timestamp,ghi
2017-01-01 00:00:00,0.0
2017-01-01 01:00:00,0.0
2017-01-01 02:00:00,0.0
2017-01-01 03:00:00,0.0
2017-01-01 04:00:00,0.0
2017-01-01 05:00:00,0.0
2017-01-01 06:00:00,36.7
2017-01-01 07:00:00,196.45
2017-01-01 08:00:00,409.08
2017-01-01 09:00:00,599.22
2017-01-01 10:00:00,725.85
2017-01-01 11:00:00,807.28
2017-01-01 12:00:00,783.72
2017-01-01 13:00:00,698.55
2017-01-01 14:00:00,548.08
2017-01-01 15:00:00,335.23
2017-01-01 16:00:00,125.75
2017-01-01 17:00:00,4.82
2017-01-01 18:00:00,0.0
2017-01-01 19:00:00,0.0
2017-01-01 20:00:00,0.0
2017-01-01 21:00:00,0.0
2017-01-01 22:00:00,0.0
2017-01-01 23:00:00,0.0
2017-01-02 00:00:00,0.0
2017-01-02 01:00:00,0.0
2017-01-02 02:00:00,0.0
2017-01-02 03:00:00,0.0
2017-01-02 04:00:00,0.0
2017-01-02 05:00:00,0.0
2017-01-02 06:00:00,51.95
2017-01-02 07:00:00,210.25
2017-01-02 08:00:00,395.83
2017-01-02 09:00:00,613.9
2017-01-02 10:00:00,756.53
2017-01-02 11:00:00,788.55
2017-01-02 12:00:00,755.1
2017-01-02 13:00:00,619.6
2017-01-02 14:00:00,500.75
2017-01-02 15:00:00,307.02
2017-01-02 16:00:00,122.62
2017-01-02 17:00:00,5.18
2017-01-02 18:00:00,0.0
2017-01-02 19:00:00,0.0
2017-01-02 20:00:00,0.0
2017-01-02 21:00:00,0.0
2017-01-02 22:00:00,0.0
2017-01-02 23:00:00,0.0
2017-01-03 00:00:00,0.0
2017-01-03 01:00:00,0.0
2017-01-03 02:00:00,0.0
2017-01-03 03:00:00,0.0
2017-01-03 04:00:00,0.0
2017-01-03 05:00:00,0.0
2017-01-03 06:00:00,51.45
2017-01-03 07:00:00,259.27
2017-01-03 08:00:00,486.58
2017-01-03 09:00:00,669.1
2017-01-03 10:00:00,794.65
2017-01-03 11:00:00,843.22
2017-01-03 12:00:00,821.8
2017-01-03 13:00:00,740.4
2017-01-03 14:00:00,573.12
2017-01-03 15:00:00,366.9
2017-01-03 16:00:00,141.07
2017-01-03 17:00:00,5.75
2017-01-03 18:00:00,0.0
2017-01-03 19:00:00,0.0
2017-01-03 20:00:00,0.0
2017-01-03 21:00:00,0.0
2017-01-03 22:00:00,0.0
2017-01-03 23:00:00,0.0
2017-01-04 00:00:00,0.0
2017-01-04 01:00:00,0.0
2017-01-04 02:00:00,0.0
2017-01-04 03:00:00,0.0
2017-01-04 04:00:00,0.0
2017-01-04 05:00:00,0.0
2017-01-04 06:00:00,49.45
2017-01-04 07:00:00,241.3
2017-01-04 08:00:00,467.73
2017-01-04 09:00:00,652.03
2017-01-04 10:00:00,778.92
2017-01-04 11:00:00,807.88
2017-01-04 12:00:00,776.5
2017-01-04 13:00:00,687.05
2017-01-04 14:00:00,530.35
2017-01-04 15:00:00,329.3
2017-01-04 16:00:00,119.8
2017-01-04 17:00:00,5.3
2017-01-04 18:00:00,0.0
2017-01-04 19:00:00,0.0
2017-01-04 20:00:00,0.0
2017-01-04 21:00:00,0.0
2017-01-04 22:00:00,0.0
2017-01-04 23:00:00,0.0
2017-01-05 00:00:00,0.0
2017-01-05 01:00:00,0.0
2017-01-05 02:00:00,0.0
2017-01-05 03:00:00,0.0
2017-01-05 04:00:00,0.0
2017-01-05 05:00:00,0.0
2017-01-05 06:00:00,44.97
2017-01-05 07:00:00,225.68
2017-01-05 08:00:00,429.02
2017-01-05 09:00:00,607.25
2017-01-05 10:00:00,732.38
2017-01-05 11:00:00,766.95
2017-01-05 12:00:00,730.25
2017-01-05 13:00:00,652.38
2017-01-05 14:00:00,492.62
2017-01-05 15:00:00,300.12
2017-01-05 16:00:00,106.93
2017-01-05 17:00:00,5.12
2017-01-05 18:00:00,0.0
2017-01-05 19:00:00,0.0
2017-01-05 20:00:00,0.0
2017-01-05 21:00:00,0.0
2017-01-05 22:00:00,0.0
2017-01-05 23:00:00,0.0
2017-01-06 00:00:00,0.0
2017-01-06 01:00:00,0.0
2017-01-06 02:00:00,0.0
2017-01-06 03:00:00,0.0
2017-01-06 04:00:00,0.0
2017-01-06 05:00:00,0.0
2017-01-06 06:00:00,36.9
2017-01-06 07:00:00,179.2
2017-01-06 08:00:00,377.5
2017-01-06 09:00:00,527.58
2017-01-06 10:00:00,661.95
2017-01-06 11:00:00,735.7
2017-01-06 12:00:00,732.05
2017-01-06 13:00:00,656.25
2017-01-06 14:00:00,502.0
2017-01-06 15:00:00,305.45
2017-01-06 16:00:00,108.22
2017-01-06 17:00:00,5.25
2017-01-06 18:00:00,0.0
2017-01-06 19:00:00,0.0
2017-01-06 20:00:00,0.0
2017-01-06 21:00:00,0.0
2017-01-06 22:00:00,0.0
2017-01-06 23:00:00,0.0
2017-01-07 00:00:00,0.0
2017-01-07 01:00:00,0.0
2017-01-07 02:00:00,0.0
2017-01-07 03:00:00,0.0
2017-01-07 04:00:00,0.0
2017-01-07 05:00:00,0.0
2017-01-07 06:00:00,42.17
2017-01-07 07:00:00,223.05
2017-01-07 08:00:00,438.7
2017-01-07 09:00:00,650.38
2017-01-07 10:00:00,742.62
2017-01-07 11:00:00,832.5
2017-01-07 12:00:00,810.42
2017-01-07 13:00:00,724.28
2017-01-07 14:00:00,566.9
2017-01-07 15:00:00,362.55
2017-01-07 16:00:00,141.77
2017-01-07 17:00:00,6.78
2017-01-07 18:00:00,0.0
2017-01-07 19:00:00,0.0
2017-01-07 20:00:00,0.0
2017-01-07 21:00:00,0.0
2017-01-07 22:00:00,0.0
2017-01-07 23:00:00,0.0
2017-01-08 00:00:00,0.0
2017-01-08 01:00:00,0.0
2017-01-08 02:00:00,0.0
2017-01-08 03:00:00,0.0
2017-01-08 04:00:00,0.0
2017-01-08 05:00:00,0.0
2017-01-08 06:00:00,52.53
2017-01-08 07:00:00,261.77
2017-01-08 08:00:00,486.95
2017-01-08 09:00:00,673.38
2017-01-08 10:00:00,804.83
2017-01-08 11:00:00,859.4
2017-01-08 12:00:00,837.8
2017-01-08 13:00:00,723.58
2017-01-08 14:00:00,585.08
2017-01-08 15:00:00,373.1
2017-01-08 16:00:00,145.0
2017-01-08 17:00:00,7.18
2017-01-08 18:00:00,0.0
2017-01-08 19:00:00,0.0
2017-01-08 20:00:00,0.0
2017-01-08 21:00:00,0.0
2017-01-08 22:00:00,0.0
2017-01-08 23:00:00,0.0
2017-01-09 00:00:00,0.0
2017-01-09 01:00:00,0.0
2017-01-09 02:00:00,0.0
2017-01-09 03:00:00,0.0
2017-01-09 04:00:00,0.0
2017-01-09 05:00:00,0.0
2017-01-09 06:00:00,51.22
2017-01-09 07:00:00,247.73
2017-01-09 08:00:00,473.25
2017-01-09 09:00:00,684.92
2017-01-09 10:00:00,813.0
2017-01-09 11:00:00,872.22
2017-01-09 12:00:00,852.75
2017-01-09 13:00:00,759.0
2017-01-09 14:00:00,601.95
2017-01-09 15:00:00,393.55
2017-01-09 16:00:00,161.95
2017-01-09 17:00:00,8.57
2017-01-09 18:00:00,0.0
2017-01-09 19:00:00,0.0
2017-01-09 20:00:00,0.0
2017-01-09 21:00:00,0.0
2017-01-09 22:00:00,0.0
2017-01-09 23:00:00,0.0
2017-01-10 00:00:00,0.0
2017-01-10 01:00:00,0.0
2017-01-10 02:00:00,0.0
2017-01-10 03:00:00,0.0
2017-01-10 04:00:00,0.0
2017-01-10 05:00:00,0.0
2017-01-10 06:00:00,51.15
2017-01-10 07:00:00,253.82
2017-01-10 08:00:00,472.92
2017-01-10 09:00:00,660.2
2017-01-10 10:00:00,745.1
2017-01-10 11:00:00,796.72
2017-01-10 12:00:00,806.3
2017-01-10 13:00:00,694.0
2017-01-10 14:00:00,557.08
2017-01-10 15:00:00,353.77
2017-01-10 16:00:00,137.15
2017-01-10 17:00:00,7.22
2017-01-10 18:00:00,0.0
2017-01-10 19:00:00,0.0
2017-01-10 20:00:00,0.0
2017-01-10 21:00:00,0.0
2017-01-10 22:00:00,0.0
2017-01-10 23:00:00,0.0
2017-01-11 00:00:00,0.0
2017-01-11 01:00:00,0.0
2017-01-11 02:00:00,0.0
2017-01-11 03:00:00,0.0
2017-01-11 04:00:00,0.0
2017-01-11 05:00:00,0.0
2017-01-11 06:00:00,37.22
2017-01-11 07:00:00,202.65
2017-01-11 08:00:00,409.15
2017-01-11 09:00:00,615.17
2017-01-11 10:00:00,731.7
2017-01-11 11:00:00,782.12
2017-01-11 12:00:00,752.15
2017-01-11 13:00:00,672.25
2017-01-11 14:00:00,524.25
2017-01-11 15:00:00,326.23
2017-01-11 16:00:00,121.53
2017-01-11 17:00:00,7.0
2017-01-11 18:00:00,0.0
2017-01-11 19:00:00,0.0
2017-01-11 20:00:00,0.0
2017-01-11 21:00:00,0.0
2017-01-11 22:00:00,0.0
2017-01-11 23:00:00,0.0
2017-01-12 00:00:00,0.0
2017-01-12 01:00:00,0.0
2017-01-12 02:00:00,0.0
2017-01-12 03:00:00,0.0
2017-01-12 04:00:00,0.0
2017-01-12 05:00:00,0.0
2017-01-12 06:00:00,35.03
2017-01-12 07:00:00,183.27
2017-01-12 08:00:00,389.17
2017-01-12 09:00:00,571.55
2017-01-12 10:00:00,727.22
2017-01-12 11:00:00,758.78
2017-01-12 12:00:00,736.75
2017-01-12 13:00:00,628.3
2017-01-12 14:00:00,495.62
2017-01-12 15:00:00,304.23
2017-01-12 16:00:00,111.2
2017-01-12 17:00:00,6.93
2017-01-12 18:00:00,0.0
2017-01-12 19:00:00,0.0
2017-01-12 20:00:00,0.0
2017-01-12 21:00:00,0.0
2017-01-12 22:00:00,0.0
2017-01-12 23:00:00,0.0
2017-01-13 00:00:00,0.0
2017-01-13 01:00:00,0.0
2017-01-13 02:00:00,0.0
2017-01-13 03:00:00,0.0
2017-01-13 04:00:00,0.0
2017-01-13 05:00:00,0.0
2017-01-13 06:00:00,32.83
2017-01-13 07:00:00,181.32
2017-01-13 08:00:00,381.8
2017-01-13 09:00:00,554.42
2017-01-13 10:00:00,640.75
2017-01-13 11:00:00,761.8
2017-01-13 12:00:00,697.35
2017-01-13 13:00:00,668.85
2017-01-13 14:00:00,526.67
2017-01-13 15:00:00,327.77
2017-01-13 16:00:00,123.43
2017-01-13 17:00:00,7.57
2017-01-13 18:00:00,0.0
2017-01-13 19:00:00,0.0
2017-01-13 20:00:00,0.0
2017-01-13 21:00:00,0.0
2017-01-13 22:00:00,0.0
2017-01-13 23:00:00,0.0
2017-01-14 00:00:00,0.0
2017-01-14 01:00:00,0.0
2017-01-14 02:00:00,0.0
2017-01-14 03:00:00,0.0
2017-01-14 04:00:00,0.0
2017-01-14 05:00:00,0.0
2017-01-14 06:00:00,36.35
2017-01-14 07:00:00,204.15
2017-01-14 08:00:00,416.02
2017-01-14 09:00:00,597.33
2017-01-14 10:00:00,732.67
2017-01-14 11:00:00,813.55
2017-01-14 12:00:00,800.47
2017-01-14 13:00:00,732.1
2017-01-14 14:00:00,541.85
2017-01-14 15:00:00,344.17
2017-01-14 16:00:00,132.48
2017-01-14 17:00:00,8.05
2017-01-14 18:00:00,0.0
2017-01-14 19:00:00,0.0
2017-01-14 20:00:00,0.0
2017-01-14 21:00:00,0.0
2017-01-14 22:00:00,0.0
2017-01-14 23:00:00,0.0
2017-01-15 00:00:00,0.0
2017-01-15 01:00:00,0.0
2017-01-15 02:00:00,0.0
2017-01-15 03:00:00,0.0
2017-01-15 04:00:00,0.0
2017-01-15 05:00:00,0.0
2017-01-15 06:00:00,31.1
2017-01-15 07:00:00,165.8
2017-01-15 08:00:00,368.98
2017-01-15 09:00:00,538.7
2017-01-15 10:00:00,640.08
2017-01-15 11:00:00,673.33
2017-01-15 12:00:00,658.97
2017-01-15 13:00:00,503.27
2017-01-15 14:00:00,430.02
2017-01-15 15:00:00,269.1
2017-01-15 16:00:00,110.07
2017-01-15 17:00:00,8.0
2017-01-15 18:00:00,0.0
2017-01-15 19:00:00,0.0
2017-01-15 20:00:00,0.0
2017-01-15 21:00:00,0.0
2017-01-15 22:00:00,0.0
2017-01-15 23:00:00,0.0
2017-01-16 00:00:00,0.0
2017-01-16 01:00:00,0.0
2017-01-16 02:00:00,0.0
2017-01-16 03:00:00,0.0
2017-01-16 04:00:00,0.0
2017-01-16 05:00:00,0.0
2017-01-16 06:00:00,34.35
2017-01-16 07:00:00,182.07
2017-01-16 08:00:00,386.92
2017-01-16 09:00:00,615.0
2017-01-16 10:00:00,735.15
2017-01-16 11:00:00,781.95
2017-01-16 12:00:00,791.42
2017-01-16 13:00:00,649.62
2017-01-16 14:00:00,539.25
2017-01-16 15:00:00,337.88
2017-01-16 16:00:00,128.52
2017-01-16 17:00:00,8.4
2017-01-16 18:00:00,0.0
2017-01-16 19:00:00,0.0
2017-01-16 20:00:00,0.0
2017-01-16 21:00:00,0.0
2017-01-16 22:00:00,0.0
2017-01-16 23:00:00,0.0
2017-01-17 00:00:00,0.0
2017-01-17 01:00:00,0.0
2017-01-17 02:00:00,0.0
2017-01-17 03:00:00,0.0
2017-01-17 04:00:00,0.0
2017-01-17 05:00:00,0.0
2017-01-17 06:00:00,37.08
2017-01-17 07:00:00,209.05
2017-01-17 08:00:00,429.27
2017-01-17 09:00:00,620.65
2017-01-17 10:00:00,739.67
2017-01-17 11:00:00,831.62
2017-01-17 12:00:00,815.05
2017-01-17 13:00:00,744.58
2017-01-17 14:00:00,588.03
2017-01-17 15:00:00,383.7
2017-01-17 16:00:00,159.1
2017-01-17 17:00:00,10.07
2017-01-17 18:00:00,0.0
2017-01-17 19:00:00,0.0
2017-01-17 20:00:00,0.0
2017-01-17 21:00:00,0.0
2017-01-17 22:00:00,0.0
2017-01-17 23:00:00,0.0
2017-01-18 00:00:00,0.0
2017-01-18 01:00:00,0.0
2017-01-18 02:00:00,0.0
2017-01-18 03:00:00,0.0
2017-01-18 04:00:00,0.0
2017-01-18 05:00:00,0.0
2017-01-18 06:00:00,38.1
2017-01-18 07:00:00,194.43
2017-01-18 08:00:00,406.02
2017-01-18 09:00:00,614.35
2017-01-18 10:00:00,601.97
2017-01-18 11:00:00,692.72
2017-01-18 12:00:00,773.62
2017-01-18 13:00:00,701.83
2017-01-18 14:00:00,573.72
2017-01-18 15:00:00,363.2
2017-01-18 16:00:00,145.93
2017-01-18 17:00:00,10.23
2017-01-18 18:00:00,0.0
2017-01-18 19:00:00,0.0
2017-01-18 20:00:00,0.0
2017-01-18 21:00:00,0.0
2017-01-18 22:00:00,0.0
2017-01-18 23:00:00,0.0
2017-01-19 00:00:00,0.0
2017-01-19 01:00:00,0.0
2017-01-19 02:00:00,0.0
2017-01-19 03:00:00,0.0
2017-01-19 04:00:00,0.0
2017-01-19 05:00:00,0.0
2017-01-19 06:00:00,35.28
2017-01-19 07:00:00,200.23
2017-01-19 08:00:00,425.65
2017-01-19 09:00:00,605.17
2017-01-19 10:00:00,718.42
2017-01-19 11:00:00,778.47
2017-01-19 12:00:00,728.5
2017-01-19 13:00:00,618.83
2017-01-19 14:00:00,452.4
2017-01-19 15:00:00,258.73
2017-01-19 16:00:00,109.38
2017-01-19 17:00:00,8.88
2017-01-19 18:00:00,0.0
2017-01-19 19:00:00,0.0
2017-01-19 20:00:00,0.0
2017-01-19 21:00:00,0.0
2017-01-19 22:00:00,0.0
2017-01-19 23:00:00,0.0
2017-01-20 00:00:00,0.0
2017-01-20 01:00:00,0.0
2017-01-20 02:00:00,0.0
2017-01-20 03:00:00,0.0
2017-01-20 04:00:00,0.0
2017-01-20 05:00:00,0.0
2017-01-20 06:00:00,22.75
2017-01-20 07:00:00,122.7
2017-01-20 08:00:00,246.12
2017-01-20 09:00:00,352.67
2017-01-20 10:00:00,434.2
2017-01-20 11:00:00,578.47
2017-01-20 12:00:00,505.6
2017-01-20 13:00:00,419.1
2017-01-20 14:00:00,317.15
2017-01-20 15:00:00,177.18
2017-01-20 16:00:00,58.28
2017-01-20 17:00:00,5.22
2017-01-20 18:00:00,0.0
2017-01-20 19:00:00,0.0
2017-01-20 20:00:00,0.0
2017-01-20 21:00:00,0.0
2017-01-20 22:00:00,0.0
2017-01-20 23:00:00,0.0
2017-01-21 00:00:00,0.0
2017-01-21 01:00:00,0.0
2017-01-21 02:00:00,0.0
2017-01-21 03:00:00,0.0
2017-01-21 04:00:00,0.0
2017-01-21 05:00:00,0.0
2017-01-21 06:00:00,25.92
2017-01-21 07:00:00,157.12
2017-01-21 08:00:00,341.02
2017-01-21 09:00:00,540.7
2017-01-21 10:00:00,598.75
2017-01-21 11:00:00,700.53
2017-01-21 12:00:00,713.67
2017-01-21 13:00:00,571.47
2017-01-21 14:00:00,496.8
2017-01-21 15:00:00,297.95
2017-01-21 16:00:00,119.22
2017-01-21 17:00:00,10.27
2017-01-21 18:00:00,0.0
2017-01-21 19:00:00,0.0
2017-01-21 20:00:00,0.0
2017-01-21 21:00:00,0.0
2017-01-21 22:00:00,0.0
2017-01-21 23:00:00,0.0
2017-01-22 00:00:00,0.0
2017-01-22 01:00:00,0.0
2017-01-22 02:00:00,0.0
2017-01-22 03:00:00,0.0
2017-01-22 04:00:00,0.0
2017-01-22 05:00:00,0.0
2017-01-22 06:00:00,42.08
2017-01-22 07:00:00,225.82
2017-01-22 08:00:00,429.92
2017-01-22 09:00:00,621.3
2017-01-22 10:00:00,730.47
2017-01-22 11:00:00,809.55
2017-01-22 12:00:00,794.5
2017-01-22 13:00:00,705.83
2017-01-22 14:00:00,558.92
2017-01-22 15:00:00,363.0
2017-01-22 16:00:00,148.68
2017-01-22 17:00:00,11.27
2017-01-22 18:00:00,0.0
2017-01-22 19:00:00,0.0
2017-01-22 20:00:00,0.0
2017-01-22 21:00:00,0.0
2017-01-22 22:00:00,0.0
2017-01-22 23:00:00,0.0
2017-01-23 00:00:00,0.0
2017-01-23 01:00:00,0.0
2017-01-23 02:00:00,0.0
2017-01-23 03:00:00,0.0
2017-01-23 04:00:00,0.0
2017-01-23 05:00:00,0.0
2017-01-23 06:00:00,36.17
2017-01-23 07:00:00,178.4
2017-01-23 08:00:00,374.92
2017-01-23 09:00:00,623.42
2017-01-23 10:00:00,742.28
2017-01-23 11:00:00,854.92
2017-01-23 12:00:00,846.67
2017-01-23 13:00:00,754.95
2017-01-23 14:00:00,599.65
2017-01-23 15:00:00,386.12
2017-01-23 16:00:00,160.2
2017-01-23 17:00:00,12.95
2017-01-23 18:00:00,0.0
2017-01-23 19:00:00,0.0
2017-01-23 20:00:00,0.0
2017-01-23 21:00:00,0.0
2017-01-23 22:00:00,0.0
2017-01-23 23:00:00,0.0
2017-01-24 00:00:00,0.0
2017-01-24 01:00:00,0.0
2017-01-24 02:00:00,0.0
2017-01-24 03:00:00,0.0
2017-01-24 04:00:00,0.0
2017-01-24 05:00:00,0.0
2017-01-24 06:00:00,40.3
2017-01-24 07:00:00,205.4
2017-01-24 08:00:00,416.38
2017-01-24 09:00:00,630.05
2017-01-24 10:00:00,770.78
2017-01-24 11:00:00,830.45
2017-01-24 12:00:00,826.15
2017-01-24 13:00:00,753.17
2017-01-24 14:00:00,581.42
2017-01-24 15:00:00,376.25
2017-01-24 16:00:00,157.5
2017-01-24 17:00:00,12.15
2017-01-24 18:00:00,0.0
2017-01-24 19:00:00,0.0
2017-01-24 20:00:00,0.0
2017-01-24 21:00:00,0.0
2017-01-24 22:00:00,0.0
2017-01-24 23:00:00,0.0
2017-01-25 00:00:00,0.0
2017-01-25 01:00:00,0.0
2017-01-25 02:00:00,0.0
2017-01-25 03:00:00,0.0
2017-01-25 04:00:00,0.0
2017-01-25 05:00:00,0.0
2017-01-25 06:00:00,36.55
2017-01-25 07:00:00,177.7
2017-01-25 08:00:00,364.12
2017-01-25 09:00:00,517.1
2017-01-25 10:00:00,618.62
2017-01-25 11:00:00,759.95
2017-01-25 12:00:00,764.72
2017-01-25 13:00:00,588.5
2017-01-25 14:00:00,530.62
2017-01-25 15:00:00,323.1
2017-01-25 16:00:00,131.23
2017-01-25 17:00:00,11.02
2017-01-25 18:00:00,0.0
2017-01-25 19:00:00,0.0
2017-01-25 20:00:00,0.0
2017-01-25 21:00:00,0.0
2017-01-25 22:00:00,0.0
2017-01-25 23:00:00,0.0
2017-01-26 00:00:00,0.0
2017-01-26 01:00:00,0.0
2017-01-26 02:00:00,0.0
2017-01-26 03:00:00,0.0
2017-01-26 04:00:00,0.0
2017-01-26 05:00:00,0.0
2017-01-26 06:00:00,26.17
2017-01-26 07:00:00,120.45
2017-01-26 08:00:00,248.1
2017-01-26 09:00:00,384.0
2017-01-26 10:00:00,544.05
2017-01-26 11:00:00,513.55
2017-01-26 12:00:00,503.73
2017-01-26 13:00:00,425.7
2017-01-26 14:00:00,265.45
2017-01-26 15:00:00,178.55
2017-01-26 16:00:00,83.68
2017-01-26 17:00:00,5.85
2017-01-26 18:00:00,0.0
2017-01-26 19:00:00,0.0
2017-01-26 20:00:00,0.0
2017-01-26 21:00:00,0.0
2017-01-26 22:00:00,0.0
2017-01-26 23:00:00,0.0
2017-01-27 00:00:00,0.0
2017-01-27 01:00:00,0.0
2017-01-27 02:00:00,0.0
2017-01-27 03:00:00,0.0
2017-01-27 04:00:00,0.0
2017-01-27 05:00:00,0.0
2017-01-27 06:00:00,24.95
2017-01-27 07:00:00,135.45
2017-01-27 08:00:00,274.92
2017-01-27 09:00:00,292.7
2017-01-27 10:00:00,447.98
2017-01-27 11:00:00,489.0
2017-01-27 12:00:00,468.55
2017-01-27 13:00:00,418.0
2017-01-27 14:00:00,375.2
2017-01-27 15:00:00,210.2
2017-01-27 16:00:00,74.62
2017-01-27 17:00:00,7.2
2017-01-27 18:00:00,0.0
2017-01-27 19:00:00,0.0
2017-01-27 20:00:00,0.0
2017-01-27 21:00:00,0.0
2017-01-27 22:00:00,0.0
2017-01-27 23:00:00,0.0
2017-01-28 00:00:00,0.0
2017-01-28 01:00:00,0.0
2017-01-28 02:00:00,0.0
2017-01-28 03:00:00,0.0
2017-01-28 04:00:00,0.0
2017-01-28 05:00:00,0.0
2017-01-28 06:00:00,34.55
2017-01-28 07:00:00,201.48
2017-01-28 08:00:00,401.25
2017-01-28 09:00:00,498.77
2017-01-28 10:00:00,462.8
2017-01-28 11:00:00,562.65
2017-01-28 12:00:00,499.45
2017-01-28 13:00:00,503.35
2017-01-28 14:00:00,435.42
2017-01-28 15:00:00,268.05
2017-01-28 16:00:00,122.0
2017-01-28 17:00:00,13.43
2017-01-28 18:00:00,0.0
2017-01-28 19:00:00,0.0
2017-01-28 20:00:00,0.0
2017-01-28 21:00:00,0.0
2017-01-28 22:00:00,0.0
2017-01-28 23:00:00,0.0
2017-01-29 00:00:00,0.0
2017-01-29 01:00:00,0.0
2017-01-29 02:00:00,0.0
2017-01-29 03:00:00,0.0
2017-01-29 04:00:00,0.0
2017-01-29 05:00:00,0.0
2017-01-29 06:00:00,45.97
2017-01-29 07:00:00,239.95
2017-01-29 08:00:00,452.8
2017-01-29 09:00:00,639.53
2017-01-29 10:00:00,740.55
2017-01-29 11:00:00,821.85
2017-01-29 12:00:00,808.3
2017-01-29 13:00:00,701.35
2017-01-29 14:00:00,572.62
2017-01-29 15:00:00,381.15
2017-01-29 16:00:00,174.27
2017-01-29 17:00:00,16.67
2017-01-29 18:00:00,0.0
2017-01-29 19:00:00,0.0
2017-01-29 20:00:00,0.0
2017-01-29 21:00:00,0.0
2017-01-29 22:00:00,0.0
2017-01-29 23:00:00,0.0
2017-01-30 00:00:00,0.0
2017-01-30 01:00:00,0.0
2017-01-30 02:00:00,0.0
2017-01-30 03:00:00,0.0
2017-01-30 04:00:00,0.0
2017-01-30 05:00:00,0.0
2017-01-30 06:00:00,41.83
2017-01-30 07:00:00,228.55
2017-01-30 08:00:00,443.8
2017-01-30 09:00:00,644.28
2017-01-30 10:00:00,793.38
2017-01-30 11:00:00,871.15
2017-01-30 12:00:00,851.67
2017-01-30 13:00:00,781.5
2017-01-30 14:00:00,615.0
2017-01-30 15:00:00,405.58
2017-01-30 16:00:00,176.68
2017-01-30 17:00:00,14.82
2017-01-30 18:00:00,0.0
2017-01-30 19:00:00,0.0
2017-01-30 20:00:00,0.0
2017-01-30 21:00:00,0.0
2017-01-30 22:00:00,0.0
2017-01-30 23:00:00,0.0
2017-01-31 00:00:00,0.0
2017-01-31 01:00:00,0.0
2017-01-31 02:00:00,0.0
2017-01-31 03:00:00,0.0
2017-01-31 04:00:00,0.0
2017-01-31 05:00:00,0.0
2017-01-31 06:00:00,43.92
2017-01-31 07:00:00,244.3
2017-01-31 08:00:00,479.5
2017-01-31 09:00:00,676.95
2017-01-31 10:00:00,814.83
2017-01-31 11:00:00,878.35
2017-01-31 12:00:00,868.55
2017-01-31 13:00:00,779.7
2017-01-31 14:00:00,624.45
2017-01-31 15:00:00,410.48
2017-01-31 16:00:00,176.77
2017-01-31 17:00:00,15.6
2017-01-31 18:00:00,0.0
2017-01-31 19:00:00,0.0
2017-01-31 20:00:00,0.0
2017-01-31 21:00:00,0.0
2017-01-31 22:00:00,0.0
2017-01-31 23:00:00,0.0
2017-02-01 00:00:00,0.0
2017-02-01 01:00:00,0.0
2017-02-01 02:00:00,0.0
2017-02-01 03:00:00,0.0
2017-02-01 04:00:00,0.0
2017-02-01 05:00:00,0.0
2017-02-01 06:00:00,44.88
2017-02-01 07:00:00,243.1
2017-02-01 08:00:00,465.0
2017-02-01 09:00:00,679.3
2017-02-01 10:00:00,829.72
2017-02-01 11:00:00,904.38
2017-02-01 12:00:00,898.22
2017-02-01 13:00:00,819.47
2017-02-01 14:00:00,663.8
2017-02-01 15:00:00,450.75
2017-02-01 16:00:00,207.68
2017-02-01 17:00:00,18.38
2017-02-01 18:00:00,0.0
2017-02-01 19:00:00,0.0
2017-02-01 20:00:00,0.0
2017-02-01 21:00:00,0.0
2017-02-01 22:00:00,0.0
2017-02-01 23:00:00,0.0
2017-02-02 00:00:00,0.0
2017-02-02 01:00:00,0.0
2017-02-02 02:00:00,0.0
2017-02-02 03:00:00,0.0
2017-02-02 04:00:00,0.0
2017-02-02 05:00:00,0.0
2017-02-02 06:00:00,45.83
2017-02-02 07:00:00,239.02
2017-02-02 08:00:00,449.48
2017-02-02 09:00:00,662.45
2017-02-02 10:00:00,794.5
2017-02-02 11:00:00,750.17
2017-02-02 12:00:00,822.05
2017-02-02 13:00:00,826.3
2017-02-02 14:00:00,672.88
2017-02-02 15:00:00,460.08
2017-02-02 16:00:00,217.3
2017-02-02 17:00:00,21.2
2017-02-02 18:00:00,0.0
2017-02-02 19:00:00,0.0
2017-02-02 20:00:00,0.0
2017-02-02 21:00:00,0.0
2017-02-02 22:00:00,0.0
2017-02-02 23:00:00,0.0
2017-02-03 00:00:00,0.0
2017-02-03 01:00:00,0.0
2017-02-03 02:00:00,0.0
2017-02-03 03:00:00,0.0
2017-02-03 04:00:00,0.0
2017-02-03 05:00:00,0.0
2017-02-03 06:00:00,44.6
2017-02-03 07:00:00,224.77
2017-02-03 08:00:00,426.02
2017-02-03 09:00:00,643.62
2017-02-03 10:00:00,797.25
2017-02-03 11:00:00,753.67
2017-02-03 12:00:00,840.95
2017-02-03 13:00:00,780.6
2017-02-03 14:00:00,622.28
2017-02-03 15:00:00,415.45
2017-02-03 16:00:00,187.82
2017-02-03 17:00:00,18.08
2017-02-03 18:00:00,0.0
2017-02-03 19:00:00,0.0
2017-02-03 20:00:00,0.0
2017-02-03 21:00:00,0.0
2017-02-03 22:00:00,0.0
2017-02-03 23:00:00,0.0
2017-02-04 00:00:00,0.0
2017-02-04 01:00:00,0.0
2017-02-04 02:00:00,0.0
2017-02-04 03:00:00,0.0
2017-02-04 04:00:00,0.0
2017-02-04 05:00:00,0.0
2017-02-04 06:00:00,41.88
2017-02-04 07:00:00,223.38
2017-02-04 08:00:00,435.27
2017-02-04 09:00:00,636.97
2017-02-04 10:00:00,798.83
2017-02-04 11:00:00,850.42
2017-02-04 12:00:00,851.3
2017-02-04 13:00:00,770.03
2017-02-04 14:00:00,626.0
2017-02-04 15:00:00,417.25
2017-02-04 16:00:00,183.45
2017-02-04 17:00:00,14.82
2017-02-04 18:00:00,0.0
2017-02-04 19:00:00,0.0
2017-02-04 20:00:00,0.0
2017-02-04 21:00:00,0.0
2017-02-04 22:00:00,0.0
2017-02-04 23:00:00,0.0
2017-02-05 00:00:00,0.0
2017-02-05 01:00:00,0.0
2017-02-05 02:00:00,0.0
2017-02-05 03:00:00,0.0
2017-02-05 04:00:00,0.0
2017-02-05 05:00:00,0.0
2017-02-05 06:00:00,36.85
2017-02-05 07:00:00,208.52
2017-02-05 08:00:00,423.58
2017-02-05 09:00:00,637.5
2017-02-05 10:00:00,783.47
2017-02-05 11:00:00,885.92
2017-02-05 12:00:00,851.95
2017-02-05 13:00:00,791.22
2017-02-05 14:00:00,645.95
2017-02-05 15:00:00,430.75
2017-02-05 16:00:00,185.32
2017-02-05 17:00:00,17.92
2017-02-05 18:00:00,0.0
2017-02-05 19:00:00,0.0
2017-02-05 20:00:00,0.0
2017-02-05 21:00:00,0.0
2017-02-05 22:00:00,0.0
2017-02-05 23:00:00,0.0
2017-02-06 00:00:00,0.0
2017-02-06 01:00:00,0.0
2017-02-06 02:00:00,0.0
2017-02-06 03:00:00,0.0
2017-02-06 04:00:00,0.0
2017-02-06 05:00:00,0.0
2017-02-06 06:00:00,52.47
2017-02-06 07:00:00,263.92
2017-02-06 08:00:00,497.38
2017-02-06 09:00:00,642.97
2017-02-06 10:00:00,829.65
2017-02-06 11:00:00,904.28
2017-02-06 12:00:00,898.25
2017-02-06 13:00:00,808.83
2017-02-06 14:00:00,659.65
2017-02-06 15:00:00,445.6
2017-02-06 16:00:00,204.07
2017-02-06 17:00:00,18.45
2017-02-06 18:00:00,0.0
2017-02-06 19:00:00,0.0
2017-02-06 20:00:00,0.0
2017-02-06 21:00:00,0.0
2017-02-06 22:00:00,0.0
2017-02-06 23:00:00,0.0
2017-02-07 00:00:00,0.0
2017-02-07 01:00:00,0.0
2017-02-07 02:00:00,0.0
2017-02-07 03:00:00,0.0
2017-02-07 04:00:00,0.0
2017-02-07 05:00:00,0.0
2017-02-07 06:00:00,53.53
2017-02-07 07:00:00,276.02
2017-02-07 08:00:00,505.75
2017-02-07 09:00:00,725.35
2017-02-07 10:00:00,661.15
2017-02-07 11:00:00,863.75
2017-02-07 12:00:00,859.97
2017-02-07 13:00:00,778.12
2017-02-07 14:00:00,626.65
2017-02-07 15:00:00,416.65
2017-02-07 16:00:00,183.02
2017-02-07 17:00:00,15.88
2017-02-07 18:00:00,0.0
2017-02-07 19:00:00,0.0
2017-02-07 20:00:00,0.0
2017-02-07 21:00:00,0.0
2017-02-07 22:00:00,0.0
2017-02-07 23:00:00,0.0
2017-02-08 00:00:00,0.0
2017-02-08 01:00:00,0.0
2017-02-08 02:00:00,0.0
2017-02-08 03:00:00,0.0
2017-02-08 04:00:00,0.0
2017-02-08 05:00:00,0.0
2017-02-08 06:00:00,35.75
2017-02-08 07:00:00,222.48
2017-02-08 08:00:00,376.8
2017-02-08 09:00:00,696.28
2017-02-08 10:00:00,859.8
2017-02-08 11:00:00,920.6
2017-02-08 12:00:00,917.35
2017-02-08 13:00:00,829.65
2017-02-08 14:00:00,675.8
2017-02-08 15:00:00,458.42
2017-02-08 16:00:00,213.5
2017-02-08 17:00:00,20.08
2017-02-08 18:00:00,0.0
2017-02-08 19:00:00,0.0
2017-02-08 20:00:00,0.0
2017-02-08 21:00:00,0.0
2017-02-08 22:00:00,0.0
2017-02-08 23:00:00,0.0
2017-02-09 00:00:00,0.0
2017-02-09 01:00:00,0.0
2017-02-09 02:00:00,0.0
2017-02-09 03:00:00,0.0
2017-02-09 04:00:00,0.0
2017-02-09 05:00:00,0.0
2017-02-09 06:00:00,50.7
2017-02-09 07:00:00,238.93
2017-02-09 08:00:00,440.2
2017-02-09 09:00:00,657.67
2017-02-09 10:00:00,795.53
2017-02-09 11:00:00,873.1
2017-02-09 12:00:00,849.88
2017-02-09 13:00:00,789.58
2017-02-09 14:00:00,634.33
2017-02-09 15:00:00,423.85
2017-02-09 16:00:00,184.4
2017-02-09 17:00:00,15.25
2017-02-09 18:00:00,0.0
2017-02-09 19:00:00,0.0
2017-02-09 20:00:00,0.0
2017-02-09 21:00:00,0.0
2017-02-09 22:00:00,0.0
2017-02-09 23:00:00,0.0
2017-02-10 00:00:00,0.0
2017-02-10 01:00:00,0.0
2017-02-10 02:00:00,0.0
2017-02-10 03:00:00,0.0
2017-02-10 04:00:00,0.0
2017-02-10 05:00:00,0.0
2017-02-10 06:00:00,47.0
2017-02-10 07:00:00,234.82
2017-02-10 08:00:00,449.12
2017-02-10 09:00:00,681.33
2017-02-10 10:00:00,841.38
2017-02-10 11:00:00,855.4
2017-02-10 12:00:00,874.75
2017-02-10 13:00:00,804.15
2017-02-10 14:00:00,652.65
2017-02-10 15:00:00,440.3
2017-02-10 16:00:00,201.32
2017-02-10 17:00:00,18.62
2017-02-10 18:00:00,0.0
2017-02-10 19:00:00,0.0
2017-02-10 20:00:00,0.0
2017-02-10 21:00:00,0.0
2017-02-10 22:00:00,0.0
2017-02-10 23:00:00,0.0
2017-02-11 00:00:00,0.0
2017-02-11 01:00:00,0.0
2017-02-11 02:00:00,0.0
2017-02-11 03:00:00,0.0
2017-02-11 04:00:00,0.0
2017-02-11 05:00:00,0.0
2017-02-11 06:00:00,47.88
2017-02-11 07:00:00,240.6
2017-02-11 08:00:00,461.27
2017-02-11 09:00:00,684.42
2017-02-11 10:00:00,813.47
2017-02-11 11:00:00,916.03
2017-02-11 12:00:00,903.4
2017-02-11 13:00:00,822.9
2017-02-11 14:00:00,664.35
2017-02-11 15:00:00,450.6
2017-02-11 16:00:00,209.52
2017-02-11 17:00:00,21.2
2017-02-11 18:00:00,0.0
2017-02-11 19:00:00,0.0
2017-02-11 20:00:00,0.0
2017-02-11 21:00:00,0.0
2017-02-11 22:00:00,0.0
2017-02-11 23:00:00,0.0
2017-02-12 00:00:00,0.0
2017-02-12 01:00:00,0.0
2017-02-12 02:00:00,0.0
2017-02-12 03:00:00,0.0
2017-02-12 04:00:00,0.0
2017-02-12 05:00:00,0.0
2017-02-12 06:00:00,47.0
2017-02-12 07:00:00,218.6
2017-02-12 08:00:00,417.98
2017-02-12 09:00:00,654.22
2017-02-12 10:00:00,797.05
2017-02-12 11:00:00,914.25
2017-02-12 12:00:00,896.3
2017-02-12 13:00:00,819.33
2017-02-12 14:00:00,666.2
2017-02-12 15:00:00,460.52
2017-02-12 16:00:00,215.75
2017-02-12 17:00:00,22.48
2017-02-12 18:00:00,0.0
2017-02-12 19:00:00,0.0
2017-02-12 20:00:00,0.0
2017-02-12 21:00:00,0.0
2017-02-12 22:00:00,0.0
2017-02-12 23:00:00,0.0
2017-02-13 00:00:00,0.0
2017-02-13 01:00:00,0.0
2017-02-13 02:00:00,0.0
2017-02-13 03:00:00,0.0
2017-02-13 04:00:00,0.0
2017-02-13 05:00:00,0.0
2017-02-13 06:00:00,54.55
2017-02-13 07:00:00,270.3
2017-02-13 08:00:00,506.45
2017-02-13 09:00:00,694.65
2017-02-13 10:00:00,841.65
2017-02-13 11:00:00,843.55
2017-02-13 12:00:00,895.12
2017-02-13 13:00:00,807.88
2017-02-13 14:00:00,640.15
2017-02-13 15:00:00,264.9
2017-02-13 16:00:00,117.65
2017-02-13 17:00:00,23.33
2017-02-13 18:00:00,0.0
2017-02-13 19:00:00,0.0
2017-02-13 20:00:00,0.0
2017-02-13 21:00:00,0.0
2017-02-13 22:00:00,0.0
2017-02-13 23:00:00,0.0
2017-02-14 00:00:00,0.0
2017-02-14 01:00:00,0.0
2017-02-14 02:00:00,0.0
2017-02-14 03:00:00,0.0
2017-02-14 04:00:00,0.0
2017-02-14 05:00:00,0.0
2017-02-14 06:00:00,44.22
2017-02-14 07:00:00,223.15
2017-02-14 08:00:00,439.65
2017-02-14 09:00:00,639.28
2017-02-14 10:00:00,796.15
2017-02-14 11:00:00,895.47
2017-02-14 12:00:00,866.62
2017-02-14 13:00:00,758.83
2017-02-14 14:00:00,547.42
2017-02-14 15:00:00,349.95
2017-02-14 16:00:00,155.93
2017-02-14 17:00:00,17.12
2017-02-14 18:00:00,0.0
2017-02-14 19:00:00,0.0
2017-02-14 20:00:00,0.0
2017-02-14 21:00:00,0.0
2017-02-14 22:00:00,0.0
2017-02-14 23:00:00,0.0
2017-02-15 00:00:00,0.0
2017-02-15 01:00:00,0.0
2017-02-15 02:00:00,0.0
2017-02-15 03:00:00,0.0
2017-02-15 04:00:00,0.0
2017-02-15 05:00:00,0.0
2017-02-15 06:00:00,55.95
2017-02-15 07:00:00,263.0
2017-02-15 08:00:00,483.62
2017-02-15 09:00:00,683.75
2017-02-15 10:00:00,833.67
2017-02-15 11:00:00,897.28
2017-02-15 12:00:00,860.0
2017-02-15 13:00:00,792.0
2017-02-15 14:00:00,644.25
2017-02-15 15:00:00,439.45
2017-02-15 16:00:00,203.25
2017-02-15 17:00:00,20.0
2017-02-15 18:00:00,0.0
2017-02-15 19:00:00,0.0
2017-02-15 20:00:00,0.0
2017-02-15 21:00:00,0.0
2017-02-15 22:00:00,0.0
2017-02-15 23:00:00,0.0
2017-02-16 00:00:00,0.0
2017-02-16 01:00:00,0.0
2017-02-16 02:00:00,0.0
2017-02-16 03:00:00,0.0
2017-02-16 04:00:00,0.0
2017-02-16 05:00:00,0.0
2017-02-16 06:00:00,34.1
2017-02-16 07:00:00,234.32
2017-02-16 08:00:00,452.48
2017-02-16 09:00:00,704.62
2017-02-16 10:00:00,846.03
2017-02-16 11:00:00,920.38
2017-02-16 12:00:00,864.28
2017-02-16 13:00:00,753.92
2017-02-16 14:00:00,628.75
2017-02-16 15:00:00,418.83
2017-02-16 16:00:00,188.18
2017-02-16 17:00:00,17.52
2017-02-16 18:00:00,0.0
2017-02-16 19:00:00,0.0
2017-02-16 20:00:00,0.0
2017-02-16 21:00:00,0.0
2017-02-16 22:00:00,0.0
2017-02-16 23:00:00,0.0
2017-02-17 00:00:00,0.0
2017-02-17 01:00:00,0.0
2017-02-17 02:00:00,0.0
2017-02-17 03:00:00,0.0
2017-02-17 04:00:00,0.0
2017-02-17 05:00:00,0.0
2017-02-17 06:00:00,56.85
2017-02-17 07:00:00,262.58
2017-02-17 08:00:00,484.52
2017-02-17 09:00:00,705.0
2017-02-17 10:00:00,794.25
2017-02-17 11:00:00,934.9
2017-02-17 12:00:00,929.15
2017-02-17 13:00:00,835.38
2017-02-17 14:00:00,669.75
2017-02-17 15:00:00,443.0
2017-02-17 16:00:00,203.7
2017-02-17 17:00:00,19.5
2017-02-17 18:00:00,0.0
2017-02-17 19:00:00,0.0
2017-02-17 20:00:00,0.0
2017-02-17 21:00:00,0.0
2017-02-17 22:00:00,0.0
2017-02-17 23:00:00,0.0
2017-02-18 00:00:00,0.0
2017-02-18 01:00:00,0.0
2017-02-18 02:00:00,0.0
2017-02-18 03:00:00,0.0
2017-02-18 04:00:00,0.0
2017-02-18 05:00:00,0.0
2017-02-18 06:00:00,54.15
2017-02-18 07:00:00,262.48
2017-02-18 08:00:00,494.52
2017-02-18 09:00:00,709.83
2017-02-18 10:00:00,840.17
2017-02-18 11:00:00,946.22
2017-02-18 12:00:00,875.97
2017-02-18 13:00:00,855.45
2017-02-18 14:00:00,696.62
2017-02-18 15:00:00,432.83
2017-02-18 16:00:00,212.73
2017-02-18 17:00:00,23.0
2017-02-18 18:00:00,0.0
2017-02-18 19:00:00,0.0
2017-02-18 20:00:00,0.0
2017-02-18 21:00:00,0.0
2017-02-18 22:00:00,0.0
2017-02-18 23:00:00,0.0
2017-02-19 00:00:00,0.0
2017-02-19 01:00:00,0.0
2017-02-19 02:00:00,0.0
2017-02-19 03:00:00,0.0
2017-02-19 04:00:00,0.0
2017-02-19 05:00:00,0.0
2017-02-19 06:00:00,66.68
2017-02-19 07:00:00,284.02
2017-02-19 08:00:00,527.3
2017-02-19 09:00:00,751.83
2017-02-19 10:00:00,791.53
2017-02-19 11:00:00,945.42
2017-02-19 12:00:00,929.67
2017-02-19 13:00:00,812.85
2017-02-19 14:00:00,660.9
2017-02-19 15:00:00,469.73
2017-02-19 16:00:00,221.93
2017-02-19 17:00:00,27.05
2017-02-19 18:00:00,0.0
2017-02-19 19:00:00,0.0
2017-02-19 20:00:00,0.0
2017-02-19 21:00:00,0.0
2017-02-19 22:00:00,0.0
2017-02-19 23:00:00,0.0
2017-02-20 00:00:00,0.0
2017-02-20 01:00:00,0.0
2017-02-20 02:00:00,0.0
2017-02-20 03:00:00,0.0
2017-02-20 04:00:00,0.0
2017-02-20 05:00:00,0.0
2017-02-20 06:00:00,56.9
2017-02-20 07:00:00,259.25
2017-02-20 08:00:00,494.98
2017-02-20 09:00:00,703.28
2017-02-20 10:00:00,851.8
2017-02-20 11:00:00,917.1
2017-02-20 12:00:00,916.15
2017-02-20 13:00:00,823.67
2017-02-20 14:00:00,642.1
2017-02-20 15:00:00,454.38
2017-02-20 16:00:00,210.45
2017-02-20 17:00:00,24.5
2017-02-20 18:00:00,0.0
2017-02-20 19:00:00,0.0
2017-02-20 20:00:00,0.0
2017-02-20 21:00:00,0.0
2017-02-20 22:00:00,0.0
2017-02-20 23:00:00,0.0
2017-02-21 00:00:00,0.0
2017-02-21 01:00:00,0.0
2017-02-21 02:00:00,0.0
2017-02-21 03:00:00,0.0
2017-02-21 04:00:00,0.0
2017-02-21 05:00:00,0.0
2017-02-21 06:00:00,50.75
2017-02-21 07:00:00,231.98
2017-02-21 08:00:00,473.88
2017-02-21 09:00:00,679.53
2017-02-21 10:00:00,851.8
2017-02-21 11:00:00,918.1
2017-02-21 12:00:00,890.2
2017-02-21 13:00:00,828.97
2017-02-21 14:00:00,673.1
2017-02-21 15:00:00,459.05
2017-02-21 16:00:00,209.1
2017-02-21 17:00:00,21.0
2017-02-21 18:00:00,0.0
2017-02-21 19:00:00,0.0
2017-02-21 20:00:00,0.0
2017-02-21 21:00:00,0.0
2017-02-21 22:00:00,0.0
2017-02-21 23:00:00,0.0
2017-02-22 00:00:00,0.0
2017-02-22 01:00:00,0.0
2017-02-22 02:00:00,0.0
2017-02-22 03:00:00,0.0
2017-02-22 04:00:00,0.0
2017-02-22 05:00:00,0.0
2017-02-22 06:00:00,65.9
2017-02-22 07:00:00,272.95
2017-02-22 08:00:00,488.9
2017-02-22 09:00:00,730.85
2017-02-22 10:00:00,894.4
2017-02-22 11:00:00,951.03
2017-02-22 12:00:00,935.67
2017-02-22 13:00:00,835.88
2017-02-22 14:00:00,675.25
2017-02-22 15:00:00,463.75
2017-02-22 16:00:00,225.85
2017-02-22 17:00:00,27.42
2017-02-22 18:00:00,0.0
2017-02-22 19:00:00,0.0
2017-02-22 20:00:00,0.0
2017-02-22 21:00:00,0.0
2017-02-22 22:00:00,0.0
2017-02-22 23:00:00,0.0
2017-02-23 00:00:00,0.0
2017-02-23 01:00:00,0.0
2017-02-23 02:00:00,0.0
2017-02-23 03:00:00,0.0
2017-02-23 04:00:00,0.0
2017-02-23 05:00:00,0.0
2017-02-23 06:00:00,76.18
2017-02-23 07:00:00,304.67
2017-02-23 08:00:00,542.6
2017-02-23 09:00:00,719.35
2017-02-23 10:00:00,628.78
2017-02-23 11:00:00,941.28
2017-02-23 12:00:00,903.17
2017-02-23 13:00:00,850.75
2017-02-23 14:00:00,691.33
2017-02-23 15:00:00,468.23
2017-02-23 16:00:00,221.73
2017-02-23 17:00:00,24.7
2017-02-23 18:00:00,0.0
2017-02-23 19:00:00,0.0
2017-02-23 20:00:00,0.0
2017-02-23 21:00:00,0.0
2017-02-23 22:00:00,0.0
2017-02-23 23:00:00,0.0
2017-02-24 00:00:00,0.0
2017-02-24 01:00:00,0.0
2017-02-24 02:00:00,0.0
2017-02-24 03:00:00,0.0
2017-02-24 04:00:00,0.0
2017-02-24 05:00:00,0.0
2017-02-24 06:00:00,78.75
2017-02-24 07:00:00,315.02
2017-02-24 08:00:00,516.33
2017-02-24 09:00:00,754.85
2017-02-24 10:00:00,907.53
2017-02-24 11:00:00,976.45
2017-02-24 12:00:00,958.38
2017-02-24 13:00:00,886.15
2017-02-24 14:00:00,723.42
2017-02-24 15:00:00,496.85
2017-02-24 16:00:00,248.1
2017-02-24 17:00:00,31.58
2017-02-24 18:00:00,0.0
2017-02-24 19:00:00,0.0
2017-02-24 20:00:00,0.0
2017-02-24 21:00:00,0.0
2017-02-24 22:00:00,0.0
2017-02-24 23:00:00,0.0
2017-02-25 00:00:00,0.0
2017-02-25 01:00:00,0.0
2017-02-25 02:00:00,0.0
2017-02-25 03:00:00,0.0
2017-02-25 04:00:00,0.0
2017-02-25 05:00:00,0.0
2017-02-25 06:00:00,72.55
2017-02-25 07:00:00,288.85
2017-02-25 08:00:00,527.42
2017-02-25 09:00:00,747.28
2017-02-25 10:00:00,843.8
2017-02-25 11:00:00,941.0
2017-02-25 12:00:00,939.55
2017-02-25 13:00:00,854.95
2017-02-25 14:00:00,711.4
2017-02-25 15:00:00,288.83
2017-02-25 16:00:00,124.07
2017-02-25 17:00:00,32.17
2017-02-25 18:00:00,0.0
2017-02-25 19:00:00,0.0
2017-02-25 20:00:00,0.0
2017-02-25 21:00:00,0.0
2017-02-25 22:00:00,0.0
2017-02-25 23:00:00,0.0
2017-02-26 00:00:00,0.0
2017-02-26 01:00:00,0.0
2017-02-26 02:00:00,0.0
2017-02-26 03:00:00,0.0
2017-02-26 04:00:00,0.0
2017-02-26 05:00:00,0.0
2017-02-26 06:00:00,52.4
2017-02-26 07:00:00,198.1
2017-02-26 08:00:00,373.5
2017-02-26 09:00:00,512.33
2017-02-26 10:00:00,569.47
2017-02-26 11:00:00,623.47
2017-02-26 12:00:00,668.6
2017-02-26 13:00:00,597.65
2017-02-26 14:00:00,513.58
2017-02-26 15:00:00,331.77
2017-02-26 16:00:00,152.55
2017-02-26 17:00:00,20.27
2017-02-26 18:00:00,0.0
2017-02-26 19:00:00,0.0
2017-02-26 20:00:00,0.0
2017-02-26 21:00:00,0.0
2017-02-26 22:00:00,0.0
2017-02-26 23:00:00,0.0
2017-02-27 00:00:00,0.0
2017-02-27 01:00:00,0.0
2017-02-27 02:00:00,0.0
2017-02-27 03:00:00,0.0
2017-02-27 04:00:00,0.0
2017-02-27 05:00:00,0.0
2017-02-27 06:00:00,62.95
2017-02-27 07:00:00,236.27
2017-02-27 08:00:00,436.75
2017-02-27 09:00:00,659.58
2017-02-27 10:00:00,743.12
2017-02-27 11:00:00,733.9
2017-02-27 12:00:00,695.15
2017-02-27 13:00:00,674.67
2017-02-27 14:00:00,547.8
2017-02-27 15:00:00,353.65
2017-02-27 16:00:00,177.75
2017-02-27 17:00:00,26.58
2017-02-27 18:00:00,0.0
2017-02-27 19:00:00,0.0
2017-02-27 20:00:00,0.0
2017-02-27 21:00:00,0.0
2017-02-27 22:00:00,0.0
2017-02-27 23:00:00,0.0
2017-02-28 00:00:00,0.0
2017-02-28 01:00:00,0.0
2017-02-28 02:00:00,0.0
2017-02-28 03:00:00,0.0
2017-02-28 04:00:00,0.0
2017-02-28 05:00:00,0.0
2017-02-28 06:00:00,65.38
2017-02-28 07:00:00,240.52
2017-02-28 08:00:00,454.38
2017-02-28 09:00:00,671.12
2017-02-28 10:00:00,809.65
2017-02-28 11:00:00,888.28
2017-02-28 12:00:00,857.9
2017-02-28 13:00:00,803.28
2017-02-28 14:00:00,650.25
2017-02-28 15:00:00,467.02
2017-02-28 16:00:00,225.4
2017-02-28 17:00:00,28.58
2017-02-28 18:00:00,0.0
2017-02-28 19:00:00,0.0
2017-02-28 20:00:00,0.0
2017-02-28 21:00:00,0.0
2017-02-28 22:00:00,0.0
2017-02-28 23:00:00,0.0
2017-03-01 00:00:00,0.0
2017-03-01 01:00:00,0.0
2017-03-01 02:00:00,0.0
2017-03-01 03:00:00,0.0
2017-03-01 04:00:00,0.0
2017-03-01 05:00:00,0.0
2017-03-01 06:00:00,64.6
2017-03-01 07:00:00,251.95
2017-03-01 08:00:00,456.58
2017-03-01 09:00:00,657.1
2017-03-01 10:00:00,789.6
2017-03-01 11:00:00,768.75
2017-03-01 12:00:00,754.4
2017-03-01 13:00:00,652.97
2017-03-01 14:00:00,607.67
2017-03-01 15:00:00,440.2
2017-03-01 16:00:00,210.0
2017-03-01 17:00:00,26.73
2017-03-01 18:00:00,0.0
2017-03-01 19:00:00,0.0
2017-03-01 20:00:00,0.0
2017-03-01 21:00:00,0.0
2017-03-01 22:00:00,0.0
2017-03-01 23:00:00,0.0
2017-03-02 00:00:00,0.0
2017-03-02 01:00:00,0.0
2017-03-02 02:00:00,0.0
2017-03-02 03:00:00,0.0
2017-03-02 04:00:00,0.0
2017-03-02 05:00:00,0.0
2017-03-02 06:00:00,60.42
2017-03-02 07:00:00,246.35
2017-03-02 08:00:00,446.98
2017-03-02 09:00:00,615.22
2017-03-02 10:00:00,702.75
2017-03-02 11:00:00,703.0
2017-03-02 12:00:00,634.8
2017-03-02 13:00:00,626.88
2017-03-02 14:00:00,493.05
2017-03-02 15:00:00,371.12
2017-03-02 16:00:00,173.73
2017-03-02 17:00:00,25.98
2017-03-02 18:00:00,0.0
2017-03-02 19:00:00,0.0
2017-03-02 20:00:00,0.0
2017-03-02 21:00:00,0.0
2017-03-02 22:00:00,0.0
2017-03-02 23:00:00,0.0
2017-03-03 00:00:00,0.0
2017-03-03 01:00:00,0.0
2017-03-03 02:00:00,0.0
2017-03-03 03:00:00,0.0
2017-03-03 04:00:00,0.0
2017-03-03 05:00:00,0.0
2017-03-03 06:00:00,64.62
2017-03-03 07:00:00,255.18
2017-03-03 08:00:00,474.38
2017-03-03 09:00:00,707.2
2017-03-03 10:00:00,847.53
2017-03-03 11:00:00,861.83
2017-03-03 12:00:00,791.55
2017-03-03 13:00:00,652.3
2017-03-03 14:00:00,536.95
2017-03-03 15:00:00,352.45
2017-03-03 16:00:00,165.8
2017-03-03 17:00:00,24.17
2017-03-03 18:00:00,0.0
2017-03-03 19:00:00,0.0
2017-03-03 20:00:00,0.0
2017-03-03 21:00:00,0.0
2017-03-03 22:00:00,0.0
2017-03-03 23:00:00,0.0
2017-03-04 00:00:00,0.0
2017-03-04 01:00:00,0.0
2017-03-04 02:00:00,0.0
2017-03-04 03:00:00,0.0
2017-03-04 04:00:00,0.0
2017-03-04 05:00:00,0.0
2017-03-04 06:00:00,64.35
2017-03-04 07:00:00,234.15
2017-03-04 08:00:00,435.7
2017-03-04 09:00:00,656.92
2017-03-04 10:00:00,795.35
2017-03-04 11:00:00,829.45
2017-03-04 12:00:00,863.88
2017-03-04 13:00:00,669.35
2017-03-04 14:00:00,601.65
2017-03-04 15:00:00,405.6
2017-03-04 16:00:00,192.43
2017-03-04 17:00:00,25.7
2017-03-04 18:00:00,0.0
2017-03-04 19:00:00,0.0
2017-03-04 20:00:00,0.0
2017-03-04 21:00:00,0.0
2017-03-04 22:00:00,0.0
2017-03-04 23:00:00,0.0
2017-03-05 00:00:00,0.0
2017-03-05 01:00:00,0.0
2017-03-05 02:00:00,0.0
2017-03-05 03:00:00,0.0
2017-03-05 04:00:00,0.0
2017-03-05 05:00:00,0.0
2017-03-05 06:00:00,61.33
2017-03-05 07:00:00,202.12
2017-03-05 08:00:00,364.33
2017-03-05 09:00:00,523.65
2017-03-05 10:00:00,718.25
2017-03-05 11:00:00,819.8
2017-03-05 12:00:00,816.6
2017-03-05 13:00:00,781.08
2017-03-05 14:00:00,652.85
2017-03-05 15:00:00,465.23
2017-03-05 16:00:00,228.35
2017-03-05 17:00:00,23.65
2017-03-05 18:00:00,0.0
2017-03-05 19:00:00,0.0
2017-03-05 20:00:00,0.0
2017-03-05 21:00:00,0.0
2017-03-05 22:00:00,0.0
2017-03-05 23:00:00,0.0
2017-03-06 00:00:00,0.0
2017-03-06 01:00:00,0.0
2017-03-06 02:00:00,0.0
2017-03-06 03:00:00,0.0
2017-03-06 04:00:00,0.0
2017-03-06 05:00:00,0.0
2017-03-06 06:00:00,88.6
2017-03-06 07:00:00,306.42
2017-03-06 08:00:00,522.88
2017-03-06 09:00:00,705.55
2017-03-06 10:00:00,834.42
2017-03-06 11:00:00,926.95
2017-03-06 12:00:00,913.0
2017-03-06 13:00:00,826.55
2017-03-06 14:00:00,609.75
2017-03-06 15:00:00,444.92
2017-03-06 16:00:00,208.12
2017-03-06 17:00:00,24.75
2017-03-06 18:00:00,0.0
2017-03-06 19:00:00,0.0
2017-03-06 20:00:00,0.0
2017-03-06 21:00:00,0.0
2017-03-06 22:00:00,0.0
2017-03-06 23:00:00,0.0
2017-03-07 00:00:00,0.0
2017-03-07 01:00:00,0.0
2017-03-07 02:00:00,0.0
2017-03-07 03:00:00,0.0
2017-03-07 04:00:00,0.0
2017-03-07 05:00:00,0.0
2017-03-07 06:00:00,81.32
2017-03-07 07:00:00,281.58
2017-03-07 08:00:00,494.45
2017-03-07 09:00:00,710.55
2017-03-07 10:00:00,812.25
2017-03-07 11:00:00,921.4
2017-03-07 12:00:00,842.33
2017-03-07 13:00:00,804.75
2017-03-07 14:00:00,578.15
2017-03-07 15:00:00,419.92
2017-03-07 16:00:00,204.27
2017-03-07 17:00:00,23.75
2017-03-07 18:00:00,0.0
2017-03-07 19:00:00,0.0
2017-03-07 20:00:00,0.0
2017-03-07 21:00:00,0.0
2017-03-07 22:00:00,0.0
2017-03-07 23:00:00,0.0
2017-03-08 00:00:00,0.0
2017-03-08 01:00:00,0.0
2017-03-08 02:00:00,0.0
2017-03-08 03:00:00,0.0
2017-03-08 04:00:00,0.0
2017-03-08 05:00:00,0.0
2017-03-08 06:00:00,73.78
2017-03-08 07:00:00,242.4
2017-03-08 08:00:00,444.85
2017-03-08 09:00:00,686.5
2017-03-08 10:00:00,833.08
2017-03-08 11:00:00,924.97
2017-03-08 12:00:00,904.05
2017-03-08 13:00:00,804.45
2017-03-08 14:00:00,642.1
2017-03-08 15:00:00,446.3
2017-03-08 16:00:00,212.93
2017-03-08 17:00:00,24.83
2017-03-08 18:00:00,0.0
2017-03-08 19:00:00,0.0
2017-03-08 20:00:00,0.0
2017-03-08 21:00:00,0.0
2017-03-08 22:00:00,0.0
2017-03-08 23:00:00,0.0
2017-03-09 00:00:00,0.0
2017-03-09 01:00:00,0.0
2017-03-09 02:00:00,0.0
2017-03-09 03:00:00,0.0
2017-03-09 04:00:00,0.0
2017-03-09 05:00:00,0.0
2017-03-09 06:00:00,82.68
2017-03-09 07:00:00,254.85
2017-03-09 08:00:00,440.88
2017-03-09 09:00:00,661.62
2017-03-09 10:00:00,836.22
2017-03-09 11:00:00,912.5
2017-03-09 12:00:00,885.55
2017-03-09 13:00:00,807.55
2017-03-09 14:00:00,661.42
2017-03-09 15:00:00,463.12
2017-03-09 16:00:00,232.2
2017-03-09 17:00:00,31.95
2017-03-09 18:00:00,0.0
2017-03-09 19:00:00,0.0
2017-03-09 20:00:00,0.0
2017-03-09 21:00:00,0.0
2017-03-09 22:00:00,0.0
2017-03-09 23:00:00,0.0
2017-03-10 00:00:00,0.0
2017-03-10 01:00:00,0.0
2017-03-10 02:00:00,0.0
2017-03-10 03:00:00,0.0
2017-03-10 04:00:00,0.0
2017-03-10 05:00:00,0.0
2017-03-10 06:00:00,89.15
2017-03-10 07:00:00,298.42
2017-03-10 08:00:00,517.55
2017-03-10 09:00:00,704.25
2017-03-10 10:00:00,839.25
2017-03-10 11:00:00,930.47
2017-03-10 12:00:00,896.92
2017-03-10 13:00:00,823.2
2017-03-10 14:00:00,657.17
2017-03-10 15:00:00,470.08
2017-03-10 16:00:00,223.9
2017-03-10 17:00:00,27.73
2017-03-10 18:00:00,0.0
2017-03-10 19:00:00,0.0
2017-03-10 20:00:00,0.0
2017-03-10 21:00:00,0.0
2017-03-10 22:00:00,0.0
2017-03-10 23:00:00,0.0
2017-03-11 00:00:00,0.0
2017-03-11 01:00:00,0.0
2017-03-11 02:00:00,0.0
2017-03-11 03:00:00,0.0
2017-03-11 04:00:00,0.0
2017-03-11 05:00:00,0.0
2017-03-11 06:00:00,89.18
2017-03-11 07:00:00,297.67
2017-03-11 08:00:00,517.75
2017-03-11 09:00:00,749.2
2017-03-11 10:00:00,828.3
2017-03-11 11:00:00,912.65
2017-03-11 12:00:00,926.65
2017-03-11 13:00:00,766.15
2017-03-11 14:00:00,617.9
2017-03-11 15:00:00,420.75
2017-03-11 16:00:00,227.3
2017-03-11 17:00:00,29.88
2017-03-11 18:00:00,0.0
2017-03-11 19:00:00,0.0
2017-03-11 20:00:00,0.0
2017-03-11 21:00:00,0.0
2017-03-11 22:00:00,0.0
2017-03-11 23:00:00,0.0
2017-03-12 00:00:00,0.0
2017-03-12 01:00:00,0.0
2017-03-12 02:00:00,0.0
2017-03-12 03:00:00,0.0
2017-03-12 04:00:00,0.0
2017-03-12 05:00:00,0.0
2017-03-12 06:00:00,90.85
2017-03-12 07:00:00,277.62
2017-03-12 08:00:00,508.1
2017-03-12 09:00:00,684.8
2017-03-12 10:00:00,848.58
2017-03-12 11:00:00,906.85
2017-03-12 12:00:00,898.15
2017-03-12 13:00:00,791.83
2017-03-12 14:00:00,634.47
2017-03-12 15:00:00,437.62
2017-03-12 16:00:00,214.35
2017-03-12 17:00:00,29.42
2017-03-12 18:00:00,0.0
2017-03-12 19:00:00,0.0
2017-03-12 20:00:00,0.0
2017-03-12 21:00:00,0.0
2017-03-12 22:00:00,0.0
2017-03-12 23:00:00,0.0
2017-03-13 00:00:00,0.0
2017-03-13 01:00:00,0.0
2017-03-13 02:00:00,0.0
2017-03-13 03:00:00,0.0
2017-03-13 04:00:00,0.0
2017-03-13 05:00:00,0.0
2017-03-13 06:00:00,77.47
2017-03-13 07:00:00,308.95
2017-03-13 08:00:00,554.28
2017-03-13 09:00:00,744.72
2017-03-13 10:00:00,878.58
2017-03-13 11:00:00,846.6
2017-03-13 12:00:00,936.58
2017-03-13 13:00:00,833.78
2017-03-13 14:00:00,664.62
2017-03-13 15:00:00,466.77
2017-03-13 16:00:00,223.7
2017-03-13 17:00:00,26.52
2017-03-13 18:00:00,0.0
2017-03-13 19:00:00,0.0
2017-03-13 20:00:00,0.0
2017-03-13 21:00:00,0.0
2017-03-13 22:00:00,0.0
2017-03-13 23:00:00,0.0
2017-03-14 00:00:00,0.0
2017-03-14 01:00:00,0.0
2017-03-14 02:00:00,0.0
2017-03-14 03:00:00,0.0
2017-03-14 04:00:00,0.0
2017-03-14 05:00:00,0.0
2017-03-14 06:00:00,86.43
2017-03-14 07:00:00,259.05
2017-03-14 08:00:00,445.3
2017-03-14 09:00:00,650.72
2017-03-14 10:00:00,721.67
2017-03-14 11:00:00,744.05
2017-03-14 12:00:00,781.67
2017-03-14 13:00:00,758.05
2017-03-14 14:00:00,588.72
2017-03-14 15:00:00,429.2
2017-03-14 16:00:00,200.25
2017-03-14 17:00:00,26.85
2017-03-14 18:00:00,0.0
2017-03-14 19:00:00,0.0
2017-03-14 20:00:00,0.0
2017-03-14 21:00:00,0.0
2017-03-14 22:00:00,0.0
2017-03-14 23:00:00,0.0
2017-03-15 00:00:00,0.0
2017-03-15 01:00:00,0.0
2017-03-15 02:00:00,0.0
2017-03-15 03:00:00,0.0
2017-03-15 04:00:00,0.0
2017-03-15 05:00:00,0.0
2017-03-15 06:00:00,92.95
2017-03-15 07:00:00,307.6
2017-03-15 08:00:00,536.67
2017-03-15 09:00:00,725.05
2017-03-15 10:00:00,842.12
2017-03-15 11:00:00,937.0
2017-03-15 12:00:00,925.38
2017-03-15 13:00:00,820.17
2017-03-15 14:00:00,627.67
2017-03-15 15:00:00,460.5
2017-03-15 16:00:00,219.25
2017-03-15 17:00:00,28.75
2017-03-15 18:00:00,0.0
2017-03-15 19:00:00,0.0
2017-03-15 20:00:00,0.0
2017-03-15 21:00:00,0.0
2017-03-15 22:00:00,0.0
2017-03-15 23:00:00,0.0
2017-03-16 00:00:00,0.0
2017-03-16 01:00:00,0.0
2017-03-16 02:00:00,0.0
2017-03-16 03:00:00,0.0
2017-03-16 04:00:00,0.0
2017-03-16 05:00:00,0.0
2017-03-16 06:00:00,89.15
2017-03-16 07:00:00,264.7
2017-03-16 08:00:00,489.4
2017-03-16 09:00:00,729.4
2017-03-16 10:00:00,841.03
2017-03-16 11:00:00,888.58
2017-03-16 12:00:00,879.1
2017-03-16 13:00:00,808.08
2017-03-16 14:00:00,645.8
2017-03-16 15:00:00,427.33
2017-03-16 16:00:00,200.4
2017-03-16 17:00:00,26.75
2017-03-16 18:00:00,0.0
2017-03-16 19:00:00,0.0
2017-03-16 20:00:00,0.0
2017-03-16 21:00:00,0.0
2017-03-16 22:00:00,0.0
2017-03-16 23:00:00,0.0
2017-03-17 00:00:00,0.0
2017-03-17 01:00:00,0.0
2017-03-17 02:00:00,0.0
2017-03-17 03:00:00,0.0
2017-03-17 04:00:00,0.0
2017-03-17 05:00:00,0.0
2017-03-17 06:00:00,92.32
2017-03-17 07:00:00,300.65
2017-03-17 08:00:00,525.17
2017-03-17 09:00:00,720.7
2017-03-17 10:00:00,871.53
2017-03-17 11:00:00,847.88
2017-03-17 12:00:00,870.22
2017-03-17 13:00:00,825.92
2017-03-17 14:00:00,671.6
2017-03-17 15:00:00,451.98
2017-03-17 16:00:00,212.25
2017-03-17 17:00:00,23.12
2017-03-17 18:00:00,0.0
2017-03-17 19:00:00,0.0
2017-03-17 20:00:00,0.0
2017-03-17 21:00:00,0.0
2017-03-17 22:00:00,0.0
2017-03-17 23:00:00,0.0
2017-03-18 00:00:00,0.0
2017-03-18 01:00:00,0.0
2017-03-18 02:00:00,0.0
2017-03-18 03:00:00,0.0
2017-03-18 04:00:00,0.0
2017-03-18 05:00:00,0.0
2017-03-18 06:00:00,92.78
2017-03-18 07:00:00,292.52
2017-03-18 08:00:00,511.77
2017-03-18 09:00:00,652.33
2017-03-18 10:00:00,768.83
2017-03-18 11:00:00,927.22
2017-03-18 12:00:00,836.17
2017-03-18 13:00:00,824.45
2017-03-18 14:00:00,651.1
2017-03-18 15:00:00,438.45
2017-03-18 16:00:00,198.48
2017-03-18 17:00:00,25.8
2017-03-18 18:00:00,0.0
2017-03-18 19:00:00,0.0
2017-03-18 20:00:00,0.0
2017-03-18 21:00:00,0.0
2017-03-18 22:00:00,0.0
2017-03-18 23:00:00,0.0
2017-03-19 00:00:00,0.0
2017-03-19 01:00:00,0.0
2017-03-19 02:00:00,0.0
2017-03-19 03:00:00,0.0
2017-03-19 04:00:00,0.0
2017-03-19 05:00:00,0.0
2017-03-19 06:00:00,94.6
2017-03-19 07:00:00,305.9
2017-03-19 08:00:00,539.05
2017-03-19 09:00:00,735.42
2017-03-19 10:00:00,865.28
2017-03-19 11:00:00,937.28
2017-03-19 12:00:00,877.5
2017-03-19 13:00:00,826.0
2017-03-19 14:00:00,647.7
2017-03-19 15:00:00,439.85
2017-03-19 16:00:00,206.18
2017-03-19 17:00:00,27.25
2017-03-19 18:00:00,0.0
2017-03-19 19:00:00,0.0
2017-03-19 20:00:00,0.0
2017-03-19 21:00:00,0.0
2017-03-19 22:00:00,0.0
2017-03-19 23:00:00,0.0
2017-03-20 00:00:00,0.0
2017-03-20 01:00:00,0.0
2017-03-20 02:00:00,0.0
2017-03-20 03:00:00,0.0
2017-03-20 04:00:00,0.0
2017-03-20 05:00:00,0.0
2017-03-20 06:00:00,91.82
2017-03-20 07:00:00,287.73
2017-03-20 08:00:00,522.45
2017-03-20 09:00:00,726.25
2017-03-20 10:00:00,861.7
2017-03-20 11:00:00,859.15
2017-03-20 12:00:00,870.67
2017-03-20 13:00:00,795.5
2017-03-20 14:00:00,659.53
2017-03-20 15:00:00,425.27
2017-03-20 16:00:00,191.75
2017-03-20 17:00:00,18.62
2017-03-20 18:00:00,0.0
2017-03-20 19:00:00,0.0
2017-03-20 20:00:00,0.0
2017-03-20 21:00:00,0.0
2017-03-20 22:00:00,0.0
2017-03-20 23:00:00,0.0
2017-03-21 00:00:00,0.0
2017-03-21 01:00:00,0.0
2017-03-21 02:00:00,0.0
2017-03-21 03:00:00,0.0
2017-03-21 04:00:00,0.0
2017-03-21 05:00:00,0.0
2017-03-21 06:00:00,103.05
2017-03-21 07:00:00,297.83
2017-03-21 08:00:00,515.03
2017-03-21 09:00:00,630.4
2017-03-21 10:00:00,860.62
2017-03-21 11:00:00,919.03
2017-03-21 12:00:00,876.45
2017-03-21 13:00:00,802.53
2017-03-21 14:00:00,622.9
2017-03-21 15:00:00,430.95
2017-03-21 16:00:00,195.6
2017-03-21 17:00:00,20.27
2017-03-21 18:00:00,0.0
2017-03-21 19:00:00,0.0
2017-03-21 20:00:00,0.0
2017-03-21 21:00:00,0.0
2017-03-21 22:00:00,0.0
2017-03-21 23:00:00,0.0
2017-03-22 00:00:00,0.0
2017-03-22 01:00:00,0.0
2017-03-22 02:00:00,0.0
2017-03-22 03:00:00,0.0
2017-03-22 04:00:00,0.0
2017-03-22 05:00:00,0.0
2017-03-22 06:00:00,116.07
2017-03-22 07:00:00,328.33
2017-03-22 08:00:00,557.0
2017-03-22 09:00:00,758.15
2017-03-22 10:00:00,887.28
2017-03-22 11:00:00,712.08
2017-03-22 12:00:00,681.88
2017-03-22 13:00:00,792.05
2017-03-22 14:00:00,635.75
2017-03-22 15:00:00,432.12
2017-03-22 16:00:00,206.07
2017-03-22 17:00:00,27.98
2017-03-22 18:00:00,0.0
2017-03-22 19:00:00,0.0
2017-03-22 20:00:00,0.0
2017-03-22 21:00:00,0.0
2017-03-22 22:00:00,0.0
2017-03-22 23:00:00,0.0
2017-03-23 00:00:00,0.0
2017-03-23 01:00:00,0.0
2017-03-23 02:00:00,0.0
2017-03-23 03:00:00,0.0
2017-03-23 04:00:00,0.0
2017-03-23 05:00:00,0.0
2017-03-23 06:00:00,128.4
2017-03-23 07:00:00,354.75
2017-03-23 08:00:00,587.58
2017-03-23 09:00:00,791.05
2017-03-23 10:00:00,850.5
2017-03-23 11:00:00,964.85
2017-03-23 12:00:00,955.17
2017-03-23 13:00:00,884.65
2017-03-23 14:00:00,721.65
2017-03-23 15:00:00,497.98
2017-03-23 16:00:00,245.7
2017-03-23 17:00:00,31.4
2017-03-23 18:00:00,0.0
2017-03-23 19:00:00,0.0
2017-03-23 20:00:00,0.0
2017-03-23 21:00:00,0.0
2017-03-23 22:00:00,0.0
2017-03-23 23:00:00,0.0
2017-03-24 00:00:00,0.0
2017-03-24 01:00:00,0.0
2017-03-24 02:00:00,0.0
2017-03-24 03:00:00,0.0
2017-03-24 04:00:00,0.0
2017-03-24 05:00:00,3.42
2017-03-24 06:00:00,120.8
2017-03-24 07:00:00,352.0
2017-03-24 08:00:00,568.6
2017-03-24 09:00:00,740.42
2017-03-24 10:00:00,852.92
2017-03-24 11:00:00,891.8
2017-03-24 12:00:00,924.38
2017-03-24 13:00:00,868.9
2017-03-24 14:00:00,704.03
2017-03-24 15:00:00,478.98
2017-03-24 16:00:00,229.82
2017-03-24 17:00:00,30.62
2017-03-24 18:00:00,0.0
2017-03-24 19:00:00,0.0
2017-03-24 20:00:00,0.0
2017-03-24 21:00:00,0.0
2017-03-24 22:00:00,0.0
2017-03-24 23:00:00,0.0
2017-03-25 00:00:00,0.0
2017-03-25 01:00:00,0.0
2017-03-25 02:00:00,0.0
2017-03-25 03:00:00,0.0
2017-03-25 04:00:00,0.0
2017-03-25 05:00:00,3.55
2017-03-25 06:00:00,120.22
2017-03-25 07:00:00,359.15
2017-03-25 08:00:00,603.38
2017-03-25 09:00:00,803.58
2017-03-25 10:00:00,939.4
2017-03-25 11:00:00,995.97
2017-03-25 12:00:00,941.4
2017-03-25 13:00:00,875.08
2017-03-25 14:00:00,704.12
2017-03-25 15:00:00,479.6
2017-03-25 16:00:00,232.73
2017-03-25 17:00:00,31.58
2017-03-25 18:00:00,0.0
2017-03-25 19:00:00,0.0
2017-03-25 20:00:00,0.0
2017-03-25 21:00:00,0.0
2017-03-25 22:00:00,0.0
2017-03-25 23:00:00,0.0
2017-03-26 00:00:00,0.0
2017-03-26 01:00:00,0.0
2017-03-26 02:00:00,0.0
2017-03-26 03:00:00,0.0
2017-03-26 04:00:00,0.0
2017-03-26 05:00:00,4.0
2017-03-26 06:00:00,136.05
2017-03-26 07:00:00,382.62
2017-03-26 08:00:00,624.83
2017-03-26 09:00:00,830.47
2017-03-26 10:00:00,910.47
2017-03-26 11:00:00,1021.55
2017-03-26 12:00:00,1002.3
2017-03-26 13:00:00,889.78
2017-03-26 14:00:00,727.9
2017-03-26 15:00:00,509.38
2017-03-26 16:00:00,260.2
2017-03-26 17:00:00,37.9
2017-03-26 18:00:00,0.0
2017-03-26 19:00:00,0.0
2017-03-26 20:00:00,0.0
2017-03-26 21:00:00,0.0
2017-03-26 22:00:00,0.0
2017-03-26 23:00:00,0.0
2017-03-27 00:00:00,0.0
2017-03-27 01:00:00,0.0
2017-03-27 02:00:00,0.0
2017-03-27 03:00:00,0.0
2017-03-27 04:00:00,0.0
2017-03-27 05:00:00,4.28
2017-03-27 06:00:00,133.73
2017-03-27 07:00:00,375.12
2017-03-27 08:00:00,615.58
2017-03-27 09:00:00,811.72
2017-03-27 10:00:00,914.4
2017-03-27 11:00:00,997.85
2017-03-27 12:00:00,880.4
2017-03-27 13:00:00,855.12
2017-03-27 14:00:00,695.4
2017-03-27 15:00:00,468.5
2017-03-27 16:00:00,222.12
2017-03-27 17:00:00,27.85
2017-03-27 18:00:00,0.0
2017-03-27 19:00:00,0.0
2017-03-27 20:00:00,0.0
2017-03-27 21:00:00,0.0
2017-03-27 22:00:00,0.0
2017-03-27 23:00:00,0.0
2017-03-28 00:00:00,0.0
2017-03-28 01:00:00,0.0
2017-03-28 02:00:00,0.0
2017-03-28 03:00:00,0.0
2017-03-28 04:00:00,0.0
2017-03-28 05:00:00,4.28
2017-03-28 06:00:00,127.6
2017-03-28 07:00:00,367.85
2017-03-28 08:00:00,605.67
2017-03-28 09:00:00,799.65
2017-03-28 10:00:00,917.2
2017-03-28 11:00:00,981.45
2017-03-28 12:00:00,948.05
2017-03-28 13:00:00,729.78
2017-03-28 14:00:00,668.65
2017-03-28 15:00:00,446.48
2017-03-28 16:00:00,213.25
2017-03-28 17:00:00,29.88
2017-03-28 18:00:00,0.0
2017-03-28 19:00:00,0.0
2017-03-28 20:00:00,0.0
2017-03-28 21:00:00,0.0
2017-03-28 22:00:00,0.0
2017-03-28 23:00:00,0.0
2017-03-29 00:00:00,0.0
2017-03-29 01:00:00,0.0
2017-03-29 02:00:00,0.0
2017-03-29 03:00:00,0.0
2017-03-29 04:00:00,0.0
2017-03-29 05:00:00,4.68
2017-03-29 06:00:00,127.03
2017-03-29 07:00:00,358.0
2017-03-29 08:00:00,604.45
2017-03-29 09:00:00,817.88
2017-03-29 10:00:00,907.38
2017-03-29 11:00:00,987.47
2017-03-29 12:00:00,960.58
2017-03-29 13:00:00,831.0
2017-03-29 14:00:00,707.62
2017-03-29 15:00:00,487.08
2017-03-29 16:00:00,241.3
2017-03-29 17:00:00,26.6
2017-03-29 18:00:00,0.0
2017-03-29 19:00:00,0.0
2017-03-29 20:00:00,0.0
2017-03-29 21:00:00,0.0
2017-03-29 22:00:00,0.0
2017-03-29 23:00:00,0.0
2017-03-30 00:00:00,0.0
2017-03-30 01:00:00,0.0
2017-03-30 02:00:00,0.0
2017-03-30 03:00:00,0.0
2017-03-30 04:00:00,0.0
2017-03-30 05:00:00,5.22
2017-03-30 06:00:00,140.6
2017-03-30 07:00:00,382.77
2017-03-30 08:00:00,624.12
2017-03-30 09:00:00,815.45
2017-03-30 10:00:00,819.75
2017-03-30 11:00:00,1003.88
2017-03-30 12:00:00,952.55
2017-03-30 13:00:00,877.9
2017-03-30 14:00:00,712.17
2017-03-30 15:00:00,492.62
2017-03-30 16:00:00,246.52
2017-03-30 17:00:00,35.22
2017-03-30 18:00:00,0.0
2017-03-30 19:00:00,0.0
2017-03-30 20:00:00,0.0
2017-03-30 21:00:00,0.0
2017-03-30 22:00:00,0.0
2017-03-30 23:00:00,0.0
2017-03-31 00:00:00,0.0
2017-03-31 01:00:00,0.0
2017-03-31 02:00:00,0.0
2017-03-31 03:00:00,0.0
2017-03-31 04:00:00,0.0
2017-03-31 05:00:00,5.15
2017-03-31 06:00:00,128.35
2017-03-31 07:00:00,361.65
2017-03-31 08:00:00,588.65
2017-03-31 09:00:00,795.42
2017-03-31 10:00:00,882.72
2017-03-31 11:00:00,875.03
2017-03-31 12:00:00,846.85
2017-03-31 13:00:00,871.38
2017-03-31 14:00:00,710.55
2017-03-31 15:00:00,488.27
2017-03-31 16:00:00,239.68
2017-03-31 17:00:00,29.6
2017-03-31 18:00:00,0.0
2017-03-31 19:00:00,0.0
2017-03-31 20:00:00,0.0
2017-03-31 21:00:00,0.0
2017-03-31 22:00:00,0.0
2017-03-31 23:00:00,0.0
2017-04-01 00:00:00,0.0
2017-04-01 01:00:00,0.0
2017-04-01 02:00:00,0.0
2017-04-01 03:00:00,0.0
2017-04-01 04:00:00,0.0
2017-04-01 05:00:00,4.97
2017-04-01 06:00:00,126.25
2017-04-01 07:00:00,357.17
2017-04-01 08:00:00,587.6
2017-04-01 09:00:00,804.72
2017-04-01 10:00:00,795.45
2017-04-01 11:00:00,890.85
2017-04-01 12:00:00,788.42
2017-04-01 13:00:00,795.15
2017-04-01 14:00:00,651.88
2017-04-01 15:00:00,441.52
2017-04-01 16:00:00,206.93
2017-04-01 17:00:00,24.23
2017-04-01 18:00:00,0.0
2017-04-01 19:00:00,0.0
2017-04-01 20:00:00,0.0
2017-04-01 21:00:00,0.0
2017-04-01 22:00:00,0.0
2017-04-01 23:00:00,0.0
2017-04-02 00:00:00,0.0
2017-04-02 01:00:00,0.0
2017-04-02 02:00:00,0.0
2017-04-02 03:00:00,0.0
2017-04-02 04:00:00,0.0
2017-04-02 05:00:00,5.8
2017-04-02 06:00:00,130.27
2017-04-02 07:00:00,349.23
2017-04-02 08:00:00,555.95
2017-04-02 09:00:00,802.95
2017-04-02 10:00:00,922.0
2017-04-02 11:00:00,931.8
2017-04-02 12:00:00,914.67
2017-04-02 13:00:00,826.58
2017-04-02 14:00:00,635.9
2017-04-02 15:00:00,444.45
2017-04-02 16:00:00,210.35
2017-04-02 17:00:00,25.83
2017-04-02 18:00:00,0.0
2017-04-02 19:00:00,0.0
2017-04-02 20:00:00,0.0
2017-04-02 21:00:00,0.0
2017-04-02 22:00:00,0.0
2017-04-02 23:00:00,0.0
2017-04-03 00:00:00,0.0
2017-04-03 01:00:00,0.0
2017-04-03 02:00:00,0.0
2017-04-03 03:00:00,0.0
2017-04-03 04:00:00,0.0
2017-04-03 05:00:00,6.2
2017-04-03 06:00:00,139.5
2017-04-03 07:00:00,371.17
2017-04-03 08:00:00,595.83
2017-04-03 09:00:00,783.75
2017-04-03 10:00:00,869.03
2017-04-03 11:00:00,954.45
2017-04-03 12:00:00,884.88
2017-04-03 13:00:00,853.08
2017-04-03 14:00:00,682.72
2017-04-03 15:00:00,463.52
2017-04-03 16:00:00,225.75
2017-04-03 17:00:00,21.75
2017-04-03 18:00:00,0.0
2017-04-03 19:00:00,0.0
2017-04-03 20:00:00,0.0
2017-04-03 21:00:00,0.0
2017-04-03 22:00:00,0.0
2017-04-03 23:00:00,0.0
2017-04-04 00:00:00,0.0
2017-04-04 01:00:00,0.0
2017-04-04 02:00:00,0.0
2017-04-04 03:00:00,0.0
2017-04-04 04:00:00,0.0
2017-04-04 05:00:00,6.38
2017-04-04 06:00:00,130.5
2017-04-04 07:00:00,340.27
2017-04-04 08:00:00,545.58
2017-04-04 09:00:00,764.58
2017-04-04 10:00:00,885.62
2017-04-04 11:00:00,923.08
2017-04-04 12:00:00,731.72
2017-04-04 13:00:00,825.28
2017-04-04 14:00:00,659.72
2017-04-04 15:00:00,442.0
2017-04-04 16:00:00,207.73
2017-04-04 17:00:00,27.95
2017-04-04 18:00:00,0.0
2017-04-04 19:00:00,0.0
2017-04-04 20:00:00,0.0
2017-04-04 21:00:00,0.0
2017-04-04 22:00:00,0.0
2017-04-04 23:00:00,0.0
2017-04-05 00:00:00,0.0
2017-04-05 01:00:00,0.0
2017-04-05 02:00:00,0.0
2017-04-05 03:00:00,0.0
2017-04-05 04:00:00,0.0
2017-04-05 05:00:00,6.3
2017-04-05 06:00:00,122.55
2017-04-05 07:00:00,326.1
2017-04-05 08:00:00,526.92
2017-04-05 09:00:00,749.33
2017-04-05 10:00:00,833.2
2017-04-05 11:00:00,935.62
2017-04-05 12:00:00,753.85
2017-04-05 13:00:00,839.53
2017-04-05 14:00:00,626.95
2017-04-05 15:00:00,422.02
2017-04-05 16:00:00,194.05
2017-04-05 17:00:00,21.52
2017-04-05 18:00:00,0.0
2017-04-05 19:00:00,0.0
2017-04-05 20:00:00,0.0
2017-04-05 21:00:00,0.0
2017-04-05 22:00:00,0.0
2017-04-05 23:00:00,0.0
2017-04-06 00:00:00,0.0
2017-04-06 01:00:00,0.0
2017-04-06 02:00:00,0.0
2017-04-06 03:00:00,0.0
2017-04-06 04:00:00,0.0
2017-04-06 05:00:00,6.3
2017-04-06 06:00:00,121.2
2017-04-06 07:00:00,333.98
2017-04-06 08:00:00,536.5
2017-04-06 09:00:00,763.67
2017-04-06 10:00:00,763.78
2017-04-06 11:00:00,910.88
2017-04-06 12:00:00,872.85
2017-04-06 13:00:00,771.78
2017-04-06 14:00:00,612.17
2017-04-06 15:00:00,405.8
2017-04-06 16:00:00,189.4
2017-04-06 17:00:00,26.23
2017-04-06 18:00:00,0.0
2017-04-06 19:00:00,0.0
2017-04-06 20:00:00,0.0
2017-04-06 21:00:00,0.0
2017-04-06 22:00:00,0.0
2017-04-06 23:00:00,0.0
2017-04-07 00:00:00,0.0
2017-04-07 01:00:00,0.0
2017-04-07 02:00:00,0.0
2017-04-07 03:00:00,0.0
2017-04-07 04:00:00,0.0
2017-04-07 05:00:00,6.72
2017-04-07 06:00:00,122.62
2017-04-07 07:00:00,338.05
2017-04-07 08:00:00,533.45
2017-04-07 09:00:00,728.95
2017-04-07 10:00:00,841.22
2017-04-07 11:00:00,946.3
2017-04-07 12:00:00,923.1
2017-04-07 13:00:00,835.22
2017-04-07 14:00:00,654.4
2017-04-07 15:00:00,439.7
2017-04-07 16:00:00,207.6
2017-04-07 17:00:00,27.8
2017-04-07 18:00:00,0.0
2017-04-07 19:00:00,0.0
2017-04-07 20:00:00,0.0
2017-04-07 21:00:00,0.0
2017-04-07 22:00:00,0.0
2017-04-07 23:00:00,0.0
2017-04-08 00:00:00,0.0
2017-04-08 01:00:00,0.0
2017-04-08 02:00:00,0.0
2017-04-08 03:00:00,0.0
2017-04-08 04:00:00,0.0
2017-04-08 05:00:00,6.6
2017-04-08 06:00:00,120.53
2017-04-08 07:00:00,324.4
2017-04-08 08:00:00,532.83
2017-04-08 09:00:00,767.97
2017-04-08 10:00:00,804.78
2017-04-08 11:00:00,949.12
2017-04-08 12:00:00,910.75
2017-04-08 13:00:00,830.72
2017-04-08 14:00:00,666.03
2017-04-08 15:00:00,450.65
2017-04-08 16:00:00,211.82
2017-04-08 17:00:00,24.45
2017-04-08 18:00:00,0.0
2017-04-08 19:00:00,0.0
2017-04-08 20:00:00,0.0
2017-04-08 21:00:00,0.0
2017-04-08 22:00:00,0.0
2017-04-08 23:00:00,0.0
2017-04-09 00:00:00,0.0
2017-04-09 01:00:00,0.0
2017-04-09 02:00:00,0.0
2017-04-09 03:00:00,0.0
2017-04-09 04:00:00,0.0
2017-04-09 05:00:00,7.8
2017-04-09 06:00:00,132.12
2017-04-09 07:00:00,335.7
2017-04-09 08:00:00,538.92
2017-04-09 09:00:00,766.7
2017-04-09 10:00:00,884.53
2017-04-09 11:00:00,857.58
2017-04-09 12:00:00,903.67
2017-04-09 13:00:00,847.1
2017-04-09 14:00:00,689.53
2017-04-09 15:00:00,446.0
2017-04-09 16:00:00,210.82
2017-04-09 17:00:00,25.3
2017-04-09 18:00:00,0.0
2017-04-09 19:00:00,0.0
2017-04-09 20:00:00,0.0
2017-04-09 21:00:00,0.0
2017-04-09 22:00:00,0.0
2017-04-09 23:00:00,0.0
2017-04-10 00:00:00,0.0
2017-04-10 01:00:00,0.0
2017-04-10 02:00:00,0.0
2017-04-10 03:00:00,0.0
2017-04-10 04:00:00,0.0
2017-04-10 05:00:00,7.93
2017-04-10 06:00:00,130.48
2017-04-10 07:00:00,338.65
2017-04-10 08:00:00,534.7
2017-04-10 09:00:00,737.8
2017-04-10 10:00:00,868.03
2017-04-10 11:00:00,944.05
2017-04-10 12:00:00,891.25
2017-04-10 13:00:00,812.7
2017-04-10 14:00:00,660.42
2017-04-10 15:00:00,437.85
2017-04-10 16:00:00,209.2
2017-04-10 17:00:00,28.62
2017-04-10 18:00:00,0.0
2017-04-10 19:00:00,0.0
2017-04-10 20:00:00,0.0
2017-04-10 21:00:00,0.0
2017-04-10 22:00:00,0.0
2017-04-10 23:00:00,0.0
2017-04-11 00:00:00,0.0
2017-04-11 01:00:00,0.0
2017-04-11 02:00:00,0.0
2017-04-11 03:00:00,0.0
2017-04-11 04:00:00,0.0
2017-04-11 05:00:00,8.0
2017-04-11 06:00:00,132.6
2017-04-11 07:00:00,323.85
2017-04-11 08:00:00,562.95
2017-04-11 09:00:00,774.67
2017-04-11 10:00:00,889.65
2017-04-11 11:00:00,887.53
2017-04-11 12:00:00,867.67
2017-04-11 13:00:00,792.47
2017-04-11 14:00:00,629.42
2017-04-11 15:00:00,415.1
2017-04-11 16:00:00,190.8
2017-04-11 17:00:00,25.15
2017-04-11 18:00:00,0.0
2017-04-11 19:00:00,0.0
2017-04-11 20:00:00,0.0
2017-04-11 21:00:00,0.0
2017-04-11 22:00:00,0.0
2017-04-11 23:00:00,0.0
2017-04-12 00:00:00,0.0
2017-04-12 01:00:00,0.0
2017-04-12 02:00:00,0.0
2017-04-12 03:00:00,0.0
2017-04-12 04:00:00,0.0
2017-04-12 05:00:00,8.3
2017-04-12 06:00:00,131.57
2017-04-12 07:00:00,340.02
2017-04-12 08:00:00,546.03
2017-04-12 09:00:00,758.25
2017-04-12 10:00:00,798.08
2017-04-12 11:00:00,911.28
2017-04-12 12:00:00,879.12
2017-04-12 13:00:00,722.35
2017-04-12 14:00:00,604.9
2017-04-12 15:00:00,415.35
2017-04-12 16:00:00,188.98
2017-04-12 17:00:00,25.83
2017-04-12 18:00:00,0.0
2017-04-12 19:00:00,0.0
2017-04-12 20:00:00,0.0
2017-04-12 21:00:00,0.0
2017-04-12 22:00:00,0.0
2017-04-12 23:00:00,0.0
2017-04-13 00:00:00,0.0
2017-04-13 01:00:00,0.0
2017-04-13 02:00:00,0.0
2017-04-13 03:00:00,0.0
2017-04-13 04:00:00,0.0
2017-04-13 05:00:00,8.62
2017-04-13 06:00:00,128.32
2017-04-13 07:00:00,346.38
2017-04-13 08:00:00,561.6
2017-04-13 09:00:00,727.85
2017-04-13 10:00:00,741.1
2017-04-13 11:00:00,826.85
2017-04-13 12:00:00,806.8
2017-04-13 13:00:00,737.8
2017-04-13 14:00:00,551.08
2017-04-13 15:00:00,376.27
2017-04-13 16:00:00,180.68
2017-04-13 17:00:00,25.95
2017-04-13 18:00:00,0.0
2017-04-13 19:00:00,0.0
2017-04-13 20:00:00,0.0
2017-04-13 21:00:00,0.0
2017-04-13 22:00:00,0.0
2017-04-13 23:00:00,0.0
2017-04-14 00:00:00,0.0
2017-04-14 01:00:00,0.0
2017-04-14 02:00:00,0.0
2017-04-14 03:00:00,0.0
2017-04-14 04:00:00,0.0
2017-04-14 05:00:00,7.62
2017-04-14 06:00:00,113.85
2017-04-14 07:00:00,291.92
2017-04-14 08:00:00,486.73
2017-04-14 09:00:00,637.7
2017-04-14 10:00:00,733.95
2017-04-14 11:00:00,747.5
2017-04-14 12:00:00,809.5
2017-04-14 13:00:00,734.58
2017-04-14 14:00:00,599.8
2017-04-14 15:00:00,384.85
2017-04-14 16:00:00,178.52
2017-04-14 17:00:00,26.45
2017-04-14 18:00:00,0.0
2017-04-14 19:00:00,0.0
2017-04-14 20:00:00,0.0
2017-04-14 21:00:00,0.0
2017-04-14 22:00:00,0.0
2017-04-14 23:00:00,0.0
2017-04-15 00:00:00,0.0
2017-04-15 01:00:00,0.0
2017-04-15 02:00:00,0.0
2017-04-15 03:00:00,0.0
2017-04-15 04:00:00,0.0
2017-04-15 05:00:00,10.18
2017-04-15 06:00:00,145.8
2017-04-15 07:00:00,360.17
2017-04-15 08:00:00,559.65
2017-04-15 09:00:00,783.62
2017-04-15 10:00:00,887.55
2017-04-15 11:00:00,915.22
2017-04-15 12:00:00,870.58
2017-04-15 13:00:00,813.4
2017-04-15 14:00:00,648.08
2017-04-15 15:00:00,429.6
2017-04-15 16:00:00,201.88
2017-04-15 17:00:00,28.5
2017-04-15 18:00:00,0.0
2017-04-15 19:00:00,0.0
2017-04-15 20:00:00,0.0
2017-04-15 21:00:00,0.0
2017-04-15 22:00:00,0.0
2017-04-15 23:00:00,0.0
2017-04-16 00:00:00,0.0
2017-04-16 01:00:00,0.0
2017-04-16 02:00:00,0.0
2017-04-16 03:00:00,0.0
2017-04-16 04:00:00,0.0
2017-04-16 05:00:00,10.5
2017-04-16 06:00:00,151.18
2017-04-16 07:00:00,374.6
2017-04-16 08:00:00,584.65
2017-04-16 09:00:00,807.55
2017-04-16 10:00:00,893.45
2017-04-16 11:00:00,934.08
2017-04-16 12:00:00,915.42
2017-04-16 13:00:00,808.3
2017-04-16 14:00:00,634.97
2017-04-16 15:00:00,423.6
2017-04-16 16:00:00,193.23
2017-04-16 17:00:00,20.5
2017-04-16 18:00:00,0.0
2017-04-16 19:00:00,0.0
2017-04-16 20:00:00,0.0
2017-04-16 21:00:00,0.0
2017-04-16 22:00:00,0.0
2017-04-16 23:00:00,0.0
2017-04-17 00:00:00,0.0
2017-04-17 01:00:00,0.0
2017-04-17 02:00:00,0.0
2017-04-17 03:00:00,0.0
2017-04-17 04:00:00,0.0
2017-04-17 05:00:00,9.52
2017-04-17 06:00:00,128.75
2017-04-17 07:00:00,315.0
2017-04-17 08:00:00,539.58
2017-04-17 09:00:00,768.45
2017-04-17 10:00:00,838.5
2017-04-17 11:00:00,830.42
2017-04-17 12:00:00,757.47
2017-04-17 13:00:00,732.12
2017-04-17 14:00:00,593.88
2017-04-17 15:00:00,391.4
2017-04-17 16:00:00,172.38
2017-04-17 17:00:00,25.56
2017-04-17 18:00:00,0.0
2017-04-17 19:00:00,0.0
2017-04-17 20:00:00,0.0
2017-04-17 21:00:00,0.0
2017-04-17 22:00:00,0.0
2017-04-17 23:00:00,0.0
2017-04-18 00:00:00,0.0
2017-04-18 01:00:00,0.0
2017-04-18 02:00:00,0.0
2017-04-18 03:00:00,0.0
2017-04-18 04:00:00,0.0
2017-04-18 05:00:00,9.82
2017-04-18 06:00:00,131.12
2017-04-18 07:00:00,332.8
2017-04-18 08:00:00,534.15
2017-04-18 09:00:00,758.22
2017-04-18 10:00:00,868.03
2017-04-18 11:00:00,853.95
2017-04-18 12:00:00,913.55
2017-04-18 13:00:00,801.28
2017-04-18 14:00:00,637.8
2017-04-18 15:00:00,424.48
2017-04-18 16:00:00,198.0
2017-04-18 17:00:00,27.5
2017-04-18 18:00:00,0.0
2017-04-18 19:00:00,0.0
2017-04-18 20:00:00,0.0
2017-04-18 21:00:00,0.0
2017-04-18 22:00:00,0.0
2017-04-18 23:00:00,0.0
2017-04-19 00:00:00,0.0
2017-04-19 01:00:00,0.0
2017-04-19 02:00:00,0.0
2017-04-19 03:00:00,0.0
2017-04-19 04:00:00,0.0
2017-04-19 05:00:00,10.82
2017-04-19 06:00:00,131.52
2017-04-19 07:00:00,327.02
2017-04-19 08:00:00,516.03
2017-04-19 09:00:00,754.47
2017-04-19 10:00:00,872.97
2017-04-19 11:00:00,879.65
2017-04-19 12:00:00,875.1
2017-04-19 13:00:00,815.12
2017-04-19 14:00:00,645.58
2017-04-19 15:00:00,429.0
2017-04-19 16:00:00,199.35
2017-04-19 17:00:00,17.73
2017-04-19 18:00:00,0.0
2017-04-19 19:00:00,0.0
2017-04-19 20:00:00,0.0
2017-04-19 21:00:00,0.0
2017-04-19 22:00:00,0.0
2017-04-19 23:00:00,0.0
2017-04-20 00:00:00,0.0
2017-04-20 01:00:00,0.0
2017-04-20 02:00:00,0.0
2017-04-20 03:00:00,0.0
2017-04-20 04:00:00,0.0
2017-04-20 05:00:00,10.52
2017-04-20 06:00:00,122.4
2017-04-20 07:00:00,306.73
2017-04-20 08:00:00,496.98
2017-04-20 09:00:00,666.17
2017-04-20 10:00:00,805.75
2017-04-20 11:00:00,838.5
2017-04-20 12:00:00,793.83
2017-04-20 13:00:00,717.33
2017-04-20 14:00:00,566.17
2017-04-20 15:00:00,359.38
2017-04-20 16:00:00,163.55
2017-04-20 17:00:00,24.45
2017-04-20 18:00:00,0.0
2017-04-20 19:00:00,0.0
2017-04-20 20:00:00,0.0
2017-04-20 21:00:00,0.0
2017-04-20 22:00:00,0.0
2017-04-20 23:00:00,0.0
2017-04-21 00:00:00,0.0
2017-04-21 01:00:00,0.0
2017-04-21 02:00:00,0.0
2017-04-21 03:00:00,0.0
2017-04-21 04:00:00,0.0
2017-04-21 05:00:00,11.0
2017-04-21 06:00:00,124.88
2017-04-21 07:00:00,291.73
2017-04-21 08:00:00,506.05
2017-04-21 09:00:00,701.38
2017-04-21 10:00:00,837.8
2017-04-21 11:00:00,826.12
2017-04-21 12:00:00,816.55
2017-04-21 13:00:00,782.85
2017-04-21 14:00:00,605.47
2017-04-21 15:00:00,410.62
2017-04-21 16:00:00,185.7
2017-04-21 17:00:00,25.02
2017-04-21 18:00:00,0.0
2017-04-21 19:00:00,0.0
2017-04-21 20:00:00,0.0
2017-04-21 21:00:00,0.0
2017-04-21 22:00:00,0.0
2017-04-21 23:00:00,0.0
2017-04-22 00:00:00,0.0
2017-04-22 01:00:00,0.0
2017-04-22 02:00:00,0.0
2017-04-22 03:00:00,0.0
2017-04-22 04:00:00,0.0
2017-04-22 05:00:00,10.52
2017-04-22 06:00:00,128.95
2017-04-22 07:00:00,319.73
2017-04-22 08:00:00,519.1
2017-04-22 09:00:00,739.0
2017-04-22 10:00:00,820.1
2017-04-22 11:00:00,848.53
2017-04-22 12:00:00,863.4
2017-04-22 13:00:00,694.47
2017-04-22 14:00:00,563.4
2017-04-22 15:00:00,381.62
2017-04-22 16:00:00,179.07
2017-04-22 17:00:00,25.98
2017-04-22 18:00:00,0.0
2017-04-22 19:00:00,0.0
2017-04-22 20:00:00,0.0
2017-04-22 21:00:00,0.0
2017-04-22 22:00:00,0.0
2017-04-22 23:00:00,0.0
2017-04-23 00:00:00,0.0
2017-04-23 01:00:00,0.0
2017-04-23 02:00:00,0.0
2017-04-23 03:00:00,0.0
2017-04-23 04:00:00,0.0
2017-04-23 05:00:00,10.95
2017-04-23 06:00:00,132.38
2017-04-23 07:00:00,327.3
2017-04-23 08:00:00,527.4
2017-04-23 09:00:00,759.0
2017-04-23 10:00:00,879.67
2017-04-23 11:00:00,888.42
2017-04-23 12:00:00,866.97
2017-04-23 13:00:00,799.67
2017-04-23 14:00:00,624.72
2017-04-23 15:00:00,417.92
2017-04-23 16:00:00,194.23
2017-04-23 17:00:00,20.5
2017-04-23 18:00:00,0.0
2017-04-23 19:00:00,0.0
2017-04-23 20:00:00,0.0
2017-04-23 21:00:00,0.0
2017-04-23 22:00:00,0.0
2017-04-23 23:00:00,0.0
2017-04-24 00:00:00,0.0
2017-04-24 01:00:00,0.0
2017-04-24 02:00:00,0.0
2017-04-24 03:00:00,0.0
2017-04-24 04:00:00,0.0
2017-04-24 05:00:00,12.2
2017-04-24 06:00:00,134.07
2017-04-24 07:00:00,319.8
2017-04-24 08:00:00,518.42
2017-04-24 09:00:00,708.58
2017-04-24 10:00:00,878.6
2017-04-24 11:00:00,859.03
2017-04-24 12:00:00,894.6
2017-04-24 13:00:00,795.97
2017-04-24 14:00:00,629.0
2017-04-24 15:00:00,417.35
2017-04-24 16:00:00,194.48
2017-04-24 17:00:00,27.77
2017-04-24 18:00:00,0.0
2017-04-24 19:00:00,0.0
2017-04-24 20:00:00,0.0
2017-04-24 21:00:00,0.0
2017-04-24 22:00:00,0.0
2017-04-24 23:00:00,0.0
2017-04-25 00:00:00,0.0
2017-04-25 01:00:00,0.0
2017-04-25 02:00:00,0.0
2017-04-25 03:00:00,0.0
2017-04-25 04:00:00,0.0
2017-04-25 05:00:00,12.75
2017-04-25 06:00:00,140.43
2017-04-25 07:00:00,328.65
2017-04-25 08:00:00,531.6
2017-04-25 09:00:00,751.17
2017-04-25 10:00:00,872.62
2017-04-25 11:00:00,861.88
2017-04-25 12:00:00,829.97
2017-04-25 13:00:00,791.8
2017-04-25 14:00:00,587.35
2017-04-25 15:00:00,403.67
2017-04-25 16:00:00,185.45
2017-04-25 17:00:00,19.15
2017-04-25 18:00:00,0.0
2017-04-25 19:00:00,0.0
2017-04-25 20:00:00,0.0
2017-04-25 21:00:00,0.0
2017-04-25 22:00:00,0.0
2017-04-25 23:00:00,0.0
2017-04-26 00:00:00,0.0
2017-04-26 01:00:00,0.0
2017-04-26 02:00:00,0.0
2017-04-26 03:00:00,0.0
2017-04-26 04:00:00,0.0
2017-04-26 05:00:00,13.73
2017-04-26 06:00:00,145.38
2017-04-26 07:00:00,340.0
2017-04-26 08:00:00,543.72
2017-04-26 09:00:00,769.58
2017-04-26 10:00:00,770.55
2017-04-26 11:00:00,873.33
2017-04-26 12:00:00,879.65
2017-04-26 13:00:00,756.53
2017-04-26 14:00:00,653.22
2017-04-26 15:00:00,437.58
2017-04-26 16:00:00,209.48
2017-04-26 17:00:00,30.6
2017-04-26 18:00:00,0.0
2017-04-26 19:00:00,0.0
2017-04-26 20:00:00,0.0
2017-04-26 21:00:00,0.0
2017-04-26 22:00:00,0.0
2017-04-26 23:00:00,0.0
2017-04-27 00:00:00,0.0
2017-04-27 01:00:00,0.0
2017-04-27 02:00:00,0.0
2017-04-27 03:00:00,0.0
2017-04-27 04:00:00,0.0
2017-04-27 05:00:00,14.55
2017-04-27 06:00:00,154.4
2017-04-27 07:00:00,360.85
2017-04-27 08:00:00,579.9
2017-04-27 09:00:00,791.58
2017-04-27 10:00:00,911.08
2017-04-27 11:00:00,914.85
2017-04-27 12:00:00,920.08
2017-04-27 13:00:00,821.38
2017-04-27 14:00:00,677.8
2017-04-27 15:00:00,463.67
2017-04-27 16:00:00,226.95
2017-04-27 17:00:00,30.33
2017-04-27 18:00:00,0.0
2017-04-27 19:00:00,0.0
2017-04-27 20:00:00,0.0
2017-04-27 21:00:00,0.0
2017-04-27 22:00:00,0.0
2017-04-27 23:00:00,0.0
2017-04-28 00:00:00,0.0
2017-04-28 01:00:00,0.0
2017-04-28 02:00:00,0.0
2017-04-28 03:00:00,0.0
2017-04-28 04:00:00,0.0
2017-04-28 05:00:00,16.05
2017-04-28 06:00:00,156.68
2017-04-28 07:00:00,355.5
2017-04-28 08:00:00,559.53
2017-04-28 09:00:00,794.53
2017-04-28 10:00:00,868.7
2017-04-28 11:00:00,936.53
2017-04-28 12:00:00,908.42
2017-04-28 13:00:00,806.35
2017-04-28 14:00:00,640.9
2017-04-28 15:00:00,428.83
2017-04-28 16:00:00,184.43
2017-04-28 17:00:00,21.83
2017-04-28 18:00:00,0.0
2017-04-28 19:00:00,0.0
2017-04-28 20:00:00,0.0
2017-04-28 21:00:00,0.0
2017-04-28 22:00:00,0.0
2017-04-28 23:00:00,0.0
2017-04-29 00:00:00,0.0
2017-04-29 01:00:00,0.0
2017-04-29 02:00:00,0.0
2017-04-29 03:00:00,0.0
2017-04-29 04:00:00,0.0
2017-04-29 05:00:00,13.85
2017-04-29 06:00:00,153.85
2017-04-29 07:00:00,368.45
2017-04-29 08:00:00,565.53
2017-04-29 09:00:00,761.53
2017-04-29 10:00:00,831.4
2017-04-29 11:00:00,896.25
2017-04-29 12:00:00,877.0
2017-04-29 13:00:00,773.33
2017-04-29 14:00:00,540.22
2017-04-29 15:00:00,362.88
2017-04-29 16:00:00,171.57
2017-04-29 17:00:00,25.55
2017-04-29 18:00:00,0.0
2017-04-29 19:00:00,0.0
2017-04-29 20:00:00,0.0
2017-04-29 21:00:00,0.0
2017-04-29 22:00:00,0.0
2017-04-29 23:00:00,0.0
2017-04-30 00:00:00,0.0
2017-04-30 01:00:00,0.0
2017-04-30 02:00:00,0.0
2017-04-30 03:00:00,0.0
2017-04-30 04:00:00,0.0
2017-04-30 05:00:00,14.07
2017-04-30 06:00:00,143.0
2017-04-30 07:00:00,335.0
2017-04-30 08:00:00,537.78
2017-04-30 09:00:00,768.6
2017-04-30 10:00:00,871.28
2017-04-30 11:00:00,823.45
2017-04-30 12:00:00,836.22
2017-04-30 13:00:00,743.83
2017-04-30 14:00:00,615.85
2017-04-30 15:00:00,414.73
2017-04-30 16:00:00,194.73
2017-04-30 17:00:00,21.95
2017-04-30 18:00:00,0.0
2017-04-30 19:00:00,0.0
2017-04-30 20:00:00,0.0
2017-04-30 21:00:00,0.0
2017-04-30 22:00:00,0.0
2017-04-30 23:00:00,0.0
2017-05-01 00:00:00,0.0
2017-05-01 01:00:00,0.0
2017-05-01 02:00:00,0.0
2017-05-01 03:00:00,0.0
2017-05-01 04:00:00,0.0
2017-05-01 05:00:00,12.43
2017-05-01 06:00:00,132.23
2017-05-01 07:00:00,329.75
2017-05-01 08:00:00,532.08
2017-05-01 09:00:00,729.47
2017-05-01 10:00:00,849.42
2017-05-01 11:00:00,717.67
2017-05-01 12:00:00,888.08
2017-05-01 13:00:00,783.83
2017-05-01 14:00:00,617.67
2017-05-01 15:00:00,412.6
2017-05-01 16:00:00,197.8
2017-05-01 17:00:00,29.77
2017-05-01 18:00:00,0.0
2017-05-01 19:00:00,0.0
2017-05-01 20:00:00,0.0
2017-05-01 21:00:00,0.0
2017-05-01 22:00:00,0.0
2017-05-01 23:00:00,0.0
2017-05-02 00:00:00,0.0
2017-05-02 01:00:00,0.0
2017-05-02 02:00:00,0.0
2017-05-02 03:00:00,0.0
2017-05-02 04:00:00,0.0
2017-05-02 05:00:00,17.2
2017-05-02 06:00:00,161.55
2017-05-02 07:00:00,354.77
2017-05-02 08:00:00,556.9
2017-05-02 09:00:00,765.83
2017-05-02 10:00:00,806.08
2017-05-02 11:00:00,947.72
2017-05-02 12:00:00,916.72
2017-05-02 13:00:00,818.15
2017-05-02 14:00:00,618.1
2017-05-02 15:00:00,431.48
2017-05-02 16:00:00,207.07
2017-05-02 17:00:00,27.15
2017-05-02 18:00:00,0.0
2017-05-02 19:00:00,0.0
2017-05-02 20:00:00,0.0
2017-05-02 21:00:00,0.0
2017-05-02 22:00:00,0.0
2017-05-02 23:00:00,0.0
2017-05-03 00:00:00,0.0
2017-05-03 01:00:00,0.0
2017-05-03 02:00:00,0.0
2017-05-03 03:00:00,0.0
2017-05-03 04:00:00,0.0
2017-05-03 05:00:00,18.92
2017-05-03 06:00:00,176.52
2017-05-03 07:00:00,376.52
2017-05-03 08:00:00,580.72
2017-05-03 09:00:00,810.7
2017-05-03 10:00:00,923.05
2017-05-03 11:00:00,877.15
2017-05-03 12:00:00,904.53
2017-05-03 13:00:00,844.45
2017-05-03 14:00:00,676.58
2017-05-03 15:00:00,460.0
2017-05-03 16:00:00,232.38
2017-05-03 17:00:00,35.67
2017-05-03 18:00:00,0.0
2017-05-03 19:00:00,0.0
2017-05-03 20:00:00,0.0
2017-05-03 21:00:00,0.0
2017-05-03 22:00:00,0.0
2017-05-03 23:00:00,0.0
2017-05-04 00:00:00,0.0
2017-05-04 01:00:00,0.0
2017-05-04 02:00:00,0.0
2017-05-04 03:00:00,0.0
2017-05-04 04:00:00,0.0
2017-05-04 05:00:00,21.9
2017-05-04 06:00:00,183.18
2017-05-04 07:00:00,385.0
2017-05-04 08:00:00,591.92
2017-05-04 09:00:00,688.95
2017-05-04 10:00:00,882.8
2017-05-04 11:00:00,918.83
2017-05-04 12:00:00,894.25
2017-05-04 13:00:00,851.5
2017-05-04 14:00:00,645.75
2017-05-04 15:00:00,467.92
2017-05-04 16:00:00,229.93
2017-05-04 17:00:00,33.88
2017-05-04 18:00:00,0.0
2017-05-04 19:00:00,0.0
2017-05-04 20:00:00,0.0
2017-05-04 21:00:00,0.0
2017-05-04 22:00:00,0.0
2017-05-04 23:00:00,0.0
2017-05-05 00:00:00,0.0
2017-05-05 01:00:00,0.0
2017-05-05 02:00:00,0.0
2017-05-05 03:00:00,0.0
2017-05-05 04:00:00,0.0
2017-05-05 05:00:00,16.9
2017-05-05 06:00:00,167.52
2017-05-05 07:00:00,381.42
2017-05-05 08:00:00,587.75
2017-05-05 09:00:00,802.17
2017-05-05 10:00:00,887.0
2017-05-05 11:00:00,926.83
2017-05-05 12:00:00,945.4
2017-05-05 13:00:00,856.4
2017-05-05 14:00:00,686.85
2017-05-05 15:00:00,474.92
2017-05-05 16:00:00,222.0
2017-05-05 17:00:00,31.92
2017-05-05 18:00:00,0.0
2017-05-05 19:00:00,0.0
2017-05-05 20:00:00,0.0
2017-05-05 21:00:00,0.0
2017-05-05 22:00:00,0.0
2017-05-05 23:00:00,0.0
2017-05-06 00:00:00,0.0
2017-05-06 01:00:00,0.0
2017-05-06 02:00:00,0.0
2017-05-06 03:00:00,0.0
2017-05-06 04:00:00,0.0
2017-05-06 05:00:00,20.08
2017-05-06 06:00:00,179.98
2017-05-06 07:00:00,392.73
2017-05-06 08:00:00,602.78
2017-05-06 09:00:00,817.5
2017-05-06 10:00:00,926.58
2017-05-06 11:00:00,938.15
2017-05-06 12:00:00,908.3
2017-05-06 13:00:00,850.25
2017-05-06 14:00:00,683.4
2017-05-06 15:00:00,467.3
2017-05-06 16:00:00,232.43
2017-05-06 17:00:00,34.62
2017-05-06 18:00:00,0.0
2017-05-06 19:00:00,0.0
2017-05-06 20:00:00,0.0
2017-05-06 21:00:00,0.0
2017-05-06 22:00:00,0.0
2017-05-06 23:00:00,0.0
2017-05-07 00:00:00,0.0
2017-05-07 01:00:00,0.0
2017-05-07 02:00:00,0.0
2017-05-07 03:00:00,0.0
2017-05-07 04:00:00,0.0
2017-05-07 05:00:00,21.05
2017-05-07 06:00:00,184.75
2017-05-07 07:00:00,391.33
2017-05-07 08:00:00,593.35
2017-05-07 09:00:00,807.33
2017-05-07 10:00:00,897.62
2017-05-07 11:00:00,971.1
2017-05-07 12:00:00,852.03
2017-05-07 13:00:00,814.2
2017-05-07 14:00:00,647.9
2017-05-07 15:00:00,466.95
2017-05-07 16:00:00,240.23
2017-05-07 17:00:00,39.12
2017-05-07 18:00:00,0.0
2017-05-07 19:00:00,0.0
2017-05-07 20:00:00,0.0
2017-05-07 21:00:00,0.0
2017-05-07 22:00:00,0.0
2017-05-07 23:00:00,0.0
2017-05-08 00:00:00,0.0
2017-05-08 01:00:00,0.0
2017-05-08 02:00:00,0.0
2017-05-08 03:00:00,0.0
2017-05-08 04:00:00,0.0
2017-05-08 05:00:00,19.4
2017-05-08 06:00:00,173.82
2017-05-08 07:00:00,378.1
2017-05-08 08:00:00,589.55
2017-05-08 09:00:00,785.75
2017-05-08 10:00:00,915.95
2017-05-08 11:00:00,951.83
2017-05-08 12:00:00,827.35
2017-05-08 13:00:00,741.65
2017-05-08 14:00:00,548.55
2017-05-08 15:00:00,375.5
2017-05-08 16:00:00,184.68
2017-05-08 17:00:00,33.65
2017-05-08 18:00:00,0.0
2017-05-08 19:00:00,0.0
2017-05-08 20:00:00,0.0
2017-05-08 21:00:00,0.0
2017-05-08 22:00:00,0.0
2017-05-08 23:00:00,0.0
2017-05-09 00:00:00,0.0
2017-05-09 01:00:00,0.0
2017-05-09 02:00:00,0.0
2017-05-09 03:00:00,0.0
2017-05-09 04:00:00,0.0
2017-05-09 05:00:00,20.1
2017-05-09 06:00:00,162.23
2017-05-09 07:00:00,339.62
2017-05-09 08:00:00,547.35
2017-05-09 09:00:00,728.35
2017-05-09 10:00:00,837.2
2017-05-09 11:00:00,921.35
2017-05-09 12:00:00,895.92
2017-05-09 13:00:00,813.9
2017-05-09 14:00:00,577.7
2017-05-09 15:00:00,394.42
2017-05-09 16:00:00,213.02
2017-05-09 17:00:00,32.12
2017-05-09 18:00:00,0.0
2017-05-09 19:00:00,0.0
2017-05-09 20:00:00,0.0
2017-05-09 21:00:00,0.0
2017-05-09 22:00:00,0.0
2017-05-09 23:00:00,0.0
2017-05-10 00:00:00,0.0
2017-05-10 01:00:00,0.0
2017-05-10 02:00:00,0.0
2017-05-10 03:00:00,0.0
2017-05-10 04:00:00,0.0
2017-05-10 05:00:00,13.18
2017-05-10 06:00:00,103.82
2017-05-10 07:00:00,241.48
2017-05-10 08:00:00,396.33
2017-05-10 09:00:00,521.72
2017-05-10 10:00:00,793.12
2017-05-10 11:00:00,808.53
2017-05-10 12:00:00,495.15
2017-05-10 13:00:00,677.05
2017-05-10 14:00:00,523.17
2017-05-10 15:00:00,344.6
2017-05-10 16:00:00,171.0
2017-05-10 17:00:00,32.67
2017-05-10 18:00:00,0.0
2017-05-10 19:00:00,0.0
2017-05-10 20:00:00,0.0
2017-05-10 21:00:00,0.0
2017-05-10 22:00:00,0.0
2017-05-10 23:00:00,0.0
2017-05-11 00:00:00,0.0
2017-05-11 01:00:00,0.0
2017-05-11 02:00:00,0.0
2017-05-11 03:00:00,0.0
2017-05-11 04:00:00,0.0
2017-05-11 05:00:00,17.88
2017-05-11 06:00:00,117.18
2017-05-11 07:00:00,272.98
2017-05-11 08:00:00,443.33
2017-05-11 09:00:00,599.22
2017-05-11 10:00:00,697.83
2017-05-11 11:00:00,604.9
2017-05-11 12:00:00,571.67
2017-05-11 13:00:00,554.97
2017-05-11 14:00:00,515.3
2017-05-11 15:00:00,405.33
2017-05-11 16:00:00,199.35
2017-05-11 17:00:00,33.92
2017-05-11 18:00:00,0.0
2017-05-11 19:00:00,0.0
2017-05-11 20:00:00,0.0
2017-05-11 21:00:00,0.0
2017-05-11 22:00:00,0.0
2017-05-11 23:00:00,0.0
2017-05-12 00:00:00,0.0
2017-05-12 01:00:00,0.0
2017-05-12 02:00:00,0.0
2017-05-12 03:00:00,0.0
2017-05-12 04:00:00,0.0
2017-05-12 05:00:00,18.98
2017-05-12 06:00:00,168.93
2017-05-12 07:00:00,379.77
2017-05-12 08:00:00,553.45
2017-05-12 09:00:00,789.28
2017-05-12 10:00:00,898.33
2017-05-12 11:00:00,942.0
2017-05-12 12:00:00,913.6
2017-05-12 13:00:00,821.25
2017-05-12 14:00:00,642.53
2017-05-12 15:00:00,451.98
2017-05-12 16:00:00,217.05
2017-05-12 17:00:00,34.03
2017-05-12 18:00:00,0.0
2017-05-12 19:00:00,0.0
2017-05-12 20:00:00,0.0
2017-05-12 21:00:00,0.0
2017-05-12 22:00:00,0.0
2017-05-12 23:00:00,0.0
2017-05-13 00:00:00,0.0
2017-05-13 01:00:00,0.0
2017-05-13 02:00:00,0.0
2017-05-13 03:00:00,0.0
2017-05-13 04:00:00,0.0
2017-05-13 05:00:00,21.88
2017-05-13 06:00:00,179.75
2017-05-13 07:00:00,373.75
2017-05-13 08:00:00,582.03
2017-05-13 09:00:00,779.72
2017-05-13 10:00:00,878.78
2017-05-13 11:00:00,811.88
2017-05-13 12:00:00,818.88
2017-05-13 13:00:00,775.72
2017-05-13 14:00:00,664.0
2017-05-13 15:00:00,454.7
2017-05-13 16:00:00,225.8
2017-05-13 17:00:00,34.2
2017-05-13 18:00:00,0.0
2017-05-13 19:00:00,0.0
2017-05-13 20:00:00,0.0
2017-05-13 21:00:00,0.0
2017-05-13 22:00:00,0.0
2017-05-13 23:00:00,0.0
2017-05-14 00:00:00,0.0
2017-05-14 01:00:00,0.0
2017-05-14 02:00:00,0.0
2017-05-14 03:00:00,0.0
2017-05-14 04:00:00,0.0
2017-05-14 05:00:00,19.92
2017-05-14 06:00:00,152.82
2017-05-14 07:00:00,351.75
2017-05-14 08:00:00,549.42
2017-05-14 09:00:00,743.05
2017-05-14 10:00:00,845.15
2017-05-14 11:00:00,910.42
2017-05-14 12:00:00,888.83
2017-05-14 13:00:00,722.05
2017-05-14 14:00:00,603.42
2017-05-14 15:00:00,414.02
2017-05-14 16:00:00,197.52
2017-05-14 17:00:00,26.55
2017-05-14 18:00:00,0.0
2017-05-14 19:00:00,0.0
2017-05-14 20:00:00,0.0
2017-05-14 21:00:00,0.0
2017-05-14 22:00:00,0.0
2017-05-14 23:00:00,0.0
2017-05-15 00:00:00,0.0
2017-05-15 01:00:00,0.0
2017-05-15 02:00:00,0.0
2017-05-15 03:00:00,0.0
2017-05-15 04:00:00,0.0
2017-05-15 05:00:00,17.83
2017-05-15 06:00:00,146.65
2017-05-15 07:00:00,343.7
2017-05-15 08:00:00,534.97
2017-05-15 09:00:00,747.67
2017-05-15 10:00:00,818.8
2017-05-15 11:00:00,888.08
2017-05-15 12:00:00,837.95
2017-05-15 13:00:00,728.6
2017-05-15 14:00:00,593.17
2017-05-15 15:00:00,407.17
2017-05-15 16:00:00,192.02
2017-05-15 17:00:00,31.67
2017-05-15 18:00:00,0.0
2017-05-15 19:00:00,0.0
2017-05-15 20:00:00,0.0
2017-05-15 21:00:00,0.0
2017-05-15 22:00:00,0.0
2017-05-15 23:00:00,0.0
2017-05-16 00:00:00,0.0
2017-05-16 01:00:00,0.0
2017-05-16 02:00:00,0.0
2017-05-16 03:00:00,0.0
2017-05-16 04:00:00,0.0
2017-05-16 05:00:00,17.95
2017-05-16 06:00:00,140.62
2017-05-16 07:00:00,320.75
2017-05-16 08:00:00,505.05
2017-05-16 09:00:00,670.75
2017-05-16 10:00:00,800.15
2017-05-16 11:00:00,771.6
2017-05-16 12:00:00,738.88
2017-05-16 13:00:00,676.35
2017-05-16 14:00:00,543.6
2017-05-16 15:00:00,347.98
2017-05-16 16:00:00,172.35
2017-05-16 17:00:00,29.08
2017-05-16 18:00:00,0.0
2017-05-16 19:00:00,0.0
2017-05-16 20:00:00,0.0
2017-05-16 21:00:00,0.0
2017-05-16 22:00:00,0.0
2017-05-16 23:00:00,0.0
2017-05-17 00:00:00,0.0
2017-05-17 01:00:00,0.0
2017-05-17 02:00:00,0.0
2017-05-17 03:00:00,0.0
2017-05-17 04:00:00,0.0
2017-05-17 05:00:00,17.62
2017-05-17 06:00:00,143.38
2017-05-17 07:00:00,310.98
2017-05-17 08:00:00,494.62
2017-05-17 09:00:00,727.25
2017-05-17 10:00:00,821.65
2017-05-17 11:00:00,870.55
2017-05-17 12:00:00,777.25
2017-05-17 13:00:00,742.08
2017-05-17 14:00:00,582.83
2017-05-17 15:00:00,367.17
2017-05-17 16:00:00,165.07
2017-05-17 17:00:00,30.3
2017-05-17 18:00:00,0.0
2017-05-17 19:00:00,0.0
2017-05-17 20:00:00,0.0
2017-05-17 21:00:00,0.0
2017-05-17 22:00:00,0.0
2017-05-17 23:00:00,0.0
2017-05-18 00:00:00,0.0
2017-05-18 01:00:00,0.0
2017-05-18 02:00:00,0.0
2017-05-18 03:00:00,0.0
2017-05-18 04:00:00,0.0
2017-05-18 05:00:00,17.45
2017-05-18 06:00:00,135.7
2017-05-18 07:00:00,298.15
2017-05-18 08:00:00,490.77
2017-05-18 09:00:00,650.17
2017-05-18 10:00:00,792.47
2017-05-18 11:00:00,820.12
2017-05-18 12:00:00,799.7
2017-05-18 13:00:00,728.62
2017-05-18 14:00:00,569.47
2017-05-18 15:00:00,377.02
2017-05-18 16:00:00,175.07
2017-05-18 17:00:00,28.0
2017-05-18 18:00:00,0.0
2017-05-18 19:00:00,0.0
2017-05-18 20:00:00,0.0
2017-05-18 21:00:00,0.0
2017-05-18 22:00:00,0.0
2017-05-18 23:00:00,0.0
2017-05-19 00:00:00,0.0
2017-05-19 01:00:00,0.0
2017-05-19 02:00:00,0.0
2017-05-19 03:00:00,0.0
2017-05-19 04:00:00,0.0
2017-05-19 05:00:00,16.67
2017-05-19 06:00:00,139.15
2017-05-19 07:00:00,307.33
2017-05-19 08:00:00,478.02
2017-05-19 09:00:00,632.25
2017-05-19 10:00:00,779.62
2017-05-19 11:00:00,802.28
2017-05-19 12:00:00,733.72
2017-05-19 13:00:00,627.9
2017-05-19 14:00:00,446.42
2017-05-19 15:00:00,331.8
2017-05-19 16:00:00,162.48
2017-05-19 17:00:00,29.85
2017-05-19 18:00:00,0.0
2017-05-19 19:00:00,0.0
2017-05-19 20:00:00,0.0
2017-05-19 21:00:00,0.0
2017-05-19 22:00:00,0.0
2017-05-19 23:00:00,0.0
2017-05-20 00:00:00,0.0
2017-05-20 01:00:00,0.0
2017-05-20 02:00:00,0.0
2017-05-20 03:00:00,0.0
2017-05-20 04:00:00,0.0
2017-05-20 05:00:00,17.77
2017-05-20 06:00:00,141.07
2017-05-20 07:00:00,313.55
2017-05-20 08:00:00,501.0
2017-05-20 09:00:00,679.88
2017-05-20 10:00:00,739.17
2017-05-20 11:00:00,864.47
2017-05-20 12:00:00,828.12
2017-05-20 13:00:00,721.75
2017-05-20 14:00:00,568.35
2017-05-20 15:00:00,396.75
2017-05-20 16:00:00,189.7
2017-05-20 17:00:00,32.42
2017-05-20 18:00:00,0.0
2017-05-20 19:00:00,0.0
2017-05-20 20:00:00,0.0
2017-05-20 21:00:00,0.0
2017-05-20 22:00:00,0.0
2017-05-20 23:00:00,0.0
2017-05-21 00:00:00,0.0
2017-05-21 01:00:00,0.0
2017-05-21 02:00:00,0.0
2017-05-21 03:00:00,0.0
2017-05-21 04:00:00,0.0
2017-05-21 05:00:00,17.35
2017-05-21 06:00:00,129.55
2017-05-21 07:00:00,295.85
2017-05-21 08:00:00,456.65
2017-05-21 09:00:00,599.47
2017-05-21 10:00:00,704.3
2017-05-21 11:00:00,712.65
2017-05-21 12:00:00,742.83
2017-05-21 13:00:00,664.7
2017-05-21 14:00:00,505.95
2017-05-21 15:00:00,313.65
2017-05-21 16:00:00,152.9
2017-05-21 17:00:00,29.9
2017-05-21 18:00:00,0.0
2017-05-21 19:00:00,0.0
2017-05-21 20:00:00,0.0
2017-05-21 21:00:00,0.0
2017-05-21 22:00:00,0.0
2017-05-21 23:00:00,0.0
2017-05-22 00:00:00,0.0
2017-05-22 01:00:00,0.0
2017-05-22 02:00:00,0.0
2017-05-22 03:00:00,0.0
2017-05-22 04:00:00,0.0
2017-05-22 05:00:00,17.98
2017-05-22 06:00:00,142.77
2017-05-22 07:00:00,299.85
2017-05-22 08:00:00,485.1
2017-05-22 09:00:00,690.92
2017-05-22 10:00:00,805.2
2017-05-22 11:00:00,839.25
2017-05-22 12:00:00,757.78
2017-05-22 13:00:00,714.78
2017-05-22 14:00:00,551.0
2017-05-22 15:00:00,399.3
2017-05-22 16:00:00,193.5
2017-05-22 17:00:00,35.33
2017-05-22 18:00:00,0.0
2017-05-22 19:00:00,0.0
2017-05-22 20:00:00,0.0
2017-05-22 21:00:00,0.0
2017-05-22 22:00:00,0.0
2017-05-22 23:00:00,0.0
2017-05-23 00:00:00,0.0
2017-05-23 01:00:00,0.0
2017-05-23 02:00:00,0.0
2017-05-23 03:00:00,0.0
2017-05-23 04:00:00,0.0
2017-05-23 05:00:00,16.9
2017-05-23 06:00:00,146.7
2017-05-23 07:00:00,316.23
2017-05-23 08:00:00,509.83
2017-05-23 09:00:00,694.75
2017-05-23 10:00:00,808.08
2017-05-23 11:00:00,767.88
2017-05-23 12:00:00,719.53
2017-05-23 13:00:00,516.55
2017-05-23 14:00:00,399.02
2017-05-23 15:00:00,261.7
2017-05-23 16:00:00,118.62
2017-05-23 17:00:00,21.48
2017-05-23 18:00:00,0.0
2017-05-23 19:00:00,0.0
2017-05-23 20:00:00,0.0
2017-05-23 21:00:00,0.0
2017-05-23 22:00:00,0.0
2017-05-23 23:00:00,0.0
2017-05-24 00:00:00,0.0
2017-05-24 01:00:00,0.0
2017-05-24 02:00:00,0.0
2017-05-24 03:00:00,0.0
2017-05-24 04:00:00,0.0
2017-05-24 05:00:00,13.0
2017-05-24 06:00:00,106.7
2017-05-24 07:00:00,264.25
2017-05-24 08:00:00,423.25
2017-05-24 09:00:00,569.9
2017-05-24 10:00:00,623.05
2017-05-24 11:00:00,598.45
2017-05-24 12:00:00,555.08
2017-05-24 13:00:00,561.8
2017-05-24 14:00:00,393.6
2017-05-24 15:00:00,239.27
2017-05-24 16:00:00,109.95
2017-05-24 17:00:00,21.25
2017-05-24 18:00:00,0.0
2017-05-24 19:00:00,0.0
2017-05-24 20:00:00,0.0
2017-05-24 21:00:00,0.0
2017-05-24 22:00:00,0.0
2017-05-24 23:00:00,0.0
2017-05-25 00:00:00,0.0
2017-05-25 01:00:00,0.0
2017-05-25 02:00:00,0.0
2017-05-25 03:00:00,0.0
2017-05-25 04:00:00,0.0
2017-05-25 05:00:00,14.85
2017-05-25 06:00:00,118.43
2017-05-25 07:00:00,263.83
2017-05-25 08:00:00,418.75
2017-05-25 09:00:00,541.5
2017-05-25 10:00:00,664.1
2017-05-25 11:00:00,704.85
2017-05-25 12:00:00,673.2
2017-05-25 13:00:00,602.25
2017-05-25 14:00:00,480.6
2017-05-25 15:00:00,323.05
2017-05-25 16:00:00,158.38
2017-05-25 17:00:00,31.05
2017-05-25 18:00:00,0.0
2017-05-25 19:00:00,0.0
2017-05-25 20:00:00,0.0
2017-05-25 21:00:00,0.0
2017-05-25 22:00:00,0.0
2017-05-25 23:00:00,0.0
2017-05-26 00:00:00,0.0
2017-05-26 01:00:00,0.0
2017-05-26 02:00:00,0.0
2017-05-26 03:00:00,0.0
2017-05-26 04:00:00,0.0
2017-05-26 05:00:00,14.95
2017-05-26 06:00:00,107.03
2017-05-26 07:00:00,257.8
2017-05-26 08:00:00,417.52
2017-05-26 09:00:00,545.78
2017-05-26 10:00:00,643.55
2017-05-26 11:00:00,623.7
2017-05-26 12:00:00,558.75
2017-05-26 13:00:00,519.2
2017-05-26 14:00:00,420.17
2017-05-26 15:00:00,212.43
2017-05-26 16:00:00,111.03
2017-05-26 17:00:00,21.3
2017-05-26 18:00:00,0.0
2017-05-26 19:00:00,0.0
2017-05-26 20:00:00,0.0
2017-05-26 21:00:00,0.0
2017-05-26 22:00:00,0.0
2017-05-26 23:00:00,0.0
2017-05-27 00:00:00,0.0
2017-05-27 01:00:00,0.0
2017-05-27 02:00:00,0.0
2017-05-27 03:00:00,0.0
2017-05-27 04:00:00,0.0
2017-05-27 05:00:00,14.68
2017-05-27 06:00:00,121.65
2017-05-27 07:00:00,277.77
2017-05-27 08:00:00,450.23
2017-05-27 09:00:00,628.42
2017-05-27 10:00:00,714.05
2017-05-27 11:00:00,715.42
2017-05-27 12:00:00,664.85
2017-05-27 13:00:00,548.38
2017-05-27 14:00:00,385.48
2017-05-27 15:00:00,258.08
2017-05-27 16:00:00,131.02
2017-05-27 17:00:00,26.33
2017-05-27 18:00:00,0.0
2017-05-27 19:00:00,0.0
2017-05-27 20:00:00,0.0
2017-05-27 21:00:00,0.0
2017-05-27 22:00:00,0.0
2017-05-27 23:00:00,0.0
2017-05-28 00:00:00,0.0
2017-05-28 01:00:00,0.0
2017-05-28 02:00:00,0.0
2017-05-28 03:00:00,0.0
2017-05-28 04:00:00,0.0
2017-05-28 05:00:00,11.77
2017-05-28 06:00:00,98.97
2017-05-28 07:00:00,261.6
2017-05-28 08:00:00,415.15
2017-05-28 09:00:00,575.42
2017-05-28 10:00:00,677.42
2017-05-28 11:00:00,697.4
2017-05-28 12:00:00,637.72
2017-05-28 13:00:00,595.5
2017-05-28 14:00:00,484.38
2017-05-28 15:00:00,315.55
2017-05-28 16:00:00,153.57
2017-05-28 17:00:00,30.5
2017-05-28 18:00:00,0.0
2017-05-28 19:00:00,0.0
2017-05-28 20:00:00,0.0
2017-05-28 21:00:00,0.0
2017-05-28 22:00:00,0.0
2017-05-28 23:00:00,0.0
2017-05-29 00:00:00,0.0
2017-05-29 01:00:00,0.0
2017-05-29 02:00:00,0.0
2017-05-29 03:00:00,0.0
2017-05-29 04:00:00,0.0
2017-05-29 05:00:00,18.83
2017-05-29 06:00:00,140.82
2017-05-29 07:00:00,316.77
2017-05-29 08:00:00,495.45
2017-05-29 09:00:00,657.42
2017-05-29 10:00:00,762.3
2017-05-29 11:00:00,832.03
2017-05-29 12:00:00,802.25
2017-05-29 13:00:00,710.28
2017-05-29 14:00:00,609.05
2017-05-29 15:00:00,423.08
2017-05-29 16:00:00,199.75
2017-05-29 17:00:00,33.88
2017-05-29 18:00:00,0.0
2017-05-29 19:00:00,0.0
2017-05-29 20:00:00,0.0
2017-05-29 21:00:00,0.0
2017-05-29 22:00:00,0.0
2017-05-29 23:00:00,0.0
2017-05-30 00:00:00,0.0
2017-05-30 01:00:00,0.0
2017-05-30 02:00:00,0.0
2017-05-30 03:00:00,0.0
2017-05-30 04:00:00,0.0
2017-05-30 05:00:00,22.38
2017-05-30 06:00:00,155.77
2017-05-30 07:00:00,339.12
2017-05-30 08:00:00,522.33
2017-05-30 09:00:00,676.2
2017-05-30 10:00:00,772.72
2017-05-30 11:00:00,799.03
2017-05-30 12:00:00,790.15
2017-05-30 13:00:00,707.55
2017-05-30 14:00:00,554.25
2017-05-30 15:00:00,368.73
2017-05-30 16:00:00,187.2
2017-05-30 17:00:00,37.33
2017-05-30 18:00:00,0.0
2017-05-30 19:00:00,0.0
2017-05-30 20:00:00,0.0
2017-05-30 21:00:00,0.0
2017-05-30 22:00:00,0.0
2017-05-30 23:00:00,0.0
2017-05-31 00:00:00,0.0
2017-05-31 01:00:00,0.0
2017-05-31 02:00:00,0.0
2017-05-31 03:00:00,0.0
2017-05-31 04:00:00,0.0
2017-05-31 05:00:00,21.95
2017-05-31 06:00:00,155.5
2017-05-31 07:00:00,305.9
2017-05-31 08:00:00,469.98
2017-05-31 09:00:00,629.0
2017-05-31 10:00:00,760.35
2017-05-31 11:00:00,711.7
2017-05-31 12:00:00,743.47
2017-05-31 13:00:00,652.45
2017-05-31 14:00:00,541.72
2017-05-31 15:00:00,379.3
2017-05-31 16:00:00,185.98
2017-05-31 17:00:00,35.88
2017-05-31 18:00:00,0.0
2017-05-31 19:00:00,0.0
2017-05-31 20:00:00,0.0
2017-05-31 21:00:00,0.0
2017-05-31 22:00:00,0.0
2017-05-31 23:00:00,0.0
2017-06-01 00:00:00,0.0
2017-06-01 01:00:00,0.0
2017-06-01 02:00:00,0.0
2017-06-01 03:00:00,0.0
2017-06-01 04:00:00,0.0
2017-06-01 05:00:00,17.42
2017-06-01 06:00:00,161.6
2017-06-01 07:00:00,358.5
2017-06-01 08:00:00,545.92
2017-06-01 09:00:00,748.33
2017-06-01 10:00:00,853.85
2017-06-01 11:00:00,898.42
2017-06-01 12:00:00,885.28
2017-06-01 13:00:00,774.92
2017-06-01 14:00:00,633.7
2017-06-01 15:00:00,420.52
2017-06-01 16:00:00,209.62
2017-06-01 17:00:00,38.95
2017-06-01 18:00:00,0.0
2017-06-01 19:00:00,0.0
2017-06-01 20:00:00,0.0
2017-06-01 21:00:00,0.0
2017-06-01 22:00:00,0.0
2017-06-01 23:00:00,0.0
2017-06-02 00:00:00,0.0
2017-06-02 01:00:00,0.0
2017-06-02 02:00:00,0.0
2017-06-02 03:00:00,0.0
2017-06-02 04:00:00,0.0
2017-06-02 05:00:00,20.33
2017-06-02 06:00:00,164.88
2017-06-02 07:00:00,357.08
2017-06-02 08:00:00,561.28
2017-06-02 09:00:00,751.25
2017-06-02 10:00:00,879.12
2017-06-02 11:00:00,888.65
2017-06-02 12:00:00,892.92
2017-06-02 13:00:00,810.78
2017-06-02 14:00:00,643.5
2017-06-02 15:00:00,450.17
2017-06-02 16:00:00,237.23
2017-06-02 17:00:00,48.03
2017-06-02 18:00:00,0.0
2017-06-02 19:00:00,0.0
2017-06-02 20:00:00,0.0
2017-06-02 21:00:00,0.0
2017-06-02 22:00:00,0.0
2017-06-02 23:00:00,0.0
2017-06-03 00:00:00,0.0
2017-06-03 01:00:00,0.0
2017-06-03 02:00:00,0.0
2017-06-03 03:00:00,0.0
2017-06-03 04:00:00,0.0
2017-06-03 05:00:00,20.88
2017-06-03 06:00:00,161.18
2017-06-03 07:00:00,363.95
2017-06-03 08:00:00,555.6
2017-06-03 09:00:00,760.2
2017-06-03 10:00:00,873.42
2017-06-03 11:00:00,926.22
2017-06-03 12:00:00,880.7
2017-06-03 13:00:00,815.67
2017-06-03 14:00:00,634.47
2017-06-03 15:00:00,450.17
2017-06-03 16:00:00,239.65
2017-06-03 17:00:00,44.65
2017-06-03 18:00:00,0.0
2017-06-03 19:00:00,0.0
2017-06-03 20:00:00,0.0
2017-06-03 21:00:00,0.0
2017-06-03 22:00:00,0.0
2017-06-03 23:00:00,0.0
2017-06-04 00:00:00,0.0
2017-06-04 01:00:00,0.0
2017-06-04 02:00:00,0.0
2017-06-04 03:00:00,0.0
2017-06-04 04:00:00,0.0
2017-06-04 05:00:00,21.35
2017-06-04 06:00:00,172.95
2017-06-04 07:00:00,375.95
2017-06-04 08:00:00,563.55
2017-06-04 09:00:00,781.95
2017-06-04 10:00:00,899.83
2017-06-04 11:00:00,945.97
2017-06-04 12:00:00,892.05
2017-06-04 13:00:00,801.28
2017-06-04 14:00:00,659.88
2017-06-04 15:00:00,472.15
2017-06-04 16:00:00,254.8
2017-06-04 17:00:00,42.28
2017-06-04 18:00:00,0.0
2017-06-04 19:00:00,0.0
2017-06-04 20:00:00,0.0
2017-06-04 21:00:00,0.0
2017-06-04 22:00:00,0.0
2017-06-04 23:00:00,0.0
2017-06-05 00:00:00,0.0
2017-06-05 01:00:00,0.0
2017-06-05 02:00:00,0.0
2017-06-05 03:00:00,0.0
2017-06-05 04:00:00,0.0
2017-06-05 05:00:00,23.02
2017-06-05 06:00:00,177.88
2017-06-05 07:00:00,380.52
2017-06-05 08:00:00,557.6
2017-06-05 09:00:00,729.3
2017-06-05 10:00:00,850.2
2017-06-05 11:00:00,857.95
2017-06-05 12:00:00,846.67
2017-06-05 13:00:00,714.22
2017-06-05 14:00:00,593.62
2017-06-05 15:00:00,423.9
2017-06-05 16:00:00,218.3
2017-06-05 17:00:00,44.75
2017-06-05 18:00:00,0.0
2017-06-05 19:00:00,0.0
2017-06-05 20:00:00,0.0
2017-06-05 21:00:00,0.0
2017-06-05 22:00:00,0.0
2017-06-05 23:00:00,0.0
2017-06-06 00:00:00,0.0
2017-06-06 01:00:00,0.0
2017-06-06 02:00:00,0.0
2017-06-06 03:00:00,0.0
2017-06-06 04:00:00,0.0
2017-06-06 05:00:00,22.67
2017-06-06 06:00:00,161.38
2017-06-06 07:00:00,344.83
2017-06-06 08:00:00,533.35
2017-06-06 09:00:00,702.08
2017-06-06 10:00:00,848.35
2017-06-06 11:00:00,918.05
2017-06-06 12:00:00,863.83
2017-06-06 13:00:00,755.95
2017-06-06 14:00:00,557.15
2017-06-06 15:00:00,319.1
2017-06-06 16:00:00,154.38
2017-06-06 17:00:00,30.23
2017-06-06 18:00:00,0.0
2017-06-06 19:00:00,0.0
2017-06-06 20:00:00,0.0
2017-06-06 21:00:00,0.0
2017-06-06 22:00:00,0.0
2017-06-06 23:00:00,0.0
2017-06-07 00:00:00,0.0
2017-06-07 01:00:00,0.0
2017-06-07 02:00:00,0.0
2017-06-07 03:00:00,0.0
2017-06-07 04:00:00,0.0
2017-06-07 05:00:00,6.72
2017-06-07 06:00:00,75.9
2017-06-07 07:00:00,162.7
2017-06-07 08:00:00,260.08
2017-06-07 09:00:00,350.02
2017-06-07 10:00:00,426.5
2017-06-07 11:00:00,522.97
2017-06-07 12:00:00,469.48
2017-06-07 13:00:00,439.23
2017-06-07 14:00:00,316.5
2017-06-07 15:00:00,219.38
2017-06-07 16:00:00,106.65
2017-06-07 17:00:00,26.2
2017-06-07 18:00:00,0.0
2017-06-07 19:00:00,0.0
2017-06-07 20:00:00,0.0
2017-06-07 21:00:00,0.0
2017-06-07 22:00:00,0.0
2017-06-07 23:00:00,0.0
2017-06-08 00:00:00,0.0
2017-06-08 01:00:00,0.0
2017-06-08 02:00:00,0.0
2017-06-08 03:00:00,0.0
2017-06-08 04:00:00,0.0
2017-06-08 05:00:00,11.27
2017-06-08 06:00:00,101.18
2017-06-08 07:00:00,227.85
2017-06-08 08:00:00,365.45
2017-06-08 09:00:00,480.6
2017-06-08 10:00:00,543.3
2017-06-08 11:00:00,653.22
2017-06-08 12:00:00,557.05
2017-06-08 13:00:00,414.9
2017-06-08 14:00:00,351.6
2017-06-08 15:00:00,298.52
2017-06-08 16:00:00,132.6
2017-06-08 17:00:00,26.38
2017-06-08 18:00:00,0.0
2017-06-08 19:00:00,0.0
2017-06-08 20:00:00,0.0
2017-06-08 21:00:00,0.0
2017-06-08 22:00:00,0.0
2017-06-08 23:00:00,0.0
2017-06-09 00:00:00,0.0
2017-06-09 01:00:00,0.0
2017-06-09 02:00:00,0.0
2017-06-09 03:00:00,0.0
2017-06-09 04:00:00,0.0
2017-06-09 05:00:00,11.15
2017-06-09 06:00:00,62.28
2017-06-09 07:00:00,159.1
2017-06-09 08:00:00,229.77
2017-06-09 09:00:00,234.32
2017-06-09 10:00:00,339.98
2017-06-09 11:00:00,487.45
2017-06-09 12:00:00,444.88
2017-06-09 13:00:00,350.8
2017-06-09 14:00:00,281.35
2017-06-09 15:00:00,231.18
2017-06-09 16:00:00,109.4
2017-06-09 17:00:00,26.3
2017-06-09 18:00:00,0.0
2017-06-09 19:00:00,0.0
2017-06-09 20:00:00,0.0
2017-06-09 21:00:00,0.0
2017-06-09 22:00:00,0.0
2017-06-09 23:00:00,0.0
2017-06-10 00:00:00,0.0
2017-06-10 01:00:00,0.0
2017-06-10 02:00:00,0.0
2017-06-10 03:00:00,0.0
2017-06-10 04:00:00,0.0
2017-06-10 05:00:00,15.1
2017-06-10 06:00:00,114.07
2017-06-10 07:00:00,276.58
2017-06-10 08:00:00,433.67
2017-06-10 09:00:00,580.58
2017-06-10 10:00:00,678.8
2017-06-10 11:00:00,708.97
2017-06-10 12:00:00,730.58
2017-06-10 13:00:00,606.2
2017-06-10 14:00:00,449.55
2017-06-10 15:00:00,298.77
2017-06-10 16:00:00,137.07
2017-06-10 17:00:00,28.27
2017-06-10 18:00:00,0.0
2017-06-10 19:00:00,0.0
2017-06-10 20:00:00,0.0
2017-06-10 21:00:00,0.0
2017-06-10 22:00:00,0.0
2017-06-10 23:00:00,0.0
2017-06-11 00:00:00,0.0
2017-06-11 01:00:00,0.0
2017-06-11 02:00:00,0.0
2017-06-11 03:00:00,0.0
2017-06-11 04:00:00,0.0
2017-06-11 05:00:00,13.82
2017-06-11 06:00:00,99.68
2017-06-11 07:00:00,242.48
2017-06-11 08:00:00,385.48
2017-06-11 09:00:00,502.83
2017-06-11 10:00:00,676.7
2017-06-11 11:00:00,719.12
2017-06-11 12:00:00,685.78
2017-06-11 13:00:00,659.45
2017-06-11 14:00:00,517.72
2017-06-11 15:00:00,355.88
2017-06-11 16:00:00,178.25
2017-06-11 17:00:00,38.6
2017-06-11 18:00:00,0.0
2017-06-11 19:00:00,0.0
2017-06-11 20:00:00,0.0
2017-06-11 21:00:00,0.0
2017-06-11 22:00:00,0.0
2017-06-11 23:00:00,0.0
2017-06-12 00:00:00,0.0
2017-06-12 01:00:00,0.0
2017-06-12 02:00:00,0.0
2017-06-12 03:00:00,0.0
2017-06-12 04:00:00,0.0
2017-06-12 05:00:00,15.38
2017-06-12 06:00:00,126.68
2017-06-12 07:00:00,291.3
2017-06-12 08:00:00,450.65
2017-06-12 09:00:00,566.0
2017-06-12 10:00:00,689.85
2017-06-12 11:00:00,726.22
2017-06-12 12:00:00,713.62
2017-06-12 13:00:00,617.45
2017-06-12 14:00:00,518.7
2017-06-12 15:00:00,344.23
2017-06-12 16:00:00,184.55
2017-06-12 17:00:00,42.97
2017-06-12 18:00:00,0.0
2017-06-12 19:00:00,0.0
2017-06-12 20:00:00,0.0
2017-06-12 21:00:00,0.0
2017-06-12 22:00:00,0.0
2017-06-12 23:00:00,0.0
2017-06-13 00:00:00,0.0
2017-06-13 01:00:00,0.0
2017-06-13 02:00:00,0.0
2017-06-13 03:00:00,0.0
2017-06-13 04:00:00,0.0
2017-06-13 05:00:00,18.42
2017-06-13 06:00:00,146.27
2017-06-13 07:00:00,327.15
2017-06-13 08:00:00,513.53
2017-06-13 09:00:00,670.72
2017-06-13 10:00:00,778.47
2017-06-13 11:00:00,716.58
2017-06-13 12:00:00,692.15
2017-06-13 13:00:00,582.25
2017-06-13 14:00:00,516.55
2017-06-13 15:00:00,378.65
2017-06-13 16:00:00,187.02
2017-06-13 17:00:00,38.9
2017-06-13 18:00:00,0.0
2017-06-13 19:00:00,0.0
2017-06-13 20:00:00,0.0
2017-06-13 21:00:00,0.0
2017-06-13 22:00:00,0.0
2017-06-13 23:00:00,0.0
2017-06-14 00:00:00,0.0
2017-06-14 01:00:00,0.0
2017-06-14 02:00:00,0.0
2017-06-14 03:00:00,0.0
2017-06-14 04:00:00,0.0
2017-06-14 05:00:00,20.8
2017-06-14 06:00:00,165.82
2017-06-14 07:00:00,358.55
2017-06-14 08:00:00,555.2
2017-06-14 09:00:00,738.0
2017-06-14 10:00:00,869.05
2017-06-14 11:00:00,898.08
2017-06-14 12:00:00,842.7
2017-06-14 13:00:00,734.42
2017-06-14 14:00:00,603.25
2017-06-14 15:00:00,437.25
2017-06-14 16:00:00,222.55
2017-06-14 17:00:00,45.08
2017-06-14 18:00:00,0.0
2017-06-14 19:00:00,0.0
2017-06-14 20:00:00,0.0
2017-06-14 21:00:00,0.0
2017-06-14 22:00:00,0.0
2017-06-14 23:00:00,0.0
2017-06-15 00:00:00,0.0
2017-06-15 01:00:00,0.0
2017-06-15 02:00:00,0.0
2017-06-15 03:00:00,0.0
2017-06-15 04:00:00,0.0
2017-06-15 05:00:00,13.6
2017-06-15 06:00:00,110.8
2017-06-15 07:00:00,264.8
2017-06-15 08:00:00,420.98
2017-06-15 09:00:00,570.83
2017-06-15 10:00:00,649.95
2017-06-15 11:00:00,658.38
2017-06-15 12:00:00,662.38
2017-06-15 13:00:00,515.17
2017-06-15 14:00:00,364.15
2017-06-15 15:00:00,281.33
2017-06-15 16:00:00,139.75
2017-06-15 17:00:00,34.83
2017-06-15 18:00:00,0.0
2017-06-15 19:00:00,0.0
2017-06-15 20:00:00,0.0
2017-06-15 21:00:00,0.0
2017-06-15 22:00:00,0.0
2017-06-15 23:00:00,0.0
2017-06-16 00:00:00,0.0
2017-06-16 01:00:00,0.0
2017-06-16 02:00:00,0.0
2017-06-16 03:00:00,0.0
2017-06-16 04:00:00,0.0
2017-06-16 05:00:00,15.12
2017-06-16 06:00:00,106.78
2017-06-16 07:00:00,221.98
2017-06-16 08:00:00,365.08
2017-06-16 09:00:00,487.27
2017-06-16 10:00:00,576.83
2017-06-16 11:00:00,638.92
2017-06-16 12:00:00,562.22
2017-06-16 13:00:00,503.23
2017-06-16 14:00:00,417.25
2017-06-16 15:00:00,234.3
2017-06-16 16:00:00,112.82
2017-06-16 17:00:00,25.77
2017-06-16 18:00:00,0.0
2017-06-16 19:00:00,0.0
2017-06-16 20:00:00,0.0
2017-06-16 21:00:00,0.0
2017-06-16 22:00:00,0.0
2017-06-16 23:00:00,0.0
2017-06-17 00:00:00,0.0
2017-06-17 01:00:00,0.0
2017-06-17 02:00:00,0.0
2017-06-17 03:00:00,0.0
2017-06-17 04:00:00,0.0
2017-06-17 05:00:00,16.92
2017-06-17 06:00:00,148.88
2017-06-17 07:00:00,342.3
2017-06-17 08:00:00,532.97
2017-06-17 09:00:00,712.92
2017-06-17 10:00:00,831.05
2017-06-17 11:00:00,852.45
2017-06-17 12:00:00,840.92
2017-06-17 13:00:00,753.78
2017-06-17 14:00:00,643.55
2017-06-17 15:00:00,443.33
2017-06-17 16:00:00,234.82
2017-06-17 17:00:00,37.92
2017-06-17 18:00:00,0.0
2017-06-17 19:00:00,0.0
2017-06-17 20:00:00,0.0
2017-06-17 21:00:00,0.0
2017-06-17 22:00:00,0.0
2017-06-17 23:00:00,0.0
2017-06-18 00:00:00,0.0
2017-06-18 01:00:00,0.0
2017-06-18 02:00:00,0.0
2017-06-18 03:00:00,0.0
2017-06-18 04:00:00,0.0
2017-06-18 05:00:00,18.17
2017-06-18 06:00:00,143.27
2017-06-18 07:00:00,318.6
2017-06-18 08:00:00,493.1
2017-06-18 09:00:00,727.72
2017-06-18 10:00:00,767.7
2017-06-18 11:00:00,828.4
2017-06-18 12:00:00,737.33
2017-06-18 13:00:00,675.17
2017-06-18 14:00:00,511.45
2017-06-18 15:00:00,341.8
2017-06-18 16:00:00,185.45
2017-06-18 17:00:00,43.05
2017-06-18 18:00:00,0.0
2017-06-18 19:00:00,0.0
2017-06-18 20:00:00,0.0
2017-06-18 21:00:00,0.0
2017-06-18 22:00:00,0.0
2017-06-18 23:00:00,0.0
2017-06-19 00:00:00,0.0
2017-06-19 01:00:00,0.0
2017-06-19 02:00:00,0.0
2017-06-19 03:00:00,0.0
2017-06-19 04:00:00,0.0
2017-06-19 05:00:00,16.08
2017-06-19 06:00:00,105.18
2017-06-19 07:00:00,239.6
2017-06-19 08:00:00,388.67
2017-06-19 09:00:00,488.6
2017-06-19 10:00:00,554.3
2017-06-19 11:00:00,653.1
2017-06-19 12:00:00,552.3
2017-06-19 13:00:00,485.5
2017-06-19 14:00:00,412.62
2017-06-19 15:00:00,255.52
2017-06-19 16:00:00,134.43
2017-06-19 17:00:00,32.95
2017-06-19 18:00:00,0.0
2017-06-19 19:00:00,0.0
2017-06-19 20:00:00,0.0
2017-06-19 21:00:00,0.0
2017-06-19 22:00:00,0.0
2017-06-19 23:00:00,0.0
2017-06-20 00:00:00,0.0
2017-06-20 01:00:00,0.0
2017-06-20 02:00:00,0.0
2017-06-20 03:00:00,0.0
2017-06-20 04:00:00,0.0
2017-06-20 05:00:00,5.05
2017-06-20 06:00:00,73.1
2017-06-20 07:00:00,158.12
2017-06-20 08:00:00,275.33
2017-06-20 09:00:00,383.27
2017-06-20 10:00:00,434.92
2017-06-20 11:00:00,484.9
2017-06-20 12:00:00,455.23
2017-06-20 13:00:00,426.83
2017-06-20 14:00:00,415.48
2017-06-20 15:00:00,274.58
2017-06-20 16:00:00,137.85
2017-06-20 17:00:00,32.15
2017-06-20 18:00:00,0.0
2017-06-20 19:00:00,0.0
2017-06-20 20:00:00,0.0
2017-06-20 21:00:00,0.0
2017-06-20 22:00:00,0.0
2017-06-20 23:00:00,0.0
2017-06-21 00:00:00,0.0
2017-06-21 01:00:00,0.0
2017-06-21 02:00:00,0.0
2017-06-21 03:00:00,0.0
2017-06-21 04:00:00,0.0
2017-06-21 05:00:00,16.8
2017-06-21 06:00:00,152.65
2017-06-21 07:00:00,332.48
2017-06-21 08:00:00,513.53
2017-06-21 09:00:00,690.9
2017-06-21 10:00:00,827.38
2017-06-21 11:00:00,880.72
2017-06-21 12:00:00,873.0
2017-06-21 13:00:00,773.2
2017-06-21 14:00:00,551.38
2017-06-21 15:00:00,402.33
2017-06-21 16:00:00,207.23
2017-06-21 17:00:00,46.78
2017-06-21 18:00:00,0.0
2017-06-21 19:00:00,0.0
2017-06-21 20:00:00,0.0
2017-06-21 21:00:00,0.0
2017-06-21 22:00:00,0.0
2017-06-21 23:00:00,0.0
2017-06-22 00:00:00,0.0
2017-06-22 01:00:00,0.0
2017-06-22 02:00:00,0.0
2017-06-22 03:00:00,0.0
2017-06-22 04:00:00,0.0
2017-06-22 05:00:00,14.32
2017-06-22 06:00:00,94.5
2017-06-22 07:00:00,215.23
2017-06-22 08:00:00,346.2
2017-06-22 09:00:00,469.58
2017-06-22 10:00:00,543.12
2017-06-22 11:00:00,597.2
2017-06-22 12:00:00,485.2
2017-06-22 13:00:00,520.58
2017-06-22 14:00:00,356.8
2017-06-22 15:00:00,253.32
2017-06-22 16:00:00,122.55
2017-06-22 17:00:00,36.05
2017-06-22 18:00:00,0.0
2017-06-22 19:00:00,0.0
2017-06-22 20:00:00,0.0
2017-06-22 21:00:00,0.0
2017-06-22 22:00:00,0.0
2017-06-22 23:00:00,0.0
2017-06-23 00:00:00,0.0
2017-06-23 01:00:00,0.0
2017-06-23 02:00:00,0.0
2017-06-23 03:00:00,0.0
2017-06-23 04:00:00,0.0
2017-06-23 05:00:00,16.48
2017-06-23 06:00:00,149.32
2017-06-23 07:00:00,323.88
2017-06-23 08:00:00,523.65
2017-06-23 09:00:00,698.4
2017-06-23 10:00:00,827.6
2017-06-23 11:00:00,832.38
2017-06-23 12:00:00,771.25
2017-06-23 13:00:00,725.5
2017-06-23 14:00:00,570.58
2017-06-23 15:00:00,375.55
2017-06-23 16:00:00,193.32
2017-06-23 17:00:00,46.12
2017-06-23 18:00:00,0.0
2017-06-23 19:00:00,0.0
2017-06-23 20:00:00,0.0
2017-06-23 21:00:00,0.0
2017-06-23 22:00:00,0.0
2017-06-23 23:00:00,0.0
2017-06-24 00:00:00,0.0
2017-06-24 01:00:00,0.0
2017-06-24 02:00:00,0.0
2017-06-24 03:00:00,0.0
2017-06-24 04:00:00,0.0
2017-06-24 05:00:00,8.15
2017-06-24 06:00:00,133.62
2017-06-24 07:00:00,275.85
2017-06-24 08:00:00,400.8
2017-06-24 09:00:00,538.3
2017-06-24 10:00:00,670.85
2017-06-24 11:00:00,623.25
2017-06-24 12:00:00,607.25
2017-06-24 13:00:00,467.27
2017-06-24 14:00:00,365.67
2017-06-24 15:00:00,295.12
2017-06-24 16:00:00,150.52
2017-06-24 17:00:00,34.62
2017-06-24 18:00:00,0.0
2017-06-24 19:00:00,0.0
2017-06-24 20:00:00,0.0
2017-06-24 21:00:00,0.0
2017-06-24 22:00:00,0.0
2017-06-24 23:00:00,0.0
2017-06-25 00:00:00,0.0
2017-06-25 01:00:00,0.0
2017-06-25 02:00:00,0.0
2017-06-25 03:00:00,0.0
2017-06-25 04:00:00,0.0
2017-06-25 05:00:00,9.15
2017-06-25 06:00:00,99.85
2017-06-25 07:00:00,221.8
2017-06-25 08:00:00,368.2
2017-06-25 09:00:00,491.08
2017-06-25 10:00:00,556.22
2017-06-25 11:00:00,626.35
2017-06-25 12:00:00,636.05
2017-06-25 13:00:00,611.03
2017-06-25 14:00:00,530.05
2017-06-25 15:00:00,362.45
2017-06-25 16:00:00,182.45
2017-06-25 17:00:00,42.75
2017-06-25 18:00:00,0.0
2017-06-25 19:00:00,0.0
2017-06-25 20:00:00,0.0
2017-06-25 21:00:00,0.0
2017-06-25 22:00:00,0.0
2017-06-25 23:00:00,0.0
2017-06-26 00:00:00,0.0
2017-06-26 01:00:00,0.0
2017-06-26 02:00:00,0.0
2017-06-26 03:00:00,0.0
2017-06-26 04:00:00,0.0
2017-06-26 05:00:00,14.6
2017-06-26 06:00:00,126.6
2017-06-26 07:00:00,293.02
2017-06-26 08:00:00,469.5
2017-06-26 09:00:00,612.38
2017-06-26 10:00:00,750.38
2017-06-26 11:00:00,804.25
2017-06-26 12:00:00,759.15
2017-06-26 13:00:00,654.78
2017-06-26 14:00:00,479.38
2017-06-26 15:00:00,372.67
2017-06-26 16:00:00,186.98
2017-06-26 17:00:00,43.62
2017-06-26 18:00:00,0.0
2017-06-26 19:00:00,0.0
2017-06-26 20:00:00,0.0
2017-06-26 21:00:00,0.0
2017-06-26 22:00:00,0.0
2017-06-26 23:00:00,0.0
2017-06-27 00:00:00,0.0
2017-06-27 01:00:00,0.0
2017-06-27 02:00:00,0.0
2017-06-27 03:00:00,0.0
2017-06-27 04:00:00,0.0
2017-06-27 05:00:00,13.18
2017-06-27 06:00:00,116.65
2017-06-27 07:00:00,280.15
2017-06-27 08:00:00,443.6
2017-06-27 09:00:00,619.35
2017-06-27 10:00:00,586.85
2017-06-27 11:00:00,694.85
2017-06-27 12:00:00,773.35
2017-06-27 13:00:00,642.5
2017-06-27 14:00:00,500.42
2017-06-27 15:00:00,300.98
2017-06-27 16:00:00,156.62
2017-06-27 17:00:00,32.67
2017-06-27 18:00:00,0.0
2017-06-27 19:00:00,0.0
2017-06-27 20:00:00,0.0
2017-06-27 21:00:00,0.0
2017-06-27 22:00:00,0.0
2017-06-27 23:00:00,0.0
2017-06-28 00:00:00,0.0
2017-06-28 01:00:00,0.0
2017-06-28 02:00:00,0.0
2017-06-28 03:00:00,0.0
2017-06-28 04:00:00,0.0
2017-06-28 05:00:00,15.3
2017-06-28 06:00:00,130.82
2017-06-28 07:00:00,306.98
2017-06-28 08:00:00,498.58
2017-06-28 09:00:00,649.4
2017-06-28 10:00:00,749.42
2017-06-28 11:00:00,723.5
2017-06-28 12:00:00,599.47
2017-06-28 13:00:00,577.4
2017-06-28 14:00:00,462.25
2017-06-28 15:00:00,294.73
2017-06-28 16:00:00,153.1
2017-06-28 17:00:00,35.67
2017-06-28 18:00:00,0.0
2017-06-28 19:00:00,0.0
2017-06-28 20:00:00,0.0
2017-06-28 21:00:00,0.0
2017-06-28 22:00:00,0.0
2017-06-28 23:00:00,0.0
2017-06-29 00:00:00,0.0
2017-06-29 01:00:00,0.0
2017-06-29 02:00:00,0.0
2017-06-29 03:00:00,0.0
2017-06-29 04:00:00,0.0
2017-06-29 05:00:00,15.98
2017-06-29 06:00:00,150.27
2017-06-29 07:00:00,325.8
2017-06-29 08:00:00,511.9
2017-06-29 09:00:00,689.9
2017-06-29 10:00:00,827.4
2017-06-29 11:00:00,914.88
2017-06-29 12:00:00,871.55
2017-06-29 13:00:00,783.75
2017-06-29 14:00:00,603.3
2017-06-29 15:00:00,411.58
2017-06-29 16:00:00,208.8
2017-06-29 17:00:00,50.2
2017-06-29 18:00:00,0.0
2017-06-29 19:00:00,0.0
2017-06-29 20:00:00,0.0
2017-06-29 21:00:00,0.0
2017-06-29 22:00:00,0.0
2017-06-29 23:00:00,0.0
2017-06-30 00:00:00,0.0
2017-06-30 01:00:00,0.0
2017-06-30 02:00:00,0.0
2017-06-30 03:00:00,0.0
2017-06-30 04:00:00,0.0
2017-06-30 05:00:00,13.4
2017-06-30 06:00:00,138.8
2017-06-30 07:00:00,297.52
2017-06-30 08:00:00,470.3
2017-06-30 09:00:00,639.0
2017-06-30 10:00:00,765.67
2017-06-30 11:00:00,842.38
2017-06-30 12:00:00,776.38
2017-06-30 13:00:00,723.83
2017-06-30 14:00:00,488.3
2017-06-30 15:00:00,269.7
2017-06-30 16:00:00,132.68
2017-06-30 17:00:00,33.45
2017-06-30 18:00:00,0.0
2017-06-30 19:00:00,0.0
2017-06-30 20:00:00,0.0
2017-06-30 21:00:00,0.0
2017-06-30 22:00:00,0.0
2017-06-30 23:00:00,0.0
2017-07-01 00:00:00,0.0
2017-07-01 01:00:00,0.0
2017-07-01 02:00:00,0.0
2017-07-01 03:00:00,0.0
2017-07-01 04:00:00,0.0
2017-07-01 05:00:00,8.77
2017-07-01 06:00:00,81.32
2017-07-01 07:00:00,219.35
2017-07-01 08:00:00,380.12
2017-07-01 09:00:00,525.47
2017-07-01 10:00:00,621.9
2017-07-01 11:00:00,648.67
2017-07-01 12:00:00,575.12
2017-07-01 13:00:00,453.83
2017-07-01 14:00:00,309.9
2017-07-01 15:00:00,202.27
2017-07-01 16:00:00,100.82
2017-07-01 17:00:00,25.98
2017-07-01 18:00:00,0.0
2017-07-01 19:00:00,0.0
2017-07-01 20:00:00,0.0
2017-07-01 21:00:00,0.0
2017-07-01 22:00:00,0.0
2017-07-01 23:00:00,0.0
2017-07-02 00:00:00,0.0
2017-07-02 01:00:00,0.0
2017-07-02 02:00:00,0.0
2017-07-02 03:00:00,0.0
2017-07-02 04:00:00,0.0
2017-07-02 05:00:00,14.77
2017-07-02 06:00:00,139.1
2017-07-02 07:00:00,307.98
2017-07-02 08:00:00,482.73
2017-07-02 09:00:00,672.8
2017-07-02 10:00:00,805.88
2017-07-02 11:00:00,878.42
2017-07-02 12:00:00,852.42
2017-07-02 13:00:00,726.58
2017-07-02 14:00:00,585.45
2017-07-02 15:00:00,419.55
2017-07-02 16:00:00,209.77
2017-07-02 17:00:00,49.75
2017-07-02 18:00:00,0.0
2017-07-02 19:00:00,0.0
2017-07-02 20:00:00,0.0
2017-07-02 21:00:00,0.0
2017-07-02 22:00:00,0.0
2017-07-02 23:00:00,0.0
2017-07-03 00:00:00,0.0
2017-07-03 01:00:00,0.0
2017-07-03 02:00:00,0.0
2017-07-03 03:00:00,0.0
2017-07-03 04:00:00,0.0
2017-07-03 05:00:00,12.3
2017-07-03 06:00:00,124.2
2017-07-03 07:00:00,289.4
2017-07-03 08:00:00,456.42
2017-07-03 09:00:00,633.85
2017-07-03 10:00:00,785.3
2017-07-03 11:00:00,796.55
2017-07-03 12:00:00,775.97
2017-07-03 13:00:00,696.6
2017-07-03 14:00:00,538.25
2017-07-03 15:00:00,363.05
2017-07-03 16:00:00,188.82
2017-07-03 17:00:00,45.9
2017-07-03 18:00:00,0.0
2017-07-03 19:00:00,0.0
2017-07-03 20:00:00,0.0
2017-07-03 21:00:00,0.0
2017-07-03 22:00:00,0.0
2017-07-03 23:00:00,0.0
2017-07-04 00:00:00,0.0
2017-07-04 01:00:00,0.0
2017-07-04 02:00:00,0.0
2017-07-04 03:00:00,0.0
2017-07-04 04:00:00,0.0
2017-07-04 05:00:00,12.57
2017-07-04 06:00:00,140.43
2017-07-04 07:00:00,318.12
2017-07-04 08:00:00,495.42
2017-07-04 09:00:00,717.9
2017-07-04 10:00:00,831.75
2017-07-04 11:00:00,866.55
2017-07-04 12:00:00,808.05
2017-07-04 13:00:00,697.12
2017-07-04 14:00:00,538.8
2017-07-04 15:00:00,360.3
2017-07-04 16:00:00,185.43
2017-07-04 17:00:00,44.12
2017-07-04 18:00:00,0.0
2017-07-04 19:00:00,0.0
2017-07-04 20:00:00,0.0
2017-07-04 21:00:00,0.0
2017-07-04 22:00:00,0.0
2017-07-04 23:00:00,0.0
2017-07-05 00:00:00,0.0
2017-07-05 01:00:00,0.0
2017-07-05 02:00:00,0.0
2017-07-05 03:00:00,0.0
2017-07-05 04:00:00,0.0
2017-07-05 05:00:00,12.35
2017-07-05 06:00:00,125.22
2017-07-05 07:00:00,275.65
2017-07-05 08:00:00,508.02
2017-07-05 09:00:00,688.05
2017-07-05 10:00:00,807.55
2017-07-05 11:00:00,841.53
2017-07-05 12:00:00,756.45
2017-07-05 13:00:00,708.17
2017-07-05 14:00:00,516.4
2017-07-05 15:00:00,369.62
2017-07-05 16:00:00,190.55
2017-07-05 17:00:00,39.12
2017-07-05 18:00:00,0.0
2017-07-05 19:00:00,0.0
2017-07-05 20:00:00,0.0
2017-07-05 21:00:00,0.0
2017-07-05 22:00:00,0.0
2017-07-05 23:00:00,0.0
2017-07-06 00:00:00,0.0
2017-07-06 01:00:00,0.0
2017-07-06 02:00:00,0.0
2017-07-06 03:00:00,0.0
2017-07-06 04:00:00,0.0
2017-07-06 05:00:00,14.27
2017-07-06 06:00:00,132.75
2017-07-06 07:00:00,308.05
2017-07-06 08:00:00,486.3
2017-07-06 09:00:00,671.53
2017-07-06 10:00:00,720.47
2017-07-06 11:00:00,668.5
2017-07-06 12:00:00,686.25
2017-07-06 13:00:00,670.72
2017-07-06 14:00:00,527.85
2017-07-06 15:00:00,329.4
2017-07-06 16:00:00,166.5
2017-07-06 17:00:00,40.1
2017-07-06 18:00:00,0.0
2017-07-06 19:00:00,0.0
2017-07-06 20:00:00,0.0
2017-07-06 21:00:00,0.0
2017-07-06 22:00:00,0.0
2017-07-06 23:00:00,0.0
2017-07-07 00:00:00,0.0
2017-07-07 01:00:00,0.0
2017-07-07 02:00:00,0.0
2017-07-07 03:00:00,0.0
2017-07-07 04:00:00,0.0
2017-07-07 05:00:00,10.8
2017-07-07 06:00:00,102.93
2017-07-07 07:00:00,262.48
2017-07-07 08:00:00,425.67
2017-07-07 09:00:00,558.15
2017-07-07 10:00:00,660.33
2017-07-07 11:00:00,737.58
2017-07-07 12:00:00,659.4
2017-07-07 13:00:00,518.08
2017-07-07 14:00:00,374.92
2017-07-07 15:00:00,212.12
2017-07-07 16:00:00,106.75
2017-07-07 17:00:00,26.33
2017-07-07 18:00:00,0.0
2017-07-07 19:00:00,0.0
2017-07-07 20:00:00,0.0
2017-07-07 21:00:00,0.0
2017-07-07 22:00:00,0.0
2017-07-07 23:00:00,0.0
2017-07-08 00:00:00,0.0
2017-07-08 01:00:00,0.0
2017-07-08 02:00:00,0.0
2017-07-08 03:00:00,0.0
2017-07-08 04:00:00,0.0
2017-07-08 05:00:00,4.88
2017-07-08 06:00:00,42.97
2017-07-08 07:00:00,81.35
2017-07-08 08:00:00,108.85
2017-07-08 09:00:00,189.25
2017-07-08 10:00:00,251.07
2017-07-08 11:00:00,284.7
2017-07-08 12:00:00,262.73
2017-07-08 13:00:00,407.85
2017-07-08 14:00:00,351.75
2017-07-08 15:00:00,243.07
2017-07-08 16:00:00,121.72
2017-07-08 17:00:00,32.2
2017-07-08 18:00:00,0.0
2017-07-08 19:00:00,0.0
2017-07-08 20:00:00,0.0
2017-07-08 21:00:00,0.0
2017-07-08 22:00:00,0.0
2017-07-08 23:00:00,0.0
2017-07-09 00:00:00,0.0
2017-07-09 01:00:00,0.0
2017-07-09 02:00:00,0.0
2017-07-09 03:00:00,0.0
2017-07-09 04:00:00,0.0
2017-07-09 05:00:00,9.93
2017-07-09 06:00:00,97.65
2017-07-09 07:00:00,247.07
2017-07-09 08:00:00,419.0
2017-07-09 09:00:00,582.03
2017-07-09 10:00:00,654.4
2017-07-09 11:00:00,732.38
2017-07-09 12:00:00,835.35
2017-07-09 13:00:00,771.58
2017-07-09 14:00:00,631.97
2017-07-09 15:00:00,418.0
2017-07-09 16:00:00,217.35
2017-07-09 17:00:00,48.78
2017-07-09 18:00:00,0.0
2017-07-09 19:00:00,0.0
2017-07-09 20:00:00,0.0
2017-07-09 21:00:00,0.0
2017-07-09 22:00:00,0.0
2017-07-09 23:00:00,0.0
2017-07-10 00:00:00,0.0
2017-07-10 01:00:00,0.0
2017-07-10 02:00:00,0.0
2017-07-10 03:00:00,0.0
2017-07-10 04:00:00,0.0
2017-07-10 05:00:00,8.43
2017-07-10 06:00:00,129.52
2017-07-10 07:00:00,298.88
2017-07-10 08:00:00,463.65
2017-07-10 09:00:00,681.75
2017-07-10 10:00:00,812.97
2017-07-10 11:00:00,903.35
2017-07-10 12:00:00,880.42
2017-07-10 13:00:00,728.05
2017-07-10 14:00:00,631.72
2017-07-10 15:00:00,454.05
2017-07-10 16:00:00,232.23
2017-07-10 17:00:00,55.53
2017-07-10 18:00:00,0.0
2017-07-10 19:00:00,0.0
2017-07-10 20:00:00,0.0
2017-07-10 21:00:00,0.0
2017-07-10 22:00:00,0.0
2017-07-10 23:00:00,0.0
2017-07-11 00:00:00,0.0
2017-07-11 01:00:00,0.0
2017-07-11 02:00:00,0.0
2017-07-11 03:00:00,0.0
2017-07-11 04:00:00,0.0
2017-07-11 05:00:00,12.6
2017-07-11 06:00:00,142.07
2017-07-11 07:00:00,327.9
2017-07-11 08:00:00,512.58
2017-07-11 09:00:00,735.58
2017-07-11 10:00:00,824.28
2017-07-11 11:00:00,808.28
2017-07-11 12:00:00,684.05
2017-07-11 13:00:00,530.72
2017-07-11 14:00:00,434.23
2017-07-11 15:00:00,287.3
2017-07-11 16:00:00,150.88
2017-07-11 17:00:00,40.2
2017-07-11 18:00:00,0.0
2017-07-11 19:00:00,0.0
2017-07-11 20:00:00,0.0
2017-07-11 21:00:00,0.0
2017-07-11 22:00:00,0.0
2017-07-11 23:00:00,0.0
2017-07-12 00:00:00,0.0
2017-07-12 01:00:00,0.0
2017-07-12 02:00:00,0.0
2017-07-12 03:00:00,0.0
2017-07-12 04:00:00,0.0
2017-07-12 05:00:00,3.53
2017-07-12 06:00:00,39.97
2017-07-12 07:00:00,87.68
2017-07-12 08:00:00,149.68
2017-07-12 09:00:00,204.0
2017-07-12 10:00:00,265.77
2017-07-12 11:00:00,284.73
2017-07-12 12:00:00,228.93
2017-07-12 13:00:00,273.98
2017-07-12 14:00:00,214.07
2017-07-12 15:00:00,189.02
2017-07-12 16:00:00,89.4
2017-07-12 17:00:00,25.2
2017-07-12 18:00:00,0.0
2017-07-12 19:00:00,0.0
2017-07-12 20:00:00,0.0
2017-07-12 21:00:00,0.0
2017-07-12 22:00:00,0.0
2017-07-12 23:00:00,0.0
2017-07-13 00:00:00,0.0
2017-07-13 01:00:00,0.0
2017-07-13 02:00:00,0.0
2017-07-13 03:00:00,0.0
2017-07-13 04:00:00,0.0
2017-07-13 05:00:00,10.75
2017-07-13 06:00:00,125.57
2017-07-13 07:00:00,291.2
2017-07-13 08:00:00,461.85
2017-07-13 09:00:00,662.8
2017-07-13 10:00:00,700.55
2017-07-13 11:00:00,695.55
2017-07-13 12:00:00,666.2
2017-07-13 13:00:00,583.58
2017-07-13 14:00:00,444.5
2017-07-13 15:00:00,277.3
2017-07-13 16:00:00,137.95
2017-07-13 17:00:00,36.42
2017-07-13 18:00:00,0.0
2017-07-13 19:00:00,0.0
2017-07-13 20:00:00,0.0
2017-07-13 21:00:00,0.0
2017-07-13 22:00:00,0.0
2017-07-13 23:00:00,0.0
2017-07-14 00:00:00,0.0
2017-07-14 01:00:00,0.0
2017-07-14 02:00:00,0.0
2017-07-14 03:00:00,0.0
2017-07-14 04:00:00,0.0
2017-07-14 05:00:00,2.17
2017-07-14 06:00:00,27.58
2017-07-14 07:00:00,69.95
2017-07-14 08:00:00,131.5
2017-07-14 09:00:00,185.25
2017-07-14 10:00:00,240.12
2017-07-14 11:00:00,271.42
2017-07-14 12:00:00,275.7
2017-07-14 13:00:00,306.62
2017-07-14 14:00:00,269.9
2017-07-14 15:00:00,187.15
2017-07-14 16:00:00,100.65
2017-07-14 17:00:00,16.08
2017-07-14 18:00:00,0.0
2017-07-14 19:00:00,0.0
2017-07-14 20:00:00,0.0
2017-07-14 21:00:00,0.0
2017-07-14 22:00:00,0.0
2017-07-14 23:00:00,0.0
2017-07-15 00:00:00,0.0
2017-07-15 01:00:00,0.0
2017-07-15 02:00:00,0.0
2017-07-15 03:00:00,0.0
2017-07-15 04:00:00,0.0
2017-07-15 05:00:00,8.0
2017-07-15 06:00:00,96.25
2017-07-15 07:00:00,223.07
2017-07-15 08:00:00,368.02
2017-07-15 09:00:00,525.05
2017-07-15 10:00:00,586.2
2017-07-15 11:00:00,561.4
2017-07-15 12:00:00,545.1
2017-07-15 13:00:00,471.65
2017-07-15 14:00:00,285.83
2017-07-15 15:00:00,163.57
2017-07-15 16:00:00,116.95
2017-07-15 17:00:00,31.58
2017-07-15 18:00:00,0.0
2017-07-15 19:00:00,0.0
2017-07-15 20:00:00,0.0
2017-07-15 21:00:00,0.0
2017-07-15 22:00:00,0.0
2017-07-15 23:00:00,0.0
2017-07-16 00:00:00,0.0
2017-07-16 01:00:00,0.0
2017-07-16 02:00:00,0.0
2017-07-16 03:00:00,0.0
2017-07-16 04:00:00,0.0
2017-07-16 05:00:00,6.9
2017-07-16 06:00:00,63.38
2017-07-16 07:00:00,188.55
2017-07-16 08:00:00,339.65
2017-07-16 09:00:00,455.58
2017-07-16 10:00:00,555.8
2017-07-16 11:00:00,478.6
2017-07-16 12:00:00,445.73
2017-07-16 13:00:00,216.12
2017-07-16 14:00:00,360.85
2017-07-16 15:00:00,300.12
2017-07-16 16:00:00,116.6
2017-07-16 17:00:00,26.45
2017-07-16 18:00:00,0.0
2017-07-16 19:00:00,0.0
2017-07-16 20:00:00,0.0
2017-07-16 21:00:00,0.0
2017-07-16 22:00:00,0.0
2017-07-16 23:00:00,0.0
2017-07-17 00:00:00,0.0
2017-07-17 01:00:00,0.0
2017-07-17 02:00:00,0.0
2017-07-17 03:00:00,0.0
2017-07-17 04:00:00,0.0
2017-07-17 05:00:00,9.12
2017-07-17 06:00:00,79.2
2017-07-17 07:00:00,185.57
2017-07-17 08:00:00,325.75
2017-07-17 09:00:00,391.6
2017-07-17 10:00:00,480.38
2017-07-17 11:00:00,511.2
2017-07-17 12:00:00,522.4
2017-07-17 13:00:00,490.85
2017-07-17 14:00:00,357.02
2017-07-17 15:00:00,256.8
2017-07-17 16:00:00,134.52
2017-07-17 17:00:00,34.22
2017-07-17 18:00:00,0.0
2017-07-17 19:00:00,0.0
2017-07-17 20:00:00,0.0
2017-07-17 21:00:00,0.0
2017-07-17 22:00:00,0.0
2017-07-17 23:00:00,0.0
2017-07-18 00:00:00,0.0
2017-07-18 01:00:00,0.0
2017-07-18 02:00:00,0.0
2017-07-18 03:00:00,0.0
2017-07-18 04:00:00,0.0
2017-07-18 05:00:00,10.07
2017-07-18 06:00:00,109.5
2017-07-18 07:00:00,250.18
2017-07-18 08:00:00,403.88
2017-07-18 09:00:00,519.58
2017-07-18 10:00:00,601.2
2017-07-18 11:00:00,671.92
2017-07-18 12:00:00,585.33
2017-07-18 13:00:00,518.4
2017-07-18 14:00:00,254.5
2017-07-18 15:00:00,130.52
2017-07-18 16:00:00,59.38
2017-07-18 17:00:00,10.32
2017-07-18 18:00:00,0.0
2017-07-18 19:00:00,0.0
2017-07-18 20:00:00,0.0
2017-07-18 21:00:00,0.0
2017-07-18 22:00:00,0.0
2017-07-18 23:00:00,0.0
2017-07-19 00:00:00,0.0
2017-07-19 01:00:00,0.0
2017-07-19 02:00:00,0.0
2017-07-19 03:00:00,0.0
2017-07-19 04:00:00,0.0
2017-07-19 05:00:00,8.12
2017-07-19 06:00:00,111.22
2017-07-19 07:00:00,262.52
2017-07-19 08:00:00,417.48
2017-07-19 09:00:00,567.92
2017-07-19 10:00:00,683.35
2017-07-19 11:00:00,762.12
2017-07-19 12:00:00,703.58
2017-07-19 13:00:00,644.0
2017-07-19 14:00:00,512.5
2017-07-19 15:00:00,339.75
2017-07-19 16:00:00,168.02
2017-07-19 17:00:00,41.15
2017-07-19 18:00:00,0.0
2017-07-19 19:00:00,0.0
2017-07-19 20:00:00,0.0
2017-07-19 21:00:00,0.0
2017-07-19 22:00:00,0.0
2017-07-19 23:00:00,0.0
2017-07-20 00:00:00,0.0
2017-07-20 01:00:00,0.0
2017-07-20 02:00:00,0.0
2017-07-20 03:00:00,0.0
2017-07-20 04:00:00,0.0
2017-07-20 05:00:00,11.35
2017-07-20 06:00:00,138.93
2017-07-20 07:00:00,326.85
2017-07-20 08:00:00,516.75
2017-07-20 09:00:00,745.85
2017-07-20 10:00:00,850.47
2017-07-20 11:00:00,924.08
2017-07-20 12:00:00,882.12
2017-07-20 13:00:00,779.35
2017-07-20 14:00:00,646.88
2017-07-20 15:00:00,426.08
2017-07-20 16:00:00,225.9
2017-07-20 17:00:00,57.1
2017-07-20 18:00:00,0.0
2017-07-20 19:00:00,0.0
2017-07-20 20:00:00,0.0
2017-07-20 21:00:00,0.0
2017-07-20 22:00:00,0.0
2017-07-20 23:00:00,0.0
2017-07-21 00:00:00,0.0
2017-07-21 01:00:00,0.0
2017-07-21 02:00:00,0.0
2017-07-21 03:00:00,0.0
2017-07-21 04:00:00,0.0
2017-07-21 05:00:00,12.4
2017-07-21 06:00:00,145.12
2017-07-21 07:00:00,341.9
2017-07-21 08:00:00,517.95
2017-07-21 09:00:00,717.0
2017-07-21 10:00:00,859.15
2017-07-21 11:00:00,927.38
2017-07-21 12:00:00,918.17
2017-07-21 13:00:00,785.7
2017-07-21 14:00:00,628.92
2017-07-21 15:00:00,447.85
2017-07-21 16:00:00,238.9
2017-07-21 17:00:00,53.85
2017-07-21 18:00:00,0.0
2017-07-21 19:00:00,0.0
2017-07-21 20:00:00,0.0
2017-07-21 21:00:00,0.0
2017-07-21 22:00:00,0.0
2017-07-21 23:00:00,0.0
2017-07-22 00:00:00,0.0
2017-07-22 01:00:00,0.0
2017-07-22 02:00:00,0.0
2017-07-22 03:00:00,0.0
2017-07-22 04:00:00,0.0
2017-07-22 05:00:00,10.9
2017-07-22 06:00:00,134.65
2017-07-22 07:00:00,329.75
2017-07-22 08:00:00,513.62
2017-07-22 09:00:00,729.12
2017-07-22 10:00:00,838.3
2017-07-22 11:00:00,903.67
2017-07-22 12:00:00,894.85
2017-07-22 13:00:00,787.15
2017-07-22 14:00:00,646.78
2017-07-22 15:00:00,469.5
2017-07-22 16:00:00,247.45
2017-07-22 17:00:00,55.53
2017-07-22 18:00:00,0.0
2017-07-22 19:00:00,0.0
2017-07-22 20:00:00,0.0
2017-07-22 21:00:00,0.0
2017-07-22 22:00:00,0.0
2017-07-22 23:00:00,0.0
2017-07-23 00:00:00,0.0
2017-07-23 01:00:00,0.0
2017-07-23 02:00:00,0.0
2017-07-23 03:00:00,0.0
2017-07-23 04:00:00,0.0
2017-07-23 05:00:00,11.27
2017-07-23 06:00:00,129.25
2017-07-23 07:00:00,308.77
2017-07-23 08:00:00,501.23
2017-07-23 09:00:00,676.12
2017-07-23 10:00:00,802.53
2017-07-23 11:00:00,901.62
2017-07-23 12:00:00,823.3
2017-07-23 13:00:00,749.33
2017-07-23 14:00:00,588.67
2017-07-23 15:00:00,422.35
2017-07-23 16:00:00,208.55
2017-07-23 17:00:00,48.05
2017-07-23 18:00:00,0.0
2017-07-23 19:00:00,0.0
2017-07-23 20:00:00,0.0
2017-07-23 21:00:00,0.0
2017-07-23 22:00:00,0.0
2017-07-23 23:00:00,0.0
2017-07-24 00:00:00,0.0
2017-07-24 01:00:00,0.0
2017-07-24 02:00:00,0.0
2017-07-24 03:00:00,0.0
2017-07-24 04:00:00,0.0
2017-07-24 05:00:00,10.5
2017-07-24 06:00:00,125.93
2017-07-24 07:00:00,312.0
2017-07-24 08:00:00,469.1
2017-07-24 09:00:00,698.65
2017-07-24 10:00:00,862.65
2017-07-24 11:00:00,920.55
2017-07-24 12:00:00,829.58
2017-07-24 13:00:00,757.35
2017-07-24 14:00:00,538.78
2017-07-24 15:00:00,338.25
2017-07-24 16:00:00,177.45
2017-07-24 17:00:00,43.28
2017-07-24 18:00:00,0.0
2017-07-24 19:00:00,0.0
2017-07-24 20:00:00,0.0
2017-07-24 21:00:00,0.0
2017-07-24 22:00:00,0.0
2017-07-24 23:00:00,0.0
2017-07-25 00:00:00,0.0
2017-07-25 01:00:00,0.0
2017-07-25 02:00:00,0.0
2017-07-25 03:00:00,0.0
2017-07-25 04:00:00,0.0
2017-07-25 05:00:00,11.38
2017-07-25 06:00:00,133.45
2017-07-25 07:00:00,303.7
2017-07-25 08:00:00,515.8
2017-07-25 09:00:00,705.5
2017-07-25 10:00:00,852.58
2017-07-25 11:00:00,916.03
2017-07-25 12:00:00,884.67
2017-07-25 13:00:00,779.42
2017-07-25 14:00:00,642.42
2017-07-25 15:00:00,455.92
2017-07-25 16:00:00,229.1
2017-07-25 17:00:00,45.55
2017-07-25 18:00:00,0.0
2017-07-25 19:00:00,0.0
2017-07-25 20:00:00,0.0
2017-07-25 21:00:00,0.0
2017-07-25 22:00:00,0.0
2017-07-25 23:00:00,0.0
2017-07-26 00:00:00,0.0
2017-07-26 01:00:00,0.0
2017-07-26 02:00:00,0.0
2017-07-26 03:00:00,0.0
2017-07-26 04:00:00,0.0
2017-07-26 05:00:00,7.8
2017-07-26 06:00:00,98.68
2017-07-26 07:00:00,221.8
2017-07-26 08:00:00,360.42
2017-07-26 09:00:00,460.33
2017-07-26 10:00:00,600.67
2017-07-26 11:00:00,650.95
2017-07-26 12:00:00,686.97
2017-07-26 13:00:00,630.67
2017-07-26 14:00:00,517.08
2017-07-26 15:00:00,392.23
2017-07-26 16:00:00,207.52
2017-07-26 17:00:00,49.38
2017-07-26 18:00:00,0.0
2017-07-26 19:00:00,0.0
2017-07-26 20:00:00,0.0
2017-07-26 21:00:00,0.0
2017-07-26 22:00:00,0.0
2017-07-26 23:00:00,0.0
2017-07-27 00:00:00,0.0
2017-07-27 01:00:00,0.0
2017-07-27 02:00:00,0.0
2017-07-27 03:00:00,0.0
2017-07-27 04:00:00,0.0
2017-07-27 05:00:00,8.77
2017-07-27 06:00:00,116.07
2017-07-27 07:00:00,277.7
2017-07-27 08:00:00,503.73
2017-07-27 09:00:00,752.7
2017-07-27 10:00:00,864.3
2017-07-27 11:00:00,925.5
2017-07-27 12:00:00,895.45
2017-07-27 13:00:00,759.8
2017-07-27 14:00:00,632.05
2017-07-27 15:00:00,452.52
2017-07-27 16:00:00,240.12
2017-07-27 17:00:00,45.92
2017-07-27 18:00:00,0.0
2017-07-27 19:00:00,0.0
2017-07-27 20:00:00,0.0
2017-07-27 21:00:00,0.0
2017-07-27 22:00:00,0.0
2017-07-27 23:00:00,0.0
2017-07-28 00:00:00,0.0
2017-07-28 01:00:00,0.0
2017-07-28 02:00:00,0.0
2017-07-28 03:00:00,0.0
2017-07-28 04:00:00,0.0
2017-07-28 05:00:00,8.32
2017-07-28 06:00:00,122.62
2017-07-28 07:00:00,306.05
2017-07-28 08:00:00,489.9
2017-07-28 09:00:00,687.25
2017-07-28 10:00:00,837.62
2017-07-28 11:00:00,911.4
2017-07-28 12:00:00,902.53
2017-07-28 13:00:00,804.05
2017-07-28 14:00:00,618.97
2017-07-28 15:00:00,453.5
2017-07-28 16:00:00,228.8
2017-07-28 17:00:00,47.58
2017-07-28 18:00:00,0.0
2017-07-28 19:00:00,0.0
2017-07-28 20:00:00,0.0
2017-07-28 21:00:00,0.0
2017-07-28 22:00:00,0.0
2017-07-28 23:00:00,0.0
2017-07-29 00:00:00,0.0
2017-07-29 01:00:00,0.0
2017-07-29 02:00:00,0.0
2017-07-29 03:00:00,0.0
2017-07-29 04:00:00,0.0
2017-07-29 05:00:00,7.68
2017-07-29 06:00:00,85.62
2017-07-29 07:00:00,210.57
2017-07-29 08:00:00,351.7
2017-07-29 09:00:00,528.58
2017-07-29 10:00:00,487.67
2017-07-29 11:00:00,530.15
2017-07-29 12:00:00,528.0
2017-07-29 13:00:00,464.58
2017-07-29 14:00:00,440.95
2017-07-29 15:00:00,389.0
2017-07-29 16:00:00,207.05
2017-07-29 17:00:00,50.97
2017-07-29 18:00:00,0.0
2017-07-29 19:00:00,0.0
2017-07-29 20:00:00,0.0
2017-07-29 21:00:00,0.0
2017-07-29 22:00:00,0.0
2017-07-29 23:00:00,0.0
2017-07-30 00:00:00,0.0
2017-07-30 01:00:00,0.0
2017-07-30 02:00:00,0.0
2017-07-30 03:00:00,0.0
2017-07-30 04:00:00,0.0
2017-07-30 05:00:00,8.77
2017-07-30 06:00:00,108.15
2017-07-30 07:00:00,273.35
2017-07-30 08:00:00,460.6
2017-07-30 09:00:00,598.03
2017-07-30 10:00:00,777.58
2017-07-30 11:00:00,719.03
2017-07-30 12:00:00,553.03
2017-07-30 13:00:00,453.0
2017-07-30 14:00:00,309.2
2017-07-30 15:00:00,254.07
2017-07-30 16:00:00,123.82
2017-07-30 17:00:00,25.62
2017-07-30 18:00:00,0.0
2017-07-30 19:00:00,0.0
2017-07-30 20:00:00,0.0
2017-07-30 21:00:00,0.0
2017-07-30 22:00:00,0.0
2017-07-30 23:00:00,0.0
2017-07-31 00:00:00,0.0
2017-07-31 01:00:00,0.0
2017-07-31 02:00:00,0.0
2017-07-31 03:00:00,0.0
2017-07-31 04:00:00,0.0
2017-07-31 05:00:00,7.53
2017-07-31 06:00:00,74.07
2017-07-31 07:00:00,183.45
2017-07-31 08:00:00,259.58
2017-07-31 09:00:00,402.92
2017-07-31 10:00:00,467.05
2017-07-31 11:00:00,508.85
2017-07-31 12:00:00,511.62
2017-07-31 13:00:00,597.25
2017-07-31 14:00:00,532.17
2017-07-31 15:00:00,422.12
2017-07-31 16:00:00,221.82
2017-07-31 17:00:00,49.5
2017-07-31 18:00:00,0.0
2017-07-31 19:00:00,0.0
2017-07-31 20:00:00,0.0
2017-07-31 21:00:00,0.0
2017-07-31 22:00:00,0.0
2017-07-31 23:00:00,0.0
2017-08-01 00:00:00,0.0
2017-08-01 01:00:00,0.0
2017-08-01 02:00:00,0.0
2017-08-01 03:00:00,0.0
2017-08-01 04:00:00,0.0
2017-08-01 05:00:00,7.72
2017-08-01 06:00:00,115.12
2017-08-01 07:00:00,305.27
2017-08-01 08:00:00,497.98
2017-08-01 09:00:00,699.03
2017-08-01 10:00:00,841.83
2017-08-01 11:00:00,923.25
2017-08-01 12:00:00,799.72
2017-08-01 13:00:00,789.28
2017-08-01 14:00:00,644.17
2017-08-01 15:00:00,460.27
2017-08-01 16:00:00,210.95
2017-08-01 17:00:00,39.92
2017-08-01 18:00:00,0.0
2017-08-01 19:00:00,0.0
2017-08-01 20:00:00,0.0
2017-08-01 21:00:00,0.0
2017-08-01 22:00:00,0.0
2017-08-01 23:00:00,0.0
2017-08-02 00:00:00,0.0
2017-08-02 01:00:00,0.0
2017-08-02 02:00:00,0.0
2017-08-02 03:00:00,0.0
2017-08-02 04:00:00,0.0
2017-08-02 05:00:00,6.45
2017-08-02 06:00:00,126.82
2017-08-02 07:00:00,273.85
2017-08-02 08:00:00,460.08
2017-08-02 09:00:00,628.12
2017-08-02 10:00:00,756.25
2017-08-02 11:00:00,829.97
2017-08-02 12:00:00,879.5
2017-08-02 13:00:00,796.17
2017-08-02 14:00:00,640.28
2017-08-02 15:00:00,440.95
2017-08-02 16:00:00,226.57
2017-08-02 17:00:00,47.4
2017-08-02 18:00:00,0.0
2017-08-02 19:00:00,0.0
2017-08-02 20:00:00,0.0
2017-08-02 21:00:00,0.0
2017-08-02 22:00:00,0.0
2017-08-02 23:00:00,0.0
2017-08-03 00:00:00,0.0
2017-08-03 01:00:00,0.0
2017-08-03 02:00:00,0.0
2017-08-03 03:00:00,0.0
2017-08-03 04:00:00,0.0
2017-08-03 05:00:00,7.65
2017-08-03 06:00:00,117.0
2017-08-03 07:00:00,289.7
2017-08-03 08:00:00,465.8
2017-08-03 09:00:00,686.92
2017-08-03 10:00:00,791.55
2017-08-03 11:00:00,789.38
2017-08-03 12:00:00,725.75
2017-08-03 13:00:00,639.15
2017-08-03 14:00:00,512.7
2017-08-03 15:00:00,355.88
2017-08-03 16:00:00,174.12
2017-08-03 17:00:00,39.3
2017-08-03 18:00:00,0.0
2017-08-03 19:00:00,0.0
2017-08-03 20:00:00,0.0
2017-08-03 21:00:00,0.0
2017-08-03 22:00:00,0.0
2017-08-03 23:00:00,0.0
2017-08-04 00:00:00,0.0
2017-08-04 01:00:00,0.0
2017-08-04 02:00:00,0.0
2017-08-04 03:00:00,0.0
2017-08-04 04:00:00,0.0
2017-08-04 05:00:00,7.3
2017-08-04 06:00:00,87.05
2017-08-04 07:00:00,226.2
2017-08-04 08:00:00,386.83
2017-08-04 09:00:00,489.42
2017-08-04 10:00:00,639.83
2017-08-04 11:00:00,622.0
2017-08-04 12:00:00,650.5
2017-08-04 13:00:00,614.17
2017-08-04 14:00:00,515.1
2017-08-04 15:00:00,320.3
2017-08-04 16:00:00,156.8
2017-08-04 17:00:00,32.25
2017-08-04 18:00:00,0.0
2017-08-04 19:00:00,0.0
2017-08-04 20:00:00,0.0
2017-08-04 21:00:00,0.0
2017-08-04 22:00:00,0.0
2017-08-04 23:00:00,0.0
2017-08-05 00:00:00,0.0
2017-08-05 01:00:00,0.0
2017-08-05 02:00:00,0.0
2017-08-05 03:00:00,0.0
2017-08-05 04:00:00,0.0
2017-08-05 05:00:00,4.47
2017-08-05 06:00:00,51.25
2017-08-05 07:00:00,108.32
2017-08-05 08:00:00,181.1
2017-08-05 09:00:00,246.0
2017-08-05 10:00:00,359.4
2017-08-05 11:00:00,368.3
2017-08-05 12:00:00,341.65
2017-08-05 13:00:00,343.5
2017-08-05 14:00:00,297.6
2017-08-05 15:00:00,206.27
2017-08-05 16:00:00,97.45
2017-08-05 17:00:00,17.67
2017-08-05 18:00:00,0.0
2017-08-05 19:00:00,0.0
2017-08-05 20:00:00,0.0
2017-08-05 21:00:00,0.0
2017-08-05 22:00:00,0.0
2017-08-05 23:00:00,0.0
2017-08-06 00:00:00,0.0
2017-08-06 01:00:00,0.0
2017-08-06 02:00:00,0.0
2017-08-06 03:00:00,0.0
2017-08-06 04:00:00,0.0
2017-08-06 05:00:00,7.32
2017-08-06 06:00:00,99.97
2017-08-06 07:00:00,262.5
2017-08-06 08:00:00,443.55
2017-08-06 09:00:00,624.95
2017-08-06 10:00:00,759.7
2017-08-06 11:00:00,887.42
2017-08-06 12:00:00,893.83
2017-08-06 13:00:00,797.7
2017-08-06 14:00:00,632.53
2017-08-06 15:00:00,419.38
2017-08-06 16:00:00,204.52
2017-08-06 17:00:00,41.05
2017-08-06 18:00:00,0.0
2017-08-06 19:00:00,0.0
2017-08-06 20:00:00,0.0
2017-08-06 21:00:00,0.0
2017-08-06 22:00:00,0.0
2017-08-06 23:00:00,0.0
2017-08-07 00:00:00,0.0
2017-08-07 01:00:00,0.0
2017-08-07 02:00:00,0.0
2017-08-07 03:00:00,0.0
2017-08-07 04:00:00,0.0
2017-08-07 05:00:00,5.65
2017-08-07 06:00:00,64.3
2017-08-07 07:00:00,192.9
2017-08-07 08:00:00,362.8
2017-08-07 09:00:00,507.17
2017-08-07 10:00:00,478.08
2017-08-07 11:00:00,464.1
2017-08-07 12:00:00,609.65
2017-08-07 13:00:00,550.8
2017-08-07 14:00:00,489.1
2017-08-07 15:00:00,361.65
2017-08-07 16:00:00,180.68
2017-08-07 17:00:00,38.0
2017-08-07 18:00:00,0.0
2017-08-07 19:00:00,0.0
2017-08-07 20:00:00,0.0
2017-08-07 21:00:00,0.0
2017-08-07 22:00:00,0.0
2017-08-07 23:00:00,0.0
2017-08-08 00:00:00,0.0
2017-08-08 01:00:00,0.0
2017-08-08 02:00:00,0.0
2017-08-08 03:00:00,0.0
2017-08-08 04:00:00,0.0
2017-08-08 05:00:00,8.9
2017-08-08 06:00:00,113.65
2017-08-08 07:00:00,279.12
2017-08-08 08:00:00,467.62
2017-08-08 09:00:00,623.33
2017-08-08 10:00:00,752.1
2017-08-08 11:00:00,796.9
2017-08-08 12:00:00,783.2
2017-08-08 13:00:00,641.95
2017-08-08 14:00:00,428.08
2017-08-08 15:00:00,255.85
2017-08-08 16:00:00,125.3
2017-08-08 17:00:00,25.52
2017-08-08 18:00:00,0.0
2017-08-08 19:00:00,0.0
2017-08-08 20:00:00,0.0
2017-08-08 21:00:00,0.0
2017-08-08 22:00:00,0.0
2017-08-08 23:00:00,0.0
2017-08-09 00:00:00,0.0
2017-08-09 01:00:00,0.0
2017-08-09 02:00:00,0.0
2017-08-09 03:00:00,0.0
2017-08-09 04:00:00,0.0
2017-08-09 05:00:00,8.73
2017-08-09 06:00:00,106.6
2017-08-09 07:00:00,279.67
2017-08-09 08:00:00,458.95
2017-08-09 09:00:00,637.03
2017-08-09 10:00:00,756.7
2017-08-09 11:00:00,786.35
2017-08-09 12:00:00,793.05
2017-08-09 13:00:00,648.75
2017-08-09 14:00:00,526.3
2017-08-09 15:00:00,338.6
2017-08-09 16:00:00,178.9
2017-08-09 17:00:00,41.55
2017-08-09 18:00:00,0.0
2017-08-09 19:00:00,0.0
2017-08-09 20:00:00,0.0
2017-08-09 21:00:00,0.0
2017-08-09 22:00:00,0.0
2017-08-09 23:00:00,0.0
2017-08-10 00:00:00,0.0
2017-08-10 01:00:00,0.0
2017-08-10 02:00:00,0.0
2017-08-10 03:00:00,0.0
2017-08-10 04:00:00,0.0
2017-08-10 05:00:00,7.8
2017-08-10 06:00:00,111.72
2017-08-10 07:00:00,291.05
2017-08-10 08:00:00,473.73
2017-08-10 09:00:00,675.08
2017-08-10 10:00:00,809.92
2017-08-10 11:00:00,791.17
2017-08-10 12:00:00,761.92
2017-08-10 13:00:00,738.1
2017-08-10 14:00:00,572.5
2017-08-10 15:00:00,407.83
2017-08-10 16:00:00,202.93
2017-08-10 17:00:00,40.83
2017-08-10 18:00:00,0.0
2017-08-10 19:00:00,0.0
2017-08-10 20:00:00,0.0
2017-08-10 21:00:00,0.0
2017-08-10 22:00:00,0.0
2017-08-10 23:00:00,0.0
2017-08-11 00:00:00,0.0
2017-08-11 01:00:00,0.0
2017-08-11 02:00:00,0.0
2017-08-11 03:00:00,0.0
2017-08-11 04:00:00,0.0
2017-08-11 05:00:00,8.85
2017-08-11 06:00:00,120.97
2017-08-11 07:00:00,289.12
2017-08-11 08:00:00,523.8
2017-08-11 09:00:00,680.85
2017-08-11 10:00:00,823.83
2017-08-11 11:00:00,864.8
2017-08-11 12:00:00,813.42
2017-08-11 13:00:00,751.08
2017-08-11 14:00:00,632.9
2017-08-11 15:00:00,438.02
2017-08-11 16:00:00,214.45
2017-08-11 17:00:00,38.03
2017-08-11 18:00:00,0.0
2017-08-11 19:00:00,0.0
2017-08-11 20:00:00,0.0
2017-08-11 21:00:00,0.0
2017-08-11 22:00:00,0.0
2017-08-11 23:00:00,0.0
2017-08-12 00:00:00,0.0
2017-08-12 01:00:00,0.0
2017-08-12 02:00:00,0.0
2017-08-12 03:00:00,0.0
2017-08-12 04:00:00,0.0
2017-08-12 05:00:00,8.48
2017-08-12 06:00:00,114.43
2017-08-12 07:00:00,275.15
2017-08-12 08:00:00,439.27
2017-08-12 09:00:00,630.75
2017-08-12 10:00:00,685.22
2017-08-12 11:00:00,810.28
2017-08-12 12:00:00,653.25
2017-08-12 13:00:00,570.22
2017-08-12 14:00:00,509.83
2017-08-12 15:00:00,399.77
2017-08-12 16:00:00,199.0
2017-08-12 17:00:00,37.33
2017-08-12 18:00:00,0.0
2017-08-12 19:00:00,0.0
2017-08-12 20:00:00,0.0
2017-08-12 21:00:00,0.0
2017-08-12 22:00:00,0.0
2017-08-12 23:00:00,0.0
2017-08-13 00:00:00,0.0
2017-08-13 01:00:00,0.0
2017-08-13 02:00:00,0.0
2017-08-13 03:00:00,0.0
2017-08-13 04:00:00,0.0
2017-08-13 05:00:00,4.25
2017-08-13 06:00:00,118.5
2017-08-13 07:00:00,319.42
2017-08-13 08:00:00,459.8
2017-08-13 09:00:00,557.9
2017-08-13 10:00:00,644.08
2017-08-13 11:00:00,690.6
2017-08-13 12:00:00,733.92
2017-08-13 13:00:00,684.38
2017-08-13 14:00:00,562.38
2017-08-13 15:00:00,384.45
2017-08-13 16:00:00,181.48
2017-08-13 17:00:00,31.88
2017-08-13 18:00:00,0.0
2017-08-13 19:00:00,0.0
2017-08-13 20:00:00,0.0
2017-08-13 21:00:00,0.0
2017-08-13 22:00:00,0.0
2017-08-13 23:00:00,0.0
2017-08-14 00:00:00,0.0
2017-08-14 01:00:00,0.0
2017-08-14 02:00:00,0.0
2017-08-14 03:00:00,0.0
2017-08-14 04:00:00,0.0
2017-08-14 05:00:00,7.32
2017-08-14 06:00:00,127.7
2017-08-14 07:00:00,298.67
2017-08-14 08:00:00,463.88
2017-08-14 09:00:00,697.17
2017-08-14 10:00:00,785.2
2017-08-14 11:00:00,808.03
2017-08-14 12:00:00,850.42
2017-08-14 13:00:00,730.67
2017-08-14 14:00:00,576.53
2017-08-14 15:00:00,371.0
2017-08-14 16:00:00,189.07
2017-08-14 17:00:00,36.5
2017-08-14 18:00:00,0.0
2017-08-14 19:00:00,0.0
2017-08-14 20:00:00,0.0
2017-08-14 21:00:00,0.0
2017-08-14 22:00:00,0.0
2017-08-14 23:00:00,0.0
2017-08-15 00:00:00,0.0
2017-08-15 01:00:00,0.0
2017-08-15 02:00:00,0.0
2017-08-15 03:00:00,0.0
2017-08-15 04:00:00,0.0
2017-08-15 05:00:00,4.5
2017-08-15 06:00:00,96.35
2017-08-15 07:00:00,221.73
2017-08-15 08:00:00,378.73
2017-08-15 09:00:00,424.95
2017-08-15 10:00:00,595.12
2017-08-15 11:00:00,601.28
2017-08-15 12:00:00,508.8
2017-08-15 13:00:00,403.75
2017-08-15 14:00:00,383.2
2017-08-15 15:00:00,307.88
2017-08-15 16:00:00,151.38
2017-08-15 17:00:00,29.52
2017-08-15 18:00:00,0.0
2017-08-15 19:00:00,0.0
2017-08-15 20:00:00,0.0
2017-08-15 21:00:00,0.0
2017-08-15 22:00:00,0.0
2017-08-15 23:00:00,0.0
2017-08-16 00:00:00,0.0
2017-08-16 01:00:00,0.0
2017-08-16 02:00:00,0.0
2017-08-16 03:00:00,0.0
2017-08-16 04:00:00,0.0
2017-08-16 05:00:00,6.88
2017-08-16 06:00:00,116.9
2017-08-16 07:00:00,302.48
2017-08-16 08:00:00,513.35
2017-08-16 09:00:00,702.7
2017-08-16 10:00:00,826.1
2017-08-16 11:00:00,914.2
2017-08-16 12:00:00,867.85
2017-08-16 13:00:00,833.9
2017-08-16 14:00:00,671.95
2017-08-16 15:00:00,443.12
2017-08-16 16:00:00,220.57
2017-08-16 17:00:00,38.72
2017-08-16 18:00:00,0.0
2017-08-16 19:00:00,0.0
2017-08-16 20:00:00,0.0
2017-08-16 21:00:00,0.0
2017-08-16 22:00:00,0.0
2017-08-16 23:00:00,0.0
2017-08-17 00:00:00,0.0
2017-08-17 01:00:00,0.0
2017-08-17 02:00:00,0.0
2017-08-17 03:00:00,0.0
2017-08-17 04:00:00,0.0
2017-08-17 05:00:00,6.7
2017-08-17 06:00:00,69.5
2017-08-17 07:00:00,198.88
2017-08-17 08:00:00,327.45
2017-08-17 09:00:00,447.35
2017-08-17 10:00:00,535.2
2017-08-17 11:00:00,572.67
2017-08-17 12:00:00,606.12
2017-08-17 13:00:00,505.3
2017-08-17 14:00:00,353.62
2017-08-17 15:00:00,207.3
2017-08-17 16:00:00,97.18
2017-08-17 17:00:00,21.73
2017-08-17 18:00:00,0.0
2017-08-17 19:00:00,0.0
2017-08-17 20:00:00,0.0
2017-08-17 21:00:00,0.0
2017-08-17 22:00:00,0.0
2017-08-17 23:00:00,0.0
2017-08-18 00:00:00,0.0
2017-08-18 01:00:00,0.0
2017-08-18 02:00:00,0.0
2017-08-18 03:00:00,0.0
2017-08-18 04:00:00,0.0
2017-08-18 05:00:00,1.83
2017-08-18 06:00:00,106.62
2017-08-18 07:00:00,241.7
2017-08-18 08:00:00,370.2
2017-08-18 09:00:00,511.33
2017-08-18 10:00:00,620.05
2017-08-18 11:00:00,708.88
2017-08-18 12:00:00,647.88
2017-08-18 13:00:00,544.55
2017-08-18 14:00:00,463.88
2017-08-18 15:00:00,292.12
2017-08-18 16:00:00,137.2
2017-08-18 17:00:00,30.12
2017-08-18 18:00:00,0.0
2017-08-18 19:00:00,0.0
2017-08-18 20:00:00,0.0
2017-08-18 21:00:00,0.0
2017-08-18 22:00:00,0.0
2017-08-18 23:00:00,0.0
2017-08-19 00:00:00,0.0
2017-08-19 01:00:00,0.0
2017-08-19 02:00:00,0.0
2017-08-19 03:00:00,0.0
2017-08-19 04:00:00,0.0
2017-08-19 05:00:00,5.4
2017-08-19 06:00:00,118.35
2017-08-19 07:00:00,290.45
2017-08-19 08:00:00,455.95
2017-08-19 09:00:00,630.55
2017-08-19 10:00:00,769.58
2017-08-19 11:00:00,768.45
2017-08-19 12:00:00,685.8
2017-08-19 13:00:00,567.38
2017-08-19 14:00:00,469.4
2017-08-19 15:00:00,305.92
2017-08-19 16:00:00,157.6
2017-08-19 17:00:00,31.6
2017-08-19 18:00:00,0.0
2017-08-19 19:00:00,0.0
2017-08-19 20:00:00,0.0
2017-08-19 21:00:00,0.0
2017-08-19 22:00:00,0.0
2017-08-19 23:00:00,0.0
2017-08-20 00:00:00,0.0
2017-08-20 01:00:00,0.0
2017-08-20 02:00:00,0.0
2017-08-20 03:00:00,0.0
2017-08-20 04:00:00,0.0
2017-08-20 05:00:00,5.55
2017-08-20 06:00:00,99.22
2017-08-20 07:00:00,236.77
2017-08-20 08:00:00,363.35
2017-08-20 09:00:00,507.73
2017-08-20 10:00:00,601.72
2017-08-20 11:00:00,542.15
2017-08-20 12:00:00,547.05
2017-08-20 13:00:00,561.45
2017-08-20 14:00:00,452.98
2017-08-20 15:00:00,298.7
2017-08-20 16:00:00,148.7
2017-08-20 17:00:00,26.12
2017-08-20 18:00:00,0.0
2017-08-20 19:00:00,0.0
2017-08-20 20:00:00,0.0
2017-08-20 21:00:00,0.0
2017-08-20 22:00:00,0.0
2017-08-20 23:00:00,0.0
2017-08-21 00:00:00,0.0
2017-08-21 01:00:00,0.0
2017-08-21 02:00:00,0.0
2017-08-21 03:00:00,0.0
2017-08-21 04:00:00,0.0
2017-08-21 05:00:00,8.5
2017-08-21 06:00:00,126.43
2017-08-21 07:00:00,318.48
2017-08-21 08:00:00,521.08
2017-08-21 09:00:00,705.42
2017-08-21 10:00:00,809.35
2017-08-21 11:00:00,886.83
2017-08-21 12:00:00,866.5
2017-08-21 13:00:00,726.8
2017-08-21 14:00:00,550.55
2017-08-21 15:00:00,378.83
2017-08-21 16:00:00,188.85
2017-08-21 17:00:00,29.38
2017-08-21 18:00:00,0.0
2017-08-21 19:00:00,0.0
2017-08-21 20:00:00,0.0
2017-08-21 21:00:00,0.0
2017-08-21 22:00:00,0.0
2017-08-21 23:00:00,0.0
2017-08-22 00:00:00,0.0
2017-08-22 01:00:00,0.0
2017-08-22 02:00:00,0.0
2017-08-22 03:00:00,0.0
2017-08-22 04:00:00,0.0
2017-08-22 05:00:00,4.75
2017-08-22 06:00:00,57.62
2017-08-22 07:00:00,127.95
2017-08-22 08:00:00,222.88
2017-08-22 09:00:00,304.05
2017-08-22 10:00:00,356.3
2017-08-22 11:00:00,407.62
2017-08-22 12:00:00,419.7
2017-08-22 13:00:00,365.9
2017-08-22 14:00:00,284.8
2017-08-22 15:00:00,204.25
2017-08-22 16:00:00,92.32
2017-08-22 17:00:00,14.9
2017-08-22 18:00:00,0.0
2017-08-22 19:00:00,0.0
2017-08-22 20:00:00,0.0
2017-08-22 21:00:00,0.0
2017-08-22 22:00:00,0.0
2017-08-22 23:00:00,0.0
2017-08-23 00:00:00,0.0
2017-08-23 01:00:00,0.0
2017-08-23 02:00:00,0.0
2017-08-23 03:00:00,0.0
2017-08-23 04:00:00,0.0
2017-08-23 05:00:00,8.2
2017-08-23 06:00:00,122.65
2017-08-23 07:00:00,326.25
2017-08-23 08:00:00,530.42
2017-08-23 09:00:00,730.08
2017-08-23 10:00:00,877.67
2017-08-23 11:00:00,920.3
2017-08-23 12:00:00,907.42
2017-08-23 13:00:00,779.55
2017-08-23 14:00:00,546.97
2017-08-23 15:00:00,316.12
2017-08-23 16:00:00,168.35
2017-08-23 17:00:00,30.0
2017-08-23 18:00:00,0.0
2017-08-23 19:00:00,0.0
2017-08-23 20:00:00,0.0
2017-08-23 21:00:00,0.0
2017-08-23 22:00:00,0.0
2017-08-23 23:00:00,0.0
2017-08-24 00:00:00,0.0
2017-08-24 01:00:00,0.0
2017-08-24 02:00:00,0.0
2017-08-24 03:00:00,0.0
2017-08-24 04:00:00,0.0
2017-08-24 05:00:00,6.5
2017-08-24 06:00:00,82.25
2017-08-24 07:00:00,180.15
2017-08-24 08:00:00,137.9
2017-08-24 09:00:00,216.73
2017-08-24 10:00:00,281.2
2017-08-24 11:00:00,597.1
2017-08-24 12:00:00,621.15
2017-08-24 13:00:00,509.0
2017-08-24 14:00:00,499.83
2017-08-24 15:00:00,386.05
2017-08-24 16:00:00,184.12
2017-08-24 17:00:00,31.73
2017-08-24 18:00:00,0.0
2017-08-24 19:00:00,0.0
2017-08-24 20:00:00,0.0
2017-08-24 21:00:00,0.0
2017-08-24 22:00:00,0.0
2017-08-24 23:00:00,0.0
2017-08-25 00:00:00,0.0
2017-08-25 01:00:00,0.0
2017-08-25 02:00:00,0.0
2017-08-25 03:00:00,0.0
2017-08-25 04:00:00,0.0
2017-08-25 05:00:00,1.95
2017-08-25 06:00:00,35.0
2017-08-25 07:00:00,83.25
2017-08-25 08:00:00,145.45
2017-08-25 09:00:00,185.25
2017-08-25 10:00:00,287.23
2017-08-25 11:00:00,252.48
2017-08-25 12:00:00,282.6
2017-08-25 13:00:00,403.75
2017-08-25 14:00:00,332.77
2017-08-25 15:00:00,258.88
2017-08-25 16:00:00,100.6
2017-08-25 17:00:00,17.67
2017-08-25 18:00:00,0.0
2017-08-25 19:00:00,0.0
2017-08-25 20:00:00,0.0
2017-08-25 21:00:00,0.0
2017-08-25 22:00:00,0.0
2017-08-25 23:00:00,0.0
2017-08-26 00:00:00,0.0
2017-08-26 01:00:00,0.0
2017-08-26 02:00:00,0.0
2017-08-26 03:00:00,0.0
2017-08-26 04:00:00,0.0
2017-08-26 05:00:00,6.8
2017-08-26 06:00:00,116.88
2017-08-26 07:00:00,310.25
2017-08-26 08:00:00,516.95
2017-08-26 09:00:00,711.6
2017-08-26 10:00:00,854.2
2017-08-26 11:00:00,832.1
2017-08-26 12:00:00,795.05
2017-08-26 13:00:00,682.17
2017-08-26 14:00:00,577.97
2017-08-26 15:00:00,425.0
2017-08-26 16:00:00,204.4
2017-08-26 17:00:00,30.85
2017-08-26 18:00:00,0.0
2017-08-26 19:00:00,0.0
2017-08-26 20:00:00,0.0
2017-08-26 21:00:00,0.0
2017-08-26 22:00:00,0.0
2017-08-26 23:00:00,0.0
2017-08-27 00:00:00,0.0
2017-08-27 01:00:00,0.0
2017-08-27 02:00:00,0.0
2017-08-27 03:00:00,0.0
2017-08-27 04:00:00,0.0
2017-08-27 05:00:00,3.88
2017-08-27 06:00:00,64.22
2017-08-27 07:00:00,176.2
2017-08-27 08:00:00,334.38
2017-08-27 09:00:00,439.55
2017-08-27 10:00:00,509.05
2017-08-27 11:00:00,507.8
2017-08-27 12:00:00,474.58
2017-08-27 13:00:00,430.38
2017-08-27 14:00:00,386.45
2017-08-27 15:00:00,264.08
2017-08-27 16:00:00,125.95
2017-08-27 17:00:00,16.1
2017-08-27 18:00:00,0.0
2017-08-27 19:00:00,0.0
2017-08-27 20:00:00,0.0
2017-08-27 21:00:00,0.0
2017-08-27 22:00:00,0.0
2017-08-27 23:00:00,0.0
2017-08-28 00:00:00,0.0
2017-08-28 01:00:00,0.0
2017-08-28 02:00:00,0.0
2017-08-28 03:00:00,0.0
2017-08-28 04:00:00,0.0
2017-08-28 05:00:00,2.97
2017-08-28 06:00:00,73.05
2017-08-28 07:00:00,181.38
2017-08-28 08:00:00,317.5
2017-08-28 09:00:00,421.27
2017-08-28 10:00:00,511.58
2017-08-28 11:00:00,562.67
2017-08-28 12:00:00,673.97
2017-08-28 13:00:00,608.72
2017-08-28 14:00:00,486.45
2017-08-28 15:00:00,280.05
2017-08-28 16:00:00,121.47
2017-08-28 17:00:00,18.85
2017-08-28 18:00:00,0.0
2017-08-28 19:00:00,0.0
2017-08-28 20:00:00,0.0
2017-08-28 21:00:00,0.0
2017-08-28 22:00:00,0.0
2017-08-28 23:00:00,0.0
2017-08-29 00:00:00,0.0
2017-08-29 01:00:00,0.0
2017-08-29 02:00:00,0.0
2017-08-29 03:00:00,0.0
2017-08-29 04:00:00,0.0
2017-08-29 05:00:00,6.6
2017-08-29 06:00:00,100.1
2017-08-29 07:00:00,252.77
2017-08-29 08:00:00,428.02
2017-08-29 09:00:00,582.97
2017-08-29 10:00:00,653.35
2017-08-29 11:00:00,619.72
2017-08-29 12:00:00,681.38
2017-08-29 13:00:00,618.65
2017-08-29 14:00:00,480.35
2017-08-29 15:00:00,373.15
2017-08-29 16:00:00,167.35
2017-08-29 17:00:00,26.75
2017-08-29 18:00:00,0.0
2017-08-29 19:00:00,0.0
2017-08-29 20:00:00,0.0
2017-08-29 21:00:00,0.0
2017-08-29 22:00:00,0.0
2017-08-29 23:00:00,0.0
2017-08-30 00:00:00,0.0
2017-08-30 01:00:00,0.0
2017-08-30 02:00:00,0.0
2017-08-30 03:00:00,0.0
2017-08-30 04:00:00,0.0
2017-08-30 05:00:00,8.62
2017-08-30 06:00:00,135.85
2017-08-30 07:00:00,353.1
2017-08-30 08:00:00,559.97
2017-08-30 09:00:00,792.67
2017-08-30 10:00:00,899.62
2017-08-30 11:00:00,968.45
2017-08-30 12:00:00,785.33
2017-08-30 13:00:00,812.33
2017-08-30 14:00:00,657.08
2017-08-30 15:00:00,368.45
2017-08-30 16:00:00,187.65
2017-08-30 17:00:00,33.75
2017-08-30 18:00:00,0.0
2017-08-30 19:00:00,0.0
2017-08-30 20:00:00,0.0
2017-08-30 21:00:00,0.0
2017-08-30 22:00:00,0.0
2017-08-30 23:00:00,0.0
2017-08-31 00:00:00,0.0
2017-08-31 01:00:00,0.0
2017-08-31 02:00:00,0.0
2017-08-31 03:00:00,0.0
2017-08-31 04:00:00,0.0
2017-08-31 05:00:00,6.1
2017-08-31 06:00:00,115.25
2017-08-31 07:00:00,271.0
2017-08-31 08:00:00,447.15
2017-08-31 09:00:00,615.03
2017-08-31 10:00:00,749.97
2017-08-31 11:00:00,865.2
2017-08-31 12:00:00,891.15
2017-08-31 13:00:00,770.5
2017-08-31 14:00:00,596.92
2017-08-31 15:00:00,390.1
2017-08-31 16:00:00,170.1
2017-08-31 17:00:00,23.3
2017-08-31 18:00:00,0.0
2017-08-31 19:00:00,0.0
2017-08-31 20:00:00,0.0
2017-08-31 21:00:00,0.0
2017-08-31 22:00:00,0.0
2017-08-31 23:00:00,0.0
2017-09-01 00:00:00,0.0
2017-09-01 01:00:00,0.0
2017-09-01 02:00:00,0.0
2017-09-01 03:00:00,0.0
2017-09-01 04:00:00,0.0
2017-09-01 05:00:00,3.97
2017-09-01 06:00:00,46.85
2017-09-01 07:00:00,112.68
2017-09-01 08:00:00,204.75
2017-09-01 09:00:00,122.7
2017-09-01 10:00:00,417.6
2017-09-01 11:00:00,477.23
2017-09-01 12:00:00,612.67
2017-09-01 13:00:00,685.88
2017-09-01 14:00:00,592.08
2017-09-01 15:00:00,432.65
2017-09-01 16:00:00,198.3
2017-09-01 17:00:00,26.05
2017-09-01 18:00:00,0.0
2017-09-01 19:00:00,0.0
2017-09-01 20:00:00,0.0
2017-09-01 21:00:00,0.0
2017-09-01 22:00:00,0.0
2017-09-01 23:00:00,0.0
2017-09-02 00:00:00,0.0
2017-09-02 01:00:00,0.0
2017-09-02 02:00:00,0.0
2017-09-02 03:00:00,0.0
2017-09-02 04:00:00,0.0
2017-09-02 05:00:00,8.15
2017-09-02 06:00:00,127.1
2017-09-02 07:00:00,321.5
2017-09-02 08:00:00,511.25
2017-09-02 09:00:00,700.58
2017-09-02 10:00:00,793.88
2017-09-02 11:00:00,817.5
2017-09-02 12:00:00,822.42
2017-09-02 13:00:00,760.95
2017-09-02 14:00:00,584.83
2017-09-02 15:00:00,421.73
2017-09-02 16:00:00,198.48
2017-09-02 17:00:00,26.02
2017-09-02 18:00:00,0.0
2017-09-02 19:00:00,0.0
2017-09-02 20:00:00,0.0
2017-09-02 21:00:00,0.0
2017-09-02 22:00:00,0.0
2017-09-02 23:00:00,0.0
2017-09-03 00:00:00,0.0
2017-09-03 01:00:00,0.0
2017-09-03 02:00:00,0.0
2017-09-03 03:00:00,0.0
2017-09-03 04:00:00,0.0
2017-09-03 05:00:00,9.2
2017-09-03 06:00:00,136.43
2017-09-03 07:00:00,317.05
2017-09-03 08:00:00,563.38
2017-09-03 09:00:00,690.47
2017-09-03 10:00:00,892.67
2017-09-03 11:00:00,947.7
2017-09-03 12:00:00,904.42
2017-09-03 13:00:00,751.28
2017-09-03 14:00:00,641.7
2017-09-03 15:00:00,428.4
2017-09-03 16:00:00,207.75
2017-09-03 17:00:00,23.92
2017-09-03 18:00:00,0.0
2017-09-03 19:00:00,0.0
2017-09-03 20:00:00,0.0
2017-09-03 21:00:00,0.0
2017-09-03 22:00:00,0.0
2017-09-03 23:00:00,0.0
2017-09-04 00:00:00,0.0
2017-09-04 01:00:00,0.0
2017-09-04 02:00:00,0.0
2017-09-04 03:00:00,0.0
2017-09-04 04:00:00,0.0
2017-09-04 05:00:00,8.32
2017-09-04 06:00:00,120.85
2017-09-04 07:00:00,310.35
2017-09-04 08:00:00,500.8
2017-09-04 09:00:00,668.4
2017-09-04 10:00:00,762.3
2017-09-04 11:00:00,769.6
2017-09-04 12:00:00,778.8
2017-09-04 13:00:00,688.65
2017-09-04 14:00:00,608.58
2017-09-04 15:00:00,387.98
2017-09-04 16:00:00,171.52
2017-09-04 17:00:00,21.0
2017-09-04 18:00:00,0.0
2017-09-04 19:00:00,0.0
2017-09-04 20:00:00,0.0
2017-09-04 21:00:00,0.0
2017-09-04 22:00:00,0.0
2017-09-04 23:00:00,0.0
2017-09-05 00:00:00,0.0
2017-09-05 01:00:00,0.0
2017-09-05 02:00:00,0.0
2017-09-05 03:00:00,0.0
2017-09-05 04:00:00,0.0
2017-09-05 05:00:00,8.25
2017-09-05 06:00:00,124.45
2017-09-05 07:00:00,303.25
2017-09-05 08:00:00,534.75
2017-09-05 09:00:00,739.78
2017-09-05 10:00:00,788.55
2017-09-05 11:00:00,868.65
2017-09-05 12:00:00,832.62
2017-09-05 13:00:00,762.28
2017-09-05 14:00:00,603.7
2017-09-05 15:00:00,403.23
2017-09-05 16:00:00,183.88
2017-09-05 17:00:00,21.88
2017-09-05 18:00:00,0.0
2017-09-05 19:00:00,0.0
2017-09-05 20:00:00,0.0
2017-09-05 21:00:00,0.0
2017-09-05 22:00:00,0.0
2017-09-05 23:00:00,0.0
2017-09-06 00:00:00,0.0
2017-09-06 01:00:00,0.0
2017-09-06 02:00:00,0.0
2017-09-06 03:00:00,0.0
2017-09-06 04:00:00,0.0
2017-09-06 05:00:00,8.45
2017-09-06 06:00:00,126.0
2017-09-06 07:00:00,317.98
2017-09-06 08:00:00,540.17
2017-09-06 09:00:00,736.85
2017-09-06 10:00:00,838.88
2017-09-06 11:00:00,885.97
2017-09-06 12:00:00,797.88
2017-09-06 13:00:00,758.95
2017-09-06 14:00:00,606.8
2017-09-06 15:00:00,392.33
2017-09-06 16:00:00,176.88
2017-09-06 17:00:00,20.98
2017-09-06 18:00:00,0.0
2017-09-06 19:00:00,0.0
2017-09-06 20:00:00,0.0
2017-09-06 21:00:00,0.0
2017-09-06 22:00:00,0.0
2017-09-06 23:00:00,0.0
2017-09-07 00:00:00,0.0
2017-09-07 01:00:00,0.0
2017-09-07 02:00:00,0.0
2017-09-07 03:00:00,0.0
2017-09-07 04:00:00,0.0
2017-09-07 05:00:00,8.18
2017-09-07 06:00:00,125.8
2017-09-07 07:00:00,333.98
2017-09-07 08:00:00,537.35
2017-09-07 09:00:00,733.25
2017-09-07 10:00:00,718.7
2017-09-07 11:00:00,877.83
2017-09-07 12:00:00,817.05
2017-09-07 13:00:00,703.65
2017-09-07 14:00:00,477.77
2017-09-07 15:00:00,313.35
2017-09-07 16:00:00,137.32
2017-09-07 17:00:00,15.52
2017-09-07 18:00:00,0.0
2017-09-07 19:00:00,0.0
2017-09-07 20:00:00,0.0
2017-09-07 21:00:00,0.0
2017-09-07 22:00:00,0.0
2017-09-07 23:00:00,0.0
2017-09-08 00:00:00,0.0
2017-09-08 01:00:00,0.0
2017-09-08 02:00:00,0.0
2017-09-08 03:00:00,0.0
2017-09-08 04:00:00,0.0
2017-09-08 05:00:00,8.9
2017-09-08 06:00:00,77.43
2017-09-08 07:00:00,171.88
2017-09-08 08:00:00,295.25
2017-09-08 09:00:00,211.4
2017-09-08 10:00:00,400.02
2017-09-08 11:00:00,259.55
2017-09-08 12:00:00,250.18
2017-09-08 13:00:00,449.45
2017-09-08 14:00:00,421.85
2017-09-08 15:00:00,260.95
2017-09-08 16:00:00,123.7
2017-09-08 17:00:00,12.65
2017-09-08 18:00:00,0.0
2017-09-08 19:00:00,0.0
2017-09-08 20:00:00,0.0
2017-09-08 21:00:00,0.0
2017-09-08 22:00:00,0.0
2017-09-08 23:00:00,0.0
2017-09-09 00:00:00,0.0
2017-09-09 01:00:00,0.0
2017-09-09 02:00:00,0.0
2017-09-09 03:00:00,0.0
2017-09-09 04:00:00,0.0
2017-09-09 05:00:00,6.8
2017-09-09 06:00:00,103.2
2017-09-09 07:00:00,261.77
2017-09-09 08:00:00,437.45
2017-09-09 09:00:00,603.55
2017-09-09 10:00:00,682.62
2017-09-09 11:00:00,756.47
2017-09-09 12:00:00,741.08
2017-09-09 13:00:00,731.12
2017-09-09 14:00:00,549.88
2017-09-09 15:00:00,371.0
2017-09-09 16:00:00,171.1
2017-09-09 17:00:00,22.65
2017-09-09 18:00:00,0.0
2017-09-09 19:00:00,0.0
2017-09-09 20:00:00,0.0
2017-09-09 21:00:00,0.0
2017-09-09 22:00:00,0.0
2017-09-09 23:00:00,0.0
2017-09-10 00:00:00,0.0
2017-09-10 01:00:00,0.0
2017-09-10 02:00:00,0.0
2017-09-10 03:00:00,0.0
2017-09-10 04:00:00,0.0
2017-09-10 05:00:00,9.38
2017-09-10 06:00:00,122.55
2017-09-10 07:00:00,283.2
2017-09-10 08:00:00,512.42
2017-09-10 09:00:00,665.2
2017-09-10 10:00:00,738.65
2017-09-10 11:00:00,838.28
2017-09-10 12:00:00,750.72
2017-09-10 13:00:00,776.17
2017-09-10 14:00:00,636.33
2017-09-10 15:00:00,423.08
2017-09-10 16:00:00,198.75
2017-09-10 17:00:00,22.3
2017-09-10 18:00:00,0.0
2017-09-10 19:00:00,0.0
2017-09-10 20:00:00,0.0
2017-09-10 21:00:00,0.0
2017-09-10 22:00:00,0.0
2017-09-10 23:00:00,0.0
2017-09-11 00:00:00,0.0
2017-09-11 01:00:00,0.0
2017-09-11 02:00:00,0.0
2017-09-11 03:00:00,0.0
2017-09-11 04:00:00,0.0
2017-09-11 05:00:00,9.23
2017-09-11 06:00:00,119.18
2017-09-11 07:00:00,309.77
2017-09-11 08:00:00,504.62
2017-09-11 09:00:00,684.58
2017-09-11 10:00:00,686.4
2017-09-11 11:00:00,887.85
2017-09-11 12:00:00,861.72
2017-09-11 13:00:00,777.45
2017-09-11 14:00:00,615.42
2017-09-11 15:00:00,324.07
2017-09-11 16:00:00,155.22
2017-09-11 17:00:00,14.52
2017-09-11 18:00:00,0.0
2017-09-11 19:00:00,0.0
2017-09-11 20:00:00,0.0
2017-09-11 21:00:00,0.0
2017-09-11 22:00:00,0.0
2017-09-11 23:00:00,0.0
2017-09-12 00:00:00,0.0
2017-09-12 01:00:00,0.0
2017-09-12 02:00:00,0.0
2017-09-12 03:00:00,0.0
2017-09-12 04:00:00,0.0
2017-09-12 05:00:00,10.15
2017-09-12 06:00:00,129.4
2017-09-12 07:00:00,312.92
2017-09-12 08:00:00,505.27
2017-09-12 09:00:00,679.25
2017-09-12 10:00:00,678.25
2017-09-12 11:00:00,862.12
2017-09-12 12:00:00,876.55
2017-09-12 13:00:00,702.12
2017-09-12 14:00:00,606.15
2017-09-12 15:00:00,415.45
2017-09-12 16:00:00,187.95
2017-09-12 17:00:00,19.35
2017-09-12 18:00:00,0.0
2017-09-12 19:00:00,0.0
2017-09-12 20:00:00,0.0
2017-09-12 21:00:00,0.0
2017-09-12 22:00:00,0.0
2017-09-12 23:00:00,0.0
2017-09-13 00:00:00,0.0
2017-09-13 01:00:00,0.0
2017-09-13 02:00:00,0.0
2017-09-13 03:00:00,0.0
2017-09-13 04:00:00,0.0
2017-09-13 05:00:00,10.4
2017-09-13 06:00:00,129.52
2017-09-13 07:00:00,312.12
2017-09-13 08:00:00,496.83
2017-09-13 09:00:00,672.4
2017-09-13 10:00:00,817.67
2017-09-13 11:00:00,886.47
2017-09-13 12:00:00,785.97
2017-09-13 13:00:00,781.67
2017-09-13 14:00:00,634.5
2017-09-13 15:00:00,419.52
2017-09-13 16:00:00,189.38
2017-09-13 17:00:00,18.45
2017-09-13 18:00:00,0.0
2017-09-13 19:00:00,0.0
2017-09-13 20:00:00,0.0
2017-09-13 21:00:00,0.0
2017-09-13 22:00:00,0.0
2017-09-13 23:00:00,0.0
2017-09-14 00:00:00,0.0
2017-09-14 01:00:00,0.0
2017-09-14 02:00:00,0.0
2017-09-14 03:00:00,0.0
2017-09-14 04:00:00,0.0
2017-09-14 05:00:00,9.43
2017-09-14 06:00:00,118.1
2017-09-14 07:00:00,306.2
2017-09-14 08:00:00,504.55
2017-09-14 09:00:00,658.3
2017-09-14 10:00:00,655.67
2017-09-14 11:00:00,571.3
2017-09-14 12:00:00,578.88
2017-09-14 13:00:00,463.38
2017-09-14 14:00:00,288.62
2017-09-14 15:00:00,221.25
2017-09-14 16:00:00,102.75
2017-09-14 17:00:00,10.0
2017-09-14 18:00:00,0.0
2017-09-14 19:00:00,0.0
2017-09-14 20:00:00,0.0
2017-09-14 21:00:00,0.0
2017-09-14 22:00:00,0.0
2017-09-14 23:00:00,0.0
2017-09-15 00:00:00,0.0
2017-09-15 01:00:00,0.0
2017-09-15 02:00:00,0.0
2017-09-15 03:00:00,0.0
2017-09-15 04:00:00,0.0
2017-09-15 05:00:00,7.0
2017-09-15 06:00:00,68.68
2017-09-15 07:00:00,196.57
2017-09-15 08:00:00,339.55
2017-09-15 09:00:00,468.55
2017-09-15 10:00:00,572.22
2017-09-15 11:00:00,450.27
2017-09-15 12:00:00,363.95
2017-09-15 13:00:00,425.92
2017-09-15 14:00:00,349.0
2017-09-15 15:00:00,203.6
2017-09-15 16:00:00,92.0
2017-09-15 17:00:00,11.38
2017-09-15 18:00:00,0.0
2017-09-15 19:00:00,0.0
2017-09-15 20:00:00,0.0
2017-09-15 21:00:00,0.0
2017-09-15 22:00:00,0.0
2017-09-15 23:00:00,0.0
2017-09-16 00:00:00,0.0
2017-09-16 01:00:00,0.0
2017-09-16 02:00:00,0.0
2017-09-16 03:00:00,0.0
2017-09-16 04:00:00,0.0
2017-09-16 05:00:00,6.03
2017-09-16 06:00:00,72.72
2017-09-16 07:00:00,190.2
2017-09-16 08:00:00,347.67
2017-09-16 09:00:00,433.8
2017-09-16 10:00:00,327.98
2017-09-16 11:00:00,306.48
2017-09-16 12:00:00,280.48
2017-09-16 13:00:00,288.85
2017-09-16 14:00:00,294.52
2017-09-16 15:00:00,175.5
2017-09-16 16:00:00,75.03
2017-09-16 17:00:00,8.57
2017-09-16 18:00:00,0.0
2017-09-16 19:00:00,0.0
2017-09-16 20:00:00,0.0
2017-09-16 21:00:00,0.0
2017-09-16 22:00:00,0.0
2017-09-16 23:00:00,0.0
2017-09-17 00:00:00,0.0
2017-09-17 01:00:00,0.0
2017-09-17 02:00:00,0.0
2017-09-17 03:00:00,0.0
2017-09-17 04:00:00,0.0
2017-09-17 05:00:00,5.07
2017-09-17 06:00:00,65.5
2017-09-17 07:00:00,196.4
2017-09-17 08:00:00,319.62
2017-09-17 09:00:00,354.38
2017-09-17 10:00:00,351.23
2017-09-17 11:00:00,373.3
2017-09-17 12:00:00,397.6
2017-09-17 13:00:00,355.5
2017-09-17 14:00:00,284.12
2017-09-17 15:00:00,159.85
2017-09-17 16:00:00,66.62
2017-09-17 17:00:00,5.45
2017-09-17 18:00:00,0.0
2017-09-17 19:00:00,0.0
2017-09-17 20:00:00,0.0
2017-09-17 21:00:00,0.0
2017-09-17 22:00:00,0.0
2017-09-17 23:00:00,0.0
2017-09-18 00:00:00,0.0
2017-09-18 01:00:00,0.0
2017-09-18 02:00:00,0.0
2017-09-18 03:00:00,0.0
2017-09-18 04:00:00,0.0
2017-09-18 05:00:00,8.4
2017-09-18 06:00:00,112.18
2017-09-18 07:00:00,301.42
2017-09-18 08:00:00,506.4
2017-09-18 09:00:00,690.17
2017-09-18 10:00:00,829.08
2017-09-18 11:00:00,811.9
2017-09-18 12:00:00,695.53
2017-09-18 13:00:00,555.72
2017-09-18 14:00:00,372.55
2017-09-18 15:00:00,225.55
2017-09-18 16:00:00,97.88
2017-09-18 17:00:00,8.77
2017-09-18 18:00:00,0.0
2017-09-18 19:00:00,0.0
2017-09-18 20:00:00,0.0
2017-09-18 21:00:00,0.0
2017-09-18 22:00:00,0.0
2017-09-18 23:00:00,0.0
2017-09-19 00:00:00,0.0
2017-09-19 01:00:00,0.0
2017-09-19 02:00:00,0.0
2017-09-19 03:00:00,0.0
2017-09-19 04:00:00,0.0
2017-09-19 05:00:00,10.12
2017-09-19 06:00:00,141.52
2017-09-19 07:00:00,349.23
2017-09-19 08:00:00,531.12
2017-09-19 09:00:00,648.15
2017-09-19 10:00:00,699.03
2017-09-19 11:00:00,732.58
2017-09-19 12:00:00,785.25
2017-09-19 13:00:00,664.72
2017-09-19 14:00:00,523.08
2017-09-19 15:00:00,337.52
2017-09-19 16:00:00,151.23
2017-09-19 17:00:00,11.77
2017-09-19 18:00:00,0.0
2017-09-19 19:00:00,0.0
2017-09-19 20:00:00,0.0
2017-09-19 21:00:00,0.0
2017-09-19 22:00:00,0.0
2017-09-19 23:00:00,0.0
2017-09-20 00:00:00,0.0
2017-09-20 01:00:00,0.0
2017-09-20 02:00:00,0.0
2017-09-20 03:00:00,0.0
2017-09-20 04:00:00,0.0
2017-09-20 05:00:00,9.82
2017-09-20 06:00:00,147.98
2017-09-20 07:00:00,354.5
2017-09-20 08:00:00,592.12
2017-09-20 09:00:00,793.22
2017-09-20 10:00:00,904.28
2017-09-20 11:00:00,923.4
2017-09-20 12:00:00,753.9
2017-09-20 13:00:00,616.75
2017-09-20 14:00:00,488.27
2017-09-20 15:00:00,309.0
2017-09-20 16:00:00,119.3
2017-09-20 17:00:00,10.12
2017-09-20 18:00:00,0.0
2017-09-20 19:00:00,0.0
2017-09-20 20:00:00,0.0
2017-09-20 21:00:00,0.0
2017-09-20 22:00:00,0.0
2017-09-20 23:00:00,0.0
2017-09-21 00:00:00,0.0
2017-09-21 01:00:00,0.0
2017-09-21 02:00:00,0.0
2017-09-21 03:00:00,0.0
2017-09-21 04:00:00,0.0
2017-09-21 05:00:00,9.25
2017-09-21 06:00:00,140.1
2017-09-21 07:00:00,345.27
2017-09-21 08:00:00,589.08
2017-09-21 09:00:00,792.4
2017-09-21 10:00:00,904.58
2017-09-21 11:00:00,942.2
2017-09-21 12:00:00,903.22
2017-09-21 13:00:00,793.55
2017-09-21 14:00:00,564.5
2017-09-21 15:00:00,356.25
2017-09-21 16:00:00,148.52
2017-09-21 17:00:00,11.7
2017-09-21 18:00:00,0.0
2017-09-21 19:00:00,0.0
2017-09-21 20:00:00,0.0
2017-09-21 21:00:00,0.0
2017-09-21 22:00:00,0.0
2017-09-21 23:00:00,0.0
2017-09-22 00:00:00,0.0
2017-09-22 01:00:00,0.0
2017-09-22 02:00:00,0.0
2017-09-22 03:00:00,0.0
2017-09-22 04:00:00,0.0
2017-09-22 05:00:00,5.32
2017-09-22 06:00:00,77.15
2017-09-22 07:00:00,193.12
2017-09-22 08:00:00,319.6
2017-09-22 09:00:00,465.17
2017-09-22 10:00:00,501.6
2017-09-22 11:00:00,498.77
2017-09-22 12:00:00,405.27
2017-09-22 13:00:00,440.35
2017-09-22 14:00:00,346.85
2017-09-22 15:00:00,203.23
2017-09-22 16:00:00,69.45
2017-09-22 17:00:00,7.43
2017-09-22 18:00:00,0.0
2017-09-22 19:00:00,0.0
2017-09-22 20:00:00,0.0
2017-09-22 21:00:00,0.0
2017-09-22 22:00:00,0.0
2017-09-22 23:00:00,0.0
2017-09-23 00:00:00,0.0
2017-09-23 01:00:00,0.0
2017-09-23 02:00:00,0.0
2017-09-23 03:00:00,0.0
2017-09-23 04:00:00,0.0
2017-09-23 05:00:00,7.78
2017-09-23 06:00:00,117.6
2017-09-23 07:00:00,317.58
2017-09-23 08:00:00,523.85
2017-09-23 09:00:00,702.3
2017-09-23 10:00:00,831.15
2017-09-23 11:00:00,836.42
2017-09-23 12:00:00,750.28
2017-09-23 13:00:00,679.65
2017-09-23 14:00:00,527.05
2017-09-23 15:00:00,329.67
2017-09-23 16:00:00,132.27
2017-09-23 17:00:00,9.8
2017-09-23 18:00:00,0.0
2017-09-23 19:00:00,0.0
2017-09-23 20:00:00,0.0
2017-09-23 21:00:00,0.0
2017-09-23 22:00:00,0.0
2017-09-23 23:00:00,0.0
2017-09-24 00:00:00,0.0
2017-09-24 01:00:00,0.0
2017-09-24 02:00:00,0.0
2017-09-24 03:00:00,0.0
2017-09-24 04:00:00,0.0
2017-09-24 05:00:00,8.27
2017-09-24 06:00:00,106.53
2017-09-24 07:00:00,281.58
2017-09-24 08:00:00,437.8
2017-09-24 09:00:00,339.1
2017-09-24 10:00:00,287.77
2017-09-24 11:00:00,270.08
2017-09-24 12:00:00,124.07
2017-09-24 13:00:00,197.2
2017-09-24 14:00:00,262.83
2017-09-24 15:00:00,200.35
2017-09-24 16:00:00,84.03
2017-09-24 17:00:00,6.6
2017-09-24 18:00:00,0.0
2017-09-24 19:00:00,0.0
2017-09-24 20:00:00,0.0
2017-09-24 21:00:00,0.0
2017-09-24 22:00:00,0.0
2017-09-24 23:00:00,0.0
2017-09-25 00:00:00,0.0
2017-09-25 01:00:00,0.0
2017-09-25 02:00:00,0.0
2017-09-25 03:00:00,0.0
2017-09-25 04:00:00,0.0
2017-09-25 05:00:00,7.0
2017-09-25 06:00:00,78.6
2017-09-25 07:00:00,185.75
2017-09-25 08:00:00,352.88
2017-09-25 09:00:00,485.75
2017-09-25 10:00:00,643.78
2017-09-25 11:00:00,600.9
2017-09-25 12:00:00,633.5
2017-09-25 13:00:00,435.67
2017-09-25 14:00:00,306.98
2017-09-25 15:00:00,178.8
2017-09-25 16:00:00,68.82
2017-09-25 17:00:00,6.12
2017-09-25 18:00:00,0.0
2017-09-25 19:00:00,0.0
2017-09-25 20:00:00,0.0
2017-09-25 21:00:00,0.0
2017-09-25 22:00:00,0.0
2017-09-25 23:00:00,0.0
2017-09-26 00:00:00,0.0
2017-09-26 01:00:00,0.0
2017-09-26 02:00:00,0.0
2017-09-26 03:00:00,0.0
2017-09-26 04:00:00,0.0
2017-09-26 05:00:00,5.3
2017-09-26 06:00:00,50.65
2017-09-26 07:00:00,107.7
2017-09-26 08:00:00,193.8
2017-09-26 09:00:00,261.33
2017-09-26 10:00:00,336.25
2017-09-26 11:00:00,321.05
2017-09-26 12:00:00,399.12
2017-09-26 13:00:00,496.52
2017-09-26 14:00:00,409.3
2017-09-26 15:00:00,243.25
2017-09-26 16:00:00,82.35
2017-09-26 17:00:00,6.22
2017-09-26 18:00:00,0.0
2017-09-26 19:00:00,0.0
2017-09-26 20:00:00,0.0
2017-09-26 21:00:00,0.0
2017-09-26 22:00:00,0.0
2017-09-26 23:00:00,0.0
2017-09-27 00:00:00,0.0
2017-09-27 01:00:00,0.0
2017-09-27 02:00:00,0.0
2017-09-27 03:00:00,0.0
2017-09-27 04:00:00,0.0
2017-09-27 05:00:00,2.85
2017-09-27 06:00:00,42.67
2017-09-27 07:00:00,117.15
2017-09-27 08:00:00,243.73
2017-09-27 09:00:00,364.83
2017-09-27 10:00:00,385.3
2017-09-27 11:00:00,440.25
2017-09-27 12:00:00,452.33
2017-09-27 13:00:00,342.83
2017-09-27 14:00:00,291.12
2017-09-27 15:00:00,176.43
2017-09-27 16:00:00,77.3
2017-09-27 17:00:00,6.12
2017-09-27 18:00:00,0.0
2017-09-27 19:00:00,0.0
2017-09-27 20:00:00,0.0
2017-09-27 21:00:00,0.0
2017-09-27 22:00:00,0.0
2017-09-27 23:00:00,0.0
2017-09-28 00:00:00,0.0
2017-09-28 01:00:00,0.0
2017-09-28 02:00:00,0.0
2017-09-28 03:00:00,0.0
2017-09-28 04:00:00,0.0
2017-09-28 05:00:00,8.7
2017-09-28 06:00:00,95.1
2017-09-28 07:00:00,243.45
2017-09-28 08:00:00,385.33
2017-09-28 09:00:00,469.17
2017-09-28 10:00:00,439.98
2017-09-28 11:00:00,431.23
2017-09-28 12:00:00,381.17
2017-09-28 13:00:00,356.75
2017-09-28 14:00:00,313.08
2017-09-28 15:00:00,175.93
2017-09-28 16:00:00,76.1
2017-09-28 17:00:00,4.75
2017-09-28 18:00:00,0.0
2017-09-28 19:00:00,0.0
2017-09-28 20:00:00,0.0
2017-09-28 21:00:00,0.0
2017-09-28 22:00:00,0.0
2017-09-28 23:00:00,0.0
2017-09-29 00:00:00,0.0
2017-09-29 01:00:00,0.0
2017-09-29 02:00:00,0.0
2017-09-29 03:00:00,0.0
2017-09-29 04:00:00,0.0
2017-09-29 05:00:00,6.22
2017-09-29 06:00:00,86.53
2017-09-29 07:00:00,210.02
2017-09-29 08:00:00,399.25
2017-09-29 09:00:00,629.58
2017-09-29 10:00:00,760.38
2017-09-29 11:00:00,802.42
2017-09-29 12:00:00,685.2
2017-09-29 13:00:00,606.45
2017-09-29 14:00:00,427.55
2017-09-29 15:00:00,248.68
2017-09-29 16:00:00,100.62
2017-09-29 17:00:00,5.85
2017-09-29 18:00:00,0.0
2017-09-29 19:00:00,0.0
2017-09-29 20:00:00,0.0
2017-09-29 21:00:00,0.0
2017-09-29 22:00:00,0.0
2017-09-29 23:00:00,0.0
2017-09-30 00:00:00,0.0
2017-09-30 01:00:00,0.0
2017-09-30 02:00:00,0.0
2017-09-30 03:00:00,0.0
2017-09-30 04:00:00,0.0
2017-09-30 05:00:00,3.9
2017-09-30 06:00:00,56.65
2017-09-30 07:00:00,156.43
2017-09-30 08:00:00,320.62
2017-09-30 09:00:00,471.85
2017-09-30 10:00:00,594.75
2017-09-30 11:00:00,636.75
2017-09-30 12:00:00,624.0
2017-09-30 13:00:00,522.22
2017-09-30 14:00:00,438.25
2017-09-30 15:00:00,251.55
2017-09-30 16:00:00,100.05
2017-09-30 17:00:00,5.53
2017-09-30 18:00:00,0.0
2017-09-30 19:00:00,0.0
2017-09-30 20:00:00,0.0
2017-09-30 21:00:00,0.0
2017-09-30 22:00:00,0.0
2017-09-30 23:00:00,0.0
2017-10-01 00:00:00,0.0
2017-10-01 01:00:00,0.0
2017-10-01 02:00:00,0.0
2017-10-01 03:00:00,0.0
2017-10-01 04:00:00,0.0
2017-10-01 05:00:00,6.43
2017-10-01 06:00:00,79.0
2017-10-01 07:00:00,166.35
2017-10-01 08:00:00,305.83
2017-10-01 09:00:00,630.38
2017-10-01 10:00:00,626.35
2017-10-01 11:00:00,770.62
2017-10-01 12:00:00,733.12
2017-10-01 13:00:00,757.08
2017-10-01 14:00:00,532.15
2017-10-01 15:00:00,364.77
2017-10-01 16:00:00,134.57
2017-10-01 17:00:00,6.47
2017-10-01 18:00:00,0.0
2017-10-01 19:00:00,0.0
2017-10-01 20:00:00,0.0
2017-10-01 21:00:00,0.0
2017-10-01 22:00:00,0.0
2017-10-01 23:00:00,0.0
2017-10-02 00:00:00,0.0
2017-10-02 01:00:00,0.0
2017-10-02 02:00:00,0.0
2017-10-02 03:00:00,0.0
2017-10-02 04:00:00,0.0
2017-10-02 05:00:00,7.43
2017-10-02 06:00:00,123.1
2017-10-02 07:00:00,319.98
2017-10-02 08:00:00,537.6
2017-10-02 09:00:00,779.45
2017-10-02 10:00:00,867.9
2017-10-02 11:00:00,915.5
2017-10-02 12:00:00,870.5
2017-10-02 13:00:00,768.35
2017-10-02 14:00:00,578.78
2017-10-02 15:00:00,376.17
2017-10-02 16:00:00,140.88
2017-10-02 17:00:00,6.62
2017-10-02 18:00:00,0.0
2017-10-02 19:00:00,0.0
2017-10-02 20:00:00,0.0
2017-10-02 21:00:00,0.0
2017-10-02 22:00:00,0.0
2017-10-02 23:00:00,0.0
2017-10-03 00:00:00,0.0
2017-10-03 01:00:00,0.0
2017-10-03 02:00:00,0.0
2017-10-03 03:00:00,0.0
2017-10-03 04:00:00,0.0
2017-10-03 05:00:00,8.25
2017-10-03 06:00:00,133.93
2017-10-03 07:00:00,345.05
2017-10-03 08:00:00,563.53
2017-10-03 09:00:00,753.75
2017-10-03 10:00:00,851.85
2017-10-03 11:00:00,812.33
2017-10-03 12:00:00,869.78
2017-10-03 13:00:00,756.0
2017-10-03 14:00:00,578.1
2017-10-03 15:00:00,363.38
2017-10-03 16:00:00,138.77
2017-10-03 17:00:00,6.0
2017-10-03 18:00:00,0.0
2017-10-03 19:00:00,0.0
2017-10-03 20:00:00,0.0
2017-10-03 21:00:00,0.0
2017-10-03 22:00:00,0.0
2017-10-03 23:00:00,0.0
2017-10-04 00:00:00,0.0
2017-10-04 01:00:00,0.0
2017-10-04 02:00:00,0.0
2017-10-04 03:00:00,0.0
2017-10-04 04:00:00,0.0
2017-10-04 05:00:00,7.38
2017-10-04 06:00:00,120.45
2017-10-04 07:00:00,315.77
2017-10-04 08:00:00,536.88
2017-10-04 09:00:00,742.2
2017-10-04 10:00:00,835.72
2017-10-04 11:00:00,900.92
2017-10-04 12:00:00,858.65
2017-10-04 13:00:00,756.85
2017-10-04 14:00:00,563.2
2017-10-04 15:00:00,337.38
2017-10-04 16:00:00,120.62
2017-10-04 17:00:00,5.53
2017-10-04 18:00:00,0.0
2017-10-04 19:00:00,0.0
2017-10-04 20:00:00,0.0
2017-10-04 21:00:00,0.0
2017-10-04 22:00:00,0.0
2017-10-04 23:00:00,0.0
2017-10-05 00:00:00,0.0
2017-10-05 01:00:00,0.0
2017-10-05 02:00:00,0.0
2017-10-05 03:00:00,0.0
2017-10-05 04:00:00,0.0
2017-10-05 05:00:00,8.4
2017-10-05 06:00:00,121.32
2017-10-05 07:00:00,328.35
2017-10-05 08:00:00,522.3
2017-10-05 09:00:00,648.3
2017-10-05 10:00:00,729.05
2017-10-05 11:00:00,768.9
2017-10-05 12:00:00,680.88
2017-10-05 13:00:00,516.5
2017-10-05 14:00:00,400.95
2017-10-05 15:00:00,227.7
2017-10-05 16:00:00,90.22
2017-10-05 17:00:00,4.03
2017-10-05 18:00:00,0.0
2017-10-05 19:00:00,0.0
2017-10-05 20:00:00,0.0
2017-10-05 21:00:00,0.0
2017-10-05 22:00:00,0.0
2017-10-05 23:00:00,0.0
2017-10-06 00:00:00,0.0
2017-10-06 01:00:00,0.0
2017-10-06 02:00:00,0.0
2017-10-06 03:00:00,0.0
2017-10-06 04:00:00,0.0
2017-10-06 05:00:00,6.95
2017-10-06 06:00:00,92.43
2017-10-06 07:00:00,227.02
2017-10-06 08:00:00,379.83
2017-10-06 09:00:00,535.3
2017-10-06 10:00:00,642.75
2017-10-06 11:00:00,742.58
2017-10-06 12:00:00,751.03
2017-10-06 13:00:00,634.75
2017-10-06 14:00:00,483.42
2017-10-06 15:00:00,292.35
2017-10-06 16:00:00,107.25
2017-10-06 17:00:00,4.72
2017-10-06 18:00:00,0.0
2017-10-06 19:00:00,0.0
2017-10-06 20:00:00,0.0
2017-10-06 21:00:00,0.0
2017-10-06 22:00:00,0.0
2017-10-06 23:00:00,0.0
2017-10-07 00:00:00,0.0
2017-10-07 01:00:00,0.0
2017-10-07 02:00:00,0.0
2017-10-07 03:00:00,0.0
2017-10-07 04:00:00,0.0
2017-10-07 05:00:00,8.27
2017-10-07 06:00:00,121.2
2017-10-07 07:00:00,317.85
2017-10-07 08:00:00,517.5
2017-10-07 09:00:00,661.35
2017-10-07 10:00:00,740.3
2017-10-07 11:00:00,825.03
2017-10-07 12:00:00,802.6
2017-10-07 13:00:00,676.0
2017-10-07 14:00:00,529.2
2017-10-07 15:00:00,320.02
2017-10-07 16:00:00,112.75
2017-10-07 17:00:00,4.5
2017-10-07 18:00:00,0.0
2017-10-07 19:00:00,0.0
2017-10-07 20:00:00,0.0
2017-10-07 21:00:00,0.0
2017-10-07 22:00:00,0.0
2017-10-07 23:00:00,0.0
2017-10-08 00:00:00,0.0
2017-10-08 01:00:00,0.0
2017-10-08 02:00:00,0.0
2017-10-08 03:00:00,0.0
2017-10-08 04:00:00,0.0
2017-10-08 05:00:00,8.52
2017-10-08 06:00:00,118.95
2017-10-08 07:00:00,303.75
2017-10-08 08:00:00,538.62
2017-10-08 09:00:00,733.17
2017-10-08 10:00:00,841.7
2017-10-08 11:00:00,861.33
2017-10-08 12:00:00,793.5
2017-10-08 13:00:00,687.12
2017-10-08 14:00:00,515.47
2017-10-08 15:00:00,323.35
2017-10-08 16:00:00,114.93
2017-10-08 17:00:00,4.5
2017-10-08 18:00:00,0.0
2017-10-08 19:00:00,0.0
2017-10-08 20:00:00,0.0
2017-10-08 21:00:00,0.0
2017-10-08 22:00:00,0.0
2017-10-08 23:00:00,0.0
2017-10-09 00:00:00,0.0
2017-10-09 01:00:00,0.0
2017-10-09 02:00:00,0.0
2017-10-09 03:00:00,0.0
2017-10-09 04:00:00,0.0
2017-10-09 05:00:00,9.65
2017-10-09 06:00:00,127.97
2017-10-09 07:00:00,308.1
2017-10-09 08:00:00,533.95
2017-10-09 09:00:00,720.72
2017-10-09 10:00:00,807.9
2017-10-09 11:00:00,799.15
2017-10-09 12:00:00,817.17
2017-10-09 13:00:00,722.8
2017-10-09 14:00:00,559.17
2017-10-09 15:00:00,342.85
2017-10-09 16:00:00,121.7
2017-10-09 17:00:00,4.18
2017-10-09 18:00:00,0.0
2017-10-09 19:00:00,0.0
2017-10-09 20:00:00,0.0
2017-10-09 21:00:00,0.0
2017-10-09 22:00:00,0.0
2017-10-09 23:00:00,0.0
2017-10-10 00:00:00,0.0
2017-10-10 01:00:00,0.0
2017-10-10 02:00:00,0.0
2017-10-10 03:00:00,0.0
2017-10-10 04:00:00,0.0
2017-10-10 05:00:00,9.0
2017-10-10 06:00:00,133.82
2017-10-10 07:00:00,336.67
2017-10-10 08:00:00,551.92
2017-10-10 09:00:00,753.78
2017-10-10 10:00:00,856.28
2017-10-10 11:00:00,891.25
2017-10-10 12:00:00,817.97
2017-10-10 13:00:00,740.7
2017-10-10 14:00:00,569.8
2017-10-10 15:00:00,351.5
2017-10-10 16:00:00,115.38
2017-10-10 17:00:00,3.88
2017-10-10 18:00:00,0.0
2017-10-10 19:00:00,0.0
2017-10-10 20:00:00,0.0
2017-10-10 21:00:00,0.0
2017-10-10 22:00:00,0.0
2017-10-10 23:00:00,0.0
2017-10-11 00:00:00,0.0
2017-10-11 01:00:00,0.0
2017-10-11 02:00:00,0.0
2017-10-11 03:00:00,0.0
2017-10-11 04:00:00,0.0
2017-10-11 05:00:00,8.75
2017-10-11 06:00:00,129.55
2017-10-11 07:00:00,333.88
2017-10-11 08:00:00,551.75
2017-10-11 09:00:00,728.03
2017-10-11 10:00:00,816.12
2017-10-11 11:00:00,748.25
2017-10-11 12:00:00,636.58
2017-10-11 13:00:00,474.92
2017-10-11 14:00:00,320.8
2017-10-11 15:00:00,183.75
2017-10-11 16:00:00,68.5
2017-10-11 17:00:00,2.72
2017-10-11 18:00:00,0.0
2017-10-11 19:00:00,0.0
2017-10-11 20:00:00,0.0
2017-10-11 21:00:00,0.0
2017-10-11 22:00:00,0.0
2017-10-11 23:00:00,0.0
2017-10-12 00:00:00,0.0
2017-10-12 01:00:00,0.0
2017-10-12 02:00:00,0.0
2017-10-12 03:00:00,0.0
2017-10-12 04:00:00,0.0
2017-10-12 05:00:00,5.95
2017-10-12 06:00:00,75.45
2017-10-12 07:00:00,191.35
2017-10-12 08:00:00,151.5
2017-10-12 09:00:00,133.93
2017-10-12 10:00:00,158.57
2017-10-12 11:00:00,112.57
2017-10-12 12:00:00,178.7
2017-10-12 13:00:00,284.85
2017-10-12 14:00:00,273.9
2017-10-12 15:00:00,177.88
2017-10-12 16:00:00,68.9
2017-10-12 17:00:00,3.03
2017-10-12 18:00:00,0.0
2017-10-12 19:00:00,0.0
2017-10-12 20:00:00,0.0
2017-10-12 21:00:00,0.0
2017-10-12 22:00:00,0.0
2017-10-12 23:00:00,0.0
2017-10-13 00:00:00,0.0
2017-10-13 01:00:00,0.0
2017-10-13 02:00:00,0.0
2017-10-13 03:00:00,0.0
2017-10-13 04:00:00,0.0
2017-10-13 05:00:00,4.72
2017-10-13 06:00:00,49.15
2017-10-13 07:00:00,117.07
2017-10-13 08:00:00,155.12
2017-10-13 09:00:00,98.6
2017-10-13 10:00:00,53.97
2017-10-13 11:00:00,73.72
2017-10-13 12:00:00,106.88
2017-10-13 13:00:00,119.9
2017-10-13 14:00:00,105.22
2017-10-13 15:00:00,78.43
2017-10-13 16:00:00,34.3
2017-10-13 17:00:00,1.6
2017-10-13 18:00:00,0.0
2017-10-13 19:00:00,0.0
2017-10-13 20:00:00,0.0
2017-10-13 21:00:00,0.0
2017-10-13 22:00:00,0.0
2017-10-13 23:00:00,0.0
2017-10-14 00:00:00,0.0
2017-10-14 01:00:00,0.0
2017-10-14 02:00:00,0.0
2017-10-14 03:00:00,0.0
2017-10-14 04:00:00,0.0
2017-10-14 05:00:00,4.5
2017-10-14 06:00:00,66.82
2017-10-14 07:00:00,149.12
2017-10-14 08:00:00,283.48
2017-10-14 09:00:00,447.55
2017-10-14 10:00:00,333.27
2017-10-14 11:00:00,249.05
2017-10-14 12:00:00,242.48
2017-10-14 13:00:00,306.3
2017-10-14 14:00:00,217.93
2017-10-14 15:00:00,132.57
2017-10-14 16:00:00,61.17
2017-10-14 17:00:00,0.0
2017-10-14 18:00:00,0.0
2017-10-14 19:00:00,0.0
2017-10-14 20:00:00,0.0
2017-10-14 21:00:00,0.0
2017-10-14 22:00:00,0.0
2017-10-14 23:00:00,0.0
2017-10-15 00:00:00,0.0
2017-10-15 01:00:00,0.0
2017-10-15 02:00:00,0.0
2017-10-15 03:00:00,0.0
2017-10-15 04:00:00,0.0
2017-10-15 05:00:00,6.9
2017-10-15 06:00:00,84.35
2017-10-15 07:00:00,197.65
2017-10-15 08:00:00,236.2
2017-10-15 09:00:00,96.2
2017-10-15 10:00:00,193.77
2017-10-15 11:00:00,267.33
2017-10-15 12:00:00,185.48
2017-10-15 13:00:00,207.25
2017-10-15 14:00:00,144.77
2017-10-15 15:00:00,99.78
2017-10-15 16:00:00,44.78
2017-10-15 17:00:00,0.0
2017-10-15 18:00:00,0.0
2017-10-15 19:00:00,0.0
2017-10-15 20:00:00,0.0
2017-10-15 21:00:00,0.0
2017-10-15 22:00:00,0.0
2017-10-15 23:00:00,0.0
2017-10-16 00:00:00,0.0
2017-10-16 01:00:00,0.0
2017-10-16 02:00:00,0.0
2017-10-16 03:00:00,0.0
2017-10-16 04:00:00,0.0
2017-10-16 05:00:00,2.83
2017-10-16 06:00:00,49.4
2017-10-16 07:00:00,115.03
2017-10-16 08:00:00,194.6
2017-10-16 09:00:00,163.9
2017-10-16 10:00:00,78.35
2017-10-16 11:00:00,91.85
2017-10-16 12:00:00,123.5
2017-10-16 13:00:00,160.62
2017-10-16 14:00:00,112.68
2017-10-16 15:00:00,66.97
2017-10-16 16:00:00,25.45
2017-10-16 17:00:00,0.0
2017-10-16 18:00:00,0.0
2017-10-16 19:00:00,0.0
2017-10-16 20:00:00,0.0
2017-10-16 21:00:00,0.0
2017-10-16 22:00:00,0.0
2017-10-16 23:00:00,0.0
2017-10-17 00:00:00,0.0
2017-10-17 01:00:00,0.0
2017-10-17 02:00:00,0.0
2017-10-17 03:00:00,0.0
2017-10-17 04:00:00,0.0
2017-10-17 05:00:00,1.15
2017-10-17 06:00:00,15.07
2017-10-17 07:00:00,36.92
2017-10-17 08:00:00,58.9
2017-10-17 09:00:00,49.4
2017-10-17 10:00:00,69.6
2017-10-17 11:00:00,66.8
2017-10-17 12:00:00,90.85
2017-10-17 13:00:00,98.68
2017-10-17 14:00:00,98.0
2017-10-17 15:00:00,61.75
2017-10-17 16:00:00,27.0
2017-10-17 17:00:00,0.0
2017-10-17 18:00:00,0.0
2017-10-17 19:00:00,0.0
2017-10-17 20:00:00,0.0
2017-10-17 21:00:00,0.0
2017-10-17 22:00:00,0.0
2017-10-17 23:00:00,0.0
2017-10-18 00:00:00,0.0
2017-10-18 01:00:00,0.0
2017-10-18 02:00:00,0.0
2017-10-18 03:00:00,0.0
2017-10-18 04:00:00,0.0
2017-10-18 05:00:00,4.43
2017-10-18 06:00:00,49.5
2017-10-18 07:00:00,138.35
2017-10-18 08:00:00,244.77
2017-10-18 09:00:00,302.42
2017-10-18 10:00:00,426.2
2017-10-18 11:00:00,525.08
2017-10-18 12:00:00,426.27
2017-10-18 13:00:00,344.48
2017-10-18 14:00:00,263.38
2017-10-18 15:00:00,146.02
2017-10-18 16:00:00,59.65
2017-10-18 17:00:00,0.0
2017-10-18 18:00:00,0.0
2017-10-18 19:00:00,0.0
2017-10-18 20:00:00,0.0
2017-10-18 21:00:00,0.0
2017-10-18 22:00:00,0.0
2017-10-18 23:00:00,0.0
2017-10-19 00:00:00,0.0
2017-10-19 01:00:00,0.0
2017-10-19 02:00:00,0.0
2017-10-19 03:00:00,0.0
2017-10-19 04:00:00,0.0
2017-10-19 05:00:00,6.32
2017-10-19 06:00:00,95.5
2017-10-19 07:00:00,252.8
2017-10-19 08:00:00,456.15
2017-10-19 09:00:00,635.38
2017-10-19 10:00:00,735.65
2017-10-19 11:00:00,815.95
2017-10-19 12:00:00,749.97
2017-10-19 13:00:00,705.6
2017-10-19 14:00:00,531.03
2017-10-19 15:00:00,311.23
2017-10-19 16:00:00,100.9
2017-10-19 17:00:00,0.0
2017-10-19 18:00:00,0.0
2017-10-19 19:00:00,0.0
2017-10-19 20:00:00,0.0
2017-10-19 21:00:00,0.0
2017-10-19 22:00:00,0.0
2017-10-19 23:00:00,0.0
2017-10-20 00:00:00,0.0
2017-10-20 01:00:00,0.0
2017-10-20 02:00:00,0.0
2017-10-20 03:00:00,0.0
2017-10-20 04:00:00,0.0
2017-10-20 05:00:00,7.5
2017-10-20 06:00:00,104.22
2017-10-20 07:00:00,284.62
2017-10-20 08:00:00,470.7
2017-10-20 09:00:00,657.5
2017-10-20 10:00:00,794.58
2017-10-20 11:00:00,854.45
2017-10-20 12:00:00,764.03
2017-10-20 13:00:00,664.8
2017-10-20 14:00:00,503.52
2017-10-20 15:00:00,291.67
2017-10-20 16:00:00,67.57
2017-10-20 17:00:00,0.0
2017-10-20 18:00:00,0.0
2017-10-20 19:00:00,0.0
2017-10-20 20:00:00,0.0
2017-10-20 21:00:00,0.0
2017-10-20 22:00:00,0.0
2017-10-20 23:00:00,0.0
2017-10-21 00:00:00,0.0
2017-10-21 01:00:00,0.0
2017-10-21 02:00:00,0.0
2017-10-21 03:00:00,0.0
2017-10-21 04:00:00,0.0
2017-10-21 05:00:00,4.93
2017-10-21 06:00:00,83.03
2017-10-21 07:00:00,198.4
2017-10-21 08:00:00,372.8
2017-10-21 09:00:00,591.5
2017-10-21 10:00:00,761.33
2017-10-21 11:00:00,823.95
2017-10-21 12:00:00,790.8
2017-10-21 13:00:00,651.62
2017-10-21 14:00:00,451.17
2017-10-21 15:00:00,249.85
2017-10-21 16:00:00,68.07
2017-10-21 17:00:00,0.0
2017-10-21 18:00:00,0.0
2017-10-21 19:00:00,0.0
2017-10-21 20:00:00,0.0
2017-10-21 21:00:00,0.0
2017-10-21 22:00:00,0.0
2017-10-21 23:00:00,0.0
2017-10-22 00:00:00,0.0
2017-10-22 01:00:00,0.0
2017-10-22 02:00:00,0.0
2017-10-22 03:00:00,0.0
2017-10-22 04:00:00,0.0
2017-10-22 05:00:00,6.43
2017-10-22 06:00:00,114.57
2017-10-22 07:00:00,300.2
2017-10-22 08:00:00,512.22
2017-10-22 09:00:00,693.5
2017-10-22 10:00:00,760.6
2017-10-22 11:00:00,834.7
2017-10-22 12:00:00,816.12
2017-10-22 13:00:00,687.08
2017-10-22 14:00:00,495.38
2017-10-22 15:00:00,277.98
2017-10-22 16:00:00,79.85
2017-10-22 17:00:00,0.0
2017-10-22 18:00:00,0.0
2017-10-22 19:00:00,0.0
2017-10-22 20:00:00,0.0
2017-10-22 21:00:00,0.0
2017-10-22 22:00:00,0.0
2017-10-22 23:00:00,0.0
2017-10-23 00:00:00,0.0
2017-10-23 01:00:00,0.0
2017-10-23 02:00:00,0.0
2017-10-23 03:00:00,0.0
2017-10-23 04:00:00,0.0
2017-10-23 05:00:00,7.05
2017-10-23 06:00:00,110.18
2017-10-23 07:00:00,294.08
2017-10-23 08:00:00,498.25
2017-10-23 09:00:00,662.72
2017-10-23 10:00:00,773.55
2017-10-23 11:00:00,825.2
2017-10-23 12:00:00,786.9
2017-10-23 13:00:00,661.2
2017-10-23 14:00:00,496.92
2017-10-23 15:00:00,284.9
2017-10-23 16:00:00,86.47
2017-10-23 17:00:00,0.0
2017-10-23 18:00:00,0.0
2017-10-23 19:00:00,0.0
2017-10-23 20:00:00,0.0
2017-10-23 21:00:00,0.0
2017-10-23 22:00:00,0.0
2017-10-23 23:00:00,0.0
2017-10-24 00:00:00,0.0
2017-10-24 01:00:00,0.0
2017-10-24 02:00:00,0.0
2017-10-24 03:00:00,0.0
2017-10-24 04:00:00,0.0
2017-10-24 05:00:00,7.22
2017-10-24 06:00:00,118.18
2017-10-24 07:00:00,319.73
2017-10-24 08:00:00,523.12
2017-10-24 09:00:00,718.53
2017-10-24 10:00:00,704.75
2017-10-24 11:00:00,867.7
2017-10-24 12:00:00,792.7
2017-10-24 13:00:00,680.53
2017-10-24 14:00:00,500.73
2017-10-24 15:00:00,290.4
2017-10-24 16:00:00,90.47
2017-10-24 17:00:00,0.0
2017-10-24 18:00:00,0.0
2017-10-24 19:00:00,0.0
2017-10-24 20:00:00,0.0
2017-10-24 21:00:00,0.0
2017-10-24 22:00:00,0.0
2017-10-24 23:00:00,0.0
2017-10-25 00:00:00,0.0
2017-10-25 01:00:00,0.0
2017-10-25 02:00:00,0.0
2017-10-25 03:00:00,0.0
2017-10-25 04:00:00,0.0
2017-10-25 05:00:00,7.45
2017-10-25 06:00:00,126.5
2017-10-25 07:00:00,334.83
2017-10-25 08:00:00,514.72
2017-10-25 09:00:00,686.05
2017-10-25 10:00:00,795.78
2017-10-25 11:00:00,786.15
2017-10-25 12:00:00,733.78
2017-10-25 13:00:00,603.67
2017-10-25 14:00:00,363.4
2017-10-25 15:00:00,194.3
2017-10-25 16:00:00,51.9
2017-10-25 17:00:00,0.0
2017-10-25 18:00:00,0.0
2017-10-25 19:00:00,0.0
2017-10-25 20:00:00,0.0
2017-10-25 21:00:00,0.0
2017-10-25 22:00:00,0.0
2017-10-25 23:00:00,0.0
2017-10-26 00:00:00,0.0
2017-10-26 01:00:00,0.0
2017-10-26 02:00:00,0.0
2017-10-26 03:00:00,0.0
2017-10-26 04:00:00,0.0
2017-10-26 05:00:00,8.0
2017-10-26 06:00:00,125.9
2017-10-26 07:00:00,317.65
2017-10-26 08:00:00,504.38
2017-10-26 09:00:00,692.17
2017-10-26 10:00:00,802.75
2017-10-26 11:00:00,811.1
2017-10-26 12:00:00,817.38
2017-10-26 13:00:00,626.4
2017-10-26 14:00:00,489.17
2017-10-26 15:00:00,284.08
2017-10-26 16:00:00,88.68
2017-10-26 17:00:00,0.0
2017-10-26 18:00:00,0.0
2017-10-26 19:00:00,0.0
2017-10-26 20:00:00,0.0
2017-10-26 21:00:00,0.0
2017-10-26 22:00:00,0.0
2017-10-26 23:00:00,0.0
2017-10-27 00:00:00,0.0
2017-10-27 01:00:00,0.0
2017-10-27 02:00:00,0.0
2017-10-27 03:00:00,0.0
2017-10-27 04:00:00,0.0
2017-10-27 05:00:00,7.68
2017-10-27 06:00:00,122.68
2017-10-27 07:00:00,301.08
2017-10-27 08:00:00,476.5
2017-10-27 09:00:00,596.0
2017-10-27 10:00:00,708.6
2017-10-27 11:00:00,716.88
2017-10-27 12:00:00,670.75
2017-10-27 13:00:00,633.75
2017-10-27 14:00:00,484.4
2017-10-27 15:00:00,283.65
2017-10-27 16:00:00,84.78
2017-10-27 17:00:00,0.0
2017-10-27 18:00:00,0.0
2017-10-27 19:00:00,0.0
2017-10-27 20:00:00,0.0
2017-10-27 21:00:00,0.0
2017-10-27 22:00:00,0.0
2017-10-27 23:00:00,0.0
2017-10-28 00:00:00,0.0
2017-10-28 01:00:00,0.0
2017-10-28 02:00:00,0.0
2017-10-28 03:00:00,0.0
2017-10-28 04:00:00,0.0
2017-10-28 05:00:00,7.72
2017-10-28 06:00:00,111.65
2017-10-28 07:00:00,274.92
2017-10-28 08:00:00,442.58
2017-10-28 09:00:00,589.25
2017-10-28 10:00:00,538.83
2017-10-28 11:00:00,727.1
2017-10-28 12:00:00,660.65
2017-10-28 13:00:00,573.7
2017-10-28 14:00:00,403.77
2017-10-28 15:00:00,233.6
2017-10-28 16:00:00,77.2
2017-10-28 17:00:00,0.0
2017-10-28 18:00:00,0.0
2017-10-28 19:00:00,0.0
2017-10-28 20:00:00,0.0
2017-10-28 21:00:00,0.0
2017-10-28 22:00:00,0.0
2017-10-28 23:00:00,0.0
2017-10-29 00:00:00,0.0
2017-10-29 01:00:00,0.0
2017-10-29 02:00:00,0.0
2017-10-29 03:00:00,0.0
2017-10-29 04:00:00,0.0
2017-10-29 05:00:00,7.3
2017-10-29 06:00:00,126.88
2017-10-29 07:00:00,322.88
2017-10-29 08:00:00,507.85
2017-10-29 09:00:00,593.0
2017-10-29 10:00:00,686.22
2017-10-29 11:00:00,794.53
2017-10-29 12:00:00,664.2
2017-10-29 13:00:00,509.92
2017-10-29 14:00:00,310.23
2017-10-29 15:00:00,171.48
2017-10-29 16:00:00,52.5
2017-10-29 17:00:00,0.0
2017-10-29 18:00:00,0.0
2017-10-29 19:00:00,0.0
2017-10-29 20:00:00,0.0
2017-10-29 21:00:00,0.0
2017-10-29 22:00:00,0.0
2017-10-29 23:00:00,0.0
2017-10-30 00:00:00,0.0
2017-10-30 01:00:00,0.0
2017-10-30 02:00:00,0.0
2017-10-30 03:00:00,0.0
2017-10-30 04:00:00,0.0
2017-10-30 05:00:00,3.05
2017-10-30 06:00:00,58.83
2017-10-30 07:00:00,130.27
2017-10-30 08:00:00,216.52
2017-10-30 09:00:00,246.8
2017-10-30 10:00:00,210.07
2017-10-30 11:00:00,100.32
2017-10-30 12:00:00,63.17
2017-10-30 13:00:00,117.95
2017-10-30 14:00:00,59.22
2017-10-30 15:00:00,39.95
2017-10-30 16:00:00,14.02
2017-10-30 17:00:00,0.0
2017-10-30 18:00:00,0.0
2017-10-30 19:00:00,0.0
2017-10-30 20:00:00,0.0
2017-10-30 21:00:00,0.0
2017-10-30 22:00:00,0.0
2017-10-30 23:00:00,0.0
2017-10-31 00:00:00,0.0
2017-10-31 01:00:00,0.0
2017-10-31 02:00:00,0.0
2017-10-31 03:00:00,0.0
2017-10-31 04:00:00,0.0
2017-10-31 05:00:00,4.53
2017-10-31 06:00:00,61.5
2017-10-31 07:00:00,156.23
2017-10-31 08:00:00,120.32
2017-10-31 09:00:00,344.52
2017-10-31 10:00:00,347.85
2017-10-31 11:00:00,517.88
2017-10-31 12:00:00,701.97
2017-10-31 13:00:00,595.1
2017-10-31 14:00:00,376.55
2017-10-31 15:00:00,213.25
2017-10-31 16:00:00,63.17
2017-10-31 17:00:00,0.0
2017-10-31 18:00:00,0.0
2017-10-31 19:00:00,0.0
2017-10-31 20:00:00,0.0
2017-10-31 21:00:00,0.0
2017-10-31 22:00:00,0.0
2017-10-31 23:00:00,0.0
2017-11-01 00:00:00,0.0
2017-11-01 01:00:00,0.0
2017-11-01 02:00:00,0.0
2017-11-01 03:00:00,0.0
2017-11-01 04:00:00,0.0
2017-11-01 05:00:00,3.8
2017-11-01 06:00:00,50.5
2017-11-01 07:00:00,145.93
2017-11-01 08:00:00,234.73
2017-11-01 09:00:00,291.12
2017-11-01 10:00:00,129.15
2017-11-01 11:00:00,100.4
2017-11-01 12:00:00,80.9
2017-11-01 13:00:00,78.22
2017-11-01 14:00:00,48.15
2017-11-01 15:00:00,45.38
2017-11-01 16:00:00,20.3
2017-11-01 17:00:00,0.0
2017-11-01 18:00:00,0.0
2017-11-01 19:00:00,0.0
2017-11-01 20:00:00,0.0
2017-11-01 21:00:00,0.0
2017-11-01 22:00:00,0.0
2017-11-01 23:00:00,0.0
2017-11-02 00:00:00,0.0
2017-11-02 01:00:00,0.0
2017-11-02 02:00:00,0.0
2017-11-02 03:00:00,0.0
2017-11-02 04:00:00,0.0
2017-11-02 05:00:00,4.95
2017-11-02 06:00:00,100.93
2017-11-02 07:00:00,248.2
2017-11-02 08:00:00,408.48
2017-11-02 09:00:00,505.1
2017-11-02 10:00:00,623.65
2017-11-02 11:00:00,590.53
2017-11-02 12:00:00,524.15
2017-11-02 13:00:00,395.35
2017-11-02 14:00:00,166.35
2017-11-02 15:00:00,81.45
2017-11-02 16:00:00,17.48
2017-11-02 17:00:00,0.0
2017-11-02 18:00:00,0.0
2017-11-02 19:00:00,0.0
2017-11-02 20:00:00,0.0
2017-11-02 21:00:00,0.0
2017-11-02 22:00:00,0.0
2017-11-02 23:00:00,0.0
2017-11-03 00:00:00,0.0
2017-11-03 01:00:00,0.0
2017-11-03 02:00:00,0.0
2017-11-03 03:00:00,0.0
2017-11-03 04:00:00,0.0
2017-11-03 05:00:00,3.2
2017-11-03 06:00:00,53.45
2017-11-03 07:00:00,119.2
2017-11-03 08:00:00,186.52
2017-11-03 09:00:00,336.48
2017-11-03 10:00:00,511.95
2017-11-03 11:00:00,561.58
2017-11-03 12:00:00,660.85
2017-11-03 13:00:00,592.78
2017-11-03 14:00:00,423.6
2017-11-03 15:00:00,233.27
2017-11-03 16:00:00,66.0
2017-11-03 17:00:00,0.0
2017-11-03 18:00:00,0.0
2017-11-03 19:00:00,0.0
2017-11-03 20:00:00,0.0
2017-11-03 21:00:00,0.0
2017-11-03 22:00:00,0.0
2017-11-03 23:00:00,0.0
2017-11-04 00:00:00,0.0
2017-11-04 01:00:00,0.0
2017-11-04 02:00:00,0.0
2017-11-04 03:00:00,0.0
2017-11-04 04:00:00,0.0
2017-11-04 05:00:00,1.75
2017-11-04 06:00:00,40.6
2017-11-04 07:00:00,103.18
2017-11-04 08:00:00,174.55
2017-11-04 09:00:00,325.92
2017-11-04 10:00:00,379.77
2017-11-04 11:00:00,480.05
2017-11-04 12:00:00,335.85
2017-11-04 13:00:00,316.2
2017-11-04 14:00:00,121.4
2017-11-04 15:00:00,58.83
2017-11-04 16:00:00,16.92
2017-11-04 17:00:00,0.0
2017-11-04 18:00:00,0.0
2017-11-04 19:00:00,0.0
2017-11-04 20:00:00,0.0
2017-11-04 21:00:00,0.0
2017-11-04 22:00:00,0.0
2017-11-04 23:00:00,0.0
2017-11-05 00:00:00,0.0
2017-11-05 01:00:00,0.0
2017-11-05 02:00:00,0.0
2017-11-05 03:00:00,0.0
2017-11-05 04:00:00,0.0
2017-11-05 05:00:00,5.7
2017-11-05 06:00:00,116.9
2017-11-05 07:00:00,313.1
2017-11-05 08:00:00,520.67
2017-11-05 09:00:00,642.65
2017-11-05 10:00:00,680.12
2017-11-05 11:00:00,744.33
2017-11-05 12:00:00,641.88
2017-11-05 13:00:00,557.12
2017-11-05 14:00:00,366.17
2017-11-05 15:00:00,191.12
2017-11-05 16:00:00,47.5
2017-11-05 17:00:00,0.0
2017-11-05 18:00:00,0.0
2017-11-05 19:00:00,0.0
2017-11-05 20:00:00,0.0
2017-11-05 21:00:00,0.0
2017-11-05 22:00:00,0.0
2017-11-05 23:00:00,0.0
2017-11-06 00:00:00,0.0
2017-11-06 01:00:00,0.0
2017-11-06 02:00:00,0.0
2017-11-06 03:00:00,0.0
2017-11-06 04:00:00,0.0
2017-11-06 05:00:00,3.1
2017-11-06 06:00:00,53.17
2017-11-06 07:00:00,124.8
2017-11-06 08:00:00,194.43
2017-11-06 09:00:00,258.25
2017-11-06 10:00:00,279.62
2017-11-06 11:00:00,225.2
2017-11-06 12:00:00,339.73
2017-11-06 13:00:00,354.73
2017-11-06 14:00:00,214.8
2017-11-06 15:00:00,156.12
2017-11-06 16:00:00,47.58
2017-11-06 17:00:00,0.0
2017-11-06 18:00:00,0.0
2017-11-06 19:00:00,0.0
2017-11-06 20:00:00,0.0
2017-11-06 21:00:00,0.0
2017-11-06 22:00:00,0.0
2017-11-06 23:00:00,0.0
2017-11-07 00:00:00,0.0
2017-11-07 01:00:00,0.0
2017-11-07 02:00:00,0.0
2017-11-07 03:00:00,0.0
2017-11-07 04:00:00,0.0
2017-11-07 05:00:00,4.65
2017-11-07 06:00:00,72.12
2017-11-07 07:00:00,184.95
2017-11-07 08:00:00,286.55
2017-11-07 09:00:00,342.7
2017-11-07 10:00:00,321.2
2017-11-07 11:00:00,441.2
2017-11-07 12:00:00,346.23
2017-11-07 13:00:00,289.4
2017-11-07 14:00:00,162.3
2017-11-07 15:00:00,125.3
2017-11-07 16:00:00,40.6
2017-11-07 17:00:00,0.0
2017-11-07 18:00:00,0.0
2017-11-07 19:00:00,0.0
2017-11-07 20:00:00,0.0
2017-11-07 21:00:00,0.0
2017-11-07 22:00:00,0.0
2017-11-07 23:00:00,0.0
2017-11-08 00:00:00,0.0
2017-11-08 01:00:00,0.0
2017-11-08 02:00:00,0.0
2017-11-08 03:00:00,0.0
2017-11-08 04:00:00,0.0
2017-11-08 05:00:00,3.88
2017-11-08 06:00:00,103.72
2017-11-08 07:00:00,273.98
2017-11-08 08:00:00,472.6
2017-11-08 09:00:00,671.03
2017-11-08 10:00:00,769.05
2017-11-08 11:00:00,837.3
2017-11-08 12:00:00,799.15
2017-11-08 13:00:00,656.15
2017-11-08 14:00:00,513.12
2017-11-08 15:00:00,296.25
2017-11-08 16:00:00,85.15
2017-11-08 17:00:00,0.0
2017-11-08 18:00:00,0.0
2017-11-08 19:00:00,0.0
2017-11-08 20:00:00,0.0
2017-11-08 21:00:00,0.0
2017-11-08 22:00:00,0.0
2017-11-08 23:00:00,0.0
2017-11-09 00:00:00,0.0
2017-11-09 01:00:00,0.0
2017-11-09 02:00:00,0.0
2017-11-09 03:00:00,0.0
2017-11-09 04:00:00,0.0
2017-11-09 05:00:00,6.0
2017-11-09 06:00:00,130.15
2017-11-09 07:00:00,336.48
2017-11-09 08:00:00,545.83
2017-11-09 09:00:00,667.08
2017-11-09 10:00:00,810.05
2017-11-09 11:00:00,837.97
2017-11-09 12:00:00,735.1
2017-11-09 13:00:00,644.92
2017-11-09 14:00:00,482.38
2017-11-09 15:00:00,266.38
2017-11-09 16:00:00,68.97
2017-11-09 17:00:00,0.0
2017-11-09 18:00:00,0.0
2017-11-09 19:00:00,0.0
2017-11-09 20:00:00,0.0
2017-11-09 21:00:00,0.0
2017-11-09 22:00:00,0.0
2017-11-09 23:00:00,0.0
2017-11-10 00:00:00,0.0
2017-11-10 01:00:00,0.0
2017-11-10 02:00:00,0.0
2017-11-10 03:00:00,0.0
2017-11-10 04:00:00,0.0
2017-11-10 05:00:00,3.72
2017-11-10 06:00:00,68.2
2017-11-10 07:00:00,157.62
2017-11-10 08:00:00,91.28
2017-11-10 09:00:00,110.95
2017-11-10 10:00:00,60.7
2017-11-10 11:00:00,104.65
2017-11-10 12:00:00,90.78
2017-11-10 13:00:00,66.62
2017-11-10 14:00:00,48.67
2017-11-10 15:00:00,31.45
2017-11-10 16:00:00,9.9
2017-11-10 17:00:00,0.0
2017-11-10 18:00:00,0.0
2017-11-10 19:00:00,0.0
2017-11-10 20:00:00,0.0
2017-11-10 21:00:00,0.0
2017-11-10 22:00:00,0.0
2017-11-10 23:00:00,0.0
2017-11-11 00:00:00,0.0
2017-11-11 01:00:00,0.0
2017-11-11 02:00:00,0.0
2017-11-11 03:00:00,0.0
2017-11-11 04:00:00,0.0
2017-11-11 05:00:00,1.83
2017-11-11 06:00:00,57.28
2017-11-11 07:00:00,151.05
2017-11-11 08:00:00,259.17
2017-11-11 09:00:00,293.17
2017-11-11 10:00:00,382.73
2017-11-11 11:00:00,433.0
2017-11-11 12:00:00,358.2
2017-11-11 13:00:00,360.77
2017-11-11 14:00:00,247.27
2017-11-11 15:00:00,108.9
2017-11-11 16:00:00,29.42
2017-11-11 17:00:00,0.0
2017-11-11 18:00:00,0.0
2017-11-11 19:00:00,0.0
2017-11-11 20:00:00,0.0
2017-11-11 21:00:00,0.0
2017-11-11 22:00:00,0.0
2017-11-11 23:00:00,0.0
2017-11-12 00:00:00,0.0
2017-11-12 01:00:00,0.0
2017-11-12 02:00:00,0.0
2017-11-12 03:00:00,0.0
2017-11-12 04:00:00,0.0
2017-11-12 05:00:00,1.45
2017-11-12 06:00:00,34.35
2017-11-12 07:00:00,88.1
2017-11-12 08:00:00,158.15
2017-11-12 09:00:00,281.48
2017-11-12 10:00:00,311.98
2017-11-12 11:00:00,316.92
2017-11-12 12:00:00,228.93
2017-11-12 13:00:00,189.32
2017-11-12 14:00:00,83.7
2017-11-12 15:00:00,56.38
2017-11-12 16:00:00,17.62
2017-11-12 17:00:00,0.0
2017-11-12 18:00:00,0.0
2017-11-12 19:00:00,0.0
2017-11-12 20:00:00,0.0
2017-11-12 21:00:00,0.0
2017-11-12 22:00:00,0.0
2017-11-12 23:00:00,0.0
2017-11-13 00:00:00,0.0
2017-11-13 01:00:00,0.0
2017-11-13 02:00:00,0.0
2017-11-13 03:00:00,0.0
2017-11-13 04:00:00,0.0
2017-11-13 05:00:00,2.55
2017-11-13 06:00:00,51.33
2017-11-13 07:00:00,126.43
2017-11-13 08:00:00,203.93
2017-11-13 09:00:00,224.32
2017-11-13 10:00:00,298.8
2017-11-13 11:00:00,251.68
2017-11-13 12:00:00,314.67
2017-11-13 13:00:00,266.27
2017-11-13 14:00:00,138.6
2017-11-13 15:00:00,62.83
2017-11-13 16:00:00,30.0
2017-11-13 17:00:00,0.0
2017-11-13 18:00:00,0.0
2017-11-13 19:00:00,0.0
2017-11-13 20:00:00,0.0
2017-11-13 21:00:00,0.0
2017-11-13 22:00:00,0.0
2017-11-13 23:00:00,0.0
2017-11-14 00:00:00,0.0
2017-11-14 01:00:00,0.0
2017-11-14 02:00:00,0.0
2017-11-14 03:00:00,0.0
2017-11-14 04:00:00,0.0
2017-11-14 05:00:00,3.28
2017-11-14 06:00:00,66.18
2017-11-14 07:00:00,173.5
2017-11-14 08:00:00,289.65
2017-11-14 09:00:00,384.73
2017-11-14 10:00:00,459.02
2017-11-14 11:00:00,333.25
2017-11-14 12:00:00,356.45
2017-11-14 13:00:00,255.65
2017-11-14 14:00:00,184.02
2017-11-14 15:00:00,107.97
2017-11-14 16:00:00,34.0
2017-11-14 17:00:00,0.0
2017-11-14 18:00:00,0.0
2017-11-14 19:00:00,0.0
2017-11-14 20:00:00,0.0
2017-11-14 21:00:00,0.0
2017-11-14 22:00:00,0.0
2017-11-14 23:00:00,0.0
2017-11-15 00:00:00,0.0
2017-11-15 01:00:00,0.0
2017-11-15 02:00:00,0.0
2017-11-15 03:00:00,0.0
2017-11-15 04:00:00,0.0
2017-11-15 05:00:00,3.55
2017-11-15 06:00:00,91.8
2017-11-15 07:00:00,266.73
2017-11-15 08:00:00,456.67
2017-11-15 09:00:00,602.97
2017-11-15 10:00:00,631.25
2017-11-15 11:00:00,713.4
2017-11-15 12:00:00,664.38
2017-11-15 13:00:00,504.17
2017-11-15 14:00:00,424.77
2017-11-15 15:00:00,236.9
2017-11-15 16:00:00,63.75
2017-11-15 17:00:00,0.0
2017-11-15 18:00:00,0.0
2017-11-15 19:00:00,0.0
2017-11-15 20:00:00,0.0
2017-11-15 21:00:00,0.0
2017-11-15 22:00:00,0.0
2017-11-15 23:00:00,0.0
2017-11-16 00:00:00,0.0
2017-11-16 01:00:00,0.0
2017-11-16 02:00:00,0.0
2017-11-16 03:00:00,0.0
2017-11-16 04:00:00,0.0
2017-11-16 05:00:00,2.65
2017-11-16 06:00:00,70.32
2017-11-16 07:00:00,218.55
2017-11-16 08:00:00,377.52
2017-11-16 09:00:00,618.38
2017-11-16 10:00:00,728.03
2017-11-16 11:00:00,729.0
2017-11-16 12:00:00,703.55
2017-11-16 13:00:00,581.35
2017-11-16 14:00:00,428.05
2017-11-16 15:00:00,232.3
2017-11-16 16:00:00,59.72
2017-11-16 17:00:00,0.0
2017-11-16 18:00:00,0.0
2017-11-16 19:00:00,0.0
2017-11-16 20:00:00,0.0
2017-11-16 21:00:00,0.0
2017-11-16 22:00:00,0.0
2017-11-16 23:00:00,0.0
2017-11-17 00:00:00,0.0
2017-11-17 01:00:00,0.0
2017-11-17 02:00:00,0.0
2017-11-17 03:00:00,0.0
2017-11-17 04:00:00,0.0
2017-11-17 05:00:00,3.5
2017-11-17 06:00:00,91.32
2017-11-17 07:00:00,256.42
2017-11-17 08:00:00,428.6
2017-11-17 09:00:00,607.95
2017-11-17 10:00:00,723.67
2017-11-17 11:00:00,760.9
2017-11-17 12:00:00,712.42
2017-11-17 13:00:00,611.53
2017-11-17 14:00:00,457.75
2017-11-17 15:00:00,251.32
2017-11-17 16:00:00,65.53
2017-11-17 17:00:00,0.0
2017-11-17 18:00:00,0.0
2017-11-17 19:00:00,0.0
2017-11-17 20:00:00,0.0
2017-11-17 21:00:00,0.0
2017-11-17 22:00:00,0.0
2017-11-17 23:00:00,0.0
2017-11-18 00:00:00,0.0
2017-11-18 01:00:00,0.0
2017-11-18 02:00:00,0.0
2017-11-18 03:00:00,0.0
2017-11-18 04:00:00,0.0
2017-11-18 05:00:00,3.47
2017-11-18 06:00:00,98.18
2017-11-18 07:00:00,289.58
2017-11-18 08:00:00,487.17
2017-11-18 09:00:00,680.62
2017-11-18 10:00:00,767.08
2017-11-18 11:00:00,799.67
2017-11-18 12:00:00,751.5
2017-11-18 13:00:00,644.1
2017-11-18 14:00:00,468.4
2017-11-18 15:00:00,250.52
2017-11-18 16:00:00,58.1
2017-11-18 17:00:00,0.0
2017-11-18 18:00:00,0.0
2017-11-18 19:00:00,0.0
2017-11-18 20:00:00,0.0
2017-11-18 21:00:00,0.0
2017-11-18 22:00:00,0.0
2017-11-18 23:00:00,0.0
2017-11-19 00:00:00,0.0
2017-11-19 01:00:00,0.0
2017-11-19 02:00:00,0.0
2017-11-19 03:00:00,0.0
2017-11-19 04:00:00,0.0
2017-11-19 05:00:00,3.65
2017-11-19 06:00:00,105.25
2017-11-19 07:00:00,290.42
2017-11-19 08:00:00,481.5
2017-11-19 09:00:00,655.4
2017-11-19 10:00:00,739.75
2017-11-19 11:00:00,776.9
2017-11-19 12:00:00,745.97
2017-11-19 13:00:00,631.17
2017-11-19 14:00:00,462.62
2017-11-19 15:00:00,268.83
2017-11-19 16:00:00,77.45
2017-11-19 17:00:00,0.0
2017-11-19 18:00:00,0.0
2017-11-19 19:00:00,0.0
2017-11-19 20:00:00,0.0
2017-11-19 21:00:00,0.0
2017-11-19 22:00:00,0.0
2017-11-19 23:00:00,0.0
2017-11-20 00:00:00,0.0
2017-11-20 01:00:00,0.0
2017-11-20 02:00:00,0.0
2017-11-20 03:00:00,0.0
2017-11-20 04:00:00,0.0
2017-11-20 05:00:00,3.78
2017-11-20 06:00:00,107.25
2017-11-20 07:00:00,287.62
2017-11-20 08:00:00,495.42
2017-11-20 09:00:00,656.3
2017-11-20 10:00:00,719.4
2017-11-20 11:00:00,778.85
2017-11-20 12:00:00,726.3
2017-11-20 13:00:00,594.7
2017-11-20 14:00:00,426.6
2017-11-20 15:00:00,242.27
2017-11-20 16:00:00,63.58
2017-11-20 17:00:00,0.0
2017-11-20 18:00:00,0.0
2017-11-20 19:00:00,0.0
2017-11-20 20:00:00,0.0
2017-11-20 21:00:00,0.0
2017-11-20 22:00:00,0.0
2017-11-20 23:00:00,0.0
2017-11-21 00:00:00,0.0
2017-11-21 01:00:00,0.0
2017-11-21 02:00:00,0.0
2017-11-21 03:00:00,0.0
2017-11-21 04:00:00,0.0
2017-11-21 05:00:00,3.45
2017-11-21 06:00:00,95.88
2017-11-21 07:00:00,275.6
2017-11-21 08:00:00,480.88
2017-11-21 09:00:00,621.7
2017-11-21 10:00:00,737.15
2017-11-21 11:00:00,781.78
2017-11-21 12:00:00,740.03
2017-11-21 13:00:00,631.22
2017-11-21 14:00:00,477.17
2017-11-21 15:00:00,283.58
2017-11-21 16:00:00,78.28
2017-11-21 17:00:00,0.0
2017-11-21 18:00:00,0.0
2017-11-21 19:00:00,0.0
2017-11-21 20:00:00,0.0
2017-11-21 21:00:00,0.0
2017-11-21 22:00:00,0.0
2017-11-21 23:00:00,0.0
2017-11-22 00:00:00,0.0
2017-11-22 01:00:00,0.0
2017-11-22 02:00:00,0.0
2017-11-22 03:00:00,0.0
2017-11-22 04:00:00,0.0
2017-11-22 05:00:00,0.0
2017-11-22 06:00:00,93.62
2017-11-22 07:00:00,259.6
2017-11-22 08:00:00,430.62
2017-11-22 09:00:00,617.45
2017-11-22 10:00:00,728.7
2017-11-22 11:00:00,801.2
2017-11-22 12:00:00,755.15
2017-11-22 13:00:00,609.58
2017-11-22 14:00:00,451.17
2017-11-22 15:00:00,244.12
2017-11-22 16:00:00,63.25
2017-11-22 17:00:00,0.0
2017-11-22 18:00:00,0.0
2017-11-22 19:00:00,0.0
2017-11-22 20:00:00,0.0
2017-11-22 21:00:00,0.0
2017-11-22 22:00:00,0.0
2017-11-22 23:00:00,0.0
2017-11-23 00:00:00,0.0
2017-11-23 01:00:00,0.0
2017-11-23 02:00:00,0.0
2017-11-23 03:00:00,0.0
2017-11-23 04:00:00,0.0
2017-11-23 05:00:00,0.0
2017-11-23 06:00:00,88.8
2017-11-23 07:00:00,244.07
2017-11-23 08:00:00,432.52
2017-11-23 09:00:00,612.33
2017-11-23 10:00:00,592.62
2017-11-23 11:00:00,690.22
2017-11-23 12:00:00,672.3
2017-11-23 13:00:00,576.35
2017-11-23 14:00:00,445.83
2017-11-23 15:00:00,244.8
2017-11-23 16:00:00,49.53
2017-11-23 17:00:00,0.0
2017-11-23 18:00:00,0.0
2017-11-23 19:00:00,0.0
2017-11-23 20:00:00,0.0
2017-11-23 21:00:00,0.0
2017-11-23 22:00:00,0.0
2017-11-23 23:00:00,0.0
2017-11-24 00:00:00,0.0
2017-11-24 01:00:00,0.0
2017-11-24 02:00:00,0.0
2017-11-24 03:00:00,0.0
2017-11-24 04:00:00,0.0
2017-11-24 05:00:00,0.0
2017-11-24 06:00:00,69.25
2017-11-24 07:00:00,207.7
2017-11-24 08:00:00,374.73
2017-11-24 09:00:00,512.17
2017-11-24 10:00:00,576.62
2017-11-24 11:00:00,587.47
2017-11-24 12:00:00,561.05
2017-11-24 13:00:00,451.52
2017-11-24 14:00:00,333.08
2017-11-24 15:00:00,168.0
2017-11-24 16:00:00,46.9
2017-11-24 17:00:00,0.0
2017-11-24 18:00:00,0.0
2017-11-24 19:00:00,0.0
2017-11-24 20:00:00,0.0
2017-11-24 21:00:00,0.0
2017-11-24 22:00:00,0.0
2017-11-24 23:00:00,0.0
2017-11-25 00:00:00,0.0
2017-11-25 01:00:00,0.0
2017-11-25 02:00:00,0.0
2017-11-25 03:00:00,0.0
2017-11-25 04:00:00,0.0
2017-11-25 05:00:00,0.0
2017-11-25 06:00:00,73.15
2017-11-25 07:00:00,193.1
2017-11-25 08:00:00,326.8
2017-11-25 09:00:00,561.53
2017-11-25 10:00:00,695.62
2017-11-25 11:00:00,725.08
2017-11-25 12:00:00,624.08
2017-11-25 13:00:00,547.45
2017-11-25 14:00:00,330.8
2017-11-25 15:00:00,181.52
2017-11-25 16:00:00,51.58
2017-11-25 17:00:00,0.0
2017-11-25 18:00:00,0.0
2017-11-25 19:00:00,0.0
2017-11-25 20:00:00,0.0
2017-11-25 21:00:00,0.0
2017-11-25 22:00:00,0.0
2017-11-25 23:00:00,0.0
2017-11-26 00:00:00,0.0
2017-11-26 01:00:00,0.0
2017-11-26 02:00:00,0.0
2017-11-26 03:00:00,0.0
2017-11-26 04:00:00,0.0
2017-11-26 05:00:00,0.0
2017-11-26 06:00:00,54.1
2017-11-26 07:00:00,146.55
2017-11-26 08:00:00,259.5
2017-11-26 09:00:00,368.45
2017-11-26 10:00:00,427.08
2017-11-26 11:00:00,482.17
2017-11-26 12:00:00,479.42
2017-11-26 13:00:00,397.0
2017-11-26 14:00:00,243.18
2017-11-26 15:00:00,135.0
2017-11-26 16:00:00,37.72
2017-11-26 17:00:00,0.0
2017-11-26 18:00:00,0.0
2017-11-26 19:00:00,0.0
2017-11-26 20:00:00,0.0
2017-11-26 21:00:00,0.0
2017-11-26 22:00:00,0.0
2017-11-26 23:00:00,0.0
2017-11-27 00:00:00,0.0
2017-11-27 01:00:00,0.0
2017-11-27 02:00:00,0.0
2017-11-27 03:00:00,0.0
2017-11-27 04:00:00,0.0
2017-11-27 05:00:00,0.0
2017-11-27 06:00:00,62.72
2017-11-27 07:00:00,182.73
2017-11-27 08:00:00,327.6
2017-11-27 09:00:00,463.17
2017-11-27 10:00:00,558.67
2017-11-27 11:00:00,614.62
2017-11-27 12:00:00,514.95
2017-11-27 13:00:00,445.73
2017-11-27 14:00:00,303.9
2017-11-27 15:00:00,167.27
2017-11-27 16:00:00,47.08
2017-11-27 17:00:00,0.0
2017-11-27 18:00:00,0.0
2017-11-27 19:00:00,0.0
2017-11-27 20:00:00,0.0
2017-11-27 21:00:00,0.0
2017-11-27 22:00:00,0.0
2017-11-27 23:00:00,0.0
2017-11-28 00:00:00,0.0
2017-11-28 01:00:00,0.0
2017-11-28 02:00:00,0.0
2017-11-28 03:00:00,0.0
2017-11-28 04:00:00,0.0
2017-11-28 05:00:00,0.0
2017-11-28 06:00:00,73.7
2017-11-28 07:00:00,211.65
2017-11-28 08:00:00,363.62
2017-11-28 09:00:00,474.2
2017-11-28 10:00:00,453.52
2017-11-28 11:00:00,544.4
2017-11-28 12:00:00,568.65
2017-11-28 13:00:00,470.85
2017-11-28 14:00:00,383.05
2017-11-28 15:00:00,206.25
2017-11-28 16:00:00,52.78
2017-11-28 17:00:00,0.0
2017-11-28 18:00:00,0.0
2017-11-28 19:00:00,0.0
2017-11-28 20:00:00,0.0
2017-11-28 21:00:00,0.0
2017-11-28 22:00:00,0.0
2017-11-28 23:00:00,0.0
2017-11-29 00:00:00,0.0
2017-11-29 01:00:00,0.0
2017-11-29 02:00:00,0.0
2017-11-29 03:00:00,0.0
2017-11-29 04:00:00,0.0
2017-11-29 05:00:00,0.0
2017-11-29 06:00:00,58.92
2017-11-29 07:00:00,157.77
2017-11-29 08:00:00,262.17
2017-11-29 09:00:00,277.5
2017-11-29 10:00:00,335.58
2017-11-29 11:00:00,492.92
2017-11-29 12:00:00,455.7
2017-11-29 13:00:00,286.75
2017-11-29 14:00:00,244.85
2017-11-29 15:00:00,138.45
2017-11-29 16:00:00,36.35
2017-11-29 17:00:00,0.0
2017-11-29 18:00:00,0.0
2017-11-29 19:00:00,0.0
2017-11-29 20:00:00,0.0
2017-11-29 21:00:00,0.0
2017-11-29 22:00:00,0.0
2017-11-29 23:00:00,0.0
2017-11-30 00:00:00,0.0
2017-11-30 01:00:00,0.0
2017-11-30 02:00:00,0.0
2017-11-30 03:00:00,0.0
2017-11-30 04:00:00,0.0
2017-11-30 05:00:00,0.0
2017-11-30 06:00:00,75.88
2017-11-30 07:00:00,216.02
2017-11-30 08:00:00,376.02
2017-11-30 09:00:00,539.17
2017-11-30 10:00:00,626.17
2017-11-30 11:00:00,692.3
2017-11-30 12:00:00,612.78
2017-11-30 13:00:00,506.05
2017-11-30 14:00:00,300.58
2017-11-30 15:00:00,171.75
2017-11-30 16:00:00,48.62
2017-11-30 17:00:00,0.0
2017-11-30 18:00:00,0.0
2017-11-30 19:00:00,0.0
2017-11-30 20:00:00,0.0
2017-11-30 21:00:00,0.0
2017-11-30 22:00:00,0.0
2017-11-30 23:00:00,0.0
2017-12-01 00:00:00,0.0
2017-12-01 01:00:00,0.0
2017-12-01 02:00:00,0.0
2017-12-01 03:00:00,0.0
2017-12-01 04:00:00,0.0
2017-12-01 05:00:00,0.0
2017-12-01 06:00:00,35.85
2017-12-01 07:00:00,123.03
2017-12-01 08:00:00,225.18
2017-12-01 09:00:00,194.88
2017-12-01 10:00:00,173.93
2017-12-01 11:00:00,204.57
2017-12-01 12:00:00,316.0
2017-12-01 13:00:00,169.5
2017-12-01 14:00:00,210.57
2017-12-01 15:00:00,111.93
2017-12-01 16:00:00,29.85
2017-12-01 17:00:00,0.0
2017-12-01 18:00:00,0.0
2017-12-01 19:00:00,0.0
2017-12-01 20:00:00,0.0
2017-12-01 21:00:00,0.0
2017-12-01 22:00:00,0.0
2017-12-01 23:00:00,0.0
2017-12-02 00:00:00,0.0
2017-12-02 01:00:00,0.0
2017-12-02 02:00:00,0.0
2017-12-02 03:00:00,0.0
2017-12-02 04:00:00,0.0
2017-12-02 05:00:00,0.0
2017-12-02 06:00:00,67.8
2017-12-02 07:00:00,212.5
2017-12-02 08:00:00,385.88
2017-12-02 09:00:00,456.98
2017-12-02 10:00:00,644.0
2017-12-02 11:00:00,706.83
2017-12-02 12:00:00,572.62
2017-12-02 13:00:00,449.25
2017-12-02 14:00:00,340.17
2017-12-02 15:00:00,178.25
2017-12-02 16:00:00,47.53
2017-12-02 17:00:00,0.0
2017-12-02 18:00:00,0.0
2017-12-02 19:00:00,0.0
2017-12-02 20:00:00,0.0
2017-12-02 21:00:00,0.0
2017-12-02 22:00:00,0.0
2017-12-02 23:00:00,0.0
2017-12-03 00:00:00,0.0
2017-12-03 01:00:00,0.0
2017-12-03 02:00:00,0.0
2017-12-03 03:00:00,0.0
2017-12-03 04:00:00,0.0
2017-12-03 05:00:00,0.0
2017-12-03 06:00:00,70.38
2017-12-03 07:00:00,206.12
2017-12-03 08:00:00,370.48
2017-12-03 09:00:00,546.22
2017-12-03 10:00:00,716.47
2017-12-03 11:00:00,730.4
2017-12-03 12:00:00,719.25
2017-12-03 13:00:00,590.03
2017-12-03 14:00:00,432.25
2017-12-03 15:00:00,251.32
2017-12-03 16:00:00,73.82
2017-12-03 17:00:00,0.0
2017-12-03 18:00:00,0.0
2017-12-03 19:00:00,0.0
2017-12-03 20:00:00,0.0
2017-12-03 21:00:00,0.0
2017-12-03 22:00:00,0.0
2017-12-03 23:00:00,0.0
2017-12-04 00:00:00,0.0
2017-12-04 01:00:00,0.0
2017-12-04 02:00:00,0.0
2017-12-04 03:00:00,0.0
2017-12-04 04:00:00,0.0
2017-12-04 05:00:00,0.0
2017-12-04 06:00:00,88.43
2017-12-04 07:00:00,282.17
2017-12-04 08:00:00,483.62
2017-12-04 09:00:00,633.67
2017-12-04 10:00:00,711.55
2017-12-04 11:00:00,743.03
2017-12-04 12:00:00,654.67
2017-12-04 13:00:00,598.12
2017-12-04 14:00:00,450.38
2017-12-04 15:00:00,262.2
2017-12-04 16:00:00,73.12
2017-12-04 17:00:00,0.0
2017-12-04 18:00:00,0.0
2017-12-04 19:00:00,0.0
2017-12-04 20:00:00,0.0
2017-12-04 21:00:00,0.0
2017-12-04 22:00:00,0.0
2017-12-04 23:00:00,0.0
2017-12-05 00:00:00,0.0
2017-12-05 01:00:00,0.0
2017-12-05 02:00:00,0.0
2017-12-05 03:00:00,0.0
2017-12-05 04:00:00,0.0
2017-12-05 05:00:00,0.0
2017-12-05 06:00:00,58.83
2017-12-05 07:00:00,184.23
2017-12-05 08:00:00,335.62
2017-12-05 09:00:00,460.12
2017-12-05 10:00:00,568.7
2017-12-05 11:00:00,674.7
2017-12-05 12:00:00,661.3
2017-12-05 13:00:00,577.03
2017-12-05 14:00:00,461.9
2017-12-05 15:00:00,269.0
2017-12-05 16:00:00,78.38
2017-12-05 17:00:00,0.0
2017-12-05 18:00:00,0.0
2017-12-05 19:00:00,0.0
2017-12-05 20:00:00,0.0
2017-12-05 21:00:00,0.0
2017-12-05 22:00:00,0.0
2017-12-05 23:00:00,0.0
2017-12-06 00:00:00,0.0
2017-12-06 01:00:00,0.0
2017-12-06 02:00:00,0.0
2017-12-06 03:00:00,0.0
2017-12-06 04:00:00,0.0
2017-12-06 05:00:00,0.0
2017-12-06 06:00:00,74.43
2017-12-06 07:00:00,254.3
2017-12-06 08:00:00,445.23
2017-12-06 09:00:00,621.22
2017-12-06 10:00:00,726.75
2017-12-06 11:00:00,762.62
2017-12-06 12:00:00,695.8
2017-12-06 13:00:00,576.47
2017-12-06 14:00:00,455.1
2017-12-06 15:00:00,249.98
2017-12-06 16:00:00,72.12
2017-12-06 17:00:00,0.0
2017-12-06 18:00:00,0.0
2017-12-06 19:00:00,0.0
2017-12-06 20:00:00,0.0
2017-12-06 21:00:00,0.0
2017-12-06 22:00:00,0.0
2017-12-06 23:00:00,0.0
2017-12-07 00:00:00,0.0
2017-12-07 01:00:00,0.0
2017-12-07 02:00:00,0.0
2017-12-07 03:00:00,0.0
2017-12-07 04:00:00,0.0
2017-12-07 05:00:00,0.0
2017-12-07 06:00:00,59.9
2017-12-07 07:00:00,182.6
2017-12-07 08:00:00,326.25
2017-12-07 09:00:00,450.75
2017-12-07 10:00:00,541.58
2017-12-07 11:00:00,479.1
2017-12-07 12:00:00,416.12
2017-12-07 13:00:00,355.33
2017-12-07 14:00:00,301.25
2017-12-07 15:00:00,168.65
2017-12-07 16:00:00,50.62
2017-12-07 17:00:00,0.0
2017-12-07 18:00:00,0.0
2017-12-07 19:00:00,0.0
2017-12-07 20:00:00,0.0
2017-12-07 21:00:00,0.0
2017-12-07 22:00:00,0.0
2017-12-07 23:00:00,0.0
2017-12-08 00:00:00,0.0
2017-12-08 01:00:00,0.0
2017-12-08 02:00:00,0.0
2017-12-08 03:00:00,0.0
2017-12-08 04:00:00,0.0
2017-12-08 05:00:00,0.0
2017-12-08 06:00:00,76.03
2017-12-08 07:00:00,264.73
2017-12-08 08:00:00,379.5
2017-12-08 09:00:00,571.58
2017-12-08 10:00:00,742.47
2017-12-08 11:00:00,779.7
2017-12-08 12:00:00,748.1
2017-12-08 13:00:00,646.92
2017-12-08 14:00:00,481.38
2017-12-08 15:00:00,277.05
2017-12-08 16:00:00,71.8
2017-12-08 17:00:00,0.0
2017-12-08 18:00:00,0.0
2017-12-08 19:00:00,0.0
2017-12-08 20:00:00,0.0
2017-12-08 21:00:00,0.0
2017-12-08 22:00:00,0.0
2017-12-08 23:00:00,0.0
2017-12-09 00:00:00,0.0
2017-12-09 01:00:00,0.0
2017-12-09 02:00:00,0.0
2017-12-09 03:00:00,0.0
2017-12-09 04:00:00,0.0
2017-12-09 05:00:00,0.0
2017-12-09 06:00:00,71.7
2017-12-09 07:00:00,245.12
2017-12-09 08:00:00,438.2
2017-12-09 09:00:00,606.75
2017-12-09 10:00:00,652.75
2017-12-09 11:00:00,739.12
2017-12-09 12:00:00,717.3
2017-12-09 13:00:00,623.03
2017-12-09 14:00:00,465.55
2017-12-09 15:00:00,266.83
2017-12-09 16:00:00,68.12
2017-12-09 17:00:00,0.0
2017-12-09 18:00:00,0.0
2017-12-09 19:00:00,0.0
2017-12-09 20:00:00,0.0
2017-12-09 21:00:00,0.0
2017-12-09 22:00:00,0.0
2017-12-09 23:00:00,0.0
2017-12-10 00:00:00,0.0
2017-12-10 01:00:00,0.0
2017-12-10 02:00:00,0.0
2017-12-10 03:00:00,0.0
2017-12-10 04:00:00,0.0
2017-12-10 05:00:00,0.0
2017-12-10 06:00:00,65.18
2017-12-10 07:00:00,224.48
2017-12-10 08:00:00,398.25
2017-12-10 09:00:00,592.25
2017-12-10 10:00:00,690.62
2017-12-10 11:00:00,712.42
2017-12-10 12:00:00,712.17
2017-12-10 13:00:00,640.17
2017-12-10 14:00:00,437.42
2017-12-10 15:00:00,248.15
2017-12-10 16:00:00,61.9
2017-12-10 17:00:00,0.0
2017-12-10 18:00:00,0.0
2017-12-10 19:00:00,0.0
2017-12-10 20:00:00,0.0
2017-12-10 21:00:00,0.0
2017-12-10 22:00:00,0.0
2017-12-10 23:00:00,0.0
2017-12-11 00:00:00,0.0
2017-12-11 01:00:00,0.0
2017-12-11 02:00:00,0.0
2017-12-11 03:00:00,0.0
2017-12-11 04:00:00,0.0
2017-12-11 05:00:00,0.0
2017-12-11 06:00:00,67.07
2017-12-11 07:00:00,244.02
2017-12-11 08:00:00,442.58
2017-12-11 09:00:00,623.42
2017-12-11 10:00:00,612.72
2017-12-11 11:00:00,566.53
2017-12-11 12:00:00,726.38
2017-12-11 13:00:00,541.88
2017-12-11 14:00:00,420.67
2017-12-11 15:00:00,239.75
2017-12-11 16:00:00,66.38
2017-12-11 17:00:00,0.0
2017-12-11 18:00:00,0.0
2017-12-11 19:00:00,0.0
2017-12-11 20:00:00,0.0
2017-12-11 21:00:00,0.0
2017-12-11 22:00:00,0.0
2017-12-11 23:00:00,0.0
2017-12-12 00:00:00,0.0
2017-12-12 01:00:00,0.0
2017-12-12 02:00:00,0.0
2017-12-12 03:00:00,0.0
2017-12-12 04:00:00,0.0
2017-12-12 05:00:00,0.0
2017-12-12 06:00:00,79.1
2017-12-12 07:00:00,260.77
2017-12-12 08:00:00,438.0
2017-12-12 09:00:00,613.67
2017-12-12 10:00:00,734.15
2017-12-12 11:00:00,782.12
2017-12-12 12:00:00,754.67
2017-12-12 13:00:00,639.9
2017-12-12 14:00:00,488.25
2017-12-12 15:00:00,291.05
2017-12-12 16:00:00,92.85
2017-12-12 17:00:00,0.0
2017-12-12 18:00:00,0.0
2017-12-12 19:00:00,0.0
2017-12-12 20:00:00,0.0
2017-12-12 21:00:00,0.0
2017-12-12 22:00:00,0.0
2017-12-12 23:00:00,0.0
2017-12-13 00:00:00,0.0
2017-12-13 01:00:00,0.0
2017-12-13 02:00:00,0.0
2017-12-13 03:00:00,0.0
2017-12-13 04:00:00,0.0
2017-12-13 05:00:00,0.0
2017-12-13 06:00:00,73.1
2017-12-13 07:00:00,240.65
2017-12-13 08:00:00,414.5
2017-12-13 09:00:00,612.92
2017-12-13 10:00:00,714.47
2017-12-13 11:00:00,759.03
2017-12-13 12:00:00,728.03
2017-12-13 13:00:00,647.2
2017-12-13 14:00:00,493.9
2017-12-13 15:00:00,293.42
2017-12-13 16:00:00,94.45
2017-12-13 17:00:00,0.0
2017-12-13 18:00:00,0.0
2017-12-13 19:00:00,0.0
2017-12-13 20:00:00,0.0
2017-12-13 21:00:00,0.0
2017-12-13 22:00:00,0.0
2017-12-13 23:00:00,0.0
2017-12-14 00:00:00,0.0
2017-12-14 01:00:00,0.0
2017-12-14 02:00:00,0.0
2017-12-14 03:00:00,0.0
2017-12-14 04:00:00,0.0
2017-12-14 05:00:00,0.0
2017-12-14 06:00:00,69.8
2017-12-14 07:00:00,253.85
2017-12-14 08:00:00,441.48
2017-12-14 09:00:00,606.97
2017-12-14 10:00:00,747.12
2017-12-14 11:00:00,680.17
2017-12-14 12:00:00,744.25
2017-12-14 13:00:00,548.9
2017-12-14 14:00:00,423.27
2017-12-14 15:00:00,236.25
2017-12-14 16:00:00,73.43
2017-12-14 17:00:00,0.0
2017-12-14 18:00:00,0.0
2017-12-14 19:00:00,0.0
2017-12-14 20:00:00,0.0
2017-12-14 21:00:00,0.0
2017-12-14 22:00:00,0.0
2017-12-14 23:00:00,0.0
2017-12-15 00:00:00,0.0
2017-12-15 01:00:00,0.0
2017-12-15 02:00:00,0.0
2017-12-15 03:00:00,0.0
2017-12-15 04:00:00,0.0
2017-12-15 05:00:00,0.0
2017-12-15 06:00:00,46.8
2017-12-15 07:00:00,159.62
2017-12-15 08:00:00,280.83
2017-12-15 09:00:00,468.98
2017-12-15 10:00:00,563.5
2017-12-15 11:00:00,687.47
2017-12-15 12:00:00,609.5
2017-12-15 13:00:00,588.7
2017-12-15 14:00:00,463.42
2017-12-15 15:00:00,271.38
2017-12-15 16:00:00,86.32
2017-12-15 17:00:00,0.0
2017-12-15 18:00:00,0.0
2017-12-15 19:00:00,0.0
2017-12-15 20:00:00,0.0
2017-12-15 21:00:00,0.0
2017-12-15 22:00:00,0.0
2017-12-15 23:00:00,0.0
2017-12-16 00:00:00,0.0
2017-12-16 01:00:00,0.0
2017-12-16 02:00:00,0.0
2017-12-16 03:00:00,0.0
2017-12-16 04:00:00,0.0
2017-12-16 05:00:00,0.0
2017-12-16 06:00:00,57.62
2017-12-16 07:00:00,224.27
2017-12-16 08:00:00,416.4
2017-12-16 09:00:00,590.22
2017-12-16 10:00:00,713.62
2017-12-16 11:00:00,748.72
2017-12-16 12:00:00,741.1
2017-12-16 13:00:00,668.17
2017-12-16 14:00:00,450.3
2017-12-16 15:00:00,265.15
2017-12-16 16:00:00,74.2
2017-12-16 17:00:00,0.0
2017-12-16 18:00:00,0.0
2017-12-16 19:00:00,0.0
2017-12-16 20:00:00,0.0
2017-12-16 21:00:00,0.0
2017-12-16 22:00:00,0.0
2017-12-16 23:00:00,0.0
2017-12-17 00:00:00,0.0
2017-12-17 01:00:00,0.0
2017-12-17 02:00:00,0.0
2017-12-17 03:00:00,0.0
2017-12-17 04:00:00,0.0
2017-12-17 05:00:00,0.0
2017-12-17 06:00:00,53.78
2017-12-17 07:00:00,210.93
2017-12-17 08:00:00,393.38
2017-12-17 09:00:00,571.5
2017-12-17 10:00:00,687.58
2017-12-17 11:00:00,794.88
2017-12-17 12:00:00,749.53
2017-12-17 13:00:00,646.38
2017-12-17 14:00:00,482.3
2017-12-17 15:00:00,277.0
2017-12-17 16:00:00,85.35
2017-12-17 17:00:00,0.0
2017-12-17 18:00:00,0.0
2017-12-17 19:00:00,0.0
2017-12-17 20:00:00,0.0
2017-12-17 21:00:00,0.0
2017-12-17 22:00:00,0.0
2017-12-17 23:00:00,0.0
2017-12-18 00:00:00,0.0
2017-12-18 01:00:00,0.0
2017-12-18 02:00:00,0.0
2017-12-18 03:00:00,0.0
2017-12-18 04:00:00,0.0
2017-12-18 05:00:00,0.0
2017-12-18 06:00:00,55.8
2017-12-18 07:00:00,225.05
2017-12-18 08:00:00,411.88
2017-12-18 09:00:00,574.4
2017-12-18 10:00:00,679.95
2017-12-18 11:00:00,755.6
2017-12-18 12:00:00,741.25
2017-12-18 13:00:00,623.85
2017-12-18 14:00:00,477.83
2017-12-18 15:00:00,280.38
2017-12-18 16:00:00,89.93
2017-12-18 17:00:00,0.0
2017-12-18 18:00:00,0.0
2017-12-18 19:00:00,0.0
2017-12-18 20:00:00,0.0
2017-12-18 21:00:00,0.0
2017-12-18 22:00:00,0.0
2017-12-18 23:00:00,0.0
2017-12-19 00:00:00,0.0
2017-12-19 01:00:00,0.0
2017-12-19 02:00:00,0.0
2017-12-19 03:00:00,0.0
2017-12-19 04:00:00,0.0
2017-12-19 05:00:00,0.0
2017-12-19 06:00:00,52.17
2017-12-19 07:00:00,216.07
2017-12-19 08:00:00,412.9
2017-12-19 09:00:00,552.12
2017-12-19 10:00:00,600.1
2017-12-19 11:00:00,624.42
2017-12-19 12:00:00,538.05
2017-12-19 13:00:00,404.08
2017-12-19 14:00:00,354.23
2017-12-19 15:00:00,189.45
2017-12-19 16:00:00,65.6
2017-12-19 17:00:00,0.0
2017-12-19 18:00:00,0.0
2017-12-19 19:00:00,0.0
2017-12-19 20:00:00,0.0
2017-12-19 21:00:00,0.0
2017-12-19 22:00:00,0.0
2017-12-19 23:00:00,0.0
2017-12-20 00:00:00,0.0
2017-12-20 01:00:00,0.0
2017-12-20 02:00:00,0.0
2017-12-20 03:00:00,0.0
2017-12-20 04:00:00,0.0
2017-12-20 05:00:00,0.0
2017-12-20 06:00:00,59.15
2017-12-20 07:00:00,236.5
2017-12-20 08:00:00,424.65
2017-12-20 09:00:00,615.25
2017-12-20 10:00:00,727.25
2017-12-20 11:00:00,753.1
2017-12-20 12:00:00,763.6
2017-12-20 13:00:00,671.12
2017-12-20 14:00:00,508.62
2017-12-20 15:00:00,305.88
2017-12-20 16:00:00,103.35
2017-12-20 17:00:00,0.0
2017-12-20 18:00:00,0.0
2017-12-20 19:00:00,0.0
2017-12-20 20:00:00,0.0
2017-12-20 21:00:00,0.0
2017-12-20 22:00:00,0.0
2017-12-20 23:00:00,0.0
2017-12-21 00:00:00,0.0
2017-12-21 01:00:00,0.0
2017-12-21 02:00:00,0.0
2017-12-21 03:00:00,0.0
2017-12-21 04:00:00,0.0
2017-12-21 05:00:00,0.0
2017-12-21 06:00:00,29.23
2017-12-21 07:00:00,111.05
2017-12-21 08:00:00,175.18
2017-12-21 09:00:00,225.27
2017-12-21 10:00:00,314.77
2017-12-21 11:00:00,354.58
2017-12-21 12:00:00,424.0
2017-12-21 13:00:00,446.73
2017-12-21 14:00:00,362.58
2017-12-21 15:00:00,204.82
2017-12-21 16:00:00,74.38
2017-12-21 17:00:00,0.0
2017-12-21 18:00:00,0.0
2017-12-21 19:00:00,0.0
2017-12-21 20:00:00,0.0
2017-12-21 21:00:00,0.0
2017-12-21 22:00:00,0.0
2017-12-21 23:00:00,0.0
2017-12-22 00:00:00,0.0
2017-12-22 01:00:00,0.0
2017-12-22 02:00:00,0.0
2017-12-22 03:00:00,0.0
2017-12-22 04:00:00,0.0
2017-12-22 05:00:00,0.0
2017-12-22 06:00:00,54.5
2017-12-22 07:00:00,215.98
2017-12-22 08:00:00,412.77
2017-12-22 09:00:00,521.33
2017-12-22 10:00:00,624.28
2017-12-22 11:00:00,670.88
2017-12-22 12:00:00,552.85
2017-12-22 13:00:00,415.58
2017-12-22 14:00:00,292.58
2017-12-22 15:00:00,169.2
2017-12-22 16:00:00,55.9
2017-12-22 17:00:00,0.0
2017-12-22 18:00:00,0.0
2017-12-22 19:00:00,0.0
2017-12-22 20:00:00,0.0
2017-12-22 21:00:00,0.0
2017-12-22 22:00:00,0.0
2017-12-22 23:00:00,0.0
2017-12-23 00:00:00,0.0
2017-12-23 01:00:00,0.0
2017-12-23 02:00:00,0.0
2017-12-23 03:00:00,0.0
2017-12-23 04:00:00,0.0
2017-12-23 05:00:00,0.0
2017-12-23 06:00:00,64.93
2017-12-23 07:00:00,246.4
2017-12-23 08:00:00,433.75
2017-12-23 09:00:00,623.22
2017-12-23 10:00:00,756.65
2017-12-23 11:00:00,794.62
2017-12-23 12:00:00,776.17
2017-12-23 13:00:00,693.83
2017-12-23 14:00:00,512.38
2017-12-23 15:00:00,308.1
2017-12-23 16:00:00,96.57
2017-12-23 17:00:00,0.0
2017-12-23 18:00:00,0.0
2017-12-23 19:00:00,0.0
2017-12-23 20:00:00,0.0
2017-12-23 21:00:00,0.0
2017-12-23 22:00:00,0.0
2017-12-23 23:00:00,0.0
2017-12-24 00:00:00,0.0
2017-12-24 01:00:00,0.0
2017-12-24 02:00:00,0.0
2017-12-24 03:00:00,0.0
2017-12-24 04:00:00,0.0
2017-12-24 05:00:00,0.0
2017-12-24 06:00:00,42.65
2017-12-24 07:00:00,179.55
2017-12-24 08:00:00,344.65
2017-12-24 09:00:00,500.98
2017-12-24 10:00:00,553.85
2017-12-24 11:00:00,625.5
2017-12-24 12:00:00,662.75
2017-12-24 13:00:00,642.15
2017-12-24 14:00:00,466.88
2017-12-24 15:00:00,282.08
2017-12-24 16:00:00,102.57
2017-12-24 17:00:00,0.0
2017-12-24 18:00:00,0.0
2017-12-24 19:00:00,0.0
2017-12-24 20:00:00,0.0
2017-12-24 21:00:00,0.0
2017-12-24 22:00:00,0.0
2017-12-24 23:00:00,0.0
2017-12-25 00:00:00,0.0
2017-12-25 01:00:00,0.0
2017-12-25 02:00:00,0.0
2017-12-25 03:00:00,0.0
2017-12-25 04:00:00,0.0
2017-12-25 05:00:00,0.0
2017-12-25 06:00:00,42.6
2017-12-25 07:00:00,198.32
2017-12-25 08:00:00,389.05
2017-12-25 09:00:00,547.92
2017-12-25 10:00:00,615.25
2017-12-25 11:00:00,638.2
2017-12-25 12:00:00,617.83
2017-12-25 13:00:00,559.1
2017-12-25 14:00:00,425.5
2017-12-25 15:00:00,246.1
2017-12-25 16:00:00,82.18
2017-12-25 17:00:00,0.0
2017-12-25 18:00:00,0.0
2017-12-25 19:00:00,0.0
2017-12-25 20:00:00,0.0
2017-12-25 21:00:00,0.0
2017-12-25 22:00:00,0.0
2017-12-25 23:00:00,0.0
2017-12-26 00:00:00,0.0
2017-12-26 01:00:00,0.0
2017-12-26 02:00:00,0.0
2017-12-26 03:00:00,0.0
2017-12-26 04:00:00,0.0
2017-12-26 05:00:00,0.0
2017-12-26 06:00:00,47.0
2017-12-26 07:00:00,205.15
2017-12-26 08:00:00,385.2
2017-12-26 09:00:00,552.9
2017-12-26 10:00:00,670.58
2017-12-26 11:00:00,736.42
2017-12-26 12:00:00,749.05
2017-12-26 13:00:00,639.65
2017-12-26 14:00:00,493.73
2017-12-26 15:00:00,294.6
2017-12-26 16:00:00,103.57
2017-12-26 17:00:00,0.0
2017-12-26 18:00:00,0.0
2017-12-26 19:00:00,0.0
2017-12-26 20:00:00,0.0
2017-12-26 21:00:00,0.0
2017-12-26 22:00:00,0.0
2017-12-26 23:00:00,0.0
2017-12-27 00:00:00,0.0
2017-12-27 01:00:00,0.0
2017-12-27 02:00:00,0.0
2017-12-27 03:00:00,0.0
2017-12-27 04:00:00,0.0
2017-12-27 05:00:00,0.0
2017-12-27 06:00:00,47.8
2017-12-27 07:00:00,208.88
2017-12-27 08:00:00,385.0
2017-12-27 09:00:00,588.97
2017-12-27 10:00:00,671.92
2017-12-27 11:00:00,744.3
2017-12-27 12:00:00,716.83
2017-12-27 13:00:00,650.7
2017-12-27 14:00:00,509.98
2017-12-27 15:00:00,310.08
2017-12-27 16:00:00,114.3
2017-12-27 17:00:00,0.0
2017-12-27 18:00:00,0.0
2017-12-27 19:00:00,0.0
2017-12-27 20:00:00,0.0
2017-12-27 21:00:00,0.0
2017-12-27 22:00:00,0.0
2017-12-27 23:00:00,0.0
2017-12-28 00:00:00,0.0
2017-12-28 01:00:00,0.0
2017-12-28 02:00:00,0.0
2017-12-28 03:00:00,0.0
2017-12-28 04:00:00,0.0
2017-12-28 05:00:00,0.0
2017-12-28 06:00:00,49.28
2017-12-28 07:00:00,222.6
2017-12-28 08:00:00,423.45
2017-12-28 09:00:00,611.3
2017-12-28 10:00:00,723.2
2017-12-28 11:00:00,803.75
2017-12-28 12:00:00,752.15
2017-12-28 13:00:00,684.4
2017-12-28 14:00:00,517.28
2017-12-28 15:00:00,314.5
2017-12-28 16:00:00,108.47
2017-12-28 17:00:00,3.38
2017-12-28 18:00:00,0.0
2017-12-28 19:00:00,0.0
2017-12-28 20:00:00,0.0
2017-12-28 21:00:00,0.0
2017-12-28 22:00:00,0.0
2017-12-28 23:00:00,0.0
2017-12-29 00:00:00,0.0
2017-12-29 01:00:00,0.0
2017-12-29 02:00:00,0.0
2017-12-29 03:00:00,0.0
2017-12-29 04:00:00,0.0
2017-12-29 05:00:00,0.0
2017-12-29 06:00:00,35.47
2017-12-29 07:00:00,170.45
2017-12-29 08:00:00,340.0
2017-12-29 09:00:00,485.12
2017-12-29 10:00:00,587.33
2017-12-29 11:00:00,659.38
2017-12-29 12:00:00,645.95
2017-12-29 13:00:00,601.83
2017-12-29 14:00:00,481.4
2017-12-29 15:00:00,288.3
2017-12-29 16:00:00,96.05
2017-12-29 17:00:00,3.2
2017-12-29 18:00:00,0.0
2017-12-29 19:00:00,0.0
2017-12-29 20:00:00,0.0
2017-12-29 21:00:00,0.0
2017-12-29 22:00:00,0.0
2017-12-29 23:00:00,0.0
2017-12-30 00:00:00,0.0
2017-12-30 01:00:00,0.0
2017-12-30 02:00:00,0.0
2017-12-30 03:00:00,0.0
2017-12-30 04:00:00,0.0
2017-12-30 05:00:00,0.0
2017-12-30 06:00:00,52.75
2017-12-30 07:00:00,229.25
2017-12-30 08:00:00,424.88
2017-12-30 09:00:00,594.75
2017-12-30 10:00:00,731.03
2017-12-30 11:00:00,777.67
2017-12-30 12:00:00,763.38
2017-12-30 13:00:00,699.97
2017-12-30 14:00:00,542.5
2017-12-30 15:00:00,337.2
2017-12-30 16:00:00,121.38
2017-12-30 17:00:00,4.15
2017-12-30 18:00:00,0.0
2017-12-30 19:00:00,0.0
2017-12-30 20:00:00,0.0
2017-12-30 21:00:00,0.0
2017-12-30 22:00:00,0.0
2017-12-30 23:00:00,0.0
2017-12-31 00:00:00,0.0
2017-12-31 01:00:00,0.0
2017-12-31 02:00:00,0.0
2017-12-31 03:00:00,0.0
2017-12-31 04:00:00,0.0
2017-12-31 05:00:00,0.0
2017-12-31 06:00:00,53.88
2017-12-31 07:00:00,246.8
2017-12-31 08:00:00,461.83
2017-12-31 09:00:00,587.5
2017-12-31 10:00:00,725.17
2017-12-31 11:00:00,794.85
2017-12-31 12:00:00,735.42
2017-12-31 13:00:00,676.08
2017-12-31 14:00:00,501.58
2017-12-31 15:00:00,310.27
2017-12-31 16:00:00,101.32
2017-12-31 17:00:00,4.07
2017-12-31 18:00:00,0.0
2017-12-31 19:00:00,0.0
2017-12-31 20:00:00,0.0
2017-12-31 21:00:00,0.0
2017-12-31 22:00:00,0.0
2017-12-31 23:00:00,0.0
