timestamp,ghi
2017-01-01 00:00:00,0.0
2017-01-01 01:00:00,0.0
2017-01-01 02:00:00,0.0
2017-01-01 03:00:00,0.0
2017-01-01 04:00:00,0.0
2017-01-01 05:00:00,0.0
2017-01-01 06:00:00,46.33
2017-01-01 07:00:00,233.6
2017-01-01 08:00:00,441.9
2017-01-01 09:00:00,601.58
2017-01-01 10:00:00,709.9
2017-01-01 11:00:00,775.92
2017-01-01 12:00:00,760.08
2017-01-01 13:00:00,671.03
2017-01-01 14:00:00,530.22
2017-01-01 15:00:00,333.52
2017-01-01 16:00:00,122.12
2017-01-01 17:00:00,3.95
2017-01-01 18:00:00,0.0
2017-01-01 19:00:00,0.0
2017-01-01 20:00:00,0.0
2017-01-01 21:00:00,0.0
2017-01-01 22:00:00,0.0
2017-01-01 23:00:00,0.0
2017-01-02 00:00:00,0.0
2017-01-02 01:00:00,0.0
2017-01-02 02:00:00,0.0
2017-01-02 03:00:00,0.0
2017-01-02 04:00:00,0.0
2017-01-02 05:00:00,0.0
2017-01-02 06:00:00,49.53
2017-01-02 07:00:00,244.0
2017-01-02 08:00:00,458.02
2017-01-02 09:00:00,650.1
2017-01-02 10:00:00,745.25
2017-01-02 11:00:00,793.3
2017-01-02 12:00:00,795.25
2017-01-02 13:00:00,678.4
2017-01-02 14:00:00,529.85
2017-01-02 15:00:00,332.2
2017-01-02 16:00:00,121.9
2017-01-02 17:00:00,4.18
2017-01-02 18:00:00,0.0
2017-01-02 19:00:00,0.0
2017-01-02 20:00:00,0.0
2017-01-02 21:00:00,0.0
2017-01-02 22:00:00,0.0
2017-01-02 23:00:00,0.0
2017-01-03 00:00:00,0.0
2017-01-03 01:00:00,0.0
2017-01-03 02:00:00,0.0
2017-01-03 03:00:00,0.0
2017-01-03 04:00:00,0.0
2017-01-03 05:00:00,0.0
2017-01-03 06:00:00,46.3
2017-01-03 07:00:00,239.07
2017-01-03 08:00:00,454.08
2017-01-03 09:00:00,633.05
2017-01-03 10:00:00,755.9
2017-01-03 11:00:00,819.97
2017-01-03 12:00:00,789.08
2017-01-03 13:00:00,688.67
2017-01-03 14:00:00,540.17
2017-01-03 15:00:00,336.77
2017-01-03 16:00:00,120.55
2017-01-03 17:00:00,4.32
2017-01-03 18:00:00,0.0
2017-01-03 19:00:00,0.0
2017-01-03 20:00:00,0.0
2017-01-03 21:00:00,0.0
2017-01-03 22:00:00,0.0
2017-01-03 23:00:00,0.0
2017-01-04 00:00:00,0.0
2017-01-04 01:00:00,0.0
2017-01-04 02:00:00,0.0
2017-01-04 03:00:00,0.0
2017-01-04 04:00:00,0.0
2017-01-04 05:00:00,0.0
2017-01-04 06:00:00,41.15
2017-01-04 07:00:00,213.2
2017-01-04 08:00:00,414.05
2017-01-04 09:00:00,588.3
2017-01-04 10:00:00,713.28
2017-01-04 11:00:00,754.25
2017-01-04 12:00:00,721.25
2017-01-04 13:00:00,634.17
2017-01-04 14:00:00,483.98
2017-01-04 15:00:00,289.15
2017-01-04 16:00:00,97.7
2017-01-04 17:00:00,3.9
2017-01-04 18:00:00,0.0
2017-01-04 19:00:00,0.0
2017-01-04 20:00:00,0.0
2017-01-04 21:00:00,0.0
2017-01-04 22:00:00,0.0
2017-01-04 23:00:00,0.0
2017-01-05 00:00:00,0.0
2017-01-05 01:00:00,0.0
2017-01-05 02:00:00,0.0
2017-01-05 03:00:00,0.0
2017-01-05 04:00:00,0.0
2017-01-05 05:00:00,0.0
2017-01-05 06:00:00,33.95
2017-01-05 07:00:00,178.45
2017-01-05 08:00:00,352.6
2017-01-05 09:00:00,514.08
2017-01-05 10:00:00,602.17
2017-01-05 11:00:00,703.62
2017-01-05 12:00:00,677.65
2017-01-05 13:00:00,608.78
2017-01-05 14:00:00,444.3
2017-01-05 15:00:00,263.75
2017-01-05 16:00:00,90.18
2017-01-05 17:00:00,3.95
2017-01-05 18:00:00,0.0
2017-01-05 19:00:00,0.0
2017-01-05 20:00:00,0.0
2017-01-05 21:00:00,0.0
2017-01-05 22:00:00,0.0
2017-01-05 23:00:00,0.0
2017-01-06 00:00:00,0.0
2017-01-06 01:00:00,0.0
2017-01-06 02:00:00,0.0
2017-01-06 03:00:00,0.0
2017-01-06 04:00:00,0.0
2017-01-06 05:00:00,0.0
2017-01-06 06:00:00,32.47
2017-01-06 07:00:00,171.0
2017-01-06 08:00:00,345.38
2017-01-06 09:00:00,522.2
2017-01-06 10:00:00,648.2
2017-01-06 11:00:00,709.08
2017-01-06 12:00:00,692.7
2017-01-06 13:00:00,599.88
2017-01-06 14:00:00,450.33
2017-01-06 15:00:00,266.1
2017-01-06 16:00:00,91.4
2017-01-06 17:00:00,4.03
2017-01-06 18:00:00,0.0
2017-01-06 19:00:00,0.0
2017-01-06 20:00:00,0.0
2017-01-06 21:00:00,0.0
2017-01-06 22:00:00,0.0
2017-01-06 23:00:00,0.0
2017-01-07 00:00:00,0.0
2017-01-07 01:00:00,0.0
2017-01-07 02:00:00,0.0
2017-01-07 03:00:00,0.0
2017-01-07 04:00:00,0.0
2017-01-07 05:00:00,0.0
2017-01-07 06:00:00,36.03
2017-01-07 07:00:00,202.77
2017-01-07 08:00:00,410.5
2017-01-07 09:00:00,613.33
2017-01-07 10:00:00,722.67
2017-01-07 11:00:00,786.58
2017-01-07 12:00:00,758.45
2017-01-07 13:00:00,689.9
2017-01-07 14:00:00,532.17
2017-01-07 15:00:00,332.7
2017-01-07 16:00:00,123.15
2017-01-07 17:00:00,5.3
2017-01-07 18:00:00,0.0
2017-01-07 19:00:00,0.0
2017-01-07 20:00:00,0.0
2017-01-07 21:00:00,0.0
2017-01-07 22:00:00,0.0
2017-01-07 23:00:00,0.0
2017-01-08 00:00:00,0.0
2017-01-08 01:00:00,0.0
2017-01-08 02:00:00,0.0
2017-01-08 03:00:00,0.0
2017-01-08 04:00:00,0.0
2017-01-08 05:00:00,0.0
2017-01-08 06:00:00,43.6
2017-01-08 07:00:00,237.82
2017-01-08 08:00:00,451.6
2017-01-08 09:00:00,635.25
2017-01-08 10:00:00,724.53
2017-01-08 11:00:00,823.88
2017-01-08 12:00:00,796.72
2017-01-08 13:00:00,722.55
2017-01-08 14:00:00,550.42
2017-01-08 15:00:00,344.98
2017-01-08 16:00:00,133.55
2017-01-08 17:00:00,5.95
2017-01-08 18:00:00,0.0
2017-01-08 19:00:00,0.0
2017-01-08 20:00:00,0.0
2017-01-08 21:00:00,0.0
2017-01-08 22:00:00,0.0
2017-01-08 23:00:00,0.0
2017-01-09 00:00:00,0.0
2017-01-09 01:00:00,0.0
2017-01-09 02:00:00,0.0
2017-01-09 03:00:00,0.0
2017-01-09 04:00:00,0.0
2017-01-09 05:00:00,0.0
2017-01-09 06:00:00,46.2
2017-01-09 07:00:00,240.55
2017-01-09 08:00:00,456.12
2017-01-09 09:00:00,654.53
2017-01-09 10:00:00,780.2
2017-01-09 11:00:00,839.25
2017-01-09 12:00:00,830.62
2017-01-09 13:00:00,721.58
2017-01-09 14:00:00,571.8
2017-01-09 15:00:00,368.77
2017-01-09 16:00:00,146.4
2017-01-09 17:00:00,6.8
2017-01-09 18:00:00,0.0
2017-01-09 19:00:00,0.0
2017-01-09 20:00:00,0.0
2017-01-09 21:00:00,0.0
2017-01-09 22:00:00,0.0
2017-01-09 23:00:00,0.0
2017-01-10 00:00:00,0.0
2017-01-10 01:00:00,0.0
2017-01-10 02:00:00,0.0
2017-01-10 03:00:00,0.0
2017-01-10 04:00:00,0.0
2017-01-10 05:00:00,0.0
2017-01-10 06:00:00,44.83
2017-01-10 07:00:00,235.8
2017-01-10 08:00:00,451.62
2017-01-10 09:00:00,634.42
2017-01-10 10:00:00,567.25
2017-01-10 11:00:00,805.38
2017-01-10 12:00:00,778.85
2017-01-10 13:00:00,650.58
2017-01-10 14:00:00,534.75
2017-01-10 15:00:00,335.25
2017-01-10 16:00:00,126.35
2017-01-10 17:00:00,6.07
2017-01-10 18:00:00,0.0
2017-01-10 19:00:00,0.0
2017-01-10 20:00:00,0.0
2017-01-10 21:00:00,0.0
2017-01-10 22:00:00,0.0
2017-01-10 23:00:00,0.0
2017-01-11 00:00:00,0.0
2017-01-11 01:00:00,0.0
2017-01-11 02:00:00,0.0
2017-01-11 03:00:00,0.0
2017-01-11 04:00:00,0.0
2017-01-11 05:00:00,0.0
2017-01-11 06:00:00,33.65
2017-01-11 07:00:00,190.12
2017-01-11 08:00:00,396.65
2017-01-11 09:00:00,597.97
2017-01-11 10:00:00,708.05
2017-01-11 11:00:00,749.75
2017-01-11 12:00:00,715.17
2017-01-11 13:00:00,639.72
2017-01-11 14:00:00,484.7
2017-01-11 15:00:00,296.8
2017-01-11 16:00:00,107.53
2017-01-11 17:00:00,5.65
2017-01-11 18:00:00,0.0
2017-01-11 19:00:00,0.0
2017-01-11 20:00:00,0.0
2017-01-11 21:00:00,0.0
2017-01-11 22:00:00,0.0
2017-01-11 23:00:00,0.0
2017-01-12 00:00:00,0.0
2017-01-12 01:00:00,0.0
2017-01-12 02:00:00,0.0
2017-01-12 03:00:00,0.0
2017-01-12 04:00:00,0.0
2017-01-12 05:00:00,0.0
2017-01-12 06:00:00,32.62
2017-01-12 07:00:00,174.2
2017-01-12 08:00:00,377.45
2017-01-12 09:00:00,558.38
2017-01-12 10:00:00,703.1
2017-01-12 11:00:00,718.5
2017-01-12 12:00:00,682.95
2017-01-12 13:00:00,606.15
2017-01-12 14:00:00,475.4
2017-01-12 15:00:00,292.35
2017-01-12 16:00:00,106.9
2017-01-12 17:00:00,5.85
2017-01-12 18:00:00,0.0
2017-01-12 19:00:00,0.0
2017-01-12 20:00:00,0.0
2017-01-12 21:00:00,0.0
2017-01-12 22:00:00,0.0
2017-01-12 23:00:00,0.0
2017-01-13 00:00:00,0.0
2017-01-13 01:00:00,0.0
2017-01-13 02:00:00,0.0
2017-01-13 03:00:00,0.0
2017-01-13 04:00:00,0.0
2017-01-13 05:00:00,0.0
2017-01-13 06:00:00,31.35
2017-01-13 07:00:00,173.65
2017-01-13 08:00:00,370.77
2017-01-13 09:00:00,546.1
2017-01-13 10:00:00,638.05
2017-01-13 11:00:00,719.83
2017-01-13 12:00:00,663.58
2017-01-13 13:00:00,643.45
2017-01-13 14:00:00,501.67
2017-01-13 15:00:00,311.1
2017-01-13 16:00:00,115.75
2017-01-13 17:00:00,6.3
2017-01-13 18:00:00,0.0
2017-01-13 19:00:00,0.0
2017-01-13 20:00:00,0.0
2017-01-13 21:00:00,0.0
2017-01-13 22:00:00,0.0
2017-01-13 23:00:00,0.0
2017-01-14 00:00:00,0.0
2017-01-14 01:00:00,0.0
2017-01-14 02:00:00,0.0
2017-01-14 03:00:00,0.0
2017-01-14 04:00:00,0.0
2017-01-14 05:00:00,0.0
2017-01-14 06:00:00,31.85
2017-01-14 07:00:00,168.62
2017-01-14 08:00:00,329.15
2017-01-14 09:00:00,519.2
2017-01-14 10:00:00,677.6
2017-01-14 11:00:00,746.42
2017-01-14 12:00:00,740.17
2017-01-14 13:00:00,676.5
2017-01-14 14:00:00,527.85
2017-01-14 15:00:00,324.65
2017-01-14 16:00:00,123.43
2017-01-14 17:00:00,7.03
2017-01-14 18:00:00,0.0
2017-01-14 19:00:00,0.0
2017-01-14 20:00:00,0.0
2017-01-14 21:00:00,0.0
2017-01-14 22:00:00,0.0
2017-01-14 23:00:00,0.0
2017-01-15 00:00:00,0.0
2017-01-15 01:00:00,0.0
2017-01-15 02:00:00,0.0
2017-01-15 03:00:00,0.0
2017-01-15 04:00:00,0.0
2017-01-15 05:00:00,0.0
2017-01-15 06:00:00,34.17
2017-01-15 07:00:00,192.25
2017-01-15 08:00:00,396.4
2017-01-15 09:00:00,581.58
2017-01-15 10:00:00,690.42
2017-01-15 11:00:00,765.67
2017-01-15 12:00:00,731.15
2017-01-15 13:00:00,637.17
2017-01-15 14:00:00,499.5
2017-01-15 15:00:00,311.08
2017-01-15 16:00:00,118.2
2017-01-15 17:00:00,7.15
2017-01-15 18:00:00,0.0
2017-01-15 19:00:00,0.0
2017-01-15 20:00:00,0.0
2017-01-15 21:00:00,0.0
2017-01-15 22:00:00,0.0
2017-01-15 23:00:00,0.0
2017-01-16 00:00:00,0.0
2017-01-16 01:00:00,0.0
2017-01-16 02:00:00,0.0
2017-01-16 03:00:00,0.0
2017-01-16 04:00:00,0.0
2017-01-16 05:00:00,0.0
2017-01-16 06:00:00,33.2
2017-01-16 07:00:00,182.12
2017-01-16 08:00:00,375.98
2017-01-16 09:00:00,581.08
2017-01-16 10:00:00,693.38
2017-01-16 11:00:00,735.05
2017-01-16 12:00:00,755.33
2017-01-16 13:00:00,660.2
2017-01-16 14:00:00,521.28
2017-01-16 15:00:00,324.83
2017-01-16 16:00:00,122.45
2017-01-16 17:00:00,7.43
2017-01-16 18:00:00,0.0
2017-01-16 19:00:00,0.0
2017-01-16 20:00:00,0.0
2017-01-16 21:00:00,0.0
2017-01-16 22:00:00,0.0
2017-01-16 23:00:00,0.0
2017-01-17 00:00:00,0.0
2017-01-17 01:00:00,0.0
2017-01-17 02:00:00,0.0
2017-01-17 03:00:00,0.0
2017-01-17 04:00:00,0.0
2017-01-17 05:00:00,0.0
2017-01-17 06:00:00,36.05
2017-01-17 07:00:00,214.32
2017-01-17 08:00:00,422.77
2017-01-17 09:00:00,607.72
2017-01-17 10:00:00,732.33
2017-01-17 11:00:00,797.2
2017-01-17 12:00:00,777.3
2017-01-17 13:00:00,712.8
2017-01-17 14:00:00,539.05
2017-01-17 15:00:00,344.65
2017-01-17 16:00:00,136.15
2017-01-17 17:00:00,8.4
2017-01-17 18:00:00,0.0
2017-01-17 19:00:00,0.0
2017-01-17 20:00:00,0.0
2017-01-17 21:00:00,0.0
2017-01-17 22:00:00,0.0
2017-01-17 23:00:00,0.0
2017-01-18 00:00:00,0.0
2017-01-18 01:00:00,0.0
2017-01-18 02:00:00,0.0
2017-01-18 03:00:00,0.0
2017-01-18 04:00:00,0.0
2017-01-18 05:00:00,0.0
2017-01-18 06:00:00,38.1
2017-01-18 07:00:00,219.7
2017-01-18 08:00:00,438.42
2017-01-18 09:00:00,636.4
2017-01-18 10:00:00,721.8
2017-01-18 11:00:00,763.78
2017-01-18 12:00:00,689.5
2017-01-18 13:00:00,653.6
2017-01-18 14:00:00,464.62
2017-01-18 15:00:00,305.58
2017-01-18 16:00:00,127.7
2017-01-18 17:00:00,8.65
2017-01-18 18:00:00,0.0
2017-01-18 19:00:00,0.0
2017-01-18 20:00:00,0.0
2017-01-18 21:00:00,0.0
2017-01-18 22:00:00,0.0
2017-01-18 23:00:00,0.0
2017-01-19 00:00:00,0.0
2017-01-19 01:00:00,0.0
2017-01-19 02:00:00,0.0
2017-01-19 03:00:00,0.0
2017-01-19 04:00:00,0.0
2017-01-19 05:00:00,0.0
2017-01-19 06:00:00,30.38
2017-01-19 07:00:00,168.5
2017-01-19 08:00:00,320.92
2017-01-19 09:00:00,552.5
2017-01-19 10:00:00,698.2
2017-01-19 11:00:00,748.53
2017-01-19 12:00:00,693.2
2017-01-19 13:00:00,639.78
2017-01-19 14:00:00,456.17
2017-01-19 15:00:00,285.52
2017-01-19 16:00:00,116.28
2017-01-19 17:00:00,8.18
2017-01-19 18:00:00,0.0
2017-01-19 19:00:00,0.0
2017-01-19 20:00:00,0.0
2017-01-19 21:00:00,0.0
2017-01-19 22:00:00,0.0
2017-01-19 23:00:00,0.0
2017-01-20 00:00:00,0.0
2017-01-20 01:00:00,0.0
2017-01-20 02:00:00,0.0
2017-01-20 03:00:00,0.0
2017-01-20 04:00:00,0.0
2017-01-20 05:00:00,0.0
2017-01-20 06:00:00,31.77
2017-01-20 07:00:00,187.93
2017-01-20 08:00:00,384.25
2017-01-20 09:00:00,506.0
2017-01-20 10:00:00,525.28
2017-01-20 11:00:00,608.08
2017-01-20 12:00:00,596.53
2017-01-20 13:00:00,527.53
2017-01-20 14:00:00,398.02
2017-01-20 15:00:00,216.8
2017-01-20 16:00:00,96.93
2017-01-20 17:00:00,7.45
2017-01-20 18:00:00,0.0
2017-01-20 19:00:00,0.0
2017-01-20 20:00:00,0.0
2017-01-20 21:00:00,0.0
2017-01-20 22:00:00,0.0
2017-01-20 23:00:00,0.0
2017-01-21 00:00:00,0.0
2017-01-21 01:00:00,0.0
2017-01-21 02:00:00,0.0
2017-01-21 03:00:00,0.0
2017-01-21 04:00:00,0.0
2017-01-21 05:00:00,0.0
2017-01-21 06:00:00,21.4
2017-01-21 07:00:00,129.98
2017-01-21 08:00:00,266.15
2017-01-21 09:00:00,486.73
2017-01-21 10:00:00,620.65
2017-01-21 11:00:00,761.83
2017-01-21 12:00:00,737.38
2017-01-21 13:00:00,614.5
2017-01-21 14:00:00,538.08
2017-01-21 15:00:00,331.8
2017-01-21 16:00:00,135.88
2017-01-21 17:00:00,9.57
2017-01-21 18:00:00,0.0
2017-01-21 19:00:00,0.0
2017-01-21 20:00:00,0.0
2017-01-21 21:00:00,0.0
2017-01-21 22:00:00,0.0
2017-01-21 23:00:00,0.0
2017-01-22 00:00:00,0.0
2017-01-22 01:00:00,0.0
2017-01-22 02:00:00,0.0
2017-01-22 03:00:00,0.0
2017-01-22 04:00:00,0.0
2017-01-22 05:00:00,0.0
2017-01-22 06:00:00,40.5
2017-01-22 07:00:00,221.52
2017-01-22 08:00:00,418.1
2017-01-22 09:00:00,603.42
2017-01-22 10:00:00,713.28
2017-01-22 11:00:00,807.28
2017-01-22 12:00:00,781.38
2017-01-22 13:00:00,688.97
2017-01-22 14:00:00,544.9
2017-01-22 15:00:00,356.85
2017-01-22 16:00:00,150.02
2017-01-22 17:00:00,10.52
2017-01-22 18:00:00,0.0
2017-01-22 19:00:00,0.0
2017-01-22 20:00:00,0.0
2017-01-22 21:00:00,0.0
2017-01-22 22:00:00,0.0
2017-01-22 23:00:00,0.0
2017-01-23 00:00:00,0.0
2017-01-23 01:00:00,0.0
2017-01-23 02:00:00,0.0
2017-01-23 03:00:00,0.0
2017-01-23 04:00:00,0.0
2017-01-23 05:00:00,0.0
2017-01-23 06:00:00,26.6
2017-01-23 07:00:00,139.75
2017-01-23 08:00:00,269.38
2017-01-23 09:00:00,406.4
2017-01-23 10:00:00,566.08
2017-01-23 11:00:00,721.05
2017-01-23 12:00:00,783.03
2017-01-23 13:00:00,698.6
2017-01-23 14:00:00,556.3
2017-01-23 15:00:00,359.48
2017-01-23 16:00:00,147.73
2017-01-23 17:00:00,10.82
2017-01-23 18:00:00,0.0
2017-01-23 19:00:00,0.0
2017-01-23 20:00:00,0.0
2017-01-23 21:00:00,0.0
2017-01-23 22:00:00,0.0
2017-01-23 23:00:00,0.0
2017-01-24 00:00:00,0.0
2017-01-24 01:00:00,0.0
2017-01-24 02:00:00,0.0
2017-01-24 03:00:00,0.0
2017-01-24 04:00:00,0.0
2017-01-24 05:00:00,0.0
2017-01-24 06:00:00,36.28
2017-01-24 07:00:00,206.05
2017-01-24 08:00:00,412.5
2017-01-24 09:00:00,594.0
2017-01-24 10:00:00,718.0
2017-01-24 11:00:00,774.3
2017-01-24 12:00:00,745.55
2017-01-24 13:00:00,700.83
2017-01-24 14:00:00,544.3
2017-01-24 15:00:00,352.45
2017-01-24 16:00:00,143.25
2017-01-24 17:00:00,10.38
2017-01-24 18:00:00,0.0
2017-01-24 19:00:00,0.0
2017-01-24 20:00:00,0.0
2017-01-24 21:00:00,0.0
2017-01-24 22:00:00,0.0
2017-01-24 23:00:00,0.0
2017-01-25 00:00:00,0.0
2017-01-25 01:00:00,0.0
2017-01-25 02:00:00,0.0
2017-01-25 03:00:00,0.0
2017-01-25 04:00:00,0.0
2017-01-25 05:00:00,0.0
2017-01-25 06:00:00,37.28
2017-01-25 07:00:00,203.45
2017-01-25 08:00:00,388.08
2017-01-25 09:00:00,575.17
2017-01-25 10:00:00,714.15
2017-01-25 11:00:00,758.28
2017-01-25 12:00:00,748.42
2017-01-25 13:00:00,647.15
2017-01-25 14:00:00,510.52
2017-01-25 15:00:00,316.88
2017-01-25 16:00:00,124.82
2017-01-25 17:00:00,9.8
2017-01-25 18:00:00,0.0
2017-01-25 19:00:00,0.0
2017-01-25 20:00:00,0.0
2017-01-25 21:00:00,0.0
2017-01-25 22:00:00,0.0
2017-01-25 23:00:00,0.0
2017-01-26 00:00:00,0.0
2017-01-26 01:00:00,0.0
2017-01-26 02:00:00,0.0
2017-01-26 03:00:00,0.0
2017-01-26 04:00:00,0.0
2017-01-26 05:00:00,0.0
2017-01-26 06:00:00,25.52
2017-01-26 07:00:00,135.68
2017-01-26 08:00:00,297.35
2017-01-26 09:00:00,426.12
2017-01-26 10:00:00,474.92
2017-01-26 11:00:00,636.28
2017-01-26 12:00:00,543.65
2017-01-26 13:00:00,402.73
2017-01-26 14:00:00,318.83
2017-01-26 15:00:00,205.2
2017-01-26 16:00:00,98.72
2017-01-26 17:00:00,6.8
2017-01-26 18:00:00,0.0
2017-01-26 19:00:00,0.0
2017-01-26 20:00:00,0.0
2017-01-26 21:00:00,0.0
2017-01-26 22:00:00,0.0
2017-01-26 23:00:00,0.0
2017-01-27 00:00:00,0.0
2017-01-27 01:00:00,0.0
2017-01-27 02:00:00,0.0
2017-01-27 03:00:00,0.0
2017-01-27 04:00:00,0.0
2017-01-27 05:00:00,0.0
2017-01-27 06:00:00,26.38
2017-01-27 07:00:00,146.95
2017-01-27 08:00:00,323.55
2017-01-27 09:00:00,495.58
2017-01-27 10:00:00,575.5
2017-01-27 11:00:00,706.8
2017-01-27 12:00:00,658.17
2017-01-27 13:00:00,563.08
2017-01-27 14:00:00,431.95
2017-01-27 15:00:00,269.88
2017-01-27 16:00:00,103.78
2017-01-27 17:00:00,8.73
2017-01-27 18:00:00,0.0
2017-01-27 19:00:00,0.0
2017-01-27 20:00:00,0.0
2017-01-27 21:00:00,0.0
2017-01-27 22:00:00,0.0
2017-01-27 23:00:00,0.0
2017-01-28 00:00:00,0.0
2017-01-28 01:00:00,0.0
2017-01-28 02:00:00,0.0
2017-01-28 03:00:00,0.0
2017-01-28 04:00:00,0.0
2017-01-28 05:00:00,0.0
2017-01-28 06:00:00,28.7
2017-01-28 07:00:00,172.95
2017-01-28 08:00:00,382.02
2017-01-28 09:00:00,560.53
2017-01-28 10:00:00,641.4
2017-01-28 11:00:00,617.5
2017-01-28 12:00:00,614.15
2017-01-28 13:00:00,540.47
2017-01-28 14:00:00,419.48
2017-01-28 15:00:00,270.08
2017-01-28 16:00:00,125.07
2017-01-28 17:00:00,12.43
2017-01-28 18:00:00,0.0
2017-01-28 19:00:00,0.0
2017-01-28 20:00:00,0.0
2017-01-28 21:00:00,0.0
2017-01-28 22:00:00,0.0
2017-01-28 23:00:00,0.0
2017-01-29 00:00:00,0.0
2017-01-29 01:00:00,0.0
2017-01-29 02:00:00,0.0
2017-01-29 03:00:00,0.0
2017-01-29 04:00:00,0.0
2017-01-29 05:00:00,0.0
2017-01-29 06:00:00,40.33
2017-01-29 07:00:00,216.1
2017-01-29 08:00:00,410.58
2017-01-29 09:00:00,610.45
2017-01-29 10:00:00,742.03
2017-01-29 11:00:00,781.38
2017-01-29 12:00:00,745.6
2017-01-29 13:00:00,721.95
2017-01-29 14:00:00,596.28
2017-01-29 15:00:00,398.52
2017-01-29 16:00:00,176.43
2017-01-29 17:00:00,14.15
2017-01-29 18:00:00,0.0
2017-01-29 19:00:00,0.0
2017-01-29 20:00:00,0.0
2017-01-29 21:00:00,0.0
2017-01-29 22:00:00,0.0
2017-01-29 23:00:00,0.0
2017-01-30 00:00:00,0.0
2017-01-30 01:00:00,0.0
2017-01-30 02:00:00,0.0
2017-01-30 03:00:00,0.0
2017-01-30 04:00:00,0.0
2017-01-30 05:00:00,0.0
2017-01-30 06:00:00,36.12
2017-01-30 07:00:00,211.82
2017-01-30 08:00:00,426.38
2017-01-30 09:00:00,603.35
2017-01-30 10:00:00,752.78
2017-01-30 11:00:00,809.83
2017-01-30 12:00:00,790.95
2017-01-30 13:00:00,691.55
2017-01-30 14:00:00,575.72
2017-01-30 15:00:00,376.7
2017-01-30 16:00:00,161.55
2017-01-30 17:00:00,13.52
2017-01-30 18:00:00,0.0
2017-01-30 19:00:00,0.0
2017-01-30 20:00:00,0.0
2017-01-30 21:00:00,0.0
2017-01-30 22:00:00,0.0
2017-01-30 23:00:00,0.0
2017-01-31 00:00:00,0.0
2017-01-31 01:00:00,0.0
2017-01-31 02:00:00,0.0
2017-01-31 03:00:00,0.0
2017-01-31 04:00:00,0.0
2017-01-31 05:00:00,0.0
2017-01-31 06:00:00,37.6
2017-01-31 07:00:00,220.38
2017-01-31 08:00:00,440.85
2017-01-31 09:00:00,630.55
2017-01-31 10:00:00,769.45
2017-01-31 11:00:00,841.28
2017-01-31 12:00:00,830.72
2017-01-31 13:00:00,762.17
2017-01-31 14:00:00,592.58
2017-01-31 15:00:00,386.27
2017-01-31 16:00:00,164.15
2017-01-31 17:00:00,13.82
2017-01-31 18:00:00,0.0
2017-01-31 19:00:00,0.0
2017-01-31 20:00:00,0.0
2017-01-31 21:00:00,0.0
2017-01-31 22:00:00,0.0
2017-01-31 23:00:00,0.0
2017-02-01 00:00:00,0.0
2017-02-01 01:00:00,0.0
2017-02-01 02:00:00,0.0
2017-02-01 03:00:00,0.0
2017-02-01 04:00:00,0.0
2017-02-01 05:00:00,0.0
2017-02-01 06:00:00,39.08
2017-02-01 07:00:00,227.07
2017-02-01 08:00:00,439.48
2017-02-01 09:00:00,652.45
2017-02-01 10:00:00,640.58
2017-02-01 11:00:00,828.1
2017-02-01 12:00:00,846.6
2017-02-01 13:00:00,774.58
2017-02-01 14:00:00,624.15
2017-02-01 15:00:00,419.33
2017-02-01 16:00:00,187.88
2017-02-01 17:00:00,15.12
2017-02-01 18:00:00,0.0
2017-02-01 19:00:00,0.0
2017-02-01 20:00:00,0.0
2017-02-01 21:00:00,0.0
2017-02-01 22:00:00,0.0
2017-02-01 23:00:00,0.0
2017-02-02 00:00:00,0.0
2017-02-02 01:00:00,0.0
2017-02-02 02:00:00,0.0
2017-02-02 03:00:00,0.0
2017-02-02 04:00:00,0.0
2017-02-02 05:00:00,0.0
2017-02-02 06:00:00,39.78
2017-02-02 07:00:00,227.1
2017-02-02 08:00:00,439.95
2017-02-02 09:00:00,644.55
2017-02-02 10:00:00,765.08
2017-02-02 11:00:00,650.97
2017-02-02 12:00:00,725.8
2017-02-02 13:00:00,765.1
2017-02-02 14:00:00,620.4
2017-02-02 15:00:00,412.95
2017-02-02 16:00:00,183.57
2017-02-02 17:00:00,16.25
2017-02-02 18:00:00,0.0
2017-02-02 19:00:00,0.0
2017-02-02 20:00:00,0.0
2017-02-02 21:00:00,0.0
2017-02-02 22:00:00,0.0
2017-02-02 23:00:00,0.0
2017-02-03 00:00:00,0.0
2017-02-03 01:00:00,0.0
2017-02-03 02:00:00,0.0
2017-02-03 03:00:00,0.0
2017-02-03 04:00:00,0.0
2017-02-03 05:00:00,0.0
2017-02-03 06:00:00,38.22
2017-02-03 07:00:00,211.27
2017-02-03 08:00:00,413.73
2017-02-03 09:00:00,605.75
2017-02-03 10:00:00,752.4
2017-02-03 11:00:00,813.47
2017-02-03 12:00:00,777.53
2017-02-03 13:00:00,729.53
2017-02-03 14:00:00,548.9
2017-02-03 15:00:00,363.83
2017-02-03 16:00:00,152.57
2017-02-03 17:00:00,11.07
2017-02-03 18:00:00,0.0
2017-02-03 19:00:00,0.0
2017-02-03 20:00:00,0.0
2017-02-03 21:00:00,0.0
2017-02-03 22:00:00,0.0
2017-02-03 23:00:00,0.0
2017-02-04 00:00:00,0.0
2017-02-04 01:00:00,0.0
2017-02-04 02:00:00,0.0
2017-02-04 03:00:00,0.0
2017-02-04 04:00:00,0.0
2017-02-04 05:00:00,0.0
2017-02-04 06:00:00,33.05
2017-02-04 07:00:00,203.3
2017-02-04 08:00:00,406.4
2017-02-04 09:00:00,598.88
2017-02-04 10:00:00,755.58
2017-02-04 11:00:00,817.08
2017-02-04 12:00:00,814.2
2017-02-04 13:00:00,712.62
2017-02-04 14:00:00,564.97
2017-02-04 15:00:00,373.9
2017-02-04 16:00:00,158.95
2017-02-04 17:00:00,11.88
2017-02-04 18:00:00,0.0
2017-02-04 19:00:00,0.0
2017-02-04 20:00:00,0.0
2017-02-04 21:00:00,0.0
2017-02-04 22:00:00,0.0
2017-02-04 23:00:00,0.0
2017-02-05 00:00:00,0.0
2017-02-05 01:00:00,0.0
2017-02-05 02:00:00,0.0
2017-02-05 03:00:00,0.0
2017-02-05 04:00:00,0.0
2017-02-05 05:00:00,0.0
2017-02-05 06:00:00,34.85
2017-02-05 07:00:00,211.8
2017-02-05 08:00:00,430.75
2017-02-05 09:00:00,517.4
2017-02-05 10:00:00,795.62
2017-02-05 11:00:00,819.8
2017-02-05 12:00:00,783.45
2017-02-05 13:00:00,738.6
2017-02-05 14:00:00,593.75
2017-02-05 15:00:00,396.05
2017-02-05 16:00:00,173.93
2017-02-05 17:00:00,14.12
2017-02-05 18:00:00,0.0
2017-02-05 19:00:00,0.0
2017-02-05 20:00:00,0.0
2017-02-05 21:00:00,0.0
2017-02-05 22:00:00,0.0
2017-02-05 23:00:00,0.0
2017-02-06 00:00:00,0.0
2017-02-06 01:00:00,0.0
2017-02-06 02:00:00,0.0
2017-02-06 03:00:00,0.0
2017-02-06 04:00:00,0.0
2017-02-06 05:00:00,0.0
2017-02-06 06:00:00,28.12
2017-02-06 07:00:00,207.32
2017-02-06 08:00:00,288.05
2017-02-06 09:00:00,642.35
2017-02-06 10:00:00,739.22
2017-02-06 11:00:00,860.17
2017-02-06 12:00:00,850.5
2017-02-06 13:00:00,755.9
2017-02-06 14:00:00,619.42
2017-02-06 15:00:00,414.92
2017-02-06 16:00:00,184.8
2017-02-06 17:00:00,15.3
2017-02-06 18:00:00,0.0
2017-02-06 19:00:00,0.0
2017-02-06 20:00:00,0.0
2017-02-06 21:00:00,0.0
2017-02-06 22:00:00,0.0
2017-02-06 23:00:00,0.0
2017-02-07 00:00:00,0.0
2017-02-07 01:00:00,0.0
2017-02-07 02:00:00,0.0
2017-02-07 03:00:00,0.0
2017-02-07 04:00:00,0.0
2017-02-07 05:00:00,0.0
2017-02-07 06:00:00,29.42
2017-02-07 07:00:00,248.65
2017-02-07 08:00:00,480.73
2017-02-07 09:00:00,689.75
2017-02-07 10:00:00,827.47
2017-02-07 11:00:00,892.45
2017-02-07 12:00:00,881.38
2017-02-07 13:00:00,790.5
2017-02-07 14:00:00,630.05
2017-02-07 15:00:00,417.38
2017-02-07 16:00:00,185.12
2017-02-07 17:00:00,17.62
2017-02-07 18:00:00,0.0
2017-02-07 19:00:00,0.0
2017-02-07 20:00:00,0.0
2017-02-07 21:00:00,0.0
2017-02-07 22:00:00,0.0
2017-02-07 23:00:00,0.0
2017-02-08 00:00:00,0.0
2017-02-08 01:00:00,0.0
2017-02-08 02:00:00,0.0
2017-02-08 03:00:00,0.0
2017-02-08 04:00:00,0.0
2017-02-08 05:00:00,0.0
2017-02-08 06:00:00,30.98
2017-02-08 07:00:00,180.25
2017-02-08 08:00:00,355.08
2017-02-08 09:00:00,656.03
2017-02-08 10:00:00,815.33
2017-02-08 11:00:00,870.72
2017-02-08 12:00:00,868.1
2017-02-08 13:00:00,782.8
2017-02-08 14:00:00,638.03
2017-02-08 15:00:00,428.48
2017-02-08 16:00:00,193.48
2017-02-08 17:00:00,16.25
2017-02-08 18:00:00,0.0
2017-02-08 19:00:00,0.0
2017-02-08 20:00:00,0.0
2017-02-08 21:00:00,0.0
2017-02-08 22:00:00,0.0
2017-02-08 23:00:00,0.0
2017-02-09 00:00:00,0.0
2017-02-09 01:00:00,0.0
2017-02-09 02:00:00,0.0
2017-02-09 03:00:00,0.0
2017-02-09 04:00:00,0.0
2017-02-09 05:00:00,0.0
2017-02-09 06:00:00,41.72
2017-02-09 07:00:00,172.02
2017-02-09 08:00:00,468.12
2017-02-09 09:00:00,664.35
2017-02-09 10:00:00,782.6
2017-02-09 11:00:00,799.83
2017-02-09 12:00:00,813.17
2017-02-09 13:00:00,734.62
2017-02-09 14:00:00,614.58
2017-02-09 15:00:00,413.52
2017-02-09 16:00:00,185.57
2017-02-09 17:00:00,15.95
2017-02-09 18:00:00,0.0
2017-02-09 19:00:00,0.0
2017-02-09 20:00:00,0.0
2017-02-09 21:00:00,0.0
2017-02-09 22:00:00,0.0
2017-02-09 23:00:00,0.0
2017-02-10 00:00:00,0.0
2017-02-10 01:00:00,0.0
2017-02-10 02:00:00,0.0
2017-02-10 03:00:00,0.0
2017-02-10 04:00:00,0.0
2017-02-10 05:00:00,0.0
2017-02-10 06:00:00,32.9
2017-02-10 07:00:00,191.77
2017-02-10 08:00:00,498.12
2017-02-10 09:00:00,648.27
2017-02-10 10:00:00,826.78
2017-02-10 11:00:00,885.15
2017-02-10 12:00:00,870.12
2017-02-10 13:00:00,800.8
2017-02-10 14:00:00,649.62
2017-02-10 15:00:00,440.35
2017-02-10 16:00:00,204.7
2017-02-10 17:00:00,19.08
2017-02-10 18:00:00,0.0
2017-02-10 19:00:00,0.0
2017-02-10 20:00:00,0.0
2017-02-10 21:00:00,0.0
2017-02-10 22:00:00,0.0
2017-02-10 23:00:00,0.0
2017-02-11 00:00:00,0.0
2017-02-11 01:00:00,0.0
2017-02-11 02:00:00,0.0
2017-02-11 03:00:00,0.0
2017-02-11 04:00:00,0.0
2017-02-11 05:00:00,0.0
2017-02-11 06:00:00,52.95
2017-02-11 07:00:00,263.83
2017-02-11 08:00:00,487.98
2017-02-11 09:00:00,701.53
2017-02-11 10:00:00,846.53
2017-02-11 11:00:00,917.72
2017-02-11 12:00:00,863.7
2017-02-11 13:00:00,718.08
2017-02-11 14:00:00,631.25
2017-02-11 15:00:00,421.05
2017-02-11 16:00:00,192.6
2017-02-11 17:00:00,19.02
2017-02-11 18:00:00,0.0
2017-02-11 19:00:00,0.0
2017-02-11 20:00:00,0.0
2017-02-11 21:00:00,0.0
2017-02-11 22:00:00,0.0
2017-02-11 23:00:00,0.0
2017-02-12 00:00:00,0.0
2017-02-12 01:00:00,0.0
2017-02-12 02:00:00,0.0
2017-02-12 03:00:00,0.0
2017-02-12 04:00:00,0.0
2017-02-12 05:00:00,0.0
2017-02-12 06:00:00,40.92
2017-02-12 07:00:00,223.68
2017-02-12 08:00:00,427.8
2017-02-12 09:00:00,661.33
2017-02-12 10:00:00,802.83
2017-02-12 11:00:00,887.92
2017-02-12 12:00:00,872.9
2017-02-12 13:00:00,809.05
2017-02-12 14:00:00,615.08
2017-02-12 15:00:00,418.52
2017-02-12 16:00:00,196.2
2017-02-12 17:00:00,19.27
2017-02-12 18:00:00,0.0
2017-02-12 19:00:00,0.0
2017-02-12 20:00:00,0.0
2017-02-12 21:00:00,0.0
2017-02-12 22:00:00,0.0
2017-02-12 23:00:00,0.0
2017-02-13 00:00:00,0.0
2017-02-13 01:00:00,0.0
2017-02-13 02:00:00,0.0
2017-02-13 03:00:00,0.0
2017-02-13 04:00:00,0.0
2017-02-13 05:00:00,0.0
2017-02-13 06:00:00,48.67
2017-02-13 07:00:00,261.65
2017-02-13 08:00:00,500.17
2017-02-13 09:00:00,685.2
2017-02-13 10:00:00,819.42
2017-02-13 11:00:00,895.62
2017-02-13 12:00:00,886.85
2017-02-13 13:00:00,752.67
2017-02-13 14:00:00,557.92
2017-02-13 15:00:00,417.27
2017-02-13 16:00:00,191.77
2017-02-13 17:00:00,22.8
2017-02-13 18:00:00,0.0
2017-02-13 19:00:00,0.0
2017-02-13 20:00:00,0.0
2017-02-13 21:00:00,0.0
2017-02-13 22:00:00,0.0
2017-02-13 23:00:00,0.0
2017-02-14 00:00:00,0.0
2017-02-14 01:00:00,0.0
2017-02-14 02:00:00,0.0
2017-02-14 03:00:00,0.0
2017-02-14 04:00:00,0.0
2017-02-14 05:00:00,0.0
2017-02-14 06:00:00,48.9
2017-02-14 07:00:00,243.35
2017-02-14 08:00:00,459.62
2017-02-14 09:00:00,665.78
2017-02-14 10:00:00,757.7
2017-02-14 11:00:00,863.67
2017-02-14 12:00:00,786.83
2017-02-14 13:00:00,776.12
2017-02-14 14:00:00,634.45
2017-02-14 15:00:00,422.02
2017-02-14 16:00:00,194.48
2017-02-14 17:00:00,21.33
2017-02-14 18:00:00,0.0
2017-02-14 19:00:00,0.0
2017-02-14 20:00:00,0.0
2017-02-14 21:00:00,0.0
2017-02-14 22:00:00,0.0
2017-02-14 23:00:00,0.0
2017-02-15 00:00:00,0.0
2017-02-15 01:00:00,0.0
2017-02-15 02:00:00,0.0
2017-02-15 03:00:00,0.0
2017-02-15 04:00:00,0.0
2017-02-15 05:00:00,0.0
2017-02-15 06:00:00,48.47
2017-02-15 07:00:00,244.25
2017-02-15 08:00:00,460.67
2017-02-15 09:00:00,661.47
2017-02-15 10:00:00,791.3
2017-02-15 11:00:00,873.08
2017-02-15 12:00:00,735.75
2017-02-15 13:00:00,761.75
2017-02-15 14:00:00,620.67
2017-02-15 15:00:00,417.95
2017-02-15 16:00:00,192.5
2017-02-15 17:00:00,20.98
2017-02-15 18:00:00,0.0
2017-02-15 19:00:00,0.0
2017-02-15 20:00:00,0.0
2017-02-15 21:00:00,0.0
2017-02-15 22:00:00,0.0
2017-02-15 23:00:00,0.0
2017-02-16 00:00:00,0.0
2017-02-16 01:00:00,0.0
2017-02-16 02:00:00,0.0
2017-02-16 03:00:00,0.0
2017-02-16 04:00:00,0.0
2017-02-16 05:00:00,0.0
2017-02-16 06:00:00,49.35
2017-02-16 07:00:00,251.18
2017-02-16 08:00:00,481.55
2017-02-16 09:00:00,681.47
2017-02-16 10:00:00,813.4
2017-02-16 11:00:00,840.67
2017-02-16 12:00:00,851.08
2017-02-16 13:00:00,774.65
2017-02-16 14:00:00,621.75
2017-02-16 15:00:00,408.67
2017-02-16 16:00:00,180.8
2017-02-16 17:00:00,19.6
2017-02-16 18:00:00,0.0
2017-02-16 19:00:00,0.0
2017-02-16 20:00:00,0.0
2017-02-16 21:00:00,0.0
2017-02-16 22:00:00,0.0
2017-02-16 23:00:00,0.0
2017-02-17 00:00:00,0.0
2017-02-17 01:00:00,0.0
2017-02-17 02:00:00,0.0
2017-02-17 03:00:00,0.0
2017-02-17 04:00:00,0.0
2017-02-17 05:00:00,0.0
2017-02-17 06:00:00,50.05
2017-02-17 07:00:00,244.48
2017-02-17 08:00:00,455.58
2017-02-17 09:00:00,671.85
2017-02-17 10:00:00,666.2
2017-02-17 11:00:00,862.5
2017-02-17 12:00:00,862.05
2017-02-17 13:00:00,774.17
2017-02-17 14:00:00,637.28
2017-02-17 15:00:00,431.6
2017-02-17 16:00:00,199.35
2017-02-17 17:00:00,19.3
2017-02-17 18:00:00,0.0
2017-02-17 19:00:00,0.0
2017-02-17 20:00:00,0.0
2017-02-17 21:00:00,0.0
2017-02-17 22:00:00,0.0
2017-02-17 23:00:00,0.0
2017-02-18 00:00:00,0.0
2017-02-18 01:00:00,0.0
2017-02-18 02:00:00,0.0
2017-02-18 03:00:00,0.0
2017-02-18 04:00:00,0.0
2017-02-18 05:00:00,0.0
2017-02-18 06:00:00,49.9
2017-02-18 07:00:00,245.95
2017-02-18 08:00:00,466.95
2017-02-18 09:00:00,634.6
2017-02-18 10:00:00,786.35
2017-02-18 11:00:00,653.9
2017-02-18 12:00:00,765.78
2017-02-18 13:00:00,781.88
2017-02-18 14:00:00,592.28
2017-02-18 15:00:00,406.2
2017-02-18 16:00:00,185.5
2017-02-18 17:00:00,17.92
2017-02-18 18:00:00,0.0
2017-02-18 19:00:00,0.0
2017-02-18 20:00:00,0.0
2017-02-18 21:00:00,0.0
2017-02-18 22:00:00,0.0
2017-02-18 23:00:00,0.0
2017-02-19 00:00:00,0.0
2017-02-19 01:00:00,0.0
2017-02-19 02:00:00,0.0
2017-02-19 03:00:00,0.0
2017-02-19 04:00:00,0.0
2017-02-19 05:00:00,0.0
2017-02-19 06:00:00,54.05
2017-02-19 07:00:00,239.25
2017-02-19 08:00:00,465.05
2017-02-19 09:00:00,692.05
2017-02-19 10:00:00,758.53
2017-02-19 11:00:00,761.5
2017-02-19 12:00:00,790.47
2017-02-19 13:00:00,736.42
2017-02-19 14:00:00,597.35
2017-02-19 15:00:00,372.48
2017-02-19 16:00:00,172.1
2017-02-19 17:00:00,20.12
2017-02-19 18:00:00,0.0
2017-02-19 19:00:00,0.0
2017-02-19 20:00:00,0.0
2017-02-19 21:00:00,0.0
2017-02-19 22:00:00,0.0
2017-02-19 23:00:00,0.0
2017-02-20 00:00:00,0.0
2017-02-20 01:00:00,0.0
2017-02-20 02:00:00,0.0
2017-02-20 03:00:00,0.0
2017-02-20 04:00:00,0.0
2017-02-20 05:00:00,0.0
2017-02-20 06:00:00,53.42
2017-02-20 07:00:00,246.18
2017-02-20 08:00:00,478.8
2017-02-20 09:00:00,698.83
2017-02-20 10:00:00,822.97
2017-02-20 11:00:00,900.75
2017-02-20 12:00:00,903.75
2017-02-20 13:00:00,694.8
2017-02-20 14:00:00,663.08
2017-02-20 15:00:00,443.9
2017-02-20 16:00:00,202.75
2017-02-20 17:00:00,22.67
2017-02-20 18:00:00,0.0
2017-02-20 19:00:00,0.0
2017-02-20 20:00:00,0.0
2017-02-20 21:00:00,0.0
2017-02-20 22:00:00,0.0
2017-02-20 23:00:00,0.0
2017-02-21 00:00:00,0.0
2017-02-21 01:00:00,0.0
2017-02-21 02:00:00,0.0
2017-02-21 03:00:00,0.0
2017-02-21 04:00:00,0.0
2017-02-21 05:00:00,0.0
2017-02-21 06:00:00,53.08
2017-02-21 07:00:00,255.93
2017-02-21 08:00:00,489.8
2017-02-21 09:00:00,710.72
2017-02-21 10:00:00,855.12
2017-02-21 11:00:00,762.47
2017-02-21 12:00:00,868.53
2017-02-21 13:00:00,753.53
2017-02-21 14:00:00,628.8
2017-02-21 15:00:00,424.62
2017-02-21 16:00:00,195.93
2017-02-21 17:00:00,19.0
2017-02-21 18:00:00,0.0
2017-02-21 19:00:00,0.0
2017-02-21 20:00:00,0.0
2017-02-21 21:00:00,0.0
2017-02-21 22:00:00,0.0
2017-02-21 23:00:00,0.0
2017-02-22 00:00:00,0.0
2017-02-22 01:00:00,0.0
2017-02-22 02:00:00,0.0
2017-02-22 03:00:00,0.0
2017-02-22 04:00:00,0.0
2017-02-22 05:00:00,0.0
2017-02-22 06:00:00,59.75
2017-02-22 07:00:00,280.05
2017-02-22 08:00:00,514.05
2017-02-22 09:00:00,732.1
2017-02-22 10:00:00,874.9
2017-02-22 11:00:00,947.65
2017-02-22 12:00:00,898.97
2017-02-22 13:00:00,772.9
2017-02-22 14:00:00,661.25
2017-02-22 15:00:00,450.15
2017-02-22 16:00:00,214.05
2017-02-22 17:00:00,22.7
2017-02-22 18:00:00,0.0
2017-02-22 19:00:00,0.0
2017-02-22 20:00:00,0.0
2017-02-22 21:00:00,0.0
2017-02-22 22:00:00,0.0
2017-02-22 23:00:00,0.0
2017-02-23 00:00:00,0.0
2017-02-23 01:00:00,0.0
2017-02-23 02:00:00,0.0
2017-02-23 03:00:00,0.0
2017-02-23 04:00:00,0.0
2017-02-23 05:00:00,0.0
2017-02-23 06:00:00,68.07
2017-02-23 07:00:00,289.15
2017-02-23 08:00:00,523.1
2017-02-23 09:00:00,529.58
2017-02-23 10:00:00,838.72
2017-02-23 11:00:00,933.4
2017-02-23 12:00:00,925.0
2017-02-23 13:00:00,837.33
2017-02-23 14:00:00,678.3
2017-02-23 15:00:00,463.85
2017-02-23 16:00:00,222.05
2017-02-23 17:00:00,20.02
2017-02-23 18:00:00,0.0
2017-02-23 19:00:00,0.0
2017-02-23 20:00:00,0.0
2017-02-23 21:00:00,0.0
2017-02-23 22:00:00,0.0
2017-02-23 23:00:00,0.0
2017-02-24 00:00:00,0.0
2017-02-24 01:00:00,0.0
2017-02-24 02:00:00,0.0
2017-02-24 03:00:00,0.0
2017-02-24 04:00:00,0.0
2017-02-24 05:00:00,0.0
2017-02-24 06:00:00,68.68
2017-02-24 07:00:00,300.77
2017-02-24 08:00:00,545.08
2017-02-24 09:00:00,663.0
2017-02-24 10:00:00,882.45
2017-02-24 11:00:00,939.47
2017-02-24 12:00:00,924.38
2017-02-24 13:00:00,814.9
2017-02-24 14:00:00,588.5
2017-02-24 15:00:00,425.15
2017-02-24 16:00:00,226.82
2017-02-24 17:00:00,26.65
2017-02-24 18:00:00,0.0
2017-02-24 19:00:00,0.0
2017-02-24 20:00:00,0.0
2017-02-24 21:00:00,0.0
2017-02-24 22:00:00,0.0
2017-02-24 23:00:00,0.0
2017-02-25 00:00:00,0.0
2017-02-25 01:00:00,0.0
2017-02-25 02:00:00,0.0
2017-02-25 03:00:00,0.0
2017-02-25 04:00:00,0.0
2017-02-25 05:00:00,0.0
2017-02-25 06:00:00,55.58
2017-02-25 07:00:00,239.35
2017-02-25 08:00:00,473.4
2017-02-25 09:00:00,677.4
2017-02-25 10:00:00,716.58
2017-02-25 11:00:00,837.0
2017-02-25 12:00:00,795.97
2017-02-25 13:00:00,709.92
2017-02-25 14:00:00,665.7
2017-02-25 15:00:00,361.2
2017-02-25 16:00:00,149.02
2017-02-25 17:00:00,25.08
2017-02-25 18:00:00,0.0
2017-02-25 19:00:00,0.0
2017-02-25 20:00:00,0.0
2017-02-25 21:00:00,0.0
2017-02-25 22:00:00,0.0
2017-02-25 23:00:00,0.0
2017-02-26 00:00:00,0.0
2017-02-26 01:00:00,0.0
2017-02-26 02:00:00,0.0
2017-02-26 03:00:00,0.0
2017-02-26 04:00:00,0.0
2017-02-26 05:00:00,0.0
2017-02-26 06:00:00,52.17
2017-02-26 07:00:00,236.0
2017-02-26 08:00:00,443.7
2017-02-26 09:00:00,608.08
2017-02-26 10:00:00,763.1
2017-02-26 11:00:00,797.17
2017-02-26 12:00:00,753.85
2017-02-26 13:00:00,703.33
2017-02-26 14:00:00,553.35
2017-02-26 15:00:00,363.83
2017-02-26 16:00:00,167.27
2017-02-26 17:00:00,21.73
2017-02-26 18:00:00,0.0
2017-02-26 19:00:00,0.0
2017-02-26 20:00:00,0.0
2017-02-26 21:00:00,0.0
2017-02-26 22:00:00,0.0
2017-02-26 23:00:00,0.0
2017-02-27 00:00:00,0.0
2017-02-27 01:00:00,0.0
2017-02-27 02:00:00,0.0
2017-02-27 03:00:00,0.0
2017-02-27 04:00:00,0.0
2017-02-27 05:00:00,0.0
2017-02-27 06:00:00,50.22
2017-02-27 07:00:00,204.98
2017-02-27 08:00:00,386.4
2017-02-27 09:00:00,546.03
2017-02-27 10:00:00,725.58
2017-02-27 11:00:00,842.38
2017-02-27 12:00:00,875.62
2017-02-27 13:00:00,777.5
2017-02-27 14:00:00,605.75
2017-02-27 15:00:00,399.85
2017-02-27 16:00:00,191.95
2017-02-27 17:00:00,24.08
2017-02-27 18:00:00,0.0
2017-02-27 19:00:00,0.0
2017-02-27 20:00:00,0.0
2017-02-27 21:00:00,0.0
2017-02-27 22:00:00,0.0
2017-02-27 23:00:00,0.0
2017-02-28 00:00:00,0.0
2017-02-28 01:00:00,0.0
2017-02-28 02:00:00,0.0
2017-02-28 03:00:00,0.0
2017-02-28 04:00:00,0.0
2017-02-28 05:00:00,0.0
2017-02-28 06:00:00,70.9
2017-02-28 07:00:00,266.62
2017-02-28 08:00:00,487.17
2017-02-28 09:00:00,715.92
2017-02-28 10:00:00,871.15
2017-02-28 11:00:00,879.38
2017-02-28 12:00:00,840.2
2017-02-28 13:00:00,804.9
2017-02-28 14:00:00,636.65
2017-02-28 15:00:00,427.02
2017-02-28 16:00:00,200.07
2017-02-28 17:00:00,24.85
2017-02-28 18:00:00,0.0
2017-02-28 19:00:00,0.0
2017-02-28 20:00:00,0.0
2017-02-28 21:00:00,0.0
2017-02-28 22:00:00,0.0
2017-02-28 23:00:00,0.0
2017-03-01 00:00:00,0.0
2017-03-01 01:00:00,0.0
2017-03-01 02:00:00,0.0
2017-03-01 03:00:00,0.0
2017-03-01 04:00:00,0.0
2017-03-01 05:00:00,0.0
2017-03-01 06:00:00,63.25
2017-03-01 07:00:00,245.98
2017-03-01 08:00:00,449.5
2017-03-01 09:00:00,623.58
2017-03-01 10:00:00,784.47
2017-03-01 11:00:00,783.95
2017-03-01 12:00:00,795.58
2017-03-01 13:00:00,698.9
2017-03-01 14:00:00,578.1
2017-03-01 15:00:00,391.55
2017-03-01 16:00:00,178.88
2017-03-01 17:00:00,23.0
2017-03-01 18:00:00,0.0
2017-03-01 19:00:00,0.0
2017-03-01 20:00:00,0.0
2017-03-01 21:00:00,0.0
2017-03-01 22:00:00,0.0
2017-03-01 23:00:00,0.0
2017-03-02 00:00:00,0.0
2017-03-02 01:00:00,0.0
2017-03-02 02:00:00,0.0
2017-03-02 03:00:00,0.0
2017-03-02 04:00:00,0.0
2017-03-02 05:00:00,0.0
2017-03-02 06:00:00,64.7
2017-03-02 07:00:00,252.07
2017-03-02 08:00:00,464.12
2017-03-02 09:00:00,662.22
2017-03-02 10:00:00,758.1
2017-03-02 11:00:00,776.8
2017-03-02 12:00:00,806.33
2017-03-02 13:00:00,703.12
2017-03-02 14:00:00,528.45
2017-03-02 15:00:00,354.9
2017-03-02 16:00:00,173.45
2017-03-02 17:00:00,21.98
2017-03-02 18:00:00,0.0
2017-03-02 19:00:00,0.0
2017-03-02 20:00:00,0.0
2017-03-02 21:00:00,0.0
2017-03-02 22:00:00,0.0
2017-03-02 23:00:00,0.0
2017-03-03 00:00:00,0.0
2017-03-03 01:00:00,0.0
2017-03-03 02:00:00,0.0
2017-03-03 03:00:00,0.0
2017-03-03 04:00:00,0.0
2017-03-03 05:00:00,0.0
2017-03-03 06:00:00,75.45
2017-03-03 07:00:00,295.5
2017-03-03 08:00:00,530.03
2017-03-03 09:00:00,732.3
2017-03-03 10:00:00,809.75
2017-03-03 11:00:00,925.0
2017-03-03 12:00:00,788.9
2017-03-03 13:00:00,769.4
2017-03-03 14:00:00,655.6
2017-03-03 15:00:00,446.92
2017-03-03 16:00:00,208.48
2017-03-03 17:00:00,25.5
2017-03-03 18:00:00,0.0
2017-03-03 19:00:00,0.0
2017-03-03 20:00:00,0.0
2017-03-03 21:00:00,0.0
2017-03-03 22:00:00,0.0
2017-03-03 23:00:00,0.0
2017-03-04 00:00:00,0.0
2017-03-04 01:00:00,0.0
2017-03-04 02:00:00,0.0
2017-03-04 03:00:00,0.0
2017-03-04 04:00:00,0.0
2017-03-04 05:00:00,0.0
2017-03-04 06:00:00,65.45
2017-03-04 07:00:00,252.7
2017-03-04 08:00:00,460.98
2017-03-04 09:00:00,649.15
2017-03-04 10:00:00,756.53
2017-03-04 11:00:00,879.17
2017-03-04 12:00:00,860.35
2017-03-04 13:00:00,605.58
2017-03-04 14:00:00,628.83
2017-03-04 15:00:00,449.42
2017-03-04 16:00:00,210.85
2017-03-04 17:00:00,25.98
2017-03-04 18:00:00,0.0
2017-03-04 19:00:00,0.0
2017-03-04 20:00:00,0.0
2017-03-04 21:00:00,0.0
2017-03-04 22:00:00,0.0
2017-03-04 23:00:00,0.0
2017-03-05 00:00:00,0.0
2017-03-05 01:00:00,0.0
2017-03-05 02:00:00,0.0
2017-03-05 03:00:00,0.0
2017-03-05 04:00:00,0.0
2017-03-05 05:00:00,0.0
2017-03-05 06:00:00,59.05
2017-03-05 07:00:00,233.48
2017-03-05 08:00:00,434.12
2017-03-05 09:00:00,554.35
2017-03-05 10:00:00,698.35
2017-03-05 11:00:00,844.83
2017-03-05 12:00:00,761.72
2017-03-05 13:00:00,821.08
2017-03-05 14:00:00,527.88
2017-03-05 15:00:00,382.3
2017-03-05 16:00:00,213.95
2017-03-05 17:00:00,25.52
2017-03-05 18:00:00,0.0
2017-03-05 19:00:00,0.0
2017-03-05 20:00:00,0.0
2017-03-05 21:00:00,0.0
2017-03-05 22:00:00,0.0
2017-03-05 23:00:00,0.0
2017-03-06 00:00:00,0.0
2017-03-06 01:00:00,0.0
2017-03-06 02:00:00,0.0
2017-03-06 03:00:00,0.0
2017-03-06 04:00:00,0.0
2017-03-06 05:00:00,0.0
2017-03-06 06:00:00,81.5
2017-03-06 07:00:00,293.58
2017-03-06 08:00:00,501.73
2017-03-06 09:00:00,704.7
2017-03-06 10:00:00,802.58
2017-03-06 11:00:00,930.42
2017-03-06 12:00:00,941.85
2017-03-06 13:00:00,823.0
2017-03-06 14:00:00,693.67
2017-03-06 15:00:00,478.55
2017-03-06 16:00:00,236.0
2017-03-06 17:00:00,30.67
2017-03-06 18:00:00,0.0
2017-03-06 19:00:00,0.0
2017-03-06 20:00:00,0.0
2017-03-06 21:00:00,0.0
2017-03-06 22:00:00,0.0
2017-03-06 23:00:00,0.0
2017-03-07 00:00:00,0.0
2017-03-07 01:00:00,0.0
2017-03-07 02:00:00,0.0
2017-03-07 03:00:00,0.0
2017-03-07 04:00:00,0.0
2017-03-07 05:00:00,0.0
2017-03-07 06:00:00,76.53
2017-03-07 07:00:00,278.75
2017-03-07 08:00:00,491.98
2017-03-07 09:00:00,676.17
2017-03-07 10:00:00,800.47
2017-03-07 11:00:00,884.58
2017-03-07 12:00:00,805.05
2017-03-07 13:00:00,807.92
2017-03-07 14:00:00,654.5
2017-03-07 15:00:00,394.52
2017-03-07 16:00:00,186.05
2017-03-07 17:00:00,20.65
2017-03-07 18:00:00,0.0
2017-03-07 19:00:00,0.0
2017-03-07 20:00:00,0.0
2017-03-07 21:00:00,0.0
2017-03-07 22:00:00,0.0
2017-03-07 23:00:00,0.0
2017-03-08 00:00:00,0.0
2017-03-08 01:00:00,0.0
2017-03-08 02:00:00,0.0
2017-03-08 03:00:00,0.0
2017-03-08 04:00:00,0.0
2017-03-08 05:00:00,0.0
2017-03-08 06:00:00,56.88
2017-03-08 07:00:00,197.18
2017-03-08 08:00:00,351.08
2017-03-08 09:00:00,586.45
2017-03-08 10:00:00,743.78
2017-03-08 11:00:00,852.95
2017-03-08 12:00:00,876.08
2017-03-08 13:00:00,765.2
2017-03-08 14:00:00,641.6
2017-03-08 15:00:00,445.85
2017-03-08 16:00:00,215.8
2017-03-08 17:00:00,28.42
2017-03-08 18:00:00,0.0
2017-03-08 19:00:00,0.0
2017-03-08 20:00:00,0.0
2017-03-08 21:00:00,0.0
2017-03-08 22:00:00,0.0
2017-03-08 23:00:00,0.0
2017-03-09 00:00:00,0.0
2017-03-09 01:00:00,0.0
2017-03-09 02:00:00,0.0
2017-03-09 03:00:00,0.0
2017-03-09 04:00:00,0.0
2017-03-09 05:00:00,0.0
2017-03-09 06:00:00,75.2
2017-03-09 07:00:00,258.42
2017-03-09 08:00:00,466.2
2017-03-09 09:00:00,676.67
2017-03-09 10:00:00,822.3
2017-03-09 11:00:00,906.0
2017-03-09 12:00:00,819.35
2017-03-09 13:00:00,771.4
2017-03-09 14:00:00,635.8
2017-03-09 15:00:00,442.17
2017-03-09 16:00:00,209.77
2017-03-09 17:00:00,27.05
2017-03-09 18:00:00,0.0
2017-03-09 19:00:00,0.0
2017-03-09 20:00:00,0.0
2017-03-09 21:00:00,0.0
2017-03-09 22:00:00,0.0
2017-03-09 23:00:00,0.0
2017-03-10 00:00:00,0.0
2017-03-10 01:00:00,0.0
2017-03-10 02:00:00,0.0
2017-03-10 03:00:00,0.0
2017-03-10 04:00:00,0.0
2017-03-10 05:00:00,0.0
2017-03-10 06:00:00,77.0
2017-03-10 07:00:00,259.42
2017-03-10 08:00:00,485.3
2017-03-10 09:00:00,687.72
2017-03-10 10:00:00,835.45
2017-03-10 11:00:00,881.7
2017-03-10 12:00:00,864.88
2017-03-10 13:00:00,771.78
2017-03-10 14:00:00,626.12
2017-03-10 15:00:00,424.88
2017-03-10 16:00:00,197.7
2017-03-10 17:00:00,25.52
2017-03-10 18:00:00,0.0
2017-03-10 19:00:00,0.0
2017-03-10 20:00:00,0.0
2017-03-10 21:00:00,0.0
2017-03-10 22:00:00,0.0
2017-03-10 23:00:00,0.0
2017-03-11 00:00:00,0.0
2017-03-11 01:00:00,0.0
2017-03-11 02:00:00,0.0
2017-03-11 03:00:00,0.0
2017-03-11 04:00:00,0.0
2017-03-11 05:00:00,0.0
2017-03-11 06:00:00,72.1
2017-03-11 07:00:00,262.9
2017-03-11 08:00:00,497.1
2017-03-11 09:00:00,715.53
2017-03-11 10:00:00,804.38
2017-03-11 11:00:00,888.38
2017-03-11 12:00:00,885.47
2017-03-11 13:00:00,795.22
2017-03-11 14:00:00,610.75
2017-03-11 15:00:00,419.6
2017-03-11 16:00:00,195.23
2017-03-11 17:00:00,25.88
2017-03-11 18:00:00,0.0
2017-03-11 19:00:00,0.0
2017-03-11 20:00:00,0.0
2017-03-11 21:00:00,0.0
2017-03-11 22:00:00,0.0
2017-03-11 23:00:00,0.0
2017-03-12 00:00:00,0.0
2017-03-12 01:00:00,0.0
2017-03-12 02:00:00,0.0
2017-03-12 03:00:00,0.0
2017-03-12 04:00:00,0.0
2017-03-12 05:00:00,0.0
2017-03-12 06:00:00,90.95
2017-03-12 07:00:00,289.45
2017-03-12 08:00:00,520.9
2017-03-12 09:00:00,687.12
2017-03-12 10:00:00,864.95
2017-03-12 11:00:00,885.78
2017-03-12 12:00:00,879.6
2017-03-12 13:00:00,731.75
2017-03-12 14:00:00,625.17
2017-03-12 15:00:00,410.3
2017-03-12 16:00:00,184.32
2017-03-12 17:00:00,21.77
2017-03-12 18:00:00,0.0
2017-03-12 19:00:00,0.0
2017-03-12 20:00:00,0.0
2017-03-12 21:00:00,0.0
2017-03-12 22:00:00,0.0
2017-03-12 23:00:00,0.0
2017-03-13 00:00:00,0.0
2017-03-13 01:00:00,0.0
2017-03-13 02:00:00,0.0
2017-03-13 03:00:00,0.0
2017-03-13 04:00:00,0.0
2017-03-13 05:00:00,0.0
2017-03-13 06:00:00,94.57
2017-03-13 07:00:00,312.58
2017-03-13 08:00:00,540.83
2017-03-13 09:00:00,730.45
2017-03-13 10:00:00,825.0
2017-03-13 11:00:00,925.28
2017-03-13 12:00:00,903.83
2017-03-13 13:00:00,810.28
2017-03-13 14:00:00,655.92
2017-03-13 15:00:00,458.42
2017-03-13 16:00:00,217.5
2017-03-13 17:00:00,27.02
2017-03-13 18:00:00,0.0
2017-03-13 19:00:00,0.0
2017-03-13 20:00:00,0.0
2017-03-13 21:00:00,0.0
2017-03-13 22:00:00,0.0
2017-03-13 23:00:00,0.0
2017-03-14 00:00:00,0.0
2017-03-14 01:00:00,0.0
2017-03-14 02:00:00,0.0
2017-03-14 03:00:00,0.0
2017-03-14 04:00:00,0.0
2017-03-14 05:00:00,0.0
2017-03-14 06:00:00,84.7
2017-03-14 07:00:00,277.88
2017-03-14 08:00:00,492.17
2017-03-14 09:00:00,700.53
2017-03-14 10:00:00,819.45
2017-03-14 11:00:00,878.28
2017-03-14 12:00:00,827.5
2017-03-14 13:00:00,755.53
2017-03-14 14:00:00,555.0
2017-03-14 15:00:00,288.6
2017-03-14 16:00:00,148.8
2017-03-14 17:00:00,19.25
2017-03-14 18:00:00,0.0
2017-03-14 19:00:00,0.0
2017-03-14 20:00:00,0.0
2017-03-14 21:00:00,0.0
2017-03-14 22:00:00,0.0
2017-03-14 23:00:00,0.0
2017-03-15 00:00:00,0.0
2017-03-15 01:00:00,0.0
2017-03-15 02:00:00,0.0
2017-03-15 03:00:00,0.0
2017-03-15 04:00:00,0.0
2017-03-15 05:00:00,0.0
2017-03-15 06:00:00,101.3
2017-03-15 07:00:00,308.88
2017-03-15 08:00:00,534.05
2017-03-15 09:00:00,694.7
2017-03-15 10:00:00,821.5
2017-03-15 11:00:00,917.38
2017-03-15 12:00:00,905.3
2017-03-15 13:00:00,786.38
2017-03-15 14:00:00,573.97
2017-03-15 15:00:00,404.17
2017-03-15 16:00:00,183.15
2017-03-15 17:00:00,18.9
2017-03-15 18:00:00,0.0
2017-03-15 19:00:00,0.0
2017-03-15 20:00:00,0.0
2017-03-15 21:00:00,0.0
2017-03-15 22:00:00,0.0
2017-03-15 23:00:00,0.0
2017-03-16 00:00:00,0.0
2017-03-16 01:00:00,0.0
2017-03-16 02:00:00,0.0
2017-03-16 03:00:00,0.0
2017-03-16 04:00:00,0.0
2017-03-16 05:00:00,0.0
2017-03-16 06:00:00,84.97
2017-03-16 07:00:00,273.95
2017-03-16 08:00:00,494.92
2017-03-16 09:00:00,701.17
2017-03-16 10:00:00,834.17
2017-03-16 11:00:00,899.8
2017-03-16 12:00:00,847.25
2017-03-16 13:00:00,790.97
2017-03-16 14:00:00,625.58
2017-03-16 15:00:00,425.15
2017-03-16 16:00:00,196.6
2017-03-16 17:00:00,20.95
2017-03-16 18:00:00,0.0
2017-03-16 19:00:00,0.0
2017-03-16 20:00:00,0.0
2017-03-16 21:00:00,0.0
2017-03-16 22:00:00,0.0
2017-03-16 23:00:00,0.0
2017-03-17 00:00:00,0.0
2017-03-17 01:00:00,0.0
2017-03-17 02:00:00,0.0
2017-03-17 03:00:00,0.0
2017-03-17 04:00:00,0.0
2017-03-17 05:00:00,0.0
2017-03-17 06:00:00,86.32
2017-03-17 07:00:00,293.65
2017-03-17 08:00:00,521.0
2017-03-17 09:00:00,729.78
2017-03-17 10:00:00,842.95
2017-03-17 11:00:00,807.17
2017-03-17 12:00:00,819.45
2017-03-17 13:00:00,820.5
2017-03-17 14:00:00,663.35
2017-03-17 15:00:00,445.48
2017-03-17 16:00:00,208.38
2017-03-17 17:00:00,27.1
2017-03-17 18:00:00,0.0
2017-03-17 19:00:00,0.0
2017-03-17 20:00:00,0.0
2017-03-17 21:00:00,0.0
2017-03-17 22:00:00,0.0
2017-03-17 23:00:00,0.0
2017-03-18 00:00:00,0.0
2017-03-18 01:00:00,0.0
2017-03-18 02:00:00,0.0
2017-03-18 03:00:00,0.0
2017-03-18 04:00:00,0.0
2017-03-18 05:00:00,0.0
2017-03-18 06:00:00,98.82
2017-03-18 07:00:00,315.95
2017-03-18 08:00:00,514.53
2017-03-18 09:00:00,654.75
2017-03-18 10:00:00,809.47
2017-03-18 11:00:00,908.58
2017-03-18 12:00:00,807.28
2017-03-18 13:00:00,742.67
2017-03-18 14:00:00,615.28
2017-03-18 15:00:00,351.73
2017-03-18 16:00:00,166.2
2017-03-18 17:00:00,22.3
2017-03-18 18:00:00,0.0
2017-03-18 19:00:00,0.0
2017-03-18 20:00:00,0.0
2017-03-18 21:00:00,0.0
2017-03-18 22:00:00,0.0
2017-03-18 23:00:00,0.0
2017-03-19 00:00:00,0.0
2017-03-19 01:00:00,0.0
2017-03-19 02:00:00,0.0
2017-03-19 03:00:00,0.0
2017-03-19 04:00:00,0.0
2017-03-19 05:00:00,0.0
2017-03-19 06:00:00,93.6
2017-03-19 07:00:00,318.02
2017-03-19 08:00:00,539.47
2017-03-19 09:00:00,716.33
2017-03-19 10:00:00,871.4
2017-03-19 11:00:00,934.1
2017-03-19 12:00:00,849.1
2017-03-19 13:00:00,789.58
2017-03-19 14:00:00,641.35
2017-03-19 15:00:00,410.95
2017-03-19 16:00:00,185.25
2017-03-19 17:00:00,24.48
2017-03-19 18:00:00,0.0
2017-03-19 19:00:00,0.0
2017-03-19 20:00:00,0.0
2017-03-19 21:00:00,0.0
2017-03-19 22:00:00,0.0
2017-03-19 23:00:00,0.0
2017-03-20 00:00:00,0.0
2017-03-20 01:00:00,0.0
2017-03-20 02:00:00,0.0
2017-03-20 03:00:00,0.0
2017-03-20 04:00:00,0.0
2017-03-20 05:00:00,0.0
2017-03-20 06:00:00,93.55
2017-03-20 07:00:00,304.25
2017-03-20 08:00:00,530.67
2017-03-20 09:00:00,726.92
2017-03-20 10:00:00,844.08
2017-03-20 11:00:00,928.42
2017-03-20 12:00:00,915.5
2017-03-20 13:00:00,748.6
2017-03-20 14:00:00,650.78
2017-03-20 15:00:00,431.85
2017-03-20 16:00:00,195.5
2017-03-20 17:00:00,24.8
2017-03-20 18:00:00,0.0
2017-03-20 19:00:00,0.0
2017-03-20 20:00:00,0.0
2017-03-20 21:00:00,0.0
2017-03-20 22:00:00,0.0
2017-03-20 23:00:00,0.0
2017-03-21 00:00:00,0.0
2017-03-21 01:00:00,0.0
2017-03-21 02:00:00,0.0
2017-03-21 03:00:00,0.0
2017-03-21 04:00:00,0.0
2017-03-21 05:00:00,0.0
2017-03-21 06:00:00,97.68
2017-03-21 07:00:00,288.83
2017-03-21 08:00:00,505.58
2017-03-21 09:00:00,674.5
2017-03-21 10:00:00,876.8
2017-03-21 11:00:00,917.7
2017-03-21 12:00:00,871.83
2017-03-21 13:00:00,784.85
2017-03-21 14:00:00,621.55
2017-03-21 15:00:00,416.83
2017-03-21 16:00:00,189.15
2017-03-21 17:00:00,19.3
2017-03-21 18:00:00,0.0
2017-03-21 19:00:00,0.0
2017-03-21 20:00:00,0.0
2017-03-21 21:00:00,0.0
2017-03-21 22:00:00,0.0
2017-03-21 23:00:00,0.0
2017-03-22 00:00:00,0.0
2017-03-22 01:00:00,0.0
2017-03-22 02:00:00,0.0
2017-03-22 03:00:00,0.0
2017-03-22 04:00:00,0.0
2017-03-22 05:00:00,0.0
2017-03-22 06:00:00,104.5
2017-03-22 07:00:00,300.92
2017-03-22 08:00:00,513.92
2017-03-22 09:00:00,717.88
2017-03-22 10:00:00,872.33
2017-03-22 11:00:00,948.28
2017-03-22 12:00:00,934.5
2017-03-22 13:00:00,817.38
2017-03-22 14:00:00,626.03
2017-03-22 15:00:00,434.23
2017-03-22 16:00:00,204.2
2017-03-22 17:00:00,23.25
2017-03-22 18:00:00,0.0
2017-03-22 19:00:00,0.0
2017-03-22 20:00:00,0.0
2017-03-22 21:00:00,0.0
2017-03-22 22:00:00,0.0
2017-03-22 23:00:00,0.0
2017-03-23 00:00:00,0.0
2017-03-23 01:00:00,0.0
2017-03-23 02:00:00,0.0
2017-03-23 03:00:00,0.0
2017-03-23 04:00:00,0.0
2017-03-23 05:00:00,0.0
2017-03-23 06:00:00,130.3
2017-03-23 07:00:00,360.62
2017-03-23 08:00:00,595.88
2017-03-23 09:00:00,803.75
2017-03-23 10:00:00,781.3
2017-03-23 11:00:00,897.15
2017-03-23 12:00:00,941.05
2017-03-23 13:00:00,747.28
2017-03-23 14:00:00,633.45
2017-03-23 15:00:00,465.23
2017-03-23 16:00:00,219.07
2017-03-23 17:00:00,29.48
2017-03-23 18:00:00,0.0
2017-03-23 19:00:00,0.0
2017-03-23 20:00:00,0.0
2017-03-23 21:00:00,0.0
2017-03-23 22:00:00,0.0
2017-03-23 23:00:00,0.0
2017-03-24 00:00:00,0.0
2017-03-24 01:00:00,0.0
2017-03-24 02:00:00,0.0
2017-03-24 03:00:00,0.0
2017-03-24 04:00:00,0.0
2017-03-24 05:00:00,3.35
2017-03-24 06:00:00,120.22
2017-03-24 07:00:00,358.48
2017-03-24 08:00:00,592.92
2017-03-24 09:00:00,784.6
2017-03-24 10:00:00,890.65
2017-03-24 11:00:00,956.75
2017-03-24 12:00:00,942.7
2017-03-24 13:00:00,846.38
2017-03-24 14:00:00,684.28
2017-03-24 15:00:00,464.05
2017-03-24 16:00:00,223.88
2017-03-24 17:00:00,26.9
2017-03-24 18:00:00,0.0
2017-03-24 19:00:00,0.0
2017-03-24 20:00:00,0.0
2017-03-24 21:00:00,0.0
2017-03-24 22:00:00,0.0
2017-03-24 23:00:00,0.0
2017-03-25 00:00:00,0.0
2017-03-25 01:00:00,0.0
2017-03-25 02:00:00,0.0
2017-03-25 03:00:00,0.0
2017-03-25 04:00:00,0.0
2017-03-25 05:00:00,3.4
2017-03-25 06:00:00,118.3
2017-03-25 07:00:00,326.92
2017-03-25 08:00:00,516.42
2017-03-25 09:00:00,709.22
2017-03-25 10:00:00,924.12
2017-03-25 11:00:00,960.4
2017-03-25 12:00:00,904.05
2017-03-25 13:00:00,830.85
2017-03-25 14:00:00,660.05
2017-03-25 15:00:00,442.92
2017-03-25 16:00:00,209.32
2017-03-25 17:00:00,27.95
2017-03-25 18:00:00,0.0
2017-03-25 19:00:00,0.0
2017-03-25 20:00:00,0.0
2017-03-25 21:00:00,0.0
2017-03-25 22:00:00,0.0
2017-03-25 23:00:00,0.0
2017-03-26 00:00:00,0.0
2017-03-26 01:00:00,0.0
2017-03-26 02:00:00,0.0
2017-03-26 03:00:00,0.0
2017-03-26 04:00:00,0.0
2017-03-26 05:00:00,3.72
2017-03-26 06:00:00,120.65
2017-03-26 07:00:00,364.15
2017-03-26 08:00:00,587.58
2017-03-26 09:00:00,771.2
2017-03-26 10:00:00,920.6
2017-03-26 11:00:00,953.08
2017-03-26 12:00:00,934.17
2017-03-26 13:00:00,834.22
2017-03-26 14:00:00,668.1
2017-03-26 15:00:00,450.35
2017-03-26 16:00:00,213.88
2017-03-26 17:00:00,28.98
2017-03-26 18:00:00,0.0
2017-03-26 19:00:00,0.0
2017-03-26 20:00:00,0.0
2017-03-26 21:00:00,0.0
2017-03-26 22:00:00,0.0
2017-03-26 23:00:00,0.0
2017-03-27 00:00:00,0.0
2017-03-27 01:00:00,0.0
2017-03-27 02:00:00,0.0
2017-03-27 03:00:00,0.0
2017-03-27 04:00:00,0.0
2017-03-27 05:00:00,3.72
2017-03-27 06:00:00,115.28
2017-03-27 07:00:00,335.52
2017-03-27 08:00:00,569.12
2017-03-27 09:00:00,788.2
2017-03-27 10:00:00,921.05
2017-03-27 11:00:00,960.5
2017-03-27 12:00:00,942.7
2017-03-27 13:00:00,843.8
2017-03-27 14:00:00,675.1
2017-03-27 15:00:00,454.7
2017-03-27 16:00:00,195.5
2017-03-27 17:00:00,22.33
2017-03-27 18:00:00,0.0
2017-03-27 19:00:00,0.0
2017-03-27 20:00:00,0.0
2017-03-27 21:00:00,0.0
2017-03-27 22:00:00,0.0
2017-03-27 23:00:00,0.0
2017-03-28 00:00:00,0.0
2017-03-28 01:00:00,0.0
2017-03-28 02:00:00,0.0
2017-03-28 03:00:00,0.0
2017-03-28 04:00:00,0.0
2017-03-28 05:00:00,4.0
2017-03-28 06:00:00,109.57
2017-03-28 07:00:00,339.33
2017-03-28 08:00:00,575.42
2017-03-28 09:00:00,770.1
2017-03-28 10:00:00,761.88
2017-03-28 11:00:00,765.97
2017-03-28 12:00:00,817.92
2017-03-28 13:00:00,774.2
2017-03-28 14:00:00,625.8
2017-03-28 15:00:00,450.92
2017-03-28 16:00:00,209.23
2017-03-28 17:00:00,27.7
2017-03-28 18:00:00,0.0
2017-03-28 19:00:00,0.0
2017-03-28 20:00:00,0.0
2017-03-28 21:00:00,0.0
2017-03-28 22:00:00,0.0
2017-03-28 23:00:00,0.0
2017-03-29 00:00:00,0.0
2017-03-29 01:00:00,0.0
2017-03-29 02:00:00,0.0
2017-03-29 03:00:00,0.0
2017-03-29 04:00:00,0.0
2017-03-29 05:00:00,4.22
2017-03-29 06:00:00,111.8
2017-03-29 07:00:00,332.02
2017-03-29 08:00:00,575.62
2017-03-29 09:00:00,774.8
2017-03-29 10:00:00,929.85
2017-03-29 11:00:00,977.85
2017-03-29 12:00:00,962.2
2017-03-29 13:00:00,858.35
2017-03-29 14:00:00,640.33
2017-03-29 15:00:00,447.42
2017-03-29 16:00:00,213.88
2017-03-29 17:00:00,26.3
2017-03-29 18:00:00,0.0
2017-03-29 19:00:00,0.0
2017-03-29 20:00:00,0.0
2017-03-29 21:00:00,0.0
2017-03-29 22:00:00,0.0
2017-03-29 23:00:00,0.0
2017-03-30 00:00:00,0.0
2017-03-30 01:00:00,0.0
2017-03-30 02:00:00,0.0
2017-03-30 03:00:00,0.0
2017-03-30 04:00:00,0.0
2017-03-30 05:00:00,4.6
2017-03-30 06:00:00,125.22
2017-03-30 07:00:00,366.9
2017-03-30 08:00:00,603.53
2017-03-30 09:00:00,776.95
2017-03-30 10:00:00,791.4
2017-03-30 11:00:00,871.75
2017-03-30 12:00:00,935.75
2017-03-30 13:00:00,771.15
2017-03-30 14:00:00,651.15
2017-03-30 15:00:00,455.98
2017-03-30 16:00:00,220.8
2017-03-30 17:00:00,28.23
2017-03-30 18:00:00,0.0
2017-03-30 19:00:00,0.0
2017-03-30 20:00:00,0.0
2017-03-30 21:00:00,0.0
2017-03-30 22:00:00,0.0
2017-03-30 23:00:00,0.0
2017-03-31 00:00:00,0.0
2017-03-31 01:00:00,0.0
2017-03-31 02:00:00,0.0
2017-03-31 03:00:00,0.0
2017-03-31 04:00:00,0.0
2017-03-31 05:00:00,5.45
2017-03-31 06:00:00,130.02
2017-03-31 07:00:00,357.5
2017-03-31 08:00:00,570.3
2017-03-31 09:00:00,781.8
2017-03-31 10:00:00,888.95
2017-03-31 11:00:00,834.97
2017-03-31 12:00:00,842.2
2017-03-31 13:00:00,800.5
2017-03-31 14:00:00,640.42
2017-03-31 15:00:00,446.38
2017-03-31 16:00:00,214.75
2017-03-31 17:00:00,26.67
2017-03-31 18:00:00,0.0
2017-03-31 19:00:00,0.0
2017-03-31 20:00:00,0.0
2017-03-31 21:00:00,0.0
2017-03-31 22:00:00,0.0
2017-03-31 23:00:00,0.0
2017-04-01 00:00:00,0.0
2017-04-01 01:00:00,0.0
2017-04-01 02:00:00,0.0
2017-04-01 03:00:00,0.0
2017-04-01 04:00:00,0.0
2017-04-01 05:00:00,4.82
2017-04-01 06:00:00,118.32
2017-04-01 07:00:00,343.55
2017-04-01 08:00:00,573.97
2017-04-01 09:00:00,750.03
2017-04-01 10:00:00,787.53
2017-04-01 11:00:00,852.0
2017-04-01 12:00:00,719.1
2017-04-01 13:00:00,770.05
2017-04-01 14:00:00,618.53
2017-04-01 15:00:00,433.1
2017-04-01 16:00:00,206.38
2017-04-01 17:00:00,24.25
2017-04-01 18:00:00,0.0
2017-04-01 19:00:00,0.0
2017-04-01 20:00:00,0.0
2017-04-01 21:00:00,0.0
2017-04-01 22:00:00,0.0
2017-04-01 23:00:00,0.0
2017-04-02 00:00:00,0.0
2017-04-02 01:00:00,0.0
2017-04-02 02:00:00,0.0
2017-04-02 03:00:00,0.0
2017-04-02 04:00:00,0.0
2017-04-02 05:00:00,5.25
2017-04-02 06:00:00,113.85
2017-04-02 07:00:00,313.83
2017-04-02 08:00:00,527.38
2017-04-02 09:00:00,764.5
2017-04-02 10:00:00,898.88
2017-04-02 11:00:00,914.55
2017-04-02 12:00:00,901.85
2017-04-02 13:00:00,804.95
2017-04-02 14:00:00,646.9
2017-04-02 15:00:00,431.88
2017-04-02 16:00:00,200.68
2017-04-02 17:00:00,27.6
2017-04-02 18:00:00,0.0
2017-04-02 19:00:00,0.0
2017-04-02 20:00:00,0.0
2017-04-02 21:00:00,0.0
2017-04-02 22:00:00,0.0
2017-04-02 23:00:00,0.0
2017-04-03 00:00:00,0.0
2017-04-03 01:00:00,0.0
2017-04-03 02:00:00,0.0
2017-04-03 03:00:00,0.0
2017-04-03 04:00:00,0.0
2017-04-03 05:00:00,5.93
2017-04-03 06:00:00,121.55
2017-04-03 07:00:00,330.15
2017-04-03 08:00:00,536.65
2017-04-03 09:00:00,762.12
2017-04-03 10:00:00,848.33
2017-04-03 11:00:00,929.83
2017-04-03 12:00:00,874.62
2017-04-03 13:00:00,812.95
2017-04-03 14:00:00,644.08
2017-04-03 15:00:00,427.5
2017-04-03 16:00:00,185.65
2017-04-03 17:00:00,20.48
2017-04-03 18:00:00,0.0
2017-04-03 19:00:00,0.0
2017-04-03 20:00:00,0.0
2017-04-03 21:00:00,0.0
2017-04-03 22:00:00,0.0
2017-04-03 23:00:00,0.0
2017-04-04 00:00:00,0.0
2017-04-04 01:00:00,0.0
2017-04-04 02:00:00,0.0
2017-04-04 03:00:00,0.0
2017-04-04 04:00:00,0.0
2017-04-04 05:00:00,5.85
2017-04-04 06:00:00,110.43
2017-04-04 07:00:00,307.88
2017-04-04 08:00:00,495.12
2017-04-04 09:00:00,705.6
2017-04-04 10:00:00,796.72
2017-04-04 11:00:00,882.1
2017-04-04 12:00:00,886.35
2017-04-04 13:00:00,782.15
2017-04-04 14:00:00,607.28
2017-04-04 15:00:00,412.0
2017-04-04 16:00:00,191.62
2017-04-04 17:00:00,21.4
2017-04-04 18:00:00,0.0
2017-04-04 19:00:00,0.0
2017-04-04 20:00:00,0.0
2017-04-04 21:00:00,0.0
2017-04-04 22:00:00,0.0
2017-04-04 23:00:00,0.0
2017-04-05 00:00:00,0.0
2017-04-05 01:00:00,0.0
2017-04-05 02:00:00,0.0
2017-04-05 03:00:00,0.0
2017-04-05 04:00:00,0.0
2017-04-05 05:00:00,5.88
2017-04-05 06:00:00,111.05
2017-04-05 07:00:00,305.67
2017-04-05 08:00:00,491.88
2017-04-05 09:00:00,716.75
2017-04-05 10:00:00,820.15
2017-04-05 11:00:00,801.25
2017-04-05 12:00:00,928.03
2017-04-05 13:00:00,819.33
2017-04-05 14:00:00,653.45
2017-04-05 15:00:00,436.55
2017-04-05 16:00:00,203.48
2017-04-05 17:00:00,27.4
2017-04-05 18:00:00,0.0
2017-04-05 19:00:00,0.0
2017-04-05 20:00:00,0.0
2017-04-05 21:00:00,0.0
2017-04-05 22:00:00,0.0
2017-04-05 23:00:00,0.0
2017-04-06 00:00:00,0.0
2017-04-06 01:00:00,0.0
2017-04-06 02:00:00,0.0
2017-04-06 03:00:00,0.0
2017-04-06 04:00:00,0.0
2017-04-06 05:00:00,6.2
2017-04-06 06:00:00,113.22
2017-04-06 07:00:00,325.38
2017-04-06 08:00:00,524.35
2017-04-06 09:00:00,751.92
2017-04-06 10:00:00,891.5
2017-04-06 11:00:00,799.1
2017-04-06 12:00:00,883.03
2017-04-06 13:00:00,740.47
2017-04-06 14:00:00,616.33
2017-04-06 15:00:00,415.25
2017-04-06 16:00:00,192.5
2017-04-06 17:00:00,21.15
2017-04-06 18:00:00,0.0
2017-04-06 19:00:00,0.0
2017-04-06 20:00:00,0.0
2017-04-06 21:00:00,0.0
2017-04-06 22:00:00,0.0
2017-04-06 23:00:00,0.0
2017-04-07 00:00:00,0.0
2017-04-07 01:00:00,0.0
2017-04-07 02:00:00,0.0
2017-04-07 03:00:00,0.0
2017-04-07 04:00:00,0.0
2017-04-07 05:00:00,6.12
2017-04-07 06:00:00,109.05
2017-04-07 07:00:00,312.08
2017-04-07 08:00:00,516.38
2017-04-07 09:00:00,747.3
2017-04-07 10:00:00,857.95
2017-04-07 11:00:00,828.9
2017-04-07 12:00:00,817.38
2017-04-07 13:00:00,806.5
2017-04-07 14:00:00,616.62
2017-04-07 15:00:00,423.33
2017-04-07 16:00:00,195.73
2017-04-07 17:00:00,22.27
2017-04-07 18:00:00,0.0
2017-04-07 19:00:00,0.0
2017-04-07 20:00:00,0.0
2017-04-07 21:00:00,0.0
2017-04-07 22:00:00,0.0
2017-04-07 23:00:00,0.0
2017-04-08 00:00:00,0.0
2017-04-08 01:00:00,0.0
2017-04-08 02:00:00,0.0
2017-04-08 03:00:00,0.0
2017-04-08 04:00:00,0.0
2017-04-08 05:00:00,7.25
2017-04-08 06:00:00,130.62
2017-04-08 07:00:00,346.85
2017-04-08 08:00:00,554.15
2017-04-08 09:00:00,776.38
2017-04-08 10:00:00,762.67
2017-04-08 11:00:00,877.45
2017-04-08 12:00:00,908.9
2017-04-08 13:00:00,819.28
2017-04-08 14:00:00,646.65
2017-04-08 15:00:00,439.3
2017-04-08 16:00:00,208.77
2017-04-08 17:00:00,24.35
2017-04-08 18:00:00,0.0
2017-04-08 19:00:00,0.0
2017-04-08 20:00:00,0.0
2017-04-08 21:00:00,0.0
2017-04-08 22:00:00,0.0
2017-04-08 23:00:00,0.0
2017-04-09 00:00:00,0.0
2017-04-09 01:00:00,0.0
2017-04-09 02:00:00,0.0
2017-04-09 03:00:00,0.0
2017-04-09 04:00:00,0.0
2017-04-09 05:00:00,8.23
2017-04-09 06:00:00,137.3
2017-04-09 07:00:00,356.65
2017-04-09 08:00:00,561.55
2017-04-09 09:00:00,789.62
2017-04-09 10:00:00,790.22
2017-04-09 11:00:00,893.75
2017-04-09 12:00:00,731.75
2017-04-09 13:00:00,794.78
2017-04-09 14:00:00,652.6
2017-04-09 15:00:00,442.35
2017-04-09 16:00:00,211.23
2017-04-09 17:00:00,25.0
2017-04-09 18:00:00,0.0
2017-04-09 19:00:00,0.0
2017-04-09 20:00:00,0.0
2017-04-09 21:00:00,0.0
2017-04-09 22:00:00,0.0
2017-04-09 23:00:00,0.0
2017-04-10 00:00:00,0.0
2017-04-10 01:00:00,0.0
2017-04-10 02:00:00,0.0
2017-04-10 03:00:00,0.0
2017-04-10 04:00:00,0.0
2017-04-10 05:00:00,7.07
2017-04-10 06:00:00,113.9
2017-04-10 07:00:00,296.3
2017-04-10 08:00:00,516.25
2017-04-10 09:00:00,718.65
2017-04-10 10:00:00,882.5
2017-04-10 11:00:00,887.83
2017-04-10 12:00:00,822.42
2017-04-10 13:00:00,712.0
2017-04-10 14:00:00,583.5
2017-04-10 15:00:00,419.58
2017-04-10 16:00:00,190.25
2017-04-10 17:00:00,20.42
2017-04-10 18:00:00,0.0
2017-04-10 19:00:00,0.0
2017-04-10 20:00:00,0.0
2017-04-10 21:00:00,0.0
2017-04-10 22:00:00,0.0
2017-04-10 23:00:00,0.0
2017-04-11 00:00:00,0.0
2017-04-11 01:00:00,0.0
2017-04-11 02:00:00,0.0
2017-04-11 03:00:00,0.0
2017-04-11 04:00:00,0.0
2017-04-11 05:00:00,7.35
2017-04-11 06:00:00,120.22
2017-04-11 07:00:00,318.0
2017-04-11 08:00:00,525.15
2017-04-11 09:00:00,746.9
2017-04-11 10:00:00,871.5
2017-04-11 11:00:00,895.33
2017-04-11 12:00:00,866.75
2017-04-11 13:00:00,762.83
2017-04-11 14:00:00,595.92
2017-04-11 15:00:00,395.2
2017-04-11 16:00:00,182.68
2017-04-11 17:00:00,25.58
2017-04-11 18:00:00,0.0
2017-04-11 19:00:00,0.0
2017-04-11 20:00:00,0.0
2017-04-11 21:00:00,0.0
2017-04-11 22:00:00,0.0
2017-04-11 23:00:00,0.0
2017-04-12 00:00:00,0.0
2017-04-12 01:00:00,0.0
2017-04-12 02:00:00,0.0
2017-04-12 03:00:00,0.0
2017-04-12 04:00:00,0.0
2017-04-12 05:00:00,7.9
2017-04-12 06:00:00,125.97
2017-04-12 07:00:00,335.27
2017-04-12 08:00:00,552.8
2017-04-12 09:00:00,764.4
2017-04-12 10:00:00,843.28
2017-04-12 11:00:00,827.7
2017-04-12 12:00:00,806.53
2017-04-12 13:00:00,746.83
2017-04-12 14:00:00,603.08
2017-04-12 15:00:00,399.6
2017-04-12 16:00:00,187.12
2017-04-12 17:00:00,25.58
2017-04-12 18:00:00,0.0
2017-04-12 19:00:00,0.0
2017-04-12 20:00:00,0.0
2017-04-12 21:00:00,0.0
2017-04-12 22:00:00,0.0
2017-04-12 23:00:00,0.0
2017-04-13 00:00:00,0.0
2017-04-13 01:00:00,0.0
2017-04-13 02:00:00,0.0
2017-04-13 03:00:00,0.0
2017-04-13 04:00:00,0.0
2017-04-13 05:00:00,9.75
2017-04-13 06:00:00,138.5
2017-04-13 07:00:00,349.6
2017-04-13 08:00:00,550.1
2017-04-13 09:00:00,767.42
2017-04-13 10:00:00,815.26
2017-04-13 11:00:00,744.0
2017-04-13 12:00:00,904.67
2017-04-13 13:00:00,800.22
2017-04-13 14:00:00,614.38
2017-04-13 15:00:00,421.02
2017-04-13 16:00:00,197.85
2017-04-13 17:00:00,23.27
2017-04-13 18:00:00,0.0
2017-04-13 19:00:00,0.0
2017-04-13 20:00:00,0.0
2017-04-13 21:00:00,0.0
2017-04-13 22:00:00,0.0
2017-04-13 23:00:00,0.0
2017-04-14 00:00:00,0.0
2017-04-14 01:00:00,0.0
2017-04-14 02:00:00,0.0
2017-04-14 03:00:00,0.0
2017-04-14 04:00:00,0.0
2017-04-14 05:00:00,10.48
2017-04-14 06:00:00,117.43
2017-04-14 07:00:00,289.0
2017-04-14 08:00:00,456.48
2017-04-14 09:00:00,613.08
2017-04-14 10:00:00,670.55
2017-04-14 11:00:00,690.0
2017-04-14 12:00:00,693.7
2017-04-14 13:00:00,589.28
2017-04-14 14:00:00,499.42
2017-04-14 15:00:00,330.08
2017-04-14 16:00:00,151.82
2017-04-14 17:00:00,23.25
2017-04-14 18:00:00,0.0
2017-04-14 19:00:00,0.0
2017-04-14 20:00:00,0.0
2017-04-14 21:00:00,0.0
2017-04-14 22:00:00,0.0
2017-04-14 23:00:00,0.0
2017-04-15 00:00:00,0.0
2017-04-15 01:00:00,0.0
2017-04-15 02:00:00,0.0
2017-04-15 03:00:00,0.0
2017-04-15 04:00:00,0.0
2017-04-15 05:00:00,9.27
2017-04-15 06:00:00,128.7
2017-04-15 07:00:00,323.52
2017-04-15 08:00:00,525.0
2017-04-15 09:00:00,725.33
2017-04-15 10:00:00,810.5
2017-04-15 11:00:00,829.12
2017-04-15 12:00:00,810.4
2017-04-15 13:00:00,710.62
2017-04-15 14:00:00,592.22
2017-04-15 15:00:00,402.55
2017-04-15 16:00:00,187.02
2017-04-15 17:00:00,27.3
2017-04-15 18:00:00,0.0
2017-04-15 19:00:00,0.0
2017-04-15 20:00:00,0.0
2017-04-15 21:00:00,0.0
2017-04-15 22:00:00,0.0
2017-04-15 23:00:00,0.0
2017-04-16 00:00:00,0.0
2017-04-16 01:00:00,0.0
2017-04-16 02:00:00,0.0
2017-04-16 03:00:00,0.0
2017-04-16 04:00:00,0.0
2017-04-16 05:00:00,10.75
2017-04-16 06:00:00,143.95
2017-04-16 07:00:00,363.77
2017-04-16 08:00:00,566.15
2017-04-16 09:00:00,789.83
2017-04-16 10:00:00,896.4
2017-04-16 11:00:00,753.15
2017-04-16 12:00:00,749.97
2017-04-16 13:00:00,782.83
2017-04-16 14:00:00,576.22
2017-04-16 15:00:00,392.33
2017-04-16 16:00:00,178.75
2017-04-16 17:00:00,19.48
2017-04-16 18:00:00,0.0
2017-04-16 19:00:00,0.0
2017-04-16 20:00:00,0.0
2017-04-16 21:00:00,0.0
2017-04-16 22:00:00,0.0
2017-04-16 23:00:00,0.0
2017-04-17 00:00:00,0.0
2017-04-17 01:00:00,0.0
2017-04-17 02:00:00,0.0
2017-04-17 03:00:00,0.0
2017-04-17 04:00:00,0.0
2017-04-17 05:00:00,10.82
2017-04-17 06:00:00,136.27
2017-04-17 07:00:00,336.12
2017-04-17 08:00:00,539.22
2017-04-17 09:00:00,729.7
2017-04-17 10:00:00,765.3
2017-04-17 11:00:00,833.3
2017-04-17 12:00:00,757.95
2017-04-17 13:00:00,704.0
2017-04-17 14:00:00,555.45
2017-04-17 15:00:00,384.8
2017-04-17 16:00:00,173.8
2017-04-17 17:00:00,16.5
2017-04-17 18:00:00,0.0
2017-04-17 19:00:00,0.0
2017-04-17 20:00:00,0.0
2017-04-17 21:00:00,0.0
2017-04-17 22:00:00,0.0
2017-04-17 23:00:00,0.0
2017-04-18 00:00:00,0.0
2017-04-18 01:00:00,0.0
2017-04-18 02:00:00,0.0
2017-04-18 03:00:00,0.0
2017-04-18 04:00:00,0.0
2017-04-18 05:00:00,10.32
2017-04-18 06:00:00,134.1
2017-04-18 07:00:00,338.75
2017-04-18 08:00:00,534.85
2017-04-18 09:00:00,781.83
2017-04-18 10:00:00,847.65
2017-04-18 11:00:00,793.35
2017-04-18 12:00:00,771.8
2017-04-18 13:00:00,774.03
2017-04-18 14:00:00,579.62
2017-04-18 15:00:00,385.85
2017-04-18 16:00:00,178.7
2017-04-18 17:00:00,19.75
2017-04-18 18:00:00,0.0
2017-04-18 19:00:00,0.0
2017-04-18 20:00:00,0.0
2017-04-18 21:00:00,0.0
2017-04-18 22:00:00,0.0
2017-04-18 23:00:00,0.0
2017-04-19 00:00:00,0.0
2017-04-19 01:00:00,0.0
2017-04-19 02:00:00,0.0
2017-04-19 03:00:00,0.0
2017-04-19 04:00:00,0.0
2017-04-19 05:00:00,10.77
2017-04-19 06:00:00,132.73
2017-04-19 07:00:00,326.17
2017-04-19 08:00:00,521.33
2017-04-19 09:00:00,751.35
2017-04-19 10:00:00,833.45
2017-04-19 11:00:00,823.88
2017-04-19 12:00:00,808.03
2017-04-19 13:00:00,721.28
2017-04-19 14:00:00,589.38
2017-04-19 15:00:00,396.3
2017-04-19 16:00:00,183.27
2017-04-19 17:00:00,19.15
2017-04-19 18:00:00,0.0
2017-04-19 19:00:00,0.0
2017-04-19 20:00:00,0.0
2017-04-19 21:00:00,0.0
2017-04-19 22:00:00,0.0
2017-04-19 23:00:00,0.0
2017-04-20 00:00:00,0.0
2017-04-20 01:00:00,0.0
2017-04-20 02:00:00,0.0
2017-04-20 03:00:00,0.0
2017-04-20 04:00:00,0.0
2017-04-20 05:00:00,9.15
2017-04-20 06:00:00,111.07
2017-04-20 07:00:00,280.83
2017-04-20 08:00:00,486.98
2017-04-20 09:00:00,681.2
2017-04-20 10:00:00,778.33
2017-04-20 11:00:00,810.28
2017-04-20 12:00:00,750.8
2017-04-20 13:00:00,676.28
2017-04-20 14:00:00,475.15
2017-04-20 15:00:00,316.52
2017-04-20 16:00:00,143.88
2017-04-20 17:00:00,21.67
2017-04-20 18:00:00,0.0
2017-04-20 19:00:00,0.0
2017-04-20 20:00:00,0.0
2017-04-20 21:00:00,0.0
2017-04-20 22:00:00,0.0
2017-04-20 23:00:00,0.0
2017-04-21 00:00:00,0.0
2017-04-21 01:00:00,0.0
2017-04-21 02:00:00,0.0
2017-04-21 03:00:00,0.0
2017-04-21 04:00:00,0.0
2017-04-21 05:00:00,10.6
2017-04-21 06:00:00,115.5
2017-04-21 07:00:00,273.52
2017-04-21 08:00:00,498.95
2017-04-21 09:00:00,690.97
2017-04-21 10:00:00,810.0
2017-04-21 11:00:00,892.22
2017-04-21 12:00:00,877.92
2017-04-21 13:00:00,690.2
2017-04-21 14:00:00,607.8
2017-04-21 15:00:00,384.17
2017-04-21 16:00:00,173.75
2017-04-21 17:00:00,24.88
2017-04-21 18:00:00,0.0
2017-04-21 19:00:00,0.0
2017-04-21 20:00:00,0.0
2017-04-21 21:00:00,0.0
2017-04-21 22:00:00,0.0
2017-04-21 23:00:00,0.0
2017-04-22 00:00:00,0.0
2017-04-22 01:00:00,0.0
2017-04-22 02:00:00,0.0
2017-04-22 03:00:00,0.0
2017-04-22 04:00:00,0.0
2017-04-22 05:00:00,12.48
2017-04-22 06:00:00,138.88
2017-04-22 07:00:00,340.33
2017-04-22 08:00:00,524.33
2017-04-22 09:00:00,731.12
2017-04-22 10:00:00,806.28
2017-04-22 11:00:00,825.75
2017-04-22 12:00:00,833.0
2017-04-22 13:00:00,736.17
2017-04-22 14:00:00,582.7
2017-04-22 15:00:00,403.38
2017-04-22 16:00:00,188.55
2017-04-22 17:00:00,26.98
2017-04-22 18:00:00,0.0
2017-04-22 19:00:00,0.0
2017-04-22 20:00:00,0.0
2017-04-22 21:00:00,0.0
2017-04-22 22:00:00,0.0
2017-04-22 23:00:00,0.0
2017-04-23 00:00:00,0.0
2017-04-23 01:00:00,0.0
2017-04-23 02:00:00,0.0
2017-04-23 03:00:00,0.0
2017-04-23 04:00:00,0.0
2017-04-23 05:00:00,10.55
2017-04-23 06:00:00,130.32
2017-04-23 07:00:00,328.8
2017-04-23 08:00:00,530.05
2017-04-23 09:00:00,749.35
2017-04-23 10:00:00,864.17
2017-04-23 11:00:00,837.08
2017-04-23 12:00:00,812.6
2017-04-23 13:00:00,788.72
2017-04-23 14:00:00,588.05
2017-04-23 15:00:00,401.1
2017-04-23 16:00:00,195.7
2017-04-23 17:00:00,29.02
2017-04-23 18:00:00,0.0
2017-04-23 19:00:00,0.0
2017-04-23 20:00:00,0.0
2017-04-23 21:00:00,0.0
2017-04-23 22:00:00,0.0
2017-04-23 23:00:00,0.0
2017-04-24 00:00:00,0.0
2017-04-24 01:00:00,0.0
2017-04-24 02:00:00,0.0
2017-04-24 03:00:00,0.0
2017-04-24 04:00:00,0.0
2017-04-24 05:00:00,11.93
2017-04-24 06:00:00,130.43
2017-04-24 07:00:00,325.1
2017-04-24 08:00:00,524.15
2017-04-24 09:00:00,719.2
2017-04-24 10:00:00,871.15
2017-04-24 11:00:00,919.22
2017-04-24 12:00:00,849.55
2017-04-24 13:00:00,759.17
2017-04-24 14:00:00,586.75
2017-04-24 15:00:00,378.7
2017-04-24 16:00:00,183.12
2017-04-24 17:00:00,27.92
2017-04-24 18:00:00,0.0
2017-04-24 19:00:00,0.0
2017-04-24 20:00:00,0.0
2017-04-24 21:00:00,0.0
2017-04-24 22:00:00,0.0
2017-04-24 23:00:00,0.0
2017-04-25 00:00:00,0.0
2017-04-25 01:00:00,0.0
2017-04-25 02:00:00,0.0
2017-04-25 03:00:00,0.0
2017-04-25 04:00:00,0.0
2017-04-25 05:00:00,12.48
2017-04-25 06:00:00,123.1
2017-04-25 07:00:00,302.77
2017-04-25 08:00:00,489.52
2017-04-25 09:00:00,679.25
2017-04-25 10:00:00,844.4
2017-04-25 11:00:00,910.0
2017-04-25 12:00:00,892.6
2017-04-25 13:00:00,738.35
2017-04-25 14:00:00,636.7
2017-04-25 15:00:00,419.12
2017-04-25 16:00:00,191.12
2017-04-25 17:00:00,26.02
2017-04-25 18:00:00,0.0
2017-04-25 19:00:00,0.0
2017-04-25 20:00:00,0.0
2017-04-25 21:00:00,0.0
2017-04-25 22:00:00,0.0
2017-04-25 23:00:00,0.0
2017-04-26 00:00:00,0.0
2017-04-26 01:00:00,0.0
2017-04-26 02:00:00,0.0
2017-04-26 03:00:00,0.0
2017-04-26 04:00:00,0.0
2017-04-26 05:00:00,13.07
2017-04-26 06:00:00,134.07
2017-04-26 07:00:00,342.02
2017-04-26 08:00:00,537.95
2017-04-26 09:00:00,726.28
2017-04-26 10:00:00,867.9
2017-04-26 11:00:00,919.17
2017-04-26 12:00:00,748.05
2017-04-26 13:00:00,786.6
2017-04-26 14:00:00,635.35
2017-04-26 15:00:00,403.7
2017-04-26 16:00:00,189.62
2017-04-26 17:00:00,21.15
2017-04-26 18:00:00,0.0
2017-04-26 19:00:00,0.0
2017-04-26 20:00:00,0.0
2017-04-26 21:00:00,0.0
2017-04-26 22:00:00,0.0
2017-04-26 23:00:00,0.0
2017-04-27 00:00:00,0.0
2017-04-27 01:00:00,0.0
2017-04-27 02:00:00,0.0
2017-04-27 03:00:00,0.0
2017-04-27 04:00:00,0.0
2017-04-27 05:00:00,13.15
2017-04-27 06:00:00,144.55
2017-04-27 07:00:00,355.85
2017-04-27 08:00:00,566.0
2017-04-27 09:00:00,784.5
2017-04-27 10:00:00,814.97
2017-04-27 11:00:00,862.62
2017-04-27 12:00:00,845.4
2017-04-27 13:00:00,771.72
2017-04-27 14:00:00,619.92
2017-04-27 15:00:00,425.27
2017-04-27 16:00:00,203.32
2017-04-27 17:00:00,25.67
2017-04-27 18:00:00,0.0
2017-04-27 19:00:00,0.0
2017-04-27 20:00:00,0.0
2017-04-27 21:00:00,0.0
2017-04-27 22:00:00,0.0
2017-04-27 23:00:00,0.0
2017-04-28 00:00:00,0.0
2017-04-28 01:00:00,0.0
2017-04-28 02:00:00,0.0
2017-04-28 03:00:00,0.0
2017-04-28 04:00:00,0.0
2017-04-28 05:00:00,13.82
2017-04-28 06:00:00,140.5
2017-04-28 07:00:00,342.27
2017-04-28 08:00:00,543.85
2017-04-28 09:00:00,596.78
2017-04-28 10:00:00,826.62
2017-04-28 11:00:00,837.17
2017-04-28 12:00:00,821.97
2017-04-28 13:00:00,746.15
2017-04-28 14:00:00,602.5
2017-04-28 15:00:00,420.27
2017-04-28 16:00:00,199.35
2017-04-28 17:00:00,23.3
2017-04-28 18:00:00,0.0
2017-04-28 19:00:00,0.0
2017-04-28 20:00:00,0.0
2017-04-28 21:00:00,0.0
2017-04-28 22:00:00,0.0
2017-04-28 23:00:00,0.0
2017-04-29 00:00:00,0.0
2017-04-29 01:00:00,0.0
2017-04-29 02:00:00,0.0
2017-04-29 03:00:00,0.0
2017-04-29 04:00:00,0.0
2017-04-29 05:00:00,14.93
2017-04-29 06:00:00,148.45
2017-04-29 07:00:00,337.17
2017-04-29 08:00:00,543.58
2017-04-29 09:00:00,732.58
2017-04-29 10:00:00,817.4
2017-04-29 11:00:00,839.55
2017-04-29 12:00:00,821.5
2017-04-29 13:00:00,766.53
2017-04-29 14:00:00,601.25
2017-04-29 15:00:00,403.35
2017-04-29 16:00:00,187.95
2017-04-29 17:00:00,22.52
2017-04-29 18:00:00,0.0
2017-04-29 19:00:00,0.0
2017-04-29 20:00:00,0.0
2017-04-29 21:00:00,0.0
2017-04-29 22:00:00,0.0
2017-04-29 23:00:00,0.0
2017-04-30 00:00:00,0.0
2017-04-30 01:00:00,0.0
2017-04-30 02:00:00,0.0
2017-04-30 03:00:00,0.0
2017-04-30 04:00:00,0.0
2017-04-30 05:00:00,13.25
2017-04-30 06:00:00,129.48
2017-04-30 07:00:00,324.2
2017-04-30 08:00:00,526.25
2017-04-30 09:00:00,755.35
2017-04-30 10:00:00,755.53
2017-04-30 11:00:00,835.75
2017-04-30 12:00:00,816.25
2017-04-30 13:00:00,758.72
2017-04-30 14:00:00,608.53
2017-04-30 15:00:00,398.98
2017-04-30 16:00:00,186.8
2017-04-30 17:00:00,28.33
2017-04-30 18:00:00,0.0
2017-04-30 19:00:00,0.0
2017-04-30 20:00:00,0.0
2017-04-30 21:00:00,0.0
2017-04-30 22:00:00,0.0
2017-04-30 23:00:00,0.0
2017-05-01 00:00:00,0.0
2017-05-01 01:00:00,0.0
2017-05-01 02:00:00,0.0
2017-05-01 03:00:00,0.0
2017-05-01 04:00:00,0.0
2017-05-01 05:00:00,12.1
2017-05-01 06:00:00,125.22
2017-05-01 07:00:00,307.6
2017-05-01 08:00:00,504.17
2017-05-01 09:00:00,709.65
2017-05-01 10:00:00,879.28
2017-05-01 11:00:00,804.88
2017-05-01 12:00:00,866.53
2017-05-01 13:00:00,731.15
2017-05-01 14:00:00,594.12
2017-05-01 15:00:00,397.1
2017-05-01 16:00:00,185.73
2017-05-01 17:00:00,28.62
2017-05-01 18:00:00,0.0
2017-05-01 19:00:00,0.0
2017-05-01 20:00:00,0.0
2017-05-01 21:00:00,0.0
2017-05-01 22:00:00,0.0
2017-05-01 23:00:00,0.0
2017-05-02 00:00:00,0.0
2017-05-02 01:00:00,0.0
2017-05-02 02:00:00,0.0
2017-05-02 03:00:00,0.0
2017-05-02 04:00:00,0.0
2017-05-02 05:00:00,13.35
2017-05-02 06:00:00,127.3
2017-05-02 07:00:00,317.27
2017-05-02 08:00:00,501.83
2017-05-02 09:00:00,700.67
2017-05-02 10:00:00,832.83
2017-05-02 11:00:00,920.28
2017-05-02 12:00:00,907.35
2017-05-02 13:00:00,787.58
2017-05-02 14:00:00,588.35
2017-05-02 15:00:00,409.77
2017-05-02 16:00:00,198.8
2017-05-02 17:00:00,26.65
2017-05-02 18:00:00,0.0
2017-05-02 19:00:00,0.0
2017-05-02 20:00:00,0.0
2017-05-02 21:00:00,0.0
2017-05-02 22:00:00,0.0
2017-05-02 23:00:00,0.0
2017-05-03 00:00:00,0.0
2017-05-03 01:00:00,0.0
2017-05-03 02:00:00,0.0
2017-05-03 03:00:00,0.0
2017-05-03 04:00:00,0.0
2017-05-03 05:00:00,17.9
2017-05-03 06:00:00,166.93
2017-05-03 07:00:00,372.4
2017-05-03 08:00:00,574.22
2017-05-03 09:00:00,770.38
2017-05-03 10:00:00,891.5
2017-05-03 11:00:00,925.42
2017-05-03 12:00:00,882.88
2017-05-03 13:00:00,825.95
2017-05-03 14:00:00,669.05
2017-05-03 15:00:00,433.85
2017-05-03 16:00:00,214.43
2017-05-03 17:00:00,30.73
2017-05-03 18:00:00,0.0
2017-05-03 19:00:00,0.0
2017-05-03 20:00:00,0.0
2017-05-03 21:00:00,0.0
2017-05-03 22:00:00,0.0
2017-05-03 23:00:00,0.0
2017-05-04 00:00:00,0.0
2017-05-04 01:00:00,0.0
2017-05-04 02:00:00,0.0
2017-05-04 03:00:00,0.0
2017-05-04 04:00:00,0.0
2017-05-04 05:00:00,19.38
2017-05-04 06:00:00,173.05
2017-05-04 07:00:00,386.6
2017-05-04 08:00:00,598.62
2017-05-04 09:00:00,760.6
2017-05-04 10:00:00,913.38
2017-05-04 11:00:00,861.28
2017-05-04 12:00:00,939.4
2017-05-04 13:00:00,734.92
2017-05-04 14:00:00,596.65
2017-05-04 15:00:00,450.35
2017-05-04 16:00:00,220.9
2017-05-04 17:00:00,33.22
2017-05-04 18:00:00,0.0
2017-05-04 19:00:00,0.0
2017-05-04 20:00:00,0.0
2017-05-04 21:00:00,0.0
2017-05-04 22:00:00,0.0
2017-05-04 23:00:00,0.0
2017-05-05 00:00:00,0.0
2017-05-05 01:00:00,0.0
2017-05-05 02:00:00,0.0
2017-05-05 03:00:00,0.0
2017-05-05 04:00:00,0.0
2017-05-05 05:00:00,20.33
2017-05-05 06:00:00,182.02
2017-05-05 07:00:00,393.83
2017-05-05 08:00:00,607.2
2017-05-05 09:00:00,715.53
2017-05-05 10:00:00,913.7
2017-05-05 11:00:00,832.15
2017-05-05 12:00:00,932.7
2017-05-05 13:00:00,855.28
2017-05-05 14:00:00,607.42
2017-05-05 15:00:00,446.1
2017-05-05 16:00:00,220.38
2017-05-05 17:00:00,33.38
2017-05-05 18:00:00,0.0
2017-05-05 19:00:00,0.0
2017-05-05 20:00:00,0.0
2017-05-05 21:00:00,0.0
2017-05-05 22:00:00,0.0
2017-05-05 23:00:00,0.0
2017-05-06 00:00:00,0.0
2017-05-06 01:00:00,0.0
2017-05-06 02:00:00,0.0
2017-05-06 03:00:00,0.0
2017-05-06 04:00:00,0.0
2017-05-06 05:00:00,20.98
2017-05-06 06:00:00,188.98
2017-05-06 07:00:00,399.9
2017-05-06 08:00:00,611.65
2017-05-06 09:00:00,822.97
2017-05-06 10:00:00,921.78
2017-05-06 11:00:00,807.22
2017-05-06 12:00:00,762.3
2017-05-06 13:00:00,752.0
2017-05-06 14:00:00,597.28
2017-05-06 15:00:00,444.1
2017-05-06 16:00:00,217.52
2017-05-06 17:00:00,33.22
2017-05-06 18:00:00,0.0
2017-05-06 19:00:00,0.0
2017-05-06 20:00:00,0.0
2017-05-06 21:00:00,0.0
2017-05-06 22:00:00,0.0
2017-05-06 23:00:00,0.0
2017-05-07 00:00:00,0.0
2017-05-07 01:00:00,0.0
2017-05-07 02:00:00,0.0
2017-05-07 03:00:00,0.0
2017-05-07 04:00:00,0.0
2017-05-07 05:00:00,19.73
2017-05-07 06:00:00,168.65
2017-05-07 07:00:00,374.5
2017-05-07 08:00:00,582.85
2017-05-07 09:00:00,661.3
2017-05-07 10:00:00,874.78
2017-05-07 11:00:00,925.75
2017-05-07 12:00:00,912.2
2017-05-07 13:00:00,694.35
2017-05-07 14:00:00,642.1
2017-05-07 15:00:00,400.25
2017-05-07 16:00:00,186.73
2017-05-07 17:00:00,23.95
2017-05-07 18:00:00,0.0
2017-05-07 19:00:00,0.0
2017-05-07 20:00:00,0.0
2017-05-07 21:00:00,0.0
2017-05-07 22:00:00,0.0
2017-05-07 23:00:00,0.0
2017-05-08 00:00:00,0.0
2017-05-08 01:00:00,0.0
2017-05-08 02:00:00,0.0
2017-05-08 03:00:00,0.0
2017-05-08 04:00:00,0.0
2017-05-08 05:00:00,17.2
2017-05-08 06:00:00,154.48
2017-05-08 07:00:00,375.75
2017-05-08 08:00:00,574.67
2017-05-08 09:00:00,784.58
2017-05-08 10:00:00,915.95
2017-05-08 11:00:00,921.8
2017-05-08 12:00:00,826.08
2017-05-08 13:00:00,698.72
2017-05-08 14:00:00,530.22
2017-05-08 15:00:00,361.9
2017-05-08 16:00:00,174.45
2017-05-08 17:00:00,32.35
2017-05-08 18:00:00,0.0
2017-05-08 19:00:00,0.0
2017-05-08 20:00:00,0.0
2017-05-08 21:00:00,0.0
2017-05-08 22:00:00,0.0
2017-05-08 23:00:00,0.0
2017-05-09 00:00:00,0.0
2017-05-09 01:00:00,0.0
2017-05-09 02:00:00,0.0
2017-05-09 03:00:00,0.0
2017-05-09 04:00:00,0.0
2017-05-09 05:00:00,18.35
2017-05-09 06:00:00,161.38
2017-05-09 07:00:00,346.1
2017-05-09 08:00:00,538.22
2017-05-09 09:00:00,752.95
2017-05-09 10:00:00,865.72
2017-05-09 11:00:00,826.78
2017-05-09 12:00:00,907.28
2017-05-09 13:00:00,756.4
2017-05-09 14:00:00,610.28
2017-05-09 15:00:00,342.15
2017-05-09 16:00:00,154.27
2017-05-09 17:00:00,16.2
2017-05-09 18:00:00,0.0
2017-05-09 19:00:00,0.0
2017-05-09 20:00:00,0.0
2017-05-09 21:00:00,0.0
2017-05-09 22:00:00,0.0
2017-05-09 23:00:00,0.0
2017-05-10 00:00:00,0.0
2017-05-10 01:00:00,0.0
2017-05-10 02:00:00,0.0
2017-05-10 03:00:00,0.0
2017-05-10 04:00:00,0.0
2017-05-10 05:00:00,16.92
2017-05-10 06:00:00,111.32
2017-05-10 07:00:00,262.08
2017-05-10 08:00:00,437.4
2017-05-10 09:00:00,555.97
2017-05-10 10:00:00,834.38
2017-05-10 11:00:00,832.75
2017-05-10 12:00:00,730.8
2017-05-10 13:00:00,690.42
2017-05-10 14:00:00,547.25
2017-05-10 15:00:00,353.42
2017-05-10 16:00:00,175.82
2017-05-10 17:00:00,33.4
2017-05-10 18:00:00,0.0
2017-05-10 19:00:00,0.0
2017-05-10 20:00:00,0.0
2017-05-10 21:00:00,0.0
2017-05-10 22:00:00,0.0
2017-05-10 23:00:00,0.0
2017-05-11 00:00:00,0.0
2017-05-11 01:00:00,0.0
2017-05-11 02:00:00,0.0
2017-05-11 03:00:00,0.0
2017-05-11 04:00:00,0.0
2017-05-11 05:00:00,17.27
2017-05-11 06:00:00,128.57
2017-05-11 07:00:00,303.5
2017-05-11 08:00:00,481.75
2017-05-11 09:00:00,651.15
2017-05-11 10:00:00,770.25
2017-05-11 11:00:00,827.53
2017-05-11 12:00:00,736.9
2017-05-11 13:00:00,646.05
2017-05-11 14:00:00,486.58
2017-05-11 15:00:00,320.02
2017-05-11 16:00:00,154.9
2017-05-11 17:00:00,26.9
2017-05-11 18:00:00,0.0
2017-05-11 19:00:00,0.0
2017-05-11 20:00:00,0.0
2017-05-11 21:00:00,0.0
2017-05-11 22:00:00,0.0
2017-05-11 23:00:00,0.0
2017-05-12 00:00:00,0.0
2017-05-12 01:00:00,0.0
2017-05-12 02:00:00,0.0
2017-05-12 03:00:00,0.0
2017-05-12 04:00:00,0.0
2017-05-12 05:00:00,22.58
2017-05-12 06:00:00,178.88
2017-05-12 07:00:00,367.65
2017-05-12 08:00:00,573.6
2017-05-12 09:00:00,777.78
2017-05-12 10:00:00,895.4
2017-05-12 11:00:00,947.83
2017-05-12 12:00:00,849.08
2017-05-12 13:00:00,819.15
2017-05-12 14:00:00,660.28
2017-05-12 15:00:00,429.33
2017-05-12 16:00:00,218.25
2017-05-12 17:00:00,34.35
2017-05-12 18:00:00,0.0
2017-05-12 19:00:00,0.0
2017-05-12 20:00:00,0.0
2017-05-12 21:00:00,0.0
2017-05-12 22:00:00,0.0
2017-05-12 23:00:00,0.0
2017-05-13 00:00:00,0.0
2017-05-13 01:00:00,0.0
2017-05-13 02:00:00,0.0
2017-05-13 03:00:00,0.0
2017-05-13 04:00:00,0.0
2017-05-13 05:00:00,20.83
2017-05-13 06:00:00,166.15
2017-05-13 07:00:00,362.58
2017-05-13 08:00:00,556.83
2017-05-13 09:00:00,717.78
2017-05-13 10:00:00,838.45
2017-05-13 11:00:00,857.08
2017-05-13 12:00:00,868.4
2017-05-13 13:00:00,813.53
2017-05-13 14:00:00,654.08
2017-05-13 15:00:00,435.83
2017-05-13 16:00:00,218.95
2017-05-13 17:00:00,33.5
2017-05-13 18:00:00,0.0
2017-05-13 19:00:00,0.0
2017-05-13 20:00:00,0.0
2017-05-13 21:00:00,0.0
2017-05-13 22:00:00,0.0
2017-05-13 23:00:00,0.0
2017-05-14 00:00:00,0.0
2017-05-14 01:00:00,0.0
2017-05-14 02:00:00,0.0
2017-05-14 03:00:00,0.0
2017-05-14 04:00:00,0.0
2017-05-14 05:00:00,18.25
2017-05-14 06:00:00,145.12
2017-05-14 07:00:00,351.58
2017-05-14 08:00:00,562.38
2017-05-14 09:00:00,776.38
2017-05-14 10:00:00,820.55
2017-05-14 11:00:00,757.28
2017-05-14 12:00:00,741.62
2017-05-14 13:00:00,692.42
2017-05-14 14:00:00,580.1
2017-05-14 15:00:00,407.42
2017-05-14 16:00:00,213.9
2017-05-14 17:00:00,36.12
2017-05-14 18:00:00,0.0
2017-05-14 19:00:00,0.0
2017-05-14 20:00:00,0.0
2017-05-14 21:00:00,0.0
2017-05-14 22:00:00,0.0
2017-05-14 23:00:00,0.0
2017-05-15 00:00:00,0.0
2017-05-15 01:00:00,0.0
2017-05-15 02:00:00,0.0
2017-05-15 03:00:00,0.0
2017-05-15 04:00:00,0.0
2017-05-15 05:00:00,16.12
2017-05-15 06:00:00,131.6
2017-05-15 07:00:00,328.0
2017-05-15 08:00:00,523.53
2017-05-15 09:00:00,733.8
2017-05-15 10:00:00,820.85
2017-05-15 11:00:00,832.7
2017-05-15 12:00:00,862.38
2017-05-15 13:00:00,670.25
2017-05-15 14:00:00,607.55
2017-05-15 15:00:00,400.27
2017-05-15 16:00:00,194.88
2017-05-15 17:00:00,27.08
2017-05-15 18:00:00,0.0
2017-05-15 19:00:00,0.0
2017-05-15 20:00:00,0.0
2017-05-15 21:00:00,0.0
2017-05-15 22:00:00,0.0
2017-05-15 23:00:00,0.0
2017-05-16 00:00:00,0.0
2017-05-16 01:00:00,0.0
2017-05-16 02:00:00,0.0
2017-05-16 03:00:00,0.0
2017-05-16 04:00:00,0.0
2017-05-16 05:00:00,19.17
2017-05-16 06:00:00,152.35
2017-05-16 07:00:00,330.25
2017-05-16 08:00:00,520.95
2017-05-16 09:00:00,700.5
2017-05-16 10:00:00,822.6
2017-05-16 11:00:00,879.28
2017-05-16 12:00:00,838.95
2017-05-16 13:00:00,767.05
2017-05-16 14:00:00,600.95
2017-05-16 15:00:00,404.42
2017-05-16 16:00:00,192.55
2017-05-16 17:00:00,33.8
2017-05-16 18:00:00,0.0
2017-05-16 19:00:00,0.0
2017-05-16 20:00:00,0.0
2017-05-16 21:00:00,0.0
2017-05-16 22:00:00,0.0
2017-05-16 23:00:00,0.0
2017-05-17 00:00:00,0.0
2017-05-17 01:00:00,0.0
2017-05-17 02:00:00,0.0
2017-05-17 03:00:00,0.0
2017-05-17 04:00:00,0.0
2017-05-17 05:00:00,13.9
2017-05-17 06:00:00,93.93
2017-05-17 07:00:00,131.6
2017-05-17 08:00:00,258.5
2017-05-17 09:00:00,374.6
2017-05-17 10:00:00,556.47
2017-05-17 11:00:00,658.6
2017-05-17 12:00:00,745.45
2017-05-17 13:00:00,700.55
2017-05-17 14:00:00,551.15
2017-05-17 15:00:00,372.8
2017-05-17 16:00:00,172.85
2017-05-17 17:00:00,21.33
2017-05-17 18:00:00,0.0
2017-05-17 19:00:00,0.0
2017-05-17 20:00:00,0.0
2017-05-17 21:00:00,0.0
2017-05-17 22:00:00,0.0
2017-05-17 23:00:00,0.0
2017-05-18 00:00:00,0.0
2017-05-18 01:00:00,0.0
2017-05-18 02:00:00,0.0
2017-05-18 03:00:00,0.0
2017-05-18 04:00:00,0.0
2017-05-18 05:00:00,16.98
2017-05-18 06:00:00,126.07
2017-05-18 07:00:00,297.42
2017-05-18 08:00:00,487.25
2017-05-18 09:00:00,670.97
2017-05-18 10:00:00,790.9
2017-05-18 11:00:00,883.45
2017-05-18 12:00:00,837.12
2017-05-18 13:00:00,730.35
2017-05-18 14:00:00,564.92
2017-05-18 15:00:00,375.62
2017-05-18 16:00:00,177.23
2017-05-18 17:00:00,31.52
2017-05-18 18:00:00,0.0
2017-05-18 19:00:00,0.0
2017-05-18 20:00:00,0.0
2017-05-18 21:00:00,0.0
2017-05-18 22:00:00,0.0
2017-05-18 23:00:00,0.0
2017-05-19 00:00:00,0.0
2017-05-19 01:00:00,0.0
2017-05-19 02:00:00,0.0
2017-05-19 03:00:00,0.0
2017-05-19 04:00:00,0.0
2017-05-19 05:00:00,19.65
2017-05-19 06:00:00,151.05
2017-05-19 07:00:00,325.83
2017-05-19 08:00:00,508.65
2017-05-19 09:00:00,712.83
2017-05-19 10:00:00,778.45
2017-05-19 11:00:00,778.85
2017-05-19 12:00:00,755.9
2017-05-19 13:00:00,644.65
2017-05-19 14:00:00,502.05
2017-05-19 15:00:00,326.33
2017-05-19 16:00:00,152.8
2017-05-19 17:00:00,26.52
2017-05-19 18:00:00,0.0
2017-05-19 19:00:00,0.0
2017-05-19 20:00:00,0.0
2017-05-19 21:00:00,0.0
2017-05-19 22:00:00,0.0
2017-05-19 23:00:00,0.0
2017-05-20 00:00:00,0.0
2017-05-20 01:00:00,0.0
2017-05-20 02:00:00,0.0
2017-05-20 03:00:00,0.0
2017-05-20 04:00:00,0.0
2017-05-20 05:00:00,19.08
2017-05-20 06:00:00,142.15
2017-05-20 07:00:00,307.5
2017-05-20 08:00:00,493.8
2017-05-20 09:00:00,687.83
2017-05-20 10:00:00,797.95
2017-05-20 11:00:00,864.17
2017-05-20 12:00:00,841.9
2017-05-20 13:00:00,714.83
2017-05-20 14:00:00,585.97
2017-05-20 15:00:00,391.02
2017-05-20 16:00:00,182.05
2017-05-20 17:00:00,33.55
2017-05-20 18:00:00,0.0
2017-05-20 19:00:00,0.0
2017-05-20 20:00:00,0.0
2017-05-20 21:00:00,0.0
2017-05-20 22:00:00,0.0
2017-05-20 23:00:00,0.0
2017-05-21 00:00:00,0.0
2017-05-21 01:00:00,0.0
2017-05-21 02:00:00,0.0
2017-05-21 03:00:00,0.0
2017-05-21 04:00:00,0.0
2017-05-21 05:00:00,18.38
2017-05-21 06:00:00,130.7
2017-05-21 07:00:00,292.7
2017-05-21 08:00:00,452.67
2017-05-21 09:00:00,585.28
2017-05-21 10:00:00,693.7
2017-05-21 11:00:00,766.8
2017-05-21 12:00:00,764.15
2017-05-21 13:00:00,695.05
2017-05-21 14:00:00,541.0
2017-05-21 15:00:00,355.8
2017-05-21 16:00:00,165.55
2017-05-21 17:00:00,29.95
2017-05-21 18:00:00,0.0
2017-05-21 19:00:00,0.0
2017-05-21 20:00:00,0.0
2017-05-21 21:00:00,0.0
2017-05-21 22:00:00,0.0
2017-05-21 23:00:00,0.0
2017-05-22 00:00:00,0.0
2017-05-22 01:00:00,0.0
2017-05-22 02:00:00,0.0
2017-05-22 03:00:00,0.0
2017-05-22 04:00:00,0.0
2017-05-22 05:00:00,18.5
2017-05-22 06:00:00,135.4
2017-05-22 07:00:00,323.15
2017-05-22 08:00:00,507.83
2017-05-22 09:00:00,695.08
2017-05-22 10:00:00,817.97
2017-05-22 11:00:00,867.67
2017-05-22 12:00:00,860.9
2017-05-22 13:00:00,768.88
2017-05-22 14:00:00,582.22
2017-05-22 15:00:00,409.83
2017-05-22 16:00:00,201.77
2017-05-22 17:00:00,37.08
2017-05-22 18:00:00,0.0
2017-05-22 19:00:00,0.0
2017-05-22 20:00:00,0.0
2017-05-22 21:00:00,0.0
2017-05-22 22:00:00,0.0
2017-05-22 23:00:00,0.0
2017-05-23 00:00:00,0.0
2017-05-23 01:00:00,0.0
2017-05-23 02:00:00,0.0
2017-05-23 03:00:00,0.0
2017-05-23 04:00:00,0.0
2017-05-23 05:00:00,19.55
2017-05-23 06:00:00,147.55
2017-05-23 07:00:00,342.95
2017-05-23 08:00:00,532.53
2017-05-23 09:00:00,720.12
2017-05-23 10:00:00,841.83
2017-05-23 11:00:00,897.5
2017-05-23 12:00:00,816.15
2017-05-23 13:00:00,622.1
2017-05-23 14:00:00,481.2
2017-05-23 15:00:00,303.38
2017-05-23 16:00:00,142.25
2017-05-23 17:00:00,28.15
2017-05-23 18:00:00,0.0
2017-05-23 19:00:00,0.0
2017-05-23 20:00:00,0.0
2017-05-23 21:00:00,0.0
2017-05-23 22:00:00,0.0
2017-05-23 23:00:00,0.0
2017-05-24 00:00:00,0.0
2017-05-24 01:00:00,0.0
2017-05-24 02:00:00,0.0
2017-05-24 03:00:00,0.0
2017-05-24 04:00:00,0.0
2017-05-24 05:00:00,20.58
2017-05-24 06:00:00,144.7
2017-05-24 07:00:00,313.15
2017-05-24 08:00:00,495.75
2017-05-24 09:00:00,713.8
2017-05-24 10:00:00,817.1
2017-05-24 11:00:00,746.78
2017-05-24 12:00:00,636.53
2017-05-24 13:00:00,604.28
2017-05-24 14:00:00,468.83
2017-05-24 15:00:00,279.35
2017-05-24 16:00:00,130.55
2017-05-24 17:00:00,25.08
2017-05-24 18:00:00,0.0
2017-05-24 19:00:00,0.0
2017-05-24 20:00:00,0.0
2017-05-24 21:00:00,0.0
2017-05-24 22:00:00,0.0
2017-05-24 23:00:00,0.0
2017-05-25 00:00:00,0.0
2017-05-25 01:00:00,0.0
2017-05-25 02:00:00,0.0
2017-05-25 03:00:00,0.0
2017-05-25 04:00:00,0.0
2017-05-25 05:00:00,17.52
2017-05-25 06:00:00,115.03
2017-05-25 07:00:00,265.5
2017-05-25 08:00:00,417.42
2017-05-25 09:00:00,572.33
2017-05-25 10:00:00,668.42
2017-05-25 11:00:00,694.95
2017-05-25 12:00:00,694.47
2017-05-25 13:00:00,585.83
2017-05-25 14:00:00,461.8
2017-05-25 15:00:00,322.1
2017-05-25 16:00:00,161.15
2017-05-25 17:00:00,32.53
2017-05-25 18:00:00,0.0
2017-05-25 19:00:00,0.0
2017-05-25 20:00:00,0.0
2017-05-25 21:00:00,0.0
2017-05-25 22:00:00,0.0
2017-05-25 23:00:00,0.0
2017-05-26 00:00:00,0.0
2017-05-26 01:00:00,0.0
2017-05-26 02:00:00,0.0
2017-05-26 03:00:00,0.0
2017-05-26 04:00:00,0.0
2017-05-26 05:00:00,20.38
2017-05-26 06:00:00,138.1
2017-05-26 07:00:00,304.42
2017-05-26 08:00:00,462.2
2017-05-26 09:00:00,607.38
2017-05-26 10:00:00,674.33
2017-05-26 11:00:00,702.08
2017-05-26 12:00:00,694.55
2017-05-26 13:00:00,620.97
2017-05-26 14:00:00,490.6
2017-05-26 15:00:00,302.08
2017-05-26 16:00:00,147.35
2017-05-26 17:00:00,29.9
2017-05-26 18:00:00,0.0
2017-05-26 19:00:00,0.0
2017-05-26 20:00:00,0.0
2017-05-26 21:00:00,0.0
2017-05-26 22:00:00,0.0
2017-05-26 23:00:00,0.0
2017-05-27 00:00:00,0.0
2017-05-27 01:00:00,0.0
2017-05-27 02:00:00,0.0
2017-05-27 03:00:00,0.0
2017-05-27 04:00:00,0.0
2017-05-27 05:00:00,16.12
2017-05-27 06:00:00,124.28
2017-05-27 07:00:00,245.8
2017-05-27 08:00:00,404.95
2017-05-27 09:00:00,575.22
2017-05-27 10:00:00,672.17
2017-05-27 11:00:00,667.03
2017-05-27 12:00:00,662.65
2017-05-27 13:00:00,565.88
2017-05-27 14:00:00,315.92
2017-05-27 15:00:00,183.75
2017-05-27 16:00:00,96.47
2017-05-27 17:00:00,20.58
2017-05-27 18:00:00,0.0
2017-05-27 19:00:00,0.0
2017-05-27 20:00:00,0.0
2017-05-27 21:00:00,0.0
2017-05-27 22:00:00,0.0
2017-05-27 23:00:00,0.0
2017-05-28 00:00:00,0.0
2017-05-28 01:00:00,0.0
2017-05-28 02:00:00,0.0
2017-05-28 03:00:00,0.0
2017-05-28 04:00:00,0.0
2017-05-28 05:00:00,18.52
2017-05-28 06:00:00,109.82
2017-05-28 07:00:00,235.85
2017-05-28 08:00:00,362.98
2017-05-28 09:00:00,470.88
2017-05-28 10:00:00,566.85
2017-05-28 11:00:00,670.95
2017-05-28 12:00:00,620.17
2017-05-28 13:00:00,647.15
2017-05-28 14:00:00,533.0
2017-05-28 15:00:00,367.73
2017-05-28 16:00:00,179.18
2017-05-28 17:00:00,36.7
2017-05-28 18:00:00,0.0
2017-05-28 19:00:00,0.0
2017-05-28 20:00:00,0.0
2017-05-28 21:00:00,0.0
2017-05-28 22:00:00,0.0
2017-05-28 23:00:00,0.0
2017-05-29 00:00:00,0.0
2017-05-29 01:00:00,0.0
2017-05-29 02:00:00,0.0
2017-05-29 03:00:00,0.0
2017-05-29 04:00:00,0.0
2017-05-29 05:00:00,24.5
2017-05-29 06:00:00,170.57
2017-05-29 07:00:00,353.4
2017-05-29 08:00:00,554.22
2017-05-29 09:00:00,736.92
2017-05-29 10:00:00,820.17
2017-05-29 11:00:00,906.15
2017-05-29 12:00:00,865.1
2017-05-29 13:00:00,760.05
2017-05-29 14:00:00,594.92
2017-05-29 15:00:00,393.08
2017-05-29 16:00:00,197.57
2017-05-29 17:00:00,37.28
2017-05-29 18:00:00,0.0
2017-05-29 19:00:00,0.0
2017-05-29 20:00:00,0.0
2017-05-29 21:00:00,0.0
2017-05-29 22:00:00,0.0
2017-05-29 23:00:00,0.0
2017-05-30 00:00:00,0.0
2017-05-30 01:00:00,0.0
2017-05-30 02:00:00,0.0
2017-05-30 03:00:00,0.0
2017-05-30 04:00:00,0.0
2017-05-30 05:00:00,23.3
2017-05-30 06:00:00,152.98
2017-05-30 07:00:00,341.4
2017-05-30 08:00:00,520.35
2017-05-30 09:00:00,658.28
2017-05-30 10:00:00,753.0
2017-05-30 11:00:00,749.83
2017-05-30 12:00:00,764.15
2017-05-30 13:00:00,643.88
2017-05-30 14:00:00,521.2
2017-05-30 15:00:00,334.4
2017-05-30 16:00:00,168.27
2017-05-30 17:00:00,37.47
2017-05-30 18:00:00,0.0
2017-05-30 19:00:00,0.0
2017-05-30 20:00:00,0.0
2017-05-30 21:00:00,0.0
2017-05-30 22:00:00,0.0
2017-05-30 23:00:00,0.0
2017-05-31 00:00:00,0.0
2017-05-31 01:00:00,0.0
2017-05-31 02:00:00,0.0
2017-05-31 03:00:00,0.0
2017-05-31 04:00:00,0.0
2017-05-31 05:00:00,23.0
2017-05-31 06:00:00,146.38
2017-05-31 07:00:00,322.08
2017-05-31 08:00:00,502.6
2017-05-31 09:00:00,675.42
2017-05-31 10:00:00,766.45
2017-05-31 11:00:00,696.22
2017-05-31 12:00:00,711.38
2017-05-31 13:00:00,615.15
2017-05-31 14:00:00,569.28
2017-05-31 15:00:00,395.0
2017-05-31 16:00:00,197.82
2017-05-31 17:00:00,40.4
2017-05-31 18:00:00,0.0
2017-05-31 19:00:00,0.0
2017-05-31 20:00:00,0.0
2017-05-31 21:00:00,0.0
2017-05-31 22:00:00,0.0
2017-05-31 23:00:00,0.0
2017-06-01 00:00:00,0.0
2017-06-01 01:00:00,0.0
2017-06-01 02:00:00,0.0
2017-06-01 03:00:00,0.0
2017-06-01 04:00:00,0.0
2017-06-01 05:00:00,22.52
2017-06-01 06:00:00,170.23
2017-06-01 07:00:00,367.48
2017-06-01 08:00:00,548.38
2017-06-01 09:00:00,768.38
2017-06-01 10:00:00,787.72
2017-06-01 11:00:00,780.33
2017-06-01 12:00:00,758.0
2017-06-01 13:00:00,760.25
2017-06-01 14:00:00,609.17
2017-06-01 15:00:00,408.85
2017-06-01 16:00:00,208.77
2017-06-01 17:00:00,42.58
2017-06-01 18:00:00,0.0
2017-06-01 19:00:00,0.0
2017-06-01 20:00:00,0.0
2017-06-01 21:00:00,0.0
2017-06-01 22:00:00,0.0
2017-06-01 23:00:00,0.0
2017-06-02 00:00:00,0.0
2017-06-02 01:00:00,0.0
2017-06-02 02:00:00,0.0
2017-06-02 03:00:00,0.0
2017-06-02 04:00:00,0.0
2017-06-02 05:00:00,23.38
2017-06-02 06:00:00,171.07
2017-06-02 07:00:00,365.8
2017-06-02 08:00:00,564.03
2017-06-02 09:00:00,767.4
2017-06-02 10:00:00,834.47
2017-06-02 11:00:00,911.05
2017-06-02 12:00:00,847.15
2017-06-02 13:00:00,755.47
2017-06-02 14:00:00,618.75
2017-06-02 15:00:00,454.73
2017-06-02 16:00:00,234.82
2017-06-02 17:00:00,48.2
2017-06-02 18:00:00,0.0
2017-06-02 19:00:00,0.0
2017-06-02 20:00:00,0.0
2017-06-02 21:00:00,0.0
2017-06-02 22:00:00,0.0
2017-06-02 23:00:00,0.0
2017-06-03 00:00:00,0.0
2017-06-03 01:00:00,0.0
2017-06-03 02:00:00,0.0
2017-06-03 03:00:00,0.0
2017-06-03 04:00:00,0.0
2017-06-03 05:00:00,20.65
2017-06-03 06:00:00,157.82
2017-06-03 07:00:00,369.8
2017-06-03 08:00:00,535.9
2017-06-03 09:00:00,762.92
2017-06-03 10:00:00,826.28
2017-06-03 11:00:00,810.78
2017-06-03 12:00:00,890.42
2017-06-03 13:00:00,791.25
2017-06-03 14:00:00,579.85
2017-06-03 15:00:00,426.58
2017-06-03 16:00:00,244.25
2017-06-03 17:00:00,51.35
2017-06-03 18:00:00,0.0
2017-06-03 19:00:00,0.0
2017-06-03 20:00:00,0.0
2017-06-03 21:00:00,0.0
2017-06-03 22:00:00,0.0
2017-06-03 23:00:00,0.0
2017-06-04 00:00:00,0.0
2017-06-04 01:00:00,0.0
2017-06-04 02:00:00,0.0
2017-06-04 03:00:00,0.0
2017-06-04 04:00:00,0.0
2017-06-04 05:00:00,21.52
2017-06-04 06:00:00,167.2
2017-06-04 07:00:00,373.05
2017-06-04 08:00:00,542.2
2017-06-04 09:00:00,766.28
2017-06-04 10:00:00,877.58
2017-06-04 11:00:00,926.47
2017-06-04 12:00:00,877.67
2017-06-04 13:00:00,797.5
2017-06-04 14:00:00,640.58
2017-06-04 15:00:00,451.15
2017-06-04 16:00:00,238.02
2017-06-04 17:00:00,50.97
2017-06-04 18:00:00,0.0
2017-06-04 19:00:00,0.0
2017-06-04 20:00:00,0.0
2017-06-04 21:00:00,0.0
2017-06-04 22:00:00,0.0
2017-06-04 23:00:00,0.0
2017-06-05 00:00:00,0.0
2017-06-05 01:00:00,0.0
2017-06-05 02:00:00,0.0
2017-06-05 03:00:00,0.0
2017-06-05 04:00:00,0.0
2017-06-05 05:00:00,24.05
2017-06-05 06:00:00,161.27
2017-06-05 07:00:00,358.02
2017-06-05 08:00:00,534.47
2017-06-05 09:00:00,767.62
2017-06-05 10:00:00,862.0
2017-06-05 11:00:00,912.67
2017-06-05 12:00:00,840.78
2017-06-05 13:00:00,736.25
2017-06-05 14:00:00,577.78
2017-06-05 15:00:00,405.27
2017-06-05 16:00:00,211.15
2017-06-05 17:00:00,47.97
2017-06-05 18:00:00,0.0
2017-06-05 19:00:00,0.0
2017-06-05 20:00:00,0.0
2017-06-05 21:00:00,0.0
2017-06-05 22:00:00,0.0
2017-06-05 23:00:00,0.0
2017-06-06 00:00:00,0.0
2017-06-06 01:00:00,0.0
2017-06-06 02:00:00,0.0
2017-06-06 03:00:00,0.0
2017-06-06 04:00:00,0.0
2017-06-06 05:00:00,21.62
2017-06-06 06:00:00,156.1
2017-06-06 07:00:00,323.95
2017-06-06 08:00:00,487.62
2017-06-06 09:00:00,653.8
2017-06-06 10:00:00,778.47
2017-06-06 11:00:00,850.88
2017-06-06 12:00:00,832.0
2017-06-06 13:00:00,642.17
2017-06-06 14:00:00,426.48
2017-06-06 15:00:00,345.4
2017-06-06 16:00:00,167.52
2017-06-06 17:00:00,38.85
2017-06-06 18:00:00,0.0
2017-06-06 19:00:00,0.0
2017-06-06 20:00:00,0.0
2017-06-06 21:00:00,0.0
2017-06-06 22:00:00,0.0
2017-06-06 23:00:00,0.0
2017-06-07 00:00:00,0.0
2017-06-07 01:00:00,0.0
2017-06-07 02:00:00,0.0
2017-06-07 03:00:00,0.0
2017-06-07 04:00:00,0.0
2017-06-07 05:00:00,3.33
2017-06-07 06:00:00,45.97
2017-06-07 07:00:00,108.15
2017-06-07 08:00:00,220.18
2017-06-07 09:00:00,334.33
2017-06-07 10:00:00,389.33
2017-06-07 11:00:00,448.25
2017-06-07 12:00:00,457.5
2017-06-07 13:00:00,420.92
2017-06-07 14:00:00,314.55
2017-06-07 15:00:00,276.25
2017-06-07 16:00:00,135.15
2017-06-07 17:00:00,28.27
2017-06-07 18:00:00,0.0
2017-06-07 19:00:00,0.0
2017-06-07 20:00:00,0.0
2017-06-07 21:00:00,0.0
2017-06-07 22:00:00,0.0
2017-06-07 23:00:00,0.0
2017-06-08 00:00:00,0.0
2017-06-08 01:00:00,0.0
2017-06-08 02:00:00,0.0
2017-06-08 03:00:00,0.0
2017-06-08 04:00:00,0.0
2017-06-08 05:00:00,11.88
2017-06-08 06:00:00,96.2
2017-06-08 07:00:00,185.18
2017-06-08 08:00:00,291.42
2017-06-08 09:00:00,390.25
2017-06-08 10:00:00,449.05
2017-06-08 11:00:00,380.12
2017-06-08 12:00:00,397.4
2017-06-08 13:00:00,302.95
2017-06-08 14:00:00,287.38
2017-06-08 15:00:00,166.88
2017-06-08 16:00:00,89.18
2017-06-08 17:00:00,21.0
2017-06-08 18:00:00,0.0
2017-06-08 19:00:00,0.0
2017-06-08 20:00:00,0.0
2017-06-08 21:00:00,0.0
2017-06-08 22:00:00,0.0
2017-06-08 23:00:00,0.0
2017-06-09 00:00:00,0.0
2017-06-09 01:00:00,0.0
2017-06-09 02:00:00,0.0
2017-06-09 03:00:00,0.0
2017-06-09 04:00:00,0.0
2017-06-09 05:00:00,5.4
2017-06-09 06:00:00,51.47
2017-06-09 07:00:00,147.95
2017-06-09 08:00:00,233.43
2017-06-09 09:00:00,351.55
2017-06-09 10:00:00,400.23
2017-06-09 11:00:00,430.58
2017-06-09 12:00:00,482.67
2017-06-09 13:00:00,493.17
2017-06-09 14:00:00,388.45
2017-06-09 15:00:00,267.3
2017-06-09 16:00:00,128.95
2017-06-09 17:00:00,29.27
2017-06-09 18:00:00,0.0
2017-06-09 19:00:00,0.0
2017-06-09 20:00:00,0.0
2017-06-09 21:00:00,0.0
2017-06-09 22:00:00,0.0
2017-06-09 23:00:00,0.0
2017-06-10 00:00:00,0.0
2017-06-10 01:00:00,0.0
2017-06-10 02:00:00,0.0
2017-06-10 03:00:00,0.0
2017-06-10 04:00:00,0.0
2017-06-10 05:00:00,16.3
2017-06-10 06:00:00,124.2
2017-06-10 07:00:00,263.5
2017-06-10 08:00:00,427.45
2017-06-10 09:00:00,560.3
2017-06-10 10:00:00,660.25
2017-06-10 11:00:00,700.55
2017-06-10 12:00:00,698.9
2017-06-10 13:00:00,601.88
2017-06-10 14:00:00,413.17
2017-06-10 15:00:00,276.38
2017-06-10 16:00:00,142.7
2017-06-10 17:00:00,32.97
2017-06-10 18:00:00,0.0
2017-06-10 19:00:00,0.0
2017-06-10 20:00:00,0.0
2017-06-10 21:00:00,0.0
2017-06-10 22:00:00,0.0
2017-06-10 23:00:00,0.0
2017-06-11 00:00:00,0.0
2017-06-11 01:00:00,0.0
2017-06-11 02:00:00,0.0
2017-06-11 03:00:00,0.0
2017-06-11 04:00:00,0.0
2017-06-11 05:00:00,13.77
2017-06-11 06:00:00,100.93
2017-06-11 07:00:00,228.38
2017-06-11 08:00:00,383.85
2017-06-11 09:00:00,489.9
2017-06-11 10:00:00,604.33
2017-06-11 11:00:00,679.2
2017-06-11 12:00:00,726.42
2017-06-11 13:00:00,618.12
2017-06-11 14:00:00,408.4
2017-06-11 15:00:00,273.67
2017-06-11 16:00:00,132.6
2017-06-11 17:00:00,29.95
2017-06-11 18:00:00,0.0
2017-06-11 19:00:00,0.0
2017-06-11 20:00:00,0.0
2017-06-11 21:00:00,0.0
2017-06-11 22:00:00,0.0
2017-06-11 23:00:00,0.0
2017-06-12 00:00:00,0.0
2017-06-12 01:00:00,0.0
2017-06-12 02:00:00,0.0
2017-06-12 03:00:00,0.0
2017-06-12 04:00:00,0.0
2017-06-12 05:00:00,19.5
2017-06-12 06:00:00,140.95
2017-06-12 07:00:00,292.2
2017-06-12 08:00:00,438.98
2017-06-12 09:00:00,578.17
2017-06-12 10:00:00,694.75
2017-06-12 11:00:00,774.78
2017-06-12 12:00:00,761.25
2017-06-12 13:00:00,695.4
2017-06-12 14:00:00,463.73
2017-06-12 15:00:00,312.1
2017-06-12 16:00:00,165.35
2017-06-12 17:00:00,42.8
2017-06-12 18:00:00,0.0
2017-06-12 19:00:00,0.0
2017-06-12 20:00:00,0.0
2017-06-12 21:00:00,0.0
2017-06-12 22:00:00,0.0
2017-06-12 23:00:00,0.0
2017-06-13 00:00:00,0.0
2017-06-13 01:00:00,0.0
2017-06-13 02:00:00,0.0
2017-06-13 03:00:00,0.0
2017-06-13 04:00:00,0.0
2017-06-13 05:00:00,19.62
2017-06-13 06:00:00,141.32
2017-06-13 07:00:00,316.23
2017-06-13 08:00:00,501.95
2017-06-13 09:00:00,658.65
2017-06-13 10:00:00,748.35
2017-06-13 11:00:00,709.97
2017-06-13 12:00:00,761.55
2017-06-13 13:00:00,604.33
2017-06-13 14:00:00,511.23
2017-06-13 15:00:00,384.02
2017-06-13 16:00:00,194.2
2017-06-13 17:00:00,43.95
2017-06-13 18:00:00,0.0
2017-06-13 19:00:00,0.0
2017-06-13 20:00:00,0.0
2017-06-13 21:00:00,0.0
2017-06-13 22:00:00,0.0
2017-06-13 23:00:00,0.0
2017-06-14 00:00:00,0.0
2017-06-14 01:00:00,0.0
2017-06-14 02:00:00,0.0
2017-06-14 03:00:00,0.0
2017-06-14 04:00:00,0.0
2017-06-14 05:00:00,20.95
2017-06-14 06:00:00,149.85
2017-06-14 07:00:00,333.1
2017-06-14 08:00:00,502.0
2017-06-14 09:00:00,649.25
2017-06-14 10:00:00,738.33
2017-06-14 11:00:00,789.33
2017-06-14 12:00:00,855.53
2017-06-14 13:00:00,741.38
2017-06-14 14:00:00,595.9
2017-06-14 15:00:00,380.9
2017-06-14 16:00:00,205.98
2017-06-14 17:00:00,46.22
2017-06-14 18:00:00,0.0
2017-06-14 19:00:00,0.0
2017-06-14 20:00:00,0.0
2017-06-14 21:00:00,0.0
2017-06-14 22:00:00,0.0
2017-06-14 23:00:00,0.0
2017-06-15 00:00:00,0.0
2017-06-15 01:00:00,0.0
2017-06-15 02:00:00,0.0
2017-06-15 03:00:00,0.0
2017-06-15 04:00:00,0.0
2017-06-15 05:00:00,13.85
2017-06-15 06:00:00,91.45
2017-06-15 07:00:00,206.4
2017-06-15 08:00:00,304.05
2017-06-15 09:00:00,367.7
2017-06-15 10:00:00,419.9
2017-06-15 11:00:00,443.7
2017-06-15 12:00:00,464.7
2017-06-15 13:00:00,367.45
2017-06-15 14:00:00,318.52
2017-06-15 15:00:00,236.73
2017-06-15 16:00:00,122.03
2017-06-15 17:00:00,27.12
2017-06-15 18:00:00,0.0
2017-06-15 19:00:00,0.0
2017-06-15 20:00:00,0.0
2017-06-15 21:00:00,0.0
2017-06-15 22:00:00,0.0
2017-06-15 23:00:00,0.0
2017-06-16 00:00:00,0.0
2017-06-16 01:00:00,0.0
2017-06-16 02:00:00,0.0
2017-06-16 03:00:00,0.0
2017-06-16 04:00:00,0.0
2017-06-16 05:00:00,5.07
2017-06-16 06:00:00,32.5
2017-06-16 07:00:00,70.43
2017-06-16 08:00:00,107.5
2017-06-16 09:00:00,172.82
2017-06-16 10:00:00,343.48
2017-06-16 11:00:00,515.1
2017-06-16 12:00:00,525.47
2017-06-16 13:00:00,486.3
2017-06-16 14:00:00,499.73
2017-06-16 15:00:00,345.05
2017-06-16 16:00:00,166.8
2017-06-16 17:00:00,42.1
2017-06-16 18:00:00,0.0
2017-06-16 19:00:00,0.0
2017-06-16 20:00:00,0.0
2017-06-16 21:00:00,0.0
2017-06-16 22:00:00,0.0
2017-06-16 23:00:00,0.0
2017-06-17 00:00:00,0.0
2017-06-17 01:00:00,0.0
2017-06-17 02:00:00,0.0
2017-06-17 03:00:00,0.0
2017-06-17 04:00:00,0.0
2017-06-17 05:00:00,17.3
2017-06-17 06:00:00,137.12
2017-06-17 07:00:00,309.1
2017-06-17 08:00:00,486.38
2017-06-17 09:00:00,616.45
2017-06-17 10:00:00,807.22
2017-06-17 11:00:00,872.0
2017-06-17 12:00:00,849.0
2017-06-17 13:00:00,780.65
2017-06-17 14:00:00,603.38
2017-06-17 15:00:00,429.25
2017-06-17 16:00:00,223.75
2017-06-17 17:00:00,52.03
2017-06-17 18:00:00,0.0
2017-06-17 19:00:00,0.0
2017-06-17 20:00:00,0.0
2017-06-17 21:00:00,0.0
2017-06-17 22:00:00,0.0
2017-06-17 23:00:00,0.0
2017-06-18 00:00:00,0.0
2017-06-18 01:00:00,0.0
2017-06-18 02:00:00,0.0
2017-06-18 03:00:00,0.0
2017-06-18 04:00:00,0.0
2017-06-18 05:00:00,18.92
2017-06-18 06:00:00,105.9
2017-06-18 07:00:00,171.07
2017-06-18 08:00:00,284.67
2017-06-18 09:00:00,300.2
2017-06-18 10:00:00,479.85
2017-06-18 11:00:00,462.67
2017-06-18 12:00:00,423.6
2017-06-18 13:00:00,573.53
2017-06-18 14:00:00,413.77
2017-06-18 15:00:00,279.3
2017-06-18 16:00:00,150.1
2017-06-18 17:00:00,37.67
2017-06-18 18:00:00,0.0
2017-06-18 19:00:00,0.0
2017-06-18 20:00:00,0.0
2017-06-18 21:00:00,0.0
2017-06-18 22:00:00,0.0
2017-06-18 23:00:00,0.0
2017-06-19 00:00:00,0.0
2017-06-19 01:00:00,0.0
2017-06-19 02:00:00,0.0
2017-06-19 03:00:00,0.0
2017-06-19 04:00:00,0.0
2017-06-19 05:00:00,5.35
2017-06-19 06:00:00,93.45
2017-06-19 07:00:00,95.53
2017-06-19 08:00:00,176.68
2017-06-19 09:00:00,338.8
2017-06-19 10:00:00,329.95
2017-06-19 11:00:00,346.38
2017-06-19 12:00:00,493.35
2017-06-19 13:00:00,558.65
2017-06-19 14:00:00,555.15
2017-06-19 15:00:00,330.45
2017-06-19 16:00:00,154.35
2017-06-19 17:00:00,34.88
2017-06-19 18:00:00,0.0
2017-06-19 19:00:00,0.0
2017-06-19 20:00:00,0.0
2017-06-19 21:00:00,0.0
2017-06-19 22:00:00,0.0
2017-06-19 23:00:00,0.0
2017-06-20 00:00:00,0.0
2017-06-20 01:00:00,0.0
2017-06-20 02:00:00,0.0
2017-06-20 03:00:00,0.0
2017-06-20 04:00:00,0.0
2017-06-20 05:00:00,7.82
2017-06-20 06:00:00,61.72
2017-06-20 07:00:00,127.25
2017-06-20 08:00:00,180.12
2017-06-20 09:00:00,289.7
2017-06-20 10:00:00,372.6
2017-06-20 11:00:00,357.4
2017-06-20 12:00:00,386.38
2017-06-20 13:00:00,427.95
2017-06-20 14:00:00,294.67
2017-06-20 15:00:00,176.18
2017-06-20 16:00:00,105.2
2017-06-20 17:00:00,23.38
2017-06-20 18:00:00,0.0
2017-06-20 19:00:00,0.0
2017-06-20 20:00:00,0.0
2017-06-20 21:00:00,0.0
2017-06-20 22:00:00,0.0
2017-06-20 23:00:00,0.0
2017-06-21 00:00:00,0.0
2017-06-21 01:00:00,0.0
2017-06-21 02:00:00,0.0
2017-06-21 03:00:00,0.0
2017-06-21 04:00:00,0.0
2017-06-21 05:00:00,19.5
2017-06-21 06:00:00,157.18
2017-06-21 07:00:00,333.95
2017-06-21 08:00:00,505.48
2017-06-21 09:00:00,669.78
2017-06-21 10:00:00,803.67
2017-06-21 11:00:00,912.55
2017-06-21 12:00:00,851.4
2017-06-21 13:00:00,695.8
2017-06-21 14:00:00,453.98
2017-06-21 15:00:00,286.95
2017-06-21 16:00:00,153.38
2017-06-21 17:00:00,34.85
2017-06-21 18:00:00,0.0
2017-06-21 19:00:00,0.0
2017-06-21 20:00:00,0.0
2017-06-21 21:00:00,0.0
2017-06-21 22:00:00,0.0
2017-06-21 23:00:00,0.0
2017-06-22 00:00:00,0.0
2017-06-22 01:00:00,0.0
2017-06-22 02:00:00,0.0
2017-06-22 03:00:00,0.0
2017-06-22 04:00:00,0.0
2017-06-22 05:00:00,16.27
2017-06-22 06:00:00,148.5
2017-06-22 07:00:00,291.9
2017-06-22 08:00:00,455.75
2017-06-22 09:00:00,570.83
2017-06-22 10:00:00,751.08
2017-06-22 11:00:00,830.92
2017-06-22 12:00:00,761.28
2017-06-22 13:00:00,712.5
2017-06-22 14:00:00,509.6
2017-06-22 15:00:00,311.58
2017-06-22 16:00:00,175.32
2017-06-22 17:00:00,40.65
2017-06-22 18:00:00,0.0
2017-06-22 19:00:00,0.0
2017-06-22 20:00:00,0.0
2017-06-22 21:00:00,0.0
2017-06-22 22:00:00,0.0
2017-06-22 23:00:00,0.0
2017-06-23 00:00:00,0.0
2017-06-23 01:00:00,0.0
2017-06-23 02:00:00,0.0
2017-06-23 03:00:00,0.0
2017-06-23 04:00:00,0.0
2017-06-23 05:00:00,18.4
2017-06-23 06:00:00,145.9
2017-06-23 07:00:00,345.42
2017-06-23 08:00:00,553.3
2017-06-23 09:00:00,727.25
2017-06-23 10:00:00,857.85
2017-06-23 11:00:00,822.03
2017-06-23 12:00:00,770.55
2017-06-23 13:00:00,665.65
2017-06-23 14:00:00,509.4
2017-06-23 15:00:00,313.73
2017-06-23 16:00:00,160.88
2017-06-23 17:00:00,43.47
2017-06-23 18:00:00,0.0
2017-06-23 19:00:00,0.0
2017-06-23 20:00:00,0.0
2017-06-23 21:00:00,0.0
2017-06-23 22:00:00,0.0
2017-06-23 23:00:00,0.0
2017-06-24 00:00:00,0.0
2017-06-24 01:00:00,0.0
2017-06-24 02:00:00,0.0
2017-06-24 03:00:00,0.0
2017-06-24 04:00:00,0.0
2017-06-24 05:00:00,6.9
2017-06-24 06:00:00,116.75
2017-06-24 07:00:00,239.8
2017-06-24 08:00:00,370.15
2017-06-24 09:00:00,401.52
2017-06-24 10:00:00,564.55
2017-06-24 11:00:00,558.8
2017-06-24 12:00:00,554.2
2017-06-24 13:00:00,522.47
2017-06-24 14:00:00,356.1
2017-06-24 15:00:00,309.92
2017-06-24 16:00:00,154.93
2017-06-24 17:00:00,36.55
2017-06-24 18:00:00,0.0
2017-06-24 19:00:00,0.0
2017-06-24 20:00:00,0.0
2017-06-24 21:00:00,0.0
2017-06-24 22:00:00,0.0
2017-06-24 23:00:00,0.0
2017-06-25 00:00:00,0.0
2017-06-25 01:00:00,0.0
2017-06-25 02:00:00,0.0
2017-06-25 03:00:00,0.0
2017-06-25 04:00:00,0.0
2017-06-25 05:00:00,13.68
2017-06-25 06:00:00,108.03
2017-06-25 07:00:00,240.05
2017-06-25 08:00:00,377.98
2017-06-25 09:00:00,499.8
2017-06-25 10:00:00,613.6
2017-06-25 11:00:00,688.08
2017-06-25 12:00:00,682.22
2017-06-25 13:00:00,587.85
2017-06-25 14:00:00,411.62
2017-06-25 15:00:00,316.6
2017-06-25 16:00:00,156.98
2017-06-25 17:00:00,35.08
2017-06-25 18:00:00,0.0
2017-06-25 19:00:00,0.0
2017-06-25 20:00:00,0.0
2017-06-25 21:00:00,0.0
2017-06-25 22:00:00,0.0
2017-06-25 23:00:00,0.0
2017-06-26 00:00:00,0.0
2017-06-26 01:00:00,0.0
2017-06-26 02:00:00,0.0
2017-06-26 03:00:00,0.0
2017-06-26 04:00:00,0.0
2017-06-26 05:00:00,15.48
2017-06-26 06:00:00,125.4
2017-06-26 07:00:00,293.25
2017-06-26 08:00:00,468.33
2017-06-26 09:00:00,617.85
2017-06-26 10:00:00,719.2
2017-06-26 11:00:00,718.38
2017-06-26 12:00:00,616.95
2017-06-26 13:00:00,545.53
2017-06-26 14:00:00,450.38
2017-06-26 15:00:00,341.42
2017-06-26 16:00:00,171.55
2017-06-26 17:00:00,42.9
2017-06-26 18:00:00,0.0
2017-06-26 19:00:00,0.0
2017-06-26 20:00:00,0.0
2017-06-26 21:00:00,0.0
2017-06-26 22:00:00,0.0
2017-06-26 23:00:00,0.0
2017-06-27 00:00:00,0.0
2017-06-27 01:00:00,0.0
2017-06-27 02:00:00,0.0
2017-06-27 03:00:00,0.0
2017-06-27 04:00:00,0.0
2017-06-27 05:00:00,15.12
2017-06-27 06:00:00,114.7
2017-06-27 07:00:00,264.52
2017-06-27 08:00:00,417.75
2017-06-27 09:00:00,557.15
2017-06-27 10:00:00,646.2
2017-06-27 11:00:00,612.45
2017-06-27 12:00:00,623.9
2017-06-27 13:00:00,554.95
2017-06-27 14:00:00,363.83
2017-06-27 15:00:00,244.12
2017-06-27 16:00:00,115.85
2017-06-27 17:00:00,27.85
2017-06-27 18:00:00,0.0
2017-06-27 19:00:00,0.0
2017-06-27 20:00:00,0.0
2017-06-27 21:00:00,0.0
2017-06-27 22:00:00,0.0
2017-06-27 23:00:00,0.0
2017-06-28 00:00:00,0.0
2017-06-28 01:00:00,0.0
2017-06-28 02:00:00,0.0
2017-06-28 03:00:00,0.0
2017-06-28 04:00:00,0.0
2017-06-28 05:00:00,10.6
2017-06-28 06:00:00,103.93
2017-06-28 07:00:00,203.3
2017-06-28 08:00:00,345.45
2017-06-28 09:00:00,424.27
2017-06-28 10:00:00,543.7
2017-06-28 11:00:00,641.53
2017-06-28 12:00:00,528.3
2017-06-28 13:00:00,487.27
2017-06-28 14:00:00,378.38
2017-06-28 15:00:00,268.85
2017-06-28 16:00:00,133.25
2017-06-28 17:00:00,31.7
2017-06-28 18:00:00,0.0
2017-06-28 19:00:00,0.0
2017-06-28 20:00:00,0.0
2017-06-28 21:00:00,0.0
2017-06-28 22:00:00,0.0
2017-06-28 23:00:00,0.0
2017-06-29 00:00:00,0.0
2017-06-29 01:00:00,0.0
2017-06-29 02:00:00,0.0
2017-06-29 03:00:00,0.0
2017-06-29 04:00:00,0.0
2017-06-29 05:00:00,13.1
2017-06-29 06:00:00,114.88
2017-06-29 07:00:00,253.77
2017-06-29 08:00:00,389.65
2017-06-29 09:00:00,508.02
2017-06-29 10:00:00,558.6
2017-06-29 11:00:00,659.5
2017-06-29 12:00:00,658.97
2017-06-29 13:00:00,510.33
2017-06-29 14:00:00,407.1
2017-06-29 15:00:00,293.65
2017-06-29 16:00:00,163.43
2017-06-29 17:00:00,41.25
2017-06-29 18:00:00,0.0
2017-06-29 19:00:00,0.0
2017-06-29 20:00:00,0.0
2017-06-29 21:00:00,0.0
2017-06-29 22:00:00,0.0
2017-06-29 23:00:00,0.0
2017-06-30 00:00:00,0.0
2017-06-30 01:00:00,0.0
2017-06-30 02:00:00,0.0
2017-06-30 03:00:00,0.0
2017-06-30 04:00:00,0.0
2017-06-30 05:00:00,13.18
2017-06-30 06:00:00,121.12
2017-06-30 07:00:00,247.3
2017-06-30 08:00:00,400.58
2017-06-30 09:00:00,548.0
2017-06-30 10:00:00,609.78
2017-06-30 11:00:00,581.5
2017-06-30 12:00:00,488.1
2017-06-30 13:00:00,404.88
2017-06-30 14:00:00,345.0
2017-06-30 15:00:00,230.05
2017-06-30 16:00:00,121.53
2017-06-30 17:00:00,33.15
2017-06-30 18:00:00,0.0
2017-06-30 19:00:00,0.0
2017-06-30 20:00:00,0.0
2017-06-30 21:00:00,0.0
2017-06-30 22:00:00,0.0
2017-06-30 23:00:00,0.0
2017-07-01 00:00:00,0.0
2017-07-01 01:00:00,0.0
2017-07-01 02:00:00,0.0
2017-07-01 03:00:00,0.0
2017-07-01 04:00:00,0.0
2017-07-01 05:00:00,8.4
2017-07-01 06:00:00,71.47
2017-07-01 07:00:00,150.38
2017-07-01 08:00:00,265.23
2017-07-01 09:00:00,371.45
2017-07-01 10:00:00,363.9
2017-07-01 11:00:00,342.98
2017-07-01 12:00:00,378.58
2017-07-01 13:00:00,381.55
2017-07-01 14:00:00,320.73
2017-07-01 15:00:00,205.02
2017-07-01 16:00:00,103.28
2017-07-01 17:00:00,27.27
2017-07-01 18:00:00,0.0
2017-07-01 19:00:00,0.0
2017-07-01 20:00:00,0.0
2017-07-01 21:00:00,0.0
2017-07-01 22:00:00,0.0
2017-07-01 23:00:00,0.0
2017-07-02 00:00:00,0.0
2017-07-02 01:00:00,0.0
2017-07-02 02:00:00,0.0
2017-07-02 03:00:00,0.0
2017-07-02 04:00:00,0.0
2017-07-02 05:00:00,13.48
2017-07-02 06:00:00,131.85
2017-07-02 07:00:00,279.38
2017-07-02 08:00:00,439.65
2017-07-02 09:00:00,633.2
2017-07-02 10:00:00,734.1
2017-07-02 11:00:00,792.15
2017-07-02 12:00:00,739.97
2017-07-02 13:00:00,636.2
2017-07-02 14:00:00,559.8
2017-07-02 15:00:00,336.42
2017-07-02 16:00:00,183.15
2017-07-02 17:00:00,48.88
2017-07-02 18:00:00,0.0
2017-07-02 19:00:00,0.0
2017-07-02 20:00:00,0.0
2017-07-02 21:00:00,0.0
2017-07-02 22:00:00,0.0
2017-07-02 23:00:00,0.0
2017-07-03 00:00:00,0.0
2017-07-03 01:00:00,0.0
2017-07-03 02:00:00,0.0
2017-07-03 03:00:00,0.0
2017-07-03 04:00:00,0.0
2017-07-03 05:00:00,12.1
2017-07-03 06:00:00,97.43
2017-07-03 07:00:00,239.45
2017-07-03 08:00:00,396.55
2017-07-03 09:00:00,522.95
2017-07-03 10:00:00,604.92
2017-07-03 11:00:00,601.22
2017-07-03 12:00:00,668.97
2017-07-03 13:00:00,558.22
2017-07-03 14:00:00,449.73
2017-07-03 15:00:00,380.33
2017-07-03 16:00:00,198.73
2017-07-03 17:00:00,50.6
2017-07-03 18:00:00,0.0
2017-07-03 19:00:00,0.0
2017-07-03 20:00:00,0.0
2017-07-03 21:00:00,0.0
2017-07-03 22:00:00,0.0
2017-07-03 23:00:00,0.0
2017-07-04 00:00:00,0.0
2017-07-04 01:00:00,0.0
2017-07-04 02:00:00,0.0
2017-07-04 03:00:00,0.0
2017-07-04 04:00:00,0.0
2017-07-04 05:00:00,15.32
2017-07-04 06:00:00,131.45
2017-07-04 07:00:00,286.6
2017-07-04 08:00:00,457.52
2017-07-04 09:00:00,644.92
2017-07-04 10:00:00,611.83
2017-07-04 11:00:00,540.15
2017-07-04 12:00:00,511.8
2017-07-04 13:00:00,506.45
2017-07-04 14:00:00,414.8
2017-07-04 15:00:00,290.58
2017-07-04 16:00:00,144.38
2017-07-04 17:00:00,39.7
2017-07-04 18:00:00,0.0
2017-07-04 19:00:00,0.0
2017-07-04 20:00:00,0.0
2017-07-04 21:00:00,0.0
2017-07-04 22:00:00,0.0
2017-07-04 23:00:00,0.0
2017-07-05 00:00:00,0.0
2017-07-05 01:00:00,0.0
2017-07-05 02:00:00,0.0
2017-07-05 03:00:00,0.0
2017-07-05 04:00:00,0.0
2017-07-05 05:00:00,14.8
2017-07-05 06:00:00,131.0
2017-07-05 07:00:00,280.2
2017-07-05 08:00:00,501.38
2017-07-05 09:00:00,688.83
2017-07-05 10:00:00,800.3
2017-07-05 11:00:00,900.72
2017-07-05 12:00:00,823.55
2017-07-05 13:00:00,691.2
2017-07-05 14:00:00,546.17
2017-07-05 15:00:00,373.6
2017-07-05 16:00:00,194.7
2017-07-05 17:00:00,47.8
2017-07-05 18:00:00,0.0
2017-07-05 19:00:00,0.0
2017-07-05 20:00:00,0.0
2017-07-05 21:00:00,0.0
2017-07-05 22:00:00,0.0
2017-07-05 23:00:00,0.0
2017-07-06 00:00:00,0.0
2017-07-06 01:00:00,0.0
2017-07-06 02:00:00,0.0
2017-07-06 03:00:00,0.0
2017-07-06 04:00:00,0.0
2017-07-06 05:00:00,15.07
2017-07-06 06:00:00,128.35
2017-07-06 07:00:00,301.92
2017-07-06 08:00:00,479.48
2017-07-06 09:00:00,671.25
2017-07-06 10:00:00,732.2
2017-07-06 11:00:00,805.8
2017-07-06 12:00:00,781.75
2017-07-06 13:00:00,692.05
2017-07-06 14:00:00,543.33
2017-07-06 15:00:00,339.12
2017-07-06 16:00:00,165.23
2017-07-06 17:00:00,35.78
2017-07-06 18:00:00,0.0
2017-07-06 19:00:00,0.0
2017-07-06 20:00:00,0.0
2017-07-06 21:00:00,0.0
2017-07-06 22:00:00,0.0
2017-07-06 23:00:00,0.0
2017-07-07 00:00:00,0.0
2017-07-07 01:00:00,0.0
2017-07-07 02:00:00,0.0
2017-07-07 03:00:00,0.0
2017-07-07 04:00:00,0.0
2017-07-07 05:00:00,6.32
2017-07-07 06:00:00,98.53
2017-07-07 07:00:00,214.3
2017-07-07 08:00:00,349.38
2017-07-07 09:00:00,401.77
2017-07-07 10:00:00,499.7
2017-07-07 11:00:00,566.03
2017-07-07 12:00:00,462.48
2017-07-07 13:00:00,381.42
2017-07-07 14:00:00,273.02
2017-07-07 15:00:00,142.2
2017-07-07 16:00:00,95.03
2017-07-07 17:00:00,28.73
2017-07-07 18:00:00,0.0
2017-07-07 19:00:00,0.0
2017-07-07 20:00:00,0.0
2017-07-07 21:00:00,0.0
2017-07-07 22:00:00,0.0
2017-07-07 23:00:00,0.0
2017-07-08 00:00:00,0.0
2017-07-08 01:00:00,0.0
2017-07-08 02:00:00,0.0
2017-07-08 03:00:00,0.0
2017-07-08 04:00:00,0.0
2017-07-08 05:00:00,2.7
2017-07-08 06:00:00,41.7
2017-07-08 07:00:00,98.03
2017-07-08 08:00:00,170.5
2017-07-08 09:00:00,248.07
2017-07-08 10:00:00,297.02
2017-07-08 11:00:00,319.65
2017-07-08 12:00:00,273.95
2017-07-08 13:00:00,343.27
2017-07-08 14:00:00,311.38
2017-07-08 15:00:00,214.8
2017-07-08 16:00:00,121.65
2017-07-08 17:00:00,35.08
2017-07-08 18:00:00,0.0
2017-07-08 19:00:00,0.0
2017-07-08 20:00:00,0.0
2017-07-08 21:00:00,0.0
2017-07-08 22:00:00,0.0
2017-07-08 23:00:00,0.0
2017-07-09 00:00:00,0.0
2017-07-09 01:00:00,0.0
2017-07-09 02:00:00,0.0
2017-07-09 03:00:00,0.0
2017-07-09 04:00:00,0.0
2017-07-09 05:00:00,13.35
2017-07-09 06:00:00,132.43
2017-07-09 07:00:00,285.8
2017-07-09 08:00:00,442.8
2017-07-09 09:00:00,611.03
2017-07-09 10:00:00,736.38
2017-07-09 11:00:00,739.05
2017-07-09 12:00:00,668.9
2017-07-09 13:00:00,622.97
2017-07-09 14:00:00,306.25
2017-07-09 15:00:00,230.3
2017-07-09 16:00:00,132.65
2017-07-09 17:00:00,36.05
2017-07-09 18:00:00,0.0
2017-07-09 19:00:00,0.0
2017-07-09 20:00:00,0.0
2017-07-09 21:00:00,0.0
2017-07-09 22:00:00,0.0
2017-07-09 23:00:00,0.0
2017-07-10 00:00:00,0.0
2017-07-10 01:00:00,0.0
2017-07-10 02:00:00,0.0
2017-07-10 03:00:00,0.0
2017-07-10 04:00:00,0.0
2017-07-10 05:00:00,13.0
2017-07-10 06:00:00,138.4
2017-07-10 07:00:00,320.05
2017-07-10 08:00:00,501.5
2017-07-10 09:00:00,709.65
2017-07-10 10:00:00,808.42
2017-07-10 11:00:00,875.12
2017-07-10 12:00:00,927.67
2017-07-10 13:00:00,684.53
2017-07-10 14:00:00,652.7
2017-07-10 15:00:00,469.38
2017-07-10 16:00:00,262.92
2017-07-10 17:00:00,67.8
2017-07-10 18:00:00,0.0
2017-07-10 19:00:00,0.0
2017-07-10 20:00:00,0.0
2017-07-10 21:00:00,0.0
2017-07-10 22:00:00,0.0
2017-07-10 23:00:00,0.0
2017-07-11 00:00:00,0.0
2017-07-11 01:00:00,0.0
2017-07-11 02:00:00,0.0
2017-07-11 03:00:00,0.0
2017-07-11 04:00:00,0.0
2017-07-11 05:00:00,12.45
2017-07-11 06:00:00,94.6
2017-07-11 07:00:00,228.4
2017-07-11 08:00:00,373.95
2017-07-11 09:00:00,514.55
2017-07-11 10:00:00,329.98
2017-07-11 11:00:00,290.4
2017-07-11 12:00:00,356.73
2017-07-11 13:00:00,336.0
2017-07-11 14:00:00,263.45
2017-07-11 15:00:00,198.12
2017-07-11 16:00:00,96.82
2017-07-11 17:00:00,27.98
2017-07-11 18:00:00,0.0
2017-07-11 19:00:00,0.0
2017-07-11 20:00:00,0.0
2017-07-11 21:00:00,0.0
2017-07-11 22:00:00,0.0
2017-07-11 23:00:00,0.0
2017-07-12 00:00:00,0.0
2017-07-12 01:00:00,0.0
2017-07-12 02:00:00,0.0
2017-07-12 03:00:00,0.0
2017-07-12 04:00:00,0.0
2017-07-12 05:00:00,3.88
2017-07-12 06:00:00,58.53
2017-07-12 07:00:00,139.05
2017-07-12 08:00:00,197.23
2017-07-12 09:00:00,290.83
2017-07-12 10:00:00,372.98
2017-07-12 11:00:00,389.55
2017-07-12 12:00:00,381.38
2017-07-12 13:00:00,291.92
2017-07-12 14:00:00,316.1
2017-07-12 15:00:00,273.38
2017-07-12 16:00:00,133.9
2017-07-12 17:00:00,35.55
2017-07-12 18:00:00,0.0
2017-07-12 19:00:00,0.0
2017-07-12 20:00:00,0.0
2017-07-12 21:00:00,0.0
2017-07-12 22:00:00,0.0
2017-07-12 23:00:00,0.0
2017-07-13 00:00:00,0.0
2017-07-13 01:00:00,0.0
2017-07-13 02:00:00,0.0
2017-07-13 03:00:00,0.0
2017-07-13 04:00:00,0.0
2017-07-13 05:00:00,12.52
2017-07-13 06:00:00,113.25
2017-07-13 07:00:00,265.88
2017-07-13 08:00:00,431.1
2017-07-13 09:00:00,612.85
2017-07-13 10:00:00,677.9
2017-07-13 11:00:00,558.15
2017-07-13 12:00:00,485.8
2017-07-13 13:00:00,426.38
2017-07-13 14:00:00,328.12
2017-07-13 15:00:00,236.23
2017-07-13 16:00:00,114.32
2017-07-13 17:00:00,30.17
2017-07-13 18:00:00,0.0
2017-07-13 19:00:00,0.0
2017-07-13 20:00:00,0.0
2017-07-13 21:00:00,0.0
2017-07-13 22:00:00,0.0
2017-07-13 23:00:00,0.0
2017-07-14 00:00:00,0.0
2017-07-14 01:00:00,0.0
2017-07-14 02:00:00,0.0
2017-07-14 03:00:00,0.0
2017-07-14 04:00:00,0.0
2017-07-14 05:00:00,3.05
2017-07-14 06:00:00,53.15
2017-07-14 07:00:00,122.53
2017-07-14 08:00:00,209.3
2017-07-14 09:00:00,310.8
2017-07-14 10:00:00,373.42
2017-07-14 11:00:00,493.5
2017-07-14 12:00:00,487.5
2017-07-14 13:00:00,419.4
2017-07-14 14:00:00,315.98
2017-07-14 15:00:00,177.5
2017-07-14 16:00:00,99.57
2017-07-14 17:00:00,21.85
2017-07-14 18:00:00,0.0
2017-07-14 19:00:00,0.0
2017-07-14 20:00:00,0.0
2017-07-14 21:00:00,0.0
2017-07-14 22:00:00,0.0
2017-07-14 23:00:00,0.0
2017-07-15 00:00:00,0.0
2017-07-15 01:00:00,0.0
2017-07-15 02:00:00,0.0
2017-07-15 03:00:00,0.0
2017-07-15 04:00:00,0.0
2017-07-15 05:00:00,5.78
2017-07-15 06:00:00,61.15
2017-07-15 07:00:00,153.23
2017-07-15 08:00:00,243.25
2017-07-15 09:00:00,350.0
2017-07-15 10:00:00,392.8
2017-07-15 11:00:00,305.88
2017-07-15 12:00:00,292.88
2017-07-15 13:00:00,355.9
2017-07-15 14:00:00,243.75
2017-07-15 15:00:00,185.5
2017-07-15 16:00:00,95.35
2017-07-15 17:00:00,22.25
2017-07-15 18:00:00,0.0
2017-07-15 19:00:00,0.0
2017-07-15 20:00:00,0.0
2017-07-15 21:00:00,0.0
2017-07-15 22:00:00,0.0
2017-07-15 23:00:00,0.0
2017-07-16 00:00:00,0.0
2017-07-16 01:00:00,0.0
2017-07-16 02:00:00,0.0
2017-07-16 03:00:00,0.0
2017-07-16 04:00:00,0.0
2017-07-16 05:00:00,6.85
2017-07-16 06:00:00,79.5
2017-07-16 07:00:00,174.73
2017-07-16 08:00:00,287.5
2017-07-16 09:00:00,384.6
2017-07-16 10:00:00,475.05
2017-07-16 11:00:00,481.12
2017-07-16 12:00:00,387.02
2017-07-16 13:00:00,356.27
2017-07-16 14:00:00,357.9
2017-07-16 15:00:00,231.5
2017-07-16 16:00:00,129.88
2017-07-16 17:00:00,35.47
2017-07-16 18:00:00,0.0
2017-07-16 19:00:00,0.0
2017-07-16 20:00:00,0.0
2017-07-16 21:00:00,0.0
2017-07-16 22:00:00,0.0
2017-07-16 23:00:00,0.0
2017-07-17 00:00:00,0.0
2017-07-17 01:00:00,0.0
2017-07-17 02:00:00,0.0
2017-07-17 03:00:00,0.0
2017-07-17 04:00:00,0.0
2017-07-17 05:00:00,8.1
2017-07-17 06:00:00,72.35
2017-07-17 07:00:00,150.55
2017-07-17 08:00:00,220.3
2017-07-17 09:00:00,309.05
2017-07-17 10:00:00,360.67
2017-07-17 11:00:00,343.88
2017-07-17 12:00:00,326.55
2017-07-17 13:00:00,305.75
2017-07-17 14:00:00,280.83
2017-07-17 15:00:00,231.45
2017-07-17 16:00:00,115.93
2017-07-17 17:00:00,29.92
2017-07-17 18:00:00,0.0
2017-07-17 19:00:00,0.0
2017-07-17 20:00:00,0.0
2017-07-17 21:00:00,0.0
2017-07-17 22:00:00,0.0
2017-07-17 23:00:00,0.0
2017-07-18 00:00:00,0.0
2017-07-18 01:00:00,0.0
2017-07-18 02:00:00,0.0
2017-07-18 03:00:00,0.0
2017-07-18 04:00:00,0.0
2017-07-18 05:00:00,8.02
2017-07-18 06:00:00,83.28
2017-07-18 07:00:00,195.82
2017-07-18 08:00:00,312.83
2017-07-18 09:00:00,370.85
2017-07-18 10:00:00,413.58
2017-07-18 11:00:00,471.95
2017-07-18 12:00:00,502.3
2017-07-18 13:00:00,446.25
2017-07-18 14:00:00,424.27
2017-07-18 15:00:00,251.25
2017-07-18 16:00:00,121.3
2017-07-18 17:00:00,26.08
2017-07-18 18:00:00,0.0
2017-07-18 19:00:00,0.0
2017-07-18 20:00:00,0.0
2017-07-18 21:00:00,0.0
2017-07-18 22:00:00,0.0
2017-07-18 23:00:00,0.0
2017-07-19 00:00:00,0.0
2017-07-19 01:00:00,0.0
2017-07-19 02:00:00,0.0
2017-07-19 03:00:00,0.0
2017-07-19 04:00:00,0.0
2017-07-19 05:00:00,8.35
2017-07-19 06:00:00,100.2
2017-07-19 07:00:00,257.52
2017-07-19 08:00:00,397.27
2017-07-19 09:00:00,535.0
2017-07-19 10:00:00,602.38
2017-07-19 11:00:00,751.1
2017-07-19 12:00:00,743.8
2017-07-19 13:00:00,678.45
2017-07-19 14:00:00,525.22
2017-07-19 15:00:00,378.7
2017-07-19 16:00:00,195.98
2017-07-19 17:00:00,51.58
2017-07-19 18:00:00,0.0
2017-07-19 19:00:00,0.0
2017-07-19 20:00:00,0.0
2017-07-19 21:00:00,0.0
2017-07-19 22:00:00,0.0
2017-07-19 23:00:00,0.0
2017-07-20 00:00:00,0.0
2017-07-20 01:00:00,0.0
2017-07-20 02:00:00,0.0
2017-07-20 03:00:00,0.0
2017-07-20 04:00:00,0.0
2017-07-20 05:00:00,12.32
2017-07-20 06:00:00,135.35
2017-07-20 07:00:00,315.15
2017-07-20 08:00:00,504.0
2017-07-20 09:00:00,731.1
2017-07-20 10:00:00,731.92
2017-07-20 11:00:00,847.15
2017-07-20 12:00:00,846.65
2017-07-20 13:00:00,677.15
2017-07-20 14:00:00,603.25
2017-07-20 15:00:00,403.4
2017-07-20 16:00:00,212.0
2017-07-20 17:00:00,52.2
2017-07-20 18:00:00,0.0
2017-07-20 19:00:00,0.0
2017-07-20 20:00:00,0.0
2017-07-20 21:00:00,0.0
2017-07-20 22:00:00,0.0
2017-07-20 23:00:00,0.0
2017-07-21 00:00:00,0.0
2017-07-21 01:00:00,0.0
2017-07-21 02:00:00,0.0
2017-07-21 03:00:00,0.0
2017-07-21 04:00:00,0.0
2017-07-21 05:00:00,12.75
2017-07-21 06:00:00,143.7
2017-07-21 07:00:00,310.48
2017-07-21 08:00:00,536.95
2017-07-21 09:00:00,716.67
2017-07-21 10:00:00,853.17
2017-07-21 11:00:00,834.53
2017-07-21 12:00:00,891.35
2017-07-21 13:00:00,785.83
2017-07-21 14:00:00,623.17
2017-07-21 15:00:00,419.1
2017-07-21 16:00:00,214.55
2017-07-21 17:00:00,49.58
2017-07-21 18:00:00,0.0
2017-07-21 19:00:00,0.0
2017-07-21 20:00:00,0.0
2017-07-21 21:00:00,0.0
2017-07-21 22:00:00,0.0
2017-07-21 23:00:00,0.0
2017-07-22 00:00:00,0.0
2017-07-22 01:00:00,0.0
2017-07-22 02:00:00,0.0
2017-07-22 03:00:00,0.0
2017-07-22 04:00:00,0.0
2017-07-22 05:00:00,12.98
2017-07-22 06:00:00,137.25
2017-07-22 07:00:00,320.73
2017-07-22 08:00:00,486.98
2017-07-22 09:00:00,689.67
2017-07-22 10:00:00,750.3
2017-07-22 11:00:00,750.7
2017-07-22 12:00:00,756.58
2017-07-22 13:00:00,716.35
2017-07-22 14:00:00,610.58
2017-07-22 15:00:00,369.6
2017-07-22 16:00:00,190.52
2017-07-22 17:00:00,47.12
2017-07-22 18:00:00,0.0
2017-07-22 19:00:00,0.0
2017-07-22 20:00:00,0.0
2017-07-22 21:00:00,0.0
2017-07-22 22:00:00,0.0
2017-07-22 23:00:00,0.0
2017-07-23 00:00:00,0.0
2017-07-23 01:00:00,0.0
2017-07-23 02:00:00,0.0
2017-07-23 03:00:00,0.0
2017-07-23 04:00:00,0.0
2017-07-23 05:00:00,11.68
2017-07-23 06:00:00,131.68
2017-07-23 07:00:00,297.58
2017-07-23 08:00:00,470.67
2017-07-23 09:00:00,645.97
2017-07-23 10:00:00,797.67
2017-07-23 11:00:00,891.33
2017-07-23 12:00:00,881.88
2017-07-23 13:00:00,776.2
2017-07-23 14:00:00,570.88
2017-07-23 15:00:00,410.15
2017-07-23 16:00:00,211.82
2017-07-23 17:00:00,51.83
2017-07-23 18:00:00,0.0
2017-07-23 19:00:00,0.0
2017-07-23 20:00:00,0.0
2017-07-23 21:00:00,0.0
2017-07-23 22:00:00,0.0
2017-07-23 23:00:00,0.0
2017-07-24 00:00:00,0.0
2017-07-24 01:00:00,0.0
2017-07-24 02:00:00,0.0
2017-07-24 03:00:00,0.0
2017-07-24 04:00:00,0.0
2017-07-24 05:00:00,11.4
2017-07-24 06:00:00,124.53
2017-07-24 07:00:00,291.88
2017-07-24 08:00:00,443.1
2017-07-24 09:00:00,678.83
2017-07-24 10:00:00,835.33
2017-07-24 11:00:00,849.75
2017-07-24 12:00:00,858.58
2017-07-24 13:00:00,785.22
2017-07-24 14:00:00,616.28
2017-07-24 15:00:00,418.05
2017-07-24 16:00:00,221.68
2017-07-24 17:00:00,52.15
2017-07-24 18:00:00,0.0
2017-07-24 19:00:00,0.0
2017-07-24 20:00:00,0.0
2017-07-24 21:00:00,0.0
2017-07-24 22:00:00,0.0
2017-07-24 23:00:00,0.0
2017-07-25 00:00:00,0.0
2017-07-25 01:00:00,0.0
2017-07-25 02:00:00,0.0
2017-07-25 03:00:00,0.0
2017-07-25 04:00:00,0.0
2017-07-25 05:00:00,11.93
2017-07-25 06:00:00,132.62
2017-07-25 07:00:00,303.25
2017-07-25 08:00:00,508.95
2017-07-25 09:00:00,698.72
2017-07-25 10:00:00,834.53
2017-07-25 11:00:00,883.6
2017-07-25 12:00:00,844.6
2017-07-25 13:00:00,760.95
2017-07-25 14:00:00,566.67
2017-07-25 15:00:00,380.08
2017-07-25 16:00:00,196.1
2017-07-25 17:00:00,46.22
2017-07-25 18:00:00,0.0
2017-07-25 19:00:00,0.0
2017-07-25 20:00:00,0.0
2017-07-25 21:00:00,0.0
2017-07-25 22:00:00,0.0
2017-07-25 23:00:00,0.0
2017-07-26 00:00:00,0.0
2017-07-26 01:00:00,0.0
2017-07-26 02:00:00,0.0
2017-07-26 03:00:00,0.0
2017-07-26 04:00:00,0.0
2017-07-26 05:00:00,10.93
2017-07-26 06:00:00,115.75
2017-07-26 07:00:00,265.25
2017-07-26 08:00:00,479.33
2017-07-26 09:00:00,664.88
2017-07-26 10:00:00,819.75
2017-07-26 11:00:00,886.33
2017-07-26 12:00:00,849.6
2017-07-26 13:00:00,665.12
2017-07-26 14:00:00,594.28
2017-07-26 15:00:00,441.1
2017-07-26 16:00:00,232.12
2017-07-26 17:00:00,54.65
2017-07-26 18:00:00,0.0
2017-07-26 19:00:00,0.0
2017-07-26 20:00:00,0.0
2017-07-26 21:00:00,0.0
2017-07-26 22:00:00,0.0
2017-07-26 23:00:00,0.0
2017-07-27 00:00:00,0.0
2017-07-27 01:00:00,0.0
2017-07-27 02:00:00,0.0
2017-07-27 03:00:00,0.0
2017-07-27 04:00:00,0.0
2017-07-27 05:00:00,11.0
2017-07-27 06:00:00,137.23
2017-07-27 07:00:00,332.38
2017-07-27 08:00:00,515.25
2017-07-27 09:00:00,731.5
2017-07-27 10:00:00,873.58
2017-07-27 11:00:00,865.75
2017-07-27 12:00:00,861.9
2017-07-27 13:00:00,770.83
2017-07-27 14:00:00,636.1
2017-07-27 15:00:00,452.35
2017-07-27 16:00:00,240.6
2017-07-27 17:00:00,56.42
2017-07-27 18:00:00,0.0
2017-07-27 19:00:00,0.0
2017-07-27 20:00:00,0.0
2017-07-27 21:00:00,0.0
2017-07-27 22:00:00,0.0
2017-07-27 23:00:00,0.0
2017-07-28 00:00:00,0.0
2017-07-28 01:00:00,0.0
2017-07-28 02:00:00,0.0
2017-07-28 03:00:00,0.0
2017-07-28 04:00:00,0.0
2017-07-28 05:00:00,10.43
2017-07-28 06:00:00,122.53
2017-07-28 07:00:00,286.33
2017-07-28 08:00:00,486.92
2017-07-28 09:00:00,682.15
2017-07-28 10:00:00,825.7
2017-07-28 11:00:00,882.85
2017-07-28 12:00:00,863.62
2017-07-28 13:00:00,765.08
2017-07-28 14:00:00,628.0
2017-07-28 15:00:00,450.23
2017-07-28 16:00:00,234.65
2017-07-28 17:00:00,51.45
2017-07-28 18:00:00,0.0
2017-07-28 19:00:00,0.0
2017-07-28 20:00:00,0.0
2017-07-28 21:00:00,0.0
2017-07-28 22:00:00,0.0
2017-07-28 23:00:00,0.0
2017-07-29 00:00:00,0.0
2017-07-29 01:00:00,0.0
2017-07-29 02:00:00,0.0
2017-07-29 03:00:00,0.0
2017-07-29 04:00:00,0.0
2017-07-29 05:00:00,10.2
2017-07-29 06:00:00,108.07
2017-07-29 07:00:00,250.93
2017-07-29 08:00:00,446.38
2017-07-29 09:00:00,530.6
2017-07-29 10:00:00,734.1
2017-07-29 11:00:00,811.08
2017-07-29 12:00:00,774.38
2017-07-29 13:00:00,745.08
2017-07-29 14:00:00,619.05
2017-07-29 15:00:00,432.77
2017-07-29 16:00:00,227.48
2017-07-29 17:00:00,53.8
2017-07-29 18:00:00,0.0
2017-07-29 19:00:00,0.0
2017-07-29 20:00:00,0.0
2017-07-29 21:00:00,0.0
2017-07-29 22:00:00,0.0
2017-07-29 23:00:00,0.0
2017-07-30 00:00:00,0.0
2017-07-30 01:00:00,0.0
2017-07-30 02:00:00,0.0
2017-07-30 03:00:00,0.0
2017-07-30 04:00:00,0.0
2017-07-30 05:00:00,9.5
2017-07-30 06:00:00,73.78
2017-07-30 07:00:00,167.65
2017-07-30 08:00:00,274.45
2017-07-30 09:00:00,388.83
2017-07-30 10:00:00,427.1
2017-07-30 11:00:00,393.23
2017-07-30 12:00:00,367.9
2017-07-30 13:00:00,342.02
2017-07-30 14:00:00,387.95
2017-07-30 15:00:00,334.52
2017-07-30 16:00:00,181.98
2017-07-30 17:00:00,42.03
2017-07-30 18:00:00,0.0
2017-07-30 19:00:00,0.0
2017-07-30 20:00:00,0.0
2017-07-30 21:00:00,0.0
2017-07-30 22:00:00,0.0
2017-07-30 23:00:00,0.0
2017-07-31 00:00:00,0.0
2017-07-31 01:00:00,0.0
2017-07-31 02:00:00,0.0
2017-07-31 03:00:00,0.0
2017-07-31 04:00:00,0.0
2017-07-31 05:00:00,4.75
2017-07-31 06:00:00,100.18
2017-07-31 07:00:00,262.98
2017-07-31 08:00:00,295.98
2017-07-31 09:00:00,432.58
2017-07-31 10:00:00,582.55
2017-07-31 11:00:00,577.7
2017-07-31 12:00:00,751.92
2017-07-31 13:00:00,756.62
2017-07-31 14:00:00,642.95
2017-07-31 15:00:00,452.3
2017-07-31 16:00:00,243.07
2017-07-31 17:00:00,56.28
2017-07-31 18:00:00,0.0
2017-07-31 19:00:00,0.0
2017-07-31 20:00:00,0.0
2017-07-31 21:00:00,0.0
2017-07-31 22:00:00,0.0
2017-07-31 23:00:00,0.0
2017-08-01 00:00:00,0.0
2017-08-01 01:00:00,0.0
2017-08-01 02:00:00,0.0
2017-08-01 03:00:00,0.0
2017-08-01 04:00:00,0.0
2017-08-01 05:00:00,8.9
2017-08-01 06:00:00,127.43
2017-08-01 07:00:00,319.0
2017-08-01 08:00:00,516.08
2017-08-01 09:00:00,713.88
2017-08-01 10:00:00,856.47
2017-08-01 11:00:00,914.3
2017-08-01 12:00:00,855.95
2017-08-01 13:00:00,773.3
2017-08-01 14:00:00,601.78
2017-08-01 15:00:00,410.73
2017-08-01 16:00:00,223.48
2017-08-01 17:00:00,54.6
2017-08-01 18:00:00,0.0
2017-08-01 19:00:00,0.0
2017-08-01 20:00:00,0.0
2017-08-01 21:00:00,0.0
2017-08-01 22:00:00,0.0
2017-08-01 23:00:00,0.0
2017-08-02 00:00:00,0.0
2017-08-02 01:00:00,0.0
2017-08-02 02:00:00,0.0
2017-08-02 03:00:00,0.0
2017-08-02 04:00:00,0.0
2017-08-02 05:00:00,9.55
2017-08-02 06:00:00,128.75
2017-08-02 07:00:00,305.0
2017-08-02 08:00:00,496.12
2017-08-02 09:00:00,714.33
2017-08-02 10:00:00,825.22
2017-08-02 11:00:00,818.28
2017-08-02 12:00:00,888.53
2017-08-02 13:00:00,766.47
2017-08-02 14:00:00,596.58
2017-08-02 15:00:00,386.45
2017-08-02 16:00:00,207.07
2017-08-02 17:00:00,49.22
2017-08-02 18:00:00,0.0
2017-08-02 19:00:00,0.0
2017-08-02 20:00:00,0.0
2017-08-02 21:00:00,0.0
2017-08-02 22:00:00,0.0
2017-08-02 23:00:00,0.0
2017-08-03 00:00:00,0.0
2017-08-03 01:00:00,0.0
2017-08-03 02:00:00,0.0
2017-08-03 03:00:00,0.0
2017-08-03 04:00:00,0.0
2017-08-03 05:00:00,9.2
2017-08-03 06:00:00,109.95
2017-08-03 07:00:00,258.48
2017-08-03 08:00:00,401.58
2017-08-03 09:00:00,543.0
2017-08-03 10:00:00,648.9
2017-08-03 11:00:00,670.92
2017-08-03 12:00:00,664.72
2017-08-03 13:00:00,562.15
2017-08-03 14:00:00,505.38
2017-08-03 15:00:00,368.6
2017-08-03 16:00:00,193.43
2017-08-03 17:00:00,45.58
2017-08-03 18:00:00,0.0
2017-08-03 19:00:00,0.0
2017-08-03 20:00:00,0.0
2017-08-03 21:00:00,0.0
2017-08-03 22:00:00,0.0
2017-08-03 23:00:00,0.0
2017-08-04 00:00:00,0.0
2017-08-04 01:00:00,0.0
2017-08-04 02:00:00,0.0
2017-08-04 03:00:00,0.0
2017-08-04 04:00:00,0.0
2017-08-04 05:00:00,4.3
2017-08-04 06:00:00,84.28
2017-08-04 07:00:00,180.02
2017-08-04 08:00:00,326.65
2017-08-04 09:00:00,439.65
2017-08-04 10:00:00,533.55
2017-08-04 11:00:00,639.53
2017-08-04 12:00:00,671.72
2017-08-04 13:00:00,646.6
2017-08-04 14:00:00,533.0
2017-08-04 15:00:00,330.77
2017-08-04 16:00:00,157.45
2017-08-04 17:00:00,34.03
2017-08-04 18:00:00,0.0
2017-08-04 19:00:00,0.0
2017-08-04 20:00:00,0.0
2017-08-04 21:00:00,0.0
2017-08-04 22:00:00,0.0
2017-08-04 23:00:00,0.0
2017-08-05 00:00:00,0.0
2017-08-05 01:00:00,0.0
2017-08-05 02:00:00,0.0
2017-08-05 03:00:00,0.0
2017-08-05 04:00:00,0.0
2017-08-05 05:00:00,5.65
2017-08-05 06:00:00,100.3
2017-08-05 07:00:00,224.23
2017-08-05 08:00:00,383.42
2017-08-05 09:00:00,511.55
2017-08-05 10:00:00,625.28
2017-08-05 11:00:00,632.97
2017-08-05 12:00:00,541.12
2017-08-05 13:00:00,510.27
2017-08-05 14:00:00,457.9
2017-08-05 15:00:00,325.5
2017-08-05 16:00:00,153.07
2017-08-05 17:00:00,30.55
2017-08-05 18:00:00,0.0
2017-08-05 19:00:00,0.0
2017-08-05 20:00:00,0.0
2017-08-05 21:00:00,0.0
2017-08-05 22:00:00,0.0
2017-08-05 23:00:00,0.0
2017-08-06 00:00:00,0.0
2017-08-06 01:00:00,0.0
2017-08-06 02:00:00,0.0
2017-08-06 03:00:00,0.0
2017-08-06 04:00:00,0.0
2017-08-06 05:00:00,8.85
2017-08-06 06:00:00,106.18
2017-08-06 07:00:00,262.33
2017-08-06 08:00:00,469.8
2017-08-06 09:00:00,639.92
2017-08-06 10:00:00,786.33
2017-08-06 11:00:00,784.45
2017-08-06 12:00:00,899.45
2017-08-06 13:00:00,712.42
2017-08-06 14:00:00,507.25
2017-08-06 15:00:00,321.6
2017-08-06 16:00:00,159.07
2017-08-06 17:00:00,36.3
2017-08-06 18:00:00,0.0
2017-08-06 19:00:00,0.0
2017-08-06 20:00:00,0.0
2017-08-06 21:00:00,0.0
2017-08-06 22:00:00,0.0
2017-08-06 23:00:00,0.0
2017-08-07 00:00:00,0.0
2017-08-07 01:00:00,0.0
2017-08-07 02:00:00,0.0
2017-08-07 03:00:00,0.0
2017-08-07 04:00:00,0.0
2017-08-07 05:00:00,7.75
2017-08-07 06:00:00,75.78
2017-08-07 07:00:00,206.93
2017-08-07 08:00:00,360.88
2017-08-07 09:00:00,486.62
2017-08-07 10:00:00,538.9
2017-08-07 11:00:00,462.62
2017-08-07 12:00:00,493.3
2017-08-07 13:00:00,514.65
2017-08-07 14:00:00,384.42
2017-08-07 15:00:00,237.2
2017-08-07 16:00:00,116.53
2017-08-07 17:00:00,24.3
2017-08-07 18:00:00,0.0
2017-08-07 19:00:00,0.0
2017-08-07 20:00:00,0.0
2017-08-07 21:00:00,0.0
2017-08-07 22:00:00,0.0
2017-08-07 23:00:00,0.0
2017-08-08 00:00:00,0.0
2017-08-08 01:00:00,0.0
2017-08-08 02:00:00,0.0
2017-08-08 03:00:00,0.0
2017-08-08 04:00:00,0.0
2017-08-08 05:00:00,7.97
2017-08-08 06:00:00,86.3
2017-08-08 07:00:00,228.52
2017-08-08 08:00:00,394.83
2017-08-08 09:00:00,533.1
2017-08-08 10:00:00,603.92
2017-08-08 11:00:00,535.9
2017-08-08 12:00:00,518.38
2017-08-08 13:00:00,461.25
2017-08-08 14:00:00,314.4
2017-08-08 15:00:00,227.82
2017-08-08 16:00:00,109.12
2017-08-08 17:00:00,26.1
2017-08-08 18:00:00,0.0
2017-08-08 19:00:00,0.0
2017-08-08 20:00:00,0.0
2017-08-08 21:00:00,0.0
2017-08-08 22:00:00,0.0
2017-08-08 23:00:00,0.0
2017-08-09 00:00:00,0.0
2017-08-09 01:00:00,0.0
2017-08-09 02:00:00,0.0
2017-08-09 03:00:00,0.0
2017-08-09 04:00:00,0.0
2017-08-09 05:00:00,8.8
2017-08-09 06:00:00,71.07
2017-08-09 07:00:00,178.73
2017-08-09 08:00:00,325.52
2017-08-09 09:00:00,452.77
2017-08-09 10:00:00,566.8
2017-08-09 11:00:00,633.47
2017-08-09 12:00:00,665.28
2017-08-09 13:00:00,564.88
2017-08-09 14:00:00,469.8
2017-08-09 15:00:00,357.17
2017-08-09 16:00:00,180.2
2017-08-09 17:00:00,35.67
2017-08-09 18:00:00,0.0
2017-08-09 19:00:00,0.0
2017-08-09 20:00:00,0.0
2017-08-09 21:00:00,0.0
2017-08-09 22:00:00,0.0
2017-08-09 23:00:00,0.0
2017-08-10 00:00:00,0.0
2017-08-10 01:00:00,0.0
2017-08-10 02:00:00,0.0
2017-08-10 03:00:00,0.0
2017-08-10 04:00:00,0.0
2017-08-10 05:00:00,5.03
2017-08-10 06:00:00,71.25
2017-08-10 07:00:00,191.15
2017-08-10 08:00:00,320.83
2017-08-10 09:00:00,385.5
2017-08-10 10:00:00,444.23
2017-08-10 11:00:00,580.17
2017-08-10 12:00:00,596.2
2017-08-10 13:00:00,558.55
2017-08-10 14:00:00,485.12
2017-08-10 15:00:00,369.25
2017-08-10 16:00:00,187.43
2017-08-10 17:00:00,37.97
2017-08-10 18:00:00,0.0
2017-08-10 19:00:00,0.0
2017-08-10 20:00:00,0.0
2017-08-10 21:00:00,0.0
2017-08-10 22:00:00,0.0
2017-08-10 23:00:00,0.0
2017-08-11 00:00:00,0.0
2017-08-11 01:00:00,0.0
2017-08-11 02:00:00,0.0
2017-08-11 03:00:00,0.0
2017-08-11 04:00:00,0.0
2017-08-11 05:00:00,10.15
2017-08-11 06:00:00,122.3
2017-08-11 07:00:00,302.95
2017-08-11 08:00:00,481.77
2017-08-11 09:00:00,628.4
2017-08-11 10:00:00,755.25
2017-08-11 11:00:00,817.62
2017-08-11 12:00:00,798.62
2017-08-11 13:00:00,635.9
2017-08-11 14:00:00,558.95
2017-08-11 15:00:00,322.17
2017-08-11 16:00:00,153.7
2017-08-11 17:00:00,29.25
2017-08-11 18:00:00,0.0
2017-08-11 19:00:00,0.0
2017-08-11 20:00:00,0.0
2017-08-11 21:00:00,0.0
2017-08-11 22:00:00,0.0
2017-08-11 23:00:00,0.0
2017-08-12 00:00:00,0.0
2017-08-12 01:00:00,0.0
2017-08-12 02:00:00,0.0
2017-08-12 03:00:00,0.0
2017-08-12 04:00:00,0.0
2017-08-12 05:00:00,8.3
2017-08-12 06:00:00,126.78
2017-08-12 07:00:00,316.85
2017-08-12 08:00:00,507.9
2017-08-12 09:00:00,737.25
2017-08-12 10:00:00,844.75
2017-08-12 11:00:00,897.7
2017-08-12 12:00:00,842.67
2017-08-12 13:00:00,729.35
2017-08-12 14:00:00,551.6
2017-08-12 15:00:00,364.88
2017-08-12 16:00:00,192.5
2017-08-12 17:00:00,37.05
2017-08-12 18:00:00,0.0
2017-08-12 19:00:00,0.0
2017-08-12 20:00:00,0.0
2017-08-12 21:00:00,0.0
2017-08-12 22:00:00,0.0
2017-08-12 23:00:00,0.0
2017-08-13 00:00:00,0.0
2017-08-13 01:00:00,0.0
2017-08-13 02:00:00,0.0
2017-08-13 03:00:00,0.0
2017-08-13 04:00:00,0.0
2017-08-13 05:00:00,5.57
2017-08-13 06:00:00,42.58
2017-08-13 07:00:00,124.45
2017-08-13 08:00:00,206.88
2017-08-13 09:00:00,278.12
2017-08-13 10:00:00,390.77
2017-08-13 11:00:00,502.8
2017-08-13 12:00:00,508.5
2017-08-13 13:00:00,524.58
2017-08-13 14:00:00,421.85
2017-08-13 15:00:00,311.73
2017-08-13 16:00:00,149.35
2017-08-13 17:00:00,31.75
2017-08-13 18:00:00,0.0
2017-08-13 19:00:00,0.0
2017-08-13 20:00:00,0.0
2017-08-13 21:00:00,0.0
2017-08-13 22:00:00,0.0
2017-08-13 23:00:00,0.0
2017-08-14 00:00:00,0.0
2017-08-14 01:00:00,0.0
2017-08-14 02:00:00,0.0
2017-08-14 03:00:00,0.0
2017-08-14 04:00:00,0.0
2017-08-14 05:00:00,7.4
2017-08-14 06:00:00,115.43
2017-08-14 07:00:00,281.3
2017-08-14 08:00:00,448.0
2017-08-14 09:00:00,637.62
2017-08-14 10:00:00,747.62
2017-08-14 11:00:00,870.58
2017-08-14 12:00:00,813.78
2017-08-14 13:00:00,721.28
2017-08-14 14:00:00,576.17
2017-08-14 15:00:00,426.48
2017-08-14 16:00:00,210.02
2017-08-14 17:00:00,39.85
2017-08-14 18:00:00,0.0
2017-08-14 19:00:00,0.0
2017-08-14 20:00:00,0.0
2017-08-14 21:00:00,0.0
2017-08-14 22:00:00,0.0
2017-08-14 23:00:00,0.0
2017-08-15 00:00:00,0.0
2017-08-15 01:00:00,0.0
2017-08-15 02:00:00,0.0
2017-08-15 03:00:00,0.0
2017-08-15 04:00:00,0.0
2017-08-15 05:00:00,6.0
2017-08-15 06:00:00,45.12
2017-08-15 07:00:00,115.65
2017-08-15 08:00:00,214.07
2017-08-15 09:00:00,286.62
2017-08-15 10:00:00,354.75
2017-08-15 11:00:00,393.75
2017-08-15 12:00:00,453.8
2017-08-15 13:00:00,467.83
2017-08-15 14:00:00,339.8
2017-08-15 15:00:00,368.58
2017-08-15 16:00:00,188.43
2017-08-15 17:00:00,36.08
2017-08-15 18:00:00,0.0
2017-08-15 19:00:00,0.0
2017-08-15 20:00:00,0.0
2017-08-15 21:00:00,0.0
2017-08-15 22:00:00,0.0
2017-08-15 23:00:00,0.0
2017-08-16 00:00:00,0.0
2017-08-16 01:00:00,0.0
2017-08-16 02:00:00,0.0
2017-08-16 03:00:00,0.0
2017-08-16 04:00:00,0.0
2017-08-16 05:00:00,8.73
2017-08-16 06:00:00,111.12
2017-08-16 07:00:00,285.98
2017-08-16 08:00:00,491.42
2017-08-16 09:00:00,649.65
2017-08-16 10:00:00,763.97
2017-08-16 11:00:00,873.35
2017-08-16 12:00:00,812.7
2017-08-16 13:00:00,674.17
2017-08-16 14:00:00,511.3
2017-08-16 15:00:00,335.58
2017-08-16 16:00:00,157.38
2017-08-16 17:00:00,27.02
2017-08-16 18:00:00,0.0
2017-08-16 19:00:00,0.0
2017-08-16 20:00:00,0.0
2017-08-16 21:00:00,0.0
2017-08-16 22:00:00,0.0
2017-08-16 23:00:00,0.0
2017-08-17 00:00:00,0.0
2017-08-17 01:00:00,0.0
2017-08-17 02:00:00,0.0
2017-08-17 03:00:00,0.0
2017-08-17 04:00:00,0.0
2017-08-17 05:00:00,2.72
2017-08-17 06:00:00,105.03
2017-08-17 07:00:00,211.77
2017-08-17 08:00:00,351.12
2017-08-17 09:00:00,478.12
2017-08-17 10:00:00,545.17
2017-08-17 11:00:00,550.75
2017-08-17 12:00:00,578.83
2017-08-17 13:00:00,511.6
2017-08-17 14:00:00,320.05
2017-08-17 15:00:00,215.38
2017-08-17 16:00:00,97.28
2017-08-17 17:00:00,18.52
2017-08-17 18:00:00,0.0
2017-08-17 19:00:00,0.0
2017-08-17 20:00:00,0.0
2017-08-17 21:00:00,0.0
2017-08-17 22:00:00,0.0
2017-08-17 23:00:00,0.0
2017-08-18 00:00:00,0.0
2017-08-18 01:00:00,0.0
2017-08-18 02:00:00,0.0
2017-08-18 03:00:00,0.0
2017-08-18 04:00:00,0.0
2017-08-18 05:00:00,3.2
2017-08-18 06:00:00,112.75
2017-08-18 07:00:00,275.92
2017-08-18 08:00:00,454.38
2017-08-18 09:00:00,563.72
2017-08-18 10:00:00,697.12
2017-08-18 11:00:00,700.17
2017-08-18 12:00:00,642.55
2017-08-18 13:00:00,565.97
2017-08-18 14:00:00,398.12
2017-08-18 15:00:00,225.55
2017-08-18 16:00:00,105.03
2017-08-18 17:00:00,19.6
2017-08-18 18:00:00,0.0
2017-08-18 19:00:00,0.0
2017-08-18 20:00:00,0.0
2017-08-18 21:00:00,0.0
2017-08-18 22:00:00,0.0
2017-08-18 23:00:00,0.0
2017-08-19 00:00:00,0.0
2017-08-19 01:00:00,0.0
2017-08-19 02:00:00,0.0
2017-08-19 03:00:00,0.0
2017-08-19 04:00:00,0.0
2017-08-19 05:00:00,5.1
2017-08-19 06:00:00,82.1
2017-08-19 07:00:00,230.15
2017-08-19 08:00:00,391.45
2017-08-19 09:00:00,531.6
2017-08-19 10:00:00,630.65
2017-08-19 11:00:00,645.5
2017-08-19 12:00:00,661.3
2017-08-19 13:00:00,606.22
2017-08-19 14:00:00,503.38
2017-08-19 15:00:00,345.42
2017-08-19 16:00:00,161.23
2017-08-19 17:00:00,28.02
2017-08-19 18:00:00,0.0
2017-08-19 19:00:00,0.0
2017-08-19 20:00:00,0.0
2017-08-19 21:00:00,0.0
2017-08-19 22:00:00,0.0
2017-08-19 23:00:00,0.0
2017-08-20 00:00:00,0.0
2017-08-20 01:00:00,0.0
2017-08-20 02:00:00,0.0
2017-08-20 03:00:00,0.0
2017-08-20 04:00:00,0.0
2017-08-20 05:00:00,7.2
2017-08-20 06:00:00,109.12
2017-08-20 07:00:00,287.15
2017-08-20 08:00:00,482.23
2017-08-20 09:00:00,671.53
2017-08-20 10:00:00,805.33
2017-08-20 11:00:00,753.4
2017-08-20 12:00:00,661.22
2017-08-20 13:00:00,571.33
2017-08-20 14:00:00,476.65
2017-08-20 15:00:00,309.67
2017-08-20 16:00:00,150.65
2017-08-20 17:00:00,25.4
2017-08-20 18:00:00,0.0
2017-08-20 19:00:00,0.0
2017-08-20 20:00:00,0.0
2017-08-20 21:00:00,0.0
2017-08-20 22:00:00,0.0
2017-08-20 23:00:00,0.0
2017-08-21 00:00:00,0.0
2017-08-21 01:00:00,0.0
2017-08-21 02:00:00,0.0
2017-08-21 03:00:00,0.0
2017-08-21 04:00:00,0.0
2017-08-21 05:00:00,7.9
2017-08-21 06:00:00,108.97
2017-08-21 07:00:00,277.55
2017-08-21 08:00:00,447.45
2017-08-21 09:00:00,610.9
2017-08-21 10:00:00,685.5
2017-08-21 11:00:00,766.0
2017-08-21 12:00:00,755.22
2017-08-21 13:00:00,702.6
2017-08-21 14:00:00,540.3
2017-08-21 15:00:00,379.92
2017-08-21 16:00:00,185.95
2017-08-21 17:00:00,32.17
2017-08-21 18:00:00,0.0
2017-08-21 19:00:00,0.0
2017-08-21 20:00:00,0.0
2017-08-21 21:00:00,0.0
2017-08-21 22:00:00,0.0
2017-08-21 23:00:00,0.0
2017-08-22 00:00:00,0.0
2017-08-22 01:00:00,0.0
2017-08-22 02:00:00,0.0
2017-08-22 03:00:00,0.0
2017-08-22 04:00:00,0.0
2017-08-22 05:00:00,2.03
2017-08-22 06:00:00,64.1
2017-08-22 07:00:00,161.38
2017-08-22 08:00:00,278.92
2017-08-22 09:00:00,368.7
2017-08-22 10:00:00,470.08
2017-08-22 11:00:00,502.98
2017-08-22 12:00:00,529.05
2017-08-22 13:00:00,519.7
2017-08-22 14:00:00,356.65
2017-08-22 15:00:00,223.27
2017-08-22 16:00:00,99.0
2017-08-22 17:00:00,18.48
2017-08-22 18:00:00,0.0
2017-08-22 19:00:00,0.0
2017-08-22 20:00:00,0.0
2017-08-22 21:00:00,0.0
2017-08-22 22:00:00,0.0
2017-08-22 23:00:00,0.0
2017-08-23 00:00:00,0.0
2017-08-23 01:00:00,0.0
2017-08-23 02:00:00,0.0
2017-08-23 03:00:00,0.0
2017-08-23 04:00:00,0.0
2017-08-23 05:00:00,6.3
2017-08-23 06:00:00,110.28
2017-08-23 07:00:00,276.0
2017-08-23 08:00:00,471.98
2017-08-23 09:00:00,643.88
2017-08-23 10:00:00,821.33
2017-08-23 11:00:00,925.88
2017-08-23 12:00:00,767.78
2017-08-23 13:00:00,631.12
2017-08-23 14:00:00,433.15
2017-08-23 15:00:00,269.38
2017-08-23 16:00:00,124.82
2017-08-23 17:00:00,22.62
2017-08-23 18:00:00,0.0
2017-08-23 19:00:00,0.0
2017-08-23 20:00:00,0.0
2017-08-23 21:00:00,0.0
2017-08-23 22:00:00,0.0
2017-08-23 23:00:00,0.0
2017-08-24 00:00:00,0.0
2017-08-24 01:00:00,0.0
2017-08-24 02:00:00,0.0
2017-08-24 03:00:00,0.0
2017-08-24 04:00:00,0.0
2017-08-24 05:00:00,1.65
2017-08-24 06:00:00,52.67
2017-08-24 07:00:00,104.6
2017-08-24 08:00:00,201.15
2017-08-24 09:00:00,352.48
2017-08-24 10:00:00,400.98
2017-08-24 11:00:00,454.02
2017-08-24 12:00:00,441.4
2017-08-24 13:00:00,365.02
2017-08-24 14:00:00,381.5
2017-08-24 15:00:00,323.85
2017-08-24 16:00:00,159.62
2017-08-24 17:00:00,27.35
2017-08-24 18:00:00,0.0
2017-08-24 19:00:00,0.0
2017-08-24 20:00:00,0.0
2017-08-24 21:00:00,0.0
2017-08-24 22:00:00,0.0
2017-08-24 23:00:00,0.0
2017-08-25 00:00:00,0.0
2017-08-25 01:00:00,0.0
2017-08-25 02:00:00,0.0
2017-08-25 03:00:00,0.0
2017-08-25 04:00:00,0.0
2017-08-25 05:00:00,1.67
2017-08-25 06:00:00,34.25
2017-08-25 07:00:00,99.65
2017-08-25 08:00:00,154.88
2017-08-25 09:00:00,247.5
2017-08-25 10:00:00,381.17
2017-08-25 11:00:00,359.73
2017-08-25 12:00:00,298.77
2017-08-25 13:00:00,458.45
2017-08-25 14:00:00,441.83
2017-08-25 15:00:00,241.55
2017-08-25 16:00:00,120.6
2017-08-25 17:00:00,18.58
2017-08-25 18:00:00,0.0
2017-08-25 19:00:00,0.0
2017-08-25 20:00:00,0.0
2017-08-25 21:00:00,0.0
2017-08-25 22:00:00,0.0
2017-08-25 23:00:00,0.0
2017-08-26 00:00:00,0.0
2017-08-26 01:00:00,0.0
2017-08-26 02:00:00,0.0
2017-08-26 03:00:00,0.0
2017-08-26 04:00:00,0.0
2017-08-26 05:00:00,4.38
2017-08-26 06:00:00,93.25
2017-08-26 07:00:00,235.25
2017-08-26 08:00:00,388.52
2017-08-26 09:00:00,532.88
2017-08-26 10:00:00,735.65
2017-08-26 11:00:00,808.62
2017-08-26 12:00:00,846.65
2017-08-26 13:00:00,773.55
2017-08-26 14:00:00,612.67
2017-08-26 15:00:00,424.23
2017-08-26 16:00:00,200.77
2017-08-26 17:00:00,30.27
2017-08-26 18:00:00,0.0
2017-08-26 19:00:00,0.0
2017-08-26 20:00:00,0.0
2017-08-26 21:00:00,0.0
2017-08-26 22:00:00,0.0
2017-08-26 23:00:00,0.0
2017-08-27 00:00:00,0.0
2017-08-27 01:00:00,0.0
2017-08-27 02:00:00,0.0
2017-08-27 03:00:00,0.0
2017-08-27 04:00:00,0.0
2017-08-27 05:00:00,4.68
2017-08-27 06:00:00,85.55
2017-08-27 07:00:00,192.68
2017-08-27 08:00:00,349.58
2017-08-27 09:00:00,459.88
2017-08-27 10:00:00,568.78
2017-08-27 11:00:00,607.55
2017-08-27 12:00:00,526.7
2017-08-27 13:00:00,352.5
2017-08-27 14:00:00,288.73
2017-08-27 15:00:00,192.52
2017-08-27 16:00:00,94.82
2017-08-27 17:00:00,15.43
2017-08-27 18:00:00,0.0
2017-08-27 19:00:00,0.0
2017-08-27 20:00:00,0.0
2017-08-27 21:00:00,0.0
2017-08-27 22:00:00,0.0
2017-08-27 23:00:00,0.0
2017-08-28 00:00:00,0.0
2017-08-28 01:00:00,0.0
2017-08-28 02:00:00,0.0
2017-08-28 03:00:00,0.0
2017-08-28 04:00:00,0.0
2017-08-28 05:00:00,1.55
2017-08-28 06:00:00,31.75
2017-08-28 07:00:00,91.85
2017-08-28 08:00:00,187.27
2017-08-28 09:00:00,278.48
2017-08-28 10:00:00,391.98
2017-08-28 11:00:00,465.3
2017-08-28 12:00:00,462.42
2017-08-28 13:00:00,384.98
2017-08-28 14:00:00,321.58
2017-08-28 15:00:00,207.68
2017-08-28 16:00:00,95.18
2017-08-28 17:00:00,17.05
2017-08-28 18:00:00,0.0
2017-08-28 19:00:00,0.0
2017-08-28 20:00:00,0.0
2017-08-28 21:00:00,0.0
2017-08-28 22:00:00,0.0
2017-08-28 23:00:00,0.0
2017-08-29 00:00:00,0.0
2017-08-29 01:00:00,0.0
2017-08-29 02:00:00,0.0
2017-08-29 03:00:00,0.0
2017-08-29 04:00:00,0.0
2017-08-29 05:00:00,5.47
2017-08-29 06:00:00,92.28
2017-08-29 07:00:00,241.48
2017-08-29 08:00:00,386.27
2017-08-29 09:00:00,531.72
2017-08-29 10:00:00,592.78
2017-08-29 11:00:00,541.6
2017-08-29 12:00:00,534.83
2017-08-29 13:00:00,517.83
2017-08-29 14:00:00,443.9
2017-08-29 15:00:00,304.5
2017-08-29 16:00:00,142.75
2017-08-29 17:00:00,21.7
2017-08-29 18:00:00,0.0
2017-08-29 19:00:00,0.0
2017-08-29 20:00:00,0.0
2017-08-29 21:00:00,0.0
2017-08-29 22:00:00,0.0
2017-08-29 23:00:00,0.0
2017-08-30 00:00:00,0.0
2017-08-30 01:00:00,0.0
2017-08-30 02:00:00,0.0
2017-08-30 03:00:00,0.0
2017-08-30 04:00:00,0.0
2017-08-30 05:00:00,8.62
2017-08-30 06:00:00,133.2
2017-08-30 07:00:00,322.92
2017-08-30 08:00:00,569.4
2017-08-30 09:00:00,777.8
2017-08-30 10:00:00,886.72
2017-08-30 11:00:00,917.0
2017-08-30 12:00:00,921.85
2017-08-30 13:00:00,797.83
2017-08-30 14:00:00,647.22
2017-08-30 15:00:00,452.8
2017-08-30 16:00:00,221.38
2017-08-30 17:00:00,32.58
2017-08-30 18:00:00,0.0
2017-08-30 19:00:00,0.0
2017-08-30 20:00:00,0.0
2017-08-30 21:00:00,0.0
2017-08-30 22:00:00,0.0
2017-08-30 23:00:00,0.0
2017-08-31 00:00:00,0.0
2017-08-31 01:00:00,0.0
2017-08-31 02:00:00,0.0
2017-08-31 03:00:00,0.0
2017-08-31 04:00:00,0.0
2017-08-31 05:00:00,8.32
2017-08-31 06:00:00,135.75
2017-08-31 07:00:00,336.88
2017-08-31 08:00:00,550.95
2017-08-31 09:00:00,743.55
2017-08-31 10:00:00,833.05
2017-08-31 11:00:00,748.6
2017-08-31 12:00:00,893.67
2017-08-31 13:00:00,793.4
2017-08-31 14:00:00,603.12
2017-08-31 15:00:00,420.55
2017-08-31 16:00:00,199.68
2017-08-31 17:00:00,27.7
2017-08-31 18:00:00,0.0
2017-08-31 19:00:00,0.0
2017-08-31 20:00:00,0.0
2017-08-31 21:00:00,0.0
2017-08-31 22:00:00,0.0
2017-08-31 23:00:00,0.0
2017-09-01 00:00:00,0.0
2017-09-01 01:00:00,0.0
2017-09-01 02:00:00,0.0
2017-09-01 03:00:00,0.0
2017-09-01 04:00:00,0.0
2017-09-01 05:00:00,6.1
2017-09-01 06:00:00,76.68
2017-09-01 07:00:00,217.93
2017-09-01 08:00:00,392.58
2017-09-01 09:00:00,566.45
2017-09-01 10:00:00,760.53
2017-09-01 11:00:00,886.78
2017-09-01 12:00:00,876.4
2017-09-01 13:00:00,797.47
2017-09-01 14:00:00,625.3
2017-09-01 15:00:00,427.2
2017-09-01 16:00:00,201.75
2017-09-01 17:00:00,26.92
2017-09-01 18:00:00,0.0
2017-09-01 19:00:00,0.0
2017-09-01 20:00:00,0.0
2017-09-01 21:00:00,0.0
2017-09-01 22:00:00,0.0
2017-09-01 23:00:00,0.0
2017-09-02 00:00:00,0.0
2017-09-02 01:00:00,0.0
2017-09-02 02:00:00,0.0
2017-09-02 03:00:00,0.0
2017-09-02 04:00:00,0.0
2017-09-02 05:00:00,8.6
2017-09-02 06:00:00,123.38
2017-09-02 07:00:00,306.6
2017-09-02 08:00:00,494.23
2017-09-02 09:00:00,684.17
2017-09-02 10:00:00,818.9
2017-09-02 11:00:00,852.22
2017-09-02 12:00:00,793.72
2017-09-02 13:00:00,745.65
2017-09-02 14:00:00,443.0
2017-09-02 15:00:00,331.52
2017-09-02 16:00:00,144.43
2017-09-02 17:00:00,20.4
2017-09-02 18:00:00,0.0
2017-09-02 19:00:00,0.0
2017-09-02 20:00:00,0.0
2017-09-02 21:00:00,0.0
2017-09-02 22:00:00,0.0
2017-09-02 23:00:00,0.0
2017-09-03 00:00:00,0.0
2017-09-03 01:00:00,0.0
2017-09-03 02:00:00,0.0
2017-09-03 03:00:00,0.0
2017-09-03 04:00:00,0.0
2017-09-03 05:00:00,9.27
2017-09-03 06:00:00,138.73
2017-09-03 07:00:00,340.98
2017-09-03 08:00:00,567.85
2017-09-03 09:00:00,799.4
2017-09-03 10:00:00,807.4
2017-09-03 11:00:00,875.38
2017-09-03 12:00:00,916.8
2017-09-03 13:00:00,811.58
2017-09-03 14:00:00,640.65
2017-09-03 15:00:00,411.02
2017-09-03 16:00:00,206.0
2017-09-03 17:00:00,25.67
2017-09-03 18:00:00,0.0
2017-09-03 19:00:00,0.0
2017-09-03 20:00:00,0.0
2017-09-03 21:00:00,0.0
2017-09-03 22:00:00,0.0
2017-09-03 23:00:00,0.0
2017-09-04 00:00:00,0.0
2017-09-04 01:00:00,0.0
2017-09-04 02:00:00,0.0
2017-09-04 03:00:00,0.0
2017-09-04 04:00:00,0.0
2017-09-04 05:00:00,8.88
2017-09-04 06:00:00,129.07
2017-09-04 07:00:00,323.08
2017-09-04 08:00:00,518.55
2017-09-04 09:00:00,708.58
2017-09-04 10:00:00,714.35
2017-09-04 11:00:00,768.97
2017-09-04 12:00:00,800.08
2017-09-04 13:00:00,740.2
2017-09-04 14:00:00,624.95
2017-09-04 15:00:00,432.15
2017-09-04 16:00:00,201.9
2017-09-04 17:00:00,24.38
2017-09-04 18:00:00,0.0
2017-09-04 19:00:00,0.0
2017-09-04 20:00:00,0.0
2017-09-04 21:00:00,0.0
2017-09-04 22:00:00,0.0
2017-09-04 23:00:00,0.0
2017-09-05 00:00:00,0.0
2017-09-05 01:00:00,0.0
2017-09-05 02:00:00,0.0
2017-09-05 03:00:00,0.0
2017-09-05 04:00:00,0.0
2017-09-05 05:00:00,8.68
2017-09-05 06:00:00,118.1
2017-09-05 07:00:00,299.83
2017-09-05 08:00:00,488.8
2017-09-05 09:00:00,671.05
2017-09-05 10:00:00,773.78
2017-09-05 11:00:00,813.78
2017-09-05 12:00:00,772.6
2017-09-05 13:00:00,753.12
2017-09-05 14:00:00,565.72
2017-09-05 15:00:00,387.08
2017-09-05 16:00:00,174.18
2017-09-05 17:00:00,21.62
2017-09-05 18:00:00,0.0
2017-09-05 19:00:00,0.0
2017-09-05 20:00:00,0.0
2017-09-05 21:00:00,0.0
2017-09-05 22:00:00,0.0
2017-09-05 23:00:00,0.0
2017-09-06 00:00:00,0.0
2017-09-06 01:00:00,0.0
2017-09-06 02:00:00,0.0
2017-09-06 03:00:00,0.0
2017-09-06 04:00:00,0.0
2017-09-06 05:00:00,8.57
2017-09-06 06:00:00,123.07
2017-09-06 07:00:00,324.38
2017-09-06 08:00:00,548.53
2017-09-06 09:00:00,755.25
2017-09-06 10:00:00,854.58
2017-09-06 11:00:00,891.75
2017-09-06 12:00:00,809.1
2017-09-06 13:00:00,772.67
2017-09-06 14:00:00,607.38
2017-09-06 15:00:00,413.73
2017-09-06 16:00:00,192.98
2017-09-06 17:00:00,22.4
2017-09-06 18:00:00,0.0
2017-09-06 19:00:00,0.0
2017-09-06 20:00:00,0.0
2017-09-06 21:00:00,0.0
2017-09-06 22:00:00,0.0
2017-09-06 23:00:00,0.0
2017-09-07 00:00:00,0.0
2017-09-07 01:00:00,0.0
2017-09-07 02:00:00,0.0
2017-09-07 03:00:00,0.0
2017-09-07 04:00:00,0.0
2017-09-07 05:00:00,8.25
2017-09-07 06:00:00,129.48
2017-09-07 07:00:00,323.83
2017-09-07 08:00:00,521.2
2017-09-07 09:00:00,726.9
2017-09-07 10:00:00,627.72
2017-09-07 11:00:00,821.65
2017-09-07 12:00:00,792.17
2017-09-07 13:00:00,737.55
2017-09-07 14:00:00,588.47
2017-09-07 15:00:00,380.0
2017-09-07 16:00:00,166.05
2017-09-07 17:00:00,19.3
2017-09-07 18:00:00,0.0
2017-09-07 19:00:00,0.0
2017-09-07 20:00:00,0.0
2017-09-07 21:00:00,0.0
2017-09-07 22:00:00,0.0
2017-09-07 23:00:00,0.0
2017-09-08 00:00:00,0.0
2017-09-08 01:00:00,0.0
2017-09-08 02:00:00,0.0
2017-09-08 03:00:00,0.0
2017-09-08 04:00:00,0.0
2017-09-08 05:00:00,9.62
2017-09-08 06:00:00,134.43
2017-09-08 07:00:00,332.98
2017-09-08 08:00:00,519.47
2017-09-08 09:00:00,728.2
2017-09-08 10:00:00,795.45
2017-09-08 11:00:00,801.15
2017-09-08 12:00:00,801.5
2017-09-08 13:00:00,730.35
2017-09-08 14:00:00,521.83
2017-09-08 15:00:00,334.85
2017-09-08 16:00:00,156.55
2017-09-08 17:00:00,17.02
2017-09-08 18:00:00,0.0
2017-09-08 19:00:00,0.0
2017-09-08 20:00:00,0.0
2017-09-08 21:00:00,0.0
2017-09-08 22:00:00,0.0
2017-09-08 23:00:00,0.0
2017-09-09 00:00:00,0.0
2017-09-09 01:00:00,0.0
2017-09-09 02:00:00,0.0
2017-09-09 03:00:00,0.0
2017-09-09 04:00:00,0.0
2017-09-09 05:00:00,8.65
2017-09-09 06:00:00,130.55
2017-09-09 07:00:00,322.2
2017-09-09 08:00:00,515.3
2017-09-09 09:00:00,697.28
2017-09-09 10:00:00,791.03
2017-09-09 11:00:00,838.35
2017-09-09 12:00:00,796.72
2017-09-09 13:00:00,712.22
2017-09-09 14:00:00,494.6
2017-09-09 15:00:00,323.12
2017-09-09 16:00:00,158.27
2017-09-09 17:00:00,21.88
2017-09-09 18:00:00,0.0
2017-09-09 19:00:00,0.0
2017-09-09 20:00:00,0.0
2017-09-09 21:00:00,0.0
2017-09-09 22:00:00,0.0
2017-09-09 23:00:00,0.0
2017-09-10 00:00:00,0.0
2017-09-10 01:00:00,0.0
2017-09-10 02:00:00,0.0
2017-09-10 03:00:00,0.0
2017-09-10 04:00:00,0.0
2017-09-10 05:00:00,9.68
2017-09-10 06:00:00,114.85
2017-09-10 07:00:00,271.62
2017-09-10 08:00:00,496.55
2017-09-10 09:00:00,626.75
2017-09-10 10:00:00,646.47
2017-09-10 11:00:00,800.65
2017-09-10 12:00:00,855.15
2017-09-10 13:00:00,678.35
2017-09-10 14:00:00,571.92
2017-09-10 15:00:00,384.67
2017-09-10 16:00:00,178.5
2017-09-10 17:00:00,22.25
2017-09-10 18:00:00,0.0
2017-09-10 19:00:00,0.0
2017-09-10 20:00:00,0.0
2017-09-10 21:00:00,0.0
2017-09-10 22:00:00,0.0
2017-09-10 23:00:00,0.0
2017-09-11 00:00:00,0.0
2017-09-11 01:00:00,0.0
2017-09-11 02:00:00,0.0
2017-09-11 03:00:00,0.0
2017-09-11 04:00:00,0.0
2017-09-11 05:00:00,10.82
2017-09-11 06:00:00,142.73
2017-09-11 07:00:00,323.1
2017-09-11 08:00:00,501.55
2017-09-11 09:00:00,669.55
2017-09-11 10:00:00,696.65
2017-09-11 11:00:00,870.85
2017-09-11 12:00:00,873.5
2017-09-11 13:00:00,801.08
2017-09-11 14:00:00,611.4
2017-09-11 15:00:00,327.15
2017-09-11 16:00:00,161.07
2017-09-11 17:00:00,14.82
2017-09-11 18:00:00,0.0
2017-09-11 19:00:00,0.0
2017-09-11 20:00:00,0.0
2017-09-11 21:00:00,0.0
2017-09-11 22:00:00,0.0
2017-09-11 23:00:00,0.0
2017-09-12 00:00:00,0.0
2017-09-12 01:00:00,0.0
2017-09-12 02:00:00,0.0
2017-09-12 03:00:00,0.0
2017-09-12 04:00:00,0.0
2017-09-12 05:00:00,10.55
2017-09-12 06:00:00,139.65
2017-09-12 07:00:00,321.5
2017-09-12 08:00:00,550.58
2017-09-12 09:00:00,693.85
2017-09-12 10:00:00,817.0
2017-09-12 11:00:00,836.95
2017-09-12 12:00:00,762.95
2017-09-12 13:00:00,739.53
2017-09-12 14:00:00,629.15
2017-09-12 15:00:00,422.83
2017-09-12 16:00:00,188.85
2017-09-12 17:00:00,17.88
2017-09-12 18:00:00,0.0
2017-09-12 19:00:00,0.0
2017-09-12 20:00:00,0.0
2017-09-12 21:00:00,0.0
2017-09-12 22:00:00,0.0
2017-09-12 23:00:00,0.0
2017-09-13 00:00:00,0.0
2017-09-13 01:00:00,0.0
2017-09-13 02:00:00,0.0
2017-09-13 03:00:00,0.0
2017-09-13 04:00:00,0.0
2017-09-13 05:00:00,9.95
2017-09-13 06:00:00,133.62
2017-09-13 07:00:00,324.38
2017-09-13 08:00:00,507.15
2017-09-13 09:00:00,689.45
2017-09-13 10:00:00,803.53
2017-09-13 11:00:00,855.97
2017-09-13 12:00:00,834.95
2017-09-13 13:00:00,769.8
2017-09-13 14:00:00,587.15
2017-09-13 15:00:00,391.77
2017-09-13 16:00:00,168.55
2017-09-13 17:00:00,16.73
2017-09-13 18:00:00,0.0
2017-09-13 19:00:00,0.0
2017-09-13 20:00:00,0.0
2017-09-13 21:00:00,0.0
2017-09-13 22:00:00,0.0
2017-09-13 23:00:00,0.0
2017-09-14 00:00:00,0.0
2017-09-14 01:00:00,0.0
2017-09-14 02:00:00,0.0
2017-09-14 03:00:00,0.0
2017-09-14 04:00:00,0.0
2017-09-14 05:00:00,9.32
2017-09-14 06:00:00,115.32
2017-09-14 07:00:00,292.27
2017-09-14 08:00:00,520.85
2017-09-14 09:00:00,743.65
2017-09-14 10:00:00,787.47
2017-09-14 11:00:00,744.92
2017-09-14 12:00:00,686.62
2017-09-14 13:00:00,620.1
2017-09-14 14:00:00,498.67
2017-09-14 15:00:00,334.35
2017-09-14 16:00:00,143.52
2017-09-14 17:00:00,13.57
2017-09-14 18:00:00,0.0
2017-09-14 19:00:00,0.0
2017-09-14 20:00:00,0.0
2017-09-14 21:00:00,0.0
2017-09-14 22:00:00,0.0
2017-09-14 23:00:00,0.0
2017-09-15 00:00:00,0.0
2017-09-15 01:00:00,0.0
2017-09-15 02:00:00,0.0
2017-09-15 03:00:00,0.0
2017-09-15 04:00:00,0.0
2017-09-15 05:00:00,6.65
2017-09-15 06:00:00,77.6
2017-09-15 07:00:00,179.52
2017-09-15 08:00:00,320.75
2017-09-15 09:00:00,313.3
2017-09-15 10:00:00,529.83
2017-09-15 11:00:00,582.7
2017-09-15 12:00:00,422.75
2017-09-15 13:00:00,334.15
2017-09-15 14:00:00,324.58
2017-09-15 15:00:00,218.8
2017-09-15 16:00:00,96.3
2017-09-15 17:00:00,11.52
2017-09-15 18:00:00,0.0
2017-09-15 19:00:00,0.0
2017-09-15 20:00:00,0.0
2017-09-15 21:00:00,0.0
2017-09-15 22:00:00,0.0
2017-09-15 23:00:00,0.0
2017-09-16 00:00:00,0.0
2017-09-16 01:00:00,0.0
2017-09-16 02:00:00,0.0
2017-09-16 03:00:00,0.0
2017-09-16 04:00:00,0.0
2017-09-16 05:00:00,4.82
2017-09-16 06:00:00,77.65
2017-09-16 07:00:00,191.05
2017-09-16 08:00:00,328.23
2017-09-16 09:00:00,414.1
2017-09-16 10:00:00,542.7
2017-09-16 11:00:00,527.9
2017-09-16 12:00:00,374.6
2017-09-16 13:00:00,256.73
2017-09-16 14:00:00,237.8
2017-09-16 15:00:00,135.52
2017-09-16 16:00:00,65.45
2017-09-16 17:00:00,7.07
2017-09-16 18:00:00,0.0
2017-09-16 19:00:00,0.0
2017-09-16 20:00:00,0.0
2017-09-16 21:00:00,0.0
2017-09-16 22:00:00,0.0
2017-09-16 23:00:00,0.0
2017-09-17 00:00:00,0.0
2017-09-17 01:00:00,0.0
2017-09-17 02:00:00,0.0
2017-09-17 03:00:00,0.0
2017-09-17 04:00:00,0.0
2017-09-17 05:00:00,4.75
2017-09-17 06:00:00,54.53
2017-09-17 07:00:00,148.35
2017-09-17 08:00:00,216.57
2017-09-17 09:00:00,269.0
2017-09-17 10:00:00,380.17
2017-09-17 11:00:00,445.5
2017-09-17 12:00:00,389.9
2017-09-17 13:00:00,267.15
2017-09-17 14:00:00,194.15
2017-09-17 15:00:00,99.62
2017-09-17 16:00:00,42.15
2017-09-17 17:00:00,4.25
2017-09-17 18:00:00,0.0
2017-09-17 19:00:00,0.0
2017-09-17 20:00:00,0.0
2017-09-17 21:00:00,0.0
2017-09-17 22:00:00,0.0
2017-09-17 23:00:00,0.0
2017-09-18 00:00:00,0.0
2017-09-18 01:00:00,0.0
2017-09-18 02:00:00,0.0
2017-09-18 03:00:00,0.0
2017-09-18 04:00:00,0.0
2017-09-18 05:00:00,6.78
2017-09-18 06:00:00,93.28
2017-09-18 07:00:00,232.62
2017-09-18 08:00:00,417.9
2017-09-18 09:00:00,568.12
2017-09-18 10:00:00,692.55
2017-09-18 11:00:00,671.4
2017-09-18 12:00:00,594.58
2017-09-18 13:00:00,487.75
2017-09-18 14:00:00,327.75
2017-09-18 15:00:00,174.8
2017-09-18 16:00:00,66.4
2017-09-18 17:00:00,7.22
2017-09-18 18:00:00,0.0
2017-09-18 19:00:00,0.0
2017-09-18 20:00:00,0.0
2017-09-18 21:00:00,0.0
2017-09-18 22:00:00,0.0
2017-09-18 23:00:00,0.0
2017-09-19 00:00:00,0.0
2017-09-19 01:00:00,0.0
2017-09-19 02:00:00,0.0
2017-09-19 03:00:00,0.0
2017-09-19 04:00:00,0.0
2017-09-19 05:00:00,8.52
2017-09-19 06:00:00,117.28
2017-09-19 07:00:00,303.5
2017-09-19 08:00:00,486.27
2017-09-19 09:00:00,671.72
2017-09-19 10:00:00,790.78
2017-09-19 11:00:00,809.92
2017-09-19 12:00:00,801.9
2017-09-19 13:00:00,666.05
2017-09-19 14:00:00,516.03
2017-09-19 15:00:00,317.9
2017-09-19 16:00:00,127.85
2017-09-19 17:00:00,10.98
2017-09-19 18:00:00,0.0
2017-09-19 19:00:00,0.0
2017-09-19 20:00:00,0.0
2017-09-19 21:00:00,0.0
2017-09-19 22:00:00,0.0
2017-09-19 23:00:00,0.0
2017-09-20 00:00:00,0.0
2017-09-20 01:00:00,0.0
2017-09-20 02:00:00,0.0
2017-09-20 03:00:00,0.0
2017-09-20 04:00:00,0.0
2017-09-20 05:00:00,9.25
2017-09-20 06:00:00,139.8
2017-09-20 07:00:00,328.5
2017-09-20 08:00:00,586.53
2017-09-20 09:00:00,801.83
2017-09-20 10:00:00,907.65
2017-09-20 11:00:00,933.0
2017-09-20 12:00:00,881.35
2017-09-20 13:00:00,745.25
2017-09-20 14:00:00,524.83
2017-09-20 15:00:00,323.7
2017-09-20 16:00:00,132.6
2017-09-20 17:00:00,9.27
2017-09-20 18:00:00,0.0
2017-09-20 19:00:00,0.0
2017-09-20 20:00:00,0.0
2017-09-20 21:00:00,0.0
2017-09-20 22:00:00,0.0
2017-09-20 23:00:00,0.0
2017-09-21 00:00:00,0.0
2017-09-21 01:00:00,0.0
2017-09-21 02:00:00,0.0
2017-09-21 03:00:00,0.0
2017-09-21 04:00:00,0.0
2017-09-21 05:00:00,9.93
2017-09-21 06:00:00,155.82
2017-09-21 07:00:00,381.45
2017-09-21 08:00:00,618.0
2017-09-21 09:00:00,803.2
2017-09-21 10:00:00,881.33
2017-09-21 11:00:00,941.12
2017-09-21 12:00:00,880.0
2017-09-21 13:00:00,764.25
2017-09-21 14:00:00,549.08
2017-09-21 15:00:00,341.92
2017-09-21 16:00:00,132.0
2017-09-21 17:00:00,9.35
2017-09-21 18:00:00,0.0
2017-09-21 19:00:00,0.0
2017-09-21 20:00:00,0.0
2017-09-21 21:00:00,0.0
2017-09-21 22:00:00,0.0
2017-09-21 23:00:00,0.0
2017-09-22 00:00:00,0.0
2017-09-22 01:00:00,0.0
2017-09-22 02:00:00,0.0
2017-09-22 03:00:00,0.0
2017-09-22 04:00:00,0.0
2017-09-22 05:00:00,7.18
2017-09-22 06:00:00,86.93
2017-09-22 07:00:00,170.1
2017-09-22 08:00:00,258.52
2017-09-22 09:00:00,536.35
2017-09-22 10:00:00,759.25
2017-09-22 11:00:00,819.62
2017-09-22 12:00:00,677.42
2017-09-22 13:00:00,651.55
2017-09-22 14:00:00,470.25
2017-09-22 15:00:00,284.45
2017-09-22 16:00:00,123.05
2017-09-22 17:00:00,9.93
2017-09-22 18:00:00,0.0
2017-09-22 19:00:00,0.0
2017-09-22 20:00:00,0.0
2017-09-22 21:00:00,0.0
2017-09-22 22:00:00,0.0
2017-09-22 23:00:00,0.0
2017-09-23 00:00:00,0.0
2017-09-23 01:00:00,0.0
2017-09-23 02:00:00,0.0
2017-09-23 03:00:00,0.0
2017-09-23 04:00:00,0.0
2017-09-23 05:00:00,9.27
2017-09-23 06:00:00,135.5
2017-09-23 07:00:00,342.77
2017-09-23 08:00:00,572.75
2017-09-23 09:00:00,769.78
2017-09-23 10:00:00,832.9
2017-09-23 11:00:00,876.5
2017-09-23 12:00:00,835.12
2017-09-23 13:00:00,712.58
2017-09-23 14:00:00,529.1
2017-09-23 15:00:00,327.62
2017-09-23 16:00:00,129.98
2017-09-23 17:00:00,9.62
2017-09-23 18:00:00,0.0
2017-09-23 19:00:00,0.0
2017-09-23 20:00:00,0.0
2017-09-23 21:00:00,0.0
2017-09-23 22:00:00,0.0
2017-09-23 23:00:00,0.0
2017-09-24 00:00:00,0.0
2017-09-24 01:00:00,0.0
2017-09-24 02:00:00,0.0
2017-09-24 03:00:00,0.0
2017-09-24 04:00:00,0.0
2017-09-24 05:00:00,6.9
2017-09-24 06:00:00,82.1
2017-09-24 07:00:00,182.45
2017-09-24 08:00:00,203.5
2017-09-24 09:00:00,132.07
2017-09-24 10:00:00,456.52
2017-09-24 11:00:00,589.22
2017-09-24 12:00:00,571.95
2017-09-24 13:00:00,554.25
2017-09-24 14:00:00,461.3
2017-09-24 15:00:00,268.35
2017-09-24 16:00:00,108.3
2017-09-24 17:00:00,6.93
2017-09-24 18:00:00,0.0
2017-09-24 19:00:00,0.0
2017-09-24 20:00:00,0.0
2017-09-24 21:00:00,0.0
2017-09-24 22:00:00,0.0
2017-09-24 23:00:00,0.0
2017-09-25 00:00:00,0.0
2017-09-25 01:00:00,0.0
2017-09-25 02:00:00,0.0
2017-09-25 03:00:00,0.0
2017-09-25 04:00:00,0.0
2017-09-25 05:00:00,5.07
2017-09-25 06:00:00,62.2
2017-09-25 07:00:00,170.5
2017-09-25 08:00:00,134.95
2017-09-25 09:00:00,238.68
2017-09-25 10:00:00,382.75
2017-09-25 11:00:00,378.35
2017-09-25 12:00:00,337.38
2017-09-25 13:00:00,351.7
2017-09-25 14:00:00,332.67
2017-09-25 15:00:00,211.82
2017-09-25 16:00:00,89.12
2017-09-25 17:00:00,8.38
2017-09-25 18:00:00,0.0
2017-09-25 19:00:00,0.0
2017-09-25 20:00:00,0.0
2017-09-25 21:00:00,0.0
2017-09-25 22:00:00,0.0
2017-09-25 23:00:00,0.0
2017-09-26 00:00:00,0.0
2017-09-26 01:00:00,0.0
2017-09-26 02:00:00,0.0
2017-09-26 03:00:00,0.0
2017-09-26 04:00:00,0.0
2017-09-26 05:00:00,3.72
2017-09-26 06:00:00,35.55
2017-09-26 07:00:00,70.0
2017-09-26 08:00:00,86.68
2017-09-26 09:00:00,176.8
2017-09-26 10:00:00,255.82
2017-09-26 11:00:00,707.62
2017-09-26 12:00:00,384.77
2017-09-26 13:00:00,539.03
2017-09-26 14:00:00,441.98
2017-09-26 15:00:00,253.77
2017-09-26 16:00:00,80.75
2017-09-26 17:00:00,5.55
2017-09-26 18:00:00,0.0
2017-09-26 19:00:00,0.0
2017-09-26 20:00:00,0.0
2017-09-26 21:00:00,0.0
2017-09-26 22:00:00,0.0
2017-09-26 23:00:00,0.0
2017-09-27 00:00:00,0.0
2017-09-27 01:00:00,0.0
2017-09-27 02:00:00,0.0
2017-09-27 03:00:00,0.0
2017-09-27 04:00:00,0.0
2017-09-27 05:00:00,5.93
2017-09-27 06:00:00,75.75
2017-09-27 07:00:00,187.75
2017-09-27 08:00:00,166.05
2017-09-27 09:00:00,139.15
2017-09-27 10:00:00,101.35
2017-09-27 11:00:00,184.43
2017-09-27 12:00:00,215.35
2017-09-27 13:00:00,178.82
2017-09-27 14:00:00,227.68
2017-09-27 15:00:00,208.75
2017-09-27 16:00:00,85.65
2017-09-27 17:00:00,6.82
2017-09-27 18:00:00,0.0
2017-09-27 19:00:00,0.0
2017-09-27 20:00:00,0.0
2017-09-27 21:00:00,0.0
2017-09-27 22:00:00,0.0
2017-09-27 23:00:00,0.0
2017-09-28 00:00:00,0.0
2017-09-28 01:00:00,0.0
2017-09-28 02:00:00,0.0
2017-09-28 03:00:00,0.0
2017-09-28 04:00:00,0.0
2017-09-28 05:00:00,6.38
2017-09-28 06:00:00,79.03
2017-09-28 07:00:00,195.4
2017-09-28 08:00:00,318.58
2017-09-28 09:00:00,453.02
2017-09-28 10:00:00,575.1
2017-09-28 11:00:00,650.03
2017-09-28 12:00:00,643.2
2017-09-28 13:00:00,513.72
2017-09-28 14:00:00,311.02
2017-09-28 15:00:00,187.73
2017-09-28 16:00:00,82.3
2017-09-28 17:00:00,4.93
2017-09-28 18:00:00,0.0
2017-09-28 19:00:00,0.0
2017-09-28 20:00:00,0.0
2017-09-28 21:00:00,0.0
2017-09-28 22:00:00,0.0
2017-09-28 23:00:00,0.0
2017-09-29 00:00:00,0.0
2017-09-29 01:00:00,0.0
2017-09-29 02:00:00,0.0
2017-09-29 03:00:00,0.0
2017-09-29 04:00:00,0.0
2017-09-29 05:00:00,5.5
2017-09-29 06:00:00,77.47
2017-09-29 07:00:00,192.43
2017-09-29 08:00:00,325.85
2017-09-29 09:00:00,460.67
2017-09-29 10:00:00,535.47
2017-09-29 11:00:00,562.88
2017-09-29 12:00:00,543.22
2017-09-29 13:00:00,438.98
2017-09-29 14:00:00,319.42
2017-09-29 15:00:00,183.7
2017-09-29 16:00:00,78.15
2017-09-29 17:00:00,4.82
2017-09-29 18:00:00,0.0
2017-09-29 19:00:00,0.0
2017-09-29 20:00:00,0.0
2017-09-29 21:00:00,0.0
2017-09-29 22:00:00,0.0
2017-09-29 23:00:00,0.0
2017-09-30 00:00:00,0.0
2017-09-30 01:00:00,0.0
2017-09-30 02:00:00,0.0
2017-09-30 03:00:00,0.0
2017-09-30 04:00:00,0.0
2017-09-30 05:00:00,3.05
2017-09-30 06:00:00,41.95
2017-09-30 07:00:00,97.2
2017-09-30 08:00:00,192.55
2017-09-30 09:00:00,326.0
2017-09-30 10:00:00,524.65
2017-09-30 11:00:00,586.08
2017-09-30 12:00:00,559.85
2017-09-30 13:00:00,455.17
2017-09-30 14:00:00,378.23
2017-09-30 15:00:00,216.65
2017-09-30 16:00:00,92.05
2017-09-30 17:00:00,4.95
2017-09-30 18:00:00,0.0
2017-09-30 19:00:00,0.0
2017-09-30 20:00:00,0.0
2017-09-30 21:00:00,0.0
2017-09-30 22:00:00,0.0
2017-09-30 23:00:00,0.0
2017-10-01 00:00:00,0.0
2017-10-01 01:00:00,0.0
2017-10-01 02:00:00,0.0
2017-10-01 03:00:00,0.0
2017-10-01 04:00:00,0.0
2017-10-01 05:00:00,5.12
2017-10-01 06:00:00,65.05
2017-10-01 07:00:00,156.48
2017-10-01 08:00:00,266.1
2017-10-01 09:00:00,496.75
2017-10-01 10:00:00,502.4
2017-10-01 11:00:00,665.35
2017-10-01 12:00:00,607.88
2017-10-01 13:00:00,656.15
2017-10-01 14:00:00,581.38
2017-10-01 15:00:00,364.27
2017-10-01 16:00:00,138.12
2017-10-01 17:00:00,6.53
2017-10-01 18:00:00,0.0
2017-10-01 19:00:00,0.0
2017-10-01 20:00:00,0.0
2017-10-01 21:00:00,0.0
2017-10-01 22:00:00,0.0
2017-10-01 23:00:00,0.0
2017-10-02 00:00:00,0.0
2017-10-02 01:00:00,0.0
2017-10-02 02:00:00,0.0
2017-10-02 03:00:00,0.0
2017-10-02 04:00:00,0.0
2017-10-02 05:00:00,8.4
2017-10-02 06:00:00,133.2
2017-10-02 07:00:00,341.12
2017-10-02 08:00:00,564.6
2017-10-02 09:00:00,761.58
2017-10-02 10:00:00,854.83
2017-10-02 11:00:00,868.25
2017-10-02 12:00:00,768.83
2017-10-02 13:00:00,737.15
2017-10-02 14:00:00,577.88
2017-10-02 15:00:00,368.02
2017-10-02 16:00:00,137.85
2017-10-02 17:00:00,6.6
2017-10-02 18:00:00,0.0
2017-10-02 19:00:00,0.0
2017-10-02 20:00:00,0.0
2017-10-02 21:00:00,0.0
2017-10-02 22:00:00,0.0
2017-10-02 23:00:00,0.0
2017-10-03 00:00:00,0.0
2017-10-03 01:00:00,0.0
2017-10-03 02:00:00,0.0
2017-10-03 03:00:00,0.0
2017-10-03 04:00:00,0.0
2017-10-03 05:00:00,8.25
2017-10-03 06:00:00,140.65
2017-10-03 07:00:00,362.3
2017-10-03 08:00:00,600.78
2017-10-03 09:00:00,746.78
2017-10-03 10:00:00,781.8
2017-10-03 11:00:00,764.15
2017-10-03 12:00:00,848.85
2017-10-03 13:00:00,741.2
2017-10-03 14:00:00,551.7
2017-10-03 15:00:00,331.17
2017-10-03 16:00:00,122.75
2017-10-03 17:00:00,5.62
2017-10-03 18:00:00,0.0
2017-10-03 19:00:00,0.0
2017-10-03 20:00:00,0.0
2017-10-03 21:00:00,0.0
2017-10-03 22:00:00,0.0
2017-10-03 23:00:00,0.0
2017-10-04 00:00:00,0.0
2017-10-04 01:00:00,0.0
2017-10-04 02:00:00,0.0
2017-10-04 03:00:00,0.0
2017-10-04 04:00:00,0.0
2017-10-04 05:00:00,9.07
2017-10-04 06:00:00,128.12
2017-10-04 07:00:00,336.2
2017-10-04 08:00:00,557.15
2017-10-04 09:00:00,747.05
2017-10-04 10:00:00,867.5
2017-10-04 11:00:00,908.95
2017-10-04 12:00:00,813.38
2017-10-04 13:00:00,663.72
2017-10-04 14:00:00,379.4
2017-10-04 15:00:00,240.32
2017-10-04 16:00:00,96.47
2017-10-04 17:00:00,4.57
2017-10-04 18:00:00,0.0
2017-10-04 19:00:00,0.0
2017-10-04 20:00:00,0.0
2017-10-04 21:00:00,0.0
2017-10-04 22:00:00,0.0
2017-10-04 23:00:00,0.0
2017-10-05 00:00:00,0.0
2017-10-05 01:00:00,0.0
2017-10-05 02:00:00,0.0
2017-10-05 03:00:00,0.0
2017-10-05 04:00:00,0.0
2017-10-05 05:00:00,7.68
2017-10-05 06:00:00,120.12
2017-10-05 07:00:00,318.83
2017-10-05 08:00:00,510.52
2017-10-05 09:00:00,592.3
2017-10-05 10:00:00,545.75
2017-10-05 11:00:00,556.67
2017-10-05 12:00:00,547.22
2017-10-05 13:00:00,496.95
2017-10-05 14:00:00,413.73
2017-10-05 15:00:00,241.75
2017-10-05 16:00:00,77.7
2017-10-05 17:00:00,4.07
2017-10-05 18:00:00,0.0
2017-10-05 19:00:00,0.0
2017-10-05 20:00:00,0.0
2017-10-05 21:00:00,0.0
2017-10-05 22:00:00,0.0
2017-10-05 23:00:00,0.0
2017-10-06 00:00:00,0.0
2017-10-06 01:00:00,0.0
2017-10-06 02:00:00,0.0
2017-10-06 03:00:00,0.0
2017-10-06 04:00:00,0.0
2017-10-06 05:00:00,8.73
2017-10-06 06:00:00,126.65
2017-10-06 07:00:00,317.67
2017-10-06 08:00:00,463.2
2017-10-06 09:00:00,707.1
2017-10-06 10:00:00,778.5
2017-10-06 11:00:00,816.22
2017-10-06 12:00:00,746.5
2017-10-06 13:00:00,663.25
2017-10-06 14:00:00,500.2
2017-10-06 15:00:00,306.05
2017-10-06 16:00:00,105.8
2017-10-06 17:00:00,4.7
2017-10-06 18:00:00,0.0
2017-10-06 19:00:00,0.0
2017-10-06 20:00:00,0.0
2017-10-06 21:00:00,0.0
2017-10-06 22:00:00,0.0
2017-10-06 23:00:00,0.0
2017-10-07 00:00:00,0.0
2017-10-07 01:00:00,0.0
2017-10-07 02:00:00,0.0
2017-10-07 03:00:00,0.0
2017-10-07 04:00:00,0.0
2017-10-07 05:00:00,6.53
2017-10-07 06:00:00,90.7
2017-10-07 07:00:00,226.25
2017-10-07 08:00:00,489.88
2017-10-07 09:00:00,655.47
2017-10-07 10:00:00,759.92
2017-10-07 11:00:00,775.72
2017-10-07 12:00:00,730.0
2017-10-07 13:00:00,681.47
2017-10-07 14:00:00,512.83
2017-10-07 15:00:00,306.5
2017-10-07 16:00:00,102.28
2017-10-07 17:00:00,3.92
2017-10-07 18:00:00,0.0
2017-10-07 19:00:00,0.0
2017-10-07 20:00:00,0.0
2017-10-07 21:00:00,0.0
2017-10-07 22:00:00,0.0
2017-10-07 23:00:00,0.0
2017-10-08 00:00:00,0.0
2017-10-08 01:00:00,0.0
2017-10-08 02:00:00,0.0
2017-10-08 03:00:00,0.0
2017-10-08 04:00:00,0.0
2017-10-08 05:00:00,9.35
2017-10-08 06:00:00,129.02
2017-10-08 07:00:00,321.02
2017-10-08 08:00:00,471.9
2017-10-08 09:00:00,651.92
2017-10-08 10:00:00,812.0
2017-10-08 11:00:00,876.5
2017-10-08 12:00:00,769.53
2017-10-08 13:00:00,680.97
2017-10-08 14:00:00,528.45
2017-10-08 15:00:00,333.88
2017-10-08 16:00:00,122.97
2017-10-08 17:00:00,4.35
2017-10-08 18:00:00,0.0
2017-10-08 19:00:00,0.0
2017-10-08 20:00:00,0.0
2017-10-08 21:00:00,0.0
2017-10-08 22:00:00,0.0
2017-10-08 23:00:00,0.0
2017-10-09 00:00:00,0.0
2017-10-09 01:00:00,0.0
2017-10-09 02:00:00,0.0
2017-10-09 03:00:00,0.0
2017-10-09 04:00:00,0.0
2017-10-09 05:00:00,9.4
2017-10-09 06:00:00,129.25
2017-10-09 07:00:00,310.83
2017-10-09 08:00:00,511.65
2017-10-09 09:00:00,712.47
2017-10-09 10:00:00,806.78
2017-10-09 11:00:00,903.1
2017-10-09 12:00:00,802.1
2017-10-09 13:00:00,682.58
2017-10-09 14:00:00,514.53
2017-10-09 15:00:00,310.77
2017-10-09 16:00:00,110.97
2017-10-09 17:00:00,3.85
2017-10-09 18:00:00,0.0
2017-10-09 19:00:00,0.0
2017-10-09 20:00:00,0.0
2017-10-09 21:00:00,0.0
2017-10-09 22:00:00,0.0
2017-10-09 23:00:00,0.0
2017-10-10 00:00:00,0.0
2017-10-10 01:00:00,0.0
2017-10-10 02:00:00,0.0
2017-10-10 03:00:00,0.0
2017-10-10 04:00:00,0.0
2017-10-10 05:00:00,9.02
2017-10-10 06:00:00,135.55
2017-10-10 07:00:00,337.95
2017-10-10 08:00:00,523.25
2017-10-10 09:00:00,722.3
2017-10-10 10:00:00,859.53
2017-10-10 11:00:00,718.3
2017-10-10 12:00:00,813.65
2017-10-10 13:00:00,732.92
2017-10-10 14:00:00,517.67
2017-10-10 15:00:00,323.05
2017-10-10 16:00:00,107.9
2017-10-10 17:00:00,3.72
2017-10-10 18:00:00,0.0
2017-10-10 19:00:00,0.0
2017-10-10 20:00:00,0.0
2017-10-10 21:00:00,0.0
2017-10-10 22:00:00,0.0
2017-10-10 23:00:00,0.0
2017-10-11 00:00:00,0.0
2017-10-11 01:00:00,0.0
2017-10-11 02:00:00,0.0
2017-10-11 03:00:00,0.0
2017-10-11 04:00:00,0.0
2017-10-11 05:00:00,9.52
2017-10-11 06:00:00,145.43
2017-10-11 07:00:00,340.42
2017-10-11 08:00:00,555.83
2017-10-11 09:00:00,732.5
2017-10-11 10:00:00,790.35
2017-10-11 11:00:00,834.28
2017-10-11 12:00:00,776.6
2017-10-11 13:00:00,670.55
2017-10-11 14:00:00,479.88
2017-10-11 15:00:00,286.92
2017-10-11 16:00:00,98.68
2017-10-11 17:00:00,3.28
2017-10-11 18:00:00,0.0
2017-10-11 19:00:00,0.0
2017-10-11 20:00:00,0.0
2017-10-11 21:00:00,0.0
2017-10-11 22:00:00,0.0
2017-10-11 23:00:00,0.0
2017-10-12 00:00:00,0.0
2017-10-12 01:00:00,0.0
2017-10-12 02:00:00,0.0
2017-10-12 03:00:00,0.0
2017-10-12 04:00:00,0.0
2017-10-12 05:00:00,7.97
2017-10-12 06:00:00,117.1
2017-10-12 07:00:00,308.98
2017-10-12 08:00:00,498.2
2017-10-12 09:00:00,683.55
2017-10-12 10:00:00,677.72
2017-10-12 11:00:00,640.25
2017-10-12 12:00:00,434.75
2017-10-12 13:00:00,433.4
2017-10-12 14:00:00,247.1
2017-10-12 15:00:00,158.12
2017-10-12 16:00:00,59.83
2017-10-12 17:00:00,2.45
2017-10-12 18:00:00,0.0
2017-10-12 19:00:00,0.0
2017-10-12 20:00:00,0.0
2017-10-12 21:00:00,0.0
2017-10-12 22:00:00,0.0
2017-10-12 23:00:00,0.0
2017-10-13 00:00:00,0.0
2017-10-13 01:00:00,0.0
2017-10-13 02:00:00,0.0
2017-10-13 03:00:00,0.0
2017-10-13 04:00:00,0.0
2017-10-13 05:00:00,4.22
2017-10-13 06:00:00,58.38
2017-10-13 07:00:00,129.2
2017-10-13 08:00:00,208.57
2017-10-13 09:00:00,245.23
2017-10-13 10:00:00,186.6
2017-10-13 11:00:00,222.4
2017-10-13 12:00:00,279.75
2017-10-13 13:00:00,189.98
2017-10-13 14:00:00,224.95
2017-10-13 15:00:00,118.07
2017-10-13 16:00:00,50.22
2017-10-13 17:00:00,0.0
2017-10-13 18:00:00,0.0
2017-10-13 19:00:00,0.0
2017-10-13 20:00:00,0.0
2017-10-13 21:00:00,0.0
2017-10-13 22:00:00,0.0
2017-10-13 23:00:00,0.0
2017-10-14 00:00:00,0.0
2017-10-14 01:00:00,0.0
2017-10-14 02:00:00,0.0
2017-10-14 03:00:00,0.0
2017-10-14 04:00:00,0.0
2017-10-14 05:00:00,4.6
2017-10-14 06:00:00,52.03
2017-10-14 07:00:00,107.75
2017-10-14 08:00:00,224.7
2017-10-14 09:00:00,256.7
2017-10-14 10:00:00,315.42
2017-10-14 11:00:00,310.45
2017-10-14 12:00:00,281.6
2017-10-14 13:00:00,347.73
2017-10-14 14:00:00,250.05
2017-10-14 15:00:00,105.32
2017-10-14 16:00:00,21.42
2017-10-14 17:00:00,0.0
2017-10-14 18:00:00,0.0
2017-10-14 19:00:00,0.0
2017-10-14 20:00:00,0.0
2017-10-14 21:00:00,0.0
2017-10-14 22:00:00,0.0
2017-10-14 23:00:00,0.0
2017-10-15 00:00:00,0.0
2017-10-15 01:00:00,0.0
2017-10-15 02:00:00,0.0
2017-10-15 03:00:00,0.0
2017-10-15 04:00:00,0.0
2017-10-15 05:00:00,8.05
2017-10-15 06:00:00,117.9
2017-10-15 07:00:00,294.0
2017-10-15 08:00:00,469.55
2017-10-15 09:00:00,421.85
2017-10-15 10:00:00,534.25
2017-10-15 11:00:00,459.2
2017-10-15 12:00:00,517.4
2017-10-15 13:00:00,409.15
2017-10-15 14:00:00,310.52
2017-10-15 15:00:00,168.88
2017-10-15 16:00:00,69.97
2017-10-15 17:00:00,0.0
2017-10-15 18:00:00,0.0
2017-10-15 19:00:00,0.0
2017-10-15 20:00:00,0.0
2017-10-15 21:00:00,0.0
2017-10-15 22:00:00,0.0
2017-10-15 23:00:00,0.0
2017-10-16 00:00:00,0.0
2017-10-16 01:00:00,0.0
2017-10-16 02:00:00,0.0
2017-10-16 03:00:00,0.0
2017-10-16 04:00:00,0.0
2017-10-16 05:00:00,1.77
2017-10-16 06:00:00,46.67
2017-10-16 07:00:00,124.45
2017-10-16 08:00:00,246.4
2017-10-16 09:00:00,203.9
2017-10-16 10:00:00,115.05
2017-10-16 11:00:00,133.27
2017-10-16 12:00:00,117.5
2017-10-16 13:00:00,123.8
2017-10-16 14:00:00,70.93
2017-10-16 15:00:00,45.88
2017-10-16 16:00:00,19.0
2017-10-16 17:00:00,0.0
2017-10-16 18:00:00,0.0
2017-10-16 19:00:00,0.0
2017-10-16 20:00:00,0.0
2017-10-16 21:00:00,0.0
2017-10-16 22:00:00,0.0
2017-10-16 23:00:00,0.0
2017-10-17 00:00:00,0.0
2017-10-17 01:00:00,0.0
2017-10-17 02:00:00,0.0
2017-10-17 03:00:00,0.0
2017-10-17 04:00:00,0.0
2017-10-17 05:00:00,2.15
2017-10-17 06:00:00,28.48
2017-10-17 07:00:00,77.25
2017-10-17 08:00:00,137.0
2017-10-17 09:00:00,66.68
2017-10-17 10:00:00,110.7
2017-10-17 11:00:00,160.27
2017-10-17 12:00:00,253.32
2017-10-17 13:00:00,223.07
2017-10-17 14:00:00,152.88
2017-10-17 15:00:00,92.2
2017-10-17 16:00:00,33.9
2017-10-17 17:00:00,0.0
2017-10-17 18:00:00,0.0
2017-10-17 19:00:00,0.0
2017-10-17 20:00:00,0.0
2017-10-17 21:00:00,0.0
2017-10-17 22:00:00,0.0
2017-10-17 23:00:00,0.0
2017-10-18 00:00:00,0.0
2017-10-18 01:00:00,0.0
2017-10-18 02:00:00,0.0
2017-10-18 03:00:00,0.0
2017-10-18 04:00:00,0.0
2017-10-18 05:00:00,4.45
2017-10-18 06:00:00,64.68
2017-10-18 07:00:00,181.93
2017-10-18 08:00:00,307.35
2017-10-18 09:00:00,437.73
2017-10-18 10:00:00,495.17
2017-10-18 11:00:00,530.47
2017-10-18 12:00:00,526.15
2017-10-18 13:00:00,440.35
2017-10-18 14:00:00,292.5
2017-10-18 15:00:00,158.77
2017-10-18 16:00:00,56.53
2017-10-18 17:00:00,0.0
2017-10-18 18:00:00,0.0
2017-10-18 19:00:00,0.0
2017-10-18 20:00:00,0.0
2017-10-18 21:00:00,0.0
2017-10-18 22:00:00,0.0
2017-10-18 23:00:00,0.0
2017-10-19 00:00:00,0.0
2017-10-19 01:00:00,0.0
2017-10-19 02:00:00,0.0
2017-10-19 03:00:00,0.0
2017-10-19 04:00:00,0.0
2017-10-19 05:00:00,6.45
2017-10-19 06:00:00,106.7
2017-10-19 07:00:00,255.68
2017-10-19 08:00:00,442.12
2017-10-19 09:00:00,605.95
2017-10-19 10:00:00,661.78
2017-10-19 11:00:00,701.67
2017-10-19 12:00:00,717.33
2017-10-19 13:00:00,631.4
2017-10-19 14:00:00,437.7
2017-10-19 15:00:00,254.57
2017-10-19 16:00:00,84.25
2017-10-19 17:00:00,0.0
2017-10-19 18:00:00,0.0
2017-10-19 19:00:00,0.0
2017-10-19 20:00:00,0.0
2017-10-19 21:00:00,0.0
2017-10-19 22:00:00,0.0
2017-10-19 23:00:00,0.0
2017-10-20 00:00:00,0.0
2017-10-20 01:00:00,0.0
2017-10-20 02:00:00,0.0
2017-10-20 03:00:00,0.0
2017-10-20 04:00:00,0.0
2017-10-20 05:00:00,6.38
2017-10-20 06:00:00,102.07
2017-10-20 07:00:00,287.4
2017-10-20 08:00:00,481.62
2017-10-20 09:00:00,671.85
2017-10-20 10:00:00,784.3
2017-10-20 11:00:00,824.8
2017-10-20 12:00:00,783.88
2017-10-20 13:00:00,657.53
2017-10-20 14:00:00,486.5
2017-10-20 15:00:00,284.92
2017-10-20 16:00:00,76.88
2017-10-20 17:00:00,0.0
2017-10-20 18:00:00,0.0
2017-10-20 19:00:00,0.0
2017-10-20 20:00:00,0.0
2017-10-20 21:00:00,0.0
2017-10-20 22:00:00,0.0
2017-10-20 23:00:00,0.0
2017-10-21 00:00:00,0.0
2017-10-21 01:00:00,0.0
2017-10-21 02:00:00,0.0
2017-10-21 03:00:00,0.0
2017-10-21 04:00:00,0.0
2017-10-21 05:00:00,7.43
2017-10-21 06:00:00,110.85
2017-10-21 07:00:00,286.4
2017-10-21 08:00:00,457.12
2017-10-21 09:00:00,621.42
2017-10-21 10:00:00,697.38
2017-10-21 11:00:00,750.65
2017-10-21 12:00:00,731.03
2017-10-21 13:00:00,577.55
2017-10-21 14:00:00,431.25
2017-10-21 15:00:00,230.62
2017-10-21 16:00:00,67.75
2017-10-21 17:00:00,0.0
2017-10-21 18:00:00,0.0
2017-10-21 19:00:00,0.0
2017-10-21 20:00:00,0.0
2017-10-21 21:00:00,0.0
2017-10-21 22:00:00,0.0
2017-10-21 23:00:00,0.0
2017-10-22 00:00:00,0.0
2017-10-22 01:00:00,0.0
2017-10-22 02:00:00,0.0
2017-10-22 03:00:00,0.0
2017-10-22 04:00:00,0.0
2017-10-22 05:00:00,5.12
2017-10-22 06:00:00,93.32
2017-10-22 07:00:00,234.8
2017-10-22 08:00:00,427.48
2017-10-22 09:00:00,627.28
2017-10-22 10:00:00,664.05
2017-10-22 11:00:00,730.08
2017-10-22 12:00:00,701.12
2017-10-22 13:00:00,595.88
2017-10-22 14:00:00,412.38
2017-10-22 15:00:00,221.5
2017-10-22 16:00:00,63.7
2017-10-22 17:00:00,0.0
2017-10-22 18:00:00,0.0
2017-10-22 19:00:00,0.0
2017-10-22 20:00:00,0.0
2017-10-22 21:00:00,0.0
2017-10-22 22:00:00,0.0
2017-10-22 23:00:00,0.0
2017-10-23 00:00:00,0.0
2017-10-23 01:00:00,0.0
2017-10-23 02:00:00,0.0
2017-10-23 03:00:00,0.0
2017-10-23 04:00:00,0.0
2017-10-23 05:00:00,6.22
2017-10-23 06:00:00,103.82
2017-10-23 07:00:00,288.02
2017-10-23 08:00:00,484.83
2017-10-23 09:00:00,624.78
2017-10-23 10:00:00,769.53
2017-10-23 11:00:00,740.97
2017-10-23 12:00:00,748.22
2017-10-23 13:00:00,700.0
2017-10-23 14:00:00,513.33
2017-10-23 15:00:00,297.52
2017-10-23 16:00:00,89.18
2017-10-23 17:00:00,0.0
2017-10-23 18:00:00,0.0
2017-10-23 19:00:00,0.0
2017-10-23 20:00:00,0.0
2017-10-23 21:00:00,0.0
2017-10-23 22:00:00,0.0
2017-10-23 23:00:00,0.0
2017-10-24 00:00:00,0.0
2017-10-24 01:00:00,0.0
2017-10-24 02:00:00,0.0
2017-10-24 03:00:00,0.0
2017-10-24 04:00:00,0.0
2017-10-24 05:00:00,4.68
2017-10-24 06:00:00,97.38
2017-10-24 07:00:00,319.83
2017-10-24 08:00:00,515.9
2017-10-24 09:00:00,685.3
2017-10-24 10:00:00,601.63
2017-10-24 11:00:00,831.62
2017-10-24 12:00:00,699.78
2017-10-24 13:00:00,632.22
2017-10-24 14:00:00,477.42
2017-10-24 15:00:00,278.45
2017-10-24 16:00:00,83.28
2017-10-24 17:00:00,0.0
2017-10-24 18:00:00,0.0
2017-10-24 19:00:00,0.0
2017-10-24 20:00:00,0.0
2017-10-24 21:00:00,0.0
2017-10-24 22:00:00,0.0
2017-10-24 23:00:00,0.0
2017-10-25 00:00:00,0.0
2017-10-25 01:00:00,0.0
2017-10-25 02:00:00,0.0
2017-10-25 03:00:00,0.0
2017-10-25 04:00:00,0.0
2017-10-25 05:00:00,6.93
2017-10-25 06:00:00,121.12
2017-10-25 07:00:00,311.73
2017-10-25 08:00:00,466.83
2017-10-25 09:00:00,611.67
2017-10-25 10:00:00,703.15
2017-10-25 11:00:00,726.28
2017-10-25 12:00:00,686.35
2017-10-25 13:00:00,520.65
2017-10-25 14:00:00,370.98
2017-10-25 15:00:00,196.35
2017-10-25 16:00:00,54.4
2017-10-25 17:00:00,0.0
2017-10-25 18:00:00,0.0
2017-10-25 19:00:00,0.0
2017-10-25 20:00:00,0.0
2017-10-25 21:00:00,0.0
2017-10-25 22:00:00,0.0
2017-10-25 23:00:00,0.0
2017-10-26 00:00:00,0.0
2017-10-26 01:00:00,0.0
2017-10-26 02:00:00,0.0
2017-10-26 03:00:00,0.0
2017-10-26 04:00:00,0.0
2017-10-26 05:00:00,6.3
2017-10-26 06:00:00,83.82
2017-10-26 07:00:00,172.32
2017-10-26 08:00:00,256.83
2017-10-26 09:00:00,440.4
2017-10-26 10:00:00,476.35
2017-10-26 11:00:00,604.65
2017-10-26 12:00:00,530.53
2017-10-26 13:00:00,434.92
2017-10-26 14:00:00,339.83
2017-10-26 15:00:00,192.48
2017-10-26 16:00:00,51.22
2017-10-26 17:00:00,0.0
2017-10-26 18:00:00,0.0
2017-10-26 19:00:00,0.0
2017-10-26 20:00:00,0.0
2017-10-26 21:00:00,0.0
2017-10-26 22:00:00,0.0
2017-10-26 23:00:00,0.0
2017-10-27 00:00:00,0.0
2017-10-27 01:00:00,0.0
2017-10-27 02:00:00,0.0
2017-10-27 03:00:00,0.0
2017-10-27 04:00:00,0.0
2017-10-27 05:00:00,5.15
2017-10-27 06:00:00,84.55
2017-10-27 07:00:00,220.52
2017-10-27 08:00:00,366.15
2017-10-27 09:00:00,504.5
2017-10-27 10:00:00,553.45
2017-10-27 11:00:00,594.67
2017-10-27 12:00:00,617.47
2017-10-27 13:00:00,572.25
2017-10-27 14:00:00,335.02
2017-10-27 15:00:00,181.73
2017-10-27 16:00:00,50.25
2017-10-27 17:00:00,0.0
2017-10-27 18:00:00,0.0
2017-10-27 19:00:00,0.0
2017-10-27 20:00:00,0.0
2017-10-27 21:00:00,0.0
2017-10-27 22:00:00,0.0
2017-10-27 23:00:00,0.0
2017-10-28 00:00:00,0.0
2017-10-28 01:00:00,0.0
2017-10-28 02:00:00,0.0
2017-10-28 03:00:00,0.0
2017-10-28 04:00:00,0.0
2017-10-28 05:00:00,5.25
2017-10-28 06:00:00,92.68
2017-10-28 07:00:00,232.2
2017-10-28 08:00:00,390.42
2017-10-28 09:00:00,568.72
2017-10-28 10:00:00,553.72
2017-10-28 11:00:00,759.88
2017-10-28 12:00:00,660.12
2017-10-28 13:00:00,626.03
2017-10-28 14:00:00,469.5
2017-10-28 15:00:00,272.23
2017-10-28 16:00:00,77.57
2017-10-28 17:00:00,0.0
2017-10-28 18:00:00,0.0
2017-10-28 19:00:00,0.0
2017-10-28 20:00:00,0.0
2017-10-28 21:00:00,0.0
2017-10-28 22:00:00,0.0
2017-10-28 23:00:00,0.0
2017-10-29 00:00:00,0.0
2017-10-29 01:00:00,0.0
2017-10-29 02:00:00,0.0
2017-10-29 03:00:00,0.0
2017-10-29 04:00:00,0.0
2017-10-29 05:00:00,6.4
2017-10-29 06:00:00,115.5
2017-10-29 07:00:00,299.4
2017-10-29 08:00:00,480.1
2017-10-29 09:00:00,616.17
2017-10-29 10:00:00,728.58
2017-10-29 11:00:00,844.35
2017-10-29 12:00:00,720.75
2017-10-29 13:00:00,593.55
2017-10-29 14:00:00,390.83
2017-10-29 15:00:00,211.45
2017-10-29 16:00:00,62.33
2017-10-29 17:00:00,0.0
2017-10-29 18:00:00,0.0
2017-10-29 19:00:00,0.0
2017-10-29 20:00:00,0.0
2017-10-29 21:00:00,0.0
2017-10-29 22:00:00,0.0
2017-10-29 23:00:00,0.0
2017-10-30 00:00:00,0.0
2017-10-30 01:00:00,0.0
2017-10-30 02:00:00,0.0
2017-10-30 03:00:00,0.0
2017-10-30 04:00:00,0.0
2017-10-30 05:00:00,1.88
2017-10-30 06:00:00,18.75
2017-10-30 07:00:00,38.92
2017-10-30 08:00:00,51.58
2017-10-30 09:00:00,49.65
2017-10-30 10:00:00,71.03
2017-10-30 11:00:00,82.47
2017-10-30 12:00:00,133.12
2017-10-30 13:00:00,235.57
2017-10-30 14:00:00,243.38
2017-10-30 15:00:00,136.4
2017-10-30 16:00:00,34.05
2017-10-30 17:00:00,0.0
2017-10-30 18:00:00,0.0
2017-10-30 19:00:00,0.0
2017-10-30 20:00:00,0.0
2017-10-30 21:00:00,0.0
2017-10-30 22:00:00,0.0
2017-10-30 23:00:00,0.0
2017-10-31 00:00:00,0.0
2017-10-31 01:00:00,0.0
2017-10-31 02:00:00,0.0
2017-10-31 03:00:00,0.0
2017-10-31 04:00:00,0.0
2017-10-31 05:00:00,2.4
2017-10-31 06:00:00,56.38
2017-10-31 07:00:00,136.38
2017-10-31 08:00:00,222.05
2017-10-31 09:00:00,318.75
2017-10-31 10:00:00,387.58
2017-10-31 11:00:00,435.45
2017-10-31 12:00:00,512.33
2017-10-31 13:00:00,447.27
2017-10-31 14:00:00,348.08
2017-10-31 15:00:00,191.73
2017-10-31 16:00:00,58.17
2017-10-31 17:00:00,0.0
2017-10-31 18:00:00,0.0
2017-10-31 19:00:00,0.0
2017-10-31 20:00:00,0.0
2017-10-31 21:00:00,0.0
2017-10-31 22:00:00,0.0
2017-10-31 23:00:00,0.0
2017-11-01 00:00:00,0.0
2017-11-01 01:00:00,0.0
2017-11-01 02:00:00,0.0
2017-11-01 03:00:00,0.0
2017-11-01 04:00:00,0.0
2017-11-01 05:00:00,3.85
2017-11-01 06:00:00,67.38
2017-11-01 07:00:00,171.55
2017-11-01 08:00:00,302.08
2017-11-01 09:00:00,408.5
2017-11-01 10:00:00,335.6
2017-11-01 11:00:00,347.52
2017-11-01 12:00:00,241.45
2017-11-01 13:00:00,134.27
2017-11-01 14:00:00,79.15
2017-11-01 15:00:00,49.03
2017-11-01 16:00:00,13.7
2017-11-01 17:00:00,0.0
2017-11-01 18:00:00,0.0
2017-11-01 19:00:00,0.0
2017-11-01 20:00:00,0.0
2017-11-01 21:00:00,0.0
2017-11-01 22:00:00,0.0
2017-11-01 23:00:00,0.0
2017-11-02 00:00:00,0.0
2017-11-02 01:00:00,0.0
2017-11-02 02:00:00,0.0
2017-11-02 03:00:00,0.0
2017-11-02 04:00:00,0.0
2017-11-02 05:00:00,3.53
2017-11-02 06:00:00,70.05
2017-11-02 07:00:00,185.62
2017-11-02 08:00:00,318.52
2017-11-02 09:00:00,520.65
2017-11-02 10:00:00,564.4
2017-11-02 11:00:00,563.72
2017-11-02 12:00:00,553.42
2017-11-02 13:00:00,324.8
2017-11-02 14:00:00,192.75
2017-11-02 15:00:00,100.65
2017-11-02 16:00:00,25.5
2017-11-02 17:00:00,0.0
2017-11-02 18:00:00,0.0
2017-11-02 19:00:00,0.0
2017-11-02 20:00:00,0.0
2017-11-02 21:00:00,0.0
2017-11-02 22:00:00,0.0
2017-11-02 23:00:00,0.0
2017-11-03 00:00:00,0.0
2017-11-03 01:00:00,0.0
2017-11-03 02:00:00,0.0
2017-11-03 03:00:00,0.0
2017-11-03 04:00:00,0.0
2017-11-03 05:00:00,2.22
2017-11-03 06:00:00,37.53
2017-11-03 07:00:00,93.07
2017-11-03 08:00:00,149.7
2017-11-03 09:00:00,280.0
2017-11-03 10:00:00,229.55
2017-11-03 11:00:00,360.98
2017-11-03 12:00:00,302.83
2017-11-03 13:00:00,268.5
2017-11-03 14:00:00,228.5
2017-11-03 15:00:00,153.82
2017-11-03 16:00:00,43.85
2017-11-03 17:00:00,0.0
2017-11-03 18:00:00,0.0
2017-11-03 19:00:00,0.0
2017-11-03 20:00:00,0.0
2017-11-03 21:00:00,0.0
2017-11-03 22:00:00,0.0
2017-11-03 23:00:00,0.0
2017-11-04 00:00:00,0.0
2017-11-04 01:00:00,0.0
2017-11-04 02:00:00,0.0
2017-11-04 03:00:00,0.0
2017-11-04 04:00:00,0.0
2017-11-04 05:00:00,2.12
2017-11-04 06:00:00,39.1
2017-11-04 07:00:00,103.2
2017-11-04 08:00:00,172.35
2017-11-04 09:00:00,225.85
2017-11-04 10:00:00,264.73
2017-11-04 11:00:00,280.4
2017-11-04 12:00:00,301.85
2017-11-04 13:00:00,358.38
2017-11-04 14:00:00,210.52
2017-11-04 15:00:00,115.28
2017-11-04 16:00:00,28.6
2017-11-04 17:00:00,0.0
2017-11-04 18:00:00,0.0
2017-11-04 19:00:00,0.0
2017-11-04 20:00:00,0.0
2017-11-04 21:00:00,0.0
2017-11-04 22:00:00,0.0
2017-11-04 23:00:00,0.0
2017-11-05 00:00:00,0.0
2017-11-05 01:00:00,0.0
2017-11-05 02:00:00,0.0
2017-11-05 03:00:00,0.0
2017-11-05 04:00:00,0.0
2017-11-05 05:00:00,5.2
2017-11-05 06:00:00,89.15
2017-11-05 07:00:00,230.4
2017-11-05 08:00:00,373.45
2017-11-05 09:00:00,522.1
2017-11-05 10:00:00,611.85
2017-11-05 11:00:00,592.72
2017-11-05 12:00:00,485.55
2017-11-05 13:00:00,355.67
2017-11-05 14:00:00,298.48
2017-11-05 15:00:00,161.95
2017-11-05 16:00:00,43.45
2017-11-05 17:00:00,0.0
2017-11-05 18:00:00,0.0
2017-11-05 19:00:00,0.0
2017-11-05 20:00:00,0.0
2017-11-05 21:00:00,0.0
2017-11-05 22:00:00,0.0
2017-11-05 23:00:00,0.0
2017-11-06 00:00:00,0.0
2017-11-06 01:00:00,0.0
2017-11-06 02:00:00,0.0
2017-11-06 03:00:00,0.0
2017-11-06 04:00:00,0.0
2017-11-06 05:00:00,3.35
2017-11-06 06:00:00,80.88
2017-11-06 07:00:00,210.15
2017-11-06 08:00:00,348.92
2017-11-06 09:00:00,453.2
2017-11-06 10:00:00,544.7
2017-11-06 11:00:00,529.95
2017-11-06 12:00:00,418.23
2017-11-06 13:00:00,373.55
2017-11-06 14:00:00,305.77
2017-11-06 15:00:00,177.9
2017-11-06 16:00:00,48.33
2017-11-06 17:00:00,0.0
2017-11-06 18:00:00,0.0
2017-11-06 19:00:00,0.0
2017-11-06 20:00:00,0.0
2017-11-06 21:00:00,0.0
2017-11-06 22:00:00,0.0
2017-11-06 23:00:00,0.0
2017-11-07 00:00:00,0.0
2017-11-07 01:00:00,0.0
2017-11-07 02:00:00,0.0
2017-11-07 03:00:00,0.0
2017-11-07 04:00:00,0.0
2017-11-07 05:00:00,4.28
2017-11-07 06:00:00,84.38
2017-11-07 07:00:00,253.48
2017-11-07 08:00:00,427.98
2017-11-07 09:00:00,508.4
2017-11-07 10:00:00,590.25
2017-11-07 11:00:00,558.92
2017-11-07 12:00:00,478.52
2017-11-07 13:00:00,427.73
2017-11-07 14:00:00,260.42
2017-11-07 15:00:00,154.73
2017-11-07 16:00:00,42.2
2017-11-07 17:00:00,0.0
2017-11-07 18:00:00,0.0
2017-11-07 19:00:00,0.0
2017-11-07 20:00:00,0.0
2017-11-07 21:00:00,0.0
2017-11-07 22:00:00,0.0
2017-11-07 23:00:00,0.0
2017-11-08 00:00:00,0.0
2017-11-08 01:00:00,0.0
2017-11-08 02:00:00,0.0
2017-11-08 03:00:00,0.0
2017-11-08 04:00:00,0.0
2017-11-08 05:00:00,5.32
2017-11-08 06:00:00,129.57
2017-11-08 07:00:00,348.0
2017-11-08 08:00:00,560.47
2017-11-08 09:00:00,699.53
2017-11-08 10:00:00,767.75
2017-11-08 11:00:00,821.55
2017-11-08 12:00:00,757.25
2017-11-08 13:00:00,605.22
2017-11-08 14:00:00,473.7
2017-11-08 15:00:00,282.52
2017-11-08 16:00:00,82.07
2017-11-08 17:00:00,0.0
2017-11-08 18:00:00,0.0
2017-11-08 19:00:00,0.0
2017-11-08 20:00:00,0.0
2017-11-08 21:00:00,0.0
2017-11-08 22:00:00,0.0
2017-11-08 23:00:00,0.0
2017-11-09 00:00:00,0.0
2017-11-09 01:00:00,0.0
2017-11-09 02:00:00,0.0
2017-11-09 03:00:00,0.0
2017-11-09 04:00:00,0.0
2017-11-09 05:00:00,5.38
2017-11-09 06:00:00,130.43
2017-11-09 07:00:00,343.08
2017-11-09 08:00:00,554.6
2017-11-09 09:00:00,677.35
2017-11-09 10:00:00,816.42
2017-11-09 11:00:00,804.5
2017-11-09 12:00:00,729.3
2017-11-09 13:00:00,615.6
2017-11-09 14:00:00,460.27
2017-11-09 15:00:00,252.6
2017-11-09 16:00:00,65.32
2017-11-09 17:00:00,0.0
2017-11-09 18:00:00,0.0
2017-11-09 19:00:00,0.0
2017-11-09 20:00:00,0.0
2017-11-09 21:00:00,0.0
2017-11-09 22:00:00,0.0
2017-11-09 23:00:00,0.0
2017-11-10 00:00:00,0.0
2017-11-10 01:00:00,0.0
2017-11-10 02:00:00,0.0
2017-11-10 03:00:00,0.0
2017-11-10 04:00:00,0.0
2017-11-10 05:00:00,4.22
2017-11-10 06:00:00,76.85
2017-11-10 07:00:00,165.93
2017-11-10 08:00:00,244.85
2017-11-10 09:00:00,351.48
2017-11-10 10:00:00,331.7
2017-11-10 11:00:00,384.27
2017-11-10 12:00:00,242.3
2017-11-10 13:00:00,98.3
2017-11-10 14:00:00,97.57
2017-11-10 15:00:00,59.08
2017-11-10 16:00:00,16.6
2017-11-10 17:00:00,0.0
2017-11-10 18:00:00,0.0
2017-11-10 19:00:00,0.0
2017-11-10 20:00:00,0.0
2017-11-10 21:00:00,0.0
2017-11-10 22:00:00,0.0
2017-11-10 23:00:00,0.0
2017-11-11 00:00:00,0.0
2017-11-11 01:00:00,0.0
2017-11-11 02:00:00,0.0
2017-11-11 03:00:00,0.0
2017-11-11 04:00:00,0.0
2017-11-11 05:00:00,2.3
2017-11-11 06:00:00,71.07
2017-11-11 07:00:00,182.27
2017-11-11 08:00:00,317.02
2017-11-11 09:00:00,292.7
2017-11-11 10:00:00,462.85
2017-11-11 11:00:00,453.7
2017-11-11 12:00:00,432.58
2017-11-11 13:00:00,392.62
2017-11-11 14:00:00,284.75
2017-11-11 15:00:00,141.02
2017-11-11 16:00:00,27.35
2017-11-11 17:00:00,0.0
2017-11-11 18:00:00,0.0
2017-11-11 19:00:00,0.0
2017-11-11 20:00:00,0.0
2017-11-11 21:00:00,0.0
2017-11-11 22:00:00,0.0
2017-11-11 23:00:00,0.0
2017-11-12 00:00:00,0.0
2017-11-12 01:00:00,0.0
2017-11-12 02:00:00,0.0
2017-11-12 03:00:00,0.0
2017-11-12 04:00:00,0.0
2017-11-12 05:00:00,1.27
2017-11-12 06:00:00,40.9
2017-11-12 07:00:00,93.22
2017-11-12 08:00:00,140.55
2017-11-12 09:00:00,228.52
2017-11-12 10:00:00,238.98
2017-11-12 11:00:00,279.7
2017-11-12 12:00:00,352.23
2017-11-12 13:00:00,249.48
2017-11-12 14:00:00,140.55
2017-11-12 15:00:00,80.7
2017-11-12 16:00:00,24.1
2017-11-12 17:00:00,0.0
2017-11-12 18:00:00,0.0
2017-11-12 19:00:00,0.0
2017-11-12 20:00:00,0.0
2017-11-12 21:00:00,0.0
2017-11-12 22:00:00,0.0
2017-11-12 23:00:00,0.0
2017-11-13 00:00:00,0.0
2017-11-13 01:00:00,0.0
2017-11-13 02:00:00,0.0
2017-11-13 03:00:00,0.0
2017-11-13 04:00:00,0.0
2017-11-13 05:00:00,1.48
2017-11-13 06:00:00,26.5
2017-11-13 07:00:00,60.25
2017-11-13 08:00:00,89.9
2017-11-13 09:00:00,110.8
2017-11-13 10:00:00,88.55
2017-11-13 11:00:00,102.3
2017-11-13 12:00:00,151.95
2017-11-13 13:00:00,74.68
2017-11-13 14:00:00,55.0
2017-11-13 15:00:00,31.67
2017-11-13 16:00:00,11.43
2017-11-13 17:00:00,0.0
2017-11-13 18:00:00,0.0
2017-11-13 19:00:00,0.0
2017-11-13 20:00:00,0.0
2017-11-13 21:00:00,0.0
2017-11-13 22:00:00,0.0
2017-11-13 23:00:00,0.0
2017-11-14 00:00:00,0.0
2017-11-14 01:00:00,0.0
2017-11-14 02:00:00,0.0
2017-11-14 03:00:00,0.0
2017-11-14 04:00:00,0.0
2017-11-14 05:00:00,1.2
2017-11-14 06:00:00,20.08
2017-11-14 07:00:00,38.55
2017-11-14 08:00:00,41.45
2017-11-14 09:00:00,45.9
2017-11-14 10:00:00,65.43
2017-11-14 11:00:00,107.1
2017-11-14 12:00:00,159.95
2017-11-14 13:00:00,110.5
2017-11-14 14:00:00,145.68
2017-11-14 15:00:00,56.9
2017-11-14 16:00:00,9.32
2017-11-14 17:00:00,0.0
2017-11-14 18:00:00,0.0
2017-11-14 19:00:00,0.0
2017-11-14 20:00:00,0.0
2017-11-14 21:00:00,0.0
2017-11-14 22:00:00,0.0
2017-11-14 23:00:00,0.0
2017-11-15 00:00:00,0.0
2017-11-15 01:00:00,0.0
2017-11-15 02:00:00,0.0
2017-11-15 03:00:00,0.0
2017-11-15 04:00:00,0.0
2017-11-15 05:00:00,3.47
2017-11-15 06:00:00,96.8
2017-11-15 07:00:00,287.25
2017-11-15 08:00:00,480.17
2017-11-15 09:00:00,631.2
2017-11-15 10:00:00,711.17
2017-11-15 11:00:00,764.55
2017-11-15 12:00:00,746.0
2017-11-15 13:00:00,571.05
2017-11-15 14:00:00,482.62
2017-11-15 15:00:00,275.6
2017-11-15 16:00:00,70.43
2017-11-15 17:00:00,0.0
2017-11-15 18:00:00,0.0
2017-11-15 19:00:00,0.0
2017-11-15 20:00:00,0.0
2017-11-15 21:00:00,0.0
2017-11-15 22:00:00,0.0
2017-11-15 23:00:00,0.0
2017-11-16 00:00:00,0.0
2017-11-16 01:00:00,0.0
2017-11-16 02:00:00,0.0
2017-11-16 03:00:00,0.0
2017-11-16 04:00:00,0.0
2017-11-16 05:00:00,2.05
2017-11-16 06:00:00,74.72
2017-11-16 07:00:00,209.95
2017-11-16 08:00:00,361.38
2017-11-16 09:00:00,651.9
2017-11-16 10:00:00,781.35
2017-11-16 11:00:00,693.67
2017-11-16 12:00:00,765.72
2017-11-16 13:00:00,605.62
2017-11-16 14:00:00,442.05
2017-11-16 15:00:00,272.55
2017-11-16 16:00:00,69.5
2017-11-16 17:00:00,0.0
2017-11-16 18:00:00,0.0
2017-11-16 19:00:00,0.0
2017-11-16 20:00:00,0.0
2017-11-16 21:00:00,0.0
2017-11-16 22:00:00,0.0
2017-11-16 23:00:00,0.0
2017-11-17 00:00:00,0.0
2017-11-17 01:00:00,0.0
2017-11-17 02:00:00,0.0
2017-11-17 03:00:00,0.0
2017-11-17 04:00:00,0.0
2017-11-17 05:00:00,3.25
2017-11-17 06:00:00,102.03
2017-11-17 07:00:00,285.23
2017-11-17 08:00:00,474.67
2017-11-17 09:00:00,676.9
2017-11-17 10:00:00,728.5
2017-11-17 11:00:00,811.75
2017-11-17 12:00:00,758.47
2017-11-17 13:00:00,614.53
2017-11-17 14:00:00,482.62
2017-11-17 15:00:00,278.27
2017-11-17 16:00:00,55.72
2017-11-17 17:00:00,0.0
2017-11-17 18:00:00,0.0
2017-11-17 19:00:00,0.0
2017-11-17 20:00:00,0.0
2017-11-17 21:00:00,0.0
2017-11-17 22:00:00,0.0
2017-11-17 23:00:00,0.0
2017-11-18 00:00:00,0.0
2017-11-18 01:00:00,0.0
2017-11-18 02:00:00,0.0
2017-11-18 03:00:00,0.0
2017-11-18 04:00:00,0.0
2017-11-18 05:00:00,3.47
2017-11-18 06:00:00,110.22
2017-11-18 07:00:00,298.83
2017-11-18 08:00:00,480.15
2017-11-18 09:00:00,654.5
2017-11-18 10:00:00,743.25
2017-11-18 11:00:00,769.75
2017-11-18 12:00:00,731.3
2017-11-18 13:00:00,644.25
2017-11-18 14:00:00,473.9
2017-11-18 15:00:00,274.23
2017-11-18 16:00:00,52.88
2017-11-18 17:00:00,0.0
2017-11-18 18:00:00,0.0
2017-11-18 19:00:00,0.0
2017-11-18 20:00:00,0.0
2017-11-18 21:00:00,0.0
2017-11-18 22:00:00,0.0
2017-11-18 23:00:00,0.0
2017-11-19 00:00:00,0.0
2017-11-19 01:00:00,0.0
2017-11-19 02:00:00,0.0
2017-11-19 03:00:00,0.0
2017-11-19 04:00:00,0.0
2017-11-19 05:00:00,0.0
2017-11-19 06:00:00,120.12
2017-11-19 07:00:00,303.52
2017-11-19 08:00:00,479.5
2017-11-19 09:00:00,641.9
2017-11-19 10:00:00,763.45
2017-11-19 11:00:00,751.8
2017-11-19 12:00:00,730.15
2017-11-19 13:00:00,615.22
2017-11-19 14:00:00,476.5
2017-11-19 15:00:00,272.9
2017-11-19 16:00:00,69.22
2017-11-19 17:00:00,0.0
2017-11-19 18:00:00,0.0
2017-11-19 19:00:00,0.0
2017-11-19 20:00:00,0.0
2017-11-19 21:00:00,0.0
2017-11-19 22:00:00,0.0
2017-11-19 23:00:00,0.0
2017-11-20 00:00:00,0.0
2017-11-20 01:00:00,0.0
2017-11-20 02:00:00,0.0
2017-11-20 03:00:00,0.0
2017-11-20 04:00:00,0.0
2017-11-20 05:00:00,0.0
2017-11-20 06:00:00,112.97
2017-11-20 07:00:00,289.1
2017-11-20 08:00:00,498.08
2017-11-20 09:00:00,648.6
2017-11-20 10:00:00,711.6
2017-11-20 11:00:00,757.85
2017-11-20 12:00:00,683.0
2017-11-20 13:00:00,524.42
2017-11-20 14:00:00,400.77
2017-11-20 15:00:00,221.12
2017-11-20 16:00:00,54.55
2017-11-20 17:00:00,0.0
2017-11-20 18:00:00,0.0
2017-11-20 19:00:00,0.0
2017-11-20 20:00:00,0.0
2017-11-20 21:00:00,0.0
2017-11-20 22:00:00,0.0
2017-11-20 23:00:00,0.0
2017-11-21 00:00:00,0.0
2017-11-21 01:00:00,0.0
2017-11-21 02:00:00,0.0
2017-11-21 03:00:00,0.0
2017-11-21 04:00:00,0.0
2017-11-21 05:00:00,0.0
2017-11-21 06:00:00,113.15
2017-11-21 07:00:00,296.73
2017-11-21 08:00:00,494.73
2017-11-21 09:00:00,657.9
2017-11-21 10:00:00,735.25
2017-11-21 11:00:00,763.97
2017-11-21 12:00:00,689.83
2017-11-21 13:00:00,609.83
2017-11-21 14:00:00,461.73
2017-11-21 15:00:00,259.7
2017-11-21 16:00:00,65.78
2017-11-21 17:00:00,0.0
2017-11-21 18:00:00,0.0
2017-11-21 19:00:00,0.0
2017-11-21 20:00:00,0.0
2017-11-21 21:00:00,0.0
2017-11-21 22:00:00,0.0
2017-11-21 23:00:00,0.0
2017-11-22 00:00:00,0.0
2017-11-22 01:00:00,0.0
2017-11-22 02:00:00,0.0
2017-11-22 03:00:00,0.0
2017-11-22 04:00:00,0.0
2017-11-22 05:00:00,0.0
2017-11-22 06:00:00,99.03
2017-11-22 07:00:00,276.23
2017-11-22 08:00:00,449.62
2017-11-22 09:00:00,623.25
2017-11-22 10:00:00,684.9
2017-11-22 11:00:00,671.17
2017-11-22 12:00:00,685.47
2017-11-22 13:00:00,611.6
2017-11-22 14:00:00,391.95
2017-11-22 15:00:00,215.93
2017-11-22 16:00:00,38.72
2017-11-22 17:00:00,0.0
2017-11-22 18:00:00,0.0
2017-11-22 19:00:00,0.0
2017-11-22 20:00:00,0.0
2017-11-22 21:00:00,0.0
2017-11-22 22:00:00,0.0
2017-11-22 23:00:00,0.0
2017-11-23 00:00:00,0.0
2017-11-23 01:00:00,0.0
2017-11-23 02:00:00,0.0
2017-11-23 03:00:00,0.0
2017-11-23 04:00:00,0.0
2017-11-23 05:00:00,0.0
2017-11-23 06:00:00,84.65
2017-11-23 07:00:00,237.45
2017-11-23 08:00:00,428.25
2017-11-23 09:00:00,620.33
2017-11-23 10:00:00,511.17
2017-11-23 11:00:00,742.4
2017-11-23 12:00:00,666.92
2017-11-23 13:00:00,582.65
2017-11-23 14:00:00,410.9
2017-11-23 15:00:00,219.7
2017-11-23 16:00:00,52.03
2017-11-23 17:00:00,0.0
2017-11-23 18:00:00,0.0
2017-11-23 19:00:00,0.0
2017-11-23 20:00:00,0.0
2017-11-23 21:00:00,0.0
2017-11-23 22:00:00,0.0
2017-11-23 23:00:00,0.0
2017-11-24 00:00:00,0.0
2017-11-24 01:00:00,0.0
2017-11-24 02:00:00,0.0
2017-11-24 03:00:00,0.0
2017-11-24 04:00:00,0.0
2017-11-24 05:00:00,0.0
2017-11-24 06:00:00,71.03
2017-11-24 07:00:00,203.77
2017-11-24 08:00:00,358.77
2017-11-24 09:00:00,501.35
2017-11-24 10:00:00,587.22
2017-11-24 11:00:00,617.95
2017-11-24 12:00:00,555.5
2017-11-24 13:00:00,451.2
2017-11-24 14:00:00,325.23
2017-11-24 15:00:00,170.77
2017-11-24 16:00:00,43.72
2017-11-24 17:00:00,0.0
2017-11-24 18:00:00,0.0
2017-11-24 19:00:00,0.0
2017-11-24 20:00:00,0.0
2017-11-24 21:00:00,0.0
2017-11-24 22:00:00,0.0
2017-11-24 23:00:00,0.0
2017-11-25 00:00:00,0.0
2017-11-25 01:00:00,0.0
2017-11-25 02:00:00,0.0
2017-11-25 03:00:00,0.0
2017-11-25 04:00:00,0.0
2017-11-25 05:00:00,0.0
2017-11-25 06:00:00,54.35
2017-11-25 07:00:00,146.05
2017-11-25 08:00:00,258.25
2017-11-25 09:00:00,479.27
2017-11-25 10:00:00,590.45
2017-11-25 11:00:00,575.17
2017-11-25 12:00:00,591.85
2017-11-25 13:00:00,515.22
2017-11-25 14:00:00,368.0
2017-11-25 15:00:00,191.95
2017-11-25 16:00:00,48.78
2017-11-25 17:00:00,0.0
2017-11-25 18:00:00,0.0
2017-11-25 19:00:00,0.0
2017-11-25 20:00:00,0.0
2017-11-25 21:00:00,0.0
2017-11-25 22:00:00,0.0
2017-11-25 23:00:00,0.0
2017-11-26 00:00:00,0.0
2017-11-26 01:00:00,0.0
2017-11-26 02:00:00,0.0
2017-11-26 03:00:00,0.0
2017-11-26 04:00:00,0.0
2017-11-26 05:00:00,0.0
2017-11-26 06:00:00,32.28
2017-11-26 07:00:00,123.38
2017-11-26 08:00:00,194.95
2017-11-26 09:00:00,319.12
2017-11-26 10:00:00,418.95
2017-11-26 11:00:00,466.5
2017-11-26 12:00:00,512.53
2017-11-26 13:00:00,315.7
2017-11-26 14:00:00,251.73
2017-11-26 15:00:00,129.57
2017-11-26 16:00:00,34.15
2017-11-26 17:00:00,0.0
2017-11-26 18:00:00,0.0
2017-11-26 19:00:00,0.0
2017-11-26 20:00:00,0.0
2017-11-26 21:00:00,0.0
2017-11-26 22:00:00,0.0
2017-11-26 23:00:00,0.0
2017-11-27 00:00:00,0.0
2017-11-27 01:00:00,0.0
2017-11-27 02:00:00,0.0
2017-11-27 03:00:00,0.0
2017-11-27 04:00:00,0.0
2017-11-27 05:00:00,0.0
2017-11-27 06:00:00,70.85
2017-11-27 07:00:00,211.88
2017-11-27 08:00:00,381.42
2017-11-27 09:00:00,514.95
2017-11-27 10:00:00,562.4
2017-11-27 11:00:00,612.25
2017-11-27 12:00:00,582.17
2017-11-27 13:00:00,528.83
2017-11-27 14:00:00,388.9
2017-11-27 15:00:00,213.7
2017-11-27 16:00:00,56.9
2017-11-27 17:00:00,0.0
2017-11-27 18:00:00,0.0
2017-11-27 19:00:00,0.0
2017-11-27 20:00:00,0.0
2017-11-27 21:00:00,0.0
2017-11-27 22:00:00,0.0
2017-11-27 23:00:00,0.0
2017-11-28 00:00:00,0.0
2017-11-28 01:00:00,0.0
2017-11-28 02:00:00,0.0
2017-11-28 03:00:00,0.0
2017-11-28 04:00:00,0.0
2017-11-28 05:00:00,0.0
2017-11-28 06:00:00,77.3
2017-11-28 07:00:00,224.38
2017-11-28 08:00:00,389.92
2017-11-28 09:00:00,551.83
2017-11-28 10:00:00,654.6
2017-11-28 11:00:00,726.8
2017-11-28 12:00:00,708.12
2017-11-28 13:00:00,591.7
2017-11-28 14:00:00,435.1
2017-11-28 15:00:00,240.5
2017-11-28 16:00:00,62.72
2017-11-28 17:00:00,0.0
2017-11-28 18:00:00,0.0
2017-11-28 19:00:00,0.0
2017-11-28 20:00:00,0.0
2017-11-28 21:00:00,0.0
2017-11-28 22:00:00,0.0
2017-11-28 23:00:00,0.0
2017-11-29 00:00:00,0.0
2017-11-29 01:00:00,0.0
2017-11-29 02:00:00,0.0
2017-11-29 03:00:00,0.0
2017-11-29 04:00:00,0.0
2017-11-29 05:00:00,0.0
2017-11-29 06:00:00,80.7
2017-11-29 07:00:00,232.8
2017-11-29 08:00:00,397.77
2017-11-29 09:00:00,525.2
2017-11-29 10:00:00,546.2
2017-11-29 11:00:00,589.35
2017-11-29 12:00:00,586.38
2017-11-29 13:00:00,424.92
2017-11-29 14:00:00,290.67
2017-11-29 15:00:00,142.27
2017-11-29 16:00:00,33.75
2017-11-29 17:00:00,0.0
2017-11-29 18:00:00,0.0
2017-11-29 19:00:00,0.0
2017-11-29 20:00:00,0.0
2017-11-29 21:00:00,0.0
2017-11-29 22:00:00,0.0
2017-11-29 23:00:00,0.0
2017-11-30 00:00:00,0.0
2017-11-30 01:00:00,0.0
2017-11-30 02:00:00,0.0
2017-11-30 03:00:00,0.0
2017-11-30 04:00:00,0.0
2017-11-30 05:00:00,0.0
2017-11-30 06:00:00,49.2
2017-11-30 07:00:00,143.32
2017-11-30 08:00:00,260.0
2017-11-30 09:00:00,273.27
2017-11-30 10:00:00,168.05
2017-11-30 11:00:00,261.4
2017-11-30 12:00:00,335.08
2017-11-30 13:00:00,352.35
2017-11-30 14:00:00,209.62
2017-11-30 15:00:00,123.72
2017-11-30 16:00:00,34.22
2017-11-30 17:00:00,0.0
2017-11-30 18:00:00,0.0
2017-11-30 19:00:00,0.0
2017-11-30 20:00:00,0.0
2017-11-30 21:00:00,0.0
2017-11-30 22:00:00,0.0
2017-11-30 23:00:00,0.0
2017-12-01 00:00:00,0.0
2017-12-01 01:00:00,0.0
2017-12-01 02:00:00,0.0
2017-12-01 03:00:00,0.0
2017-12-01 04:00:00,0.0
2017-12-01 05:00:00,0.0
2017-12-01 06:00:00,59.8
2017-12-01 07:00:00,193.9
2017-12-01 08:00:00,351.02
2017-12-01 09:00:00,520.4
2017-12-01 10:00:00,556.65
2017-12-01 11:00:00,576.6
2017-12-01 12:00:00,457.77
2017-12-01 13:00:00,354.5
2017-12-01 14:00:00,258.9
2017-12-01 15:00:00,135.7
2017-12-01 16:00:00,29.95
2017-12-01 17:00:00,0.0
2017-12-01 18:00:00,0.0
2017-12-01 19:00:00,0.0
2017-12-01 20:00:00,0.0
2017-12-01 21:00:00,0.0
2017-12-01 22:00:00,0.0
2017-12-01 23:00:00,0.0
2017-12-02 00:00:00,0.0
2017-12-02 01:00:00,0.0
2017-12-02 02:00:00,0.0
2017-12-02 03:00:00,0.0
2017-12-02 04:00:00,0.0
2017-12-02 05:00:00,0.0
2017-12-02 06:00:00,60.72
2017-12-02 07:00:00,204.5
2017-12-02 08:00:00,388.27
2017-12-02 09:00:00,551.38
2017-12-02 10:00:00,679.47
2017-12-02 11:00:00,721.78
2017-12-02 12:00:00,648.78
2017-12-02 13:00:00,496.05
2017-12-02 14:00:00,292.98
2017-12-02 15:00:00,167.32
2017-12-02 16:00:00,44.45
2017-12-02 17:00:00,0.0
2017-12-02 18:00:00,0.0
2017-12-02 19:00:00,0.0
2017-12-02 20:00:00,0.0
2017-12-02 21:00:00,0.0
2017-12-02 22:00:00,0.0
2017-12-02 23:00:00,0.0
2017-12-03 00:00:00,0.0
2017-12-03 01:00:00,0.0
2017-12-03 02:00:00,0.0
2017-12-03 03:00:00,0.0
2017-12-03 04:00:00,0.0
2017-12-03 05:00:00,0.0
2017-12-03 06:00:00,73.5
2017-12-03 07:00:00,253.95
2017-12-03 08:00:00,451.15
2017-12-03 09:00:00,635.5
2017-12-03 10:00:00,727.6
2017-12-03 11:00:00,766.78
2017-12-03 12:00:00,761.97
2017-12-03 13:00:00,636.17
2017-12-03 14:00:00,459.05
2017-12-03 15:00:00,261.4
2017-12-03 16:00:00,72.68
2017-12-03 17:00:00,0.0
2017-12-03 18:00:00,0.0
2017-12-03 19:00:00,0.0
2017-12-03 20:00:00,0.0
2017-12-03 21:00:00,0.0
2017-12-03 22:00:00,0.0
2017-12-03 23:00:00,0.0
2017-12-04 00:00:00,0.0
2017-12-04 01:00:00,0.0
2017-12-04 02:00:00,0.0
2017-12-04 03:00:00,0.0
2017-12-04 04:00:00,0.0
2017-12-04 05:00:00,0.0
2017-12-04 06:00:00,78.05
2017-12-04 07:00:00,265.42
2017-12-04 08:00:00,464.17
2017-12-04 09:00:00,640.8
2017-12-04 10:00:00,735.38
2017-12-04 11:00:00,797.9
2017-12-04 12:00:00,698.95
2017-12-04 13:00:00,631.28
2017-12-04 14:00:00,472.45
2017-12-04 15:00:00,265.05
2017-12-04 16:00:00,69.72
2017-12-04 17:00:00,0.0
2017-12-04 18:00:00,0.0
2017-12-04 19:00:00,0.0
2017-12-04 20:00:00,0.0
2017-12-04 21:00:00,0.0
2017-12-04 22:00:00,0.0
2017-12-04 23:00:00,0.0
2017-12-05 00:00:00,0.0
2017-12-05 01:00:00,0.0
2017-12-05 02:00:00,0.0
2017-12-05 03:00:00,0.0
2017-12-05 04:00:00,0.0
2017-12-05 05:00:00,0.0
2017-12-05 06:00:00,65.4
2017-12-05 07:00:00,207.38
2017-12-05 08:00:00,359.95
2017-12-05 09:00:00,480.5
2017-12-05 10:00:00,563.58
2017-12-05 11:00:00,629.38
2017-12-05 12:00:00,632.5
2017-12-05 13:00:00,580.38
2017-12-05 14:00:00,447.67
2017-12-05 15:00:00,244.3
2017-12-05 16:00:00,63.05
2017-12-05 17:00:00,0.0
2017-12-05 18:00:00,0.0
2017-12-05 19:00:00,0.0
2017-12-05 20:00:00,0.0
2017-12-05 21:00:00,0.0
2017-12-05 22:00:00,0.0
2017-12-05 23:00:00,0.0
2017-12-06 00:00:00,0.0
2017-12-06 01:00:00,0.0
2017-12-06 02:00:00,0.0
2017-12-06 03:00:00,0.0
2017-12-06 04:00:00,0.0
2017-12-06 05:00:00,0.0
2017-12-06 06:00:00,65.8
2017-12-06 07:00:00,220.35
2017-12-06 08:00:00,396.02
2017-12-06 09:00:00,554.75
2017-12-06 10:00:00,687.78
2017-12-06 11:00:00,710.42
2017-12-06 12:00:00,646.9
2017-12-06 13:00:00,613.33
2017-12-06 14:00:00,454.73
2017-12-06 15:00:00,250.98
2017-12-06 16:00:00,66.15
2017-12-06 17:00:00,0.0
2017-12-06 18:00:00,0.0
2017-12-06 19:00:00,0.0
2017-12-06 20:00:00,0.0
2017-12-06 21:00:00,0.0
2017-12-06 22:00:00,0.0
2017-12-06 23:00:00,0.0
2017-12-07 00:00:00,0.0
2017-12-07 01:00:00,0.0
2017-12-07 02:00:00,0.0
2017-12-07 03:00:00,0.0
2017-12-07 04:00:00,0.0
2017-12-07 05:00:00,0.0
2017-12-07 06:00:00,58.22
2017-12-07 07:00:00,189.3
2017-12-07 08:00:00,336.95
2017-12-07 09:00:00,513.2
2017-12-07 10:00:00,600.0
2017-12-07 11:00:00,537.28
2017-12-07 12:00:00,545.65
2017-12-07 13:00:00,449.3
2017-12-07 14:00:00,350.83
2017-12-07 15:00:00,191.45
2017-12-07 16:00:00,54.53
2017-12-07 17:00:00,0.0
2017-12-07 18:00:00,0.0
2017-12-07 19:00:00,0.0
2017-12-07 20:00:00,0.0
2017-12-07 21:00:00,0.0
2017-12-07 22:00:00,0.0
2017-12-07 23:00:00,0.0
2017-12-08 00:00:00,0.0
2017-12-08 01:00:00,0.0
2017-12-08 02:00:00,0.0
2017-12-08 03:00:00,0.0
2017-12-08 04:00:00,0.0
2017-12-08 05:00:00,0.0
2017-12-08 06:00:00,66.8
2017-12-08 07:00:00,251.1
2017-12-08 08:00:00,452.95
2017-12-08 09:00:00,388.62
2017-12-08 10:00:00,690.1
2017-12-08 11:00:00,668.12
2017-12-08 12:00:00,682.6
2017-12-08 13:00:00,600.47
2017-12-08 14:00:00,447.52
2017-12-08 15:00:00,254.68
2017-12-08 16:00:00,61.95
2017-12-08 17:00:00,0.0
2017-12-08 18:00:00,0.0
2017-12-08 19:00:00,0.0
2017-12-08 20:00:00,0.0
2017-12-08 21:00:00,0.0
2017-12-08 22:00:00,0.0
2017-12-08 23:00:00,0.0
2017-12-09 00:00:00,0.0
2017-12-09 01:00:00,0.0
2017-12-09 02:00:00,0.0
2017-12-09 03:00:00,0.0
2017-12-09 04:00:00,0.0
2017-12-09 05:00:00,0.0
2017-12-09 06:00:00,71.45
2017-12-09 07:00:00,259.48
2017-12-09 08:00:00,464.27
2017-12-09 09:00:00,563.45
2017-12-09 10:00:00,702.05
2017-12-09 11:00:00,723.12
2017-12-09 12:00:00,698.92
2017-12-09 13:00:00,602.92
2017-12-09 14:00:00,451.2
2017-12-09 15:00:00,256.5
2017-12-09 16:00:00,62.3
2017-12-09 17:00:00,0.0
2017-12-09 18:00:00,0.0
2017-12-09 19:00:00,0.0
2017-12-09 20:00:00,0.0
2017-12-09 21:00:00,0.0
2017-12-09 22:00:00,0.0
2017-12-09 23:00:00,0.0
2017-12-10 00:00:00,0.0
2017-12-10 01:00:00,0.0
2017-12-10 02:00:00,0.0
2017-12-10 03:00:00,0.0
2017-12-10 04:00:00,0.0
2017-12-10 05:00:00,0.0
2017-12-10 06:00:00,70.1
2017-12-10 07:00:00,261.27
2017-12-10 08:00:00,422.59
2017-12-10 09:00:00,417.42
2017-12-10 10:00:00,444.75
2017-12-10 11:00:00,676.28
2017-12-10 12:00:00,678.28
2017-12-10 13:00:00,604.28
2017-12-10 14:00:00,452.25
2017-12-10 15:00:00,258.25
2017-12-10 16:00:00,63.9
2017-12-10 17:00:00,0.0
2017-12-10 18:00:00,0.0
2017-12-10 19:00:00,0.0
2017-12-10 20:00:00,0.0
2017-12-10 21:00:00,0.0
2017-12-10 22:00:00,0.0
2017-12-10 23:00:00,0.0
2017-12-11 00:00:00,0.0
2017-12-11 01:00:00,0.0
2017-12-11 02:00:00,0.0
2017-12-11 03:00:00,0.0
2017-12-11 04:00:00,0.0
2017-12-11 05:00:00,0.0
2017-12-11 06:00:00,68.32
2017-12-11 07:00:00,246.5
2017-12-11 08:00:00,441.08
2017-12-11 09:00:00,631.95
2017-12-11 10:00:00,548.75
2017-12-11 11:00:00,671.72
2017-12-11 12:00:00,691.4
2017-12-11 13:00:00,597.28
2017-12-11 14:00:00,446.45
2017-12-11 15:00:00,255.98
2017-12-11 16:00:00,63.2
2017-12-11 17:00:00,0.0
2017-12-11 18:00:00,0.0
2017-12-11 19:00:00,0.0
2017-12-11 20:00:00,0.0
2017-12-11 21:00:00,0.0
2017-12-11 22:00:00,0.0
2017-12-11 23:00:00,0.0
2017-12-12 00:00:00,0.0
2017-12-12 01:00:00,0.0
2017-12-12 02:00:00,0.0
2017-12-12 03:00:00,0.0
2017-12-12 04:00:00,0.0
2017-12-12 05:00:00,0.0
2017-12-12 06:00:00,74.97
2017-12-12 07:00:00,269.62
2017-12-12 08:00:00,452.35
2017-12-12 09:00:00,594.62
2017-12-12 10:00:00,699.33
2017-12-12 11:00:00,769.75
2017-12-12 12:00:00,733.12
2017-12-12 13:00:00,606.72
2017-12-12 14:00:00,483.77
2017-12-12 15:00:00,284.9
2017-12-12 16:00:00,60.12
2017-12-12 17:00:00,0.0
2017-12-12 18:00:00,0.0
2017-12-12 19:00:00,0.0
2017-12-12 20:00:00,0.0
2017-12-12 21:00:00,0.0
2017-12-12 22:00:00,0.0
2017-12-12 23:00:00,0.0
2017-12-13 00:00:00,0.0
2017-12-13 01:00:00,0.0
2017-12-13 02:00:00,0.0
2017-12-13 03:00:00,0.0
2017-12-13 04:00:00,0.0
2017-12-13 05:00:00,0.0
2017-12-13 06:00:00,72.62
2017-12-13 07:00:00,247.18
2017-12-13 08:00:00,424.15
2017-12-13 09:00:00,600.1
2017-12-13 10:00:00,752.1
2017-12-13 11:00:00,784.25
2017-12-13 12:00:00,702.92
2017-12-13 13:00:00,641.95
2017-12-13 14:00:00,481.17
2017-12-13 15:00:00,281.48
2017-12-13 16:00:00,63.15
2017-12-13 17:00:00,0.0
2017-12-13 18:00:00,0.0
2017-12-13 19:00:00,0.0
2017-12-13 20:00:00,0.0
2017-12-13 21:00:00,0.0
2017-12-13 22:00:00,0.0
2017-12-13 23:00:00,0.0
2017-12-14 00:00:00,0.0
2017-12-14 01:00:00,0.0
2017-12-14 02:00:00,0.0
2017-12-14 03:00:00,0.0
2017-12-14 04:00:00,0.0
2017-12-14 05:00:00,0.0
2017-12-14 06:00:00,65.35
2017-12-14 07:00:00,246.88
2017-12-14 08:00:00,443.15
2017-12-14 09:00:00,592.28
2017-12-14 10:00:00,718.8
2017-12-14 11:00:00,777.12
2017-12-14 12:00:00,742.05
2017-12-14 13:00:00,632.28
2017-12-14 14:00:00,468.95
2017-12-14 15:00:00,271.8
2017-12-14 16:00:00,71.72
2017-12-14 17:00:00,0.0
2017-12-14 18:00:00,0.0
2017-12-14 19:00:00,0.0
2017-12-14 20:00:00,0.0
2017-12-14 21:00:00,0.0
2017-12-14 22:00:00,0.0
2017-12-14 23:00:00,0.0
2017-12-15 00:00:00,0.0
2017-12-15 01:00:00,0.0
2017-12-15 02:00:00,0.0
2017-12-15 03:00:00,0.0
2017-12-15 04:00:00,0.0
2017-12-15 05:00:00,0.0
2017-12-15 06:00:00,51.88
2017-12-15 07:00:00,204.73
2017-12-15 08:00:00,378.05
2017-12-15 09:00:00,558.0
2017-12-15 10:00:00,652.9
2017-12-15 11:00:00,697.35
2017-12-15 12:00:00,624.83
2017-12-15 13:00:00,605.05
2017-12-15 14:00:00,430.08
2017-12-15 15:00:00,247.73
2017-12-15 16:00:00,60.35
2017-12-15 17:00:00,0.0
2017-12-15 18:00:00,0.0
2017-12-15 19:00:00,0.0
2017-12-15 20:00:00,0.0
2017-12-15 21:00:00,0.0
2017-12-15 22:00:00,0.0
2017-12-15 23:00:00,0.0
2017-12-16 00:00:00,0.0
2017-12-16 01:00:00,0.0
2017-12-16 02:00:00,0.0
2017-12-16 03:00:00,0.0
2017-12-16 04:00:00,0.0
2017-12-16 05:00:00,0.0
2017-12-16 06:00:00,57.08
2017-12-16 07:00:00,217.2
2017-12-16 08:00:00,386.05
2017-12-16 09:00:00,522.0
2017-12-16 10:00:00,642.42
2017-12-16 11:00:00,671.35
2017-12-16 12:00:00,652.58
2017-12-16 13:00:00,584.8
2017-12-16 14:00:00,457.08
2017-12-16 15:00:00,262.58
2017-12-16 16:00:00,76.7
2017-12-16 17:00:00,0.0
2017-12-16 18:00:00,0.0
2017-12-16 19:00:00,0.0
2017-12-16 20:00:00,0.0
2017-12-16 21:00:00,0.0
2017-12-16 22:00:00,0.0
2017-12-16 23:00:00,0.0
2017-12-17 00:00:00,0.0
2017-12-17 01:00:00,0.0
2017-12-17 02:00:00,0.0
2017-12-17 03:00:00,0.0
2017-12-17 04:00:00,0.0
2017-12-17 05:00:00,0.0
2017-12-17 06:00:00,53.25
2017-12-17 07:00:00,220.1
2017-12-17 08:00:00,390.65
2017-12-17 09:00:00,578.2
2017-12-17 10:00:00,635.45
2017-12-17 11:00:00,761.45
2017-12-17 12:00:00,746.53
2017-12-17 13:00:00,609.38
2017-12-17 14:00:00,473.62
2017-12-17 15:00:00,268.15
2017-12-17 16:00:00,79.82
2017-12-17 17:00:00,0.0
2017-12-17 18:00:00,0.0
2017-12-17 19:00:00,0.0
2017-12-17 20:00:00,0.0
2017-12-17 21:00:00,0.0
2017-12-17 22:00:00,0.0
2017-12-17 23:00:00,0.0
2017-12-18 00:00:00,0.0
2017-12-18 01:00:00,0.0
2017-12-18 02:00:00,0.0
2017-12-18 03:00:00,0.0
2017-12-18 04:00:00,0.0
2017-12-18 05:00:00,0.0
2017-12-18 06:00:00,56.83
2017-12-18 07:00:00,228.82
2017-12-18 08:00:00,401.25
2017-12-18 09:00:00,587.5
2017-12-18 10:00:00,651.33
2017-12-18 11:00:00,628.78
2017-12-18 12:00:00,599.0
2017-12-18 13:00:00,510.08
2017-12-18 14:00:00,403.77
2017-12-18 15:00:00,237.25
2017-12-18 16:00:00,77.57
2017-12-18 17:00:00,0.0
2017-12-18 18:00:00,0.0
2017-12-18 19:00:00,0.0
2017-12-18 20:00:00,0.0
2017-12-18 21:00:00,0.0
2017-12-18 22:00:00,0.0
2017-12-18 23:00:00,0.0
2017-12-19 00:00:00,0.0
2017-12-19 01:00:00,0.0
2017-12-19 02:00:00,0.0
2017-12-19 03:00:00,0.0
2017-12-19 04:00:00,0.0
2017-12-19 05:00:00,0.0
2017-12-19 06:00:00,56.03
2017-12-19 07:00:00,242.6
2017-12-19 08:00:00,419.9
2017-12-19 09:00:00,600.35
2017-12-19 10:00:00,684.03
2017-12-19 11:00:00,741.67
2017-12-19 12:00:00,685.47
2017-12-19 13:00:00,592.28
2017-12-19 14:00:00,452.6
2017-12-19 15:00:00,272.4
2017-12-19 16:00:00,91.18
2017-12-19 17:00:00,0.0
2017-12-19 18:00:00,0.0
2017-12-19 19:00:00,0.0
2017-12-19 20:00:00,0.0
2017-12-19 21:00:00,0.0
2017-12-19 22:00:00,0.0
2017-12-19 23:00:00,0.0
2017-12-20 00:00:00,0.0
2017-12-20 01:00:00,0.0
2017-12-20 02:00:00,0.0
2017-12-20 03:00:00,0.0
2017-12-20 04:00:00,0.0
2017-12-20 05:00:00,0.0
2017-12-20 06:00:00,59.33
2017-12-20 07:00:00,256.62
2017-12-20 08:00:00,469.92
2017-12-20 09:00:00,646.4
2017-12-20 10:00:00,721.22
2017-12-20 11:00:00,781.28
2017-12-20 12:00:00,736.55
2017-12-20 13:00:00,643.0
2017-12-20 14:00:00,480.65
2017-12-20 15:00:00,288.3
2017-12-20 16:00:00,84.78
2017-12-20 17:00:00,0.0
2017-12-20 18:00:00,0.0
2017-12-20 19:00:00,0.0
2017-12-20 20:00:00,0.0
2017-12-20 21:00:00,0.0
2017-12-20 22:00:00,0.0
2017-12-20 23:00:00,0.0
2017-12-21 00:00:00,0.0
2017-12-21 01:00:00,0.0
2017-12-21 02:00:00,0.0
2017-12-21 03:00:00,0.0
2017-12-21 04:00:00,0.0
2017-12-21 05:00:00,0.0
2017-12-21 06:00:00,43.22
2017-12-21 07:00:00,166.05
2017-12-21 08:00:00,287.65
2017-12-21 09:00:00,464.02
2017-12-21 10:00:00,558.88
2017-12-21 11:00:00,612.25
2017-12-21 12:00:00,525.65
2017-12-21 13:00:00,464.27
2017-12-21 14:00:00,396.45
2017-12-21 15:00:00,231.27
2017-12-21 16:00:00,75.85
2017-12-21 17:00:00,0.0
2017-12-21 18:00:00,0.0
2017-12-21 19:00:00,0.0
2017-12-21 20:00:00,0.0
2017-12-21 21:00:00,0.0
2017-12-21 22:00:00,0.0
2017-12-21 23:00:00,0.0
2017-12-22 00:00:00,0.0
2017-12-22 01:00:00,0.0
2017-12-22 02:00:00,0.0
2017-12-22 03:00:00,0.0
2017-12-22 04:00:00,0.0
2017-12-22 05:00:00,0.0
2017-12-22 06:00:00,58.28
2017-12-22 07:00:00,230.0
2017-12-22 08:00:00,403.15
2017-12-22 09:00:00,573.45
2017-12-22 10:00:00,666.83
2017-12-22 11:00:00,659.55
2017-12-22 12:00:00,572.0
2017-12-22 13:00:00,463.92
2017-12-22 14:00:00,328.3
2017-12-22 15:00:00,181.32
2017-12-22 16:00:00,50.78
2017-12-22 17:00:00,0.0
2017-12-22 18:00:00,0.0
2017-12-22 19:00:00,0.0
2017-12-22 20:00:00,0.0
2017-12-22 21:00:00,0.0
2017-12-22 22:00:00,0.0
2017-12-22 23:00:00,0.0
2017-12-23 00:00:00,0.0
2017-12-23 01:00:00,0.0
2017-12-23 02:00:00,0.0
2017-12-23 03:00:00,0.0
2017-12-23 04:00:00,0.0
2017-12-23 05:00:00,0.0
2017-12-23 06:00:00,59.47
2017-12-23 07:00:00,255.77
2017-12-23 08:00:00,466.85
2017-12-23 09:00:00,628.88
2017-12-23 10:00:00,743.75
2017-12-23 11:00:00,789.78
2017-12-23 12:00:00,776.05
2017-12-23 13:00:00,655.08
2017-12-23 14:00:00,467.73
2017-12-23 15:00:00,288.88
2017-12-23 16:00:00,88.6
2017-12-23 17:00:00,0.0
2017-12-23 18:00:00,0.0
2017-12-23 19:00:00,0.0
2017-12-23 20:00:00,0.0
2017-12-23 21:00:00,0.0
2017-12-23 22:00:00,0.0
2017-12-23 23:00:00,0.0
2017-12-24 00:00:00,0.0
2017-12-24 01:00:00,0.0
2017-12-24 02:00:00,0.0
2017-12-24 03:00:00,0.0
2017-12-24 04:00:00,0.0
2017-12-24 05:00:00,0.0
2017-12-24 06:00:00,51.45
2017-12-24 07:00:00,228.68
2017-12-24 08:00:00,424.48
2017-12-24 09:00:00,601.25
2017-12-24 10:00:00,651.33
2017-12-24 11:00:00,700.47
2017-12-24 12:00:00,702.17
2017-12-24 13:00:00,621.45
2017-12-24 14:00:00,440.27
2017-12-24 15:00:00,257.67
2017-12-24 16:00:00,73.45
2017-12-24 17:00:00,0.0
2017-12-24 18:00:00,0.0
2017-12-24 19:00:00,0.0
2017-12-24 20:00:00,0.0
2017-12-24 21:00:00,0.0
2017-12-24 22:00:00,0.0
2017-12-24 23:00:00,0.0
2017-12-25 00:00:00,0.0
2017-12-25 01:00:00,0.0
2017-12-25 02:00:00,0.0
2017-12-25 03:00:00,0.0
2017-12-25 04:00:00,0.0
2017-12-25 05:00:00,0.0
2017-12-25 06:00:00,47.55
2017-12-25 07:00:00,196.82
2017-12-25 08:00:00,361.2
2017-12-25 09:00:00,528.62
2017-12-25 10:00:00,575.0
2017-12-25 11:00:00,572.4
2017-12-25 12:00:00,595.92
2017-12-25 13:00:00,540.88
2017-12-25 14:00:00,454.85
2017-12-25 15:00:00,271.05
2017-12-25 16:00:00,91.6
2017-12-25 17:00:00,0.0
2017-12-25 18:00:00,0.0
2017-12-25 19:00:00,0.0
2017-12-25 20:00:00,0.0
2017-12-25 21:00:00,0.0
2017-12-25 22:00:00,0.0
2017-12-25 23:00:00,0.0
2017-12-26 00:00:00,0.0
2017-12-26 01:00:00,0.0
2017-12-26 02:00:00,0.0
2017-12-26 03:00:00,0.0
2017-12-26 04:00:00,0.0
2017-12-26 05:00:00,0.0
2017-12-26 06:00:00,44.35
2017-12-26 07:00:00,203.05
2017-12-26 08:00:00,371.9
2017-12-26 09:00:00,514.33
2017-12-26 10:00:00,635.65
2017-12-26 11:00:00,680.17
2017-12-26 12:00:00,681.1
2017-12-26 13:00:00,590.12
2017-12-26 14:00:00,433.42
2017-12-26 15:00:00,250.73
2017-12-26 16:00:00,82.9
2017-12-26 17:00:00,0.0
2017-12-26 18:00:00,0.0
2017-12-26 19:00:00,0.0
2017-12-26 20:00:00,0.0
2017-12-26 21:00:00,0.0
2017-12-26 22:00:00,0.0
2017-12-26 23:00:00,0.0
2017-12-27 00:00:00,0.0
2017-12-27 01:00:00,0.0
2017-12-27 02:00:00,0.0
2017-12-27 03:00:00,0.0
2017-12-27 04:00:00,0.0
2017-12-27 05:00:00,0.0
2017-12-27 06:00:00,43.5
2017-12-27 07:00:00,209.93
2017-12-27 08:00:00,390.62
2017-12-27 09:00:00,580.78
2017-12-27 10:00:00,686.9
2017-12-27 11:00:00,731.53
2017-12-27 12:00:00,687.2
2017-12-27 13:00:00,624.53
2017-12-27 14:00:00,484.52
2017-12-27 15:00:00,291.92
2017-12-27 16:00:00,102.93
2017-12-27 17:00:00,0.0
2017-12-27 18:00:00,0.0
2017-12-27 19:00:00,0.0
2017-12-27 20:00:00,0.0
2017-12-27 21:00:00,0.0
2017-12-27 22:00:00,0.0
2017-12-27 23:00:00,0.0
2017-12-28 00:00:00,0.0
2017-12-28 01:00:00,0.0
2017-12-28 02:00:00,0.0
2017-12-28 03:00:00,0.0
2017-12-28 04:00:00,0.0
2017-12-28 05:00:00,0.0
2017-12-28 06:00:00,45.9
2017-12-28 07:00:00,219.82
2017-12-28 08:00:00,411.42
2017-12-28 09:00:00,606.78
2017-12-28 10:00:00,710.22
2017-12-28 11:00:00,783.62
2017-12-28 12:00:00,687.05
2017-12-28 13:00:00,655.22
2017-12-28 14:00:00,425.98
2017-12-28 15:00:00,308.7
2017-12-28 16:00:00,109.95
2017-12-28 17:00:00,0.0
2017-12-28 18:00:00,0.0
2017-12-28 19:00:00,0.0
2017-12-28 20:00:00,0.0
2017-12-28 21:00:00,0.0
2017-12-28 22:00:00,0.0
2017-12-28 23:00:00,0.0
2017-12-29 00:00:00,0.0
2017-12-29 01:00:00,0.0
2017-12-29 02:00:00,0.0
2017-12-29 03:00:00,0.0
2017-12-29 04:00:00,0.0
2017-12-29 05:00:00,0.0
2017-12-29 06:00:00,39.25
2017-12-29 07:00:00,199.07
2017-12-29 08:00:00,414.55
2017-12-29 09:00:00,547.77
2017-12-29 10:00:00,727.8
2017-12-29 11:00:00,708.65
2017-12-29 12:00:00,660.45
2017-12-29 13:00:00,607.8
2017-12-29 14:00:00,475.45
2017-12-29 15:00:00,272.3
2017-12-29 16:00:00,95.28
2017-12-29 17:00:00,0.0
2017-12-29 18:00:00,0.0
2017-12-29 19:00:00,0.0
2017-12-29 20:00:00,0.0
2017-12-29 21:00:00,0.0
2017-12-29 22:00:00,0.0
2017-12-29 23:00:00,0.0
2017-12-30 00:00:00,0.0
2017-12-30 01:00:00,0.0
2017-12-30 02:00:00,0.0
2017-12-30 03:00:00,0.0
2017-12-30 04:00:00,0.0
2017-12-30 05:00:00,0.0
2017-12-30 06:00:00,49.08
2017-12-30 07:00:00,222.25
2017-12-30 08:00:00,412.62
2017-12-30 09:00:00,573.88
2017-12-30 10:00:00,675.2
2017-12-30 11:00:00,742.67
2017-12-30 12:00:00,739.65
2017-12-30 13:00:00,659.08
2017-12-30 14:00:00,529.9
2017-12-30 15:00:00,326.6
2017-12-30 16:00:00,85.85
2017-12-30 17:00:00,0.0
2017-12-30 18:00:00,0.0
2017-12-30 19:00:00,0.0
2017-12-30 20:00:00,0.0
2017-12-30 21:00:00,0.0
2017-12-30 22:00:00,0.0
2017-12-30 23:00:00,0.0
2017-12-31 00:00:00,0.0
2017-12-31 01:00:00,0.0
2017-12-31 02:00:00,0.0
2017-12-31 03:00:00,0.0
2017-12-31 04:00:00,0.0
2017-12-31 05:00:00,0.0
2017-12-31 06:00:00,49.83
2017-12-31 07:00:00,245.35
2017-12-31 08:00:00,450.2
2017-12-31 09:00:00,627.55
2017-12-31 10:00:00,709.83
2017-12-31 11:00:00,758.85
2017-12-31 12:00:00,722.55
2017-12-31 13:00:00,658.62
2017-12-31 14:00:00,489.05
2017-12-31 15:00:00,302.65
2017-12-31 16:00:00,104.18
2017-12-31 17:00:00,3.12
2017-12-31 18:00:00,0.0
2017-12-31 19:00:00,0.0
2017-12-31 20:00:00,0.0
2017-12-31 21:00:00,0.0
2017-12-31 22:00:00,0.0
2017-12-31 23:00:00,0.0
