timestamp,ghi
2016-01-01 00:00:00,0.0
2016-01-01 01:00:00,0.0
2016-01-01 02:00:00,0.0
2016-01-01 03:00:00,0.0
2016-01-01 04:00:00,0.0
2016-01-01 05:00:00,0.0
2016-01-01 06:00:00,44.17
2016-01-01 07:00:00,196.75
2016-01-01 08:00:00,395.15
2016-01-01 09:00:00,566.83
2016-01-01 10:00:00,632.83
2016-01-01 11:00:00,712.97
2016-01-01 12:00:00,622.67
2016-01-01 13:00:00,548.97
2016-01-01 14:00:00,439.67
2016-01-01 15:00:00,271.25
2016-01-01 16:00:00,96.5
2016-01-01 17:00:00,4.2
2016-01-01 18:00:00,0.0
2016-01-01 19:00:00,0.0
2016-01-01 20:00:00,0.0
2016-01-01 21:00:00,0.0
2016-01-01 22:00:00,0.0
2016-01-01 23:00:00,0.0
2016-01-02 00:00:00,0.0
2016-01-02 01:00:00,0.0
2016-01-02 02:00:00,0.0
2016-01-02 03:00:00,0.0
2016-01-02 04:00:00,0.0
2016-01-02 05:00:00,0.0
2016-01-02 06:00:00,47.72
2016-01-02 07:00:00,232.68
2016-01-02 08:00:00,443.42
2016-01-02 09:00:00,593.97
2016-01-02 10:00:00,715.67
2016-01-02 11:00:00,772.85
2016-01-02 12:00:00,772.25
2016-01-02 13:00:00,669.05
2016-01-02 14:00:00,522.67
2016-01-02 15:00:00,308.8
2016-01-02 16:00:00,106.25
2016-01-02 17:00:00,4.3
2016-01-02 18:00:00,0.0
2016-01-02 19:00:00,0.0
2016-01-02 20:00:00,0.0
2016-01-02 21:00:00,0.0
2016-01-02 22:00:00,0.0
2016-01-02 23:00:00,0.0
2016-01-03 00:00:00,0.0
2016-01-03 01:00:00,0.0
2016-01-03 02:00:00,0.0
2016-01-03 03:00:00,0.0
2016-01-03 04:00:00,0.0
2016-01-03 05:00:00,0.0
2016-01-03 06:00:00,44.53
2016-01-03 07:00:00,233.52
2016-01-03 08:00:00,441.45
2016-01-03 09:00:00,616.22
2016-01-03 10:00:00,786.05
2016-01-03 11:00:00,841.12
2016-01-03 12:00:00,817.17
2016-01-03 13:00:00,727.17
2016-01-03 14:00:00,566.62
2016-01-03 15:00:00,358.88
2016-01-03 16:00:00,136.4
2016-01-03 17:00:00,5.43
2016-01-03 18:00:00,0.0
2016-01-03 19:00:00,0.0
2016-01-03 20:00:00,0.0
2016-01-03 21:00:00,0.0
2016-01-03 22:00:00,0.0
2016-01-03 23:00:00,0.0
2016-01-04 00:00:00,0.0
2016-01-04 01:00:00,0.0
2016-01-04 02:00:00,0.0
2016-01-04 03:00:00,0.0
2016-01-04 04:00:00,0.0
2016-01-04 05:00:00,0.0
2016-01-04 06:00:00,54.67
2016-01-04 07:00:00,257.65
2016-01-04 08:00:00,473.77
2016-01-04 09:00:00,663.9
2016-01-04 10:00:00,779.75
2016-01-04 11:00:00,814.22
2016-01-04 12:00:00,803.03
2016-01-04 13:00:00,707.67
2016-01-04 14:00:00,546.88
2016-01-04 15:00:00,335.95
2016-01-04 16:00:00,122.53
2016-01-04 17:00:00,5.4
2016-01-04 18:00:00,0.0
2016-01-04 19:00:00,0.0
2016-01-04 20:00:00,0.0
2016-01-04 21:00:00,0.0
2016-01-04 22:00:00,0.0
2016-01-04 23:00:00,0.0
2016-01-05 00:00:00,0.0
2016-01-05 01:00:00,0.0
2016-01-05 02:00:00,0.0
2016-01-05 03:00:00,0.0
2016-01-05 04:00:00,0.0
2016-01-05 05:00:00,0.0
2016-01-05 06:00:00,43.05
2016-01-05 07:00:00,181.3
2016-01-05 08:00:00,348.12
2016-01-05 09:00:00,520.28
2016-01-05 10:00:00,652.55
2016-01-05 11:00:00,704.1
2016-01-05 12:00:00,710.05
2016-01-05 13:00:00,615.47
2016-01-05 14:00:00,486.77
2016-01-05 15:00:00,285.3
2016-01-05 16:00:00,100.93
2016-01-05 17:00:00,4.7
2016-01-05 18:00:00,0.0
2016-01-05 19:00:00,0.0
2016-01-05 20:00:00,0.0
2016-01-05 21:00:00,0.0
2016-01-05 22:00:00,0.0
2016-01-05 23:00:00,0.0
2016-01-06 00:00:00,0.0
2016-01-06 01:00:00,0.0
2016-01-06 02:00:00,0.0
2016-01-06 03:00:00,0.0
2016-01-06 04:00:00,0.0
2016-01-06 05:00:00,0.0
2016-01-06 06:00:00,44.05
2016-01-06 07:00:00,214.02
2016-01-06 08:00:00,400.05
2016-01-06 09:00:00,597.2
2016-01-06 10:00:00,714.33
2016-01-06 11:00:00,790.7
2016-01-06 12:00:00,752.88
2016-01-06 13:00:00,620.65
2016-01-06 14:00:00,438.67
2016-01-06 15:00:00,265.2
2016-01-06 16:00:00,102.93
2016-01-06 17:00:00,5.4
2016-01-06 18:00:00,0.0
2016-01-06 19:00:00,0.0
2016-01-06 20:00:00,0.0
2016-01-06 21:00:00,0.0
2016-01-06 22:00:00,0.0
2016-01-06 23:00:00,0.0
2016-01-07 00:00:00,0.0
2016-01-07 01:00:00,0.0
2016-01-07 02:00:00,0.0
2016-01-07 03:00:00,0.0
2016-01-07 04:00:00,0.0
2016-01-07 05:00:00,0.0
2016-01-07 06:00:00,45.7
2016-01-07 07:00:00,225.93
2016-01-07 08:00:00,435.6
2016-01-07 09:00:00,600.83
2016-01-07 10:00:00,694.4
2016-01-07 11:00:00,757.35
2016-01-07 12:00:00,773.85
2016-01-07 13:00:00,700.7
2016-01-07 14:00:00,545.17
2016-01-07 15:00:00,340.88
2016-01-07 16:00:00,128.15
2016-01-07 17:00:00,5.93
2016-01-07 18:00:00,0.0
2016-01-07 19:00:00,0.0
2016-01-07 20:00:00,0.0
2016-01-07 21:00:00,0.0
2016-01-07 22:00:00,0.0
2016-01-07 23:00:00,0.0
2016-01-08 00:00:00,0.0
2016-01-08 01:00:00,0.0
2016-01-08 02:00:00,0.0
2016-01-08 03:00:00,0.0
2016-01-08 04:00:00,0.0
2016-01-08 05:00:00,0.0
2016-01-08 06:00:00,34.47
2016-01-08 07:00:00,183.35
2016-01-08 08:00:00,396.1
2016-01-08 09:00:00,570.95
2016-01-08 10:00:00,657.88
2016-01-08 11:00:00,705.15
2016-01-08 12:00:00,681.1
2016-01-08 13:00:00,613.65
2016-01-08 14:00:00,514.03
2016-01-08 15:00:00,294.15
2016-01-08 16:00:00,109.85
2016-01-08 17:00:00,5.72
2016-01-08 18:00:00,0.0
2016-01-08 19:00:00,0.0
2016-01-08 20:00:00,0.0
2016-01-08 21:00:00,0.0
2016-01-08 22:00:00,0.0
2016-01-08 23:00:00,0.0
2016-01-09 00:00:00,0.0
2016-01-09 01:00:00,0.0
2016-01-09 02:00:00,0.0
2016-01-09 03:00:00,0.0
2016-01-09 04:00:00,0.0
2016-01-09 05:00:00,0.0
2016-01-09 06:00:00,39.72
2016-01-09 07:00:00,204.25
2016-01-09 08:00:00,421.48
2016-01-09 09:00:00,635.15
2016-01-09 10:00:00,735.22
2016-01-09 11:00:00,789.85
2016-01-09 12:00:00,763.45
2016-01-09 13:00:00,703.05
2016-01-09 14:00:00,519.2
2016-01-09 15:00:00,328.42
2016-01-09 16:00:00,127.18
2016-01-09 17:00:00,6.8
2016-01-09 18:00:00,0.0
2016-01-09 19:00:00,0.0
2016-01-09 20:00:00,0.0
2016-01-09 21:00:00,0.0
2016-01-09 22:00:00,0.0
2016-01-09 23:00:00,0.0
2016-01-10 00:00:00,0.0
2016-01-10 01:00:00,0.0
2016-01-10 02:00:00,0.0
2016-01-10 03:00:00,0.0
2016-01-10 04:00:00,0.0
2016-01-10 05:00:00,0.0
2016-01-10 06:00:00,43.38
2016-01-10 07:00:00,231.9
2016-01-10 08:00:00,449.0
2016-01-10 09:00:00,638.85
2016-01-10 10:00:00,766.67
2016-01-10 11:00:00,796.1
2016-01-10 12:00:00,779.1
2016-01-10 13:00:00,731.05
2016-01-10 14:00:00,573.2
2016-01-10 15:00:00,366.08
2016-01-10 16:00:00,140.18
2016-01-10 17:00:00,7.1
2016-01-10 18:00:00,0.0
2016-01-10 19:00:00,0.0
2016-01-10 20:00:00,0.0
2016-01-10 21:00:00,0.0
2016-01-10 22:00:00,0.0
2016-01-10 23:00:00,0.0
2016-01-11 00:00:00,0.0
2016-01-11 01:00:00,0.0
2016-01-11 02:00:00,0.0
2016-01-11 03:00:00,0.0
2016-01-11 04:00:00,0.0
2016-01-11 05:00:00,0.0
2016-01-11 06:00:00,44.03
2016-01-11 07:00:00,233.62
2016-01-11 08:00:00,451.45
2016-01-11 09:00:00,634.28
2016-01-11 10:00:00,737.4
2016-01-11 11:00:00,815.67
2016-01-11 12:00:00,749.22
2016-01-11 13:00:00,699.9
2016-01-11 14:00:00,545.25
2016-01-11 15:00:00,346.38
2016-01-11 16:00:00,134.62
2016-01-11 17:00:00,7.22
2016-01-11 18:00:00,0.0
2016-01-11 19:00:00,0.0
2016-01-11 20:00:00,0.0
2016-01-11 21:00:00,0.0
2016-01-11 22:00:00,0.0
2016-01-11 23:00:00,0.0
2016-01-12 00:00:00,0.0
2016-01-12 01:00:00,0.0
2016-01-12 02:00:00,0.0
2016-01-12 03:00:00,0.0
2016-01-12 04:00:00,0.0
2016-01-12 05:00:00,0.0
2016-01-12 06:00:00,41.03
2016-01-12 07:00:00,228.43
2016-01-12 08:00:00,446.3
2016-01-12 09:00:00,632.12
2016-01-12 10:00:00,769.17
2016-01-12 11:00:00,792.58
2016-01-12 12:00:00,766.22
2016-01-12 13:00:00,724.08
2016-01-12 14:00:00,554.1
2016-01-12 15:00:00,354.12
2016-01-12 16:00:00,136.75
2016-01-12 17:00:00,7.65
2016-01-12 18:00:00,0.0
2016-01-12 19:00:00,0.0
2016-01-12 20:00:00,0.0
2016-01-12 21:00:00,0.0
2016-01-12 22:00:00,0.0
2016-01-12 23:00:00,0.0
2016-01-13 00:00:00,0.0
2016-01-13 01:00:00,0.0
2016-01-13 02:00:00,0.0
2016-01-13 03:00:00,0.0
2016-01-13 04:00:00,0.0
2016-01-13 05:00:00,0.0
2016-01-13 06:00:00,41.1
2016-01-13 07:00:00,224.5
2016-01-13 08:00:00,427.27
2016-01-13 09:00:00,632.45
2016-01-13 10:00:00,733.55
2016-01-13 11:00:00,781.53
2016-01-13 12:00:00,713.85
2016-01-13 13:00:00,499.15
2016-01-13 14:00:00,428.38
2016-01-13 15:00:00,252.4
2016-01-13 16:00:00,88.65
2016-01-13 17:00:00,6.45
2016-01-13 18:00:00,0.0
2016-01-13 19:00:00,0.0
2016-01-13 20:00:00,0.0
2016-01-13 21:00:00,0.0
2016-01-13 22:00:00,0.0
2016-01-13 23:00:00,0.0
2016-01-14 00:00:00,0.0
2016-01-14 01:00:00,0.0
2016-01-14 02:00:00,0.0
2016-01-14 03:00:00,0.0
2016-01-14 04:00:00,0.0
2016-01-14 05:00:00,0.0
2016-01-14 06:00:00,38.45
2016-01-14 07:00:00,202.38
2016-01-14 08:00:00,384.62
2016-01-14 09:00:00,610.47
2016-01-14 10:00:00,744.53
2016-01-14 11:00:00,810.9
2016-01-14 12:00:00,800.08
2016-01-14 13:00:00,702.47
2016-01-14 14:00:00,551.97
2016-01-14 15:00:00,351.35
2016-01-14 16:00:00,138.43
2016-01-14 17:00:00,8.23
2016-01-14 18:00:00,0.0
2016-01-14 19:00:00,0.0
2016-01-14 20:00:00,0.0
2016-01-14 21:00:00,0.0
2016-01-14 22:00:00,0.0
2016-01-14 23:00:00,0.0
2016-01-15 00:00:00,0.0
2016-01-15 01:00:00,0.0
2016-01-15 02:00:00,0.0
2016-01-15 03:00:00,0.0
2016-01-15 04:00:00,0.0
2016-01-15 05:00:00,0.0
2016-01-15 06:00:00,39.83
2016-01-15 07:00:00,212.62
2016-01-15 08:00:00,429.9
2016-01-15 09:00:00,626.72
2016-01-15 10:00:00,774.45
2016-01-15 11:00:00,828.85
2016-01-15 12:00:00,785.7
2016-01-15 13:00:00,709.05
2016-01-15 14:00:00,565.58
2016-01-15 15:00:00,361.67
2016-01-15 16:00:00,144.12
2016-01-15 17:00:00,8.8
2016-01-15 18:00:00,0.0
2016-01-15 19:00:00,0.0
2016-01-15 20:00:00,0.0
2016-01-15 21:00:00,0.0
2016-01-15 22:00:00,0.0
2016-01-15 23:00:00,0.0
2016-01-16 00:00:00,0.0
2016-01-16 01:00:00,0.0
2016-01-16 02:00:00,0.0
2016-01-16 03:00:00,0.0
2016-01-16 04:00:00,0.0
2016-01-16 05:00:00,0.0
2016-01-16 06:00:00,39.55
2016-01-16 07:00:00,228.98
2016-01-16 08:00:00,454.67
2016-01-16 09:00:00,654.25
2016-01-16 10:00:00,775.9
2016-01-16 11:00:00,826.08
2016-01-16 12:00:00,813.17
2016-01-16 13:00:00,706.35
2016-01-16 14:00:00,555.25
2016-01-16 15:00:00,352.8
2016-01-16 16:00:00,138.7
2016-01-16 17:00:00,8.77
2016-01-16 18:00:00,0.0
2016-01-16 19:00:00,0.0
2016-01-16 20:00:00,0.0
2016-01-16 21:00:00,0.0
2016-01-16 22:00:00,0.0
2016-01-16 23:00:00,0.0
2016-01-17 00:00:00,0.0
2016-01-17 01:00:00,0.0
2016-01-17 02:00:00,0.0
2016-01-17 03:00:00,0.0
2016-01-17 04:00:00,0.0
2016-01-17 05:00:00,0.0
2016-01-17 06:00:00,32.72
2016-01-17 07:00:00,177.98
2016-01-17 08:00:00,388.83
2016-01-17 09:00:00,583.75
2016-01-17 10:00:00,718.67
2016-01-17 11:00:00,742.22
2016-01-17 12:00:00,739.3
2016-01-17 13:00:00,657.22
2016-01-17 14:00:00,515.83
2016-01-17 15:00:00,327.08
2016-01-17 16:00:00,129.75
2016-01-17 17:00:00,8.73
2016-01-17 18:00:00,0.0
2016-01-17 19:00:00,0.0
2016-01-17 20:00:00,0.0
2016-01-17 21:00:00,0.0
2016-01-17 22:00:00,0.0
2016-01-17 23:00:00,0.0
2016-01-18 00:00:00,0.0
2016-01-18 01:00:00,0.0
2016-01-18 02:00:00,0.0
2016-01-18 03:00:00,0.0
2016-01-18 04:00:00,0.0
2016-01-18 05:00:00,0.0
2016-01-18 06:00:00,33.3
2016-01-18 07:00:00,193.6
2016-01-18 08:00:00,411.77
2016-01-18 09:00:00,599.92
2016-01-18 10:00:00,728.45
2016-01-18 11:00:00,795.45
2016-01-18 12:00:00,759.12
2016-01-18 13:00:00,699.45
2016-01-18 14:00:00,551.28
2016-01-18 15:00:00,350.08
2016-01-18 16:00:00,138.88
2016-01-18 17:00:00,8.8
2016-01-18 18:00:00,0.0
2016-01-18 19:00:00,0.0
2016-01-18 20:00:00,0.0
2016-01-18 21:00:00,0.0
2016-01-18 22:00:00,0.0
2016-01-18 23:00:00,0.0
2016-01-19 00:00:00,0.0
2016-01-19 01:00:00,0.0
2016-01-19 02:00:00,0.0
2016-01-19 03:00:00,0.0
2016-01-19 04:00:00,0.0
2016-01-19 05:00:00,0.0
2016-01-19 06:00:00,33.22
2016-01-19 07:00:00,177.4
2016-01-19 08:00:00,371.48
2016-01-19 09:00:00,529.72
2016-01-19 10:00:00,689.42
2016-01-19 11:00:00,748.15
2016-01-19 12:00:00,733.85
2016-01-19 13:00:00,669.38
2016-01-19 14:00:00,493.42
2016-01-19 15:00:00,263.88
2016-01-19 16:00:00,110.12
2016-01-19 17:00:00,6.78
2016-01-19 18:00:00,0.0
2016-01-19 19:00:00,0.0
2016-01-19 20:00:00,0.0
2016-01-19 21:00:00,0.0
2016-01-19 22:00:00,0.0
2016-01-19 23:00:00,0.0
2016-01-20 00:00:00,0.0
2016-01-20 01:00:00,0.0
2016-01-20 02:00:00,0.0
2016-01-20 03:00:00,0.0
2016-01-20 04:00:00,0.0
2016-01-20 05:00:00,0.0
2016-01-20 06:00:00,25.65
2016-01-20 07:00:00,143.95
2016-01-20 08:00:00,284.85
2016-01-20 09:00:00,472.58
2016-01-20 10:00:00,532.0
2016-01-20 11:00:00,591.72
2016-01-20 12:00:00,620.72
2016-01-20 13:00:00,585.05
2016-01-20 14:00:00,470.23
2016-01-20 15:00:00,284.1
2016-01-20 16:00:00,109.62
2016-01-20 17:00:00,8.25
2016-01-20 18:00:00,0.0
2016-01-20 19:00:00,0.0
2016-01-20 20:00:00,0.0
2016-01-20 21:00:00,0.0
2016-01-20 22:00:00,0.0
2016-01-20 23:00:00,0.0
2016-01-21 00:00:00,0.0
2016-01-21 01:00:00,0.0
2016-01-21 02:00:00,0.0
2016-01-21 03:00:00,0.0
2016-01-21 04:00:00,0.0
2016-01-21 05:00:00,0.0
2016-01-21 06:00:00,21.35
2016-01-21 07:00:00,124.15
2016-01-21 08:00:00,302.1
2016-01-21 09:00:00,495.38
2016-01-21 10:00:00,650.4
2016-01-21 11:00:00,761.7
2016-01-21 12:00:00,753.05
2016-01-21 13:00:00,693.45
2016-01-21 14:00:00,522.28
2016-01-21 15:00:00,328.1
2016-01-21 16:00:00,128.8
2016-01-21 17:00:00,9.45
2016-01-21 18:00:00,0.0
2016-01-21 19:00:00,0.0
2016-01-21 20:00:00,0.0
2016-01-21 21:00:00,0.0
2016-01-21 22:00:00,0.0
2016-01-21 23:00:00,0.0
2016-01-22 00:00:00,0.0
2016-01-22 01:00:00,0.0
2016-01-22 02:00:00,0.0
2016-01-22 03:00:00,0.0
2016-01-22 04:00:00,0.0
2016-01-22 05:00:00,0.0
2016-01-22 06:00:00,25.8
2016-01-22 07:00:00,139.2
2016-01-22 08:00:00,333.9
2016-01-22 09:00:00,464.7
2016-01-22 10:00:00,533.58
2016-01-22 11:00:00,608.42
2016-01-22 12:00:00,550.33
2016-01-22 13:00:00,500.1
2016-01-22 14:00:00,395.0
2016-01-22 15:00:00,220.9
2016-01-22 16:00:00,100.03
2016-01-22 17:00:00,9.27
2016-01-22 18:00:00,0.0
2016-01-22 19:00:00,0.0
2016-01-22 20:00:00,0.0
2016-01-22 21:00:00,0.0
2016-01-22 22:00:00,0.0
2016-01-22 23:00:00,0.0
2016-01-23 00:00:00,0.0
2016-01-23 01:00:00,0.0
2016-01-23 02:00:00,0.0
2016-01-23 03:00:00,0.0
2016-01-23 04:00:00,0.0
2016-01-23 05:00:00,0.0
2016-01-23 06:00:00,24.8
2016-01-23 07:00:00,126.95
2016-01-23 08:00:00,242.18
2016-01-23 09:00:00,381.23
2016-01-23 10:00:00,418.95
2016-01-23 11:00:00,576.75
2016-01-23 12:00:00,609.95
2016-01-23 13:00:00,561.1
2016-01-23 14:00:00,383.83
2016-01-23 15:00:00,247.75
2016-01-23 16:00:00,110.03
2016-01-23 17:00:00,10.48
2016-01-23 18:00:00,0.0
2016-01-23 19:00:00,0.0
2016-01-23 20:00:00,0.0
2016-01-23 21:00:00,0.0
2016-01-23 22:00:00,0.0
2016-01-23 23:00:00,0.0
2016-01-24 00:00:00,0.0
2016-01-24 01:00:00,0.0
2016-01-24 02:00:00,0.0
2016-01-24 03:00:00,0.0
2016-01-24 04:00:00,0.0
2016-01-24 05:00:00,0.0
2016-01-24 06:00:00,28.77
2016-01-24 07:00:00,161.7
2016-01-24 08:00:00,360.65
2016-01-24 09:00:00,590.28
2016-01-24 10:00:00,724.72
2016-01-24 11:00:00,781.5
2016-01-24 12:00:00,721.28
2016-01-24 13:00:00,634.35
2016-01-24 14:00:00,484.8
2016-01-24 15:00:00,276.88
2016-01-24 16:00:00,118.75
2016-01-24 17:00:00,9.18
2016-01-24 18:00:00,0.0
2016-01-24 19:00:00,0.0
2016-01-24 20:00:00,0.0
2016-01-24 21:00:00,0.0
2016-01-24 22:00:00,0.0
2016-01-24 23:00:00,0.0
2016-01-25 00:00:00,0.0
2016-01-25 01:00:00,0.0
2016-01-25 02:00:00,0.0
2016-01-25 03:00:00,0.0
2016-01-25 04:00:00,0.0
2016-01-25 05:00:00,0.0
2016-01-25 06:00:00,41.53
2016-01-25 07:00:00,219.6
2016-01-25 08:00:00,417.15
2016-01-25 09:00:00,622.2
2016-01-25 10:00:00,750.15
2016-01-25 11:00:00,811.35
2016-01-25 12:00:00,791.03
2016-01-25 13:00:00,702.62
2016-01-25 14:00:00,557.2
2016-01-25 15:00:00,358.55
2016-01-25 16:00:00,147.2
2016-01-25 17:00:00,11.27
2016-01-25 18:00:00,0.0
2016-01-25 19:00:00,0.0
2016-01-25 20:00:00,0.0
2016-01-25 21:00:00,0.0
2016-01-25 22:00:00,0.0
2016-01-25 23:00:00,0.0
2016-01-26 00:00:00,0.0
2016-01-26 01:00:00,0.0
2016-01-26 02:00:00,0.0
2016-01-26 03:00:00,0.0
2016-01-26 04:00:00,0.0
2016-01-26 05:00:00,0.0
2016-01-26 06:00:00,35.85
2016-01-26 07:00:00,197.12
2016-01-26 08:00:00,386.27
2016-01-26 09:00:00,580.17
2016-01-26 10:00:00,739.7
2016-01-26 11:00:00,805.08
2016-01-26 12:00:00,791.58
2016-01-26 13:00:00,721.7
2016-01-26 14:00:00,559.08
2016-01-26 15:00:00,359.95
2016-01-26 16:00:00,141.3
2016-01-26 17:00:00,11.62
2016-01-26 18:00:00,0.0
2016-01-26 19:00:00,0.0
2016-01-26 20:00:00,0.0
2016-01-26 21:00:00,0.0
2016-01-26 22:00:00,0.0
2016-01-26 23:00:00,0.0
2016-01-27 00:00:00,0.0
2016-01-27 01:00:00,0.0
2016-01-27 02:00:00,0.0
2016-01-27 03:00:00,0.0
2016-01-27 04:00:00,0.0
2016-01-27 05:00:00,0.0
2016-01-27 06:00:00,37.78
2016-01-27 07:00:00,221.48
2016-01-27 08:00:00,436.1
2016-01-27 09:00:00,620.55
2016-01-27 10:00:00,732.65
2016-01-27 11:00:00,868.92
2016-01-27 12:00:00,855.97
2016-01-27 13:00:00,762.65
2016-01-27 14:00:00,616.12
2016-01-27 15:00:00,407.85
2016-01-27 16:00:00,177.3
2016-01-27 17:00:00,14.35
2016-01-27 18:00:00,0.0
2016-01-27 19:00:00,0.0
2016-01-27 20:00:00,0.0
2016-01-27 21:00:00,0.0
2016-01-27 22:00:00,0.0
2016-01-27 23:00:00,0.0
2016-01-28 00:00:00,0.0
2016-01-28 01:00:00,0.0
2016-01-28 02:00:00,0.0
2016-01-28 03:00:00,0.0
2016-01-28 04:00:00,0.0
2016-01-28 05:00:00,0.0
2016-01-28 06:00:00,36.17
2016-01-28 07:00:00,216.55
2016-01-28 08:00:00,437.45
2016-01-28 09:00:00,633.12
2016-01-28 10:00:00,778.88
2016-01-28 11:00:00,846.72
2016-01-28 12:00:00,829.4
2016-01-28 13:00:00,757.28
2016-01-28 14:00:00,596.12
2016-01-28 15:00:00,386.9
2016-01-28 16:00:00,168.18
2016-01-28 17:00:00,14.4
2016-01-28 18:00:00,0.0
2016-01-28 19:00:00,0.0
2016-01-28 20:00:00,0.0
2016-01-28 21:00:00,0.0
2016-01-28 22:00:00,0.0
2016-01-28 23:00:00,0.0
2016-01-29 00:00:00,0.0
2016-01-29 01:00:00,0.0
2016-01-29 02:00:00,0.0
2016-01-29 03:00:00,0.0
2016-01-29 04:00:00,0.0
2016-01-29 05:00:00,0.0
2016-01-29 06:00:00,38.72
2016-01-29 07:00:00,220.38
2016-01-29 08:00:00,436.17
2016-01-29 09:00:00,618.05
2016-01-29 10:00:00,781.78
2016-01-29 11:00:00,879.33
2016-01-29 12:00:00,860.97
2016-01-29 13:00:00,703.17
2016-01-29 14:00:00,619.7
2016-01-29 15:00:00,411.42
2016-01-29 16:00:00,181.1
2016-01-29 17:00:00,15.62
2016-01-29 18:00:00,0.0
2016-01-29 19:00:00,0.0
2016-01-29 20:00:00,0.0
2016-01-29 21:00:00,0.0
2016-01-29 22:00:00,0.0
2016-01-29 23:00:00,0.0
2016-01-30 00:00:00,0.0
2016-01-30 01:00:00,0.0
2016-01-30 02:00:00,0.0
2016-01-30 03:00:00,0.0
2016-01-30 04:00:00,0.0
2016-01-30 05:00:00,0.0
2016-01-30 06:00:00,36.78
2016-01-30 07:00:00,213.12
2016-01-30 08:00:00,437.58
2016-01-30 09:00:00,653.72
2016-01-30 10:00:00,788.05
2016-01-30 11:00:00,854.85
2016-01-30 12:00:00,858.15
2016-01-30 13:00:00,764.9
2016-01-30 14:00:00,613.25
2016-01-30 15:00:00,396.02
2016-01-30 16:00:00,176.5
2016-01-30 17:00:00,16.02
2016-01-30 18:00:00,0.0
2016-01-30 19:00:00,0.0
2016-01-30 20:00:00,0.0
2016-01-30 21:00:00,0.0
2016-01-30 22:00:00,0.0
2016-01-30 23:00:00,0.0
2016-01-31 00:00:00,0.0
2016-01-31 01:00:00,0.0
2016-01-31 02:00:00,0.0
2016-01-31 03:00:00,0.0
2016-01-31 04:00:00,0.0
2016-01-31 05:00:00,0.0
2016-01-31 06:00:00,43.6
2016-01-31 07:00:00,219.73
2016-01-31 08:00:00,434.02
2016-01-31 09:00:00,639.12
2016-01-31 10:00:00,775.25
2016-01-31 11:00:00,838.03
2016-01-31 12:00:00,800.83
2016-01-31 13:00:00,652.72
2016-01-31 14:00:00,583.55
2016-01-31 15:00:00,377.1
2016-01-31 16:00:00,160.27
2016-01-31 17:00:00,15.32
2016-01-31 18:00:00,0.0
2016-01-31 19:00:00,0.0
2016-01-31 20:00:00,0.0
2016-01-31 21:00:00,0.0
2016-01-31 22:00:00,0.0
2016-01-31 23:00:00,0.0
2016-02-01 00:00:00,0.0
2016-02-01 01:00:00,0.0
2016-02-01 02:00:00,0.0
2016-02-01 03:00:00,0.0
2016-02-01 04:00:00,0.0
2016-02-01 05:00:00,0.0
2016-02-01 06:00:00,43.88
2016-02-01 07:00:00,230.05
2016-02-01 08:00:00,456.77
2016-02-01 09:00:00,664.12
2016-02-01 10:00:00,757.55
2016-02-01 11:00:00,866.0
2016-02-01 12:00:00,846.35
2016-02-01 13:00:00,736.47
2016-02-01 14:00:00,621.08
2016-02-01 15:00:00,404.02
2016-02-01 16:00:00,183.9
2016-02-01 17:00:00,18.83
2016-02-01 18:00:00,0.0
2016-02-01 19:00:00,0.0
2016-02-01 20:00:00,0.0
2016-02-01 21:00:00,0.0
2016-02-01 22:00:00,0.0
2016-02-01 23:00:00,0.0
2016-02-02 00:00:00,0.0
2016-02-02 01:00:00,0.0
2016-02-02 02:00:00,0.0
2016-02-02 03:00:00,0.0
2016-02-02 04:00:00,0.0
2016-02-02 05:00:00,0.0
2016-02-02 06:00:00,47.4
2016-02-02 07:00:00,236.6
2016-02-02 08:00:00,468.8
2016-02-02 09:00:00,655.15
2016-02-02 10:00:00,776.88
2016-02-02 11:00:00,886.65
2016-02-02 12:00:00,884.7
2016-02-02 13:00:00,805.95
2016-02-02 14:00:00,644.22
2016-02-02 15:00:00,421.33
2016-02-02 16:00:00,194.2
2016-02-02 17:00:00,18.77
2016-02-02 18:00:00,0.0
2016-02-02 19:00:00,0.0
2016-02-02 20:00:00,0.0
2016-02-02 21:00:00,0.0
2016-02-02 22:00:00,0.0
2016-02-02 23:00:00,0.0
2016-02-03 00:00:00,0.0
2016-02-03 01:00:00,0.0
2016-02-03 02:00:00,0.0
2016-02-03 03:00:00,0.0
2016-02-03 04:00:00,0.0
2016-02-03 05:00:00,0.0
2016-02-03 06:00:00,46.03
2016-02-03 07:00:00,236.38
2016-02-03 08:00:00,431.17
2016-02-03 09:00:00,670.28
2016-02-03 10:00:00,832.17
2016-02-03 11:00:00,891.0
2016-02-03 12:00:00,881.62
2016-02-03 13:00:00,770.75
2016-02-03 14:00:00,608.05
2016-02-03 15:00:00,415.65
2016-02-03 16:00:00,195.57
2016-02-03 17:00:00,19.65
2016-02-03 18:00:00,0.0
2016-02-03 19:00:00,0.0
2016-02-03 20:00:00,0.0
2016-02-03 21:00:00,0.0
2016-02-03 22:00:00,0.0
2016-02-03 23:00:00,0.0
2016-02-04 00:00:00,0.0
2016-02-04 01:00:00,0.0
2016-02-04 02:00:00,0.0
2016-02-04 03:00:00,0.0
2016-02-04 04:00:00,0.0
2016-02-04 05:00:00,0.0
2016-02-04 06:00:00,47.65
2016-02-04 07:00:00,239.57
2016-02-04 08:00:00,480.1
2016-02-04 09:00:00,671.28
2016-02-04 10:00:00,829.35
2016-02-04 11:00:00,838.53
2016-02-04 12:00:00,864.4
2016-02-04 13:00:00,782.05
2016-02-04 14:00:00,613.35
2016-02-04 15:00:00,401.25
2016-02-04 16:00:00,176.07
2016-02-04 17:00:00,16.95
2016-02-04 18:00:00,0.0
2016-02-04 19:00:00,0.0
2016-02-04 20:00:00,0.0
2016-02-04 21:00:00,0.0
2016-02-04 22:00:00,0.0
2016-02-04 23:00:00,0.0
2016-02-05 00:00:00,0.0
2016-02-05 01:00:00,0.0
2016-02-05 02:00:00,0.0
2016-02-05 03:00:00,0.0
2016-02-05 04:00:00,0.0
2016-02-05 05:00:00,0.0
2016-02-05 06:00:00,41.08
2016-02-05 07:00:00,218.05
2016-02-05 08:00:00,450.88
2016-02-05 09:00:00,616.08
2016-02-05 10:00:00,758.35
2016-02-05 11:00:00,843.5
2016-02-05 12:00:00,860.08
2016-02-05 13:00:00,755.2
2016-02-05 14:00:00,602.67
2016-02-05 15:00:00,386.17
2016-02-05 16:00:00,172.1
2016-02-05 17:00:00,17.5
2016-02-05 18:00:00,0.0
2016-02-05 19:00:00,0.0
2016-02-05 20:00:00,0.0
2016-02-05 21:00:00,0.0
2016-02-05 22:00:00,0.0
2016-02-05 23:00:00,0.0
2016-02-06 00:00:00,0.0
2016-02-06 01:00:00,0.0
2016-02-06 02:00:00,0.0
2016-02-06 03:00:00,0.0
2016-02-06 04:00:00,0.0
2016-02-06 05:00:00,0.0
2016-02-06 06:00:00,32.62
2016-02-06 07:00:00,165.45
2016-02-06 08:00:00,326.55
2016-02-06 09:00:00,521.45
2016-02-06 10:00:00,604.3
2016-02-06 11:00:00,740.78
2016-02-06 12:00:00,775.62
2016-02-06 13:00:00,685.83
2016-02-06 14:00:00,575.5
2016-02-06 15:00:00,376.1
2016-02-06 16:00:00,160.8
2016-02-06 17:00:00,16.73
2016-02-06 18:00:00,0.0
2016-02-06 19:00:00,0.0
2016-02-06 20:00:00,0.0
2016-02-06 21:00:00,0.0
2016-02-06 22:00:00,0.0
2016-02-06 23:00:00,0.0
2016-02-07 00:00:00,0.0
2016-02-07 01:00:00,0.0
2016-02-07 02:00:00,0.0
2016-02-07 03:00:00,0.0
2016-02-07 04:00:00,0.0
2016-02-07 05:00:00,0.0
2016-02-07 06:00:00,36.33
2016-02-07 07:00:00,199.88
2016-02-07 08:00:00,407.5
2016-02-07 09:00:00,598.1
2016-02-07 10:00:00,716.85
2016-02-07 11:00:00,812.9
2016-02-07 12:00:00,819.3
2016-02-07 13:00:00,744.35
2016-02-07 14:00:00,596.58
2016-02-07 15:00:00,394.65
2016-02-07 16:00:00,180.3
2016-02-07 17:00:00,19.05
2016-02-07 18:00:00,0.0
2016-02-07 19:00:00,0.0
2016-02-07 20:00:00,0.0
2016-02-07 21:00:00,0.0
2016-02-07 22:00:00,0.0
2016-02-07 23:00:00,0.0
2016-02-08 00:00:00,0.0
2016-02-08 01:00:00,0.0
2016-02-08 02:00:00,0.0
2016-02-08 03:00:00,0.0
2016-02-08 04:00:00,0.0
2016-02-08 05:00:00,0.0
2016-02-08 06:00:00,44.1
2016-02-08 07:00:00,232.12
2016-02-08 08:00:00,445.88
2016-02-08 09:00:00,648.08
2016-02-08 10:00:00,771.17
2016-02-08 11:00:00,837.33
2016-02-08 12:00:00,842.62
2016-02-08 13:00:00,762.0
2016-02-08 14:00:00,623.9
2016-02-08 15:00:00,419.15
2016-02-08 16:00:00,189.45
2016-02-08 17:00:00,19.55
2016-02-08 18:00:00,0.0
2016-02-08 19:00:00,0.0
2016-02-08 20:00:00,0.0
2016-02-08 21:00:00,0.0
2016-02-08 22:00:00,0.0
2016-02-08 23:00:00,0.0
2016-02-09 00:00:00,0.0
2016-02-09 01:00:00,0.0
2016-02-09 02:00:00,0.0
2016-02-09 03:00:00,0.0
2016-02-09 04:00:00,0.0
2016-02-09 05:00:00,0.0
2016-02-09 06:00:00,41.6
2016-02-09 07:00:00,213.68
2016-02-09 08:00:00,441.77
2016-02-09 09:00:00,624.45
2016-02-09 10:00:00,801.88
2016-02-09 11:00:00,862.2
2016-02-09 12:00:00,874.35
2016-02-09 13:00:00,799.58
2016-02-09 14:00:00,633.58
2016-02-09 15:00:00,425.35
2016-02-09 16:00:00,194.85
2016-02-09 17:00:00,20.25
2016-02-09 18:00:00,0.0
2016-02-09 19:00:00,0.0
2016-02-09 20:00:00,0.0
2016-02-09 21:00:00,0.0
2016-02-09 22:00:00,0.0
2016-02-09 23:00:00,0.0
2016-02-10 00:00:00,0.0
2016-02-10 01:00:00,0.0
2016-02-10 02:00:00,0.0
2016-02-10 03:00:00,0.0
2016-02-10 04:00:00,0.0
2016-02-10 05:00:00,0.0
2016-02-10 06:00:00,48.42
2016-02-10 07:00:00,243.4
2016-02-10 08:00:00,471.58
2016-02-10 09:00:00,689.0
2016-02-10 10:00:00,785.38
2016-02-10 11:00:00,867.85
2016-02-10 12:00:00,864.38
2016-02-10 13:00:00,795.95
2016-02-10 14:00:00,637.6
2016-02-10 15:00:00,420.77
2016-02-10 16:00:00,194.55
2016-02-10 17:00:00,20.8
2016-02-10 18:00:00,0.0
2016-02-10 19:00:00,0.0
2016-02-10 20:00:00,0.0
2016-02-10 21:00:00,0.0
2016-02-10 22:00:00,0.0
2016-02-10 23:00:00,0.0
2016-02-11 00:00:00,0.0
2016-02-11 01:00:00,0.0
2016-02-11 02:00:00,0.0
2016-02-11 03:00:00,0.0
2016-02-11 04:00:00,0.0
2016-02-11 05:00:00,0.0
2016-02-11 06:00:00,47.2
2016-02-11 07:00:00,221.18
2016-02-11 08:00:00,443.17
2016-02-11 09:00:00,662.1
2016-02-11 10:00:00,816.0
2016-02-11 11:00:00,853.7
2016-02-11 12:00:00,867.1
2016-02-11 13:00:00,786.0
2016-02-11 14:00:00,611.67
2016-02-11 15:00:00,407.67
2016-02-11 16:00:00,185.9
2016-02-11 17:00:00,20.23
2016-02-11 18:00:00,0.0
2016-02-11 19:00:00,0.0
2016-02-11 20:00:00,0.0
2016-02-11 21:00:00,0.0
2016-02-11 22:00:00,0.0
2016-02-11 23:00:00,0.0
2016-02-12 00:00:00,0.0
2016-02-12 01:00:00,0.0
2016-02-12 02:00:00,0.0
2016-02-12 03:00:00,0.0
2016-02-12 04:00:00,0.0
2016-02-12 05:00:00,0.0
2016-02-12 06:00:00,50.45
2016-02-12 07:00:00,229.5
2016-02-12 08:00:00,474.2
2016-02-12 09:00:00,648.58
2016-02-12 10:00:00,738.2
2016-02-12 11:00:00,893.7
2016-02-12 12:00:00,801.4
2016-02-12 13:00:00,778.9
2016-02-12 14:00:00,613.0
2016-02-12 15:00:00,410.55
2016-02-12 16:00:00,190.52
2016-02-12 17:00:00,22.15
2016-02-12 18:00:00,0.0
2016-02-12 19:00:00,0.0
2016-02-12 20:00:00,0.0
2016-02-12 21:00:00,0.0
2016-02-12 22:00:00,0.0
2016-02-12 23:00:00,0.0
2016-02-13 00:00:00,0.0
2016-02-13 01:00:00,0.0
2016-02-13 02:00:00,0.0
2016-02-13 03:00:00,0.0
2016-02-13 04:00:00,0.0
2016-02-13 05:00:00,0.0
2016-02-13 06:00:00,49.42
2016-02-13 07:00:00,216.98
2016-02-13 08:00:00,421.7
2016-02-13 09:00:00,608.92
2016-02-13 10:00:00,762.35
2016-02-13 11:00:00,847.28
2016-02-13 12:00:00,854.42
2016-02-13 13:00:00,776.55
2016-02-13 14:00:00,633.05
2016-02-13 15:00:00,428.1
2016-02-13 16:00:00,194.57
2016-02-13 17:00:00,22.0
2016-02-13 18:00:00,0.0
2016-02-13 19:00:00,0.0
2016-02-13 20:00:00,0.0
2016-02-13 21:00:00,0.0
2016-02-13 22:00:00,0.0
2016-02-13 23:00:00,0.0
2016-02-14 00:00:00,0.0
2016-02-14 01:00:00,0.0
2016-02-14 02:00:00,0.0
2016-02-14 03:00:00,0.0
2016-02-14 04:00:00,0.0
2016-02-14 05:00:00,0.0
2016-02-14 06:00:00,57.0
2016-02-14 07:00:00,267.6
2016-02-14 08:00:00,499.1
2016-02-14 09:00:00,716.25
2016-02-14 10:00:00,833.4
2016-02-14 11:00:00,851.03
2016-02-14 12:00:00,877.83
2016-02-14 13:00:00,841.85
2016-02-14 14:00:00,676.33
2016-02-14 15:00:00,467.2
2016-02-14 16:00:00,225.07
2016-02-14 17:00:00,26.55
2016-02-14 18:00:00,0.0
2016-02-14 19:00:00,0.0
2016-02-14 20:00:00,0.0
2016-02-14 21:00:00,0.0
2016-02-14 22:00:00,0.0
2016-02-14 23:00:00,0.0
2016-02-15 00:00:00,0.0
2016-02-15 01:00:00,0.0
2016-02-15 02:00:00,0.0
2016-02-15 03:00:00,0.0
2016-02-15 04:00:00,0.0
2016-02-15 05:00:00,0.0
2016-02-15 06:00:00,55.33
2016-02-15 07:00:00,266.38
2016-02-15 08:00:00,494.45
2016-02-15 09:00:00,680.45
2016-02-15 10:00:00,796.5
2016-02-15 11:00:00,865.92
2016-02-15 12:00:00,878.22
2016-02-15 13:00:00,787.8
2016-02-15 14:00:00,633.28
2016-02-15 15:00:00,426.48
2016-02-15 16:00:00,197.35
2016-02-15 17:00:00,23.12
2016-02-15 18:00:00,0.0
2016-02-15 19:00:00,0.0
2016-02-15 20:00:00,0.0
2016-02-15 21:00:00,0.0
2016-02-15 22:00:00,0.0
2016-02-15 23:00:00,0.0
2016-02-16 00:00:00,0.0
2016-02-16 01:00:00,0.0
2016-02-16 02:00:00,0.0
2016-02-16 03:00:00,0.0
2016-02-16 04:00:00,0.0
2016-02-16 05:00:00,0.0
2016-02-16 06:00:00,50.2
2016-02-16 07:00:00,245.55
2016-02-16 08:00:00,465.98
2016-02-16 09:00:00,677.47
2016-02-16 10:00:00,828.58
2016-02-16 11:00:00,923.1
2016-02-16 12:00:00,914.42
2016-02-16 13:00:00,837.85
2016-02-16 14:00:00,677.45
2016-02-16 15:00:00,466.88
2016-02-16 16:00:00,217.62
2016-02-16 17:00:00,24.88
2016-02-16 18:00:00,0.0
2016-02-16 19:00:00,0.0
2016-02-16 20:00:00,0.0
2016-02-16 21:00:00,0.0
2016-02-16 22:00:00,0.0
2016-02-16 23:00:00,0.0
2016-02-17 00:00:00,0.0
2016-02-17 01:00:00,0.0
2016-02-17 02:00:00,0.0
2016-02-17 03:00:00,0.0
2016-02-17 04:00:00,0.0
2016-02-17 05:00:00,0.0
2016-02-17 06:00:00,49.72
2016-02-17 07:00:00,232.77
2016-02-17 08:00:00,444.95
2016-02-17 09:00:00,641.67
2016-02-17 10:00:00,815.0
2016-02-17 11:00:00,884.53
2016-02-17 12:00:00,825.33
2016-02-17 13:00:00,724.22
2016-02-17 14:00:00,547.05
2016-02-17 15:00:00,367.45
2016-02-17 16:00:00,172.62
2016-02-17 17:00:00,22.38
2016-02-17 18:00:00,0.0
2016-02-17 19:00:00,0.0
2016-02-17 20:00:00,0.0
2016-02-17 21:00:00,0.0
2016-02-17 22:00:00,0.0
2016-02-17 23:00:00,0.0
2016-02-18 00:00:00,0.0
2016-02-18 01:00:00,0.0
2016-02-18 02:00:00,0.0
2016-02-18 03:00:00,0.0
2016-02-18 04:00:00,0.0
2016-02-18 05:00:00,0.0
2016-02-18 06:00:00,56.83
2016-02-18 07:00:00,261.65
2016-02-18 08:00:00,479.33
2016-02-18 09:00:00,689.05
2016-02-18 10:00:00,849.55
2016-02-18 11:00:00,914.0
2016-02-18 12:00:00,901.58
2016-02-18 13:00:00,821.6
2016-02-18 14:00:00,661.5
2016-02-18 15:00:00,450.25
2016-02-18 16:00:00,212.25
2016-02-18 17:00:00,24.45
2016-02-18 18:00:00,0.0
2016-02-18 19:00:00,0.0
2016-02-18 20:00:00,0.0
2016-02-18 21:00:00,0.0
2016-02-18 22:00:00,0.0
2016-02-18 23:00:00,0.0
2016-02-19 00:00:00,0.0
2016-02-19 01:00:00,0.0
2016-02-19 02:00:00,0.0
2016-02-19 03:00:00,0.0
2016-02-19 04:00:00,0.0
2016-02-19 05:00:00,0.0
2016-02-19 06:00:00,43.75
2016-02-19 07:00:00,212.8
2016-02-19 08:00:00,412.75
2016-02-19 09:00:00,613.6
2016-02-19 10:00:00,768.35
2016-02-19 11:00:00,875.53
2016-02-19 12:00:00,857.65
2016-02-19 13:00:00,776.97
2016-02-19 14:00:00,632.5
2016-02-19 15:00:00,426.85
2016-02-19 16:00:00,194.52
2016-02-19 17:00:00,21.77
2016-02-19 18:00:00,0.0
2016-02-19 19:00:00,0.0
2016-02-19 20:00:00,0.0
2016-02-19 21:00:00,0.0
2016-02-19 22:00:00,0.0
2016-02-19 23:00:00,0.0
2016-02-20 00:00:00,0.0
2016-02-20 01:00:00,0.0
2016-02-20 02:00:00,0.0
2016-02-20 03:00:00,0.0
2016-02-20 04:00:00,0.0
2016-02-20 05:00:00,0.0
2016-02-20 06:00:00,54.72
2016-02-20 07:00:00,266.5
2016-02-20 08:00:00,495.67
2016-02-20 09:00:00,704.75
2016-02-20 10:00:00,852.75
2016-02-20 11:00:00,905.3
2016-02-20 12:00:00,890.92
2016-02-20 13:00:00,817.58
2016-02-20 14:00:00,658.17
2016-02-20 15:00:00,450.23
2016-02-20 16:00:00,212.12
2016-02-20 17:00:00,25.27
2016-02-20 18:00:00,0.0
2016-02-20 19:00:00,0.0
2016-02-20 20:00:00,0.0
2016-02-20 21:00:00,0.0
2016-02-20 22:00:00,0.0
2016-02-20 23:00:00,0.0
2016-02-21 00:00:00,0.0
2016-02-21 01:00:00,0.0
2016-02-21 02:00:00,0.0
2016-02-21 03:00:00,0.0
2016-02-21 04:00:00,0.0
2016-02-21 05:00:00,0.0
2016-02-21 06:00:00,52.83
2016-02-21 07:00:00,220.02
2016-02-21 08:00:00,400.25
2016-02-21 09:00:00,642.72
2016-02-21 10:00:00,841.47
2016-02-21 11:00:00,882.72
2016-02-21 12:00:00,842.78
2016-02-21 13:00:00,754.53
2016-02-21 14:00:00,677.15
2016-02-21 15:00:00,466.15
2016-02-21 16:00:00,215.23
2016-02-21 17:00:00,26.3
2016-02-21 18:00:00,0.0
2016-02-21 19:00:00,0.0
2016-02-21 20:00:00,0.0
2016-02-21 21:00:00,0.0
2016-02-21 22:00:00,0.0
2016-02-21 23:00:00,0.0
2016-02-22 00:00:00,0.0
2016-02-22 01:00:00,0.0
2016-02-22 02:00:00,0.0
2016-02-22 03:00:00,0.0
2016-02-22 04:00:00,0.0
2016-02-22 05:00:00,0.0
2016-02-22 06:00:00,55.28
2016-02-22 07:00:00,266.6
2016-02-22 08:00:00,522.9
2016-02-22 09:00:00,734.28
2016-02-22 10:00:00,880.05
2016-02-22 11:00:00,944.75
2016-02-22 12:00:00,937.08
2016-02-22 13:00:00,840.6
2016-02-22 14:00:00,694.33
2016-02-22 15:00:00,477.52
2016-02-22 16:00:00,228.27
2016-02-22 17:00:00,27.77
2016-02-22 18:00:00,0.0
2016-02-22 19:00:00,0.0
2016-02-22 20:00:00,0.0
2016-02-22 21:00:00,0.0
2016-02-22 22:00:00,0.0
2016-02-22 23:00:00,0.0
2016-02-23 00:00:00,0.0
2016-02-23 01:00:00,0.0
2016-02-23 02:00:00,0.0
2016-02-23 03:00:00,0.0
2016-02-23 04:00:00,0.0
2016-02-23 05:00:00,0.0
2016-02-23 06:00:00,69.95
2016-02-23 07:00:00,280.62
2016-02-23 08:00:00,508.27
2016-02-23 09:00:00,732.33
2016-02-23 10:00:00,887.78
2016-02-23 11:00:00,953.4
2016-02-23 12:00:00,942.95
2016-02-23 13:00:00,867.1
2016-02-23 14:00:00,701.47
2016-02-23 15:00:00,487.0
2016-02-23 16:00:00,232.75
2016-02-23 17:00:00,28.25
2016-02-23 18:00:00,0.0
2016-02-23 19:00:00,0.0
2016-02-23 20:00:00,0.0
2016-02-23 21:00:00,0.0
2016-02-23 22:00:00,0.0
2016-02-23 23:00:00,0.0
2016-02-24 00:00:00,0.0
2016-02-24 01:00:00,0.0
2016-02-24 02:00:00,0.0
2016-02-24 03:00:00,0.0
2016-02-24 04:00:00,0.0
2016-02-24 05:00:00,0.0
2016-02-24 06:00:00,66.68
2016-02-24 07:00:00,301.92
2016-02-24 08:00:00,545.62
2016-02-24 09:00:00,752.97
2016-02-24 10:00:00,899.58
2016-02-24 11:00:00,945.92
2016-02-24 12:00:00,956.12
2016-02-24 13:00:00,853.83
2016-02-24 14:00:00,698.97
2016-02-24 15:00:00,476.92
2016-02-24 16:00:00,228.88
2016-02-24 17:00:00,29.2
2016-02-24 18:00:00,0.0
2016-02-24 19:00:00,0.0
2016-02-24 20:00:00,0.0
2016-02-24 21:00:00,0.0
2016-02-24 22:00:00,0.0
2016-02-24 23:00:00,0.0
2016-02-25 00:00:00,0.0
2016-02-25 01:00:00,0.0
2016-02-25 02:00:00,0.0
2016-02-25 03:00:00,0.0
2016-02-25 04:00:00,0.0
2016-02-25 05:00:00,0.0
2016-02-25 06:00:00,64.22
2016-02-25 07:00:00,280.0
2016-02-25 08:00:00,533.58
2016-02-25 09:00:00,734.35
2016-02-25 10:00:00,881.67
2016-02-25 11:00:00,947.03
2016-02-25 12:00:00,931.28
2016-02-25 13:00:00,847.1
2016-02-25 14:00:00,652.78
2016-02-25 15:00:00,475.08
2016-02-25 16:00:00,232.35
2016-02-25 17:00:00,30.02
2016-02-25 18:00:00,0.0
2016-02-25 19:00:00,0.0
2016-02-25 20:00:00,0.0
2016-02-25 21:00:00,0.0
2016-02-25 22:00:00,0.0
2016-02-25 23:00:00,0.0
2016-02-26 00:00:00,0.0
2016-02-26 01:00:00,0.0
2016-02-26 02:00:00,0.0
2016-02-26 03:00:00,0.0
2016-02-26 04:00:00,0.0
2016-02-26 05:00:00,0.0
2016-02-26 06:00:00,75.9
2016-02-26 07:00:00,292.85
2016-02-26 08:00:00,518.12
2016-02-26 09:00:00,725.35
2016-02-26 10:00:00,807.78
2016-02-26 11:00:00,936.85
2016-02-26 12:00:00,927.72
2016-02-26 13:00:00,846.6
2016-02-26 14:00:00,691.88
2016-02-26 15:00:00,475.58
2016-02-26 16:00:00,228.38
2016-02-26 17:00:00,27.7
2016-02-26 18:00:00,0.0
2016-02-26 19:00:00,0.0
2016-02-26 20:00:00,0.0
2016-02-26 21:00:00,0.0
2016-02-26 22:00:00,0.0
2016-02-26 23:00:00,0.0
2016-02-27 00:00:00,0.0
2016-02-27 01:00:00,0.0
2016-02-27 02:00:00,0.0
2016-02-27 03:00:00,0.0
2016-02-27 04:00:00,0.0
2016-02-27 05:00:00,0.0
2016-02-27 06:00:00,57.17
2016-02-27 07:00:00,243.45
2016-02-27 08:00:00,478.65
2016-02-27 09:00:00,679.9
2016-02-27 10:00:00,774.0
2016-02-27 11:00:00,845.38
2016-02-27 12:00:00,831.42
2016-02-27 13:00:00,787.92
2016-02-27 14:00:00,629.62
2016-02-27 15:00:00,405.7
2016-02-27 16:00:00,191.12
2016-02-27 17:00:00,23.67
2016-02-27 18:00:00,0.0
2016-02-27 19:00:00,0.0
2016-02-27 20:00:00,0.0
2016-02-27 21:00:00,0.0
2016-02-27 22:00:00,0.0
2016-02-27 23:00:00,0.0
2016-02-28 00:00:00,0.0
2016-02-28 01:00:00,0.0
2016-02-28 02:00:00,0.0
2016-02-28 03:00:00,0.0
2016-02-28 04:00:00,0.0
2016-02-28 05:00:00,0.0
2016-02-28 06:00:00,67.55
2016-02-28 07:00:00,271.58
2016-02-28 08:00:00,493.4
2016-02-28 09:00:00,677.62
2016-02-28 10:00:00,753.67
2016-02-28 11:00:00,824.65
2016-02-28 12:00:00,858.33
2016-02-28 13:00:00,793.72
2016-02-28 14:00:00,603.88
2016-02-28 15:00:00,424.52
2016-02-28 16:00:00,196.55
2016-02-28 17:00:00,24.85
2016-02-28 18:00:00,0.0
2016-02-28 19:00:00,0.0
2016-02-28 20:00:00,0.0
2016-02-28 21:00:00,0.0
2016-02-28 22:00:00,0.0
2016-02-28 23:00:00,0.0
2016-02-29 00:00:00,0.0
2016-02-29 01:00:00,0.0
2016-02-29 02:00:00,0.0
2016-02-29 03:00:00,0.0
2016-02-29 04:00:00,0.0
2016-02-29 05:00:00,0.0
2016-02-29 06:00:00,58.62
2016-02-29 07:00:00,243.57
2016-02-29 08:00:00,456.48
2016-02-29 09:00:00,627.33
2016-02-29 10:00:00,771.28
2016-02-29 11:00:00,767.55
2016-02-29 12:00:00,713.47
2016-02-29 13:00:00,578.67
2016-02-29 14:00:00,418.75
2016-02-29 15:00:00,264.15
2016-02-29 16:00:00,132.25
2016-02-29 17:00:00,18.48
2016-02-29 18:00:00,0.0
2016-02-29 19:00:00,0.0
2016-02-29 20:00:00,0.0
2016-02-29 21:00:00,0.0
2016-02-29 22:00:00,0.0
2016-02-29 23:00:00,0.0
2016-03-01 00:00:00,0.0
2016-03-01 01:00:00,0.0
2016-03-01 02:00:00,0.0
2016-03-01 03:00:00,0.0
2016-03-01 04:00:00,0.0
2016-03-01 05:00:00,0.0
2016-03-01 06:00:00,60.85
2016-03-01 07:00:00,253.15
2016-03-01 08:00:00,473.7
2016-03-01 09:00:00,649.28
2016-03-01 10:00:00,756.97
2016-03-01 11:00:00,847.12
2016-03-01 12:00:00,816.8
2016-03-01 13:00:00,755.67
2016-03-01 14:00:00,631.55
2016-03-01 15:00:00,422.05
2016-03-01 16:00:00,190.93
2016-03-01 17:00:00,25.12
2016-03-01 18:00:00,0.0
2016-03-01 19:00:00,0.0
2016-03-01 20:00:00,0.0
2016-03-01 21:00:00,0.0
2016-03-01 22:00:00,0.0
2016-03-01 23:00:00,0.0
2016-03-02 00:00:00,0.0
2016-03-02 01:00:00,0.0
2016-03-02 02:00:00,0.0
2016-03-02 03:00:00,0.0
2016-03-02 04:00:00,0.0
2016-03-02 05:00:00,0.0
2016-03-02 06:00:00,64.57
2016-03-02 07:00:00,252.25
2016-03-02 08:00:00,472.12
2016-03-02 09:00:00,665.4
2016-03-02 10:00:00,781.12
2016-03-02 11:00:00,880.92
2016-03-02 12:00:00,807.03
2016-03-02 13:00:00,768.22
2016-03-02 14:00:00,607.45
2016-03-02 15:00:00,403.8
2016-03-02 16:00:00,192.57
2016-03-02 17:00:00,25.62
2016-03-02 18:00:00,0.0
2016-03-02 19:00:00,0.0
2016-03-02 20:00:00,0.0
2016-03-02 21:00:00,0.0
2016-03-02 22:00:00,0.0
2016-03-02 23:00:00,0.0
2016-03-03 00:00:00,0.0
2016-03-03 01:00:00,0.0
2016-03-03 02:00:00,0.0
2016-03-03 03:00:00,0.0
2016-03-03 04:00:00,0.0
2016-03-03 05:00:00,0.0
2016-03-03 06:00:00,66.38
2016-03-03 07:00:00,260.5
2016-03-03 08:00:00,480.17
2016-03-03 09:00:00,684.0
2016-03-03 10:00:00,824.15
2016-03-03 11:00:00,924.25
2016-03-03 12:00:00,913.58
2016-03-03 13:00:00,826.33
2016-03-03 14:00:00,662.12
2016-03-03 15:00:00,454.42
2016-03-03 16:00:00,214.7
2016-03-03 17:00:00,27.48
2016-03-03 18:00:00,0.0
2016-03-03 19:00:00,0.0
2016-03-03 20:00:00,0.0
2016-03-03 21:00:00,0.0
2016-03-03 22:00:00,0.0
2016-03-03 23:00:00,0.0
2016-03-04 00:00:00,0.0
2016-03-04 01:00:00,0.0
2016-03-04 02:00:00,0.0
2016-03-04 03:00:00,0.0
2016-03-04 04:00:00,0.0
2016-03-04 05:00:00,0.0
2016-03-04 06:00:00,68.2
2016-03-04 07:00:00,243.12
2016-03-04 08:00:00,442.52
2016-03-04 09:00:00,622.25
2016-03-04 10:00:00,694.45
2016-03-04 11:00:00,775.2
2016-03-04 12:00:00,681.53
2016-03-04 13:00:00,664.55
2016-03-04 14:00:00,490.33
2016-03-04 15:00:00,300.4
2016-03-04 16:00:00,144.7
2016-03-04 17:00:00,18.45
2016-03-04 18:00:00,0.0
2016-03-04 19:00:00,0.0
2016-03-04 20:00:00,0.0
2016-03-04 21:00:00,0.0
2016-03-04 22:00:00,0.0
2016-03-04 23:00:00,0.0
2016-03-05 00:00:00,0.0
2016-03-05 01:00:00,0.0
2016-03-05 02:00:00,0.0
2016-03-05 03:00:00,0.0
2016-03-05 04:00:00,0.0
2016-03-05 05:00:00,0.0
2016-03-05 06:00:00,70.25
2016-03-05 07:00:00,277.8
2016-03-05 08:00:00,507.35
2016-03-05 09:00:00,717.65
2016-03-05 10:00:00,855.62
2016-03-05 11:00:00,926.88
2016-03-05 12:00:00,908.9
2016-03-05 13:00:00,813.8
2016-03-05 14:00:00,662.05
2016-03-05 15:00:00,435.8
2016-03-05 16:00:00,203.75
2016-03-05 17:00:00,26.42
2016-03-05 18:00:00,0.0
2016-03-05 19:00:00,0.0
2016-03-05 20:00:00,0.0
2016-03-05 21:00:00,0.0
2016-03-05 22:00:00,0.0
2016-03-05 23:00:00,0.0
2016-03-06 00:00:00,0.0
2016-03-06 01:00:00,0.0
2016-03-06 02:00:00,0.0
2016-03-06 03:00:00,0.0
2016-03-06 04:00:00,0.0
2016-03-06 05:00:00,0.0
2016-03-06 06:00:00,84.97
2016-03-06 07:00:00,302.65
2016-03-06 08:00:00,523.03
2016-03-06 09:00:00,732.8
2016-03-06 10:00:00,874.45
2016-03-06 11:00:00,927.72
2016-03-06 12:00:00,885.4
2016-03-06 13:00:00,831.2
2016-03-06 14:00:00,671.97
2016-03-06 15:00:00,459.92
2016-03-06 16:00:00,221.43
2016-03-06 17:00:00,29.12
2016-03-06 18:00:00,0.0
2016-03-06 19:00:00,0.0
2016-03-06 20:00:00,0.0
2016-03-06 21:00:00,0.0
2016-03-06 22:00:00,0.0
2016-03-06 23:00:00,0.0
2016-03-07 00:00:00,0.0
2016-03-07 01:00:00,0.0
2016-03-07 02:00:00,0.0
2016-03-07 03:00:00,0.0
2016-03-07 04:00:00,0.0
2016-03-07 05:00:00,0.0
2016-03-07 06:00:00,83.9
2016-03-07 07:00:00,285.42
2016-03-07 08:00:00,521.25
2016-03-07 09:00:00,732.7
2016-03-07 10:00:00,841.45
2016-03-07 11:00:00,912.7
2016-03-07 12:00:00,841.88
2016-03-07 13:00:00,781.1
2016-03-07 14:00:00,619.33
2016-03-07 15:00:00,413.0
2016-03-07 16:00:00,199.5
2016-03-07 17:00:00,27.7
2016-03-07 18:00:00,0.0
2016-03-07 19:00:00,0.0
2016-03-07 20:00:00,0.0
2016-03-07 21:00:00,0.0
2016-03-07 22:00:00,0.0
2016-03-07 23:00:00,0.0
2016-03-08 00:00:00,0.0
2016-03-08 01:00:00,0.0
2016-03-08 02:00:00,0.0
2016-03-08 03:00:00,0.0
2016-03-08 04:00:00,0.0
2016-03-08 05:00:00,0.0
2016-03-08 06:00:00,86.7
2016-03-08 07:00:00,302.45
2016-03-08 08:00:00,530.28
2016-03-08 09:00:00,734.12
2016-03-08 10:00:00,857.03
2016-03-08 11:00:00,929.78
2016-03-08 12:00:00,916.9
2016-03-08 13:00:00,838.88
2016-03-08 14:00:00,676.67
2016-03-08 15:00:00,462.48
2016-03-08 16:00:00,219.85
2016-03-08 17:00:00,28.0
2016-03-08 18:00:00,0.0
2016-03-08 19:00:00,0.0
2016-03-08 20:00:00,0.0
2016-03-08 21:00:00,0.0
2016-03-08 22:00:00,0.0
2016-03-08 23:00:00,0.0
2016-03-09 00:00:00,0.0
2016-03-09 01:00:00,0.0
2016-03-09 02:00:00,0.0
2016-03-09 03:00:00,0.0
2016-03-09 04:00:00,0.0
2016-03-09 05:00:00,0.0
2016-03-09 06:00:00,85.65
2016-03-09 07:00:00,290.2
2016-03-09 08:00:00,534.42
2016-03-09 09:00:00,746.62
2016-03-09 10:00:00,875.15
2016-03-09 11:00:00,953.97
2016-03-09 12:00:00,935.22
2016-03-09 13:00:00,843.03
2016-03-09 14:00:00,640.1
2016-03-09 15:00:00,442.08
2016-03-09 16:00:00,214.0
2016-03-09 17:00:00,29.9
2016-03-09 18:00:00,0.0
2016-03-09 19:00:00,0.0
2016-03-09 20:00:00,0.0
2016-03-09 21:00:00,0.0
2016-03-09 22:00:00,0.0
2016-03-09 23:00:00,0.0
2016-03-10 00:00:00,0.0
2016-03-10 01:00:00,0.0
2016-03-10 02:00:00,0.0
2016-03-10 03:00:00,0.0
2016-03-10 04:00:00,0.0
2016-03-10 05:00:00,0.0
2016-03-10 06:00:00,60.03
2016-03-10 07:00:00,216.57
2016-03-10 08:00:00,392.65
2016-03-10 09:00:00,551.5
2016-03-10 10:00:00,704.17
2016-03-10 11:00:00,885.9
2016-03-10 12:00:00,872.95
2016-03-10 13:00:00,781.88
2016-03-10 14:00:00,622.58
2016-03-10 15:00:00,418.55
2016-03-10 16:00:00,194.0
2016-03-10 17:00:00,27.25
2016-03-10 18:00:00,0.0
2016-03-10 19:00:00,0.0
2016-03-10 20:00:00,0.0
2016-03-10 21:00:00,0.0
2016-03-10 22:00:00,0.0
2016-03-10 23:00:00,0.0
2016-03-11 00:00:00,0.0
2016-03-11 01:00:00,0.0
2016-03-11 02:00:00,0.0
2016-03-11 03:00:00,0.0
2016-03-11 04:00:00,0.0
2016-03-11 05:00:00,0.0
2016-03-11 06:00:00,92.88
2016-03-11 07:00:00,309.95
2016-03-11 08:00:00,531.97
2016-03-11 09:00:00,737.85
2016-03-11 10:00:00,887.9
2016-03-11 11:00:00,898.72
2016-03-11 12:00:00,955.2
2016-03-11 13:00:00,867.28
2016-03-11 14:00:00,696.72
2016-03-11 15:00:00,485.58
2016-03-11 16:00:00,237.6
2016-03-11 17:00:00,33.55
2016-03-11 18:00:00,0.0
2016-03-11 19:00:00,0.0
2016-03-11 20:00:00,0.0
2016-03-11 21:00:00,0.0
2016-03-11 22:00:00,0.0
2016-03-11 23:00:00,0.0
2016-03-12 00:00:00,0.0
2016-03-12 01:00:00,0.0
2016-03-12 02:00:00,0.0
2016-03-12 03:00:00,0.0
2016-03-12 04:00:00,0.0
2016-03-12 05:00:00,0.0
2016-03-12 06:00:00,101.57
2016-03-12 07:00:00,322.38
2016-03-12 08:00:00,547.72
2016-03-12 09:00:00,754.75
2016-03-12 10:00:00,870.83
2016-03-12 11:00:00,964.25
2016-03-12 12:00:00,950.83
2016-03-12 13:00:00,864.75
2016-03-12 14:00:00,705.53
2016-03-12 15:00:00,485.25
2016-03-12 16:00:00,224.68
2016-03-12 17:00:00,29.88
2016-03-12 18:00:00,0.0
2016-03-12 19:00:00,0.0
2016-03-12 20:00:00,0.0
2016-03-12 21:00:00,0.0
2016-03-12 22:00:00,0.0
2016-03-12 23:00:00,0.0
2016-03-13 00:00:00,0.0
2016-03-13 01:00:00,0.0
2016-03-13 02:00:00,0.0
2016-03-13 03:00:00,0.0
2016-03-13 04:00:00,0.0
2016-03-13 05:00:00,0.0
2016-03-13 06:00:00,86.12
2016-03-13 07:00:00,293.05
2016-03-13 08:00:00,525.78
2016-03-13 09:00:00,734.83
2016-03-13 10:00:00,852.38
2016-03-13 11:00:00,944.72
2016-03-13 12:00:00,923.65
2016-03-13 13:00:00,794.08
2016-03-13 14:00:00,652.9
2016-03-13 15:00:00,439.23
2016-03-13 16:00:00,200.48
2016-03-13 17:00:00,27.42
2016-03-13 18:00:00,0.0
2016-03-13 19:00:00,0.0
2016-03-13 20:00:00,0.0
2016-03-13 21:00:00,0.0
2016-03-13 22:00:00,0.0
2016-03-13 23:00:00,0.0
2016-03-14 00:00:00,0.0
2016-03-14 01:00:00,0.0
2016-03-14 02:00:00,0.0
2016-03-14 03:00:00,0.0
2016-03-14 04:00:00,0.0
2016-03-14 05:00:00,0.0
2016-03-14 06:00:00,97.97
2016-03-14 07:00:00,297.6
2016-03-14 08:00:00,539.38
2016-03-14 09:00:00,748.25
2016-03-14 10:00:00,891.9
2016-03-14 11:00:00,949.8
2016-03-14 12:00:00,902.8
2016-03-14 13:00:00,797.6
2016-03-14 14:00:00,631.45
2016-03-14 15:00:00,420.38
2016-03-14 16:00:00,209.27
2016-03-14 17:00:00,29.33
2016-03-14 18:00:00,0.0
2016-03-14 19:00:00,0.0
2016-03-14 20:00:00,0.0
2016-03-14 21:00:00,0.0
2016-03-14 22:00:00,0.0
2016-03-14 23:00:00,0.0
2016-03-15 00:00:00,0.0
2016-03-15 01:00:00,0.0
2016-03-15 02:00:00,0.0
2016-03-15 03:00:00,0.0
2016-03-15 04:00:00,0.0
2016-03-15 05:00:00,0.0
2016-03-15 06:00:00,106.53
2016-03-15 07:00:00,321.9
2016-03-15 08:00:00,543.55
2016-03-15 09:00:00,754.0
2016-03-15 10:00:00,774.7
2016-03-15 11:00:00,929.67
2016-03-15 12:00:00,875.38
2016-03-15 13:00:00,845.42
2016-03-15 14:00:00,681.65
2016-03-15 15:00:00,467.83
2016-03-15 16:00:00,219.48
2016-03-15 17:00:00,29.08
2016-03-15 18:00:00,0.0
2016-03-15 19:00:00,0.0
2016-03-15 20:00:00,0.0
2016-03-15 21:00:00,0.0
2016-03-15 22:00:00,0.0
2016-03-15 23:00:00,0.0
2016-03-16 00:00:00,0.0
2016-03-16 01:00:00,0.0
2016-03-16 02:00:00,0.0
2016-03-16 03:00:00,0.0
2016-03-16 04:00:00,0.0
2016-03-16 05:00:00,0.0
2016-03-16 06:00:00,98.53
2016-03-16 07:00:00,305.3
2016-03-16 08:00:00,526.65
2016-03-16 09:00:00,708.92
2016-03-16 10:00:00,747.28
2016-03-16 11:00:00,939.12
2016-03-16 12:00:00,918.6
2016-03-16 13:00:00,813.58
2016-03-16 14:00:00,649.53
2016-03-16 15:00:00,439.23
2016-03-16 16:00:00,209.35
2016-03-16 17:00:00,27.38
2016-03-16 18:00:00,0.0
2016-03-16 19:00:00,0.0
2016-03-16 20:00:00,0.0
2016-03-16 21:00:00,0.0
2016-03-16 22:00:00,0.0
2016-03-16 23:00:00,0.0
2016-03-17 00:00:00,0.0
2016-03-17 01:00:00,0.0
2016-03-17 02:00:00,0.0
2016-03-17 03:00:00,0.0
2016-03-17 04:00:00,0.0
2016-03-17 05:00:00,0.0
2016-03-17 06:00:00,101.82
2016-03-17 07:00:00,305.0
2016-03-17 08:00:00,516.3
2016-03-17 09:00:00,737.67
2016-03-17 10:00:00,769.62
2016-03-17 11:00:00,931.03
2016-03-17 12:00:00,922.53
2016-03-17 13:00:00,814.38
2016-03-17 14:00:00,668.83
2016-03-17 15:00:00,452.05
2016-03-17 16:00:00,199.93
2016-03-17 17:00:00,26.45
2016-03-17 18:00:00,0.0
2016-03-17 19:00:00,0.0
2016-03-17 20:00:00,0.0
2016-03-17 21:00:00,0.0
2016-03-17 22:00:00,0.0
2016-03-17 23:00:00,0.0
2016-03-18 00:00:00,0.0
2016-03-18 01:00:00,0.0
2016-03-18 02:00:00,0.0
2016-03-18 03:00:00,0.0
2016-03-18 04:00:00,0.0
2016-03-18 05:00:00,0.0
2016-03-18 06:00:00,98.4
2016-03-18 07:00:00,309.6
2016-03-18 08:00:00,532.6
2016-03-18 09:00:00,745.62
2016-03-18 10:00:00,888.33
2016-03-18 11:00:00,970.88
2016-03-18 12:00:00,877.5
2016-03-18 13:00:00,862.17
2016-03-18 14:00:00,694.05
2016-03-18 15:00:00,479.4
2016-03-18 16:00:00,232.0
2016-03-18 17:00:00,31.58
2016-03-18 18:00:00,0.0
2016-03-18 19:00:00,0.0
2016-03-18 20:00:00,0.0
2016-03-18 21:00:00,0.0
2016-03-18 22:00:00,0.0
2016-03-18 23:00:00,0.0
2016-03-19 00:00:00,0.0
2016-03-19 01:00:00,0.0
2016-03-19 02:00:00,0.0
2016-03-19 03:00:00,0.0
2016-03-19 04:00:00,0.0
2016-03-19 05:00:00,0.0
2016-03-19 06:00:00,119.65
2016-03-19 07:00:00,350.85
2016-03-19 08:00:00,586.22
2016-03-19 09:00:00,790.95
2016-03-19 10:00:00,935.88
2016-03-19 11:00:00,974.62
2016-03-19 12:00:00,956.25
2016-03-19 13:00:00,800.53
2016-03-19 14:00:00,690.2
2016-03-19 15:00:00,473.83
2016-03-19 16:00:00,226.85
2016-03-19 17:00:00,30.05
2016-03-19 18:00:00,0.0
2016-03-19 19:00:00,0.0
2016-03-19 20:00:00,0.0
2016-03-19 21:00:00,0.0
2016-03-19 22:00:00,0.0
2016-03-19 23:00:00,0.0
2016-03-20 00:00:00,0.0
2016-03-20 01:00:00,0.0
2016-03-20 02:00:00,0.0
2016-03-20 03:00:00,0.0
2016-03-20 04:00:00,0.0
2016-03-20 05:00:00,0.0
2016-03-20 06:00:00,107.43
2016-03-20 07:00:00,330.4
2016-03-20 08:00:00,558.15
2016-03-20 09:00:00,770.15
2016-03-20 10:00:00,902.45
2016-03-20 11:00:00,952.0
2016-03-20 12:00:00,920.05
2016-03-20 13:00:00,842.65
2016-03-20 14:00:00,676.47
2016-03-20 15:00:00,457.75
2016-03-20 16:00:00,218.5
2016-03-20 17:00:00,28.67
2016-03-20 18:00:00,0.0
2016-03-20 19:00:00,0.0
2016-03-20 20:00:00,0.0
2016-03-20 21:00:00,0.0
2016-03-20 22:00:00,0.0
2016-03-20 23:00:00,0.0
2016-03-21 00:00:00,0.0
2016-03-21 01:00:00,0.0
2016-03-21 02:00:00,0.0
2016-03-21 03:00:00,0.0
2016-03-21 04:00:00,0.0
2016-03-21 05:00:00,0.0
2016-03-21 06:00:00,100.1
2016-03-21 07:00:00,311.17
2016-03-21 08:00:00,531.53
2016-03-21 09:00:00,708.75
2016-03-21 10:00:00,857.22
2016-03-21 11:00:00,929.28
2016-03-21 12:00:00,925.4
2016-03-21 13:00:00,826.17
2016-03-21 14:00:00,654.0
2016-03-21 15:00:00,428.77
2016-03-21 16:00:00,205.32
2016-03-21 17:00:00,27.45
2016-03-21 18:00:00,0.0
2016-03-21 19:00:00,0.0
2016-03-21 20:00:00,0.0
2016-03-21 21:00:00,0.0
2016-03-21 22:00:00,0.0
2016-03-21 23:00:00,0.0
2016-03-22 00:00:00,0.0
2016-03-22 01:00:00,0.0
2016-03-22 02:00:00,0.0
2016-03-22 03:00:00,0.0
2016-03-22 04:00:00,0.0
2016-03-22 05:00:00,0.0
2016-03-22 06:00:00,107.2
2016-03-22 07:00:00,302.4
2016-03-22 08:00:00,528.0
2016-03-22 09:00:00,738.45
2016-03-22 10:00:00,879.33
2016-03-22 11:00:00,893.17
2016-03-22 12:00:00,855.55
2016-03-22 13:00:00,815.78
2016-03-22 14:00:00,633.8
2016-03-22 15:00:00,430.3
2016-03-22 16:00:00,193.35
2016-03-22 17:00:00,26.05
2016-03-22 18:00:00,0.0
2016-03-22 19:00:00,0.0
2016-03-22 20:00:00,0.0
2016-03-22 21:00:00,0.0
2016-03-22 22:00:00,0.0
2016-03-22 23:00:00,0.0
2016-03-23 00:00:00,0.0
2016-03-23 01:00:00,0.0
2016-03-23 02:00:00,0.0
2016-03-23 03:00:00,0.0
2016-03-23 04:00:00,0.0
2016-03-23 05:00:00,0.0
2016-03-23 06:00:00,107.65
2016-03-23 07:00:00,316.25
2016-03-23 08:00:00,538.17
2016-03-23 09:00:00,742.15
2016-03-23 10:00:00,836.95
2016-03-23 11:00:00,938.45
2016-03-23 12:00:00,911.1
2016-03-23 13:00:00,821.88
2016-03-23 14:00:00,652.65
2016-03-23 15:00:00,439.67
2016-03-23 16:00:00,206.93
2016-03-23 17:00:00,26.52
2016-03-23 18:00:00,0.0
2016-03-23 19:00:00,0.0
2016-03-23 20:00:00,0.0
2016-03-23 21:00:00,0.0
2016-03-23 22:00:00,0.0
2016-03-23 23:00:00,0.0
2016-03-24 00:00:00,0.0
2016-03-24 01:00:00,0.0
2016-03-24 02:00:00,0.0
2016-03-24 03:00:00,0.0
2016-03-24 04:00:00,0.0
2016-03-24 05:00:00,3.1
2016-03-24 06:00:00,108.8
2016-03-24 07:00:00,314.7
2016-03-24 08:00:00,550.35
2016-03-24 09:00:00,762.58
2016-03-24 10:00:00,875.33
2016-03-24 11:00:00,949.53
2016-03-24 12:00:00,902.62
2016-03-24 13:00:00,834.42
2016-03-24 14:00:00,650.7
2016-03-24 15:00:00,425.42
2016-03-24 16:00:00,201.0
2016-03-24 17:00:00,28.17
2016-03-24 18:00:00,0.0
2016-03-24 19:00:00,0.0
2016-03-24 20:00:00,0.0
2016-03-24 21:00:00,0.0
2016-03-24 22:00:00,0.0
2016-03-24 23:00:00,0.0
2016-03-25 00:00:00,0.0
2016-03-25 01:00:00,0.0
2016-03-25 02:00:00,0.0
2016-03-25 03:00:00,0.0
2016-03-25 04:00:00,0.0
2016-03-25 05:00:00,3.42
2016-03-25 06:00:00,110.5
2016-03-25 07:00:00,322.85
2016-03-25 08:00:00,544.15
2016-03-25 09:00:00,744.53
2016-03-25 10:00:00,906.65
2016-03-25 11:00:00,928.65
2016-03-25 12:00:00,910.7
2016-03-25 13:00:00,792.62
2016-03-25 14:00:00,650.1
2016-03-25 15:00:00,424.48
2016-03-25 16:00:00,194.68
2016-03-25 17:00:00,25.75
2016-03-25 18:00:00,0.0
2016-03-25 19:00:00,0.0
2016-03-25 20:00:00,0.0
2016-03-25 21:00:00,0.0
2016-03-25 22:00:00,0.0
2016-03-25 23:00:00,0.0
2016-03-26 00:00:00,0.0
2016-03-26 01:00:00,0.0
2016-03-26 02:00:00,0.0
2016-03-26 03:00:00,0.0
2016-03-26 04:00:00,0.0
2016-03-26 05:00:00,3.42
2016-03-26 06:00:00,106.07
2016-03-26 07:00:00,320.88
2016-03-26 08:00:00,564.72
2016-03-26 09:00:00,787.85
2016-03-26 10:00:00,901.35
2016-03-26 11:00:00,956.12
2016-03-26 12:00:00,937.38
2016-03-26 13:00:00,851.08
2016-03-26 14:00:00,674.92
2016-03-26 15:00:00,458.38
2016-03-26 16:00:00,219.4
2016-03-26 17:00:00,29.02
2016-03-26 18:00:00,0.0
2016-03-26 19:00:00,0.0
2016-03-26 20:00:00,0.0
2016-03-26 21:00:00,0.0
2016-03-26 22:00:00,0.0
2016-03-26 23:00:00,0.0
2016-03-27 00:00:00,0.0
2016-03-27 01:00:00,0.0
2016-03-27 02:00:00,0.0
2016-03-27 03:00:00,0.0
2016-03-27 04:00:00,0.0
2016-03-27 05:00:00,3.83
2016-03-27 06:00:00,114.88
2016-03-27 07:00:00,341.58
2016-03-27 08:00:00,577.08
2016-03-27 09:00:00,794.8
2016-03-27 10:00:00,933.05
2016-03-27 11:00:00,988.97
2016-03-27 12:00:00,966.83
2016-03-27 13:00:00,867.28
2016-03-27 14:00:00,702.12
2016-03-27 15:00:00,481.0
2016-03-27 16:00:00,239.07
2016-03-27 17:00:00,33.45
2016-03-27 18:00:00,0.0
2016-03-27 19:00:00,0.0
2016-03-27 20:00:00,0.0
2016-03-27 21:00:00,0.0
2016-03-27 22:00:00,0.0
2016-03-27 23:00:00,0.0
2016-03-28 00:00:00,0.0
2016-03-28 01:00:00,0.0
2016-03-28 02:00:00,0.0
2016-03-28 03:00:00,0.0
2016-03-28 04:00:00,0.0
2016-03-28 05:00:00,4.55
2016-03-28 06:00:00,123.32
2016-03-28 07:00:00,323.62
2016-03-28 08:00:00,568.38
2016-03-28 09:00:00,794.05
2016-03-28 10:00:00,777.8
2016-03-28 11:00:00,915.03
2016-03-28 12:00:00,936.03
2016-03-28 13:00:00,839.42
2016-03-28 14:00:00,641.72
2016-03-28 15:00:00,457.98
2016-03-28 16:00:00,210.7
2016-03-28 17:00:00,29.85
2016-03-28 18:00:00,0.0
2016-03-28 19:00:00,0.0
2016-03-28 20:00:00,0.0
2016-03-28 21:00:00,0.0
2016-03-28 22:00:00,0.0
2016-03-28 23:00:00,0.0
2016-03-29 00:00:00,0.0
2016-03-29 01:00:00,0.0
2016-03-29 02:00:00,0.0
2016-03-29 03:00:00,0.0
2016-03-29 04:00:00,0.0
2016-03-29 05:00:00,4.9
2016-03-29 06:00:00,128.52
2016-03-29 07:00:00,340.95
2016-03-29 08:00:00,570.9
2016-03-29 09:00:00,705.78
2016-03-29 10:00:00,859.2
2016-03-29 11:00:00,972.03
2016-03-29 12:00:00,907.45
2016-03-29 13:00:00,851.88
2016-03-29 14:00:00,695.95
2016-03-29 15:00:00,484.4
2016-03-29 16:00:00,229.65
2016-03-29 17:00:00,33.35
2016-03-29 18:00:00,0.0
2016-03-29 19:00:00,0.0
2016-03-29 20:00:00,0.0
2016-03-29 21:00:00,0.0
2016-03-29 22:00:00,0.0
2016-03-29 23:00:00,0.0
2016-03-30 00:00:00,0.0
2016-03-30 01:00:00,0.0
2016-03-30 02:00:00,0.0
2016-03-30 03:00:00,0.0
2016-03-30 04:00:00,0.0
2016-03-30 05:00:00,4.75
2016-03-30 06:00:00,123.32
2016-03-30 07:00:00,342.95
2016-03-30 08:00:00,575.17
2016-03-30 09:00:00,785.03
2016-03-30 10:00:00,929.42
2016-03-30 11:00:00,983.55
2016-03-30 12:00:00,958.53
2016-03-30 13:00:00,874.0
2016-03-30 14:00:00,694.45
2016-03-30 15:00:00,478.15
2016-03-30 16:00:00,233.02
2016-03-30 17:00:00,32.17
2016-03-30 18:00:00,0.0
2016-03-30 19:00:00,0.0
2016-03-30 20:00:00,0.0
2016-03-30 21:00:00,0.0
2016-03-30 22:00:00,0.0
2016-03-30 23:00:00,0.0
2016-03-31 00:00:00,0.0
2016-03-31 01:00:00,0.0
2016-03-31 02:00:00,0.0
2016-03-31 03:00:00,0.0
2016-03-31 04:00:00,0.0
2016-03-31 05:00:00,4.68
2016-03-31 06:00:00,117.47
2016-03-31 07:00:00,330.55
2016-03-31 08:00:00,582.85
2016-03-31 09:00:00,749.83
2016-03-31 10:00:00,872.22
2016-03-31 11:00:00,967.3
2016-03-31 12:00:00,931.05
2016-03-31 13:00:00,853.58
2016-03-31 14:00:00,686.58
2016-03-31 15:00:00,478.5
2016-03-31 16:00:00,234.6
2016-03-31 17:00:00,33.75
2016-03-31 18:00:00,0.0
2016-03-31 19:00:00,0.0
2016-03-31 20:00:00,0.0
2016-03-31 21:00:00,0.0
2016-03-31 22:00:00,0.0
2016-03-31 23:00:00,0.0
2016-04-01 00:00:00,0.0
2016-04-01 01:00:00,0.0
2016-04-01 02:00:00,0.0
2016-04-01 03:00:00,0.0
2016-04-01 04:00:00,0.0
2016-04-01 05:00:00,5.62
2016-04-01 06:00:00,135.55
2016-04-01 07:00:00,365.35
2016-04-01 08:00:00,599.53
2016-04-01 09:00:00,796.97
2016-04-01 10:00:00,927.83
2016-04-01 11:00:00,978.08
2016-04-01 12:00:00,955.78
2016-04-01 13:00:00,866.92
2016-04-01 14:00:00,687.53
2016-04-01 15:00:00,467.62
2016-04-01 16:00:00,223.12
2016-04-01 17:00:00,30.35
2016-04-01 18:00:00,0.0
2016-04-01 19:00:00,0.0
2016-04-01 20:00:00,0.0
2016-04-01 21:00:00,0.0
2016-04-01 22:00:00,0.0
2016-04-01 23:00:00,0.0
2016-04-02 00:00:00,0.0
2016-04-02 01:00:00,0.0
2016-04-02 02:00:00,0.0
2016-04-02 03:00:00,0.0
2016-04-02 04:00:00,0.0
2016-04-02 05:00:00,5.82
2016-04-02 06:00:00,130.8
2016-04-02 07:00:00,346.0
2016-04-02 08:00:00,588.67
2016-04-02 09:00:00,785.42
2016-04-02 10:00:00,913.12
2016-04-02 11:00:00,974.38
2016-04-02 12:00:00,951.88
2016-04-02 13:00:00,841.85
2016-04-02 14:00:00,684.15
2016-04-02 15:00:00,464.12
2016-04-02 16:00:00,220.55
2016-04-02 17:00:00,29.67
2016-04-02 18:00:00,0.0
2016-04-02 19:00:00,0.0
2016-04-02 20:00:00,0.0
2016-04-02 21:00:00,0.0
2016-04-02 22:00:00,0.0
2016-04-02 23:00:00,0.0
2016-04-03 00:00:00,0.0
2016-04-03 01:00:00,0.0
2016-04-03 02:00:00,0.0
2016-04-03 03:00:00,0.0
2016-04-03 04:00:00,0.0
2016-04-03 05:00:00,5.78
2016-04-03 06:00:00,126.9
2016-04-03 07:00:00,353.58
2016-04-03 08:00:00,596.25
2016-04-03 09:00:00,792.53
2016-04-03 10:00:00,927.8
2016-04-03 11:00:00,989.2
2016-04-03 12:00:00,881.88
2016-04-03 13:00:00,869.95
2016-04-03 14:00:00,701.22
2016-04-03 15:00:00,478.5
2016-04-03 16:00:00,228.52
2016-04-03 17:00:00,32.7
2016-04-03 18:00:00,0.0
2016-04-03 19:00:00,0.0
2016-04-03 20:00:00,0.0
2016-04-03 21:00:00,0.0
2016-04-03 22:00:00,0.0
2016-04-03 23:00:00,0.0
2016-04-04 00:00:00,0.0
2016-04-04 01:00:00,0.0
2016-04-04 02:00:00,0.0
2016-04-04 03:00:00,0.0
2016-04-04 04:00:00,0.0
2016-04-04 05:00:00,6.85
2016-04-04 06:00:00,136.93
2016-04-04 07:00:00,363.2
2016-04-04 08:00:00,595.9
2016-04-04 09:00:00,805.33
2016-04-04 10:00:00,939.9
2016-04-04 11:00:00,995.67
2016-04-04 12:00:00,974.15
2016-04-04 13:00:00,885.8
2016-04-04 14:00:00,706.97
2016-04-04 15:00:00,489.35
2016-04-04 16:00:00,240.65
2016-04-04 17:00:00,34.55
2016-04-04 18:00:00,0.0
2016-04-04 19:00:00,0.0
2016-04-04 20:00:00,0.0
2016-04-04 21:00:00,0.0
2016-04-04 22:00:00,0.0
2016-04-04 23:00:00,0.0
2016-04-05 00:00:00,0.0
2016-04-05 01:00:00,0.0
2016-04-05 02:00:00,0.0
2016-04-05 03:00:00,0.0
2016-04-05 04:00:00,0.0
2016-04-05 05:00:00,7.5
2016-04-05 06:00:00,150.38
2016-04-05 07:00:00,379.6
2016-04-05 08:00:00,640.3
2016-04-05 09:00:00,838.85
2016-04-05 10:00:00,971.97
2016-04-05 11:00:00,1023.28
2016-04-05 12:00:00,1012.95
2016-04-05 13:00:00,902.88
2016-04-05 14:00:00,733.55
2016-04-05 15:00:00,512.58
2016-04-05 16:00:00,263.42
2016-04-05 17:00:00,39.88
2016-04-05 18:00:00,0.0
2016-04-05 19:00:00,0.0
2016-04-05 20:00:00,0.0
2016-04-05 21:00:00,0.0
2016-04-05 22:00:00,0.0
2016-04-05 23:00:00,0.0
2016-04-06 00:00:00,0.0
2016-04-06 01:00:00,0.0
2016-04-06 02:00:00,0.0
2016-04-06 03:00:00,0.0
2016-04-06 04:00:00,0.0
2016-04-06 05:00:00,8.0
2016-04-06 06:00:00,154.52
2016-04-06 07:00:00,384.55
2016-04-06 08:00:00,620.47
2016-04-06 09:00:00,801.1
2016-04-06 10:00:00,831.53
2016-04-06 11:00:00,988.38
2016-04-06 12:00:00,958.8
2016-04-06 13:00:00,850.88
2016-04-06 14:00:00,680.15
2016-04-06 15:00:00,483.12
2016-04-06 16:00:00,236.0
2016-04-06 17:00:00,33.3
2016-04-06 18:00:00,0.0
2016-04-06 19:00:00,0.0
2016-04-06 20:00:00,0.0
2016-04-06 21:00:00,0.0
2016-04-06 22:00:00,0.0
2016-04-06 23:00:00,0.0
2016-04-07 00:00:00,0.0
2016-04-07 01:00:00,0.0
2016-04-07 02:00:00,0.0
2016-04-07 03:00:00,0.0
2016-04-07 04:00:00,0.0
2016-04-07 05:00:00,7.47
2016-04-07 06:00:00,135.3
2016-04-07 07:00:00,349.8
2016-04-07 08:00:00,594.58
2016-04-07 09:00:00,783.88
2016-04-07 10:00:00,910.92
2016-04-07 11:00:00,974.15
2016-04-07 12:00:00,920.25
2016-04-07 13:00:00,858.97
2016-04-07 14:00:00,696.7
2016-04-07 15:00:00,480.3
2016-04-07 16:00:00,232.27
2016-04-07 17:00:00,34.12
2016-04-07 18:00:00,0.0
2016-04-07 19:00:00,0.0
2016-04-07 20:00:00,0.0
2016-04-07 21:00:00,0.0
2016-04-07 22:00:00,0.0
2016-04-07 23:00:00,0.0
2016-04-08 00:00:00,0.0
2016-04-08 01:00:00,0.0
2016-04-08 02:00:00,0.0
2016-04-08 03:00:00,0.0
2016-04-08 04:00:00,0.0
2016-04-08 05:00:00,8.32
2016-04-08 06:00:00,144.73
2016-04-08 07:00:00,360.55
2016-04-08 08:00:00,604.17
2016-04-08 09:00:00,797.9
2016-04-08 10:00:00,926.6
2016-04-08 11:00:00,992.58
2016-04-08 12:00:00,967.35
2016-04-08 13:00:00,871.42
2016-04-08 14:00:00,705.92
2016-04-08 15:00:00,489.7
2016-04-08 16:00:00,242.52
2016-04-08 17:00:00,36.65
2016-04-08 18:00:00,0.0
2016-04-08 19:00:00,0.0
2016-04-08 20:00:00,0.0
2016-04-08 21:00:00,0.0
2016-04-08 22:00:00,0.0
2016-04-08 23:00:00,0.0
2016-04-09 00:00:00,0.0
2016-04-09 01:00:00,0.0
2016-04-09 02:00:00,0.0
2016-04-09 03:00:00,0.0
2016-04-09 04:00:00,0.0
2016-04-09 05:00:00,9.88
2016-04-09 06:00:00,165.57
2016-04-09 07:00:00,400.67
2016-04-09 08:00:00,642.33
2016-04-09 09:00:00,828.3
2016-04-09 10:00:00,951.03
2016-04-09 11:00:00,1005.33
2016-04-09 12:00:00,979.62
2016-04-09 13:00:00,877.8
2016-04-09 14:00:00,710.9
2016-04-09 15:00:00,494.58
2016-04-09 16:00:00,234.12
2016-04-09 17:00:00,33.4
2016-04-09 18:00:00,0.0
2016-04-09 19:00:00,0.0
2016-04-09 20:00:00,0.0
2016-04-09 21:00:00,0.0
2016-04-09 22:00:00,0.0
2016-04-09 23:00:00,0.0
2016-04-10 00:00:00,0.0
2016-04-10 01:00:00,0.0
2016-04-10 02:00:00,0.0
2016-04-10 03:00:00,0.0
2016-04-10 04:00:00,0.0
2016-04-10 05:00:00,10.1
2016-04-10 06:00:00,167.25
2016-04-10 07:00:00,406.85
2016-04-10 08:00:00,643.78
2016-04-10 09:00:00,844.12
2016-04-10 10:00:00,965.97
2016-04-10 11:00:00,1009.15
2016-04-10 12:00:00,981.28
2016-04-10 13:00:00,845.72
2016-04-10 14:00:00,708.62
2016-04-10 15:00:00,493.5
2016-04-10 16:00:00,246.38
2016-04-10 17:00:00,36.15
2016-04-10 18:00:00,0.0
2016-04-10 19:00:00,0.0
2016-04-10 20:00:00,0.0
2016-04-10 21:00:00,0.0
2016-04-10 22:00:00,0.0
2016-04-10 23:00:00,0.0
2016-04-11 00:00:00,0.0
2016-04-11 01:00:00,0.0
2016-04-11 02:00:00,0.0
2016-04-11 03:00:00,0.0
2016-04-11 04:00:00,0.0
2016-04-11 05:00:00,10.52
2016-04-11 06:00:00,167.98
2016-04-11 07:00:00,400.83
2016-04-11 08:00:00,644.92
2016-04-11 09:00:00,835.0
2016-04-11 10:00:00,964.53
2016-04-11 11:00:00,1020.92
2016-04-11 12:00:00,991.67
2016-04-11 13:00:00,897.88
2016-04-11 14:00:00,716.58
2016-04-11 15:00:00,494.8
2016-04-11 16:00:00,246.82
2016-04-11 17:00:00,36.22
2016-04-11 18:00:00,0.0
2016-04-11 19:00:00,0.0
2016-04-11 20:00:00,0.0
2016-04-11 21:00:00,0.0
2016-04-11 22:00:00,0.0
2016-04-11 23:00:00,0.0
2016-04-12 00:00:00,0.0
2016-04-12 01:00:00,0.0
2016-04-12 02:00:00,0.0
2016-04-12 03:00:00,0.0
2016-04-12 04:00:00,0.0
2016-04-12 05:00:00,9.8
2016-04-12 06:00:00,157.93
2016-04-12 07:00:00,380.6
2016-04-12 08:00:00,632.58
2016-04-12 09:00:00,828.03
2016-04-12 10:00:00,957.42
2016-04-12 11:00:00,967.6
2016-04-12 12:00:00,953.33
2016-04-12 13:00:00,880.67
2016-04-12 14:00:00,710.9
2016-04-12 15:00:00,491.5
2016-04-12 16:00:00,243.45
2016-04-12 17:00:00,35.22
2016-04-12 18:00:00,0.0
2016-04-12 19:00:00,0.0
2016-04-12 20:00:00,0.0
2016-04-12 21:00:00,0.0
2016-04-12 22:00:00,0.0
2016-04-12 23:00:00,0.0
2016-04-13 00:00:00,0.0
2016-04-13 01:00:00,0.0
2016-04-13 02:00:00,0.0
2016-04-13 03:00:00,0.0
2016-04-13 04:00:00,0.0
2016-04-13 05:00:00,8.95
2016-04-13 06:00:00,143.55
2016-04-13 07:00:00,370.83
2016-04-13 08:00:00,598.72
2016-04-13 09:00:00,782.95
2016-04-13 10:00:00,879.42
2016-04-13 11:00:00,962.95
2016-04-13 12:00:00,936.85
2016-04-13 13:00:00,844.03
2016-04-13 14:00:00,665.28
2016-04-13 15:00:00,448.15
2016-04-13 16:00:00,212.25
2016-04-13 17:00:00,28.9
2016-04-13 18:00:00,0.0
2016-04-13 19:00:00,0.0
2016-04-13 20:00:00,0.0
2016-04-13 21:00:00,0.0
2016-04-13 22:00:00,0.0
2016-04-13 23:00:00,0.0
2016-04-14 00:00:00,0.0
2016-04-14 01:00:00,0.0
2016-04-14 02:00:00,0.0
2016-04-14 03:00:00,0.0
2016-04-14 04:00:00,0.0
2016-04-14 05:00:00,9.57
2016-04-14 06:00:00,138.73
2016-04-14 07:00:00,351.05
2016-04-14 08:00:00,573.9
2016-04-14 09:00:00,763.85
2016-04-14 10:00:00,892.17
2016-04-14 11:00:00,941.42
2016-04-14 12:00:00,884.08
2016-04-14 13:00:00,811.47
2016-04-14 14:00:00,646.0
2016-04-14 15:00:00,437.48
2016-04-14 16:00:00,202.05
2016-04-14 17:00:00,28.5
2016-04-14 18:00:00,0.0
2016-04-14 19:00:00,0.0
2016-04-14 20:00:00,0.0
2016-04-14 21:00:00,0.0
2016-04-14 22:00:00,0.0
2016-04-14 23:00:00,0.0
2016-04-15 00:00:00,0.0
2016-04-15 01:00:00,0.0
2016-04-15 02:00:00,0.0
2016-04-15 03:00:00,0.0
2016-04-15 04:00:00,0.0
2016-04-15 05:00:00,10.6
2016-04-15 06:00:00,143.57
2016-04-15 07:00:00,340.88
2016-04-15 08:00:00,572.8
2016-04-15 09:00:00,769.08
2016-04-15 10:00:00,785.08
2016-04-15 11:00:00,887.33
2016-04-15 12:00:00,925.55
2016-04-15 13:00:00,806.45
2016-04-15 14:00:00,666.5
2016-04-15 15:00:00,434.75
2016-04-15 16:00:00,212.8
2016-04-15 17:00:00,31.55
2016-04-15 18:00:00,0.0
2016-04-15 19:00:00,0.0
2016-04-15 20:00:00,0.0
2016-04-15 21:00:00,0.0
2016-04-15 22:00:00,0.0
2016-04-15 23:00:00,0.0
2016-04-16 00:00:00,0.0
2016-04-16 01:00:00,0.0
2016-04-16 02:00:00,0.0
2016-04-16 03:00:00,0.0
2016-04-16 04:00:00,0.0
2016-04-16 05:00:00,12.23
2016-04-16 06:00:00,155.95
2016-04-16 07:00:00,356.85
2016-04-16 08:00:00,596.42
2016-04-16 09:00:00,788.88
2016-04-16 10:00:00,907.42
2016-04-16 11:00:00,986.22
2016-04-16 12:00:00,879.85
2016-04-16 13:00:00,836.15
2016-04-16 14:00:00,668.55
2016-04-16 15:00:00,450.12
2016-04-16 16:00:00,217.0
2016-04-16 17:00:00,32.35
2016-04-16 18:00:00,0.0
2016-04-16 19:00:00,0.0
2016-04-16 20:00:00,0.0
2016-04-16 21:00:00,0.0
2016-04-16 22:00:00,0.0
2016-04-16 23:00:00,0.0
2016-04-17 00:00:00,0.0
2016-04-17 01:00:00,0.0
2016-04-17 02:00:00,0.0
2016-04-17 03:00:00,0.0
2016-04-17 04:00:00,0.0
2016-04-17 05:00:00,11.1
2016-04-17 06:00:00,152.23
2016-04-17 07:00:00,376.55
2016-04-17 08:00:00,604.58
2016-04-17 09:00:00,800.3
2016-04-17 10:00:00,902.47
2016-04-17 11:00:00,985.8
2016-04-17 12:00:00,963.65
2016-04-17 13:00:00,870.85
2016-04-17 14:00:00,694.78
2016-04-17 15:00:00,481.02
2016-04-17 16:00:00,232.55
2016-04-17 17:00:00,34.5
2016-04-17 18:00:00,0.0
2016-04-17 19:00:00,0.0
2016-04-17 20:00:00,0.0
2016-04-17 21:00:00,0.0
2016-04-17 22:00:00,0.0
2016-04-17 23:00:00,0.0
2016-04-18 00:00:00,0.0
2016-04-18 01:00:00,0.0
2016-04-18 02:00:00,0.0
2016-04-18 03:00:00,0.0
2016-04-18 04:00:00,0.0
2016-04-18 05:00:00,14.15
2016-04-18 06:00:00,176.95
2016-04-18 07:00:00,402.0
2016-04-18 08:00:00,640.33
2016-04-18 09:00:00,827.65
2016-04-18 10:00:00,945.53
2016-04-18 11:00:00,996.28
2016-04-18 12:00:00,974.25
2016-04-18 13:00:00,845.28
2016-04-18 14:00:00,690.0
2016-04-18 15:00:00,489.25
2016-04-18 16:00:00,242.68
2016-04-18 17:00:00,35.4
2016-04-18 18:00:00,0.0
2016-04-18 19:00:00,0.0
2016-04-18 20:00:00,0.0
2016-04-18 21:00:00,0.0
2016-04-18 22:00:00,0.0
2016-04-18 23:00:00,0.0
2016-04-19 00:00:00,0.0
2016-04-19 01:00:00,0.0
2016-04-19 02:00:00,0.0
2016-04-19 03:00:00,0.0
2016-04-19 04:00:00,0.0
2016-04-19 05:00:00,14.73
2016-04-19 06:00:00,185.48
2016-04-19 07:00:00,417.1
2016-04-19 08:00:00,648.03
2016-04-19 09:00:00,831.88
2016-04-19 10:00:00,951.12
2016-04-19 11:00:00,997.38
2016-04-19 12:00:00,918.17
2016-04-19 13:00:00,872.95
2016-04-19 14:00:00,706.72
2016-04-19 15:00:00,493.73
2016-04-19 16:00:00,247.65
2016-04-19 17:00:00,38.53
2016-04-19 18:00:00,0.0
2016-04-19 19:00:00,0.0
2016-04-19 20:00:00,0.0
2016-04-19 21:00:00,0.0
2016-04-19 22:00:00,0.0
2016-04-19 23:00:00,0.0
2016-04-20 00:00:00,0.0
2016-04-20 01:00:00,0.0
2016-04-20 02:00:00,0.0
2016-04-20 03:00:00,0.0
2016-04-20 04:00:00,0.0
2016-04-20 05:00:00,15.3
2016-04-20 06:00:00,184.23
2016-04-20 07:00:00,418.45
2016-04-20 08:00:00,643.92
2016-04-20 09:00:00,824.33
2016-04-20 10:00:00,944.75
2016-04-20 11:00:00,989.17
2016-04-20 12:00:00,955.45
2016-04-20 13:00:00,872.03
2016-04-20 14:00:00,696.3
2016-04-20 15:00:00,484.1
2016-04-20 16:00:00,240.55
2016-04-20 17:00:00,36.55
2016-04-20 18:00:00,0.0
2016-04-20 19:00:00,0.0
2016-04-20 20:00:00,0.0
2016-04-20 21:00:00,0.0
2016-04-20 22:00:00,0.0
2016-04-20 23:00:00,0.0
2016-04-21 00:00:00,0.0
2016-04-21 01:00:00,0.0
2016-04-21 02:00:00,0.0
2016-04-21 03:00:00,0.0
2016-04-21 04:00:00,0.0
2016-04-21 05:00:00,15.07
2016-04-21 06:00:00,182.43
2016-04-21 07:00:00,412.7
2016-04-21 08:00:00,643.4
2016-04-21 09:00:00,837.12
2016-04-21 10:00:00,952.47
2016-04-21 11:00:00,999.95
2016-04-21 12:00:00,986.85
2016-04-21 13:00:00,873.9
2016-04-21 14:00:00,704.8
2016-04-21 15:00:00,489.73
2016-04-21 16:00:00,247.0
2016-04-21 17:00:00,37.83
2016-04-21 18:00:00,0.0
2016-04-21 19:00:00,0.0
2016-04-21 20:00:00,0.0
2016-04-21 21:00:00,0.0
2016-04-21 22:00:00,0.0
2016-04-21 23:00:00,0.0
2016-04-22 00:00:00,0.0
2016-04-22 01:00:00,0.0
2016-04-22 02:00:00,0.0
2016-04-22 03:00:00,0.0
2016-04-22 04:00:00,0.0
2016-04-22 05:00:00,14.15
2016-04-22 06:00:00,171.43
2016-04-22 07:00:00,404.88
2016-04-22 08:00:00,643.47
2016-04-22 09:00:00,821.67
2016-04-22 10:00:00,894.3
2016-04-22 11:00:00,952.4
2016-04-22 12:00:00,955.08
2016-04-22 13:00:00,855.12
2016-04-22 14:00:00,676.05
2016-04-22 15:00:00,449.67
2016-04-22 16:00:00,222.35
2016-04-22 17:00:00,32.6
2016-04-22 18:00:00,0.0
2016-04-22 19:00:00,0.0
2016-04-22 20:00:00,0.0
2016-04-22 21:00:00,0.0
2016-04-22 22:00:00,0.0
2016-04-22 23:00:00,0.0
2016-04-23 00:00:00,0.0
2016-04-23 01:00:00,0.0
2016-04-23 02:00:00,0.0
2016-04-23 03:00:00,0.0
2016-04-23 04:00:00,0.0
2016-04-23 05:00:00,9.27
2016-04-23 06:00:00,159.07
2016-04-23 07:00:00,359.9
2016-04-23 08:00:00,596.5
2016-04-23 09:00:00,782.9
2016-04-23 10:00:00,893.88
2016-04-23 11:00:00,943.92
2016-04-23 12:00:00,888.53
2016-04-23 13:00:00,803.4
2016-04-23 14:00:00,638.78
2016-04-23 15:00:00,432.15
2016-04-23 16:00:00,202.73
2016-04-23 17:00:00,28.27
2016-04-23 18:00:00,0.0
2016-04-23 19:00:00,0.0
2016-04-23 20:00:00,0.0
2016-04-23 21:00:00,0.0
2016-04-23 22:00:00,0.0
2016-04-23 23:00:00,0.0
2016-04-24 00:00:00,0.0
2016-04-24 01:00:00,0.0
2016-04-24 02:00:00,0.0
2016-04-24 03:00:00,0.0
2016-04-24 04:00:00,0.0
2016-04-24 05:00:00,11.98
2016-04-24 06:00:00,134.73
2016-04-24 07:00:00,347.88
2016-04-24 08:00:00,585.28
2016-04-24 09:00:00,781.67
2016-04-24 10:00:00,901.55
2016-04-24 11:00:00,941.38
2016-04-24 12:00:00,907.5
2016-04-24 13:00:00,810.45
2016-04-24 14:00:00,639.78
2016-04-24 15:00:00,430.67
2016-04-24 16:00:00,182.02
2016-04-24 17:00:00,26.05
2016-04-24 18:00:00,0.0
2016-04-24 19:00:00,0.0
2016-04-24 20:00:00,0.0
2016-04-24 21:00:00,0.0
2016-04-24 22:00:00,0.0
2016-04-24 23:00:00,0.0
2016-04-25 00:00:00,0.0
2016-04-25 01:00:00,0.0
2016-04-25 02:00:00,0.0
2016-04-25 03:00:00,0.0
2016-04-25 04:00:00,0.0
2016-04-25 05:00:00,13.6
2016-04-25 06:00:00,141.43
2016-04-25 07:00:00,356.05
2016-04-25 08:00:00,600.88
2016-04-25 09:00:00,780.08
2016-04-25 10:00:00,835.28
2016-04-25 11:00:00,952.78
2016-04-25 12:00:00,902.35
2016-04-25 13:00:00,822.35
2016-04-25 14:00:00,658.75
2016-04-25 15:00:00,445.83
2016-04-25 16:00:00,207.18
2016-04-25 17:00:00,30.45
2016-04-25 18:00:00,0.0
2016-04-25 19:00:00,0.0
2016-04-25 20:00:00,0.0
2016-04-25 21:00:00,0.0
2016-04-25 22:00:00,0.0
2016-04-25 23:00:00,0.0
2016-04-26 00:00:00,0.0
2016-04-26 01:00:00,0.0
2016-04-26 02:00:00,0.0
2016-04-26 03:00:00,0.0
2016-04-26 04:00:00,0.0
2016-04-26 05:00:00,14.82
2016-04-26 06:00:00,155.18
2016-04-26 07:00:00,372.4
2016-04-26 08:00:00,607.88
2016-04-26 09:00:00,785.22
2016-04-26 10:00:00,903.35
2016-04-26 11:00:00,947.17
2016-04-26 12:00:00,873.45
2016-04-26 13:00:00,753.33
2016-04-26 14:00:00,629.0
2016-04-26 15:00:00,429.58
2016-04-26 16:00:00,199.35
2016-04-26 17:00:00,31.15
2016-04-26 18:00:00,0.0
2016-04-26 19:00:00,0.0
2016-04-26 20:00:00,0.0
2016-04-26 21:00:00,0.0
2016-04-26 22:00:00,0.0
2016-04-26 23:00:00,0.0
2016-04-27 00:00:00,0.0
2016-04-27 01:00:00,0.0
2016-04-27 02:00:00,0.0
2016-04-27 03:00:00,0.0
2016-04-27 04:00:00,0.0
2016-04-27 05:00:00,16.42
2016-04-27 06:00:00,161.1
2016-04-27 07:00:00,377.67
2016-04-27 08:00:00,581.97
2016-04-27 09:00:00,689.42
2016-04-27 10:00:00,802.25
2016-04-27 11:00:00,911.55
2016-04-27 12:00:00,802.78
2016-04-27 13:00:00,703.75
2016-04-27 14:00:00,558.47
2016-04-27 15:00:00,340.98
2016-04-27 16:00:00,176.52
2016-04-27 17:00:00,32.95
2016-04-27 18:00:00,0.0
2016-04-27 19:00:00,0.0
2016-04-27 20:00:00,0.0
2016-04-27 21:00:00,0.0
2016-04-27 22:00:00,0.0
2016-04-27 23:00:00,0.0
2016-04-28 00:00:00,0.0
2016-04-28 01:00:00,0.0
2016-04-28 02:00:00,0.0
2016-04-28 03:00:00,0.0
2016-04-28 04:00:00,0.0
2016-04-28 05:00:00,17.92
2016-04-28 06:00:00,171.55
2016-04-28 07:00:00,402.73
2016-04-28 08:00:00,634.53
2016-04-28 09:00:00,822.2
2016-04-28 10:00:00,946.72
2016-04-28 11:00:00,997.33
2016-04-28 12:00:00,949.95
2016-04-28 13:00:00,863.62
2016-04-28 14:00:00,695.75
2016-04-28 15:00:00,480.85
2016-04-28 16:00:00,241.73
2016-04-28 17:00:00,37.67
2016-04-28 18:00:00,0.0
2016-04-28 19:00:00,0.0
2016-04-28 20:00:00,0.0
2016-04-28 21:00:00,0.0
2016-04-28 22:00:00,0.0
2016-04-28 23:00:00,0.0
2016-04-29 00:00:00,0.0
2016-04-29 01:00:00,0.0
2016-04-29 02:00:00,0.0
2016-04-29 03:00:00,0.0
2016-04-29 04:00:00,0.0
2016-04-29 05:00:00,18.45
2016-04-29 06:00:00,177.05
2016-04-29 07:00:00,408.2
2016-04-29 08:00:00,634.0
2016-04-29 09:00:00,813.5
2016-04-29 10:00:00,922.25
2016-04-29 11:00:00,984.62
2016-04-29 12:00:00,902.42
2016-04-29 13:00:00,858.35
2016-04-29 14:00:00,682.08
2016-04-29 15:00:00,471.65
2016-04-29 16:00:00,235.98
2016-04-29 17:00:00,36.5
2016-04-29 18:00:00,0.0
2016-04-29 19:00:00,0.0
2016-04-29 20:00:00,0.0
2016-04-29 21:00:00,0.0
2016-04-29 22:00:00,0.0
2016-04-29 23:00:00,0.0
2016-04-30 00:00:00,0.0
2016-04-30 01:00:00,0.0
2016-04-30 02:00:00,0.0
2016-04-30 03:00:00,0.0
2016-04-30 04:00:00,0.0
2016-04-30 05:00:00,19.48
2016-04-30 06:00:00,188.15
2016-04-30 07:00:00,412.38
2016-04-30 08:00:00,641.95
2016-04-30 09:00:00,814.67
2016-04-30 10:00:00,921.12
2016-04-30 11:00:00,971.97
2016-04-30 12:00:00,950.42
2016-04-30 13:00:00,844.45
2016-04-30 14:00:00,675.47
2016-04-30 15:00:00,466.42
2016-04-30 16:00:00,220.6
2016-04-30 17:00:00,34.45
2016-04-30 18:00:00,0.0
2016-04-30 19:00:00,0.0
2016-04-30 20:00:00,0.0
2016-04-30 21:00:00,0.0
2016-04-30 22:00:00,0.0
2016-04-30 23:00:00,0.0
2016-05-01 00:00:00,0.0
2016-05-01 01:00:00,0.0
2016-05-01 02:00:00,0.0
2016-05-01 03:00:00,0.0
2016-05-01 04:00:00,0.0
2016-05-01 05:00:00,17.62
2016-05-01 06:00:00,175.55
2016-05-01 07:00:00,398.0
2016-05-01 08:00:00,584.97
2016-05-01 09:00:00,758.45
2016-05-01 10:00:00,930.55
2016-05-01 11:00:00,990.65
2016-05-01 12:00:00,962.75
2016-05-01 13:00:00,827.22
2016-05-01 14:00:00,693.3
2016-05-01 15:00:00,483.4
2016-05-01 16:00:00,242.82
2016-05-01 17:00:00,38.6
2016-05-01 18:00:00,0.0
2016-05-01 19:00:00,0.0
2016-05-01 20:00:00,0.0
2016-05-01 21:00:00,0.0
2016-05-01 22:00:00,0.0
2016-05-01 23:00:00,0.0
2016-05-02 00:00:00,0.0
2016-05-02 01:00:00,0.0
2016-05-02 02:00:00,0.0
2016-05-02 03:00:00,0.0
2016-05-02 04:00:00,0.0
2016-05-02 05:00:00,20.02
2016-05-02 06:00:00,193.25
2016-05-02 07:00:00,419.4
2016-05-02 08:00:00,643.17
2016-05-02 09:00:00,695.12
2016-05-02 10:00:00,958.9
2016-05-02 11:00:00,986.6
2016-05-02 12:00:00,737.72
2016-05-02 13:00:00,851.53
2016-05-02 14:00:00,686.42
2016-05-02 15:00:00,478.8
2016-05-02 16:00:00,239.9
2016-05-02 17:00:00,38.3
2016-05-02 18:00:00,0.0
2016-05-02 19:00:00,0.0
2016-05-02 20:00:00,0.0
2016-05-02 21:00:00,0.0
2016-05-02 22:00:00,0.0
2016-05-02 23:00:00,0.0
2016-05-03 00:00:00,0.0
2016-05-03 01:00:00,0.0
2016-05-03 02:00:00,0.0
2016-05-03 03:00:00,0.0
2016-05-03 04:00:00,0.0
2016-05-03 05:00:00,19.62
2016-05-03 06:00:00,186.68
2016-05-03 07:00:00,410.08
2016-05-03 08:00:00,630.4
2016-05-03 09:00:00,812.08
2016-05-03 10:00:00,916.08
2016-05-03 11:00:00,973.15
2016-05-03 12:00:00,942.78
2016-05-03 13:00:00,813.67
2016-05-03 14:00:00,680.67
2016-05-03 15:00:00,470.23
2016-05-03 16:00:00,234.62
2016-05-03 17:00:00,37.0
2016-05-03 18:00:00,0.0
2016-05-03 19:00:00,0.0
2016-05-03 20:00:00,0.0
2016-05-03 21:00:00,0.0
2016-05-03 22:00:00,0.0
2016-05-03 23:00:00,0.0
2016-05-04 00:00:00,0.0
2016-05-04 01:00:00,0.0
2016-05-04 02:00:00,0.0
2016-05-04 03:00:00,0.0
2016-05-04 04:00:00,0.0
2016-05-04 05:00:00,19.58
2016-05-04 06:00:00,183.5
2016-05-04 07:00:00,404.05
2016-05-04 08:00:00,623.78
2016-05-04 09:00:00,797.8
2016-05-04 10:00:00,890.67
2016-05-04 11:00:00,955.12
2016-05-04 12:00:00,931.7
2016-05-04 13:00:00,807.4
2016-05-04 14:00:00,663.58
2016-05-04 15:00:00,456.3
2016-05-04 16:00:00,225.02
2016-05-04 17:00:00,34.72
2016-05-04 18:00:00,0.0
2016-05-04 19:00:00,0.0
2016-05-04 20:00:00,0.0
2016-05-04 21:00:00,0.0
2016-05-04 22:00:00,0.0
2016-05-04 23:00:00,0.0
2016-05-05 00:00:00,0.0
2016-05-05 01:00:00,0.0
2016-05-05 02:00:00,0.0
2016-05-05 03:00:00,0.0
2016-05-05 04:00:00,0.0
2016-05-05 05:00:00,18.05
2016-05-05 06:00:00,169.32
2016-05-05 07:00:00,380.17
2016-05-05 08:00:00,592.4
2016-05-05 09:00:00,756.9
2016-05-05 10:00:00,893.42
2016-05-05 11:00:00,948.22
2016-05-05 12:00:00,828.5
2016-05-05 13:00:00,798.47
2016-05-05 14:00:00,642.88
2016-05-05 15:00:00,437.88
2016-05-05 16:00:00,209.55
2016-05-05 17:00:00,33.08
2016-05-05 18:00:00,0.0
2016-05-05 19:00:00,0.0
2016-05-05 20:00:00,0.0
2016-05-05 21:00:00,0.0
2016-05-05 22:00:00,0.0
2016-05-05 23:00:00,0.0
2016-05-06 00:00:00,0.0
2016-05-06 01:00:00,0.0
2016-05-06 02:00:00,0.0
2016-05-06 03:00:00,0.0
2016-05-06 04:00:00,0.0
2016-05-06 05:00:00,20.9
2016-05-06 06:00:00,164.07
2016-05-06 07:00:00,368.65
2016-05-06 08:00:00,550.55
2016-05-06 09:00:00,787.42
2016-05-06 10:00:00,858.35
2016-05-06 11:00:00,954.8
2016-05-06 12:00:00,917.72
2016-05-06 13:00:00,799.0
2016-05-06 14:00:00,631.97
2016-05-06 15:00:00,416.33
2016-05-06 16:00:00,190.82
2016-05-06 17:00:00,29.3
2016-05-06 18:00:00,0.0
2016-05-06 19:00:00,0.0
2016-05-06 20:00:00,0.0
2016-05-06 21:00:00,0.0
2016-05-06 22:00:00,0.0
2016-05-06 23:00:00,0.0
2016-05-07 00:00:00,0.0
2016-05-07 01:00:00,0.0
2016-05-07 02:00:00,0.0
2016-05-07 03:00:00,0.0
2016-05-07 04:00:00,0.0
2016-05-07 05:00:00,16.9
2016-05-07 06:00:00,149.0
2016-05-07 07:00:00,340.27
2016-05-07 08:00:00,585.92
2016-05-07 09:00:00,762.62
2016-05-07 10:00:00,896.65
2016-05-07 11:00:00,946.08
2016-05-07 12:00:00,888.62
2016-05-07 13:00:00,797.92
2016-05-07 14:00:00,622.67
2016-05-07 15:00:00,418.5
2016-05-07 16:00:00,194.25
2016-05-07 17:00:00,32.15
2016-05-07 18:00:00,0.0
2016-05-07 19:00:00,0.0
2016-05-07 20:00:00,0.0
2016-05-07 21:00:00,0.0
2016-05-07 22:00:00,0.0
2016-05-07 23:00:00,0.0
2016-05-08 00:00:00,0.0
2016-05-08 01:00:00,0.0
2016-05-08 02:00:00,0.0
2016-05-08 03:00:00,0.0
2016-05-08 04:00:00,0.0
2016-05-08 05:00:00,20.08
2016-05-08 06:00:00,174.55
2016-05-08 07:00:00,389.62
2016-05-08 08:00:00,598.97
2016-05-08 09:00:00,768.97
2016-05-08 10:00:00,844.12
2016-05-08 11:00:00,954.9
2016-05-08 12:00:00,927.12
2016-05-08 13:00:00,812.95
2016-05-08 14:00:00,662.12
2016-05-08 15:00:00,449.55
2016-05-08 16:00:00,215.9
2016-05-08 17:00:00,34.47
2016-05-08 18:00:00,0.0
2016-05-08 19:00:00,0.0
2016-05-08 20:00:00,0.0
2016-05-08 21:00:00,0.0
2016-05-08 22:00:00,0.0
2016-05-08 23:00:00,0.0
2016-05-09 00:00:00,0.0
2016-05-09 01:00:00,0.0
2016-05-09 02:00:00,0.0
2016-05-09 03:00:00,0.0
2016-05-09 04:00:00,0.0
2016-05-09 05:00:00,12.4
2016-05-09 06:00:00,107.25
2016-05-09 07:00:00,235.02
2016-05-09 08:00:00,398.23
2016-05-09 09:00:00,517.1
2016-05-09 10:00:00,631.4
2016-05-09 11:00:00,659.0
2016-05-09 12:00:00,626.72
2016-05-09 13:00:00,605.38
2016-05-09 14:00:00,530.55
2016-05-09 15:00:00,345.92
2016-05-09 16:00:00,163.52
2016-05-09 17:00:00,28.4
2016-05-09 18:00:00,0.0
2016-05-09 19:00:00,0.0
2016-05-09 20:00:00,0.0
2016-05-09 21:00:00,0.0
2016-05-09 22:00:00,0.0
2016-05-09 23:00:00,0.0
2016-05-10 00:00:00,0.0
2016-05-10 01:00:00,0.0
2016-05-10 02:00:00,0.0
2016-05-10 03:00:00,0.0
2016-05-10 04:00:00,0.0
2016-05-10 05:00:00,20.17
2016-05-10 06:00:00,170.55
2016-05-10 07:00:00,397.1
2016-05-10 08:00:00,602.5
2016-05-10 09:00:00,758.2
2016-05-10 10:00:00,837.53
2016-05-10 11:00:00,849.62
2016-05-10 12:00:00,818.97
2016-05-10 13:00:00,791.1
2016-05-10 14:00:00,667.05
2016-05-10 15:00:00,463.73
2016-05-10 16:00:00,226.0
2016-05-10 17:00:00,37.95
2016-05-10 18:00:00,0.0
2016-05-10 19:00:00,0.0
2016-05-10 20:00:00,0.0
2016-05-10 21:00:00,0.0
2016-05-10 22:00:00,0.0
2016-05-10 23:00:00,0.0
2016-05-11 00:00:00,0.0
2016-05-11 01:00:00,0.0
2016-05-11 02:00:00,0.0
2016-05-11 03:00:00,0.0
2016-05-11 04:00:00,0.0
2016-05-11 05:00:00,7.72
2016-05-11 06:00:00,89.75
2016-05-11 07:00:00,159.45
2016-05-11 08:00:00,353.15
2016-05-11 09:00:00,577.85
2016-05-11 10:00:00,752.2
2016-05-11 11:00:00,834.95
2016-05-11 12:00:00,867.5
2016-05-11 13:00:00,783.7
2016-05-11 14:00:00,628.6
2016-05-11 15:00:00,409.4
2016-05-11 16:00:00,198.05
2016-05-11 17:00:00,31.67
2016-05-11 18:00:00,0.0
2016-05-11 19:00:00,0.0
2016-05-11 20:00:00,0.0
2016-05-11 21:00:00,0.0
2016-05-11 22:00:00,0.0
2016-05-11 23:00:00,0.0
2016-05-12 00:00:00,0.0
2016-05-12 01:00:00,0.0
2016-05-12 02:00:00,0.0
2016-05-12 03:00:00,0.0
2016-05-12 04:00:00,0.0
2016-05-12 05:00:00,17.83
2016-05-12 06:00:00,142.45
2016-05-12 07:00:00,319.15
2016-05-12 08:00:00,536.65
2016-05-12 09:00:00,729.33
2016-05-12 10:00:00,837.42
2016-05-12 11:00:00,874.22
2016-05-12 12:00:00,851.05
2016-05-12 13:00:00,718.2
2016-05-12 14:00:00,608.72
2016-05-12 15:00:00,410.0
2016-05-12 16:00:00,202.27
2016-05-12 17:00:00,35.95
2016-05-12 18:00:00,0.0
2016-05-12 19:00:00,0.0
2016-05-12 20:00:00,0.0
2016-05-12 21:00:00,0.0
2016-05-12 22:00:00,0.0
2016-05-12 23:00:00,0.0
2016-05-13 00:00:00,0.0
2016-05-13 01:00:00,0.0
2016-05-13 02:00:00,0.0
2016-05-13 03:00:00,0.0
2016-05-13 04:00:00,0.0
2016-05-13 05:00:00,21.98
2016-05-13 06:00:00,173.75
2016-05-13 07:00:00,395.62
2016-05-13 08:00:00,622.0
2016-05-13 09:00:00,784.35
2016-05-13 10:00:00,888.15
2016-05-13 11:00:00,943.47
2016-05-13 12:00:00,848.97
2016-05-13 13:00:00,788.95
2016-05-13 14:00:00,627.97
2016-05-13 15:00:00,436.33
2016-05-13 16:00:00,211.25
2016-05-13 17:00:00,35.58
2016-05-13 18:00:00,0.0
2016-05-13 19:00:00,0.0
2016-05-13 20:00:00,0.0
2016-05-13 21:00:00,0.0
2016-05-13 22:00:00,0.0
2016-05-13 23:00:00,0.0
2016-05-14 00:00:00,0.0
2016-05-14 01:00:00,0.0
2016-05-14 02:00:00,0.0
2016-05-14 03:00:00,0.0
2016-05-14 04:00:00,0.0
2016-05-14 05:00:00,22.12
2016-05-14 06:00:00,183.32
2016-05-14 07:00:00,415.75
2016-05-14 08:00:00,612.58
2016-05-14 09:00:00,788.75
2016-05-14 10:00:00,918.9
2016-05-14 11:00:00,966.42
2016-05-14 12:00:00,904.75
2016-05-14 13:00:00,794.17
2016-05-14 14:00:00,630.05
2016-05-14 15:00:00,443.62
2016-05-14 16:00:00,213.05
2016-05-14 17:00:00,36.6
2016-05-14 18:00:00,0.0
2016-05-14 19:00:00,0.0
2016-05-14 20:00:00,0.0
2016-05-14 21:00:00,0.0
2016-05-14 22:00:00,0.0
2016-05-14 23:00:00,0.0
2016-05-15 00:00:00,0.0
2016-05-15 01:00:00,0.0
2016-05-15 02:00:00,0.0
2016-05-15 03:00:00,0.0
2016-05-15 04:00:00,0.0
2016-05-15 05:00:00,24.83
2016-05-15 06:00:00,185.88
2016-05-15 07:00:00,406.1
2016-05-15 08:00:00,617.03
2016-05-15 09:00:00,787.1
2016-05-15 10:00:00,861.47
2016-05-15 11:00:00,913.9
2016-05-15 12:00:00,855.3
2016-05-15 13:00:00,720.35
2016-05-15 14:00:00,619.72
2016-05-15 15:00:00,414.85
2016-05-15 16:00:00,196.8
2016-05-15 17:00:00,34.25
2016-05-15 18:00:00,0.0
2016-05-15 19:00:00,0.0
2016-05-15 20:00:00,0.0
2016-05-15 21:00:00,0.0
2016-05-15 22:00:00,0.0
2016-05-15 23:00:00,0.0
2016-05-16 00:00:00,0.0
2016-05-16 01:00:00,0.0
2016-05-16 02:00:00,0.0
2016-05-16 03:00:00,0.0
2016-05-16 04:00:00,0.0
2016-05-16 05:00:00,18.0
2016-05-16 06:00:00,113.72
2016-05-16 07:00:00,261.7
2016-05-16 08:00:00,315.42
2016-05-16 09:00:00,260.88
2016-05-16 10:00:00,335.92
2016-05-16 11:00:00,411.25
2016-05-16 12:00:00,451.4
2016-05-16 13:00:00,471.33
2016-05-16 14:00:00,363.4
2016-05-16 15:00:00,187.4
2016-05-16 16:00:00,109.95
2016-05-16 17:00:00,14.77
2016-05-16 18:00:00,0.0
2016-05-16 19:00:00,0.0
2016-05-16 20:00:00,0.0
2016-05-16 21:00:00,0.0
2016-05-16 22:00:00,0.0
2016-05-16 23:00:00,0.0
2016-05-17 00:00:00,0.0
2016-05-17 01:00:00,0.0
2016-05-17 02:00:00,0.0
2016-05-17 03:00:00,0.0
2016-05-17 04:00:00,0.0
2016-05-17 05:00:00,2.4
2016-05-17 06:00:00,17.23
2016-05-17 07:00:00,36.47
2016-05-17 08:00:00,43.08
2016-05-17 09:00:00,38.88
2016-05-17 10:00:00,40.08
2016-05-17 11:00:00,45.53
2016-05-17 12:00:00,63.88
2016-05-17 13:00:00,59.75
2016-05-17 14:00:00,49.53
2016-05-17 15:00:00,28.17
2016-05-17 16:00:00,12.85
2016-05-17 17:00:00,2.05
2016-05-17 18:00:00,0.0
2016-05-17 19:00:00,0.0
2016-05-17 20:00:00,0.0
2016-05-17 21:00:00,0.0
2016-05-17 22:00:00,0.0
2016-05-17 23:00:00,0.0
2016-05-18 00:00:00,0.0
2016-05-18 01:00:00,0.0
2016-05-18 02:00:00,0.0
2016-05-18 03:00:00,0.0
2016-05-18 04:00:00,0.0
2016-05-18 05:00:00,1.05
2016-05-18 06:00:00,8.07
2016-05-18 07:00:00,20.6
2016-05-18 08:00:00,32.88
2016-05-18 09:00:00,46.35
2016-05-18 10:00:00,85.47
2016-05-18 11:00:00,77.88
2016-05-18 12:00:00,92.72
2016-05-18 13:00:00,110.25
2016-05-18 14:00:00,113.32
2016-05-18 15:00:00,95.9
2016-05-18 16:00:00,40.55
2016-05-18 17:00:00,6.6
2016-05-18 18:00:00,0.0
2016-05-18 19:00:00,0.0
2016-05-18 20:00:00,0.0
2016-05-18 21:00:00,0.0
2016-05-18 22:00:00,0.0
2016-05-18 23:00:00,0.0
2016-05-19 00:00:00,0.0
2016-05-19 01:00:00,0.0
2016-05-19 02:00:00,0.0
2016-05-19 03:00:00,0.0
2016-05-19 04:00:00,0.0
2016-05-19 05:00:00,8.32
2016-05-19 06:00:00,78.47
2016-05-19 07:00:00,170.38
2016-05-19 08:00:00,272.38
2016-05-19 09:00:00,412.17
2016-05-19 10:00:00,500.4
2016-05-19 11:00:00,622.42
2016-05-19 12:00:00,584.17
2016-05-19 13:00:00,511.08
2016-05-19 14:00:00,431.2
2016-05-19 15:00:00,248.18
2016-05-19 16:00:00,136.75
2016-05-19 17:00:00,19.77
2016-05-19 18:00:00,0.0
2016-05-19 19:00:00,0.0
2016-05-19 20:00:00,0.0
2016-05-19 21:00:00,0.0
2016-05-19 22:00:00,0.0
2016-05-19 23:00:00,0.0
2016-05-20 00:00:00,0.0
2016-05-20 01:00:00,0.0
2016-05-20 02:00:00,0.0
2016-05-20 03:00:00,0.0
2016-05-20 04:00:00,0.0
2016-05-20 05:00:00,15.57
2016-05-20 06:00:00,124.88
2016-05-20 07:00:00,282.3
2016-05-20 08:00:00,475.4
2016-05-20 09:00:00,615.8
2016-05-20 10:00:00,749.62
2016-05-20 11:00:00,828.47
2016-05-20 12:00:00,822.97
2016-05-20 13:00:00,647.25
2016-05-20 14:00:00,559.4
2016-05-20 15:00:00,366.95
2016-05-20 16:00:00,172.1
2016-05-20 17:00:00,31.45
2016-05-20 18:00:00,0.0
2016-05-20 19:00:00,0.0
2016-05-20 20:00:00,0.0
2016-05-20 21:00:00,0.0
2016-05-20 22:00:00,0.0
2016-05-20 23:00:00,0.0
2016-05-21 00:00:00,0.0
2016-05-21 01:00:00,0.0
2016-05-21 02:00:00,0.0
2016-05-21 03:00:00,0.0
2016-05-21 04:00:00,0.0
2016-05-21 05:00:00,19.4
2016-05-21 06:00:00,152.9
2016-05-21 07:00:00,354.6
2016-05-21 08:00:00,606.08
2016-05-21 09:00:00,749.72
2016-05-21 10:00:00,868.5
2016-05-21 11:00:00,902.08
2016-05-21 12:00:00,808.42
2016-05-21 13:00:00,769.47
2016-05-21 14:00:00,590.28
2016-05-21 15:00:00,403.45
2016-05-21 16:00:00,197.32
2016-05-21 17:00:00,34.97
2016-05-21 18:00:00,0.0
2016-05-21 19:00:00,0.0
2016-05-21 20:00:00,0.0
2016-05-21 21:00:00,0.0
2016-05-21 22:00:00,0.0
2016-05-21 23:00:00,0.0
2016-05-22 00:00:00,0.0
2016-05-22 01:00:00,0.0
2016-05-22 02:00:00,0.0
2016-05-22 03:00:00,0.0
2016-05-22 04:00:00,0.0
2016-05-22 05:00:00,22.08
2016-05-22 06:00:00,156.85
2016-05-22 07:00:00,356.77
2016-05-22 08:00:00,583.92
2016-05-22 09:00:00,744.62
2016-05-22 10:00:00,818.45
2016-05-22 11:00:00,846.22
2016-05-22 12:00:00,827.0
2016-05-22 13:00:00,739.47
2016-05-22 14:00:00,590.92
2016-05-22 15:00:00,365.1
2016-05-22 16:00:00,187.85
2016-05-22 17:00:00,33.58
2016-05-22 18:00:00,0.0
2016-05-22 19:00:00,0.0
2016-05-22 20:00:00,0.0
2016-05-22 21:00:00,0.0
2016-05-22 22:00:00,0.0
2016-05-22 23:00:00,0.0
2016-05-23 00:00:00,0.0
2016-05-23 01:00:00,0.0
2016-05-23 02:00:00,0.0
2016-05-23 03:00:00,0.0
2016-05-23 04:00:00,0.0
2016-05-23 05:00:00,22.23
2016-05-23 06:00:00,154.1
2016-05-23 07:00:00,344.62
2016-05-23 08:00:00,555.25
2016-05-23 09:00:00,744.65
2016-05-23 10:00:00,848.97
2016-05-23 11:00:00,850.78
2016-05-23 12:00:00,720.1
2016-05-23 13:00:00,661.17
2016-05-23 14:00:00,530.97
2016-05-23 15:00:00,343.95
2016-05-23 16:00:00,174.35
2016-05-23 17:00:00,36.25
2016-05-23 18:00:00,0.0
2016-05-23 19:00:00,0.0
2016-05-23 20:00:00,0.0
2016-05-23 21:00:00,0.0
2016-05-23 22:00:00,0.0
2016-05-23 23:00:00,0.0
2016-05-24 00:00:00,0.0
2016-05-24 01:00:00,0.0
2016-05-24 02:00:00,0.0
2016-05-24 03:00:00,0.0
2016-05-24 04:00:00,0.0
2016-05-24 05:00:00,24.2
2016-05-24 06:00:00,186.35
2016-05-24 07:00:00,407.2
2016-05-24 08:00:00,625.7
2016-05-24 09:00:00,793.53
2016-05-24 10:00:00,889.67
2016-05-24 11:00:00,936.42
2016-05-24 12:00:00,911.88
2016-05-24 13:00:00,776.88
2016-05-24 14:00:00,650.88
2016-05-24 15:00:00,451.33
2016-05-24 16:00:00,229.15
2016-05-24 17:00:00,40.65
2016-05-24 18:00:00,0.0
2016-05-24 19:00:00,0.0
2016-05-24 20:00:00,0.0
2016-05-24 21:00:00,0.0
2016-05-24 22:00:00,0.0
2016-05-24 23:00:00,0.0
2016-05-25 00:00:00,0.0
2016-05-25 01:00:00,0.0
2016-05-25 02:00:00,0.0
2016-05-25 03:00:00,0.0
2016-05-25 04:00:00,0.0
2016-05-25 05:00:00,24.3
2016-05-25 06:00:00,174.9
2016-05-25 07:00:00,387.0
2016-05-25 08:00:00,592.85
2016-05-25 09:00:00,783.6
2016-05-25 10:00:00,898.9
2016-05-25 11:00:00,933.75
2016-05-25 12:00:00,904.05
2016-05-25 13:00:00,800.9
2016-05-25 14:00:00,640.1
2016-05-25 15:00:00,439.25
2016-05-25 16:00:00,219.7
2016-05-25 17:00:00,40.2
2016-05-25 18:00:00,0.0
2016-05-25 19:00:00,0.0
2016-05-25 20:00:00,0.0
2016-05-25 21:00:00,0.0
2016-05-25 22:00:00,0.0
2016-05-25 23:00:00,0.0
2016-05-26 00:00:00,0.0
2016-05-26 01:00:00,0.0
2016-05-26 02:00:00,0.0
2016-05-26 03:00:00,0.0
2016-05-26 04:00:00,0.0
2016-05-26 05:00:00,23.35
2016-05-26 06:00:00,180.9
2016-05-26 07:00:00,402.15
2016-05-26 08:00:00,621.92
2016-05-26 09:00:00,776.4
2016-05-26 10:00:00,886.75
2016-05-26 11:00:00,925.58
2016-05-26 12:00:00,855.7
2016-05-26 13:00:00,806.88
2016-05-26 14:00:00,642.83
2016-05-26 15:00:00,446.7
2016-05-26 16:00:00,208.43
2016-05-26 17:00:00,38.92
2016-05-26 18:00:00,0.0
2016-05-26 19:00:00,0.0
2016-05-26 20:00:00,0.0
2016-05-26 21:00:00,0.0
2016-05-26 22:00:00,0.0
2016-05-26 23:00:00,0.0
2016-05-27 00:00:00,0.0
2016-05-27 01:00:00,0.0
2016-05-27 02:00:00,0.0
2016-05-27 03:00:00,0.0
2016-05-27 04:00:00,0.0
2016-05-27 05:00:00,15.2
2016-05-27 06:00:00,126.1
2016-05-27 07:00:00,267.92
2016-05-27 08:00:00,486.8
2016-05-27 09:00:00,705.9
2016-05-27 10:00:00,815.33
2016-05-27 11:00:00,809.95
2016-05-27 12:00:00,749.88
2016-05-27 13:00:00,641.75
2016-05-27 14:00:00,521.42
2016-05-27 15:00:00,330.17
2016-05-27 16:00:00,154.57
2016-05-27 17:00:00,28.58
2016-05-27 18:00:00,0.0
2016-05-27 19:00:00,0.0
2016-05-27 20:00:00,0.0
2016-05-27 21:00:00,0.0
2016-05-27 22:00:00,0.0
2016-05-27 23:00:00,0.0
2016-05-28 00:00:00,0.0
2016-05-28 01:00:00,0.0
2016-05-28 02:00:00,0.0
2016-05-28 03:00:00,0.0
2016-05-28 04:00:00,0.0
2016-05-28 05:00:00,20.3
2016-05-28 06:00:00,158.25
2016-05-28 07:00:00,363.9
2016-05-28 08:00:00,554.88
2016-05-28 09:00:00,707.3
2016-05-28 10:00:00,856.53
2016-05-28 11:00:00,866.08
2016-05-28 12:00:00,875.78
2016-05-28 13:00:00,773.42
2016-05-28 14:00:00,601.78
2016-05-28 15:00:00,403.62
2016-05-28 16:00:00,193.52
2016-05-28 17:00:00,36.47
2016-05-28 18:00:00,0.0
2016-05-28 19:00:00,0.0
2016-05-28 20:00:00,0.0
2016-05-28 21:00:00,0.0
2016-05-28 22:00:00,0.0
2016-05-28 23:00:00,0.0
2016-05-29 00:00:00,0.0
2016-05-29 01:00:00,0.0
2016-05-29 02:00:00,0.0
2016-05-29 03:00:00,0.0
2016-05-29 04:00:00,0.0
2016-05-29 05:00:00,21.58
2016-05-29 06:00:00,160.52
2016-05-29 07:00:00,357.73
2016-05-29 08:00:00,580.53
2016-05-29 09:00:00,738.47
2016-05-29 10:00:00,823.28
2016-05-29 11:00:00,887.92
2016-05-29 12:00:00,878.6
2016-05-29 13:00:00,791.58
2016-05-29 14:00:00,633.45
2016-05-29 15:00:00,428.35
2016-05-29 16:00:00,203.7
2016-05-29 17:00:00,38.08
2016-05-29 18:00:00,0.0
2016-05-29 19:00:00,0.0
2016-05-29 20:00:00,0.0
2016-05-29 21:00:00,0.0
2016-05-29 22:00:00,0.0
2016-05-29 23:00:00,0.0
2016-05-30 00:00:00,0.0
2016-05-30 01:00:00,0.0
2016-05-30 02:00:00,0.0
2016-05-30 03:00:00,0.0
2016-05-30 04:00:00,0.0
2016-05-30 05:00:00,19.2
2016-05-30 06:00:00,134.65
2016-05-30 07:00:00,297.05
2016-05-30 08:00:00,544.58
2016-05-30 09:00:00,750.9
2016-05-30 10:00:00,854.78
2016-05-30 11:00:00,893.95
2016-05-30 12:00:00,825.67
2016-05-30 13:00:00,719.75
2016-05-30 14:00:00,578.67
2016-05-30 15:00:00,420.12
2016-05-30 16:00:00,203.98
2016-05-30 17:00:00,39.3
2016-05-30 18:00:00,0.0
2016-05-30 19:00:00,0.0
2016-05-30 20:00:00,0.0
2016-05-30 21:00:00,0.0
2016-05-30 22:00:00,0.0
2016-05-30 23:00:00,0.0
2016-05-31 00:00:00,0.0
2016-05-31 01:00:00,0.0
2016-05-31 02:00:00,0.0
2016-05-31 03:00:00,0.0
2016-05-31 04:00:00,0.0
2016-05-31 05:00:00,22.58
2016-05-31 06:00:00,174.85
2016-05-31 07:00:00,388.02
2016-05-31 08:00:00,599.7
2016-05-31 09:00:00,725.85
2016-05-31 10:00:00,851.25
2016-05-31 11:00:00,876.17
2016-05-31 12:00:00,826.88
2016-05-31 13:00:00,748.97
2016-05-31 14:00:00,569.33
2016-05-31 15:00:00,364.88
2016-05-31 16:00:00,172.45
2016-05-31 17:00:00,33.22
2016-05-31 18:00:00,0.0
2016-05-31 19:00:00,0.0
2016-05-31 20:00:00,0.0
2016-05-31 21:00:00,0.0
2016-05-31 22:00:00,0.0
2016-05-31 23:00:00,0.0
2016-06-01 00:00:00,0.0
2016-06-01 01:00:00,0.0
2016-06-01 02:00:00,0.0
2016-06-01 03:00:00,0.0
2016-06-01 04:00:00,0.0
2016-06-01 05:00:00,20.6
2016-06-01 06:00:00,161.82
2016-06-01 07:00:00,366.08
2016-06-01 08:00:00,571.88
2016-06-01 09:00:00,717.45
2016-06-01 10:00:00,848.97
2016-06-01 11:00:00,889.15
2016-06-01 12:00:00,825.85
2016-06-01 13:00:00,760.75
2016-06-01 14:00:00,616.83
2016-06-01 15:00:00,421.52
2016-06-01 16:00:00,208.98
2016-06-01 17:00:00,40.1
2016-06-01 18:00:00,0.0
2016-06-01 19:00:00,0.0
2016-06-01 20:00:00,0.0
2016-06-01 21:00:00,0.0
2016-06-01 22:00:00,0.0
2016-06-01 23:00:00,0.0
2016-06-02 00:00:00,0.0
2016-06-02 01:00:00,0.0
2016-06-02 02:00:00,0.0
2016-06-02 03:00:00,0.0
2016-06-02 04:00:00,0.0
2016-06-02 05:00:00,11.6
2016-06-02 06:00:00,103.22
2016-06-02 07:00:00,238.52
2016-06-02 08:00:00,424.7
2016-06-02 09:00:00,584.53
2016-06-02 10:00:00,698.65
2016-06-02 11:00:00,801.33
2016-06-02 12:00:00,791.65
2016-06-02 13:00:00,668.03
2016-06-02 14:00:00,598.97
2016-06-02 15:00:00,404.4
2016-06-02 16:00:00,201.43
2016-06-02 17:00:00,39.78
2016-06-02 18:00:00,0.0
2016-06-02 19:00:00,0.0
2016-06-02 20:00:00,0.0
2016-06-02 21:00:00,0.0
2016-06-02 22:00:00,0.0
2016-06-02 23:00:00,0.0
2016-06-03 00:00:00,0.0
2016-06-03 01:00:00,0.0
2016-06-03 02:00:00,0.0
2016-06-03 03:00:00,0.0
2016-06-03 04:00:00,0.0
2016-06-03 05:00:00,16.23
2016-06-03 06:00:00,118.35
2016-06-03 07:00:00,262.35
2016-06-03 08:00:00,464.9
2016-06-03 09:00:00,624.0
2016-06-03 10:00:00,702.8
2016-06-03 11:00:00,860.78
2016-06-03 12:00:00,798.0
2016-06-03 13:00:00,730.2
2016-06-03 14:00:00,582.33
2016-06-03 15:00:00,384.88
2016-06-03 16:00:00,190.65
2016-06-03 17:00:00,35.83
2016-06-03 18:00:00,0.0
2016-06-03 19:00:00,0.0
2016-06-03 20:00:00,0.0
2016-06-03 21:00:00,0.0
2016-06-03 22:00:00,0.0
2016-06-03 23:00:00,0.0
2016-06-04 00:00:00,0.0
2016-06-04 01:00:00,0.0
2016-06-04 02:00:00,0.0
2016-06-04 03:00:00,0.0
2016-06-04 04:00:00,0.0
2016-06-04 05:00:00,18.7
2016-06-04 06:00:00,138.12
2016-06-04 07:00:00,326.3
2016-06-04 08:00:00,528.65
2016-06-04 09:00:00,679.7
2016-06-04 10:00:00,744.78
2016-06-04 11:00:00,718.95
2016-06-04 12:00:00,705.1
2016-06-04 13:00:00,639.38
2016-06-04 14:00:00,463.9
2016-06-04 15:00:00,268.35
2016-06-04 16:00:00,138.6
2016-06-04 17:00:00,24.77
2016-06-04 18:00:00,0.0
2016-06-04 19:00:00,0.0
2016-06-04 20:00:00,0.0
2016-06-04 21:00:00,0.0
2016-06-04 22:00:00,0.0
2016-06-04 23:00:00,0.0
2016-06-05 00:00:00,0.0
2016-06-05 01:00:00,0.0
2016-06-05 02:00:00,0.0
2016-06-05 03:00:00,0.0
2016-06-05 04:00:00,0.0
2016-06-05 05:00:00,15.82
2016-06-05 06:00:00,106.72
2016-06-05 07:00:00,224.35
2016-06-05 08:00:00,402.62
2016-06-05 09:00:00,533.0
2016-06-05 10:00:00,644.45
2016-06-05 11:00:00,697.72
2016-06-05 12:00:00,779.2
2016-06-05 13:00:00,650.03
2016-06-05 14:00:00,527.85
2016-06-05 15:00:00,324.08
2016-06-05 16:00:00,165.77
2016-06-05 17:00:00,35.83
2016-06-05 18:00:00,0.0
2016-06-05 19:00:00,0.0
2016-06-05 20:00:00,0.0
2016-06-05 21:00:00,0.0
2016-06-05 22:00:00,0.0
2016-06-05 23:00:00,0.0
2016-06-06 00:00:00,0.0
2016-06-06 01:00:00,0.0
2016-06-06 02:00:00,0.0
2016-06-06 03:00:00,0.0
2016-06-06 04:00:00,0.0
2016-06-06 05:00:00,16.7
2016-06-06 06:00:00,106.4
2016-06-06 07:00:00,230.27
2016-06-06 08:00:00,402.98
2016-06-06 09:00:00,552.42
2016-06-06 10:00:00,622.3
2016-06-06 11:00:00,783.75
2016-06-06 12:00:00,799.3
2016-06-06 13:00:00,718.42
2016-06-06 14:00:00,578.95
2016-06-06 15:00:00,419.0
2016-06-06 16:00:00,212.82
2016-06-06 17:00:00,42.88
2016-06-06 18:00:00,0.0
2016-06-06 19:00:00,0.0
2016-06-06 20:00:00,0.0
2016-06-06 21:00:00,0.0
2016-06-06 22:00:00,0.0
2016-06-06 23:00:00,0.0
2016-06-07 00:00:00,0.0
2016-06-07 01:00:00,0.0
2016-06-07 02:00:00,0.0
2016-06-07 03:00:00,0.0
2016-06-07 04:00:00,0.0
2016-06-07 05:00:00,6.88
2016-06-07 06:00:00,67.4
2016-06-07 07:00:00,188.85
2016-06-07 08:00:00,414.02
2016-06-07 09:00:00,611.08
2016-06-07 10:00:00,720.65
2016-06-07 11:00:00,712.88
2016-06-07 12:00:00,668.58
2016-06-07 13:00:00,544.85
2016-06-07 14:00:00,414.3
2016-06-07 15:00:00,299.65
2016-06-07 16:00:00,158.82
2016-06-07 17:00:00,34.95
2016-06-07 18:00:00,0.0
2016-06-07 19:00:00,0.0
2016-06-07 20:00:00,0.0
2016-06-07 21:00:00,0.0
2016-06-07 22:00:00,0.0
2016-06-07 23:00:00,0.0
2016-06-08 00:00:00,0.0
2016-06-08 01:00:00,0.0
2016-06-08 02:00:00,0.0
2016-06-08 03:00:00,0.0
2016-06-08 04:00:00,0.0
2016-06-08 05:00:00,4.07
2016-06-08 06:00:00,75.03
2016-06-08 07:00:00,235.52
2016-06-08 08:00:00,330.77
2016-06-08 09:00:00,381.48
2016-06-08 10:00:00,538.9
2016-06-08 11:00:00,661.1
2016-06-08 12:00:00,579.7
2016-06-08 13:00:00,535.53
2016-06-08 14:00:00,411.17
2016-06-08 15:00:00,275.6
2016-06-08 16:00:00,136.05
2016-06-08 17:00:00,30.98
2016-06-08 18:00:00,0.0
2016-06-08 19:00:00,0.0
2016-06-08 20:00:00,0.0
2016-06-08 21:00:00,0.0
2016-06-08 22:00:00,0.0
2016-06-08 23:00:00,0.0
2016-06-09 00:00:00,0.0
2016-06-09 01:00:00,0.0
2016-06-09 02:00:00,0.0
2016-06-09 03:00:00,0.0
2016-06-09 04:00:00,0.0
2016-06-09 05:00:00,18.4
2016-06-09 06:00:00,138.62
2016-06-09 07:00:00,321.5
2016-06-09 08:00:00,538.53
2016-06-09 09:00:00,727.97
2016-06-09 10:00:00,798.72
2016-06-09 11:00:00,875.03
2016-06-09 12:00:00,831.83
2016-06-09 13:00:00,752.05
2016-06-09 14:00:00,579.55
2016-06-09 15:00:00,351.15
2016-06-09 16:00:00,175.15
2016-06-09 17:00:00,39.2
2016-06-09 18:00:00,0.0
2016-06-09 19:00:00,0.0
2016-06-09 20:00:00,0.0
2016-06-09 21:00:00,0.0
2016-06-09 22:00:00,0.0
2016-06-09 23:00:00,0.0
2016-06-10 00:00:00,0.0
2016-06-10 01:00:00,0.0
2016-06-10 02:00:00,0.0
2016-06-10 03:00:00,0.0
2016-06-10 04:00:00,0.0
2016-06-10 05:00:00,20.33
2016-06-10 06:00:00,140.8
2016-06-10 07:00:00,308.75
2016-06-10 08:00:00,518.05
2016-06-10 09:00:00,668.75
2016-06-10 10:00:00,815.55
2016-06-10 11:00:00,887.7
2016-06-10 12:00:00,879.22
2016-06-10 13:00:00,772.75
2016-06-10 14:00:00,603.08
2016-06-10 15:00:00,412.92
2016-06-10 16:00:00,217.98
2016-06-10 17:00:00,47.45
2016-06-10 18:00:00,0.0
2016-06-10 19:00:00,0.0
2016-06-10 20:00:00,0.0
2016-06-10 21:00:00,0.0
2016-06-10 22:00:00,0.0
2016-06-10 23:00:00,0.0
2016-06-11 00:00:00,0.0
2016-06-11 01:00:00,0.0
2016-06-11 02:00:00,0.0
2016-06-11 03:00:00,0.0
2016-06-11 04:00:00,0.0
2016-06-11 05:00:00,19.38
2016-06-11 06:00:00,169.7
2016-06-11 07:00:00,400.1
2016-06-11 08:00:00,600.1
2016-06-11 09:00:00,781.08
2016-06-11 10:00:00,886.25
2016-06-11 11:00:00,931.4
2016-06-11 12:00:00,903.53
2016-06-11 13:00:00,786.03
2016-06-11 14:00:00,552.8
2016-06-11 15:00:00,445.55
2016-06-11 16:00:00,230.73
2016-06-11 17:00:00,50.58
2016-06-11 18:00:00,0.0
2016-06-11 19:00:00,0.0
2016-06-11 20:00:00,0.0
2016-06-11 21:00:00,0.0
2016-06-11 22:00:00,0.0
2016-06-11 23:00:00,0.0
2016-06-12 00:00:00,0.0
2016-06-12 01:00:00,0.0
2016-06-12 02:00:00,0.0
2016-06-12 03:00:00,0.0
2016-06-12 04:00:00,0.0
2016-06-12 05:00:00,22.0
2016-06-12 06:00:00,183.12
2016-06-12 07:00:00,402.9
2016-06-12 08:00:00,611.8
2016-06-12 09:00:00,767.97
2016-06-12 10:00:00,839.58
2016-06-12 11:00:00,855.83
2016-06-12 12:00:00,827.92
2016-06-12 13:00:00,673.7
2016-06-12 14:00:00,588.38
2016-06-12 15:00:00,394.7
2016-06-12 16:00:00,190.2
2016-06-12 17:00:00,43.5
2016-06-12 18:00:00,0.0
2016-06-12 19:00:00,0.0
2016-06-12 20:00:00,0.0
2016-06-12 21:00:00,0.0
2016-06-12 22:00:00,0.0
2016-06-12 23:00:00,0.0
2016-06-13 00:00:00,0.0
2016-06-13 01:00:00,0.0
2016-06-13 02:00:00,0.0
2016-06-13 03:00:00,0.0
2016-06-13 04:00:00,0.0
2016-06-13 05:00:00,17.2
2016-06-13 06:00:00,143.6
2016-06-13 07:00:00,317.83
2016-06-13 08:00:00,538.72
2016-06-13 09:00:00,688.83
2016-06-13 10:00:00,849.28
2016-06-13 11:00:00,879.97
2016-06-13 12:00:00,858.03
2016-06-13 13:00:00,745.08
2016-06-13 14:00:00,538.92
2016-06-13 15:00:00,354.58
2016-06-13 16:00:00,174.35
2016-06-13 17:00:00,37.22
2016-06-13 18:00:00,0.0
2016-06-13 19:00:00,0.0
2016-06-13 20:00:00,0.0
2016-06-13 21:00:00,0.0
2016-06-13 22:00:00,0.0
2016-06-13 23:00:00,0.0
2016-06-14 00:00:00,0.0
2016-06-14 01:00:00,0.0
2016-06-14 02:00:00,0.0
2016-06-14 03:00:00,0.0
2016-06-14 04:00:00,0.0
2016-06-14 05:00:00,21.2
2016-06-14 06:00:00,182.98
2016-06-14 07:00:00,400.17
2016-06-14 08:00:00,617.17
2016-06-14 09:00:00,777.47
2016-06-14 10:00:00,880.58
2016-06-14 11:00:00,932.25
2016-06-14 12:00:00,844.83
2016-06-14 13:00:00,729.22
2016-06-14 14:00:00,574.05
2016-06-14 15:00:00,336.65
2016-06-14 16:00:00,166.55
2016-06-14 17:00:00,32.1
2016-06-14 18:00:00,0.0
2016-06-14 19:00:00,0.0
2016-06-14 20:00:00,0.0
2016-06-14 21:00:00,0.0
2016-06-14 22:00:00,0.0
2016-06-14 23:00:00,0.0
2016-06-15 00:00:00,0.0
2016-06-15 01:00:00,0.0
2016-06-15 02:00:00,0.0
2016-06-15 03:00:00,0.0
2016-06-15 04:00:00,0.0
2016-06-15 05:00:00,15.48
2016-06-15 06:00:00,124.5
2016-06-15 07:00:00,304.12
2016-06-15 08:00:00,517.62
2016-06-15 09:00:00,751.5
2016-06-15 10:00:00,867.03
2016-06-15 11:00:00,923.55
2016-06-15 12:00:00,876.88
2016-06-15 13:00:00,780.85
2016-06-15 14:00:00,627.92
2016-06-15 15:00:00,411.7
2016-06-15 16:00:00,196.93
2016-06-15 17:00:00,43.45
2016-06-15 18:00:00,0.0
2016-06-15 19:00:00,0.0
2016-06-15 20:00:00,0.0
2016-06-15 21:00:00,0.0
2016-06-15 22:00:00,0.0
2016-06-15 23:00:00,0.0
2016-06-16 00:00:00,0.0
2016-06-16 01:00:00,0.0
2016-06-16 02:00:00,0.0
2016-06-16 03:00:00,0.0
2016-06-16 04:00:00,0.0
2016-06-16 05:00:00,15.82
2016-06-16 06:00:00,122.38
2016-06-16 07:00:00,286.35
2016-06-16 08:00:00,460.75
2016-06-16 09:00:00,573.15
2016-06-16 10:00:00,652.75
2016-06-16 11:00:00,671.95
2016-06-16 12:00:00,668.47
2016-06-16 13:00:00,563.6
2016-06-16 14:00:00,436.17
2016-06-16 15:00:00,275.8
2016-06-16 16:00:00,145.35
2016-06-16 17:00:00,37.55
2016-06-16 18:00:00,0.0
2016-06-16 19:00:00,0.0
2016-06-16 20:00:00,0.0
2016-06-16 21:00:00,0.0
2016-06-16 22:00:00,0.0
2016-06-16 23:00:00,0.0
2016-06-17 00:00:00,0.0
2016-06-17 01:00:00,0.0
2016-06-17 02:00:00,0.0
2016-06-17 03:00:00,0.0
2016-06-17 04:00:00,0.0
2016-06-17 05:00:00,16.62
2016-06-17 06:00:00,123.55
2016-06-17 07:00:00,280.75
2016-06-17 08:00:00,441.58
2016-06-17 09:00:00,580.1
2016-06-17 10:00:00,588.08
2016-06-17 11:00:00,563.62
2016-06-17 12:00:00,513.28
2016-06-17 13:00:00,442.33
2016-06-17 14:00:00,313.5
2016-06-17 15:00:00,202.4
2016-06-17 16:00:00,108.22
2016-06-17 17:00:00,25.48
2016-06-17 18:00:00,0.0
2016-06-17 19:00:00,0.0
2016-06-17 20:00:00,0.0
2016-06-17 21:00:00,0.0
2016-06-17 22:00:00,0.0
2016-06-17 23:00:00,0.0
2016-06-18 00:00:00,0.0
2016-06-18 01:00:00,0.0
2016-06-18 02:00:00,0.0
2016-06-18 03:00:00,0.0
2016-06-18 04:00:00,0.0
2016-06-18 05:00:00,15.57
2016-06-18 06:00:00,110.28
2016-06-18 07:00:00,254.05
2016-06-18 08:00:00,375.6
2016-06-18 09:00:00,419.33
2016-06-18 10:00:00,525.62
2016-06-18 11:00:00,676.2
2016-06-18 12:00:00,715.9
2016-06-18 13:00:00,611.65
2016-06-18 14:00:00,392.98
2016-06-18 15:00:00,283.48
2016-06-18 16:00:00,148.8
2016-06-18 17:00:00,37.17
2016-06-18 18:00:00,0.0
2016-06-18 19:00:00,0.0
2016-06-18 20:00:00,0.0
2016-06-18 21:00:00,0.0
2016-06-18 22:00:00,0.0
2016-06-18 23:00:00,0.0
2016-06-19 00:00:00,0.0
2016-06-19 01:00:00,0.0
2016-06-19 02:00:00,0.0
2016-06-19 03:00:00,0.0
2016-06-19 04:00:00,0.0
2016-06-19 05:00:00,14.65
2016-06-19 06:00:00,117.4
2016-06-19 07:00:00,264.95
2016-06-19 08:00:00,433.67
2016-06-19 09:00:00,635.22
2016-06-19 10:00:00,712.05
2016-06-19 11:00:00,844.4
2016-06-19 12:00:00,785.78
2016-06-19 13:00:00,704.95
2016-06-19 14:00:00,539.75
2016-06-19 15:00:00,327.17
2016-06-19 16:00:00,160.25
2016-06-19 17:00:00,40.0
2016-06-19 18:00:00,0.0
2016-06-19 19:00:00,0.0
2016-06-19 20:00:00,0.0
2016-06-19 21:00:00,0.0
2016-06-19 22:00:00,0.0
2016-06-19 23:00:00,0.0
2016-06-20 00:00:00,0.0
2016-06-20 01:00:00,0.0
2016-06-20 02:00:00,0.0
2016-06-20 03:00:00,0.0
2016-06-20 04:00:00,0.0
2016-06-20 05:00:00,16.73
2016-06-20 06:00:00,142.2
2016-06-20 07:00:00,347.0
2016-06-20 08:00:00,553.53
2016-06-20 09:00:00,710.08
2016-06-20 10:00:00,761.12
2016-06-20 11:00:00,787.08
2016-06-20 12:00:00,757.28
2016-06-20 13:00:00,612.28
2016-06-20 14:00:00,523.03
2016-06-20 15:00:00,353.98
2016-06-20 16:00:00,173.07
2016-06-20 17:00:00,38.83
2016-06-20 18:00:00,0.0
2016-06-20 19:00:00,0.0
2016-06-20 20:00:00,0.0
2016-06-20 21:00:00,0.0
2016-06-20 22:00:00,0.0
2016-06-20 23:00:00,0.0
2016-06-21 00:00:00,0.0
2016-06-21 01:00:00,0.0
2016-06-21 02:00:00,0.0
2016-06-21 03:00:00,0.0
2016-06-21 04:00:00,0.0
2016-06-21 05:00:00,13.57
2016-06-21 06:00:00,88.35
2016-06-21 07:00:00,182.9
2016-06-21 08:00:00,330.17
2016-06-21 09:00:00,519.6
2016-06-21 10:00:00,699.88
2016-06-21 11:00:00,780.67
2016-06-21 12:00:00,717.25
2016-06-21 13:00:00,575.28
2016-06-21 14:00:00,431.33
2016-06-21 15:00:00,286.45
2016-06-21 16:00:00,139.65
2016-06-21 17:00:00,34.55
2016-06-21 18:00:00,0.0
2016-06-21 19:00:00,0.0
2016-06-21 20:00:00,0.0
2016-06-21 21:00:00,0.0
2016-06-21 22:00:00,0.0
2016-06-21 23:00:00,0.0
2016-06-22 00:00:00,0.0
2016-06-22 01:00:00,0.0
2016-06-22 02:00:00,0.0
2016-06-22 03:00:00,0.0
2016-06-22 04:00:00,0.0
2016-06-22 05:00:00,12.5
2016-06-22 06:00:00,111.65
2016-06-22 07:00:00,263.98
2016-06-22 08:00:00,380.98
2016-06-22 09:00:00,389.67
2016-06-22 10:00:00,519.42
2016-06-22 11:00:00,574.17
2016-06-22 12:00:00,301.92
2016-06-22 13:00:00,312.23
2016-06-22 14:00:00,245.07
2016-06-22 15:00:00,160.2
2016-06-22 16:00:00,99.65
2016-06-22 17:00:00,21.9
2016-06-22 18:00:00,0.0
2016-06-22 19:00:00,0.0
2016-06-22 20:00:00,0.0
2016-06-22 21:00:00,0.0
2016-06-22 22:00:00,0.0
2016-06-22 23:00:00,0.0
2016-06-23 00:00:00,0.0
2016-06-23 01:00:00,0.0
2016-06-23 02:00:00,0.0
2016-06-23 03:00:00,0.0
2016-06-23 04:00:00,0.0
2016-06-23 05:00:00,6.75
2016-06-23 06:00:00,54.7
2016-06-23 07:00:00,119.35
2016-06-23 08:00:00,171.55
2016-06-23 09:00:00,176.62
2016-06-23 10:00:00,215.8
2016-06-23 11:00:00,249.6
2016-06-23 12:00:00,259.0
2016-06-23 13:00:00,205.98
2016-06-23 14:00:00,124.12
2016-06-23 15:00:00,68.47
2016-06-23 16:00:00,31.15
2016-06-23 17:00:00,7.0
2016-06-23 18:00:00,0.0
2016-06-23 19:00:00,0.0
2016-06-23 20:00:00,0.0
2016-06-23 21:00:00,0.0
2016-06-23 22:00:00,0.0
2016-06-23 23:00:00,0.0
2016-06-24 00:00:00,0.0
2016-06-24 01:00:00,0.0
2016-06-24 02:00:00,0.0
2016-06-24 03:00:00,0.0
2016-06-24 04:00:00,0.0
2016-06-24 05:00:00,15.43
2016-06-24 06:00:00,112.93
2016-06-24 07:00:00,236.65
2016-06-24 08:00:00,314.9
2016-06-24 09:00:00,214.55
2016-06-24 10:00:00,240.45
2016-06-24 11:00:00,240.0
2016-06-24 12:00:00,180.95
2016-06-24 13:00:00,190.68
2016-06-24 14:00:00,154.57
2016-06-24 15:00:00,133.6
2016-06-24 16:00:00,59.53
2016-06-24 17:00:00,13.05
2016-06-24 18:00:00,0.0
2016-06-24 19:00:00,0.0
2016-06-24 20:00:00,0.0
2016-06-24 21:00:00,0.0
2016-06-24 22:00:00,0.0
2016-06-24 23:00:00,0.0
2016-06-25 00:00:00,0.0
2016-06-25 01:00:00,0.0
2016-06-25 02:00:00,0.0
2016-06-25 03:00:00,0.0
2016-06-25 04:00:00,0.0
2016-06-25 05:00:00,10.85
2016-06-25 06:00:00,67.15
2016-06-25 07:00:00,196.2
2016-06-25 08:00:00,334.4
2016-06-25 09:00:00,269.42
2016-06-25 10:00:00,329.25
2016-06-25 11:00:00,282.75
2016-06-25 12:00:00,341.48
2016-06-25 13:00:00,316.62
2016-06-25 14:00:00,236.73
2016-06-25 15:00:00,163.62
2016-06-25 16:00:00,84.47
2016-06-25 17:00:00,21.6
2016-06-25 18:00:00,0.0
2016-06-25 19:00:00,0.0
2016-06-25 20:00:00,0.0
2016-06-25 21:00:00,0.0
2016-06-25 22:00:00,0.0
2016-06-25 23:00:00,0.0
2016-06-26 00:00:00,0.0
2016-06-26 01:00:00,0.0
2016-06-26 02:00:00,0.0
2016-06-26 03:00:00,0.0
2016-06-26 04:00:00,0.0
2016-06-26 05:00:00,8.93
2016-06-26 06:00:00,67.4
2016-06-26 07:00:00,164.2
2016-06-26 08:00:00,264.27
2016-06-26 09:00:00,392.83
2016-06-26 10:00:00,508.45
2016-06-26 11:00:00,591.25
2016-06-26 12:00:00,563.85
2016-06-26 13:00:00,556.45
2016-06-26 14:00:00,404.38
2016-06-26 15:00:00,271.75
2016-06-26 16:00:00,136.0
2016-06-26 17:00:00,28.55
2016-06-26 18:00:00,0.0
2016-06-26 19:00:00,0.0
2016-06-26 20:00:00,0.0
2016-06-26 21:00:00,0.0
2016-06-26 22:00:00,0.0
2016-06-26 23:00:00,0.0
2016-06-27 00:00:00,0.0
2016-06-27 01:00:00,0.0
2016-06-27 02:00:00,0.0
2016-06-27 03:00:00,0.0
2016-06-27 04:00:00,0.0
2016-06-27 05:00:00,8.32
2016-06-27 06:00:00,66.88
2016-06-27 07:00:00,205.35
2016-06-27 08:00:00,336.65
2016-06-27 09:00:00,460.33
2016-06-27 10:00:00,544.03
2016-06-27 11:00:00,440.12
2016-06-27 12:00:00,465.25
2016-06-27 13:00:00,507.92
2016-06-27 14:00:00,350.65
2016-06-27 15:00:00,243.73
2016-06-27 16:00:00,122.07
2016-06-27 17:00:00,26.52
2016-06-27 18:00:00,0.0
2016-06-27 19:00:00,0.0
2016-06-27 20:00:00,0.0
2016-06-27 21:00:00,0.0
2016-06-27 22:00:00,0.0
2016-06-27 23:00:00,0.0
2016-06-28 00:00:00,0.0
2016-06-28 01:00:00,0.0
2016-06-28 02:00:00,0.0
2016-06-28 03:00:00,0.0
2016-06-28 04:00:00,0.0
2016-06-28 05:00:00,5.7
2016-06-28 06:00:00,43.08
2016-06-28 07:00:00,116.68
2016-06-28 08:00:00,224.45
2016-06-28 09:00:00,344.85
2016-06-28 10:00:00,480.95
2016-06-28 11:00:00,562.03
2016-06-28 12:00:00,569.6
2016-06-28 13:00:00,512.2
2016-06-28 14:00:00,363.3
2016-06-28 15:00:00,188.27
2016-06-28 16:00:00,98.78
2016-06-28 17:00:00,22.67
2016-06-28 18:00:00,0.0
2016-06-28 19:00:00,0.0
2016-06-28 20:00:00,0.0
2016-06-28 21:00:00,0.0
2016-06-28 22:00:00,0.0
2016-06-28 23:00:00,0.0
2016-06-29 00:00:00,0.0
2016-06-29 01:00:00,0.0
2016-06-29 02:00:00,0.0
2016-06-29 03:00:00,0.0
2016-06-29 04:00:00,0.0
2016-06-29 05:00:00,11.35
2016-06-29 06:00:00,86.65
2016-06-29 07:00:00,188.27
2016-06-29 08:00:00,325.45
2016-06-29 09:00:00,379.77
2016-06-29 10:00:00,374.6
2016-06-29 11:00:00,331.33
2016-06-29 12:00:00,336.42
2016-06-29 13:00:00,296.02
2016-06-29 14:00:00,381.27
2016-06-29 15:00:00,200.5
2016-06-29 16:00:00,107.18
2016-06-29 17:00:00,23.38
2016-06-29 18:00:00,0.0
2016-06-29 19:00:00,0.0
2016-06-29 20:00:00,0.0
2016-06-29 21:00:00,0.0
2016-06-29 22:00:00,0.0
2016-06-29 23:00:00,0.0
2016-06-30 00:00:00,0.0
2016-06-30 01:00:00,0.0
2016-06-30 02:00:00,0.0
2016-06-30 03:00:00,0.0
2016-06-30 04:00:00,0.0
2016-06-30 05:00:00,11.25
2016-06-30 06:00:00,94.7
2016-06-30 07:00:00,218.95
2016-06-30 08:00:00,372.52
2016-06-30 09:00:00,506.8
2016-06-30 10:00:00,618.85
2016-06-30 11:00:00,681.62
2016-06-30 12:00:00,654.9
2016-06-30 13:00:00,570.42
2016-06-30 14:00:00,270.05
2016-06-30 15:00:00,183.85
2016-06-30 16:00:00,105.28
2016-06-30 17:00:00,20.12
2016-06-30 18:00:00,0.0
2016-06-30 19:00:00,0.0
2016-06-30 20:00:00,0.0
2016-06-30 21:00:00,0.0
2016-06-30 22:00:00,0.0
2016-06-30 23:00:00,0.0
2016-07-01 00:00:00,0.0
2016-07-01 01:00:00,0.0
2016-07-01 02:00:00,0.0
2016-07-01 03:00:00,0.0
2016-07-01 04:00:00,0.0
2016-07-01 05:00:00,16.27
2016-07-01 06:00:00,153.57
2016-07-01 07:00:00,353.85
2016-07-01 08:00:00,557.6
2016-07-01 09:00:00,707.75
2016-07-01 10:00:00,794.2
2016-07-01 11:00:00,803.95
2016-07-01 12:00:00,714.7
2016-07-01 13:00:00,635.67
2016-07-01 14:00:00,460.62
2016-07-01 15:00:00,268.73
2016-07-01 16:00:00,143.8
2016-07-01 17:00:00,31.2
2016-07-01 18:00:00,0.0
2016-07-01 19:00:00,0.0
2016-07-01 20:00:00,0.0
2016-07-01 21:00:00,0.0
2016-07-01 22:00:00,0.0
2016-07-01 23:00:00,0.0
2016-07-02 00:00:00,0.0
2016-07-02 01:00:00,0.0
2016-07-02 02:00:00,0.0
2016-07-02 03:00:00,0.0
2016-07-02 04:00:00,0.0
2016-07-02 05:00:00,11.8
2016-07-02 06:00:00,106.65
2016-07-02 07:00:00,259.52
2016-07-02 08:00:00,420.88
2016-07-02 09:00:00,538.53
2016-07-02 10:00:00,654.1
2016-07-02 11:00:00,706.0
2016-07-02 12:00:00,664.53
2016-07-02 13:00:00,553.5
2016-07-02 14:00:00,426.4
2016-07-02 15:00:00,241.55
2016-07-02 16:00:00,130.77
2016-07-02 17:00:00,29.1
2016-07-02 18:00:00,0.0
2016-07-02 19:00:00,0.0
2016-07-02 20:00:00,0.0
2016-07-02 21:00:00,0.0
2016-07-02 22:00:00,0.0
2016-07-02 23:00:00,0.0
2016-07-03 00:00:00,0.0
2016-07-03 01:00:00,0.0
2016-07-03 02:00:00,0.0
2016-07-03 03:00:00,0.0
2016-07-03 04:00:00,0.0
2016-07-03 05:00:00,12.1
2016-07-03 06:00:00,107.3
2016-07-03 07:00:00,266.77
2016-07-03 08:00:00,465.83
2016-07-03 09:00:00,643.65
2016-07-03 10:00:00,736.05
2016-07-03 11:00:00,732.3
2016-07-03 12:00:00,618.28
2016-07-03 13:00:00,616.33
2016-07-03 14:00:00,568.2
2016-07-03 15:00:00,386.65
2016-07-03 16:00:00,197.3
2016-07-03 17:00:00,47.03
2016-07-03 18:00:00,0.0
2016-07-03 19:00:00,0.0
2016-07-03 20:00:00,0.0
2016-07-03 21:00:00,0.0
2016-07-03 22:00:00,0.0
2016-07-03 23:00:00,0.0
2016-07-04 00:00:00,0.0
2016-07-04 01:00:00,0.0
2016-07-04 02:00:00,0.0
2016-07-04 03:00:00,0.0
2016-07-04 04:00:00,0.0
2016-07-04 05:00:00,16.95
2016-07-04 06:00:00,145.1
2016-07-04 07:00:00,338.6
2016-07-04 08:00:00,549.92
2016-07-04 09:00:00,717.15
2016-07-04 10:00:00,787.3
2016-07-04 11:00:00,850.2
2016-07-04 12:00:00,836.85
2016-07-04 13:00:00,728.53
2016-07-04 14:00:00,585.9
2016-07-04 15:00:00,424.83
2016-07-04 16:00:00,223.23
2016-07-04 17:00:00,56.92
2016-07-04 18:00:00,0.0
2016-07-04 19:00:00,0.0
2016-07-04 20:00:00,0.0
2016-07-04 21:00:00,0.0
2016-07-04 22:00:00,0.0
2016-07-04 23:00:00,0.0
2016-07-05 00:00:00,0.0
2016-07-05 01:00:00,0.0
2016-07-05 02:00:00,0.0
2016-07-05 03:00:00,0.0
2016-07-05 04:00:00,0.0
2016-07-05 05:00:00,11.55
2016-07-05 06:00:00,99.28
2016-07-05 07:00:00,233.25
2016-07-05 08:00:00,376.48
2016-07-05 09:00:00,513.25
2016-07-05 10:00:00,582.25
2016-07-05 11:00:00,681.92
2016-07-05 12:00:00,630.33
2016-07-05 13:00:00,537.38
2016-07-05 14:00:00,416.77
2016-07-05 15:00:00,280.8
2016-07-05 16:00:00,143.7
2016-07-05 17:00:00,34.2
2016-07-05 18:00:00,0.0
2016-07-05 19:00:00,0.0
2016-07-05 20:00:00,0.0
2016-07-05 21:00:00,0.0
2016-07-05 22:00:00,0.0
2016-07-05 23:00:00,0.0
2016-07-06 00:00:00,0.0
2016-07-06 01:00:00,0.0
2016-07-06 02:00:00,0.0
2016-07-06 03:00:00,0.0
2016-07-06 04:00:00,0.0
2016-07-06 05:00:00,15.82
2016-07-06 06:00:00,140.5
2016-07-06 07:00:00,331.05
2016-07-06 08:00:00,553.58
2016-07-06 09:00:00,723.62
2016-07-06 10:00:00,854.2
2016-07-06 11:00:00,926.72
2016-07-06 12:00:00,862.42
2016-07-06 13:00:00,692.47
2016-07-06 14:00:00,520.25
2016-07-06 15:00:00,380.17
2016-07-06 16:00:00,200.07
2016-07-06 17:00:00,48.35
2016-07-06 18:00:00,0.0
2016-07-06 19:00:00,0.0
2016-07-06 20:00:00,0.0
2016-07-06 21:00:00,0.0
2016-07-06 22:00:00,0.0
2016-07-06 23:00:00,0.0
2016-07-07 00:00:00,0.0
2016-07-07 01:00:00,0.0
2016-07-07 02:00:00,0.0
2016-07-07 03:00:00,0.0
2016-07-07 04:00:00,0.0
2016-07-07 05:00:00,9.43
2016-07-07 06:00:00,82.88
2016-07-07 07:00:00,192.35
2016-07-07 08:00:00,336.88
2016-07-07 09:00:00,505.52
2016-07-07 10:00:00,666.35
2016-07-07 11:00:00,717.85
2016-07-07 12:00:00,657.6
2016-07-07 13:00:00,493.58
2016-07-07 14:00:00,361.35
2016-07-07 15:00:00,203.65
2016-07-07 16:00:00,104.0
2016-07-07 17:00:00,20.7
2016-07-07 18:00:00,0.0
2016-07-07 19:00:00,0.0
2016-07-07 20:00:00,0.0
2016-07-07 21:00:00,0.0
2016-07-07 22:00:00,0.0
2016-07-07 23:00:00,0.0
2016-07-08 00:00:00,0.0
2016-07-08 01:00:00,0.0
2016-07-08 02:00:00,0.0
2016-07-08 03:00:00,0.0
2016-07-08 04:00:00,0.0
2016-07-08 05:00:00,8.8
2016-07-08 06:00:00,93.7
2016-07-08 07:00:00,237.98
2016-07-08 08:00:00,408.7
2016-07-08 09:00:00,533.22
2016-07-08 10:00:00,635.25
2016-07-08 11:00:00,700.53
2016-07-08 12:00:00,691.83
2016-07-08 13:00:00,480.23
2016-07-08 14:00:00,292.02
2016-07-08 15:00:00,269.52
2016-07-08 16:00:00,134.2
2016-07-08 17:00:00,23.17
2016-07-08 18:00:00,0.0
2016-07-08 19:00:00,0.0
2016-07-08 20:00:00,0.0
2016-07-08 21:00:00,0.0
2016-07-08 22:00:00,0.0
2016-07-08 23:00:00,0.0
2016-07-09 00:00:00,0.0
2016-07-09 01:00:00,0.0
2016-07-09 02:00:00,0.0
2016-07-09 03:00:00,0.0
2016-07-09 04:00:00,0.0
2016-07-09 05:00:00,10.95
2016-07-09 06:00:00,119.53
2016-07-09 07:00:00,294.48
2016-07-09 08:00:00,500.27
2016-07-09 09:00:00,666.95
2016-07-09 10:00:00,782.3
2016-07-09 11:00:00,893.97
2016-07-09 12:00:00,866.28
2016-07-09 13:00:00,695.83
2016-07-09 14:00:00,628.65
2016-07-09 15:00:00,466.23
2016-07-09 16:00:00,249.5
2016-07-09 17:00:00,61.95
2016-07-09 18:00:00,0.0
2016-07-09 19:00:00,0.0
2016-07-09 20:00:00,0.0
2016-07-09 21:00:00,0.0
2016-07-09 22:00:00,0.0
2016-07-09 23:00:00,0.0
2016-07-10 00:00:00,0.0
2016-07-10 01:00:00,0.0
2016-07-10 02:00:00,0.0
2016-07-10 03:00:00,0.0
2016-07-10 04:00:00,0.0
2016-07-10 05:00:00,12.95
2016-07-10 06:00:00,119.0
2016-07-10 07:00:00,286.65
2016-07-10 08:00:00,480.9
2016-07-10 09:00:00,660.28
2016-07-10 10:00:00,727.3
2016-07-10 11:00:00,772.22
2016-07-10 12:00:00,806.15
2016-07-10 13:00:00,693.75
2016-07-10 14:00:00,564.3
2016-07-10 15:00:00,380.55
2016-07-10 16:00:00,186.85
2016-07-10 17:00:00,44.78
2016-07-10 18:00:00,0.0
2016-07-10 19:00:00,0.0
2016-07-10 20:00:00,0.0
2016-07-10 21:00:00,0.0
2016-07-10 22:00:00,0.0
2016-07-10 23:00:00,0.0
2016-07-11 00:00:00,0.0
2016-07-11 01:00:00,0.0
2016-07-11 02:00:00,0.0
2016-07-11 03:00:00,0.0
2016-07-11 04:00:00,0.0
2016-07-11 05:00:00,11.32
2016-07-11 06:00:00,110.6
2016-07-11 07:00:00,265.58
2016-07-11 08:00:00,479.23
2016-07-11 09:00:00,685.72
2016-07-11 10:00:00,795.05
2016-07-11 11:00:00,853.38
2016-07-11 12:00:00,848.4
2016-07-11 13:00:00,719.28
2016-07-11 14:00:00,589.78
2016-07-11 15:00:00,395.65
2016-07-11 16:00:00,208.9
2016-07-11 17:00:00,47.88
2016-07-11 18:00:00,0.0
2016-07-11 19:00:00,0.0
2016-07-11 20:00:00,0.0
2016-07-11 21:00:00,0.0
2016-07-11 22:00:00,0.0
2016-07-11 23:00:00,0.0
2016-07-12 00:00:00,0.0
2016-07-12 01:00:00,0.0
2016-07-12 02:00:00,0.0
2016-07-12 03:00:00,0.0
2016-07-12 04:00:00,0.0
2016-07-12 05:00:00,11.55
2016-07-12 06:00:00,124.47
2016-07-12 07:00:00,309.17
2016-07-12 08:00:00,521.83
2016-07-12 09:00:00,688.15
2016-07-12 10:00:00,782.05
2016-07-12 11:00:00,811.53
2016-07-12 12:00:00,850.08
2016-07-12 13:00:00,735.42
2016-07-12 14:00:00,551.33
2016-07-12 15:00:00,373.85
2016-07-12 16:00:00,196.27
2016-07-12 17:00:00,50.2
2016-07-12 18:00:00,0.0
2016-07-12 19:00:00,0.0
2016-07-12 20:00:00,0.0
2016-07-12 21:00:00,0.0
2016-07-12 22:00:00,0.0
2016-07-12 23:00:00,0.0
2016-07-13 00:00:00,0.0
2016-07-13 01:00:00,0.0
2016-07-13 02:00:00,0.0
2016-07-13 03:00:00,0.0
2016-07-13 04:00:00,0.0
2016-07-13 05:00:00,12.8
2016-07-13 06:00:00,143.27
2016-07-13 07:00:00,351.23
2016-07-13 08:00:00,562.42
2016-07-13 09:00:00,735.15
2016-07-13 10:00:00,838.45
2016-07-13 11:00:00,917.0
2016-07-13 12:00:00,859.08
2016-07-13 13:00:00,800.7
2016-07-13 14:00:00,600.28
2016-07-13 15:00:00,424.73
2016-07-13 16:00:00,221.95
2016-07-13 17:00:00,51.1
2016-07-13 18:00:00,0.0
2016-07-13 19:00:00,0.0
2016-07-13 20:00:00,0.0
2016-07-13 21:00:00,0.0
2016-07-13 22:00:00,0.0
2016-07-13 23:00:00,0.0
2016-07-14 00:00:00,0.0
2016-07-14 01:00:00,0.0
2016-07-14 02:00:00,0.0
2016-07-14 03:00:00,0.0
2016-07-14 04:00:00,0.0
2016-07-14 05:00:00,13.57
2016-07-14 06:00:00,150.0
2016-07-14 07:00:00,360.45
2016-07-14 08:00:00,578.7
2016-07-14 09:00:00,739.67
2016-07-14 10:00:00,864.0
2016-07-14 11:00:00,923.67
2016-07-14 12:00:00,903.38
2016-07-14 13:00:00,809.0
2016-07-14 14:00:00,620.92
2016-07-14 15:00:00,456.48
2016-07-14 16:00:00,246.88
2016-07-14 17:00:00,59.72
2016-07-14 18:00:00,0.0
2016-07-14 19:00:00,0.0
2016-07-14 20:00:00,0.0
2016-07-14 21:00:00,0.0
2016-07-14 22:00:00,0.0
2016-07-14 23:00:00,0.0
2016-07-15 00:00:00,0.0
2016-07-15 01:00:00,0.0
2016-07-15 02:00:00,0.0
2016-07-15 03:00:00,0.0
2016-07-15 04:00:00,0.0
2016-07-15 05:00:00,11.98
2016-07-15 06:00:00,122.4
2016-07-15 07:00:00,290.77
2016-07-15 08:00:00,514.47
2016-07-15 09:00:00,668.45
2016-07-15 10:00:00,842.05
2016-07-15 11:00:00,847.58
2016-07-15 12:00:00,823.58
2016-07-15 13:00:00,757.08
2016-07-15 14:00:00,626.8
2016-07-15 15:00:00,445.9
2016-07-15 16:00:00,229.38
2016-07-15 17:00:00,52.92
2016-07-15 18:00:00,0.0
2016-07-15 19:00:00,0.0
2016-07-15 20:00:00,0.0
2016-07-15 21:00:00,0.0
2016-07-15 22:00:00,0.0
2016-07-15 23:00:00,0.0
2016-07-16 00:00:00,0.0
2016-07-16 01:00:00,0.0
2016-07-16 02:00:00,0.0
2016-07-16 03:00:00,0.0
2016-07-16 04:00:00,0.0
2016-07-16 05:00:00,10.0
2016-07-16 06:00:00,113.5
2016-07-16 07:00:00,288.98
2016-07-16 08:00:00,484.4
2016-07-16 09:00:00,687.9
2016-07-16 10:00:00,785.0
2016-07-16 11:00:00,864.83
2016-07-16 12:00:00,870.7
2016-07-16 13:00:00,790.78
2016-07-16 14:00:00,601.05
2016-07-16 15:00:00,462.88
2016-07-16 16:00:00,245.82
2016-07-16 17:00:00,57.28
2016-07-16 18:00:00,0.0
2016-07-16 19:00:00,0.0
2016-07-16 20:00:00,0.0
2016-07-16 21:00:00,0.0
2016-07-16 22:00:00,0.0
2016-07-16 23:00:00,0.0
2016-07-17 00:00:00,0.0
2016-07-17 01:00:00,0.0
2016-07-17 02:00:00,0.0
2016-07-17 03:00:00,0.0
2016-07-17 04:00:00,0.0
2016-07-17 05:00:00,8.5
2016-07-17 06:00:00,80.55
2016-07-17 07:00:00,205.45
2016-07-17 08:00:00,352.1
2016-07-17 09:00:00,487.48
2016-07-17 10:00:00,598.35
2016-07-17 11:00:00,733.25
2016-07-17 12:00:00,792.28
2016-07-17 13:00:00,707.65
2016-07-17 14:00:00,575.8
2016-07-17 15:00:00,390.42
2016-07-17 16:00:00,202.45
2016-07-17 17:00:00,52.75
2016-07-17 18:00:00,0.0
2016-07-17 19:00:00,0.0
2016-07-17 20:00:00,0.0
2016-07-17 21:00:00,0.0
2016-07-17 22:00:00,0.0
2016-07-17 23:00:00,0.0
2016-07-18 00:00:00,0.0
2016-07-18 01:00:00,0.0
2016-07-18 02:00:00,0.0
2016-07-18 03:00:00,0.0
2016-07-18 04:00:00,0.0
2016-07-18 05:00:00,9.57
2016-07-18 06:00:00,101.6
2016-07-18 07:00:00,249.7
2016-07-18 08:00:00,420.83
2016-07-18 09:00:00,559.95
2016-07-18 10:00:00,617.83
2016-07-18 11:00:00,747.72
2016-07-18 12:00:00,752.28
2016-07-18 13:00:00,617.33
2016-07-18 14:00:00,492.12
2016-07-18 15:00:00,299.38
2016-07-18 16:00:00,157.52
2016-07-18 17:00:00,42.42
2016-07-18 18:00:00,0.0
2016-07-18 19:00:00,0.0
2016-07-18 20:00:00,0.0
2016-07-18 21:00:00,0.0
2016-07-18 22:00:00,0.0
2016-07-18 23:00:00,0.0
2016-07-19 00:00:00,0.0
2016-07-19 01:00:00,0.0
2016-07-19 02:00:00,0.0
2016-07-19 03:00:00,0.0
2016-07-19 04:00:00,0.0
2016-07-19 05:00:00,4.7
2016-07-19 06:00:00,45.6
2016-07-19 07:00:00,108.53
2016-07-19 08:00:00,202.1
2016-07-19 09:00:00,315.35
2016-07-19 10:00:00,427.88
2016-07-19 11:00:00,569.4
2016-07-19 12:00:00,547.42
2016-07-19 13:00:00,541.17
2016-07-19 14:00:00,471.25
2016-07-19 15:00:00,340.1
2016-07-19 16:00:00,175.27
2016-07-19 17:00:00,44.33
2016-07-19 18:00:00,0.0
2016-07-19 19:00:00,0.0
2016-07-19 20:00:00,0.0
2016-07-19 21:00:00,0.0
2016-07-19 22:00:00,0.0
2016-07-19 23:00:00,0.0
2016-07-20 00:00:00,0.0
2016-07-20 01:00:00,0.0
2016-07-20 02:00:00,0.0
2016-07-20 03:00:00,0.0
2016-07-20 04:00:00,0.0
2016-07-20 05:00:00,4.32
2016-07-20 06:00:00,35.22
2016-07-20 07:00:00,75.55
2016-07-20 08:00:00,135.52
2016-07-20 09:00:00,250.95
2016-07-20 10:00:00,346.5
2016-07-20 11:00:00,385.38
2016-07-20 12:00:00,403.2
2016-07-20 13:00:00,403.1
2016-07-20 14:00:00,438.95
2016-07-20 15:00:00,314.1
2016-07-20 16:00:00,152.45
2016-07-20 17:00:00,33.2
2016-07-20 18:00:00,0.0
2016-07-20 19:00:00,0.0
2016-07-20 20:00:00,0.0
2016-07-20 21:00:00,0.0
2016-07-20 22:00:00,0.0
2016-07-20 23:00:00,0.0
2016-07-21 00:00:00,0.0
2016-07-21 01:00:00,0.0
2016-07-21 02:00:00,0.0
2016-07-21 03:00:00,0.0
2016-07-21 04:00:00,0.0
2016-07-21 05:00:00,4.95
2016-07-21 06:00:00,52.55
2016-07-21 07:00:00,121.55
2016-07-21 08:00:00,229.07
2016-07-21 09:00:00,344.73
2016-07-21 10:00:00,477.33
2016-07-21 11:00:00,427.02
2016-07-21 12:00:00,351.92
2016-07-21 13:00:00,373.77
2016-07-21 14:00:00,610.6
2016-07-21 15:00:00,263.55
2016-07-21 16:00:00,136.1
2016-07-21 17:00:00,31.8
2016-07-21 18:00:00,0.0
2016-07-21 19:00:00,0.0
2016-07-21 20:00:00,0.0
2016-07-21 21:00:00,0.0
2016-07-21 22:00:00,0.0
2016-07-21 23:00:00,0.0
2016-07-22 00:00:00,0.0
2016-07-22 01:00:00,0.0
2016-07-22 02:00:00,0.0
2016-07-22 03:00:00,0.0
2016-07-22 04:00:00,0.0
2016-07-22 05:00:00,5.62
2016-07-22 06:00:00,67.85
2016-07-22 07:00:00,173.3
2016-07-22 08:00:00,300.98
2016-07-22 09:00:00,417.25
2016-07-22 10:00:00,524.42
2016-07-22 11:00:00,679.1
2016-07-22 12:00:00,679.53
2016-07-22 13:00:00,588.4
2016-07-22 14:00:00,416.62
2016-07-22 15:00:00,246.77
2016-07-22 16:00:00,129.6
2016-07-22 17:00:00,27.92
2016-07-22 18:00:00,0.0
2016-07-22 19:00:00,0.0
2016-07-22 20:00:00,0.0
2016-07-22 21:00:00,0.0
2016-07-22 22:00:00,0.0
2016-07-22 23:00:00,0.0
2016-07-23 00:00:00,0.0
2016-07-23 01:00:00,0.0
2016-07-23 02:00:00,0.0
2016-07-23 03:00:00,0.0
2016-07-23 04:00:00,0.0
2016-07-23 05:00:00,7.38
2016-07-23 06:00:00,65.25
2016-07-23 07:00:00,162.1
2016-07-23 08:00:00,250.5
2016-07-23 09:00:00,348.45
2016-07-23 10:00:00,419.02
2016-07-23 11:00:00,534.1
2016-07-23 12:00:00,525.7
2016-07-23 13:00:00,467.1
2016-07-23 14:00:00,373.58
2016-07-23 15:00:00,232.48
2016-07-23 16:00:00,123.7
2016-07-23 17:00:00,29.3
2016-07-23 18:00:00,0.0
2016-07-23 19:00:00,0.0
2016-07-23 20:00:00,0.0
2016-07-23 21:00:00,0.0
2016-07-23 22:00:00,0.0
2016-07-23 23:00:00,0.0
2016-07-24 00:00:00,0.0
2016-07-24 01:00:00,0.0
2016-07-24 02:00:00,0.0
2016-07-24 03:00:00,0.0
2016-07-24 04:00:00,0.0
2016-07-24 05:00:00,10.3
2016-07-24 06:00:00,120.28
2016-07-24 07:00:00,309.33
2016-07-24 08:00:00,548.2
2016-07-24 09:00:00,736.83
2016-07-24 10:00:00,850.33
2016-07-24 11:00:00,855.75
2016-07-24 12:00:00,801.28
2016-07-24 13:00:00,730.8
2016-07-24 14:00:00,596.45
2016-07-24 15:00:00,416.4
2016-07-24 16:00:00,210.57
2016-07-24 17:00:00,47.17
2016-07-24 18:00:00,0.0
2016-07-24 19:00:00,0.0
2016-07-24 20:00:00,0.0
2016-07-24 21:00:00,0.0
2016-07-24 22:00:00,0.0
2016-07-24 23:00:00,0.0
2016-07-25 00:00:00,0.0
2016-07-25 01:00:00,0.0
2016-07-25 02:00:00,0.0
2016-07-25 03:00:00,0.0
2016-07-25 04:00:00,0.0
2016-07-25 05:00:00,10.45
2016-07-25 06:00:00,130.07
2016-07-25 07:00:00,329.0
2016-07-25 08:00:00,554.42
2016-07-25 09:00:00,727.4
2016-07-25 10:00:00,849.97
2016-07-25 11:00:00,893.33
2016-07-25 12:00:00,830.5
2016-07-25 13:00:00,724.2
2016-07-25 14:00:00,533.35
2016-07-25 15:00:00,393.6
2016-07-25 16:00:00,199.12
2016-07-25 17:00:00,46.55
2016-07-25 18:00:00,0.0
2016-07-25 19:00:00,0.0
2016-07-25 20:00:00,0.0
2016-07-25 21:00:00,0.0
2016-07-25 22:00:00,0.0
2016-07-25 23:00:00,0.0
2016-07-26 00:00:00,0.0
2016-07-26 01:00:00,0.0
2016-07-26 02:00:00,0.0
2016-07-26 03:00:00,0.0
2016-07-26 04:00:00,0.0
2016-07-26 05:00:00,9.85
2016-07-26 06:00:00,106.35
2016-07-26 07:00:00,271.4
2016-07-26 08:00:00,443.1
2016-07-26 09:00:00,598.28
2016-07-26 10:00:00,658.8
2016-07-26 11:00:00,681.35
2016-07-26 12:00:00,624.22
2016-07-26 13:00:00,673.2
2016-07-26 14:00:00,565.25
2016-07-26 15:00:00,391.9
2016-07-26 16:00:00,214.35
2016-07-26 17:00:00,51.08
2016-07-26 18:00:00,0.0
2016-07-26 19:00:00,0.0
2016-07-26 20:00:00,0.0
2016-07-26 21:00:00,0.0
2016-07-26 22:00:00,0.0
2016-07-26 23:00:00,0.0
2016-07-27 00:00:00,0.0
2016-07-27 01:00:00,0.0
2016-07-27 02:00:00,0.0
2016-07-27 03:00:00,0.0
2016-07-27 04:00:00,0.0
2016-07-27 05:00:00,10.38
2016-07-27 06:00:00,105.85
2016-07-27 07:00:00,254.3
2016-07-27 08:00:00,377.35
2016-07-27 09:00:00,438.12
2016-07-27 10:00:00,481.92
2016-07-27 11:00:00,761.65
2016-07-27 12:00:00,891.9
2016-07-27 13:00:00,786.33
2016-07-27 14:00:00,645.2
2016-07-27 15:00:00,392.75
2016-07-27 16:00:00,215.93
2016-07-27 17:00:00,47.83
2016-07-27 18:00:00,0.0
2016-07-27 19:00:00,0.0
2016-07-27 20:00:00,0.0
2016-07-27 21:00:00,0.0
2016-07-27 22:00:00,0.0
2016-07-27 23:00:00,0.0
2016-07-28 00:00:00,0.0
2016-07-28 01:00:00,0.0
2016-07-28 02:00:00,0.0
2016-07-28 03:00:00,0.0
2016-07-28 04:00:00,0.0
2016-07-28 05:00:00,10.82
2016-07-28 06:00:00,144.9
2016-07-28 07:00:00,366.5
2016-07-28 08:00:00,583.78
2016-07-28 09:00:00,756.42
2016-07-28 10:00:00,878.03
2016-07-28 11:00:00,939.55
2016-07-28 12:00:00,905.08
2016-07-28 13:00:00,829.7
2016-07-28 14:00:00,687.92
2016-07-28 15:00:00,492.05
2016-07-28 16:00:00,266.67
2016-07-28 17:00:00,62.58
2016-07-28 18:00:00,0.0
2016-07-28 19:00:00,0.0
2016-07-28 20:00:00,0.0
2016-07-28 21:00:00,0.0
2016-07-28 22:00:00,0.0
2016-07-28 23:00:00,0.0
2016-07-29 00:00:00,0.0
2016-07-29 01:00:00,0.0
2016-07-29 02:00:00,0.0
2016-07-29 03:00:00,0.0
2016-07-29 04:00:00,0.0
2016-07-29 05:00:00,5.3
2016-07-29 06:00:00,55.47
2016-07-29 07:00:00,120.6
2016-07-29 08:00:00,276.67
2016-07-29 09:00:00,402.67
2016-07-29 10:00:00,519.67
2016-07-29 11:00:00,687.38
2016-07-29 12:00:00,625.0
2016-07-29 13:00:00,524.92
2016-07-29 14:00:00,481.9
2016-07-29 15:00:00,417.4
2016-07-29 16:00:00,211.2
2016-07-29 17:00:00,45.15
2016-07-29 18:00:00,0.0
2016-07-29 19:00:00,0.0
2016-07-29 20:00:00,0.0
2016-07-29 21:00:00,0.0
2016-07-29 22:00:00,0.0
2016-07-29 23:00:00,0.0
2016-07-30 00:00:00,0.0
2016-07-30 01:00:00,0.0
2016-07-30 02:00:00,0.0
2016-07-30 03:00:00,0.0
2016-07-30 04:00:00,0.0
2016-07-30 05:00:00,2.55
2016-07-30 06:00:00,21.08
2016-07-30 07:00:00,71.43
2016-07-30 08:00:00,135.38
2016-07-30 09:00:00,225.55
2016-07-30 10:00:00,314.17
2016-07-30 11:00:00,380.58
2016-07-30 12:00:00,395.58
2016-07-30 13:00:00,357.85
2016-07-30 14:00:00,390.27
2016-07-30 15:00:00,307.17
2016-07-30 16:00:00,152.55
2016-07-30 17:00:00,33.8
2016-07-30 18:00:00,0.0
2016-07-30 19:00:00,0.0
2016-07-30 20:00:00,0.0
2016-07-30 21:00:00,0.0
2016-07-30 22:00:00,0.0
2016-07-30 23:00:00,0.0
2016-07-31 00:00:00,0.0
2016-07-31 01:00:00,0.0
2016-07-31 02:00:00,0.0
2016-07-31 03:00:00,0.0
2016-07-31 04:00:00,0.0
2016-07-31 05:00:00,8.93
2016-07-31 06:00:00,100.97
2016-07-31 07:00:00,260.67
2016-07-31 08:00:00,467.35
2016-07-31 09:00:00,672.83
2016-07-31 10:00:00,755.2
2016-07-31 11:00:00,807.55
2016-07-31 12:00:00,801.28
2016-07-31 13:00:00,705.28
2016-07-31 14:00:00,609.65
2016-07-31 15:00:00,397.05
2016-07-31 16:00:00,204.75
2016-07-31 17:00:00,44.12
2016-07-31 18:00:00,0.0
2016-07-31 19:00:00,0.0
2016-07-31 20:00:00,0.0
2016-07-31 21:00:00,0.0
2016-07-31 22:00:00,0.0
2016-07-31 23:00:00,0.0
2016-08-01 00:00:00,0.0
2016-08-01 01:00:00,0.0
2016-08-01 02:00:00,0.0
2016-08-01 03:00:00,0.0
2016-08-01 04:00:00,0.0
2016-08-01 05:00:00,4.47
2016-08-01 06:00:00,67.43
2016-08-01 07:00:00,167.68
2016-08-01 08:00:00,305.25
2016-08-01 09:00:00,440.42
2016-08-01 10:00:00,559.9
2016-08-01 11:00:00,653.67
2016-08-01 12:00:00,627.62
2016-08-01 13:00:00,550.75
2016-08-01 14:00:00,491.85
2016-08-01 15:00:00,352.0
2016-08-01 16:00:00,169.48
2016-08-01 17:00:00,34.0
2016-08-01 18:00:00,0.0
2016-08-01 19:00:00,0.0
2016-08-01 20:00:00,0.0
2016-08-01 21:00:00,0.0
2016-08-01 22:00:00,0.0
2016-08-01 23:00:00,0.0
2016-08-02 00:00:00,0.0
2016-08-02 01:00:00,0.0
2016-08-02 02:00:00,0.0
2016-08-02 03:00:00,0.0
2016-08-02 04:00:00,0.0
2016-08-02 05:00:00,9.75
2016-08-02 06:00:00,112.55
2016-08-02 07:00:00,289.25
2016-08-02 08:00:00,479.3
2016-08-02 09:00:00,622.17
2016-08-02 10:00:00,710.75
2016-08-02 11:00:00,819.78
2016-08-02 12:00:00,767.62
2016-08-02 13:00:00,652.42
2016-08-02 14:00:00,516.72
2016-08-02 15:00:00,335.02
2016-08-02 16:00:00,171.35
2016-08-02 17:00:00,35.35
2016-08-02 18:00:00,0.0
2016-08-02 19:00:00,0.0
2016-08-02 20:00:00,0.0
2016-08-02 21:00:00,0.0
2016-08-02 22:00:00,0.0
2016-08-02 23:00:00,0.0
2016-08-03 00:00:00,0.0
2016-08-03 01:00:00,0.0
2016-08-03 02:00:00,0.0
2016-08-03 03:00:00,0.0
2016-08-03 04:00:00,0.0
2016-08-03 05:00:00,10.12
2016-08-03 06:00:00,129.25
2016-08-03 07:00:00,329.45
2016-08-03 08:00:00,540.92
2016-08-03 09:00:00,730.0
2016-08-03 10:00:00,824.12
2016-08-03 11:00:00,885.53
2016-08-03 12:00:00,812.53
2016-08-03 13:00:00,661.42
2016-08-03 14:00:00,552.65
2016-08-03 15:00:00,320.25
2016-08-03 16:00:00,156.93
2016-08-03 17:00:00,35.9
2016-08-03 18:00:00,0.0
2016-08-03 19:00:00,0.0
2016-08-03 20:00:00,0.0
2016-08-03 21:00:00,0.0
2016-08-03 22:00:00,0.0
2016-08-03 23:00:00,0.0
2016-08-04 00:00:00,0.0
2016-08-04 01:00:00,0.0
2016-08-04 02:00:00,0.0
2016-08-04 03:00:00,0.0
2016-08-04 04:00:00,0.0
2016-08-04 05:00:00,7.38
2016-08-04 06:00:00,84.97
2016-08-04 07:00:00,241.98
2016-08-04 08:00:00,409.62
2016-08-04 09:00:00,608.2
2016-08-04 10:00:00,615.75
2016-08-04 11:00:00,600.75
2016-08-04 12:00:00,607.05
2016-08-04 13:00:00,571.12
2016-08-04 14:00:00,382.48
2016-08-04 15:00:00,262.35
2016-08-04 16:00:00,135.0
2016-08-04 17:00:00,25.38
2016-08-04 18:00:00,0.0
2016-08-04 19:00:00,0.0
2016-08-04 20:00:00,0.0
2016-08-04 21:00:00,0.0
2016-08-04 22:00:00,0.0
2016-08-04 23:00:00,0.0
2016-08-05 00:00:00,0.0
2016-08-05 01:00:00,0.0
2016-08-05 02:00:00,0.0
2016-08-05 03:00:00,0.0
2016-08-05 04:00:00,0.0
2016-08-05 05:00:00,6.22
2016-08-05 06:00:00,75.93
2016-08-05 07:00:00,204.02
2016-08-05 08:00:00,367.62
2016-08-05 09:00:00,542.58
2016-08-05 10:00:00,661.72
2016-08-05 11:00:00,723.05
2016-08-05 12:00:00,810.85
2016-08-05 13:00:00,708.05
2016-08-05 14:00:00,551.1
2016-08-05 15:00:00,376.9
2016-08-05 16:00:00,181.77
2016-08-05 17:00:00,36.8
2016-08-05 18:00:00,0.0
2016-08-05 19:00:00,0.0
2016-08-05 20:00:00,0.0
2016-08-05 21:00:00,0.0
2016-08-05 22:00:00,0.0
2016-08-05 23:00:00,0.0
2016-08-06 00:00:00,0.0
2016-08-06 01:00:00,0.0
2016-08-06 02:00:00,0.0
2016-08-06 03:00:00,0.0
2016-08-06 04:00:00,0.0
2016-08-06 05:00:00,8.75
2016-08-06 06:00:00,135.65
2016-08-06 07:00:00,351.65
2016-08-06 08:00:00,561.75
2016-08-06 09:00:00,779.95
2016-08-06 10:00:00,818.65
2016-08-06 11:00:00,918.05
2016-08-06 12:00:00,853.45
2016-08-06 13:00:00,741.92
2016-08-06 14:00:00,618.47
2016-08-06 15:00:00,407.85
2016-08-06 16:00:00,209.7
2016-08-06 17:00:00,44.72
2016-08-06 18:00:00,0.0
2016-08-06 19:00:00,0.0
2016-08-06 20:00:00,0.0
2016-08-06 21:00:00,0.0
2016-08-06 22:00:00,0.0
2016-08-06 23:00:00,0.0
2016-08-07 00:00:00,0.0
2016-08-07 01:00:00,0.0
2016-08-07 02:00:00,0.0
2016-08-07 03:00:00,0.0
2016-08-07 04:00:00,0.0
2016-08-07 05:00:00,9.65
2016-08-07 06:00:00,142.6
2016-08-07 07:00:00,361.38
2016-08-07 08:00:00,592.8
2016-08-07 09:00:00,741.17
2016-08-07 10:00:00,839.53
2016-08-07 11:00:00,938.17
2016-08-07 12:00:00,908.58
2016-08-07 13:00:00,784.15
2016-08-07 14:00:00,615.47
2016-08-07 15:00:00,422.85
2016-08-07 16:00:00,195.82
2016-08-07 17:00:00,41.38
2016-08-07 18:00:00,0.0
2016-08-07 19:00:00,0.0
2016-08-07 20:00:00,0.0
2016-08-07 21:00:00,0.0
2016-08-07 22:00:00,0.0
2016-08-07 23:00:00,0.0
2016-08-08 00:00:00,0.0
2016-08-08 01:00:00,0.0
2016-08-08 02:00:00,0.0
2016-08-08 03:00:00,0.0
2016-08-08 04:00:00,0.0
2016-08-08 05:00:00,7.9
2016-08-08 06:00:00,133.7
2016-08-08 07:00:00,357.75
2016-08-08 08:00:00,597.6
2016-08-08 09:00:00,764.4
2016-08-08 10:00:00,896.08
2016-08-08 11:00:00,942.38
2016-08-08 12:00:00,910.28
2016-08-08 13:00:00,777.2
2016-08-08 14:00:00,620.15
2016-08-08 15:00:00,417.9
2016-08-08 16:00:00,217.38
2016-08-08 17:00:00,43.8
2016-08-08 18:00:00,0.0
2016-08-08 19:00:00,0.0
2016-08-08 20:00:00,0.0
2016-08-08 21:00:00,0.0
2016-08-08 22:00:00,0.0
2016-08-08 23:00:00,0.0
2016-08-09 00:00:00,0.0
2016-08-09 01:00:00,0.0
2016-08-09 02:00:00,0.0
2016-08-09 03:00:00,0.0
2016-08-09 04:00:00,0.0
2016-08-09 05:00:00,10.1
2016-08-09 06:00:00,145.9
2016-08-09 07:00:00,362.02
2016-08-09 08:00:00,581.85
2016-08-09 09:00:00,759.95
2016-08-09 10:00:00,878.08
2016-08-09 11:00:00,915.0
2016-08-09 12:00:00,806.5
2016-08-09 13:00:00,754.28
2016-08-09 14:00:00,600.45
2016-08-09 15:00:00,363.75
2016-08-09 16:00:00,185.18
2016-08-09 17:00:00,39.45
2016-08-09 18:00:00,0.0
2016-08-09 19:00:00,0.0
2016-08-09 20:00:00,0.0
2016-08-09 21:00:00,0.0
2016-08-09 22:00:00,0.0
2016-08-09 23:00:00,0.0
2016-08-10 00:00:00,0.0
2016-08-10 01:00:00,0.0
2016-08-10 02:00:00,0.0
2016-08-10 03:00:00,0.0
2016-08-10 04:00:00,0.0
2016-08-10 05:00:00,9.85
2016-08-10 06:00:00,146.7
2016-08-10 07:00:00,370.45
2016-08-10 08:00:00,577.95
2016-08-10 09:00:00,761.2
2016-08-10 10:00:00,877.25
2016-08-10 11:00:00,952.92
2016-08-10 12:00:00,920.95
2016-08-10 13:00:00,782.15
2016-08-10 14:00:00,663.1
2016-08-10 15:00:00,462.62
2016-08-10 16:00:00,224.2
2016-08-10 17:00:00,43.25
2016-08-10 18:00:00,0.0
2016-08-10 19:00:00,0.0
2016-08-10 20:00:00,0.0
2016-08-10 21:00:00,0.0
2016-08-10 22:00:00,0.0
2016-08-10 23:00:00,0.0
2016-08-11 00:00:00,0.0
2016-08-11 01:00:00,0.0
2016-08-11 02:00:00,0.0
2016-08-11 03:00:00,0.0
2016-08-11 04:00:00,0.0
2016-08-11 05:00:00,7.65
2016-08-11 06:00:00,121.22
2016-08-11 07:00:00,319.85
2016-08-11 08:00:00,557.12
2016-08-11 09:00:00,725.72
2016-08-11 10:00:00,853.33
2016-08-11 11:00:00,904.88
2016-08-11 12:00:00,859.78
2016-08-11 13:00:00,766.53
2016-08-11 14:00:00,626.15
2016-08-11 15:00:00,421.02
2016-08-11 16:00:00,206.82
2016-08-11 17:00:00,39.67
2016-08-11 18:00:00,0.0
2016-08-11 19:00:00,0.0
2016-08-11 20:00:00,0.0
2016-08-11 21:00:00,0.0
2016-08-11 22:00:00,0.0
2016-08-11 23:00:00,0.0
2016-08-12 00:00:00,0.0
2016-08-12 01:00:00,0.0
2016-08-12 02:00:00,0.0
2016-08-12 03:00:00,0.0
2016-08-12 04:00:00,0.0
2016-08-12 05:00:00,9.23
2016-08-12 06:00:00,135.68
2016-08-12 07:00:00,357.0
2016-08-12 08:00:00,578.72
2016-08-12 09:00:00,540.58
2016-08-12 10:00:00,786.85
2016-08-12 11:00:00,898.22
2016-08-12 12:00:00,860.55
2016-08-12 13:00:00,726.6
2016-08-12 14:00:00,576.17
2016-08-12 15:00:00,408.6
2016-08-12 16:00:00,209.85
2016-08-12 17:00:00,44.17
2016-08-12 18:00:00,0.0
2016-08-12 19:00:00,0.0
2016-08-12 20:00:00,0.0
2016-08-12 21:00:00,0.0
2016-08-12 22:00:00,0.0
2016-08-12 23:00:00,0.0
2016-08-13 00:00:00,0.0
2016-08-13 01:00:00,0.0
2016-08-13 02:00:00,0.0
2016-08-13 03:00:00,0.0
2016-08-13 04:00:00,0.0
2016-08-13 05:00:00,9.3
2016-08-13 06:00:00,130.77
2016-08-13 07:00:00,332.1
2016-08-13 08:00:00,553.5
2016-08-13 09:00:00,724.12
2016-08-13 10:00:00,833.72
2016-08-13 11:00:00,884.95
2016-08-13 12:00:00,814.45
2016-08-13 13:00:00,685.85
2016-08-13 14:00:00,565.65
2016-08-13 15:00:00,378.62
2016-08-13 16:00:00,190.45
2016-08-13 17:00:00,37.8
2016-08-13 18:00:00,0.0
2016-08-13 19:00:00,0.0
2016-08-13 20:00:00,0.0
2016-08-13 21:00:00,0.0
2016-08-13 22:00:00,0.0
2016-08-13 23:00:00,0.0
2016-08-14 00:00:00,0.0
2016-08-14 01:00:00,0.0
2016-08-14 02:00:00,0.0
2016-08-14 03:00:00,0.0
2016-08-14 04:00:00,0.0
2016-08-14 05:00:00,8.1
2016-08-14 06:00:00,99.45
2016-08-14 07:00:00,254.55
2016-08-14 08:00:00,436.08
2016-08-14 09:00:00,672.38
2016-08-14 10:00:00,803.95
2016-08-14 11:00:00,903.28
2016-08-14 12:00:00,852.97
2016-08-14 13:00:00,717.17
2016-08-14 14:00:00,574.5
2016-08-14 15:00:00,406.55
2016-08-14 16:00:00,196.95
2016-08-14 17:00:00,34.85
2016-08-14 18:00:00,0.0
2016-08-14 19:00:00,0.0
2016-08-14 20:00:00,0.0
2016-08-14 21:00:00,0.0
2016-08-14 22:00:00,0.0
2016-08-14 23:00:00,0.0
2016-08-15 00:00:00,0.0
2016-08-15 01:00:00,0.0
2016-08-15 02:00:00,0.0
2016-08-15 03:00:00,0.0
2016-08-15 04:00:00,0.0
2016-08-15 05:00:00,8.4
2016-08-15 06:00:00,131.57
2016-08-15 07:00:00,350.08
2016-08-15 08:00:00,582.05
2016-08-15 09:00:00,707.62
2016-08-15 10:00:00,891.92
2016-08-15 11:00:00,930.35
2016-08-15 12:00:00,886.2
2016-08-15 13:00:00,757.25
2016-08-15 14:00:00,588.6
2016-08-15 15:00:00,403.85
2016-08-15 16:00:00,182.82
2016-08-15 17:00:00,33.1
2016-08-15 18:00:00,0.0
2016-08-15 19:00:00,0.0
2016-08-15 20:00:00,0.0
2016-08-15 21:00:00,0.0
2016-08-15 22:00:00,0.0
2016-08-15 23:00:00,0.0
2016-08-16 00:00:00,0.0
2016-08-16 01:00:00,0.0
2016-08-16 02:00:00,0.0
2016-08-16 03:00:00,0.0
2016-08-16 04:00:00,0.0
2016-08-16 05:00:00,9.23
2016-08-16 06:00:00,136.25
2016-08-16 07:00:00,349.3
2016-08-16 08:00:00,561.53
2016-08-16 09:00:00,740.05
2016-08-16 10:00:00,851.78
2016-08-16 11:00:00,882.92
2016-08-16 12:00:00,800.92
2016-08-16 13:00:00,662.65
2016-08-16 14:00:00,506.58
2016-08-16 15:00:00,328.08
2016-08-16 16:00:00,153.82
2016-08-16 17:00:00,28.52
2016-08-16 18:00:00,0.0
2016-08-16 19:00:00,0.0
2016-08-16 20:00:00,0.0
2016-08-16 21:00:00,0.0
2016-08-16 22:00:00,0.0
2016-08-16 23:00:00,0.0
2016-08-17 00:00:00,0.0
2016-08-17 01:00:00,0.0
2016-08-17 02:00:00,0.0
2016-08-17 03:00:00,0.0
2016-08-17 04:00:00,0.0
2016-08-17 05:00:00,9.18
2016-08-17 06:00:00,121.9
2016-08-17 07:00:00,309.48
2016-08-17 08:00:00,518.88
2016-08-17 09:00:00,659.17
2016-08-17 10:00:00,787.17
2016-08-17 11:00:00,826.2
2016-08-17 12:00:00,817.95
2016-08-17 13:00:00,699.53
2016-08-17 14:00:00,584.58
2016-08-17 15:00:00,386.25
2016-08-17 16:00:00,188.12
2016-08-17 17:00:00,34.9
2016-08-17 18:00:00,0.0
2016-08-17 19:00:00,0.0
2016-08-17 20:00:00,0.0
2016-08-17 21:00:00,0.0
2016-08-17 22:00:00,0.0
2016-08-17 23:00:00,0.0
2016-08-18 00:00:00,0.0
2016-08-18 01:00:00,0.0
2016-08-18 02:00:00,0.0
2016-08-18 03:00:00,0.0
2016-08-18 04:00:00,0.0
2016-08-18 05:00:00,9.38
2016-08-18 06:00:00,139.9
2016-08-18 07:00:00,360.27
2016-08-18 08:00:00,582.08
2016-08-18 09:00:00,767.78
2016-08-18 10:00:00,882.7
2016-08-18 11:00:00,944.58
2016-08-18 12:00:00,824.53
2016-08-18 13:00:00,724.42
2016-08-18 14:00:00,611.72
2016-08-18 15:00:00,424.5
2016-08-18 16:00:00,201.95
2016-08-18 17:00:00,34.4
2016-08-18 18:00:00,0.0
2016-08-18 19:00:00,0.0
2016-08-18 20:00:00,0.0
2016-08-18 21:00:00,0.0
2016-08-18 22:00:00,0.0
2016-08-18 23:00:00,0.0
2016-08-19 00:00:00,0.0
2016-08-19 01:00:00,0.0
2016-08-19 02:00:00,0.0
2016-08-19 03:00:00,0.0
2016-08-19 04:00:00,0.0
2016-08-19 05:00:00,8.8
2016-08-19 06:00:00,133.73
2016-08-19 07:00:00,356.7
2016-08-19 08:00:00,570.88
2016-08-19 09:00:00,678.17
2016-08-19 10:00:00,845.7
2016-08-19 11:00:00,947.62
2016-08-19 12:00:00,915.45
2016-08-19 13:00:00,779.0
2016-08-19 14:00:00,661.7
2016-08-19 15:00:00,463.55
2016-08-19 16:00:00,225.98
2016-08-19 17:00:00,39.03
2016-08-19 18:00:00,0.0
2016-08-19 19:00:00,0.0
2016-08-19 20:00:00,0.0
2016-08-19 21:00:00,0.0
2016-08-19 22:00:00,0.0
2016-08-19 23:00:00,0.0
2016-08-20 00:00:00,0.0
2016-08-20 01:00:00,0.0
2016-08-20 02:00:00,0.0
2016-08-20 03:00:00,0.0
2016-08-20 04:00:00,0.0
2016-08-20 05:00:00,7.1
2016-08-20 06:00:00,100.97
2016-08-20 07:00:00,276.73
2016-08-20 08:00:00,549.47
2016-08-20 09:00:00,727.75
2016-08-20 10:00:00,865.58
2016-08-20 11:00:00,931.62
2016-08-20 12:00:00,911.55
2016-08-20 13:00:00,770.12
2016-08-20 14:00:00,594.58
2016-08-20 15:00:00,432.38
2016-08-20 16:00:00,210.88
2016-08-20 17:00:00,35.25
2016-08-20 18:00:00,0.0
2016-08-20 19:00:00,0.0
2016-08-20 20:00:00,0.0
2016-08-20 21:00:00,0.0
2016-08-20 22:00:00,0.0
2016-08-20 23:00:00,0.0
2016-08-21 00:00:00,0.0
2016-08-21 01:00:00,0.0
2016-08-21 02:00:00,0.0
2016-08-21 03:00:00,0.0
2016-08-21 04:00:00,0.0
2016-08-21 05:00:00,7.5
2016-08-21 06:00:00,96.78
2016-08-21 07:00:00,256.55
2016-08-21 08:00:00,417.48
2016-08-21 09:00:00,603.62
2016-08-21 10:00:00,633.35
2016-08-21 11:00:00,674.8
2016-08-21 12:00:00,631.45
2016-08-21 13:00:00,469.27
2016-08-21 14:00:00,376.8
2016-08-21 15:00:00,316.33
2016-08-21 16:00:00,153.88
2016-08-21 17:00:00,29.02
2016-08-21 18:00:00,0.0
2016-08-21 19:00:00,0.0
2016-08-21 20:00:00,0.0
2016-08-21 21:00:00,0.0
2016-08-21 22:00:00,0.0
2016-08-21 23:00:00,0.0
2016-08-22 00:00:00,0.0
2016-08-22 01:00:00,0.0
2016-08-22 02:00:00,0.0
2016-08-22 03:00:00,0.0
2016-08-22 04:00:00,0.0
2016-08-22 05:00:00,7.03
2016-08-22 06:00:00,101.68
2016-08-22 07:00:00,272.65
2016-08-22 08:00:00,501.88
2016-08-22 09:00:00,648.85
2016-08-22 10:00:00,777.62
2016-08-22 11:00:00,884.92
2016-08-22 12:00:00,807.83
2016-08-22 13:00:00,687.17
2016-08-22 14:00:00,567.9
2016-08-22 15:00:00,396.92
2016-08-22 16:00:00,191.43
2016-08-22 17:00:00,31.33
2016-08-22 18:00:00,0.0
2016-08-22 19:00:00,0.0
2016-08-22 20:00:00,0.0
2016-08-22 21:00:00,0.0
2016-08-22 22:00:00,0.0
2016-08-22 23:00:00,0.0
2016-08-23 00:00:00,0.0
2016-08-23 01:00:00,0.0
2016-08-23 02:00:00,0.0
2016-08-23 03:00:00,0.0
2016-08-23 04:00:00,0.0
2016-08-23 05:00:00,6.88
2016-08-23 06:00:00,86.4
2016-08-23 07:00:00,218.95
2016-08-23 08:00:00,367.52
2016-08-23 09:00:00,465.73
2016-08-23 10:00:00,551.58
2016-08-23 11:00:00,793.25
2016-08-23 12:00:00,789.7
2016-08-23 13:00:00,732.9
2016-08-23 14:00:00,578.45
2016-08-23 15:00:00,380.48
2016-08-23 16:00:00,175.95
2016-08-23 17:00:00,29.25
2016-08-23 18:00:00,0.0
2016-08-23 19:00:00,0.0
2016-08-23 20:00:00,0.0
2016-08-23 21:00:00,0.0
2016-08-23 22:00:00,0.0
2016-08-23 23:00:00,0.0
2016-08-24 00:00:00,0.0
2016-08-24 01:00:00,0.0
2016-08-24 02:00:00,0.0
2016-08-24 03:00:00,0.0
2016-08-24 04:00:00,0.0
2016-08-24 05:00:00,8.05
2016-08-24 06:00:00,121.3
2016-08-24 07:00:00,331.02
2016-08-24 08:00:00,560.03
2016-08-24 09:00:00,726.92
2016-08-24 10:00:00,867.08
2016-08-24 11:00:00,945.12
2016-08-24 12:00:00,913.75
2016-08-24 13:00:00,738.62
2016-08-24 14:00:00,652.72
2016-08-24 15:00:00,433.98
2016-08-24 16:00:00,208.2
2016-08-24 17:00:00,30.92
2016-08-24 18:00:00,0.0
2016-08-24 19:00:00,0.0
2016-08-24 20:00:00,0.0
2016-08-24 21:00:00,0.0
2016-08-24 22:00:00,0.0
2016-08-24 23:00:00,0.0
2016-08-25 00:00:00,0.0
2016-08-25 01:00:00,0.0
2016-08-25 02:00:00,0.0
2016-08-25 03:00:00,0.0
2016-08-25 04:00:00,0.0
2016-08-25 05:00:00,5.9
2016-08-25 06:00:00,71.4
2016-08-25 07:00:00,164.95
2016-08-25 08:00:00,162.12
2016-08-25 09:00:00,185.75
2016-08-25 10:00:00,218.0
2016-08-25 11:00:00,477.5
2016-08-25 12:00:00,494.95
2016-08-25 13:00:00,360.35
2016-08-25 14:00:00,415.0
2016-08-25 15:00:00,267.65
2016-08-25 16:00:00,114.6
2016-08-25 17:00:00,15.3
2016-08-25 18:00:00,0.0
2016-08-25 19:00:00,0.0
2016-08-25 20:00:00,0.0
2016-08-25 21:00:00,0.0
2016-08-25 22:00:00,0.0
2016-08-25 23:00:00,0.0
2016-08-26 00:00:00,0.0
2016-08-26 01:00:00,0.0
2016-08-26 02:00:00,0.0
2016-08-26 03:00:00,0.0
2016-08-26 04:00:00,0.0
2016-08-26 05:00:00,6.2
2016-08-26 06:00:00,75.9
2016-08-26 07:00:00,180.0
2016-08-26 08:00:00,96.97
2016-08-26 09:00:00,184.45
2016-08-26 10:00:00,276.38
2016-08-26 11:00:00,242.7
2016-08-26 12:00:00,260.12
2016-08-26 13:00:00,205.12
2016-08-26 14:00:00,180.2
2016-08-26 15:00:00,91.15
2016-08-26 16:00:00,56.42
2016-08-26 17:00:00,10.43
2016-08-26 18:00:00,0.0
2016-08-26 19:00:00,0.0
2016-08-26 20:00:00,0.0
2016-08-26 21:00:00,0.0
2016-08-26 22:00:00,0.0
2016-08-26 23:00:00,0.0
2016-08-27 00:00:00,0.0
2016-08-27 01:00:00,0.0
2016-08-27 02:00:00,0.0
2016-08-27 03:00:00,0.0
2016-08-27 04:00:00,0.0
2016-08-27 05:00:00,4.75
2016-08-27 06:00:00,48.15
2016-08-27 07:00:00,131.77
2016-08-27 08:00:00,259.85
2016-08-27 09:00:00,442.33
2016-08-27 10:00:00,553.2
2016-08-27 11:00:00,361.9
2016-08-27 12:00:00,313.58
2016-08-27 13:00:00,196.02
2016-08-27 14:00:00,161.32
2016-08-27 15:00:00,95.95
2016-08-27 16:00:00,90.32
2016-08-27 17:00:00,14.35
2016-08-27 18:00:00,0.0
2016-08-27 19:00:00,0.0
2016-08-27 20:00:00,0.0
2016-08-27 21:00:00,0.0
2016-08-27 22:00:00,0.0
2016-08-27 23:00:00,0.0
2016-08-28 00:00:00,0.0
2016-08-28 01:00:00,0.0
2016-08-28 02:00:00,0.0
2016-08-28 03:00:00,0.0
2016-08-28 04:00:00,0.0
2016-08-28 05:00:00,6.55
2016-08-28 06:00:00,78.45
2016-08-28 07:00:00,204.15
2016-08-28 08:00:00,350.62
2016-08-28 09:00:00,513.22
2016-08-28 10:00:00,637.9
2016-08-28 11:00:00,723.5
2016-08-28 12:00:00,750.1
2016-08-28 13:00:00,682.75
2016-08-28 14:00:00,597.9
2016-08-28 15:00:00,350.95
2016-08-28 16:00:00,174.98
2016-08-28 17:00:00,29.45
2016-08-28 18:00:00,0.0
2016-08-28 19:00:00,0.0
2016-08-28 20:00:00,0.0
2016-08-28 21:00:00,0.0
2016-08-28 22:00:00,0.0
2016-08-28 23:00:00,0.0
2016-08-29 00:00:00,0.0
2016-08-29 01:00:00,0.0
2016-08-29 02:00:00,0.0
2016-08-29 03:00:00,0.0
2016-08-29 04:00:00,0.0
2016-08-29 05:00:00,8.5
2016-08-29 06:00:00,119.6
2016-08-29 07:00:00,310.5
2016-08-29 08:00:00,500.58
2016-08-29 09:00:00,656.88
2016-08-29 10:00:00,637.95
2016-08-29 11:00:00,756.75
2016-08-29 12:00:00,730.1
2016-08-29 13:00:00,555.33
2016-08-29 14:00:00,423.6
2016-08-29 15:00:00,278.65
2016-08-29 16:00:00,132.15
2016-08-29 17:00:00,20.8
2016-08-29 18:00:00,0.0
2016-08-29 19:00:00,0.0
2016-08-29 20:00:00,0.0
2016-08-29 21:00:00,0.0
2016-08-29 22:00:00,0.0
2016-08-29 23:00:00,0.0
2016-08-30 00:00:00,0.0
2016-08-30 01:00:00,0.0
2016-08-30 02:00:00,0.0
2016-08-30 03:00:00,0.0
2016-08-30 04:00:00,0.0
2016-08-30 05:00:00,6.95
2016-08-30 06:00:00,110.2
2016-08-30 07:00:00,296.15
2016-08-30 08:00:00,495.65
2016-08-30 09:00:00,611.7
2016-08-30 10:00:00,654.4
2016-08-30 11:00:00,681.2
2016-08-30 12:00:00,545.78
2016-08-30 13:00:00,462.15
2016-08-30 14:00:00,371.3
2016-08-30 15:00:00,235.23
2016-08-30 16:00:00,101.97
2016-08-30 17:00:00,13.0
2016-08-30 18:00:00,0.0
2016-08-30 19:00:00,0.0
2016-08-30 20:00:00,0.0
2016-08-30 21:00:00,0.0
2016-08-30 22:00:00,0.0
2016-08-30 23:00:00,0.0
2016-08-31 00:00:00,0.0
2016-08-31 01:00:00,0.0
2016-08-31 02:00:00,0.0
2016-08-31 03:00:00,0.0
2016-08-31 04:00:00,0.0
2016-08-31 05:00:00,2.0
2016-08-31 06:00:00,32.25
2016-08-31 07:00:00,103.82
2016-08-31 08:00:00,233.9
2016-08-31 09:00:00,345.17
2016-08-31 10:00:00,450.85
2016-08-31 11:00:00,517.85
2016-08-31 12:00:00,465.4
2016-08-31 13:00:00,454.65
2016-08-31 14:00:00,390.4
2016-08-31 15:00:00,240.57
2016-08-31 16:00:00,104.72
2016-08-31 17:00:00,14.93
2016-08-31 18:00:00,0.0
2016-08-31 19:00:00,0.0
2016-08-31 20:00:00,0.0
2016-08-31 21:00:00,0.0
2016-08-31 22:00:00,0.0
2016-08-31 23:00:00,0.0
2016-09-01 00:00:00,0.0
2016-09-01 01:00:00,0.0
2016-09-01 02:00:00,0.0
2016-09-01 03:00:00,0.0
2016-09-01 04:00:00,0.0
2016-09-01 05:00:00,7.82
2016-09-01 06:00:00,105.1
2016-09-01 07:00:00,257.38
2016-09-01 08:00:00,481.33
2016-09-01 09:00:00,648.5
2016-09-01 10:00:00,777.62
2016-09-01 11:00:00,840.58
2016-09-01 12:00:00,702.62
2016-09-01 13:00:00,565.33
2016-09-01 14:00:00,551.6
2016-09-01 15:00:00,359.85
2016-09-01 16:00:00,165.48
2016-09-01 17:00:00,22.77
2016-09-01 18:00:00,0.0
2016-09-01 19:00:00,0.0
2016-09-01 20:00:00,0.0
2016-09-01 21:00:00,0.0
2016-09-01 22:00:00,0.0
2016-09-01 23:00:00,0.0
2016-09-02 00:00:00,0.0
2016-09-02 01:00:00,0.0
2016-09-02 02:00:00,0.0
2016-09-02 03:00:00,0.0
2016-09-02 04:00:00,0.0
2016-09-02 05:00:00,6.07
2016-09-02 06:00:00,83.53
2016-09-02 07:00:00,213.65
2016-09-02 08:00:00,391.8
2016-09-02 09:00:00,501.7
2016-09-02 10:00:00,643.33
2016-09-02 11:00:00,789.78
2016-09-02 12:00:00,804.8
2016-09-02 13:00:00,698.85
2016-09-02 14:00:00,596.0
2016-09-02 15:00:00,385.23
2016-09-02 16:00:00,169.65
2016-09-02 17:00:00,22.45
2016-09-02 18:00:00,0.0
2016-09-02 19:00:00,0.0
2016-09-02 20:00:00,0.0
2016-09-02 21:00:00,0.0
2016-09-02 22:00:00,0.0
2016-09-02 23:00:00,0.0
2016-09-03 00:00:00,0.0
2016-09-03 01:00:00,0.0
2016-09-03 02:00:00,0.0
2016-09-03 03:00:00,0.0
2016-09-03 04:00:00,0.0
2016-09-03 05:00:00,8.32
2016-09-03 06:00:00,127.55
2016-09-03 07:00:00,328.33
2016-09-03 08:00:00,517.95
2016-09-03 09:00:00,696.67
2016-09-03 10:00:00,784.97
2016-09-03 11:00:00,845.92
2016-09-03 12:00:00,737.62
2016-09-03 13:00:00,666.92
2016-09-03 14:00:00,482.52
2016-09-03 15:00:00,297.52
2016-09-03 16:00:00,126.68
2016-09-03 17:00:00,16.4
2016-09-03 18:00:00,0.0
2016-09-03 19:00:00,0.0
2016-09-03 20:00:00,0.0
2016-09-03 21:00:00,0.0
2016-09-03 22:00:00,0.0
2016-09-03 23:00:00,0.0
2016-09-04 00:00:00,0.0
2016-09-04 01:00:00,0.0
2016-09-04 02:00:00,0.0
2016-09-04 03:00:00,0.0
2016-09-04 04:00:00,0.0
2016-09-04 05:00:00,1.83
2016-09-04 06:00:00,27.48
2016-09-04 07:00:00,78.9
2016-09-04 08:00:00,168.85
2016-09-04 09:00:00,304.67
2016-09-04 10:00:00,443.08
2016-09-04 11:00:00,691.03
2016-09-04 12:00:00,817.9
2016-09-04 13:00:00,657.95
2016-09-04 14:00:00,566.53
2016-09-04 15:00:00,350.83
2016-09-04 16:00:00,158.15
2016-09-04 17:00:00,21.77
2016-09-04 18:00:00,0.0
2016-09-04 19:00:00,0.0
2016-09-04 20:00:00,0.0
2016-09-04 21:00:00,0.0
2016-09-04 22:00:00,0.0
2016-09-04 23:00:00,0.0
2016-09-05 00:00:00,0.0
2016-09-05 01:00:00,0.0
2016-09-05 02:00:00,0.0
2016-09-05 03:00:00,0.0
2016-09-05 04:00:00,0.0
2016-09-05 05:00:00,6.2
2016-09-05 06:00:00,92.95
2016-09-05 07:00:00,252.4
2016-09-05 08:00:00,452.3
2016-09-05 09:00:00,592.55
2016-09-05 10:00:00,699.7
2016-09-05 11:00:00,768.78
2016-09-05 12:00:00,704.03
2016-09-05 13:00:00,581.4
2016-09-05 14:00:00,475.48
2016-09-05 15:00:00,270.25
2016-09-05 16:00:00,123.3
2016-09-05 17:00:00,14.23
2016-09-05 18:00:00,0.0
2016-09-05 19:00:00,0.0
2016-09-05 20:00:00,0.0
2016-09-05 21:00:00,0.0
2016-09-05 22:00:00,0.0
2016-09-05 23:00:00,0.0
2016-09-06 00:00:00,0.0
2016-09-06 01:00:00,0.0
2016-09-06 02:00:00,0.0
2016-09-06 03:00:00,0.0
2016-09-06 04:00:00,0.0
2016-09-06 05:00:00,8.95
2016-09-06 06:00:00,124.93
2016-09-06 07:00:00,318.42
2016-09-06 08:00:00,537.1
2016-09-06 09:00:00,692.1
2016-09-06 10:00:00,809.88
2016-09-06 11:00:00,847.4
2016-09-06 12:00:00,775.67
2016-09-06 13:00:00,617.9
2016-09-06 14:00:00,610.6
2016-09-06 15:00:00,394.38
2016-09-06 16:00:00,167.65
2016-09-06 17:00:00,18.2
2016-09-06 18:00:00,0.0
2016-09-06 19:00:00,0.0
2016-09-06 20:00:00,0.0
2016-09-06 21:00:00,0.0
2016-09-06 22:00:00,0.0
2016-09-06 23:00:00,0.0
2016-09-07 00:00:00,0.0
2016-09-07 01:00:00,0.0
2016-09-07 02:00:00,0.0
2016-09-07 03:00:00,0.0
2016-09-07 04:00:00,0.0
2016-09-07 05:00:00,9.18
2016-09-07 06:00:00,143.4
2016-09-07 07:00:00,374.42
2016-09-07 08:00:00,631.28
2016-09-07 09:00:00,781.22
2016-09-07 10:00:00,850.3
2016-09-07 11:00:00,970.88
2016-09-07 12:00:00,932.62
2016-09-07 13:00:00,829.42
2016-09-07 14:00:00,632.08
2016-09-07 15:00:00,407.0
2016-09-07 16:00:00,178.95
2016-09-07 17:00:00,19.33
2016-09-07 18:00:00,0.0
2016-09-07 19:00:00,0.0
2016-09-07 20:00:00,0.0
2016-09-07 21:00:00,0.0
2016-09-07 22:00:00,0.0
2016-09-07 23:00:00,0.0
2016-09-08 00:00:00,0.0
2016-09-08 01:00:00,0.0
2016-09-08 02:00:00,0.0
2016-09-08 03:00:00,0.0
2016-09-08 04:00:00,0.0
2016-09-08 05:00:00,8.3
2016-09-08 06:00:00,128.95
2016-09-08 07:00:00,346.83
2016-09-08 08:00:00,580.3
2016-09-08 09:00:00,720.35
2016-09-08 10:00:00,849.42
2016-09-08 11:00:00,904.17
2016-09-08 12:00:00,847.6
2016-09-08 13:00:00,776.55
2016-09-08 14:00:00,549.35
2016-09-08 15:00:00,346.45
2016-09-08 16:00:00,154.05
2016-09-08 17:00:00,18.55
2016-09-08 18:00:00,0.0
2016-09-08 19:00:00,0.0
2016-09-08 20:00:00,0.0
2016-09-08 21:00:00,0.0
2016-09-08 22:00:00,0.0
2016-09-08 23:00:00,0.0
2016-09-09 00:00:00,0.0
2016-09-09 01:00:00,0.0
2016-09-09 02:00:00,0.0
2016-09-09 03:00:00,0.0
2016-09-09 04:00:00,0.0
2016-09-09 05:00:00,8.07
2016-09-09 06:00:00,120.1
2016-09-09 07:00:00,321.5
2016-09-09 08:00:00,535.35
2016-09-09 09:00:00,713.17
2016-09-09 10:00:00,812.55
2016-09-09 11:00:00,849.2
2016-09-09 12:00:00,820.28
2016-09-09 13:00:00,701.45
2016-09-09 14:00:00,595.62
2016-09-09 15:00:00,374.17
2016-09-09 16:00:00,156.35
2016-09-09 17:00:00,16.58
2016-09-09 18:00:00,0.0
2016-09-09 19:00:00,0.0
2016-09-09 20:00:00,0.0
2016-09-09 21:00:00,0.0
2016-09-09 22:00:00,0.0
2016-09-09 23:00:00,0.0
2016-09-10 00:00:00,0.0
2016-09-10 01:00:00,0.0
2016-09-10 02:00:00,0.0
2016-09-10 03:00:00,0.0
2016-09-10 04:00:00,0.0
2016-09-10 05:00:00,7.62
2016-09-10 06:00:00,102.2
2016-09-10 07:00:00,262.45
2016-09-10 08:00:00,438.6
2016-09-10 09:00:00,612.17
2016-09-10 10:00:00,793.65
2016-09-10 11:00:00,850.47
2016-09-10 12:00:00,715.55
2016-09-10 13:00:00,696.72
2016-09-10 14:00:00,545.47
2016-09-10 15:00:00,338.17
2016-09-10 16:00:00,140.85
2016-09-10 17:00:00,14.62
2016-09-10 18:00:00,0.0
2016-09-10 19:00:00,0.0
2016-09-10 20:00:00,0.0
2016-09-10 21:00:00,0.0
2016-09-10 22:00:00,0.0
2016-09-10 23:00:00,0.0
2016-09-11 00:00:00,0.0
2016-09-11 01:00:00,0.0
2016-09-11 02:00:00,0.0
2016-09-11 03:00:00,0.0
2016-09-11 04:00:00,0.0
2016-09-11 05:00:00,4.03
2016-09-11 06:00:00,55.08
2016-09-11 07:00:00,138.45
2016-09-11 08:00:00,240.45
2016-09-11 09:00:00,366.0
2016-09-11 10:00:00,485.08
2016-09-11 11:00:00,426.33
2016-09-11 12:00:00,355.12
2016-09-11 13:00:00,283.8
2016-09-11 14:00:00,261.7
2016-09-11 15:00:00,155.73
2016-09-11 16:00:00,78.47
2016-09-11 17:00:00,8.73
2016-09-11 18:00:00,0.0
2016-09-11 19:00:00,0.0
2016-09-11 20:00:00,0.0
2016-09-11 21:00:00,0.0
2016-09-11 22:00:00,0.0
2016-09-11 23:00:00,0.0
2016-09-12 00:00:00,0.0
2016-09-12 01:00:00,0.0
2016-09-12 02:00:00,0.0
2016-09-12 03:00:00,0.0
2016-09-12 04:00:00,0.0
2016-09-12 05:00:00,5.97
2016-09-12 06:00:00,65.53
2016-09-12 07:00:00,171.23
2016-09-12 08:00:00,243.3
2016-09-12 09:00:00,224.32
2016-09-12 10:00:00,303.02
2016-09-12 11:00:00,357.02
2016-09-12 12:00:00,310.62
2016-09-12 13:00:00,258.58
2016-09-12 14:00:00,208.18
2016-09-12 15:00:00,129.8
2016-09-12 16:00:00,67.75
2016-09-12 17:00:00,7.53
2016-09-12 18:00:00,0.0
2016-09-12 19:00:00,0.0
2016-09-12 20:00:00,0.0
2016-09-12 21:00:00,0.0
2016-09-12 22:00:00,0.0
2016-09-12 23:00:00,0.0
2016-09-13 00:00:00,0.0
2016-09-13 01:00:00,0.0
2016-09-13 02:00:00,0.0
2016-09-13 03:00:00,0.0
2016-09-13 04:00:00,0.0
2016-09-13 05:00:00,7.6
2016-09-13 06:00:00,84.55
2016-09-13 07:00:00,215.02
2016-09-13 08:00:00,333.0
2016-09-13 09:00:00,422.25
2016-09-13 10:00:00,570.62
2016-09-13 11:00:00,452.15
2016-09-13 12:00:00,411.73
2016-09-13 13:00:00,363.67
2016-09-13 14:00:00,274.05
2016-09-13 15:00:00,158.9
2016-09-13 16:00:00,85.88
2016-09-13 17:00:00,7.38
2016-09-13 18:00:00,0.0
2016-09-13 19:00:00,0.0
2016-09-13 20:00:00,0.0
2016-09-13 21:00:00,0.0
2016-09-13 22:00:00,0.0
2016-09-13 23:00:00,0.0
2016-09-14 00:00:00,0.0
2016-09-14 01:00:00,0.0
2016-09-14 02:00:00,0.0
2016-09-14 03:00:00,0.0
2016-09-14 04:00:00,0.0
2016-09-14 05:00:00,6.65
2016-09-14 06:00:00,79.12
2016-09-14 07:00:00,163.52
2016-09-14 08:00:00,95.28
2016-09-14 09:00:00,111.4
2016-09-14 10:00:00,199.25
2016-09-14 11:00:00,215.77
2016-09-14 12:00:00,214.2
2016-09-14 13:00:00,290.7
2016-09-14 14:00:00,262.38
2016-09-14 15:00:00,154.32
2016-09-14 16:00:00,80.53
2016-09-14 17:00:00,7.18
2016-09-14 18:00:00,0.0
2016-09-14 19:00:00,0.0
2016-09-14 20:00:00,0.0
2016-09-14 21:00:00,0.0
2016-09-14 22:00:00,0.0
2016-09-14 23:00:00,0.0
2016-09-15 00:00:00,0.0
2016-09-15 01:00:00,0.0
2016-09-15 02:00:00,0.0
2016-09-15 03:00:00,0.0
2016-09-15 04:00:00,0.0
2016-09-15 05:00:00,4.25
2016-09-15 06:00:00,67.6
2016-09-15 07:00:00,168.48
2016-09-15 08:00:00,291.55
2016-09-15 09:00:00,369.67
2016-09-15 10:00:00,480.42
2016-09-15 11:00:00,776.15
2016-09-15 12:00:00,847.03
2016-09-15 13:00:00,711.03
2016-09-15 14:00:00,604.55
2016-09-15 15:00:00,393.6
2016-09-15 16:00:00,165.32
2016-09-15 17:00:00,14.6
2016-09-15 18:00:00,0.0
2016-09-15 19:00:00,0.0
2016-09-15 20:00:00,0.0
2016-09-15 21:00:00,0.0
2016-09-15 22:00:00,0.0
2016-09-15 23:00:00,0.0
2016-09-16 00:00:00,0.0
2016-09-16 01:00:00,0.0
2016-09-16 02:00:00,0.0
2016-09-16 03:00:00,0.0
2016-09-16 04:00:00,0.0
2016-09-16 05:00:00,8.85
2016-09-16 06:00:00,134.25
2016-09-16 07:00:00,349.9
2016-09-16 08:00:00,557.62
2016-09-16 09:00:00,642.0
2016-09-16 10:00:00,880.83
2016-09-16 11:00:00,951.62
2016-09-16 12:00:00,899.97
2016-09-16 13:00:00,778.1
2016-09-16 14:00:00,588.42
2016-09-16 15:00:00,376.52
2016-09-16 16:00:00,154.23
2016-09-16 17:00:00,13.95
2016-09-16 18:00:00,0.0
2016-09-16 19:00:00,0.0
2016-09-16 20:00:00,0.0
2016-09-16 21:00:00,0.0
2016-09-16 22:00:00,0.0
2016-09-16 23:00:00,0.0
2016-09-17 00:00:00,0.0
2016-09-17 01:00:00,0.0
2016-09-17 02:00:00,0.0
2016-09-17 03:00:00,0.0
2016-09-17 04:00:00,0.0
2016-09-17 05:00:00,2.53
2016-09-17 06:00:00,32.58
2016-09-17 07:00:00,79.12
2016-09-17 08:00:00,146.38
2016-09-17 09:00:00,257.9
2016-09-17 10:00:00,400.6
2016-09-17 11:00:00,411.98
2016-09-17 12:00:00,503.12
2016-09-17 13:00:00,377.25
2016-09-17 14:00:00,320.12
2016-09-17 15:00:00,204.7
2016-09-17 16:00:00,90.2
2016-09-17 17:00:00,8.98
2016-09-17 18:00:00,0.0
2016-09-17 19:00:00,0.0
2016-09-17 20:00:00,0.0
2016-09-17 21:00:00,0.0
2016-09-17 22:00:00,0.0
2016-09-17 23:00:00,0.0
2016-09-18 00:00:00,0.0
2016-09-18 01:00:00,0.0
2016-09-18 02:00:00,0.0
2016-09-18 03:00:00,0.0
2016-09-18 04:00:00,0.0
2016-09-18 05:00:00,7.32
2016-09-18 06:00:00,94.9
2016-09-18 07:00:00,251.1
2016-09-18 08:00:00,447.42
2016-09-18 09:00:00,626.5
2016-09-18 10:00:00,696.5
2016-09-18 11:00:00,672.62
2016-09-18 12:00:00,757.1
2016-09-18 13:00:00,597.03
2016-09-18 14:00:00,430.55
2016-09-18 15:00:00,257.23
2016-09-18 16:00:00,101.18
2016-09-18 17:00:00,9.12
2016-09-18 18:00:00,0.0
2016-09-18 19:00:00,0.0
2016-09-18 20:00:00,0.0
2016-09-18 21:00:00,0.0
2016-09-18 22:00:00,0.0
2016-09-18 23:00:00,0.0
2016-09-19 00:00:00,0.0
2016-09-19 01:00:00,0.0
2016-09-19 02:00:00,0.0
2016-09-19 03:00:00,0.0
2016-09-19 04:00:00,0.0
2016-09-19 05:00:00,8.38
2016-09-19 06:00:00,121.62
2016-09-19 07:00:00,327.3
2016-09-19 08:00:00,574.58
2016-09-19 09:00:00,700.9
2016-09-19 10:00:00,891.55
2016-09-19 11:00:00,965.92
2016-09-19 12:00:00,898.08
2016-09-19 13:00:00,815.3
2016-09-19 14:00:00,619.8
2016-09-19 15:00:00,385.8
2016-09-19 16:00:00,156.0
2016-09-19 17:00:00,12.0
2016-09-19 18:00:00,0.0
2016-09-19 19:00:00,0.0
2016-09-19 20:00:00,0.0
2016-09-19 21:00:00,0.0
2016-09-19 22:00:00,0.0
2016-09-19 23:00:00,0.0
2016-09-20 00:00:00,0.0
2016-09-20 01:00:00,0.0
2016-09-20 02:00:00,0.0
2016-09-20 03:00:00,0.0
2016-09-20 04:00:00,0.0
2016-09-20 05:00:00,7.62
2016-09-20 06:00:00,85.55
2016-09-20 07:00:00,183.1
2016-09-20 08:00:00,75.9
2016-09-20 09:00:00,132.5
2016-09-20 10:00:00,213.3
2016-09-20 11:00:00,332.77
2016-09-20 12:00:00,378.4
2016-09-20 13:00:00,264.5
2016-09-20 14:00:00,256.2
2016-09-20 15:00:00,160.9
2016-09-20 16:00:00,68.72
2016-09-20 17:00:00,6.03
2016-09-20 18:00:00,0.0
2016-09-20 19:00:00,0.0
2016-09-20 20:00:00,0.0
2016-09-20 21:00:00,0.0
2016-09-20 22:00:00,0.0
2016-09-20 23:00:00,0.0
2016-09-21 00:00:00,0.0
2016-09-21 01:00:00,0.0
2016-09-21 02:00:00,0.0
2016-09-21 03:00:00,0.0
2016-09-21 04:00:00,0.0
2016-09-21 05:00:00,3.6
2016-09-21 06:00:00,47.22
2016-09-21 07:00:00,127.15
2016-09-21 08:00:00,258.62
2016-09-21 09:00:00,473.62
2016-09-21 10:00:00,670.58
2016-09-21 11:00:00,793.97
2016-09-21 12:00:00,682.2
2016-09-21 13:00:00,601.1
2016-09-21 14:00:00,322.08
2016-09-21 15:00:00,191.27
2016-09-21 16:00:00,70.9
2016-09-21 17:00:00,6.05
2016-09-21 18:00:00,0.0
2016-09-21 19:00:00,0.0
2016-09-21 20:00:00,0.0
2016-09-21 21:00:00,0.0
2016-09-21 22:00:00,0.0
2016-09-21 23:00:00,0.0
2016-09-22 00:00:00,0.0
2016-09-22 01:00:00,0.0
2016-09-22 02:00:00,0.0
2016-09-22 03:00:00,0.0
2016-09-22 04:00:00,0.0
2016-09-22 05:00:00,7.12
2016-09-22 06:00:00,121.0
2016-09-22 07:00:00,310.8
2016-09-22 08:00:00,538.78
2016-09-22 09:00:00,671.62
2016-09-22 10:00:00,799.12
2016-09-22 11:00:00,914.92
2016-09-22 12:00:00,895.38
2016-09-22 13:00:00,780.42
2016-09-22 14:00:00,627.53
2016-09-22 15:00:00,389.45
2016-09-22 16:00:00,154.12
2016-09-22 17:00:00,9.0
2016-09-22 18:00:00,0.0
2016-09-22 19:00:00,0.0
2016-09-22 20:00:00,0.0
2016-09-22 21:00:00,0.0
2016-09-22 22:00:00,0.0
2016-09-22 23:00:00,0.0
2016-09-23 00:00:00,0.0
2016-09-23 01:00:00,0.0
2016-09-23 02:00:00,0.0
2016-09-23 03:00:00,0.0
2016-09-23 04:00:00,0.0
2016-09-23 05:00:00,8.57
2016-09-23 06:00:00,129.9
2016-09-23 07:00:00,346.2
2016-09-23 08:00:00,564.92
2016-09-23 09:00:00,704.53
2016-09-23 10:00:00,810.75
2016-09-23 11:00:00,938.55
2016-09-23 12:00:00,858.4
2016-09-23 13:00:00,714.08
2016-09-23 14:00:00,551.38
2016-09-23 15:00:00,312.45
2016-09-23 16:00:00,127.65
2016-09-23 17:00:00,7.85
2016-09-23 18:00:00,0.0
2016-09-23 19:00:00,0.0
2016-09-23 20:00:00,0.0
2016-09-23 21:00:00,0.0
2016-09-23 22:00:00,0.0
2016-09-23 23:00:00,0.0
2016-09-24 00:00:00,0.0
2016-09-24 01:00:00,0.0
2016-09-24 02:00:00,0.0
2016-09-24 03:00:00,0.0
2016-09-24 04:00:00,0.0
2016-09-24 05:00:00,7.7
2016-09-24 06:00:00,121.22
2016-09-24 07:00:00,323.05
2016-09-24 08:00:00,517.53
2016-09-24 09:00:00,666.4
2016-09-24 10:00:00,846.33
2016-09-24 11:00:00,929.25
2016-09-24 12:00:00,897.7
2016-09-24 13:00:00,764.83
2016-09-24 14:00:00,521.15
2016-09-24 15:00:00,297.75
2016-09-24 16:00:00,118.28
2016-09-24 17:00:00,6.9
2016-09-24 18:00:00,0.0
2016-09-24 19:00:00,0.0
2016-09-24 20:00:00,0.0
2016-09-24 21:00:00,0.0
2016-09-24 22:00:00,0.0
2016-09-24 23:00:00,0.0
2016-09-25 00:00:00,0.0
2016-09-25 01:00:00,0.0
2016-09-25 02:00:00,0.0
2016-09-25 03:00:00,0.0
2016-09-25 04:00:00,0.0
2016-09-25 05:00:00,8.57
2016-09-25 06:00:00,134.25
2016-09-25 07:00:00,358.3
2016-09-25 08:00:00,577.2
2016-09-25 09:00:00,732.08
2016-09-25 10:00:00,890.67
2016-09-25 11:00:00,926.22
2016-09-25 12:00:00,865.8
2016-09-25 13:00:00,617.22
2016-09-25 14:00:00,489.9
2016-09-25 15:00:00,295.58
2016-09-25 16:00:00,117.35
2016-09-25 17:00:00,8.3
2016-09-25 18:00:00,0.0
2016-09-25 19:00:00,0.0
2016-09-25 20:00:00,0.0
2016-09-25 21:00:00,0.0
2016-09-25 22:00:00,0.0
2016-09-25 23:00:00,0.0
2016-09-26 00:00:00,0.0
2016-09-26 01:00:00,0.0
2016-09-26 02:00:00,0.0
2016-09-26 03:00:00,0.0
2016-09-26 04:00:00,0.0
2016-09-26 05:00:00,8.18
2016-09-26 06:00:00,103.38
2016-09-26 07:00:00,252.23
2016-09-26 08:00:00,513.38
2016-09-26 09:00:00,758.22
2016-09-26 10:00:00,884.38
2016-09-26 11:00:00,936.83
2016-09-26 12:00:00,844.47
2016-09-26 13:00:00,770.15
2016-09-26 14:00:00,594.53
2016-09-26 15:00:00,372.08
2016-09-26 16:00:00,140.38
2016-09-26 17:00:00,8.12
2016-09-26 18:00:00,0.0
2016-09-26 19:00:00,0.0
2016-09-26 20:00:00,0.0
2016-09-26 21:00:00,0.0
2016-09-26 22:00:00,0.0
2016-09-26 23:00:00,0.0
2016-09-27 00:00:00,0.0
2016-09-27 01:00:00,0.0
2016-09-27 02:00:00,0.0
2016-09-27 03:00:00,0.0
2016-09-27 04:00:00,0.0
2016-09-27 05:00:00,0.65
2016-09-27 06:00:00,18.42
2016-09-27 07:00:00,70.43
2016-09-27 08:00:00,189.32
2016-09-27 09:00:00,323.15
2016-09-27 10:00:00,422.1
2016-09-27 11:00:00,650.62
2016-09-27 12:00:00,681.78
2016-09-27 13:00:00,598.65
2016-09-27 14:00:00,440.25
2016-09-27 15:00:00,283.2
2016-09-27 16:00:00,117.5
2016-09-27 17:00:00,7.38
2016-09-27 18:00:00,0.0
2016-09-27 19:00:00,0.0
2016-09-27 20:00:00,0.0
2016-09-27 21:00:00,0.0
2016-09-27 22:00:00,0.0
2016-09-27 23:00:00,0.0
2016-09-28 00:00:00,0.0
2016-09-28 01:00:00,0.0
2016-09-28 02:00:00,0.0
2016-09-28 03:00:00,0.0
2016-09-28 04:00:00,0.0
2016-09-28 05:00:00,0.77
2016-09-28 06:00:00,14.85
2016-09-28 07:00:00,48.5
2016-09-28 08:00:00,91.97
2016-09-28 09:00:00,181.88
2016-09-28 10:00:00,280.0
2016-09-28 11:00:00,398.42
2016-09-28 12:00:00,389.67
2016-09-28 13:00:00,458.92
2016-09-28 14:00:00,442.33
2016-09-28 15:00:00,262.27
2016-09-28 16:00:00,110.32
2016-09-28 17:00:00,7.82
2016-09-28 18:00:00,0.0
2016-09-28 19:00:00,0.0
2016-09-28 20:00:00,0.0
2016-09-28 21:00:00,0.0
2016-09-28 22:00:00,0.0
2016-09-28 23:00:00,0.0
2016-09-29 00:00:00,0.0
2016-09-29 01:00:00,0.0
2016-09-29 02:00:00,0.0
2016-09-29 03:00:00,0.0
2016-09-29 04:00:00,0.0
2016-09-29 05:00:00,3.53
2016-09-29 06:00:00,51.92
2016-09-29 07:00:00,138.6
2016-09-29 08:00:00,243.05
2016-09-29 09:00:00,363.2
2016-09-29 10:00:00,512.9
2016-09-29 11:00:00,568.25
2016-09-29 12:00:00,615.25
2016-09-29 13:00:00,504.15
2016-09-29 14:00:00,495.33
2016-09-29 15:00:00,278.33
2016-09-29 16:00:00,91.93
2016-09-29 17:00:00,5.93
2016-09-29 18:00:00,0.0
2016-09-29 19:00:00,0.0
2016-09-29 20:00:00,0.0
2016-09-29 21:00:00,0.0
2016-09-29 22:00:00,0.0
2016-09-29 23:00:00,0.0
2016-09-30 00:00:00,0.0
2016-09-30 01:00:00,0.0
2016-09-30 02:00:00,0.0
2016-09-30 03:00:00,0.0
2016-09-30 04:00:00,0.0
2016-09-30 05:00:00,7.1
2016-09-30 06:00:00,106.97
2016-09-30 07:00:00,296.12
2016-09-30 08:00:00,480.5
2016-09-30 09:00:00,697.35
2016-09-30 10:00:00,824.42
2016-09-30 11:00:00,828.35
2016-09-30 12:00:00,670.25
2016-09-30 13:00:00,643.67
2016-09-30 14:00:00,459.85
2016-09-30 15:00:00,270.98
2016-09-30 16:00:00,97.4
2016-09-30 17:00:00,5.88
2016-09-30 18:00:00,0.0
2016-09-30 19:00:00,0.0
2016-09-30 20:00:00,0.0
2016-09-30 21:00:00,0.0
2016-09-30 22:00:00,0.0
2016-09-30 23:00:00,0.0
2016-10-01 00:00:00,0.0
2016-10-01 01:00:00,0.0
2016-10-01 02:00:00,0.0
2016-10-01 03:00:00,0.0
2016-10-01 04:00:00,0.0
2016-10-01 05:00:00,7.18
2016-10-01 06:00:00,96.07
2016-10-01 07:00:00,239.3
2016-10-01 08:00:00,458.17
2016-10-01 09:00:00,676.9
2016-10-01 10:00:00,836.58
2016-10-01 11:00:00,886.47
2016-10-01 12:00:00,850.83
2016-10-01 13:00:00,745.17
2016-10-01 14:00:00,561.4
2016-10-01 15:00:00,341.67
2016-10-01 16:00:00,122.1
2016-10-01 17:00:00,5.93
2016-10-01 18:00:00,0.0
2016-10-01 19:00:00,0.0
2016-10-01 20:00:00,0.0
2016-10-01 21:00:00,0.0
2016-10-01 22:00:00,0.0
2016-10-01 23:00:00,0.0
2016-10-02 00:00:00,0.0
2016-10-02 01:00:00,0.0
2016-10-02 02:00:00,0.0
2016-10-02 03:00:00,0.0
2016-10-02 04:00:00,0.0
2016-10-02 05:00:00,7.93
2016-10-02 06:00:00,121.6
2016-10-02 07:00:00,312.45
2016-10-02 08:00:00,556.35
2016-10-02 09:00:00,727.6
2016-10-02 10:00:00,858.83
2016-10-02 11:00:00,933.9
2016-10-02 12:00:00,894.95
2016-10-02 13:00:00,780.83
2016-10-02 14:00:00,599.45
2016-10-02 15:00:00,372.05
2016-10-02 16:00:00,136.02
2016-10-02 17:00:00,6.1
2016-10-02 18:00:00,0.0
2016-10-02 19:00:00,0.0
2016-10-02 20:00:00,0.0
2016-10-02 21:00:00,0.0
2016-10-02 22:00:00,0.0
2016-10-02 23:00:00,0.0
2016-10-03 00:00:00,0.0
2016-10-03 01:00:00,0.0
2016-10-03 02:00:00,0.0
2016-10-03 03:00:00,0.0
2016-10-03 04:00:00,0.0
2016-10-03 05:00:00,9.48
2016-10-03 06:00:00,143.9
2016-10-03 07:00:00,344.73
2016-10-03 08:00:00,585.15
2016-10-03 09:00:00,770.05
2016-10-03 10:00:00,903.7
2016-10-03 11:00:00,945.08
2016-10-03 12:00:00,895.83
2016-10-03 13:00:00,756.47
2016-10-03 14:00:00,604.12
2016-10-03 15:00:00,378.88
2016-10-03 16:00:00,142.4
2016-10-03 17:00:00,6.2
2016-10-03 18:00:00,0.0
2016-10-03 19:00:00,0.0
2016-10-03 20:00:00,0.0
2016-10-03 21:00:00,0.0
2016-10-03 22:00:00,0.0
2016-10-03 23:00:00,0.0
2016-10-04 00:00:00,0.0
2016-10-04 01:00:00,0.0
2016-10-04 02:00:00,0.0
2016-10-04 03:00:00,0.0
2016-10-04 04:00:00,0.0
2016-10-04 05:00:00,8.32
2016-10-04 06:00:00,126.85
2016-10-04 07:00:00,327.42
2016-10-04 08:00:00,534.28
2016-10-04 09:00:00,712.08
2016-10-04 10:00:00,784.83
2016-10-04 11:00:00,816.78
2016-10-04 12:00:00,846.75
2016-10-04 13:00:00,714.47
2016-10-04 14:00:00,559.7
2016-10-04 15:00:00,328.12
2016-10-04 16:00:00,106.4
2016-10-04 17:00:00,4.43
2016-10-04 18:00:00,0.0
2016-10-04 19:00:00,0.0
2016-10-04 20:00:00,0.0
2016-10-04 21:00:00,0.0
2016-10-04 22:00:00,0.0
2016-10-04 23:00:00,0.0
2016-10-05 00:00:00,0.0
2016-10-05 01:00:00,0.0
2016-10-05 02:00:00,0.0
2016-10-05 03:00:00,0.0
2016-10-05 04:00:00,0.0
2016-10-05 05:00:00,6.18
2016-10-05 06:00:00,77.05
2016-10-05 07:00:00,212.57
2016-10-05 08:00:00,303.77
2016-10-05 09:00:00,451.17
2016-10-05 10:00:00,613.22
2016-10-05 11:00:00,781.47
2016-10-05 12:00:00,747.45
2016-10-05 13:00:00,698.08
2016-10-05 14:00:00,546.65
2016-10-05 15:00:00,333.25
2016-10-05 16:00:00,118.22
2016-10-05 17:00:00,4.88
2016-10-05 18:00:00,0.0
2016-10-05 19:00:00,0.0
2016-10-05 20:00:00,0.0
2016-10-05 21:00:00,0.0
2016-10-05 22:00:00,0.0
2016-10-05 23:00:00,0.0
2016-10-06 00:00:00,0.0
2016-10-06 01:00:00,0.0
2016-10-06 02:00:00,0.0
2016-10-06 03:00:00,0.0
2016-10-06 04:00:00,0.0
2016-10-06 05:00:00,8.65
2016-10-06 06:00:00,124.05
2016-10-06 07:00:00,314.05
2016-10-06 08:00:00,556.45
2016-10-06 09:00:00,725.45
2016-10-06 10:00:00,850.65
2016-10-06 11:00:00,912.38
2016-10-06 12:00:00,778.25
2016-10-06 13:00:00,730.55
2016-10-06 14:00:00,561.08
2016-10-06 15:00:00,343.83
2016-10-06 16:00:00,123.32
2016-10-06 17:00:00,4.85
2016-10-06 18:00:00,0.0
2016-10-06 19:00:00,0.0
2016-10-06 20:00:00,0.0
2016-10-06 21:00:00,0.0
2016-10-06 22:00:00,0.0
2016-10-06 23:00:00,0.0
2016-10-07 00:00:00,0.0
2016-10-07 01:00:00,0.0
2016-10-07 02:00:00,0.0
2016-10-07 03:00:00,0.0
2016-10-07 04:00:00,0.0
2016-10-07 05:00:00,5.93
2016-10-07 06:00:00,75.72
2016-10-07 07:00:00,200.93
2016-10-07 08:00:00,317.55
2016-10-07 09:00:00,416.52
2016-10-07 10:00:00,589.78
2016-10-07 11:00:00,679.78
2016-10-07 12:00:00,493.23
2016-10-07 13:00:00,452.2
2016-10-07 14:00:00,298.2
2016-10-07 15:00:00,172.85
2016-10-07 16:00:00,65.32
2016-10-07 17:00:00,3.12
2016-10-07 18:00:00,0.0
2016-10-07 19:00:00,0.0
2016-10-07 20:00:00,0.0
2016-10-07 21:00:00,0.0
2016-10-07 22:00:00,0.0
2016-10-07 23:00:00,0.0
2016-10-08 00:00:00,0.0
2016-10-08 01:00:00,0.0
2016-10-08 02:00:00,0.0
2016-10-08 03:00:00,0.0
2016-10-08 04:00:00,0.0
2016-10-08 05:00:00,8.25
2016-10-08 06:00:00,114.05
2016-10-08 07:00:00,292.38
2016-10-08 08:00:00,528.5
2016-10-08 09:00:00,707.17
2016-10-08 10:00:00,863.38
2016-10-08 11:00:00,914.85
2016-10-08 12:00:00,869.83
2016-10-08 13:00:00,737.12
2016-10-08 14:00:00,539.2
2016-10-08 15:00:00,325.9
2016-10-08 16:00:00,109.78
2016-10-08 17:00:00,4.0
2016-10-08 18:00:00,0.0
2016-10-08 19:00:00,0.0
2016-10-08 20:00:00,0.0
2016-10-08 21:00:00,0.0
2016-10-08 22:00:00,0.0
2016-10-08 23:00:00,0.0
2016-10-09 00:00:00,0.0
2016-10-09 01:00:00,0.0
2016-10-09 02:00:00,0.0
2016-10-09 03:00:00,0.0
2016-10-09 04:00:00,0.0
2016-10-09 05:00:00,9.0
2016-10-09 06:00:00,128.38
2016-10-09 07:00:00,325.75
2016-10-09 08:00:00,550.85
2016-10-09 09:00:00,731.12
2016-10-09 10:00:00,811.62
2016-10-09 11:00:00,850.22
2016-10-09 12:00:00,803.08
2016-10-09 13:00:00,731.3
2016-10-09 14:00:00,557.15
2016-10-09 15:00:00,322.2
2016-10-09 16:00:00,103.55
2016-10-09 17:00:00,3.4
2016-10-09 18:00:00,0.0
2016-10-09 19:00:00,0.0
2016-10-09 20:00:00,0.0
2016-10-09 21:00:00,0.0
2016-10-09 22:00:00,0.0
2016-10-09 23:00:00,0.0
2016-10-10 00:00:00,0.0
2016-10-10 01:00:00,0.0
2016-10-10 02:00:00,0.0
2016-10-10 03:00:00,0.0
2016-10-10 04:00:00,0.0
2016-10-10 05:00:00,8.38
2016-10-10 06:00:00,132.55
2016-10-10 07:00:00,348.0
2016-10-10 08:00:00,578.33
2016-10-10 09:00:00,749.22
2016-10-10 10:00:00,880.4
2016-10-10 11:00:00,928.58
2016-10-10 12:00:00,864.42
2016-10-10 13:00:00,741.9
2016-10-10 14:00:00,552.5
2016-10-10 15:00:00,325.38
2016-10-10 16:00:00,110.28
2016-10-10 17:00:00,3.5
2016-10-10 18:00:00,0.0
2016-10-10 19:00:00,0.0
2016-10-10 20:00:00,0.0
2016-10-10 21:00:00,0.0
2016-10-10 22:00:00,0.0
2016-10-10 23:00:00,0.0
2016-10-11 00:00:00,0.0
2016-10-11 01:00:00,0.0
2016-10-11 02:00:00,0.0
2016-10-11 03:00:00,0.0
2016-10-11 04:00:00,0.0
2016-10-11 05:00:00,6.85
2016-10-11 06:00:00,86.9
2016-10-11 07:00:00,224.52
2016-10-11 08:00:00,394.35
2016-10-11 09:00:00,521.42
2016-10-11 10:00:00,589.58
2016-10-11 11:00:00,665.85
2016-10-11 12:00:00,670.22
2016-10-11 13:00:00,536.6
2016-10-11 14:00:00,402.62
2016-10-11 15:00:00,218.38
2016-10-11 16:00:00,64.03
2016-10-11 17:00:00,2.53
2016-10-11 18:00:00,0.0
2016-10-11 19:00:00,0.0
2016-10-11 20:00:00,0.0
2016-10-11 21:00:00,0.0
2016-10-11 22:00:00,0.0
2016-10-11 23:00:00,0.0
2016-10-12 00:00:00,0.0
2016-10-12 01:00:00,0.0
2016-10-12 02:00:00,0.0
2016-10-12 03:00:00,0.0
2016-10-12 04:00:00,0.0
2016-10-12 05:00:00,7.07
2016-10-12 06:00:00,86.45
2016-10-12 07:00:00,237.7
2016-10-12 08:00:00,441.42
2016-10-12 09:00:00,608.38
2016-10-12 10:00:00,759.72
2016-10-12 11:00:00,826.2
2016-10-12 12:00:00,739.7
2016-10-12 13:00:00,646.95
2016-10-12 14:00:00,476.4
2016-10-12 15:00:00,269.23
2016-10-12 16:00:00,81.85
2016-10-12 17:00:00,2.6
2016-10-12 18:00:00,0.0
2016-10-12 19:00:00,0.0
2016-10-12 20:00:00,0.0
2016-10-12 21:00:00,0.0
2016-10-12 22:00:00,0.0
2016-10-12 23:00:00,0.0
2016-10-13 00:00:00,0.0
2016-10-13 01:00:00,0.0
2016-10-13 02:00:00,0.0
2016-10-13 03:00:00,0.0
2016-10-13 04:00:00,0.0
2016-10-13 05:00:00,8.05
2016-10-13 06:00:00,119.57
2016-10-13 07:00:00,309.25
2016-10-13 08:00:00,527.78
2016-10-13 09:00:00,664.83
2016-10-13 10:00:00,758.05
2016-10-13 11:00:00,796.1
2016-10-13 12:00:00,709.58
2016-10-13 13:00:00,634.9
2016-10-13 14:00:00,493.12
2016-10-13 15:00:00,280.58
2016-10-13 16:00:00,89.15
2016-10-13 17:00:00,2.88
2016-10-13 18:00:00,0.0
2016-10-13 19:00:00,0.0
2016-10-13 20:00:00,0.0
2016-10-13 21:00:00,0.0
2016-10-13 22:00:00,0.0
2016-10-13 23:00:00,0.0
2016-10-14 00:00:00,0.0
2016-10-14 01:00:00,0.0
2016-10-14 02:00:00,0.0
2016-10-14 03:00:00,0.0
2016-10-14 04:00:00,0.0
2016-10-14 05:00:00,7.97
2016-10-14 06:00:00,118.88
2016-10-14 07:00:00,294.17
2016-10-14 08:00:00,543.25
2016-10-14 09:00:00,744.78
2016-10-14 10:00:00,848.1
2016-10-14 11:00:00,773.95
2016-10-14 12:00:00,754.33
2016-10-14 13:00:00,646.42
2016-10-14 14:00:00,480.88
2016-10-14 15:00:00,281.35
2016-10-14 16:00:00,92.0
2016-10-14 17:00:00,0.0
2016-10-14 18:00:00,0.0
2016-10-14 19:00:00,0.0
2016-10-14 20:00:00,0.0
2016-10-14 21:00:00,0.0
2016-10-14 22:00:00,0.0
2016-10-14 23:00:00,0.0
2016-10-15 00:00:00,0.0
2016-10-15 01:00:00,0.0
2016-10-15 02:00:00,0.0
2016-10-15 03:00:00,0.0
2016-10-15 04:00:00,0.0
2016-10-15 05:00:00,8.82
2016-10-15 06:00:00,135.88
2016-10-15 07:00:00,346.23
2016-10-15 08:00:00,545.0
2016-10-15 09:00:00,727.45
2016-10-15 10:00:00,833.55
2016-10-15 11:00:00,870.35
2016-10-15 12:00:00,826.38
2016-10-15 13:00:00,689.95
2016-10-15 14:00:00,539.4
2016-10-15 15:00:00,310.65
2016-10-15 16:00:00,105.85
2016-10-15 17:00:00,0.0
2016-10-15 18:00:00,0.0
2016-10-15 19:00:00,0.0
2016-10-15 20:00:00,0.0
2016-10-15 21:00:00,0.0
2016-10-15 22:00:00,0.0
2016-10-15 23:00:00,0.0
2016-10-16 00:00:00,0.0
2016-10-16 01:00:00,0.0
2016-10-16 02:00:00,0.0
2016-10-16 03:00:00,0.0
2016-10-16 04:00:00,0.0
2016-10-16 05:00:00,9.15
2016-10-16 06:00:00,142.75
2016-10-16 07:00:00,358.8
2016-10-16 08:00:00,567.6
2016-10-16 09:00:00,755.78
2016-10-16 10:00:00,877.53
2016-10-16 11:00:00,884.45
2016-10-16 12:00:00,813.22
2016-10-16 13:00:00,682.83
2016-10-16 14:00:00,519.03
2016-10-16 15:00:00,300.45
2016-10-16 16:00:00,100.6
2016-10-16 17:00:00,0.0
2016-10-16 18:00:00,0.0
2016-10-16 19:00:00,0.0
2016-10-16 20:00:00,0.0
2016-10-16 21:00:00,0.0
2016-10-16 22:00:00,0.0
2016-10-16 23:00:00,0.0
2016-10-17 00:00:00,0.0
2016-10-17 01:00:00,0.0
2016-10-17 02:00:00,0.0
2016-10-17 03:00:00,0.0
2016-10-17 04:00:00,0.0
2016-10-17 05:00:00,8.2
2016-10-17 06:00:00,122.78
2016-10-17 07:00:00,310.65
2016-10-17 08:00:00,534.15
2016-10-17 09:00:00,690.67
2016-10-17 10:00:00,829.4
2016-10-17 11:00:00,860.53
2016-10-17 12:00:00,815.55
2016-10-17 13:00:00,683.25
2016-10-17 14:00:00,518.67
2016-10-17 15:00:00,298.75
2016-10-17 16:00:00,99.05
2016-10-17 17:00:00,0.0
2016-10-17 18:00:00,0.0
2016-10-17 19:00:00,0.0
2016-10-17 20:00:00,0.0
2016-10-17 21:00:00,0.0
2016-10-17 22:00:00,0.0
2016-10-17 23:00:00,0.0
2016-10-18 00:00:00,0.0
2016-10-18 01:00:00,0.0
2016-10-18 02:00:00,0.0
2016-10-18 03:00:00,0.0
2016-10-18 04:00:00,0.0
2016-10-18 05:00:00,8.4
2016-10-18 06:00:00,133.93
2016-10-18 07:00:00,344.7
2016-10-18 08:00:00,553.95
2016-10-18 09:00:00,739.17
2016-10-18 10:00:00,848.62
2016-10-18 11:00:00,888.55
2016-10-18 12:00:00,838.17
2016-10-18 13:00:00,717.22
2016-10-18 14:00:00,536.97
2016-10-18 15:00:00,305.92
2016-10-18 16:00:00,96.4
2016-10-18 17:00:00,0.0
2016-10-18 18:00:00,0.0
2016-10-18 19:00:00,0.0
2016-10-18 20:00:00,0.0
2016-10-18 21:00:00,0.0
2016-10-18 22:00:00,0.0
2016-10-18 23:00:00,0.0
2016-10-19 00:00:00,0.0
2016-10-19 01:00:00,0.0
2016-10-19 02:00:00,0.0
2016-10-19 03:00:00,0.0
2016-10-19 04:00:00,0.0
2016-10-19 05:00:00,8.27
2016-10-19 06:00:00,129.62
2016-10-19 07:00:00,321.88
2016-10-19 08:00:00,543.05
2016-10-19 09:00:00,724.8
2016-10-19 10:00:00,822.88
2016-10-19 11:00:00,839.25
2016-10-19 12:00:00,794.38
2016-10-19 13:00:00,680.83
2016-10-19 14:00:00,460.75
2016-10-19 15:00:00,257.08
2016-10-19 16:00:00,80.28
2016-10-19 17:00:00,0.0
2016-10-19 18:00:00,0.0
2016-10-19 19:00:00,0.0
2016-10-19 20:00:00,0.0
2016-10-19 21:00:00,0.0
2016-10-19 22:00:00,0.0
2016-10-19 23:00:00,0.0
2016-10-20 00:00:00,0.0
2016-10-20 01:00:00,0.0
2016-10-20 02:00:00,0.0
2016-10-20 03:00:00,0.0
2016-10-20 04:00:00,0.0
2016-10-20 05:00:00,6.53
2016-10-20 06:00:00,97.05
2016-10-20 07:00:00,247.45
2016-10-20 08:00:00,484.42
2016-10-20 09:00:00,656.83
2016-10-20 10:00:00,630.33
2016-10-20 11:00:00,793.72
2016-10-20 12:00:00,736.22
2016-10-20 13:00:00,602.35
2016-10-20 14:00:00,447.0
2016-10-20 15:00:00,252.82
2016-10-20 16:00:00,79.43
2016-10-20 17:00:00,0.0
2016-10-20 18:00:00,0.0
2016-10-20 19:00:00,0.0
2016-10-20 20:00:00,0.0
2016-10-20 21:00:00,0.0
2016-10-20 22:00:00,0.0
2016-10-20 23:00:00,0.0
2016-10-21 00:00:00,0.0
2016-10-21 01:00:00,0.0
2016-10-21 02:00:00,0.0
2016-10-21 03:00:00,0.0
2016-10-21 04:00:00,0.0
2016-10-21 05:00:00,7.47
2016-10-21 06:00:00,106.28
2016-10-21 07:00:00,278.75
2016-10-21 08:00:00,467.15
2016-10-21 09:00:00,669.83
2016-10-21 10:00:00,729.72
2016-10-21 11:00:00,708.5
2016-10-21 12:00:00,576.35
2016-10-21 13:00:00,463.98
2016-10-21 14:00:00,299.62
2016-10-21 15:00:00,163.45
2016-10-21 16:00:00,43.88
2016-10-21 17:00:00,0.0
2016-10-21 18:00:00,0.0
2016-10-21 19:00:00,0.0
2016-10-21 20:00:00,0.0
2016-10-21 21:00:00,0.0
2016-10-21 22:00:00,0.0
2016-10-21 23:00:00,0.0
2016-10-22 00:00:00,0.0
2016-10-22 01:00:00,0.0
2016-10-22 02:00:00,0.0
2016-10-22 03:00:00,0.0
2016-10-22 04:00:00,0.0
2016-10-22 05:00:00,4.65
2016-10-22 06:00:00,77.7
2016-10-22 07:00:00,222.75
2016-10-22 08:00:00,415.17
2016-10-22 09:00:00,564.15
2016-10-22 10:00:00,663.8
2016-10-22 11:00:00,676.92
2016-10-22 12:00:00,628.55
2016-10-22 13:00:00,487.15
2016-10-22 14:00:00,327.3
2016-10-22 15:00:00,177.05
2016-10-22 16:00:00,51.47
2016-10-22 17:00:00,0.0
2016-10-22 18:00:00,0.0
2016-10-22 19:00:00,0.0
2016-10-22 20:00:00,0.0
2016-10-22 21:00:00,0.0
2016-10-22 22:00:00,0.0
2016-10-22 23:00:00,0.0
2016-10-23 00:00:00,0.0
2016-10-23 01:00:00,0.0
2016-10-23 02:00:00,0.0
2016-10-23 03:00:00,0.0
2016-10-23 04:00:00,0.0
2016-10-23 05:00:00,6.05
2016-10-23 06:00:00,85.03
2016-10-23 07:00:00,229.95
2016-10-23 08:00:00,397.3
2016-10-23 09:00:00,607.22
2016-10-23 10:00:00,692.8
2016-10-23 11:00:00,804.22
2016-10-23 12:00:00,706.75
2016-10-23 13:00:00,650.3
2016-10-23 14:00:00,458.0
2016-10-23 15:00:00,249.5
2016-10-23 16:00:00,76.45
2016-10-23 17:00:00,0.0
2016-10-23 18:00:00,0.0
2016-10-23 19:00:00,0.0
2016-10-23 20:00:00,0.0
2016-10-23 21:00:00,0.0
2016-10-23 22:00:00,0.0
2016-10-23 23:00:00,0.0
2016-10-24 00:00:00,0.0
2016-10-24 01:00:00,0.0
2016-10-24 02:00:00,0.0
2016-10-24 03:00:00,0.0
2016-10-24 04:00:00,0.0
2016-10-24 05:00:00,6.97
2016-10-24 06:00:00,110.35
2016-10-24 07:00:00,297.55
2016-10-24 08:00:00,503.45
2016-10-24 09:00:00,681.53
2016-10-24 10:00:00,809.53
2016-10-24 11:00:00,861.42
2016-10-24 12:00:00,809.8
2016-10-24 13:00:00,673.15
2016-10-24 14:00:00,478.1
2016-10-24 15:00:00,266.12
2016-10-24 16:00:00,77.62
2016-10-24 17:00:00,0.0
2016-10-24 18:00:00,0.0
2016-10-24 19:00:00,0.0
2016-10-24 20:00:00,0.0
2016-10-24 21:00:00,0.0
2016-10-24 22:00:00,0.0
2016-10-24 23:00:00,0.0
2016-10-25 00:00:00,0.0
2016-10-25 01:00:00,0.0
2016-10-25 02:00:00,0.0
2016-10-25 03:00:00,0.0
2016-10-25 04:00:00,0.0
2016-10-25 05:00:00,7.3
2016-10-25 06:00:00,119.47
2016-10-25 07:00:00,315.5
2016-10-25 08:00:00,526.72
2016-10-25 09:00:00,710.67
2016-10-25 10:00:00,800.03
2016-10-25 11:00:00,878.15
2016-10-25 12:00:00,797.47
2016-10-25 13:00:00,703.62
2016-10-25 14:00:00,506.67
2016-10-25 15:00:00,294.77
2016-10-25 16:00:00,91.0
2016-10-25 17:00:00,0.0
2016-10-25 18:00:00,0.0
2016-10-25 19:00:00,0.0
2016-10-25 20:00:00,0.0
2016-10-25 21:00:00,0.0
2016-10-25 22:00:00,0.0
2016-10-25 23:00:00,0.0
2016-10-26 00:00:00,0.0
2016-10-26 01:00:00,0.0
2016-10-26 02:00:00,0.0
2016-10-26 03:00:00,0.0
2016-10-26 04:00:00,0.0
2016-10-26 05:00:00,7.4
2016-10-26 06:00:00,119.65
2016-10-26 07:00:00,316.98
2016-10-26 08:00:00,531.45
2016-10-26 09:00:00,710.53
2016-10-26 10:00:00,830.42
2016-10-26 11:00:00,846.65
2016-10-26 12:00:00,793.97
2016-10-26 13:00:00,684.83
2016-10-26 14:00:00,490.83
2016-10-26 15:00:00,273.98
2016-10-26 16:00:00,77.95
2016-10-26 17:00:00,0.0
2016-10-26 18:00:00,0.0
2016-10-26 19:00:00,0.0
2016-10-26 20:00:00,0.0
2016-10-26 21:00:00,0.0
2016-10-26 22:00:00,0.0
2016-10-26 23:00:00,0.0
2016-10-27 00:00:00,0.0
2016-10-27 01:00:00,0.0
2016-10-27 02:00:00,0.0
2016-10-27 03:00:00,0.0
2016-10-27 04:00:00,0.0
2016-10-27 05:00:00,6.75
2016-10-27 06:00:00,95.95
2016-10-27 07:00:00,251.9
2016-10-27 08:00:00,434.65
2016-10-27 09:00:00,567.55
2016-10-27 10:00:00,635.97
2016-10-27 11:00:00,574.28
2016-10-27 12:00:00,495.3
2016-10-27 13:00:00,392.4
2016-10-27 14:00:00,235.18
2016-10-27 15:00:00,136.1
2016-10-27 16:00:00,13.25
2016-10-27 17:00:00,0.0
2016-10-27 18:00:00,0.0
2016-10-27 19:00:00,0.0
2016-10-27 20:00:00,0.0
2016-10-27 21:00:00,0.0
2016-10-27 22:00:00,0.0
2016-10-27 23:00:00,0.0
2016-10-28 00:00:00,0.0
2016-10-28 01:00:00,0.0
2016-10-28 02:00:00,0.0
2016-10-28 03:00:00,0.0
2016-10-28 04:00:00,0.0
2016-10-28 05:00:00,5.18
2016-10-28 06:00:00,80.32
2016-10-28 07:00:00,205.77
2016-10-28 08:00:00,365.73
2016-10-28 09:00:00,532.9
2016-10-28 10:00:00,604.83
2016-10-28 11:00:00,624.58
2016-10-28 12:00:00,534.92
2016-10-28 13:00:00,463.1
2016-10-28 14:00:00,317.65
2016-10-28 15:00:00,145.25
2016-10-28 16:00:00,36.75
2016-10-28 17:00:00,0.0
2016-10-28 18:00:00,0.0
2016-10-28 19:00:00,0.0
2016-10-28 20:00:00,0.0
2016-10-28 21:00:00,0.0
2016-10-28 22:00:00,0.0
2016-10-28 23:00:00,0.0
2016-10-29 00:00:00,0.0
2016-10-29 01:00:00,0.0
2016-10-29 02:00:00,0.0
2016-10-29 03:00:00,0.0
2016-10-29 04:00:00,0.0
2016-10-29 05:00:00,3.8
2016-10-29 06:00:00,59.95
2016-10-29 07:00:00,161.77
2016-10-29 08:00:00,291.83
2016-10-29 09:00:00,424.55
2016-10-29 10:00:00,513.88
2016-10-29 11:00:00,624.9
2016-10-29 12:00:00,604.08
2016-10-29 13:00:00,504.75
2016-10-29 14:00:00,370.98
2016-10-29 15:00:00,207.12
2016-10-29 16:00:00,55.88
2016-10-29 17:00:00,0.0
2016-10-29 18:00:00,0.0
2016-10-29 19:00:00,0.0
2016-10-29 20:00:00,0.0
2016-10-29 21:00:00,0.0
2016-10-29 22:00:00,0.0
2016-10-29 23:00:00,0.0
2016-10-30 00:00:00,0.0
2016-10-30 01:00:00,0.0
2016-10-30 02:00:00,0.0
2016-10-30 03:00:00,0.0
2016-10-30 04:00:00,0.0
2016-10-30 05:00:00,2.22
2016-10-30 06:00:00,25.48
2016-10-30 07:00:00,65.15
2016-10-30 08:00:00,74.53
2016-10-30 09:00:00,89.2
2016-10-30 10:00:00,253.25
2016-10-30 11:00:00,374.6
2016-10-30 12:00:00,395.4
2016-10-30 13:00:00,421.98
2016-10-30 14:00:00,329.67
2016-10-30 15:00:00,183.43
2016-10-30 16:00:00,50.95
2016-10-30 17:00:00,0.0
2016-10-30 18:00:00,0.0
2016-10-30 19:00:00,0.0
2016-10-30 20:00:00,0.0
2016-10-30 21:00:00,0.0
2016-10-30 22:00:00,0.0
2016-10-30 23:00:00,0.0
2016-10-31 00:00:00,0.0
2016-10-31 01:00:00,0.0
2016-10-31 02:00:00,0.0
2016-10-31 03:00:00,0.0
2016-10-31 04:00:00,0.0
2016-10-31 05:00:00,6.28
2016-10-31 06:00:00,108.4
2016-10-31 07:00:00,287.58
2016-10-31 08:00:00,479.15
2016-10-31 09:00:00,676.88
2016-10-31 10:00:00,789.5
2016-10-31 11:00:00,851.28
2016-10-31 12:00:00,803.78
2016-10-31 13:00:00,675.9
2016-10-31 14:00:00,496.35
2016-10-31 15:00:00,277.92
2016-10-31 16:00:00,76.6
2016-10-31 17:00:00,0.0
2016-10-31 18:00:00,0.0
2016-10-31 19:00:00,0.0
2016-10-31 20:00:00,0.0
2016-10-31 21:00:00,0.0
2016-10-31 22:00:00,0.0
2016-10-31 23:00:00,0.0
2016-11-01 00:00:00,0.0
2016-11-01 01:00:00,0.0
2016-11-01 02:00:00,0.0
2016-11-01 03:00:00,0.0
2016-11-01 04:00:00,0.0
2016-11-01 05:00:00,7.3
2016-11-01 06:00:00,135.7
2016-11-01 07:00:00,350.48
2016-11-01 08:00:00,551.38
2016-11-01 09:00:00,725.1
2016-11-01 10:00:00,823.62
2016-11-01 11:00:00,817.53
2016-11-01 12:00:00,772.8
2016-11-01 13:00:00,656.88
2016-11-01 14:00:00,480.58
2016-11-01 15:00:00,252.48
2016-11-01 16:00:00,68.43
2016-11-01 17:00:00,0.0
2016-11-01 18:00:00,0.0
2016-11-01 19:00:00,0.0
2016-11-01 20:00:00,0.0
2016-11-01 21:00:00,0.0
2016-11-01 22:00:00,0.0
2016-11-01 23:00:00,0.0
2016-11-02 00:00:00,0.0
2016-11-02 01:00:00,0.0
2016-11-02 02:00:00,0.0
2016-11-02 03:00:00,0.0
2016-11-02 04:00:00,0.0
2016-11-02 05:00:00,4.45
2016-11-02 06:00:00,94.22
2016-11-02 07:00:00,224.48
2016-11-02 08:00:00,367.88
2016-11-02 09:00:00,580.88
2016-11-02 10:00:00,736.4
2016-11-02 11:00:00,758.88
2016-11-02 12:00:00,710.22
2016-11-02 13:00:00,559.15
2016-11-02 14:00:00,351.9
2016-11-02 15:00:00,186.57
2016-11-02 16:00:00,49.72
2016-11-02 17:00:00,0.0
2016-11-02 18:00:00,0.0
2016-11-02 19:00:00,0.0
2016-11-02 20:00:00,0.0
2016-11-02 21:00:00,0.0
2016-11-02 22:00:00,0.0
2016-11-02 23:00:00,0.0
2016-11-03 00:00:00,0.0
2016-11-03 01:00:00,0.0
2016-11-03 02:00:00,0.0
2016-11-03 03:00:00,0.0
2016-11-03 04:00:00,0.0
2016-11-03 05:00:00,5.47
2016-11-03 06:00:00,85.03
2016-11-03 07:00:00,244.75
2016-11-03 08:00:00,399.83
2016-11-03 09:00:00,523.15
2016-11-03 10:00:00,588.12
2016-11-03 11:00:00,557.3
2016-11-03 12:00:00,510.55
2016-11-03 13:00:00,451.38
2016-11-03 14:00:00,325.45
2016-11-03 15:00:00,196.15
2016-11-03 16:00:00,66.53
2016-11-03 17:00:00,0.0
2016-11-03 18:00:00,0.0
2016-11-03 19:00:00,0.0
2016-11-03 20:00:00,0.0
2016-11-03 21:00:00,0.0
2016-11-03 22:00:00,0.0
2016-11-03 23:00:00,0.0
2016-11-04 00:00:00,0.0
2016-11-04 01:00:00,0.0
2016-11-04 02:00:00,0.0
2016-11-04 03:00:00,0.0
2016-11-04 04:00:00,0.0
2016-11-04 05:00:00,5.88
2016-11-04 06:00:00,113.95
2016-11-04 07:00:00,306.08
2016-11-04 08:00:00,517.38
2016-11-04 09:00:00,680.35
2016-11-04 10:00:00,802.67
2016-11-04 11:00:00,855.88
2016-11-04 12:00:00,800.53
2016-11-04 13:00:00,675.65
2016-11-04 14:00:00,447.65
2016-11-04 15:00:00,249.35
2016-11-04 16:00:00,67.12
2016-11-04 17:00:00,0.0
2016-11-04 18:00:00,0.0
2016-11-04 19:00:00,0.0
2016-11-04 20:00:00,0.0
2016-11-04 21:00:00,0.0
2016-11-04 22:00:00,0.0
2016-11-04 23:00:00,0.0
2016-11-05 00:00:00,0.0
2016-11-05 01:00:00,0.0
2016-11-05 02:00:00,0.0
2016-11-05 03:00:00,0.0
2016-11-05 04:00:00,0.0
2016-11-05 05:00:00,5.68
2016-11-05 06:00:00,109.1
2016-11-05 07:00:00,304.95
2016-11-05 08:00:00,501.12
2016-11-05 09:00:00,649.6
2016-11-05 10:00:00,747.08
2016-11-05 11:00:00,789.83
2016-11-05 12:00:00,753.33
2016-11-05 13:00:00,645.03
2016-11-05 14:00:00,468.52
2016-11-05 15:00:00,247.4
2016-11-05 16:00:00,65.43
2016-11-05 17:00:00,0.0
2016-11-05 18:00:00,0.0
2016-11-05 19:00:00,0.0
2016-11-05 20:00:00,0.0
2016-11-05 21:00:00,0.0
2016-11-05 22:00:00,0.0
2016-11-05 23:00:00,0.0
2016-11-06 00:00:00,0.0
2016-11-06 01:00:00,0.0
2016-11-06 02:00:00,0.0
2016-11-06 03:00:00,0.0
2016-11-06 04:00:00,0.0
2016-11-06 05:00:00,5.53
2016-11-06 06:00:00,108.3
2016-11-06 07:00:00,304.15
2016-11-06 08:00:00,494.98
2016-11-06 09:00:00,682.05
2016-11-06 10:00:00,776.38
2016-11-06 11:00:00,811.03
2016-11-06 12:00:00,717.92
2016-11-06 13:00:00,608.0
2016-11-06 14:00:00,474.88
2016-11-06 15:00:00,253.75
2016-11-06 16:00:00,71.1
2016-11-06 17:00:00,0.0
2016-11-06 18:00:00,0.0
2016-11-06 19:00:00,0.0
2016-11-06 20:00:00,0.0
2016-11-06 21:00:00,0.0
2016-11-06 22:00:00,0.0
2016-11-06 23:00:00,0.0
2016-11-07 00:00:00,0.0
2016-11-07 01:00:00,0.0
2016-11-07 02:00:00,0.0
2016-11-07 03:00:00,0.0
2016-11-07 04:00:00,0.0
2016-11-07 05:00:00,4.78
2016-11-07 06:00:00,89.95
2016-11-07 07:00:00,230.18
2016-11-07 08:00:00,440.67
2016-11-07 09:00:00,598.1
2016-11-07 10:00:00,674.17
2016-11-07 11:00:00,767.25
2016-11-07 12:00:00,635.95
2016-11-07 13:00:00,558.83
2016-11-07 14:00:00,426.17
2016-11-07 15:00:00,206.9
2016-11-07 16:00:00,54.2
2016-11-07 17:00:00,0.0
2016-11-07 18:00:00,0.0
2016-11-07 19:00:00,0.0
2016-11-07 20:00:00,0.0
2016-11-07 21:00:00,0.0
2016-11-07 22:00:00,0.0
2016-11-07 23:00:00,0.0
2016-11-08 00:00:00,0.0
2016-11-08 01:00:00,0.0
2016-11-08 02:00:00,0.0
2016-11-08 03:00:00,0.0
2016-11-08 04:00:00,0.0
2016-11-08 05:00:00,5.43
2016-11-08 06:00:00,112.85
2016-11-08 07:00:00,299.42
2016-11-08 08:00:00,477.62
2016-11-08 09:00:00,705.92
2016-11-08 10:00:00,772.75
2016-11-08 11:00:00,776.42
2016-11-08 12:00:00,719.15
2016-11-08 13:00:00,629.47
2016-11-08 14:00:00,455.9
2016-11-08 15:00:00,252.45
2016-11-08 16:00:00,66.47
2016-11-08 17:00:00,0.0
2016-11-08 18:00:00,0.0
2016-11-08 19:00:00,0.0
2016-11-08 20:00:00,0.0
2016-11-08 21:00:00,0.0
2016-11-08 22:00:00,0.0
2016-11-08 23:00:00,0.0
2016-11-09 00:00:00,0.0
2016-11-09 01:00:00,0.0
2016-11-09 02:00:00,0.0
2016-11-09 03:00:00,0.0
2016-11-09 04:00:00,0.0
2016-11-09 05:00:00,4.65
2016-11-09 06:00:00,101.88
2016-11-09 07:00:00,295.25
2016-11-09 08:00:00,503.52
2016-11-09 09:00:00,674.38
2016-11-09 10:00:00,817.4
2016-11-09 11:00:00,822.65
2016-11-09 12:00:00,770.85
2016-11-09 13:00:00,653.1
2016-11-09 14:00:00,466.12
2016-11-09 15:00:00,255.35
2016-11-09 16:00:00,65.4
2016-11-09 17:00:00,0.0
2016-11-09 18:00:00,0.0
2016-11-09 19:00:00,0.0
2016-11-09 20:00:00,0.0
2016-11-09 21:00:00,0.0
2016-11-09 22:00:00,0.0
2016-11-09 23:00:00,0.0
2016-11-10 00:00:00,0.0
2016-11-10 01:00:00,0.0
2016-11-10 02:00:00,0.0
2016-11-10 03:00:00,0.0
2016-11-10 04:00:00,0.0
2016-11-10 05:00:00,4.97
2016-11-10 06:00:00,112.97
2016-11-10 07:00:00,311.67
2016-11-10 08:00:00,514.1
2016-11-10 09:00:00,694.47
2016-11-10 10:00:00,759.25
2016-11-10 11:00:00,790.97
2016-11-10 12:00:00,717.8
2016-11-10 13:00:00,626.12
2016-11-10 14:00:00,457.27
2016-11-10 15:00:00,248.73
2016-11-10 16:00:00,64.2
2016-11-10 17:00:00,0.0
2016-11-10 18:00:00,0.0
2016-11-10 19:00:00,0.0
2016-11-10 20:00:00,0.0
2016-11-10 21:00:00,0.0
2016-11-10 22:00:00,0.0
2016-11-10 23:00:00,0.0
2016-11-11 00:00:00,0.0
2016-11-11 01:00:00,0.0
2016-11-11 02:00:00,0.0
2016-11-11 03:00:00,0.0
2016-11-11 04:00:00,0.0
2016-11-11 05:00:00,4.38
2016-11-11 06:00:00,105.05
2016-11-11 07:00:00,303.58
2016-11-11 08:00:00,504.75
2016-11-11 09:00:00,680.47
2016-11-11 10:00:00,786.95
2016-11-11 11:00:00,782.35
2016-11-11 12:00:00,727.15
2016-11-11 13:00:00,635.72
2016-11-11 14:00:00,443.23
2016-11-11 15:00:00,232.48
2016-11-11 16:00:00,59.58
2016-11-11 17:00:00,0.0
2016-11-11 18:00:00,0.0
2016-11-11 19:00:00,0.0
2016-11-11 20:00:00,0.0
2016-11-11 21:00:00,0.0
2016-11-11 22:00:00,0.0
2016-11-11 23:00:00,0.0
2016-11-12 00:00:00,0.0
2016-11-12 01:00:00,0.0
2016-11-12 02:00:00,0.0
2016-11-12 03:00:00,0.0
2016-11-12 04:00:00,0.0
2016-11-12 05:00:00,4.47
2016-11-12 06:00:00,99.43
2016-11-12 07:00:00,273.55
2016-11-12 08:00:00,452.3
2016-11-12 09:00:00,625.97
2016-11-12 10:00:00,692.28
2016-11-12 11:00:00,684.55
2016-11-12 12:00:00,597.05
2016-11-12 13:00:00,545.1
2016-11-12 14:00:00,309.83
2016-11-12 15:00:00,157.68
2016-11-12 16:00:00,34.0
2016-11-12 17:00:00,0.0
2016-11-12 18:00:00,0.0
2016-11-12 19:00:00,0.0
2016-11-12 20:00:00,0.0
2016-11-12 21:00:00,0.0
2016-11-12 22:00:00,0.0
2016-11-12 23:00:00,0.0
2016-11-13 00:00:00,0.0
2016-11-13 01:00:00,0.0
2016-11-13 02:00:00,0.0
2016-11-13 03:00:00,0.0
2016-11-13 04:00:00,0.0
2016-11-13 05:00:00,3.5
2016-11-13 06:00:00,96.47
2016-11-13 07:00:00,285.08
2016-11-13 08:00:00,474.9
2016-11-13 09:00:00,675.2
2016-11-13 10:00:00,766.8
2016-11-13 11:00:00,781.8
2016-11-13 12:00:00,674.12
2016-11-13 13:00:00,539.92
2016-11-13 14:00:00,445.75
2016-11-13 15:00:00,232.0
2016-11-13 16:00:00,61.75
2016-11-13 17:00:00,0.0
2016-11-13 18:00:00,0.0
2016-11-13 19:00:00,0.0
2016-11-13 20:00:00,0.0
2016-11-13 21:00:00,0.0
2016-11-13 22:00:00,0.0
2016-11-13 23:00:00,0.0
2016-11-14 00:00:00,0.0
2016-11-14 01:00:00,0.0
2016-11-14 02:00:00,0.0
2016-11-14 03:00:00,0.0
2016-11-14 04:00:00,0.0
2016-11-14 05:00:00,4.82
2016-11-14 06:00:00,122.75
2016-11-14 07:00:00,337.0
2016-11-14 08:00:00,549.75
2016-11-14 09:00:00,717.8
2016-11-14 10:00:00,774.5
2016-11-14 11:00:00,805.4
2016-11-14 12:00:00,757.0
2016-11-14 13:00:00,647.4
2016-11-14 14:00:00,446.6
2016-11-14 15:00:00,248.3
2016-11-14 16:00:00,69.82
2016-11-14 17:00:00,0.0
2016-11-14 18:00:00,0.0
2016-11-14 19:00:00,0.0
2016-11-14 20:00:00,0.0
2016-11-14 21:00:00,0.0
2016-11-14 22:00:00,0.0
2016-11-14 23:00:00,0.0
2016-11-15 00:00:00,0.0
2016-11-15 01:00:00,0.0
2016-11-15 02:00:00,0.0
2016-11-15 03:00:00,0.0
2016-11-15 04:00:00,0.0
2016-11-15 05:00:00,5.35
2016-11-15 06:00:00,139.7
2016-11-15 07:00:00,362.0
2016-11-15 08:00:00,568.38
2016-11-15 09:00:00,747.47
2016-11-15 10:00:00,820.58
2016-11-15 11:00:00,863.03
2016-11-15 12:00:00,820.62
2016-11-15 13:00:00,663.38
2016-11-15 14:00:00,505.8
2016-11-15 15:00:00,284.25
2016-11-15 16:00:00,79.15
2016-11-15 17:00:00,0.0
2016-11-15 18:00:00,0.0
2016-11-15 19:00:00,0.0
2016-11-15 20:00:00,0.0
2016-11-15 21:00:00,0.0
2016-11-15 22:00:00,0.0
2016-11-15 23:00:00,0.0
2016-11-16 00:00:00,0.0
2016-11-16 01:00:00,0.0
2016-11-16 02:00:00,0.0
2016-11-16 03:00:00,0.0
2016-11-16 04:00:00,0.0
2016-11-16 05:00:00,3.78
2016-11-16 06:00:00,99.68
2016-11-16 07:00:00,287.55
2016-11-16 08:00:00,483.23
2016-11-16 09:00:00,661.67
2016-11-16 10:00:00,769.5
2016-11-16 11:00:00,798.8
2016-11-16 12:00:00,755.58
2016-11-16 13:00:00,620.75
2016-11-16 14:00:00,457.05
2016-11-16 15:00:00,241.05
2016-11-16 16:00:00,64.82
2016-11-16 17:00:00,0.0
2016-11-16 18:00:00,0.0
2016-11-16 19:00:00,0.0
2016-11-16 20:00:00,0.0
2016-11-16 21:00:00,0.0
2016-11-16 22:00:00,0.0
2016-11-16 23:00:00,0.0
2016-11-17 00:00:00,0.0
2016-11-17 01:00:00,0.0
2016-11-17 02:00:00,0.0
2016-11-17 03:00:00,0.0
2016-11-17 04:00:00,0.0
2016-11-17 05:00:00,3.22
2016-11-17 06:00:00,84.4
2016-11-17 07:00:00,241.55
2016-11-17 08:00:00,450.05
2016-11-17 09:00:00,643.38
2016-11-17 10:00:00,755.95
2016-11-17 11:00:00,777.8
2016-11-17 12:00:00,694.3
2016-11-17 13:00:00,577.85
2016-11-17 14:00:00,433.85
2016-11-17 15:00:00,219.55
2016-11-17 16:00:00,54.8
2016-11-17 17:00:00,0.0
2016-11-17 18:00:00,0.0
2016-11-17 19:00:00,0.0
2016-11-17 20:00:00,0.0
2016-11-17 21:00:00,0.0
2016-11-17 22:00:00,0.0
2016-11-17 23:00:00,0.0
2016-11-18 00:00:00,0.0
2016-11-18 01:00:00,0.0
2016-11-18 02:00:00,0.0
2016-11-18 03:00:00,0.0
2016-11-18 04:00:00,0.0
2016-11-18 05:00:00,3.3
2016-11-18 06:00:00,84.65
2016-11-18 07:00:00,242.52
2016-11-18 08:00:00,438.7
2016-11-18 09:00:00,552.67
2016-11-18 10:00:00,651.85
2016-11-18 11:00:00,734.62
2016-11-18 12:00:00,679.75
2016-11-18 13:00:00,551.35
2016-11-18 14:00:00,393.3
2016-11-18 15:00:00,200.3
2016-11-18 16:00:00,47.22
2016-11-18 17:00:00,0.0
2016-11-18 18:00:00,0.0
2016-11-18 19:00:00,0.0
2016-11-18 20:00:00,0.0
2016-11-18 21:00:00,0.0
2016-11-18 22:00:00,0.0
2016-11-18 23:00:00,0.0
2016-11-19 00:00:00,0.0
2016-11-19 01:00:00,0.0
2016-11-19 02:00:00,0.0
2016-11-19 03:00:00,0.0
2016-11-19 04:00:00,0.0
2016-11-19 05:00:00,3.03
2016-11-19 06:00:00,70.82
2016-11-19 07:00:00,221.75
2016-11-19 08:00:00,392.12
2016-11-19 09:00:00,462.3
2016-11-19 10:00:00,473.85
2016-11-19 11:00:00,584.95
2016-11-19 12:00:00,556.1
2016-11-19 13:00:00,428.65
2016-11-19 14:00:00,309.23
2016-11-19 15:00:00,165.55
2016-11-19 16:00:00,47.97
2016-11-19 17:00:00,0.0
2016-11-19 18:00:00,0.0
2016-11-19 19:00:00,0.0
2016-11-19 20:00:00,0.0
2016-11-19 21:00:00,0.0
2016-11-19 22:00:00,0.0
2016-11-19 23:00:00,0.0
2016-11-20 00:00:00,0.0
2016-11-20 01:00:00,0.0
2016-11-20 02:00:00,0.0
2016-11-20 03:00:00,0.0
2016-11-20 04:00:00,0.0
2016-11-20 05:00:00,3.45
2016-11-20 06:00:00,72.35
2016-11-20 07:00:00,221.15
2016-11-20 08:00:00,389.25
2016-11-20 09:00:00,481.85
2016-11-20 10:00:00,550.38
2016-11-20 11:00:00,546.83
2016-11-20 12:00:00,469.8
2016-11-20 13:00:00,335.45
2016-11-20 14:00:00,237.4
2016-11-20 15:00:00,120.68
2016-11-20 16:00:00,31.67
2016-11-20 17:00:00,0.0
2016-11-20 18:00:00,0.0
2016-11-20 19:00:00,0.0
2016-11-20 20:00:00,0.0
2016-11-20 21:00:00,0.0
2016-11-20 22:00:00,0.0
2016-11-20 23:00:00,0.0
2016-11-21 00:00:00,0.0
2016-11-21 01:00:00,0.0
2016-11-21 02:00:00,0.0
2016-11-21 03:00:00,0.0
2016-11-21 04:00:00,0.0
2016-11-21 05:00:00,2.95
2016-11-21 06:00:00,77.93
2016-11-21 07:00:00,258.65
2016-11-21 08:00:00,445.88
2016-11-21 09:00:00,597.08
2016-11-21 10:00:00,643.2
2016-11-21 11:00:00,669.3
2016-11-21 12:00:00,623.53
2016-11-21 13:00:00,484.77
2016-11-21 14:00:00,336.9
2016-11-21 15:00:00,184.15
2016-11-21 16:00:00,51.28
2016-11-21 17:00:00,0.0
2016-11-21 18:00:00,0.0
2016-11-21 19:00:00,0.0
2016-11-21 20:00:00,0.0
2016-11-21 21:00:00,0.0
2016-11-21 22:00:00,0.0
2016-11-21 23:00:00,0.0
2016-11-22 00:00:00,0.0
2016-11-22 01:00:00,0.0
2016-11-22 02:00:00,0.0
2016-11-22 03:00:00,0.0
2016-11-22 04:00:00,0.0
2016-11-22 05:00:00,0.0
2016-11-22 06:00:00,93.25
2016-11-22 07:00:00,275.55
2016-11-22 08:00:00,470.05
2016-11-22 09:00:00,652.05
2016-11-22 10:00:00,731.7
2016-11-22 11:00:00,787.38
2016-11-22 12:00:00,746.8
2016-11-22 13:00:00,647.58
2016-11-22 14:00:00,479.62
2016-11-22 15:00:00,268.38
2016-11-22 16:00:00,69.07
2016-11-22 17:00:00,0.0
2016-11-22 18:00:00,0.0
2016-11-22 19:00:00,0.0
2016-11-22 20:00:00,0.0
2016-11-22 21:00:00,0.0
2016-11-22 22:00:00,0.0
2016-11-22 23:00:00,0.0
2016-11-23 00:00:00,0.0
2016-11-23 01:00:00,0.0
2016-11-23 02:00:00,0.0
2016-11-23 03:00:00,0.0
2016-11-23 04:00:00,0.0
2016-11-23 05:00:00,0.0
2016-11-23 06:00:00,101.57
2016-11-23 07:00:00,295.25
2016-11-23 08:00:00,507.52
2016-11-23 09:00:00,682.78
2016-11-23 10:00:00,798.15
2016-11-23 11:00:00,838.25
2016-11-23 12:00:00,787.42
2016-11-23 13:00:00,674.35
2016-11-23 14:00:00,486.0
2016-11-23 15:00:00,272.35
2016-11-23 16:00:00,72.32
2016-11-23 17:00:00,0.0
2016-11-23 18:00:00,0.0
2016-11-23 19:00:00,0.0
2016-11-23 20:00:00,0.0
2016-11-23 21:00:00,0.0
2016-11-23 22:00:00,0.0
2016-11-23 23:00:00,0.0
2016-11-24 00:00:00,0.0
2016-11-24 01:00:00,0.0
2016-11-24 02:00:00,0.0
2016-11-24 03:00:00,0.0
2016-11-24 04:00:00,0.0
2016-11-24 05:00:00,0.0
2016-11-24 06:00:00,93.07
2016-11-24 07:00:00,268.75
2016-11-24 08:00:00,467.35
2016-11-24 09:00:00,656.85
2016-11-24 10:00:00,742.25
2016-11-24 11:00:00,784.5
2016-11-24 12:00:00,726.45
2016-11-24 13:00:00,635.35
2016-11-24 14:00:00,460.67
2016-11-24 15:00:00,250.18
2016-11-24 16:00:00,64.12
2016-11-24 17:00:00,0.0
2016-11-24 18:00:00,0.0
2016-11-24 19:00:00,0.0
2016-11-24 20:00:00,0.0
2016-11-24 21:00:00,0.0
2016-11-24 22:00:00,0.0
2016-11-24 23:00:00,0.0
2016-11-25 00:00:00,0.0
2016-11-25 01:00:00,0.0
2016-11-25 02:00:00,0.0
2016-11-25 03:00:00,0.0
2016-11-25 04:00:00,0.0
2016-11-25 05:00:00,0.0
2016-11-25 06:00:00,91.7
2016-11-25 07:00:00,250.32
2016-11-25 08:00:00,452.8
2016-11-25 09:00:00,631.4
2016-11-25 10:00:00,742.58
2016-11-25 11:00:00,787.42
2016-11-25 12:00:00,744.03
2016-11-25 13:00:00,629.1
2016-11-25 14:00:00,455.42
2016-11-25 15:00:00,226.52
2016-11-25 16:00:00,59.85
2016-11-25 17:00:00,0.0
2016-11-25 18:00:00,0.0
2016-11-25 19:00:00,0.0
2016-11-25 20:00:00,0.0
2016-11-25 21:00:00,0.0
2016-11-25 22:00:00,0.0
2016-11-25 23:00:00,0.0
2016-11-26 00:00:00,0.0
2016-11-26 01:00:00,0.0
2016-11-26 02:00:00,0.0
2016-11-26 03:00:00,0.0
2016-11-26 04:00:00,0.0
2016-11-26 05:00:00,0.0
2016-11-26 06:00:00,94.8
2016-11-26 07:00:00,260.8
2016-11-26 08:00:00,486.7
2016-11-26 09:00:00,662.08
2016-11-26 10:00:00,704.5
2016-11-26 11:00:00,790.85
2016-11-26 12:00:00,720.0
2016-11-26 13:00:00,628.6
2016-11-26 14:00:00,455.02
2016-11-26 15:00:00,248.45
2016-11-26 16:00:00,66.85
2016-11-26 17:00:00,0.0
2016-11-26 18:00:00,0.0
2016-11-26 19:00:00,0.0
2016-11-26 20:00:00,0.0
2016-11-26 21:00:00,0.0
2016-11-26 22:00:00,0.0
2016-11-26 23:00:00,0.0
2016-11-27 00:00:00,0.0
2016-11-27 01:00:00,0.0
2016-11-27 02:00:00,0.0
2016-11-27 03:00:00,0.0
2016-11-27 04:00:00,0.0
2016-11-27 05:00:00,0.0
2016-11-27 06:00:00,99.68
2016-11-27 07:00:00,270.25
2016-11-27 08:00:00,474.67
2016-11-27 09:00:00,611.67
2016-11-27 10:00:00,769.92
2016-11-27 11:00:00,790.08
2016-11-27 12:00:00,761.1
2016-11-27 13:00:00,658.55
2016-11-27 14:00:00,479.48
2016-11-27 15:00:00,264.85
2016-11-27 16:00:00,71.5
2016-11-27 17:00:00,0.0
2016-11-27 18:00:00,0.0
2016-11-27 19:00:00,0.0
2016-11-27 20:00:00,0.0
2016-11-27 21:00:00,0.0
2016-11-27 22:00:00,0.0
2016-11-27 23:00:00,0.0
2016-11-28 00:00:00,0.0
2016-11-28 01:00:00,0.0
2016-11-28 02:00:00,0.0
2016-11-28 03:00:00,0.0
2016-11-28 04:00:00,0.0
2016-11-28 05:00:00,0.0
2016-11-28 06:00:00,88.75
2016-11-28 07:00:00,254.1
2016-11-28 08:00:00,448.58
2016-11-28 09:00:00,509.92
2016-11-28 10:00:00,565.47
2016-11-28 11:00:00,586.8
2016-11-28 12:00:00,599.65
2016-11-28 13:00:00,423.6
2016-11-28 14:00:00,433.88
2016-11-28 15:00:00,236.6
2016-11-28 16:00:00,64.12
2016-11-28 17:00:00,0.0
2016-11-28 18:00:00,0.0
2016-11-28 19:00:00,0.0
2016-11-28 20:00:00,0.0
2016-11-28 21:00:00,0.0
2016-11-28 22:00:00,0.0
2016-11-28 23:00:00,0.0
2016-11-29 00:00:00,0.0
2016-11-29 01:00:00,0.0
2016-11-29 02:00:00,0.0
2016-11-29 03:00:00,0.0
2016-11-29 04:00:00,0.0
2016-11-29 05:00:00,0.0
2016-11-29 06:00:00,66.9
2016-11-29 07:00:00,210.75
2016-11-29 08:00:00,363.9
2016-11-29 09:00:00,512.67
2016-11-29 10:00:00,624.75
2016-11-29 11:00:00,719.28
2016-11-29 12:00:00,558.22
2016-11-29 13:00:00,460.85
2016-11-29 14:00:00,325.48
2016-11-29 15:00:00,183.93
2016-11-29 16:00:00,62.15
2016-11-29 17:00:00,0.0
2016-11-29 18:00:00,0.0
2016-11-29 19:00:00,0.0
2016-11-29 20:00:00,0.0
2016-11-29 21:00:00,0.0
2016-11-29 22:00:00,0.0
2016-11-29 23:00:00,0.0
2016-11-30 00:00:00,0.0
2016-11-30 01:00:00,0.0
2016-11-30 02:00:00,0.0
2016-11-30 03:00:00,0.0
2016-11-30 04:00:00,0.0
2016-11-30 05:00:00,0.0
2016-11-30 06:00:00,68.68
2016-11-30 07:00:00,194.48
2016-11-30 08:00:00,331.52
2016-11-30 09:00:00,428.5
2016-11-30 10:00:00,525.12
2016-11-30 11:00:00,558.33
2016-11-30 12:00:00,531.1
2016-11-30 13:00:00,405.38
2016-11-30 14:00:00,354.25
2016-11-30 15:00:00,187.1
2016-11-30 16:00:00,56.8
2016-11-30 17:00:00,0.0
2016-11-30 18:00:00,0.0
2016-11-30 19:00:00,0.0
2016-11-30 20:00:00,0.0
2016-11-30 21:00:00,0.0
2016-11-30 22:00:00,0.0
2016-11-30 23:00:00,0.0
2016-12-01 00:00:00,0.0
2016-12-01 01:00:00,0.0
2016-12-01 02:00:00,0.0
2016-12-01 03:00:00,0.0
2016-12-01 04:00:00,0.0
2016-12-01 05:00:00,0.0
2016-12-01 06:00:00,39.3
2016-12-01 07:00:00,112.8
2016-12-01 08:00:00,193.77
2016-12-01 09:00:00,282.05
2016-12-01 10:00:00,400.15
2016-12-01 11:00:00,472.2
2016-12-01 12:00:00,453.15
2016-12-01 13:00:00,481.35
2016-12-01 14:00:00,324.33
2016-12-01 15:00:00,193.75
2016-12-01 16:00:00,62.08
2016-12-01 17:00:00,0.0
2016-12-01 18:00:00,0.0
2016-12-01 19:00:00,0.0
2016-12-01 20:00:00,0.0
2016-12-01 21:00:00,0.0
2016-12-01 22:00:00,0.0
2016-12-01 23:00:00,0.0
2016-12-02 00:00:00,0.0
2016-12-02 01:00:00,0.0
2016-12-02 02:00:00,0.0
2016-12-02 03:00:00,0.0
2016-12-02 04:00:00,0.0
2016-12-02 05:00:00,0.0
2016-12-02 06:00:00,58.38
2016-12-02 07:00:00,153.45
2016-12-02 08:00:00,268.85
2016-12-02 09:00:00,331.58
2016-12-02 10:00:00,459.42
2016-12-02 11:00:00,421.1
2016-12-02 12:00:00,388.45
2016-12-02 13:00:00,297.58
2016-12-02 14:00:00,164.02
2016-12-02 15:00:00,85.2
2016-12-02 16:00:00,21.65
2016-12-02 17:00:00,0.0
2016-12-02 18:00:00,0.0
2016-12-02 19:00:00,0.0
2016-12-02 20:00:00,0.0
2016-12-02 21:00:00,0.0
2016-12-02 22:00:00,0.0
2016-12-02 23:00:00,0.0
2016-12-03 00:00:00,0.0
2016-12-03 01:00:00,0.0
2016-12-03 02:00:00,0.0
2016-12-03 03:00:00,0.0
2016-12-03 04:00:00,0.0
2016-12-03 05:00:00,0.0
2016-12-03 06:00:00,74.32
2016-12-03 07:00:00,213.12
2016-12-03 08:00:00,395.52
2016-12-03 09:00:00,551.1
2016-12-03 10:00:00,634.97
2016-12-03 11:00:00,719.83
2016-12-03 12:00:00,685.55
2016-12-03 13:00:00,541.28
2016-12-03 14:00:00,432.95
2016-12-03 15:00:00,238.5
2016-12-03 16:00:00,71.68
2016-12-03 17:00:00,0.0
2016-12-03 18:00:00,0.0
2016-12-03 19:00:00,0.0
2016-12-03 20:00:00,0.0
2016-12-03 21:00:00,0.0
2016-12-03 22:00:00,0.0
2016-12-03 23:00:00,0.0
2016-12-04 00:00:00,0.0
2016-12-04 01:00:00,0.0
2016-12-04 02:00:00,0.0
2016-12-04 03:00:00,0.0
2016-12-04 04:00:00,0.0
2016-12-04 05:00:00,0.0
2016-12-04 06:00:00,76.32
2016-12-04 07:00:00,229.88
2016-12-04 08:00:00,389.6
2016-12-04 09:00:00,592.08
2016-12-04 10:00:00,681.72
2016-12-04 11:00:00,649.58
2016-12-04 12:00:00,644.0
2016-12-04 13:00:00,544.6
2016-12-04 14:00:00,394.62
2016-12-04 15:00:00,211.73
2016-12-04 16:00:00,59.0
2016-12-04 17:00:00,0.0
2016-12-04 18:00:00,0.0
2016-12-04 19:00:00,0.0
2016-12-04 20:00:00,0.0
2016-12-04 21:00:00,0.0
2016-12-04 22:00:00,0.0
2016-12-04 23:00:00,0.0
2016-12-05 00:00:00,0.0
2016-12-05 01:00:00,0.0
2016-12-05 02:00:00,0.0
2016-12-05 03:00:00,0.0
2016-12-05 04:00:00,0.0
2016-12-05 05:00:00,0.0
2016-12-05 06:00:00,84.1
2016-12-05 07:00:00,264.38
2016-12-05 08:00:00,458.0
2016-12-05 09:00:00,650.53
2016-12-05 10:00:00,707.85
2016-12-05 11:00:00,744.83
2016-12-05 12:00:00,715.65
2016-12-05 13:00:00,612.17
2016-12-05 14:00:00,449.17
2016-12-05 15:00:00,256.33
2016-12-05 16:00:00,72.15
2016-12-05 17:00:00,0.0
2016-12-05 18:00:00,0.0
2016-12-05 19:00:00,0.0
2016-12-05 20:00:00,0.0
2016-12-05 21:00:00,0.0
2016-12-05 22:00:00,0.0
2016-12-05 23:00:00,0.0
2016-12-06 00:00:00,0.0
2016-12-06 01:00:00,0.0
2016-12-06 02:00:00,0.0
2016-12-06 03:00:00,0.0
2016-12-06 04:00:00,0.0
2016-12-06 05:00:00,0.0
2016-12-06 06:00:00,72.25
2016-12-06 07:00:00,220.95
2016-12-06 08:00:00,413.5
2016-12-06 09:00:00,579.08
2016-12-06 10:00:00,733.08
2016-12-06 11:00:00,757.9
2016-12-06 12:00:00,711.8
2016-12-06 13:00:00,610.58
2016-12-06 14:00:00,445.52
2016-12-06 15:00:00,247.57
2016-12-06 16:00:00,73.4
2016-12-06 17:00:00,0.0
2016-12-06 18:00:00,0.0
2016-12-06 19:00:00,0.0
2016-12-06 20:00:00,0.0
2016-12-06 21:00:00,0.0
2016-12-06 22:00:00,0.0
2016-12-06 23:00:00,0.0
2016-12-07 00:00:00,0.0
2016-12-07 01:00:00,0.0
2016-12-07 02:00:00,0.0
2016-12-07 03:00:00,0.0
2016-12-07 04:00:00,0.0
2016-12-07 05:00:00,0.0
2016-12-07 06:00:00,29.6
2016-12-07 07:00:00,89.3
2016-12-07 08:00:00,151.32
2016-12-07 09:00:00,263.48
2016-12-07 10:00:00,354.83
2016-12-07 11:00:00,379.83
2016-12-07 12:00:00,370.42
2016-12-07 13:00:00,424.27
2016-12-07 14:00:00,261.92
2016-12-07 15:00:00,142.85
2016-12-07 16:00:00,42.22
2016-12-07 17:00:00,0.0
2016-12-07 18:00:00,0.0
2016-12-07 19:00:00,0.0
2016-12-07 20:00:00,0.0
2016-12-07 21:00:00,0.0
2016-12-07 22:00:00,0.0
2016-12-07 23:00:00,0.0
2016-12-08 00:00:00,0.0
2016-12-08 01:00:00,0.0
2016-12-08 02:00:00,0.0
2016-12-08 03:00:00,0.0
2016-12-08 04:00:00,0.0
2016-12-08 05:00:00,0.0
2016-12-08 06:00:00,59.97
2016-12-08 07:00:00,202.05
2016-12-08 08:00:00,368.98
2016-12-08 09:00:00,546.92
2016-12-08 10:00:00,659.92
2016-12-08 11:00:00,703.28
2016-12-08 12:00:00,684.5
2016-12-08 13:00:00,598.95
2016-12-08 14:00:00,449.12
2016-12-08 15:00:00,247.7
2016-12-08 16:00:00,73.82
2016-12-08 17:00:00,0.0
2016-12-08 18:00:00,0.0
2016-12-08 19:00:00,0.0
2016-12-08 20:00:00,0.0
2016-12-08 21:00:00,0.0
2016-12-08 22:00:00,0.0
2016-12-08 23:00:00,0.0
2016-12-09 00:00:00,0.0
2016-12-09 01:00:00,0.0
2016-12-09 02:00:00,0.0
2016-12-09 03:00:00,0.0
2016-12-09 04:00:00,0.0
2016-12-09 05:00:00,0.0
2016-12-09 06:00:00,72.35
2016-12-09 07:00:00,238.5
2016-12-09 08:00:00,463.33
2016-12-09 09:00:00,606.08
2016-12-09 10:00:00,710.62
2016-12-09 11:00:00,713.1
2016-12-09 12:00:00,692.62
2016-12-09 13:00:00,564.97
2016-12-09 14:00:00,408.92
2016-12-09 15:00:00,221.35
2016-12-09 16:00:00,67.6
2016-12-09 17:00:00,0.0
2016-12-09 18:00:00,0.0
2016-12-09 19:00:00,0.0
2016-12-09 20:00:00,0.0
2016-12-09 21:00:00,0.0
2016-12-09 22:00:00,0.0
2016-12-09 23:00:00,0.0
2016-12-10 00:00:00,0.0
2016-12-10 01:00:00,0.0
2016-12-10 02:00:00,0.0
2016-12-10 03:00:00,0.0
2016-12-10 04:00:00,0.0
2016-12-10 05:00:00,0.0
2016-12-10 06:00:00,57.05
2016-12-10 07:00:00,192.27
2016-12-10 08:00:00,357.92
2016-12-10 09:00:00,485.2
2016-12-10 10:00:00,558.03
2016-12-10 11:00:00,649.62
2016-12-10 12:00:00,573.0
2016-12-10 13:00:00,485.02
2016-12-10 14:00:00,308.23
2016-12-10 15:00:00,167.27
2016-12-10 16:00:00,44.92
2016-12-10 17:00:00,0.0
2016-12-10 18:00:00,0.0
2016-12-10 19:00:00,0.0
2016-12-10 20:00:00,0.0
2016-12-10 21:00:00,0.0
2016-12-10 22:00:00,0.0
2016-12-10 23:00:00,0.0
2016-12-11 00:00:00,0.0
2016-12-11 01:00:00,0.0
2016-12-11 02:00:00,0.0
2016-12-11 03:00:00,0.0
2016-12-11 04:00:00,0.0
2016-12-11 05:00:00,0.0
2016-12-11 06:00:00,26.77
2016-12-11 07:00:00,125.5
2016-12-11 08:00:00,198.48
2016-12-11 09:00:00,330.02
2016-12-11 10:00:00,285.27
2016-12-11 11:00:00,296.85
2016-12-11 12:00:00,352.75
2016-12-11 13:00:00,185.18
2016-12-11 14:00:00,131.73
2016-12-11 15:00:00,74.2
2016-12-11 16:00:00,22.83
2016-12-11 17:00:00,0.0
2016-12-11 18:00:00,0.0
2016-12-11 19:00:00,0.0
2016-12-11 20:00:00,0.0
2016-12-11 21:00:00,0.0
2016-12-11 22:00:00,0.0
2016-12-11 23:00:00,0.0
2016-12-12 00:00:00,0.0
2016-12-12 01:00:00,0.0
2016-12-12 02:00:00,0.0
2016-12-12 03:00:00,0.0
2016-12-12 04:00:00,0.0
2016-12-12 05:00:00,0.0
2016-12-12 06:00:00,8.02
2016-12-12 07:00:00,20.0
2016-12-12 08:00:00,35.97
2016-12-12 09:00:00,49.85
2016-12-12 10:00:00,44.92
2016-12-12 11:00:00,64.32
2016-12-12 12:00:00,81.1
2016-12-12 13:00:00,99.22
2016-12-12 14:00:00,87.32
2016-12-12 15:00:00,57.67
2016-12-12 16:00:00,20.08
2016-12-12 17:00:00,0.0
2016-12-12 18:00:00,0.0
2016-12-12 19:00:00,0.0
2016-12-12 20:00:00,0.0
2016-12-12 21:00:00,0.0
2016-12-12 22:00:00,0.0
2016-12-12 23:00:00,0.0
2016-12-13 00:00:00,0.0
2016-12-13 01:00:00,0.0
2016-12-13 02:00:00,0.0
2016-12-13 03:00:00,0.0
2016-12-13 04:00:00,0.0
2016-12-13 05:00:00,0.0
2016-12-13 06:00:00,46.05
2016-12-13 07:00:00,147.98
2016-12-13 08:00:00,281.45
2016-12-13 09:00:00,409.38
2016-12-13 10:00:00,505.55
2016-12-13 11:00:00,649.4
2016-12-13 12:00:00,640.47
2016-12-13 13:00:00,603.08
2016-12-13 14:00:00,471.5
2016-12-13 15:00:00,269.3
2016-12-13 16:00:00,89.75
2016-12-13 17:00:00,0.0
2016-12-13 18:00:00,0.0
2016-12-13 19:00:00,0.0
2016-12-13 20:00:00,0.0
2016-12-13 21:00:00,0.0
2016-12-13 22:00:00,0.0
2016-12-13 23:00:00,0.0
2016-12-14 00:00:00,0.0
2016-12-14 01:00:00,0.0
2016-12-14 02:00:00,0.0
2016-12-14 03:00:00,0.0
2016-12-14 04:00:00,0.0
2016-12-14 05:00:00,0.0
2016-12-14 06:00:00,77.05
2016-12-14 07:00:00,255.5
2016-12-14 08:00:00,456.55
2016-12-14 09:00:00,636.97
2016-12-14 10:00:00,717.67
2016-12-14 11:00:00,768.42
2016-12-14 12:00:00,697.62
2016-12-14 13:00:00,538.28
2016-12-14 14:00:00,455.95
2016-12-14 15:00:00,271.2
2016-12-14 16:00:00,92.6
2016-12-14 17:00:00,0.0
2016-12-14 18:00:00,0.0
2016-12-14 19:00:00,0.0
2016-12-14 20:00:00,0.0
2016-12-14 21:00:00,0.0
2016-12-14 22:00:00,0.0
2016-12-14 23:00:00,0.0
2016-12-15 00:00:00,0.0
2016-12-15 01:00:00,0.0
2016-12-15 02:00:00,0.0
2016-12-15 03:00:00,0.0
2016-12-15 04:00:00,0.0
2016-12-15 05:00:00,0.0
2016-12-15 06:00:00,69.5
2016-12-15 07:00:00,265.25
2016-12-15 08:00:00,470.8
2016-12-15 09:00:00,649.5
2016-12-15 10:00:00,759.78
2016-12-15 11:00:00,825.85
2016-12-15 12:00:00,785.28
2016-12-15 13:00:00,678.88
2016-12-15 14:00:00,518.95
2016-12-15 15:00:00,314.52
2016-12-15 16:00:00,106.88
2016-12-15 17:00:00,0.0
2016-12-15 18:00:00,0.0
2016-12-15 19:00:00,0.0
2016-12-15 20:00:00,0.0
2016-12-15 21:00:00,0.0
2016-12-15 22:00:00,0.0
2016-12-15 23:00:00,0.0
2016-12-16 00:00:00,0.0
2016-12-16 01:00:00,0.0
2016-12-16 02:00:00,0.0
2016-12-16 03:00:00,0.0
2016-12-16 04:00:00,0.0
2016-12-16 05:00:00,0.0
2016-12-16 06:00:00,57.05
2016-12-16 07:00:00,234.12
2016-12-16 08:00:00,435.35
2016-12-16 09:00:00,604.28
2016-12-16 10:00:00,709.3
2016-12-16 11:00:00,771.3
2016-12-16 12:00:00,738.58
2016-12-16 13:00:00,655.0
2016-12-16 14:00:00,471.05
2016-12-16 15:00:00,270.5
2016-12-16 16:00:00,84.72
2016-12-16 17:00:00,0.0
2016-12-16 18:00:00,0.0
2016-12-16 19:00:00,0.0
2016-12-16 20:00:00,0.0
2016-12-16 21:00:00,0.0
2016-12-16 22:00:00,0.0
2016-12-16 23:00:00,0.0
2016-12-17 00:00:00,0.0
2016-12-17 01:00:00,0.0
2016-12-17 02:00:00,0.0
2016-12-17 03:00:00,0.0
2016-12-17 04:00:00,0.0
2016-12-17 05:00:00,0.0
2016-12-17 06:00:00,70.28
2016-12-17 07:00:00,262.58
2016-12-17 08:00:00,458.1
2016-12-17 09:00:00,615.1
2016-12-17 10:00:00,727.0
2016-12-17 11:00:00,730.25
2016-12-17 12:00:00,701.53
2016-12-17 13:00:00,602.15
2016-12-17 14:00:00,449.33
2016-12-17 15:00:00,265.5
2016-12-17 16:00:00,87.93
2016-12-17 17:00:00,0.0
2016-12-17 18:00:00,0.0
2016-12-17 19:00:00,0.0
2016-12-17 20:00:00,0.0
2016-12-17 21:00:00,0.0
2016-12-17 22:00:00,0.0
2016-12-17 23:00:00,0.0
2016-12-18 00:00:00,0.0
2016-12-18 01:00:00,0.0
2016-12-18 02:00:00,0.0
2016-12-18 03:00:00,0.0
2016-12-18 04:00:00,0.0
2016-12-18 05:00:00,0.0
2016-12-18 06:00:00,66.07
2016-12-18 07:00:00,257.27
2016-12-18 08:00:00,457.05
2016-12-18 09:00:00,606.4
2016-12-18 10:00:00,727.47
2016-12-18 11:00:00,728.95
2016-12-18 12:00:00,703.78
2016-12-18 13:00:00,606.65
2016-12-18 14:00:00,456.88
2016-12-18 15:00:00,267.92
2016-12-18 16:00:00,87.18
2016-12-18 17:00:00,0.0
2016-12-18 18:00:00,0.0
2016-12-18 19:00:00,0.0
2016-12-18 20:00:00,0.0
2016-12-18 21:00:00,0.0
2016-12-18 22:00:00,0.0
2016-12-18 23:00:00,0.0
2016-12-19 00:00:00,0.0
2016-12-19 01:00:00,0.0
2016-12-19 02:00:00,0.0
2016-12-19 03:00:00,0.0
2016-12-19 04:00:00,0.0
2016-12-19 05:00:00,0.0
2016-12-19 06:00:00,56.92
2016-12-19 07:00:00,194.73
2016-12-19 08:00:00,368.23
2016-12-19 09:00:00,482.7
2016-12-19 10:00:00,579.12
2016-12-19 11:00:00,563.45
2016-12-19 12:00:00,559.15
2016-12-19 13:00:00,494.17
2016-12-19 14:00:00,377.9
2016-12-19 15:00:00,227.25
2016-12-19 16:00:00,79.1
2016-12-19 17:00:00,0.0
2016-12-19 18:00:00,0.0
2016-12-19 19:00:00,0.0
2016-12-19 20:00:00,0.0
2016-12-19 21:00:00,0.0
2016-12-19 22:00:00,0.0
2016-12-19 23:00:00,0.0
2016-12-20 00:00:00,0.0
2016-12-20 01:00:00,0.0
2016-12-20 02:00:00,0.0
2016-12-20 03:00:00,0.0
2016-12-20 04:00:00,0.0
2016-12-20 05:00:00,0.0
2016-12-20 06:00:00,40.38
2016-12-20 07:00:00,137.85
2016-12-20 08:00:00,282.52
2016-12-20 09:00:00,465.1
2016-12-20 10:00:00,537.83
2016-12-20 11:00:00,697.05
2016-12-20 12:00:00,685.0
2016-12-20 13:00:00,629.78
2016-12-20 14:00:00,454.75
2016-12-20 15:00:00,276.62
2016-12-20 16:00:00,97.82
2016-12-20 17:00:00,0.0
2016-12-20 18:00:00,0.0
2016-12-20 19:00:00,0.0
2016-12-20 20:00:00,0.0
2016-12-20 21:00:00,0.0
2016-12-20 22:00:00,0.0
2016-12-20 23:00:00,0.0
2016-12-21 00:00:00,0.0
2016-12-21 01:00:00,0.0
2016-12-21 02:00:00,0.0
2016-12-21 03:00:00,0.0
2016-12-21 04:00:00,0.0
2016-12-21 05:00:00,0.0
2016-12-21 06:00:00,56.03
2016-12-21 07:00:00,241.23
2016-12-21 08:00:00,448.1
2016-12-21 09:00:00,580.53
2016-12-21 10:00:00,715.25
2016-12-21 11:00:00,738.85
2016-12-21 12:00:00,666.12
2016-12-21 13:00:00,580.05
2016-12-21 14:00:00,493.38
2016-12-21 15:00:00,292.23
2016-12-21 16:00:00,102.4
2016-12-21 17:00:00,0.0
2016-12-21 18:00:00,0.0
2016-12-21 19:00:00,0.0
2016-12-21 20:00:00,0.0
2016-12-21 21:00:00,0.0
2016-12-21 22:00:00,0.0
2016-12-21 23:00:00,0.0
2016-12-22 00:00:00,0.0
2016-12-22 01:00:00,0.0
2016-12-22 02:00:00,0.0
2016-12-22 03:00:00,0.0
2016-12-22 04:00:00,0.0
2016-12-22 05:00:00,0.0
2016-12-22 06:00:00,63.17
2016-12-22 07:00:00,259.75
2016-12-22 08:00:00,468.4
2016-12-22 09:00:00,638.38
2016-12-22 10:00:00,767.45
2016-12-22 11:00:00,811.88
2016-12-22 12:00:00,782.8
2016-12-22 13:00:00,656.55
2016-12-22 14:00:00,516.05
2016-12-22 15:00:00,313.55
2016-12-22 16:00:00,111.1
2016-12-22 17:00:00,0.0
2016-12-22 18:00:00,0.0
2016-12-22 19:00:00,0.0
2016-12-22 20:00:00,0.0
2016-12-22 21:00:00,0.0
2016-12-22 22:00:00,0.0
2016-12-22 23:00:00,0.0
2016-12-23 00:00:00,0.0
2016-12-23 01:00:00,0.0
2016-12-23 02:00:00,0.0
2016-12-23 03:00:00,0.0
2016-12-23 04:00:00,0.0
2016-12-23 05:00:00,0.0
2016-12-23 06:00:00,64.97
2016-12-23 07:00:00,271.25
2016-12-23 08:00:00,488.12
2016-12-23 09:00:00,669.65
2016-12-23 10:00:00,743.3
2016-12-23 11:00:00,824.03
2016-12-23 12:00:00,791.4
2016-12-23 13:00:00,669.38
2016-12-23 14:00:00,528.9
2016-12-23 15:00:00,318.2
2016-12-23 16:00:00,111.57
2016-12-23 17:00:00,0.0
2016-12-23 18:00:00,0.0
2016-12-23 19:00:00,0.0
2016-12-23 20:00:00,0.0
2016-12-23 21:00:00,0.0
2016-12-23 22:00:00,0.0
2016-12-23 23:00:00,0.0
2016-12-24 00:00:00,0.0
2016-12-24 01:00:00,0.0
2016-12-24 02:00:00,0.0
2016-12-24 03:00:00,0.0
2016-12-24 04:00:00,0.0
2016-12-24 05:00:00,0.0
2016-12-24 06:00:00,61.92
2016-12-24 07:00:00,265.3
2016-12-24 08:00:00,480.98
2016-12-24 09:00:00,677.4
2016-12-24 10:00:00,780.38
2016-12-24 11:00:00,793.9
2016-12-24 12:00:00,757.83
2016-12-24 13:00:00,653.78
2016-12-24 14:00:00,503.02
2016-12-24 15:00:00,301.7
2016-12-24 16:00:00,105.35
2016-12-24 17:00:00,0.0
2016-12-24 18:00:00,0.0
2016-12-24 19:00:00,0.0
2016-12-24 20:00:00,0.0
2016-12-24 21:00:00,0.0
2016-12-24 22:00:00,0.0
2016-12-24 23:00:00,0.0
2016-12-25 00:00:00,0.0
2016-12-25 01:00:00,0.0
2016-12-25 02:00:00,0.0
2016-12-25 03:00:00,0.0
2016-12-25 04:00:00,0.0
2016-12-25 05:00:00,0.0
2016-12-25 06:00:00,59.12
2016-12-25 07:00:00,254.52
2016-12-25 08:00:00,474.73
2016-12-25 09:00:00,656.28
2016-12-25 10:00:00,775.22
2016-12-25 11:00:00,801.78
2016-12-25 12:00:00,774.7
2016-12-25 13:00:00,669.72
2016-12-25 14:00:00,515.17
2016-12-25 15:00:00,303.15
2016-12-25 16:00:00,106.2
2016-12-25 17:00:00,0.0
2016-12-25 18:00:00,0.0
2016-12-25 19:00:00,0.0
2016-12-25 20:00:00,0.0
2016-12-25 21:00:00,0.0
2016-12-25 22:00:00,0.0
2016-12-25 23:00:00,0.0
2016-12-26 00:00:00,0.0
2016-12-26 01:00:00,0.0
2016-12-26 02:00:00,0.0
2016-12-26 03:00:00,0.0
2016-12-26 04:00:00,0.0
2016-12-26 05:00:00,0.0
2016-12-26 06:00:00,54.55
2016-12-26 07:00:00,235.0
2016-12-26 08:00:00,446.88
2016-12-26 09:00:00,617.88
2016-12-26 10:00:00,696.3
2016-12-26 11:00:00,751.5
2016-12-26 12:00:00,666.45
2016-12-26 13:00:00,556.6
2016-12-26 14:00:00,468.08
2016-12-26 15:00:00,261.98
2016-12-26 16:00:00,88.97
2016-12-26 17:00:00,0.0
2016-12-26 18:00:00,0.0
2016-12-26 19:00:00,0.0
2016-12-26 20:00:00,0.0
2016-12-26 21:00:00,0.0
2016-12-26 22:00:00,0.0
2016-12-26 23:00:00,0.0
2016-12-27 00:00:00,0.0
2016-12-27 01:00:00,0.0
2016-12-27 02:00:00,0.0
2016-12-27 03:00:00,0.0
2016-12-27 04:00:00,0.0
2016-12-27 05:00:00,0.0
2016-12-27 06:00:00,48.72
2016-12-27 07:00:00,215.32
2016-12-27 08:00:00,407.25
2016-12-27 09:00:00,475.33
2016-12-27 10:00:00,591.3
2016-12-27 11:00:00,553.58
2016-12-27 12:00:00,421.02
2016-12-27 13:00:00,422.2
2016-12-27 14:00:00,258.45
2016-12-27 15:00:00,179.62
2016-12-27 16:00:00,78.05
2016-12-27 17:00:00,0.0
2016-12-27 18:00:00,0.0
2016-12-27 19:00:00,0.0
2016-12-27 20:00:00,0.0
2016-12-27 21:00:00,0.0
2016-12-27 22:00:00,0.0
2016-12-27 23:00:00,0.0
2016-12-28 00:00:00,0.0
2016-12-28 01:00:00,0.0
2016-12-28 02:00:00,0.0
2016-12-28 03:00:00,0.0
2016-12-28 04:00:00,0.0
2016-12-28 05:00:00,0.0
2016-12-28 06:00:00,45.2
2016-12-28 07:00:00,205.05
2016-12-28 08:00:00,406.73
2016-12-28 09:00:00,588.1
2016-12-28 10:00:00,667.0
2016-12-28 11:00:00,742.67
2016-12-28 12:00:00,718.15
2016-12-28 13:00:00,659.97
2016-12-28 14:00:00,509.15
2016-12-28 15:00:00,313.25
2016-12-28 16:00:00,109.35
2016-12-28 17:00:00,3.55
2016-12-28 18:00:00,0.0
2016-12-28 19:00:00,0.0
2016-12-28 20:00:00,0.0
2016-12-28 21:00:00,0.0
2016-12-28 22:00:00,0.0
2016-12-28 23:00:00,0.0
2016-12-29 00:00:00,0.0
2016-12-29 01:00:00,0.0
2016-12-29 02:00:00,0.0
2016-12-29 03:00:00,0.0
2016-12-29 04:00:00,0.0
2016-12-29 05:00:00,0.0
2016-12-29 06:00:00,45.5
2016-12-29 07:00:00,207.62
2016-12-29 08:00:00,391.17
2016-12-29 09:00:00,552.15
2016-12-29 10:00:00,653.35
2016-12-29 11:00:00,790.42
2016-12-29 12:00:00,764.6
2016-12-29 13:00:00,683.97
2016-12-29 14:00:00,527.58
2016-12-29 15:00:00,320.9
2016-12-29 16:00:00,108.88
2016-12-29 17:00:00,3.5
2016-12-29 18:00:00,0.0
2016-12-29 19:00:00,0.0
2016-12-29 20:00:00,0.0
2016-12-29 21:00:00,0.0
2016-12-29 22:00:00,0.0
2016-12-29 23:00:00,0.0
2016-12-30 00:00:00,0.0
2016-12-30 01:00:00,0.0
2016-12-30 02:00:00,0.0
2016-12-30 03:00:00,0.0
2016-12-30 04:00:00,0.0
2016-12-30 05:00:00,0.0
2016-12-30 06:00:00,42.4
2016-12-30 07:00:00,196.27
2016-12-30 08:00:00,410.77
2016-12-30 09:00:00,591.03
2016-12-30 10:00:00,649.65
2016-12-30 11:00:00,754.38
2016-12-30 12:00:00,744.35
2016-12-30 13:00:00,593.55
2016-12-30 14:00:00,480.55
2016-12-30 15:00:00,280.27
2016-12-30 16:00:00,93.85
2016-12-30 17:00:00,3.8
2016-12-30 18:00:00,0.0
2016-12-30 19:00:00,0.0
2016-12-30 20:00:00,0.0
2016-12-30 21:00:00,0.0
2016-12-30 22:00:00,0.0
2016-12-30 23:00:00,0.0
2016-12-31 00:00:00,0.0
2016-12-31 01:00:00,0.0
2016-12-31 02:00:00,0.0
2016-12-31 03:00:00,0.0
2016-12-31 04:00:00,0.0
2016-12-31 05:00:00,0.0
2016-12-31 06:00:00,45.22
2016-12-31 07:00:00,211.8
2016-12-31 08:00:00,418.12
2016-12-31 09:00:00,601.92
2016-12-31 10:00:00,738.5
2016-12-31 11:00:00,823.38
2016-12-31 12:00:00,807.28
2016-12-31 13:00:00,710.45
2016-12-31 14:00:00,556.67
2016-12-31 15:00:00,343.83
2016-12-31 16:00:00,132.12
2016-12-31 17:00:00,4.75
2016-12-31 18:00:00,0.0
2016-12-31 19:00:00,0.0
2016-12-31 20:00:00,0.0
2016-12-31 21:00:00,0.0
2016-12-31 22:00:00,0.0
2016-12-31 23:00:00,0.0
