timestamp,ghi
2019-01-01 00:00:00,0.0
2019-01-01 01:00:00,0.0
2019-01-01 02:00:00,0.0
2019-01-01 03:00:00,0.0
2019-01-01 04:00:00,0.0
2019-01-01 05:00:00,0.0
2019-01-01 06:00:00,58.62
2019-01-01 07:00:00,259.0
2019-01-01 08:00:00,465.75
2019-01-01 09:00:00,663.8
2019-01-01 10:00:00,735.72
2019-01-01 11:00:00,802.65
2019-01-01 12:00:00,777.12
2019-01-01 13:00:00,716.62
2019-01-01 14:00:00,554.0
2019-01-01 15:00:00,347.7
2019-01-01 16:00:00,128.07
2019-01-01 17:00:00,4.65
2019-01-01 18:00:00,0.0
2019-01-01 19:00:00,0.0
2019-01-01 20:00:00,0.0
2019-01-01 21:00:00,0.0
2019-01-01 22:00:00,0.0
2019-01-01 23:00:00,0.0
2019-01-02 00:00:00,0.0
2019-01-02 01:00:00,0.0
2019-01-02 02:00:00,0.0
2019-01-02 03:00:00,0.0
2019-01-02 04:00:00,0.0
2019-01-02 05:00:00,0.0
2019-01-02 06:00:00,46.08
2019-01-02 07:00:00,217.9
2019-01-02 08:00:00,410.25
2019-01-02 09:00:00,624.2
2019-01-02 10:00:00,755.38
2019-01-02 11:00:00,799.83
2019-01-02 12:00:00,812.97
2019-01-02 13:00:00,713.62
2019-01-02 14:00:00,505.02
2019-01-02 15:00:00,313.25
2019-01-02 16:00:00,96.82
2019-01-02 17:00:00,4.75
2019-01-02 18:00:00,0.0
2019-01-02 19:00:00,0.0
2019-01-02 20:00:00,0.0
2019-01-02 21:00:00,0.0
2019-01-02 22:00:00,0.0
2019-01-02 23:00:00,0.0
2019-01-03 00:00:00,0.0
2019-01-03 01:00:00,0.0
2019-01-03 02:00:00,0.0
2019-01-03 03:00:00,0.0
2019-01-03 04:00:00,0.0
2019-01-03 05:00:00,0.0
2019-01-03 06:00:00,43.25
2019-01-03 07:00:00,218.9
2019-01-03 08:00:00,428.6
2019-01-03 09:00:00,627.75
2019-01-03 10:00:00,745.72
2019-01-03 11:00:00,814.85
2019-01-03 12:00:00,787.72
2019-01-03 13:00:00,723.65
2019-01-03 14:00:00,531.92
2019-01-03 15:00:00,355.67
2019-01-03 16:00:00,129.2
2019-01-03 17:00:00,5.07
2019-01-03 18:00:00,0.0
2019-01-03 19:00:00,0.0
2019-01-03 20:00:00,0.0
2019-01-03 21:00:00,0.0
2019-01-03 22:00:00,0.0
2019-01-03 23:00:00,0.0
2019-01-04 00:00:00,0.0
2019-01-04 01:00:00,0.0
2019-01-04 02:00:00,0.0
2019-01-04 03:00:00,0.0
2019-01-04 04:00:00,0.0
2019-01-04 05:00:00,0.0
2019-01-04 06:00:00,43.15
2019-01-04 07:00:00,205.15
2019-01-04 08:00:00,393.98
2019-01-04 09:00:00,574.85
2019-01-04 10:00:00,683.0
2019-01-04 11:00:00,797.33
2019-01-04 12:00:00,798.22
2019-01-04 13:00:00,721.33
2019-01-04 14:00:00,565.9
2019-01-04 15:00:00,363.38
2019-01-04 16:00:00,142.07
2019-01-04 17:00:00,5.78
2019-01-04 18:00:00,0.0
2019-01-04 19:00:00,0.0
2019-01-04 20:00:00,0.0
2019-01-04 21:00:00,0.0
2019-01-04 22:00:00,0.0
2019-01-04 23:00:00,0.0
2019-01-05 00:00:00,0.0
2019-01-05 01:00:00,0.0
2019-01-05 02:00:00,0.0
2019-01-05 03:00:00,0.0
2019-01-05 04:00:00,0.0
2019-01-05 05:00:00,0.0
2019-01-05 06:00:00,46.08
2019-01-05 07:00:00,217.85
2019-01-05 08:00:00,416.6
2019-01-05 09:00:00,583.78
2019-01-05 10:00:00,678.5
2019-01-05 11:00:00,809.35
2019-01-05 12:00:00,805.62
2019-01-05 13:00:00,664.33
2019-01-05 14:00:00,565.78
2019-01-05 15:00:00,352.5
2019-01-05 16:00:00,132.43
2019-01-05 17:00:00,5.75
2019-01-05 18:00:00,0.0
2019-01-05 19:00:00,0.0
2019-01-05 20:00:00,0.0
2019-01-05 21:00:00,0.0
2019-01-05 22:00:00,0.0
2019-01-05 23:00:00,0.0
2019-01-06 00:00:00,0.0
2019-01-06 01:00:00,0.0
2019-01-06 02:00:00,0.0
2019-01-06 03:00:00,0.0
2019-01-06 04:00:00,0.0
2019-01-06 05:00:00,0.0
2019-01-06 06:00:00,33.35
2019-01-06 07:00:00,173.7
2019-01-06 08:00:00,366.25
2019-01-06 09:00:00,593.58
2019-01-06 10:00:00,658.22
2019-01-06 11:00:00,772.28
2019-01-06 12:00:00,776.15
2019-01-06 13:00:00,690.17
2019-01-06 14:00:00,539.15
2019-01-06 15:00:00,337.75
2019-01-06 16:00:00,129.52
2019-01-06 17:00:00,6.03
2019-01-06 18:00:00,0.0
2019-01-06 19:00:00,0.0
2019-01-06 20:00:00,0.0
2019-01-06 21:00:00,0.0
2019-01-06 22:00:00,0.0
2019-01-06 23:00:00,0.0
2019-01-07 00:00:00,0.0
2019-01-07 01:00:00,0.0
2019-01-07 02:00:00,0.0
2019-01-07 03:00:00,0.0
2019-01-07 04:00:00,0.0
2019-01-07 05:00:00,0.0
2019-01-07 06:00:00,43.9
2019-01-07 07:00:00,200.57
2019-01-07 08:00:00,380.48
2019-01-07 09:00:00,560.9
2019-01-07 10:00:00,688.97
2019-01-07 11:00:00,776.17
2019-01-07 12:00:00,759.97
2019-01-07 13:00:00,687.38
2019-01-07 14:00:00,537.92
2019-01-07 15:00:00,342.85
2019-01-07 16:00:00,135.68
2019-01-07 17:00:00,6.47
2019-01-07 18:00:00,0.0
2019-01-07 19:00:00,0.0
2019-01-07 20:00:00,0.0
2019-01-07 21:00:00,0.0
2019-01-07 22:00:00,0.0
2019-01-07 23:00:00,0.0
2019-01-08 00:00:00,0.0
2019-01-08 01:00:00,0.0
2019-01-08 02:00:00,0.0
2019-01-08 03:00:00,0.0
2019-01-08 04:00:00,0.0
2019-01-08 05:00:00,0.0
2019-01-08 06:00:00,49.28
2019-01-08 07:00:00,246.02
2019-01-08 08:00:00,458.1
2019-01-08 09:00:00,666.78
2019-01-08 10:00:00,787.88
2019-01-08 11:00:00,810.38
2019-01-08 12:00:00,835.12
2019-01-08 13:00:00,716.92
2019-01-08 14:00:00,582.33
2019-01-08 15:00:00,370.75
2019-01-08 16:00:00,133.95
2019-01-08 17:00:00,7.18
2019-01-08 18:00:00,0.0
2019-01-08 19:00:00,0.0
2019-01-08 20:00:00,0.0
2019-01-08 21:00:00,0.0
2019-01-08 22:00:00,0.0
2019-01-08 23:00:00,0.0
2019-01-09 00:00:00,0.0
2019-01-09 01:00:00,0.0
2019-01-09 02:00:00,0.0
2019-01-09 03:00:00,0.0
2019-01-09 04:00:00,0.0
2019-01-09 05:00:00,0.0
2019-01-09 06:00:00,41.7
2019-01-09 07:00:00,217.38
2019-01-09 08:00:00,432.12
2019-01-09 09:00:00,568.92
2019-01-09 10:00:00,785.7
2019-01-09 11:00:00,846.85
2019-01-09 12:00:00,833.78
2019-01-09 13:00:00,738.72
2019-01-09 14:00:00,584.72
2019-01-09 15:00:00,377.25
2019-01-09 16:00:00,141.02
2019-01-09 17:00:00,7.03
2019-01-09 18:00:00,0.0
2019-01-09 19:00:00,0.0
2019-01-09 20:00:00,0.0
2019-01-09 21:00:00,0.0
2019-01-09 22:00:00,0.0
2019-01-09 23:00:00,0.0
2019-01-10 00:00:00,0.0
2019-01-10 01:00:00,0.0
2019-01-10 02:00:00,0.0
2019-01-10 03:00:00,0.0
2019-01-10 04:00:00,0.0
2019-01-10 05:00:00,0.0
2019-01-10 06:00:00,46.17
2019-01-10 07:00:00,228.2
2019-01-10 08:00:00,433.85
2019-01-10 09:00:00,634.22
2019-01-10 10:00:00,772.58
2019-01-10 11:00:00,819.42
2019-01-10 12:00:00,752.92
2019-01-10 13:00:00,707.9
2019-01-10 14:00:00,537.2
2019-01-10 15:00:00,335.83
2019-01-10 16:00:00,113.18
2019-01-10 17:00:00,6.82
2019-01-10 18:00:00,0.0
2019-01-10 19:00:00,0.0
2019-01-10 20:00:00,0.0
2019-01-10 21:00:00,0.0
2019-01-10 22:00:00,0.0
2019-01-10 23:00:00,0.0
2019-01-11 00:00:00,0.0
2019-01-11 01:00:00,0.0
2019-01-11 02:00:00,0.0
2019-01-11 03:00:00,0.0
2019-01-11 04:00:00,0.0
2019-01-11 05:00:00,0.0
2019-01-11 06:00:00,38.42
2019-01-11 07:00:00,196.48
2019-01-11 08:00:00,386.27
2019-01-11 09:00:00,594.38
2019-01-11 10:00:00,692.92
2019-01-11 11:00:00,800.17
2019-01-11 12:00:00,801.1
2019-01-11 13:00:00,701.88
2019-01-11 14:00:00,511.83
2019-01-11 15:00:00,329.75
2019-01-11 16:00:00,112.78
2019-01-11 17:00:00,7.32
2019-01-11 18:00:00,0.0
2019-01-11 19:00:00,0.0
2019-01-11 20:00:00,0.0
2019-01-11 21:00:00,0.0
2019-01-11 22:00:00,0.0
2019-01-11 23:00:00,0.0
2019-01-12 00:00:00,0.0
2019-01-12 01:00:00,0.0
2019-01-12 02:00:00,0.0
2019-01-12 03:00:00,0.0
2019-01-12 04:00:00,0.0
2019-01-12 05:00:00,0.0
2019-01-12 06:00:00,45.45
2019-01-12 07:00:00,228.0
2019-01-12 08:00:00,435.95
2019-01-12 09:00:00,614.0
2019-01-12 10:00:00,668.58
2019-01-12 11:00:00,799.88
2019-01-12 12:00:00,795.4
2019-01-12 13:00:00,715.42
2019-01-12 14:00:00,557.08
2019-01-12 15:00:00,357.65
2019-01-12 16:00:00,129.02
2019-01-12 17:00:00,7.55
2019-01-12 18:00:00,0.0
2019-01-12 19:00:00,0.0
2019-01-12 20:00:00,0.0
2019-01-12 21:00:00,0.0
2019-01-12 22:00:00,0.0
2019-01-12 23:00:00,0.0
2019-01-13 00:00:00,0.0
2019-01-13 01:00:00,0.0
2019-01-13 02:00:00,0.0
2019-01-13 03:00:00,0.0
2019-01-13 04:00:00,0.0
2019-01-13 05:00:00,0.0
2019-01-13 06:00:00,41.28
2019-01-13 07:00:00,205.1
2019-01-13 08:00:00,400.15
2019-01-13 09:00:00,577.95
2019-01-13 10:00:00,660.55
2019-01-13 11:00:00,710.78
2019-01-13 12:00:00,699.55
2019-01-13 13:00:00,593.75
2019-01-13 14:00:00,426.48
2019-01-13 15:00:00,257.75
2019-01-13 16:00:00,99.43
2019-01-13 17:00:00,6.72
2019-01-13 18:00:00,0.0
2019-01-13 19:00:00,0.0
2019-01-13 20:00:00,0.0
2019-01-13 21:00:00,0.0
2019-01-13 22:00:00,0.0
2019-01-13 23:00:00,0.0
2019-01-14 00:00:00,0.0
2019-01-14 01:00:00,0.0
2019-01-14 02:00:00,0.0
2019-01-14 03:00:00,0.0
2019-01-14 04:00:00,0.0
2019-01-14 05:00:00,0.0
2019-01-14 06:00:00,37.55
2019-01-14 07:00:00,200.85
2019-01-14 08:00:00,389.1
2019-01-14 09:00:00,588.55
2019-01-14 10:00:00,715.62
2019-01-14 11:00:00,793.25
2019-01-14 12:00:00,742.53
2019-01-14 13:00:00,678.85
2019-01-14 14:00:00,512.78
2019-01-14 15:00:00,344.23
2019-01-14 16:00:00,131.05
2019-01-14 17:00:00,8.02
2019-01-14 18:00:00,0.0
2019-01-14 19:00:00,0.0
2019-01-14 20:00:00,0.0
2019-01-14 21:00:00,0.0
2019-01-14 22:00:00,0.0
2019-01-14 23:00:00,0.0
2019-01-15 00:00:00,0.0
2019-01-15 01:00:00,0.0
2019-01-15 02:00:00,0.0
2019-01-15 03:00:00,0.0
2019-01-15 04:00:00,0.0
2019-01-15 05:00:00,0.0
2019-01-15 06:00:00,37.85
2019-01-15 07:00:00,185.7
2019-01-15 08:00:00,394.42
2019-01-15 09:00:00,553.6
2019-01-15 10:00:00,672.25
2019-01-15 11:00:00,760.92
2019-01-15 12:00:00,719.0
2019-01-15 13:00:00,690.15
2019-01-15 14:00:00,536.53
2019-01-15 15:00:00,338.7
2019-01-15 16:00:00,139.52
2019-01-15 17:00:00,9.4
2019-01-15 18:00:00,0.0
2019-01-15 19:00:00,0.0
2019-01-15 20:00:00,0.0
2019-01-15 21:00:00,0.0
2019-01-15 22:00:00,0.0
2019-01-15 23:00:00,0.0
2019-01-16 00:00:00,0.0
2019-01-16 01:00:00,0.0
2019-01-16 02:00:00,0.0
2019-01-16 03:00:00,0.0
2019-01-16 04:00:00,0.0
2019-01-16 05:00:00,0.0
2019-01-16 06:00:00,38.33
2019-01-16 07:00:00,197.35
2019-01-16 08:00:00,397.35
2019-01-16 09:00:00,547.55
2019-01-16 10:00:00,615.4
2019-01-16 11:00:00,675.92
2019-01-16 12:00:00,688.67
2019-01-16 13:00:00,647.8
2019-01-16 14:00:00,534.53
2019-01-16 15:00:00,339.05
2019-01-16 16:00:00,119.0
2019-01-16 17:00:00,7.12
2019-01-16 18:00:00,0.0
2019-01-16 19:00:00,0.0
2019-01-16 20:00:00,0.0
2019-01-16 21:00:00,0.0
2019-01-16 22:00:00,0.0
2019-01-16 23:00:00,0.0
2019-01-17 00:00:00,0.0
2019-01-17 01:00:00,0.0
2019-01-17 02:00:00,0.0
2019-01-17 03:00:00,0.0
2019-01-17 04:00:00,0.0
2019-01-17 05:00:00,0.0
2019-01-17 06:00:00,31.12
2019-01-17 07:00:00,155.93
2019-01-17 08:00:00,331.23
2019-01-17 09:00:00,500.98
2019-01-17 10:00:00,598.88
2019-01-17 11:00:00,655.88
2019-01-17 12:00:00,654.62
2019-01-17 13:00:00,624.65
2019-01-17 14:00:00,518.08
2019-01-17 15:00:00,330.85
2019-01-17 16:00:00,131.9
2019-01-17 17:00:00,8.65
2019-01-17 18:00:00,0.0
2019-01-17 19:00:00,0.0
2019-01-17 20:00:00,0.0
2019-01-17 21:00:00,0.0
2019-01-17 22:00:00,0.0
2019-01-17 23:00:00,0.0
2019-01-18 00:00:00,0.0
2019-01-18 01:00:00,0.0
2019-01-18 02:00:00,0.0
2019-01-18 03:00:00,0.0
2019-01-18 04:00:00,0.0
2019-01-18 05:00:00,0.0
2019-01-18 06:00:00,43.0
2019-01-18 07:00:00,220.93
2019-01-18 08:00:00,405.67
2019-01-18 09:00:00,609.15
2019-01-18 10:00:00,760.42
2019-01-18 11:00:00,806.95
2019-01-18 12:00:00,796.83
2019-01-18 13:00:00,699.4
2019-01-18 14:00:00,548.62
2019-01-18 15:00:00,348.58
2019-01-18 16:00:00,139.3
2019-01-18 17:00:00,9.93
2019-01-18 18:00:00,0.0
2019-01-18 19:00:00,0.0
2019-01-18 20:00:00,0.0
2019-01-18 21:00:00,0.0
2019-01-18 22:00:00,0.0
2019-01-18 23:00:00,0.0
2019-01-19 00:00:00,0.0
2019-01-19 01:00:00,0.0
2019-01-19 02:00:00,0.0
2019-01-19 03:00:00,0.0
2019-01-19 04:00:00,0.0
2019-01-19 05:00:00,0.0
2019-01-19 06:00:00,45.7
2019-01-19 07:00:00,227.27
2019-01-19 08:00:00,423.88
2019-01-19 09:00:00,615.62
2019-01-19 10:00:00,752.5
2019-01-19 11:00:00,655.33
2019-01-19 12:00:00,814.5
2019-01-19 13:00:00,770.45
2019-01-19 14:00:00,602.8
2019-01-19 15:00:00,397.25
2019-01-19 16:00:00,171.07
2019-01-19 17:00:00,12.05
2019-01-19 18:00:00,0.0
2019-01-19 19:00:00,0.0
2019-01-19 20:00:00,0.0
2019-01-19 21:00:00,0.0
2019-01-19 22:00:00,0.0
2019-01-19 23:00:00,0.0
2019-01-20 00:00:00,0.0
2019-01-20 01:00:00,0.0
2019-01-20 02:00:00,0.0
2019-01-20 03:00:00,0.0
2019-01-20 04:00:00,0.0
2019-01-20 05:00:00,0.0
2019-01-20 06:00:00,38.08
2019-01-20 07:00:00,197.98
2019-01-20 08:00:00,395.1
2019-01-20 09:00:00,578.12
2019-01-20 10:00:00,689.47
2019-01-20 11:00:00,713.42
2019-01-20 12:00:00,692.72
2019-01-20 13:00:00,598.33
2019-01-20 14:00:00,475.55
2019-01-20 15:00:00,293.75
2019-01-20 16:00:00,115.05
2019-01-20 17:00:00,9.75
2019-01-20 18:00:00,0.0
2019-01-20 19:00:00,0.0
2019-01-20 20:00:00,0.0
2019-01-20 21:00:00,0.0
2019-01-20 22:00:00,0.0
2019-01-20 23:00:00,0.0
2019-01-21 00:00:00,0.0
2019-01-21 01:00:00,0.0
2019-01-21 02:00:00,0.0
2019-01-21 03:00:00,0.0
2019-01-21 04:00:00,0.0
2019-01-21 05:00:00,0.0
2019-01-21 06:00:00,31.65
2019-01-21 07:00:00,163.05
2019-01-21 08:00:00,337.12
2019-01-21 09:00:00,492.7
2019-01-21 10:00:00,541.45
2019-01-21 11:00:00,641.05
2019-01-21 12:00:00,636.53
2019-01-21 13:00:00,572.03
2019-01-21 14:00:00,463.02
2019-01-21 15:00:00,302.65
2019-01-21 16:00:00,125.6
2019-01-21 17:00:00,10.68
2019-01-21 18:00:00,0.0
2019-01-21 19:00:00,0.0
2019-01-21 20:00:00,0.0
2019-01-21 21:00:00,0.0
2019-01-21 22:00:00,0.0
2019-01-21 23:00:00,0.0
2019-01-22 00:00:00,0.0
2019-01-22 01:00:00,0.0
2019-01-22 02:00:00,0.0
2019-01-22 03:00:00,0.0
2019-01-22 04:00:00,0.0
2019-01-22 05:00:00,0.0
2019-01-22 06:00:00,37.22
2019-01-22 07:00:00,196.25
2019-01-22 08:00:00,401.17
2019-01-22 09:00:00,641.33
2019-01-22 10:00:00,746.2
2019-01-22 11:00:00,818.55
2019-01-22 12:00:00,810.1
2019-01-22 13:00:00,718.28
2019-01-22 14:00:00,564.08
2019-01-22 15:00:00,369.2
2019-01-22 16:00:00,144.82
2019-01-22 17:00:00,9.93
2019-01-22 18:00:00,0.0
2019-01-22 19:00:00,0.0
2019-01-22 20:00:00,0.0
2019-01-22 21:00:00,0.0
2019-01-22 22:00:00,0.0
2019-01-22 23:00:00,0.0
2019-01-23 00:00:00,0.0
2019-01-23 01:00:00,0.0
2019-01-23 02:00:00,0.0
2019-01-23 03:00:00,0.0
2019-01-23 04:00:00,0.0
2019-01-23 05:00:00,0.0
2019-01-23 06:00:00,37.97
2019-01-23 07:00:00,215.68
2019-01-23 08:00:00,429.4
2019-01-23 09:00:00,621.75
2019-01-23 10:00:00,769.25
2019-01-23 11:00:00,812.22
2019-01-23 12:00:00,830.22
2019-01-23 13:00:00,758.97
2019-01-23 14:00:00,572.3
2019-01-23 15:00:00,382.7
2019-01-23 16:00:00,154.88
2019-01-23 17:00:00,11.3
2019-01-23 18:00:00,0.0
2019-01-23 19:00:00,0.0
2019-01-23 20:00:00,0.0
2019-01-23 21:00:00,0.0
2019-01-23 22:00:00,0.0
2019-01-23 23:00:00,0.0
2019-01-24 00:00:00,0.0
2019-01-24 01:00:00,0.0
2019-01-24 02:00:00,0.0
2019-01-24 03:00:00,0.0
2019-01-24 04:00:00,0.0
2019-01-24 05:00:00,0.0
2019-01-24 06:00:00,41.08
2019-01-24 07:00:00,224.23
2019-01-24 08:00:00,449.58
2019-01-24 09:00:00,647.2
2019-01-24 10:00:00,697.0
2019-01-24 11:00:00,819.83
2019-01-24 12:00:00,813.72
2019-01-24 13:00:00,751.33
2019-01-24 14:00:00,601.03
2019-01-24 15:00:00,396.98
2019-01-24 16:00:00,166.25
2019-01-24 17:00:00,11.9
2019-01-24 18:00:00,0.0
2019-01-24 19:00:00,0.0
2019-01-24 20:00:00,0.0
2019-01-24 21:00:00,0.0
2019-01-24 22:00:00,0.0
2019-01-24 23:00:00,0.0
2019-01-25 00:00:00,0.0
2019-01-25 01:00:00,0.0
2019-01-25 02:00:00,0.0
2019-01-25 03:00:00,0.0
2019-01-25 04:00:00,0.0
2019-01-25 05:00:00,0.0
2019-01-25 06:00:00,39.08
2019-01-25 07:00:00,201.82
2019-01-25 08:00:00,418.4
2019-01-25 09:00:00,573.22
2019-01-25 10:00:00,715.97
2019-01-25 11:00:00,785.3
2019-01-25 12:00:00,801.2
2019-01-25 13:00:00,711.95
2019-01-25 14:00:00,591.53
2019-01-25 15:00:00,389.8
2019-01-25 16:00:00,169.2
2019-01-25 17:00:00,13.55
2019-01-25 18:00:00,0.0
2019-01-25 19:00:00,0.0
2019-01-25 20:00:00,0.0
2019-01-25 21:00:00,0.0
2019-01-25 22:00:00,0.0
2019-01-25 23:00:00,0.0
2019-01-26 00:00:00,0.0
2019-01-26 01:00:00,0.0
2019-01-26 02:00:00,0.0
2019-01-26 03:00:00,0.0
2019-01-26 04:00:00,0.0
2019-01-26 05:00:00,0.0
2019-01-26 06:00:00,44.3
2019-01-26 07:00:00,236.4
2019-01-26 08:00:00,444.27
2019-01-26 09:00:00,625.0
2019-01-26 10:00:00,757.62
2019-01-26 11:00:00,816.3
2019-01-26 12:00:00,810.83
2019-01-26 13:00:00,743.22
2019-01-26 14:00:00,606.62
2019-01-26 15:00:00,326.3
2019-01-26 16:00:00,128.38
2019-01-26 17:00:00,12.27
2019-01-26 18:00:00,0.0
2019-01-26 19:00:00,0.0
2019-01-26 20:00:00,0.0
2019-01-26 21:00:00,0.0
2019-01-26 22:00:00,0.0
2019-01-26 23:00:00,0.0
2019-01-27 00:00:00,0.0
2019-01-27 01:00:00,0.0
2019-01-27 02:00:00,0.0
2019-01-27 03:00:00,0.0
2019-01-27 04:00:00,0.0
2019-01-27 05:00:00,0.0
2019-01-27 06:00:00,45.12
2019-01-27 07:00:00,236.2
2019-01-27 08:00:00,440.83
2019-01-27 09:00:00,622.28
2019-01-27 10:00:00,727.35
2019-01-27 11:00:00,745.7
2019-01-27 12:00:00,762.22
2019-01-27 13:00:00,698.3
2019-01-27 14:00:00,565.05
2019-01-27 15:00:00,368.8
2019-01-27 16:00:00,161.1
2019-01-27 17:00:00,14.15
2019-01-27 18:00:00,0.0
2019-01-27 19:00:00,0.0
2019-01-27 20:00:00,0.0
2019-01-27 21:00:00,0.0
2019-01-27 22:00:00,0.0
2019-01-27 23:00:00,0.0
2019-01-28 00:00:00,0.0
2019-01-28 01:00:00,0.0
2019-01-28 02:00:00,0.0
2019-01-28 03:00:00,0.0
2019-01-28 04:00:00,0.0
2019-01-28 05:00:00,0.0
2019-01-28 06:00:00,36.25
2019-01-28 07:00:00,201.43
2019-01-28 08:00:00,407.05
2019-01-28 09:00:00,609.67
2019-01-28 10:00:00,725.2
2019-01-28 11:00:00,782.0
2019-01-28 12:00:00,774.7
2019-01-28 13:00:00,673.72
2019-01-28 14:00:00,557.22
2019-01-28 15:00:00,360.98
2019-01-28 16:00:00,151.82
2019-01-28 17:00:00,12.98
2019-01-28 18:00:00,0.0
2019-01-28 19:00:00,0.0
2019-01-28 20:00:00,0.0
2019-01-28 21:00:00,0.0
2019-01-28 22:00:00,0.0
2019-01-28 23:00:00,0.0
2019-01-29 00:00:00,0.0
2019-01-29 01:00:00,0.0
2019-01-29 02:00:00,0.0
2019-01-29 03:00:00,0.0
2019-01-29 04:00:00,0.0
2019-01-29 05:00:00,0.0
2019-01-29 06:00:00,20.83
2019-01-29 07:00:00,149.6
2019-01-29 08:00:00,339.15
2019-01-29 09:00:00,542.15
2019-01-29 10:00:00,662.38
2019-01-29 11:00:00,781.42
2019-01-29 12:00:00,792.45
2019-01-29 13:00:00,730.33
2019-01-29 14:00:00,559.65
2019-01-29 15:00:00,363.23
2019-01-29 16:00:00,154.95
2019-01-29 17:00:00,13.55
2019-01-29 18:00:00,0.0
2019-01-29 19:00:00,0.0
2019-01-29 20:00:00,0.0
2019-01-29 21:00:00,0.0
2019-01-29 22:00:00,0.0
2019-01-29 23:00:00,0.0
2019-01-30 00:00:00,0.0
2019-01-30 01:00:00,0.0
2019-01-30 02:00:00,0.0
2019-01-30 03:00:00,0.0
2019-01-30 04:00:00,0.0
2019-01-30 05:00:00,0.0
2019-01-30 06:00:00,23.77
2019-01-30 07:00:00,145.38
2019-01-30 08:00:00,281.8
2019-01-30 09:00:00,444.0
2019-01-30 10:00:00,494.5
2019-01-30 11:00:00,661.17
2019-01-30 12:00:00,726.42
2019-01-30 13:00:00,728.38
2019-01-30 14:00:00,564.9
2019-01-30 15:00:00,370.98
2019-01-30 16:00:00,153.8
2019-01-30 17:00:00,11.4
2019-01-30 18:00:00,0.0
2019-01-30 19:00:00,0.0
2019-01-30 20:00:00,0.0
2019-01-30 21:00:00,0.0
2019-01-30 22:00:00,0.0
2019-01-30 23:00:00,0.0
2019-01-31 00:00:00,0.0
2019-01-31 01:00:00,0.0
2019-01-31 02:00:00,0.0
2019-01-31 03:00:00,0.0
2019-01-31 04:00:00,0.0
2019-01-31 05:00:00,0.0
2019-01-31 06:00:00,38.85
2019-01-31 07:00:00,215.07
2019-01-31 08:00:00,424.27
2019-01-31 09:00:00,646.35
2019-01-31 10:00:00,774.15
2019-01-31 11:00:00,843.92
2019-01-31 12:00:00,832.6
2019-01-31 13:00:00,739.78
2019-01-31 14:00:00,587.65
2019-01-31 15:00:00,394.15
2019-01-31 16:00:00,179.48
2019-01-31 17:00:00,16.27
2019-01-31 18:00:00,0.0
2019-01-31 19:00:00,0.0
2019-01-31 20:00:00,0.0
2019-01-31 21:00:00,0.0
2019-01-31 22:00:00,0.0
2019-01-31 23:00:00,0.0
2019-02-01 00:00:00,0.0
2019-02-01 01:00:00,0.0
2019-02-01 02:00:00,0.0
2019-02-01 03:00:00,0.0
2019-02-01 04:00:00,0.0
2019-02-01 05:00:00,0.0
2019-02-01 06:00:00,44.38
2019-02-01 07:00:00,233.8
2019-02-01 08:00:00,444.77
2019-02-01 09:00:00,631.88
2019-02-01 10:00:00,772.7
2019-02-01 11:00:00,808.45
2019-02-01 12:00:00,798.35
2019-02-01 13:00:00,742.7
2019-02-01 14:00:00,591.67
2019-02-01 15:00:00,394.8
2019-02-01 16:00:00,177.23
2019-02-01 17:00:00,16.75
2019-02-01 18:00:00,0.0
2019-02-01 19:00:00,0.0
2019-02-01 20:00:00,0.0
2019-02-01 21:00:00,0.0
2019-02-01 22:00:00,0.0
2019-02-01 23:00:00,0.0
2019-02-02 00:00:00,0.0
2019-02-02 01:00:00,0.0
2019-02-02 02:00:00,0.0
2019-02-02 03:00:00,0.0
2019-02-02 04:00:00,0.0
2019-02-02 05:00:00,0.0
2019-02-02 06:00:00,39.33
2019-02-02 07:00:00,222.07
2019-02-02 08:00:00,435.95
2019-02-02 09:00:00,633.28
2019-02-02 10:00:00,782.62
2019-02-02 11:00:00,855.47
2019-02-02 12:00:00,845.22
2019-02-02 13:00:00,764.45
2019-02-02 14:00:00,534.75
2019-02-02 15:00:00,397.17
2019-02-02 16:00:00,178.8
2019-02-02 17:00:00,15.88
2019-02-02 18:00:00,0.0
2019-02-02 19:00:00,0.0
2019-02-02 20:00:00,0.0
2019-02-02 21:00:00,0.0
2019-02-02 22:00:00,0.0
2019-02-02 23:00:00,0.0
2019-02-03 00:00:00,0.0
2019-02-03 01:00:00,0.0
2019-02-03 02:00:00,0.0
2019-02-03 03:00:00,0.0
2019-02-03 04:00:00,0.0
2019-02-03 05:00:00,0.0
2019-02-03 06:00:00,44.1
2019-02-03 07:00:00,241.12
2019-02-03 08:00:00,461.08
2019-02-03 09:00:00,673.75
2019-02-03 10:00:00,797.67
2019-02-03 11:00:00,847.35
2019-02-03 12:00:00,837.7
2019-02-03 13:00:00,751.5
2019-02-03 14:00:00,570.03
2019-02-03 15:00:00,392.1
2019-02-03 16:00:00,182.02
2019-02-03 17:00:00,16.8
2019-02-03 18:00:00,0.0
2019-02-03 19:00:00,0.0
2019-02-03 20:00:00,0.0
2019-02-03 21:00:00,0.0
2019-02-03 22:00:00,0.0
2019-02-03 23:00:00,0.0
2019-02-04 00:00:00,0.0
2019-02-04 01:00:00,0.0
2019-02-04 02:00:00,0.0
2019-02-04 03:00:00,0.0
2019-02-04 04:00:00,0.0
2019-02-04 05:00:00,0.0
2019-02-04 06:00:00,31.2
2019-02-04 07:00:00,153.6
2019-02-04 08:00:00,326.33
2019-02-04 09:00:00,503.02
2019-02-04 10:00:00,578.45
2019-02-04 11:00:00,659.25
2019-02-04 12:00:00,675.55
2019-02-04 13:00:00,609.88
2019-02-04 14:00:00,507.05
2019-02-04 15:00:00,338.83
2019-02-04 16:00:00,154.3
2019-02-04 17:00:00,15.73
2019-02-04 18:00:00,0.0
2019-02-04 19:00:00,0.0
2019-02-04 20:00:00,0.0
2019-02-04 21:00:00,0.0
2019-02-04 22:00:00,0.0
2019-02-04 23:00:00,0.0
2019-02-05 00:00:00,0.0
2019-02-05 01:00:00,0.0
2019-02-05 02:00:00,0.0
2019-02-05 03:00:00,0.0
2019-02-05 04:00:00,0.0
2019-02-05 05:00:00,0.0
2019-02-05 06:00:00,40.12
2019-02-05 07:00:00,212.05
2019-02-05 08:00:00,400.88
2019-02-05 09:00:00,588.0
2019-02-05 10:00:00,731.53
2019-02-05 11:00:00,830.88
2019-02-05 12:00:00,825.08
2019-02-05 13:00:00,721.6
2019-02-05 14:00:00,589.38
2019-02-05 15:00:00,377.4
2019-02-05 16:00:00,165.35
2019-02-05 17:00:00,16.0
2019-02-05 18:00:00,0.0
2019-02-05 19:00:00,0.0
2019-02-05 20:00:00,0.0
2019-02-05 21:00:00,0.0
2019-02-05 22:00:00,0.0
2019-02-05 23:00:00,0.0
2019-02-06 00:00:00,0.0
2019-02-06 01:00:00,0.0
2019-02-06 02:00:00,0.0
2019-02-06 03:00:00,0.0
2019-02-06 04:00:00,0.0
2019-02-06 05:00:00,0.0
2019-02-06 06:00:00,43.97
2019-02-06 07:00:00,220.65
2019-02-06 08:00:00,411.35
2019-02-06 09:00:00,626.88
2019-02-06 10:00:00,742.65
2019-02-06 11:00:00,846.38
2019-02-06 12:00:00,838.0
2019-02-06 13:00:00,734.65
2019-02-06 14:00:00,602.8
2019-02-06 15:00:00,366.88
2019-02-06 16:00:00,153.65
2019-02-06 17:00:00,12.2
2019-02-06 18:00:00,0.0
2019-02-06 19:00:00,0.0
2019-02-06 20:00:00,0.0
2019-02-06 21:00:00,0.0
2019-02-06 22:00:00,0.0
2019-02-06 23:00:00,0.0
2019-02-07 00:00:00,0.0
2019-02-07 01:00:00,0.0
2019-02-07 02:00:00,0.0
2019-02-07 03:00:00,0.0
2019-02-07 04:00:00,0.0
2019-02-07 05:00:00,0.0
2019-02-07 06:00:00,27.58
2019-02-07 07:00:00,142.05
2019-02-07 08:00:00,292.05
2019-02-07 09:00:00,649.33
2019-02-07 10:00:00,743.95
2019-02-07 11:00:00,645.75
2019-02-07 12:00:00,839.88
2019-02-07 13:00:00,742.5
2019-02-07 14:00:00,554.78
2019-02-07 15:00:00,342.8
2019-02-07 16:00:00,186.88
2019-02-07 17:00:00,18.67
2019-02-07 18:00:00,0.0
2019-02-07 19:00:00,0.0
2019-02-07 20:00:00,0.0
2019-02-07 21:00:00,0.0
2019-02-07 22:00:00,0.0
2019-02-07 23:00:00,0.0
2019-02-08 00:00:00,0.0
2019-02-08 01:00:00,0.0
2019-02-08 02:00:00,0.0
2019-02-08 03:00:00,0.0
2019-02-08 04:00:00,0.0
2019-02-08 05:00:00,0.0
2019-02-08 06:00:00,43.8
2019-02-08 07:00:00,237.2
2019-02-08 08:00:00,459.38
2019-02-08 09:00:00,644.28
2019-02-08 10:00:00,777.45
2019-02-08 11:00:00,843.25
2019-02-08 12:00:00,855.45
2019-02-08 13:00:00,758.15
2019-02-08 14:00:00,566.97
2019-02-08 15:00:00,379.5
2019-02-08 16:00:00,165.55
2019-02-08 17:00:00,15.6
2019-02-08 18:00:00,0.0
2019-02-08 19:00:00,0.0
2019-02-08 20:00:00,0.0
2019-02-08 21:00:00,0.0
2019-02-08 22:00:00,0.0
2019-02-08 23:00:00,0.0
2019-02-09 00:00:00,0.0
2019-02-09 01:00:00,0.0
2019-02-09 02:00:00,0.0
2019-02-09 03:00:00,0.0
2019-02-09 04:00:00,0.0
2019-02-09 05:00:00,0.0
2019-02-09 06:00:00,46.62
2019-02-09 07:00:00,230.52
2019-02-09 08:00:00,423.4
2019-02-09 09:00:00,655.1
2019-02-09 10:00:00,767.03
2019-02-09 11:00:00,849.05
2019-02-09 12:00:00,839.03
2019-02-09 13:00:00,774.17
2019-02-09 14:00:00,606.25
2019-02-09 15:00:00,410.38
2019-02-09 16:00:00,181.88
2019-02-09 17:00:00,16.92
2019-02-09 18:00:00,0.0
2019-02-09 19:00:00,0.0
2019-02-09 20:00:00,0.0
2019-02-09 21:00:00,0.0
2019-02-09 22:00:00,0.0
2019-02-09 23:00:00,0.0
2019-02-10 00:00:00,0.0
2019-02-10 01:00:00,0.0
2019-02-10 02:00:00,0.0
2019-02-10 03:00:00,0.0
2019-02-10 04:00:00,0.0
2019-02-10 05:00:00,0.0
2019-02-10 06:00:00,34.95
2019-02-10 07:00:00,175.0
2019-02-10 08:00:00,363.45
2019-02-10 09:00:00,493.77
2019-02-10 10:00:00,616.38
2019-02-10 11:00:00,698.35
2019-02-10 12:00:00,625.95
2019-02-10 13:00:00,419.5
2019-02-10 14:00:00,463.3
2019-02-10 15:00:00,303.65
2019-02-10 16:00:00,137.5
2019-02-10 17:00:00,17.6
2019-02-10 18:00:00,0.0
2019-02-10 19:00:00,0.0
2019-02-10 20:00:00,0.0
2019-02-10 21:00:00,0.0
2019-02-10 22:00:00,0.0
2019-02-10 23:00:00,0.0
2019-02-11 00:00:00,0.0
2019-02-11 01:00:00,0.0
2019-02-11 02:00:00,0.0
2019-02-11 03:00:00,0.0
2019-02-11 04:00:00,0.0
2019-02-11 05:00:00,0.0
2019-02-11 06:00:00,33.45
2019-02-11 07:00:00,161.68
2019-02-11 08:00:00,327.02
2019-02-11 09:00:00,515.25
2019-02-11 10:00:00,645.6
2019-02-11 11:00:00,693.2
2019-02-11 12:00:00,754.12
2019-02-11 13:00:00,613.45
2019-02-11 14:00:00,503.58
2019-02-11 15:00:00,321.38
2019-02-11 16:00:00,149.6
2019-02-11 17:00:00,18.4
2019-02-11 18:00:00,0.0
2019-02-11 19:00:00,0.0
2019-02-11 20:00:00,0.0
2019-02-11 21:00:00,0.0
2019-02-11 22:00:00,0.0
2019-02-11 23:00:00,0.0
2019-02-12 00:00:00,0.0
2019-02-12 01:00:00,0.0
2019-02-12 02:00:00,0.0
2019-02-12 03:00:00,0.0
2019-02-12 04:00:00,0.0
2019-02-12 05:00:00,0.0
2019-02-12 06:00:00,43.78
2019-02-12 07:00:00,229.6
2019-02-12 08:00:00,438.3
2019-02-12 09:00:00,642.2
2019-02-12 10:00:00,774.58
2019-02-12 11:00:00,843.5
2019-02-12 12:00:00,720.83
2019-02-12 13:00:00,726.7
2019-02-12 14:00:00,604.17
2019-02-12 15:00:00,408.85
2019-02-12 16:00:00,190.27
2019-02-12 17:00:00,20.52
2019-02-12 18:00:00,0.0
2019-02-12 19:00:00,0.0
2019-02-12 20:00:00,0.0
2019-02-12 21:00:00,0.0
2019-02-12 22:00:00,0.0
2019-02-12 23:00:00,0.0
2019-02-13 00:00:00,0.0
2019-02-13 01:00:00,0.0
2019-02-13 02:00:00,0.0
2019-02-13 03:00:00,0.0
2019-02-13 04:00:00,0.0
2019-02-13 05:00:00,0.0
2019-02-13 06:00:00,47.7
2019-02-13 07:00:00,222.18
2019-02-13 08:00:00,424.35
2019-02-13 09:00:00,643.47
2019-02-13 10:00:00,768.97
2019-02-13 11:00:00,840.13
2019-02-13 12:00:00,683.05
2019-02-13 13:00:00,606.12
2019-02-13 14:00:00,497.17
2019-02-13 15:00:00,425.88
2019-02-13 16:00:00,191.73
2019-02-13 17:00:00,20.9
2019-02-13 18:00:00,0.0
2019-02-13 19:00:00,0.0
2019-02-13 20:00:00,0.0
2019-02-13 21:00:00,0.0
2019-02-13 22:00:00,0.0
2019-02-13 23:00:00,0.0
2019-02-14 00:00:00,0.0
2019-02-14 01:00:00,0.0
2019-02-14 02:00:00,0.0
2019-02-14 03:00:00,0.0
2019-02-14 04:00:00,0.0
2019-02-14 05:00:00,0.0
2019-02-14 06:00:00,50.45
2019-02-14 07:00:00,245.25
2019-02-14 08:00:00,456.25
2019-02-14 09:00:00,628.65
2019-02-14 10:00:00,592.4
2019-02-14 11:00:00,895.28
2019-02-14 12:00:00,885.22
2019-02-14 13:00:00,775.22
2019-02-14 14:00:00,631.17
2019-02-14 15:00:00,427.27
2019-02-14 16:00:00,199.27
2019-02-14 17:00:00,22.48
2019-02-14 18:00:00,0.0
2019-02-14 19:00:00,0.0
2019-02-14 20:00:00,0.0
2019-02-14 21:00:00,0.0
2019-02-14 22:00:00,0.0
2019-02-14 23:00:00,0.0
2019-02-15 00:00:00,0.0
2019-02-15 01:00:00,0.0
2019-02-15 02:00:00,0.0
2019-02-15 03:00:00,0.0
2019-02-15 04:00:00,0.0
2019-02-15 05:00:00,0.0
2019-02-15 06:00:00,51.7
2019-02-15 07:00:00,238.4
2019-02-15 08:00:00,451.27
2019-02-15 09:00:00,685.05
2019-02-15 10:00:00,833.72
2019-02-15 11:00:00,891.67
2019-02-15 12:00:00,887.9
2019-02-15 13:00:00,759.9
2019-02-15 14:00:00,635.15
2019-02-15 15:00:00,424.92
2019-02-15 16:00:00,194.27
2019-02-15 17:00:00,19.1
2019-02-15 18:00:00,0.0
2019-02-15 19:00:00,0.0
2019-02-15 20:00:00,0.0
2019-02-15 21:00:00,0.0
2019-02-15 22:00:00,0.0
2019-02-15 23:00:00,0.0
2019-02-16 00:00:00,0.0
2019-02-16 01:00:00,0.0
2019-02-16 02:00:00,0.0
2019-02-16 03:00:00,0.0
2019-02-16 04:00:00,0.0
2019-02-16 05:00:00,0.0
2019-02-16 06:00:00,54.42
2019-02-16 07:00:00,253.02
2019-02-16 08:00:00,463.75
2019-02-16 09:00:00,699.72
2019-02-16 10:00:00,721.17
2019-02-16 11:00:00,667.92
2019-02-16 12:00:00,873.6
2019-02-16 13:00:00,711.33
2019-02-16 14:00:00,608.25
2019-02-16 15:00:00,413.52
2019-02-16 16:00:00,187.95
2019-02-16 17:00:00,18.33
2019-02-16 18:00:00,0.0
2019-02-16 19:00:00,0.0
2019-02-16 20:00:00,0.0
2019-02-16 21:00:00,0.0
2019-02-16 22:00:00,0.0
2019-02-16 23:00:00,0.0
2019-02-17 00:00:00,0.0
2019-02-17 01:00:00,0.0
2019-02-17 02:00:00,0.0
2019-02-17 03:00:00,0.0
2019-02-17 04:00:00,0.0
2019-02-17 05:00:00,0.0
2019-02-17 06:00:00,44.53
2019-02-17 07:00:00,218.4
2019-02-17 08:00:00,427.0
2019-02-17 09:00:00,628.08
2019-02-17 10:00:00,793.6
2019-02-17 11:00:00,879.25
2019-02-17 12:00:00,799.53
2019-02-17 13:00:00,756.15
2019-02-17 14:00:00,591.67
2019-02-17 15:00:00,396.45
2019-02-17 16:00:00,176.8
2019-02-17 17:00:00,15.23
2019-02-17 18:00:00,0.0
2019-02-17 19:00:00,0.0
2019-02-17 20:00:00,0.0
2019-02-17 21:00:00,0.0
2019-02-17 22:00:00,0.0
2019-02-17 23:00:00,0.0
2019-02-18 00:00:00,0.0
2019-02-18 01:00:00,0.0
2019-02-18 02:00:00,0.0
2019-02-18 03:00:00,0.0
2019-02-18 04:00:00,0.0
2019-02-18 05:00:00,0.0
2019-02-18 06:00:00,50.22
2019-02-18 07:00:00,242.12
2019-02-18 08:00:00,453.98
2019-02-18 09:00:00,631.92
2019-02-18 10:00:00,756.9
2019-02-18 11:00:00,840.53
2019-02-18 12:00:00,830.55
2019-02-18 13:00:00,758.6
2019-02-18 14:00:00,607.12
2019-02-18 15:00:00,390.17
2019-02-18 16:00:00,189.35
2019-02-18 17:00:00,21.1
2019-02-18 18:00:00,0.0
2019-02-18 19:00:00,0.0
2019-02-18 20:00:00,0.0
2019-02-18 21:00:00,0.0
2019-02-18 22:00:00,0.0
2019-02-18 23:00:00,0.0
2019-02-19 00:00:00,0.0
2019-02-19 01:00:00,0.0
2019-02-19 02:00:00,0.0
2019-02-19 03:00:00,0.0
2019-02-19 04:00:00,0.0
2019-02-19 05:00:00,0.0
2019-02-19 06:00:00,46.3
2019-02-19 07:00:00,223.8
2019-02-19 08:00:00,432.73
2019-02-19 09:00:00,631.28
2019-02-19 10:00:00,794.1
2019-02-19 11:00:00,737.9
2019-02-19 12:00:00,885.22
2019-02-19 13:00:00,781.85
2019-02-19 14:00:00,652.1
2019-02-19 15:00:00,441.55
2019-02-19 16:00:00,206.88
2019-02-19 17:00:00,21.88
2019-02-19 18:00:00,0.0
2019-02-19 19:00:00,0.0
2019-02-19 20:00:00,0.0
2019-02-19 21:00:00,0.0
2019-02-19 22:00:00,0.0
2019-02-19 23:00:00,0.0
2019-02-20 00:00:00,0.0
2019-02-20 01:00:00,0.0
2019-02-20 02:00:00,0.0
2019-02-20 03:00:00,0.0
2019-02-20 04:00:00,0.0
2019-02-20 05:00:00,0.0
2019-02-20 06:00:00,56.6
2019-02-20 07:00:00,261.02
2019-02-20 08:00:00,479.85
2019-02-20 09:00:00,682.22
2019-02-20 10:00:00,799.05
2019-02-20 11:00:00,668.78
2019-02-20 12:00:00,848.5
2019-02-20 13:00:00,661.17
2019-02-20 14:00:00,507.2
2019-02-20 15:00:00,339.25
2019-02-20 16:00:00,155.82
2019-02-20 17:00:00,18.5
2019-02-20 18:00:00,0.0
2019-02-20 19:00:00,0.0
2019-02-20 20:00:00,0.0
2019-02-20 21:00:00,0.0
2019-02-20 22:00:00,0.0
2019-02-20 23:00:00,0.0
2019-02-21 00:00:00,0.0
2019-02-21 01:00:00,0.0
2019-02-21 02:00:00,0.0
2019-02-21 03:00:00,0.0
2019-02-21 04:00:00,0.0
2019-02-21 05:00:00,0.0
2019-02-21 06:00:00,64.47
2019-02-21 07:00:00,276.95
2019-02-21 08:00:00,501.1
2019-02-21 09:00:00,697.05
2019-02-21 10:00:00,844.38
2019-02-21 11:00:00,695.08
2019-02-21 12:00:00,820.5
2019-02-21 13:00:00,829.8
2019-02-21 14:00:00,605.33
2019-02-21 15:00:00,439.35
2019-02-21 16:00:00,187.93
2019-02-21 17:00:00,22.88
2019-02-21 18:00:00,0.0
2019-02-21 19:00:00,0.0
2019-02-21 20:00:00,0.0
2019-02-21 21:00:00,0.0
2019-02-21 22:00:00,0.0
2019-02-21 23:00:00,0.0
2019-02-22 00:00:00,0.0
2019-02-22 01:00:00,0.0
2019-02-22 02:00:00,0.0
2019-02-22 03:00:00,0.0
2019-02-22 04:00:00,0.0
2019-02-22 05:00:00,0.0
2019-02-22 06:00:00,70.28
2019-02-22 07:00:00,296.92
2019-02-22 08:00:00,534.97
2019-02-22 09:00:00,645.17
2019-02-22 10:00:00,891.22
2019-02-22 11:00:00,964.62
2019-02-22 12:00:00,959.15
2019-02-22 13:00:00,643.8
2019-02-22 14:00:00,663.08
2019-02-22 15:00:00,441.52
2019-02-22 16:00:00,204.0
2019-02-22 17:00:00,22.85
2019-02-22 18:00:00,0.0
2019-02-22 19:00:00,0.0
2019-02-22 20:00:00,0.0
2019-02-22 21:00:00,0.0
2019-02-22 22:00:00,0.0
2019-02-22 23:00:00,0.0
2019-02-23 00:00:00,0.0
2019-02-23 01:00:00,0.0
2019-02-23 02:00:00,0.0
2019-02-23 03:00:00,0.0
2019-02-23 04:00:00,0.0
2019-02-23 05:00:00,0.0
2019-02-23 06:00:00,65.85
2019-02-23 07:00:00,305.62
2019-02-23 08:00:00,551.97
2019-02-23 09:00:00,737.72
2019-02-23 10:00:00,904.9
2019-02-23 11:00:00,974.95
2019-02-23 12:00:00,960.83
2019-02-23 13:00:00,881.72
2019-02-23 14:00:00,721.62
2019-02-23 15:00:00,499.62
2019-02-23 16:00:00,246.5
2019-02-23 17:00:00,29.75
2019-02-23 18:00:00,0.0
2019-02-23 19:00:00,0.0
2019-02-23 20:00:00,0.0
2019-02-23 21:00:00,0.0
2019-02-23 22:00:00,0.0
2019-02-23 23:00:00,0.0
2019-02-24 00:00:00,0.0
2019-02-24 01:00:00,0.0
2019-02-24 02:00:00,0.0
2019-02-24 03:00:00,0.0
2019-02-24 04:00:00,0.0
2019-02-24 05:00:00,0.0
2019-02-24 06:00:00,72.72
2019-02-24 07:00:00,303.7
2019-02-24 08:00:00,544.78
2019-02-24 09:00:00,726.0
2019-02-24 10:00:00,878.83
2019-02-24 11:00:00,959.65
2019-02-24 12:00:00,949.35
2019-02-24 13:00:00,852.92
2019-02-24 14:00:00,688.0
2019-02-24 15:00:00,466.67
2019-02-24 16:00:00,223.0
2019-02-24 17:00:00,27.15
2019-02-24 18:00:00,0.0
2019-02-24 19:00:00,0.0
2019-02-24 20:00:00,0.0
2019-02-24 21:00:00,0.0
2019-02-24 22:00:00,0.0
2019-02-24 23:00:00,0.0
2019-02-25 00:00:00,0.0
2019-02-25 01:00:00,0.0
2019-02-25 02:00:00,0.0
2019-02-25 03:00:00,0.0
2019-02-25 04:00:00,0.0
2019-02-25 05:00:00,0.0
2019-02-25 06:00:00,75.97
2019-02-25 07:00:00,302.23
2019-02-25 08:00:00,562.75
2019-02-25 09:00:00,770.15
2019-02-25 10:00:00,914.1
2019-02-25 11:00:00,988.0
2019-02-25 12:00:00,984.9
2019-02-25 13:00:00,894.85
2019-02-25 14:00:00,732.3
2019-02-25 15:00:00,494.8
2019-02-25 16:00:00,239.8
2019-02-25 17:00:00,28.85
2019-02-25 18:00:00,0.0
2019-02-25 19:00:00,0.0
2019-02-25 20:00:00,0.0
2019-02-25 21:00:00,0.0
2019-02-25 22:00:00,0.0
2019-02-25 23:00:00,0.0
2019-02-26 00:00:00,0.0
2019-02-26 01:00:00,0.0
2019-02-26 02:00:00,0.0
2019-02-26 03:00:00,0.0
2019-02-26 04:00:00,0.0
2019-02-26 05:00:00,0.0
2019-02-26 06:00:00,77.8
2019-02-26 07:00:00,293.17
2019-02-26 08:00:00,514.65
2019-02-26 09:00:00,701.42
2019-02-26 10:00:00,745.05
2019-02-26 11:00:00,933.65
2019-02-26 12:00:00,943.05
2019-02-26 13:00:00,823.08
2019-02-26 14:00:00,638.72
2019-02-26 15:00:00,455.55
2019-02-26 16:00:00,202.57
2019-02-26 17:00:00,24.95
2019-02-26 18:00:00,0.0
2019-02-26 19:00:00,0.0
2019-02-26 20:00:00,0.0
2019-02-26 21:00:00,0.0
2019-02-26 22:00:00,0.0
2019-02-26 23:00:00,0.0
2019-02-27 00:00:00,0.0
2019-02-27 01:00:00,0.0
2019-02-27 02:00:00,0.0
2019-02-27 03:00:00,0.0
2019-02-27 04:00:00,0.0
2019-02-27 05:00:00,0.0
2019-02-27 06:00:00,66.88
2019-02-27 07:00:00,276.58
2019-02-27 08:00:00,507.4
2019-02-27 09:00:00,719.72
2019-02-27 10:00:00,858.6
2019-02-27 11:00:00,905.4
2019-02-27 12:00:00,898.25
2019-02-27 13:00:00,817.3
2019-02-27 14:00:00,667.85
2019-02-27 15:00:00,447.35
2019-02-27 16:00:00,213.8
2019-02-27 17:00:00,27.8
2019-02-27 18:00:00,0.0
2019-02-27 19:00:00,0.0
2019-02-27 20:00:00,0.0
2019-02-27 21:00:00,0.0
2019-02-27 22:00:00,0.0
2019-02-27 23:00:00,0.0
2019-02-28 00:00:00,0.0
2019-02-28 01:00:00,0.0
2019-02-28 02:00:00,0.0
2019-02-28 03:00:00,0.0
2019-02-28 04:00:00,0.0
2019-02-28 05:00:00,0.0
2019-02-28 06:00:00,54.33
2019-02-28 07:00:00,196.05
2019-02-28 08:00:00,366.9
2019-02-28 09:00:00,475.12
2019-02-28 10:00:00,579.75
2019-02-28 11:00:00,737.67
2019-02-28 12:00:00,782.33
2019-02-28 13:00:00,718.67
2019-02-28 14:00:00,640.58
2019-02-28 15:00:00,436.27
2019-02-28 16:00:00,204.88
2019-02-28 17:00:00,25.12
2019-02-28 18:00:00,0.0
2019-02-28 19:00:00,0.0
2019-02-28 20:00:00,0.0
2019-02-28 21:00:00,0.0
2019-02-28 22:00:00,0.0
2019-02-28 23:00:00,0.0
2019-03-01 00:00:00,0.0
2019-03-01 01:00:00,0.0
2019-03-01 02:00:00,0.0
2019-03-01 03:00:00,0.0
2019-03-01 04:00:00,0.0
2019-03-01 05:00:00,0.0
2019-03-01 06:00:00,57.88
2019-03-01 07:00:00,230.12
2019-03-01 08:00:00,420.92
2019-03-01 09:00:00,631.92
2019-03-01 10:00:00,767.95
2019-03-01 11:00:00,858.65
2019-03-01 12:00:00,862.17
2019-03-01 13:00:00,789.72
2019-03-01 14:00:00,639.12
2019-03-01 15:00:00,427.95
2019-03-01 16:00:00,204.18
2019-03-01 17:00:00,26.5
2019-03-01 18:00:00,0.0
2019-03-01 19:00:00,0.0
2019-03-01 20:00:00,0.0
2019-03-01 21:00:00,0.0
2019-03-01 22:00:00,0.0
2019-03-01 23:00:00,0.0
2019-03-02 00:00:00,0.0
2019-03-02 01:00:00,0.0
2019-03-02 02:00:00,0.0
2019-03-02 03:00:00,0.0
2019-03-02 04:00:00,0.0
2019-03-02 05:00:00,0.0
2019-03-02 06:00:00,74.82
2019-03-02 07:00:00,286.92
2019-03-02 08:00:00,515.0
2019-03-02 09:00:00,689.1
2019-03-02 10:00:00,852.08
2019-03-02 11:00:00,911.75
2019-03-02 12:00:00,909.2
2019-03-02 13:00:00,809.17
2019-03-02 14:00:00,606.17
2019-03-02 15:00:00,464.25
2019-03-02 16:00:00,219.8
2019-03-02 17:00:00,27.48
2019-03-02 18:00:00,0.0
2019-03-02 19:00:00,0.0
2019-03-02 20:00:00,0.0
2019-03-02 21:00:00,0.0
2019-03-02 22:00:00,0.0
2019-03-02 23:00:00,0.0
2019-03-03 00:00:00,0.0
2019-03-03 01:00:00,0.0
2019-03-03 02:00:00,0.0
2019-03-03 03:00:00,0.0
2019-03-03 04:00:00,0.0
2019-03-03 05:00:00,0.0
2019-03-03 06:00:00,65.55
2019-03-03 07:00:00,284.55
2019-03-03 08:00:00,508.12
2019-03-03 09:00:00,704.65
2019-03-03 10:00:00,826.33
2019-03-03 11:00:00,899.72
2019-03-03 12:00:00,905.67
2019-03-03 13:00:00,816.78
2019-03-03 14:00:00,618.53
2019-03-03 15:00:00,433.58
2019-03-03 16:00:00,203.43
2019-03-03 17:00:00,23.05
2019-03-03 18:00:00,0.0
2019-03-03 19:00:00,0.0
2019-03-03 20:00:00,0.0
2019-03-03 21:00:00,0.0
2019-03-03 22:00:00,0.0
2019-03-03 23:00:00,0.0
2019-03-04 00:00:00,0.0
2019-03-04 01:00:00,0.0
2019-03-04 02:00:00,0.0
2019-03-04 03:00:00,0.0
2019-03-04 04:00:00,0.0
2019-03-04 05:00:00,0.0
2019-03-04 06:00:00,80.88
2019-03-04 07:00:00,293.5
2019-03-04 08:00:00,518.15
2019-03-04 09:00:00,725.72
2019-03-04 10:00:00,727.28
2019-03-04 11:00:00,919.08
2019-03-04 12:00:00,871.05
2019-03-04 13:00:00,802.45
2019-03-04 14:00:00,650.72
2019-03-04 15:00:00,446.27
2019-03-04 16:00:00,216.23
2019-03-04 17:00:00,27.52
2019-03-04 18:00:00,0.0
2019-03-04 19:00:00,0.0
2019-03-04 20:00:00,0.0
2019-03-04 21:00:00,0.0
2019-03-04 22:00:00,0.0
2019-03-04 23:00:00,0.0
2019-03-05 00:00:00,0.0
2019-03-05 01:00:00,0.0
2019-03-05 02:00:00,0.0
2019-03-05 03:00:00,0.0
2019-03-05 04:00:00,0.0
2019-03-05 05:00:00,0.0
2019-03-05 06:00:00,74.57
2019-03-05 07:00:00,292.25
2019-03-05 08:00:00,507.45
2019-03-05 09:00:00,721.08
2019-03-05 10:00:00,868.95
2019-03-05 11:00:00,940.83
2019-03-05 12:00:00,947.8
2019-03-05 13:00:00,813.15
2019-03-05 14:00:00,687.28
2019-03-05 15:00:00,468.42
2019-03-05 16:00:00,225.43
2019-03-05 17:00:00,26.25
2019-03-05 18:00:00,0.0
2019-03-05 19:00:00,0.0
2019-03-05 20:00:00,0.0
2019-03-05 21:00:00,0.0
2019-03-05 22:00:00,0.0
2019-03-05 23:00:00,0.0
2019-03-06 00:00:00,0.0
2019-03-06 01:00:00,0.0
2019-03-06 02:00:00,0.0
2019-03-06 03:00:00,0.0
2019-03-06 04:00:00,0.0
2019-03-06 05:00:00,0.0
2019-03-06 06:00:00,58.67
2019-03-06 07:00:00,278.75
2019-03-06 08:00:00,499.4
2019-03-06 09:00:00,731.33
2019-03-06 10:00:00,811.67
2019-03-06 11:00:00,811.58
2019-03-06 12:00:00,888.08
2019-03-06 13:00:00,824.38
2019-03-06 14:00:00,670.12
2019-03-06 15:00:00,461.15
2019-03-06 16:00:00,225.07
2019-03-06 17:00:00,29.08
2019-03-06 18:00:00,0.0
2019-03-06 19:00:00,0.0
2019-03-06 20:00:00,0.0
2019-03-06 21:00:00,0.0
2019-03-06 22:00:00,0.0
2019-03-06 23:00:00,0.0
2019-03-07 00:00:00,0.0
2019-03-07 01:00:00,0.0
2019-03-07 02:00:00,0.0
2019-03-07 03:00:00,0.0
2019-03-07 04:00:00,0.0
2019-03-07 05:00:00,0.0
2019-03-07 06:00:00,74.07
2019-03-07 07:00:00,279.5
2019-03-07 08:00:00,499.67
2019-03-07 09:00:00,728.72
2019-03-07 10:00:00,864.75
2019-03-07 11:00:00,934.47
2019-03-07 12:00:00,884.95
2019-03-07 13:00:00,832.17
2019-03-07 14:00:00,665.4
2019-03-07 15:00:00,455.75
2019-03-07 16:00:00,219.07
2019-03-07 17:00:00,28.55
2019-03-07 18:00:00,0.0
2019-03-07 19:00:00,0.0
2019-03-07 20:00:00,0.0
2019-03-07 21:00:00,0.0
2019-03-07 22:00:00,0.0
2019-03-07 23:00:00,0.0
2019-03-08 00:00:00,0.0
2019-03-08 01:00:00,0.0
2019-03-08 02:00:00,0.0
2019-03-08 03:00:00,0.0
2019-03-08 04:00:00,0.0
2019-03-08 05:00:00,0.0
2019-03-08 06:00:00,71.18
2019-03-08 07:00:00,258.73
2019-03-08 08:00:00,473.2
2019-03-08 09:00:00,667.72
2019-03-08 10:00:00,782.22
2019-03-08 11:00:00,900.05
2019-03-08 12:00:00,850.12
2019-03-08 13:00:00,772.2
2019-03-08 14:00:00,637.42
2019-03-08 15:00:00,429.65
2019-03-08 16:00:00,213.6
2019-03-08 17:00:00,27.6
2019-03-08 18:00:00,0.0
2019-03-08 19:00:00,0.0
2019-03-08 20:00:00,0.0
2019-03-08 21:00:00,0.0
2019-03-08 22:00:00,0.0
2019-03-08 23:00:00,0.0
2019-03-09 00:00:00,0.0
2019-03-09 01:00:00,0.0
2019-03-09 02:00:00,0.0
2019-03-09 03:00:00,0.0
2019-03-09 04:00:00,0.0
2019-03-09 05:00:00,0.0
2019-03-09 06:00:00,68.88
2019-03-09 07:00:00,259.8
2019-03-09 08:00:00,474.17
2019-03-09 09:00:00,674.67
2019-03-09 10:00:00,824.95
2019-03-09 11:00:00,921.08
2019-03-09 12:00:00,914.47
2019-03-09 13:00:00,810.62
2019-03-09 14:00:00,690.55
2019-03-09 15:00:00,472.0
2019-03-09 16:00:00,228.55
2019-03-09 17:00:00,28.33
2019-03-09 18:00:00,0.0
2019-03-09 19:00:00,0.0
2019-03-09 20:00:00,0.0
2019-03-09 21:00:00,0.0
2019-03-09 22:00:00,0.0
2019-03-09 23:00:00,0.0
2019-03-10 00:00:00,0.0
2019-03-10 01:00:00,0.0
2019-03-10 02:00:00,0.0
2019-03-10 03:00:00,0.0
2019-03-10 04:00:00,0.0
2019-03-10 05:00:00,0.0
2019-03-10 06:00:00,95.43
2019-03-10 07:00:00,316.1
2019-03-10 08:00:00,542.9
2019-03-10 09:00:00,743.88
2019-03-10 10:00:00,875.28
2019-03-10 11:00:00,948.58
2019-03-10 12:00:00,945.08
2019-03-10 13:00:00,822.41
2019-03-10 14:00:00,664.87
2019-03-10 15:00:00,457.62
2019-03-10 16:00:00,216.24
2019-03-10 17:00:00,27.87
2019-03-10 18:00:00,0.0
2019-03-10 19:00:00,0.0
2019-03-10 20:00:00,0.0
2019-03-10 21:00:00,0.0
2019-03-10 22:00:00,0.0
2019-03-10 23:00:00,0.0
2019-03-11 00:00:00,0.0
2019-03-11 01:00:00,0.0
2019-03-11 02:00:00,0.0
2019-03-11 03:00:00,0.0
2019-03-11 04:00:00,0.0
2019-03-11 05:00:00,0.0
2019-03-11 06:00:00,93.03
2019-03-11 07:00:00,320.2
2019-03-11 08:00:00,552.25
2019-03-11 09:00:00,759.9
2019-03-11 10:00:00,904.33
2019-03-11 11:00:00,954.2
2019-03-11 12:00:00,942.45
2019-03-11 13:00:00,849.4
2019-03-11 14:00:00,686.42
2019-03-11 15:00:00,468.17
2019-03-11 16:00:00,225.7
2019-03-11 17:00:00,29.62
2019-03-11 18:00:00,0.0
2019-03-11 19:00:00,0.0
2019-03-11 20:00:00,0.0
2019-03-11 21:00:00,0.0
2019-03-11 22:00:00,0.0
2019-03-11 23:00:00,0.0
2019-03-12 00:00:00,0.0
2019-03-12 01:00:00,0.0
2019-03-12 02:00:00,0.0
2019-03-12 03:00:00,0.0
2019-03-12 04:00:00,0.0
2019-03-12 05:00:00,0.0
2019-03-12 06:00:00,92.9
2019-03-12 07:00:00,327.65
2019-03-12 08:00:00,564.97
2019-03-12 09:00:00,754.67
2019-03-12 10:00:00,892.1
2019-03-12 11:00:00,881.45
2019-03-12 12:00:00,916.62
2019-03-12 13:00:00,851.3
2019-03-12 14:00:00,656.15
2019-03-12 15:00:00,458.5
2019-03-12 16:00:00,224.1
2019-03-12 17:00:00,29.2
2019-03-12 18:00:00,0.0
2019-03-12 19:00:00,0.0
2019-03-12 20:00:00,0.0
2019-03-12 21:00:00,0.0
2019-03-12 22:00:00,0.0
2019-03-12 23:00:00,0.0
2019-03-13 00:00:00,0.0
2019-03-13 01:00:00,0.0
2019-03-13 02:00:00,0.0
2019-03-13 03:00:00,0.0
2019-03-13 04:00:00,0.0
2019-03-13 05:00:00,0.0
2019-03-13 06:00:00,100.25
2019-03-13 07:00:00,335.1
2019-03-13 08:00:00,567.65
2019-03-13 09:00:00,775.72
2019-03-13 10:00:00,909.25
2019-03-13 11:00:00,958.03
2019-03-13 12:00:00,946.22
2019-03-13 13:00:00,848.97
2019-03-13 14:00:00,671.5
2019-03-13 15:00:00,462.88
2019-03-13 16:00:00,219.77
2019-03-13 17:00:00,25.1
2019-03-13 18:00:00,0.0
2019-03-13 19:00:00,0.0
2019-03-13 20:00:00,0.0
2019-03-13 21:00:00,0.0
2019-03-13 22:00:00,0.0
2019-03-13 23:00:00,0.0
2019-03-14 00:00:00,0.0
2019-03-14 01:00:00,0.0
2019-03-14 02:00:00,0.0
2019-03-14 03:00:00,0.0
2019-03-14 04:00:00,0.0
2019-03-14 05:00:00,0.0
2019-03-14 06:00:00,103.22
2019-03-14 07:00:00,329.83
2019-03-14 08:00:00,558.3
2019-03-14 09:00:00,748.53
2019-03-14 10:00:00,881.0
2019-03-14 11:00:00,943.35
2019-03-14 12:00:00,946.62
2019-03-14 13:00:00,822.42
2019-03-14 14:00:00,694.0
2019-03-14 15:00:00,474.42
2019-03-14 16:00:00,228.23
2019-03-14 17:00:00,26.42
2019-03-14 18:00:00,0.0
2019-03-14 19:00:00,0.0
2019-03-14 20:00:00,0.0
2019-03-14 21:00:00,0.0
2019-03-14 22:00:00,0.0
2019-03-14 23:00:00,0.0
2019-03-15 00:00:00,0.0
2019-03-15 01:00:00,0.0
2019-03-15 02:00:00,0.0
2019-03-15 03:00:00,0.0
2019-03-15 04:00:00,0.0
2019-03-15 05:00:00,0.0
2019-03-15 06:00:00,98.53
2019-03-15 07:00:00,337.55
2019-03-15 08:00:00,572.53
2019-03-15 09:00:00,762.83
2019-03-15 10:00:00,862.6
2019-03-15 11:00:00,966.6
2019-03-15 12:00:00,914.95
2019-03-15 13:00:00,777.28
2019-03-15 14:00:00,645.0
2019-03-15 15:00:00,450.73
2019-03-15 16:00:00,212.65
2019-03-15 17:00:00,23.3
2019-03-15 18:00:00,0.0
2019-03-15 19:00:00,0.0
2019-03-15 20:00:00,0.0
2019-03-15 21:00:00,0.0
2019-03-15 22:00:00,0.0
2019-03-15 23:00:00,0.0
2019-03-16 00:00:00,0.0
2019-03-16 01:00:00,0.0
2019-03-16 02:00:00,0.0
2019-03-16 03:00:00,0.0
2019-03-16 04:00:00,0.0
2019-03-16 05:00:00,0.0
2019-03-16 06:00:00,97.07
2019-03-16 07:00:00,312.75
2019-03-16 08:00:00,534.65
2019-03-16 09:00:00,737.92
2019-03-16 10:00:00,856.3
2019-03-16 11:00:00,920.67
2019-03-16 12:00:00,929.42
2019-03-16 13:00:00,855.33
2019-03-16 14:00:00,690.0
2019-03-16 15:00:00,470.1
2019-03-16 16:00:00,226.88
2019-03-16 17:00:00,27.05
2019-03-16 18:00:00,0.0
2019-03-16 19:00:00,0.0
2019-03-16 20:00:00,0.0
2019-03-16 21:00:00,0.0
2019-03-16 22:00:00,0.0
2019-03-16 23:00:00,0.0
2019-03-17 00:00:00,0.0
2019-03-17 01:00:00,0.0
2019-03-17 02:00:00,0.0
2019-03-17 03:00:00,0.0
2019-03-17 04:00:00,0.0
2019-03-17 05:00:00,0.0
2019-03-17 06:00:00,119.43
2019-03-17 07:00:00,354.7
2019-03-17 08:00:00,591.58
2019-03-17 09:00:00,798.7
2019-03-17 10:00:00,908.67
2019-03-17 11:00:00,987.95
2019-03-17 12:00:00,977.85
2019-03-17 13:00:00,821.55
2019-03-17 14:00:00,680.03
2019-03-17 15:00:00,484.4
2019-03-17 16:00:00,230.0
2019-03-17 17:00:00,28.9
2019-03-17 18:00:00,0.0
2019-03-17 19:00:00,0.0
2019-03-17 20:00:00,0.0
2019-03-17 21:00:00,0.0
2019-03-17 22:00:00,0.0
2019-03-17 23:00:00,0.0
2019-03-18 00:00:00,0.0
2019-03-18 01:00:00,0.0
2019-03-18 02:00:00,0.0
2019-03-18 03:00:00,0.0
2019-03-18 04:00:00,0.0
2019-03-18 05:00:00,0.0
2019-03-18 06:00:00,122.28
2019-03-18 07:00:00,370.5
2019-03-18 08:00:00,612.42
2019-03-18 09:00:00,795.42
2019-03-18 10:00:00,893.42
2019-03-18 11:00:00,972.78
2019-03-18 12:00:00,944.17
2019-03-18 13:00:00,851.7
2019-03-18 14:00:00,694.6
2019-03-18 15:00:00,478.35
2019-03-18 16:00:00,237.48
2019-03-18 17:00:00,33.6
2019-03-18 18:00:00,0.0
2019-03-18 19:00:00,0.0
2019-03-18 20:00:00,0.0
2019-03-18 21:00:00,0.0
2019-03-18 22:00:00,0.0
2019-03-18 23:00:00,0.0
2019-03-19 00:00:00,0.0
2019-03-19 01:00:00,0.0
2019-03-19 02:00:00,0.0
2019-03-19 03:00:00,0.0
2019-03-19 04:00:00,0.0
2019-03-19 05:00:00,0.0
2019-03-19 06:00:00,120.2
2019-03-19 07:00:00,348.83
2019-03-19 08:00:00,581.15
2019-03-19 09:00:00,794.67
2019-03-19 10:00:00,905.47
2019-03-19 11:00:00,826.83
2019-03-19 12:00:00,799.8
2019-03-19 13:00:00,851.22
2019-03-19 14:00:00,669.92
2019-03-19 15:00:00,458.25
2019-03-19 16:00:00,221.98
2019-03-19 17:00:00,29.9
2019-03-19 18:00:00,0.0
2019-03-19 19:00:00,0.0
2019-03-19 20:00:00,0.0
2019-03-19 21:00:00,0.0
2019-03-19 22:00:00,0.0
2019-03-19 23:00:00,0.0
2019-03-20 00:00:00,0.0
2019-03-20 01:00:00,0.0
2019-03-20 02:00:00,0.0
2019-03-20 03:00:00,0.0
2019-03-20 04:00:00,0.0
2019-03-20 05:00:00,0.0
2019-03-20 06:00:00,97.65
2019-03-20 07:00:00,310.38
2019-03-20 08:00:00,531.5
2019-03-20 09:00:00,742.95
2019-03-20 10:00:00,885.6
2019-03-20 11:00:00,747.33
2019-03-20 12:00:00,947.62
2019-03-20 13:00:00,850.88
2019-03-20 14:00:00,685.03
2019-03-20 15:00:00,463.27
2019-03-20 16:00:00,226.07
2019-03-20 17:00:00,31.12
2019-03-20 18:00:00,0.0
2019-03-20 19:00:00,0.0
2019-03-20 20:00:00,0.0
2019-03-20 21:00:00,0.0
2019-03-20 22:00:00,0.0
2019-03-20 23:00:00,0.0
2019-03-21 00:00:00,0.0
2019-03-21 01:00:00,0.0
2019-03-21 02:00:00,0.0
2019-03-21 03:00:00,0.0
2019-03-21 04:00:00,0.0
2019-03-21 05:00:00,0.0
2019-03-21 06:00:00,117.82
2019-03-21 07:00:00,355.55
2019-03-21 08:00:00,595.05
2019-03-21 09:00:00,807.92
2019-03-21 10:00:00,895.65
2019-03-21 11:00:00,838.25
2019-03-21 12:00:00,824.62
2019-03-21 13:00:00,873.95
2019-03-21 14:00:00,711.83
2019-03-21 15:00:00,491.55
2019-03-21 16:00:00,244.6
2019-03-21 17:00:00,34.5
2019-03-21 18:00:00,0.0
2019-03-21 19:00:00,0.0
2019-03-21 20:00:00,0.0
2019-03-21 21:00:00,0.0
2019-03-21 22:00:00,0.0
2019-03-21 23:00:00,0.0
2019-03-22 00:00:00,0.0
2019-03-22 01:00:00,0.0
2019-03-22 02:00:00,0.0
2019-03-22 03:00:00,0.0
2019-03-22 04:00:00,0.0
2019-03-22 05:00:00,0.0
2019-03-22 06:00:00,123.5
2019-03-22 07:00:00,344.9
2019-03-22 08:00:00,567.12
2019-03-22 09:00:00,755.88
2019-03-22 10:00:00,908.2
2019-03-22 11:00:00,761.5
2019-03-22 12:00:00,949.17
2019-03-22 13:00:00,878.62
2019-03-22 14:00:00,710.78
2019-03-22 15:00:00,488.1
2019-03-22 16:00:00,240.6
2019-03-22 17:00:00,33.7
2019-03-22 18:00:00,0.0
2019-03-22 19:00:00,0.0
2019-03-22 20:00:00,0.0
2019-03-22 21:00:00,0.0
2019-03-22 22:00:00,0.0
2019-03-22 23:00:00,0.0
2019-03-23 00:00:00,0.0
2019-03-23 01:00:00,0.0
2019-03-23 02:00:00,0.0
2019-03-23 03:00:00,0.0
2019-03-23 04:00:00,0.0
2019-03-23 05:00:00,0.0
2019-03-23 06:00:00,131.0
2019-03-23 07:00:00,360.3
2019-03-23 08:00:00,593.5
2019-03-23 09:00:00,799.97
2019-03-23 10:00:00,885.7
2019-03-23 11:00:00,973.8
2019-03-23 12:00:00,984.92
2019-03-23 13:00:00,879.3
2019-03-23 14:00:00,715.7
2019-03-23 15:00:00,489.55
2019-03-23 16:00:00,238.93
2019-03-23 17:00:00,32.28
2019-03-23 18:00:00,0.0
2019-03-23 19:00:00,0.0
2019-03-23 20:00:00,0.0
2019-03-23 21:00:00,0.0
2019-03-23 22:00:00,0.0
2019-03-23 23:00:00,0.0
2019-03-24 00:00:00,0.0
2019-03-24 01:00:00,0.0
2019-03-24 02:00:00,0.0
2019-03-24 03:00:00,0.0
2019-03-24 04:00:00,0.0
2019-03-24 05:00:00,0.0
2019-03-24 06:00:00,120.95
2019-03-24 07:00:00,349.55
2019-03-24 08:00:00,571.65
2019-03-24 09:00:00,788.58
2019-03-24 10:00:00,891.7
2019-03-24 11:00:00,960.65
2019-03-24 12:00:00,904.53
2019-03-24 13:00:00,829.92
2019-03-24 14:00:00,685.5
2019-03-24 15:00:00,467.33
2019-03-24 16:00:00,223.9
2019-03-24 17:00:00,26.7
2019-03-24 18:00:00,0.0
2019-03-24 19:00:00,0.0
2019-03-24 20:00:00,0.0
2019-03-24 21:00:00,0.0
2019-03-24 22:00:00,0.0
2019-03-24 23:00:00,0.0
2019-03-25 00:00:00,0.0
2019-03-25 01:00:00,0.0
2019-03-25 02:00:00,0.0
2019-03-25 03:00:00,0.0
2019-03-25 04:00:00,0.0
2019-03-25 05:00:00,3.25
2019-03-25 06:00:00,115.05
2019-03-25 07:00:00,351.05
2019-03-25 08:00:00,586.42
2019-03-25 09:00:00,784.33
2019-03-25 10:00:00,883.35
2019-03-25 11:00:00,963.15
2019-03-25 12:00:00,961.8
2019-03-25 13:00:00,864.85
2019-03-25 14:00:00,713.78
2019-03-25 15:00:00,491.92
2019-03-25 16:00:00,242.43
2019-03-25 17:00:00,30.67
2019-03-25 18:00:00,0.0
2019-03-25 19:00:00,0.0
2019-03-25 20:00:00,0.0
2019-03-25 21:00:00,0.0
2019-03-25 22:00:00,0.0
2019-03-25 23:00:00,0.0
2019-03-26 00:00:00,0.0
2019-03-26 01:00:00,0.0
2019-03-26 02:00:00,0.0
2019-03-26 03:00:00,0.0
2019-03-26 04:00:00,0.0
2019-03-26 05:00:00,3.75
2019-03-26 06:00:00,134.55
2019-03-26 07:00:00,367.23
2019-03-26 08:00:00,586.97
2019-03-26 09:00:00,793.17
2019-03-26 10:00:00,867.55
2019-03-26 11:00:00,940.17
2019-03-26 12:00:00,910.3
2019-03-26 13:00:00,697.7
2019-03-26 14:00:00,656.3
2019-03-26 15:00:00,442.23
2019-03-26 16:00:00,206.1
2019-03-26 17:00:00,25.23
2019-03-26 18:00:00,0.0
2019-03-26 19:00:00,0.0
2019-03-26 20:00:00,0.0
2019-03-26 21:00:00,0.0
2019-03-26 22:00:00,0.0
2019-03-26 23:00:00,0.0
2019-03-27 00:00:00,0.0
2019-03-27 01:00:00,0.0
2019-03-27 02:00:00,0.0
2019-03-27 03:00:00,0.0
2019-03-27 04:00:00,0.0
2019-03-27 05:00:00,4.1
2019-03-27 06:00:00,134.07
2019-03-27 07:00:00,388.1
2019-03-27 08:00:00,629.17
2019-03-27 09:00:00,841.8
2019-03-27 10:00:00,962.58
2019-03-27 11:00:00,985.08
2019-03-27 12:00:00,932.0
2019-03-27 13:00:00,865.95
2019-03-27 14:00:00,679.95
2019-03-27 15:00:00,481.27
2019-03-27 16:00:00,229.5
2019-03-27 17:00:00,29.62
2019-03-27 18:00:00,0.0
2019-03-27 19:00:00,0.0
2019-03-27 20:00:00,0.0
2019-03-27 21:00:00,0.0
2019-03-27 22:00:00,0.0
2019-03-27 23:00:00,0.0
2019-03-28 00:00:00,0.0
2019-03-28 01:00:00,0.0
2019-03-28 02:00:00,0.0
2019-03-28 03:00:00,0.0
2019-03-28 04:00:00,0.0
2019-03-28 05:00:00,4.38
2019-03-28 06:00:00,126.22
2019-03-28 07:00:00,366.38
2019-03-28 08:00:00,589.92
2019-03-28 09:00:00,823.75
2019-03-28 10:00:00,937.85
2019-03-28 11:00:00,984.4
2019-03-28 12:00:00,969.4
2019-03-28 13:00:00,824.3
2019-03-28 14:00:00,680.55
2019-03-28 15:00:00,461.35
2019-03-28 16:00:00,217.45
2019-03-28 17:00:00,25.48
2019-03-28 18:00:00,0.0
2019-03-28 19:00:00,0.0
2019-03-28 20:00:00,0.0
2019-03-28 21:00:00,0.0
2019-03-28 22:00:00,0.0
2019-03-28 23:00:00,0.0
2019-03-29 00:00:00,0.0
2019-03-29 01:00:00,0.0
2019-03-29 02:00:00,0.0
2019-03-29 03:00:00,0.0
2019-03-29 04:00:00,0.0
2019-03-29 05:00:00,4.1
2019-03-29 06:00:00,109.43
2019-03-29 07:00:00,341.2
2019-03-29 08:00:00,573.67
2019-03-29 09:00:00,785.25
2019-03-29 10:00:00,863.7
2019-03-29 11:00:00,941.6
2019-03-29 12:00:00,926.28
2019-03-29 13:00:00,859.42
2019-03-29 14:00:00,697.22
2019-03-29 15:00:00,475.58
2019-03-29 16:00:00,229.0
2019-03-29 17:00:00,27.5
2019-03-29 18:00:00,0.0
2019-03-29 19:00:00,0.0
2019-03-29 20:00:00,0.0
2019-03-29 21:00:00,0.0
2019-03-29 22:00:00,0.0
2019-03-29 23:00:00,0.0
2019-03-30 00:00:00,0.0
2019-03-30 01:00:00,0.0
2019-03-30 02:00:00,0.0
2019-03-30 03:00:00,0.0
2019-03-30 04:00:00,0.0
2019-03-30 05:00:00,4.35
2019-03-30 06:00:00,117.62
2019-03-30 07:00:00,346.9
2019-03-30 08:00:00,577.88
2019-03-30 09:00:00,740.62
2019-03-30 10:00:00,876.05
2019-03-30 11:00:00,938.22
2019-03-30 12:00:00,946.9
2019-03-30 13:00:00,859.33
2019-03-30 14:00:00,688.33
2019-03-30 15:00:00,464.2
2019-03-30 16:00:00,219.8
2019-03-30 17:00:00,29.5
2019-03-30 18:00:00,0.0
2019-03-30 19:00:00,0.0
2019-03-30 20:00:00,0.0
2019-03-30 21:00:00,0.0
2019-03-30 22:00:00,0.0
2019-03-30 23:00:00,0.0
2019-03-31 00:00:00,0.0
2019-03-31 01:00:00,0.0
2019-03-31 02:00:00,0.0
2019-03-31 03:00:00,0.0
2019-03-31 04:00:00,0.0
2019-03-31 05:00:00,4.82
2019-03-31 06:00:00,127.2
2019-03-31 07:00:00,362.9
2019-03-31 08:00:00,596.15
2019-03-31 09:00:00,789.38
2019-03-31 10:00:00,913.1
2019-03-31 11:00:00,936.92
2019-03-31 12:00:00,811.72
2019-03-31 13:00:00,834.38
2019-03-31 14:00:00,678.53
2019-03-31 15:00:00,461.67
2019-03-31 16:00:00,219.93
2019-03-31 17:00:00,27.25
2019-03-31 18:00:00,0.0
2019-03-31 19:00:00,0.0
2019-03-31 20:00:00,0.0
2019-03-31 21:00:00,0.0
2019-03-31 22:00:00,0.0
2019-03-31 23:00:00,0.0
2019-04-01 00:00:00,0.0
2019-04-01 01:00:00,0.0
2019-04-01 02:00:00,0.0
2019-04-01 03:00:00,0.0
2019-04-01 04:00:00,0.0
2019-04-01 05:00:00,4.53
2019-04-01 06:00:00,126.68
2019-04-01 07:00:00,360.4
2019-04-01 08:00:00,594.05
2019-04-01 09:00:00,795.22
2019-04-01 10:00:00,946.15
2019-04-01 11:00:00,980.97
2019-04-01 12:00:00,965.17
2019-04-01 13:00:00,847.7
2019-04-01 14:00:00,712.53
2019-04-01 15:00:00,489.45
2019-04-01 16:00:00,239.27
2019-04-01 17:00:00,30.48
2019-04-01 18:00:00,0.0
2019-04-01 19:00:00,0.0
2019-04-01 20:00:00,0.0
2019-04-01 21:00:00,0.0
2019-04-01 22:00:00,0.0
2019-04-01 23:00:00,0.0
2019-04-02 00:00:00,0.0
2019-04-02 01:00:00,0.0
2019-04-02 02:00:00,0.0
2019-04-02 03:00:00,0.0
2019-04-02 04:00:00,0.0
2019-04-02 05:00:00,5.55
2019-04-02 06:00:00,121.0
2019-04-02 07:00:00,325.23
2019-04-02 08:00:00,529.45
2019-04-02 09:00:00,751.62
2019-04-02 10:00:00,789.38
2019-04-02 11:00:00,959.7
2019-04-02 12:00:00,721.62
2019-04-02 13:00:00,707.25
2019-04-02 14:00:00,631.9
2019-04-02 15:00:00,429.77
2019-04-02 16:00:00,202.18
2019-04-02 17:00:00,23.05
2019-04-02 18:00:00,0.0
2019-04-02 19:00:00,0.0
2019-04-02 20:00:00,0.0
2019-04-02 21:00:00,0.0
2019-04-02 22:00:00,0.0
2019-04-02 23:00:00,0.0
2019-04-03 00:00:00,0.0
2019-04-03 01:00:00,0.0
2019-04-03 02:00:00,0.0
2019-04-03 03:00:00,0.0
2019-04-03 04:00:00,0.0
2019-04-03 05:00:00,5.38
2019-04-03 06:00:00,123.8
2019-04-03 07:00:00,343.55
2019-04-03 08:00:00,552.28
2019-04-03 09:00:00,737.97
2019-04-03 10:00:00,912.2
2019-04-03 11:00:00,946.5
2019-04-03 12:00:00,917.9
2019-04-03 13:00:00,826.42
2019-04-03 14:00:00,602.28
2019-04-03 15:00:00,416.48
2019-04-03 16:00:00,203.5
2019-04-03 17:00:00,28.08
2019-04-03 18:00:00,0.0
2019-04-03 19:00:00,0.0
2019-04-03 20:00:00,0.0
2019-04-03 21:00:00,0.0
2019-04-03 22:00:00,0.0
2019-04-03 23:00:00,0.0
2019-04-04 00:00:00,0.0
2019-04-04 01:00:00,0.0
2019-04-04 02:00:00,0.0
2019-04-04 03:00:00,0.0
2019-04-04 04:00:00,0.0
2019-04-04 05:00:00,6.53
2019-04-04 06:00:00,145.55
2019-04-04 07:00:00,386.08
2019-04-04 08:00:00,610.17
2019-04-04 09:00:00,804.1
2019-04-04 10:00:00,940.12
2019-04-04 11:00:00,994.3
2019-04-04 12:00:00,975.4
2019-04-04 13:00:00,874.08
2019-04-04 14:00:00,711.75
2019-04-04 15:00:00,491.65
2019-04-04 16:00:00,222.0
2019-04-04 17:00:00,28.17
2019-04-04 18:00:00,0.0
2019-04-04 19:00:00,0.0
2019-04-04 20:00:00,0.0
2019-04-04 21:00:00,0.0
2019-04-04 22:00:00,0.0
2019-04-04 23:00:00,0.0
2019-04-05 00:00:00,0.0
2019-04-05 01:00:00,0.0
2019-04-05 02:00:00,0.0
2019-04-05 03:00:00,0.0
2019-04-05 04:00:00,0.0
2019-04-05 05:00:00,6.5
2019-04-05 06:00:00,145.9
2019-04-05 07:00:00,390.2
2019-04-05 08:00:00,624.08
2019-04-05 09:00:00,811.58
2019-04-05 10:00:00,758.25
2019-04-05 11:00:00,778.45
2019-04-05 12:00:00,900.28
2019-04-05 13:00:00,658.67
2019-04-05 14:00:00,647.47
2019-04-05 15:00:00,426.88
2019-04-05 16:00:00,215.25
2019-04-05 17:00:00,27.35
2019-04-05 18:00:00,0.0
2019-04-05 19:00:00,0.0
2019-04-05 20:00:00,0.0
2019-04-05 21:00:00,0.0
2019-04-05 22:00:00,0.0
2019-04-05 23:00:00,0.0
2019-04-06 00:00:00,0.0
2019-04-06 01:00:00,0.0
2019-04-06 02:00:00,0.0
2019-04-06 03:00:00,0.0
2019-04-06 04:00:00,0.0
2019-04-06 05:00:00,7.43
2019-04-06 06:00:00,148.65
2019-04-06 07:00:00,392.5
2019-04-06 08:00:00,623.25
2019-04-06 09:00:00,813.8
2019-04-06 10:00:00,911.83
2019-04-06 11:00:00,971.05
2019-04-06 12:00:00,978.65
2019-04-06 13:00:00,888.67
2019-04-06 14:00:00,724.2
2019-04-06 15:00:00,498.88
2019-04-06 16:00:00,246.02
2019-04-06 17:00:00,33.9
2019-04-06 18:00:00,0.0
2019-04-06 19:00:00,0.0
2019-04-06 20:00:00,0.0
2019-04-06 21:00:00,0.0
2019-04-06 22:00:00,0.0
2019-04-06 23:00:00,0.0
2019-04-07 00:00:00,0.0
2019-04-07 01:00:00,0.0
2019-04-07 02:00:00,0.0
2019-04-07 03:00:00,0.0
2019-04-07 04:00:00,0.0
2019-04-07 05:00:00,6.9
2019-04-07 06:00:00,127.97
2019-04-07 07:00:00,348.9
2019-04-07 08:00:00,559.0
2019-04-07 09:00:00,785.05
2019-04-07 10:00:00,912.88
2019-04-07 11:00:00,951.17
2019-04-07 12:00:00,911.78
2019-04-07 13:00:00,838.95
2019-04-07 14:00:00,668.92
2019-04-07 15:00:00,448.75
2019-04-07 16:00:00,212.1
2019-04-07 17:00:00,28.55
2019-04-07 18:00:00,0.0
2019-04-07 19:00:00,0.0
2019-04-07 20:00:00,0.0
2019-04-07 21:00:00,0.0
2019-04-07 22:00:00,0.0
2019-04-07 23:00:00,0.0
2019-04-08 00:00:00,0.0
2019-04-08 01:00:00,0.0
2019-04-08 02:00:00,0.0
2019-04-08 03:00:00,0.0
2019-04-08 04:00:00,0.0
2019-04-08 05:00:00,7.62
2019-04-08 06:00:00,137.4
2019-04-08 07:00:00,354.27
2019-04-08 08:00:00,556.0
2019-04-08 09:00:00,776.28
2019-04-08 10:00:00,902.25
2019-04-08 11:00:00,899.4
2019-04-08 12:00:00,932.85
2019-04-08 13:00:00,829.22
2019-04-08 14:00:00,603.25
2019-04-08 15:00:00,431.12
2019-04-08 16:00:00,226.07
2019-04-08 17:00:00,30.77
2019-04-08 18:00:00,0.0
2019-04-08 19:00:00,0.0
2019-04-08 20:00:00,0.0
2019-04-08 21:00:00,0.0
2019-04-08 22:00:00,0.0
2019-04-08 23:00:00,0.0
2019-04-09 00:00:00,0.0
2019-04-09 01:00:00,0.0
2019-04-09 02:00:00,0.0
2019-04-09 03:00:00,0.0
2019-04-09 04:00:00,0.0
2019-04-09 05:00:00,7.6
2019-04-09 06:00:00,133.05
2019-04-09 07:00:00,321.02
2019-04-09 08:00:00,564.88
2019-04-09 09:00:00,787.95
2019-04-09 10:00:00,885.5
2019-04-09 11:00:00,970.0
2019-04-09 12:00:00,873.33
2019-04-09 13:00:00,855.12
2019-04-09 14:00:00,688.15
2019-04-09 15:00:00,471.25
2019-04-09 16:00:00,231.05
2019-04-09 17:00:00,32.2
2019-04-09 18:00:00,0.0
2019-04-09 19:00:00,0.0
2019-04-09 20:00:00,0.0
2019-04-09 21:00:00,0.0
2019-04-09 22:00:00,0.0
2019-04-09 23:00:00,0.0
2019-04-10 00:00:00,0.0
2019-04-10 01:00:00,0.0
2019-04-10 02:00:00,0.0
2019-04-10 03:00:00,0.0
2019-04-10 04:00:00,0.0
2019-04-10 05:00:00,8.62
2019-04-10 06:00:00,145.55
2019-04-10 07:00:00,367.08
2019-04-10 08:00:00,570.6
2019-04-10 09:00:00,788.85
2019-04-10 10:00:00,898.58
2019-04-10 11:00:00,963.17
2019-04-10 12:00:00,945.4
2019-04-10 13:00:00,848.17
2019-04-10 14:00:00,691.67
2019-04-10 15:00:00,476.73
2019-04-10 16:00:00,234.4
2019-04-10 17:00:00,30.12
2019-04-10 18:00:00,0.0
2019-04-10 19:00:00,0.0
2019-04-10 20:00:00,0.0
2019-04-10 21:00:00,0.0
2019-04-10 22:00:00,0.0
2019-04-10 23:00:00,0.0
2019-04-11 00:00:00,0.0
2019-04-11 01:00:00,0.0
2019-04-11 02:00:00,0.0
2019-04-11 03:00:00,0.0
2019-04-11 04:00:00,0.0
2019-04-11 05:00:00,9.07
2019-04-11 06:00:00,150.5
2019-04-11 07:00:00,379.6
2019-04-11 08:00:00,599.17
2019-04-11 09:00:00,811.03
2019-04-11 10:00:00,945.7
2019-04-11 11:00:00,980.6
2019-04-11 12:00:00,968.38
2019-04-11 13:00:00,874.95
2019-04-11 14:00:00,640.4
2019-04-11 15:00:00,448.6
2019-04-11 16:00:00,211.1
2019-04-11 17:00:00,26.1
2019-04-11 18:00:00,0.0
2019-04-11 19:00:00,0.0
2019-04-11 20:00:00,0.0
2019-04-11 21:00:00,0.0
2019-04-11 22:00:00,0.0
2019-04-11 23:00:00,0.0
2019-04-12 00:00:00,0.0
2019-04-12 01:00:00,0.0
2019-04-12 02:00:00,0.0
2019-04-12 03:00:00,0.0
2019-04-12 04:00:00,0.0
2019-04-12 05:00:00,9.15
2019-04-12 06:00:00,149.55
2019-04-12 07:00:00,381.48
2019-04-12 08:00:00,602.22
2019-04-12 09:00:00,824.75
2019-04-12 10:00:00,926.3
2019-04-12 11:00:00,965.85
2019-04-12 12:00:00,923.3
2019-04-12 13:00:00,828.4
2019-04-12 14:00:00,672.12
2019-04-12 15:00:00,466.27
2019-04-12 16:00:00,235.23
2019-04-12 17:00:00,34.45
2019-04-12 18:00:00,0.0
2019-04-12 19:00:00,0.0
2019-04-12 20:00:00,0.0
2019-04-12 21:00:00,0.0
2019-04-12 22:00:00,0.0
2019-04-12 23:00:00,0.0
2019-04-13 00:00:00,0.0
2019-04-13 01:00:00,0.0
2019-04-13 02:00:00,0.0
2019-04-13 03:00:00,0.0
2019-04-13 04:00:00,0.0
2019-04-13 05:00:00,10.2
2019-04-13 06:00:00,156.8
2019-04-13 07:00:00,392.7
2019-04-13 08:00:00,618.35
2019-04-13 09:00:00,809.78
2019-04-13 10:00:00,946.03
2019-04-13 11:00:00,966.5
2019-04-13 12:00:00,943.08
2019-04-13 13:00:00,831.42
2019-04-13 14:00:00,689.5
2019-04-13 15:00:00,470.77
2019-04-13 16:00:00,228.2
2019-04-13 17:00:00,29.15
2019-04-13 18:00:00,0.0
2019-04-13 19:00:00,0.0
2019-04-13 20:00:00,0.0
2019-04-13 21:00:00,0.0
2019-04-13 22:00:00,0.0
2019-04-13 23:00:00,0.0
2019-04-14 00:00:00,0.0
2019-04-14 01:00:00,0.0
2019-04-14 02:00:00,0.0
2019-04-14 03:00:00,0.0
2019-04-14 04:00:00,0.0
2019-04-14 05:00:00,10.35
2019-04-14 06:00:00,152.18
2019-04-14 07:00:00,377.05
2019-04-14 08:00:00,581.3
2019-04-14 09:00:00,805.6
2019-04-14 10:00:00,943.45
2019-04-14 11:00:00,993.08
2019-04-14 12:00:00,979.45
2019-04-14 13:00:00,881.2
2019-04-14 14:00:00,711.95
2019-04-14 15:00:00,489.98
2019-04-14 16:00:00,242.27
2019-04-14 17:00:00,34.12
2019-04-14 18:00:00,0.0
2019-04-14 19:00:00,0.0
2019-04-14 20:00:00,0.0
2019-04-14 21:00:00,0.0
2019-04-14 22:00:00,0.0
2019-04-14 23:00:00,0.0
2019-04-15 00:00:00,0.0
2019-04-15 01:00:00,0.0
2019-04-15 02:00:00,0.0
2019-04-15 03:00:00,0.0
2019-04-15 04:00:00,0.0
2019-04-15 05:00:00,11.15
2019-04-15 06:00:00,155.82
2019-04-15 07:00:00,388.62
2019-04-15 08:00:00,609.88
2019-04-15 09:00:00,801.45
2019-04-15 10:00:00,938.22
2019-04-15 11:00:00,1014.95
2019-04-15 12:00:00,1002.33
2019-04-15 13:00:00,902.22
2019-04-15 14:00:00,729.8
2019-04-15 15:00:00,497.58
2019-04-15 16:00:00,245.2
2019-04-15 17:00:00,32.8
2019-04-15 18:00:00,0.0
2019-04-15 19:00:00,0.0
2019-04-15 20:00:00,0.0
2019-04-15 21:00:00,0.0
2019-04-15 22:00:00,0.0
2019-04-15 23:00:00,0.0
2019-04-16 00:00:00,0.0
2019-04-16 01:00:00,0.0
2019-04-16 02:00:00,0.0
2019-04-16 03:00:00,0.0
2019-04-16 04:00:00,0.0
2019-04-16 05:00:00,12.3
2019-04-16 06:00:00,175.68
2019-04-16 07:00:00,417.48
2019-04-16 08:00:00,641.47
2019-04-16 09:00:00,850.67
2019-04-16 10:00:00,964.65
2019-04-16 11:00:00,998.97
2019-04-16 12:00:00,951.6
2019-04-16 13:00:00,865.35
2019-04-16 14:00:00,695.0
2019-04-16 15:00:00,475.42
2019-04-16 16:00:00,234.73
2019-04-16 17:00:00,33.6
2019-04-16 18:00:00,0.0
2019-04-16 19:00:00,0.0
2019-04-16 20:00:00,0.0
2019-04-16 21:00:00,0.0
2019-04-16 22:00:00,0.0
2019-04-16 23:00:00,0.0
2019-04-17 00:00:00,0.0
2019-04-17 01:00:00,0.0
2019-04-17 02:00:00,0.0
2019-04-17 03:00:00,0.0
2019-04-17 04:00:00,0.0
2019-04-17 05:00:00,11.05
2019-04-17 06:00:00,159.93
2019-04-17 07:00:00,388.23
2019-04-17 08:00:00,611.12
2019-04-17 09:00:00,790.1
2019-04-17 10:00:00,901.38
2019-04-17 11:00:00,918.88
2019-04-17 12:00:00,940.1
2019-04-17 13:00:00,841.35
2019-04-17 14:00:00,687.05
2019-04-17 15:00:00,464.23
2019-04-17 16:00:00,225.43
2019-04-17 17:00:00,31.98
2019-04-17 18:00:00,0.0
2019-04-17 19:00:00,0.0
2019-04-17 20:00:00,0.0
2019-04-17 21:00:00,0.0
2019-04-17 22:00:00,0.0
2019-04-17 23:00:00,0.0
2019-04-18 00:00:00,0.0
2019-04-18 01:00:00,0.0
2019-04-18 02:00:00,0.0
2019-04-18 03:00:00,0.0
2019-04-18 04:00:00,0.0
2019-04-18 05:00:00,10.07
2019-04-18 06:00:00,134.4
2019-04-18 07:00:00,329.8
2019-04-18 08:00:00,535.58
2019-04-18 09:00:00,718.15
2019-04-18 10:00:00,851.83
2019-04-18 11:00:00,934.5
2019-04-18 12:00:00,746.75
2019-04-18 13:00:00,823.5
2019-04-18 14:00:00,648.7
2019-04-18 15:00:00,433.55
2019-04-18 16:00:00,192.5
2019-04-18 17:00:00,26.1
2019-04-18 18:00:00,0.0
2019-04-18 19:00:00,0.0
2019-04-18 20:00:00,0.0
2019-04-18 21:00:00,0.0
2019-04-18 22:00:00,0.0
2019-04-18 23:00:00,0.0
2019-04-19 00:00:00,0.0
2019-04-19 01:00:00,0.0
2019-04-19 02:00:00,0.0
2019-04-19 03:00:00,0.0
2019-04-19 04:00:00,0.0
2019-04-19 05:00:00,11.85
2019-04-19 06:00:00,161.23
2019-04-19 07:00:00,387.48
2019-04-19 08:00:00,610.65
2019-04-19 09:00:00,815.05
2019-04-19 10:00:00,891.88
2019-04-19 11:00:00,931.78
2019-04-19 12:00:00,931.67
2019-04-19 13:00:00,749.83
2019-04-19 14:00:00,670.83
2019-04-19 15:00:00,476.48
2019-04-19 16:00:00,233.88
2019-04-19 17:00:00,31.85
2019-04-19 18:00:00,0.0
2019-04-19 19:00:00,0.0
2019-04-19 20:00:00,0.0
2019-04-19 21:00:00,0.0
2019-04-19 22:00:00,0.0
2019-04-19 23:00:00,0.0
2019-04-20 00:00:00,0.0
2019-04-20 01:00:00,0.0
2019-04-20 02:00:00,0.0
2019-04-20 03:00:00,0.0
2019-04-20 04:00:00,0.0
2019-04-20 05:00:00,13.55
2019-04-20 06:00:00,163.62
2019-04-20 07:00:00,345.35
2019-04-20 08:00:00,604.1
2019-04-20 09:00:00,809.03
2019-04-20 10:00:00,890.17
2019-04-20 11:00:00,958.03
2019-04-20 12:00:00,939.47
2019-04-20 13:00:00,846.67
2019-04-20 14:00:00,641.83
2019-04-20 15:00:00,470.08
2019-04-20 16:00:00,193.6
2019-04-20 17:00:00,38.25
2019-04-20 18:00:00,0.0
2019-04-20 19:00:00,0.0
2019-04-20 20:00:00,0.0
2019-04-20 21:00:00,0.0
2019-04-20 22:00:00,0.0
2019-04-20 23:00:00,0.0
2019-04-21 00:00:00,0.0
2019-04-21 01:00:00,0.0
2019-04-21 02:00:00,0.0
2019-04-21 03:00:00,0.0
2019-04-21 04:00:00,0.0
2019-04-21 05:00:00,10.12
2019-04-21 06:00:00,146.27
2019-04-21 07:00:00,326.6
2019-04-21 08:00:00,578.5
2019-04-21 09:00:00,776.75
2019-04-21 10:00:00,800.88
2019-04-21 11:00:00,947.7
2019-04-21 12:00:00,838.38
2019-04-21 13:00:00,808.88
2019-04-21 14:00:00,638.92
2019-04-21 15:00:00,443.38
2019-04-21 16:00:00,221.77
2019-04-21 17:00:00,35.05
2019-04-21 18:00:00,0.0
2019-04-21 19:00:00,0.0
2019-04-21 20:00:00,0.0
2019-04-21 21:00:00,0.0
2019-04-21 22:00:00,0.0
2019-04-21 23:00:00,0.0
2019-04-22 00:00:00,0.0
2019-04-22 01:00:00,0.0
2019-04-22 02:00:00,0.0
2019-04-22 03:00:00,0.0
2019-04-22 04:00:00,0.0
2019-04-22 05:00:00,14.07
2019-04-22 06:00:00,143.43
2019-04-22 07:00:00,301.6
2019-04-22 08:00:00,554.6
2019-04-22 09:00:00,763.08
2019-04-22 10:00:00,856.58
2019-04-22 11:00:00,924.97
2019-04-22 12:00:00,869.17
2019-04-22 13:00:00,801.83
2019-04-22 14:00:00,560.08
2019-04-22 15:00:00,315.9
2019-04-22 16:00:00,150.15
2019-04-22 17:00:00,18.83
2019-04-22 18:00:00,0.0
2019-04-22 19:00:00,0.0
2019-04-22 20:00:00,0.0
2019-04-22 21:00:00,0.0
2019-04-22 22:00:00,0.0
2019-04-22 23:00:00,0.0
2019-04-23 00:00:00,0.0
2019-04-23 01:00:00,0.0
2019-04-23 02:00:00,0.0
2019-04-23 03:00:00,0.0
2019-04-23 04:00:00,0.0
2019-04-23 05:00:00,9.43
2019-04-23 06:00:00,121.62
2019-04-23 07:00:00,264.8
2019-04-23 08:00:00,462.35
2019-04-23 09:00:00,630.92
2019-04-23 10:00:00,660.9
2019-04-23 11:00:00,697.33
2019-04-23 12:00:00,738.28
2019-04-23 13:00:00,758.42
2019-04-23 14:00:00,629.25
2019-04-23 15:00:00,440.52
2019-04-23 16:00:00,221.93
2019-04-23 17:00:00,31.42
2019-04-23 18:00:00,0.0
2019-04-23 19:00:00,0.0
2019-04-23 20:00:00,0.0
2019-04-23 21:00:00,0.0
2019-04-23 22:00:00,0.0
2019-04-23 23:00:00,0.0
2019-04-24 00:00:00,0.0
2019-04-24 01:00:00,0.0
2019-04-24 02:00:00,0.0
2019-04-24 03:00:00,0.0
2019-04-24 04:00:00,0.0
2019-04-24 05:00:00,14.62
2019-04-24 06:00:00,169.05
2019-04-24 07:00:00,386.62
2019-04-24 08:00:00,602.67
2019-04-24 09:00:00,804.0
2019-04-24 10:00:00,837.42
2019-04-24 11:00:00,984.03
2019-04-24 12:00:00,905.1
2019-04-24 13:00:00,806.4
2019-04-24 14:00:00,675.22
2019-04-24 15:00:00,460.9
2019-04-24 16:00:00,221.7
2019-04-24 17:00:00,28.23
2019-04-24 18:00:00,0.0
2019-04-24 19:00:00,0.0
2019-04-24 20:00:00,0.0
2019-04-24 21:00:00,0.0
2019-04-24 22:00:00,0.0
2019-04-24 23:00:00,0.0
2019-04-25 00:00:00,0.0
2019-04-25 01:00:00,0.0
2019-04-25 02:00:00,0.0
2019-04-25 03:00:00,0.0
2019-04-25 04:00:00,0.0
2019-04-25 05:00:00,13.27
2019-04-25 06:00:00,130.85
2019-04-25 07:00:00,312.73
2019-04-25 08:00:00,515.08
2019-04-25 09:00:00,670.88
2019-04-25 10:00:00,788.55
2019-04-25 11:00:00,892.88
2019-04-25 12:00:00,883.22
2019-04-25 13:00:00,815.15
2019-04-25 14:00:00,663.4
2019-04-25 15:00:00,457.3
2019-04-25 16:00:00,223.5
2019-04-25 17:00:00,26.1
2019-04-25 18:00:00,0.0
2019-04-25 19:00:00,0.0
2019-04-25 20:00:00,0.0
2019-04-25 21:00:00,0.0
2019-04-25 22:00:00,0.0
2019-04-25 23:00:00,0.0
2019-04-26 00:00:00,0.0
2019-04-26 01:00:00,0.0
2019-04-26 02:00:00,0.0
2019-04-26 03:00:00,0.0
2019-04-26 04:00:00,0.0
2019-04-26 05:00:00,14.85
2019-04-26 06:00:00,161.3
2019-04-26 07:00:00,367.55
2019-04-26 08:00:00,570.65
2019-04-26 09:00:00,776.38
2019-04-26 10:00:00,876.78
2019-04-26 11:00:00,939.2
2019-04-26 12:00:00,703.5
2019-04-26 13:00:00,786.47
2019-04-26 14:00:00,575.5
2019-04-26 15:00:00,419.25
2019-04-26 16:00:00,197.6
2019-04-26 17:00:00,28.55
2019-04-26 18:00:00,0.0
2019-04-26 19:00:00,0.0
2019-04-26 20:00:00,0.0
2019-04-26 21:00:00,0.0
2019-04-26 22:00:00,0.0
2019-04-26 23:00:00,0.0
2019-04-27 00:00:00,0.0
2019-04-27 01:00:00,0.0
2019-04-27 02:00:00,0.0
2019-04-27 03:00:00,0.0
2019-04-27 04:00:00,0.0
2019-04-27 05:00:00,13.43
2019-04-27 06:00:00,137.62
2019-04-27 07:00:00,334.45
2019-04-27 08:00:00,542.15
2019-04-27 09:00:00,744.12
2019-04-27 10:00:00,854.33
2019-04-27 11:00:00,890.42
2019-04-27 12:00:00,857.05
2019-04-27 13:00:00,708.78
2019-04-27 14:00:00,563.55
2019-04-27 15:00:00,391.42
2019-04-27 16:00:00,189.3
2019-04-27 17:00:00,31.48
2019-04-27 18:00:00,0.0
2019-04-27 19:00:00,0.0
2019-04-27 20:00:00,0.0
2019-04-27 21:00:00,0.0
2019-04-27 22:00:00,0.0
2019-04-27 23:00:00,0.0
2019-04-28 00:00:00,0.0
2019-04-28 01:00:00,0.0
2019-04-28 02:00:00,0.0
2019-04-28 03:00:00,0.0
2019-04-28 04:00:00,0.0
2019-04-28 05:00:00,10.73
2019-04-28 06:00:00,146.85
2019-04-28 07:00:00,314.33
2019-04-28 08:00:00,487.98
2019-04-28 09:00:00,650.72
2019-04-28 10:00:00,704.88
2019-04-28 11:00:00,734.8
2019-04-28 12:00:00,726.38
2019-04-28 13:00:00,629.1
2019-04-28 14:00:00,445.05
2019-04-28 15:00:00,230.8
2019-04-28 16:00:00,107.45
2019-04-28 17:00:00,17.7
2019-04-28 18:00:00,0.0
2019-04-28 19:00:00,0.0
2019-04-28 20:00:00,0.0
2019-04-28 21:00:00,0.0
2019-04-28 22:00:00,0.0
2019-04-28 23:00:00,0.0
2019-04-29 00:00:00,0.0
2019-04-29 01:00:00,0.0
2019-04-29 02:00:00,0.0
2019-04-29 03:00:00,0.0
2019-04-29 04:00:00,0.0
2019-04-29 05:00:00,11.82
2019-04-29 06:00:00,130.65
2019-04-29 07:00:00,308.3
2019-04-29 08:00:00,491.35
2019-04-29 09:00:00,641.95
2019-04-29 10:00:00,751.6
2019-04-29 11:00:00,742.0
2019-04-29 12:00:00,785.9
2019-04-29 13:00:00,710.5
2019-04-29 14:00:00,540.8
2019-04-29 15:00:00,320.15
2019-04-29 16:00:00,141.62
2019-04-29 17:00:00,21.38
2019-04-29 18:00:00,0.0
2019-04-29 19:00:00,0.0
2019-04-29 20:00:00,0.0
2019-04-29 21:00:00,0.0
2019-04-29 22:00:00,0.0
2019-04-29 23:00:00,0.0
2019-04-30 00:00:00,0.0
2019-04-30 01:00:00,0.0
2019-04-30 02:00:00,0.0
2019-04-30 03:00:00,0.0
2019-04-30 04:00:00,0.0
2019-04-30 05:00:00,11.02
2019-04-30 06:00:00,81.43
2019-04-30 07:00:00,169.48
2019-04-30 08:00:00,284.77
2019-04-30 09:00:00,388.45
2019-04-30 10:00:00,512.6
2019-04-30 11:00:00,546.9
2019-04-30 12:00:00,509.48
2019-04-30 13:00:00,376.65
2019-04-30 14:00:00,243.52
2019-04-30 15:00:00,129.75
2019-04-30 16:00:00,62.95
2019-04-30 17:00:00,12.65
2019-04-30 18:00:00,0.0
2019-04-30 19:00:00,0.0
2019-04-30 20:00:00,0.0
2019-04-30 21:00:00,0.0
2019-04-30 22:00:00,0.0
2019-04-30 23:00:00,0.0
2019-05-01 00:00:00,0.0
2019-05-01 01:00:00,0.0
2019-05-01 02:00:00,0.0
2019-05-01 03:00:00,0.0
2019-05-01 04:00:00,0.0
2019-05-01 05:00:00,3.97
2019-05-01 06:00:00,45.97
2019-05-01 07:00:00,105.55
2019-05-01 08:00:00,190.55
2019-05-01 09:00:00,254.02
2019-05-01 10:00:00,296.95
2019-05-01 11:00:00,342.27
2019-05-01 12:00:00,429.4
2019-05-01 13:00:00,381.35
2019-05-01 14:00:00,291.67
2019-05-01 15:00:00,210.68
2019-05-01 16:00:00,100.88
2019-05-01 17:00:00,17.4
2019-05-01 18:00:00,0.0
2019-05-01 19:00:00,0.0
2019-05-01 20:00:00,0.0
2019-05-01 21:00:00,0.0
2019-05-01 22:00:00,0.0
2019-05-01 23:00:00,0.0
2019-05-02 00:00:00,0.0
2019-05-02 01:00:00,0.0
2019-05-02 02:00:00,0.0
2019-05-02 03:00:00,0.0
2019-05-02 04:00:00,0.0
2019-05-02 05:00:00,3.97
2019-05-02 06:00:00,98.9
2019-05-02 07:00:00,238.23
2019-05-02 08:00:00,360.05
2019-05-02 09:00:00,494.15
2019-05-02 10:00:00,569.65
2019-05-02 11:00:00,644.5
2019-05-02 12:00:00,670.45
2019-05-02 13:00:00,560.03
2019-05-02 14:00:00,400.92
2019-05-02 15:00:00,270.35
2019-05-02 16:00:00,125.93
2019-05-02 17:00:00,23.05
2019-05-02 18:00:00,0.0
2019-05-02 19:00:00,0.0
2019-05-02 20:00:00,0.0
2019-05-02 21:00:00,0.0
2019-05-02 22:00:00,0.0
2019-05-02 23:00:00,0.0
2019-05-03 00:00:00,0.0
2019-05-03 01:00:00,0.0
2019-05-03 02:00:00,0.0
2019-05-03 03:00:00,0.0
2019-05-03 04:00:00,0.0
2019-05-03 05:00:00,14.77
2019-05-03 06:00:00,136.0
2019-05-03 07:00:00,309.42
2019-05-03 08:00:00,488.52
2019-05-03 09:00:00,645.67
2019-05-03 10:00:00,789.38
2019-05-03 11:00:00,840.6
2019-05-03 12:00:00,839.47
2019-05-03 13:00:00,776.4
2019-05-03 14:00:00,610.9
2019-05-03 15:00:00,417.98
2019-05-03 16:00:00,191.48
2019-05-03 17:00:00,28.27
2019-05-03 18:00:00,0.0
2019-05-03 19:00:00,0.0
2019-05-03 20:00:00,0.0
2019-05-03 21:00:00,0.0
2019-05-03 22:00:00,0.0
2019-05-03 23:00:00,0.0
2019-05-04 00:00:00,0.0
2019-05-04 01:00:00,0.0
2019-05-04 02:00:00,0.0
2019-05-04 03:00:00,0.0
2019-05-04 04:00:00,0.0
2019-05-04 05:00:00,14.0
2019-05-04 06:00:00,135.32
2019-05-04 07:00:00,306.95
2019-05-04 08:00:00,477.52
2019-05-04 09:00:00,648.4
2019-05-04 10:00:00,786.62
2019-05-04 11:00:00,850.45
2019-05-04 12:00:00,819.08
2019-05-04 13:00:00,740.35
2019-05-04 14:00:00,590.5
2019-05-04 15:00:00,394.27
2019-05-04 16:00:00,183.77
2019-05-04 17:00:00,27.95
2019-05-04 18:00:00,0.0
2019-05-04 19:00:00,0.0
2019-05-04 20:00:00,0.0
2019-05-04 21:00:00,0.0
2019-05-04 22:00:00,0.0
2019-05-04 23:00:00,0.0
2019-05-05 00:00:00,0.0
2019-05-05 01:00:00,0.0
2019-05-05 02:00:00,0.0
2019-05-05 03:00:00,0.0
2019-05-05 04:00:00,0.0
2019-05-05 05:00:00,16.25
2019-05-05 06:00:00,149.0
2019-05-05 07:00:00,342.08
2019-05-05 08:00:00,535.92
2019-05-05 09:00:00,749.0
2019-05-05 10:00:00,876.88
2019-05-05 11:00:00,909.05
2019-05-05 12:00:00,861.53
2019-05-05 13:00:00,736.85
2019-05-05 14:00:00,609.1
2019-05-05 15:00:00,417.08
2019-05-05 16:00:00,192.98
2019-05-05 17:00:00,29.08
2019-05-05 18:00:00,0.0
2019-05-05 19:00:00,0.0
2019-05-05 20:00:00,0.0
2019-05-05 21:00:00,0.0
2019-05-05 22:00:00,0.0
2019-05-05 23:00:00,0.0
2019-05-06 00:00:00,0.0
2019-05-06 01:00:00,0.0
2019-05-06 02:00:00,0.0
2019-05-06 03:00:00,0.0
2019-05-06 04:00:00,0.0
2019-05-06 05:00:00,16.42
2019-05-06 06:00:00,146.18
2019-05-06 07:00:00,329.75
2019-05-06 08:00:00,530.6
2019-05-06 09:00:00,739.9
2019-05-06 10:00:00,787.62
2019-05-06 11:00:00,846.9
2019-05-06 12:00:00,894.58
2019-05-06 13:00:00,796.03
2019-05-06 14:00:00,622.58
2019-05-06 15:00:00,417.98
2019-05-06 16:00:00,199.95
2019-05-06 17:00:00,30.4
2019-05-06 18:00:00,0.0
2019-05-06 19:00:00,0.0
2019-05-06 20:00:00,0.0
2019-05-06 21:00:00,0.0
2019-05-06 22:00:00,0.0
2019-05-06 23:00:00,0.0
2019-05-07 00:00:00,0.0
2019-05-07 01:00:00,0.0
2019-05-07 02:00:00,0.0
2019-05-07 03:00:00,0.0
2019-05-07 04:00:00,0.0
2019-05-07 05:00:00,15.73
2019-05-07 06:00:00,157.95
2019-05-07 07:00:00,337.23
2019-05-07 08:00:00,519.97
2019-05-07 09:00:00,745.5
2019-05-07 10:00:00,898.3
2019-05-07 11:00:00,826.28
2019-05-07 12:00:00,859.97
2019-05-07 13:00:00,738.17
2019-05-07 14:00:00,582.3
2019-05-07 15:00:00,384.45
2019-05-07 16:00:00,166.95
2019-05-07 17:00:00,23.08
2019-05-07 18:00:00,0.0
2019-05-07 19:00:00,0.0
2019-05-07 20:00:00,0.0
2019-05-07 21:00:00,0.0
2019-05-07 22:00:00,0.0
2019-05-07 23:00:00,0.0
2019-05-08 00:00:00,0.0
2019-05-08 01:00:00,0.0
2019-05-08 02:00:00,0.0
2019-05-08 03:00:00,0.0
2019-05-08 04:00:00,0.0
2019-05-08 05:00:00,13.45
2019-05-08 06:00:00,137.45
2019-05-08 07:00:00,282.15
2019-05-08 08:00:00,456.17
2019-05-08 09:00:00,625.03
2019-05-08 10:00:00,767.22
2019-05-08 11:00:00,804.38
2019-05-08 12:00:00,785.0
2019-05-08 13:00:00,625.8
2019-05-08 14:00:00,534.67
2019-05-08 15:00:00,356.7
2019-05-08 16:00:00,156.8
2019-05-08 17:00:00,23.2
2019-05-08 18:00:00,0.0
2019-05-08 19:00:00,0.0
2019-05-08 20:00:00,0.0
2019-05-08 21:00:00,0.0
2019-05-08 22:00:00,0.0
2019-05-08 23:00:00,0.0
2019-05-09 00:00:00,0.0
2019-05-09 01:00:00,0.0
2019-05-09 02:00:00,0.0
2019-05-09 03:00:00,0.0
2019-05-09 04:00:00,0.0
2019-05-09 05:00:00,16.38
2019-05-09 06:00:00,132.88
2019-05-09 07:00:00,310.98
2019-05-09 08:00:00,511.7
2019-05-09 09:00:00,725.67
2019-05-09 10:00:00,789.3
2019-05-09 11:00:00,799.22
2019-05-09 12:00:00,832.67
2019-05-09 13:00:00,696.88
2019-05-09 14:00:00,584.35
2019-05-09 15:00:00,392.15
2019-05-09 16:00:00,196.9
2019-05-09 17:00:00,22.12
2019-05-09 18:00:00,0.0
2019-05-09 19:00:00,0.0
2019-05-09 20:00:00,0.0
2019-05-09 21:00:00,0.0
2019-05-09 22:00:00,0.0
2019-05-09 23:00:00,0.0
2019-05-10 00:00:00,0.0
2019-05-10 01:00:00,0.0
2019-05-10 02:00:00,0.0
2019-05-10 03:00:00,0.0
2019-05-10 04:00:00,0.0
2019-05-10 05:00:00,16.33
2019-05-10 06:00:00,136.3
2019-05-10 07:00:00,322.48
2019-05-10 08:00:00,516.3
2019-05-10 09:00:00,726.8
2019-05-10 10:00:00,834.88
2019-05-10 11:00:00,762.58
2019-05-10 12:00:00,895.12
2019-05-10 13:00:00,786.83
2019-05-10 14:00:00,596.15
2019-05-10 15:00:00,406.25
2019-05-10 16:00:00,191.05
2019-05-10 17:00:00,24.02
2019-05-10 18:00:00,0.0
2019-05-10 19:00:00,0.0
2019-05-10 20:00:00,0.0
2019-05-10 21:00:00,0.0
2019-05-10 22:00:00,0.0
2019-05-10 23:00:00,0.0
2019-05-11 00:00:00,0.0
2019-05-11 01:00:00,0.0
2019-05-11 02:00:00,0.0
2019-05-11 03:00:00,0.0
2019-05-11 04:00:00,0.0
2019-05-11 05:00:00,18.2
2019-05-11 06:00:00,147.73
2019-05-11 07:00:00,325.05
2019-05-11 08:00:00,517.2
2019-05-11 09:00:00,725.4
2019-05-11 10:00:00,806.03
2019-05-11 11:00:00,829.47
2019-05-11 12:00:00,834.28
2019-05-11 13:00:00,721.12
2019-05-11 14:00:00,604.08
2019-05-11 15:00:00,407.38
2019-05-11 16:00:00,191.93
2019-05-11 17:00:00,24.65
2019-05-11 18:00:00,0.0
2019-05-11 19:00:00,0.0
2019-05-11 20:00:00,0.0
2019-05-11 21:00:00,0.0
2019-05-11 22:00:00,0.0
2019-05-11 23:00:00,0.0
2019-05-12 00:00:00,0.0
2019-05-12 01:00:00,0.0
2019-05-12 02:00:00,0.0
2019-05-12 03:00:00,0.0
2019-05-12 04:00:00,0.0
2019-05-12 05:00:00,19.48
2019-05-12 06:00:00,166.95
2019-05-12 07:00:00,350.42
2019-05-12 08:00:00,549.33
2019-05-12 09:00:00,751.5
2019-05-12 10:00:00,884.62
2019-05-12 11:00:00,774.67
2019-05-12 12:00:00,782.05
2019-05-12 13:00:00,802.75
2019-05-12 14:00:00,576.08
2019-05-12 15:00:00,397.67
2019-05-12 16:00:00,186.52
2019-05-12 17:00:00,34.08
2019-05-12 18:00:00,0.0
2019-05-12 19:00:00,0.0
2019-05-12 20:00:00,0.0
2019-05-12 21:00:00,0.0
2019-05-12 22:00:00,0.0
2019-05-12 23:00:00,0.0
2019-05-13 00:00:00,0.0
2019-05-13 01:00:00,0.0
2019-05-13 02:00:00,0.0
2019-05-13 03:00:00,0.0
2019-05-13 04:00:00,0.0
2019-05-13 05:00:00,20.88
2019-05-13 06:00:00,169.65
2019-05-13 07:00:00,348.52
2019-05-13 08:00:00,544.88
2019-05-13 09:00:00,761.55
2019-05-13 10:00:00,876.85
2019-05-13 11:00:00,829.67
2019-05-13 12:00:00,808.47
2019-05-13 13:00:00,664.17
2019-05-13 14:00:00,588.78
2019-05-13 15:00:00,426.98
2019-05-13 16:00:00,204.2
2019-05-13 17:00:00,32.97
2019-05-13 18:00:00,0.0
2019-05-13 19:00:00,0.0
2019-05-13 20:00:00,0.0
2019-05-13 21:00:00,0.0
2019-05-13 22:00:00,0.0
2019-05-13 23:00:00,0.0
2019-05-14 00:00:00,0.0
2019-05-14 01:00:00,0.0
2019-05-14 02:00:00,0.0
2019-05-14 03:00:00,0.0
2019-05-14 04:00:00,0.0
2019-05-14 05:00:00,14.68
2019-05-14 06:00:00,129.77
2019-05-14 07:00:00,338.38
2019-05-14 08:00:00,532.0
2019-05-14 09:00:00,753.9
2019-05-14 10:00:00,822.38
2019-05-14 11:00:00,772.95
2019-05-14 12:00:00,888.4
2019-05-14 13:00:00,706.53
2019-05-14 14:00:00,596.97
2019-05-14 15:00:00,403.45
2019-05-14 16:00:00,190.18
2019-05-14 17:00:00,21.88
2019-05-14 18:00:00,0.0
2019-05-14 19:00:00,0.0
2019-05-14 20:00:00,0.0
2019-05-14 21:00:00,0.0
2019-05-14 22:00:00,0.0
2019-05-14 23:00:00,0.0
2019-05-15 00:00:00,0.0
2019-05-15 01:00:00,0.0
2019-05-15 02:00:00,0.0
2019-05-15 03:00:00,0.0
2019-05-15 04:00:00,0.0
2019-05-15 05:00:00,17.67
2019-05-15 06:00:00,151.4
2019-05-15 07:00:00,335.4
2019-05-15 08:00:00,526.35
2019-05-15 09:00:00,729.95
2019-05-15 10:00:00,855.92
2019-05-15 11:00:00,825.22
2019-05-15 12:00:00,877.9
2019-05-15 13:00:00,744.62
2019-05-15 14:00:00,605.53
2019-05-15 15:00:00,408.1
2019-05-15 16:00:00,192.68
2019-05-15 17:00:00,24.65
2019-05-15 18:00:00,0.0
2019-05-15 19:00:00,0.0
2019-05-15 20:00:00,0.0
2019-05-15 21:00:00,0.0
2019-05-15 22:00:00,0.0
2019-05-15 23:00:00,0.0
2019-05-16 00:00:00,0.0
2019-05-16 01:00:00,0.0
2019-05-16 02:00:00,0.0
2019-05-16 03:00:00,0.0
2019-05-16 04:00:00,0.0
2019-05-16 05:00:00,19.62
2019-05-16 06:00:00,155.1
2019-05-16 07:00:00,348.6
2019-05-16 08:00:00,545.03
2019-05-16 09:00:00,740.92
2019-05-16 10:00:00,872.05
2019-05-16 11:00:00,921.45
2019-05-16 12:00:00,899.0
2019-05-16 13:00:00,754.85
2019-05-16 14:00:00,621.7
2019-05-16 15:00:00,422.95
2019-05-16 16:00:00,205.38
2019-05-16 17:00:00,28.8
2019-05-16 18:00:00,0.0
2019-05-16 19:00:00,0.0
2019-05-16 20:00:00,0.0
2019-05-16 21:00:00,0.0
2019-05-16 22:00:00,0.0
2019-05-16 23:00:00,0.0
2019-05-17 00:00:00,0.0
2019-05-17 01:00:00,0.0
2019-05-17 02:00:00,0.0
2019-05-17 03:00:00,0.0
2019-05-17 04:00:00,0.0
2019-05-17 05:00:00,17.9
2019-05-17 06:00:00,153.62
2019-05-17 07:00:00,349.2
2019-05-17 08:00:00,542.95
2019-05-17 09:00:00,753.53
2019-05-17 10:00:00,875.28
2019-05-17 11:00:00,938.22
2019-05-17 12:00:00,846.62
2019-05-17 13:00:00,821.12
2019-05-17 14:00:00,659.72
2019-05-17 15:00:00,450.2
2019-05-17 16:00:00,223.0
2019-05-17 17:00:00,36.95
2019-05-17 18:00:00,0.0
2019-05-17 19:00:00,0.0
2019-05-17 20:00:00,0.0
2019-05-17 21:00:00,0.0
2019-05-17 22:00:00,0.0
2019-05-17 23:00:00,0.0
2019-05-18 00:00:00,0.0
2019-05-18 01:00:00,0.0
2019-05-18 02:00:00,0.0
2019-05-18 03:00:00,0.0
2019-05-18 04:00:00,0.0
2019-05-18 05:00:00,18.67
2019-05-18 06:00:00,155.43
2019-05-18 07:00:00,349.58
2019-05-18 08:00:00,536.9
2019-05-18 09:00:00,722.95
2019-05-18 10:00:00,859.22
2019-05-18 11:00:00,671.1
2019-05-18 12:00:00,842.0
2019-05-18 13:00:00,791.1
2019-05-18 14:00:00,625.4
2019-05-18 15:00:00,422.77
2019-05-18 16:00:00,208.18
2019-05-18 17:00:00,35.4
2019-05-18 18:00:00,0.0
2019-05-18 19:00:00,0.0
2019-05-18 20:00:00,0.0
2019-05-18 21:00:00,0.0
2019-05-18 22:00:00,0.0
2019-05-18 23:00:00,0.0
2019-05-19 00:00:00,0.0
2019-05-19 01:00:00,0.0
2019-05-19 02:00:00,0.0
2019-05-19 03:00:00,0.0
2019-05-19 04:00:00,0.0
2019-05-19 05:00:00,21.05
2019-05-19 06:00:00,162.02
2019-05-19 07:00:00,373.65
2019-05-19 08:00:00,577.05
2019-05-19 09:00:00,786.83
2019-05-19 10:00:00,906.85
2019-05-19 11:00:00,852.3
2019-05-19 12:00:00,895.12
2019-05-19 13:00:00,786.78
2019-05-19 14:00:00,656.15
2019-05-19 15:00:00,440.23
2019-05-19 16:00:00,223.45
2019-05-19 17:00:00,32.78
2019-05-19 18:00:00,0.0
2019-05-19 19:00:00,0.0
2019-05-19 20:00:00,0.0
2019-05-19 21:00:00,0.0
2019-05-19 22:00:00,0.0
2019-05-19 23:00:00,0.0
2019-05-20 00:00:00,0.0
2019-05-20 01:00:00,0.0
2019-05-20 02:00:00,0.0
2019-05-20 03:00:00,0.0
2019-05-20 04:00:00,0.0
2019-05-20 05:00:00,23.58
2019-05-20 06:00:00,183.05
2019-05-20 07:00:00,378.7
2019-05-20 08:00:00,580.38
2019-05-20 09:00:00,766.28
2019-05-20 10:00:00,632.58
2019-05-20 11:00:00,877.12
2019-05-20 12:00:00,882.45
2019-05-20 13:00:00,800.12
2019-05-20 14:00:00,650.75
2019-05-20 15:00:00,447.4
2019-05-20 16:00:00,223.12
2019-05-20 17:00:00,33.72
2019-05-20 18:00:00,0.0
2019-05-20 19:00:00,0.0
2019-05-20 20:00:00,0.0
2019-05-20 21:00:00,0.0
2019-05-20 22:00:00,0.0
2019-05-20 23:00:00,0.0
2019-05-21 00:00:00,0.0
2019-05-21 01:00:00,0.0
2019-05-21 02:00:00,0.0
2019-05-21 03:00:00,0.0
2019-05-21 04:00:00,0.0
2019-05-21 05:00:00,20.58
2019-05-21 06:00:00,169.88
2019-05-21 07:00:00,366.95
2019-05-21 08:00:00,567.3
2019-05-21 09:00:00,779.58
2019-05-21 10:00:00,852.9
2019-05-21 11:00:00,909.67
2019-05-21 12:00:00,870.28
2019-05-21 13:00:00,771.1
2019-05-21 14:00:00,608.1
2019-05-21 15:00:00,409.9
2019-05-21 16:00:00,199.48
2019-05-21 17:00:00,34.67
2019-05-21 18:00:00,0.0
2019-05-21 19:00:00,0.0
2019-05-21 20:00:00,0.0
2019-05-21 21:00:00,0.0
2019-05-21 22:00:00,0.0
2019-05-21 23:00:00,0.0
2019-05-22 00:00:00,0.0
2019-05-22 01:00:00,0.0
2019-05-22 02:00:00,0.0
2019-05-22 03:00:00,0.0
2019-05-22 04:00:00,0.0
2019-05-22 05:00:00,20.05
2019-05-22 06:00:00,156.7
2019-05-22 07:00:00,339.2
2019-05-22 08:00:00,535.9
2019-05-22 09:00:00,717.95
2019-05-22 10:00:00,858.2
2019-05-22 11:00:00,868.12
2019-05-22 12:00:00,878.33
2019-05-22 13:00:00,800.6
2019-05-22 14:00:00,643.88
2019-05-22 15:00:00,440.52
2019-05-22 16:00:00,219.88
2019-05-22 17:00:00,38.35
2019-05-22 18:00:00,0.0
2019-05-22 19:00:00,0.0
2019-05-22 20:00:00,0.0
2019-05-22 21:00:00,0.0
2019-05-22 22:00:00,0.0
2019-05-22 23:00:00,0.0
2019-05-23 00:00:00,0.0
2019-05-23 01:00:00,0.0
2019-05-23 02:00:00,0.0
2019-05-23 03:00:00,0.0
2019-05-23 04:00:00,0.0
2019-05-23 05:00:00,21.45
2019-05-23 06:00:00,165.05
2019-05-23 07:00:00,344.02
2019-05-23 08:00:00,536.75
2019-05-23 09:00:00,739.35
2019-05-23 10:00:00,884.3
2019-05-23 11:00:00,819.22
2019-05-23 12:00:00,888.5
2019-05-23 13:00:00,777.4
2019-05-23 14:00:00,630.1
2019-05-23 15:00:00,432.55
2019-05-23 16:00:00,214.6
2019-05-23 17:00:00,33.85
2019-05-23 18:00:00,0.0
2019-05-23 19:00:00,0.0
2019-05-23 20:00:00,0.0
2019-05-23 21:00:00,0.0
2019-05-23 22:00:00,0.0
2019-05-23 23:00:00,0.0
2019-05-24 00:00:00,0.0
2019-05-24 01:00:00,0.0
2019-05-24 02:00:00,0.0
2019-05-24 03:00:00,0.0
2019-05-24 04:00:00,0.0
2019-05-24 05:00:00,22.05
2019-05-24 06:00:00,175.95
2019-05-24 07:00:00,371.75
2019-05-24 08:00:00,564.88
2019-05-24 09:00:00,759.38
2019-05-24 10:00:00,895.2
2019-05-24 11:00:00,929.83
2019-05-24 12:00:00,905.42
2019-05-24 13:00:00,817.28
2019-05-24 14:00:00,664.1
2019-05-24 15:00:00,461.52
2019-05-24 16:00:00,238.57
2019-05-24 17:00:00,34.42
2019-05-24 18:00:00,0.0
2019-05-24 19:00:00,0.0
2019-05-24 20:00:00,0.0
2019-05-24 21:00:00,0.0
2019-05-24 22:00:00,0.0
2019-05-24 23:00:00,0.0
2019-05-25 00:00:00,0.0
2019-05-25 01:00:00,0.0
2019-05-25 02:00:00,0.0
2019-05-25 03:00:00,0.0
2019-05-25 04:00:00,0.0
2019-05-25 05:00:00,19.55
2019-05-25 06:00:00,162.2
2019-05-25 07:00:00,353.52
2019-05-25 08:00:00,545.38
2019-05-25 09:00:00,772.5
2019-05-25 10:00:00,826.22
2019-05-25 11:00:00,819.67
2019-05-25 12:00:00,783.55
2019-05-25 13:00:00,755.22
2019-05-25 14:00:00,614.53
2019-05-25 15:00:00,419.05
2019-05-25 16:00:00,204.2
2019-05-25 17:00:00,30.1
2019-05-25 18:00:00,0.0
2019-05-25 19:00:00,0.0
2019-05-25 20:00:00,0.0
2019-05-25 21:00:00,0.0
2019-05-25 22:00:00,0.0
2019-05-25 23:00:00,0.0
2019-05-26 00:00:00,0.0
2019-05-26 01:00:00,0.0
2019-05-26 02:00:00,0.0
2019-05-26 03:00:00,0.0
2019-05-26 04:00:00,0.0
2019-05-26 05:00:00,19.12
2019-05-26 06:00:00,165.45
2019-05-26 07:00:00,367.62
2019-05-26 08:00:00,557.0
2019-05-26 09:00:00,739.95
2019-05-26 10:00:00,883.58
2019-05-26 11:00:00,834.22
2019-05-26 12:00:00,901.62
2019-05-26 13:00:00,793.92
2019-05-26 14:00:00,634.55
2019-05-26 15:00:00,434.92
2019-05-26 16:00:00,219.38
2019-05-26 17:00:00,33.88
2019-05-26 18:00:00,0.0
2019-05-26 19:00:00,0.0
2019-05-26 20:00:00,0.0
2019-05-26 21:00:00,0.0
2019-05-26 22:00:00,0.0
2019-05-26 23:00:00,0.0
2019-05-27 00:00:00,0.0
2019-05-27 01:00:00,0.0
2019-05-27 02:00:00,0.0
2019-05-27 03:00:00,0.0
2019-05-27 04:00:00,0.0
2019-05-27 05:00:00,19.77
2019-05-27 06:00:00,156.05
2019-05-27 07:00:00,350.27
2019-05-27 08:00:00,546.95
2019-05-27 09:00:00,737.4
2019-05-27 10:00:00,869.95
2019-05-27 11:00:00,805.03
2019-05-27 12:00:00,848.97
2019-05-27 13:00:00,771.5
2019-05-27 14:00:00,616.42
2019-05-27 15:00:00,418.62
2019-05-27 16:00:00,208.62
2019-05-27 17:00:00,38.58
2019-05-27 18:00:00,0.0
2019-05-27 19:00:00,0.0
2019-05-27 20:00:00,0.0
2019-05-27 21:00:00,0.0
2019-05-27 22:00:00,0.0
2019-05-27 23:00:00,0.0
2019-05-28 00:00:00,0.0
2019-05-28 01:00:00,0.0
2019-05-28 02:00:00,0.0
2019-05-28 03:00:00,0.0
2019-05-28 04:00:00,0.0
2019-05-28 05:00:00,20.23
2019-05-28 06:00:00,156.55
2019-05-28 07:00:00,334.73
2019-05-28 08:00:00,523.83
2019-05-28 09:00:00,697.28
2019-05-28 10:00:00,841.62
2019-05-28 11:00:00,881.5
2019-05-28 12:00:00,737.28
2019-05-28 13:00:00,726.5
2019-05-28 14:00:00,601.58
2019-05-28 15:00:00,388.65
2019-05-28 16:00:00,201.75
2019-05-28 17:00:00,36.72
2019-05-28 18:00:00,0.0
2019-05-28 19:00:00,0.0
2019-05-28 20:00:00,0.0
2019-05-28 21:00:00,0.0
2019-05-28 22:00:00,0.0
2019-05-28 23:00:00,0.0
2019-05-29 00:00:00,0.0
2019-05-29 01:00:00,0.0
2019-05-29 02:00:00,0.0
2019-05-29 03:00:00,0.0
2019-05-29 04:00:00,0.0
2019-05-29 05:00:00,20.3
2019-05-29 06:00:00,128.3
2019-05-29 07:00:00,312.6
2019-05-29 08:00:00,495.98
2019-05-29 09:00:00,661.08
2019-05-29 10:00:00,791.3
2019-05-29 11:00:00,857.67
2019-05-29 12:00:00,792.92
2019-05-29 13:00:00,750.17
2019-05-29 14:00:00,597.35
2019-05-29 15:00:00,408.17
2019-05-29 16:00:00,204.62
2019-05-29 17:00:00,37.55
2019-05-29 18:00:00,0.0
2019-05-29 19:00:00,0.0
2019-05-29 20:00:00,0.0
2019-05-29 21:00:00,0.0
2019-05-29 22:00:00,0.0
2019-05-29 23:00:00,0.0
2019-05-30 00:00:00,0.0
2019-05-30 01:00:00,0.0
2019-05-30 02:00:00,0.0
2019-05-30 03:00:00,0.0
2019-05-30 04:00:00,0.0
2019-05-30 05:00:00,18.7
2019-05-30 06:00:00,121.8
2019-05-30 07:00:00,294.85
2019-05-30 08:00:00,468.05
2019-05-30 09:00:00,622.85
2019-05-30 10:00:00,808.95
2019-05-30 11:00:00,844.92
2019-05-30 12:00:00,835.0
2019-05-30 13:00:00,746.7
2019-05-30 14:00:00,595.4
2019-05-30 15:00:00,397.45
2019-05-30 16:00:00,187.8
2019-05-30 17:00:00,33.97
2019-05-30 18:00:00,0.0
2019-05-30 19:00:00,0.0
2019-05-30 20:00:00,0.0
2019-05-30 21:00:00,0.0
2019-05-30 22:00:00,0.0
2019-05-30 23:00:00,0.0
2019-05-31 00:00:00,0.0
2019-05-31 01:00:00,0.0
2019-05-31 02:00:00,0.0
2019-05-31 03:00:00,0.0
2019-05-31 04:00:00,0.0
2019-05-31 05:00:00,18.2
2019-05-31 06:00:00,145.57
2019-05-31 07:00:00,321.08
2019-05-31 08:00:00,504.83
2019-05-31 09:00:00,676.28
2019-05-31 10:00:00,814.67
2019-05-31 11:00:00,799.72
2019-05-31 12:00:00,799.05
2019-05-31 13:00:00,750.72
2019-05-31 14:00:00,588.0
2019-05-31 15:00:00,407.38
2019-05-31 16:00:00,197.65
2019-05-31 17:00:00,36.65
2019-05-31 18:00:00,0.0
2019-05-31 19:00:00,0.0
2019-05-31 20:00:00,0.0
2019-05-31 21:00:00,0.0
2019-05-31 22:00:00,0.0
2019-05-31 23:00:00,0.0
2019-06-01 00:00:00,0.0
2019-06-01 01:00:00,0.0
2019-06-01 02:00:00,0.0
2019-06-01 03:00:00,0.0
2019-06-01 04:00:00,0.0
2019-06-01 05:00:00,16.65
2019-06-01 06:00:00,145.15
2019-06-01 07:00:00,332.6
2019-06-01 08:00:00,518.58
2019-06-01 09:00:00,728.97
2019-06-01 10:00:00,784.62
2019-06-01 11:00:00,708.2
2019-06-01 12:00:00,691.05
2019-06-01 13:00:00,594.15
2019-06-01 14:00:00,418.73
2019-06-01 15:00:00,289.42
2019-06-01 16:00:00,139.88
2019-06-01 17:00:00,27.92
2019-06-01 18:00:00,0.0
2019-06-01 19:00:00,0.0
2019-06-01 20:00:00,0.0
2019-06-01 21:00:00,0.0
2019-06-01 22:00:00,0.0
2019-06-01 23:00:00,0.0
2019-06-02 00:00:00,0.0
2019-06-02 01:00:00,0.0
2019-06-02 02:00:00,0.0
2019-06-02 03:00:00,0.0
2019-06-02 04:00:00,0.0
2019-06-02 05:00:00,19.25
2019-06-02 06:00:00,143.98
2019-06-02 07:00:00,318.83
2019-06-02 08:00:00,493.65
2019-06-02 09:00:00,668.05
2019-06-02 10:00:00,780.0
2019-06-02 11:00:00,844.58
2019-06-02 12:00:00,821.8
2019-06-02 13:00:00,716.78
2019-06-02 14:00:00,558.05
2019-06-02 15:00:00,386.08
2019-06-02 16:00:00,188.52
2019-06-02 17:00:00,36.47
2019-06-02 18:00:00,0.0
2019-06-02 19:00:00,0.0
2019-06-02 20:00:00,0.0
2019-06-02 21:00:00,0.0
2019-06-02 22:00:00,0.0
2019-06-02 23:00:00,0.0
2019-06-03 00:00:00,0.0
2019-06-03 01:00:00,0.0
2019-06-03 02:00:00,0.0
2019-06-03 03:00:00,0.0
2019-06-03 04:00:00,0.0
2019-06-03 05:00:00,17.25
2019-06-03 06:00:00,126.62
2019-06-03 07:00:00,273.2
2019-06-03 08:00:00,423.67
2019-06-03 09:00:00,597.15
2019-06-03 10:00:00,724.45
2019-06-03 11:00:00,687.6
2019-06-03 12:00:00,540.38
2019-06-03 13:00:00,486.27
2019-06-03 14:00:00,417.6
2019-06-03 15:00:00,289.27
2019-06-03 16:00:00,143.0
2019-06-03 17:00:00,32.67
2019-06-03 18:00:00,0.0
2019-06-03 19:00:00,0.0
2019-06-03 20:00:00,0.0
2019-06-03 21:00:00,0.0
2019-06-03 22:00:00,0.0
2019-06-03 23:00:00,0.0
2019-06-04 00:00:00,0.0
2019-06-04 01:00:00,0.0
2019-06-04 02:00:00,0.0
2019-06-04 03:00:00,0.0
2019-06-04 04:00:00,0.0
2019-06-04 05:00:00,18.58
2019-06-04 06:00:00,140.57
2019-06-04 07:00:00,324.83
2019-06-04 08:00:00,507.55
2019-06-04 09:00:00,674.25
2019-06-04 10:00:00,800.03
2019-06-04 11:00:00,880.62
2019-06-04 12:00:00,833.55
2019-06-04 13:00:00,748.3
2019-06-04 14:00:00,581.55
2019-06-04 15:00:00,416.02
2019-06-04 16:00:00,204.6
2019-06-04 17:00:00,39.95
2019-06-04 18:00:00,0.0
2019-06-04 19:00:00,0.0
2019-06-04 20:00:00,0.0
2019-06-04 21:00:00,0.0
2019-06-04 22:00:00,0.0
2019-06-04 23:00:00,0.0
2019-06-05 00:00:00,0.0
2019-06-05 01:00:00,0.0
2019-06-05 02:00:00,0.0
2019-06-05 03:00:00,0.0
2019-06-05 04:00:00,0.0
2019-06-05 05:00:00,19.0
2019-06-05 06:00:00,140.98
2019-06-05 07:00:00,327.67
2019-06-05 08:00:00,507.83
2019-06-05 09:00:00,665.35
2019-06-05 10:00:00,794.97
2019-06-05 11:00:00,850.62
2019-06-05 12:00:00,845.35
2019-06-05 13:00:00,751.05
2019-06-05 14:00:00,625.0
2019-06-05 15:00:00,424.88
2019-06-05 16:00:00,214.18
2019-06-05 17:00:00,35.03
2019-06-05 18:00:00,0.0
2019-06-05 19:00:00,0.0
2019-06-05 20:00:00,0.0
2019-06-05 21:00:00,0.0
2019-06-05 22:00:00,0.0
2019-06-05 23:00:00,0.0
2019-06-06 00:00:00,0.0
2019-06-06 01:00:00,0.0
2019-06-06 02:00:00,0.0
2019-06-06 03:00:00,0.0
2019-06-06 04:00:00,0.0
2019-06-06 05:00:00,20.2
2019-06-06 06:00:00,156.27
2019-06-06 07:00:00,348.15
2019-06-06 08:00:00,546.58
2019-06-06 09:00:00,733.08
2019-06-06 10:00:00,847.38
2019-06-06 11:00:00,912.72
2019-06-06 12:00:00,870.1
2019-06-06 13:00:00,738.9
2019-06-06 14:00:00,620.12
2019-06-06 15:00:00,428.73
2019-06-06 16:00:00,221.43
2019-06-06 17:00:00,45.53
2019-06-06 18:00:00,0.0
2019-06-06 19:00:00,0.0
2019-06-06 20:00:00,0.0
2019-06-06 21:00:00,0.0
2019-06-06 22:00:00,0.0
2019-06-06 23:00:00,0.0
2019-06-07 00:00:00,0.0
2019-06-07 01:00:00,0.0
2019-06-07 02:00:00,0.0
2019-06-07 03:00:00,0.0
2019-06-07 04:00:00,0.0
2019-06-07 05:00:00,16.85
2019-06-07 06:00:00,113.97
2019-06-07 07:00:00,273.98
2019-06-07 08:00:00,418.75
2019-06-07 09:00:00,549.88
2019-06-07 10:00:00,656.45
2019-06-07 11:00:00,662.75
2019-06-07 12:00:00,667.05
2019-06-07 13:00:00,669.05
2019-06-07 14:00:00,506.48
2019-06-07 15:00:00,364.1
2019-06-07 16:00:00,186.9
2019-06-07 17:00:00,41.3
2019-06-07 18:00:00,0.0
2019-06-07 19:00:00,0.0
2019-06-07 20:00:00,0.0
2019-06-07 21:00:00,0.0
2019-06-07 22:00:00,0.0
2019-06-07 23:00:00,0.0
2019-06-08 00:00:00,0.0
2019-06-08 01:00:00,0.0
2019-06-08 02:00:00,0.0
2019-06-08 03:00:00,0.0
2019-06-08 04:00:00,0.0
2019-06-08 05:00:00,18.42
2019-06-08 06:00:00,147.18
2019-06-08 07:00:00,335.0
2019-06-08 08:00:00,513.47
2019-06-08 09:00:00,686.85
2019-06-08 10:00:00,781.35
2019-06-08 11:00:00,789.9
2019-06-08 12:00:00,742.08
2019-06-08 13:00:00,671.55
2019-06-08 14:00:00,545.65
2019-06-08 15:00:00,375.7
2019-06-08 16:00:00,187.62
2019-06-08 17:00:00,39.42
2019-06-08 18:00:00,0.0
2019-06-08 19:00:00,0.0
2019-06-08 20:00:00,0.0
2019-06-08 21:00:00,0.0
2019-06-08 22:00:00,0.0
2019-06-08 23:00:00,0.0
2019-06-09 00:00:00,0.0
2019-06-09 01:00:00,0.0
2019-06-09 02:00:00,0.0
2019-06-09 03:00:00,0.0
2019-06-09 04:00:00,0.0
2019-06-09 05:00:00,19.45
2019-06-09 06:00:00,152.23
2019-06-09 07:00:00,350.62
2019-06-09 08:00:00,531.0
2019-06-09 09:00:00,697.25
2019-06-09 10:00:00,824.4
2019-06-09 11:00:00,809.97
2019-06-09 12:00:00,803.85
2019-06-09 13:00:00,731.4
2019-06-09 14:00:00,561.2
2019-06-09 15:00:00,384.35
2019-06-09 16:00:00,189.93
2019-06-09 17:00:00,40.85
2019-06-09 18:00:00,0.0
2019-06-09 19:00:00,0.0
2019-06-09 20:00:00,0.0
2019-06-09 21:00:00,0.0
2019-06-09 22:00:00,0.0
2019-06-09 23:00:00,0.0
2019-06-10 00:00:00,0.0
2019-06-10 01:00:00,0.0
2019-06-10 02:00:00,0.0
2019-06-10 03:00:00,0.0
2019-06-10 04:00:00,0.0
2019-06-10 05:00:00,19.17
2019-06-10 06:00:00,146.35
2019-06-10 07:00:00,340.7
2019-06-10 08:00:00,523.45
2019-06-10 09:00:00,693.2
2019-06-10 10:00:00,818.17
2019-06-10 11:00:00,825.15
2019-06-10 12:00:00,751.1
2019-06-10 13:00:00,662.88
2019-06-10 14:00:00,479.3
2019-06-10 15:00:00,315.0
2019-06-10 16:00:00,147.62
2019-06-10 17:00:00,38.1
2019-06-10 18:00:00,0.0
2019-06-10 19:00:00,0.0
2019-06-10 20:00:00,0.0
2019-06-10 21:00:00,0.0
2019-06-10 22:00:00,0.0
2019-06-10 23:00:00,0.0
2019-06-11 00:00:00,0.0
2019-06-11 01:00:00,0.0
2019-06-11 02:00:00,0.0
2019-06-11 03:00:00,0.0
2019-06-11 04:00:00,0.0
2019-06-11 05:00:00,19.35
2019-06-11 06:00:00,133.75
2019-06-11 07:00:00,286.58
2019-06-11 08:00:00,458.9
2019-06-11 09:00:00,619.1
2019-06-11 10:00:00,687.38
2019-06-11 11:00:00,793.85
2019-06-11 12:00:00,816.97
2019-06-11 13:00:00,688.83
2019-06-11 14:00:00,522.33
2019-06-11 15:00:00,389.52
2019-06-11 16:00:00,191.65
2019-06-11 17:00:00,38.83
2019-06-11 18:00:00,0.0
2019-06-11 19:00:00,0.0
2019-06-11 20:00:00,0.0
2019-06-11 21:00:00,0.0
2019-06-11 22:00:00,0.0
2019-06-11 23:00:00,0.0
2019-06-12 00:00:00,0.0
2019-06-12 01:00:00,0.0
2019-06-12 02:00:00,0.0
2019-06-12 03:00:00,0.0
2019-06-12 04:00:00,0.0
2019-06-12 05:00:00,18.45
2019-06-12 06:00:00,153.62
2019-06-12 07:00:00,365.52
2019-06-12 08:00:00,542.03
2019-06-12 09:00:00,740.3
2019-06-12 10:00:00,863.25
2019-06-12 11:00:00,925.92
2019-06-12 12:00:00,860.7
2019-06-12 13:00:00,798.33
2019-06-12 14:00:00,639.75
2019-06-12 15:00:00,456.9
2019-06-12 16:00:00,239.4
2019-06-12 17:00:00,53.85
2019-06-12 18:00:00,0.0
2019-06-12 19:00:00,0.0
2019-06-12 20:00:00,0.0
2019-06-12 21:00:00,0.0
2019-06-12 22:00:00,0.0
2019-06-12 23:00:00,0.0
2019-06-13 00:00:00,0.0
2019-06-13 01:00:00,0.0
2019-06-13 02:00:00,0.0
2019-06-13 03:00:00,0.0
2019-06-13 04:00:00,0.0
2019-06-13 05:00:00,22.08
2019-06-13 06:00:00,132.53
2019-06-13 07:00:00,378.25
2019-06-13 08:00:00,555.33
2019-06-13 09:00:00,768.35
2019-06-13 10:00:00,896.65
2019-06-13 11:00:00,914.47
2019-06-13 12:00:00,853.85
2019-06-13 13:00:00,768.97
2019-06-13 14:00:00,554.15
2019-06-13 15:00:00,407.05
2019-06-13 16:00:00,210.85
2019-06-13 17:00:00,42.6
2019-06-13 18:00:00,0.0
2019-06-13 19:00:00,0.0
2019-06-13 20:00:00,0.0
2019-06-13 21:00:00,0.0
2019-06-13 22:00:00,0.0
2019-06-13 23:00:00,0.0
2019-06-14 00:00:00,0.0
2019-06-14 01:00:00,0.0
2019-06-14 02:00:00,0.0
2019-06-14 03:00:00,0.0
2019-06-14 04:00:00,0.0
2019-06-14 05:00:00,20.05
2019-06-14 06:00:00,163.68
2019-06-14 07:00:00,375.9
2019-06-14 08:00:00,554.85
2019-06-14 09:00:00,759.17
2019-06-14 10:00:00,903.97
2019-06-14 11:00:00,954.88
2019-06-14 12:00:00,891.55
2019-06-14 13:00:00,752.55
2019-06-14 14:00:00,619.6
2019-06-14 15:00:00,445.42
2019-06-14 16:00:00,235.95
2019-06-14 17:00:00,51.65
2019-06-14 18:00:00,0.0
2019-06-14 19:00:00,0.0
2019-06-14 20:00:00,0.0
2019-06-14 21:00:00,0.0
2019-06-14 22:00:00,0.0
2019-06-14 23:00:00,0.0
2019-06-15 00:00:00,0.0
2019-06-15 01:00:00,0.0
2019-06-15 02:00:00,0.0
2019-06-15 03:00:00,0.0
2019-06-15 04:00:00,0.0
2019-06-15 05:00:00,19.65
2019-06-15 06:00:00,166.73
2019-06-15 07:00:00,373.73
2019-06-15 08:00:00,554.88
2019-06-15 09:00:00,781.47
2019-06-15 10:00:00,889.83
2019-06-15 11:00:00,920.7
2019-06-15 12:00:00,897.22
2019-06-15 13:00:00,783.58
2019-06-15 14:00:00,652.9
2019-06-15 15:00:00,447.27
2019-06-15 16:00:00,232.35
2019-06-15 17:00:00,50.62
2019-06-15 18:00:00,0.0
2019-06-15 19:00:00,0.0
2019-06-15 20:00:00,0.0
2019-06-15 21:00:00,0.0
2019-06-15 22:00:00,0.0
2019-06-15 23:00:00,0.0
2019-06-16 00:00:00,0.0
2019-06-16 01:00:00,0.0
2019-06-16 02:00:00,0.0
2019-06-16 03:00:00,0.0
2019-06-16 04:00:00,0.0
2019-06-16 05:00:00,20.95
2019-06-16 06:00:00,154.85
2019-06-16 07:00:00,347.73
2019-06-16 08:00:00,517.83
2019-06-16 09:00:00,673.85
2019-06-16 10:00:00,783.22
2019-06-16 11:00:00,897.9
2019-06-16 12:00:00,876.3
2019-06-16 13:00:00,788.17
2019-06-16 14:00:00,630.25
2019-06-16 15:00:00,427.95
2019-06-16 16:00:00,215.82
2019-06-16 17:00:00,45.8
2019-06-16 18:00:00,0.0
2019-06-16 19:00:00,0.0
2019-06-16 20:00:00,0.0
2019-06-16 21:00:00,0.0
2019-06-16 22:00:00,0.0
2019-06-16 23:00:00,0.0
2019-06-17 00:00:00,0.0
2019-06-17 01:00:00,0.0
2019-06-17 02:00:00,0.0
2019-06-17 03:00:00,0.0
2019-06-17 04:00:00,0.0
2019-06-17 05:00:00,17.17
2019-06-17 06:00:00,131.82
2019-06-17 07:00:00,319.27
2019-06-17 08:00:00,508.12
2019-06-17 09:00:00,672.53
2019-06-17 10:00:00,688.28
2019-06-17 11:00:00,763.97
2019-06-17 12:00:00,746.62
2019-06-17 13:00:00,633.97
2019-06-17 14:00:00,467.52
2019-06-17 15:00:00,300.27
2019-06-17 16:00:00,153.5
2019-06-17 17:00:00,31.05
2019-06-17 18:00:00,0.0
2019-06-17 19:00:00,0.0
2019-06-17 20:00:00,0.0
2019-06-17 21:00:00,0.0
2019-06-17 22:00:00,0.0
2019-06-17 23:00:00,0.0
2019-06-18 00:00:00,0.0
2019-06-18 01:00:00,0.0
2019-06-18 02:00:00,0.0
2019-06-18 03:00:00,0.0
2019-06-18 04:00:00,0.0
2019-06-18 05:00:00,13.9
2019-06-18 06:00:00,128.98
2019-06-18 07:00:00,255.68
2019-06-18 08:00:00,432.2
2019-06-18 09:00:00,573.53
2019-06-18 10:00:00,667.3
2019-06-18 11:00:00,668.05
2019-06-18 12:00:00,647.53
2019-06-18 13:00:00,591.38
2019-06-18 14:00:00,549.4
2019-06-18 15:00:00,350.2
2019-06-18 16:00:00,187.02
2019-06-18 17:00:00,41.2
2019-06-18 18:00:00,0.0
2019-06-18 19:00:00,0.0
2019-06-18 20:00:00,0.0
2019-06-18 21:00:00,0.0
2019-06-18 22:00:00,0.0
2019-06-18 23:00:00,0.0
2019-06-19 00:00:00,0.0
2019-06-19 01:00:00,0.0
2019-06-19 02:00:00,0.0
2019-06-19 03:00:00,0.0
2019-06-19 04:00:00,0.0
2019-06-19 05:00:00,17.15
2019-06-19 06:00:00,111.18
2019-06-19 07:00:00,238.73
2019-06-19 08:00:00,410.98
2019-06-19 09:00:00,570.75
2019-06-19 10:00:00,644.3
2019-06-19 11:00:00,613.67
2019-06-19 12:00:00,568.38
2019-06-19 13:00:00,545.15
2019-06-19 14:00:00,426.98
2019-06-19 15:00:00,253.27
2019-06-19 16:00:00,121.05
2019-06-19 17:00:00,32.3
2019-06-19 18:00:00,0.0
2019-06-19 19:00:00,0.0
2019-06-19 20:00:00,0.0
2019-06-19 21:00:00,0.0
2019-06-19 22:00:00,0.0
2019-06-19 23:00:00,0.0
2019-06-20 00:00:00,0.0
2019-06-20 01:00:00,0.0
2019-06-20 02:00:00,0.0
2019-06-20 03:00:00,0.0
2019-06-20 04:00:00,0.0
2019-06-20 05:00:00,13.0
2019-06-20 06:00:00,101.95
2019-06-20 07:00:00,241.68
2019-06-20 08:00:00,394.23
2019-06-20 09:00:00,548.15
2019-06-20 10:00:00,650.5
2019-06-20 11:00:00,652.05
2019-06-20 12:00:00,723.92
2019-06-20 13:00:00,619.72
2019-06-20 14:00:00,467.2
2019-06-20 15:00:00,292.95
2019-06-20 16:00:00,145.62
2019-06-20 17:00:00,31.62
2019-06-20 18:00:00,0.0
2019-06-20 19:00:00,0.0
2019-06-20 20:00:00,0.0
2019-06-20 21:00:00,0.0
2019-06-20 22:00:00,0.0
2019-06-20 23:00:00,0.0
2019-06-21 00:00:00,0.0
2019-06-21 01:00:00,0.0
2019-06-21 02:00:00,0.0
2019-06-21 03:00:00,0.0
2019-06-21 04:00:00,0.0
2019-06-21 05:00:00,13.43
2019-06-21 06:00:00,88.57
2019-06-21 07:00:00,202.65
2019-06-21 08:00:00,278.77
2019-06-21 09:00:00,383.0
2019-06-21 10:00:00,452.75
2019-06-21 11:00:00,394.75
2019-06-21 12:00:00,387.5
2019-06-21 13:00:00,399.17
2019-06-21 14:00:00,292.3
2019-06-21 15:00:00,234.93
2019-06-21 16:00:00,111.43
2019-06-21 17:00:00,31.35
2019-06-21 18:00:00,0.0
2019-06-21 19:00:00,0.0
2019-06-21 20:00:00,0.0
2019-06-21 21:00:00,0.0
2019-06-21 22:00:00,0.0
2019-06-21 23:00:00,0.0
2019-06-22 00:00:00,0.0
2019-06-22 01:00:00,0.0
2019-06-22 02:00:00,0.0
2019-06-22 03:00:00,0.0
2019-06-22 04:00:00,0.0
2019-06-22 05:00:00,16.8
2019-06-22 06:00:00,155.4
2019-06-22 07:00:00,342.35
2019-06-22 08:00:00,515.53
2019-06-22 09:00:00,747.7
2019-06-22 10:00:00,856.53
2019-06-22 11:00:00,942.3
2019-06-22 12:00:00,909.15
2019-06-22 13:00:00,753.3
2019-06-22 14:00:00,642.78
2019-06-22 15:00:00,424.83
2019-06-22 16:00:00,210.05
2019-06-22 17:00:00,43.67
2019-06-22 18:00:00,0.0
2019-06-22 19:00:00,0.0
2019-06-22 20:00:00,0.0
2019-06-22 21:00:00,0.0
2019-06-22 22:00:00,0.0
2019-06-22 23:00:00,0.0
2019-06-23 00:00:00,0.0
2019-06-23 01:00:00,0.0
2019-06-23 02:00:00,0.0
2019-06-23 03:00:00,0.0
2019-06-23 04:00:00,0.0
2019-06-23 05:00:00,14.88
2019-06-23 06:00:00,156.27
2019-06-23 07:00:00,312.52
2019-06-23 08:00:00,464.62
2019-06-23 09:00:00,718.9
2019-06-23 10:00:00,837.88
2019-06-23 11:00:00,806.58
2019-06-23 12:00:00,776.65
2019-06-23 13:00:00,687.88
2019-06-23 14:00:00,595.45
2019-06-23 15:00:00,435.75
2019-06-23 16:00:00,223.75
2019-06-23 17:00:00,49.1
2019-06-23 18:00:00,0.0
2019-06-23 19:00:00,0.0
2019-06-23 20:00:00,0.0
2019-06-23 21:00:00,0.0
2019-06-23 22:00:00,0.0
2019-06-23 23:00:00,0.0
2019-06-24 00:00:00,0.0
2019-06-24 01:00:00,0.0
2019-06-24 02:00:00,0.0
2019-06-24 03:00:00,0.0
2019-06-24 04:00:00,0.0
2019-06-24 05:00:00,4.32
2019-06-24 06:00:00,33.7
2019-06-24 07:00:00,72.78
2019-06-24 08:00:00,105.55
2019-06-24 09:00:00,127.95
2019-06-24 10:00:00,292.35
2019-06-24 11:00:00,402.8
2019-06-24 12:00:00,400.65
2019-06-24 13:00:00,443.0
2019-06-24 14:00:00,408.52
2019-06-24 15:00:00,282.0
2019-06-24 16:00:00,161.18
2019-06-24 17:00:00,47.2
2019-06-24 18:00:00,0.0
2019-06-24 19:00:00,0.0
2019-06-24 20:00:00,0.0
2019-06-24 21:00:00,0.0
2019-06-24 22:00:00,0.0
2019-06-24 23:00:00,0.0
2019-06-25 00:00:00,0.0
2019-06-25 01:00:00,0.0
2019-06-25 02:00:00,0.0
2019-06-25 03:00:00,0.0
2019-06-25 04:00:00,0.0
2019-06-25 05:00:00,6.8
2019-06-25 06:00:00,78.28
2019-06-25 07:00:00,168.95
2019-06-25 08:00:00,169.35
2019-06-25 09:00:00,265.02
2019-06-25 10:00:00,298.65
2019-06-25 11:00:00,523.2
2019-06-25 12:00:00,442.08
2019-06-25 13:00:00,494.7
2019-06-25 14:00:00,378.17
2019-06-25 15:00:00,237.65
2019-06-25 16:00:00,123.07
2019-06-25 17:00:00,30.38
2019-06-25 18:00:00,0.0
2019-06-25 19:00:00,0.0
2019-06-25 20:00:00,0.0
2019-06-25 21:00:00,0.0
2019-06-25 22:00:00,0.0
2019-06-25 23:00:00,0.0
2019-06-26 00:00:00,0.0
2019-06-26 01:00:00,0.0
2019-06-26 02:00:00,0.0
2019-06-26 03:00:00,0.0
2019-06-26 04:00:00,0.0
2019-06-26 05:00:00,2.95
2019-06-26 06:00:00,75.4
2019-06-26 07:00:00,191.15
2019-06-26 08:00:00,344.1
2019-06-26 09:00:00,514.88
2019-06-26 10:00:00,633.85
2019-06-26 11:00:00,518.5
2019-06-26 12:00:00,403.58
2019-06-26 13:00:00,376.7
2019-06-26 14:00:00,390.65
2019-06-26 15:00:00,335.17
2019-06-26 16:00:00,154.82
2019-06-26 17:00:00,30.02
2019-06-26 18:00:00,0.0
2019-06-26 19:00:00,0.0
2019-06-26 20:00:00,0.0
2019-06-26 21:00:00,0.0
2019-06-26 22:00:00,0.0
2019-06-26 23:00:00,0.0
2019-06-27 00:00:00,0.0
2019-06-27 01:00:00,0.0
2019-06-27 02:00:00,0.0
2019-06-27 03:00:00,0.0
2019-06-27 04:00:00,0.0
2019-06-27 05:00:00,11.5
2019-06-27 06:00:00,136.48
2019-06-27 07:00:00,300.25
2019-06-27 08:00:00,454.17
2019-06-27 09:00:00,652.7
2019-06-27 10:00:00,736.62
2019-06-27 11:00:00,667.47
2019-06-27 12:00:00,590.25
2019-06-27 13:00:00,491.62
2019-06-27 14:00:00,414.55
2019-06-27 15:00:00,242.48
2019-06-27 16:00:00,126.03
2019-06-27 17:00:00,27.9
2019-06-27 18:00:00,0.0
2019-06-27 19:00:00,0.0
2019-06-27 20:00:00,0.0
2019-06-27 21:00:00,0.0
2019-06-27 22:00:00,0.0
2019-06-27 23:00:00,0.0
2019-06-28 00:00:00,0.0
2019-06-28 01:00:00,0.0
2019-06-28 02:00:00,0.0
2019-06-28 03:00:00,0.0
2019-06-28 04:00:00,0.0
2019-06-28 05:00:00,11.7
2019-06-28 06:00:00,135.32
2019-06-28 07:00:00,295.0
2019-06-28 08:00:00,443.5
2019-06-28 09:00:00,594.42
2019-06-28 10:00:00,716.65
2019-06-28 11:00:00,793.9
2019-06-28 12:00:00,798.2
2019-06-28 13:00:00,785.62
2019-06-28 14:00:00,640.65
2019-06-28 15:00:00,427.75
2019-06-28 16:00:00,222.38
2019-06-28 17:00:00,50.78
2019-06-28 18:00:00,0.0
2019-06-28 19:00:00,0.0
2019-06-28 20:00:00,0.0
2019-06-28 21:00:00,0.0
2019-06-28 22:00:00,0.0
2019-06-28 23:00:00,0.0
2019-06-29 00:00:00,0.0
2019-06-29 01:00:00,0.0
2019-06-29 02:00:00,0.0
2019-06-29 03:00:00,0.0
2019-06-29 04:00:00,0.0
2019-06-29 05:00:00,15.18
2019-06-29 06:00:00,151.77
2019-06-29 07:00:00,333.17
2019-06-29 08:00:00,475.98
2019-06-29 09:00:00,656.83
2019-06-29 10:00:00,804.97
2019-06-29 11:00:00,890.0
2019-06-29 12:00:00,876.55
2019-06-29 13:00:00,761.35
2019-06-29 14:00:00,572.85
2019-06-29 15:00:00,347.98
2019-06-29 16:00:00,186.9
2019-06-29 17:00:00,44.95
2019-06-29 18:00:00,0.0
2019-06-29 19:00:00,0.0
2019-06-29 20:00:00,0.0
2019-06-29 21:00:00,0.0
2019-06-29 22:00:00,0.0
2019-06-29 23:00:00,0.0
2019-06-30 00:00:00,0.0
2019-06-30 01:00:00,0.0
2019-06-30 02:00:00,0.0
2019-06-30 03:00:00,0.0
2019-06-30 04:00:00,0.0
2019-06-30 05:00:00,16.05
2019-06-30 06:00:00,122.93
2019-06-30 07:00:00,283.55
2019-06-30 08:00:00,449.12
2019-06-30 09:00:00,568.75
2019-06-30 10:00:00,708.62
2019-06-30 11:00:00,758.7
2019-06-30 12:00:00,777.95
2019-06-30 13:00:00,668.12
2019-06-30 14:00:00,468.4
2019-06-30 15:00:00,331.25
2019-06-30 16:00:00,159.12
2019-06-30 17:00:00,32.6
2019-06-30 18:00:00,0.0
2019-06-30 19:00:00,0.0
2019-06-30 20:00:00,0.0
2019-06-30 21:00:00,0.0
2019-06-30 22:00:00,0.0
2019-06-30 23:00:00,0.0
2019-07-01 00:00:00,0.0
2019-07-01 01:00:00,0.0
2019-07-01 02:00:00,0.0
2019-07-01 03:00:00,0.0
2019-07-01 04:00:00,0.0
2019-07-01 05:00:00,13.68
2019-07-01 06:00:00,136.95
2019-07-01 07:00:00,297.73
2019-07-01 08:00:00,477.95
2019-07-01 09:00:00,632.8
2019-07-01 10:00:00,732.78
2019-07-01 11:00:00,767.17
2019-07-01 12:00:00,717.45
2019-07-01 13:00:00,554.8
2019-07-01 14:00:00,418.52
2019-07-01 15:00:00,309.67
2019-07-01 16:00:00,156.18
2019-07-01 17:00:00,38.5
2019-07-01 18:00:00,0.0
2019-07-01 19:00:00,0.0
2019-07-01 20:00:00,0.0
2019-07-01 21:00:00,0.0
2019-07-01 22:00:00,0.0
2019-07-01 23:00:00,0.0
2019-07-02 00:00:00,0.0
2019-07-02 01:00:00,0.0
2019-07-02 02:00:00,0.0
2019-07-02 03:00:00,0.0
2019-07-02 04:00:00,0.0
2019-07-02 05:00:00,12.15
2019-07-02 06:00:00,96.97
2019-07-02 07:00:00,219.15
2019-07-02 08:00:00,371.38
2019-07-02 09:00:00,474.67
2019-07-02 10:00:00,584.4
2019-07-02 11:00:00,553.25
2019-07-02 12:00:00,446.9
2019-07-02 13:00:00,477.58
2019-07-02 14:00:00,377.1
2019-07-02 15:00:00,257.88
2019-07-02 16:00:00,127.15
2019-07-02 17:00:00,30.9
2019-07-02 18:00:00,0.0
2019-07-02 19:00:00,0.0
2019-07-02 20:00:00,0.0
2019-07-02 21:00:00,0.0
2019-07-02 22:00:00,0.0
2019-07-02 23:00:00,0.0
2019-07-03 00:00:00,0.0
2019-07-03 01:00:00,0.0
2019-07-03 02:00:00,0.0
2019-07-03 03:00:00,0.0
2019-07-03 04:00:00,0.0
2019-07-03 05:00:00,13.38
2019-07-03 06:00:00,134.57
2019-07-03 07:00:00,316.65
2019-07-03 08:00:00,505.1
2019-07-03 09:00:00,723.33
2019-07-03 10:00:00,804.38
2019-07-03 11:00:00,811.35
2019-07-03 12:00:00,803.78
2019-07-03 13:00:00,694.97
2019-07-03 14:00:00,585.58
2019-07-03 15:00:00,415.12
2019-07-03 16:00:00,226.27
2019-07-03 17:00:00,56.62
2019-07-03 18:00:00,0.0
2019-07-03 19:00:00,0.0
2019-07-03 20:00:00,0.0
2019-07-03 21:00:00,0.0
2019-07-03 22:00:00,0.0
2019-07-03 23:00:00,0.0
2019-07-04 00:00:00,0.0
2019-07-04 01:00:00,0.0
2019-07-04 02:00:00,0.0
2019-07-04 03:00:00,0.0
2019-07-04 04:00:00,0.0
2019-07-04 05:00:00,14.8
2019-07-04 06:00:00,148.35
2019-07-04 07:00:00,333.52
2019-07-04 08:00:00,520.55
2019-07-04 09:00:00,690.5
2019-07-04 10:00:00,835.42
2019-07-04 11:00:00,878.4
2019-07-04 12:00:00,840.05
2019-07-04 13:00:00,753.6
2019-07-04 14:00:00,576.15
2019-07-04 15:00:00,428.05
2019-07-04 16:00:00,225.95
2019-07-04 17:00:00,53.28
2019-07-04 18:00:00,0.0
2019-07-04 19:00:00,0.0
2019-07-04 20:00:00,0.0
2019-07-04 21:00:00,0.0
2019-07-04 22:00:00,0.0
2019-07-04 23:00:00,0.0
2019-07-05 00:00:00,0.0
2019-07-05 01:00:00,0.0
2019-07-05 02:00:00,0.0
2019-07-05 03:00:00,0.0
2019-07-05 04:00:00,0.0
2019-07-05 05:00:00,9.65
2019-07-05 06:00:00,76.78
2019-07-05 07:00:00,216.12
2019-07-05 08:00:00,367.83
2019-07-05 09:00:00,503.73
2019-07-05 10:00:00,597.08
2019-07-05 11:00:00,520.72
2019-07-05 12:00:00,454.15
2019-07-05 13:00:00,406.08
2019-07-05 14:00:00,340.92
2019-07-05 15:00:00,265.98
2019-07-05 16:00:00,136.12
2019-07-05 17:00:00,31.02
2019-07-05 18:00:00,0.0
2019-07-05 19:00:00,0.0
2019-07-05 20:00:00,0.0
2019-07-05 21:00:00,0.0
2019-07-05 22:00:00,0.0
2019-07-05 23:00:00,0.0
2019-07-06 00:00:00,0.0
2019-07-06 01:00:00,0.0
2019-07-06 02:00:00,0.0
2019-07-06 03:00:00,0.0
2019-07-06 04:00:00,0.0
2019-07-06 05:00:00,9.57
2019-07-06 06:00:00,115.47
2019-07-06 07:00:00,242.95
2019-07-06 08:00:00,404.83
2019-07-06 09:00:00,507.58
2019-07-06 10:00:00,596.78
2019-07-06 11:00:00,681.58
2019-07-06 12:00:00,704.42
2019-07-06 13:00:00,670.03
2019-07-06 14:00:00,459.23
2019-07-06 15:00:00,276.1
2019-07-06 16:00:00,138.07
2019-07-06 17:00:00,34.03
2019-07-06 18:00:00,0.0
2019-07-06 19:00:00,0.0
2019-07-06 20:00:00,0.0
2019-07-06 21:00:00,0.0
2019-07-06 22:00:00,0.0
2019-07-06 23:00:00,0.0
2019-07-07 00:00:00,0.0
2019-07-07 01:00:00,0.0
2019-07-07 02:00:00,0.0
2019-07-07 03:00:00,0.0
2019-07-07 04:00:00,0.0
2019-07-07 05:00:00,12.18
2019-07-07 06:00:00,118.05
2019-07-07 07:00:00,291.0
2019-07-07 08:00:00,464.83
2019-07-07 09:00:00,616.97
2019-07-07 10:00:00,765.5
2019-07-07 11:00:00,822.6
2019-07-07 12:00:00,827.8
2019-07-07 13:00:00,766.62
2019-07-07 14:00:00,610.1
2019-07-07 15:00:00,424.8
2019-07-07 16:00:00,227.1
2019-07-07 17:00:00,54.8
2019-07-07 18:00:00,0.0
2019-07-07 19:00:00,0.0
2019-07-07 20:00:00,0.0
2019-07-07 21:00:00,0.0
2019-07-07 22:00:00,0.0
2019-07-07 23:00:00,0.0
2019-07-08 00:00:00,0.0
2019-07-08 01:00:00,0.0
2019-07-08 02:00:00,0.0
2019-07-08 03:00:00,0.0
2019-07-08 04:00:00,0.0
2019-07-08 05:00:00,14.77
2019-07-08 06:00:00,142.75
2019-07-08 07:00:00,304.45
2019-07-08 08:00:00,511.35
2019-07-08 09:00:00,724.85
2019-07-08 10:00:00,843.1
2019-07-08 11:00:00,893.95
2019-07-08 12:00:00,817.0
2019-07-08 13:00:00,718.47
2019-07-08 14:00:00,566.25
2019-07-08 15:00:00,410.1
2019-07-08 16:00:00,210.25
2019-07-08 17:00:00,49.17
2019-07-08 18:00:00,0.0
2019-07-08 19:00:00,0.0
2019-07-08 20:00:00,0.0
2019-07-08 21:00:00,0.0
2019-07-08 22:00:00,0.0
2019-07-08 23:00:00,0.0
2019-07-09 00:00:00,0.0
2019-07-09 01:00:00,0.0
2019-07-09 02:00:00,0.0
2019-07-09 03:00:00,0.0
2019-07-09 04:00:00,0.0
2019-07-09 05:00:00,12.75
2019-07-09 06:00:00,115.65
2019-07-09 07:00:00,276.6
2019-07-09 08:00:00,468.3
2019-07-09 09:00:00,649.92
2019-07-09 10:00:00,714.95
2019-07-09 11:00:00,738.88
2019-07-09 12:00:00,731.83
2019-07-09 13:00:00,713.67
2019-07-09 14:00:00,541.97
2019-07-09 15:00:00,363.5
2019-07-09 16:00:00,195.73
2019-07-09 17:00:00,48.28
2019-07-09 18:00:00,0.0
2019-07-09 19:00:00,0.0
2019-07-09 20:00:00,0.0
2019-07-09 21:00:00,0.0
2019-07-09 22:00:00,0.0
2019-07-09 23:00:00,0.0
2019-07-10 00:00:00,0.0
2019-07-10 01:00:00,0.0
2019-07-10 02:00:00,0.0
2019-07-10 03:00:00,0.0
2019-07-10 04:00:00,0.0
2019-07-10 05:00:00,8.62
2019-07-10 06:00:00,102.97
2019-07-10 07:00:00,232.25
2019-07-10 08:00:00,379.75
2019-07-10 09:00:00,525.25
2019-07-10 10:00:00,674.53
2019-07-10 11:00:00,793.62
2019-07-10 12:00:00,835.97
2019-07-10 13:00:00,761.62
2019-07-10 14:00:00,584.42
2019-07-10 15:00:00,410.77
2019-07-10 16:00:00,211.85
2019-07-10 17:00:00,48.58
2019-07-10 18:00:00,0.0
2019-07-10 19:00:00,0.0
2019-07-10 20:00:00,0.0
2019-07-10 21:00:00,0.0
2019-07-10 22:00:00,0.0
2019-07-10 23:00:00,0.0
2019-07-11 00:00:00,0.0
2019-07-11 01:00:00,0.0
2019-07-11 02:00:00,0.0
2019-07-11 03:00:00,0.0
2019-07-11 04:00:00,0.0
2019-07-11 05:00:00,5.4
2019-07-11 06:00:00,104.62
2019-07-11 07:00:00,200.0
2019-07-11 08:00:00,327.2
2019-07-11 09:00:00,435.65
2019-07-11 10:00:00,564.53
2019-07-11 11:00:00,564.67
2019-07-11 12:00:00,576.72
2019-07-11 13:00:00,463.67
2019-07-11 14:00:00,361.98
2019-07-11 15:00:00,293.33
2019-07-11 16:00:00,161.68
2019-07-11 17:00:00,38.67
2019-07-11 18:00:00,0.0
2019-07-11 19:00:00,0.0
2019-07-11 20:00:00,0.0
2019-07-11 21:00:00,0.0
2019-07-11 22:00:00,0.0
2019-07-11 23:00:00,0.0
2019-07-12 00:00:00,0.0
2019-07-12 01:00:00,0.0
2019-07-12 02:00:00,0.0
2019-07-12 03:00:00,0.0
2019-07-12 04:00:00,0.0
2019-07-12 05:00:00,8.3
2019-07-12 06:00:00,106.55
2019-07-12 07:00:00,218.32
2019-07-12 08:00:00,365.17
2019-07-12 09:00:00,576.65
2019-07-12 10:00:00,802.35
2019-07-12 11:00:00,900.42
2019-07-12 12:00:00,920.72
2019-07-12 13:00:00,782.62
2019-07-12 14:00:00,652.35
2019-07-12 15:00:00,476.67
2019-07-12 16:00:00,259.75
2019-07-12 17:00:00,67.43
2019-07-12 18:00:00,0.0
2019-07-12 19:00:00,0.0
2019-07-12 20:00:00,0.0
2019-07-12 21:00:00,0.0
2019-07-12 22:00:00,0.0
2019-07-12 23:00:00,0.0
2019-07-13 00:00:00,0.0
2019-07-13 01:00:00,0.0
2019-07-13 02:00:00,0.0
2019-07-13 03:00:00,0.0
2019-07-13 04:00:00,0.0
2019-07-13 05:00:00,7.78
2019-07-13 06:00:00,122.97
2019-07-13 07:00:00,269.65
2019-07-13 08:00:00,441.85
2019-07-13 09:00:00,568.15
2019-07-13 10:00:00,667.78
2019-07-13 11:00:00,769.22
2019-07-13 12:00:00,863.0
2019-07-13 13:00:00,825.12
2019-07-13 14:00:00,667.53
2019-07-13 15:00:00,482.85
2019-07-13 16:00:00,264.1
2019-07-13 17:00:00,64.8
2019-07-13 18:00:00,0.0
2019-07-13 19:00:00,0.0
2019-07-13 20:00:00,0.0
2019-07-13 21:00:00,0.0
2019-07-13 22:00:00,0.0
2019-07-13 23:00:00,0.0
2019-07-14 00:00:00,0.0
2019-07-14 01:00:00,0.0
2019-07-14 02:00:00,0.0
2019-07-14 03:00:00,0.0
2019-07-14 04:00:00,0.0
2019-07-14 05:00:00,10.55
2019-07-14 06:00:00,131.68
2019-07-14 07:00:00,291.42
2019-07-14 08:00:00,435.88
2019-07-14 09:00:00,617.67
2019-07-14 10:00:00,727.0
2019-07-14 11:00:00,761.42
2019-07-14 12:00:00,736.22
2019-07-14 13:00:00,645.22
2019-07-14 14:00:00,500.23
2019-07-14 15:00:00,343.95
2019-07-14 16:00:00,181.4
2019-07-14 17:00:00,42.45
2019-07-14 18:00:00,0.0
2019-07-14 19:00:00,0.0
2019-07-14 20:00:00,0.0
2019-07-14 21:00:00,0.0
2019-07-14 22:00:00,0.0
2019-07-14 23:00:00,0.0
2019-07-15 00:00:00,0.0
2019-07-15 01:00:00,0.0
2019-07-15 02:00:00,0.0
2019-07-15 03:00:00,0.0
2019-07-15 04:00:00,0.0
2019-07-15 05:00:00,13.15
2019-07-15 06:00:00,138.1
2019-07-15 07:00:00,300.1
2019-07-15 08:00:00,520.45
2019-07-15 09:00:00,736.8
2019-07-15 10:00:00,872.08
2019-07-15 11:00:00,925.9
2019-07-15 12:00:00,884.25
2019-07-15 13:00:00,803.2
2019-07-15 14:00:00,608.35
2019-07-15 15:00:00,459.35
2019-07-15 16:00:00,248.27
2019-07-15 17:00:00,62.05
2019-07-15 18:00:00,0.0
2019-07-15 19:00:00,0.0
2019-07-15 20:00:00,0.0
2019-07-15 21:00:00,0.0
2019-07-15 22:00:00,0.0
2019-07-15 23:00:00,0.0
2019-07-16 00:00:00,0.0
2019-07-16 01:00:00,0.0
2019-07-16 02:00:00,0.0
2019-07-16 03:00:00,0.0
2019-07-16 04:00:00,0.0
2019-07-16 05:00:00,8.05
2019-07-16 06:00:00,148.23
2019-07-16 07:00:00,312.75
2019-07-16 08:00:00,487.65
2019-07-16 09:00:00,647.05
2019-07-16 10:00:00,807.25
2019-07-16 11:00:00,834.67
2019-07-16 12:00:00,811.12
2019-07-16 13:00:00,735.22
2019-07-16 14:00:00,609.67
2019-07-16 15:00:00,406.02
2019-07-16 16:00:00,219.4
2019-07-16 17:00:00,57.25
2019-07-16 18:00:00,0.0
2019-07-16 19:00:00,0.0
2019-07-16 20:00:00,0.0
2019-07-16 21:00:00,0.0
2019-07-16 22:00:00,0.0
2019-07-16 23:00:00,0.0
2019-07-17 00:00:00,0.0
2019-07-17 01:00:00,0.0
2019-07-17 02:00:00,0.0
2019-07-17 03:00:00,0.0
2019-07-17 04:00:00,0.0
2019-07-17 05:00:00,9.0
2019-07-17 06:00:00,85.38
2019-07-17 07:00:00,190.02
2019-07-17 08:00:00,169.35
2019-07-17 09:00:00,271.9
2019-07-17 10:00:00,358.1
2019-07-17 11:00:00,440.23
2019-07-17 12:00:00,446.55
2019-07-17 13:00:00,434.33
2019-07-17 14:00:00,305.35
2019-07-17 15:00:00,229.1
2019-07-17 16:00:00,112.62
2019-07-17 17:00:00,27.62
2019-07-17 18:00:00,0.0
2019-07-17 19:00:00,0.0
2019-07-17 20:00:00,0.0
2019-07-17 21:00:00,0.0
2019-07-17 22:00:00,0.0
2019-07-17 23:00:00,0.0
2019-07-18 00:00:00,0.0
2019-07-18 01:00:00,0.0
2019-07-18 02:00:00,0.0
2019-07-18 03:00:00,0.0
2019-07-18 04:00:00,0.0
2019-07-18 05:00:00,10.3
2019-07-18 06:00:00,111.32
2019-07-18 07:00:00,281.85
2019-07-18 08:00:00,462.08
2019-07-18 09:00:00,624.72
2019-07-18 10:00:00,736.85
2019-07-18 11:00:00,791.65
2019-07-18 12:00:00,740.12
2019-07-18 13:00:00,673.28
2019-07-18 14:00:00,517.35
2019-07-18 15:00:00,305.4
2019-07-18 16:00:00,152.55
2019-07-18 17:00:00,40.45
2019-07-18 18:00:00,0.0
2019-07-18 19:00:00,0.0
2019-07-18 20:00:00,0.0
2019-07-18 21:00:00,0.0
2019-07-18 22:00:00,0.0
2019-07-18 23:00:00,0.0
2019-07-19 00:00:00,0.0
2019-07-19 01:00:00,0.0
2019-07-19 02:00:00,0.0
2019-07-19 03:00:00,0.0
2019-07-19 04:00:00,0.0
2019-07-19 05:00:00,7.88
2019-07-19 06:00:00,90.3
2019-07-19 07:00:00,209.1
2019-07-19 08:00:00,331.73
2019-07-19 09:00:00,477.17
2019-07-19 10:00:00,530.47
2019-07-19 11:00:00,652.22
2019-07-19 12:00:00,690.97
2019-07-19 13:00:00,593.97
2019-07-19 14:00:00,533.5
2019-07-19 15:00:00,392.38
2019-07-19 16:00:00,209.93
2019-07-19 17:00:00,51.22
2019-07-19 18:00:00,0.0
2019-07-19 19:00:00,0.0
2019-07-19 20:00:00,0.0
2019-07-19 21:00:00,0.0
2019-07-19 22:00:00,0.0
2019-07-19 23:00:00,0.0
2019-07-20 00:00:00,0.0
2019-07-20 01:00:00,0.0
2019-07-20 02:00:00,0.0
2019-07-20 03:00:00,0.0
2019-07-20 04:00:00,0.0
2019-07-20 05:00:00,9.77
2019-07-20 06:00:00,124.2
2019-07-20 07:00:00,296.0
2019-07-20 08:00:00,435.85
2019-07-20 09:00:00,681.5
2019-07-20 10:00:00,826.22
2019-07-20 11:00:00,884.97
2019-07-20 12:00:00,776.1
2019-07-20 13:00:00,791.08
2019-07-20 14:00:00,637.62
2019-07-20 15:00:00,467.42
2019-07-20 16:00:00,263.95
2019-07-20 17:00:00,63.67
2019-07-20 18:00:00,0.0
2019-07-20 19:00:00,0.0
2019-07-20 20:00:00,0.0
2019-07-20 21:00:00,0.0
2019-07-20 22:00:00,0.0
2019-07-20 23:00:00,0.0
2019-07-21 00:00:00,0.0
2019-07-21 01:00:00,0.0
2019-07-21 02:00:00,0.0
2019-07-21 03:00:00,0.0
2019-07-21 04:00:00,0.0
2019-07-21 05:00:00,11.57
2019-07-21 06:00:00,102.4
2019-07-21 07:00:00,237.77
2019-07-21 08:00:00,398.0
2019-07-21 09:00:00,561.17
2019-07-21 10:00:00,633.58
2019-07-21 11:00:00,491.42
2019-07-21 12:00:00,335.48
2019-07-21 13:00:00,357.12
2019-07-21 14:00:00,298.62
2019-07-21 15:00:00,240.2
2019-07-21 16:00:00,123.5
2019-07-21 17:00:00,32.6
2019-07-21 18:00:00,0.0
2019-07-21 19:00:00,0.0
2019-07-21 20:00:00,0.0
2019-07-21 21:00:00,0.0
2019-07-21 22:00:00,0.0
2019-07-21 23:00:00,0.0
2019-07-22 00:00:00,0.0
2019-07-22 01:00:00,0.0
2019-07-22 02:00:00,0.0
2019-07-22 03:00:00,0.0
2019-07-22 04:00:00,0.0
2019-07-22 05:00:00,1.23
2019-07-22 06:00:00,43.78
2019-07-22 07:00:00,55.9
2019-07-22 08:00:00,79.82
2019-07-22 09:00:00,153.45
2019-07-22 10:00:00,235.45
2019-07-22 11:00:00,314.75
2019-07-22 12:00:00,315.75
2019-07-22 13:00:00,244.3
2019-07-22 14:00:00,185.6
2019-07-22 15:00:00,130.95
2019-07-22 16:00:00,69.43
2019-07-22 17:00:00,16.35
2019-07-22 18:00:00,0.0
2019-07-22 19:00:00,0.0
2019-07-22 20:00:00,0.0
2019-07-22 21:00:00,0.0
2019-07-22 22:00:00,0.0
2019-07-22 23:00:00,0.0
2019-07-23 00:00:00,0.0
2019-07-23 01:00:00,0.0
2019-07-23 02:00:00,0.0
2019-07-23 03:00:00,0.0
2019-07-23 04:00:00,0.0
2019-07-23 05:00:00,6.12
2019-07-23 06:00:00,103.1
2019-07-23 07:00:00,261.27
2019-07-23 08:00:00,434.45
2019-07-23 09:00:00,556.38
2019-07-23 10:00:00,670.3
2019-07-23 11:00:00,667.15
2019-07-23 12:00:00,634.62
2019-07-23 13:00:00,568.3
2019-07-23 14:00:00,330.35
2019-07-23 15:00:00,206.5
2019-07-23 16:00:00,114.38
2019-07-23 17:00:00,33.53
2019-07-23 18:00:00,0.0
2019-07-23 19:00:00,0.0
2019-07-23 20:00:00,0.0
2019-07-23 21:00:00,0.0
2019-07-23 22:00:00,0.0
2019-07-23 23:00:00,0.0
2019-07-24 00:00:00,0.0
2019-07-24 01:00:00,0.0
2019-07-24 02:00:00,0.0
2019-07-24 03:00:00,0.0
2019-07-24 04:00:00,0.0
2019-07-24 05:00:00,8.7
2019-07-24 06:00:00,130.55
2019-07-24 07:00:00,322.98
2019-07-24 08:00:00,519.08
2019-07-24 09:00:00,730.45
2019-07-24 10:00:00,796.55
2019-07-24 11:00:00,896.35
2019-07-24 12:00:00,902.12
2019-07-24 13:00:00,779.53
2019-07-24 14:00:00,656.28
2019-07-24 15:00:00,487.05
2019-07-24 16:00:00,266.8
2019-07-24 17:00:00,64.0
2019-07-24 18:00:00,0.0
2019-07-24 19:00:00,0.0
2019-07-24 20:00:00,0.0
2019-07-24 21:00:00,0.0
2019-07-24 22:00:00,0.0
2019-07-24 23:00:00,0.0
2019-07-25 00:00:00,0.0
2019-07-25 01:00:00,0.0
2019-07-25 02:00:00,0.0
2019-07-25 03:00:00,0.0
2019-07-25 04:00:00,0.0
2019-07-25 05:00:00,6.07
2019-07-25 06:00:00,43.45
2019-07-25 07:00:00,150.07
2019-07-25 08:00:00,283.62
2019-07-25 09:00:00,406.45
2019-07-25 10:00:00,470.65
2019-07-25 11:00:00,563.4
2019-07-25 12:00:00,609.5
2019-07-25 13:00:00,613.88
2019-07-25 14:00:00,487.62
2019-07-25 15:00:00,326.88
2019-07-25 16:00:00,163.65
2019-07-25 17:00:00,39.92
2019-07-25 18:00:00,0.0
2019-07-25 19:00:00,0.0
2019-07-25 20:00:00,0.0
2019-07-25 21:00:00,0.0
2019-07-25 22:00:00,0.0
2019-07-25 23:00:00,0.0
2019-07-26 00:00:00,0.0
2019-07-26 01:00:00,0.0
2019-07-26 02:00:00,0.0
2019-07-26 03:00:00,0.0
2019-07-26 04:00:00,0.0
2019-07-26 05:00:00,4.07
2019-07-26 06:00:00,45.62
2019-07-26 07:00:00,112.57
2019-07-26 08:00:00,219.43
2019-07-26 09:00:00,300.6
2019-07-26 10:00:00,327.95
2019-07-26 11:00:00,360.95
2019-07-26 12:00:00,396.1
2019-07-26 13:00:00,323.92
2019-07-26 14:00:00,258.12
2019-07-26 15:00:00,175.3
2019-07-26 16:00:00,90.9
2019-07-26 17:00:00,23.42
2019-07-26 18:00:00,0.0
2019-07-26 19:00:00,0.0
2019-07-26 20:00:00,0.0
2019-07-26 21:00:00,0.0
2019-07-26 22:00:00,0.0
2019-07-26 23:00:00,0.0
2019-07-27 00:00:00,0.0
2019-07-27 01:00:00,0.0
2019-07-27 02:00:00,0.0
2019-07-27 03:00:00,0.0
2019-07-27 04:00:00,0.0
2019-07-27 05:00:00,5.53
2019-07-27 06:00:00,84.93
2019-07-27 07:00:00,176.68
2019-07-27 08:00:00,304.75
2019-07-27 09:00:00,418.23
2019-07-27 10:00:00,504.33
2019-07-27 11:00:00,540.53
2019-07-27 12:00:00,545.65
2019-07-27 13:00:00,493.25
2019-07-27 14:00:00,377.92
2019-07-27 15:00:00,242.25
2019-07-27 16:00:00,112.5
2019-07-27 17:00:00,19.05
2019-07-27 18:00:00,0.0
2019-07-27 19:00:00,0.0
2019-07-27 20:00:00,0.0
2019-07-27 21:00:00,0.0
2019-07-27 22:00:00,0.0
2019-07-27 23:00:00,0.0
2019-07-28 00:00:00,0.0
2019-07-28 01:00:00,0.0
2019-07-28 02:00:00,0.0
2019-07-28 03:00:00,0.0
2019-07-28 04:00:00,0.0
2019-07-28 05:00:00,7.22
2019-07-28 06:00:00,90.7
2019-07-28 07:00:00,217.2
2019-07-28 08:00:00,372.6
2019-07-28 09:00:00,535.08
2019-07-28 10:00:00,587.67
2019-07-28 11:00:00,550.15
2019-07-28 12:00:00,565.65
2019-07-28 13:00:00,596.22
2019-07-28 14:00:00,464.88
2019-07-28 15:00:00,267.77
2019-07-28 16:00:00,133.95
2019-07-28 17:00:00,31.73
2019-07-28 18:00:00,0.0
2019-07-28 19:00:00,0.0
2019-07-28 20:00:00,0.0
2019-07-28 21:00:00,0.0
2019-07-28 22:00:00,0.0
2019-07-28 23:00:00,0.0
2019-07-29 00:00:00,0.0
2019-07-29 01:00:00,0.0
2019-07-29 02:00:00,0.0
2019-07-29 03:00:00,0.0
2019-07-29 04:00:00,0.0
2019-07-29 05:00:00,6.88
2019-07-29 06:00:00,57.65
2019-07-29 07:00:00,206.1
2019-07-29 08:00:00,362.1
2019-07-29 09:00:00,503.25
2019-07-29 10:00:00,580.55
2019-07-29 11:00:00,551.58
2019-07-29 12:00:00,446.73
2019-07-29 13:00:00,407.67
2019-07-29 14:00:00,326.02
2019-07-29 15:00:00,240.48
2019-07-29 16:00:00,117.4
2019-07-29 17:00:00,28.65
2019-07-29 18:00:00,0.0
2019-07-29 19:00:00,0.0
2019-07-29 20:00:00,0.0
2019-07-29 21:00:00,0.0
2019-07-29 22:00:00,0.0
2019-07-29 23:00:00,0.0
2019-07-30 00:00:00,0.0
2019-07-30 01:00:00,0.0
2019-07-30 02:00:00,0.0
2019-07-30 03:00:00,0.0
2019-07-30 04:00:00,0.0
2019-07-30 05:00:00,8.5
2019-07-30 06:00:00,114.75
2019-07-30 07:00:00,251.8
2019-07-30 08:00:00,415.3
2019-07-30 09:00:00,556.53
2019-07-30 10:00:00,673.55
2019-07-30 11:00:00,770.58
2019-07-30 12:00:00,701.53
2019-07-30 13:00:00,630.55
2019-07-30 14:00:00,541.45
2019-07-30 15:00:00,398.55
2019-07-30 16:00:00,204.4
2019-07-30 17:00:00,43.33
2019-07-30 18:00:00,0.0
2019-07-30 19:00:00,0.0
2019-07-30 20:00:00,0.0
2019-07-30 21:00:00,0.0
2019-07-30 22:00:00,0.0
2019-07-30 23:00:00,0.0
2019-07-31 00:00:00,0.0
2019-07-31 01:00:00,0.0
2019-07-31 02:00:00,0.0
2019-07-31 03:00:00,0.0
2019-07-31 04:00:00,0.0
2019-07-31 05:00:00,10.07
2019-07-31 06:00:00,136.9
2019-07-31 07:00:00,327.05
2019-07-31 08:00:00,491.6
2019-07-31 09:00:00,716.0
2019-07-31 10:00:00,889.78
2019-07-31 11:00:00,897.8
2019-07-31 12:00:00,892.45
2019-07-31 13:00:00,826.72
2019-07-31 14:00:00,670.58
2019-07-31 15:00:00,392.33
2019-07-31 16:00:00,199.4
2019-07-31 17:00:00,44.88
2019-07-31 18:00:00,0.0
2019-07-31 19:00:00,0.0
2019-07-31 20:00:00,0.0
2019-07-31 21:00:00,0.0
2019-07-31 22:00:00,0.0
2019-07-31 23:00:00,0.0
2019-08-01 00:00:00,0.0
2019-08-01 01:00:00,0.0
2019-08-01 02:00:00,0.0
2019-08-01 03:00:00,0.0
2019-08-01 04:00:00,0.0
2019-08-01 05:00:00,6.45
2019-08-01 06:00:00,69.47
2019-08-01 07:00:00,184.43
2019-08-01 08:00:00,314.35
2019-08-01 09:00:00,359.1
2019-08-01 10:00:00,427.02
2019-08-01 11:00:00,466.05
2019-08-01 12:00:00,490.17
2019-08-01 13:00:00,451.25
2019-08-01 14:00:00,367.48
2019-08-01 15:00:00,253.18
2019-08-01 16:00:00,128.68
2019-08-01 17:00:00,28.7
2019-08-01 18:00:00,0.0
2019-08-01 19:00:00,0.0
2019-08-01 20:00:00,0.0
2019-08-01 21:00:00,0.0
2019-08-01 22:00:00,0.0
2019-08-01 23:00:00,0.0
2019-08-02 00:00:00,0.0
2019-08-02 01:00:00,0.0
2019-08-02 02:00:00,0.0
2019-08-02 03:00:00,0.0
2019-08-02 04:00:00,0.0
2019-08-02 05:00:00,2.5
2019-08-02 06:00:00,51.92
2019-08-02 07:00:00,136.73
2019-08-02 08:00:00,241.07
2019-08-02 09:00:00,322.92
2019-08-02 10:00:00,512.33
2019-08-02 11:00:00,650.97
2019-08-02 12:00:00,599.78
2019-08-02 13:00:00,516.78
2019-08-02 14:00:00,374.27
2019-08-02 15:00:00,254.62
2019-08-02 16:00:00,122.43
2019-08-02 17:00:00,19.85
2019-08-02 18:00:00,0.0
2019-08-02 19:00:00,0.0
2019-08-02 20:00:00,0.0
2019-08-02 21:00:00,0.0
2019-08-02 22:00:00,0.0
2019-08-02 23:00:00,0.0
2019-08-03 00:00:00,0.0
2019-08-03 01:00:00,0.0
2019-08-03 02:00:00,0.0
2019-08-03 03:00:00,0.0
2019-08-03 04:00:00,0.0
2019-08-03 05:00:00,8.5
2019-08-03 06:00:00,118.55
2019-08-03 07:00:00,280.3
2019-08-03 08:00:00,442.58
2019-08-03 09:00:00,611.17
2019-08-03 10:00:00,714.17
2019-08-03 11:00:00,589.95
2019-08-03 12:00:00,598.78
2019-08-03 13:00:00,426.42
2019-08-03 14:00:00,442.55
2019-08-03 15:00:00,337.2
2019-08-03 16:00:00,182.9
2019-08-03 17:00:00,44.1
2019-08-03 18:00:00,0.0
2019-08-03 19:00:00,0.0
2019-08-03 20:00:00,0.0
2019-08-03 21:00:00,0.0
2019-08-03 22:00:00,0.0
2019-08-03 23:00:00,0.0
2019-08-04 00:00:00,0.0
2019-08-04 01:00:00,0.0
2019-08-04 02:00:00,0.0
2019-08-04 03:00:00,0.0
2019-08-04 04:00:00,0.0
2019-08-04 05:00:00,9.48
2019-08-04 06:00:00,121.97
2019-08-04 07:00:00,310.4
2019-08-04 08:00:00,493.6
2019-08-04 09:00:00,697.7
2019-08-04 10:00:00,720.65
2019-08-04 11:00:00,907.25
2019-08-04 12:00:00,910.8
2019-08-04 13:00:00,722.78
2019-08-04 14:00:00,547.47
2019-08-04 15:00:00,355.12
2019-08-04 16:00:00,180.38
2019-08-04 17:00:00,39.22
2019-08-04 18:00:00,0.0
2019-08-04 19:00:00,0.0
2019-08-04 20:00:00,0.0
2019-08-04 21:00:00,0.0
2019-08-04 22:00:00,0.0
2019-08-04 23:00:00,0.0
2019-08-05 00:00:00,0.0
2019-08-05 01:00:00,0.0
2019-08-05 02:00:00,0.0
2019-08-05 03:00:00,0.0
2019-08-05 04:00:00,0.0
2019-08-05 05:00:00,5.62
2019-08-05 06:00:00,114.6
2019-08-05 07:00:00,260.4
2019-08-05 08:00:00,423.98
2019-08-05 09:00:00,586.1
2019-08-05 10:00:00,687.0
2019-08-05 11:00:00,670.08
2019-08-05 12:00:00,490.15
2019-08-05 13:00:00,393.55
2019-08-05 14:00:00,174.27
2019-08-05 15:00:00,89.53
2019-08-05 16:00:00,29.73
2019-08-05 17:00:00,6.7
2019-08-05 18:00:00,0.0
2019-08-05 19:00:00,0.0
2019-08-05 20:00:00,0.0
2019-08-05 21:00:00,0.0
2019-08-05 22:00:00,0.0
2019-08-05 23:00:00,0.0
2019-08-06 00:00:00,0.0
2019-08-06 01:00:00,0.0
2019-08-06 02:00:00,0.0
2019-08-06 03:00:00,0.0
2019-08-06 04:00:00,0.0
2019-08-06 05:00:00,5.72
2019-08-06 06:00:00,96.78
2019-08-06 07:00:00,249.57
2019-08-06 08:00:00,421.0
2019-08-06 09:00:00,569.28
2019-08-06 10:00:00,687.9
2019-08-06 11:00:00,627.97
2019-08-06 12:00:00,592.62
2019-08-06 13:00:00,411.45
2019-08-06 14:00:00,400.98
2019-08-06 15:00:00,260.23
2019-08-06 16:00:00,119.68
2019-08-06 17:00:00,27.05
2019-08-06 18:00:00,0.0
2019-08-06 19:00:00,0.0
2019-08-06 20:00:00,0.0
2019-08-06 21:00:00,0.0
2019-08-06 22:00:00,0.0
2019-08-06 23:00:00,0.0
2019-08-07 00:00:00,0.0
2019-08-07 01:00:00,0.0
2019-08-07 02:00:00,0.0
2019-08-07 03:00:00,0.0
2019-08-07 04:00:00,0.0
2019-08-07 05:00:00,5.95
2019-08-07 06:00:00,111.7
2019-08-07 07:00:00,277.58
2019-08-07 08:00:00,437.75
2019-08-07 09:00:00,555.45
2019-08-07 10:00:00,670.08
2019-08-07 11:00:00,655.03
2019-08-07 12:00:00,510.38
2019-08-07 13:00:00,640.03
2019-08-07 14:00:00,432.65
2019-08-07 15:00:00,261.98
2019-08-07 16:00:00,112.2
2019-08-07 17:00:00,24.3
2019-08-07 18:00:00,0.0
2019-08-07 19:00:00,0.0
2019-08-07 20:00:00,0.0
2019-08-07 21:00:00,0.0
2019-08-07 22:00:00,0.0
2019-08-07 23:00:00,0.0
2019-08-08 00:00:00,0.0
2019-08-08 01:00:00,0.0
2019-08-08 02:00:00,0.0
2019-08-08 03:00:00,0.0
2019-08-08 04:00:00,0.0
2019-08-08 05:00:00,7.05
2019-08-08 06:00:00,91.5
2019-08-08 07:00:00,247.57
2019-08-08 08:00:00,417.6
2019-08-08 09:00:00,570.6
2019-08-08 10:00:00,671.55
2019-08-08 11:00:00,757.4
2019-08-08 12:00:00,776.47
2019-08-08 13:00:00,688.95
2019-08-08 14:00:00,598.75
2019-08-08 15:00:00,405.27
2019-08-08 16:00:00,196.8
2019-08-08 17:00:00,38.6
2019-08-08 18:00:00,0.0
2019-08-08 19:00:00,0.0
2019-08-08 20:00:00,0.0
2019-08-08 21:00:00,0.0
2019-08-08 22:00:00,0.0
2019-08-08 23:00:00,0.0
2019-08-09 00:00:00,0.0
2019-08-09 01:00:00,0.0
2019-08-09 02:00:00,0.0
2019-08-09 03:00:00,0.0
2019-08-09 04:00:00,0.0
2019-08-09 05:00:00,6.68
2019-08-09 06:00:00,116.1
2019-08-09 07:00:00,266.25
2019-08-09 08:00:00,425.77
2019-08-09 09:00:00,667.72
2019-08-09 10:00:00,772.53
2019-08-09 11:00:00,808.65
2019-08-09 12:00:00,612.17
2019-08-09 13:00:00,522.45
2019-08-09 14:00:00,551.47
2019-08-09 15:00:00,374.0
2019-08-09 16:00:00,193.48
2019-08-09 17:00:00,42.88
2019-08-09 18:00:00,0.0
2019-08-09 19:00:00,0.0
2019-08-09 20:00:00,0.0
2019-08-09 21:00:00,0.0
2019-08-09 22:00:00,0.0
2019-08-09 23:00:00,0.0
2019-08-10 00:00:00,0.0
2019-08-10 01:00:00,0.0
2019-08-10 02:00:00,0.0
2019-08-10 03:00:00,0.0
2019-08-10 04:00:00,0.0
2019-08-10 05:00:00,6.4
2019-08-10 06:00:00,94.2
2019-08-10 07:00:00,230.75
2019-08-10 08:00:00,409.95
2019-08-10 09:00:00,559.62
2019-08-10 10:00:00,742.6
2019-08-10 11:00:00,881.33
2019-08-10 12:00:00,770.17
2019-08-10 13:00:00,672.83
2019-08-10 14:00:00,532.58
2019-08-10 15:00:00,320.5
2019-08-10 16:00:00,154.12
2019-08-10 17:00:00,26.6
2019-08-10 18:00:00,0.0
2019-08-10 19:00:00,0.0
2019-08-10 20:00:00,0.0
2019-08-10 21:00:00,0.0
2019-08-10 22:00:00,0.0
2019-08-10 23:00:00,0.0
2019-08-11 00:00:00,0.0
2019-08-11 01:00:00,0.0
2019-08-11 02:00:00,0.0
2019-08-11 03:00:00,0.0
2019-08-11 04:00:00,0.0
2019-08-11 05:00:00,7.75
2019-08-11 06:00:00,109.6
2019-08-11 07:00:00,263.02
2019-08-11 08:00:00,471.48
2019-08-11 09:00:00,706.97
2019-08-11 10:00:00,830.53
2019-08-11 11:00:00,939.42
2019-08-11 12:00:00,837.6
2019-08-11 13:00:00,818.25
2019-08-11 14:00:00,622.3
2019-08-11 15:00:00,398.95
2019-08-11 16:00:00,178.9
2019-08-11 17:00:00,30.9
2019-08-11 18:00:00,0.0
2019-08-11 19:00:00,0.0
2019-08-11 20:00:00,0.0
2019-08-11 21:00:00,0.0
2019-08-11 22:00:00,0.0
2019-08-11 23:00:00,0.0
2019-08-12 00:00:00,0.0
2019-08-12 01:00:00,0.0
2019-08-12 02:00:00,0.0
2019-08-12 03:00:00,0.0
2019-08-12 04:00:00,0.0
2019-08-12 05:00:00,8.55
2019-08-12 06:00:00,114.68
2019-08-12 07:00:00,294.52
2019-08-12 08:00:00,475.58
2019-08-12 09:00:00,645.55
2019-08-12 10:00:00,717.12
2019-08-12 11:00:00,822.15
2019-08-12 12:00:00,786.05
2019-08-12 13:00:00,684.28
2019-08-12 14:00:00,516.8
2019-08-12 15:00:00,352.15
2019-08-12 16:00:00,170.43
2019-08-12 17:00:00,34.17
2019-08-12 18:00:00,0.0
2019-08-12 19:00:00,0.0
2019-08-12 20:00:00,0.0
2019-08-12 21:00:00,0.0
2019-08-12 22:00:00,0.0
2019-08-12 23:00:00,0.0
2019-08-13 00:00:00,0.0
2019-08-13 01:00:00,0.0
2019-08-13 02:00:00,0.0
2019-08-13 03:00:00,0.0
2019-08-13 04:00:00,0.0
2019-08-13 05:00:00,7.57
2019-08-13 06:00:00,98.32
2019-08-13 07:00:00,259.92
2019-08-13 08:00:00,435.2
2019-08-13 09:00:00,597.7
2019-08-13 10:00:00,670.35
2019-08-13 11:00:00,739.15
2019-08-13 12:00:00,722.2
2019-08-13 13:00:00,633.75
2019-08-13 14:00:00,498.73
2019-08-13 15:00:00,323.62
2019-08-13 16:00:00,157.62
2019-08-13 17:00:00,28.85
2019-08-13 18:00:00,0.0
2019-08-13 19:00:00,0.0
2019-08-13 20:00:00,0.0
2019-08-13 21:00:00,0.0
2019-08-13 22:00:00,0.0
2019-08-13 23:00:00,0.0
2019-08-14 00:00:00,0.0
2019-08-14 01:00:00,0.0
2019-08-14 02:00:00,0.0
2019-08-14 03:00:00,0.0
2019-08-14 04:00:00,0.0
2019-08-14 05:00:00,7.68
2019-08-14 06:00:00,118.15
2019-08-14 07:00:00,291.65
2019-08-14 08:00:00,467.95
2019-08-14 09:00:00,654.97
2019-08-14 10:00:00,812.62
2019-08-14 11:00:00,935.15
2019-08-14 12:00:00,794.22
2019-08-14 13:00:00,817.65
2019-08-14 14:00:00,626.83
2019-08-14 15:00:00,451.38
2019-08-14 16:00:00,239.18
2019-08-14 17:00:00,42.72
2019-08-14 18:00:00,0.0
2019-08-14 19:00:00,0.0
2019-08-14 20:00:00,0.0
2019-08-14 21:00:00,0.0
2019-08-14 22:00:00,0.0
2019-08-14 23:00:00,0.0
2019-08-15 00:00:00,0.0
2019-08-15 01:00:00,0.0
2019-08-15 02:00:00,0.0
2019-08-15 03:00:00,0.0
2019-08-15 04:00:00,0.0
2019-08-15 05:00:00,8.48
2019-08-15 06:00:00,97.4
2019-08-15 07:00:00,242.55
2019-08-15 08:00:00,413.2
2019-08-15 09:00:00,560.38
2019-08-15 10:00:00,665.28
2019-08-15 11:00:00,719.42
2019-08-15 12:00:00,750.17
2019-08-15 13:00:00,726.17
2019-08-15 14:00:00,559.3
2019-08-15 15:00:00,357.08
2019-08-15 16:00:00,185.02
2019-08-15 17:00:00,35.97
2019-08-15 18:00:00,0.0
2019-08-15 19:00:00,0.0
2019-08-15 20:00:00,0.0
2019-08-15 21:00:00,0.0
2019-08-15 22:00:00,0.0
2019-08-15 23:00:00,0.0
2019-08-16 00:00:00,0.0
2019-08-16 01:00:00,0.0
2019-08-16 02:00:00,0.0
2019-08-16 03:00:00,0.0
2019-08-16 04:00:00,0.0
2019-08-16 05:00:00,6.43
2019-08-16 06:00:00,110.65
2019-08-16 07:00:00,265.02
2019-08-16 08:00:00,390.3
2019-08-16 09:00:00,524.92
2019-08-16 10:00:00,664.2
2019-08-16 11:00:00,583.1
2019-08-16 12:00:00,531.03
2019-08-16 13:00:00,489.52
2019-08-16 14:00:00,399.4
2019-08-16 15:00:00,247.48
2019-08-16 16:00:00,119.93
2019-08-16 17:00:00,23.85
2019-08-16 18:00:00,0.0
2019-08-16 19:00:00,0.0
2019-08-16 20:00:00,0.0
2019-08-16 21:00:00,0.0
2019-08-16 22:00:00,0.0
2019-08-16 23:00:00,0.0
2019-08-17 00:00:00,0.0
2019-08-17 01:00:00,0.0
2019-08-17 02:00:00,0.0
2019-08-17 03:00:00,0.0
2019-08-17 04:00:00,0.0
2019-08-17 05:00:00,1.48
2019-08-17 06:00:00,79.0
2019-08-17 07:00:00,99.68
2019-08-17 08:00:00,184.4
2019-08-17 09:00:00,278.95
2019-08-17 10:00:00,415.42
2019-08-17 11:00:00,533.92
2019-08-17 12:00:00,646.58
2019-08-17 13:00:00,537.6
2019-08-17 14:00:00,491.12
2019-08-17 15:00:00,296.33
2019-08-17 16:00:00,144.3
2019-08-17 17:00:00,23.12
2019-08-17 18:00:00,0.0
2019-08-17 19:00:00,0.0
2019-08-17 20:00:00,0.0
2019-08-17 21:00:00,0.0
2019-08-17 22:00:00,0.0
2019-08-17 23:00:00,0.0
2019-08-18 00:00:00,0.0
2019-08-18 01:00:00,0.0
2019-08-18 02:00:00,0.0
2019-08-18 03:00:00,0.0
2019-08-18 04:00:00,0.0
2019-08-18 05:00:00,2.4
2019-08-18 06:00:00,36.83
2019-08-18 07:00:00,101.28
2019-08-18 08:00:00,172.07
2019-08-18 09:00:00,220.4
2019-08-18 10:00:00,319.27
2019-08-18 11:00:00,535.22
2019-08-18 12:00:00,662.12
2019-08-18 13:00:00,649.78
2019-08-18 14:00:00,546.12
2019-08-18 15:00:00,413.45
2019-08-18 16:00:00,194.1
2019-08-18 17:00:00,34.95
2019-08-18 18:00:00,0.0
2019-08-18 19:00:00,0.0
2019-08-18 20:00:00,0.0
2019-08-18 21:00:00,0.0
2019-08-18 22:00:00,0.0
2019-08-18 23:00:00,0.0
2019-08-19 00:00:00,0.0
2019-08-19 01:00:00,0.0
2019-08-19 02:00:00,0.0
2019-08-19 03:00:00,0.0
2019-08-19 04:00:00,0.0
2019-08-19 05:00:00,7.97
2019-08-19 06:00:00,116.5
2019-08-19 07:00:00,276.5
2019-08-19 08:00:00,537.4
2019-08-19 09:00:00,690.4
2019-08-19 10:00:00,878.22
2019-08-19 11:00:00,927.97
2019-08-19 12:00:00,925.22
2019-08-19 13:00:00,799.17
2019-08-19 14:00:00,633.95
2019-08-19 15:00:00,451.77
2019-08-19 16:00:00,232.65
2019-08-19 17:00:00,36.78
2019-08-19 18:00:00,0.0
2019-08-19 19:00:00,0.0
2019-08-19 20:00:00,0.0
2019-08-19 21:00:00,0.0
2019-08-19 22:00:00,0.0
2019-08-19 23:00:00,0.0
2019-08-20 00:00:00,0.0
2019-08-20 01:00:00,0.0
2019-08-20 02:00:00,0.0
2019-08-20 03:00:00,0.0
2019-08-20 04:00:00,0.0
2019-08-20 05:00:00,4.93
2019-08-20 06:00:00,90.93
2019-08-20 07:00:00,215.85
2019-08-20 08:00:00,364.73
2019-08-20 09:00:00,471.8
2019-08-20 10:00:00,631.95
2019-08-20 11:00:00,753.67
2019-08-20 12:00:00,848.8
2019-08-20 13:00:00,758.03
2019-08-20 14:00:00,615.25
2019-08-20 15:00:00,421.1
2019-08-20 16:00:00,210.93
2019-08-20 17:00:00,36.92
2019-08-20 18:00:00,0.0
2019-08-20 19:00:00,0.0
2019-08-20 20:00:00,0.0
2019-08-20 21:00:00,0.0
2019-08-20 22:00:00,0.0
2019-08-20 23:00:00,0.0
2019-08-21 00:00:00,0.0
2019-08-21 01:00:00,0.0
2019-08-21 02:00:00,0.0
2019-08-21 03:00:00,0.0
2019-08-21 04:00:00,0.0
2019-08-21 05:00:00,5.65
2019-08-21 06:00:00,56.62
2019-08-21 07:00:00,139.93
2019-08-21 08:00:00,276.9
2019-08-21 09:00:00,376.27
2019-08-21 10:00:00,459.55
2019-08-21 11:00:00,555.45
2019-08-21 12:00:00,523.92
2019-08-21 13:00:00,486.2
2019-08-21 14:00:00,506.98
2019-08-21 15:00:00,290.02
2019-08-21 16:00:00,130.93
2019-08-21 17:00:00,22.17
2019-08-21 18:00:00,0.0
2019-08-21 19:00:00,0.0
2019-08-21 20:00:00,0.0
2019-08-21 21:00:00,0.0
2019-08-21 22:00:00,0.0
2019-08-21 23:00:00,0.0
2019-08-22 00:00:00,0.0
2019-08-22 01:00:00,0.0
2019-08-22 02:00:00,0.0
2019-08-22 03:00:00,0.0
2019-08-22 04:00:00,0.0
2019-08-22 05:00:00,4.15
2019-08-22 06:00:00,72.1
2019-08-22 07:00:00,166.75
2019-08-22 08:00:00,310.88
2019-08-22 09:00:00,418.52
2019-08-22 10:00:00,605.3
2019-08-22 11:00:00,543.35
2019-08-22 12:00:00,395.85
2019-08-22 13:00:00,404.55
2019-08-22 14:00:00,357.92
2019-08-22 15:00:00,261.42
2019-08-22 16:00:00,120.97
2019-08-22 17:00:00,20.48
2019-08-22 18:00:00,0.0
2019-08-22 19:00:00,0.0
2019-08-22 20:00:00,0.0
2019-08-22 21:00:00,0.0
2019-08-22 22:00:00,0.0
2019-08-22 23:00:00,0.0
2019-08-23 00:00:00,0.0
2019-08-23 01:00:00,0.0
2019-08-23 02:00:00,0.0
2019-08-23 03:00:00,0.0
2019-08-23 04:00:00,0.0
2019-08-23 05:00:00,5.1
2019-08-23 06:00:00,75.7
2019-08-23 07:00:00,199.4
2019-08-23 08:00:00,361.12
2019-08-23 09:00:00,474.02
2019-08-23 10:00:00,505.1
2019-08-23 11:00:00,699.85
2019-08-23 12:00:00,810.85
2019-08-23 13:00:00,699.45
2019-08-23 14:00:00,535.92
2019-08-23 15:00:00,362.25
2019-08-23 16:00:00,166.6
2019-08-23 17:00:00,26.95
2019-08-23 18:00:00,0.0
2019-08-23 19:00:00,0.0
2019-08-23 20:00:00,0.0
2019-08-23 21:00:00,0.0
2019-08-23 22:00:00,0.0
2019-08-23 23:00:00,0.0
2019-08-24 00:00:00,0.0
2019-08-24 01:00:00,0.0
2019-08-24 02:00:00,0.0
2019-08-24 03:00:00,0.0
2019-08-24 04:00:00,0.0
2019-08-24 05:00:00,5.95
2019-08-24 06:00:00,102.75
2019-08-24 07:00:00,260.52
2019-08-24 08:00:00,434.45
2019-08-24 09:00:00,585.22
2019-08-24 10:00:00,725.4
2019-08-24 11:00:00,791.95
2019-08-24 12:00:00,847.2
2019-08-24 13:00:00,764.9
2019-08-24 14:00:00,622.47
2019-08-24 15:00:00,411.48
2019-08-24 16:00:00,196.93
2019-08-24 17:00:00,30.35
2019-08-24 18:00:00,0.0
2019-08-24 19:00:00,0.0
2019-08-24 20:00:00,0.0
2019-08-24 21:00:00,0.0
2019-08-24 22:00:00,0.0
2019-08-24 23:00:00,0.0
2019-08-25 00:00:00,0.0
2019-08-25 01:00:00,0.0
2019-08-25 02:00:00,0.0
2019-08-25 03:00:00,0.0
2019-08-25 04:00:00,0.0
2019-08-25 05:00:00,6.05
2019-08-25 06:00:00,100.65
2019-08-25 07:00:00,267.05
2019-08-25 08:00:00,429.08
2019-08-25 09:00:00,618.25
2019-08-25 10:00:00,743.8
2019-08-25 11:00:00,791.05
2019-08-25 12:00:00,746.75
2019-08-25 13:00:00,631.53
2019-08-25 14:00:00,606.22
2019-08-25 15:00:00,417.23
2019-08-25 16:00:00,202.38
2019-08-25 17:00:00,32.22
2019-08-25 18:00:00,0.0
2019-08-25 19:00:00,0.0
2019-08-25 20:00:00,0.0
2019-08-25 21:00:00,0.0
2019-08-25 22:00:00,0.0
2019-08-25 23:00:00,0.0
2019-08-26 00:00:00,0.0
2019-08-26 01:00:00,0.0
2019-08-26 02:00:00,0.0
2019-08-26 03:00:00,0.0
2019-08-26 04:00:00,0.0
2019-08-26 05:00:00,7.82
2019-08-26 06:00:00,129.52
2019-08-26 07:00:00,329.42
2019-08-26 08:00:00,540.62
2019-08-26 09:00:00,702.55
2019-08-26 10:00:00,851.08
2019-08-26 11:00:00,910.88
2019-08-26 12:00:00,884.92
2019-08-26 13:00:00,782.28
2019-08-26 14:00:00,617.8
2019-08-26 15:00:00,418.9
2019-08-26 16:00:00,198.07
2019-08-26 17:00:00,29.27
2019-08-26 18:00:00,0.0
2019-08-26 19:00:00,0.0
2019-08-26 20:00:00,0.0
2019-08-26 21:00:00,0.0
2019-08-26 22:00:00,0.0
2019-08-26 23:00:00,0.0
2019-08-27 00:00:00,0.0
2019-08-27 01:00:00,0.0
2019-08-27 02:00:00,0.0
2019-08-27 03:00:00,0.0
2019-08-27 04:00:00,0.0
2019-08-27 05:00:00,8.38
2019-08-27 06:00:00,124.95
2019-08-27 07:00:00,304.48
2019-08-27 08:00:00,525.17
2019-08-27 09:00:00,713.85
2019-08-27 10:00:00,812.12
2019-08-27 11:00:00,872.12
2019-08-27 12:00:00,777.15
2019-08-27 13:00:00,745.42
2019-08-27 14:00:00,582.55
2019-08-27 15:00:00,399.2
2019-08-27 16:00:00,189.12
2019-08-27 17:00:00,27.8
2019-08-27 18:00:00,0.0
2019-08-27 19:00:00,0.0
2019-08-27 20:00:00,0.0
2019-08-27 21:00:00,0.0
2019-08-27 22:00:00,0.0
2019-08-27 23:00:00,0.0
2019-08-28 00:00:00,0.0
2019-08-28 01:00:00,0.0
2019-08-28 02:00:00,0.0
2019-08-28 03:00:00,0.0
2019-08-28 04:00:00,0.0
2019-08-28 05:00:00,8.77
2019-08-28 06:00:00,134.5
2019-08-28 07:00:00,307.42
2019-08-28 08:00:00,511.83
2019-08-28 09:00:00,700.58
2019-08-28 10:00:00,830.38
2019-08-28 11:00:00,934.05
2019-08-28 12:00:00,876.1
2019-08-28 13:00:00,765.67
2019-08-28 14:00:00,490.85
2019-08-28 15:00:00,297.67
2019-08-28 16:00:00,136.23
2019-08-28 17:00:00,17.48
2019-08-28 18:00:00,0.0
2019-08-28 19:00:00,0.0
2019-08-28 20:00:00,0.0
2019-08-28 21:00:00,0.0
2019-08-28 22:00:00,0.0
2019-08-28 23:00:00,0.0
2019-08-29 00:00:00,0.0
2019-08-29 01:00:00,0.0
2019-08-29 02:00:00,0.0
2019-08-29 03:00:00,0.0
2019-08-29 04:00:00,0.0
2019-08-29 05:00:00,6.7
2019-08-29 06:00:00,125.88
2019-08-29 07:00:00,301.3
2019-08-29 08:00:00,496.52
2019-08-29 09:00:00,737.53
2019-08-29 10:00:00,877.8
2019-08-29 11:00:00,828.83
2019-08-29 12:00:00,809.03
2019-08-29 13:00:00,798.83
2019-08-29 14:00:00,586.22
2019-08-29 15:00:00,427.27
2019-08-29 16:00:00,211.95
2019-08-29 17:00:00,31.5
2019-08-29 18:00:00,0.0
2019-08-29 19:00:00,0.0
2019-08-29 20:00:00,0.0
2019-08-29 21:00:00,0.0
2019-08-29 22:00:00,0.0
2019-08-29 23:00:00,0.0
2019-08-30 00:00:00,0.0
2019-08-30 01:00:00,0.0
2019-08-30 02:00:00,0.0
2019-08-30 03:00:00,0.0
2019-08-30 04:00:00,0.0
2019-08-30 05:00:00,9.05
2019-08-30 06:00:00,130.85
2019-08-30 07:00:00,323.5
2019-08-30 08:00:00,555.42
2019-08-30 09:00:00,746.8
2019-08-30 10:00:00,889.05
2019-08-30 11:00:00,948.08
2019-08-30 12:00:00,869.08
2019-08-30 13:00:00,712.12
2019-08-30 14:00:00,519.05
2019-08-30 15:00:00,308.4
2019-08-30 16:00:00,140.25
2019-08-30 17:00:00,17.88
2019-08-30 18:00:00,0.0
2019-08-30 19:00:00,0.0
2019-08-30 20:00:00,0.0
2019-08-30 21:00:00,0.0
2019-08-30 22:00:00,0.0
2019-08-30 23:00:00,0.0
2019-08-31 00:00:00,0.0
2019-08-31 01:00:00,0.0
2019-08-31 02:00:00,0.0
2019-08-31 03:00:00,0.0
2019-08-31 04:00:00,0.0
2019-08-31 05:00:00,7.03
2019-08-31 06:00:00,86.65
2019-08-31 07:00:00,238.35
2019-08-31 08:00:00,405.55
2019-08-31 09:00:00,540.47
2019-08-31 10:00:00,442.73
2019-08-31 11:00:00,390.88
2019-08-31 12:00:00,334.48
2019-08-31 13:00:00,293.17
2019-08-31 14:00:00,245.48
2019-08-31 15:00:00,211.57
2019-08-31 16:00:00,89.43
2019-08-31 17:00:00,13.05
2019-08-31 18:00:00,0.0
2019-08-31 19:00:00,0.0
2019-08-31 20:00:00,0.0
2019-08-31 21:00:00,0.0
2019-08-31 22:00:00,0.0
2019-08-31 23:00:00,0.0
2019-09-01 00:00:00,0.0
2019-09-01 01:00:00,0.0
2019-09-01 02:00:00,0.0
2019-09-01 03:00:00,0.0
2019-09-01 04:00:00,0.0
2019-09-01 05:00:00,2.95
2019-09-01 06:00:00,59.15
2019-09-01 07:00:00,139.38
2019-09-01 08:00:00,242.15
2019-09-01 09:00:00,342.0
2019-09-01 10:00:00,459.08
2019-09-01 11:00:00,531.15
2019-09-01 12:00:00,475.15
2019-09-01 13:00:00,426.23
2019-09-01 14:00:00,287.73
2019-09-01 15:00:00,169.27
2019-09-01 16:00:00,99.57
2019-09-01 17:00:00,15.6
2019-09-01 18:00:00,0.0
2019-09-01 19:00:00,0.0
2019-09-01 20:00:00,0.0
2019-09-01 21:00:00,0.0
2019-09-01 22:00:00,0.0
2019-09-01 23:00:00,0.0
2019-09-02 00:00:00,0.0
2019-09-02 01:00:00,0.0
2019-09-02 02:00:00,0.0
2019-09-02 03:00:00,0.0
2019-09-02 04:00:00,0.0
2019-09-02 05:00:00,4.78
2019-09-02 06:00:00,77.6
2019-09-02 07:00:00,204.68
2019-09-02 08:00:00,354.75
2019-09-02 09:00:00,437.4
2019-09-02 10:00:00,532.53
2019-09-02 11:00:00,641.9
2019-09-02 12:00:00,698.6
2019-09-02 13:00:00,573.72
2019-09-02 14:00:00,423.15
2019-09-02 15:00:00,275.05
2019-09-02 16:00:00,118.65
2019-09-02 17:00:00,16.1
2019-09-02 18:00:00,0.0
2019-09-02 19:00:00,0.0
2019-09-02 20:00:00,0.0
2019-09-02 21:00:00,0.0
2019-09-02 22:00:00,0.0
2019-09-02 23:00:00,0.0
2019-09-03 00:00:00,0.0
2019-09-03 01:00:00,0.0
2019-09-03 02:00:00,0.0
2019-09-03 03:00:00,0.0
2019-09-03 04:00:00,0.0
2019-09-03 05:00:00,5.47
2019-09-03 06:00:00,72.18
2019-09-03 07:00:00,168.57
2019-09-03 08:00:00,324.35
2019-09-03 09:00:00,389.15
2019-09-03 10:00:00,568.15
2019-09-03 11:00:00,595.15
2019-09-03 12:00:00,511.27
2019-09-03 13:00:00,502.05
2019-09-03 14:00:00,413.7
2019-09-03 15:00:00,284.27
2019-09-03 16:00:00,118.45
2019-09-03 17:00:00,11.77
2019-09-03 18:00:00,0.0
2019-09-03 19:00:00,0.0
2019-09-03 20:00:00,0.0
2019-09-03 21:00:00,0.0
2019-09-03 22:00:00,0.0
2019-09-03 23:00:00,0.0
2019-09-04 00:00:00,0.0
2019-09-04 01:00:00,0.0
2019-09-04 02:00:00,0.0
2019-09-04 03:00:00,0.0
2019-09-04 04:00:00,0.0
2019-09-04 05:00:00,5.47
2019-09-04 06:00:00,106.93
2019-09-04 07:00:00,244.9
2019-09-04 08:00:00,407.4
2019-09-04 09:00:00,532.1
2019-09-04 10:00:00,621.88
2019-09-04 11:00:00,667.65
2019-09-04 12:00:00,531.0
2019-09-04 13:00:00,484.38
2019-09-04 14:00:00,507.23
2019-09-04 15:00:00,355.98
2019-09-04 16:00:00,155.9
2019-09-04 17:00:00,18.48
2019-09-04 18:00:00,0.0
2019-09-04 19:00:00,0.0
2019-09-04 20:00:00,0.0
2019-09-04 21:00:00,0.0
2019-09-04 22:00:00,0.0
2019-09-04 23:00:00,0.0
2019-09-05 00:00:00,0.0
2019-09-05 01:00:00,0.0
2019-09-05 02:00:00,0.0
2019-09-05 03:00:00,0.0
2019-09-05 04:00:00,0.0
2019-09-05 05:00:00,7.22
2019-09-05 06:00:00,108.85
2019-09-05 07:00:00,267.3
2019-09-05 08:00:00,436.23
2019-09-05 09:00:00,633.35
2019-09-05 10:00:00,639.7
2019-09-05 11:00:00,791.6
2019-09-05 12:00:00,730.97
2019-09-05 13:00:00,657.72
2019-09-05 14:00:00,467.15
2019-09-05 15:00:00,282.85
2019-09-05 16:00:00,122.43
2019-09-05 17:00:00,14.65
2019-09-05 18:00:00,0.0
2019-09-05 19:00:00,0.0
2019-09-05 20:00:00,0.0
2019-09-05 21:00:00,0.0
2019-09-05 22:00:00,0.0
2019-09-05 23:00:00,0.0
2019-09-06 00:00:00,0.0
2019-09-06 01:00:00,0.0
2019-09-06 02:00:00,0.0
2019-09-06 03:00:00,0.0
2019-09-06 04:00:00,0.0
2019-09-06 05:00:00,7.22
2019-09-06 06:00:00,125.72
2019-09-06 07:00:00,304.38
2019-09-06 08:00:00,492.65
2019-09-06 09:00:00,666.28
2019-09-06 10:00:00,755.33
2019-09-06 11:00:00,773.03
2019-09-06 12:00:00,728.3
2019-09-06 13:00:00,640.42
2019-09-06 14:00:00,495.5
2019-09-06 15:00:00,325.83
2019-09-06 16:00:00,140.9
2019-09-06 17:00:00,15.77
2019-09-06 18:00:00,0.0
2019-09-06 19:00:00,0.0
2019-09-06 20:00:00,0.0
2019-09-06 21:00:00,0.0
2019-09-06 22:00:00,0.0
2019-09-06 23:00:00,0.0
2019-09-07 00:00:00,0.0
2019-09-07 01:00:00,0.0
2019-09-07 02:00:00,0.0
2019-09-07 03:00:00,0.0
2019-09-07 04:00:00,0.0
2019-09-07 05:00:00,7.78
2019-09-07 06:00:00,98.75
2019-09-07 07:00:00,258.67
2019-09-07 08:00:00,430.8
2019-09-07 09:00:00,566.88
2019-09-07 10:00:00,737.3
2019-09-07 11:00:00,776.12
2019-09-07 12:00:00,717.62
2019-09-07 13:00:00,628.92
2019-09-07 14:00:00,469.33
2019-09-07 15:00:00,298.95
2019-09-07 16:00:00,124.5
2019-09-07 17:00:00,15.02
2019-09-07 18:00:00,0.0
2019-09-07 19:00:00,0.0
2019-09-07 20:00:00,0.0
2019-09-07 21:00:00,0.0
2019-09-07 22:00:00,0.0
2019-09-07 23:00:00,0.0
2019-09-08 00:00:00,0.0
2019-09-08 01:00:00,0.0
2019-09-08 02:00:00,0.0
2019-09-08 03:00:00,0.0
2019-09-08 04:00:00,0.0
2019-09-08 05:00:00,7.65
2019-09-08 06:00:00,126.55
2019-09-08 07:00:00,318.9
2019-09-08 08:00:00,519.12
2019-09-08 09:00:00,695.7
2019-09-08 10:00:00,723.83
2019-09-08 11:00:00,801.62
2019-09-08 12:00:00,822.25
2019-09-08 13:00:00,722.83
2019-09-08 14:00:00,529.12
2019-09-08 15:00:00,387.15
2019-09-08 16:00:00,178.85
2019-09-08 17:00:00,20.73
2019-09-08 18:00:00,0.0
2019-09-08 19:00:00,0.0
2019-09-08 20:00:00,0.0
2019-09-08 21:00:00,0.0
2019-09-08 22:00:00,0.0
2019-09-08 23:00:00,0.0
2019-09-09 00:00:00,0.0
2019-09-09 01:00:00,0.0
2019-09-09 02:00:00,0.0
2019-09-09 03:00:00,0.0
2019-09-09 04:00:00,0.0
2019-09-09 05:00:00,8.07
2019-09-09 06:00:00,116.75
2019-09-09 07:00:00,308.45
2019-09-09 08:00:00,510.83
2019-09-09 09:00:00,708.47
2019-09-09 10:00:00,850.42
2019-09-09 11:00:00,820.9
2019-09-09 12:00:00,786.3
2019-09-09 13:00:00,640.28
2019-09-09 14:00:00,479.15
2019-09-09 15:00:00,292.88
2019-09-09 16:00:00,130.32
2019-09-09 17:00:00,13.45
2019-09-09 18:00:00,0.0
2019-09-09 19:00:00,0.0
2019-09-09 20:00:00,0.0
2019-09-09 21:00:00,0.0
2019-09-09 22:00:00,0.0
2019-09-09 23:00:00,0.0
2019-09-10 00:00:00,0.0
2019-09-10 01:00:00,0.0
2019-09-10 02:00:00,0.0
2019-09-10 03:00:00,0.0
2019-09-10 04:00:00,0.0
2019-09-10 05:00:00,3.97
2019-09-10 06:00:00,117.6
2019-09-10 07:00:00,279.05
2019-09-10 08:00:00,446.1
2019-09-10 09:00:00,576.8
2019-09-10 10:00:00,769.7
2019-09-10 11:00:00,824.55
2019-09-10 12:00:00,807.72
2019-09-10 13:00:00,728.17
2019-09-10 14:00:00,623.25
2019-09-10 15:00:00,399.88
2019-09-10 16:00:00,168.95
2019-09-10 17:00:00,17.55
2019-09-10 18:00:00,0.0
2019-09-10 19:00:00,0.0
2019-09-10 20:00:00,0.0
2019-09-10 21:00:00,0.0
2019-09-10 22:00:00,0.0
2019-09-10 23:00:00,0.0
2019-09-11 00:00:00,0.0
2019-09-11 01:00:00,0.0
2019-09-11 02:00:00,0.0
2019-09-11 03:00:00,0.0
2019-09-11 04:00:00,0.0
2019-09-11 05:00:00,3.15
2019-09-11 06:00:00,71.65
2019-09-11 07:00:00,166.18
2019-09-11 08:00:00,302.05
2019-09-11 09:00:00,409.08
2019-09-11 10:00:00,544.17
2019-09-11 11:00:00,624.88
2019-09-11 12:00:00,556.33
2019-09-11 13:00:00,552.85
2019-09-11 14:00:00,469.45
2019-09-11 15:00:00,297.77
2019-09-11 16:00:00,117.38
2019-09-11 17:00:00,13.52
2019-09-11 18:00:00,0.0
2019-09-11 19:00:00,0.0
2019-09-11 20:00:00,0.0
2019-09-11 21:00:00,0.0
2019-09-11 22:00:00,0.0
2019-09-11 23:00:00,0.0
2019-09-12 00:00:00,0.0
2019-09-12 01:00:00,0.0
2019-09-12 02:00:00,0.0
2019-09-12 03:00:00,0.0
2019-09-12 04:00:00,0.0
2019-09-12 05:00:00,6.55
2019-09-12 06:00:00,124.65
2019-09-12 07:00:00,299.3
2019-09-12 08:00:00,487.5
2019-09-12 09:00:00,721.08
2019-09-12 10:00:00,789.3
2019-09-12 11:00:00,921.95
2019-09-12 12:00:00,839.8
2019-09-12 13:00:00,750.58
2019-09-12 14:00:00,548.42
2019-09-12 15:00:00,349.8
2019-09-12 16:00:00,151.45
2019-09-12 17:00:00,16.67
2019-09-12 18:00:00,0.0
2019-09-12 19:00:00,0.0
2019-09-12 20:00:00,0.0
2019-09-12 21:00:00,0.0
2019-09-12 22:00:00,0.0
2019-09-12 23:00:00,0.0
2019-09-13 00:00:00,0.0
2019-09-13 01:00:00,0.0
2019-09-13 02:00:00,0.0
2019-09-13 03:00:00,0.0
2019-09-13 04:00:00,0.0
2019-09-13 05:00:00,5.62
2019-09-13 06:00:00,102.95
2019-09-13 07:00:00,241.43
2019-09-13 08:00:00,379.23
2019-09-13 09:00:00,537.08
2019-09-13 10:00:00,626.0
2019-09-13 11:00:00,790.08
2019-09-13 12:00:00,795.58
2019-09-13 13:00:00,716.05
2019-09-13 14:00:00,609.35
2019-09-13 15:00:00,389.12
2019-09-13 16:00:00,164.05
2019-09-13 17:00:00,14.7
2019-09-13 18:00:00,0.0
2019-09-13 19:00:00,0.0
2019-09-13 20:00:00,0.0
2019-09-13 21:00:00,0.0
2019-09-13 22:00:00,0.0
2019-09-13 23:00:00,0.0
2019-09-14 00:00:00,0.0
2019-09-14 01:00:00,0.0
2019-09-14 02:00:00,0.0
2019-09-14 03:00:00,0.0
2019-09-14 04:00:00,0.0
2019-09-14 05:00:00,6.65
2019-09-14 06:00:00,129.77
2019-09-14 07:00:00,325.58
2019-09-14 08:00:00,545.75
2019-09-14 09:00:00,768.12
2019-09-14 10:00:00,864.2
2019-09-14 11:00:00,921.83
2019-09-14 12:00:00,867.8
2019-09-14 13:00:00,785.88
2019-09-14 14:00:00,628.88
2019-09-14 15:00:00,305.12
2019-09-14 16:00:00,177.6
2019-09-14 17:00:00,16.25
2019-09-14 18:00:00,0.0
2019-09-14 19:00:00,0.0
2019-09-14 20:00:00,0.0
2019-09-14 21:00:00,0.0
2019-09-14 22:00:00,0.0
2019-09-14 23:00:00,0.0
2019-09-15 00:00:00,0.0
2019-09-15 01:00:00,0.0
2019-09-15 02:00:00,0.0
2019-09-15 03:00:00,0.0
2019-09-15 04:00:00,0.0
2019-09-15 05:00:00,7.6
2019-09-15 06:00:00,128.62
2019-09-15 07:00:00,332.73
2019-09-15 08:00:00,550.17
2019-09-15 09:00:00,752.58
2019-09-15 10:00:00,867.12
2019-09-15 11:00:00,929.28
2019-09-15 12:00:00,900.85
2019-09-15 13:00:00,754.53
2019-09-15 14:00:00,566.3
2019-09-15 15:00:00,356.52
2019-09-15 16:00:00,151.05
2019-09-15 17:00:00,14.82
2019-09-15 18:00:00,0.0
2019-09-15 19:00:00,0.0
2019-09-15 20:00:00,0.0
2019-09-15 21:00:00,0.0
2019-09-15 22:00:00,0.0
2019-09-15 23:00:00,0.0
2019-09-16 00:00:00,0.0
2019-09-16 01:00:00,0.0
2019-09-16 02:00:00,0.0
2019-09-16 03:00:00,0.0
2019-09-16 04:00:00,0.0
2019-09-16 05:00:00,6.45
2019-09-16 06:00:00,114.25
2019-09-16 07:00:00,279.5
2019-09-16 08:00:00,423.55
2019-09-16 09:00:00,577.7
2019-09-16 10:00:00,787.88
2019-09-16 11:00:00,886.12
2019-09-16 12:00:00,811.72
2019-09-16 13:00:00,767.9
2019-09-16 14:00:00,578.03
2019-09-16 15:00:00,360.12
2019-09-16 16:00:00,154.12
2019-09-16 17:00:00,14.38
2019-09-16 18:00:00,0.0
2019-09-16 19:00:00,0.0
2019-09-16 20:00:00,0.0
2019-09-16 21:00:00,0.0
2019-09-16 22:00:00,0.0
2019-09-16 23:00:00,0.0
2019-09-17 00:00:00,0.0
2019-09-17 01:00:00,0.0
2019-09-17 02:00:00,0.0
2019-09-17 03:00:00,0.0
2019-09-17 04:00:00,0.0
2019-09-17 05:00:00,3.65
2019-09-17 06:00:00,94.7
2019-09-17 07:00:00,229.38
2019-09-17 08:00:00,368.23
2019-09-17 09:00:00,488.6
2019-09-17 10:00:00,435.98
2019-09-17 11:00:00,468.62
2019-09-17 12:00:00,577.8
2019-09-17 13:00:00,498.75
2019-09-17 14:00:00,415.15
2019-09-17 15:00:00,241.0
2019-09-17 16:00:00,106.93
2019-09-17 17:00:00,9.85
2019-09-17 18:00:00,0.0
2019-09-17 19:00:00,0.0
2019-09-17 20:00:00,0.0
2019-09-17 21:00:00,0.0
2019-09-17 22:00:00,0.0
2019-09-17 23:00:00,0.0
2019-09-18 00:00:00,0.0
2019-09-18 01:00:00,0.0
2019-09-18 02:00:00,0.0
2019-09-18 03:00:00,0.0
2019-09-18 04:00:00,0.0
2019-09-18 05:00:00,6.05
2019-09-18 06:00:00,76.4
2019-09-18 07:00:00,177.95
2019-09-18 08:00:00,244.15
2019-09-18 09:00:00,381.92
2019-09-18 10:00:00,408.52
2019-09-18 11:00:00,385.15
2019-09-18 12:00:00,453.4
2019-09-18 13:00:00,355.15
2019-09-18 14:00:00,311.55
2019-09-18 15:00:00,190.27
2019-09-18 16:00:00,96.8
2019-09-18 17:00:00,9.68
2019-09-18 18:00:00,0.0
2019-09-18 19:00:00,0.0
2019-09-18 20:00:00,0.0
2019-09-18 21:00:00,0.0
2019-09-18 22:00:00,0.0
2019-09-18 23:00:00,0.0
2019-09-19 00:00:00,0.0
2019-09-19 01:00:00,0.0
2019-09-19 02:00:00,0.0
2019-09-19 03:00:00,0.0
2019-09-19 04:00:00,0.0
2019-09-19 05:00:00,1.75
2019-09-19 06:00:00,15.8
2019-09-19 07:00:00,30.62
2019-09-19 08:00:00,57.1
2019-09-19 09:00:00,146.77
2019-09-19 10:00:00,218.8
2019-09-19 11:00:00,330.23
2019-09-19 12:00:00,472.55
2019-09-19 13:00:00,476.92
2019-09-19 14:00:00,344.33
2019-09-19 15:00:00,225.8
2019-09-19 16:00:00,98.65
2019-09-19 17:00:00,9.95
2019-09-19 18:00:00,0.0
2019-09-19 19:00:00,0.0
2019-09-19 20:00:00,0.0
2019-09-19 21:00:00,0.0
2019-09-19 22:00:00,0.0
2019-09-19 23:00:00,0.0
2019-09-20 00:00:00,0.0
2019-09-20 01:00:00,0.0
2019-09-20 02:00:00,0.0
2019-09-20 03:00:00,0.0
2019-09-20 04:00:00,0.0
2019-09-20 05:00:00,5.97
2019-09-20 06:00:00,66.75
2019-09-20 07:00:00,203.2
2019-09-20 08:00:00,322.95
2019-09-20 09:00:00,420.4
2019-09-20 10:00:00,435.65
2019-09-20 11:00:00,461.6
2019-09-20 12:00:00,574.15
2019-09-20 13:00:00,511.27
2019-09-20 14:00:00,399.0
2019-09-20 15:00:00,231.5
2019-09-20 16:00:00,96.03
2019-09-20 17:00:00,10.3
2019-09-20 18:00:00,0.0
2019-09-20 19:00:00,0.0
2019-09-20 20:00:00,0.0
2019-09-20 21:00:00,0.0
2019-09-20 22:00:00,0.0
2019-09-20 23:00:00,0.0
2019-09-21 00:00:00,0.0
2019-09-21 01:00:00,0.0
2019-09-21 02:00:00,0.0
2019-09-21 03:00:00,0.0
2019-09-21 04:00:00,0.0
2019-09-21 05:00:00,8.8
2019-09-21 06:00:00,127.1
2019-09-21 07:00:00,325.48
2019-09-21 08:00:00,492.35
2019-09-21 09:00:00,618.22
2019-09-21 10:00:00,681.72
2019-09-21 11:00:00,770.85
2019-09-21 12:00:00,760.28
2019-09-21 13:00:00,696.72
2019-09-21 14:00:00,530.85
2019-09-21 15:00:00,336.67
2019-09-21 16:00:00,143.93
2019-09-21 17:00:00,11.5
2019-09-21 18:00:00,0.0
2019-09-21 19:00:00,0.0
2019-09-21 20:00:00,0.0
2019-09-21 21:00:00,0.0
2019-09-21 22:00:00,0.0
2019-09-21 23:00:00,0.0
2019-09-22 00:00:00,0.0
2019-09-22 01:00:00,0.0
2019-09-22 02:00:00,0.0
2019-09-22 03:00:00,0.0
2019-09-22 04:00:00,0.0
2019-09-22 05:00:00,8.18
2019-09-22 06:00:00,97.88
2019-09-22 07:00:00,200.8
2019-09-22 08:00:00,280.15
2019-09-22 09:00:00,410.0
2019-09-22 10:00:00,579.38
2019-09-22 11:00:00,688.72
2019-09-22 12:00:00,716.72
2019-09-22 13:00:00,646.7
2019-09-22 14:00:00,520.2
2019-09-22 15:00:00,319.3
2019-09-22 16:00:00,128.3
2019-09-22 17:00:00,10.85
2019-09-22 18:00:00,0.0
2019-09-22 19:00:00,0.0
2019-09-22 20:00:00,0.0
2019-09-22 21:00:00,0.0
2019-09-22 22:00:00,0.0
2019-09-22 23:00:00,0.0
2019-09-23 00:00:00,0.0
2019-09-23 01:00:00,0.0
2019-09-23 02:00:00,0.0
2019-09-23 03:00:00,0.0
2019-09-23 04:00:00,0.0
2019-09-23 05:00:00,7.55
2019-09-23 06:00:00,105.75
2019-09-23 07:00:00,293.85
2019-09-23 08:00:00,538.05
2019-09-23 09:00:00,688.78
2019-09-23 10:00:00,687.72
2019-09-23 11:00:00,882.0
2019-09-23 12:00:00,828.05
2019-09-23 13:00:00,744.22
2019-09-23 14:00:00,588.45
2019-09-23 15:00:00,372.88
2019-09-23 16:00:00,153.52
2019-09-23 17:00:00,10.77
2019-09-23 18:00:00,0.0
2019-09-23 19:00:00,0.0
2019-09-23 20:00:00,0.0
2019-09-23 21:00:00,0.0
2019-09-23 22:00:00,0.0
2019-09-23 23:00:00,0.0
2019-09-24 00:00:00,0.0
2019-09-24 01:00:00,0.0
2019-09-24 02:00:00,0.0
2019-09-24 03:00:00,0.0
2019-09-24 04:00:00,0.0
2019-09-24 05:00:00,7.68
2019-09-24 06:00:00,96.1
2019-09-24 07:00:00,235.55
2019-09-24 08:00:00,403.55
2019-09-24 09:00:00,593.25
2019-09-24 10:00:00,733.3
2019-09-24 11:00:00,740.03
2019-09-24 12:00:00,687.55
2019-09-24 13:00:00,563.25
2019-09-24 14:00:00,452.08
2019-09-24 15:00:00,263.33
2019-09-24 16:00:00,97.15
2019-09-24 17:00:00,7.45
2019-09-24 18:00:00,0.0
2019-09-24 19:00:00,0.0
2019-09-24 20:00:00,0.0
2019-09-24 21:00:00,0.0
2019-09-24 22:00:00,0.0
2019-09-24 23:00:00,0.0
2019-09-25 00:00:00,0.0
2019-09-25 01:00:00,0.0
2019-09-25 02:00:00,0.0
2019-09-25 03:00:00,0.0
2019-09-25 04:00:00,0.0
2019-09-25 05:00:00,6.85
2019-09-25 06:00:00,85.57
2019-09-25 07:00:00,185.45
2019-09-25 08:00:00,381.08
2019-09-25 09:00:00,522.4
2019-09-25 10:00:00,687.65
2019-09-25 11:00:00,719.58
2019-09-25 12:00:00,751.78
2019-09-25 13:00:00,609.72
2019-09-25 14:00:00,408.88
2019-09-25 15:00:00,245.43
2019-09-25 16:00:00,102.78
2019-09-25 17:00:00,9.25
2019-09-25 18:00:00,0.0
2019-09-25 19:00:00,0.0
2019-09-25 20:00:00,0.0
2019-09-25 21:00:00,0.0
2019-09-25 22:00:00,0.0
2019-09-25 23:00:00,0.0
2019-09-26 00:00:00,0.0
2019-09-26 01:00:00,0.0
2019-09-26 02:00:00,0.0
2019-09-26 03:00:00,0.0
2019-09-26 04:00:00,0.0
2019-09-26 05:00:00,7.9
2019-09-26 06:00:00,113.25
2019-09-26 07:00:00,299.35
2019-09-26 08:00:00,495.88
2019-09-26 09:00:00,663.5
2019-09-26 10:00:00,738.88
2019-09-26 11:00:00,846.9
2019-09-26 12:00:00,831.95
2019-09-26 13:00:00,723.17
2019-09-26 14:00:00,591.95
2019-09-26 15:00:00,377.3
2019-09-26 16:00:00,153.32
2019-09-26 17:00:00,9.95
2019-09-26 18:00:00,0.0
2019-09-26 19:00:00,0.0
2019-09-26 20:00:00,0.0
2019-09-26 21:00:00,0.0
2019-09-26 22:00:00,0.0
2019-09-26 23:00:00,0.0
2019-09-27 00:00:00,0.0
2019-09-27 01:00:00,0.0
2019-09-27 02:00:00,0.0
2019-09-27 03:00:00,0.0
2019-09-27 04:00:00,0.0
2019-09-27 05:00:00,10.18
2019-09-27 06:00:00,149.02
2019-09-27 07:00:00,364.12
2019-09-27 08:00:00,583.05
2019-09-27 09:00:00,745.35
2019-09-27 10:00:00,805.65
2019-09-27 11:00:00,916.03
2019-09-27 12:00:00,868.53
2019-09-27 13:00:00,714.17
2019-09-27 14:00:00,469.85
2019-09-27 15:00:00,323.58
2019-09-27 16:00:00,128.55
2019-09-27 17:00:00,8.25
2019-09-27 18:00:00,0.0
2019-09-27 19:00:00,0.0
2019-09-27 20:00:00,0.0
2019-09-27 21:00:00,0.0
2019-09-27 22:00:00,0.0
2019-09-27 23:00:00,0.0
2019-09-28 00:00:00,0.0
2019-09-28 01:00:00,0.0
2019-09-28 02:00:00,0.0
2019-09-28 03:00:00,0.0
2019-09-28 04:00:00,0.0
2019-09-28 05:00:00,9.98
2019-09-28 06:00:00,149.57
2019-09-28 07:00:00,368.7
2019-09-28 08:00:00,577.35
2019-09-28 09:00:00,728.58
2019-09-28 10:00:00,819.08
2019-09-28 11:00:00,844.28
2019-09-28 12:00:00,783.97
2019-09-28 13:00:00,698.28
2019-09-28 14:00:00,534.9
2019-09-28 15:00:00,338.08
2019-09-28 16:00:00,131.02
2019-09-28 17:00:00,8.07
2019-09-28 18:00:00,0.0
2019-09-28 19:00:00,0.0
2019-09-28 20:00:00,0.0
2019-09-28 21:00:00,0.0
2019-09-28 22:00:00,0.0
2019-09-28 23:00:00,0.0
2019-09-29 00:00:00,0.0
2019-09-29 01:00:00,0.0
2019-09-29 02:00:00,0.0
2019-09-29 03:00:00,0.0
2019-09-29 04:00:00,0.0
2019-09-29 05:00:00,9.02
2019-09-29 06:00:00,127.8
2019-09-29 07:00:00,321.3
2019-09-29 08:00:00,496.0
2019-09-29 09:00:00,699.4
2019-09-29 10:00:00,811.42
2019-09-29 11:00:00,850.58
2019-09-29 12:00:00,839.53
2019-09-29 13:00:00,700.95
2019-09-29 14:00:00,545.3
2019-09-29 15:00:00,332.15
2019-09-29 16:00:00,122.85
2019-09-29 17:00:00,7.55
2019-09-29 18:00:00,0.0
2019-09-29 19:00:00,0.0
2019-09-29 20:00:00,0.0
2019-09-29 21:00:00,0.0
2019-09-29 22:00:00,0.0
2019-09-29 23:00:00,0.0
2019-09-30 00:00:00,0.0
2019-09-30 01:00:00,0.0
2019-09-30 02:00:00,0.0
2019-09-30 03:00:00,0.0
2019-09-30 04:00:00,0.0
2019-09-30 05:00:00,9.9
2019-09-30 06:00:00,126.28
2019-09-30 07:00:00,330.0
2019-09-30 08:00:00,520.3
2019-09-30 09:00:00,637.95
2019-09-30 10:00:00,805.25
2019-09-30 11:00:00,878.42
2019-09-30 12:00:00,863.97
2019-09-30 13:00:00,657.1
2019-09-30 14:00:00,539.53
2019-09-30 15:00:00,388.17
2019-09-30 16:00:00,156.35
2019-09-30 17:00:00,7.9
2019-09-30 18:00:00,0.0
2019-09-30 19:00:00,0.0
2019-09-30 20:00:00,0.0
2019-09-30 21:00:00,0.0
2019-09-30 22:00:00,0.0
2019-09-30 23:00:00,0.0
2019-10-01 00:00:00,0.0
2019-10-01 01:00:00,0.0
2019-10-01 02:00:00,0.0
2019-10-01 03:00:00,0.0
2019-10-01 04:00:00,0.0
2019-10-01 05:00:00,10.18
2019-10-01 06:00:00,152.88
2019-10-01 07:00:00,377.05
2019-10-01 08:00:00,583.83
2019-10-01 09:00:00,771.95
2019-10-01 10:00:00,862.12
2019-10-01 11:00:00,800.67
2019-10-01 12:00:00,747.2
2019-10-01 13:00:00,774.83
2019-10-01 14:00:00,534.78
2019-10-01 15:00:00,395.48
2019-10-01 16:00:00,154.07
2019-10-01 17:00:00,7.35
2019-10-01 18:00:00,0.0
2019-10-01 19:00:00,0.0
2019-10-01 20:00:00,0.0
2019-10-01 21:00:00,0.0
2019-10-01 22:00:00,0.0
2019-10-01 23:00:00,0.0
2019-10-02 00:00:00,0.0
2019-10-02 01:00:00,0.0
2019-10-02 02:00:00,0.0
2019-10-02 03:00:00,0.0
2019-10-02 04:00:00,0.0
2019-10-02 05:00:00,10.7
2019-10-02 06:00:00,154.98
2019-10-02 07:00:00,374.0
2019-10-02 08:00:00,602.47
2019-10-02 09:00:00,782.28
2019-10-02 10:00:00,824.42
2019-10-02 11:00:00,836.7
2019-10-02 12:00:00,872.42
2019-10-02 13:00:00,727.3
2019-10-02 14:00:00,546.75
2019-10-02 15:00:00,306.4
2019-10-02 16:00:00,145.23
2019-10-02 17:00:00,7.9
2019-10-02 18:00:00,0.0
2019-10-02 19:00:00,0.0
2019-10-02 20:00:00,0.0
2019-10-02 21:00:00,0.0
2019-10-02 22:00:00,0.0
2019-10-02 23:00:00,0.0
2019-10-03 00:00:00,0.0
2019-10-03 01:00:00,0.0
2019-10-03 02:00:00,0.0
2019-10-03 03:00:00,0.0
2019-10-03 04:00:00,0.0
2019-10-03 05:00:00,12.23
2019-10-03 06:00:00,175.02
2019-10-03 07:00:00,405.62
2019-10-03 08:00:00,623.12
2019-10-03 09:00:00,739.72
2019-10-03 10:00:00,910.1
2019-10-03 11:00:00,927.65
2019-10-03 12:00:00,874.15
2019-10-03 13:00:00,794.65
2019-10-03 14:00:00,555.3
2019-10-03 15:00:00,394.17
2019-10-03 16:00:00,161.62
2019-10-03 17:00:00,7.38
2019-10-03 18:00:00,0.0
2019-10-03 19:00:00,0.0
2019-10-03 20:00:00,0.0
2019-10-03 21:00:00,0.0
2019-10-03 22:00:00,0.0
2019-10-03 23:00:00,0.0
2019-10-04 00:00:00,0.0
2019-10-04 01:00:00,0.0
2019-10-04 02:00:00,0.0
2019-10-04 03:00:00,0.0
2019-10-04 04:00:00,0.0
2019-10-04 05:00:00,11.52
2019-10-04 06:00:00,159.48
2019-10-04 07:00:00,346.2
2019-10-04 08:00:00,580.83
2019-10-04 09:00:00,770.65
2019-10-04 10:00:00,872.62
2019-10-04 11:00:00,746.8
2019-10-04 12:00:00,712.67
2019-10-04 13:00:00,736.9
2019-10-04 14:00:00,522.62
2019-10-04 15:00:00,389.75
2019-10-04 16:00:00,146.32
2019-10-04 17:00:00,6.28
2019-10-04 18:00:00,0.0
2019-10-04 19:00:00,0.0
2019-10-04 20:00:00,0.0
2019-10-04 21:00:00,0.0
2019-10-04 22:00:00,0.0
2019-10-04 23:00:00,0.0
2019-10-05 00:00:00,0.0
2019-10-05 01:00:00,0.0
2019-10-05 02:00:00,0.0
2019-10-05 03:00:00,0.0
2019-10-05 04:00:00,0.0
2019-10-05 05:00:00,10.75
2019-10-05 06:00:00,160.35
2019-10-05 07:00:00,382.95
2019-10-05 08:00:00,592.4
2019-10-05 09:00:00,761.92
2019-10-05 10:00:00,867.08
2019-10-05 11:00:00,890.1
2019-10-05 12:00:00,843.05
2019-10-05 13:00:00,755.8
2019-10-05 14:00:00,592.03
2019-10-05 15:00:00,309.3
2019-10-05 16:00:00,71.05
2019-10-05 17:00:00,6.38
2019-10-05 18:00:00,0.0
2019-10-05 19:00:00,0.0
2019-10-05 20:00:00,0.0
2019-10-05 21:00:00,0.0
2019-10-05 22:00:00,0.0
2019-10-05 23:00:00,0.0
2019-10-06 00:00:00,0.0
2019-10-06 01:00:00,0.0
2019-10-06 02:00:00,0.0
2019-10-06 03:00:00,0.0
2019-10-06 04:00:00,0.0
2019-10-06 05:00:00,11.3
2019-10-06 06:00:00,166.25
2019-10-06 07:00:00,390.5
2019-10-06 08:00:00,589.97
2019-10-06 09:00:00,759.1
2019-10-06 10:00:00,807.12
2019-10-06 11:00:00,897.28
2019-10-06 12:00:00,843.42
2019-10-06 13:00:00,747.05
2019-10-06 14:00:00,565.35
2019-10-06 15:00:00,356.2
2019-10-06 16:00:00,136.68
2019-10-06 17:00:00,5.85
2019-10-06 18:00:00,0.0
2019-10-06 19:00:00,0.0
2019-10-06 20:00:00,0.0
2019-10-06 21:00:00,0.0
2019-10-06 22:00:00,0.0
2019-10-06 23:00:00,0.0
2019-10-07 00:00:00,0.0
2019-10-07 01:00:00,0.0
2019-10-07 02:00:00,0.0
2019-10-07 03:00:00,0.0
2019-10-07 04:00:00,0.0
2019-10-07 05:00:00,11.23
2019-10-07 06:00:00,162.5
2019-10-07 07:00:00,389.2
2019-10-07 08:00:00,614.12
2019-10-07 09:00:00,781.83
2019-10-07 10:00:00,889.33
2019-10-07 11:00:00,798.9
2019-10-07 12:00:00,897.15
2019-10-07 13:00:00,717.7
2019-10-07 14:00:00,519.33
2019-10-07 15:00:00,315.45
2019-10-07 16:00:00,124.72
2019-10-07 17:00:00,5.62
2019-10-07 18:00:00,0.0
2019-10-07 19:00:00,0.0
2019-10-07 20:00:00,0.0
2019-10-07 21:00:00,0.0
2019-10-07 22:00:00,0.0
2019-10-07 23:00:00,0.0
2019-10-08 00:00:00,0.0
2019-10-08 01:00:00,0.0
2019-10-08 02:00:00,0.0
2019-10-08 03:00:00,0.0
2019-10-08 04:00:00,0.0
2019-10-08 05:00:00,11.3
2019-10-08 06:00:00,172.07
2019-10-08 07:00:00,400.75
2019-10-08 08:00:00,611.62
2019-10-08 09:00:00,784.95
2019-10-08 10:00:00,807.53
2019-10-08 11:00:00,920.12
2019-10-08 12:00:00,837.25
2019-10-08 13:00:00,722.85
2019-10-08 14:00:00,558.8
2019-10-08 15:00:00,341.12
2019-10-08 16:00:00,120.85
2019-10-08 17:00:00,4.65
2019-10-08 18:00:00,0.0
2019-10-08 19:00:00,0.0
2019-10-08 20:00:00,0.0
2019-10-08 21:00:00,0.0
2019-10-08 22:00:00,0.0
2019-10-08 23:00:00,0.0
2019-10-09 00:00:00,0.0
2019-10-09 01:00:00,0.0
2019-10-09 02:00:00,0.0
2019-10-09 03:00:00,0.0
2019-10-09 04:00:00,0.0
2019-10-09 05:00:00,10.68
2019-10-09 06:00:00,156.32
2019-10-09 07:00:00,368.58
2019-10-09 08:00:00,554.6
2019-10-09 09:00:00,723.2
2019-10-09 10:00:00,838.03
2019-10-09 11:00:00,888.12
2019-10-09 12:00:00,833.2
2019-10-09 13:00:00,754.28
2019-10-09 14:00:00,484.98
2019-10-09 15:00:00,285.17
2019-10-09 16:00:00,79.43
2019-10-09 17:00:00,4.62
2019-10-09 18:00:00,0.0
2019-10-09 19:00:00,0.0
2019-10-09 20:00:00,0.0
2019-10-09 21:00:00,0.0
2019-10-09 22:00:00,0.0
2019-10-09 23:00:00,0.0
2019-10-10 00:00:00,0.0
2019-10-10 01:00:00,0.0
2019-10-10 02:00:00,0.0
2019-10-10 03:00:00,0.0
2019-10-10 04:00:00,0.0
2019-10-10 05:00:00,10.9
2019-10-10 06:00:00,169.07
2019-10-10 07:00:00,375.55
2019-10-10 08:00:00,585.15
2019-10-10 09:00:00,760.7
2019-10-10 10:00:00,848.38
2019-10-10 11:00:00,889.62
2019-10-10 12:00:00,871.6
2019-10-10 13:00:00,769.05
2019-10-10 14:00:00,579.88
2019-10-10 15:00:00,364.27
2019-10-10 16:00:00,138.32
2019-10-10 17:00:00,4.65
2019-10-10 18:00:00,0.0
2019-10-10 19:00:00,0.0
2019-10-10 20:00:00,0.0
2019-10-10 21:00:00,0.0
2019-10-10 22:00:00,0.0
2019-10-10 23:00:00,0.0
2019-10-11 00:00:00,0.0
2019-10-11 01:00:00,0.0
2019-10-11 02:00:00,0.0
2019-10-11 03:00:00,0.0
2019-10-11 04:00:00,0.0
2019-10-11 05:00:00,10.43
2019-10-11 06:00:00,165.85
2019-10-11 07:00:00,401.02
2019-10-11 08:00:00,618.83
2019-10-11 09:00:00,779.92
2019-10-11 10:00:00,810.88
2019-10-11 11:00:00,848.85
2019-10-11 12:00:00,828.72
2019-10-11 13:00:00,732.5
2019-10-11 14:00:00,578.72
2019-10-11 15:00:00,366.45
2019-10-11 16:00:00,121.43
2019-10-11 17:00:00,4.32
2019-10-11 18:00:00,0.0
2019-10-11 19:00:00,0.0
2019-10-11 20:00:00,0.0
2019-10-11 21:00:00,0.0
2019-10-11 22:00:00,0.0
2019-10-11 23:00:00,0.0
2019-10-12 00:00:00,0.0
2019-10-12 01:00:00,0.0
2019-10-12 02:00:00,0.0
2019-10-12 03:00:00,0.0
2019-10-12 04:00:00,0.0
2019-10-12 05:00:00,11.07
2019-10-12 06:00:00,168.43
2019-10-12 07:00:00,392.05
2019-10-12 08:00:00,596.5
2019-10-12 09:00:00,699.75
2019-10-12 10:00:00,849.97
2019-10-12 11:00:00,865.9
2019-10-12 12:00:00,864.3
2019-10-12 13:00:00,755.92
2019-10-12 14:00:00,572.75
2019-10-12 15:00:00,359.05
2019-10-12 16:00:00,87.69
2019-10-12 17:00:00,4.1
2019-10-12 18:00:00,0.0
2019-10-12 19:00:00,0.0
2019-10-12 20:00:00,0.0
2019-10-12 21:00:00,0.0
2019-10-12 22:00:00,0.0
2019-10-12 23:00:00,0.0
2019-10-13 00:00:00,0.0
2019-10-13 01:00:00,0.0
2019-10-13 02:00:00,0.0
2019-10-13 03:00:00,0.0
2019-10-13 04:00:00,0.0
2019-10-13 05:00:00,11.62
2019-10-13 06:00:00,172.07
2019-10-13 07:00:00,399.23
2019-10-13 08:00:00,594.5
2019-10-13 09:00:00,757.47
2019-10-13 10:00:00,876.1
2019-10-13 11:00:00,908.83
2019-10-13 12:00:00,872.1
2019-10-13 13:00:00,756.97
2019-10-13 14:00:00,574.58
2019-10-13 15:00:00,349.08
2019-10-13 16:00:00,118.75
2019-10-13 17:00:00,3.42
2019-10-13 18:00:00,0.0
2019-10-13 19:00:00,0.0
2019-10-13 20:00:00,0.0
2019-10-13 21:00:00,0.0
2019-10-13 22:00:00,0.0
2019-10-13 23:00:00,0.0
2019-10-14 00:00:00,0.0
2019-10-14 01:00:00,0.0
2019-10-14 02:00:00,0.0
2019-10-14 03:00:00,0.0
2019-10-14 04:00:00,0.0
2019-10-14 05:00:00,10.73
2019-10-14 06:00:00,163.93
2019-10-14 07:00:00,389.0
2019-10-14 08:00:00,586.67
2019-10-14 09:00:00,728.42
2019-10-14 10:00:00,832.3
2019-10-14 11:00:00,889.5
2019-10-14 12:00:00,835.75
2019-10-14 13:00:00,677.62
2019-10-14 14:00:00,566.12
2019-10-14 15:00:00,344.25
2019-10-14 16:00:00,131.38
2019-10-14 17:00:00,0.0
2019-10-14 18:00:00,0.0
2019-10-14 19:00:00,0.0
2019-10-14 20:00:00,0.0
2019-10-14 21:00:00,0.0
2019-10-14 22:00:00,0.0
2019-10-14 23:00:00,0.0
2019-10-15 00:00:00,0.0
2019-10-15 01:00:00,0.0
2019-10-15 02:00:00,0.0
2019-10-15 03:00:00,0.0
2019-10-15 04:00:00,0.0
2019-10-15 05:00:00,8.68
2019-10-15 06:00:00,115.88
2019-10-15 07:00:00,303.95
2019-10-15 08:00:00,455.83
2019-10-15 09:00:00,578.5
2019-10-15 10:00:00,699.6
2019-10-15 11:00:00,806.22
2019-10-15 12:00:00,720.4
2019-10-15 13:00:00,438.17
2019-10-15 14:00:00,307.5
2019-10-15 15:00:00,163.0
2019-10-15 16:00:00,72.05
2019-10-15 17:00:00,0.0
2019-10-15 18:00:00,0.0
2019-10-15 19:00:00,0.0
2019-10-15 20:00:00,0.0
2019-10-15 21:00:00,0.0
2019-10-15 22:00:00,0.0
2019-10-15 23:00:00,0.0
2019-10-16 00:00:00,0.0
2019-10-16 01:00:00,0.0
2019-10-16 02:00:00,0.0
2019-10-16 03:00:00,0.0
2019-10-16 04:00:00,0.0
2019-10-16 05:00:00,5.72
2019-10-16 06:00:00,90.6
2019-10-16 07:00:00,215.73
2019-10-16 08:00:00,352.92
2019-10-16 09:00:00,674.88
2019-10-16 10:00:00,619.83
2019-10-16 11:00:00,698.08
2019-10-16 12:00:00,644.55
2019-10-16 13:00:00,494.52
2019-10-16 14:00:00,362.33
2019-10-16 15:00:00,213.0
2019-10-16 16:00:00,73.93
2019-10-16 17:00:00,0.0
2019-10-16 18:00:00,0.0
2019-10-16 19:00:00,0.0
2019-10-16 20:00:00,0.0
2019-10-16 21:00:00,0.0
2019-10-16 22:00:00,0.0
2019-10-16 23:00:00,0.0
2019-10-17 00:00:00,0.0
2019-10-17 01:00:00,0.0
2019-10-17 02:00:00,0.0
2019-10-17 03:00:00,0.0
2019-10-17 04:00:00,0.0
2019-10-17 05:00:00,2.53
2019-10-17 06:00:00,24.3
2019-10-17 07:00:00,45.45
2019-10-17 08:00:00,65.22
2019-10-17 09:00:00,79.25
2019-10-17 10:00:00,145.75
2019-10-17 11:00:00,275.7
2019-10-17 12:00:00,356.65
2019-10-17 13:00:00,381.5
2019-10-17 14:00:00,342.4
2019-10-17 15:00:00,187.57
2019-10-17 16:00:00,71.22
2019-10-17 17:00:00,0.0
2019-10-17 18:00:00,0.0
2019-10-17 19:00:00,0.0
2019-10-17 20:00:00,0.0
2019-10-17 21:00:00,0.0
2019-10-17 22:00:00,0.0
2019-10-17 23:00:00,0.0
2019-10-18 00:00:00,0.0
2019-10-18 01:00:00,0.0
2019-10-18 02:00:00,0.0
2019-10-18 03:00:00,0.0
2019-10-18 04:00:00,0.0
2019-10-18 05:00:00,6.9
2019-10-18 06:00:00,115.9
2019-10-18 07:00:00,302.9
2019-10-18 08:00:00,501.38
2019-10-18 09:00:00,685.15
2019-10-18 10:00:00,739.17
2019-10-18 11:00:00,802.8
2019-10-18 12:00:00,798.42
2019-10-18 13:00:00,674.65
2019-10-18 14:00:00,488.05
2019-10-18 15:00:00,298.5
2019-10-18 16:00:00,105.78
2019-10-18 17:00:00,0.0
2019-10-18 18:00:00,0.0
2019-10-18 19:00:00,0.0
2019-10-18 20:00:00,0.0
2019-10-18 21:00:00,0.0
2019-10-18 22:00:00,0.0
2019-10-18 23:00:00,0.0
2019-10-19 00:00:00,0.0
2019-10-19 01:00:00,0.0
2019-10-19 02:00:00,0.0
2019-10-19 03:00:00,0.0
2019-10-19 04:00:00,0.0
2019-10-19 05:00:00,5.97
2019-10-19 06:00:00,78.75
2019-10-19 07:00:00,192.1
2019-10-19 08:00:00,332.4
2019-10-19 09:00:00,462.33
2019-10-19 10:00:00,589.78
2019-10-19 11:00:00,606.7
2019-10-19 12:00:00,589.12
2019-10-19 13:00:00,500.62
2019-10-19 14:00:00,276.45
2019-10-19 15:00:00,144.0
2019-10-19 16:00:00,52.2
2019-10-19 17:00:00,0.0
2019-10-19 18:00:00,0.0
2019-10-19 19:00:00,0.0
2019-10-19 20:00:00,0.0
2019-10-19 21:00:00,0.0
2019-10-19 22:00:00,0.0
2019-10-19 23:00:00,0.0
2019-10-20 00:00:00,0.0
2019-10-20 01:00:00,0.0
2019-10-20 02:00:00,0.0
2019-10-20 03:00:00,0.0
2019-10-20 04:00:00,0.0
2019-10-20 05:00:00,5.72
2019-10-20 06:00:00,73.12
2019-10-20 07:00:00,210.02
2019-10-20 08:00:00,330.83
2019-10-20 09:00:00,384.23
2019-10-20 10:00:00,391.75
2019-10-20 11:00:00,525.38
2019-10-20 12:00:00,575.85
2019-10-20 13:00:00,554.17
2019-10-20 14:00:00,420.52
2019-10-20 15:00:00,236.9
2019-10-20 16:00:00,85.4
2019-10-20 17:00:00,0.0
2019-10-20 18:00:00,0.0
2019-10-20 19:00:00,0.0
2019-10-20 20:00:00,0.0
2019-10-20 21:00:00,0.0
2019-10-20 22:00:00,0.0
2019-10-20 23:00:00,0.0
2019-10-21 00:00:00,0.0
2019-10-21 01:00:00,0.0
2019-10-21 02:00:00,0.0
2019-10-21 03:00:00,0.0
2019-10-21 04:00:00,0.0
2019-10-21 05:00:00,2.42
2019-10-21 06:00:00,41.8
2019-10-21 07:00:00,107.57
2019-10-21 08:00:00,192.27
2019-10-21 09:00:00,214.07
2019-10-21 10:00:00,256.55
2019-10-21 11:00:00,228.1
2019-10-21 12:00:00,247.18
2019-10-21 13:00:00,283.95
2019-10-21 14:00:00,217.95
2019-10-21 15:00:00,114.4
2019-10-21 16:00:00,48.9
2019-10-21 17:00:00,0.0
2019-10-21 18:00:00,0.0
2019-10-21 19:00:00,0.0
2019-10-21 20:00:00,0.0
2019-10-21 21:00:00,0.0
2019-10-21 22:00:00,0.0
2019-10-21 23:00:00,0.0
2019-10-22 00:00:00,0.0
2019-10-22 01:00:00,0.0
2019-10-22 02:00:00,0.0
2019-10-22 03:00:00,0.0
2019-10-22 04:00:00,0.0
2019-10-22 05:00:00,2.17
2019-10-22 06:00:00,26.58
2019-10-22 07:00:00,60.65
2019-10-22 08:00:00,95.32
2019-10-22 09:00:00,167.9
2019-10-22 10:00:00,245.25
2019-10-22 11:00:00,287.12
2019-10-22 12:00:00,360.58
2019-10-22 13:00:00,349.27
2019-10-22 14:00:00,344.58
2019-10-22 15:00:00,182.4
2019-10-22 16:00:00,68.82
2019-10-22 17:00:00,0.0
2019-10-22 18:00:00,0.0
2019-10-22 19:00:00,0.0
2019-10-22 20:00:00,0.0
2019-10-22 21:00:00,0.0
2019-10-22 22:00:00,0.0
2019-10-22 23:00:00,0.0
2019-10-23 00:00:00,0.0
2019-10-23 01:00:00,0.0
2019-10-23 02:00:00,0.0
2019-10-23 03:00:00,0.0
2019-10-23 04:00:00,0.0
2019-10-23 05:00:00,7.78
2019-10-23 06:00:00,120.93
2019-10-23 07:00:00,310.48
2019-10-23 08:00:00,509.48
2019-10-23 09:00:00,697.6
2019-10-23 10:00:00,751.8
2019-10-23 11:00:00,769.78
2019-10-23 12:00:00,779.33
2019-10-23 13:00:00,595.12
2019-10-23 14:00:00,467.85
2019-10-23 15:00:00,265.58
2019-10-23 16:00:00,94.15
2019-10-23 17:00:00,0.0
2019-10-23 18:00:00,0.0
2019-10-23 19:00:00,0.0
2019-10-23 20:00:00,0.0
2019-10-23 21:00:00,0.0
2019-10-23 22:00:00,0.0
2019-10-23 23:00:00,0.0
2019-10-24 00:00:00,0.0
2019-10-24 01:00:00,0.0
2019-10-24 02:00:00,0.0
2019-10-24 03:00:00,0.0
2019-10-24 04:00:00,0.0
2019-10-24 05:00:00,2.42
2019-10-24 06:00:00,46.53
2019-10-24 07:00:00,119.45
2019-10-24 08:00:00,201.68
2019-10-24 09:00:00,389.75
2019-10-24 10:00:00,439.85
2019-10-24 11:00:00,481.3
2019-10-24 12:00:00,457.8
2019-10-24 13:00:00,434.27
2019-10-24 14:00:00,258.7
2019-10-24 15:00:00,137.52
2019-10-24 16:00:00,48.8
2019-10-24 17:00:00,0.0
2019-10-24 18:00:00,0.0
2019-10-24 19:00:00,0.0
2019-10-24 20:00:00,0.0
2019-10-24 21:00:00,0.0
2019-10-24 22:00:00,0.0
2019-10-24 23:00:00,0.0
2019-10-25 00:00:00,0.0
2019-10-25 01:00:00,0.0
2019-10-25 02:00:00,0.0
2019-10-25 03:00:00,0.0
2019-10-25 04:00:00,0.0
2019-10-25 05:00:00,6.25
2019-10-25 06:00:00,96.53
2019-10-25 07:00:00,232.35
2019-10-25 08:00:00,369.52
2019-10-25 09:00:00,576.22
2019-10-25 10:00:00,748.7
2019-10-25 11:00:00,734.62
2019-10-25 12:00:00,729.28
2019-10-25 13:00:00,514.2
2019-10-25 14:00:00,354.73
2019-10-25 15:00:00,195.52
2019-10-25 16:00:00,52.83
2019-10-25 17:00:00,0.0
2019-10-25 18:00:00,0.0
2019-10-25 19:00:00,0.0
2019-10-25 20:00:00,0.0
2019-10-25 21:00:00,0.0
2019-10-25 22:00:00,0.0
2019-10-25 23:00:00,0.0
2019-10-26 00:00:00,0.0
2019-10-26 01:00:00,0.0
2019-10-26 02:00:00,0.0
2019-10-26 03:00:00,0.0
2019-10-26 04:00:00,0.0
2019-10-26 05:00:00,5.7
2019-10-26 06:00:00,78.05
2019-10-26 07:00:00,177.07
2019-10-26 08:00:00,101.68
2019-10-26 09:00:00,231.35
2019-10-26 10:00:00,245.88
2019-10-26 11:00:00,431.75
2019-10-26 12:00:00,422.77
2019-10-26 13:00:00,363.42
2019-10-26 14:00:00,449.73
2019-10-26 15:00:00,249.65
2019-10-26 16:00:00,71.2
2019-10-26 17:00:00,0.0
2019-10-26 18:00:00,0.0
2019-10-26 19:00:00,0.0
2019-10-26 20:00:00,0.0
2019-10-26 21:00:00,0.0
2019-10-26 22:00:00,0.0
2019-10-26 23:00:00,0.0
2019-10-27 00:00:00,0.0
2019-10-27 01:00:00,0.0
2019-10-27 02:00:00,0.0
2019-10-27 03:00:00,0.0
2019-10-27 04:00:00,0.0
2019-10-27 05:00:00,5.93
2019-10-27 06:00:00,124.22
2019-10-27 07:00:00,333.2
2019-10-27 08:00:00,552.53
2019-10-27 09:00:00,732.97
2019-10-27 10:00:00,795.8
2019-10-27 11:00:00,832.33
2019-10-27 12:00:00,783.4
2019-10-27 13:00:00,692.05
2019-10-27 14:00:00,543.12
2019-10-27 15:00:00,327.02
2019-10-27 16:00:00,78.5
2019-10-27 17:00:00,0.0
2019-10-27 18:00:00,0.0
2019-10-27 19:00:00,0.0
2019-10-27 20:00:00,0.0
2019-10-27 21:00:00,0.0
2019-10-27 22:00:00,0.0
2019-10-27 23:00:00,0.0
2019-10-28 00:00:00,0.0
2019-10-28 01:00:00,0.0
2019-10-28 02:00:00,0.0
2019-10-28 03:00:00,0.0
2019-10-28 04:00:00,0.0
2019-10-28 05:00:00,6.62
2019-10-28 06:00:00,102.32
2019-10-28 07:00:00,272.1
2019-10-28 08:00:00,461.8
2019-10-28 09:00:00,471.55
2019-10-28 10:00:00,404.3
2019-10-28 11:00:00,635.72
2019-10-28 12:00:00,576.85
2019-10-28 13:00:00,517.38
2019-10-28 14:00:00,388.3
2019-10-28 15:00:00,221.48
2019-10-28 16:00:00,69.05
2019-10-28 17:00:00,0.0
2019-10-28 18:00:00,0.0
2019-10-28 19:00:00,0.0
2019-10-28 20:00:00,0.0
2019-10-28 21:00:00,0.0
2019-10-28 22:00:00,0.0
2019-10-28 23:00:00,0.0
2019-10-29 00:00:00,0.0
2019-10-29 01:00:00,0.0
2019-10-29 02:00:00,0.0
2019-10-29 03:00:00,0.0
2019-10-29 04:00:00,0.0
2019-10-29 05:00:00,5.25
2019-10-29 06:00:00,79.22
2019-10-29 07:00:00,207.32
2019-10-29 08:00:00,349.62
2019-10-29 09:00:00,502.27
2019-10-29 10:00:00,630.05
2019-10-29 11:00:00,716.45
2019-10-29 12:00:00,581.6
2019-10-29 13:00:00,455.6
2019-10-29 14:00:00,426.38
2019-10-29 15:00:00,225.75
2019-10-29 16:00:00,71.53
2019-10-29 17:00:00,0.0
2019-10-29 18:00:00,0.0
2019-10-29 19:00:00,0.0
2019-10-29 20:00:00,0.0
2019-10-29 21:00:00,0.0
2019-10-29 22:00:00,0.0
2019-10-29 23:00:00,0.0
2019-10-30 00:00:00,0.0
2019-10-30 01:00:00,0.0
2019-10-30 02:00:00,0.0
2019-10-30 03:00:00,0.0
2019-10-30 04:00:00,0.0
2019-10-30 05:00:00,2.3
2019-10-30 06:00:00,28.3
2019-10-30 07:00:00,62.92
2019-10-30 08:00:00,89.95
2019-10-30 09:00:00,64.85
2019-10-30 10:00:00,94.8
2019-10-30 11:00:00,176.68
2019-10-30 12:00:00,265.7
2019-10-30 13:00:00,339.3
2019-10-30 14:00:00,198.12
2019-10-30 15:00:00,60.92
2019-10-30 16:00:00,10.7
2019-10-30 17:00:00,0.0
2019-10-30 18:00:00,0.0
2019-10-30 19:00:00,0.0
2019-10-30 20:00:00,0.0
2019-10-30 21:00:00,0.0
2019-10-30 22:00:00,0.0
2019-10-30 23:00:00,0.0
2019-10-31 00:00:00,0.0
2019-10-31 01:00:00,0.0
2019-10-31 02:00:00,0.0
2019-10-31 03:00:00,0.0
2019-10-31 04:00:00,0.0
2019-10-31 05:00:00,7.38
2019-10-31 06:00:00,118.78
2019-10-31 07:00:00,312.4
2019-10-31 08:00:00,501.7
2019-10-31 09:00:00,655.85
2019-10-31 10:00:00,709.5
2019-10-31 11:00:00,703.45
2019-10-31 12:00:00,615.5
2019-10-31 13:00:00,605.33
2019-10-31 14:00:00,420.02
2019-10-31 15:00:00,241.65
2019-10-31 16:00:00,77.75
2019-10-31 17:00:00,0.0
2019-10-31 18:00:00,0.0
2019-10-31 19:00:00,0.0
2019-10-31 20:00:00,0.0
2019-10-31 21:00:00,0.0
2019-10-31 22:00:00,0.0
2019-10-31 23:00:00,0.0
2019-11-01 00:00:00,0.0
2019-11-01 01:00:00,0.0
2019-11-01 02:00:00,0.0
2019-11-01 03:00:00,0.0
2019-11-01 04:00:00,0.0
2019-11-01 05:00:00,7.38
2019-11-01 06:00:00,129.62
2019-11-01 07:00:00,338.88
2019-11-01 08:00:00,541.53
2019-11-01 09:00:00,726.75
2019-11-01 10:00:00,777.05
2019-11-01 11:00:00,825.42
2019-11-01 12:00:00,811.0
2019-11-01 13:00:00,682.65
2019-11-01 14:00:00,505.38
2019-11-01 15:00:00,289.62
2019-11-01 16:00:00,89.6
2019-11-01 17:00:00,0.0
2019-11-01 18:00:00,0.0
2019-11-01 19:00:00,0.0
2019-11-01 20:00:00,0.0
2019-11-01 21:00:00,0.0
2019-11-01 22:00:00,0.0
2019-11-01 23:00:00,0.0
2019-11-02 00:00:00,0.0
2019-11-02 01:00:00,0.0
2019-11-02 02:00:00,0.0
2019-11-02 03:00:00,0.0
2019-11-02 04:00:00,0.0
2019-11-02 05:00:00,7.35
2019-11-02 06:00:00,133.68
2019-11-02 07:00:00,337.35
2019-11-02 08:00:00,534.53
2019-11-02 09:00:00,692.3
2019-11-02 10:00:00,783.12
2019-11-02 11:00:00,825.17
2019-11-02 12:00:00,786.53
2019-11-02 13:00:00,665.83
2019-11-02 14:00:00,507.02
2019-11-02 15:00:00,290.48
2019-11-02 16:00:00,66.0
2019-11-02 17:00:00,0.0
2019-11-02 18:00:00,0.0
2019-11-02 19:00:00,0.0
2019-11-02 20:00:00,0.0
2019-11-02 21:00:00,0.0
2019-11-02 22:00:00,0.0
2019-11-02 23:00:00,0.0
2019-11-03 00:00:00,0.0
2019-11-03 01:00:00,0.0
2019-11-03 02:00:00,0.0
2019-11-03 03:00:00,0.0
2019-11-03 04:00:00,0.0
2019-11-03 05:00:00,5.9
2019-11-03 06:00:00,92.72
2019-11-03 07:00:00,245.6
2019-11-03 08:00:00,412.17
2019-11-03 09:00:00,581.58
2019-11-03 10:00:00,687.83
2019-11-03 11:00:00,791.78
2019-11-03 12:00:00,702.42
2019-11-03 13:00:00,642.1
2019-11-03 14:00:00,466.73
2019-11-03 15:00:00,258.73
2019-11-03 16:00:00,58.38
2019-11-03 17:00:00,0.0
2019-11-03 18:00:00,0.0
2019-11-03 19:00:00,0.0
2019-11-03 20:00:00,0.0
2019-11-03 21:00:00,0.0
2019-11-03 22:00:00,0.0
2019-11-03 23:00:00,0.0
2019-11-04 00:00:00,0.0
2019-11-04 01:00:00,0.0
2019-11-04 02:00:00,0.0
2019-11-04 03:00:00,0.0
2019-11-04 04:00:00,0.0
2019-11-04 05:00:00,5.88
2019-11-04 06:00:00,106.1
2019-11-04 07:00:00,288.5
2019-11-04 08:00:00,485.55
2019-11-04 09:00:00,595.9
2019-11-04 10:00:00,788.1
2019-11-04 11:00:00,811.0
2019-11-04 12:00:00,748.3
2019-11-04 13:00:00,651.15
2019-11-04 14:00:00,463.33
2019-11-04 15:00:00,252.5
2019-11-04 16:00:00,69.22
2019-11-04 17:00:00,0.0
2019-11-04 18:00:00,0.0
2019-11-04 19:00:00,0.0
2019-11-04 20:00:00,0.0
2019-11-04 21:00:00,0.0
2019-11-04 22:00:00,0.0
2019-11-04 23:00:00,0.0
2019-11-05 00:00:00,0.0
2019-11-05 01:00:00,0.0
2019-11-05 02:00:00,0.0
2019-11-05 03:00:00,0.0
2019-11-05 04:00:00,0.0
2019-11-05 05:00:00,5.57
2019-11-05 06:00:00,105.75
2019-11-05 07:00:00,289.1
2019-11-05 08:00:00,487.35
2019-11-05 09:00:00,670.6
2019-11-05 10:00:00,712.45
2019-11-05 11:00:00,741.08
2019-11-05 12:00:00,750.1
2019-11-05 13:00:00,625.75
2019-11-05 14:00:00,458.23
2019-11-05 15:00:00,247.38
2019-11-05 16:00:00,49.55
2019-11-05 17:00:00,0.0
2019-11-05 18:00:00,0.0
2019-11-05 19:00:00,0.0
2019-11-05 20:00:00,0.0
2019-11-05 21:00:00,0.0
2019-11-05 22:00:00,0.0
2019-11-05 23:00:00,0.0
2019-11-06 00:00:00,0.0
2019-11-06 01:00:00,0.0
2019-11-06 02:00:00,0.0
2019-11-06 03:00:00,0.0
2019-11-06 04:00:00,0.0
2019-11-06 05:00:00,4.53
2019-11-06 06:00:00,81.12
2019-11-06 07:00:00,228.88
2019-11-06 08:00:00,392.92
2019-11-06 09:00:00,582.25
2019-11-06 10:00:00,681.25
2019-11-06 11:00:00,750.15
2019-11-06 12:00:00,709.03
2019-11-06 13:00:00,584.47
2019-11-06 14:00:00,424.48
2019-11-06 15:00:00,224.9
2019-11-06 16:00:00,57.25
2019-11-06 17:00:00,0.0
2019-11-06 18:00:00,0.0
2019-11-06 19:00:00,0.0
2019-11-06 20:00:00,0.0
2019-11-06 21:00:00,0.0
2019-11-06 22:00:00,0.0
2019-11-06 23:00:00,0.0
2019-11-07 00:00:00,0.0
2019-11-07 01:00:00,0.0
2019-11-07 02:00:00,0.0
2019-11-07 03:00:00,0.0
2019-11-07 04:00:00,0.0
2019-11-07 05:00:00,4.28
2019-11-07 06:00:00,72.9
2019-11-07 07:00:00,213.7
2019-11-07 08:00:00,369.08
2019-11-07 09:00:00,515.78
2019-11-07 10:00:00,594.35
2019-11-07 11:00:00,643.05
2019-11-07 12:00:00,572.08
2019-11-07 13:00:00,445.23
2019-11-07 14:00:00,318.98
2019-11-07 15:00:00,177.65
2019-11-07 16:00:00,51.9
2019-11-07 17:00:00,0.0
2019-11-07 18:00:00,0.0
2019-11-07 19:00:00,0.0
2019-11-07 20:00:00,0.0
2019-11-07 21:00:00,0.0
2019-11-07 22:00:00,0.0
2019-11-07 23:00:00,0.0
2019-11-08 00:00:00,0.0
2019-11-08 01:00:00,0.0
2019-11-08 02:00:00,0.0
2019-11-08 03:00:00,0.0
2019-11-08 04:00:00,0.0
2019-11-08 05:00:00,4.43
2019-11-08 06:00:00,81.95
2019-11-08 07:00:00,230.15
2019-11-08 08:00:00,393.92
2019-11-08 09:00:00,606.67
2019-11-08 10:00:00,705.08
2019-11-08 11:00:00,737.83
2019-11-08 12:00:00,622.3
2019-11-08 13:00:00,578.65
2019-11-08 14:00:00,402.85
2019-11-08 15:00:00,211.07
2019-11-08 16:00:00,53.9
2019-11-08 17:00:00,0.0
2019-11-08 18:00:00,0.0
2019-11-08 19:00:00,0.0
2019-11-08 20:00:00,0.0
2019-11-08 21:00:00,0.0
2019-11-08 22:00:00,0.0
2019-11-08 23:00:00,0.0
2019-11-09 00:00:00,0.0
2019-11-09 01:00:00,0.0
2019-11-09 02:00:00,0.0
2019-11-09 03:00:00,0.0
2019-11-09 04:00:00,0.0
2019-11-09 05:00:00,4.15
2019-11-09 06:00:00,82.0
2019-11-09 07:00:00,233.62
2019-11-09 08:00:00,413.73
2019-11-09 09:00:00,578.67
2019-11-09 10:00:00,684.6
2019-11-09 11:00:00,742.25
2019-11-09 12:00:00,686.95
2019-11-09 13:00:00,580.15
2019-11-09 14:00:00,379.05
2019-11-09 15:00:00,202.52
2019-11-09 16:00:00,51.45
2019-11-09 17:00:00,0.0
2019-11-09 18:00:00,0.0
2019-11-09 19:00:00,0.0
2019-11-09 20:00:00,0.0
2019-11-09 21:00:00,0.0
2019-11-09 22:00:00,0.0
2019-11-09 23:00:00,0.0
2019-11-10 00:00:00,0.0
2019-11-10 01:00:00,0.0
2019-11-10 02:00:00,0.0
2019-11-10 03:00:00,0.0
2019-11-10 04:00:00,0.0
2019-11-10 05:00:00,4.95
2019-11-10 06:00:00,105.55
2019-11-10 07:00:00,296.27
2019-11-10 08:00:00,498.98
2019-11-10 09:00:00,659.08
2019-11-10 10:00:00,739.5
2019-11-10 11:00:00,796.95
2019-11-10 12:00:00,712.38
2019-11-10 13:00:00,639.55
2019-11-10 14:00:00,426.98
2019-11-10 15:00:00,229.98
2019-11-10 16:00:00,49.85
2019-11-10 17:00:00,0.0
2019-11-10 18:00:00,0.0
2019-11-10 19:00:00,0.0
2019-11-10 20:00:00,0.0
2019-11-10 21:00:00,0.0
2019-11-10 22:00:00,0.0
2019-11-10 23:00:00,0.0
2019-11-11 00:00:00,0.0
2019-11-11 01:00:00,0.0
2019-11-11 02:00:00,0.0
2019-11-11 03:00:00,0.0
2019-11-11 04:00:00,0.0
2019-11-11 05:00:00,4.95
2019-11-11 06:00:00,111.5
2019-11-11 07:00:00,316.02
2019-11-11 08:00:00,525.97
2019-11-11 09:00:00,702.15
2019-11-11 10:00:00,808.45
2019-11-11 11:00:00,743.83
2019-11-11 12:00:00,698.4
2019-11-11 13:00:00,668.47
2019-11-11 14:00:00,459.5
2019-11-11 15:00:00,253.2
2019-11-11 16:00:00,56.15
2019-11-11 17:00:00,0.0
2019-11-11 18:00:00,0.0
2019-11-11 19:00:00,0.0
2019-11-11 20:00:00,0.0
2019-11-11 21:00:00,0.0
2019-11-11 22:00:00,0.0
2019-11-11 23:00:00,0.0
2019-11-12 00:00:00,0.0
2019-11-12 01:00:00,0.0
2019-11-12 02:00:00,0.0
2019-11-12 03:00:00,0.0
2019-11-12 04:00:00,0.0
2019-11-12 05:00:00,4.78
2019-11-12 06:00:00,106.72
2019-11-12 07:00:00,295.62
2019-11-12 08:00:00,505.0
2019-11-12 09:00:00,681.67
2019-11-12 10:00:00,766.95
2019-11-12 11:00:00,801.7
2019-11-12 12:00:00,788.03
2019-11-12 13:00:00,663.9
2019-11-12 14:00:00,495.92
2019-11-12 15:00:00,276.08
2019-11-12 16:00:00,68.62
2019-11-12 17:00:00,0.0
2019-11-12 18:00:00,0.0
2019-11-12 19:00:00,0.0
2019-11-12 20:00:00,0.0
2019-11-12 21:00:00,0.0
2019-11-12 22:00:00,0.0
2019-11-12 23:00:00,0.0
2019-11-13 00:00:00,0.0
2019-11-13 01:00:00,0.0
2019-11-13 02:00:00,0.0
2019-11-13 03:00:00,0.0
2019-11-13 04:00:00,0.0
2019-11-13 05:00:00,4.9
2019-11-13 06:00:00,112.07
2019-11-13 07:00:00,309.25
2019-11-13 08:00:00,506.8
2019-11-13 09:00:00,693.08
2019-11-13 10:00:00,787.25
2019-11-13 11:00:00,816.12
2019-11-13 12:00:00,745.15
2019-11-13 13:00:00,566.5
2019-11-13 14:00:00,418.52
2019-11-13 15:00:00,232.05
2019-11-13 16:00:00,60.35
2019-11-13 17:00:00,0.0
2019-11-13 18:00:00,0.0
2019-11-13 19:00:00,0.0
2019-11-13 20:00:00,0.0
2019-11-13 21:00:00,0.0
2019-11-13 22:00:00,0.0
2019-11-13 23:00:00,0.0
2019-11-14 00:00:00,0.0
2019-11-14 01:00:00,0.0
2019-11-14 02:00:00,0.0
2019-11-14 03:00:00,0.0
2019-11-14 04:00:00,0.0
2019-11-14 05:00:00,3.92
2019-11-14 06:00:00,104.18
2019-11-14 07:00:00,270.05
2019-11-14 08:00:00,476.4
2019-11-14 09:00:00,632.33
2019-11-14 10:00:00,779.47
2019-11-14 11:00:00,789.47
2019-11-14 12:00:00,765.22
2019-11-14 13:00:00,591.78
2019-11-14 14:00:00,473.7
2019-11-14 15:00:00,267.1
2019-11-14 16:00:00,72.62
2019-11-14 17:00:00,0.0
2019-11-14 18:00:00,0.0
2019-11-14 19:00:00,0.0
2019-11-14 20:00:00,0.0
2019-11-14 21:00:00,0.0
2019-11-14 22:00:00,0.0
2019-11-14 23:00:00,0.0
2019-11-15 00:00:00,0.0
2019-11-15 01:00:00,0.0
2019-11-15 02:00:00,0.0
2019-11-15 03:00:00,0.0
2019-11-15 04:00:00,0.0
2019-11-15 05:00:00,3.78
2019-11-15 06:00:00,75.47
2019-11-15 07:00:00,221.77
2019-11-15 08:00:00,376.15
2019-11-15 09:00:00,479.75
2019-11-15 10:00:00,550.12
2019-11-15 11:00:00,598.92
2019-11-15 12:00:00,554.45
2019-11-15 13:00:00,493.42
2019-11-15 14:00:00,391.77
2019-11-15 15:00:00,216.07
2019-11-15 16:00:00,57.83
2019-11-15 17:00:00,0.0
2019-11-15 18:00:00,0.0
2019-11-15 19:00:00,0.0
2019-11-15 20:00:00,0.0
2019-11-15 21:00:00,0.0
2019-11-15 22:00:00,0.0
2019-11-15 23:00:00,0.0
2019-11-16 00:00:00,0.0
2019-11-16 01:00:00,0.0
2019-11-16 02:00:00,0.0
2019-11-16 03:00:00,0.0
2019-11-16 04:00:00,0.0
2019-11-16 05:00:00,3.92
2019-11-16 06:00:00,91.75
2019-11-16 07:00:00,255.12
2019-11-16 08:00:00,420.88
2019-11-16 09:00:00,562.85
2019-11-16 10:00:00,587.35
2019-11-16 11:00:00,591.83
2019-11-16 12:00:00,552.45
2019-11-16 13:00:00,482.33
2019-11-16 14:00:00,373.17
2019-11-16 15:00:00,204.32
2019-11-16 16:00:00,62.97
2019-11-16 17:00:00,0.0
2019-11-16 18:00:00,0.0
2019-11-16 19:00:00,0.0
2019-11-16 20:00:00,0.0
2019-11-16 21:00:00,0.0
2019-11-16 22:00:00,0.0
2019-11-16 23:00:00,0.0
2019-11-17 00:00:00,0.0
2019-11-17 01:00:00,0.0
2019-11-17 02:00:00,0.0
2019-11-17 03:00:00,0.0
2019-11-17 04:00:00,0.0
2019-11-17 05:00:00,4.07
2019-11-17 06:00:00,105.95
2019-11-17 07:00:00,297.98
2019-11-17 08:00:00,507.2
2019-11-17 09:00:00,623.2
2019-11-17 10:00:00,686.78
2019-11-17 11:00:00,704.1
2019-11-17 12:00:00,619.62
2019-11-17 13:00:00,545.15
2019-11-17 14:00:00,389.17
2019-11-17 15:00:00,218.52
2019-11-17 16:00:00,61.95
2019-11-17 17:00:00,0.0
2019-11-17 18:00:00,0.0
2019-11-17 19:00:00,0.0
2019-11-17 20:00:00,0.0
2019-11-17 21:00:00,0.0
2019-11-17 22:00:00,0.0
2019-11-17 23:00:00,0.0
2019-11-18 00:00:00,0.0
2019-11-18 01:00:00,0.0
2019-11-18 02:00:00,0.0
2019-11-18 03:00:00,0.0
2019-11-18 04:00:00,0.0
2019-11-18 05:00:00,3.9
2019-11-18 06:00:00,109.03
2019-11-18 07:00:00,303.2
2019-11-18 08:00:00,501.45
2019-11-18 09:00:00,659.22
2019-11-18 10:00:00,782.85
2019-11-18 11:00:00,822.17
2019-11-18 12:00:00,785.88
2019-11-18 13:00:00,667.85
2019-11-18 14:00:00,458.35
2019-11-18 15:00:00,246.7
2019-11-18 16:00:00,69.6
2019-11-18 17:00:00,0.0
2019-11-18 18:00:00,0.0
2019-11-18 19:00:00,0.0
2019-11-18 20:00:00,0.0
2019-11-18 21:00:00,0.0
2019-11-18 22:00:00,0.0
2019-11-18 23:00:00,0.0
2019-11-19 00:00:00,0.0
2019-11-19 01:00:00,0.0
2019-11-19 02:00:00,0.0
2019-11-19 03:00:00,0.0
2019-11-19 04:00:00,0.0
2019-11-19 05:00:00,4.18
2019-11-19 06:00:00,121.12
2019-11-19 07:00:00,326.17
2019-11-19 08:00:00,520.42
2019-11-19 09:00:00,672.88
2019-11-19 10:00:00,760.6
2019-11-19 11:00:00,794.38
2019-11-19 12:00:00,731.53
2019-11-19 13:00:00,585.33
2019-11-19 14:00:00,388.17
2019-11-19 15:00:00,212.8
2019-11-19 16:00:00,55.72
2019-11-19 17:00:00,0.0
2019-11-19 18:00:00,0.0
2019-11-19 19:00:00,0.0
2019-11-19 20:00:00,0.0
2019-11-19 21:00:00,0.0
2019-11-19 22:00:00,0.0
2019-11-19 23:00:00,0.0
2019-11-20 00:00:00,0.0
2019-11-20 01:00:00,0.0
2019-11-20 02:00:00,0.0
2019-11-20 03:00:00,0.0
2019-11-20 04:00:00,0.0
2019-11-20 05:00:00,2.17
2019-11-20 06:00:00,89.82
2019-11-20 07:00:00,232.0
2019-11-20 08:00:00,413.17
2019-11-20 09:00:00,605.72
2019-11-20 10:00:00,707.15
2019-11-20 11:00:00,698.15
2019-11-20 12:00:00,651.88
2019-11-20 13:00:00,564.4
2019-11-20 14:00:00,380.83
2019-11-20 15:00:00,210.02
2019-11-20 16:00:00,56.22
2019-11-20 17:00:00,0.0
2019-11-20 18:00:00,0.0
2019-11-20 19:00:00,0.0
2019-11-20 20:00:00,0.0
2019-11-20 21:00:00,0.0
2019-11-20 22:00:00,0.0
2019-11-20 23:00:00,0.0
2019-11-21 00:00:00,0.0
2019-11-21 01:00:00,0.0
2019-11-21 02:00:00,0.0
2019-11-21 03:00:00,0.0
2019-11-21 04:00:00,0.0
2019-11-21 05:00:00,2.88
2019-11-21 06:00:00,75.8
2019-11-21 07:00:00,211.55
2019-11-21 08:00:00,386.58
2019-11-21 09:00:00,507.27
2019-11-21 10:00:00,507.1
2019-11-21 11:00:00,535.5
2019-11-21 12:00:00,457.08
2019-11-21 13:00:00,358.85
2019-11-21 14:00:00,263.27
2019-11-21 15:00:00,139.05
2019-11-21 16:00:00,31.1
2019-11-21 17:00:00,0.0
2019-11-21 18:00:00,0.0
2019-11-21 19:00:00,0.0
2019-11-21 20:00:00,0.0
2019-11-21 21:00:00,0.0
2019-11-21 22:00:00,0.0
2019-11-21 23:00:00,0.0
2019-11-22 00:00:00,0.0
2019-11-22 01:00:00,0.0
2019-11-22 02:00:00,0.0
2019-11-22 03:00:00,0.0
2019-11-22 04:00:00,0.0
2019-11-22 05:00:00,2.22
2019-11-22 06:00:00,52.6
2019-11-22 07:00:00,153.15
2019-11-22 08:00:00,234.85
2019-11-22 09:00:00,417.12
2019-11-22 10:00:00,473.12
2019-11-22 11:00:00,525.9
2019-11-22 12:00:00,537.95
2019-11-22 13:00:00,442.75
2019-11-22 14:00:00,335.0
2019-11-22 15:00:00,186.6
2019-11-22 16:00:00,48.45
2019-11-22 17:00:00,0.0
2019-11-22 18:00:00,0.0
2019-11-22 19:00:00,0.0
2019-11-22 20:00:00,0.0
2019-11-22 21:00:00,0.0
2019-11-22 22:00:00,0.0
2019-11-22 23:00:00,0.0
2019-11-23 00:00:00,0.0
2019-11-23 01:00:00,0.0
2019-11-23 02:00:00,0.0
2019-11-23 03:00:00,0.0
2019-11-23 04:00:00,0.0
2019-11-23 05:00:00,0.0
2019-11-23 06:00:00,59.65
2019-11-23 07:00:00,174.1
2019-11-23 08:00:00,310.67
2019-11-23 09:00:00,458.52
2019-11-23 10:00:00,531.72
2019-11-23 11:00:00,624.5
2019-11-23 12:00:00,572.42
2019-11-23 13:00:00,405.9
2019-11-23 14:00:00,247.82
2019-11-23 15:00:00,153.5
2019-11-23 16:00:00,50.65
2019-11-23 17:00:00,0.0
2019-11-23 18:00:00,0.0
2019-11-23 19:00:00,0.0
2019-11-23 20:00:00,0.0
2019-11-23 21:00:00,0.0
2019-11-23 22:00:00,0.0
2019-11-23 23:00:00,0.0
2019-11-24 00:00:00,0.0
2019-11-24 01:00:00,0.0
2019-11-24 02:00:00,0.0
2019-11-24 03:00:00,0.0
2019-11-24 04:00:00,0.0
2019-11-24 05:00:00,0.0
2019-11-24 06:00:00,101.85
2019-11-24 07:00:00,274.58
2019-11-24 08:00:00,473.2
2019-11-24 09:00:00,640.85
2019-11-24 10:00:00,725.78
2019-11-24 11:00:00,755.17
2019-11-24 12:00:00,620.5
2019-11-24 13:00:00,545.88
2019-11-24 14:00:00,415.45
2019-11-24 15:00:00,221.07
2019-11-24 16:00:00,55.92
2019-11-24 17:00:00,0.0
2019-11-24 18:00:00,0.0
2019-11-24 19:00:00,0.0
2019-11-24 20:00:00,0.0
2019-11-24 21:00:00,0.0
2019-11-24 22:00:00,0.0
2019-11-24 23:00:00,0.0
2019-11-25 00:00:00,0.0
2019-11-25 01:00:00,0.0
2019-11-25 02:00:00,0.0
2019-11-25 03:00:00,0.0
2019-11-25 04:00:00,0.0
2019-11-25 05:00:00,0.0
2019-11-25 06:00:00,66.55
2019-11-25 07:00:00,207.38
2019-11-25 08:00:00,382.12
2019-11-25 09:00:00,542.72
2019-11-25 10:00:00,695.67
2019-11-25 11:00:00,733.12
2019-11-25 12:00:00,709.62
2019-11-25 13:00:00,645.6
2019-11-25 14:00:00,504.52
2019-11-25 15:00:00,294.35
2019-11-25 16:00:00,54.3
2019-11-25 17:00:00,0.0
2019-11-25 18:00:00,0.0
2019-11-25 19:00:00,0.0
2019-11-25 20:00:00,0.0
2019-11-25 21:00:00,0.0
2019-11-25 22:00:00,0.0
2019-11-25 23:00:00,0.0
2019-11-26 00:00:00,0.0
2019-11-26 01:00:00,0.0
2019-11-26 02:00:00,0.0
2019-11-26 03:00:00,0.0
2019-11-26 04:00:00,0.0
2019-11-26 05:00:00,0.0
2019-11-26 06:00:00,109.95
2019-11-26 07:00:00,297.62
2019-11-26 08:00:00,488.73
2019-11-26 09:00:00,607.22
2019-11-26 10:00:00,529.08
2019-11-26 11:00:00,334.98
2019-11-26 12:00:00,284.35
2019-11-26 13:00:00,186.25
2019-11-26 14:00:00,153.23
2019-11-26 15:00:00,92.72
2019-11-26 16:00:00,23.25
2019-11-26 17:00:00,0.0
2019-11-26 18:00:00,0.0
2019-11-26 19:00:00,0.0
2019-11-26 20:00:00,0.0
2019-11-26 21:00:00,0.0
2019-11-26 22:00:00,0.0
2019-11-26 23:00:00,0.0
2019-11-27 00:00:00,0.0
2019-11-27 01:00:00,0.0
2019-11-27 02:00:00,0.0
2019-11-27 03:00:00,0.0
2019-11-27 04:00:00,0.0
2019-11-27 05:00:00,0.0
2019-11-27 06:00:00,90.3
2019-11-27 07:00:00,250.73
2019-11-27 08:00:00,447.35
2019-11-27 09:00:00,601.62
2019-11-27 10:00:00,671.45
2019-11-27 11:00:00,780.85
2019-11-27 12:00:00,702.9
2019-11-27 13:00:00,562.47
2019-11-27 14:00:00,423.38
2019-11-27 15:00:00,249.55
2019-11-27 16:00:00,73.18
2019-11-27 17:00:00,0.0
2019-11-27 18:00:00,0.0
2019-11-27 19:00:00,0.0
2019-11-27 20:00:00,0.0
2019-11-27 21:00:00,0.0
2019-11-27 22:00:00,0.0
2019-11-27 23:00:00,0.0
2019-11-28 00:00:00,0.0
2019-11-28 01:00:00,0.0
2019-11-28 02:00:00,0.0
2019-11-28 03:00:00,0.0
2019-11-28 04:00:00,0.0
2019-11-28 05:00:00,0.0
2019-11-28 06:00:00,69.82
2019-11-28 07:00:00,196.4
2019-11-28 08:00:00,356.9
2019-11-28 09:00:00,557.97
2019-11-28 10:00:00,667.08
2019-11-28 11:00:00,737.55
2019-11-28 12:00:00,696.22
2019-11-28 13:00:00,603.17
2019-11-28 14:00:00,453.5
2019-11-28 15:00:00,258.15
2019-11-28 16:00:00,70.62
2019-11-28 17:00:00,0.0
2019-11-28 18:00:00,0.0
2019-11-28 19:00:00,0.0
2019-11-28 20:00:00,0.0
2019-11-28 21:00:00,0.0
2019-11-28 22:00:00,0.0
2019-11-28 23:00:00,0.0
2019-11-29 00:00:00,0.0
2019-11-29 01:00:00,0.0
2019-11-29 02:00:00,0.0
2019-11-29 03:00:00,0.0
2019-11-29 04:00:00,0.0
2019-11-29 05:00:00,0.0
2019-11-29 06:00:00,92.72
2019-11-29 07:00:00,234.45
2019-11-29 08:00:00,402.15
2019-11-29 09:00:00,515.17
2019-11-29 10:00:00,668.78
2019-11-29 11:00:00,705.92
2019-11-29 12:00:00,695.12
2019-11-29 13:00:00,589.72
2019-11-29 14:00:00,416.48
2019-11-29 15:00:00,236.3
2019-11-29 16:00:00,70.22
2019-11-29 17:00:00,0.0
2019-11-29 18:00:00,0.0
2019-11-29 19:00:00,0.0
2019-11-29 20:00:00,0.0
2019-11-29 21:00:00,0.0
2019-11-29 22:00:00,0.0
2019-11-29 23:00:00,0.0
2019-11-30 00:00:00,0.0
2019-11-30 01:00:00,0.0
2019-11-30 02:00:00,0.0
2019-11-30 03:00:00,0.0
2019-11-30 04:00:00,0.0
2019-11-30 05:00:00,0.0
2019-11-30 06:00:00,41.58
2019-11-30 07:00:00,105.65
2019-11-30 08:00:00,187.55
2019-11-30 09:00:00,410.08
2019-11-30 10:00:00,357.23
2019-11-30 11:00:00,397.75
2019-11-30 12:00:00,201.8
2019-11-30 13:00:00,127.15
2019-11-30 14:00:00,113.45
2019-11-30 15:00:00,62.08
2019-11-30 16:00:00,15.38
2019-11-30 17:00:00,0.0
2019-11-30 18:00:00,0.0
2019-11-30 19:00:00,0.0
2019-11-30 20:00:00,0.0
2019-11-30 21:00:00,0.0
2019-11-30 22:00:00,0.0
2019-11-30 23:00:00,0.0
2019-12-01 00:00:00,0.0
2019-12-01 01:00:00,0.0
2019-12-01 02:00:00,0.0
2019-12-01 03:00:00,0.0
2019-12-01 04:00:00,0.0
2019-12-01 05:00:00,0.0
2019-12-01 06:00:00,17.35
2019-12-01 07:00:00,50.83
2019-12-01 08:00:00,97.28
2019-12-01 09:00:00,175.85
2019-12-01 10:00:00,312.35
2019-12-01 11:00:00,455.55
2019-12-01 12:00:00,430.7
2019-12-01 13:00:00,295.27
2019-12-01 14:00:00,105.55
2019-12-01 15:00:00,59.28
2019-12-01 16:00:00,19.4
2019-12-01 17:00:00,0.0
2019-12-01 18:00:00,0.0
2019-12-01 19:00:00,0.0
2019-12-01 20:00:00,0.0
2019-12-01 21:00:00,0.0
2019-12-01 22:00:00,0.0
2019-12-01 23:00:00,0.0
2019-12-02 00:00:00,0.0
2019-12-02 01:00:00,0.0
2019-12-02 02:00:00,0.0
2019-12-02 03:00:00,0.0
2019-12-02 04:00:00,0.0
2019-12-02 05:00:00,0.0
2019-12-02 06:00:00,72.07
2019-12-02 07:00:00,206.12
2019-12-02 08:00:00,369.8
2019-12-02 09:00:00,501.38
2019-12-02 10:00:00,553.6
2019-12-02 11:00:00,528.78
2019-12-02 12:00:00,458.92
2019-12-02 13:00:00,319.17
2019-12-02 14:00:00,197.1
2019-12-02 15:00:00,116.82
2019-12-02 16:00:00,34.28
2019-12-02 17:00:00,0.0
2019-12-02 18:00:00,0.0
2019-12-02 19:00:00,0.0
2019-12-02 20:00:00,0.0
2019-12-02 21:00:00,0.0
2019-12-02 22:00:00,0.0
2019-12-02 23:00:00,0.0
2019-12-03 00:00:00,0.0
2019-12-03 01:00:00,0.0
2019-12-03 02:00:00,0.0
2019-12-03 03:00:00,0.0
2019-12-03 04:00:00,0.0
2019-12-03 05:00:00,0.0
2019-12-03 06:00:00,51.95
2019-12-03 07:00:00,150.98
2019-12-03 08:00:00,279.67
2019-12-03 09:00:00,466.6
2019-12-03 10:00:00,531.6
2019-12-03 11:00:00,629.97
2019-12-03 12:00:00,654.75
2019-12-03 13:00:00,544.45
2019-12-03 14:00:00,331.4
2019-12-03 15:00:00,194.0
2019-12-03 16:00:00,55.05
2019-12-03 17:00:00,0.0
2019-12-03 18:00:00,0.0
2019-12-03 19:00:00,0.0
2019-12-03 20:00:00,0.0
2019-12-03 21:00:00,0.0
2019-12-03 22:00:00,0.0
2019-12-03 23:00:00,0.0
2019-12-04 00:00:00,0.0
2019-12-04 01:00:00,0.0
2019-12-04 02:00:00,0.0
2019-12-04 03:00:00,0.0
2019-12-04 04:00:00,0.0
2019-12-04 05:00:00,0.0
2019-12-04 06:00:00,66.55
2019-12-04 07:00:00,195.65
2019-12-04 08:00:00,341.4
2019-12-04 09:00:00,502.62
2019-12-04 10:00:00,652.17
2019-12-04 11:00:00,738.05
2019-12-04 12:00:00,712.3
2019-12-04 13:00:00,602.6
2019-12-04 14:00:00,417.38
2019-12-04 15:00:00,234.35
2019-12-04 16:00:00,65.18
2019-12-04 17:00:00,0.0
2019-12-04 18:00:00,0.0
2019-12-04 19:00:00,0.0
2019-12-04 20:00:00,0.0
2019-12-04 21:00:00,0.0
2019-12-04 22:00:00,0.0
2019-12-04 23:00:00,0.0
2019-12-05 00:00:00,0.0
2019-12-05 01:00:00,0.0
2019-12-05 02:00:00,0.0
2019-12-05 03:00:00,0.0
2019-12-05 04:00:00,0.0
2019-12-05 05:00:00,0.0
2019-12-05 06:00:00,69.4
2019-12-05 07:00:00,213.62
2019-12-05 08:00:00,370.75
2019-12-05 09:00:00,496.17
2019-12-05 10:00:00,515.7
2019-12-05 11:00:00,588.6
2019-12-05 12:00:00,617.45
2019-12-05 13:00:00,588.53
2019-12-05 14:00:00,440.52
2019-12-05 15:00:00,233.65
2019-12-05 16:00:00,61.1
2019-12-05 17:00:00,0.0
2019-12-05 18:00:00,0.0
2019-12-05 19:00:00,0.0
2019-12-05 20:00:00,0.0
2019-12-05 21:00:00,0.0
2019-12-05 22:00:00,0.0
2019-12-05 23:00:00,0.0
2019-12-06 00:00:00,0.0
2019-12-06 01:00:00,0.0
2019-12-06 02:00:00,0.0
2019-12-06 03:00:00,0.0
2019-12-06 04:00:00,0.0
2019-12-06 05:00:00,0.0
2019-12-06 06:00:00,70.05
2019-12-06 07:00:00,216.68
2019-12-06 08:00:00,363.77
2019-12-06 09:00:00,501.88
2019-12-06 10:00:00,625.25
2019-12-06 11:00:00,658.35
2019-12-06 12:00:00,636.35
2019-12-06 13:00:00,557.22
2019-12-06 14:00:00,416.02
2019-12-06 15:00:00,232.5
2019-12-06 16:00:00,64.6
2019-12-06 17:00:00,0.0
2019-12-06 18:00:00,0.0
2019-12-06 19:00:00,0.0
2019-12-06 20:00:00,0.0
2019-12-06 21:00:00,0.0
2019-12-06 22:00:00,0.0
2019-12-06 23:00:00,0.0
2019-12-07 00:00:00,0.0
2019-12-07 01:00:00,0.0
2019-12-07 02:00:00,0.0
2019-12-07 03:00:00,0.0
2019-12-07 04:00:00,0.0
2019-12-07 05:00:00,0.0
2019-12-07 06:00:00,37.97
2019-12-07 07:00:00,134.25
2019-12-07 08:00:00,268.83
2019-12-07 09:00:00,402.27
2019-12-07 10:00:00,533.47
2019-12-07 11:00:00,577.3
2019-12-07 12:00:00,515.65
2019-12-07 13:00:00,346.33
2019-12-07 14:00:00,353.98
2019-12-07 15:00:00,200.6
2019-12-07 16:00:00,61.17
2019-12-07 17:00:00,0.0
2019-12-07 18:00:00,0.0
2019-12-07 19:00:00,0.0
2019-12-07 20:00:00,0.0
2019-12-07 21:00:00,0.0
2019-12-07 22:00:00,0.0
2019-12-07 23:00:00,0.0
2019-12-08 00:00:00,0.0
2019-12-08 01:00:00,0.0
2019-12-08 02:00:00,0.0
2019-12-08 03:00:00,0.0
2019-12-08 04:00:00,0.0
2019-12-08 05:00:00,0.0
2019-12-08 06:00:00,93.35
2019-12-08 07:00:00,293.95
2019-12-08 08:00:00,498.25
2019-12-08 09:00:00,650.72
2019-12-08 10:00:00,739.35
2019-12-08 11:00:00,770.97
2019-12-08 12:00:00,676.47
2019-12-08 13:00:00,632.2
2019-12-08 14:00:00,468.9
2019-12-08 15:00:00,269.62
2019-12-08 16:00:00,80.82
2019-12-08 17:00:00,0.0
2019-12-08 18:00:00,0.0
2019-12-08 19:00:00,0.0
2019-12-08 20:00:00,0.0
2019-12-08 21:00:00,0.0
2019-12-08 22:00:00,0.0
2019-12-08 23:00:00,0.0
2019-12-09 00:00:00,0.0
2019-12-09 01:00:00,0.0
2019-12-09 02:00:00,0.0
2019-12-09 03:00:00,0.0
2019-12-09 04:00:00,0.0
2019-12-09 05:00:00,0.0
2019-12-09 06:00:00,99.93
2019-12-09 07:00:00,303.3
2019-12-09 08:00:00,525.7
2019-12-09 09:00:00,687.88
2019-12-09 10:00:00,807.45
2019-12-09 11:00:00,838.6
2019-12-09 12:00:00,803.45
2019-12-09 13:00:00,685.8
2019-12-09 14:00:00,530.75
2019-12-09 15:00:00,317.5
2019-12-09 16:00:00,102.57
2019-12-09 17:00:00,0.0
2019-12-09 18:00:00,0.0
2019-12-09 19:00:00,0.0
2019-12-09 20:00:00,0.0
2019-12-09 21:00:00,0.0
2019-12-09 22:00:00,0.0
2019-12-09 23:00:00,0.0
2019-12-10 00:00:00,0.0
2019-12-10 01:00:00,0.0
2019-12-10 02:00:00,0.0
2019-12-10 03:00:00,0.0
2019-12-10 04:00:00,0.0
2019-12-10 05:00:00,0.0
2019-12-10 06:00:00,97.45
2019-12-10 07:00:00,306.25
2019-12-10 08:00:00,511.9
2019-12-10 09:00:00,634.25
2019-12-10 10:00:00,763.22
2019-12-10 11:00:00,772.58
2019-12-10 12:00:00,723.58
2019-12-10 13:00:00,573.35
2019-12-10 14:00:00,422.52
2019-12-10 15:00:00,251.1
2019-12-10 16:00:00,83.32
2019-12-10 17:00:00,0.0
2019-12-10 18:00:00,0.0
2019-12-10 19:00:00,0.0
2019-12-10 20:00:00,0.0
2019-12-10 21:00:00,0.0
2019-12-10 22:00:00,0.0
2019-12-10 23:00:00,0.0
2019-12-11 00:00:00,0.0
2019-12-11 01:00:00,0.0
2019-12-11 02:00:00,0.0
2019-12-11 03:00:00,0.0
2019-12-11 04:00:00,0.0
2019-12-11 05:00:00,0.0
2019-12-11 06:00:00,87.53
2019-12-11 07:00:00,275.58
2019-12-11 08:00:00,464.6
2019-12-11 09:00:00,622.38
2019-12-11 10:00:00,696.85
2019-12-11 11:00:00,747.28
2019-12-11 12:00:00,706.75
2019-12-11 13:00:00,581.97
2019-12-11 14:00:00,420.4
2019-12-11 15:00:00,234.62
2019-12-11 16:00:00,65.18
2019-12-11 17:00:00,0.0
2019-12-11 18:00:00,0.0
2019-12-11 19:00:00,0.0
2019-12-11 20:00:00,0.0
2019-12-11 21:00:00,0.0
2019-12-11 22:00:00,0.0
2019-12-11 23:00:00,0.0
2019-12-12 00:00:00,0.0
2019-12-12 01:00:00,0.0
2019-12-12 02:00:00,0.0
2019-12-12 03:00:00,0.0
2019-12-12 04:00:00,0.0
2019-12-12 05:00:00,0.0
2019-12-12 06:00:00,63.38
2019-12-12 07:00:00,225.93
2019-12-12 08:00:00,408.35
2019-12-12 09:00:00,522.75
2019-12-12 10:00:00,594.75
2019-12-12 11:00:00,622.55
2019-12-12 12:00:00,554.85
2019-12-12 13:00:00,531.95
2019-12-12 14:00:00,396.25
2019-12-12 15:00:00,227.82
2019-12-12 16:00:00,67.95
2019-12-12 17:00:00,0.0
2019-12-12 18:00:00,0.0
2019-12-12 19:00:00,0.0
2019-12-12 20:00:00,0.0
2019-12-12 21:00:00,0.0
2019-12-12 22:00:00,0.0
2019-12-12 23:00:00,0.0
2019-12-13 00:00:00,0.0
2019-12-13 01:00:00,0.0
2019-12-13 02:00:00,0.0
2019-12-13 03:00:00,0.0
2019-12-13 04:00:00,0.0
2019-12-13 05:00:00,0.0
2019-12-13 06:00:00,45.88
2019-12-13 07:00:00,148.12
2019-12-13 08:00:00,272.23
2019-12-13 09:00:00,330.45
2019-12-13 10:00:00,357.02
2019-12-13 11:00:00,373.1
2019-12-13 12:00:00,391.35
2019-12-13 13:00:00,346.67
2019-12-13 14:00:00,287.05
2019-12-13 15:00:00,147.32
2019-12-13 16:00:00,35.45
2019-12-13 17:00:00,0.0
2019-12-13 18:00:00,0.0
2019-12-13 19:00:00,0.0
2019-12-13 20:00:00,0.0
2019-12-13 21:00:00,0.0
2019-12-13 22:00:00,0.0
2019-12-13 23:00:00,0.0
2019-12-14 00:00:00,0.0
2019-12-14 01:00:00,0.0
2019-12-14 02:00:00,0.0
2019-12-14 03:00:00,0.0
2019-12-14 04:00:00,0.0
2019-12-14 05:00:00,0.0
2019-12-14 06:00:00,41.05
2019-12-14 07:00:00,169.02
2019-12-14 08:00:00,349.2
2019-12-14 09:00:00,485.1
2019-12-14 10:00:00,538.17
2019-12-14 11:00:00,546.38
2019-12-14 12:00:00,465.65
2019-12-14 13:00:00,366.75
2019-12-14 14:00:00,291.5
2019-12-14 15:00:00,141.3
2019-12-14 16:00:00,37.85
2019-12-14 17:00:00,0.0
2019-12-14 18:00:00,0.0
2019-12-14 19:00:00,0.0
2019-12-14 20:00:00,0.0
2019-12-14 21:00:00,0.0
2019-12-14 22:00:00,0.0
2019-12-14 23:00:00,0.0
2019-12-15 00:00:00,0.0
2019-12-15 01:00:00,0.0
2019-12-15 02:00:00,0.0
2019-12-15 03:00:00,0.0
2019-12-15 04:00:00,0.0
2019-12-15 05:00:00,0.0
2019-12-15 06:00:00,61.62
2019-12-15 07:00:00,214.88
2019-12-15 08:00:00,384.1
2019-12-15 09:00:00,548.3
2019-12-15 10:00:00,658.15
2019-12-15 11:00:00,696.25
2019-12-15 12:00:00,663.4
2019-12-15 13:00:00,538.35
2019-12-15 14:00:00,410.02
2019-12-15 15:00:00,222.27
2019-12-15 16:00:00,68.93
2019-12-15 17:00:00,0.0
2019-12-15 18:00:00,0.0
2019-12-15 19:00:00,0.0
2019-12-15 20:00:00,0.0
2019-12-15 21:00:00,0.0
2019-12-15 22:00:00,0.0
2019-12-15 23:00:00,0.0
2019-12-16 00:00:00,0.0
2019-12-16 01:00:00,0.0
2019-12-16 02:00:00,0.0
2019-12-16 03:00:00,0.0
2019-12-16 04:00:00,0.0
2019-12-16 05:00:00,0.0
2019-12-16 06:00:00,61.7
2019-12-16 07:00:00,239.48
2019-12-16 08:00:00,430.35
2019-12-16 09:00:00,573.2
2019-12-16 10:00:00,712.85
2019-12-16 11:00:00,745.58
2019-12-16 12:00:00,661.55
2019-12-16 13:00:00,555.1
2019-12-16 14:00:00,417.35
2019-12-16 15:00:00,244.38
2019-12-16 16:00:00,78.38
2019-12-16 17:00:00,0.0
2019-12-16 18:00:00,0.0
2019-12-16 19:00:00,0.0
2019-12-16 20:00:00,0.0
2019-12-16 21:00:00,0.0
2019-12-16 22:00:00,0.0
2019-12-16 23:00:00,0.0
2019-12-17 00:00:00,0.0
2019-12-17 01:00:00,0.0
2019-12-17 02:00:00,0.0
2019-12-17 03:00:00,0.0
2019-12-17 04:00:00,0.0
2019-12-17 05:00:00,0.0
2019-12-17 06:00:00,62.12
2019-12-17 07:00:00,243.12
2019-12-17 08:00:00,448.75
2019-12-17 09:00:00,639.55
2019-12-17 10:00:00,722.3
2019-12-17 11:00:00,777.15
2019-12-17 12:00:00,745.9
2019-12-17 13:00:00,594.42
2019-12-17 14:00:00,496.15
2019-12-17 15:00:00,256.92
2019-12-17 16:00:00,65.97
2019-12-17 17:00:00,0.0
2019-12-17 18:00:00,0.0
2019-12-17 19:00:00,0.0
2019-12-17 20:00:00,0.0
2019-12-17 21:00:00,0.0
2019-12-17 22:00:00,0.0
2019-12-17 23:00:00,0.0
2019-12-18 00:00:00,0.0
2019-12-18 01:00:00,0.0
2019-12-18 02:00:00,0.0
2019-12-18 03:00:00,0.0
2019-12-18 04:00:00,0.0
2019-12-18 05:00:00,0.0
2019-12-18 06:00:00,56.9
2019-12-18 07:00:00,225.73
2019-12-18 08:00:00,425.92
2019-12-18 09:00:00,544.05
2019-12-18 10:00:00,579.15
2019-12-18 11:00:00,631.38
2019-12-18 12:00:00,638.75
2019-12-18 13:00:00,613.25
2019-12-18 14:00:00,435.27
2019-12-18 15:00:00,253.25
2019-12-18 16:00:00,88.6
2019-12-18 17:00:00,0.0
2019-12-18 18:00:00,0.0
2019-12-18 19:00:00,0.0
2019-12-18 20:00:00,0.0
2019-12-18 21:00:00,0.0
2019-12-18 22:00:00,0.0
2019-12-18 23:00:00,0.0
2019-12-19 00:00:00,0.0
2019-12-19 01:00:00,0.0
2019-12-19 02:00:00,0.0
2019-12-19 03:00:00,0.0
2019-12-19 04:00:00,0.0
2019-12-19 05:00:00,0.0
2019-12-19 06:00:00,52.53
2019-12-19 07:00:00,211.0
2019-12-19 08:00:00,394.15
2019-12-19 09:00:00,579.72
2019-12-19 10:00:00,681.83
2019-12-19 11:00:00,723.25
2019-12-19 12:00:00,651.3
2019-12-19 13:00:00,601.95
2019-12-19 14:00:00,448.6
2019-12-19 15:00:00,261.83
2019-12-19 16:00:00,87.32
2019-12-19 17:00:00,0.0
2019-12-19 18:00:00,0.0
2019-12-19 19:00:00,0.0
2019-12-19 20:00:00,0.0
2019-12-19 21:00:00,0.0
2019-12-19 22:00:00,0.0
2019-12-19 23:00:00,0.0
2019-12-20 00:00:00,0.0
2019-12-20 01:00:00,0.0
2019-12-20 02:00:00,0.0
2019-12-20 03:00:00,0.0
2019-12-20 04:00:00,0.0
2019-12-20 05:00:00,0.0
2019-12-20 06:00:00,63.42
2019-12-20 07:00:00,224.12
2019-12-20 08:00:00,395.52
2019-12-20 09:00:00,472.9
2019-12-20 10:00:00,593.8
2019-12-20 11:00:00,680.78
2019-12-20 12:00:00,620.88
2019-12-20 13:00:00,533.55
2019-12-20 14:00:00,455.23
2019-12-20 15:00:00,266.75
2019-12-20 16:00:00,85.07
2019-12-20 17:00:00,0.0
2019-12-20 18:00:00,0.0
2019-12-20 19:00:00,0.0
2019-12-20 20:00:00,0.0
2019-12-20 21:00:00,0.0
2019-12-20 22:00:00,0.0
2019-12-20 23:00:00,0.0
2019-12-21 00:00:00,0.0
2019-12-21 01:00:00,0.0
2019-12-21 02:00:00,0.0
2019-12-21 03:00:00,0.0
2019-12-21 04:00:00,0.0
2019-12-21 05:00:00,0.0
2019-12-21 06:00:00,51.12
2019-12-21 07:00:00,201.68
2019-12-21 08:00:00,375.85
2019-12-21 09:00:00,522.45
2019-12-21 10:00:00,589.25
2019-12-21 11:00:00,638.1
2019-12-21 12:00:00,561.4
2019-12-21 13:00:00,451.5
2019-12-21 14:00:00,352.1
2019-12-21 15:00:00,207.07
2019-12-21 16:00:00,78.78
2019-12-21 17:00:00,0.0
2019-12-21 18:00:00,0.0
2019-12-21 19:00:00,0.0
2019-12-21 20:00:00,0.0
2019-12-21 21:00:00,0.0
2019-12-21 22:00:00,0.0
2019-12-21 23:00:00,0.0
2019-12-22 00:00:00,0.0
2019-12-22 01:00:00,0.0
2019-12-22 02:00:00,0.0
2019-12-22 03:00:00,0.0
2019-12-22 04:00:00,0.0
2019-12-22 05:00:00,0.0
2019-12-22 06:00:00,61.62
2019-12-22 07:00:00,255.1
2019-12-22 08:00:00,463.9
2019-12-22 09:00:00,642.7
2019-12-22 10:00:00,751.35
2019-12-22 11:00:00,784.25
2019-12-22 12:00:00,745.6
2019-12-22 13:00:00,647.83
2019-12-22 14:00:00,502.35
2019-12-22 15:00:00,306.15
2019-12-22 16:00:00,107.72
2019-12-22 17:00:00,0.0
2019-12-22 18:00:00,0.0
2019-12-22 19:00:00,0.0
2019-12-22 20:00:00,0.0
2019-12-22 21:00:00,0.0
2019-12-22 22:00:00,0.0
2019-12-22 23:00:00,0.0
2019-12-23 00:00:00,0.0
2019-12-23 01:00:00,0.0
2019-12-23 02:00:00,0.0
2019-12-23 03:00:00,0.0
2019-12-23 04:00:00,0.0
2019-12-23 05:00:00,0.0
2019-12-23 06:00:00,49.7
2019-12-23 07:00:00,187.45
2019-12-23 08:00:00,368.2
2019-12-23 09:00:00,506.67
2019-12-23 10:00:00,567.95
2019-12-23 11:00:00,687.28
2019-12-23 12:00:00,645.5
2019-12-23 13:00:00,375.45
2019-12-23 14:00:00,290.27
2019-12-23 15:00:00,160.98
2019-12-23 16:00:00,62.67
2019-12-23 17:00:00,0.0
2019-12-23 18:00:00,0.0
2019-12-23 19:00:00,0.0
2019-12-23 20:00:00,0.0
2019-12-23 21:00:00,0.0
2019-12-23 22:00:00,0.0
2019-12-23 23:00:00,0.0
2019-12-24 00:00:00,0.0
2019-12-24 01:00:00,0.0
2019-12-24 02:00:00,0.0
2019-12-24 03:00:00,0.0
2019-12-24 04:00:00,0.0
2019-12-24 05:00:00,0.0
2019-12-24 06:00:00,27.3
2019-12-24 07:00:00,106.45
2019-12-24 08:00:00,209.57
2019-12-24 09:00:00,321.7
2019-12-24 10:00:00,300.4
2019-12-24 11:00:00,321.73
2019-12-24 12:00:00,297.23
2019-12-24 13:00:00,189.5
2019-12-24 14:00:00,110.78
2019-12-24 15:00:00,79.22
2019-12-24 16:00:00,30.33
2019-12-24 17:00:00,0.0
2019-12-24 18:00:00,0.0
2019-12-24 19:00:00,0.0
2019-12-24 20:00:00,0.0
2019-12-24 21:00:00,0.0
2019-12-24 22:00:00,0.0
2019-12-24 23:00:00,0.0
2019-12-25 00:00:00,0.0
2019-12-25 01:00:00,0.0
2019-12-25 02:00:00,0.0
2019-12-25 03:00:00,0.0
2019-12-25 04:00:00,0.0
2019-12-25 05:00:00,0.0
2019-12-25 06:00:00,37.33
2019-12-25 07:00:00,142.07
2019-12-25 08:00:00,268.83
2019-12-25 09:00:00,426.42
2019-12-25 10:00:00,583.1
2019-12-25 11:00:00,674.2
2019-12-25 12:00:00,671.53
2019-12-25 13:00:00,596.75
2019-12-25 14:00:00,462.35
2019-12-25 15:00:00,298.58
2019-12-25 16:00:00,110.1
2019-12-25 17:00:00,0.0
2019-12-25 18:00:00,0.0
2019-12-25 19:00:00,0.0
2019-12-25 20:00:00,0.0
2019-12-25 21:00:00,0.0
2019-12-25 22:00:00,0.0
2019-12-25 23:00:00,0.0
2019-12-26 00:00:00,0.0
2019-12-26 01:00:00,0.0
2019-12-26 02:00:00,0.0
2019-12-26 03:00:00,0.0
2019-12-26 04:00:00,0.0
2019-12-26 05:00:00,0.0
2019-12-26 06:00:00,43.28
2019-12-26 07:00:00,266.48
2019-12-26 08:00:00,478.15
2019-12-26 09:00:00,647.78
2019-12-26 10:00:00,746.42
2019-12-26 11:00:00,785.05
2019-12-26 12:00:00,762.22
2019-12-26 13:00:00,674.65
2019-12-26 14:00:00,531.4
2019-12-26 15:00:00,334.6
2019-12-26 16:00:00,66.07
2019-12-26 17:00:00,0.0
2019-12-26 18:00:00,0.0
2019-12-26 19:00:00,0.0
2019-12-26 20:00:00,0.0
2019-12-26 21:00:00,0.0
2019-12-26 22:00:00,0.0
2019-12-26 23:00:00,0.0
2019-12-27 00:00:00,0.0
2019-12-27 01:00:00,0.0
2019-12-27 02:00:00,0.0
2019-12-27 03:00:00,0.0
2019-12-27 04:00:00,0.0
2019-12-27 05:00:00,0.0
2019-12-27 06:00:00,69.62
2019-12-27 07:00:00,282.83
2019-12-27 08:00:00,500.3
2019-12-27 09:00:00,665.55
2019-12-27 10:00:00,773.8
2019-12-27 11:00:00,816.4
2019-12-27 12:00:00,795.6
2019-12-27 13:00:00,661.6
2019-12-27 14:00:00,467.95
2019-12-27 15:00:00,277.2
2019-12-27 16:00:00,83.95
2019-12-27 17:00:00,0.0
2019-12-27 18:00:00,0.0
2019-12-27 19:00:00,0.0
2019-12-27 20:00:00,0.0
2019-12-27 21:00:00,0.0
2019-12-27 22:00:00,0.0
2019-12-27 23:00:00,0.0
2019-12-28 00:00:00,0.0
2019-12-28 01:00:00,0.0
2019-12-28 02:00:00,0.0
2019-12-28 03:00:00,0.0
2019-12-28 04:00:00,0.0
2019-12-28 05:00:00,0.0
2019-12-28 06:00:00,51.33
2019-12-28 07:00:00,218.3
2019-12-28 08:00:00,406.4
2019-12-28 09:00:00,565.78
2019-12-28 10:00:00,703.45
2019-12-28 11:00:00,759.9
2019-12-28 12:00:00,691.95
2019-12-28 13:00:00,594.6
2019-12-28 14:00:00,451.77
2019-12-28 15:00:00,268.52
2019-12-28 16:00:00,96.18
2019-12-28 17:00:00,0.0
2019-12-28 18:00:00,0.0
2019-12-28 19:00:00,0.0
2019-12-28 20:00:00,0.0
2019-12-28 21:00:00,0.0
2019-12-28 22:00:00,0.0
2019-12-28 23:00:00,0.0
2019-12-29 00:00:00,0.0
2019-12-29 01:00:00,0.0
2019-12-29 02:00:00,0.0
2019-12-29 03:00:00,0.0
2019-12-29 04:00:00,0.0
2019-12-29 05:00:00,0.0
2019-12-29 06:00:00,46.1
2019-12-29 07:00:00,205.8
2019-12-29 08:00:00,398.25
2019-12-29 09:00:00,573.12
2019-12-29 10:00:00,698.12
2019-12-29 11:00:00,717.4
2019-12-29 12:00:00,715.08
2019-12-29 13:00:00,612.03
2019-12-29 14:00:00,482.67
2019-12-29 15:00:00,290.12
2019-12-29 16:00:00,96.38
2019-12-29 17:00:00,3.17
2019-12-29 18:00:00,0.0
2019-12-29 19:00:00,0.0
2019-12-29 20:00:00,0.0
2019-12-29 21:00:00,0.0
2019-12-29 22:00:00,0.0
2019-12-29 23:00:00,0.0
2019-12-30 00:00:00,0.0
2019-12-30 01:00:00,0.0
2019-12-30 02:00:00,0.0
2019-12-30 03:00:00,0.0
2019-12-30 04:00:00,0.0
2019-12-30 05:00:00,0.0
2019-12-30 06:00:00,35.12
2019-12-30 07:00:00,178.62
2019-12-30 08:00:00,345.52
2019-12-30 09:00:00,491.83
2019-12-30 10:00:00,539.72
2019-12-30 11:00:00,582.33
2019-12-30 12:00:00,570.17
2019-12-30 13:00:00,503.3
2019-12-30 14:00:00,370.15
2019-12-30 15:00:00,208.4
2019-12-30 16:00:00,69.1
2019-12-30 17:00:00,2.83
2019-12-30 18:00:00,0.0
2019-12-30 19:00:00,0.0
2019-12-30 20:00:00,0.0
2019-12-30 21:00:00,0.0
2019-12-30 22:00:00,0.0
2019-12-30 23:00:00,0.0
2019-12-31 00:00:00,0.0
2019-12-31 01:00:00,0.0
2019-12-31 02:00:00,0.0
2019-12-31 03:00:00,0.0
2019-12-31 04:00:00,0.0
2019-12-31 05:00:00,0.0
2019-12-31 06:00:00,21.08
2019-12-31 07:00:00,116.03
2019-12-31 08:00:00,250.98
2019-12-31 09:00:00,350.05
2019-12-31 10:00:00,399.6
2019-12-31 11:00:00,455.92
2019-12-31 12:00:00,436.23
2019-12-31 13:00:00,367.08
2019-12-31 14:00:00,264.98
2019-12-31 15:00:00,153.12
2019-12-31 16:00:00,50.42
2019-12-31 17:00:00,2.35
2019-12-31 18:00:00,0.0
2019-12-31 19:00:00,0.0
2019-12-31 20:00:00,0.0
2019-12-31 21:00:00,0.0
2019-12-31 22:00:00,0.0
2019-12-31 23:00:00,0.0
