timestamp,ghi
2018-01-01 00:00:00,0.0
2018-01-01 01:00:00,0.0
2018-01-01 02:00:00,0.0
2018-01-01 03:00:00,0.0
2018-01-01 04:00:00,0.0
2018-01-01 05:00:00,0.0
2018-01-01 06:00:00,20.95
2018-01-01 07:00:00,112.1
2018-01-01 08:00:00,225.3
2018-01-01 09:00:00,345.42
2018-01-01 10:00:00,437.33
2018-01-01 11:00:00,450.83
2018-01-01 12:00:00,501.75
2018-01-01 13:00:00,355.6
2018-01-01 14:00:00,440.8
2018-01-01 15:00:00,266.45
2018-01-01 16:00:00,94.4
2018-01-01 17:00:00,3.33
2018-01-01 18:00:00,0.0
2018-01-01 19:00:00,0.0
2018-01-01 20:00:00,0.0
2018-01-01 21:00:00,0.0
2018-01-01 22:00:00,0.0
2018-01-01 23:00:00,0.0
2018-01-02 00:00:00,0.0
2018-01-02 01:00:00,0.0
2018-01-02 02:00:00,0.0
2018-01-02 03:00:00,0.0
2018-01-02 04:00:00,0.0
2018-01-02 05:00:00,0.0
2018-01-02 06:00:00,42.33
2018-01-02 07:00:00,209.7
2018-01-02 08:00:00,396.02
2018-01-02 09:00:00,612.3
2018-01-02 10:00:00,606.67
2018-01-02 11:00:00,773.65
2018-01-02 12:00:00,763.12
2018-01-02 13:00:00,626.78
2018-01-02 14:00:00,520.2
2018-01-02 15:00:00,323.8
2018-01-02 16:00:00,115.88
2018-01-02 17:00:00,3.92
2018-01-02 18:00:00,0.0
2018-01-02 19:00:00,0.0
2018-01-02 20:00:00,0.0
2018-01-02 21:00:00,0.0
2018-01-02 22:00:00,0.0
2018-01-02 23:00:00,0.0
2018-01-03 00:00:00,0.0
2018-01-03 01:00:00,0.0
2018-01-03 02:00:00,0.0
2018-01-03 03:00:00,0.0
2018-01-03 04:00:00,0.0
2018-01-03 05:00:00,0.0
2018-01-03 06:00:00,40.8
2018-01-03 07:00:00,210.57
2018-01-03 08:00:00,399.08
2018-01-03 09:00:00,581.35
2018-01-03 10:00:00,715.67
2018-01-03 11:00:00,758.92
2018-01-03 12:00:00,700.53
2018-01-03 13:00:00,596.12
2018-01-03 14:00:00,458.65
2018-01-03 15:00:00,278.6
2018-01-03 16:00:00,82.7
2018-01-03 17:00:00,3.42
2018-01-03 18:00:00,0.0
2018-01-03 19:00:00,0.0
2018-01-03 20:00:00,0.0
2018-01-03 21:00:00,0.0
2018-01-03 22:00:00,0.0
2018-01-03 23:00:00,0.0
2018-01-04 00:00:00,0.0
2018-01-04 01:00:00,0.0
2018-01-04 02:00:00,0.0
2018-01-04 03:00:00,0.0
2018-01-04 04:00:00,0.0
2018-01-04 05:00:00,0.0
2018-01-04 06:00:00,34.2
2018-01-04 07:00:00,191.6
2018-01-04 08:00:00,394.73
2018-01-04 09:00:00,593.6
2018-01-04 10:00:00,712.2
2018-01-04 11:00:00,749.72
2018-01-04 12:00:00,728.62
2018-01-04 13:00:00,631.08
2018-01-04 14:00:00,478.9
2018-01-04 15:00:00,286.5
2018-01-04 16:00:00,86.38
2018-01-04 17:00:00,3.6
2018-01-04 18:00:00,0.0
2018-01-04 19:00:00,0.0
2018-01-04 20:00:00,0.0
2018-01-04 21:00:00,0.0
2018-01-04 22:00:00,0.0
2018-01-04 23:00:00,0.0
2018-01-05 00:00:00,0.0
2018-01-05 01:00:00,0.0
2018-01-05 02:00:00,0.0
2018-01-05 03:00:00,0.0
2018-01-05 04:00:00,0.0
2018-01-05 05:00:00,0.0
2018-01-05 06:00:00,36.65
2018-01-05 07:00:00,205.7
2018-01-05 08:00:00,413.2
2018-01-05 09:00:00,594.5
2018-01-05 10:00:00,671.12
2018-01-05 11:00:00,764.83
2018-01-05 12:00:00,730.28
2018-01-05 13:00:00,625.83
2018-01-05 14:00:00,478.88
2018-01-05 15:00:00,289.8
2018-01-05 16:00:00,99.95
2018-01-05 17:00:00,4.15
2018-01-05 18:00:00,0.0
2018-01-05 19:00:00,0.0
2018-01-05 20:00:00,0.0
2018-01-05 21:00:00,0.0
2018-01-05 22:00:00,0.0
2018-01-05 23:00:00,0.0
2018-01-06 00:00:00,0.0
2018-01-06 01:00:00,0.0
2018-01-06 02:00:00,0.0
2018-01-06 03:00:00,0.0
2018-01-06 04:00:00,0.0
2018-01-06 05:00:00,0.0
2018-01-06 06:00:00,38.15
2018-01-06 07:00:00,208.93
2018-01-06 08:00:00,411.08
2018-01-06 09:00:00,596.62
2018-01-06 10:00:00,700.6
2018-01-06 11:00:00,724.72
2018-01-06 12:00:00,746.85
2018-01-06 13:00:00,665.3
2018-01-06 14:00:00,521.05
2018-01-06 15:00:00,326.25
2018-01-06 16:00:00,110.0
2018-01-06 17:00:00,4.5
2018-01-06 18:00:00,0.0
2018-01-06 19:00:00,0.0
2018-01-06 20:00:00,0.0
2018-01-06 21:00:00,0.0
2018-01-06 22:00:00,0.0
2018-01-06 23:00:00,0.0
2018-01-07 00:00:00,0.0
2018-01-07 01:00:00,0.0
2018-01-07 02:00:00,0.0
2018-01-07 03:00:00,0.0
2018-01-07 04:00:00,0.0
2018-01-07 05:00:00,0.0
2018-01-07 06:00:00,30.45
2018-01-07 07:00:00,196.52
2018-01-07 08:00:00,378.83
2018-01-07 09:00:00,558.83
2018-01-07 10:00:00,672.83
2018-01-07 11:00:00,804.7
2018-01-07 12:00:00,766.75
2018-01-07 13:00:00,680.6
2018-01-07 14:00:00,517.85
2018-01-07 15:00:00,315.7
2018-01-07 16:00:00,110.07
2018-01-07 17:00:00,4.75
2018-01-07 18:00:00,0.0
2018-01-07 19:00:00,0.0
2018-01-07 20:00:00,0.0
2018-01-07 21:00:00,0.0
2018-01-07 22:00:00,0.0
2018-01-07 23:00:00,0.0
2018-01-08 00:00:00,0.0
2018-01-08 01:00:00,0.0
2018-01-08 02:00:00,0.0
2018-01-08 03:00:00,0.0
2018-01-08 04:00:00,0.0
2018-01-08 05:00:00,0.0
2018-01-08 06:00:00,34.45
2018-01-08 07:00:00,191.02
2018-01-08 08:00:00,393.88
2018-01-08 09:00:00,569.67
2018-01-08 10:00:00,682.4
2018-01-08 11:00:00,690.53
2018-01-08 12:00:00,704.55
2018-01-08 13:00:00,593.7
2018-01-08 14:00:00,498.17
2018-01-08 15:00:00,302.48
2018-01-08 16:00:00,110.3
2018-01-08 17:00:00,4.9
2018-01-08 18:00:00,0.0
2018-01-08 19:00:00,0.0
2018-01-08 20:00:00,0.0
2018-01-08 21:00:00,0.0
2018-01-08 22:00:00,0.0
2018-01-08 23:00:00,0.0
2018-01-09 00:00:00,0.0
2018-01-09 01:00:00,0.0
2018-01-09 02:00:00,0.0
2018-01-09 03:00:00,0.0
2018-01-09 04:00:00,0.0
2018-01-09 05:00:00,0.0
2018-01-09 06:00:00,26.3
2018-01-09 07:00:00,128.15
2018-01-09 08:00:00,237.3
2018-01-09 09:00:00,420.2
2018-01-09 10:00:00,500.08
2018-01-09 11:00:00,574.9
2018-01-09 12:00:00,491.95
2018-01-09 13:00:00,393.05
2018-01-09 14:00:00,263.9
2018-01-09 15:00:00,158.48
2018-01-09 16:00:00,36.72
2018-01-09 17:00:00,2.55
2018-01-09 18:00:00,0.0
2018-01-09 19:00:00,0.0
2018-01-09 20:00:00,0.0
2018-01-09 21:00:00,0.0
2018-01-09 22:00:00,0.0
2018-01-09 23:00:00,0.0
2018-01-10 00:00:00,0.0
2018-01-10 01:00:00,0.0
2018-01-10 02:00:00,0.0
2018-01-10 03:00:00,0.0
2018-01-10 04:00:00,0.0
2018-01-10 05:00:00,0.0
2018-01-10 06:00:00,20.27
2018-01-10 07:00:00,92.7
2018-01-10 08:00:00,167.15
2018-01-10 09:00:00,254.7
2018-01-10 10:00:00,317.9
2018-01-10 11:00:00,370.12
2018-01-10 12:00:00,336.58
2018-01-10 13:00:00,324.73
2018-01-10 14:00:00,307.42
2018-01-10 15:00:00,180.27
2018-01-10 16:00:00,64.43
2018-01-10 17:00:00,4.15
2018-01-10 18:00:00,0.0
2018-01-10 19:00:00,0.0
2018-01-10 20:00:00,0.0
2018-01-10 21:00:00,0.0
2018-01-10 22:00:00,0.0
2018-01-10 23:00:00,0.0
2018-01-11 00:00:00,0.0
2018-01-11 01:00:00,0.0
2018-01-11 02:00:00,0.0
2018-01-11 03:00:00,0.0
2018-01-11 04:00:00,0.0
2018-01-11 05:00:00,0.0
2018-01-11 06:00:00,32.55
2018-01-11 07:00:00,176.6
2018-01-11 08:00:00,350.4
2018-01-11 09:00:00,520.78
2018-01-11 10:00:00,657.45
2018-01-11 11:00:00,759.65
2018-01-11 12:00:00,763.95
2018-01-11 13:00:00,649.92
2018-01-11 14:00:00,474.5
2018-01-11 15:00:00,300.55
2018-01-11 16:00:00,114.25
2018-01-11 17:00:00,5.8
2018-01-11 18:00:00,0.0
2018-01-11 19:00:00,0.0
2018-01-11 20:00:00,0.0
2018-01-11 21:00:00,0.0
2018-01-11 22:00:00,0.0
2018-01-11 23:00:00,0.0
2018-01-12 00:00:00,0.0
2018-01-12 01:00:00,0.0
2018-01-12 02:00:00,0.0
2018-01-12 03:00:00,0.0
2018-01-12 04:00:00,0.0
2018-01-12 05:00:00,0.0
2018-01-12 06:00:00,33.62
2018-01-12 07:00:00,203.8
2018-01-12 08:00:00,406.7
2018-01-12 09:00:00,594.3
2018-01-12 10:00:00,572.17
2018-01-12 11:00:00,714.12
2018-01-12 12:00:00,762.88
2018-01-12 13:00:00,662.12
2018-01-12 14:00:00,516.25
2018-01-12 15:00:00,331.75
2018-01-12 16:00:00,121.43
2018-01-12 17:00:00,6.07
2018-01-12 18:00:00,0.0
2018-01-12 19:00:00,0.0
2018-01-12 20:00:00,0.0
2018-01-12 21:00:00,0.0
2018-01-12 22:00:00,0.0
2018-01-12 23:00:00,0.0
2018-01-13 00:00:00,0.0
2018-01-13 01:00:00,0.0
2018-01-13 02:00:00,0.0
2018-01-13 03:00:00,0.0
2018-01-13 04:00:00,0.0
2018-01-13 05:00:00,0.0
2018-01-13 06:00:00,33.0
2018-01-13 07:00:00,193.05
2018-01-13 08:00:00,367.98
2018-01-13 09:00:00,595.2
2018-01-13 10:00:00,735.38
2018-01-13 11:00:00,814.35
2018-01-13 12:00:00,736.03
2018-01-13 13:00:00,692.38
2018-01-13 14:00:00,542.67
2018-01-13 15:00:00,339.62
2018-01-13 16:00:00,127.05
2018-01-13 17:00:00,6.55
2018-01-13 18:00:00,0.0
2018-01-13 19:00:00,0.0
2018-01-13 20:00:00,0.0
2018-01-13 21:00:00,0.0
2018-01-13 22:00:00,0.0
2018-01-13 23:00:00,0.0
2018-01-14 00:00:00,0.0
2018-01-14 01:00:00,0.0
2018-01-14 02:00:00,0.0
2018-01-14 03:00:00,0.0
2018-01-14 04:00:00,0.0
2018-01-14 05:00:00,0.0
2018-01-14 06:00:00,34.62
2018-01-14 07:00:00,195.38
2018-01-14 08:00:00,377.9
2018-01-14 09:00:00,575.53
2018-01-14 10:00:00,708.42
2018-01-14 11:00:00,764.47
2018-01-14 12:00:00,703.3
2018-01-14 13:00:00,639.45
2018-01-14 14:00:00,503.27
2018-01-14 15:00:00,321.02
2018-01-14 16:00:00,111.38
2018-01-14 17:00:00,5.97
2018-01-14 18:00:00,0.0
2018-01-14 19:00:00,0.0
2018-01-14 20:00:00,0.0
2018-01-14 21:00:00,0.0
2018-01-14 22:00:00,0.0
2018-01-14 23:00:00,0.0
2018-01-15 00:00:00,0.0
2018-01-15 01:00:00,0.0
2018-01-15 02:00:00,0.0
2018-01-15 03:00:00,0.0
2018-01-15 04:00:00,0.0
2018-01-15 05:00:00,0.0
2018-01-15 06:00:00,30.58
2018-01-15 07:00:00,187.9
2018-01-15 08:00:00,386.73
2018-01-15 09:00:00,541.33
2018-01-15 10:00:00,681.42
2018-01-15 11:00:00,710.17
2018-01-15 12:00:00,741.28
2018-01-15 13:00:00,643.97
2018-01-15 14:00:00,491.92
2018-01-15 15:00:00,311.73
2018-01-15 16:00:00,105.22
2018-01-15 17:00:00,5.88
2018-01-15 18:00:00,0.0
2018-01-15 19:00:00,0.0
2018-01-15 20:00:00,0.0
2018-01-15 21:00:00,0.0
2018-01-15 22:00:00,0.0
2018-01-15 23:00:00,0.0
2018-01-16 00:00:00,0.0
2018-01-16 01:00:00,0.0
2018-01-16 02:00:00,0.0
2018-01-16 03:00:00,0.0
2018-01-16 04:00:00,0.0
2018-01-16 05:00:00,0.0
2018-01-16 06:00:00,31.1
2018-01-16 07:00:00,180.25
2018-01-16 08:00:00,358.23
2018-01-16 09:00:00,527.9
2018-01-16 10:00:00,649.2
2018-01-16 11:00:00,731.72
2018-01-16 12:00:00,664.67
2018-01-16 13:00:00,637.6
2018-01-16 14:00:00,490.05
2018-01-16 15:00:00,298.73
2018-01-16 16:00:00,108.6
2018-01-16 17:00:00,6.62
2018-01-16 18:00:00,0.0
2018-01-16 19:00:00,0.0
2018-01-16 20:00:00,0.0
2018-01-16 21:00:00,0.0
2018-01-16 22:00:00,0.0
2018-01-16 23:00:00,0.0
2018-01-17 00:00:00,0.0
2018-01-17 01:00:00,0.0
2018-01-17 02:00:00,0.0
2018-01-17 03:00:00,0.0
2018-01-17 04:00:00,0.0
2018-01-17 05:00:00,0.0
2018-01-17 06:00:00,35.62
2018-01-17 07:00:00,187.35
2018-01-17 08:00:00,372.23
2018-01-17 09:00:00,594.25
2018-01-17 10:00:00,742.45
2018-01-17 11:00:00,820.58
2018-01-17 12:00:00,813.08
2018-01-17 13:00:00,728.78
2018-01-17 14:00:00,581.6
2018-01-17 15:00:00,380.27
2018-01-17 16:00:00,150.12
2018-01-17 17:00:00,8.3
2018-01-17 18:00:00,0.0
2018-01-17 19:00:00,0.0
2018-01-17 20:00:00,0.0
2018-01-17 21:00:00,0.0
2018-01-17 22:00:00,0.0
2018-01-17 23:00:00,0.0
2018-01-18 00:00:00,0.0
2018-01-18 01:00:00,0.0
2018-01-18 02:00:00,0.0
2018-01-18 03:00:00,0.0
2018-01-18 04:00:00,0.0
2018-01-18 05:00:00,0.0
2018-01-18 06:00:00,34.47
2018-01-18 07:00:00,215.43
2018-01-18 08:00:00,440.33
2018-01-18 09:00:00,626.4
2018-01-18 10:00:00,739.47
2018-01-18 11:00:00,783.7
2018-01-18 12:00:00,792.28
2018-01-18 13:00:00,717.72
2018-01-18 14:00:00,571.58
2018-01-18 15:00:00,363.0
2018-01-18 16:00:00,140.1
2018-01-18 17:00:00,8.75
2018-01-18 18:00:00,0.0
2018-01-18 19:00:00,0.0
2018-01-18 20:00:00,0.0
2018-01-18 21:00:00,0.0
2018-01-18 22:00:00,0.0
2018-01-18 23:00:00,0.0
2018-01-19 00:00:00,0.0
2018-01-19 01:00:00,0.0
2018-01-19 02:00:00,0.0
2018-01-19 03:00:00,0.0
2018-01-19 04:00:00,0.0
2018-01-19 05:00:00,0.0
2018-01-19 06:00:00,36.45
2018-01-19 07:00:00,223.35
2018-01-19 08:00:00,448.12
2018-01-19 09:00:00,635.33
2018-01-19 10:00:00,715.65
2018-01-19 11:00:00,814.8
2018-01-19 12:00:00,773.33
2018-01-19 13:00:00,673.83
2018-01-19 14:00:00,522.92
2018-01-19 15:00:00,343.45
2018-01-19 16:00:00,137.7
2018-01-19 17:00:00,8.65
2018-01-19 18:00:00,0.0
2018-01-19 19:00:00,0.0
2018-01-19 20:00:00,0.0
2018-01-19 21:00:00,0.0
2018-01-19 22:00:00,0.0
2018-01-19 23:00:00,0.0
2018-01-20 00:00:00,0.0
2018-01-20 01:00:00,0.0
2018-01-20 02:00:00,0.0
2018-01-20 03:00:00,0.0
2018-01-20 04:00:00,0.0
2018-01-20 05:00:00,0.0
2018-01-20 06:00:00,24.92
2018-01-20 07:00:00,179.2
2018-01-20 08:00:00,375.83
2018-01-20 09:00:00,578.6
2018-01-20 10:00:00,691.47
2018-01-20 11:00:00,791.65
2018-01-20 12:00:00,781.12
2018-01-20 13:00:00,688.4
2018-01-20 14:00:00,523.47
2018-01-20 15:00:00,338.83
2018-01-20 16:00:00,125.05
2018-01-20 17:00:00,8.15
2018-01-20 18:00:00,0.0
2018-01-20 19:00:00,0.0
2018-01-20 20:00:00,0.0
2018-01-20 21:00:00,0.0
2018-01-20 22:00:00,0.0
2018-01-20 23:00:00,0.0
2018-01-21 00:00:00,0.0
2018-01-21 01:00:00,0.0
2018-01-21 02:00:00,0.0
2018-01-21 03:00:00,0.0
2018-01-21 04:00:00,0.0
2018-01-21 05:00:00,0.0
2018-01-21 06:00:00,32.28
2018-01-21 07:00:00,185.52
2018-01-21 08:00:00,388.17
2018-01-21 09:00:00,576.33
2018-01-21 10:00:00,691.2
2018-01-21 11:00:00,779.83
2018-01-21 12:00:00,756.58
2018-01-21 13:00:00,678.08
2018-01-21 14:00:00,545.55
2018-01-21 15:00:00,356.75
2018-01-21 16:00:00,136.9
2018-01-21 17:00:00,8.8
2018-01-21 18:00:00,0.0
2018-01-21 19:00:00,0.0
2018-01-21 20:00:00,0.0
2018-01-21 21:00:00,0.0
2018-01-21 22:00:00,0.0
2018-01-21 23:00:00,0.0
2018-01-22 00:00:00,0.0
2018-01-22 01:00:00,0.0
2018-01-22 02:00:00,0.0
2018-01-22 03:00:00,0.0
2018-01-22 04:00:00,0.0
2018-01-22 05:00:00,0.0
2018-01-22 06:00:00,31.45
2018-01-22 07:00:00,195.68
2018-01-22 08:00:00,401.48
2018-01-22 09:00:00,623.92
2018-01-22 10:00:00,697.55
2018-01-22 11:00:00,738.4
2018-01-22 12:00:00,752.6
2018-01-22 13:00:00,652.58
2018-01-22 14:00:00,527.88
2018-01-22 15:00:00,333.95
2018-01-22 16:00:00,131.15
2018-01-22 17:00:00,9.52
2018-01-22 18:00:00,0.0
2018-01-22 19:00:00,0.0
2018-01-22 20:00:00,0.0
2018-01-22 21:00:00,0.0
2018-01-22 22:00:00,0.0
2018-01-22 23:00:00,0.0
2018-01-23 00:00:00,0.0
2018-01-23 01:00:00,0.0
2018-01-23 02:00:00,0.0
2018-01-23 03:00:00,0.0
2018-01-23 04:00:00,0.0
2018-01-23 05:00:00,0.0
2018-01-23 06:00:00,38.67
2018-01-23 07:00:00,223.3
2018-01-23 08:00:00,427.48
2018-01-23 09:00:00,596.8
2018-01-23 10:00:00,697.3
2018-01-23 11:00:00,752.88
2018-01-23 12:00:00,754.78
2018-01-23 13:00:00,675.75
2018-01-23 14:00:00,543.92
2018-01-23 15:00:00,343.85
2018-01-23 16:00:00,139.38
2018-01-23 17:00:00,9.98
2018-01-23 18:00:00,0.0
2018-01-23 19:00:00,0.0
2018-01-23 20:00:00,0.0
2018-01-23 21:00:00,0.0
2018-01-23 22:00:00,0.0
2018-01-23 23:00:00,0.0
2018-01-24 00:00:00,0.0
2018-01-24 01:00:00,0.0
2018-01-24 02:00:00,0.0
2018-01-24 03:00:00,0.0
2018-01-24 04:00:00,0.0
2018-01-24 05:00:00,0.0
2018-01-24 06:00:00,32.15
2018-01-24 07:00:00,189.77
2018-01-24 08:00:00,381.55
2018-01-24 09:00:00,563.35
2018-01-24 10:00:00,695.3
2018-01-24 11:00:00,747.47
2018-01-24 12:00:00,744.0
2018-01-24 13:00:00,665.92
2018-01-24 14:00:00,515.25
2018-01-24 15:00:00,322.2
2018-01-24 16:00:00,131.6
2018-01-24 17:00:00,8.32
2018-01-24 18:00:00,0.0
2018-01-24 19:00:00,0.0
2018-01-24 20:00:00,0.0
2018-01-24 21:00:00,0.0
2018-01-24 22:00:00,0.0
2018-01-24 23:00:00,0.0
2018-01-25 00:00:00,0.0
2018-01-25 01:00:00,0.0
2018-01-25 02:00:00,0.0
2018-01-25 03:00:00,0.0
2018-01-25 04:00:00,0.0
2018-01-25 05:00:00,0.0
2018-01-25 06:00:00,29.77
2018-01-25 07:00:00,180.25
2018-01-25 08:00:00,371.12
2018-01-25 09:00:00,405.98
2018-01-25 10:00:00,649.75
2018-01-25 11:00:00,784.05
2018-01-25 12:00:00,772.42
2018-01-25 13:00:00,684.75
2018-01-25 14:00:00,531.47
2018-01-25 15:00:00,272.08
2018-01-25 16:00:00,94.3
2018-01-25 17:00:00,5.75
2018-01-25 18:00:00,0.0
2018-01-25 19:00:00,0.0
2018-01-25 20:00:00,0.0
2018-01-25 21:00:00,0.0
2018-01-25 22:00:00,0.0
2018-01-25 23:00:00,0.0
2018-01-26 00:00:00,0.0
2018-01-26 01:00:00,0.0
2018-01-26 02:00:00,0.0
2018-01-26 03:00:00,0.0
2018-01-26 04:00:00,0.0
2018-01-26 05:00:00,0.0
2018-01-26 06:00:00,33.1
2018-01-26 07:00:00,198.75
2018-01-26 08:00:00,391.8
2018-01-26 09:00:00,604.95
2018-01-26 10:00:00,749.0
2018-01-26 11:00:00,769.3
2018-01-26 12:00:00,757.75
2018-01-26 13:00:00,681.65
2018-01-26 14:00:00,517.65
2018-01-26 15:00:00,332.3
2018-01-26 16:00:00,130.0
2018-01-26 17:00:00,10.23
2018-01-26 18:00:00,0.0
2018-01-26 19:00:00,0.0
2018-01-26 20:00:00,0.0
2018-01-26 21:00:00,0.0
2018-01-26 22:00:00,0.0
2018-01-26 23:00:00,0.0
2018-01-27 00:00:00,0.0
2018-01-27 01:00:00,0.0
2018-01-27 02:00:00,0.0
2018-01-27 03:00:00,0.0
2018-01-27 04:00:00,0.0
2018-01-27 05:00:00,0.0
2018-01-27 06:00:00,31.6
2018-01-27 07:00:00,179.73
2018-01-27 08:00:00,376.85
2018-01-27 09:00:00,553.97
2018-01-27 10:00:00,657.22
2018-01-27 11:00:00,738.08
2018-01-27 12:00:00,761.35
2018-01-27 13:00:00,670.15
2018-01-27 14:00:00,520.28
2018-01-27 15:00:00,327.65
2018-01-27 16:00:00,130.05
2018-01-27 17:00:00,10.6
2018-01-27 18:00:00,0.0
2018-01-27 19:00:00,0.0
2018-01-27 20:00:00,0.0
2018-01-27 21:00:00,0.0
2018-01-27 22:00:00,0.0
2018-01-27 23:00:00,0.0
2018-01-28 00:00:00,0.0
2018-01-28 01:00:00,0.0
2018-01-28 02:00:00,0.0
2018-01-28 03:00:00,0.0
2018-01-28 04:00:00,0.0
2018-01-28 05:00:00,0.0
2018-01-28 06:00:00,33.7
2018-01-28 07:00:00,208.8
2018-01-28 08:00:00,429.83
2018-01-28 09:00:00,626.03
2018-01-28 10:00:00,754.12
2018-01-28 11:00:00,822.03
2018-01-28 12:00:00,737.05
2018-01-28 13:00:00,696.92
2018-01-28 14:00:00,561.58
2018-01-28 15:00:00,367.38
2018-01-28 16:00:00,150.18
2018-01-28 17:00:00,10.57
2018-01-28 18:00:00,0.0
2018-01-28 19:00:00,0.0
2018-01-28 20:00:00,0.0
2018-01-28 21:00:00,0.0
2018-01-28 22:00:00,0.0
2018-01-28 23:00:00,0.0
2018-01-29 00:00:00,0.0
2018-01-29 01:00:00,0.0
2018-01-29 02:00:00,0.0
2018-01-29 03:00:00,0.0
2018-01-29 04:00:00,0.0
2018-01-29 05:00:00,0.0
2018-01-29 06:00:00,37.33
2018-01-29 07:00:00,218.55
2018-01-29 08:00:00,426.88
2018-01-29 09:00:00,617.88
2018-01-29 10:00:00,740.6
2018-01-29 11:00:00,827.65
2018-01-29 12:00:00,797.62
2018-01-29 13:00:00,653.95
2018-01-29 14:00:00,555.15
2018-01-29 15:00:00,364.48
2018-01-29 16:00:00,154.3
2018-01-29 17:00:00,12.8
2018-01-29 18:00:00,0.0
2018-01-29 19:00:00,0.0
2018-01-29 20:00:00,0.0
2018-01-29 21:00:00,0.0
2018-01-29 22:00:00,0.0
2018-01-29 23:00:00,0.0
2018-01-30 00:00:00,0.0
2018-01-30 01:00:00,0.0
2018-01-30 02:00:00,0.0
2018-01-30 03:00:00,0.0
2018-01-30 04:00:00,0.0
2018-01-30 05:00:00,0.0
2018-01-30 06:00:00,39.1
2018-01-30 07:00:00,232.4
2018-01-30 08:00:00,457.73
2018-01-30 09:00:00,626.17
2018-01-30 10:00:00,638.83
2018-01-30 11:00:00,854.85
2018-01-30 12:00:00,802.75
2018-01-30 13:00:00,723.95
2018-01-30 14:00:00,593.95
2018-01-30 15:00:00,389.27
2018-01-30 16:00:00,163.2
2018-01-30 17:00:00,13.3
2018-01-30 18:00:00,0.0
2018-01-30 19:00:00,0.0
2018-01-30 20:00:00,0.0
2018-01-30 21:00:00,0.0
2018-01-30 22:00:00,0.0
2018-01-30 23:00:00,0.0
2018-01-31 00:00:00,0.0
2018-01-31 01:00:00,0.0
2018-01-31 02:00:00,0.0
2018-01-31 03:00:00,0.0
2018-01-31 04:00:00,0.0
2018-01-31 05:00:00,0.0
2018-01-31 06:00:00,31.1
2018-01-31 07:00:00,185.77
2018-01-31 08:00:00,359.55
2018-01-31 09:00:00,624.4
2018-01-31 10:00:00,749.03
2018-01-31 11:00:00,841.6
2018-01-31 12:00:00,831.4
2018-01-31 13:00:00,729.1
2018-01-31 14:00:00,604.67
2018-01-31 15:00:00,404.52
2018-01-31 16:00:00,177.65
2018-01-31 17:00:00,14.07
2018-01-31 18:00:00,0.0
2018-01-31 19:00:00,0.0
2018-01-31 20:00:00,0.0
2018-01-31 21:00:00,0.0
2018-01-31 22:00:00,0.0
2018-01-31 23:00:00,0.0
2018-02-01 00:00:00,0.0
2018-02-01 01:00:00,0.0
2018-02-01 02:00:00,0.0
2018-02-01 03:00:00,0.0
2018-02-01 04:00:00,0.0
2018-02-01 05:00:00,0.0
2018-02-01 06:00:00,46.42
2018-02-01 07:00:00,264.3
2018-02-01 08:00:00,431.0
2018-02-01 09:00:00,670.78
2018-02-01 10:00:00,847.42
2018-02-01 11:00:00,900.45
2018-02-01 12:00:00,881.3
2018-02-01 13:00:00,795.45
2018-02-01 14:00:00,633.15
2018-02-01 15:00:00,420.52
2018-02-01 16:00:00,186.6
2018-02-01 17:00:00,16.12
2018-02-01 18:00:00,0.0
2018-02-01 19:00:00,0.0
2018-02-01 20:00:00,0.0
2018-02-01 21:00:00,0.0
2018-02-01 22:00:00,0.0
2018-02-01 23:00:00,0.0
2018-02-02 00:00:00,0.0
2018-02-02 01:00:00,0.0
2018-02-02 02:00:00,0.0
2018-02-02 03:00:00,0.0
2018-02-02 04:00:00,0.0
2018-02-02 05:00:00,0.0
2018-02-02 06:00:00,47.33
2018-02-02 07:00:00,266.25
2018-02-02 08:00:00,396.02
2018-02-02 09:00:00,675.78
2018-02-02 10:00:00,788.35
2018-02-02 11:00:00,891.83
2018-02-02 12:00:00,884.55
2018-02-02 13:00:00,784.08
2018-02-02 14:00:00,646.1
2018-02-02 15:00:00,436.75
2018-02-02 16:00:00,198.85
2018-02-02 17:00:00,16.75
2018-02-02 18:00:00,0.0
2018-02-02 19:00:00,0.0
2018-02-02 20:00:00,0.0
2018-02-02 21:00:00,0.0
2018-02-02 22:00:00,0.0
2018-02-02 23:00:00,0.0
2018-02-03 00:00:00,0.0
2018-02-03 01:00:00,0.0
2018-02-03 02:00:00,0.0
2018-02-03 03:00:00,0.0
2018-02-03 04:00:00,0.0
2018-02-03 05:00:00,0.0
2018-02-03 06:00:00,46.6
2018-02-03 07:00:00,258.48
2018-02-03 08:00:00,495.12
2018-02-03 09:00:00,634.72
2018-02-03 10:00:00,773.08
2018-02-03 11:00:00,873.1
2018-02-03 12:00:00,908.97
2018-02-03 13:00:00,822.9
2018-02-03 14:00:00,662.08
2018-02-03 15:00:00,445.8
2018-02-03 16:00:00,201.88
2018-02-03 17:00:00,18.0
2018-02-03 18:00:00,0.0
2018-02-03 19:00:00,0.0
2018-02-03 20:00:00,0.0
2018-02-03 21:00:00,0.0
2018-02-03 22:00:00,0.0
2018-02-03 23:00:00,0.0
2018-02-04 00:00:00,0.0
2018-02-04 01:00:00,0.0
2018-02-04 02:00:00,0.0
2018-02-04 03:00:00,0.0
2018-02-04 04:00:00,0.0
2018-02-04 05:00:00,0.0
2018-02-04 06:00:00,48.8
2018-02-04 07:00:00,259.92
2018-02-04 08:00:00,488.02
2018-02-04 09:00:00,699.85
2018-02-04 10:00:00,840.08
2018-02-04 11:00:00,910.08
2018-02-04 12:00:00,895.15
2018-02-04 13:00:00,796.17
2018-02-04 14:00:00,641.33
2018-02-04 15:00:00,430.12
2018-02-04 16:00:00,194.3
2018-02-04 17:00:00,18.1
2018-02-04 18:00:00,0.0
2018-02-04 19:00:00,0.0
2018-02-04 20:00:00,0.0
2018-02-04 21:00:00,0.0
2018-02-04 22:00:00,0.0
2018-02-04 23:00:00,0.0
2018-02-05 00:00:00,0.0
2018-02-05 01:00:00,0.0
2018-02-05 02:00:00,0.0
2018-02-05 03:00:00,0.0
2018-02-05 04:00:00,0.0
2018-02-05 05:00:00,0.0
2018-02-05 06:00:00,39.22
2018-02-05 07:00:00,218.0
2018-02-05 08:00:00,425.1
2018-02-05 09:00:00,610.12
2018-02-05 10:00:00,715.42
2018-02-05 11:00:00,827.97
2018-02-05 12:00:00,856.4
2018-02-05 13:00:00,769.5
2018-02-05 14:00:00,599.92
2018-02-05 15:00:00,408.48
2018-02-05 16:00:00,190.5
2018-02-05 17:00:00,18.2
2018-02-05 18:00:00,0.0
2018-02-05 19:00:00,0.0
2018-02-05 20:00:00,0.0
2018-02-05 21:00:00,0.0
2018-02-05 22:00:00,0.0
2018-02-05 23:00:00,0.0
2018-02-06 00:00:00,0.0
2018-02-06 01:00:00,0.0
2018-02-06 02:00:00,0.0
2018-02-06 03:00:00,0.0
2018-02-06 04:00:00,0.0
2018-02-06 05:00:00,0.0
2018-02-06 06:00:00,38.58
2018-02-06 07:00:00,213.15
2018-02-06 08:00:00,425.67
2018-02-06 09:00:00,584.35
2018-02-06 10:00:00,652.7
2018-02-06 11:00:00,722.25
2018-02-06 12:00:00,578.22
2018-02-06 13:00:00,500.83
2018-02-06 14:00:00,443.2
2018-02-06 15:00:00,292.83
2018-02-06 16:00:00,143.95
2018-02-06 17:00:00,16.65
2018-02-06 18:00:00,0.0
2018-02-06 19:00:00,0.0
2018-02-06 20:00:00,0.0
2018-02-06 21:00:00,0.0
2018-02-06 22:00:00,0.0
2018-02-06 23:00:00,0.0
2018-02-07 00:00:00,0.0
2018-02-07 01:00:00,0.0
2018-02-07 02:00:00,0.0
2018-02-07 03:00:00,0.0
2018-02-07 04:00:00,0.0
2018-02-07 05:00:00,0.0
2018-02-07 06:00:00,35.88
2018-02-07 07:00:00,203.5
2018-02-07 08:00:00,391.67
2018-02-07 09:00:00,581.03
2018-02-07 10:00:00,715.97
2018-02-07 11:00:00,767.03
2018-02-07 12:00:00,750.72
2018-02-07 13:00:00,662.92
2018-02-07 14:00:00,573.7
2018-02-07 15:00:00,373.9
2018-02-07 16:00:00,164.57
2018-02-07 17:00:00,17.55
2018-02-07 18:00:00,0.0
2018-02-07 19:00:00,0.0
2018-02-07 20:00:00,0.0
2018-02-07 21:00:00,0.0
2018-02-07 22:00:00,0.0
2018-02-07 23:00:00,0.0
2018-02-08 00:00:00,0.0
2018-02-08 01:00:00,0.0
2018-02-08 02:00:00,0.0
2018-02-08 03:00:00,0.0
2018-02-08 04:00:00,0.0
2018-02-08 05:00:00,0.0
2018-02-08 06:00:00,20.42
2018-02-08 07:00:00,137.2
2018-02-08 08:00:00,262.38
2018-02-08 09:00:00,484.95
2018-02-08 10:00:00,698.97
2018-02-08 11:00:00,826.62
2018-02-08 12:00:00,776.58
2018-02-08 13:00:00,771.47
2018-02-08 14:00:00,561.95
2018-02-08 15:00:00,372.75
2018-02-08 16:00:00,168.85
2018-02-08 17:00:00,16.65
2018-02-08 18:00:00,0.0
2018-02-08 19:00:00,0.0
2018-02-08 20:00:00,0.0
2018-02-08 21:00:00,0.0
2018-02-08 22:00:00,0.0
2018-02-08 23:00:00,0.0
2018-02-09 00:00:00,0.0
2018-02-09 01:00:00,0.0
2018-02-09 02:00:00,0.0
2018-02-09 03:00:00,0.0
2018-02-09 04:00:00,0.0
2018-02-09 05:00:00,0.0
2018-02-09 06:00:00,44.5
2018-02-09 07:00:00,244.0
2018-02-09 08:00:00,465.1
2018-02-09 09:00:00,657.3
2018-02-09 10:00:00,787.5
2018-02-09 11:00:00,862.0
2018-02-09 12:00:00,696.08
2018-02-09 13:00:00,761.53
2018-02-09 14:00:00,565.72
2018-02-09 15:00:00,395.98
2018-02-09 16:00:00,174.4
2018-02-09 17:00:00,16.12
2018-02-09 18:00:00,0.0
2018-02-09 19:00:00,0.0
2018-02-09 20:00:00,0.0
2018-02-09 21:00:00,0.0
2018-02-09 22:00:00,0.0
2018-02-09 23:00:00,0.0
2018-02-10 00:00:00,0.0
2018-02-10 01:00:00,0.0
2018-02-10 02:00:00,0.0
2018-02-10 03:00:00,0.0
2018-02-10 04:00:00,0.0
2018-02-10 05:00:00,0.0
2018-02-10 06:00:00,37.42
2018-02-10 07:00:00,201.6
2018-02-10 08:00:00,403.83
2018-02-10 09:00:00,613.42
2018-02-10 10:00:00,718.75
2018-02-10 11:00:00,811.45
2018-02-10 12:00:00,773.28
2018-02-10 13:00:00,697.28
2018-02-10 14:00:00,557.3
2018-02-10 15:00:00,369.23
2018-02-10 16:00:00,157.43
2018-02-10 17:00:00,12.7
2018-02-10 18:00:00,0.0
2018-02-10 19:00:00,0.0
2018-02-10 20:00:00,0.0
2018-02-10 21:00:00,0.0
2018-02-10 22:00:00,0.0
2018-02-10 23:00:00,0.0
2018-02-11 00:00:00,0.0
2018-02-11 01:00:00,0.0
2018-02-11 02:00:00,0.0
2018-02-11 03:00:00,0.0
2018-02-11 04:00:00,0.0
2018-02-11 05:00:00,0.0
2018-02-11 06:00:00,39.88
2018-02-11 07:00:00,216.57
2018-02-11 08:00:00,423.8
2018-02-11 09:00:00,640.75
2018-02-11 10:00:00,634.2
2018-02-11 11:00:00,832.67
2018-02-11 12:00:00,819.95
2018-02-11 13:00:00,733.83
2018-02-11 14:00:00,598.3
2018-02-11 15:00:00,387.25
2018-02-11 16:00:00,170.45
2018-02-11 17:00:00,17.6
2018-02-11 18:00:00,0.0
2018-02-11 19:00:00,0.0
2018-02-11 20:00:00,0.0
2018-02-11 21:00:00,0.0
2018-02-11 22:00:00,0.0
2018-02-11 23:00:00,0.0
2018-02-12 00:00:00,0.0
2018-02-12 01:00:00,0.0
2018-02-12 02:00:00,0.0
2018-02-12 03:00:00,0.0
2018-02-12 04:00:00,0.0
2018-02-12 05:00:00,0.0
2018-02-12 06:00:00,37.3
2018-02-12 07:00:00,193.15
2018-02-12 08:00:00,388.3
2018-02-12 09:00:00,568.3
2018-02-12 10:00:00,689.0
2018-02-12 11:00:00,807.58
2018-02-12 12:00:00,783.4
2018-02-12 13:00:00,733.6
2018-02-12 14:00:00,564.97
2018-02-12 15:00:00,372.65
2018-02-12 16:00:00,169.88
2018-02-12 17:00:00,18.7
2018-02-12 18:00:00,0.0
2018-02-12 19:00:00,0.0
2018-02-12 20:00:00,0.0
2018-02-12 21:00:00,0.0
2018-02-12 22:00:00,0.0
2018-02-12 23:00:00,0.0
2018-02-13 00:00:00,0.0
2018-02-13 01:00:00,0.0
2018-02-13 02:00:00,0.0
2018-02-13 03:00:00,0.0
2018-02-13 04:00:00,0.0
2018-02-13 05:00:00,0.0
2018-02-13 06:00:00,41.53
2018-02-13 07:00:00,197.98
2018-02-13 08:00:00,388.88
2018-02-13 09:00:00,541.65
2018-02-13 10:00:00,638.35
2018-02-13 11:00:00,711.67
2018-02-13 12:00:00,661.3
2018-02-13 13:00:00,657.95
2018-02-13 14:00:00,443.23
2018-02-13 15:00:00,296.12
2018-02-13 16:00:00,132.18
2018-02-13 17:00:00,16.08
2018-02-13 18:00:00,0.0
2018-02-13 19:00:00,0.0
2018-02-13 20:00:00,0.0
2018-02-13 21:00:00,0.0
2018-02-13 22:00:00,0.0
2018-02-13 23:00:00,0.0
2018-02-14 00:00:00,0.0
2018-02-14 01:00:00,0.0
2018-02-14 02:00:00,0.0
2018-02-14 03:00:00,0.0
2018-02-14 04:00:00,0.0
2018-02-14 05:00:00,0.0
2018-02-14 06:00:00,43.1
2018-02-14 07:00:00,229.35
2018-02-14 08:00:00,460.65
2018-02-14 09:00:00,529.17
2018-02-14 10:00:00,823.08
2018-02-14 11:00:00,647.12
2018-02-14 12:00:00,861.88
2018-02-14 13:00:00,748.53
2018-02-14 14:00:00,612.12
2018-02-14 15:00:00,391.92
2018-02-14 16:00:00,168.43
2018-02-14 17:00:00,17.8
2018-02-14 18:00:00,0.0
2018-02-14 19:00:00,0.0
2018-02-14 20:00:00,0.0
2018-02-14 21:00:00,0.0
2018-02-14 22:00:00,0.0
2018-02-14 23:00:00,0.0
2018-02-15 00:00:00,0.0
2018-02-15 01:00:00,0.0
2018-02-15 02:00:00,0.0
2018-02-15 03:00:00,0.0
2018-02-15 04:00:00,0.0
2018-02-15 05:00:00,0.0
2018-02-15 06:00:00,46.0
2018-02-15 07:00:00,217.98
2018-02-15 08:00:00,417.08
2018-02-15 09:00:00,650.2
2018-02-15 10:00:00,824.12
2018-02-15 11:00:00,755.75
2018-02-15 12:00:00,842.67
2018-02-15 13:00:00,786.55
2018-02-15 14:00:00,591.08
2018-02-15 15:00:00,398.38
2018-02-15 16:00:00,181.88
2018-02-15 17:00:00,17.15
2018-02-15 18:00:00,0.0
2018-02-15 19:00:00,0.0
2018-02-15 20:00:00,0.0
2018-02-15 21:00:00,0.0
2018-02-15 22:00:00,0.0
2018-02-15 23:00:00,0.0
2018-02-16 00:00:00,0.0
2018-02-16 01:00:00,0.0
2018-02-16 02:00:00,0.0
2018-02-16 03:00:00,0.0
2018-02-16 04:00:00,0.0
2018-02-16 05:00:00,0.0
2018-02-16 06:00:00,52.05
2018-02-16 07:00:00,260.02
2018-02-16 08:00:00,484.05
2018-02-16 09:00:00,685.6
2018-02-16 10:00:00,788.08
2018-02-16 11:00:00,731.35
2018-02-16 12:00:00,792.03
2018-02-16 13:00:00,790.45
2018-02-16 14:00:00,636.1
2018-02-16 15:00:00,426.02
2018-02-16 16:00:00,195.32
2018-02-16 17:00:00,21.05
2018-02-16 18:00:00,0.0
2018-02-16 19:00:00,0.0
2018-02-16 20:00:00,0.0
2018-02-16 21:00:00,0.0
2018-02-16 22:00:00,0.0
2018-02-16 23:00:00,0.0
2018-02-17 00:00:00,0.0
2018-02-17 01:00:00,0.0
2018-02-17 02:00:00,0.0
2018-02-17 03:00:00,0.0
2018-02-17 04:00:00,0.0
2018-02-17 05:00:00,0.0
2018-02-17 06:00:00,50.78
2018-02-17 07:00:00,247.82
2018-02-17 08:00:00,465.25
2018-02-17 09:00:00,697.58
2018-02-17 10:00:00,784.6
2018-02-17 11:00:00,888.08
2018-02-17 12:00:00,781.55
2018-02-17 13:00:00,760.97
2018-02-17 14:00:00,615.2
2018-02-17 15:00:00,396.1
2018-02-17 16:00:00,177.12
2018-02-17 17:00:00,19.77
2018-02-17 18:00:00,0.0
2018-02-17 19:00:00,0.0
2018-02-17 20:00:00,0.0
2018-02-17 21:00:00,0.0
2018-02-17 22:00:00,0.0
2018-02-17 23:00:00,0.0
2018-02-18 00:00:00,0.0
2018-02-18 01:00:00,0.0
2018-02-18 02:00:00,0.0
2018-02-18 03:00:00,0.0
2018-02-18 04:00:00,0.0
2018-02-18 05:00:00,0.0
2018-02-18 06:00:00,53.15
2018-02-18 07:00:00,258.08
2018-02-18 08:00:00,481.05
2018-02-18 09:00:00,544.12
2018-02-18 10:00:00,835.47
2018-02-18 11:00:00,904.78
2018-02-18 12:00:00,899.1
2018-02-18 13:00:00,793.03
2018-02-18 14:00:00,653.25
2018-02-18 15:00:00,443.88
2018-02-18 16:00:00,207.4
2018-02-18 17:00:00,20.62
2018-02-18 18:00:00,0.0
2018-02-18 19:00:00,0.0
2018-02-18 20:00:00,0.0
2018-02-18 21:00:00,0.0
2018-02-18 22:00:00,0.0
2018-02-18 23:00:00,0.0
2018-02-19 00:00:00,0.0
2018-02-19 01:00:00,0.0
2018-02-19 02:00:00,0.0
2018-02-19 03:00:00,0.0
2018-02-19 04:00:00,0.0
2018-02-19 05:00:00,0.0
2018-02-19 06:00:00,56.83
2018-02-19 07:00:00,267.98
2018-02-19 08:00:00,496.42
2018-02-19 09:00:00,696.15
2018-02-19 10:00:00,830.03
2018-02-19 11:00:00,763.25
2018-02-19 12:00:00,907.35
2018-02-19 13:00:00,815.3
2018-02-19 14:00:00,653.12
2018-02-19 15:00:00,437.23
2018-02-19 16:00:00,199.2
2018-02-19 17:00:00,21.88
2018-02-19 18:00:00,0.0
2018-02-19 19:00:00,0.0
2018-02-19 20:00:00,0.0
2018-02-19 21:00:00,0.0
2018-02-19 22:00:00,0.0
2018-02-19 23:00:00,0.0
2018-02-20 00:00:00,0.0
2018-02-20 01:00:00,0.0
2018-02-20 02:00:00,0.0
2018-02-20 03:00:00,0.0
2018-02-20 04:00:00,0.0
2018-02-20 05:00:00,0.0
2018-02-20 06:00:00,54.97
2018-02-20 07:00:00,263.88
2018-02-20 08:00:00,499.12
2018-02-20 09:00:00,688.65
2018-02-20 10:00:00,667.6
2018-02-20 11:00:00,788.72
2018-02-20 12:00:00,884.35
2018-02-20 13:00:00,792.42
2018-02-20 14:00:00,637.45
2018-02-20 15:00:00,427.85
2018-02-20 16:00:00,196.55
2018-02-20 17:00:00,22.27
2018-02-20 18:00:00,0.0
2018-02-20 19:00:00,0.0
2018-02-20 20:00:00,0.0
2018-02-20 21:00:00,0.0
2018-02-20 22:00:00,0.0
2018-02-20 23:00:00,0.0
2018-02-21 00:00:00,0.0
2018-02-21 01:00:00,0.0
2018-02-21 02:00:00,0.0
2018-02-21 03:00:00,0.0
2018-02-21 04:00:00,0.0
2018-02-21 05:00:00,0.0
2018-02-21 06:00:00,60.15
2018-02-21 07:00:00,266.4
2018-02-21 08:00:00,483.73
2018-02-21 09:00:00,685.33
2018-02-21 10:00:00,838.67
2018-02-21 11:00:00,914.47
2018-02-21 12:00:00,914.1
2018-02-21 13:00:00,825.65
2018-02-21 14:00:00,667.88
2018-02-21 15:00:00,436.27
2018-02-21 16:00:00,203.73
2018-02-21 17:00:00,20.67
2018-02-21 18:00:00,0.0
2018-02-21 19:00:00,0.0
2018-02-21 20:00:00,0.0
2018-02-21 21:00:00,0.0
2018-02-21 22:00:00,0.0
2018-02-21 23:00:00,0.0
2018-02-22 00:00:00,0.0
2018-02-22 01:00:00,0.0
2018-02-22 02:00:00,0.0
2018-02-22 03:00:00,0.0
2018-02-22 04:00:00,0.0
2018-02-22 05:00:00,0.0
2018-02-22 06:00:00,54.33
2018-02-22 07:00:00,288.95
2018-02-22 08:00:00,521.03
2018-02-22 09:00:00,733.35
2018-02-22 10:00:00,882.0
2018-02-22 11:00:00,909.22
2018-02-22 12:00:00,889.7
2018-02-22 13:00:00,821.58
2018-02-22 14:00:00,669.8
2018-02-22 15:00:00,456.52
2018-02-22 16:00:00,216.2
2018-02-22 17:00:00,22.95
2018-02-22 18:00:00,0.0
2018-02-22 19:00:00,0.0
2018-02-22 20:00:00,0.0
2018-02-22 21:00:00,0.0
2018-02-22 22:00:00,0.0
2018-02-22 23:00:00,0.0
2018-02-23 00:00:00,0.0
2018-02-23 01:00:00,0.0
2018-02-23 02:00:00,0.0
2018-02-23 03:00:00,0.0
2018-02-23 04:00:00,0.0
2018-02-23 05:00:00,0.0
2018-02-23 06:00:00,63.65
2018-02-23 07:00:00,278.3
2018-02-23 08:00:00,506.42
2018-02-23 09:00:00,723.22
2018-02-23 10:00:00,868.03
2018-02-23 11:00:00,952.83
2018-02-23 12:00:00,931.12
2018-02-23 13:00:00,831.45
2018-02-23 14:00:00,690.83
2018-02-23 15:00:00,472.9
2018-02-23 16:00:00,228.65
2018-02-23 17:00:00,26.08
2018-02-23 18:00:00,0.0
2018-02-23 19:00:00,0.0
2018-02-23 20:00:00,0.0
2018-02-23 21:00:00,0.0
2018-02-23 22:00:00,0.0
2018-02-23 23:00:00,0.0
2018-02-24 00:00:00,0.0
2018-02-24 01:00:00,0.0
2018-02-24 02:00:00,0.0
2018-02-24 03:00:00,0.0
2018-02-24 04:00:00,0.0
2018-02-24 05:00:00,0.0
2018-02-24 06:00:00,67.25
2018-02-24 07:00:00,294.95
2018-02-24 08:00:00,541.45
2018-02-24 09:00:00,725.55
2018-02-24 10:00:00,856.33
2018-02-24 11:00:00,944.12
2018-02-24 12:00:00,895.65
2018-02-24 13:00:00,857.1
2018-02-24 14:00:00,606.05
2018-02-24 15:00:00,465.23
2018-02-24 16:00:00,217.5
2018-02-24 17:00:00,25.05
2018-02-24 18:00:00,0.0
2018-02-24 19:00:00,0.0
2018-02-24 20:00:00,0.0
2018-02-24 21:00:00,0.0
2018-02-24 22:00:00,0.0
2018-02-24 23:00:00,0.0
2018-02-25 00:00:00,0.0
2018-02-25 01:00:00,0.0
2018-02-25 02:00:00,0.0
2018-02-25 03:00:00,0.0
2018-02-25 04:00:00,0.0
2018-02-25 05:00:00,0.0
2018-02-25 06:00:00,78.38
2018-02-25 07:00:00,319.52
2018-02-25 08:00:00,562.0
2018-02-25 09:00:00,765.47
2018-02-25 10:00:00,855.62
2018-02-25 11:00:00,963.58
2018-02-25 12:00:00,896.62
2018-02-25 13:00:00,867.08
2018-02-25 14:00:00,715.2
2018-02-25 15:00:00,440.85
2018-02-25 16:00:00,228.62
2018-02-25 17:00:00,26.85
2018-02-25 18:00:00,0.0
2018-02-25 19:00:00,0.0
2018-02-25 20:00:00,0.0
2018-02-25 21:00:00,0.0
2018-02-25 22:00:00,0.0
2018-02-25 23:00:00,0.0
2018-02-26 00:00:00,0.0
2018-02-26 01:00:00,0.0
2018-02-26 02:00:00,0.0
2018-02-26 03:00:00,0.0
2018-02-26 04:00:00,0.0
2018-02-26 05:00:00,0.0
2018-02-26 06:00:00,80.28
2018-02-26 07:00:00,272.05
2018-02-26 08:00:00,483.83
2018-02-26 09:00:00,757.8
2018-02-26 10:00:00,751.2
2018-02-26 11:00:00,946.5
2018-02-26 12:00:00,938.0
2018-02-26 13:00:00,848.05
2018-02-26 14:00:00,689.22
2018-02-26 15:00:00,470.0
2018-02-26 16:00:00,226.9
2018-02-26 17:00:00,26.38
2018-02-26 18:00:00,0.0
2018-02-26 19:00:00,0.0
2018-02-26 20:00:00,0.0
2018-02-26 21:00:00,0.0
2018-02-26 22:00:00,0.0
2018-02-26 23:00:00,0.0
2018-02-27 00:00:00,0.0
2018-02-27 01:00:00,0.0
2018-02-27 02:00:00,0.0
2018-02-27 03:00:00,0.0
2018-02-27 04:00:00,0.0
2018-02-27 05:00:00,0.0
2018-02-27 06:00:00,82.32
2018-02-27 07:00:00,291.77
2018-02-27 08:00:00,572.72
2018-02-27 09:00:00,784.15
2018-02-27 10:00:00,929.35
2018-02-27 11:00:00,946.35
2018-02-27 12:00:00,877.4
2018-02-27 13:00:00,838.85
2018-02-27 14:00:00,699.92
2018-02-27 15:00:00,486.3
2018-02-27 16:00:00,230.12
2018-02-27 17:00:00,27.55
2018-02-27 18:00:00,0.0
2018-02-27 19:00:00,0.0
2018-02-27 20:00:00,0.0
2018-02-27 21:00:00,0.0
2018-02-27 22:00:00,0.0
2018-02-27 23:00:00,0.0
2018-02-28 00:00:00,0.0
2018-02-28 01:00:00,0.0
2018-02-28 02:00:00,0.0
2018-02-28 03:00:00,0.0
2018-02-28 04:00:00,0.0
2018-02-28 05:00:00,0.0
2018-02-28 06:00:00,64.38
2018-02-28 07:00:00,275.42
2018-02-28 08:00:00,509.6
2018-02-28 09:00:00,701.12
2018-02-28 10:00:00,835.15
2018-02-28 11:00:00,803.12
2018-02-28 12:00:00,853.33
2018-02-28 13:00:00,829.67
2018-02-28 14:00:00,609.9
2018-02-28 15:00:00,423.08
2018-02-28 16:00:00,196.8
2018-02-28 17:00:00,19.92
2018-02-28 18:00:00,0.0
2018-02-28 19:00:00,0.0
2018-02-28 20:00:00,0.0
2018-02-28 21:00:00,0.0
2018-02-28 22:00:00,0.0
2018-02-28 23:00:00,0.0
2018-03-01 00:00:00,0.0
2018-03-01 01:00:00,0.0
2018-03-01 02:00:00,0.0
2018-03-01 03:00:00,0.0
2018-03-01 04:00:00,0.0
2018-03-01 05:00:00,0.0
2018-03-01 06:00:00,68.12
2018-03-01 07:00:00,252.05
2018-03-01 08:00:00,461.45
2018-03-01 09:00:00,696.4
2018-03-01 10:00:00,864.88
2018-03-01 11:00:00,931.0
2018-03-01 12:00:00,911.97
2018-03-01 13:00:00,848.5
2018-03-01 14:00:00,696.12
2018-03-01 15:00:00,478.27
2018-03-01 16:00:00,232.23
2018-03-01 17:00:00,26.73
2018-03-01 18:00:00,0.0
2018-03-01 19:00:00,0.0
2018-03-01 20:00:00,0.0
2018-03-01 21:00:00,0.0
2018-03-01 22:00:00,0.0
2018-03-01 23:00:00,0.0
2018-03-02 00:00:00,0.0
2018-03-02 01:00:00,0.0
2018-03-02 02:00:00,0.0
2018-03-02 03:00:00,0.0
2018-03-02 04:00:00,0.0
2018-03-02 05:00:00,0.0
2018-03-02 06:00:00,83.18
2018-03-02 07:00:00,272.33
2018-03-02 08:00:00,490.7
2018-03-02 09:00:00,781.6
2018-03-02 10:00:00,915.08
2018-03-02 11:00:00,944.0
2018-03-02 12:00:00,933.67
2018-03-02 13:00:00,797.97
2018-03-02 14:00:00,690.62
2018-03-02 15:00:00,472.45
2018-03-02 16:00:00,228.45
2018-03-02 17:00:00,25.88
2018-03-02 18:00:00,0.0
2018-03-02 19:00:00,0.0
2018-03-02 20:00:00,0.0
2018-03-02 21:00:00,0.0
2018-03-02 22:00:00,0.0
2018-03-02 23:00:00,0.0
2018-03-03 00:00:00,0.0
2018-03-03 01:00:00,0.0
2018-03-03 02:00:00,0.0
2018-03-03 03:00:00,0.0
2018-03-03 04:00:00,0.0
2018-03-03 05:00:00,0.0
2018-03-03 06:00:00,90.53
2018-03-03 07:00:00,328.75
2018-03-03 08:00:00,585.05
2018-03-03 09:00:00,759.53
2018-03-03 10:00:00,932.95
2018-03-03 11:00:00,972.53
2018-03-03 12:00:00,926.83
2018-03-03 13:00:00,866.67
2018-03-03 14:00:00,714.3
2018-03-03 15:00:00,490.77
2018-03-03 16:00:00,239.68
2018-03-03 17:00:00,28.42
2018-03-03 18:00:00,0.0
2018-03-03 19:00:00,0.0
2018-03-03 20:00:00,0.0
2018-03-03 21:00:00,0.0
2018-03-03 22:00:00,0.0
2018-03-03 23:00:00,0.0
2018-03-04 00:00:00,0.0
2018-03-04 01:00:00,0.0
2018-03-04 02:00:00,0.0
2018-03-04 03:00:00,0.0
2018-03-04 04:00:00,0.0
2018-03-04 05:00:00,0.0
2018-03-04 06:00:00,88.62
2018-03-04 07:00:00,326.52
2018-03-04 08:00:00,571.3
2018-03-04 09:00:00,774.3
2018-03-04 10:00:00,879.4
2018-03-04 11:00:00,965.88
2018-03-04 12:00:00,961.08
2018-03-04 13:00:00,844.78
2018-03-04 14:00:00,714.33
2018-03-04 15:00:00,490.95
2018-03-04 16:00:00,239.65
2018-03-04 17:00:00,28.42
2018-03-04 18:00:00,0.0
2018-03-04 19:00:00,0.0
2018-03-04 20:00:00,0.0
2018-03-04 21:00:00,0.0
2018-03-04 22:00:00,0.0
2018-03-04 23:00:00,0.0
2018-03-05 00:00:00,0.0
2018-03-05 01:00:00,0.0
2018-03-05 02:00:00,0.0
2018-03-05 03:00:00,0.0
2018-03-05 04:00:00,0.0
2018-03-05 05:00:00,0.0
2018-03-05 06:00:00,80.97
2018-03-05 07:00:00,325.25
2018-03-05 08:00:00,569.42
2018-03-05 09:00:00,771.15
2018-03-05 10:00:00,926.5
2018-03-05 11:00:00,956.6
2018-03-05 12:00:00,904.42
2018-03-05 13:00:00,862.88
2018-03-05 14:00:00,709.5
2018-03-05 15:00:00,488.67
2018-03-05 16:00:00,237.7
2018-03-05 17:00:00,27.62
2018-03-05 18:00:00,0.0
2018-03-05 19:00:00,0.0
2018-03-05 20:00:00,0.0
2018-03-05 21:00:00,0.0
2018-03-05 22:00:00,0.0
2018-03-05 23:00:00,0.0
2018-03-06 00:00:00,0.0
2018-03-06 01:00:00,0.0
2018-03-06 02:00:00,0.0
2018-03-06 03:00:00,0.0
2018-03-06 04:00:00,0.0
2018-03-06 05:00:00,0.0
2018-03-06 06:00:00,87.7
2018-03-06 07:00:00,324.83
2018-03-06 08:00:00,567.75
2018-03-06 09:00:00,768.38
2018-03-06 10:00:00,868.72
2018-03-06 11:00:00,951.72
2018-03-06 12:00:00,945.38
2018-03-06 13:00:00,849.53
2018-03-06 14:00:00,704.62
2018-03-06 15:00:00,483.42
2018-03-06 16:00:00,234.32
2018-03-06 17:00:00,27.48
2018-03-06 18:00:00,0.0
2018-03-06 19:00:00,0.0
2018-03-06 20:00:00,0.0
2018-03-06 21:00:00,0.0
2018-03-06 22:00:00,0.0
2018-03-06 23:00:00,0.0
2018-03-07 00:00:00,0.0
2018-03-07 01:00:00,0.0
2018-03-07 02:00:00,0.0
2018-03-07 03:00:00,0.0
2018-03-07 04:00:00,0.0
2018-03-07 05:00:00,0.0
2018-03-07 06:00:00,83.7
2018-03-07 07:00:00,297.77
2018-03-07 08:00:00,517.62
2018-03-07 09:00:00,719.8
2018-03-07 10:00:00,864.83
2018-03-07 11:00:00,955.58
2018-03-07 12:00:00,949.95
2018-03-07 13:00:00,773.39
2018-03-07 14:00:00,692.15
2018-03-07 15:00:00,468.67
2018-03-07 16:00:00,220.98
2018-03-07 17:00:00,27.35
2018-03-07 18:00:00,0.0
2018-03-07 19:00:00,0.0
2018-03-07 20:00:00,0.0
2018-03-07 21:00:00,0.0
2018-03-07 22:00:00,0.0
2018-03-07 23:00:00,0.0
2018-03-08 00:00:00,0.0
2018-03-08 01:00:00,0.0
2018-03-08 02:00:00,0.0
2018-03-08 03:00:00,0.0
2018-03-08 04:00:00,0.0
2018-03-08 05:00:00,0.0
2018-03-08 06:00:00,85.47
2018-03-08 07:00:00,318.55
2018-03-08 08:00:00,552.6
2018-03-08 09:00:00,734.3
2018-03-08 10:00:00,884.35
2018-03-08 11:00:00,930.5
2018-03-08 12:00:00,915.45
2018-03-08 13:00:00,817.17
2018-03-08 14:00:00,653.7
2018-03-08 15:00:00,436.25
2018-03-08 16:00:00,200.15
2018-03-08 17:00:00,26.55
2018-03-08 18:00:00,0.0
2018-03-08 19:00:00,0.0
2018-03-08 20:00:00,0.0
2018-03-08 21:00:00,0.0
2018-03-08 22:00:00,0.0
2018-03-08 23:00:00,0.0
2018-03-09 00:00:00,0.0
2018-03-09 01:00:00,0.0
2018-03-09 02:00:00,0.0
2018-03-09 03:00:00,0.0
2018-03-09 04:00:00,0.0
2018-03-09 05:00:00,0.0
2018-03-09 06:00:00,64.88
2018-03-09 07:00:00,238.62
2018-03-09 08:00:00,432.45
2018-03-09 09:00:00,622.6
2018-03-09 10:00:00,709.12
2018-03-09 11:00:00,781.25
2018-03-09 12:00:00,738.15
2018-03-09 13:00:00,664.58
2018-03-09 14:00:00,551.75
2018-03-09 15:00:00,386.25
2018-03-09 16:00:00,173.9
2018-03-09 17:00:00,21.67
2018-03-09 18:00:00,0.0
2018-03-09 19:00:00,0.0
2018-03-09 20:00:00,0.0
2018-03-09 21:00:00,0.0
2018-03-09 22:00:00,0.0
2018-03-09 23:00:00,0.0
2018-03-10 00:00:00,0.0
2018-03-10 01:00:00,0.0
2018-03-10 02:00:00,0.0
2018-03-10 03:00:00,0.0
2018-03-10 04:00:00,0.0
2018-03-10 05:00:00,0.0
2018-03-10 06:00:00,65.68
2018-03-10 07:00:00,239.77
2018-03-10 08:00:00,452.27
2018-03-10 09:00:00,647.0
2018-03-10 10:00:00,819.8
2018-03-10 11:00:00,834.55
2018-03-10 12:00:00,760.42
2018-03-10 13:00:00,734.92
2018-03-10 14:00:00,580.17
2018-03-10 15:00:00,373.33
2018-03-10 16:00:00,163.27
2018-03-10 17:00:00,20.7
2018-03-10 18:00:00,0.0
2018-03-10 19:00:00,0.0
2018-03-10 20:00:00,0.0
2018-03-10 21:00:00,0.0
2018-03-10 22:00:00,0.0
2018-03-10 23:00:00,0.0
2018-03-11 00:00:00,0.0
2018-03-11 01:00:00,0.0
2018-03-11 02:00:00,0.0
2018-03-11 03:00:00,0.0
2018-03-11 04:00:00,0.0
2018-03-11 05:00:00,0.0
2018-03-11 06:00:00,72.4
2018-03-11 07:00:00,239.98
2018-03-11 08:00:00,459.02
2018-03-11 09:00:00,627.47
2018-03-11 10:00:00,729.97
2018-03-11 11:00:00,706.42
2018-03-11 12:00:00,821.33
2018-03-11 13:00:00,759.9
2018-03-11 14:00:00,615.8
2018-03-11 15:00:00,423.95
2018-03-11 16:00:00,205.07
2018-03-11 17:00:00,27.17
2018-03-11 18:00:00,0.0
2018-03-11 19:00:00,0.0
2018-03-11 20:00:00,0.0
2018-03-11 21:00:00,0.0
2018-03-11 22:00:00,0.0
2018-03-11 23:00:00,0.0
2018-03-12 00:00:00,0.0
2018-03-12 01:00:00,0.0
2018-03-12 02:00:00,0.0
2018-03-12 03:00:00,0.0
2018-03-12 04:00:00,0.0
2018-03-12 05:00:00,0.0
2018-03-12 06:00:00,92.9
2018-03-12 07:00:00,299.42
2018-03-12 08:00:00,511.2
2018-03-12 09:00:00,678.62
2018-03-12 10:00:00,851.78
2018-03-12 11:00:00,876.65
2018-03-12 12:00:00,803.92
2018-03-12 13:00:00,771.1
2018-03-12 14:00:00,624.03
2018-03-12 15:00:00,431.45
2018-03-12 16:00:00,199.4
2018-03-12 17:00:00,26.0
2018-03-12 18:00:00,0.0
2018-03-12 19:00:00,0.0
2018-03-12 20:00:00,0.0
2018-03-12 21:00:00,0.0
2018-03-12 22:00:00,0.0
2018-03-12 23:00:00,0.0
2018-03-13 00:00:00,0.0
2018-03-13 01:00:00,0.0
2018-03-13 02:00:00,0.0
2018-03-13 03:00:00,0.0
2018-03-13 04:00:00,0.0
2018-03-13 05:00:00,0.0
2018-03-13 06:00:00,74.9
2018-03-13 07:00:00,248.7
2018-03-13 08:00:00,450.9
2018-03-13 09:00:00,638.17
2018-03-13 10:00:00,784.67
2018-03-13 11:00:00,844.5
2018-03-13 12:00:00,853.17
2018-03-13 13:00:00,743.12
2018-03-13 14:00:00,544.42
2018-03-13 15:00:00,379.33
2018-03-13 16:00:00,170.77
2018-03-13 17:00:00,22.4
2018-03-13 18:00:00,0.0
2018-03-13 19:00:00,0.0
2018-03-13 20:00:00,0.0
2018-03-13 21:00:00,0.0
2018-03-13 22:00:00,0.0
2018-03-13 23:00:00,0.0
2018-03-14 00:00:00,0.0
2018-03-14 01:00:00,0.0
2018-03-14 02:00:00,0.0
2018-03-14 03:00:00,0.0
2018-03-14 04:00:00,0.0
2018-03-14 05:00:00,0.0
2018-03-14 06:00:00,77.55
2018-03-14 07:00:00,245.07
2018-03-14 08:00:00,434.77
2018-03-14 09:00:00,624.2
2018-03-14 10:00:00,774.17
2018-03-14 11:00:00,812.53
2018-03-14 12:00:00,757.5
2018-03-14 13:00:00,716.78
2018-03-14 14:00:00,579.83
2018-03-14 15:00:00,344.92
2018-03-14 16:00:00,158.85
2018-03-14 17:00:00,22.33
2018-03-14 18:00:00,0.0
2018-03-14 19:00:00,0.0
2018-03-14 20:00:00,0.0
2018-03-14 21:00:00,0.0
2018-03-14 22:00:00,0.0
2018-03-14 23:00:00,0.0
2018-03-15 00:00:00,0.0
2018-03-15 01:00:00,0.0
2018-03-15 02:00:00,0.0
2018-03-15 03:00:00,0.0
2018-03-15 04:00:00,0.0
2018-03-15 05:00:00,0.0
2018-03-15 06:00:00,88.75
2018-03-15 07:00:00,281.5
2018-03-15 08:00:00,514.95
2018-03-15 09:00:00,689.78
2018-03-15 10:00:00,892.6
2018-03-15 11:00:00,783.38
2018-03-15 12:00:00,914.1
2018-03-15 13:00:00,815.17
2018-03-15 14:00:00,654.22
2018-03-15 15:00:00,443.95
2018-03-15 16:00:00,211.75
2018-03-15 17:00:00,27.9
2018-03-15 18:00:00,0.0
2018-03-15 19:00:00,0.0
2018-03-15 20:00:00,0.0
2018-03-15 21:00:00,0.0
2018-03-15 22:00:00,0.0
2018-03-15 23:00:00,0.0
2018-03-16 00:00:00,0.0
2018-03-16 01:00:00,0.0
2018-03-16 02:00:00,0.0
2018-03-16 03:00:00,0.0
2018-03-16 04:00:00,0.0
2018-03-16 05:00:00,0.0
2018-03-16 06:00:00,96.05
2018-03-16 07:00:00,303.42
2018-03-16 08:00:00,522.53
2018-03-16 09:00:00,723.45
2018-03-16 10:00:00,850.5
2018-03-16 11:00:00,896.92
2018-03-16 12:00:00,894.85
2018-03-16 13:00:00,789.83
2018-03-16 14:00:00,611.47
2018-03-16 15:00:00,188.7
2018-03-16 16:00:00,118.75
2018-03-16 17:00:00,17.02
2018-03-16 18:00:00,0.0
2018-03-16 19:00:00,0.0
2018-03-16 20:00:00,0.0
2018-03-16 21:00:00,0.0
2018-03-16 22:00:00,0.0
2018-03-16 23:00:00,0.0
2018-03-17 00:00:00,0.0
2018-03-17 01:00:00,0.0
2018-03-17 02:00:00,0.0
2018-03-17 03:00:00,0.0
2018-03-17 04:00:00,0.0
2018-03-17 05:00:00,0.0
2018-03-17 06:00:00,39.05
2018-03-17 07:00:00,131.02
2018-03-17 08:00:00,251.32
2018-03-17 09:00:00,274.92
2018-03-17 10:00:00,401.2
2018-03-17 11:00:00,460.88
2018-03-17 12:00:00,450.65
2018-03-17 13:00:00,542.83
2018-03-17 14:00:00,447.15
2018-03-17 15:00:00,294.58
2018-03-17 16:00:00,137.82
2018-03-17 17:00:00,21.4
2018-03-17 18:00:00,0.0
2018-03-17 19:00:00,0.0
2018-03-17 20:00:00,0.0
2018-03-17 21:00:00,0.0
2018-03-17 22:00:00,0.0
2018-03-17 23:00:00,0.0
2018-03-18 00:00:00,0.0
2018-03-18 01:00:00,0.0
2018-03-18 02:00:00,0.0
2018-03-18 03:00:00,0.0
2018-03-18 04:00:00,0.0
2018-03-18 05:00:00,0.0
2018-03-18 06:00:00,86.95
2018-03-18 07:00:00,291.83
2018-03-18 08:00:00,516.67
2018-03-18 09:00:00,720.1
2018-03-18 10:00:00,853.08
2018-03-18 11:00:00,812.67
2018-03-18 12:00:00,845.95
2018-03-18 13:00:00,822.35
2018-03-18 14:00:00,665.97
2018-03-18 15:00:00,452.7
2018-03-18 16:00:00,216.6
2018-03-18 17:00:00,27.98
2018-03-18 18:00:00,0.0
2018-03-18 19:00:00,0.0
2018-03-18 20:00:00,0.0
2018-03-18 21:00:00,0.0
2018-03-18 22:00:00,0.0
2018-03-18 23:00:00,0.0
2018-03-19 00:00:00,0.0
2018-03-19 01:00:00,0.0
2018-03-19 02:00:00,0.0
2018-03-19 03:00:00,0.0
2018-03-19 04:00:00,0.0
2018-03-19 05:00:00,0.0
2018-03-19 06:00:00,104.32
2018-03-19 07:00:00,305.05
2018-03-19 08:00:00,542.7
2018-03-19 09:00:00,771.58
2018-03-19 10:00:00,682.38
2018-03-19 11:00:00,930.03
2018-03-19 12:00:00,875.5
2018-03-19 13:00:00,807.22
2018-03-19 14:00:00,648.05
2018-03-19 15:00:00,435.88
2018-03-19 16:00:00,203.9
2018-03-19 17:00:00,18.42
2018-03-19 18:00:00,0.0
2018-03-19 19:00:00,0.0
2018-03-19 20:00:00,0.0
2018-03-19 21:00:00,0.0
2018-03-19 22:00:00,0.0
2018-03-19 23:00:00,0.0
2018-03-20 00:00:00,0.0
2018-03-20 01:00:00,0.0
2018-03-20 02:00:00,0.0
2018-03-20 03:00:00,0.0
2018-03-20 04:00:00,0.0
2018-03-20 05:00:00,0.0
2018-03-20 06:00:00,94.03
2018-03-20 07:00:00,313.25
2018-03-20 08:00:00,556.75
2018-03-20 09:00:00,760.88
2018-03-20 10:00:00,870.5
2018-03-20 11:00:00,920.47
2018-03-20 12:00:00,896.35
2018-03-20 13:00:00,812.3
2018-03-20 14:00:00,653.83
2018-03-20 15:00:00,441.85
2018-03-20 16:00:00,206.95
2018-03-20 17:00:00,22.42
2018-03-20 18:00:00,0.0
2018-03-20 19:00:00,0.0
2018-03-20 20:00:00,0.0
2018-03-20 21:00:00,0.0
2018-03-20 22:00:00,0.0
2018-03-20 23:00:00,0.0
2018-03-21 00:00:00,0.0
2018-03-21 01:00:00,0.0
2018-03-21 02:00:00,0.0
2018-03-21 03:00:00,0.0
2018-03-21 04:00:00,0.0
2018-03-21 05:00:00,0.0
2018-03-21 06:00:00,104.07
2018-03-21 07:00:00,319.88
2018-03-21 08:00:00,555.03
2018-03-21 09:00:00,751.55
2018-03-21 10:00:00,836.05
2018-03-21 11:00:00,901.95
2018-03-21 12:00:00,828.65
2018-03-21 13:00:00,786.97
2018-03-21 14:00:00,621.7
2018-03-21 15:00:00,408.42
2018-03-21 16:00:00,184.9
2018-03-21 17:00:00,24.05
2018-03-21 18:00:00,0.0
2018-03-21 19:00:00,0.0
2018-03-21 20:00:00,0.0
2018-03-21 21:00:00,0.0
2018-03-21 22:00:00,0.0
2018-03-21 23:00:00,0.0
2018-03-22 00:00:00,0.0
2018-03-22 01:00:00,0.0
2018-03-22 02:00:00,0.0
2018-03-22 03:00:00,0.0
2018-03-22 04:00:00,0.0
2018-03-22 05:00:00,0.0
2018-03-22 06:00:00,95.22
2018-03-22 07:00:00,304.5
2018-03-22 08:00:00,517.38
2018-03-22 09:00:00,697.25
2018-03-22 10:00:00,822.6
2018-03-22 11:00:00,870.08
2018-03-22 12:00:00,867.45
2018-03-22 13:00:00,786.3
2018-03-22 14:00:00,618.35
2018-03-22 15:00:00,401.67
2018-03-22 16:00:00,178.4
2018-03-22 17:00:00,22.73
2018-03-22 18:00:00,0.0
2018-03-22 19:00:00,0.0
2018-03-22 20:00:00,0.0
2018-03-22 21:00:00,0.0
2018-03-22 22:00:00,0.0
2018-03-22 23:00:00,0.0
2018-03-23 00:00:00,0.0
2018-03-23 01:00:00,0.0
2018-03-23 02:00:00,0.0
2018-03-23 03:00:00,0.0
2018-03-23 04:00:00,0.0
2018-03-23 05:00:00,0.0
2018-03-23 06:00:00,86.38
2018-03-23 07:00:00,256.95
2018-03-23 08:00:00,448.17
2018-03-23 09:00:00,638.67
2018-03-23 10:00:00,753.6
2018-03-23 11:00:00,837.1
2018-03-23 12:00:00,859.28
2018-03-23 13:00:00,741.78
2018-03-23 14:00:00,605.17
2018-03-23 15:00:00,404.58
2018-03-23 16:00:00,175.4
2018-03-23 17:00:00,22.62
2018-03-23 18:00:00,0.0
2018-03-23 19:00:00,0.0
2018-03-23 20:00:00,0.0
2018-03-23 21:00:00,0.0
2018-03-23 22:00:00,0.0
2018-03-23 23:00:00,0.0
2018-03-24 00:00:00,0.0
2018-03-24 01:00:00,0.0
2018-03-24 02:00:00,0.0
2018-03-24 03:00:00,0.0
2018-03-24 04:00:00,0.0
2018-03-24 05:00:00,2.45
2018-03-24 06:00:00,83.55
2018-03-24 07:00:00,269.38
2018-03-24 08:00:00,473.12
2018-03-24 09:00:00,682.97
2018-03-24 10:00:00,765.22
2018-03-24 11:00:00,806.2
2018-03-24 12:00:00,850.4
2018-03-24 13:00:00,679.9
2018-03-24 14:00:00,549.03
2018-03-24 15:00:00,367.5
2018-03-24 16:00:00,170.65
2018-03-24 17:00:00,22.75
2018-03-24 18:00:00,0.0
2018-03-24 19:00:00,0.0
2018-03-24 20:00:00,0.0
2018-03-24 21:00:00,0.0
2018-03-24 22:00:00,0.0
2018-03-24 23:00:00,0.0
2018-03-25 00:00:00,0.0
2018-03-25 01:00:00,0.0
2018-03-25 02:00:00,0.0
2018-03-25 03:00:00,0.0
2018-03-25 04:00:00,0.0
2018-03-25 05:00:00,2.9
2018-03-25 06:00:00,95.2
2018-03-25 07:00:00,292.75
2018-03-25 08:00:00,506.65
2018-03-25 09:00:00,718.67
2018-03-25 10:00:00,781.88
2018-03-25 11:00:00,913.42
2018-03-25 12:00:00,822.45
2018-03-25 13:00:00,797.1
2018-03-25 14:00:00,634.0
2018-03-25 15:00:00,418.05
2018-03-25 16:00:00,191.57
2018-03-25 17:00:00,25.1
2018-03-25 18:00:00,0.0
2018-03-25 19:00:00,0.0
2018-03-25 20:00:00,0.0
2018-03-25 21:00:00,0.0
2018-03-25 22:00:00,0.0
2018-03-25 23:00:00,0.0
2018-03-26 00:00:00,0.0
2018-03-26 01:00:00,0.0
2018-03-26 02:00:00,0.0
2018-03-26 03:00:00,0.0
2018-03-26 04:00:00,0.0
2018-03-26 05:00:00,3.3
2018-03-26 06:00:00,111.15
2018-03-26 07:00:00,331.67
2018-03-26 08:00:00,554.0
2018-03-26 09:00:00,757.97
2018-03-26 10:00:00,896.75
2018-03-26 11:00:00,787.88
2018-03-26 12:00:00,851.38
2018-03-26 13:00:00,793.3
2018-03-26 14:00:00,615.0
2018-03-26 15:00:00,391.42
2018-03-26 16:00:00,180.18
2018-03-26 17:00:00,24.52
2018-03-26 18:00:00,0.0
2018-03-26 19:00:00,0.0
2018-03-26 20:00:00,0.0
2018-03-26 21:00:00,0.0
2018-03-26 22:00:00,0.0
2018-03-26 23:00:00,0.0
2018-03-27 00:00:00,0.0
2018-03-27 01:00:00,0.0
2018-03-27 02:00:00,0.0
2018-03-27 03:00:00,0.0
2018-03-27 04:00:00,0.0
2018-03-27 05:00:00,3.65
2018-03-27 06:00:00,98.3
2018-03-27 07:00:00,282.05
2018-03-27 08:00:00,485.0
2018-03-27 09:00:00,671.95
2018-03-27 10:00:00,830.12
2018-03-27 11:00:00,783.35
2018-03-27 12:00:00,824.2
2018-03-27 13:00:00,786.7
2018-03-27 14:00:00,627.03
2018-03-27 15:00:00,428.6
2018-03-27 16:00:00,198.43
2018-03-27 17:00:00,21.77
2018-03-27 18:00:00,0.0
2018-03-27 19:00:00,0.0
2018-03-27 20:00:00,0.0
2018-03-27 21:00:00,0.0
2018-03-27 22:00:00,0.0
2018-03-27 23:00:00,0.0
2018-03-28 00:00:00,0.0
2018-03-28 01:00:00,0.0
2018-03-28 02:00:00,0.0
2018-03-28 03:00:00,0.0
2018-03-28 04:00:00,0.0
2018-03-28 05:00:00,3.85
2018-03-28 06:00:00,106.0
2018-03-28 07:00:00,317.9
2018-03-28 08:00:00,533.17
2018-03-28 09:00:00,747.75
2018-03-28 10:00:00,680.2
2018-03-28 11:00:00,787.67
2018-03-28 12:00:00,844.08
2018-03-28 13:00:00,796.3
2018-03-28 14:00:00,628.78
2018-03-28 15:00:00,416.98
2018-03-28 16:00:00,192.85
2018-03-28 17:00:00,17.1
2018-03-28 18:00:00,0.0
2018-03-28 19:00:00,0.0
2018-03-28 20:00:00,0.0
2018-03-28 21:00:00,0.0
2018-03-28 22:00:00,0.0
2018-03-28 23:00:00,0.0
2018-03-29 00:00:00,0.0
2018-03-29 01:00:00,0.0
2018-03-29 02:00:00,0.0
2018-03-29 03:00:00,0.0
2018-03-29 04:00:00,0.0
2018-03-29 05:00:00,3.92
2018-03-29 06:00:00,101.43
2018-03-29 07:00:00,300.05
2018-03-29 08:00:00,508.08
2018-03-29 09:00:00,722.92
2018-03-29 10:00:00,808.2
2018-03-29 11:00:00,814.8
2018-03-29 12:00:00,857.1
2018-03-29 13:00:00,759.35
2018-03-29 14:00:00,590.7
2018-03-29 15:00:00,384.05
2018-03-29 16:00:00,171.0
2018-03-29 17:00:00,23.0
2018-03-29 18:00:00,0.0
2018-03-29 19:00:00,0.0
2018-03-29 20:00:00,0.0
2018-03-29 21:00:00,0.0
2018-03-29 22:00:00,0.0
2018-03-29 23:00:00,0.0
2018-03-30 00:00:00,0.0
2018-03-30 01:00:00,0.0
2018-03-30 02:00:00,0.0
2018-03-30 03:00:00,0.0
2018-03-30 04:00:00,0.0
2018-03-30 05:00:00,3.4
2018-03-30 06:00:00,83.0
2018-03-30 07:00:00,242.68
2018-03-30 08:00:00,460.95
2018-03-30 09:00:00,692.25
2018-03-30 10:00:00,785.62
2018-03-30 11:00:00,807.9
2018-03-30 12:00:00,798.4
2018-03-30 13:00:00,742.9
2018-03-30 14:00:00,604.28
2018-03-30 15:00:00,334.08
2018-03-30 16:00:00,140.55
2018-03-30 17:00:00,14.2
2018-03-30 18:00:00,0.0
2018-03-30 19:00:00,0.0
2018-03-30 20:00:00,0.0
2018-03-30 21:00:00,0.0
2018-03-30 22:00:00,0.0
2018-03-30 23:00:00,0.0
2018-03-31 00:00:00,0.0
2018-03-31 01:00:00,0.0
2018-03-31 02:00:00,0.0
2018-03-31 03:00:00,0.0
2018-03-31 04:00:00,0.0
2018-03-31 05:00:00,3.7
2018-03-31 06:00:00,87.57
2018-03-31 07:00:00,257.12
2018-03-31 08:00:00,484.85
2018-03-31 09:00:00,697.47
2018-03-31 10:00:00,759.03
2018-03-31 11:00:00,812.5
2018-03-31 12:00:00,880.03
2018-03-31 13:00:00,781.95
2018-03-31 14:00:00,607.4
2018-03-31 15:00:00,341.35
2018-03-31 16:00:00,155.75
2018-03-31 17:00:00,18.35
2018-03-31 18:00:00,0.0
2018-03-31 19:00:00,0.0
2018-03-31 20:00:00,0.0
2018-03-31 21:00:00,0.0
2018-03-31 22:00:00,0.0
2018-03-31 23:00:00,0.0
2018-04-01 00:00:00,0.0
2018-04-01 01:00:00,0.0
2018-04-01 02:00:00,0.0
2018-04-01 03:00:00,0.0
2018-04-01 04:00:00,0.0
2018-04-01 05:00:00,4.05
2018-04-01 06:00:00,89.97
2018-04-01 07:00:00,269.65
2018-04-01 08:00:00,483.2
2018-04-01 09:00:00,675.1
2018-04-01 10:00:00,816.12
2018-04-01 11:00:00,896.53
2018-04-01 12:00:00,891.5
2018-04-01 13:00:00,798.47
2018-04-01 14:00:00,602.53
2018-04-01 15:00:00,398.15
2018-04-01 16:00:00,180.48
2018-04-01 17:00:00,18.15
2018-04-01 18:00:00,0.0
2018-04-01 19:00:00,0.0
2018-04-01 20:00:00,0.0
2018-04-01 21:00:00,0.0
2018-04-01 22:00:00,0.0
2018-04-01 23:00:00,0.0
2018-04-02 00:00:00,0.0
2018-04-02 01:00:00,0.0
2018-04-02 02:00:00,0.0
2018-04-02 03:00:00,0.0
2018-04-02 04:00:00,0.0
2018-04-02 05:00:00,4.12
2018-04-02 06:00:00,88.43
2018-04-02 07:00:00,241.68
2018-04-02 08:00:00,485.23
2018-04-02 09:00:00,715.58
2018-04-02 10:00:00,800.08
2018-04-02 11:00:00,865.75
2018-04-02 12:00:00,852.47
2018-04-02 13:00:00,796.9
2018-04-02 14:00:00,628.0
2018-04-02 15:00:00,413.25
2018-04-02 16:00:00,190.25
2018-04-02 17:00:00,27.27
2018-04-02 18:00:00,0.0
2018-04-02 19:00:00,0.0
2018-04-02 20:00:00,0.0
2018-04-02 21:00:00,0.0
2018-04-02 22:00:00,0.0
2018-04-02 23:00:00,0.0
2018-04-03 00:00:00,0.0
2018-04-03 01:00:00,0.0
2018-04-03 02:00:00,0.0
2018-04-03 03:00:00,0.0
2018-04-03 04:00:00,0.0
2018-04-03 05:00:00,4.45
2018-04-03 06:00:00,98.9
2018-04-03 07:00:00,285.65
2018-04-03 08:00:00,499.27
2018-04-03 09:00:00,712.95
2018-04-03 10:00:00,793.88
2018-04-03 11:00:00,929.38
2018-04-03 12:00:00,925.85
2018-04-03 13:00:00,813.67
2018-04-03 14:00:00,617.4
2018-04-03 15:00:00,425.65
2018-04-03 16:00:00,198.27
2018-04-03 17:00:00,22.05
2018-04-03 18:00:00,0.0
2018-04-03 19:00:00,0.0
2018-04-03 20:00:00,0.0
2018-04-03 21:00:00,0.0
2018-04-03 22:00:00,0.0
2018-04-03 23:00:00,0.0
2018-04-04 00:00:00,0.0
2018-04-04 01:00:00,0.0
2018-04-04 02:00:00,0.0
2018-04-04 03:00:00,0.0
2018-04-04 04:00:00,0.0
2018-04-04 05:00:00,6.15
2018-04-04 06:00:00,121.88
2018-04-04 07:00:00,333.85
2018-04-04 08:00:00,543.75
2018-04-04 09:00:00,768.67
2018-04-04 10:00:00,776.05
2018-04-04 11:00:00,835.03
2018-04-04 12:00:00,869.03
2018-04-04 13:00:00,807.78
2018-04-04 14:00:00,640.92
2018-04-04 15:00:00,429.75
2018-04-04 16:00:00,202.35
2018-04-04 17:00:00,27.48
2018-04-04 18:00:00,0.0
2018-04-04 19:00:00,0.0
2018-04-04 20:00:00,0.0
2018-04-04 21:00:00,0.0
2018-04-04 22:00:00,0.0
2018-04-04 23:00:00,0.0
2018-04-05 00:00:00,0.0
2018-04-05 01:00:00,0.0
2018-04-05 02:00:00,0.0
2018-04-05 03:00:00,0.0
2018-04-05 04:00:00,0.0
2018-04-05 05:00:00,6.43
2018-04-05 06:00:00,123.9
2018-04-05 07:00:00,334.2
2018-04-05 08:00:00,540.42
2018-04-05 09:00:00,774.6
2018-04-05 10:00:00,890.28
2018-04-05 11:00:00,811.88
2018-04-05 12:00:00,874.7
2018-04-05 13:00:00,822.3
2018-04-05 14:00:00,657.5
2018-04-05 15:00:00,439.75
2018-04-05 16:00:00,205.77
2018-04-05 17:00:00,27.38
2018-04-05 18:00:00,0.0
2018-04-05 19:00:00,0.0
2018-04-05 20:00:00,0.0
2018-04-05 21:00:00,0.0
2018-04-05 22:00:00,0.0
2018-04-05 23:00:00,0.0
2018-04-06 00:00:00,0.0
2018-04-06 01:00:00,0.0
2018-04-06 02:00:00,0.0
2018-04-06 03:00:00,0.0
2018-04-06 04:00:00,0.0
2018-04-06 05:00:00,6.78
2018-04-06 06:00:00,131.3
2018-04-06 07:00:00,357.92
2018-04-06 08:00:00,581.67
2018-04-06 09:00:00,783.95
2018-04-06 10:00:00,868.72
2018-04-06 11:00:00,926.92
2018-04-06 12:00:00,866.8
2018-04-06 13:00:00,774.5
2018-04-06 14:00:00,642.4
2018-04-06 15:00:00,432.6
2018-04-06 16:00:00,201.25
2018-04-06 17:00:00,27.58
2018-04-06 18:00:00,0.0
2018-04-06 19:00:00,0.0
2018-04-06 20:00:00,0.0
2018-04-06 21:00:00,0.0
2018-04-06 22:00:00,0.0
2018-04-06 23:00:00,0.0
2018-04-07 00:00:00,0.0
2018-04-07 01:00:00,0.0
2018-04-07 02:00:00,0.0
2018-04-07 03:00:00,0.0
2018-04-07 04:00:00,0.0
2018-04-07 05:00:00,6.8
2018-04-07 06:00:00,117.35
2018-04-07 07:00:00,310.62
2018-04-07 08:00:00,540.78
2018-04-07 09:00:00,752.65
2018-04-07 10:00:00,788.8
2018-04-07 11:00:00,853.92
2018-04-07 12:00:00,829.22
2018-04-07 13:00:00,816.65
2018-04-07 14:00:00,630.0
2018-04-07 15:00:00,427.33
2018-04-07 16:00:00,199.15
2018-04-07 17:00:00,22.15
2018-04-07 18:00:00,0.0
2018-04-07 19:00:00,0.0
2018-04-07 20:00:00,0.0
2018-04-07 21:00:00,0.0
2018-04-07 22:00:00,0.0
2018-04-07 23:00:00,0.0
2018-04-08 00:00:00,0.0
2018-04-08 01:00:00,0.0
2018-04-08 02:00:00,0.0
2018-04-08 03:00:00,0.0
2018-04-08 04:00:00,0.0
2018-04-08 05:00:00,7.95
2018-04-08 06:00:00,144.85
2018-04-08 07:00:00,382.62
2018-04-08 08:00:00,615.8
2018-04-08 09:00:00,820.3
2018-04-08 10:00:00,872.58
2018-04-08 11:00:00,868.25
2018-04-08 12:00:00,935.53
2018-04-08 13:00:00,767.78
2018-04-08 14:00:00,668.28
2018-04-08 15:00:00,448.58
2018-04-08 16:00:00,209.62
2018-04-08 17:00:00,28.17
2018-04-08 18:00:00,0.0
2018-04-08 19:00:00,0.0
2018-04-08 20:00:00,0.0
2018-04-08 21:00:00,0.0
2018-04-08 22:00:00,0.0
2018-04-08 23:00:00,0.0
2018-04-09 00:00:00,0.0
2018-04-09 01:00:00,0.0
2018-04-09 02:00:00,0.0
2018-04-09 03:00:00,0.0
2018-04-09 04:00:00,0.0
2018-04-09 05:00:00,7.62
2018-04-09 06:00:00,136.45
2018-04-09 07:00:00,357.67
2018-04-09 08:00:00,579.92
2018-04-09 09:00:00,769.05
2018-04-09 10:00:00,909.8
2018-04-09 11:00:00,966.72
2018-04-09 12:00:00,868.28
2018-04-09 13:00:00,800.1
2018-04-09 14:00:00,662.65
2018-04-09 15:00:00,447.83
2018-04-09 16:00:00,211.85
2018-04-09 17:00:00,26.58
2018-04-09 18:00:00,0.0
2018-04-09 19:00:00,0.0
2018-04-09 20:00:00,0.0
2018-04-09 21:00:00,0.0
2018-04-09 22:00:00,0.0
2018-04-09 23:00:00,0.0
2018-04-10 00:00:00,0.0
2018-04-10 01:00:00,0.0
2018-04-10 02:00:00,0.0
2018-04-10 03:00:00,0.0
2018-04-10 04:00:00,0.0
2018-04-10 05:00:00,9.1
2018-04-10 06:00:00,150.5
2018-04-10 07:00:00,377.38
2018-04-10 08:00:00,600.9
2018-04-10 09:00:00,794.17
2018-04-10 10:00:00,900.95
2018-04-10 11:00:00,961.85
2018-04-10 12:00:00,948.0
2018-04-10 13:00:00,826.85
2018-04-10 14:00:00,574.1
2018-04-10 15:00:00,410.77
2018-04-10 16:00:00,192.35
2018-04-10 17:00:00,23.77
2018-04-10 18:00:00,0.0
2018-04-10 19:00:00,0.0
2018-04-10 20:00:00,0.0
2018-04-10 21:00:00,0.0
2018-04-10 22:00:00,0.0
2018-04-10 23:00:00,0.0
2018-04-11 00:00:00,0.0
2018-04-11 01:00:00,0.0
2018-04-11 02:00:00,0.0
2018-04-11 03:00:00,0.0
2018-04-11 04:00:00,0.0
2018-04-11 05:00:00,10.3
2018-04-11 06:00:00,157.48
2018-04-11 07:00:00,375.5
2018-04-11 08:00:00,580.15
2018-04-11 09:00:00,756.4
2018-04-11 10:00:00,914.4
2018-04-11 11:00:00,967.9
2018-04-11 12:00:00,966.17
2018-04-11 13:00:00,868.0
2018-04-11 14:00:00,705.15
2018-04-11 15:00:00,456.58
2018-04-11 16:00:00,231.7
2018-04-11 17:00:00,36.45
2018-04-11 18:00:00,0.0
2018-04-11 19:00:00,0.0
2018-04-11 20:00:00,0.0
2018-04-11 21:00:00,0.0
2018-04-11 22:00:00,0.0
2018-04-11 23:00:00,0.0
2018-04-12 00:00:00,0.0
2018-04-12 01:00:00,0.0
2018-04-12 02:00:00,0.0
2018-04-12 03:00:00,0.0
2018-04-12 04:00:00,0.0
2018-04-12 05:00:00,10.15
2018-04-12 06:00:00,166.77
2018-04-12 07:00:00,405.38
2018-04-12 08:00:00,629.33
2018-04-12 09:00:00,819.78
2018-04-12 10:00:00,816.12
2018-04-12 11:00:00,988.0
2018-04-12 12:00:00,968.88
2018-04-12 13:00:00,860.85
2018-04-12 14:00:00,634.22
2018-04-12 15:00:00,459.35
2018-04-12 16:00:00,244.5
2018-04-12 17:00:00,36.08
2018-04-12 18:00:00,0.0
2018-04-12 19:00:00,0.0
2018-04-12 20:00:00,0.0
2018-04-12 21:00:00,0.0
2018-04-12 22:00:00,0.0
2018-04-12 23:00:00,0.0
2018-04-13 00:00:00,0.0
2018-04-13 01:00:00,0.0
2018-04-13 02:00:00,0.0
2018-04-13 03:00:00,0.0
2018-04-13 04:00:00,0.0
2018-04-13 05:00:00,9.55
2018-04-13 06:00:00,148.6
2018-04-13 07:00:00,354.75
2018-04-13 08:00:00,597.17
2018-04-13 09:00:00,792.53
2018-04-13 10:00:00,905.05
2018-04-13 11:00:00,952.12
2018-04-13 12:00:00,911.58
2018-04-13 13:00:00,834.33
2018-04-13 14:00:00,644.22
2018-04-13 15:00:00,420.55
2018-04-13 16:00:00,209.52
2018-04-13 17:00:00,31.4
2018-04-13 18:00:00,0.0
2018-04-13 19:00:00,0.0
2018-04-13 20:00:00,0.0
2018-04-13 21:00:00,0.0
2018-04-13 22:00:00,0.0
2018-04-13 23:00:00,0.0
2018-04-14 00:00:00,0.0
2018-04-14 01:00:00,0.0
2018-04-14 02:00:00,0.0
2018-04-14 03:00:00,0.0
2018-04-14 04:00:00,0.0
2018-04-14 05:00:00,9.82
2018-04-14 06:00:00,145.3
2018-04-14 07:00:00,351.67
2018-04-14 08:00:00,601.3
2018-04-14 09:00:00,791.72
2018-04-14 10:00:00,842.2
2018-04-14 11:00:00,953.5
2018-04-14 12:00:00,937.22
2018-04-14 13:00:00,812.53
2018-04-14 14:00:00,614.42
2018-04-14 15:00:00,451.25
2018-04-14 16:00:00,216.15
2018-04-14 17:00:00,29.25
2018-04-14 18:00:00,0.0
2018-04-14 19:00:00,0.0
2018-04-14 20:00:00,0.0
2018-04-14 21:00:00,0.0
2018-04-14 22:00:00,0.0
2018-04-14 23:00:00,0.0
2018-04-15 00:00:00,0.0
2018-04-15 01:00:00,0.0
2018-04-15 02:00:00,0.0
2018-04-15 03:00:00,0.0
2018-04-15 04:00:00,0.0
2018-04-15 05:00:00,11.93
2018-04-15 06:00:00,171.77
2018-04-15 07:00:00,403.77
2018-04-15 08:00:00,618.28
2018-04-15 09:00:00,803.15
2018-04-15 10:00:00,895.45
2018-04-15 11:00:00,957.28
2018-04-15 12:00:00,945.33
2018-04-15 13:00:00,766.08
2018-04-15 14:00:00,623.22
2018-04-15 15:00:00,429.27
2018-04-15 16:00:00,218.27
2018-04-15 17:00:00,36.72
2018-04-15 18:00:00,0.0
2018-04-15 19:00:00,0.0
2018-04-15 20:00:00,0.0
2018-04-15 21:00:00,0.0
2018-04-15 22:00:00,0.0
2018-04-15 23:00:00,0.0
2018-04-16 00:00:00,0.0
2018-04-16 01:00:00,0.0
2018-04-16 02:00:00,0.0
2018-04-16 03:00:00,0.0
2018-04-16 04:00:00,0.0
2018-04-16 05:00:00,11.88
2018-04-16 06:00:00,168.2
2018-04-16 07:00:00,389.25
2018-04-16 08:00:00,611.67
2018-04-16 09:00:00,765.12
2018-04-16 10:00:00,937.33
2018-04-16 11:00:00,877.83
2018-04-16 12:00:00,793.17
2018-04-16 13:00:00,823.0
2018-04-16 14:00:00,698.62
2018-04-16 15:00:00,449.6
2018-04-16 16:00:00,214.27
2018-04-16 17:00:00,28.62
2018-04-16 18:00:00,0.0
2018-04-16 19:00:00,0.0
2018-04-16 20:00:00,0.0
2018-04-16 21:00:00,0.0
2018-04-16 22:00:00,0.0
2018-04-16 23:00:00,0.0
2018-04-17 00:00:00,0.0
2018-04-17 01:00:00,0.0
2018-04-17 02:00:00,0.0
2018-04-17 03:00:00,0.0
2018-04-17 04:00:00,0.0
2018-04-17 05:00:00,11.82
2018-04-17 06:00:00,162.65
2018-04-17 07:00:00,386.35
2018-04-17 08:00:00,613.1
2018-04-17 09:00:00,802.92
2018-04-17 10:00:00,837.4
2018-04-17 11:00:00,973.67
2018-04-17 12:00:00,774.75
2018-04-17 13:00:00,830.03
2018-04-17 14:00:00,617.8
2018-04-17 15:00:00,439.17
2018-04-17 16:00:00,210.65
2018-04-17 17:00:00,27.92
2018-04-17 18:00:00,0.0
2018-04-17 19:00:00,0.0
2018-04-17 20:00:00,0.0
2018-04-17 21:00:00,0.0
2018-04-17 22:00:00,0.0
2018-04-17 23:00:00,0.0
2018-04-18 00:00:00,0.0
2018-04-18 01:00:00,0.0
2018-04-18 02:00:00,0.0
2018-04-18 03:00:00,0.0
2018-04-18 04:00:00,0.0
2018-04-18 05:00:00,11.43
2018-04-18 06:00:00,143.98
2018-04-18 07:00:00,335.45
2018-04-18 08:00:00,605.05
2018-04-18 09:00:00,809.0
2018-04-18 10:00:00,893.45
2018-04-18 11:00:00,884.05
2018-04-18 12:00:00,957.62
2018-04-18 13:00:00,763.38
2018-04-18 14:00:00,630.38
2018-04-18 15:00:00,469.73
2018-04-18 16:00:00,223.85
2018-04-18 17:00:00,31.98
2018-04-18 18:00:00,0.0
2018-04-18 19:00:00,0.0
2018-04-18 20:00:00,0.0
2018-04-18 21:00:00,0.0
2018-04-18 22:00:00,0.0
2018-04-18 23:00:00,0.0
2018-04-19 00:00:00,0.0
2018-04-19 01:00:00,0.0
2018-04-19 02:00:00,0.0
2018-04-19 03:00:00,0.0
2018-04-19 04:00:00,0.0
2018-04-19 05:00:00,12.43
2018-04-19 06:00:00,140.95
2018-04-19 07:00:00,338.92
2018-04-19 08:00:00,542.3
2018-04-19 09:00:00,699.97
2018-04-19 10:00:00,811.45
2018-04-19 11:00:00,807.5
2018-04-19 12:00:00,765.35
2018-04-19 13:00:00,640.8
2018-04-19 14:00:00,495.42
2018-04-19 15:00:00,314.12
2018-04-19 16:00:00,144.8
2018-04-19 17:00:00,21.92
2018-04-19 18:00:00,0.0
2018-04-19 19:00:00,0.0
2018-04-19 20:00:00,0.0
2018-04-19 21:00:00,0.0
2018-04-19 22:00:00,0.0
2018-04-19 23:00:00,0.0
2018-04-20 00:00:00,0.0
2018-04-20 01:00:00,0.0
2018-04-20 02:00:00,0.0
2018-04-20 03:00:00,0.0
2018-04-20 04:00:00,0.0
2018-04-20 05:00:00,11.65
2018-04-20 06:00:00,135.0
2018-04-20 07:00:00,320.85
2018-04-20 08:00:00,553.0
2018-04-20 09:00:00,753.03
2018-04-20 10:00:00,885.97
2018-04-20 11:00:00,840.28
2018-04-20 12:00:00,846.72
2018-04-20 13:00:00,700.45
2018-04-20 14:00:00,567.97
2018-04-20 15:00:00,384.67
2018-04-20 16:00:00,197.88
2018-04-20 17:00:00,27.67
2018-04-20 18:00:00,0.0
2018-04-20 19:00:00,0.0
2018-04-20 20:00:00,0.0
2018-04-20 21:00:00,0.0
2018-04-20 22:00:00,0.0
2018-04-20 23:00:00,0.0
2018-04-21 00:00:00,0.0
2018-04-21 01:00:00,0.0
2018-04-21 02:00:00,0.0
2018-04-21 03:00:00,0.0
2018-04-21 04:00:00,0.0
2018-04-21 05:00:00,12.12
2018-04-21 06:00:00,136.9
2018-04-21 07:00:00,312.73
2018-04-21 08:00:00,541.75
2018-04-21 09:00:00,753.35
2018-04-21 10:00:00,807.15
2018-04-21 11:00:00,791.95
2018-04-21 12:00:00,773.33
2018-04-21 13:00:00,802.38
2018-04-21 14:00:00,604.7
2018-04-21 15:00:00,447.38
2018-04-21 16:00:00,213.45
2018-04-21 17:00:00,31.0
2018-04-21 18:00:00,0.0
2018-04-21 19:00:00,0.0
2018-04-21 20:00:00,0.0
2018-04-21 21:00:00,0.0
2018-04-21 22:00:00,0.0
2018-04-21 23:00:00,0.0
2018-04-22 00:00:00,0.0
2018-04-22 01:00:00,0.0
2018-04-22 02:00:00,0.0
2018-04-22 03:00:00,0.0
2018-04-22 04:00:00,0.0
2018-04-22 05:00:00,13.27
2018-04-22 06:00:00,158.45
2018-04-22 07:00:00,381.05
2018-04-22 08:00:00,588.88
2018-04-22 09:00:00,820.47
2018-04-22 10:00:00,895.5
2018-04-22 11:00:00,856.33
2018-04-22 12:00:00,878.25
2018-04-22 13:00:00,834.62
2018-04-22 14:00:00,666.05
2018-04-22 15:00:00,450.38
2018-04-22 16:00:00,217.55
2018-04-22 17:00:00,23.05
2018-04-22 18:00:00,0.0
2018-04-22 19:00:00,0.0
2018-04-22 20:00:00,0.0
2018-04-22 21:00:00,0.0
2018-04-22 22:00:00,0.0
2018-04-22 23:00:00,0.0
2018-04-23 00:00:00,0.0
2018-04-23 01:00:00,0.0
2018-04-23 02:00:00,0.0
2018-04-23 03:00:00,0.0
2018-04-23 04:00:00,0.0
2018-04-23 05:00:00,13.32
2018-04-23 06:00:00,157.02
2018-04-23 07:00:00,385.9
2018-04-23 08:00:00,603.08
2018-04-23 09:00:00,824.67
2018-04-23 10:00:00,894.92
2018-04-23 11:00:00,878.97
2018-04-23 12:00:00,835.62
2018-04-23 13:00:00,823.45
2018-04-23 14:00:00,643.12
2018-04-23 15:00:00,432.62
2018-04-23 16:00:00,200.07
2018-04-23 17:00:00,29.33
2018-04-23 18:00:00,0.0
2018-04-23 19:00:00,0.0
2018-04-23 20:00:00,0.0
2018-04-23 21:00:00,0.0
2018-04-23 22:00:00,0.0
2018-04-23 23:00:00,0.0
2018-04-24 00:00:00,0.0
2018-04-24 01:00:00,0.0
2018-04-24 02:00:00,0.0
2018-04-24 03:00:00,0.0
2018-04-24 04:00:00,0.0
2018-04-24 05:00:00,11.62
2018-04-24 06:00:00,145.52
2018-04-24 07:00:00,364.6
2018-04-24 08:00:00,578.88
2018-04-24 09:00:00,794.78
2018-04-24 10:00:00,889.8
2018-04-24 11:00:00,932.1
2018-04-24 12:00:00,892.47
2018-04-24 13:00:00,779.4
2018-04-24 14:00:00,623.95
2018-04-24 15:00:00,420.92
2018-04-24 16:00:00,200.35
2018-04-24 17:00:00,30.25
2018-04-24 18:00:00,0.0
2018-04-24 19:00:00,0.0
2018-04-24 20:00:00,0.0
2018-04-24 21:00:00,0.0
2018-04-24 22:00:00,0.0
2018-04-24 23:00:00,0.0
2018-04-25 00:00:00,0.0
2018-04-25 01:00:00,0.0
2018-04-25 02:00:00,0.0
2018-04-25 03:00:00,0.0
2018-04-25 04:00:00,0.0
2018-04-25 05:00:00,13.07
2018-04-25 06:00:00,130.5
2018-04-25 07:00:00,348.33
2018-04-25 08:00:00,553.38
2018-04-25 09:00:00,705.33
2018-04-25 10:00:00,900.78
2018-04-25 11:00:00,799.28
2018-04-25 12:00:00,887.3
2018-04-25 13:00:00,708.55
2018-04-25 14:00:00,575.22
2018-04-25 15:00:00,402.42
2018-04-25 16:00:00,204.82
2018-04-25 17:00:00,30.05
2018-04-25 18:00:00,0.0
2018-04-25 19:00:00,0.0
2018-04-25 20:00:00,0.0
2018-04-25 21:00:00,0.0
2018-04-25 22:00:00,0.0
2018-04-25 23:00:00,0.0
2018-04-26 00:00:00,0.0
2018-04-26 01:00:00,0.0
2018-04-26 02:00:00,0.0
2018-04-26 03:00:00,0.0
2018-04-26 04:00:00,0.0
2018-04-26 05:00:00,12.95
2018-04-26 06:00:00,146.1
2018-04-26 07:00:00,351.98
2018-04-26 08:00:00,564.03
2018-04-26 09:00:00,771.17
2018-04-26 10:00:00,873.83
2018-04-26 11:00:00,951.03
2018-04-26 12:00:00,754.15
2018-04-26 13:00:00,784.15
2018-04-26 14:00:00,652.28
2018-04-26 15:00:00,445.15
2018-04-26 16:00:00,218.6
2018-04-26 17:00:00,32.78
2018-04-26 18:00:00,0.0
2018-04-26 19:00:00,0.0
2018-04-26 20:00:00,0.0
2018-04-26 21:00:00,0.0
2018-04-26 22:00:00,0.0
2018-04-26 23:00:00,0.0
2018-04-27 00:00:00,0.0
2018-04-27 01:00:00,0.0
2018-04-27 02:00:00,0.0
2018-04-27 03:00:00,0.0
2018-04-27 04:00:00,0.0
2018-04-27 05:00:00,13.88
2018-04-27 06:00:00,157.43
2018-04-27 07:00:00,385.42
2018-04-27 08:00:00,597.42
2018-04-27 09:00:00,813.0
2018-04-27 10:00:00,939.85
2018-04-27 11:00:00,859.1
2018-04-27 12:00:00,894.42
2018-04-27 13:00:00,718.03
2018-04-27 14:00:00,647.53
2018-04-27 15:00:00,441.48
2018-04-27 16:00:00,217.95
2018-04-27 17:00:00,29.35
2018-04-27 18:00:00,0.0
2018-04-27 19:00:00,0.0
2018-04-27 20:00:00,0.0
2018-04-27 21:00:00,0.0
2018-04-27 22:00:00,0.0
2018-04-27 23:00:00,0.0
2018-04-28 00:00:00,0.0
2018-04-28 01:00:00,0.0
2018-04-28 02:00:00,0.0
2018-04-28 03:00:00,0.0
2018-04-28 04:00:00,0.0
2018-04-28 05:00:00,15.23
2018-04-28 06:00:00,150.98
2018-04-28 07:00:00,367.77
2018-04-28 08:00:00,577.75
2018-04-28 09:00:00,803.4
2018-04-28 10:00:00,885.3
2018-04-28 11:00:00,853.05
2018-04-28 12:00:00,943.15
2018-04-28 13:00:00,828.35
2018-04-28 14:00:00,613.53
2018-04-28 15:00:00,421.92
2018-04-28 16:00:00,215.77
2018-04-28 17:00:00,32.58
2018-04-28 18:00:00,0.0
2018-04-28 19:00:00,0.0
2018-04-28 20:00:00,0.0
2018-04-28 21:00:00,0.0
2018-04-28 22:00:00,0.0
2018-04-28 23:00:00,0.0
2018-04-29 00:00:00,0.0
2018-04-29 01:00:00,0.0
2018-04-29 02:00:00,0.0
2018-04-29 03:00:00,0.0
2018-04-29 04:00:00,0.0
2018-04-29 05:00:00,15.68
2018-04-29 06:00:00,150.5
2018-04-29 07:00:00,356.17
2018-04-29 08:00:00,556.78
2018-04-29 09:00:00,740.4
2018-04-29 10:00:00,866.88
2018-04-29 11:00:00,888.58
2018-04-29 12:00:00,853.97
2018-04-29 13:00:00,786.15
2018-04-29 14:00:00,598.85
2018-04-29 15:00:00,385.17
2018-04-29 16:00:00,179.6
2018-04-29 17:00:00,27.65
2018-04-29 18:00:00,0.0
2018-04-29 19:00:00,0.0
2018-04-29 20:00:00,0.0
2018-04-29 21:00:00,0.0
2018-04-29 22:00:00,0.0
2018-04-29 23:00:00,0.0
2018-04-30 00:00:00,0.0
2018-04-30 01:00:00,0.0
2018-04-30 02:00:00,0.0
2018-04-30 03:00:00,0.0
2018-04-30 04:00:00,0.0
2018-04-30 05:00:00,14.88
2018-04-30 06:00:00,135.5
2018-04-30 07:00:00,333.85
2018-04-30 08:00:00,531.22
2018-04-30 09:00:00,705.17
2018-04-30 10:00:00,831.62
2018-04-30 11:00:00,879.25
2018-04-30 12:00:00,872.17
2018-04-30 13:00:00,754.25
2018-04-30 14:00:00,590.05
2018-04-30 15:00:00,383.17
2018-04-30 16:00:00,180.77
2018-04-30 17:00:00,27.5
2018-04-30 18:00:00,0.0
2018-04-30 19:00:00,0.0
2018-04-30 20:00:00,0.0
2018-04-30 21:00:00,0.0
2018-04-30 22:00:00,0.0
2018-04-30 23:00:00,0.0
2018-05-01 00:00:00,0.0
2018-05-01 01:00:00,0.0
2018-05-01 02:00:00,0.0
2018-05-01 03:00:00,0.0
2018-05-01 04:00:00,0.0
2018-05-01 05:00:00,13.98
2018-05-01 06:00:00,136.77
2018-05-01 07:00:00,327.95
2018-05-01 08:00:00,520.92
2018-05-01 09:00:00,677.92
2018-05-01 10:00:00,805.67
2018-05-01 11:00:00,887.88
2018-05-01 12:00:00,748.22
2018-05-01 13:00:00,675.1
2018-05-01 14:00:00,544.92
2018-05-01 15:00:00,401.3
2018-05-01 16:00:00,184.98
2018-05-01 17:00:00,28.42
2018-05-01 18:00:00,0.0
2018-05-01 19:00:00,0.0
2018-05-01 20:00:00,0.0
2018-05-01 21:00:00,0.0
2018-05-01 22:00:00,0.0
2018-05-01 23:00:00,0.0
2018-05-02 00:00:00,0.0
2018-05-02 01:00:00,0.0
2018-05-02 02:00:00,0.0
2018-05-02 03:00:00,0.0
2018-05-02 04:00:00,0.0
2018-05-02 05:00:00,11.38
2018-05-02 06:00:00,120.97
2018-05-02 07:00:00,283.52
2018-05-02 08:00:00,457.02
2018-05-02 09:00:00,619.12
2018-05-02 10:00:00,707.33
2018-05-02 11:00:00,777.1
2018-05-02 12:00:00,736.85
2018-05-02 13:00:00,665.9
2018-05-02 14:00:00,510.15
2018-05-02 15:00:00,325.35
2018-05-02 16:00:00,154.9
2018-05-02 17:00:00,26.48
2018-05-02 18:00:00,0.0
2018-05-02 19:00:00,0.0
2018-05-02 20:00:00,0.0
2018-05-02 21:00:00,0.0
2018-05-02 22:00:00,0.0
2018-05-02 23:00:00,0.0
2018-05-03 00:00:00,0.0
2018-05-03 01:00:00,0.0
2018-05-03 02:00:00,0.0
2018-05-03 03:00:00,0.0
2018-05-03 04:00:00,0.0
2018-05-03 05:00:00,16.2
2018-05-03 06:00:00,134.25
2018-05-03 07:00:00,319.92
2018-05-03 08:00:00,515.42
2018-05-03 09:00:00,662.78
2018-05-03 10:00:00,772.65
2018-05-03 11:00:00,733.35
2018-05-03 12:00:00,849.25
2018-05-03 13:00:00,737.9
2018-05-03 14:00:00,604.35
2018-05-03 15:00:00,377.42
2018-05-03 16:00:00,183.65
2018-05-03 17:00:00,27.9
2018-05-03 18:00:00,0.0
2018-05-03 19:00:00,0.0
2018-05-03 20:00:00,0.0
2018-05-03 21:00:00,0.0
2018-05-03 22:00:00,0.0
2018-05-03 23:00:00,0.0
2018-05-04 00:00:00,0.0
2018-05-04 01:00:00,0.0
2018-05-04 02:00:00,0.0
2018-05-04 03:00:00,0.0
2018-05-04 04:00:00,0.0
2018-05-04 05:00:00,16.95
2018-05-04 06:00:00,153.57
2018-05-04 07:00:00,341.7
2018-05-04 08:00:00,524.5
2018-05-04 09:00:00,704.4
2018-05-04 10:00:00,801.28
2018-05-04 11:00:00,859.2
2018-05-04 12:00:00,796.3
2018-05-04 13:00:00,767.65
2018-05-04 14:00:00,609.15
2018-05-04 15:00:00,428.42
2018-05-04 16:00:00,205.38
2018-05-04 17:00:00,31.85
2018-05-04 18:00:00,0.0
2018-05-04 19:00:00,0.0
2018-05-04 20:00:00,0.0
2018-05-04 21:00:00,0.0
2018-05-04 22:00:00,0.0
2018-05-04 23:00:00,0.0
2018-05-05 00:00:00,0.0
2018-05-05 01:00:00,0.0
2018-05-05 02:00:00,0.0
2018-05-05 03:00:00,0.0
2018-05-05 04:00:00,0.0
2018-05-05 05:00:00,16.65
2018-05-05 06:00:00,160.75
2018-05-05 07:00:00,375.88
2018-05-05 08:00:00,585.3
2018-05-05 09:00:00,801.42
2018-05-05 10:00:00,892.4
2018-05-05 11:00:00,963.2
2018-05-05 12:00:00,943.12
2018-05-05 13:00:00,842.78
2018-05-05 14:00:00,568.08
2018-05-05 15:00:00,421.8
2018-05-05 16:00:00,206.35
2018-05-05 17:00:00,30.92
2018-05-05 18:00:00,0.0
2018-05-05 19:00:00,0.0
2018-05-05 20:00:00,0.0
2018-05-05 21:00:00,0.0
2018-05-05 22:00:00,0.0
2018-05-05 23:00:00,0.0
2018-05-06 00:00:00,0.0
2018-05-06 01:00:00,0.0
2018-05-06 02:00:00,0.0
2018-05-06 03:00:00,0.0
2018-05-06 04:00:00,0.0
2018-05-06 05:00:00,19.1
2018-05-06 06:00:00,164.32
2018-05-06 07:00:00,361.8
2018-05-06 08:00:00,548.8
2018-05-06 09:00:00,730.8
2018-05-06 10:00:00,785.53
2018-05-06 11:00:00,794.28
2018-05-06 12:00:00,791.83
2018-05-06 13:00:00,681.88
2018-05-06 14:00:00,551.9
2018-05-06 15:00:00,383.12
2018-05-06 16:00:00,193.4
2018-05-06 17:00:00,32.1
2018-05-06 18:00:00,0.0
2018-05-06 19:00:00,0.0
2018-05-06 20:00:00,0.0
2018-05-06 21:00:00,0.0
2018-05-06 22:00:00,0.0
2018-05-06 23:00:00,0.0
2018-05-07 00:00:00,0.0
2018-05-07 01:00:00,0.0
2018-05-07 02:00:00,0.0
2018-05-07 03:00:00,0.0
2018-05-07 04:00:00,0.0
2018-05-07 05:00:00,19.08
2018-05-07 06:00:00,154.62
2018-05-07 07:00:00,359.75
2018-05-07 08:00:00,559.67
2018-05-07 09:00:00,769.4
2018-05-07 10:00:00,854.03
2018-05-07 11:00:00,908.15
2018-05-07 12:00:00,905.67
2018-05-07 13:00:00,733.58
2018-05-07 14:00:00,592.7
2018-05-07 15:00:00,395.02
2018-05-07 16:00:00,194.88
2018-05-07 17:00:00,32.92
2018-05-07 18:00:00,0.0
2018-05-07 19:00:00,0.0
2018-05-07 20:00:00,0.0
2018-05-07 21:00:00,0.0
2018-05-07 22:00:00,0.0
2018-05-07 23:00:00,0.0
2018-05-08 00:00:00,0.0
2018-05-08 01:00:00,0.0
2018-05-08 02:00:00,0.0
2018-05-08 03:00:00,0.0
2018-05-08 04:00:00,0.0
2018-05-08 05:00:00,15.1
2018-05-08 06:00:00,134.73
2018-05-08 07:00:00,291.1
2018-05-08 08:00:00,462.95
2018-05-08 09:00:00,641.8
2018-05-08 10:00:00,787.67
2018-05-08 11:00:00,806.75
2018-05-08 12:00:00,809.38
2018-05-08 13:00:00,730.42
2018-05-08 14:00:00,599.95
2018-05-08 15:00:00,401.0
2018-05-08 16:00:00,185.1
2018-05-08 17:00:00,26.52
2018-05-08 18:00:00,0.0
2018-05-08 19:00:00,0.0
2018-05-08 20:00:00,0.0
2018-05-08 21:00:00,0.0
2018-05-08 22:00:00,0.0
2018-05-08 23:00:00,0.0
2018-05-09 00:00:00,0.0
2018-05-09 01:00:00,0.0
2018-05-09 02:00:00,0.0
2018-05-09 03:00:00,0.0
2018-05-09 04:00:00,0.0
2018-05-09 05:00:00,19.77
2018-05-09 06:00:00,164.88
2018-05-09 07:00:00,362.0
2018-05-09 08:00:00,558.55
2018-05-09 09:00:00,734.12
2018-05-09 10:00:00,854.28
2018-05-09 11:00:00,895.1
2018-05-09 12:00:00,885.8
2018-05-09 13:00:00,781.67
2018-05-09 14:00:00,658.25
2018-05-09 15:00:00,411.2
2018-05-09 16:00:00,227.93
2018-05-09 17:00:00,38.58
2018-05-09 18:00:00,0.0
2018-05-09 19:00:00,0.0
2018-05-09 20:00:00,0.0
2018-05-09 21:00:00,0.0
2018-05-09 22:00:00,0.0
2018-05-09 23:00:00,0.0
2018-05-10 00:00:00,0.0
2018-05-10 01:00:00,0.0
2018-05-10 02:00:00,0.0
2018-05-10 03:00:00,0.0
2018-05-10 04:00:00,0.0
2018-05-10 05:00:00,23.65
2018-05-10 06:00:00,165.25
2018-05-10 07:00:00,352.95
2018-05-10 08:00:00,552.58
2018-05-10 09:00:00,717.95
2018-05-10 10:00:00,856.97
2018-05-10 11:00:00,918.05
2018-05-10 12:00:00,836.83
2018-05-10 13:00:00,789.58
2018-05-10 14:00:00,642.53
2018-05-10 15:00:00,447.62
2018-05-10 16:00:00,228.43
2018-05-10 17:00:00,40.15
2018-05-10 18:00:00,0.0
2018-05-10 19:00:00,0.0
2018-05-10 20:00:00,0.0
2018-05-10 21:00:00,0.0
2018-05-10 22:00:00,0.0
2018-05-10 23:00:00,0.0
2018-05-11 00:00:00,0.0
2018-05-11 01:00:00,0.0
2018-05-11 02:00:00,0.0
2018-05-11 03:00:00,0.0
2018-05-11 04:00:00,0.0
2018-05-11 05:00:00,20.75
2018-05-11 06:00:00,169.2
2018-05-11 07:00:00,380.3
2018-05-11 08:00:00,588.45
2018-05-11 09:00:00,796.97
2018-05-11 10:00:00,837.03
2018-05-11 11:00:00,715.95
2018-05-11 12:00:00,891.53
2018-05-11 13:00:00,827.08
2018-05-11 14:00:00,669.62
2018-05-11 15:00:00,458.6
2018-05-11 16:00:00,208.43
2018-05-11 17:00:00,31.9
2018-05-11 18:00:00,0.0
2018-05-11 19:00:00,0.0
2018-05-11 20:00:00,0.0
2018-05-11 21:00:00,0.0
2018-05-11 22:00:00,0.0
2018-05-11 23:00:00,0.0
2018-05-12 00:00:00,0.0
2018-05-12 01:00:00,0.0
2018-05-12 02:00:00,0.0
2018-05-12 03:00:00,0.0
2018-05-12 04:00:00,0.0
2018-05-12 05:00:00,19.08
2018-05-12 06:00:00,151.55
2018-05-12 07:00:00,374.8
2018-05-12 08:00:00,577.1
2018-05-12 09:00:00,790.8
2018-05-12 10:00:00,821.28
2018-05-12 11:00:00,903.05
2018-05-12 12:00:00,876.0
2018-05-12 13:00:00,760.88
2018-05-12 14:00:00,628.53
2018-05-12 15:00:00,383.33
2018-05-12 16:00:00,213.27
2018-05-12 17:00:00,35.2
2018-05-12 18:00:00,0.0
2018-05-12 19:00:00,0.0
2018-05-12 20:00:00,0.0
2018-05-12 21:00:00,0.0
2018-05-12 22:00:00,0.0
2018-05-12 23:00:00,0.0
2018-05-13 00:00:00,0.0
2018-05-13 01:00:00,0.0
2018-05-13 02:00:00,0.0
2018-05-13 03:00:00,0.0
2018-05-13 04:00:00,0.0
2018-05-13 05:00:00,21.5
2018-05-13 06:00:00,172.82
2018-05-13 07:00:00,367.58
2018-05-13 08:00:00,567.22
2018-05-13 09:00:00,773.92
2018-05-13 10:00:00,901.2
2018-05-13 11:00:00,900.1
2018-05-13 12:00:00,819.42
2018-05-13 13:00:00,706.67
2018-05-13 14:00:00,551.35
2018-05-13 15:00:00,367.55
2018-05-13 16:00:00,175.57
2018-05-13 17:00:00,28.65
2018-05-13 18:00:00,0.0
2018-05-13 19:00:00,0.0
2018-05-13 20:00:00,0.0
2018-05-13 21:00:00,0.0
2018-05-13 22:00:00,0.0
2018-05-13 23:00:00,0.0
2018-05-14 00:00:00,0.0
2018-05-14 01:00:00,0.0
2018-05-14 02:00:00,0.0
2018-05-14 03:00:00,0.0
2018-05-14 04:00:00,0.0
2018-05-14 05:00:00,21.08
2018-05-14 06:00:00,154.68
2018-05-14 07:00:00,357.67
2018-05-14 08:00:00,558.75
2018-05-14 09:00:00,758.08
2018-05-14 10:00:00,851.78
2018-05-14 11:00:00,935.12
2018-05-14 12:00:00,885.95
2018-05-14 13:00:00,775.7
2018-05-14 14:00:00,654.28
2018-05-14 15:00:00,450.88
2018-05-14 16:00:00,225.18
2018-05-14 17:00:00,38.55
2018-05-14 18:00:00,0.0
2018-05-14 19:00:00,0.0
2018-05-14 20:00:00,0.0
2018-05-14 21:00:00,0.0
2018-05-14 22:00:00,0.0
2018-05-14 23:00:00,0.0
2018-05-15 00:00:00,0.0
2018-05-15 01:00:00,0.0
2018-05-15 02:00:00,0.0
2018-05-15 03:00:00,0.0
2018-05-15 04:00:00,0.0
2018-05-15 05:00:00,18.88
2018-05-15 06:00:00,154.38
2018-05-15 07:00:00,318.88
2018-05-15 08:00:00,486.52
2018-05-15 09:00:00,639.92
2018-05-15 10:00:00,736.62
2018-05-15 11:00:00,841.3
2018-05-15 12:00:00,739.7
2018-05-15 13:00:00,542.4
2018-05-15 14:00:00,361.55
2018-05-15 15:00:00,245.12
2018-05-15 16:00:00,138.15
2018-05-15 17:00:00,30.15
2018-05-15 18:00:00,0.0
2018-05-15 19:00:00,0.0
2018-05-15 20:00:00,0.0
2018-05-15 21:00:00,0.0
2018-05-15 22:00:00,0.0
2018-05-15 23:00:00,0.0
2018-05-16 00:00:00,0.0
2018-05-16 01:00:00,0.0
2018-05-16 02:00:00,0.0
2018-05-16 03:00:00,0.0
2018-05-16 04:00:00,0.0
2018-05-16 05:00:00,21.35
2018-05-16 06:00:00,166.12
2018-05-16 07:00:00,349.4
2018-05-16 08:00:00,552.35
2018-05-16 09:00:00,762.0
2018-05-16 10:00:00,867.12
2018-05-16 11:00:00,949.28
2018-05-16 12:00:00,927.85
2018-05-16 13:00:00,802.47
2018-05-16 14:00:00,641.88
2018-05-16 15:00:00,407.5
2018-05-16 16:00:00,232.45
2018-05-16 17:00:00,40.3
2018-05-16 18:00:00,0.0
2018-05-16 19:00:00,0.0
2018-05-16 20:00:00,0.0
2018-05-16 21:00:00,0.0
2018-05-16 22:00:00,0.0
2018-05-16 23:00:00,0.0
2018-05-17 00:00:00,0.0
2018-05-17 01:00:00,0.0
2018-05-17 02:00:00,0.0
2018-05-17 03:00:00,0.0
2018-05-17 04:00:00,0.0
2018-05-17 05:00:00,20.5
2018-05-17 06:00:00,164.0
2018-05-17 07:00:00,348.75
2018-05-17 08:00:00,549.25
2018-05-17 09:00:00,735.4
2018-05-17 10:00:00,825.8
2018-05-17 11:00:00,910.85
2018-05-17 12:00:00,857.8
2018-05-17 13:00:00,765.78
2018-05-17 14:00:00,613.83
2018-05-17 15:00:00,400.1
2018-05-17 16:00:00,190.18
2018-05-17 17:00:00,33.08
2018-05-17 18:00:00,0.0
2018-05-17 19:00:00,0.0
2018-05-17 20:00:00,0.0
2018-05-17 21:00:00,0.0
2018-05-17 22:00:00,0.0
2018-05-17 23:00:00,0.0
2018-05-18 00:00:00,0.0
2018-05-18 01:00:00,0.0
2018-05-18 02:00:00,0.0
2018-05-18 03:00:00,0.0
2018-05-18 04:00:00,0.0
2018-05-18 05:00:00,18.23
2018-05-18 06:00:00,130.82
2018-05-18 07:00:00,297.05
2018-05-18 08:00:00,463.52
2018-05-18 09:00:00,588.15
2018-05-18 10:00:00,672.22
2018-05-18 11:00:00,697.97
2018-05-18 12:00:00,684.08
2018-05-18 13:00:00,654.35
2018-05-18 14:00:00,546.22
2018-05-18 15:00:00,371.3
2018-05-18 16:00:00,179.85
2018-05-18 17:00:00,32.35
2018-05-18 18:00:00,0.0
2018-05-18 19:00:00,0.0
2018-05-18 20:00:00,0.0
2018-05-18 21:00:00,0.0
2018-05-18 22:00:00,0.0
2018-05-18 23:00:00,0.0
2018-05-19 00:00:00,0.0
2018-05-19 01:00:00,0.0
2018-05-19 02:00:00,0.0
2018-05-19 03:00:00,0.0
2018-05-19 04:00:00,0.0
2018-05-19 05:00:00,18.95
2018-05-19 06:00:00,145.48
2018-05-19 07:00:00,332.83
2018-05-19 08:00:00,534.38
2018-05-19 09:00:00,728.33
2018-05-19 10:00:00,731.7
2018-05-19 11:00:00,870.0
2018-05-19 12:00:00,841.25
2018-05-19 13:00:00,719.92
2018-05-19 14:00:00,578.9
2018-05-19 15:00:00,383.05
2018-05-19 16:00:00,176.95
2018-05-19 17:00:00,30.73
2018-05-19 18:00:00,0.0
2018-05-19 19:00:00,0.0
2018-05-19 20:00:00,0.0
2018-05-19 21:00:00,0.0
2018-05-19 22:00:00,0.0
2018-05-19 23:00:00,0.0
2018-05-20 00:00:00,0.0
2018-05-20 01:00:00,0.0
2018-05-20 02:00:00,0.0
2018-05-20 03:00:00,0.0
2018-05-20 04:00:00,0.0
2018-05-20 05:00:00,19.5
2018-05-20 06:00:00,142.43
2018-05-20 07:00:00,325.17
2018-05-20 08:00:00,514.42
2018-05-20 09:00:00,658.15
2018-05-20 10:00:00,834.1
2018-05-20 11:00:00,894.25
2018-05-20 12:00:00,850.38
2018-05-20 13:00:00,665.75
2018-05-20 14:00:00,614.55
2018-05-20 15:00:00,378.17
2018-05-20 16:00:00,183.45
2018-05-20 17:00:00,25.67
2018-05-20 18:00:00,0.0
2018-05-20 19:00:00,0.0
2018-05-20 20:00:00,0.0
2018-05-20 21:00:00,0.0
2018-05-20 22:00:00,0.0
2018-05-20 23:00:00,0.0
2018-05-21 00:00:00,0.0
2018-05-21 01:00:00,0.0
2018-05-21 02:00:00,0.0
2018-05-21 03:00:00,0.0
2018-05-21 04:00:00,0.0
2018-05-21 05:00:00,20.77
2018-05-21 06:00:00,142.0
2018-05-21 07:00:00,342.5
2018-05-21 08:00:00,530.22
2018-05-21 09:00:00,723.83
2018-05-21 10:00:00,851.92
2018-05-21 11:00:00,924.1
2018-05-21 12:00:00,900.7
2018-05-21 13:00:00,779.3
2018-05-21 14:00:00,635.97
2018-05-21 15:00:00,381.25
2018-05-21 16:00:00,207.3
2018-05-21 17:00:00,36.38
2018-05-21 18:00:00,0.0
2018-05-21 19:00:00,0.0
2018-05-21 20:00:00,0.0
2018-05-21 21:00:00,0.0
2018-05-21 22:00:00,0.0
2018-05-21 23:00:00,0.0
2018-05-22 00:00:00,0.0
2018-05-22 01:00:00,0.0
2018-05-22 02:00:00,0.0
2018-05-22 03:00:00,0.0
2018-05-22 04:00:00,0.0
2018-05-22 05:00:00,21.33
2018-05-22 06:00:00,150.75
2018-05-22 07:00:00,320.3
2018-05-22 08:00:00,498.17
2018-05-22 09:00:00,681.72
2018-05-22 10:00:00,730.4
2018-05-22 11:00:00,777.3
2018-05-22 12:00:00,790.38
2018-05-22 13:00:00,687.75
2018-05-22 14:00:00,537.28
2018-05-22 15:00:00,392.88
2018-05-22 16:00:00,192.52
2018-05-22 17:00:00,35.55
2018-05-22 18:00:00,0.0
2018-05-22 19:00:00,0.0
2018-05-22 20:00:00,0.0
2018-05-22 21:00:00,0.0
2018-05-22 22:00:00,0.0
2018-05-22 23:00:00,0.0
2018-05-23 00:00:00,0.0
2018-05-23 01:00:00,0.0
2018-05-23 02:00:00,0.0
2018-05-23 03:00:00,0.0
2018-05-23 04:00:00,0.0
2018-05-23 05:00:00,22.5
2018-05-23 06:00:00,157.65
2018-05-23 07:00:00,352.8
2018-05-23 08:00:00,550.58
2018-05-23 09:00:00,733.55
2018-05-23 10:00:00,853.12
2018-05-23 11:00:00,893.22
2018-05-23 12:00:00,888.15
2018-05-23 13:00:00,774.9
2018-05-23 14:00:00,649.72
2018-05-23 15:00:00,411.48
2018-05-23 16:00:00,209.15
2018-05-23 17:00:00,40.33
2018-05-23 18:00:00,0.0
2018-05-23 19:00:00,0.0
2018-05-23 20:00:00,0.0
2018-05-23 21:00:00,0.0
2018-05-23 22:00:00,0.0
2018-05-23 23:00:00,0.0
2018-05-24 00:00:00,0.0
2018-05-24 01:00:00,0.0
2018-05-24 02:00:00,0.0
2018-05-24 03:00:00,0.0
2018-05-24 04:00:00,0.0
2018-05-24 05:00:00,16.5
2018-05-24 06:00:00,112.95
2018-05-24 07:00:00,258.73
2018-05-24 08:00:00,419.8
2018-05-24 09:00:00,539.33
2018-05-24 10:00:00,635.17
2018-05-24 11:00:00,644.78
2018-05-24 12:00:00,653.95
2018-05-24 13:00:00,641.83
2018-05-24 14:00:00,510.6
2018-05-24 15:00:00,336.27
2018-05-24 16:00:00,162.32
2018-05-24 17:00:00,31.55
2018-05-24 18:00:00,0.0
2018-05-24 19:00:00,0.0
2018-05-24 20:00:00,0.0
2018-05-24 21:00:00,0.0
2018-05-24 22:00:00,0.0
2018-05-24 23:00:00,0.0
2018-05-25 00:00:00,0.0
2018-05-25 01:00:00,0.0
2018-05-25 02:00:00,0.0
2018-05-25 03:00:00,0.0
2018-05-25 04:00:00,0.0
2018-05-25 05:00:00,15.55
2018-05-25 06:00:00,113.43
2018-05-25 07:00:00,275.12
2018-05-25 08:00:00,430.5
2018-05-25 09:00:00,551.75
2018-05-25 10:00:00,722.47
2018-05-25 11:00:00,689.88
2018-05-25 12:00:00,681.83
2018-05-25 13:00:00,651.72
2018-05-25 14:00:00,536.33
2018-05-25 15:00:00,356.9
2018-05-25 16:00:00,181.57
2018-05-25 17:00:00,34.92
2018-05-25 18:00:00,0.0
2018-05-25 19:00:00,0.0
2018-05-25 20:00:00,0.0
2018-05-25 21:00:00,0.0
2018-05-25 22:00:00,0.0
2018-05-25 23:00:00,0.0
2018-05-26 00:00:00,0.0
2018-05-26 01:00:00,0.0
2018-05-26 02:00:00,0.0
2018-05-26 03:00:00,0.0
2018-05-26 04:00:00,0.0
2018-05-26 05:00:00,22.05
2018-05-26 06:00:00,152.2
2018-05-26 07:00:00,302.45
2018-05-26 08:00:00,529.88
2018-05-26 09:00:00,699.38
2018-05-26 10:00:00,802.67
2018-05-26 11:00:00,805.35
2018-05-26 12:00:00,748.85
2018-05-26 13:00:00,661.5
2018-05-26 14:00:00,575.4
2018-05-26 15:00:00,394.25
2018-05-26 16:00:00,213.55
2018-05-26 17:00:00,42.72
2018-05-26 18:00:00,0.0
2018-05-26 19:00:00,0.0
2018-05-26 20:00:00,0.0
2018-05-26 21:00:00,0.0
2018-05-26 22:00:00,0.0
2018-05-26 23:00:00,0.0
2018-05-27 00:00:00,0.0
2018-05-27 01:00:00,0.0
2018-05-27 02:00:00,0.0
2018-05-27 03:00:00,0.0
2018-05-27 04:00:00,0.0
2018-05-27 05:00:00,23.35
2018-05-27 06:00:00,163.73
2018-05-27 07:00:00,369.0
2018-05-27 08:00:00,542.17
2018-05-27 09:00:00,758.62
2018-05-27 10:00:00,841.4
2018-05-27 11:00:00,905.38
2018-05-27 12:00:00,819.05
2018-05-27 13:00:00,779.22
2018-05-27 14:00:00,633.83
2018-05-27 15:00:00,443.4
2018-05-27 16:00:00,228.43
2018-05-27 17:00:00,46.1
2018-05-27 18:00:00,0.0
2018-05-27 19:00:00,0.0
2018-05-27 20:00:00,0.0
2018-05-27 21:00:00,0.0
2018-05-27 22:00:00,0.0
2018-05-27 23:00:00,0.0
2018-05-28 00:00:00,0.0
2018-05-28 01:00:00,0.0
2018-05-28 02:00:00,0.0
2018-05-28 03:00:00,0.0
2018-05-28 04:00:00,0.0
2018-05-28 05:00:00,22.1
2018-05-28 06:00:00,158.0
2018-05-28 07:00:00,344.17
2018-05-28 08:00:00,527.58
2018-05-28 09:00:00,671.38
2018-05-28 10:00:00,800.4
2018-05-28 11:00:00,815.17
2018-05-28 12:00:00,824.6
2018-05-28 13:00:00,739.95
2018-05-28 14:00:00,614.17
2018-05-28 15:00:00,371.33
2018-05-28 16:00:00,184.68
2018-05-28 17:00:00,38.5
2018-05-28 18:00:00,0.0
2018-05-28 19:00:00,0.0
2018-05-28 20:00:00,0.0
2018-05-28 21:00:00,0.0
2018-05-28 22:00:00,0.0
2018-05-28 23:00:00,0.0
2018-05-29 00:00:00,0.0
2018-05-29 01:00:00,0.0
2018-05-29 02:00:00,0.0
2018-05-29 03:00:00,0.0
2018-05-29 04:00:00,0.0
2018-05-29 05:00:00,20.55
2018-05-29 06:00:00,160.1
2018-05-29 07:00:00,348.67
2018-05-29 08:00:00,555.2
2018-05-29 09:00:00,706.92
2018-05-29 10:00:00,819.28
2018-05-29 11:00:00,851.15
2018-05-29 12:00:00,819.83
2018-05-29 13:00:00,697.67
2018-05-29 14:00:00,536.85
2018-05-29 15:00:00,373.52
2018-05-29 16:00:00,194.85
2018-05-29 17:00:00,38.53
2018-05-29 18:00:00,0.0
2018-05-29 19:00:00,0.0
2018-05-29 20:00:00,0.0
2018-05-29 21:00:00,0.0
2018-05-29 22:00:00,0.0
2018-05-29 23:00:00,0.0
2018-05-30 00:00:00,0.0
2018-05-30 01:00:00,0.0
2018-05-30 02:00:00,0.0
2018-05-30 03:00:00,0.0
2018-05-30 04:00:00,0.0
2018-05-30 05:00:00,22.67
2018-05-30 06:00:00,167.38
2018-05-30 07:00:00,343.02
2018-05-30 08:00:00,529.88
2018-05-30 09:00:00,682.67
2018-05-30 10:00:00,796.7
2018-05-30 11:00:00,770.47
2018-05-30 12:00:00,775.75
2018-05-30 13:00:00,714.9
2018-05-30 14:00:00,562.15
2018-05-30 15:00:00,390.23
2018-05-30 16:00:00,196.45
2018-05-30 17:00:00,38.5
2018-05-30 18:00:00,0.0
2018-05-30 19:00:00,0.0
2018-05-30 20:00:00,0.0
2018-05-30 21:00:00,0.0
2018-05-30 22:00:00,0.0
2018-05-30 23:00:00,0.0
2018-05-31 00:00:00,0.0
2018-05-31 01:00:00,0.0
2018-05-31 02:00:00,0.0
2018-05-31 03:00:00,0.0
2018-05-31 04:00:00,0.0
2018-05-31 05:00:00,19.05
2018-05-31 06:00:00,130.0
2018-05-31 07:00:00,309.45
2018-05-31 08:00:00,495.0
2018-05-31 09:00:00,668.83
2018-05-31 10:00:00,802.85
2018-05-31 11:00:00,796.95
2018-05-31 12:00:00,739.58
2018-05-31 13:00:00,682.12
2018-05-31 14:00:00,513.28
2018-05-31 15:00:00,330.73
2018-05-31 16:00:00,170.12
2018-05-31 17:00:00,34.28
2018-05-31 18:00:00,0.0
2018-05-31 19:00:00,0.0
2018-05-31 20:00:00,0.0
2018-05-31 21:00:00,0.0
2018-05-31 22:00:00,0.0
2018-05-31 23:00:00,0.0
2018-06-01 00:00:00,0.0
2018-06-01 01:00:00,0.0
2018-06-01 02:00:00,0.0
2018-06-01 03:00:00,0.0
2018-06-01 04:00:00,0.0
2018-06-01 05:00:00,16.0
2018-06-01 06:00:00,123.43
2018-06-01 07:00:00,283.48
2018-06-01 08:00:00,468.48
2018-06-01 09:00:00,614.2
2018-06-01 10:00:00,767.75
2018-06-01 11:00:00,805.38
2018-06-01 12:00:00,825.45
2018-06-01 13:00:00,714.17
2018-06-01 14:00:00,606.6
2018-06-01 15:00:00,404.62
2018-06-01 16:00:00,194.2
2018-06-01 17:00:00,39.0
2018-06-01 18:00:00,0.0
2018-06-01 19:00:00,0.0
2018-06-01 20:00:00,0.0
2018-06-01 21:00:00,0.0
2018-06-01 22:00:00,0.0
2018-06-01 23:00:00,0.0
2018-06-02 00:00:00,0.0
2018-06-02 01:00:00,0.0
2018-06-02 02:00:00,0.0
2018-06-02 03:00:00,0.0
2018-06-02 04:00:00,0.0
2018-06-02 05:00:00,18.65
2018-06-02 06:00:00,116.43
2018-06-02 07:00:00,258.5
2018-06-02 08:00:00,413.77
2018-06-02 09:00:00,555.88
2018-06-02 10:00:00,627.9
2018-06-02 11:00:00,675.75
2018-06-02 12:00:00,595.9
2018-06-02 13:00:00,526.5
2018-06-02 14:00:00,405.98
2018-06-02 15:00:00,313.75
2018-06-02 16:00:00,149.7
2018-06-02 17:00:00,33.67
2018-06-02 18:00:00,0.0
2018-06-02 19:00:00,0.0
2018-06-02 20:00:00,0.0
2018-06-02 21:00:00,0.0
2018-06-02 22:00:00,0.0
2018-06-02 23:00:00,0.0
2018-06-03 00:00:00,0.0
2018-06-03 01:00:00,0.0
2018-06-03 02:00:00,0.0
2018-06-03 03:00:00,0.0
2018-06-03 04:00:00,0.0
2018-06-03 05:00:00,19.52
2018-06-03 06:00:00,141.4
2018-06-03 07:00:00,319.48
2018-06-03 08:00:00,508.27
2018-06-03 09:00:00,716.42
2018-06-03 10:00:00,807.42
2018-06-03 11:00:00,810.2
2018-06-03 12:00:00,793.2
2018-06-03 13:00:00,647.6
2018-06-03 14:00:00,503.88
2018-06-03 15:00:00,337.05
2018-06-03 16:00:00,161.18
2018-06-03 17:00:00,33.3
2018-06-03 18:00:00,0.0
2018-06-03 19:00:00,0.0
2018-06-03 20:00:00,0.0
2018-06-03 21:00:00,0.0
2018-06-03 22:00:00,0.0
2018-06-03 23:00:00,0.0
2018-06-04 00:00:00,0.0
2018-06-04 01:00:00,0.0
2018-06-04 02:00:00,0.0
2018-06-04 03:00:00,0.0
2018-06-04 04:00:00,0.0
2018-06-04 05:00:00,17.0
2018-06-04 06:00:00,102.72
2018-06-04 07:00:00,241.15
2018-06-04 08:00:00,412.7
2018-06-04 09:00:00,544.5
2018-06-04 10:00:00,633.08
2018-06-04 11:00:00,633.55
2018-06-04 12:00:00,677.03
2018-06-04 13:00:00,671.28
2018-06-04 14:00:00,556.8
2018-06-04 15:00:00,393.75
2018-06-04 16:00:00,193.85
2018-06-04 17:00:00,38.85
2018-06-04 18:00:00,0.0
2018-06-04 19:00:00,0.0
2018-06-04 20:00:00,0.0
2018-06-04 21:00:00,0.0
2018-06-04 22:00:00,0.0
2018-06-04 23:00:00,0.0
2018-06-05 00:00:00,0.0
2018-06-05 01:00:00,0.0
2018-06-05 02:00:00,0.0
2018-06-05 03:00:00,0.0
2018-06-05 04:00:00,0.0
2018-06-05 05:00:00,18.85
2018-06-05 06:00:00,145.57
2018-06-05 07:00:00,336.25
2018-06-05 08:00:00,529.97
2018-06-05 09:00:00,731.72
2018-06-05 10:00:00,816.92
2018-06-05 11:00:00,782.5
2018-06-05 12:00:00,714.53
2018-06-05 13:00:00,590.1
2018-06-05 14:00:00,418.5
2018-06-05 15:00:00,334.92
2018-06-05 16:00:00,158.88
2018-06-05 17:00:00,33.95
2018-06-05 18:00:00,0.0
2018-06-05 19:00:00,0.0
2018-06-05 20:00:00,0.0
2018-06-05 21:00:00,0.0
2018-06-05 22:00:00,0.0
2018-06-05 23:00:00,0.0
2018-06-06 00:00:00,0.0
2018-06-06 01:00:00,0.0
2018-06-06 02:00:00,0.0
2018-06-06 03:00:00,0.0
2018-06-06 04:00:00,0.0
2018-06-06 05:00:00,18.5
2018-06-06 06:00:00,138.1
2018-06-06 07:00:00,311.35
2018-06-06 08:00:00,490.48
2018-06-06 09:00:00,690.33
2018-06-06 10:00:00,788.85
2018-06-06 11:00:00,796.38
2018-06-06 12:00:00,675.2
2018-06-06 13:00:00,467.0
2018-06-06 14:00:00,172.65
2018-06-06 15:00:00,104.62
2018-06-06 16:00:00,52.42
2018-06-06 17:00:00,11.23
2018-06-06 18:00:00,0.0
2018-06-06 19:00:00,0.0
2018-06-06 20:00:00,0.0
2018-06-06 21:00:00,0.0
2018-06-06 22:00:00,0.0
2018-06-06 23:00:00,0.0
2018-06-07 00:00:00,0.0
2018-06-07 01:00:00,0.0
2018-06-07 02:00:00,0.0
2018-06-07 03:00:00,0.0
2018-06-07 04:00:00,0.0
2018-06-07 05:00:00,9.0
2018-06-07 06:00:00,95.57
2018-06-07 07:00:00,207.27
2018-06-07 08:00:00,319.6
2018-06-07 09:00:00,447.62
2018-06-07 10:00:00,628.97
2018-06-07 11:00:00,674.05
2018-06-07 12:00:00,666.75
2018-06-07 13:00:00,666.33
2018-06-07 14:00:00,504.95
2018-06-07 15:00:00,349.98
2018-06-07 16:00:00,178.05
2018-06-07 17:00:00,35.78
2018-06-07 18:00:00,0.0
2018-06-07 19:00:00,0.0
2018-06-07 20:00:00,0.0
2018-06-07 21:00:00,0.0
2018-06-07 22:00:00,0.0
2018-06-07 23:00:00,0.0
2018-06-08 00:00:00,0.0
2018-06-08 01:00:00,0.0
2018-06-08 02:00:00,0.0
2018-06-08 03:00:00,0.0
2018-06-08 04:00:00,0.0
2018-06-08 05:00:00,20.02
2018-06-08 06:00:00,145.23
2018-06-08 07:00:00,305.65
2018-06-08 08:00:00,478.17
2018-06-08 09:00:00,658.42
2018-06-08 10:00:00,760.92
2018-06-08 11:00:00,825.97
2018-06-08 12:00:00,751.6
2018-06-08 13:00:00,596.22
2018-06-08 14:00:00,512.1
2018-06-08 15:00:00,267.15
2018-06-08 16:00:00,130.12
2018-06-08 17:00:00,30.95
2018-06-08 18:00:00,0.0
2018-06-08 19:00:00,0.0
2018-06-08 20:00:00,0.0
2018-06-08 21:00:00,0.0
2018-06-08 22:00:00,0.0
2018-06-08 23:00:00,0.0
2018-06-09 00:00:00,0.0
2018-06-09 01:00:00,0.0
2018-06-09 02:00:00,0.0
2018-06-09 03:00:00,0.0
2018-06-09 04:00:00,0.0
2018-06-09 05:00:00,16.58
2018-06-09 06:00:00,119.82
2018-06-09 07:00:00,252.07
2018-06-09 08:00:00,407.3
2018-06-09 09:00:00,550.12
2018-06-09 10:00:00,621.97
2018-06-09 11:00:00,649.75
2018-06-09 12:00:00,643.45
2018-06-09 13:00:00,509.23
2018-06-09 14:00:00,399.38
2018-06-09 15:00:00,281.15
2018-06-09 16:00:00,142.57
2018-06-09 17:00:00,33.95
2018-06-09 18:00:00,0.0
2018-06-09 19:00:00,0.0
2018-06-09 20:00:00,0.0
2018-06-09 21:00:00,0.0
2018-06-09 22:00:00,0.0
2018-06-09 23:00:00,0.0
2018-06-10 00:00:00,0.0
2018-06-10 01:00:00,0.0
2018-06-10 02:00:00,0.0
2018-06-10 03:00:00,0.0
2018-06-10 04:00:00,0.0
2018-06-10 05:00:00,18.0
2018-06-10 06:00:00,129.18
2018-06-10 07:00:00,275.85
2018-06-10 08:00:00,430.98
2018-06-10 09:00:00,587.7
2018-06-10 10:00:00,689.85
2018-06-10 11:00:00,725.38
2018-06-10 12:00:00,713.3
2018-06-10 13:00:00,655.03
2018-06-10 14:00:00,430.45
2018-06-10 15:00:00,270.65
2018-06-10 16:00:00,147.43
2018-06-10 17:00:00,33.03
2018-06-10 18:00:00,0.0
2018-06-10 19:00:00,0.0
2018-06-10 20:00:00,0.0
2018-06-10 21:00:00,0.0
2018-06-10 22:00:00,0.0
2018-06-10 23:00:00,0.0
2018-06-11 00:00:00,0.0
2018-06-11 01:00:00,0.0
2018-06-11 02:00:00,0.0
2018-06-11 03:00:00,0.0
2018-06-11 04:00:00,0.0
2018-06-11 05:00:00,16.62
2018-06-11 06:00:00,110.75
2018-06-11 07:00:00,236.3
2018-06-11 08:00:00,378.27
2018-06-11 09:00:00,501.98
2018-06-11 10:00:00,556.62
2018-06-11 11:00:00,478.58
2018-06-11 12:00:00,501.17
2018-06-11 13:00:00,483.17
2018-06-11 14:00:00,394.42
2018-06-11 15:00:00,306.35
2018-06-11 16:00:00,151.3
2018-06-11 17:00:00,37.88
2018-06-11 18:00:00,0.0
2018-06-11 19:00:00,0.0
2018-06-11 20:00:00,0.0
2018-06-11 21:00:00,0.0
2018-06-11 22:00:00,0.0
2018-06-11 23:00:00,0.0
2018-06-12 00:00:00,0.0
2018-06-12 01:00:00,0.0
2018-06-12 02:00:00,0.0
2018-06-12 03:00:00,0.0
2018-06-12 04:00:00,0.0
2018-06-12 05:00:00,10.48
2018-06-12 06:00:00,80.03
2018-06-12 07:00:00,174.52
2018-06-12 08:00:00,279.88
2018-06-12 09:00:00,386.7
2018-06-12 10:00:00,527.1
2018-06-12 11:00:00,514.28
2018-06-12 12:00:00,513.12
2018-06-12 13:00:00,434.3
2018-06-12 14:00:00,312.17
2018-06-12 15:00:00,213.18
2018-06-12 16:00:00,125.35
2018-06-12 17:00:00,33.3
2018-06-12 18:00:00,0.0
2018-06-12 19:00:00,0.0
2018-06-12 20:00:00,0.0
2018-06-12 21:00:00,0.0
2018-06-12 22:00:00,0.0
2018-06-12 23:00:00,0.0
2018-06-13 00:00:00,0.0
2018-06-13 01:00:00,0.0
2018-06-13 02:00:00,0.0
2018-06-13 03:00:00,0.0
2018-06-13 04:00:00,0.0
2018-06-13 05:00:00,17.05
2018-06-13 06:00:00,107.22
2018-06-13 07:00:00,241.98
2018-06-13 08:00:00,380.23
2018-06-13 09:00:00,486.95
2018-06-13 10:00:00,599.15
2018-06-13 11:00:00,536.78
2018-06-13 12:00:00,524.55
2018-06-13 13:00:00,448.42
2018-06-13 14:00:00,345.88
2018-06-13 15:00:00,242.57
2018-06-13 16:00:00,121.9
2018-06-13 17:00:00,29.08
2018-06-13 18:00:00,0.0
2018-06-13 19:00:00,0.0
2018-06-13 20:00:00,0.0
2018-06-13 21:00:00,0.0
2018-06-13 22:00:00,0.0
2018-06-13 23:00:00,0.0
2018-06-14 00:00:00,0.0
2018-06-14 01:00:00,0.0
2018-06-14 02:00:00,0.0
2018-06-14 03:00:00,0.0
2018-06-14 04:00:00,0.0
2018-06-14 05:00:00,18.98
2018-06-14 06:00:00,148.07
2018-06-14 07:00:00,306.33
2018-06-14 08:00:00,485.73
2018-06-14 09:00:00,691.9
2018-06-14 10:00:00,808.12
2018-06-14 11:00:00,866.83
2018-06-14 12:00:00,775.15
2018-06-14 13:00:00,699.88
2018-06-14 14:00:00,522.17
2018-06-14 15:00:00,352.5
2018-06-14 16:00:00,165.38
2018-06-14 17:00:00,37.9
2018-06-14 18:00:00,0.0
2018-06-14 19:00:00,0.0
2018-06-14 20:00:00,0.0
2018-06-14 21:00:00,0.0
2018-06-14 22:00:00,0.0
2018-06-14 23:00:00,0.0
2018-06-15 00:00:00,0.0
2018-06-15 01:00:00,0.0
2018-06-15 02:00:00,0.0
2018-06-15 03:00:00,0.0
2018-06-15 04:00:00,0.0
2018-06-15 05:00:00,15.77
2018-06-15 06:00:00,114.38
2018-06-15 07:00:00,290.35
2018-06-15 08:00:00,468.48
2018-06-15 09:00:00,617.45
2018-06-15 10:00:00,701.92
2018-06-15 11:00:00,851.22
2018-06-15 12:00:00,783.55
2018-06-15 13:00:00,662.2
2018-06-15 14:00:00,453.33
2018-06-15 15:00:00,246.2
2018-06-15 16:00:00,138.88
2018-06-15 17:00:00,37.47
2018-06-15 18:00:00,0.0
2018-06-15 19:00:00,0.0
2018-06-15 20:00:00,0.0
2018-06-15 21:00:00,0.0
2018-06-15 22:00:00,0.0
2018-06-15 23:00:00,0.0
2018-06-16 00:00:00,0.0
2018-06-16 01:00:00,0.0
2018-06-16 02:00:00,0.0
2018-06-16 03:00:00,0.0
2018-06-16 04:00:00,0.0
2018-06-16 05:00:00,18.77
2018-06-16 06:00:00,153.35
2018-06-16 07:00:00,317.17
2018-06-16 08:00:00,502.12
2018-06-16 09:00:00,664.1
2018-06-16 10:00:00,815.05
2018-06-16 11:00:00,891.45
2018-06-16 12:00:00,847.28
2018-06-16 13:00:00,773.42
2018-06-16 14:00:00,584.15
2018-06-16 15:00:00,393.83
2018-06-16 16:00:00,210.12
2018-06-16 17:00:00,47.95
2018-06-16 18:00:00,0.0
2018-06-16 19:00:00,0.0
2018-06-16 20:00:00,0.0
2018-06-16 21:00:00,0.0
2018-06-16 22:00:00,0.0
2018-06-16 23:00:00,0.0
2018-06-17 00:00:00,0.0
2018-06-17 01:00:00,0.0
2018-06-17 02:00:00,0.0
2018-06-17 03:00:00,0.0
2018-06-17 04:00:00,0.0
2018-06-17 05:00:00,20.58
2018-06-17 06:00:00,158.82
2018-06-17 07:00:00,347.0
2018-06-17 08:00:00,540.28
2018-06-17 09:00:00,707.58
2018-06-17 10:00:00,849.12
2018-06-17 11:00:00,892.9
2018-06-17 12:00:00,879.03
2018-06-17 13:00:00,777.35
2018-06-17 14:00:00,645.08
2018-06-17 15:00:00,439.15
2018-06-17 16:00:00,220.38
2018-06-17 17:00:00,46.7
2018-06-17 18:00:00,0.0
2018-06-17 19:00:00,0.0
2018-06-17 20:00:00,0.0
2018-06-17 21:00:00,0.0
2018-06-17 22:00:00,0.0
2018-06-17 23:00:00,0.0
2018-06-18 00:00:00,0.0
2018-06-18 01:00:00,0.0
2018-06-18 02:00:00,0.0
2018-06-18 03:00:00,0.0
2018-06-18 04:00:00,0.0
2018-06-18 05:00:00,22.65
2018-06-18 06:00:00,166.48
2018-06-18 07:00:00,352.98
2018-06-18 08:00:00,530.9
2018-06-18 09:00:00,717.1
2018-06-18 10:00:00,852.6
2018-06-18 11:00:00,798.25
2018-06-18 12:00:00,801.15
2018-06-18 13:00:00,806.88
2018-06-18 14:00:00,628.88
2018-06-18 15:00:00,420.58
2018-06-18 16:00:00,210.8
2018-06-18 17:00:00,47.72
2018-06-18 18:00:00,0.0
2018-06-18 19:00:00,0.0
2018-06-18 20:00:00,0.0
2018-06-18 21:00:00,0.0
2018-06-18 22:00:00,0.0
2018-06-18 23:00:00,0.0
2018-06-19 00:00:00,0.0
2018-06-19 01:00:00,0.0
2018-06-19 02:00:00,0.0
2018-06-19 03:00:00,0.0
2018-06-19 04:00:00,0.0
2018-06-19 05:00:00,20.62
2018-06-19 06:00:00,159.27
2018-06-19 07:00:00,351.38
2018-06-19 08:00:00,529.22
2018-06-19 09:00:00,721.15
2018-06-19 10:00:00,815.08
2018-06-19 11:00:00,823.5
2018-06-19 12:00:00,811.38
2018-06-19 13:00:00,743.92
2018-06-19 14:00:00,624.33
2018-06-19 15:00:00,396.55
2018-06-19 16:00:00,200.73
2018-06-19 17:00:00,46.38
2018-06-19 18:00:00,0.0
2018-06-19 19:00:00,0.0
2018-06-19 20:00:00,0.0
2018-06-19 21:00:00,0.0
2018-06-19 22:00:00,0.0
2018-06-19 23:00:00,0.0
2018-06-20 00:00:00,0.0
2018-06-20 01:00:00,0.0
2018-06-20 02:00:00,0.0
2018-06-20 03:00:00,0.0
2018-06-20 04:00:00,0.0
2018-06-20 05:00:00,19.17
2018-06-20 06:00:00,158.82
2018-06-20 07:00:00,354.73
2018-06-20 08:00:00,521.35
2018-06-20 09:00:00,704.08
2018-06-20 10:00:00,838.22
2018-06-20 11:00:00,875.42
2018-06-20 12:00:00,859.03
2018-06-20 13:00:00,800.92
2018-06-20 14:00:00,653.42
2018-06-20 15:00:00,460.83
2018-06-20 16:00:00,251.38
2018-06-20 17:00:00,62.28
2018-06-20 18:00:00,0.0
2018-06-20 19:00:00,0.0
2018-06-20 20:00:00,0.0
2018-06-20 21:00:00,0.0
2018-06-20 22:00:00,0.0
2018-06-20 23:00:00,0.0
2018-06-21 00:00:00,0.0
2018-06-21 01:00:00,0.0
2018-06-21 02:00:00,0.0
2018-06-21 03:00:00,0.0
2018-06-21 04:00:00,0.0
2018-06-21 05:00:00,19.9
2018-06-21 06:00:00,163.9
2018-06-21 07:00:00,350.55
2018-06-21 08:00:00,535.3
2018-06-21 09:00:00,771.83
2018-06-21 10:00:00,884.38
2018-06-21 11:00:00,894.58
2018-06-21 12:00:00,903.28
2018-06-21 13:00:00,784.45
2018-06-21 14:00:00,641.58
2018-06-21 15:00:00,465.58
2018-06-21 16:00:00,241.88
2018-06-21 17:00:00,59.1
2018-06-21 18:00:00,0.0
2018-06-21 19:00:00,0.0
2018-06-21 20:00:00,0.0
2018-06-21 21:00:00,0.0
2018-06-21 22:00:00,0.0
2018-06-21 23:00:00,0.0
2018-06-22 00:00:00,0.0
2018-06-22 01:00:00,0.0
2018-06-22 02:00:00,0.0
2018-06-22 03:00:00,0.0
2018-06-22 04:00:00,0.0
2018-06-22 05:00:00,18.5
2018-06-22 06:00:00,151.95
2018-06-22 07:00:00,331.3
2018-06-22 08:00:00,509.2
2018-06-22 09:00:00,650.67
2018-06-22 10:00:00,764.12
2018-06-22 11:00:00,843.5
2018-06-22 12:00:00,735.6
2018-06-22 13:00:00,631.97
2018-06-22 14:00:00,417.73
2018-06-22 15:00:00,243.8
2018-06-22 16:00:00,120.7
2018-06-22 17:00:00,33.08
2018-06-22 18:00:00,0.0
2018-06-22 19:00:00,0.0
2018-06-22 20:00:00,0.0
2018-06-22 21:00:00,0.0
2018-06-22 22:00:00,0.0
2018-06-22 23:00:00,0.0
2018-06-23 00:00:00,0.0
2018-06-23 01:00:00,0.0
2018-06-23 02:00:00,0.0
2018-06-23 03:00:00,0.0
2018-06-23 04:00:00,0.0
2018-06-23 05:00:00,19.5
2018-06-23 06:00:00,160.38
2018-06-23 07:00:00,342.95
2018-06-23 08:00:00,513.2
2018-06-23 09:00:00,748.45
2018-06-23 10:00:00,855.72
2018-06-23 11:00:00,863.72
2018-06-23 12:00:00,787.45
2018-06-23 13:00:00,664.67
2018-06-23 14:00:00,551.1
2018-06-23 15:00:00,382.58
2018-06-23 16:00:00,192.18
2018-06-23 17:00:00,44.05
2018-06-23 18:00:00,0.0
2018-06-23 19:00:00,0.0
2018-06-23 20:00:00,0.0
2018-06-23 21:00:00,0.0
2018-06-23 22:00:00,0.0
2018-06-23 23:00:00,0.0
2018-06-24 00:00:00,0.0
2018-06-24 01:00:00,0.0
2018-06-24 02:00:00,0.0
2018-06-24 03:00:00,0.0
2018-06-24 04:00:00,0.0
2018-06-24 05:00:00,5.1
2018-06-24 06:00:00,62.1
2018-06-24 07:00:00,132.38
2018-06-24 08:00:00,220.4
2018-06-24 09:00:00,297.27
2018-06-24 10:00:00,347.88
2018-06-24 11:00:00,373.27
2018-06-24 12:00:00,447.2
2018-06-24 13:00:00,440.7
2018-06-24 14:00:00,375.7
2018-06-24 15:00:00,276.85
2018-06-24 16:00:00,135.57
2018-06-24 17:00:00,37.33
2018-06-24 18:00:00,0.0
2018-06-24 19:00:00,0.0
2018-06-24 20:00:00,0.0
2018-06-24 21:00:00,0.0
2018-06-24 22:00:00,0.0
2018-06-24 23:00:00,0.0
2018-06-25 00:00:00,0.0
2018-06-25 01:00:00,0.0
2018-06-25 02:00:00,0.0
2018-06-25 03:00:00,0.0
2018-06-25 04:00:00,0.0
2018-06-25 05:00:00,11.32
2018-06-25 06:00:00,85.18
2018-06-25 07:00:00,190.07
2018-06-25 08:00:00,334.55
2018-06-25 09:00:00,429.48
2018-06-25 10:00:00,500.6
2018-06-25 11:00:00,557.58
2018-06-25 12:00:00,495.52
2018-06-25 13:00:00,558.28
2018-06-25 14:00:00,455.1
2018-06-25 15:00:00,287.77
2018-06-25 16:00:00,143.85
2018-06-25 17:00:00,33.97
2018-06-25 18:00:00,0.0
2018-06-25 19:00:00,0.0
2018-06-25 20:00:00,0.0
2018-06-25 21:00:00,0.0
2018-06-25 22:00:00,0.0
2018-06-25 23:00:00,0.0
2018-06-26 00:00:00,0.0
2018-06-26 01:00:00,0.0
2018-06-26 02:00:00,0.0
2018-06-26 03:00:00,0.0
2018-06-26 04:00:00,0.0
2018-06-26 05:00:00,18.8
2018-06-26 06:00:00,148.2
2018-06-26 07:00:00,321.52
2018-06-26 08:00:00,511.83
2018-06-26 09:00:00,667.35
2018-06-26 10:00:00,799.15
2018-06-26 11:00:00,679.67
2018-06-26 12:00:00,658.12
2018-06-26 13:00:00,547.83
2018-06-26 14:00:00,404.23
2018-06-26 15:00:00,283.98
2018-06-26 16:00:00,146.52
2018-06-26 17:00:00,39.55
2018-06-26 18:00:00,0.0
2018-06-26 19:00:00,0.0
2018-06-26 20:00:00,0.0
2018-06-26 21:00:00,0.0
2018-06-26 22:00:00,0.0
2018-06-26 23:00:00,0.0
2018-06-27 00:00:00,0.0
2018-06-27 01:00:00,0.0
2018-06-27 02:00:00,0.0
2018-06-27 03:00:00,0.0
2018-06-27 04:00:00,0.0
2018-06-27 05:00:00,8.5
2018-06-27 06:00:00,70.07
2018-06-27 07:00:00,162.07
2018-06-27 08:00:00,263.9
2018-06-27 09:00:00,355.98
2018-06-27 10:00:00,422.9
2018-06-27 11:00:00,538.45
2018-06-27 12:00:00,540.38
2018-06-27 13:00:00,475.38
2018-06-27 14:00:00,372.52
2018-06-27 15:00:00,268.98
2018-06-27 16:00:00,122.8
2018-06-27 17:00:00,33.17
2018-06-27 18:00:00,0.0
2018-06-27 19:00:00,0.0
2018-06-27 20:00:00,0.0
2018-06-27 21:00:00,0.0
2018-06-27 22:00:00,0.0
2018-06-27 23:00:00,0.0
2018-06-28 00:00:00,0.0
2018-06-28 01:00:00,0.0
2018-06-28 02:00:00,0.0
2018-06-28 03:00:00,0.0
2018-06-28 04:00:00,0.0
2018-06-28 05:00:00,10.1
2018-06-28 06:00:00,101.93
2018-06-28 07:00:00,205.43
2018-06-28 08:00:00,330.92
2018-06-28 09:00:00,426.85
2018-06-28 10:00:00,445.42
2018-06-28 11:00:00,517.38
2018-06-28 12:00:00,461.0
2018-06-28 13:00:00,401.12
2018-06-28 14:00:00,304.45
2018-06-28 15:00:00,246.93
2018-06-28 16:00:00,123.38
2018-06-28 17:00:00,29.9
2018-06-28 18:00:00,0.0
2018-06-28 19:00:00,0.0
2018-06-28 20:00:00,0.0
2018-06-28 21:00:00,0.0
2018-06-28 22:00:00,0.0
2018-06-28 23:00:00,0.0
2018-06-29 00:00:00,0.0
2018-06-29 01:00:00,0.0
2018-06-29 02:00:00,0.0
2018-06-29 03:00:00,0.0
2018-06-29 04:00:00,0.0
2018-06-29 05:00:00,6.95
2018-06-29 06:00:00,64.03
2018-06-29 07:00:00,130.85
2018-06-29 08:00:00,220.43
2018-06-29 09:00:00,305.17
2018-06-29 10:00:00,365.17
2018-06-29 11:00:00,450.25
2018-06-29 12:00:00,488.23
2018-06-29 13:00:00,467.77
2018-06-29 14:00:00,451.12
2018-06-29 15:00:00,368.0
2018-06-29 16:00:00,192.18
2018-06-29 17:00:00,48.9
2018-06-29 18:00:00,0.0
2018-06-29 19:00:00,0.0
2018-06-29 20:00:00,0.0
2018-06-29 21:00:00,0.0
2018-06-29 22:00:00,0.0
2018-06-29 23:00:00,0.0
2018-06-30 00:00:00,0.0
2018-06-30 01:00:00,0.0
2018-06-30 02:00:00,0.0
2018-06-30 03:00:00,0.0
2018-06-30 04:00:00,0.0
2018-06-30 05:00:00,14.05
2018-06-30 06:00:00,90.05
2018-06-30 07:00:00,164.9
2018-06-30 08:00:00,136.27
2018-06-30 09:00:00,133.95
2018-06-30 10:00:00,271.7
2018-06-30 11:00:00,383.98
2018-06-30 12:00:00,392.55
2018-06-30 13:00:00,389.95
2018-06-30 14:00:00,390.12
2018-06-30 15:00:00,293.15
2018-06-30 16:00:00,142.95
2018-06-30 17:00:00,29.1
2018-06-30 18:00:00,0.0
2018-06-30 19:00:00,0.0
2018-06-30 20:00:00,0.0
2018-06-30 21:00:00,0.0
2018-06-30 22:00:00,0.0
2018-06-30 23:00:00,0.0
2018-07-01 00:00:00,0.0
2018-07-01 01:00:00,0.0
2018-07-01 02:00:00,0.0
2018-07-01 03:00:00,0.0
2018-07-01 04:00:00,0.0
2018-07-01 05:00:00,10.52
2018-07-01 06:00:00,93.62
2018-07-01 07:00:00,222.4
2018-07-01 08:00:00,359.9
2018-07-01 09:00:00,481.83
2018-07-01 10:00:00,540.15
2018-07-01 11:00:00,473.95
2018-07-01 12:00:00,511.0
2018-07-01 13:00:00,454.92
2018-07-01 14:00:00,317.0
2018-07-01 15:00:00,220.6
2018-07-01 16:00:00,113.6
2018-07-01 17:00:00,32.08
2018-07-01 18:00:00,0.0
2018-07-01 19:00:00,0.0
2018-07-01 20:00:00,0.0
2018-07-01 21:00:00,0.0
2018-07-01 22:00:00,0.0
2018-07-01 23:00:00,0.0
2018-07-02 00:00:00,0.0
2018-07-02 01:00:00,0.0
2018-07-02 02:00:00,0.0
2018-07-02 03:00:00,0.0
2018-07-02 04:00:00,0.0
2018-07-02 05:00:00,16.5
2018-07-02 06:00:00,147.27
2018-07-02 07:00:00,328.48
2018-07-02 08:00:00,483.75
2018-07-02 09:00:00,672.62
2018-07-02 10:00:00,839.55
2018-07-02 11:00:00,869.47
2018-07-02 12:00:00,867.45
2018-07-02 13:00:00,763.83
2018-07-02 14:00:00,617.2
2018-07-02 15:00:00,412.17
2018-07-02 16:00:00,216.98
2018-07-02 17:00:00,52.7
2018-07-02 18:00:00,0.0
2018-07-02 19:00:00,0.0
2018-07-02 20:00:00,0.0
2018-07-02 21:00:00,0.0
2018-07-02 22:00:00,0.0
2018-07-02 23:00:00,0.0
2018-07-03 00:00:00,0.0
2018-07-03 01:00:00,0.0
2018-07-03 02:00:00,0.0
2018-07-03 03:00:00,0.0
2018-07-03 04:00:00,0.0
2018-07-03 05:00:00,9.73
2018-07-03 06:00:00,153.85
2018-07-03 07:00:00,319.58
2018-07-03 08:00:00,458.5
2018-07-03 09:00:00,599.58
2018-07-03 10:00:00,722.72
2018-07-03 11:00:00,704.67
2018-07-03 12:00:00,746.45
2018-07-03 13:00:00,671.28
2018-07-03 14:00:00,531.55
2018-07-03 15:00:00,410.2
2018-07-03 16:00:00,205.98
2018-07-03 17:00:00,56.55
2018-07-03 18:00:00,0.0
2018-07-03 19:00:00,0.0
2018-07-03 20:00:00,0.0
2018-07-03 21:00:00,0.0
2018-07-03 22:00:00,0.0
2018-07-03 23:00:00,0.0
2018-07-04 00:00:00,0.0
2018-07-04 01:00:00,0.0
2018-07-04 02:00:00,0.0
2018-07-04 03:00:00,0.0
2018-07-04 04:00:00,0.0
2018-07-04 05:00:00,9.62
2018-07-04 06:00:00,86.85
2018-07-04 07:00:00,196.23
2018-07-04 08:00:00,314.55
2018-07-04 09:00:00,435.62
2018-07-04 10:00:00,504.83
2018-07-04 11:00:00,504.33
2018-07-04 12:00:00,552.08
2018-07-04 13:00:00,498.58
2018-07-04 14:00:00,415.75
2018-07-04 15:00:00,293.52
2018-07-04 16:00:00,148.5
2018-07-04 17:00:00,42.33
2018-07-04 18:00:00,0.0
2018-07-04 19:00:00,0.0
2018-07-04 20:00:00,0.0
2018-07-04 21:00:00,0.0
2018-07-04 22:00:00,0.0
2018-07-04 23:00:00,0.0
2018-07-05 00:00:00,0.0
2018-07-05 01:00:00,0.0
2018-07-05 02:00:00,0.0
2018-07-05 03:00:00,0.0
2018-07-05 04:00:00,0.0
2018-07-05 05:00:00,15.98
2018-07-05 06:00:00,142.18
2018-07-05 07:00:00,326.4
2018-07-05 08:00:00,513.97
2018-07-05 09:00:00,727.85
2018-07-05 10:00:00,832.65
2018-07-05 11:00:00,925.15
2018-07-05 12:00:00,826.7
2018-07-05 13:00:00,790.33
2018-07-05 14:00:00,621.38
2018-07-05 15:00:00,459.65
2018-07-05 16:00:00,240.55
2018-07-05 17:00:00,58.08
2018-07-05 18:00:00,0.0
2018-07-05 19:00:00,0.0
2018-07-05 20:00:00,0.0
2018-07-05 21:00:00,0.0
2018-07-05 22:00:00,0.0
2018-07-05 23:00:00,0.0
2018-07-06 00:00:00,0.0
2018-07-06 01:00:00,0.0
2018-07-06 02:00:00,0.0
2018-07-06 03:00:00,0.0
2018-07-06 04:00:00,0.0
2018-07-06 05:00:00,14.68
2018-07-06 06:00:00,128.62
2018-07-06 07:00:00,269.83
2018-07-06 08:00:00,397.1
2018-07-06 09:00:00,527.12
2018-07-06 10:00:00,617.7
2018-07-06 11:00:00,656.22
2018-07-06 12:00:00,599.78
2018-07-06 13:00:00,515.03
2018-07-06 14:00:00,406.92
2018-07-06 15:00:00,305.75
2018-07-06 16:00:00,150.95
2018-07-06 17:00:00,34.85
2018-07-06 18:00:00,0.0
2018-07-06 19:00:00,0.0
2018-07-06 20:00:00,0.0
2018-07-06 21:00:00,0.0
2018-07-06 22:00:00,0.0
2018-07-06 23:00:00,0.0
2018-07-07 00:00:00,0.0
2018-07-07 01:00:00,0.0
2018-07-07 02:00:00,0.0
2018-07-07 03:00:00,0.0
2018-07-07 04:00:00,0.0
2018-07-07 05:00:00,6.5
2018-07-07 06:00:00,60.15
2018-07-07 07:00:00,132.38
2018-07-07 08:00:00,204.35
2018-07-07 09:00:00,283.48
2018-07-07 10:00:00,326.8
2018-07-07 11:00:00,351.27
2018-07-07 12:00:00,409.83
2018-07-07 13:00:00,381.35
2018-07-07 14:00:00,319.9
2018-07-07 15:00:00,230.2
2018-07-07 16:00:00,118.07
2018-07-07 17:00:00,33.47
2018-07-07 18:00:00,0.0
2018-07-07 19:00:00,0.0
2018-07-07 20:00:00,0.0
2018-07-07 21:00:00,0.0
2018-07-07 22:00:00,0.0
2018-07-07 23:00:00,0.0
2018-07-08 00:00:00,0.0
2018-07-08 01:00:00,0.0
2018-07-08 02:00:00,0.0
2018-07-08 03:00:00,0.0
2018-07-08 04:00:00,0.0
2018-07-08 05:00:00,6.88
2018-07-08 06:00:00,91.45
2018-07-08 07:00:00,201.27
2018-07-08 08:00:00,327.15
2018-07-08 09:00:00,435.5
2018-07-08 10:00:00,494.55
2018-07-08 11:00:00,567.55
2018-07-08 12:00:00,521.35
2018-07-08 13:00:00,448.77
2018-07-08 14:00:00,394.55
2018-07-08 15:00:00,257.67
2018-07-08 16:00:00,116.82
2018-07-08 17:00:00,31.95
2018-07-08 18:00:00,0.0
2018-07-08 19:00:00,0.0
2018-07-08 20:00:00,0.0
2018-07-08 21:00:00,0.0
2018-07-08 22:00:00,0.0
2018-07-08 23:00:00,0.0
2018-07-09 00:00:00,0.0
2018-07-09 01:00:00,0.0
2018-07-09 02:00:00,0.0
2018-07-09 03:00:00,0.0
2018-07-09 04:00:00,0.0
2018-07-09 05:00:00,3.95
2018-07-09 06:00:00,79.57
2018-07-09 07:00:00,134.15
2018-07-09 08:00:00,268.65
2018-07-09 09:00:00,359.95
2018-07-09 10:00:00,496.2
2018-07-09 11:00:00,509.85
2018-07-09 12:00:00,456.52
2018-07-09 13:00:00,480.35
2018-07-09 14:00:00,333.8
2018-07-09 15:00:00,250.4
2018-07-09 16:00:00,113.32
2018-07-09 17:00:00,27.58
2018-07-09 18:00:00,0.0
2018-07-09 19:00:00,0.0
2018-07-09 20:00:00,0.0
2018-07-09 21:00:00,0.0
2018-07-09 22:00:00,0.0
2018-07-09 23:00:00,0.0
2018-07-10 00:00:00,0.0
2018-07-10 01:00:00,0.0
2018-07-10 02:00:00,0.0
2018-07-10 03:00:00,0.0
2018-07-10 04:00:00,0.0
2018-07-10 05:00:00,6.45
2018-07-10 06:00:00,86.2
2018-07-10 07:00:00,201.9
2018-07-10 08:00:00,323.95
2018-07-10 09:00:00,447.17
2018-07-10 10:00:00,531.8
2018-07-10 11:00:00,579.2
2018-07-10 12:00:00,546.45
2018-07-10 13:00:00,516.22
2018-07-10 14:00:00,412.23
2018-07-10 15:00:00,284.42
2018-07-10 16:00:00,147.0
2018-07-10 17:00:00,37.95
2018-07-10 18:00:00,0.0
2018-07-10 19:00:00,0.0
2018-07-10 20:00:00,0.0
2018-07-10 21:00:00,0.0
2018-07-10 22:00:00,0.0
2018-07-10 23:00:00,0.0
2018-07-11 00:00:00,0.0
2018-07-11 01:00:00,0.0
2018-07-11 02:00:00,0.0
2018-07-11 03:00:00,0.0
2018-07-11 04:00:00,0.0
2018-07-11 05:00:00,8.7
2018-07-11 06:00:00,107.12
2018-07-11 07:00:00,220.07
2018-07-11 08:00:00,333.6
2018-07-11 09:00:00,448.5
2018-07-11 10:00:00,517.65
2018-07-11 11:00:00,566.17
2018-07-11 12:00:00,541.47
2018-07-11 13:00:00,502.9
2018-07-11 14:00:00,409.42
2018-07-11 15:00:00,246.12
2018-07-11 16:00:00,108.55
2018-07-11 17:00:00,19.75
2018-07-11 18:00:00,0.0
2018-07-11 19:00:00,0.0
2018-07-11 20:00:00,0.0
2018-07-11 21:00:00,0.0
2018-07-11 22:00:00,0.0
2018-07-11 23:00:00,0.0
2018-07-12 00:00:00,0.0
2018-07-12 01:00:00,0.0
2018-07-12 02:00:00,0.0
2018-07-12 03:00:00,0.0
2018-07-12 04:00:00,0.0
2018-07-12 05:00:00,8.32
2018-07-12 06:00:00,97.07
2018-07-12 07:00:00,217.75
2018-07-12 08:00:00,287.25
2018-07-12 09:00:00,384.12
2018-07-12 10:00:00,469.88
2018-07-12 11:00:00,432.75
2018-07-12 12:00:00,455.12
2018-07-12 13:00:00,431.08
2018-07-12 14:00:00,399.4
2018-07-12 15:00:00,315.85
2018-07-12 16:00:00,166.18
2018-07-12 17:00:00,41.78
2018-07-12 18:00:00,0.0
2018-07-12 19:00:00,0.0
2018-07-12 20:00:00,0.0
2018-07-12 21:00:00,0.0
2018-07-12 22:00:00,0.0
2018-07-12 23:00:00,0.0
2018-07-13 00:00:00,0.0
2018-07-13 01:00:00,0.0
2018-07-13 02:00:00,0.0
2018-07-13 03:00:00,0.0
2018-07-13 04:00:00,0.0
2018-07-13 05:00:00,9.32
2018-07-13 06:00:00,112.6
2018-07-13 07:00:00,254.57
2018-07-13 08:00:00,403.7
2018-07-13 09:00:00,537.85
2018-07-13 10:00:00,634.22
2018-07-13 11:00:00,591.38
2018-07-13 12:00:00,552.28
2018-07-13 13:00:00,478.67
2018-07-13 14:00:00,443.95
2018-07-13 15:00:00,266.23
2018-07-13 16:00:00,140.75
2018-07-13 17:00:00,33.72
2018-07-13 18:00:00,0.0
2018-07-13 19:00:00,0.0
2018-07-13 20:00:00,0.0
2018-07-13 21:00:00,0.0
2018-07-13 22:00:00,0.0
2018-07-13 23:00:00,0.0
2018-07-14 00:00:00,0.0
2018-07-14 01:00:00,0.0
2018-07-14 02:00:00,0.0
2018-07-14 03:00:00,0.0
2018-07-14 04:00:00,0.0
2018-07-14 05:00:00,11.93
2018-07-14 06:00:00,139.85
2018-07-14 07:00:00,303.5
2018-07-14 08:00:00,473.1
2018-07-14 09:00:00,673.6
2018-07-14 10:00:00,765.55
2018-07-14 11:00:00,800.75
2018-07-14 12:00:00,717.9
2018-07-14 13:00:00,578.7
2018-07-14 14:00:00,370.67
2018-07-14 15:00:00,239.1
2018-07-14 16:00:00,125.95
2018-07-14 17:00:00,26.42
2018-07-14 18:00:00,0.0
2018-07-14 19:00:00,0.0
2018-07-14 20:00:00,0.0
2018-07-14 21:00:00,0.0
2018-07-14 22:00:00,0.0
2018-07-14 23:00:00,0.0
2018-07-15 00:00:00,0.0
2018-07-15 01:00:00,0.0
2018-07-15 02:00:00,0.0
2018-07-15 03:00:00,0.0
2018-07-15 04:00:00,0.0
2018-07-15 05:00:00,9.2
2018-07-15 06:00:00,95.43
2018-07-15 07:00:00,235.35
2018-07-15 08:00:00,318.17
2018-07-15 09:00:00,452.05
2018-07-15 10:00:00,509.1
2018-07-15 11:00:00,550.1
2018-07-15 12:00:00,537.35
2018-07-15 13:00:00,393.92
2018-07-15 14:00:00,320.8
2018-07-15 15:00:00,218.48
2018-07-15 16:00:00,110.72
2018-07-15 17:00:00,28.05
2018-07-15 18:00:00,0.0
2018-07-15 19:00:00,0.0
2018-07-15 20:00:00,0.0
2018-07-15 21:00:00,0.0
2018-07-15 22:00:00,0.0
2018-07-15 23:00:00,0.0
2018-07-16 00:00:00,0.0
2018-07-16 01:00:00,0.0
2018-07-16 02:00:00,0.0
2018-07-16 03:00:00,0.0
2018-07-16 04:00:00,0.0
2018-07-16 05:00:00,14.0
2018-07-16 06:00:00,139.0
2018-07-16 07:00:00,323.5
2018-07-16 08:00:00,493.7
2018-07-16 09:00:00,700.17
2018-07-16 10:00:00,819.97
2018-07-16 11:00:00,846.55
2018-07-16 12:00:00,720.85
2018-07-16 13:00:00,576.78
2018-07-16 14:00:00,346.27
2018-07-16 15:00:00,304.83
2018-07-16 16:00:00,156.12
2018-07-16 17:00:00,46.0
2018-07-16 18:00:00,0.0
2018-07-16 19:00:00,0.0
2018-07-16 20:00:00,0.0
2018-07-16 21:00:00,0.0
2018-07-16 22:00:00,0.0
2018-07-16 23:00:00,0.0
2018-07-17 00:00:00,0.0
2018-07-17 01:00:00,0.0
2018-07-17 02:00:00,0.0
2018-07-17 03:00:00,0.0
2018-07-17 04:00:00,0.0
2018-07-17 05:00:00,12.5
2018-07-17 06:00:00,118.57
2018-07-17 07:00:00,274.3
2018-07-17 08:00:00,473.62
2018-07-17 09:00:00,643.97
2018-07-17 10:00:00,738.0
2018-07-17 11:00:00,862.35
2018-07-17 12:00:00,715.47
2018-07-17 13:00:00,680.03
2018-07-17 14:00:00,500.05
2018-07-17 15:00:00,322.27
2018-07-17 16:00:00,153.73
2018-07-17 17:00:00,39.12
2018-07-17 18:00:00,0.0
2018-07-17 19:00:00,0.0
2018-07-17 20:00:00,0.0
2018-07-17 21:00:00,0.0
2018-07-17 22:00:00,0.0
2018-07-17 23:00:00,0.0
2018-07-18 00:00:00,0.0
2018-07-18 01:00:00,0.0
2018-07-18 02:00:00,0.0
2018-07-18 03:00:00,0.0
2018-07-18 04:00:00,0.0
2018-07-18 05:00:00,11.9
2018-07-18 06:00:00,121.9
2018-07-18 07:00:00,267.38
2018-07-18 08:00:00,458.52
2018-07-18 09:00:00,614.8
2018-07-18 10:00:00,762.12
2018-07-18 11:00:00,834.9
2018-07-18 12:00:00,773.83
2018-07-18 13:00:00,638.88
2018-07-18 14:00:00,453.77
2018-07-18 15:00:00,267.0
2018-07-18 16:00:00,135.6
2018-07-18 17:00:00,36.8
2018-07-18 18:00:00,0.0
2018-07-18 19:00:00,0.0
2018-07-18 20:00:00,0.0
2018-07-18 21:00:00,0.0
2018-07-18 22:00:00,0.0
2018-07-18 23:00:00,0.0
2018-07-19 00:00:00,0.0
2018-07-19 01:00:00,0.0
2018-07-19 02:00:00,0.0
2018-07-19 03:00:00,0.0
2018-07-19 04:00:00,0.0
2018-07-19 05:00:00,10.88
2018-07-19 06:00:00,109.75
2018-07-19 07:00:00,250.95
2018-07-19 08:00:00,448.65
2018-07-19 09:00:00,638.88
2018-07-19 10:00:00,767.6
2018-07-19 11:00:00,702.08
2018-07-19 12:00:00,668.3
2018-07-19 13:00:00,572.92
2018-07-19 14:00:00,360.95
2018-07-19 15:00:00,218.0
2018-07-19 16:00:00,110.75
2018-07-19 17:00:00,32.92
2018-07-19 18:00:00,0.0
2018-07-19 19:00:00,0.0
2018-07-19 20:00:00,0.0
2018-07-19 21:00:00,0.0
2018-07-19 22:00:00,0.0
2018-07-19 23:00:00,0.0
2018-07-20 00:00:00,0.0
2018-07-20 01:00:00,0.0
2018-07-20 02:00:00,0.0
2018-07-20 03:00:00,0.0
2018-07-20 04:00:00,0.0
2018-07-20 05:00:00,9.75
2018-07-20 06:00:00,102.25
2018-07-20 07:00:00,222.57
2018-07-20 08:00:00,368.73
2018-07-20 09:00:00,499.02
2018-07-20 10:00:00,561.75
2018-07-20 11:00:00,619.65
2018-07-20 12:00:00,593.35
2018-07-20 13:00:00,484.5
2018-07-20 14:00:00,304.12
2018-07-20 15:00:00,223.98
2018-07-20 16:00:00,111.95
2018-07-20 17:00:00,31.77
2018-07-20 18:00:00,0.0
2018-07-20 19:00:00,0.0
2018-07-20 20:00:00,0.0
2018-07-20 21:00:00,0.0
2018-07-20 22:00:00,0.0
2018-07-20 23:00:00,0.0
2018-07-21 00:00:00,0.0
2018-07-21 01:00:00,0.0
2018-07-21 02:00:00,0.0
2018-07-21 03:00:00,0.0
2018-07-21 04:00:00,0.0
2018-07-21 05:00:00,7.7
2018-07-21 06:00:00,72.85
2018-07-21 07:00:00,165.07
2018-07-21 08:00:00,271.77
2018-07-21 09:00:00,356.9
2018-07-21 10:00:00,421.75
2018-07-21 11:00:00,502.95
2018-07-21 12:00:00,397.83
2018-07-21 13:00:00,411.02
2018-07-21 14:00:00,311.62
2018-07-21 15:00:00,231.9
2018-07-21 16:00:00,117.03
2018-07-21 17:00:00,33.1
2018-07-21 18:00:00,0.0
2018-07-21 19:00:00,0.0
2018-07-21 20:00:00,0.0
2018-07-21 21:00:00,0.0
2018-07-21 22:00:00,0.0
2018-07-21 23:00:00,0.0
2018-07-22 00:00:00,0.0
2018-07-22 01:00:00,0.0
2018-07-22 02:00:00,0.0
2018-07-22 03:00:00,0.0
2018-07-22 04:00:00,0.0
2018-07-22 05:00:00,10.15
2018-07-22 06:00:00,102.05
2018-07-22 07:00:00,256.65
2018-07-22 08:00:00,418.77
2018-07-22 09:00:00,561.75
2018-07-22 10:00:00,663.9
2018-07-22 11:00:00,711.45
2018-07-22 12:00:00,704.75
2018-07-22 13:00:00,565.0
2018-07-22 14:00:00,432.65
2018-07-22 15:00:00,279.65
2018-07-22 16:00:00,139.4
2018-07-22 17:00:00,31.92
2018-07-22 18:00:00,0.0
2018-07-22 19:00:00,0.0
2018-07-22 20:00:00,0.0
2018-07-22 21:00:00,0.0
2018-07-22 22:00:00,0.0
2018-07-22 23:00:00,0.0
2018-07-23 00:00:00,0.0
2018-07-23 01:00:00,0.0
2018-07-23 02:00:00,0.0
2018-07-23 03:00:00,0.0
2018-07-23 04:00:00,0.0
2018-07-23 05:00:00,10.15
2018-07-23 06:00:00,120.75
2018-07-23 07:00:00,271.73
2018-07-23 08:00:00,475.1
2018-07-23 09:00:00,637.67
2018-07-23 10:00:00,797.6
2018-07-23 11:00:00,791.5
2018-07-23 12:00:00,786.7
2018-07-23 13:00:00,725.15
2018-07-23 14:00:00,518.0
2018-07-23 15:00:00,306.77
2018-07-23 16:00:00,172.0
2018-07-23 17:00:00,40.33
2018-07-23 18:00:00,0.0
2018-07-23 19:00:00,0.0
2018-07-23 20:00:00,0.0
2018-07-23 21:00:00,0.0
2018-07-23 22:00:00,0.0
2018-07-23 23:00:00,0.0
2018-07-24 00:00:00,0.0
2018-07-24 01:00:00,0.0
2018-07-24 02:00:00,0.0
2018-07-24 03:00:00,0.0
2018-07-24 04:00:00,0.0
2018-07-24 05:00:00,12.43
2018-07-24 06:00:00,142.68
2018-07-24 07:00:00,328.58
2018-07-24 08:00:00,509.33
2018-07-24 09:00:00,696.08
2018-07-24 10:00:00,844.6
2018-07-24 11:00:00,859.38
2018-07-24 12:00:00,874.15
2018-07-24 13:00:00,706.45
2018-07-24 14:00:00,506.0
2018-07-24 15:00:00,333.02
2018-07-24 16:00:00,180.93
2018-07-24 17:00:00,51.25
2018-07-24 18:00:00,0.0
2018-07-24 19:00:00,0.0
2018-07-24 20:00:00,0.0
2018-07-24 21:00:00,0.0
2018-07-24 22:00:00,0.0
2018-07-24 23:00:00,0.0
2018-07-25 00:00:00,0.0
2018-07-25 01:00:00,0.0
2018-07-25 02:00:00,0.0
2018-07-25 03:00:00,0.0
2018-07-25 04:00:00,0.0
2018-07-25 05:00:00,10.48
2018-07-25 06:00:00,127.53
2018-07-25 07:00:00,300.73
2018-07-25 08:00:00,496.0
2018-07-25 09:00:00,720.25
2018-07-25 10:00:00,834.12
2018-07-25 11:00:00,858.3
2018-07-25 12:00:00,682.17
2018-07-25 13:00:00,589.55
2018-07-25 14:00:00,443.67
2018-07-25 15:00:00,287.17
2018-07-25 16:00:00,155.02
2018-07-25 17:00:00,38.97
2018-07-25 18:00:00,0.0
2018-07-25 19:00:00,0.0
2018-07-25 20:00:00,0.0
2018-07-25 21:00:00,0.0
2018-07-25 22:00:00,0.0
2018-07-25 23:00:00,0.0
2018-07-26 00:00:00,0.0
2018-07-26 01:00:00,0.0
2018-07-26 02:00:00,0.0
2018-07-26 03:00:00,0.0
2018-07-26 04:00:00,0.0
2018-07-26 05:00:00,9.7
2018-07-26 06:00:00,114.2
2018-07-26 07:00:00,267.8
2018-07-26 08:00:00,482.2
2018-07-26 09:00:00,640.22
2018-07-26 10:00:00,779.67
2018-07-26 11:00:00,866.33
2018-07-26 12:00:00,794.75
2018-07-26 13:00:00,636.4
2018-07-26 14:00:00,475.48
2018-07-26 15:00:00,349.98
2018-07-26 16:00:00,176.3
2018-07-26 17:00:00,42.5
2018-07-26 18:00:00,0.0
2018-07-26 19:00:00,0.0
2018-07-26 20:00:00,0.0
2018-07-26 21:00:00,0.0
2018-07-26 22:00:00,0.0
2018-07-26 23:00:00,0.0
2018-07-27 00:00:00,0.0
2018-07-27 01:00:00,0.0
2018-07-27 02:00:00,0.0
2018-07-27 03:00:00,0.0
2018-07-27 04:00:00,0.0
2018-07-27 05:00:00,9.9
2018-07-27 06:00:00,96.4
2018-07-27 07:00:00,232.52
2018-07-27 08:00:00,388.4
2018-07-27 09:00:00,536.45
2018-07-27 10:00:00,644.88
2018-07-27 11:00:00,677.7
2018-07-27 12:00:00,672.6
2018-07-27 13:00:00,478.4
2018-07-27 14:00:00,332.92
2018-07-27 15:00:00,216.4
2018-07-27 16:00:00,110.53
2018-07-27 17:00:00,17.0
2018-07-27 18:00:00,0.0
2018-07-27 19:00:00,0.0
2018-07-27 20:00:00,0.0
2018-07-27 21:00:00,0.0
2018-07-27 22:00:00,0.0
2018-07-27 23:00:00,0.0
2018-07-28 00:00:00,0.0
2018-07-28 01:00:00,0.0
2018-07-28 02:00:00,0.0
2018-07-28 03:00:00,0.0
2018-07-28 04:00:00,0.0
2018-07-28 05:00:00,8.4
2018-07-28 06:00:00,108.0
2018-07-28 07:00:00,262.42
2018-07-28 08:00:00,442.45
2018-07-28 09:00:00,597.53
2018-07-28 10:00:00,737.65
2018-07-28 11:00:00,766.8
2018-07-28 12:00:00,682.92
2018-07-28 13:00:00,577.75
2018-07-28 14:00:00,389.4
2018-07-28 15:00:00,266.33
2018-07-28 16:00:00,131.38
2018-07-28 17:00:00,29.33
2018-07-28 18:00:00,0.0
2018-07-28 19:00:00,0.0
2018-07-28 20:00:00,0.0
2018-07-28 21:00:00,0.0
2018-07-28 22:00:00,0.0
2018-07-28 23:00:00,0.0
2018-07-29 00:00:00,0.0
2018-07-29 01:00:00,0.0
2018-07-29 02:00:00,0.0
2018-07-29 03:00:00,0.0
2018-07-29 04:00:00,0.0
2018-07-29 05:00:00,8.23
2018-07-29 06:00:00,100.8
2018-07-29 07:00:00,244.57
2018-07-29 08:00:00,413.83
2018-07-29 09:00:00,569.92
2018-07-29 10:00:00,707.3
2018-07-29 11:00:00,792.9
2018-07-29 12:00:00,760.17
2018-07-29 13:00:00,555.95
2018-07-29 14:00:00,470.23
2018-07-29 15:00:00,342.77
2018-07-29 16:00:00,151.98
2018-07-29 17:00:00,34.5
2018-07-29 18:00:00,0.0
2018-07-29 19:00:00,0.0
2018-07-29 20:00:00,0.0
2018-07-29 21:00:00,0.0
2018-07-29 22:00:00,0.0
2018-07-29 23:00:00,0.0
2018-07-30 00:00:00,0.0
2018-07-30 01:00:00,0.0
2018-07-30 02:00:00,0.0
2018-07-30 03:00:00,0.0
2018-07-30 04:00:00,0.0
2018-07-30 05:00:00,6.0
2018-07-30 06:00:00,83.65
2018-07-30 07:00:00,193.7
2018-07-30 08:00:00,332.6
2018-07-30 09:00:00,453.62
2018-07-30 10:00:00,539.97
2018-07-30 11:00:00,724.45
2018-07-30 12:00:00,734.85
2018-07-30 13:00:00,681.35
2018-07-30 14:00:00,552.42
2018-07-30 15:00:00,355.55
2018-07-30 16:00:00,177.18
2018-07-30 17:00:00,41.62
2018-07-30 18:00:00,0.0
2018-07-30 19:00:00,0.0
2018-07-30 20:00:00,0.0
2018-07-30 21:00:00,0.0
2018-07-30 22:00:00,0.0
2018-07-30 23:00:00,0.0
2018-07-31 00:00:00,0.0
2018-07-31 01:00:00,0.0
2018-07-31 02:00:00,0.0
2018-07-31 03:00:00,0.0
2018-07-31 04:00:00,0.0
2018-07-31 05:00:00,9.4
2018-07-31 06:00:00,105.62
2018-07-31 07:00:00,262.38
2018-07-31 08:00:00,423.25
2018-07-31 09:00:00,576.08
2018-07-31 10:00:00,691.7
2018-07-31 11:00:00,759.95
2018-07-31 12:00:00,676.0
2018-07-31 13:00:00,569.05
2018-07-31 14:00:00,365.4
2018-07-31 15:00:00,174.85
2018-07-31 16:00:00,90.07
2018-07-31 17:00:00,18.83
2018-07-31 18:00:00,0.0
2018-07-31 19:00:00,0.0
2018-07-31 20:00:00,0.0
2018-07-31 21:00:00,0.0
2018-07-31 22:00:00,0.0
2018-07-31 23:00:00,0.0
2018-08-01 00:00:00,0.0
2018-08-01 01:00:00,0.0
2018-08-01 02:00:00,0.0
2018-08-01 03:00:00,0.0
2018-08-01 04:00:00,0.0
2018-08-01 05:00:00,8.57
2018-08-01 06:00:00,107.43
2018-08-01 07:00:00,273.55
2018-08-01 08:00:00,451.25
2018-08-01 09:00:00,629.9
2018-08-01 10:00:00,687.72
2018-08-01 11:00:00,719.33
2018-08-01 12:00:00,638.45
2018-08-01 13:00:00,559.83
2018-08-01 14:00:00,375.27
2018-08-01 15:00:00,258.6
2018-08-01 16:00:00,139.32
2018-08-01 17:00:00,35.17
2018-08-01 18:00:00,0.0
2018-08-01 19:00:00,0.0
2018-08-01 20:00:00,0.0
2018-08-01 21:00:00,0.0
2018-08-01 22:00:00,0.0
2018-08-01 23:00:00,0.0
2018-08-02 00:00:00,0.0
2018-08-02 01:00:00,0.0
2018-08-02 02:00:00,0.0
2018-08-02 03:00:00,0.0
2018-08-02 04:00:00,0.0
2018-08-02 05:00:00,8.3
2018-08-02 06:00:00,94.9
2018-08-02 07:00:00,242.4
2018-08-02 08:00:00,413.65
2018-08-02 09:00:00,556.7
2018-08-02 10:00:00,648.5
2018-08-02 11:00:00,629.62
2018-08-02 12:00:00,546.2
2018-08-02 13:00:00,521.05
2018-08-02 14:00:00,398.48
2018-08-02 15:00:00,271.52
2018-08-02 16:00:00,136.73
2018-08-02 17:00:00,30.75
2018-08-02 18:00:00,0.0
2018-08-02 19:00:00,0.0
2018-08-02 20:00:00,0.0
2018-08-02 21:00:00,0.0
2018-08-02 22:00:00,0.0
2018-08-02 23:00:00,0.0
2018-08-03 00:00:00,0.0
2018-08-03 01:00:00,0.0
2018-08-03 02:00:00,0.0
2018-08-03 03:00:00,0.0
2018-08-03 04:00:00,0.0
2018-08-03 05:00:00,7.62
2018-08-03 06:00:00,84.43
2018-08-03 07:00:00,208.65
2018-08-03 08:00:00,377.7
2018-08-03 09:00:00,493.2
2018-08-03 10:00:00,600.03
2018-08-03 11:00:00,691.92
2018-08-03 12:00:00,645.92
2018-08-03 13:00:00,606.42
2018-08-03 14:00:00,460.85
2018-08-03 15:00:00,337.27
2018-08-03 16:00:00,169.43
2018-08-03 17:00:00,41.62
2018-08-03 18:00:00,0.0
2018-08-03 19:00:00,0.0
2018-08-03 20:00:00,0.0
2018-08-03 21:00:00,0.0
2018-08-03 22:00:00,0.0
2018-08-03 23:00:00,0.0
2018-08-04 00:00:00,0.0
2018-08-04 01:00:00,0.0
2018-08-04 02:00:00,0.0
2018-08-04 03:00:00,0.0
2018-08-04 04:00:00,0.0
2018-08-04 05:00:00,9.15
2018-08-04 06:00:00,110.95
2018-08-04 07:00:00,274.17
2018-08-04 08:00:00,435.25
2018-08-04 09:00:00,578.25
2018-08-04 10:00:00,682.15
2018-08-04 11:00:00,703.45
2018-08-04 12:00:00,677.6
2018-08-04 13:00:00,528.1
2018-08-04 14:00:00,348.45
2018-08-04 15:00:00,257.75
2018-08-04 16:00:00,130.98
2018-08-04 17:00:00,25.48
2018-08-04 18:00:00,0.0
2018-08-04 19:00:00,0.0
2018-08-04 20:00:00,0.0
2018-08-04 21:00:00,0.0
2018-08-04 22:00:00,0.0
2018-08-04 23:00:00,0.0
2018-08-05 00:00:00,0.0
2018-08-05 01:00:00,0.0
2018-08-05 02:00:00,0.0
2018-08-05 03:00:00,0.0
2018-08-05 04:00:00,0.0
2018-08-05 05:00:00,8.52
2018-08-05 06:00:00,87.2
2018-08-05 07:00:00,218.27
2018-08-05 08:00:00,371.23
2018-08-05 09:00:00,508.77
2018-08-05 10:00:00,592.62
2018-08-05 11:00:00,629.22
2018-08-05 12:00:00,551.6
2018-08-05 13:00:00,503.55
2018-08-05 14:00:00,404.67
2018-08-05 15:00:00,303.3
2018-08-05 16:00:00,151.15
2018-08-05 17:00:00,34.92
2018-08-05 18:00:00,0.0
2018-08-05 19:00:00,0.0
2018-08-05 20:00:00,0.0
2018-08-05 21:00:00,0.0
2018-08-05 22:00:00,0.0
2018-08-05 23:00:00,0.0
2018-08-06 00:00:00,0.0
2018-08-06 01:00:00,0.0
2018-08-06 02:00:00,0.0
2018-08-06 03:00:00,0.0
2018-08-06 04:00:00,0.0
2018-08-06 05:00:00,9.32
2018-08-06 06:00:00,102.3
2018-08-06 07:00:00,269.6
2018-08-06 08:00:00,442.17
2018-08-06 09:00:00,586.08
2018-08-06 10:00:00,667.0
2018-08-06 11:00:00,683.08
2018-08-06 12:00:00,675.17
2018-08-06 13:00:00,559.28
2018-08-06 14:00:00,374.0
2018-08-06 15:00:00,229.23
2018-08-06 16:00:00,110.2
2018-08-06 17:00:00,29.88
2018-08-06 18:00:00,0.0
2018-08-06 19:00:00,0.0
2018-08-06 20:00:00,0.0
2018-08-06 21:00:00,0.0
2018-08-06 22:00:00,0.0
2018-08-06 23:00:00,0.0
2018-08-07 00:00:00,0.0
2018-08-07 01:00:00,0.0
2018-08-07 02:00:00,0.0
2018-08-07 03:00:00,0.0
2018-08-07 04:00:00,0.0
2018-08-07 05:00:00,6.2
2018-08-07 06:00:00,77.93
2018-08-07 07:00:00,185.48
2018-08-07 08:00:00,312.23
2018-08-07 09:00:00,481.58
2018-08-07 10:00:00,509.27
2018-08-07 11:00:00,521.6
2018-08-07 12:00:00,528.47
2018-08-07 13:00:00,383.05
2018-08-07 14:00:00,332.85
2018-08-07 15:00:00,232.12
2018-08-07 16:00:00,117.28
2018-08-07 17:00:00,26.48
2018-08-07 18:00:00,0.0
2018-08-07 19:00:00,0.0
2018-08-07 20:00:00,0.0
2018-08-07 21:00:00,0.0
2018-08-07 22:00:00,0.0
2018-08-07 23:00:00,0.0
2018-08-08 00:00:00,0.0
2018-08-08 01:00:00,0.0
2018-08-08 02:00:00,0.0
2018-08-08 03:00:00,0.0
2018-08-08 04:00:00,0.0
2018-08-08 05:00:00,7.85
2018-08-08 06:00:00,116.38
2018-08-08 07:00:00,277.75
2018-08-08 08:00:00,444.35
2018-08-08 09:00:00,632.65
2018-08-08 10:00:00,735.6
2018-08-08 11:00:00,811.05
2018-08-08 12:00:00,696.12
2018-08-08 13:00:00,607.58
2018-08-08 14:00:00,483.88
2018-08-08 15:00:00,331.52
2018-08-08 16:00:00,172.4
2018-08-08 17:00:00,40.4
2018-08-08 18:00:00,0.0
2018-08-08 19:00:00,0.0
2018-08-08 20:00:00,0.0
2018-08-08 21:00:00,0.0
2018-08-08 22:00:00,0.0
2018-08-08 23:00:00,0.0
2018-08-09 00:00:00,0.0
2018-08-09 01:00:00,0.0
2018-08-09 02:00:00,0.0
2018-08-09 03:00:00,0.0
2018-08-09 04:00:00,0.0
2018-08-09 05:00:00,8.12
2018-08-09 06:00:00,99.05
2018-08-09 07:00:00,245.35
2018-08-09 08:00:00,461.75
2018-08-09 09:00:00,647.0
2018-08-09 10:00:00,756.08
2018-08-09 11:00:00,879.62
2018-08-09 12:00:00,784.15
2018-08-09 13:00:00,689.97
2018-08-09 14:00:00,568.38
2018-08-09 15:00:00,386.65
2018-08-09 16:00:00,190.95
2018-08-09 17:00:00,38.7
2018-08-09 18:00:00,0.0
2018-08-09 19:00:00,0.0
2018-08-09 20:00:00,0.0
2018-08-09 21:00:00,0.0
2018-08-09 22:00:00,0.0
2018-08-09 23:00:00,0.0
2018-08-10 00:00:00,0.0
2018-08-10 01:00:00,0.0
2018-08-10 02:00:00,0.0
2018-08-10 03:00:00,0.0
2018-08-10 04:00:00,0.0
2018-08-10 05:00:00,2.55
2018-08-10 06:00:00,33.3
2018-08-10 07:00:00,87.12
2018-08-10 08:00:00,166.95
2018-08-10 09:00:00,235.25
2018-08-10 10:00:00,267.1
2018-08-10 11:00:00,329.02
2018-08-10 12:00:00,386.1
2018-08-10 13:00:00,311.27
2018-08-10 14:00:00,200.6
2018-08-10 15:00:00,122.82
2018-08-10 16:00:00,73.47
2018-08-10 17:00:00,16.95
2018-08-10 18:00:00,0.0
2018-08-10 19:00:00,0.0
2018-08-10 20:00:00,0.0
2018-08-10 21:00:00,0.0
2018-08-10 22:00:00,0.0
2018-08-10 23:00:00,0.0
2018-08-11 00:00:00,0.0
2018-08-11 01:00:00,0.0
2018-08-11 02:00:00,0.0
2018-08-11 03:00:00,0.0
2018-08-11 04:00:00,0.0
2018-08-11 05:00:00,1.62
2018-08-11 06:00:00,17.23
2018-08-11 07:00:00,36.38
2018-08-11 08:00:00,55.17
2018-08-11 09:00:00,115.1
2018-08-11 10:00:00,152.1
2018-08-11 11:00:00,167.2
2018-08-11 12:00:00,136.23
2018-08-11 13:00:00,174.18
2018-08-11 14:00:00,109.72
2018-08-11 15:00:00,79.47
2018-08-11 16:00:00,64.97
2018-08-11 17:00:00,13.93
2018-08-11 18:00:00,0.0
2018-08-11 19:00:00,0.0
2018-08-11 20:00:00,0.0
2018-08-11 21:00:00,0.0
2018-08-11 22:00:00,0.0
2018-08-11 23:00:00,0.0
2018-08-12 00:00:00,0.0
2018-08-12 01:00:00,0.0
2018-08-12 02:00:00,0.0
2018-08-12 03:00:00,0.0
2018-08-12 04:00:00,0.0
2018-08-12 05:00:00,5.1
2018-08-12 06:00:00,69.68
2018-08-12 07:00:00,149.27
2018-08-12 08:00:00,219.4
2018-08-12 09:00:00,307.08
2018-08-12 10:00:00,379.25
2018-08-12 11:00:00,403.0
2018-08-12 12:00:00,287.25
2018-08-12 13:00:00,327.27
2018-08-12 14:00:00,320.38
2018-08-12 15:00:00,192.55
2018-08-12 16:00:00,92.38
2018-08-12 17:00:00,17.65
2018-08-12 18:00:00,0.0
2018-08-12 19:00:00,0.0
2018-08-12 20:00:00,0.0
2018-08-12 21:00:00,0.0
2018-08-12 22:00:00,0.0
2018-08-12 23:00:00,0.0
2018-08-13 00:00:00,0.0
2018-08-13 01:00:00,0.0
2018-08-13 02:00:00,0.0
2018-08-13 03:00:00,0.0
2018-08-13 04:00:00,0.0
2018-08-13 05:00:00,4.68
2018-08-13 06:00:00,79.32
2018-08-13 07:00:00,182.35
2018-08-13 08:00:00,339.33
2018-08-13 09:00:00,438.67
2018-08-13 10:00:00,519.35
2018-08-13 11:00:00,536.22
2018-08-13 12:00:00,457.27
2018-08-13 13:00:00,395.58
2018-08-13 14:00:00,128.55
2018-08-13 15:00:00,101.65
2018-08-13 16:00:00,53.97
2018-08-13 17:00:00,12.77
2018-08-13 18:00:00,0.0
2018-08-13 19:00:00,0.0
2018-08-13 20:00:00,0.0
2018-08-13 21:00:00,0.0
2018-08-13 22:00:00,0.0
2018-08-13 23:00:00,0.0
2018-08-14 00:00:00,0.0
2018-08-14 01:00:00,0.0
2018-08-14 02:00:00,0.0
2018-08-14 03:00:00,0.0
2018-08-14 04:00:00,0.0
2018-08-14 05:00:00,3.55
2018-08-14 06:00:00,69.68
2018-08-14 07:00:00,161.68
2018-08-14 08:00:00,263.55
2018-08-14 09:00:00,366.92
2018-08-14 10:00:00,441.83
2018-08-14 11:00:00,489.75
2018-08-14 12:00:00,342.08
2018-08-14 13:00:00,363.9
2018-08-14 14:00:00,223.32
2018-08-14 15:00:00,96.07
2018-08-14 16:00:00,53.3
2018-08-14 17:00:00,11.55
2018-08-14 18:00:00,0.0
2018-08-14 19:00:00,0.0
2018-08-14 20:00:00,0.0
2018-08-14 21:00:00,0.0
2018-08-14 22:00:00,0.0
2018-08-14 23:00:00,0.0
2018-08-15 00:00:00,0.0
2018-08-15 01:00:00,0.0
2018-08-15 02:00:00,0.0
2018-08-15 03:00:00,0.0
2018-08-15 04:00:00,0.0
2018-08-15 05:00:00,3.0
2018-08-15 06:00:00,46.22
2018-08-15 07:00:00,111.8
2018-08-15 08:00:00,193.6
2018-08-15 09:00:00,286.8
2018-08-15 10:00:00,325.05
2018-08-15 11:00:00,245.32
2018-08-15 12:00:00,298.45
2018-08-15 13:00:00,220.82
2018-08-15 14:00:00,100.0
2018-08-15 15:00:00,70.35
2018-08-15 16:00:00,60.08
2018-08-15 17:00:00,15.65
2018-08-15 18:00:00,0.0
2018-08-15 19:00:00,0.0
2018-08-15 20:00:00,0.0
2018-08-15 21:00:00,0.0
2018-08-15 22:00:00,0.0
2018-08-15 23:00:00,0.0
2018-08-16 00:00:00,0.0
2018-08-16 01:00:00,0.0
2018-08-16 02:00:00,0.0
2018-08-16 03:00:00,0.0
2018-08-16 04:00:00,0.0
2018-08-16 05:00:00,7.8
2018-08-16 06:00:00,92.72
2018-08-16 07:00:00,239.73
2018-08-16 08:00:00,445.52
2018-08-16 09:00:00,606.2
2018-08-16 10:00:00,720.38
2018-08-16 11:00:00,643.25
2018-08-16 12:00:00,539.67
2018-08-16 13:00:00,476.15
2018-08-16 14:00:00,350.5
2018-08-16 15:00:00,275.23
2018-08-16 16:00:00,118.53
2018-08-16 17:00:00,18.0
2018-08-16 18:00:00,0.0
2018-08-16 19:00:00,0.0
2018-08-16 20:00:00,0.0
2018-08-16 21:00:00,0.0
2018-08-16 22:00:00,0.0
2018-08-16 23:00:00,0.0
2018-08-17 00:00:00,0.0
2018-08-17 01:00:00,0.0
2018-08-17 02:00:00,0.0
2018-08-17 03:00:00,0.0
2018-08-17 04:00:00,0.0
2018-08-17 05:00:00,6.8
2018-08-17 06:00:00,99.15
2018-08-17 07:00:00,250.55
2018-08-17 08:00:00,492.95
2018-08-17 09:00:00,702.03
2018-08-17 10:00:00,776.9
2018-08-17 11:00:00,813.67
2018-08-17 12:00:00,749.08
2018-08-17 13:00:00,597.38
2018-08-17 14:00:00,480.55
2018-08-17 15:00:00,313.75
2018-08-17 16:00:00,149.85
2018-08-17 17:00:00,31.1
2018-08-17 18:00:00,0.0
2018-08-17 19:00:00,0.0
2018-08-17 20:00:00,0.0
2018-08-17 21:00:00,0.0
2018-08-17 22:00:00,0.0
2018-08-17 23:00:00,0.0
2018-08-18 00:00:00,0.0
2018-08-18 01:00:00,0.0
2018-08-18 02:00:00,0.0
2018-08-18 03:00:00,0.0
2018-08-18 04:00:00,0.0
2018-08-18 05:00:00,7.45
2018-08-18 06:00:00,98.15
2018-08-18 07:00:00,246.55
2018-08-18 08:00:00,398.02
2018-08-18 09:00:00,545.42
2018-08-18 10:00:00,652.97
2018-08-18 11:00:00,640.38
2018-08-18 12:00:00,557.95
2018-08-18 13:00:00,456.48
2018-08-18 14:00:00,322.75
2018-08-18 15:00:00,215.77
2018-08-18 16:00:00,97.62
2018-08-18 17:00:00,17.02
2018-08-18 18:00:00,0.0
2018-08-18 19:00:00,0.0
2018-08-18 20:00:00,0.0
2018-08-18 21:00:00,0.0
2018-08-18 22:00:00,0.0
2018-08-18 23:00:00,0.0
2018-08-19 00:00:00,0.0
2018-08-19 01:00:00,0.0
2018-08-19 02:00:00,0.0
2018-08-19 03:00:00,0.0
2018-08-19 04:00:00,0.0
2018-08-19 05:00:00,4.03
2018-08-19 06:00:00,70.18
2018-08-19 07:00:00,175.25
2018-08-19 08:00:00,308.38
2018-08-19 09:00:00,455.05
2018-08-19 10:00:00,488.48
2018-08-19 11:00:00,547.97
2018-08-19 12:00:00,567.6
2018-08-19 13:00:00,534.17
2018-08-19 14:00:00,418.75
2018-08-19 15:00:00,248.2
2018-08-19 16:00:00,117.78
2018-08-19 17:00:00,22.27
2018-08-19 18:00:00,0.0
2018-08-19 19:00:00,0.0
2018-08-19 20:00:00,0.0
2018-08-19 21:00:00,0.0
2018-08-19 22:00:00,0.0
2018-08-19 23:00:00,0.0
2018-08-20 00:00:00,0.0
2018-08-20 01:00:00,0.0
2018-08-20 02:00:00,0.0
2018-08-20 03:00:00,0.0
2018-08-20 04:00:00,0.0
2018-08-20 05:00:00,5.57
2018-08-20 06:00:00,97.05
2018-08-20 07:00:00,252.48
2018-08-20 08:00:00,411.73
2018-08-20 09:00:00,537.5
2018-08-20 10:00:00,640.05
2018-08-20 11:00:00,558.62
2018-08-20 12:00:00,553.67
2018-08-20 13:00:00,513.5
2018-08-20 14:00:00,369.88
2018-08-20 15:00:00,253.15
2018-08-20 16:00:00,124.0
2018-08-20 17:00:00,24.23
2018-08-20 18:00:00,0.0
2018-08-20 19:00:00,0.0
2018-08-20 20:00:00,0.0
2018-08-20 21:00:00,0.0
2018-08-20 22:00:00,0.0
2018-08-20 23:00:00,0.0
2018-08-21 00:00:00,0.0
2018-08-21 01:00:00,0.0
2018-08-21 02:00:00,0.0
2018-08-21 03:00:00,0.0
2018-08-21 04:00:00,0.0
2018-08-21 05:00:00,8.23
2018-08-21 06:00:00,119.65
2018-08-21 07:00:00,312.4
2018-08-21 08:00:00,517.28
2018-08-21 09:00:00,705.62
2018-08-21 10:00:00,840.45
2018-08-21 11:00:00,898.0
2018-08-21 12:00:00,810.65
2018-08-21 13:00:00,743.6
2018-08-21 14:00:00,566.4
2018-08-21 15:00:00,369.0
2018-08-21 16:00:00,173.15
2018-08-21 17:00:00,28.73
2018-08-21 18:00:00,0.0
2018-08-21 19:00:00,0.0
2018-08-21 20:00:00,0.0
2018-08-21 21:00:00,0.0
2018-08-21 22:00:00,0.0
2018-08-21 23:00:00,0.0
2018-08-22 00:00:00,0.0
2018-08-22 01:00:00,0.0
2018-08-22 02:00:00,0.0
2018-08-22 03:00:00,0.0
2018-08-22 04:00:00,0.0
2018-08-22 05:00:00,9.35
2018-08-22 06:00:00,136.8
2018-08-22 07:00:00,311.3
2018-08-22 08:00:00,553.5
2018-08-22 09:00:00,758.08
2018-08-22 10:00:00,874.88
2018-08-22 11:00:00,839.15
2018-08-22 12:00:00,900.92
2018-08-22 13:00:00,676.38
2018-08-22 14:00:00,551.15
2018-08-22 15:00:00,342.02
2018-08-22 16:00:00,165.57
2018-08-22 17:00:00,30.67
2018-08-22 18:00:00,0.0
2018-08-22 19:00:00,0.0
2018-08-22 20:00:00,0.0
2018-08-22 21:00:00,0.0
2018-08-22 22:00:00,0.0
2018-08-22 23:00:00,0.0
2018-08-23 00:00:00,0.0
2018-08-23 01:00:00,0.0
2018-08-23 02:00:00,0.0
2018-08-23 03:00:00,0.0
2018-08-23 04:00:00,0.0
2018-08-23 05:00:00,9.25
2018-08-23 06:00:00,128.18
2018-08-23 07:00:00,316.75
2018-08-23 08:00:00,534.15
2018-08-23 09:00:00,711.92
2018-08-23 10:00:00,855.8
2018-08-23 11:00:00,884.7
2018-08-23 12:00:00,859.12
2018-08-23 13:00:00,713.5
2018-08-23 14:00:00,484.23
2018-08-23 15:00:00,263.23
2018-08-23 16:00:00,136.02
2018-08-23 17:00:00,23.67
2018-08-23 18:00:00,0.0
2018-08-23 19:00:00,0.0
2018-08-23 20:00:00,0.0
2018-08-23 21:00:00,0.0
2018-08-23 22:00:00,0.0
2018-08-23 23:00:00,0.0
2018-08-24 00:00:00,0.0
2018-08-24 01:00:00,0.0
2018-08-24 02:00:00,0.0
2018-08-24 03:00:00,0.0
2018-08-24 04:00:00,0.0
2018-08-24 05:00:00,2.03
2018-08-24 06:00:00,89.72
2018-08-24 07:00:00,195.45
2018-08-24 08:00:00,233.48
2018-08-24 09:00:00,360.25
2018-08-24 10:00:00,489.95
2018-08-24 11:00:00,566.0
2018-08-24 12:00:00,595.6
2018-08-24 13:00:00,512.4
2018-08-24 14:00:00,369.98
2018-08-24 15:00:00,284.83
2018-08-24 16:00:00,135.7
2018-08-24 17:00:00,21.08
2018-08-24 18:00:00,0.0
2018-08-24 19:00:00,0.0
2018-08-24 20:00:00,0.0
2018-08-24 21:00:00,0.0
2018-08-24 22:00:00,0.0
2018-08-24 23:00:00,0.0
2018-08-25 00:00:00,0.0
2018-08-25 01:00:00,0.0
2018-08-25 02:00:00,0.0
2018-08-25 03:00:00,0.0
2018-08-25 04:00:00,0.0
2018-08-25 05:00:00,4.4
2018-08-25 06:00:00,72.25
2018-08-25 07:00:00,170.05
2018-08-25 08:00:00,274.75
2018-08-25 09:00:00,417.95
2018-08-25 10:00:00,580.12
2018-08-25 11:00:00,776.65
2018-08-25 12:00:00,670.78
2018-08-25 13:00:00,626.65
2018-08-25 14:00:00,466.48
2018-08-25 15:00:00,267.27
2018-08-25 16:00:00,122.53
2018-08-25 17:00:00,19.17
2018-08-25 18:00:00,0.0
2018-08-25 19:00:00,0.0
2018-08-25 20:00:00,0.0
2018-08-25 21:00:00,0.0
2018-08-25 22:00:00,0.0
2018-08-25 23:00:00,0.0
2018-08-26 00:00:00,0.0
2018-08-26 01:00:00,0.0
2018-08-26 02:00:00,0.0
2018-08-26 03:00:00,0.0
2018-08-26 04:00:00,0.0
2018-08-26 05:00:00,5.22
2018-08-26 06:00:00,67.55
2018-08-26 07:00:00,182.05
2018-08-26 08:00:00,321.15
2018-08-26 09:00:00,442.4
2018-08-26 10:00:00,623.4
2018-08-26 11:00:00,706.83
2018-08-26 12:00:00,693.88
2018-08-26 13:00:00,632.25
2018-08-26 14:00:00,480.95
2018-08-26 15:00:00,310.65
2018-08-26 16:00:00,144.77
2018-08-26 17:00:00,23.95
2018-08-26 18:00:00,0.0
2018-08-26 19:00:00,0.0
2018-08-26 20:00:00,0.0
2018-08-26 21:00:00,0.0
2018-08-26 22:00:00,0.0
2018-08-26 23:00:00,0.0
2018-08-27 00:00:00,0.0
2018-08-27 01:00:00,0.0
2018-08-27 02:00:00,0.0
2018-08-27 03:00:00,0.0
2018-08-27 04:00:00,0.0
2018-08-27 05:00:00,5.07
2018-08-27 06:00:00,85.78
2018-08-27 07:00:00,194.55
2018-08-27 08:00:00,332.67
2018-08-27 09:00:00,443.83
2018-08-27 10:00:00,424.42
2018-08-27 11:00:00,509.58
2018-08-27 12:00:00,536.5
2018-08-27 13:00:00,446.92
2018-08-27 14:00:00,367.7
2018-08-27 15:00:00,210.93
2018-08-27 16:00:00,104.6
2018-08-27 17:00:00,18.23
2018-08-27 18:00:00,0.0
2018-08-27 19:00:00,0.0
2018-08-27 20:00:00,0.0
2018-08-27 21:00:00,0.0
2018-08-27 22:00:00,0.0
2018-08-27 23:00:00,0.0
2018-08-28 00:00:00,0.0
2018-08-28 01:00:00,0.0
2018-08-28 02:00:00,0.0
2018-08-28 03:00:00,0.0
2018-08-28 04:00:00,0.0
2018-08-28 05:00:00,3.45
2018-08-28 06:00:00,72.72
2018-08-28 07:00:00,172.95
2018-08-28 08:00:00,292.12
2018-08-28 09:00:00,497.42
2018-08-28 10:00:00,514.12
2018-08-28 11:00:00,632.55
2018-08-28 12:00:00,530.38
2018-08-28 13:00:00,543.7
2018-08-28 14:00:00,434.8
2018-08-28 15:00:00,289.5
2018-08-28 16:00:00,140.18
2018-08-28 17:00:00,21.88
2018-08-28 18:00:00,0.0
2018-08-28 19:00:00,0.0
2018-08-28 20:00:00,0.0
2018-08-28 21:00:00,0.0
2018-08-28 22:00:00,0.0
2018-08-28 23:00:00,0.0
2018-08-29 00:00:00,0.0
2018-08-29 01:00:00,0.0
2018-08-29 02:00:00,0.0
2018-08-29 03:00:00,0.0
2018-08-29 04:00:00,0.0
2018-08-29 05:00:00,1.6
2018-08-29 06:00:00,84.55
2018-08-29 07:00:00,239.3
2018-08-29 08:00:00,388.5
2018-08-29 09:00:00,541.65
2018-08-29 10:00:00,539.15
2018-08-29 11:00:00,613.2
2018-08-29 12:00:00,582.47
2018-08-29 13:00:00,514.58
2018-08-29 14:00:00,508.7
2018-08-29 15:00:00,363.9
2018-08-29 16:00:00,172.32
2018-08-29 17:00:00,28.35
2018-08-29 18:00:00,0.0
2018-08-29 19:00:00,0.0
2018-08-29 20:00:00,0.0
2018-08-29 21:00:00,0.0
2018-08-29 22:00:00,0.0
2018-08-29 23:00:00,0.0
2018-08-30 00:00:00,0.0
2018-08-30 01:00:00,0.0
2018-08-30 02:00:00,0.0
2018-08-30 03:00:00,0.0
2018-08-30 04:00:00,0.0
2018-08-30 05:00:00,9.82
2018-08-30 06:00:00,144.07
2018-08-30 07:00:00,359.42
2018-08-30 08:00:00,561.25
2018-08-30 09:00:00,765.35
2018-08-30 10:00:00,876.3
2018-08-30 11:00:00,705.15
2018-08-30 12:00:00,823.85
2018-08-30 13:00:00,637.35
2018-08-30 14:00:00,542.7
2018-08-30 15:00:00,356.95
2018-08-30 16:00:00,171.27
2018-08-30 17:00:00,26.42
2018-08-30 18:00:00,0.0
2018-08-30 19:00:00,0.0
2018-08-30 20:00:00,0.0
2018-08-30 21:00:00,0.0
2018-08-30 22:00:00,0.0
2018-08-30 23:00:00,0.0
2018-08-31 00:00:00,0.0
2018-08-31 01:00:00,0.0
2018-08-31 02:00:00,0.0
2018-08-31 03:00:00,0.0
2018-08-31 04:00:00,0.0
2018-08-31 05:00:00,1.52
2018-08-31 06:00:00,61.58
2018-08-31 07:00:00,228.77
2018-08-31 08:00:00,288.33
2018-08-31 09:00:00,411.6
2018-08-31 10:00:00,464.67
2018-08-31 11:00:00,488.92
2018-08-31 12:00:00,519.25
2018-08-31 13:00:00,455.1
2018-08-31 14:00:00,358.02
2018-08-31 15:00:00,231.57
2018-08-31 16:00:00,103.1
2018-08-31 17:00:00,11.88
2018-08-31 18:00:00,0.0
2018-08-31 19:00:00,0.0
2018-08-31 20:00:00,0.0
2018-08-31 21:00:00,0.0
2018-08-31 22:00:00,0.0
2018-08-31 23:00:00,0.0
2018-09-01 00:00:00,0.0
2018-09-01 01:00:00,0.0
2018-09-01 02:00:00,0.0
2018-09-01 03:00:00,0.0
2018-09-01 04:00:00,0.0
2018-09-01 05:00:00,4.72
2018-09-01 06:00:00,68.45
2018-09-01 07:00:00,182.65
2018-09-01 08:00:00,296.75
2018-09-01 09:00:00,349.52
2018-09-01 10:00:00,435.08
2018-09-01 11:00:00,598.58
2018-09-01 12:00:00,611.12
2018-09-01 13:00:00,657.1
2018-09-01 14:00:00,529.15
2018-09-01 15:00:00,324.88
2018-09-01 16:00:00,153.57
2018-09-01 17:00:00,22.98
2018-09-01 18:00:00,0.0
2018-09-01 19:00:00,0.0
2018-09-01 20:00:00,0.0
2018-09-01 21:00:00,0.0
2018-09-01 22:00:00,0.0
2018-09-01 23:00:00,0.0
2018-09-02 00:00:00,0.0
2018-09-02 01:00:00,0.0
2018-09-02 02:00:00,0.0
2018-09-02 03:00:00,0.0
2018-09-02 04:00:00,0.0
2018-09-02 05:00:00,8.48
2018-09-02 06:00:00,96.7
2018-09-02 07:00:00,259.38
2018-09-02 08:00:00,442.05
2018-09-02 09:00:00,601.67
2018-09-02 10:00:00,732.72
2018-09-02 11:00:00,729.55
2018-09-02 12:00:00,751.15
2018-09-02 13:00:00,630.6
2018-09-02 14:00:00,504.05
2018-09-02 15:00:00,343.08
2018-09-02 16:00:00,168.1
2018-09-02 17:00:00,23.23
2018-09-02 18:00:00,0.0
2018-09-02 19:00:00,0.0
2018-09-02 20:00:00,0.0
2018-09-02 21:00:00,0.0
2018-09-02 22:00:00,0.0
2018-09-02 23:00:00,0.0
2018-09-03 00:00:00,0.0
2018-09-03 01:00:00,0.0
2018-09-03 02:00:00,0.0
2018-09-03 03:00:00,0.0
2018-09-03 04:00:00,0.0
2018-09-03 05:00:00,8.52
2018-09-03 06:00:00,139.25
2018-09-03 07:00:00,333.1
2018-09-03 08:00:00,564.92
2018-09-03 09:00:00,782.03
2018-09-03 10:00:00,806.08
2018-09-03 11:00:00,848.83
2018-09-03 12:00:00,817.85
2018-09-03 13:00:00,749.53
2018-09-03 14:00:00,533.6
2018-09-03 15:00:00,366.48
2018-09-03 16:00:00,165.8
2018-09-03 17:00:00,22.8
2018-09-03 18:00:00,0.0
2018-09-03 19:00:00,0.0
2018-09-03 20:00:00,0.0
2018-09-03 21:00:00,0.0
2018-09-03 22:00:00,0.0
2018-09-03 23:00:00,0.0
2018-09-04 00:00:00,0.0
2018-09-04 01:00:00,0.0
2018-09-04 02:00:00,0.0
2018-09-04 03:00:00,0.0
2018-09-04 04:00:00,0.0
2018-09-04 05:00:00,8.5
2018-09-04 06:00:00,133.18
2018-09-04 07:00:00,330.35
2018-09-04 08:00:00,555.62
2018-09-04 09:00:00,751.38
2018-09-04 10:00:00,757.92
2018-09-04 11:00:00,907.58
2018-09-04 12:00:00,813.28
2018-09-04 13:00:00,752.28
2018-09-04 14:00:00,544.08
2018-09-04 15:00:00,384.05
2018-09-04 16:00:00,174.5
2018-09-04 17:00:00,22.02
2018-09-04 18:00:00,0.0
2018-09-04 19:00:00,0.0
2018-09-04 20:00:00,0.0
2018-09-04 21:00:00,0.0
2018-09-04 22:00:00,0.0
2018-09-04 23:00:00,0.0
2018-09-05 00:00:00,0.0
2018-09-05 01:00:00,0.0
2018-09-05 02:00:00,0.0
2018-09-05 03:00:00,0.0
2018-09-05 04:00:00,0.0
2018-09-05 05:00:00,6.15
2018-09-05 06:00:00,80.22
2018-09-05 07:00:00,241.35
2018-09-05 08:00:00,392.0
2018-09-05 09:00:00,541.5
2018-09-05 10:00:00,697.53
2018-09-05 11:00:00,663.33
2018-09-05 12:00:00,619.8
2018-09-05 13:00:00,645.97
2018-09-05 14:00:00,356.8
2018-09-05 15:00:00,221.95
2018-09-05 16:00:00,103.1
2018-09-05 17:00:00,14.88
2018-09-05 18:00:00,0.0
2018-09-05 19:00:00,0.0
2018-09-05 20:00:00,0.0
2018-09-05 21:00:00,0.0
2018-09-05 22:00:00,0.0
2018-09-05 23:00:00,0.0
2018-09-06 00:00:00,0.0
2018-09-06 01:00:00,0.0
2018-09-06 02:00:00,0.0
2018-09-06 03:00:00,0.0
2018-09-06 04:00:00,0.0
2018-09-06 05:00:00,8.07
2018-09-06 06:00:00,114.68
2018-09-06 07:00:00,296.62
2018-09-06 08:00:00,497.12
2018-09-06 09:00:00,662.58
2018-09-06 10:00:00,797.92
2018-09-06 11:00:00,835.67
2018-09-06 12:00:00,791.8
2018-09-06 13:00:00,648.4
2018-09-06 14:00:00,484.2
2018-09-06 15:00:00,304.17
2018-09-06 16:00:00,128.3
2018-09-06 17:00:00,16.6
2018-09-06 18:00:00,0.0
2018-09-06 19:00:00,0.0
2018-09-06 20:00:00,0.0
2018-09-06 21:00:00,0.0
2018-09-06 22:00:00,0.0
2018-09-06 23:00:00,0.0
2018-09-07 00:00:00,0.0
2018-09-07 01:00:00,0.0
2018-09-07 02:00:00,0.0
2018-09-07 03:00:00,0.0
2018-09-07 04:00:00,0.0
2018-09-07 05:00:00,8.02
2018-09-07 06:00:00,127.22
2018-09-07 07:00:00,324.62
2018-09-07 08:00:00,536.45
2018-09-07 09:00:00,752.75
2018-09-07 10:00:00,872.53
2018-09-07 11:00:00,905.53
2018-09-07 12:00:00,856.85
2018-09-07 13:00:00,648.1
2018-09-07 14:00:00,554.05
2018-09-07 15:00:00,356.75
2018-09-07 16:00:00,152.93
2018-09-07 17:00:00,18.2
2018-09-07 18:00:00,0.0
2018-09-07 19:00:00,0.0
2018-09-07 20:00:00,0.0
2018-09-07 21:00:00,0.0
2018-09-07 22:00:00,0.0
2018-09-07 23:00:00,0.0
2018-09-08 00:00:00,0.0
2018-09-08 01:00:00,0.0
2018-09-08 02:00:00,0.0
2018-09-08 03:00:00,0.0
2018-09-08 04:00:00,0.0
2018-09-08 05:00:00,8.07
2018-09-08 06:00:00,140.75
2018-09-08 07:00:00,350.52
2018-09-08 08:00:00,571.03
2018-09-08 09:00:00,782.0
2018-09-08 10:00:00,863.85
2018-09-08 11:00:00,881.45
2018-09-08 12:00:00,901.4
2018-09-08 13:00:00,761.05
2018-09-08 14:00:00,617.05
2018-09-08 15:00:00,426.4
2018-09-08 16:00:00,197.75
2018-09-08 17:00:00,13.68
2018-09-08 18:00:00,0.0
2018-09-08 19:00:00,0.0
2018-09-08 20:00:00,0.0
2018-09-08 21:00:00,0.0
2018-09-08 22:00:00,0.0
2018-09-08 23:00:00,0.0
2018-09-09 00:00:00,0.0
2018-09-09 01:00:00,0.0
2018-09-09 02:00:00,0.0
2018-09-09 03:00:00,0.0
2018-09-09 04:00:00,0.0
2018-09-09 05:00:00,8.85
2018-09-09 06:00:00,132.5
2018-09-09 07:00:00,321.85
2018-09-09 08:00:00,548.55
2018-09-09 09:00:00,761.17
2018-09-09 10:00:00,868.75
2018-09-09 11:00:00,874.9
2018-09-09 12:00:00,881.28
2018-09-09 13:00:00,739.12
2018-09-09 14:00:00,578.38
2018-09-09 15:00:00,394.02
2018-09-09 16:00:00,179.48
2018-09-09 17:00:00,20.2
2018-09-09 18:00:00,0.0
2018-09-09 19:00:00,0.0
2018-09-09 20:00:00,0.0
2018-09-09 21:00:00,0.0
2018-09-09 22:00:00,0.0
2018-09-09 23:00:00,0.0
2018-09-10 00:00:00,0.0
2018-09-10 01:00:00,0.0
2018-09-10 02:00:00,0.0
2018-09-10 03:00:00,0.0
2018-09-10 04:00:00,0.0
2018-09-10 05:00:00,7.65
2018-09-10 06:00:00,89.68
2018-09-10 07:00:00,211.23
2018-09-10 08:00:00,400.5
2018-09-10 09:00:00,554.55
2018-09-10 10:00:00,678.17
2018-09-10 11:00:00,724.83
2018-09-10 12:00:00,696.1
2018-09-10 13:00:00,693.2
2018-09-10 14:00:00,491.98
2018-09-10 15:00:00,322.08
2018-09-10 16:00:00,139.73
2018-09-10 17:00:00,15.9
2018-09-10 18:00:00,0.0
2018-09-10 19:00:00,0.0
2018-09-10 20:00:00,0.0
2018-09-10 21:00:00,0.0
2018-09-10 22:00:00,0.0
2018-09-10 23:00:00,0.0
2018-09-11 00:00:00,0.0
2018-09-11 01:00:00,0.0
2018-09-11 02:00:00,0.0
2018-09-11 03:00:00,0.0
2018-09-11 04:00:00,0.0
2018-09-11 05:00:00,7.93
2018-09-11 06:00:00,126.22
2018-09-11 07:00:00,335.0
2018-09-11 08:00:00,554.9
2018-09-11 09:00:00,757.15
2018-09-11 10:00:00,823.7
2018-09-11 11:00:00,786.72
2018-09-11 12:00:00,860.15
2018-09-11 13:00:00,755.05
2018-09-11 14:00:00,585.33
2018-09-11 15:00:00,317.8
2018-09-11 16:00:00,164.62
2018-09-11 17:00:00,16.55
2018-09-11 18:00:00,0.0
2018-09-11 19:00:00,0.0
2018-09-11 20:00:00,0.0
2018-09-11 21:00:00,0.0
2018-09-11 22:00:00,0.0
2018-09-11 23:00:00,0.0
2018-09-12 00:00:00,0.0
2018-09-12 01:00:00,0.0
2018-09-12 02:00:00,0.0
2018-09-12 03:00:00,0.0
2018-09-12 04:00:00,0.0
2018-09-12 05:00:00,5.65
2018-09-12 06:00:00,77.68
2018-09-12 07:00:00,249.38
2018-09-12 08:00:00,407.9
2018-09-12 09:00:00,580.2
2018-09-12 10:00:00,818.72
2018-09-12 11:00:00,927.62
2018-09-12 12:00:00,890.55
2018-09-12 13:00:00,740.22
2018-09-12 14:00:00,566.65
2018-09-12 15:00:00,378.48
2018-09-12 16:00:00,182.68
2018-09-12 17:00:00,17.9
2018-09-12 18:00:00,0.0
2018-09-12 19:00:00,0.0
2018-09-12 20:00:00,0.0
2018-09-12 21:00:00,0.0
2018-09-12 22:00:00,0.0
2018-09-12 23:00:00,0.0
2018-09-13 00:00:00,0.0
2018-09-13 01:00:00,0.0
2018-09-13 02:00:00,0.0
2018-09-13 03:00:00,0.0
2018-09-13 04:00:00,0.0
2018-09-13 05:00:00,9.2
2018-09-13 06:00:00,133.88
2018-09-13 07:00:00,335.3
2018-09-13 08:00:00,549.83
2018-09-13 09:00:00,760.1
2018-09-13 10:00:00,826.38
2018-09-13 11:00:00,889.4
2018-09-13 12:00:00,800.53
2018-09-13 13:00:00,736.4
2018-09-13 14:00:00,543.95
2018-09-13 15:00:00,342.65
2018-09-13 16:00:00,137.12
2018-09-13 17:00:00,13.55
2018-09-13 18:00:00,0.0
2018-09-13 19:00:00,0.0
2018-09-13 20:00:00,0.0
2018-09-13 21:00:00,0.0
2018-09-13 22:00:00,0.0
2018-09-13 23:00:00,0.0
2018-09-14 00:00:00,0.0
2018-09-14 01:00:00,0.0
2018-09-14 02:00:00,0.0
2018-09-14 03:00:00,0.0
2018-09-14 04:00:00,0.0
2018-09-14 05:00:00,8.3
2018-09-14 06:00:00,105.72
2018-09-14 07:00:00,262.27
2018-09-14 08:00:00,452.77
2018-09-14 09:00:00,668.03
2018-09-14 10:00:00,814.15
2018-09-14 11:00:00,743.3
2018-09-14 12:00:00,877.78
2018-09-14 13:00:00,763.78
2018-09-14 14:00:00,562.45
2018-09-14 15:00:00,367.12
2018-09-14 16:00:00,157.88
2018-09-14 17:00:00,15.27
2018-09-14 18:00:00,0.0
2018-09-14 19:00:00,0.0
2018-09-14 20:00:00,0.0
2018-09-14 21:00:00,0.0
2018-09-14 22:00:00,0.0
2018-09-14 23:00:00,0.0
2018-09-15 00:00:00,0.0
2018-09-15 01:00:00,0.0
2018-09-15 02:00:00,0.0
2018-09-15 03:00:00,0.0
2018-09-15 04:00:00,0.0
2018-09-15 05:00:00,7.85
2018-09-15 06:00:00,101.4
2018-09-15 07:00:00,255.9
2018-09-15 08:00:00,505.42
2018-09-15 09:00:00,744.08
2018-09-15 10:00:00,839.22
2018-09-15 11:00:00,870.42
2018-09-15 12:00:00,810.75
2018-09-15 13:00:00,589.83
2018-09-15 14:00:00,553.12
2018-09-15 15:00:00,351.12
2018-09-15 16:00:00,149.12
2018-09-15 17:00:00,14.9
2018-09-15 18:00:00,0.0
2018-09-15 19:00:00,0.0
2018-09-15 20:00:00,0.0
2018-09-15 21:00:00,0.0
2018-09-15 22:00:00,0.0
2018-09-15 23:00:00,0.0
2018-09-16 00:00:00,0.0
2018-09-16 01:00:00,0.0
2018-09-16 02:00:00,0.0
2018-09-16 03:00:00,0.0
2018-09-16 04:00:00,0.0
2018-09-16 05:00:00,6.7
2018-09-16 06:00:00,90.03
2018-09-16 07:00:00,255.57
2018-09-16 08:00:00,468.8
2018-09-16 09:00:00,677.28
2018-09-16 10:00:00,792.28
2018-09-16 11:00:00,716.67
2018-09-16 12:00:00,684.05
2018-09-16 13:00:00,544.28
2018-09-16 14:00:00,384.33
2018-09-16 15:00:00,222.52
2018-09-16 16:00:00,99.78
2018-09-16 17:00:00,8.55
2018-09-16 18:00:00,0.0
2018-09-16 19:00:00,0.0
2018-09-16 20:00:00,0.0
2018-09-16 21:00:00,0.0
2018-09-16 22:00:00,0.0
2018-09-16 23:00:00,0.0
2018-09-17 00:00:00,0.0
2018-09-17 01:00:00,0.0
2018-09-17 02:00:00,0.0
2018-09-17 03:00:00,0.0
2018-09-17 04:00:00,0.0
2018-09-17 05:00:00,3.88
2018-09-17 06:00:00,45.55
2018-09-17 07:00:00,105.97
2018-09-17 08:00:00,129.75
2018-09-17 09:00:00,298.67
2018-09-17 10:00:00,439.27
2018-09-17 11:00:00,412.5
2018-09-17 12:00:00,314.7
2018-09-17 13:00:00,436.52
2018-09-17 14:00:00,287.67
2018-09-17 15:00:00,185.88
2018-09-17 16:00:00,74.22
2018-09-17 17:00:00,6.55
2018-09-17 18:00:00,0.0
2018-09-17 19:00:00,0.0
2018-09-17 20:00:00,0.0
2018-09-17 21:00:00,0.0
2018-09-17 22:00:00,0.0
2018-09-17 23:00:00,0.0
2018-09-18 00:00:00,0.0
2018-09-18 01:00:00,0.0
2018-09-18 02:00:00,0.0
2018-09-18 03:00:00,0.0
2018-09-18 04:00:00,0.0
2018-09-18 05:00:00,1.42
2018-09-18 06:00:00,24.62
2018-09-18 07:00:00,73.97
2018-09-18 08:00:00,165.75
2018-09-18 09:00:00,244.0
2018-09-18 10:00:00,538.12
2018-09-18 11:00:00,546.9
2018-09-18 12:00:00,397.23
2018-09-18 13:00:00,351.58
2018-09-18 14:00:00,265.67
2018-09-18 15:00:00,174.07
2018-09-18 16:00:00,73.93
2018-09-18 17:00:00,7.82
2018-09-18 18:00:00,0.0
2018-09-18 19:00:00,0.0
2018-09-18 20:00:00,0.0
2018-09-18 21:00:00,0.0
2018-09-18 22:00:00,0.0
2018-09-18 23:00:00,0.0
2018-09-19 00:00:00,0.0
2018-09-19 01:00:00,0.0
2018-09-19 02:00:00,0.0
2018-09-19 03:00:00,0.0
2018-09-19 04:00:00,0.0
2018-09-19 05:00:00,4.68
2018-09-19 06:00:00,57.72
2018-09-19 07:00:00,140.27
2018-09-19 08:00:00,238.2
2018-09-19 09:00:00,255.73
2018-09-19 10:00:00,293.62
2018-09-19 11:00:00,231.4
2018-09-19 12:00:00,252.2
2018-09-19 13:00:00,251.07
2018-09-19 14:00:00,213.02
2018-09-19 15:00:00,125.78
2018-09-19 16:00:00,51.42
2018-09-19 17:00:00,4.57
2018-09-19 18:00:00,0.0
2018-09-19 19:00:00,0.0
2018-09-19 20:00:00,0.0
2018-09-19 21:00:00,0.0
2018-09-19 22:00:00,0.0
2018-09-19 23:00:00,0.0
2018-09-20 00:00:00,0.0
2018-09-20 01:00:00,0.0
2018-09-20 02:00:00,0.0
2018-09-20 03:00:00,0.0
2018-09-20 04:00:00,0.0
2018-09-20 05:00:00,4.78
2018-09-20 06:00:00,65.53
2018-09-20 07:00:00,177.07
2018-09-20 08:00:00,305.85
2018-09-20 09:00:00,412.92
2018-09-20 10:00:00,478.38
2018-09-20 11:00:00,525.12
2018-09-20 12:00:00,410.73
2018-09-20 13:00:00,357.42
2018-09-20 14:00:00,296.48
2018-09-20 15:00:00,176.0
2018-09-20 16:00:00,68.68
2018-09-20 17:00:00,6.9
2018-09-20 18:00:00,0.0
2018-09-20 19:00:00,0.0
2018-09-20 20:00:00,0.0
2018-09-20 21:00:00,0.0
2018-09-20 22:00:00,0.0
2018-09-20 23:00:00,0.0
2018-09-21 00:00:00,0.0
2018-09-21 01:00:00,0.0
2018-09-21 02:00:00,0.0
2018-09-21 03:00:00,0.0
2018-09-21 04:00:00,0.0
2018-09-21 05:00:00,8.15
2018-09-21 06:00:00,114.68
2018-09-21 07:00:00,283.9
2018-09-21 08:00:00,477.42
2018-09-21 09:00:00,660.15
2018-09-21 10:00:00,817.83
2018-09-21 11:00:00,777.6
2018-09-21 12:00:00,747.4
2018-09-21 13:00:00,609.5
2018-09-21 14:00:00,325.33
2018-09-21 15:00:00,177.18
2018-09-21 16:00:00,59.85
2018-09-21 17:00:00,5.15
2018-09-21 18:00:00,0.0
2018-09-21 19:00:00,0.0
2018-09-21 20:00:00,0.0
2018-09-21 21:00:00,0.0
2018-09-21 22:00:00,0.0
2018-09-21 23:00:00,0.0
2018-09-22 00:00:00,0.0
2018-09-22 01:00:00,0.0
2018-09-22 02:00:00,0.0
2018-09-22 03:00:00,0.0
2018-09-22 04:00:00,0.0
2018-09-22 05:00:00,8.57
2018-09-22 06:00:00,121.85
2018-09-22 07:00:00,318.42
2018-09-22 08:00:00,502.75
2018-09-22 09:00:00,665.33
2018-09-22 10:00:00,722.9
2018-09-22 11:00:00,693.22
2018-09-22 12:00:00,668.0
2018-09-22 13:00:00,585.55
2018-09-22 14:00:00,487.27
2018-09-22 15:00:00,312.45
2018-09-22 16:00:00,132.48
2018-09-22 17:00:00,10.43
2018-09-22 18:00:00,0.0
2018-09-22 19:00:00,0.0
2018-09-22 20:00:00,0.0
2018-09-22 21:00:00,0.0
2018-09-22 22:00:00,0.0
2018-09-22 23:00:00,0.0
2018-09-23 00:00:00,0.0
2018-09-23 01:00:00,0.0
2018-09-23 02:00:00,0.0
2018-09-23 03:00:00,0.0
2018-09-23 04:00:00,0.0
2018-09-23 05:00:00,9.27
2018-09-23 06:00:00,138.9
2018-09-23 07:00:00,357.08
2018-09-23 08:00:00,572.88
2018-09-23 09:00:00,737.17
2018-09-23 10:00:00,849.12
2018-09-23 11:00:00,894.1
2018-09-23 12:00:00,858.1
2018-09-23 13:00:00,745.4
2018-09-23 14:00:00,583.88
2018-09-23 15:00:00,375.23
2018-09-23 16:00:00,154.05
2018-09-23 17:00:00,10.38
2018-09-23 18:00:00,0.0
2018-09-23 19:00:00,0.0
2018-09-23 20:00:00,0.0
2018-09-23 21:00:00,0.0
2018-09-23 22:00:00,0.0
2018-09-23 23:00:00,0.0
2018-09-24 00:00:00,0.0
2018-09-24 01:00:00,0.0
2018-09-24 02:00:00,0.0
2018-09-24 03:00:00,0.0
2018-09-24 04:00:00,0.0
2018-09-24 05:00:00,9.35
2018-09-24 06:00:00,151.62
2018-09-24 07:00:00,382.75
2018-09-24 08:00:00,614.15
2018-09-24 09:00:00,787.6
2018-09-24 10:00:00,878.95
2018-09-24 11:00:00,920.9
2018-09-24 12:00:00,869.17
2018-09-24 13:00:00,793.3
2018-09-24 14:00:00,592.88
2018-09-24 15:00:00,379.17
2018-09-24 16:00:00,156.52
2018-09-24 17:00:00,10.48
2018-09-24 18:00:00,0.0
2018-09-24 19:00:00,0.0
2018-09-24 20:00:00,0.0
2018-09-24 21:00:00,0.0
2018-09-24 22:00:00,0.0
2018-09-24 23:00:00,0.0
2018-09-25 00:00:00,0.0
2018-09-25 01:00:00,0.0
2018-09-25 02:00:00,0.0
2018-09-25 03:00:00,0.0
2018-09-25 04:00:00,0.0
2018-09-25 05:00:00,10.75
2018-09-25 06:00:00,167.75
2018-09-25 07:00:00,403.75
2018-09-25 08:00:00,618.95
2018-09-25 09:00:00,772.12
2018-09-25 10:00:00,893.9
2018-09-25 11:00:00,886.8
2018-09-25 12:00:00,655.33
2018-09-25 13:00:00,749.33
2018-09-25 14:00:00,589.2
2018-09-25 15:00:00,396.05
2018-09-25 16:00:00,164.68
2018-09-25 17:00:00,9.55
2018-09-25 18:00:00,0.0
2018-09-25 19:00:00,0.0
2018-09-25 20:00:00,0.0
2018-09-25 21:00:00,0.0
2018-09-25 22:00:00,0.0
2018-09-25 23:00:00,0.0
2018-09-26 00:00:00,0.0
2018-09-26 01:00:00,0.0
2018-09-26 02:00:00,0.0
2018-09-26 03:00:00,0.0
2018-09-26 04:00:00,0.0
2018-09-26 05:00:00,10.68
2018-09-26 06:00:00,164.27
2018-09-26 07:00:00,392.75
2018-09-26 08:00:00,628.85
2018-09-26 09:00:00,728.25
2018-09-26 10:00:00,876.45
2018-09-26 11:00:00,945.78
2018-09-26 12:00:00,884.2
2018-09-26 13:00:00,777.62
2018-09-26 14:00:00,551.38
2018-09-26 15:00:00,415.48
2018-09-26 16:00:00,173.95
2018-09-26 17:00:00,10.38
2018-09-26 18:00:00,0.0
2018-09-26 19:00:00,0.0
2018-09-26 20:00:00,0.0
2018-09-26 21:00:00,0.0
2018-09-26 22:00:00,0.0
2018-09-26 23:00:00,0.0
2018-09-27 00:00:00,0.0
2018-09-27 01:00:00,0.0
2018-09-27 02:00:00,0.0
2018-09-27 03:00:00,0.0
2018-09-27 04:00:00,0.0
2018-09-27 05:00:00,10.68
2018-09-27 06:00:00,147.4
2018-09-27 07:00:00,349.27
2018-09-27 08:00:00,566.88
2018-09-27 09:00:00,766.8
2018-09-27 10:00:00,844.83
2018-09-27 11:00:00,858.72
2018-09-27 12:00:00,816.1
2018-09-27 13:00:00,693.42
2018-09-27 14:00:00,546.97
2018-09-27 15:00:00,356.3
2018-09-27 16:00:00,152.52
2018-09-27 17:00:00,9.9
2018-09-27 18:00:00,0.0
2018-09-27 19:00:00,0.0
2018-09-27 20:00:00,0.0
2018-09-27 21:00:00,0.0
2018-09-27 22:00:00,0.0
2018-09-27 23:00:00,0.0
2018-09-28 00:00:00,0.0
2018-09-28 01:00:00,0.0
2018-09-28 02:00:00,0.0
2018-09-28 03:00:00,0.0
2018-09-28 04:00:00,0.0
2018-09-28 05:00:00,11.82
2018-09-28 06:00:00,170.43
2018-09-28 07:00:00,395.7
2018-09-28 08:00:00,585.8
2018-09-28 09:00:00,759.35
2018-09-28 10:00:00,845.53
2018-09-28 11:00:00,875.97
2018-09-28 12:00:00,840.72
2018-09-28 13:00:00,788.45
2018-09-28 14:00:00,620.45
2018-09-28 15:00:00,405.33
2018-09-28 16:00:00,167.82
2018-09-28 17:00:00,10.15
2018-09-28 18:00:00,0.0
2018-09-28 19:00:00,0.0
2018-09-28 20:00:00,0.0
2018-09-28 21:00:00,0.0
2018-09-28 22:00:00,0.0
2018-09-28 23:00:00,0.0
2018-09-29 00:00:00,0.0
2018-09-29 01:00:00,0.0
2018-09-29 02:00:00,0.0
2018-09-29 03:00:00,0.0
2018-09-29 04:00:00,0.0
2018-09-29 05:00:00,12.25
2018-09-29 06:00:00,175.32
2018-09-29 07:00:00,404.42
2018-09-29 08:00:00,590.75
2018-09-29 09:00:00,726.5
2018-09-29 10:00:00,758.97
2018-09-29 11:00:00,860.38
2018-09-29 12:00:00,825.8
2018-09-29 13:00:00,755.25
2018-09-29 14:00:00,596.85
2018-09-29 15:00:00,403.25
2018-09-29 16:00:00,171.3
2018-09-29 17:00:00,9.25
2018-09-29 18:00:00,0.0
2018-09-29 19:00:00,0.0
2018-09-29 20:00:00,0.0
2018-09-29 21:00:00,0.0
2018-09-29 22:00:00,0.0
2018-09-29 23:00:00,0.0
2018-09-30 00:00:00,0.0
2018-09-30 01:00:00,0.0
2018-09-30 02:00:00,0.0
2018-09-30 03:00:00,0.0
2018-09-30 04:00:00,0.0
2018-09-30 05:00:00,12.0
2018-09-30 06:00:00,172.68
2018-09-30 07:00:00,416.12
2018-09-30 08:00:00,631.83
2018-09-30 09:00:00,796.97
2018-09-30 10:00:00,874.25
2018-09-30 11:00:00,935.83
2018-09-30 12:00:00,890.0
2018-09-30 13:00:00,765.47
2018-09-30 14:00:00,598.47
2018-09-30 15:00:00,340.65
2018-09-30 16:00:00,163.07
2018-09-30 17:00:00,8.85
2018-09-30 18:00:00,0.0
2018-09-30 19:00:00,0.0
2018-09-30 20:00:00,0.0
2018-09-30 21:00:00,0.0
2018-09-30 22:00:00,0.0
2018-09-30 23:00:00,0.0
2018-10-01 00:00:00,0.0
2018-10-01 01:00:00,0.0
2018-10-01 02:00:00,0.0
2018-10-01 03:00:00,0.0
2018-10-01 04:00:00,0.0
2018-10-01 05:00:00,11.32
2018-10-01 06:00:00,166.32
2018-10-01 07:00:00,394.75
2018-10-01 08:00:00,604.67
2018-10-01 09:00:00,746.5
2018-10-01 10:00:00,801.9
2018-10-01 11:00:00,886.55
2018-10-01 12:00:00,860.88
2018-10-01 13:00:00,676.97
2018-10-01 14:00:00,643.17
2018-10-01 15:00:00,414.98
2018-10-01 16:00:00,171.05
2018-10-01 17:00:00,8.27
2018-10-01 18:00:00,0.0
2018-10-01 19:00:00,0.0
2018-10-01 20:00:00,0.0
2018-10-01 21:00:00,0.0
2018-10-01 22:00:00,0.0
2018-10-01 23:00:00,0.0
2018-10-02 00:00:00,0.0
2018-10-02 01:00:00,0.0
2018-10-02 02:00:00,0.0
2018-10-02 03:00:00,0.0
2018-10-02 04:00:00,0.0
2018-10-02 05:00:00,12.07
2018-10-02 06:00:00,174.68
2018-10-02 07:00:00,399.08
2018-10-02 08:00:00,613.1
2018-10-02 09:00:00,769.17
2018-10-02 10:00:00,854.15
2018-10-02 11:00:00,915.03
2018-10-02 12:00:00,854.42
2018-10-02 13:00:00,689.03
2018-10-02 14:00:00,471.5
2018-10-02 15:00:00,251.18
2018-10-02 16:00:00,137.85
2018-10-02 17:00:00,7.35
2018-10-02 18:00:00,0.0
2018-10-02 19:00:00,0.0
2018-10-02 20:00:00,0.0
2018-10-02 21:00:00,0.0
2018-10-02 22:00:00,0.0
2018-10-02 23:00:00,0.0
2018-10-03 00:00:00,0.0
2018-10-03 01:00:00,0.0
2018-10-03 02:00:00,0.0
2018-10-03 03:00:00,0.0
2018-10-03 04:00:00,0.0
2018-10-03 05:00:00,11.3
2018-10-03 06:00:00,170.27
2018-10-03 07:00:00,397.85
2018-10-03 08:00:00,594.53
2018-10-03 09:00:00,727.0
2018-10-03 10:00:00,781.72
2018-10-03 11:00:00,778.72
2018-10-03 12:00:00,675.03
2018-10-03 13:00:00,499.9
2018-10-03 14:00:00,408.1
2018-10-03 15:00:00,248.9
2018-10-03 16:00:00,104.3
2018-10-03 17:00:00,5.25
2018-10-03 18:00:00,0.0
2018-10-03 19:00:00,0.0
2018-10-03 20:00:00,0.0
2018-10-03 21:00:00,0.0
2018-10-03 22:00:00,0.0
2018-10-03 23:00:00,0.0
2018-10-04 00:00:00,0.0
2018-10-04 01:00:00,0.0
2018-10-04 02:00:00,0.0
2018-10-04 03:00:00,0.0
2018-10-04 04:00:00,0.0
2018-10-04 05:00:00,4.55
2018-10-04 06:00:00,55.42
2018-10-04 07:00:00,107.18
2018-10-04 08:00:00,148.82
2018-10-04 09:00:00,142.52
2018-10-04 10:00:00,128.52
2018-10-04 11:00:00,161.55
2018-10-04 12:00:00,178.88
2018-10-04 13:00:00,132.2
2018-10-04 14:00:00,73.38
2018-10-04 15:00:00,49.6
2018-10-04 16:00:00,21.67
2018-10-04 17:00:00,1.27
2018-10-04 18:00:00,0.0
2018-10-04 19:00:00,0.0
2018-10-04 20:00:00,0.0
2018-10-04 21:00:00,0.0
2018-10-04 22:00:00,0.0
2018-10-04 23:00:00,0.0
2018-10-05 00:00:00,0.0
2018-10-05 01:00:00,0.0
2018-10-05 02:00:00,0.0
2018-10-05 03:00:00,0.0
2018-10-05 04:00:00,0.0
2018-10-05 05:00:00,1.38
2018-10-05 06:00:00,14.02
2018-10-05 07:00:00,31.8
2018-10-05 08:00:00,52.97
2018-10-05 09:00:00,98.57
2018-10-05 10:00:00,148.55
2018-10-05 11:00:00,311.15
2018-10-05 12:00:00,443.27
2018-10-05 13:00:00,427.52
2018-10-05 14:00:00,364.88
2018-10-05 15:00:00,218.55
2018-10-05 16:00:00,79.75
2018-10-05 17:00:00,3.35
2018-10-05 18:00:00,0.0
2018-10-05 19:00:00,0.0
2018-10-05 20:00:00,0.0
2018-10-05 21:00:00,0.0
2018-10-05 22:00:00,0.0
2018-10-05 23:00:00,0.0
2018-10-06 00:00:00,0.0
2018-10-06 01:00:00,0.0
2018-10-06 02:00:00,0.0
2018-10-06 03:00:00,0.0
2018-10-06 04:00:00,0.0
2018-10-06 05:00:00,9.43
2018-10-06 06:00:00,147.9
2018-10-06 07:00:00,361.3
2018-10-06 08:00:00,553.12
2018-10-06 09:00:00,718.55
2018-10-06 10:00:00,834.15
2018-10-06 11:00:00,864.88
2018-10-06 12:00:00,765.95
2018-10-06 13:00:00,683.83
2018-10-06 14:00:00,527.85
2018-10-06 15:00:00,324.75
2018-10-06 16:00:00,118.18
2018-10-06 17:00:00,4.93
2018-10-06 18:00:00,0.0
2018-10-06 19:00:00,0.0
2018-10-06 20:00:00,0.0
2018-10-06 21:00:00,0.0
2018-10-06 22:00:00,0.0
2018-10-06 23:00:00,0.0
2018-10-07 00:00:00,0.0
2018-10-07 01:00:00,0.0
2018-10-07 02:00:00,0.0
2018-10-07 03:00:00,0.0
2018-10-07 04:00:00,0.0
2018-10-07 05:00:00,8.95
2018-10-07 06:00:00,136.9
2018-10-07 07:00:00,347.67
2018-10-07 08:00:00,547.8
2018-10-07 09:00:00,701.0
2018-10-07 10:00:00,782.22
2018-10-07 11:00:00,815.75
2018-10-07 12:00:00,759.53
2018-10-07 13:00:00,614.85
2018-10-07 14:00:00,462.33
2018-10-07 15:00:00,281.25
2018-10-07 16:00:00,94.38
2018-10-07 17:00:00,3.95
2018-10-07 18:00:00,0.0
2018-10-07 19:00:00,0.0
2018-10-07 20:00:00,0.0
2018-10-07 21:00:00,0.0
2018-10-07 22:00:00,0.0
2018-10-07 23:00:00,0.0
2018-10-08 00:00:00,0.0
2018-10-08 01:00:00,0.0
2018-10-08 02:00:00,0.0
2018-10-08 03:00:00,0.0
2018-10-08 04:00:00,0.0
2018-10-08 05:00:00,6.0
2018-10-08 06:00:00,79.4
2018-10-08 07:00:00,197.82
2018-10-08 08:00:00,341.35
2018-10-08 09:00:00,476.95
2018-10-08 10:00:00,715.88
2018-10-08 11:00:00,728.47
2018-10-08 12:00:00,686.58
2018-10-08 13:00:00,554.72
2018-10-08 14:00:00,404.05
2018-10-08 15:00:00,231.95
2018-10-08 16:00:00,78.93
2018-10-08 17:00:00,3.47
2018-10-08 18:00:00,0.0
2018-10-08 19:00:00,0.0
2018-10-08 20:00:00,0.0
2018-10-08 21:00:00,0.0
2018-10-08 22:00:00,0.0
2018-10-08 23:00:00,0.0
2018-10-09 00:00:00,0.0
2018-10-09 01:00:00,0.0
2018-10-09 02:00:00,0.0
2018-10-09 03:00:00,0.0
2018-10-09 04:00:00,0.0
2018-10-09 05:00:00,7.75
2018-10-09 06:00:00,112.28
2018-10-09 07:00:00,302.35
2018-10-09 08:00:00,479.8
2018-10-09 09:00:00,692.83
2018-10-09 10:00:00,800.58
2018-10-09 11:00:00,759.58
2018-10-09 12:00:00,688.83
2018-10-09 13:00:00,561.17
2018-10-09 14:00:00,450.08
2018-10-09 15:00:00,257.95
2018-10-09 16:00:00,85.03
2018-10-09 17:00:00,3.15
2018-10-09 18:00:00,0.0
2018-10-09 19:00:00,0.0
2018-10-09 20:00:00,0.0
2018-10-09 21:00:00,0.0
2018-10-09 22:00:00,0.0
2018-10-09 23:00:00,0.0
2018-10-10 00:00:00,0.0
2018-10-10 01:00:00,0.0
2018-10-10 02:00:00,0.0
2018-10-10 03:00:00,0.0
2018-10-10 04:00:00,0.0
2018-10-10 05:00:00,6.32
2018-10-10 06:00:00,99.0
2018-10-10 07:00:00,264.8
2018-10-10 08:00:00,491.3
2018-10-10 09:00:00,694.22
2018-10-10 10:00:00,763.88
2018-10-10 11:00:00,763.35
2018-10-10 12:00:00,589.4
2018-10-10 13:00:00,536.75
2018-10-10 14:00:00,429.95
2018-10-10 15:00:00,243.12
2018-10-10 16:00:00,81.97
2018-10-10 17:00:00,3.08
2018-10-10 18:00:00,0.0
2018-10-10 19:00:00,0.0
2018-10-10 20:00:00,0.0
2018-10-10 21:00:00,0.0
2018-10-10 22:00:00,0.0
2018-10-10 23:00:00,0.0
2018-10-11 00:00:00,0.0
2018-10-11 01:00:00,0.0
2018-10-11 02:00:00,0.0
2018-10-11 03:00:00,0.0
2018-10-11 04:00:00,0.0
2018-10-11 05:00:00,8.15
2018-10-11 06:00:00,120.72
2018-10-11 07:00:00,322.0
2018-10-11 08:00:00,532.47
2018-10-11 09:00:00,719.53
2018-10-11 10:00:00,810.33
2018-10-11 11:00:00,788.4
2018-10-11 12:00:00,733.55
2018-10-11 13:00:00,624.03
2018-10-11 14:00:00,447.12
2018-10-11 15:00:00,265.4
2018-10-11 16:00:00,90.75
2018-10-11 17:00:00,3.17
2018-10-11 18:00:00,0.0
2018-10-11 19:00:00,0.0
2018-10-11 20:00:00,0.0
2018-10-11 21:00:00,0.0
2018-10-11 22:00:00,0.0
2018-10-11 23:00:00,0.0
2018-10-12 00:00:00,0.0
2018-10-12 01:00:00,0.0
2018-10-12 02:00:00,0.0
2018-10-12 03:00:00,0.0
2018-10-12 04:00:00,0.0
2018-10-12 05:00:00,7.05
2018-10-12 06:00:00,105.53
2018-10-12 07:00:00,290.92
2018-10-12 08:00:00,502.65
2018-10-12 09:00:00,705.45
2018-10-12 10:00:00,810.95
2018-10-12 11:00:00,752.62
2018-10-12 12:00:00,711.97
2018-10-12 13:00:00,717.3
2018-10-12 14:00:00,516.22
2018-10-12 15:00:00,313.92
2018-10-12 16:00:00,99.22
2018-10-12 17:00:00,2.67
2018-10-12 18:00:00,0.0
2018-10-12 19:00:00,0.0
2018-10-12 20:00:00,0.0
2018-10-12 21:00:00,0.0
2018-10-12 22:00:00,0.0
2018-10-12 23:00:00,0.0
2018-10-13 00:00:00,0.0
2018-10-13 01:00:00,0.0
2018-10-13 02:00:00,0.0
2018-10-13 03:00:00,0.0
2018-10-13 04:00:00,0.0
2018-10-13 05:00:00,7.78
2018-10-13 06:00:00,121.32
2018-10-13 07:00:00,317.75
2018-10-13 08:00:00,522.42
2018-10-13 09:00:00,699.8
2018-10-13 10:00:00,797.75
2018-10-13 11:00:00,768.3
2018-10-13 12:00:00,734.58
2018-10-13 13:00:00,650.47
2018-10-13 14:00:00,476.1
2018-10-13 15:00:00,276.95
2018-10-13 16:00:00,94.35
2018-10-13 17:00:00,0.0
2018-10-13 18:00:00,0.0
2018-10-13 19:00:00,0.0
2018-10-13 20:00:00,0.0
2018-10-13 21:00:00,0.0
2018-10-13 22:00:00,0.0
2018-10-13 23:00:00,0.0
2018-10-14 00:00:00,0.0
2018-10-14 01:00:00,0.0
2018-10-14 02:00:00,0.0
2018-10-14 03:00:00,0.0
2018-10-14 04:00:00,0.0
2018-10-14 05:00:00,7.57
2018-10-14 06:00:00,118.28
2018-10-14 07:00:00,305.8
2018-10-14 08:00:00,492.8
2018-10-14 09:00:00,678.5
2018-10-14 10:00:00,801.9
2018-10-14 11:00:00,768.38
2018-10-14 12:00:00,811.03
2018-10-14 13:00:00,673.85
2018-10-14 14:00:00,455.6
2018-10-14 15:00:00,268.9
2018-10-14 16:00:00,91.45
2018-10-14 17:00:00,0.0
2018-10-14 18:00:00,0.0
2018-10-14 19:00:00,0.0
2018-10-14 20:00:00,0.0
2018-10-14 21:00:00,0.0
2018-10-14 22:00:00,0.0
2018-10-14 23:00:00,0.0
2018-10-15 00:00:00,0.0
2018-10-15 01:00:00,0.0
2018-10-15 02:00:00,0.0
2018-10-15 03:00:00,0.0
2018-10-15 04:00:00,0.0
2018-10-15 05:00:00,8.15
2018-10-15 06:00:00,108.4
2018-10-15 07:00:00,284.3
2018-10-15 08:00:00,445.12
2018-10-15 09:00:00,657.35
2018-10-15 10:00:00,717.55
2018-10-15 11:00:00,754.72
2018-10-15 12:00:00,717.55
2018-10-15 13:00:00,613.12
2018-10-15 14:00:00,461.23
2018-10-15 15:00:00,274.17
2018-10-15 16:00:00,101.47
2018-10-15 17:00:00,0.0
2018-10-15 18:00:00,0.0
2018-10-15 19:00:00,0.0
2018-10-15 20:00:00,0.0
2018-10-15 21:00:00,0.0
2018-10-15 22:00:00,0.0
2018-10-15 23:00:00,0.0
2018-10-16 00:00:00,0.0
2018-10-16 01:00:00,0.0
2018-10-16 02:00:00,0.0
2018-10-16 03:00:00,0.0
2018-10-16 04:00:00,0.0
2018-10-16 05:00:00,9.88
2018-10-16 06:00:00,112.26
2018-10-16 07:00:00,288.85
2018-10-16 08:00:00,468.41
2018-10-16 09:00:00,718.3
2018-10-16 10:00:00,840.17
2018-10-16 11:00:00,837.8
2018-10-16 12:00:00,783.92
2018-10-16 13:00:00,696.7
2018-10-16 14:00:00,514.1
2018-10-16 15:00:00,313.27
2018-10-16 16:00:00,116.68
2018-10-16 17:00:00,0.0
2018-10-16 18:00:00,0.0
2018-10-16 19:00:00,0.0
2018-10-16 20:00:00,0.0
2018-10-16 21:00:00,0.0
2018-10-16 22:00:00,0.0
2018-10-16 23:00:00,0.0
2018-10-17 00:00:00,0.0
2018-10-17 01:00:00,0.0
2018-10-17 02:00:00,0.0
2018-10-17 03:00:00,0.0
2018-10-17 04:00:00,0.0
2018-10-17 05:00:00,6.88
2018-10-17 06:00:00,116.05
2018-10-17 07:00:00,285.55
2018-10-17 08:00:00,474.98
2018-10-17 09:00:00,676.1
2018-10-17 10:00:00,764.58
2018-10-17 11:00:00,771.1
2018-10-17 12:00:00,662.92
2018-10-17 13:00:00,376.85
2018-10-17 14:00:00,377.35
2018-10-17 15:00:00,221.85
2018-10-17 16:00:00,74.9
2018-10-17 17:00:00,0.0
2018-10-17 18:00:00,0.0
2018-10-17 19:00:00,0.0
2018-10-17 20:00:00,0.0
2018-10-17 21:00:00,0.0
2018-10-17 22:00:00,0.0
2018-10-17 23:00:00,0.0
2018-10-18 00:00:00,0.0
2018-10-18 01:00:00,0.0
2018-10-18 02:00:00,0.0
2018-10-18 03:00:00,0.0
2018-10-18 04:00:00,0.0
2018-10-18 05:00:00,5.03
2018-10-18 06:00:00,77.7
2018-10-18 07:00:00,212.4
2018-10-18 08:00:00,372.35
2018-10-18 09:00:00,464.95
2018-10-18 10:00:00,603.55
2018-10-18 11:00:00,635.17
2018-10-18 12:00:00,604.35
2018-10-18 13:00:00,533.1
2018-10-18 14:00:00,410.7
2018-10-18 15:00:00,236.25
2018-10-18 16:00:00,78.95
2018-10-18 17:00:00,0.0
2018-10-18 18:00:00,0.0
2018-10-18 19:00:00,0.0
2018-10-18 20:00:00,0.0
2018-10-18 21:00:00,0.0
2018-10-18 22:00:00,0.0
2018-10-18 23:00:00,0.0
2018-10-19 00:00:00,0.0
2018-10-19 01:00:00,0.0
2018-10-19 02:00:00,0.0
2018-10-19 03:00:00,0.0
2018-10-19 04:00:00,0.0
2018-10-19 05:00:00,7.7
2018-10-19 06:00:00,123.68
2018-10-19 07:00:00,314.45
2018-10-19 08:00:00,505.4
2018-10-19 09:00:00,649.1
2018-10-19 10:00:00,717.45
2018-10-19 11:00:00,744.97
2018-10-19 12:00:00,724.65
2018-10-19 13:00:00,637.35
2018-10-19 14:00:00,492.98
2018-10-19 15:00:00,293.92
2018-10-19 16:00:00,99.97
2018-10-19 17:00:00,0.0
2018-10-19 18:00:00,0.0
2018-10-19 19:00:00,0.0
2018-10-19 20:00:00,0.0
2018-10-19 21:00:00,0.0
2018-10-19 22:00:00,0.0
2018-10-19 23:00:00,0.0
2018-10-20 00:00:00,0.0
2018-10-20 01:00:00,0.0
2018-10-20 02:00:00,0.0
2018-10-20 03:00:00,0.0
2018-10-20 04:00:00,0.0
2018-10-20 05:00:00,7.1
2018-10-20 06:00:00,110.15
2018-10-20 07:00:00,286.17
2018-10-20 08:00:00,471.2
2018-10-20 09:00:00,654.45
2018-10-20 10:00:00,703.12
2018-10-20 11:00:00,798.42
2018-10-20 12:00:00,746.33
2018-10-20 13:00:00,647.25
2018-10-20 14:00:00,497.77
2018-10-20 15:00:00,275.15
2018-10-20 16:00:00,84.22
2018-10-20 17:00:00,0.0
2018-10-20 18:00:00,0.0
2018-10-20 19:00:00,0.0
2018-10-20 20:00:00,0.0
2018-10-20 21:00:00,0.0
2018-10-20 22:00:00,0.0
2018-10-20 23:00:00,0.0
2018-10-21 00:00:00,0.0
2018-10-21 01:00:00,0.0
2018-10-21 02:00:00,0.0
2018-10-21 03:00:00,0.0
2018-10-21 04:00:00,0.0
2018-10-21 05:00:00,6.32
2018-10-21 06:00:00,93.18
2018-10-21 07:00:00,219.25
2018-10-21 08:00:00,372.73
2018-10-21 09:00:00,465.25
2018-10-21 10:00:00,480.92
2018-10-21 11:00:00,470.15
2018-10-21 12:00:00,473.62
2018-10-21 13:00:00,473.92
2018-10-21 14:00:00,411.75
2018-10-21 15:00:00,225.68
2018-10-21 16:00:00,76.8
2018-10-21 17:00:00,0.0
2018-10-21 18:00:00,0.0
2018-10-21 19:00:00,0.0
2018-10-21 20:00:00,0.0
2018-10-21 21:00:00,0.0
2018-10-21 22:00:00,0.0
2018-10-21 23:00:00,0.0
2018-10-22 00:00:00,0.0
2018-10-22 01:00:00,0.0
2018-10-22 02:00:00,0.0
2018-10-22 03:00:00,0.0
2018-10-22 04:00:00,0.0
2018-10-22 05:00:00,7.32
2018-10-22 06:00:00,121.45
2018-10-22 07:00:00,317.73
2018-10-22 08:00:00,527.38
2018-10-22 09:00:00,686.55
2018-10-22 10:00:00,829.8
2018-10-22 11:00:00,817.08
2018-10-22 12:00:00,716.58
2018-10-22 13:00:00,625.03
2018-10-22 14:00:00,465.8
2018-10-22 15:00:00,265.3
2018-10-22 16:00:00,79.5
2018-10-22 17:00:00,0.0
2018-10-22 18:00:00,0.0
2018-10-22 19:00:00,0.0
2018-10-22 20:00:00,0.0
2018-10-22 21:00:00,0.0
2018-10-22 22:00:00,0.0
2018-10-22 23:00:00,0.0
2018-10-23 00:00:00,0.0
2018-10-23 01:00:00,0.0
2018-10-23 02:00:00,0.0
2018-10-23 03:00:00,0.0
2018-10-23 04:00:00,0.0
2018-10-23 05:00:00,6.85
2018-10-23 06:00:00,111.85
2018-10-23 07:00:00,301.83
2018-10-23 08:00:00,490.73
2018-10-23 09:00:00,662.08
2018-10-23 10:00:00,799.12
2018-10-23 11:00:00,823.42
2018-10-23 12:00:00,777.55
2018-10-23 13:00:00,647.53
2018-10-23 14:00:00,451.4
2018-10-23 15:00:00,260.3
2018-10-23 16:00:00,78.28
2018-10-23 17:00:00,0.0
2018-10-23 18:00:00,0.0
2018-10-23 19:00:00,0.0
2018-10-23 20:00:00,0.0
2018-10-23 21:00:00,0.0
2018-10-23 22:00:00,0.0
2018-10-23 23:00:00,0.0
2018-10-24 00:00:00,0.0
2018-10-24 01:00:00,0.0
2018-10-24 02:00:00,0.0
2018-10-24 03:00:00,0.0
2018-10-24 04:00:00,0.0
2018-10-24 05:00:00,7.78
2018-10-24 06:00:00,134.35
2018-10-24 07:00:00,343.65
2018-10-24 08:00:00,537.85
2018-10-24 09:00:00,709.03
2018-10-24 10:00:00,786.22
2018-10-24 11:00:00,782.38
2018-10-24 12:00:00,760.58
2018-10-24 13:00:00,657.65
2018-10-24 14:00:00,490.5
2018-10-24 15:00:00,281.05
2018-10-24 16:00:00,71.55
2018-10-24 17:00:00,0.0
2018-10-24 18:00:00,0.0
2018-10-24 19:00:00,0.0
2018-10-24 20:00:00,0.0
2018-10-24 21:00:00,0.0
2018-10-24 22:00:00,0.0
2018-10-24 23:00:00,0.0
2018-10-25 00:00:00,0.0
2018-10-25 01:00:00,0.0
2018-10-25 02:00:00,0.0
2018-10-25 03:00:00,0.0
2018-10-25 04:00:00,0.0
2018-10-25 05:00:00,7.07
2018-10-25 06:00:00,123.85
2018-10-25 07:00:00,316.2
2018-10-25 08:00:00,511.25
2018-10-25 09:00:00,628.42
2018-10-25 10:00:00,818.97
2018-10-25 11:00:00,822.45
2018-10-25 12:00:00,766.58
2018-10-25 13:00:00,606.33
2018-10-25 14:00:00,466.15
2018-10-25 15:00:00,258.4
2018-10-25 16:00:00,72.57
2018-10-25 17:00:00,0.0
2018-10-25 18:00:00,0.0
2018-10-25 19:00:00,0.0
2018-10-25 20:00:00,0.0
2018-10-25 21:00:00,0.0
2018-10-25 22:00:00,0.0
2018-10-25 23:00:00,0.0
2018-10-26 00:00:00,0.0
2018-10-26 01:00:00,0.0
2018-10-26 02:00:00,0.0
2018-10-26 03:00:00,0.0
2018-10-26 04:00:00,0.0
2018-10-26 05:00:00,6.32
2018-10-26 06:00:00,110.3
2018-10-26 07:00:00,303.73
2018-10-26 08:00:00,507.12
2018-10-26 09:00:00,632.12
2018-10-26 10:00:00,695.92
2018-10-26 11:00:00,803.22
2018-10-26 12:00:00,746.7
2018-10-26 13:00:00,623.6
2018-10-26 14:00:00,481.62
2018-10-26 15:00:00,275.05
2018-10-26 16:00:00,79.72
2018-10-26 17:00:00,0.0
2018-10-26 18:00:00,0.0
2018-10-26 19:00:00,0.0
2018-10-26 20:00:00,0.0
2018-10-26 21:00:00,0.0
2018-10-26 22:00:00,0.0
2018-10-26 23:00:00,0.0
2018-10-27 00:00:00,0.0
2018-10-27 01:00:00,0.0
2018-10-27 02:00:00,0.0
2018-10-27 03:00:00,0.0
2018-10-27 04:00:00,0.0
2018-10-27 05:00:00,6.5
2018-10-27 06:00:00,109.8
2018-10-27 07:00:00,307.83
2018-10-27 08:00:00,490.25
2018-10-27 09:00:00,609.7
2018-10-27 10:00:00,733.45
2018-10-27 11:00:00,794.9
2018-10-27 12:00:00,736.9
2018-10-27 13:00:00,622.25
2018-10-27 14:00:00,435.8
2018-10-27 15:00:00,249.1
2018-10-27 16:00:00,76.75
2018-10-27 17:00:00,0.0
2018-10-27 18:00:00,0.0
2018-10-27 19:00:00,0.0
2018-10-27 20:00:00,0.0
2018-10-27 21:00:00,0.0
2018-10-27 22:00:00,0.0
2018-10-27 23:00:00,0.0
2018-10-28 00:00:00,0.0
2018-10-28 01:00:00,0.0
2018-10-28 02:00:00,0.0
2018-10-28 03:00:00,0.0
2018-10-28 04:00:00,0.0
2018-10-28 05:00:00,6.12
2018-10-28 06:00:00,104.85
2018-10-28 07:00:00,292.88
2018-10-28 08:00:00,482.92
2018-10-28 09:00:00,637.28
2018-10-28 10:00:00,758.08
2018-10-28 11:00:00,798.72
2018-10-28 12:00:00,790.28
2018-10-28 13:00:00,662.45
2018-10-28 14:00:00,455.95
2018-10-28 15:00:00,261.8
2018-10-28 16:00:00,77.28
2018-10-28 17:00:00,0.0
2018-10-28 18:00:00,0.0
2018-10-28 19:00:00,0.0
2018-10-28 20:00:00,0.0
2018-10-28 21:00:00,0.0
2018-10-28 22:00:00,0.0
2018-10-28 23:00:00,0.0
2018-10-29 00:00:00,0.0
2018-10-29 01:00:00,0.0
2018-10-29 02:00:00,0.0
2018-10-29 03:00:00,0.0
2018-10-29 04:00:00,0.0
2018-10-29 05:00:00,5.95
2018-10-29 06:00:00,108.22
2018-10-29 07:00:00,290.8
2018-10-29 08:00:00,472.52
2018-10-29 09:00:00,580.05
2018-10-29 10:00:00,775.6
2018-10-29 11:00:00,842.9
2018-10-29 12:00:00,736.45
2018-10-29 13:00:00,665.17
2018-10-29 14:00:00,514.3
2018-10-29 15:00:00,277.38
2018-10-29 16:00:00,77.18
2018-10-29 17:00:00,0.0
2018-10-29 18:00:00,0.0
2018-10-29 19:00:00,0.0
2018-10-29 20:00:00,0.0
2018-10-29 21:00:00,0.0
2018-10-29 22:00:00,0.0
2018-10-29 23:00:00,0.0
2018-10-30 00:00:00,0.0
2018-10-30 01:00:00,0.0
2018-10-30 02:00:00,0.0
2018-10-30 03:00:00,0.0
2018-10-30 04:00:00,0.0
2018-10-30 05:00:00,5.57
2018-10-30 06:00:00,80.78
2018-10-30 07:00:00,200.57
2018-10-30 08:00:00,350.27
2018-10-30 09:00:00,447.67
2018-10-30 10:00:00,419.48
2018-10-30 11:00:00,388.0
2018-10-30 12:00:00,312.3
2018-10-30 13:00:00,108.82
2018-10-30 14:00:00,255.55
2018-10-30 15:00:00,146.68
2018-10-30 16:00:00,45.75
2018-10-30 17:00:00,0.0
2018-10-30 18:00:00,0.0
2018-10-30 19:00:00,0.0
2018-10-30 20:00:00,0.0
2018-10-30 21:00:00,0.0
2018-10-30 22:00:00,0.0
2018-10-30 23:00:00,0.0
2018-10-31 00:00:00,0.0
2018-10-31 01:00:00,0.0
2018-10-31 02:00:00,0.0
2018-10-31 03:00:00,0.0
2018-10-31 04:00:00,0.0
2018-10-31 05:00:00,5.88
2018-10-31 06:00:00,80.57
2018-10-31 07:00:00,223.6
2018-10-31 08:00:00,378.65
2018-10-31 09:00:00,424.88
2018-10-31 10:00:00,414.73
2018-10-31 11:00:00,421.0
2018-10-31 12:00:00,326.48
2018-10-31 13:00:00,333.52
2018-10-31 14:00:00,227.9
2018-10-31 15:00:00,125.4
2018-10-31 16:00:00,34.08
2018-10-31 17:00:00,0.0
2018-10-31 18:00:00,0.0
2018-10-31 19:00:00,0.0
2018-10-31 20:00:00,0.0
2018-10-31 21:00:00,0.0
2018-10-31 22:00:00,0.0
2018-10-31 23:00:00,0.0
2018-11-01 00:00:00,0.0
2018-11-01 01:00:00,0.0
2018-11-01 02:00:00,0.0
2018-11-01 03:00:00,0.0
2018-11-01 04:00:00,0.0
2018-11-01 05:00:00,4.5
2018-11-01 06:00:00,85.55
2018-11-01 07:00:00,214.6
2018-11-01 08:00:00,341.05
2018-11-01 09:00:00,516.22
2018-11-01 10:00:00,605.67
2018-11-01 11:00:00,510.55
2018-11-01 12:00:00,313.92
2018-11-01 13:00:00,243.52
2018-11-01 14:00:00,191.2
2018-11-01 15:00:00,113.28
2018-11-01 16:00:00,16.7
2018-11-01 17:00:00,0.0
2018-11-01 18:00:00,0.0
2018-11-01 19:00:00,0.0
2018-11-01 20:00:00,0.0
2018-11-01 21:00:00,0.0
2018-11-01 22:00:00,0.0
2018-11-01 23:00:00,0.0
2018-11-02 00:00:00,0.0
2018-11-02 01:00:00,0.0
2018-11-02 02:00:00,0.0
2018-11-02 03:00:00,0.0
2018-11-02 04:00:00,0.0
2018-11-02 05:00:00,5.3
2018-11-02 06:00:00,109.28
2018-11-02 07:00:00,308.05
2018-11-02 08:00:00,495.12
2018-11-02 09:00:00,646.15
2018-11-02 10:00:00,709.45
2018-11-02 11:00:00,751.17
2018-11-02 12:00:00,671.7
2018-11-02 13:00:00,501.3
2018-11-02 14:00:00,424.92
2018-11-02 15:00:00,234.15
2018-11-02 16:00:00,64.32
2018-11-02 17:00:00,0.0
2018-11-02 18:00:00,0.0
2018-11-02 19:00:00,0.0
2018-11-02 20:00:00,0.0
2018-11-02 21:00:00,0.0
2018-11-02 22:00:00,0.0
2018-11-02 23:00:00,0.0
2018-11-03 00:00:00,0.0
2018-11-03 01:00:00,0.0
2018-11-03 02:00:00,0.0
2018-11-03 03:00:00,0.0
2018-11-03 04:00:00,0.0
2018-11-03 05:00:00,5.28
2018-11-03 06:00:00,95.7
2018-11-03 07:00:00,273.45
2018-11-03 08:00:00,485.45
2018-11-03 09:00:00,615.83
2018-11-03 10:00:00,775.5
2018-11-03 11:00:00,815.17
2018-11-03 12:00:00,735.5
2018-11-03 13:00:00,656.88
2018-11-03 14:00:00,474.92
2018-11-03 15:00:00,271.92
2018-11-03 16:00:00,78.03
2018-11-03 17:00:00,0.0
2018-11-03 18:00:00,0.0
2018-11-03 19:00:00,0.0
2018-11-03 20:00:00,0.0
2018-11-03 21:00:00,0.0
2018-11-03 22:00:00,0.0
2018-11-03 23:00:00,0.0
2018-11-04 00:00:00,0.0
2018-11-04 01:00:00,0.0
2018-11-04 02:00:00,0.0
2018-11-04 03:00:00,0.0
2018-11-04 04:00:00,0.0
2018-11-04 05:00:00,5.78
2018-11-04 06:00:00,116.47
2018-11-04 07:00:00,311.42
2018-11-04 08:00:00,503.05
2018-11-04 09:00:00,634.45
2018-11-04 10:00:00,750.55
2018-11-04 11:00:00,762.67
2018-11-04 12:00:00,713.5
2018-11-04 13:00:00,581.45
2018-11-04 14:00:00,422.05
2018-11-04 15:00:00,232.88
2018-11-04 16:00:00,69.55
2018-11-04 17:00:00,0.0
2018-11-04 18:00:00,0.0
2018-11-04 19:00:00,0.0
2018-11-04 20:00:00,0.0
2018-11-04 21:00:00,0.0
2018-11-04 22:00:00,0.0
2018-11-04 23:00:00,0.0
2018-11-05 00:00:00,0.0
2018-11-05 01:00:00,0.0
2018-11-05 02:00:00,0.0
2018-11-05 03:00:00,0.0
2018-11-05 04:00:00,0.0
2018-11-05 05:00:00,6.2
2018-11-05 06:00:00,124.95
2018-11-05 07:00:00,319.38
2018-11-05 08:00:00,514.2
2018-11-05 09:00:00,708.83
2018-11-05 10:00:00,783.2
2018-11-05 11:00:00,839.3
2018-11-05 12:00:00,723.4
2018-11-05 13:00:00,644.33
2018-11-05 14:00:00,478.67
2018-11-05 15:00:00,276.6
2018-11-05 16:00:00,82.2
2018-11-05 17:00:00,0.0
2018-11-05 18:00:00,0.0
2018-11-05 19:00:00,0.0
2018-11-05 20:00:00,0.0
2018-11-05 21:00:00,0.0
2018-11-05 22:00:00,0.0
2018-11-05 23:00:00,0.0
2018-11-06 00:00:00,0.0
2018-11-06 01:00:00,0.0
2018-11-06 02:00:00,0.0
2018-11-06 03:00:00,0.0
2018-11-06 04:00:00,0.0
2018-11-06 05:00:00,5.78
2018-11-06 06:00:00,110.62
2018-11-06 07:00:00,275.9
2018-11-06 08:00:00,459.42
2018-11-06 09:00:00,639.72
2018-11-06 10:00:00,688.53
2018-11-06 11:00:00,641.08
2018-11-06 12:00:00,601.12
2018-11-06 13:00:00,438.8
2018-11-06 14:00:00,352.38
2018-11-06 15:00:00,204.95
2018-11-06 16:00:00,59.25
2018-11-06 17:00:00,0.0
2018-11-06 18:00:00,0.0
2018-11-06 19:00:00,0.0
2018-11-06 20:00:00,0.0
2018-11-06 21:00:00,0.0
2018-11-06 22:00:00,0.0
2018-11-06 23:00:00,0.0
2018-11-07 00:00:00,0.0
2018-11-07 01:00:00,0.0
2018-11-07 02:00:00,0.0
2018-11-07 03:00:00,0.0
2018-11-07 04:00:00,0.0
2018-11-07 05:00:00,5.7
2018-11-07 06:00:00,102.55
2018-11-07 07:00:00,276.38
2018-11-07 08:00:00,448.35
2018-11-07 09:00:00,601.7
2018-11-07 10:00:00,686.6
2018-11-07 11:00:00,701.72
2018-11-07 12:00:00,687.25
2018-11-07 13:00:00,522.17
2018-11-07 14:00:00,392.5
2018-11-07 15:00:00,233.15
2018-11-07 16:00:00,64.62
2018-11-07 17:00:00,0.0
2018-11-07 18:00:00,0.0
2018-11-07 19:00:00,0.0
2018-11-07 20:00:00,0.0
2018-11-07 21:00:00,0.0
2018-11-07 22:00:00,0.0
2018-11-07 23:00:00,0.0
2018-11-08 00:00:00,0.0
2018-11-08 01:00:00,0.0
2018-11-08 02:00:00,0.0
2018-11-08 03:00:00,0.0
2018-11-08 04:00:00,0.0
2018-11-08 05:00:00,5.62
2018-11-08 06:00:00,118.85
2018-11-08 07:00:00,313.2
2018-11-08 08:00:00,499.75
2018-11-08 09:00:00,626.58
2018-11-08 10:00:00,703.05
2018-11-08 11:00:00,708.1
2018-11-08 12:00:00,683.58
2018-11-08 13:00:00,593.92
2018-11-08 14:00:00,424.25
2018-11-08 15:00:00,237.65
2018-11-08 16:00:00,62.92
2018-11-08 17:00:00,0.0
2018-11-08 18:00:00,0.0
2018-11-08 19:00:00,0.0
2018-11-08 20:00:00,0.0
2018-11-08 21:00:00,0.0
2018-11-08 22:00:00,0.0
2018-11-08 23:00:00,0.0
2018-11-09 00:00:00,0.0
2018-11-09 01:00:00,0.0
2018-11-09 02:00:00,0.0
2018-11-09 03:00:00,0.0
2018-11-09 04:00:00,0.0
2018-11-09 05:00:00,4.9
2018-11-09 06:00:00,98.3
2018-11-09 07:00:00,262.67
2018-11-09 08:00:00,452.58
2018-11-09 09:00:00,604.38
2018-11-09 10:00:00,695.12
2018-11-09 11:00:00,758.67
2018-11-09 12:00:00,714.55
2018-11-09 13:00:00,592.67
2018-11-09 14:00:00,420.8
2018-11-09 15:00:00,228.0
2018-11-09 16:00:00,58.83
2018-11-09 17:00:00,0.0
2018-11-09 18:00:00,0.0
2018-11-09 19:00:00,0.0
2018-11-09 20:00:00,0.0
2018-11-09 21:00:00,0.0
2018-11-09 22:00:00,0.0
2018-11-09 23:00:00,0.0
2018-11-10 00:00:00,0.0
2018-11-10 01:00:00,0.0
2018-11-10 02:00:00,0.0
2018-11-10 03:00:00,0.0
2018-11-10 04:00:00,0.0
2018-11-10 05:00:00,4.07
2018-11-10 06:00:00,88.6
2018-11-10 07:00:00,233.6
2018-11-10 08:00:00,434.8
2018-11-10 09:00:00,628.35
2018-11-10 10:00:00,756.28
2018-11-10 11:00:00,793.47
2018-11-10 12:00:00,731.2
2018-11-10 13:00:00,616.6
2018-11-10 14:00:00,415.42
2018-11-10 15:00:00,223.5
2018-11-10 16:00:00,56.3
2018-11-10 17:00:00,0.0
2018-11-10 18:00:00,0.0
2018-11-10 19:00:00,0.0
2018-11-10 20:00:00,0.0
2018-11-10 21:00:00,0.0
2018-11-10 22:00:00,0.0
2018-11-10 23:00:00,0.0
2018-11-11 00:00:00,0.0
2018-11-11 01:00:00,0.0
2018-11-11 02:00:00,0.0
2018-11-11 03:00:00,0.0
2018-11-11 04:00:00,0.0
2018-11-11 05:00:00,3.85
2018-11-11 06:00:00,86.6
2018-11-11 07:00:00,254.38
2018-11-11 08:00:00,434.23
2018-11-11 09:00:00,600.05
2018-11-11 10:00:00,672.12
2018-11-11 11:00:00,703.92
2018-11-11 12:00:00,676.6
2018-11-11 13:00:00,580.35
2018-11-11 14:00:00,429.02
2018-11-11 15:00:00,234.75
2018-11-11 16:00:00,58.05
2018-11-11 17:00:00,0.0
2018-11-11 18:00:00,0.0
2018-11-11 19:00:00,0.0
2018-11-11 20:00:00,0.0
2018-11-11 21:00:00,0.0
2018-11-11 22:00:00,0.0
2018-11-11 23:00:00,0.0
2018-11-12 00:00:00,0.0
2018-11-12 01:00:00,0.0
2018-11-12 02:00:00,0.0
2018-11-12 03:00:00,0.0
2018-11-12 04:00:00,0.0
2018-11-12 05:00:00,3.83
2018-11-12 06:00:00,83.18
2018-11-12 07:00:00,242.77
2018-11-12 08:00:00,409.02
2018-11-12 09:00:00,427.0
2018-11-12 10:00:00,536.4
2018-11-12 11:00:00,529.9
2018-11-12 12:00:00,454.98
2018-11-12 13:00:00,417.75
2018-11-12 14:00:00,330.48
2018-11-12 15:00:00,165.05
2018-11-12 16:00:00,48.97
2018-11-12 17:00:00,0.0
2018-11-12 18:00:00,0.0
2018-11-12 19:00:00,0.0
2018-11-12 20:00:00,0.0
2018-11-12 21:00:00,0.0
2018-11-12 22:00:00,0.0
2018-11-12 23:00:00,0.0
2018-11-13 00:00:00,0.0
2018-11-13 01:00:00,0.0
2018-11-13 02:00:00,0.0
2018-11-13 03:00:00,0.0
2018-11-13 04:00:00,0.0
2018-11-13 05:00:00,3.42
2018-11-13 06:00:00,82.43
2018-11-13 07:00:00,252.6
2018-11-13 08:00:00,432.77
2018-11-13 09:00:00,600.95
2018-11-13 10:00:00,708.2
2018-11-13 11:00:00,747.9
2018-11-13 12:00:00,718.25
2018-11-13 13:00:00,586.4
2018-11-13 14:00:00,428.83
2018-11-13 15:00:00,234.62
2018-11-13 16:00:00,59.5
2018-11-13 17:00:00,0.0
2018-11-13 18:00:00,0.0
2018-11-13 19:00:00,0.0
2018-11-13 20:00:00,0.0
2018-11-13 21:00:00,0.0
2018-11-13 22:00:00,0.0
2018-11-13 23:00:00,0.0
2018-11-14 00:00:00,0.0
2018-11-14 01:00:00,0.0
2018-11-14 02:00:00,0.0
2018-11-14 03:00:00,0.0
2018-11-14 04:00:00,0.0
2018-11-14 05:00:00,4.2
2018-11-14 06:00:00,115.38
2018-11-14 07:00:00,323.88
2018-11-14 08:00:00,523.8
2018-11-14 09:00:00,671.9
2018-11-14 10:00:00,592.28
2018-11-14 11:00:00,819.33
2018-11-14 12:00:00,732.85
2018-11-14 13:00:00,651.1
2018-11-14 14:00:00,456.98
2018-11-14 15:00:00,250.75
2018-11-14 16:00:00,64.07
2018-11-14 17:00:00,0.0
2018-11-14 18:00:00,0.0
2018-11-14 19:00:00,0.0
2018-11-14 20:00:00,0.0
2018-11-14 21:00:00,0.0
2018-11-14 22:00:00,0.0
2018-11-14 23:00:00,0.0
2018-11-15 00:00:00,0.0
2018-11-15 01:00:00,0.0
2018-11-15 02:00:00,0.0
2018-11-15 03:00:00,0.0
2018-11-15 04:00:00,0.0
2018-11-15 05:00:00,3.4
2018-11-15 06:00:00,69.05
2018-11-15 07:00:00,195.98
2018-11-15 08:00:00,329.48
2018-11-15 09:00:00,461.88
2018-11-15 10:00:00,612.22
2018-11-15 11:00:00,657.15
2018-11-15 12:00:00,577.67
2018-11-15 13:00:00,477.48
2018-11-15 14:00:00,397.52
2018-11-15 15:00:00,217.15
2018-11-15 16:00:00,55.17
2018-11-15 17:00:00,0.0
2018-11-15 18:00:00,0.0
2018-11-15 19:00:00,0.0
2018-11-15 20:00:00,0.0
2018-11-15 21:00:00,0.0
2018-11-15 22:00:00,0.0
2018-11-15 23:00:00,0.0
2018-11-16 00:00:00,0.0
2018-11-16 01:00:00,0.0
2018-11-16 02:00:00,0.0
2018-11-16 03:00:00,0.0
2018-11-16 04:00:00,0.0
2018-11-16 05:00:00,3.08
2018-11-16 06:00:00,77.75
2018-11-16 07:00:00,239.55
2018-11-16 08:00:00,412.0
2018-11-16 09:00:00,506.17
2018-11-16 10:00:00,528.97
2018-11-16 11:00:00,581.35
2018-11-16 12:00:00,485.7
2018-11-16 13:00:00,435.55
2018-11-16 14:00:00,318.77
2018-11-16 15:00:00,178.38
2018-11-16 16:00:00,46.12
2018-11-16 17:00:00,0.0
2018-11-16 18:00:00,0.0
2018-11-16 19:00:00,0.0
2018-11-16 20:00:00,0.0
2018-11-16 21:00:00,0.0
2018-11-16 22:00:00,0.0
2018-11-16 23:00:00,0.0
2018-11-17 00:00:00,0.0
2018-11-17 01:00:00,0.0
2018-11-17 02:00:00,0.0
2018-11-17 03:00:00,0.0
2018-11-17 04:00:00,0.0
2018-11-17 05:00:00,3.47
2018-11-17 06:00:00,96.65
2018-11-17 07:00:00,268.73
2018-11-17 08:00:00,445.98
2018-11-17 09:00:00,606.05
2018-11-17 10:00:00,735.3
2018-11-17 11:00:00,750.33
2018-11-17 12:00:00,703.22
2018-11-17 13:00:00,577.1
2018-11-17 14:00:00,448.02
2018-11-17 15:00:00,250.5
2018-11-17 16:00:00,66.6
2018-11-17 17:00:00,0.0
2018-11-17 18:00:00,0.0
2018-11-17 19:00:00,0.0
2018-11-17 20:00:00,0.0
2018-11-17 21:00:00,0.0
2018-11-17 22:00:00,0.0
2018-11-17 23:00:00,0.0
2018-11-18 00:00:00,0.0
2018-11-18 01:00:00,0.0
2018-11-18 02:00:00,0.0
2018-11-18 03:00:00,0.0
2018-11-18 04:00:00,0.0
2018-11-18 05:00:00,3.5
2018-11-18 06:00:00,99.75
2018-11-18 07:00:00,282.67
2018-11-18 08:00:00,458.1
2018-11-18 09:00:00,584.55
2018-11-18 10:00:00,722.35
2018-11-18 11:00:00,763.28
2018-11-18 12:00:00,723.25
2018-11-18 13:00:00,551.67
2018-11-18 14:00:00,496.25
2018-11-18 15:00:00,288.38
2018-11-18 16:00:00,77.88
2018-11-18 17:00:00,0.0
2018-11-18 18:00:00,0.0
2018-11-18 19:00:00,0.0
2018-11-18 20:00:00,0.0
2018-11-18 21:00:00,0.0
2018-11-18 22:00:00,0.0
2018-11-18 23:00:00,0.0
2018-11-19 00:00:00,0.0
2018-11-19 01:00:00,0.0
2018-11-19 02:00:00,0.0
2018-11-19 03:00:00,0.0
2018-11-19 04:00:00,0.0
2018-11-19 05:00:00,0.0
2018-11-19 06:00:00,123.03
2018-11-19 07:00:00,302.77
2018-11-19 08:00:00,470.0
2018-11-19 09:00:00,618.28
2018-11-19 10:00:00,761.5
2018-11-19 11:00:00,766.75
2018-11-19 12:00:00,677.72
2018-11-19 13:00:00,597.75
2018-11-19 14:00:00,426.1
2018-11-19 15:00:00,241.52
2018-11-19 16:00:00,63.72
2018-11-19 17:00:00,0.0
2018-11-19 18:00:00,0.0
2018-11-19 19:00:00,0.0
2018-11-19 20:00:00,0.0
2018-11-19 21:00:00,0.0
2018-11-19 22:00:00,0.0
2018-11-19 23:00:00,0.0
2018-11-20 00:00:00,0.0
2018-11-20 01:00:00,0.0
2018-11-20 02:00:00,0.0
2018-11-20 03:00:00,0.0
2018-11-20 04:00:00,0.0
2018-11-20 05:00:00,0.0
2018-11-20 06:00:00,85.5
2018-11-20 07:00:00,217.12
2018-11-20 08:00:00,381.52
2018-11-20 09:00:00,422.05
2018-11-20 10:00:00,330.27
2018-11-20 11:00:00,368.75
2018-11-20 12:00:00,351.85
2018-11-20 13:00:00,158.85
2018-11-20 14:00:00,121.5
2018-11-20 15:00:00,74.9
2018-11-20 16:00:00,22.3
2018-11-20 17:00:00,0.0
2018-11-20 18:00:00,0.0
2018-11-20 19:00:00,0.0
2018-11-20 20:00:00,0.0
2018-11-20 21:00:00,0.0
2018-11-20 22:00:00,0.0
2018-11-20 23:00:00,0.0
2018-11-21 00:00:00,0.0
2018-11-21 01:00:00,0.0
2018-11-21 02:00:00,0.0
2018-11-21 03:00:00,0.0
2018-11-21 04:00:00,0.0
2018-11-21 05:00:00,0.0
2018-11-21 06:00:00,35.78
2018-11-21 07:00:00,78.35
2018-11-21 08:00:00,108.5
2018-11-21 09:00:00,64.2
2018-11-21 10:00:00,132.3
2018-11-21 11:00:00,87.93
2018-11-21 12:00:00,61.28
2018-11-21 13:00:00,77.3
2018-11-21 14:00:00,75.35
2018-11-21 15:00:00,46.1
2018-11-21 16:00:00,12.73
2018-11-21 17:00:00,0.0
2018-11-21 18:00:00,0.0
2018-11-21 19:00:00,0.0
2018-11-21 20:00:00,0.0
2018-11-21 21:00:00,0.0
2018-11-21 22:00:00,0.0
2018-11-21 23:00:00,0.0
2018-11-22 00:00:00,0.0
2018-11-22 01:00:00,0.0
2018-11-22 02:00:00,0.0
2018-11-22 03:00:00,0.0
2018-11-22 04:00:00,0.0
2018-11-22 05:00:00,0.0
2018-11-22 06:00:00,22.9
2018-11-22 07:00:00,55.12
2018-11-22 08:00:00,83.2
2018-11-22 09:00:00,123.62
2018-11-22 10:00:00,68.12
2018-11-22 11:00:00,158.9
2018-11-22 12:00:00,146.75
2018-11-22 13:00:00,138.9
2018-11-22 14:00:00,109.3
2018-11-22 15:00:00,44.22
2018-11-22 16:00:00,6.15
2018-11-22 17:00:00,0.0
2018-11-22 18:00:00,0.0
2018-11-22 19:00:00,0.0
2018-11-22 20:00:00,0.0
2018-11-22 21:00:00,0.0
2018-11-22 22:00:00,0.0
2018-11-22 23:00:00,0.0
2018-11-23 00:00:00,0.0
2018-11-23 01:00:00,0.0
2018-11-23 02:00:00,0.0
2018-11-23 03:00:00,0.0
2018-11-23 04:00:00,0.0
2018-11-23 05:00:00,0.0
2018-11-23 06:00:00,52.65
2018-11-23 07:00:00,130.57
2018-11-23 08:00:00,218.77
2018-11-23 09:00:00,446.9
2018-11-23 10:00:00,488.75
2018-11-23 11:00:00,544.95
2018-11-23 12:00:00,457.0
2018-11-23 13:00:00,405.4
2018-11-23 14:00:00,283.25
2018-11-23 15:00:00,156.35
2018-11-23 16:00:00,42.45
2018-11-23 17:00:00,0.0
2018-11-23 18:00:00,0.0
2018-11-23 19:00:00,0.0
2018-11-23 20:00:00,0.0
2018-11-23 21:00:00,0.0
2018-11-23 22:00:00,0.0
2018-11-23 23:00:00,0.0
2018-11-24 00:00:00,0.0
2018-11-24 01:00:00,0.0
2018-11-24 02:00:00,0.0
2018-11-24 03:00:00,0.0
2018-11-24 04:00:00,0.0
2018-11-24 05:00:00,0.0
2018-11-24 06:00:00,81.1
2018-11-24 07:00:00,234.88
2018-11-24 08:00:00,402.75
2018-11-24 09:00:00,557.85
2018-11-24 10:00:00,688.35
2018-11-24 11:00:00,688.83
2018-11-24 12:00:00,631.3
2018-11-24 13:00:00,563.92
2018-11-24 14:00:00,377.9
2018-11-24 15:00:00,196.9
2018-11-24 16:00:00,51.8
2018-11-24 17:00:00,0.0
2018-11-24 18:00:00,0.0
2018-11-24 19:00:00,0.0
2018-11-24 20:00:00,0.0
2018-11-24 21:00:00,0.0
2018-11-24 22:00:00,0.0
2018-11-24 23:00:00,0.0
2018-11-25 00:00:00,0.0
2018-11-25 01:00:00,0.0
2018-11-25 02:00:00,0.0
2018-11-25 03:00:00,0.0
2018-11-25 04:00:00,0.0
2018-11-25 05:00:00,0.0
2018-11-25 06:00:00,83.65
2018-11-25 07:00:00,239.1
2018-11-25 08:00:00,397.52
2018-11-25 09:00:00,564.42
2018-11-25 10:00:00,652.7
2018-11-25 11:00:00,724.5
2018-11-25 12:00:00,696.55
2018-11-25 13:00:00,588.95
2018-11-25 14:00:00,403.35
2018-11-25 15:00:00,232.8
2018-11-25 16:00:00,55.9
2018-11-25 17:00:00,0.0
2018-11-25 18:00:00,0.0
2018-11-25 19:00:00,0.0
2018-11-25 20:00:00,0.0
2018-11-25 21:00:00,0.0
2018-11-25 22:00:00,0.0
2018-11-25 23:00:00,0.0
2018-11-26 00:00:00,0.0
2018-11-26 01:00:00,0.0
2018-11-26 02:00:00,0.0
2018-11-26 03:00:00,0.0
2018-11-26 04:00:00,0.0
2018-11-26 05:00:00,0.0
2018-11-26 06:00:00,93.88
2018-11-26 07:00:00,280.0
2018-11-26 08:00:00,470.33
2018-11-26 09:00:00,641.28
2018-11-26 10:00:00,721.22
2018-11-26 11:00:00,763.6
2018-11-26 12:00:00,726.28
2018-11-26 13:00:00,591.95
2018-11-26 14:00:00,364.73
2018-11-26 15:00:00,198.3
2018-11-26 16:00:00,36.28
2018-11-26 17:00:00,0.0
2018-11-26 18:00:00,0.0
2018-11-26 19:00:00,0.0
2018-11-26 20:00:00,0.0
2018-11-26 21:00:00,0.0
2018-11-26 22:00:00,0.0
2018-11-26 23:00:00,0.0
2018-11-27 00:00:00,0.0
2018-11-27 01:00:00,0.0
2018-11-27 02:00:00,0.0
2018-11-27 03:00:00,0.0
2018-11-27 04:00:00,0.0
2018-11-27 05:00:00,0.0
2018-11-27 06:00:00,63.7
2018-11-27 07:00:00,202.23
2018-11-27 08:00:00,371.55
2018-11-27 09:00:00,601.92
2018-11-27 10:00:00,719.1
2018-11-27 11:00:00,764.8
2018-11-27 12:00:00,751.8
2018-11-27 13:00:00,640.83
2018-11-27 14:00:00,466.08
2018-11-27 15:00:00,259.0
2018-11-27 16:00:00,65.4
2018-11-27 17:00:00,0.0
2018-11-27 18:00:00,0.0
2018-11-27 19:00:00,0.0
2018-11-27 20:00:00,0.0
2018-11-27 21:00:00,0.0
2018-11-27 22:00:00,0.0
2018-11-27 23:00:00,0.0
2018-11-28 00:00:00,0.0
2018-11-28 01:00:00,0.0
2018-11-28 02:00:00,0.0
2018-11-28 03:00:00,0.0
2018-11-28 04:00:00,0.0
2018-11-28 05:00:00,0.0
2018-11-28 06:00:00,87.0
2018-11-28 07:00:00,265.33
2018-11-28 08:00:00,457.25
2018-11-28 09:00:00,650.58
2018-11-28 10:00:00,721.47
2018-11-28 11:00:00,748.78
2018-11-28 12:00:00,676.12
2018-11-28 13:00:00,573.53
2018-11-28 14:00:00,419.77
2018-11-28 15:00:00,238.45
2018-11-28 16:00:00,64.03
2018-11-28 17:00:00,0.0
2018-11-28 18:00:00,0.0
2018-11-28 19:00:00,0.0
2018-11-28 20:00:00,0.0
2018-11-28 21:00:00,0.0
2018-11-28 22:00:00,0.0
2018-11-28 23:00:00,0.0
2018-11-29 00:00:00,0.0
2018-11-29 01:00:00,0.0
2018-11-29 02:00:00,0.0
2018-11-29 03:00:00,0.0
2018-11-29 04:00:00,0.0
2018-11-29 05:00:00,0.0
2018-11-29 06:00:00,65.97
2018-11-29 07:00:00,200.12
2018-11-29 08:00:00,367.12
2018-11-29 09:00:00,467.33
2018-11-29 10:00:00,617.9
2018-11-29 11:00:00,639.7
2018-11-29 12:00:00,632.33
2018-11-29 13:00:00,535.53
2018-11-29 14:00:00,376.05
2018-11-29 15:00:00,201.12
2018-11-29 16:00:00,53.0
2018-11-29 17:00:00,0.0
2018-11-29 18:00:00,0.0
2018-11-29 19:00:00,0.0
2018-11-29 20:00:00,0.0
2018-11-29 21:00:00,0.0
2018-11-29 22:00:00,0.0
2018-11-29 23:00:00,0.0
2018-11-30 00:00:00,0.0
2018-11-30 01:00:00,0.0
2018-11-30 02:00:00,0.0
2018-11-30 03:00:00,0.0
2018-11-30 04:00:00,0.0
2018-11-30 05:00:00,0.0
2018-11-30 06:00:00,97.62
2018-11-30 07:00:00,289.1
2018-11-30 08:00:00,480.3
2018-11-30 09:00:00,660.83
2018-11-30 10:00:00,707.7
2018-11-30 11:00:00,766.0
2018-11-30 12:00:00,696.75
2018-11-30 13:00:00,638.33
2018-11-30 14:00:00,468.25
2018-11-30 15:00:00,268.12
2018-11-30 16:00:00,71.47
2018-11-30 17:00:00,0.0
2018-11-30 18:00:00,0.0
2018-11-30 19:00:00,0.0
2018-11-30 20:00:00,0.0
2018-11-30 21:00:00,0.0
2018-11-30 22:00:00,0.0
2018-11-30 23:00:00,0.0
2018-12-01 00:00:00,0.0
2018-12-01 01:00:00,0.0
2018-12-01 02:00:00,0.0
2018-12-01 03:00:00,0.0
2018-12-01 04:00:00,0.0
2018-12-01 05:00:00,0.0
2018-12-01 06:00:00,89.82
2018-12-01 07:00:00,292.35
2018-12-01 08:00:00,485.0
2018-12-01 09:00:00,663.38
2018-12-01 10:00:00,769.53
2018-12-01 11:00:00,811.8
2018-12-01 12:00:00,775.55
2018-12-01 13:00:00,663.75
2018-12-01 14:00:00,489.15
2018-12-01 15:00:00,277.88
2018-12-01 16:00:00,73.55
2018-12-01 17:00:00,0.0
2018-12-01 18:00:00,0.0
2018-12-01 19:00:00,0.0
2018-12-01 20:00:00,0.0
2018-12-01 21:00:00,0.0
2018-12-01 22:00:00,0.0
2018-12-01 23:00:00,0.0
2018-12-02 00:00:00,0.0
2018-12-02 01:00:00,0.0
2018-12-02 02:00:00,0.0
2018-12-02 03:00:00,0.0
2018-12-02 04:00:00,0.0
2018-12-02 05:00:00,0.0
2018-12-02 06:00:00,94.85
2018-12-02 07:00:00,281.45
2018-12-02 08:00:00,470.85
2018-12-02 09:00:00,599.35
2018-12-02 10:00:00,699.17
2018-12-02 11:00:00,718.55
2018-12-02 12:00:00,730.22
2018-12-02 13:00:00,632.4
2018-12-02 14:00:00,474.77
2018-12-02 15:00:00,273.75
2018-12-02 16:00:00,75.72
2018-12-02 17:00:00,0.0
2018-12-02 18:00:00,0.0
2018-12-02 19:00:00,0.0
2018-12-02 20:00:00,0.0
2018-12-02 21:00:00,0.0
2018-12-02 22:00:00,0.0
2018-12-02 23:00:00,0.0
2018-12-03 00:00:00,0.0
2018-12-03 01:00:00,0.0
2018-12-03 02:00:00,0.0
2018-12-03 03:00:00,0.0
2018-12-03 04:00:00,0.0
2018-12-03 05:00:00,0.0
2018-12-03 06:00:00,86.18
2018-12-03 07:00:00,269.85
2018-12-03 08:00:00,450.05
2018-12-03 09:00:00,595.67
2018-12-03 10:00:00,711.38
2018-12-03 11:00:00,769.15
2018-12-03 12:00:00,735.75
2018-12-03 13:00:00,505.6
2018-12-03 14:00:00,259.75
2018-12-03 15:00:00,118.38
2018-12-03 16:00:00,29.62
2018-12-03 17:00:00,0.0
2018-12-03 18:00:00,0.0
2018-12-03 19:00:00,0.0
2018-12-03 20:00:00,0.0
2018-12-03 21:00:00,0.0
2018-12-03 22:00:00,0.0
2018-12-03 23:00:00,0.0
2018-12-04 00:00:00,0.0
2018-12-04 01:00:00,0.0
2018-12-04 02:00:00,0.0
2018-12-04 03:00:00,0.0
2018-12-04 04:00:00,0.0
2018-12-04 05:00:00,0.0
2018-12-04 06:00:00,31.88
2018-12-04 07:00:00,91.8
2018-12-04 08:00:00,151.0
2018-12-04 09:00:00,176.9
2018-12-04 10:00:00,415.67
2018-12-04 11:00:00,415.8
2018-12-04 12:00:00,475.85
2018-12-04 13:00:00,338.38
2018-12-04 14:00:00,314.38
2018-12-04 15:00:00,177.55
2018-12-04 16:00:00,52.88
2018-12-04 17:00:00,0.0
2018-12-04 18:00:00,0.0
2018-12-04 19:00:00,0.0
2018-12-04 20:00:00,0.0
2018-12-04 21:00:00,0.0
2018-12-04 22:00:00,0.0
2018-12-04 23:00:00,0.0
2018-12-05 00:00:00,0.0
2018-12-05 01:00:00,0.0
2018-12-05 02:00:00,0.0
2018-12-05 03:00:00,0.0
2018-12-05 04:00:00,0.0
2018-12-05 05:00:00,0.0
2018-12-05 06:00:00,49.1
2018-12-05 07:00:00,170.05
2018-12-05 08:00:00,315.45
2018-12-05 09:00:00,418.48
2018-12-05 10:00:00,433.17
2018-12-05 11:00:00,522.65
2018-12-05 12:00:00,500.35
2018-12-05 13:00:00,383.52
2018-12-05 14:00:00,217.48
2018-12-05 15:00:00,113.57
2018-12-05 16:00:00,32.25
2018-12-05 17:00:00,0.0
2018-12-05 18:00:00,0.0
2018-12-05 19:00:00,0.0
2018-12-05 20:00:00,0.0
2018-12-05 21:00:00,0.0
2018-12-05 22:00:00,0.0
2018-12-05 23:00:00,0.0
2018-12-06 00:00:00,0.0
2018-12-06 01:00:00,0.0
2018-12-06 02:00:00,0.0
2018-12-06 03:00:00,0.0
2018-12-06 04:00:00,0.0
2018-12-06 05:00:00,0.0
2018-12-06 06:00:00,71.85
2018-12-06 07:00:00,252.7
2018-12-06 08:00:00,438.92
2018-12-06 09:00:00,571.8
2018-12-06 10:00:00,673.08
2018-12-06 11:00:00,724.45
2018-12-06 12:00:00,647.65
2018-12-06 13:00:00,553.12
2018-12-06 14:00:00,415.0
2018-12-06 15:00:00,233.77
2018-12-06 16:00:00,63.8
2018-12-06 17:00:00,0.0
2018-12-06 18:00:00,0.0
2018-12-06 19:00:00,0.0
2018-12-06 20:00:00,0.0
2018-12-06 21:00:00,0.0
2018-12-06 22:00:00,0.0
2018-12-06 23:00:00,0.0
2018-12-07 00:00:00,0.0
2018-12-07 01:00:00,0.0
2018-12-07 02:00:00,0.0
2018-12-07 03:00:00,0.0
2018-12-07 04:00:00,0.0
2018-12-07 05:00:00,0.0
2018-12-07 06:00:00,66.32
2018-12-07 07:00:00,218.32
2018-12-07 08:00:00,373.1
2018-12-07 09:00:00,561.75
2018-12-07 10:00:00,654.75
2018-12-07 11:00:00,695.22
2018-12-07 12:00:00,643.25
2018-12-07 13:00:00,552.55
2018-12-07 14:00:00,376.73
2018-12-07 15:00:00,198.93
2018-12-07 16:00:00,51.47
2018-12-07 17:00:00,0.0
2018-12-07 18:00:00,0.0
2018-12-07 19:00:00,0.0
2018-12-07 20:00:00,0.0
2018-12-07 21:00:00,0.0
2018-12-07 22:00:00,0.0
2018-12-07 23:00:00,0.0
2018-12-08 00:00:00,0.0
2018-12-08 01:00:00,0.0
2018-12-08 02:00:00,0.0
2018-12-08 03:00:00,0.0
2018-12-08 04:00:00,0.0
2018-12-08 05:00:00,0.0
2018-12-08 06:00:00,53.47
2018-12-08 07:00:00,191.43
2018-12-08 08:00:00,343.5
2018-12-08 09:00:00,504.15
2018-12-08 10:00:00,644.22
2018-12-08 11:00:00,695.15
2018-12-08 12:00:00,661.5
2018-12-08 13:00:00,530.97
2018-12-08 14:00:00,405.73
2018-12-08 15:00:00,220.93
2018-12-08 16:00:00,57.8
2018-12-08 17:00:00,0.0
2018-12-08 18:00:00,0.0
2018-12-08 19:00:00,0.0
2018-12-08 20:00:00,0.0
2018-12-08 21:00:00,0.0
2018-12-08 22:00:00,0.0
2018-12-08 23:00:00,0.0
2018-12-09 00:00:00,0.0
2018-12-09 01:00:00,0.0
2018-12-09 02:00:00,0.0
2018-12-09 03:00:00,0.0
2018-12-09 04:00:00,0.0
2018-12-09 05:00:00,0.0
2018-12-09 06:00:00,54.92
2018-12-09 07:00:00,177.3
2018-12-09 08:00:00,333.15
2018-12-09 09:00:00,487.33
2018-12-09 10:00:00,606.22
2018-12-09 11:00:00,619.85
2018-12-09 12:00:00,556.85
2018-12-09 13:00:00,512.75
2018-12-09 14:00:00,363.17
2018-12-09 15:00:00,193.8
2018-12-09 16:00:00,52.33
2018-12-09 17:00:00,0.0
2018-12-09 18:00:00,0.0
2018-12-09 19:00:00,0.0
2018-12-09 20:00:00,0.0
2018-12-09 21:00:00,0.0
2018-12-09 22:00:00,0.0
2018-12-09 23:00:00,0.0
2018-12-10 00:00:00,0.0
2018-12-10 01:00:00,0.0
2018-12-10 02:00:00,0.0
2018-12-10 03:00:00,0.0
2018-12-10 04:00:00,0.0
2018-12-10 05:00:00,0.0
2018-12-10 06:00:00,50.45
2018-12-10 07:00:00,187.0
2018-12-10 08:00:00,347.73
2018-12-10 09:00:00,504.92
2018-12-10 10:00:00,600.33
2018-12-10 11:00:00,636.92
2018-12-10 12:00:00,604.67
2018-12-10 13:00:00,535.75
2018-12-10 14:00:00,404.08
2018-12-10 15:00:00,218.9
2018-12-10 16:00:00,59.15
2018-12-10 17:00:00,0.0
2018-12-10 18:00:00,0.0
2018-12-10 19:00:00,0.0
2018-12-10 20:00:00,0.0
2018-12-10 21:00:00,0.0
2018-12-10 22:00:00,0.0
2018-12-10 23:00:00,0.0
2018-12-11 00:00:00,0.0
2018-12-11 01:00:00,0.0
2018-12-11 02:00:00,0.0
2018-12-11 03:00:00,0.0
2018-12-11 04:00:00,0.0
2018-12-11 05:00:00,0.0
2018-12-11 06:00:00,55.22
2018-12-11 07:00:00,187.4
2018-12-11 08:00:00,342.9
2018-12-11 09:00:00,521.83
2018-12-11 10:00:00,657.83
2018-12-11 11:00:00,609.67
2018-12-11 12:00:00,639.97
2018-12-11 13:00:00,559.88
2018-12-11 14:00:00,414.17
2018-12-11 15:00:00,227.68
2018-12-11 16:00:00,49.67
2018-12-11 17:00:00,0.0
2018-12-11 18:00:00,0.0
2018-12-11 19:00:00,0.0
2018-12-11 20:00:00,0.0
2018-12-11 21:00:00,0.0
2018-12-11 22:00:00,0.0
2018-12-11 23:00:00,0.0
2018-12-12 00:00:00,0.0
2018-12-12 01:00:00,0.0
2018-12-12 02:00:00,0.0
2018-12-12 03:00:00,0.0
2018-12-12 04:00:00,0.0
2018-12-12 05:00:00,0.0
2018-12-12 06:00:00,51.7
2018-12-12 07:00:00,188.7
2018-12-12 08:00:00,346.9
2018-12-12 09:00:00,527.97
2018-12-12 10:00:00,665.35
2018-12-12 11:00:00,606.15
2018-12-12 12:00:00,616.5
2018-12-12 13:00:00,571.1
2018-12-12 14:00:00,404.48
2018-12-12 15:00:00,245.3
2018-12-12 16:00:00,66.35
2018-12-12 17:00:00,0.0
2018-12-12 18:00:00,0.0
2018-12-12 19:00:00,0.0
2018-12-12 20:00:00,0.0
2018-12-12 21:00:00,0.0
2018-12-12 22:00:00,0.0
2018-12-12 23:00:00,0.0
2018-12-13 00:00:00,0.0
2018-12-13 01:00:00,0.0
2018-12-13 02:00:00,0.0
2018-12-13 03:00:00,0.0
2018-12-13 04:00:00,0.0
2018-12-13 05:00:00,0.0
2018-12-13 06:00:00,56.58
2018-12-13 07:00:00,208.6
2018-12-13 08:00:00,381.0
2018-12-13 09:00:00,521.15
2018-12-13 10:00:00,638.5
2018-12-13 11:00:00,668.47
2018-12-13 12:00:00,616.65
2018-12-13 13:00:00,491.5
2018-12-13 14:00:00,372.17
2018-12-13 15:00:00,207.5
2018-12-13 16:00:00,61.17
2018-12-13 17:00:00,0.0
2018-12-13 18:00:00,0.0
2018-12-13 19:00:00,0.0
2018-12-13 20:00:00,0.0
2018-12-13 21:00:00,0.0
2018-12-13 22:00:00,0.0
2018-12-13 23:00:00,0.0
2018-12-14 00:00:00,0.0
2018-12-14 01:00:00,0.0
2018-12-14 02:00:00,0.0
2018-12-14 03:00:00,0.0
2018-12-14 04:00:00,0.0
2018-12-14 05:00:00,0.0
2018-12-14 06:00:00,60.97
2018-12-14 07:00:00,224.55
2018-12-14 08:00:00,411.33
2018-12-14 09:00:00,603.47
2018-12-14 10:00:00,694.4
2018-12-14 11:00:00,753.83
2018-12-14 12:00:00,593.83
2018-12-14 13:00:00,557.92
2018-12-14 14:00:00,399.9
2018-12-14 15:00:00,222.6
2018-12-14 16:00:00,63.97
2018-12-14 17:00:00,0.0
2018-12-14 18:00:00,0.0
2018-12-14 19:00:00,0.0
2018-12-14 20:00:00,0.0
2018-12-14 21:00:00,0.0
2018-12-14 22:00:00,0.0
2018-12-14 23:00:00,0.0
2018-12-15 00:00:00,0.0
2018-12-15 01:00:00,0.0
2018-12-15 02:00:00,0.0
2018-12-15 03:00:00,0.0
2018-12-15 04:00:00,0.0
2018-12-15 05:00:00,0.0
2018-12-15 06:00:00,41.9
2018-12-15 07:00:00,151.62
2018-12-15 08:00:00,296.45
2018-12-15 09:00:00,405.7
2018-12-15 10:00:00,489.3
2018-12-15 11:00:00,517.97
2018-12-15 12:00:00,521.55
2018-12-15 13:00:00,455.23
2018-12-15 14:00:00,294.2
2018-12-15 15:00:00,162.23
2018-12-15 16:00:00,52.58
2018-12-15 17:00:00,0.0
2018-12-15 18:00:00,0.0
2018-12-15 19:00:00,0.0
2018-12-15 20:00:00,0.0
2018-12-15 21:00:00,0.0
2018-12-15 22:00:00,0.0
2018-12-15 23:00:00,0.0
2018-12-16 00:00:00,0.0
2018-12-16 01:00:00,0.0
2018-12-16 02:00:00,0.0
2018-12-16 03:00:00,0.0
2018-12-16 04:00:00,0.0
2018-12-16 05:00:00,0.0
2018-12-16 06:00:00,16.73
2018-12-16 07:00:00,49.35
2018-12-16 08:00:00,83.4
2018-12-16 09:00:00,103.18
2018-12-16 10:00:00,148.25
2018-12-16 11:00:00,152.6
2018-12-16 12:00:00,66.75
2018-12-16 13:00:00,64.53
2018-12-16 14:00:00,37.55
2018-12-16 15:00:00,24.25
2018-12-16 16:00:00,9.5
2018-12-16 17:00:00,0.0
2018-12-16 18:00:00,0.0
2018-12-16 19:00:00,0.0
2018-12-16 20:00:00,0.0
2018-12-16 21:00:00,0.0
2018-12-16 22:00:00,0.0
2018-12-16 23:00:00,0.0
2018-12-17 00:00:00,0.0
2018-12-17 01:00:00,0.0
2018-12-17 02:00:00,0.0
2018-12-17 03:00:00,0.0
2018-12-17 04:00:00,0.0
2018-12-17 05:00:00,0.0
2018-12-17 06:00:00,39.1
2018-12-17 07:00:00,135.7
2018-12-17 08:00:00,264.02
2018-12-17 09:00:00,449.4
2018-12-17 10:00:00,527.38
2018-12-17 11:00:00,741.65
2018-12-17 12:00:00,690.38
2018-12-17 13:00:00,571.65
2018-12-17 14:00:00,416.25
2018-12-17 15:00:00,233.88
2018-12-17 16:00:00,69.7
2018-12-17 17:00:00,0.0
2018-12-17 18:00:00,0.0
2018-12-17 19:00:00,0.0
2018-12-17 20:00:00,0.0
2018-12-17 21:00:00,0.0
2018-12-17 22:00:00,0.0
2018-12-17 23:00:00,0.0
2018-12-18 00:00:00,0.0
2018-12-18 01:00:00,0.0
2018-12-18 02:00:00,0.0
2018-12-18 03:00:00,0.0
2018-12-18 04:00:00,0.0
2018-12-18 05:00:00,0.0
2018-12-18 06:00:00,48.05
2018-12-18 07:00:00,180.55
2018-12-18 08:00:00,329.3
2018-12-18 09:00:00,487.4
2018-12-18 10:00:00,568.47
2018-12-18 11:00:00,578.9
2018-12-18 12:00:00,558.17
2018-12-18 13:00:00,545.65
2018-12-18 14:00:00,436.5
2018-12-18 15:00:00,249.27
2018-12-18 16:00:00,76.0
2018-12-18 17:00:00,0.0
2018-12-18 18:00:00,0.0
2018-12-18 19:00:00,0.0
2018-12-18 20:00:00,0.0
2018-12-18 21:00:00,0.0
2018-12-18 22:00:00,0.0
2018-12-18 23:00:00,0.0
2018-12-19 00:00:00,0.0
2018-12-19 01:00:00,0.0
2018-12-19 02:00:00,0.0
2018-12-19 03:00:00,0.0
2018-12-19 04:00:00,0.0
2018-12-19 05:00:00,0.0
2018-12-19 06:00:00,49.7
2018-12-19 07:00:00,221.43
2018-12-19 08:00:00,422.65
2018-12-19 09:00:00,610.05
2018-12-19 10:00:00,713.53
2018-12-19 11:00:00,612.42
2018-12-19 12:00:00,774.25
2018-12-19 13:00:00,643.33
2018-12-19 14:00:00,365.33
2018-12-19 15:00:00,213.18
2018-12-19 16:00:00,60.12
2018-12-19 17:00:00,0.0
2018-12-19 18:00:00,0.0
2018-12-19 19:00:00,0.0
2018-12-19 20:00:00,0.0
2018-12-19 21:00:00,0.0
2018-12-19 22:00:00,0.0
2018-12-19 23:00:00,0.0
2018-12-20 00:00:00,0.0
2018-12-20 01:00:00,0.0
2018-12-20 02:00:00,0.0
2018-12-20 03:00:00,0.0
2018-12-20 04:00:00,0.0
2018-12-20 05:00:00,0.0
2018-12-20 06:00:00,50.53
2018-12-20 07:00:00,202.6
2018-12-20 08:00:00,388.45
2018-12-20 09:00:00,563.08
2018-12-20 10:00:00,689.4
2018-12-20 11:00:00,699.8
2018-12-20 12:00:00,630.0
2018-12-20 13:00:00,532.22
2018-12-20 14:00:00,429.12
2018-12-20 15:00:00,253.35
2018-12-20 16:00:00,84.1
2018-12-20 17:00:00,0.0
2018-12-20 18:00:00,0.0
2018-12-20 19:00:00,0.0
2018-12-20 20:00:00,0.0
2018-12-20 21:00:00,0.0
2018-12-20 22:00:00,0.0
2018-12-20 23:00:00,0.0
2018-12-21 00:00:00,0.0
2018-12-21 01:00:00,0.0
2018-12-21 02:00:00,0.0
2018-12-21 03:00:00,0.0
2018-12-21 04:00:00,0.0
2018-12-21 05:00:00,0.0
2018-12-21 06:00:00,48.72
2018-12-21 07:00:00,181.65
2018-12-21 08:00:00,337.12
2018-12-21 09:00:00,449.88
2018-12-21 10:00:00,428.67
2018-12-21 11:00:00,447.5
2018-12-21 12:00:00,415.85
2018-12-21 13:00:00,434.58
2018-12-21 14:00:00,283.77
2018-12-21 15:00:00,167.82
2018-12-21 16:00:00,49.85
2018-12-21 17:00:00,0.0
2018-12-21 18:00:00,0.0
2018-12-21 19:00:00,0.0
2018-12-21 20:00:00,0.0
2018-12-21 21:00:00,0.0
2018-12-21 22:00:00,0.0
2018-12-21 23:00:00,0.0
2018-12-22 00:00:00,0.0
2018-12-22 01:00:00,0.0
2018-12-22 02:00:00,0.0
2018-12-22 03:00:00,0.0
2018-12-22 04:00:00,0.0
2018-12-22 05:00:00,0.0
2018-12-22 06:00:00,28.23
2018-12-22 07:00:00,133.52
2018-12-22 08:00:00,294.58
2018-12-22 09:00:00,438.02
2018-12-22 10:00:00,601.4
2018-12-22 11:00:00,614.72
2018-12-22 12:00:00,549.38
2018-12-22 13:00:00,439.67
2018-12-22 14:00:00,337.12
2018-12-22 15:00:00,183.35
2018-12-22 16:00:00,54.65
2018-12-22 17:00:00,0.0
2018-12-22 18:00:00,0.0
2018-12-22 19:00:00,0.0
2018-12-22 20:00:00,0.0
2018-12-22 21:00:00,0.0
2018-12-22 22:00:00,0.0
2018-12-22 23:00:00,0.0
2018-12-23 00:00:00,0.0
2018-12-23 01:00:00,0.0
2018-12-23 02:00:00,0.0
2018-12-23 03:00:00,0.0
2018-12-23 04:00:00,0.0
2018-12-23 05:00:00,0.0
2018-12-23 06:00:00,32.28
2018-12-23 07:00:00,154.2
2018-12-23 08:00:00,303.27
2018-12-23 09:00:00,467.62
2018-12-23 10:00:00,614.55
2018-12-23 11:00:00,662.97
2018-12-23 12:00:00,578.45
2018-12-23 13:00:00,516.72
2018-12-23 14:00:00,351.67
2018-12-23 15:00:00,206.95
2018-12-23 16:00:00,69.53
2018-12-23 17:00:00,0.0
2018-12-23 18:00:00,0.0
2018-12-23 19:00:00,0.0
2018-12-23 20:00:00,0.0
2018-12-23 21:00:00,0.0
2018-12-23 22:00:00,0.0
2018-12-23 23:00:00,0.0
2018-12-24 00:00:00,0.0
2018-12-24 01:00:00,0.0
2018-12-24 02:00:00,0.0
2018-12-24 03:00:00,0.0
2018-12-24 04:00:00,0.0
2018-12-24 05:00:00,0.0
2018-12-24 06:00:00,43.78
2018-12-24 07:00:00,197.23
2018-12-24 08:00:00,362.23
2018-12-24 09:00:00,531.9
2018-12-24 10:00:00,657.78
2018-12-24 11:00:00,732.7
2018-12-24 12:00:00,703.12
2018-12-24 13:00:00,579.7
2018-12-24 14:00:00,447.7
2018-12-24 15:00:00,257.88
2018-12-24 16:00:00,81.55
2018-12-24 17:00:00,0.0
2018-12-24 18:00:00,0.0
2018-12-24 19:00:00,0.0
2018-12-24 20:00:00,0.0
2018-12-24 21:00:00,0.0
2018-12-24 22:00:00,0.0
2018-12-24 23:00:00,0.0
2018-12-25 00:00:00,0.0
2018-12-25 01:00:00,0.0
2018-12-25 02:00:00,0.0
2018-12-25 03:00:00,0.0
2018-12-25 04:00:00,0.0
2018-12-25 05:00:00,0.0
2018-12-25 06:00:00,40.75
2018-12-25 07:00:00,184.55
2018-12-25 08:00:00,348.5
2018-12-25 09:00:00,460.65
2018-12-25 10:00:00,623.45
2018-12-25 11:00:00,697.67
2018-12-25 12:00:00,659.78
2018-12-25 13:00:00,593.25
2018-12-25 14:00:00,435.17
2018-12-25 15:00:00,247.05
2018-12-25 16:00:00,80.2
2018-12-25 17:00:00,0.0
2018-12-25 18:00:00,0.0
2018-12-25 19:00:00,0.0
2018-12-25 20:00:00,0.0
2018-12-25 21:00:00,0.0
2018-12-25 22:00:00,0.0
2018-12-25 23:00:00,0.0
2018-12-26 00:00:00,0.0
2018-12-26 01:00:00,0.0
2018-12-26 02:00:00,0.0
2018-12-26 03:00:00,0.0
2018-12-26 04:00:00,0.0
2018-12-26 05:00:00,0.0
2018-12-26 06:00:00,45.78
2018-12-26 07:00:00,207.55
2018-12-26 08:00:00,388.38
2018-12-26 09:00:00,544.33
2018-12-26 10:00:00,650.47
2018-12-26 11:00:00,722.78
2018-12-26 12:00:00,712.88
2018-12-26 13:00:00,624.75
2018-12-26 14:00:00,468.85
2018-12-26 15:00:00,272.83
2018-12-26 16:00:00,81.5
2018-12-26 17:00:00,0.0
2018-12-26 18:00:00,0.0
2018-12-26 19:00:00,0.0
2018-12-26 20:00:00,0.0
2018-12-26 21:00:00,0.0
2018-12-26 22:00:00,0.0
2018-12-26 23:00:00,0.0
2018-12-27 00:00:00,0.0
2018-12-27 01:00:00,0.0
2018-12-27 02:00:00,0.0
2018-12-27 03:00:00,0.0
2018-12-27 04:00:00,0.0
2018-12-27 05:00:00,0.0
2018-12-27 06:00:00,33.5
2018-12-27 07:00:00,152.85
2018-12-27 08:00:00,298.2
2018-12-27 09:00:00,460.95
2018-12-27 10:00:00,564.88
2018-12-27 11:00:00,718.55
2018-12-27 12:00:00,707.6
2018-12-27 13:00:00,611.92
2018-12-27 14:00:00,461.6
2018-12-27 15:00:00,273.4
2018-12-27 16:00:00,93.22
2018-12-27 17:00:00,0.0
2018-12-27 18:00:00,0.0
2018-12-27 19:00:00,0.0
2018-12-27 20:00:00,0.0
2018-12-27 21:00:00,0.0
2018-12-27 22:00:00,0.0
2018-12-27 23:00:00,0.0
2018-12-28 00:00:00,0.0
2018-12-28 01:00:00,0.0
2018-12-28 02:00:00,0.0
2018-12-28 03:00:00,0.0
2018-12-28 04:00:00,0.0
2018-12-28 05:00:00,0.0
2018-12-28 06:00:00,35.1
2018-12-28 07:00:00,158.02
2018-12-28 08:00:00,291.8
2018-12-28 09:00:00,481.98
2018-12-28 10:00:00,540.35
2018-12-28 11:00:00,569.03
2018-12-28 12:00:00,588.45
2018-12-28 13:00:00,506.55
2018-12-28 14:00:00,376.77
2018-12-28 15:00:00,211.73
2018-12-28 16:00:00,72.78
2018-12-28 17:00:00,0.0
2018-12-28 18:00:00,0.0
2018-12-28 19:00:00,0.0
2018-12-28 20:00:00,0.0
2018-12-28 21:00:00,0.0
2018-12-28 22:00:00,0.0
2018-12-28 23:00:00,0.0
2018-12-29 00:00:00,0.0
2018-12-29 01:00:00,0.0
2018-12-29 02:00:00,0.0
2018-12-29 03:00:00,0.0
2018-12-29 04:00:00,0.0
2018-12-29 05:00:00,0.0
2018-12-29 06:00:00,19.27
2018-12-29 07:00:00,85.35
2018-12-29 08:00:00,168.27
2018-12-29 09:00:00,245.25
2018-12-29 10:00:00,372.08
2018-12-29 11:00:00,419.02
2018-12-29 12:00:00,477.1
2018-12-29 13:00:00,537.53
2018-12-29 14:00:00,395.88
2018-12-29 15:00:00,209.3
2018-12-29 16:00:00,63.75
2018-12-29 17:00:00,0.0
2018-12-29 18:00:00,0.0
2018-12-29 19:00:00,0.0
2018-12-29 20:00:00,0.0
2018-12-29 21:00:00,0.0
2018-12-29 22:00:00,0.0
2018-12-29 23:00:00,0.0
2018-12-30 00:00:00,0.0
2018-12-30 01:00:00,0.0
2018-12-30 02:00:00,0.0
2018-12-30 03:00:00,0.0
2018-12-30 04:00:00,0.0
2018-12-30 05:00:00,0.0
2018-12-30 06:00:00,39.6
2018-12-30 07:00:00,189.8
2018-12-30 08:00:00,358.77
2018-12-30 09:00:00,558.22
2018-12-30 10:00:00,612.72
2018-12-30 11:00:00,630.22
2018-12-30 12:00:00,602.5
2018-12-30 13:00:00,496.55
2018-12-30 14:00:00,387.55
2018-12-30 15:00:00,240.6
2018-12-30 16:00:00,96.43
2018-12-30 17:00:00,0.0
2018-12-30 18:00:00,0.0
2018-12-30 19:00:00,0.0
2018-12-30 20:00:00,0.0
2018-12-30 21:00:00,0.0
2018-12-30 22:00:00,0.0
2018-12-30 23:00:00,0.0
2018-12-31 00:00:00,0.0
2018-12-31 01:00:00,0.0
2018-12-31 02:00:00,0.0
2018-12-31 03:00:00,0.0
2018-12-31 04:00:00,0.0
2018-12-31 05:00:00,0.0
2018-12-31 06:00:00,39.95
2018-12-31 07:00:00,193.32
2018-12-31 08:00:00,372.8
2018-12-31 09:00:00,555.85
2018-12-31 10:00:00,671.47
2018-12-31 11:00:00,736.88
2018-12-31 12:00:00,764.42
2018-12-31 13:00:00,665.38
2018-12-31 14:00:00,515.88
2018-12-31 15:00:00,315.27
2018-12-31 16:00:00,117.43
2018-12-31 17:00:00,0.0
2018-12-31 18:00:00,0.0
2018-12-31 19:00:00,0.0
2018-12-31 20:00:00,0.0
2018-12-31 21:00:00,0.0
2018-12-31 22:00:00,0.0
2018-12-31 23:00:00,0.0
