timestamp,ghi,temperature,cloud_cover
2016-01-01 00:00:00,0.0,21.5,36.06
2016-01-01 01:00:00,0.0,21.32,33.17
2016-01-01 02:00:00,0.0,21.15,59.72
2016-01-01 03:00:00,0.0,21.0,20.17
2016-01-01 04:00:00,0.0,20.85,38.77
2016-01-01 05:00:00,0.0,20.75,37.16
2016-01-01 06:00:00,45.03,21.62,57.76
2016-01-01 07:00:00,186.25,24.02,78.01
2016-01-01 08:00:00,370.25,25.38,96.87
2016-01-01 09:00:00,537.3,26.35,96.56
2016-01-01 10:00:00,631.95,26.95,96.76
2016-01-01 11:00:00,669.65,27.33,99.67
2016-01-01 12:00:00,663.88,27.5,99.0
2016-01-01 13:00:00,594.42,27.42,94.2
2016-01-01 14:00:00,470.55,27.13,93.73
2016-01-01 15:00:00,280.5,26.62,84.26
2016-01-01 16:00:00,96.75,25.52,76.12
2016-01-01 17:00:00,3.6,23.64,64.49
2016-01-01 18:00:00,0.0,23.04,54.77
2016-01-01 19:00:00,0.0,22.69,11.98
2016-01-01 20:00:00,0.0,22.38,4.03
2016-01-01 21:00:00,0.0,22.09,40.1
2016-01-01 22:00:00,0.0,21.81,7.98
2016-01-01 23:00:00,0.0,21.54,12.82
2016-01-02 00:00:00,0.0,21.28,13.62
2016-01-02 01:00:00,0.0,21.02,0.09
2016-01-02 02:00:00,0.0,20.79,12.81
2016-01-02 03:00:00,0.0,20.55,21.62
2016-01-02 04:00:00,0.0,20.35,4.03
2016-01-02 05:00:00,0.0,20.19,4.84
2016-01-02 06:00:00,48.47,21.01,26.66
2016-01-02 07:00:00,232.88,22.93,49.65
2016-01-02 08:00:00,425.6,24.83,71.1
2016-01-02 09:00:00,619.9,26.14,38.38
2016-01-02 10:00:00,741.67,26.85,38.18
2016-01-02 11:00:00,778.2,27.34,33.67
2016-01-02 12:00:00,738.8,27.61,24.54
2016-01-02 13:00:00,659.03,27.61,37.89
2016-01-02 14:00:00,511.8,27.31,23.81
2016-01-02 15:00:00,314.0,26.76,18.8
2016-01-02 16:00:00,108.3,25.5,13.83
2016-01-02 17:00:00,3.7,23.47,8.22
2016-01-02 18:00:00,0.0,22.82,3.23
2016-01-02 19:00:00,0.0,22.42,2.42
2016-01-02 20:00:00,0.0,22.09,9.58
2016-01-02 21:00:00,0.0,21.84,0.46
2016-01-02 22:00:00,0.0,21.66,5.56
2016-01-02 23:00:00,0.0,21.56,9.59
2016-01-03 00:00:00,0.0,21.55,0.18
2016-01-03 01:00:00,0.0,21.41,14.38
2016-01-03 02:00:00,0.0,21.09,15.97
2016-01-03 03:00:00,0.0,20.75,16.77
2016-01-03 04:00:00,0.0,20.48,11.78
2016-01-03 05:00:00,0.0,20.18,14.19
2016-01-03 06:00:00,43.03,20.75,17.18
2016-01-03 07:00:00,225.55,22.69,19.5
2016-01-03 08:00:00,433.4,24.44,22.3
2016-01-03 09:00:00,614.45,25.86,27.47
2016-01-03 10:00:00,749.8,26.7,9.38
2016-01-03 11:00:00,795.2,27.34,25.37
2016-01-03 12:00:00,769.95,27.69,26.52
2016-01-03 13:00:00,679.53,27.74,2.89
2016-01-03 14:00:00,520.92,27.49,22.25
2016-01-03 15:00:00,317.92,26.96,17.1
2016-01-03 16:00:00,110.15,25.7,13.49
2016-01-03 17:00:00,3.92,23.57,7.24
2016-01-03 18:00:00,0.0,22.87,2.42
2016-01-03 19:00:00,0.0,22.45,2.42
2016-01-03 20:00:00,0.0,22.08,3.23
2016-01-03 21:00:00,0.0,21.78,2.42
2016-01-03 22:00:00,0.0,21.54,24.75
2016-01-03 23:00:00,0.0,21.38,12.8
2016-01-04 00:00:00,0.0,21.29,8.75
2016-01-04 01:00:00,0.0,21.29,0.95
2016-01-04 02:00:00,0.0,21.3,15.91
2016-01-04 03:00:00,0.0,21.36,14.28
2016-01-04 04:00:00,0.0,21.21,11.85
2016-01-04 05:00:00,0.0,21.01,11.84
2016-01-04 06:00:00,42.35,21.2,14.84
2016-01-04 07:00:00,224.6,23.19,15.98
2016-01-04 08:00:00,432.0,24.86,19.07
2016-01-04 09:00:00,610.17,26.12,21.44
2016-01-04 10:00:00,724.3,26.97,39.32
2016-01-04 11:00:00,791.83,27.5,24.94
2016-01-04 12:00:00,739.8,27.76,25.39
2016-01-04 13:00:00,665.62,27.74,23.81
2016-01-04 14:00:00,512.4,27.49,22.02
2016-01-04 15:00:00,314.02,26.93,17.01
2016-01-04 16:00:00,109.75,25.65,12.31
2016-01-04 17:00:00,4.1,23.65,7.25
2016-01-04 18:00:00,0.0,23.05,2.42
2016-01-04 19:00:00,0.0,22.73,6.38
2016-01-04 20:00:00,0.0,22.44,11.14
2016-01-04 21:00:00,0.0,22.18,32.58
2016-01-04 22:00:00,0.0,21.97,53.29
2016-01-04 23:00:00,0.0,21.81,62.59
2016-01-05 00:00:00,0.0,21.63,41.05
2016-01-05 01:00:00,0.0,21.42,51.71
2016-01-05 02:00:00,0.0,21.22,67.63
2016-01-05 03:00:00,0.0,21.01,41.0
2016-01-05 04:00:00,0.0,20.76,29.67
2016-01-05 05:00:00,0.0,20.5,11.91
2016-01-05 06:00:00,41.33,21.22,30.38
2016-01-05 07:00:00,208.62,23.52,49.81
2016-01-05 08:00:00,405.1,25.17,67.71
2016-01-05 09:00:00,584.72,26.42,50.78
2016-01-05 10:00:00,719.97,27.06,48.89
2016-01-05 11:00:00,747.33,27.5,49.93
2016-01-05 12:00:00,728.47,27.71,32.66
2016-01-05 13:00:00,658.1,27.68,5.74
2016-01-05 14:00:00,481.25,27.4,48.52
2016-01-05 15:00:00,292.98,26.9,37.88
2016-01-05 16:00:00,102.82,25.71,27.75
2016-01-05 17:00:00,4.15,23.65,16.91
2016-01-05 18:00:00,0.0,22.99,6.45
2016-01-05 19:00:00,0.0,22.61,9.7
2016-01-05 20:00:00,0.0,22.27,2.42
2016-01-05 21:00:00,0.0,21.96,4.03
2016-01-05 22:00:00,0.0,21.67,7.63
2016-01-05 23:00:00,0.0,21.43,3.23
2016-01-06 00:00:00,0.0,21.18,8.82
2016-01-06 01:00:00,0.0,20.98,3.27
2016-01-06 02:00:00,0.0,20.82,14.47
2016-01-06 03:00:00,0.0,20.62,12.03
2016-01-06 04:00:00,0.0,20.4,13.66
2016-01-06 05:00:00,0.0,20.2,4.84
2016-01-06 06:00:00,39.58,21.0,11.08
2016-01-06 07:00:00,216.45,23.01,15.68
2016-01-06 08:00:00,419.6,24.61,22.11
2016-01-06 09:00:00,596.75,25.96,22.11
2016-01-06 10:00:00,705.95,26.76,18.29
2016-01-06 11:00:00,780.03,27.3,34.31
2016-01-06 12:00:00,746.35,27.55,45.61
2016-01-06 13:00:00,635.22,27.5,67.61
2016-01-06 14:00:00,453.62,27.07,97.54
2016-01-06 15:00:00,280.05,26.41,75.62
2016-01-06 16:00:00,103.88,25.27,53.28
2016-01-06 17:00:00,4.53,23.51,25.32
2016-01-06 18:00:00,0.0,22.91,1.61
2016-01-06 19:00:00,0.0,22.56,26.53
2016-01-06 20:00:00,0.0,22.24,15.94
2016-01-06 21:00:00,0.0,21.95,24.8
2016-01-06 22:00:00,0.0,21.72,4.84
2016-01-06 23:00:00,0.0,21.54,8.04
2016-01-07 00:00:00,0.0,21.32,14.46
2016-01-07 01:00:00,0.0,21.06,94.15
2016-01-07 02:00:00,0.0,20.8,78.41
2016-01-07 03:00:00,0.0,20.57,79.09
2016-01-07 04:00:00,0.0,20.39,49.96
2016-01-07 05:00:00,0.0,20.2,4.84
2016-01-07 06:00:00,41.25,21.03,11.25
2016-01-07 07:00:00,223.18,23.35,16.25
2016-01-07 08:00:00,432.02,24.93,23.75
2016-01-07 09:00:00,621.2,25.95,16.8
2016-01-07 10:00:00,745.28,26.62,27.88
2016-01-07 11:00:00,804.22,27.11,27.64
2016-01-07 12:00:00,787.88,27.32,15.49
2016-01-07 13:00:00,686.5,27.27,26.51
2016-01-07 14:00:00,540.33,26.93,22.66
2016-01-07 15:00:00,341.77,26.37,18.65
2016-01-07 16:00:00,128.82,25.18,15.77
2016-01-07 17:00:00,5.3,23.31,9.02
2016-01-07 18:00:00,0.0,22.72,4.84
2016-01-07 19:00:00,0.0,22.41,3.23
2016-01-07 20:00:00,0.0,22.23,4.44
2016-01-07 21:00:00,0.0,22.04,5.59
2016-01-07 22:00:00,0.0,21.88,10.86
2016-01-07 23:00:00,0.0,21.65,8.82
2016-01-08 00:00:00,0.0,21.34,29.81
2016-01-08 01:00:00,0.0,21.02,40.57
2016-01-08 02:00:00,0.0,20.89,87.4
2016-01-08 03:00:00,0.0,20.77,68.52
2016-01-08 04:00:00,0.0,20.77,93.99
2016-01-08 05:00:00,0.0,20.81,52.93
2016-01-08 06:00:00,32.92,21.25,67.09
2016-01-08 07:00:00,173.65,22.87,82.05
2016-01-08 08:00:00,361.77,24.57,96.4
2016-01-08 09:00:00,516.38,25.86,89.35
2016-01-08 10:00:00,603.95,26.52,87.13
2016-01-08 11:00:00,736.33,26.9,76.88
2016-01-08 12:00:00,725.95,27.11,74.0
2016-01-08 13:00:00,638.58,27.06,64.56
2016-01-08 14:00:00,494.5,26.79,56.62
2016-01-08 15:00:00,303.98,26.2,47.8
2016-01-08 16:00:00,114.95,25.07,39.03
2016-01-08 17:00:00,5.25,23.55,25.42
2016-01-08 18:00:00,0.0,23.05,15.13
2016-01-08 19:00:00,0.0,22.58,23.82
2016-01-08 20:00:00,0.0,22.12,6.37
2016-01-08 21:00:00,0.0,21.76,49.4
2016-01-08 22:00:00,0.0,21.55,21.56
2016-01-08 23:00:00,0.0,21.34,19.29
2016-01-09 00:00:00,0.0,21.2,56.54
2016-01-09 01:00:00,0.0,21.08,96.14
2016-01-09 02:00:00,0.0,20.87,63.97
2016-01-09 03:00:00,0.0,20.46,24.12
2016-01-09 04:00:00,0.0,20.03,7.19
2016-01-09 05:00:00,0.0,19.77,20.05
2016-01-09 06:00:00,40.88,20.43,29.17
2016-01-09 07:00:00,221.27,22.23,36.67
2016-01-09 08:00:00,420.0,23.89,44.96
2016-01-09 09:00:00,570.47,25.37,99.91
2016-01-09 10:00:00,733.3,26.26,67.58
2016-01-09 11:00:00,781.45,26.9,66.43
2016-01-09 12:00:00,769.53,27.21,89.4
2016-01-09 13:00:00,681.3,27.21,40.61
2016-01-09 14:00:00,529.97,26.94,33.07
2016-01-09 15:00:00,331.33,26.41,28.87
2016-01-09 16:00:00,122.93,25.1,25.42
2016-01-09 17:00:00,5.62,22.89,18.96
2016-01-09 18:00:00,0.0,22.17,14.52
2016-01-09 19:00:00,0.0,21.76,16.94
2016-01-09 20:00:00,0.0,21.43,27.51
2016-01-09 21:00:00,0.0,21.2,9.62
2016-01-09 22:00:00,0.0,21.01,2.98
2016-01-09 23:00:00,0.0,20.82,12.88
2016-01-10 00:00:00,0.0,20.58,76.12
2016-01-10 01:00:00,0.0,20.21,21.56
2016-01-10 02:00:00,0.0,20.0,24.82
2016-01-10 03:00:00,0.0,20.01,6.45
2016-01-10 04:00:00,0.0,19.94,27.38
2016-01-10 05:00:00,0.0,19.76,77.49
2016-01-10 06:00:00,40.1,20.24,57.76
2016-01-10 07:00:00,231.38,22.35,36.83
2016-01-10 08:00:00,459.17,24.08,18.0
2016-01-10 09:00:00,623.08,25.4,23.19
2016-01-10 10:00:00,782.05,26.19,20.24
2016-01-10 11:00:00,818.9,26.76,28.07
2016-01-10 12:00:00,797.95,27.06,24.19
2016-01-10 13:00:00,726.22,27.04,7.1
2016-01-10 14:00:00,551.8,26.79,22.34
2016-01-10 15:00:00,351.52,26.26,18.1
2016-01-10 16:00:00,135.05,25.05,15.4
2016-01-10 17:00:00,6.22,22.74,9.03
2016-01-10 18:00:00,0.0,22.01,4.84
2016-01-10 19:00:00,0.0,21.61,6.34
2016-01-10 20:00:00,0.0,21.3,9.57
2016-01-10 21:00:00,0.0,21.12,12.79
2016-01-10 22:00:00,0.0,21.03,1.41
2016-01-10 23:00:00,0.0,20.96,16.0
2016-01-11 00:00:00,0.0,20.91,15.94
2016-01-11 01:00:00,0.0,20.68,0.13
2016-01-11 02:00:00,0.0,20.21,11.13
2016-01-11 03:00:00,0.0,19.84,10.33
2016-01-11 04:00:00,0.0,19.62,11.11
2016-01-11 05:00:00,0.0,19.53,11.13
2016-01-11 06:00:00,42.22,20.43,18.25
2016-01-11 07:00:00,230.1,22.83,24.59
2016-01-11 08:00:00,438.75,24.66,29.84
2016-01-11 09:00:00,630.22,25.99,23.62
2016-01-11 10:00:00,748.8,26.73,25.58
2016-01-11 11:00:00,795.1,27.17,26.95
2016-01-11 12:00:00,755.83,27.36,24.81
2016-01-11 13:00:00,675.17,27.24,27.24
2016-01-11 14:00:00,527.6,26.93,23.07
2016-01-11 15:00:00,332.8,26.43,18.15
2016-01-11 16:00:00,126.57,25.2,14.4
2016-01-11 17:00:00,6.12,23.14,6.7
2016-01-11 18:00:00,0.0,22.52,1.61
2016-01-11 19:00:00,0.0,22.21,6.85
2016-01-11 20:00:00,0.0,22.03,12.02
2016-01-11 21:00:00,0.0,21.98,18.01
2016-01-11 22:00:00,0.0,22.13,32.14
2016-01-11 23:00:00,0.0,22.17,16.85
2016-01-12 00:00:00,0.0,22.3,54.84
2016-01-12 01:00:00,0.0,21.82,11.19
2016-01-12 02:00:00,0.0,21.21,7.16
2016-01-12 03:00:00,0.0,20.59,6.35
2016-01-12 04:00:00,0.0,20.17,7.97
2016-01-12 05:00:00,0.0,19.87,7.14
2016-01-12 06:00:00,41.03,20.32,14.51
2016-01-12 07:00:00,227.9,22.23,21.92
2016-01-12 08:00:00,436.62,23.81,28.52
2016-01-12 09:00:00,626.62,25.32,25.56
2016-01-12 10:00:00,689.12,26.19,4.09
2016-01-12 11:00:00,792.7,26.8,28.42
2016-01-12 12:00:00,768.65,27.13,30.48
2016-01-12 13:00:00,696.15,27.18,16.75
2016-01-12 14:00:00,509.35,26.94,61.61
2016-01-12 15:00:00,318.45,26.42,51.94
2016-01-12 16:00:00,119.15,25.12,42.85
2016-01-12 17:00:00,6.3,22.95,31.5
2016-01-12 18:00:00,0.0,22.24,21.76
2016-01-12 19:00:00,0.0,21.87,35.47
2016-01-12 20:00:00,0.0,21.6,11.21
2016-01-12 21:00:00,0.0,21.43,17.65
2016-01-12 22:00:00,0.0,21.33,55.87
2016-01-12 23:00:00,0.0,21.3,13.63
2016-01-13 00:00:00,0.0,21.35,9.59
2016-01-13 01:00:00,0.0,21.41,9.44
2016-01-13 02:00:00,0.0,21.5,17.63
2016-01-13 03:00:00,0.0,21.41,16.01
2016-01-13 04:00:00,0.0,20.81,18.48
2016-01-13 05:00:00,0.0,20.37,7.21
2016-01-13 06:00:00,38.33,20.53,31.78
2016-01-13 07:00:00,189.25,22.15,53.22
2016-01-13 08:00:00,345.23,23.66,73.07
2016-01-13 09:00:00,546.78,25.22,63.95
2016-01-13 10:00:00,620.88,26.1,88.07
2016-01-13 11:00:00,657.9,26.61,57.56
2016-01-13 12:00:00,670.65,26.99,58.47
2016-01-13 13:00:00,481.5,27.16,94.86
2016-01-13 14:00:00,389.33,27.01,98.57
2016-01-13 15:00:00,236.82,26.56,98.19
2016-01-13 16:00:00,94.25,25.38,98.7
2016-01-13 17:00:00,6.72,23.2,97.4
2016-01-13 18:00:00,0.0,22.44,95.19
2016-01-13 19:00:00,0.0,22.0,79.95
2016-01-13 20:00:00,0.0,21.65,58.76
2016-01-13 21:00:00,0.0,21.36,64.69
2016-01-13 22:00:00,0.0,21.14,19.14
2016-01-13 23:00:00,0.0,20.98,27.86
2016-01-14 00:00:00,0.0,20.89,1.61
2016-01-14 01:00:00,0.0,20.96,5.55
2016-01-14 02:00:00,0.0,21.0,22.59
2016-01-14 03:00:00,0.0,20.86,5.54
2016-01-14 04:00:00,0.0,20.6,11.87
2016-01-14 05:00:00,0.0,20.38,19.16
2016-01-14 06:00:00,35.28,20.56,25.73
2016-01-14 07:00:00,205.57,22.23,31.17
2016-01-14 08:00:00,415.95,23.8,38.09
2016-01-14 09:00:00,598.78,25.46,25.95
2016-01-14 10:00:00,704.88,26.33,39.32
2016-01-14 11:00:00,782.75,26.9,36.79
2016-01-14 12:00:00,766.8,27.21,18.19
2016-01-14 13:00:00,671.85,27.24,30.84
2016-01-14 14:00:00,529.65,26.95,26.53
2016-01-14 15:00:00,336.27,26.27,20.16
2016-01-14 16:00:00,130.05,24.97,14.53
2016-01-14 17:00:00,6.97,22.95,7.05
2016-01-14 18:00:00,0.0,22.23,0.81
2016-01-14 19:00:00,0.0,21.8,4.03
2016-01-14 20:00:00,0.0,21.44,7.94
2016-01-14 21:00:00,0.0,21.14,4.84
2016-01-14 22:00:00,0.0,20.86,6.29
2016-01-14 23:00:00,0.0,20.65,9.59
2016-01-15 00:00:00,0.0,20.5,5.56
2016-01-15 01:00:00,0.0,20.42,10.06
2016-01-15 02:00:00,0.0,20.38,13.67
2016-01-15 03:00:00,0.0,20.43,12.05
2016-01-15 04:00:00,0.0,20.58,24.15
2016-01-15 05:00:00,0.0,20.72,14.5
2016-01-15 06:00:00,35.28,21.24,31.1
2016-01-15 07:00:00,195.38,22.88,47.25
2016-01-15 08:00:00,399.25,24.39,62.41
2016-01-15 09:00:00,548.47,25.35,75.02
2016-01-15 10:00:00,678.25,26.17,65.43
2016-01-15 11:00:00,599.08,26.77,87.6
2016-01-15 12:00:00,662.22,27.09,80.39
2016-01-15 13:00:00,657.33,27.12,77.67
2016-01-15 14:00:00,517.92,26.84,49.56
2016-01-15 15:00:00,322.4,26.16,38.84
2016-01-15 16:00:00,124.5,24.97,29.83
2016-01-15 17:00:00,7.28,23.06,15.92
2016-01-15 18:00:00,0.0,22.33,4.84
2016-01-15 19:00:00,0.0,21.9,5.56
2016-01-15 20:00:00,0.0,21.54,6.38
2016-01-15 21:00:00,0.0,21.2,0.81
2016-01-15 22:00:00,0.0,20.91,13.63
2016-01-15 23:00:00,0.0,20.72,17.64
2016-01-16 00:00:00,0.0,20.63,17.64
2016-01-16 01:00:00,0.0,20.51,0.38
2016-01-16 02:00:00,0.0,20.29,12.0
2016-01-16 03:00:00,0.0,19.9,7.17
2016-01-16 04:00:00,0.0,19.62,7.96
2016-01-16 05:00:00,0.0,19.39,12.0
2016-01-16 06:00:00,38.03,20.07,15.5
2016-01-16 07:00:00,223.73,22.1,17.81
2016-01-16 08:00:00,436.9,23.85,21.33
2016-01-16 09:00:00,619.22,25.08,1.57
2016-01-16 10:00:00,758.12,25.92,22.82
2016-01-16 11:00:00,812.5,26.46,25.93
2016-01-16 12:00:00,749.85,26.76,2.7
2016-01-16 13:00:00,700.92,26.82,23.88
2016-01-16 14:00:00,550.03,26.62,20.34
2016-01-16 15:00:00,341.83,26.12,18.53
2016-01-16 16:00:00,135.07,24.99,17.89
2016-01-16 17:00:00,7.85,23.07,15.93
2016-01-16 18:00:00,0.0,22.37,14.5
2016-01-16 19:00:00,0.0,21.97,33.99
2016-01-16 20:00:00,0.0,21.63,59.1
2016-01-16 21:00:00,0.0,21.25,32.56
2016-01-16 22:00:00,0.0,20.9,87.49
2016-01-16 23:00:00,0.0,20.6,60.13
2016-01-17 00:00:00,0.0,20.46,99.52
2016-01-17 01:00:00,0.0,20.59,40.91
2016-01-17 02:00:00,0.0,20.66,51.29
2016-01-17 03:00:00,0.0,20.84,66.72
2016-01-17 04:00:00,0.0,20.84,96.19
2016-01-17 05:00:00,0.0,20.73,99.11
2016-01-17 06:00:00,30.23,20.9,99.28
2016-01-17 07:00:00,155.8,22.5,99.6
2016-01-17 08:00:00,326.42,23.89,99.38
2016-01-17 09:00:00,469.12,24.82,99.55
2016-01-17 10:00:00,589.5,25.51,99.81
2016-01-17 11:00:00,699.72,26.0,99.03
2016-01-17 12:00:00,696.3,26.26,99.97
2016-01-17 13:00:00,610.38,26.28,94.42
2016-01-17 14:00:00,478.73,26.04,92.81
2016-01-17 15:00:00,295.83,25.56,80.77
2016-01-17 16:00:00,117.57,24.55,68.1
2016-01-17 17:00:00,7.8,22.86,54.23
2016-01-17 18:00:00,0.0,22.3,41.04
2016-01-17 19:00:00,0.0,22.0,10.33
2016-01-17 20:00:00,0.0,21.65,1.61
2016-01-17 21:00:00,0.0,21.29,1.61
2016-01-17 22:00:00,0.0,21.03,4.84
2016-01-17 23:00:00,0.0,21.0,4.03
2016-01-18 00:00:00,0.0,21.2,5.58
2016-01-18 01:00:00,0.0,21.34,3.31
2016-01-18 02:00:00,0.0,21.54,8.0
2016-01-18 03:00:00,0.0,21.47,12.02
2016-01-18 04:00:00,0.0,21.12,13.6
2016-01-18 05:00:00,0.0,20.69,12.03
2016-01-18 06:00:00,32.08,21.22,30.26
2016-01-18 07:00:00,180.6,22.9,48.18
2016-01-18 08:00:00,375.67,24.56,65.97
2016-01-18 09:00:00,537.15,25.61,67.67
2016-01-18 10:00:00,660.7,26.43,65.0
2016-01-18 11:00:00,739.12,27.01,62.6
2016-01-18 12:00:00,713.9,27.33,32.42
2016-01-18 13:00:00,652.62,27.41,54.51
2016-01-18 14:00:00,529.8,27.22,35.69
2016-01-18 15:00:00,339.75,26.73,28.25
2016-01-18 16:00:00,136.52,25.77,22.04
2016-01-18 17:00:00,8.43,24.1,11.13
2016-01-18 18:00:00,0.0,23.54,3.23
2016-01-18 19:00:00,0.0,23.23,4.03
2016-01-18 20:00:00,0.0,22.84,4.84
2016-01-18 21:00:00,0.0,22.59,24.43
2016-01-18 22:00:00,0.0,22.43,4.84
2016-01-18 23:00:00,0.0,22.47,49.4
2016-01-19 00:00:00,0.0,22.63,95.5
2016-01-19 01:00:00,0.0,22.91,42.92
2016-01-19 02:00:00,0.0,23.15,6.43
2016-01-19 03:00:00,0.0,23.12,29.9
2016-01-19 04:00:00,0.0,23.11,57.5
2016-01-19 05:00:00,0.0,23.06,29.1
2016-01-19 06:00:00,29.6,23.19,34.37
2016-01-19 07:00:00,183.62,24.04,40.12
2016-01-19 08:00:00,390.67,25.35,49.85
2016-01-19 09:00:00,545.47,26.7,44.02
2016-01-19 10:00:00,679.03,27.59,29.85
2016-01-19 11:00:00,690.1,28.15,53.4
2016-01-19 12:00:00,662.8,28.41,57.64
2016-01-19 13:00:00,593.62,28.35,44.7
2016-01-19 14:00:00,372.6,28.06,88.0
2016-01-19 15:00:00,232.68,27.44,91.35
2016-01-19 16:00:00,92.82,26.42,93.3
2016-01-19 17:00:00,5.7,24.89,98.33
2016-01-19 18:00:00,0.0,24.2,100.0
2016-01-19 19:00:00,0.0,23.83,97.08
2016-01-19 20:00:00,0.0,23.52,100.0
2016-01-19 21:00:00,0.0,23.27,100.0
2016-01-19 22:00:00,0.0,23.07,99.4
2016-01-19 23:00:00,0.0,22.92,100.0
2016-01-20 00:00:00,0.0,22.84,100.0
2016-01-20 01:00:00,0.0,22.84,99.52
2016-01-20 02:00:00,0.0,22.89,96.87
2016-01-20 03:00:00,0.0,23.0,97.66
2016-01-20 04:00:00,0.0,22.99,94.16
2016-01-20 05:00:00,0.0,23.02,81.08
2016-01-20 06:00:00,26.73,23.5,80.52
2016-01-20 07:00:00,157.7,24.92,79.8
2016-01-20 08:00:00,325.62,25.98,79.74
2016-01-20 09:00:00,465.42,26.9,87.64
2016-01-20 10:00:00,546.2,27.68,85.51
2016-01-20 11:00:00,575.17,28.2,98.13
2016-01-20 12:00:00,528.7,28.45,99.67
2016-01-20 13:00:00,453.4,28.45,99.6
2016-01-20 14:00:00,387.7,28.12,88.84
2016-01-20 15:00:00,234.35,27.59,85.94
2016-01-20 16:00:00,90.55,26.75,83.4
2016-01-20 17:00:00,6.97,25.36,78.76
2016-01-20 18:00:00,0.0,24.8,75.11
2016-01-20 19:00:00,0.0,24.45,54.12
2016-01-20 20:00:00,0.0,24.22,72.88
2016-01-20 21:00:00,0.0,24.01,67.49
2016-01-20 22:00:00,0.0,23.8,86.86
2016-01-20 23:00:00,0.0,23.62,91.88
2016-01-21 00:00:00,0.0,23.47,95.0
2016-01-21 01:00:00,0.0,23.39,100.0
2016-01-21 02:00:00,0.0,23.32,99.69
2016-01-21 03:00:00,0.0,23.31,100.0
2016-01-21 04:00:00,0.0,23.31,88.19
2016-01-21 05:00:00,0.0,23.26,98.74
2016-01-21 06:00:00,22.38,23.57,97.76
2016-01-21 07:00:00,141.52,24.46,96.72
2016-01-21 08:00:00,310.7,25.53,97.1
2016-01-21 09:00:00,518.75,26.47,57.97
2016-01-21 10:00:00,637.88,27.27,69.18
2016-01-21 11:00:00,740.38,27.97,57.15
2016-01-21 12:00:00,733.55,28.41,52.31
2016-01-21 13:00:00,670.8,28.52,12.91
2016-01-21 14:00:00,523.4,28.25,31.96
2016-01-21 15:00:00,332.67,27.77,25.53
2016-01-21 16:00:00,131.25,26.72,20.3
2016-01-21 17:00:00,8.57,24.98,13.48
2016-01-21 18:00:00,0.0,24.33,7.09
2016-01-21 19:00:00,0.0,23.95,0.81
2016-01-21 20:00:00,0.0,23.61,1.61
2016-01-21 21:00:00,0.0,23.3,0.81
2016-01-21 22:00:00,0.0,23.05,15.37
2016-01-21 23:00:00,0.0,22.88,5.62
2016-01-22 00:00:00,0.0,22.74,4.03
2016-01-22 01:00:00,0.0,22.62,5.62
2016-01-22 02:00:00,0.0,22.45,1.61
2016-01-22 03:00:00,0.0,22.3,17.73
2016-01-22 04:00:00,0.0,22.26,13.71
2016-01-22 05:00:00,0.0,22.37,29.88
2016-01-22 06:00:00,25.35,23.39,52.78
2016-01-22 07:00:00,150.38,25.02,75.38
2016-01-22 08:00:00,326.48,26.03,99.38
2016-01-22 09:00:00,474.55,26.63,97.73
2016-01-22 10:00:00,573.12,26.78,98.76
2016-01-22 11:00:00,524.65,26.7,99.83
2016-01-22 12:00:00,497.55,26.68,99.32
2016-01-22 13:00:00,568.58,26.51,90.27
2016-01-22 14:00:00,373.27,26.22,96.01
2016-01-22 15:00:00,218.18,25.84,82.26
2016-01-22 16:00:00,94.15,25.24,67.27
2016-01-22 17:00:00,7.32,24.33,53.67
2016-01-22 18:00:00,0.0,23.94,38.87
2016-01-22 19:00:00,0.0,23.78,64.56
2016-01-22 20:00:00,0.0,23.65,54.06
2016-01-22 21:00:00,0.0,23.52,59.11
2016-01-22 22:00:00,0.0,23.44,43.58
2016-01-22 23:00:00,0.0,23.38,55.69
2016-01-23 00:00:00,0.0,23.32,36.31
2016-01-23 01:00:00,0.0,23.28,67.81
2016-01-23 02:00:00,0.0,23.34,45.27
2016-01-23 03:00:00,0.0,23.46,62.21
2016-01-23 04:00:00,0.0,23.57,58.17
2016-01-23 05:00:00,0.0,23.62,52.52
2016-01-23 06:00:00,20.92,24.06,68.18
2016-01-23 07:00:00,108.38,25.0,84.06
2016-01-23 08:00:00,217.27,26.07,99.8
2016-01-23 09:00:00,412.65,26.93,89.33
2016-01-23 10:00:00,496.38,27.43,94.68
2016-01-23 11:00:00,473.33,27.73,98.07
2016-01-23 12:00:00,357.62,27.85,93.58
2016-01-23 13:00:00,302.55,27.73,99.56
2016-01-23 14:00:00,275.0,27.39,99.74
2016-01-23 15:00:00,182.82,26.73,83.78
2016-01-23 16:00:00,89.65,25.88,66.85
2016-01-23 17:00:00,8.15,24.83,47.47
2016-01-23 18:00:00,0.0,24.39,29.08
2016-01-23 19:00:00,0.0,24.13,47.61
2016-01-23 20:00:00,0.0,23.95,32.33
2016-01-23 21:00:00,0.0,23.84,61.33
2016-01-23 22:00:00,0.0,23.76,87.07
2016-01-23 23:00:00,0.0,23.71,91.21
2016-01-24 00:00:00,0.0,23.57,62.18
2016-01-24 01:00:00,0.0,23.43,69.09
2016-01-24 02:00:00,0.0,23.32,71.04
2016-01-24 03:00:00,0.0,23.26,85.58
2016-01-24 04:00:00,0.0,23.21,47.68
2016-01-24 05:00:00,0.0,23.2,33.94
2016-01-24 06:00:00,29.3,23.92,46.39
2016-01-24 07:00:00,168.35,25.14,59.33
2016-01-24 08:00:00,359.17,26.21,71.67
2016-01-24 09:00:00,535.4,27.1,60.93
2016-01-24 10:00:00,666.72,27.64,36.0
2016-01-24 11:00:00,725.65,27.88,58.84
2016-01-24 12:00:00,715.7,28.06,49.32
2016-01-24 13:00:00,631.28,27.99,38.52
2016-01-24 14:00:00,495.85,27.63,50.02
2016-01-24 15:00:00,319.73,27.1,39.0
2016-01-24 16:00:00,133.32,26.22,28.15
2016-01-24 17:00:00,9.93,25.16,13.72
2016-01-24 18:00:00,0.0,24.63,1.61
2016-01-24 19:00:00,0.0,24.3,1.99
2016-01-24 20:00:00,0.0,23.99,2.36
2016-01-24 21:00:00,0.0,23.74,2.73
2016-01-24 22:00:00,0.0,23.57,2.98
2016-01-24 23:00:00,0.0,23.54,3.23
2016-01-25 00:00:00,0.0,23.41,2.42
2016-01-25 01:00:00,0.0,23.26,0.14
2016-01-25 02:00:00,0.0,23.03,0.81
2016-01-25 03:00:00,0.0,22.92,15.18
2016-01-25 04:00:00,0.0,22.87,29.56
2016-01-25 05:00:00,0.0,22.8,43.95
2016-01-25 06:00:00,30.4,23.57,58.23
2016-01-25 07:00:00,179.75,25.25,72.08
2016-01-25 08:00:00,367.4,26.41,86.69
2016-01-25 09:00:00,564.83,27.32,43.05
2016-01-25 10:00:00,671.22,28.05,62.12
2016-01-25 11:00:00,734.47,28.52,73.36
2016-01-25 12:00:00,698.85,28.73,49.43
2016-01-25 13:00:00,648.17,28.72,62.05
2016-01-25 14:00:00,516.58,28.39,41.38
2016-01-25 15:00:00,324.08,27.84,35.76
2016-01-25 16:00:00,126.38,26.92,31.52
2016-01-25 17:00:00,9.6,25.37,26.56
2016-01-25 18:00:00,0.0,24.68,21.44
2016-01-25 19:00:00,0.0,24.31,16.31
2016-01-25 20:00:00,0.0,23.96,11.19
2016-01-25 21:00:00,0.0,23.63,6.07
2016-01-25 22:00:00,0.0,23.31,0.95
2016-01-25 23:00:00,0.0,23.06,0.56
2016-01-26 00:00:00,0.0,22.89,0.18
2016-01-26 01:00:00,0.0,22.8,2.1
2016-01-26 02:00:00,0.0,22.8,4.03
2016-01-26 03:00:00,0.0,22.77,1.61
2016-01-26 04:00:00,0.0,22.78,4.03
2016-01-26 05:00:00,0.0,22.91,25.4
2016-01-26 06:00:00,29.42,23.37,46.64
2016-01-26 07:00:00,175.77,24.96,67.43
2016-01-26 08:00:00,360.12,26.07,89.1
2016-01-26 09:00:00,524.95,27.0,70.47
2016-01-26 10:00:00,678.53,27.78,28.66
2016-01-26 11:00:00,761.08,28.35,56.3
2016-01-26 12:00:00,753.7,28.66,47.61
2016-01-26 13:00:00,690.0,28.73,14.21
2016-01-26 14:00:00,537.97,28.52,25.39
2016-01-26 15:00:00,344.1,28.0,19.36
2016-01-26 16:00:00,139.43,26.97,14.16
2016-01-26 17:00:00,10.57,25.16,8.28
2016-01-26 18:00:00,0.0,24.31,2.42
2016-01-26 19:00:00,0.0,23.81,0.81
2016-01-26 20:00:00,0.0,23.38,1.61
2016-01-26 21:00:00,0.0,23.0,0.81
2016-01-26 22:00:00,0.0,22.67,2.16
2016-01-26 23:00:00,0.0,22.43,0.81
2016-01-27 00:00:00,0.0,22.33,1.45
2016-01-27 01:00:00,0.0,22.36,2.1
2016-01-27 02:00:00,0.0,22.33,2.42
2016-01-27 03:00:00,0.0,22.4,6.35
2016-01-27 04:00:00,0.0,22.3,8.79
2016-01-27 05:00:00,0.0,22.19,8.79
2016-01-27 06:00:00,29.83,22.55,14.1
2016-01-27 07:00:00,185.15,24.07,17.29
2016-01-27 08:00:00,383.23,25.79,21.74
2016-01-27 09:00:00,566.95,26.95,24.2
2016-01-27 10:00:00,678.38,27.9,15.74
2016-01-27 11:00:00,823.72,28.58,21.78
2016-01-27 12:00:00,794.65,28.95,21.4
2016-01-27 13:00:00,713.92,28.99,23.0
2016-01-27 14:00:00,557.5,28.73,21.07
2016-01-27 15:00:00,363.9,28.18,17.43
2016-01-27 16:00:00,149.5,27.05,13.76
2016-01-27 17:00:00,11.5,24.91,10.23
2016-01-27 18:00:00,0.0,24.07,6.29
2016-01-27 19:00:00,0.0,23.59,2.42
2016-01-27 20:00:00,0.0,23.19,7.23
2016-01-27 21:00:00,0.0,22.85,0.04
2016-01-27 22:00:00,0.0,22.53,6.41
2016-01-27 23:00:00,0.0,22.28,5.62
2016-01-28 00:00:00,0.0,22.14,23.39
2016-01-28 01:00:00,0.0,22.15,15.64
2016-01-28 02:00:00,0.0,22.18,7.2
2016-01-28 03:00:00,0.0,22.25,12.03
2016-01-28 04:00:00,0.0,21.83,10.42
2016-01-28 05:00:00,0.0,21.43,10.43
2016-01-28 06:00:00,31.88,21.9,17.7
2016-01-28 07:00:00,195.18,23.5,22.28
2016-01-28 08:00:00,405.02,25.4,30.55
2016-01-28 09:00:00,597.65,26.83,24.97
2016-01-28 10:00:00,749.1,28.08,4.84
2016-01-28 11:00:00,830.17,28.93,33.01
2016-01-28 12:00:00,817.55,29.45,28.84
2016-01-28 13:00:00,747.88,29.62,1.64
2016-01-28 14:00:00,581.35,29.45,23.31
2016-01-28 15:00:00,381.45,28.94,18.17
2016-01-28 16:00:00,162.23,27.85,13.69
2016-01-28 17:00:00,12.77,25.44,8.33
2016-01-28 18:00:00,0.0,24.39,3.23
2016-01-28 19:00:00,0.0,23.77,3.23
2016-01-28 20:00:00,0.0,23.29,6.38
2016-01-28 21:00:00,0.0,22.87,4.84
2016-01-28 22:00:00,0.0,22.55,0.44
2016-01-28 23:00:00,0.0,22.39,10.38
2016-01-29 00:00:00,0.0,22.37,5.23
2016-01-29 01:00:00,0.0,22.31,0.0
2016-01-29 02:00:00,0.0,22.38,10.35
2016-01-29 03:00:00,0.0,22.09,9.56
2016-01-29 04:00:00,0.0,21.5,11.16
2016-01-29 05:00:00,0.0,21.06,13.58
2016-01-29 06:00:00,33.22,21.52,20.62
2016-01-29 07:00:00,205.0,23.27,27.48
2016-01-29 08:00:00,419.6,25.27,34.29
2016-01-29 09:00:00,614.97,26.87,25.84
2016-01-29 10:00:00,733.72,28.3,4.13
2016-01-29 11:00:00,834.53,29.15,26.42
2016-01-29 12:00:00,818.22,29.58,24.53
2016-01-29 13:00:00,729.62,29.59,17.08
2016-01-29 14:00:00,575.38,29.33,19.29
2016-01-29 15:00:00,373.83,28.57,15.16
2016-01-29 16:00:00,157.25,27.09,12.45
2016-01-29 17:00:00,12.77,24.72,9.6
2016-01-29 18:00:00,0.0,23.79,5.96
2016-01-29 19:00:00,0.0,23.27,2.42
2016-01-29 20:00:00,0.0,22.82,6.37
2016-01-29 21:00:00,0.0,22.45,0.31
2016-01-29 22:00:00,0.0,22.16,7.19
2016-01-29 23:00:00,0.0,22.04,7.19
2016-01-30 00:00:00,0.0,22.11,7.19
2016-01-30 01:00:00,0.0,22.16,7.13
2016-01-30 02:00:00,0.0,22.12,6.56
2016-01-30 03:00:00,0.0,21.79,23.11
2016-01-30 04:00:00,0.0,21.26,27.8
2016-01-30 05:00:00,0.0,20.71,26.71
2016-01-30 06:00:00,32.97,21.3,46.63
2016-01-30 07:00:00,190.52,23.19,66.7
2016-01-30 08:00:00,389.75,24.97,87.34
2016-01-30 09:00:00,603.08,26.47,18.07
2016-01-30 10:00:00,720.75,27.77,48.06
2016-01-30 11:00:00,818.03,28.63,38.1
2016-01-30 12:00:00,823.4,29.08,13.08
2016-01-30 13:00:00,727.2,29.22,38.38
2016-01-30 14:00:00,590.35,29.08,27.55
2016-01-30 15:00:00,389.42,28.58,21.44
2016-01-30 16:00:00,169.98,27.37,15.53
2016-01-30 17:00:00,14.15,25.03,7.29
2016-01-30 18:00:00,0.0,24.1,0.81
2016-01-30 19:00:00,0.0,23.57,1.61
2016-01-30 20:00:00,0.0,23.11,14.43
2016-01-30 21:00:00,0.0,22.73,24.02
2016-01-30 22:00:00,0.0,22.45,40.8
2016-01-30 23:00:00,0.0,22.32,26.5
2016-01-31 00:00:00,0.0,22.27,29.16
2016-01-31 01:00:00,0.0,22.32,30.89
2016-01-31 02:00:00,0.0,22.0,40.06
2016-01-31 03:00:00,0.0,21.29,36.73
2016-01-31 04:00:00,0.0,20.83,52.84
2016-01-31 05:00:00,0.0,20.51,67.5
2016-01-31 06:00:00,38.95,21.13,60.28
2016-01-31 07:00:00,223.18,22.77,55.05
2016-01-31 08:00:00,441.65,24.7,49.63
2016-01-31 09:00:00,645.12,26.24,48.48
2016-01-31 10:00:00,780.6,27.69,55.18
2016-01-31 11:00:00,821.35,28.75,95.03
2016-01-31 12:00:00,767.15,29.26,84.3
2016-01-31 13:00:00,727.3,29.34,91.59
2016-01-31 14:00:00,563.78,28.99,90.7
2016-01-31 15:00:00,365.15,28.2,90.51
2016-01-31 16:00:00,156.18,26.66,90.62
2016-01-31 17:00:00,16.33,24.26,90.49
2016-01-31 18:00:00,0.0,23.31,90.25
2016-01-31 19:00:00,0.0,22.77,91.97
2016-01-31 20:00:00,0.0,22.31,95.3
2016-01-31 21:00:00,0.0,21.91,99.97
2016-01-31 22:00:00,0.0,21.7,96.42
2016-01-31 23:00:00,0.0,21.72,98.14
2016-02-01 00:00:00,0.0,21.78,98.95
2016-02-01 01:00:00,0.0,21.69,99.48
2016-02-01 02:00:00,0.0,21.15,59.48
2016-02-01 03:00:00,0.0,20.59,59.64
2016-02-01 04:00:00,0.0,20.04,62.37
2016-02-01 05:00:00,0.0,19.61,70.21
2016-02-01 06:00:00,42.12,20.46,65.58
2016-02-01 07:00:00,233.23,22.42,62.8
2016-02-01 08:00:00,463.0,24.31,60.08
2016-02-01 09:00:00,666.88,25.94,63.85
2016-02-01 10:00:00,821.28,27.36,42.64
2016-02-01 11:00:00,832.33,28.36,38.05
2016-02-01 12:00:00,847.1,28.94,48.3
2016-02-01 13:00:00,760.42,29.14,50.26
2016-02-01 14:00:00,606.25,28.93,59.98
2016-02-01 15:00:00,393.75,28.34,51.31
2016-02-01 16:00:00,179.7,27.04,42.42
2016-02-01 17:00:00,16.35,24.53,32.02
2016-02-01 18:00:00,0.0,23.55,22.58
2016-02-01 19:00:00,0.0,23.05,12.91
2016-02-01 20:00:00,0.0,22.61,21.75
2016-02-01 21:00:00,0.0,22.21,15.32
2016-02-01 22:00:00,0.0,21.9,3.47
2016-02-01 23:00:00,0.0,21.73,8.05
2016-02-02 00:00:00,0.0,21.61,1.7
2016-02-02 01:00:00,0.0,21.27,6.49
2016-02-02 02:00:00,0.0,20.95,11.26
2016-02-02 03:00:00,0.0,20.47,11.23
2016-02-02 04:00:00,0.0,19.84,9.64
2016-02-02 05:00:00,0.0,19.42,12.86
2016-02-02 06:00:00,46.7,20.31,20.41
2016-02-02 07:00:00,243.73,22.22,29.22
2016-02-02 08:00:00,469.25,24.34,35.24
2016-02-02 09:00:00,624.12,25.93,54.93
2016-02-02 10:00:00,827.55,27.26,78.33
2016-02-02 11:00:00,829.0,28.43,45.16
2016-02-02 12:00:00,832.15,29.42,60.83
2016-02-02 13:00:00,760.47,29.78,89.32
2016-02-02 14:00:00,610.75,29.69,51.38
2016-02-02 15:00:00,407.33,29.06,40.47
2016-02-02 16:00:00,182.35,27.6,29.56
2016-02-02 17:00:00,16.42,24.72,17.11
2016-02-02 18:00:00,0.0,23.55,5.63
2016-02-02 19:00:00,0.0,22.93,7.24
2016-02-02 20:00:00,0.0,22.48,9.64
2016-02-02 21:00:00,0.0,22.18,8.07
2016-02-02 22:00:00,0.0,21.99,8.08
2016-02-02 23:00:00,0.0,21.82,6.48
2016-02-03 00:00:00,0.0,21.59,36.61
2016-02-03 01:00:00,0.0,21.23,66.11
2016-02-03 02:00:00,0.0,20.87,21.11
2016-02-03 03:00:00,0.0,20.49,31.62
2016-02-03 04:00:00,0.0,20.09,31.54
2016-02-03 05:00:00,0.0,19.76,27.66
2016-02-03 06:00:00,42.12,20.71,42.09
2016-02-03 07:00:00,219.75,22.71,57.32
2016-02-03 08:00:00,451.6,24.55,72.55
2016-02-03 09:00:00,648.97,25.97,54.26
2016-02-03 10:00:00,803.03,27.18,36.26
2016-02-03 11:00:00,843.67,28.57,26.61
2016-02-03 12:00:00,698.72,29.43,4.43
2016-02-03 13:00:00,742.62,29.79,26.11
2016-02-03 14:00:00,597.3,29.68,23.54
2016-02-03 15:00:00,394.95,29.11,18.9
2016-02-03 16:00:00,174.52,27.73,13.9
2016-02-03 17:00:00,15.52,25.12,8.23
2016-02-03 18:00:00,0.0,24.01,3.23
2016-02-03 19:00:00,0.0,23.37,2.42
2016-02-03 20:00:00,0.0,22.87,1.61
2016-02-03 21:00:00,0.0,22.46,0.8
2016-02-03 22:00:00,0.0,22.1,8.0
2016-02-03 23:00:00,0.0,21.78,2.42
2016-02-04 00:00:00,0.0,21.55,0.0
2016-02-04 01:00:00,0.0,21.38,2.02
2016-02-04 02:00:00,0.0,21.29,4.03
2016-02-04 03:00:00,0.0,21.11,8.77
2016-02-04 04:00:00,0.0,20.78,3.23
2016-02-04 05:00:00,0.0,20.45,8.76
2016-02-04 06:00:00,39.67,21.41,20.11
2016-02-04 07:00:00,227.4,23.58,32.03
2016-02-04 08:00:00,445.3,25.39,44.11
2016-02-04 09:00:00,643.95,26.97,30.52
2016-02-04 10:00:00,733.35,28.51,3.41
2016-02-04 11:00:00,830.72,29.48,24.85
2016-02-04 12:00:00,816.03,29.94,28.52
2016-02-04 13:00:00,727.85,30.0,2.72
2016-02-04 14:00:00,581.58,29.7,23.33
2016-02-04 15:00:00,373.85,28.9,34.37
2016-02-04 16:00:00,159.07,27.42,45.19
2016-02-04 17:00:00,14.8,25.08,59.09
2016-02-04 18:00:00,0.0,24.22,71.76
2016-02-04 19:00:00,0.0,23.81,96.7
2016-02-04 20:00:00,0.0,23.46,42.23
2016-02-04 21:00:00,0.0,23.22,15.39
2016-02-04 22:00:00,0.0,23.06,32.12
2016-02-04 23:00:00,0.0,23.11,3.23
2016-02-05 00:00:00,0.0,23.15,6.78
2016-02-05 01:00:00,0.0,23.25,9.36
2016-02-05 02:00:00,0.0,23.22,13.5
2016-02-05 03:00:00,0.0,23.27,29.2
2016-02-05 04:00:00,0.0,23.27,29.54
2016-02-05 05:00:00,0.0,23.22,8.79
2016-02-05 06:00:00,39.08,23.65,36.05
2016-02-05 07:00:00,194.6,25.14,63.45
2016-02-05 08:00:00,423.33,26.48,90.69
2016-02-05 09:00:00,610.78,27.61,70.01
2016-02-05 10:00:00,716.17,28.64,44.57
2016-02-05 11:00:00,809.15,29.32,55.22
2016-02-05 12:00:00,798.62,29.68,60.62
2016-02-05 13:00:00,607.67,29.7,64.3
2016-02-05 14:00:00,562.83,29.41,57.17
2016-02-05 15:00:00,344.02,28.74,52.92
2016-02-05 16:00:00,154.12,27.43,48.24
2016-02-05 17:00:00,14.93,25.11,44.52
2016-02-05 18:00:00,0.0,24.23,39.76
2016-02-05 19:00:00,0.0,23.79,34.79
2016-02-05 20:00:00,0.0,23.42,30.65
2016-02-05 21:00:00,0.0,23.06,17.71
2016-02-05 22:00:00,0.0,22.73,18.49
2016-02-05 23:00:00,0.0,22.47,34.71
2016-02-06 00:00:00,0.0,22.43,54.89
2016-02-06 01:00:00,0.0,22.55,75.1
2016-02-06 02:00:00,0.0,22.56,95.74
2016-02-06 03:00:00,0.0,22.61,82.12
2016-02-06 04:00:00,0.0,22.5,81.98
2016-02-06 05:00:00,0.0,22.31,82.12
2016-02-06 06:00:00,34.05,22.75,87.65
2016-02-06 07:00:00,190.52,24.52,92.01
2016-02-06 08:00:00,386.15,26.29,97.64
2016-02-06 09:00:00,559.2,27.56,97.03
2016-02-06 10:00:00,651.88,28.59,99.04
2016-02-06 11:00:00,690.8,29.29,96.63
2016-02-06 12:00:00,743.67,29.7,95.03
2016-02-06 13:00:00,653.0,29.8,87.62
2016-02-06 14:00:00,524.03,29.58,98.23
2016-02-06 15:00:00,338.75,28.97,83.58
2016-02-06 16:00:00,144.85,27.72,70.18
2016-02-06 17:00:00,15.35,25.61,54.87
2016-02-06 18:00:00,0.0,24.83,40.5
2016-02-06 19:00:00,0.0,24.46,62.26
2016-02-06 20:00:00,0.0,24.12,47.25
2016-02-06 21:00:00,0.0,23.79,53.6
2016-02-06 22:00:00,0.0,23.48,98.96
2016-02-06 23:00:00,0.0,23.2,79.46
2016-02-07 00:00:00,0.0,23.04,88.26
2016-02-07 01:00:00,0.0,23.17,97.29
2016-02-07 02:00:00,0.0,23.41,82.36
2016-02-07 03:00:00,0.0,23.47,88.0
2016-02-07 04:00:00,0.0,23.0,69.6
2016-02-07 05:00:00,0.0,22.48,63.64
2016-02-07 06:00:00,35.38,23.08,73.69
2016-02-07 07:00:00,198.98,24.65,82.63
2016-02-07 08:00:00,402.23,26.41,92.36
2016-02-07 09:00:00,558.58,27.9,82.74
2016-02-07 10:00:00,719.08,28.98,69.53
2016-02-07 11:00:00,837.6,29.75,40.8
2016-02-07 12:00:00,775.58,30.26,32.51
2016-02-07 13:00:00,745.53,30.45,40.69
2016-02-07 14:00:00,596.58,30.33,41.17
2016-02-07 15:00:00,384.58,29.83,35.47
2016-02-07 16:00:00,180.38,28.66,29.19
2016-02-07 17:00:00,18.05,26.39,22.96
2016-02-07 18:00:00,0.0,25.5,16.0
2016-02-07 19:00:00,0.0,25.08,0.81
2016-02-07 20:00:00,0.0,24.68,0.43
2016-02-07 21:00:00,0.0,24.31,0.06
2016-02-07 22:00:00,0.0,23.97,1.61
2016-02-07 23:00:00,0.0,23.69,8.02
2016-02-08 00:00:00,0.0,23.51,7.39
2016-02-08 01:00:00,0.0,23.52,6.68
2016-02-08 02:00:00,0.0,23.54,4.03
2016-02-08 03:00:00,0.0,23.43,0.81
2016-02-08 04:00:00,0.0,23.29,4.03
2016-02-08 05:00:00,0.0,23.2,2.42
2016-02-08 06:00:00,40.15,23.86,21.46
2016-02-08 07:00:00,221.52,25.53,40.68
2016-02-08 08:00:00,427.08,26.95,60.13
2016-02-08 09:00:00,628.75,28.1,30.94
2016-02-08 10:00:00,761.6,29.05,54.43
2016-02-08 11:00:00,821.1,29.76,35.91
2016-02-08 12:00:00,818.58,30.14,14.22
2016-02-08 13:00:00,726.58,30.18,33.78
2016-02-08 14:00:00,578.2,29.88,29.56
2016-02-08 15:00:00,377.45,29.22,22.5
2016-02-08 16:00:00,163.07,27.96,15.83
2016-02-08 17:00:00,15.77,25.9,9.31
2016-02-08 18:00:00,0.0,24.98,2.42
2016-02-08 19:00:00,0.0,24.48,4.03
2016-02-08 20:00:00,0.0,24.04,1.61
2016-02-08 21:00:00,0.0,23.63,0.81
2016-02-08 22:00:00,0.0,23.24,0.01
2016-02-08 23:00:00,0.0,22.9,0.81
2016-02-09 00:00:00,0.0,22.61,0.51
2016-02-09 01:00:00,0.0,22.45,0.22
2016-02-09 02:00:00,0.0,22.35,11.96
2016-02-09 03:00:00,0.0,22.25,31.27
2016-02-09 04:00:00,0.0,22.18,23.28
2016-02-09 05:00:00,0.0,22.35,42.85
2016-02-09 06:00:00,35.9,23.12,50.1
2016-02-09 07:00:00,204.3,24.82,57.23
2016-02-09 08:00:00,417.73,26.23,65.29
2016-02-09 09:00:00,600.45,27.52,41.55
2016-02-09 10:00:00,776.4,28.69,18.9
2016-02-09 11:00:00,857.08,29.62,27.34
2016-02-09 12:00:00,845.92,30.21,23.5
2016-02-09 13:00:00,771.78,30.43,9.81
2016-02-09 14:00:00,607.92,30.3,22.51
2016-02-09 15:00:00,403.42,29.7,17.89
2016-02-09 16:00:00,178.7,28.32,13.77
2016-02-09 17:00:00,17.3,25.72,10.41
2016-02-09 18:00:00,0.0,24.65,5.96
2016-02-09 19:00:00,0.0,24.09,1.61
2016-02-09 20:00:00,0.0,23.61,1.61
2016-02-09 21:00:00,0.0,23.15,4.11
2016-02-09 22:00:00,0.0,22.72,2.42
2016-02-09 23:00:00,0.0,22.41,3.23
2016-02-10 00:00:00,0.0,22.35,3.17
2016-02-10 01:00:00,0.0,22.38,3.11
2016-02-10 02:00:00,0.0,22.46,4.03
2016-02-10 03:00:00,0.0,22.24,5.5
2016-02-10 04:00:00,0.0,21.96,7.86
2016-02-10 05:00:00,0.0,21.79,13.6
2016-02-10 06:00:00,40.5,22.61,26.77
2016-02-10 07:00:00,220.93,24.38,40.5
2016-02-10 08:00:00,439.65,25.91,55.52
2016-02-10 09:00:00,660.95,27.39,24.11
2016-02-10 10:00:00,790.45,29.04,37.85
2016-02-10 11:00:00,854.2,30.19,27.17
2016-02-10 12:00:00,824.4,30.84,57.22
2016-02-10 13:00:00,752.17,31.05,22.98
2016-02-10 14:00:00,582.0,30.82,26.79
2016-02-10 15:00:00,387.65,30.14,20.54
2016-02-10 16:00:00,172.85,28.67,13.53
2016-02-10 17:00:00,17.4,25.84,9.48
2016-02-10 18:00:00,0.0,24.67,3.23
2016-02-10 19:00:00,0.0,24.03,9.73
2016-02-10 20:00:00,0.0,23.53,22.52
2016-02-10 21:00:00,0.0,23.1,34.51
2016-02-10 22:00:00,0.0,22.73,52.44
2016-02-10 23:00:00,0.0,22.41,57.05
2016-02-11 00:00:00,0.0,22.18,94.78
2016-02-11 01:00:00,0.0,22.11,68.89
2016-02-11 02:00:00,0.0,21.96,42.9
2016-02-11 03:00:00,0.0,21.68,45.28
2016-02-11 04:00:00,0.0,21.4,55.7
2016-02-11 05:00:00,0.0,21.19,64.5
2016-02-11 06:00:00,38.08,22.35,73.62
2016-02-11 07:00:00,204.82,24.47,86.58
2016-02-11 08:00:00,407.05,26.34,98.48
2016-02-11 09:00:00,586.08,27.98,96.95
2016-02-11 10:00:00,751.5,29.29,76.12
2016-02-11 11:00:00,828.45,30.15,81.14
2016-02-11 12:00:00,821.47,30.68,80.15
2016-02-11 13:00:00,736.33,30.85,68.85
2016-02-11 14:00:00,587.75,30.68,84.7
2016-02-11 15:00:00,390.17,30.13,64.32
2016-02-11 16:00:00,176.95,28.88,43.64
2016-02-11 17:00:00,18.55,26.29,23.28
2016-02-11 18:00:00,0.0,25.17,2.42
2016-02-11 19:00:00,0.0,24.52,7.23
2016-02-11 20:00:00,0.0,23.94,4.84
2016-02-11 21:00:00,0.0,23.44,7.95
2016-02-11 22:00:00,0.0,23.03,9.56
2016-02-11 23:00:00,0.0,22.71,4.84
2016-02-12 00:00:00,0.0,22.44,22.17
2016-02-12 01:00:00,0.0,22.27,39.23
2016-02-12 02:00:00,0.0,22.12,12.07
2016-02-12 03:00:00,0.0,21.92,10.46
2016-02-12 04:00:00,0.0,21.67,4.84
2016-02-12 05:00:00,0.0,21.42,6.42
2016-02-12 06:00:00,42.25,22.56,35.94
2016-02-12 07:00:00,219.5,24.65,65.54
2016-02-12 08:00:00,435.75,26.64,95.52
2016-02-12 09:00:00,634.17,28.28,76.96
2016-02-12 10:00:00,655.75,29.64,84.31
2016-02-12 11:00:00,787.7,30.53,72.23
2016-02-12 12:00:00,738.5,31.06,88.45
2016-02-12 13:00:00,715.58,31.25,92.27
2016-02-12 14:00:00,561.05,31.07,90.03
2016-02-12 15:00:00,360.3,30.4,86.63
2016-02-12 16:00:00,159.15,29.07,83.32
2016-02-12 17:00:00,17.95,26.52,80.66
2016-02-12 18:00:00,0.0,25.37,77.48
2016-02-12 19:00:00,0.0,24.72,62.56
2016-02-12 20:00:00,0.0,24.23,51.82
2016-02-12 21:00:00,0.0,23.85,30.65
2016-02-12 22:00:00,0.0,23.52,12.06
2016-02-12 23:00:00,0.0,23.25,9.66
2016-02-13 00:00:00,0.0,23.1,85.12
2016-02-13 01:00:00,0.0,23.11,44.85
2016-02-13 02:00:00,0.0,23.08,4.03
2016-02-13 03:00:00,0.0,22.86,7.11
2016-02-13 04:00:00,0.0,22.58,4.03
2016-02-13 05:00:00,0.0,22.33,28.02
2016-02-13 06:00:00,40.97,23.34,50.92
2016-02-13 07:00:00,210.2,25.31,75.69
2016-02-13 08:00:00,421.5,27.21,99.63
2016-02-13 09:00:00,583.45,28.94,89.25
2016-02-13 10:00:00,736.97,30.23,36.44
2016-02-13 11:00:00,838.4,31.0,52.23
2016-02-13 12:00:00,805.03,31.41,54.71
2016-02-13 13:00:00,753.3,31.51,33.29
2016-02-13 14:00:00,578.7,31.29,71.8
2016-02-13 15:00:00,381.02,30.64,56.5
2016-02-13 16:00:00,172.5,29.29,41.53
2016-02-13 17:00:00,19.05,26.75,25.24
2016-02-13 18:00:00,0.0,25.64,8.09
2016-02-13 19:00:00,0.0,25.01,1.61
2016-02-13 20:00:00,0.0,24.47,4.03
2016-02-13 21:00:00,0.0,24.0,3.23
2016-02-13 22:00:00,0.0,23.66,8.76
2016-02-13 23:00:00,0.0,23.36,7.24
2016-02-14 00:00:00,0.0,23.09,10.86
2016-02-14 01:00:00,0.0,22.88,14.33
2016-02-14 02:00:00,0.0,22.7,4.03
2016-02-14 03:00:00,0.0,22.58,2.42
2016-02-14 04:00:00,0.0,22.46,5.59
2016-02-14 05:00:00,0.0,22.53,7.23
2016-02-14 06:00:00,51.38,23.36,18.21
2016-02-14 07:00:00,256.67,25.3,31.13
2016-02-14 08:00:00,479.17,26.93,42.14
2016-02-14 09:00:00,675.58,28.31,29.34
2016-02-14 10:00:00,829.85,29.41,12.06
2016-02-14 11:00:00,892.4,30.09,33.37
2016-02-14 12:00:00,875.05,30.42,30.53
2016-02-14 13:00:00,807.78,30.38,22.54
2016-02-14 14:00:00,638.85,29.94,37.37
2016-02-14 15:00:00,434.3,29.1,29.33
2016-02-14 16:00:00,204.95,27.71,21.43
2016-02-14 17:00:00,22.6,25.33,11.18
2016-02-14 18:00:00,0.0,24.33,2.42
2016-02-14 19:00:00,0.0,23.89,4.03
2016-02-14 20:00:00,0.0,23.53,5.59
2016-02-14 21:00:00,0.0,23.26,0.25
2016-02-14 22:00:00,0.0,23.17,8.82
2016-02-14 23:00:00,0.0,23.25,7.22
2016-02-15 00:00:00,0.0,23.31,8.4
2016-02-15 01:00:00,0.0,23.37,9.54
2016-02-15 02:00:00,0.0,23.41,10.54
2016-02-15 03:00:00,0.0,23.26,4.03
2016-02-15 04:00:00,0.0,23.12,4.03
2016-02-15 05:00:00,0.0,22.96,7.21
2016-02-15 06:00:00,59.58,23.75,24.26
2016-02-15 07:00:00,263.58,25.82,40.91
2016-02-15 08:00:00,474.35,27.68,53.92
2016-02-15 09:00:00,644.7,28.82,44.86
2016-02-15 10:00:00,761.53,29.77,48.09
2016-02-15 11:00:00,831.75,30.45,39.91
2016-02-15 12:00:00,866.17,30.78,29.44
2016-02-15 13:00:00,793.35,30.69,30.77
2016-02-15 14:00:00,634.65,30.2,35.29
2016-02-15 15:00:00,432.1,29.45,29.49
2016-02-15 16:00:00,205.8,28.23,24.13
2016-02-15 17:00:00,23.45,26.26,15.39
2016-02-15 18:00:00,0.0,25.27,8.7
2016-02-15 19:00:00,0.0,24.78,2.42
2016-02-15 20:00:00,0.0,24.38,0.81
2016-02-15 21:00:00,0.0,24.01,0.81
2016-02-15 22:00:00,0.0,23.68,0.57
2016-02-15 23:00:00,0.0,23.43,4.84
2016-02-16 00:00:00,0.0,23.3,2.66
2016-02-16 01:00:00,0.0,23.18,0.49
2016-02-16 02:00:00,0.0,23.07,4.84
2016-02-16 03:00:00,0.0,22.88,2.42
2016-02-16 04:00:00,0.0,22.76,7.19
2016-02-16 05:00:00,0.0,22.69,4.03
2016-02-16 06:00:00,49.58,23.66,18.93
2016-02-16 07:00:00,247.6,25.6,32.97
2016-02-16 08:00:00,466.3,27.24,46.95
2016-02-16 09:00:00,650.22,28.7,54.58
2016-02-16 10:00:00,797.33,29.99,37.45
2016-02-16 11:00:00,893.08,30.8,34.3
2016-02-16 12:00:00,890.17,31.21,30.18
2016-02-16 13:00:00,792.97,31.23,18.93
2016-02-16 14:00:00,670.2,30.87,24.17
2016-02-16 15:00:00,450.83,30.06,21.52
2016-02-16 16:00:00,222.05,28.69,19.19
2016-02-16 17:00:00,26.15,26.45,13.68
2016-02-16 18:00:00,0.0,25.31,9.68
2016-02-16 19:00:00,0.0,24.7,8.15
2016-02-16 20:00:00,0.0,24.13,12.15
2016-02-16 21:00:00,0.0,23.68,64.3
2016-02-16 22:00:00,0.0,23.34,6.33
2016-02-16 23:00:00,0.0,23.07,8.76
2016-02-17 00:00:00,0.0,22.83,12.72
2016-02-17 01:00:00,0.0,22.6,16.28
2016-02-17 02:00:00,0.0,22.4,1.61
2016-02-17 03:00:00,0.0,22.26,1.61
2016-02-17 04:00:00,0.0,22.2,2.42
2016-02-17 05:00:00,0.0,22.21,3.23
2016-02-17 06:00:00,52.05,23.7,18.86
2016-02-17 07:00:00,241.93,25.79,36.26
2016-02-17 08:00:00,440.15,27.44,52.69
2016-02-17 09:00:00,663.33,28.77,51.07
2016-02-17 10:00:00,804.97,29.84,64.71
2016-02-17 11:00:00,865.65,30.59,60.78
2016-02-17 12:00:00,811.4,31.0,44.48
2016-02-17 13:00:00,760.6,31.03,63.46
2016-02-17 14:00:00,595.5,30.62,50.45
2016-02-17 15:00:00,417.12,29.75,59.61
2016-02-17 16:00:00,196.15,28.44,50.04
2016-02-17 17:00:00,23.15,26.82,41.82
2016-02-17 18:00:00,0.0,26.0,32.25
2016-02-17 19:00:00,0.0,25.57,23.38
2016-02-17 20:00:00,0.0,25.2,14.51
2016-02-17 21:00:00,0.0,25.08,5.62
2016-02-17 22:00:00,0.0,24.99,12.58
2016-02-17 23:00:00,0.0,24.94,7.28
2016-02-18 00:00:00,0.0,24.85,1.65
2016-02-18 01:00:00,0.0,24.71,2.18
2016-02-18 02:00:00,0.0,24.57,2.7
2016-02-18 03:00:00,0.0,24.41,3.23
2016-02-18 04:00:00,0.0,24.33,1.61
2016-02-18 05:00:00,0.0,24.26,6.38
2016-02-18 06:00:00,60.3,25.31,17.5
2016-02-18 07:00:00,269.08,26.87,30.85
2016-02-18 08:00:00,486.42,28.0,39.69
2016-02-18 09:00:00,698.33,29.23,27.66
2016-02-18 10:00:00,726.0,30.23,2.7
2016-02-18 11:00:00,908.65,30.97,23.57
2016-02-18 12:00:00,897.8,31.35,23.34
2016-02-18 13:00:00,743.25,31.36,0.5
2016-02-18 14:00:00,660.4,30.99,21.46
2016-02-18 15:00:00,452.73,30.18,19.65
2016-02-18 16:00:00,217.73,28.78,14.25
2016-02-18 17:00:00,24.8,26.27,7.59
2016-02-18 18:00:00,0.0,25.05,1.61
2016-02-18 19:00:00,0.0,24.47,2.42
2016-02-18 20:00:00,0.0,24.04,4.84
2016-02-18 21:00:00,0.0,23.71,5.24
2016-02-18 22:00:00,0.0,23.47,5.6
2016-02-18 23:00:00,0.0,23.28,0.81
2016-02-19 00:00:00,0.0,23.14,1.01
2016-02-19 01:00:00,0.0,22.9,1.22
2016-02-19 02:00:00,0.0,22.55,3.23
2016-02-19 03:00:00,0.0,22.28,4.84
2016-02-19 04:00:00,0.0,22.06,1.61
2016-02-19 05:00:00,0.0,21.9,7.21
2016-02-19 06:00:00,53.2,23.25,27.87
2016-02-19 07:00:00,248.35,25.32,48.93
2016-02-19 08:00:00,460.55,27.24,69.85
2016-02-19 09:00:00,652.35,28.76,55.43
2016-02-19 10:00:00,805.58,30.03,52.43
2016-02-19 11:00:00,867.05,30.94,44.02
2016-02-19 12:00:00,822.22,31.44,35.23
2016-02-19 13:00:00,766.62,31.52,57.57
2016-02-19 14:00:00,616.08,31.14,70.52
2016-02-19 15:00:00,416.6,30.39,81.59
2016-02-19 16:00:00,183.95,29.13,55.86
2016-02-19 17:00:00,21.6,27.08,31.3
2016-02-19 18:00:00,0.0,26.06,4.84
2016-02-19 19:00:00,0.0,25.53,5.63
2016-02-19 20:00:00,0.0,25.1,4.44
2016-02-19 21:00:00,0.0,24.77,3.23
2016-02-19 22:00:00,0.0,24.58,0.81
2016-02-19 23:00:00,0.0,24.56,2.42
2016-02-20 00:00:00,0.0,24.56,0.0
2016-02-20 01:00:00,0.0,24.57,0.4
2016-02-20 02:00:00,0.0,24.35,0.81
2016-02-20 03:00:00,0.0,23.99,3.23
2016-02-20 04:00:00,0.0,23.8,0.81
2016-02-20 05:00:00,0.0,23.68,5.63
2016-02-20 06:00:00,61.05,24.44,16.62
2016-02-20 07:00:00,271.85,26.37,29.35
2016-02-20 08:00:00,500.73,28.26,39.54
2016-02-20 09:00:00,709.08,29.84,25.98
2016-02-20 10:00:00,855.5,31.09,26.01
2016-02-20 11:00:00,902.08,32.02,26.79
2016-02-20 12:00:00,888.38,32.55,31.71
2016-02-20 13:00:00,807.25,32.65,17.84
2016-02-20 14:00:00,658.25,32.31,23.8
2016-02-20 15:00:00,451.83,31.52,20.86
2016-02-20 16:00:00,214.65,30.12,17.59
2016-02-20 17:00:00,25.15,27.87,11.95
2016-02-20 18:00:00,0.0,26.76,7.65
2016-02-20 19:00:00,0.0,26.09,4.03
2016-02-20 20:00:00,0.0,25.66,14.31
2016-02-20 21:00:00,0.0,25.24,33.04
2016-02-20 22:00:00,0.0,24.88,44.47
2016-02-20 23:00:00,0.0,24.53,56.67
2016-02-21 00:00:00,0.0,24.25,70.51
2016-02-21 01:00:00,0.0,24.1,84.4
2016-02-21 02:00:00,0.0,23.99,78.56
2016-02-21 03:00:00,0.0,23.85,90.11
2016-02-21 04:00:00,0.0,23.7,98.9
2016-02-21 05:00:00,0.0,23.61,93.66
2016-02-21 06:00:00,53.38,25.03,93.47
2016-02-21 07:00:00,236.05,26.96,95.45
2016-02-21 08:00:00,453.95,28.48,97.23
2016-02-21 09:00:00,612.08,29.95,73.53
2016-02-21 10:00:00,794.9,31.29,71.88
2016-02-21 11:00:00,906.9,32.42,36.85
2016-02-21 12:00:00,899.97,33.17,24.95
2016-02-21 13:00:00,811.47,33.42,24.17
2016-02-21 14:00:00,656.53,33.12,25.04
2016-02-21 15:00:00,446.45,32.33,25.35
2016-02-21 16:00:00,209.12,30.78,21.69
2016-02-21 17:00:00,23.83,27.97,18.8
2016-02-21 18:00:00,0.0,26.78,15.32
2016-02-21 19:00:00,0.0,25.97,12.1
2016-02-21 20:00:00,0.0,25.4,8.87
2016-02-21 21:00:00,0.0,24.92,5.64
2016-02-21 22:00:00,0.0,24.4,2.42
2016-02-21 23:00:00,0.0,23.93,2.42
2016-02-22 00:00:00,0.0,23.58,1.88
2016-02-22 01:00:00,0.0,23.36,1.34
2016-02-22 02:00:00,0.0,23.22,0.81
2016-02-22 03:00:00,0.0,23.03,8.81
2016-02-22 04:00:00,0.0,22.82,14.67
2016-02-22 05:00:00,0.0,22.78,20.48
2016-02-22 06:00:00,55.15,24.47,26.13
2016-02-22 07:00:00,255.82,26.43,31.46
2016-02-22 08:00:00,495.48,28.06,36.76
2016-02-22 09:00:00,703.47,29.79,32.04
2016-02-22 10:00:00,852.47,31.44,37.83
2016-02-22 11:00:00,912.35,32.58,26.63
2016-02-22 12:00:00,901.78,33.21,25.3
2016-02-22 13:00:00,825.4,33.35,14.5
2016-02-22 14:00:00,660.35,33.03,22.33
2016-02-22 15:00:00,449.02,32.22,22.74
2016-02-22 16:00:00,212.85,30.56,15.41
2016-02-22 17:00:00,25.0,27.48,8.36
2016-02-22 18:00:00,0.0,26.16,0.81
2016-02-22 19:00:00,0.0,25.35,0.81
2016-02-22 20:00:00,0.0,24.7,0.81
2016-02-22 21:00:00,0.0,24.14,0.81
2016-02-22 22:00:00,0.0,23.62,0.81
2016-02-22 23:00:00,0.0,23.15,3.23
2016-02-23 00:00:00,0.0,22.74,1.75
2016-02-23 01:00:00,0.0,22.39,0.27
2016-02-23 02:00:00,0.0,22.09,4.03
2016-02-23 03:00:00,0.0,21.86,2.42
2016-02-23 04:00:00,0.0,21.71,1.61
2016-02-23 05:00:00,0.0,21.79,0.81
2016-02-23 06:00:00,67.82,23.7,14.08
2016-02-23 07:00:00,292.1,25.83,30.28
2016-02-23 08:00:00,517.95,27.54,43.67
2016-02-23 09:00:00,724.0,29.18,30.94
2016-02-23 10:00:00,879.85,30.59,30.72
2016-02-23 11:00:00,947.4,31.6,30.97
2016-02-23 12:00:00,934.42,32.18,24.46
2016-02-23 13:00:00,863.25,32.31,14.16
2016-02-23 14:00:00,688.7,31.96,23.53
2016-02-23 15:00:00,472.8,31.11,25.59
2016-02-23 16:00:00,226.6,29.65,21.02
2016-02-23 17:00:00,28.67,27.09,14.63
2016-02-23 18:00:00,0.0,25.77,8.96
2016-02-23 19:00:00,0.0,24.98,4.03
2016-02-23 20:00:00,0.0,24.29,3.23
2016-02-23 21:00:00,0.0,23.73,2.02
2016-02-23 22:00:00,0.0,23.27,0.81
2016-02-23 23:00:00,0.0,22.87,1.61
2016-02-24 00:00:00,0.0,22.48,15.56
2016-02-24 01:00:00,0.0,22.14,29.35
2016-02-24 02:00:00,0.0,21.84,0.81
2016-02-24 03:00:00,0.0,21.57,0.81
2016-02-24 04:00:00,0.0,21.35,2.42
2016-02-24 05:00:00,0.0,21.18,5.56
2016-02-24 06:00:00,65.9,23.08,12.74
2016-02-24 07:00:00,290.02,25.48,18.22
2016-02-24 08:00:00,524.85,27.35,24.65
2016-02-24 09:00:00,735.12,29.05,23.85
2016-02-24 10:00:00,882.0,30.53,23.08
2016-02-24 11:00:00,946.65,31.71,22.92
2016-02-24 12:00:00,941.28,32.51,11.69
2016-02-24 13:00:00,840.85,32.84,26.64
2016-02-24 14:00:00,685.08,32.63,22.68
2016-02-24 15:00:00,472.05,31.84,22.29
2016-02-24 16:00:00,226.43,30.22,15.39
2016-02-24 17:00:00,27.55,27.23,8.66
2016-02-24 18:00:00,0.0,26.02,1.61
2016-02-24 19:00:00,0.0,25.32,2.42
2016-02-24 20:00:00,0.0,24.73,1.61
2016-02-24 21:00:00,0.0,24.23,4.84
2016-02-24 22:00:00,0.0,23.88,4.03
2016-02-24 23:00:00,0.0,23.61,4.03
2016-02-25 00:00:00,0.0,23.42,2.97
2016-02-25 01:00:00,0.0,23.3,1.91
2016-02-25 02:00:00,0.0,23.22,1.61
2016-02-25 03:00:00,0.0,23.01,6.39
2016-02-25 04:00:00,0.0,22.75,12.04
2016-02-25 05:00:00,0.0,22.62,6.38
2016-02-25 06:00:00,59.53,24.22,16.88
2016-02-25 07:00:00,273.4,26.5,27.79
2016-02-25 08:00:00,505.45,28.46,38.66
2016-02-25 09:00:00,702.3,30.0,34.59
2016-02-25 10:00:00,847.42,31.26,33.13
2016-02-25 11:00:00,915.17,32.19,30.37
2016-02-25 12:00:00,901.22,32.7,35.49
2016-02-25 13:00:00,822.8,32.81,23.52
2016-02-25 14:00:00,671.7,32.43,25.83
2016-02-25 15:00:00,461.48,31.56,24.94
2016-02-25 16:00:00,222.0,30.17,20.88
2016-02-25 17:00:00,27.52,28.13,15.86
2016-02-25 18:00:00,0.0,27.03,11.29
2016-02-25 19:00:00,0.0,26.46,3.23
2016-02-25 20:00:00,0.0,25.97,15.32
2016-02-25 21:00:00,0.0,25.57,12.05
2016-02-25 22:00:00,0.0,25.26,8.83
2016-02-25 23:00:00,0.0,25.02,13.7
2016-02-26 00:00:00,0.0,24.83,10.02
2016-02-26 01:00:00,0.0,24.64,6.2
2016-02-26 02:00:00,0.0,24.47,4.03
2016-02-26 03:00:00,0.0,24.32,18.54
2016-02-26 04:00:00,0.0,24.25,10.34
2016-02-26 05:00:00,0.0,24.37,1.61
2016-02-26 06:00:00,67.85,25.97,24.97
2016-02-26 07:00:00,262.75,27.82,43.3
2016-02-26 08:00:00,480.95,29.1,60.29
2016-02-26 09:00:00,686.58,30.48,38.91
2016-02-26 10:00:00,838.15,31.49,35.4
2016-02-26 11:00:00,909.8,32.1,29.39
2016-02-26 12:00:00,912.45,32.34,23.01
2016-02-26 13:00:00,812.2,32.22,30.06
2016-02-26 14:00:00,669.15,31.82,26.34
2016-02-26 15:00:00,465.17,30.99,24.28
2016-02-26 16:00:00,225.85,29.64,17.72
2016-02-26 17:00:00,27.52,27.59,9.63
2016-02-26 18:00:00,0.0,26.3,2.42
2016-02-26 19:00:00,0.0,25.62,3.23
2016-02-26 20:00:00,0.0,25.08,4.03
2016-02-26 21:00:00,0.0,24.66,4.84
2016-02-26 22:00:00,0.0,24.44,0.81
2016-02-26 23:00:00,0.0,24.21,1.61
2016-02-27 00:00:00,0.0,24.06,9.33
2016-02-27 01:00:00,0.0,24.11,6.4
2016-02-27 02:00:00,0.0,24.06,3.23
2016-02-27 03:00:00,0.0,23.99,2.42
2016-02-27 04:00:00,0.0,24.02,3.23
2016-02-27 05:00:00,0.0,24.04,41.18
2016-02-27 06:00:00,54.67,25.18,42.61
2016-02-27 07:00:00,241.7,26.67,44.49
2016-02-27 08:00:00,480.5,28.05,48.02
2016-02-27 09:00:00,682.17,29.49,35.23
2016-02-27 10:00:00,823.92,30.2,31.38
2016-02-27 11:00:00,891.62,30.55,35.19
2016-02-27 12:00:00,878.9,30.61,48.66
2016-02-27 13:00:00,746.33,30.36,50.65
2016-02-27 14:00:00,580.53,30.16,56.46
2016-02-27 15:00:00,404.02,30.05,68.53
2016-02-27 16:00:00,189.52,29.18,65.87
2016-02-27 17:00:00,24.02,27.5,63.63
2016-02-27 18:00:00,0.0,26.4,61.01
2016-02-27 19:00:00,0.0,25.87,65.04
2016-02-27 20:00:00,0.0,25.46,65.57
2016-02-27 21:00:00,0.0,25.11,69.03
2016-02-27 22:00:00,0.0,24.82,72.22
2016-02-27 23:00:00,0.0,24.64,32.47
2016-02-28 00:00:00,0.0,24.49,62.26
2016-02-28 01:00:00,0.0,24.38,92.08
2016-02-28 02:00:00,0.0,24.29,83.81
2016-02-28 03:00:00,0.0,24.21,79.84
2016-02-28 04:00:00,0.0,24.17,61.01
2016-02-28 05:00:00,0.0,24.13,48.87
2016-02-28 06:00:00,63.05,25.08,42.4
2016-02-28 07:00:00,258.05,26.68,39.5
2016-02-28 08:00:00,486.98,28.28,35.12
2016-02-28 09:00:00,629.03,29.84,35.96
2016-02-28 10:00:00,779.78,30.94,81.16
2016-02-28 11:00:00,849.03,31.65,78.34
2016-02-28 12:00:00,771.65,32.02,97.31
2016-02-28 13:00:00,638.75,31.9,98.86
2016-02-28 14:00:00,464.33,31.3,98.3
2016-02-28 15:00:00,343.15,30.37,88.43
2016-02-28 16:00:00,160.6,29.21,71.72
2016-02-28 17:00:00,22.45,27.52,53.24
2016-02-28 18:00:00,0.0,26.48,35.39
2016-02-28 19:00:00,0.0,26.05,24.17
2016-02-28 20:00:00,0.0,25.71,14.37
2016-02-28 21:00:00,0.0,25.61,45.55
2016-02-28 22:00:00,0.0,25.62,32.87
2016-02-28 23:00:00,0.0,25.54,6.41
2016-02-29 00:00:00,0.0,25.38,56.48
2016-02-29 01:00:00,0.0,25.21,34.81
2016-02-29 02:00:00,0.0,25.09,12.77
2016-02-29 03:00:00,0.0,25.02,14.79
2016-02-29 04:00:00,0.0,24.89,23.44
2016-02-29 05:00:00,0.0,24.78,9.66
2016-02-29 06:00:00,58.83,25.47,39.96
2016-02-29 07:00:00,224.52,26.53,69.6
2016-02-29 08:00:00,423.95,27.57,98.13
2016-02-29 09:00:00,590.9,28.78,92.43
2016-02-29 10:00:00,710.8,30.04,97.72
2016-02-29 11:00:00,784.05,30.89,98.9
2016-02-29 12:00:00,664.85,31.11,97.87
2016-02-29 13:00:00,505.73,30.8,98.84
2016-02-29 14:00:00,533.58,30.18,99.51
2016-02-29 15:00:00,341.65,29.36,97.9
2016-02-29 16:00:00,161.1,28.2,89.87
2016-02-29 17:00:00,20.1,26.91,82.37
2016-02-29 18:00:00,0.0,26.16,73.29
2016-02-29 19:00:00,0.0,25.74,88.8
2016-02-29 20:00:00,0.0,25.43,73.56
2016-02-29 21:00:00,0.0,25.2,68.15
2016-02-29 22:00:00,0.0,25.2,87.53
2016-02-29 23:00:00,0.0,25.16,79.98
2016-03-01 00:00:00,0.0,25.06,79.97
2016-03-01 01:00:00,0.0,25.1,79.79
2016-03-01 02:00:00,0.0,25.2,2.42
2016-03-01 03:00:00,0.0,25.2,4.03
2016-03-01 04:00:00,0.0,25.11,2.42
2016-03-01 05:00:00,0.0,25.04,5.62
2016-03-01 06:00:00,59.15,25.71,17.12
2016-03-01 07:00:00,248.7,27.01,29.2
2016-03-01 08:00:00,456.73,27.86,40.86
2016-03-01 09:00:00,647.88,28.44,40.14
2016-03-01 10:00:00,640.78,29.51,98.9
2016-03-01 11:00:00,646.17,30.91,94.63
2016-03-01 12:00:00,777.55,31.71,99.31
2016-03-01 13:00:00,607.45,31.96,92.27
2016-03-01 14:00:00,583.95,31.8,72.9
2016-03-01 15:00:00,406.83,31.03,42.84
2016-03-01 16:00:00,182.75,29.45,33.87
2016-03-01 17:00:00,23.7,27.67,22.48
2016-03-01 18:00:00,0.0,26.72,12.07
2016-03-01 19:00:00,0.0,26.28,25.05
2016-03-01 20:00:00,0.0,25.92,34.76
2016-03-01 21:00:00,0.0,25.55,13.01
2016-03-01 22:00:00,0.0,25.21,13.68
2016-03-01 23:00:00,0.0,24.82,12.88
2016-03-02 00:00:00,0.0,24.56,39.54
2016-03-02 01:00:00,0.0,24.5,66.18
2016-03-02 02:00:00,0.0,24.49,92.61
2016-03-02 03:00:00,0.0,24.49,32.37
2016-03-02 04:00:00,0.0,24.44,92.93
2016-03-02 05:00:00,0.0,24.31,89.89
2016-03-02 06:00:00,57.6,25.05,92.2
2016-03-02 07:00:00,221.6,26.37,95.18
2016-03-02 08:00:00,409.62,27.58,99.92
2016-03-02 09:00:00,631.25,28.77,96.83
2016-03-02 10:00:00,688.28,29.88,98.94
2016-03-02 11:00:00,785.47,30.67,99.17
2016-03-02 12:00:00,783.03,30.83,98.59
2016-03-02 13:00:00,673.08,30.64,99.47
2016-03-02 14:00:00,505.7,30.39,98.1
2016-03-02 15:00:00,337.52,29.88,94.74
2016-03-02 16:00:00,153.25,28.89,93.55
2016-03-02 17:00:00,20.95,27.1,92.06
2016-03-02 18:00:00,0.0,26.03,89.61
2016-03-02 19:00:00,0.0,25.53,88.28
2016-03-02 20:00:00,0.0,25.1,91.2
2016-03-02 21:00:00,0.0,24.71,77.59
2016-03-02 22:00:00,0.0,24.39,63.19
2016-03-02 23:00:00,0.0,24.14,65.4
2016-03-03 00:00:00,0.0,23.87,81.32
2016-03-03 01:00:00,0.0,23.62,96.74
2016-03-03 02:00:00,0.0,23.71,38.59
2016-03-03 03:00:00,0.0,23.76,37.97
2016-03-03 04:00:00,0.0,23.76,78.14
2016-03-03 05:00:00,0.0,23.58,48.26
2016-03-03 06:00:00,60.7,24.68,57.57
2016-03-03 07:00:00,233.02,26.57,65.46
2016-03-03 08:00:00,428.9,28.12,72.28
2016-03-03 09:00:00,627.5,29.77,64.07
2016-03-03 10:00:00,789.83,31.14,36.63
2016-03-03 11:00:00,845.12,31.96,41.93
2016-03-03 12:00:00,884.58,32.15,36.37
2016-03-03 13:00:00,812.78,31.94,20.87
2016-03-03 14:00:00,642.72,31.54,27.96
2016-03-03 15:00:00,433.9,30.81,24.19
2016-03-03 16:00:00,199.43,29.6,16.72
2016-03-03 17:00:00,24.35,27.43,9.25
2016-03-03 18:00:00,0.0,26.15,1.61
2016-03-03 19:00:00,0.0,25.85,5.57
2016-03-03 20:00:00,0.0,25.43,19.24
2016-03-03 21:00:00,0.0,25.05,25.47
2016-03-03 22:00:00,0.0,24.77,67.42
2016-03-03 23:00:00,0.0,24.65,62.94
2016-03-04 00:00:00,0.0,24.65,45.77
2016-03-04 01:00:00,0.0,24.51,28.07
2016-03-04 02:00:00,0.0,24.09,21.51
2016-03-04 03:00:00,0.0,23.78,17.67
2016-03-04 04:00:00,0.0,23.66,13.48
2016-03-04 05:00:00,0.0,23.46,28.0
2016-03-04 06:00:00,65.43,23.95,52.07
2016-03-04 07:00:00,237.38,25.07,74.12
2016-03-04 08:00:00,444.55,26.49,95.98
2016-03-04 09:00:00,613.4,27.74,99.1
2016-03-04 10:00:00,712.55,28.81,98.44
2016-03-04 11:00:00,813.33,29.54,99.12
2016-03-04 12:00:00,759.2,29.82,99.24
2016-03-04 13:00:00,764.2,29.79,75.77
2016-03-04 14:00:00,594.62,29.59,90.54
2016-03-04 15:00:00,383.75,29.18,87.78
2016-03-04 16:00:00,173.02,28.39,71.43
2016-03-04 17:00:00,23.77,26.65,54.73
2016-03-04 18:00:00,0.0,25.7,36.15
2016-03-04 19:00:00,0.0,25.32,24.08
2016-03-04 20:00:00,0.0,24.98,11.18
2016-03-04 21:00:00,0.0,24.6,45.89
2016-03-04 22:00:00,0.0,24.17,46.83
2016-03-04 23:00:00,0.0,23.86,46.65
2016-03-05 00:00:00,0.0,23.7,59.19
2016-03-05 01:00:00,0.0,23.59,39.4
2016-03-05 02:00:00,0.0,23.52,19.09
2016-03-05 03:00:00,0.0,23.48,18.47
2016-03-05 04:00:00,0.0,23.56,26.34
2016-03-05 05:00:00,0.0,23.74,25.72
2016-03-05 06:00:00,68.8,24.75,35.34
2016-03-05 07:00:00,257.2,26.41,45.61
2016-03-05 08:00:00,486.9,27.98,55.55
2016-03-05 09:00:00,700.33,29.39,40.14
2016-03-05 10:00:00,862.62,30.49,20.47
2016-03-05 11:00:00,930.33,31.38,29.33
2016-03-05 12:00:00,911.45,32.2,26.64
2016-03-05 13:00:00,806.03,32.61,16.36
2016-03-05 14:00:00,648.7,32.46,59.23
2016-03-05 15:00:00,431.9,31.82,71.07
2016-03-05 16:00:00,201.98,30.5,75.65
2016-03-05 17:00:00,26.17,27.91,81.07
2016-03-05 18:00:00,0.0,26.6,86.62
2016-03-05 19:00:00,0.0,25.99,57.17
2016-03-05 20:00:00,0.0,25.5,54.82
2016-03-05 21:00:00,0.0,25.08,34.62
2016-03-05 22:00:00,0.0,24.66,23.35
2016-03-05 23:00:00,0.0,24.18,9.63
2016-03-06 00:00:00,0.0,23.73,14.92
2016-03-06 01:00:00,0.0,23.42,19.47
2016-03-06 02:00:00,0.0,23.29,9.52
2016-03-06 03:00:00,0.0,23.28,4.03
2016-03-06 04:00:00,0.0,23.26,1.61
2016-03-06 05:00:00,0.0,23.23,8.01
2016-03-06 06:00:00,83.18,24.59,28.13
2016-03-06 07:00:00,277.0,26.16,47.33
2016-03-06 08:00:00,491.17,27.63,65.41
2016-03-06 09:00:00,727.92,29.41,38.47
2016-03-06 10:00:00,878.47,31.13,34.81
2016-03-06 11:00:00,930.6,32.33,31.81
2016-03-06 12:00:00,842.6,33.01,28.85
2016-03-06 13:00:00,839.62,33.23,30.18
2016-03-06 14:00:00,669.75,32.85,27.72
2016-03-06 15:00:00,460.25,31.93,25.02
2016-03-06 16:00:00,223.48,30.42,19.75
2016-03-06 17:00:00,28.83,28.07,12.96
2016-03-06 18:00:00,0.0,26.7,7.46
2016-03-06 19:00:00,0.0,25.95,2.42
2016-03-06 20:00:00,0.0,25.35,0.81
2016-03-06 21:00:00,0.0,24.8,0.53
2016-03-06 22:00:00,0.0,24.31,2.42
2016-03-06 23:00:00,0.0,23.89,3.23
2016-03-07 00:00:00,0.0,23.77,3.44
2016-03-07 01:00:00,0.0,23.72,8.57
2016-03-07 02:00:00,0.0,23.68,13.58
2016-03-07 03:00:00,0.0,23.58,15.29
2016-03-07 04:00:00,0.0,23.57,17.59
2016-03-07 05:00:00,0.0,23.49,17.56
2016-03-07 06:00:00,85.32,24.96,26.35
2016-03-07 07:00:00,290.98,26.8,35.22
2016-03-07 08:00:00,496.5,28.43,42.18
2016-03-07 09:00:00,702.58,29.99,33.19
2016-03-07 10:00:00,830.53,31.26,25.32
2016-03-07 11:00:00,936.05,32.25,33.3
2016-03-07 12:00:00,863.17,32.9,33.28
2016-03-07 13:00:00,813.88,33.12,61.34
2016-03-07 14:00:00,640.5,32.84,69.17
2016-03-07 15:00:00,428.3,31.96,48.56
2016-03-07 16:00:00,198.35,30.53,64.56
2016-03-07 17:00:00,26.1,28.39,82.27
2016-03-07 18:00:00,0.0,27.06,98.49
2016-03-07 19:00:00,0.0,26.31,49.19
2016-03-07 20:00:00,0.0,25.66,17.67
2016-03-07 21:00:00,0.0,24.89,28.85
2016-03-07 22:00:00,0.0,24.29,5.3
2016-03-07 23:00:00,0.0,23.81,8.82
2016-03-08 00:00:00,0.0,23.45,7.66
2016-03-08 01:00:00,0.0,23.18,6.22
2016-03-08 02:00:00,0.0,23.03,2.42
2016-03-08 03:00:00,0.0,23.16,0.81
2016-03-08 04:00:00,0.0,23.22,6.38
2016-03-08 05:00:00,0.0,23.32,2.42
2016-03-08 06:00:00,85.53,24.7,14.84
2016-03-08 07:00:00,301.15,26.46,28.12
2016-03-08 08:00:00,520.55,28.15,38.86
2016-03-08 09:00:00,726.12,29.84,31.72
2016-03-08 10:00:00,834.08,31.31,25.86
2016-03-08 11:00:00,887.72,32.43,28.07
2016-03-08 12:00:00,923.33,33.15,25.96
2016-03-08 13:00:00,836.03,33.39,25.0
2016-03-08 14:00:00,661.78,33.16,39.93
2016-03-08 15:00:00,454.83,32.34,29.22
2016-03-08 16:00:00,217.6,30.86,21.5
2016-03-08 17:00:00,28.52,28.58,12.34
2016-03-08 18:00:00,0.0,26.98,3.23
2016-03-08 19:00:00,0.0,26.08,0.81
2016-03-08 20:00:00,0.0,25.42,3.23
2016-03-08 21:00:00,0.0,24.8,0.89
2016-03-08 22:00:00,0.0,24.58,4.84
2016-03-08 23:00:00,0.0,24.46,6.42
2016-03-09 00:00:00,0.0,24.28,6.18
2016-03-09 01:00:00,0.0,24.14,5.91
2016-03-09 02:00:00,0.0,24.02,5.56
2016-03-09 03:00:00,0.0,23.72,4.84
2016-03-09 04:00:00,0.0,23.26,8.82
2016-03-09 05:00:00,0.0,22.84,1.61
2016-03-09 06:00:00,80.57,24.25,26.48
2016-03-09 07:00:00,285.2,26.34,50.65
2016-03-09 08:00:00,503.0,28.22,74.24
2016-03-09 09:00:00,678.38,30.38,89.6
2016-03-09 10:00:00,834.1,32.17,98.87
2016-03-09 11:00:00,934.38,33.33,65.93
2016-03-09 12:00:00,850.78,33.99,51.23
2016-03-09 13:00:00,822.75,34.12,78.25
2016-03-09 14:00:00,678.38,33.74,43.56
2016-03-09 15:00:00,470.02,32.88,29.39
2016-03-09 16:00:00,219.57,31.1,38.5
2016-03-09 17:00:00,29.55,29.12,47.8
2016-03-09 18:00:00,0.0,27.79,57.29
2016-03-09 19:00:00,0.0,27.06,66.09
2016-03-09 20:00:00,0.0,26.59,79.75
2016-03-09 21:00:00,0.0,26.25,54.14
2016-03-09 22:00:00,0.0,25.89,67.33
2016-03-09 23:00:00,0.0,25.5,71.14
2016-03-10 00:00:00,0.0,25.19,80.41
2016-03-10 01:00:00,0.0,24.95,89.5
2016-03-10 02:00:00,0.0,24.76,95.54
2016-03-10 03:00:00,0.0,24.58,88.52
2016-03-10 04:00:00,0.0,24.33,97.49
2016-03-10 05:00:00,0.0,24.19,97.33
2016-03-10 06:00:00,62.97,25.27,97.99
2016-03-10 07:00:00,228.8,26.59,97.85
2016-03-10 08:00:00,435.6,27.76,99.42
2016-03-10 09:00:00,644.5,28.91,92.08
2016-03-10 10:00:00,776.15,29.86,87.67
2016-03-10 11:00:00,918.9,30.45,66.27
2016-03-10 12:00:00,911.75,30.75,52.75
2016-03-10 13:00:00,814.97,30.77,71.19
2016-03-10 14:00:00,631.25,30.51,78.76
2016-03-10 15:00:00,403.8,30.0,78.87
2016-03-10 16:00:00,192.65,29.24,79.34
2016-03-10 17:00:00,27.62,27.76,80.52
2016-03-10 18:00:00,0.0,26.95,78.72
2016-03-10 19:00:00,0.0,26.53,59.51
2016-03-10 20:00:00,0.0,26.04,22.52
2016-03-10 21:00:00,0.0,25.55,39.35
2016-03-10 22:00:00,0.0,25.09,36.7
2016-03-10 23:00:00,0.0,24.57,35.22
2016-03-11 00:00:00,0.0,24.24,27.06
2016-03-11 01:00:00,0.0,24.1,17.95
2016-03-11 02:00:00,0.0,24.1,4.84
2016-03-11 03:00:00,0.0,24.08,4.03
2016-03-11 04:00:00,0.0,23.93,0.81
2016-03-11 05:00:00,0.0,23.64,1.61
2016-03-11 06:00:00,89.72,25.23,23.94
2016-03-11 07:00:00,293.25,27.14,43.41
2016-03-11 08:00:00,511.2,28.91,62.95
2016-03-11 09:00:00,744.5,30.67,37.37
2016-03-11 10:00:00,887.67,32.28,28.22
2016-03-11 11:00:00,967.28,33.47,30.68
2016-03-11 12:00:00,947.35,34.19,23.92
2016-03-11 13:00:00,851.05,34.43,26.92
2016-03-11 14:00:00,694.47,34.2,25.77
2016-03-11 15:00:00,479.55,33.4,25.22
2016-03-11 16:00:00,235.7,31.99,20.78
2016-03-11 17:00:00,31.6,29.69,13.55
2016-03-11 18:00:00,0.0,28.02,8.06
2016-03-11 19:00:00,0.0,27.08,3.23
2016-03-11 20:00:00,0.0,26.44,6.38
2016-03-11 21:00:00,0.0,25.91,0.81
2016-03-11 22:00:00,0.0,25.35,0.86
2016-03-11 23:00:00,0.0,24.88,0.92
2016-03-12 00:00:00,0.0,24.54,0.98
2016-03-12 01:00:00,0.0,24.17,1.04
2016-03-12 02:00:00,0.0,23.84,54.29
2016-03-12 03:00:00,0.0,23.72,17.67
2016-03-12 04:00:00,0.0,23.76,0.81
2016-03-12 05:00:00,0.0,23.91,9.6
2016-03-12 06:00:00,89.95,25.51,19.58
2016-03-12 07:00:00,287.42,27.28,31.5
2016-03-12 08:00:00,531.62,28.92,41.77
2016-03-12 09:00:00,745.17,30.67,31.24
2016-03-12 10:00:00,860.75,32.22,47.58
2016-03-12 11:00:00,978.75,33.41,27.44
2016-03-12 12:00:00,964.28,34.11,24.5
2016-03-12 13:00:00,882.95,34.24,8.28
2016-03-12 14:00:00,688.17,33.77,43.99
2016-03-12 15:00:00,471.35,32.73,69.89
2016-03-12 16:00:00,226.52,31.24,64.43
2016-03-12 17:00:00,30.9,29.39,59.68
2016-03-12 18:00:00,0.0,28.05,51.59
2016-03-12 19:00:00,0.0,27.32,22.49
2016-03-12 20:00:00,0.0,26.87,5.58
2016-03-12 21:00:00,0.0,26.54,17.0
2016-03-12 22:00:00,0.0,26.19,40.72
2016-03-12 23:00:00,0.0,25.72,23.13
2016-03-13 00:00:00,0.0,25.22,56.29
2016-03-13 01:00:00,0.0,24.86,89.17
2016-03-13 02:00:00,0.0,24.57,69.52
2016-03-13 03:00:00,0.0,24.3,80.19
2016-03-13 04:00:00,0.0,24.11,66.68
2016-03-13 05:00:00,0.0,24.02,66.66
2016-03-13 06:00:00,91.07,25.66,68.73
2016-03-13 07:00:00,298.75,27.54,69.38
2016-03-13 08:00:00,525.35,29.72,70.12
2016-03-13 09:00:00,732.03,31.73,97.51
2016-03-13 10:00:00,786.2,33.35,90.19
2016-03-13 11:00:00,791.85,34.59,95.93
2016-03-13 12:00:00,757.62,35.33,98.67
2016-03-13 13:00:00,673.83,35.56,98.05
2016-03-13 14:00:00,513.42,35.14,96.33
2016-03-13 15:00:00,323.48,34.31,98.07
2016-03-13 16:00:00,156.57,32.9,88.17
2016-03-13 17:00:00,23.75,30.74,79.18
2016-03-13 18:00:00,0.0,28.94,67.64
2016-03-13 19:00:00,0.0,27.9,56.57
2016-03-13 20:00:00,0.0,27.32,33.79
2016-03-13 21:00:00,0.0,26.95,31.23
2016-03-13 22:00:00,0.0,26.66,24.52
2016-03-13 23:00:00,0.0,26.45,28.0
2016-03-14 00:00:00,0.0,26.26,11.05
2016-03-14 01:00:00,0.0,26.05,15.0
2016-03-14 02:00:00,0.0,25.86,18.44
2016-03-14 03:00:00,0.0,25.64,49.16
2016-03-14 04:00:00,0.0,25.49,74.28
2016-03-14 05:00:00,0.0,25.44,91.19
2016-03-14 06:00:00,85.7,26.22,88.59
2016-03-14 07:00:00,262.6,27.56,87.34
2016-03-14 08:00:00,484.4,29.27,85.97
2016-03-14 09:00:00,666.4,31.08,42.13
2016-03-14 10:00:00,872.22,32.56,29.41
2016-03-14 11:00:00,928.75,33.54,27.46
2016-03-14 12:00:00,866.5,34.17,79.36
2016-03-14 13:00:00,749.33,34.41,89.27
2016-03-14 14:00:00,620.33,34.09,86.56
2016-03-14 15:00:00,403.9,33.29,65.31
2016-03-14 16:00:00,192.6,32.0,66.93
2016-03-14 17:00:00,27.5,30.06,67.5
2016-03-14 18:00:00,0.0,28.52,65.95
2016-03-14 19:00:00,0.0,27.62,19.9
2016-03-14 20:00:00,0.0,27.16,3.23
2016-03-14 21:00:00,0.0,26.84,0.81
2016-03-14 22:00:00,0.0,26.53,5.84
2016-03-14 23:00:00,0.0,26.25,4.84
2016-03-15 00:00:00,0.0,25.97,5.5
2016-03-15 01:00:00,0.0,25.7,5.99
2016-03-15 02:00:00,0.0,25.43,0.81
2016-03-15 03:00:00,0.0,25.15,11.29
2016-03-15 04:00:00,0.0,24.89,2.42
2016-03-15 05:00:00,0.0,24.74,6.43
2016-03-15 06:00:00,93.57,26.1,27.45
2016-03-15 07:00:00,292.7,27.81,48.88
2016-03-15 08:00:00,502.2,29.68,69.72
2016-03-15 09:00:00,718.42,31.54,35.78
2016-03-15 10:00:00,808.83,33.09,32.21
2016-03-15 11:00:00,908.95,34.14,28.57
2016-03-15 12:00:00,849.17,34.74,29.54
2016-03-15 13:00:00,801.47,34.78,25.66
2016-03-15 14:00:00,628.42,34.25,36.13
2016-03-15 15:00:00,413.25,33.18,55.52
2016-03-15 16:00:00,184.62,31.59,60.81
2016-03-15 17:00:00,24.35,29.52,67.31
2016-03-15 18:00:00,0.0,27.99,73.44
2016-03-15 19:00:00,0.0,27.23,58.61
2016-03-15 20:00:00,0.0,26.81,96.76
2016-03-15 21:00:00,0.0,26.51,36.59
2016-03-15 22:00:00,0.0,26.23,23.44
2016-03-15 23:00:00,0.0,25.94,30.46
2016-03-16 00:00:00,0.0,25.7,79.97
2016-03-16 01:00:00,0.0,25.55,64.86
2016-03-16 02:00:00,0.0,25.38,48.98
2016-03-16 03:00:00,0.0,25.23,46.78
2016-03-16 04:00:00,0.0,25.09,28.9
2016-03-16 05:00:00,0.0,24.95,27.34
2016-03-16 06:00:00,78.9,25.92,42.97
2016-03-16 07:00:00,245.5,27.62,60.95
2016-03-16 08:00:00,467.1,29.62,78.22
2016-03-16 09:00:00,664.5,31.66,51.04
2016-03-16 10:00:00,792.12,33.45,29.57
2016-03-16 11:00:00,915.92,34.77,30.41
2016-03-16 12:00:00,887.38,35.52,35.59
2016-03-16 13:00:00,808.42,35.67,14.44
2016-03-16 14:00:00,637.08,35.17,33.21
2016-03-16 15:00:00,428.73,34.13,44.0
2016-03-16 16:00:00,201.38,32.49,31.8
2016-03-16 17:00:00,26.7,30.46,20.55
2016-03-16 18:00:00,0.0,28.82,8.77
2016-03-16 19:00:00,0.0,27.88,17.67
2016-03-16 20:00:00,0.0,27.43,6.37
2016-03-16 21:00:00,0.0,27.22,4.03
2016-03-16 22:00:00,0.0,27.04,42.3
2016-03-16 23:00:00,0.0,26.83,2.42
2016-03-17 00:00:00,0.0,26.64,11.12
2016-03-17 01:00:00,0.0,26.44,19.29
2016-03-17 02:00:00,0.0,26.27,0.81
2016-03-17 03:00:00,0.0,26.08,1.61
2016-03-17 04:00:00,0.0,25.88,2.42
2016-03-17 05:00:00,0.0,25.64,2.42
2016-03-17 06:00:00,91.6,26.73,23.57
2016-03-17 07:00:00,277.77,28.57,43.68
2016-03-17 08:00:00,479.25,30.68,63.61
2016-03-17 09:00:00,673.33,32.95,52.95
2016-03-17 10:00:00,737.15,34.73,42.07
2016-03-17 11:00:00,911.55,35.76,28.9
2016-03-17 12:00:00,902.9,36.34,26.86
2016-03-17 13:00:00,790.28,36.41,15.62
2016-03-17 14:00:00,648.5,35.91,21.12
2016-03-17 15:00:00,433.48,34.92,22.93
2016-03-17 16:00:00,196.4,33.4,19.4
2016-03-17 17:00:00,25.65,31.17,16.04
2016-03-17 18:00:00,0.0,29.32,12.02
2016-03-17 19:00:00,0.0,28.24,25.89
2016-03-17 20:00:00,0.0,27.68,50.48
2016-03-17 21:00:00,0.0,27.31,79.76
2016-03-17 22:00:00,0.0,26.96,26.87
2016-03-17 23:00:00,0.0,26.57,5.67
2016-03-18 00:00:00,0.0,26.16,11.12
2016-03-18 01:00:00,0.0,25.8,16.59
2016-03-18 02:00:00,0.0,25.48,21.96
2016-03-18 03:00:00,0.0,25.2,6.43
2016-03-18 04:00:00,0.0,24.92,4.03
2016-03-18 05:00:00,0.0,24.71,1.61
2016-03-18 06:00:00,91.78,26.14,14.16
2016-03-18 07:00:00,279.92,28.25,31.26
2016-03-18 08:00:00,483.75,30.55,46.38
2016-03-18 09:00:00,733.08,33.05,22.57
2016-03-18 10:00:00,870.1,34.76,22.48
2016-03-18 11:00:00,951.83,35.71,28.09
2016-03-18 12:00:00,898.75,36.21,41.31
2016-03-18 13:00:00,847.92,36.26,26.24
2016-03-18 14:00:00,675.6,35.76,24.97
2016-03-18 15:00:00,464.8,34.74,24.18
2016-03-18 16:00:00,224.7,33.16,20.26
2016-03-18 17:00:00,30.02,30.96,15.29
2016-03-18 18:00:00,0.0,29.21,10.97
2016-03-18 19:00:00,0.0,28.17,7.1
2016-03-18 20:00:00,0.0,27.41,3.23
2016-03-18 21:00:00,0.0,26.73,0.81
2016-03-18 22:00:00,0.0,26.1,0.0
2016-03-18 23:00:00,0.0,25.56,1.61
2016-03-19 00:00:00,0.0,25.1,0.81
2016-03-19 01:00:00,0.0,24.7,0.01
2016-03-19 02:00:00,0.0,24.4,2.42
2016-03-19 03:00:00,0.0,24.21,3.23
2016-03-19 04:00:00,0.0,24.05,12.87
2016-03-19 05:00:00,0.0,23.93,8.81
2016-03-19 06:00:00,112.28,25.43,13.88
2016-03-19 07:00:00,333.02,27.97,21.48
2016-03-19 08:00:00,561.17,31.23,27.52
2016-03-19 09:00:00,765.42,34.15,22.23
2016-03-19 10:00:00,904.25,35.89,17.68
2016-03-19 11:00:00,958.45,36.96,23.27
2016-03-19 12:00:00,936.62,37.59,30.09
2016-03-19 13:00:00,792.75,37.72,4.24
2016-03-19 14:00:00,670.88,37.4,23.13
2016-03-19 15:00:00,456.65,36.59,23.59
2016-03-19 16:00:00,215.15,35.08,18.47
2016-03-19 17:00:00,28.05,32.18,13.37
2016-03-19 18:00:00,0.0,29.75,8.06
2016-03-19 19:00:00,0.0,28.37,3.23
2016-03-19 20:00:00,0.0,27.64,2.42
2016-03-19 21:00:00,0.0,27.17,0.23
2016-03-19 22:00:00,0.0,26.76,1.61
2016-03-19 23:00:00,0.0,26.37,3.23
2016-03-20 00:00:00,0.0,25.99,1.61
2016-03-20 01:00:00,0.0,25.64,0.0
2016-03-20 02:00:00,0.0,25.32,0.81
2016-03-20 03:00:00,0.0,25.0,1.61
2016-03-20 04:00:00,0.0,24.72,0.81
2016-03-20 05:00:00,0.0,24.48,4.03
2016-03-20 06:00:00,98.97,25.85,17.87
2016-03-20 07:00:00,312.98,28.4,33.82
2016-03-20 08:00:00,527.1,31.07,48.74
2016-03-20 09:00:00,754.72,33.46,19.26
2016-03-20 10:00:00,887.53,35.35,30.94
2016-03-20 11:00:00,931.38,36.57,25.47
2016-03-20 12:00:00,913.2,37.25,17.18
2016-03-20 13:00:00,822.05,37.38,23.37
2016-03-20 14:00:00,651.3,36.92,21.05
2016-03-20 15:00:00,439.95,36.07,23.09
2016-03-20 16:00:00,198.07,34.6,19.74
2016-03-20 17:00:00,25.9,32.13,17.09
2016-03-20 18:00:00,0.0,30.1,13.68
2016-03-20 19:00:00,0.0,28.9,3.23
2016-03-20 20:00:00,0.0,28.15,2.82
2016-03-20 21:00:00,0.0,27.61,2.42
2016-03-20 22:00:00,0.0,27.14,0.0
2016-03-20 23:00:00,0.0,26.71,0.0
2016-03-21 00:00:00,0.0,26.27,0.0
2016-03-21 01:00:00,0.0,25.85,1.61
2016-03-21 02:00:00,0.0,25.46,3.23
2016-03-21 03:00:00,0.0,25.11,10.42
2016-03-21 04:00:00,0.0,24.81,4.03
2016-03-21 05:00:00,0.0,24.61,8.0
2016-03-21 06:00:00,98.32,26.07,19.02
2016-03-21 07:00:00,293.8,28.76,32.92
2016-03-21 08:00:00,528.0,31.73,46.32
2016-03-21 09:00:00,734.8,34.49,26.86
2016-03-21 10:00:00,805.95,36.38,33.47
2016-03-21 11:00:00,933.67,37.6,45.82
2016-03-21 12:00:00,907.25,38.2,62.46
2016-03-21 13:00:00,815.72,38.25,58.44
2016-03-21 14:00:00,651.0,37.79,38.38
2016-03-21 15:00:00,442.9,36.9,29.73
2016-03-21 16:00:00,210.0,35.35,21.8
2016-03-21 17:00:00,27.58,32.73,13.09
2016-03-21 18:00:00,0.0,30.58,4.84
2016-03-21 19:00:00,0.0,29.44,2.42
2016-03-21 20:00:00,0.0,28.79,0.81
2016-03-21 21:00:00,0.0,28.27,1.61
2016-03-21 22:00:00,0.0,27.82,4.84
2016-03-21 23:00:00,0.0,27.43,31.31
2016-03-22 00:00:00,0.0,27.07,34.66
2016-03-22 01:00:00,0.0,26.73,37.97
2016-03-22 02:00:00,0.0,26.43,30.59
2016-03-22 03:00:00,0.0,26.19,32.04
2016-03-22 04:00:00,0.0,26.0,20.09
2016-03-22 05:00:00,0.0,25.86,33.1
2016-03-22 06:00:00,98.35,27.04,47.62
2016-03-22 07:00:00,275.42,29.47,62.73
2016-03-22 08:00:00,499.3,32.16,78.49
2016-03-22 09:00:00,705.4,34.55,60.14
2016-03-22 10:00:00,837.0,36.33,69.01
2016-03-22 11:00:00,900.42,37.55,71.66
2016-03-22 12:00:00,852.67,38.27,60.25
2016-03-22 13:00:00,755.22,38.44,69.29
2016-03-22 14:00:00,622.03,38.02,64.8
2016-03-22 15:00:00,401.52,37.07,58.85
2016-03-22 16:00:00,191.1,35.24,51.77
2016-03-22 17:00:00,26.67,32.73,45.42
2016-03-22 18:00:00,0.0,30.69,37.21
2016-03-22 19:00:00,0.0,29.64,66.11
2016-03-22 20:00:00,0.0,29.17,71.71
2016-03-22 21:00:00,0.0,28.83,66.33
2016-03-22 22:00:00,0.0,28.49,35.58
2016-03-22 23:00:00,0.0,28.16,13.75
2016-03-23 00:00:00,0.0,27.85,10.54
2016-03-23 01:00:00,0.0,27.6,7.63
2016-03-23 02:00:00,0.0,27.35,4.62
2016-03-23 03:00:00,0.0,27.11,1.61
2016-03-23 04:00:00,0.0,26.85,0.81
2016-03-23 05:00:00,0.0,26.6,6.45
2016-03-23 06:00:00,105.7,27.77,18.14
2016-03-23 07:00:00,300.45,30.01,32.3
2016-03-23 08:00:00,522.05,32.71,45.57
2016-03-23 09:00:00,724.75,34.82,27.23
2016-03-23 10:00:00,821.58,36.28,2.88
2016-03-23 11:00:00,895.42,37.22,19.71
2016-03-23 12:00:00,866.53,37.71,36.98
2016-03-23 13:00:00,736.25,37.71,2.74
2016-03-23 14:00:00,640.9,37.28,25.41
2016-03-23 15:00:00,431.25,36.33,19.46
2016-03-23 16:00:00,202.52,34.76,15.18
2016-03-23 17:00:00,26.98,32.48,9.99
2016-03-23 18:00:00,0.0,30.64,4.03
2016-03-23 19:00:00,0.0,29.68,7.22
2016-03-23 20:00:00,0.0,29.1,6.43
2016-03-23 21:00:00,0.0,28.6,8.86
2016-03-23 22:00:00,0.0,28.14,5.0
2016-03-23 23:00:00,0.0,27.71,5.89
2016-03-24 00:00:00,0.0,27.35,6.64
2016-03-24 01:00:00,0.0,27.06,7.35
2016-03-24 02:00:00,0.0,26.84,5.31
2016-03-24 03:00:00,0.0,26.67,3.23
2016-03-24 04:00:00,0.0,26.49,4.84
2016-03-24 05:00:00,2.7,26.46,18.36
2016-03-24 06:00:00,94.32,27.66,30.06
2016-03-24 07:00:00,304.2,29.35,44.55
2016-03-24 08:00:00,517.8,31.29,58.47
2016-03-24 09:00:00,736.45,33.41,39.24
2016-03-24 10:00:00,838.03,35.16,29.16
2016-03-24 11:00:00,918.53,36.32,38.85
2016-03-24 12:00:00,901.58,36.89,39.51
2016-03-24 13:00:00,805.17,36.92,37.54
2016-03-24 14:00:00,635.2,36.38,27.47
2016-03-24 15:00:00,421.92,35.25,27.17
2016-03-24 16:00:00,195.43,33.57,19.95
2016-03-24 17:00:00,26.52,31.32,14.28
2016-03-24 18:00:00,0.0,29.56,7.38
2016-03-24 19:00:00,0.0,28.57,4.84
2016-03-24 20:00:00,0.0,27.96,2.49
2016-03-24 21:00:00,0.0,27.48,0.14
2016-03-24 22:00:00,0.0,27.01,0.24
2016-03-24 23:00:00,0.0,26.48,0.33
2016-03-25 00:00:00,0.0,25.98,0.43
2016-03-25 01:00:00,0.0,25.61,0.52
2016-03-25 02:00:00,0.0,25.31,0.62
2016-03-25 03:00:00,0.0,25.12,0.71
2016-03-25 04:00:00,0.0,24.9,0.81
2016-03-25 05:00:00,3.03,24.77,11.9
2016-03-25 06:00:00,96.78,26.43,19.37
2016-03-25 07:00:00,307.33,28.19,32.63
2016-03-25 08:00:00,525.28,30.15,44.13
2016-03-25 09:00:00,743.55,32.26,8.33
2016-03-25 10:00:00,876.25,33.99,32.94
2016-03-25 11:00:00,918.97,35.09,26.13
2016-03-25 12:00:00,901.47,35.61,36.37
2016-03-25 13:00:00,811.92,35.56,13.28
2016-03-25 14:00:00,631.6,35.0,25.58
2016-03-25 15:00:00,421.6,33.95,27.79
2016-03-25 16:00:00,194.12,32.37,20.34
2016-03-25 17:00:00,25.55,30.24,13.46
2016-03-25 18:00:00,0.0,28.57,5.64
2016-03-25 19:00:00,0.0,27.59,4.03
2016-03-25 20:00:00,0.0,26.99,4.84
2016-03-25 21:00:00,0.0,26.53,3.55
2016-03-25 22:00:00,0.0,26.1,2.26
2016-03-25 23:00:00,0.0,25.7,2.49
2016-03-26 00:00:00,0.0,25.33,2.71
2016-03-26 01:00:00,0.0,24.93,2.94
2016-03-26 02:00:00,0.0,24.57,1.61
2016-03-26 03:00:00,0.0,24.25,1.21
2016-03-26 04:00:00,0.0,23.97,0.81
2016-03-26 05:00:00,3.2,23.8,8.69
2016-03-26 06:00:00,102.03,25.49,14.96
2016-03-26 07:00:00,314.08,27.51,24.6
2016-03-26 08:00:00,546.15,29.66,31.24
2016-03-26 09:00:00,752.92,32.01,23.32
2016-03-26 10:00:00,810.0,34.04,1.58
2016-03-26 11:00:00,949.8,35.35,23.64
2016-03-26 12:00:00,932.22,35.96,41.58
2016-03-26 13:00:00,845.45,36.03,12.1
2016-03-26 14:00:00,661.65,35.59,24.22
2016-03-26 15:00:00,446.77,34.62,23.95
2016-03-26 16:00:00,210.27,33.11,20.68
2016-03-26 17:00:00,28.1,30.78,18.01
2016-03-26 18:00:00,0.0,28.89,14.53
2016-03-26 19:00:00,0.0,27.78,5.66
2016-03-26 20:00:00,0.0,27.08,3.23
2016-03-26 21:00:00,0.0,26.56,0.0
2016-03-26 22:00:00,0.0,26.08,0.81
2016-03-26 23:00:00,0.0,25.58,1.61
2016-03-27 00:00:00,0.0,25.1,8.66
2016-03-27 01:00:00,0.0,24.67,15.6
2016-03-27 02:00:00,0.0,24.29,0.81
2016-03-27 03:00:00,0.0,23.94,1.21
2016-03-27 04:00:00,0.0,23.66,1.61
2016-03-27 05:00:00,3.8,23.48,9.08
2016-03-27 06:00:00,121.18,25.38,16.2
2016-03-27 07:00:00,347.7,27.55,25.67
2016-03-27 08:00:00,579.88,29.7,30.9
2016-03-27 09:00:00,738.67,31.81,3.04
2016-03-27 10:00:00,929.53,33.5,25.73
2016-03-27 11:00:00,967.3,34.73,24.37
2016-03-27 12:00:00,920.88,35.43,35.8
2016-03-27 13:00:00,850.53,35.59,24.32
2016-03-27 14:00:00,681.0,35.17,26.63
2016-03-27 15:00:00,467.9,34.23,26.71
2016-03-27 16:00:00,225.43,32.68,18.7
2016-03-27 17:00:00,31.4,30.45,10.14
2016-03-27 18:00:00,0.0,28.66,1.61
2016-03-27 19:00:00,0.0,27.67,1.61
2016-03-27 20:00:00,0.0,27.15,2.42
2016-03-27 21:00:00,0.0,26.76,1.26
2016-03-27 22:00:00,0.0,26.33,0.1
2016-03-27 23:00:00,0.0,25.81,0.81
2016-03-28 00:00:00,0.0,25.33,7.31
2016-03-28 01:00:00,0.0,24.94,13.56
2016-03-28 02:00:00,0.0,24.7,2.42
2016-03-28 03:00:00,0.0,24.48,0.81
2016-03-28 04:00:00,0.0,24.3,6.29
2016-03-28 05:00:00,4.5,24.22,11.79
2016-03-28 06:00:00,128.12,26.24,14.33
2016-03-28 07:00:00,359.85,28.35,23.43
2016-03-28 08:00:00,610.78,30.26,27.56
2016-03-28 09:00:00,787.1,32.27,42.85
2016-03-28 10:00:00,868.33,34.13,59.21
2016-03-28 11:00:00,951.65,35.43,59.97
2016-03-28 12:00:00,951.62,36.07,38.55
2016-03-28 13:00:00,855.65,36.04,31.66
2016-03-28 14:00:00,689.5,35.39,34.66
2016-03-28 15:00:00,478.35,34.21,29.32
2016-03-28 16:00:00,234.32,32.55,22.99
2016-03-28 17:00:00,33.6,30.48,13.71
2016-03-28 18:00:00,0.0,28.99,5.6
2016-03-28 19:00:00,0.0,28.24,0.81
2016-03-28 20:00:00,0.0,27.82,4.84
2016-03-28 21:00:00,0.0,27.6,62.75
2016-03-28 22:00:00,0.0,27.41,69.5
2016-03-28 23:00:00,0.0,27.32,94.94
2016-03-29 00:00:00,0.0,27.16,84.5
2016-03-29 01:00:00,0.0,26.99,74.15
2016-03-29 02:00:00,0.0,26.83,11.42
2016-03-29 03:00:00,0.0,26.78,51.74
2016-03-29 04:00:00,0.0,26.72,54.21
2016-03-29 05:00:00,4.9,26.71,53.37
2016-03-29 06:00:00,125.7,28.01,52.19
2016-03-29 07:00:00,326.92,29.72,52.94
2016-03-29 08:00:00,562.9,31.4,53.21
2016-03-29 09:00:00,779.38,33.12,61.05
2016-03-29 10:00:00,915.28,34.55,40.22
2016-03-29 11:00:00,920.9,35.55,48.2
2016-03-29 12:00:00,883.62,36.02,54.29
2016-03-29 13:00:00,785.28,35.95,73.42
2016-03-29 14:00:00,650.05,35.36,37.95
2016-03-29 15:00:00,441.25,34.35,27.81
2016-03-29 16:00:00,206.82,32.92,19.7
2016-03-29 17:00:00,28.02,31.15,11.14
2016-03-29 18:00:00,0.0,29.83,2.42
2016-03-29 19:00:00,0.0,29.07,39.09
2016-03-29 20:00:00,0.0,28.49,7.02
2016-03-29 21:00:00,0.0,27.99,1.61
2016-03-29 22:00:00,0.0,27.5,0.87
2016-03-29 23:00:00,0.0,27.0,0.8
2016-03-30 00:00:00,0.0,26.54,0.73
2016-03-30 01:00:00,0.0,26.14,5.77
2016-03-30 02:00:00,0.0,25.83,10.82
2016-03-30 03:00:00,0.0,25.6,15.87
2016-03-30 04:00:00,0.0,25.45,20.92
2016-03-30 05:00:00,4.03,25.38,25.97
2016-03-30 06:00:00,103.38,27.08,28.61
2016-03-30 07:00:00,305.55,28.96,34.8
2016-03-30 08:00:00,533.08,31.08,40.05
2016-03-30 09:00:00,725.33,33.2,35.45
2016-03-30 10:00:00,865.28,34.86,27.49
2016-03-30 11:00:00,949.6,35.83,25.39
2016-03-30 12:00:00,931.08,36.2,31.72
2016-03-30 13:00:00,826.17,36.02,14.49
2016-03-30 14:00:00,658.38,35.31,25.54
2016-03-30 15:00:00,444.92,34.19,28.39
2016-03-30 16:00:00,207.05,32.63,19.23
2016-03-30 17:00:00,28.0,30.76,10.92
2016-03-30 18:00:00,0.0,29.41,1.61
2016-03-30 19:00:00,0.0,28.68,0.81
2016-03-30 20:00:00,0.0,28.14,1.21
2016-03-30 21:00:00,0.0,27.71,1.61
2016-03-30 22:00:00,0.0,27.26,10.11
2016-03-30 23:00:00,0.0,26.8,14.1
2016-03-31 00:00:00,0.0,26.33,18.48
2016-03-31 01:00:00,0.0,25.93,22.41
2016-03-31 02:00:00,0.0,25.66,25.77
2016-03-31 03:00:00,0.0,25.45,28.59
2016-03-31 04:00:00,0.0,25.28,31.42
2016-03-31 05:00:00,4.4,25.25,34.09
2016-03-31 06:00:00,102.7,26.91,35.76
2016-03-31 07:00:00,296.85,28.75,39.2
2016-03-31 08:00:00,541.95,30.92,41.72
2016-03-31 09:00:00,744.47,33.1,25.1
2016-03-31 10:00:00,844.47,34.79,30.21
2016-03-31 11:00:00,939.53,35.84,28.95
2016-03-31 12:00:00,881.33,36.4,25.96
2016-03-31 13:00:00,820.75,36.4,28.69
2016-03-31 14:00:00,654.58,35.83,24.16
2016-03-31 15:00:00,442.1,34.84,27.18
2016-03-31 16:00:00,208.1,33.41,21.09
2016-03-31 17:00:00,28.27,31.5,15.32
2016-03-31 18:00:00,0.0,29.84,8.82
2016-03-31 19:00:00,0.0,28.87,6.39
2016-03-31 20:00:00,0.0,28.18,2.42
2016-03-31 21:00:00,0.0,27.69,0.06
2016-03-31 22:00:00,0.0,27.23,0.52
2016-03-31 23:00:00,0.0,26.71,0.99
2016-04-01 00:00:00,0.0,26.22,1.46
2016-04-01 01:00:00,0.0,25.82,1.61
2016-04-01 02:00:00,0.0,25.45,2.42
2016-04-01 03:00:00,0.0,25.19,0.81
2016-04-01 04:00:00,0.0,25.02,1.61
2016-04-01 05:00:00,5.18,25.03,33.11
2016-04-01 06:00:00,113.3,26.76,32.39
2016-04-01 07:00:00,324.85,28.7,33.71
2016-04-01 08:00:00,555.45,30.86,32.49
2016-04-01 09:00:00,732.42,33.01,23.69
2016-04-01 10:00:00,860.8,34.81,20.66
2016-04-01 11:00:00,946.35,36.07,19.2
2016-04-01 12:00:00,928.25,36.78,22.78
2016-04-01 13:00:00,816.45,36.99,1.6
2016-04-01 14:00:00,656.3,36.65,24.36
2016-04-01 15:00:00,443.17,35.74,23.49
2016-04-01 16:00:00,211.88,34.2,24.28
2016-04-01 17:00:00,29.17,32.0,24.86
2016-04-01 18:00:00,0.0,30.1,25.77
2016-04-01 19:00:00,0.0,29.01,2.42
2016-04-01 20:00:00,0.0,28.32,4.84
2016-04-01 21:00:00,0.0,27.86,1.61
2016-04-01 22:00:00,0.0,27.36,0.01
2016-04-01 23:00:00,0.0,26.87,0.17
2016-04-02 00:00:00,0.0,26.44,0.34
2016-04-02 01:00:00,0.0,26.07,0.5
2016-04-02 02:00:00,0.0,25.74,4.0
2016-04-02 03:00:00,0.0,25.45,7.5
2016-04-02 04:00:00,0.0,25.2,11.0
2016-04-02 05:00:00,5.57,25.09,14.5
2016-04-02 06:00:00,127.07,26.82,18.14
2016-04-02 07:00:00,346.48,28.81,23.3
2016-04-02 08:00:00,574.5,31.09,24.83
2016-04-02 09:00:00,776.3,33.32,18.62
2016-04-02 10:00:00,894.5,35.13,24.44
2016-04-02 11:00:00,962.53,36.33,21.0
2016-04-02 12:00:00,940.65,36.97,23.12
2016-04-02 13:00:00,854.38,37.06,0.0
2016-04-02 14:00:00,667.7,36.6,24.37
2016-04-02 15:00:00,451.62,35.68,23.37
2016-04-02 16:00:00,215.82,34.24,24.61
2016-04-02 17:00:00,29.98,32.12,25.94
2016-04-02 18:00:00,0.0,30.29,27.42
2016-04-02 19:00:00,0.0,29.27,1.61
2016-04-02 20:00:00,0.0,28.54,0.81
2016-04-02 21:00:00,0.0,28.0,0.0
2016-04-02 22:00:00,0.0,27.56,0.27
2016-04-02 23:00:00,0.0,27.15,0.54
2016-04-03 00:00:00,0.0,26.77,0.81
2016-04-03 01:00:00,0.0,26.45,1.86
2016-04-03 02:00:00,0.0,26.16,2.91
2016-04-03 03:00:00,0.0,25.93,6.32
2016-04-03 04:00:00,0.0,25.75,9.73
2016-04-03 05:00:00,6.3,25.72,13.15
2016-04-03 06:00:00,130.32,27.39,16.05
2016-04-03 07:00:00,352.25,29.44,21.17
2016-04-03 08:00:00,581.95,31.71,22.07
2016-04-03 09:00:00,793.25,33.95,14.93
2016-04-03 10:00:00,918.8,35.79,18.02
2016-04-03 11:00:00,970.53,37.03,21.18
2016-04-03 12:00:00,930.35,37.7,36.14
2016-04-03 13:00:00,844.12,37.86,23.55
2016-04-03 14:00:00,669.7,37.5,27.36
2016-04-03 15:00:00,449.42,36.66,44.54
2016-04-03 16:00:00,212.23,35.28,44.8
2016-04-03 17:00:00,30.08,33.02,46.06
2016-04-03 18:00:00,0.0,30.94,46.07
2016-04-03 19:00:00,0.0,29.71,28.32
2016-04-03 20:00:00,0.0,28.85,27.56
2016-04-03 21:00:00,0.0,28.22,5.58
2016-04-03 22:00:00,0.0,27.65,7.78
2016-04-03 23:00:00,0.0,27.15,23.28
2016-04-04 00:00:00,0.0,26.68,14.55
2016-04-04 01:00:00,0.0,26.25,55.95
2016-04-04 02:00:00,0.0,25.85,21.74
2016-04-04 03:00:00,0.0,25.49,24.02
2016-04-04 04:00:00,0.0,25.2,26.28
2016-04-04 05:00:00,6.68,25.1,28.25
2016-04-04 06:00:00,125.28,26.82,29.28
2016-04-04 07:00:00,341.25,28.97,33.71
2016-04-04 08:00:00,576.9,31.43,34.6
2016-04-04 09:00:00,789.75,33.92,20.34
2016-04-04 10:00:00,924.05,35.68,17.69
2016-04-04 11:00:00,969.92,36.76,21.04
2016-04-04 12:00:00,948.78,37.27,25.42
2016-04-04 13:00:00,813.58,37.3,3.88
2016-04-04 14:00:00,670.15,36.81,25.3
2016-04-04 15:00:00,457.5,35.9,24.31
2016-04-04 16:00:00,217.75,34.49,16.56
2016-04-04 17:00:00,30.48,32.28,8.55
2016-04-04 18:00:00,0.0,30.22,0.81
2016-04-04 19:00:00,0.0,29.19,3.23
2016-04-04 20:00:00,0.0,28.38,7.26
2016-04-04 21:00:00,0.0,27.73,0.01
2016-04-04 22:00:00,0.0,27.13,8.9
2016-04-04 23:00:00,0.0,26.56,4.03
2016-04-05 00:00:00,0.0,26.06,0.81
2016-04-05 01:00:00,0.0,25.61,0.94
2016-04-05 02:00:00,0.0,25.23,2.42
2016-04-05 03:00:00,0.0,24.96,5.51
2016-04-05 04:00:00,0.0,24.77,8.6
2016-04-05 05:00:00,7.43,24.71,11.71
2016-04-05 06:00:00,141.95,26.54,14.77
2016-04-05 07:00:00,375.0,28.95,19.16
2016-04-05 08:00:00,622.58,31.43,19.33
2016-04-05 09:00:00,832.8,33.7,17.5
2016-04-05 10:00:00,960.2,35.48,20.99
2016-04-05 11:00:00,1019.75,36.62,19.54
2016-04-05 12:00:00,949.12,37.25,3.31
2016-04-05 13:00:00,893.92,37.37,23.63
2016-04-05 14:00:00,722.2,36.97,25.43
2016-04-05 15:00:00,504.3,36.04,25.87
2016-04-05 16:00:00,254.38,34.52,19.51
2016-04-05 17:00:00,38.65,32.27,9.12
2016-04-05 18:00:00,0.0,30.23,0.81
2016-04-05 19:00:00,0.0,29.09,0.81
2016-04-05 20:00:00,0.0,28.4,0.81
2016-04-05 21:00:00,0.0,27.94,2.42
2016-04-05 22:00:00,0.0,27.49,2.63
2016-04-05 23:00:00,0.0,27.03,4.03
2016-04-06 00:00:00,0.0,26.62,6.61
2016-04-06 01:00:00,0.0,26.27,4.03
2016-04-06 02:00:00,0.0,25.98,7.14
2016-04-06 03:00:00,0.0,25.74,10.25
2016-04-06 04:00:00,0.0,25.58,13.36
2016-04-06 05:00:00,8.0,25.56,16.5
2016-04-06 06:00:00,150.7,27.49,19.57
2016-04-06 07:00:00,386.05,29.77,23.34
2016-04-06 08:00:00,618.88,31.99,24.34
2016-04-06 09:00:00,803.1,33.9,22.71
2016-04-06 10:00:00,883.83,35.42,40.25
2016-04-06 11:00:00,999.15,36.5,31.8
2016-04-06 12:00:00,967.58,37.16,34.88
2016-04-06 13:00:00,872.83,37.3,17.04
2016-04-06 14:00:00,703.42,36.79,30.19
2016-04-06 15:00:00,492.92,35.75,29.21
2016-04-06 16:00:00,247.52,34.17,22.89
2016-04-06 17:00:00,37.45,32.07,12.25
2016-04-06 18:00:00,0.0,30.36,2.42
2016-04-06 19:00:00,0.0,29.46,10.52
2016-04-06 20:00:00,0.0,28.96,0.81
2016-04-06 21:00:00,0.0,28.58,2.42
2016-04-06 22:00:00,0.0,28.22,4.84
2016-04-06 23:00:00,0.0,27.8,4.03
2016-04-07 00:00:00,0.0,27.4,2.42
2016-04-07 01:00:00,0.0,27.12,24.69
2016-04-07 02:00:00,0.0,27.04,33.28
2016-04-07 03:00:00,0.0,27.0,11.56
2016-04-07 04:00:00,0.0,26.98,13.18
2016-04-07 05:00:00,7.75,26.97,15.17
2016-04-07 06:00:00,151.5,28.14,16.51
2016-04-07 07:00:00,374.75,29.75,20.1
2016-04-07 08:00:00,618.92,31.66,20.08
2016-04-07 09:00:00,807.7,33.56,21.07
2016-04-07 10:00:00,933.58,35.18,23.52
2016-04-07 11:00:00,995.3,36.42,26.6
2016-04-07 12:00:00,926.83,37.27,28.09
2016-04-07 13:00:00,873.3,37.47,25.83
2016-04-07 14:00:00,700.2,36.84,27.19
2016-04-07 15:00:00,483.7,35.61,27.2
2016-04-07 16:00:00,226.55,33.74,33.16
2016-04-07 17:00:00,32.28,31.56,43.7
2016-04-07 18:00:00,0.0,30.06,48.42
2016-04-07 19:00:00,0.0,29.51,32.9
2016-04-07 20:00:00,0.0,29.29,22.35
2016-04-07 21:00:00,0.0,29.14,19.54
2016-04-07 22:00:00,0.0,28.98,26.4
2016-04-07 23:00:00,0.0,28.87,26.43
2016-04-08 00:00:00,0.0,28.75,21.29
2016-04-08 01:00:00,0.0,28.66,12.69
2016-04-08 02:00:00,0.0,28.53,2.42
2016-04-08 03:00:00,0.0,28.45,6.18
2016-04-08 04:00:00,0.0,28.34,9.94
2016-04-08 05:00:00,9.4,28.16,13.78
2016-04-08 06:00:00,158.38,28.85,21.36
2016-04-08 07:00:00,380.98,30.19,26.09
2016-04-08 08:00:00,615.62,31.82,24.84
2016-04-08 09:00:00,797.22,33.5,24.27
2016-04-08 10:00:00,924.28,34.98,25.01
2016-04-08 11:00:00,997.9,36.02,25.86
2016-04-08 12:00:00,978.45,36.57,26.94
2016-04-08 13:00:00,827.03,36.6,19.59
2016-04-08 14:00:00,702.8,36.13,28.06
2016-04-08 15:00:00,492.8,35.21,26.6
2016-04-08 16:00:00,236.75,33.74,30.48
2016-04-08 17:00:00,36.7,31.86,32.58
2016-04-08 18:00:00,0.0,30.31,35.36
2016-04-08 19:00:00,0.0,29.47,14.42
2016-04-08 20:00:00,0.0,29.01,14.42
2016-04-08 21:00:00,0.0,28.65,1.61
2016-04-08 22:00:00,0.0,28.31,1.65
2016-04-08 23:00:00,0.0,28.03,3.23
2016-04-09 00:00:00,0.0,27.82,0.81
2016-04-09 01:00:00,0.0,27.61,7.97
2016-04-09 02:00:00,0.0,27.49,1.61
2016-04-09 03:00:00,0.0,27.38,4.97
2016-04-09 04:00:00,0.0,27.22,8.33
2016-04-09 05:00:00,9.68,27.18,11.72
2016-04-09 06:00:00,160.75,28.16,17.77
2016-04-09 07:00:00,395.2,29.66,21.33
2016-04-09 08:00:00,631.47,31.58,20.74
2016-04-09 09:00:00,814.5,33.44,16.52
2016-04-09 10:00:00,944.62,34.94,26.89
2016-04-09 11:00:00,1000.85,35.98,22.7
2016-04-09 12:00:00,977.05,36.49,29.22
2016-04-09 13:00:00,873.1,36.48,24.08
2016-04-09 14:00:00,704.15,35.97,24.06
2016-04-09 15:00:00,488.95,34.95,24.27
2016-04-09 16:00:00,242.52,33.47,21.32
2016-04-09 17:00:00,36.08,31.52,15.99
2016-04-09 18:00:00,0.0,29.87,12.42
2016-04-09 19:00:00,0.0,28.95,9.3
2016-04-09 20:00:00,0.0,28.58,6.18
2016-04-09 21:00:00,0.0,28.41,3.06
2016-04-09 22:00:00,0.0,28.26,1.61
2016-04-09 23:00:00,0.0,28.11,6.42
2016-04-10 00:00:00,0.0,27.93,15.28
2016-04-10 01:00:00,0.0,27.74,2.42
2016-04-10 02:00:00,0.0,27.49,3.23
2016-04-10 03:00:00,0.0,27.25,4.03
2016-04-10 04:00:00,0.0,27.05,20.1
2016-04-10 05:00:00,10.52,26.99,18.71
2016-04-10 06:00:00,164.3,28.23,19.12
2016-04-10 07:00:00,401.42,29.86,15.69
2016-04-10 08:00:00,636.92,31.69,14.16
2016-04-10 09:00:00,813.85,33.45,15.89
2016-04-10 10:00:00,956.53,34.9,16.54
2016-04-10 11:00:00,1000.5,35.8,18.62
2016-04-10 12:00:00,972.1,36.11,21.13
2016-04-10 13:00:00,853.8,35.89,21.65
2016-04-10 14:00:00,690.78,35.29,26.66
2016-04-10 15:00:00,475.52,34.37,23.93
2016-04-10 16:00:00,234.93,33.19,17.67
2016-04-10 17:00:00,34.05,31.72,9.71
2016-04-10 18:00:00,0.0,30.36,2.42
2016-04-10 19:00:00,0.0,29.34,3.23
2016-04-10 20:00:00,0.0,28.57,2.42
2016-04-10 21:00:00,0.0,27.91,3.23
2016-04-10 22:00:00,0.0,27.22,0.66
2016-04-10 23:00:00,0.0,26.62,1.61
2016-04-11 00:00:00,0.0,26.13,3.23
2016-04-11 01:00:00,0.0,25.73,4.74
2016-04-11 02:00:00,0.0,25.35,3.96
2016-04-11 03:00:00,0.0,25.05,3.19
2016-04-11 04:00:00,0.0,24.81,2.42
2016-04-11 05:00:00,9.18,24.75,4.23
2016-04-11 06:00:00,154.2,26.74,4.93
2016-04-11 07:00:00,389.65,28.94,8.91
2016-04-11 08:00:00,628.58,31.32,6.17
2016-04-11 09:00:00,797.7,33.43,2.42
2016-04-11 10:00:00,941.53,35.13,24.94
2016-04-11 11:00:00,1004.7,36.23,23.1
2016-04-11 12:00:00,975.5,36.76,32.16
2016-04-11 13:00:00,883.58,36.78,26.14
2016-04-11 14:00:00,693.9,36.33,28.49
2016-04-11 15:00:00,475.52,35.46,30.33
2016-04-11 16:00:00,232.88,34.16,21.77
2016-04-11 17:00:00,33.58,32.43,12.96
2016-04-11 18:00:00,0.0,30.83,4.03
2016-04-11 19:00:00,0.0,29.79,4.03
2016-04-11 20:00:00,0.0,29.08,5.66
2016-04-11 21:00:00,0.0,28.61,1.7
2016-04-11 22:00:00,0.0,28.16,8.07
2016-04-11 23:00:00,0.0,27.69,3.23
2016-04-12 00:00:00,0.0,27.28,2.42
2016-04-12 01:00:00,0.0,26.97,17.41
2016-04-12 02:00:00,0.0,26.72,0.81
2016-04-12 03:00:00,0.0,26.57,1.61
2016-04-12 04:00:00,0.0,26.48,3.23
2016-04-12 05:00:00,10.23,26.53,8.76
2016-04-12 06:00:00,151.88,28.14,14.45
2016-04-12 07:00:00,377.52,30.35,20.15
2016-04-12 08:00:00,600.8,32.71,23.69
2016-04-12 09:00:00,801.97,34.81,33.25
2016-04-12 10:00:00,926.42,36.43,25.12
2016-04-12 11:00:00,989.97,37.61,26.09
2016-04-12 12:00:00,958.9,38.33,29.37
2016-04-12 13:00:00,861.7,38.49,26.22
2016-04-12 14:00:00,689.05,38.0,28.23
2016-04-12 15:00:00,474.58,36.91,30.5
2016-04-12 16:00:00,231.45,35.24,22.96
2016-04-12 17:00:00,33.65,33.1,13.15
2016-04-12 18:00:00,0.0,31.27,4.84
2016-04-12 19:00:00,0.0,30.23,5.65
2016-04-12 20:00:00,0.0,29.65,6.46
2016-04-12 21:00:00,0.0,29.28,8.87
2016-04-12 22:00:00,0.0,28.96,0.0
2016-04-12 23:00:00,0.0,28.69,5.65
2016-04-13 00:00:00,0.0,28.42,1.61
2016-04-13 01:00:00,0.0,28.17,0.72
2016-04-13 02:00:00,0.0,27.91,6.0
2016-04-13 03:00:00,0.0,27.61,11.29
2016-04-13 04:00:00,0.0,27.34,4.03
2016-04-13 05:00:00,9.12,27.23,5.46
2016-04-13 06:00:00,134.75,28.57,5.38
2016-04-13 07:00:00,357.25,30.88,9.4
2016-04-13 08:00:00,583.03,33.32,7.25
2016-04-13 09:00:00,756.08,35.37,1.61
2016-04-13 10:00:00,881.12,37.04,24.19
2016-04-13 11:00:00,941.28,38.25,19.64
2016-04-13 12:00:00,914.0,39.02,27.59
2016-04-13 13:00:00,817.35,39.22,9.38
2016-04-13 14:00:00,640.25,38.81,24.32
2016-04-13 15:00:00,431.9,37.88,26.33
2016-04-13 16:00:00,200.5,36.35,18.43
2016-04-13 17:00:00,28.35,34.06,10.73
2016-04-13 18:00:00,0.0,31.94,2.42
2016-04-13 19:00:00,0.0,30.68,4.84
2016-04-13 20:00:00,0.0,30.11,1.61
2016-04-13 21:00:00,0.0,29.79,36.0
2016-04-13 22:00:00,0.0,29.53,1.61
2016-04-13 23:00:00,0.0,29.25,0.81
2016-04-14 00:00:00,0.0,29.07,8.08
2016-04-14 01:00:00,0.0,28.96,86.56
2016-04-14 02:00:00,0.0,28.91,16.18
2016-04-14 03:00:00,0.0,28.83,1.61
2016-04-14 04:00:00,0.0,28.7,16.16
2016-04-14 05:00:00,9.15,28.68,18.94
2016-04-14 06:00:00,132.6,29.61,18.83
2016-04-14 07:00:00,336.42,31.28,24.33
2016-04-14 08:00:00,567.08,33.01,24.98
2016-04-14 09:00:00,761.17,34.68,51.74
2016-04-14 10:00:00,883.42,35.88,18.48
2016-04-14 11:00:00,880.47,36.55,27.42
2016-04-14 12:00:00,874.62,36.96,38.89
2016-04-14 13:00:00,785.58,37.11,23.37
2016-04-14 14:00:00,620.65,36.86,23.86
2016-04-14 15:00:00,420.05,36.02,26.21
2016-04-14 16:00:00,195.6,34.57,18.24
2016-04-14 17:00:00,28.0,32.84,10.24
2016-04-14 18:00:00,0.0,31.49,1.61
2016-04-14 19:00:00,0.0,30.76,4.03
2016-04-14 20:00:00,0.0,30.28,5.54
2016-04-14 21:00:00,0.0,29.94,11.21
2016-04-14 22:00:00,0.0,29.62,0.0
2016-04-14 23:00:00,0.0,29.32,5.58
2016-04-15 00:00:00,0.0,29.05,0.75
2016-04-15 01:00:00,0.0,28.83,4.84
2016-04-15 02:00:00,0.0,28.68,2.42
2016-04-15 03:00:00,0.0,28.59,3.23
2016-04-15 04:00:00,0.0,28.5,8.77
2016-04-15 05:00:00,10.68,28.44,11.33
2016-04-15 06:00:00,148.23,29.16,13.96
2016-04-15 07:00:00,366.17,30.49,19.71
2016-04-15 08:00:00,587.4,32.14,20.67
2016-04-15 09:00:00,774.03,33.9,13.7
2016-04-15 10:00:00,896.83,35.47,36.61
2016-04-15 11:00:00,939.83,36.6,32.31
2016-04-15 12:00:00,915.92,37.24,36.66
2016-04-15 13:00:00,812.12,37.3,20.06
2016-04-15 14:00:00,648.12,36.68,28.88
2016-04-15 15:00:00,444.23,35.52,28.8
2016-04-15 16:00:00,214.68,33.89,20.34
2016-04-15 17:00:00,30.75,32.0,11.29
2016-04-15 18:00:00,0.0,30.62,1.61
2016-04-15 19:00:00,0.0,29.98,7.21
2016-04-15 20:00:00,0.0,29.63,1.61
2016-04-15 21:00:00,0.0,29.37,4.84
2016-04-15 22:00:00,0.0,29.12,2.7
2016-04-15 23:00:00,0.0,28.88,14.46
2016-04-16 00:00:00,0.0,28.71,11.21
2016-04-16 01:00:00,0.0,28.64,7.32
2016-04-16 02:00:00,0.0,28.61,1.61
2016-04-16 03:00:00,0.0,28.56,6.85
2016-04-16 04:00:00,0.0,28.5,12.11
2016-04-16 05:00:00,12.23,28.46,12.39
2016-04-16 06:00:00,164.82,29.33,14.5
2016-04-16 07:00:00,390.67,30.8,18.87
2016-04-16 08:00:00,614.0,32.44,18.72
2016-04-16 09:00:00,607.5,34.01,4.03
2016-04-16 10:00:00,904.65,35.31,44.05
2016-04-16 11:00:00,960.35,36.21,29.14
2016-04-16 12:00:00,866.1,36.59,42.1
2016-04-16 13:00:00,833.12,36.5,24.76
2016-04-16 14:00:00,665.55,36.09,27.51
2016-04-16 15:00:00,459.52,35.26,27.78
2016-04-16 16:00:00,222.85,33.93,21.62
2016-04-16 17:00:00,33.67,32.26,14.01
2016-04-16 18:00:00,0.0,30.82,6.32
2016-04-16 19:00:00,0.0,29.95,25.08
2016-04-16 20:00:00,0.0,29.38,52.47
2016-04-16 21:00:00,0.0,28.97,88.41
2016-04-16 22:00:00,0.0,28.59,66.57
2016-04-16 23:00:00,0.0,28.29,89.06
2016-04-17 00:00:00,0.0,27.99,95.99
2016-04-17 01:00:00,0.0,27.73,99.07
2016-04-17 02:00:00,0.0,27.51,98.52
2016-04-17 03:00:00,0.0,27.33,84.86
2016-04-17 04:00:00,0.0,27.2,64.9
2016-04-17 05:00:00,12.12,27.27,53.81
2016-04-17 06:00:00,153.95,28.66,41.8
2016-04-17 07:00:00,368.4,30.5,32.26
2016-04-17 08:00:00,603.62,32.38,20.64
2016-04-17 09:00:00,795.35,34.2,12.87
2016-04-17 10:00:00,920.85,35.73,19.96
2016-04-17 11:00:00,955.33,36.7,28.22
2016-04-17 12:00:00,936.28,37.2,28.24
2016-04-17 13:00:00,838.0,37.1,16.43
2016-04-17 14:00:00,666.25,36.52,24.52
2016-04-17 15:00:00,453.65,35.47,26.12
2016-04-17 16:00:00,223.32,33.96,18.33
2016-04-17 17:00:00,33.45,32.15,9.68
2016-04-17 18:00:00,0.0,30.73,0.81
2016-04-17 19:00:00,0.0,29.98,3.23
2016-04-17 20:00:00,0.0,29.42,10.47
2016-04-17 21:00:00,0.0,28.94,9.67
2016-04-17 22:00:00,0.0,28.51,3.73
2016-04-17 23:00:00,0.0,28.11,20.15
2016-04-18 00:00:00,0.0,27.71,3.23
2016-04-18 01:00:00,0.0,27.3,2.95
2016-04-18 02:00:00,0.0,27.0,2.42
2016-04-18 03:00:00,0.0,26.81,8.86
2016-04-18 04:00:00,0.0,26.72,4.03
2016-04-18 05:00:00,13.48,26.89,7.3
2016-04-18 06:00:00,174.57,28.53,12.79
2016-04-18 07:00:00,403.83,30.29,18.82
2016-04-18 08:00:00,626.58,32.24,19.38
2016-04-18 09:00:00,811.12,34.12,18.68
2016-04-18 10:00:00,939.4,35.62,22.61
2016-04-18 11:00:00,1001.0,36.66,21.76
2016-04-18 12:00:00,980.17,37.15,25.5
2016-04-18 13:00:00,905.22,37.09,0.73
2016-04-18 14:00:00,707.05,36.52,24.6
2016-04-18 15:00:00,495.45,35.5,25.55
2016-04-18 16:00:00,248.3,34.05,22.09
2016-04-18 17:00:00,38.88,32.19,14.53
2016-04-18 18:00:00,0.0,30.62,9.28
2016-04-18 19:00:00,0.0,29.77,4.84
2016-04-18 20:00:00,0.0,29.22,14.53
2016-04-18 21:00:00,0.0,28.8,2.31
2016-04-18 22:00:00,0.0,28.45,2.42
2016-04-18 23:00:00,0.0,28.1,2.42
2016-04-19 00:00:00,0.0,27.77,0.81
2016-04-19 01:00:00,0.0,27.46,1.61
2016-04-19 02:00:00,0.0,27.15,20.55
2016-04-19 03:00:00,0.0,26.87,20.09
2016-04-19 04:00:00,0.0,26.71,19.46
2016-04-19 05:00:00,14.8,26.76,19.34
2016-04-19 06:00:00,178.48,28.4,20.16
2016-04-19 07:00:00,405.27,30.2,22.03
2016-04-19 08:00:00,634.7,32.07,19.26
2016-04-19 09:00:00,820.17,33.88,18.41
2016-04-19 10:00:00,945.03,35.4,23.94
2016-04-19 11:00:00,997.67,36.46,26.7
2016-04-19 12:00:00,907.6,37.03,37.78
2016-04-19 13:00:00,869.4,37.0,28.25
2016-04-19 14:00:00,699.78,36.41,27.93
2016-04-19 15:00:00,491.38,35.3,32.4
2016-04-19 16:00:00,253.27,33.75,26.08
2016-04-19 17:00:00,40.6,31.84,21.58
2016-04-19 18:00:00,0.0,30.34,16.12
2016-04-19 19:00:00,0.0,29.57,11.55
2016-04-19 20:00:00,0.0,29.14,6.99
2016-04-19 21:00:00,0.0,28.84,2.42
2016-04-19 22:00:00,0.0,28.52,0.1
2016-04-19 23:00:00,0.0,28.17,1.61
2016-04-20 00:00:00,0.0,27.8,2.42
2016-04-20 01:00:00,0.0,27.45,2.86
2016-04-20 02:00:00,0.0,27.27,5.1
2016-04-20 03:00:00,0.0,27.06,7.34
2016-04-20 04:00:00,0.0,26.96,9.58
2016-04-20 05:00:00,15.85,26.94,12.03
2016-04-20 06:00:00,187.68,28.26,19.23
2016-04-20 07:00:00,419.0,30.1,21.14
2016-04-20 08:00:00,639.0,32.19,21.46
2016-04-20 09:00:00,816.35,34.18,19.84
2016-04-20 10:00:00,908.6,35.89,31.14
2016-04-20 11:00:00,1003.7,37.13,21.02
2016-04-20 12:00:00,980.0,37.91,25.35
2016-04-20 13:00:00,735.85,38.17,2.77
2016-04-20 14:00:00,703.62,37.86,27.29
2016-04-20 15:00:00,491.55,36.96,26.84
2016-04-20 16:00:00,240.98,35.48,23.95
2016-04-20 17:00:00,38.3,33.42,16.68
2016-04-20 18:00:00,0.0,31.46,11.75
2016-04-20 19:00:00,0.0,30.26,7.87
2016-04-20 20:00:00,0.0,29.61,3.99
2016-04-20 21:00:00,0.0,29.19,0.11
2016-04-20 22:00:00,0.0,28.85,1.61
2016-04-20 23:00:00,0.0,28.52,3.23
2016-04-21 00:00:00,0.0,28.25,4.84
2016-04-21 01:00:00,0.0,28.08,12.96
2016-04-21 02:00:00,0.0,27.98,3.23
2016-04-21 03:00:00,0.0,27.86,4.84
2016-04-21 04:00:00,0.0,27.76,6.46
2016-04-21 05:00:00,14.38,27.76,5.25
2016-04-21 06:00:00,170.8,28.94,4.03
2016-04-21 07:00:00,392.35,30.79,2.82
2016-04-21 08:00:00,612.53,32.92,1.61
2016-04-21 09:00:00,828.42,34.96,41.15
2016-04-21 10:00:00,942.42,36.63,20.45
2016-04-21 11:00:00,993.92,37.79,20.7
2016-04-21 12:00:00,926.22,38.48,2.12
2016-04-21 13:00:00,861.22,38.64,26.52
2016-04-21 14:00:00,692.0,38.29,27.78
2016-04-21 15:00:00,482.95,37.46,26.34
2016-04-21 16:00:00,244.98,36.04,19.55
2016-04-21 17:00:00,38.4,34.06,9.01
2016-04-21 18:00:00,0.0,32.1,0.81
2016-04-21 19:00:00,0.0,30.9,1.61
2016-04-21 20:00:00,0.0,30.21,0.81
2016-04-21 21:00:00,0.0,29.78,2.42
2016-04-21 22:00:00,0.0,29.44,0.04
2016-04-21 23:00:00,0.0,29.18,4.03
2016-04-22 00:00:00,0.0,28.94,0.43
2016-04-22 01:00:00,0.0,28.73,1.53
2016-04-22 02:00:00,0.0,28.56,2.64
2016-04-22 03:00:00,0.0,28.4,3.74
2016-04-22 04:00:00,0.0,28.26,4.84
2016-04-22 05:00:00,12.6,28.21,4.03
2016-04-22 06:00:00,175.57,29.36,3.23
2016-04-22 07:00:00,379.35,31.51,2.42
2016-04-22 08:00:00,587.3,33.77,1.61
2016-04-22 09:00:00,789.3,35.84,18.47
2016-04-22 10:00:00,903.42,37.53,35.38
2016-04-22 11:00:00,963.03,38.78,18.49
2016-04-22 12:00:00,931.2,39.5,23.55
2016-04-22 13:00:00,774.85,39.61,4.25
2016-04-22 14:00:00,652.03,39.15,26.29
2016-04-22 15:00:00,444.23,38.19,26.78
2016-04-22 16:00:00,211.5,36.74,19.47
2016-04-22 17:00:00,31.0,34.67,11.91
2016-04-22 18:00:00,0.0,32.63,4.03
2016-04-22 19:00:00,0.0,31.41,4.03
2016-04-22 20:00:00,0.0,30.77,23.37
2016-04-22 21:00:00,0.0,30.41,0.81
2016-04-22 22:00:00,0.0,30.08,0.81
2016-04-22 23:00:00,0.0,29.74,3.23
2016-04-23 00:00:00,0.0,29.42,1.61
2016-04-23 01:00:00,0.0,29.09,0.43
2016-04-23 02:00:00,0.0,28.77,10.48
2016-04-23 03:00:00,0.0,28.48,3.23
2016-04-23 04:00:00,0.0,28.26,22.98
2016-04-23 05:00:00,11.98,28.17,42.96
2016-04-23 06:00:00,134.95,29.31,60.11
2016-04-23 07:00:00,344.27,31.63,81.45
2016-04-23 08:00:00,570.5,34.1,0.81
2016-04-23 09:00:00,754.83,36.24,0.81
2016-04-23 10:00:00,880.9,37.92,14.4
2016-04-23 11:00:00,924.38,39.16,19.58
2016-04-23 12:00:00,860.17,39.76,20.64
2016-04-23 13:00:00,789.2,39.71,23.54
2016-04-23 14:00:00,624.15,39.0,24.67
2016-04-23 15:00:00,422.25,37.9,26.97
2016-04-23 16:00:00,197.7,36.32,19.75
2016-04-23 17:00:00,29.15,34.14,12.71
2016-04-23 18:00:00,0.0,32.25,4.84
2016-04-23 19:00:00,0.0,31.35,16.89
2016-04-23 20:00:00,0.0,30.95,8.83
2016-04-23 21:00:00,0.0,30.78,0.49
2016-04-23 22:00:00,0.0,30.65,22.39
2016-04-23 23:00:00,0.0,30.45,21.71
2016-04-24 00:00:00,0.0,30.23,32.08
2016-04-24 01:00:00,0.0,30.01,49.22
2016-04-24 02:00:00,0.0,29.79,74.44
2016-04-24 03:00:00,0.0,29.54,80.89
2016-04-24 04:00:00,0.0,29.28,92.95
2016-04-24 05:00:00,10.45,29.13,90.15
2016-04-24 06:00:00,115.05,30.2,84.31
2016-04-24 07:00:00,314.83,32.4,83.75
2016-04-24 08:00:00,598.2,34.48,7.89
2016-04-24 09:00:00,739.22,36.49,4.03
2016-04-24 10:00:00,894.15,38.17,29.07
2016-04-24 11:00:00,934.47,39.45,27.87
2016-04-24 12:00:00,903.58,40.05,26.55
2016-04-24 13:00:00,785.08,40.03,43.73
2016-04-24 14:00:00,610.67,39.34,29.4
2016-04-24 15:00:00,411.55,37.77,32.41
2016-04-24 16:00:00,194.18,35.99,28.9
2016-04-24 17:00:00,29.25,33.93,25.6
2016-04-24 18:00:00,0.0,32.3,19.82
2016-04-24 19:00:00,0.0,31.56,9.45
2016-04-24 20:00:00,0.0,31.12,10.31
2016-04-24 21:00:00,0.0,30.79,10.29
2016-04-24 22:00:00,0.0,30.55,75.26
2016-04-24 23:00:00,0.0,30.33,73.46
2016-04-25 00:00:00,0.0,30.12,82.37
2016-04-25 01:00:00,0.0,29.93,87.12
2016-04-25 02:00:00,0.0,29.79,49.54
2016-04-25 03:00:00,0.0,29.64,51.88
2016-04-25 04:00:00,0.0,29.47,59.09
2016-04-25 05:00:00,12.4,29.35,67.91
2016-04-25 06:00:00,139.7,30.14,73.73
2016-04-25 07:00:00,349.55,31.65,83.27
2016-04-25 08:00:00,553.1,33.34,1.61
2016-04-25 09:00:00,778.62,34.69,12.33
2016-04-25 10:00:00,823.55,35.77,50.62
2016-04-25 11:00:00,946.08,36.57,30.27
2016-04-25 12:00:00,914.4,36.95,25.8
2016-04-25 13:00:00,809.72,36.87,24.24
2016-04-25 14:00:00,614.7,36.24,30.56
2016-04-25 15:00:00,440.55,35.21,32.92
2016-04-25 16:00:00,210.9,33.88,25.11
2016-04-25 17:00:00,31.75,32.51,17.81
2016-04-25 18:00:00,0.0,31.43,9.26
2016-04-25 19:00:00,0.0,30.82,7.62
2016-04-25 20:00:00,0.0,30.38,8.72
2016-04-25 21:00:00,0.0,30.01,3.78
2016-04-25 22:00:00,0.0,29.69,0.81
2016-04-25 23:00:00,0.0,29.37,7.23
2016-04-26 00:00:00,0.0,29.11,7.14
2016-04-26 01:00:00,0.0,28.9,5.6
2016-04-26 02:00:00,0.0,28.75,0.81
2016-04-26 03:00:00,0.0,28.62,16.03
2016-04-26 04:00:00,0.0,28.51,25.75
2016-04-26 05:00:00,15.65,28.45,32.47
2016-04-26 06:00:00,159.5,29.26,36.91
2016-04-26 07:00:00,382.9,30.6,43.9
2016-04-26 08:00:00,577.6,31.96,35.39
2016-04-26 09:00:00,731.22,33.18,59.42
2016-04-26 10:00:00,904.92,34.43,41.3
2016-04-26 11:00:00,950.95,35.33,42.0
2016-04-26 12:00:00,927.92,35.71,43.71
2016-04-26 13:00:00,810.7,35.72,50.59
2016-04-26 14:00:00,661.28,35.18,43.02
2016-04-26 15:00:00,451.75,34.31,60.87
2016-04-26 16:00:00,222.9,33.13,43.24
2016-04-26 17:00:00,36.42,31.86,25.17
2016-04-26 18:00:00,0.0,30.82,4.84
2016-04-26 19:00:00,0.0,30.16,25.0
2016-04-26 20:00:00,0.0,29.57,29.07
2016-04-26 21:00:00,0.0,28.99,9.65
2016-04-26 22:00:00,0.0,28.45,4.68
2016-04-26 23:00:00,0.0,28.0,4.03
2016-04-27 00:00:00,0.0,27.58,2.42
2016-04-27 01:00:00,0.0,27.21,17.29
2016-04-27 02:00:00,0.0,26.87,63.84
2016-04-27 03:00:00,0.0,26.58,51.07
2016-04-27 04:00:00,0.0,26.38,47.07
2016-04-27 05:00:00,18.42,26.42,50.71
2016-04-27 06:00:00,168.85,28.06,54.39
2016-04-27 07:00:00,392.42,30.02,56.65
2016-04-27 08:00:00,608.03,32.13,46.07
2016-04-27 09:00:00,775.17,33.91,52.07
2016-04-27 10:00:00,844.08,34.98,87.82
2016-04-27 11:00:00,868.92,35.38,91.66
2016-04-27 12:00:00,878.75,35.35,93.09
2016-04-27 13:00:00,771.75,35.03,93.4
2016-04-27 14:00:00,648.7,34.62,76.2
2016-04-27 15:00:00,447.42,33.99,62.21
2016-04-27 16:00:00,223.5,32.93,47.47
2016-04-27 17:00:00,37.7,31.56,31.43
2016-04-27 18:00:00,0.0,30.36,13.78
2016-04-27 19:00:00,0.0,29.7,31.53
2016-04-27 20:00:00,0.0,29.19,63.21
2016-04-27 21:00:00,0.0,28.71,96.83
2016-04-27 22:00:00,0.0,28.11,91.36
2016-04-27 23:00:00,0.0,27.57,90.66
2016-04-28 00:00:00,0.0,27.19,72.0
2016-04-28 01:00:00,0.0,26.92,68.84
2016-04-28 02:00:00,0.0,26.73,46.91
2016-04-28 03:00:00,0.0,26.62,24.31
2016-04-28 04:00:00,0.0,26.61,0.81
2016-04-28 05:00:00,19.45,26.78,8.39
2016-04-28 06:00:00,189.65,28.29,15.58
2016-04-28 07:00:00,417.0,29.98,21.99
2016-04-28 08:00:00,649.88,31.91,7.91
2016-04-28 09:00:00,827.92,34.03,14.96
2016-04-28 10:00:00,954.1,36.04,8.98
2016-04-28 11:00:00,994.8,37.5,22.48
2016-04-28 12:00:00,922.08,38.38,3.48
2016-04-28 13:00:00,857.28,38.7,24.84
2016-04-28 14:00:00,687.88,38.44,25.49
2016-04-28 15:00:00,477.17,37.58,25.68
2016-04-28 16:00:00,242.73,36.11,19.2
2016-04-28 17:00:00,39.4,33.98,10.68
2016-04-28 18:00:00,0.0,31.81,2.42
2016-04-28 19:00:00,0.0,30.6,6.45
2016-04-28 20:00:00,0.0,29.79,5.64
2016-04-28 21:00:00,0.0,29.22,3.23
2016-04-28 22:00:00,0.0,28.76,0.61
2016-04-28 23:00:00,0.0,28.3,34.61
2016-04-29 00:00:00,0.0,27.86,50.78
2016-04-29 01:00:00,0.0,27.44,54.08
2016-04-29 02:00:00,0.0,27.07,11.35
2016-04-29 03:00:00,0.0,26.76,15.3
2016-04-29 04:00:00,0.0,26.53,19.34
2016-04-29 05:00:00,19.83,26.53,23.72
2016-04-29 06:00:00,184.3,28.14,27.54
2016-04-29 07:00:00,412.9,30.54,31.9
2016-04-29 08:00:00,646.7,33.19,12.48
2016-04-29 09:00:00,763.1,35.42,3.23
2016-04-29 10:00:00,933.53,37.04,26.8
2016-04-29 11:00:00,934.72,38.11,24.11
2016-04-29 12:00:00,957.7,38.64,24.64
2016-04-29 13:00:00,869.7,38.67,8.87
2016-04-29 14:00:00,683.53,38.28,24.53
2016-04-29 15:00:00,471.55,37.38,24.61
2016-04-29 16:00:00,235.77,36.04,18.35
2016-04-29 17:00:00,37.7,34.15,10.32
2016-04-29 18:00:00,0.0,32.15,2.42
2016-04-29 19:00:00,0.0,30.89,2.02
2016-04-29 20:00:00,0.0,29.95,1.61
2016-04-29 21:00:00,0.0,29.21,7.16
2016-04-29 22:00:00,0.0,28.54,8.91
2016-04-29 23:00:00,0.0,27.94,4.84
2016-04-30 00:00:00,0.0,27.44,0.81
2016-04-30 01:00:00,0.0,27.03,4.84
2016-04-30 02:00:00,0.0,26.74,9.41
2016-04-30 03:00:00,0.0,26.59,13.5
2016-04-30 04:00:00,0.0,26.49,17.59
2016-04-30 05:00:00,17.23,26.63,21.73
2016-04-30 06:00:00,169.85,28.3,22.11
2016-04-30 07:00:00,402.3,30.41,28.68
2016-04-30 08:00:00,624.55,32.6,0.81
2016-04-30 09:00:00,828.78,34.76,15.97
2016-04-30 10:00:00,942.55,36.58,15.98
2016-04-30 11:00:00,938.72,37.88,24.4
2016-04-30 12:00:00,954.85,38.56,5.52
2016-04-30 13:00:00,834.7,38.64,25.04
2016-04-30 14:00:00,668.17,38.23,24.59
2016-04-30 15:00:00,459.3,37.31,26.33
2016-04-30 16:00:00,225.48,35.83,20.29
2016-04-30 17:00:00,36.0,33.76,13.86
2016-04-30 18:00:00,0.0,31.69,6.85
2016-04-30 19:00:00,0.0,30.49,0.81
2016-04-30 20:00:00,0.0,29.7,5.63
2016-04-30 21:00:00,0.0,29.1,5.63
2016-04-30 22:00:00,0.0,28.58,0.04
2016-04-30 23:00:00,0.0,28.13,2.42
2016-05-01 00:00:00,0.0,27.68,7.35
2016-05-01 01:00:00,0.0,27.25,4.03
2016-05-01 02:00:00,0.0,26.91,11.99
2016-05-01 03:00:00,0.0,26.67,32.2
2016-05-01 04:00:00,0.0,26.42,11.32
2016-05-01 05:00:00,18.15,26.4,31.82
2016-05-01 06:00:00,185.52,28.02,30.94
2016-05-01 07:00:00,412.9,30.48,32.27
2016-05-01 08:00:00,644.83,32.9,18.31
2016-05-01 09:00:00,751.15,35.26,2.42
2016-05-01 10:00:00,942.97,37.14,18.91
2016-05-01 11:00:00,976.15,38.47,20.33
2016-05-01 12:00:00,941.17,39.23,24.28
2016-05-01 13:00:00,743.08,39.39,3.77
2016-05-01 14:00:00,668.45,38.93,26.13
2016-05-01 15:00:00,463.38,37.9,25.43
2016-05-01 16:00:00,226.85,36.25,19.81
2016-05-01 17:00:00,36.5,33.94,13.01
2016-05-01 18:00:00,0.0,31.76,6.46
2016-05-01 19:00:00,0.0,30.61,13.73
2016-05-01 20:00:00,0.0,29.99,3.23
2016-05-01 21:00:00,0.0,29.59,11.33
2016-05-01 22:00:00,0.0,29.21,0.08
2016-05-01 23:00:00,0.0,28.89,2.42
2016-05-02 00:00:00,0.0,28.53,0.81
2016-05-02 01:00:00,0.0,28.2,0.0
2016-05-02 02:00:00,0.0,27.92,1.08
2016-05-02 03:00:00,0.0,27.67,2.15
2016-05-02 04:00:00,0.0,27.47,3.23
2016-05-02 05:00:00,18.77,27.42,7.67
2016-05-02 06:00:00,187.93,28.81,11.78
2016-05-02 07:00:00,416.33,31.3,18.7
2016-05-02 08:00:00,637.55,33.8,12.91
2016-05-02 09:00:00,816.4,35.96,12.97
2016-05-02 10:00:00,920.7,37.73,22.93
2016-05-02 11:00:00,963.05,39.03,17.79
2016-05-02 12:00:00,764.74,39.77,22.38
2016-05-02 13:00:00,790.15,39.87,26.97
2016-05-02 14:00:00,657.62,39.29,26.53
2016-05-02 15:00:00,454.73,37.97,26.89
2016-05-02 16:00:00,213.4,36.03,22.66
2016-05-02 17:00:00,34.42,33.59,17.11
2016-05-02 18:00:00,0.0,31.61,11.51
2016-05-02 19:00:00,0.0,30.65,8.3
2016-05-02 20:00:00,0.0,30.18,3.23
2016-05-02 21:00:00,0.0,29.9,1.69
2016-05-02 22:00:00,0.0,29.61,29.34
2016-05-02 23:00:00,0.0,29.31,56.89
2016-05-03 00:00:00,0.0,29.02,83.52
2016-05-03 01:00:00,0.0,28.75,34.25
2016-05-03 02:00:00,0.0,28.52,26.03
2016-05-03 03:00:00,0.0,28.25,1.61
2016-05-03 04:00:00,0.0,28.03,3.23
2016-05-03 05:00:00,17.98,28.02,14.84
2016-05-03 06:00:00,170.12,29.22,25.09
2016-05-03 07:00:00,387.77,31.18,37.18
2016-05-03 08:00:00,618.22,33.12,13.24
2016-05-03 09:00:00,796.5,35.02,13.12
2016-05-03 10:00:00,905.83,36.58,16.67
2016-05-03 11:00:00,962.88,37.73,18.59
2016-05-03 12:00:00,929.58,38.44,25.19
2016-05-03 13:00:00,787.2,38.63,2.66
2016-05-03 14:00:00,659.65,38.28,26.44
2016-05-03 15:00:00,448.3,37.32,27.77
2016-05-03 16:00:00,216.52,35.79,26.76
2016-05-03 17:00:00,35.2,33.73,24.57
2016-05-03 18:00:00,0.0,31.79,23.32
2016-05-03 19:00:00,0.0,30.68,36.28
2016-05-03 20:00:00,0.0,30.06,20.27
2016-05-03 21:00:00,0.0,29.59,14.61
2016-05-03 22:00:00,0.0,29.21,47.93
2016-05-03 23:00:00,0.0,28.89,71.8
2016-05-04 00:00:00,0.0,28.61,72.12
2016-05-04 01:00:00,0.0,28.38,62.38
2016-05-04 02:00:00,0.0,28.16,5.88
2016-05-04 03:00:00,0.0,27.95,29.44
2016-05-04 04:00:00,0.0,27.82,23.67
2016-05-04 05:00:00,18.25,27.87,38.04
2016-05-04 06:00:00,151.05,29.2,51.68
2016-05-04 07:00:00,352.7,30.87,64.26
2016-05-04 08:00:00,596.53,32.61,23.9
2016-05-04 09:00:00,803.22,34.34,9.22
2016-05-04 10:00:00,827.65,35.82,49.34
2016-05-04 11:00:00,945.5,36.92,24.39
2016-05-04 12:00:00,913.62,37.55,27.72
2016-05-04 13:00:00,808.55,37.61,28.4
2016-05-04 14:00:00,649.28,37.09,25.4
2016-05-04 15:00:00,445.55,36.27,25.82
2016-05-04 16:00:00,217.95,35.07,20.99
2016-05-04 17:00:00,34.8,33.4,15.51
2016-05-04 18:00:00,0.0,31.78,9.62
2016-05-04 19:00:00,0.0,30.83,13.63
2016-05-04 20:00:00,0.0,30.26,0.81
2016-05-04 21:00:00,0.0,29.86,4.23
2016-05-04 22:00:00,0.0,29.47,3.73
2016-05-04 23:00:00,0.0,29.11,3.23
2016-05-05 00:00:00,0.0,28.75,55.72
2016-05-05 01:00:00,0.0,28.45,80.78
2016-05-05 02:00:00,0.0,28.19,95.4
2016-05-05 03:00:00,0.0,27.89,74.86
2016-05-05 04:00:00,0.0,27.63,50.92
2016-05-05 05:00:00,18.17,27.67,43.86
2016-05-05 06:00:00,166.93,29.11,35.07
2016-05-05 07:00:00,398.35,30.77,30.32
2016-05-05 08:00:00,614.65,32.46,19.73
2016-05-05 09:00:00,789.53,34.14,31.83
2016-05-05 10:00:00,905.22,35.59,19.22
2016-05-05 11:00:00,951.0,36.67,25.31
2016-05-05 12:00:00,892.1,37.25,47.14
2016-05-05 13:00:00,811.7,37.28,27.91
2016-05-05 14:00:00,654.35,36.8,28.37
2016-05-05 15:00:00,449.67,35.94,33.6
2016-05-05 16:00:00,221.5,34.74,30.64
2016-05-05 17:00:00,37.62,33.13,26.44
2016-05-05 18:00:00,0.0,31.59,21.85
2016-05-05 19:00:00,0.0,30.68,56.32
2016-05-05 20:00:00,0.0,30.08,93.55
2016-05-05 21:00:00,0.0,29.61,97.34
2016-05-05 22:00:00,0.0,29.18,99.47
2016-05-05 23:00:00,0.0,28.78,50.13
2016-05-06 00:00:00,0.0,28.36,4.03
2016-05-06 01:00:00,0.0,27.99,24.35
2016-05-06 02:00:00,0.0,27.7,37.18
2016-05-06 03:00:00,0.0,27.48,9.1
2016-05-06 04:00:00,0.0,27.29,4.03
2016-05-06 05:00:00,19.9,27.32,30.95
2016-05-06 06:00:00,162.48,28.59,56.93
2016-05-06 07:00:00,364.05,30.53,82.56
2016-05-06 08:00:00,595.75,32.41,17.11
2016-05-06 09:00:00,778.42,34.1,19.26
2016-05-06 10:00:00,860.33,35.49,43.35
2016-05-06 11:00:00,909.95,36.42,28.39
2016-05-06 12:00:00,811.85,36.93,42.55
2016-05-06 13:00:00,599.03,36.96,61.8
2016-05-06 14:00:00,499.62,36.43,75.67
2016-05-06 15:00:00,315.05,35.36,93.65
2016-05-06 16:00:00,170.3,33.96,93.8
2016-05-06 17:00:00,25.6,32.39,93.81
2016-05-06 18:00:00,0.0,31.02,94.3
2016-05-06 19:00:00,0.0,30.17,97.24
2016-05-06 20:00:00,0.0,29.68,98.21
2016-05-06 21:00:00,0.0,29.41,98.35
2016-05-06 22:00:00,0.0,29.18,100.0
2016-05-06 23:00:00,0.0,28.96,97.0
2016-05-07 00:00:00,0.0,28.72,99.58
2016-05-07 01:00:00,0.0,28.52,99.34
2016-05-07 02:00:00,0.0,28.35,99.48
2016-05-07 03:00:00,0.0,28.21,98.59
2016-05-07 04:00:00,0.0,28.1,93.37
2016-05-07 05:00:00,17.67,28.07,85.18
2016-05-07 06:00:00,149.07,28.7,74.45
2016-05-07 07:00:00,348.8,29.64,65.55
2016-05-07 08:00:00,593.47,30.85,18.76
2016-05-07 09:00:00,781.83,32.36,68.14
2016-05-07 10:00:00,904.78,33.78,10.39
2016-05-07 11:00:00,939.22,34.64,21.21
2016-05-07 12:00:00,858.12,35.13,47.41
2016-05-07 13:00:00,788.83,35.26,35.68
2016-05-07 14:00:00,622.6,35.01,42.16
2016-05-07 15:00:00,380.27,34.28,90.49
2016-05-07 16:00:00,187.02,33.26,68.23
2016-05-07 17:00:00,31.77,31.93,47.24
2016-05-07 18:00:00,0.0,30.72,24.8
2016-05-07 19:00:00,0.0,30.13,21.69
2016-05-07 20:00:00,0.0,29.81,12.07
2016-05-07 21:00:00,0.0,29.59,2.42
2016-05-07 22:00:00,0.0,29.38,4.89
2016-05-07 23:00:00,0.0,29.15,1.61
2016-05-08 00:00:00,0.0,28.9,79.01
2016-05-08 01:00:00,0.0,28.64,48.44
2016-05-08 02:00:00,0.0,28.41,20.33
2016-05-08 03:00:00,0.0,28.22,16.43
2016-05-08 04:00:00,0.0,28.08,6.09
2016-05-08 05:00:00,22.7,28.06,19.14
2016-05-08 06:00:00,182.73,29.05,31.0
2016-05-08 07:00:00,399.55,30.28,43.9
2016-05-08 08:00:00,618.6,31.48,15.75
2016-05-08 09:00:00,655.58,32.69,36.61
2016-05-08 10:00:00,766.3,33.87,57.48
2016-05-08 11:00:00,940.45,34.84,24.43
2016-05-08 12:00:00,908.78,35.67,33.31
2016-05-08 13:00:00,787.12,36.22,16.82
2016-05-08 14:00:00,656.15,36.17,27.7
2016-05-08 15:00:00,454.38,35.72,28.6
2016-05-08 16:00:00,208.5,34.94,40.96
2016-05-08 17:00:00,33.33,33.71,55.41
2016-05-08 18:00:00,0.0,32.25,68.07
2016-05-08 19:00:00,0.0,31.41,70.28
2016-05-08 20:00:00,0.0,30.71,46.9
2016-05-08 21:00:00,0.0,30.16,44.77
2016-05-08 22:00:00,0.0,29.71,87.06
2016-05-08 23:00:00,0.0,29.36,74.35
2016-05-09 00:00:00,0.0,29.01,83.86
2016-05-09 01:00:00,0.0,28.67,97.38
2016-05-09 02:00:00,0.0,28.4,90.83
2016-05-09 03:00:00,0.0,28.13,99.37
2016-05-09 04:00:00,0.0,27.88,99.95
2016-05-09 05:00:00,11.18,27.9,98.61
2016-05-09 06:00:00,86.35,28.84,97.86
2016-05-09 07:00:00,180.4,30.22,97.98
2016-05-09 08:00:00,389.27,31.86,90.6
2016-05-09 09:00:00,548.85,33.34,87.54
2016-05-09 10:00:00,721.28,34.56,75.99
2016-05-09 11:00:00,769.42,35.38,74.61
2016-05-09 12:00:00,792.92,35.83,73.96
2016-05-09 13:00:00,748.78,36.05,65.8
2016-05-09 14:00:00,555.9,35.81,77.25
2016-05-09 15:00:00,322.38,35.18,88.41
2016-05-09 16:00:00,172.0,34.15,84.88
2016-05-09 17:00:00,31.3,32.72,81.76
2016-05-09 18:00:00,0.0,31.35,75.67
2016-05-09 19:00:00,0.0,30.49,98.47
2016-05-09 20:00:00,0.0,29.93,90.11
2016-05-09 21:00:00,0.0,29.6,97.27
2016-05-09 22:00:00,0.0,29.37,94.31
2016-05-09 23:00:00,0.0,29.15,88.63
2016-05-10 00:00:00,0.0,28.89,92.26
2016-05-10 01:00:00,0.0,28.64,75.63
2016-05-10 02:00:00,0.0,28.38,74.76
2016-05-10 03:00:00,0.0,28.06,77.38
2016-05-10 04:00:00,0.0,27.8,45.4
2016-05-10 05:00:00,19.88,27.78,51.03
2016-05-10 06:00:00,154.15,29.01,56.48
2016-05-10 07:00:00,351.8,30.88,61.48
2016-05-10 08:00:00,560.0,32.74,32.2
2016-05-10 09:00:00,735.97,34.37,22.65
2016-05-10 10:00:00,832.5,35.72,32.28
2016-05-10 11:00:00,891.78,36.74,64.38
2016-05-10 12:00:00,840.35,37.38,73.15
2016-05-10 13:00:00,771.58,37.57,51.44
2016-05-10 14:00:00,634.65,37.21,44.01
2016-05-10 15:00:00,437.02,36.34,33.04
2016-05-10 16:00:00,218.1,34.99,40.04
2016-05-10 17:00:00,38.78,33.28,46.61
2016-05-10 18:00:00,0.0,31.69,52.88
2016-05-10 19:00:00,0.0,30.66,32.85
2016-05-10 20:00:00,0.0,30.08,49.04
2016-05-10 21:00:00,0.0,29.75,82.97
2016-05-10 22:00:00,0.0,29.51,99.63
2016-05-10 23:00:00,0.0,29.22,90.57
2016-05-11 00:00:00,0.0,28.85,94.47
2016-05-11 01:00:00,0.0,28.45,96.82
2016-05-11 02:00:00,0.0,28.05,89.92
2016-05-11 03:00:00,0.0,27.65,89.24
2016-05-11 04:00:00,0.0,27.14,99.72
2016-05-11 05:00:00,15.02,26.94,95.2
2016-05-11 06:00:00,112.62,28.26,89.86
2016-05-11 07:00:00,279.67,30.1,83.85
2016-05-11 08:00:00,481.3,31.96,66.91
2016-05-11 09:00:00,653.08,33.72,49.95
2016-05-11 10:00:00,834.42,35.26,83.88
2016-05-11 11:00:00,866.53,36.44,80.51
2016-05-11 12:00:00,814.53,37.15,84.25
2016-05-11 13:00:00,726.53,37.34,86.08
2016-05-11 14:00:00,557.28,37.01,89.06
2016-05-11 15:00:00,372.98,36.29,70.78
2016-05-11 16:00:00,185.38,35.25,65.92
2016-05-11 17:00:00,35.5,33.92,60.88
2016-05-11 18:00:00,0.0,32.56,51.41
2016-05-11 19:00:00,0.0,31.72,49.8
2016-05-11 20:00:00,0.0,31.1,76.59
2016-05-11 21:00:00,0.0,30.63,80.72
2016-05-11 22:00:00,0.0,30.2,68.51
2016-05-11 23:00:00,0.0,29.72,75.89
2016-05-12 00:00:00,0.0,29.27,83.18
2016-05-12 01:00:00,0.0,28.86,90.7
2016-05-12 02:00:00,0.0,28.48,94.07
2016-05-12 03:00:00,0.0,28.13,66.53
2016-05-12 04:00:00,0.0,27.79,21.36
2016-05-12 05:00:00,21.2,27.82,26.73
2016-05-12 06:00:00,175.23,29.46,30.43
2016-05-12 07:00:00,401.3,31.93,35.65
2016-05-12 08:00:00,604.88,34.11,26.94
2016-05-12 09:00:00,793.22,35.89,20.07
2016-05-12 10:00:00,909.42,37.16,14.55
2016-05-12 11:00:00,954.1,38.05,30.57
2016-05-12 12:00:00,911.85,38.48,43.89
2016-05-12 13:00:00,737.55,38.32,77.82
2016-05-12 14:00:00,622.67,37.52,55.71
2016-05-12 15:00:00,451.27,36.42,36.6
2016-05-12 16:00:00,230.95,34.9,26.91
2016-05-12 17:00:00,42.7,33.24,14.31
2016-05-12 18:00:00,0.0,31.99,0.81
2016-05-12 19:00:00,0.0,31.38,9.1
2016-05-12 20:00:00,0.0,30.95,25.09
2016-05-12 21:00:00,0.0,30.56,21.78
2016-05-12 22:00:00,0.0,30.24,81.24
2016-05-12 23:00:00,0.0,29.93,34.62
2016-05-13 00:00:00,0.0,29.66,24.18
2016-05-13 01:00:00,0.0,29.41,53.39
2016-05-13 02:00:00,0.0,29.17,75.78
2016-05-13 03:00:00,0.0,28.9,65.49
2016-05-13 04:00:00,0.0,28.64,22.85
2016-05-13 05:00:00,22.23,28.49,24.41
2016-05-13 06:00:00,181.1,29.76,24.24
2016-05-13 07:00:00,405.52,31.9,27.32
2016-05-13 08:00:00,579.95,34.03,4.03
2016-05-13 09:00:00,811.28,35.8,8.7
2016-05-13 10:00:00,902.08,37.15,74.91
2016-05-13 11:00:00,933.22,38.13,35.29
2016-05-13 12:00:00,890.3,38.74,46.73
2016-05-13 13:00:00,784.03,38.9,100.0
2016-05-13 14:00:00,620.7,38.55,56.37
2016-05-13 15:00:00,413.0,37.57,61.6
2016-05-13 16:00:00,204.3,36.05,60.21
2016-05-13 17:00:00,37.2,34.0,59.19
2016-05-13 18:00:00,0.0,32.02,55.64
2016-05-13 19:00:00,0.0,30.88,57.31
2016-05-13 20:00:00,0.0,30.29,59.63
2016-05-13 21:00:00,0.0,29.98,52.17
2016-05-13 22:00:00,0.0,29.68,46.63
2016-05-13 23:00:00,0.0,29.36,32.09
2016-05-14 00:00:00,0.0,29.05,24.02
2016-05-14 01:00:00,0.0,28.78,48.67
2016-05-14 02:00:00,0.0,28.54,15.17
2016-05-14 03:00:00,0.0,28.4,9.53
2016-05-14 04:00:00,0.0,28.21,7.11
2016-05-14 05:00:00,22.4,28.28,9.34
2016-05-14 06:00:00,181.48,29.37,7.11
2016-05-14 07:00:00,409.6,30.91,12.12
2016-05-14 08:00:00,628.53,32.72,0.81
2016-05-14 09:00:00,801.85,34.55,6.5
2016-05-14 10:00:00,879.72,36.06,0.81
2016-05-14 11:00:00,959.95,37.09,21.06
2016-05-14 12:00:00,696.03,37.55,4.27
2016-05-14 13:00:00,818.7,37.39,27.58
2016-05-14 14:00:00,645.4,36.55,40.33
2016-05-14 15:00:00,445.83,35.22,73.97
2016-05-14 16:00:00,225.52,33.54,62.46
2016-05-14 17:00:00,41.17,31.88,51.41
2016-05-14 18:00:00,0.0,30.78,37.44
2016-05-14 19:00:00,0.0,30.36,57.01
2016-05-14 20:00:00,0.0,30.1,70.94
2016-05-14 21:00:00,0.0,29.85,86.99
2016-05-14 22:00:00,0.0,29.58,99.45
2016-05-14 23:00:00,0.0,29.32,100.0
2016-05-15 00:00:00,0.0,29.09,100.0
2016-05-15 01:00:00,0.0,28.84,98.87
2016-05-15 02:00:00,0.0,28.51,100.0
2016-05-15 03:00:00,0.0,28.19,94.92
2016-05-15 04:00:00,0.0,27.88,64.23
2016-05-15 05:00:00,26.6,27.81,61.04
2016-05-15 06:00:00,185.7,28.82,57.67
2016-05-15 07:00:00,404.58,30.48,53.19
2016-05-15 08:00:00,628.75,32.19,23.37
2016-05-15 09:00:00,806.58,33.81,18.47
2016-05-15 10:00:00,859.72,35.1,98.46
2016-05-15 11:00:00,936.95,35.8,36.87
2016-05-15 12:00:00,901.9,35.92,40.83
2016-05-15 13:00:00,814.8,35.49,95.75
2016-05-15 14:00:00,620.3,34.72,66.14
2016-05-15 15:00:00,430.85,33.87,77.52
2016-05-15 16:00:00,217.98,32.94,56.26
2016-05-15 17:00:00,43.55,31.95,32.87
2016-05-15 18:00:00,0.0,31.15,4.84
2016-05-15 19:00:00,0.0,30.8,14.72
2016-05-15 20:00:00,0.0,30.47,6.63
2016-05-15 21:00:00,0.0,29.98,99.53
2016-05-15 22:00:00,0.0,29.36,49.92
2016-05-15 23:00:00,0.0,29.03,80.11
2016-05-16 00:00:00,0.0,28.88,82.31
2016-05-16 01:00:00,0.0,28.66,99.73
2016-05-16 02:00:00,0.0,28.53,99.08
2016-05-16 03:00:00,0.0,28.47,99.32
2016-05-16 04:00:00,0.0,28.43,100.0
2016-05-16 05:00:00,23.23,28.45,93.49
2016-05-16 06:00:00,179.2,29.02,85.54
2016-05-16 07:00:00,375.1,29.77,78.84
2016-05-16 08:00:00,526.28,30.6,36.88
2016-05-16 09:00:00,563.75,31.34,99.33
2016-05-16 10:00:00,529.4,31.89,89.91
2016-05-16 11:00:00,374.48,31.98,99.95
2016-05-16 12:00:00,299.85,31.86,100.0
2016-05-16 13:00:00,341.17,31.54,100.0
2016-05-16 14:00:00,324.77,31.15,99.43
2016-05-16 15:00:00,204.15,30.59,99.84
2016-05-16 16:00:00,119.57,29.95,100.0
2016-05-16 17:00:00,21.02,29.19,100.0
2016-05-16 18:00:00,0.0,28.7,99.54
2016-05-16 19:00:00,0.0,28.48,97.31
2016-05-16 20:00:00,0.0,28.3,92.58
2016-05-16 21:00:00,0.0,28.14,95.62
2016-05-16 22:00:00,0.0,27.95,99.18
2016-05-16 23:00:00,0.0,27.74,100.0
2016-05-17 00:00:00,0.0,27.56,100.0
2016-05-17 01:00:00,0.0,27.46,100.0
2016-05-17 02:00:00,0.0,27.37,100.0
2016-05-17 03:00:00,0.0,27.28,100.0
2016-05-17 04:00:00,0.0,27.13,100.0
2016-05-17 05:00:00,2.4,26.91,99.47
2016-05-17 06:00:00,36.83,26.97,93.3
2016-05-17 07:00:00,59.25,27.38,100.0
2016-05-17 08:00:00,152.65,28.32,100.0
2016-05-17 09:00:00,187.55,29.25,99.37
2016-05-17 10:00:00,227.88,29.81,100.0
2016-05-17 11:00:00,73.15,30.08,100.0
2016-05-17 12:00:00,65.03,30.11,98.98
2016-05-17 13:00:00,56.65,30.0,97.31
2016-05-17 14:00:00,63.72,29.74,98.5
2016-05-17 15:00:00,32.88,28.63,97.39
2016-05-17 16:00:00,15.0,27.66,97.69
2016-05-17 17:00:00,2.38,27.0,98.7
2016-05-17 18:00:00,0.0,26.75,100.0
2016-05-17 19:00:00,0.0,26.78,100.0
2016-05-17 20:00:00,0.0,26.72,100.0
2016-05-17 21:00:00,0.0,26.63,100.0
2016-05-17 22:00:00,0.0,26.43,100.0
2016-05-17 23:00:00,0.0,26.14,100.0
2016-05-18 00:00:00,0.0,25.98,100.0
2016-05-18 01:00:00,0.0,25.99,100.0
2016-05-18 02:00:00,0.0,25.95,100.0
2016-05-18 03:00:00,0.0,26.04,100.0
2016-05-18 04:00:00,0.0,26.32,100.0
2016-05-18 05:00:00,1.1,26.61,100.0
2016-05-18 06:00:00,7.82,26.87,99.95
2016-05-18 07:00:00,20.8,27.3,99.37
2016-05-18 08:00:00,31.83,28.08,99.2
2016-05-18 09:00:00,44.42,29.09,98.94
2016-05-18 10:00:00,78.47,30.58,95.69
2016-05-18 11:00:00,43.95,32.03,100.0
2016-05-18 12:00:00,50.3,33.17,98.55
2016-05-18 13:00:00,41.05,33.58,99.64
2016-05-18 14:00:00,42.25,33.61,98.92
2016-05-18 15:00:00,26.2,33.0,99.3
2016-05-18 16:00:00,12.7,31.84,99.03
2016-05-18 17:00:00,2.2,30.3,99.39
2016-05-18 18:00:00,0.0,29.34,100.0
2016-05-18 19:00:00,0.0,28.86,100.0
2016-05-18 20:00:00,0.0,28.31,100.0
2016-05-18 21:00:00,0.0,27.74,100.0
2016-05-18 22:00:00,0.0,27.2,100.0
2016-05-18 23:00:00,0.0,26.82,100.0
2016-05-19 00:00:00,0.0,26.56,100.0
2016-05-19 01:00:00,0.0,26.39,99.84
2016-05-19 02:00:00,0.0,26.24,100.0
2016-05-19 03:00:00,0.0,26.17,100.0
2016-05-19 04:00:00,0.0,26.1,100.0
2016-05-19 05:00:00,8.95,26.18,100.0
2016-05-19 06:00:00,70.93,26.95,100.0
2016-05-19 07:00:00,175.05,28.49,100.0
2016-05-19 08:00:00,273.42,30.56,100.0
2016-05-19 09:00:00,258.92,32.31,100.0
2016-05-19 10:00:00,258.1,33.37,99.46
2016-05-19 11:00:00,181.48,33.9,100.0
2016-05-19 12:00:00,303.42,34.07,100.0
2016-05-19 13:00:00,270.38,34.03,99.77
2016-05-19 14:00:00,332.98,33.71,100.0
2016-05-19 15:00:00,208.85,33.1,99.17
2016-05-19 16:00:00,113.07,32.04,98.49
2016-05-19 17:00:00,17.02,30.69,99.83
2016-05-19 18:00:00,0.0,29.69,99.42
2016-05-19 19:00:00,0.0,29.1,99.54
2016-05-19 20:00:00,0.0,28.64,100.0
2016-05-19 21:00:00,0.0,28.23,99.85
2016-05-19 22:00:00,0.0,27.85,100.0
2016-05-19 23:00:00,0.0,27.47,99.75
2016-05-20 00:00:00,0.0,27.19,99.84
2016-05-20 01:00:00,0.0,27.06,99.58
2016-05-20 02:00:00,0.0,26.91,99.87
2016-05-20 03:00:00,0.0,26.68,100.0
2016-05-20 04:00:00,0.0,26.49,99.47
2016-05-20 05:00:00,16.6,26.4,99.62
2016-05-20 06:00:00,123.8,26.94,99.65
2016-05-20 07:00:00,290.05,27.9,99.93
2016-05-20 08:00:00,436.23,29.49,93.29
2016-05-20 09:00:00,569.28,31.24,97.54
2016-05-20 10:00:00,681.65,32.91,99.74
2016-05-20 11:00:00,714.38,34.39,98.17
2016-05-20 12:00:00,674.38,35.48,99.07
2016-05-20 13:00:00,597.47,36.15,100.0
2016-05-20 14:00:00,474.4,36.3,98.87
2016-05-20 15:00:00,301.2,35.65,99.43
2016-05-20 16:00:00,145.93,34.46,99.59
2016-05-20 17:00:00,30.62,32.46,100.0
2016-05-20 18:00:00,0.0,31.07,100.0
2016-05-20 19:00:00,0.0,30.47,100.0
2016-05-20 20:00:00,0.0,29.99,86.76
2016-05-20 21:00:00,0.0,29.61,99.74
2016-05-20 22:00:00,0.0,29.18,100.0
2016-05-20 23:00:00,0.0,28.72,99.67
2016-05-21 00:00:00,0.0,28.38,99.6
2016-05-21 01:00:00,0.0,28.1,99.85
2016-05-21 02:00:00,0.0,27.59,99.52
2016-05-21 03:00:00,0.0,27.12,100.0
2016-05-21 04:00:00,0.0,26.78,100.0
2016-05-21 05:00:00,22.62,26.62,91.05
2016-05-21 06:00:00,154.18,27.54,80.88
2016-05-21 07:00:00,329.33,29.17,71.18
2016-05-21 08:00:00,566.6,30.91,30.06
2016-05-21 09:00:00,755.88,32.39,56.58
2016-05-21 10:00:00,860.85,33.43,16.15
2016-05-21 11:00:00,867.45,34.2,53.61
2016-05-21 12:00:00,804.28,34.72,69.7
2016-05-21 13:00:00,697.9,34.99,65.44
2016-05-21 14:00:00,583.33,35.06,64.97
2016-05-21 15:00:00,368.48,34.82,81.84
2016-05-21 16:00:00,187.8,33.96,71.31
2016-05-21 17:00:00,36.17,32.25,61.76
2016-05-21 18:00:00,0.0,30.76,49.48
2016-05-21 19:00:00,0.0,30.12,54.34
2016-05-21 20:00:00,0.0,29.56,69.02
2016-05-21 21:00:00,0.0,29.11,81.55
2016-05-21 22:00:00,0.0,28.69,99.61
2016-05-21 23:00:00,0.0,28.35,100.0
2016-05-22 00:00:00,0.0,28.05,100.0
2016-05-22 01:00:00,0.0,27.76,99.6
2016-05-22 02:00:00,0.0,27.47,88.47
2016-05-22 03:00:00,0.0,27.2,64.45
2016-05-22 04:00:00,0.0,26.99,60.41
2016-05-22 05:00:00,22.77,26.92,52.44
2016-05-22 06:00:00,165.57,27.66,43.75
2016-05-22 07:00:00,375.45,28.69,35.98
2016-05-22 08:00:00,605.45,30.59,14.52
2016-05-22 09:00:00,625.2,32.88,0.81
2016-05-22 10:00:00,852.9,34.71,88.67
2016-05-22 11:00:00,880.53,36.05,68.45
2016-05-22 12:00:00,859.65,36.81,51.76
2016-05-22 13:00:00,773.1,37.05,73.59
2016-05-22 14:00:00,590.65,36.84,76.62
2016-05-22 15:00:00,378.67,36.36,80.8
2016-05-22 16:00:00,191.27,35.25,75.11
2016-05-22 17:00:00,37.15,33.22,69.92
2016-05-22 18:00:00,0.0,31.62,62.54
2016-05-22 19:00:00,0.0,30.81,37.32
2016-05-22 20:00:00,0.0,30.26,16.35
2016-05-22 21:00:00,0.0,29.9,77.14
2016-05-22 22:00:00,0.0,29.54,42.23
2016-05-22 23:00:00,0.0,29.11,63.07
2016-05-23 00:00:00,0.0,28.56,58.94
2016-05-23 01:00:00,0.0,27.94,62.25
2016-05-23 02:00:00,0.0,27.36,25.04
2016-05-23 03:00:00,0.0,26.99,25.75
2016-05-23 04:00:00,0.0,26.73,9.72
2016-05-23 05:00:00,27.33,26.69,14.07
2016-05-23 06:00:00,200.12,27.88,17.7
2016-05-23 07:00:00,416.12,29.36,22.58
2016-05-23 08:00:00,610.35,31.47,33.86
2016-05-23 09:00:00,729.12,33.57,95.16
2016-05-23 10:00:00,859.85,35.12,67.09
2016-05-23 11:00:00,858.88,36.26,93.36
2016-05-23 12:00:00,676.88,37.11,99.85
2016-05-23 13:00:00,662.1,37.61,98.03
2016-05-23 14:00:00,579.28,37.61,72.22
2016-05-23 15:00:00,413.35,37.14,60.1
2016-05-23 16:00:00,221.85,36.08,44.83
2016-05-23 17:00:00,44.7,33.67,28.32
2016-05-23 18:00:00,0.0,31.69,9.65
2016-05-23 19:00:00,0.0,30.7,0.81
2016-05-23 20:00:00,0.0,29.98,2.42
2016-05-23 21:00:00,0.0,29.53,1.22
2016-05-23 22:00:00,0.0,29.26,0.01
2016-05-23 23:00:00,0.0,29.06,0.77
2016-05-24 00:00:00,0.0,28.8,1.52
2016-05-24 01:00:00,0.0,28.51,3.99
2016-05-24 02:00:00,0.0,28.24,6.52
2016-05-24 03:00:00,0.0,27.84,1.61
2016-05-24 04:00:00,0.0,27.3,1.61
2016-05-24 05:00:00,25.52,27.11,3.23
2016-05-24 06:00:00,197.2,28.27,4.84
2016-05-24 07:00:00,420.77,30.13,9.85
2016-05-24 08:00:00,577.3,32.39,0.81
2016-05-24 09:00:00,660.15,34.58,4.03
2016-05-24 10:00:00,874.45,36.33,41.67
2016-05-24 11:00:00,903.38,37.65,31.28
2016-05-24 12:00:00,780.6,38.48,38.48
2016-05-24 13:00:00,761.97,38.74,20.67
2016-05-24 14:00:00,636.35,38.51,30.31
2016-05-24 15:00:00,445.58,37.62,25.48
2016-05-24 16:00:00,226.2,35.99,19.77
2016-05-24 17:00:00,43.4,33.36,13.41
2016-05-24 18:00:00,0.0,31.62,5.79
2016-05-24 19:00:00,0.0,30.8,54.82
2016-05-24 20:00:00,0.0,30.21,45.17
2016-05-24 21:00:00,0.0,29.97,17.79
2016-05-24 22:00:00,0.0,29.71,23.83
2016-05-24 23:00:00,0.0,29.5,29.94
2016-05-25 00:00:00,0.0,29.27,36.04
2016-05-25 01:00:00,0.0,29.03,41.85
2016-05-25 02:00:00,0.0,28.61,4.03
2016-05-25 03:00:00,0.0,28.19,7.36
2016-05-25 04:00:00,0.0,27.85,13.18
2016-05-25 05:00:00,27.1,27.7,16.46
2016-05-25 06:00:00,193.18,28.65,18.71
2016-05-25 07:00:00,411.42,30.45,22.53
2016-05-25 08:00:00,613.72,32.75,26.79
2016-05-25 09:00:00,750.85,35.04,61.58
2016-05-25 10:00:00,869.72,36.81,76.01
2016-05-25 11:00:00,897.9,38.01,43.28
2016-05-25 12:00:00,843.75,38.87,54.82
2016-05-25 13:00:00,765.22,39.5,60.18
2016-05-25 14:00:00,616.3,39.54,50.69
2016-05-25 15:00:00,418.17,38.72,46.77
2016-05-25 16:00:00,216.85,37.16,33.19
2016-05-25 17:00:00,43.53,35.25,18.52
2016-05-25 18:00:00,0.0,33.16,1.61
2016-05-25 19:00:00,0.0,31.77,4.03
2016-05-25 20:00:00,0.0,30.94,1.61
2016-05-25 21:00:00,0.0,30.42,64.29
2016-05-25 22:00:00,0.0,30.07,13.15
2016-05-25 23:00:00,0.0,29.85,39.84
2016-05-26 00:00:00,0.0,29.63,99.55
2016-05-26 01:00:00,0.0,29.38,56.78
2016-05-26 02:00:00,0.0,29.13,60.16
2016-05-26 03:00:00,0.0,28.83,55.26
2016-05-26 04:00:00,0.0,28.43,40.79
2016-05-26 05:00:00,26.3,28.23,45.88
2016-05-26 06:00:00,179.65,29.11,50.22
2016-05-26 07:00:00,391.92,30.73,54.36
2016-05-26 08:00:00,608.15,32.79,27.31
2016-05-26 09:00:00,776.67,34.56,24.25
2016-05-26 10:00:00,883.1,35.78,60.29
2016-05-26 11:00:00,909.75,36.63,47.73
2016-05-26 12:00:00,877.03,37.04,44.86
2016-05-26 13:00:00,785.22,37.16,82.57
2016-05-26 14:00:00,625.05,36.84,50.72
2016-05-26 15:00:00,426.62,36.15,47.89
2016-05-26 16:00:00,211.32,34.97,62.13
2016-05-26 17:00:00,40.53,33.21,77.39
2016-05-26 18:00:00,0.0,31.89,92.09
2016-05-26 19:00:00,0.0,31.37,100.0
2016-05-26 20:00:00,0.0,30.77,99.88
2016-05-26 21:00:00,0.0,30.29,99.54
2016-05-26 22:00:00,0.0,29.78,99.8
2016-05-26 23:00:00,0.0,29.09,98.71
2016-05-27 00:00:00,0.0,28.51,94.71
2016-05-27 01:00:00,0.0,28.07,99.69
2016-05-27 02:00:00,0.0,27.68,100.0
2016-05-27 03:00:00,0.0,27.45,95.4
2016-05-27 04:00:00,0.0,27.42,97.81
2016-05-27 05:00:00,5.8,27.48,100.0
2016-05-27 06:00:00,43.2,27.88,100.0
2016-05-27 07:00:00,102.45,28.61,99.63
2016-05-27 08:00:00,336.45,29.68,99.99
2016-05-27 09:00:00,554.5,30.42,83.42
2016-05-27 10:00:00,710.1,31.09,93.69
2016-05-27 11:00:00,800.53,31.65,68.3
2016-05-27 12:00:00,727.1,32.13,79.99
2016-05-27 13:00:00,664.12,32.52,83.12
2016-05-27 14:00:00,549.08,32.6,88.04
2016-05-27 15:00:00,371.5,32.27,69.64
2016-05-27 16:00:00,193.5,31.42,52.94
2016-05-27 17:00:00,40.53,29.96,35.28
2016-05-27 18:00:00,0.0,28.63,15.37
2016-05-27 19:00:00,0.0,28.26,17.81
2016-05-27 20:00:00,0.0,28.05,28.33
2016-05-27 21:00:00,0.0,27.88,97.75
2016-05-27 22:00:00,0.0,27.75,46.09
2016-05-27 23:00:00,0.0,27.63,7.27
2016-05-28 00:00:00,0.0,27.54,11.32
2016-05-28 01:00:00,0.0,27.36,35.44
2016-05-28 02:00:00,0.0,27.15,39.69
2016-05-28 03:00:00,0.0,26.86,26.06
2016-05-28 04:00:00,0.0,26.63,59.04
2016-05-28 05:00:00,21.85,26.56,56.89
2016-05-28 06:00:00,151.88,27.22,53.15
2016-05-28 07:00:00,347.95,28.57,50.42
2016-05-28 08:00:00,567.25,30.34,20.38
2016-05-28 09:00:00,732.05,32.12,45.01
2016-05-28 10:00:00,815.28,33.73,57.0
2016-05-28 11:00:00,796.95,34.91,66.14
2016-05-28 12:00:00,855.22,35.56,43.31
2016-05-28 13:00:00,752.95,35.88,71.47
2016-05-28 14:00:00,592.1,35.99,56.72
2016-05-28 15:00:00,385.6,35.93,54.58
2016-05-28 16:00:00,189.85,34.97,64.39
2016-05-28 17:00:00,36.5,33.06,75.23
2016-05-28 18:00:00,0.0,31.22,86.21
2016-05-28 19:00:00,0.0,30.37,97.64
2016-05-28 20:00:00,0.0,29.79,94.49
2016-05-28 21:00:00,0.0,29.29,57.67
2016-05-28 22:00:00,0.0,28.78,99.0
2016-05-28 23:00:00,0.0,28.28,65.24
2016-05-29 00:00:00,0.0,27.81,69.13
2016-05-29 01:00:00,0.0,27.44,92.45
2016-05-29 02:00:00,0.0,27.18,97.2
2016-05-29 03:00:00,0.0,27.05,98.25
2016-05-29 04:00:00,0.0,26.97,98.53
2016-05-29 05:00:00,18.33,26.94,97.86
2016-05-29 06:00:00,131.32,27.19,95.48
2016-05-29 07:00:00,313.3,27.65,94.8
2016-05-29 08:00:00,521.72,28.4,51.42
2016-05-29 09:00:00,716.4,29.35,25.15
2016-05-29 10:00:00,813.67,30.14,94.22
2016-05-29 11:00:00,902.17,30.71,25.78
2016-05-29 12:00:00,874.97,31.05,32.24
2016-05-29 13:00:00,676.17,31.19,75.23
2016-05-29 14:00:00,503.58,31.02,84.3
2016-05-29 15:00:00,306.5,30.4,98.66
2016-05-29 16:00:00,151.45,29.5,87.35
2016-05-29 17:00:00,35.05,28.31,75.74
2016-05-29 18:00:00,0.0,27.45,62.43
2016-05-29 19:00:00,0.0,27.13,58.75
2016-05-29 20:00:00,0.0,27.03,92.62
2016-05-29 21:00:00,0.0,26.97,99.08
2016-05-29 22:00:00,0.0,26.91,69.31
2016-05-29 23:00:00,0.0,26.82,66.14
2016-05-30 00:00:00,0.0,26.74,24.98
2016-05-30 01:00:00,0.0,26.62,99.22
2016-05-30 02:00:00,0.0,26.5,20.29
2016-05-30 03:00:00,0.0,26.4,27.46
2016-05-30 04:00:00,0.0,26.32,32.44
2016-05-30 05:00:00,23.02,26.45,51.55
2016-05-30 06:00:00,136.85,27.53,71.44
2016-05-30 07:00:00,286.92,29.33,87.57
2016-05-30 08:00:00,494.17,31.25,70.83
2016-05-30 09:00:00,674.03,32.67,93.55
2016-05-30 10:00:00,760.58,33.55,79.4
2016-05-30 11:00:00,836.92,34.05,84.34
2016-05-30 12:00:00,827.15,34.22,71.96
2016-05-30 13:00:00,736.88,34.25,76.75
2016-05-30 14:00:00,578.88,34.06,91.95
2016-05-30 15:00:00,373.98,33.61,94.48
2016-05-30 16:00:00,184.48,32.71,86.11
2016-05-30 17:00:00,40.92,31.27,77.64
2016-05-30 18:00:00,0.0,30.1,67.02
2016-05-30 19:00:00,0.0,29.58,50.05
2016-05-30 20:00:00,0.0,29.09,21.89
2016-05-30 21:00:00,0.0,28.63,16.4
2016-05-30 22:00:00,0.0,28.22,75.92
2016-05-30 23:00:00,0.0,27.85,10.67
2016-05-31 00:00:00,0.0,27.45,38.98
2016-05-31 01:00:00,0.0,27.04,84.45
2016-05-31 02:00:00,0.0,26.75,21.23
2016-05-31 03:00:00,0.0,26.6,43.03
2016-05-31 04:00:00,0.0,26.52,40.56
2016-05-31 05:00:00,23.98,26.58,51.88
2016-05-31 06:00:00,142.38,27.32,63.88
2016-05-31 07:00:00,303.02,28.6,73.24
2016-05-31 08:00:00,400.42,30.22,65.8
2016-05-31 09:00:00,484.48,31.64,69.64
2016-05-31 10:00:00,520.58,32.61,89.39
2016-05-31 11:00:00,694.6,33.26,94.92
2016-05-31 12:00:00,671.78,33.48,98.22
2016-05-31 13:00:00,559.3,33.56,99.59
2016-05-31 14:00:00,410.85,33.58,98.97
2016-05-31 15:00:00,238.48,33.41,97.75
2016-05-31 16:00:00,137.93,32.72,87.85
2016-05-31 17:00:00,33.95,31.27,76.94
2016-05-31 18:00:00,0.0,29.81,63.37
2016-05-31 19:00:00,0.0,29.16,60.11
2016-05-31 20:00:00,0.0,28.7,37.54
2016-05-31 21:00:00,0.0,28.37,98.3
2016-05-31 22:00:00,0.0,28.11,62.31
2016-05-31 23:00:00,0.0,27.93,31.87
2016-06-01 00:00:00,0.0,27.81,30.18
2016-06-01 01:00:00,0.0,27.74,99.88
2016-06-01 02:00:00,0.0,27.58,79.0
2016-06-01 03:00:00,0.0,27.44,99.98
2016-06-01 04:00:00,0.0,27.26,100.0
2016-06-01 05:00:00,22.73,27.13,34.66
2016-06-01 06:00:00,164.48,27.45,30.36
2016-06-01 07:00:00,364.58,28.02,30.96
2016-06-01 08:00:00,566.97,28.85,18.87
2016-06-01 09:00:00,709.72,29.65,97.34
2016-06-01 10:00:00,829.8,30.36,37.99
2016-06-01 11:00:00,876.35,30.97,60.69
2016-06-01 12:00:00,806.7,31.37,98.27
2016-06-01 13:00:00,738.95,31.55,53.81
2016-06-01 14:00:00,591.78,31.47,53.75
2016-06-01 15:00:00,392.67,31.16,58.89
2016-06-01 16:00:00,195.3,30.6,66.27
2016-06-01 17:00:00,38.3,29.53,75.74
2016-06-01 18:00:00,0.0,28.82,83.4
2016-06-01 19:00:00,0.0,28.71,86.59
2016-06-01 20:00:00,0.0,28.44,99.96
2016-06-01 21:00:00,0.0,28.17,99.98
2016-06-01 22:00:00,0.0,27.89,99.33
2016-06-01 23:00:00,0.0,27.66,100.0
2016-06-02 00:00:00,0.0,27.5,99.66
2016-06-02 01:00:00,0.0,27.37,99.0
2016-06-02 02:00:00,0.0,27.19,99.62
2016-06-02 03:00:00,0.0,26.95,99.35
2016-06-02 04:00:00,0.0,26.7,92.55
2016-06-02 05:00:00,16.98,26.62,96.24
2016-06-02 06:00:00,107.6,27.22,97.82
2016-06-02 07:00:00,220.55,27.92,99.38
2016-06-02 08:00:00,352.52,29.47,99.37
2016-06-02 09:00:00,473.7,31.1,97.79
2016-06-02 10:00:00,544.5,32.26,99.6
2016-06-02 11:00:00,663.92,32.91,98.54
2016-06-02 12:00:00,738.2,33.28,96.58
2016-06-02 13:00:00,610.0,33.45,99.34
2016-06-02 14:00:00,517.0,33.42,99.48
2016-06-02 15:00:00,316.85,33.18,93.79
2016-06-02 16:00:00,164.6,32.61,93.57
2016-06-02 17:00:00,37.33,31.39,93.56
2016-06-02 18:00:00,0.0,30.72,92.35
2016-06-02 19:00:00,0.0,30.51,99.53
2016-06-02 20:00:00,0.0,29.96,100.0
2016-06-02 21:00:00,0.0,29.37,100.0
2016-06-02 22:00:00,0.0,28.81,100.0
2016-06-02 23:00:00,0.0,28.37,99.24
2016-06-03 00:00:00,0.0,28.03,94.22
2016-06-03 01:00:00,0.0,27.72,99.64
2016-06-03 02:00:00,0.0,27.4,99.09
2016-06-03 03:00:00,0.0,27.08,99.12
2016-06-03 04:00:00,0.0,26.78,99.63
2016-06-03 05:00:00,17.8,26.67,99.73
2016-06-03 06:00:00,121.57,27.43,99.13
2016-06-03 07:00:00,273.25,28.74,98.38
2016-06-03 08:00:00,469.42,30.83,92.77
2016-06-03 09:00:00,618.53,32.33,79.02
2016-06-03 10:00:00,717.05,33.41,95.53
2016-06-03 11:00:00,851.45,34.11,74.43
2016-06-03 12:00:00,773.03,34.52,98.95
2016-06-03 13:00:00,708.22,34.59,79.69
2016-06-03 14:00:00,565.5,34.28,99.8
2016-06-03 15:00:00,365.95,33.7,96.72
2016-06-03 16:00:00,168.18,32.82,97.25
2016-06-03 17:00:00,33.65,31.33,98.78
2016-06-03 18:00:00,0.0,30.03,100.0
2016-06-03 19:00:00,0.0,29.47,99.84
2016-06-03 20:00:00,0.0,29.08,99.85
2016-06-03 21:00:00,0.0,28.82,99.4
2016-06-03 22:00:00,0.0,28.59,86.33
2016-06-03 23:00:00,0.0,28.38,90.64
2016-06-04 00:00:00,0.0,28.16,99.13
2016-06-04 01:00:00,0.0,27.89,68.54
2016-06-04 02:00:00,0.0,27.58,47.39
2016-06-04 03:00:00,0.0,27.33,56.31
2016-06-04 04:00:00,0.0,27.16,38.17
2016-06-04 05:00:00,18.85,27.18,41.34
2016-06-04 06:00:00,128.12,27.8,42.58
2016-06-04 07:00:00,293.2,28.54,45.52
2016-06-04 08:00:00,411.88,29.73,73.96
2016-06-04 09:00:00,488.52,31.01,98.05
2016-06-04 10:00:00,576.12,32.21,99.98
2016-06-04 11:00:00,568.42,32.96,92.2
2016-06-04 12:00:00,464.02,33.32,99.26
2016-06-04 13:00:00,392.25,33.36,100.0
2016-06-04 14:00:00,298.98,33.2,99.88
2016-06-04 15:00:00,202.07,32.87,99.42
2016-06-04 16:00:00,103.43,32.32,98.31
2016-06-04 17:00:00,12.57,31.07,98.6
2016-06-04 18:00:00,0.0,29.83,99.88
2016-06-04 19:00:00,0.0,29.27,99.34
2016-06-04 20:00:00,0.0,28.84,93.56
2016-06-04 21:00:00,0.0,28.5,97.52
2016-06-04 22:00:00,0.0,28.23,99.69
2016-06-04 23:00:00,0.0,28.03,88.66
2016-06-05 00:00:00,0.0,27.88,71.18
2016-06-05 01:00:00,0.0,27.73,86.18
2016-06-05 02:00:00,0.0,27.59,85.91
2016-06-05 03:00:00,0.0,27.44,96.94
2016-06-05 04:00:00,0.0,27.29,78.07
2016-06-05 05:00:00,17.02,27.29,83.96
2016-06-05 06:00:00,106.95,27.88,90.03
2016-06-05 07:00:00,254.98,28.7,95.85
2016-06-05 08:00:00,438.2,29.88,54.97
2016-06-05 09:00:00,594.95,31.03,54.05
2016-06-05 10:00:00,669.3,32.06,98.61
2016-06-05 11:00:00,791.08,32.86,45.06
2016-06-05 12:00:00,790.65,33.25,51.82
2016-06-05 13:00:00,559.45,33.07,91.17
2016-06-05 14:00:00,502.98,32.97,99.29
2016-06-05 15:00:00,331.7,32.61,94.08
2016-06-05 16:00:00,164.9,32.05,85.44
2016-06-05 17:00:00,37.08,31.11,77.16
2016-06-05 18:00:00,0.0,29.74,67.25
2016-06-05 19:00:00,0.0,29.1,58.39
2016-06-05 20:00:00,0.0,28.74,64.39
2016-06-05 21:00:00,0.0,28.51,99.51
2016-06-05 22:00:00,0.0,28.35,98.47
2016-06-05 23:00:00,0.0,28.19,98.38
2016-06-06 00:00:00,0.0,27.96,99.83
2016-06-06 01:00:00,0.0,27.69,99.41
2016-06-06 02:00:00,0.0,27.42,100.0
2016-06-06 03:00:00,0.0,27.17,100.0
2016-06-06 04:00:00,0.0,26.97,100.0
2016-06-06 05:00:00,6.43,26.96,99.87
2016-06-06 06:00:00,54.08,27.55,100.0
2016-06-06 07:00:00,174.35,28.09,99.62
2016-06-06 08:00:00,294.17,28.92,99.44
2016-06-06 09:00:00,499.85,29.74,92.61
2016-06-06 10:00:00,616.9,30.51,83.28
2016-06-06 11:00:00,663.97,31.18,93.74
2016-06-06 12:00:00,630.85,31.72,99.94
2016-06-06 13:00:00,595.47,31.91,99.47
2016-06-06 14:00:00,456.17,32.06,99.12
2016-06-06 15:00:00,302.05,32.02,96.18
2016-06-06 16:00:00,159.8,31.76,97.31
2016-06-06 17:00:00,38.42,31.07,99.24
2016-06-06 18:00:00,0.0,30.06,100.0
2016-06-06 19:00:00,0.0,29.38,100.0
2016-06-06 20:00:00,0.0,28.97,92.17
2016-06-06 21:00:00,0.0,28.69,83.14
2016-06-06 22:00:00,0.0,28.47,99.6
2016-06-06 23:00:00,0.0,28.23,80.78
2016-06-07 00:00:00,0.0,27.95,87.74
2016-06-07 01:00:00,0.0,27.62,99.23
2016-06-07 02:00:00,0.0,27.31,98.82
2016-06-07 03:00:00,0.0,27.02,98.72
2016-06-07 04:00:00,0.0,26.81,98.82
2016-06-07 05:00:00,8.43,26.78,100.0
2016-06-07 06:00:00,45.25,27.18,100.0
2016-06-07 07:00:00,86.2,27.82,100.0
2016-06-07 08:00:00,186.52,28.99,100.0
2016-06-07 09:00:00,288.85,30.19,100.0
2016-06-07 10:00:00,407.62,31.51,99.38
2016-06-07 11:00:00,477.0,32.65,99.6
2016-06-07 12:00:00,551.58,33.45,99.35
2016-06-07 13:00:00,466.17,33.83,100.0
2016-06-07 14:00:00,341.77,33.8,100.0
2016-06-07 15:00:00,244.1,33.15,99.48
2016-06-07 16:00:00,118.7,32.0,98.97
2016-06-07 17:00:00,19.77,30.6,99.7
2016-06-07 18:00:00,0.0,29.65,99.17
2016-06-07 19:00:00,0.0,29.19,98.43
2016-06-07 20:00:00,0.0,28.84,99.32
2016-06-07 21:00:00,0.0,28.54,100.0
2016-06-07 22:00:00,0.0,28.23,98.88
2016-06-07 23:00:00,0.0,27.99,99.01
2016-06-08 00:00:00,0.0,27.78,99.96
2016-06-08 01:00:00,0.0,27.59,100.0
2016-06-08 02:00:00,0.0,27.44,100.0
2016-06-08 03:00:00,0.0,27.28,100.0
2016-06-08 04:00:00,0.0,27.14,99.04
2016-06-08 05:00:00,9.25,27.12,98.31
2016-06-08 06:00:00,77.8,27.67,98.02
2016-06-08 07:00:00,179.18,28.37,98.68
2016-06-08 08:00:00,137.77,29.39,98.97
2016-06-08 09:00:00,113.25,30.48,100.0
2016-06-08 10:00:00,258.33,31.32,100.0
2016-06-08 11:00:00,380.0,31.81,100.0
2016-06-08 12:00:00,425.15,32.19,100.0
2016-06-08 13:00:00,502.62,32.41,99.02
2016-06-08 14:00:00,428.1,32.51,97.82
2016-06-08 15:00:00,168.5,32.38,99.09
2016-06-08 16:00:00,92.82,31.89,100.0
2016-06-08 17:00:00,22.75,30.75,100.0
2016-06-08 18:00:00,0.0,29.8,100.0
2016-06-08 19:00:00,0.0,29.32,99.17
2016-06-08 20:00:00,0.0,28.84,98.91
2016-06-08 21:00:00,0.0,28.43,98.43
2016-06-08 22:00:00,0.0,28.1,99.96
2016-06-08 23:00:00,0.0,27.68,98.28
2016-06-09 00:00:00,0.0,27.18,99.64
2016-06-09 01:00:00,0.0,26.69,99.3
2016-06-09 02:00:00,0.0,26.27,99.39
2016-06-09 03:00:00,0.0,25.91,99.13
2016-06-09 04:00:00,0.0,25.62,100.0
2016-06-09 05:00:00,19.08,25.48,95.77
2016-06-09 06:00:00,137.95,25.92,90.29
2016-06-09 07:00:00,310.55,26.9,85.57
2016-06-09 08:00:00,525.3,28.36,27.31
2016-06-09 09:00:00,684.08,29.94,37.09
2016-06-09 10:00:00,714.88,31.39,86.26
2016-06-09 11:00:00,882.35,32.5,65.98
2016-06-09 12:00:00,863.75,33.34,54.38
2016-06-09 13:00:00,740.22,33.78,71.49
2016-06-09 14:00:00,563.33,33.67,90.67
2016-06-09 15:00:00,354.15,33.3,97.8
2016-06-09 16:00:00,175.98,32.12,86.38
2016-06-09 17:00:00,44.55,30.52,75.33
2016-06-09 18:00:00,0.0,29.57,60.01
2016-06-09 19:00:00,0.0,29.17,53.71
2016-06-09 20:00:00,0.0,28.81,83.46
2016-06-09 21:00:00,0.0,28.34,87.16
2016-06-09 22:00:00,0.0,27.86,93.17
2016-06-09 23:00:00,0.0,27.4,97.78
2016-06-10 00:00:00,0.0,26.96,96.3
2016-06-10 01:00:00,0.0,26.51,99.58
2016-06-10 02:00:00,0.0,26.13,100.0
2016-06-10 03:00:00,0.0,25.83,99.51
2016-06-10 04:00:00,0.0,25.6,100.0
2016-06-10 05:00:00,21.05,25.62,85.0
2016-06-10 06:00:00,160.2,26.61,69.27
2016-06-10 07:00:00,350.35,27.73,55.56
2016-06-10 08:00:00,556.78,29.1,30.95
2016-06-10 09:00:00,745.53,30.27,14.36
2016-06-10 10:00:00,835.35,31.27,29.28
2016-06-10 11:00:00,896.22,32.19,50.67
2016-06-10 12:00:00,854.1,32.97,80.68
2016-06-10 13:00:00,778.6,33.48,43.24
2016-06-10 14:00:00,604.67,33.59,55.98
2016-06-10 15:00:00,390.08,33.14,56.21
2016-06-10 16:00:00,207.88,31.88,43.88
2016-06-10 17:00:00,51.62,30.43,30.46
2016-06-10 18:00:00,0.0,29.53,10.48
2016-06-10 19:00:00,0.0,29.24,29.97
2016-06-10 20:00:00,0.0,28.88,77.06
2016-06-10 21:00:00,0.0,28.42,99.79
2016-06-10 22:00:00,0.0,27.98,64.23
2016-06-10 23:00:00,0.0,27.53,39.4
2016-06-11 00:00:00,0.0,27.08,99.62
2016-06-11 01:00:00,0.0,26.67,16.27
2016-06-11 02:00:00,0.0,26.22,17.22
2016-06-11 03:00:00,0.0,25.86,49.16
2016-06-11 04:00:00,0.0,25.76,84.72
2016-06-11 05:00:00,21.23,25.84,67.44
2016-06-11 06:00:00,172.25,26.85,47.62
2016-06-11 07:00:00,389.77,28.35,31.86
2016-06-11 08:00:00,591.78,29.82,28.22
2016-06-11 09:00:00,755.15,31.29,19.35
2016-06-11 10:00:00,874.8,32.91,20.08
2016-06-11 11:00:00,918.25,34.47,29.03
2016-06-11 12:00:00,877.42,35.63,34.3
2016-06-11 13:00:00,786.1,36.36,11.58
2016-06-11 14:00:00,605.05,36.66,43.86
2016-06-11 15:00:00,416.62,36.41,41.84
2016-06-11 16:00:00,228.15,35.82,31.96
2016-06-11 17:00:00,56.28,34.15,18.9
2016-06-11 18:00:00,0.0,32.26,1.61
2016-06-11 19:00:00,0.0,31.24,0.81
2016-06-11 20:00:00,0.0,30.42,11.34
2016-06-11 21:00:00,0.0,29.75,17.83
2016-06-11 22:00:00,0.0,29.14,75.8
2016-06-11 23:00:00,0.0,28.46,5.83
2016-06-12 00:00:00,0.0,27.74,16.3
2016-06-12 01:00:00,0.0,27.0,75.92
2016-06-12 02:00:00,0.0,26.46,34.17
2016-06-12 03:00:00,0.0,26.0,4.03
2016-06-12 04:00:00,0.0,25.61,3.23
2016-06-12 05:00:00,24.02,25.55,3.76
2016-06-12 06:00:00,197.85,26.46,4.3
2016-06-12 07:00:00,412.67,27.73,4.84
2016-06-12 08:00:00,606.1,29.73,4.84
2016-06-12 09:00:00,746.97,31.86,4.84
2016-06-12 10:00:00,859.08,33.64,57.29
2016-06-12 11:00:00,921.3,34.82,26.86
2016-06-12 12:00:00,874.53,35.49,34.14
2016-06-12 13:00:00,757.35,35.64,40.75
2016-06-12 14:00:00,570.3,35.51,55.97
2016-06-12 15:00:00,399.08,35.29,80.66
2016-06-12 16:00:00,200.38,34.49,78.2
2016-06-12 17:00:00,45.97,32.76,77.29
2016-06-12 18:00:00,0.0,31.11,72.57
2016-06-12 19:00:00,0.0,30.52,47.57
2016-06-12 20:00:00,0.0,29.98,41.09
2016-06-12 21:00:00,0.0,29.51,99.53
2016-06-12 22:00:00,0.0,28.96,69.38
2016-06-12 23:00:00,0.0,28.25,95.65
2016-06-13 00:00:00,0.0,27.55,94.01
2016-06-13 01:00:00,0.0,26.96,97.13
2016-06-13 02:00:00,0.0,26.4,100.0
2016-06-13 03:00:00,0.0,25.92,100.0
2016-06-13 04:00:00,0.0,25.53,100.0
2016-06-13 05:00:00,21.6,25.39,88.0
2016-06-13 06:00:00,167.88,26.24,73.8
2016-06-13 07:00:00,367.0,27.74,60.92
2016-06-13 08:00:00,578.53,29.68,27.2
2016-06-13 09:00:00,749.55,31.4,87.02
2016-06-13 10:00:00,847.78,32.87,33.99
2016-06-13 11:00:00,876.15,33.98,58.39
2016-06-13 12:00:00,843.85,34.79,55.19
2016-06-13 13:00:00,733.6,35.24,67.24
2016-06-13 14:00:00,603.7,35.29,48.17
2016-06-13 15:00:00,413.8,34.93,42.09
2016-06-13 16:00:00,200.3,34.01,39.61
2016-06-13 17:00:00,44.95,32.14,38.88
2016-06-13 18:00:00,0.0,30.66,35.05
2016-06-13 19:00:00,0.0,30.03,68.35
2016-06-13 20:00:00,0.0,29.42,61.01
2016-06-13 21:00:00,0.0,28.81,26.05
2016-06-13 22:00:00,0.0,27.93,87.23
2016-06-13 23:00:00,0.0,27.09,37.34
2016-06-14 00:00:00,0.0,26.43,38.14
2016-06-14 01:00:00,0.0,25.89,74.06
2016-06-14 02:00:00,0.0,25.47,48.46
2016-06-14 03:00:00,0.0,25.12,22.76
2016-06-14 04:00:00,0.0,24.79,28.47
2016-06-14 05:00:00,23.67,24.67,21.37
2016-06-14 06:00:00,184.07,25.66,11.71
2016-06-14 07:00:00,401.23,27.39,6.3
2016-06-14 08:00:00,591.6,30.09,1.61
2016-06-14 09:00:00,716.97,32.58,0.81
2016-06-14 10:00:00,847.0,34.41,44.41
2016-06-14 11:00:00,901.97,35.53,28.04
2016-06-14 12:00:00,856.22,36.2,30.99
2016-06-14 13:00:00,735.45,36.58,44.66
2016-06-14 14:00:00,501.58,36.69,83.37
2016-06-14 15:00:00,267.6,36.53,98.63
2016-06-14 16:00:00,122.8,35.8,94.96
2016-06-14 17:00:00,29.33,33.77,91.64
2016-06-14 18:00:00,0.0,31.69,86.35
2016-06-14 19:00:00,0.0,30.76,100.0
2016-06-14 20:00:00,0.0,30.07,99.15
2016-06-14 21:00:00,0.0,29.53,100.0
2016-06-14 22:00:00,0.0,29.04,99.79
2016-06-14 23:00:00,0.0,28.41,96.18
2016-06-15 00:00:00,0.0,27.85,100.0
2016-06-15 01:00:00,0.0,27.38,99.84
2016-06-15 02:00:00,0.0,26.94,97.95
2016-06-15 03:00:00,0.0,26.57,88.42
2016-06-15 04:00:00,0.0,26.2,88.34
2016-06-15 05:00:00,15.05,26.09,93.09
2016-06-15 06:00:00,108.82,27.03,96.22
2016-06-15 07:00:00,254.88,28.74,98.51
2016-06-15 08:00:00,454.7,30.89,79.11
2016-06-15 09:00:00,608.8,33.03,97.46
2016-06-15 10:00:00,712.83,34.74,78.24
2016-06-15 11:00:00,750.15,35.87,88.38
2016-06-15 12:00:00,673.15,36.61,99.27
2016-06-15 13:00:00,582.97,36.96,94.37
2016-06-15 14:00:00,437.2,36.95,95.07
2016-06-15 15:00:00,324.77,36.53,96.24
2016-06-15 16:00:00,178.1,35.55,96.66
2016-06-15 17:00:00,42.8,33.49,97.77
2016-06-15 18:00:00,0.0,31.94,98.75
2016-06-15 19:00:00,0.0,31.76,100.0
2016-06-15 20:00:00,0.0,31.08,100.0
2016-06-15 21:00:00,0.0,30.52,100.0
2016-06-15 22:00:00,0.0,29.81,99.86
2016-06-15 23:00:00,0.0,29.07,99.87
2016-06-16 00:00:00,0.0,28.59,100.0
2016-06-16 01:00:00,0.0,28.24,99.86
2016-06-16 02:00:00,0.0,27.75,100.0
2016-06-16 03:00:00,0.0,27.18,76.35
2016-06-16 04:00:00,0.0,26.78,77.16
2016-06-16 05:00:00,22.45,26.59,84.42
2016-06-16 06:00:00,138.32,27.25,92.54
2016-06-16 07:00:00,292.8,28.58,99.24
2016-06-16 08:00:00,410.98,30.49,89.42
2016-06-16 09:00:00,585.67,32.37,85.42
2016-06-16 10:00:00,667.5,33.84,99.63
2016-06-16 11:00:00,710.9,34.76,98.62
2016-06-16 12:00:00,691.85,35.38,97.55
2016-06-16 13:00:00,545.28,35.76,99.98
2016-06-16 14:00:00,447.02,35.66,99.24
2016-06-16 15:00:00,298.48,35.56,98.39
2016-06-16 16:00:00,152.1,34.76,97.42
2016-06-16 17:00:00,35.88,33.09,98.14
2016-06-16 18:00:00,0.0,31.6,100.0
2016-06-16 19:00:00,0.0,30.9,100.0
2016-06-16 20:00:00,0.0,30.25,100.0
2016-06-16 21:00:00,0.0,29.66,100.0
2016-06-16 22:00:00,0.0,29.1,99.91
2016-06-16 23:00:00,0.0,28.44,99.58
2016-06-17 00:00:00,0.0,27.9,99.68
2016-06-17 01:00:00,0.0,27.47,99.59
2016-06-17 02:00:00,0.0,27.03,60.19
2016-06-17 03:00:00,0.0,26.71,87.77
2016-06-17 04:00:00,0.0,26.5,99.39
2016-06-17 05:00:00,18.23,26.41,97.84
2016-06-17 06:00:00,115.32,27.22,96.86
2016-06-17 07:00:00,263.92,28.72,99.16
2016-06-17 08:00:00,399.92,30.51,98.3
2016-06-17 09:00:00,472.85,32.27,99.9
2016-06-17 10:00:00,485.75,33.7,100.0
2016-06-17 11:00:00,447.05,34.6,100.0
2016-06-17 12:00:00,383.0,35.11,99.75
2016-06-17 13:00:00,343.08,35.4,100.0
2016-06-17 14:00:00,267.83,35.5,100.0
2016-06-17 15:00:00,181.48,35.16,99.66
2016-06-17 16:00:00,98.18,34.33,99.81
2016-06-17 17:00:00,23.15,32.86,100.0
2016-06-17 18:00:00,0.0,31.46,98.86
2016-06-17 19:00:00,0.0,30.69,98.68
2016-06-17 20:00:00,0.0,29.98,99.17
2016-06-17 21:00:00,0.0,29.38,98.72
2016-06-17 22:00:00,0.0,28.86,99.97
2016-06-17 23:00:00,0.0,28.31,99.71
2016-06-18 00:00:00,0.0,27.75,99.81
2016-06-18 01:00:00,0.0,27.25,98.96
2016-06-18 02:00:00,0.0,26.84,99.02
2016-06-18 03:00:00,0.0,27.01,99.03
2016-06-18 04:00:00,0.0,27.1,99.63
2016-06-18 05:00:00,13.02,27.19,95.5
2016-06-18 06:00:00,86.8,27.78,97.29
2016-06-18 07:00:00,128.18,28.77,99.59
2016-06-18 08:00:00,118.75,29.87,96.97
2016-06-18 09:00:00,143.5,30.79,97.78
2016-06-18 10:00:00,173.9,31.59,98.69
2016-06-18 11:00:00,342.05,32.27,100.0
2016-06-18 12:00:00,481.0,32.86,98.79
2016-06-18 13:00:00,499.33,33.04,100.0
2016-06-18 14:00:00,413.27,32.86,99.14
2016-06-18 15:00:00,309.02,32.46,98.39
2016-06-18 16:00:00,160.18,31.98,89.22
2016-06-18 17:00:00,42.62,31.25,78.54
2016-06-18 18:00:00,0.0,30.23,67.42
2016-06-18 19:00:00,0.0,29.69,83.4
2016-06-18 20:00:00,0.0,28.86,100.0
2016-06-18 21:00:00,0.0,28.34,76.3
2016-06-18 22:00:00,0.0,27.97,100.0
2016-06-18 23:00:00,0.0,27.68,81.9
2016-06-19 00:00:00,0.0,27.45,76.99
2016-06-19 01:00:00,0.0,27.22,99.36
2016-06-19 02:00:00,0.0,26.97,98.5
2016-06-19 03:00:00,0.0,26.69,99.9
2016-06-19 04:00:00,0.0,26.45,100.0
2016-06-19 05:00:00,14.02,26.36,99.01
2016-06-19 06:00:00,91.82,26.7,99.66
2016-06-19 07:00:00,221.7,27.22,98.99
2016-06-19 08:00:00,413.3,28.15,80.97
2016-06-19 09:00:00,636.55,29.13,45.29
2016-06-19 10:00:00,749.97,30.2,93.29
2016-06-19 11:00:00,838.5,31.06,65.36
2016-06-19 12:00:00,761.38,31.76,90.82
2016-06-19 13:00:00,696.9,32.04,87.82
2016-06-19 14:00:00,576.17,31.52,81.81
2016-06-19 15:00:00,407.38,30.46,81.97
2016-06-19 16:00:00,202.18,29.42,85.69
2016-06-19 17:00:00,46.97,28.42,89.7
2016-06-19 18:00:00,0.0,27.6,93.17
2016-06-19 19:00:00,0.0,27.26,99.87
2016-06-19 20:00:00,0.0,27.03,99.65
2016-06-19 21:00:00,0.0,26.84,99.56
2016-06-19 22:00:00,0.0,26.68,99.25
2016-06-19 23:00:00,0.0,26.51,99.97
2016-06-20 00:00:00,0.0,26.37,99.45
2016-06-20 01:00:00,0.0,26.23,96.91
2016-06-20 02:00:00,0.0,26.11,95.57
2016-06-20 03:00:00,0.0,25.93,98.76
2016-06-20 04:00:00,0.0,25.74,97.91
2016-06-20 05:00:00,14.93,25.68,96.96
2016-06-20 06:00:00,103.57,26.1,94.43
2016-06-20 07:00:00,220.98,26.74,91.22
2016-06-20 08:00:00,363.9,27.78,65.21
2016-06-20 09:00:00,470.75,28.83,76.57
2016-06-20 10:00:00,513.38,29.55,95.19
2016-06-20 11:00:00,664.55,29.74,98.26
2016-06-20 12:00:00,760.7,29.69,99.01
2016-06-20 13:00:00,662.78,29.65,97.16
2016-06-20 14:00:00,566.0,29.59,80.51
2016-06-20 15:00:00,394.88,29.51,77.31
2016-06-20 16:00:00,207.62,29.39,60.44
2016-06-20 17:00:00,52.35,28.82,43.76
2016-06-20 18:00:00,0.0,27.93,23.14
2016-06-20 19:00:00,0.0,27.61,29.47
2016-06-20 20:00:00,0.0,27.32,51.99
2016-06-20 21:00:00,0.0,27.05,58.62
2016-06-20 22:00:00,0.0,26.85,95.19
2016-06-20 23:00:00,0.0,26.66,57.01
2016-06-21 00:00:00,0.0,26.42,75.67
2016-06-21 01:00:00,0.0,26.24,98.73
2016-06-21 02:00:00,0.0,26.1,67.55
2016-06-21 03:00:00,0.0,25.98,65.83
2016-06-21 04:00:00,0.0,25.88,68.07
2016-06-21 05:00:00,17.7,25.91,78.25
2016-06-21 06:00:00,112.85,26.5,87.98
2016-06-21 07:00:00,245.12,27.41,97.29
2016-06-21 08:00:00,427.7,28.75,89.76
2016-06-21 09:00:00,614.17,30.1,45.23
2016-06-21 10:00:00,737.92,31.24,98.89
2016-06-21 11:00:00,812.6,31.99,74.37
2016-06-21 12:00:00,784.1,32.33,81.28
2016-06-21 13:00:00,644.28,32.47,89.63
2016-06-21 14:00:00,581.95,32.48,72.5
2016-06-21 15:00:00,427.75,32.24,39.48
2016-06-21 16:00:00,222.43,31.67,40.31
2016-06-21 17:00:00,51.67,30.57,42.3
2016-06-21 18:00:00,0.0,29.31,42.01
2016-06-21 19:00:00,0.0,28.53,25.8
2016-06-21 20:00:00,0.0,27.8,75.0
2016-06-21 21:00:00,0.0,27.18,90.56
2016-06-21 22:00:00,0.0,26.72,45.86
2016-06-21 23:00:00,0.0,26.4,38.61
2016-06-22 00:00:00,0.0,26.14,58.81
2016-06-22 01:00:00,0.0,25.94,65.36
2016-06-22 02:00:00,0.0,25.78,80.98
2016-06-22 03:00:00,0.0,25.64,72.32
2016-06-22 04:00:00,0.0,25.54,71.28
2016-06-22 05:00:00,19.12,25.58,51.52
2016-06-22 06:00:00,163.6,26.18,31.2
2016-06-22 07:00:00,384.33,27.0,10.31
2016-06-22 08:00:00,553.35,28.1,25.8
2016-06-22 09:00:00,689.47,29.24,62.61
2016-06-22 10:00:00,677.0,30.26,57.7
2016-06-22 11:00:00,628.62,31.11,95.8
2016-06-22 12:00:00,524.12,31.73,100.0
2016-06-22 13:00:00,466.65,32.08,99.54
2016-06-22 14:00:00,316.98,32.22,99.73
2016-06-22 15:00:00,205.25,32.06,98.75
2016-06-22 16:00:00,143.98,31.69,88.42
2016-06-22 17:00:00,41.83,30.8,77.56
2016-06-22 18:00:00,0.0,29.93,61.26
2016-06-22 19:00:00,0.0,29.36,69.42
2016-06-22 20:00:00,0.0,28.77,88.47
2016-06-22 21:00:00,0.0,28.18,90.74
2016-06-22 22:00:00,0.0,27.63,99.66
2016-06-22 23:00:00,0.0,27.06,70.86
2016-06-23 00:00:00,0.0,26.53,57.72
2016-06-23 01:00:00,0.0,26.1,94.43
2016-06-23 02:00:00,0.0,25.74,64.65
2016-06-23 03:00:00,0.0,25.47,54.27
2016-06-23 04:00:00,0.0,25.23,47.19
2016-06-23 05:00:00,14.7,25.17,66.57
2016-06-23 06:00:00,86.97,25.54,84.56
2016-06-23 07:00:00,180.52,26.25,99.88
2016-06-23 08:00:00,326.55,27.44,84.99
2016-06-23 09:00:00,505.48,28.9,88.66
2016-06-23 10:00:00,512.42,30.28,98.36
2016-06-23 11:00:00,414.0,31.27,100.0
2016-06-23 12:00:00,395.1,31.77,100.0
2016-06-23 13:00:00,344.5,31.88,100.0
2016-06-23 14:00:00,245.48,31.78,98.9
2016-06-23 15:00:00,74.65,31.4,99.71
2016-06-23 16:00:00,47.45,30.61,100.0
2016-06-23 17:00:00,14.55,29.25,100.0
2016-06-23 18:00:00,0.0,28.25,100.0
2016-06-23 19:00:00,0.0,27.8,100.0
2016-06-23 20:00:00,0.0,27.41,100.0
2016-06-23 21:00:00,0.0,27.12,99.68
2016-06-23 22:00:00,0.0,26.72,99.46
2016-06-23 23:00:00,0.0,26.3,99.18
2016-06-24 00:00:00,0.0,25.93,70.49
2016-06-24 01:00:00,0.0,25.59,79.06
2016-06-24 02:00:00,0.0,25.37,8.12
2016-06-24 03:00:00,0.0,25.12,9.59
2016-06-24 04:00:00,0.0,24.94,25.09
2016-06-24 05:00:00,22.23,24.96,48.64
2016-06-24 06:00:00,148.7,25.59,68.77
2016-06-24 07:00:00,316.48,26.2,86.96
2016-06-24 08:00:00,475.35,27.16,79.88
2016-06-24 09:00:00,596.17,28.27,98.56
2016-06-24 10:00:00,655.67,29.38,84.94
2016-06-24 11:00:00,530.75,30.2,99.04
2016-06-24 12:00:00,316.92,30.58,100.0
2016-06-24 13:00:00,292.62,30.65,100.0
2016-06-24 14:00:00,183.23,30.56,99.77
2016-06-24 15:00:00,138.55,30.3,98.07
2016-06-24 16:00:00,53.08,29.71,98.28
2016-06-24 17:00:00,11.32,28.7,98.15
2016-06-24 18:00:00,0.0,27.79,100.0
2016-06-24 19:00:00,0.0,27.31,100.0
2016-06-24 20:00:00,0.0,26.89,100.0
2016-06-24 21:00:00,0.0,26.54,100.0
2016-06-24 22:00:00,0.0,26.27,100.0
2016-06-24 23:00:00,0.0,25.95,100.0
2016-06-25 00:00:00,0.0,25.77,100.0
2016-06-25 01:00:00,0.0,25.68,100.0
2016-06-25 02:00:00,0.0,25.48,100.0
2016-06-25 03:00:00,0.0,25.31,100.0
2016-06-25 04:00:00,0.0,25.11,100.0
2016-06-25 05:00:00,6.4,25.11,100.0
2016-06-25 06:00:00,54.3,26.01,98.88
2016-06-25 07:00:00,125.72,27.06,99.28
2016-06-25 08:00:00,244.62,28.38,100.0
2016-06-25 09:00:00,373.65,29.84,100.0
2016-06-25 10:00:00,441.65,31.12,100.0
2016-06-25 11:00:00,351.23,31.88,100.0
2016-06-25 12:00:00,264.98,32.05,100.0
2016-06-25 13:00:00,240.38,31.61,97.39
2016-06-25 14:00:00,147.23,30.97,99.57
2016-06-25 15:00:00,118.75,30.12,98.2
2016-06-25 16:00:00,102.43,29.14,100.0
2016-06-25 17:00:00,12.8,28.08,100.0
2016-06-25 18:00:00,0.0,27.26,100.0
2016-06-25 19:00:00,0.0,26.77,99.06
2016-06-25 20:00:00,0.0,26.31,98.84
2016-06-25 21:00:00,0.0,25.92,98.75
2016-06-25 22:00:00,0.0,25.62,99.69
2016-06-25 23:00:00,0.0,25.37,100.0
2016-06-26 00:00:00,0.0,25.18,100.0
2016-06-26 01:00:00,0.0,24.99,100.0
2016-06-26 02:00:00,0.0,24.85,99.79
2016-06-26 03:00:00,0.0,24.71,100.0
2016-06-26 04:00:00,0.0,24.61,100.0
2016-06-26 05:00:00,3.7,24.65,99.24
2016-06-26 06:00:00,42.92,25.25,97.89
2016-06-26 07:00:00,137.02,25.85,100.0
2016-06-26 08:00:00,269.83,26.88,100.0
2016-06-26 09:00:00,421.12,28.05,100.0
2016-06-26 10:00:00,698.2,29.34,100.0
2016-06-26 11:00:00,567.88,30.57,100.0
2016-06-26 12:00:00,501.25,31.7,100.0
2016-06-26 13:00:00,427.65,32.67,99.8
2016-06-26 14:00:00,348.38,33.08,99.78
2016-06-26 15:00:00,264.52,32.81,99.24
2016-06-26 16:00:00,128.25,32.43,98.82
2016-06-26 17:00:00,26.12,31.21,100.0
2016-06-26 18:00:00,0.0,30.52,100.0
2016-06-26 19:00:00,0.0,29.94,99.83
2016-06-26 20:00:00,0.0,29.08,99.57
2016-06-26 21:00:00,0.0,28.4,99.8
2016-06-26 22:00:00,0.0,27.93,100.0
2016-06-26 23:00:00,0.0,27.63,100.0
2016-06-27 00:00:00,0.0,27.28,99.34
2016-06-27 01:00:00,0.0,26.87,100.0
2016-06-27 02:00:00,0.0,26.53,100.0
2016-06-27 03:00:00,0.0,26.25,100.0
2016-06-27 04:00:00,0.0,25.97,100.0
2016-06-27 05:00:00,14.15,25.86,100.0
2016-06-27 06:00:00,99.43,26.55,100.0
2016-06-27 07:00:00,223.32,27.41,100.0
2016-06-27 08:00:00,323.15,28.79,100.0
2016-06-27 09:00:00,388.4,30.23,100.0
2016-06-27 10:00:00,480.45,31.69,100.0
2016-06-27 11:00:00,335.6,32.94,100.0
2016-06-27 12:00:00,320.33,33.6,100.0
2016-06-27 13:00:00,310.6,33.67,99.94
2016-06-27 14:00:00,335.45,33.23,100.0
2016-06-27 15:00:00,286.2,32.41,99.23
2016-06-27 16:00:00,137.1,31.23,98.17
2016-06-27 17:00:00,35.58,29.97,98.19
2016-06-27 18:00:00,0.0,29.05,100.0
2016-06-27 19:00:00,0.0,28.41,99.57
2016-06-27 20:00:00,0.0,27.81,99.26
2016-06-27 21:00:00,0.0,27.31,99.75
2016-06-27 22:00:00,0.0,26.81,100.0
2016-06-27 23:00:00,0.0,26.33,100.0
2016-06-28 00:00:00,0.0,25.91,100.0
2016-06-28 01:00:00,0.0,25.54,100.0
2016-06-28 02:00:00,0.0,25.17,100.0
2016-06-28 03:00:00,0.0,24.86,100.0
2016-06-28 04:00:00,0.0,24.66,100.0
2016-06-28 05:00:00,8.25,24.93,100.0
2016-06-28 06:00:00,57.08,25.72,100.0
2016-06-28 07:00:00,131.07,26.55,100.0
2016-06-28 08:00:00,236.52,27.8,99.94
2016-06-28 09:00:00,343.35,29.31,99.18
2016-06-28 10:00:00,437.48,30.88,100.0
2016-06-28 11:00:00,416.42,32.04,100.0
2016-06-28 12:00:00,337.38,32.71,100.0
2016-06-28 13:00:00,307.7,32.94,100.0
2016-06-28 14:00:00,235.7,32.76,100.0
2016-06-28 15:00:00,130.68,32.25,98.88
2016-06-28 16:00:00,71.03,31.18,100.0
2016-06-28 17:00:00,18.45,29.75,100.0
2016-06-28 18:00:00,0.0,28.73,100.0
2016-06-28 19:00:00,0.0,28.12,99.59
2016-06-28 20:00:00,0.0,27.57,99.76
2016-06-28 21:00:00,0.0,27.14,100.0
2016-06-28 22:00:00,0.0,26.79,100.0
2016-06-28 23:00:00,0.0,26.35,100.0
2016-06-29 00:00:00,0.0,26.04,100.0
2016-06-29 01:00:00,0.0,25.84,100.0
2016-06-29 02:00:00,0.0,25.58,100.0
2016-06-29 03:00:00,0.0,25.28,100.0
2016-06-29 04:00:00,0.0,25.06,100.0
2016-06-29 05:00:00,11.93,25.04,100.0
2016-06-29 06:00:00,78.25,25.67,100.0
2016-06-29 07:00:00,159.55,26.73,100.0
2016-06-29 08:00:00,282.02,28.31,100.0
2016-06-29 09:00:00,382.05,29.87,99.97
2016-06-29 10:00:00,373.8,31.35,100.0
2016-06-29 11:00:00,282.77,32.53,100.0
2016-06-29 12:00:00,345.83,33.2,100.0
2016-06-29 13:00:00,344.77,33.38,99.88
2016-06-29 14:00:00,292.73,33.07,99.32
2016-06-29 15:00:00,161.7,32.49,99.37
2016-06-29 16:00:00,94.78,31.59,100.0
2016-06-29 17:00:00,18.17,30.07,100.0
2016-06-29 18:00:00,0.0,28.8,100.0
2016-06-29 19:00:00,0.0,28.31,100.0
2016-06-29 20:00:00,0.0,27.83,100.0
2016-06-29 21:00:00,0.0,27.3,100.0
2016-06-29 22:00:00,0.0,26.82,99.72
2016-06-29 23:00:00,0.0,26.37,100.0
2016-06-30 00:00:00,0.0,25.97,100.0
2016-06-30 01:00:00,0.0,25.64,99.94
2016-06-30 02:00:00,0.0,25.36,100.0
2016-06-30 03:00:00,0.0,25.15,100.0
2016-06-30 04:00:00,0.0,25.04,100.0
2016-06-30 05:00:00,9.32,25.06,100.0
2016-06-30 06:00:00,76.7,25.8,100.0
2016-06-30 07:00:00,177.45,27.06,100.0
2016-06-30 08:00:00,313.9,28.6,100.0
2016-06-30 09:00:00,430.05,29.9,94.73
2016-06-30 10:00:00,508.52,31.24,100.0
2016-06-30 11:00:00,496.35,32.6,99.5
2016-06-30 12:00:00,606.92,33.23,99.28
2016-06-30 13:00:00,447.2,33.1,100.0
2016-06-30 14:00:00,328.33,32.6,100.0
2016-06-30 15:00:00,204.3,32.05,100.0
2016-06-30 16:00:00,108.85,31.3,100.0
2016-06-30 17:00:00,24.75,30.11,100.0
2016-06-30 18:00:00,0.0,28.94,100.0
2016-06-30 19:00:00,0.0,28.5,100.0
2016-06-30 20:00:00,0.0,28.02,100.0
2016-06-30 21:00:00,0.0,27.53,100.0
2016-06-30 22:00:00,0.0,27.05,100.0
2016-06-30 23:00:00,0.0,26.54,85.48
2016-07-01 00:00:00,0.0,26.07,95.18
2016-07-01 01:00:00,0.0,25.67,99.6
2016-07-01 02:00:00,0.0,25.35,100.0
2016-07-01 03:00:00,0.0,25.08,100.0
2016-07-01 04:00:00,0.0,24.94,100.0
2016-07-01 05:00:00,11.25,25.1,96.15
2016-07-01 06:00:00,93.65,25.92,96.05
2016-07-01 07:00:00,219.52,27.43,95.14
2016-07-01 08:00:00,362.0,29.1,95.61
2016-07-01 09:00:00,483.33,30.69,99.76
2016-07-01 10:00:00,582.1,31.81,98.88
2016-07-01 11:00:00,662.42,32.75,98.75
2016-07-01 12:00:00,622.28,33.49,100.0
2016-07-01 13:00:00,542.17,33.77,98.6
2016-07-01 14:00:00,359.38,33.6,99.28
2016-07-01 15:00:00,280.55,33.02,98.91
2016-07-01 16:00:00,140.4,31.94,98.71
2016-07-01 17:00:00,35.38,30.56,99.64
2016-07-01 18:00:00,0.0,29.63,99.6
2016-07-01 19:00:00,0.0,29.19,99.41
2016-07-01 20:00:00,0.0,28.79,99.36
2016-07-01 21:00:00,0.0,28.4,99.21
2016-07-01 22:00:00,0.0,27.77,99.96
2016-07-01 23:00:00,0.0,27.12,99.85
2016-07-02 00:00:00,0.0,26.55,99.87
2016-07-02 01:00:00,0.0,26.06,98.88
2016-07-02 02:00:00,0.0,25.68,99.79
2016-07-02 03:00:00,0.0,25.42,99.88
2016-07-02 04:00:00,0.0,25.25,100.0
2016-07-02 05:00:00,9.45,25.32,100.0
2016-07-02 06:00:00,81.53,26.19,100.0
2016-07-02 07:00:00,197.35,27.26,100.0
2016-07-02 08:00:00,380.6,28.67,98.54
2016-07-02 09:00:00,559.47,30.05,98.48
2016-07-02 10:00:00,697.65,31.4,98.72
2016-07-02 11:00:00,763.85,32.73,98.73
2016-07-02 12:00:00,702.22,34.07,98.45
2016-07-02 13:00:00,586.72,35.41,98.59
2016-07-02 14:00:00,409.42,35.92,98.43
2016-07-02 15:00:00,229.77,35.46,100.0
2016-07-02 16:00:00,136.48,34.25,100.0
2016-07-02 17:00:00,18.73,32.3,100.0
2016-07-02 18:00:00,0.0,30.88,100.0
2016-07-02 19:00:00,0.0,30.27,74.17
2016-07-02 20:00:00,0.0,29.67,100.0
2016-07-02 21:00:00,0.0,29.14,100.0
2016-07-02 22:00:00,0.0,28.63,100.0
2016-07-02 23:00:00,0.0,28.15,91.76
2016-07-03 00:00:00,0.0,27.55,78.31
2016-07-03 01:00:00,0.0,27.12,99.86
2016-07-03 02:00:00,0.0,26.65,53.74
2016-07-03 03:00:00,0.0,26.25,100.0
2016-07-03 04:00:00,0.0,25.93,100.0
2016-07-03 05:00:00,11.8,25.88,100.0
2016-07-03 06:00:00,106.43,26.6,100.0
2016-07-03 07:00:00,250.57,27.68,100.0
2016-07-03 08:00:00,445.1,29.07,98.93
2016-07-03 09:00:00,621.62,30.52,99.77
2016-07-03 10:00:00,702.62,32.1,98.68
2016-07-03 11:00:00,686.38,33.55,98.42
2016-07-03 12:00:00,595.3,34.6,100.0
2016-07-03 13:00:00,518.65,35.12,99.01
2016-07-03 14:00:00,397.7,35.18,99.64
2016-07-03 15:00:00,243.88,34.64,99.28
2016-07-03 16:00:00,127.43,33.53,99.25
2016-07-03 17:00:00,33.67,31.62,100.0
2016-07-03 18:00:00,0.0,30.35,100.0
2016-07-03 19:00:00,0.0,29.75,99.77
2016-07-03 20:00:00,0.0,29.28,99.06
2016-07-03 21:00:00,0.0,28.89,99.86
2016-07-03 22:00:00,0.0,28.55,99.96
2016-07-03 23:00:00,0.0,28.23,100.0
2016-07-04 00:00:00,0.0,28.01,99.88
2016-07-04 01:00:00,0.0,27.63,99.63
2016-07-04 02:00:00,0.0,27.02,99.51
2016-07-04 03:00:00,0.0,26.41,99.24
2016-07-04 04:00:00,0.0,25.92,99.28
2016-07-04 05:00:00,15.4,25.85,89.12
2016-07-04 06:00:00,135.25,26.84,77.01
2016-07-04 07:00:00,313.55,28.11,65.55
2016-07-04 08:00:00,524.17,29.1,53.17
2016-07-04 09:00:00,686.97,30.18,35.74
2016-07-04 10:00:00,797.72,31.44,73.48
2016-07-04 11:00:00,820.08,32.65,96.87
2016-07-04 12:00:00,839.05,33.47,85.55
2016-07-04 13:00:00,750.33,33.75,96.12
2016-07-04 14:00:00,594.22,33.63,82.8
2016-07-04 15:00:00,398.35,33.28,88.21
2016-07-04 16:00:00,208.23,32.33,90.02
2016-07-04 17:00:00,55.33,30.61,92.58
2016-07-04 18:00:00,0.0,29.38,93.56
2016-07-04 19:00:00,0.0,28.86,99.78
2016-07-04 20:00:00,0.0,28.52,97.58
2016-07-04 21:00:00,0.0,28.21,97.15
2016-07-04 22:00:00,0.0,27.92,100.0
2016-07-04 23:00:00,0.0,27.6,100.0
2016-07-05 00:00:00,0.0,27.25,100.0
2016-07-05 01:00:00,0.0,26.89,100.0
2016-07-05 02:00:00,0.0,26.51,100.0
2016-07-05 03:00:00,0.0,26.22,100.0
2016-07-05 04:00:00,0.0,25.92,99.47
2016-07-05 05:00:00,9.62,25.91,98.16
2016-07-05 06:00:00,91.18,26.7,98.72
2016-07-05 07:00:00,218.12,27.84,99.41
2016-07-05 08:00:00,352.23,29.14,100.0
2016-07-05 09:00:00,471.45,30.46,100.0
2016-07-05 10:00:00,552.95,31.62,100.0
2016-07-05 11:00:00,649.62,32.61,100.0
2016-07-05 12:00:00,580.08,33.36,100.0
2016-07-05 13:00:00,420.77,33.79,100.0
2016-07-05 14:00:00,351.55,33.89,100.0
2016-07-05 15:00:00,219.82,33.41,100.0
2016-07-05 16:00:00,122.55,32.47,99.0
2016-07-05 17:00:00,12.57,30.87,99.68
2016-07-05 18:00:00,0.0,29.62,98.62
2016-07-05 19:00:00,0.0,29.05,98.91
2016-07-05 20:00:00,0.0,28.63,98.95
2016-07-05 21:00:00,0.0,28.31,99.82
2016-07-05 22:00:00,0.0,28.09,99.28
2016-07-05 23:00:00,0.0,27.89,99.05
2016-07-06 00:00:00,0.0,27.68,99.11
2016-07-06 01:00:00,0.0,27.39,99.14
2016-07-06 02:00:00,0.0,27.05,99.19
2016-07-06 03:00:00,0.0,26.72,99.46
2016-07-06 04:00:00,0.0,26.4,97.51
2016-07-06 05:00:00,17.73,26.21,84.57
2016-07-06 06:00:00,140.0,26.71,70.49
2016-07-06 07:00:00,323.27,27.52,58.07
2016-07-06 08:00:00,519.7,29.04,45.8
2016-07-06 09:00:00,645.4,30.49,52.33
2016-07-06 10:00:00,800.38,31.78,78.76
2016-07-06 11:00:00,889.6,32.82,41.42
2016-07-06 12:00:00,754.28,33.38,71.47
2016-07-06 13:00:00,574.85,33.61,77.68
2016-07-06 14:00:00,391.4,33.66,99.33
2016-07-06 15:00:00,313.75,33.52,97.31
2016-07-06 16:00:00,162.25,32.8,79.16
2016-07-06 17:00:00,48.2,31.26,60.91
2016-07-06 18:00:00,0.0,30.02,39.52
2016-07-06 19:00:00,0.0,29.56,62.85
2016-07-06 20:00:00,0.0,29.14,99.84
2016-07-06 21:00:00,0.0,28.71,99.77
2016-07-06 22:00:00,0.0,28.22,100.0
2016-07-06 23:00:00,0.0,27.73,100.0
2016-07-07 00:00:00,0.0,27.25,100.0
2016-07-07 01:00:00,0.0,26.75,99.11
2016-07-07 02:00:00,0.0,26.32,100.0
2016-07-07 03:00:00,0.0,25.98,99.73
2016-07-07 04:00:00,0.0,25.7,99.73
2016-07-07 05:00:00,9.45,25.67,100.0
2016-07-07 06:00:00,83.07,26.42,99.57
2016-07-07 07:00:00,196.7,27.79,98.66
2016-07-07 08:00:00,336.15,29.47,98.27
2016-07-07 09:00:00,469.58,30.9,99.15
2016-07-07 10:00:00,563.45,32.09,99.96
2016-07-07 11:00:00,560.3,32.99,98.85
2016-07-07 12:00:00,553.67,33.61,98.51
2016-07-07 13:00:00,424.27,33.82,99.57
2016-07-07 14:00:00,433.65,33.65,99.02
2016-07-07 15:00:00,284.88,33.05,99.38
2016-07-07 16:00:00,145.3,32.14,98.33
2016-07-07 17:00:00,38.58,30.54,99.98
2016-07-07 18:00:00,0.0,29.32,99.06
2016-07-07 19:00:00,0.0,28.74,99.41
2016-07-07 20:00:00,0.0,28.16,98.98
2016-07-07 21:00:00,0.0,27.67,99.12
2016-07-07 22:00:00,0.0,27.2,99.57
2016-07-07 23:00:00,0.0,26.7,99.28
2016-07-08 00:00:00,0.0,26.22,99.9
2016-07-08 01:00:00,0.0,25.84,99.48
2016-07-08 02:00:00,0.0,25.51,100.0
2016-07-08 03:00:00,0.0,25.21,99.22
2016-07-08 04:00:00,0.0,25.0,100.0
2016-07-08 05:00:00,11.8,24.96,95.45
2016-07-08 06:00:00,108.15,25.8,90.43
2016-07-08 07:00:00,266.58,27.46,86.94
2016-07-08 08:00:00,445.33,29.79,83.12
2016-07-08 09:00:00,577.55,31.78,99.7
2016-07-08 10:00:00,684.6,33.24,88.67
2016-07-08 11:00:00,773.08,34.25,98.95
2016-07-08 12:00:00,725.8,34.95,99.24
2016-07-08 13:00:00,640.4,35.2,99.93
2016-07-08 14:00:00,519.72,34.97,99.72
2016-07-08 15:00:00,307.7,34.29,98.65
2016-07-08 16:00:00,155.82,33.05,99.1
2016-07-08 17:00:00,40.5,31.45,99.42
2016-07-08 18:00:00,0.0,30.25,99.81
2016-07-08 19:00:00,0.0,29.72,99.76
2016-07-08 20:00:00,0.0,29.1,99.79
2016-07-08 21:00:00,0.0,28.45,99.58
2016-07-08 22:00:00,0.0,27.84,98.07
2016-07-08 23:00:00,0.0,27.14,99.54
2016-07-09 00:00:00,0.0,26.62,99.64
2016-07-09 01:00:00,0.0,26.16,99.61
2016-07-09 02:00:00,0.0,25.78,100.0
2016-07-09 03:00:00,0.0,25.57,100.0
2016-07-09 04:00:00,0.0,25.38,99.52
2016-07-09 05:00:00,10.95,25.39,87.56
2016-07-09 06:00:00,100.3,26.41,74.61
2016-07-09 07:00:00,252.95,28.11,61.9
2016-07-09 08:00:00,450.65,29.86,48.83
2016-07-09 09:00:00,613.97,31.45,45.83
2016-07-09 10:00:00,727.28,32.95,76.35
2016-07-09 11:00:00,862.97,33.99,45.86
2016-07-09 12:00:00,828.62,34.68,60.75
2016-07-09 13:00:00,721.72,34.9,77.6
2016-07-09 14:00:00,576.9,34.72,73.18
2016-07-09 15:00:00,407.42,34.23,57.6
2016-07-09 16:00:00,219.02,33.22,59.65
2016-07-09 17:00:00,57.17,31.65,62.91
2016-07-09 18:00:00,0.0,30.17,64.67
2016-07-09 19:00:00,0.0,29.5,45.22
2016-07-09 20:00:00,0.0,28.95,58.89
2016-07-09 21:00:00,0.0,28.43,96.13
2016-07-09 22:00:00,0.0,27.89,41.31
2016-07-09 23:00:00,0.0,27.41,60.74
2016-07-10 00:00:00,0.0,26.98,52.16
2016-07-10 01:00:00,0.0,26.58,99.71
2016-07-10 02:00:00,0.0,26.25,79.61
2016-07-10 03:00:00,0.0,25.92,87.5
2016-07-10 04:00:00,0.0,25.64,89.33
2016-07-10 05:00:00,15.38,25.59,90.73
2016-07-10 06:00:00,117.62,26.45,92.61
2016-07-10 07:00:00,258.48,28.22,93.28
2016-07-10 08:00:00,456.55,30.0,92.25
2016-07-10 09:00:00,646.28,31.57,99.71
2016-07-10 10:00:00,719.47,33.27,94.84
2016-07-10 11:00:00,727.75,34.74,92.01
2016-07-10 12:00:00,688.08,35.7,99.62
2016-07-10 13:00:00,636.62,35.94,99.31
2016-07-10 14:00:00,536.03,35.8,97.94
2016-07-10 15:00:00,353.52,35.38,96.79
2016-07-10 16:00:00,179.98,34.3,97.99
2016-07-10 17:00:00,47.67,32.54,99.04
2016-07-10 18:00:00,0.0,31.14,99.99
2016-07-10 19:00:00,0.0,30.38,94.58
2016-07-10 20:00:00,0.0,29.59,100.0
2016-07-10 21:00:00,0.0,28.8,64.05
2016-07-10 22:00:00,0.0,28.26,82.38
2016-07-10 23:00:00,0.0,27.72,71.81
2016-07-11 00:00:00,0.0,27.16,99.56
2016-07-11 01:00:00,0.0,26.67,98.54
2016-07-11 02:00:00,0.0,26.25,99.81
2016-07-11 03:00:00,0.0,25.95,99.38
2016-07-11 04:00:00,0.0,25.73,99.81
2016-07-11 05:00:00,13.12,25.69,87.18
2016-07-11 06:00:00,124.62,26.38,73.35
2016-07-11 07:00:00,297.5,27.46,61.2
2016-07-11 08:00:00,480.75,28.86,48.01
2016-07-11 09:00:00,682.3,30.42,29.17
2016-07-11 10:00:00,801.42,31.91,64.64
2016-07-11 11:00:00,847.58,33.05,74.01
2016-07-11 12:00:00,808.12,33.69,80.25
2016-07-11 13:00:00,703.05,33.88,85.96
2016-07-11 14:00:00,505.08,33.72,97.72
2016-07-11 15:00:00,330.83,33.33,94.34
2016-07-11 16:00:00,177.45,32.54,96.72
2016-07-11 17:00:00,41.62,31.19,99.49
2016-07-11 18:00:00,0.0,30.19,100.0
2016-07-11 19:00:00,0.0,29.8,89.18
2016-07-11 20:00:00,0.0,29.29,93.9
2016-07-11 21:00:00,0.0,28.64,88.32
2016-07-11 22:00:00,0.0,27.87,62.51
2016-07-11 23:00:00,0.0,27.13,75.84
2016-07-12 00:00:00,0.0,26.61,99.43
2016-07-12 01:00:00,0.0,26.23,99.6
2016-07-12 02:00:00,0.0,25.94,78.76
2016-07-12 03:00:00,0.0,25.71,91.72
2016-07-12 04:00:00,0.0,25.49,93.87
2016-07-12 05:00:00,12.52,25.44,74.47
2016-07-12 06:00:00,122.57,26.15,54.64
2016-07-12 07:00:00,310.17,27.26,37.05
2016-07-12 08:00:00,521.0,28.68,19.98
2016-07-12 09:00:00,694.08,29.96,13.15
2016-07-12 10:00:00,770.2,31.15,44.96
2016-07-12 11:00:00,859.22,32.21,69.4
2016-07-12 12:00:00,815.1,33.02,81.82
2016-07-12 13:00:00,694.85,33.56,76.62
2016-07-12 14:00:00,557.42,33.61,64.75
2016-07-12 15:00:00,389.08,33.45,59.7
2016-07-12 16:00:00,199.1,32.88,59.87
2016-07-12 17:00:00,49.08,31.42,61.59
2016-07-12 18:00:00,0.0,30.05,59.28
2016-07-12 19:00:00,0.0,29.54,83.83
2016-07-12 20:00:00,0.0,29.09,91.27
2016-07-12 21:00:00,0.0,28.64,83.75
2016-07-12 22:00:00,0.0,28.13,44.83
2016-07-12 23:00:00,0.0,27.64,15.41
2016-07-13 00:00:00,0.0,27.21,99.59
2016-07-13 01:00:00,0.0,26.69,63.01
2016-07-13 02:00:00,0.0,26.18,38.78
2016-07-13 03:00:00,0.0,25.71,40.51
2016-07-13 04:00:00,0.0,25.35,8.07
2016-07-13 05:00:00,15.98,25.28,6.71
2016-07-13 06:00:00,158.88,26.12,1.1
2016-07-13 07:00:00,369.08,27.48,3.83
2016-07-13 08:00:00,567.53,29.22,2.42
2016-07-13 09:00:00,740.12,31.22,6.28
2016-07-13 10:00:00,800.62,33.08,4.85
2016-07-13 11:00:00,911.0,34.47,23.81
2016-07-13 12:00:00,875.47,35.48,28.47
2016-07-13 13:00:00,773.33,36.08,19.58
2016-07-13 14:00:00,629.0,36.11,37.2
2016-07-13 15:00:00,418.85,35.53,39.93
2016-07-13 16:00:00,222.57,34.5,43.02
2016-07-13 17:00:00,55.92,32.74,47.88
2016-07-13 18:00:00,0.0,31.4,49.9
2016-07-13 19:00:00,0.0,30.64,57.31
2016-07-13 20:00:00,0.0,29.91,54.08
2016-07-13 21:00:00,0.0,29.27,64.85
2016-07-13 22:00:00,0.0,28.76,95.52
2016-07-13 23:00:00,0.0,28.34,76.99
2016-07-14 00:00:00,0.0,27.95,72.34
2016-07-14 01:00:00,0.0,27.53,98.24
2016-07-14 02:00:00,0.0,27.07,57.97
2016-07-14 03:00:00,0.0,26.66,17.96
2016-07-14 04:00:00,0.0,26.27,9.85
2016-07-14 05:00:00,15.73,26.14,10.21
2016-07-14 06:00:00,162.88,27.02,5.98
2016-07-14 07:00:00,370.9,28.31,7.95
2016-07-14 08:00:00,566.67,29.64,9.48
2016-07-14 09:00:00,736.03,31.12,9.53
2016-07-14 10:00:00,863.45,32.71,33.19
2016-07-14 11:00:00,920.33,34.07,20.97
2016-07-14 12:00:00,898.3,35.08,24.39
2016-07-14 13:00:00,808.38,35.53,24.77
2016-07-14 14:00:00,653.3,35.44,31.39
2016-07-14 15:00:00,471.17,34.9,28.56
2016-07-14 16:00:00,248.27,33.85,24.82
2016-07-14 17:00:00,67.12,31.85,20.87
2016-07-14 18:00:00,0.0,30.21,14.77
2016-07-14 19:00:00,0.0,29.4,48.64
2016-07-14 20:00:00,0.0,28.76,31.01
2016-07-14 21:00:00,0.0,28.29,90.58
2016-07-14 22:00:00,0.0,27.98,60.92
2016-07-14 23:00:00,0.0,27.71,60.89
2016-07-15 00:00:00,0.0,27.47,59.21
2016-07-15 01:00:00,0.0,27.26,73.5
2016-07-15 02:00:00,0.0,27.05,76.02
2016-07-15 03:00:00,0.0,26.84,73.71
2016-07-15 04:00:00,0.0,26.63,84.22
2016-07-15 05:00:00,11.68,26.53,88.17
2016-07-15 06:00:00,95.72,27.19,91.17
2016-07-15 07:00:00,195.2,28.3,93.02
2016-07-15 08:00:00,310.27,29.82,94.68
2016-07-15 09:00:00,432.35,31.18,90.44
2016-07-15 10:00:00,573.7,32.1,87.03
2016-07-15 11:00:00,644.28,32.49,88.79
2016-07-15 12:00:00,588.15,32.67,88.82
2016-07-15 13:00:00,557.03,32.78,79.24
2016-07-15 14:00:00,472.35,32.85,99.41
2016-07-15 15:00:00,311.35,32.71,89.55
2016-07-15 16:00:00,163.0,32.2,76.18
2016-07-15 17:00:00,47.62,30.88,62.37
2016-07-15 18:00:00,0.0,29.54,45.34
2016-07-15 19:00:00,0.0,28.92,52.69
2016-07-15 20:00:00,0.0,28.43,88.57
2016-07-15 21:00:00,0.0,28.1,91.1
2016-07-15 22:00:00,0.0,27.85,99.68
2016-07-15 23:00:00,0.0,27.62,100.0
2016-07-16 00:00:00,0.0,27.4,100.0
2016-07-16 01:00:00,0.0,27.27,99.69
2016-07-16 02:00:00,0.0,27.16,100.0
2016-07-16 03:00:00,0.0,26.97,100.0
2016-07-16 04:00:00,0.0,26.79,98.96
2016-07-16 05:00:00,9.93,26.7,86.75
2016-07-16 06:00:00,116.28,27.12,71.91
2016-07-16 07:00:00,306.3,27.97,59.84
2016-07-16 08:00:00,515.08,29.08,49.61
2016-07-16 09:00:00,665.67,29.96,36.89
2016-07-16 10:00:00,728.03,30.78,99.0
2016-07-16 11:00:00,793.15,31.38,89.71
2016-07-16 12:00:00,779.33,31.69,80.85
2016-07-16 13:00:00,750.58,31.78,89.21
2016-07-16 14:00:00,614.85,31.7,54.42
2016-07-16 15:00:00,439.55,31.47,42.16
2016-07-16 16:00:00,228.25,30.98,34.11
2016-07-16 17:00:00,56.55,29.82,26.87
2016-07-16 18:00:00,0.0,28.63,17.68
2016-07-16 19:00:00,0.0,28.2,46.89
2016-07-16 20:00:00,0.0,27.88,49.33
2016-07-16 21:00:00,0.0,27.6,99.81
2016-07-16 22:00:00,0.0,27.29,96.82
2016-07-16 23:00:00,0.0,27.0,100.0
2016-07-17 00:00:00,0.0,26.79,99.54
2016-07-17 01:00:00,0.0,26.63,100.0
2016-07-17 02:00:00,0.0,26.52,99.83
2016-07-17 03:00:00,0.0,26.46,99.83
2016-07-17 04:00:00,0.0,26.35,100.0
2016-07-17 05:00:00,10.65,26.31,94.12
2016-07-17 06:00:00,109.22,26.8,86.27
2016-07-17 07:00:00,266.98,27.46,79.54
2016-07-17 08:00:00,457.85,28.26,71.68
2016-07-17 09:00:00,613.45,29.0,99.36
2016-07-17 10:00:00,689.12,29.52,77.98
2016-07-17 11:00:00,763.08,29.95,67.99
2016-07-17 12:00:00,841.08,30.54,55.31
2016-07-17 13:00:00,773.67,31.22,37.82
2016-07-17 14:00:00,605.22,31.44,64.57
2016-07-17 15:00:00,397.02,31.31,97.36
2016-07-17 16:00:00,213.27,30.81,81.48
2016-07-17 17:00:00,55.35,29.63,66.68
2016-07-17 18:00:00,0.0,28.34,49.33
2016-07-17 19:00:00,0.0,27.95,63.18
2016-07-17 20:00:00,0.0,27.6,93.61
2016-07-17 21:00:00,0.0,27.29,82.8
2016-07-17 22:00:00,0.0,27.02,99.85
2016-07-17 23:00:00,0.0,26.72,56.79
2016-07-18 00:00:00,0.0,26.47,68.62
2016-07-18 01:00:00,0.0,26.23,99.67
2016-07-18 02:00:00,0.0,26.0,97.28
2016-07-18 03:00:00,0.0,25.76,97.43
2016-07-18 04:00:00,0.0,25.55,84.55
2016-07-18 05:00:00,12.35,25.54,82.24
2016-07-18 06:00:00,117.97,26.29,79.19
2016-07-18 07:00:00,278.27,27.15,76.2
2016-07-18 08:00:00,434.3,28.77,73.86
2016-07-18 09:00:00,620.47,29.9,71.04
2016-07-18 10:00:00,719.9,30.72,85.08
2016-07-18 11:00:00,817.65,31.59,75.22
2016-07-18 12:00:00,815.62,31.81,72.31
2016-07-18 13:00:00,761.58,31.55,87.97
2016-07-18 14:00:00,597.22,31.21,87.48
2016-07-18 15:00:00,404.8,30.97,95.98
2016-07-18 16:00:00,211.15,30.57,97.68
2016-07-18 17:00:00,51.3,29.82,99.39
2016-07-18 18:00:00,0.0,28.69,100.0
2016-07-18 19:00:00,0.0,28.14,87.27
2016-07-18 20:00:00,0.0,27.69,58.42
2016-07-18 21:00:00,0.0,27.34,99.29
2016-07-18 22:00:00,0.0,26.99,52.89
2016-07-18 23:00:00,0.0,26.66,88.94
2016-07-19 00:00:00,0.0,26.28,95.93
2016-07-19 01:00:00,0.0,25.97,99.41
2016-07-19 02:00:00,0.0,25.69,100.0
2016-07-19 03:00:00,0.0,25.44,100.0
2016-07-19 04:00:00,0.0,25.25,100.0
2016-07-19 05:00:00,3.0,25.22,100.0
2016-07-19 06:00:00,33.12,25.7,100.0
2016-07-19 07:00:00,89.65,26.49,100.0
2016-07-19 08:00:00,185.12,27.69,100.0
2016-07-19 09:00:00,307.38,28.99,99.1
2016-07-19 10:00:00,393.27,30.22,99.23
2016-07-19 11:00:00,499.42,31.2,99.03
2016-07-19 12:00:00,553.75,31.91,100.0
2016-07-19 13:00:00,518.05,32.22,99.1
2016-07-19 14:00:00,439.08,32.12,99.3
2016-07-19 15:00:00,284.9,31.79,99.11
2016-07-19 16:00:00,153.5,31.2,99.52
2016-07-19 17:00:00,41.78,30.06,99.71
2016-07-19 18:00:00,0.0,29.42,98.8
2016-07-19 19:00:00,0.0,29.27,98.87
2016-07-19 20:00:00,0.0,28.93,98.47
2016-07-19 21:00:00,0.0,28.3,98.55
2016-07-19 22:00:00,0.0,27.7,99.6
2016-07-19 23:00:00,0.0,27.21,99.31
2016-07-20 00:00:00,0.0,26.76,100.0
2016-07-20 01:00:00,0.0,26.33,99.6
2016-07-20 02:00:00,0.0,25.91,99.41
2016-07-20 03:00:00,0.0,25.6,99.06
2016-07-20 04:00:00,0.0,25.32,99.13
2016-07-20 05:00:00,6.82,25.23,95.61
2016-07-20 06:00:00,46.3,25.99,99.81
2016-07-20 07:00:00,133.43,27.13,100.0
2016-07-20 08:00:00,286.52,28.37,99.64
2016-07-20 09:00:00,485.62,29.5,93.81
2016-07-20 10:00:00,607.05,30.78,99.88
2016-07-20 11:00:00,583.53,31.93,100.0
2016-07-20 12:00:00,467.75,32.54,100.0
2016-07-20 13:00:00,356.85,32.42,100.0
2016-07-20 14:00:00,339.08,32.05,99.0
2016-07-20 15:00:00,275.48,31.78,98.19
2016-07-20 16:00:00,149.3,31.23,98.86
2016-07-20 17:00:00,25.52,30.14,99.97
2016-07-20 18:00:00,0.0,29.04,100.0
2016-07-20 19:00:00,0.0,28.56,100.0
2016-07-20 20:00:00,0.0,28.02,100.0
2016-07-20 21:00:00,0.0,27.47,100.0
2016-07-20 22:00:00,0.0,27.01,100.0
2016-07-20 23:00:00,0.0,26.53,100.0
2016-07-21 00:00:00,0.0,26.11,100.0
2016-07-21 01:00:00,0.0,25.75,99.86
2016-07-21 02:00:00,0.0,25.5,100.0
2016-07-21 03:00:00,0.0,25.23,100.0
2016-07-21 04:00:00,0.0,25.05,100.0
2016-07-21 05:00:00,7.57,25.1,97.0
2016-07-21 06:00:00,70.72,25.75,95.19
2016-07-21 07:00:00,172.02,26.61,92.52
2016-07-21 08:00:00,300.02,27.84,88.54
2016-07-21 09:00:00,391.27,29.15,98.17
2016-07-21 10:00:00,529.95,30.5,99.31
2016-07-21 11:00:00,571.42,31.79,98.02
2016-07-21 12:00:00,426.9,32.65,100.0
2016-07-21 13:00:00,371.23,33.03,98.31
2016-07-21 14:00:00,558.47,32.74,100.0
2016-07-21 15:00:00,225.95,32.24,98.72
2016-07-21 16:00:00,104.1,31.41,99.34
2016-07-21 17:00:00,17.33,30.11,100.0
2016-07-21 18:00:00,0.0,29.03,100.0
2016-07-21 19:00:00,0.0,28.61,100.0
2016-07-21 20:00:00,0.0,28.19,100.0
2016-07-21 21:00:00,0.0,27.75,99.36
2016-07-21 22:00:00,0.0,27.28,100.0
2016-07-21 23:00:00,0.0,26.8,100.0
2016-07-22 00:00:00,0.0,26.34,99.25
2016-07-22 01:00:00,0.0,25.91,100.0
2016-07-22 02:00:00,0.0,25.58,100.0
2016-07-22 03:00:00,0.0,25.32,100.0
2016-07-22 04:00:00,0.0,25.16,100.0
2016-07-22 05:00:00,5.62,25.12,100.0
2016-07-22 06:00:00,59.22,25.7,99.66
2016-07-22 07:00:00,138.98,26.78,99.25
2016-07-22 08:00:00,275.23,28.37,99.34
2016-07-22 09:00:00,401.48,29.8,98.98
2016-07-22 10:00:00,510.67,30.94,99.93
2016-07-22 11:00:00,579.35,31.73,99.25
2016-07-22 12:00:00,559.45,32.21,99.24
2016-07-22 13:00:00,498.23,32.57,100.0
2016-07-22 14:00:00,336.23,32.48,100.0
2016-07-22 15:00:00,242.45,31.95,99.72
2016-07-22 16:00:00,113.5,31.05,100.0
2016-07-22 17:00:00,27.23,29.75,100.0
2016-07-22 18:00:00,0.0,28.79,100.0
2016-07-22 19:00:00,0.0,28.41,100.0
2016-07-22 20:00:00,0.0,27.97,100.0
2016-07-22 21:00:00,0.0,27.4,100.0
2016-07-22 22:00:00,0.0,26.85,100.0
2016-07-22 23:00:00,0.0,26.41,100.0
2016-07-23 00:00:00,0.0,26.05,100.0
2016-07-23 01:00:00,0.0,25.75,100.0
2016-07-23 02:00:00,0.0,25.43,100.0
2016-07-23 03:00:00,0.0,25.16,100.0
2016-07-23 04:00:00,0.0,24.92,100.0
2016-07-23 05:00:00,6.8,24.84,99.31
2016-07-23 06:00:00,58.85,25.57,100.0
2016-07-23 07:00:00,167.5,26.74,99.86
2016-07-23 08:00:00,255.05,28.37,99.35
2016-07-23 09:00:00,350.65,30.11,99.15
2016-07-23 10:00:00,430.7,31.53,99.83
2016-07-23 11:00:00,402.6,32.39,99.86
2016-07-23 12:00:00,394.58,32.93,100.0
2016-07-23 13:00:00,386.17,33.26,100.0
2016-07-23 14:00:00,288.23,33.06,100.0
2016-07-23 15:00:00,149.77,32.44,98.52
2016-07-23 16:00:00,79.15,31.81,99.34
2016-07-23 17:00:00,20.4,30.86,100.0
2016-07-23 18:00:00,0.0,29.45,100.0
2016-07-23 19:00:00,0.0,28.6,100.0
2016-07-23 20:00:00,0.0,28.08,100.0
2016-07-23 21:00:00,0.0,27.7,100.0
2016-07-23 22:00:00,0.0,27.41,100.0
2016-07-23 23:00:00,0.0,27.16,99.9
2016-07-24 00:00:00,0.0,26.9,100.0
2016-07-24 01:00:00,0.0,26.57,99.81
2016-07-24 02:00:00,0.0,26.19,100.0
2016-07-24 03:00:00,0.0,25.89,99.63
2016-07-24 04:00:00,0.0,25.69,96.78
2016-07-24 05:00:00,8.45,25.67,90.95
2016-07-24 06:00:00,94.32,26.35,84.38
2016-07-24 07:00:00,237.57,27.19,77.73
2016-07-24 08:00:00,415.62,28.25,69.75
2016-07-24 09:00:00,637.33,29.36,84.73
2016-07-24 10:00:00,600.05,30.63,73.03
2016-07-24 11:00:00,572.35,31.7,83.82
2016-07-24 12:00:00,626.67,32.39,79.39
2016-07-24 13:00:00,662.6,32.93,69.35
2016-07-24 14:00:00,613.62,32.86,56.23
2016-07-24 15:00:00,413.67,32.41,58.03
2016-07-24 16:00:00,218.85,31.62,66.93
2016-07-24 17:00:00,50.8,29.95,77.79
2016-07-24 18:00:00,0.0,28.51,87.44
2016-07-24 19:00:00,0.0,27.89,87.58
2016-07-24 20:00:00,0.0,27.56,85.99
2016-07-24 21:00:00,0.0,27.33,86.41
2016-07-24 22:00:00,0.0,27.14,99.24
2016-07-24 23:00:00,0.0,26.92,32.51
2016-07-25 00:00:00,0.0,26.71,32.31
2016-07-25 01:00:00,0.0,26.53,84.82
2016-07-25 02:00:00,0.0,26.38,56.08
2016-07-25 03:00:00,0.0,26.2,88.1
2016-07-25 04:00:00,0.0,26.01,50.46
2016-07-25 05:00:00,12.23,25.89,39.11
2016-07-25 06:00:00,138.9,26.21,29.69
2016-07-25 07:00:00,345.42,26.77,20.71
2016-07-25 08:00:00,561.67,27.74,11.65
2016-07-25 09:00:00,719.1,28.78,12.69
2016-07-25 10:00:00,849.78,29.59,73.34
2016-07-25 11:00:00,881.3,30.21,64.07
2016-07-25 12:00:00,825.67,30.64,93.12
2016-07-25 13:00:00,749.62,31.07,93.47
2016-07-25 14:00:00,612.7,31.29,77.37
2016-07-25 15:00:00,404.05,31.23,99.72
2016-07-25 16:00:00,209.98,30.67,95.25
2016-07-25 17:00:00,50.88,29.34,91.37
2016-07-25 18:00:00,0.0,27.86,85.67
2016-07-25 19:00:00,0.0,27.31,93.24
2016-07-25 20:00:00,0.0,27.01,97.95
2016-07-25 21:00:00,0.0,26.78,100.0
2016-07-25 22:00:00,0.0,26.61,94.74
2016-07-25 23:00:00,0.0,26.45,85.09
2016-07-26 00:00:00,0.0,26.32,34.79
2016-07-26 01:00:00,0.0,26.22,91.84
2016-07-26 02:00:00,0.0,26.13,75.48
2016-07-26 03:00:00,0.0,26.02,73.77
2016-07-26 04:00:00,0.0,25.89,74.62
2016-07-26 05:00:00,11.45,25.84,70.36
2016-07-26 06:00:00,130.5,26.52,65.08
2016-07-26 07:00:00,317.02,27.2,59.4
2016-07-26 08:00:00,519.4,27.96,54.2
2016-07-26 09:00:00,698.4,28.78,83.07
2016-07-26 10:00:00,779.42,29.09,48.78
2016-07-26 11:00:00,874.5,29.29,65.23
2016-07-26 12:00:00,720.22,29.36,88.64
2016-07-26 13:00:00,648.35,29.57,80.41
2016-07-26 14:00:00,590.35,29.58,72.65
2016-07-26 15:00:00,463.95,29.31,47.13
2016-07-26 16:00:00,247.73,28.78,39.84
2016-07-26 17:00:00,62.3,27.85,33.27
2016-07-26 18:00:00,0.0,27.15,21.64
2016-07-26 19:00:00,0.0,26.92,18.88
2016-07-26 20:00:00,0.0,26.75,39.26
2016-07-26 21:00:00,0.0,26.6,79.46
2016-07-26 22:00:00,0.0,26.45,99.86
2016-07-26 23:00:00,0.0,26.33,63.41
2016-07-27 00:00:00,0.0,26.18,99.44
2016-07-27 01:00:00,0.0,26.09,98.64
2016-07-27 02:00:00,0.0,26.0,97.96
2016-07-27 03:00:00,0.0,25.88,94.75
2016-07-27 04:00:00,0.0,25.75,82.73
2016-07-27 05:00:00,11.9,25.69,77.2
2016-07-27 06:00:00,116.35,26.23,72.54
2016-07-27 07:00:00,290.62,26.79,66.89
2016-07-27 08:00:00,438.75,27.45,63.76
2016-07-27 09:00:00,516.28,28.09,78.18
2016-07-27 10:00:00,579.45,28.72,91.01
2016-07-27 11:00:00,704.55,29.38,88.85
2016-07-27 12:00:00,824.92,29.8,57.13
2016-07-27 13:00:00,751.35,29.96,48.95
2016-07-27 14:00:00,633.75,29.99,46.02
2016-07-27 15:00:00,464.88,29.8,40.94
2016-07-27 16:00:00,247.82,29.31,48.4
2016-07-27 17:00:00,61.28,28.24,56.62
2016-07-27 18:00:00,0.0,27.24,64.64
2016-07-27 19:00:00,0.0,26.96,62.18
2016-07-27 20:00:00,0.0,26.76,39.72
2016-07-27 21:00:00,0.0,26.57,8.79
2016-07-27 22:00:00,0.0,26.4,4.84
2016-07-27 23:00:00,0.0,26.21,24.45
2016-07-28 00:00:00,0.0,26.04,47.57
2016-07-28 01:00:00,0.0,25.94,70.58
2016-07-28 02:00:00,0.0,25.85,3.23
2016-07-28 03:00:00,0.0,25.74,3.09
2016-07-28 04:00:00,0.0,25.6,2.96
2016-07-28 05:00:00,10.9,25.69,2.82
2016-07-28 06:00:00,147.6,26.73,2.69
2016-07-28 07:00:00,335.17,27.57,2.55
2016-07-28 08:00:00,535.0,28.57,2.42
2016-07-28 09:00:00,715.3,29.38,12.09
2016-07-28 10:00:00,852.72,29.98,14.38
2016-07-28 11:00:00,907.7,30.47,24.11
2016-07-28 12:00:00,828.5,30.81,31.2
2016-07-28 13:00:00,789.1,30.93,28.97
2016-07-28 14:00:00,633.22,30.85,27.42
2016-07-28 15:00:00,461.12,30.48,32.26
2016-07-28 16:00:00,250.3,29.83,25.89
2016-07-28 17:00:00,61.85,28.78,20.03
2016-07-28 18:00:00,0.0,27.8,9.64
2016-07-28 19:00:00,0.0,27.4,2.42
2016-07-28 20:00:00,0.0,27.11,2.42
2016-07-28 21:00:00,0.0,26.84,81.4
2016-07-28 22:00:00,0.0,26.61,24.21
2016-07-28 23:00:00,0.0,26.42,27.49
2016-07-29 00:00:00,0.0,26.28,86.88
2016-07-29 01:00:00,0.0,26.22,66.26
2016-07-29 02:00:00,0.0,26.16,45.28
2016-07-29 03:00:00,0.0,26.09,38.89
2016-07-29 04:00:00,0.0,25.99,65.01
2016-07-29 05:00:00,9.45,25.9,69.76
2016-07-29 06:00:00,103.43,26.06,74.14
2016-07-29 07:00:00,243.85,26.1,76.41
2016-07-29 08:00:00,407.17,26.17,76.56
2016-07-29 09:00:00,595.6,26.51,61.49
2016-07-29 10:00:00,774.88,26.88,68.16
2016-07-29 11:00:00,920.9,27.4,32.81
2016-07-29 12:00:00,806.42,28.22,42.87
2016-07-29 13:00:00,748.47,29.21,36.63
2016-07-29 14:00:00,549.9,30.11,53.19
2016-07-29 15:00:00,387.4,30.62,59.95
2016-07-29 16:00:00,200.9,30.45,70.23
2016-07-29 17:00:00,43.8,29.53,82.14
2016-07-29 18:00:00,0.0,28.83,89.25
2016-07-29 19:00:00,0.0,28.5,95.0
2016-07-29 20:00:00,0.0,27.9,35.06
2016-07-29 21:00:00,0.0,27.35,45.37
2016-07-29 22:00:00,0.0,26.9,87.0
2016-07-29 23:00:00,0.0,26.53,63.08
2016-07-30 00:00:00,0.0,26.18,78.04
2016-07-30 01:00:00,0.0,25.82,92.7
2016-07-30 02:00:00,0.0,25.53,94.6
2016-07-30 03:00:00,0.0,25.34,82.25
2016-07-30 04:00:00,0.0,25.2,95.52
2016-07-30 05:00:00,6.93,25.23,95.86
2016-07-30 06:00:00,82.97,26.02,94.8
2016-07-30 07:00:00,189.88,26.89,93.27
2016-07-30 08:00:00,257.7,27.97,93.54
2016-07-30 09:00:00,359.98,28.93,91.35
2016-07-30 10:00:00,319.35,29.64,99.5
2016-07-30 11:00:00,429.92,30.09,100.0
2016-07-30 12:00:00,496.08,30.29,99.88
2016-07-30 13:00:00,428.1,30.18,100.0
2016-07-30 14:00:00,353.88,29.97,100.0
2016-07-30 15:00:00,248.4,29.6,98.87
2016-07-30 16:00:00,138.88,28.94,99.98
2016-07-30 17:00:00,25.62,27.91,100.0
2016-07-30 18:00:00,0.0,27.12,100.0
2016-07-30 19:00:00,0.0,26.8,99.11
2016-07-30 20:00:00,0.0,26.47,85.7
2016-07-30 21:00:00,0.0,26.14,98.65
2016-07-30 22:00:00,0.0,25.85,98.41
2016-07-30 23:00:00,0.0,25.51,100.0
2016-07-31 00:00:00,0.0,25.18,100.0
2016-07-31 01:00:00,0.0,24.84,100.0
2016-07-31 02:00:00,0.0,24.47,100.0
2016-07-31 03:00:00,0.0,24.1,99.94
2016-07-31 04:00:00,0.0,23.73,97.4
2016-07-31 05:00:00,8.43,23.63,96.76
2016-07-31 06:00:00,88.95,24.66,97.17
2016-07-31 07:00:00,223.15,26.35,96.42
2016-07-31 08:00:00,374.23,28.47,95.65
2016-07-31 09:00:00,558.5,30.37,99.82
2016-07-31 10:00:00,594.6,31.87,99.13
2016-07-31 11:00:00,624.03,32.93,99.11
2016-07-31 12:00:00,586.88,33.61,99.24
2016-07-31 13:00:00,539.15,34.0,99.6
2016-07-31 14:00:00,448.08,33.9,93.94
2016-07-31 15:00:00,297.48,33.3,95.78
2016-07-31 16:00:00,141.32,32.32,97.24
2016-07-31 17:00:00,32.2,30.71,98.93
2016-07-31 18:00:00,0.0,29.54,100.0
2016-07-31 19:00:00,0.0,28.99,100.0
2016-07-31 20:00:00,0.0,28.35,100.0
2016-07-31 21:00:00,0.0,27.79,100.0
2016-07-31 22:00:00,0.0,27.12,100.0
2016-07-31 23:00:00,0.0,26.27,100.0
2016-08-01 00:00:00,0.0,25.42,99.99
2016-08-01 01:00:00,0.0,24.7,99.58
2016-08-01 02:00:00,0.0,24.13,99.93
2016-08-01 03:00:00,0.0,23.7,100.0
2016-08-01 04:00:00,0.0,23.37,100.0
2016-08-01 05:00:00,5.72,23.47,100.0
2016-08-01 06:00:00,63.62,24.74,100.0
2016-08-01 07:00:00,149.7,26.6,100.0
2016-08-01 08:00:00,280.55,28.68,99.55
2016-08-01 09:00:00,462.17,30.74,100.0
2016-08-01 10:00:00,526.72,32.54,100.0
2016-08-01 11:00:00,628.45,33.74,97.91
2016-08-01 12:00:00,653.55,34.41,98.46
2016-08-01 13:00:00,513.03,34.64,99.25
2016-08-01 14:00:00,415.6,34.45,98.33
2016-08-01 15:00:00,232.02,33.89,97.29
2016-08-01 16:00:00,127.75,32.67,97.11
2016-08-01 17:00:00,27.73,30.73,98.89
2016-08-01 18:00:00,0.0,29.29,97.17
2016-08-01 19:00:00,0.0,28.57,95.42
2016-08-01 20:00:00,0.0,27.86,99.42
2016-08-01 21:00:00,0.0,27.28,99.89
2016-08-01 22:00:00,0.0,26.74,97.24
2016-08-01 23:00:00,0.0,26.19,99.41
2016-08-02 00:00:00,0.0,25.63,99.99
2016-08-02 01:00:00,0.0,25.11,99.72
2016-08-02 02:00:00,0.0,24.67,96.87
2016-08-02 03:00:00,0.0,24.39,99.47
2016-08-02 04:00:00,0.0,24.28,97.37
2016-08-02 05:00:00,7.32,24.19,93.58
2016-08-02 06:00:00,74.9,24.89,89.53
2016-08-02 07:00:00,200.93,26.36,85.28
2016-08-02 08:00:00,337.02,28.25,82.99
2016-08-02 09:00:00,421.8,30.1,99.62
2016-08-02 10:00:00,527.33,31.51,100.0
2016-08-02 11:00:00,366.6,32.4,98.73
2016-08-02 12:00:00,329.45,32.95,100.0
2016-08-02 13:00:00,346.25,33.31,99.77
2016-08-02 14:00:00,298.52,33.33,98.93
2016-08-02 15:00:00,266.45,32.94,96.39
2016-08-02 16:00:00,132.95,32.01,96.45
2016-08-02 17:00:00,33.62,30.4,97.03
2016-08-02 18:00:00,0.0,29.26,94.62
2016-08-02 19:00:00,0.0,28.75,100.0
2016-08-02 20:00:00,0.0,28.15,100.0
2016-08-02 21:00:00,0.0,27.49,90.93
2016-08-02 22:00:00,0.0,26.9,99.73
2016-08-02 23:00:00,0.0,26.38,97.39
2016-08-03 00:00:00,0.0,25.89,98.21
2016-08-03 01:00:00,0.0,25.47,99.36
2016-08-03 02:00:00,0.0,25.11,98.15
2016-08-03 03:00:00,0.0,24.83,100.0
2016-08-03 04:00:00,0.0,24.66,100.0
2016-08-03 05:00:00,10.02,24.59,88.7
2016-08-03 06:00:00,111.82,25.21,77.33
2016-08-03 07:00:00,274.92,26.37,65.69
2016-08-03 08:00:00,448.27,27.78,53.96
2016-08-03 09:00:00,601.72,29.2,43.2
2016-08-03 10:00:00,689.7,30.53,67.91
2016-08-03 11:00:00,660.28,31.78,85.23
2016-08-03 12:00:00,646.15,32.67,97.41
2016-08-03 13:00:00,507.0,33.11,99.96
2016-08-03 14:00:00,352.38,33.15,99.24
2016-08-03 15:00:00,202.7,32.78,98.65
2016-08-03 16:00:00,109.12,31.89,98.21
2016-08-03 17:00:00,20.7,30.4,99.89
2016-08-03 18:00:00,0.0,29.37,99.11
2016-08-03 19:00:00,0.0,28.93,99.63
2016-08-03 20:00:00,0.0,28.47,99.61
2016-08-03 21:00:00,0.0,27.93,100.0
2016-08-03 22:00:00,0.0,27.35,99.78
2016-08-03 23:00:00,0.0,26.76,99.84
2016-08-04 00:00:00,0.0,26.18,99.8
2016-08-04 01:00:00,0.0,25.65,100.0
2016-08-04 02:00:00,0.0,25.22,99.53
2016-08-04 03:00:00,0.0,24.74,99.54
2016-08-04 04:00:00,0.0,24.28,99.81
2016-08-04 05:00:00,7.03,24.17,98.22
2016-08-04 06:00:00,88.53,25.26,96.05
2016-08-04 07:00:00,229.32,26.79,93.25
2016-08-04 08:00:00,412.15,28.24,90.87
2016-08-04 09:00:00,606.62,29.56,98.15
2016-08-04 10:00:00,721.53,30.92,62.5
2016-08-04 11:00:00,846.4,32.11,77.23
2016-08-04 12:00:00,746.7,33.08,100.0
2016-08-04 13:00:00,649.78,33.66,99.55
2016-08-04 14:00:00,397.0,33.46,98.52
2016-08-04 15:00:00,237.25,32.81,98.33
2016-08-04 16:00:00,127.53,31.73,98.25
2016-08-04 17:00:00,21.98,30.2,100.0
2016-08-04 18:00:00,0.0,29.17,100.0
2016-08-04 19:00:00,0.0,28.66,100.0
2016-08-04 20:00:00,0.0,28.21,100.0
2016-08-04 21:00:00,0.0,27.76,100.0
2016-08-04 22:00:00,0.0,27.35,100.0
2016-08-04 23:00:00,0.0,26.96,99.78
2016-08-05 00:00:00,0.0,26.58,100.0
2016-08-05 01:00:00,0.0,26.16,100.0
2016-08-05 02:00:00,0.0,25.76,100.0
2016-08-05 03:00:00,0.0,25.39,99.41
2016-08-05 04:00:00,0.0,25.0,99.34
2016-08-05 05:00:00,7.1,24.82,94.78
2016-08-05 06:00:00,90.18,25.66,89.74
2016-08-05 07:00:00,228.6,27.08,84.34
2016-08-05 08:00:00,435.58,28.7,77.45
2016-08-05 09:00:00,604.8,30.2,73.06
2016-08-05 10:00:00,771.2,31.65,72.09
2016-08-05 11:00:00,777.42,32.95,82.3
2016-08-05 12:00:00,767.42,33.91,84.24
2016-08-05 13:00:00,663.12,34.5,66.21
2016-08-05 14:00:00,573.72,34.5,63.29
2016-08-05 15:00:00,360.02,34.02,91.68
2016-08-05 16:00:00,175.15,33.01,93.36
2016-08-05 17:00:00,34.85,31.37,96.02
2016-08-05 18:00:00,0.0,30.1,96.58
2016-08-05 19:00:00,0.0,29.63,95.02
2016-08-05 20:00:00,0.0,29.17,86.79
2016-08-05 21:00:00,0.0,28.6,100.0
2016-08-05 22:00:00,0.0,27.95,100.0
2016-08-05 23:00:00,0.0,27.32,100.0
2016-08-06 00:00:00,0.0,26.79,100.0
2016-08-06 01:00:00,0.0,26.3,99.81
2016-08-06 02:00:00,0.0,25.9,100.0
2016-08-06 03:00:00,0.0,25.6,100.0
2016-08-06 04:00:00,0.0,25.37,99.75
2016-08-06 05:00:00,9.35,25.29,83.55
2016-08-06 06:00:00,128.0,25.95,65.26
2016-08-06 07:00:00,328.23,26.98,50.69
2016-08-06 08:00:00,552.92,28.42,36.16
2016-08-06 09:00:00,698.72,29.97,41.75
2016-08-06 10:00:00,819.62,31.45,68.33
2016-08-06 11:00:00,872.35,32.56,58.4
2016-08-06 12:00:00,785.62,33.15,93.18
2016-08-06 13:00:00,737.72,33.4,61.85
2016-08-06 14:00:00,596.05,33.48,59.57
2016-08-06 15:00:00,395.8,33.23,59.53
2016-08-06 16:00:00,207.98,32.41,63.27
2016-08-06 17:00:00,45.1,30.79,68.44
2016-08-06 18:00:00,0.0,29.64,71.1
2016-08-06 19:00:00,0.0,29.24,71.65
2016-08-06 20:00:00,0.0,28.82,92.64
2016-08-06 21:00:00,0.0,28.43,99.47
2016-08-06 22:00:00,0.0,27.97,65.64
2016-08-06 23:00:00,0.0,27.49,91.66
2016-08-07 00:00:00,0.0,26.93,99.96
2016-08-07 01:00:00,0.0,26.41,99.88
2016-08-07 02:00:00,0.0,25.94,99.72
2016-08-07 03:00:00,0.0,25.58,97.66
2016-08-07 04:00:00,0.0,25.29,79.56
2016-08-07 05:00:00,10.85,25.09,59.57
2016-08-07 06:00:00,148.23,25.65,37.92
2016-08-07 07:00:00,369.6,27.1,21.32
2016-08-07 08:00:00,551.03,28.77,3.23
2016-08-07 09:00:00,753.0,30.07,12.08
2016-08-07 10:00:00,880.7,31.37,16.44
2016-08-07 11:00:00,925.05,32.76,23.7
2016-08-07 12:00:00,860.03,33.87,35.34
2016-08-07 13:00:00,727.47,34.46,25.6
2016-08-07 14:00:00,601.9,34.47,42.28
2016-08-07 15:00:00,410.17,34.07,49.41
2016-08-07 16:00:00,208.5,33.31,41.87
2016-08-07 17:00:00,46.33,31.59,35.93
2016-08-07 18:00:00,0.0,30.28,25.22
2016-08-07 19:00:00,0.0,29.77,40.2
2016-08-07 20:00:00,0.0,29.25,58.45
2016-08-07 21:00:00,0.0,28.72,53.75
2016-08-07 22:00:00,0.0,28.21,98.15
2016-08-07 23:00:00,0.0,27.7,84.36
2016-08-08 00:00:00,0.0,27.09,91.65
2016-08-08 01:00:00,0.0,26.5,99.5
2016-08-08 02:00:00,0.0,25.99,82.94
2016-08-08 03:00:00,0.0,25.57,72.25
2016-08-08 04:00:00,0.0,25.22,69.32
2016-08-08 05:00:00,9.15,25.05,56.3
2016-08-08 06:00:00,134.9,25.95,35.77
2016-08-08 07:00:00,351.02,27.58,23.64
2016-08-08 08:00:00,561.42,29.68,15.7
2016-08-08 09:00:00,757.5,31.76,6.49
2016-08-08 10:00:00,894.4,33.4,10.63
2016-08-08 11:00:00,942.42,34.52,20.5
2016-08-08 12:00:00,911.7,35.26,26.2
2016-08-08 13:00:00,746.9,35.68,45.86
2016-08-08 14:00:00,616.97,35.74,56.53
2016-08-08 15:00:00,425.52,35.2,65.4
2016-08-08 16:00:00,212.6,34.04,66.21
2016-08-08 17:00:00,44.62,32.16,68.2
2016-08-08 18:00:00,0.0,30.82,66.54
2016-08-08 19:00:00,0.0,30.06,59.28
2016-08-08 20:00:00,0.0,29.4,30.1
2016-08-08 21:00:00,0.0,28.91,78.33
2016-08-08 22:00:00,0.0,28.49,22.36
2016-08-08 23:00:00,0.0,28.11,35.98
2016-08-09 00:00:00,0.0,27.71,56.42
2016-08-09 01:00:00,0.0,27.28,77.31
2016-08-09 02:00:00,0.0,26.81,97.7
2016-08-09 03:00:00,0.0,26.27,90.64
2016-08-09 04:00:00,0.0,25.79,63.33
2016-08-09 05:00:00,10.7,25.52,52.45
2016-08-09 06:00:00,147.82,26.28,39.84
2016-08-09 07:00:00,364.27,27.98,30.17
2016-08-09 08:00:00,585.92,30.26,19.58
2016-08-09 09:00:00,768.7,32.4,12.57
2016-08-09 10:00:00,873.25,33.78,37.5
2016-08-09 11:00:00,878.47,34.75,32.06
2016-08-09 12:00:00,744.7,35.4,74.07
2016-08-09 13:00:00,742.15,35.7,60.37
2016-08-09 14:00:00,569.08,35.61,79.69
2016-08-09 15:00:00,363.17,34.92,97.94
2016-08-09 16:00:00,175.32,33.65,98.42
2016-08-09 17:00:00,36.58,31.87,98.77
2016-08-09 18:00:00,0.0,30.63,98.58
2016-08-09 19:00:00,0.0,29.94,84.52
2016-08-09 20:00:00,0.0,29.4,98.6
2016-08-09 21:00:00,0.0,28.92,100.0
2016-08-09 22:00:00,0.0,28.52,99.69
2016-08-09 23:00:00,0.0,28.16,79.77
2016-08-10 00:00:00,0.0,27.8,89.61
2016-08-10 01:00:00,0.0,27.39,99.54
2016-08-10 02:00:00,0.0,26.94,91.29
2016-08-10 03:00:00,0.0,26.44,70.17
2016-08-10 04:00:00,0.0,26.02,71.33
2016-08-10 05:00:00,10.25,25.74,60.56
2016-08-10 06:00:00,143.7,26.27,47.74
2016-08-10 07:00:00,352.92,27.39,36.25
2016-08-10 08:00:00,565.33,29.26,24.51
2016-08-10 09:00:00,756.35,31.38,11.41
2016-08-10 10:00:00,887.67,33.17,13.77
2016-08-10 11:00:00,947.62,34.39,22.41
2016-08-10 12:00:00,904.17,35.18,28.01
2016-08-10 13:00:00,770.92,35.61,72.95
2016-08-10 14:00:00,642.25,35.68,34.37
2016-08-10 15:00:00,424.17,35.07,81.01
2016-08-10 16:00:00,211.07,33.95,82.29
2016-08-10 17:00:00,40.55,32.14,85.22
2016-08-10 18:00:00,0.0,30.79,86.02
2016-08-10 19:00:00,0.0,29.95,89.21
2016-08-10 20:00:00,0.0,29.27,75.62
2016-08-10 21:00:00,0.0,28.75,100.0
2016-08-10 22:00:00,0.0,28.33,89.95
2016-08-10 23:00:00,0.0,28.03,100.0
2016-08-11 00:00:00,0.0,27.72,100.0
2016-08-11 01:00:00,0.0,27.37,100.0
2016-08-11 02:00:00,0.0,27.0,99.52
2016-08-11 03:00:00,0.0,26.66,99.76
2016-08-11 04:00:00,0.0,26.36,99.14
2016-08-11 05:00:00,9.38,26.11,93.2
2016-08-11 06:00:00,114.28,26.55,87.01
2016-08-11 07:00:00,294.42,27.64,81.6
2016-08-11 08:00:00,516.7,29.26,74.97
2016-08-11 09:00:00,704.17,30.91,100.0
2016-08-11 10:00:00,830.03,32.07,92.71
2016-08-11 11:00:00,897.88,32.87,77.04
2016-08-11 12:00:00,791.17,33.38,99.95
2016-08-11 13:00:00,734.67,33.71,94.85
2016-08-11 14:00:00,612.72,33.87,88.79
2016-08-11 15:00:00,419.3,33.75,92.21
2016-08-11 16:00:00,212.8,33.22,66.52
2016-08-11 17:00:00,45.5,31.54,40.17
2016-08-11 18:00:00,0.0,30.28,11.38
2016-08-11 19:00:00,0.0,29.71,38.92
2016-08-11 20:00:00,0.0,29.16,53.51
2016-08-11 21:00:00,0.0,28.62,56.98
2016-08-11 22:00:00,0.0,28.22,59.17
2016-08-11 23:00:00,0.0,27.88,19.56
2016-08-12 00:00:00,0.0,27.58,63.58
2016-08-12 01:00:00,0.0,27.32,61.5
2016-08-12 02:00:00,0.0,27.06,58.8
2016-08-12 03:00:00,0.0,26.78,62.36
2016-08-12 04:00:00,0.0,26.42,63.01
2016-08-12 05:00:00,9.55,26.15,62.29
2016-08-12 06:00:00,114.65,27.03,61.21
2016-08-12 07:00:00,284.98,28.51,57.02
2016-08-12 08:00:00,491.23,30.49,50.0
2016-08-12 09:00:00,673.88,32.34,43.01
2016-08-12 10:00:00,757.42,33.64,95.35
2016-08-12 11:00:00,868.72,34.55,94.56
2016-08-12 12:00:00,840.7,35.1,76.9
2016-08-12 13:00:00,712.65,35.21,98.76
2016-08-12 14:00:00,590.22,35.08,87.53
2016-08-12 15:00:00,415.02,34.6,71.86
2016-08-12 16:00:00,206.18,33.91,65.96
2016-08-12 17:00:00,43.8,32.37,59.87
2016-08-12 18:00:00,0.0,31.1,52.39
2016-08-12 19:00:00,0.0,30.5,99.09
2016-08-12 20:00:00,0.0,29.89,79.81
2016-08-12 21:00:00,0.0,29.26,65.02
2016-08-12 22:00:00,0.0,28.68,64.96
2016-08-12 23:00:00,0.0,28.12,43.11
2016-08-13 00:00:00,0.0,27.63,70.99
2016-08-13 01:00:00,0.0,27.25,98.86
2016-08-13 02:00:00,0.0,26.93,66.34
2016-08-13 03:00:00,0.0,26.65,71.46
2016-08-13 04:00:00,0.0,26.4,76.78
2016-08-13 05:00:00,8.85,26.29,77.36
2016-08-13 06:00:00,96.25,26.97,79.72
2016-08-13 07:00:00,250.15,28.34,79.83
2016-08-13 08:00:00,412.77,29.99,82.25
2016-08-13 09:00:00,544.97,31.66,92.34
2016-08-13 10:00:00,628.97,33.09,98.84
2016-08-13 11:00:00,696.6,33.93,100.0
2016-08-13 12:00:00,634.28,34.32,100.0
2016-08-13 13:00:00,596.65,34.38,97.68
2016-08-13 14:00:00,499.65,34.11,92.2
2016-08-13 15:00:00,351.55,33.61,85.97
2016-08-13 16:00:00,171.35,32.77,83.66
2016-08-13 17:00:00,35.72,31.5,81.74
2016-08-13 18:00:00,0.0,30.15,76.39
2016-08-13 19:00:00,0.0,29.38,84.21
2016-08-13 20:00:00,0.0,28.8,83.79
2016-08-13 21:00:00,0.0,28.37,99.85
2016-08-13 22:00:00,0.0,28.07,96.45
2016-08-13 23:00:00,0.0,27.81,96.48
2016-08-14 00:00:00,0.0,27.55,100.0
2016-08-14 01:00:00,0.0,27.27,80.32
2016-08-14 02:00:00,0.0,26.97,60.74
2016-08-14 03:00:00,0.0,26.72,56.32
2016-08-14 04:00:00,0.0,26.47,72.18
2016-08-14 05:00:00,9.73,26.26,65.4
2016-08-14 06:00:00,126.22,26.7,58.44
2016-08-14 07:00:00,325.45,27.69,51.86
2016-08-14 08:00:00,531.65,29.33,45.81
2016-08-14 09:00:00,703.75,31.21,37.23
2016-08-14 10:00:00,839.8,32.96,36.62
2016-08-14 11:00:00,823.15,34.1,68.69
2016-08-14 12:00:00,742.47,34.75,96.52
2016-08-14 13:00:00,618.08,34.95,94.84
2016-08-14 14:00:00,518.4,34.67,96.12
2016-08-14 15:00:00,378.23,34.16,77.65
2016-08-14 16:00:00,181.12,33.19,83.14
2016-08-14 17:00:00,34.85,31.6,89.13
2016-08-14 18:00:00,0.0,30.51,92.37
2016-08-14 19:00:00,0.0,29.99,94.86
2016-08-14 20:00:00,0.0,29.44,87.99
2016-08-14 21:00:00,0.0,28.93,100.0
2016-08-14 22:00:00,0.0,28.55,100.0
2016-08-14 23:00:00,0.0,28.15,100.0
2016-08-15 00:00:00,0.0,27.74,100.0
2016-08-15 01:00:00,0.0,27.31,99.86
2016-08-15 02:00:00,0.0,26.93,88.99
2016-08-15 03:00:00,0.0,26.48,100.0
2016-08-15 04:00:00,0.0,26.06,100.0
2016-08-15 05:00:00,9.25,25.73,80.31
2016-08-15 06:00:00,138.38,26.44,57.27
2016-08-15 07:00:00,348.77,27.97,39.2
2016-08-15 08:00:00,570.62,29.82,22.45
2016-08-15 09:00:00,753.4,31.66,16.39
2016-08-15 10:00:00,852.33,33.26,28.77
2016-08-15 11:00:00,824.92,34.45,34.38
2016-08-15 12:00:00,756.9,35.24,55.33
2016-08-15 13:00:00,712.1,35.64,61.25
2016-08-15 14:00:00,580.15,35.52,69.86
2016-08-15 15:00:00,367.73,34.94,71.01
2016-08-15 16:00:00,162.77,33.86,79.32
2016-08-15 17:00:00,27.62,32.07,89.88
2016-08-15 18:00:00,0.0,30.91,98.05
2016-08-15 19:00:00,0.0,30.4,100.0
2016-08-15 20:00:00,0.0,29.89,99.88
2016-08-15 21:00:00,0.0,29.44,99.93
2016-08-15 22:00:00,0.0,29.02,100.0
2016-08-15 23:00:00,0.0,28.29,100.0
2016-08-16 00:00:00,0.0,27.71,100.0
2016-08-16 01:00:00,0.0,27.2,100.0
2016-08-16 02:00:00,0.0,26.58,100.0
2016-08-16 03:00:00,0.0,26.12,82.23
2016-08-16 04:00:00,0.0,25.78,48.18
2016-08-16 05:00:00,9.07,25.57,39.27
2016-08-16 06:00:00,136.02,26.29,26.45
2016-08-16 07:00:00,349.9,28.0,19.45
2016-08-16 08:00:00,567.72,30.03,16.79
2016-08-16 09:00:00,689.25,31.96,92.67
2016-08-16 10:00:00,794.22,33.58,69.98
2016-08-16 11:00:00,813.33,34.72,85.8
2016-08-16 12:00:00,766.15,35.48,94.26
2016-08-16 13:00:00,655.83,35.89,98.35
2016-08-16 14:00:00,553.85,35.66,95.36
2016-08-16 15:00:00,381.55,35.31,96.03
2016-08-16 16:00:00,180.82,34.42,95.84
2016-08-16 17:00:00,32.4,32.53,96.59
2016-08-16 18:00:00,0.0,31.07,95.76
2016-08-16 19:00:00,0.0,30.43,100.0
2016-08-16 20:00:00,0.0,29.85,99.83
2016-08-16 21:00:00,0.0,29.43,99.83
2016-08-16 22:00:00,0.0,28.82,99.82
2016-08-16 23:00:00,0.0,28.09,88.47
2016-08-17 00:00:00,0.0,27.39,93.98
2016-08-17 01:00:00,0.0,26.76,99.73
2016-08-17 02:00:00,0.0,26.16,3.23
2016-08-17 03:00:00,0.0,25.59,28.51
2016-08-17 04:00:00,0.0,25.18,18.94
2016-08-17 05:00:00,9.82,25.05,25.32
2016-08-17 06:00:00,134.43,26.23,29.7
2016-08-17 07:00:00,324.15,28.15,36.34
2016-08-17 08:00:00,535.58,30.3,42.91
2016-08-17 09:00:00,626.0,32.23,94.94
2016-08-17 10:00:00,753.85,33.72,99.37
2016-08-17 11:00:00,821.67,34.72,98.16
2016-08-17 12:00:00,763.03,35.38,99.53
2016-08-17 13:00:00,653.65,35.77,100.0
2016-08-17 14:00:00,537.83,35.59,99.18
2016-08-17 15:00:00,343.27,35.09,98.78
2016-08-17 16:00:00,165.98,33.98,98.38
2016-08-17 17:00:00,32.45,32.2,99.37
2016-08-17 18:00:00,0.0,31.1,99.68
2016-08-17 19:00:00,0.0,30.53,99.7
2016-08-17 20:00:00,0.0,29.99,99.24
2016-08-17 21:00:00,0.0,29.54,100.0
2016-08-17 22:00:00,0.0,29.05,99.46
2016-08-17 23:00:00,0.0,28.44,99.19
2016-08-18 00:00:00,0.0,27.79,99.52
2016-08-18 01:00:00,0.0,27.22,99.62
2016-08-18 02:00:00,0.0,26.77,96.66
2016-08-18 03:00:00,0.0,26.27,89.22
2016-08-18 04:00:00,0.0,25.71,50.94
2016-08-18 05:00:00,9.98,25.47,42.28
2016-08-18 06:00:00,140.93,26.33,33.14
2016-08-18 07:00:00,352.88,27.93,25.41
2016-08-18 08:00:00,584.3,29.83,17.65
2016-08-18 09:00:00,765.88,31.76,66.19
2016-08-18 10:00:00,862.55,33.32,37.29
2016-08-18 11:00:00,923.1,34.39,34.89
2016-08-18 12:00:00,877.25,35.12,37.47
2016-08-18 13:00:00,775.4,35.5,30.03
2016-08-18 14:00:00,620.65,35.41,41.86
2016-08-18 15:00:00,408.27,34.87,63.95
2016-08-18 16:00:00,193.32,33.83,55.34
2016-08-18 17:00:00,35.2,32.1,47.13
2016-08-18 18:00:00,0.0,31.06,37.32
2016-08-18 19:00:00,0.0,30.29,39.67
2016-08-18 20:00:00,0.0,29.5,5.66
2016-08-18 21:00:00,0.0,28.93,4.03
2016-08-18 22:00:00,0.0,28.48,21.67
2016-08-18 23:00:00,0.0,28.13,63.77
2016-08-19 00:00:00,0.0,27.86,79.54
2016-08-19 01:00:00,0.0,27.61,94.9
2016-08-19 02:00:00,0.0,27.33,24.29
2016-08-19 03:00:00,0.0,26.94,29.99
2016-08-19 04:00:00,0.0,26.51,8.85
2016-08-19 05:00:00,10.02,26.15,7.1
2016-08-19 06:00:00,146.0,27.04,3.52
2016-08-19 07:00:00,369.4,28.91,3.43
2016-08-19 08:00:00,555.75,31.07,1.61
2016-08-19 09:00:00,748.38,33.02,16.97
2016-08-19 10:00:00,841.88,34.47,46.14
2016-08-19 11:00:00,917.53,35.53,28.78
2016-08-19 12:00:00,874.8,36.29,31.92
2016-08-19 13:00:00,730.92,36.82,29.24
2016-08-19 14:00:00,627.85,36.89,37.19
2016-08-19 15:00:00,436.02,36.12,35.78
2016-08-19 16:00:00,223.27,34.72,30.69
2016-08-19 17:00:00,41.53,32.77,23.33
2016-08-19 18:00:00,0.0,30.97,14.84
2016-08-19 19:00:00,0.0,29.9,8.22
2016-08-19 20:00:00,0.0,29.17,1.61
2016-08-19 21:00:00,0.0,28.66,69.12
2016-08-19 22:00:00,0.0,28.26,8.96
2016-08-19 23:00:00,0.0,27.96,12.19
2016-08-20 00:00:00,0.0,27.7,49.48
2016-08-20 01:00:00,0.0,27.45,86.55
2016-08-20 02:00:00,0.0,27.23,42.25
2016-08-20 03:00:00,0.0,27.05,66.93
2016-08-20 04:00:00,0.0,26.85,65.94
2016-08-20 05:00:00,8.3,26.7,54.21
2016-08-20 06:00:00,130.15,27.04,38.91
2016-08-20 07:00:00,329.85,27.84,28.86
2016-08-20 08:00:00,554.67,28.93,22.26
2016-08-20 09:00:00,694.65,29.96,90.78
2016-08-20 10:00:00,849.12,30.85,39.48
2016-08-20 11:00:00,903.47,31.65,24.44
2016-08-20 12:00:00,874.53,32.34,17.19
2016-08-20 13:00:00,761.05,32.81,31.89
2016-08-20 14:00:00,571.67,33.0,35.47
2016-08-20 15:00:00,401.1,32.94,66.51
2016-08-20 16:00:00,191.05,32.25,51.61
2016-08-20 17:00:00,35.8,30.37,36.91
2016-08-20 18:00:00,0.0,28.84,17.82
2016-08-20 19:00:00,0.0,28.25,5.69
2016-08-20 20:00:00,0.0,27.87,5.76
2016-08-20 21:00:00,0.0,27.64,12.23
2016-08-20 22:00:00,0.0,27.41,38.54
2016-08-20 23:00:00,0.0,27.21,46.5
2016-08-21 00:00:00,0.0,27.01,79.08
2016-08-21 01:00:00,0.0,26.75,59.03
2016-08-21 02:00:00,0.0,26.54,38.87
2016-08-21 03:00:00,0.0,26.28,76.66
2016-08-21 04:00:00,0.0,26.05,67.63
2016-08-21 05:00:00,8.82,26.03,55.56
2016-08-21 06:00:00,133.15,26.96,41.98
2016-08-21 07:00:00,339.38,28.27,31.1
2016-08-21 08:00:00,557.97,29.85,22.66
2016-08-21 09:00:00,708.28,31.26,31.94
2016-08-21 10:00:00,762.12,32.3,42.34
2016-08-21 11:00:00,799.92,32.92,57.0
2016-08-21 12:00:00,761.5,33.39,48.27
2016-08-21 13:00:00,666.2,33.66,72.58
2016-08-21 14:00:00,566.92,33.6,39.24
2016-08-21 15:00:00,410.65,33.22,27.23
2016-08-21 16:00:00,196.43,32.56,43.03
2016-08-21 17:00:00,31.35,31.11,61.62
2016-08-21 18:00:00,0.0,29.77,79.64
2016-08-21 19:00:00,0.0,29.11,78.64
2016-08-21 20:00:00,0.0,28.63,69.97
2016-08-21 21:00:00,0.0,28.26,100.0
2016-08-21 22:00:00,0.0,27.97,100.0
2016-08-21 23:00:00,0.0,27.75,95.48
2016-08-22 00:00:00,0.0,27.57,97.31
2016-08-22 01:00:00,0.0,27.4,99.61
2016-08-22 02:00:00,0.0,27.18,88.38
2016-08-22 03:00:00,0.0,26.87,82.61
2016-08-22 04:00:00,0.0,26.58,99.51
2016-08-22 05:00:00,7.38,26.43,97.42
2016-08-22 06:00:00,95.05,27.36,94.44
2016-08-22 07:00:00,253.3,28.97,91.35
2016-08-22 08:00:00,456.85,30.63,89.3
2016-08-22 09:00:00,614.88,31.95,98.83
2016-08-22 10:00:00,762.83,33.04,99.76
2016-08-22 11:00:00,865.1,33.75,77.03
2016-08-22 12:00:00,797.2,34.27,100.0
2016-08-22 13:00:00,699.15,34.49,99.49
2016-08-22 14:00:00,568.53,34.18,92.91
2016-08-22 15:00:00,381.8,33.59,99.73
2016-08-22 16:00:00,177.98,32.65,99.33
2016-08-22 17:00:00,29.67,30.89,99.07
2016-08-22 18:00:00,0.0,29.52,97.55
2016-08-22 19:00:00,0.0,28.79,96.46
2016-08-22 20:00:00,0.0,28.32,90.14
2016-08-22 21:00:00,0.0,28.0,98.3
2016-08-22 22:00:00,0.0,27.75,99.27
2016-08-22 23:00:00,0.0,27.53,94.31
2016-08-23 00:00:00,0.0,27.34,99.66
2016-08-23 01:00:00,0.0,27.15,97.86
2016-08-23 02:00:00,0.0,26.96,96.32
2016-08-23 03:00:00,0.0,26.78,80.17
2016-08-23 04:00:00,0.0,26.58,66.46
2016-08-23 05:00:00,8.77,26.41,62.56
2016-08-23 06:00:00,113.43,27.0,59.69
2016-08-23 07:00:00,294.2,27.99,56.57
2016-08-23 08:00:00,496.8,29.55,52.42
2016-08-23 09:00:00,675.6,30.94,50.95
2016-08-23 10:00:00,784.72,32.12,65.16
2016-08-23 11:00:00,806.33,32.98,74.04
2016-08-23 12:00:00,787.88,33.45,79.27
2016-08-23 13:00:00,698.38,33.69,91.83
2016-08-23 14:00:00,587.22,33.77,60.69
2016-08-23 15:00:00,391.52,33.55,45.53
2016-08-23 16:00:00,191.07,32.84,31.51
2016-08-23 17:00:00,31.83,31.25,17.98
2016-08-23 18:00:00,0.0,29.85,3.23
2016-08-23 19:00:00,0.0,29.18,1.61
2016-08-23 20:00:00,0.0,28.72,9.73
2016-08-23 21:00:00,0.0,28.38,25.06
2016-08-23 22:00:00,0.0,28.09,87.39
2016-08-23 23:00:00,0.0,27.81,86.26
2016-08-24 00:00:00,0.0,27.58,84.75
2016-08-24 01:00:00,0.0,27.32,82.84
2016-08-24 02:00:00,0.0,26.98,32.17
2016-08-24 03:00:00,0.0,26.65,24.79
2016-08-24 04:00:00,0.0,26.32,42.87
2016-08-24 05:00:00,9.27,26.11,32.89
2016-08-24 06:00:00,132.52,26.72,22.7
2016-08-24 07:00:00,350.3,27.76,12.96
2016-08-24 08:00:00,588.7,29.37,3.23
2016-08-24 09:00:00,733.8,31.06,29.01
2016-08-24 10:00:00,864.83,32.69,12.54
2016-08-24 11:00:00,924.78,33.89,24.39
2016-08-24 12:00:00,865.08,34.69,29.63
2016-08-24 13:00:00,661.53,35.22,78.99
2016-08-24 14:00:00,577.72,35.42,63.45
2016-08-24 15:00:00,415.02,35.12,51.1
2016-08-24 16:00:00,194.9,34.22,59.52
2016-08-24 17:00:00,31.67,32.43,68.89
2016-08-24 18:00:00,0.0,30.96,76.44
2016-08-24 19:00:00,0.0,30.08,89.98
2016-08-24 20:00:00,0.0,29.32,87.08
2016-08-24 21:00:00,0.0,28.74,99.67
2016-08-24 22:00:00,0.0,28.3,80.44
2016-08-24 23:00:00,0.0,27.93,84.94
2016-08-25 00:00:00,0.0,27.62,89.92
2016-08-25 01:00:00,0.0,27.38,94.89
2016-08-25 02:00:00,0.0,27.17,99.74
2016-08-25 03:00:00,0.0,26.9,82.74
2016-08-25 04:00:00,0.0,26.58,99.18
2016-08-25 05:00:00,5.93,26.32,99.4
2016-08-25 06:00:00,70.3,26.63,99.6
2016-08-25 07:00:00,150.1,27.29,99.8
2016-08-25 08:00:00,72.5,28.45,98.03
2016-08-25 09:00:00,162.48,29.42,99.7
2016-08-25 10:00:00,102.5,29.83,100.0
2016-08-25 11:00:00,327.75,29.84,100.0
2016-08-25 12:00:00,325.1,29.64,97.99
2016-08-25 13:00:00,325.05,29.27,100.0
2016-08-25 14:00:00,294.6,28.84,99.56
2016-08-25 15:00:00,280.33,28.31,92.67
2016-08-25 16:00:00,125.22,27.68,94.95
2016-08-25 17:00:00,17.55,26.91,98.9
2016-08-25 18:00:00,0.0,26.24,100.0
2016-08-25 19:00:00,0.0,25.96,99.71
2016-08-25 20:00:00,0.0,25.78,99.89
2016-08-25 21:00:00,0.0,25.66,100.0
2016-08-25 22:00:00,0.0,25.56,99.98
2016-08-25 23:00:00,0.0,25.47,99.83
2016-08-26 00:00:00,0.0,25.43,99.79
2016-08-26 01:00:00,0.0,25.4,99.49
2016-08-26 02:00:00,0.0,25.35,100.0
2016-08-26 03:00:00,0.0,25.3,95.01
2016-08-26 04:00:00,0.0,25.24,95.36
2016-08-26 05:00:00,5.55,25.25,96.6
2016-08-26 06:00:00,69.4,25.68,98.65
2016-08-26 07:00:00,175.95,26.19,98.79
2016-08-26 08:00:00,198.1,26.91,98.84
2016-08-26 09:00:00,290.33,27.56,98.86
2016-08-26 10:00:00,378.58,28.14,99.87
2016-08-26 11:00:00,217.8,28.61,100.0
2016-08-26 12:00:00,220.6,28.98,99.74
2016-08-26 13:00:00,194.12,29.12,98.09
2016-08-26 14:00:00,136.77,29.07,99.21
2016-08-26 15:00:00,89.07,29.12,99.68
2016-08-26 16:00:00,54.17,28.93,100.0
2016-08-26 17:00:00,10.02,28.6,100.0
2016-08-26 18:00:00,0.0,28.18,100.0
2016-08-26 19:00:00,0.0,27.87,100.0
2016-08-26 20:00:00,0.0,27.52,99.54
2016-08-26 21:00:00,0.0,27.19,100.0
2016-08-26 22:00:00,0.0,26.66,94.81
2016-08-26 23:00:00,0.0,26.21,96.13
2016-08-27 00:00:00,0.0,25.92,97.74
2016-08-27 01:00:00,0.0,25.68,99.11
2016-08-27 02:00:00,0.0,25.49,99.91
2016-08-27 03:00:00,0.0,25.33,99.32
2016-08-27 04:00:00,0.0,25.23,99.33
2016-08-27 05:00:00,6.15,25.2,99.06
2016-08-27 06:00:00,47.12,25.78,100.0
2016-08-27 07:00:00,147.38,26.46,100.0
2016-08-27 08:00:00,240.95,27.82,100.0
2016-08-27 09:00:00,137.1,29.36,99.9
2016-08-27 10:00:00,144.68,30.51,100.0
2016-08-27 11:00:00,135.9,31.48,100.0
2016-08-27 12:00:00,79.25,32.21,97.69
2016-08-27 13:00:00,109.07,32.54,99.15
2016-08-27 14:00:00,130.88,32.52,99.51
2016-08-27 15:00:00,93.68,32.24,100.0
2016-08-27 16:00:00,75.45,31.75,100.0
2016-08-27 17:00:00,11.88,30.51,100.0
2016-08-27 18:00:00,0.0,29.03,100.0
2016-08-27 19:00:00,0.0,28.11,99.84
2016-08-27 20:00:00,0.0,27.34,100.0
2016-08-27 21:00:00,0.0,26.81,100.0
2016-08-27 22:00:00,0.0,26.52,99.5
2016-08-27 23:00:00,0.0,26.33,99.55
2016-08-28 00:00:00,0.0,26.18,98.93
2016-08-28 01:00:00,0.0,26.04,97.7
2016-08-28 02:00:00,0.0,25.89,95.75
2016-08-28 03:00:00,0.0,25.81,100.0
2016-08-28 04:00:00,0.0,25.7,99.13
2016-08-28 05:00:00,3.72,25.6,99.4
2016-08-28 06:00:00,47.9,26.07,99.6
2016-08-28 07:00:00,104.12,26.85,99.8
2016-08-28 08:00:00,182.73,28.18,99.56
2016-08-28 09:00:00,261.4,29.63,99.15
2016-08-28 10:00:00,354.55,31.05,99.72
2016-08-28 11:00:00,368.25,32.36,99.32
2016-08-28 12:00:00,445.58,33.31,99.08
2016-08-28 13:00:00,427.45,33.82,100.0
2016-08-28 14:00:00,383.1,34.17,98.28
2016-08-28 15:00:00,272.5,34.14,96.56
2016-08-28 16:00:00,136.15,33.47,76.35
2016-08-28 17:00:00,28.77,32.16,53.68
2016-08-28 18:00:00,0.0,30.6,29.03
2016-08-28 19:00:00,0.0,29.45,58.73
2016-08-28 20:00:00,0.0,28.75,74.22
2016-08-28 21:00:00,0.0,28.15,66.73
2016-08-28 22:00:00,0.0,27.57,93.76
2016-08-28 23:00:00,0.0,27.14,95.65
2016-08-29 00:00:00,0.0,26.79,97.7
2016-08-29 01:00:00,0.0,26.47,99.42
2016-08-29 02:00:00,0.0,26.2,85.59
2016-08-29 03:00:00,0.0,25.99,95.83
2016-08-29 04:00:00,0.0,25.81,85.32
2016-08-29 05:00:00,7.97,25.73,87.11
2016-08-29 06:00:00,86.8,26.36,91.42
2016-08-29 07:00:00,221.75,27.75,93.71
2016-08-29 08:00:00,383.38,29.62,94.58
2016-08-29 09:00:00,542.55,31.34,78.82
2016-08-29 10:00:00,653.12,32.66,77.62
2016-08-29 11:00:00,762.85,33.26,71.83
2016-08-29 12:00:00,732.0,33.41,92.88
2016-08-29 13:00:00,622.92,33.38,90.58
2016-08-29 14:00:00,496.42,32.96,86.68
2016-08-29 15:00:00,334.95,32.21,86.73
2016-08-29 16:00:00,141.73,31.44,90.03
2016-08-29 17:00:00,19.42,30.62,94.31
2016-08-29 18:00:00,0.0,29.62,95.69
2016-08-29 19:00:00,0.0,28.82,83.93
2016-08-29 20:00:00,0.0,28.18,27.62
2016-08-29 21:00:00,0.0,27.7,95.32
2016-08-29 22:00:00,0.0,27.3,82.09
2016-08-29 23:00:00,0.0,26.94,85.69
2016-08-30 00:00:00,0.0,26.68,89.57
2016-08-30 01:00:00,0.0,26.49,74.8
2016-08-30 02:00:00,0.0,26.36,60.02
2016-08-30 03:00:00,0.0,26.27,71.52
2016-08-30 04:00:00,0.0,26.15,66.55
2016-08-30 05:00:00,8.68,26.09,71.9
2016-08-30 06:00:00,93.97,26.8,78.71
2016-08-30 07:00:00,234.5,28.12,82.3
2016-08-30 08:00:00,394.85,29.67,86.66
2016-08-30 09:00:00,486.15,30.88,98.68
2016-08-30 10:00:00,554.08,31.63,98.22
2016-08-30 11:00:00,539.03,31.77,99.8
2016-08-30 12:00:00,402.98,31.64,100.0
2016-08-30 13:00:00,343.45,31.41,100.0
2016-08-30 14:00:00,266.3,31.01,100.0
2016-08-30 15:00:00,169.23,30.45,99.97
2016-08-30 16:00:00,87.82,29.84,99.54
2016-08-30 17:00:00,11.75,28.9,100.0
2016-08-30 18:00:00,0.0,28.17,99.45
2016-08-30 19:00:00,0.0,27.6,99.73
2016-08-30 20:00:00,0.0,26.96,99.58
2016-08-30 21:00:00,0.0,26.49,99.8
2016-08-30 22:00:00,0.0,26.22,100.0
2016-08-30 23:00:00,0.0,26.1,99.88
2016-08-31 00:00:00,0.0,26.1,99.34
2016-08-31 01:00:00,0.0,26.13,99.19
2016-08-31 02:00:00,0.0,26.11,87.33
2016-08-31 03:00:00,0.0,25.99,81.45
2016-08-31 04:00:00,0.0,25.81,85.87
2016-08-31 05:00:00,6.5,25.6,91.28
2016-08-31 06:00:00,77.2,25.69,95.82
2016-08-31 07:00:00,153.7,26.06,98.96
2016-08-31 08:00:00,117.95,26.89,99.03
2016-08-31 09:00:00,224.43,28.04,97.72
2016-08-31 10:00:00,343.5,28.98,100.0
2016-08-31 11:00:00,454.48,29.48,100.0
2016-08-31 12:00:00,482.45,29.57,99.37
2016-08-31 13:00:00,524.53,29.53,98.86
2016-08-31 14:00:00,420.17,29.52,98.73
2016-08-31 15:00:00,255.27,29.46,98.27
2016-08-31 16:00:00,135.52,29.17,99.74
2016-08-31 17:00:00,17.25,28.6,100.0
2016-08-31 18:00:00,0.0,28.02,100.0
2016-08-31 19:00:00,0.0,27.56,100.0
2016-08-31 20:00:00,0.0,27.26,91.52
2016-08-31 21:00:00,0.0,27.01,93.01
2016-08-31 22:00:00,0.0,26.78,51.19
2016-08-31 23:00:00,0.0,26.58,46.62
2016-09-01 00:00:00,0.0,26.37,42.37
2016-09-01 01:00:00,0.0,26.18,38.14
2016-09-01 02:00:00,0.0,25.99,34.19
2016-09-01 03:00:00,0.0,25.74,23.78
2016-09-01 04:00:00,0.0,25.47,13.69
2016-09-01 05:00:00,7.62,25.26,64.03
2016-09-01 06:00:00,103.95,25.89,65.97
2016-09-01 07:00:00,282.73,27.17,66.03
2016-09-01 08:00:00,478.6,28.75,64.97
2016-09-01 09:00:00,702.55,29.86,86.23
2016-09-01 10:00:00,823.78,30.3,61.54
2016-09-01 11:00:00,900.75,30.38,30.11
2016-09-01 12:00:00,732.97,30.47,50.1
2016-09-01 13:00:00,594.17,30.64,69.68
2016-09-01 14:00:00,557.65,30.9,44.62
2016-09-01 15:00:00,353.67,31.05,46.13
2016-09-01 16:00:00,163.35,30.68,51.51
2016-09-01 17:00:00,22.17,29.41,56.5
2016-09-01 18:00:00,0.0,28.21,59.04
2016-09-01 19:00:00,0.0,27.73,84.21
2016-09-01 20:00:00,0.0,27.4,99.08
2016-09-01 21:00:00,0.0,27.19,99.04
2016-09-01 22:00:00,0.0,26.98,99.55
2016-09-01 23:00:00,0.0,26.8,99.81
2016-09-02 00:00:00,0.0,26.55,99.82
2016-09-02 01:00:00,0.0,26.27,99.58
2016-09-02 02:00:00,0.0,25.95,99.64
2016-09-02 03:00:00,0.0,25.65,100.0
2016-09-02 04:00:00,0.0,25.43,99.56
2016-09-02 05:00:00,6.8,25.3,98.44
2016-09-02 06:00:00,96.28,26.02,96.94
2016-09-02 07:00:00,260.73,27.39,96.81
2016-09-02 08:00:00,418.58,28.93,97.82
2016-09-02 09:00:00,589.42,30.34,94.47
2016-09-02 10:00:00,753.65,31.47,95.7
2016-09-02 11:00:00,866.53,32.15,55.22
2016-09-02 12:00:00,878.22,32.46,58.56
2016-09-02 13:00:00,729.3,32.64,62.01
2016-09-02 14:00:00,624.9,32.47,46.58
2016-09-02 15:00:00,416.27,31.76,54.98
2016-09-02 16:00:00,188.32,30.74,51.31
2016-09-02 17:00:00,24.48,29.28,48.88
2016-09-02 18:00:00,0.0,28.39,43.68
2016-09-02 19:00:00,0.0,28.08,97.16
2016-09-02 20:00:00,0.0,27.79,100.0
2016-09-02 21:00:00,0.0,27.51,99.62
2016-09-02 22:00:00,0.0,27.19,95.82
2016-09-02 23:00:00,0.0,26.85,97.18
2016-09-03 00:00:00,0.0,26.48,98.58
2016-09-03 01:00:00,0.0,26.08,99.92
2016-09-03 02:00:00,0.0,25.65,100.0
2016-09-03 03:00:00,0.0,25.27,99.64
2016-09-03 04:00:00,0.0,24.93,99.28
2016-09-03 05:00:00,6.22,24.7,98.55
2016-09-03 06:00:00,89.35,25.39,96.74
2016-09-03 07:00:00,238.98,26.49,96.98
2016-09-03 08:00:00,403.42,27.98,98.33
2016-09-03 09:00:00,595.9,29.41,99.44
2016-09-03 10:00:00,759.72,30.7,97.78
2016-09-03 11:00:00,704.95,31.73,97.65
2016-09-03 12:00:00,529.33,32.27,100.0
2016-09-03 13:00:00,522.28,32.6,97.84
2016-09-03 14:00:00,407.38,32.7,97.86
2016-09-03 15:00:00,253.88,32.38,98.65
2016-09-03 16:00:00,119.3,31.82,99.8
2016-09-03 17:00:00,15.93,30.33,100.0
2016-09-03 18:00:00,0.0,28.98,98.78
2016-09-03 19:00:00,0.0,28.24,99.8
2016-09-03 20:00:00,0.0,27.7,91.21
2016-09-03 21:00:00,0.0,27.29,82.53
2016-09-03 22:00:00,0.0,26.99,98.34
2016-09-03 23:00:00,0.0,26.77,98.9
2016-09-04 00:00:00,0.0,26.58,99.09
2016-09-04 01:00:00,0.0,26.41,98.14
2016-09-04 02:00:00,0.0,26.15,99.41
2016-09-04 03:00:00,0.0,25.8,99.31
2016-09-04 04:00:00,0.0,25.46,99.7
2016-09-04 05:00:00,5.53,25.2,98.99
2016-09-04 06:00:00,63.45,25.7,99.71
2016-09-04 07:00:00,187.0,26.45,98.79
2016-09-04 08:00:00,286.23,28.24,100.0
2016-09-04 09:00:00,391.12,30.1,100.0
2016-09-04 10:00:00,484.92,31.26,100.0
2016-09-04 11:00:00,532.88,32.08,99.05
2016-09-04 12:00:00,525.5,32.68,97.4
2016-09-04 13:00:00,470.48,33.2,100.0
2016-09-04 14:00:00,530.92,33.43,90.64
2016-09-04 15:00:00,338.23,33.21,85.11
2016-09-04 16:00:00,146.98,32.34,89.46
2016-09-04 17:00:00,22.25,30.71,93.69
2016-09-04 18:00:00,0.0,30.15,97.5
2016-09-04 19:00:00,0.0,29.83,99.46
2016-09-04 20:00:00,0.0,29.26,99.46
2016-09-04 21:00:00,0.0,28.75,100.0
2016-09-04 22:00:00,0.0,28.01,99.43
2016-09-04 23:00:00,0.0,27.24,100.0
2016-09-05 00:00:00,0.0,26.76,100.0
2016-09-05 01:00:00,0.0,26.38,100.0
2016-09-05 02:00:00,0.0,26.01,99.78
2016-09-05 03:00:00,0.0,25.63,99.14
2016-09-05 04:00:00,0.0,25.24,99.82
2016-09-05 05:00:00,8.12,24.91,99.97
2016-09-05 06:00:00,118.2,25.46,99.5
2016-09-05 07:00:00,303.52,26.61,99.5
2016-09-05 08:00:00,497.17,28.53,99.75
2016-09-05 09:00:00,604.12,30.44,99.31
2016-09-05 10:00:00,709.25,32.05,98.43
2016-09-05 11:00:00,796.25,32.95,99.31
2016-09-05 12:00:00,642.97,33.31,100.0
2016-09-05 13:00:00,665.62,33.51,98.68
2016-09-05 14:00:00,448.95,33.55,97.98
2016-09-05 15:00:00,267.58,33.18,98.53
2016-09-05 16:00:00,118.9,32.34,96.82
2016-09-05 17:00:00,14.82,30.84,98.64
2016-09-05 18:00:00,0.0,30.24,98.86
2016-09-05 19:00:00,0.0,29.94,99.29
2016-09-05 20:00:00,0.0,29.52,98.82
2016-09-05 21:00:00,0.0,29.3,98.83
2016-09-05 22:00:00,0.0,28.41,99.0
2016-09-05 23:00:00,0.0,27.41,99.84
2016-09-06 00:00:00,0.0,26.83,100.0
2016-09-06 01:00:00,0.0,26.37,100.0
2016-09-06 02:00:00,0.0,25.87,100.0
2016-09-06 03:00:00,0.0,25.38,88.86
2016-09-06 04:00:00,0.0,24.9,56.43
2016-09-06 05:00:00,9.62,24.65,52.11
2016-09-06 06:00:00,142.23,25.36,45.92
2016-09-06 07:00:00,354.4,26.7,41.9
2016-09-06 08:00:00,580.72,28.76,37.13
2016-09-06 09:00:00,756.33,30.79,47.01
2016-09-06 10:00:00,882.35,32.58,35.52
2016-09-06 11:00:00,921.85,33.7,42.67
2016-09-06 12:00:00,848.05,34.38,63.1
2016-09-06 13:00:00,722.33,34.74,72.85
2016-09-06 14:00:00,595.5,34.8,42.33
2016-09-06 15:00:00,394.95,34.42,52.44
2016-09-06 16:00:00,167.62,33.39,47.99
2016-09-06 17:00:00,20.02,31.76,43.72
2016-09-06 18:00:00,0.0,30.71,38.81
2016-09-06 19:00:00,0.0,29.98,39.72
2016-09-06 20:00:00,0.0,29.64,57.52
2016-09-06 21:00:00,0.0,28.53,94.51
2016-09-06 22:00:00,0.0,27.72,100.0
2016-09-06 23:00:00,0.0,27.12,100.0
2016-09-07 00:00:00,0.0,26.67,100.0
2016-09-07 01:00:00,0.0,26.25,99.97
2016-09-07 02:00:00,0.0,25.73,88.51
2016-09-07 03:00:00,0.0,25.33,38.87
2016-09-07 04:00:00,0.0,25.04,9.38
2016-09-07 05:00:00,9.65,24.93,9.25
2016-09-07 06:00:00,150.18,25.42,6.23
2016-09-07 07:00:00,380.17,26.51,6.17
2016-09-07 08:00:00,605.08,28.39,4.79
2016-09-07 09:00:00,767.2,30.63,20.01
2016-09-07 10:00:00,841.92,32.48,2.57
2016-09-07 11:00:00,952.72,33.66,12.28
2016-09-07 12:00:00,905.35,34.27,26.21
2016-09-07 13:00:00,784.6,34.47,31.94
2016-09-07 14:00:00,555.38,34.46,35.55
2016-09-07 15:00:00,354.65,34.14,72.26
2016-09-07 16:00:00,165.75,33.45,79.52
2016-09-07 17:00:00,18.92,31.85,90.34
2016-09-07 18:00:00,0.0,31.22,98.13
2016-09-07 19:00:00,0.0,29.97,98.11
2016-09-07 20:00:00,0.0,28.84,98.48
2016-09-07 21:00:00,0.0,28.03,97.97
2016-09-07 22:00:00,0.0,27.54,91.33
2016-09-07 23:00:00,0.0,27.23,95.38
2016-09-08 00:00:00,0.0,26.9,99.47
2016-09-08 01:00:00,0.0,26.58,79.66
2016-09-08 02:00:00,0.0,26.2,59.79
2016-09-08 03:00:00,0.0,25.84,45.26
2016-09-08 04:00:00,0.0,25.5,53.84
2016-09-08 05:00:00,8.5,25.25,45.14
2016-09-08 06:00:00,132.68,26.18,33.91
2016-09-08 07:00:00,350.33,28.0,24.94
2016-09-08 08:00:00,584.92,30.09,15.6
2016-09-08 09:00:00,720.03,31.8,60.63
2016-09-08 10:00:00,900.38,33.07,14.45
2016-09-08 11:00:00,936.03,33.73,38.55
2016-09-08 12:00:00,856.05,34.29,53.21
2016-09-08 13:00:00,724.83,34.6,52.63
2016-09-08 14:00:00,564.62,34.14,59.4
2016-09-08 15:00:00,345.3,33.57,59.38
2016-09-08 16:00:00,147.55,32.84,59.65
2016-09-08 17:00:00,16.95,31.06,59.26
2016-09-08 18:00:00,0.0,29.52,57.6
2016-09-08 19:00:00,0.0,28.73,55.21
2016-09-08 20:00:00,0.0,28.2,62.32
2016-09-08 21:00:00,0.0,27.82,72.88
2016-09-08 22:00:00,0.0,27.53,94.14
2016-09-08 23:00:00,0.0,27.28,95.97
2016-09-09 00:00:00,0.0,27.04,97.46
2016-09-09 01:00:00,0.0,26.77,98.79
2016-09-09 02:00:00,0.0,26.46,87.9
2016-09-09 03:00:00,0.0,26.17,78.35
2016-09-09 04:00:00,0.0,25.92,50.39
2016-09-09 05:00:00,8.95,25.84,46.31
2016-09-09 06:00:00,127.32,27.0,42.21
2016-09-09 07:00:00,331.77,28.72,38.42
2016-09-09 08:00:00,532.62,30.41,34.6
2016-09-09 09:00:00,668.25,31.3,80.61
2016-09-09 10:00:00,826.97,31.84,53.49
2016-09-09 11:00:00,839.3,32.39,59.59
2016-09-09 12:00:00,775.97,32.87,58.82
2016-09-09 13:00:00,486.98,33.06,93.23
2016-09-09 14:00:00,462.52,32.93,72.99
2016-09-09 15:00:00,289.58,32.73,81.3
2016-09-09 16:00:00,130.82,32.04,79.08
2016-09-09 17:00:00,13.93,30.89,80.27
2016-09-09 18:00:00,0.0,30.14,77.73
2016-09-09 19:00:00,0.0,29.11,87.49
2016-09-09 20:00:00,0.0,28.17,96.29
2016-09-09 21:00:00,0.0,27.46,99.53
2016-09-09 22:00:00,0.0,26.99,99.48
2016-09-09 23:00:00,0.0,26.71,95.13
2016-09-10 00:00:00,0.0,26.46,91.0
2016-09-10 01:00:00,0.0,26.29,86.87
2016-09-10 02:00:00,0.0,26.16,81.96
2016-09-10 03:00:00,0.0,26.03,92.54
2016-09-10 04:00:00,0.0,25.86,75.65
2016-09-10 05:00:00,7.3,25.72,71.13
2016-09-10 06:00:00,94.32,26.45,68.82
2016-09-10 07:00:00,242.0,27.68,65.46
2016-09-10 08:00:00,423.55,30.12,60.31
2016-09-10 09:00:00,693.03,31.79,69.56
2016-09-10 10:00:00,749.4,32.68,86.71
2016-09-10 11:00:00,810.7,33.24,43.79
2016-09-10 12:00:00,624.38,33.67,68.85
2016-09-10 13:00:00,609.22,33.78,74.96
2016-09-10 14:00:00,460.27,33.67,87.6
2016-09-10 15:00:00,253.2,33.53,97.83
2016-09-10 16:00:00,122.22,32.62,98.52
2016-09-10 17:00:00,13.38,30.8,99.89
2016-09-10 18:00:00,0.0,29.67,99.86
2016-09-10 19:00:00,0.0,28.93,99.54
2016-09-10 20:00:00,0.0,28.38,99.09
2016-09-10 21:00:00,0.0,27.91,99.88
2016-09-10 22:00:00,0.0,27.55,99.99
2016-09-10 23:00:00,0.0,27.28,99.79
2016-09-11 00:00:00,0.0,27.03,99.64
2016-09-11 01:00:00,0.0,26.9,99.13
2016-09-11 02:00:00,0.0,26.69,98.22
2016-09-11 03:00:00,0.0,26.35,92.6
2016-09-11 04:00:00,0.0,26.06,73.04
2016-09-11 05:00:00,7.1,25.82,78.99
2016-09-11 06:00:00,72.47,26.13,87.13
2016-09-11 07:00:00,194.3,26.66,92.98
2016-09-11 08:00:00,211.48,27.5,99.35
2016-09-11 09:00:00,290.95,28.69,98.96
2016-09-11 10:00:00,377.33,29.91,100.0
2016-09-11 11:00:00,367.27,30.96,99.74
2016-09-11 12:00:00,352.4,31.85,99.99
2016-09-11 13:00:00,348.83,32.38,99.2
2016-09-11 14:00:00,253.12,32.5,100.0
2016-09-11 15:00:00,139.7,32.25,100.0
2016-09-11 16:00:00,65.75,31.47,99.38
2016-09-11 17:00:00,8.32,29.71,97.63
2016-09-11 18:00:00,0.0,28.71,95.13
2016-09-11 19:00:00,0.0,28.13,93.01
2016-09-11 20:00:00,0.0,27.54,100.0
2016-09-11 21:00:00,0.0,27.03,99.25
2016-09-11 22:00:00,0.0,26.57,100.0
2016-09-11 23:00:00,0.0,26.17,100.0
2016-09-12 00:00:00,0.0,25.8,99.98
2016-09-12 01:00:00,0.0,25.52,99.3
2016-09-12 02:00:00,0.0,25.33,90.51
2016-09-12 03:00:00,0.0,25.17,75.44
2016-09-12 04:00:00,0.0,25.05,82.06
2016-09-12 05:00:00,5.62,25.03,87.16
2016-09-12 06:00:00,59.6,25.43,93.54
2016-09-12 07:00:00,140.93,26.35,96.2
2016-09-12 08:00:00,198.2,27.81,99.35
2016-09-12 09:00:00,229.6,29.08,98.8
2016-09-12 10:00:00,280.42,30.27,99.95
2016-09-12 11:00:00,323.8,31.18,100.0
2016-09-12 12:00:00,259.33,31.62,96.91
2016-09-12 13:00:00,244.27,31.93,100.0
2016-09-12 14:00:00,231.25,31.83,100.0
2016-09-12 15:00:00,147.68,31.4,100.0
2016-09-12 16:00:00,66.85,30.8,100.0
2016-09-12 17:00:00,7.53,29.71,100.0
2016-09-12 18:00:00,0.0,28.91,99.83
2016-09-12 19:00:00,0.0,28.39,100.0
2016-09-12 20:00:00,0.0,27.92,100.0
2016-09-12 21:00:00,0.0,27.46,100.0
2016-09-12 22:00:00,0.0,27.03,99.98
2016-09-12 23:00:00,0.0,26.6,99.59
2016-09-13 00:00:00,0.0,26.14,99.45
2016-09-13 01:00:00,0.0,25.72,96.39
2016-09-13 02:00:00,0.0,25.38,93.45
2016-09-13 03:00:00,0.0,25.11,74.11
2016-09-13 04:00:00,0.0,24.9,72.03
2016-09-13 05:00:00,6.82,24.77,79.22
2016-09-13 06:00:00,69.6,25.45,87.58
2016-09-13 07:00:00,185.62,26.57,92.83
2016-09-13 08:00:00,312.85,28.55,99.38
2016-09-13 09:00:00,264.9,30.18,100.0
2016-09-13 10:00:00,415.02,31.35,99.4
2016-09-13 11:00:00,381.67,32.29,100.0
2016-09-13 12:00:00,422.02,32.92,99.3
2016-09-13 13:00:00,380.27,33.11,99.28
2016-09-13 14:00:00,222.45,33.06,98.43
2016-09-13 15:00:00,125.62,32.8,98.71
2016-09-13 16:00:00,44.3,32.1,100.0
2016-09-13 17:00:00,6.0,30.67,100.0
2016-09-13 18:00:00,0.0,29.63,100.0
2016-09-13 19:00:00,0.0,29.06,100.0
2016-09-13 20:00:00,0.0,28.6,99.94
2016-09-13 21:00:00,0.0,28.1,100.0
2016-09-13 22:00:00,0.0,27.57,99.67
2016-09-13 23:00:00,0.0,27.02,99.21
2016-09-14 00:00:00,0.0,26.44,99.58
2016-09-14 01:00:00,0.0,25.93,99.77
2016-09-14 02:00:00,0.0,25.51,100.0
2016-09-14 03:00:00,0.0,25.18,100.0
2016-09-14 04:00:00,0.0,24.91,100.0
2016-09-14 05:00:00,2.67,24.76,100.0
2016-09-14 06:00:00,36.3,25.69,98.99
2016-09-14 07:00:00,94.8,27.5,98.63
2016-09-14 08:00:00,151.18,29.73,98.69
2016-09-14 09:00:00,215.4,31.39,100.0
2016-09-14 10:00:00,263.62,32.71,99.27
2016-09-14 11:00:00,268.85,33.49,99.97
2016-09-14 12:00:00,229.32,33.36,98.11
2016-09-14 13:00:00,263.92,33.02,100.0
2016-09-14 14:00:00,234.82,32.65,99.7
2016-09-14 15:00:00,141.5,32.22,99.63
2016-09-14 16:00:00,73.97,31.48,99.19
2016-09-14 17:00:00,7.1,30.17,98.39
2016-09-14 18:00:00,0.0,29.01,98.4
2016-09-14 19:00:00,0.0,28.36,99.63
2016-09-14 20:00:00,0.0,27.86,80.68
2016-09-14 21:00:00,0.0,27.48,90.7
2016-09-14 22:00:00,0.0,27.23,88.51
2016-09-14 23:00:00,0.0,27.01,91.86
2016-09-15 00:00:00,0.0,26.76,94.96
2016-09-15 01:00:00,0.0,26.47,90.23
2016-09-15 02:00:00,0.0,26.14,84.99
2016-09-15 03:00:00,0.0,25.91,76.76
2016-09-15 04:00:00,0.0,25.73,87.54
2016-09-15 05:00:00,6.43,25.62,90.96
2016-09-15 06:00:00,86.5,26.29,91.38
2016-09-15 07:00:00,210.77,27.03,92.58
2016-09-15 08:00:00,314.67,28.27,96.4
2016-09-15 09:00:00,391.0,29.66,99.52
2016-09-15 10:00:00,489.62,31.04,98.51
2016-09-15 11:00:00,748.97,32.1,74.98
2016-09-15 12:00:00,686.85,32.8,89.91
2016-09-15 13:00:00,518.17,33.09,96.74
2016-09-15 14:00:00,442.9,32.98,98.32
2016-09-15 15:00:00,248.75,32.46,94.03
2016-09-15 16:00:00,116.55,31.44,76.22
2016-09-15 17:00:00,14.12,29.96,54.73
2016-09-15 18:00:00,0.0,29.28,33.03
2016-09-15 19:00:00,0.0,29.07,47.55
2016-09-15 20:00:00,0.0,28.64,55.68
2016-09-15 21:00:00,0.0,27.72,75.77
2016-09-15 22:00:00,0.0,27.13,98.9
2016-09-15 23:00:00,0.0,26.74,99.58
2016-09-16 00:00:00,0.0,26.4,99.74
2016-09-16 01:00:00,0.0,26.11,99.94
2016-09-16 02:00:00,0.0,25.84,98.73
2016-09-16 03:00:00,0.0,25.61,99.81
2016-09-16 04:00:00,0.0,25.39,100.0
2016-09-16 05:00:00,6.45,25.18,98.39
2016-09-16 06:00:00,100.4,25.84,95.1
2016-09-16 07:00:00,236.5,26.8,93.62
2016-09-16 08:00:00,464.12,28.35,90.63
2016-09-16 09:00:00,640.17,29.7,95.88
2016-09-16 10:00:00,731.78,30.8,96.62
2016-09-16 11:00:00,814.28,31.69,85.48
2016-09-16 12:00:00,751.97,32.38,80.05
2016-09-16 13:00:00,663.5,32.84,71.83
2016-09-16 14:00:00,474.67,32.9,75.48
2016-09-16 15:00:00,281.17,32.63,81.83
2016-09-16 16:00:00,122.35,31.61,82.35
2016-09-16 17:00:00,13.0,30.04,81.46
2016-09-16 18:00:00,0.0,29.11,79.77
2016-09-16 19:00:00,0.0,28.58,83.21
2016-09-16 20:00:00,0.0,28.23,92.13
2016-09-16 21:00:00,0.0,27.93,93.3
2016-09-16 22:00:00,0.0,27.62,86.74
2016-09-16 23:00:00,0.0,27.32,81.77
2016-09-17 00:00:00,0.0,27.04,87.94
2016-09-17 01:00:00,0.0,26.69,93.92
2016-09-17 02:00:00,0.0,26.31,99.98
2016-09-17 03:00:00,0.0,25.94,100.0
2016-09-17 04:00:00,0.0,25.59,99.98
2016-09-17 05:00:00,4.97,25.27,98.68
2016-09-17 06:00:00,66.9,25.56,99.73
2016-09-17 07:00:00,173.8,26.04,100.0
2016-09-17 08:00:00,321.88,26.92,99.23
2016-09-17 09:00:00,480.83,28.11,99.68
2016-09-17 10:00:00,615.2,29.26,98.0
2016-09-17 11:00:00,724.6,30.27,98.05
2016-09-17 12:00:00,685.78,31.08,92.18
2016-09-17 13:00:00,542.45,31.67,96.61
2016-09-17 14:00:00,390.58,31.98,99.84
2016-09-17 15:00:00,224.6,31.83,99.87
2016-09-17 16:00:00,94.4,31.1,98.95
2016-09-17 17:00:00,9.38,29.22,97.75
2016-09-17 18:00:00,0.0,28.28,94.93
2016-09-17 19:00:00,0.0,27.9,91.1
2016-09-17 20:00:00,0.0,27.56,84.24
2016-09-17 21:00:00,0.0,27.22,87.9
2016-09-17 22:00:00,0.0,26.99,97.59
2016-09-17 23:00:00,0.0,26.74,88.82
2016-09-18 00:00:00,0.0,26.34,92.91
2016-09-18 01:00:00,0.0,25.8,97.51
2016-09-18 02:00:00,0.0,25.36,76.07
2016-09-18 03:00:00,0.0,25.04,84.04
2016-09-18 04:00:00,0.0,24.77,81.68
2016-09-18 05:00:00,8.02,24.55,72.27
2016-09-18 06:00:00,128.6,25.07,59.27
2016-09-18 07:00:00,337.92,25.95,49.84
2016-09-18 08:00:00,564.25,27.39,40.92
2016-09-18 09:00:00,727.0,28.93,62.42
2016-09-18 10:00:00,878.95,30.27,18.41
2016-09-18 11:00:00,897.8,31.37,37.27
2016-09-18 12:00:00,833.6,32.22,73.44
2016-09-18 13:00:00,687.1,32.71,94.94
2016-09-18 14:00:00,387.23,32.72,98.73
2016-09-18 15:00:00,236.15,32.62,99.83
2016-09-18 16:00:00,102.93,31.91,98.83
2016-09-18 17:00:00,8.77,30.02,99.05
2016-09-18 18:00:00,0.0,28.62,98.2
2016-09-18 19:00:00,0.0,27.97,98.85
2016-09-18 20:00:00,0.0,27.55,99.4
2016-09-18 21:00:00,0.0,27.27,99.83
2016-09-18 22:00:00,0.0,27.05,93.26
2016-09-18 23:00:00,0.0,26.84,77.87
2016-09-19 00:00:00,0.0,26.66,88.06
2016-09-19 01:00:00,0.0,26.53,98.39
2016-09-19 02:00:00,0.0,26.37,73.85
2016-09-19 03:00:00,0.0,26.1,93.9
2016-09-19 04:00:00,0.0,25.8,87.22
2016-09-19 05:00:00,8.85,25.49,78.92
2016-09-19 06:00:00,118.25,26.26,73.05
2016-09-19 07:00:00,302.15,27.27,64.84
2016-09-19 08:00:00,529.08,28.89,55.7
2016-09-19 09:00:00,694.3,30.27,59.24
2016-09-19 10:00:00,686.1,31.32,78.59
2016-09-19 11:00:00,738.42,32.25,81.07
2016-09-19 12:00:00,665.53,33.06,92.87
2016-09-19 13:00:00,563.67,33.62,92.92
2016-09-19 14:00:00,453.4,34.12,79.23
2016-09-19 15:00:00,275.9,34.09,84.87
2016-09-19 16:00:00,111.45,33.15,89.87
2016-09-19 17:00:00,11.05,31.63,94.73
2016-09-19 18:00:00,0.0,30.16,100.0
2016-09-19 19:00:00,0.0,28.96,92.95
2016-09-19 20:00:00,0.0,28.36,99.91
2016-09-19 21:00:00,0.0,28.05,99.95
2016-09-19 22:00:00,0.0,27.83,99.86
2016-09-19 23:00:00,0.0,27.45,94.14
2016-09-20 00:00:00,0.0,27.07,96.45
2016-09-20 01:00:00,0.0,26.72,98.85
2016-09-20 02:00:00,0.0,26.42,100.0
2016-09-20 03:00:00,0.0,26.19,99.8
2016-09-20 04:00:00,0.0,25.98,99.38
2016-09-20 05:00:00,2.95,25.82,100.0
2016-09-20 06:00:00,28.02,26.34,100.0
2016-09-20 07:00:00,56.95,27.19,99.45
2016-09-20 08:00:00,77.9,28.64,99.07
2016-09-20 09:00:00,117.85,30.26,98.48
2016-09-20 10:00:00,232.68,31.58,97.91
2016-09-20 11:00:00,321.17,32.53,100.0
2016-09-20 12:00:00,278.95,32.93,100.0
2016-09-20 13:00:00,260.98,32.77,97.14
2016-09-20 14:00:00,255.57,32.29,100.0
2016-09-20 15:00:00,152.57,31.57,100.0
2016-09-20 16:00:00,60.33,30.57,100.0
2016-09-20 17:00:00,5.15,29.5,100.0
2016-09-20 18:00:00,0.0,29.06,100.0
2016-09-20 19:00:00,0.0,28.82,100.0
2016-09-20 20:00:00,0.0,28.55,100.0
2016-09-20 21:00:00,0.0,28.21,100.0
2016-09-20 22:00:00,0.0,27.88,100.0
2016-09-20 23:00:00,0.0,27.39,100.0
2016-09-21 00:00:00,0.0,26.86,100.0
2016-09-21 01:00:00,0.0,26.47,100.0
2016-09-21 02:00:00,0.0,26.12,100.0
2016-09-21 03:00:00,0.0,25.79,100.0
2016-09-21 04:00:00,0.0,25.51,100.0
2016-09-21 05:00:00,3.88,25.35,100.0
2016-09-21 06:00:00,67.07,25.69,99.04
2016-09-21 07:00:00,170.85,25.94,99.6
2016-09-21 08:00:00,287.83,26.5,99.06
2016-09-21 09:00:00,437.52,27.62,99.78
2016-09-21 10:00:00,474.02,29.03,100.0
2016-09-21 11:00:00,474.62,30.34,98.89
2016-09-21 12:00:00,519.7,31.26,99.72
2016-09-21 13:00:00,531.15,31.96,98.79
2016-09-21 14:00:00,351.83,32.38,99.27
2016-09-21 15:00:00,204.88,32.24,99.95
2016-09-21 16:00:00,83.3,31.34,100.0
2016-09-21 17:00:00,6.28,29.49,100.0
2016-09-21 18:00:00,0.0,28.43,100.0
2016-09-21 19:00:00,0.0,27.89,100.0
2016-09-21 20:00:00,0.0,27.4,100.0
2016-09-21 21:00:00,0.0,27.01,100.0
2016-09-21 22:00:00,0.0,26.67,99.71
2016-09-21 23:00:00,0.0,26.33,90.98
2016-09-22 00:00:00,0.0,26.04,98.44
2016-09-22 01:00:00,0.0,25.8,98.22
2016-09-22 02:00:00,0.0,25.62,98.17
2016-09-22 03:00:00,0.0,25.41,77.25
2016-09-22 04:00:00,0.0,25.2,59.44
2016-09-22 05:00:00,8.0,25.04,62.93
2016-09-22 06:00:00,106.25,25.64,66.86
2016-09-22 07:00:00,265.0,26.85,69.33
2016-09-22 08:00:00,433.9,28.99,71.08
2016-09-22 09:00:00,671.58,31.08,81.44
2016-09-22 10:00:00,804.62,32.66,59.23
2016-09-22 11:00:00,891.35,33.56,54.31
2016-09-22 12:00:00,824.67,33.94,56.97
2016-09-22 13:00:00,714.15,34.06,59.66
2016-09-22 14:00:00,594.35,33.97,35.05
2016-09-22 15:00:00,330.52,33.64,45.76
2016-09-22 16:00:00,122.43,32.78,58.87
2016-09-22 17:00:00,7.45,31.29,74.32
2016-09-22 18:00:00,0.0,30.21,87.32
2016-09-22 19:00:00,0.0,29.72,92.25
2016-09-22 20:00:00,0.0,29.27,70.4
2016-09-22 21:00:00,0.0,28.14,72.04
2016-09-22 22:00:00,0.0,27.54,99.06
2016-09-22 23:00:00,0.0,27.16,100.0
2016-09-23 00:00:00,0.0,26.86,99.38
2016-09-23 01:00:00,0.0,26.49,98.51
2016-09-23 02:00:00,0.0,26.04,57.49
2016-09-23 03:00:00,0.0,25.6,72.98
2016-09-23 04:00:00,0.0,25.19,58.3
2016-09-23 05:00:00,7.75,24.87,67.83
2016-09-23 06:00:00,113.0,25.72,77.07
2016-09-23 07:00:00,306.1,27.23,86.14
2016-09-23 08:00:00,464.35,29.24,96.55
2016-09-23 09:00:00,618.92,31.37,97.69
2016-09-23 10:00:00,723.67,33.13,100.0
2016-09-23 11:00:00,835.58,34.21,81.83
2016-09-23 12:00:00,745.28,34.82,94.6
2016-09-23 13:00:00,556.12,34.9,98.01
2016-09-23 14:00:00,354.38,34.79,98.49
2016-09-23 15:00:00,216.8,34.3,96.58
2016-09-23 16:00:00,83.55,33.2,95.18
2016-09-23 17:00:00,7.65,31.35,90.73
2016-09-23 18:00:00,0.0,30.26,86.76
2016-09-23 19:00:00,0.0,29.55,92.39
2016-09-23 20:00:00,0.0,28.91,99.16
2016-09-23 21:00:00,0.0,28.39,98.65
2016-09-23 22:00:00,0.0,27.9,81.02
2016-09-23 23:00:00,0.0,27.39,97.84
2016-09-24 00:00:00,0.0,27.06,96.58
2016-09-24 01:00:00,0.0,26.87,80.76
2016-09-24 02:00:00,0.0,26.65,64.61
2016-09-24 03:00:00,0.0,26.41,62.12
2016-09-24 04:00:00,0.0,26.23,49.14
2016-09-24 05:00:00,8.77,26.09,49.23
2016-09-24 06:00:00,122.97,26.84,49.95
2016-09-24 07:00:00,299.75,28.1,49.71
2016-09-24 08:00:00,509.92,29.59,48.25
2016-09-24 09:00:00,690.15,31.27,72.56
2016-09-24 10:00:00,833.25,32.89,67.86
2016-09-24 11:00:00,847.5,33.9,76.73
2016-09-24 12:00:00,797.33,34.58,68.07
2016-09-24 13:00:00,649.58,34.72,75.77
2016-09-24 14:00:00,382.75,34.5,97.62
2016-09-24 15:00:00,225.48,33.79,95.57
2016-09-24 16:00:00,95.9,32.24,92.23
2016-09-24 17:00:00,6.53,30.65,88.73
2016-09-24 18:00:00,0.0,29.66,84.61
2016-09-24 19:00:00,0.0,28.97,65.05
2016-09-24 20:00:00,0.0,28.62,51.14
2016-09-24 21:00:00,0.0,28.02,53.46
2016-09-24 22:00:00,0.0,27.56,83.04
2016-09-24 23:00:00,0.0,27.31,53.36
2016-09-25 00:00:00,0.0,27.11,63.21
2016-09-25 01:00:00,0.0,26.96,72.84
2016-09-25 02:00:00,0.0,26.76,25.09
2016-09-25 03:00:00,0.0,26.5,4.84
2016-09-25 04:00:00,0.0,26.19,4.84
2016-09-25 05:00:00,9.12,25.88,7.85
2016-09-25 06:00:00,138.93,26.61,10.31
2016-09-25 07:00:00,367.45,27.95,1.93
2016-09-25 08:00:00,581.67,29.69,13.62
2016-09-25 09:00:00,740.3,31.43,32.34
2016-09-25 10:00:00,836.65,32.9,46.68
2016-09-25 11:00:00,894.17,33.71,46.63
2016-09-25 12:00:00,820.92,33.97,64.89
2016-09-25 13:00:00,491.3,33.87,98.74
2016-09-25 14:00:00,400.9,33.73,91.6
2016-09-25 15:00:00,259.38,33.6,92.99
2016-09-25 16:00:00,98.85,32.75,93.92
2016-09-25 17:00:00,6.97,31.01,93.29
2016-09-25 18:00:00,0.0,29.51,93.36
2016-09-25 19:00:00,0.0,28.8,100.0
2016-09-25 20:00:00,0.0,28.26,100.0
2016-09-25 21:00:00,0.0,27.85,99.69
2016-09-25 22:00:00,0.0,27.57,100.0
2016-09-25 23:00:00,0.0,27.31,100.0
2016-09-26 00:00:00,0.0,27.09,100.0
2016-09-26 01:00:00,0.0,26.86,99.97
2016-09-26 02:00:00,0.0,26.61,99.44
2016-09-26 03:00:00,0.0,26.42,96.34
2016-09-26 04:00:00,0.0,26.27,98.49
2016-09-26 05:00:00,6.6,26.17,95.3
2016-09-26 06:00:00,87.47,27.08,92.25
2016-09-26 07:00:00,220.15,28.62,88.23
2016-09-26 08:00:00,414.4,30.61,81.76
2016-09-26 09:00:00,605.75,32.16,72.77
2016-09-26 10:00:00,694.03,33.19,86.36
2016-09-26 11:00:00,862.95,33.77,67.88
2016-09-26 12:00:00,681.1,34.24,57.62
2016-09-26 13:00:00,735.35,34.57,31.19
2016-09-26 14:00:00,534.05,34.54,37.12
2016-09-26 15:00:00,327.7,34.09,34.06
2016-09-26 16:00:00,122.88,33.24,31.68
2016-09-26 17:00:00,7.55,31.39,25.88
2016-09-26 18:00:00,0.0,29.85,21.09
2016-09-26 19:00:00,0.0,29.05,51.85
2016-09-26 20:00:00,0.0,28.51,57.01
2016-09-26 21:00:00,0.0,28.16,96.43
2016-09-26 22:00:00,0.0,27.92,95.05
2016-09-26 23:00:00,0.0,27.71,85.69
2016-09-27 00:00:00,0.0,27.48,91.71
2016-09-27 01:00:00,0.0,27.27,97.78
2016-09-27 02:00:00,0.0,27.1,78.26
2016-09-27 03:00:00,0.0,26.95,85.47
2016-09-27 04:00:00,0.0,26.82,81.49
2016-09-27 05:00:00,5.28,26.7,86.83
2016-09-27 06:00:00,73.82,26.88,90.5
2016-09-27 07:00:00,199.0,27.32,94.3
2016-09-27 08:00:00,307.08,27.94,99.93
2016-09-27 09:00:00,406.75,28.64,99.74
2016-09-27 10:00:00,504.35,29.35,99.35
2016-09-27 11:00:00,717.22,29.9,99.24
2016-09-27 12:00:00,727.62,30.09,89.01
2016-09-27 13:00:00,616.35,30.07,90.15
2016-09-27 14:00:00,470.7,29.89,78.0
2016-09-27 15:00:00,284.8,29.53,71.32
2016-09-27 16:00:00,107.47,28.9,65.42
2016-09-27 17:00:00,7.15,28.03,55.53
2016-09-27 18:00:00,0.0,27.51,48.69
2016-09-27 19:00:00,0.0,27.25,89.39
2016-09-27 20:00:00,0.0,27.08,89.43
2016-09-27 21:00:00,0.0,26.92,97.84
2016-09-27 22:00:00,0.0,26.77,79.52
2016-09-27 23:00:00,0.0,26.64,53.52
2016-09-28 00:00:00,0.0,26.49,72.45
2016-09-28 01:00:00,0.0,26.33,91.18
2016-09-28 02:00:00,0.0,26.2,55.07
2016-09-28 03:00:00,0.0,26.06,65.44
2016-09-28 04:00:00,0.0,25.9,91.0
2016-09-28 05:00:00,5.62,25.71,93.64
2016-09-28 06:00:00,76.35,25.98,95.23
2016-09-28 07:00:00,183.3,26.62,96.6
2016-09-28 08:00:00,203.0,27.75,99.62
2016-09-28 09:00:00,305.7,28.76,99.66
2016-09-28 10:00:00,411.42,29.15,100.0
2016-09-28 11:00:00,503.98,29.48,99.15
2016-09-28 12:00:00,489.12,29.92,95.94
2016-09-28 13:00:00,412.35,30.31,98.1
2016-09-28 14:00:00,366.38,30.42,97.86
2016-09-28 15:00:00,222.73,30.37,84.41
2016-09-28 16:00:00,93.68,30.18,70.84
2016-09-28 17:00:00,7.07,29.74,55.79
2016-09-28 18:00:00,0.0,29.02,41.48
2016-09-28 19:00:00,0.0,28.28,26.19
2016-09-28 20:00:00,0.0,27.78,44.86
2016-09-28 21:00:00,0.0,27.39,48.8
2016-09-28 22:00:00,0.0,27.03,97.57
2016-09-28 23:00:00,0.0,26.76,91.86
2016-09-29 00:00:00,0.0,26.52,99.42
2016-09-29 01:00:00,0.0,26.28,96.43
2016-09-29 02:00:00,0.0,26.04,93.09
2016-09-29 03:00:00,0.0,25.87,98.8
2016-09-29 04:00:00,0.0,25.73,86.19
2016-09-29 05:00:00,6.75,25.56,90.23
2016-09-29 06:00:00,94.4,25.73,92.37
2016-09-29 07:00:00,259.27,26.17,95.77
2016-09-29 08:00:00,439.98,26.91,98.9
2016-09-29 09:00:00,525.42,28.14,99.07
2016-09-29 10:00:00,583.22,29.35,99.97
2016-09-29 11:00:00,699.88,30.21,91.44
2016-09-29 12:00:00,688.55,30.78,96.51
2016-09-29 13:00:00,584.6,31.07,96.92
2016-09-29 14:00:00,366.65,31.07,85.84
2016-09-29 15:00:00,218.6,31.13,84.92
2016-09-29 16:00:00,91.55,30.72,82.63
2016-09-29 17:00:00,5.85,29.91,79.08
2016-09-29 18:00:00,0.0,28.94,76.3
2016-09-29 19:00:00,0.0,28.17,98.68
2016-09-29 20:00:00,0.0,27.66,95.71
2016-09-29 21:00:00,0.0,27.31,99.39
2016-09-29 22:00:00,0.0,26.96,100.0
2016-09-29 23:00:00,0.0,26.65,99.34
2016-09-30 00:00:00,0.0,26.38,99.91
2016-09-30 01:00:00,0.0,26.14,99.74
2016-09-30 02:00:00,0.0,25.94,96.38
2016-09-30 03:00:00,0.0,25.75,82.21
2016-09-30 04:00:00,0.0,25.57,81.02
2016-09-30 05:00:00,7.07,25.42,78.59
2016-09-30 06:00:00,104.4,25.93,74.52
2016-09-30 07:00:00,287.12,26.6,71.19
2016-09-30 08:00:00,489.95,27.86,69.64
2016-09-30 09:00:00,651.4,29.5,76.38
2016-09-30 10:00:00,797.92,30.76,43.75
2016-09-30 11:00:00,785.55,31.6,85.02
2016-09-30 12:00:00,681.5,32.11,99.92
2016-09-30 13:00:00,622.17,32.12,95.23
2016-09-30 14:00:00,443.12,32.12,99.01
2016-09-30 15:00:00,227.55,32.02,96.65
2016-09-30 16:00:00,82.35,31.34,96.83
2016-09-30 17:00:00,4.57,29.75,96.31
2016-09-30 18:00:00,0.0,28.77,97.17
2016-09-30 19:00:00,0.0,28.3,96.16
2016-09-30 20:00:00,0.0,27.98,93.51
2016-09-30 21:00:00,0.0,27.68,95.2
2016-09-30 22:00:00,0.0,27.44,92.59
2016-09-30 23:00:00,0.0,27.25,91.92
2016-10-01 00:00:00,0.0,27.08,98.48
2016-10-01 01:00:00,0.0,26.9,98.16
2016-10-01 02:00:00,0.0,26.68,98.04
2016-10-01 03:00:00,0.0,26.45,99.05
2016-10-01 04:00:00,0.0,26.23,88.72
2016-10-01 05:00:00,6.95,26.02,85.84
2016-10-01 06:00:00,94.82,26.5,86.2
2016-10-01 07:00:00,258.62,27.23,85.07
2016-10-01 08:00:00,451.5,28.44,84.74
2016-10-01 09:00:00,602.22,29.77,72.66
2016-10-01 10:00:00,769.75,30.66,32.31
2016-10-01 11:00:00,844.7,31.18,44.64
2016-10-01 12:00:00,809.12,31.47,45.44
2016-10-01 13:00:00,698.08,31.65,31.23
2016-10-01 14:00:00,529.05,31.63,26.15
2016-10-01 15:00:00,316.95,31.39,29.17
2016-10-01 16:00:00,110.4,30.74,33.9
2016-10-01 17:00:00,5.5,28.97,37.36
2016-10-01 18:00:00,0.0,28.07,41.58
2016-10-01 19:00:00,0.0,27.68,45.54
2016-10-01 20:00:00,0.0,27.41,48.82
2016-10-01 21:00:00,0.0,27.15,38.76
2016-10-01 22:00:00,0.0,26.91,99.49
2016-10-01 23:00:00,0.0,26.67,65.92
2016-10-02 00:00:00,0.0,26.47,78.37
2016-10-02 01:00:00,0.0,26.32,91.21
2016-10-02 02:00:00,0.0,26.14,77.96
2016-10-02 03:00:00,0.0,25.9,65.07
2016-10-02 04:00:00,0.0,25.63,55.26
2016-10-02 05:00:00,7.2,25.35,60.34
2016-10-02 06:00:00,99.88,25.92,66.81
2016-10-02 07:00:00,261.4,26.73,72.57
2016-10-02 08:00:00,473.8,27.92,77.22
2016-10-02 09:00:00,664.45,29.09,75.03
2016-10-02 10:00:00,799.97,29.98,24.02
2016-10-02 11:00:00,873.88,30.59,27.94
2016-10-02 12:00:00,822.08,31.02,30.04
2016-10-02 13:00:00,718.55,31.19,27.37
2016-10-02 14:00:00,548.5,31.14,25.94
2016-10-02 15:00:00,335.15,30.83,20.22
2016-10-02 16:00:00,120.12,30.01,15.85
2016-10-02 17:00:00,5.57,28.25,9.31
2016-10-02 18:00:00,0.0,27.36,4.03
2016-10-02 19:00:00,0.0,26.98,2.42
2016-10-02 20:00:00,0.0,26.77,0.81
2016-10-02 21:00:00,0.0,26.52,4.94
2016-10-02 22:00:00,0.0,26.28,6.43
2016-10-02 23:00:00,0.0,26.07,2.42
2016-10-03 00:00:00,0.0,25.91,7.26
2016-10-03 01:00:00,0.0,25.8,0.81
2016-10-03 02:00:00,0.0,25.69,2.42
2016-10-03 03:00:00,0.0,25.7,3.23
2016-10-03 04:00:00,0.0,25.68,16.17
2016-10-03 05:00:00,8.25,25.53,21.79
2016-10-03 06:00:00,125.45,26.16,25.74
2016-10-03 07:00:00,312.7,27.04,32.89
2016-10-03 08:00:00,554.75,28.04,38.44
2016-10-03 09:00:00,736.3,29.16,4.53
2016-10-03 10:00:00,859.62,30.4,28.06
2016-10-03 11:00:00,915.35,31.53,27.72
2016-10-03 12:00:00,861.35,32.27,27.88
2016-10-03 13:00:00,737.08,32.57,14.98
2016-10-03 14:00:00,560.05,32.38,27.95
2016-10-03 15:00:00,320.77,31.88,27.75
2016-10-03 16:00:00,114.45,30.61,31.1
2016-10-03 17:00:00,5.0,28.72,29.2
2016-10-03 18:00:00,0.0,27.87,29.26
2016-10-03 19:00:00,0.0,27.34,31.72
2016-10-03 20:00:00,0.0,26.97,27.67
2016-10-03 21:00:00,0.0,26.68,23.6
2016-10-03 22:00:00,0.0,26.41,45.58
2016-10-03 23:00:00,0.0,26.17,5.71
2016-10-04 00:00:00,0.0,25.96,19.43
2016-10-04 01:00:00,0.0,25.83,46.34
2016-10-04 02:00:00,0.0,25.71,67.06
2016-10-04 03:00:00,0.0,25.52,28.32
2016-10-04 04:00:00,0.0,25.28,26.84
2016-10-04 05:00:00,7.47,25.02,41.1
2016-10-04 06:00:00,99.88,25.89,56.99
2016-10-04 07:00:00,249.5,27.05,68.64
2016-10-04 08:00:00,422.35,28.69,80.25
2016-10-04 09:00:00,600.65,30.17,68.34
2016-10-04 10:00:00,708.97,31.3,47.38
2016-10-04 11:00:00,771.75,32.03,54.78
2016-10-04 12:00:00,710.12,32.41,65.26
2016-10-04 13:00:00,576.5,32.61,52.47
2016-10-04 14:00:00,373.42,32.41,79.84
2016-10-04 15:00:00,202.6,32.08,84.31
2016-10-04 16:00:00,69.25,31.59,88.9
2016-10-04 17:00:00,2.88,30.12,95.02
2016-10-04 18:00:00,0.0,29.14,99.69
2016-10-04 19:00:00,0.0,28.64,100.0
2016-10-04 20:00:00,0.0,28.1,98.56
2016-10-04 21:00:00,0.0,27.58,98.72
2016-10-04 22:00:00,0.0,27.12,77.12
2016-10-04 23:00:00,0.0,26.79,54.33
2016-10-05 00:00:00,0.0,26.51,47.14
2016-10-05 01:00:00,0.0,26.25,91.95
2016-10-05 02:00:00,0.0,25.98,66.06
2016-10-05 03:00:00,0.0,25.75,53.15
2016-10-05 04:00:00,0.0,25.58,32.77
2016-10-05 05:00:00,7.88,25.36,35.72
2016-10-05 06:00:00,123.4,25.92,38.69
2016-10-05 07:00:00,312.25,26.97,41.81
2016-10-05 08:00:00,530.4,28.76,45.82
2016-10-05 09:00:00,680.75,30.29,42.37
2016-10-05 10:00:00,844.35,31.39,56.93
2016-10-05 11:00:00,879.17,32.43,35.9
2016-10-05 12:00:00,798.08,32.92,43.78
2016-10-05 13:00:00,712.0,33.08,40.26
2016-10-05 14:00:00,536.03,33.14,48.53
2016-10-05 15:00:00,327.95,32.87,38.01
2016-10-05 16:00:00,118.32,32.1,28.08
2016-10-05 17:00:00,4.93,30.32,14.98
2016-10-05 18:00:00,0.0,29.16,4.03
2016-10-05 19:00:00,0.0,28.5,6.49
2016-10-05 20:00:00,0.0,28.01,9.09
2016-10-05 21:00:00,0.0,27.57,41.5
2016-10-05 22:00:00,0.0,27.15,97.83
2016-10-05 23:00:00,0.0,26.72,70.5
2016-10-06 00:00:00,0.0,26.37,82.63
2016-10-06 01:00:00,0.0,26.07,99.32
2016-10-06 02:00:00,0.0,25.79,64.94
2016-10-06 03:00:00,0.0,25.51,65.09
2016-10-06 04:00:00,0.0,25.29,69.04
2016-10-06 05:00:00,8.57,25.08,59.84
2016-10-06 06:00:00,131.9,25.78,49.49
2016-10-06 07:00:00,332.95,26.87,40.78
2016-10-06 08:00:00,562.9,28.55,32.77
2016-10-06 09:00:00,717.17,29.8,22.98
2016-10-06 10:00:00,853.05,30.85,10.8
2016-10-06 11:00:00,864.88,31.73,43.8
2016-10-06 12:00:00,785.17,32.25,54.78
2016-10-06 13:00:00,686.95,32.51,82.12
2016-10-06 14:00:00,537.75,32.54,35.63
2016-10-06 15:00:00,318.23,32.45,49.91
2016-10-06 16:00:00,108.15,31.67,65.99
2016-10-06 17:00:00,4.3,29.58,81.21
2016-10-06 18:00:00,0.0,28.63,98.71
2016-10-06 19:00:00,0.0,28.12,99.52
2016-10-06 20:00:00,0.0,27.69,99.89
2016-10-06 21:00:00,0.0,27.29,100.0
2016-10-06 22:00:00,0.0,26.99,100.0
2016-10-06 23:00:00,0.0,26.75,93.41
2016-10-07 00:00:00,0.0,26.52,73.07
2016-10-07 01:00:00,0.0,26.28,96.81
2016-10-07 02:00:00,0.0,26.09,89.36
2016-10-07 03:00:00,0.0,25.89,62.54
2016-10-07 04:00:00,0.0,25.7,26.19
2016-10-07 05:00:00,9.23,25.47,34.19
2016-10-07 06:00:00,133.68,26.05,43.12
2016-10-07 07:00:00,337.1,27.06,51.15
2016-10-07 08:00:00,539.67,28.59,61.02
2016-10-07 09:00:00,602.35,29.93,98.88
2016-10-07 10:00:00,531.6,30.98,89.81
2016-10-07 11:00:00,548.58,31.86,98.57
2016-10-07 12:00:00,424.12,32.46,100.0
2016-10-07 13:00:00,445.42,32.84,99.07
2016-10-07 14:00:00,297.42,32.83,100.0
2016-10-07 15:00:00,169.2,32.42,99.99
2016-10-07 16:00:00,67.82,31.39,99.27
2016-10-07 17:00:00,3.3,29.29,99.58
2016-10-07 18:00:00,0.0,28.36,100.0
2016-10-07 19:00:00,0.0,27.86,100.0
2016-10-07 20:00:00,0.0,27.49,91.29
2016-10-07 21:00:00,0.0,27.2,70.91
2016-10-07 22:00:00,0.0,26.94,99.94
2016-10-07 23:00:00,0.0,26.7,100.0
2016-10-08 00:00:00,0.0,26.5,98.97
2016-10-08 01:00:00,0.0,26.32,96.56
2016-10-08 02:00:00,0.0,26.16,100.0
2016-10-08 03:00:00,0.0,25.9,99.81
2016-10-08 04:00:00,0.0,25.49,86.87
2016-10-08 05:00:00,8.4,25.1,81.51
2016-10-08 06:00:00,119.2,25.75,76.54
2016-10-08 07:00:00,311.4,26.95,71.4
2016-10-08 08:00:00,515.97,29.03,66.71
2016-10-08 09:00:00,664.4,30.97,69.79
2016-10-08 10:00:00,749.28,32.63,65.54
2016-10-08 11:00:00,752.65,33.76,78.08
2016-10-08 12:00:00,734.42,34.51,92.76
2016-10-08 13:00:00,589.95,35.05,99.95
2016-10-08 14:00:00,441.2,34.85,99.26
2016-10-08 15:00:00,250.88,34.22,99.4
2016-10-08 16:00:00,88.28,33.05,99.53
2016-10-08 17:00:00,3.3,30.57,99.77
2016-10-08 18:00:00,0.0,29.35,99.71
2016-10-08 19:00:00,0.0,28.79,99.4
2016-10-08 20:00:00,0.0,28.33,99.13
2016-10-08 21:00:00,0.0,27.95,99.53
2016-10-08 22:00:00,0.0,27.67,99.93
2016-10-08 23:00:00,0.0,27.49,99.36
2016-10-09 00:00:00,0.0,27.18,98.81
2016-10-09 01:00:00,0.0,26.73,100.0
2016-10-09 02:00:00,0.0,26.38,100.0
2016-10-09 03:00:00,0.0,26.09,99.88
2016-10-09 04:00:00,0.0,25.86,99.16
2016-10-09 05:00:00,2.78,25.7,98.07
2016-10-09 06:00:00,29.12,26.46,98.0
2016-10-09 07:00:00,59.58,27.51,98.0
2016-10-09 08:00:00,71.57,28.84,99.8
2016-10-09 09:00:00,141.2,30.09,99.1
2016-10-09 10:00:00,409.67,31.21,100.0
2016-10-09 11:00:00,601.4,32.38,93.33
2016-10-09 12:00:00,634.72,33.27,77.95
2016-10-09 13:00:00,658.97,33.67,55.64
2016-10-09 14:00:00,517.35,33.82,46.3
2016-10-09 15:00:00,306.9,33.31,42.45
2016-10-09 16:00:00,101.12,32.3,39.5
2016-10-09 17:00:00,3.47,30.9,33.63
2016-10-09 18:00:00,0.0,30.14,30.05
2016-10-09 19:00:00,0.0,29.42,47.83
2016-10-09 20:00:00,0.0,28.75,47.74
2016-10-09 21:00:00,0.0,28.17,66.06
2016-10-09 22:00:00,0.0,27.76,68.64
2016-10-09 23:00:00,0.0,27.42,71.93
2016-10-10 00:00:00,0.0,27.09,94.44
2016-10-10 01:00:00,0.0,26.76,52.48
2016-10-10 02:00:00,0.0,26.4,59.1
2016-10-10 03:00:00,0.0,26.03,62.93
2016-10-10 04:00:00,0.0,25.69,67.22
2016-10-10 05:00:00,6.9,25.43,70.3
2016-10-10 06:00:00,88.15,26.12,74.43
2016-10-10 07:00:00,221.75,27.61,77.16
2016-10-10 08:00:00,370.9,29.56,79.32
2016-10-10 09:00:00,491.45,31.1,84.99
2016-10-10 10:00:00,599.42,32.23,84.56
2016-10-10 11:00:00,710.1,33.23,97.52
2016-10-10 12:00:00,725.08,33.89,82.51
2016-10-10 13:00:00,597.08,34.42,88.21
2016-10-10 14:00:00,354.45,34.49,98.55
2016-10-10 15:00:00,205.73,34.33,97.82
2016-10-10 16:00:00,72.55,33.64,98.32
2016-10-10 17:00:00,2.78,32.06,97.6
2016-10-10 18:00:00,0.0,31.38,97.92
2016-10-10 19:00:00,0.0,30.23,99.46
2016-10-10 20:00:00,0.0,29.22,88.45
2016-10-10 21:00:00,0.0,28.61,74.75
2016-10-10 22:00:00,0.0,28.15,99.52
2016-10-10 23:00:00,0.0,27.65,87.57
2016-10-11 00:00:00,0.0,27.17,83.4
2016-10-11 01:00:00,0.0,26.76,98.12
2016-10-11 02:00:00,0.0,26.41,100.0
2016-10-11 03:00:00,0.0,26.11,69.93
2016-10-11 04:00:00,0.0,25.89,48.01
2016-10-11 05:00:00,7.25,25.7,57.84
2016-10-11 06:00:00,101.38,26.29,67.51
2016-10-11 07:00:00,254.35,27.69,77.15
2016-10-11 08:00:00,390.38,29.93,87.2
2016-10-11 09:00:00,608.1,31.71,96.76
2016-10-11 10:00:00,676.42,32.78,98.32
2016-10-11 11:00:00,765.08,33.18,99.11
2016-10-11 12:00:00,722.8,33.41,88.42
2016-10-11 13:00:00,561.7,33.71,98.27
2016-10-11 14:00:00,391.9,33.92,98.82
2016-10-11 15:00:00,217.7,33.84,99.17
2016-10-11 16:00:00,72.6,33.22,100.0
2016-10-11 17:00:00,2.53,31.34,100.0
2016-10-11 18:00:00,0.0,30.08,99.19
2016-10-11 19:00:00,0.0,29.35,99.53
2016-10-11 20:00:00,0.0,28.64,99.48
2016-10-11 21:00:00,0.0,28.07,100.0
2016-10-11 22:00:00,0.0,27.74,98.78
2016-10-11 23:00:00,0.0,27.44,98.76
2016-10-12 00:00:00,0.0,27.09,99.26
2016-10-12 01:00:00,0.0,26.69,99.08
2016-10-12 02:00:00,0.0,26.28,100.0
2016-10-12 03:00:00,0.0,25.9,86.96
2016-10-12 04:00:00,0.0,25.62,54.46
2016-10-12 05:00:00,6.5,25.45,52.55
2016-10-12 06:00:00,98.93,26.09,50.27
2016-10-12 07:00:00,275.4,27.62,47.99
2016-10-12 08:00:00,479.95,29.99,44.85
2016-10-12 09:00:00,663.75,31.81,35.05
2016-10-12 10:00:00,775.88,32.88,21.39
2016-10-12 11:00:00,850.2,33.45,24.4
2016-10-12 12:00:00,762.05,33.79,47.23
2016-10-12 13:00:00,664.17,33.93,46.81
2016-10-12 14:00:00,481.15,33.72,61.48
2016-10-12 15:00:00,264.25,33.08,70.12
2016-10-12 16:00:00,77.95,32.11,80.38
2016-10-12 17:00:00,2.33,30.31,91.0
2016-10-12 18:00:00,0.0,29.36,100.0
2016-10-12 19:00:00,0.0,28.89,97.45
2016-10-12 20:00:00,0.0,28.52,89.51
2016-10-12 21:00:00,0.0,28.27,77.96
2016-10-12 22:00:00,0.0,28.19,83.02
2016-10-12 23:00:00,0.0,28.08,35.75
2016-10-13 00:00:00,0.0,27.79,38.95
2016-10-13 01:00:00,0.0,27.27,75.22
2016-10-13 02:00:00,0.0,26.82,40.47
2016-10-13 03:00:00,0.0,26.48,79.33
2016-10-13 04:00:00,0.0,26.19,86.54
2016-10-13 05:00:00,7.47,25.96,81.02
2016-10-13 06:00:00,110.25,26.4,76.45
2016-10-13 07:00:00,293.92,27.2,71.83
2016-10-13 08:00:00,502.5,28.62,67.27
2016-10-13 09:00:00,657.35,30.49,52.44
2016-10-13 10:00:00,789.75,31.65,58.88
2016-10-13 11:00:00,849.17,32.18,38.23
2016-10-13 12:00:00,802.03,32.41,39.65
2016-10-13 13:00:00,671.25,32.4,73.15
2016-10-13 14:00:00,489.08,32.14,63.95
2016-10-13 15:00:00,272.83,31.59,74.5
2016-10-13 16:00:00,89.43,30.62,84.95
2016-10-13 17:00:00,0.0,28.81,95.8
2016-10-13 18:00:00,0.0,28.0,96.06
2016-10-13 19:00:00,0.0,27.61,98.1
2016-10-13 20:00:00,0.0,27.29,61.24
2016-10-13 21:00:00,0.0,27.05,77.52
2016-10-13 22:00:00,0.0,26.88,22.42
2016-10-13 23:00:00,0.0,26.78,21.48
2016-10-14 00:00:00,0.0,26.7,27.03
2016-10-14 01:00:00,0.0,26.53,93.88
2016-10-14 02:00:00,0.0,26.4,19.49
2016-10-14 03:00:00,0.0,26.22,27.84
2016-10-14 04:00:00,0.0,26.08,44.77
2016-10-14 05:00:00,8.38,25.89,48.73
2016-10-14 06:00:00,124.12,26.44,53.04
2016-10-14 07:00:00,307.1,28.25,57.55
2016-10-14 08:00:00,538.92,30.17,60.83
2016-10-14 09:00:00,737.67,31.47,53.34
2016-10-14 10:00:00,854.2,32.4,25.82
2016-10-14 11:00:00,798.1,33.06,36.0
2016-10-14 12:00:00,722.0,33.54,64.95
2016-10-14 13:00:00,638.85,33.77,49.52
2016-10-14 14:00:00,490.02,33.5,67.96
2016-10-14 15:00:00,275.1,32.76,75.64
2016-10-14 16:00:00,90.1,31.42,84.12
2016-10-14 17:00:00,0.0,29.27,92.28
2016-10-14 18:00:00,0.0,28.1,97.82
2016-10-14 19:00:00,0.0,27.48,100.0
2016-10-14 20:00:00,0.0,26.94,94.66
2016-10-14 21:00:00,0.0,26.51,86.72
2016-10-14 22:00:00,0.0,26.21,87.87
2016-10-14 23:00:00,0.0,25.95,21.06
2016-10-15 00:00:00,0.0,25.59,4.78
2016-10-15 01:00:00,0.0,25.1,7.31
2016-10-15 02:00:00,0.0,24.74,9.83
2016-10-15 03:00:00,0.0,24.42,12.36
2016-10-15 04:00:00,0.0,24.16,14.89
2016-10-15 05:00:00,7.95,23.94,17.41
2016-10-15 06:00:00,130.3,25.17,19.11
2016-10-15 07:00:00,332.12,27.27,23.22
2016-10-15 08:00:00,559.05,29.24,26.15
2016-10-15 09:00:00,735.88,30.62,24.16
2016-10-15 10:00:00,852.6,31.72,9.26
2016-10-15 11:00:00,875.03,32.52,31.84
2016-10-15 12:00:00,826.55,32.97,29.68
2016-10-15 13:00:00,707.6,33.08,16.22
2016-10-15 14:00:00,531.45,32.7,26.66
2016-10-15 15:00:00,317.02,31.93,18.12
2016-10-15 16:00:00,108.6,30.62,9.74
2016-10-15 17:00:00,0.0,28.61,0.81
2016-10-15 18:00:00,0.0,27.68,3.23
2016-10-15 19:00:00,0.0,27.2,0.81
2016-10-15 20:00:00,0.0,26.74,4.84
2016-10-15 21:00:00,0.0,26.36,11.3
2016-10-15 22:00:00,0.0,26.12,12.16
2016-10-15 23:00:00,0.0,25.97,18.62
2016-10-16 00:00:00,0.0,25.92,21.75
2016-10-16 01:00:00,0.0,25.84,3.7
2016-10-16 02:00:00,0.0,25.61,2.25
2016-10-16 03:00:00,0.0,25.23,0.81
2016-10-16 04:00:00,0.0,24.8,4.03
2016-10-16 05:00:00,8.48,24.37,8.57
2016-10-16 06:00:00,141.98,25.34,13.2
2016-10-16 07:00:00,358.98,27.25,19.71
2016-10-16 08:00:00,570.62,28.95,23.65
2016-10-16 09:00:00,745.95,30.39,21.77
2016-10-16 10:00:00,857.08,31.56,26.57
2016-10-16 11:00:00,853.9,32.34,30.0
2016-10-16 12:00:00,785.4,32.69,27.08
2016-10-16 13:00:00,698.6,32.56,27.25
2016-10-16 14:00:00,525.53,31.84,24.42
2016-10-16 15:00:00,310.1,30.9,17.13
2016-10-16 16:00:00,101.65,29.57,11.42
2016-10-16 17:00:00,0.0,27.95,2.42
2016-10-16 18:00:00,0.0,27.11,1.61
2016-10-16 19:00:00,0.0,26.46,3.23
2016-10-16 20:00:00,0.0,25.97,4.84
2016-10-16 21:00:00,0.0,25.67,1.21
2016-10-16 22:00:00,0.0,25.47,8.13
2016-10-16 23:00:00,0.0,25.43,15.05
2016-10-17 00:00:00,0.0,25.45,21.66
2016-10-17 01:00:00,0.0,25.22,11.38
2016-10-17 02:00:00,0.0,24.78,0.81
2016-10-17 03:00:00,0.0,24.43,5.24
2016-10-17 04:00:00,0.0,24.18,9.67
2016-10-17 05:00:00,8.05,23.96,14.17
2016-10-17 06:00:00,135.15,25.03,17.56
2016-10-17 07:00:00,348.27,26.93,23.34
2016-10-17 08:00:00,559.33,28.9,27.9
2016-10-17 09:00:00,710.17,30.36,31.46
2016-10-17 10:00:00,821.12,31.57,28.66
2016-10-17 11:00:00,861.8,32.46,35.0
2016-10-17 12:00:00,809.6,33.08,39.43
2016-10-17 13:00:00,656.45,33.4,33.83
2016-10-17 14:00:00,512.0,33.38,49.37
2016-10-17 15:00:00,297.4,32.96,37.32
2016-10-17 16:00:00,99.32,31.73,24.59
2016-10-17 17:00:00,0.0,28.79,7.49
2016-10-17 18:00:00,0.0,27.53,6.47
2016-10-17 19:00:00,0.0,26.99,2.42
2016-10-17 20:00:00,0.0,26.57,1.61
2016-10-17 21:00:00,0.0,26.19,10.75
2016-10-17 22:00:00,0.0,25.88,55.03
2016-10-17 23:00:00,0.0,25.69,21.02
2016-10-18 00:00:00,0.0,25.76,4.84
2016-10-18 01:00:00,0.0,25.75,4.82
2016-10-18 02:00:00,0.0,25.26,2.42
2016-10-18 03:00:00,0.0,24.64,5.37
2016-10-18 04:00:00,0.0,24.27,8.33
2016-10-18 05:00:00,8.12,23.96,11.36
2016-10-18 06:00:00,138.12,25.08,14.26
2016-10-18 07:00:00,352.95,27.1,18.38
2016-10-18 08:00:00,569.17,29.19,21.67
2016-10-18 09:00:00,746.85,30.7,20.51
2016-10-18 10:00:00,840.0,31.91,24.08
2016-10-18 11:00:00,886.28,32.83,24.51
2016-10-18 12:00:00,830.65,33.46,26.34
2016-10-18 13:00:00,708.03,33.77,25.14
2016-10-18 14:00:00,528.35,33.59,23.55
2016-10-18 15:00:00,310.77,32.84,15.93
2016-10-18 16:00:00,101.68,31.29,8.64
2016-10-18 17:00:00,0.0,28.93,0.81
2016-10-18 18:00:00,0.0,27.86,9.71
2016-10-18 19:00:00,0.0,27.23,22.64
2016-10-18 20:00:00,0.0,26.76,13.74
2016-10-18 21:00:00,0.0,26.38,37.15
2016-10-18 22:00:00,0.0,26.09,8.05
2016-10-18 23:00:00,0.0,25.87,4.84
2016-10-19 00:00:00,0.0,25.69,1.61
2016-10-19 01:00:00,0.0,25.45,9.65
2016-10-19 02:00:00,0.0,25.15,3.23
2016-10-19 03:00:00,0.0,24.88,4.84
2016-10-19 04:00:00,0.0,24.64,17.74
2016-10-19 05:00:00,8.32,24.44,25.27
2016-10-19 06:00:00,138.02,25.27,33.12
2016-10-19 07:00:00,344.8,26.97,41.21
2016-10-19 08:00:00,550.22,29.14,48.34
2016-10-19 09:00:00,686.85,30.83,79.78
2016-10-19 10:00:00,767.7,32.16,71.3
2016-10-19 11:00:00,822.35,33.1,51.1
2016-10-19 12:00:00,746.58,33.76,34.38
2016-10-19 13:00:00,669.95,34.05,27.7
2016-10-19 14:00:00,491.3,33.86,33.04
2016-10-19 15:00:00,273.62,33.19,28.84
2016-10-19 16:00:00,86.65,31.71,25.69
2016-10-19 17:00:00,0.0,29.26,20.29
2016-10-19 18:00:00,0.0,28.09,44.68
2016-10-19 19:00:00,0.0,27.38,64.66
2016-10-19 20:00:00,0.0,26.8,74.24
2016-10-19 21:00:00,0.0,26.39,68.47
2016-10-19 22:00:00,0.0,26.12,86.74
2016-10-19 23:00:00,0.0,26.11,43.52
2016-10-20 00:00:00,0.0,26.31,43.8
2016-10-20 01:00:00,0.0,26.47,91.87
2016-10-20 02:00:00,0.0,26.21,76.46
2016-10-20 03:00:00,0.0,25.83,72.35
2016-10-20 04:00:00,0.0,25.56,65.83
2016-10-20 05:00:00,7.25,25.31,71.41
2016-10-20 06:00:00,110.47,26.1,76.8
2016-10-20 07:00:00,265.9,27.81,82.77
2016-10-20 08:00:00,499.77,29.65,88.54
2016-10-20 09:00:00,688.12,31.12,40.86
2016-10-20 10:00:00,714.9,32.34,30.16
2016-10-20 11:00:00,827.5,33.27,53.59
2016-10-20 12:00:00,763.45,33.93,72.65
2016-10-20 13:00:00,658.53,34.28,81.73
2016-10-20 14:00:00,489.3,34.22,57.38
2016-10-20 15:00:00,275.85,33.56,50.18
2016-10-20 16:00:00,86.68,32.16,43.92
2016-10-20 17:00:00,0.0,29.57,34.95
2016-10-20 18:00:00,0.0,28.44,28.44
2016-10-20 19:00:00,0.0,27.75,25.96
2016-10-20 20:00:00,0.0,27.21,23.4
2016-10-20 21:00:00,0.0,26.57,33.0
2016-10-20 22:00:00,0.0,26.51,56.64
2016-10-20 23:00:00,0.0,26.85,76.71
2016-10-21 00:00:00,0.0,26.61,79.0
2016-10-21 01:00:00,0.0,25.75,96.84
2016-10-21 02:00:00,0.0,25.04,67.89
2016-10-21 03:00:00,0.0,24.58,57.52
2016-10-21 04:00:00,0.0,24.23,52.84
2016-10-21 05:00:00,7.65,24.02,64.2
2016-10-21 06:00:00,112.38,25.05,75.46
2016-10-21 07:00:00,287.12,26.76,86.18
2016-10-21 08:00:00,455.42,28.51,97.8
2016-10-21 09:00:00,637.58,29.92,98.3
2016-10-21 10:00:00,647.58,31.18,88.48
2016-10-21 11:00:00,631.42,32.21,87.78
2016-10-21 12:00:00,586.88,32.87,96.37
2016-10-21 13:00:00,462.3,33.13,98.23
2016-10-21 14:00:00,360.4,32.89,96.74
2016-10-21 15:00:00,194.18,32.09,96.67
2016-10-21 16:00:00,54.8,30.83,98.36
2016-10-21 17:00:00,0.0,28.98,98.49
2016-10-21 18:00:00,0.0,28.03,98.73
2016-10-21 19:00:00,0.0,27.43,99.37
2016-10-21 20:00:00,0.0,26.97,93.75
2016-10-21 21:00:00,0.0,26.63,84.24
2016-10-21 22:00:00,0.0,26.37,90.91
2016-10-21 23:00:00,0.0,26.17,95.49
2016-10-22 00:00:00,0.0,26.0,99.06
2016-10-22 01:00:00,0.0,25.74,98.0
2016-10-22 02:00:00,0.0,25.37,90.03
2016-10-22 03:00:00,0.0,25.06,97.23
2016-10-22 04:00:00,0.0,24.83,89.93
2016-10-22 05:00:00,5.6,24.64,81.62
2016-10-22 06:00:00,95.75,25.36,72.88
2016-10-22 07:00:00,272.9,27.05,65.03
2016-10-22 08:00:00,479.55,28.94,57.23
2016-10-22 09:00:00,666.62,30.51,36.31
2016-10-22 10:00:00,765.72,31.67,18.37
2016-10-22 11:00:00,824.53,32.47,60.03
2016-10-22 12:00:00,761.65,32.69,53.93
2016-10-22 13:00:00,643.08,32.46,76.43
2016-10-22 14:00:00,449.17,32.02,95.62
2016-10-22 15:00:00,238.45,31.24,92.9
2016-10-22 16:00:00,75.5,29.96,91.81
2016-10-22 17:00:00,0.0,28.42,89.35
2016-10-22 18:00:00,0.0,27.61,93.37
2016-10-22 19:00:00,0.0,27.08,72.77
2016-10-22 20:00:00,0.0,26.68,78.54
2016-10-22 21:00:00,0.0,26.45,99.34
2016-10-22 22:00:00,0.0,26.34,55.51
2016-10-22 23:00:00,0.0,26.18,56.12
2016-10-23 00:00:00,0.0,25.88,45.02
2016-10-23 01:00:00,0.0,25.53,84.31
2016-10-23 02:00:00,0.0,25.23,32.25
2016-10-23 03:00:00,0.0,24.98,21.76
2016-10-23 04:00:00,0.0,24.8,28.95
2016-10-23 05:00:00,7.28,24.63,34.46
2016-10-23 06:00:00,122.5,25.4,40.58
2016-10-23 07:00:00,324.02,27.1,45.72
2016-10-23 08:00:00,513.25,28.96,51.71
2016-10-23 09:00:00,678.25,30.52,80.72
2016-10-23 10:00:00,753.33,31.72,61.77
2016-10-23 11:00:00,797.8,32.61,48.73
2016-10-23 12:00:00,681.12,33.2,81.94
2016-10-23 13:00:00,599.72,33.5,84.33
2016-10-23 14:00:00,417.88,33.31,84.69
2016-10-23 15:00:00,227.12,32.68,72.66
2016-10-23 16:00:00,67.75,31.15,60.57
2016-10-23 17:00:00,0.0,29.02,46.35
2016-10-23 18:00:00,0.0,28.02,26.99
2016-10-23 19:00:00,0.0,27.39,16.42
2016-10-23 20:00:00,0.0,26.87,18.8
2016-10-23 21:00:00,0.0,26.55,4.03
2016-10-23 22:00:00,0.0,26.42,48.65
2016-10-23 23:00:00,0.0,26.3,35.95
2016-10-24 00:00:00,0.0,26.05,22.8
2016-10-24 01:00:00,0.0,25.81,12.31
2016-10-24 02:00:00,0.0,25.52,1.61
2016-10-24 03:00:00,0.0,25.16,24.96
2016-10-24 04:00:00,0.0,24.64,26.62
2016-10-24 05:00:00,6.43,24.13,34.08
2016-10-24 06:00:00,104.25,25.06,39.72
2016-10-24 07:00:00,281.55,26.99,46.61
2016-10-24 08:00:00,489.27,28.95,53.4
2016-10-24 09:00:00,661.88,30.54,29.72
2016-10-24 10:00:00,794.4,31.78,17.87
2016-10-24 11:00:00,836.0,32.51,58.07
2016-10-24 12:00:00,768.28,32.81,62.22
2016-10-24 13:00:00,631.28,32.74,87.09
2016-10-24 14:00:00,471.2,32.28,86.05
2016-10-24 15:00:00,263.7,31.56,83.0
2016-10-24 16:00:00,78.88,30.25,80.29
2016-10-24 17:00:00,0.0,28.14,76.08
2016-10-24 18:00:00,0.0,27.28,61.66
2016-10-24 19:00:00,0.0,26.86,87.09
2016-10-24 20:00:00,0.0,26.49,61.96
2016-10-24 21:00:00,0.0,26.17,47.48
2016-10-24 22:00:00,0.0,25.96,89.98
2016-10-24 23:00:00,0.0,26.05,40.92
2016-10-25 00:00:00,0.0,26.45,23.25
2016-10-25 01:00:00,0.0,26.13,8.52
2016-10-25 02:00:00,0.0,25.36,16.87
2016-10-25 03:00:00,0.0,24.76,19.31
2016-10-25 04:00:00,0.0,24.36,46.65
2016-10-25 05:00:00,6.43,24.04,42.27
2016-10-25 06:00:00,108.35,24.75,36.8
2016-10-25 07:00:00,294.0,26.28,32.37
2016-10-25 08:00:00,492.0,28.18,27.4
2016-10-25 09:00:00,672.15,29.52,16.43
2016-10-25 10:00:00,769.0,30.43,20.01
2016-10-25 11:00:00,868.22,31.06,24.62
2016-10-25 12:00:00,769.38,31.56,31.68
2016-10-25 13:00:00,675.4,31.9,25.81
2016-10-25 14:00:00,492.95,32.01,24.99
2016-10-25 15:00:00,281.27,31.76,17.41
2016-10-25 16:00:00,85.95,30.81,11.09
2016-10-25 17:00:00,0.0,28.3,1.61
2016-10-25 18:00:00,0.0,27.27,9.03
2016-10-25 19:00:00,0.0,26.78,19.63
2016-10-25 20:00:00,0.0,26.36,16.22
2016-10-25 21:00:00,0.0,26.03,20.99
2016-10-25 22:00:00,0.0,25.81,1.61
2016-10-25 23:00:00,0.0,25.68,3.23
2016-10-26 00:00:00,0.0,25.91,88.13
2016-10-26 01:00:00,0.0,26.2,12.05
2016-10-26 02:00:00,0.0,25.79,16.88
2016-10-26 03:00:00,0.0,24.95,12.83
2016-10-26 04:00:00,0.0,24.23,10.45
2016-10-26 05:00:00,6.88,23.73,24.39
2016-10-26 06:00:00,118.97,24.58,37.58
2016-10-26 07:00:00,317.08,26.58,52.13
2016-10-26 08:00:00,526.75,28.82,66.15
2016-10-26 09:00:00,691.65,30.39,25.73
2016-10-26 10:00:00,817.67,31.62,35.19
2016-10-26 11:00:00,799.25,32.55,35.08
2016-10-26 12:00:00,739.83,33.22,26.17
2016-10-26 13:00:00,669.55,33.58,38.34
2016-10-26 14:00:00,479.0,33.46,34.12
2016-10-26 15:00:00,264.85,32.84,34.56
2016-10-26 16:00:00,76.8,31.4,35.65
2016-10-26 17:00:00,0.0,28.77,35.91
2016-10-26 18:00:00,0.0,27.67,58.58
2016-10-26 19:00:00,0.0,27.0,96.21
2016-10-26 20:00:00,0.0,26.37,48.11
2016-10-26 21:00:00,0.0,25.87,57.05
2016-10-26 22:00:00,0.0,25.51,99.83
2016-10-26 23:00:00,0.0,25.46,58.53
2016-10-27 00:00:00,0.0,25.64,74.56
2016-10-27 01:00:00,0.0,25.56,99.51
2016-10-27 02:00:00,0.0,25.17,86.61
2016-10-27 03:00:00,0.0,24.71,95.84
2016-10-27 04:00:00,0.0,24.43,96.74
2016-10-27 05:00:00,5.97,24.24,96.73
2016-10-27 06:00:00,83.0,24.92,98.21
2016-10-27 07:00:00,203.05,26.49,97.53
2016-10-27 08:00:00,297.5,28.56,96.79
2016-10-27 09:00:00,509.92,30.28,91.89
2016-10-27 10:00:00,600.22,31.91,95.49
2016-10-27 11:00:00,591.62,33.23,98.28
2016-10-27 12:00:00,580.22,34.1,97.77
2016-10-27 13:00:00,501.73,34.37,100.0
2016-10-27 14:00:00,327.45,34.16,98.87
2016-10-27 15:00:00,169.55,33.67,98.44
2016-10-27 16:00:00,37.08,32.23,100.0
2016-10-27 17:00:00,0.0,29.32,99.78
2016-10-27 18:00:00,0.0,27.96,98.93
2016-10-27 19:00:00,0.0,26.45,100.0
2016-10-27 20:00:00,0.0,25.26,100.0
2016-10-27 21:00:00,0.0,24.61,95.31
2016-10-27 22:00:00,0.0,24.32,66.56
2016-10-27 23:00:00,0.0,24.24,54.51
2016-10-28 00:00:00,0.0,24.3,78.74
2016-10-28 01:00:00,0.0,24.39,100.0
2016-10-28 02:00:00,0.0,24.33,99.98
2016-10-28 03:00:00,0.0,24.14,99.47
2016-10-28 04:00:00,0.0,23.93,100.0
2016-10-28 05:00:00,4.5,23.76,99.92
2016-10-28 06:00:00,64.05,24.6,100.0
2016-10-28 07:00:00,149.95,26.42,100.0
2016-10-28 08:00:00,200.07,29.0,100.0
2016-10-28 09:00:00,404.75,31.11,87.9
2016-10-28 10:00:00,501.58,32.64,87.88
2016-10-28 11:00:00,599.53,33.72,93.53
2016-10-28 12:00:00,488.6,34.48,82.12
2016-10-28 13:00:00,538.0,34.67,61.87
2016-10-28 14:00:00,403.02,34.55,60.88
2016-10-28 15:00:00,189.55,33.94,70.28
2016-10-28 16:00:00,48.3,32.15,82.15
2016-10-28 17:00:00,0.0,29.64,91.6
2016-10-28 18:00:00,0.0,28.37,89.08
2016-10-28 19:00:00,0.0,27.67,84.25
2016-10-28 20:00:00,0.0,27.28,98.71
2016-10-28 21:00:00,0.0,27.01,82.59
2016-10-28 22:00:00,0.0,26.79,94.84
2016-10-28 23:00:00,0.0,26.67,91.39
2016-10-29 00:00:00,0.0,26.47,99.9
2016-10-29 01:00:00,0.0,26.09,98.51
2016-10-29 02:00:00,0.0,25.79,96.58
2016-10-29 03:00:00,0.0,25.55,100.0
2016-10-29 04:00:00,0.0,25.38,100.0
2016-10-29 05:00:00,2.17,25.29,100.0
2016-10-29 06:00:00,35.67,25.95,100.0
2016-10-29 07:00:00,86.93,27.46,100.0
2016-10-29 08:00:00,151.85,29.35,99.31
2016-10-29 09:00:00,274.48,30.97,99.87
2016-10-29 10:00:00,394.67,32.27,100.0
2016-10-29 11:00:00,485.98,33.19,99.44
2016-10-29 12:00:00,513.97,33.68,99.32
2016-10-29 13:00:00,412.48,33.78,99.57
2016-10-29 14:00:00,288.52,33.39,99.64
2016-10-29 15:00:00,162.15,32.49,99.86
2016-10-29 16:00:00,47.35,31.08,100.0
2016-10-29 17:00:00,0.0,29.45,100.0
2016-10-29 18:00:00,0.0,28.36,100.0
2016-10-29 19:00:00,0.0,27.75,98.61
2016-10-29 20:00:00,0.0,27.37,100.0
2016-10-29 21:00:00,0.0,27.13,100.0
2016-10-29 22:00:00,0.0,26.86,86.0
2016-10-29 23:00:00,0.0,26.61,86.66
2016-10-30 00:00:00,0.0,26.37,66.88
2016-10-30 01:00:00,0.0,26.14,98.04
2016-10-30 02:00:00,0.0,25.98,86.86
2016-10-30 03:00:00,0.0,25.87,95.06
2016-10-30 04:00:00,0.0,25.9,98.41
2016-10-30 05:00:00,4.45,25.95,99.16
2016-10-30 06:00:00,76.18,26.09,99.04
2016-10-30 07:00:00,167.2,26.57,99.36
2016-10-30 08:00:00,276.25,27.22,99.99
2016-10-30 09:00:00,274.25,27.79,99.7
2016-10-30 10:00:00,275.85,28.2,99.75
2016-10-30 11:00:00,305.7,28.46,100.0
2016-10-30 12:00:00,302.95,28.67,100.0
2016-10-30 13:00:00,287.0,28.8,99.32
2016-10-30 14:00:00,213.45,28.88,99.06
2016-10-30 15:00:00,139.5,28.7,99.21
2016-10-30 16:00:00,39.8,28.1,98.21
2016-10-30 17:00:00,0.0,27.12,98.76
2016-10-30 18:00:00,0.0,26.6,100.0
2016-10-30 19:00:00,0.0,26.31,96.52
2016-10-30 20:00:00,0.0,26.05,71.88
2016-10-30 21:00:00,0.0,25.94,73.2
2016-10-30 22:00:00,0.0,25.81,96.68
2016-10-30 23:00:00,0.0,25.68,29.55
2016-10-31 00:00:00,0.0,25.52,93.85
2016-10-31 01:00:00,0.0,25.39,4.84
2016-10-31 02:00:00,0.0,25.27,2.42
2016-10-31 03:00:00,0.0,25.17,15.36
2016-10-31 04:00:00,0.0,25.12,26.63
2016-10-31 05:00:00,6.5,25.09,37.25
2016-10-31 06:00:00,103.25,25.92,52.65
2016-10-31 07:00:00,255.5,27.11,61.14
2016-10-31 08:00:00,413.42,28.38,69.49
2016-10-31 09:00:00,596.17,29.46,60.51
2016-10-31 10:00:00,692.85,30.38,46.97
2016-10-31 11:00:00,693.53,31.07,64.85
2016-10-31 12:00:00,614.25,31.48,70.39
2016-10-31 13:00:00,565.12,31.55,52.57
2016-10-31 14:00:00,417.98,31.24,58.81
2016-10-31 15:00:00,228.7,30.63,54.57
2016-10-31 16:00:00,66.57,29.57,51.05
2016-10-31 17:00:00,0.0,27.82,39.02
2016-10-31 18:00:00,0.0,26.82,38.94
2016-10-31 19:00:00,0.0,26.24,35.82
2016-10-31 20:00:00,0.0,25.75,35.59
2016-10-31 21:00:00,0.0,25.29,18.57
2016-10-31 22:00:00,0.0,24.92,15.31
2016-10-31 23:00:00,0.0,24.56,7.24
2016-11-01 00:00:00,0.0,24.24,8.04
2016-11-01 01:00:00,0.0,24.1,7.57
2016-11-01 02:00:00,0.0,24.1,13.7
2016-11-01 03:00:00,0.0,24.05,12.89
2016-11-01 04:00:00,0.0,24.07,9.67
2016-11-01 05:00:00,6.38,24.15,54.88
2016-11-01 06:00:00,118.57,25.12,55.73
2016-11-01 07:00:00,313.23,26.33,55.43
2016-11-01 08:00:00,506.45,27.82,55.5
2016-11-01 09:00:00,652.72,29.3,57.93
2016-11-01 10:00:00,621.35,30.39,72.53
2016-11-01 11:00:00,723.85,31.01,75.13
2016-11-01 12:00:00,652.97,31.28,80.76
2016-11-01 13:00:00,482.55,31.22,80.88
2016-11-01 14:00:00,312.38,30.85,90.12
2016-11-01 15:00:00,181.25,30.16,87.85
2016-11-01 16:00:00,44.72,29.2,87.74
2016-11-01 17:00:00,0.0,27.84,80.21
2016-11-01 18:00:00,0.0,27.07,85.81
2016-11-01 19:00:00,0.0,26.7,74.92
2016-11-01 20:00:00,0.0,26.44,88.9
2016-11-01 21:00:00,0.0,26.23,98.14
2016-11-01 22:00:00,0.0,26.04,94.25
2016-11-01 23:00:00,0.0,25.86,94.85
2016-11-02 00:00:00,0.0,25.78,99.85
2016-11-02 01:00:00,0.0,25.7,99.12
2016-11-02 02:00:00,0.0,25.6,98.69
2016-11-02 03:00:00,0.0,25.56,100.0
2016-11-02 04:00:00,0.0,25.55,100.0
2016-11-02 05:00:00,4.35,25.56,94.14
2016-11-02 06:00:00,94.88,26.07,83.72
2016-11-02 07:00:00,234.27,26.92,79.27
2016-11-02 08:00:00,392.08,27.95,73.61
2016-11-02 09:00:00,526.4,28.82,74.71
2016-11-02 10:00:00,615.42,29.1,71.89
2016-11-02 11:00:00,631.1,29.3,75.57
2016-11-02 12:00:00,608.95,29.21,81.52
2016-11-02 13:00:00,518.42,28.95,84.89
2016-11-02 14:00:00,397.15,28.71,80.79
2016-11-02 15:00:00,204.82,28.43,74.43
2016-11-02 16:00:00,57.62,27.86,70.03
2016-11-02 17:00:00,0.0,26.85,59.05
2016-11-02 18:00:00,0.0,26.42,37.62
2016-11-02 19:00:00,0.0,26.2,47.55
2016-11-02 20:00:00,0.0,25.98,82.3
2016-11-02 21:00:00,0.0,25.81,65.26
2016-11-02 22:00:00,0.0,25.65,98.16
2016-11-02 23:00:00,0.0,25.51,29.15
2016-11-03 00:00:00,0.0,25.4,12.9
2016-11-03 01:00:00,0.0,25.35,55.91
2016-11-03 02:00:00,0.0,25.26,27.58
2016-11-03 03:00:00,0.0,25.19,44.7
2016-11-03 04:00:00,0.0,25.24,48.51
2016-11-03 05:00:00,5.78,25.34,55.19
2016-11-03 06:00:00,107.82,25.77,64.7
2016-11-03 07:00:00,289.35,26.56,69.29
2016-11-03 08:00:00,464.2,27.71,74.98
2016-11-03 09:00:00,567.12,29.09,91.13
2016-11-03 10:00:00,528.78,30.08,99.33
2016-11-03 11:00:00,612.12,30.58,92.35
2016-11-03 12:00:00,522.17,30.7,99.85
2016-11-03 13:00:00,424.05,30.63,99.38
2016-11-03 14:00:00,286.05,30.33,99.0
2016-11-03 15:00:00,170.88,29.83,92.08
2016-11-03 16:00:00,48.7,29.05,84.27
2016-11-03 17:00:00,0.0,27.79,71.51
2016-11-03 18:00:00,0.0,27.13,67.32
2016-11-03 19:00:00,0.0,26.8,47.9
2016-11-03 20:00:00,0.0,26.56,58.23
2016-11-03 21:00:00,0.0,26.37,79.33
2016-11-03 22:00:00,0.0,26.17,53.28
2016-11-03 23:00:00,0.0,25.98,16.06
2016-11-04 00:00:00,0.0,25.79,4.03
2016-11-04 01:00:00,0.0,25.57,12.68
2016-11-04 02:00:00,0.0,25.37,12.0
2016-11-04 03:00:00,0.0,25.17,3.23
2016-11-04 04:00:00,0.0,24.95,0.81
2016-11-04 05:00:00,5.53,24.75,11.05
2016-11-04 06:00:00,119.5,25.2,22.37
2016-11-04 07:00:00,319.23,26.31,32.81
2016-11-04 08:00:00,515.47,28.26,43.0
2016-11-04 09:00:00,686.33,30.18,23.3
2016-11-04 10:00:00,797.58,31.79,35.08
2016-11-04 11:00:00,850.05,32.88,30.02
2016-11-04 12:00:00,791.35,33.58,28.4
2016-11-04 13:00:00,547.72,34.01,2.33
2016-11-04 14:00:00,499.12,34.02,28.61
2016-11-04 15:00:00,267.12,33.6,36.25
2016-11-04 16:00:00,70.72,32.06,46.78
2016-11-04 17:00:00,0.0,29.48,54.89
2016-11-04 18:00:00,0.0,28.46,71.18
2016-11-04 19:00:00,0.0,28.04,34.75
2016-11-04 20:00:00,0.0,28.07,11.27
2016-11-04 21:00:00,0.0,28.4,4.03
2016-11-04 22:00:00,0.0,27.28,22.64
2016-11-04 23:00:00,0.0,25.84,4.84
2016-11-05 00:00:00,0.0,25.18,19.37
2016-11-05 01:00:00,0.0,24.82,17.4
2016-11-05 02:00:00,0.0,24.5,3.23
2016-11-05 03:00:00,0.0,24.07,12.81
2016-11-05 04:00:00,0.0,23.67,24.94
2016-11-05 05:00:00,5.25,23.21,26.55
2016-11-05 06:00:00,113.7,23.86,26.97
2016-11-05 07:00:00,311.98,25.43,29.42
2016-11-05 08:00:00,520.97,28.03,32.1
2016-11-05 09:00:00,698.03,30.4,26.58
2016-11-05 10:00:00,783.6,31.78,32.41
2016-11-05 11:00:00,825.17,32.71,46.83
2016-11-05 12:00:00,741.05,33.34,71.6
2016-11-05 13:00:00,650.05,33.66,71.08
2016-11-05 14:00:00,480.58,33.55,42.08
2016-11-05 15:00:00,271.3,33.07,31.91
2016-11-05 16:00:00,73.38,31.75,23.24
2016-11-05 17:00:00,0.0,28.59,8.95
2016-11-05 18:00:00,0.0,27.3,10.52
2016-11-05 19:00:00,0.0,26.58,11.36
2016-11-05 20:00:00,0.0,26.03,17.75
2016-11-05 21:00:00,0.0,25.64,33.27
2016-11-05 22:00:00,0.0,25.32,5.61
2016-11-05 23:00:00,0.0,25.05,2.42
2016-11-06 00:00:00,0.0,24.69,4.03
2016-11-06 01:00:00,0.0,24.25,5.25
2016-11-06 02:00:00,0.0,23.85,1.61
2016-11-06 03:00:00,0.0,23.65,3.23
2016-11-06 04:00:00,0.0,23.33,4.84
2016-11-06 05:00:00,4.9,22.95,25.4
2016-11-06 06:00:00,100.3,23.8,46.76
2016-11-06 07:00:00,274.05,25.77,66.99
2016-11-06 08:00:00,458.88,28.46,87.18
2016-11-06 09:00:00,653.62,30.51,17.56
2016-11-06 10:00:00,784.47,31.98,29.63
2016-11-06 11:00:00,816.12,32.89,32.89
2016-11-06 12:00:00,696.22,33.46,31.65
2016-11-06 13:00:00,617.55,33.64,54.9
2016-11-06 14:00:00,450.52,33.35,64.58
2016-11-06 15:00:00,246.62,32.6,49.8
2016-11-06 16:00:00,65.4,31.03,35.69
2016-11-06 17:00:00,0.0,28.58,17.94
2016-11-06 18:00:00,0.0,27.65,2.42
2016-11-06 19:00:00,0.0,27.03,6.06
2016-11-06 20:00:00,0.0,26.48,9.8
2016-11-06 21:00:00,0.0,26.03,56.72
2016-11-06 22:00:00,0.0,25.7,90.21
2016-11-06 23:00:00,0.0,25.48,44.48
2016-11-07 00:00:00,0.0,25.26,71.77
2016-11-07 01:00:00,0.0,24.85,98.74
2016-11-07 02:00:00,0.0,24.44,27.95
2016-11-07 03:00:00,0.0,24.1,21.08
2016-11-07 04:00:00,0.0,23.78,15.38
2016-11-07 05:00:00,3.78,23.49,33.94
2016-11-07 06:00:00,79.15,24.22,50.81
2016-11-07 07:00:00,231.32,25.98,69.31
2016-11-07 08:00:00,419.83,28.14,88.63
2016-11-07 09:00:00,513.92,29.77,85.56
2016-11-07 10:00:00,563.97,30.96,74.72
2016-11-07 11:00:00,601.3,31.66,98.91
2016-11-07 12:00:00,535.65,32.12,98.24
2016-11-07 13:00:00,484.95,32.25,89.79
2016-11-07 14:00:00,384.48,31.97,75.82
2016-11-07 15:00:00,221.62,31.12,55.26
2016-11-07 16:00:00,62.3,30.01,35.83
2016-11-07 17:00:00,0.0,28.22,10.57
2016-11-07 18:00:00,0.0,27.36,2.42
2016-11-07 19:00:00,0.0,26.88,0.81
2016-11-07 20:00:00,0.0,26.38,0.81
2016-11-07 21:00:00,0.0,25.9,6.19
2016-11-07 22:00:00,0.0,25.52,1.61
2016-11-07 23:00:00,0.0,25.26,3.23
2016-11-08 00:00:00,0.0,25.26,3.23
2016-11-08 01:00:00,0.0,25.19,3.0
2016-11-08 02:00:00,0.0,24.82,2.42
2016-11-08 03:00:00,0.0,24.35,7.92
2016-11-08 04:00:00,0.0,24.04,12.79
2016-11-08 05:00:00,4.62,23.82,16.65
2016-11-08 06:00:00,105.5,24.68,18.5
2016-11-08 07:00:00,298.52,26.61,23.48
2016-11-08 08:00:00,500.42,28.5,28.35
2016-11-08 09:00:00,665.97,29.86,3.66
2016-11-08 10:00:00,765.83,30.94,26.26
2016-11-08 11:00:00,790.88,31.62,26.42
2016-11-08 12:00:00,708.53,31.98,40.95
2016-11-08 13:00:00,612.83,31.98,40.49
2016-11-08 14:00:00,439.42,31.52,30.89
2016-11-08 15:00:00,238.27,30.67,20.78
2016-11-08 16:00:00,60.17,29.36,11.14
2016-11-08 17:00:00,0.0,27.31,0.81
2016-11-08 18:00:00,0.0,26.48,6.44
2016-11-08 19:00:00,0.0,25.96,8.05
2016-11-08 20:00:00,0.0,25.46,12.05
2016-11-08 21:00:00,0.0,25.0,7.21
2016-11-08 22:00:00,0.0,24.58,2.7
2016-11-08 23:00:00,0.0,24.18,9.63
2016-11-09 00:00:00,0.0,23.81,1.29
2016-11-09 01:00:00,0.0,23.5,16.03
2016-11-09 02:00:00,0.0,23.29,16.03
2016-11-09 03:00:00,0.0,23.11,18.42
2016-11-09 04:00:00,0.0,22.77,16.01
2016-11-09 05:00:00,4.28,22.26,19.89
2016-11-09 06:00:00,100.88,22.87,21.2
2016-11-09 07:00:00,291.15,25.2,25.86
2016-11-09 08:00:00,503.12,27.51,31.02
2016-11-09 09:00:00,666.75,29.0,27.7
2016-11-09 10:00:00,772.97,30.08,1.43
2016-11-09 11:00:00,820.33,31.05,27.37
2016-11-09 12:00:00,767.42,31.48,25.52
2016-11-09 13:00:00,652.72,31.49,16.48
2016-11-09 14:00:00,459.25,31.03,37.93
2016-11-09 15:00:00,254.05,30.16,26.45
2016-11-09 16:00:00,64.57,28.73,14.97
2016-11-09 17:00:00,0.0,26.02,2.42
2016-11-09 18:00:00,0.0,25.04,1.61
2016-11-09 19:00:00,0.0,24.54,0.81
2016-11-09 20:00:00,0.0,24.08,2.42
2016-11-09 21:00:00,0.0,23.68,3.23
2016-11-09 22:00:00,0.0,23.35,3.85
2016-11-09 23:00:00,0.0,23.1,8.78
2016-11-10 00:00:00,0.0,22.89,10.38
2016-11-10 01:00:00,0.0,22.7,2.12
2016-11-10 02:00:00,0.0,22.51,15.23
2016-11-10 03:00:00,0.0,22.3,14.42
2016-11-10 04:00:00,0.0,22.07,9.57
2016-11-10 05:00:00,4.55,21.86,12.23
2016-11-10 06:00:00,116.47,22.83,13.38
2016-11-10 07:00:00,325.05,24.96,18.26
2016-11-10 08:00:00,528.17,27.14,22.32
2016-11-10 09:00:00,700.5,28.61,22.33
2016-11-10 10:00:00,799.0,29.8,22.65
2016-11-10 11:00:00,813.67,30.61,23.11
2016-11-10 12:00:00,745.1,31.08,23.41
2016-11-10 13:00:00,643.28,31.19,26.26
2016-11-10 14:00:00,462.6,30.81,30.62
2016-11-10 15:00:00,256.27,29.98,24.27
2016-11-10 16:00:00,65.1,28.63,17.24
2016-11-10 17:00:00,0.0,26.39,10.48
2016-11-10 18:00:00,0.0,25.41,4.03
2016-11-10 19:00:00,0.0,24.81,4.03
2016-11-10 20:00:00,0.0,24.31,4.03
2016-11-10 21:00:00,0.0,23.91,5.58
2016-11-10 22:00:00,0.0,23.59,5.58
2016-11-10 23:00:00,0.0,23.37,7.19
2016-11-11 00:00:00,0.0,23.27,64.1
2016-11-11 01:00:00,0.0,23.26,13.64
2016-11-11 02:00:00,0.0,23.35,14.45
2016-11-11 03:00:00,0.0,23.36,16.06
2016-11-11 04:00:00,0.0,23.16,15.24
2016-11-11 05:00:00,4.38,22.83,22.31
2016-11-11 06:00:00,114.55,23.51,28.99
2016-11-11 07:00:00,315.4,25.31,37.01
2016-11-11 08:00:00,519.28,27.01,44.63
2016-11-11 09:00:00,685.95,28.39,31.51
2016-11-11 10:00:00,756.3,29.66,20.75
2016-11-11 11:00:00,782.83,30.55,23.59
2016-11-11 12:00:00,721.2,31.09,33.87
2016-11-11 13:00:00,624.65,31.2,17.81
2016-11-11 14:00:00,432.3,30.86,49.59
2016-11-11 15:00:00,220.18,30.08,46.92
2016-11-11 16:00:00,54.25,28.83,48.65
2016-11-11 17:00:00,0.0,27.09,46.68
2016-11-11 18:00:00,0.0,26.2,34.65
2016-11-11 19:00:00,0.0,25.66,6.39
2016-11-11 20:00:00,0.0,25.17,7.99
2016-11-11 21:00:00,0.0,24.72,19.2
2016-11-11 22:00:00,0.0,24.3,41.05
2016-11-11 23:00:00,0.0,23.95,14.41
2016-11-12 00:00:00,0.0,23.64,27.3
2016-11-12 01:00:00,0.0,23.41,12.11
2016-11-12 02:00:00,0.0,23.29,11.25
2016-11-12 03:00:00,0.0,23.15,23.11
2016-11-12 04:00:00,0.0,22.96,34.94
2016-11-12 05:00:00,4.0,22.8,46.77
2016-11-12 06:00:00,99.8,23.74,58.49
2016-11-12 07:00:00,281.65,25.62,70.43
2016-11-12 08:00:00,462.23,27.34,82.18
2016-11-12 09:00:00,598.7,28.78,71.08
2016-11-12 10:00:00,699.08,30.1,50.02
2016-11-12 11:00:00,710.53,30.96,73.89
2016-11-12 12:00:00,570.05,31.54,87.59
2016-11-12 13:00:00,546.88,31.71,27.3
2016-11-12 14:00:00,323.55,31.4,82.43
2016-11-12 15:00:00,185.23,30.67,83.1
2016-11-12 16:00:00,44.58,29.48,84.96
2016-11-12 17:00:00,0.0,27.82,84.16
2016-11-12 18:00:00,0.0,26.92,100.0
2016-11-12 19:00:00,0.0,26.37,99.61
2016-11-12 20:00:00,0.0,25.99,95.58
2016-11-12 21:00:00,0.0,25.67,99.36
2016-11-12 22:00:00,0.0,25.41,91.69
2016-11-12 23:00:00,0.0,25.19,92.14
2016-11-13 00:00:00,0.0,24.99,98.73
2016-11-13 01:00:00,0.0,24.85,85.74
2016-11-13 02:00:00,0.0,24.8,98.87
2016-11-13 03:00:00,0.0,24.78,69.66
2016-11-13 04:00:00,0.0,24.75,67.77
2016-11-13 05:00:00,2.83,24.72,74.96
2016-11-13 06:00:00,70.2,25.25,82.03
2016-11-13 07:00:00,211.43,26.3,87.67
2016-11-13 08:00:00,370.05,27.67,94.18
2016-11-13 09:00:00,548.38,29.01,82.72
2016-11-13 10:00:00,655.38,30.1,69.13
2016-11-13 11:00:00,740.83,30.78,59.85
2016-11-13 12:00:00,661.12,30.95,50.74
2016-11-13 13:00:00,566.22,30.98,62.17
2016-11-13 14:00:00,411.12,30.3,68.21
2016-11-13 15:00:00,222.82,29.54,61.58
2016-11-13 16:00:00,57.1,28.61,56.82
2016-11-13 17:00:00,0.0,27.47,44.32
2016-11-13 18:00:00,0.0,26.89,24.98
2016-11-13 19:00:00,0.0,26.56,27.36
2016-11-13 20:00:00,0.0,26.29,7.98
2016-11-13 21:00:00,0.0,26.04,5.57
2016-11-13 22:00:00,0.0,25.85,65.22
2016-11-13 23:00:00,0.0,25.66,10.42
2016-11-14 00:00:00,0.0,25.51,18.51
2016-11-14 01:00:00,0.0,25.34,46.19
2016-11-14 02:00:00,0.0,25.19,9.61
2016-11-14 03:00:00,0.0,25.09,8.68
2016-11-14 04:00:00,0.0,24.98,26.37
2016-11-14 05:00:00,4.25,24.9,26.2
2016-11-14 06:00:00,118.32,25.79,30.55
2016-11-14 07:00:00,330.52,27.22,28.74
2016-11-14 08:00:00,535.53,28.73,30.05
2016-11-14 09:00:00,703.15,30.12,25.15
2016-11-14 10:00:00,817.53,31.2,12.71
2016-11-14 11:00:00,836.5,31.93,24.67
2016-11-14 12:00:00,776.38,32.25,26.75
2016-11-14 13:00:00,654.42,32.23,52.76
2016-11-14 14:00:00,471.0,31.86,55.82
2016-11-14 15:00:00,266.58,31.06,42.48
2016-11-14 16:00:00,76.68,29.77,30.45
2016-11-14 17:00:00,0.0,27.86,8.86
2016-11-14 18:00:00,0.0,26.91,44.47
2016-11-14 19:00:00,0.0,26.33,71.9
2016-11-14 20:00:00,0.0,25.87,64.77
2016-11-14 21:00:00,0.0,25.49,83.41
2016-11-14 22:00:00,0.0,25.15,33.14
2016-11-14 23:00:00,0.0,25.0,32.37
2016-11-15 00:00:00,0.0,24.88,28.97
2016-11-15 01:00:00,0.0,24.73,16.36
2016-11-15 02:00:00,0.0,24.67,3.23
2016-11-15 03:00:00,0.0,24.62,2.02
2016-11-15 04:00:00,0.0,24.52,0.81
2016-11-15 05:00:00,4.28,24.41,8.03
2016-11-15 06:00:00,125.55,25.2,21.57
2016-11-15 07:00:00,331.75,26.8,26.79
2016-11-15 08:00:00,527.3,28.23,31.49
2016-11-15 09:00:00,689.47,29.64,25.47
2016-11-15 10:00:00,812.53,30.81,27.13
2016-11-15 11:00:00,823.42,31.62,22.35
2016-11-15 12:00:00,769.97,32.02,19.64
2016-11-15 13:00:00,640.5,31.98,32.59
2016-11-15 14:00:00,461.95,31.51,36.0
2016-11-15 15:00:00,249.52,30.72,27.94
2016-11-15 16:00:00,63.17,29.5,20.68
2016-11-15 17:00:00,0.0,27.91,10.68
2016-11-15 18:00:00,0.0,27.17,18.77
2016-11-15 19:00:00,0.0,26.75,9.0
2016-11-15 20:00:00,0.0,26.42,0.81
2016-11-15 21:00:00,0.0,26.11,32.37
2016-11-15 22:00:00,0.0,25.86,65.1
2016-11-15 23:00:00,0.0,25.72,2.42
2016-11-16 00:00:00,0.0,25.61,70.88
2016-11-16 01:00:00,0.0,25.5,12.11
2016-11-16 02:00:00,0.0,25.36,10.46
2016-11-16 03:00:00,0.0,25.21,4.03
2016-11-16 04:00:00,0.0,25.06,14.83
2016-11-16 05:00:00,3.1,24.9,25.61
2016-11-16 06:00:00,90.57,25.59,36.88
2016-11-16 07:00:00,266.88,26.85,47.94
2016-11-16 08:00:00,451.15,28.35,58.66
2016-11-16 09:00:00,627.78,29.75,38.98
2016-11-16 10:00:00,735.78,30.79,22.55
2016-11-16 11:00:00,735.7,31.39,52.53
2016-11-16 12:00:00,681.95,31.62,58.83
2016-11-16 13:00:00,582.7,31.46,37.08
2016-11-16 14:00:00,419.05,31.04,32.63
2016-11-16 15:00:00,223.07,30.27,24.82
2016-11-16 16:00:00,55.78,29.1,16.5
2016-11-16 17:00:00,0.0,27.62,6.44
2016-11-16 18:00:00,0.0,26.89,0.81
2016-11-16 19:00:00,0.0,26.5,2.82
2016-11-16 20:00:00,0.0,26.27,4.84
2016-11-16 21:00:00,0.0,26.12,8.88
2016-11-16 22:00:00,0.0,26.0,19.42
2016-11-16 23:00:00,0.0,25.9,36.59
2016-11-17 00:00:00,0.0,25.71,35.25
2016-11-17 01:00:00,0.0,25.57,51.76
2016-11-17 02:00:00,0.0,25.47,34.17
2016-11-17 03:00:00,0.0,25.42,32.45
2016-11-17 04:00:00,0.0,25.42,37.31
2016-11-17 05:00:00,2.5,25.4,50.6
2016-11-17 06:00:00,72.22,25.87,63.61
2016-11-17 07:00:00,205.93,26.79,75.85
2016-11-17 08:00:00,398.15,27.92,89.47
2016-11-17 09:00:00,579.67,29.53,80.86
2016-11-17 10:00:00,658.78,30.75,71.53
2016-11-17 11:00:00,714.55,31.38,70.33
2016-11-17 12:00:00,637.58,31.71,48.89
2016-11-17 13:00:00,541.62,31.62,79.0
2016-11-17 14:00:00,396.1,31.09,71.6
2016-11-17 15:00:00,207.0,30.19,56.2
2016-11-17 16:00:00,52.92,28.93,43.07
2016-11-17 17:00:00,0.0,27.46,24.54
2016-11-17 18:00:00,0.0,26.81,38.58
2016-11-17 19:00:00,0.0,26.54,69.27
2016-11-17 20:00:00,0.0,26.29,60.19
2016-11-17 21:00:00,0.0,26.05,96.61
2016-11-17 22:00:00,0.0,25.81,78.12
2016-11-17 23:00:00,0.0,25.58,71.2
2016-11-18 00:00:00,0.0,25.41,68.42
2016-11-18 01:00:00,0.0,25.27,35.39
2016-11-18 02:00:00,0.0,25.14,69.23
2016-11-18 03:00:00,0.0,25.01,59.56
2016-11-18 04:00:00,0.0,24.9,49.14
2016-11-18 05:00:00,2.62,24.8,61.2
2016-11-18 06:00:00,77.68,25.22,72.44
2016-11-18 07:00:00,222.2,26.66,84.42
2016-11-18 08:00:00,432.88,28.17,96.93
2016-11-18 09:00:00,567.4,29.46,82.84
2016-11-18 10:00:00,662.7,30.42,97.57
2016-11-18 11:00:00,686.05,31.08,100.0
2016-11-18 12:00:00,644.28,31.23,99.99
2016-11-18 13:00:00,502.55,30.76,99.65
2016-11-18 14:00:00,387.58,30.07,99.96
2016-11-18 15:00:00,192.25,29.27,80.49
2016-11-18 16:00:00,51.4,28.27,61.47
2016-11-18 17:00:00,0.0,26.83,40.06
2016-11-18 18:00:00,0.0,26.0,80.19
2016-11-18 19:00:00,0.0,25.51,100.0
2016-11-18 20:00:00,0.0,25.09,98.67
2016-11-18 21:00:00,0.0,24.76,98.73
2016-11-18 22:00:00,0.0,24.45,99.86
2016-11-18 23:00:00,0.0,24.15,99.83
2016-11-19 00:00:00,0.0,23.86,96.17
2016-11-19 01:00:00,0.0,23.57,98.3
2016-11-19 02:00:00,0.0,23.3,93.1
2016-11-19 03:00:00,0.0,23.11,91.6
2016-11-19 04:00:00,0.0,22.99,86.91
2016-11-19 05:00:00,0.0,22.94,68.66
2016-11-19 06:00:00,86.68,23.85,78.08
2016-11-19 07:00:00,229.75,25.58,87.09
2016-11-19 08:00:00,379.4,27.0,95.62
2016-11-19 09:00:00,557.72,28.04,94.78
2016-11-19 10:00:00,640.22,28.88,93.7
2016-11-19 11:00:00,686.9,29.43,97.38
2016-11-19 12:00:00,652.25,29.82,98.1
2016-11-19 13:00:00,505.23,30.05,97.75
2016-11-19 14:00:00,311.83,29.93,97.4
2016-11-19 15:00:00,170.02,29.31,98.78
2016-11-19 16:00:00,43.45,28.2,99.9
2016-11-19 17:00:00,0.0,26.2,99.0
2016-11-19 18:00:00,0.0,25.32,99.53
2016-11-19 19:00:00,0.0,24.84,99.01
2016-11-19 20:00:00,0.0,24.44,99.67
2016-11-19 21:00:00,0.0,24.07,99.86
2016-11-19 22:00:00,0.0,23.79,94.51
2016-11-19 23:00:00,0.0,23.57,89.69
2016-11-20 00:00:00,0.0,23.37,73.65
2016-11-20 01:00:00,0.0,23.19,69.44
2016-11-20 02:00:00,0.0,23.04,93.53
2016-11-20 03:00:00,0.0,22.9,100.0
2016-11-20 04:00:00,0.0,22.85,100.0
2016-11-20 05:00:00,0.0,22.82,81.24
2016-11-20 06:00:00,102.88,23.47,72.62
2016-11-20 07:00:00,291.67,24.76,64.53
2016-11-20 08:00:00,491.83,26.21,57.49
2016-11-20 09:00:00,619.95,27.28,67.66
2016-11-20 10:00:00,722.7,28.12,73.4
2016-11-20 11:00:00,755.08,28.84,64.03
2016-11-20 12:00:00,710.2,29.43,61.31
2016-11-20 13:00:00,593.88,29.97,53.12
2016-11-20 14:00:00,400.83,29.94,86.62
2016-11-20 15:00:00,207.18,29.31,89.39
2016-11-20 16:00:00,51.4,28.21,92.69
2016-11-20 17:00:00,0.0,26.33,94.37
2016-11-20 18:00:00,0.0,25.55,97.41
2016-11-20 19:00:00,0.0,25.13,95.39
2016-11-20 20:00:00,0.0,24.73,99.25
2016-11-20 21:00:00,0.0,24.36,79.54
2016-11-20 22:00:00,0.0,24.04,96.23
2016-11-20 23:00:00,0.0,23.79,87.88
2016-11-21 00:00:00,0.0,23.59,78.98
2016-11-21 01:00:00,0.0,23.37,91.18
2016-11-21 02:00:00,0.0,23.13,67.91
2016-11-21 03:00:00,0.0,22.91,56.58
2016-11-21 04:00:00,0.0,22.74,64.83
2016-11-21 05:00:00,0.0,22.59,73.66
2016-11-21 06:00:00,101.18,23.51,69.25
2016-11-21 07:00:00,278.95,25.6,65.8
2016-11-21 08:00:00,466.25,27.4,61.72
2016-11-21 09:00:00,624.2,28.76,60.71
2016-11-21 10:00:00,704.75,29.99,76.16
2016-11-21 11:00:00,753.88,30.83,71.72
2016-11-21 12:00:00,708.1,31.19,72.14
2016-11-21 13:00:00,590.5,31.16,81.48
2016-11-21 14:00:00,421.95,30.63,87.24
2016-11-21 15:00:00,226.07,29.71,78.13
2016-11-21 16:00:00,58.2,28.32,70.4
2016-11-21 17:00:00,0.0,26.34,58.61
2016-11-21 18:00:00,0.0,25.28,62.41
2016-11-21 19:00:00,0.0,24.58,58.38
2016-11-21 20:00:00,0.0,23.98,36.58
2016-11-21 21:00:00,0.0,23.5,46.61
2016-11-21 22:00:00,0.0,23.06,54.02
2016-11-21 23:00:00,0.0,22.65,50.79
2016-11-22 00:00:00,0.0,22.3,42.7
2016-11-22 01:00:00,0.0,22.04,49.16
2016-11-22 02:00:00,0.0,21.84,32.23
2016-11-22 03:00:00,0.0,21.62,34.68
2016-11-22 04:00:00,0.0,21.46,42.03
2016-11-22 05:00:00,0.0,21.39,33.2
2016-11-22 06:00:00,106.1,22.35,36.69
2016-11-22 07:00:00,290.67,24.41,42.72
2016-11-22 08:00:00,498.4,26.56,47.87
2016-11-22 09:00:00,670.9,28.18,34.0
2016-11-22 10:00:00,758.15,29.56,65.01
2016-11-22 11:00:00,769.05,30.55,55.28
2016-11-22 12:00:00,721.28,31.12,30.84
2016-11-22 13:00:00,616.58,31.18,48.07
2016-11-22 14:00:00,452.85,30.75,35.82
2016-11-22 15:00:00,251.55,29.81,25.92
2016-11-22 16:00:00,63.83,28.32,16.68
2016-11-22 17:00:00,0.0,26.44,2.42
2016-11-22 18:00:00,0.0,25.43,1.61
2016-11-22 19:00:00,0.0,24.86,0.81
2016-11-22 20:00:00,0.0,24.35,0.81
2016-11-22 21:00:00,0.0,23.75,4.03
2016-11-22 22:00:00,0.0,23.16,0.96
2016-11-22 23:00:00,0.0,22.67,17.68
2016-11-23 00:00:00,0.0,22.24,20.06
2016-11-23 01:00:00,0.0,21.87,4.3
2016-11-23 02:00:00,0.0,21.55,20.03
2016-11-23 03:00:00,0.0,21.27,20.84
2016-11-23 04:00:00,0.0,21.04,21.63
2016-11-23 05:00:00,0.0,20.83,15.18
2016-11-23 06:00:00,107.4,21.79,17.82
2016-11-23 07:00:00,304.6,24.23,20.9
2016-11-23 08:00:00,516.4,26.22,23.11
2016-11-23 09:00:00,688.7,27.99,23.16
2016-11-23 10:00:00,678.1,29.49,0.78
2016-11-23 11:00:00,807.58,30.55,23.82
2016-11-23 12:00:00,754.03,31.07,27.83
2016-11-23 13:00:00,639.25,31.1,12.13
2016-11-23 14:00:00,461.52,30.62,28.17
2016-11-23 15:00:00,257.35,29.68,20.72
2016-11-23 16:00:00,63.45,28.21,13.88
2016-11-23 17:00:00,0.0,25.67,4.03
2016-11-23 18:00:00,0.0,24.6,0.81
2016-11-23 19:00:00,0.0,24.02,7.28
2016-11-23 20:00:00,0.0,23.51,3.23
2016-11-23 21:00:00,0.0,23.05,16.39
2016-11-23 22:00:00,0.0,22.61,4.84
2016-11-23 23:00:00,0.0,22.24,5.68
2016-11-24 00:00:00,0.0,21.91,25.85
2016-11-24 01:00:00,0.0,21.62,36.21
2016-11-24 02:00:00,0.0,21.37,0.81
2016-11-24 03:00:00,0.0,21.15,28.24
2016-11-24 04:00:00,0.0,20.97,27.43
2016-11-24 05:00:00,0.0,20.78,12.13
2016-11-24 06:00:00,95.38,21.89,28.98
2016-11-24 07:00:00,263.05,24.36,47.71
2016-11-24 08:00:00,458.75,26.07,64.73
2016-11-24 09:00:00,645.92,27.51,30.35
2016-11-24 10:00:00,757.8,28.79,29.64
2016-11-24 11:00:00,777.42,29.8,26.97
2016-11-24 12:00:00,716.9,30.33,29.17
2016-11-24 13:00:00,609.83,30.42,32.84
2016-11-24 14:00:00,443.17,29.96,29.56
2016-11-24 15:00:00,240.43,29.11,20.13
2016-11-24 16:00:00,60.15,27.77,12.64
2016-11-24 17:00:00,0.0,25.84,0.81
2016-11-24 18:00:00,0.0,24.81,11.34
2016-11-24 19:00:00,0.0,24.15,11.31
2016-11-24 20:00:00,0.0,23.51,12.1
2016-11-24 21:00:00,0.0,22.95,11.29
2016-11-24 22:00:00,0.0,22.47,17.12
2016-11-24 23:00:00,0.0,22.1,34.68
2016-11-25 00:00:00,0.0,21.88,22.18
2016-11-25 01:00:00,0.0,21.76,18.53
2016-11-25 02:00:00,0.0,21.62,12.89
2016-11-25 03:00:00,0.0,21.49,23.37
2016-11-25 04:00:00,0.0,21.42,14.51
2016-11-25 05:00:00,0.0,21.38,19.34
2016-11-25 06:00:00,91.53,22.24,22.81
2016-11-25 07:00:00,277.6,24.23,28.96
2016-11-25 08:00:00,473.08,26.34,34.48
2016-11-25 09:00:00,641.92,27.89,23.71
2016-11-25 10:00:00,709.2,29.2,2.0
2016-11-25 11:00:00,790.3,30.32,26.07
2016-11-25 12:00:00,742.97,30.9,28.69
2016-11-25 13:00:00,611.08,30.98,0.81
2016-11-25 14:00:00,461.4,30.53,29.27
2016-11-25 15:00:00,258.23,29.64,21.15
2016-11-25 16:00:00,65.78,28.26,13.45
2016-11-25 17:00:00,0.0,26.02,4.84
2016-11-25 18:00:00,0.0,24.97,0.81
2016-11-25 19:00:00,0.0,24.29,3.23
2016-11-25 20:00:00,0.0,23.69,8.17
2016-11-25 21:00:00,0.0,23.17,34.0
2016-11-25 22:00:00,0.0,22.72,59.68
2016-11-25 23:00:00,0.0,22.39,24.28
2016-11-26 00:00:00,0.0,22.13,37.93
2016-11-26 01:00:00,0.0,21.94,25.74
2016-11-26 02:00:00,0.0,21.72,38.75
2016-11-26 03:00:00,0.0,21.3,29.87
2016-11-26 04:00:00,0.0,20.83,16.92
2016-11-26 05:00:00,0.0,20.47,15.29
2016-11-26 06:00:00,98.18,21.31,21.69
2016-11-26 07:00:00,280.6,23.48,29.87
2016-11-26 08:00:00,490.45,25.88,36.35
2016-11-26 09:00:00,638.15,27.62,26.25
2016-11-26 10:00:00,735.67,29.11,35.73
2016-11-26 11:00:00,770.8,30.1,25.27
2016-11-26 12:00:00,675.75,30.67,51.23
2016-11-26 13:00:00,618.05,30.8,30.57
2016-11-26 14:00:00,448.9,30.45,28.99
2016-11-26 15:00:00,251.57,29.62,22.24
2016-11-26 16:00:00,64.75,28.22,15.69
2016-11-26 17:00:00,0.0,25.93,6.55
2016-11-26 18:00:00,0.0,24.85,4.84
2016-11-26 19:00:00,0.0,24.09,17.04
2016-11-26 20:00:00,0.0,23.4,22.65
2016-11-26 21:00:00,0.0,22.81,10.0
2016-11-26 22:00:00,0.0,22.45,14.51
2016-11-26 23:00:00,0.0,22.28,13.7
2016-11-27 00:00:00,0.0,22.0,50.04
2016-11-27 01:00:00,0.0,21.45,25.05
2016-11-27 02:00:00,0.0,20.9,51.73
2016-11-27 03:00:00,0.0,20.44,60.72
2016-11-27 04:00:00,0.0,20.01,72.09
2016-11-27 05:00:00,0.0,19.61,71.35
2016-11-27 06:00:00,85.47,20.5,81.12
2016-11-27 07:00:00,244.1,23.05,90.32
2016-11-27 08:00:00,439.58,25.62,99.6
2016-11-27 09:00:00,605.22,27.95,93.89
2016-11-27 10:00:00,676.78,29.77,95.87
2016-11-27 11:00:00,739.6,31.04,83.75
2016-11-27 12:00:00,708.38,31.81,72.9
2016-11-27 13:00:00,614.92,32.02,83.27
2016-11-27 14:00:00,453.45,31.57,36.34
2016-11-27 15:00:00,259.33,30.58,24.79
2016-11-27 16:00:00,68.07,28.97,15.68
2016-11-27 17:00:00,0.0,26.27,5.72
2016-11-27 18:00:00,0.0,25.06,16.2
2016-11-27 19:00:00,0.0,24.2,13.74
2016-11-27 20:00:00,0.0,23.45,6.46
2016-11-27 21:00:00,0.0,22.91,7.28
2016-11-27 22:00:00,0.0,22.74,73.5
2016-11-27 23:00:00,0.0,22.8,45.39
2016-11-28 00:00:00,0.0,22.63,70.59
2016-11-28 01:00:00,0.0,21.81,99.93
2016-11-28 02:00:00,0.0,21.07,95.72
2016-11-28 03:00:00,0.0,20.62,100.0
2016-11-28 04:00:00,0.0,20.34,96.44
2016-11-28 05:00:00,0.0,20.09,79.46
2016-11-28 06:00:00,92.5,20.88,77.03
2016-11-28 07:00:00,270.58,23.42,74.96
2016-11-28 08:00:00,471.65,25.76,72.8
2016-11-28 09:00:00,622.92,28.09,69.9
2016-11-28 10:00:00,707.8,29.95,93.32
2016-11-28 11:00:00,692.05,31.25,96.56
2016-11-28 12:00:00,578.5,31.99,98.3
2016-11-28 13:00:00,471.8,32.23,100.0
2016-11-28 14:00:00,332.1,31.86,98.03
2016-11-28 15:00:00,189.57,30.92,98.01
2016-11-28 16:00:00,48.2,29.31,97.81
2016-11-28 17:00:00,0.0,26.65,100.0
2016-11-28 18:00:00,0.0,25.41,93.4
2016-11-28 19:00:00,0.0,24.49,82.7
2016-11-28 20:00:00,0.0,23.74,66.48
2016-11-28 21:00:00,0.0,23.16,71.09
2016-11-28 22:00:00,0.0,22.77,30.02
2016-11-28 23:00:00,0.0,22.69,29.85
2016-11-29 00:00:00,0.0,22.62,24.09
2016-11-29 01:00:00,0.0,22.24,17.61
2016-11-29 02:00:00,0.0,21.63,38.02
2016-11-29 03:00:00,0.0,21.02,17.69
2016-11-29 04:00:00,0.0,20.55,20.14
2016-11-29 05:00:00,0.0,20.14,17.84
2016-11-29 06:00:00,83.57,20.87,48.94
2016-11-29 07:00:00,236.5,23.19,73.88
2016-11-29 08:00:00,400.7,25.56,99.32
2016-11-29 09:00:00,518.25,27.82,99.91
2016-11-29 10:00:00,607.05,29.75,98.36
2016-11-29 11:00:00,665.72,31.05,98.25
2016-11-29 12:00:00,616.75,31.74,93.69
2016-11-29 13:00:00,529.25,31.87,99.47
2016-11-29 14:00:00,360.5,31.25,95.14
2016-11-29 15:00:00,206.93,30.02,91.5
2016-11-29 16:00:00,52.03,28.46,81.48
2016-11-29 17:00:00,0.0,26.54,71.27
2016-11-29 18:00:00,0.0,25.52,52.66
2016-11-29 19:00:00,0.0,24.83,41.25
2016-11-29 20:00:00,0.0,24.16,24.73
2016-11-29 21:00:00,0.0,23.64,58.02
2016-11-29 22:00:00,0.0,23.22,94.29
2016-11-29 23:00:00,0.0,22.86,82.74
2016-11-30 00:00:00,0.0,22.55,92.75
2016-11-30 01:00:00,0.0,22.34,99.11
2016-11-30 02:00:00,0.0,22.19,98.15
2016-11-30 03:00:00,0.0,21.74,87.73
2016-11-30 04:00:00,0.0,21.21,89.38
2016-11-30 05:00:00,0.0,20.94,75.18
2016-11-30 06:00:00,65.7,21.9,83.48
2016-11-30 07:00:00,200.52,24.07,89.72
2016-11-30 08:00:00,333.55,25.58,94.55
2016-11-30 09:00:00,541.85,26.84,90.5
2016-11-30 10:00:00,662.75,28.03,59.19
2016-11-30 11:00:00,709.8,29.03,65.42
2016-11-30 12:00:00,673.47,29.72,79.88
2016-11-30 13:00:00,586.33,29.99,80.66
2016-11-30 14:00:00,427.75,29.72,80.93
2016-11-30 15:00:00,224.6,29.01,85.65
2016-11-30 16:00:00,58.12,27.95,91.68
2016-11-30 17:00:00,0.0,26.51,98.56
2016-11-30 18:00:00,0.0,25.74,99.32
2016-11-30 19:00:00,0.0,25.3,60.88
2016-11-30 20:00:00,0.0,24.95,46.25
2016-11-30 21:00:00,0.0,24.63,95.36
2016-11-30 22:00:00,0.0,24.27,99.91
2016-11-30 23:00:00,0.0,23.91,100.0
2016-12-01 00:00:00,0.0,23.62,100.0
2016-12-01 01:00:00,0.0,23.43,99.82
2016-12-01 02:00:00,0.0,23.3,95.84
2016-12-01 03:00:00,0.0,23.23,98.54
2016-12-01 04:00:00,0.0,23.29,99.95
2016-12-01 05:00:00,0.0,23.27,99.77
2016-12-01 06:00:00,38.8,23.34,100.0
2016-12-01 07:00:00,126.8,23.75,100.0
2016-12-01 08:00:00,56.53,24.49,99.43
2016-12-01 09:00:00,130.43,25.44,98.99
2016-12-01 10:00:00,89.57,26.15,99.46
2016-12-01 11:00:00,169.0,26.61,99.95
2016-12-01 12:00:00,345.85,26.75,96.09
2016-12-01 13:00:00,306.85,26.59,94.22
2016-12-01 14:00:00,224.4,26.35,97.8
2016-12-01 15:00:00,116.62,25.96,89.82
2016-12-01 16:00:00,36.2,25.47,79.76
2016-12-01 17:00:00,0.0,25.02,63.45
2016-12-01 18:00:00,0.0,24.83,44.0
2016-12-01 19:00:00,0.0,24.83,24.57
2016-12-01 20:00:00,0.0,24.96,9.31
2016-12-01 21:00:00,0.0,24.97,26.08
2016-12-01 22:00:00,0.0,24.87,82.73
2016-12-01 23:00:00,0.0,24.7,30.82
2016-12-02 00:00:00,0.0,24.44,84.11
2016-12-02 01:00:00,0.0,24.23,11.37
2016-12-02 02:00:00,0.0,24.04,23.43
2016-12-02 03:00:00,0.0,23.92,37.14
2016-12-02 04:00:00,0.0,23.77,20.17
2016-12-02 05:00:00,0.0,23.69,16.09
2016-12-02 06:00:00,86.8,24.27,36.44
2016-12-02 07:00:00,247.62,25.57,49.95
2016-12-02 08:00:00,430.62,26.92,63.57
2016-12-02 09:00:00,565.83,28.26,55.01
2016-12-02 10:00:00,604.5,29.14,47.7
2016-12-02 11:00:00,667.83,29.75,66.21
2016-12-02 12:00:00,570.75,29.95,90.97
2016-12-02 13:00:00,516.65,29.79,82.03
2016-12-02 14:00:00,342.73,29.18,97.56
2016-12-02 15:00:00,175.07,28.39,97.2
2016-12-02 16:00:00,44.83,27.36,97.02
2016-12-02 17:00:00,0.0,26.07,96.66
2016-12-02 18:00:00,0.0,25.6,81.82
2016-12-02 19:00:00,0.0,25.39,63.8
2016-12-02 20:00:00,0.0,25.22,46.84
2016-12-02 21:00:00,0.0,25.03,48.43
2016-12-02 22:00:00,0.0,24.83,74.3
2016-12-02 23:00:00,0.0,24.69,92.95
2016-12-03 00:00:00,0.0,24.55,96.46
2016-12-03 01:00:00,0.0,24.42,97.88
2016-12-03 02:00:00,0.0,24.3,73.79
2016-12-03 03:00:00,0.0,24.22,88.37
2016-12-03 04:00:00,0.0,24.19,76.32
2016-12-03 05:00:00,0.0,24.18,83.61
2016-12-03 06:00:00,58.9,24.82,70.41
2016-12-03 07:00:00,215.4,25.9,58.06
2016-12-03 08:00:00,424.25,26.86,48.97
2016-12-03 09:00:00,590.8,27.83,38.92
2016-12-03 10:00:00,705.17,28.46,37.95
2016-12-03 11:00:00,730.58,28.69,45.02
2016-12-03 12:00:00,677.75,28.78,43.59
2016-12-03 13:00:00,578.7,28.47,53.24
2016-12-03 14:00:00,415.62,28.0,64.03
2016-12-03 15:00:00,232.1,27.59,46.85
2016-12-03 16:00:00,68.95,26.97,30.22
2016-12-03 17:00:00,0.0,25.82,3.23
2016-12-03 18:00:00,0.0,25.38,2.42
2016-12-03 19:00:00,0.0,25.19,10.44
2016-12-03 20:00:00,0.0,25.07,8.83
2016-12-03 21:00:00,0.0,24.92,37.42
2016-12-03 22:00:00,0.0,24.75,20.15
2016-12-03 23:00:00,0.0,24.57,23.42
2016-12-04 00:00:00,0.0,24.42,81.21
2016-12-04 01:00:00,0.0,24.28,24.29
2016-12-04 02:00:00,0.0,24.15,39.98
2016-12-04 03:00:00,0.0,24.02,23.56
2016-12-04 04:00:00,0.0,23.97,25.17
2016-12-04 05:00:00,0.0,23.93,24.33
2016-12-04 06:00:00,81.2,24.7,34.73
2016-12-04 07:00:00,243.95,25.96,46.03
2016-12-04 08:00:00,403.35,27.09,53.3
2016-12-04 09:00:00,571.12,28.1,59.91
2016-12-04 10:00:00,637.83,28.85,53.95
2016-12-04 11:00:00,639.8,29.31,83.07
2016-12-04 12:00:00,598.58,29.5,84.72
2016-12-04 13:00:00,534.72,29.1,64.56
2016-12-04 14:00:00,388.02,28.65,56.17
2016-12-04 15:00:00,226.48,27.94,53.52
2016-12-04 16:00:00,68.3,27.08,50.99
2016-12-04 17:00:00,0.0,26.02,39.74
2016-12-04 18:00:00,0.0,25.56,14.52
2016-12-04 19:00:00,0.0,25.27,2.42
2016-12-04 20:00:00,0.0,25.02,0.81
2016-12-04 21:00:00,0.0,24.78,2.42
2016-12-04 22:00:00,0.0,24.57,42.61
2016-12-04 23:00:00,0.0,24.36,1.61
2016-12-05 00:00:00,0.0,24.17,4.84
2016-12-05 01:00:00,0.0,23.99,10.6
2016-12-05 02:00:00,0.0,23.82,23.36
2016-12-05 03:00:00,0.0,23.66,19.31
2016-12-05 04:00:00,0.0,23.54,15.27
2016-12-05 05:00:00,0.0,23.45,15.28
2016-12-05 06:00:00,73.7,24.14,31.96
2016-12-05 07:00:00,231.77,25.27,46.03
2016-12-05 08:00:00,441.85,26.53,60.3
2016-12-05 09:00:00,586.75,27.7,47.39
2016-12-05 10:00:00,644.83,28.51,40.54
2016-12-05 11:00:00,667.45,29.07,61.38
2016-12-05 12:00:00,612.83,29.4,77.41
2016-12-05 13:00:00,539.42,29.45,68.52
2016-12-05 14:00:00,393.9,29.12,59.42
2016-12-05 15:00:00,219.48,28.44,46.5
2016-12-05 16:00:00,60.08,27.3,32.62
2016-12-05 17:00:00,0.0,25.63,16.54
2016-12-05 18:00:00,0.0,25.0,2.42
2016-12-05 19:00:00,0.0,24.61,1.61
2016-12-05 20:00:00,0.0,24.26,3.23
2016-12-05 21:00:00,0.0,23.89,4.17
2016-12-05 22:00:00,0.0,23.5,1.61
2016-12-05 23:00:00,0.0,23.14,8.85
2016-12-06 00:00:00,0.0,22.8,28.18
2016-12-06 01:00:00,0.0,22.53,20.12
2016-12-06 02:00:00,0.0,22.32,24.15
2016-12-06 03:00:00,0.0,22.19,18.49
2016-12-06 04:00:00,0.0,22.07,20.08
2016-12-06 05:00:00,0.0,21.96,20.88
2016-12-06 06:00:00,72.28,22.8,26.41
2016-12-06 07:00:00,247.05,24.87,31.91
2016-12-06 08:00:00,439.55,26.3,35.97
2016-12-06 09:00:00,624.08,27.36,17.64
2016-12-06 10:00:00,722.47,28.2,44.58
2016-12-06 11:00:00,707.97,28.83,56.71
2016-12-06 12:00:00,644.58,29.08,69.47
2016-12-06 13:00:00,566.38,28.98,39.83
2016-12-06 14:00:00,411.73,28.5,66.88
2016-12-06 15:00:00,235.05,27.72,50.11
2016-12-06 16:00:00,66.18,26.44,35.62
2016-12-06 17:00:00,0.0,24.51,14.54
2016-12-06 18:00:00,0.0,23.76,10.46
2016-12-06 19:00:00,0.0,23.29,3.23
2016-12-06 20:00:00,0.0,22.93,7.23
2016-12-06 21:00:00,0.0,22.66,4.84
2016-12-06 22:00:00,0.0,22.42,6.83
2016-12-06 23:00:00,0.0,22.2,7.23
2016-12-07 00:00:00,0.0,22.04,17.71
2016-12-07 01:00:00,0.0,21.9,11.22
2016-12-07 02:00:00,0.0,21.8,22.61
2016-12-07 03:00:00,0.0,21.77,26.66
2016-12-07 04:00:00,0.0,21.81,37.17
2016-12-07 05:00:00,0.0,21.93,46.85
2016-12-07 06:00:00,53.2,22.38,63.53
2016-12-07 07:00:00,165.8,23.64,76.31
2016-12-07 08:00:00,285.77,25.46,88.71
2016-12-07 09:00:00,459.35,26.85,67.86
2016-12-07 10:00:00,561.78,28.03,61.69
2016-12-07 11:00:00,646.17,28.97,60.04
2016-12-07 12:00:00,602.17,29.24,53.61
2016-12-07 13:00:00,543.8,28.97,53.38
2016-12-07 14:00:00,393.05,28.48,63.54
2016-12-07 15:00:00,210.43,27.89,52.5
2016-12-07 16:00:00,64.97,27.13,40.66
2016-12-07 17:00:00,0.0,25.88,21.11
2016-12-07 18:00:00,0.0,25.3,5.76
2016-12-07 19:00:00,0.0,24.91,1.61
2016-12-07 20:00:00,0.0,24.57,4.03
2016-12-07 21:00:00,0.0,24.29,11.46
2016-12-07 22:00:00,0.0,24.01,4.84
2016-12-07 23:00:00,0.0,23.76,4.84
2016-12-08 00:00:00,0.0,23.52,7.26
2016-12-08 01:00:00,0.0,23.3,59.38
2016-12-08 02:00:00,0.0,23.15,10.51
2016-12-08 03:00:00,0.0,23.01,20.2
2016-12-08 04:00:00,0.0,22.9,24.23
2016-12-08 05:00:00,0.0,22.82,12.14
2016-12-08 06:00:00,74.35,23.66,40.35
2016-12-08 07:00:00,247.95,25.37,65.39
2016-12-08 08:00:00,441.85,26.91,92.26
2016-12-08 09:00:00,602.7,28.13,100.0
2016-12-08 10:00:00,703.33,29.04,99.63
2016-12-08 11:00:00,694.53,29.46,99.82
2016-12-08 12:00:00,633.97,29.67,100.0
2016-12-08 13:00:00,535.12,29.52,98.86
2016-12-08 14:00:00,393.33,29.19,99.17
2016-12-08 15:00:00,216.05,28.56,92.63
2016-12-08 16:00:00,64.85,27.46,84.54
2016-12-08 17:00:00,0.0,25.54,75.31
2016-12-08 18:00:00,0.0,24.68,34.32
2016-12-08 19:00:00,0.0,24.12,47.27
2016-12-08 20:00:00,0.0,23.62,16.34
2016-12-08 21:00:00,0.0,23.19,4.84
2016-12-08 22:00:00,0.0,22.8,45.27
2016-12-08 23:00:00,0.0,22.48,15.42
2016-12-09 00:00:00,0.0,22.24,29.03
2016-12-09 01:00:00,0.0,22.22,50.85
2016-12-09 02:00:00,0.0,21.91,13.68
2016-12-09 03:00:00,0.0,21.16,19.28
2016-12-09 04:00:00,0.0,20.65,24.08
2016-12-09 05:00:00,0.0,20.32,24.11
2016-12-09 06:00:00,72.72,20.98,47.46
2016-12-09 07:00:00,251.45,22.84,70.03
2016-12-09 08:00:00,450.2,25.01,92.58
2016-12-09 09:00:00,594.88,26.7,88.2
2016-12-09 10:00:00,693.03,27.96,86.3
2016-12-09 11:00:00,743.2,28.86,94.69
2016-12-09 12:00:00,697.6,29.47,99.7
2016-12-09 13:00:00,579.0,29.73,97.09
2016-12-09 14:00:00,435.02,29.53,96.82
2016-12-09 15:00:00,239.07,28.83,97.26
2016-12-09 16:00:00,66.43,26.95,98.8
2016-12-09 17:00:00,0.0,24.49,97.59
2016-12-09 18:00:00,0.0,23.59,98.72
2016-12-09 19:00:00,0.0,22.98,98.59
2016-12-09 20:00:00,0.0,22.43,97.99
2016-12-09 21:00:00,0.0,21.95,100.0
2016-12-09 22:00:00,0.0,21.55,95.17
2016-12-09 23:00:00,0.0,21.19,97.61
2016-12-10 00:00:00,0.0,20.8,97.04
2016-12-10 01:00:00,0.0,20.35,100.0
2016-12-10 02:00:00,0.0,19.89,98.49
2016-12-10 03:00:00,0.0,19.44,98.39
2016-12-10 04:00:00,0.0,19.0,98.44
2016-12-10 05:00:00,0.0,18.6,98.3
2016-12-10 06:00:00,59.05,19.26,98.12
2016-12-10 07:00:00,205.02,21.5,98.73
2016-12-10 08:00:00,365.98,23.59,98.94
2016-12-10 09:00:00,506.17,25.88,99.02
2016-12-10 10:00:00,515.95,27.44,99.12
2016-12-10 11:00:00,629.38,28.62,97.51
2016-12-10 12:00:00,595.47,29.44,99.93
2016-12-10 13:00:00,440.75,29.79,99.05
2016-12-10 14:00:00,299.2,29.66,98.45
2016-12-10 15:00:00,162.82,28.83,98.45
2016-12-10 16:00:00,40.3,26.49,100.0
2016-12-10 17:00:00,0.0,24.17,99.83
2016-12-10 18:00:00,0.0,23.48,99.97
2016-12-10 19:00:00,0.0,22.99,98.13
2016-12-10 20:00:00,0.0,22.56,87.47
2016-12-10 21:00:00,0.0,22.18,85.51
2016-12-10 22:00:00,0.0,21.9,87.21
2016-12-10 23:00:00,0.0,21.62,88.89
2016-12-11 00:00:00,0.0,21.35,99.51
2016-12-11 01:00:00,0.0,21.14,75.79
2016-12-11 02:00:00,0.0,21.02,94.83
2016-12-11 03:00:00,0.0,21.0,62.16
2016-12-11 04:00:00,0.0,20.97,47.15
2016-12-11 05:00:00,0.0,20.9,98.26
2016-12-11 06:00:00,35.15,21.12,98.39
2016-12-11 07:00:00,125.28,22.12,99.93
2016-12-11 08:00:00,230.4,23.78,99.66
2016-12-11 09:00:00,263.67,26.2,100.0
2016-12-11 10:00:00,244.23,28.04,99.89
2016-12-11 11:00:00,462.17,29.23,100.0
2016-12-11 12:00:00,193.6,29.96,100.0
2016-12-11 13:00:00,145.25,30.22,98.23
2016-12-11 14:00:00,82.3,30.12,99.4
2016-12-11 15:00:00,85.47,29.3,100.0
2016-12-11 16:00:00,26.65,27.57,100.0
2016-12-11 17:00:00,0.0,25.76,100.0
2016-12-11 18:00:00,0.0,25.17,100.0
2016-12-11 19:00:00,0.0,24.6,100.0
2016-12-11 20:00:00,0.0,24.14,100.0
2016-12-11 21:00:00,0.0,23.73,100.0
2016-12-11 22:00:00,0.0,23.4,100.0
2016-12-11 23:00:00,0.0,23.11,100.0
2016-12-12 00:00:00,0.0,22.8,100.0
2016-12-12 01:00:00,0.0,22.69,100.0
2016-12-12 02:00:00,0.0,22.54,100.0
2016-12-12 03:00:00,0.0,22.16,100.0
2016-12-12 04:00:00,0.0,21.6,100.0
2016-12-12 05:00:00,0.0,20.75,100.0
2016-12-12 06:00:00,6.95,20.24,100.0
2016-12-12 07:00:00,20.02,20.07,99.85
2016-12-12 08:00:00,37.92,20.04,98.09
2016-12-12 09:00:00,56.45,20.52,97.65
2016-12-12 10:00:00,51.6,21.49,99.18
2016-12-12 11:00:00,88.62,22.8,98.17
2016-12-12 12:00:00,90.6,23.7,99.2
2016-12-12 13:00:00,87.25,24.14,99.07
2016-12-12 14:00:00,89.82,24.38,99.38
2016-12-12 15:00:00,57.83,24.4,100.0
2016-12-12 16:00:00,19.08,24.15,100.0
2016-12-12 17:00:00,0.0,23.72,100.0
2016-12-12 18:00:00,0.0,23.56,100.0
2016-12-12 19:00:00,0.0,23.53,100.0
2016-12-12 20:00:00,0.0,23.54,100.0
2016-12-12 21:00:00,0.0,23.55,99.92
2016-12-12 22:00:00,0.0,23.65,100.0
2016-12-12 23:00:00,0.0,23.82,100.0
2016-12-13 00:00:00,0.0,24.04,99.24
2016-12-13 01:00:00,0.0,24.27,100.0
2016-12-13 02:00:00,0.0,24.48,100.0
2016-12-13 03:00:00,0.0,24.61,94.96
2016-12-13 04:00:00,0.0,24.56,92.91
2016-12-13 05:00:00,0.0,24.46,92.47
2016-12-13 06:00:00,31.27,24.84,94.34
2016-12-13 07:00:00,112.07,25.99,95.09
2016-12-13 08:00:00,217.68,26.94,94.7
2016-12-13 09:00:00,327.08,27.69,92.79
2016-12-13 10:00:00,415.3,28.24,88.06
2016-12-13 11:00:00,568.6,28.57,84.05
2016-12-13 12:00:00,563.2,28.75,90.06
2016-12-13 13:00:00,495.15,28.68,65.29
2016-12-13 14:00:00,409.33,28.41,55.11
2016-12-13 15:00:00,245.35,27.9,42.49
2016-12-13 16:00:00,83.82,26.94,27.09
2016-12-13 17:00:00,0.0,25.55,3.23
2016-12-13 18:00:00,0.0,25.13,4.84
2016-12-13 19:00:00,0.0,24.96,8.0
2016-12-13 20:00:00,0.0,24.8,1.61
2016-12-13 21:00:00,0.0,24.59,6.42
2016-12-13 22:00:00,0.0,24.36,5.64
2016-12-13 23:00:00,0.0,24.1,4.84
2016-12-14 00:00:00,0.0,23.84,6.42
2016-12-14 01:00:00,0.0,23.57,14.49
2016-12-14 02:00:00,0.0,23.4,3.23
2016-12-14 03:00:00,0.0,23.27,8.8
2016-12-14 04:00:00,0.0,23.14,4.84
2016-12-14 05:00:00,0.0,23.04,6.39
2016-12-14 06:00:00,70.75,23.88,24.12
2016-12-14 07:00:00,251.68,25.51,37.45
2016-12-14 08:00:00,435.38,26.7,49.33
2016-12-14 09:00:00,597.88,27.59,43.23
2016-12-14 10:00:00,696.03,28.21,31.32
2016-12-14 11:00:00,726.22,28.7,68.6
2016-12-14 12:00:00,694.03,28.93,62.21
2016-12-14 13:00:00,561.83,28.89,47.65
2016-12-14 14:00:00,465.3,28.61,40.68
2016-12-14 15:00:00,271.6,28.04,29.81
2016-12-14 16:00:00,83.6,26.97,17.79
2016-12-14 17:00:00,0.0,25.03,5.63
2016-12-14 18:00:00,0.0,24.33,4.84
2016-12-14 19:00:00,0.0,23.92,4.03
2016-12-14 20:00:00,0.0,23.56,5.63
2016-12-14 21:00:00,0.0,23.25,2.21
2016-12-14 22:00:00,0.0,22.98,2.72
2016-12-14 23:00:00,0.0,22.73,3.23
2016-12-15 00:00:00,0.0,22.59,8.05
2016-12-15 01:00:00,0.0,22.4,5.63
2016-12-15 02:00:00,0.0,22.25,7.29
2016-12-15 03:00:00,0.0,22.11,3.23
2016-12-15 04:00:00,0.0,21.97,2.42
2016-12-15 05:00:00,0.0,21.84,2.42
2016-12-15 06:00:00,63.6,22.62,17.43
2016-12-15 07:00:00,245.75,24.41,26.78
2016-12-15 08:00:00,441.27,25.61,38.93
2016-12-15 09:00:00,614.3,26.61,20.34
2016-12-15 10:00:00,700.22,27.53,52.01
2016-12-15 11:00:00,771.95,28.2,39.81
2016-12-15 12:00:00,727.17,28.6,20.23
2016-12-15 13:00:00,625.35,28.66,41.58
2016-12-15 14:00:00,468.85,28.42,40.38
2016-12-15 15:00:00,266.75,27.86,28.79
2016-12-15 16:00:00,82.82,26.77,18.45
2016-12-15 17:00:00,0.0,24.9,3.23
2016-12-15 18:00:00,0.0,24.25,10.57
2016-12-15 19:00:00,0.0,23.89,21.03
2016-12-15 20:00:00,0.0,23.62,35.58
2016-12-15 21:00:00,0.0,23.41,50.12
2016-12-15 22:00:00,0.0,23.22,62.78
2016-12-15 23:00:00,0.0,23.07,46.84
2016-12-16 00:00:00,0.0,23.08,38.75
2016-12-16 01:00:00,0.0,23.15,51.74
2016-12-16 02:00:00,0.0,23.19,9.66
2016-12-16 03:00:00,0.0,23.19,0.81
2016-12-16 04:00:00,0.0,23.2,0.81
2016-12-16 05:00:00,0.0,23.18,0.81
2016-12-16 06:00:00,55.9,23.99,14.15
2016-12-16 07:00:00,228.07,25.34,26.85
2016-12-16 08:00:00,410.33,26.41,37.92
2016-12-16 09:00:00,584.67,27.36,33.44
2016-12-16 10:00:00,693.5,27.96,21.56
2016-12-16 11:00:00,753.17,28.35,38.29
2016-12-16 12:00:00,694.95,28.52,51.46
2016-12-16 13:00:00,597.2,28.47,32.26
2016-12-16 14:00:00,439.75,28.13,69.49
2016-12-16 15:00:00,253.8,27.5,52.95
2016-12-16 16:00:00,77.9,26.45,38.43
2016-12-16 17:00:00,0.0,24.81,18.55
2016-12-16 18:00:00,0.0,24.17,1.61
2016-12-16 19:00:00,0.0,23.77,2.82
2016-12-16 20:00:00,0.0,23.44,4.03
2016-12-16 21:00:00,0.0,23.21,3.05
2016-12-16 22:00:00,0.0,23.06,0.81
2016-12-16 23:00:00,0.0,22.94,0.81
2016-12-17 00:00:00,0.0,22.7,5.62
2016-12-17 01:00:00,0.0,22.38,13.78
2016-12-17 02:00:00,0.0,22.0,4.03
2016-12-17 03:00:00,0.0,21.71,3.23
2016-12-17 04:00:00,0.0,21.48,12.88
2016-12-17 05:00:00,0.0,21.33,3.23
2016-12-17 06:00:00,60.1,22.16,24.41
2016-12-17 07:00:00,228.88,23.98,44.58
2016-12-17 08:00:00,405.9,25.56,62.98
2016-12-17 09:00:00,573.0,26.7,47.8
2016-12-17 10:00:00,682.03,27.61,57.44
2016-12-17 11:00:00,704.15,28.28,74.42
2016-12-17 12:00:00,675.33,28.65,37.52
2016-12-17 13:00:00,576.65,28.71,68.84
2016-12-17 14:00:00,430.05,28.43,76.17
2016-12-17 15:00:00,245.55,27.82,51.3
2016-12-17 16:00:00,73.65,26.61,29.63
2016-12-17 17:00:00,0.0,24.65,0.81
2016-12-17 18:00:00,0.0,23.92,0.81
2016-12-17 19:00:00,0.0,23.45,0.81
2016-12-17 20:00:00,0.0,23.02,4.03
2016-12-17 21:00:00,0.0,22.65,1.61
2016-12-17 22:00:00,0.0,22.34,1.56
2016-12-17 23:00:00,0.0,22.08,12.87
2016-12-18 00:00:00,0.0,21.98,0.98
2016-12-18 01:00:00,0.0,21.92,2.42
2016-12-18 02:00:00,0.0,21.79,8.04
2016-12-18 03:00:00,0.0,21.48,15.3
2016-12-18 04:00:00,0.0,21.04,13.69
2016-12-18 05:00:00,0.0,20.67,5.63
2016-12-18 06:00:00,60.53,21.36,22.04
2016-12-18 07:00:00,241.23,23.26,38.79
2016-12-18 08:00:00,429.58,24.85,54.07
2016-12-18 09:00:00,581.97,26.09,59.65
2016-12-18 10:00:00,700.05,27.14,31.95
2016-12-18 11:00:00,705.0,27.9,80.87
2016-12-18 12:00:00,633.3,28.36,91.33
2016-12-18 13:00:00,522.55,28.5,55.92
2016-12-18 14:00:00,430.12,28.32,68.68
2016-12-18 15:00:00,251.55,27.7,47.32
2016-12-18 16:00:00,82.25,26.41,24.19
2016-12-18 17:00:00,0.0,24.33,0.81
2016-12-18 18:00:00,0.0,23.57,11.33
2016-12-18 19:00:00,0.0,23.07,35.63
2016-12-18 20:00:00,0.0,22.6,31.7
2016-12-18 21:00:00,0.0,22.16,36.46
2016-12-18 22:00:00,0.0,21.74,41.23
2016-12-18 23:00:00,0.0,21.35,25.79
2016-12-19 00:00:00,0.0,21.02,25.78
2016-12-19 01:00:00,0.0,20.77,18.44
2016-12-19 02:00:00,0.0,20.59,14.47
2016-12-19 03:00:00,0.0,20.44,14.46
2016-12-19 04:00:00,0.0,20.34,13.66
2016-12-19 05:00:00,0.0,20.31,18.51
2016-12-19 06:00:00,63.05,21.13,26.17
2016-12-19 07:00:00,252.73,22.98,35.5
2016-12-19 08:00:00,448.15,24.99,42.59
2016-12-19 09:00:00,599.72,26.42,46.5
2016-12-19 10:00:00,704.5,27.39,48.14
2016-12-19 11:00:00,692.92,28.04,61.32
2016-12-19 12:00:00,630.45,28.38,58.7
2016-12-19 13:00:00,514.38,28.39,93.87
2016-12-19 14:00:00,360.33,28.07,93.7
2016-12-19 15:00:00,222.57,27.41,69.37
2016-12-19 16:00:00,82.9,26.15,45.54
2016-12-19 17:00:00,0.0,24.26,14.56
2016-12-19 18:00:00,0.0,23.67,4.84
2016-12-19 19:00:00,0.0,23.31,6.46
2016-12-19 20:00:00,0.0,22.93,1.61
2016-12-19 21:00:00,0.0,22.53,7.44
2016-12-19 22:00:00,0.0,22.19,12.1
2016-12-19 23:00:00,0.0,21.81,27.45
2016-12-20 00:00:00,0.0,21.43,28.2
2016-12-20 01:00:00,0.0,21.07,36.35
2016-12-20 02:00:00,0.0,20.77,25.04
2016-12-20 03:00:00,0.0,20.54,17.76
2016-12-20 04:00:00,0.0,20.34,17.75
2016-12-20 05:00:00,0.0,20.23,20.17
2016-12-20 06:00:00,57.45,21.04,42.52
2016-12-20 07:00:00,211.25,22.59,60.46
2016-12-20 08:00:00,370.12,24.39,77.68
2016-12-20 09:00:00,565.72,25.8,68.07
2016-12-20 10:00:00,636.08,26.82,36.83
2016-12-20 11:00:00,704.4,27.62,57.29
2016-12-20 12:00:00,669.0,28.09,56.1
2016-12-20 13:00:00,579.28,28.21,37.9
2016-12-20 14:00:00,429.35,28.01,55.6
2016-12-20 15:00:00,258.7,27.51,39.86
2016-12-20 16:00:00,87.57,26.43,20.26
2016-12-20 17:00:00,0.0,24.51,1.61
2016-12-20 18:00:00,0.0,23.85,9.68
2016-12-20 19:00:00,0.0,23.43,2.42
2016-12-20 20:00:00,0.0,23.07,7.26
2016-12-20 21:00:00,0.0,22.75,7.25
2016-12-20 22:00:00,0.0,22.46,19.48
2016-12-20 23:00:00,0.0,22.18,9.66
2016-12-21 00:00:00,0.0,21.87,0.81
2016-12-21 01:00:00,0.0,21.58,24.04
2016-12-21 02:00:00,0.0,21.27,3.23
2016-12-21 03:00:00,0.0,20.96,3.23
2016-12-21 04:00:00,0.0,20.66,7.23
2016-12-21 05:00:00,0.0,20.37,6.42
2016-12-21 06:00:00,58.35,21.16,22.05
2016-12-21 07:00:00,241.75,22.97,36.83
2016-12-21 08:00:00,432.98,25.15,50.09
2016-12-21 09:00:00,593.53,26.59,47.46
2016-12-21 10:00:00,682.25,27.59,35.59
2016-12-21 11:00:00,752.28,28.35,47.02
2016-12-21 12:00:00,723.65,28.8,41.49
2016-12-21 13:00:00,636.75,28.87,37.28
2016-12-21 14:00:00,497.1,28.66,26.77
2016-12-21 15:00:00,293.5,28.13,23.09
2016-12-21 16:00:00,96.05,26.87,21.86
2016-12-21 17:00:00,0.0,24.53,14.84
2016-12-21 18:00:00,0.0,23.71,11.46
2016-12-21 19:00:00,0.0,23.14,8.07
2016-12-21 20:00:00,0.0,22.65,4.69
2016-12-21 21:00:00,0.0,22.2,1.3
2016-12-21 22:00:00,0.0,21.84,3.23
2016-12-21 23:00:00,0.0,21.61,5.62
2016-12-22 00:00:00,0.0,21.56,10.45
2016-12-22 01:00:00,0.0,21.57,13.66
2016-12-22 02:00:00,0.0,21.24,12.05
2016-12-22 03:00:00,0.0,20.61,8.02
2016-12-22 04:00:00,0.0,19.69,9.64
2016-12-22 05:00:00,0.0,18.98,10.43
2016-12-22 06:00:00,59.0,19.43,23.97
2016-12-22 07:00:00,241.4,21.58,37.66
2016-12-22 08:00:00,430.9,23.63,48.79
2016-12-22 09:00:00,652.1,25.58,18.61
2016-12-22 10:00:00,751.65,27.2,43.93
2016-12-22 11:00:00,786.53,28.1,43.9
2016-12-22 12:00:00,753.6,28.66,42.87
2016-12-22 13:00:00,669.28,28.84,8.14
2016-12-22 14:00:00,501.73,28.6,29.04
2016-12-22 15:00:00,295.9,27.92,21.62
2016-12-22 16:00:00,99.05,26.13,14.54
2016-12-22 17:00:00,0.0,23.38,4.84
2016-12-22 18:00:00,0.0,22.5,5.59
2016-12-22 19:00:00,0.0,21.96,5.59
2016-12-22 20:00:00,0.0,21.53,9.51
2016-12-22 21:00:00,0.0,21.2,12.67
2016-12-22 22:00:00,0.0,20.98,1.56
2016-12-22 23:00:00,0.0,20.91,15.04
2016-12-23 00:00:00,0.0,20.94,19.11
2016-12-23 01:00:00,0.0,20.96,0.0
2016-12-23 02:00:00,0.0,20.94,16.56
2016-12-23 03:00:00,0.0,20.18,17.41
2016-12-23 04:00:00,0.0,19.5,14.97
2016-12-23 05:00:00,0.0,18.93,12.47
2016-12-23 06:00:00,58.3,19.27,15.55
2016-12-23 07:00:00,255.57,21.48,20.58
2016-12-23 08:00:00,462.8,23.51,23.8
2016-12-23 09:00:00,641.95,25.36,21.53
2016-12-23 10:00:00,630.75,26.72,3.37
2016-12-23 11:00:00,794.7,27.64,31.07
2016-12-23 12:00:00,755.05,28.17,35.43
2016-12-23 13:00:00,675.85,28.36,13.9
2016-12-23 14:00:00,496.95,28.21,31.86
2016-12-23 15:00:00,299.88,27.55,22.22
2016-12-23 16:00:00,99.3,25.9,13.47
2016-12-23 17:00:00,0.0,23.14,0.81
2016-12-23 18:00:00,0.0,22.28,4.03
2016-12-23 19:00:00,0.0,21.75,4.84
2016-12-23 20:00:00,0.0,21.28,6.37
2016-12-23 21:00:00,0.0,20.88,2.2
2016-12-23 22:00:00,0.0,20.56,12.01
2016-12-23 23:00:00,0.0,20.41,14.43
2016-12-24 00:00:00,0.0,20.46,14.42
2016-12-24 01:00:00,0.0,20.53,0.24
2016-12-24 02:00:00,0.0,20.74,16.04
2016-12-24 03:00:00,0.0,20.26,16.84
2016-12-24 04:00:00,0.0,19.57,12.8
2016-12-24 05:00:00,0.0,18.88,13.61
2016-12-24 06:00:00,52.72,19.24,17.29
2016-12-24 07:00:00,243.8,21.29,20.54
2016-12-24 08:00:00,450.15,23.47,24.38
2016-12-24 09:00:00,627.4,25.11,13.46
2016-12-24 10:00:00,733.7,26.41,30.37
2016-12-24 11:00:00,759.53,27.15,35.91
2016-12-24 12:00:00,724.2,27.46,22.2
2016-12-24 13:00:00,626.85,27.4,46.44
2016-12-24 14:00:00,474.25,26.99,46.39
2016-12-24 15:00:00,282.45,26.21,32.28
2016-12-24 16:00:00,94.15,24.79,17.94
2016-12-24 17:00:00,0.0,22.95,3.23
2016-12-24 18:00:00,0.0,22.4,4.03
2016-12-24 19:00:00,0.0,22.09,16.88
2016-12-24 20:00:00,0.0,21.78,27.36
2016-12-24 21:00:00,0.0,21.45,23.34
2016-12-24 22:00:00,0.0,21.1,42.99
2016-12-24 23:00:00,0.0,20.73,35.43
2016-12-25 00:00:00,0.0,20.65,39.46
2016-12-25 01:00:00,0.0,20.61,51.84
2016-12-25 02:00:00,0.0,20.58,24.94
2016-12-25 03:00:00,0.0,20.69,12.87
2016-12-25 04:00:00,0.0,20.47,12.07
2016-12-25 05:00:00,0.0,19.96,8.03
2016-12-25 06:00:00,45.92,19.93,30.73
2016-12-25 07:00:00,209.02,21.45,54.39
2016-12-25 08:00:00,393.55,23.26,77.44
2016-12-25 09:00:00,578.22,24.64,61.64
2016-12-25 10:00:00,660.97,25.69,30.24
2016-12-25 11:00:00,756.2,26.62,46.27
2016-12-25 12:00:00,728.58,27.23,44.79
2016-12-25 13:00:00,627.9,27.55,19.26
2016-12-25 14:00:00,488.55,27.5,25.01
2016-12-25 15:00:00,291.58,26.98,17.45
2016-12-25 16:00:00,97.25,25.46,9.73
2016-12-25 17:00:00,0.0,22.85,1.61
2016-12-25 18:00:00,0.0,22.07,8.87
2016-12-25 19:00:00,0.0,21.6,22.58
2016-12-25 20:00:00,0.0,21.13,15.29
2016-12-25 21:00:00,0.0,20.64,36.69
2016-12-25 22:00:00,0.0,20.21,22.55
2016-12-25 23:00:00,0.0,19.86,32.9
2016-12-26 00:00:00,0.0,19.52,30.31
2016-12-26 01:00:00,0.0,19.11,42.33
2016-12-26 02:00:00,0.0,18.75,36.06
2016-12-26 03:00:00,0.0,18.48,14.37
2016-12-26 04:00:00,0.0,18.25,9.59
2016-12-26 05:00:00,0.0,18.06,7.15
2016-12-26 06:00:00,47.9,19.0,28.17
2016-12-26 07:00:00,203.55,21.56,49.18
2016-12-26 08:00:00,414.05,23.82,69.53
2016-12-26 09:00:00,605.97,25.54,52.44
2016-12-26 10:00:00,716.83,26.89,47.55
2016-12-26 11:00:00,754.7,27.89,45.36
2016-12-26 12:00:00,712.72,28.53,27.53
2016-12-26 13:00:00,635.62,28.72,30.97
2016-12-26 14:00:00,478.27,28.48,32.63
2016-12-26 15:00:00,270.15,27.74,24.58
2016-12-26 16:00:00,90.72,26.13,21.5
2016-12-26 17:00:00,0.0,23.76,12.13
2016-12-26 18:00:00,0.0,23.08,4.03
2016-12-26 19:00:00,0.0,22.67,4.03
2016-12-26 20:00:00,0.0,22.27,10.45
2016-12-26 21:00:00,0.0,21.85,1.61
2016-12-26 22:00:00,0.0,21.43,3.41
2016-12-26 23:00:00,0.0,21.05,3.23
2016-12-27 00:00:00,0.0,20.72,5.6
2016-12-27 01:00:00,0.0,20.44,8.83
2016-12-27 02:00:00,0.0,20.25,5.24
2016-12-27 03:00:00,0.0,20.14,1.61
2016-12-27 04:00:00,0.0,20.07,2.42
2016-12-27 05:00:00,0.0,20.04,3.23
2016-12-27 06:00:00,53.88,20.86,17.19
2016-12-27 07:00:00,236.77,22.73,31.6
2016-12-27 08:00:00,432.7,24.79,43.14
2016-12-27 09:00:00,611.6,26.55,46.11
2016-12-27 10:00:00,732.33,27.8,24.98
2016-12-27 11:00:00,760.55,28.86,57.45
2016-12-27 12:00:00,713.08,29.29,71.83
2016-12-27 13:00:00,619.0,29.28,49.94
2016-12-27 14:00:00,399.85,28.9,69.75
2016-12-27 15:00:00,254.43,28.1,57.26
2016-12-27 16:00:00,96.68,26.7,47.34
2016-12-27 17:00:00,0.0,24.57,30.69
2016-12-27 18:00:00,0.0,23.91,25.77
2016-12-27 19:00:00,0.0,23.56,16.09
2016-12-27 20:00:00,0.0,23.26,9.63
2016-12-27 21:00:00,0.0,22.99,13.6
2016-12-27 22:00:00,0.0,22.71,64.27
2016-12-27 23:00:00,0.0,22.45,37.75
2016-12-28 00:00:00,0.0,22.24,15.24
2016-12-28 01:00:00,0.0,22.05,10.24
2016-12-28 02:00:00,0.0,21.93,9.61
2016-12-28 03:00:00,0.0,21.79,16.86
2016-12-28 04:00:00,0.0,21.67,16.05
2016-12-28 05:00:00,0.0,21.63,9.6
2016-12-28 06:00:00,39.83,22.56,21.72
2016-12-28 07:00:00,202.52,24.73,31.97
2016-12-28 08:00:00,390.77,26.33,43.09
2016-12-28 09:00:00,564.92,27.43,37.03
2016-12-28 10:00:00,661.6,28.3,32.11
2016-12-28 11:00:00,754.28,28.87,37.21
2016-12-28 12:00:00,723.15,29.13,29.76
2016-12-28 13:00:00,640.03,29.04,33.05
2016-12-28 14:00:00,492.58,28.63,28.71
2016-12-28 15:00:00,291.6,27.79,19.0
2016-12-28 16:00:00,99.75,26.36,11.81
2016-12-28 17:00:00,0.0,24.1,1.61
2016-12-28 18:00:00,0.0,23.23,1.61
2016-12-28 19:00:00,0.0,22.67,2.42
2016-12-28 20:00:00,0.0,22.19,3.23
2016-12-28 21:00:00,0.0,21.78,2.95
2016-12-28 22:00:00,0.0,21.42,8.02
2016-12-28 23:00:00,0.0,21.08,1.61
2016-12-29 00:00:00,0.0,20.78,7.64
2016-12-29 01:00:00,0.0,20.51,10.77
2016-12-29 02:00:00,0.0,20.27,13.67
2016-12-29 03:00:00,0.0,20.07,12.86
2016-12-29 04:00:00,0.0,19.92,16.88
2016-12-29 05:00:00,0.0,19.78,12.01
2016-12-29 06:00:00,38.03,20.73,23.58
2016-12-29 07:00:00,182.73,23.3,34.09
2016-12-29 08:00:00,369.7,25.34,45.68
2016-12-29 09:00:00,515.58,26.62,41.62
2016-12-29 10:00:00,620.08,27.61,6.98
2016-12-29 11:00:00,744.5,28.31,34.06
2016-12-29 12:00:00,703.12,28.62,34.29
2016-12-29 13:00:00,609.8,28.56,10.25
2016-12-29 14:00:00,445.4,28.17,29.58
2016-12-29 15:00:00,253.1,27.41,21.76
2016-12-29 16:00:00,84.43,26.12,17.04
2016-12-29 17:00:00,0.0,23.94,9.87
2016-12-29 18:00:00,0.0,23.23,2.42
2016-12-29 19:00:00,0.0,22.77,1.61
2016-12-29 20:00:00,0.0,22.35,4.84
2016-12-29 21:00:00,0.0,21.97,9.61
2016-12-29 22:00:00,0.0,21.64,8.45
2016-12-29 23:00:00,0.0,21.35,16.05
2016-12-30 00:00:00,0.0,21.08,12.83
2016-12-30 01:00:00,0.0,20.82,10.87
2016-12-30 02:00:00,0.0,20.59,28.15
2016-12-30 03:00:00,0.0,20.44,25.71
2016-12-30 04:00:00,0.0,20.38,24.1
2016-12-30 05:00:00,0.0,20.37,18.48
2016-12-30 06:00:00,33.97,21.14,37.64
2016-12-30 07:00:00,169.75,23.42,56.42
2016-12-30 08:00:00,333.33,25.44,76.23
2016-12-30 09:00:00,481.2,26.57,42.03
2016-12-30 10:00:00,585.5,27.42,48.5
2016-12-30 11:00:00,753.58,27.98,32.55
2016-12-30 12:00:00,722.35,28.36,32.96
2016-12-30 13:00:00,626.55,28.37,27.59
2016-12-30 14:00:00,481.52,28.04,33.25
2016-12-30 15:00:00,284.75,27.33,29.71
2016-12-30 16:00:00,106.45,26.07,27.48
2016-12-30 17:00:00,0.0,23.95,21.83
2016-12-30 18:00:00,0.0,23.32,50.94
2016-12-30 19:00:00,0.0,23.11,71.68
2016-12-30 20:00:00,0.0,22.79,62.36
2016-12-30 21:00:00,0.0,22.36,69.51
2016-12-30 22:00:00,0.0,21.96,31.65
2016-12-30 23:00:00,0.0,21.74,15.33
2016-12-31 00:00:00,0.0,21.53,14.49
2016-12-31 01:00:00,0.0,21.2,12.95
2016-12-31 02:00:00,0.0,20.82,35.86
2016-12-31 03:00:00,0.0,20.48,44.31
2016-12-31 04:00:00,0.0,20.2,33.03
2016-12-31 05:00:00,0.0,19.98,22.55
2016-12-31 06:00:00,39.42,20.73,35.96
2016-12-31 07:00:00,199.32,22.78,48.02
2016-12-31 08:00:00,399.85,24.87,62.03
2016-12-31 09:00:00,593.65,26.09,71.27
2016-12-31 10:00:00,696.28,27.02,65.29
2016-12-31 11:00:00,766.1,27.72,84.55
2016-12-31 12:00:00,725.08,28.17,71.4
2016-12-31 13:00:00,671.78,28.23,43.18
2016-12-31 14:00:00,525.08,27.99,37.28
2016-12-31 15:00:00,331.15,27.39,29.93
2016-12-31 16:00:00,124.15,26.1,19.36
2016-12-31 17:00:00,3.75,23.67,9.91
2016-12-31 18:00:00,0.0,22.88,1.61
2016-12-31 19:00:00,0.0,22.42,2.42
2016-12-31 20:00:00,0.0,22.05,2.42
2016-12-31 21:00:00,0.0,21.79,13.42
2016-12-31 22:00:00,0.0,21.56,24.13
2016-12-31 23:00:00,0.0,21.28,3.23
