timestamp,ghi
2018-01-01 00:00:00,0.0
2018-01-01 01:00:00,0.0
2018-01-01 02:00:00,0.0
2018-01-01 03:00:00,0.0
2018-01-01 04:00:00,0.0
2018-01-01 05:00:00,0.0
2018-01-01 06:00:00,49.65
2018-01-01 07:00:00,236.15
2018-01-01 08:00:00,445.92
2018-01-01 09:00:00,625.47
2018-01-01 10:00:00,741.15
2018-01-01 11:00:00,786.6
2018-01-01 12:00:00,662.28
2018-01-01 13:00:00,589.75
2018-01-01 14:00:00,474.17
2018-01-01 15:00:00,289.4
2018-01-01 16:00:00,105.9
2018-01-01 17:00:00,4.45
2018-01-01 18:00:00,0.0
2018-01-01 19:00:00,0.0
2018-01-01 20:00:00,0.0
2018-01-01 21:00:00,0.0
2018-01-01 22:00:00,0.0
2018-01-01 23:00:00,0.0
2018-01-02 00:00:00,0.0
2018-01-02 01:00:00,0.0
2018-01-02 02:00:00,0.0
2018-01-02 03:00:00,0.0
2018-01-02 04:00:00,0.0
2018-01-02 05:00:00,0.0
2018-01-02 06:00:00,44.6
2018-01-02 07:00:00,202.32
2018-01-02 08:00:00,381.8
2018-01-02 09:00:00,544.88
2018-01-02 10:00:00,679.65
2018-01-02 11:00:00,765.33
2018-01-02 12:00:00,750.33
2018-01-02 13:00:00,648.55
2018-01-02 14:00:00,508.52
2018-01-02 15:00:00,316.52
2018-01-02 16:00:00,116.68
2018-01-02 17:00:00,4.65
2018-01-02 18:00:00,0.0
2018-01-02 19:00:00,0.0
2018-01-02 20:00:00,0.0
2018-01-02 21:00:00,0.0
2018-01-02 22:00:00,0.0
2018-01-02 23:00:00,0.0
2018-01-03 00:00:00,0.0
2018-01-03 01:00:00,0.0
2018-01-03 02:00:00,0.0
2018-01-03 03:00:00,0.0
2018-01-03 04:00:00,0.0
2018-01-03 05:00:00,0.0
2018-01-03 06:00:00,47.53
2018-01-03 07:00:00,222.45
2018-01-03 08:00:00,406.4
2018-01-03 09:00:00,617.22
2018-01-03 10:00:00,739.85
2018-01-03 11:00:00,725.62
2018-01-03 12:00:00,698.95
2018-01-03 13:00:00,685.5
2018-01-03 14:00:00,507.35
2018-01-03 15:00:00,315.45
2018-01-03 16:00:00,100.97
2018-01-03 17:00:00,4.43
2018-01-03 18:00:00,0.0
2018-01-03 19:00:00,0.0
2018-01-03 20:00:00,0.0
2018-01-03 21:00:00,0.0
2018-01-03 22:00:00,0.0
2018-01-03 23:00:00,0.0
2018-01-04 00:00:00,0.0
2018-01-04 01:00:00,0.0
2018-01-04 02:00:00,0.0
2018-01-04 03:00:00,0.0
2018-01-04 04:00:00,0.0
2018-01-04 05:00:00,0.0
2018-01-04 06:00:00,38.5
2018-01-04 07:00:00,198.4
2018-01-04 08:00:00,395.2
2018-01-04 09:00:00,586.15
2018-01-04 10:00:00,714.95
2018-01-04 11:00:00,738.35
2018-01-04 12:00:00,775.7
2018-01-04 13:00:00,677.4
2018-01-04 14:00:00,523.15
2018-01-04 15:00:00,320.75
2018-01-04 16:00:00,113.75
2018-01-04 17:00:00,4.88
2018-01-04 18:00:00,0.0
2018-01-04 19:00:00,0.0
2018-01-04 20:00:00,0.0
2018-01-04 21:00:00,0.0
2018-01-04 22:00:00,0.0
2018-01-04 23:00:00,0.0
2018-01-05 00:00:00,0.0
2018-01-05 01:00:00,0.0
2018-01-05 02:00:00,0.0
2018-01-05 03:00:00,0.0
2018-01-05 04:00:00,0.0
2018-01-05 05:00:00,0.0
2018-01-05 06:00:00,40.22
2018-01-05 07:00:00,200.25
2018-01-05 08:00:00,397.35
2018-01-05 09:00:00,591.12
2018-01-05 10:00:00,715.85
2018-01-05 11:00:00,766.67
2018-01-05 12:00:00,690.47
2018-01-05 13:00:00,653.85
2018-01-05 14:00:00,505.7
2018-01-05 15:00:00,310.3
2018-01-05 16:00:00,96.88
2018-01-05 17:00:00,4.72
2018-01-05 18:00:00,0.0
2018-01-05 19:00:00,0.0
2018-01-05 20:00:00,0.0
2018-01-05 21:00:00,0.0
2018-01-05 22:00:00,0.0
2018-01-05 23:00:00,0.0
2018-01-06 00:00:00,0.0
2018-01-06 01:00:00,0.0
2018-01-06 02:00:00,0.0
2018-01-06 03:00:00,0.0
2018-01-06 04:00:00,0.0
2018-01-06 05:00:00,0.0
2018-01-06 06:00:00,44.1
2018-01-06 07:00:00,221.32
2018-01-06 08:00:00,417.9
2018-01-06 09:00:00,619.53
2018-01-06 10:00:00,708.03
2018-01-06 11:00:00,802.62
2018-01-06 12:00:00,781.33
2018-01-06 13:00:00,674.47
2018-01-06 14:00:00,506.85
2018-01-06 15:00:00,317.7
2018-01-06 16:00:00,103.47
2018-01-06 17:00:00,5.25
2018-01-06 18:00:00,0.0
2018-01-06 19:00:00,0.0
2018-01-06 20:00:00,0.0
2018-01-06 21:00:00,0.0
2018-01-06 22:00:00,0.0
2018-01-06 23:00:00,0.0
2018-01-07 00:00:00,0.0
2018-01-07 01:00:00,0.0
2018-01-07 02:00:00,0.0
2018-01-07 03:00:00,0.0
2018-01-07 04:00:00,0.0
2018-01-07 05:00:00,0.0
2018-01-07 06:00:00,45.03
2018-01-07 07:00:00,234.27
2018-01-07 08:00:00,447.98
2018-01-07 09:00:00,638.2
2018-01-07 10:00:00,767.95
2018-01-07 11:00:00,817.8
2018-01-07 12:00:00,790.9
2018-01-07 13:00:00,688.5
2018-01-07 14:00:00,540.03
2018-01-07 15:00:00,340.58
2018-01-07 16:00:00,129.2
2018-01-07 17:00:00,6.07
2018-01-07 18:00:00,0.0
2018-01-07 19:00:00,0.0
2018-01-07 20:00:00,0.0
2018-01-07 21:00:00,0.0
2018-01-07 22:00:00,0.0
2018-01-07 23:00:00,0.0
2018-01-08 00:00:00,0.0
2018-01-08 01:00:00,0.0
2018-01-08 02:00:00,0.0
2018-01-08 03:00:00,0.0
2018-01-08 04:00:00,0.0
2018-01-08 05:00:00,0.0
2018-01-08 06:00:00,42.22
2018-01-08 07:00:00,210.27
2018-01-08 08:00:00,402.2
2018-01-08 09:00:00,590.97
2018-01-08 10:00:00,681.2
2018-01-08 11:00:00,732.2
2018-01-08 12:00:00,733.85
2018-01-08 13:00:00,622.08
2018-01-08 14:00:00,503.7
2018-01-08 15:00:00,304.65
2018-01-08 16:00:00,110.88
2018-01-08 17:00:00,5.8
2018-01-08 18:00:00,0.0
2018-01-08 19:00:00,0.0
2018-01-08 20:00:00,0.0
2018-01-08 21:00:00,0.0
2018-01-08 22:00:00,0.0
2018-01-08 23:00:00,0.0
2018-01-09 00:00:00,0.0
2018-01-09 01:00:00,0.0
2018-01-09 02:00:00,0.0
2018-01-09 03:00:00,0.0
2018-01-09 04:00:00,0.0
2018-01-09 05:00:00,0.0
2018-01-09 06:00:00,11.0
2018-01-09 07:00:00,79.15
2018-01-09 08:00:00,177.93
2018-01-09 09:00:00,274.3
2018-01-09 10:00:00,328.55
2018-01-09 11:00:00,352.58
2018-01-09 12:00:00,274.17
2018-01-09 13:00:00,247.4
2018-01-09 14:00:00,184.35
2018-01-09 15:00:00,110.7
2018-01-09 16:00:00,37.53
2018-01-09 17:00:00,2.38
2018-01-09 18:00:00,0.0
2018-01-09 19:00:00,0.0
2018-01-09 20:00:00,0.0
2018-01-09 21:00:00,0.0
2018-01-09 22:00:00,0.0
2018-01-09 23:00:00,0.0
2018-01-10 00:00:00,0.0
2018-01-10 01:00:00,0.0
2018-01-10 02:00:00,0.0
2018-01-10 03:00:00,0.0
2018-01-10 04:00:00,0.0
2018-01-10 05:00:00,0.0
2018-01-10 06:00:00,19.85
2018-01-10 07:00:00,83.2
2018-01-10 08:00:00,144.75
2018-01-10 09:00:00,297.23
2018-01-10 10:00:00,353.05
2018-01-10 11:00:00,461.98
2018-01-10 12:00:00,476.23
2018-01-10 13:00:00,423.15
2018-01-10 14:00:00,193.75
2018-01-10 15:00:00,163.25
2018-01-10 16:00:00,69.95
2018-01-10 17:00:00,4.78
2018-01-10 18:00:00,0.0
2018-01-10 19:00:00,0.0
2018-01-10 20:00:00,0.0
2018-01-10 21:00:00,0.0
2018-01-10 22:00:00,0.0
2018-01-10 23:00:00,0.0
2018-01-11 00:00:00,0.0
2018-01-11 01:00:00,0.0
2018-01-11 02:00:00,0.0
2018-01-11 03:00:00,0.0
2018-01-11 04:00:00,0.0
2018-01-11 05:00:00,0.0
2018-01-11 06:00:00,38.95
2018-01-11 07:00:00,193.35
2018-01-11 08:00:00,370.23
2018-01-11 09:00:00,565.05
2018-01-11 10:00:00,654.05
2018-01-11 11:00:00,759.88
2018-01-11 12:00:00,752.47
2018-01-11 13:00:00,681.4
2018-01-11 14:00:00,544.9
2018-01-11 15:00:00,350.83
2018-01-11 16:00:00,143.18
2018-01-11 17:00:00,7.8
2018-01-11 18:00:00,0.0
2018-01-11 19:00:00,0.0
2018-01-11 20:00:00,0.0
2018-01-11 21:00:00,0.0
2018-01-11 22:00:00,0.0
2018-01-11 23:00:00,0.0
2018-01-12 00:00:00,0.0
2018-01-12 01:00:00,0.0
2018-01-12 02:00:00,0.0
2018-01-12 03:00:00,0.0
2018-01-12 04:00:00,0.0
2018-01-12 05:00:00,0.0
2018-01-12 06:00:00,40.25
2018-01-12 07:00:00,208.5
2018-01-12 08:00:00,406.75
2018-01-12 09:00:00,622.15
2018-01-12 10:00:00,665.78
2018-01-12 11:00:00,738.62
2018-01-12 12:00:00,795.78
2018-01-12 13:00:00,695.47
2018-01-12 14:00:00,554.42
2018-01-12 15:00:00,362.77
2018-01-12 16:00:00,144.18
2018-01-12 17:00:00,8.45
2018-01-12 18:00:00,0.0
2018-01-12 19:00:00,0.0
2018-01-12 20:00:00,0.0
2018-01-12 21:00:00,0.0
2018-01-12 22:00:00,0.0
2018-01-12 23:00:00,0.0
2018-01-13 00:00:00,0.0
2018-01-13 01:00:00,0.0
2018-01-13 02:00:00,0.0
2018-01-13 03:00:00,0.0
2018-01-13 04:00:00,0.0
2018-01-13 05:00:00,0.0
2018-01-13 06:00:00,45.53
2018-01-13 07:00:00,214.55
2018-01-13 08:00:00,396.65
2018-01-13 09:00:00,625.35
2018-01-13 10:00:00,783.53
2018-01-13 11:00:00,719.28
2018-01-13 12:00:00,764.47
2018-01-13 13:00:00,757.88
2018-01-13 14:00:00,607.9
2018-01-13 15:00:00,398.85
2018-01-13 16:00:00,130.32
2018-01-13 17:00:00,9.07
2018-01-13 18:00:00,0.0
2018-01-13 19:00:00,0.0
2018-01-13 20:00:00,0.0
2018-01-13 21:00:00,0.0
2018-01-13 22:00:00,0.0
2018-01-13 23:00:00,0.0
2018-01-14 00:00:00,0.0
2018-01-14 01:00:00,0.0
2018-01-14 02:00:00,0.0
2018-01-14 03:00:00,0.0
2018-01-14 04:00:00,0.0
2018-01-14 05:00:00,0.0
2018-01-14 06:00:00,46.12
2018-01-14 07:00:00,226.3
2018-01-14 08:00:00,417.77
2018-01-14 09:00:00,613.45
2018-01-14 10:00:00,745.15
2018-01-14 11:00:00,682.0
2018-01-14 12:00:00,768.3
2018-01-14 13:00:00,654.83
2018-01-14 14:00:00,556.9
2018-01-14 15:00:00,352.48
2018-01-14 16:00:00,136.88
2018-01-14 17:00:00,8.07
2018-01-14 18:00:00,0.0
2018-01-14 19:00:00,0.0
2018-01-14 20:00:00,0.0
2018-01-14 21:00:00,0.0
2018-01-14 22:00:00,0.0
2018-01-14 23:00:00,0.0
2018-01-15 00:00:00,0.0
2018-01-15 01:00:00,0.0
2018-01-15 02:00:00,0.0
2018-01-15 03:00:00,0.0
2018-01-15 04:00:00,0.0
2018-01-15 05:00:00,0.0
2018-01-15 06:00:00,32.7
2018-01-15 07:00:00,183.15
2018-01-15 08:00:00,355.65
2018-01-15 09:00:00,526.17
2018-01-15 10:00:00,672.25
2018-01-15 11:00:00,802.67
2018-01-15 12:00:00,802.58
2018-01-15 13:00:00,718.25
2018-01-15 14:00:00,570.03
2018-01-15 15:00:00,371.52
2018-01-15 16:00:00,151.95
2018-01-15 17:00:00,9.12
2018-01-15 18:00:00,0.0
2018-01-15 19:00:00,0.0
2018-01-15 20:00:00,0.0
2018-01-15 21:00:00,0.0
2018-01-15 22:00:00,0.0
2018-01-15 23:00:00,0.0
2018-01-16 00:00:00,0.0
2018-01-16 01:00:00,0.0
2018-01-16 02:00:00,0.0
2018-01-16 03:00:00,0.0
2018-01-16 04:00:00,0.0
2018-01-16 05:00:00,0.0
2018-01-16 06:00:00,39.03
2018-01-16 07:00:00,207.32
2018-01-16 08:00:00,381.0
2018-01-16 09:00:00,546.2
2018-01-16 10:00:00,637.83
2018-01-16 11:00:00,706.45
2018-01-16 12:00:00,653.2
2018-01-16 13:00:00,615.83
2018-01-16 14:00:00,497.17
2018-01-16 15:00:00,296.83
2018-01-16 16:00:00,112.0
2018-01-16 17:00:00,7.8
2018-01-16 18:00:00,0.0
2018-01-16 19:00:00,0.0
2018-01-16 20:00:00,0.0
2018-01-16 21:00:00,0.0
2018-01-16 22:00:00,0.0
2018-01-16 23:00:00,0.0
2018-01-17 00:00:00,0.0
2018-01-17 01:00:00,0.0
2018-01-17 02:00:00,0.0
2018-01-17 03:00:00,0.0
2018-01-17 04:00:00,0.0
2018-01-17 05:00:00,0.0
2018-01-17 06:00:00,38.22
2018-01-17 07:00:00,212.93
2018-01-17 08:00:00,414.45
2018-01-17 09:00:00,626.15
2018-01-17 10:00:00,746.6
2018-01-17 11:00:00,833.62
2018-01-17 12:00:00,841.7
2018-01-17 13:00:00,745.83
2018-01-17 14:00:00,605.67
2018-01-17 15:00:00,400.95
2018-01-17 16:00:00,163.5
2018-01-17 17:00:00,10.35
2018-01-17 18:00:00,0.0
2018-01-17 19:00:00,0.0
2018-01-17 20:00:00,0.0
2018-01-17 21:00:00,0.0
2018-01-17 22:00:00,0.0
2018-01-17 23:00:00,0.0
2018-01-18 00:00:00,0.0
2018-01-18 01:00:00,0.0
2018-01-18 02:00:00,0.0
2018-01-18 03:00:00,0.0
2018-01-18 04:00:00,0.0
2018-01-18 05:00:00,0.0
2018-01-18 06:00:00,41.53
2018-01-18 07:00:00,226.75
2018-01-18 08:00:00,446.42
2018-01-18 09:00:00,647.42
2018-01-18 10:00:00,758.3
2018-01-18 11:00:00,757.53
2018-01-18 12:00:00,756.72
2018-01-18 13:00:00,714.3
2018-01-18 14:00:00,534.53
2018-01-18 15:00:00,376.73
2018-01-18 16:00:00,152.8
2018-01-18 17:00:00,10.1
2018-01-18 18:00:00,0.0
2018-01-18 19:00:00,0.0
2018-01-18 20:00:00,0.0
2018-01-18 21:00:00,0.0
2018-01-18 22:00:00,0.0
2018-01-18 23:00:00,0.0
2018-01-19 00:00:00,0.0
2018-01-19 01:00:00,0.0
2018-01-19 02:00:00,0.0
2018-01-19 03:00:00,0.0
2018-01-19 04:00:00,0.0
2018-01-19 05:00:00,0.0
2018-01-19 06:00:00,30.5
2018-01-19 07:00:00,160.45
2018-01-19 08:00:00,360.5
2018-01-19 09:00:00,521.42
2018-01-19 10:00:00,728.55
2018-01-19 11:00:00,820.65
2018-01-19 12:00:00,812.38
2018-01-19 13:00:00,711.58
2018-01-19 14:00:00,553.72
2018-01-19 15:00:00,373.6
2018-01-19 16:00:00,151.75
2018-01-19 17:00:00,10.4
2018-01-19 18:00:00,0.0
2018-01-19 19:00:00,0.0
2018-01-19 20:00:00,0.0
2018-01-19 21:00:00,0.0
2018-01-19 22:00:00,0.0
2018-01-19 23:00:00,0.0
2018-01-20 00:00:00,0.0
2018-01-20 01:00:00,0.0
2018-01-20 02:00:00,0.0
2018-01-20 03:00:00,0.0
2018-01-20 04:00:00,0.0
2018-01-20 05:00:00,0.0
2018-01-20 06:00:00,23.88
2018-01-20 07:00:00,149.05
2018-01-20 08:00:00,344.88
2018-01-20 09:00:00,560.42
2018-01-20 10:00:00,670.1
2018-01-20 11:00:00,770.08
2018-01-20 12:00:00,795.72
2018-01-20 13:00:00,692.55
2018-01-20 14:00:00,539.53
2018-01-20 15:00:00,351.73
2018-01-20 16:00:00,132.98
2018-01-20 17:00:00,9.3
2018-01-20 18:00:00,0.0
2018-01-20 19:00:00,0.0
2018-01-20 20:00:00,0.0
2018-01-20 21:00:00,0.0
2018-01-20 22:00:00,0.0
2018-01-20 23:00:00,0.0
2018-01-21 00:00:00,0.0
2018-01-21 01:00:00,0.0
2018-01-21 02:00:00,0.0
2018-01-21 03:00:00,0.0
2018-01-21 04:00:00,0.0
2018-01-21 05:00:00,0.0
2018-01-21 06:00:00,38.17
2018-01-21 07:00:00,208.38
2018-01-21 08:00:00,398.48
2018-01-21 09:00:00,578.65
2018-01-21 10:00:00,692.88
2018-01-21 11:00:00,771.4
2018-01-21 12:00:00,775.65
2018-01-21 13:00:00,668.15
2018-01-21 14:00:00,541.25
2018-01-21 15:00:00,353.15
2018-01-21 16:00:00,134.5
2018-01-21 17:00:00,9.32
2018-01-21 18:00:00,0.0
2018-01-21 19:00:00,0.0
2018-01-21 20:00:00,0.0
2018-01-21 21:00:00,0.0
2018-01-21 22:00:00,0.0
2018-01-21 23:00:00,0.0
2018-01-22 00:00:00,0.0
2018-01-22 01:00:00,0.0
2018-01-22 02:00:00,0.0
2018-01-22 03:00:00,0.0
2018-01-22 04:00:00,0.0
2018-01-22 05:00:00,0.0
2018-01-22 06:00:00,34.25
2018-01-22 07:00:00,203.02
2018-01-22 08:00:00,420.25
2018-01-22 09:00:00,611.2
2018-01-22 10:00:00,709.28
2018-01-22 11:00:00,781.6
2018-01-22 12:00:00,762.75
2018-01-22 13:00:00,625.33
2018-01-22 14:00:00,481.2
2018-01-22 15:00:00,308.65
2018-01-22 16:00:00,128.18
2018-01-22 17:00:00,11.02
2018-01-22 18:00:00,0.0
2018-01-22 19:00:00,0.0
2018-01-22 20:00:00,0.0
2018-01-22 21:00:00,0.0
2018-01-22 22:00:00,0.0
2018-01-22 23:00:00,0.0
2018-01-23 00:00:00,0.0
2018-01-23 01:00:00,0.0
2018-01-23 02:00:00,0.0
2018-01-23 03:00:00,0.0
2018-01-23 04:00:00,0.0
2018-01-23 05:00:00,0.0
2018-01-23 06:00:00,40.17
2018-01-23 07:00:00,214.02
2018-01-23 08:00:00,411.88
2018-01-23 09:00:00,598.38
2018-01-23 10:00:00,719.47
2018-01-23 11:00:00,783.03
2018-01-23 12:00:00,762.78
2018-01-23 13:00:00,700.9
2018-01-23 14:00:00,545.67
2018-01-23 15:00:00,351.9
2018-01-23 16:00:00,145.5
2018-01-23 17:00:00,11.57
2018-01-23 18:00:00,0.0
2018-01-23 19:00:00,0.0
2018-01-23 20:00:00,0.0
2018-01-23 21:00:00,0.0
2018-01-23 22:00:00,0.0
2018-01-23 23:00:00,0.0
2018-01-24 00:00:00,0.0
2018-01-24 01:00:00,0.0
2018-01-24 02:00:00,0.0
2018-01-24 03:00:00,0.0
2018-01-24 04:00:00,0.0
2018-01-24 05:00:00,0.0
2018-01-24 06:00:00,36.5
2018-01-24 07:00:00,203.85
2018-01-24 08:00:00,401.15
2018-01-24 09:00:00,584.55
2018-01-24 10:00:00,724.6
2018-01-24 11:00:00,778.95
2018-01-24 12:00:00,708.05
2018-01-24 13:00:00,679.1
2018-01-24 14:00:00,525.1
2018-01-24 15:00:00,332.27
2018-01-24 16:00:00,133.62
2018-01-24 17:00:00,10.75
2018-01-24 18:00:00,0.0
2018-01-24 19:00:00,0.0
2018-01-24 20:00:00,0.0
2018-01-24 21:00:00,0.0
2018-01-24 22:00:00,0.0
2018-01-24 23:00:00,0.0
2018-01-25 00:00:00,0.0
2018-01-25 01:00:00,0.0
2018-01-25 02:00:00,0.0
2018-01-25 03:00:00,0.0
2018-01-25 04:00:00,0.0
2018-01-25 05:00:00,0.0
2018-01-25 06:00:00,34.75
2018-01-25 07:00:00,199.95
2018-01-25 08:00:00,398.62
2018-01-25 09:00:00,405.92
2018-01-25 10:00:00,673.7
2018-01-25 11:00:00,826.08
2018-01-25 12:00:00,817.83
2018-01-25 13:00:00,731.5
2018-01-25 14:00:00,577.83
2018-01-25 15:00:00,267.33
2018-01-25 16:00:00,99.72
2018-01-25 17:00:00,12.91
2018-01-25 18:00:00,0.0
2018-01-25 19:00:00,0.0
2018-01-25 20:00:00,0.0
2018-01-25 21:00:00,0.0
2018-01-25 22:00:00,0.0
2018-01-25 23:00:00,0.0
2018-01-26 00:00:00,0.0
2018-01-26 01:00:00,0.0
2018-01-26 02:00:00,0.0
2018-01-26 03:00:00,0.0
2018-01-26 04:00:00,0.0
2018-01-26 05:00:00,0.0
2018-01-26 06:00:00,34.38
2018-01-26 07:00:00,195.85
2018-01-26 08:00:00,396.8
2018-01-26 09:00:00,649.17
2018-01-26 10:00:00,671.3
2018-01-26 11:00:00,778.92
2018-01-26 12:00:00,814.83
2018-01-26 13:00:00,733.17
2018-01-26 14:00:00,572.12
2018-01-26 15:00:00,366.92
2018-01-26 16:00:00,149.2
2018-01-26 17:00:00,12.85
2018-01-26 18:00:00,0.0
2018-01-26 19:00:00,0.0
2018-01-26 20:00:00,0.0
2018-01-26 21:00:00,0.0
2018-01-26 22:00:00,0.0
2018-01-26 23:00:00,0.0
2018-01-27 00:00:00,0.0
2018-01-27 01:00:00,0.0
2018-01-27 02:00:00,0.0
2018-01-27 03:00:00,0.0
2018-01-27 04:00:00,0.0
2018-01-27 05:00:00,0.0
2018-01-27 06:00:00,36.05
2018-01-27 07:00:00,196.73
2018-01-27 08:00:00,381.62
2018-01-27 09:00:00,568.22
2018-01-27 10:00:00,690.9
2018-01-27 11:00:00,759.8
2018-01-27 12:00:00,756.88
2018-01-27 13:00:00,656.97
2018-01-27 14:00:00,516.25
2018-01-27 15:00:00,327.95
2018-01-27 16:00:00,134.85
2018-01-27 17:00:00,11.98
2018-01-27 18:00:00,0.0
2018-01-27 19:00:00,0.0
2018-01-27 20:00:00,0.0
2018-01-27 21:00:00,0.0
2018-01-27 22:00:00,0.0
2018-01-27 23:00:00,0.0
2018-01-28 00:00:00,0.0
2018-01-28 01:00:00,0.0
2018-01-28 02:00:00,0.0
2018-01-28 03:00:00,0.0
2018-01-28 04:00:00,0.0
2018-01-28 05:00:00,0.0
2018-01-28 06:00:00,35.5
2018-01-28 07:00:00,201.57
2018-01-28 08:00:00,401.77
2018-01-28 09:00:00,631.0
2018-01-28 10:00:00,740.62
2018-01-28 11:00:00,807.0
2018-01-28 12:00:00,826.12
2018-01-28 13:00:00,743.7
2018-01-28 14:00:00,590.53
2018-01-28 15:00:00,388.95
2018-01-28 16:00:00,164.15
2018-01-28 17:00:00,11.95
2018-01-28 18:00:00,0.0
2018-01-28 19:00:00,0.0
2018-01-28 20:00:00,0.0
2018-01-28 21:00:00,0.0
2018-01-28 22:00:00,0.0
2018-01-28 23:00:00,0.0
2018-01-29 00:00:00,0.0
2018-01-29 01:00:00,0.0
2018-01-29 02:00:00,0.0
2018-01-29 03:00:00,0.0
2018-01-29 04:00:00,0.0
2018-01-29 05:00:00,0.0
2018-01-29 06:00:00,39.45
2018-01-29 07:00:00,214.5
2018-01-29 08:00:00,415.4
2018-01-29 09:00:00,635.75
2018-01-29 10:00:00,779.2
2018-01-29 11:00:00,693.15
2018-01-29 12:00:00,771.05
2018-01-29 13:00:00,733.58
2018-01-29 14:00:00,612.67
2018-01-29 15:00:00,402.3
2018-01-29 16:00:00,178.27
2018-01-29 17:00:00,15.68
2018-01-29 18:00:00,0.0
2018-01-29 19:00:00,0.0
2018-01-29 20:00:00,0.0
2018-01-29 21:00:00,0.0
2018-01-29 22:00:00,0.0
2018-01-29 23:00:00,0.0
2018-01-30 00:00:00,0.0
2018-01-30 01:00:00,0.0
2018-01-30 02:00:00,0.0
2018-01-30 03:00:00,0.0
2018-01-30 04:00:00,0.0
2018-01-30 05:00:00,0.0
2018-01-30 06:00:00,32.75
2018-01-30 07:00:00,249.45
2018-01-30 08:00:00,481.75
2018-01-30 09:00:00,666.38
2018-01-30 10:00:00,806.5
2018-01-30 11:00:00,891.53
2018-01-30 12:00:00,858.53
2018-01-30 13:00:00,799.58
2018-01-30 14:00:00,642.5
2018-01-30 15:00:00,431.77
2018-01-30 16:00:00,195.32
2018-01-30 17:00:00,16.7
2018-01-30 18:00:00,0.0
2018-01-30 19:00:00,0.0
2018-01-30 20:00:00,0.0
2018-01-30 21:00:00,0.0
2018-01-30 22:00:00,0.0
2018-01-30 23:00:00,0.0
2018-01-31 00:00:00,0.0
2018-01-31 01:00:00,0.0
2018-01-31 02:00:00,0.0
2018-01-31 03:00:00,0.0
2018-01-31 04:00:00,0.0
2018-01-31 05:00:00,0.0
2018-01-31 06:00:00,38.2
2018-01-31 07:00:00,270.05
2018-01-31 08:00:00,505.67
2018-01-31 09:00:00,719.75
2018-01-31 10:00:00,810.17
2018-01-31 11:00:00,895.4
2018-01-31 12:00:00,882.22
2018-01-31 13:00:00,774.58
2018-01-31 14:00:00,636.95
2018-01-31 15:00:00,427.15
2018-01-31 16:00:00,191.6
2018-01-31 17:00:00,15.98
2018-01-31 18:00:00,0.0
2018-01-31 19:00:00,0.0
2018-01-31 20:00:00,0.0
2018-01-31 21:00:00,0.0
2018-01-31 22:00:00,0.0
2018-01-31 23:00:00,0.0
2018-02-01 00:00:00,0.0
2018-02-01 01:00:00,0.0
2018-02-01 02:00:00,0.0
2018-02-01 03:00:00,0.0
2018-02-01 04:00:00,0.0
2018-02-01 05:00:00,0.0
2018-02-01 06:00:00,38.58
2018-02-01 07:00:00,233.9
2018-02-01 08:00:00,409.08
2018-02-01 09:00:00,637.08
2018-02-01 10:00:00,863.25
2018-02-01 11:00:00,926.28
2018-02-01 12:00:00,718.65
2018-02-01 13:00:00,785.67
2018-02-01 14:00:00,628.62
2018-02-01 15:00:00,418.02
2018-02-01 16:00:00,186.9
2018-02-01 17:00:00,16.73
2018-02-01 18:00:00,0.0
2018-02-01 19:00:00,0.0
2018-02-01 20:00:00,0.0
2018-02-01 21:00:00,0.0
2018-02-01 22:00:00,0.0
2018-02-01 23:00:00,0.0
2018-02-02 00:00:00,0.0
2018-02-02 01:00:00,0.0
2018-02-02 02:00:00,0.0
2018-02-02 03:00:00,0.0
2018-02-02 04:00:00,0.0
2018-02-02 05:00:00,0.0
2018-02-02 06:00:00,40.88
2018-02-02 07:00:00,219.5
2018-02-02 08:00:00,517.25
2018-02-02 09:00:00,650.85
2018-02-02 10:00:00,803.1
2018-02-02 11:00:00,910.28
2018-02-02 12:00:00,907.05
2018-02-02 13:00:00,813.05
2018-02-02 14:00:00,667.67
2018-02-02 15:00:00,454.33
2018-02-02 16:00:00,211.95
2018-02-02 17:00:00,19.62
2018-02-02 18:00:00,0.0
2018-02-02 19:00:00,0.0
2018-02-02 20:00:00,0.0
2018-02-02 21:00:00,0.0
2018-02-02 22:00:00,0.0
2018-02-02 23:00:00,0.0
2018-02-03 00:00:00,0.0
2018-02-03 01:00:00,0.0
2018-02-03 02:00:00,0.0
2018-02-03 03:00:00,0.0
2018-02-03 04:00:00,0.0
2018-02-03 05:00:00,0.0
2018-02-03 06:00:00,38.22
2018-02-03 07:00:00,216.3
2018-02-03 08:00:00,430.05
2018-02-03 09:00:00,601.12
2018-02-03 10:00:00,779.53
2018-02-03 11:00:00,898.78
2018-02-03 12:00:00,818.5
2018-02-03 13:00:00,813.22
2018-02-03 14:00:00,646.62
2018-02-03 15:00:00,434.42
2018-02-03 16:00:00,178.55
2018-02-03 17:00:00,15.82
2018-02-03 18:00:00,0.0
2018-02-03 19:00:00,0.0
2018-02-03 20:00:00,0.0
2018-02-03 21:00:00,0.0
2018-02-03 22:00:00,0.0
2018-02-03 23:00:00,0.0
2018-02-04 00:00:00,0.0
2018-02-04 01:00:00,0.0
2018-02-04 02:00:00,0.0
2018-02-04 03:00:00,0.0
2018-02-04 04:00:00,0.0
2018-02-04 05:00:00,0.0
2018-02-04 06:00:00,42.92
2018-02-04 07:00:00,232.27
2018-02-04 08:00:00,478.17
2018-02-04 09:00:00,660.8
2018-02-04 10:00:00,844.95
2018-02-04 11:00:00,913.97
2018-02-04 12:00:00,900.97
2018-02-04 13:00:00,741.95
2018-02-04 14:00:00,608.92
2018-02-04 15:00:00,444.8
2018-02-04 16:00:00,202.3
2018-02-04 17:00:00,19.75
2018-02-04 18:00:00,0.0
2018-02-04 19:00:00,0.0
2018-02-04 20:00:00,0.0
2018-02-04 21:00:00,0.0
2018-02-04 22:00:00,0.0
2018-02-04 23:00:00,0.0
2018-02-05 00:00:00,0.0
2018-02-05 01:00:00,0.0
2018-02-05 02:00:00,0.0
2018-02-05 03:00:00,0.0
2018-02-05 04:00:00,0.0
2018-02-05 05:00:00,0.0
2018-02-05 06:00:00,38.95
2018-02-05 07:00:00,200.8
2018-02-05 08:00:00,413.8
2018-02-05 09:00:00,601.72
2018-02-05 10:00:00,733.28
2018-02-05 11:00:00,830.12
2018-02-05 12:00:00,765.08
2018-02-05 13:00:00,696.53
2018-02-05 14:00:00,602.65
2018-02-05 15:00:00,393.98
2018-02-05 16:00:00,178.2
2018-02-05 17:00:00,18.35
2018-02-05 18:00:00,0.0
2018-02-05 19:00:00,0.0
2018-02-05 20:00:00,0.0
2018-02-05 21:00:00,0.0
2018-02-05 22:00:00,0.0
2018-02-05 23:00:00,0.0
2018-02-06 00:00:00,0.0
2018-02-06 01:00:00,0.0
2018-02-06 02:00:00,0.0
2018-02-06 03:00:00,0.0
2018-02-06 04:00:00,0.0
2018-02-06 05:00:00,0.0
2018-02-06 06:00:00,41.0
2018-02-06 07:00:00,212.45
2018-02-06 08:00:00,409.27
2018-02-06 09:00:00,519.72
2018-02-06 10:00:00,601.12
2018-02-06 11:00:00,638.88
2018-02-06 12:00:00,538.2
2018-02-06 13:00:00,501.15
2018-02-06 14:00:00,317.73
2018-02-06 15:00:00,226.82
2018-02-06 16:00:00,118.12
2018-02-06 17:00:00,14.05
2018-02-06 18:00:00,0.0
2018-02-06 19:00:00,0.0
2018-02-06 20:00:00,0.0
2018-02-06 21:00:00,0.0
2018-02-06 22:00:00,0.0
2018-02-06 23:00:00,0.0
2018-02-07 00:00:00,0.0
2018-02-07 01:00:00,0.0
2018-02-07 02:00:00,0.0
2018-02-07 03:00:00,0.0
2018-02-07 04:00:00,0.0
2018-02-07 05:00:00,0.0
2018-02-07 06:00:00,39.88
2018-02-07 07:00:00,204.88
2018-02-07 08:00:00,431.83
2018-02-07 09:00:00,594.45
2018-02-07 10:00:00,730.38
2018-02-07 11:00:00,767.88
2018-02-07 12:00:00,791.12
2018-02-07 13:00:00,733.0
2018-02-07 14:00:00,566.03
2018-02-07 15:00:00,373.23
2018-02-07 16:00:00,167.4
2018-02-07 17:00:00,17.92
2018-02-07 18:00:00,0.0
2018-02-07 19:00:00,0.0
2018-02-07 20:00:00,0.0
2018-02-07 21:00:00,0.0
2018-02-07 22:00:00,0.0
2018-02-07 23:00:00,0.0
2018-02-08 00:00:00,0.0
2018-02-08 01:00:00,0.0
2018-02-08 02:00:00,0.0
2018-02-08 03:00:00,0.0
2018-02-08 04:00:00,0.0
2018-02-08 05:00:00,0.0
2018-02-08 06:00:00,26.17
2018-02-08 07:00:00,147.68
2018-02-08 08:00:00,288.67
2018-02-08 09:00:00,470.75
2018-02-08 10:00:00,606.85
2018-02-08 11:00:00,798.92
2018-02-08 12:00:00,762.55
2018-02-08 13:00:00,723.83
2018-02-08 14:00:00,565.03
2018-02-08 15:00:00,372.98
2018-02-08 16:00:00,170.75
2018-02-08 17:00:00,18.73
2018-02-08 18:00:00,0.0
2018-02-08 19:00:00,0.0
2018-02-08 20:00:00,0.0
2018-02-08 21:00:00,0.0
2018-02-08 22:00:00,0.0
2018-02-08 23:00:00,0.0
2018-02-09 00:00:00,0.0
2018-02-09 01:00:00,0.0
2018-02-09 02:00:00,0.0
2018-02-09 03:00:00,0.0
2018-02-09 04:00:00,0.0
2018-02-09 05:00:00,0.0
2018-02-09 06:00:00,44.33
2018-02-09 07:00:00,233.93
2018-02-09 08:00:00,456.58
2018-02-09 09:00:00,665.5
2018-02-09 10:00:00,799.2
2018-02-09 11:00:00,824.02
2018-02-09 12:00:00,642.88
2018-02-09 13:00:00,788.67
2018-02-09 14:00:00,637.1
2018-02-09 15:00:00,427.85
2018-02-09 16:00:00,193.8
2018-02-09 17:00:00,20.4
2018-02-09 18:00:00,0.0
2018-02-09 19:00:00,0.0
2018-02-09 20:00:00,0.0
2018-02-09 21:00:00,0.0
2018-02-09 22:00:00,0.0
2018-02-09 23:00:00,0.0
2018-02-10 00:00:00,0.0
2018-02-10 01:00:00,0.0
2018-02-10 02:00:00,0.0
2018-02-10 03:00:00,0.0
2018-02-10 04:00:00,0.0
2018-02-10 05:00:00,0.0
2018-02-10 06:00:00,39.47
2018-02-10 07:00:00,206.8
2018-02-10 08:00:00,419.7
2018-02-10 09:00:00,621.05
2018-02-10 10:00:00,711.8
2018-02-10 11:00:00,655.4
2018-02-10 12:00:00,755.8
2018-02-10 13:00:00,674.38
2018-02-10 14:00:00,559.9
2018-02-10 15:00:00,369.12
2018-02-10 16:00:00,156.18
2018-02-10 17:00:00,13.07
2018-02-10 18:00:00,0.0
2018-02-10 19:00:00,0.0
2018-02-10 20:00:00,0.0
2018-02-10 21:00:00,0.0
2018-02-10 22:00:00,0.0
2018-02-10 23:00:00,0.0
2018-02-11 00:00:00,0.0
2018-02-11 01:00:00,0.0
2018-02-11 02:00:00,0.0
2018-02-11 03:00:00,0.0
2018-02-11 04:00:00,0.0
2018-02-11 05:00:00,0.0
2018-02-11 06:00:00,46.8
2018-02-11 07:00:00,239.45
2018-02-11 08:00:00,452.65
2018-02-11 09:00:00,663.3
2018-02-11 10:00:00,704.05
2018-02-11 11:00:00,830.2
2018-02-11 12:00:00,880.22
2018-02-11 13:00:00,767.22
2018-02-11 14:00:00,569.5
2018-02-11 15:00:00,377.15
2018-02-11 16:00:00,166.5
2018-02-11 17:00:00,15.0
2018-02-11 18:00:00,0.0
2018-02-11 19:00:00,0.0
2018-02-11 20:00:00,0.0
2018-02-11 21:00:00,0.0
2018-02-11 22:00:00,0.0
2018-02-11 23:00:00,0.0
2018-02-12 00:00:00,0.0
2018-02-12 01:00:00,0.0
2018-02-12 02:00:00,0.0
2018-02-12 03:00:00,0.0
2018-02-12 04:00:00,0.0
2018-02-12 05:00:00,0.0
2018-02-12 06:00:00,43.7
2018-02-12 07:00:00,208.18
2018-02-12 08:00:00,415.98
2018-02-12 09:00:00,611.0
2018-02-12 10:00:00,740.25
2018-02-12 11:00:00,825.05
2018-02-12 12:00:00,821.33
2018-02-12 13:00:00,744.03
2018-02-12 14:00:00,598.33
2018-02-12 15:00:00,390.58
2018-02-12 16:00:00,181.6
2018-02-12 17:00:00,20.27
2018-02-12 18:00:00,0.0
2018-02-12 19:00:00,0.0
2018-02-12 20:00:00,0.0
2018-02-12 21:00:00,0.0
2018-02-12 22:00:00,0.0
2018-02-12 23:00:00,0.0
2018-02-13 00:00:00,0.0
2018-02-13 01:00:00,0.0
2018-02-13 02:00:00,0.0
2018-02-13 03:00:00,0.0
2018-02-13 04:00:00,0.0
2018-02-13 05:00:00,0.0
2018-02-13 06:00:00,42.7
2018-02-13 07:00:00,192.1
2018-02-13 08:00:00,380.75
2018-02-13 09:00:00,564.35
2018-02-13 10:00:00,641.2
2018-02-13 11:00:00,711.25
2018-02-13 12:00:00,751.12
2018-02-13 13:00:00,645.2
2018-02-13 14:00:00,499.7
2018-02-13 15:00:00,339.9
2018-02-13 16:00:00,152.18
2018-02-13 17:00:00,18.35
2018-02-13 18:00:00,0.0
2018-02-13 19:00:00,0.0
2018-02-13 20:00:00,0.0
2018-02-13 21:00:00,0.0
2018-02-13 22:00:00,0.0
2018-02-13 23:00:00,0.0
2018-02-14 00:00:00,0.0
2018-02-14 01:00:00,0.0
2018-02-14 02:00:00,0.0
2018-02-14 03:00:00,0.0
2018-02-14 04:00:00,0.0
2018-02-14 05:00:00,0.0
2018-02-14 06:00:00,46.88
2018-02-14 07:00:00,237.73
2018-02-14 08:00:00,473.75
2018-02-14 09:00:00,520.03
2018-02-14 10:00:00,811.97
2018-02-14 11:00:00,713.58
2018-02-14 12:00:00,717.55
2018-02-14 13:00:00,783.42
2018-02-14 14:00:00,607.67
2018-02-14 15:00:00,412.33
2018-02-14 16:00:00,196.05
2018-02-14 17:00:00,21.33
2018-02-14 18:00:00,0.0
2018-02-14 19:00:00,0.0
2018-02-14 20:00:00,0.0
2018-02-14 21:00:00,0.0
2018-02-14 22:00:00,0.0
2018-02-14 23:00:00,0.0
2018-02-15 00:00:00,0.0
2018-02-15 01:00:00,0.0
2018-02-15 02:00:00,0.0
2018-02-15 03:00:00,0.0
2018-02-15 04:00:00,0.0
2018-02-15 05:00:00,0.0
2018-02-15 06:00:00,48.65
2018-02-15 07:00:00,229.12
2018-02-15 08:00:00,431.02
2018-02-15 09:00:00,641.17
2018-02-15 10:00:00,775.89
2018-02-15 11:00:00,688.88
2018-02-15 12:00:00,810.35
2018-02-15 13:00:00,694.55
2018-02-15 14:00:00,561.45
2018-02-15 15:00:00,379.4
2018-02-15 16:00:00,168.5
2018-02-15 17:00:00,15.57
2018-02-15 18:00:00,0.0
2018-02-15 19:00:00,0.0
2018-02-15 20:00:00,0.0
2018-02-15 21:00:00,0.0
2018-02-15 22:00:00,0.0
2018-02-15 23:00:00,0.0
2018-02-16 00:00:00,0.0
2018-02-16 01:00:00,0.0
2018-02-16 02:00:00,0.0
2018-02-16 03:00:00,0.0
2018-02-16 04:00:00,0.0
2018-02-16 05:00:00,0.0
2018-02-16 06:00:00,49.85
2018-02-16 07:00:00,200.18
2018-02-16 08:00:00,370.38
2018-02-16 09:00:00,643.7
2018-02-16 10:00:00,841.33
2018-02-16 11:00:00,908.5
2018-02-16 12:00:00,859.35
2018-02-16 13:00:00,823.5
2018-02-16 14:00:00,656.1
2018-02-16 15:00:00,437.9
2018-02-16 16:00:00,207.48
2018-02-16 17:00:00,21.3
2018-02-16 18:00:00,0.0
2018-02-16 19:00:00,0.0
2018-02-16 20:00:00,0.0
2018-02-16 21:00:00,0.0
2018-02-16 22:00:00,0.0
2018-02-16 23:00:00,0.0
2018-02-17 00:00:00,0.0
2018-02-17 01:00:00,0.0
2018-02-17 02:00:00,0.0
2018-02-17 03:00:00,0.0
2018-02-17 04:00:00,0.0
2018-02-17 05:00:00,0.0
2018-02-17 06:00:00,55.42
2018-02-17 07:00:00,260.25
2018-02-17 08:00:00,473.35
2018-02-17 09:00:00,680.1
2018-02-17 10:00:00,787.03
2018-02-17 11:00:00,850.4
2018-02-17 12:00:00,763.6
2018-02-17 13:00:00,752.35
2018-02-17 14:00:00,589.42
2018-02-17 15:00:00,391.02
2018-02-17 16:00:00,180.12
2018-02-17 17:00:00,22.5
2018-02-17 18:00:00,0.0
2018-02-17 19:00:00,0.0
2018-02-17 20:00:00,0.0
2018-02-17 21:00:00,0.0
2018-02-17 22:00:00,0.0
2018-02-17 23:00:00,0.0
2018-02-18 00:00:00,0.0
2018-02-18 01:00:00,0.0
2018-02-18 02:00:00,0.0
2018-02-18 03:00:00,0.0
2018-02-18 04:00:00,0.0
2018-02-18 05:00:00,0.0
2018-02-18 06:00:00,56.7
2018-02-18 07:00:00,269.4
2018-02-18 08:00:00,502.83
2018-02-18 09:00:00,543.05
2018-02-18 10:00:00,843.78
2018-02-18 11:00:00,935.8
2018-02-18 12:00:00,931.78
2018-02-18 13:00:00,799.35
2018-02-18 14:00:00,670.17
2018-02-18 15:00:00,455.8
2018-02-18 16:00:00,213.43
2018-02-18 17:00:00,22.92
2018-02-18 18:00:00,0.0
2018-02-18 19:00:00,0.0
2018-02-18 20:00:00,0.0
2018-02-18 21:00:00,0.0
2018-02-18 22:00:00,0.0
2018-02-18 23:00:00,0.0
2018-02-19 00:00:00,0.0
2018-02-19 01:00:00,0.0
2018-02-19 02:00:00,0.0
2018-02-19 03:00:00,0.0
2018-02-19 04:00:00,0.0
2018-02-19 05:00:00,0.0
2018-02-19 06:00:00,61.85
2018-02-19 07:00:00,275.6
2018-02-19 08:00:00,501.08
2018-02-19 09:00:00,689.33
2018-02-19 10:00:00,829.65
2018-02-19 11:00:00,801.12
2018-02-19 12:00:00,855.08
2018-02-19 13:00:00,639.17
2018-02-19 14:00:00,690.9
2018-02-19 15:00:00,476.85
2018-02-19 16:00:00,231.52
2018-02-19 17:00:00,27.62
2018-02-19 18:00:00,0.0
2018-02-19 19:00:00,0.0
2018-02-19 20:00:00,0.0
2018-02-19 21:00:00,0.0
2018-02-19 22:00:00,0.0
2018-02-19 23:00:00,0.0
2018-02-20 00:00:00,0.0
2018-02-20 01:00:00,0.0
2018-02-20 02:00:00,0.0
2018-02-20 03:00:00,0.0
2018-02-20 04:00:00,0.0
2018-02-20 05:00:00,0.0
2018-02-20 06:00:00,63.92
2018-02-20 07:00:00,283.08
2018-02-20 08:00:00,517.92
2018-02-20 09:00:00,697.85
2018-02-20 10:00:00,830.42
2018-02-20 11:00:00,858.3
2018-02-20 12:00:00,901.92
2018-02-20 13:00:00,824.05
2018-02-20 14:00:00,667.65
2018-02-20 15:00:00,455.65
2018-02-20 16:00:00,217.88
2018-02-20 17:00:00,25.67
2018-02-20 18:00:00,0.0
2018-02-20 19:00:00,0.0
2018-02-20 20:00:00,0.0
2018-02-20 21:00:00,0.0
2018-02-20 22:00:00,0.0
2018-02-20 23:00:00,0.0
2018-02-21 00:00:00,0.0
2018-02-21 01:00:00,0.0
2018-02-21 02:00:00,0.0
2018-02-21 03:00:00,0.0
2018-02-21 04:00:00,0.0
2018-02-21 05:00:00,0.0
2018-02-21 06:00:00,63.58
2018-02-21 07:00:00,274.23
2018-02-21 08:00:00,496.3
2018-02-21 09:00:00,693.58
2018-02-21 10:00:00,834.83
2018-02-21 11:00:00,669.1
2018-02-21 12:00:00,809.78
2018-02-21 13:00:00,852.1
2018-02-21 14:00:00,696.2
2018-02-21 15:00:00,476.95
2018-02-21 16:00:00,231.02
2018-02-21 17:00:00,27.98
2018-02-21 18:00:00,0.0
2018-02-21 19:00:00,0.0
2018-02-21 20:00:00,0.0
2018-02-21 21:00:00,0.0
2018-02-21 22:00:00,0.0
2018-02-21 23:00:00,0.0
2018-02-22 00:00:00,0.0
2018-02-22 01:00:00,0.0
2018-02-22 02:00:00,0.0
2018-02-22 03:00:00,0.0
2018-02-22 04:00:00,0.0
2018-02-22 05:00:00,0.0
2018-02-22 06:00:00,70.62
2018-02-22 07:00:00,296.75
2018-02-22 08:00:00,530.15
2018-02-22 09:00:00,742.5
2018-02-22 10:00:00,899.53
2018-02-22 11:00:00,979.58
2018-02-22 12:00:00,838.8
2018-02-22 13:00:00,848.75
2018-02-22 14:00:00,689.53
2018-02-22 15:00:00,467.08
2018-02-22 16:00:00,223.15
2018-02-22 17:00:00,25.48
2018-02-22 18:00:00,0.0
2018-02-22 19:00:00,0.0
2018-02-22 20:00:00,0.0
2018-02-22 21:00:00,0.0
2018-02-22 22:00:00,0.0
2018-02-22 23:00:00,0.0
2018-02-23 00:00:00,0.0
2018-02-23 01:00:00,0.0
2018-02-23 02:00:00,0.0
2018-02-23 03:00:00,0.0
2018-02-23 04:00:00,0.0
2018-02-23 05:00:00,0.0
2018-02-23 06:00:00,72.55
2018-02-23 07:00:00,305.27
2018-02-23 08:00:00,548.1
2018-02-23 09:00:00,738.12
2018-02-23 10:00:00,877.58
2018-02-23 11:00:00,864.45
2018-02-23 12:00:00,853.38
2018-02-23 13:00:00,846.45
2018-02-23 14:00:00,667.83
2018-02-23 15:00:00,461.15
2018-02-23 16:00:00,220.12
2018-02-23 17:00:00,24.65
2018-02-23 18:00:00,0.0
2018-02-23 19:00:00,0.0
2018-02-23 20:00:00,0.0
2018-02-23 21:00:00,0.0
2018-02-23 22:00:00,0.0
2018-02-23 23:00:00,0.0
2018-02-24 00:00:00,0.0
2018-02-24 01:00:00,0.0
2018-02-24 02:00:00,0.0
2018-02-24 03:00:00,0.0
2018-02-24 04:00:00,0.0
2018-02-24 05:00:00,0.0
2018-02-24 06:00:00,69.88
2018-02-24 07:00:00,287.05
2018-02-24 08:00:00,517.25
2018-02-24 09:00:00,710.15
2018-02-24 10:00:00,859.28
2018-02-24 11:00:00,936.83
2018-02-24 12:00:00,911.3
2018-02-24 13:00:00,787.75
2018-02-24 14:00:00,628.88
2018-02-24 15:00:00,449.65
2018-02-24 16:00:00,212.6
2018-02-24 17:00:00,24.48
2018-02-24 18:00:00,0.0
2018-02-24 19:00:00,0.0
2018-02-24 20:00:00,0.0
2018-02-24 21:00:00,0.0
2018-02-24 22:00:00,0.0
2018-02-24 23:00:00,0.0
2018-02-25 00:00:00,0.0
2018-02-25 01:00:00,0.0
2018-02-25 02:00:00,0.0
2018-02-25 03:00:00,0.0
2018-02-25 04:00:00,0.0
2018-02-25 05:00:00,0.0
2018-02-25 06:00:00,77.5
2018-02-25 07:00:00,313.27
2018-02-25 08:00:00,463.4
2018-02-25 09:00:00,695.88
2018-02-25 10:00:00,891.33
2018-02-25 11:00:00,689.95
2018-02-25 12:00:00,944.78
2018-02-25 13:00:00,764.47
2018-02-25 14:00:00,632.9
2018-02-25 15:00:00,442.48
2018-02-25 16:00:00,218.6
2018-02-25 17:00:00,29.15
2018-02-25 18:00:00,0.0
2018-02-25 19:00:00,0.0
2018-02-25 20:00:00,0.0
2018-02-25 21:00:00,0.0
2018-02-25 22:00:00,0.0
2018-02-25 23:00:00,0.0
2018-02-26 00:00:00,0.0
2018-02-26 01:00:00,0.0
2018-02-26 02:00:00,0.0
2018-02-26 03:00:00,0.0
2018-02-26 04:00:00,0.0
2018-02-26 05:00:00,0.0
2018-02-26 06:00:00,83.53
2018-02-26 07:00:00,320.3
2018-02-26 08:00:00,561.47
2018-02-26 09:00:00,670.7
2018-02-26 10:00:00,849.53
2018-02-26 11:00:00,962.65
2018-02-26 12:00:00,734.53
2018-02-26 13:00:00,730.45
2018-02-26 14:00:00,665.45
2018-02-26 15:00:00,445.12
2018-02-26 16:00:00,208.8
2018-02-26 17:00:00,23.92
2018-02-26 18:00:00,0.0
2018-02-26 19:00:00,0.0
2018-02-26 20:00:00,0.0
2018-02-26 21:00:00,0.0
2018-02-26 22:00:00,0.0
2018-02-26 23:00:00,0.0
2018-02-27 00:00:00,0.0
2018-02-27 01:00:00,0.0
2018-02-27 02:00:00,0.0
2018-02-27 03:00:00,0.0
2018-02-27 04:00:00,0.0
2018-02-27 05:00:00,0.0
2018-02-27 06:00:00,80.8
2018-02-27 07:00:00,313.62
2018-02-27 08:00:00,553.38
2018-02-27 09:00:00,727.58
2018-02-27 10:00:00,882.0
2018-02-27 11:00:00,909.9
2018-02-27 12:00:00,920.7
2018-02-27 13:00:00,819.65
2018-02-27 14:00:00,663.15
2018-02-27 15:00:00,455.8
2018-02-27 16:00:00,216.48
2018-02-27 17:00:00,28.52
2018-02-27 18:00:00,0.0
2018-02-27 19:00:00,0.0
2018-02-27 20:00:00,0.0
2018-02-27 21:00:00,0.0
2018-02-27 22:00:00,0.0
2018-02-27 23:00:00,0.0
2018-02-28 00:00:00,0.0
2018-02-28 01:00:00,0.0
2018-02-28 02:00:00,0.0
2018-02-28 03:00:00,0.0
2018-02-28 04:00:00,0.0
2018-02-28 05:00:00,0.0
2018-02-28 06:00:00,75.1
2018-02-28 07:00:00,300.65
2018-02-28 08:00:00,530.22
2018-02-28 09:00:00,738.55
2018-02-28 10:00:00,844.03
2018-02-28 11:00:00,952.53
2018-02-28 12:00:00,730.75
2018-02-28 13:00:00,857.5
2018-02-28 14:00:00,682.97
2018-02-28 15:00:00,440.45
2018-02-28 16:00:00,212.07
2018-02-28 17:00:00,26.27
2018-02-28 18:00:00,0.0
2018-02-28 19:00:00,0.0
2018-02-28 20:00:00,0.0
2018-02-28 21:00:00,0.0
2018-02-28 22:00:00,0.0
2018-02-28 23:00:00,0.0
2018-03-01 00:00:00,0.0
2018-03-01 01:00:00,0.0
2018-03-01 02:00:00,0.0
2018-03-01 03:00:00,0.0
2018-03-01 04:00:00,0.0
2018-03-01 05:00:00,0.0
2018-03-01 06:00:00,67.6
2018-03-01 07:00:00,302.67
2018-03-01 08:00:00,544.03
2018-03-01 09:00:00,733.25
2018-03-01 10:00:00,906.72
2018-03-01 11:00:00,974.62
2018-03-01 12:00:00,957.67
2018-03-01 13:00:00,884.58
2018-03-01 14:00:00,725.17
2018-03-01 15:00:00,501.17
2018-03-01 16:00:00,246.55
2018-03-01 17:00:00,29.7
2018-03-01 18:00:00,0.0
2018-03-01 19:00:00,0.0
2018-03-01 20:00:00,0.0
2018-03-01 21:00:00,0.0
2018-03-01 22:00:00,0.0
2018-03-01 23:00:00,0.0
2018-03-02 00:00:00,0.0
2018-03-02 01:00:00,0.0
2018-03-02 02:00:00,0.0
2018-03-02 03:00:00,0.0
2018-03-02 04:00:00,0.0
2018-03-02 05:00:00,0.0
2018-03-02 06:00:00,81.15
2018-03-02 07:00:00,326.58
2018-03-02 08:00:00,573.2
2018-03-02 09:00:00,781.8
2018-03-02 10:00:00,919.22
2018-03-02 11:00:00,982.17
2018-03-02 12:00:00,970.28
2018-03-02 13:00:00,862.5
2018-03-02 14:00:00,718.38
2018-03-02 15:00:00,492.98
2018-03-02 16:00:00,239.38
2018-03-02 17:00:00,27.75
2018-03-02 18:00:00,0.0
2018-03-02 19:00:00,0.0
2018-03-02 20:00:00,0.0
2018-03-02 21:00:00,0.0
2018-03-02 22:00:00,0.0
2018-03-02 23:00:00,0.0
2018-03-03 00:00:00,0.0
2018-03-03 01:00:00,0.0
2018-03-03 02:00:00,0.0
2018-03-03 03:00:00,0.0
2018-03-03 04:00:00,0.0
2018-03-03 05:00:00,0.0
2018-03-03 06:00:00,89.8
2018-03-03 07:00:00,343.5
2018-03-03 08:00:00,596.92
2018-03-03 09:00:00,762.12
2018-03-03 10:00:00,932.53
2018-03-03 11:00:00,989.38
2018-03-03 12:00:00,946.17
2018-03-03 13:00:00,890.47
2018-03-03 14:00:00,728.08
2018-03-03 15:00:00,499.23
2018-03-03 16:00:00,242.7
2018-03-03 17:00:00,29.02
2018-03-03 18:00:00,0.0
2018-03-03 19:00:00,0.0
2018-03-03 20:00:00,0.0
2018-03-03 21:00:00,0.0
2018-03-03 22:00:00,0.0
2018-03-03 23:00:00,0.0
2018-03-04 00:00:00,0.0
2018-03-04 01:00:00,0.0
2018-03-04 02:00:00,0.0
2018-03-04 03:00:00,0.0
2018-03-04 04:00:00,0.0
2018-03-04 05:00:00,0.0
2018-03-04 06:00:00,96.18
2018-03-04 07:00:00,354.42
2018-03-04 08:00:00,608.55
2018-03-04 09:00:00,818.8
2018-03-04 10:00:00,937.4
2018-03-04 11:00:00,1015.55
2018-03-04 12:00:00,1005.97
2018-03-04 13:00:00,891.0
2018-03-04 14:00:00,746.62
2018-03-04 15:00:00,515.92
2018-03-04 16:00:00,254.0
2018-03-04 17:00:00,32.15
2018-03-04 18:00:00,0.0
2018-03-04 19:00:00,0.0
2018-03-04 20:00:00,0.0
2018-03-04 21:00:00,0.0
2018-03-04 22:00:00,0.0
2018-03-04 23:00:00,0.0
2018-03-05 00:00:00,0.0
2018-03-05 01:00:00,0.0
2018-03-05 02:00:00,0.0
2018-03-05 03:00:00,0.0
2018-03-05 04:00:00,0.0
2018-03-05 05:00:00,0.0
2018-03-05 06:00:00,65.62
2018-03-05 07:00:00,326.5
2018-03-05 08:00:00,581.1
2018-03-05 09:00:00,789.7
2018-03-05 10:00:00,817.27
2018-03-05 11:00:00,1014.47
2018-03-05 12:00:00,956.05
2018-03-05 13:00:00,913.17
2018-03-05 14:00:00,745.88
2018-03-05 15:00:00,513.7
2018-03-05 16:00:00,253.38
2018-03-05 17:00:00,31.62
2018-03-05 18:00:00,0.0
2018-03-05 19:00:00,0.0
2018-03-05 20:00:00,0.0
2018-03-05 21:00:00,0.0
2018-03-05 22:00:00,0.0
2018-03-05 23:00:00,0.0
2018-03-06 00:00:00,0.0
2018-03-06 01:00:00,0.0
2018-03-06 02:00:00,0.0
2018-03-06 03:00:00,0.0
2018-03-06 04:00:00,0.0
2018-03-06 05:00:00,0.0
2018-03-06 06:00:00,97.2
2018-03-06 07:00:00,345.83
2018-03-06 08:00:00,592.35
2018-03-06 09:00:00,806.83
2018-03-06 10:00:00,937.92
2018-03-06 11:00:00,984.22
2018-03-06 12:00:00,980.33
2018-03-06 13:00:00,886.55
2018-03-06 14:00:00,731.58
2018-03-06 15:00:00,505.0
2018-03-06 16:00:00,247.98
2018-03-06 17:00:00,30.1
2018-03-06 18:00:00,0.0
2018-03-06 19:00:00,0.0
2018-03-06 20:00:00,0.0
2018-03-06 21:00:00,0.0
2018-03-06 22:00:00,0.0
2018-03-06 23:00:00,0.0
2018-03-07 00:00:00,0.0
2018-03-07 01:00:00,0.0
2018-03-07 02:00:00,0.0
2018-03-07 03:00:00,0.0
2018-03-07 04:00:00,0.0
2018-03-07 05:00:00,0.0
2018-03-07 06:00:00,87.15
2018-03-07 07:00:00,303.05
2018-03-07 08:00:00,533.25
2018-03-07 09:00:00,747.03
2018-03-07 10:00:00,864.85
2018-03-07 11:00:00,949.9
2018-03-07 12:00:00,947.9
2018-03-07 13:00:00,845.15
2018-03-07 14:00:00,689.78
2018-03-07 15:00:00,468.48
2018-03-07 16:00:00,226.1
2018-03-07 17:00:00,29.35
2018-03-07 18:00:00,0.0
2018-03-07 19:00:00,0.0
2018-03-07 20:00:00,0.0
2018-03-07 21:00:00,0.0
2018-03-07 22:00:00,0.0
2018-03-07 23:00:00,0.0
2018-03-08 00:00:00,0.0
2018-03-08 01:00:00,0.0
2018-03-08 02:00:00,0.0
2018-03-08 03:00:00,0.0
2018-03-08 04:00:00,0.0
2018-03-08 05:00:00,0.0
2018-03-08 06:00:00,82.62
2018-03-08 07:00:00,328.33
2018-03-08 08:00:00,568.7
2018-03-08 09:00:00,774.1
2018-03-08 10:00:00,864.83
2018-03-08 11:00:00,885.78
2018-03-08 12:00:00,929.67
2018-03-08 13:00:00,833.2
2018-03-08 14:00:00,674.28
2018-03-08 15:00:00,459.62
2018-03-08 16:00:00,220.02
2018-03-08 17:00:00,28.65
2018-03-08 18:00:00,0.0
2018-03-08 19:00:00,0.0
2018-03-08 20:00:00,0.0
2018-03-08 21:00:00,0.0
2018-03-08 22:00:00,0.0
2018-03-08 23:00:00,0.0
2018-03-09 00:00:00,0.0
2018-03-09 01:00:00,0.0
2018-03-09 02:00:00,0.0
2018-03-09 03:00:00,0.0
2018-03-09 04:00:00,0.0
2018-03-09 05:00:00,0.0
2018-03-09 06:00:00,65.55
2018-03-09 07:00:00,221.6
2018-03-09 08:00:00,398.6
2018-03-09 09:00:00,549.58
2018-03-09 10:00:00,687.3
2018-03-09 11:00:00,781.5
2018-03-09 12:00:00,846.38
2018-03-09 13:00:00,765.22
2018-03-09 14:00:00,620.67
2018-03-09 15:00:00,412.95
2018-03-09 16:00:00,190.65
2018-03-09 17:00:00,25.08
2018-03-09 18:00:00,0.0
2018-03-09 19:00:00,0.0
2018-03-09 20:00:00,0.0
2018-03-09 21:00:00,0.0
2018-03-09 22:00:00,0.0
2018-03-09 23:00:00,0.0
2018-03-10 00:00:00,0.0
2018-03-10 01:00:00,0.0
2018-03-10 02:00:00,0.0
2018-03-10 03:00:00,0.0
2018-03-10 04:00:00,0.0
2018-03-10 05:00:00,0.0
2018-03-10 06:00:00,60.5
2018-03-10 07:00:00,226.52
2018-03-10 08:00:00,420.33
2018-03-10 09:00:00,620.33
2018-03-10 10:00:00,744.38
2018-03-10 11:00:00,773.12
2018-03-10 12:00:00,762.6
2018-03-10 13:00:00,734.92
2018-03-10 14:00:00,587.22
2018-03-10 15:00:00,391.15
2018-03-10 16:00:00,175.8
2018-03-10 17:00:00,23.2
2018-03-10 18:00:00,0.0
2018-03-10 19:00:00,0.0
2018-03-10 20:00:00,0.0
2018-03-10 21:00:00,0.0
2018-03-10 22:00:00,0.0
2018-03-10 23:00:00,0.0
2018-03-11 00:00:00,0.0
2018-03-11 01:00:00,0.0
2018-03-11 02:00:00,0.0
2018-03-11 03:00:00,0.0
2018-03-11 04:00:00,0.0
2018-03-11 05:00:00,0.0
2018-03-11 06:00:00,81.38
2018-03-11 07:00:00,269.5
2018-03-11 08:00:00,469.55
2018-03-11 09:00:00,696.28
2018-03-11 10:00:00,810.42
2018-03-11 11:00:00,872.9
2018-03-11 12:00:00,920.0
2018-03-11 13:00:00,839.53
2018-03-11 14:00:00,642.9
2018-03-11 15:00:00,433.52
2018-03-11 16:00:00,200.48
2018-03-11 17:00:00,22.15
2018-03-11 18:00:00,0.0
2018-03-11 19:00:00,0.0
2018-03-11 20:00:00,0.0
2018-03-11 21:00:00,0.0
2018-03-11 22:00:00,0.0
2018-03-11 23:00:00,0.0
2018-03-12 00:00:00,0.0
2018-03-12 01:00:00,0.0
2018-03-12 02:00:00,0.0
2018-03-12 03:00:00,0.0
2018-03-12 04:00:00,0.0
2018-03-12 05:00:00,0.0
2018-03-12 06:00:00,89.5
2018-03-12 07:00:00,271.2
2018-03-12 08:00:00,485.23
2018-03-12 09:00:00,666.28
2018-03-12 10:00:00,842.35
2018-03-12 11:00:00,912.9
2018-03-12 12:00:00,868.05
2018-03-12 13:00:00,790.33
2018-03-12 14:00:00,631.62
2018-03-12 15:00:00,437.6
2018-03-12 16:00:00,203.43
2018-03-12 17:00:00,27.42
2018-03-12 18:00:00,0.0
2018-03-12 19:00:00,0.0
2018-03-12 20:00:00,0.0
2018-03-12 21:00:00,0.0
2018-03-12 22:00:00,0.0
2018-03-12 23:00:00,0.0
2018-03-13 00:00:00,0.0
2018-03-13 01:00:00,0.0
2018-03-13 02:00:00,0.0
2018-03-13 03:00:00,0.0
2018-03-13 04:00:00,0.0
2018-03-13 05:00:00,0.0
2018-03-13 06:00:00,71.55
2018-03-13 07:00:00,249.9
2018-03-13 08:00:00,453.33
2018-03-13 09:00:00,631.28
2018-03-13 10:00:00,756.67
2018-03-13 11:00:00,877.4
2018-03-13 12:00:00,802.47
2018-03-13 13:00:00,679.95
2018-03-13 14:00:00,579.88
2018-03-13 15:00:00,350.0
2018-03-13 16:00:00,152.8
2018-03-13 17:00:00,19.6
2018-03-13 18:00:00,0.0
2018-03-13 19:00:00,0.0
2018-03-13 20:00:00,0.0
2018-03-13 21:00:00,0.0
2018-03-13 22:00:00,0.0
2018-03-13 23:00:00,0.0
2018-03-14 00:00:00,0.0
2018-03-14 01:00:00,0.0
2018-03-14 02:00:00,0.0
2018-03-14 03:00:00,0.0
2018-03-14 04:00:00,0.0
2018-03-14 05:00:00,0.0
2018-03-14 06:00:00,93.68
2018-03-14 07:00:00,301.92
2018-03-14 08:00:00,529.8
2018-03-14 09:00:00,700.15
2018-03-14 10:00:00,784.35
2018-03-14 11:00:00,874.53
2018-03-14 12:00:00,878.0
2018-03-14 13:00:00,796.88
2018-03-14 14:00:00,597.25
2018-03-14 15:00:00,384.48
2018-03-14 16:00:00,183.95
2018-03-14 17:00:00,27.27
2018-03-14 18:00:00,0.0
2018-03-14 19:00:00,0.0
2018-03-14 20:00:00,0.0
2018-03-14 21:00:00,0.0
2018-03-14 22:00:00,0.0
2018-03-14 23:00:00,0.0
2018-03-15 00:00:00,0.0
2018-03-15 01:00:00,0.0
2018-03-15 02:00:00,0.0
2018-03-15 03:00:00,0.0
2018-03-15 04:00:00,0.0
2018-03-15 05:00:00,0.0
2018-03-15 06:00:00,89.18
2018-03-15 07:00:00,278.58
2018-03-15 08:00:00,502.62
2018-03-15 09:00:00,671.45
2018-03-15 10:00:00,869.28
2018-03-15 11:00:00,862.12
2018-03-15 12:00:00,918.97
2018-03-15 13:00:00,823.47
2018-03-15 14:00:00,574.15
2018-03-15 15:00:00,399.0
2018-03-15 16:00:00,196.3
2018-03-15 17:00:00,26.8
2018-03-15 18:00:00,0.0
2018-03-15 19:00:00,0.0
2018-03-15 20:00:00,0.0
2018-03-15 21:00:00,0.0
2018-03-15 22:00:00,0.0
2018-03-15 23:00:00,0.0
2018-03-16 00:00:00,0.0
2018-03-16 01:00:00,0.0
2018-03-16 02:00:00,0.0
2018-03-16 03:00:00,0.0
2018-03-16 04:00:00,0.0
2018-03-16 05:00:00,0.0
2018-03-16 06:00:00,93.88
2018-03-16 07:00:00,302.23
2018-03-16 08:00:00,528.12
2018-03-16 09:00:00,723.33
2018-03-16 10:00:00,852.75
2018-03-16 11:00:00,876.0
2018-03-16 12:00:00,923.33
2018-03-16 13:00:00,813.92
2018-03-16 14:00:00,655.5
2018-03-16 15:00:00,417.1
2018-03-16 16:00:00,196.65
2018-03-16 17:00:00,25.92
2018-03-16 18:00:00,0.0
2018-03-16 19:00:00,0.0
2018-03-16 20:00:00,0.0
2018-03-16 21:00:00,0.0
2018-03-16 22:00:00,0.0
2018-03-16 23:00:00,0.0
2018-03-17 00:00:00,0.0
2018-03-17 01:00:00,0.0
2018-03-17 02:00:00,0.0
2018-03-17 03:00:00,0.0
2018-03-17 04:00:00,0.0
2018-03-17 05:00:00,0.0
2018-03-17 06:00:00,27.35
2018-03-17 07:00:00,83.95
2018-03-17 08:00:00,151.85
2018-03-17 09:00:00,332.88
2018-03-17 10:00:00,343.1
2018-03-17 11:00:00,365.3
2018-03-17 12:00:00,444.1
2018-03-17 13:00:00,468.65
2018-03-17 14:00:00,399.67
2018-03-17 15:00:00,270.9
2018-03-17 16:00:00,123.72
2018-03-17 17:00:00,20.88
2018-03-17 18:00:00,0.0
2018-03-17 19:00:00,0.0
2018-03-17 20:00:00,0.0
2018-03-17 21:00:00,0.0
2018-03-17 22:00:00,0.0
2018-03-17 23:00:00,0.0
2018-03-18 00:00:00,0.0
2018-03-18 01:00:00,0.0
2018-03-18 02:00:00,0.0
2018-03-18 03:00:00,0.0
2018-03-18 04:00:00,0.0
2018-03-18 05:00:00,0.0
2018-03-18 06:00:00,94.47
2018-03-18 07:00:00,305.95
2018-03-18 08:00:00,533.4
2018-03-18 09:00:00,745.17
2018-03-18 10:00:00,848.5
2018-03-18 11:00:00,927.17
2018-03-18 12:00:00,923.2
2018-03-18 13:00:00,840.67
2018-03-18 14:00:00,634.58
2018-03-18 15:00:00,436.58
2018-03-18 16:00:00,213.32
2018-03-18 17:00:00,28.95
2018-03-18 18:00:00,0.0
2018-03-18 19:00:00,0.0
2018-03-18 20:00:00,0.0
2018-03-18 21:00:00,0.0
2018-03-18 22:00:00,0.0
2018-03-18 23:00:00,0.0
2018-03-19 00:00:00,0.0
2018-03-19 01:00:00,0.0
2018-03-19 02:00:00,0.0
2018-03-19 03:00:00,0.0
2018-03-19 04:00:00,0.0
2018-03-19 05:00:00,0.0
2018-03-19 06:00:00,115.32
2018-03-19 07:00:00,331.25
2018-03-19 08:00:00,569.65
2018-03-19 09:00:00,781.65
2018-03-19 10:00:00,899.45
2018-03-19 11:00:00,911.88
2018-03-19 12:00:00,884.5
2018-03-19 13:00:00,809.8
2018-03-19 14:00:00,653.67
2018-03-19 15:00:00,444.55
2018-03-19 16:00:00,214.1
2018-03-19 17:00:00,28.55
2018-03-19 18:00:00,0.0
2018-03-19 19:00:00,0.0
2018-03-19 20:00:00,0.0
2018-03-19 21:00:00,0.0
2018-03-19 22:00:00,0.0
2018-03-19 23:00:00,0.0
2018-03-20 00:00:00,0.0
2018-03-20 01:00:00,0.0
2018-03-20 02:00:00,0.0
2018-03-20 03:00:00,0.0
2018-03-20 04:00:00,0.0
2018-03-20 05:00:00,0.0
2018-03-20 06:00:00,112.2
2018-03-20 07:00:00,357.8
2018-03-20 08:00:00,590.58
2018-03-20 09:00:00,793.65
2018-03-20 10:00:00,905.12
2018-03-20 11:00:00,957.83
2018-03-20 12:00:00,935.58
2018-03-20 13:00:00,832.75
2018-03-20 14:00:00,669.88
2018-03-20 15:00:00,454.3
2018-03-20 16:00:00,217.07
2018-03-20 17:00:00,28.95
2018-03-20 18:00:00,0.0
2018-03-20 19:00:00,0.0
2018-03-20 20:00:00,0.0
2018-03-20 21:00:00,0.0
2018-03-20 22:00:00,0.0
2018-03-20 23:00:00,0.0
2018-03-21 00:00:00,0.0
2018-03-21 01:00:00,0.0
2018-03-21 02:00:00,0.0
2018-03-21 03:00:00,0.0
2018-03-21 04:00:00,0.0
2018-03-21 05:00:00,0.0
2018-03-21 06:00:00,109.53
2018-03-21 07:00:00,325.77
2018-03-21 08:00:00,547.33
2018-03-21 09:00:00,764.6
2018-03-21 10:00:00,846.4
2018-03-21 11:00:00,926.6
2018-03-21 12:00:00,861.05
2018-03-21 13:00:00,814.6
2018-03-21 14:00:00,646.35
2018-03-21 15:00:00,427.83
2018-03-21 16:00:00,195.88
2018-03-21 17:00:00,25.27
2018-03-21 18:00:00,0.0
2018-03-21 19:00:00,0.0
2018-03-21 20:00:00,0.0
2018-03-21 21:00:00,0.0
2018-03-21 22:00:00,0.0
2018-03-21 23:00:00,0.0
2018-03-22 00:00:00,0.0
2018-03-22 01:00:00,0.0
2018-03-22 02:00:00,0.0
2018-03-22 03:00:00,0.0
2018-03-22 04:00:00,0.0
2018-03-22 05:00:00,0.0
2018-03-22 06:00:00,98.75
2018-03-22 07:00:00,301.08
2018-03-22 08:00:00,526.78
2018-03-22 09:00:00,731.22
2018-03-22 10:00:00,848.05
2018-03-22 11:00:00,891.12
2018-03-22 12:00:00,887.7
2018-03-22 13:00:00,812.67
2018-03-22 14:00:00,640.0
2018-03-22 15:00:00,428.92
2018-03-22 16:00:00,193.18
2018-03-22 17:00:00,17.38
2018-03-22 18:00:00,0.0
2018-03-22 19:00:00,0.0
2018-03-22 20:00:00,0.0
2018-03-22 21:00:00,0.0
2018-03-22 22:00:00,0.0
2018-03-22 23:00:00,0.0
2018-03-23 00:00:00,0.0
2018-03-23 01:00:00,0.0
2018-03-23 02:00:00,0.0
2018-03-23 03:00:00,0.0
2018-03-23 04:00:00,0.0
2018-03-23 05:00:00,0.0
2018-03-23 06:00:00,95.6
2018-03-23 07:00:00,294.2
2018-03-23 08:00:00,516.1
2018-03-23 09:00:00,706.92
2018-03-23 10:00:00,817.78
2018-03-23 11:00:00,753.67
2018-03-23 12:00:00,780.38
2018-03-23 13:00:00,783.3
2018-03-23 14:00:00,626.15
2018-03-23 15:00:00,415.35
2018-03-23 16:00:00,188.27
2018-03-23 17:00:00,24.27
2018-03-23 18:00:00,0.0
2018-03-23 19:00:00,0.0
2018-03-23 20:00:00,0.0
2018-03-23 21:00:00,0.0
2018-03-23 22:00:00,0.0
2018-03-23 23:00:00,0.0
2018-03-24 00:00:00,0.0
2018-03-24 01:00:00,0.0
2018-03-24 02:00:00,0.0
2018-03-24 03:00:00,0.0
2018-03-24 04:00:00,0.0
2018-03-24 05:00:00,0.0
2018-03-24 06:00:00,99.07
2018-03-24 07:00:00,282.08
2018-03-24 08:00:00,480.73
2018-03-24 09:00:00,686.4
2018-03-24 10:00:00,812.45
2018-03-24 11:00:00,882.9
2018-03-24 12:00:00,774.83
2018-03-24 13:00:00,790.58
2018-03-24 14:00:00,610.65
2018-03-24 15:00:00,394.95
2018-03-24 16:00:00,177.62
2018-03-24 17:00:00,18.8
2018-03-24 18:00:00,0.0
2018-03-24 19:00:00,0.0
2018-03-24 20:00:00,0.0
2018-03-24 21:00:00,0.0
2018-03-24 22:00:00,0.0
2018-03-24 23:00:00,0.0
2018-03-25 00:00:00,0.0
2018-03-25 01:00:00,0.0
2018-03-25 02:00:00,0.0
2018-03-25 03:00:00,0.0
2018-03-25 04:00:00,0.0
2018-03-25 05:00:00,2.72
2018-03-25 06:00:00,91.47
2018-03-25 07:00:00,295.17
2018-03-25 08:00:00,513.88
2018-03-25 09:00:00,718.65
2018-03-25 10:00:00,832.12
2018-03-25 11:00:00,937.7
2018-03-25 12:00:00,916.38
2018-03-25 13:00:00,821.12
2018-03-25 14:00:00,659.03
2018-03-25 15:00:00,436.58
2018-03-25 16:00:00,203.2
2018-03-25 17:00:00,27.65
2018-03-25 18:00:00,0.0
2018-03-25 19:00:00,0.0
2018-03-25 20:00:00,0.0
2018-03-25 21:00:00,0.0
2018-03-25 22:00:00,0.0
2018-03-25 23:00:00,0.0
2018-03-26 00:00:00,0.0
2018-03-26 01:00:00,0.0
2018-03-26 02:00:00,0.0
2018-03-26 03:00:00,0.0
2018-03-26 04:00:00,0.0
2018-03-26 05:00:00,3.35
2018-03-26 06:00:00,109.2
2018-03-26 07:00:00,309.73
2018-03-26 08:00:00,534.2
2018-03-26 09:00:00,747.4
2018-03-26 10:00:00,914.2
2018-03-26 11:00:00,966.03
2018-03-26 12:00:00,916.6
2018-03-26 13:00:00,797.4
2018-03-26 14:00:00,597.5
2018-03-26 15:00:00,397.2
2018-03-26 16:00:00,181.23
2018-03-26 17:00:00,24.52
2018-03-26 18:00:00,0.0
2018-03-26 19:00:00,0.0
2018-03-26 20:00:00,0.0
2018-03-26 21:00:00,0.0
2018-03-26 22:00:00,0.0
2018-03-26 23:00:00,0.0
2018-03-27 00:00:00,0.0
2018-03-27 01:00:00,0.0
2018-03-27 02:00:00,0.0
2018-03-27 03:00:00,0.0
2018-03-27 04:00:00,0.0
2018-03-27 05:00:00,4.03
2018-03-27 06:00:00,120.15
2018-03-27 07:00:00,336.2
2018-03-27 08:00:00,570.92
2018-03-27 09:00:00,762.92
2018-03-27 10:00:00,741.33
2018-03-27 11:00:00,843.1
2018-03-27 12:00:00,931.1
2018-03-27 13:00:00,812.33
2018-03-27 14:00:00,656.05
2018-03-27 15:00:00,438.88
2018-03-27 16:00:00,205.82
2018-03-27 17:00:00,27.52
2018-03-27 18:00:00,0.0
2018-03-27 19:00:00,0.0
2018-03-27 20:00:00,0.0
2018-03-27 21:00:00,0.0
2018-03-27 22:00:00,0.0
2018-03-27 23:00:00,0.0
2018-03-28 00:00:00,0.0
2018-03-28 01:00:00,0.0
2018-03-28 02:00:00,0.0
2018-03-28 03:00:00,0.0
2018-03-28 04:00:00,0.0
2018-03-28 05:00:00,3.67
2018-03-28 06:00:00,104.6
2018-03-28 07:00:00,312.12
2018-03-28 08:00:00,530.33
2018-03-28 09:00:00,747.7
2018-03-28 10:00:00,865.25
2018-03-28 11:00:00,755.65
2018-03-28 12:00:00,870.55
2018-03-28 13:00:00,824.35
2018-03-28 14:00:00,657.4
2018-03-28 15:00:00,439.48
2018-03-28 16:00:00,205.6
2018-03-28 17:00:00,27.36
2018-03-28 18:00:00,0.0
2018-03-28 19:00:00,0.0
2018-03-28 20:00:00,0.0
2018-03-28 21:00:00,0.0
2018-03-28 22:00:00,0.0
2018-03-28 23:00:00,0.0
2018-03-29 00:00:00,0.0
2018-03-29 01:00:00,0.0
2018-03-29 02:00:00,0.0
2018-03-29 03:00:00,0.0
2018-03-29 04:00:00,0.0
2018-03-29 05:00:00,4.05
2018-03-29 06:00:00,107.38
2018-03-29 07:00:00,319.98
2018-03-29 08:00:00,517.75
2018-03-29 09:00:00,745.2
2018-03-29 10:00:00,864.15
2018-03-29 11:00:00,826.85
2018-03-29 12:00:00,915.42
2018-03-29 13:00:00,820.95
2018-03-29 14:00:00,651.45
2018-03-29 15:00:00,434.33
2018-03-29 16:00:00,207.82
2018-03-29 17:00:00,22.25
2018-03-29 18:00:00,0.0
2018-03-29 19:00:00,0.0
2018-03-29 20:00:00,0.0
2018-03-29 21:00:00,0.0
2018-03-29 22:00:00,0.0
2018-03-29 23:00:00,0.0
2018-03-30 00:00:00,0.0
2018-03-30 01:00:00,0.0
2018-03-30 02:00:00,0.0
2018-03-30 03:00:00,0.0
2018-03-30 04:00:00,0.0
2018-03-30 05:00:00,3.97
2018-03-30 06:00:00,100.45
2018-03-30 07:00:00,287.5
2018-03-30 08:00:00,516.08
2018-03-30 09:00:00,742.42
2018-03-30 10:00:00,833.88
2018-03-30 11:00:00,854.2
2018-03-30 12:00:00,881.0
2018-03-30 13:00:00,768.15
2018-03-30 14:00:00,594.08
2018-03-30 15:00:00,381.08
2018-03-30 16:00:00,173.93
2018-03-30 17:00:00,24.6
2018-03-30 18:00:00,0.0
2018-03-30 19:00:00,0.0
2018-03-30 20:00:00,0.0
2018-03-30 21:00:00,0.0
2018-03-30 22:00:00,0.0
2018-03-30 23:00:00,0.0
2018-03-31 00:00:00,0.0
2018-03-31 01:00:00,0.0
2018-03-31 02:00:00,0.0
2018-03-31 03:00:00,0.0
2018-03-31 04:00:00,0.0
2018-03-31 05:00:00,3.97
2018-03-31 06:00:00,96.65
2018-03-31 07:00:00,278.2
2018-03-31 08:00:00,497.45
2018-03-31 09:00:00,708.9
2018-03-31 10:00:00,807.75
2018-03-31 11:00:00,923.85
2018-03-31 12:00:00,898.5
2018-03-31 13:00:00,805.35
2018-03-31 14:00:00,622.7
2018-03-31 15:00:00,404.52
2018-03-31 16:00:00,176.77
2018-03-31 17:00:00,21.55
2018-03-31 18:00:00,0.0
2018-03-31 19:00:00,0.0
2018-03-31 20:00:00,0.0
2018-03-31 21:00:00,0.0
2018-03-31 22:00:00,0.0
2018-03-31 23:00:00,0.0
2018-04-01 00:00:00,0.0
2018-04-01 01:00:00,0.0
2018-04-01 02:00:00,0.0
2018-04-01 03:00:00,0.0
2018-04-01 04:00:00,0.0
2018-04-01 05:00:00,4.35
2018-04-01 06:00:00,98.6
2018-04-01 07:00:00,294.98
2018-04-01 08:00:00,506.58
2018-04-01 09:00:00,709.45
2018-04-01 10:00:00,830.4
2018-04-01 11:00:00,908.9
2018-04-01 12:00:00,884.35
2018-04-01 13:00:00,803.08
2018-04-01 14:00:00,646.7
2018-04-01 15:00:00,411.25
2018-04-01 16:00:00,179.75
2018-04-01 17:00:00,18.17
2018-04-01 18:00:00,0.0
2018-04-01 19:00:00,0.0
2018-04-01 20:00:00,0.0
2018-04-01 21:00:00,0.0
2018-04-01 22:00:00,0.0
2018-04-01 23:00:00,0.0
2018-04-02 00:00:00,0.0
2018-04-02 01:00:00,0.0
2018-04-02 02:00:00,0.0
2018-04-02 03:00:00,0.0
2018-04-02 04:00:00,0.0
2018-04-02 05:00:00,4.78
2018-04-02 06:00:00,109.03
2018-04-02 07:00:00,293.38
2018-04-02 08:00:00,521.08
2018-04-02 09:00:00,754.85
2018-04-02 10:00:00,857.62
2018-04-02 11:00:00,905.78
2018-04-02 12:00:00,863.58
2018-04-02 13:00:00,785.25
2018-04-02 14:00:00,644.6
2018-04-02 15:00:00,434.88
2018-04-02 16:00:00,202.2
2018-04-02 17:00:00,26.25
2018-04-02 18:00:00,0.0
2018-04-02 19:00:00,0.0
2018-04-02 20:00:00,0.0
2018-04-02 21:00:00,0.0
2018-04-02 22:00:00,0.0
2018-04-02 23:00:00,0.0
2018-04-03 00:00:00,0.0
2018-04-03 01:00:00,0.0
2018-04-03 02:00:00,0.0
2018-04-03 03:00:00,0.0
2018-04-03 04:00:00,0.0
2018-04-03 05:00:00,4.95
2018-04-03 06:00:00,108.9
2018-04-03 07:00:00,316.25
2018-04-03 08:00:00,536.1
2018-04-03 09:00:00,748.8
2018-04-03 10:00:00,860.6
2018-04-03 11:00:00,931.45
2018-04-03 12:00:00,919.35
2018-04-03 13:00:00,834.05
2018-04-03 14:00:00,625.42
2018-04-03 15:00:00,425.05
2018-04-03 16:00:00,191.68
2018-04-03 17:00:00,20.15
2018-04-03 18:00:00,0.0
2018-04-03 19:00:00,0.0
2018-04-03 20:00:00,0.0
2018-04-03 21:00:00,0.0
2018-04-03 22:00:00,0.0
2018-04-03 23:00:00,0.0
2018-04-04 00:00:00,0.0
2018-04-04 01:00:00,0.0
2018-04-04 02:00:00,0.0
2018-04-04 03:00:00,0.0
2018-04-04 04:00:00,0.0
2018-04-04 05:00:00,5.95
2018-04-04 06:00:00,121.75
2018-04-04 07:00:00,345.9
2018-04-04 08:00:00,561.83
2018-04-04 09:00:00,786.17
2018-04-04 10:00:00,912.67
2018-04-04 11:00:00,891.47
2018-04-04 12:00:00,894.3
2018-04-04 13:00:00,837.45
2018-04-04 14:00:00,678.08
2018-04-04 15:00:00,457.67
2018-04-04 16:00:00,214.27
2018-04-04 17:00:00,24.15
2018-04-04 18:00:00,0.0
2018-04-04 19:00:00,0.0
2018-04-04 20:00:00,0.0
2018-04-04 21:00:00,0.0
2018-04-04 22:00:00,0.0
2018-04-04 23:00:00,0.0
2018-04-05 00:00:00,0.0
2018-04-05 01:00:00,0.0
2018-04-05 02:00:00,0.0
2018-04-05 03:00:00,0.0
2018-04-05 04:00:00,0.0
2018-04-05 05:00:00,5.95
2018-04-05 06:00:00,119.55
2018-04-05 07:00:00,333.27
2018-04-05 08:00:00,545.28
2018-04-05 09:00:00,771.55
2018-04-05 10:00:00,915.75
2018-04-05 11:00:00,891.17
2018-04-05 12:00:00,875.0
2018-04-05 13:00:00,852.35
2018-04-05 14:00:00,679.4
2018-04-05 15:00:00,461.6
2018-04-05 16:00:00,222.0
2018-04-05 17:00:00,30.12
2018-04-05 18:00:00,0.0
2018-04-05 19:00:00,0.0
2018-04-05 20:00:00,0.0
2018-04-05 21:00:00,0.0
2018-04-05 22:00:00,0.0
2018-04-05 23:00:00,0.0
2018-04-06 00:00:00,0.0
2018-04-06 01:00:00,0.0
2018-04-06 02:00:00,0.0
2018-04-06 03:00:00,0.0
2018-04-06 04:00:00,0.0
2018-04-06 05:00:00,7.22
2018-04-06 06:00:00,142.65
2018-04-06 07:00:00,373.2
2018-04-06 08:00:00,587.2
2018-04-06 09:00:00,804.9
2018-04-06 10:00:00,816.0
2018-04-06 11:00:00,840.33
2018-04-06 12:00:00,924.97
2018-04-06 13:00:00,809.53
2018-04-06 14:00:00,667.62
2018-04-06 15:00:00,455.5
2018-04-06 16:00:00,218.65
2018-04-06 17:00:00,30.08
2018-04-06 18:00:00,0.0
2018-04-06 19:00:00,0.0
2018-04-06 20:00:00,0.0
2018-04-06 21:00:00,0.0
2018-04-06 22:00:00,0.0
2018-04-06 23:00:00,0.0
2018-04-07 00:00:00,0.0
2018-04-07 01:00:00,0.0
2018-04-07 02:00:00,0.0
2018-04-07 03:00:00,0.0
2018-04-07 04:00:00,0.0
2018-04-07 05:00:00,7.22
2018-04-07 06:00:00,137.5
2018-04-07 07:00:00,365.9
2018-04-07 08:00:00,583.53
2018-04-07 09:00:00,794.97
2018-04-07 10:00:00,849.83
2018-04-07 11:00:00,957.33
2018-04-07 12:00:00,944.95
2018-04-07 13:00:00,844.78
2018-04-07 14:00:00,620.2
2018-04-07 15:00:00,435.38
2018-04-07 16:00:00,206.55
2018-04-07 17:00:00,24.38
2018-04-07 18:00:00,0.0
2018-04-07 19:00:00,0.0
2018-04-07 20:00:00,0.0
2018-04-07 21:00:00,0.0
2018-04-07 22:00:00,0.0
2018-04-07 23:00:00,0.0
2018-04-08 00:00:00,0.0
2018-04-08 01:00:00,0.0
2018-04-08 02:00:00,0.0
2018-04-08 03:00:00,0.0
2018-04-08 04:00:00,0.0
2018-04-08 05:00:00,8.23
2018-04-08 06:00:00,151.15
2018-04-08 07:00:00,391.7
2018-04-08 08:00:00,618.67
2018-04-08 09:00:00,815.4
2018-04-08 10:00:00,923.58
2018-04-08 11:00:00,956.35
2018-04-08 12:00:00,965.2
2018-04-08 13:00:00,853.08
2018-04-08 14:00:00,669.28
2018-04-08 15:00:00,433.95
2018-04-08 16:00:00,196.15
2018-04-08 17:00:00,22.35
2018-04-08 18:00:00,0.0
2018-04-08 19:00:00,0.0
2018-04-08 20:00:00,0.0
2018-04-08 21:00:00,0.0
2018-04-08 22:00:00,0.0
2018-04-08 23:00:00,0.0
2018-04-09 00:00:00,0.0
2018-04-09 01:00:00,0.0
2018-04-09 02:00:00,0.0
2018-04-09 03:00:00,0.0
2018-04-09 04:00:00,0.0
2018-04-09 05:00:00,8.1
2018-04-09 06:00:00,144.68
2018-04-09 07:00:00,357.17
2018-04-09 08:00:00,594.3
2018-04-09 09:00:00,804.25
2018-04-09 10:00:00,929.47
2018-04-09 11:00:00,920.42
2018-04-09 12:00:00,739.2
2018-04-09 13:00:00,843.75
2018-04-09 14:00:00,662.47
2018-04-09 15:00:00,421.0
2018-04-09 16:00:00,202.52
2018-04-09 17:00:00,30.52
2018-04-09 18:00:00,0.0
2018-04-09 19:00:00,0.0
2018-04-09 20:00:00,0.0
2018-04-09 21:00:00,0.0
2018-04-09 22:00:00,0.0
2018-04-09 23:00:00,0.0
2018-04-10 00:00:00,0.0
2018-04-10 01:00:00,0.0
2018-04-10 02:00:00,0.0
2018-04-10 03:00:00,0.0
2018-04-10 04:00:00,0.0
2018-04-10 05:00:00,9.07
2018-04-10 06:00:00,148.43
2018-04-10 07:00:00,375.08
2018-04-10 08:00:00,579.47
2018-04-10 09:00:00,791.33
2018-04-10 10:00:00,932.2
2018-04-10 11:00:00,870.58
2018-04-10 12:00:00,724.2
2018-04-10 13:00:00,844.08
2018-04-10 14:00:00,696.47
2018-04-10 15:00:00,429.27
2018-04-10 16:00:00,190.38
2018-04-10 17:00:00,26.65
2018-04-10 18:00:00,0.0
2018-04-10 19:00:00,0.0
2018-04-10 20:00:00,0.0
2018-04-10 21:00:00,0.0
2018-04-10 22:00:00,0.0
2018-04-10 23:00:00,0.0
2018-04-11 00:00:00,0.0
2018-04-11 01:00:00,0.0
2018-04-11 02:00:00,0.0
2018-04-11 03:00:00,0.0
2018-04-11 04:00:00,0.0
2018-04-11 05:00:00,10.18
2018-04-11 06:00:00,157.27
2018-04-11 07:00:00,373.48
2018-04-11 08:00:00,608.05
2018-04-11 09:00:00,793.0
2018-04-11 10:00:00,885.88
2018-04-11 11:00:00,956.47
2018-04-11 12:00:00,966.83
2018-04-11 13:00:00,842.72
2018-04-11 14:00:00,671.15
2018-04-11 15:00:00,470.08
2018-04-11 16:00:00,218.18
2018-04-11 17:00:00,28.98
2018-04-11 18:00:00,0.0
2018-04-11 19:00:00,0.0
2018-04-11 20:00:00,0.0
2018-04-11 21:00:00,0.0
2018-04-11 22:00:00,0.0
2018-04-11 23:00:00,0.0
2018-04-12 00:00:00,0.0
2018-04-12 01:00:00,0.0
2018-04-12 02:00:00,0.0
2018-04-12 03:00:00,0.0
2018-04-12 04:00:00,0.0
2018-04-12 05:00:00,10.6
2018-04-12 06:00:00,172.3
2018-04-12 07:00:00,415.9
2018-04-12 08:00:00,642.03
2018-04-12 09:00:00,818.75
2018-04-12 10:00:00,724.6
2018-04-12 11:00:00,976.97
2018-04-12 12:00:00,950.2
2018-04-12 13:00:00,844.05
2018-04-12 14:00:00,683.78
2018-04-12 15:00:00,460.9
2018-04-12 16:00:00,228.57
2018-04-12 17:00:00,33.88
2018-04-12 18:00:00,0.0
2018-04-12 19:00:00,0.0
2018-04-12 20:00:00,0.0
2018-04-12 21:00:00,0.0
2018-04-12 22:00:00,0.0
2018-04-12 23:00:00,0.0
2018-04-13 00:00:00,0.0
2018-04-13 01:00:00,0.0
2018-04-13 02:00:00,0.0
2018-04-13 03:00:00,0.0
2018-04-13 04:00:00,0.0
2018-04-13 05:00:00,9.2
2018-04-13 06:00:00,143.4
2018-04-13 07:00:00,369.12
2018-04-13 08:00:00,582.03
2018-04-13 09:00:00,778.8
2018-04-13 10:00:00,894.25
2018-04-13 11:00:00,962.7
2018-04-13 12:00:00,909.88
2018-04-13 13:00:00,855.45
2018-04-13 14:00:00,675.78
2018-04-13 15:00:00,438.2
2018-04-13 16:00:00,211.52
2018-04-13 17:00:00,30.7
2018-04-13 18:00:00,0.0
2018-04-13 19:00:00,0.0
2018-04-13 20:00:00,0.0
2018-04-13 21:00:00,0.0
2018-04-13 22:00:00,0.0
2018-04-13 23:00:00,0.0
2018-04-14 00:00:00,0.0
2018-04-14 01:00:00,0.0
2018-04-14 02:00:00,0.0
2018-04-14 03:00:00,0.0
2018-04-14 04:00:00,0.0
2018-04-14 05:00:00,10.73
2018-04-14 06:00:00,155.07
2018-04-14 07:00:00,371.5
2018-04-14 08:00:00,575.95
2018-04-14 09:00:00,719.85
2018-04-14 10:00:00,887.58
2018-04-14 11:00:00,929.05
2018-04-14 12:00:00,879.2
2018-04-14 13:00:00,829.65
2018-04-14 14:00:00,644.1
2018-04-14 15:00:00,444.3
2018-04-14 16:00:00,216.65
2018-04-14 17:00:00,31.55
2018-04-14 18:00:00,0.0
2018-04-14 19:00:00,0.0
2018-04-14 20:00:00,0.0
2018-04-14 21:00:00,0.0
2018-04-14 22:00:00,0.0
2018-04-14 23:00:00,0.0
2018-04-15 00:00:00,0.0
2018-04-15 01:00:00,0.0
2018-04-15 02:00:00,0.0
2018-04-15 03:00:00,0.0
2018-04-15 04:00:00,0.0
2018-04-15 05:00:00,10.93
2018-04-15 06:00:00,147.55
2018-04-15 07:00:00,330.33
2018-04-15 08:00:00,590.0
2018-04-15 09:00:00,791.1
2018-04-15 10:00:00,878.47
2018-04-15 11:00:00,956.4
2018-04-15 12:00:00,932.95
2018-04-15 13:00:00,827.28
2018-04-15 14:00:00,661.0
2018-04-15 15:00:00,457.12
2018-04-15 16:00:00,225.35
2018-04-15 17:00:00,32.28
2018-04-15 18:00:00,0.0
2018-04-15 19:00:00,0.0
2018-04-15 20:00:00,0.0
2018-04-15 21:00:00,0.0
2018-04-15 22:00:00,0.0
2018-04-15 23:00:00,0.0
2018-04-16 00:00:00,0.0
2018-04-16 01:00:00,0.0
2018-04-16 02:00:00,0.0
2018-04-16 03:00:00,0.0
2018-04-16 04:00:00,0.0
2018-04-16 05:00:00,10.55
2018-04-16 06:00:00,144.45
2018-04-16 07:00:00,361.38
2018-04-16 08:00:00,570.25
2018-04-16 09:00:00,764.65
2018-04-16 10:00:00,868.88
2018-04-16 11:00:00,925.65
2018-04-16 12:00:00,879.58
2018-04-16 13:00:00,708.67
2018-04-16 14:00:00,658.83
2018-04-16 15:00:00,457.67
2018-04-16 16:00:00,226.45
2018-04-16 17:00:00,34.4
2018-04-16 18:00:00,0.0
2018-04-16 19:00:00,0.0
2018-04-16 20:00:00,0.0
2018-04-16 21:00:00,0.0
2018-04-16 22:00:00,0.0
2018-04-16 23:00:00,0.0
2018-04-17 00:00:00,0.0
2018-04-17 01:00:00,0.0
2018-04-17 02:00:00,0.0
2018-04-17 03:00:00,0.0
2018-04-17 04:00:00,0.0
2018-04-17 05:00:00,12.05
2018-04-17 06:00:00,157.4
2018-04-17 07:00:00,335.8
2018-04-17 08:00:00,590.05
2018-04-17 09:00:00,785.6
2018-04-17 10:00:00,880.95
2018-04-17 11:00:00,949.12
2018-04-17 12:00:00,944.95
2018-04-17 13:00:00,845.1
2018-04-17 14:00:00,635.03
2018-04-17 15:00:00,440.33
2018-04-17 16:00:00,218.6
2018-04-17 17:00:00,28.25
2018-04-17 18:00:00,0.0
2018-04-17 19:00:00,0.0
2018-04-17 20:00:00,0.0
2018-04-17 21:00:00,0.0
2018-04-17 22:00:00,0.0
2018-04-17 23:00:00,0.0
2018-04-18 00:00:00,0.0
2018-04-18 01:00:00,0.0
2018-04-18 02:00:00,0.0
2018-04-18 03:00:00,0.0
2018-04-18 04:00:00,0.0
2018-04-18 05:00:00,12.1
2018-04-18 06:00:00,163.25
2018-04-18 07:00:00,393.25
2018-04-18 08:00:00,615.62
2018-04-18 09:00:00,806.58
2018-04-18 10:00:00,940.97
2018-04-18 11:00:00,956.1
2018-04-18 12:00:00,966.75
2018-04-18 13:00:00,807.25
2018-04-18 14:00:00,630.55
2018-04-18 15:00:00,411.92
2018-04-18 16:00:00,177.15
2018-04-18 17:00:00,26.52
2018-04-18 18:00:00,0.0
2018-04-18 19:00:00,0.0
2018-04-18 20:00:00,0.0
2018-04-18 21:00:00,0.0
2018-04-18 22:00:00,0.0
2018-04-18 23:00:00,0.0
2018-04-19 00:00:00,0.0
2018-04-19 01:00:00,0.0
2018-04-19 02:00:00,0.0
2018-04-19 03:00:00,0.0
2018-04-19 04:00:00,0.0
2018-04-19 05:00:00,12.2
2018-04-19 06:00:00,149.98
2018-04-19 07:00:00,352.52
2018-04-19 08:00:00,552.7
2018-04-19 09:00:00,717.8
2018-04-19 10:00:00,822.03
2018-04-19 11:00:00,833.85
2018-04-19 12:00:00,793.15
2018-04-19 13:00:00,689.17
2018-04-19 14:00:00,560.5
2018-04-19 15:00:00,371.42
2018-04-19 16:00:00,173.43
2018-04-19 17:00:00,27.35
2018-04-19 18:00:00,0.0
2018-04-19 19:00:00,0.0
2018-04-19 20:00:00,0.0
2018-04-19 21:00:00,0.0
2018-04-19 22:00:00,0.0
2018-04-19 23:00:00,0.0
2018-04-20 00:00:00,0.0
2018-04-20 01:00:00,0.0
2018-04-20 02:00:00,0.0
2018-04-20 03:00:00,0.0
2018-04-20 04:00:00,0.0
2018-04-20 05:00:00,12.32
2018-04-20 06:00:00,143.32
2018-04-20 07:00:00,323.5
2018-04-20 08:00:00,567.15
2018-04-20 09:00:00,753.75
2018-04-20 10:00:00,884.83
2018-04-20 11:00:00,936.78
2018-04-20 12:00:00,861.22
2018-04-20 13:00:00,821.75
2018-04-20 14:00:00,558.95
2018-04-20 15:00:00,375.1
2018-04-20 16:00:00,223.48
2018-04-20 17:00:00,31.5
2018-04-20 18:00:00,0.0
2018-04-20 19:00:00,0.0
2018-04-20 20:00:00,0.0
2018-04-20 21:00:00,0.0
2018-04-20 22:00:00,0.0
2018-04-20 23:00:00,0.0
2018-04-21 00:00:00,0.0
2018-04-21 01:00:00,0.0
2018-04-21 02:00:00,0.0
2018-04-21 03:00:00,0.0
2018-04-21 04:00:00,0.0
2018-04-21 05:00:00,12.15
2018-04-21 06:00:00,141.48
2018-04-21 07:00:00,321.7
2018-04-21 08:00:00,562.5
2018-04-21 09:00:00,771.2
2018-04-21 10:00:00,895.97
2018-04-21 11:00:00,954.0
2018-04-21 12:00:00,707.5
2018-04-21 13:00:00,797.65
2018-04-21 14:00:00,625.95
2018-04-21 15:00:00,431.42
2018-04-21 16:00:00,213.93
2018-04-21 17:00:00,31.48
2018-04-21 18:00:00,0.0
2018-04-21 19:00:00,0.0
2018-04-21 20:00:00,0.0
2018-04-21 21:00:00,0.0
2018-04-21 22:00:00,0.0
2018-04-21 23:00:00,0.0
2018-04-22 00:00:00,0.0
2018-04-22 01:00:00,0.0
2018-04-22 02:00:00,0.0
2018-04-22 03:00:00,0.0
2018-04-22 04:00:00,0.0
2018-04-22 05:00:00,13.23
2018-04-22 06:00:00,152.32
2018-04-22 07:00:00,363.83
2018-04-22 08:00:00,574.88
2018-04-22 09:00:00,830.2
2018-04-22 10:00:00,876.35
2018-04-22 11:00:00,851.28
2018-04-22 12:00:00,901.97
2018-04-22 13:00:00,835.42
2018-04-22 14:00:00,668.15
2018-04-22 15:00:00,452.55
2018-04-22 16:00:00,218.9
2018-04-22 17:00:00,31.4
2018-04-22 18:00:00,0.0
2018-04-22 19:00:00,0.0
2018-04-22 20:00:00,0.0
2018-04-22 21:00:00,0.0
2018-04-22 22:00:00,0.0
2018-04-22 23:00:00,0.0
2018-04-23 00:00:00,0.0
2018-04-23 01:00:00,0.0
2018-04-23 02:00:00,0.0
2018-04-23 03:00:00,0.0
2018-04-23 04:00:00,0.0
2018-04-23 05:00:00,13.3
2018-04-23 06:00:00,155.15
2018-04-23 07:00:00,368.0
2018-04-23 08:00:00,570.15
2018-04-23 09:00:00,766.38
2018-04-23 10:00:00,867.45
2018-04-23 11:00:00,894.78
2018-04-23 12:00:00,889.97
2018-04-23 13:00:00,789.33
2018-04-23 14:00:00,627.53
2018-04-23 15:00:00,403.42
2018-04-23 16:00:00,192.73
2018-04-23 17:00:00,29.4
2018-04-23 18:00:00,0.0
2018-04-23 19:00:00,0.0
2018-04-23 20:00:00,0.0
2018-04-23 21:00:00,0.0
2018-04-23 22:00:00,0.0
2018-04-23 23:00:00,0.0
2018-04-24 00:00:00,0.0
2018-04-24 01:00:00,0.0
2018-04-24 02:00:00,0.0
2018-04-24 03:00:00,0.0
2018-04-24 04:00:00,0.0
2018-04-24 05:00:00,14.43
2018-04-24 06:00:00,160.45
2018-04-24 07:00:00,377.52
2018-04-24 08:00:00,587.58
2018-04-24 09:00:00,809.7
2018-04-24 10:00:00,919.67
2018-04-24 11:00:00,978.58
2018-04-24 12:00:00,954.62
2018-04-24 13:00:00,851.7
2018-04-24 14:00:00,681.15
2018-04-24 15:00:00,461.42
2018-04-24 16:00:00,221.3
2018-04-24 17:00:00,22.12
2018-04-24 18:00:00,0.0
2018-04-24 19:00:00,0.0
2018-04-24 20:00:00,0.0
2018-04-24 21:00:00,0.0
2018-04-24 22:00:00,0.0
2018-04-24 23:00:00,0.0
2018-04-25 00:00:00,0.0
2018-04-25 01:00:00,0.0
2018-04-25 02:00:00,0.0
2018-04-25 03:00:00,0.0
2018-04-25 04:00:00,0.0
2018-04-25 05:00:00,13.77
2018-04-25 06:00:00,154.5
2018-04-25 07:00:00,360.5
2018-04-25 08:00:00,558.53
2018-04-25 09:00:00,720.83
2018-04-25 10:00:00,881.8
2018-04-25 11:00:00,956.95
2018-04-25 12:00:00,886.75
2018-04-25 13:00:00,780.55
2018-04-25 14:00:00,650.9
2018-04-25 15:00:00,447.2
2018-04-25 16:00:00,213.5
2018-04-25 17:00:00,25.1
2018-04-25 18:00:00,0.0
2018-04-25 19:00:00,0.0
2018-04-25 20:00:00,0.0
2018-04-25 21:00:00,0.0
2018-04-25 22:00:00,0.0
2018-04-25 23:00:00,0.0
2018-04-26 00:00:00,0.0
2018-04-26 01:00:00,0.0
2018-04-26 02:00:00,0.0
2018-04-26 03:00:00,0.0
2018-04-26 04:00:00,0.0
2018-04-26 05:00:00,13.93
2018-04-26 06:00:00,156.4
2018-04-26 07:00:00,368.15
2018-04-26 08:00:00,572.72
2018-04-26 09:00:00,784.28
2018-04-26 10:00:00,907.83
2018-04-26 11:00:00,949.25
2018-04-26 12:00:00,938.35
2018-04-26 13:00:00,820.7
2018-04-26 14:00:00,604.1
2018-04-26 15:00:00,419.48
2018-04-26 16:00:00,192.85
2018-04-26 17:00:00,23.98
2018-04-26 18:00:00,0.0
2018-04-26 19:00:00,0.0
2018-04-26 20:00:00,0.0
2018-04-26 21:00:00,0.0
2018-04-26 22:00:00,0.0
2018-04-26 23:00:00,0.0
2018-04-27 00:00:00,0.0
2018-04-27 01:00:00,0.0
2018-04-27 02:00:00,0.0
2018-04-27 03:00:00,0.0
2018-04-27 04:00:00,0.0
2018-04-27 05:00:00,14.75
2018-04-27 06:00:00,174.32
2018-04-27 07:00:00,399.6
2018-04-27 08:00:00,606.33
2018-04-27 09:00:00,832.88
2018-04-27 10:00:00,854.9
2018-04-27 11:00:00,893.83
2018-04-27 12:00:00,959.67
2018-04-27 13:00:00,858.8
2018-04-27 14:00:00,676.85
2018-04-27 15:00:00,472.12
2018-04-27 16:00:00,237.6
2018-04-27 17:00:00,36.9
2018-04-27 18:00:00,0.0
2018-04-27 19:00:00,0.0
2018-04-27 20:00:00,0.0
2018-04-27 21:00:00,0.0
2018-04-27 22:00:00,0.0
2018-04-27 23:00:00,0.0
2018-04-28 00:00:00,0.0
2018-04-28 01:00:00,0.0
2018-04-28 02:00:00,0.0
2018-04-28 03:00:00,0.0
2018-04-28 04:00:00,0.0
2018-04-28 05:00:00,16.73
2018-04-28 06:00:00,145.32
2018-04-28 07:00:00,358.92
2018-04-28 08:00:00,566.03
2018-04-28 09:00:00,782.83
2018-04-28 10:00:00,872.95
2018-04-28 11:00:00,962.7
2018-04-28 12:00:00,908.88
2018-04-28 13:00:00,815.95
2018-04-28 14:00:00,636.75
2018-04-28 15:00:00,413.25
2018-04-28 16:00:00,205.27
2018-04-28 17:00:00,33.12
2018-04-28 18:00:00,0.0
2018-04-28 19:00:00,0.0
2018-04-28 20:00:00,0.0
2018-04-28 21:00:00,0.0
2018-04-28 22:00:00,0.0
2018-04-28 23:00:00,0.0
2018-04-29 00:00:00,0.0
2018-04-29 01:00:00,0.0
2018-04-29 02:00:00,0.0
2018-04-29 03:00:00,0.0
2018-04-29 04:00:00,0.0
2018-04-29 05:00:00,14.52
2018-04-29 06:00:00,146.15
2018-04-29 07:00:00,346.95
2018-04-29 08:00:00,549.28
2018-04-29 09:00:00,721.1
2018-04-29 10:00:00,852.03
2018-04-29 11:00:00,898.65
2018-04-29 12:00:00,799.8
2018-04-29 13:00:00,775.62
2018-04-29 14:00:00,591.7
2018-04-29 15:00:00,374.3
2018-04-29 16:00:00,177.65
2018-04-29 17:00:00,28.38
2018-04-29 18:00:00,0.0
2018-04-29 19:00:00,0.0
2018-04-29 20:00:00,0.0
2018-04-29 21:00:00,0.0
2018-04-29 22:00:00,0.0
2018-04-29 23:00:00,0.0
2018-04-30 00:00:00,0.0
2018-04-30 01:00:00,0.0
2018-04-30 02:00:00,0.0
2018-04-30 03:00:00,0.0
2018-04-30 04:00:00,0.0
2018-04-30 05:00:00,15.18
2018-04-30 06:00:00,142.68
2018-04-30 07:00:00,335.95
2018-04-30 08:00:00,538.65
2018-04-30 09:00:00,715.05
2018-04-30 10:00:00,842.08
2018-04-30 11:00:00,921.12
2018-04-30 12:00:00,805.55
2018-04-30 13:00:00,767.75
2018-04-30 14:00:00,579.17
2018-04-30 15:00:00,375.98
2018-04-30 16:00:00,169.1
2018-04-30 17:00:00,30.33
2018-04-30 18:00:00,0.0
2018-04-30 19:00:00,0.0
2018-04-30 20:00:00,0.0
2018-04-30 21:00:00,0.0
2018-04-30 22:00:00,0.0
2018-04-30 23:00:00,0.0
2018-05-01 00:00:00,0.0
2018-05-01 01:00:00,0.0
2018-05-01 02:00:00,0.0
2018-05-01 03:00:00,0.0
2018-05-01 04:00:00,0.0
2018-05-01 05:00:00,14.52
2018-05-01 06:00:00,146.38
2018-05-01 07:00:00,331.85
2018-05-01 08:00:00,507.38
2018-05-01 09:00:00,667.95
2018-05-01 10:00:00,795.3
2018-05-01 11:00:00,879.58
2018-05-01 12:00:00,837.85
2018-05-01 13:00:00,754.33
2018-05-01 14:00:00,605.65
2018-05-01 15:00:00,407.6
2018-05-01 16:00:00,188.5
2018-05-01 17:00:00,17.83
2018-05-01 18:00:00,0.0
2018-05-01 19:00:00,0.0
2018-05-01 20:00:00,0.0
2018-05-01 21:00:00,0.0
2018-05-01 22:00:00,0.0
2018-05-01 23:00:00,0.0
2018-05-02 00:00:00,0.0
2018-05-02 01:00:00,0.0
2018-05-02 02:00:00,0.0
2018-05-02 03:00:00,0.0
2018-05-02 04:00:00,0.0
2018-05-02 05:00:00,12.32
2018-05-02 06:00:00,129.1
2018-05-02 07:00:00,298.2
2018-05-02 08:00:00,484.5
2018-05-02 09:00:00,661.4
2018-05-02 10:00:00,751.28
2018-05-02 11:00:00,825.85
2018-05-02 12:00:00,791.97
2018-05-02 13:00:00,699.08
2018-05-02 14:00:00,535.53
2018-05-02 15:00:00,344.12
2018-05-02 16:00:00,159.2
2018-05-02 17:00:00,25.75
2018-05-02 18:00:00,0.0
2018-05-02 19:00:00,0.0
2018-05-02 20:00:00,0.0
2018-05-02 21:00:00,0.0
2018-05-02 22:00:00,0.0
2018-05-02 23:00:00,0.0
2018-05-03 00:00:00,0.0
2018-05-03 01:00:00,0.0
2018-05-03 02:00:00,0.0
2018-05-03 03:00:00,0.0
2018-05-03 04:00:00,0.0
2018-05-03 05:00:00,15.6
2018-05-03 06:00:00,149.8
2018-05-03 07:00:00,335.17
2018-05-03 08:00:00,532.72
2018-05-03 09:00:00,702.88
2018-05-03 10:00:00,818.6
2018-05-03 11:00:00,789.33
2018-05-03 12:00:00,813.9
2018-05-03 13:00:00,743.65
2018-05-03 14:00:00,577.2
2018-05-03 15:00:00,411.08
2018-05-03 16:00:00,194.48
2018-05-03 17:00:00,29.7
2018-05-03 18:00:00,0.0
2018-05-03 19:00:00,0.0
2018-05-03 20:00:00,0.0
2018-05-03 21:00:00,0.0
2018-05-03 22:00:00,0.0
2018-05-03 23:00:00,0.0
2018-05-04 00:00:00,0.0
2018-05-04 01:00:00,0.0
2018-05-04 02:00:00,0.0
2018-05-04 03:00:00,0.0
2018-05-04 04:00:00,0.0
2018-05-04 05:00:00,16.6
2018-05-04 06:00:00,144.8
2018-05-04 07:00:00,309.67
2018-05-04 08:00:00,495.9
2018-05-04 09:00:00,669.85
2018-05-04 10:00:00,746.08
2018-05-04 11:00:00,780.25
2018-05-04 12:00:00,719.0
2018-05-04 13:00:00,695.35
2018-05-04 14:00:00,569.5
2018-05-04 15:00:00,409.38
2018-05-04 16:00:00,192.75
2018-05-04 17:00:00,30.05
2018-05-04 18:00:00,0.0
2018-05-04 19:00:00,0.0
2018-05-04 20:00:00,0.0
2018-05-04 21:00:00,0.0
2018-05-04 22:00:00,0.0
2018-05-04 23:00:00,0.0
2018-05-05 00:00:00,0.0
2018-05-05 01:00:00,0.0
2018-05-05 02:00:00,0.0
2018-05-05 03:00:00,0.0
2018-05-05 04:00:00,0.0
2018-05-05 05:00:00,15.95
2018-05-05 06:00:00,144.68
2018-05-05 07:00:00,381.62
2018-05-05 08:00:00,591.15
2018-05-05 09:00:00,809.88
2018-05-05 10:00:00,911.0
2018-05-05 11:00:00,965.28
2018-05-05 12:00:00,940.78
2018-05-05 13:00:00,849.58
2018-05-05 14:00:00,616.97
2018-05-05 15:00:00,447.9
2018-05-05 16:00:00,214.98
2018-05-05 17:00:00,31.75
2018-05-05 18:00:00,0.0
2018-05-05 19:00:00,0.0
2018-05-05 20:00:00,0.0
2018-05-05 21:00:00,0.0
2018-05-05 22:00:00,0.0
2018-05-05 23:00:00,0.0
2018-05-06 00:00:00,0.0
2018-05-06 01:00:00,0.0
2018-05-06 02:00:00,0.0
2018-05-06 03:00:00,0.0
2018-05-06 04:00:00,0.0
2018-05-06 05:00:00,19.95
2018-05-06 06:00:00,167.75
2018-05-06 07:00:00,371.88
2018-05-06 08:00:00,572.75
2018-05-06 09:00:00,727.28
2018-05-06 10:00:00,839.12
2018-05-06 11:00:00,857.03
2018-05-06 12:00:00,866.38
2018-05-06 13:00:00,744.72
2018-05-06 14:00:00,602.38
2018-05-06 15:00:00,386.27
2018-05-06 16:00:00,189.6
2018-05-06 17:00:00,29.23
2018-05-06 18:00:00,0.0
2018-05-06 19:00:00,0.0
2018-05-06 20:00:00,0.0
2018-05-06 21:00:00,0.0
2018-05-06 22:00:00,0.0
2018-05-06 23:00:00,0.0
2018-05-07 00:00:00,0.0
2018-05-07 01:00:00,0.0
2018-05-07 02:00:00,0.0
2018-05-07 03:00:00,0.0
2018-05-07 04:00:00,0.0
2018-05-07 05:00:00,16.35
2018-05-07 06:00:00,110.5
2018-05-07 07:00:00,256.23
2018-05-07 08:00:00,387.92
2018-05-07 09:00:00,512.08
2018-05-07 10:00:00,600.45
2018-05-07 11:00:00,668.92
2018-05-07 12:00:00,590.0
2018-05-07 13:00:00,454.95
2018-05-07 14:00:00,360.8
2018-05-07 15:00:00,252.8
2018-05-07 16:00:00,115.88
2018-05-07 17:00:00,16.15
2018-05-07 18:00:00,0.0
2018-05-07 19:00:00,0.0
2018-05-07 20:00:00,0.0
2018-05-07 21:00:00,0.0
2018-05-07 22:00:00,0.0
2018-05-07 23:00:00,0.0
2018-05-08 00:00:00,0.0
2018-05-08 01:00:00,0.0
2018-05-08 02:00:00,0.0
2018-05-08 03:00:00,0.0
2018-05-08 04:00:00,0.0
2018-05-08 05:00:00,13.68
2018-05-08 06:00:00,135.5
2018-05-08 07:00:00,328.8
2018-05-08 08:00:00,537.83
2018-05-08 09:00:00,711.42
2018-05-08 10:00:00,821.65
2018-05-08 11:00:00,812.42
2018-05-08 12:00:00,843.08
2018-05-08 13:00:00,791.53
2018-05-08 14:00:00,637.92
2018-05-08 15:00:00,449.02
2018-05-08 16:00:00,203.05
2018-05-08 17:00:00,29.33
2018-05-08 18:00:00,0.0
2018-05-08 19:00:00,0.0
2018-05-08 20:00:00,0.0
2018-05-08 21:00:00,0.0
2018-05-08 22:00:00,0.0
2018-05-08 23:00:00,0.0
2018-05-09 00:00:00,0.0
2018-05-09 01:00:00,0.0
2018-05-09 02:00:00,0.0
2018-05-09 03:00:00,0.0
2018-05-09 04:00:00,0.0
2018-05-09 05:00:00,16.83
2018-05-09 06:00:00,154.57
2018-05-09 07:00:00,351.7
2018-05-09 08:00:00,546.28
2018-05-09 09:00:00,724.92
2018-05-09 10:00:00,849.95
2018-05-09 11:00:00,875.15
2018-05-09 12:00:00,834.85
2018-05-09 13:00:00,730.6
2018-05-09 14:00:00,620.0
2018-05-09 15:00:00,441.65
2018-05-09 16:00:00,218.65
2018-05-09 17:00:00,35.75
2018-05-09 18:00:00,0.0
2018-05-09 19:00:00,0.0
2018-05-09 20:00:00,0.0
2018-05-09 21:00:00,0.0
2018-05-09 22:00:00,0.0
2018-05-09 23:00:00,0.0
2018-05-10 00:00:00,0.0
2018-05-10 01:00:00,0.0
2018-05-10 02:00:00,0.0
2018-05-10 03:00:00,0.0
2018-05-10 04:00:00,0.0
2018-05-10 05:00:00,9.88
2018-05-10 06:00:00,83.38
2018-05-10 07:00:00,189.55
2018-05-10 08:00:00,282.8
2018-05-10 09:00:00,447.45
2018-05-10 10:00:00,489.3
2018-05-10 11:00:00,612.55
2018-05-10 12:00:00,679.8
2018-05-10 13:00:00,790.28
2018-05-10 14:00:00,651.78
2018-05-10 15:00:00,455.7
2018-05-10 16:00:00,221.48
2018-05-10 17:00:00,33.0
2018-05-10 18:00:00,0.0
2018-05-10 19:00:00,0.0
2018-05-10 20:00:00,0.0
2018-05-10 21:00:00,0.0
2018-05-10 22:00:00,0.0
2018-05-10 23:00:00,0.0
2018-05-11 00:00:00,0.0
2018-05-11 01:00:00,0.0
2018-05-11 02:00:00,0.0
2018-05-11 03:00:00,0.0
2018-05-11 04:00:00,0.0
2018-05-11 05:00:00,19.85
2018-05-11 06:00:00,172.55
2018-05-11 07:00:00,389.0
2018-05-11 08:00:00,594.2
2018-05-11 09:00:00,782.03
2018-05-11 10:00:00,848.8
2018-05-11 11:00:00,969.15
2018-05-11 12:00:00,922.5
2018-05-11 13:00:00,839.83
2018-05-11 14:00:00,615.17
2018-05-11 15:00:00,453.58
2018-05-11 16:00:00,221.02
2018-05-11 17:00:00,33.58
2018-05-11 18:00:00,0.0
2018-05-11 19:00:00,0.0
2018-05-11 20:00:00,0.0
2018-05-11 21:00:00,0.0
2018-05-11 22:00:00,0.0
2018-05-11 23:00:00,0.0
2018-05-12 00:00:00,0.0
2018-05-12 01:00:00,0.0
2018-05-12 02:00:00,0.0
2018-05-12 03:00:00,0.0
2018-05-12 04:00:00,0.0
2018-05-12 05:00:00,20.67
2018-05-12 06:00:00,176.6
2018-05-12 07:00:00,372.62
2018-05-12 08:00:00,586.88
2018-05-12 09:00:00,772.92
2018-05-12 10:00:00,903.08
2018-05-12 11:00:00,937.88
2018-05-12 12:00:00,916.72
2018-05-12 13:00:00,794.12
2018-05-12 14:00:00,659.65
2018-05-12 15:00:00,411.58
2018-05-12 16:00:00,226.98
2018-05-12 17:00:00,37.12
2018-05-12 18:00:00,0.0
2018-05-12 19:00:00,0.0
2018-05-12 20:00:00,0.0
2018-05-12 21:00:00,0.0
2018-05-12 22:00:00,0.0
2018-05-12 23:00:00,0.0
2018-05-13 00:00:00,0.0
2018-05-13 01:00:00,0.0
2018-05-13 02:00:00,0.0
2018-05-13 03:00:00,0.0
2018-05-13 04:00:00,0.0
2018-05-13 05:00:00,20.42
2018-05-13 06:00:00,156.35
2018-05-13 07:00:00,354.08
2018-05-13 08:00:00,555.7
2018-05-13 09:00:00,759.8
2018-05-13 10:00:00,866.03
2018-05-13 11:00:00,918.03
2018-05-13 12:00:00,847.97
2018-05-13 13:00:00,793.67
2018-05-13 14:00:00,628.08
2018-05-13 15:00:00,443.1
2018-05-13 16:00:00,210.15
2018-05-13 17:00:00,32.75
2018-05-13 18:00:00,0.0
2018-05-13 19:00:00,0.0
2018-05-13 20:00:00,0.0
2018-05-13 21:00:00,0.0
2018-05-13 22:00:00,0.0
2018-05-13 23:00:00,0.0
2018-05-14 00:00:00,0.0
2018-05-14 01:00:00,0.0
2018-05-14 02:00:00,0.0
2018-05-14 03:00:00,0.0
2018-05-14 04:00:00,0.0
2018-05-14 05:00:00,19.27
2018-05-14 06:00:00,153.45
2018-05-14 07:00:00,356.62
2018-05-14 08:00:00,550.3
2018-05-14 09:00:00,744.67
2018-05-14 10:00:00,856.38
2018-05-14 11:00:00,784.35
2018-05-14 12:00:00,916.53
2018-05-14 13:00:00,794.03
2018-05-14 14:00:00,583.28
2018-05-14 15:00:00,416.67
2018-05-14 16:00:00,188.4
2018-05-14 17:00:00,25.7
2018-05-14 18:00:00,0.0
2018-05-14 19:00:00,0.0
2018-05-14 20:00:00,0.0
2018-05-14 21:00:00,0.0
2018-05-14 22:00:00,0.0
2018-05-14 23:00:00,0.0
2018-05-15 00:00:00,0.0
2018-05-15 01:00:00,0.0
2018-05-15 02:00:00,0.0
2018-05-15 03:00:00,0.0
2018-05-15 04:00:00,0.0
2018-05-15 05:00:00,14.8
2018-05-15 06:00:00,107.88
2018-05-15 07:00:00,254.52
2018-05-15 08:00:00,409.25
2018-05-15 09:00:00,543.58
2018-05-15 10:00:00,600.62
2018-05-15 11:00:00,644.85
2018-05-15 12:00:00,744.65
2018-05-15 13:00:00,559.78
2018-05-15 14:00:00,372.12
2018-05-15 15:00:00,266.67
2018-05-15 16:00:00,145.8
2018-05-15 17:00:00,30.73
2018-05-15 18:00:00,0.0
2018-05-15 19:00:00,0.0
2018-05-15 20:00:00,0.0
2018-05-15 21:00:00,0.0
2018-05-15 22:00:00,0.0
2018-05-15 23:00:00,0.0
2018-05-16 00:00:00,0.0
2018-05-16 01:00:00,0.0
2018-05-16 02:00:00,0.0
2018-05-16 03:00:00,0.0
2018-05-16 04:00:00,0.0
2018-05-16 05:00:00,21.0
2018-05-16 06:00:00,166.32
2018-05-16 07:00:00,356.08
2018-05-16 08:00:00,540.8
2018-05-16 09:00:00,761.62
2018-05-16 10:00:00,868.1
2018-05-16 11:00:00,908.9
2018-05-16 12:00:00,913.42
2018-05-16 13:00:00,798.88
2018-05-16 14:00:00,588.9
2018-05-16 15:00:00,418.67
2018-05-16 16:00:00,203.0
2018-05-16 17:00:00,43.42
2018-05-16 18:00:00,0.0
2018-05-16 19:00:00,0.0
2018-05-16 20:00:00,0.0
2018-05-16 21:00:00,0.0
2018-05-16 22:00:00,0.0
2018-05-16 23:00:00,0.0
2018-05-17 00:00:00,0.0
2018-05-17 01:00:00,0.0
2018-05-17 02:00:00,0.0
2018-05-17 03:00:00,0.0
2018-05-17 04:00:00,0.0
2018-05-17 05:00:00,19.15
2018-05-17 06:00:00,151.45
2018-05-17 07:00:00,354.45
2018-05-17 08:00:00,548.9
2018-05-17 09:00:00,717.75
2018-05-17 10:00:00,830.58
2018-05-17 11:00:00,887.17
2018-05-17 12:00:00,877.97
2018-05-17 13:00:00,770.92
2018-05-17 14:00:00,592.65
2018-05-17 15:00:00,397.25
2018-05-17 16:00:00,200.1
2018-05-17 17:00:00,34.2
2018-05-17 18:00:00,0.0
2018-05-17 19:00:00,0.0
2018-05-17 20:00:00,0.0
2018-05-17 21:00:00,0.0
2018-05-17 22:00:00,0.0
2018-05-17 23:00:00,0.0
2018-05-18 00:00:00,0.0
2018-05-18 01:00:00,0.0
2018-05-18 02:00:00,0.0
2018-05-18 03:00:00,0.0
2018-05-18 04:00:00,0.0
2018-05-18 05:00:00,19.62
2018-05-18 06:00:00,159.02
2018-05-18 07:00:00,347.2
2018-05-18 08:00:00,524.65
2018-05-18 09:00:00,686.35
2018-05-18 10:00:00,772.72
2018-05-18 11:00:00,732.83
2018-05-18 12:00:00,711.65
2018-05-18 13:00:00,697.6
2018-05-18 14:00:00,533.35
2018-05-18 15:00:00,341.35
2018-05-18 16:00:00,161.68
2018-05-18 17:00:00,27.3
2018-05-18 18:00:00,0.0
2018-05-18 19:00:00,0.0
2018-05-18 20:00:00,0.0
2018-05-18 21:00:00,0.0
2018-05-18 22:00:00,0.0
2018-05-18 23:00:00,0.0
2018-05-19 00:00:00,0.0
2018-05-19 01:00:00,0.0
2018-05-19 02:00:00,0.0
2018-05-19 03:00:00,0.0
2018-05-19 04:00:00,0.0
2018-05-19 05:00:00,16.2
2018-05-19 06:00:00,115.88
2018-05-19 07:00:00,278.48
2018-05-19 08:00:00,451.5
2018-05-19 09:00:00,598.28
2018-05-19 10:00:00,637.53
2018-05-19 11:00:00,650.65
2018-05-19 12:00:00,688.1
2018-05-19 13:00:00,691.85
2018-05-19 14:00:00,536.42
2018-05-19 15:00:00,341.02
2018-05-19 16:00:00,164.98
2018-05-19 17:00:00,29.55
2018-05-19 18:00:00,0.0
2018-05-19 19:00:00,0.0
2018-05-19 20:00:00,0.0
2018-05-19 21:00:00,0.0
2018-05-19 22:00:00,0.0
2018-05-19 23:00:00,0.0
2018-05-20 00:00:00,0.0
2018-05-20 01:00:00,0.0
2018-05-20 02:00:00,0.0
2018-05-20 03:00:00,0.0
2018-05-20 04:00:00,0.0
2018-05-20 05:00:00,18.35
2018-05-20 06:00:00,148.23
2018-05-20 07:00:00,334.67
2018-05-20 08:00:00,527.53
2018-05-20 09:00:00,744.85
2018-05-20 10:00:00,838.4
2018-05-20 11:00:00,911.25
2018-05-20 12:00:00,864.2
2018-05-20 13:00:00,650.92
2018-05-20 14:00:00,550.33
2018-05-20 15:00:00,381.77
2018-05-20 16:00:00,178.48
2018-05-20 17:00:00,24.08
2018-05-20 18:00:00,0.0
2018-05-20 19:00:00,0.0
2018-05-20 20:00:00,0.0
2018-05-20 21:00:00,0.0
2018-05-20 22:00:00,0.0
2018-05-20 23:00:00,0.0
2018-05-21 00:00:00,0.0
2018-05-21 01:00:00,0.0
2018-05-21 02:00:00,0.0
2018-05-21 03:00:00,0.0
2018-05-21 04:00:00,0.0
2018-05-21 05:00:00,20.1
2018-05-21 06:00:00,137.75
2018-05-21 07:00:00,337.1
2018-05-21 08:00:00,520.7
2018-05-21 09:00:00,679.75
2018-05-21 10:00:00,676.5
2018-05-21 11:00:00,860.92
2018-05-21 12:00:00,848.97
2018-05-21 13:00:00,737.35
2018-05-21 14:00:00,538.45
2018-05-21 15:00:00,307.12
2018-05-21 16:00:00,142.73
2018-05-21 17:00:00,26.73
2018-05-21 18:00:00,0.0
2018-05-21 19:00:00,0.0
2018-05-21 20:00:00,0.0
2018-05-21 21:00:00,0.0
2018-05-21 22:00:00,0.0
2018-05-21 23:00:00,0.0
2018-05-22 00:00:00,0.0
2018-05-22 01:00:00,0.0
2018-05-22 02:00:00,0.0
2018-05-22 03:00:00,0.0
2018-05-22 04:00:00,0.0
2018-05-22 05:00:00,20.67
2018-05-22 06:00:00,164.98
2018-05-22 07:00:00,344.62
2018-05-22 08:00:00,533.05
2018-05-22 09:00:00,735.75
2018-05-22 10:00:00,804.67
2018-05-22 11:00:00,849.03
2018-05-22 12:00:00,771.3
2018-05-22 13:00:00,731.2
2018-05-22 14:00:00,565.67
2018-05-22 15:00:00,366.1
2018-05-22 16:00:00,179.57
2018-05-22 17:00:00,31.3
2018-05-22 18:00:00,0.0
2018-05-22 19:00:00,0.0
2018-05-22 20:00:00,0.0
2018-05-22 21:00:00,0.0
2018-05-22 22:00:00,0.0
2018-05-22 23:00:00,0.0
2018-05-23 00:00:00,0.0
2018-05-23 01:00:00,0.0
2018-05-23 02:00:00,0.0
2018-05-23 03:00:00,0.0
2018-05-23 04:00:00,0.0
2018-05-23 05:00:00,21.98
2018-05-23 06:00:00,179.15
2018-05-23 07:00:00,361.58
2018-05-23 08:00:00,535.38
2018-05-23 09:00:00,737.08
2018-05-23 10:00:00,819.08
2018-05-23 11:00:00,791.67
2018-05-23 12:00:00,716.92
2018-05-23 13:00:00,714.88
2018-05-23 14:00:00,614.92
2018-05-23 15:00:00,458.83
2018-05-23 16:00:00,228.2
2018-05-23 17:00:00,40.33
2018-05-23 18:00:00,0.0
2018-05-23 19:00:00,0.0
2018-05-23 20:00:00,0.0
2018-05-23 21:00:00,0.0
2018-05-23 22:00:00,0.0
2018-05-23 23:00:00,0.0
2018-05-24 00:00:00,0.0
2018-05-24 01:00:00,0.0
2018-05-24 02:00:00,0.0
2018-05-24 03:00:00,0.0
2018-05-24 04:00:00,0.0
2018-05-24 05:00:00,16.5
2018-05-24 06:00:00,133.45
2018-05-24 07:00:00,279.2
2018-05-24 08:00:00,437.92
2018-05-24 09:00:00,574.15
2018-05-24 10:00:00,669.2
2018-05-24 11:00:00,688.03
2018-05-24 12:00:00,666.22
2018-05-24 13:00:00,653.45
2018-05-24 14:00:00,525.78
2018-05-24 15:00:00,345.9
2018-05-24 16:00:00,156.93
2018-05-24 17:00:00,22.23
2018-05-24 18:00:00,0.0
2018-05-24 19:00:00,0.0
2018-05-24 20:00:00,0.0
2018-05-24 21:00:00,0.0
2018-05-24 22:00:00,0.0
2018-05-24 23:00:00,0.0
2018-05-25 00:00:00,0.0
2018-05-25 01:00:00,0.0
2018-05-25 02:00:00,0.0
2018-05-25 03:00:00,0.0
2018-05-25 04:00:00,0.0
2018-05-25 05:00:00,17.55
2018-05-25 06:00:00,127.5
2018-05-25 07:00:00,291.4
2018-05-25 08:00:00,460.83
2018-05-25 09:00:00,592.58
2018-05-25 10:00:00,691.65
2018-05-25 11:00:00,684.97
2018-05-25 12:00:00,698.15
2018-05-25 13:00:00,634.6
2018-05-25 14:00:00,500.65
2018-05-25 15:00:00,310.77
2018-05-25 16:00:00,151.23
2018-05-25 17:00:00,28.58
2018-05-25 18:00:00,0.0
2018-05-25 19:00:00,0.0
2018-05-25 20:00:00,0.0
2018-05-25 21:00:00,0.0
2018-05-25 22:00:00,0.0
2018-05-25 23:00:00,0.0
2018-05-26 00:00:00,0.0
2018-05-26 01:00:00,0.0
2018-05-26 02:00:00,0.0
2018-05-26 03:00:00,0.0
2018-05-26 04:00:00,0.0
2018-05-26 05:00:00,19.33
2018-05-26 06:00:00,151.82
2018-05-26 07:00:00,324.52
2018-05-26 08:00:00,501.55
2018-05-26 09:00:00,653.0
2018-05-26 10:00:00,765.58
2018-05-26 11:00:00,813.17
2018-05-26 12:00:00,788.17
2018-05-26 13:00:00,688.08
2018-05-26 14:00:00,543.42
2018-05-26 15:00:00,339.3
2018-05-26 16:00:00,167.62
2018-05-26 17:00:00,33.3
2018-05-26 18:00:00,0.0
2018-05-26 19:00:00,0.0
2018-05-26 20:00:00,0.0
2018-05-26 21:00:00,0.0
2018-05-26 22:00:00,0.0
2018-05-26 23:00:00,0.0
2018-05-27 00:00:00,0.0
2018-05-27 01:00:00,0.0
2018-05-27 02:00:00,0.0
2018-05-27 03:00:00,0.0
2018-05-27 04:00:00,0.0
2018-05-27 05:00:00,22.2
2018-05-27 06:00:00,157.45
2018-05-27 07:00:00,354.05
2018-05-27 08:00:00,540.38
2018-05-27 09:00:00,732.58
2018-05-27 10:00:00,846.9
2018-05-27 11:00:00,838.62
2018-05-27 12:00:00,820.38
2018-05-27 13:00:00,746.95
2018-05-27 14:00:00,586.05
2018-05-27 15:00:00,403.5
2018-05-27 16:00:00,191.57
2018-05-27 17:00:00,39.35
2018-05-27 18:00:00,0.0
2018-05-27 19:00:00,0.0
2018-05-27 20:00:00,0.0
2018-05-27 21:00:00,0.0
2018-05-27 22:00:00,0.0
2018-05-27 23:00:00,0.0
2018-05-28 00:00:00,0.0
2018-05-28 01:00:00,0.0
2018-05-28 02:00:00,0.0
2018-05-28 03:00:00,0.0
2018-05-28 04:00:00,0.0
2018-05-28 05:00:00,21.98
2018-05-28 06:00:00,175.3
2018-05-28 07:00:00,362.27
2018-05-28 08:00:00,564.47
2018-05-28 09:00:00,730.35
2018-05-28 10:00:00,857.38
2018-05-28 11:00:00,854.92
2018-05-28 12:00:00,813.22
2018-05-28 13:00:00,744.5
2018-05-28 14:00:00,622.85
2018-05-28 15:00:00,391.1
2018-05-28 16:00:00,196.1
2018-05-28 17:00:00,37.92
2018-05-28 18:00:00,0.0
2018-05-28 19:00:00,0.0
2018-05-28 20:00:00,0.0
2018-05-28 21:00:00,0.0
2018-05-28 22:00:00,0.0
2018-05-28 23:00:00,0.0
2018-05-29 00:00:00,0.0
2018-05-29 01:00:00,0.0
2018-05-29 02:00:00,0.0
2018-05-29 03:00:00,0.0
2018-05-29 04:00:00,0.0
2018-05-29 05:00:00,23.48
2018-05-29 06:00:00,161.52
2018-05-29 07:00:00,356.9
2018-05-29 08:00:00,565.38
2018-05-29 09:00:00,763.8
2018-05-29 10:00:00,854.47
2018-05-29 11:00:00,867.97
2018-05-29 12:00:00,834.92
2018-05-29 13:00:00,725.67
2018-05-29 14:00:00,579.85
2018-05-29 15:00:00,394.27
2018-05-29 16:00:00,201.65
2018-05-29 17:00:00,40.5
2018-05-29 18:00:00,0.0
2018-05-29 19:00:00,0.0
2018-05-29 20:00:00,0.0
2018-05-29 21:00:00,0.0
2018-05-29 22:00:00,0.0
2018-05-29 23:00:00,0.0
2018-05-30 00:00:00,0.0
2018-05-30 01:00:00,0.0
2018-05-30 02:00:00,0.0
2018-05-30 03:00:00,0.0
2018-05-30 04:00:00,0.0
2018-05-30 05:00:00,23.12
2018-05-30 06:00:00,180.85
2018-05-30 07:00:00,374.15
2018-05-30 08:00:00,566.05
2018-05-30 09:00:00,756.65
2018-05-30 10:00:00,808.97
2018-05-30 11:00:00,925.0
2018-05-30 12:00:00,879.9
2018-05-30 13:00:00,783.03
2018-05-30 14:00:00,640.67
2018-05-30 15:00:00,444.05
2018-05-30 16:00:00,229.98
2018-05-30 17:00:00,44.2
2018-05-30 18:00:00,0.0
2018-05-30 19:00:00,0.0
2018-05-30 20:00:00,0.0
2018-05-30 21:00:00,0.0
2018-05-30 22:00:00,0.0
2018-05-30 23:00:00,0.0
2018-05-31 00:00:00,0.0
2018-05-31 01:00:00,0.0
2018-05-31 02:00:00,0.0
2018-05-31 03:00:00,0.0
2018-05-31 04:00:00,0.0
2018-05-31 05:00:00,19.27
2018-05-31 06:00:00,141.55
2018-05-31 07:00:00,292.58
2018-05-31 08:00:00,468.25
2018-05-31 09:00:00,617.58
2018-05-31 10:00:00,745.17
2018-05-31 11:00:00,728.95
2018-05-31 12:00:00,728.9
2018-05-31 13:00:00,654.22
2018-05-31 14:00:00,510.42
2018-05-31 15:00:00,334.58
2018-05-31 16:00:00,167.25
2018-05-31 17:00:00,36.55
2018-05-31 18:00:00,0.0
2018-05-31 19:00:00,0.0
2018-05-31 20:00:00,0.0
2018-05-31 21:00:00,0.0
2018-05-31 22:00:00,0.0
2018-05-31 23:00:00,0.0
2018-06-01 00:00:00,0.0
2018-06-01 01:00:00,0.0
2018-06-01 02:00:00,0.0
2018-06-01 03:00:00,0.0
2018-06-01 04:00:00,0.0
2018-06-01 05:00:00,15.18
2018-06-01 06:00:00,123.2
2018-06-01 07:00:00,291.4
2018-06-01 08:00:00,471.05
2018-06-01 09:00:00,612.83
2018-06-01 10:00:00,725.92
2018-06-01 11:00:00,785.58
2018-06-01 12:00:00,788.83
2018-06-01 13:00:00,700.1
2018-06-01 14:00:00,566.6
2018-06-01 15:00:00,384.0
2018-06-01 16:00:00,187.0
2018-06-01 17:00:00,35.17
2018-06-01 18:00:00,0.0
2018-06-01 19:00:00,0.0
2018-06-01 20:00:00,0.0
2018-06-01 21:00:00,0.0
2018-06-01 22:00:00,0.0
2018-06-01 23:00:00,0.0
2018-06-02 00:00:00,0.0
2018-06-02 01:00:00,0.0
2018-06-02 02:00:00,0.0
2018-06-02 03:00:00,0.0
2018-06-02 04:00:00,0.0
2018-06-02 05:00:00,18.77
2018-06-02 06:00:00,110.57
2018-06-02 07:00:00,243.45
2018-06-02 08:00:00,391.12
2018-06-02 09:00:00,530.92
2018-06-02 10:00:00,594.55
2018-06-02 11:00:00,537.4
2018-06-02 12:00:00,457.92
2018-06-02 13:00:00,452.55
2018-06-02 14:00:00,435.7
2018-06-02 15:00:00,278.38
2018-06-02 16:00:00,138.07
2018-06-02 17:00:00,27.0
2018-06-02 18:00:00,0.0
2018-06-02 19:00:00,0.0
2018-06-02 20:00:00,0.0
2018-06-02 21:00:00,0.0
2018-06-02 22:00:00,0.0
2018-06-02 23:00:00,0.0
2018-06-03 00:00:00,0.0
2018-06-03 01:00:00,0.0
2018-06-03 02:00:00,0.0
2018-06-03 03:00:00,0.0
2018-06-03 04:00:00,0.0
2018-06-03 05:00:00,17.88
2018-06-03 06:00:00,141.65
2018-06-03 07:00:00,319.8
2018-06-03 08:00:00,496.65
2018-06-03 09:00:00,706.67
2018-06-03 10:00:00,807.65
2018-06-03 11:00:00,824.03
2018-06-03 12:00:00,803.42
2018-06-03 13:00:00,696.45
2018-06-03 14:00:00,516.7
2018-06-03 15:00:00,345.55
2018-06-03 16:00:00,170.73
2018-06-03 17:00:00,31.98
2018-06-03 18:00:00,0.0
2018-06-03 19:00:00,0.0
2018-06-03 20:00:00,0.0
2018-06-03 21:00:00,0.0
2018-06-03 22:00:00,0.0
2018-06-03 23:00:00,0.0
2018-06-04 00:00:00,0.0
2018-06-04 01:00:00,0.0
2018-06-04 02:00:00,0.0
2018-06-04 03:00:00,0.0
2018-06-04 04:00:00,0.0
2018-06-04 05:00:00,18.12
2018-06-04 06:00:00,140.62
2018-06-04 07:00:00,334.5
2018-06-04 08:00:00,528.08
2018-06-04 09:00:00,725.83
2018-06-04 10:00:00,847.7
2018-06-04 11:00:00,832.33
2018-06-04 12:00:00,685.42
2018-06-04 13:00:00,654.4
2018-06-04 14:00:00,491.7
2018-06-04 15:00:00,354.85
2018-06-04 16:00:00,178.88
2018-06-04 17:00:00,36.42
2018-06-04 18:00:00,0.0
2018-06-04 19:00:00,0.0
2018-06-04 20:00:00,0.0
2018-06-04 21:00:00,0.0
2018-06-04 22:00:00,0.0
2018-06-04 23:00:00,0.0
2018-06-05 00:00:00,0.0
2018-06-05 01:00:00,0.0
2018-06-05 02:00:00,0.0
2018-06-05 03:00:00,0.0
2018-06-05 04:00:00,0.0
2018-06-05 05:00:00,20.6
2018-06-05 06:00:00,164.12
2018-06-05 07:00:00,354.67
2018-06-05 08:00:00,530.42
2018-06-05 09:00:00,764.08
2018-06-05 10:00:00,862.08
2018-06-05 11:00:00,898.3
2018-06-05 12:00:00,886.53
2018-06-05 13:00:00,748.33
2018-06-05 14:00:00,583.97
2018-06-05 15:00:00,398.62
2018-06-05 16:00:00,194.55
2018-06-05 17:00:00,38.9
2018-06-05 18:00:00,0.0
2018-06-05 19:00:00,0.0
2018-06-05 20:00:00,0.0
2018-06-05 21:00:00,0.0
2018-06-05 22:00:00,0.0
2018-06-05 23:00:00,0.0
2018-06-06 00:00:00,0.0
2018-06-06 01:00:00,0.0
2018-06-06 02:00:00,0.0
2018-06-06 03:00:00,0.0
2018-06-06 04:00:00,0.0
2018-06-06 05:00:00,16.7
2018-06-06 06:00:00,162.45
2018-06-06 07:00:00,358.3
2018-06-06 08:00:00,551.97
2018-06-06 09:00:00,746.17
2018-06-06 10:00:00,884.12
2018-06-06 11:00:00,914.9
2018-06-06 12:00:00,867.22
2018-06-06 13:00:00,698.4
2018-06-06 14:00:00,491.48
2018-06-06 15:00:00,226.35
2018-06-06 16:00:00,113.7
2018-06-06 17:00:00,21.45
2018-06-06 18:00:00,0.0
2018-06-06 19:00:00,0.0
2018-06-06 20:00:00,0.0
2018-06-06 21:00:00,0.0
2018-06-06 22:00:00,0.0
2018-06-06 23:00:00,0.0
2018-06-07 00:00:00,0.0
2018-06-07 01:00:00,0.0
2018-06-07 02:00:00,0.0
2018-06-07 03:00:00,0.0
2018-06-07 04:00:00,0.0
2018-06-07 05:00:00,7.62
2018-06-07 06:00:00,67.82
2018-06-07 07:00:00,165.57
2018-06-07 08:00:00,252.07
2018-06-07 09:00:00,302.0
2018-06-07 10:00:00,409.25
2018-06-07 11:00:00,438.25
2018-06-07 12:00:00,526.88
2018-06-07 13:00:00,512.5
2018-06-07 14:00:00,398.77
2018-06-07 15:00:00,325.27
2018-06-07 16:00:00,171.27
2018-06-07 17:00:00,31.9
2018-06-07 18:00:00,0.0
2018-06-07 19:00:00,0.0
2018-06-07 20:00:00,0.0
2018-06-07 21:00:00,0.0
2018-06-07 22:00:00,0.0
2018-06-07 23:00:00,0.0
2018-06-08 00:00:00,0.0
2018-06-08 01:00:00,0.0
2018-06-08 02:00:00,0.0
2018-06-08 03:00:00,0.0
2018-06-08 04:00:00,0.0
2018-06-08 05:00:00,16.12
2018-06-08 06:00:00,116.03
2018-06-08 07:00:00,282.35
2018-06-08 08:00:00,432.77
2018-06-08 09:00:00,542.5
2018-06-08 10:00:00,676.03
2018-06-08 11:00:00,857.03
2018-06-08 12:00:00,832.12
2018-06-08 13:00:00,747.0
2018-06-08 14:00:00,559.17
2018-06-08 15:00:00,300.52
2018-06-08 16:00:00,148.55
2018-06-08 17:00:00,31.33
2018-06-08 18:00:00,0.0
2018-06-08 19:00:00,0.0
2018-06-08 20:00:00,0.0
2018-06-08 21:00:00,0.0
2018-06-08 22:00:00,0.0
2018-06-08 23:00:00,0.0
2018-06-09 00:00:00,0.0
2018-06-09 01:00:00,0.0
2018-06-09 02:00:00,0.0
2018-06-09 03:00:00,0.0
2018-06-09 04:00:00,0.0
2018-06-09 05:00:00,18.12
2018-06-09 06:00:00,122.1
2018-06-09 07:00:00,275.23
2018-06-09 08:00:00,442.52
2018-06-09 09:00:00,591.67
2018-06-09 10:00:00,671.97
2018-06-09 11:00:00,544.0
2018-06-09 12:00:00,660.55
2018-06-09 13:00:00,547.4
2018-06-09 14:00:00,482.52
2018-06-09 15:00:00,349.17
2018-06-09 16:00:00,169.6
2018-06-09 17:00:00,34.08
2018-06-09 18:00:00,0.0
2018-06-09 19:00:00,0.0
2018-06-09 20:00:00,0.0
2018-06-09 21:00:00,0.0
2018-06-09 22:00:00,0.0
2018-06-09 23:00:00,0.0
2018-06-10 00:00:00,0.0
2018-06-10 01:00:00,0.0
2018-06-10 02:00:00,0.0
2018-06-10 03:00:00,0.0
2018-06-10 04:00:00,0.0
2018-06-10 05:00:00,19.75
2018-06-10 06:00:00,152.1
2018-06-10 07:00:00,314.17
2018-06-10 08:00:00,503.08
2018-06-10 09:00:00,658.33
2018-06-10 10:00:00,774.47
2018-06-10 11:00:00,754.17
2018-06-10 12:00:00,715.17
2018-06-10 13:00:00,646.5
2018-06-10 14:00:00,489.4
2018-06-10 15:00:00,305.95
2018-06-10 16:00:00,155.12
2018-06-10 17:00:00,34.85
2018-06-10 18:00:00,0.0
2018-06-10 19:00:00,0.0
2018-06-10 20:00:00,0.0
2018-06-10 21:00:00,0.0
2018-06-10 22:00:00,0.0
2018-06-10 23:00:00,0.0
2018-06-11 00:00:00,0.0
2018-06-11 01:00:00,0.0
2018-06-11 02:00:00,0.0
2018-06-11 03:00:00,0.0
2018-06-11 04:00:00,0.0
2018-06-11 05:00:00,18.27
2018-06-11 06:00:00,135.95
2018-06-11 07:00:00,295.62
2018-06-11 08:00:00,472.7
2018-06-11 09:00:00,608.8
2018-06-11 10:00:00,683.83
2018-06-11 11:00:00,703.75
2018-06-11 12:00:00,628.33
2018-06-11 13:00:00,556.58
2018-06-11 14:00:00,477.85
2018-06-11 15:00:00,296.95
2018-06-11 16:00:00,145.55
2018-06-11 17:00:00,31.3
2018-06-11 18:00:00,0.0
2018-06-11 19:00:00,0.0
2018-06-11 20:00:00,0.0
2018-06-11 21:00:00,0.0
2018-06-11 22:00:00,0.0
2018-06-11 23:00:00,0.0
2018-06-12 00:00:00,0.0
2018-06-12 01:00:00,0.0
2018-06-12 02:00:00,0.0
2018-06-12 03:00:00,0.0
2018-06-12 04:00:00,0.0
2018-06-12 05:00:00,13.12
2018-06-12 06:00:00,93.75
2018-06-12 07:00:00,219.1
2018-06-12 08:00:00,352.67
2018-06-12 09:00:00,458.6
2018-06-12 10:00:00,503.65
2018-06-12 11:00:00,589.22
2018-06-12 12:00:00,635.25
2018-06-12 13:00:00,550.33
2018-06-12 14:00:00,424.27
2018-06-12 15:00:00,312.7
2018-06-12 16:00:00,153.1
2018-06-12 17:00:00,34.33
2018-06-12 18:00:00,0.0
2018-06-12 19:00:00,0.0
2018-06-12 20:00:00,0.0
2018-06-12 21:00:00,0.0
2018-06-12 22:00:00,0.0
2018-06-12 23:00:00,0.0
2018-06-13 00:00:00,0.0
2018-06-13 01:00:00,0.0
2018-06-13 02:00:00,0.0
2018-06-13 03:00:00,0.0
2018-06-13 04:00:00,0.0
2018-06-13 05:00:00,17.75
2018-06-13 06:00:00,138.55
2018-06-13 07:00:00,322.85
2018-06-13 08:00:00,484.05
2018-06-13 09:00:00,641.03
2018-06-13 10:00:00,791.9
2018-06-13 11:00:00,808.88
2018-06-13 12:00:00,761.2
2018-06-13 13:00:00,617.85
2018-06-13 14:00:00,447.98
2018-06-13 15:00:00,276.17
2018-06-13 16:00:00,137.38
2018-06-13 17:00:00,33.95
2018-06-13 18:00:00,0.0
2018-06-13 19:00:00,0.0
2018-06-13 20:00:00,0.0
2018-06-13 21:00:00,0.0
2018-06-13 22:00:00,0.0
2018-06-13 23:00:00,0.0
2018-06-14 00:00:00,0.0
2018-06-14 01:00:00,0.0
2018-06-14 02:00:00,0.0
2018-06-14 03:00:00,0.0
2018-06-14 04:00:00,0.0
2018-06-14 05:00:00,18.4
2018-06-14 06:00:00,158.27
2018-06-14 07:00:00,347.65
2018-06-14 08:00:00,546.3
2018-06-14 09:00:00,753.45
2018-06-14 10:00:00,853.4
2018-06-14 11:00:00,894.42
2018-06-14 12:00:00,836.95
2018-06-14 13:00:00,606.25
2018-06-14 14:00:00,451.15
2018-06-14 15:00:00,359.33
2018-06-14 16:00:00,182.4
2018-06-14 17:00:00,45.75
2018-06-14 18:00:00,0.0
2018-06-14 19:00:00,0.0
2018-06-14 20:00:00,0.0
2018-06-14 21:00:00,0.0
2018-06-14 22:00:00,0.0
2018-06-14 23:00:00,0.0
2018-06-15 00:00:00,0.0
2018-06-15 01:00:00,0.0
2018-06-15 02:00:00,0.0
2018-06-15 03:00:00,0.0
2018-06-15 04:00:00,0.0
2018-06-15 05:00:00,16.55
2018-06-15 06:00:00,133.02
2018-06-15 07:00:00,304.17
2018-06-15 08:00:00,476.52
2018-06-15 09:00:00,639.03
2018-06-15 10:00:00,728.42
2018-06-15 11:00:00,751.3
2018-06-15 12:00:00,718.8
2018-06-15 13:00:00,660.72
2018-06-15 14:00:00,480.65
2018-06-15 15:00:00,300.33
2018-06-15 16:00:00,154.38
2018-06-15 17:00:00,32.15
2018-06-15 18:00:00,0.0
2018-06-15 19:00:00,0.0
2018-06-15 20:00:00,0.0
2018-06-15 21:00:00,0.0
2018-06-15 22:00:00,0.0
2018-06-15 23:00:00,0.0
2018-06-16 00:00:00,0.0
2018-06-16 01:00:00,0.0
2018-06-16 02:00:00,0.0
2018-06-16 03:00:00,0.0
2018-06-16 04:00:00,0.0
2018-06-16 05:00:00,16.75
2018-06-16 06:00:00,140.75
2018-06-16 07:00:00,299.58
2018-06-16 08:00:00,471.73
2018-06-16 09:00:00,610.95
2018-06-16 10:00:00,750.9
2018-06-16 11:00:00,817.88
2018-06-16 12:00:00,864.22
2018-06-16 13:00:00,785.17
2018-06-16 14:00:00,623.72
2018-06-16 15:00:00,435.08
2018-06-16 16:00:00,219.4
2018-06-16 17:00:00,45.72
2018-06-16 18:00:00,0.0
2018-06-16 19:00:00,0.0
2018-06-16 20:00:00,0.0
2018-06-16 21:00:00,0.0
2018-06-16 22:00:00,0.0
2018-06-16 23:00:00,0.0
2018-06-17 00:00:00,0.0
2018-06-17 01:00:00,0.0
2018-06-17 02:00:00,0.0
2018-06-17 03:00:00,0.0
2018-06-17 04:00:00,0.0
2018-06-17 05:00:00,17.75
2018-06-17 06:00:00,138.45
2018-06-17 07:00:00,321.35
2018-06-17 08:00:00,480.48
2018-06-17 09:00:00,668.05
2018-06-17 10:00:00,806.6
2018-06-17 11:00:00,822.78
2018-06-17 12:00:00,786.97
2018-06-17 13:00:00,740.17
2018-06-17 14:00:00,616.45
2018-06-17 15:00:00,430.8
2018-06-17 16:00:00,222.8
2018-06-17 17:00:00,48.3
2018-06-17 18:00:00,0.0
2018-06-17 19:00:00,0.0
2018-06-17 20:00:00,0.0
2018-06-17 21:00:00,0.0
2018-06-17 22:00:00,0.0
2018-06-17 23:00:00,0.0
2018-06-18 00:00:00,0.0
2018-06-18 01:00:00,0.0
2018-06-18 02:00:00,0.0
2018-06-18 03:00:00,0.0
2018-06-18 04:00:00,0.0
2018-06-18 05:00:00,18.27
2018-06-18 06:00:00,145.23
2018-06-18 07:00:00,334.02
2018-06-18 08:00:00,523.53
2018-06-18 09:00:00,709.0
2018-06-18 10:00:00,840.0
2018-06-18 11:00:00,856.05
2018-06-18 12:00:00,888.75
2018-06-18 13:00:00,767.97
2018-06-18 14:00:00,587.83
2018-06-18 15:00:00,391.05
2018-06-18 16:00:00,205.07
2018-06-18 17:00:00,44.28
2018-06-18 18:00:00,0.0
2018-06-18 19:00:00,0.0
2018-06-18 20:00:00,0.0
2018-06-18 21:00:00,0.0
2018-06-18 22:00:00,0.0
2018-06-18 23:00:00,0.0
2018-06-19 00:00:00,0.0
2018-06-19 01:00:00,0.0
2018-06-19 02:00:00,0.0
2018-06-19 03:00:00,0.0
2018-06-19 04:00:00,0.0
2018-06-19 05:00:00,18.85
2018-06-19 06:00:00,156.68
2018-06-19 07:00:00,345.85
2018-06-19 08:00:00,540.38
2018-06-19 09:00:00,743.65
2018-06-19 10:00:00,843.97
2018-06-19 11:00:00,854.72
2018-06-19 12:00:00,809.03
2018-06-19 13:00:00,722.2
2018-06-19 14:00:00,572.5
2018-06-19 15:00:00,399.65
2018-06-19 16:00:00,214.62
2018-06-19 17:00:00,47.65
2018-06-19 18:00:00,0.0
2018-06-19 19:00:00,0.0
2018-06-19 20:00:00,0.0
2018-06-19 21:00:00,0.0
2018-06-19 22:00:00,0.0
2018-06-19 23:00:00,0.0
2018-06-20 00:00:00,0.0
2018-06-20 01:00:00,0.0
2018-06-20 02:00:00,0.0
2018-06-20 03:00:00,0.0
2018-06-20 04:00:00,0.0
2018-06-20 05:00:00,19.33
2018-06-20 06:00:00,142.1
2018-06-20 07:00:00,308.55
2018-06-20 08:00:00,486.77
2018-06-20 09:00:00,653.5
2018-06-20 10:00:00,751.0
2018-06-20 11:00:00,795.9
2018-06-20 12:00:00,738.9
2018-06-20 13:00:00,598.65
2018-06-20 14:00:00,450.9
2018-06-20 15:00:00,322.77
2018-06-20 16:00:00,178.98
2018-06-20 17:00:00,48.3
2018-06-20 18:00:00,0.0
2018-06-20 19:00:00,0.0
2018-06-20 20:00:00,0.0
2018-06-20 21:00:00,0.0
2018-06-20 22:00:00,0.0
2018-06-20 23:00:00,0.0
2018-06-21 00:00:00,0.0
2018-06-21 01:00:00,0.0
2018-06-21 02:00:00,0.0
2018-06-21 03:00:00,0.0
2018-06-21 04:00:00,0.0
2018-06-21 05:00:00,17.02
2018-06-21 06:00:00,161.52
2018-06-21 07:00:00,341.12
2018-06-21 08:00:00,505.92
2018-06-21 09:00:00,730.33
2018-06-21 10:00:00,866.8
2018-06-21 11:00:00,906.65
2018-06-21 12:00:00,898.12
2018-06-21 13:00:00,809.62
2018-06-21 14:00:00,642.8
2018-06-21 15:00:00,437.3
2018-06-21 16:00:00,228.48
2018-06-21 17:00:00,51.15
2018-06-21 18:00:00,0.0
2018-06-21 19:00:00,0.0
2018-06-21 20:00:00,0.0
2018-06-21 21:00:00,0.0
2018-06-21 22:00:00,0.0
2018-06-21 23:00:00,0.0
2018-06-22 00:00:00,0.0
2018-06-22 01:00:00,0.0
2018-06-22 02:00:00,0.0
2018-06-22 03:00:00,0.0
2018-06-22 04:00:00,0.0
2018-06-22 05:00:00,16.73
2018-06-22 06:00:00,119.72
2018-06-22 07:00:00,259.92
2018-06-22 08:00:00,445.4
2018-06-22 09:00:00,594.1
2018-06-22 10:00:00,695.72
2018-06-22 11:00:00,723.78
2018-06-22 12:00:00,755.58
2018-06-22 13:00:00,624.15
2018-06-22 14:00:00,416.75
2018-06-22 15:00:00,276.83
2018-06-22 16:00:00,140.48
2018-06-22 17:00:00,35.4
2018-06-22 18:00:00,0.0
2018-06-22 19:00:00,0.0
2018-06-22 20:00:00,0.0
2018-06-22 21:00:00,0.0
2018-06-22 22:00:00,0.0
2018-06-22 23:00:00,0.0
2018-06-23 00:00:00,0.0
2018-06-23 01:00:00,0.0
2018-06-23 02:00:00,0.0
2018-06-23 03:00:00,0.0
2018-06-23 04:00:00,0.0
2018-06-23 05:00:00,14.32
2018-06-23 06:00:00,124.82
2018-06-23 07:00:00,283.55
2018-06-23 08:00:00,459.92
2018-06-23 09:00:00,637.17
2018-06-23 10:00:00,770.1
2018-06-23 11:00:00,891.25
2018-06-23 12:00:00,824.62
2018-06-23 13:00:00,679.67
2018-06-23 14:00:00,543.58
2018-06-23 15:00:00,362.42
2018-06-23 16:00:00,189.57
2018-06-23 17:00:00,46.22
2018-06-23 18:00:00,0.0
2018-06-23 19:00:00,0.0
2018-06-23 20:00:00,0.0
2018-06-23 21:00:00,0.0
2018-06-23 22:00:00,0.0
2018-06-23 23:00:00,0.0
2018-06-24 00:00:00,0.0
2018-06-24 01:00:00,0.0
2018-06-24 02:00:00,0.0
2018-06-24 03:00:00,0.0
2018-06-24 04:00:00,0.0
2018-06-24 05:00:00,11.18
2018-06-24 06:00:00,99.82
2018-06-24 07:00:00,237.9
2018-06-24 08:00:00,402.15
2018-06-24 09:00:00,532.45
2018-06-24 10:00:00,600.05
2018-06-24 11:00:00,702.72
2018-06-24 12:00:00,674.78
2018-06-24 13:00:00,695.92
2018-06-24 14:00:00,484.98
2018-06-24 15:00:00,313.05
2018-06-24 16:00:00,159.52
2018-06-24 17:00:00,38.4
2018-06-24 18:00:00,0.0
2018-06-24 19:00:00,0.0
2018-06-24 20:00:00,0.0
2018-06-24 21:00:00,0.0
2018-06-24 22:00:00,0.0
2018-06-24 23:00:00,0.0
2018-06-25 00:00:00,0.0
2018-06-25 01:00:00,0.0
2018-06-25 02:00:00,0.0
2018-06-25 03:00:00,0.0
2018-06-25 04:00:00,0.0
2018-06-25 05:00:00,14.8
2018-06-25 06:00:00,127.05
2018-06-25 07:00:00,282.9
2018-06-25 08:00:00,454.52
2018-06-25 09:00:00,611.2
2018-06-25 10:00:00,722.08
2018-06-25 11:00:00,722.9
2018-06-25 12:00:00,799.65
2018-06-25 13:00:00,656.67
2018-06-25 14:00:00,479.0
2018-06-25 15:00:00,308.98
2018-06-25 16:00:00,157.65
2018-06-25 17:00:00,32.0
2018-06-25 18:00:00,0.0
2018-06-25 19:00:00,0.0
2018-06-25 20:00:00,0.0
2018-06-25 21:00:00,0.0
2018-06-25 22:00:00,0.0
2018-06-25 23:00:00,0.0
2018-06-26 00:00:00,0.0
2018-06-26 01:00:00,0.0
2018-06-26 02:00:00,0.0
2018-06-26 03:00:00,0.0
2018-06-26 04:00:00,0.0
2018-06-26 05:00:00,13.9
2018-06-26 06:00:00,117.47
2018-06-26 07:00:00,285.0
2018-06-26 08:00:00,456.5
2018-06-26 09:00:00,637.72
2018-06-26 10:00:00,746.2
2018-06-26 11:00:00,782.35
2018-06-26 12:00:00,773.22
2018-06-26 13:00:00,718.85
2018-06-26 14:00:00,467.33
2018-06-26 15:00:00,302.42
2018-06-26 16:00:00,148.48
2018-06-26 17:00:00,35.28
2018-06-26 18:00:00,0.0
2018-06-26 19:00:00,0.0
2018-06-26 20:00:00,0.0
2018-06-26 21:00:00,0.0
2018-06-26 22:00:00,0.0
2018-06-26 23:00:00,0.0
2018-06-27 00:00:00,0.0
2018-06-27 01:00:00,0.0
2018-06-27 02:00:00,0.0
2018-06-27 03:00:00,0.0
2018-06-27 04:00:00,0.0
2018-06-27 05:00:00,10.45
2018-06-27 06:00:00,75.68
2018-06-27 07:00:00,175.23
2018-06-27 08:00:00,309.3
2018-06-27 09:00:00,383.75
2018-06-27 10:00:00,456.55
2018-06-27 11:00:00,521.0
2018-06-27 12:00:00,550.85
2018-06-27 13:00:00,424.55
2018-06-27 14:00:00,379.38
2018-06-27 15:00:00,272.35
2018-06-27 16:00:00,133.35
2018-06-27 17:00:00,34.5
2018-06-27 18:00:00,0.0
2018-06-27 19:00:00,0.0
2018-06-27 20:00:00,0.0
2018-06-27 21:00:00,0.0
2018-06-27 22:00:00,0.0
2018-06-27 23:00:00,0.0
2018-06-28 00:00:00,0.0
2018-06-28 01:00:00,0.0
2018-06-28 02:00:00,0.0
2018-06-28 03:00:00,0.0
2018-06-28 04:00:00,0.0
2018-06-28 05:00:00,9.57
2018-06-28 06:00:00,105.55
2018-06-28 07:00:00,219.9
2018-06-28 08:00:00,361.2
2018-06-28 09:00:00,472.52
2018-06-28 10:00:00,539.03
2018-06-28 11:00:00,544.85
2018-06-28 12:00:00,540.62
2018-06-28 13:00:00,486.42
2018-06-28 14:00:00,434.38
2018-06-28 15:00:00,309.7
2018-06-28 16:00:00,153.43
2018-06-28 17:00:00,36.95
2018-06-28 18:00:00,0.0
2018-06-28 19:00:00,0.0
2018-06-28 20:00:00,0.0
2018-06-28 21:00:00,0.0
2018-06-28 22:00:00,0.0
2018-06-28 23:00:00,0.0
2018-06-29 00:00:00,0.0
2018-06-29 01:00:00,0.0
2018-06-29 02:00:00,0.0
2018-06-29 03:00:00,0.0
2018-06-29 04:00:00,0.0
2018-06-29 05:00:00,13.48
2018-06-29 06:00:00,99.18
2018-06-29 07:00:00,227.48
2018-06-29 08:00:00,366.62
2018-06-29 09:00:00,481.1
2018-06-29 10:00:00,559.72
2018-06-29 11:00:00,562.95
2018-06-29 12:00:00,621.0
2018-06-29 13:00:00,566.28
2018-06-29 14:00:00,490.65
2018-06-29 15:00:00,358.65
2018-06-29 16:00:00,188.68
2018-06-29 17:00:00,44.97
2018-06-29 18:00:00,0.0
2018-06-29 19:00:00,0.0
2018-06-29 20:00:00,0.0
2018-06-29 21:00:00,0.0
2018-06-29 22:00:00,0.0
2018-06-29 23:00:00,0.0
2018-06-30 00:00:00,0.0
2018-06-30 01:00:00,0.0
2018-06-30 02:00:00,0.0
2018-06-30 03:00:00,0.0
2018-06-30 04:00:00,0.0
2018-06-30 05:00:00,14.5
2018-06-30 06:00:00,96.78
2018-06-30 07:00:00,184.73
2018-06-30 08:00:00,236.98
2018-06-30 09:00:00,312.92
2018-06-30 10:00:00,384.48
2018-06-30 11:00:00,465.3
2018-06-30 12:00:00,509.1
2018-06-30 13:00:00,474.77
2018-06-30 14:00:00,435.02
2018-06-30 15:00:00,348.15
2018-06-30 16:00:00,180.25
2018-06-30 17:00:00,45.3
2018-06-30 18:00:00,0.0
2018-06-30 19:00:00,0.0
2018-06-30 20:00:00,0.0
2018-06-30 21:00:00,0.0
2018-06-30 22:00:00,0.0
2018-06-30 23:00:00,0.0
2018-07-01 00:00:00,0.0
2018-07-01 01:00:00,0.0
2018-07-01 02:00:00,0.0
2018-07-01 03:00:00,0.0
2018-07-01 04:00:00,0.0
2018-07-01 05:00:00,11.68
2018-07-01 06:00:00,117.18
2018-07-01 07:00:00,276.0
2018-07-01 08:00:00,428.73
2018-07-01 09:00:00,666.1
2018-07-01 10:00:00,759.25
2018-07-01 11:00:00,695.97
2018-07-01 12:00:00,646.05
2018-07-01 13:00:00,601.2
2018-07-01 14:00:00,498.6
2018-07-01 15:00:00,313.8
2018-07-01 16:00:00,166.55
2018-07-01 17:00:00,43.58
2018-07-01 18:00:00,0.0
2018-07-01 19:00:00,0.0
2018-07-01 20:00:00,0.0
2018-07-01 21:00:00,0.0
2018-07-01 22:00:00,0.0
2018-07-01 23:00:00,0.0
2018-07-02 00:00:00,0.0
2018-07-02 01:00:00,0.0
2018-07-02 02:00:00,0.0
2018-07-02 03:00:00,0.0
2018-07-02 04:00:00,0.0
2018-07-02 05:00:00,9.25
2018-07-02 06:00:00,129.73
2018-07-02 07:00:00,280.5
2018-07-02 08:00:00,437.1
2018-07-02 09:00:00,577.0
2018-07-02 10:00:00,714.62
2018-07-02 11:00:00,877.47
2018-07-02 12:00:00,812.55
2018-07-02 13:00:00,785.47
2018-07-02 14:00:00,647.88
2018-07-02 15:00:00,466.67
2018-07-02 16:00:00,250.52
2018-07-02 17:00:00,58.62
2018-07-02 18:00:00,0.0
2018-07-02 19:00:00,0.0
2018-07-02 20:00:00,0.0
2018-07-02 21:00:00,0.0
2018-07-02 22:00:00,0.0
2018-07-02 23:00:00,0.0
2018-07-03 00:00:00,0.0
2018-07-03 01:00:00,0.0
2018-07-03 02:00:00,0.0
2018-07-03 03:00:00,0.0
2018-07-03 04:00:00,0.0
2018-07-03 05:00:00,14.88
2018-07-03 06:00:00,153.77
2018-07-03 07:00:00,341.45
2018-07-03 08:00:00,512.55
2018-07-03 09:00:00,708.03
2018-07-03 10:00:00,859.67
2018-07-03 11:00:00,830.53
2018-07-03 12:00:00,856.9
2018-07-03 13:00:00,800.53
2018-07-03 14:00:00,644.65
2018-07-03 15:00:00,468.08
2018-07-03 16:00:00,248.52
2018-07-03 17:00:00,58.25
2018-07-03 18:00:00,0.0
2018-07-03 19:00:00,0.0
2018-07-03 20:00:00,0.0
2018-07-03 21:00:00,0.0
2018-07-03 22:00:00,0.0
2018-07-03 23:00:00,0.0
2018-07-04 00:00:00,0.0
2018-07-04 01:00:00,0.0
2018-07-04 02:00:00,0.0
2018-07-04 03:00:00,0.0
2018-07-04 04:00:00,0.0
2018-07-04 05:00:00,13.6
2018-07-04 06:00:00,122.25
2018-07-04 07:00:00,294.15
2018-07-04 08:00:00,475.98
2018-07-04 09:00:00,632.85
2018-07-04 10:00:00,742.47
2018-07-04 11:00:00,729.38
2018-07-04 12:00:00,736.67
2018-07-04 13:00:00,618.88
2018-07-04 14:00:00,428.95
2018-07-04 15:00:00,272.9
2018-07-04 16:00:00,139.18
2018-07-04 17:00:00,34.28
2018-07-04 18:00:00,0.0
2018-07-04 19:00:00,0.0
2018-07-04 20:00:00,0.0
2018-07-04 21:00:00,0.0
2018-07-04 22:00:00,0.0
2018-07-04 23:00:00,0.0
2018-07-05 00:00:00,0.0
2018-07-05 01:00:00,0.0
2018-07-05 02:00:00,0.0
2018-07-05 03:00:00,0.0
2018-07-05 04:00:00,0.0
2018-07-05 05:00:00,14.1
2018-07-05 06:00:00,139.25
2018-07-05 07:00:00,302.9
2018-07-05 08:00:00,514.38
2018-07-05 09:00:00,744.6
2018-07-05 10:00:00,852.88
2018-07-05 11:00:00,890.22
2018-07-05 12:00:00,885.47
2018-07-05 13:00:00,764.55
2018-07-05 14:00:00,627.6
2018-07-05 15:00:00,437.15
2018-07-05 16:00:00,231.82
2018-07-05 17:00:00,46.08
2018-07-05 18:00:00,0.0
2018-07-05 19:00:00,0.0
2018-07-05 20:00:00,0.0
2018-07-05 21:00:00,0.0
2018-07-05 22:00:00,0.0
2018-07-05 23:00:00,0.0
2018-07-06 00:00:00,0.0
2018-07-06 01:00:00,0.0
2018-07-06 02:00:00,0.0
2018-07-06 03:00:00,0.0
2018-07-06 04:00:00,0.0
2018-07-06 05:00:00,12.98
2018-07-06 06:00:00,107.22
2018-07-06 07:00:00,224.23
2018-07-06 08:00:00,343.08
2018-07-06 09:00:00,440.38
2018-07-06 10:00:00,517.55
2018-07-06 11:00:00,567.12
2018-07-06 12:00:00,508.75
2018-07-06 13:00:00,517.92
2018-07-06 14:00:00,426.5
2018-07-06 15:00:00,298.8
2018-07-06 16:00:00,148.23
2018-07-06 17:00:00,27.85
2018-07-06 18:00:00,0.0
2018-07-06 19:00:00,0.0
2018-07-06 20:00:00,0.0
2018-07-06 21:00:00,0.0
2018-07-06 22:00:00,0.0
2018-07-06 23:00:00,0.0
2018-07-07 00:00:00,0.0
2018-07-07 01:00:00,0.0
2018-07-07 02:00:00,0.0
2018-07-07 03:00:00,0.0
2018-07-07 04:00:00,0.0
2018-07-07 05:00:00,4.55
2018-07-07 06:00:00,62.0
2018-07-07 07:00:00,144.12
2018-07-07 08:00:00,245.88
2018-07-07 09:00:00,353.67
2018-07-07 10:00:00,441.8
2018-07-07 11:00:00,629.88
2018-07-07 12:00:00,608.7
2018-07-07 13:00:00,563.75
2018-07-07 14:00:00,436.98
2018-07-07 15:00:00,292.23
2018-07-07 16:00:00,148.35
2018-07-07 17:00:00,37.78
2018-07-07 18:00:00,0.0
2018-07-07 19:00:00,0.0
2018-07-07 20:00:00,0.0
2018-07-07 21:00:00,0.0
2018-07-07 22:00:00,0.0
2018-07-07 23:00:00,0.0
2018-07-08 00:00:00,0.0
2018-07-08 01:00:00,0.0
2018-07-08 02:00:00,0.0
2018-07-08 03:00:00,0.0
2018-07-08 04:00:00,0.0
2018-07-08 05:00:00,7.12
2018-07-08 06:00:00,72.62
2018-07-08 07:00:00,178.8
2018-07-08 08:00:00,260.75
2018-07-08 09:00:00,372.2
2018-07-08 10:00:00,429.05
2018-07-08 11:00:00,471.6
2018-07-08 12:00:00,513.22
2018-07-08 13:00:00,413.5
2018-07-08 14:00:00,326.35
2018-07-08 15:00:00,225.45
2018-07-08 16:00:00,108.03
2018-07-08 17:00:00,23.55
2018-07-08 18:00:00,0.0
2018-07-08 19:00:00,0.0
2018-07-08 20:00:00,0.0
2018-07-08 21:00:00,0.0
2018-07-08 22:00:00,0.0
2018-07-08 23:00:00,0.0
2018-07-09 00:00:00,0.0
2018-07-09 01:00:00,0.0
2018-07-09 02:00:00,0.0
2018-07-09 03:00:00,0.0
2018-07-09 04:00:00,0.0
2018-07-09 05:00:00,10.77
2018-07-09 06:00:00,102.25
2018-07-09 07:00:00,237.8
2018-07-09 08:00:00,382.42
2018-07-09 09:00:00,523.0
2018-07-09 10:00:00,623.0
2018-07-09 11:00:00,626.38
2018-07-09 12:00:00,568.2
2018-07-09 13:00:00,524.25
2018-07-09 14:00:00,401.2
2018-07-09 15:00:00,305.27
2018-07-09 16:00:00,150.62
2018-07-09 17:00:00,40.2
2018-07-09 18:00:00,0.0
2018-07-09 19:00:00,0.0
2018-07-09 20:00:00,0.0
2018-07-09 21:00:00,0.0
2018-07-09 22:00:00,0.0
2018-07-09 23:00:00,0.0
2018-07-10 00:00:00,0.0
2018-07-10 01:00:00,0.0
2018-07-10 02:00:00,0.0
2018-07-10 03:00:00,0.0
2018-07-10 04:00:00,0.0
2018-07-10 05:00:00,8.6
2018-07-10 06:00:00,90.55
2018-07-10 07:00:00,210.93
2018-07-10 08:00:00,356.4
2018-07-10 09:00:00,480.08
2018-07-10 10:00:00,556.12
2018-07-10 11:00:00,534.58
2018-07-10 12:00:00,561.97
2018-07-10 13:00:00,497.98
2018-07-10 14:00:00,460.55
2018-07-10 15:00:00,330.88
2018-07-10 16:00:00,162.15
2018-07-10 17:00:00,40.25
2018-07-10 18:00:00,0.0
2018-07-10 19:00:00,0.0
2018-07-10 20:00:00,0.0
2018-07-10 21:00:00,0.0
2018-07-10 22:00:00,0.0
2018-07-10 23:00:00,0.0
2018-07-11 00:00:00,0.0
2018-07-11 01:00:00,0.0
2018-07-11 02:00:00,0.0
2018-07-11 03:00:00,0.0
2018-07-11 04:00:00,0.0
2018-07-11 05:00:00,8.4
2018-07-11 06:00:00,82.57
2018-07-11 07:00:00,185.55
2018-07-11 08:00:00,284.5
2018-07-11 09:00:00,388.05
2018-07-11 10:00:00,516.0
2018-07-11 11:00:00,464.62
2018-07-11 12:00:00,544.3
2018-07-11 13:00:00,495.17
2018-07-11 14:00:00,418.55
2018-07-11 15:00:00,310.1
2018-07-11 16:00:00,141.73
2018-07-11 17:00:00,20.95
2018-07-11 18:00:00,0.0
2018-07-11 19:00:00,0.0
2018-07-11 20:00:00,0.0
2018-07-11 21:00:00,0.0
2018-07-11 22:00:00,0.0
2018-07-11 23:00:00,0.0
2018-07-12 00:00:00,0.0
2018-07-12 01:00:00,0.0
2018-07-12 02:00:00,0.0
2018-07-12 03:00:00,0.0
2018-07-12 04:00:00,0.0
2018-07-12 05:00:00,8.98
2018-07-12 06:00:00,115.43
2018-07-12 07:00:00,267.25
2018-07-12 08:00:00,441.45
2018-07-12 09:00:00,582.95
2018-07-12 10:00:00,682.35
2018-07-12 11:00:00,757.25
2018-07-12 12:00:00,727.72
2018-07-12 13:00:00,671.03
2018-07-12 14:00:00,543.95
2018-07-12 15:00:00,403.02
2018-07-12 16:00:00,204.4
2018-07-12 17:00:00,45.8
2018-07-12 18:00:00,0.0
2018-07-12 19:00:00,0.0
2018-07-12 20:00:00,0.0
2018-07-12 21:00:00,0.0
2018-07-12 22:00:00,0.0
2018-07-12 23:00:00,0.0
2018-07-13 00:00:00,0.0
2018-07-13 01:00:00,0.0
2018-07-13 02:00:00,0.0
2018-07-13 03:00:00,0.0
2018-07-13 04:00:00,0.0
2018-07-13 05:00:00,9.05
2018-07-13 06:00:00,117.05
2018-07-13 07:00:00,263.77
2018-07-13 08:00:00,408.92
2018-07-13 09:00:00,556.0
2018-07-13 10:00:00,676.5
2018-07-13 11:00:00,694.33
2018-07-13 12:00:00,659.92
2018-07-13 13:00:00,497.62
2018-07-13 14:00:00,440.27
2018-07-13 15:00:00,282.17
2018-07-13 16:00:00,137.27
2018-07-13 17:00:00,23.7
2018-07-13 18:00:00,0.0
2018-07-13 19:00:00,0.0
2018-07-13 20:00:00,0.0
2018-07-13 21:00:00,0.0
2018-07-13 22:00:00,0.0
2018-07-13 23:00:00,0.0
2018-07-14 00:00:00,0.0
2018-07-14 01:00:00,0.0
2018-07-14 02:00:00,0.0
2018-07-14 03:00:00,0.0
2018-07-14 04:00:00,0.0
2018-07-14 05:00:00,9.68
2018-07-14 06:00:00,134.27
2018-07-14 07:00:00,302.08
2018-07-14 08:00:00,478.08
2018-07-14 09:00:00,675.85
2018-07-14 10:00:00,791.88
2018-07-14 11:00:00,760.45
2018-07-14 12:00:00,755.2
2018-07-14 13:00:00,618.85
2018-07-14 14:00:00,380.7
2018-07-14 15:00:00,244.15
2018-07-14 16:00:00,115.43
2018-07-14 17:00:00,29.35
2018-07-14 18:00:00,0.0
2018-07-14 19:00:00,0.0
2018-07-14 20:00:00,0.0
2018-07-14 21:00:00,0.0
2018-07-14 22:00:00,0.0
2018-07-14 23:00:00,0.0
2018-07-15 00:00:00,0.0
2018-07-15 01:00:00,0.0
2018-07-15 02:00:00,0.0
2018-07-15 03:00:00,0.0
2018-07-15 04:00:00,0.0
2018-07-15 05:00:00,7.22
2018-07-15 06:00:00,102.2
2018-07-15 07:00:00,237.02
2018-07-15 08:00:00,364.7
2018-07-15 09:00:00,504.4
2018-07-15 10:00:00,609.38
2018-07-15 11:00:00,519.8
2018-07-15 12:00:00,541.85
2018-07-15 13:00:00,493.45
2018-07-15 14:00:00,439.42
2018-07-15 15:00:00,306.9
2018-07-15 16:00:00,153.93
2018-07-15 17:00:00,36.17
2018-07-15 18:00:00,0.0
2018-07-15 19:00:00,0.0
2018-07-15 20:00:00,0.0
2018-07-15 21:00:00,0.0
2018-07-15 22:00:00,0.0
2018-07-15 23:00:00,0.0
2018-07-16 00:00:00,0.0
2018-07-16 01:00:00,0.0
2018-07-16 02:00:00,0.0
2018-07-16 03:00:00,0.0
2018-07-16 04:00:00,0.0
2018-07-16 05:00:00,11.18
2018-07-16 06:00:00,123.05
2018-07-16 07:00:00,302.38
2018-07-16 08:00:00,479.65
2018-07-16 09:00:00,673.7
2018-07-16 10:00:00,720.35
2018-07-16 11:00:00,847.22
2018-07-16 12:00:00,750.12
2018-07-16 13:00:00,743.0
2018-07-16 14:00:00,620.58
2018-07-16 15:00:00,393.1
2018-07-16 16:00:00,201.82
2018-07-16 17:00:00,51.65
2018-07-16 18:00:00,0.0
2018-07-16 19:00:00,0.0
2018-07-16 20:00:00,0.0
2018-07-16 21:00:00,0.0
2018-07-16 22:00:00,0.0
2018-07-16 23:00:00,0.0
2018-07-17 00:00:00,0.0
2018-07-17 01:00:00,0.0
2018-07-17 02:00:00,0.0
2018-07-17 03:00:00,0.0
2018-07-17 04:00:00,0.0
2018-07-17 05:00:00,11.68
2018-07-17 06:00:00,127.38
2018-07-17 07:00:00,290.73
2018-07-17 08:00:00,512.7
2018-07-17 09:00:00,689.78
2018-07-17 10:00:00,834.95
2018-07-17 11:00:00,843.8
2018-07-17 12:00:00,801.88
2018-07-17 13:00:00,710.3
2018-07-17 14:00:00,511.27
2018-07-17 15:00:00,379.52
2018-07-17 16:00:00,195.6
2018-07-17 17:00:00,48.78
2018-07-17 18:00:00,0.0
2018-07-17 19:00:00,0.0
2018-07-17 20:00:00,0.0
2018-07-17 21:00:00,0.0
2018-07-17 22:00:00,0.0
2018-07-17 23:00:00,0.0
2018-07-18 00:00:00,0.0
2018-07-18 01:00:00,0.0
2018-07-18 02:00:00,0.0
2018-07-18 03:00:00,0.0
2018-07-18 04:00:00,0.0
2018-07-18 05:00:00,12.1
2018-07-18 06:00:00,135.02
2018-07-18 07:00:00,299.4
2018-07-18 08:00:00,525.95
2018-07-18 09:00:00,709.62
2018-07-18 10:00:00,856.38
2018-07-18 11:00:00,893.7
2018-07-18 12:00:00,773.6
2018-07-18 13:00:00,791.47
2018-07-18 14:00:00,582.62
2018-07-18 15:00:00,380.1
2018-07-18 16:00:00,196.45
2018-07-18 17:00:00,48.62
2018-07-18 18:00:00,0.0
2018-07-18 19:00:00,0.0
2018-07-18 20:00:00,0.0
2018-07-18 21:00:00,0.0
2018-07-18 22:00:00,0.0
2018-07-18 23:00:00,0.0
2018-07-19 00:00:00,0.0
2018-07-19 01:00:00,0.0
2018-07-19 02:00:00,0.0
2018-07-19 03:00:00,0.0
2018-07-19 04:00:00,0.0
2018-07-19 05:00:00,10.65
2018-07-19 06:00:00,116.32
2018-07-19 07:00:00,251.4
2018-07-19 08:00:00,468.15
2018-07-19 09:00:00,668.4
2018-07-19 10:00:00,786.1
2018-07-19 11:00:00,710.85
2018-07-19 12:00:00,689.8
2018-07-19 13:00:00,511.42
2018-07-19 14:00:00,365.05
2018-07-19 15:00:00,210.6
2018-07-19 16:00:00,100.8
2018-07-19 17:00:00,22.23
2018-07-19 18:00:00,0.0
2018-07-19 19:00:00,0.0
2018-07-19 20:00:00,0.0
2018-07-19 21:00:00,0.0
2018-07-19 22:00:00,0.0
2018-07-19 23:00:00,0.0
2018-07-20 00:00:00,0.0
2018-07-20 01:00:00,0.0
2018-07-20 02:00:00,0.0
2018-07-20 03:00:00,0.0
2018-07-20 04:00:00,0.0
2018-07-20 05:00:00,9.65
2018-07-20 06:00:00,105.55
2018-07-20 07:00:00,256.08
2018-07-20 08:00:00,419.52
2018-07-20 09:00:00,562.75
2018-07-20 10:00:00,658.55
2018-07-20 11:00:00,666.72
2018-07-20 12:00:00,560.35
2018-07-20 13:00:00,414.7
2018-07-20 14:00:00,409.02
2018-07-20 15:00:00,225.52
2018-07-20 16:00:00,109.25
2018-07-20 17:00:00,30.88
2018-07-20 18:00:00,0.0
2018-07-20 19:00:00,0.0
2018-07-20 20:00:00,0.0
2018-07-20 21:00:00,0.0
2018-07-20 22:00:00,0.0
2018-07-20 23:00:00,0.0
2018-07-21 00:00:00,0.0
2018-07-21 01:00:00,0.0
2018-07-21 02:00:00,0.0
2018-07-21 03:00:00,0.0
2018-07-21 04:00:00,0.0
2018-07-21 05:00:00,7.55
2018-07-21 06:00:00,88.07
2018-07-21 07:00:00,209.9
2018-07-21 08:00:00,344.42
2018-07-21 09:00:00,469.5
2018-07-21 10:00:00,519.58
2018-07-21 11:00:00,553.65
2018-07-21 12:00:00,547.35
2018-07-21 13:00:00,490.0
2018-07-21 14:00:00,352.1
2018-07-21 15:00:00,262.52
2018-07-21 16:00:00,127.12
2018-07-21 17:00:00,35.15
2018-07-21 18:00:00,0.0
2018-07-21 19:00:00,0.0
2018-07-21 20:00:00,0.0
2018-07-21 21:00:00,0.0
2018-07-21 22:00:00,0.0
2018-07-21 23:00:00,0.0
2018-07-22 00:00:00,0.0
2018-07-22 01:00:00,0.0
2018-07-22 02:00:00,0.0
2018-07-22 03:00:00,0.0
2018-07-22 04:00:00,0.0
2018-07-22 05:00:00,10.0
2018-07-22 06:00:00,114.47
2018-07-22 07:00:00,280.15
2018-07-22 08:00:00,461.35
2018-07-22 09:00:00,603.03
2018-07-22 10:00:00,721.92
2018-07-22 11:00:00,759.62
2018-07-22 12:00:00,688.62
2018-07-22 13:00:00,596.92
2018-07-22 14:00:00,490.23
2018-07-22 15:00:00,339.85
2018-07-22 16:00:00,163.77
2018-07-22 17:00:00,35.83
2018-07-22 18:00:00,0.0
2018-07-22 19:00:00,0.0
2018-07-22 20:00:00,0.0
2018-07-22 21:00:00,0.0
2018-07-22 22:00:00,0.0
2018-07-22 23:00:00,0.0
2018-07-23 00:00:00,0.0
2018-07-23 01:00:00,0.0
2018-07-23 02:00:00,0.0
2018-07-23 03:00:00,0.0
2018-07-23 04:00:00,0.0
2018-07-23 05:00:00,9.7
2018-07-23 06:00:00,119.07
2018-07-23 07:00:00,273.3
2018-07-23 08:00:00,480.27
2018-07-23 09:00:00,710.5
2018-07-23 10:00:00,838.45
2018-07-23 11:00:00,887.9
2018-07-23 12:00:00,858.05
2018-07-23 13:00:00,722.95
2018-07-23 14:00:00,561.38
2018-07-23 15:00:00,419.75
2018-07-23 16:00:00,213.68
2018-07-23 17:00:00,46.67
2018-07-23 18:00:00,0.0
2018-07-23 19:00:00,0.0
2018-07-23 20:00:00,0.0
2018-07-23 21:00:00,0.0
2018-07-23 22:00:00,0.0
2018-07-23 23:00:00,0.0
2018-07-24 00:00:00,0.0
2018-07-24 01:00:00,0.0
2018-07-24 02:00:00,0.0
2018-07-24 03:00:00,0.0
2018-07-24 04:00:00,0.0
2018-07-24 05:00:00,11.07
2018-07-24 06:00:00,127.45
2018-07-24 07:00:00,278.45
2018-07-24 08:00:00,486.65
2018-07-24 09:00:00,678.28
2018-07-24 10:00:00,763.7
2018-07-24 11:00:00,896.75
2018-07-24 12:00:00,810.2
2018-07-24 13:00:00,627.38
2018-07-24 14:00:00,500.0
2018-07-24 15:00:00,433.15
2018-07-24 16:00:00,230.1
2018-07-24 17:00:00,56.42
2018-07-24 18:00:00,0.0
2018-07-24 19:00:00,0.0
2018-07-24 20:00:00,0.0
2018-07-24 21:00:00,0.0
2018-07-24 22:00:00,0.0
2018-07-24 23:00:00,0.0
2018-07-25 00:00:00,0.0
2018-07-25 01:00:00,0.0
2018-07-25 02:00:00,0.0
2018-07-25 03:00:00,0.0
2018-07-25 04:00:00,0.0
2018-07-25 05:00:00,9.52
2018-07-25 06:00:00,124.2
2018-07-25 07:00:00,271.17
2018-07-25 08:00:00,505.45
2018-07-25 09:00:00,752.3
2018-07-25 10:00:00,839.3
2018-07-25 11:00:00,840.35
2018-07-25 12:00:00,760.03
2018-07-25 13:00:00,713.25
2018-07-25 14:00:00,572.12
2018-07-25 15:00:00,384.4
2018-07-25 16:00:00,194.65
2018-07-25 17:00:00,40.17
2018-07-25 18:00:00,0.0
2018-07-25 19:00:00,0.0
2018-07-25 20:00:00,0.0
2018-07-25 21:00:00,0.0
2018-07-25 22:00:00,0.0
2018-07-25 23:00:00,0.0
2018-07-26 00:00:00,0.0
2018-07-26 01:00:00,0.0
2018-07-26 02:00:00,0.0
2018-07-26 03:00:00,0.0
2018-07-26 04:00:00,0.0
2018-07-26 05:00:00,10.5
2018-07-26 06:00:00,117.2
2018-07-26 07:00:00,291.3
2018-07-26 08:00:00,457.95
2018-07-26 09:00:00,617.95
2018-07-26 10:00:00,729.58
2018-07-26 11:00:00,838.4
2018-07-26 12:00:00,840.03
2018-07-26 13:00:00,707.3
2018-07-26 14:00:00,505.42
2018-07-26 15:00:00,355.73
2018-07-26 16:00:00,159.48
2018-07-26 17:00:00,31.77
2018-07-26 18:00:00,0.0
2018-07-26 19:00:00,0.0
2018-07-26 20:00:00,0.0
2018-07-26 21:00:00,0.0
2018-07-26 22:00:00,0.0
2018-07-26 23:00:00,0.0
2018-07-27 00:00:00,0.0
2018-07-27 01:00:00,0.0
2018-07-27 02:00:00,0.0
2018-07-27 03:00:00,0.0
2018-07-27 04:00:00,0.0
2018-07-27 05:00:00,3.25
2018-07-27 06:00:00,72.38
2018-07-27 07:00:00,160.25
2018-07-27 08:00:00,280.52
2018-07-27 09:00:00,374.7
2018-07-27 10:00:00,474.08
2018-07-27 11:00:00,528.58
2018-07-27 12:00:00,514.92
2018-07-27 13:00:00,528.33
2018-07-27 14:00:00,446.62
2018-07-27 15:00:00,309.6
2018-07-27 16:00:00,155.98
2018-07-27 17:00:00,36.05
2018-07-27 18:00:00,0.0
2018-07-27 19:00:00,0.0
2018-07-27 20:00:00,0.0
2018-07-27 21:00:00,0.0
2018-07-27 22:00:00,0.0
2018-07-27 23:00:00,0.0
2018-07-28 00:00:00,0.0
2018-07-28 01:00:00,0.0
2018-07-28 02:00:00,0.0
2018-07-28 03:00:00,0.0
2018-07-28 04:00:00,0.0
2018-07-28 05:00:00,7.78
2018-07-28 06:00:00,102.97
2018-07-28 07:00:00,261.67
2018-07-28 08:00:00,436.2
2018-07-28 09:00:00,595.12
2018-07-28 10:00:00,720.25
2018-07-28 11:00:00,806.85
2018-07-28 12:00:00,779.75
2018-07-28 13:00:00,718.28
2018-07-28 14:00:00,489.52
2018-07-28 15:00:00,322.1
2018-07-28 16:00:00,167.98
2018-07-28 17:00:00,39.35
2018-07-28 18:00:00,0.0
2018-07-28 19:00:00,0.0
2018-07-28 20:00:00,0.0
2018-07-28 21:00:00,0.0
2018-07-28 22:00:00,0.0
2018-07-28 23:00:00,0.0
2018-07-29 00:00:00,0.0
2018-07-29 01:00:00,0.0
2018-07-29 02:00:00,0.0
2018-07-29 03:00:00,0.0
2018-07-29 04:00:00,0.0
2018-07-29 05:00:00,7.7
2018-07-29 06:00:00,103.82
2018-07-29 07:00:00,250.6
2018-07-29 08:00:00,416.17
2018-07-29 09:00:00,574.22
2018-07-29 10:00:00,713.67
2018-07-29 11:00:00,785.3
2018-07-29 12:00:00,780.28
2018-07-29 13:00:00,586.15
2018-07-29 14:00:00,526.22
2018-07-29 15:00:00,359.95
2018-07-29 16:00:00,173.52
2018-07-29 17:00:00,39.15
2018-07-29 18:00:00,0.0
2018-07-29 19:00:00,0.0
2018-07-29 20:00:00,0.0
2018-07-29 21:00:00,0.0
2018-07-29 22:00:00,0.0
2018-07-29 23:00:00,0.0
2018-07-30 00:00:00,0.0
2018-07-30 01:00:00,0.0
2018-07-30 02:00:00,0.0
2018-07-30 03:00:00,0.0
2018-07-30 04:00:00,0.0
2018-07-30 05:00:00,5.28
2018-07-30 06:00:00,91.57
2018-07-30 07:00:00,227.85
2018-07-30 08:00:00,381.92
2018-07-30 09:00:00,572.6
2018-07-30 10:00:00,699.53
2018-07-30 11:00:00,778.35
2018-07-30 12:00:00,731.55
2018-07-30 13:00:00,615.85
2018-07-30 14:00:00,459.2
2018-07-30 15:00:00,302.58
2018-07-30 16:00:00,151.55
2018-07-30 17:00:00,33.62
2018-07-30 18:00:00,0.0
2018-07-30 19:00:00,0.0
2018-07-30 20:00:00,0.0
2018-07-30 21:00:00,0.0
2018-07-30 22:00:00,0.0
2018-07-30 23:00:00,0.0
2018-07-31 00:00:00,0.0
2018-07-31 01:00:00,0.0
2018-07-31 02:00:00,0.0
2018-07-31 03:00:00,0.0
2018-07-31 04:00:00,0.0
2018-07-31 05:00:00,6.1
2018-07-31 06:00:00,83.12
2018-07-31 07:00:00,212.55
2018-07-31 08:00:00,367.65
2018-07-31 09:00:00,510.25
2018-07-31 10:00:00,619.45
2018-07-31 11:00:00,640.65
2018-07-31 12:00:00,633.42
2018-07-31 13:00:00,564.33
2018-07-31 14:00:00,446.8
2018-07-31 15:00:00,245.82
2018-07-31 16:00:00,128.62
2018-07-31 17:00:00,19.05
2018-07-31 18:00:00,0.0
2018-07-31 19:00:00,0.0
2018-07-31 20:00:00,0.0
2018-07-31 21:00:00,0.0
2018-07-31 22:00:00,0.0
2018-07-31 23:00:00,0.0
2018-08-01 00:00:00,0.0
2018-08-01 01:00:00,0.0
2018-08-01 02:00:00,0.0
2018-08-01 03:00:00,0.0
2018-08-01 04:00:00,0.0
2018-08-01 05:00:00,8.07
2018-08-01 06:00:00,109.72
2018-08-01 07:00:00,268.52
2018-08-01 08:00:00,441.52
2018-08-01 09:00:00,623.85
2018-08-01 10:00:00,777.33
2018-08-01 11:00:00,777.88
2018-08-01 12:00:00,663.42
2018-08-01 13:00:00,623.55
2018-08-01 14:00:00,488.35
2018-08-01 15:00:00,304.6
2018-08-01 16:00:00,160.57
2018-08-01 17:00:00,37.05
2018-08-01 18:00:00,0.0
2018-08-01 19:00:00,0.0
2018-08-01 20:00:00,0.0
2018-08-01 21:00:00,0.0
2018-08-01 22:00:00,0.0
2018-08-01 23:00:00,0.0
2018-08-02 00:00:00,0.0
2018-08-02 01:00:00,0.0
2018-08-02 02:00:00,0.0
2018-08-02 03:00:00,0.0
2018-08-02 04:00:00,0.0
2018-08-02 05:00:00,8.18
2018-08-02 06:00:00,98.45
2018-08-02 07:00:00,243.75
2018-08-02 08:00:00,434.12
2018-08-02 09:00:00,603.42
2018-08-02 10:00:00,730.8
2018-08-02 11:00:00,886.35
2018-08-02 12:00:00,829.72
2018-08-02 13:00:00,723.28
2018-08-02 14:00:00,533.58
2018-08-02 15:00:00,332.05
2018-08-02 16:00:00,154.93
2018-08-02 17:00:00,29.77
2018-08-02 18:00:00,0.0
2018-08-02 19:00:00,0.0
2018-08-02 20:00:00,0.0
2018-08-02 21:00:00,0.0
2018-08-02 22:00:00,0.0
2018-08-02 23:00:00,0.0
2018-08-03 00:00:00,0.0
2018-08-03 01:00:00,0.0
2018-08-03 02:00:00,0.0
2018-08-03 03:00:00,0.0
2018-08-03 04:00:00,0.0
2018-08-03 05:00:00,6.45
2018-08-03 06:00:00,90.68
2018-08-03 07:00:00,206.6
2018-08-03 08:00:00,351.52
2018-08-03 09:00:00,481.55
2018-08-03 10:00:00,570.65
2018-08-03 11:00:00,627.83
2018-08-03 12:00:00,588.05
2018-08-03 13:00:00,586.08
2018-08-03 14:00:00,494.4
2018-08-03 15:00:00,362.02
2018-08-03 16:00:00,175.93
2018-08-03 17:00:00,38.8
2018-08-03 18:00:00,0.0
2018-08-03 19:00:00,0.0
2018-08-03 20:00:00,0.0
2018-08-03 21:00:00,0.0
2018-08-03 22:00:00,0.0
2018-08-03 23:00:00,0.0
2018-08-04 00:00:00,0.0
2018-08-04 01:00:00,0.0
2018-08-04 02:00:00,0.0
2018-08-04 03:00:00,0.0
2018-08-04 04:00:00,0.0
2018-08-04 05:00:00,7.9
2018-08-04 06:00:00,107.53
2018-08-04 07:00:00,254.38
2018-08-04 08:00:00,407.92
2018-08-04 09:00:00,554.28
2018-08-04 10:00:00,664.7
2018-08-04 11:00:00,739.85
2018-08-04 12:00:00,753.72
2018-08-04 13:00:00,635.62
2018-08-04 14:00:00,485.67
2018-08-04 15:00:00,311.92
2018-08-04 16:00:00,144.38
2018-08-04 17:00:00,26.38
2018-08-04 18:00:00,0.0
2018-08-04 19:00:00,0.0
2018-08-04 20:00:00,0.0
2018-08-04 21:00:00,0.0
2018-08-04 22:00:00,0.0
2018-08-04 23:00:00,0.0
2018-08-05 00:00:00,0.0
2018-08-05 01:00:00,0.0
2018-08-05 02:00:00,0.0
2018-08-05 03:00:00,0.0
2018-08-05 04:00:00,0.0
2018-08-05 05:00:00,5.5
2018-08-05 06:00:00,99.55
2018-08-05 07:00:00,231.15
2018-08-05 08:00:00,376.23
2018-08-05 09:00:00,530.08
2018-08-05 10:00:00,625.8
2018-08-05 11:00:00,753.33
2018-08-05 12:00:00,667.97
2018-08-05 13:00:00,573.4
2018-08-05 14:00:00,422.83
2018-08-05 15:00:00,265.62
2018-08-05 16:00:00,130.55
2018-08-05 17:00:00,27.58
2018-08-05 18:00:00,0.0
2018-08-05 19:00:00,0.0
2018-08-05 20:00:00,0.0
2018-08-05 21:00:00,0.0
2018-08-05 22:00:00,0.0
2018-08-05 23:00:00,0.0
2018-08-06 00:00:00,0.0
2018-08-06 01:00:00,0.0
2018-08-06 02:00:00,0.0
2018-08-06 03:00:00,0.0
2018-08-06 04:00:00,0.0
2018-08-06 05:00:00,7.82
2018-08-06 06:00:00,95.4
2018-08-06 07:00:00,247.85
2018-08-06 08:00:00,420.2
2018-08-06 09:00:00,562.45
2018-08-06 10:00:00,652.0
2018-08-06 11:00:00,680.25
2018-08-06 12:00:00,671.95
2018-08-06 13:00:00,582.28
2018-08-06 14:00:00,425.75
2018-08-06 15:00:00,271.75
2018-08-06 16:00:00,130.9
2018-08-06 17:00:00,27.6
2018-08-06 18:00:00,0.0
2018-08-06 19:00:00,0.0
2018-08-06 20:00:00,0.0
2018-08-06 21:00:00,0.0
2018-08-06 22:00:00,0.0
2018-08-06 23:00:00,0.0
2018-08-07 00:00:00,0.0
2018-08-07 01:00:00,0.0
2018-08-07 02:00:00,0.0
2018-08-07 03:00:00,0.0
2018-08-07 04:00:00,0.0
2018-08-07 05:00:00,6.93
2018-08-07 06:00:00,68.5
2018-08-07 07:00:00,192.07
2018-08-07 08:00:00,347.02
2018-08-07 09:00:00,468.65
2018-08-07 10:00:00,554.75
2018-08-07 11:00:00,554.2
2018-08-07 12:00:00,520.9
2018-08-07 13:00:00,509.02
2018-08-07 14:00:00,412.88
2018-08-07 15:00:00,287.5
2018-08-07 16:00:00,139.88
2018-08-07 17:00:00,27.83
2018-08-07 18:00:00,0.0
2018-08-07 19:00:00,0.0
2018-08-07 20:00:00,0.0
2018-08-07 21:00:00,0.0
2018-08-07 22:00:00,0.0
2018-08-07 23:00:00,0.0
2018-08-08 00:00:00,0.0
2018-08-08 01:00:00,0.0
2018-08-08 02:00:00,0.0
2018-08-08 03:00:00,0.0
2018-08-08 04:00:00,0.0
2018-08-08 05:00:00,7.38
2018-08-08 06:00:00,126.38
2018-08-08 07:00:00,299.17
2018-08-08 08:00:00,479.75
2018-08-08 09:00:00,700.42
2018-08-08 10:00:00,772.08
2018-08-08 11:00:00,858.05
2018-08-08 12:00:00,834.3
2018-08-08 13:00:00,661.05
2018-08-08 14:00:00,522.2
2018-08-08 15:00:00,393.58
2018-08-08 16:00:00,191.88
2018-08-08 17:00:00,34.67
2018-08-08 18:00:00,0.0
2018-08-08 19:00:00,0.0
2018-08-08 20:00:00,0.0
2018-08-08 21:00:00,0.0
2018-08-08 22:00:00,0.0
2018-08-08 23:00:00,0.0
2018-08-09 00:00:00,0.0
2018-08-09 01:00:00,0.0
2018-08-09 02:00:00,0.0
2018-08-09 03:00:00,0.0
2018-08-09 04:00:00,0.0
2018-08-09 05:00:00,7.95
2018-08-09 06:00:00,110.4
2018-08-09 07:00:00,280.95
2018-08-09 08:00:00,483.12
2018-08-09 09:00:00,662.83
2018-08-09 10:00:00,790.9
2018-08-09 11:00:00,867.75
2018-08-09 12:00:00,883.7
2018-08-09 13:00:00,774.0
2018-08-09 14:00:00,594.15
2018-08-09 15:00:00,417.0
2018-08-09 16:00:00,206.1
2018-08-09 17:00:00,38.25
2018-08-09 18:00:00,0.0
2018-08-09 19:00:00,0.0
2018-08-09 20:00:00,0.0
2018-08-09 21:00:00,0.0
2018-08-09 22:00:00,0.0
2018-08-09 23:00:00,0.0
2018-08-10 00:00:00,0.0
2018-08-10 01:00:00,0.0
2018-08-10 02:00:00,0.0
2018-08-10 03:00:00,0.0
2018-08-10 04:00:00,0.0
2018-08-10 05:00:00,4.3
2018-08-10 06:00:00,68.43
2018-08-10 07:00:00,167.38
2018-08-10 08:00:00,264.73
2018-08-10 09:00:00,399.0
2018-08-10 10:00:00,540.1
2018-08-10 11:00:00,508.38
2018-08-10 12:00:00,548.85
2018-08-10 13:00:00,540.53
2018-08-10 14:00:00,384.08
2018-08-10 15:00:00,231.43
2018-08-10 16:00:00,124.45
2018-08-10 17:00:00,23.15
2018-08-10 18:00:00,0.0
2018-08-10 19:00:00,0.0
2018-08-10 20:00:00,0.0
2018-08-10 21:00:00,0.0
2018-08-10 22:00:00,0.0
2018-08-10 23:00:00,0.0
2018-08-11 00:00:00,0.0
2018-08-11 01:00:00,0.0
2018-08-11 02:00:00,0.0
2018-08-11 03:00:00,0.0
2018-08-11 04:00:00,0.0
2018-08-11 05:00:00,3.12
2018-08-11 06:00:00,36.85
2018-08-11 07:00:00,68.75
2018-08-11 08:00:00,104.03
2018-08-11 09:00:00,143.27
2018-08-11 10:00:00,195.77
2018-08-11 11:00:00,158.0
2018-08-11 12:00:00,178.95
2018-08-11 13:00:00,187.35
2018-08-11 14:00:00,170.68
2018-08-11 15:00:00,172.32
2018-08-11 16:00:00,85.1
2018-08-11 17:00:00,14.7
2018-08-11 18:00:00,0.0
2018-08-11 19:00:00,0.0
2018-08-11 20:00:00,0.0
2018-08-11 21:00:00,0.0
2018-08-11 22:00:00,0.0
2018-08-11 23:00:00,0.0
2018-08-12 00:00:00,0.0
2018-08-12 01:00:00,0.0
2018-08-12 02:00:00,0.0
2018-08-12 03:00:00,0.0
2018-08-12 04:00:00,0.0
2018-08-12 05:00:00,5.03
2018-08-12 06:00:00,64.6
2018-08-12 07:00:00,150.75
2018-08-12 08:00:00,229.07
2018-08-12 09:00:00,309.73
2018-08-12 10:00:00,350.27
2018-08-12 11:00:00,443.92
2018-08-12 12:00:00,338.7
2018-08-12 13:00:00,314.5
2018-08-12 14:00:00,242.0
2018-08-12 15:00:00,160.32
2018-08-12 16:00:00,81.45
2018-08-12 17:00:00,21.42
2018-08-12 18:00:00,0.0
2018-08-12 19:00:00,0.0
2018-08-12 20:00:00,0.0
2018-08-12 21:00:00,0.0
2018-08-12 22:00:00,0.0
2018-08-12 23:00:00,0.0
2018-08-13 00:00:00,0.0
2018-08-13 01:00:00,0.0
2018-08-13 02:00:00,0.0
2018-08-13 03:00:00,0.0
2018-08-13 04:00:00,0.0
2018-08-13 05:00:00,6.28
2018-08-13 06:00:00,115.18
2018-08-13 07:00:00,275.5
2018-08-13 08:00:00,434.12
2018-08-13 09:00:00,593.45
2018-08-13 10:00:00,750.78
2018-08-13 11:00:00,815.85
2018-08-13 12:00:00,609.17
2018-08-13 13:00:00,564.65
2018-08-13 14:00:00,203.1
2018-08-13 15:00:00,155.98
2018-08-13 16:00:00,49.83
2018-08-13 17:00:00,12.5
2018-08-13 18:00:00,0.0
2018-08-13 19:00:00,0.0
2018-08-13 20:00:00,0.0
2018-08-13 21:00:00,0.0
2018-08-13 22:00:00,0.0
2018-08-13 23:00:00,0.0
2018-08-14 00:00:00,0.0
2018-08-14 01:00:00,0.0
2018-08-14 02:00:00,0.0
2018-08-14 03:00:00,0.0
2018-08-14 04:00:00,0.0
2018-08-14 05:00:00,4.65
2018-08-14 06:00:00,62.65
2018-08-14 07:00:00,132.62
2018-08-14 08:00:00,228.15
2018-08-14 09:00:00,374.85
2018-08-14 10:00:00,379.42
2018-08-14 11:00:00,327.05
2018-08-14 12:00:00,344.92
2018-08-14 13:00:00,391.67
2018-08-14 14:00:00,279.8
2018-08-14 15:00:00,159.43
2018-08-14 16:00:00,79.72
2018-08-14 17:00:00,14.07
2018-08-14 18:00:00,0.0
2018-08-14 19:00:00,0.0
2018-08-14 20:00:00,0.0
2018-08-14 21:00:00,0.0
2018-08-14 22:00:00,0.0
2018-08-14 23:00:00,0.0
2018-08-15 00:00:00,0.0
2018-08-15 01:00:00,0.0
2018-08-15 02:00:00,0.0
2018-08-15 03:00:00,0.0
2018-08-15 04:00:00,0.0
2018-08-15 05:00:00,3.55
2018-08-15 06:00:00,72.82
2018-08-15 07:00:00,165.35
2018-08-15 08:00:00,269.12
2018-08-15 09:00:00,401.65
2018-08-15 10:00:00,465.4
2018-08-15 11:00:00,475.17
2018-08-15 12:00:00,443.52
2018-08-15 13:00:00,304.2
2018-08-15 14:00:00,170.07
2018-08-15 15:00:00,75.72
2018-08-15 16:00:00,34.45
2018-08-15 17:00:00,9.8
2018-08-15 18:00:00,0.0
2018-08-15 19:00:00,0.0
2018-08-15 20:00:00,0.0
2018-08-15 21:00:00,0.0
2018-08-15 22:00:00,0.0
2018-08-15 23:00:00,0.0
2018-08-16 00:00:00,0.0
2018-08-16 01:00:00,0.0
2018-08-16 02:00:00,0.0
2018-08-16 03:00:00,0.0
2018-08-16 04:00:00,0.0
2018-08-16 05:00:00,6.7
2018-08-16 06:00:00,97.9
2018-08-16 07:00:00,244.57
2018-08-16 08:00:00,474.73
2018-08-16 09:00:00,657.22
2018-08-16 10:00:00,813.47
2018-08-16 11:00:00,894.67
2018-08-16 12:00:00,712.62
2018-08-16 13:00:00,587.35
2018-08-16 14:00:00,364.52
2018-08-16 15:00:00,209.6
2018-08-16 16:00:00,94.9
2018-08-16 17:00:00,21.05
2018-08-16 18:00:00,0.0
2018-08-16 19:00:00,0.0
2018-08-16 20:00:00,0.0
2018-08-16 21:00:00,0.0
2018-08-16 22:00:00,0.0
2018-08-16 23:00:00,0.0
2018-08-17 00:00:00,0.0
2018-08-17 01:00:00,0.0
2018-08-17 02:00:00,0.0
2018-08-17 03:00:00,0.0
2018-08-17 04:00:00,0.0
2018-08-17 05:00:00,7.97
2018-08-17 06:00:00,108.32
2018-08-17 07:00:00,273.1
2018-08-17 08:00:00,468.0
2018-08-17 09:00:00,673.25
2018-08-17 10:00:00,753.15
2018-08-17 11:00:00,845.6
2018-08-17 12:00:00,805.62
2018-08-17 13:00:00,725.9
2018-08-17 14:00:00,580.42
2018-08-17 15:00:00,377.23
2018-08-17 16:00:00,173.48
2018-08-17 17:00:00,30.3
2018-08-17 18:00:00,0.0
2018-08-17 19:00:00,0.0
2018-08-17 20:00:00,0.0
2018-08-17 21:00:00,0.0
2018-08-17 22:00:00,0.0
2018-08-17 23:00:00,0.0
2018-08-18 00:00:00,0.0
2018-08-18 01:00:00,0.0
2018-08-18 02:00:00,0.0
2018-08-18 03:00:00,0.0
2018-08-18 04:00:00,0.0
2018-08-18 05:00:00,7.88
2018-08-18 06:00:00,95.7
2018-08-18 07:00:00,247.02
2018-08-18 08:00:00,406.48
2018-08-18 09:00:00,552.88
2018-08-18 10:00:00,647.25
2018-08-18 11:00:00,650.08
2018-08-18 12:00:00,634.65
2018-08-18 13:00:00,556.65
2018-08-18 14:00:00,404.17
2018-08-18 15:00:00,255.15
2018-08-18 16:00:00,123.03
2018-08-18 17:00:00,22.0
2018-08-18 18:00:00,0.0
2018-08-18 19:00:00,0.0
2018-08-18 20:00:00,0.0
2018-08-18 21:00:00,0.0
2018-08-18 22:00:00,0.0
2018-08-18 23:00:00,0.0
2018-08-19 00:00:00,0.0
2018-08-19 01:00:00,0.0
2018-08-19 02:00:00,0.0
2018-08-19 03:00:00,0.0
2018-08-19 04:00:00,0.0
2018-08-19 05:00:00,7.82
2018-08-19 06:00:00,86.15
2018-08-19 07:00:00,208.6
2018-08-19 08:00:00,324.35
2018-08-19 09:00:00,434.25
2018-08-19 10:00:00,537.72
2018-08-19 11:00:00,597.38
2018-08-19 12:00:00,553.88
2018-08-19 13:00:00,493.05
2018-08-19 14:00:00,385.98
2018-08-19 15:00:00,311.73
2018-08-19 16:00:00,146.23
2018-08-19 17:00:00,27.1
2018-08-19 18:00:00,0.0
2018-08-19 19:00:00,0.0
2018-08-19 20:00:00,0.0
2018-08-19 21:00:00,0.0
2018-08-19 22:00:00,0.0
2018-08-19 23:00:00,0.0
2018-08-20 00:00:00,0.0
2018-08-20 01:00:00,0.0
2018-08-20 02:00:00,0.0
2018-08-20 03:00:00,0.0
2018-08-20 04:00:00,0.0
2018-08-20 05:00:00,5.5
2018-08-20 06:00:00,95.95
2018-08-20 07:00:00,249.48
2018-08-20 08:00:00,415.77
2018-08-20 09:00:00,550.58
2018-08-20 10:00:00,603.42
2018-08-20 11:00:00,664.5
2018-08-20 12:00:00,713.75
2018-08-20 13:00:00,702.0
2018-08-20 14:00:00,499.05
2018-08-20 15:00:00,225.35
2018-08-20 16:00:00,115.7
2018-08-20 17:00:00,25.23
2018-08-20 18:00:00,0.0
2018-08-20 19:00:00,0.0
2018-08-20 20:00:00,0.0
2018-08-20 21:00:00,0.0
2018-08-20 22:00:00,0.0
2018-08-20 23:00:00,0.0
2018-08-21 00:00:00,0.0
2018-08-21 01:00:00,0.0
2018-08-21 02:00:00,0.0
2018-08-21 03:00:00,0.0
2018-08-21 04:00:00,0.0
2018-08-21 05:00:00,8.7
2018-08-21 06:00:00,121.5
2018-08-21 07:00:00,305.23
2018-08-21 08:00:00,515.22
2018-08-21 09:00:00,700.05
2018-08-21 10:00:00,861.42
2018-08-21 11:00:00,782.17
2018-08-21 12:00:00,909.58
2018-08-21 13:00:00,760.58
2018-08-21 14:00:00,584.15
2018-08-21 15:00:00,395.88
2018-08-21 16:00:00,194.38
2018-08-21 17:00:00,34.72
2018-08-21 18:00:00,0.0
2018-08-21 19:00:00,0.0
2018-08-21 20:00:00,0.0
2018-08-21 21:00:00,0.0
2018-08-21 22:00:00,0.0
2018-08-21 23:00:00,0.0
2018-08-22 00:00:00,0.0
2018-08-22 01:00:00,0.0
2018-08-22 02:00:00,0.0
2018-08-22 03:00:00,0.0
2018-08-22 04:00:00,0.0
2018-08-22 05:00:00,9.4
2018-08-22 06:00:00,133.68
2018-08-22 07:00:00,308.42
2018-08-22 08:00:00,550.78
2018-08-22 09:00:00,766.67
2018-08-22 10:00:00,866.03
2018-08-22 11:00:00,952.0
2018-08-22 12:00:00,864.85
2018-08-22 13:00:00,709.75
2018-08-22 14:00:00,585.12
2018-08-22 15:00:00,377.83
2018-08-22 16:00:00,184.25
2018-08-22 17:00:00,27.88
2018-08-22 18:00:00,0.0
2018-08-22 19:00:00,0.0
2018-08-22 20:00:00,0.0
2018-08-22 21:00:00,0.0
2018-08-22 22:00:00,0.0
2018-08-22 23:00:00,0.0
2018-08-23 00:00:00,0.0
2018-08-23 01:00:00,0.0
2018-08-23 02:00:00,0.0
2018-08-23 03:00:00,0.0
2018-08-23 04:00:00,0.0
2018-08-23 05:00:00,9.77
2018-08-23 06:00:00,136.38
2018-08-23 07:00:00,325.92
2018-08-23 08:00:00,546.9
2018-08-23 09:00:00,738.6
2018-08-23 10:00:00,880.1
2018-08-23 11:00:00,936.22
2018-08-23 12:00:00,862.97
2018-08-23 13:00:00,764.8
2018-08-23 14:00:00,579.15
2018-08-23 15:00:00,372.98
2018-08-23 16:00:00,176.35
2018-08-23 17:00:00,28.12
2018-08-23 18:00:00,0.0
2018-08-23 19:00:00,0.0
2018-08-23 20:00:00,0.0
2018-08-23 21:00:00,0.0
2018-08-23 22:00:00,0.0
2018-08-23 23:00:00,0.0
2018-08-24 00:00:00,0.0
2018-08-24 01:00:00,0.0
2018-08-24 02:00:00,0.0
2018-08-24 03:00:00,0.0
2018-08-24 04:00:00,0.0
2018-08-24 05:00:00,4.32
2018-08-24 06:00:00,53.38
2018-08-24 07:00:00,128.12
2018-08-24 08:00:00,161.85
2018-08-24 09:00:00,239.8
2018-08-24 10:00:00,344.35
2018-08-24 11:00:00,364.5
2018-08-24 12:00:00,370.05
2018-08-24 13:00:00,452.48
2018-08-24 14:00:00,265.42
2018-08-24 15:00:00,262.85
2018-08-24 16:00:00,122.55
2018-08-24 17:00:00,20.73
2018-08-24 18:00:00,0.0
2018-08-24 19:00:00,0.0
2018-08-24 20:00:00,0.0
2018-08-24 21:00:00,0.0
2018-08-24 22:00:00,0.0
2018-08-24 23:00:00,0.0
2018-08-25 00:00:00,0.0
2018-08-25 01:00:00,0.0
2018-08-25 02:00:00,0.0
2018-08-25 03:00:00,0.0
2018-08-25 04:00:00,0.0
2018-08-25 05:00:00,3.72
2018-08-25 06:00:00,78.53
2018-08-25 07:00:00,182.3
2018-08-25 08:00:00,338.8
2018-08-25 09:00:00,560.3
2018-08-25 10:00:00,649.5
2018-08-25 11:00:00,458.0
2018-08-25 12:00:00,597.28
2018-08-25 13:00:00,555.33
2018-08-25 14:00:00,471.98
2018-08-25 15:00:00,300.17
2018-08-25 16:00:00,137.18
2018-08-25 17:00:00,20.08
2018-08-25 18:00:00,0.0
2018-08-25 19:00:00,0.0
2018-08-25 20:00:00,0.0
2018-08-25 21:00:00,0.0
2018-08-25 22:00:00,0.0
2018-08-25 23:00:00,0.0
2018-08-26 00:00:00,0.0
2018-08-26 01:00:00,0.0
2018-08-26 02:00:00,0.0
2018-08-26 03:00:00,0.0
2018-08-26 04:00:00,0.0
2018-08-26 05:00:00,5.38
2018-08-26 06:00:00,96.38
2018-08-26 07:00:00,241.32
2018-08-26 08:00:00,402.1
2018-08-26 09:00:00,543.47
2018-08-26 10:00:00,752.08
2018-08-26 11:00:00,825.58
2018-08-26 12:00:00,748.3
2018-08-26 13:00:00,666.3
2018-08-26 14:00:00,538.0
2018-08-26 15:00:00,352.0
2018-08-26 16:00:00,156.25
2018-08-26 17:00:00,23.62
2018-08-26 18:00:00,0.0
2018-08-26 19:00:00,0.0
2018-08-26 20:00:00,0.0
2018-08-26 21:00:00,0.0
2018-08-26 22:00:00,0.0
2018-08-26 23:00:00,0.0
2018-08-27 00:00:00,0.0
2018-08-27 01:00:00,0.0
2018-08-27 02:00:00,0.0
2018-08-27 03:00:00,0.0
2018-08-27 04:00:00,0.0
2018-08-27 05:00:00,6.43
2018-08-27 06:00:00,81.82
2018-08-27 07:00:00,189.25
2018-08-27 08:00:00,327.55
2018-08-27 09:00:00,438.08
2018-08-27 10:00:00,488.12
2018-08-27 11:00:00,418.65
2018-08-27 12:00:00,458.45
2018-08-27 13:00:00,407.5
2018-08-27 14:00:00,312.35
2018-08-27 15:00:00,227.73
2018-08-27 16:00:00,108.95
2018-08-27 17:00:00,16.23
2018-08-27 18:00:00,0.0
2018-08-27 19:00:00,0.0
2018-08-27 20:00:00,0.0
2018-08-27 21:00:00,0.0
2018-08-27 22:00:00,0.0
2018-08-27 23:00:00,0.0
2018-08-28 00:00:00,0.0
2018-08-28 01:00:00,0.0
2018-08-28 02:00:00,0.0
2018-08-28 03:00:00,0.0
2018-08-28 04:00:00,0.0
2018-08-28 05:00:00,4.57
2018-08-28 06:00:00,108.25
2018-08-28 07:00:00,242.82
2018-08-28 08:00:00,398.98
2018-08-28 09:00:00,534.85
2018-08-28 10:00:00,713.7
2018-08-28 11:00:00,713.85
2018-08-28 12:00:00,549.67
2018-08-28 13:00:00,605.42
2018-08-28 14:00:00,480.35
2018-08-28 15:00:00,320.35
2018-08-28 16:00:00,140.98
2018-08-28 17:00:00,21.88
2018-08-28 18:00:00,0.0
2018-08-28 19:00:00,0.0
2018-08-28 20:00:00,0.0
2018-08-28 21:00:00,0.0
2018-08-28 22:00:00,0.0
2018-08-28 23:00:00,0.0
2018-08-29 00:00:00,0.0
2018-08-29 01:00:00,0.0
2018-08-29 02:00:00,0.0
2018-08-29 03:00:00,0.0
2018-08-29 04:00:00,0.0
2018-08-29 05:00:00,8.8
2018-08-29 06:00:00,105.85
2018-08-29 07:00:00,281.85
2018-08-29 08:00:00,468.7
2018-08-29 09:00:00,648.4
2018-08-29 10:00:00,857.62
2018-08-29 11:00:00,812.35
2018-08-29 12:00:00,805.78
2018-08-29 13:00:00,734.9
2018-08-29 14:00:00,517.7
2018-08-29 15:00:00,298.05
2018-08-29 16:00:00,144.07
2018-08-29 17:00:00,21.0
2018-08-29 18:00:00,0.0
2018-08-29 19:00:00,0.0
2018-08-29 20:00:00,0.0
2018-08-29 21:00:00,0.0
2018-08-29 22:00:00,0.0
2018-08-29 23:00:00,0.0
2018-08-30 00:00:00,0.0
2018-08-30 01:00:00,0.0
2018-08-30 02:00:00,0.0
2018-08-30 03:00:00,0.0
2018-08-30 04:00:00,0.0
2018-08-30 05:00:00,7.9
2018-08-30 06:00:00,123.0
2018-08-30 07:00:00,297.23
2018-08-30 08:00:00,547.58
2018-08-30 09:00:00,759.62
2018-08-30 10:00:00,855.83
2018-08-30 11:00:00,933.55
2018-08-30 12:00:00,867.25
2018-08-30 13:00:00,743.38
2018-08-30 14:00:00,650.28
2018-08-30 15:00:00,438.83
2018-08-30 16:00:00,209.27
2018-08-30 17:00:00,29.12
2018-08-30 18:00:00,0.0
2018-08-30 19:00:00,0.0
2018-08-30 20:00:00,0.0
2018-08-30 21:00:00,0.0
2018-08-30 22:00:00,0.0
2018-08-30 23:00:00,0.0
2018-08-31 00:00:00,0.0
2018-08-31 01:00:00,0.0
2018-08-31 02:00:00,0.0
2018-08-31 03:00:00,0.0
2018-08-31 04:00:00,0.0
2018-08-31 05:00:00,5.72
2018-08-31 06:00:00,100.55
2018-08-31 07:00:00,238.45
2018-08-31 08:00:00,190.27
2018-08-31 09:00:00,287.23
2018-08-31 10:00:00,405.2
2018-08-31 11:00:00,576.08
2018-08-31 12:00:00,536.35
2018-08-31 13:00:00,435.52
2018-08-31 14:00:00,333.02
2018-08-31 15:00:00,224.65
2018-08-31 16:00:00,103.93
2018-08-31 17:00:00,13.7
2018-08-31 18:00:00,0.0
2018-08-31 19:00:00,0.0
2018-08-31 20:00:00,0.0
2018-08-31 21:00:00,0.0
2018-08-31 22:00:00,0.0
2018-08-31 23:00:00,0.0
2018-09-01 00:00:00,0.0
2018-09-01 01:00:00,0.0
2018-09-01 02:00:00,0.0
2018-09-01 03:00:00,0.0
2018-09-01 04:00:00,0.0
2018-09-01 05:00:00,5.53
2018-09-01 06:00:00,89.95
2018-09-01 07:00:00,210.05
2018-09-01 08:00:00,340.73
2018-09-01 09:00:00,475.62
2018-09-01 10:00:00,469.3
2018-09-01 11:00:00,486.23
2018-09-01 12:00:00,613.7
2018-09-01 13:00:00,531.12
2018-09-01 14:00:00,491.85
2018-09-01 15:00:00,367.08
2018-09-01 16:00:00,158.77
2018-09-01 17:00:00,21.0
2018-09-01 18:00:00,0.0
2018-09-01 19:00:00,0.0
2018-09-01 20:00:00,0.0
2018-09-01 21:00:00,0.0
2018-09-01 22:00:00,0.0
2018-09-01 23:00:00,0.0
2018-09-02 00:00:00,0.0
2018-09-02 01:00:00,0.0
2018-09-02 02:00:00,0.0
2018-09-02 03:00:00,0.0
2018-09-02 04:00:00,0.0
2018-09-02 05:00:00,5.6
2018-09-02 06:00:00,73.53
2018-09-02 07:00:00,174.25
2018-09-02 08:00:00,280.4
2018-09-02 09:00:00,352.5
2018-09-02 10:00:00,509.45
2018-09-02 11:00:00,639.6
2018-09-02 12:00:00,665.35
2018-09-02 13:00:00,643.08
2018-09-02 14:00:00,458.3
2018-09-02 15:00:00,310.95
2018-09-02 16:00:00,135.3
2018-09-02 17:00:00,18.67
2018-09-02 18:00:00,0.0
2018-09-02 19:00:00,0.0
2018-09-02 20:00:00,0.0
2018-09-02 21:00:00,0.0
2018-09-02 22:00:00,0.0
2018-09-02 23:00:00,0.0
2018-09-03 00:00:00,0.0
2018-09-03 01:00:00,0.0
2018-09-03 02:00:00,0.0
2018-09-03 03:00:00,0.0
2018-09-03 04:00:00,0.0
2018-09-03 05:00:00,8.93
2018-09-03 06:00:00,132.5
2018-09-03 07:00:00,328.42
2018-09-03 08:00:00,528.0
2018-09-03 09:00:00,736.0
2018-09-03 10:00:00,736.65
2018-09-03 11:00:00,946.88
2018-09-03 12:00:00,911.5
2018-09-03 13:00:00,797.95
2018-09-03 14:00:00,627.35
2018-09-03 15:00:00,424.9
2018-09-03 16:00:00,197.32
2018-09-03 17:00:00,24.5
2018-09-03 18:00:00,0.0
2018-09-03 19:00:00,0.0
2018-09-03 20:00:00,0.0
2018-09-03 21:00:00,0.0
2018-09-03 22:00:00,0.0
2018-09-03 23:00:00,0.0
2018-09-04 00:00:00,0.0
2018-09-04 01:00:00,0.0
2018-09-04 02:00:00,0.0
2018-09-04 03:00:00,0.0
2018-09-04 04:00:00,0.0
2018-09-04 05:00:00,7.7
2018-09-04 06:00:00,123.18
2018-09-04 07:00:00,290.33
2018-09-04 08:00:00,530.67
2018-09-04 09:00:00,747.5
2018-09-04 10:00:00,762.17
2018-09-04 11:00:00,814.53
2018-09-04 12:00:00,866.97
2018-09-04 13:00:00,769.22
2018-09-04 14:00:00,612.88
2018-09-04 15:00:00,416.05
2018-09-04 16:00:00,188.45
2018-09-04 17:00:00,22.73
2018-09-04 18:00:00,0.0
2018-09-04 19:00:00,0.0
2018-09-04 20:00:00,0.0
2018-09-04 21:00:00,0.0
2018-09-04 22:00:00,0.0
2018-09-04 23:00:00,0.0
2018-09-05 00:00:00,0.0
2018-09-05 01:00:00,0.0
2018-09-05 02:00:00,0.0
2018-09-05 03:00:00,0.0
2018-09-05 04:00:00,0.0
2018-09-05 05:00:00,7.32
2018-09-05 06:00:00,120.05
2018-09-05 07:00:00,313.33
2018-09-05 08:00:00,522.55
2018-09-05 09:00:00,715.7
2018-09-05 10:00:00,866.72
2018-09-05 11:00:00,879.7
2018-09-05 12:00:00,855.8
2018-09-05 13:00:00,770.3
2018-09-05 14:00:00,570.15
2018-09-05 15:00:00,361.9
2018-09-05 16:00:00,157.32
2018-09-05 17:00:00,19.1
2018-09-05 18:00:00,0.0
2018-09-05 19:00:00,0.0
2018-09-05 20:00:00,0.0
2018-09-05 21:00:00,0.0
2018-09-05 22:00:00,0.0
2018-09-05 23:00:00,0.0
2018-09-06 00:00:00,0.0
2018-09-06 01:00:00,0.0
2018-09-06 02:00:00,0.0
2018-09-06 03:00:00,0.0
2018-09-06 04:00:00,0.0
2018-09-06 05:00:00,8.68
2018-09-06 06:00:00,123.1
2018-09-06 07:00:00,309.8
2018-09-06 08:00:00,506.0
2018-09-06 09:00:00,692.28
2018-09-06 10:00:00,804.6
2018-09-06 11:00:00,828.75
2018-09-06 12:00:00,813.67
2018-09-06 13:00:00,686.05
2018-09-06 14:00:00,503.38
2018-09-06 15:00:00,308.92
2018-09-06 16:00:00,135.62
2018-09-06 17:00:00,16.17
2018-09-06 18:00:00,0.0
2018-09-06 19:00:00,0.0
2018-09-06 20:00:00,0.0
2018-09-06 21:00:00,0.0
2018-09-06 22:00:00,0.0
2018-09-06 23:00:00,0.0
2018-09-07 00:00:00,0.0
2018-09-07 01:00:00,0.0
2018-09-07 02:00:00,0.0
2018-09-07 03:00:00,0.0
2018-09-07 04:00:00,0.0
2018-09-07 05:00:00,8.07
2018-09-07 06:00:00,127.62
2018-09-07 07:00:00,337.38
2018-09-07 08:00:00,548.83
2018-09-07 09:00:00,768.4
2018-09-07 10:00:00,892.7
2018-09-07 11:00:00,935.55
2018-09-07 12:00:00,900.85
2018-09-07 13:00:00,765.47
2018-09-07 14:00:00,593.42
2018-09-07 15:00:00,392.33
2018-09-07 16:00:00,171.98
2018-09-07 17:00:00,19.77
2018-09-07 18:00:00,0.0
2018-09-07 19:00:00,0.0
2018-09-07 20:00:00,0.0
2018-09-07 21:00:00,0.0
2018-09-07 22:00:00,0.0
2018-09-07 23:00:00,0.0
2018-09-08 00:00:00,0.0
2018-09-08 01:00:00,0.0
2018-09-08 02:00:00,0.0
2018-09-08 03:00:00,0.0
2018-09-08 04:00:00,0.0
2018-09-08 05:00:00,9.05
2018-09-08 06:00:00,139.75
2018-09-08 07:00:00,337.17
2018-09-08 08:00:00,577.33
2018-09-08 09:00:00,809.4
2018-09-08 10:00:00,905.58
2018-09-08 11:00:00,933.83
2018-09-08 12:00:00,923.92
2018-09-08 13:00:00,810.45
2018-09-08 14:00:00,639.97
2018-09-08 15:00:00,371.45
2018-09-08 16:00:00,201.07
2018-09-08 17:00:00,21.73
2018-09-08 18:00:00,0.0
2018-09-08 19:00:00,0.0
2018-09-08 20:00:00,0.0
2018-09-08 21:00:00,0.0
2018-09-08 22:00:00,0.0
2018-09-08 23:00:00,0.0
2018-09-09 00:00:00,0.0
2018-09-09 01:00:00,0.0
2018-09-09 02:00:00,0.0
2018-09-09 03:00:00,0.0
2018-09-09 04:00:00,0.0
2018-09-09 05:00:00,6.72
2018-09-09 06:00:00,110.07
2018-09-09 07:00:00,290.17
2018-09-09 08:00:00,477.02
2018-09-09 09:00:00,636.3
2018-09-09 10:00:00,828.08
2018-09-09 11:00:00,931.55
2018-09-09 12:00:00,862.58
2018-09-09 13:00:00,800.67
2018-09-09 14:00:00,622.6
2018-09-09 15:00:00,408.62
2018-09-09 16:00:00,181.93
2018-09-09 17:00:00,19.35
2018-09-09 18:00:00,0.0
2018-09-09 19:00:00,0.0
2018-09-09 20:00:00,0.0
2018-09-09 21:00:00,0.0
2018-09-09 22:00:00,0.0
2018-09-09 23:00:00,0.0
2018-09-10 00:00:00,0.0
2018-09-10 01:00:00,0.0
2018-09-10 02:00:00,0.0
2018-09-10 03:00:00,0.0
2018-09-10 04:00:00,0.0
2018-09-10 05:00:00,7.5
2018-09-10 06:00:00,96.12
2018-09-10 07:00:00,238.02
2018-09-10 08:00:00,443.02
2018-09-10 09:00:00,605.12
2018-09-10 10:00:00,671.12
2018-09-10 11:00:00,839.38
2018-09-10 12:00:00,766.15
2018-09-10 13:00:00,659.03
2018-09-10 14:00:00,422.92
2018-09-10 15:00:00,275.88
2018-09-10 16:00:00,117.12
2018-09-10 17:00:00,14.55
2018-09-10 18:00:00,0.0
2018-09-10 19:00:00,0.0
2018-09-10 20:00:00,0.0
2018-09-10 21:00:00,0.0
2018-09-10 22:00:00,0.0
2018-09-10 23:00:00,0.0
2018-09-11 00:00:00,0.0
2018-09-11 01:00:00,0.0
2018-09-11 02:00:00,0.0
2018-09-11 03:00:00,0.0
2018-09-11 04:00:00,0.0
2018-09-11 05:00:00,8.4
2018-09-11 06:00:00,129.7
2018-09-11 07:00:00,339.35
2018-09-11 08:00:00,545.3
2018-09-11 09:00:00,762.7
2018-09-11 10:00:00,852.8
2018-09-11 11:00:00,952.85
2018-09-11 12:00:00,883.7
2018-09-11 13:00:00,800.92
2018-09-11 14:00:00,600.8
2018-09-11 15:00:00,386.05
2018-09-11 16:00:00,170.15
2018-09-11 17:00:00,14.55
2018-09-11 18:00:00,0.0
2018-09-11 19:00:00,0.0
2018-09-11 20:00:00,0.0
2018-09-11 21:00:00,0.0
2018-09-11 22:00:00,0.0
2018-09-11 23:00:00,0.0
2018-09-12 00:00:00,0.0
2018-09-12 01:00:00,0.0
2018-09-12 02:00:00,0.0
2018-09-12 03:00:00,0.0
2018-09-12 04:00:00,0.0
2018-09-12 05:00:00,7.97
2018-09-12 06:00:00,125.0
2018-09-12 07:00:00,321.7
2018-09-12 08:00:00,524.6
2018-09-12 09:00:00,732.03
2018-09-12 10:00:00,883.08
2018-09-12 11:00:00,921.83
2018-09-12 12:00:00,881.1
2018-09-12 13:00:00,781.17
2018-09-12 14:00:00,619.53
2018-09-12 15:00:00,364.08
2018-09-12 16:00:00,158.3
2018-09-12 17:00:00,12.6
2018-09-12 18:00:00,0.0
2018-09-12 19:00:00,0.0
2018-09-12 20:00:00,0.0
2018-09-12 21:00:00,0.0
2018-09-12 22:00:00,0.0
2018-09-12 23:00:00,0.0
2018-09-13 00:00:00,0.0
2018-09-13 01:00:00,0.0
2018-09-13 02:00:00,0.0
2018-09-13 03:00:00,0.0
2018-09-13 04:00:00,0.0
2018-09-13 05:00:00,7.88
2018-09-13 06:00:00,117.6
2018-09-13 07:00:00,290.35
2018-09-13 08:00:00,515.9
2018-09-13 09:00:00,724.38
2018-09-13 10:00:00,862.42
2018-09-13 11:00:00,872.35
2018-09-13 12:00:00,748.55
2018-09-13 13:00:00,755.55
2018-09-13 14:00:00,596.6
2018-09-13 15:00:00,393.7
2018-09-13 16:00:00,167.65
2018-09-13 17:00:00,15.05
2018-09-13 18:00:00,0.0
2018-09-13 19:00:00,0.0
2018-09-13 20:00:00,0.0
2018-09-13 21:00:00,0.0
2018-09-13 22:00:00,0.0
2018-09-13 23:00:00,0.0
2018-09-14 00:00:00,0.0
2018-09-14 01:00:00,0.0
2018-09-14 02:00:00,0.0
2018-09-14 03:00:00,0.0
2018-09-14 04:00:00,0.0
2018-09-14 05:00:00,6.03
2018-09-14 06:00:00,113.0
2018-09-14 07:00:00,291.23
2018-09-14 08:00:00,475.6
2018-09-14 09:00:00,652.75
2018-09-14 10:00:00,809.3
2018-09-14 11:00:00,932.12
2018-09-14 12:00:00,887.5
2018-09-14 13:00:00,800.12
2018-09-14 14:00:00,599.58
2018-09-14 15:00:00,387.12
2018-09-14 16:00:00,163.15
2018-09-14 17:00:00,12.88
2018-09-14 18:00:00,0.0
2018-09-14 19:00:00,0.0
2018-09-14 20:00:00,0.0
2018-09-14 21:00:00,0.0
2018-09-14 22:00:00,0.0
2018-09-14 23:00:00,0.0
2018-09-15 00:00:00,0.0
2018-09-15 01:00:00,0.0
2018-09-15 02:00:00,0.0
2018-09-15 03:00:00,0.0
2018-09-15 04:00:00,0.0
2018-09-15 05:00:00,8.7
2018-09-15 06:00:00,130.07
2018-09-15 07:00:00,326.83
2018-09-15 08:00:00,560.28
2018-09-15 09:00:00,769.67
2018-09-15 10:00:00,875.1
2018-09-15 11:00:00,896.28
2018-09-15 12:00:00,812.4
2018-09-15 13:00:00,698.83
2018-09-15 14:00:00,499.9
2018-09-15 15:00:00,315.92
2018-09-15 16:00:00,130.12
2018-09-15 17:00:00,11.6
2018-09-15 18:00:00,0.0
2018-09-15 19:00:00,0.0
2018-09-15 20:00:00,0.0
2018-09-15 21:00:00,0.0
2018-09-15 22:00:00,0.0
2018-09-15 23:00:00,0.0
2018-09-16 00:00:00,0.0
2018-09-16 01:00:00,0.0
2018-09-16 02:00:00,0.0
2018-09-16 03:00:00,0.0
2018-09-16 04:00:00,0.0
2018-09-16 05:00:00,7.12
2018-09-16 06:00:00,117.97
2018-09-16 07:00:00,306.3
2018-09-16 08:00:00,504.42
2018-09-16 09:00:00,701.28
2018-09-16 10:00:00,803.75
2018-09-16 11:00:00,818.5
2018-09-16 12:00:00,764.9
2018-09-16 13:00:00,675.3
2018-09-16 14:00:00,527.58
2018-09-16 15:00:00,292.0
2018-09-16 16:00:00,130.93
2018-09-16 17:00:00,10.65
2018-09-16 18:00:00,0.0
2018-09-16 19:00:00,0.0
2018-09-16 20:00:00,0.0
2018-09-16 21:00:00,0.0
2018-09-16 22:00:00,0.0
2018-09-16 23:00:00,0.0
2018-09-17 00:00:00,0.0
2018-09-17 01:00:00,0.0
2018-09-17 02:00:00,0.0
2018-09-17 03:00:00,0.0
2018-09-17 04:00:00,0.0
2018-09-17 05:00:00,4.55
2018-09-17 06:00:00,65.9
2018-09-17 07:00:00,159.45
2018-09-17 08:00:00,250.52
2018-09-17 09:00:00,342.85
2018-09-17 10:00:00,391.3
2018-09-17 11:00:00,347.88
2018-09-17 12:00:00,401.52
2018-09-17 13:00:00,381.33
2018-09-17 14:00:00,380.3
2018-09-17 15:00:00,202.93
2018-09-17 16:00:00,83.68
2018-09-17 17:00:00,8.02
2018-09-17 18:00:00,0.0
2018-09-17 19:00:00,0.0
2018-09-17 20:00:00,0.0
2018-09-17 21:00:00,0.0
2018-09-17 22:00:00,0.0
2018-09-17 23:00:00,0.0
2018-09-18 00:00:00,0.0
2018-09-18 01:00:00,0.0
2018-09-18 02:00:00,0.0
2018-09-18 03:00:00,0.0
2018-09-18 04:00:00,0.0
2018-09-18 05:00:00,1.7
2018-09-18 06:00:00,29.1
2018-09-18 07:00:00,84.72
2018-09-18 08:00:00,185.18
2018-09-18 09:00:00,298.8
2018-09-18 10:00:00,521.95
2018-09-18 11:00:00,696.55
2018-09-18 12:00:00,654.8
2018-09-18 13:00:00,447.5
2018-09-18 14:00:00,315.02
2018-09-18 15:00:00,177.35
2018-09-18 16:00:00,100.3
2018-09-18 17:00:00,5.3
2018-09-18 18:00:00,0.0
2018-09-18 19:00:00,0.0
2018-09-18 20:00:00,0.0
2018-09-18 21:00:00,0.0
2018-09-18 22:00:00,0.0
2018-09-18 23:00:00,0.0
2018-09-19 00:00:00,0.0
2018-09-19 01:00:00,0.0
2018-09-19 02:00:00,0.0
2018-09-19 03:00:00,0.0
2018-09-19 04:00:00,0.0
2018-09-19 05:00:00,2.17
2018-09-19 06:00:00,36.38
2018-09-19 07:00:00,104.88
2018-09-19 08:00:00,205.43
2018-09-19 09:00:00,281.58
2018-09-19 10:00:00,273.33
2018-09-19 11:00:00,312.23
2018-09-19 12:00:00,282.83
2018-09-19 13:00:00,272.55
2018-09-19 14:00:00,197.5
2018-09-19 15:00:00,120.25
2018-09-19 16:00:00,49.53
2018-09-19 17:00:00,5.22
2018-09-19 18:00:00,0.0
2018-09-19 19:00:00,0.0
2018-09-19 20:00:00,0.0
2018-09-19 21:00:00,0.0
2018-09-19 22:00:00,0.0
2018-09-19 23:00:00,0.0
2018-09-20 00:00:00,0.0
2018-09-20 01:00:00,0.0
2018-09-20 02:00:00,0.0
2018-09-20 03:00:00,0.0
2018-09-20 04:00:00,0.0
2018-09-20 05:00:00,6.32
2018-09-20 06:00:00,88.68
2018-09-20 07:00:00,238.0
2018-09-20 08:00:00,391.5
2018-09-20 09:00:00,528.6
2018-09-20 10:00:00,639.1
2018-09-20 11:00:00,661.5
2018-09-20 12:00:00,585.97
2018-09-20 13:00:00,497.8
2018-09-20 14:00:00,366.42
2018-09-20 15:00:00,211.6
2018-09-20 16:00:00,81.82
2018-09-20 17:00:00,6.97
2018-09-20 18:00:00,0.0
2018-09-20 19:00:00,0.0
2018-09-20 20:00:00,0.0
2018-09-20 21:00:00,0.0
2018-09-20 22:00:00,0.0
2018-09-20 23:00:00,0.0
2018-09-21 00:00:00,0.0
2018-09-21 01:00:00,0.0
2018-09-21 02:00:00,0.0
2018-09-21 03:00:00,0.0
2018-09-21 04:00:00,0.0
2018-09-21 05:00:00,8.57
2018-09-21 06:00:00,101.5
2018-09-21 07:00:00,246.23
2018-09-21 08:00:00,446.77
2018-09-21 09:00:00,633.33
2018-09-21 10:00:00,830.28
2018-09-21 11:00:00,842.25
2018-09-21 12:00:00,739.03
2018-09-21 13:00:00,673.83
2018-09-21 14:00:00,364.33
2018-09-21 15:00:00,211.68
2018-09-21 16:00:00,70.4
2018-09-21 17:00:00,4.82
2018-09-21 18:00:00,0.0
2018-09-21 19:00:00,0.0
2018-09-21 20:00:00,0.0
2018-09-21 21:00:00,0.0
2018-09-21 22:00:00,0.0
2018-09-21 23:00:00,0.0
2018-09-22 00:00:00,0.0
2018-09-22 01:00:00,0.0
2018-09-22 02:00:00,0.0
2018-09-22 03:00:00,0.0
2018-09-22 04:00:00,0.0
2018-09-22 05:00:00,9.45
2018-09-22 06:00:00,137.68
2018-09-22 07:00:00,344.17
2018-09-22 08:00:00,548.67
2018-09-22 09:00:00,734.3
2018-09-22 10:00:00,850.15
2018-09-22 11:00:00,896.78
2018-09-22 12:00:00,862.97
2018-09-22 13:00:00,779.35
2018-09-22 14:00:00,613.7
2018-09-22 15:00:00,393.73
2018-09-22 16:00:00,160.25
2018-09-22 17:00:00,10.38
2018-09-22 18:00:00,0.0
2018-09-22 19:00:00,0.0
2018-09-22 20:00:00,0.0
2018-09-22 21:00:00,0.0
2018-09-22 22:00:00,0.0
2018-09-22 23:00:00,0.0
2018-09-23 00:00:00,0.0
2018-09-23 01:00:00,0.0
2018-09-23 02:00:00,0.0
2018-09-23 03:00:00,0.0
2018-09-23 04:00:00,0.0
2018-09-23 05:00:00,9.15
2018-09-23 06:00:00,140.73
2018-09-23 07:00:00,354.65
2018-09-23 08:00:00,558.85
2018-09-23 09:00:00,756.9
2018-09-23 10:00:00,806.85
2018-09-23 11:00:00,826.75
2018-09-23 12:00:00,779.85
2018-09-23 13:00:00,677.83
2018-09-23 14:00:00,511.85
2018-09-23 15:00:00,328.08
2018-09-23 16:00:00,137.2
2018-09-23 17:00:00,9.68
2018-09-23 18:00:00,0.0
2018-09-23 19:00:00,0.0
2018-09-23 20:00:00,0.0
2018-09-23 21:00:00,0.0
2018-09-23 22:00:00,0.0
2018-09-23 23:00:00,0.0
2018-09-24 00:00:00,0.0
2018-09-24 01:00:00,0.0
2018-09-24 02:00:00,0.0
2018-09-24 03:00:00,0.0
2018-09-24 04:00:00,0.0
2018-09-24 05:00:00,9.8
2018-09-24 06:00:00,155.9
2018-09-24 07:00:00,382.65
2018-09-24 08:00:00,630.97
2018-09-24 09:00:00,803.75
2018-09-24 10:00:00,907.95
2018-09-24 11:00:00,936.75
2018-09-24 12:00:00,878.7
2018-09-24 13:00:00,796.7
2018-09-24 14:00:00,602.03
2018-09-24 15:00:00,408.35
2018-09-24 16:00:00,163.3
2018-09-24 17:00:00,11.3
2018-09-24 18:00:00,0.0
2018-09-24 19:00:00,0.0
2018-09-24 20:00:00,0.0
2018-09-24 21:00:00,0.0
2018-09-24 22:00:00,0.0
2018-09-24 23:00:00,0.0
2018-09-25 00:00:00,0.0
2018-09-25 01:00:00,0.0
2018-09-25 02:00:00,0.0
2018-09-25 03:00:00,0.0
2018-09-25 04:00:00,0.0
2018-09-25 05:00:00,11.1
2018-09-25 06:00:00,169.27
2018-09-25 07:00:00,404.38
2018-09-25 08:00:00,619.8
2018-09-25 09:00:00,784.7
2018-09-25 10:00:00,881.58
2018-09-25 11:00:00,939.58
2018-09-25 12:00:00,899.62
2018-09-25 13:00:00,697.08
2018-09-25 14:00:00,618.5
2018-09-25 15:00:00,343.05
2018-09-25 16:00:00,126.7
2018-09-25 17:00:00,9.95
2018-09-25 18:00:00,0.0
2018-09-25 19:00:00,0.0
2018-09-25 20:00:00,0.0
2018-09-25 21:00:00,0.0
2018-09-25 22:00:00,0.0
2018-09-25 23:00:00,0.0
2018-09-26 00:00:00,0.0
2018-09-26 01:00:00,0.0
2018-09-26 02:00:00,0.0
2018-09-26 03:00:00,0.0
2018-09-26 04:00:00,0.0
2018-09-26 05:00:00,11.0
2018-09-26 06:00:00,164.1
2018-09-26 07:00:00,394.5
2018-09-26 08:00:00,604.78
2018-09-26 09:00:00,796.5
2018-09-26 10:00:00,869.95
2018-09-26 11:00:00,856.88
2018-09-26 12:00:00,893.65
2018-09-26 13:00:00,808.62
2018-09-26 14:00:00,590.8
2018-09-26 15:00:00,404.2
2018-09-26 16:00:00,164.82
2018-09-26 17:00:00,10.1
2018-09-26 18:00:00,0.0
2018-09-26 19:00:00,0.0
2018-09-26 20:00:00,0.0
2018-09-26 21:00:00,0.0
2018-09-26 22:00:00,0.0
2018-09-26 23:00:00,0.0
2018-09-27 00:00:00,0.0
2018-09-27 01:00:00,0.0
2018-09-27 02:00:00,0.0
2018-09-27 03:00:00,0.0
2018-09-27 04:00:00,0.0
2018-09-27 05:00:00,10.93
2018-09-27 06:00:00,158.57
2018-09-27 07:00:00,382.85
2018-09-27 08:00:00,585.85
2018-09-27 09:00:00,653.55
2018-09-27 10:00:00,845.65
2018-09-27 11:00:00,893.75
2018-09-27 12:00:00,884.4
2018-09-27 13:00:00,775.83
2018-09-27 14:00:00,603.4
2018-09-27 15:00:00,389.5
2018-09-27 16:00:00,162.45
2018-09-27 17:00:00,9.93
2018-09-27 18:00:00,0.0
2018-09-27 19:00:00,0.0
2018-09-27 20:00:00,0.0
2018-09-27 21:00:00,0.0
2018-09-27 22:00:00,0.0
2018-09-27 23:00:00,0.0
2018-09-28 00:00:00,0.0
2018-09-28 01:00:00,0.0
2018-09-28 02:00:00,0.0
2018-09-28 03:00:00,0.0
2018-09-28 04:00:00,0.0
2018-09-28 05:00:00,11.57
2018-09-28 06:00:00,170.35
2018-09-28 07:00:00,400.48
2018-09-28 08:00:00,606.78
2018-09-28 09:00:00,750.92
2018-09-28 10:00:00,763.3
2018-09-28 11:00:00,905.25
2018-09-28 12:00:00,853.92
2018-09-28 13:00:00,714.83
2018-09-28 14:00:00,592.97
2018-09-28 15:00:00,381.08
2018-09-28 16:00:00,161.2
2018-09-28 17:00:00,9.95
2018-09-28 18:00:00,0.0
2018-09-28 19:00:00,0.0
2018-09-28 20:00:00,0.0
2018-09-28 21:00:00,0.0
2018-09-28 22:00:00,0.0
2018-09-28 23:00:00,0.0
2018-09-29 00:00:00,0.0
2018-09-29 01:00:00,0.0
2018-09-29 02:00:00,0.0
2018-09-29 03:00:00,0.0
2018-09-29 04:00:00,0.0
2018-09-29 05:00:00,12.32
2018-09-29 06:00:00,175.75
2018-09-29 07:00:00,408.5
2018-09-29 08:00:00,600.85
2018-09-29 09:00:00,725.58
2018-09-29 10:00:00,701.25
2018-09-29 11:00:00,734.85
2018-09-29 12:00:00,896.83
2018-09-29 13:00:00,786.5
2018-09-29 14:00:00,609.5
2018-09-29 15:00:00,398.48
2018-09-29 16:00:00,168.95
2018-09-29 17:00:00,9.12
2018-09-29 18:00:00,0.0
2018-09-29 19:00:00,0.0
2018-09-29 20:00:00,0.0
2018-09-29 21:00:00,0.0
2018-09-29 22:00:00,0.0
2018-09-29 23:00:00,0.0
2018-09-30 00:00:00,0.0
2018-09-30 01:00:00,0.0
2018-09-30 02:00:00,0.0
2018-09-30 03:00:00,0.0
2018-09-30 04:00:00,0.0
2018-09-30 05:00:00,12.2
2018-09-30 06:00:00,182.38
2018-09-30 07:00:00,421.15
2018-09-30 08:00:00,627.33
2018-09-30 09:00:00,793.88
2018-09-30 10:00:00,902.0
2018-09-30 11:00:00,943.45
2018-09-30 12:00:00,927.4
2018-09-30 13:00:00,808.42
2018-09-30 14:00:00,628.05
2018-09-30 15:00:00,384.7
2018-09-30 16:00:00,125.7
2018-09-30 17:00:00,9.07
2018-09-30 18:00:00,0.0
2018-09-30 19:00:00,0.0
2018-09-30 20:00:00,0.0
2018-09-30 21:00:00,0.0
2018-09-30 22:00:00,0.0
2018-09-30 23:00:00,0.0
2018-10-01 00:00:00,0.0
2018-10-01 01:00:00,0.0
2018-10-01 02:00:00,0.0
2018-10-01 03:00:00,0.0
2018-10-01 04:00:00,0.0
2018-10-01 05:00:00,12.82
2018-10-01 06:00:00,143.4
2018-10-01 07:00:00,394.2
2018-10-01 08:00:00,615.53
2018-10-01 09:00:00,784.95
2018-10-01 10:00:00,902.97
2018-10-01 11:00:00,921.42
2018-10-01 12:00:00,892.0
2018-10-01 13:00:00,722.8
2018-10-01 14:00:00,567.3
2018-10-01 15:00:00,325.42
2018-10-01 16:00:00,99.2
2018-10-01 17:00:00,8.12
2018-10-01 18:00:00,0.0
2018-10-01 19:00:00,0.0
2018-10-01 20:00:00,0.0
2018-10-01 21:00:00,0.0
2018-10-01 22:00:00,0.0
2018-10-01 23:00:00,0.0
2018-10-02 00:00:00,0.0
2018-10-02 01:00:00,0.0
2018-10-02 02:00:00,0.0
2018-10-02 03:00:00,0.0
2018-10-02 04:00:00,0.0
2018-10-02 05:00:00,10.88
2018-10-02 06:00:00,161.27
2018-10-02 07:00:00,382.25
2018-10-02 08:00:00,583.6
2018-10-02 09:00:00,788.0
2018-10-02 10:00:00,756.7
2018-10-02 11:00:00,925.6
2018-10-02 12:00:00,867.42
2018-10-02 13:00:00,752.3
2018-10-02 14:00:00,551.62
2018-10-02 15:00:00,325.55
2018-10-02 16:00:00,108.1
2018-10-02 17:00:00,7.38
2018-10-02 18:00:00,0.0
2018-10-02 19:00:00,0.0
2018-10-02 20:00:00,0.0
2018-10-02 21:00:00,0.0
2018-10-02 22:00:00,0.0
2018-10-02 23:00:00,0.0
2018-10-03 00:00:00,0.0
2018-10-03 01:00:00,0.0
2018-10-03 02:00:00,0.0
2018-10-03 03:00:00,0.0
2018-10-03 04:00:00,0.0
2018-10-03 05:00:00,10.77
2018-10-03 06:00:00,162.52
2018-10-03 07:00:00,398.12
2018-10-03 08:00:00,606.7
2018-10-03 09:00:00,760.7
2018-10-03 10:00:00,821.62
2018-10-03 11:00:00,817.05
2018-10-03 12:00:00,667.0
2018-10-03 13:00:00,532.38
2018-10-03 14:00:00,355.15
2018-10-03 15:00:00,209.9
2018-10-03 16:00:00,84.38
2018-10-03 17:00:00,3.85
2018-10-03 18:00:00,0.0
2018-10-03 19:00:00,0.0
2018-10-03 20:00:00,0.0
2018-10-03 21:00:00,0.0
2018-10-03 22:00:00,0.0
2018-10-03 23:00:00,0.0
2018-10-04 00:00:00,0.0
2018-10-04 01:00:00,0.0
2018-10-04 02:00:00,0.0
2018-10-04 03:00:00,0.0
2018-10-04 04:00:00,0.0
2018-10-04 05:00:00,1.42
2018-10-04 06:00:00,15.62
2018-10-04 07:00:00,35.53
2018-10-04 08:00:00,45.75
2018-10-04 09:00:00,40.9
2018-10-04 10:00:00,57.9
2018-10-04 11:00:00,62.05
2018-10-04 12:00:00,72.68
2018-10-04 13:00:00,78.88
2018-10-04 14:00:00,97.6
2018-10-04 15:00:00,61.58
2018-10-04 16:00:00,24.6
2018-10-04 17:00:00,1.48
2018-10-04 18:00:00,0.0
2018-10-04 19:00:00,0.0
2018-10-04 20:00:00,0.0
2018-10-04 21:00:00,0.0
2018-10-04 22:00:00,0.0
2018-10-04 23:00:00,0.0
2018-10-05 00:00:00,0.0
2018-10-05 01:00:00,0.0
2018-10-05 02:00:00,0.0
2018-10-05 03:00:00,0.0
2018-10-05 04:00:00,0.0
2018-10-05 05:00:00,2.92
2018-10-05 06:00:00,35.67
2018-10-05 07:00:00,82.1
2018-10-05 08:00:00,112.2
2018-10-05 09:00:00,165.48
2018-10-05 10:00:00,178.02
2018-10-05 11:00:00,232.6
2018-10-05 12:00:00,259.98
2018-10-05 13:00:00,194.7
2018-10-05 14:00:00,156.75
2018-10-05 15:00:00,129.18
2018-10-05 16:00:00,60.92
2018-10-05 17:00:00,3.67
2018-10-05 18:00:00,0.0
2018-10-05 19:00:00,0.0
2018-10-05 20:00:00,0.0
2018-10-05 21:00:00,0.0
2018-10-05 22:00:00,0.0
2018-10-05 23:00:00,0.0
2018-10-06 00:00:00,0.0
2018-10-06 01:00:00,0.0
2018-10-06 02:00:00,0.0
2018-10-06 03:00:00,0.0
2018-10-06 04:00:00,0.0
2018-10-06 05:00:00,9.25
2018-10-06 06:00:00,130.73
2018-10-06 07:00:00,332.48
2018-10-06 08:00:00,527.8
2018-10-06 09:00:00,691.2
2018-10-06 10:00:00,784.97
2018-10-06 11:00:00,813.42
2018-10-06 12:00:00,773.17
2018-10-06 13:00:00,668.67
2018-10-06 14:00:00,521.42
2018-10-06 15:00:00,327.4
2018-10-06 16:00:00,120.4
2018-10-06 17:00:00,5.55
2018-10-06 18:00:00,0.0
2018-10-06 19:00:00,0.0
2018-10-06 20:00:00,0.0
2018-10-06 21:00:00,0.0
2018-10-06 22:00:00,0.0
2018-10-06 23:00:00,0.0
2018-10-07 00:00:00,0.0
2018-10-07 01:00:00,0.0
2018-10-07 02:00:00,0.0
2018-10-07 03:00:00,0.0
2018-10-07 04:00:00,0.0
2018-10-07 05:00:00,10.2
2018-10-07 06:00:00,157.15
2018-10-07 07:00:00,373.17
2018-10-07 08:00:00,569.0
2018-10-07 09:00:00,698.45
2018-10-07 10:00:00,778.25
2018-10-07 11:00:00,787.45
2018-10-07 12:00:00,680.83
2018-10-07 13:00:00,518.47
2018-10-07 14:00:00,392.33
2018-10-07 15:00:00,238.1
2018-10-07 16:00:00,86.75
2018-10-07 17:00:00,4.4
2018-10-07 18:00:00,0.0
2018-10-07 19:00:00,0.0
2018-10-07 20:00:00,0.0
2018-10-07 21:00:00,0.0
2018-10-07 22:00:00,0.0
2018-10-07 23:00:00,0.0
2018-10-08 00:00:00,0.0
2018-10-08 01:00:00,0.0
2018-10-08 02:00:00,0.0
2018-10-08 03:00:00,0.0
2018-10-08 04:00:00,0.0
2018-10-08 05:00:00,8.43
2018-10-08 06:00:00,104.32
2018-10-08 07:00:00,270.33
2018-10-08 08:00:00,444.7
2018-10-08 09:00:00,621.65
2018-10-08 10:00:00,718.15
2018-10-08 11:00:00,697.8
2018-10-08 12:00:00,721.62
2018-10-08 13:00:00,646.15
2018-10-08 14:00:00,486.83
2018-10-08 15:00:00,280.05
2018-10-08 16:00:00,94.03
2018-10-08 17:00:00,3.67
2018-10-08 18:00:00,0.0
2018-10-08 19:00:00,0.0
2018-10-08 20:00:00,0.0
2018-10-08 21:00:00,0.0
2018-10-08 22:00:00,0.0
2018-10-08 23:00:00,0.0
2018-10-09 00:00:00,0.0
2018-10-09 01:00:00,0.0
2018-10-09 02:00:00,0.0
2018-10-09 03:00:00,0.0
2018-10-09 04:00:00,0.0
2018-10-09 05:00:00,8.4
2018-10-09 06:00:00,102.0
2018-10-09 07:00:00,263.83
2018-10-09 08:00:00,400.05
2018-10-09 09:00:00,597.0
2018-10-09 10:00:00,711.12
2018-10-09 11:00:00,664.62
2018-10-09 12:00:00,701.28
2018-10-09 13:00:00,590.0
2018-10-09 14:00:00,447.02
2018-10-09 15:00:00,262.55
2018-10-09 16:00:00,90.32
2018-10-09 17:00:00,3.8
2018-10-09 18:00:00,0.0
2018-10-09 19:00:00,0.0
2018-10-09 20:00:00,0.0
2018-10-09 21:00:00,0.0
2018-10-09 22:00:00,0.0
2018-10-09 23:00:00,0.0
2018-10-10 00:00:00,0.0
2018-10-10 01:00:00,0.0
2018-10-10 02:00:00,0.0
2018-10-10 03:00:00,0.0
2018-10-10 04:00:00,0.0
2018-10-10 05:00:00,7.78
2018-10-10 06:00:00,105.43
2018-10-10 07:00:00,285.27
2018-10-10 08:00:00,474.7
2018-10-10 09:00:00,691.38
2018-10-10 10:00:00,757.42
2018-10-10 11:00:00,765.58
2018-10-10 12:00:00,673.2
2018-10-10 13:00:00,550.78
2018-10-10 14:00:00,431.98
2018-10-10 15:00:00,243.68
2018-10-10 16:00:00,78.55
2018-10-10 17:00:00,3.22
2018-10-10 18:00:00,0.0
2018-10-10 19:00:00,0.0
2018-10-10 20:00:00,0.0
2018-10-10 21:00:00,0.0
2018-10-10 22:00:00,0.0
2018-10-10 23:00:00,0.0
2018-10-11 00:00:00,0.0
2018-10-11 01:00:00,0.0
2018-10-11 02:00:00,0.0
2018-10-11 03:00:00,0.0
2018-10-11 04:00:00,0.0
2018-10-11 05:00:00,8.18
2018-10-11 06:00:00,115.75
2018-10-11 07:00:00,304.42
2018-10-11 08:00:00,492.35
2018-10-11 09:00:00,634.9
2018-10-11 10:00:00,730.78
2018-10-11 11:00:00,700.67
2018-10-11 12:00:00,715.15
2018-10-11 13:00:00,669.15
2018-10-11 14:00:00,514.38
2018-10-11 15:00:00,301.9
2018-10-11 16:00:00,99.5
2018-10-11 17:00:00,3.35
2018-10-11 18:00:00,0.0
2018-10-11 19:00:00,0.0
2018-10-11 20:00:00,0.0
2018-10-11 21:00:00,0.0
2018-10-11 22:00:00,0.0
2018-10-11 23:00:00,0.0
2018-10-12 00:00:00,0.0
2018-10-12 01:00:00,0.0
2018-10-12 02:00:00,0.0
2018-10-12 03:00:00,0.0
2018-10-12 04:00:00,0.0
2018-10-12 05:00:00,7.8
2018-10-12 06:00:00,110.53
2018-10-12 07:00:00,292.0
2018-10-12 08:00:00,501.9
2018-10-12 09:00:00,685.85
2018-10-12 10:00:00,804.75
2018-10-12 11:00:00,682.45
2018-10-12 12:00:00,785.3
2018-10-12 13:00:00,729.97
2018-10-12 14:00:00,495.62
2018-10-12 15:00:00,328.15
2018-10-12 16:00:00,107.6
2018-10-12 17:00:00,3.28
2018-10-12 18:00:00,0.0
2018-10-12 19:00:00,0.0
2018-10-12 20:00:00,0.0
2018-10-12 21:00:00,0.0
2018-10-12 22:00:00,0.0
2018-10-12 23:00:00,0.0
2018-10-13 00:00:00,0.0
2018-10-13 01:00:00,0.0
2018-10-13 02:00:00,0.0
2018-10-13 03:00:00,0.0
2018-10-13 04:00:00,0.0
2018-10-13 05:00:00,8.43
2018-10-13 06:00:00,125.12
2018-10-13 07:00:00,325.95
2018-10-13 08:00:00,523.72
2018-10-13 09:00:00,577.62
2018-10-13 10:00:00,754.42
2018-10-13 11:00:00,809.62
2018-10-13 12:00:00,742.62
2018-10-13 13:00:00,663.28
2018-10-13 14:00:00,467.6
2018-10-13 15:00:00,274.7
2018-10-13 16:00:00,92.28
2018-10-13 17:00:00,3.08
2018-10-13 18:00:00,0.0
2018-10-13 19:00:00,0.0
2018-10-13 20:00:00,0.0
2018-10-13 21:00:00,0.0
2018-10-13 22:00:00,0.0
2018-10-13 23:00:00,0.0
2018-10-14 00:00:00,0.0
2018-10-14 01:00:00,0.0
2018-10-14 02:00:00,0.0
2018-10-14 03:00:00,0.0
2018-10-14 04:00:00,0.0
2018-10-14 05:00:00,8.8
2018-10-14 06:00:00,126.93
2018-10-14 07:00:00,314.9
2018-10-14 08:00:00,455.88
2018-10-14 09:00:00,610.15
2018-10-14 10:00:00,695.65
2018-10-14 11:00:00,723.38
2018-10-14 12:00:00,745.2
2018-10-14 13:00:00,665.67
2018-10-14 14:00:00,524.9
2018-10-14 15:00:00,311.8
2018-10-14 16:00:00,108.2
2018-10-14 17:00:00,0.0
2018-10-14 18:00:00,0.0
2018-10-14 19:00:00,0.0
2018-10-14 20:00:00,0.0
2018-10-14 21:00:00,0.0
2018-10-14 22:00:00,0.0
2018-10-14 23:00:00,0.0
2018-10-15 00:00:00,0.0
2018-10-15 01:00:00,0.0
2018-10-15 02:00:00,0.0
2018-10-15 03:00:00,0.0
2018-10-15 04:00:00,0.0
2018-10-15 05:00:00,6.15
2018-10-15 06:00:00,81.88
2018-10-15 07:00:00,191.95
2018-10-15 08:00:00,201.68
2018-10-15 09:00:00,482.35
2018-10-15 10:00:00,669.65
2018-10-15 11:00:00,804.42
2018-10-15 12:00:00,734.62
2018-10-15 13:00:00,632.53
2018-10-15 14:00:00,461.5
2018-10-15 15:00:00,281.95
2018-10-15 16:00:00,107.12
2018-10-15 17:00:00,0.0
2018-10-15 18:00:00,0.0
2018-10-15 19:00:00,0.0
2018-10-15 20:00:00,0.0
2018-10-15 21:00:00,0.0
2018-10-15 22:00:00,0.0
2018-10-15 23:00:00,0.0
2018-10-16 00:00:00,0.0
2018-10-16 01:00:00,0.0
2018-10-16 02:00:00,0.0
2018-10-16 03:00:00,0.0
2018-10-16 04:00:00,0.0
2018-10-16 05:00:00,10.02
2018-10-16 06:00:00,154.5
2018-10-16 07:00:00,361.17
2018-10-16 08:00:00,563.78
2018-10-16 09:00:00,713.72
2018-10-16 10:00:00,840.5
2018-10-16 11:00:00,851.08
2018-10-16 12:00:00,804.28
2018-10-16 13:00:00,733.62
2018-10-16 14:00:00,471.17
2018-10-16 15:00:00,266.27
2018-10-16 16:00:00,71.53
2018-10-16 17:00:00,0.0
2018-10-16 18:00:00,0.0
2018-10-16 19:00:00,0.0
2018-10-16 20:00:00,0.0
2018-10-16 21:00:00,0.0
2018-10-16 22:00:00,0.0
2018-10-16 23:00:00,0.0
2018-10-17 00:00:00,0.0
2018-10-17 01:00:00,0.0
2018-10-17 02:00:00,0.0
2018-10-17 03:00:00,0.0
2018-10-17 04:00:00,0.0
2018-10-17 05:00:00,8.62
2018-10-17 06:00:00,132.35
2018-10-17 07:00:00,344.2
2018-10-17 08:00:00,552.5
2018-10-17 09:00:00,679.6
2018-10-17 10:00:00,677.65
2018-10-17 11:00:00,705.12
2018-10-17 12:00:00,615.4
2018-10-17 13:00:00,523.58
2018-10-17 14:00:00,363.95
2018-10-17 15:00:00,210.85
2018-10-17 16:00:00,83.88
2018-10-17 17:00:00,0.0
2018-10-17 18:00:00,0.0
2018-10-17 19:00:00,0.0
2018-10-17 20:00:00,0.0
2018-10-17 21:00:00,0.0
2018-10-17 22:00:00,0.0
2018-10-17 23:00:00,0.0
2018-10-18 00:00:00,0.0
2018-10-18 01:00:00,0.0
2018-10-18 02:00:00,0.0
2018-10-18 03:00:00,0.0
2018-10-18 04:00:00,0.0
2018-10-18 05:00:00,4.75
2018-10-18 06:00:00,70.18
2018-10-18 07:00:00,185.18
2018-10-18 08:00:00,319.55
2018-10-18 09:00:00,520.15
2018-10-18 10:00:00,693.95
2018-10-18 11:00:00,739.53
2018-10-18 12:00:00,655.38
2018-10-18 13:00:00,541.75
2018-10-18 14:00:00,461.17
2018-10-18 15:00:00,271.27
2018-10-18 16:00:00,100.43
2018-10-18 17:00:00,0.0
2018-10-18 18:00:00,0.0
2018-10-18 19:00:00,0.0
2018-10-18 20:00:00,0.0
2018-10-18 21:00:00,0.0
2018-10-18 22:00:00,0.0
2018-10-18 23:00:00,0.0
2018-10-19 00:00:00,0.0
2018-10-19 01:00:00,0.0
2018-10-19 02:00:00,0.0
2018-10-19 03:00:00,0.0
2018-10-19 04:00:00,0.0
2018-10-19 05:00:00,8.1
2018-10-19 06:00:00,126.4
2018-10-19 07:00:00,327.6
2018-10-19 08:00:00,521.97
2018-10-19 09:00:00,663.67
2018-10-19 10:00:00,767.7
2018-10-19 11:00:00,724.0
2018-10-19 12:00:00,666.88
2018-10-19 13:00:00,604.92
2018-10-19 14:00:00,446.85
2018-10-19 15:00:00,272.2
2018-10-19 16:00:00,98.47
2018-10-19 17:00:00,0.0
2018-10-19 18:00:00,0.0
2018-10-19 19:00:00,0.0
2018-10-19 20:00:00,0.0
2018-10-19 21:00:00,0.0
2018-10-19 22:00:00,0.0
2018-10-19 23:00:00,0.0
2018-10-20 00:00:00,0.0
2018-10-20 01:00:00,0.0
2018-10-20 02:00:00,0.0
2018-10-20 03:00:00,0.0
2018-10-20 04:00:00,0.0
2018-10-20 05:00:00,8.18
2018-10-20 06:00:00,126.7
2018-10-20 07:00:00,321.65
2018-10-20 08:00:00,516.9
2018-10-20 09:00:00,620.5
2018-10-20 10:00:00,736.03
2018-10-20 11:00:00,774.53
2018-10-20 12:00:00,679.6
2018-10-20 13:00:00,599.92
2018-10-20 14:00:00,408.1
2018-10-20 15:00:00,231.2
2018-10-20 16:00:00,75.25
2018-10-20 17:00:00,0.0
2018-10-20 18:00:00,0.0
2018-10-20 19:00:00,0.0
2018-10-20 20:00:00,0.0
2018-10-20 21:00:00,0.0
2018-10-20 22:00:00,0.0
2018-10-20 23:00:00,0.0
2018-10-21 00:00:00,0.0
2018-10-21 01:00:00,0.0
2018-10-21 02:00:00,0.0
2018-10-21 03:00:00,0.0
2018-10-21 04:00:00,0.0
2018-10-21 05:00:00,5.12
2018-10-21 06:00:00,66.57
2018-10-21 07:00:00,162.2
2018-10-21 08:00:00,222.9
2018-10-21 09:00:00,353.7
2018-10-21 10:00:00,396.48
2018-10-21 11:00:00,535.5
2018-10-21 12:00:00,586.85
2018-10-21 13:00:00,443.85
2018-10-21 14:00:00,294.2
2018-10-21 15:00:00,176.4
2018-10-21 16:00:00,59.97
2018-10-21 17:00:00,0.0
2018-10-21 18:00:00,0.0
2018-10-21 19:00:00,0.0
2018-10-21 20:00:00,0.0
2018-10-21 21:00:00,0.0
2018-10-21 22:00:00,0.0
2018-10-21 23:00:00,0.0
2018-10-22 00:00:00,0.0
2018-10-22 01:00:00,0.0
2018-10-22 02:00:00,0.0
2018-10-22 03:00:00,0.0
2018-10-22 04:00:00,0.0
2018-10-22 05:00:00,7.8
2018-10-22 06:00:00,113.82
2018-10-22 07:00:00,291.25
2018-10-22 08:00:00,473.2
2018-10-22 09:00:00,648.53
2018-10-22 10:00:00,753.0
2018-10-22 11:00:00,752.05
2018-10-22 12:00:00,713.97
2018-10-22 13:00:00,606.8
2018-10-22 14:00:00,458.65
2018-10-22 15:00:00,261.48
2018-10-22 16:00:00,82.9
2018-10-22 17:00:00,0.0
2018-10-22 18:00:00,0.0
2018-10-22 19:00:00,0.0
2018-10-22 20:00:00,0.0
2018-10-22 21:00:00,0.0
2018-10-22 22:00:00,0.0
2018-10-22 23:00:00,0.0
2018-10-23 00:00:00,0.0
2018-10-23 01:00:00,0.0
2018-10-23 02:00:00,0.0
2018-10-23 03:00:00,0.0
2018-10-23 04:00:00,0.0
2018-10-23 05:00:00,7.72
2018-10-23 06:00:00,124.32
2018-10-23 07:00:00,328.73
2018-10-23 08:00:00,539.65
2018-10-23 09:00:00,687.25
2018-10-23 10:00:00,773.83
2018-10-23 11:00:00,788.83
2018-10-23 12:00:00,665.2
2018-10-23 13:00:00,533.45
2018-10-23 14:00:00,406.2
2018-10-23 15:00:00,244.95
2018-10-23 16:00:00,83.95
2018-10-23 17:00:00,0.0
2018-10-23 18:00:00,0.0
2018-10-23 19:00:00,0.0
2018-10-23 20:00:00,0.0
2018-10-23 21:00:00,0.0
2018-10-23 22:00:00,0.0
2018-10-23 23:00:00,0.0
2018-10-24 00:00:00,0.0
2018-10-24 01:00:00,0.0
2018-10-24 02:00:00,0.0
2018-10-24 03:00:00,0.0
2018-10-24 04:00:00,0.0
2018-10-24 05:00:00,5.85
2018-10-24 06:00:00,138.12
2018-10-24 07:00:00,350.12
2018-10-24 08:00:00,548.55
2018-10-24 09:00:00,719.42
2018-10-24 10:00:00,805.53
2018-10-24 11:00:00,751.42
2018-10-24 12:00:00,810.62
2018-10-24 13:00:00,678.53
2018-10-24 14:00:00,500.15
2018-10-24 15:00:00,280.92
2018-10-24 16:00:00,82.9
2018-10-24 17:00:00,0.0
2018-10-24 18:00:00,0.0
2018-10-24 19:00:00,0.0
2018-10-24 20:00:00,0.0
2018-10-24 21:00:00,0.0
2018-10-24 22:00:00,0.0
2018-10-24 23:00:00,0.0
2018-10-25 00:00:00,0.0
2018-10-25 01:00:00,0.0
2018-10-25 02:00:00,0.0
2018-10-25 03:00:00,0.0
2018-10-25 04:00:00,0.0
2018-10-25 05:00:00,7.88
2018-10-25 06:00:00,123.75
2018-10-25 07:00:00,315.88
2018-10-25 08:00:00,512.62
2018-10-25 09:00:00,667.05
2018-10-25 10:00:00,791.08
2018-10-25 11:00:00,798.1
2018-10-25 12:00:00,737.88
2018-10-25 13:00:00,582.12
2018-10-25 14:00:00,414.55
2018-10-25 15:00:00,229.3
2018-10-25 16:00:00,65.93
2018-10-25 17:00:00,0.0
2018-10-25 18:00:00,0.0
2018-10-25 19:00:00,0.0
2018-10-25 20:00:00,0.0
2018-10-25 21:00:00,0.0
2018-10-25 22:00:00,0.0
2018-10-25 23:00:00,0.0
2018-10-26 00:00:00,0.0
2018-10-26 01:00:00,0.0
2018-10-26 02:00:00,0.0
2018-10-26 03:00:00,0.0
2018-10-26 04:00:00,0.0
2018-10-26 05:00:00,7.18
2018-10-26 06:00:00,118.32
2018-10-26 07:00:00,314.2
2018-10-26 08:00:00,510.2
2018-10-26 09:00:00,642.15
2018-10-26 10:00:00,714.83
2018-10-26 11:00:00,784.55
2018-10-26 12:00:00,722.75
2018-10-26 13:00:00,594.12
2018-10-26 14:00:00,445.48
2018-10-26 15:00:00,244.02
2018-10-26 16:00:00,71.88
2018-10-26 17:00:00,0.0
2018-10-26 18:00:00,0.0
2018-10-26 19:00:00,0.0
2018-10-26 20:00:00,0.0
2018-10-26 21:00:00,0.0
2018-10-26 22:00:00,0.0
2018-10-26 23:00:00,0.0
2018-10-27 00:00:00,0.0
2018-10-27 01:00:00,0.0
2018-10-27 02:00:00,0.0
2018-10-27 03:00:00,0.0
2018-10-27 04:00:00,0.0
2018-10-27 05:00:00,6.85
2018-10-27 06:00:00,105.68
2018-10-27 07:00:00,279.58
2018-10-27 08:00:00,458.0
2018-10-27 09:00:00,609.4
2018-10-27 10:00:00,684.78
2018-10-27 11:00:00,723.78
2018-10-27 12:00:00,712.05
2018-10-27 13:00:00,607.67
2018-10-27 14:00:00,415.88
2018-10-27 15:00:00,223.75
2018-10-27 16:00:00,63.38
2018-10-27 17:00:00,0.0
2018-10-27 18:00:00,0.0
2018-10-27 19:00:00,0.0
2018-10-27 20:00:00,0.0
2018-10-27 21:00:00,0.0
2018-10-27 22:00:00,0.0
2018-10-27 23:00:00,0.0
2018-10-28 00:00:00,0.0
2018-10-28 01:00:00,0.0
2018-10-28 02:00:00,0.0
2018-10-28 03:00:00,0.0
2018-10-28 04:00:00,0.0
2018-10-28 05:00:00,6.65
2018-10-28 06:00:00,103.93
2018-10-28 07:00:00,282.27
2018-10-28 08:00:00,465.35
2018-10-28 09:00:00,614.45
2018-10-28 10:00:00,752.25
2018-10-28 11:00:00,834.62
2018-10-28 12:00:00,742.33
2018-10-28 13:00:00,536.05
2018-10-28 14:00:00,449.95
2018-10-28 15:00:00,256.88
2018-10-28 16:00:00,78.82
2018-10-28 17:00:00,0.0
2018-10-28 18:00:00,0.0
2018-10-28 19:00:00,0.0
2018-10-28 20:00:00,0.0
2018-10-28 21:00:00,0.0
2018-10-28 22:00:00,0.0
2018-10-28 23:00:00,0.0
2018-10-29 00:00:00,0.0
2018-10-29 01:00:00,0.0
2018-10-29 02:00:00,0.0
2018-10-29 03:00:00,0.0
2018-10-29 04:00:00,0.0
2018-10-29 05:00:00,6.57
2018-10-29 06:00:00,110.25
2018-10-29 07:00:00,274.48
2018-10-29 08:00:00,455.15
2018-10-29 09:00:00,608.6
2018-10-29 10:00:00,770.97
2018-10-29 11:00:00,808.97
2018-10-29 12:00:00,673.62
2018-10-29 13:00:00,654.45
2018-10-29 14:00:00,460.9
2018-10-29 15:00:00,258.65
2018-10-29 16:00:00,68.22
2018-10-29 17:00:00,0.0
2018-10-29 18:00:00,0.0
2018-10-29 19:00:00,0.0
2018-10-29 20:00:00,0.0
2018-10-29 21:00:00,0.0
2018-10-29 22:00:00,0.0
2018-10-29 23:00:00,0.0
2018-10-30 00:00:00,0.0
2018-10-30 01:00:00,0.0
2018-10-30 02:00:00,0.0
2018-10-30 03:00:00,0.0
2018-10-30 04:00:00,0.0
2018-10-30 05:00:00,6.97
2018-10-30 06:00:00,97.05
2018-10-30 07:00:00,225.57
2018-10-30 08:00:00,388.2
2018-10-30 09:00:00,526.05
2018-10-30 10:00:00,574.15
2018-10-30 11:00:00,573.95
2018-10-30 12:00:00,579.08
2018-10-30 13:00:00,467.08
2018-10-30 14:00:00,370.65
2018-10-30 15:00:00,201.48
2018-10-30 16:00:00,62.72
2018-10-30 17:00:00,0.0
2018-10-30 18:00:00,0.0
2018-10-30 19:00:00,0.0
2018-10-30 20:00:00,0.0
2018-10-30 21:00:00,0.0
2018-10-30 22:00:00,0.0
2018-10-30 23:00:00,0.0
2018-10-31 00:00:00,0.0
2018-10-31 01:00:00,0.0
2018-10-31 02:00:00,0.0
2018-10-31 03:00:00,0.0
2018-10-31 04:00:00,0.0
2018-10-31 05:00:00,6.8
2018-10-31 06:00:00,89.68
2018-10-31 07:00:00,217.73
2018-10-31 08:00:00,331.0
2018-10-31 09:00:00,433.83
2018-10-31 10:00:00,499.27
2018-10-31 11:00:00,512.08
2018-10-31 12:00:00,343.05
2018-10-31 13:00:00,185.65
2018-10-31 14:00:00,138.45
2018-10-31 15:00:00,83.53
2018-10-31 16:00:00,24.38
2018-10-31 17:00:00,0.0
2018-10-31 18:00:00,0.0
2018-10-31 19:00:00,0.0
2018-10-31 20:00:00,0.0
2018-10-31 21:00:00,0.0
2018-10-31 22:00:00,0.0
2018-10-31 23:00:00,0.0
2018-11-01 00:00:00,0.0
2018-11-01 01:00:00,0.0
2018-11-01 02:00:00,0.0
2018-11-01 03:00:00,0.0
2018-11-01 04:00:00,0.0
2018-11-01 05:00:00,4.93
2018-11-01 06:00:00,72.12
2018-11-01 07:00:00,191.98
2018-11-01 08:00:00,338.9
2018-11-01 09:00:00,393.95
2018-11-01 10:00:00,110.07
2018-11-01 11:00:00,115.6
2018-11-01 12:00:00,227.62
2018-11-01 13:00:00,225.52
2018-11-01 14:00:00,232.75
2018-11-01 15:00:00,134.3
2018-11-01 16:00:00,39.95
2018-11-01 17:00:00,0.0
2018-11-01 18:00:00,0.0
2018-11-01 19:00:00,0.0
2018-11-01 20:00:00,0.0
2018-11-01 21:00:00,0.0
2018-11-01 22:00:00,0.0
2018-11-01 23:00:00,0.0
2018-11-02 00:00:00,0.0
2018-11-02 01:00:00,0.0
2018-11-02 02:00:00,0.0
2018-11-02 03:00:00,0.0
2018-11-02 04:00:00,0.0
2018-11-02 05:00:00,5.43
2018-11-02 06:00:00,83.93
2018-11-02 07:00:00,225.15
2018-11-02 08:00:00,381.3
2018-11-02 09:00:00,474.45
2018-11-02 10:00:00,625.35
2018-11-02 11:00:00,694.15
2018-11-02 12:00:00,668.92
2018-11-02 13:00:00,501.95
2018-11-02 14:00:00,402.1
2018-11-02 15:00:00,228.52
2018-11-02 16:00:00,64.72
2018-11-02 17:00:00,0.0
2018-11-02 18:00:00,0.0
2018-11-02 19:00:00,0.0
2018-11-02 20:00:00,0.0
2018-11-02 21:00:00,0.0
2018-11-02 22:00:00,0.0
2018-11-02 23:00:00,0.0
2018-11-03 00:00:00,0.0
2018-11-03 01:00:00,0.0
2018-11-03 02:00:00,0.0
2018-11-03 03:00:00,0.0
2018-11-03 04:00:00,0.0
2018-11-03 05:00:00,6.25
2018-11-03 06:00:00,114.78
2018-11-03 07:00:00,301.92
2018-11-03 08:00:00,482.38
2018-11-03 09:00:00,707.15
2018-11-03 10:00:00,776.28
2018-11-03 11:00:00,825.05
2018-11-03 12:00:00,722.6
2018-11-03 13:00:00,688.45
2018-11-03 14:00:00,504.23
2018-11-03 15:00:00,293.7
2018-11-03 16:00:00,87.0
2018-11-03 17:00:00,0.0
2018-11-03 18:00:00,0.0
2018-11-03 19:00:00,0.0
2018-11-03 20:00:00,0.0
2018-11-03 21:00:00,0.0
2018-11-03 22:00:00,0.0
2018-11-03 23:00:00,0.0
2018-11-04 00:00:00,0.0
2018-11-04 01:00:00,0.0
2018-11-04 02:00:00,0.0
2018-11-04 03:00:00,0.0
2018-11-04 04:00:00,0.0
2018-11-04 05:00:00,6.22
2018-11-04 06:00:00,108.03
2018-11-04 07:00:00,293.05
2018-11-04 08:00:00,479.52
2018-11-04 09:00:00,600.53
2018-11-04 10:00:00,731.53
2018-11-04 11:00:00,790.35
2018-11-04 12:00:00,760.1
2018-11-04 13:00:00,629.78
2018-11-04 14:00:00,473.15
2018-11-04 15:00:00,283.5
2018-11-04 16:00:00,82.97
2018-11-04 17:00:00,0.0
2018-11-04 18:00:00,0.0
2018-11-04 19:00:00,0.0
2018-11-04 20:00:00,0.0
2018-11-04 21:00:00,0.0
2018-11-04 22:00:00,0.0
2018-11-04 23:00:00,0.0
2018-11-05 00:00:00,0.0
2018-11-05 01:00:00,0.0
2018-11-05 02:00:00,0.0
2018-11-05 03:00:00,0.0
2018-11-05 04:00:00,0.0
2018-11-05 05:00:00,6.78
2018-11-05 06:00:00,137.52
2018-11-05 07:00:00,360.38
2018-11-05 08:00:00,570.08
2018-11-05 09:00:00,720.17
2018-11-05 10:00:00,837.75
2018-11-05 11:00:00,874.08
2018-11-05 12:00:00,753.78
2018-11-05 13:00:00,677.97
2018-11-05 14:00:00,523.1
2018-11-05 15:00:00,302.85
2018-11-05 16:00:00,86.93
2018-11-05 17:00:00,0.0
2018-11-05 18:00:00,0.0
2018-11-05 19:00:00,0.0
2018-11-05 20:00:00,0.0
2018-11-05 21:00:00,0.0
2018-11-05 22:00:00,0.0
2018-11-05 23:00:00,0.0
2018-11-06 00:00:00,0.0
2018-11-06 01:00:00,0.0
2018-11-06 02:00:00,0.0
2018-11-06 03:00:00,0.0
2018-11-06 04:00:00,0.0
2018-11-06 05:00:00,5.78
2018-11-06 06:00:00,94.32
2018-11-06 07:00:00,259.88
2018-11-06 08:00:00,430.35
2018-11-06 09:00:00,487.23
2018-11-06 10:00:00,466.83
2018-11-06 11:00:00,551.53
2018-11-06 12:00:00,586.33
2018-11-06 13:00:00,557.8
2018-11-06 14:00:00,433.88
2018-11-06 15:00:00,243.68
2018-11-06 16:00:00,67.57
2018-11-06 17:00:00,0.0
2018-11-06 18:00:00,0.0
2018-11-06 19:00:00,0.0
2018-11-06 20:00:00,0.0
2018-11-06 21:00:00,0.0
2018-11-06 22:00:00,0.0
2018-11-06 23:00:00,0.0
2018-11-07 00:00:00,0.0
2018-11-07 01:00:00,0.0
2018-11-07 02:00:00,0.0
2018-11-07 03:00:00,0.0
2018-11-07 04:00:00,0.0
2018-11-07 05:00:00,5.45
2018-11-07 06:00:00,106.5
2018-11-07 07:00:00,289.25
2018-11-07 08:00:00,472.55
2018-11-07 09:00:00,569.65
2018-11-07 10:00:00,581.47
2018-11-07 11:00:00,669.17
2018-11-07 12:00:00,724.65
2018-11-07 13:00:00,588.83
2018-11-07 14:00:00,416.92
2018-11-07 15:00:00,226.77
2018-11-07 16:00:00,63.4
2018-11-07 17:00:00,0.0
2018-11-07 18:00:00,0.0
2018-11-07 19:00:00,0.0
2018-11-07 20:00:00,0.0
2018-11-07 21:00:00,0.0
2018-11-07 22:00:00,0.0
2018-11-07 23:00:00,0.0
2018-11-08 00:00:00,0.0
2018-11-08 01:00:00,0.0
2018-11-08 02:00:00,0.0
2018-11-08 03:00:00,0.0
2018-11-08 04:00:00,0.0
2018-11-08 05:00:00,4.65
2018-11-08 06:00:00,68.82
2018-11-08 07:00:00,173.43
2018-11-08 08:00:00,304.08
2018-11-08 09:00:00,392.7
2018-11-08 10:00:00,469.65
2018-11-08 11:00:00,473.58
2018-11-08 12:00:00,294.15
2018-11-08 13:00:00,417.3
2018-11-08 14:00:00,301.52
2018-11-08 15:00:00,169.85
2018-11-08 16:00:00,46.45
2018-11-08 17:00:00,0.0
2018-11-08 18:00:00,0.0
2018-11-08 19:00:00,0.0
2018-11-08 20:00:00,0.0
2018-11-08 21:00:00,0.0
2018-11-08 22:00:00,0.0
2018-11-08 23:00:00,0.0
2018-11-09 00:00:00,0.0
2018-11-09 01:00:00,0.0
2018-11-09 02:00:00,0.0
2018-11-09 03:00:00,0.0
2018-11-09 04:00:00,0.0
2018-11-09 05:00:00,5.65
2018-11-09 06:00:00,100.28
2018-11-09 07:00:00,275.25
2018-11-09 08:00:00,443.12
2018-11-09 09:00:00,598.17
2018-11-09 10:00:00,724.47
2018-11-09 11:00:00,781.78
2018-11-09 12:00:00,732.25
2018-11-09 13:00:00,603.65
2018-11-09 14:00:00,437.4
2018-11-09 15:00:00,237.75
2018-11-09 16:00:00,64.22
2018-11-09 17:00:00,0.0
2018-11-09 18:00:00,0.0
2018-11-09 19:00:00,0.0
2018-11-09 20:00:00,0.0
2018-11-09 21:00:00,0.0
2018-11-09 22:00:00,0.0
2018-11-09 23:00:00,0.0
2018-11-10 00:00:00,0.0
2018-11-10 01:00:00,0.0
2018-11-10 02:00:00,0.0
2018-11-10 03:00:00,0.0
2018-11-10 04:00:00,0.0
2018-11-10 05:00:00,4.97
2018-11-10 06:00:00,100.18
2018-11-10 07:00:00,260.75
2018-11-10 08:00:00,468.83
2018-11-10 09:00:00,634.33
2018-11-10 10:00:00,741.0
2018-11-10 11:00:00,767.42
2018-11-10 12:00:00,723.0
2018-11-10 13:00:00,596.28
2018-11-10 14:00:00,463.35
2018-11-10 15:00:00,260.17
2018-11-10 16:00:00,69.38
2018-11-10 17:00:00,0.0
2018-11-10 18:00:00,0.0
2018-11-10 19:00:00,0.0
2018-11-10 20:00:00,0.0
2018-11-10 21:00:00,0.0
2018-11-10 22:00:00,0.0
2018-11-10 23:00:00,0.0
2018-11-11 00:00:00,0.0
2018-11-11 01:00:00,0.0
2018-11-11 02:00:00,0.0
2018-11-11 03:00:00,0.0
2018-11-11 04:00:00,0.0
2018-11-11 05:00:00,4.65
2018-11-11 06:00:00,94.65
2018-11-11 07:00:00,257.45
2018-11-11 08:00:00,449.98
2018-11-11 09:00:00,571.17
2018-11-11 10:00:00,671.25
2018-11-11 11:00:00,790.95
2018-11-11 12:00:00,754.67
2018-11-11 13:00:00,622.28
2018-11-11 14:00:00,446.2
2018-11-11 15:00:00,249.43
2018-11-11 16:00:00,69.5
2018-11-11 17:00:00,0.0
2018-11-11 18:00:00,0.0
2018-11-11 19:00:00,0.0
2018-11-11 20:00:00,0.0
2018-11-11 21:00:00,0.0
2018-11-11 22:00:00,0.0
2018-11-11 23:00:00,0.0
2018-11-12 00:00:00,0.0
2018-11-12 01:00:00,0.0
2018-11-12 02:00:00,0.0
2018-11-12 03:00:00,0.0
2018-11-12 04:00:00,0.0
2018-11-12 05:00:00,4.95
2018-11-12 06:00:00,106.55
2018-11-12 07:00:00,288.58
2018-11-12 08:00:00,467.08
2018-11-12 09:00:00,526.8
2018-11-12 10:00:00,599.15
2018-11-12 11:00:00,565.92
2018-11-12 12:00:00,510.12
2018-11-12 13:00:00,443.02
2018-11-12 14:00:00,336.4
2018-11-12 15:00:00,189.77
2018-11-12 16:00:00,60.2
2018-11-12 17:00:00,0.0
2018-11-12 18:00:00,0.0
2018-11-12 19:00:00,0.0
2018-11-12 20:00:00,0.0
2018-11-12 21:00:00,0.0
2018-11-12 22:00:00,0.0
2018-11-12 23:00:00,0.0
2018-11-13 00:00:00,0.0
2018-11-13 01:00:00,0.0
2018-11-13 02:00:00,0.0
2018-11-13 03:00:00,0.0
2018-11-13 04:00:00,0.0
2018-11-13 05:00:00,4.18
2018-11-13 06:00:00,88.78
2018-11-13 07:00:00,258.92
2018-11-13 08:00:00,441.42
2018-11-13 09:00:00,603.28
2018-11-13 10:00:00,699.25
2018-11-13 11:00:00,744.55
2018-11-13 12:00:00,665.08
2018-11-13 13:00:00,471.55
2018-11-13 14:00:00,362.92
2018-11-13 15:00:00,200.65
2018-11-13 16:00:00,56.47
2018-11-13 17:00:00,0.0
2018-11-13 18:00:00,0.0
2018-11-13 19:00:00,0.0
2018-11-13 20:00:00,0.0
2018-11-13 21:00:00,0.0
2018-11-13 22:00:00,0.0
2018-11-13 23:00:00,0.0
2018-11-14 00:00:00,0.0
2018-11-14 01:00:00,0.0
2018-11-14 02:00:00,0.0
2018-11-14 03:00:00,0.0
2018-11-14 04:00:00,0.0
2018-11-14 05:00:00,4.53
2018-11-14 06:00:00,111.43
2018-11-14 07:00:00,315.23
2018-11-14 08:00:00,530.35
2018-11-14 09:00:00,698.95
2018-11-14 10:00:00,803.58
2018-11-14 11:00:00,816.65
2018-11-14 12:00:00,730.95
2018-11-14 13:00:00,656.92
2018-11-14 14:00:00,488.9
2018-11-14 15:00:00,268.0
2018-11-14 16:00:00,68.12
2018-11-14 17:00:00,0.0
2018-11-14 18:00:00,0.0
2018-11-14 19:00:00,0.0
2018-11-14 20:00:00,0.0
2018-11-14 21:00:00,0.0
2018-11-14 22:00:00,0.0
2018-11-14 23:00:00,0.0
2018-11-15 00:00:00,0.0
2018-11-15 01:00:00,0.0
2018-11-15 02:00:00,0.0
2018-11-15 03:00:00,0.0
2018-11-15 04:00:00,0.0
2018-11-15 05:00:00,3.65
2018-11-15 06:00:00,81.53
2018-11-15 07:00:00,196.6
2018-11-15 08:00:00,324.15
2018-11-15 09:00:00,292.17
2018-11-15 10:00:00,566.95
2018-11-15 11:00:00,562.38
2018-11-15 12:00:00,576.1
2018-11-15 13:00:00,430.73
2018-11-15 14:00:00,270.48
2018-11-15 15:00:00,139.02
2018-11-15 16:00:00,34.83
2018-11-15 17:00:00,0.0
2018-11-15 18:00:00,0.0
2018-11-15 19:00:00,0.0
2018-11-15 20:00:00,0.0
2018-11-15 21:00:00,0.0
2018-11-15 22:00:00,0.0
2018-11-15 23:00:00,0.0
2018-11-16 00:00:00,0.0
2018-11-16 01:00:00,0.0
2018-11-16 02:00:00,0.0
2018-11-16 03:00:00,0.0
2018-11-16 04:00:00,0.0
2018-11-16 05:00:00,2.67
2018-11-16 06:00:00,63.7
2018-11-16 07:00:00,164.45
2018-11-16 08:00:00,293.1
2018-11-16 09:00:00,402.7
2018-11-16 10:00:00,386.83
2018-11-16 11:00:00,488.9
2018-11-16 12:00:00,508.65
2018-11-16 13:00:00,393.67
2018-11-16 14:00:00,279.73
2018-11-16 15:00:00,146.77
2018-11-16 16:00:00,34.35
2018-11-16 17:00:00,0.0
2018-11-16 18:00:00,0.0
2018-11-16 19:00:00,0.0
2018-11-16 20:00:00,0.0
2018-11-16 21:00:00,0.0
2018-11-16 22:00:00,0.0
2018-11-16 23:00:00,0.0
2018-11-17 00:00:00,0.0
2018-11-17 01:00:00,0.0
2018-11-17 02:00:00,0.0
2018-11-17 03:00:00,0.0
2018-11-17 04:00:00,0.0
2018-11-17 05:00:00,4.05
2018-11-17 06:00:00,106.68
2018-11-17 07:00:00,305.17
2018-11-17 08:00:00,509.3
2018-11-17 09:00:00,655.1
2018-11-17 10:00:00,762.12
2018-11-17 11:00:00,765.12
2018-11-17 12:00:00,702.97
2018-11-17 13:00:00,639.0
2018-11-17 14:00:00,450.92
2018-11-17 15:00:00,246.65
2018-11-17 16:00:00,63.53
2018-11-17 17:00:00,0.0
2018-11-17 18:00:00,0.0
2018-11-17 19:00:00,0.0
2018-11-17 20:00:00,0.0
2018-11-17 21:00:00,0.0
2018-11-17 22:00:00,0.0
2018-11-17 23:00:00,0.0
2018-11-18 00:00:00,0.0
2018-11-18 01:00:00,0.0
2018-11-18 02:00:00,0.0
2018-11-18 03:00:00,0.0
2018-11-18 04:00:00,0.0
2018-11-18 05:00:00,4.15
2018-11-18 06:00:00,110.3
2018-11-18 07:00:00,299.65
2018-11-18 08:00:00,503.1
2018-11-18 09:00:00,624.17
2018-11-18 10:00:00,745.08
2018-11-18 11:00:00,788.2
2018-11-18 12:00:00,741.05
2018-11-18 13:00:00,528.92
2018-11-18 14:00:00,457.23
2018-11-18 15:00:00,260.98
2018-11-18 16:00:00,78.32
2018-11-18 17:00:00,0.0
2018-11-18 18:00:00,0.0
2018-11-18 19:00:00,0.0
2018-11-18 20:00:00,0.0
2018-11-18 21:00:00,0.0
2018-11-18 22:00:00,0.0
2018-11-18 23:00:00,0.0
2018-11-19 00:00:00,0.0
2018-11-19 01:00:00,0.0
2018-11-19 02:00:00,0.0
2018-11-19 03:00:00,0.0
2018-11-19 04:00:00,0.0
2018-11-19 05:00:00,4.0
2018-11-19 06:00:00,112.78
2018-11-19 07:00:00,296.6
2018-11-19 08:00:00,472.62
2018-11-19 09:00:00,623.88
2018-11-19 10:00:00,719.38
2018-11-19 11:00:00,744.12
2018-11-19 12:00:00,707.83
2018-11-19 13:00:00,607.92
2018-11-19 14:00:00,477.0
2018-11-19 15:00:00,267.4
2018-11-19 16:00:00,69.07
2018-11-19 17:00:00,0.0
2018-11-19 18:00:00,0.0
2018-11-19 19:00:00,0.0
2018-11-19 20:00:00,0.0
2018-11-19 21:00:00,0.0
2018-11-19 22:00:00,0.0
2018-11-19 23:00:00,0.0
2018-11-20 00:00:00,0.0
2018-11-20 01:00:00,0.0
2018-11-20 02:00:00,0.0
2018-11-20 03:00:00,0.0
2018-11-20 04:00:00,0.0
2018-11-20 05:00:00,2.62
2018-11-20 06:00:00,55.55
2018-11-20 07:00:00,142.88
2018-11-20 08:00:00,223.32
2018-11-20 09:00:00,218.65
2018-11-20 10:00:00,221.35
2018-11-20 11:00:00,180.0
2018-11-20 12:00:00,95.0
2018-11-20 13:00:00,70.8
2018-11-20 14:00:00,83.55
2018-11-20 15:00:00,56.15
2018-11-20 16:00:00,12.15
2018-11-20 17:00:00,0.0
2018-11-20 18:00:00,0.0
2018-11-20 19:00:00,0.0
2018-11-20 20:00:00,0.0
2018-11-20 21:00:00,0.0
2018-11-20 22:00:00,0.0
2018-11-20 23:00:00,0.0
2018-11-21 00:00:00,0.0
2018-11-21 01:00:00,0.0
2018-11-21 02:00:00,0.0
2018-11-21 03:00:00,0.0
2018-11-21 04:00:00,0.0
2018-11-21 05:00:00,2.12
2018-11-21 06:00:00,59.2
2018-11-21 07:00:00,156.27
2018-11-21 08:00:00,125.18
2018-11-21 09:00:00,76.85
2018-11-21 10:00:00,78.75
2018-11-21 11:00:00,61.1
2018-11-21 12:00:00,53.2
2018-11-21 13:00:00,43.3
2018-11-21 14:00:00,31.05
2018-11-21 15:00:00,19.6
2018-11-21 16:00:00,6.57
2018-11-21 17:00:00,0.0
2018-11-21 18:00:00,0.0
2018-11-21 19:00:00,0.0
2018-11-21 20:00:00,0.0
2018-11-21 21:00:00,0.0
2018-11-21 22:00:00,0.0
2018-11-21 23:00:00,0.0
2018-11-22 00:00:00,0.0
2018-11-22 01:00:00,0.0
2018-11-22 02:00:00,0.0
2018-11-22 03:00:00,0.0
2018-11-22 04:00:00,0.0
2018-11-22 05:00:00,2.05
2018-11-22 06:00:00,56.08
2018-11-22 07:00:00,155.1
2018-11-22 08:00:00,240.25
2018-11-22 09:00:00,312.58
2018-11-22 10:00:00,352.4
2018-11-22 11:00:00,142.48
2018-11-22 12:00:00,203.85
2018-11-22 13:00:00,202.82
2018-11-22 14:00:00,152.05
2018-11-22 15:00:00,89.12
2018-11-22 16:00:00,15.68
2018-11-22 17:00:00,0.0
2018-11-22 18:00:00,0.0
2018-11-22 19:00:00,0.0
2018-11-22 20:00:00,0.0
2018-11-22 21:00:00,0.0
2018-11-22 22:00:00,0.0
2018-11-22 23:00:00,0.0
2018-11-23 00:00:00,0.0
2018-11-23 01:00:00,0.0
2018-11-23 02:00:00,0.0
2018-11-23 03:00:00,0.0
2018-11-23 04:00:00,0.0
2018-11-23 05:00:00,0.0
2018-11-23 06:00:00,73.68
2018-11-23 07:00:00,210.85
2018-11-23 08:00:00,357.23
2018-11-23 09:00:00,507.77
2018-11-23 10:00:00,594.1
2018-11-23 11:00:00,654.72
2018-11-23 12:00:00,583.55
2018-11-23 13:00:00,487.8
2018-11-23 14:00:00,374.58
2018-11-23 15:00:00,202.45
2018-11-23 16:00:00,53.1
2018-11-23 17:00:00,0.0
2018-11-23 18:00:00,0.0
2018-11-23 19:00:00,0.0
2018-11-23 20:00:00,0.0
2018-11-23 21:00:00,0.0
2018-11-23 22:00:00,0.0
2018-11-23 23:00:00,0.0
2018-11-24 00:00:00,0.0
2018-11-24 01:00:00,0.0
2018-11-24 02:00:00,0.0
2018-11-24 03:00:00,0.0
2018-11-24 04:00:00,0.0
2018-11-24 05:00:00,0.0
2018-11-24 06:00:00,92.82
2018-11-24 07:00:00,262.35
2018-11-24 08:00:00,448.8
2018-11-24 09:00:00,615.53
2018-11-24 10:00:00,756.6
2018-11-24 11:00:00,785.35
2018-11-24 12:00:00,660.12
2018-11-24 13:00:00,632.38
2018-11-24 14:00:00,457.9
2018-11-24 15:00:00,253.18
2018-11-24 16:00:00,65.9
2018-11-24 17:00:00,0.0
2018-11-24 18:00:00,0.0
2018-11-24 19:00:00,0.0
2018-11-24 20:00:00,0.0
2018-11-24 21:00:00,0.0
2018-11-24 22:00:00,0.0
2018-11-24 23:00:00,0.0
2018-11-25 00:00:00,0.0
2018-11-25 01:00:00,0.0
2018-11-25 02:00:00,0.0
2018-11-25 03:00:00,0.0
2018-11-25 04:00:00,0.0
2018-11-25 05:00:00,0.0
2018-11-25 06:00:00,94.8
2018-11-25 07:00:00,248.32
2018-11-25 08:00:00,409.15
2018-11-25 09:00:00,571.88
2018-11-25 10:00:00,680.83
2018-11-25 11:00:00,752.97
2018-11-25 12:00:00,727.97
2018-11-25 13:00:00,592.5
2018-11-25 14:00:00,434.15
2018-11-25 15:00:00,241.1
2018-11-25 16:00:00,52.05
2018-11-25 17:00:00,0.0
2018-11-25 18:00:00,0.0
2018-11-25 19:00:00,0.0
2018-11-25 20:00:00,0.0
2018-11-25 21:00:00,0.0
2018-11-25 22:00:00,0.0
2018-11-25 23:00:00,0.0
2018-11-26 00:00:00,0.0
2018-11-26 01:00:00,0.0
2018-11-26 02:00:00,0.0
2018-11-26 03:00:00,0.0
2018-11-26 04:00:00,0.0
2018-11-26 05:00:00,0.0
2018-11-26 06:00:00,53.83
2018-11-26 07:00:00,282.85
2018-11-26 08:00:00,495.85
2018-11-26 09:00:00,674.28
2018-11-26 10:00:00,767.35
2018-11-26 11:00:00,797.17
2018-11-26 12:00:00,755.7
2018-11-26 13:00:00,652.95
2018-11-26 14:00:00,474.85
2018-11-26 15:00:00,257.27
2018-11-26 16:00:00,44.62
2018-11-26 17:00:00,0.0
2018-11-26 18:00:00,0.0
2018-11-26 19:00:00,0.0
2018-11-26 20:00:00,0.0
2018-11-26 21:00:00,0.0
2018-11-26 22:00:00,0.0
2018-11-26 23:00:00,0.0
2018-11-27 00:00:00,0.0
2018-11-27 01:00:00,0.0
2018-11-27 02:00:00,0.0
2018-11-27 03:00:00,0.0
2018-11-27 04:00:00,0.0
2018-11-27 05:00:00,0.0
2018-11-27 06:00:00,83.18
2018-11-27 07:00:00,256.12
2018-11-27 08:00:00,458.52
2018-11-27 09:00:00,639.3
2018-11-27 10:00:00,736.9
2018-11-27 11:00:00,812.67
2018-11-27 12:00:00,770.5
2018-11-27 13:00:00,642.22
2018-11-27 14:00:00,481.15
2018-11-27 15:00:00,258.7
2018-11-27 16:00:00,67.25
2018-11-27 17:00:00,0.0
2018-11-27 18:00:00,0.0
2018-11-27 19:00:00,0.0
2018-11-27 20:00:00,0.0
2018-11-27 21:00:00,0.0
2018-11-27 22:00:00,0.0
2018-11-27 23:00:00,0.0
2018-11-28 00:00:00,0.0
2018-11-28 01:00:00,0.0
2018-11-28 02:00:00,0.0
2018-11-28 03:00:00,0.0
2018-11-28 04:00:00,0.0
2018-11-28 05:00:00,0.0
2018-11-28 06:00:00,76.97
2018-11-28 07:00:00,249.07
2018-11-28 08:00:00,450.83
2018-11-28 09:00:00,627.2
2018-11-28 10:00:00,721.28
2018-11-28 11:00:00,784.5
2018-11-28 12:00:00,716.95
2018-11-28 13:00:00,630.67
2018-11-28 14:00:00,437.65
2018-11-28 15:00:00,236.25
2018-11-28 16:00:00,59.92
2018-11-28 17:00:00,0.0
2018-11-28 18:00:00,0.0
2018-11-28 19:00:00,0.0
2018-11-28 20:00:00,0.0
2018-11-28 21:00:00,0.0
2018-11-28 22:00:00,0.0
2018-11-28 23:00:00,0.0
2018-11-29 00:00:00,0.0
2018-11-29 01:00:00,0.0
2018-11-29 02:00:00,0.0
2018-11-29 03:00:00,0.0
2018-11-29 04:00:00,0.0
2018-11-29 05:00:00,0.0
2018-11-29 06:00:00,51.78
2018-11-29 07:00:00,164.02
2018-11-29 08:00:00,306.23
2018-11-29 09:00:00,362.62
2018-11-29 10:00:00,485.0
2018-11-29 11:00:00,468.77
2018-11-29 12:00:00,423.58
2018-11-29 13:00:00,286.7
2018-11-29 14:00:00,257.75
2018-11-29 15:00:00,123.55
2018-11-29 16:00:00,36.72
2018-11-29 17:00:00,0.0
2018-11-29 18:00:00,0.0
2018-11-29 19:00:00,0.0
2018-11-29 20:00:00,0.0
2018-11-29 21:00:00,0.0
2018-11-29 22:00:00,0.0
2018-11-29 23:00:00,0.0
2018-11-30 00:00:00,0.0
2018-11-30 01:00:00,0.0
2018-11-30 02:00:00,0.0
2018-11-30 03:00:00,0.0
2018-11-30 04:00:00,0.0
2018-11-30 05:00:00,0.0
2018-11-30 06:00:00,102.6
2018-11-30 07:00:00,300.58
2018-11-30 08:00:00,497.45
2018-11-30 09:00:00,672.17
2018-11-30 10:00:00,746.47
2018-11-30 11:00:00,755.47
2018-11-30 12:00:00,681.6
2018-11-30 13:00:00,646.85
2018-11-30 14:00:00,489.25
2018-11-30 15:00:00,284.7
2018-11-30 16:00:00,49.9
2018-11-30 17:00:00,0.0
2018-11-30 18:00:00,0.0
2018-11-30 19:00:00,0.0
2018-11-30 20:00:00,0.0
2018-11-30 21:00:00,0.0
2018-11-30 22:00:00,0.0
2018-11-30 23:00:00,0.0
2018-12-01 00:00:00,0.0
2018-12-01 01:00:00,0.0
2018-12-01 02:00:00,0.0
2018-12-01 03:00:00,0.0
2018-12-01 04:00:00,0.0
2018-12-01 05:00:00,0.0
2018-12-01 06:00:00,106.05
2018-12-01 07:00:00,312.55
2018-12-01 08:00:00,532.62
2018-12-01 09:00:00,641.03
2018-12-01 10:00:00,783.6
2018-12-01 11:00:00,842.05
2018-12-01 12:00:00,805.03
2018-12-01 13:00:00,654.2
2018-12-01 14:00:00,503.0
2018-12-01 15:00:00,312.62
2018-12-01 16:00:00,91.12
2018-12-01 17:00:00,0.0
2018-12-01 18:00:00,0.0
2018-12-01 19:00:00,0.0
2018-12-01 20:00:00,0.0
2018-12-01 21:00:00,0.0
2018-12-01 22:00:00,0.0
2018-12-01 23:00:00,0.0
2018-12-02 00:00:00,0.0
2018-12-02 01:00:00,0.0
2018-12-02 02:00:00,0.0
2018-12-02 03:00:00,0.0
2018-12-02 04:00:00,0.0
2018-12-02 05:00:00,0.0
2018-12-02 06:00:00,96.82
2018-12-02 07:00:00,280.38
2018-12-02 08:00:00,478.5
2018-12-02 09:00:00,571.15
2018-12-02 10:00:00,684.85
2018-12-02 11:00:00,727.67
2018-12-02 12:00:00,767.5
2018-12-02 13:00:00,676.58
2018-12-02 14:00:00,485.02
2018-12-02 15:00:00,299.92
2018-12-02 16:00:00,86.78
2018-12-02 17:00:00,0.0
2018-12-02 18:00:00,0.0
2018-12-02 19:00:00,0.0
2018-12-02 20:00:00,0.0
2018-12-02 21:00:00,0.0
2018-12-02 22:00:00,0.0
2018-12-02 23:00:00,0.0
2018-12-03 00:00:00,0.0
2018-12-03 01:00:00,0.0
2018-12-03 02:00:00,0.0
2018-12-03 03:00:00,0.0
2018-12-03 04:00:00,0.0
2018-12-03 05:00:00,0.0
2018-12-03 06:00:00,88.9
2018-12-03 07:00:00,269.12
2018-12-03 08:00:00,462.35
2018-12-03 09:00:00,567.7
2018-12-03 10:00:00,606.08
2018-12-03 11:00:00,629.7
2018-12-03 12:00:00,506.48
2018-12-03 13:00:00,340.9
2018-12-03 14:00:00,138.7
2018-12-03 15:00:00,75.15
2018-12-03 16:00:00,27.35
2018-12-03 17:00:00,0.0
2018-12-03 18:00:00,0.0
2018-12-03 19:00:00,0.0
2018-12-03 20:00:00,0.0
2018-12-03 21:00:00,0.0
2018-12-03 22:00:00,0.0
2018-12-03 23:00:00,0.0
2018-12-04 00:00:00,0.0
2018-12-04 01:00:00,0.0
2018-12-04 02:00:00,0.0
2018-12-04 03:00:00,0.0
2018-12-04 04:00:00,0.0
2018-12-04 05:00:00,0.0
2018-12-04 06:00:00,63.72
2018-12-04 07:00:00,180.45
2018-12-04 08:00:00,338.48
2018-12-04 09:00:00,468.67
2018-12-04 10:00:00,588.42
2018-12-04 11:00:00,640.25
2018-12-04 12:00:00,651.6
2018-12-04 13:00:00,484.33
2018-12-04 14:00:00,360.55
2018-12-04 15:00:00,197.75
2018-12-04 16:00:00,57.22
2018-12-04 17:00:00,0.0
2018-12-04 18:00:00,0.0
2018-12-04 19:00:00,0.0
2018-12-04 20:00:00,0.0
2018-12-04 21:00:00,0.0
2018-12-04 22:00:00,0.0
2018-12-04 23:00:00,0.0
2018-12-05 00:00:00,0.0
2018-12-05 01:00:00,0.0
2018-12-05 02:00:00,0.0
2018-12-05 03:00:00,0.0
2018-12-05 04:00:00,0.0
2018-12-05 05:00:00,0.0
2018-12-05 06:00:00,64.55
2018-12-05 07:00:00,210.38
2018-12-05 08:00:00,390.65
2018-12-05 09:00:00,580.6
2018-12-05 10:00:00,596.92
2018-12-05 11:00:00,640.72
2018-12-05 12:00:00,582.53
2018-12-05 13:00:00,443.95
2018-12-05 14:00:00,367.92
2018-12-05 15:00:00,203.32
2018-12-05 16:00:00,53.58
2018-12-05 17:00:00,0.0
2018-12-05 18:00:00,0.0
2018-12-05 19:00:00,0.0
2018-12-05 20:00:00,0.0
2018-12-05 21:00:00,0.0
2018-12-05 22:00:00,0.0
2018-12-05 23:00:00,0.0
2018-12-06 00:00:00,0.0
2018-12-06 01:00:00,0.0
2018-12-06 02:00:00,0.0
2018-12-06 03:00:00,0.0
2018-12-06 04:00:00,0.0
2018-12-06 05:00:00,0.0
2018-12-06 06:00:00,80.07
2018-12-06 07:00:00,256.6
2018-12-06 08:00:00,436.0
2018-12-06 09:00:00,563.95
2018-12-06 10:00:00,650.97
2018-12-06 11:00:00,735.45
2018-12-06 12:00:00,705.53
2018-12-06 13:00:00,637.5
2018-12-06 14:00:00,486.25
2018-12-06 15:00:00,284.8
2018-12-06 16:00:00,73.4
2018-12-06 17:00:00,0.0
2018-12-06 18:00:00,0.0
2018-12-06 19:00:00,0.0
2018-12-06 20:00:00,0.0
2018-12-06 21:00:00,0.0
2018-12-06 22:00:00,0.0
2018-12-06 23:00:00,0.0
2018-12-07 00:00:00,0.0
2018-12-07 01:00:00,0.0
2018-12-07 02:00:00,0.0
2018-12-07 03:00:00,0.0
2018-12-07 04:00:00,0.0
2018-12-07 05:00:00,0.0
2018-12-07 06:00:00,82.75
2018-12-07 07:00:00,249.4
2018-12-07 08:00:00,411.6
2018-12-07 09:00:00,624.78
2018-12-07 10:00:00,698.83
2018-12-07 11:00:00,760.53
2018-12-07 12:00:00,699.45
2018-12-07 13:00:00,621.85
2018-12-07 14:00:00,445.35
2018-12-07 15:00:00,239.68
2018-12-07 16:00:00,66.43
2018-12-07 17:00:00,0.0
2018-12-07 18:00:00,0.0
2018-12-07 19:00:00,0.0
2018-12-07 20:00:00,0.0
2018-12-07 21:00:00,0.0
2018-12-07 22:00:00,0.0
2018-12-07 23:00:00,0.0
2018-12-08 00:00:00,0.0
2018-12-08 01:00:00,0.0
2018-12-08 02:00:00,0.0
2018-12-08 03:00:00,0.0
2018-12-08 04:00:00,0.0
2018-12-08 05:00:00,0.0
2018-12-08 06:00:00,58.75
2018-12-08 07:00:00,200.25
2018-12-08 08:00:00,355.7
2018-12-08 09:00:00,494.6
2018-12-08 10:00:00,627.62
2018-12-08 11:00:00,666.88
2018-12-08 12:00:00,641.97
2018-12-08 13:00:00,548.85
2018-12-08 14:00:00,398.08
2018-12-08 15:00:00,224.18
2018-12-08 16:00:00,63.12
2018-12-08 17:00:00,0.0
2018-12-08 18:00:00,0.0
2018-12-08 19:00:00,0.0
2018-12-08 20:00:00,0.0
2018-12-08 21:00:00,0.0
2018-12-08 22:00:00,0.0
2018-12-08 23:00:00,0.0
2018-12-09 00:00:00,0.0
2018-12-09 01:00:00,0.0
2018-12-09 02:00:00,0.0
2018-12-09 03:00:00,0.0
2018-12-09 04:00:00,0.0
2018-12-09 05:00:00,0.0
2018-12-09 06:00:00,68.25
2018-12-09 07:00:00,214.98
2018-12-09 08:00:00,361.5
2018-12-09 09:00:00,528.65
2018-12-09 10:00:00,646.15
2018-12-09 11:00:00,693.17
2018-12-09 12:00:00,630.47
2018-12-09 13:00:00,567.17
2018-12-09 14:00:00,411.08
2018-12-09 15:00:00,221.18
2018-12-09 16:00:00,62.72
2018-12-09 17:00:00,0.0
2018-12-09 18:00:00,0.0
2018-12-09 19:00:00,0.0
2018-12-09 20:00:00,0.0
2018-12-09 21:00:00,0.0
2018-12-09 22:00:00,0.0
2018-12-09 23:00:00,0.0
2018-12-10 00:00:00,0.0
2018-12-10 01:00:00,0.0
2018-12-10 02:00:00,0.0
2018-12-10 03:00:00,0.0
2018-12-10 04:00:00,0.0
2018-12-10 05:00:00,0.0
2018-12-10 06:00:00,60.15
2018-12-10 07:00:00,195.55
2018-12-10 08:00:00,354.5
2018-12-10 09:00:00,498.08
2018-12-10 10:00:00,602.4
2018-12-10 11:00:00,654.25
2018-12-10 12:00:00,615.7
2018-12-10 13:00:00,510.83
2018-12-10 14:00:00,373.48
2018-12-10 15:00:00,218.38
2018-12-10 16:00:00,63.72
2018-12-10 17:00:00,0.0
2018-12-10 18:00:00,0.0
2018-12-10 19:00:00,0.0
2018-12-10 20:00:00,0.0
2018-12-10 21:00:00,0.0
2018-12-10 22:00:00,0.0
2018-12-10 23:00:00,0.0
2018-12-11 00:00:00,0.0
2018-12-11 01:00:00,0.0
2018-12-11 02:00:00,0.0
2018-12-11 03:00:00,0.0
2018-12-11 04:00:00,0.0
2018-12-11 05:00:00,0.0
2018-12-11 06:00:00,70.95
2018-12-11 07:00:00,228.57
2018-12-11 08:00:00,412.75
2018-12-11 09:00:00,598.53
2018-12-11 10:00:00,630.92
2018-12-11 11:00:00,743.55
2018-12-11 12:00:00,604.17
2018-12-11 13:00:00,626.17
2018-12-11 14:00:00,456.02
2018-12-11 15:00:00,260.02
2018-12-11 16:00:00,75.4
2018-12-11 17:00:00,0.0
2018-12-11 18:00:00,0.0
2018-12-11 19:00:00,0.0
2018-12-11 20:00:00,0.0
2018-12-11 21:00:00,0.0
2018-12-11 22:00:00,0.0
2018-12-11 23:00:00,0.0
2018-12-12 00:00:00,0.0
2018-12-12 01:00:00,0.0
2018-12-12 02:00:00,0.0
2018-12-12 03:00:00,0.0
2018-12-12 04:00:00,0.0
2018-12-12 05:00:00,0.0
2018-12-12 06:00:00,66.97
2018-12-12 07:00:00,227.1
2018-12-12 08:00:00,401.25
2018-12-12 09:00:00,576.1
2018-12-12 10:00:00,690.78
2018-12-12 11:00:00,728.33
2018-12-12 12:00:00,729.92
2018-12-12 13:00:00,613.25
2018-12-12 14:00:00,398.8
2018-12-12 15:00:00,272.83
2018-12-12 16:00:00,80.32
2018-12-12 17:00:00,0.0
2018-12-12 18:00:00,0.0
2018-12-12 19:00:00,0.0
2018-12-12 20:00:00,0.0
2018-12-12 21:00:00,0.0
2018-12-12 22:00:00,0.0
2018-12-12 23:00:00,0.0
2018-12-13 00:00:00,0.0
2018-12-13 01:00:00,0.0
2018-12-13 02:00:00,0.0
2018-12-13 03:00:00,0.0
2018-12-13 04:00:00,0.0
2018-12-13 05:00:00,0.0
2018-12-13 06:00:00,63.03
2018-12-13 07:00:00,220.88
2018-12-13 08:00:00,393.67
2018-12-13 09:00:00,541.8
2018-12-13 10:00:00,592.08
2018-12-13 11:00:00,603.65
2018-12-13 12:00:00,612.42
2018-12-13 13:00:00,571.08
2018-12-13 14:00:00,448.38
2018-12-13 15:00:00,251.9
2018-12-13 16:00:00,74.25
2018-12-13 17:00:00,0.0
2018-12-13 18:00:00,0.0
2018-12-13 19:00:00,0.0
2018-12-13 20:00:00,0.0
2018-12-13 21:00:00,0.0
2018-12-13 22:00:00,0.0
2018-12-13 23:00:00,0.0
2018-12-14 00:00:00,0.0
2018-12-14 01:00:00,0.0
2018-12-14 02:00:00,0.0
2018-12-14 03:00:00,0.0
2018-12-14 04:00:00,0.0
2018-12-14 05:00:00,0.0
2018-12-14 06:00:00,71.88
2018-12-14 07:00:00,253.38
2018-12-14 08:00:00,441.3
2018-12-14 09:00:00,601.03
2018-12-14 10:00:00,718.05
2018-12-14 11:00:00,778.35
2018-12-14 12:00:00,689.25
2018-12-14 13:00:00,626.88
2018-12-14 14:00:00,462.92
2018-12-14 15:00:00,268.12
2018-12-14 16:00:00,81.85
2018-12-14 17:00:00,0.0
2018-12-14 18:00:00,0.0
2018-12-14 19:00:00,0.0
2018-12-14 20:00:00,0.0
2018-12-14 21:00:00,0.0
2018-12-14 22:00:00,0.0
2018-12-14 23:00:00,0.0
2018-12-15 00:00:00,0.0
2018-12-15 01:00:00,0.0
2018-12-15 02:00:00,0.0
2018-12-15 03:00:00,0.0
2018-12-15 04:00:00,0.0
2018-12-15 05:00:00,0.0
2018-12-15 06:00:00,48.28
2018-12-15 07:00:00,139.65
2018-12-15 08:00:00,262.0
2018-12-15 09:00:00,356.98
2018-12-15 10:00:00,442.8
2018-12-15 11:00:00,461.92
2018-12-15 12:00:00,466.1
2018-12-15 13:00:00,418.38
2018-12-15 14:00:00,266.33
2018-12-15 15:00:00,150.27
2018-12-15 16:00:00,46.35
2018-12-15 17:00:00,0.0
2018-12-15 18:00:00,0.0
2018-12-15 19:00:00,0.0
2018-12-15 20:00:00,0.0
2018-12-15 21:00:00,0.0
2018-12-15 22:00:00,0.0
2018-12-15 23:00:00,0.0
2018-12-16 00:00:00,0.0
2018-12-16 01:00:00,0.0
2018-12-16 02:00:00,0.0
2018-12-16 03:00:00,0.0
2018-12-16 04:00:00,0.0
2018-12-16 05:00:00,0.0
2018-12-16 06:00:00,16.05
2018-12-16 07:00:00,52.28
2018-12-16 08:00:00,95.0
2018-12-16 09:00:00,93.95
2018-12-16 10:00:00,151.93
2018-12-16 11:00:00,127.68
2018-12-16 12:00:00,55.5
2018-12-16 13:00:00,82.05
2018-12-16 14:00:00,57.4
2018-12-16 15:00:00,35.53
2018-12-16 16:00:00,12.27
2018-12-16 17:00:00,0.0
2018-12-16 18:00:00,0.0
2018-12-16 19:00:00,0.0
2018-12-16 20:00:00,0.0
2018-12-16 21:00:00,0.0
2018-12-16 22:00:00,0.0
2018-12-16 23:00:00,0.0
2018-12-17 00:00:00,0.0
2018-12-17 01:00:00,0.0
2018-12-17 02:00:00,0.0
2018-12-17 03:00:00,0.0
2018-12-17 04:00:00,0.0
2018-12-17 05:00:00,0.0
2018-12-17 06:00:00,48.92
2018-12-17 07:00:00,183.73
2018-12-17 08:00:00,356.0
2018-12-17 09:00:00,466.3
2018-12-17 10:00:00,574.88
2018-12-17 11:00:00,613.35
2018-12-17 12:00:00,590.78
2018-12-17 13:00:00,512.6
2018-12-17 14:00:00,387.52
2018-12-17 15:00:00,221.07
2018-12-17 16:00:00,72.8
2018-12-17 17:00:00,0.0
2018-12-17 18:00:00,0.0
2018-12-17 19:00:00,0.0
2018-12-17 20:00:00,0.0
2018-12-17 21:00:00,0.0
2018-12-17 22:00:00,0.0
2018-12-17 23:00:00,0.0
2018-12-18 00:00:00,0.0
2018-12-18 01:00:00,0.0
2018-12-18 02:00:00,0.0
2018-12-18 03:00:00,0.0
2018-12-18 04:00:00,0.0
2018-12-18 05:00:00,0.0
2018-12-18 06:00:00,46.08
2018-12-18 07:00:00,174.73
2018-12-18 08:00:00,331.35
2018-12-18 09:00:00,486.7
2018-12-18 10:00:00,531.42
2018-12-18 11:00:00,654.03
2018-12-18 12:00:00,635.47
2018-12-18 13:00:00,551.85
2018-12-18 14:00:00,444.3
2018-12-18 15:00:00,257.35
2018-12-18 16:00:00,84.8
2018-12-18 17:00:00,0.0
2018-12-18 18:00:00,0.0
2018-12-18 19:00:00,0.0
2018-12-18 20:00:00,0.0
2018-12-18 21:00:00,0.0
2018-12-18 22:00:00,0.0
2018-12-18 23:00:00,0.0
2018-12-19 00:00:00,0.0
2018-12-19 01:00:00,0.0
2018-12-19 02:00:00,0.0
2018-12-19 03:00:00,0.0
2018-12-19 04:00:00,0.0
2018-12-19 05:00:00,0.0
2018-12-19 06:00:00,54.97
2018-12-19 07:00:00,216.73
2018-12-19 08:00:00,412.65
2018-12-19 09:00:00,591.55
2018-12-19 10:00:00,657.3
2018-12-19 11:00:00,761.58
2018-12-19 12:00:00,747.47
2018-12-19 13:00:00,619.9
2018-12-19 14:00:00,500.85
2018-12-19 15:00:00,301.12
2018-12-19 16:00:00,61.5
2018-12-19 17:00:00,0.0
2018-12-19 18:00:00,0.0
2018-12-19 19:00:00,0.0
2018-12-19 20:00:00,0.0
2018-12-19 21:00:00,0.0
2018-12-19 22:00:00,0.0
2018-12-19 23:00:00,0.0
2018-12-20 00:00:00,0.0
2018-12-20 01:00:00,0.0
2018-12-20 02:00:00,0.0
2018-12-20 03:00:00,0.0
2018-12-20 04:00:00,0.0
2018-12-20 05:00:00,0.0
2018-12-20 06:00:00,57.08
2018-12-20 07:00:00,242.77
2018-12-20 08:00:00,449.85
2018-12-20 09:00:00,632.62
2018-12-20 10:00:00,711.88
2018-12-20 11:00:00,787.92
2018-12-20 12:00:00,722.88
2018-12-20 13:00:00,612.3
2018-12-20 14:00:00,488.08
2018-12-20 15:00:00,292.1
2018-12-20 16:00:00,96.75
2018-12-20 17:00:00,0.0
2018-12-20 18:00:00,0.0
2018-12-20 19:00:00,0.0
2018-12-20 20:00:00,0.0
2018-12-20 21:00:00,0.0
2018-12-20 22:00:00,0.0
2018-12-20 23:00:00,0.0
2018-12-21 00:00:00,0.0
2018-12-21 01:00:00,0.0
2018-12-21 02:00:00,0.0
2018-12-21 03:00:00,0.0
2018-12-21 04:00:00,0.0
2018-12-21 05:00:00,0.0
2018-12-21 06:00:00,47.5
2018-12-21 07:00:00,185.95
2018-12-21 08:00:00,356.17
2018-12-21 09:00:00,324.9
2018-12-21 10:00:00,366.12
2018-12-21 11:00:00,434.48
2018-12-21 12:00:00,353.85
2018-12-21 13:00:00,284.62
2018-12-21 14:00:00,224.7
2018-12-21 15:00:00,128.02
2018-12-21 16:00:00,36.97
2018-12-21 17:00:00,0.0
2018-12-21 18:00:00,0.0
2018-12-21 19:00:00,0.0
2018-12-21 20:00:00,0.0
2018-12-21 21:00:00,0.0
2018-12-21 22:00:00,0.0
2018-12-21 23:00:00,0.0
2018-12-22 00:00:00,0.0
2018-12-22 01:00:00,0.0
2018-12-22 02:00:00,0.0
2018-12-22 03:00:00,0.0
2018-12-22 04:00:00,0.0
2018-12-22 05:00:00,0.0
2018-12-22 06:00:00,21.33
2018-12-22 07:00:00,96.28
2018-12-22 08:00:00,236.68
2018-12-22 09:00:00,311.08
2018-12-22 10:00:00,363.77
2018-12-22 11:00:00,437.1
2018-12-22 12:00:00,357.25
2018-12-22 13:00:00,182.8
2018-12-22 14:00:00,202.62
2018-12-22 15:00:00,124.32
2018-12-22 16:00:00,51.05
2018-12-22 17:00:00,0.0
2018-12-22 18:00:00,0.0
2018-12-22 19:00:00,0.0
2018-12-22 20:00:00,0.0
2018-12-22 21:00:00,0.0
2018-12-22 22:00:00,0.0
2018-12-22 23:00:00,0.0
2018-12-23 00:00:00,0.0
2018-12-23 01:00:00,0.0
2018-12-23 02:00:00,0.0
2018-12-23 03:00:00,0.0
2018-12-23 04:00:00,0.0
2018-12-23 05:00:00,0.0
2018-12-23 06:00:00,12.18
2018-12-23 07:00:00,63.2
2018-12-23 08:00:00,149.05
2018-12-23 09:00:00,116.53
2018-12-23 10:00:00,285.02
2018-12-23 11:00:00,311.75
2018-12-23 12:00:00,399.8
2018-12-23 13:00:00,278.98
2018-12-23 14:00:00,255.18
2018-12-23 15:00:00,140.25
2018-12-23 16:00:00,47.03
2018-12-23 17:00:00,0.0
2018-12-23 18:00:00,0.0
2018-12-23 19:00:00,0.0
2018-12-23 20:00:00,0.0
2018-12-23 21:00:00,0.0
2018-12-23 22:00:00,0.0
2018-12-23 23:00:00,0.0
2018-12-24 00:00:00,0.0
2018-12-24 01:00:00,0.0
2018-12-24 02:00:00,0.0
2018-12-24 03:00:00,0.0
2018-12-24 04:00:00,0.0
2018-12-24 05:00:00,0.0
2018-12-24 06:00:00,48.3
2018-12-24 07:00:00,214.02
2018-12-24 08:00:00,390.08
2018-12-24 09:00:00,556.95
2018-12-24 10:00:00,706.25
2018-12-24 11:00:00,511.52
2018-12-24 12:00:00,736.0
2018-12-24 13:00:00,632.35
2018-12-24 14:00:00,424.1
2018-12-24 15:00:00,266.88
2018-12-24 16:00:00,75.88
2018-12-24 17:00:00,0.0
2018-12-24 18:00:00,0.0
2018-12-24 19:00:00,0.0
2018-12-24 20:00:00,0.0
2018-12-24 21:00:00,0.0
2018-12-24 22:00:00,0.0
2018-12-24 23:00:00,0.0
2018-12-25 00:00:00,0.0
2018-12-25 01:00:00,0.0
2018-12-25 02:00:00,0.0
2018-12-25 03:00:00,0.0
2018-12-25 04:00:00,0.0
2018-12-25 05:00:00,0.0
2018-12-25 06:00:00,48.08
2018-12-25 07:00:00,190.8
2018-12-25 08:00:00,368.45
2018-12-25 09:00:00,525.65
2018-12-25 10:00:00,675.78
2018-12-25 11:00:00,741.72
2018-12-25 12:00:00,658.88
2018-12-25 13:00:00,586.62
2018-12-25 14:00:00,427.73
2018-12-25 15:00:00,252.3
2018-12-25 16:00:00,90.78
2018-12-25 17:00:00,0.0
2018-12-25 18:00:00,0.0
2018-12-25 19:00:00,0.0
2018-12-25 20:00:00,0.0
2018-12-25 21:00:00,0.0
2018-12-25 22:00:00,0.0
2018-12-25 23:00:00,0.0
2018-12-26 00:00:00,0.0
2018-12-26 01:00:00,0.0
2018-12-26 02:00:00,0.0
2018-12-26 03:00:00,0.0
2018-12-26 04:00:00,0.0
2018-12-26 05:00:00,0.0
2018-12-26 06:00:00,52.92
2018-12-26 07:00:00,216.7
2018-12-26 08:00:00,393.67
2018-12-26 09:00:00,567.72
2018-12-26 10:00:00,670.8
2018-12-26 11:00:00,557.5
2018-12-26 12:00:00,669.72
2018-12-26 13:00:00,668.15
2018-12-26 14:00:00,517.78
2018-12-26 15:00:00,317.62
2018-12-26 16:00:00,97.97
2018-12-26 17:00:00,0.0
2018-12-26 18:00:00,0.0
2018-12-26 19:00:00,0.0
2018-12-26 20:00:00,0.0
2018-12-26 21:00:00,0.0
2018-12-26 22:00:00,0.0
2018-12-26 23:00:00,0.0
2018-12-27 00:00:00,0.0
2018-12-27 01:00:00,0.0
2018-12-27 02:00:00,0.0
2018-12-27 03:00:00,0.0
2018-12-27 04:00:00,0.0
2018-12-27 05:00:00,0.0
2018-12-27 06:00:00,47.17
2018-12-27 07:00:00,193.05
2018-12-27 08:00:00,352.17
2018-12-27 09:00:00,525.1
2018-12-27 10:00:00,615.05
2018-12-27 11:00:00,717.55
2018-12-27 12:00:00,710.55
2018-12-27 13:00:00,631.92
2018-12-27 14:00:00,454.45
2018-12-27 15:00:00,290.08
2018-12-27 16:00:00,104.1
2018-12-27 17:00:00,0.0
2018-12-27 18:00:00,0.0
2018-12-27 19:00:00,0.0
2018-12-27 20:00:00,0.0
2018-12-27 21:00:00,0.0
2018-12-27 22:00:00,0.0
2018-12-27 23:00:00,0.0
2018-12-28 00:00:00,0.0
2018-12-28 01:00:00,0.0
2018-12-28 02:00:00,0.0
2018-12-28 03:00:00,0.0
2018-12-28 04:00:00,0.0
2018-12-28 05:00:00,0.0
2018-12-28 06:00:00,35.45
2018-12-28 07:00:00,160.0
2018-12-28 08:00:00,315.62
2018-12-28 09:00:00,513.35
2018-12-28 10:00:00,590.97
2018-12-28 11:00:00,643.05
2018-12-28 12:00:00,616.38
2018-12-28 13:00:00,533.12
2018-12-28 14:00:00,403.27
2018-12-28 15:00:00,229.57
2018-12-28 16:00:00,73.03
2018-12-28 17:00:00,2.55
2018-12-28 18:00:00,0.0
2018-12-28 19:00:00,0.0
2018-12-28 20:00:00,0.0
2018-12-28 21:00:00,0.0
2018-12-28 22:00:00,0.0
2018-12-28 23:00:00,0.0
2018-12-29 00:00:00,0.0
2018-12-29 01:00:00,0.0
2018-12-29 02:00:00,0.0
2018-12-29 03:00:00,0.0
2018-12-29 04:00:00,0.0
2018-12-29 05:00:00,0.0
2018-12-29 06:00:00,31.3
2018-12-29 07:00:00,148.73
2018-12-29 08:00:00,298.25
2018-12-29 09:00:00,416.55
2018-12-29 10:00:00,523.33
2018-12-29 11:00:00,480.88
2018-12-29 12:00:00,465.7
2018-12-29 13:00:00,528.72
2018-12-29 14:00:00,337.8
2018-12-29 15:00:00,186.15
2018-12-29 16:00:00,57.7
2018-12-29 17:00:00,2.55
2018-12-29 18:00:00,0.0
2018-12-29 19:00:00,0.0
2018-12-29 20:00:00,0.0
2018-12-29 21:00:00,0.0
2018-12-29 22:00:00,0.0
2018-12-29 23:00:00,0.0
2018-12-30 00:00:00,0.0
2018-12-30 01:00:00,0.0
2018-12-30 02:00:00,0.0
2018-12-30 03:00:00,0.0
2018-12-30 04:00:00,0.0
2018-12-30 05:00:00,0.0
2018-12-30 06:00:00,40.38
2018-12-30 07:00:00,185.48
2018-12-30 08:00:00,355.42
2018-12-30 09:00:00,479.2
2018-12-30 10:00:00,519.65
2018-12-30 11:00:00,605.35
2018-12-30 12:00:00,641.75
2018-12-30 13:00:00,599.62
2018-12-30 14:00:00,483.58
2018-12-30 15:00:00,294.42
2018-12-30 16:00:00,102.15
2018-12-30 17:00:00,3.55
2018-12-30 18:00:00,0.0
2018-12-30 19:00:00,0.0
2018-12-30 20:00:00,0.0
2018-12-30 21:00:00,0.0
2018-12-30 22:00:00,0.0
2018-12-30 23:00:00,0.0
2018-12-31 00:00:00,0.0
2018-12-31 01:00:00,0.0
2018-12-31 02:00:00,0.0
2018-12-31 03:00:00,0.0
2018-12-31 04:00:00,0.0
2018-12-31 05:00:00,0.0
2018-12-31 06:00:00,41.03
2018-12-31 07:00:00,211.05
2018-12-31 08:00:00,418.65
2018-12-31 09:00:00,604.67
2018-12-31 10:00:00,723.7
2018-12-31 11:00:00,757.75
2018-12-31 12:00:00,754.33
2018-12-31 13:00:00,662.08
2018-12-31 14:00:00,454.5
2018-12-31 15:00:00,276.38
2018-12-31 16:00:00,77.62
2018-12-31 17:00:00,3.92
2018-12-31 18:00:00,0.0
2018-12-31 19:00:00,0.0
2018-12-31 20:00:00,0.0
2018-12-31 21:00:00,0.0
2018-12-31 22:00:00,0.0
2018-12-31 23:00:00,0.0
