timestamp,ghi
2020-01-01 00:00:00,0.0
2020-01-01 01:00:00,0.0
2020-01-01 02:00:00,0.0
2020-01-01 03:00:00,0.0
2020-01-01 04:00:00,0.0
2020-01-01 05:00:00,0.0
2020-01-01 06:00:00,18.4
2020-01-01 07:00:00,115.88
2020-01-01 08:00:00,228.57
2020-01-01 09:00:00,340.9
2020-01-01 10:00:00,409.52
2020-01-01 11:00:00,440.3
2020-01-01 12:00:00,492.62
2020-01-01 13:00:00,426.0
2020-01-01 14:00:00,284.9
2020-01-01 15:00:00,171.18
2020-01-01 16:00:00,57.03
2020-01-01 17:00:00,2.3
2020-01-01 18:00:00,0.0
2020-01-01 19:00:00,0.0
2020-01-01 20:00:00,0.0
2020-01-01 21:00:00,0.0
2020-01-01 22:00:00,0.0
2020-01-01 23:00:00,0.0
2020-01-02 00:00:00,0.0
2020-01-02 01:00:00,0.0
2020-01-02 02:00:00,0.0
2020-01-02 03:00:00,0.0
2020-01-02 04:00:00,0.0
2020-01-02 05:00:00,0.0
2020-01-02 06:00:00,54.83
2020-01-02 07:00:00,244.32
2020-01-02 08:00:00,445.67
2020-01-02 09:00:00,611.05
2020-01-02 10:00:00,688.95
2020-01-02 11:00:00,756.9
2020-01-02 12:00:00,760.78
2020-01-02 13:00:00,653.03
2020-01-02 14:00:00,494.77
2020-01-02 15:00:00,303.88
2020-01-02 16:00:00,109.55
2020-01-02 17:00:00,4.45
2020-01-02 18:00:00,0.0
2020-01-02 19:00:00,0.0
2020-01-02 20:00:00,0.0
2020-01-02 21:00:00,0.0
2020-01-02 22:00:00,0.0
2020-01-02 23:00:00,0.0
2020-01-03 00:00:00,0.0
2020-01-03 01:00:00,0.0
2020-01-03 02:00:00,0.0
2020-01-03 03:00:00,0.0
2020-01-03 04:00:00,0.0
2020-01-03 05:00:00,0.0
2020-01-03 06:00:00,52.33
2020-01-03 07:00:00,229.27
2020-01-03 08:00:00,420.65
2020-01-03 09:00:00,607.92
2020-01-03 10:00:00,746.1
2020-01-03 11:00:00,781.15
2020-01-03 12:00:00,748.83
2020-01-03 13:00:00,669.2
2020-01-03 14:00:00,512.78
2020-01-03 15:00:00,320.98
2020-01-03 16:00:00,119.75
2020-01-03 17:00:00,4.9
2020-01-03 18:00:00,0.0
2020-01-03 19:00:00,0.0
2020-01-03 20:00:00,0.0
2020-01-03 21:00:00,0.0
2020-01-03 22:00:00,0.0
2020-01-03 23:00:00,0.0
2020-01-04 00:00:00,0.0
2020-01-04 01:00:00,0.0
2020-01-04 02:00:00,0.0
2020-01-04 03:00:00,0.0
2020-01-04 04:00:00,0.0
2020-01-04 05:00:00,0.0
2020-01-04 06:00:00,47.78
2020-01-04 07:00:00,223.5
2020-01-04 08:00:00,424.52
2020-01-04 09:00:00,627.95
2020-01-04 10:00:00,734.45
2020-01-04 11:00:00,772.78
2020-01-04 12:00:00,763.17
2020-01-04 13:00:00,671.58
2020-01-04 14:00:00,539.2
2020-01-04 15:00:00,337.7
2020-01-04 16:00:00,127.78
2020-01-04 17:00:00,5.12
2020-01-04 18:00:00,0.0
2020-01-04 19:00:00,0.0
2020-01-04 20:00:00,0.0
2020-01-04 21:00:00,0.0
2020-01-04 22:00:00,0.0
2020-01-04 23:00:00,0.0
2020-01-05 00:00:00,0.0
2020-01-05 01:00:00,0.0
2020-01-05 02:00:00,0.0
2020-01-05 03:00:00,0.0
2020-01-05 04:00:00,0.0
2020-01-05 05:00:00,0.0
2020-01-05 06:00:00,41.85
2020-01-05 07:00:00,198.88
2020-01-05 08:00:00,384.25
2020-01-05 09:00:00,564.03
2020-01-05 10:00:00,692.5
2020-01-05 11:00:00,735.2
2020-01-05 12:00:00,748.42
2020-01-05 13:00:00,681.58
2020-01-05 14:00:00,518.4
2020-01-05 15:00:00,317.92
2020-01-05 16:00:00,114.75
2020-01-05 17:00:00,5.05
2020-01-05 18:00:00,0.0
2020-01-05 19:00:00,0.0
2020-01-05 20:00:00,0.0
2020-01-05 21:00:00,0.0
2020-01-05 22:00:00,0.0
2020-01-05 23:00:00,0.0
2020-01-06 00:00:00,0.0
2020-01-06 01:00:00,0.0
2020-01-06 02:00:00,0.0
2020-01-06 03:00:00,0.0
2020-01-06 04:00:00,0.0
2020-01-06 05:00:00,0.0
2020-01-06 06:00:00,39.53
2020-01-06 07:00:00,201.15
2020-01-06 08:00:00,393.02
2020-01-06 09:00:00,581.38
2020-01-06 10:00:00,688.4
2020-01-06 11:00:00,756.58
2020-01-06 12:00:00,721.67
2020-01-06 13:00:00,660.58
2020-01-06 14:00:00,480.3
2020-01-06 15:00:00,292.48
2020-01-06 16:00:00,107.9
2020-01-06 17:00:00,5.57
2020-01-06 18:00:00,0.0
2020-01-06 19:00:00,0.0
2020-01-06 20:00:00,0.0
2020-01-06 21:00:00,0.0
2020-01-06 22:00:00,0.0
2020-01-06 23:00:00,0.0
2020-01-07 00:00:00,0.0
2020-01-07 01:00:00,0.0
2020-01-07 02:00:00,0.0
2020-01-07 03:00:00,0.0
2020-01-07 04:00:00,0.0
2020-01-07 05:00:00,0.0
2020-01-07 06:00:00,44.8
2020-01-07 07:00:00,227.43
2020-01-07 08:00:00,429.15
2020-01-07 09:00:00,620.22
2020-01-07 10:00:00,749.47
2020-01-07 11:00:00,808.05
2020-01-07 12:00:00,789.03
2020-01-07 13:00:00,673.1
2020-01-07 14:00:00,519.75
2020-01-07 15:00:00,331.25
2020-01-07 16:00:00,131.52
2020-01-07 17:00:00,6.18
2020-01-07 18:00:00,0.0
2020-01-07 19:00:00,0.0
2020-01-07 20:00:00,0.0
2020-01-07 21:00:00,0.0
2020-01-07 22:00:00,0.0
2020-01-07 23:00:00,0.0
2020-01-08 00:00:00,0.0
2020-01-08 01:00:00,0.0
2020-01-08 02:00:00,0.0
2020-01-08 03:00:00,0.0
2020-01-08 04:00:00,0.0
2020-01-08 05:00:00,0.0
2020-01-08 06:00:00,44.95
2020-01-08 07:00:00,222.38
2020-01-08 08:00:00,426.62
2020-01-08 09:00:00,605.78
2020-01-08 10:00:00,740.55
2020-01-08 11:00:00,817.95
2020-01-08 12:00:00,809.97
2020-01-08 13:00:00,681.25
2020-01-08 14:00:00,543.72
2020-01-08 15:00:00,352.77
2020-01-08 16:00:00,143.6
2020-01-08 17:00:00,6.97
2020-01-08 18:00:00,0.0
2020-01-08 19:00:00,0.0
2020-01-08 20:00:00,0.0
2020-01-08 21:00:00,0.0
2020-01-08 22:00:00,0.0
2020-01-08 23:00:00,0.0
2020-01-09 00:00:00,0.0
2020-01-09 01:00:00,0.0
2020-01-09 02:00:00,0.0
2020-01-09 03:00:00,0.0
2020-01-09 04:00:00,0.0
2020-01-09 05:00:00,0.0
2020-01-09 06:00:00,55.7
2020-01-09 07:00:00,267.12
2020-01-09 08:00:00,494.27
2020-01-09 09:00:00,649.08
2020-01-09 10:00:00,778.35
2020-01-09 11:00:00,843.2
2020-01-09 12:00:00,858.88
2020-01-09 13:00:00,754.97
2020-01-09 14:00:00,594.03
2020-01-09 15:00:00,381.65
2020-01-09 16:00:00,151.9
2020-01-09 17:00:00,7.43
2020-01-09 18:00:00,0.0
2020-01-09 19:00:00,0.0
2020-01-09 20:00:00,0.0
2020-01-09 21:00:00,0.0
2020-01-09 22:00:00,0.0
2020-01-09 23:00:00,0.0
2020-01-10 00:00:00,0.0
2020-01-10 01:00:00,0.0
2020-01-10 02:00:00,0.0
2020-01-10 03:00:00,0.0
2020-01-10 04:00:00,0.0
2020-01-10 05:00:00,0.0
2020-01-10 06:00:00,45.78
2020-01-10 07:00:00,229.18
2020-01-10 08:00:00,452.75
2020-01-10 09:00:00,622.0
2020-01-10 10:00:00,737.05
2020-01-10 11:00:00,833.42
2020-01-10 12:00:00,826.22
2020-01-10 13:00:00,698.55
2020-01-10 14:00:00,555.75
2020-01-10 15:00:00,342.95
2020-01-10 16:00:00,133.8
2020-01-10 17:00:00,7.38
2020-01-10 18:00:00,0.0
2020-01-10 19:00:00,0.0
2020-01-10 20:00:00,0.0
2020-01-10 21:00:00,0.0
2020-01-10 22:00:00,0.0
2020-01-10 23:00:00,0.0
2020-01-11 00:00:00,0.0
2020-01-11 01:00:00,0.0
2020-01-11 02:00:00,0.0
2020-01-11 03:00:00,0.0
2020-01-11 04:00:00,0.0
2020-01-11 05:00:00,0.0
2020-01-11 06:00:00,45.0
2020-01-11 07:00:00,236.05
2020-01-11 08:00:00,455.25
2020-01-11 09:00:00,651.45
2020-01-11 10:00:00,772.78
2020-01-11 11:00:00,829.5
2020-01-11 12:00:00,830.35
2020-01-11 13:00:00,743.85
2020-01-11 14:00:00,588.8
2020-01-11 15:00:00,382.65
2020-01-11 16:00:00,146.98
2020-01-11 17:00:00,7.75
2020-01-11 18:00:00,0.0
2020-01-11 19:00:00,0.0
2020-01-11 20:00:00,0.0
2020-01-11 21:00:00,0.0
2020-01-11 22:00:00,0.0
2020-01-11 23:00:00,0.0
2020-01-12 00:00:00,0.0
2020-01-12 01:00:00,0.0
2020-01-12 02:00:00,0.0
2020-01-12 03:00:00,0.0
2020-01-12 04:00:00,0.0
2020-01-12 05:00:00,0.0
2020-01-12 06:00:00,37.17
2020-01-12 07:00:00,180.55
2020-01-12 08:00:00,345.2
2020-01-12 09:00:00,528.67
2020-01-12 10:00:00,697.33
2020-01-12 11:00:00,737.83
2020-01-12 12:00:00,742.2
2020-01-12 13:00:00,672.92
2020-01-12 14:00:00,520.28
2020-01-12 15:00:00,329.52
2020-01-12 16:00:00,116.15
2020-01-12 17:00:00,7.03
2020-01-12 18:00:00,0.0
2020-01-12 19:00:00,0.0
2020-01-12 20:00:00,0.0
2020-01-12 21:00:00,0.0
2020-01-12 22:00:00,0.0
2020-01-12 23:00:00,0.0
2020-01-13 00:00:00,0.0
2020-01-13 01:00:00,0.0
2020-01-13 02:00:00,0.0
2020-01-13 03:00:00,0.0
2020-01-13 04:00:00,0.0
2020-01-13 05:00:00,0.0
2020-01-13 06:00:00,44.28
2020-01-13 07:00:00,226.98
2020-01-13 08:00:00,431.5
2020-01-13 09:00:00,633.62
2020-01-13 10:00:00,774.55
2020-01-13 11:00:00,834.8
2020-01-13 12:00:00,780.4
2020-01-13 13:00:00,730.38
2020-01-13 14:00:00,575.9
2020-01-13 15:00:00,345.77
2020-01-13 16:00:00,126.97
2020-01-13 17:00:00,7.8
2020-01-13 18:00:00,0.0
2020-01-13 19:00:00,0.0
2020-01-13 20:00:00,0.0
2020-01-13 21:00:00,0.0
2020-01-13 22:00:00,0.0
2020-01-13 23:00:00,0.0
2020-01-14 00:00:00,0.0
2020-01-14 01:00:00,0.0
2020-01-14 02:00:00,0.0
2020-01-14 03:00:00,0.0
2020-01-14 04:00:00,0.0
2020-01-14 05:00:00,0.0
2020-01-14 06:00:00,47.25
2020-01-14 07:00:00,251.02
2020-01-14 08:00:00,480.92
2020-01-14 09:00:00,668.83
2020-01-14 10:00:00,786.08
2020-01-14 11:00:00,840.4
2020-01-14 12:00:00,821.95
2020-01-14 13:00:00,741.45
2020-01-14 14:00:00,583.88
2020-01-14 15:00:00,373.52
2020-01-14 16:00:00,146.85
2020-01-14 17:00:00,8.6
2020-01-14 18:00:00,0.0
2020-01-14 19:00:00,0.0
2020-01-14 20:00:00,0.0
2020-01-14 21:00:00,0.0
2020-01-14 22:00:00,0.0
2020-01-14 23:00:00,0.0
2020-01-15 00:00:00,0.0
2020-01-15 01:00:00,0.0
2020-01-15 02:00:00,0.0
2020-01-15 03:00:00,0.0
2020-01-15 04:00:00,0.0
2020-01-15 05:00:00,0.0
2020-01-15 06:00:00,49.47
2020-01-15 07:00:00,240.98
2020-01-15 08:00:00,452.27
2020-01-15 09:00:00,637.55
2020-01-15 10:00:00,745.8
2020-01-15 11:00:00,821.53
2020-01-15 12:00:00,811.28
2020-01-15 13:00:00,727.92
2020-01-15 14:00:00,586.6
2020-01-15 15:00:00,380.02
2020-01-15 16:00:00,157.73
2020-01-15 17:00:00,9.9
2020-01-15 18:00:00,0.0
2020-01-15 19:00:00,0.0
2020-01-15 20:00:00,0.0
2020-01-15 21:00:00,0.0
2020-01-15 22:00:00,0.0
2020-01-15 23:00:00,0.0
2020-01-16 00:00:00,0.0
2020-01-16 01:00:00,0.0
2020-01-16 02:00:00,0.0
2020-01-16 03:00:00,0.0
2020-01-16 04:00:00,0.0
2020-01-16 05:00:00,0.0
2020-01-16 06:00:00,43.45
2020-01-16 07:00:00,233.27
2020-01-16 08:00:00,451.9
2020-01-16 09:00:00,653.15
2020-01-16 10:00:00,788.0
2020-01-16 11:00:00,833.38
2020-01-16 12:00:00,821.05
2020-01-16 13:00:00,735.75
2020-01-16 14:00:00,584.83
2020-01-16 15:00:00,378.2
2020-01-16 16:00:00,155.32
2020-01-16 17:00:00,9.9
2020-01-16 18:00:00,0.0
2020-01-16 19:00:00,0.0
2020-01-16 20:00:00,0.0
2020-01-16 21:00:00,0.0
2020-01-16 22:00:00,0.0
2020-01-16 23:00:00,0.0
2020-01-17 00:00:00,0.0
2020-01-17 01:00:00,0.0
2020-01-17 02:00:00,0.0
2020-01-17 03:00:00,0.0
2020-01-17 04:00:00,0.0
2020-01-17 05:00:00,0.0
2020-01-17 06:00:00,39.6
2020-01-17 07:00:00,208.05
2020-01-17 08:00:00,409.58
2020-01-17 09:00:00,528.72
2020-01-17 10:00:00,424.95
2020-01-17 11:00:00,559.05
2020-01-17 12:00:00,460.15
2020-01-17 13:00:00,515.45
2020-01-17 14:00:00,351.8
2020-01-17 15:00:00,204.75
2020-01-17 16:00:00,67.85
2020-01-17 17:00:00,4.15
2020-01-17 18:00:00,0.0
2020-01-17 19:00:00,0.0
2020-01-17 20:00:00,0.0
2020-01-17 21:00:00,0.0
2020-01-17 22:00:00,0.0
2020-01-17 23:00:00,0.0
2020-01-18 00:00:00,0.0
2020-01-18 01:00:00,0.0
2020-01-18 02:00:00,0.0
2020-01-18 03:00:00,0.0
2020-01-18 04:00:00,0.0
2020-01-18 05:00:00,0.0
2020-01-18 06:00:00,18.15
2020-01-18 07:00:00,120.03
2020-01-18 08:00:00,258.73
2020-01-18 09:00:00,469.15
2020-01-18 10:00:00,470.92
2020-01-18 11:00:00,631.4
2020-01-18 12:00:00,727.95
2020-01-18 13:00:00,612.03
2020-01-18 14:00:00,468.52
2020-01-18 15:00:00,291.6
2020-01-18 16:00:00,119.53
2020-01-18 17:00:00,9.57
2020-01-18 18:00:00,0.0
2020-01-18 19:00:00,0.0
2020-01-18 20:00:00,0.0
2020-01-18 21:00:00,0.0
2020-01-18 22:00:00,0.0
2020-01-18 23:00:00,0.0
2020-01-19 00:00:00,0.0
2020-01-19 01:00:00,0.0
2020-01-19 02:00:00,0.0
2020-01-19 03:00:00,0.0
2020-01-19 04:00:00,0.0
2020-01-19 05:00:00,0.0
2020-01-19 06:00:00,37.08
2020-01-19 07:00:00,211.43
2020-01-19 08:00:00,432.88
2020-01-19 09:00:00,618.65
2020-01-19 10:00:00,736.8
2020-01-19 11:00:00,853.53
2020-01-19 12:00:00,783.62
2020-01-19 13:00:00,752.2
2020-01-19 14:00:00,608.8
2020-01-19 15:00:00,404.75
2020-01-19 16:00:00,176.27
2020-01-19 17:00:00,12.0
2020-01-19 18:00:00,0.0
2020-01-19 19:00:00,0.0
2020-01-19 20:00:00,0.0
2020-01-19 21:00:00,0.0
2020-01-19 22:00:00,0.0
2020-01-19 23:00:00,0.0
2020-01-20 00:00:00,0.0
2020-01-20 01:00:00,0.0
2020-01-20 02:00:00,0.0
2020-01-20 03:00:00,0.0
2020-01-20 04:00:00,0.0
2020-01-20 05:00:00,0.0
2020-01-20 06:00:00,39.15
2020-01-20 07:00:00,203.3
2020-01-20 08:00:00,489.77
2020-01-20 09:00:00,628.28
2020-01-20 10:00:00,814.25
2020-01-20 11:00:00,859.5
2020-01-20 12:00:00,830.8
2020-01-20 13:00:00,746.88
2020-01-20 14:00:00,591.15
2020-01-20 15:00:00,386.67
2020-01-20 16:00:00,164.88
2020-01-20 17:00:00,11.55
2020-01-20 18:00:00,0.0
2020-01-20 19:00:00,0.0
2020-01-20 20:00:00,0.0
2020-01-20 21:00:00,0.0
2020-01-20 22:00:00,0.0
2020-01-20 23:00:00,0.0
2020-01-21 00:00:00,0.0
2020-01-21 01:00:00,0.0
2020-01-21 02:00:00,0.0
2020-01-21 03:00:00,0.0
2020-01-21 04:00:00,0.0
2020-01-21 05:00:00,0.0
2020-01-21 06:00:00,45.75
2020-01-21 07:00:00,239.52
2020-01-21 08:00:00,458.1
2020-01-21 09:00:00,637.55
2020-01-21 10:00:00,771.1
2020-01-21 11:00:00,834.1
2020-01-21 12:00:00,830.9
2020-01-21 13:00:00,736.9
2020-01-21 14:00:00,580.53
2020-01-21 15:00:00,381.33
2020-01-21 16:00:00,162.8
2020-01-21 17:00:00,11.73
2020-01-21 18:00:00,0.0
2020-01-21 19:00:00,0.0
2020-01-21 20:00:00,0.0
2020-01-21 21:00:00,0.0
2020-01-21 22:00:00,0.0
2020-01-21 23:00:00,0.0
2020-01-22 00:00:00,0.0
2020-01-22 01:00:00,0.0
2020-01-22 02:00:00,0.0
2020-01-22 03:00:00,0.0
2020-01-22 04:00:00,0.0
2020-01-22 05:00:00,0.0
2020-01-22 06:00:00,31.3
2020-01-22 07:00:00,180.15
2020-01-22 08:00:00,386.08
2020-01-22 09:00:00,548.4
2020-01-22 10:00:00,641.53
2020-01-22 11:00:00,767.08
2020-01-22 12:00:00,724.17
2020-01-22 13:00:00,650.25
2020-01-22 14:00:00,514.45
2020-01-22 15:00:00,325.8
2020-01-22 16:00:00,134.75
2020-01-22 17:00:00,10.7
2020-01-22 18:00:00,0.0
2020-01-22 19:00:00,0.0
2020-01-22 20:00:00,0.0
2020-01-22 21:00:00,0.0
2020-01-22 22:00:00,0.0
2020-01-22 23:00:00,0.0
2020-01-23 00:00:00,0.0
2020-01-23 01:00:00,0.0
2020-01-23 02:00:00,0.0
2020-01-23 03:00:00,0.0
2020-01-23 04:00:00,0.0
2020-01-23 05:00:00,0.0
2020-01-23 06:00:00,32.53
2020-01-23 07:00:00,184.82
2020-01-23 08:00:00,375.38
2020-01-23 09:00:00,558.7
2020-01-23 10:00:00,666.92
2020-01-23 11:00:00,813.92
2020-01-23 12:00:00,817.42
2020-01-23 13:00:00,735.12
2020-01-23 14:00:00,578.92
2020-01-23 15:00:00,381.9
2020-01-23 16:00:00,154.68
2020-01-23 17:00:00,11.57
2020-01-23 18:00:00,0.0
2020-01-23 19:00:00,0.0
2020-01-23 20:00:00,0.0
2020-01-23 21:00:00,0.0
2020-01-23 22:00:00,0.0
2020-01-23 23:00:00,0.0
2020-01-24 00:00:00,0.0
2020-01-24 01:00:00,0.0
2020-01-24 02:00:00,0.0
2020-01-24 03:00:00,0.0
2020-01-24 04:00:00,0.0
2020-01-24 05:00:00,0.0
2020-01-24 06:00:00,47.85
2020-01-24 07:00:00,251.12
2020-01-24 08:00:00,471.83
2020-01-24 09:00:00,683.17
2020-01-24 10:00:00,804.97
2020-01-24 11:00:00,874.85
2020-01-24 12:00:00,868.9
2020-01-24 13:00:00,705.08
2020-01-24 14:00:00,588.88
2020-01-24 15:00:00,379.95
2020-01-24 16:00:00,154.45
2020-01-24 17:00:00,12.43
2020-01-24 18:00:00,0.0
2020-01-24 19:00:00,0.0
2020-01-24 20:00:00,0.0
2020-01-24 21:00:00,0.0
2020-01-24 22:00:00,0.0
2020-01-24 23:00:00,0.0
2020-01-25 00:00:00,0.0
2020-01-25 01:00:00,0.0
2020-01-25 02:00:00,0.0
2020-01-25 03:00:00,0.0
2020-01-25 04:00:00,0.0
2020-01-25 05:00:00,0.0
2020-01-25 06:00:00,43.78
2020-01-25 07:00:00,236.9
2020-01-25 08:00:00,469.38
2020-01-25 09:00:00,706.17
2020-01-25 10:00:00,840.8
2020-01-25 11:00:00,901.85
2020-01-25 12:00:00,897.65
2020-01-25 13:00:00,780.35
2020-01-25 14:00:00,641.65
2020-01-25 15:00:00,425.67
2020-01-25 16:00:00,182.45
2020-01-25 17:00:00,14.9
2020-01-25 18:00:00,0.0
2020-01-25 19:00:00,0.0
2020-01-25 20:00:00,0.0
2020-01-25 21:00:00,0.0
2020-01-25 22:00:00,0.0
2020-01-25 23:00:00,0.0
2020-01-26 00:00:00,0.0
2020-01-26 01:00:00,0.0
2020-01-26 02:00:00,0.0
2020-01-26 03:00:00,0.0
2020-01-26 04:00:00,0.0
2020-01-26 05:00:00,0.0
2020-01-26 06:00:00,49.95
2020-01-26 07:00:00,254.48
2020-01-26 08:00:00,466.35
2020-01-26 09:00:00,696.53
2020-01-26 10:00:00,832.2
2020-01-26 11:00:00,891.75
2020-01-26 12:00:00,875.78
2020-01-26 13:00:00,772.08
2020-01-26 14:00:00,624.45
2020-01-26 15:00:00,414.35
2020-01-26 16:00:00,178.07
2020-01-26 17:00:00,13.7
2020-01-26 18:00:00,0.0
2020-01-26 19:00:00,0.0
2020-01-26 20:00:00,0.0
2020-01-26 21:00:00,0.0
2020-01-26 22:00:00,0.0
2020-01-26 23:00:00,0.0
2020-01-27 00:00:00,0.0
2020-01-27 01:00:00,0.0
2020-01-27 02:00:00,0.0
2020-01-27 03:00:00,0.0
2020-01-27 04:00:00,0.0
2020-01-27 05:00:00,0.0
2020-01-27 06:00:00,43.03
2020-01-27 07:00:00,242.95
2020-01-27 08:00:00,466.65
2020-01-27 09:00:00,665.47
2020-01-27 10:00:00,803.88
2020-01-27 11:00:00,842.58
2020-01-27 12:00:00,825.8
2020-01-27 13:00:00,743.7
2020-01-27 14:00:00,586.25
2020-01-27 15:00:00,379.33
2020-01-27 16:00:00,158.38
2020-01-27 17:00:00,12.77
2020-01-27 18:00:00,0.0
2020-01-27 19:00:00,0.0
2020-01-27 20:00:00,0.0
2020-01-27 21:00:00,0.0
2020-01-27 22:00:00,0.0
2020-01-27 23:00:00,0.0
2020-01-28 00:00:00,0.0
2020-01-28 01:00:00,0.0
2020-01-28 02:00:00,0.0
2020-01-28 03:00:00,0.0
2020-01-28 04:00:00,0.0
2020-01-28 05:00:00,0.0
2020-01-28 06:00:00,38.7
2020-01-28 07:00:00,213.23
2020-01-28 08:00:00,426.98
2020-01-28 09:00:00,618.7
2020-01-28 10:00:00,745.38
2020-01-28 11:00:00,820.28
2020-01-28 12:00:00,822.4
2020-01-28 13:00:00,753.3
2020-01-28 14:00:00,599.72
2020-01-28 15:00:00,398.73
2020-01-28 16:00:00,170.32
2020-01-28 17:00:00,13.05
2020-01-28 18:00:00,0.0
2020-01-28 19:00:00,0.0
2020-01-28 20:00:00,0.0
2020-01-28 21:00:00,0.0
2020-01-28 22:00:00,0.0
2020-01-28 23:00:00,0.0
2020-01-29 00:00:00,0.0
2020-01-29 01:00:00,0.0
2020-01-29 02:00:00,0.0
2020-01-29 03:00:00,0.0
2020-01-29 04:00:00,0.0
2020-01-29 05:00:00,0.0
2020-01-29 06:00:00,44.0
2020-01-29 07:00:00,239.77
2020-01-29 08:00:00,458.83
2020-01-29 09:00:00,637.03
2020-01-29 10:00:00,812.7
2020-01-29 11:00:00,872.03
2020-01-29 12:00:00,835.78
2020-01-29 13:00:00,774.65
2020-01-29 14:00:00,624.47
2020-01-29 15:00:00,420.52
2020-01-29 16:00:00,190.43
2020-01-29 17:00:00,14.05
2020-01-29 18:00:00,0.0
2020-01-29 19:00:00,0.0
2020-01-29 20:00:00,0.0
2020-01-29 21:00:00,0.0
2020-01-29 22:00:00,0.0
2020-01-29 23:00:00,0.0
2020-01-30 00:00:00,0.0
2020-01-30 01:00:00,0.0
2020-01-30 02:00:00,0.0
2020-01-30 03:00:00,0.0
2020-01-30 04:00:00,0.0
2020-01-30 05:00:00,0.0
2020-01-30 06:00:00,50.22
2020-01-30 07:00:00,260.5
2020-01-30 08:00:00,481.35
2020-01-30 09:00:00,577.7
2020-01-30 10:00:00,842.92
2020-01-30 11:00:00,888.12
2020-01-30 12:00:00,880.5
2020-01-30 13:00:00,789.05
2020-01-30 14:00:00,641.85
2020-01-30 15:00:00,430.52
2020-01-30 16:00:00,193.07
2020-01-30 17:00:00,16.25
2020-01-30 18:00:00,0.0
2020-01-30 19:00:00,0.0
2020-01-30 20:00:00,0.0
2020-01-30 21:00:00,0.0
2020-01-30 22:00:00,0.0
2020-01-30 23:00:00,0.0
2020-01-31 00:00:00,0.0
2020-01-31 01:00:00,0.0
2020-01-31 02:00:00,0.0
2020-01-31 03:00:00,0.0
2020-01-31 04:00:00,0.0
2020-01-31 05:00:00,0.0
2020-01-31 06:00:00,47.2
2020-01-31 07:00:00,239.02
2020-01-31 08:00:00,451.58
2020-01-31 09:00:00,630.67
2020-01-31 10:00:00,775.08
2020-01-31 11:00:00,861.92
2020-01-31 12:00:00,754.15
2020-01-31 13:00:00,675.67
2020-01-31 14:00:00,612.08
2020-01-31 15:00:00,403.5
2020-01-31 16:00:00,135.52
2020-01-31 17:00:00,11.07
2020-01-31 18:00:00,0.0
2020-01-31 19:00:00,0.0
2020-01-31 20:00:00,0.0
2020-01-31 21:00:00,0.0
2020-01-31 22:00:00,0.0
2020-01-31 23:00:00,0.0
2020-02-01 00:00:00,0.0
2020-02-01 01:00:00,0.0
2020-02-01 02:00:00,0.0
2020-02-01 03:00:00,0.0
2020-02-01 04:00:00,0.0
2020-02-01 05:00:00,0.0
2020-02-01 06:00:00,38.78
2020-02-01 07:00:00,214.57
2020-02-01 08:00:00,419.85
2020-02-01 09:00:00,629.22
2020-02-01 10:00:00,783.3
2020-02-01 11:00:00,719.45
2020-02-01 12:00:00,762.47
2020-02-01 13:00:00,767.17
2020-02-01 14:00:00,540.03
2020-02-01 15:00:00,359.45
2020-02-01 16:00:00,179.5
2020-02-01 17:00:00,16.42
2020-02-01 18:00:00,0.0
2020-02-01 19:00:00,0.0
2020-02-01 20:00:00,0.0
2020-02-01 21:00:00,0.0
2020-02-01 22:00:00,0.0
2020-02-01 23:00:00,0.0
2020-02-02 00:00:00,0.0
2020-02-02 01:00:00,0.0
2020-02-02 02:00:00,0.0
2020-02-02 03:00:00,0.0
2020-02-02 04:00:00,0.0
2020-02-02 05:00:00,0.0
2020-02-02 06:00:00,45.12
2020-02-02 07:00:00,242.95
2020-02-02 08:00:00,458.85
2020-02-02 09:00:00,663.12
2020-02-02 10:00:00,789.53
2020-02-02 11:00:00,720.2
2020-02-02 12:00:00,856.53
2020-02-02 13:00:00,733.75
2020-02-02 14:00:00,544.05
2020-02-02 15:00:00,365.35
2020-02-02 16:00:00,186.75
2020-02-02 17:00:00,17.48
2020-02-02 18:00:00,0.0
2020-02-02 19:00:00,0.0
2020-02-02 20:00:00,0.0
2020-02-02 21:00:00,0.0
2020-02-02 22:00:00,0.0
2020-02-02 23:00:00,0.0
2020-02-03 00:00:00,0.0
2020-02-03 01:00:00,0.0
2020-02-03 02:00:00,0.0
2020-02-03 03:00:00,0.0
2020-02-03 04:00:00,0.0
2020-02-03 05:00:00,0.0
2020-02-03 06:00:00,46.45
2020-02-03 07:00:00,243.4
2020-02-03 08:00:00,459.92
2020-02-03 09:00:00,674.83
2020-02-03 10:00:00,813.65
2020-02-03 11:00:00,839.88
2020-02-03 12:00:00,829.6
2020-02-03 13:00:00,792.58
2020-02-03 14:00:00,625.85
2020-02-03 15:00:00,418.7
2020-02-03 16:00:00,189.62
2020-02-03 17:00:00,18.08
2020-02-03 18:00:00,0.0
2020-02-03 19:00:00,0.0
2020-02-03 20:00:00,0.0
2020-02-03 21:00:00,0.0
2020-02-03 22:00:00,0.0
2020-02-03 23:00:00,0.0
2020-02-04 00:00:00,0.0
2020-02-04 01:00:00,0.0
2020-02-04 02:00:00,0.0
2020-02-04 03:00:00,0.0
2020-02-04 04:00:00,0.0
2020-02-04 05:00:00,0.0
2020-02-04 06:00:00,32.3
2020-02-04 07:00:00,168.85
2020-02-04 08:00:00,371.42
2020-02-04 09:00:00,516.1
2020-02-04 10:00:00,697.7
2020-02-04 11:00:00,747.47
2020-02-04 12:00:00,797.88
2020-02-04 13:00:00,715.78
2020-02-04 14:00:00,585.95
2020-02-04 15:00:00,395.35
2020-02-04 16:00:00,185.55
2020-02-04 17:00:00,18.9
2020-02-04 18:00:00,0.0
2020-02-04 19:00:00,0.0
2020-02-04 20:00:00,0.0
2020-02-04 21:00:00,0.0
2020-02-04 22:00:00,0.0
2020-02-04 23:00:00,0.0
2020-02-05 00:00:00,0.0
2020-02-05 01:00:00,0.0
2020-02-05 02:00:00,0.0
2020-02-05 03:00:00,0.0
2020-02-05 04:00:00,0.0
2020-02-05 05:00:00,0.0
2020-02-05 06:00:00,48.78
2020-02-05 07:00:00,260.42
2020-02-05 08:00:00,490.2
2020-02-05 09:00:00,698.78
2020-02-05 10:00:00,838.58
2020-02-05 11:00:00,794.75
2020-02-05 12:00:00,855.97
2020-02-05 13:00:00,774.88
2020-02-05 14:00:00,595.3
2020-02-05 15:00:00,400.58
2020-02-05 16:00:00,186.3
2020-02-05 17:00:00,18.6
2020-02-05 18:00:00,0.0
2020-02-05 19:00:00,0.0
2020-02-05 20:00:00,0.0
2020-02-05 21:00:00,0.0
2020-02-05 22:00:00,0.0
2020-02-05 23:00:00,0.0
2020-02-06 00:00:00,0.0
2020-02-06 01:00:00,0.0
2020-02-06 02:00:00,0.0
2020-02-06 03:00:00,0.0
2020-02-06 04:00:00,0.0
2020-02-06 05:00:00,0.0
2020-02-06 06:00:00,51.6
2020-02-06 07:00:00,269.55
2020-02-06 08:00:00,422.95
2020-02-06 09:00:00,657.95
2020-02-06 10:00:00,839.92
2020-02-06 11:00:00,833.08
2020-02-06 12:00:00,904.2
2020-02-06 13:00:00,800.78
2020-02-06 14:00:00,650.05
2020-02-06 15:00:00,437.42
2020-02-06 16:00:00,201.43
2020-02-06 17:00:00,20.3
2020-02-06 18:00:00,0.0
2020-02-06 19:00:00,0.0
2020-02-06 20:00:00,0.0
2020-02-06 21:00:00,0.0
2020-02-06 22:00:00,0.0
2020-02-06 23:00:00,0.0
2020-02-07 00:00:00,0.0
2020-02-07 01:00:00,0.0
2020-02-07 02:00:00,0.0
2020-02-07 03:00:00,0.0
2020-02-07 04:00:00,0.0
2020-02-07 05:00:00,0.0
2020-02-07 06:00:00,50.0
2020-02-07 07:00:00,252.93
2020-02-07 08:00:00,472.73
2020-02-07 09:00:00,655.08
2020-02-07 10:00:00,761.5
2020-02-07 11:00:00,876.08
2020-02-07 12:00:00,870.0
2020-02-07 13:00:00,799.85
2020-02-07 14:00:00,593.35
2020-02-07 15:00:00,411.75
2020-02-07 16:00:00,184.45
2020-02-07 17:00:00,17.17
2020-02-07 18:00:00,0.0
2020-02-07 19:00:00,0.0
2020-02-07 20:00:00,0.0
2020-02-07 21:00:00,0.0
2020-02-07 22:00:00,0.0
2020-02-07 23:00:00,0.0
2020-02-08 00:00:00,0.0
2020-02-08 01:00:00,0.0
2020-02-08 02:00:00,0.0
2020-02-08 03:00:00,0.0
2020-02-08 04:00:00,0.0
2020-02-08 05:00:00,0.0
2020-02-08 06:00:00,42.85
2020-02-08 07:00:00,231.02
2020-02-08 08:00:00,461.15
2020-02-08 09:00:00,597.5
2020-02-08 10:00:00,781.9
2020-02-08 11:00:00,859.17
2020-02-08 12:00:00,858.28
2020-02-08 13:00:00,795.1
2020-02-08 14:00:00,633.03
2020-02-08 15:00:00,426.98
2020-02-08 16:00:00,195.35
2020-02-08 17:00:00,18.35
2020-02-08 18:00:00,0.0
2020-02-08 19:00:00,0.0
2020-02-08 20:00:00,0.0
2020-02-08 21:00:00,0.0
2020-02-08 22:00:00,0.0
2020-02-08 23:00:00,0.0
2020-02-09 00:00:00,0.0
2020-02-09 01:00:00,0.0
2020-02-09 02:00:00,0.0
2020-02-09 03:00:00,0.0
2020-02-09 04:00:00,0.0
2020-02-09 05:00:00,0.0
2020-02-09 06:00:00,46.25
2020-02-09 07:00:00,227.6
2020-02-09 08:00:00,425.5
2020-02-09 09:00:00,581.78
2020-02-09 10:00:00,660.53
2020-02-09 11:00:00,704.4
2020-02-09 12:00:00,695.12
2020-02-09 13:00:00,585.62
2020-02-09 14:00:00,467.05
2020-02-09 15:00:00,305.77
2020-02-09 16:00:00,136.4
2020-02-09 17:00:00,16.3
2020-02-09 18:00:00,0.0
2020-02-09 19:00:00,0.0
2020-02-09 20:00:00,0.0
2020-02-09 21:00:00,0.0
2020-02-09 22:00:00,0.0
2020-02-09 23:00:00,0.0
2020-02-10 00:00:00,0.0
2020-02-10 01:00:00,0.0
2020-02-10 02:00:00,0.0
2020-02-10 03:00:00,0.0
2020-02-10 04:00:00,0.0
2020-02-10 05:00:00,0.0
2020-02-10 06:00:00,40.9
2020-02-10 07:00:00,225.07
2020-02-10 08:00:00,453.73
2020-02-10 09:00:00,660.78
2020-02-10 10:00:00,796.3
2020-02-10 11:00:00,894.4
2020-02-10 12:00:00,884.78
2020-02-10 13:00:00,800.1
2020-02-10 14:00:00,641.72
2020-02-10 15:00:00,420.7
2020-02-10 16:00:00,190.05
2020-02-10 17:00:00,20.35
2020-02-10 18:00:00,0.0
2020-02-10 19:00:00,0.0
2020-02-10 20:00:00,0.0
2020-02-10 21:00:00,0.0
2020-02-10 22:00:00,0.0
2020-02-10 23:00:00,0.0
2020-02-11 00:00:00,0.0
2020-02-11 01:00:00,0.0
2020-02-11 02:00:00,0.0
2020-02-11 03:00:00,0.0
2020-02-11 04:00:00,0.0
2020-02-11 05:00:00,0.0
2020-02-11 06:00:00,37.67
2020-02-11 07:00:00,190.93
2020-02-11 08:00:00,377.75
2020-02-11 09:00:00,571.65
2020-02-11 10:00:00,746.62
2020-02-11 11:00:00,848.3
2020-02-11 12:00:00,863.35
2020-02-11 13:00:00,710.22
2020-02-11 14:00:00,630.3
2020-02-11 15:00:00,424.05
2020-02-11 16:00:00,198.48
2020-02-11 17:00:00,12.95
2020-02-11 18:00:00,0.0
2020-02-11 19:00:00,0.0
2020-02-11 20:00:00,0.0
2020-02-11 21:00:00,0.0
2020-02-11 22:00:00,0.0
2020-02-11 23:00:00,0.0
2020-02-12 00:00:00,0.0
2020-02-12 01:00:00,0.0
2020-02-12 02:00:00,0.0
2020-02-12 03:00:00,0.0
2020-02-12 04:00:00,0.0
2020-02-12 05:00:00,0.0
2020-02-12 06:00:00,40.62
2020-02-12 07:00:00,214.3
2020-02-12 08:00:00,426.62
2020-02-12 09:00:00,613.58
2020-02-12 10:00:00,710.88
2020-02-12 11:00:00,770.55
2020-02-12 12:00:00,796.62
2020-02-12 13:00:00,726.12
2020-02-12 14:00:00,593.3
2020-02-12 15:00:00,398.62
2020-02-12 16:00:00,185.6
2020-02-12 17:00:00,20.52
2020-02-12 18:00:00,0.0
2020-02-12 19:00:00,0.0
2020-02-12 20:00:00,0.0
2020-02-12 21:00:00,0.0
2020-02-12 22:00:00,0.0
2020-02-12 23:00:00,0.0
2020-02-13 00:00:00,0.0
2020-02-13 01:00:00,0.0
2020-02-13 02:00:00,0.0
2020-02-13 03:00:00,0.0
2020-02-13 04:00:00,0.0
2020-02-13 05:00:00,0.0
2020-02-13 06:00:00,53.45
2020-02-13 07:00:00,260.83
2020-02-13 08:00:00,485.65
2020-02-13 09:00:00,619.28
2020-02-13 10:00:00,833.38
2020-02-13 11:00:00,751.67
2020-02-13 12:00:00,915.25
2020-02-13 13:00:00,812.83
2020-02-13 14:00:00,601.47
2020-02-13 15:00:00,418.9
2020-02-13 16:00:00,189.5
2020-02-13 17:00:00,18.15
2020-02-13 18:00:00,0.0
2020-02-13 19:00:00,0.0
2020-02-13 20:00:00,0.0
2020-02-13 21:00:00,0.0
2020-02-13 22:00:00,0.0
2020-02-13 23:00:00,0.0
2020-02-14 00:00:00,0.0
2020-02-14 01:00:00,0.0
2020-02-14 02:00:00,0.0
2020-02-14 03:00:00,0.0
2020-02-14 04:00:00,0.0
2020-02-14 05:00:00,0.0
2020-02-14 06:00:00,30.25
2020-02-14 07:00:00,151.57
2020-02-14 08:00:00,280.75
2020-02-14 09:00:00,609.55
2020-02-14 10:00:00,789.38
2020-02-14 11:00:00,848.83
2020-02-14 12:00:00,678.15
2020-02-14 13:00:00,746.4
2020-02-14 14:00:00,603.45
2020-02-14 15:00:00,401.9
2020-02-14 16:00:00,179.12
2020-02-14 17:00:00,16.73
2020-02-14 18:00:00,0.0
2020-02-14 19:00:00,0.0
2020-02-14 20:00:00,0.0
2020-02-14 21:00:00,0.0
2020-02-14 22:00:00,0.0
2020-02-14 23:00:00,0.0
2020-02-15 00:00:00,0.0
2020-02-15 01:00:00,0.0
2020-02-15 02:00:00,0.0
2020-02-15 03:00:00,0.0
2020-02-15 04:00:00,0.0
2020-02-15 05:00:00,0.0
2020-02-15 06:00:00,52.8
2020-02-15 07:00:00,281.17
2020-02-15 08:00:00,521.03
2020-02-15 09:00:00,724.85
2020-02-15 10:00:00,845.47
2020-02-15 11:00:00,935.55
2020-02-15 12:00:00,928.55
2020-02-15 13:00:00,815.2
2020-02-15 14:00:00,684.7
2020-02-15 15:00:00,466.35
2020-02-15 16:00:00,222.48
2020-02-15 17:00:00,24.1
2020-02-15 18:00:00,0.0
2020-02-15 19:00:00,0.0
2020-02-15 20:00:00,0.0
2020-02-15 21:00:00,0.0
2020-02-15 22:00:00,0.0
2020-02-15 23:00:00,0.0
2020-02-16 00:00:00,0.0
2020-02-16 01:00:00,0.0
2020-02-16 02:00:00,0.0
2020-02-16 03:00:00,0.0
2020-02-16 04:00:00,0.0
2020-02-16 05:00:00,0.0
2020-02-16 06:00:00,60.67
2020-02-16 07:00:00,281.08
2020-02-16 08:00:00,521.7
2020-02-16 09:00:00,733.4
2020-02-16 10:00:00,780.7
2020-02-16 11:00:00,771.83
2020-02-16 12:00:00,875.53
2020-02-16 13:00:00,827.85
2020-02-16 14:00:00,619.85
2020-02-16 15:00:00,446.55
2020-02-16 16:00:00,172.6
2020-02-16 17:00:00,22.05
2020-02-16 18:00:00,0.0
2020-02-16 19:00:00,0.0
2020-02-16 20:00:00,0.0
2020-02-16 21:00:00,0.0
2020-02-16 22:00:00,0.0
2020-02-16 23:00:00,0.0
2020-02-17 00:00:00,0.0
2020-02-17 01:00:00,0.0
2020-02-17 02:00:00,0.0
2020-02-17 03:00:00,0.0
2020-02-17 04:00:00,0.0
2020-02-17 05:00:00,0.0
2020-02-17 06:00:00,64.55
2020-02-17 07:00:00,288.62
2020-02-17 08:00:00,529.92
2020-02-17 09:00:00,696.83
2020-02-17 10:00:00,884.92
2020-02-17 11:00:00,897.88
2020-02-17 12:00:00,933.3
2020-02-17 13:00:00,828.38
2020-02-17 14:00:00,694.72
2020-02-17 15:00:00,476.85
2020-02-17 16:00:00,230.88
2020-02-17 17:00:00,26.27
2020-02-17 18:00:00,0.0
2020-02-17 19:00:00,0.0
2020-02-17 20:00:00,0.0
2020-02-17 21:00:00,0.0
2020-02-17 22:00:00,0.0
2020-02-17 23:00:00,0.0
2020-02-18 00:00:00,0.0
2020-02-18 01:00:00,0.0
2020-02-18 02:00:00,0.0
2020-02-18 03:00:00,0.0
2020-02-18 04:00:00,0.0
2020-02-18 05:00:00,0.0
2020-02-18 06:00:00,36.83
2020-02-18 07:00:00,156.57
2020-02-18 08:00:00,466.16
2020-02-18 09:00:00,697.8
2020-02-18 10:00:00,682.4
2020-02-18 11:00:00,895.38
2020-02-18 12:00:00,887.25
2020-02-18 13:00:00,848.12
2020-02-18 14:00:00,673.38
2020-02-18 15:00:00,453.88
2020-02-18 16:00:00,214.1
2020-02-18 17:00:00,24.77
2020-02-18 18:00:00,0.0
2020-02-18 19:00:00,0.0
2020-02-18 20:00:00,0.0
2020-02-18 21:00:00,0.0
2020-02-18 22:00:00,0.0
2020-02-18 23:00:00,0.0
2020-02-19 00:00:00,0.0
2020-02-19 01:00:00,0.0
2020-02-19 02:00:00,0.0
2020-02-19 03:00:00,0.0
2020-02-19 04:00:00,0.0
2020-02-19 05:00:00,0.0
2020-02-19 06:00:00,60.03
2020-02-19 07:00:00,270.73
2020-02-19 08:00:00,508.62
2020-02-19 09:00:00,698.05
2020-02-19 10:00:00,862.3
2020-02-19 11:00:00,927.38
2020-02-19 12:00:00,905.42
2020-02-19 13:00:00,797.78
2020-02-19 14:00:00,600.28
2020-02-19 15:00:00,414.05
2020-02-19 16:00:00,196.98
2020-02-19 17:00:00,26.8
2020-02-19 18:00:00,0.0
2020-02-19 19:00:00,0.0
2020-02-19 20:00:00,0.0
2020-02-19 21:00:00,0.0
2020-02-19 22:00:00,0.0
2020-02-19 23:00:00,0.0
2020-02-20 00:00:00,0.0
2020-02-20 01:00:00,0.0
2020-02-20 02:00:00,0.0
2020-02-20 03:00:00,0.0
2020-02-20 04:00:00,0.0
2020-02-20 05:00:00,0.0
2020-02-20 06:00:00,57.75
2020-02-20 07:00:00,264.23
2020-02-20 08:00:00,492.92
2020-02-20 09:00:00,703.7
2020-02-20 10:00:00,792.6
2020-02-20 11:00:00,939.62
2020-02-20 12:00:00,771.75
2020-02-20 13:00:00,841.22
2020-02-20 14:00:00,689.62
2020-02-20 15:00:00,380.25
2020-02-20 16:00:00,179.5
2020-02-20 17:00:00,21.98
2020-02-20 18:00:00,0.0
2020-02-20 19:00:00,0.0
2020-02-20 20:00:00,0.0
2020-02-20 21:00:00,0.0
2020-02-20 22:00:00,0.0
2020-02-20 23:00:00,0.0
2020-02-21 00:00:00,0.0
2020-02-21 01:00:00,0.0
2020-02-21 02:00:00,0.0
2020-02-21 03:00:00,0.0
2020-02-21 04:00:00,0.0
2020-02-21 05:00:00,0.0
2020-02-21 06:00:00,65.18
2020-02-21 07:00:00,281.55
2020-02-21 08:00:00,513.53
2020-02-21 09:00:00,672.67
2020-02-21 10:00:00,791.08
2020-02-21 11:00:00,774.15
2020-02-21 12:00:00,722.97
2020-02-21 13:00:00,707.7
2020-02-21 14:00:00,578.0
2020-02-21 15:00:00,383.7
2020-02-21 16:00:00,186.8
2020-02-21 17:00:00,24.17
2020-02-21 18:00:00,0.0
2020-02-21 19:00:00,0.0
2020-02-21 20:00:00,0.0
2020-02-21 21:00:00,0.0
2020-02-21 22:00:00,0.0
2020-02-21 23:00:00,0.0
2020-02-22 00:00:00,0.0
2020-02-22 01:00:00,0.0
2020-02-22 02:00:00,0.0
2020-02-22 03:00:00,0.0
2020-02-22 04:00:00,0.0
2020-02-22 05:00:00,0.0
2020-02-22 06:00:00,54.62
2020-02-22 07:00:00,241.62
2020-02-22 08:00:00,446.75
2020-02-22 09:00:00,638.42
2020-02-22 10:00:00,797.28
2020-02-22 11:00:00,840.6
2020-02-22 12:00:00,823.3
2020-02-22 13:00:00,624.55
2020-02-22 14:00:00,556.67
2020-02-22 15:00:00,358.55
2020-02-22 16:00:00,170.62
2020-02-22 17:00:00,21.55
2020-02-22 18:00:00,0.0
2020-02-22 19:00:00,0.0
2020-02-22 20:00:00,0.0
2020-02-22 21:00:00,0.0
2020-02-22 22:00:00,0.0
2020-02-22 23:00:00,0.0
2020-02-23 00:00:00,0.0
2020-02-23 01:00:00,0.0
2020-02-23 02:00:00,0.0
2020-02-23 03:00:00,0.0
2020-02-23 04:00:00,0.0
2020-02-23 05:00:00,0.0
2020-02-23 06:00:00,46.58
2020-02-23 07:00:00,209.18
2020-02-23 08:00:00,411.98
2020-02-23 09:00:00,544.38
2020-02-23 10:00:00,649.65
2020-02-23 11:00:00,782.7
2020-02-23 12:00:00,777.38
2020-02-23 13:00:00,698.5
2020-02-23 14:00:00,589.58
2020-02-23 15:00:00,400.4
2020-02-23 16:00:00,182.77
2020-02-23 17:00:00,23.48
2020-02-23 18:00:00,0.0
2020-02-23 19:00:00,0.0
2020-02-23 20:00:00,0.0
2020-02-23 21:00:00,0.0
2020-02-23 22:00:00,0.0
2020-02-23 23:00:00,0.0
2020-02-24 00:00:00,0.0
2020-02-24 01:00:00,0.0
2020-02-24 02:00:00,0.0
2020-02-24 03:00:00,0.0
2020-02-24 04:00:00,0.0
2020-02-24 05:00:00,0.0
2020-02-24 06:00:00,51.72
2020-02-24 07:00:00,219.45
2020-02-24 08:00:00,419.62
2020-02-24 09:00:00,579.9
2020-02-24 10:00:00,721.12
2020-02-24 11:00:00,795.97
2020-02-24 12:00:00,782.92
2020-02-24 13:00:00,720.83
2020-02-24 14:00:00,574.92
2020-02-24 15:00:00,380.12
2020-02-24 16:00:00,168.18
2020-02-24 17:00:00,21.62
2020-02-24 18:00:00,0.0
2020-02-24 19:00:00,0.0
2020-02-24 20:00:00,0.0
2020-02-24 21:00:00,0.0
2020-02-24 22:00:00,0.0
2020-02-24 23:00:00,0.0
2020-02-25 00:00:00,0.0
2020-02-25 01:00:00,0.0
2020-02-25 02:00:00,0.0
2020-02-25 03:00:00,0.0
2020-02-25 04:00:00,0.0
2020-02-25 05:00:00,0.0
2020-02-25 06:00:00,66.2
2020-02-25 07:00:00,276.25
2020-02-25 08:00:00,498.6
2020-02-25 09:00:00,703.45
2020-02-25 10:00:00,733.95
2020-02-25 11:00:00,897.33
2020-02-25 12:00:00,907.8
2020-02-25 13:00:00,769.65
2020-02-25 14:00:00,591.0
2020-02-25 15:00:00,394.27
2020-02-25 16:00:00,184.95
2020-02-25 17:00:00,26.02
2020-02-25 18:00:00,0.0
2020-02-25 19:00:00,0.0
2020-02-25 20:00:00,0.0
2020-02-25 21:00:00,0.0
2020-02-25 22:00:00,0.0
2020-02-25 23:00:00,0.0
2020-02-26 00:00:00,0.0
2020-02-26 01:00:00,0.0
2020-02-26 02:00:00,0.0
2020-02-26 03:00:00,0.0
2020-02-26 04:00:00,0.0
2020-02-26 05:00:00,0.0
2020-02-26 06:00:00,65.47
2020-02-26 07:00:00,257.65
2020-02-26 08:00:00,482.85
2020-02-26 09:00:00,581.33
2020-02-26 10:00:00,807.65
2020-02-26 11:00:00,867.45
2020-02-26 12:00:00,865.28
2020-02-26 13:00:00,778.12
2020-02-26 14:00:00,627.17
2020-02-26 15:00:00,418.23
2020-02-26 16:00:00,189.65
2020-02-26 17:00:00,15.77
2020-02-26 18:00:00,0.0
2020-02-26 19:00:00,0.0
2020-02-26 20:00:00,0.0
2020-02-26 21:00:00,0.0
2020-02-26 22:00:00,0.0
2020-02-26 23:00:00,0.0
2020-02-27 00:00:00,0.0
2020-02-27 01:00:00,0.0
2020-02-27 02:00:00,0.0
2020-02-27 03:00:00,0.0
2020-02-27 04:00:00,0.0
2020-02-27 05:00:00,0.0
2020-02-27 06:00:00,60.67
2020-02-27 07:00:00,262.12
2020-02-27 08:00:00,477.55
2020-02-27 09:00:00,659.15
2020-02-27 10:00:00,797.42
2020-02-27 11:00:00,907.97
2020-02-27 12:00:00,909.42
2020-02-27 13:00:00,807.97
2020-02-27 14:00:00,665.47
2020-02-27 15:00:00,414.38
2020-02-27 16:00:00,192.1
2020-02-27 17:00:00,19.95
2020-02-27 18:00:00,0.0
2020-02-27 19:00:00,0.0
2020-02-27 20:00:00,0.0
2020-02-27 21:00:00,0.0
2020-02-27 22:00:00,0.0
2020-02-27 23:00:00,0.0
2020-02-28 00:00:00,0.0
2020-02-28 01:00:00,0.0
2020-02-28 02:00:00,0.0
2020-02-28 03:00:00,0.0
2020-02-28 04:00:00,0.0
2020-02-28 05:00:00,0.0
2020-02-28 06:00:00,61.15
2020-02-28 07:00:00,262.23
2020-02-28 08:00:00,492.67
2020-02-28 09:00:00,692.47
2020-02-28 10:00:00,825.22
2020-02-28 11:00:00,900.47
2020-02-28 12:00:00,885.2
2020-02-28 13:00:00,813.38
2020-02-28 14:00:00,641.75
2020-02-28 15:00:00,449.08
2020-02-28 16:00:00,215.3
2020-02-28 17:00:00,15.3
2020-02-28 18:00:00,0.0
2020-02-28 19:00:00,0.0
2020-02-28 20:00:00,0.0
2020-02-28 21:00:00,0.0
2020-02-28 22:00:00,0.0
2020-02-28 23:00:00,0.0
2020-02-29 00:00:00,0.0
2020-02-29 01:00:00,0.0
2020-02-29 02:00:00,0.0
2020-02-29 03:00:00,0.0
2020-02-29 04:00:00,0.0
2020-02-29 05:00:00,0.0
2020-02-29 06:00:00,58.17
2020-02-29 07:00:00,227.32
2020-02-29 08:00:00,458.12
2020-02-29 09:00:00,649.28
2020-02-29 10:00:00,739.0
2020-02-29 11:00:00,835.0
2020-02-29 12:00:00,806.67
2020-02-29 13:00:00,736.95
2020-02-29 14:00:00,617.85
2020-02-29 15:00:00,425.38
2020-02-29 16:00:00,199.07
2020-02-29 17:00:00,17.0
2020-02-29 18:00:00,0.0
2020-02-29 19:00:00,0.0
2020-02-29 20:00:00,0.0
2020-02-29 21:00:00,0.0
2020-02-29 22:00:00,0.0
2020-02-29 23:00:00,0.0
2020-03-01 00:00:00,0.0
2020-03-01 01:00:00,0.0
2020-03-01 02:00:00,0.0
2020-03-01 03:00:00,0.0
2020-03-01 04:00:00,0.0
2020-03-01 05:00:00,0.0
2020-03-01 06:00:00,71.05
2020-03-01 07:00:00,282.3
2020-03-01 08:00:00,503.48
2020-03-01 09:00:00,702.75
2020-03-01 10:00:00,852.22
2020-03-01 11:00:00,929.8
2020-03-01 12:00:00,872.88
2020-03-01 13:00:00,750.3
2020-03-01 14:00:00,645.08
2020-03-01 15:00:00,433.25
2020-03-01 16:00:00,201.6
2020-03-01 17:00:00,21.38
2020-03-01 18:00:00,0.0
2020-03-01 19:00:00,0.0
2020-03-01 20:00:00,0.0
2020-03-01 21:00:00,0.0
2020-03-01 22:00:00,0.0
2020-03-01 23:00:00,0.0
2020-03-02 00:00:00,0.0
2020-03-02 01:00:00,0.0
2020-03-02 02:00:00,0.0
2020-03-02 03:00:00,0.0
2020-03-02 04:00:00,0.0
2020-03-02 05:00:00,0.0
2020-03-02 06:00:00,47.2
2020-03-02 07:00:00,229.1
2020-03-02 08:00:00,509.9
2020-03-02 09:00:00,686.92
2020-03-02 10:00:00,816.17
2020-03-02 11:00:00,757.17
2020-03-02 12:00:00,896.1
2020-03-02 13:00:00,808.55
2020-03-02 14:00:00,614.92
2020-03-02 15:00:00,415.7
2020-03-02 16:00:00,188.35
2020-03-02 17:00:00,18.12
2020-03-02 18:00:00,0.0
2020-03-02 19:00:00,0.0
2020-03-02 20:00:00,0.0
2020-03-02 21:00:00,0.0
2020-03-02 22:00:00,0.0
2020-03-02 23:00:00,0.0
2020-03-03 00:00:00,0.0
2020-03-03 01:00:00,0.0
2020-03-03 02:00:00,0.0
2020-03-03 03:00:00,0.0
2020-03-03 04:00:00,0.0
2020-03-03 05:00:00,0.0
2020-03-03 06:00:00,63.1
2020-03-03 07:00:00,242.2
2020-03-03 08:00:00,438.8
2020-03-03 09:00:00,678.3
2020-03-03 10:00:00,786.22
2020-03-03 11:00:00,899.78
2020-03-03 12:00:00,889.05
2020-03-03 13:00:00,800.47
2020-03-03 14:00:00,643.15
2020-03-03 15:00:00,434.15
2020-03-03 16:00:00,204.5
2020-03-03 17:00:00,25.9
2020-03-03 18:00:00,0.0
2020-03-03 19:00:00,0.0
2020-03-03 20:00:00,0.0
2020-03-03 21:00:00,0.0
2020-03-03 22:00:00,0.0
2020-03-03 23:00:00,0.0
2020-03-04 00:00:00,0.0
2020-03-04 01:00:00,0.0
2020-03-04 02:00:00,0.0
2020-03-04 03:00:00,0.0
2020-03-04 04:00:00,0.0
2020-03-04 05:00:00,0.0
2020-03-04 06:00:00,63.88
2020-03-04 07:00:00,248.27
2020-03-04 08:00:00,449.77
2020-03-04 09:00:00,670.75
2020-03-04 10:00:00,746.78
2020-03-04 11:00:00,926.58
2020-03-04 12:00:00,909.38
2020-03-04 13:00:00,818.3
2020-03-04 14:00:00,640.97
2020-03-04 15:00:00,434.62
2020-03-04 16:00:00,206.02
2020-03-04 17:00:00,25.88
2020-03-04 18:00:00,0.0
2020-03-04 19:00:00,0.0
2020-03-04 20:00:00,0.0
2020-03-04 21:00:00,0.0
2020-03-04 22:00:00,0.0
2020-03-04 23:00:00,0.0
2020-03-05 00:00:00,0.0
2020-03-05 01:00:00,0.0
2020-03-05 02:00:00,0.0
2020-03-05 03:00:00,0.0
2020-03-05 04:00:00,0.0
2020-03-05 05:00:00,0.0
2020-03-05 06:00:00,62.45
2020-03-05 07:00:00,241.57
2020-03-05 08:00:00,452.6
2020-03-05 09:00:00,636.4
2020-03-05 10:00:00,767.03
2020-03-05 11:00:00,904.2
2020-03-05 12:00:00,883.65
2020-03-05 13:00:00,788.47
2020-03-05 14:00:00,623.17
2020-03-05 15:00:00,415.58
2020-03-05 16:00:00,193.23
2020-03-05 17:00:00,24.85
2020-03-05 18:00:00,0.0
2020-03-05 19:00:00,0.0
2020-03-05 20:00:00,0.0
2020-03-05 21:00:00,0.0
2020-03-05 22:00:00,0.0
2020-03-05 23:00:00,0.0
2020-03-06 00:00:00,0.0
2020-03-06 01:00:00,0.0
2020-03-06 02:00:00,0.0
2020-03-06 03:00:00,0.0
2020-03-06 04:00:00,0.0
2020-03-06 05:00:00,0.0
2020-03-06 06:00:00,62.53
2020-03-06 07:00:00,213.85
2020-03-06 08:00:00,414.83
2020-03-06 09:00:00,506.12
2020-03-06 10:00:00,714.8
2020-03-06 11:00:00,748.33
2020-03-06 12:00:00,764.15
2020-03-06 13:00:00,746.12
2020-03-06 14:00:00,607.25
2020-03-06 15:00:00,441.48
2020-03-06 16:00:00,209.95
2020-03-06 17:00:00,27.05
2020-03-06 18:00:00,0.0
2020-03-06 19:00:00,0.0
2020-03-06 20:00:00,0.0
2020-03-06 21:00:00,0.0
2020-03-06 22:00:00,0.0
2020-03-06 23:00:00,0.0
2020-03-07 00:00:00,0.0
2020-03-07 01:00:00,0.0
2020-03-07 02:00:00,0.0
2020-03-07 03:00:00,0.0
2020-03-07 04:00:00,0.0
2020-03-07 05:00:00,0.0
2020-03-07 06:00:00,59.08
2020-03-07 07:00:00,209.65
2020-03-07 08:00:00,420.33
2020-03-07 09:00:00,577.08
2020-03-07 10:00:00,672.33
2020-03-07 11:00:00,884.53
2020-03-07 12:00:00,898.47
2020-03-07 13:00:00,797.95
2020-03-07 14:00:00,659.7
2020-03-07 15:00:00,462.38
2020-03-07 16:00:00,226.2
2020-03-07 17:00:00,30.5
2020-03-07 18:00:00,0.0
2020-03-07 19:00:00,0.0
2020-03-07 20:00:00,0.0
2020-03-07 21:00:00,0.0
2020-03-07 22:00:00,0.0
2020-03-07 23:00:00,0.0
2020-03-08 00:00:00,0.0
2020-03-08 01:00:00,0.0
2020-03-08 02:00:00,0.0
2020-03-08 03:00:00,0.0
2020-03-08 04:00:00,0.0
2020-03-08 05:00:00,0.0
2020-03-08 06:00:00,77.7
2020-03-08 07:00:00,296.45
2020-03-08 08:00:00,532.5
2020-03-08 09:00:00,722.65
2020-03-08 10:00:00,868.2
2020-03-08 11:00:00,837.45
2020-03-08 12:00:00,893.6
2020-03-08 13:00:00,796.0
2020-03-08 14:00:00,680.1
2020-03-08 15:00:00,460.45
2020-03-08 16:00:00,218.93
2020-03-08 17:00:00,26.17
2020-03-08 18:00:00,0.0
2020-03-08 19:00:00,0.0
2020-03-08 20:00:00,0.0
2020-03-08 21:00:00,0.0
2020-03-08 22:00:00,0.0
2020-03-08 23:00:00,0.0
2020-03-09 00:00:00,0.0
2020-03-09 01:00:00,0.0
2020-03-09 02:00:00,0.0
2020-03-09 03:00:00,0.0
2020-03-09 04:00:00,0.0
2020-03-09 05:00:00,0.0
2020-03-09 06:00:00,100.9
2020-03-09 07:00:00,337.3
2020-03-09 08:00:00,575.67
2020-03-09 09:00:00,775.2
2020-03-09 10:00:00,899.4
2020-03-09 11:00:00,892.83
2020-03-09 12:00:00,877.95
2020-03-09 13:00:00,865.47
2020-03-09 14:00:00,721.72
2020-03-09 15:00:00,452.27
2020-03-09 16:00:00,215.12
2020-03-09 17:00:00,29.33
2020-03-09 18:00:00,0.0
2020-03-09 19:00:00,0.0
2020-03-09 20:00:00,0.0
2020-03-09 21:00:00,0.0
2020-03-09 22:00:00,0.0
2020-03-09 23:00:00,0.0
2020-03-10 00:00:00,0.0
2020-03-10 01:00:00,0.0
2020-03-10 02:00:00,0.0
2020-03-10 03:00:00,0.0
2020-03-10 04:00:00,0.0
2020-03-10 05:00:00,0.0
2020-03-10 06:00:00,108.0
2020-03-10 07:00:00,350.38
2020-03-10 08:00:00,592.62
2020-03-10 09:00:00,796.38
2020-03-10 10:00:00,901.38
2020-03-10 11:00:00,1002.65
2020-03-10 12:00:00,988.2
2020-03-10 13:00:00,880.6
2020-03-10 14:00:00,714.65
2020-03-10 15:00:00,497.45
2020-03-10 16:00:00,255.27
2020-03-10 17:00:00,35.85
2020-03-10 18:00:00,0.0
2020-03-10 19:00:00,0.0
2020-03-10 20:00:00,0.0
2020-03-10 21:00:00,0.0
2020-03-10 22:00:00,0.0
2020-03-10 23:00:00,0.0
2020-03-11 00:00:00,0.0
2020-03-11 01:00:00,0.0
2020-03-11 02:00:00,0.0
2020-03-11 03:00:00,0.0
2020-03-11 04:00:00,0.0
2020-03-11 05:00:00,0.0
2020-03-11 06:00:00,105.4
2020-03-11 07:00:00,330.02
2020-03-11 08:00:00,567.2
2020-03-11 09:00:00,765.33
2020-03-11 10:00:00,819.95
2020-03-11 11:00:00,846.9
2020-03-11 12:00:00,972.7
2020-03-11 13:00:00,881.08
2020-03-11 14:00:00,716.12
2020-03-11 15:00:00,496.92
2020-03-11 16:00:00,248.18
2020-03-11 17:00:00,33.78
2020-03-11 18:00:00,0.0
2020-03-11 19:00:00,0.0
2020-03-11 20:00:00,0.0
2020-03-11 21:00:00,0.0
2020-03-11 22:00:00,0.0
2020-03-11 23:00:00,0.0
2020-03-12 00:00:00,0.0
2020-03-12 01:00:00,0.0
2020-03-12 02:00:00,0.0
2020-03-12 03:00:00,0.0
2020-03-12 04:00:00,0.0
2020-03-12 05:00:00,0.0
2020-03-12 06:00:00,98.8
2020-03-12 07:00:00,323.6
2020-03-12 08:00:00,554.5
2020-03-12 09:00:00,754.03
2020-03-12 10:00:00,891.9
2020-03-12 11:00:00,915.16
2020-03-12 12:00:00,947.25
2020-03-12 13:00:00,810.2
2020-03-12 14:00:00,677.47
2020-03-12 15:00:00,459.8
2020-03-12 16:00:00,225.68
2020-03-12 17:00:00,32.03
2020-03-12 18:00:00,0.0
2020-03-12 19:00:00,0.0
2020-03-12 20:00:00,0.0
2020-03-12 21:00:00,0.0
2020-03-12 22:00:00,0.0
2020-03-12 23:00:00,0.0
2020-03-13 00:00:00,0.0
2020-03-13 01:00:00,0.0
2020-03-13 02:00:00,0.0
2020-03-13 03:00:00,0.0
2020-03-13 04:00:00,0.0
2020-03-13 05:00:00,0.0
2020-03-13 06:00:00,87.7
2020-03-13 07:00:00,337.45
2020-03-13 08:00:00,574.67
2020-03-13 09:00:00,765.28
2020-03-13 10:00:00,899.6
2020-03-13 11:00:00,940.1
2020-03-13 12:00:00,931.9
2020-03-13 13:00:00,829.4
2020-03-13 14:00:00,667.25
2020-03-13 15:00:00,450.58
2020-03-13 16:00:00,216.55
2020-03-13 17:00:00,29.5
2020-03-13 18:00:00,0.0
2020-03-13 19:00:00,0.0
2020-03-13 20:00:00,0.0
2020-03-13 21:00:00,0.0
2020-03-13 22:00:00,0.0
2020-03-13 23:00:00,0.0
2020-03-14 00:00:00,0.0
2020-03-14 01:00:00,0.0
2020-03-14 02:00:00,0.0
2020-03-14 03:00:00,0.0
2020-03-14 04:00:00,0.0
2020-03-14 05:00:00,0.0
2020-03-14 06:00:00,104.47
2020-03-14 07:00:00,330.15
2020-03-14 08:00:00,559.05
2020-03-14 09:00:00,725.53
2020-03-14 10:00:00,890.08
2020-03-14 11:00:00,836.38
2020-03-14 12:00:00,728.12
2020-03-14 13:00:00,828.15
2020-03-14 14:00:00,681.53
2020-03-14 15:00:00,466.92
2020-03-14 16:00:00,225.2
2020-03-14 17:00:00,30.48
2020-03-14 18:00:00,0.0
2020-03-14 19:00:00,0.0
2020-03-14 20:00:00,0.0
2020-03-14 21:00:00,0.0
2020-03-14 22:00:00,0.0
2020-03-14 23:00:00,0.0
2020-03-15 00:00:00,0.0
2020-03-15 01:00:00,0.0
2020-03-15 02:00:00,0.0
2020-03-15 03:00:00,0.0
2020-03-15 04:00:00,0.0
2020-03-15 05:00:00,0.0
2020-03-15 06:00:00,109.05
2020-03-15 07:00:00,338.2
2020-03-15 08:00:00,569.5
2020-03-15 09:00:00,759.83
2020-03-15 10:00:00,885.55
2020-03-15 11:00:00,962.42
2020-03-15 12:00:00,926.8
2020-03-15 13:00:00,836.03
2020-03-15 14:00:00,695.7
2020-03-15 15:00:00,418.83
2020-03-15 16:00:00,196.02
2020-03-15 17:00:00,22.85
2020-03-15 18:00:00,0.0
2020-03-15 19:00:00,0.0
2020-03-15 20:00:00,0.0
2020-03-15 21:00:00,0.0
2020-03-15 22:00:00,0.0
2020-03-15 23:00:00,0.0
2020-03-16 00:00:00,0.0
2020-03-16 01:00:00,0.0
2020-03-16 02:00:00,0.0
2020-03-16 03:00:00,0.0
2020-03-16 04:00:00,0.0
2020-03-16 05:00:00,0.0
2020-03-16 06:00:00,104.55
2020-03-16 07:00:00,327.67
2020-03-16 08:00:00,555.67
2020-03-16 09:00:00,750.58
2020-03-16 10:00:00,802.58
2020-03-16 11:00:00,953.5
2020-03-16 12:00:00,954.3
2020-03-16 13:00:00,857.95
2020-03-16 14:00:00,677.33
2020-03-16 15:00:00,471.1
2020-03-16 16:00:00,236.68
2020-03-16 17:00:00,32.85
2020-03-16 18:00:00,0.0
2020-03-16 19:00:00,0.0
2020-03-16 20:00:00,0.0
2020-03-16 21:00:00,0.0
2020-03-16 22:00:00,0.0
2020-03-16 23:00:00,0.0
2020-03-17 00:00:00,0.0
2020-03-17 01:00:00,0.0
2020-03-17 02:00:00,0.0
2020-03-17 03:00:00,0.0
2020-03-17 04:00:00,0.0
2020-03-17 05:00:00,0.0
2020-03-17 06:00:00,120.32
2020-03-17 07:00:00,352.08
2020-03-17 08:00:00,582.83
2020-03-17 09:00:00,777.45
2020-03-17 10:00:00,910.45
2020-03-17 11:00:00,966.35
2020-03-17 12:00:00,948.25
2020-03-17 13:00:00,859.58
2020-03-17 14:00:00,700.85
2020-03-17 15:00:00,486.3
2020-03-17 16:00:00,241.62
2020-03-17 17:00:00,32.53
2020-03-17 18:00:00,0.0
2020-03-17 19:00:00,0.0
2020-03-17 20:00:00,0.0
2020-03-17 21:00:00,0.0
2020-03-17 22:00:00,0.0
2020-03-17 23:00:00,0.0
2020-03-18 00:00:00,0.0
2020-03-18 01:00:00,0.0
2020-03-18 02:00:00,0.0
2020-03-18 03:00:00,0.0
2020-03-18 04:00:00,0.0
2020-03-18 05:00:00,0.0
2020-03-18 06:00:00,111.97
2020-03-18 07:00:00,327.27
2020-03-18 08:00:00,552.95
2020-03-18 09:00:00,778.6
2020-03-18 10:00:00,910.05
2020-03-18 11:00:00,969.75
2020-03-18 12:00:00,963.6
2020-03-18 13:00:00,871.6
2020-03-18 14:00:00,706.97
2020-03-18 15:00:00,486.42
2020-03-18 16:00:00,238.4
2020-03-18 17:00:00,31.75
2020-03-18 18:00:00,0.0
2020-03-18 19:00:00,0.0
2020-03-18 20:00:00,0.0
2020-03-18 21:00:00,0.0
2020-03-18 22:00:00,0.0
2020-03-18 23:00:00,0.0
2020-03-19 00:00:00,0.0
2020-03-19 01:00:00,0.0
2020-03-19 02:00:00,0.0
2020-03-19 03:00:00,0.0
2020-03-19 04:00:00,0.0
2020-03-19 05:00:00,0.0
2020-03-19 06:00:00,99.72
2020-03-19 07:00:00,350.17
2020-03-19 08:00:00,583.17
2020-03-19 09:00:00,779.03
2020-03-19 10:00:00,933.38
2020-03-19 11:00:00,1006.97
2020-03-19 12:00:00,992.9
2020-03-19 13:00:00,896.58
2020-03-19 14:00:00,729.83
2020-03-19 15:00:00,508.08
2020-03-19 16:00:00,255.65
2020-03-19 17:00:00,26.6
2020-03-19 18:00:00,0.0
2020-03-19 19:00:00,0.0
2020-03-19 20:00:00,0.0
2020-03-19 21:00:00,0.0
2020-03-19 22:00:00,0.0
2020-03-19 23:00:00,0.0
2020-03-20 00:00:00,0.0
2020-03-20 01:00:00,0.0
2020-03-20 02:00:00,0.0
2020-03-20 03:00:00,0.0
2020-03-20 04:00:00,0.0
2020-03-20 05:00:00,0.0
2020-03-20 06:00:00,115.38
2020-03-20 07:00:00,353.42
2020-03-20 08:00:00,594.53
2020-03-20 09:00:00,804.6
2020-03-20 10:00:00,930.35
2020-03-20 11:00:00,976.03
2020-03-20 12:00:00,938.25
2020-03-20 13:00:00,837.15
2020-03-20 14:00:00,679.83
2020-03-20 15:00:00,477.2
2020-03-20 16:00:00,228.18
2020-03-20 17:00:00,27.67
2020-03-20 18:00:00,0.0
2020-03-20 19:00:00,0.0
2020-03-20 20:00:00,0.0
2020-03-20 21:00:00,0.0
2020-03-20 22:00:00,0.0
2020-03-20 23:00:00,0.0
2020-03-21 00:00:00,0.0
2020-03-21 01:00:00,0.0
2020-03-21 02:00:00,0.0
2020-03-21 03:00:00,0.0
2020-03-21 04:00:00,0.0
2020-03-21 05:00:00,0.0
2020-03-21 06:00:00,119.38
2020-03-21 07:00:00,341.27
2020-03-21 08:00:00,574.1
2020-03-21 09:00:00,783.88
2020-03-21 10:00:00,878.35
2020-03-21 11:00:00,962.53
2020-03-21 12:00:00,876.38
2020-03-21 13:00:00,848.53
2020-03-21 14:00:00,669.75
2020-03-21 15:00:00,453.4
2020-03-21 16:00:00,215.43
2020-03-21 17:00:00,28.08
2020-03-21 18:00:00,0.0
2020-03-21 19:00:00,0.0
2020-03-21 20:00:00,0.0
2020-03-21 21:00:00,0.0
2020-03-21 22:00:00,0.0
2020-03-21 23:00:00,0.0
2020-03-22 00:00:00,0.0
2020-03-22 01:00:00,0.0
2020-03-22 02:00:00,0.0
2020-03-22 03:00:00,0.0
2020-03-22 04:00:00,0.0
2020-03-22 05:00:00,0.0
2020-03-22 06:00:00,97.6
2020-03-22 07:00:00,285.98
2020-03-22 08:00:00,505.15
2020-03-22 09:00:00,607.4
2020-03-22 10:00:00,842.35
2020-03-22 11:00:00,916.5
2020-03-22 12:00:00,918.38
2020-03-22 13:00:00,821.47
2020-03-22 14:00:00,656.38
2020-03-22 15:00:00,439.85
2020-03-22 16:00:00,206.15
2020-03-22 17:00:00,27.12
2020-03-22 18:00:00,0.0
2020-03-22 19:00:00,0.0
2020-03-22 20:00:00,0.0
2020-03-22 21:00:00,0.0
2020-03-22 22:00:00,0.0
2020-03-22 23:00:00,0.0
2020-03-23 00:00:00,0.0
2020-03-23 01:00:00,0.0
2020-03-23 02:00:00,0.0
2020-03-23 03:00:00,0.0
2020-03-23 04:00:00,0.0
2020-03-23 05:00:00,0.0
2020-03-23 06:00:00,110.53
2020-03-23 07:00:00,310.6
2020-03-23 08:00:00,536.08
2020-03-23 09:00:00,731.58
2020-03-23 10:00:00,851.55
2020-03-23 11:00:00,950.2
2020-03-23 12:00:00,845.72
2020-03-23 13:00:00,849.03
2020-03-23 14:00:00,693.33
2020-03-23 15:00:00,475.55
2020-03-23 16:00:00,215.05
2020-03-23 17:00:00,24.88
2020-03-23 18:00:00,0.0
2020-03-23 19:00:00,0.0
2020-03-23 20:00:00,0.0
2020-03-23 21:00:00,0.0
2020-03-23 22:00:00,0.0
2020-03-23 23:00:00,0.0
2020-03-24 00:00:00,0.0
2020-03-24 01:00:00,0.0
2020-03-24 02:00:00,0.0
2020-03-24 03:00:00,0.0
2020-03-24 04:00:00,0.0
2020-03-24 05:00:00,3.2
2020-03-24 06:00:00,117.55
2020-03-24 07:00:00,346.7
2020-03-24 08:00:00,579.45
2020-03-24 09:00:00,791.58
2020-03-24 10:00:00,924.67
2020-03-24 11:00:00,973.58
2020-03-24 12:00:00,922.62
2020-03-24 13:00:00,630.97
2020-03-24 14:00:00,601.9
2020-03-24 15:00:00,427.08
2020-03-24 16:00:00,198.2
2020-03-24 17:00:00,24.48
2020-03-24 18:00:00,0.0
2020-03-24 19:00:00,0.0
2020-03-24 20:00:00,0.0
2020-03-24 21:00:00,0.0
2020-03-24 22:00:00,0.0
2020-03-24 23:00:00,0.0
2020-03-25 00:00:00,0.0
2020-03-25 01:00:00,0.0
2020-03-25 02:00:00,0.0
2020-03-25 03:00:00,0.0
2020-03-25 04:00:00,0.0
2020-03-25 05:00:00,3.28
2020-03-25 06:00:00,115.2
2020-03-25 07:00:00,347.33
2020-03-25 08:00:00,581.72
2020-03-25 09:00:00,777.35
2020-03-25 10:00:00,897.17
2020-03-25 11:00:00,731.97
2020-03-25 12:00:00,767.83
2020-03-25 13:00:00,778.03
2020-03-25 14:00:00,639.38
2020-03-25 15:00:00,434.67
2020-03-25 16:00:00,225.75
2020-03-25 17:00:00,30.05
2020-03-25 18:00:00,0.0
2020-03-25 19:00:00,0.0
2020-03-25 20:00:00,0.0
2020-03-25 21:00:00,0.0
2020-03-25 22:00:00,0.0
2020-03-25 23:00:00,0.0
2020-03-26 00:00:00,0.0
2020-03-26 01:00:00,0.0
2020-03-26 02:00:00,0.0
2020-03-26 03:00:00,0.0
2020-03-26 04:00:00,0.0
2020-03-26 05:00:00,3.53
2020-03-26 06:00:00,116.18
2020-03-26 07:00:00,329.65
2020-03-26 08:00:00,578.05
2020-03-26 09:00:00,785.92
2020-03-26 10:00:00,863.2
2020-03-26 11:00:00,949.12
2020-03-26 12:00:00,902.35
2020-03-26 13:00:00,735.17
2020-03-26 14:00:00,618.83
2020-03-26 15:00:00,419.17
2020-03-26 16:00:00,191.02
2020-03-26 17:00:00,20.05
2020-03-26 18:00:00,0.0
2020-03-26 19:00:00,0.0
2020-03-26 20:00:00,0.0
2020-03-26 21:00:00,0.0
2020-03-26 22:00:00,0.0
2020-03-26 23:00:00,0.0
2020-03-27 00:00:00,0.0
2020-03-27 01:00:00,0.0
2020-03-27 02:00:00,0.0
2020-03-27 03:00:00,0.0
2020-03-27 04:00:00,0.0
2020-03-27 05:00:00,4.05
2020-03-27 06:00:00,123.03
2020-03-27 07:00:00,344.15
2020-03-27 08:00:00,574.08
2020-03-27 09:00:00,781.55
2020-03-27 10:00:00,915.6
2020-03-27 11:00:00,880.05
2020-03-27 12:00:00,952.05
2020-03-27 13:00:00,847.45
2020-03-27 14:00:00,685.25
2020-03-27 15:00:00,464.1
2020-03-27 16:00:00,226.4
2020-03-27 17:00:00,31.5
2020-03-27 18:00:00,0.0
2020-03-27 19:00:00,0.0
2020-03-27 20:00:00,0.0
2020-03-27 21:00:00,0.0
2020-03-27 22:00:00,0.0
2020-03-27 23:00:00,0.0
2020-03-28 00:00:00,0.0
2020-03-28 01:00:00,0.0
2020-03-28 02:00:00,0.0
2020-03-28 03:00:00,0.0
2020-03-28 04:00:00,0.0
2020-03-28 05:00:00,4.57
2020-03-28 06:00:00,147.95
2020-03-28 07:00:00,389.35
2020-03-28 08:00:00,625.62
2020-03-28 09:00:00,822.9
2020-03-28 10:00:00,930.67
2020-03-28 11:00:00,985.15
2020-03-28 12:00:00,954.1
2020-03-28 13:00:00,797.42
2020-03-28 14:00:00,689.58
2020-03-28 15:00:00,467.8
2020-03-28 16:00:00,221.6
2020-03-28 17:00:00,26.73
2020-03-28 18:00:00,0.0
2020-03-28 19:00:00,0.0
2020-03-28 20:00:00,0.0
2020-03-28 21:00:00,0.0
2020-03-28 22:00:00,0.0
2020-03-28 23:00:00,0.0
2020-03-29 00:00:00,0.0
2020-03-29 01:00:00,0.0
2020-03-29 02:00:00,0.0
2020-03-29 03:00:00,0.0
2020-03-29 04:00:00,0.0
2020-03-29 05:00:00,4.97
2020-03-29 06:00:00,143.1
2020-03-29 07:00:00,389.83
2020-03-29 08:00:00,629.08
2020-03-29 09:00:00,838.08
2020-03-29 10:00:00,943.03
2020-03-29 11:00:00,938.12
2020-03-29 12:00:00,865.28
2020-03-29 13:00:00,772.38
2020-03-29 14:00:00,609.6
2020-03-29 15:00:00,406.73
2020-03-29 16:00:00,197.9
2020-03-29 17:00:00,28.73
2020-03-29 18:00:00,0.0
2020-03-29 19:00:00,0.0
2020-03-29 20:00:00,0.0
2020-03-29 21:00:00,0.0
2020-03-29 22:00:00,0.0
2020-03-29 23:00:00,0.0
2020-03-30 00:00:00,0.0
2020-03-30 01:00:00,0.0
2020-03-30 02:00:00,0.0
2020-03-30 03:00:00,0.0
2020-03-30 04:00:00,0.0
2020-03-30 05:00:00,5.4
2020-03-30 06:00:00,138.9
2020-03-30 07:00:00,379.25
2020-03-30 08:00:00,623.95
2020-03-30 09:00:00,818.7
2020-03-30 10:00:00,864.6
2020-03-30 11:00:00,977.92
2020-03-30 12:00:00,960.22
2020-03-30 13:00:00,847.8
2020-03-30 14:00:00,706.58
2020-03-30 15:00:00,483.42
2020-03-30 16:00:00,234.02
2020-03-30 17:00:00,28.7
2020-03-30 18:00:00,0.0
2020-03-30 19:00:00,0.0
2020-03-30 20:00:00,0.0
2020-03-30 21:00:00,0.0
2020-03-30 22:00:00,0.0
2020-03-30 23:00:00,0.0
2020-03-31 00:00:00,0.0
2020-03-31 01:00:00,0.0
2020-03-31 02:00:00,0.0
2020-03-31 03:00:00,0.0
2020-03-31 04:00:00,0.0
2020-03-31 05:00:00,5.15
2020-03-31 06:00:00,126.95
2020-03-31 07:00:00,346.2
2020-03-31 08:00:00,560.92
2020-03-31 09:00:00,779.53
2020-03-31 10:00:00,825.33
2020-03-31 11:00:00,981.47
2020-03-31 12:00:00,944.67
2020-03-31 13:00:00,854.45
2020-03-31 14:00:00,684.92
2020-03-31 15:00:00,464.0
2020-03-31 16:00:00,222.38
2020-03-31 17:00:00,29.73
2020-03-31 18:00:00,0.0
2020-03-31 19:00:00,0.0
2020-03-31 20:00:00,0.0
2020-03-31 21:00:00,0.0
2020-03-31 22:00:00,0.0
2020-03-31 23:00:00,0.0
2020-04-01 00:00:00,0.0
2020-04-01 01:00:00,0.0
2020-04-01 02:00:00,0.0
2020-04-01 03:00:00,0.0
2020-04-01 04:00:00,0.0
2020-04-01 05:00:00,5.18
2020-04-01 06:00:00,127.93
2020-04-01 07:00:00,353.5
2020-04-01 08:00:00,580.28
2020-04-01 09:00:00,745.45
2020-04-01 10:00:00,844.17
2020-04-01 11:00:00,924.0
2020-04-01 12:00:00,943.25
2020-04-01 13:00:00,834.15
2020-04-01 14:00:00,686.42
2020-04-01 15:00:00,467.6
2020-04-01 16:00:00,223.75
2020-04-01 17:00:00,26.1
2020-04-01 18:00:00,0.0
2020-04-01 19:00:00,0.0
2020-04-01 20:00:00,0.0
2020-04-01 21:00:00,0.0
2020-04-01 22:00:00,0.0
2020-04-01 23:00:00,0.0
2020-04-02 00:00:00,0.0
2020-04-02 01:00:00,0.0
2020-04-02 02:00:00,0.0
2020-04-02 03:00:00,0.0
2020-04-02 04:00:00,0.0
2020-04-02 05:00:00,5.18
2020-04-02 06:00:00,137.25
2020-04-02 07:00:00,362.73
2020-04-02 08:00:00,576.47
2020-04-02 09:00:00,763.8
2020-04-02 10:00:00,872.67
2020-04-02 11:00:00,895.8
2020-04-02 12:00:00,847.97
2020-04-02 13:00:00,808.38
2020-04-02 14:00:00,657.92
2020-04-02 15:00:00,443.9
2020-04-02 16:00:00,206.45
2020-04-02 17:00:00,22.67
2020-04-02 18:00:00,0.0
2020-04-02 19:00:00,0.0
2020-04-02 20:00:00,0.0
2020-04-02 21:00:00,0.0
2020-04-02 22:00:00,0.0
2020-04-02 23:00:00,0.0
2020-04-03 00:00:00,0.0
2020-04-03 01:00:00,0.0
2020-04-03 02:00:00,0.0
2020-04-03 03:00:00,0.0
2020-04-03 04:00:00,0.0
2020-04-03 05:00:00,5.8
2020-04-03 06:00:00,130.15
2020-04-03 07:00:00,362.92
2020-04-03 08:00:00,585.97
2020-04-03 09:00:00,783.33
2020-04-03 10:00:00,906.08
2020-04-03 11:00:00,898.25
2020-04-03 12:00:00,855.97
2020-04-03 13:00:00,845.9
2020-04-03 14:00:00,701.4
2020-04-03 15:00:00,480.75
2020-04-03 16:00:00,233.32
2020-04-03 17:00:00,28.7
2020-04-03 18:00:00,0.0
2020-04-03 19:00:00,0.0
2020-04-03 20:00:00,0.0
2020-04-03 21:00:00,0.0
2020-04-03 22:00:00,0.0
2020-04-03 23:00:00,0.0
2020-04-04 00:00:00,0.0
2020-04-04 01:00:00,0.0
2020-04-04 02:00:00,0.0
2020-04-04 03:00:00,0.0
2020-04-04 04:00:00,0.0
2020-04-04 05:00:00,6.55
2020-04-04 06:00:00,141.73
2020-04-04 07:00:00,380.05
2020-04-04 08:00:00,607.62
2020-04-04 09:00:00,802.03
2020-04-04 10:00:00,901.42
2020-04-04 11:00:00,831.38
2020-04-04 12:00:00,815.92
2020-04-04 13:00:00,815.5
2020-04-04 14:00:00,659.45
2020-04-04 15:00:00,443.38
2020-04-04 16:00:00,206.23
2020-04-04 17:00:00,24.17
2020-04-04 18:00:00,0.0
2020-04-04 19:00:00,0.0
2020-04-04 20:00:00,0.0
2020-04-04 21:00:00,0.0
2020-04-04 22:00:00,0.0
2020-04-04 23:00:00,0.0
2020-04-05 00:00:00,0.0
2020-04-05 01:00:00,0.0
2020-04-05 02:00:00,0.0
2020-04-05 03:00:00,0.0
2020-04-05 04:00:00,0.0
2020-04-05 05:00:00,7.15
2020-04-05 06:00:00,143.88
2020-04-05 07:00:00,368.3
2020-04-05 08:00:00,579.38
2020-04-05 09:00:00,743.65
2020-04-05 10:00:00,898.38
2020-04-05 11:00:00,958.17
2020-04-05 12:00:00,950.85
2020-04-05 13:00:00,808.38
2020-04-05 14:00:00,660.35
2020-04-05 15:00:00,477.2
2020-04-05 16:00:00,232.6
2020-04-05 17:00:00,31.98
2020-04-05 18:00:00,0.0
2020-04-05 19:00:00,0.0
2020-04-05 20:00:00,0.0
2020-04-05 21:00:00,0.0
2020-04-05 22:00:00,0.0
2020-04-05 23:00:00,0.0
2020-04-06 00:00:00,0.0
2020-04-06 01:00:00,0.0
2020-04-06 02:00:00,0.0
2020-04-06 03:00:00,0.0
2020-04-06 04:00:00,0.0
2020-04-06 05:00:00,6.47
2020-04-06 06:00:00,124.38
2020-04-06 07:00:00,322.08
2020-04-06 08:00:00,528.97
2020-04-06 09:00:00,725.9
2020-04-06 10:00:00,852.6
2020-04-06 11:00:00,898.65
2020-04-06 12:00:00,867.22
2020-04-06 13:00:00,818.33
2020-04-06 14:00:00,614.08
2020-04-06 15:00:00,452.98
2020-04-06 16:00:00,213.38
2020-04-06 17:00:00,30.2
2020-04-06 18:00:00,0.0
2020-04-06 19:00:00,0.0
2020-04-06 20:00:00,0.0
2020-04-06 21:00:00,0.0
2020-04-06 22:00:00,0.0
2020-04-06 23:00:00,0.0
2020-04-07 00:00:00,0.0
2020-04-07 01:00:00,0.0
2020-04-07 02:00:00,0.0
2020-04-07 03:00:00,0.0
2020-04-07 04:00:00,0.0
2020-04-07 05:00:00,6.78
2020-04-07 06:00:00,115.8
2020-04-07 07:00:00,285.05
2020-04-07 08:00:00,466.27
2020-04-07 09:00:00,635.05
2020-04-07 10:00:00,748.92
2020-04-07 11:00:00,859.25
2020-04-07 12:00:00,862.47
2020-04-07 13:00:00,751.17
2020-04-07 14:00:00,498.3
2020-04-07 15:00:00,253.4
2020-04-07 16:00:00,120.1
2020-04-07 17:00:00,18.77
2020-04-07 18:00:00,0.0
2020-04-07 19:00:00,0.0
2020-04-07 20:00:00,0.0
2020-04-07 21:00:00,0.0
2020-04-07 22:00:00,0.0
2020-04-07 23:00:00,0.0
2020-04-08 00:00:00,0.0
2020-04-08 01:00:00,0.0
2020-04-08 02:00:00,0.0
2020-04-08 03:00:00,0.0
2020-04-08 04:00:00,0.0
2020-04-08 05:00:00,6.35
2020-04-08 06:00:00,110.78
2020-04-08 07:00:00,276.33
2020-04-08 08:00:00,511.25
2020-04-08 09:00:00,732.47
2020-04-08 10:00:00,851.72
2020-04-08 11:00:00,894.7
2020-04-08 12:00:00,900.38
2020-04-08 13:00:00,829.22
2020-04-08 14:00:00,644.85
2020-04-08 15:00:00,408.65
2020-04-08 16:00:00,197.57
2020-04-08 17:00:00,29.0
2020-04-08 18:00:00,0.0
2020-04-08 19:00:00,0.0
2020-04-08 20:00:00,0.0
2020-04-08 21:00:00,0.0
2020-04-08 22:00:00,0.0
2020-04-08 23:00:00,0.0
2020-04-09 00:00:00,0.0
2020-04-09 01:00:00,0.0
2020-04-09 02:00:00,0.0
2020-04-09 03:00:00,0.0
2020-04-09 04:00:00,0.0
2020-04-09 05:00:00,7.93
2020-04-09 06:00:00,134.7
2020-04-09 07:00:00,332.75
2020-04-09 08:00:00,543.88
2020-04-09 09:00:00,778.03
2020-04-09 10:00:00,867.03
2020-04-09 11:00:00,915.6
2020-04-09 12:00:00,896.25
2020-04-09 13:00:00,797.5
2020-04-09 14:00:00,552.9
2020-04-09 15:00:00,280.85
2020-04-09 16:00:00,134.23
2020-04-09 17:00:00,21.23
2020-04-09 18:00:00,0.0
2020-04-09 19:00:00,0.0
2020-04-09 20:00:00,0.0
2020-04-09 21:00:00,0.0
2020-04-09 22:00:00,0.0
2020-04-09 23:00:00,0.0
2020-04-10 00:00:00,0.0
2020-04-10 01:00:00,0.0
2020-04-10 02:00:00,0.0
2020-04-10 03:00:00,0.0
2020-04-10 04:00:00,0.0
2020-04-10 05:00:00,8.02
2020-04-10 06:00:00,140.73
2020-04-10 07:00:00,373.2
2020-04-10 08:00:00,598.15
2020-04-10 09:00:00,805.7
2020-04-10 10:00:00,855.67
2020-04-10 11:00:00,887.5
2020-04-10 12:00:00,740.08
2020-04-10 13:00:00,632.45
2020-04-10 14:00:00,508.58
2020-04-10 15:00:00,324.85
2020-04-10 16:00:00,160.88
2020-04-10 17:00:00,26.1
2020-04-10 18:00:00,0.0
2020-04-10 19:00:00,0.0
2020-04-10 20:00:00,0.0
2020-04-10 21:00:00,0.0
2020-04-10 22:00:00,0.0
2020-04-10 23:00:00,0.0
2020-04-11 00:00:00,0.0
2020-04-11 01:00:00,0.0
2020-04-11 02:00:00,0.0
2020-04-11 03:00:00,0.0
2020-04-11 04:00:00,0.0
2020-04-11 05:00:00,8.85
2020-04-11 06:00:00,149.65
2020-04-11 07:00:00,374.77
2020-04-11 08:00:00,601.17
2020-04-11 09:00:00,798.62
2020-04-11 10:00:00,855.08
2020-04-11 11:00:00,770.42
2020-04-11 12:00:00,881.4
2020-04-11 13:00:00,752.65
2020-04-11 14:00:00,620.17
2020-04-11 15:00:00,428.35
2020-04-11 16:00:00,198.1
2020-04-11 17:00:00,22.75
2020-04-11 18:00:00,0.0
2020-04-11 19:00:00,0.0
2020-04-11 20:00:00,0.0
2020-04-11 21:00:00,0.0
2020-04-11 22:00:00,0.0
2020-04-11 23:00:00,0.0
2020-04-12 00:00:00,0.0
2020-04-12 01:00:00,0.0
2020-04-12 02:00:00,0.0
2020-04-12 03:00:00,0.0
2020-04-12 04:00:00,0.0
2020-04-12 05:00:00,10.05
2020-04-12 06:00:00,163.9
2020-04-12 07:00:00,401.73
2020-04-12 08:00:00,634.47
2020-04-12 09:00:00,831.17
2020-04-12 10:00:00,891.45
2020-04-12 11:00:00,956.55
2020-04-12 12:00:00,913.88
2020-04-12 13:00:00,857.03
2020-04-12 14:00:00,699.05
2020-04-12 15:00:00,478.05
2020-04-12 16:00:00,232.98
2020-04-12 17:00:00,28.42
2020-04-12 18:00:00,0.0
2020-04-12 19:00:00,0.0
2020-04-12 20:00:00,0.0
2020-04-12 21:00:00,0.0
2020-04-12 22:00:00,0.0
2020-04-12 23:00:00,0.0
2020-04-13 00:00:00,0.0
2020-04-13 01:00:00,0.0
2020-04-13 02:00:00,0.0
2020-04-13 03:00:00,0.0
2020-04-13 04:00:00,0.0
2020-04-13 05:00:00,9.65
2020-04-13 06:00:00,151.9
2020-04-13 07:00:00,389.1
2020-04-13 08:00:00,622.05
2020-04-13 09:00:00,817.03
2020-04-13 10:00:00,941.83
2020-04-13 11:00:00,998.65
2020-04-13 12:00:00,978.9
2020-04-13 13:00:00,671.33
2020-04-13 14:00:00,647.15
2020-04-13 15:00:00,433.52
2020-04-13 16:00:00,200.32
2020-04-13 17:00:00,23.77
2020-04-13 18:00:00,0.0
2020-04-13 19:00:00,0.0
2020-04-13 20:00:00,0.0
2020-04-13 21:00:00,0.0
2020-04-13 22:00:00,0.0
2020-04-13 23:00:00,0.0
2020-04-14 00:00:00,0.0
2020-04-14 01:00:00,0.0
2020-04-14 02:00:00,0.0
2020-04-14 03:00:00,0.0
2020-04-14 04:00:00,0.0
2020-04-14 05:00:00,11.07
2020-04-14 06:00:00,167.55
2020-04-14 07:00:00,407.17
2020-04-14 08:00:00,635.97
2020-04-14 09:00:00,836.03
2020-04-14 10:00:00,904.17
2020-04-14 11:00:00,953.5
2020-04-14 12:00:00,860.47
2020-04-14 13:00:00,768.88
2020-04-14 14:00:00,612.83
2020-04-14 15:00:00,413.75
2020-04-14 16:00:00,204.52
2020-04-14 17:00:00,31.02
2020-04-14 18:00:00,0.0
2020-04-14 19:00:00,0.0
2020-04-14 20:00:00,0.0
2020-04-14 21:00:00,0.0
2020-04-14 22:00:00,0.0
2020-04-14 23:00:00,0.0
2020-04-15 00:00:00,0.0
2020-04-15 01:00:00,0.0
2020-04-15 02:00:00,0.0
2020-04-15 03:00:00,0.0
2020-04-15 04:00:00,0.0
2020-04-15 05:00:00,11.02
2020-04-15 06:00:00,168.32
2020-04-15 07:00:00,406.42
2020-04-15 08:00:00,632.85
2020-04-15 09:00:00,825.5
2020-04-15 10:00:00,950.88
2020-04-15 11:00:00,1018.62
2020-04-15 12:00:00,998.05
2020-04-15 13:00:00,832.47
2020-04-15 14:00:00,706.03
2020-04-15 15:00:00,481.52
2020-04-15 16:00:00,234.12
2020-04-15 17:00:00,30.85
2020-04-15 18:00:00,0.0
2020-04-15 19:00:00,0.0
2020-04-15 20:00:00,0.0
2020-04-15 21:00:00,0.0
2020-04-15 22:00:00,0.0
2020-04-15 23:00:00,0.0
2020-04-16 00:00:00,0.0
2020-04-16 01:00:00,0.0
2020-04-16 02:00:00,0.0
2020-04-16 03:00:00,0.0
2020-04-16 04:00:00,0.0
2020-04-16 05:00:00,11.65
2020-04-16 06:00:00,167.02
2020-04-16 07:00:00,403.23
2020-04-16 08:00:00,623.42
2020-04-16 09:00:00,831.17
2020-04-16 10:00:00,901.5
2020-04-16 11:00:00,845.92
2020-04-16 12:00:00,973.62
2020-04-16 13:00:00,715.1
2020-04-16 14:00:00,664.5
2020-04-16 15:00:00,442.3
2020-04-16 16:00:00,205.9
2020-04-16 17:00:00,26.52
2020-04-16 18:00:00,0.0
2020-04-16 19:00:00,0.0
2020-04-16 20:00:00,0.0
2020-04-16 21:00:00,0.0
2020-04-16 22:00:00,0.0
2020-04-16 23:00:00,0.0
2020-04-17 00:00:00,0.0
2020-04-17 01:00:00,0.0
2020-04-17 02:00:00,0.0
2020-04-17 03:00:00,0.0
2020-04-17 04:00:00,0.0
2020-04-17 05:00:00,12.18
2020-04-17 06:00:00,148.23
2020-04-17 07:00:00,327.9
2020-04-17 08:00:00,548.8
2020-04-17 09:00:00,768.38
2020-04-17 10:00:00,775.55
2020-04-17 11:00:00,752.03
2020-04-17 12:00:00,923.65
2020-04-17 13:00:00,741.78
2020-04-17 14:00:00,693.72
2020-04-17 15:00:00,476.33
2020-04-17 16:00:00,236.5
2020-04-17 17:00:00,33.9
2020-04-17 18:00:00,0.0
2020-04-17 19:00:00,0.0
2020-04-17 20:00:00,0.0
2020-04-17 21:00:00,0.0
2020-04-17 22:00:00,0.0
2020-04-17 23:00:00,0.0
2020-04-18 00:00:00,0.0
2020-04-18 01:00:00,0.0
2020-04-18 02:00:00,0.0
2020-04-18 03:00:00,0.0
2020-04-18 04:00:00,0.0
2020-04-18 05:00:00,12.65
2020-04-18 06:00:00,167.02
2020-04-18 07:00:00,393.7
2020-04-18 08:00:00,615.17
2020-04-18 09:00:00,820.9
2020-04-18 10:00:00,941.9
2020-04-18 11:00:00,936.78
2020-04-18 12:00:00,956.42
2020-04-18 13:00:00,881.17
2020-04-18 14:00:00,713.53
2020-04-18 15:00:00,495.0
2020-04-18 16:00:00,251.32
2020-04-18 17:00:00,37.8
2020-04-18 18:00:00,0.0
2020-04-18 19:00:00,0.0
2020-04-18 20:00:00,0.0
2020-04-18 21:00:00,0.0
2020-04-18 22:00:00,0.0
2020-04-18 23:00:00,0.0
2020-04-19 00:00:00,0.0
2020-04-19 01:00:00,0.0
2020-04-19 02:00:00,0.0
2020-04-19 03:00:00,0.0
2020-04-19 04:00:00,0.0
2020-04-19 05:00:00,11.55
2020-04-19 06:00:00,155.48
2020-04-19 07:00:00,363.35
2020-04-19 08:00:00,588.88
2020-04-19 09:00:00,801.17
2020-04-19 10:00:00,892.62
2020-04-19 11:00:00,979.03
2020-04-19 12:00:00,873.1
2020-04-19 13:00:00,858.03
2020-04-19 14:00:00,708.78
2020-04-19 15:00:00,482.23
2020-04-19 16:00:00,235.8
2020-04-19 17:00:00,32.17
2020-04-19 18:00:00,0.0
2020-04-19 19:00:00,0.0
2020-04-19 20:00:00,0.0
2020-04-19 21:00:00,0.0
2020-04-19 22:00:00,0.0
2020-04-19 23:00:00,0.0
2020-04-20 00:00:00,0.0
2020-04-20 01:00:00,0.0
2020-04-20 02:00:00,0.0
2020-04-20 03:00:00,0.0
2020-04-20 04:00:00,0.0
2020-04-20 05:00:00,14.57
2020-04-20 06:00:00,177.57
2020-04-20 07:00:00,415.08
2020-04-20 08:00:00,638.28
2020-04-20 09:00:00,785.53
2020-04-20 10:00:00,817.55
2020-04-20 11:00:00,1007.62
2020-04-20 12:00:00,985.83
2020-04-20 13:00:00,886.12
2020-04-20 14:00:00,716.65
2020-04-20 15:00:00,492.6
2020-04-20 16:00:00,242.12
2020-04-20 17:00:00,32.95
2020-04-20 18:00:00,0.0
2020-04-20 19:00:00,0.0
2020-04-20 20:00:00,0.0
2020-04-20 21:00:00,0.0
2020-04-20 22:00:00,0.0
2020-04-20 23:00:00,0.0
2020-04-21 00:00:00,0.0
2020-04-21 01:00:00,0.0
2020-04-21 02:00:00,0.0
2020-04-21 03:00:00,0.0
2020-04-21 04:00:00,0.0
2020-04-21 05:00:00,16.58
2020-04-21 06:00:00,188.98
2020-04-21 07:00:00,421.52
2020-04-21 08:00:00,640.05
2020-04-21 09:00:00,825.25
2020-04-21 10:00:00,958.42
2020-04-21 11:00:00,939.55
2020-04-21 12:00:00,914.58
2020-04-21 13:00:00,764.7
2020-04-21 14:00:00,553.65
2020-04-21 15:00:00,390.95
2020-04-21 16:00:00,204.93
2020-04-21 17:00:00,33.92
2020-04-21 18:00:00,0.0
2020-04-21 19:00:00,0.0
2020-04-21 20:00:00,0.0
2020-04-21 21:00:00,0.0
2020-04-21 22:00:00,0.0
2020-04-21 23:00:00,0.0
2020-04-22 00:00:00,0.0
2020-04-22 01:00:00,0.0
2020-04-22 02:00:00,0.0
2020-04-22 03:00:00,0.0
2020-04-22 04:00:00,0.0
2020-04-22 05:00:00,13.7
2020-04-22 06:00:00,175.1
2020-04-22 07:00:00,394.15
2020-04-22 08:00:00,602.85
2020-04-22 09:00:00,823.7
2020-04-22 10:00:00,940.78
2020-04-22 11:00:00,981.03
2020-04-22 12:00:00,822.97
2020-04-22 13:00:00,830.08
2020-04-22 14:00:00,633.0
2020-04-22 15:00:00,456.25
2020-04-22 16:00:00,217.57
2020-04-22 17:00:00,27.7
2020-04-22 18:00:00,0.0
2020-04-22 19:00:00,0.0
2020-04-22 20:00:00,0.0
2020-04-22 21:00:00,0.0
2020-04-22 22:00:00,0.0
2020-04-22 23:00:00,0.0
2020-04-23 00:00:00,0.0
2020-04-23 01:00:00,0.0
2020-04-23 02:00:00,0.0
2020-04-23 03:00:00,0.0
2020-04-23 04:00:00,0.0
2020-04-23 05:00:00,12.6
2020-04-23 06:00:00,150.45
2020-04-23 07:00:00,319.52
2020-04-23 08:00:00,601.12
2020-04-23 09:00:00,810.45
2020-04-23 10:00:00,935.78
2020-04-23 11:00:00,832.15
2020-04-23 12:00:00,934.53
2020-04-23 13:00:00,709.22
2020-04-23 14:00:00,585.12
2020-04-23 15:00:00,445.98
2020-04-23 16:00:00,248.7
2020-04-23 17:00:00,37.42
2020-04-23 18:00:00,0.0
2020-04-23 19:00:00,0.0
2020-04-23 20:00:00,0.0
2020-04-23 21:00:00,0.0
2020-04-23 22:00:00,0.0
2020-04-23 23:00:00,0.0
2020-04-24 00:00:00,0.0
2020-04-24 01:00:00,0.0
2020-04-24 02:00:00,0.0
2020-04-24 03:00:00,0.0
2020-04-24 04:00:00,0.0
2020-04-24 05:00:00,13.32
2020-04-24 06:00:00,145.25
2020-04-24 07:00:00,364.67
2020-04-24 08:00:00,552.47
2020-04-24 09:00:00,734.55
2020-04-24 10:00:00,767.78
2020-04-24 11:00:00,923.72
2020-04-24 12:00:00,918.4
2020-04-24 13:00:00,825.83
2020-04-24 14:00:00,655.83
2020-04-24 15:00:00,460.9
2020-04-24 16:00:00,227.65
2020-04-24 17:00:00,33.78
2020-04-24 18:00:00,0.0
2020-04-24 19:00:00,0.0
2020-04-24 20:00:00,0.0
2020-04-24 21:00:00,0.0
2020-04-24 22:00:00,0.0
2020-04-24 23:00:00,0.0
2020-04-25 00:00:00,0.0
2020-04-25 01:00:00,0.0
2020-04-25 02:00:00,0.0
2020-04-25 03:00:00,0.0
2020-04-25 04:00:00,0.0
2020-04-25 05:00:00,14.98
2020-04-25 06:00:00,159.75
2020-04-25 07:00:00,355.9
2020-04-25 08:00:00,547.62
2020-04-25 09:00:00,737.92
2020-04-25 10:00:00,846.65
2020-04-25 11:00:00,925.88
2020-04-25 12:00:00,886.65
2020-04-25 13:00:00,792.0
2020-04-25 14:00:00,607.47
2020-04-25 15:00:00,371.88
2020-04-25 16:00:00,180.68
2020-04-25 17:00:00,26.27
2020-04-25 18:00:00,0.0
2020-04-25 19:00:00,0.0
2020-04-25 20:00:00,0.0
2020-04-25 21:00:00,0.0
2020-04-25 22:00:00,0.0
2020-04-25 23:00:00,0.0
2020-04-26 00:00:00,0.0
2020-04-26 01:00:00,0.0
2020-04-26 02:00:00,0.0
2020-04-26 03:00:00,0.0
2020-04-26 04:00:00,0.0
2020-04-26 05:00:00,3.08
2020-04-26 06:00:00,20.12
2020-04-26 07:00:00,36.92
2020-04-26 08:00:00,58.08
2020-04-26 09:00:00,76.25
2020-04-26 10:00:00,122.18
2020-04-26 11:00:00,226.48
2020-04-26 12:00:00,421.4
2020-04-26 13:00:00,428.92
2020-04-26 14:00:00,407.9
2020-04-26 15:00:00,323.25
2020-04-26 16:00:00,146.3
2020-04-26 17:00:00,28.2
2020-04-26 18:00:00,0.0
2020-04-26 19:00:00,0.0
2020-04-26 20:00:00,0.0
2020-04-26 21:00:00,0.0
2020-04-26 22:00:00,0.0
2020-04-26 23:00:00,0.0
2020-04-27 00:00:00,0.0
2020-04-27 01:00:00,0.0
2020-04-27 02:00:00,0.0
2020-04-27 03:00:00,0.0
2020-04-27 04:00:00,0.0
2020-04-27 05:00:00,14.77
2020-04-27 06:00:00,130.25
2020-04-27 07:00:00,316.7
2020-04-27 08:00:00,508.35
2020-04-27 09:00:00,700.25
2020-04-27 10:00:00,805.17
2020-04-27 11:00:00,900.2
2020-04-27 12:00:00,850.9
2020-04-27 13:00:00,795.17
2020-04-27 14:00:00,636.05
2020-04-27 15:00:00,427.33
2020-04-27 16:00:00,214.07
2020-04-27 17:00:00,31.25
2020-04-27 18:00:00,0.0
2020-04-27 19:00:00,0.0
2020-04-27 20:00:00,0.0
2020-04-27 21:00:00,0.0
2020-04-27 22:00:00,0.0
2020-04-27 23:00:00,0.0
2020-04-28 00:00:00,0.0
2020-04-28 01:00:00,0.0
2020-04-28 02:00:00,0.0
2020-04-28 03:00:00,0.0
2020-04-28 04:00:00,0.0
2020-04-28 05:00:00,16.9
2020-04-28 06:00:00,163.85
2020-04-28 07:00:00,362.15
2020-04-28 08:00:00,540.8
2020-04-28 09:00:00,701.92
2020-04-28 10:00:00,847.1
2020-04-28 11:00:00,849.17
2020-04-28 12:00:00,844.3
2020-04-28 13:00:00,765.47
2020-04-28 14:00:00,613.5
2020-04-28 15:00:00,427.08
2020-04-28 16:00:00,210.12
2020-04-28 17:00:00,31.73
2020-04-28 18:00:00,0.0
2020-04-28 19:00:00,0.0
2020-04-28 20:00:00,0.0
2020-04-28 21:00:00,0.0
2020-04-28 22:00:00,0.0
2020-04-28 23:00:00,0.0
2020-04-29 00:00:00,0.0
2020-04-29 01:00:00,0.0
2020-04-29 02:00:00,0.0
2020-04-29 03:00:00,0.0
2020-04-29 04:00:00,0.0
2020-04-29 05:00:00,13.52
2020-04-29 06:00:00,125.82
2020-04-29 07:00:00,305.7
2020-04-29 08:00:00,490.42
2020-04-29 09:00:00,660.85
2020-04-29 10:00:00,752.58
2020-04-29 11:00:00,797.38
2020-04-29 12:00:00,794.7
2020-04-29 13:00:00,763.62
2020-04-29 14:00:00,635.35
2020-04-29 15:00:00,451.1
2020-04-29 16:00:00,223.75
2020-04-29 17:00:00,35.12
2020-04-29 18:00:00,0.0
2020-04-29 19:00:00,0.0
2020-04-29 20:00:00,0.0
2020-04-29 21:00:00,0.0
2020-04-29 22:00:00,0.0
2020-04-29 23:00:00,0.0
2020-04-30 00:00:00,0.0
2020-04-30 01:00:00,0.0
2020-04-30 02:00:00,0.0
2020-04-30 03:00:00,0.0
2020-04-30 04:00:00,0.0
2020-04-30 05:00:00,16.08
2020-04-30 06:00:00,148.48
2020-04-30 07:00:00,359.1
2020-04-30 08:00:00,559.65
2020-04-30 09:00:00,703.47
2020-04-30 10:00:00,862.1
2020-04-30 11:00:00,917.6
2020-04-30 12:00:00,724.85
2020-04-30 13:00:00,809.38
2020-04-30 14:00:00,650.38
2020-04-30 15:00:00,442.17
2020-04-30 16:00:00,216.77
2020-04-30 17:00:00,32.92
2020-04-30 18:00:00,0.0
2020-04-30 19:00:00,0.0
2020-04-30 20:00:00,0.0
2020-04-30 21:00:00,0.0
2020-04-30 22:00:00,0.0
2020-04-30 23:00:00,0.0
2020-05-01 00:00:00,0.0
2020-05-01 01:00:00,0.0
2020-05-01 02:00:00,0.0
2020-05-01 03:00:00,0.0
2020-05-01 04:00:00,0.0
2020-05-01 05:00:00,13.55
2020-05-01 06:00:00,152.4
2020-05-01 07:00:00,371.75
2020-05-01 08:00:00,577.38
2020-05-01 09:00:00,784.75
2020-05-01 10:00:00,890.47
2020-05-01 11:00:00,828.53
2020-05-01 12:00:00,933.42
2020-05-01 13:00:00,822.05
2020-05-01 14:00:00,619.58
2020-05-01 15:00:00,417.77
2020-05-01 16:00:00,223.4
2020-05-01 17:00:00,33.33
2020-05-01 18:00:00,0.0
2020-05-01 19:00:00,0.0
2020-05-01 20:00:00,0.0
2020-05-01 21:00:00,0.0
2020-05-01 22:00:00,0.0
2020-05-01 23:00:00,0.0
2020-05-02 00:00:00,0.0
2020-05-02 01:00:00,0.0
2020-05-02 02:00:00,0.0
2020-05-02 03:00:00,0.0
2020-05-02 04:00:00,0.0
2020-05-02 05:00:00,16.9
2020-05-02 06:00:00,151.32
2020-05-02 07:00:00,345.98
2020-05-02 08:00:00,545.0
2020-05-02 09:00:00,759.72
2020-05-02 10:00:00,860.03
2020-05-02 11:00:00,908.12
2020-05-02 12:00:00,892.17
2020-05-02 13:00:00,730.1
2020-05-02 14:00:00,602.85
2020-05-02 15:00:00,412.95
2020-05-02 16:00:00,194.77
2020-05-02 17:00:00,24.4
2020-05-02 18:00:00,0.0
2020-05-02 19:00:00,0.0
2020-05-02 20:00:00,0.0
2020-05-02 21:00:00,0.0
2020-05-02 22:00:00,0.0
2020-05-02 23:00:00,0.0
2020-05-03 00:00:00,0.0
2020-05-03 01:00:00,0.0
2020-05-03 02:00:00,0.0
2020-05-03 03:00:00,0.0
2020-05-03 04:00:00,0.0
2020-05-03 05:00:00,18.23
2020-05-03 06:00:00,157.98
2020-05-03 07:00:00,368.9
2020-05-03 08:00:00,574.0
2020-05-03 09:00:00,805.4
2020-05-03 10:00:00,787.55
2020-05-03 11:00:00,824.92
2020-05-03 12:00:00,929.95
2020-05-03 13:00:00,770.72
2020-05-03 14:00:00,637.6
2020-05-03 15:00:00,443.73
2020-05-03 16:00:00,219.23
2020-05-03 17:00:00,34.62
2020-05-03 18:00:00,0.0
2020-05-03 19:00:00,0.0
2020-05-03 20:00:00,0.0
2020-05-03 21:00:00,0.0
2020-05-03 22:00:00,0.0
2020-05-03 23:00:00,0.0
2020-05-04 00:00:00,0.0
2020-05-04 01:00:00,0.0
2020-05-04 02:00:00,0.0
2020-05-04 03:00:00,0.0
2020-05-04 04:00:00,0.0
2020-05-04 05:00:00,16.98
2020-05-04 06:00:00,147.93
2020-05-04 07:00:00,370.92
2020-05-04 08:00:00,571.4
2020-05-04 09:00:00,772.28
2020-05-04 10:00:00,917.97
2020-05-04 11:00:00,824.68
2020-05-04 12:00:00,912.53
2020-05-04 13:00:00,693.12
2020-05-04 14:00:00,625.03
2020-05-04 15:00:00,402.92
2020-05-04 16:00:00,200.93
2020-05-04 17:00:00,27.33
2020-05-04 18:00:00,0.0
2020-05-04 19:00:00,0.0
2020-05-04 20:00:00,0.0
2020-05-04 21:00:00,0.0
2020-05-04 22:00:00,0.0
2020-05-04 23:00:00,0.0
2020-05-05 00:00:00,0.0
2020-05-05 01:00:00,0.0
2020-05-05 02:00:00,0.0
2020-05-05 03:00:00,0.0
2020-05-05 04:00:00,0.0
2020-05-05 05:00:00,16.92
2020-05-05 06:00:00,165.3
2020-05-05 07:00:00,376.85
2020-05-05 08:00:00,577.45
2020-05-05 09:00:00,790.25
2020-05-05 10:00:00,898.47
2020-05-05 11:00:00,967.95
2020-05-05 12:00:00,802.05
2020-05-05 13:00:00,823.03
2020-05-05 14:00:00,513.45
2020-05-05 15:00:00,430.08
2020-05-05 16:00:00,243.3
2020-05-05 17:00:00,38.9
2020-05-05 18:00:00,0.0
2020-05-05 19:00:00,0.0
2020-05-05 20:00:00,0.0
2020-05-05 21:00:00,0.0
2020-05-05 22:00:00,0.0
2020-05-05 23:00:00,0.0
2020-05-06 00:00:00,0.0
2020-05-06 01:00:00,0.0
2020-05-06 02:00:00,0.0
2020-05-06 03:00:00,0.0
2020-05-06 04:00:00,0.0
2020-05-06 05:00:00,18.77
2020-05-06 06:00:00,152.35
2020-05-06 07:00:00,347.58
2020-05-06 08:00:00,538.22
2020-05-06 09:00:00,674.03
2020-05-06 10:00:00,808.47
2020-05-06 11:00:00,888.58
2020-05-06 12:00:00,891.3
2020-05-06 13:00:00,812.35
2020-05-06 14:00:00,669.83
2020-05-06 15:00:00,432.98
2020-05-06 16:00:00,219.4
2020-05-06 17:00:00,31.8
2020-05-06 18:00:00,0.0
2020-05-06 19:00:00,0.0
2020-05-06 20:00:00,0.0
2020-05-06 21:00:00,0.0
2020-05-06 22:00:00,0.0
2020-05-06 23:00:00,0.0
2020-05-07 00:00:00,0.0
2020-05-07 01:00:00,0.0
2020-05-07 02:00:00,0.0
2020-05-07 03:00:00,0.0
2020-05-07 04:00:00,0.0
2020-05-07 05:00:00,17.05
2020-05-07 06:00:00,126.45
2020-05-07 07:00:00,309.1
2020-05-07 08:00:00,486.12
2020-05-07 09:00:00,670.55
2020-05-07 10:00:00,740.03
2020-05-07 11:00:00,819.12
2020-05-07 12:00:00,852.75
2020-05-07 13:00:00,763.5
2020-05-07 14:00:00,638.47
2020-05-07 15:00:00,433.92
2020-05-07 16:00:00,219.8
2020-05-07 17:00:00,37.08
2020-05-07 18:00:00,0.0
2020-05-07 19:00:00,0.0
2020-05-07 20:00:00,0.0
2020-05-07 21:00:00,0.0
2020-05-07 22:00:00,0.0
2020-05-07 23:00:00,0.0
2020-05-08 00:00:00,0.0
2020-05-08 01:00:00,0.0
2020-05-08 02:00:00,0.0
2020-05-08 03:00:00,0.0
2020-05-08 04:00:00,0.0
2020-05-08 05:00:00,20.65
2020-05-08 06:00:00,179.45
2020-05-08 07:00:00,375.33
2020-05-08 08:00:00,582.1
2020-05-08 09:00:00,756.95
2020-05-08 10:00:00,868.42
2020-05-08 11:00:00,940.62
2020-05-08 12:00:00,928.67
2020-05-08 13:00:00,818.28
2020-05-08 14:00:00,669.6
2020-05-08 15:00:00,468.12
2020-05-08 16:00:00,236.5
2020-05-08 17:00:00,38.4
2020-05-08 18:00:00,0.0
2020-05-08 19:00:00,0.0
2020-05-08 20:00:00,0.0
2020-05-08 21:00:00,0.0
2020-05-08 22:00:00,0.0
2020-05-08 23:00:00,0.0
2020-05-09 00:00:00,0.0
2020-05-09 01:00:00,0.0
2020-05-09 02:00:00,0.0
2020-05-09 03:00:00,0.0
2020-05-09 04:00:00,0.0
2020-05-09 05:00:00,18.23
2020-05-09 06:00:00,170.5
2020-05-09 07:00:00,383.08
2020-05-09 08:00:00,589.12
2020-05-09 09:00:00,798.95
2020-05-09 10:00:00,927.28
2020-05-09 11:00:00,712.17
2020-05-09 12:00:00,908.4
2020-05-09 13:00:00,817.15
2020-05-09 14:00:00,663.95
2020-05-09 15:00:00,463.45
2020-05-09 16:00:00,240.27
2020-05-09 17:00:00,33.42
2020-05-09 18:00:00,0.0
2020-05-09 19:00:00,0.0
2020-05-09 20:00:00,0.0
2020-05-09 21:00:00,0.0
2020-05-09 22:00:00,0.0
2020-05-09 23:00:00,0.0
2020-05-10 00:00:00,0.0
2020-05-10 01:00:00,0.0
2020-05-10 02:00:00,0.0
2020-05-10 03:00:00,0.0
2020-05-10 04:00:00,0.0
2020-05-10 05:00:00,20.58
2020-05-10 06:00:00,179.35
2020-05-10 07:00:00,378.38
2020-05-10 08:00:00,574.62
2020-05-10 09:00:00,759.38
2020-05-10 10:00:00,853.4
2020-05-10 11:00:00,865.65
2020-05-10 12:00:00,827.05
2020-05-10 13:00:00,758.9
2020-05-10 14:00:00,586.53
2020-05-10 15:00:00,436.8
2020-05-10 16:00:00,220.68
2020-05-10 17:00:00,37.4
2020-05-10 18:00:00,0.0
2020-05-10 19:00:00,0.0
2020-05-10 20:00:00,0.0
2020-05-10 21:00:00,0.0
2020-05-10 22:00:00,0.0
2020-05-10 23:00:00,0.0
2020-05-11 00:00:00,0.0
2020-05-11 01:00:00,0.0
2020-05-11 02:00:00,0.0
2020-05-11 03:00:00,0.0
2020-05-11 04:00:00,0.0
2020-05-11 05:00:00,19.98
2020-05-11 06:00:00,169.77
2020-05-11 07:00:00,368.2
2020-05-11 08:00:00,568.08
2020-05-11 09:00:00,779.5
2020-05-11 10:00:00,744.72
2020-05-11 11:00:00,887.47
2020-05-11 12:00:00,849.3
2020-05-11 13:00:00,748.22
2020-05-11 14:00:00,606.8
2020-05-11 15:00:00,344.4
2020-05-11 16:00:00,173.85
2020-05-11 17:00:00,25.73
2020-05-11 18:00:00,0.0
2020-05-11 19:00:00,0.0
2020-05-11 20:00:00,0.0
2020-05-11 21:00:00,0.0
2020-05-11 22:00:00,0.0
2020-05-11 23:00:00,0.0
2020-05-12 00:00:00,0.0
2020-05-12 01:00:00,0.0
2020-05-12 02:00:00,0.0
2020-05-12 03:00:00,0.0
2020-05-12 04:00:00,0.0
2020-05-12 05:00:00,16.55
2020-05-12 06:00:00,102.6
2020-05-12 07:00:00,208.73
2020-05-12 08:00:00,352.38
2020-05-12 09:00:00,485.45
2020-05-12 10:00:00,552.17
2020-05-12 11:00:00,405.1
2020-05-12 12:00:00,207.85
2020-05-12 13:00:00,185.85
2020-05-12 14:00:00,215.52
2020-05-12 15:00:00,211.8
2020-05-12 16:00:00,109.65
2020-05-12 17:00:00,20.65
2020-05-12 18:00:00,0.0
2020-05-12 19:00:00,0.0
2020-05-12 20:00:00,0.0
2020-05-12 21:00:00,0.0
2020-05-12 22:00:00,0.0
2020-05-12 23:00:00,0.0
2020-05-13 00:00:00,0.0
2020-05-13 01:00:00,0.0
2020-05-13 02:00:00,0.0
2020-05-13 03:00:00,0.0
2020-05-13 04:00:00,0.0
2020-05-13 05:00:00,20.83
2020-05-13 06:00:00,162.52
2020-05-13 07:00:00,346.35
2020-05-13 08:00:00,555.28
2020-05-13 09:00:00,737.45
2020-05-13 10:00:00,845.45
2020-05-13 11:00:00,932.72
2020-05-13 12:00:00,888.17
2020-05-13 13:00:00,773.12
2020-05-13 14:00:00,577.38
2020-05-13 15:00:00,405.3
2020-05-13 16:00:00,204.05
2020-05-13 17:00:00,35.25
2020-05-13 18:00:00,0.0
2020-05-13 19:00:00,0.0
2020-05-13 20:00:00,0.0
2020-05-13 21:00:00,0.0
2020-05-13 22:00:00,0.0
2020-05-13 23:00:00,0.0
2020-05-14 00:00:00,0.0
2020-05-14 01:00:00,0.0
2020-05-14 02:00:00,0.0
2020-05-14 03:00:00,0.0
2020-05-14 04:00:00,0.0
2020-05-14 05:00:00,21.25
2020-05-14 06:00:00,165.2
2020-05-14 07:00:00,380.33
2020-05-14 08:00:00,580.53
2020-05-14 09:00:00,789.08
2020-05-14 10:00:00,858.28
2020-05-14 11:00:00,943.88
2020-05-14 12:00:00,912.15
2020-05-14 13:00:00,767.75
2020-05-14 14:00:00,638.25
2020-05-14 15:00:00,414.35
2020-05-14 16:00:00,215.8
2020-05-14 17:00:00,30.7
2020-05-14 18:00:00,0.0
2020-05-14 19:00:00,0.0
2020-05-14 20:00:00,0.0
2020-05-14 21:00:00,0.0
2020-05-14 22:00:00,0.0
2020-05-14 23:00:00,0.0
2020-05-15 00:00:00,0.0
2020-05-15 01:00:00,0.0
2020-05-15 02:00:00,0.0
2020-05-15 03:00:00,0.0
2020-05-15 04:00:00,0.0
2020-05-15 05:00:00,22.7
2020-05-15 06:00:00,165.45
2020-05-15 07:00:00,371.48
2020-05-15 08:00:00,552.65
2020-05-15 09:00:00,719.62
2020-05-15 10:00:00,799.95
2020-05-15 11:00:00,880.08
2020-05-15 12:00:00,850.47
2020-05-15 13:00:00,750.4
2020-05-15 14:00:00,573.17
2020-05-15 15:00:00,402.35
2020-05-15 16:00:00,198.57
2020-05-15 17:00:00,34.95
2020-05-15 18:00:00,0.0
2020-05-15 19:00:00,0.0
2020-05-15 20:00:00,0.0
2020-05-15 21:00:00,0.0
2020-05-15 22:00:00,0.0
2020-05-15 23:00:00,0.0
2020-05-16 00:00:00,0.0
2020-05-16 01:00:00,0.0
2020-05-16 02:00:00,0.0
2020-05-16 03:00:00,0.0
2020-05-16 04:00:00,0.0
2020-05-16 05:00:00,20.85
2020-05-16 06:00:00,147.98
2020-05-16 07:00:00,318.7
2020-05-16 08:00:00,490.77
2020-05-16 09:00:00,643.7
2020-05-16 10:00:00,758.35
2020-05-16 11:00:00,799.6
2020-05-16 12:00:00,704.9
2020-05-16 13:00:00,658.05
2020-05-16 14:00:00,468.27
2020-05-16 15:00:00,326.9
2020-05-16 16:00:00,165.12
2020-05-16 17:00:00,25.98
2020-05-16 18:00:00,0.0
2020-05-16 19:00:00,0.0
2020-05-16 20:00:00,0.0
2020-05-16 21:00:00,0.0
2020-05-16 22:00:00,0.0
2020-05-16 23:00:00,0.0
2020-05-17 00:00:00,0.0
2020-05-17 01:00:00,0.0
2020-05-17 02:00:00,0.0
2020-05-17 03:00:00,0.0
2020-05-17 04:00:00,0.0
2020-05-17 05:00:00,18.38
2020-05-17 06:00:00,145.05
2020-05-17 07:00:00,279.8
2020-05-17 08:00:00,439.7
2020-05-17 09:00:00,598.85
2020-05-17 10:00:00,691.15
2020-05-17 11:00:00,580.45
2020-05-17 12:00:00,561.8
2020-05-17 13:00:00,491.45
2020-05-17 14:00:00,347.67
2020-05-17 15:00:00,208.32
2020-05-17 16:00:00,91.22
2020-05-17 17:00:00,15.07
2020-05-17 18:00:00,0.0
2020-05-17 19:00:00,0.0
2020-05-17 20:00:00,0.0
2020-05-17 21:00:00,0.0
2020-05-17 22:00:00,0.0
2020-05-17 23:00:00,0.0
2020-05-18 00:00:00,0.0
2020-05-18 01:00:00,0.0
2020-05-18 02:00:00,0.0
2020-05-18 03:00:00,0.0
2020-05-18 04:00:00,0.0
2020-05-18 05:00:00,14.85
2020-05-18 06:00:00,95.88
2020-05-18 07:00:00,201.48
2020-05-18 08:00:00,235.48
2020-05-18 09:00:00,246.3
2020-05-18 10:00:00,459.67
2020-05-18 11:00:00,586.5
2020-05-18 12:00:00,522.08
2020-05-18 13:00:00,574.05
2020-05-18 14:00:00,434.9
2020-05-18 15:00:00,250.23
2020-05-18 16:00:00,117.85
2020-05-18 17:00:00,20.95
2020-05-18 18:00:00,0.0
2020-05-18 19:00:00,0.0
2020-05-18 20:00:00,0.0
2020-05-18 21:00:00,0.0
2020-05-18 22:00:00,0.0
2020-05-18 23:00:00,0.0
2020-05-19 00:00:00,0.0
2020-05-19 01:00:00,0.0
2020-05-19 02:00:00,0.0
2020-05-19 03:00:00,0.0
2020-05-19 04:00:00,0.0
2020-05-19 05:00:00,12.4
2020-05-19 06:00:00,104.88
2020-05-19 07:00:00,240.65
2020-05-19 08:00:00,399.62
2020-05-19 09:00:00,529.53
2020-05-19 10:00:00,615.65
2020-05-19 11:00:00,619.45
2020-05-19 12:00:00,691.9
2020-05-19 13:00:00,673.17
2020-05-19 14:00:00,515.33
2020-05-19 15:00:00,329.65
2020-05-19 16:00:00,153.5
2020-05-19 17:00:00,27.1
2020-05-19 18:00:00,0.0
2020-05-19 19:00:00,0.0
2020-05-19 20:00:00,0.0
2020-05-19 21:00:00,0.0
2020-05-19 22:00:00,0.0
2020-05-19 23:00:00,0.0
2020-05-20 00:00:00,0.0
2020-05-20 01:00:00,0.0
2020-05-20 02:00:00,0.0
2020-05-20 03:00:00,0.0
2020-05-20 04:00:00,0.0
2020-05-20 05:00:00,17.05
2020-05-20 06:00:00,128.18
2020-05-20 07:00:00,285.33
2020-05-20 08:00:00,450.83
2020-05-20 09:00:00,600.33
2020-05-20 10:00:00,711.47
2020-05-20 11:00:00,760.7
2020-05-20 12:00:00,741.2
2020-05-20 13:00:00,675.28
2020-05-20 14:00:00,536.42
2020-05-20 15:00:00,344.1
2020-05-20 16:00:00,166.18
2020-05-20 17:00:00,30.23
2020-05-20 18:00:00,0.0
2020-05-20 19:00:00,0.0
2020-05-20 20:00:00,0.0
2020-05-20 21:00:00,0.0
2020-05-20 22:00:00,0.0
2020-05-20 23:00:00,0.0
2020-05-21 00:00:00,0.0
2020-05-21 01:00:00,0.0
2020-05-21 02:00:00,0.0
2020-05-21 03:00:00,0.0
2020-05-21 04:00:00,0.0
2020-05-21 05:00:00,18.67
2020-05-21 06:00:00,151.95
2020-05-21 07:00:00,331.12
2020-05-21 08:00:00,518.28
2020-05-21 09:00:00,691.95
2020-05-21 10:00:00,822.22
2020-05-21 11:00:00,891.72
2020-05-21 12:00:00,659.78
2020-05-21 13:00:00,755.58
2020-05-21 14:00:00,527.58
2020-05-21 15:00:00,366.23
2020-05-21 16:00:00,171.0
2020-05-21 17:00:00,19.58
2020-05-21 18:00:00,0.0
2020-05-21 19:00:00,0.0
2020-05-21 20:00:00,0.0
2020-05-21 21:00:00,0.0
2020-05-21 22:00:00,0.0
2020-05-21 23:00:00,0.0
2020-05-22 00:00:00,0.0
2020-05-22 01:00:00,0.0
2020-05-22 02:00:00,0.0
2020-05-22 03:00:00,0.0
2020-05-22 04:00:00,0.0
2020-05-22 05:00:00,20.15
2020-05-22 06:00:00,158.77
2020-05-22 07:00:00,346.4
2020-05-22 08:00:00,544.45
2020-05-22 09:00:00,742.78
2020-05-22 10:00:00,871.28
2020-05-22 11:00:00,897.33
2020-05-22 12:00:00,855.83
2020-05-22 13:00:00,757.6
2020-05-22 14:00:00,593.7
2020-05-22 15:00:00,384.2
2020-05-22 16:00:00,182.95
2020-05-22 17:00:00,31.9
2020-05-22 18:00:00,0.0
2020-05-22 19:00:00,0.0
2020-05-22 20:00:00,0.0
2020-05-22 21:00:00,0.0
2020-05-22 22:00:00,0.0
2020-05-22 23:00:00,0.0
2020-05-23 00:00:00,0.0
2020-05-23 01:00:00,0.0
2020-05-23 02:00:00,0.0
2020-05-23 03:00:00,0.0
2020-05-23 04:00:00,0.0
2020-05-23 05:00:00,20.98
2020-05-23 06:00:00,163.38
2020-05-23 07:00:00,360.15
2020-05-23 08:00:00,542.83
2020-05-23 09:00:00,754.15
2020-05-23 10:00:00,879.62
2020-05-23 11:00:00,691.12
2020-05-23 12:00:00,877.3
2020-05-23 13:00:00,777.67
2020-05-23 14:00:00,512.97
2020-05-23 15:00:00,402.48
2020-05-23 16:00:00,198.0
2020-05-23 17:00:00,35.28
2020-05-23 18:00:00,0.0
2020-05-23 19:00:00,0.0
2020-05-23 20:00:00,0.0
2020-05-23 21:00:00,0.0
2020-05-23 22:00:00,0.0
2020-05-23 23:00:00,0.0
2020-05-24 00:00:00,0.0
2020-05-24 01:00:00,0.0
2020-05-24 02:00:00,0.0
2020-05-24 03:00:00,0.0
2020-05-24 04:00:00,0.0
2020-05-24 05:00:00,22.15
2020-05-24 06:00:00,168.1
2020-05-24 07:00:00,342.05
2020-05-24 08:00:00,535.55
2020-05-24 09:00:00,738.67
2020-05-24 10:00:00,860.53
2020-05-24 11:00:00,730.55
2020-05-24 12:00:00,758.0
2020-05-24 13:00:00,733.7
2020-05-24 14:00:00,634.58
2020-05-24 15:00:00,431.42
2020-05-24 16:00:00,213.5
2020-05-24 17:00:00,37.55
2020-05-24 18:00:00,0.0
2020-05-24 19:00:00,0.0
2020-05-24 20:00:00,0.0
2020-05-24 21:00:00,0.0
2020-05-24 22:00:00,0.0
2020-05-24 23:00:00,0.0
2020-05-25 00:00:00,0.0
2020-05-25 01:00:00,0.0
2020-05-25 02:00:00,0.0
2020-05-25 03:00:00,0.0
2020-05-25 04:00:00,0.0
2020-05-25 05:00:00,18.85
2020-05-25 06:00:00,154.98
2020-05-25 07:00:00,331.38
2020-05-25 08:00:00,529.0
2020-05-25 09:00:00,733.67
2020-05-25 10:00:00,838.7
2020-05-25 11:00:00,894.15
2020-05-25 12:00:00,888.1
2020-05-25 13:00:00,726.5
2020-05-25 14:00:00,634.83
2020-05-25 15:00:00,426.08
2020-05-25 16:00:00,207.15
2020-05-25 17:00:00,37.05
2020-05-25 18:00:00,0.0
2020-05-25 19:00:00,0.0
2020-05-25 20:00:00,0.0
2020-05-25 21:00:00,0.0
2020-05-25 22:00:00,0.0
2020-05-25 23:00:00,0.0
2020-05-26 00:00:00,0.0
2020-05-26 01:00:00,0.0
2020-05-26 02:00:00,0.0
2020-05-26 03:00:00,0.0
2020-05-26 04:00:00,0.0
2020-05-26 05:00:00,19.58
2020-05-26 06:00:00,151.65
2020-05-26 07:00:00,328.42
2020-05-26 08:00:00,519.28
2020-05-26 09:00:00,690.78
2020-05-26 10:00:00,823.2
2020-05-26 11:00:00,890.4
2020-05-26 12:00:00,840.95
2020-05-26 13:00:00,786.9
2020-05-26 14:00:00,578.05
2020-05-26 15:00:00,425.92
2020-05-26 16:00:00,218.95
2020-05-26 17:00:00,42.17
2020-05-26 18:00:00,0.0
2020-05-26 19:00:00,0.0
2020-05-26 20:00:00,0.0
2020-05-26 21:00:00,0.0
2020-05-26 22:00:00,0.0
2020-05-26 23:00:00,0.0
2020-05-27 00:00:00,0.0
2020-05-27 01:00:00,0.0
2020-05-27 02:00:00,0.0
2020-05-27 03:00:00,0.0
2020-05-27 04:00:00,0.0
2020-05-27 05:00:00,19.92
2020-05-27 06:00:00,150.18
2020-05-27 07:00:00,330.02
2020-05-27 08:00:00,511.77
2020-05-27 09:00:00,700.42
2020-05-27 10:00:00,792.0
2020-05-27 11:00:00,834.72
2020-05-27 12:00:00,808.28
2020-05-27 13:00:00,724.5
2020-05-27 14:00:00,579.3
2020-05-27 15:00:00,417.02
2020-05-27 16:00:00,208.18
2020-05-27 17:00:00,38.75
2020-05-27 18:00:00,0.0
2020-05-27 19:00:00,0.0
2020-05-27 20:00:00,0.0
2020-05-27 21:00:00,0.0
2020-05-27 22:00:00,0.0
2020-05-27 23:00:00,0.0
2020-05-28 00:00:00,0.0
2020-05-28 01:00:00,0.0
2020-05-28 02:00:00,0.0
2020-05-28 03:00:00,0.0
2020-05-28 04:00:00,0.0
2020-05-28 05:00:00,19.1
2020-05-28 06:00:00,144.4
2020-05-28 07:00:00,325.45
2020-05-28 08:00:00,522.28
2020-05-28 09:00:00,699.28
2020-05-28 10:00:00,790.72
2020-05-28 11:00:00,871.88
2020-05-28 12:00:00,835.2
2020-05-28 13:00:00,732.35
2020-05-28 14:00:00,595.0
2020-05-28 15:00:00,418.12
2020-05-28 16:00:00,206.1
2020-05-28 17:00:00,36.72
2020-05-28 18:00:00,0.0
2020-05-28 19:00:00,0.0
2020-05-28 20:00:00,0.0
2020-05-28 21:00:00,0.0
2020-05-28 22:00:00,0.0
2020-05-28 23:00:00,0.0
2020-05-29 00:00:00,0.0
2020-05-29 01:00:00,0.0
2020-05-29 02:00:00,0.0
2020-05-29 03:00:00,0.0
2020-05-29 04:00:00,0.0
2020-05-29 05:00:00,20.17
2020-05-29 06:00:00,151.4
2020-05-29 07:00:00,322.6
2020-05-29 08:00:00,507.15
2020-05-29 09:00:00,678.88
2020-05-29 10:00:00,791.03
2020-05-29 11:00:00,697.4
2020-05-29 12:00:00,815.15
2020-05-29 13:00:00,756.95
2020-05-29 14:00:00,568.7
2020-05-29 15:00:00,389.85
2020-05-29 16:00:00,191.18
2020-05-29 17:00:00,37.17
2020-05-29 18:00:00,0.0
2020-05-29 19:00:00,0.0
2020-05-29 20:00:00,0.0
2020-05-29 21:00:00,0.0
2020-05-29 22:00:00,0.0
2020-05-29 23:00:00,0.0
2020-05-30 00:00:00,0.0
2020-05-30 01:00:00,0.0
2020-05-30 02:00:00,0.0
2020-05-30 03:00:00,0.0
2020-05-30 04:00:00,0.0
2020-05-30 05:00:00,20.17
2020-05-30 06:00:00,161.27
2020-05-30 07:00:00,337.58
2020-05-30 08:00:00,530.42
2020-05-30 09:00:00,719.05
2020-05-30 10:00:00,827.8
2020-05-30 11:00:00,841.67
2020-05-30 12:00:00,785.33
2020-05-30 13:00:00,753.8
2020-05-30 14:00:00,613.58
2020-05-30 15:00:00,446.52
2020-05-30 16:00:00,226.27
2020-05-30 17:00:00,42.88
2020-05-30 18:00:00,0.0
2020-05-30 19:00:00,0.0
2020-05-30 20:00:00,0.0
2020-05-30 21:00:00,0.0
2020-05-30 22:00:00,0.0
2020-05-30 23:00:00,0.0
2020-05-31 00:00:00,0.0
2020-05-31 01:00:00,0.0
2020-05-31 02:00:00,0.0
2020-05-31 03:00:00,0.0
2020-05-31 04:00:00,0.0
2020-05-31 05:00:00,22.9
2020-05-31 06:00:00,175.2
2020-05-31 07:00:00,364.2
2020-05-31 08:00:00,560.03
2020-05-31 09:00:00,720.47
2020-05-31 10:00:00,867.42
2020-05-31 11:00:00,948.65
2020-05-31 12:00:00,840.25
2020-05-31 13:00:00,785.1
2020-05-31 14:00:00,620.78
2020-05-31 15:00:00,444.58
2020-05-31 16:00:00,230.45
2020-05-31 17:00:00,48.28
2020-05-31 18:00:00,0.0
2020-05-31 19:00:00,0.0
2020-05-31 20:00:00,0.0
2020-05-31 21:00:00,0.0
2020-05-31 22:00:00,0.0
2020-05-31 23:00:00,0.0
2020-06-01 00:00:00,0.0
2020-06-01 01:00:00,0.0
2020-06-01 02:00:00,0.0
2020-06-01 03:00:00,0.0
2020-06-01 04:00:00,0.0
2020-06-01 05:00:00,19.23
2020-06-01 06:00:00,150.48
2020-06-01 07:00:00,341.08
2020-06-01 08:00:00,527.42
2020-06-01 09:00:00,683.35
2020-06-01 10:00:00,804.17
2020-06-01 11:00:00,791.3
2020-06-01 12:00:00,731.38
2020-06-01 13:00:00,663.2
2020-06-01 14:00:00,509.67
2020-06-01 15:00:00,375.1
2020-06-01 16:00:00,180.38
2020-06-01 17:00:00,39.03
2020-06-01 18:00:00,0.0
2020-06-01 19:00:00,0.0
2020-06-01 20:00:00,0.0
2020-06-01 21:00:00,0.0
2020-06-01 22:00:00,0.0
2020-06-01 23:00:00,0.0
2020-06-02 00:00:00,0.0
2020-06-02 01:00:00,0.0
2020-06-02 02:00:00,0.0
2020-06-02 03:00:00,0.0
2020-06-02 04:00:00,0.0
2020-06-02 05:00:00,21.35
2020-06-02 06:00:00,167.2
2020-06-02 07:00:00,370.0
2020-06-02 08:00:00,568.03
2020-06-02 09:00:00,724.05
2020-06-02 10:00:00,854.05
2020-06-02 11:00:00,921.55
2020-06-02 12:00:00,909.67
2020-06-02 13:00:00,791.85
2020-06-02 14:00:00,660.62
2020-06-02 15:00:00,458.1
2020-06-02 16:00:00,235.52
2020-06-02 17:00:00,50.0
2020-06-02 18:00:00,0.0
2020-06-02 19:00:00,0.0
2020-06-02 20:00:00,0.0
2020-06-02 21:00:00,0.0
2020-06-02 22:00:00,0.0
2020-06-02 23:00:00,0.0
2020-06-03 00:00:00,0.0
2020-06-03 01:00:00,0.0
2020-06-03 02:00:00,0.0
2020-06-03 03:00:00,0.0
2020-06-03 04:00:00,0.0
2020-06-03 05:00:00,21.8
2020-06-03 06:00:00,180.82
2020-06-03 07:00:00,383.27
2020-06-03 08:00:00,581.42
2020-06-03 09:00:00,787.92
2020-06-03 10:00:00,876.45
2020-06-03 11:00:00,939.28
2020-06-03 12:00:00,899.88
2020-06-03 13:00:00,800.4
2020-06-03 14:00:00,659.95
2020-06-03 15:00:00,463.73
2020-06-03 16:00:00,244.45
2020-06-03 17:00:00,49.22
2020-06-03 18:00:00,0.0
2020-06-03 19:00:00,0.0
2020-06-03 20:00:00,0.0
2020-06-03 21:00:00,0.0
2020-06-03 22:00:00,0.0
2020-06-03 23:00:00,0.0
2020-06-04 00:00:00,0.0
2020-06-04 01:00:00,0.0
2020-06-04 02:00:00,0.0
2020-06-04 03:00:00,0.0
2020-06-04 04:00:00,0.0
2020-06-04 05:00:00,21.88
2020-06-04 06:00:00,173.15
2020-06-04 07:00:00,385.8
2020-06-04 08:00:00,593.9
2020-06-04 09:00:00,764.88
2020-06-04 10:00:00,807.05
2020-06-04 11:00:00,947.38
2020-06-04 12:00:00,918.88
2020-06-04 13:00:00,814.47
2020-06-04 14:00:00,636.7
2020-06-04 15:00:00,444.33
2020-06-04 16:00:00,235.48
2020-06-04 17:00:00,48.58
2020-06-04 18:00:00,0.0
2020-06-04 19:00:00,0.0
2020-06-04 20:00:00,0.0
2020-06-04 21:00:00,0.0
2020-06-04 22:00:00,0.0
2020-06-04 23:00:00,0.0
2020-06-05 00:00:00,0.0
2020-06-05 01:00:00,0.0
2020-06-05 02:00:00,0.0
2020-06-05 03:00:00,0.0
2020-06-05 04:00:00,0.0
2020-06-05 05:00:00,20.23
2020-06-05 06:00:00,174.12
2020-06-05 07:00:00,365.85
2020-06-05 08:00:00,556.25
2020-06-05 09:00:00,730.3
2020-06-05 10:00:00,868.88
2020-06-05 11:00:00,934.8
2020-06-05 12:00:00,889.38
2020-06-05 13:00:00,767.55
2020-06-05 14:00:00,595.72
2020-06-05 15:00:00,427.62
2020-06-05 16:00:00,212.88
2020-06-05 17:00:00,40.67
2020-06-05 18:00:00,0.0
2020-06-05 19:00:00,0.0
2020-06-05 20:00:00,0.0
2020-06-05 21:00:00,0.0
2020-06-05 22:00:00,0.0
2020-06-05 23:00:00,0.0
2020-06-06 00:00:00,0.0
2020-06-06 01:00:00,0.0
2020-06-06 02:00:00,0.0
2020-06-06 03:00:00,0.0
2020-06-06 04:00:00,0.0
2020-06-06 05:00:00,21.2
2020-06-06 06:00:00,171.32
2020-06-06 07:00:00,366.1
2020-06-06 08:00:00,575.2
2020-06-06 09:00:00,738.92
2020-06-06 10:00:00,888.53
2020-06-06 11:00:00,890.55
2020-06-06 12:00:00,821.97
2020-06-06 13:00:00,730.45
2020-06-06 14:00:00,554.8
2020-06-06 15:00:00,372.2
2020-06-06 16:00:00,191.73
2020-06-06 17:00:00,37.67
2020-06-06 18:00:00,0.0
2020-06-06 19:00:00,0.0
2020-06-06 20:00:00,0.0
2020-06-06 21:00:00,0.0
2020-06-06 22:00:00,0.0
2020-06-06 23:00:00,0.0
2020-06-07 00:00:00,0.0
2020-06-07 01:00:00,0.0
2020-06-07 02:00:00,0.0
2020-06-07 03:00:00,0.0
2020-06-07 04:00:00,0.0
2020-06-07 05:00:00,15.12
2020-06-07 06:00:00,120.45
2020-06-07 07:00:00,290.33
2020-06-07 08:00:00,451.15
2020-06-07 09:00:00,587.45
2020-06-07 10:00:00,690.17
2020-06-07 11:00:00,706.92
2020-06-07 12:00:00,773.55
2020-06-07 13:00:00,649.92
2020-06-07 14:00:00,470.33
2020-06-07 15:00:00,340.62
2020-06-07 16:00:00,164.4
2020-06-07 17:00:00,33.2
2020-06-07 18:00:00,0.0
2020-06-07 19:00:00,0.0
2020-06-07 20:00:00,0.0
2020-06-07 21:00:00,0.0
2020-06-07 22:00:00,0.0
2020-06-07 23:00:00,0.0
2020-06-08 00:00:00,0.0
2020-06-08 01:00:00,0.0
2020-06-08 02:00:00,0.0
2020-06-08 03:00:00,0.0
2020-06-08 04:00:00,0.0
2020-06-08 05:00:00,19.88
2020-06-08 06:00:00,154.77
2020-06-08 07:00:00,342.15
2020-06-08 08:00:00,522.75
2020-06-08 09:00:00,742.1
2020-06-08 10:00:00,865.12
2020-06-08 11:00:00,900.08
2020-06-08 12:00:00,845.97
2020-06-08 13:00:00,726.75
2020-06-08 14:00:00,622.03
2020-06-08 15:00:00,417.08
2020-06-08 16:00:00,209.18
2020-06-08 17:00:00,42.22
2020-06-08 18:00:00,0.0
2020-06-08 19:00:00,0.0
2020-06-08 20:00:00,0.0
2020-06-08 21:00:00,0.0
2020-06-08 22:00:00,0.0
2020-06-08 23:00:00,0.0
2020-06-09 00:00:00,0.0
2020-06-09 01:00:00,0.0
2020-06-09 02:00:00,0.0
2020-06-09 03:00:00,0.0
2020-06-09 04:00:00,0.0
2020-06-09 05:00:00,19.23
2020-06-09 06:00:00,101.57
2020-06-09 07:00:00,210.98
2020-06-09 08:00:00,313.5
2020-06-09 09:00:00,419.4
2020-06-09 10:00:00,484.65
2020-06-09 11:00:00,473.83
2020-06-09 12:00:00,477.52
2020-06-09 13:00:00,459.25
2020-06-09 14:00:00,323.7
2020-06-09 15:00:00,226.68
2020-06-09 16:00:00,109.2
2020-06-09 17:00:00,23.12
2020-06-09 18:00:00,0.0
2020-06-09 19:00:00,0.0
2020-06-09 20:00:00,0.0
2020-06-09 21:00:00,0.0
2020-06-09 22:00:00,0.0
2020-06-09 23:00:00,0.0
2020-06-10 00:00:00,0.0
2020-06-10 01:00:00,0.0
2020-06-10 02:00:00,0.0
2020-06-10 03:00:00,0.0
2020-06-10 04:00:00,0.0
2020-06-10 05:00:00,5.55
2020-06-10 06:00:00,59.03
2020-06-10 07:00:00,73.78
2020-06-10 08:00:00,145.85
2020-06-10 09:00:00,246.62
2020-06-10 10:00:00,311.95
2020-06-10 11:00:00,227.1
2020-06-10 12:00:00,244.62
2020-06-10 13:00:00,264.02
2020-06-10 14:00:00,212.45
2020-06-10 15:00:00,170.88
2020-06-10 16:00:00,86.65
2020-06-10 17:00:00,20.8
2020-06-10 18:00:00,0.0
2020-06-10 19:00:00,0.0
2020-06-10 20:00:00,0.0
2020-06-10 21:00:00,0.0
2020-06-10 22:00:00,0.0
2020-06-10 23:00:00,0.0
2020-06-11 00:00:00,0.0
2020-06-11 01:00:00,0.0
2020-06-11 02:00:00,0.0
2020-06-11 03:00:00,0.0
2020-06-11 04:00:00,0.0
2020-06-11 05:00:00,2.45
2020-06-11 06:00:00,30.75
2020-06-11 07:00:00,73.5
2020-06-11 08:00:00,151.38
2020-06-11 09:00:00,257.6
2020-06-11 10:00:00,319.85
2020-06-11 11:00:00,330.23
2020-06-11 12:00:00,420.52
2020-06-11 13:00:00,365.58
2020-06-11 14:00:00,271.3
2020-06-11 15:00:00,171.77
2020-06-11 16:00:00,109.4
2020-06-11 17:00:00,28.2
2020-06-11 18:00:00,0.0
2020-06-11 19:00:00,0.0
2020-06-11 20:00:00,0.0
2020-06-11 21:00:00,0.0
2020-06-11 22:00:00,0.0
2020-06-11 23:00:00,0.0
2020-06-12 00:00:00,0.0
2020-06-12 01:00:00,0.0
2020-06-12 02:00:00,0.0
2020-06-12 03:00:00,0.0
2020-06-12 04:00:00,0.0
2020-06-12 05:00:00,10.1
2020-06-12 06:00:00,98.18
2020-06-12 07:00:00,221.43
2020-06-12 08:00:00,375.12
2020-06-12 09:00:00,510.0
2020-06-12 10:00:00,684.83
2020-06-12 11:00:00,586.12
2020-06-12 12:00:00,701.85
2020-06-12 13:00:00,642.83
2020-06-12 14:00:00,502.75
2020-06-12 15:00:00,372.65
2020-06-12 16:00:00,186.1
2020-06-12 17:00:00,43.05
2020-06-12 18:00:00,0.0
2020-06-12 19:00:00,0.0
2020-06-12 20:00:00,0.0
2020-06-12 21:00:00,0.0
2020-06-12 22:00:00,0.0
2020-06-12 23:00:00,0.0
2020-06-13 00:00:00,0.0
2020-06-13 01:00:00,0.0
2020-06-13 02:00:00,0.0
2020-06-13 03:00:00,0.0
2020-06-13 04:00:00,0.0
2020-06-13 05:00:00,19.05
2020-06-13 06:00:00,156.55
2020-06-13 07:00:00,340.62
2020-06-13 08:00:00,522.92
2020-06-13 09:00:00,730.17
2020-06-13 10:00:00,843.0
2020-06-13 11:00:00,943.7
2020-06-13 12:00:00,911.78
2020-06-13 13:00:00,805.33
2020-06-13 14:00:00,622.9
2020-06-13 15:00:00,422.77
2020-06-13 16:00:00,220.88
2020-06-13 17:00:00,46.1
2020-06-13 18:00:00,0.0
2020-06-13 19:00:00,0.0
2020-06-13 20:00:00,0.0
2020-06-13 21:00:00,0.0
2020-06-13 22:00:00,0.0
2020-06-13 23:00:00,0.0
2020-06-14 00:00:00,0.0
2020-06-14 01:00:00,0.0
2020-06-14 02:00:00,0.0
2020-06-14 03:00:00,0.0
2020-06-14 04:00:00,0.0
2020-06-14 05:00:00,19.6
2020-06-14 06:00:00,154.25
2020-06-14 07:00:00,357.33
2020-06-14 08:00:00,548.85
2020-06-14 09:00:00,770.42
2020-06-14 10:00:00,856.03
2020-06-14 11:00:00,950.2
2020-06-14 12:00:00,858.8
2020-06-14 13:00:00,685.25
2020-06-14 14:00:00,526.92
2020-06-14 15:00:00,433.27
2020-06-14 16:00:00,228.93
2020-06-14 17:00:00,54.5
2020-06-14 18:00:00,0.0
2020-06-14 19:00:00,0.0
2020-06-14 20:00:00,0.0
2020-06-14 21:00:00,0.0
2020-06-14 22:00:00,0.0
2020-06-14 23:00:00,0.0
2020-06-15 00:00:00,0.0
2020-06-15 01:00:00,0.0
2020-06-15 02:00:00,0.0
2020-06-15 03:00:00,0.0
2020-06-15 04:00:00,0.0
2020-06-15 05:00:00,18.02
2020-06-15 06:00:00,167.95
2020-06-15 07:00:00,360.92
2020-06-15 08:00:00,530.1
2020-06-15 09:00:00,743.1
2020-06-15 10:00:00,870.25
2020-06-15 11:00:00,795.05
2020-06-15 12:00:00,795.58
2020-06-15 13:00:00,734.75
2020-06-15 14:00:00,570.7
2020-06-15 15:00:00,376.15
2020-06-15 16:00:00,190.52
2020-06-15 17:00:00,42.8
2020-06-15 18:00:00,0.0
2020-06-15 19:00:00,0.0
2020-06-15 20:00:00,0.0
2020-06-15 21:00:00,0.0
2020-06-15 22:00:00,0.0
2020-06-15 23:00:00,0.0
2020-06-16 00:00:00,0.0
2020-06-16 01:00:00,0.0
2020-06-16 02:00:00,0.0
2020-06-16 03:00:00,0.0
2020-06-16 04:00:00,0.0
2020-06-16 05:00:00,19.75
2020-06-16 06:00:00,169.57
2020-06-16 07:00:00,363.9
2020-06-16 08:00:00,563.42
2020-06-16 09:00:00,714.25
2020-06-16 10:00:00,868.42
2020-06-16 11:00:00,913.53
2020-06-16 12:00:00,862.65
2020-06-16 13:00:00,715.72
2020-06-16 14:00:00,563.9
2020-06-16 15:00:00,381.33
2020-06-16 16:00:00,194.38
2020-06-16 17:00:00,44.35
2020-06-16 18:00:00,0.0
2020-06-16 19:00:00,0.0
2020-06-16 20:00:00,0.0
2020-06-16 21:00:00,0.0
2020-06-16 22:00:00,0.0
2020-06-16 23:00:00,0.0
2020-06-17 00:00:00,0.0
2020-06-17 01:00:00,0.0
2020-06-17 02:00:00,0.0
2020-06-17 03:00:00,0.0
2020-06-17 04:00:00,0.0
2020-06-17 05:00:00,19.12
2020-06-17 06:00:00,155.88
2020-06-17 07:00:00,347.23
2020-06-17 08:00:00,531.25
2020-06-17 09:00:00,736.35
2020-06-17 10:00:00,806.92
2020-06-17 11:00:00,857.05
2020-06-17 12:00:00,870.58
2020-06-17 13:00:00,799.03
2020-06-17 14:00:00,641.25
2020-06-17 15:00:00,441.05
2020-06-17 16:00:00,225.65
2020-06-17 17:00:00,48.03
2020-06-17 18:00:00,0.0
2020-06-17 19:00:00,0.0
2020-06-17 20:00:00,0.0
2020-06-17 21:00:00,0.0
2020-06-17 22:00:00,0.0
2020-06-17 23:00:00,0.0
2020-06-18 00:00:00,0.0
2020-06-18 01:00:00,0.0
2020-06-18 02:00:00,0.0
2020-06-18 03:00:00,0.0
2020-06-18 04:00:00,0.0
2020-06-18 05:00:00,16.83
2020-06-18 06:00:00,139.25
2020-06-18 07:00:00,310.95
2020-06-18 08:00:00,486.73
2020-06-18 09:00:00,626.75
2020-06-18 10:00:00,761.55
2020-06-18 11:00:00,752.55
2020-06-18 12:00:00,722.67
2020-06-18 13:00:00,635.72
2020-06-18 14:00:00,494.08
2020-06-18 15:00:00,298.8
2020-06-18 16:00:00,151.55
2020-06-18 17:00:00,33.6
2020-06-18 18:00:00,0.0
2020-06-18 19:00:00,0.0
2020-06-18 20:00:00,0.0
2020-06-18 21:00:00,0.0
2020-06-18 22:00:00,0.0
2020-06-18 23:00:00,0.0
2020-06-19 00:00:00,0.0
2020-06-19 01:00:00,0.0
2020-06-19 02:00:00,0.0
2020-06-19 03:00:00,0.0
2020-06-19 04:00:00,0.0
2020-06-19 05:00:00,17.12
2020-06-19 06:00:00,142.2
2020-06-19 07:00:00,308.15
2020-06-19 08:00:00,477.02
2020-06-19 09:00:00,654.53
2020-06-19 10:00:00,791.55
2020-06-19 11:00:00,863.35
2020-06-19 12:00:00,840.97
2020-06-19 13:00:00,743.05
2020-06-19 14:00:00,561.08
2020-06-19 15:00:00,360.0
2020-06-19 16:00:00,187.52
2020-06-19 17:00:00,41.53
2020-06-19 18:00:00,0.0
2020-06-19 19:00:00,0.0
2020-06-19 20:00:00,0.0
2020-06-19 21:00:00,0.0
2020-06-19 22:00:00,0.0
2020-06-19 23:00:00,0.0
2020-06-20 00:00:00,0.0
2020-06-20 01:00:00,0.0
2020-06-20 02:00:00,0.0
2020-06-20 03:00:00,0.0
2020-06-20 04:00:00,0.0
2020-06-20 05:00:00,17.5
2020-06-20 06:00:00,104.9
2020-06-20 07:00:00,225.38
2020-06-20 08:00:00,341.35
2020-06-20 09:00:00,452.27
2020-06-20 10:00:00,527.05
2020-06-20 11:00:00,600.8
2020-06-20 12:00:00,662.35
2020-06-20 13:00:00,613.88
2020-06-20 14:00:00,489.33
2020-06-20 15:00:00,302.05
2020-06-20 16:00:00,147.9
2020-06-20 17:00:00,36.53
2020-06-20 18:00:00,0.0
2020-06-20 19:00:00,0.0
2020-06-20 20:00:00,0.0
2020-06-20 21:00:00,0.0
2020-06-20 22:00:00,0.0
2020-06-20 23:00:00,0.0
2020-06-21 00:00:00,0.0
2020-06-21 01:00:00,0.0
2020-06-21 02:00:00,0.0
2020-06-21 03:00:00,0.0
2020-06-21 04:00:00,0.0
2020-06-21 05:00:00,10.0
2020-06-21 06:00:00,122.5
2020-06-21 07:00:00,256.9
2020-06-21 08:00:00,394.2
2020-06-21 09:00:00,508.38
2020-06-21 10:00:00,594.12
2020-06-21 11:00:00,619.9
2020-06-21 12:00:00,464.42
2020-06-21 13:00:00,384.6
2020-06-21 14:00:00,326.0
2020-06-21 15:00:00,227.75
2020-06-21 16:00:00,102.93
2020-06-21 17:00:00,24.67
2020-06-21 18:00:00,0.0
2020-06-21 19:00:00,0.0
2020-06-21 20:00:00,0.0
2020-06-21 21:00:00,0.0
2020-06-21 22:00:00,0.0
2020-06-21 23:00:00,0.0
2020-06-22 00:00:00,0.0
2020-06-22 01:00:00,0.0
2020-06-22 02:00:00,0.0
2020-06-22 03:00:00,0.0
2020-06-22 04:00:00,0.0
2020-06-22 05:00:00,16.6
2020-06-22 06:00:00,130.95
2020-06-22 07:00:00,306.73
2020-06-22 08:00:00,476.05
2020-06-22 09:00:00,636.75
2020-06-22 10:00:00,762.9
2020-06-22 11:00:00,704.95
2020-06-22 12:00:00,752.4
2020-06-22 13:00:00,689.38
2020-06-22 14:00:00,521.0
2020-06-22 15:00:00,350.9
2020-06-22 16:00:00,180.07
2020-06-22 17:00:00,44.22
2020-06-22 18:00:00,0.0
2020-06-22 19:00:00,0.0
2020-06-22 20:00:00,0.0
2020-06-22 21:00:00,0.0
2020-06-22 22:00:00,0.0
2020-06-22 23:00:00,0.0
2020-06-23 00:00:00,0.0
2020-06-23 01:00:00,0.0
2020-06-23 02:00:00,0.0
2020-06-23 03:00:00,0.0
2020-06-23 04:00:00,0.0
2020-06-23 05:00:00,8.55
2020-06-23 06:00:00,115.88
2020-06-23 07:00:00,234.65
2020-06-23 08:00:00,389.77
2020-06-23 09:00:00,539.45
2020-06-23 10:00:00,669.42
2020-06-23 11:00:00,770.33
2020-06-23 12:00:00,765.88
2020-06-23 13:00:00,800.65
2020-06-23 14:00:00,646.6
2020-06-23 15:00:00,432.48
2020-06-23 16:00:00,228.48
2020-06-23 17:00:00,51.47
2020-06-23 18:00:00,0.0
2020-06-23 19:00:00,0.0
2020-06-23 20:00:00,0.0
2020-06-23 21:00:00,0.0
2020-06-23 22:00:00,0.0
2020-06-23 23:00:00,0.0
2020-06-24 00:00:00,0.0
2020-06-24 01:00:00,0.0
2020-06-24 02:00:00,0.0
2020-06-24 03:00:00,0.0
2020-06-24 04:00:00,0.0
2020-06-24 05:00:00,15.6
2020-06-24 06:00:00,151.4
2020-06-24 07:00:00,327.98
2020-06-24 08:00:00,481.92
2020-06-24 09:00:00,745.17
2020-06-24 10:00:00,856.05
2020-06-24 11:00:00,908.25
2020-06-24 12:00:00,894.97
2020-06-24 13:00:00,780.2
2020-06-24 14:00:00,603.42
2020-06-24 15:00:00,431.88
2020-06-24 16:00:00,224.0
2020-06-24 17:00:00,51.8
2020-06-24 18:00:00,0.0
2020-06-24 19:00:00,0.0
2020-06-24 20:00:00,0.0
2020-06-24 21:00:00,0.0
2020-06-24 22:00:00,0.0
2020-06-24 23:00:00,0.0
2020-06-25 00:00:00,0.0
2020-06-25 01:00:00,0.0
2020-06-25 02:00:00,0.0
2020-06-25 03:00:00,0.0
2020-06-25 04:00:00,0.0
2020-06-25 05:00:00,9.32
2020-06-25 06:00:00,68.88
2020-06-25 07:00:00,173.95
2020-06-25 08:00:00,289.75
2020-06-25 09:00:00,460.25
2020-06-25 10:00:00,443.27
2020-06-25 11:00:00,398.3
2020-06-25 12:00:00,240.9
2020-06-25 13:00:00,248.48
2020-06-25 14:00:00,326.05
2020-06-25 15:00:00,290.8
2020-06-25 16:00:00,144.7
2020-06-25 17:00:00,33.8
2020-06-25 18:00:00,0.0
2020-06-25 19:00:00,0.0
2020-06-25 20:00:00,0.0
2020-06-25 21:00:00,0.0
2020-06-25 22:00:00,0.0
2020-06-25 23:00:00,0.0
2020-06-26 00:00:00,0.0
2020-06-26 01:00:00,0.0
2020-06-26 02:00:00,0.0
2020-06-26 03:00:00,0.0
2020-06-26 04:00:00,0.0
2020-06-26 05:00:00,17.2
2020-06-26 06:00:00,143.95
2020-06-26 07:00:00,330.12
2020-06-26 08:00:00,509.7
2020-06-26 09:00:00,708.28
2020-06-26 10:00:00,869.6
2020-06-26 11:00:00,909.7
2020-06-26 12:00:00,886.4
2020-06-26 13:00:00,783.92
2020-06-26 14:00:00,659.7
2020-06-26 15:00:00,476.8
2020-06-26 16:00:00,258.73
2020-06-26 17:00:00,62.15
2020-06-26 18:00:00,0.0
2020-06-26 19:00:00,0.0
2020-06-26 20:00:00,0.0
2020-06-26 21:00:00,0.0
2020-06-26 22:00:00,0.0
2020-06-26 23:00:00,0.0
2020-06-27 00:00:00,0.0
2020-06-27 01:00:00,0.0
2020-06-27 02:00:00,0.0
2020-06-27 03:00:00,0.0
2020-06-27 04:00:00,0.0
2020-06-27 05:00:00,19.17
2020-06-27 06:00:00,147.43
2020-06-27 07:00:00,293.75
2020-06-27 08:00:00,520.78
2020-06-27 09:00:00,686.08
2020-06-27 10:00:00,773.42
2020-06-27 11:00:00,885.35
2020-06-27 12:00:00,902.45
2020-06-27 13:00:00,797.78
2020-06-27 14:00:00,646.8
2020-06-27 15:00:00,458.8
2020-06-27 16:00:00,250.48
2020-06-27 17:00:00,62.1
2020-06-27 18:00:00,0.0
2020-06-27 19:00:00,0.0
2020-06-27 20:00:00,0.0
2020-06-27 21:00:00,0.0
2020-06-27 22:00:00,0.0
2020-06-27 23:00:00,0.0
2020-06-28 00:00:00,0.0
2020-06-28 01:00:00,0.0
2020-06-28 02:00:00,0.0
2020-06-28 03:00:00,0.0
2020-06-28 04:00:00,0.0
2020-06-28 05:00:00,18.12
2020-06-28 06:00:00,136.32
2020-06-28 07:00:00,292.83
2020-06-28 08:00:00,442.33
2020-06-28 09:00:00,575.67
2020-06-28 10:00:00,675.3
2020-06-28 11:00:00,776.92
2020-06-28 12:00:00,795.92
2020-06-28 13:00:00,685.33
2020-06-28 14:00:00,607.45
2020-06-28 15:00:00,441.92
2020-06-28 16:00:00,229.18
2020-06-28 17:00:00,51.4
2020-06-28 18:00:00,0.0
2020-06-28 19:00:00,0.0
2020-06-28 20:00:00,0.0
2020-06-28 21:00:00,0.0
2020-06-28 22:00:00,0.0
2020-06-28 23:00:00,0.0
2020-06-29 00:00:00,0.0
2020-06-29 01:00:00,0.0
2020-06-29 02:00:00,0.0
2020-06-29 03:00:00,0.0
2020-06-29 04:00:00,0.0
2020-06-29 05:00:00,10.65
2020-06-29 06:00:00,114.12
2020-06-29 07:00:00,247.02
2020-06-29 08:00:00,320.45
2020-06-29 09:00:00,463.3
2020-06-29 10:00:00,575.95
2020-06-29 11:00:00,710.55
2020-06-29 12:00:00,795.45
2020-06-29 13:00:00,773.33
2020-06-29 14:00:00,644.3
2020-06-29 15:00:00,440.7
2020-06-29 16:00:00,236.85
2020-06-29 17:00:00,56.55
2020-06-29 18:00:00,0.0
2020-06-29 19:00:00,0.0
2020-06-29 20:00:00,0.0
2020-06-29 21:00:00,0.0
2020-06-29 22:00:00,0.0
2020-06-29 23:00:00,0.0
2020-06-30 00:00:00,0.0
2020-06-30 01:00:00,0.0
2020-06-30 02:00:00,0.0
2020-06-30 03:00:00,0.0
2020-06-30 04:00:00,0.0
2020-06-30 05:00:00,13.8
2020-06-30 06:00:00,124.15
2020-06-30 07:00:00,280.45
2020-06-30 08:00:00,490.23
2020-06-30 09:00:00,713.58
2020-06-30 10:00:00,794.83
2020-06-30 11:00:00,878.83
2020-06-30 12:00:00,789.6
2020-06-30 13:00:00,693.67
2020-06-30 14:00:00,550.67
2020-06-30 15:00:00,366.42
2020-06-30 16:00:00,184.98
2020-06-30 17:00:00,38.05
2020-06-30 18:00:00,0.0
2020-06-30 19:00:00,0.0
2020-06-30 20:00:00,0.0
2020-06-30 21:00:00,0.0
2020-06-30 22:00:00,0.0
2020-06-30 23:00:00,0.0
2020-07-01 00:00:00,0.0
2020-07-01 01:00:00,0.0
2020-07-01 02:00:00,0.0
2020-07-01 03:00:00,0.0
2020-07-01 04:00:00,0.0
2020-07-01 05:00:00,2.47
2020-07-01 06:00:00,30.73
2020-07-01 07:00:00,68.8
2020-07-01 08:00:00,111.93
2020-07-01 09:00:00,163.23
2020-07-01 10:00:00,202.23
2020-07-01 11:00:00,400.5
2020-07-01 12:00:00,364.25
2020-07-01 13:00:00,313.38
2020-07-01 14:00:00,202.65
2020-07-01 15:00:00,160.0
2020-07-01 16:00:00,91.1
2020-07-01 17:00:00,22.6
2020-07-01 18:00:00,0.0
2020-07-01 19:00:00,0.0
2020-07-01 20:00:00,0.0
2020-07-01 21:00:00,0.0
2020-07-01 22:00:00,0.0
2020-07-01 23:00:00,0.0
2020-07-02 00:00:00,0.0
2020-07-02 01:00:00,0.0
2020-07-02 02:00:00,0.0
2020-07-02 03:00:00,0.0
2020-07-02 04:00:00,0.0
2020-07-02 05:00:00,3.03
2020-07-02 06:00:00,27.42
2020-07-02 07:00:00,58.62
2020-07-02 08:00:00,86.78
2020-07-02 09:00:00,190.62
2020-07-02 10:00:00,237.73
2020-07-02 11:00:00,309.42
2020-07-02 12:00:00,370.67
2020-07-02 13:00:00,404.27
2020-07-02 14:00:00,330.52
2020-07-02 15:00:00,267.0
2020-07-02 16:00:00,134.23
2020-07-02 17:00:00,32.15
2020-07-02 18:00:00,0.0
2020-07-02 19:00:00,0.0
2020-07-02 20:00:00,0.0
2020-07-02 21:00:00,0.0
2020-07-02 22:00:00,0.0
2020-07-02 23:00:00,0.0
2020-07-03 00:00:00,0.0
2020-07-03 01:00:00,0.0
2020-07-03 02:00:00,0.0
2020-07-03 03:00:00,0.0
2020-07-03 04:00:00,0.0
2020-07-03 05:00:00,11.38
2020-07-03 06:00:00,146.82
2020-07-03 07:00:00,318.75
2020-07-03 08:00:00,515.3
2020-07-03 09:00:00,711.78
2020-07-03 10:00:00,752.5
2020-07-03 11:00:00,651.1
2020-07-03 12:00:00,514.15
2020-07-03 13:00:00,458.92
2020-07-03 14:00:00,419.23
2020-07-03 15:00:00,303.52
2020-07-03 16:00:00,160.12
2020-07-03 17:00:00,30.83
2020-07-03 18:00:00,0.0
2020-07-03 19:00:00,0.0
2020-07-03 20:00:00,0.0
2020-07-03 21:00:00,0.0
2020-07-03 22:00:00,0.0
2020-07-03 23:00:00,0.0
2020-07-04 00:00:00,0.0
2020-07-04 01:00:00,0.0
2020-07-04 02:00:00,0.0
2020-07-04 03:00:00,0.0
2020-07-04 04:00:00,0.0
2020-07-04 05:00:00,8.75
2020-07-04 06:00:00,101.65
2020-07-04 07:00:00,249.62
2020-07-04 08:00:00,354.35
2020-07-04 09:00:00,491.9
2020-07-04 10:00:00,571.15
2020-07-04 11:00:00,636.75
2020-07-04 12:00:00,698.08
2020-07-04 13:00:00,662.88
2020-07-04 14:00:00,514.1
2020-07-04 15:00:00,361.35
2020-07-04 16:00:00,187.25
2020-07-04 17:00:00,46.4
2020-07-04 18:00:00,0.0
2020-07-04 19:00:00,0.0
2020-07-04 20:00:00,0.0
2020-07-04 21:00:00,0.0
2020-07-04 22:00:00,0.0
2020-07-04 23:00:00,0.0
2020-07-05 00:00:00,0.0
2020-07-05 01:00:00,0.0
2020-07-05 02:00:00,0.0
2020-07-05 03:00:00,0.0
2020-07-05 04:00:00,0.0
2020-07-05 05:00:00,6.43
2020-07-05 06:00:00,61.1
2020-07-05 07:00:00,125.07
2020-07-05 08:00:00,203.2
2020-07-05 09:00:00,289.6
2020-07-05 10:00:00,358.98
2020-07-05 11:00:00,393.6
2020-07-05 12:00:00,391.23
2020-07-05 13:00:00,402.0
2020-07-05 14:00:00,340.9
2020-07-05 15:00:00,235.75
2020-07-05 16:00:00,119.12
2020-07-05 17:00:00,31.73
2020-07-05 18:00:00,0.0
2020-07-05 19:00:00,0.0
2020-07-05 20:00:00,0.0
2020-07-05 21:00:00,0.0
2020-07-05 22:00:00,0.0
2020-07-05 23:00:00,0.0
2020-07-06 00:00:00,0.0
2020-07-06 01:00:00,0.0
2020-07-06 02:00:00,0.0
2020-07-06 03:00:00,0.0
2020-07-06 04:00:00,0.0
2020-07-06 05:00:00,10.05
2020-07-06 06:00:00,103.28
2020-07-06 07:00:00,223.62
2020-07-06 08:00:00,366.05
2020-07-06 09:00:00,460.8
2020-07-06 10:00:00,549.4
2020-07-06 11:00:00,655.75
2020-07-06 12:00:00,618.88
2020-07-06 13:00:00,529.45
2020-07-06 14:00:00,337.17
2020-07-06 15:00:00,221.25
2020-07-06 16:00:00,106.55
2020-07-06 17:00:00,31.2
2020-07-06 18:00:00,0.0
2020-07-06 19:00:00,0.0
2020-07-06 20:00:00,0.0
2020-07-06 21:00:00,0.0
2020-07-06 22:00:00,0.0
2020-07-06 23:00:00,0.0
2020-07-07 00:00:00,0.0
2020-07-07 01:00:00,0.0
2020-07-07 02:00:00,0.0
2020-07-07 03:00:00,0.0
2020-07-07 04:00:00,0.0
2020-07-07 05:00:00,12.2
2020-07-07 06:00:00,132.2
2020-07-07 07:00:00,294.77
2020-07-07 08:00:00,516.88
2020-07-07 09:00:00,729.97
2020-07-07 10:00:00,855.45
2020-07-07 11:00:00,900.95
2020-07-07 12:00:00,887.2
2020-07-07 13:00:00,813.78
2020-07-07 14:00:00,636.55
2020-07-07 15:00:00,483.73
2020-07-07 16:00:00,266.0
2020-07-07 17:00:00,65.97
2020-07-07 18:00:00,0.0
2020-07-07 19:00:00,0.0
2020-07-07 20:00:00,0.0
2020-07-07 21:00:00,0.0
2020-07-07 22:00:00,0.0
2020-07-07 23:00:00,0.0
2020-07-08 00:00:00,0.0
2020-07-08 01:00:00,0.0
2020-07-08 02:00:00,0.0
2020-07-08 03:00:00,0.0
2020-07-08 04:00:00,0.0
2020-07-08 05:00:00,8.75
2020-07-08 06:00:00,132.77
2020-07-08 07:00:00,267.75
2020-07-08 08:00:00,394.2
2020-07-08 09:00:00,551.1
2020-07-08 10:00:00,639.5
2020-07-08 11:00:00,807.67
2020-07-08 12:00:00,839.08
2020-07-08 13:00:00,654.3
2020-07-08 14:00:00,492.83
2020-07-08 15:00:00,440.6
2020-07-08 16:00:00,232.2
2020-07-08 17:00:00,54.88
2020-07-08 18:00:00,0.0
2020-07-08 19:00:00,0.0
2020-07-08 20:00:00,0.0
2020-07-08 21:00:00,0.0
2020-07-08 22:00:00,0.0
2020-07-08 23:00:00,0.0
2020-07-09 00:00:00,0.0
2020-07-09 01:00:00,0.0
2020-07-09 02:00:00,0.0
2020-07-09 03:00:00,0.0
2020-07-09 04:00:00,0.0
2020-07-09 05:00:00,10.75
2020-07-09 06:00:00,104.88
2020-07-09 07:00:00,239.8
2020-07-09 08:00:00,381.8
2020-07-09 09:00:00,521.97
2020-07-09 10:00:00,690.62
2020-07-09 11:00:00,657.35
2020-07-09 12:00:00,717.8
2020-07-09 13:00:00,703.35
2020-07-09 14:00:00,607.55
2020-07-09 15:00:00,467.35
2020-07-09 16:00:00,252.7
2020-07-09 17:00:00,62.62
2020-07-09 18:00:00,0.0
2020-07-09 19:00:00,0.0
2020-07-09 20:00:00,0.0
2020-07-09 21:00:00,0.0
2020-07-09 22:00:00,0.0
2020-07-09 23:00:00,0.0
2020-07-10 00:00:00,0.0
2020-07-10 01:00:00,0.0
2020-07-10 02:00:00,0.0
2020-07-10 03:00:00,0.0
2020-07-10 04:00:00,0.0
2020-07-10 05:00:00,5.9
2020-07-10 06:00:00,110.3
2020-07-10 07:00:00,244.73
2020-07-10 08:00:00,380.65
2020-07-10 09:00:00,517.88
2020-07-10 10:00:00,652.12
2020-07-10 11:00:00,679.05
2020-07-10 12:00:00,647.3
2020-07-10 13:00:00,566.3
2020-07-10 14:00:00,614.45
2020-07-10 15:00:00,408.27
2020-07-10 16:00:00,205.12
2020-07-10 17:00:00,52.6
2020-07-10 18:00:00,0.0
2020-07-10 19:00:00,0.0
2020-07-10 20:00:00,0.0
2020-07-10 21:00:00,0.0
2020-07-10 22:00:00,0.0
2020-07-10 23:00:00,0.0
2020-07-11 00:00:00,0.0
2020-07-11 01:00:00,0.0
2020-07-11 02:00:00,0.0
2020-07-11 03:00:00,0.0
2020-07-11 04:00:00,0.0
2020-07-11 05:00:00,8.4
2020-07-11 06:00:00,118.32
2020-07-11 07:00:00,292.15
2020-07-11 08:00:00,422.65
2020-07-11 09:00:00,551.33
2020-07-11 10:00:00,706.08
2020-07-11 11:00:00,812.75
2020-07-11 12:00:00,870.95
2020-07-11 13:00:00,802.17
2020-07-11 14:00:00,639.08
2020-07-11 15:00:00,485.88
2020-07-11 16:00:00,268.9
2020-07-11 17:00:00,68.25
2020-07-11 18:00:00,0.0
2020-07-11 19:00:00,0.0
2020-07-11 20:00:00,0.0
2020-07-11 21:00:00,0.0
2020-07-11 22:00:00,0.0
2020-07-11 23:00:00,0.0
2020-07-12 00:00:00,0.0
2020-07-12 01:00:00,0.0
2020-07-12 02:00:00,0.0
2020-07-12 03:00:00,0.0
2020-07-12 04:00:00,0.0
2020-07-12 05:00:00,12.88
2020-07-12 06:00:00,135.18
2020-07-12 07:00:00,278.38
2020-07-12 08:00:00,523.9
2020-07-12 09:00:00,754.55
2020-07-12 10:00:00,874.2
2020-07-12 11:00:00,933.38
2020-07-12 12:00:00,860.53
2020-07-12 13:00:00,727.47
2020-07-12 14:00:00,635.03
2020-07-12 15:00:00,457.1
2020-07-12 16:00:00,255.98
2020-07-12 17:00:00,67.2
2020-07-12 18:00:00,0.0
2020-07-12 19:00:00,0.0
2020-07-12 20:00:00,0.0
2020-07-12 21:00:00,0.0
2020-07-12 22:00:00,0.0
2020-07-12 23:00:00,0.0
2020-07-13 00:00:00,0.0
2020-07-13 01:00:00,0.0
2020-07-13 02:00:00,0.0
2020-07-13 03:00:00,0.0
2020-07-13 04:00:00,0.0
2020-07-13 05:00:00,5.85
2020-07-13 06:00:00,95.8
2020-07-13 07:00:00,216.82
2020-07-13 08:00:00,310.55
2020-07-13 09:00:00,455.55
2020-07-13 10:00:00,537.15
2020-07-13 11:00:00,538.65
2020-07-13 12:00:00,580.28
2020-07-13 13:00:00,588.83
2020-07-13 14:00:00,535.58
2020-07-13 15:00:00,374.52
2020-07-13 16:00:00,192.62
2020-07-13 17:00:00,49.8
2020-07-13 18:00:00,0.0
2020-07-13 19:00:00,0.0
2020-07-13 20:00:00,0.0
2020-07-13 21:00:00,0.0
2020-07-13 22:00:00,0.0
2020-07-13 23:00:00,0.0
2020-07-14 00:00:00,0.0
2020-07-14 01:00:00,0.0
2020-07-14 02:00:00,0.0
2020-07-14 03:00:00,0.0
2020-07-14 04:00:00,0.0
2020-07-14 05:00:00,8.3
2020-07-14 06:00:00,74.43
2020-07-14 07:00:00,189.88
2020-07-14 08:00:00,337.15
2020-07-14 09:00:00,467.5
2020-07-14 10:00:00,515.47
2020-07-14 11:00:00,440.45
2020-07-14 12:00:00,433.83
2020-07-14 13:00:00,430.23
2020-07-14 14:00:00,302.12
2020-07-14 15:00:00,132.23
2020-07-14 16:00:00,74.15
2020-07-14 17:00:00,19.48
2020-07-14 18:00:00,0.0
2020-07-14 19:00:00,0.0
2020-07-14 20:00:00,0.0
2020-07-14 21:00:00,0.0
2020-07-14 22:00:00,0.0
2020-07-14 23:00:00,0.0
2020-07-15 00:00:00,0.0
2020-07-15 01:00:00,0.0
2020-07-15 02:00:00,0.0
2020-07-15 03:00:00,0.0
2020-07-15 04:00:00,0.0
2020-07-15 05:00:00,7.03
2020-07-15 06:00:00,97.97
2020-07-15 07:00:00,173.98
2020-07-15 08:00:00,263.25
2020-07-15 09:00:00,348.8
2020-07-15 10:00:00,399.38
2020-07-15 11:00:00,417.8
2020-07-15 12:00:00,381.25
2020-07-15 13:00:00,406.95
2020-07-15 14:00:00,387.08
2020-07-15 15:00:00,246.27
2020-07-15 16:00:00,124.57
2020-07-15 17:00:00,28.12
2020-07-15 18:00:00,0.0
2020-07-15 19:00:00,0.0
2020-07-15 20:00:00,0.0
2020-07-15 21:00:00,0.0
2020-07-15 22:00:00,0.0
2020-07-15 23:00:00,0.0
2020-07-16 00:00:00,0.0
2020-07-16 01:00:00,0.0
2020-07-16 02:00:00,0.0
2020-07-16 03:00:00,0.0
2020-07-16 04:00:00,0.0
2020-07-16 05:00:00,1.12
2020-07-16 06:00:00,28.67
2020-07-16 07:00:00,74.85
2020-07-16 08:00:00,185.57
2020-07-16 09:00:00,254.98
2020-07-16 10:00:00,299.65
2020-07-16 11:00:00,299.62
2020-07-16 12:00:00,322.62
2020-07-16 13:00:00,290.17
2020-07-16 14:00:00,266.65
2020-07-16 15:00:00,185.15
2020-07-16 16:00:00,97.4
2020-07-16 17:00:00,23.58
2020-07-16 18:00:00,0.0
2020-07-16 19:00:00,0.0
2020-07-16 20:00:00,0.0
2020-07-16 21:00:00,0.0
2020-07-16 22:00:00,0.0
2020-07-16 23:00:00,0.0
2020-07-17 00:00:00,0.0
2020-07-17 01:00:00,0.0
2020-07-17 02:00:00,0.0
2020-07-17 03:00:00,0.0
2020-07-17 04:00:00,0.0
2020-07-17 05:00:00,6.1
2020-07-17 06:00:00,110.45
2020-07-17 07:00:00,236.48
2020-07-17 08:00:00,372.55
2020-07-17 09:00:00,493.15
2020-07-17 10:00:00,604.67
2020-07-17 11:00:00,601.72
2020-07-17 12:00:00,662.58
2020-07-17 13:00:00,713.3
2020-07-17 14:00:00,474.2
2020-07-17 15:00:00,259.8
2020-07-17 16:00:00,129.57
2020-07-17 17:00:00,31.9
2020-07-17 18:00:00,0.0
2020-07-17 19:00:00,0.0
2020-07-17 20:00:00,0.0
2020-07-17 21:00:00,0.0
2020-07-17 22:00:00,0.0
2020-07-17 23:00:00,0.0
2020-07-18 00:00:00,0.0
2020-07-18 01:00:00,0.0
2020-07-18 02:00:00,0.0
2020-07-18 03:00:00,0.0
2020-07-18 04:00:00,0.0
2020-07-18 05:00:00,7.9
2020-07-18 06:00:00,7.4
2020-07-18 07:00:00,59.28
2020-07-18 08:00:00,157.43
2020-07-18 09:00:00,218.4
2020-07-18 10:00:00,228.12
2020-07-18 11:00:00,203.48
2020-07-18 12:00:00,232.77
2020-07-18 13:00:00,320.4
2020-07-18 14:00:00,243.12
2020-07-18 15:00:00,200.68
2020-07-18 16:00:00,97.05
2020-07-18 17:00:00,27.05
2020-07-18 18:00:00,0.0
2020-07-18 19:00:00,0.0
2020-07-18 20:00:00,0.0
2020-07-18 21:00:00,0.0
2020-07-18 22:00:00,0.0
2020-07-18 23:00:00,0.0
2020-07-19 00:00:00,0.0
2020-07-19 01:00:00,0.0
2020-07-19 02:00:00,0.0
2020-07-19 03:00:00,0.0
2020-07-19 04:00:00,0.0
2020-07-19 05:00:00,7.35
2020-07-19 06:00:00,89.62
2020-07-19 07:00:00,197.65
2020-07-19 08:00:00,323.58
2020-07-19 09:00:00,472.67
2020-07-19 10:00:00,490.92
2020-07-19 11:00:00,469.88
2020-07-19 12:00:00,614.1
2020-07-19 13:00:00,589.7
2020-07-19 14:00:00,581.58
2020-07-19 15:00:00,437.23
2020-07-19 16:00:00,238.45
2020-07-19 17:00:00,58.62
2020-07-19 18:00:00,0.0
2020-07-19 19:00:00,0.0
2020-07-19 20:00:00,0.0
2020-07-19 21:00:00,0.0
2020-07-19 22:00:00,0.0
2020-07-19 23:00:00,0.0
2020-07-20 00:00:00,0.0
2020-07-20 01:00:00,0.0
2020-07-20 02:00:00,0.0
2020-07-20 03:00:00,0.0
2020-07-20 04:00:00,0.0
2020-07-20 05:00:00,11.25
2020-07-20 06:00:00,134.82
2020-07-20 07:00:00,318.77
2020-07-20 08:00:00,499.1
2020-07-20 09:00:00,691.0
2020-07-20 10:00:00,799.55
2020-07-20 11:00:00,912.3
2020-07-20 12:00:00,898.3
2020-07-20 13:00:00,793.88
2020-07-20 14:00:00,629.45
2020-07-20 15:00:00,476.92
2020-07-20 16:00:00,255.38
2020-07-20 17:00:00,56.88
2020-07-20 18:00:00,0.0
2020-07-20 19:00:00,0.0
2020-07-20 20:00:00,0.0
2020-07-20 21:00:00,0.0
2020-07-20 22:00:00,0.0
2020-07-20 23:00:00,0.0
2020-07-21 00:00:00,0.0
2020-07-21 01:00:00,0.0
2020-07-21 02:00:00,0.0
2020-07-21 03:00:00,0.0
2020-07-21 04:00:00,0.0
2020-07-21 05:00:00,13.18
2020-07-21 06:00:00,143.43
2020-07-21 07:00:00,332.6
2020-07-21 08:00:00,512.8
2020-07-21 09:00:00,752.0
2020-07-21 10:00:00,818.47
2020-07-21 11:00:00,771.65
2020-07-21 12:00:00,887.35
2020-07-21 13:00:00,822.47
2020-07-21 14:00:00,638.55
2020-07-21 15:00:00,479.38
2020-07-21 16:00:00,256.12
2020-07-21 17:00:00,56.67
2020-07-21 18:00:00,0.0
2020-07-21 19:00:00,0.0
2020-07-21 20:00:00,0.0
2020-07-21 21:00:00,0.0
2020-07-21 22:00:00,0.0
2020-07-21 23:00:00,0.0
2020-07-22 00:00:00,0.0
2020-07-22 01:00:00,0.0
2020-07-22 02:00:00,0.0
2020-07-22 03:00:00,0.0
2020-07-22 04:00:00,0.0
2020-07-22 05:00:00,11.93
2020-07-22 06:00:00,127.68
2020-07-22 07:00:00,293.27
2020-07-22 08:00:00,506.7
2020-07-22 09:00:00,674.65
2020-07-22 10:00:00,766.53
2020-07-22 11:00:00,786.03
2020-07-22 12:00:00,735.35
2020-07-22 13:00:00,694.97
2020-07-22 14:00:00,580.33
2020-07-22 15:00:00,465.4
2020-07-22 16:00:00,255.1
2020-07-22 17:00:00,59.25
2020-07-22 18:00:00,0.0
2020-07-22 19:00:00,0.0
2020-07-22 20:00:00,0.0
2020-07-22 21:00:00,0.0
2020-07-22 22:00:00,0.0
2020-07-22 23:00:00,0.0
2020-07-23 00:00:00,0.0
2020-07-23 01:00:00,0.0
2020-07-23 02:00:00,0.0
2020-07-23 03:00:00,0.0
2020-07-23 04:00:00,0.0
2020-07-23 05:00:00,8.12
2020-07-23 06:00:00,71.7
2020-07-23 07:00:00,158.77
2020-07-23 08:00:00,323.62
2020-07-23 09:00:00,445.23
2020-07-23 10:00:00,497.95
2020-07-23 11:00:00,575.2
2020-07-23 12:00:00,628.7
2020-07-23 13:00:00,627.45
2020-07-23 14:00:00,538.7
2020-07-23 15:00:00,367.25
2020-07-23 16:00:00,185.45
2020-07-23 17:00:00,45.08
2020-07-23 18:00:00,0.0
2020-07-23 19:00:00,0.0
2020-07-23 20:00:00,0.0
2020-07-23 21:00:00,0.0
2020-07-23 22:00:00,0.0
2020-07-23 23:00:00,0.0
2020-07-24 00:00:00,0.0
2020-07-24 01:00:00,0.0
2020-07-24 02:00:00,0.0
2020-07-24 03:00:00,0.0
2020-07-24 04:00:00,0.0
2020-07-24 05:00:00,10.15
2020-07-24 06:00:00,115.0
2020-07-24 07:00:00,253.77
2020-07-24 08:00:00,372.8
2020-07-24 09:00:00,482.7
2020-07-24 10:00:00,610.17
2020-07-24 11:00:00,673.22
2020-07-24 12:00:00,745.85
2020-07-24 13:00:00,704.38
2020-07-24 14:00:00,646.62
2020-07-24 15:00:00,437.38
2020-07-24 16:00:00,233.25
2020-07-24 17:00:00,55.3
2020-07-24 18:00:00,0.0
2020-07-24 19:00:00,0.0
2020-07-24 20:00:00,0.0
2020-07-24 21:00:00,0.0
2020-07-24 22:00:00,0.0
2020-07-24 23:00:00,0.0
2020-07-25 00:00:00,0.0
2020-07-25 01:00:00,0.0
2020-07-25 02:00:00,0.0
2020-07-25 03:00:00,0.0
2020-07-25 04:00:00,0.0
2020-07-25 05:00:00,11.68
2020-07-25 06:00:00,141.45
2020-07-25 07:00:00,302.85
2020-07-25 08:00:00,514.53
2020-07-25 09:00:00,744.25
2020-07-25 10:00:00,885.35
2020-07-25 11:00:00,868.03
2020-07-25 12:00:00,857.5
2020-07-25 13:00:00,768.97
2020-07-25 14:00:00,607.85
2020-07-25 15:00:00,412.75
2020-07-25 16:00:00,212.8
2020-07-25 17:00:00,48.9
2020-07-25 18:00:00,0.0
2020-07-25 19:00:00,0.0
2020-07-25 20:00:00,0.0
2020-07-25 21:00:00,0.0
2020-07-25 22:00:00,0.0
2020-07-25 23:00:00,0.0
2020-07-26 00:00:00,0.0
2020-07-26 01:00:00,0.0
2020-07-26 02:00:00,0.0
2020-07-26 03:00:00,0.0
2020-07-26 04:00:00,0.0
2020-07-26 05:00:00,10.23
2020-07-26 06:00:00,109.68
2020-07-26 07:00:00,278.73
2020-07-26 08:00:00,466.35
2020-07-26 09:00:00,582.0
2020-07-26 10:00:00,773.53
2020-07-26 11:00:00,873.47
2020-07-26 12:00:00,782.9
2020-07-26 13:00:00,684.92
2020-07-26 14:00:00,596.15
2020-07-26 15:00:00,453.02
2020-07-26 16:00:00,235.6
2020-07-26 17:00:00,53.45
2020-07-26 18:00:00,0.0
2020-07-26 19:00:00,0.0
2020-07-26 20:00:00,0.0
2020-07-26 21:00:00,0.0
2020-07-26 22:00:00,0.0
2020-07-26 23:00:00,0.0
2020-07-27 00:00:00,0.0
2020-07-27 01:00:00,0.0
2020-07-27 02:00:00,0.0
2020-07-27 03:00:00,0.0
2020-07-27 04:00:00,0.0
2020-07-27 05:00:00,9.15
2020-07-27 06:00:00,99.95
2020-07-27 07:00:00,274.67
2020-07-27 08:00:00,453.98
2020-07-27 09:00:00,615.33
2020-07-27 10:00:00,703.8
2020-07-27 11:00:00,705.0
2020-07-27 12:00:00,685.58
2020-07-27 13:00:00,600.33
2020-07-27 14:00:00,493.98
2020-07-27 15:00:00,321.55
2020-07-27 16:00:00,173.23
2020-07-27 17:00:00,44.8
2020-07-27 18:00:00,0.0
2020-07-27 19:00:00,0.0
2020-07-27 20:00:00,0.0
2020-07-27 21:00:00,0.0
2020-07-27 22:00:00,0.0
2020-07-27 23:00:00,0.0
2020-07-28 00:00:00,0.0
2020-07-28 01:00:00,0.0
2020-07-28 02:00:00,0.0
2020-07-28 03:00:00,0.0
2020-07-28 04:00:00,0.0
2020-07-28 05:00:00,9.43
2020-07-28 06:00:00,129.68
2020-07-28 07:00:00,310.65
2020-07-28 08:00:00,494.1
2020-07-28 09:00:00,712.35
2020-07-28 10:00:00,823.55
2020-07-28 11:00:00,878.05
2020-07-28 12:00:00,863.9
2020-07-28 13:00:00,718.05
2020-07-28 14:00:00,560.3
2020-07-28 15:00:00,318.65
2020-07-28 16:00:00,163.65
2020-07-28 17:00:00,37.38
2020-07-28 18:00:00,0.0
2020-07-28 19:00:00,0.0
2020-07-28 20:00:00,0.0
2020-07-28 21:00:00,0.0
2020-07-28 22:00:00,0.0
2020-07-28 23:00:00,0.0
2020-07-29 00:00:00,0.0
2020-07-29 01:00:00,0.0
2020-07-29 02:00:00,0.0
2020-07-29 03:00:00,0.0
2020-07-29 04:00:00,0.0
2020-07-29 05:00:00,2.1
2020-07-29 06:00:00,15.62
2020-07-29 07:00:00,40.83
2020-07-29 08:00:00,37.6
2020-07-29 09:00:00,45.95
2020-07-29 10:00:00,70.93
2020-07-29 11:00:00,74.88
2020-07-29 12:00:00,189.95
2020-07-29 13:00:00,296.85
2020-07-29 14:00:00,352.88
2020-07-29 15:00:00,266.27
2020-07-29 16:00:00,134.75
2020-07-29 17:00:00,32.75
2020-07-29 18:00:00,0.0
2020-07-29 19:00:00,0.0
2020-07-29 20:00:00,0.0
2020-07-29 21:00:00,0.0
2020-07-29 22:00:00,0.0
2020-07-29 23:00:00,0.0
2020-07-30 00:00:00,0.0
2020-07-30 01:00:00,0.0
2020-07-30 02:00:00,0.0
2020-07-30 03:00:00,0.0
2020-07-30 04:00:00,0.0
2020-07-30 05:00:00,9.98
2020-07-30 06:00:00,131.55
2020-07-30 07:00:00,327.42
2020-07-30 08:00:00,504.0
2020-07-30 09:00:00,753.05
2020-07-30 10:00:00,826.75
2020-07-30 11:00:00,919.58
2020-07-30 12:00:00,920.42
2020-07-30 13:00:00,815.67
2020-07-30 14:00:00,654.55
2020-07-30 15:00:00,464.48
2020-07-30 16:00:00,243.05
2020-07-30 17:00:00,52.9
2020-07-30 18:00:00,0.0
2020-07-30 19:00:00,0.0
2020-07-30 20:00:00,0.0
2020-07-30 21:00:00,0.0
2020-07-30 22:00:00,0.0
2020-07-30 23:00:00,0.0
2020-07-31 00:00:00,0.0
2020-07-31 01:00:00,0.0
2020-07-31 02:00:00,0.0
2020-07-31 03:00:00,0.0
2020-07-31 04:00:00,0.0
2020-07-31 05:00:00,10.15
2020-07-31 06:00:00,139.85
2020-07-31 07:00:00,335.75
2020-07-31 08:00:00,541.42
2020-07-31 09:00:00,724.5
2020-07-31 10:00:00,866.3
2020-07-31 11:00:00,876.03
2020-07-31 12:00:00,878.42
2020-07-31 13:00:00,753.2
2020-07-31 14:00:00,591.38
2020-07-31 15:00:00,424.62
2020-07-31 16:00:00,223.0
2020-07-31 17:00:00,49.88
2020-07-31 18:00:00,0.0
2020-07-31 19:00:00,0.0
2020-07-31 20:00:00,0.0
2020-07-31 21:00:00,0.0
2020-07-31 22:00:00,0.0
2020-07-31 23:00:00,0.0
2020-08-01 00:00:00,0.0
2020-08-01 01:00:00,0.0
2020-08-01 02:00:00,0.0
2020-08-01 03:00:00,0.0
2020-08-01 04:00:00,0.0
2020-08-01 05:00:00,4.95
2020-08-01 06:00:00,46.97
2020-08-01 07:00:00,141.52
2020-08-01 08:00:00,280.75
2020-08-01 09:00:00,449.15
2020-08-01 10:00:00,516.83
2020-08-01 11:00:00,526.67
2020-08-01 12:00:00,555.22
2020-08-01 13:00:00,463.55
2020-08-01 14:00:00,372.88
2020-08-01 15:00:00,284.75
2020-08-01 16:00:00,139.65
2020-08-01 17:00:00,24.75
2020-08-01 18:00:00,0.0
2020-08-01 19:00:00,0.0
2020-08-01 20:00:00,0.0
2020-08-01 21:00:00,0.0
2020-08-01 22:00:00,0.0
2020-08-01 23:00:00,0.0
2020-08-02 00:00:00,0.0
2020-08-02 01:00:00,0.0
2020-08-02 02:00:00,0.0
2020-08-02 03:00:00,0.0
2020-08-02 04:00:00,0.0
2020-08-02 05:00:00,8.88
2020-08-02 06:00:00,124.62
2020-08-02 07:00:00,299.02
2020-08-02 08:00:00,475.85
2020-08-02 09:00:00,652.22
2020-08-02 10:00:00,778.53
2020-08-02 11:00:00,736.4
2020-08-02 12:00:00,690.9
2020-08-02 13:00:00,596.28
2020-08-02 14:00:00,423.4
2020-08-02 15:00:00,260.15
2020-08-02 16:00:00,117.28
2020-08-02 17:00:00,26.88
2020-08-02 18:00:00,0.0
2020-08-02 19:00:00,0.0
2020-08-02 20:00:00,0.0
2020-08-02 21:00:00,0.0
2020-08-02 22:00:00,0.0
2020-08-02 23:00:00,0.0
2020-08-03 00:00:00,0.0
2020-08-03 01:00:00,0.0
2020-08-03 02:00:00,0.0
2020-08-03 03:00:00,0.0
2020-08-03 04:00:00,0.0
2020-08-03 05:00:00,3.47
2020-08-03 06:00:00,77.47
2020-08-03 07:00:00,162.55
2020-08-03 08:00:00,263.2
2020-08-03 09:00:00,422.38
2020-08-03 10:00:00,524.92
2020-08-03 11:00:00,463.02
2020-08-03 12:00:00,545.6
2020-08-03 13:00:00,385.2
2020-08-03 14:00:00,289.35
2020-08-03 15:00:00,159.38
2020-08-03 16:00:00,82.22
2020-08-03 17:00:00,18.4
2020-08-03 18:00:00,0.0
2020-08-03 19:00:00,0.0
2020-08-03 20:00:00,0.0
2020-08-03 21:00:00,0.0
2020-08-03 22:00:00,0.0
2020-08-03 23:00:00,0.0
2020-08-04 00:00:00,0.0
2020-08-04 01:00:00,0.0
2020-08-04 02:00:00,0.0
2020-08-04 03:00:00,0.0
2020-08-04 04:00:00,0.0
2020-08-04 05:00:00,4.72
2020-08-04 06:00:00,54.12
2020-08-04 07:00:00,129.05
2020-08-04 08:00:00,204.95
2020-08-04 09:00:00,299.77
2020-08-04 10:00:00,443.33
2020-08-04 11:00:00,630.05
2020-08-04 12:00:00,497.33
2020-08-04 13:00:00,356.35
2020-08-04 14:00:00,322.77
2020-08-04 15:00:00,212.1
2020-08-04 16:00:00,115.4
2020-08-04 17:00:00,27.27
2020-08-04 18:00:00,0.0
2020-08-04 19:00:00,0.0
2020-08-04 20:00:00,0.0
2020-08-04 21:00:00,0.0
2020-08-04 22:00:00,0.0
2020-08-04 23:00:00,0.0
2020-08-05 00:00:00,0.0
2020-08-05 01:00:00,0.0
2020-08-05 02:00:00,0.0
2020-08-05 03:00:00,0.0
2020-08-05 04:00:00,0.0
2020-08-05 05:00:00,4.2
2020-08-05 06:00:00,54.78
2020-08-05 07:00:00,138.98
2020-08-05 08:00:00,219.98
2020-08-05 09:00:00,285.35
2020-08-05 10:00:00,323.33
2020-08-05 11:00:00,349.0
2020-08-05 12:00:00,368.73
2020-08-05 13:00:00,362.4
2020-08-05 14:00:00,365.3
2020-08-05 15:00:00,272.9
2020-08-05 16:00:00,140.43
2020-08-05 17:00:00,35.88
2020-08-05 18:00:00,0.0
2020-08-05 19:00:00,0.0
2020-08-05 20:00:00,0.0
2020-08-05 21:00:00,0.0
2020-08-05 22:00:00,0.0
2020-08-05 23:00:00,0.0
2020-08-06 00:00:00,0.0
2020-08-06 01:00:00,0.0
2020-08-06 02:00:00,0.0
2020-08-06 03:00:00,0.0
2020-08-06 04:00:00,0.0
2020-08-06 05:00:00,8.4
2020-08-06 06:00:00,97.07
2020-08-06 07:00:00,248.43
2020-08-06 08:00:00,408.58
2020-08-06 09:00:00,576.0
2020-08-06 10:00:00,682.78
2020-08-06 11:00:00,622.8
2020-08-06 12:00:00,713.7
2020-08-06 13:00:00,619.28
2020-08-06 14:00:00,530.2
2020-08-06 15:00:00,383.83
2020-08-06 16:00:00,191.48
2020-08-06 17:00:00,39.92
2020-08-06 18:00:00,0.0
2020-08-06 19:00:00,0.0
2020-08-06 20:00:00,0.0
2020-08-06 21:00:00,0.0
2020-08-06 22:00:00,0.0
2020-08-06 23:00:00,0.0
2020-08-07 00:00:00,0.0
2020-08-07 01:00:00,0.0
2020-08-07 02:00:00,0.0
2020-08-07 03:00:00,0.0
2020-08-07 04:00:00,0.0
2020-08-07 05:00:00,8.23
2020-08-07 06:00:00,111.93
2020-08-07 07:00:00,290.67
2020-08-07 08:00:00,467.95
2020-08-07 09:00:00,638.45
2020-08-07 10:00:00,767.03
2020-08-07 11:00:00,871.7
2020-08-07 12:00:00,831.33
2020-08-07 13:00:00,684.65
2020-08-07 14:00:00,556.28
2020-08-07 15:00:00,418.98
2020-08-07 16:00:00,213.65
2020-08-07 17:00:00,43.33
2020-08-07 18:00:00,0.0
2020-08-07 19:00:00,0.0
2020-08-07 20:00:00,0.0
2020-08-07 21:00:00,0.0
2020-08-07 22:00:00,0.0
2020-08-07 23:00:00,0.0
2020-08-08 00:00:00,0.0
2020-08-08 01:00:00,0.0
2020-08-08 02:00:00,0.0
2020-08-08 03:00:00,0.0
2020-08-08 04:00:00,0.0
2020-08-08 05:00:00,8.05
2020-08-08 06:00:00,111.88
2020-08-08 07:00:00,279.73
2020-08-08 08:00:00,472.5
2020-08-08 09:00:00,652.9
2020-08-08 10:00:00,784.12
2020-08-08 11:00:00,822.5
2020-08-08 12:00:00,757.75
2020-08-08 13:00:00,462.25
2020-08-08 14:00:00,291.17
2020-08-08 15:00:00,191.9
2020-08-08 16:00:00,91.2
2020-08-08 17:00:00,18.55
2020-08-08 18:00:00,0.0
2020-08-08 19:00:00,0.0
2020-08-08 20:00:00,0.0
2020-08-08 21:00:00,0.0
2020-08-08 22:00:00,0.0
2020-08-08 23:00:00,0.0
2020-08-09 00:00:00,0.0
2020-08-09 01:00:00,0.0
2020-08-09 02:00:00,0.0
2020-08-09 03:00:00,0.0
2020-08-09 04:00:00,0.0
2020-08-09 05:00:00,2.28
2020-08-09 06:00:00,30.85
2020-08-09 07:00:00,77.5
2020-08-09 08:00:00,149.95
2020-08-09 09:00:00,218.27
2020-08-09 10:00:00,274.55
2020-08-09 11:00:00,347.15
2020-08-09 12:00:00,363.25
2020-08-09 13:00:00,285.08
2020-08-09 14:00:00,293.48
2020-08-09 15:00:00,154.35
2020-08-09 16:00:00,73.4
2020-08-09 17:00:00,14.55
2020-08-09 18:00:00,0.0
2020-08-09 19:00:00,0.0
2020-08-09 20:00:00,0.0
2020-08-09 21:00:00,0.0
2020-08-09 22:00:00,0.0
2020-08-09 23:00:00,0.0
2020-08-10 00:00:00,0.0
2020-08-10 01:00:00,0.0
2020-08-10 02:00:00,0.0
2020-08-10 03:00:00,0.0
2020-08-10 04:00:00,0.0
2020-08-10 05:00:00,6.07
2020-08-10 06:00:00,103.18
2020-08-10 07:00:00,245.6
2020-08-10 08:00:00,403.15
2020-08-10 09:00:00,530.83
2020-08-10 10:00:00,695.42
2020-08-10 11:00:00,703.78
2020-08-10 12:00:00,726.1
2020-08-10 13:00:00,581.88
2020-08-10 14:00:00,443.8
2020-08-10 15:00:00,398.83
2020-08-10 16:00:00,192.55
2020-08-10 17:00:00,33.2
2020-08-10 18:00:00,0.0
2020-08-10 19:00:00,0.0
2020-08-10 20:00:00,0.0
2020-08-10 21:00:00,0.0
2020-08-10 22:00:00,0.0
2020-08-10 23:00:00,0.0
2020-08-11 00:00:00,0.0
2020-08-11 01:00:00,0.0
2020-08-11 02:00:00,0.0
2020-08-11 03:00:00,0.0
2020-08-11 04:00:00,0.0
2020-08-11 05:00:00,8.8
2020-08-11 06:00:00,117.3
2020-08-11 07:00:00,295.95
2020-08-11 08:00:00,476.4
2020-08-11 09:00:00,693.88
2020-08-11 10:00:00,725.03
2020-08-11 11:00:00,817.9
2020-08-11 12:00:00,832.7
2020-08-11 13:00:00,769.22
2020-08-11 14:00:00,597.4
2020-08-11 15:00:00,394.83
2020-08-11 16:00:00,198.7
2020-08-11 17:00:00,41.47
2020-08-11 18:00:00,0.0
2020-08-11 19:00:00,0.0
2020-08-11 20:00:00,0.0
2020-08-11 21:00:00,0.0
2020-08-11 22:00:00,0.0
2020-08-11 23:00:00,0.0
2020-08-12 00:00:00,0.0
2020-08-12 01:00:00,0.0
2020-08-12 02:00:00,0.0
2020-08-12 03:00:00,0.0
2020-08-12 04:00:00,0.0
2020-08-12 05:00:00,4.62
2020-08-12 06:00:00,97.5
2020-08-12 07:00:00,227.65
2020-08-12 08:00:00,360.08
2020-08-12 09:00:00,481.8
2020-08-12 10:00:00,573.85
2020-08-12 11:00:00,564.92
2020-08-12 12:00:00,630.2
2020-08-12 13:00:00,529.1
2020-08-12 14:00:00,377.42
2020-08-12 15:00:00,270.58
2020-08-12 16:00:00,126.68
2020-08-12 17:00:00,21.55
2020-08-12 18:00:00,0.0
2020-08-12 19:00:00,0.0
2020-08-12 20:00:00,0.0
2020-08-12 21:00:00,0.0
2020-08-12 22:00:00,0.0
2020-08-12 23:00:00,0.0
2020-08-13 00:00:00,0.0
2020-08-13 01:00:00,0.0
2020-08-13 02:00:00,0.0
2020-08-13 03:00:00,0.0
2020-08-13 04:00:00,0.0
2020-08-13 05:00:00,6.43
2020-08-13 06:00:00,51.83
2020-08-13 07:00:00,183.05
2020-08-13 08:00:00,344.15
2020-08-13 09:00:00,462.85
2020-08-13 10:00:00,478.35
2020-08-13 11:00:00,484.4
2020-08-13 12:00:00,474.58
2020-08-13 13:00:00,422.27
2020-08-13 14:00:00,328.83
2020-08-13 15:00:00,223.73
2020-08-13 16:00:00,105.57
2020-08-13 17:00:00,22.92
2020-08-13 18:00:00,0.0
2020-08-13 19:00:00,0.0
2020-08-13 20:00:00,0.0
2020-08-13 21:00:00,0.0
2020-08-13 22:00:00,0.0
2020-08-13 23:00:00,0.0
2020-08-14 00:00:00,0.0
2020-08-14 01:00:00,0.0
2020-08-14 02:00:00,0.0
2020-08-14 03:00:00,0.0
2020-08-14 04:00:00,0.0
2020-08-14 05:00:00,4.32
2020-08-14 06:00:00,68.32
2020-08-14 07:00:00,173.2
2020-08-14 08:00:00,297.98
2020-08-14 09:00:00,422.25
2020-08-14 10:00:00,495.8
2020-08-14 11:00:00,443.62
2020-08-14 12:00:00,425.75
2020-08-14 13:00:00,432.7
2020-08-14 14:00:00,353.77
2020-08-14 15:00:00,268.0
2020-08-14 16:00:00,124.4
2020-08-14 17:00:00,26.55
2020-08-14 18:00:00,0.0
2020-08-14 19:00:00,0.0
2020-08-14 20:00:00,0.0
2020-08-14 21:00:00,0.0
2020-08-14 22:00:00,0.0
2020-08-14 23:00:00,0.0
2020-08-15 00:00:00,0.0
2020-08-15 01:00:00,0.0
2020-08-15 02:00:00,0.0
2020-08-15 03:00:00,0.0
2020-08-15 04:00:00,0.0
2020-08-15 05:00:00,4.78
2020-08-15 06:00:00,64.28
2020-08-15 07:00:00,165.0
2020-08-15 08:00:00,280.23
2020-08-15 09:00:00,397.52
2020-08-15 10:00:00,440.27
2020-08-15 11:00:00,503.35
2020-08-15 12:00:00,553.97
2020-08-15 13:00:00,545.42
2020-08-15 14:00:00,344.85
2020-08-15 15:00:00,228.95
2020-08-15 16:00:00,113.6
2020-08-15 17:00:00,20.08
2020-08-15 18:00:00,0.0
2020-08-15 19:00:00,0.0
2020-08-15 20:00:00,0.0
2020-08-15 21:00:00,0.0
2020-08-15 22:00:00,0.0
2020-08-15 23:00:00,0.0
2020-08-16 00:00:00,0.0
2020-08-16 01:00:00,0.0
2020-08-16 02:00:00,0.0
2020-08-16 03:00:00,0.0
2020-08-16 04:00:00,0.0
2020-08-16 05:00:00,8.32
2020-08-16 06:00:00,89.6
2020-08-16 07:00:00,234.77
2020-08-16 08:00:00,403.42
2020-08-16 09:00:00,518.72
2020-08-16 10:00:00,594.83
2020-08-16 11:00:00,558.2
2020-08-16 12:00:00,566.53
2020-08-16 13:00:00,520.08
2020-08-16 14:00:00,378.1
2020-08-16 15:00:00,205.9
2020-08-16 16:00:00,99.6
2020-08-16 17:00:00,17.88
2020-08-16 18:00:00,0.0
2020-08-16 19:00:00,0.0
2020-08-16 20:00:00,0.0
2020-08-16 21:00:00,0.0
2020-08-16 22:00:00,0.0
2020-08-16 23:00:00,0.0
2020-08-17 00:00:00,0.0
2020-08-17 01:00:00,0.0
2020-08-17 02:00:00,0.0
2020-08-17 03:00:00,0.0
2020-08-17 04:00:00,0.0
2020-08-17 05:00:00,5.57
2020-08-17 06:00:00,107.38
2020-08-17 07:00:00,260.85
2020-08-17 08:00:00,407.83
2020-08-17 09:00:00,549.5
2020-08-17 10:00:00,647.15
2020-08-17 11:00:00,828.47
2020-08-17 12:00:00,735.05
2020-08-17 13:00:00,727.12
2020-08-17 14:00:00,612.3
2020-08-17 15:00:00,417.62
2020-08-17 16:00:00,199.32
2020-08-17 17:00:00,34.47
2020-08-17 18:00:00,0.0
2020-08-17 19:00:00,0.0
2020-08-17 20:00:00,0.0
2020-08-17 21:00:00,0.0
2020-08-17 22:00:00,0.0
2020-08-17 23:00:00,0.0
2020-08-18 00:00:00,0.0
2020-08-18 01:00:00,0.0
2020-08-18 02:00:00,0.0
2020-08-18 03:00:00,0.0
2020-08-18 04:00:00,0.0
2020-08-18 05:00:00,5.88
2020-08-18 06:00:00,36.5
2020-08-18 07:00:00,173.9
2020-08-18 08:00:00,315.6
2020-08-18 09:00:00,430.88
2020-08-18 10:00:00,498.15
2020-08-18 11:00:00,570.0
2020-08-18 12:00:00,521.8
2020-08-18 13:00:00,440.12
2020-08-18 14:00:00,313.5
2020-08-18 15:00:00,189.6
2020-08-18 16:00:00,95.72
2020-08-18 17:00:00,15.95
2020-08-18 18:00:00,0.0
2020-08-18 19:00:00,0.0
2020-08-18 20:00:00,0.0
2020-08-18 21:00:00,0.0
2020-08-18 22:00:00,0.0
2020-08-18 23:00:00,0.0
2020-08-19 00:00:00,0.0
2020-08-19 01:00:00,0.0
2020-08-19 02:00:00,0.0
2020-08-19 03:00:00,0.0
2020-08-19 04:00:00,0.0
2020-08-19 05:00:00,7.88
2020-08-19 06:00:00,49.7
2020-08-19 07:00:00,194.07
2020-08-19 08:00:00,358.88
2020-08-19 09:00:00,478.8
2020-08-19 10:00:00,571.0
2020-08-19 11:00:00,621.88
2020-08-19 12:00:00,535.35
2020-08-19 13:00:00,504.58
2020-08-19 14:00:00,353.0
2020-08-19 15:00:00,197.48
2020-08-19 16:00:00,93.32
2020-08-19 17:00:00,18.85
2020-08-19 18:00:00,0.0
2020-08-19 19:00:00,0.0
2020-08-19 20:00:00,0.0
2020-08-19 21:00:00,0.0
2020-08-19 22:00:00,0.0
2020-08-19 23:00:00,0.0
2020-08-20 00:00:00,0.0
2020-08-20 01:00:00,0.0
2020-08-20 02:00:00,0.0
2020-08-20 03:00:00,0.0
2020-08-20 04:00:00,0.0
2020-08-20 05:00:00,5.43
2020-08-20 06:00:00,62.58
2020-08-20 07:00:00,191.88
2020-08-20 08:00:00,364.75
2020-08-20 09:00:00,453.8
2020-08-20 10:00:00,505.48
2020-08-20 11:00:00,432.65
2020-08-20 12:00:00,433.2
2020-08-20 13:00:00,332.08
2020-08-20 14:00:00,271.62
2020-08-20 15:00:00,205.98
2020-08-20 16:00:00,96.07
2020-08-20 17:00:00,18.25
2020-08-20 18:00:00,0.0
2020-08-20 19:00:00,0.0
2020-08-20 20:00:00,0.0
2020-08-20 21:00:00,0.0
2020-08-20 22:00:00,0.0
2020-08-20 23:00:00,0.0
2020-08-21 00:00:00,0.0
2020-08-21 01:00:00,0.0
2020-08-21 02:00:00,0.0
2020-08-21 03:00:00,0.0
2020-08-21 04:00:00,0.0
2020-08-21 05:00:00,7.7
2020-08-21 06:00:00,110.85
2020-08-21 07:00:00,297.35
2020-08-21 08:00:00,485.5
2020-08-21 09:00:00,637.6
2020-08-21 10:00:00,778.03
2020-08-21 11:00:00,794.28
2020-08-21 12:00:00,795.92
2020-08-21 13:00:00,769.22
2020-08-21 14:00:00,571.92
2020-08-21 15:00:00,358.55
2020-08-21 16:00:00,174.77
2020-08-21 17:00:00,31.55
2020-08-21 18:00:00,0.0
2020-08-21 19:00:00,0.0
2020-08-21 20:00:00,0.0
2020-08-21 21:00:00,0.0
2020-08-21 22:00:00,0.0
2020-08-21 23:00:00,0.0
2020-08-22 00:00:00,0.0
2020-08-22 01:00:00,0.0
2020-08-22 02:00:00,0.0
2020-08-22 03:00:00,0.0
2020-08-22 04:00:00,0.0
2020-08-22 05:00:00,8.65
2020-08-22 06:00:00,110.95
2020-08-22 07:00:00,276.2
2020-08-22 08:00:00,450.85
2020-08-22 09:00:00,587.33
2020-08-22 10:00:00,687.72
2020-08-22 11:00:00,673.03
2020-08-22 12:00:00,747.17
2020-08-22 13:00:00,620.12
2020-08-22 14:00:00,481.75
2020-08-22 15:00:00,347.23
2020-08-22 16:00:00,167.6
2020-08-22 17:00:00,27.7
2020-08-22 18:00:00,0.0
2020-08-22 19:00:00,0.0
2020-08-22 20:00:00,0.0
2020-08-22 21:00:00,0.0
2020-08-22 22:00:00,0.0
2020-08-22 23:00:00,0.0
2020-08-23 00:00:00,0.0
2020-08-23 01:00:00,0.0
2020-08-23 02:00:00,0.0
2020-08-23 03:00:00,0.0
2020-08-23 04:00:00,0.0
2020-08-23 05:00:00,5.6
2020-08-23 06:00:00,104.38
2020-08-23 07:00:00,243.6
2020-08-23 08:00:00,374.67
2020-08-23 09:00:00,496.83
2020-08-23 10:00:00,624.7
2020-08-23 11:00:00,685.8
2020-08-23 12:00:00,614.95
2020-08-23 13:00:00,534.75
2020-08-23 14:00:00,445.1
2020-08-23 15:00:00,258.48
2020-08-23 16:00:00,129.57
2020-08-23 17:00:00,23.83
2020-08-23 18:00:00,0.0
2020-08-23 19:00:00,0.0
2020-08-23 20:00:00,0.0
2020-08-23 21:00:00,0.0
2020-08-23 22:00:00,0.0
2020-08-23 23:00:00,0.0
2020-08-24 00:00:00,0.0
2020-08-24 01:00:00,0.0
2020-08-24 02:00:00,0.0
2020-08-24 03:00:00,0.0
2020-08-24 04:00:00,0.0
2020-08-24 05:00:00,7.28
2020-08-24 06:00:00,102.93
2020-08-24 07:00:00,273.3
2020-08-24 08:00:00,443.15
2020-08-24 09:00:00,603.88
2020-08-24 10:00:00,673.28
2020-08-24 11:00:00,768.5
2020-08-24 12:00:00,686.72
2020-08-24 13:00:00,609.4
2020-08-24 14:00:00,507.85
2020-08-24 15:00:00,316.9
2020-08-24 16:00:00,148.85
2020-08-24 17:00:00,24.08
2020-08-24 18:00:00,0.0
2020-08-24 19:00:00,0.0
2020-08-24 20:00:00,0.0
2020-08-24 21:00:00,0.0
2020-08-24 22:00:00,0.0
2020-08-24 23:00:00,0.0
2020-08-25 00:00:00,0.0
2020-08-25 01:00:00,0.0
2020-08-25 02:00:00,0.0
2020-08-25 03:00:00,0.0
2020-08-25 04:00:00,0.0
2020-08-25 05:00:00,7.35
2020-08-25 06:00:00,113.93
2020-08-25 07:00:00,289.85
2020-08-25 08:00:00,468.88
2020-08-25 09:00:00,647.45
2020-08-25 10:00:00,717.22
2020-08-25 11:00:00,815.22
2020-08-25 12:00:00,745.92
2020-08-25 13:00:00,634.75
2020-08-25 14:00:00,423.75
2020-08-25 15:00:00,294.38
2020-08-25 16:00:00,138.35
2020-08-25 17:00:00,20.92
2020-08-25 18:00:00,0.0
2020-08-25 19:00:00,0.0
2020-08-25 20:00:00,0.0
2020-08-25 21:00:00,0.0
2020-08-25 22:00:00,0.0
2020-08-25 23:00:00,0.0
2020-08-26 00:00:00,0.0
2020-08-26 01:00:00,0.0
2020-08-26 02:00:00,0.0
2020-08-26 03:00:00,0.0
2020-08-26 04:00:00,0.0
2020-08-26 05:00:00,6.25
2020-08-26 06:00:00,70.93
2020-08-26 07:00:00,198.95
2020-08-26 08:00:00,361.92
2020-08-26 09:00:00,503.02
2020-08-26 10:00:00,557.22
2020-08-26 11:00:00,593.7
2020-08-26 12:00:00,639.9
2020-08-26 13:00:00,624.45
2020-08-26 14:00:00,571.25
2020-08-26 15:00:00,393.4
2020-08-26 16:00:00,186.6
2020-08-26 17:00:00,28.7
2020-08-26 18:00:00,0.0
2020-08-26 19:00:00,0.0
2020-08-26 20:00:00,0.0
2020-08-26 21:00:00,0.0
2020-08-26 22:00:00,0.0
2020-08-26 23:00:00,0.0
2020-08-27 00:00:00,0.0
2020-08-27 01:00:00,0.0
2020-08-27 02:00:00,0.0
2020-08-27 03:00:00,0.0
2020-08-27 04:00:00,0.0
2020-08-27 05:00:00,7.75
2020-08-27 06:00:00,113.72
2020-08-27 07:00:00,294.95
2020-08-27 08:00:00,482.98
2020-08-27 09:00:00,673.6
2020-08-27 10:00:00,743.65
2020-08-27 11:00:00,873.9
2020-08-27 12:00:00,795.17
2020-08-27 13:00:00,763.97
2020-08-27 14:00:00,546.7
2020-08-27 15:00:00,370.35
2020-08-27 16:00:00,175.9
2020-08-27 17:00:00,25.42
2020-08-27 18:00:00,0.0
2020-08-27 19:00:00,0.0
2020-08-27 20:00:00,0.0
2020-08-27 21:00:00,0.0
2020-08-27 22:00:00,0.0
2020-08-27 23:00:00,0.0
2020-08-28 00:00:00,0.0
2020-08-28 01:00:00,0.0
2020-08-28 02:00:00,0.0
2020-08-28 03:00:00,0.0
2020-08-28 04:00:00,0.0
2020-08-28 05:00:00,8.52
2020-08-28 06:00:00,120.22
2020-08-28 07:00:00,293.67
2020-08-28 08:00:00,521.62
2020-08-28 09:00:00,711.42
2020-08-28 10:00:00,854.85
2020-08-28 11:00:00,939.17
2020-08-28 12:00:00,885.8
2020-08-28 13:00:00,809.5
2020-08-28 14:00:00,605.53
2020-08-28 15:00:00,445.77
2020-08-28 16:00:00,200.35
2020-08-28 17:00:00,24.9
2020-08-28 18:00:00,0.0
2020-08-28 19:00:00,0.0
2020-08-28 20:00:00,0.0
2020-08-28 21:00:00,0.0
2020-08-28 22:00:00,0.0
2020-08-28 23:00:00,0.0
2020-08-29 00:00:00,0.0
2020-08-29 01:00:00,0.0
2020-08-29 02:00:00,0.0
2020-08-29 03:00:00,0.0
2020-08-29 04:00:00,0.0
2020-08-29 05:00:00,8.5
2020-08-29 06:00:00,130.43
2020-08-29 07:00:00,328.75
2020-08-29 08:00:00,527.2
2020-08-29 09:00:00,761.75
2020-08-29 10:00:00,875.47
2020-08-29 11:00:00,836.97
2020-08-29 12:00:00,910.12
2020-08-29 13:00:00,792.35
2020-08-29 14:00:00,637.65
2020-08-29 15:00:00,435.83
2020-08-29 16:00:00,206.93
2020-08-29 17:00:00,29.9
2020-08-29 18:00:00,0.0
2020-08-29 19:00:00,0.0
2020-08-29 20:00:00,0.0
2020-08-29 21:00:00,0.0
2020-08-29 22:00:00,0.0
2020-08-29 23:00:00,0.0
2020-08-30 00:00:00,0.0
2020-08-30 01:00:00,0.0
2020-08-30 02:00:00,0.0
2020-08-30 03:00:00,0.0
2020-08-30 04:00:00,0.0
2020-08-30 05:00:00,8.95
2020-08-30 06:00:00,133.5
2020-08-30 07:00:00,340.12
2020-08-30 08:00:00,537.05
2020-08-30 09:00:00,726.35
2020-08-30 10:00:00,884.67
2020-08-30 11:00:00,825.03
2020-08-30 12:00:00,901.2
2020-08-30 13:00:00,778.72
2020-08-30 14:00:00,626.78
2020-08-30 15:00:00,426.17
2020-08-30 16:00:00,207.05
2020-08-30 17:00:00,27.55
2020-08-30 18:00:00,0.0
2020-08-30 19:00:00,0.0
2020-08-30 20:00:00,0.0
2020-08-30 21:00:00,0.0
2020-08-30 22:00:00,0.0
2020-08-30 23:00:00,0.0
2020-08-31 00:00:00,0.0
2020-08-31 01:00:00,0.0
2020-08-31 02:00:00,0.0
2020-08-31 03:00:00,0.0
2020-08-31 04:00:00,0.0
2020-08-31 05:00:00,6.35
2020-08-31 06:00:00,113.28
2020-08-31 07:00:00,263.25
2020-08-31 08:00:00,410.15
2020-08-31 09:00:00,653.8
2020-08-31 10:00:00,794.35
2020-08-31 11:00:00,920.0
2020-08-31 12:00:00,905.33
2020-08-31 13:00:00,794.35
2020-08-31 14:00:00,612.97
2020-08-31 15:00:00,420.05
2020-08-31 16:00:00,201.65
2020-08-31 17:00:00,27.77
2020-08-31 18:00:00,0.0
2020-08-31 19:00:00,0.0
2020-08-31 20:00:00,0.0
2020-08-31 21:00:00,0.0
2020-08-31 22:00:00,0.0
2020-08-31 23:00:00,0.0
2020-09-01 00:00:00,0.0
2020-09-01 01:00:00,0.0
2020-09-01 02:00:00,0.0
2020-09-01 03:00:00,0.0
2020-09-01 04:00:00,0.0
2020-09-01 05:00:00,7.35
2020-09-01 06:00:00,105.4
2020-09-01 07:00:00,278.17
2020-09-01 08:00:00,465.45
2020-09-01 09:00:00,637.72
2020-09-01 10:00:00,775.47
2020-09-01 11:00:00,742.12
2020-09-01 12:00:00,570.47
2020-09-01 13:00:00,486.42
2020-09-01 14:00:00,391.83
2020-09-01 15:00:00,264.92
2020-09-01 16:00:00,114.43
2020-09-01 17:00:00,12.45
2020-09-01 18:00:00,0.0
2020-09-01 19:00:00,0.0
2020-09-01 20:00:00,0.0
2020-09-01 21:00:00,0.0
2020-09-01 22:00:00,0.0
2020-09-01 23:00:00,0.0
2020-09-02 00:00:00,0.0
2020-09-02 01:00:00,0.0
2020-09-02 02:00:00,0.0
2020-09-02 03:00:00,0.0
2020-09-02 04:00:00,0.0
2020-09-02 05:00:00,4.7
2020-09-02 06:00:00,39.95
2020-09-02 07:00:00,108.82
2020-09-02 08:00:00,201.55
2020-09-02 09:00:00,349.6
2020-09-02 10:00:00,429.62
2020-09-02 11:00:00,370.8
2020-09-02 12:00:00,506.85
2020-09-02 13:00:00,664.45
2020-09-02 14:00:00,529.42
2020-09-02 15:00:00,319.62
2020-09-02 16:00:00,157.4
2020-09-02 17:00:00,23.25
2020-09-02 18:00:00,0.0
2020-09-02 19:00:00,0.0
2020-09-02 20:00:00,0.0
2020-09-02 21:00:00,0.0
2020-09-02 22:00:00,0.0
2020-09-02 23:00:00,0.0
2020-09-03 00:00:00,0.0
2020-09-03 01:00:00,0.0
2020-09-03 02:00:00,0.0
2020-09-03 03:00:00,0.0
2020-09-03 04:00:00,0.0
2020-09-03 05:00:00,8.62
2020-09-03 06:00:00,138.98
2020-09-03 07:00:00,334.25
2020-09-03 08:00:00,534.38
2020-09-03 09:00:00,736.0
2020-09-03 10:00:00,872.35
2020-09-03 11:00:00,847.62
2020-09-03 12:00:00,849.65
2020-09-03 13:00:00,799.65
2020-09-03 14:00:00,629.83
2020-09-03 15:00:00,438.58
2020-09-03 16:00:00,204.9
2020-09-03 17:00:00,25.12
2020-09-03 18:00:00,0.0
2020-09-03 19:00:00,0.0
2020-09-03 20:00:00,0.0
2020-09-03 21:00:00,0.0
2020-09-03 22:00:00,0.0
2020-09-03 23:00:00,0.0
2020-09-04 00:00:00,0.0
2020-09-04 01:00:00,0.0
2020-09-04 02:00:00,0.0
2020-09-04 03:00:00,0.0
2020-09-04 04:00:00,0.0
2020-09-04 05:00:00,8.55
2020-09-04 06:00:00,109.53
2020-09-04 07:00:00,239.12
2020-09-04 08:00:00,369.67
2020-09-04 09:00:00,500.7
2020-09-04 10:00:00,748.8
2020-09-04 11:00:00,804.2
2020-09-04 12:00:00,856.47
2020-09-04 13:00:00,741.03
2020-09-04 14:00:00,542.95
2020-09-04 15:00:00,390.75
2020-09-04 16:00:00,186.77
2020-09-04 17:00:00,27.35
2020-09-04 18:00:00,0.0
2020-09-04 19:00:00,0.0
2020-09-04 20:00:00,0.0
2020-09-04 21:00:00,0.0
2020-09-04 22:00:00,0.0
2020-09-04 23:00:00,0.0
2020-09-05 00:00:00,0.0
2020-09-05 01:00:00,0.0
2020-09-05 02:00:00,0.0
2020-09-05 03:00:00,0.0
2020-09-05 04:00:00,0.0
2020-09-05 05:00:00,9.35
2020-09-05 06:00:00,103.32
2020-09-05 07:00:00,235.43
2020-09-05 08:00:00,388.58
2020-09-05 09:00:00,542.62
2020-09-05 10:00:00,648.6
2020-09-05 11:00:00,710.62
2020-09-05 12:00:00,764.97
2020-09-05 13:00:00,759.88
2020-09-05 14:00:00,627.67
2020-09-05 15:00:00,420.38
2020-09-05 16:00:00,194.85
2020-09-05 17:00:00,24.65
2020-09-05 18:00:00,0.0
2020-09-05 19:00:00,0.0
2020-09-05 20:00:00,0.0
2020-09-05 21:00:00,0.0
2020-09-05 22:00:00,0.0
2020-09-05 23:00:00,0.0
2020-09-06 00:00:00,0.0
2020-09-06 01:00:00,0.0
2020-09-06 02:00:00,0.0
2020-09-06 03:00:00,0.0
2020-09-06 04:00:00,0.0
2020-09-06 05:00:00,9.5
2020-09-06 06:00:00,110.53
2020-09-06 07:00:00,284.58
2020-09-06 08:00:00,464.88
2020-09-06 09:00:00,644.17
2020-09-06 10:00:00,764.22
2020-09-06 11:00:00,821.33
2020-09-06 12:00:00,770.67
2020-09-06 13:00:00,596.67
2020-09-06 14:00:00,480.2
2020-09-06 15:00:00,311.17
2020-09-06 16:00:00,138.48
2020-09-06 17:00:00,19.27
2020-09-06 18:00:00,0.0
2020-09-06 19:00:00,0.0
2020-09-06 20:00:00,0.0
2020-09-06 21:00:00,0.0
2020-09-06 22:00:00,0.0
2020-09-06 23:00:00,0.0
2020-09-07 00:00:00,0.0
2020-09-07 01:00:00,0.0
2020-09-07 02:00:00,0.0
2020-09-07 03:00:00,0.0
2020-09-07 04:00:00,0.0
2020-09-07 05:00:00,8.93
2020-09-07 06:00:00,116.35
2020-09-07 07:00:00,244.62
2020-09-07 08:00:00,370.75
2020-09-07 09:00:00,477.27
2020-09-07 10:00:00,588.15
2020-09-07 11:00:00,533.22
2020-09-07 12:00:00,229.35
2020-09-07 13:00:00,278.9
2020-09-07 14:00:00,212.1
2020-09-07 15:00:00,134.32
2020-09-07 16:00:00,71.93
2020-09-07 17:00:00,11.57
2020-09-07 18:00:00,0.0
2020-09-07 19:00:00,0.0
2020-09-07 20:00:00,0.0
2020-09-07 21:00:00,0.0
2020-09-07 22:00:00,0.0
2020-09-07 23:00:00,0.0
2020-09-08 00:00:00,0.0
2020-09-08 01:00:00,0.0
2020-09-08 02:00:00,0.0
2020-09-08 03:00:00,0.0
2020-09-08 04:00:00,0.0
2020-09-08 05:00:00,7.7
2020-09-08 06:00:00,119.6
2020-09-08 07:00:00,323.33
2020-09-08 08:00:00,521.15
2020-09-08 09:00:00,711.83
2020-09-08 10:00:00,735.72
2020-09-08 11:00:00,734.2
2020-09-08 12:00:00,766.22
2020-09-08 13:00:00,714.2
2020-09-08 14:00:00,557.17
2020-09-08 15:00:00,368.98
2020-09-08 16:00:00,162.55
2020-09-08 17:00:00,19.7
2020-09-08 18:00:00,0.0
2020-09-08 19:00:00,0.0
2020-09-08 20:00:00,0.0
2020-09-08 21:00:00,0.0
2020-09-08 22:00:00,0.0
2020-09-08 23:00:00,0.0
2020-09-09 00:00:00,0.0
2020-09-09 01:00:00,0.0
2020-09-09 02:00:00,0.0
2020-09-09 03:00:00,0.0
2020-09-09 04:00:00,0.0
2020-09-09 05:00:00,7.45
2020-09-09 06:00:00,79.4
2020-09-09 07:00:00,204.3
2020-09-09 08:00:00,340.02
2020-09-09 09:00:00,401.2
2020-09-09 10:00:00,323.0
2020-09-09 11:00:00,414.4
2020-09-09 12:00:00,549.92
2020-09-09 13:00:00,581.38
2020-09-09 14:00:00,394.73
2020-09-09 15:00:00,227.07
2020-09-09 16:00:00,109.28
2020-09-09 17:00:00,10.27
2020-09-09 18:00:00,0.0
2020-09-09 19:00:00,0.0
2020-09-09 20:00:00,0.0
2020-09-09 21:00:00,0.0
2020-09-09 22:00:00,0.0
2020-09-09 23:00:00,0.0
2020-09-10 00:00:00,0.0
2020-09-10 01:00:00,0.0
2020-09-10 02:00:00,0.0
2020-09-10 03:00:00,0.0
2020-09-10 04:00:00,0.0
2020-09-10 05:00:00,5.62
2020-09-10 06:00:00,77.25
2020-09-10 07:00:00,177.23
2020-09-10 08:00:00,238.27
2020-09-10 09:00:00,353.3
2020-09-10 10:00:00,409.73
2020-09-10 11:00:00,534.55
2020-09-10 12:00:00,561.53
2020-09-10 13:00:00,507.3
2020-09-10 14:00:00,411.48
2020-09-10 15:00:00,292.25
2020-09-10 16:00:00,122.18
2020-09-10 17:00:00,14.43
2020-09-10 18:00:00,0.0
2020-09-10 19:00:00,0.0
2020-09-10 20:00:00,0.0
2020-09-10 21:00:00,0.0
2020-09-10 22:00:00,0.0
2020-09-10 23:00:00,0.0
2020-09-11 00:00:00,0.0
2020-09-11 01:00:00,0.0
2020-09-11 02:00:00,0.0
2020-09-11 03:00:00,0.0
2020-09-11 04:00:00,0.0
2020-09-11 05:00:00,7.93
2020-09-11 06:00:00,91.8
2020-09-11 07:00:00,248.88
2020-09-11 08:00:00,418.25
2020-09-11 09:00:00,542.53
2020-09-11 10:00:00,664.12
2020-09-11 11:00:00,667.25
2020-09-11 12:00:00,565.85
2020-09-11 13:00:00,454.73
2020-09-11 14:00:00,279.98
2020-09-11 15:00:00,170.6
2020-09-11 16:00:00,41.1
2020-09-11 17:00:00,8.77
2020-09-11 18:00:00,0.0
2020-09-11 19:00:00,0.0
2020-09-11 20:00:00,0.0
2020-09-11 21:00:00,0.0
2020-09-11 22:00:00,0.0
2020-09-11 23:00:00,0.0
2020-09-12 00:00:00,0.0
2020-09-12 01:00:00,0.0
2020-09-12 02:00:00,0.0
2020-09-12 03:00:00,0.0
2020-09-12 04:00:00,0.0
2020-09-12 05:00:00,1.77
2020-09-12 06:00:00,27.5
2020-09-12 07:00:00,75.93
2020-09-12 08:00:00,161.0
2020-09-12 09:00:00,211.07
2020-09-12 10:00:00,294.15
2020-09-12 11:00:00,348.1
2020-09-12 12:00:00,375.65
2020-09-12 13:00:00,334.5
2020-09-12 14:00:00,267.73
2020-09-12 15:00:00,139.88
2020-09-12 16:00:00,62.0
2020-09-12 17:00:00,8.88
2020-09-12 18:00:00,0.0
2020-09-12 19:00:00,0.0
2020-09-12 20:00:00,0.0
2020-09-12 21:00:00,0.0
2020-09-12 22:00:00,0.0
2020-09-12 23:00:00,0.0
2020-09-13 00:00:00,0.0
2020-09-13 01:00:00,0.0
2020-09-13 02:00:00,0.0
2020-09-13 03:00:00,0.0
2020-09-13 04:00:00,0.0
2020-09-13 05:00:00,0.95
2020-09-13 06:00:00,21.58
2020-09-13 07:00:00,63.12
2020-09-13 08:00:00,136.45
2020-09-13 09:00:00,202.65
2020-09-13 10:00:00,345.6
2020-09-13 11:00:00,390.9
2020-09-13 12:00:00,334.25
2020-09-13 13:00:00,400.35
2020-09-13 14:00:00,301.83
2020-09-13 15:00:00,175.5
2020-09-13 16:00:00,73.12
2020-09-13 17:00:00,8.07
2020-09-13 18:00:00,0.0
2020-09-13 19:00:00,0.0
2020-09-13 20:00:00,0.0
2020-09-13 21:00:00,0.0
2020-09-13 22:00:00,0.0
2020-09-13 23:00:00,0.0
2020-09-14 00:00:00,0.0
2020-09-14 01:00:00,0.0
2020-09-14 02:00:00,0.0
2020-09-14 03:00:00,0.0
2020-09-14 04:00:00,0.0
2020-09-14 05:00:00,4.22
2020-09-14 06:00:00,56.7
2020-09-14 07:00:00,142.57
2020-09-14 08:00:00,238.9
2020-09-14 09:00:00,359.4
2020-09-14 10:00:00,411.45
2020-09-14 11:00:00,470.65
2020-09-14 12:00:00,489.55
2020-09-14 13:00:00,419.48
2020-09-14 14:00:00,334.38
2020-09-14 15:00:00,166.6
2020-09-14 16:00:00,76.53
2020-09-14 17:00:00,8.1
2020-09-14 18:00:00,0.0
2020-09-14 19:00:00,0.0
2020-09-14 20:00:00,0.0
2020-09-14 21:00:00,0.0
2020-09-14 22:00:00,0.0
2020-09-14 23:00:00,0.0
2020-09-15 00:00:00,0.0
2020-09-15 01:00:00,0.0
2020-09-15 02:00:00,0.0
2020-09-15 03:00:00,0.0
2020-09-15 04:00:00,0.0
2020-09-15 05:00:00,1.58
2020-09-15 06:00:00,56.83
2020-09-15 07:00:00,149.2
2020-09-15 08:00:00,287.0
2020-09-15 09:00:00,391.73
2020-09-15 10:00:00,517.35
2020-09-15 11:00:00,455.8
2020-09-15 12:00:00,432.98
2020-09-15 13:00:00,330.55
2020-09-15 14:00:00,284.2
2020-09-15 15:00:00,177.4
2020-09-15 16:00:00,70.43
2020-09-15 17:00:00,9.1
2020-09-15 18:00:00,0.0
2020-09-15 19:00:00,0.0
2020-09-15 20:00:00,0.0
2020-09-15 21:00:00,0.0
2020-09-15 22:00:00,0.0
2020-09-15 23:00:00,0.0
2020-09-16 00:00:00,0.0
2020-09-16 01:00:00,0.0
2020-09-16 02:00:00,0.0
2020-09-16 03:00:00,0.0
2020-09-16 04:00:00,0.0
2020-09-16 05:00:00,7.72
2020-09-16 06:00:00,85.53
2020-09-16 07:00:00,230.38
2020-09-16 08:00:00,376.77
2020-09-16 09:00:00,497.48
2020-09-16 10:00:00,541.12
2020-09-16 11:00:00,532.4
2020-09-16 12:00:00,416.42
2020-09-16 13:00:00,428.73
2020-09-16 14:00:00,320.3
2020-09-16 15:00:00,207.18
2020-09-16 16:00:00,71.22
2020-09-16 17:00:00,8.45
2020-09-16 18:00:00,0.0
2020-09-16 19:00:00,0.0
2020-09-16 20:00:00,0.0
2020-09-16 21:00:00,0.0
2020-09-16 22:00:00,0.0
2020-09-16 23:00:00,0.0
2020-09-17 00:00:00,0.0
2020-09-17 01:00:00,0.0
2020-09-17 02:00:00,0.0
2020-09-17 03:00:00,0.0
2020-09-17 04:00:00,0.0
2020-09-17 05:00:00,6.68
2020-09-17 06:00:00,78.3
2020-09-17 07:00:00,179.65
2020-09-17 08:00:00,206.0
2020-09-17 09:00:00,318.55
2020-09-17 10:00:00,317.52
2020-09-17 11:00:00,442.4
2020-09-17 12:00:00,541.15
2020-09-17 13:00:00,394.6
2020-09-17 14:00:00,370.83
2020-09-17 15:00:00,237.12
2020-09-17 16:00:00,94.1
2020-09-17 17:00:00,9.35
2020-09-17 18:00:00,0.0
2020-09-17 19:00:00,0.0
2020-09-17 20:00:00,0.0
2020-09-17 21:00:00,0.0
2020-09-17 22:00:00,0.0
2020-09-17 23:00:00,0.0
2020-09-18 00:00:00,0.0
2020-09-18 01:00:00,0.0
2020-09-18 02:00:00,0.0
2020-09-18 03:00:00,0.0
2020-09-18 04:00:00,0.0
2020-09-18 05:00:00,8.68
2020-09-18 06:00:00,118.93
2020-09-18 07:00:00,299.75
2020-09-18 08:00:00,408.92
2020-09-18 09:00:00,453.48
2020-09-18 10:00:00,527.47
2020-09-18 11:00:00,607.85
2020-09-18 12:00:00,490.27
2020-09-18 13:00:00,388.6
2020-09-18 14:00:00,312.62
2020-09-18 15:00:00,186.65
2020-09-18 16:00:00,72.68
2020-09-18 17:00:00,7.53
2020-09-18 18:00:00,0.0
2020-09-18 19:00:00,0.0
2020-09-18 20:00:00,0.0
2020-09-18 21:00:00,0.0
2020-09-18 22:00:00,0.0
2020-09-18 23:00:00,0.0
2020-09-19 00:00:00,0.0
2020-09-19 01:00:00,0.0
2020-09-19 02:00:00,0.0
2020-09-19 03:00:00,0.0
2020-09-19 04:00:00,0.0
2020-09-19 05:00:00,2.58
2020-09-19 06:00:00,47.95
2020-09-19 07:00:00,128.0
2020-09-19 08:00:00,270.3
2020-09-19 09:00:00,386.0
2020-09-19 10:00:00,479.83
2020-09-19 11:00:00,333.73
2020-09-19 12:00:00,345.92
2020-09-19 13:00:00,375.85
2020-09-19 14:00:00,234.27
2020-09-19 15:00:00,163.12
2020-09-19 16:00:00,73.25
2020-09-19 17:00:00,7.68
2020-09-19 18:00:00,0.0
2020-09-19 19:00:00,0.0
2020-09-19 20:00:00,0.0
2020-09-19 21:00:00,0.0
2020-09-19 22:00:00,0.0
2020-09-19 23:00:00,0.0
2020-09-20 00:00:00,0.0
2020-09-20 01:00:00,0.0
2020-09-20 02:00:00,0.0
2020-09-20 03:00:00,0.0
2020-09-20 04:00:00,0.0
2020-09-20 05:00:00,4.32
2020-09-20 06:00:00,59.1
2020-09-20 07:00:00,155.32
2020-09-20 08:00:00,232.25
2020-09-20 09:00:00,312.9
2020-09-20 10:00:00,350.88
2020-09-20 11:00:00,379.8
2020-09-20 12:00:00,283.33
2020-09-20 13:00:00,259.85
2020-09-20 14:00:00,154.27
2020-09-20 15:00:00,108.47
2020-09-20 16:00:00,52.58
2020-09-20 17:00:00,7.55
2020-09-20 18:00:00,0.0
2020-09-20 19:00:00,0.0
2020-09-20 20:00:00,0.0
2020-09-20 21:00:00,0.0
2020-09-20 22:00:00,0.0
2020-09-20 23:00:00,0.0
2020-09-21 00:00:00,0.0
2020-09-21 01:00:00,0.0
2020-09-21 02:00:00,0.0
2020-09-21 03:00:00,0.0
2020-09-21 04:00:00,0.0
2020-09-21 05:00:00,5.45
2020-09-21 06:00:00,79.5
2020-09-21 07:00:00,189.93
2020-09-21 08:00:00,342.9
2020-09-21 09:00:00,511.35
2020-09-21 10:00:00,537.78
2020-09-21 11:00:00,581.58
2020-09-21 12:00:00,443.55
2020-09-21 13:00:00,487.02
2020-09-21 14:00:00,424.15
2020-09-21 15:00:00,247.82
2020-09-21 16:00:00,103.1
2020-09-21 17:00:00,8.23
2020-09-21 18:00:00,0.0
2020-09-21 19:00:00,0.0
2020-09-21 20:00:00,0.0
2020-09-21 21:00:00,0.0
2020-09-21 22:00:00,0.0
2020-09-21 23:00:00,0.0
2020-09-22 00:00:00,0.0
2020-09-22 01:00:00,0.0
2020-09-22 02:00:00,0.0
2020-09-22 03:00:00,0.0
2020-09-22 04:00:00,0.0
2020-09-22 05:00:00,9.3
2020-09-22 06:00:00,138.27
2020-09-22 07:00:00,356.02
2020-09-22 08:00:00,558.17
2020-09-22 09:00:00,720.17
2020-09-22 10:00:00,694.25
2020-09-22 11:00:00,852.95
2020-09-22 12:00:00,837.12
2020-09-22 13:00:00,732.38
2020-09-22 14:00:00,520.55
2020-09-22 15:00:00,308.83
2020-09-22 16:00:00,118.07
2020-09-22 17:00:00,8.75
2020-09-22 18:00:00,0.0
2020-09-22 19:00:00,0.0
2020-09-22 20:00:00,0.0
2020-09-22 21:00:00,0.0
2020-09-22 22:00:00,0.0
2020-09-22 23:00:00,0.0
2020-09-23 00:00:00,0.0
2020-09-23 01:00:00,0.0
2020-09-23 02:00:00,0.0
2020-09-23 03:00:00,0.0
2020-09-23 04:00:00,0.0
2020-09-23 05:00:00,9.43
2020-09-23 06:00:00,143.1
2020-09-23 07:00:00,366.65
2020-09-23 08:00:00,572.22
2020-09-23 09:00:00,808.67
2020-09-23 10:00:00,906.33
2020-09-23 11:00:00,968.12
2020-09-23 12:00:00,917.03
2020-09-23 13:00:00,805.62
2020-09-23 14:00:00,623.53
2020-09-23 15:00:00,399.15
2020-09-23 16:00:00,163.43
2020-09-23 17:00:00,10.57
2020-09-23 18:00:00,0.0
2020-09-23 19:00:00,0.0
2020-09-23 20:00:00,0.0
2020-09-23 21:00:00,0.0
2020-09-23 22:00:00,0.0
2020-09-23 23:00:00,0.0
2020-09-24 00:00:00,0.0
2020-09-24 01:00:00,0.0
2020-09-24 02:00:00,0.0
2020-09-24 03:00:00,0.0
2020-09-24 04:00:00,0.0
2020-09-24 05:00:00,9.68
2020-09-24 06:00:00,141.27
2020-09-24 07:00:00,353.8
2020-09-24 08:00:00,588.67
2020-09-24 09:00:00,769.88
2020-09-24 10:00:00,889.05
2020-09-24 11:00:00,908.1
2020-09-24 12:00:00,896.15
2020-09-24 13:00:00,757.28
2020-09-24 14:00:00,598.92
2020-09-24 15:00:00,377.42
2020-09-24 16:00:00,149.25
2020-09-24 17:00:00,9.65
2020-09-24 18:00:00,0.0
2020-09-24 19:00:00,0.0
2020-09-24 20:00:00,0.0
2020-09-24 21:00:00,0.0
2020-09-24 22:00:00,0.0
2020-09-24 23:00:00,0.0
2020-09-25 00:00:00,0.0
2020-09-25 01:00:00,0.0
2020-09-25 02:00:00,0.0
2020-09-25 03:00:00,0.0
2020-09-25 04:00:00,0.0
2020-09-25 05:00:00,6.53
2020-09-25 06:00:00,83.97
2020-09-25 07:00:00,204.23
2020-09-25 08:00:00,337.5
2020-09-25 09:00:00,480.2
2020-09-25 10:00:00,569.55
2020-09-25 11:00:00,664.55
2020-09-25 12:00:00,553.67
2020-09-25 13:00:00,445.67
2020-09-25 14:00:00,256.67
2020-09-25 15:00:00,145.82
2020-09-25 16:00:00,61.8
2020-09-25 17:00:00,4.45
2020-09-25 18:00:00,0.0
2020-09-25 19:00:00,0.0
2020-09-25 20:00:00,0.0
2020-09-25 21:00:00,0.0
2020-09-25 22:00:00,0.0
2020-09-25 23:00:00,0.0
2020-09-26 00:00:00,0.0
2020-09-26 01:00:00,0.0
2020-09-26 02:00:00,0.0
2020-09-26 03:00:00,0.0
2020-09-26 04:00:00,0.0
2020-09-26 05:00:00,5.3
2020-09-26 06:00:00,66.97
2020-09-26 07:00:00,160.6
2020-09-26 08:00:00,317.48
2020-09-26 09:00:00,540.1
2020-09-26 10:00:00,706.38
2020-09-26 11:00:00,739.85
2020-09-26 12:00:00,738.83
2020-09-26 13:00:00,629.88
2020-09-26 14:00:00,429.52
2020-09-26 15:00:00,257.27
2020-09-26 16:00:00,107.32
2020-09-26 17:00:00,7.1
2020-09-26 18:00:00,0.0
2020-09-26 19:00:00,0.0
2020-09-26 20:00:00,0.0
2020-09-26 21:00:00,0.0
2020-09-26 22:00:00,0.0
2020-09-26 23:00:00,0.0
2020-09-27 00:00:00,0.0
2020-09-27 01:00:00,0.0
2020-09-27 02:00:00,0.0
2020-09-27 03:00:00,0.0
2020-09-27 04:00:00,0.0
2020-09-27 05:00:00,6.75
2020-09-27 06:00:00,85.3
2020-09-27 07:00:00,240.27
2020-09-27 08:00:00,403.42
2020-09-27 09:00:00,490.9
2020-09-27 10:00:00,423.9
2020-09-27 11:00:00,421.5
2020-09-27 12:00:00,461.52
2020-09-27 13:00:00,456.33
2020-09-27 14:00:00,401.6
2020-09-27 15:00:00,225.18
2020-09-27 16:00:00,80.93
2020-09-27 17:00:00,6.45
2020-09-27 18:00:00,0.0
2020-09-27 19:00:00,0.0
2020-09-27 20:00:00,0.0
2020-09-27 21:00:00,0.0
2020-09-27 22:00:00,0.0
2020-09-27 23:00:00,0.0
2020-09-28 00:00:00,0.0
2020-09-28 01:00:00,0.0
2020-09-28 02:00:00,0.0
2020-09-28 03:00:00,0.0
2020-09-28 04:00:00,0.0
2020-09-28 05:00:00,8.8
2020-09-28 06:00:00,125.15
2020-09-28 07:00:00,328.1
2020-09-28 08:00:00,540.85
2020-09-28 09:00:00,725.78
2020-09-28 10:00:00,806.1
2020-09-28 11:00:00,844.22
2020-09-28 12:00:00,761.2
2020-09-28 13:00:00,653.47
2020-09-28 14:00:00,421.12
2020-09-28 15:00:00,234.55
2020-09-28 16:00:00,99.07
2020-09-28 17:00:00,3.03
2020-09-28 18:00:00,0.0
2020-09-28 19:00:00,0.0
2020-09-28 20:00:00,0.0
2020-09-28 21:00:00,0.0
2020-09-28 22:00:00,0.0
2020-09-28 23:00:00,0.0
2020-09-29 00:00:00,0.0
2020-09-29 01:00:00,0.0
2020-09-29 02:00:00,0.0
2020-09-29 03:00:00,0.0
2020-09-29 04:00:00,0.0
2020-09-29 05:00:00,8.4
2020-09-29 06:00:00,105.53
2020-09-29 07:00:00,271.73
2020-09-29 08:00:00,457.8
2020-09-29 09:00:00,617.45
2020-09-29 10:00:00,739.3
2020-09-29 11:00:00,776.4
2020-09-29 12:00:00,706.72
2020-09-29 13:00:00,584.38
2020-09-29 14:00:00,497.27
2020-09-29 15:00:00,282.35
2020-09-29 16:00:00,95.9
2020-09-29 17:00:00,5.18
2020-09-29 18:00:00,0.0
2020-09-29 19:00:00,0.0
2020-09-29 20:00:00,0.0
2020-09-29 21:00:00,0.0
2020-09-29 22:00:00,0.0
2020-09-29 23:00:00,0.0
2020-09-30 00:00:00,0.0
2020-09-30 01:00:00,0.0
2020-09-30 02:00:00,0.0
2020-09-30 03:00:00,0.0
2020-09-30 04:00:00,0.0
2020-09-30 05:00:00,5.47
2020-09-30 06:00:00,67.0
2020-09-30 07:00:00,182.0
2020-09-30 08:00:00,321.88
2020-09-30 09:00:00,457.02
2020-09-30 10:00:00,581.38
2020-09-30 11:00:00,616.88
2020-09-30 12:00:00,678.22
2020-09-30 13:00:00,594.28
2020-09-30 14:00:00,473.67
2020-09-30 15:00:00,277.58
2020-09-30 16:00:00,98.05
2020-09-30 17:00:00,5.47
2020-09-30 18:00:00,0.0
2020-09-30 19:00:00,0.0
2020-09-30 20:00:00,0.0
2020-09-30 21:00:00,0.0
2020-09-30 22:00:00,0.0
2020-09-30 23:00:00,0.0
2020-10-01 00:00:00,0.0
2020-10-01 01:00:00,0.0
2020-10-01 02:00:00,0.0
2020-10-01 03:00:00,0.0
2020-10-01 04:00:00,0.0
2020-10-01 05:00:00,5.32
2020-10-01 06:00:00,68.32
2020-10-01 07:00:00,164.18
2020-10-01 08:00:00,269.73
2020-10-01 09:00:00,369.75
2020-10-01 10:00:00,405.83
2020-10-01 11:00:00,532.33
2020-10-01 12:00:00,629.33
2020-10-01 13:00:00,562.65
2020-10-01 14:00:00,494.05
2020-10-01 15:00:00,305.8
2020-10-01 16:00:00,113.97
2020-10-01 17:00:00,6.05
2020-10-01 18:00:00,0.0
2020-10-01 19:00:00,0.0
2020-10-01 20:00:00,0.0
2020-10-01 21:00:00,0.0
2020-10-01 22:00:00,0.0
2020-10-01 23:00:00,0.0
2020-10-02 00:00:00,0.0
2020-10-02 01:00:00,0.0
2020-10-02 02:00:00,0.0
2020-10-02 03:00:00,0.0
2020-10-02 04:00:00,0.0
2020-10-02 05:00:00,8.07
2020-10-02 06:00:00,120.9
2020-10-02 07:00:00,324.65
2020-10-02 08:00:00,530.88
2020-10-02 09:00:00,726.95
2020-10-02 10:00:00,831.05
2020-10-02 11:00:00,873.3
2020-10-02 12:00:00,762.55
2020-10-02 13:00:00,671.58
2020-10-02 14:00:00,471.88
2020-10-02 15:00:00,291.55
2020-10-02 16:00:00,111.57
2020-10-02 17:00:00,5.25
2020-10-02 18:00:00,0.0
2020-10-02 19:00:00,0.0
2020-10-02 20:00:00,0.0
2020-10-02 21:00:00,0.0
2020-10-02 22:00:00,0.0
2020-10-02 23:00:00,0.0
2020-10-03 00:00:00,0.0
2020-10-03 01:00:00,0.0
2020-10-03 02:00:00,0.0
2020-10-03 03:00:00,0.0
2020-10-03 04:00:00,0.0
2020-10-03 05:00:00,7.9
2020-10-03 06:00:00,101.03
2020-10-03 07:00:00,275.23
2020-10-03 08:00:00,396.33
2020-10-03 09:00:00,576.12
2020-10-03 10:00:00,689.33
2020-10-03 11:00:00,754.42
2020-10-03 12:00:00,728.78
2020-10-03 13:00:00,601.3
2020-10-03 14:00:00,473.05
2020-10-03 15:00:00,273.62
2020-10-03 16:00:00,93.8
2020-10-03 17:00:00,4.88
2020-10-03 18:00:00,0.0
2020-10-03 19:00:00,0.0
2020-10-03 20:00:00,0.0
2020-10-03 21:00:00,0.0
2020-10-03 22:00:00,0.0
2020-10-03 23:00:00,0.0
2020-10-04 00:00:00,0.0
2020-10-04 01:00:00,0.0
2020-10-04 02:00:00,0.0
2020-10-04 03:00:00,0.0
2020-10-04 04:00:00,0.0
2020-10-04 05:00:00,4.28
2020-10-04 06:00:00,67.25
2020-10-04 07:00:00,156.25
2020-10-04 08:00:00,266.95
2020-10-04 09:00:00,463.77
2020-10-04 10:00:00,515.15
2020-10-04 11:00:00,557.92
2020-10-04 12:00:00,530.6
2020-10-04 13:00:00,527.38
2020-10-04 14:00:00,429.2
2020-10-04 15:00:00,241.27
2020-10-04 16:00:00,85.1
2020-10-04 17:00:00,4.57
2020-10-04 18:00:00,0.0
2020-10-04 19:00:00,0.0
2020-10-04 20:00:00,0.0
2020-10-04 21:00:00,0.0
2020-10-04 22:00:00,0.0
2020-10-04 23:00:00,0.0
2020-10-05 00:00:00,0.0
2020-10-05 01:00:00,0.0
2020-10-05 02:00:00,0.0
2020-10-05 03:00:00,0.0
2020-10-05 04:00:00,0.0
2020-10-05 05:00:00,8.5
2020-10-05 06:00:00,113.7
2020-10-05 07:00:00,305.23
2020-10-05 08:00:00,480.98
2020-10-05 09:00:00,629.47
2020-10-05 10:00:00,745.97
2020-10-05 11:00:00,870.58
2020-10-05 12:00:00,852.25
2020-10-05 13:00:00,696.45
2020-10-05 14:00:00,524.0
2020-10-05 15:00:00,312.0
2020-10-05 16:00:00,114.05
2020-10-05 17:00:00,5.4
2020-10-05 18:00:00,0.0
2020-10-05 19:00:00,0.0
2020-10-05 20:00:00,0.0
2020-10-05 21:00:00,0.0
2020-10-05 22:00:00,0.0
2020-10-05 23:00:00,0.0
2020-10-06 00:00:00,0.0
2020-10-06 01:00:00,0.0
2020-10-06 02:00:00,0.0
2020-10-06 03:00:00,0.0
2020-10-06 04:00:00,0.0
2020-10-06 05:00:00,7.9
2020-10-06 06:00:00,111.97
2020-10-06 07:00:00,300.67
2020-10-06 08:00:00,502.83
2020-10-06 09:00:00,672.78
2020-10-06 10:00:00,848.78
2020-10-06 11:00:00,909.03
2020-10-06 12:00:00,856.95
2020-10-06 13:00:00,725.97
2020-10-06 14:00:00,542.45
2020-10-06 15:00:00,333.05
2020-10-06 16:00:00,103.78
2020-10-06 17:00:00,4.4
2020-10-06 18:00:00,0.0
2020-10-06 19:00:00,0.0
2020-10-06 20:00:00,0.0
2020-10-06 21:00:00,0.0
2020-10-06 22:00:00,0.0
2020-10-06 23:00:00,0.0
2020-10-07 00:00:00,0.0
2020-10-07 01:00:00,0.0
2020-10-07 02:00:00,0.0
2020-10-07 03:00:00,0.0
2020-10-07 04:00:00,0.0
2020-10-07 05:00:00,6.9
2020-10-07 06:00:00,106.0
2020-10-07 07:00:00,295.3
2020-10-07 08:00:00,520.62
2020-10-07 09:00:00,716.53
2020-10-07 10:00:00,826.08
2020-10-07 11:00:00,889.25
2020-10-07 12:00:00,835.95
2020-10-07 13:00:00,713.97
2020-10-07 14:00:00,521.53
2020-10-07 15:00:00,310.33
2020-10-07 16:00:00,103.7
2020-10-07 17:00:00,3.65
2020-10-07 18:00:00,0.0
2020-10-07 19:00:00,0.0
2020-10-07 20:00:00,0.0
2020-10-07 21:00:00,0.0
2020-10-07 22:00:00,0.0
2020-10-07 23:00:00,0.0
2020-10-08 00:00:00,0.0
2020-10-08 01:00:00,0.0
2020-10-08 02:00:00,0.0
2020-10-08 03:00:00,0.0
2020-10-08 04:00:00,0.0
2020-10-08 05:00:00,8.1
2020-10-08 06:00:00,130.32
2020-10-08 07:00:00,324.92
2020-10-08 08:00:00,542.95
2020-10-08 09:00:00,725.15
2020-10-08 10:00:00,810.42
2020-10-08 11:00:00,796.95
2020-10-08 12:00:00,834.15
2020-10-08 13:00:00,719.53
2020-10-08 14:00:00,557.7
2020-10-08 15:00:00,324.83
2020-10-08 16:00:00,106.12
2020-10-08 17:00:00,3.85
2020-10-08 18:00:00,0.0
2020-10-08 19:00:00,0.0
2020-10-08 20:00:00,0.0
2020-10-08 21:00:00,0.0
2020-10-08 22:00:00,0.0
2020-10-08 23:00:00,0.0
2020-10-09 00:00:00,0.0
2020-10-09 01:00:00,0.0
2020-10-09 02:00:00,0.0
2020-10-09 03:00:00,0.0
2020-10-09 04:00:00,0.0
2020-10-09 05:00:00,7.22
2020-10-09 06:00:00,101.38
2020-10-09 07:00:00,275.77
2020-10-09 08:00:00,491.9
2020-10-09 09:00:00,700.45
2020-10-09 10:00:00,810.38
2020-10-09 11:00:00,866.4
2020-10-09 12:00:00,807.25
2020-10-09 13:00:00,666.83
2020-10-09 14:00:00,493.75
2020-10-09 15:00:00,281.17
2020-10-09 16:00:00,99.43
2020-10-09 17:00:00,2.97
2020-10-09 18:00:00,0.0
2020-10-09 19:00:00,0.0
2020-10-09 20:00:00,0.0
2020-10-09 21:00:00,0.0
2020-10-09 22:00:00,0.0
2020-10-09 23:00:00,0.0
2020-10-10 00:00:00,0.0
2020-10-10 01:00:00,0.0
2020-10-10 02:00:00,0.0
2020-10-10 03:00:00,0.0
2020-10-10 04:00:00,0.0
2020-10-10 05:00:00,5.82
2020-10-10 06:00:00,88.03
2020-10-10 07:00:00,219.18
2020-10-10 08:00:00,393.85
2020-10-10 09:00:00,473.45
2020-10-10 10:00:00,498.62
2020-10-10 11:00:00,548.72
2020-10-10 12:00:00,621.05
2020-10-10 13:00:00,488.83
2020-10-10 14:00:00,327.48
2020-10-10 15:00:00,179.82
2020-10-10 16:00:00,55.83
2020-10-10 17:00:00,2.55
2020-10-10 18:00:00,0.0
2020-10-10 19:00:00,0.0
2020-10-10 20:00:00,0.0
2020-10-10 21:00:00,0.0
2020-10-10 22:00:00,0.0
2020-10-10 23:00:00,0.0
2020-10-11 00:00:00,0.0
2020-10-11 01:00:00,0.0
2020-10-11 02:00:00,0.0
2020-10-11 03:00:00,0.0
2020-10-11 04:00:00,0.0
2020-10-11 05:00:00,4.22
2020-10-11 06:00:00,68.9
2020-10-11 07:00:00,185.3
2020-10-11 08:00:00,322.42
2020-10-11 09:00:00,519.22
2020-10-11 10:00:00,598.62
2020-10-11 11:00:00,547.58
2020-10-11 12:00:00,630.42
2020-10-11 13:00:00,517.83
2020-10-11 14:00:00,349.5
2020-10-11 15:00:00,189.95
2020-10-11 16:00:00,61.88
2020-10-11 17:00:00,2.83
2020-10-11 18:00:00,0.0
2020-10-11 19:00:00,0.0
2020-10-11 20:00:00,0.0
2020-10-11 21:00:00,0.0
2020-10-11 22:00:00,0.0
2020-10-11 23:00:00,0.0
2020-10-12 00:00:00,0.0
2020-10-12 01:00:00,0.0
2020-10-12 02:00:00,0.0
2020-10-12 03:00:00,0.0
2020-10-12 04:00:00,0.0
2020-10-12 05:00:00,4.45
2020-10-12 06:00:00,81.15
2020-10-12 07:00:00,257.98
2020-10-12 08:00:00,447.8
2020-10-12 09:00:00,580.88
2020-10-12 10:00:00,654.83
2020-10-12 11:00:00,647.3
2020-10-12 12:00:00,639.72
2020-10-12 13:00:00,524.95
2020-10-12 14:00:00,361.42
2020-10-12 15:00:00,192.07
2020-10-12 16:00:00,66.82
2020-10-12 17:00:00,1.8
2020-10-12 18:00:00,0.0
2020-10-12 19:00:00,0.0
2020-10-12 20:00:00,0.0
2020-10-12 21:00:00,0.0
2020-10-12 22:00:00,0.0
2020-10-12 23:00:00,0.0
2020-10-13 00:00:00,0.0
2020-10-13 01:00:00,0.0
2020-10-13 02:00:00,0.0
2020-10-13 03:00:00,0.0
2020-10-13 04:00:00,0.0
2020-10-13 05:00:00,6.9
2020-10-13 06:00:00,104.28
2020-10-13 07:00:00,267.88
2020-10-13 08:00:00,440.83
2020-10-13 09:00:00,564.03
2020-10-13 10:00:00,703.0
2020-10-13 11:00:00,713.22
2020-10-13 12:00:00,756.45
2020-10-13 13:00:00,647.88
2020-10-13 14:00:00,485.67
2020-10-13 15:00:00,279.77
2020-10-13 16:00:00,90.18
2020-10-13 17:00:00,2.6
2020-10-13 18:00:00,0.0
2020-10-13 19:00:00,0.0
2020-10-13 20:00:00,0.0
2020-10-13 21:00:00,0.0
2020-10-13 22:00:00,0.0
2020-10-13 23:00:00,0.0
2020-10-14 00:00:00,0.0
2020-10-14 01:00:00,0.0
2020-10-14 02:00:00,0.0
2020-10-14 03:00:00,0.0
2020-10-14 04:00:00,0.0
2020-10-14 05:00:00,7.78
2020-10-14 06:00:00,112.03
2020-10-14 07:00:00,283.48
2020-10-14 08:00:00,454.25
2020-10-14 09:00:00,642.35
2020-10-14 10:00:00,776.88
2020-10-14 11:00:00,893.35
2020-10-14 12:00:00,844.35
2020-10-14 13:00:00,683.38
2020-10-14 14:00:00,542.95
2020-10-14 15:00:00,316.92
2020-10-14 16:00:00,115.65
2020-10-14 17:00:00,0.0
2020-10-14 18:00:00,0.0
2020-10-14 19:00:00,0.0
2020-10-14 20:00:00,0.0
2020-10-14 21:00:00,0.0
2020-10-14 22:00:00,0.0
2020-10-14 23:00:00,0.0
2020-10-15 00:00:00,0.0
2020-10-15 01:00:00,0.0
2020-10-15 02:00:00,0.0
2020-10-15 03:00:00,0.0
2020-10-15 04:00:00,0.0
2020-10-15 05:00:00,8.57
2020-10-15 06:00:00,134.57
2020-10-15 07:00:00,346.42
2020-10-15 08:00:00,551.42
2020-10-15 09:00:00,763.2
2020-10-15 10:00:00,872.95
2020-10-15 11:00:00,939.12
2020-10-15 12:00:00,888.28
2020-10-15 13:00:00,683.83
2020-10-15 14:00:00,570.58
2020-10-15 15:00:00,361.35
2020-10-15 16:00:00,129.43
2020-10-15 17:00:00,0.0
2020-10-15 18:00:00,0.0
2020-10-15 19:00:00,0.0
2020-10-15 20:00:00,0.0
2020-10-15 21:00:00,0.0
2020-10-15 22:00:00,0.0
2020-10-15 23:00:00,0.0
2020-10-16 00:00:00,0.0
2020-10-16 01:00:00,0.0
2020-10-16 02:00:00,0.0
2020-10-16 03:00:00,0.0
2020-10-16 04:00:00,0.0
2020-10-16 05:00:00,8.43
2020-10-16 06:00:00,136.75
2020-10-16 07:00:00,346.58
2020-10-16 08:00:00,560.15
2020-10-16 09:00:00,602.25
2020-10-16 10:00:00,801.53
2020-10-16 11:00:00,901.03
2020-10-16 12:00:00,863.15
2020-10-16 13:00:00,722.6
2020-10-16 14:00:00,533.4
2020-10-16 15:00:00,315.88
2020-10-16 16:00:00,105.0
2020-10-16 17:00:00,0.0
2020-10-16 18:00:00,0.0
2020-10-16 19:00:00,0.0
2020-10-16 20:00:00,0.0
2020-10-16 21:00:00,0.0
2020-10-16 22:00:00,0.0
2020-10-16 23:00:00,0.0
2020-10-17 00:00:00,0.0
2020-10-17 01:00:00,0.0
2020-10-17 02:00:00,0.0
2020-10-17 03:00:00,0.0
2020-10-17 04:00:00,0.0
2020-10-17 05:00:00,5.22
2020-10-17 06:00:00,80.28
2020-10-17 07:00:00,185.88
2020-10-17 08:00:00,227.38
2020-10-17 09:00:00,508.92
2020-10-17 10:00:00,553.25
2020-10-17 11:00:00,623.3
2020-10-17 12:00:00,495.73
2020-10-17 13:00:00,274.3
2020-10-17 14:00:00,209.32
2020-10-17 15:00:00,130.02
2020-10-17 16:00:00,50.4
2020-10-17 17:00:00,0.0
2020-10-17 18:00:00,0.0
2020-10-17 19:00:00,0.0
2020-10-17 20:00:00,0.0
2020-10-17 21:00:00,0.0
2020-10-17 22:00:00,0.0
2020-10-17 23:00:00,0.0
2020-10-18 00:00:00,0.0
2020-10-18 01:00:00,0.0
2020-10-18 02:00:00,0.0
2020-10-18 03:00:00,0.0
2020-10-18 04:00:00,0.0
2020-10-18 05:00:00,4.78
2020-10-18 06:00:00,60.42
2020-10-18 07:00:00,140.32
2020-10-18 08:00:00,72.6
2020-10-18 09:00:00,57.85
2020-10-18 10:00:00,74.47
2020-10-18 11:00:00,94.32
2020-10-18 12:00:00,136.88
2020-10-18 13:00:00,145.4
2020-10-18 14:00:00,127.85
2020-10-18 15:00:00,73.25
2020-10-18 16:00:00,31.8
2020-10-18 17:00:00,0.0
2020-10-18 18:00:00,0.0
2020-10-18 19:00:00,0.0
2020-10-18 20:00:00,0.0
2020-10-18 21:00:00,0.0
2020-10-18 22:00:00,0.0
2020-10-18 23:00:00,0.0
2020-10-19 00:00:00,0.0
2020-10-19 01:00:00,0.0
2020-10-19 02:00:00,0.0
2020-10-19 03:00:00,0.0
2020-10-19 04:00:00,0.0
2020-10-19 05:00:00,5.4
2020-10-19 06:00:00,62.12
2020-10-19 07:00:00,166.45
2020-10-19 08:00:00,282.85
2020-10-19 09:00:00,438.05
2020-10-19 10:00:00,498.83
2020-10-19 11:00:00,826.83
2020-10-19 12:00:00,717.58
2020-10-19 13:00:00,553.88
2020-10-19 14:00:00,333.25
2020-10-19 15:00:00,209.35
2020-10-19 16:00:00,80.9
2020-10-19 17:00:00,0.0
2020-10-19 18:00:00,0.0
2020-10-19 19:00:00,0.0
2020-10-19 20:00:00,0.0
2020-10-19 21:00:00,0.0
2020-10-19 22:00:00,0.0
2020-10-19 23:00:00,0.0
2020-10-20 00:00:00,0.0
2020-10-20 01:00:00,0.0
2020-10-20 02:00:00,0.0
2020-10-20 03:00:00,0.0
2020-10-20 04:00:00,0.0
2020-10-20 05:00:00,3.92
2020-10-20 06:00:00,51.8
2020-10-20 07:00:00,131.55
2020-10-20 08:00:00,43.4
2020-10-20 09:00:00,55.65
2020-10-20 10:00:00,110.32
2020-10-20 11:00:00,170.12
2020-10-20 12:00:00,210.35
2020-10-20 13:00:00,239.8
2020-10-20 14:00:00,218.02
2020-10-20 15:00:00,108.8
2020-10-20 16:00:00,32.22
2020-10-20 17:00:00,0.0
2020-10-20 18:00:00,0.0
2020-10-20 19:00:00,0.0
2020-10-20 20:00:00,0.0
2020-10-20 21:00:00,0.0
2020-10-20 22:00:00,0.0
2020-10-20 23:00:00,0.0
2020-10-21 00:00:00,0.0
2020-10-21 01:00:00,0.0
2020-10-21 02:00:00,0.0
2020-10-21 03:00:00,0.0
2020-10-21 04:00:00,0.0
2020-10-21 05:00:00,6.32
2020-10-21 06:00:00,85.8
2020-10-21 07:00:00,209.38
2020-10-21 08:00:00,348.35
2020-10-21 09:00:00,459.6
2020-10-21 10:00:00,576.8
2020-10-21 11:00:00,651.75
2020-10-21 12:00:00,582.5
2020-10-21 13:00:00,525.28
2020-10-21 14:00:00,361.55
2020-10-21 15:00:00,180.75
2020-10-21 16:00:00,68.97
2020-10-21 17:00:00,0.0
2020-10-21 18:00:00,0.0
2020-10-21 19:00:00,0.0
2020-10-21 20:00:00,0.0
2020-10-21 21:00:00,0.0
2020-10-21 22:00:00,0.0
2020-10-21 23:00:00,0.0
2020-10-22 00:00:00,0.0
2020-10-22 01:00:00,0.0
2020-10-22 02:00:00,0.0
2020-10-22 03:00:00,0.0
2020-10-22 04:00:00,0.0
2020-10-22 05:00:00,4.62
2020-10-22 06:00:00,70.4
2020-10-22 07:00:00,150.25
2020-10-22 08:00:00,209.4
2020-10-22 09:00:00,488.42
2020-10-22 10:00:00,720.78
2020-10-22 11:00:00,824.5
2020-10-22 12:00:00,779.12
2020-10-22 13:00:00,581.97
2020-10-22 14:00:00,445.45
2020-10-22 15:00:00,240.12
2020-10-22 16:00:00,72.78
2020-10-22 17:00:00,0.0
2020-10-22 18:00:00,0.0
2020-10-22 19:00:00,0.0
2020-10-22 20:00:00,0.0
2020-10-22 21:00:00,0.0
2020-10-22 22:00:00,0.0
2020-10-22 23:00:00,0.0
2020-10-23 00:00:00,0.0
2020-10-23 01:00:00,0.0
2020-10-23 02:00:00,0.0
2020-10-23 03:00:00,0.0
2020-10-23 04:00:00,0.0
2020-10-23 05:00:00,2.47
2020-10-23 06:00:00,64.38
2020-10-23 07:00:00,185.43
2020-10-23 08:00:00,342.05
2020-10-23 09:00:00,550.6
2020-10-23 10:00:00,620.1
2020-10-23 11:00:00,736.12
2020-10-23 12:00:00,622.65
2020-10-23 13:00:00,619.17
2020-10-23 14:00:00,491.4
2020-10-23 15:00:00,278.2
2020-10-23 16:00:00,86.25
2020-10-23 17:00:00,0.0
2020-10-23 18:00:00,0.0
2020-10-23 19:00:00,0.0
2020-10-23 20:00:00,0.0
2020-10-23 21:00:00,0.0
2020-10-23 22:00:00,0.0
2020-10-23 23:00:00,0.0
2020-10-24 00:00:00,0.0
2020-10-24 01:00:00,0.0
2020-10-24 02:00:00,0.0
2020-10-24 03:00:00,0.0
2020-10-24 04:00:00,0.0
2020-10-24 05:00:00,6.35
2020-10-24 06:00:00,92.68
2020-10-24 07:00:00,260.85
2020-10-24 08:00:00,431.75
2020-10-24 09:00:00,565.95
2020-10-24 10:00:00,662.58
2020-10-24 11:00:00,756.58
2020-10-24 12:00:00,711.55
2020-10-24 13:00:00,548.88
2020-10-24 14:00:00,371.33
2020-10-24 15:00:00,194.62
2020-10-24 16:00:00,64.32
2020-10-24 17:00:00,0.0
2020-10-24 18:00:00,0.0
2020-10-24 19:00:00,0.0
2020-10-24 20:00:00,0.0
2020-10-24 21:00:00,0.0
2020-10-24 22:00:00,0.0
2020-10-24 23:00:00,0.0
2020-10-25 00:00:00,0.0
2020-10-25 01:00:00,0.0
2020-10-25 02:00:00,0.0
2020-10-25 03:00:00,0.0
2020-10-25 04:00:00,0.0
2020-10-25 05:00:00,6.72
2020-10-25 06:00:00,86.7
2020-10-25 07:00:00,243.98
2020-10-25 08:00:00,405.58
2020-10-25 09:00:00,535.17
2020-10-25 10:00:00,586.95
2020-10-25 11:00:00,603.08
2020-10-25 12:00:00,453.12
2020-10-25 13:00:00,375.48
2020-10-25 14:00:00,244.77
2020-10-25 15:00:00,131.25
2020-10-25 16:00:00,42.8
2020-10-25 17:00:00,0.0
2020-10-25 18:00:00,0.0
2020-10-25 19:00:00,0.0
2020-10-25 20:00:00,0.0
2020-10-25 21:00:00,0.0
2020-10-25 22:00:00,0.0
2020-10-25 23:00:00,0.0
2020-10-26 00:00:00,0.0
2020-10-26 01:00:00,0.0
2020-10-26 02:00:00,0.0
2020-10-26 03:00:00,0.0
2020-10-26 04:00:00,0.0
2020-10-26 05:00:00,6.8
2020-10-26 06:00:00,108.78
2020-10-26 07:00:00,284.17
2020-10-26 08:00:00,460.98
2020-10-26 09:00:00,619.85
2020-10-26 10:00:00,746.47
2020-10-26 11:00:00,774.17
2020-10-26 12:00:00,721.35
2020-10-26 13:00:00,587.05
2020-10-26 14:00:00,441.25
2020-10-26 15:00:00,243.95
2020-10-26 16:00:00,71.28
2020-10-26 17:00:00,0.0
2020-10-26 18:00:00,0.0
2020-10-26 19:00:00,0.0
2020-10-26 20:00:00,0.0
2020-10-26 21:00:00,0.0
2020-10-26 22:00:00,0.0
2020-10-26 23:00:00,0.0
2020-10-27 00:00:00,0.0
2020-10-27 01:00:00,0.0
2020-10-27 02:00:00,0.0
2020-10-27 03:00:00,0.0
2020-10-27 04:00:00,0.0
2020-10-27 05:00:00,6.32
2020-10-27 06:00:00,106.28
2020-10-27 07:00:00,294.08
2020-10-27 08:00:00,472.88
2020-10-27 09:00:00,558.53
2020-10-27 10:00:00,672.62
2020-10-27 11:00:00,694.83
2020-10-27 12:00:00,673.3
2020-10-27 13:00:00,580.92
2020-10-27 14:00:00,429.88
2020-10-27 15:00:00,232.62
2020-10-27 16:00:00,67.82
2020-10-27 17:00:00,0.0
2020-10-27 18:00:00,0.0
2020-10-27 19:00:00,0.0
2020-10-27 20:00:00,0.0
2020-10-27 21:00:00,0.0
2020-10-27 22:00:00,0.0
2020-10-27 23:00:00,0.0
2020-10-28 00:00:00,0.0
2020-10-28 01:00:00,0.0
2020-10-28 02:00:00,0.0
2020-10-28 03:00:00,0.0
2020-10-28 04:00:00,0.0
2020-10-28 05:00:00,5.93
2020-10-28 06:00:00,91.9
2020-10-28 07:00:00,248.55
2020-10-28 08:00:00,418.65
2020-10-28 09:00:00,485.92
2020-10-28 10:00:00,580.97
2020-10-28 11:00:00,618.45
2020-10-28 12:00:00,584.85
2020-10-28 13:00:00,510.9
2020-10-28 14:00:00,412.5
2020-10-28 15:00:00,226.57
2020-10-28 16:00:00,66.62
2020-10-28 17:00:00,0.0
2020-10-28 18:00:00,0.0
2020-10-28 19:00:00,0.0
2020-10-28 20:00:00,0.0
2020-10-28 21:00:00,0.0
2020-10-28 22:00:00,0.0
2020-10-28 23:00:00,0.0
2020-10-29 00:00:00,0.0
2020-10-29 01:00:00,0.0
2020-10-29 02:00:00,0.0
2020-10-29 03:00:00,0.0
2020-10-29 04:00:00,0.0
2020-10-29 05:00:00,4.62
2020-10-29 06:00:00,75.07
2020-10-29 07:00:00,191.12
2020-10-29 08:00:00,305.42
2020-10-29 09:00:00,423.12
2020-10-29 10:00:00,493.58
2020-10-29 11:00:00,591.95
2020-10-29 12:00:00,468.55
2020-10-29 13:00:00,341.52
2020-10-29 14:00:00,270.05
2020-10-29 15:00:00,166.9
2020-10-29 16:00:00,48.53
2020-10-29 17:00:00,0.0
2020-10-29 18:00:00,0.0
2020-10-29 19:00:00,0.0
2020-10-29 20:00:00,0.0
2020-10-29 21:00:00,0.0
2020-10-29 22:00:00,0.0
2020-10-29 23:00:00,0.0
2020-10-30 00:00:00,0.0
2020-10-30 01:00:00,0.0
2020-10-30 02:00:00,0.0
2020-10-30 03:00:00,0.0
2020-10-30 04:00:00,0.0
2020-10-30 05:00:00,5.3
2020-10-30 06:00:00,90.65
2020-10-30 07:00:00,257.33
2020-10-30 08:00:00,440.95
2020-10-30 09:00:00,542.92
2020-10-30 10:00:00,661.8
2020-10-30 11:00:00,690.7
2020-10-30 12:00:00,615.2
2020-10-30 13:00:00,483.48
2020-10-30 14:00:00,370.92
2020-10-30 15:00:00,211.55
2020-10-30 16:00:00,63.17
2020-10-30 17:00:00,0.0
2020-10-30 18:00:00,0.0
2020-10-30 19:00:00,0.0
2020-10-30 20:00:00,0.0
2020-10-30 21:00:00,0.0
2020-10-30 22:00:00,0.0
2020-10-30 23:00:00,0.0
2020-10-31 00:00:00,0.0
2020-10-31 01:00:00,0.0
2020-10-31 02:00:00,0.0
2020-10-31 03:00:00,0.0
2020-10-31 04:00:00,0.0
2020-10-31 05:00:00,5.3
2020-10-31 06:00:00,97.3
2020-10-31 07:00:00,269.27
2020-10-31 08:00:00,493.17
2020-10-31 09:00:00,685.7
2020-10-31 10:00:00,782.05
2020-10-31 11:00:00,828.47
2020-10-31 12:00:00,788.88
2020-10-31 13:00:00,675.5
2020-10-31 14:00:00,500.8
2020-10-31 15:00:00,274.6
2020-10-31 16:00:00,73.93
2020-10-31 17:00:00,0.0
2020-10-31 18:00:00,0.0
2020-10-31 19:00:00,0.0
2020-10-31 20:00:00,0.0
2020-10-31 21:00:00,0.0
2020-10-31 22:00:00,0.0
2020-10-31 23:00:00,0.0
2020-11-01 00:00:00,0.0
2020-11-01 01:00:00,0.0
2020-11-01 02:00:00,0.0
2020-11-01 03:00:00,0.0
2020-11-01 04:00:00,0.0
2020-11-01 05:00:00,5.85
2020-11-01 06:00:00,108.28
2020-11-01 07:00:00,297.55
2020-11-01 08:00:00,497.98
2020-11-01 09:00:00,695.62
2020-11-01 10:00:00,697.97
2020-11-01 11:00:00,703.97
2020-11-01 12:00:00,778.92
2020-11-01 13:00:00,619.8
2020-11-01 14:00:00,464.2
2020-11-01 15:00:00,257.65
2020-11-01 16:00:00,60.28
2020-11-01 17:00:00,0.0
2020-11-01 18:00:00,0.0
2020-11-01 19:00:00,0.0
2020-11-01 20:00:00,0.0
2020-11-01 21:00:00,0.0
2020-11-01 22:00:00,0.0
2020-11-01 23:00:00,0.0
2020-11-02 00:00:00,0.0
2020-11-02 01:00:00,0.0
2020-11-02 02:00:00,0.0
2020-11-02 03:00:00,0.0
2020-11-02 04:00:00,0.0
2020-11-02 05:00:00,5.85
2020-11-02 06:00:00,107.8
2020-11-02 07:00:00,300.3
2020-11-02 08:00:00,501.48
2020-11-02 09:00:00,688.83
2020-11-02 10:00:00,798.9
2020-11-02 11:00:00,813.6
2020-11-02 12:00:00,729.42
2020-11-02 13:00:00,669.35
2020-11-02 14:00:00,486.42
2020-11-02 15:00:00,272.1
2020-11-02 16:00:00,73.95
2020-11-02 17:00:00,0.0
2020-11-02 18:00:00,0.0
2020-11-02 19:00:00,0.0
2020-11-02 20:00:00,0.0
2020-11-02 21:00:00,0.0
2020-11-02 22:00:00,0.0
2020-11-02 23:00:00,0.0
2020-11-03 00:00:00,0.0
2020-11-03 01:00:00,0.0
2020-11-03 02:00:00,0.0
2020-11-03 03:00:00,0.0
2020-11-03 04:00:00,0.0
2020-11-03 05:00:00,5.0
2020-11-03 06:00:00,92.78
2020-11-03 07:00:00,263.08
2020-11-03 08:00:00,469.92
2020-11-03 09:00:00,646.97
2020-11-03 10:00:00,734.22
2020-11-03 11:00:00,789.92
2020-11-03 12:00:00,735.1
2020-11-03 13:00:00,635.17
2020-11-03 14:00:00,462.6
2020-11-03 15:00:00,251.9
2020-11-03 16:00:00,64.43
2020-11-03 17:00:00,0.0
2020-11-03 18:00:00,0.0
2020-11-03 19:00:00,0.0
2020-11-03 20:00:00,0.0
2020-11-03 21:00:00,0.0
2020-11-03 22:00:00,0.0
2020-11-03 23:00:00,0.0
2020-11-04 00:00:00,0.0
2020-11-04 01:00:00,0.0
2020-11-04 02:00:00,0.0
2020-11-04 03:00:00,0.0
2020-11-04 04:00:00,0.0
2020-11-04 05:00:00,5.75
2020-11-04 06:00:00,96.88
2020-11-04 07:00:00,259.27
2020-11-04 08:00:00,426.95
2020-11-04 09:00:00,577.88
2020-11-04 10:00:00,718.55
2020-11-04 11:00:00,785.25
2020-11-04 12:00:00,720.15
2020-11-04 13:00:00,600.97
2020-11-04 14:00:00,484.95
2020-11-04 15:00:00,280.67
2020-11-04 16:00:00,81.35
2020-11-04 17:00:00,0.0
2020-11-04 18:00:00,0.0
2020-11-04 19:00:00,0.0
2020-11-04 20:00:00,0.0
2020-11-04 21:00:00,0.0
2020-11-04 22:00:00,0.0
2020-11-04 23:00:00,0.0
2020-11-05 00:00:00,0.0
2020-11-05 01:00:00,0.0
2020-11-05 02:00:00,0.0
2020-11-05 03:00:00,0.0
2020-11-05 04:00:00,0.0
2020-11-05 05:00:00,5.95
2020-11-05 06:00:00,120.78
2020-11-05 07:00:00,329.73
2020-11-05 08:00:00,535.62
2020-11-05 09:00:00,669.33
2020-11-05 10:00:00,707.35
2020-11-05 11:00:00,708.55
2020-11-05 12:00:00,717.72
2020-11-05 13:00:00,538.9
2020-11-05 14:00:00,422.85
2020-11-05 15:00:00,240.68
2020-11-05 16:00:00,68.2
2020-11-05 17:00:00,0.0
2020-11-05 18:00:00,0.0
2020-11-05 19:00:00,0.0
2020-11-05 20:00:00,0.0
2020-11-05 21:00:00,0.0
2020-11-05 22:00:00,0.0
2020-11-05 23:00:00,0.0
2020-11-06 00:00:00,0.0
2020-11-06 01:00:00,0.0
2020-11-06 02:00:00,0.0
2020-11-06 03:00:00,0.0
2020-11-06 04:00:00,0.0
2020-11-06 05:00:00,6.78
2020-11-06 06:00:00,133.5
2020-11-06 07:00:00,328.05
2020-11-06 08:00:00,535.7
2020-11-06 09:00:00,694.47
2020-11-06 10:00:00,780.3
2020-11-06 11:00:00,842.62
2020-11-06 12:00:00,790.5
2020-11-06 13:00:00,690.03
2020-11-06 14:00:00,518.42
2020-11-06 15:00:00,304.02
2020-11-06 16:00:00,90.55
2020-11-06 17:00:00,0.0
2020-11-06 18:00:00,0.0
2020-11-06 19:00:00,0.0
2020-11-06 20:00:00,0.0
2020-11-06 21:00:00,0.0
2020-11-06 22:00:00,0.0
2020-11-06 23:00:00,0.0
2020-11-07 00:00:00,0.0
2020-11-07 01:00:00,0.0
2020-11-07 02:00:00,0.0
2020-11-07 03:00:00,0.0
2020-11-07 04:00:00,0.0
2020-11-07 05:00:00,6.35
2020-11-07 06:00:00,133.05
2020-11-07 07:00:00,348.23
2020-11-07 08:00:00,554.1
2020-11-07 09:00:00,697.2
2020-11-07 10:00:00,806.9
2020-11-07 11:00:00,835.67
2020-11-07 12:00:00,734.35
2020-11-07 13:00:00,598.62
2020-11-07 14:00:00,449.52
2020-11-07 15:00:00,260.65
2020-11-07 16:00:00,81.22
2020-11-07 17:00:00,0.0
2020-11-07 18:00:00,0.0
2020-11-07 19:00:00,0.0
2020-11-07 20:00:00,0.0
2020-11-07 21:00:00,0.0
2020-11-07 22:00:00,0.0
2020-11-07 23:00:00,0.0
2020-11-08 00:00:00,0.0
2020-11-08 01:00:00,0.0
2020-11-08 02:00:00,0.0
2020-11-08 03:00:00,0.0
2020-11-08 04:00:00,0.0
2020-11-08 05:00:00,4.85
2020-11-08 06:00:00,90.62
2020-11-08 07:00:00,247.3
2020-11-08 08:00:00,429.9
2020-11-08 09:00:00,611.2
2020-11-08 10:00:00,655.88
2020-11-08 11:00:00,744.3
2020-11-08 12:00:00,708.28
2020-11-08 13:00:00,603.95
2020-11-08 14:00:00,446.38
2020-11-08 15:00:00,250.98
2020-11-08 16:00:00,67.95
2020-11-08 17:00:00,0.0
2020-11-08 18:00:00,0.0
2020-11-08 19:00:00,0.0
2020-11-08 20:00:00,0.0
2020-11-08 21:00:00,0.0
2020-11-08 22:00:00,0.0
2020-11-08 23:00:00,0.0
2020-11-09 00:00:00,0.0
2020-11-09 01:00:00,0.0
2020-11-09 02:00:00,0.0
2020-11-09 03:00:00,0.0
2020-11-09 04:00:00,0.0
2020-11-09 05:00:00,5.07
2020-11-09 06:00:00,104.7
2020-11-09 07:00:00,298.17
2020-11-09 08:00:00,489.62
2020-11-09 09:00:00,668.9
2020-11-09 10:00:00,779.22
2020-11-09 11:00:00,807.08
2020-11-09 12:00:00,724.35
2020-11-09 13:00:00,662.45
2020-11-09 14:00:00,485.23
2020-11-09 15:00:00,271.67
2020-11-09 16:00:00,60.6
2020-11-09 17:00:00,0.0
2020-11-09 18:00:00,0.0
2020-11-09 19:00:00,0.0
2020-11-09 20:00:00,0.0
2020-11-09 21:00:00,0.0
2020-11-09 22:00:00,0.0
2020-11-09 23:00:00,0.0
2020-11-10 00:00:00,0.0
2020-11-10 01:00:00,0.0
2020-11-10 02:00:00,0.0
2020-11-10 03:00:00,0.0
2020-11-10 04:00:00,0.0
2020-11-10 05:00:00,5.4
2020-11-10 06:00:00,115.28
2020-11-10 07:00:00,311.4
2020-11-10 08:00:00,504.45
2020-11-10 09:00:00,695.6
2020-11-10 10:00:00,769.3
2020-11-10 11:00:00,795.88
2020-11-10 12:00:00,731.8
2020-11-10 13:00:00,615.53
2020-11-10 14:00:00,432.52
2020-11-10 15:00:00,235.43
2020-11-10 16:00:00,61.8
2020-11-10 17:00:00,0.0
2020-11-10 18:00:00,0.0
2020-11-10 19:00:00,0.0
2020-11-10 20:00:00,0.0
2020-11-10 21:00:00,0.0
2020-11-10 22:00:00,0.0
2020-11-10 23:00:00,0.0
2020-11-11 00:00:00,0.0
2020-11-11 01:00:00,0.0
2020-11-11 02:00:00,0.0
2020-11-11 03:00:00,0.0
2020-11-11 04:00:00,0.0
2020-11-11 05:00:00,3.47
2020-11-11 06:00:00,65.1
2020-11-11 07:00:00,149.7
2020-11-11 08:00:00,219.05
2020-11-11 09:00:00,161.85
2020-11-11 10:00:00,351.55
2020-11-11 11:00:00,430.4
2020-11-11 12:00:00,490.73
2020-11-11 13:00:00,335.65
2020-11-11 14:00:00,289.6
2020-11-11 15:00:00,154.23
2020-11-11 16:00:00,40.35
2020-11-11 17:00:00,0.0
2020-11-11 18:00:00,0.0
2020-11-11 19:00:00,0.0
2020-11-11 20:00:00,0.0
2020-11-11 21:00:00,0.0
2020-11-11 22:00:00,0.0
2020-11-11 23:00:00,0.0
2020-11-12 00:00:00,0.0
2020-11-12 01:00:00,0.0
2020-11-12 02:00:00,0.0
2020-11-12 03:00:00,0.0
2020-11-12 04:00:00,0.0
2020-11-12 05:00:00,3.88
2020-11-12 06:00:00,82.32
2020-11-12 07:00:00,214.0
2020-11-12 08:00:00,359.27
2020-11-12 09:00:00,449.7
2020-11-12 10:00:00,514.5
2020-11-12 11:00:00,520.88
2020-11-12 12:00:00,410.55
2020-11-12 13:00:00,453.17
2020-11-12 14:00:00,378.5
2020-11-12 15:00:00,201.68
2020-11-12 16:00:00,51.42
2020-11-12 17:00:00,0.0
2020-11-12 18:00:00,0.0
2020-11-12 19:00:00,0.0
2020-11-12 20:00:00,0.0
2020-11-12 21:00:00,0.0
2020-11-12 22:00:00,0.0
2020-11-12 23:00:00,0.0
2020-11-13 00:00:00,0.0
2020-11-13 01:00:00,0.0
2020-11-13 02:00:00,0.0
2020-11-13 03:00:00,0.0
2020-11-13 04:00:00,0.0
2020-11-13 05:00:00,3.1
2020-11-13 06:00:00,85.62
2020-11-13 07:00:00,227.52
2020-11-13 08:00:00,383.73
2020-11-13 09:00:00,557.03
2020-11-13 10:00:00,707.53
2020-11-13 11:00:00,666.05
2020-11-13 12:00:00,630.05
2020-11-13 13:00:00,630.3
2020-11-13 14:00:00,396.15
2020-11-13 15:00:00,218.98
2020-11-13 16:00:00,59.83
2020-11-13 17:00:00,0.0
2020-11-13 18:00:00,0.0
2020-11-13 19:00:00,0.0
2020-11-13 20:00:00,0.0
2020-11-13 21:00:00,0.0
2020-11-13 22:00:00,0.0
2020-11-13 23:00:00,0.0
2020-11-14 00:00:00,0.0
2020-11-14 01:00:00,0.0
2020-11-14 02:00:00,0.0
2020-11-14 03:00:00,0.0
2020-11-14 04:00:00,0.0
2020-11-14 05:00:00,4.45
2020-11-14 06:00:00,108.07
2020-11-14 07:00:00,304.27
2020-11-14 08:00:00,497.05
2020-11-14 09:00:00,653.83
2020-11-14 10:00:00,798.3
2020-11-14 11:00:00,789.35
2020-11-14 12:00:00,747.22
2020-11-14 13:00:00,675.05
2020-11-14 14:00:00,474.12
2020-11-14 15:00:00,264.92
2020-11-14 16:00:00,68.22
2020-11-14 17:00:00,0.0
2020-11-14 18:00:00,0.0
2020-11-14 19:00:00,0.0
2020-11-14 20:00:00,0.0
2020-11-14 21:00:00,0.0
2020-11-14 22:00:00,0.0
2020-11-14 23:00:00,0.0
2020-11-15 00:00:00,0.0
2020-11-15 01:00:00,0.0
2020-11-15 02:00:00,0.0
2020-11-15 03:00:00,0.0
2020-11-15 04:00:00,0.0
2020-11-15 05:00:00,1.73
2020-11-15 06:00:00,45.42
2020-11-15 07:00:00,131.73
2020-11-15 08:00:00,253.4
2020-11-15 09:00:00,241.48
2020-11-15 10:00:00,383.52
2020-11-15 11:00:00,379.4
2020-11-15 12:00:00,427.73
2020-11-15 13:00:00,340.73
2020-11-15 14:00:00,147.05
2020-11-15 15:00:00,84.82
2020-11-15 16:00:00,20.27
2020-11-15 17:00:00,0.0
2020-11-15 18:00:00,0.0
2020-11-15 19:00:00,0.0
2020-11-15 20:00:00,0.0
2020-11-15 21:00:00,0.0
2020-11-15 22:00:00,0.0
2020-11-15 23:00:00,0.0
2020-11-16 00:00:00,0.0
2020-11-16 01:00:00,0.0
2020-11-16 02:00:00,0.0
2020-11-16 03:00:00,0.0
2020-11-16 04:00:00,0.0
2020-11-16 05:00:00,1.52
2020-11-16 06:00:00,56.85
2020-11-16 07:00:00,122.47
2020-11-16 08:00:00,252.35
2020-11-16 09:00:00,329.67
2020-11-16 10:00:00,218.57
2020-11-16 11:00:00,126.28
2020-11-16 12:00:00,108.72
2020-11-16 13:00:00,63.38
2020-11-16 14:00:00,73.62
2020-11-16 15:00:00,44.83
2020-11-16 16:00:00,4.6
2020-11-16 17:00:00,0.0
2020-11-16 18:00:00,0.0
2020-11-16 19:00:00,0.0
2020-11-16 20:00:00,0.0
2020-11-16 21:00:00,0.0
2020-11-16 22:00:00,0.0
2020-11-16 23:00:00,0.0
2020-11-17 00:00:00,0.0
2020-11-17 01:00:00,0.0
2020-11-17 02:00:00,0.0
2020-11-17 03:00:00,0.0
2020-11-17 04:00:00,0.0
2020-11-17 05:00:00,3.5
2020-11-17 06:00:00,87.85
2020-11-17 07:00:00,244.57
2020-11-17 08:00:00,410.77
2020-11-17 09:00:00,591.72
2020-11-17 10:00:00,687.22
2020-11-17 11:00:00,761.95
2020-11-17 12:00:00,698.92
2020-11-17 13:00:00,606.55
2020-11-17 14:00:00,443.15
2020-11-17 15:00:00,249.55
2020-11-17 16:00:00,67.25
2020-11-17 17:00:00,0.0
2020-11-17 18:00:00,0.0
2020-11-17 19:00:00,0.0
2020-11-17 20:00:00,0.0
2020-11-17 21:00:00,0.0
2020-11-17 22:00:00,0.0
2020-11-17 23:00:00,0.0
2020-11-18 00:00:00,0.0
2020-11-18 01:00:00,0.0
2020-11-18 02:00:00,0.0
2020-11-18 03:00:00,0.0
2020-11-18 04:00:00,0.0
2020-11-18 05:00:00,3.9
2020-11-18 06:00:00,107.7
2020-11-18 07:00:00,302.65
2020-11-18 08:00:00,496.7
2020-11-18 09:00:00,636.4
2020-11-18 10:00:00,783.47
2020-11-18 11:00:00,804.3
2020-11-18 12:00:00,758.28
2020-11-18 13:00:00,591.83
2020-11-18 14:00:00,452.08
2020-11-18 15:00:00,255.48
2020-11-18 16:00:00,73.43
2020-11-18 17:00:00,0.0
2020-11-18 18:00:00,0.0
2020-11-18 19:00:00,0.0
2020-11-18 20:00:00,0.0
2020-11-18 21:00:00,0.0
2020-11-18 22:00:00,0.0
2020-11-18 23:00:00,0.0
2020-11-19 00:00:00,0.0
2020-11-19 01:00:00,0.0
2020-11-19 02:00:00,0.0
2020-11-19 03:00:00,0.0
2020-11-19 04:00:00,0.0
2020-11-19 05:00:00,3.75
2020-11-19 06:00:00,101.72
2020-11-19 07:00:00,280.45
2020-11-19 08:00:00,459.98
2020-11-19 09:00:00,658.1
2020-11-19 10:00:00,734.4
2020-11-19 11:00:00,756.3
2020-11-19 12:00:00,737.58
2020-11-19 13:00:00,583.25
2020-11-19 14:00:00,418.45
2020-11-19 15:00:00,231.88
2020-11-19 16:00:00,62.42
2020-11-19 17:00:00,0.0
2020-11-19 18:00:00,0.0
2020-11-19 19:00:00,0.0
2020-11-19 20:00:00,0.0
2020-11-19 21:00:00,0.0
2020-11-19 22:00:00,0.0
2020-11-19 23:00:00,0.0
2020-11-20 00:00:00,0.0
2020-11-20 01:00:00,0.0
2020-11-20 02:00:00,0.0
2020-11-20 03:00:00,0.0
2020-11-20 04:00:00,0.0
2020-11-20 05:00:00,3.67
2020-11-20 06:00:00,109.15
2020-11-20 07:00:00,314.15
2020-11-20 08:00:00,508.52
2020-11-20 09:00:00,670.03
2020-11-20 10:00:00,797.97
2020-11-20 11:00:00,857.8
2020-11-20 12:00:00,648.97
2020-11-20 13:00:00,616.3
2020-11-20 14:00:00,454.33
2020-11-20 15:00:00,297.25
2020-11-20 16:00:00,80.62
2020-11-20 17:00:00,0.0
2020-11-20 18:00:00,0.0
2020-11-20 19:00:00,0.0
2020-11-20 20:00:00,0.0
2020-11-20 21:00:00,0.0
2020-11-20 22:00:00,0.0
2020-11-20 23:00:00,0.0
2020-11-21 00:00:00,0.0
2020-11-21 01:00:00,0.0
2020-11-21 02:00:00,0.0
2020-11-21 03:00:00,0.0
2020-11-21 04:00:00,0.0
2020-11-21 05:00:00,3.55
2020-11-21 06:00:00,118.62
2020-11-21 07:00:00,334.88
2020-11-21 08:00:00,549.15
2020-11-21 09:00:00,713.38
2020-11-21 10:00:00,815.1
2020-11-21 11:00:00,840.62
2020-11-21 12:00:00,788.92
2020-11-21 13:00:00,692.22
2020-11-21 14:00:00,516.47
2020-11-21 15:00:00,295.38
2020-11-21 16:00:00,83.78
2020-11-21 17:00:00,0.0
2020-11-21 18:00:00,0.0
2020-11-21 19:00:00,0.0
2020-11-21 20:00:00,0.0
2020-11-21 21:00:00,0.0
2020-11-21 22:00:00,0.0
2020-11-21 23:00:00,0.0
2020-11-22 00:00:00,0.0
2020-11-22 01:00:00,0.0
2020-11-22 02:00:00,0.0
2020-11-22 03:00:00,0.0
2020-11-22 04:00:00,0.0
2020-11-22 05:00:00,0.0
2020-11-22 06:00:00,102.15
2020-11-22 07:00:00,268.88
2020-11-22 08:00:00,456.45
2020-11-22 09:00:00,574.9
2020-11-22 10:00:00,678.38
2020-11-22 11:00:00,762.12
2020-11-22 12:00:00,767.5
2020-11-22 13:00:00,639.28
2020-11-22 14:00:00,463.1
2020-11-22 15:00:00,252.27
2020-11-22 16:00:00,64.18
2020-11-22 17:00:00,0.0
2020-11-22 18:00:00,0.0
2020-11-22 19:00:00,0.0
2020-11-22 20:00:00,0.0
2020-11-22 21:00:00,0.0
2020-11-22 22:00:00,0.0
2020-11-22 23:00:00,0.0
2020-11-23 00:00:00,0.0
2020-11-23 01:00:00,0.0
2020-11-23 02:00:00,0.0
2020-11-23 03:00:00,0.0
2020-11-23 04:00:00,0.0
2020-11-23 05:00:00,0.0
2020-11-23 06:00:00,80.85
2020-11-23 07:00:00,210.98
2020-11-23 08:00:00,360.2
2020-11-23 09:00:00,495.55
2020-11-23 10:00:00,503.45
2020-11-23 11:00:00,512.78
2020-11-23 12:00:00,488.27
2020-11-23 13:00:00,382.3
2020-11-23 14:00:00,260.6
2020-11-23 15:00:00,140.05
2020-11-23 16:00:00,36.72
2020-11-23 17:00:00,0.0
2020-11-23 18:00:00,0.0
2020-11-23 19:00:00,0.0
2020-11-23 20:00:00,0.0
2020-11-23 21:00:00,0.0
2020-11-23 22:00:00,0.0
2020-11-23 23:00:00,0.0
2020-11-24 00:00:00,0.0
2020-11-24 01:00:00,0.0
2020-11-24 02:00:00,0.0
2020-11-24 03:00:00,0.0
2020-11-24 04:00:00,0.0
2020-11-24 05:00:00,0.0
2020-11-24 06:00:00,29.48
2020-11-24 07:00:00,82.45
2020-11-24 08:00:00,143.55
2020-11-24 09:00:00,204.6
2020-11-24 10:00:00,178.38
2020-11-24 11:00:00,161.88
2020-11-24 12:00:00,174.38
2020-11-24 13:00:00,105.43
2020-11-24 14:00:00,52.67
2020-11-24 15:00:00,34.5
2020-11-24 16:00:00,11.25
2020-11-24 17:00:00,0.0
2020-11-24 18:00:00,0.0
2020-11-24 19:00:00,0.0
2020-11-24 20:00:00,0.0
2020-11-24 21:00:00,0.0
2020-11-24 22:00:00,0.0
2020-11-24 23:00:00,0.0
2020-11-25 00:00:00,0.0
2020-11-25 01:00:00,0.0
2020-11-25 02:00:00,0.0
2020-11-25 03:00:00,0.0
2020-11-25 04:00:00,0.0
2020-11-25 05:00:00,0.0
2020-11-25 06:00:00,19.25
2020-11-25 07:00:00,47.8
2020-11-25 08:00:00,73.0
2020-11-25 09:00:00,40.67
2020-11-25 10:00:00,46.83
2020-11-25 11:00:00,63.62
2020-11-25 12:00:00,97.03
2020-11-25 13:00:00,84.15
2020-11-25 14:00:00,49.53
2020-11-25 15:00:00,30.65
2020-11-25 16:00:00,9.57
2020-11-25 17:00:00,0.0
2020-11-25 18:00:00,0.0
2020-11-25 19:00:00,0.0
2020-11-25 20:00:00,0.0
2020-11-25 21:00:00,0.0
2020-11-25 22:00:00,0.0
2020-11-25 23:00:00,0.0
2020-11-26 00:00:00,0.0
2020-11-26 01:00:00,0.0
2020-11-26 02:00:00,0.0
2020-11-26 03:00:00,0.0
2020-11-26 04:00:00,0.0
2020-11-26 05:00:00,0.0
2020-11-26 06:00:00,29.88
2020-11-26 07:00:00,88.4
2020-11-26 08:00:00,167.0
2020-11-26 09:00:00,302.25
2020-11-26 10:00:00,258.08
2020-11-26 11:00:00,267.27
2020-11-26 12:00:00,311.88
2020-11-26 13:00:00,240.0
2020-11-26 14:00:00,130.95
2020-11-26 15:00:00,72.72
2020-11-26 16:00:00,24.85
2020-11-26 17:00:00,0.0
2020-11-26 18:00:00,0.0
2020-11-26 19:00:00,0.0
2020-11-26 20:00:00,0.0
2020-11-26 21:00:00,0.0
2020-11-26 22:00:00,0.0
2020-11-26 23:00:00,0.0
2020-11-27 00:00:00,0.0
2020-11-27 01:00:00,0.0
2020-11-27 02:00:00,0.0
2020-11-27 03:00:00,0.0
2020-11-27 04:00:00,0.0
2020-11-27 05:00:00,0.0
2020-11-27 06:00:00,73.03
2020-11-27 07:00:00,214.35
2020-11-27 08:00:00,371.27
2020-11-27 09:00:00,586.22
2020-11-27 10:00:00,727.8
2020-11-27 11:00:00,713.22
2020-11-27 12:00:00,640.85
2020-11-27 13:00:00,477.0
2020-11-27 14:00:00,318.3
2020-11-27 15:00:00,177.48
2020-11-27 16:00:00,52.12
2020-11-27 17:00:00,0.0
2020-11-27 18:00:00,0.0
2020-11-27 19:00:00,0.0
2020-11-27 20:00:00,0.0
2020-11-27 21:00:00,0.0
2020-11-27 22:00:00,0.0
2020-11-27 23:00:00,0.0
2020-11-28 00:00:00,0.0
2020-11-28 01:00:00,0.0
2020-11-28 02:00:00,0.0
2020-11-28 03:00:00,0.0
2020-11-28 04:00:00,0.0
2020-11-28 05:00:00,0.0
2020-11-28 06:00:00,88.1
2020-11-28 07:00:00,243.85
2020-11-28 08:00:00,414.1
2020-11-28 09:00:00,534.72
2020-11-28 10:00:00,590.28
2020-11-28 11:00:00,655.7
2020-11-28 12:00:00,672.38
2020-11-28 13:00:00,587.72
2020-11-28 14:00:00,428.6
2020-11-28 15:00:00,240.38
2020-11-28 16:00:00,65.53
2020-11-28 17:00:00,0.0
2020-11-28 18:00:00,0.0
2020-11-28 19:00:00,0.0
2020-11-28 20:00:00,0.0
2020-11-28 21:00:00,0.0
2020-11-28 22:00:00,0.0
2020-11-28 23:00:00,0.0
2020-11-29 00:00:00,0.0
2020-11-29 01:00:00,0.0
2020-11-29 02:00:00,0.0
2020-11-29 03:00:00,0.0
2020-11-29 04:00:00,0.0
2020-11-29 05:00:00,0.0
2020-11-29 06:00:00,91.78
2020-11-29 07:00:00,273.25
2020-11-29 08:00:00,471.2
2020-11-29 09:00:00,613.8
2020-11-29 10:00:00,706.5
2020-11-29 11:00:00,734.03
2020-11-29 12:00:00,719.55
2020-11-29 13:00:00,625.47
2020-11-29 14:00:00,428.33
2020-11-29 15:00:00,243.4
2020-11-29 16:00:00,68.9
2020-11-29 17:00:00,0.0
2020-11-29 18:00:00,0.0
2020-11-29 19:00:00,0.0
2020-11-29 20:00:00,0.0
2020-11-29 21:00:00,0.0
2020-11-29 22:00:00,0.0
2020-11-29 23:00:00,0.0
2020-11-30 00:00:00,0.0
2020-11-30 01:00:00,0.0
2020-11-30 02:00:00,0.0
2020-11-30 03:00:00,0.0
2020-11-30 04:00:00,0.0
2020-11-30 05:00:00,0.0
2020-11-30 06:00:00,77.43
2020-11-30 07:00:00,240.75
2020-11-30 08:00:00,424.35
2020-11-30 09:00:00,554.92
2020-11-30 10:00:00,617.15
2020-11-30 11:00:00,688.15
2020-11-30 12:00:00,686.08
2020-11-30 13:00:00,605.42
2020-11-30 14:00:00,435.7
2020-11-30 15:00:00,258.2
2020-11-30 16:00:00,79.72
2020-11-30 17:00:00,0.0
2020-11-30 18:00:00,0.0
2020-11-30 19:00:00,0.0
2020-11-30 20:00:00,0.0
2020-11-30 21:00:00,0.0
2020-11-30 22:00:00,0.0
2020-11-30 23:00:00,0.0
2020-12-01 00:00:00,0.0
2020-12-01 01:00:00,0.0
2020-12-01 02:00:00,0.0
2020-12-01 03:00:00,0.0
2020-12-01 04:00:00,0.0
2020-12-01 05:00:00,0.0
2020-12-01 06:00:00,76.2
2020-12-01 07:00:00,213.05
2020-12-01 08:00:00,364.98
2020-12-01 09:00:00,501.67
2020-12-01 10:00:00,569.85
2020-12-01 11:00:00,613.4
2020-12-01 12:00:00,569.33
2020-12-01 13:00:00,399.98
2020-12-01 14:00:00,261.35
2020-12-01 15:00:00,128.95
2020-12-01 16:00:00,33.8
2020-12-01 17:00:00,0.0
2020-12-01 18:00:00,0.0
2020-12-01 19:00:00,0.0
2020-12-01 20:00:00,0.0
2020-12-01 21:00:00,0.0
2020-12-01 22:00:00,0.0
2020-12-01 23:00:00,0.0
2020-12-02 00:00:00,0.0
2020-12-02 01:00:00,0.0
2020-12-02 02:00:00,0.0
2020-12-02 03:00:00,0.0
2020-12-02 04:00:00,0.0
2020-12-02 05:00:00,0.0
2020-12-02 06:00:00,49.62
2020-12-02 07:00:00,131.77
2020-12-02 08:00:00,108.95
2020-12-02 09:00:00,80.38
2020-12-02 10:00:00,67.32
2020-12-02 11:00:00,55.75
2020-12-02 12:00:00,59.28
2020-12-02 13:00:00,57.1
2020-12-02 14:00:00,85.12
2020-12-02 15:00:00,39.0
2020-12-02 16:00:00,15.98
2020-12-02 17:00:00,0.0
2020-12-02 18:00:00,0.0
2020-12-02 19:00:00,0.0
2020-12-02 20:00:00,0.0
2020-12-02 21:00:00,0.0
2020-12-02 22:00:00,0.0
2020-12-02 23:00:00,0.0
2020-12-03 00:00:00,0.0
2020-12-03 01:00:00,0.0
2020-12-03 02:00:00,0.0
2020-12-03 03:00:00,0.0
2020-12-03 04:00:00,0.0
2020-12-03 05:00:00,0.0
2020-12-03 06:00:00,29.1
2020-12-03 07:00:00,80.6
2020-12-03 08:00:00,158.1
2020-12-03 09:00:00,276.62
2020-12-03 10:00:00,353.52
2020-12-03 11:00:00,361.05
2020-12-03 12:00:00,250.9
2020-12-03 13:00:00,264.77
2020-12-03 14:00:00,163.5
2020-12-03 15:00:00,95.62
2020-12-03 16:00:00,32.88
2020-12-03 17:00:00,0.0
2020-12-03 18:00:00,0.0
2020-12-03 19:00:00,0.0
2020-12-03 20:00:00,0.0
2020-12-03 21:00:00,0.0
2020-12-03 22:00:00,0.0
2020-12-03 23:00:00,0.0
2020-12-04 00:00:00,0.0
2020-12-04 01:00:00,0.0
2020-12-04 02:00:00,0.0
2020-12-04 03:00:00,0.0
2020-12-04 04:00:00,0.0
2020-12-04 05:00:00,0.0
2020-12-04 06:00:00,16.58
2020-12-04 07:00:00,36.3
2020-12-04 08:00:00,62.9
2020-12-04 09:00:00,139.65
2020-12-04 10:00:00,221.48
2020-12-04 11:00:00,265.9
2020-12-04 12:00:00,269.05
2020-12-04 13:00:00,229.77
2020-12-04 14:00:00,180.9
2020-12-04 15:00:00,105.18
2020-12-04 16:00:00,30.83
2020-12-04 17:00:00,0.0
2020-12-04 18:00:00,0.0
2020-12-04 19:00:00,0.0
2020-12-04 20:00:00,0.0
2020-12-04 21:00:00,0.0
2020-12-04 22:00:00,0.0
2020-12-04 23:00:00,0.0
2020-12-05 00:00:00,0.0
2020-12-05 01:00:00,0.0
2020-12-05 02:00:00,0.0
2020-12-05 03:00:00,0.0
2020-12-05 04:00:00,0.0
2020-12-05 05:00:00,0.0
2020-12-05 06:00:00,21.88
2020-12-05 07:00:00,53.83
2020-12-05 08:00:00,91.93
2020-12-05 09:00:00,123.12
2020-12-05 10:00:00,156.6
2020-12-05 11:00:00,133.55
2020-12-05 12:00:00,115.3
2020-12-05 13:00:00,186.02
2020-12-05 14:00:00,203.4
2020-12-05 15:00:00,145.95
2020-12-05 16:00:00,44.8
2020-12-05 17:00:00,0.0
2020-12-05 18:00:00,0.0
2020-12-05 19:00:00,0.0
2020-12-05 20:00:00,0.0
2020-12-05 21:00:00,0.0
2020-12-05 22:00:00,0.0
2020-12-05 23:00:00,0.0
2020-12-06 00:00:00,0.0
2020-12-06 01:00:00,0.0
2020-12-06 02:00:00,0.0
2020-12-06 03:00:00,0.0
2020-12-06 04:00:00,0.0
2020-12-06 05:00:00,0.0
2020-12-06 06:00:00,67.35
2020-12-06 07:00:00,200.07
2020-12-06 08:00:00,370.05
2020-12-06 09:00:00,515.88
2020-12-06 10:00:00,599.15
2020-12-06 11:00:00,612.1
2020-12-06 12:00:00,616.72
2020-12-06 13:00:00,519.05
2020-12-06 14:00:00,361.8
2020-12-06 15:00:00,195.68
2020-12-06 16:00:00,51.67
2020-12-06 17:00:00,0.0
2020-12-06 18:00:00,0.0
2020-12-06 19:00:00,0.0
2020-12-06 20:00:00,0.0
2020-12-06 21:00:00,0.0
2020-12-06 22:00:00,0.0
2020-12-06 23:00:00,0.0
2020-12-07 00:00:00,0.0
2020-12-07 01:00:00,0.0
2020-12-07 02:00:00,0.0
2020-12-07 03:00:00,0.0
2020-12-07 04:00:00,0.0
2020-12-07 05:00:00,0.0
2020-12-07 06:00:00,51.67
2020-12-07 07:00:00,157.68
2020-12-07 08:00:00,296.88
2020-12-07 09:00:00,389.27
2020-12-07 10:00:00,490.33
2020-12-07 11:00:00,586.53
2020-12-07 12:00:00,559.33
2020-12-07 13:00:00,517.85
2020-12-07 14:00:00,370.35
2020-12-07 15:00:00,202.55
2020-12-07 16:00:00,60.38
2020-12-07 17:00:00,0.0
2020-12-07 18:00:00,0.0
2020-12-07 19:00:00,0.0
2020-12-07 20:00:00,0.0
2020-12-07 21:00:00,0.0
2020-12-07 22:00:00,0.0
2020-12-07 23:00:00,0.0
2020-12-08 00:00:00,0.0
2020-12-08 01:00:00,0.0
2020-12-08 02:00:00,0.0
2020-12-08 03:00:00,0.0
2020-12-08 04:00:00,0.0
2020-12-08 05:00:00,0.0
2020-12-08 06:00:00,78.0
2020-12-08 07:00:00,260.0
2020-12-08 08:00:00,441.4
2020-12-08 09:00:00,613.5
2020-12-08 10:00:00,717.17
2020-12-08 11:00:00,731.6
2020-12-08 12:00:00,711.85
2020-12-08 13:00:00,628.67
2020-12-08 14:00:00,375.02
2020-12-08 15:00:00,212.73
2020-12-08 16:00:00,63.88
2020-12-08 17:00:00,0.0
2020-12-08 18:00:00,0.0
2020-12-08 19:00:00,0.0
2020-12-08 20:00:00,0.0
2020-12-08 21:00:00,0.0
2020-12-08 22:00:00,0.0
2020-12-08 23:00:00,0.0
2020-12-09 00:00:00,0.0
2020-12-09 01:00:00,0.0
2020-12-09 02:00:00,0.0
2020-12-09 03:00:00,0.0
2020-12-09 04:00:00,0.0
2020-12-09 05:00:00,0.0
2020-12-09 06:00:00,46.78
2020-12-09 07:00:00,174.05
2020-12-09 08:00:00,320.25
2020-12-09 09:00:00,541.33
2020-12-09 10:00:00,684.45
2020-12-09 11:00:00,752.1
2020-12-09 12:00:00,733.78
2020-12-09 13:00:00,630.38
2020-12-09 14:00:00,496.52
2020-12-09 15:00:00,292.05
2020-12-09 16:00:00,89.07
2020-12-09 17:00:00,0.0
2020-12-09 18:00:00,0.0
2020-12-09 19:00:00,0.0
2020-12-09 20:00:00,0.0
2020-12-09 21:00:00,0.0
2020-12-09 22:00:00,0.0
2020-12-09 23:00:00,0.0
2020-12-10 00:00:00,0.0
2020-12-10 01:00:00,0.0
2020-12-10 02:00:00,0.0
2020-12-10 03:00:00,0.0
2020-12-10 04:00:00,0.0
2020-12-10 05:00:00,0.0
2020-12-10 06:00:00,72.12
2020-12-10 07:00:00,254.2
2020-12-10 08:00:00,451.08
2020-12-10 09:00:00,629.38
2020-12-10 10:00:00,722.1
2020-12-10 11:00:00,801.08
2020-12-10 12:00:00,739.65
2020-12-10 13:00:00,652.17
2020-12-10 14:00:00,472.52
2020-12-10 15:00:00,267.73
2020-12-10 16:00:00,75.9
2020-12-10 17:00:00,0.0
2020-12-10 18:00:00,0.0
2020-12-10 19:00:00,0.0
2020-12-10 20:00:00,0.0
2020-12-10 21:00:00,0.0
2020-12-10 22:00:00,0.0
2020-12-10 23:00:00,0.0
2020-12-11 00:00:00,0.0
2020-12-11 01:00:00,0.0
2020-12-11 02:00:00,0.0
2020-12-11 03:00:00,0.0
2020-12-11 04:00:00,0.0
2020-12-11 05:00:00,0.0
2020-12-11 06:00:00,63.97
2020-12-11 07:00:00,217.93
2020-12-11 08:00:00,397.85
2020-12-11 09:00:00,545.97
2020-12-11 10:00:00,657.4
2020-12-11 11:00:00,713.67
2020-12-11 12:00:00,707.28
2020-12-11 13:00:00,617.65
2020-12-11 14:00:00,464.77
2020-12-11 15:00:00,263.05
2020-12-11 16:00:00,62.28
2020-12-11 17:00:00,0.0
2020-12-11 18:00:00,0.0
2020-12-11 19:00:00,0.0
2020-12-11 20:00:00,0.0
2020-12-11 21:00:00,0.0
2020-12-11 22:00:00,0.0
2020-12-11 23:00:00,0.0
2020-12-12 00:00:00,0.0
2020-12-12 01:00:00,0.0
2020-12-12 02:00:00,0.0
2020-12-12 03:00:00,0.0
2020-12-12 04:00:00,0.0
2020-12-12 05:00:00,0.0
2020-12-12 06:00:00,62.4
2020-12-12 07:00:00,214.1
2020-12-12 08:00:00,385.67
2020-12-12 09:00:00,617.95
2020-12-12 10:00:00,713.28
2020-12-12 11:00:00,764.25
2020-12-12 12:00:00,720.67
2020-12-12 13:00:00,648.78
2020-12-12 14:00:00,485.3
2020-12-12 15:00:00,283.7
2020-12-12 16:00:00,87.18
2020-12-12 17:00:00,0.0
2020-12-12 18:00:00,0.0
2020-12-12 19:00:00,0.0
2020-12-12 20:00:00,0.0
2020-12-12 21:00:00,0.0
2020-12-12 22:00:00,0.0
2020-12-12 23:00:00,0.0
2020-12-13 00:00:00,0.0
2020-12-13 01:00:00,0.0
2020-12-13 02:00:00,0.0
2020-12-13 03:00:00,0.0
2020-12-13 04:00:00,0.0
2020-12-13 05:00:00,0.0
2020-12-13 06:00:00,68.5
2020-12-13 07:00:00,244.57
2020-12-13 08:00:00,427.3
2020-12-13 09:00:00,587.55
2020-12-13 10:00:00,699.75
2020-12-13 11:00:00,708.53
2020-12-13 12:00:00,683.85
2020-12-13 13:00:00,584.33
2020-12-13 14:00:00,471.48
2020-12-13 15:00:00,276.15
2020-12-13 16:00:00,87.57
2020-12-13 17:00:00,0.0
2020-12-13 18:00:00,0.0
2020-12-13 19:00:00,0.0
2020-12-13 20:00:00,0.0
2020-12-13 21:00:00,0.0
2020-12-13 22:00:00,0.0
2020-12-13 23:00:00,0.0
2020-12-14 00:00:00,0.0
2020-12-14 01:00:00,0.0
2020-12-14 02:00:00,0.0
2020-12-14 03:00:00,0.0
2020-12-14 04:00:00,0.0
2020-12-14 05:00:00,0.0
2020-12-14 06:00:00,67.93
2020-12-14 07:00:00,243.48
2020-12-14 08:00:00,440.02
2020-12-14 09:00:00,619.25
2020-12-14 10:00:00,748.33
2020-12-14 11:00:00,782.42
2020-12-14 12:00:00,737.65
2020-12-14 13:00:00,651.58
2020-12-14 14:00:00,498.58
2020-12-14 15:00:00,292.12
2020-12-14 16:00:00,81.68
2020-12-14 17:00:00,0.0
2020-12-14 18:00:00,0.0
2020-12-14 19:00:00,0.0
2020-12-14 20:00:00,0.0
2020-12-14 21:00:00,0.0
2020-12-14 22:00:00,0.0
2020-12-14 23:00:00,0.0
2020-12-15 00:00:00,0.0
2020-12-15 01:00:00,0.0
2020-12-15 02:00:00,0.0
2020-12-15 03:00:00,0.0
2020-12-15 04:00:00,0.0
2020-12-15 05:00:00,0.0
2020-12-15 06:00:00,46.47
2020-12-15 07:00:00,180.27
2020-12-15 08:00:00,331.42
2020-12-15 09:00:00,467.38
2020-12-15 10:00:00,582.35
2020-12-15 11:00:00,711.5
2020-12-15 12:00:00,679.67
2020-12-15 13:00:00,534.33
2020-12-15 14:00:00,417.52
2020-12-15 15:00:00,229.88
2020-12-15 16:00:00,66.72
2020-12-15 17:00:00,0.0
2020-12-15 18:00:00,0.0
2020-12-15 19:00:00,0.0
2020-12-15 20:00:00,0.0
2020-12-15 21:00:00,0.0
2020-12-15 22:00:00,0.0
2020-12-15 23:00:00,0.0
2020-12-16 00:00:00,0.0
2020-12-16 01:00:00,0.0
2020-12-16 02:00:00,0.0
2020-12-16 03:00:00,0.0
2020-12-16 04:00:00,0.0
2020-12-16 05:00:00,0.0
2020-12-16 06:00:00,33.17
2020-12-16 07:00:00,104.78
2020-12-16 08:00:00,191.6
2020-12-16 09:00:00,252.43
2020-12-16 10:00:00,233.9
2020-12-16 11:00:00,238.93
2020-12-16 12:00:00,173.27
2020-12-16 13:00:00,161.45
2020-12-16 14:00:00,203.35
2020-12-16 15:00:00,106.22
2020-12-16 16:00:00,29.92
2020-12-16 17:00:00,0.0
2020-12-16 18:00:00,0.0
2020-12-16 19:00:00,0.0
2020-12-16 20:00:00,0.0
2020-12-16 21:00:00,0.0
2020-12-16 22:00:00,0.0
2020-12-16 23:00:00,0.0
2020-12-17 00:00:00,0.0
2020-12-17 01:00:00,0.0
2020-12-17 02:00:00,0.0
2020-12-17 03:00:00,0.0
2020-12-17 04:00:00,0.0
2020-12-17 05:00:00,0.0
2020-12-17 06:00:00,36.85
2020-12-17 07:00:00,125.93
2020-12-17 08:00:00,209.75
2020-12-17 09:00:00,414.2
2020-12-17 10:00:00,487.5
2020-12-17 11:00:00,603.1
2020-12-17 12:00:00,600.38
2020-12-17 13:00:00,560.97
2020-12-17 14:00:00,364.27
2020-12-17 15:00:00,201.38
2020-12-17 16:00:00,69.32
2020-12-17 17:00:00,0.0
2020-12-17 18:00:00,0.0
2020-12-17 19:00:00,0.0
2020-12-17 20:00:00,0.0
2020-12-17 21:00:00,0.0
2020-12-17 22:00:00,0.0
2020-12-17 23:00:00,0.0
2020-12-18 00:00:00,0.0
2020-12-18 01:00:00,0.0
2020-12-18 02:00:00,0.0
2020-12-18 03:00:00,0.0
2020-12-18 04:00:00,0.0
2020-12-18 05:00:00,0.0
2020-12-18 06:00:00,39.53
2020-12-18 07:00:00,144.48
2020-12-18 08:00:00,288.38
2020-12-18 09:00:00,360.77
2020-12-18 10:00:00,435.38
2020-12-18 11:00:00,553.6
2020-12-18 12:00:00,522.42
2020-12-18 13:00:00,467.17
2020-12-18 14:00:00,371.77
2020-12-18 15:00:00,210.62
2020-12-18 16:00:00,69.18
2020-12-18 17:00:00,0.0
2020-12-18 18:00:00,0.0
2020-12-18 19:00:00,0.0
2020-12-18 20:00:00,0.0
2020-12-18 21:00:00,0.0
2020-12-18 22:00:00,0.0
2020-12-18 23:00:00,0.0
2020-12-19 00:00:00,0.0
2020-12-19 01:00:00,0.0
2020-12-19 02:00:00,0.0
2020-12-19 03:00:00,0.0
2020-12-19 04:00:00,0.0
2020-12-19 05:00:00,0.0
2020-12-19 06:00:00,45.3
2020-12-19 07:00:00,161.27
2020-12-19 08:00:00,301.85
2020-12-19 09:00:00,446.8
2020-12-19 10:00:00,542.78
2020-12-19 11:00:00,658.67
2020-12-19 12:00:00,626.4
2020-12-19 13:00:00,555.78
2020-12-19 14:00:00,441.67
2020-12-19 15:00:00,256.52
2020-12-19 16:00:00,81.1
2020-12-19 17:00:00,0.0
2020-12-19 18:00:00,0.0
2020-12-19 19:00:00,0.0
2020-12-19 20:00:00,0.0
2020-12-19 21:00:00,0.0
2020-12-19 22:00:00,0.0
2020-12-19 23:00:00,0.0
2020-12-20 00:00:00,0.0
2020-12-20 01:00:00,0.0
2020-12-20 02:00:00,0.0
2020-12-20 03:00:00,0.0
2020-12-20 04:00:00,0.0
2020-12-20 05:00:00,0.0
2020-12-20 06:00:00,46.9
2020-12-20 07:00:00,207.15
2020-12-20 08:00:00,408.73
2020-12-20 09:00:00,568.88
2020-12-20 10:00:00,687.67
2020-12-20 11:00:00,771.05
2020-12-20 12:00:00,754.4
2020-12-20 13:00:00,656.78
2020-12-20 14:00:00,510.5
2020-12-20 15:00:00,297.7
2020-12-20 16:00:00,101.93
2020-12-20 17:00:00,0.0
2020-12-20 18:00:00,0.0
2020-12-20 19:00:00,0.0
2020-12-20 20:00:00,0.0
2020-12-20 21:00:00,0.0
2020-12-20 22:00:00,0.0
2020-12-20 23:00:00,0.0
2020-12-21 00:00:00,0.0
2020-12-21 01:00:00,0.0
2020-12-21 02:00:00,0.0
2020-12-21 03:00:00,0.0
2020-12-21 04:00:00,0.0
2020-12-21 05:00:00,0.0
2020-12-21 06:00:00,45.67
2020-12-21 07:00:00,181.6
2020-12-21 08:00:00,350.1
2020-12-21 09:00:00,547.47
2020-12-21 10:00:00,616.65
2020-12-21 11:00:00,710.22
2020-12-21 12:00:00,641.97
2020-12-21 13:00:00,641.75
2020-12-21 14:00:00,473.98
2020-12-21 15:00:00,283.02
2020-12-21 16:00:00,101.75
2020-12-21 17:00:00,0.0
2020-12-21 18:00:00,0.0
2020-12-21 19:00:00,0.0
2020-12-21 20:00:00,0.0
2020-12-21 21:00:00,0.0
2020-12-21 22:00:00,0.0
2020-12-21 23:00:00,0.0
2020-12-22 00:00:00,0.0
2020-12-22 01:00:00,0.0
2020-12-22 02:00:00,0.0
2020-12-22 03:00:00,0.0
2020-12-22 04:00:00,0.0
2020-12-22 05:00:00,0.0
2020-12-22 06:00:00,36.72
2020-12-22 07:00:00,140.73
2020-12-22 08:00:00,245.65
2020-12-22 09:00:00,389.05
2020-12-22 10:00:00,489.12
2020-12-22 11:00:00,619.83
2020-12-22 12:00:00,632.88
2020-12-22 13:00:00,576.67
2020-12-22 14:00:00,471.2
2020-12-22 15:00:00,280.5
2020-12-22 16:00:00,95.68
2020-12-22 17:00:00,0.0
2020-12-22 18:00:00,0.0
2020-12-22 19:00:00,0.0
2020-12-22 20:00:00,0.0
2020-12-22 21:00:00,0.0
2020-12-22 22:00:00,0.0
2020-12-22 23:00:00,0.0
2020-12-23 00:00:00,0.0
2020-12-23 01:00:00,0.0
2020-12-23 02:00:00,0.0
2020-12-23 03:00:00,0.0
2020-12-23 04:00:00,0.0
2020-12-23 05:00:00,0.0
2020-12-23 06:00:00,50.75
2020-12-23 07:00:00,216.48
2020-12-23 08:00:00,412.85
2020-12-23 09:00:00,581.83
2020-12-23 10:00:00,670.6
2020-12-23 11:00:00,726.62
2020-12-23 12:00:00,666.62
2020-12-23 13:00:00,538.7
2020-12-23 14:00:00,392.98
2020-12-23 15:00:00,229.32
2020-12-23 16:00:00,81.15
2020-12-23 17:00:00,0.0
2020-12-23 18:00:00,0.0
2020-12-23 19:00:00,0.0
2020-12-23 20:00:00,0.0
2020-12-23 21:00:00,0.0
2020-12-23 22:00:00,0.0
2020-12-23 23:00:00,0.0
2020-12-24 00:00:00,0.0
2020-12-24 01:00:00,0.0
2020-12-24 02:00:00,0.0
2020-12-24 03:00:00,0.0
2020-12-24 04:00:00,0.0
2020-12-24 05:00:00,0.0
2020-12-24 06:00:00,47.67
2020-12-24 07:00:00,197.02
2020-12-24 08:00:00,400.8
2020-12-24 09:00:00,582.47
2020-12-24 10:00:00,713.72
2020-12-24 11:00:00,787.65
2020-12-24 12:00:00,775.28
2020-12-24 13:00:00,677.65
2020-12-24 14:00:00,514.95
2020-12-24 15:00:00,304.65
2020-12-24 16:00:00,108.4
2020-12-24 17:00:00,0.0
2020-12-24 18:00:00,0.0
2020-12-24 19:00:00,0.0
2020-12-24 20:00:00,0.0
2020-12-24 21:00:00,0.0
2020-12-24 22:00:00,0.0
2020-12-24 23:00:00,0.0
2020-12-25 00:00:00,0.0
2020-12-25 01:00:00,0.0
2020-12-25 02:00:00,0.0
2020-12-25 03:00:00,0.0
2020-12-25 04:00:00,0.0
2020-12-25 05:00:00,0.0
2020-12-25 06:00:00,45.17
2020-12-25 07:00:00,200.68
2020-12-25 08:00:00,392.98
2020-12-25 09:00:00,566.05
2020-12-25 10:00:00,672.33
2020-12-25 11:00:00,799.8
2020-12-25 12:00:00,779.05
2020-12-25 13:00:00,579.72
2020-12-25 14:00:00,516.58
2020-12-25 15:00:00,309.98
2020-12-25 16:00:00,92.82
2020-12-25 17:00:00,0.0
2020-12-25 18:00:00,0.0
2020-12-25 19:00:00,0.0
2020-12-25 20:00:00,0.0
2020-12-25 21:00:00,0.0
2020-12-25 22:00:00,0.0
2020-12-25 23:00:00,0.0
2020-12-26 00:00:00,0.0
2020-12-26 01:00:00,0.0
2020-12-26 02:00:00,0.0
2020-12-26 03:00:00,0.0
2020-12-26 04:00:00,0.0
2020-12-26 05:00:00,0.0
2020-12-26 06:00:00,51.35
2020-12-26 07:00:00,228.57
2020-12-26 08:00:00,428.98
2020-12-26 09:00:00,620.5
2020-12-26 10:00:00,709.42
2020-12-26 11:00:00,745.8
2020-12-26 12:00:00,723.3
2020-12-26 13:00:00,680.85
2020-12-26 14:00:00,523.55
2020-12-26 15:00:00,322.73
2020-12-26 16:00:00,72.15
2020-12-26 17:00:00,0.0
2020-12-26 18:00:00,0.0
2020-12-26 19:00:00,0.0
2020-12-26 20:00:00,0.0
2020-12-26 21:00:00,0.0
2020-12-26 22:00:00,0.0
2020-12-26 23:00:00,0.0
2020-12-27 00:00:00,0.0
2020-12-27 01:00:00,0.0
2020-12-27 02:00:00,0.0
2020-12-27 03:00:00,0.0
2020-12-27 04:00:00,0.0
2020-12-27 05:00:00,0.0
2020-12-27 06:00:00,48.45
2020-12-27 07:00:00,209.07
2020-12-27 08:00:00,376.23
2020-12-27 09:00:00,548.33
2020-12-27 10:00:00,672.6
2020-12-27 11:00:00,705.97
2020-12-27 12:00:00,766.92
2020-12-27 13:00:00,651.72
2020-12-27 14:00:00,479.6
2020-12-27 15:00:00,295.75
2020-12-27 16:00:00,111.45
2020-12-27 17:00:00,0.0
2020-12-27 18:00:00,0.0
2020-12-27 19:00:00,0.0
2020-12-27 20:00:00,0.0
2020-12-27 21:00:00,0.0
2020-12-27 22:00:00,0.0
2020-12-27 23:00:00,0.0
2020-12-28 00:00:00,0.0
2020-12-28 01:00:00,0.0
2020-12-28 02:00:00,0.0
2020-12-28 03:00:00,0.0
2020-12-28 04:00:00,0.0
2020-12-28 05:00:00,0.0
2020-12-28 06:00:00,40.72
2020-12-28 07:00:00,179.43
2020-12-28 08:00:00,345.9
2020-12-28 09:00:00,512.6
2020-12-28 10:00:00,616.05
2020-12-28 11:00:00,702.15
2020-12-28 12:00:00,621.58
2020-12-28 13:00:00,548.03
2020-12-28 14:00:00,393.9
2020-12-28 15:00:00,228.73
2020-12-28 16:00:00,78.53
2020-12-28 17:00:00,2.9
2020-12-28 18:00:00,0.0
2020-12-28 19:00:00,0.0
2020-12-28 20:00:00,0.0
2020-12-28 21:00:00,0.0
2020-12-28 22:00:00,0.0
2020-12-28 23:00:00,0.0
2020-12-29 00:00:00,0.0
2020-12-29 01:00:00,0.0
2020-12-29 02:00:00,0.0
2020-12-29 03:00:00,0.0
2020-12-29 04:00:00,0.0
2020-12-29 05:00:00,0.0
2020-12-29 06:00:00,12.52
2020-12-29 07:00:00,84.62
2020-12-29 08:00:00,195.7
2020-12-29 09:00:00,338.45
2020-12-29 10:00:00,410.38
2020-12-29 11:00:00,486.5
2020-12-29 12:00:00,363.05
2020-12-29 13:00:00,315.1
2020-12-29 14:00:00,191.68
2020-12-29 15:00:00,93.85
2020-12-29 16:00:00,15.07
2020-12-29 17:00:00,1.38
2020-12-29 18:00:00,0.0
2020-12-29 19:00:00,0.0
2020-12-29 20:00:00,0.0
2020-12-29 21:00:00,0.0
2020-12-29 22:00:00,0.0
2020-12-29 23:00:00,0.0
2020-12-30 00:00:00,0.0
2020-12-30 01:00:00,0.0
2020-12-30 02:00:00,0.0
2020-12-30 03:00:00,0.0
2020-12-30 04:00:00,0.0
2020-12-30 05:00:00,0.0
2020-12-30 06:00:00,32.38
2020-12-30 07:00:00,151.55
2020-12-30 08:00:00,301.58
2020-12-30 09:00:00,371.08
2020-12-30 10:00:00,419.48
2020-12-30 11:00:00,485.92
2020-12-30 12:00:00,475.73
2020-12-30 13:00:00,435.23
2020-12-30 14:00:00,317.25
2020-12-30 15:00:00,189.0
2020-12-30 16:00:00,61.05
2020-12-30 17:00:00,2.35
2020-12-30 18:00:00,0.0
2020-12-30 19:00:00,0.0
2020-12-30 20:00:00,0.0
2020-12-30 21:00:00,0.0
2020-12-30 22:00:00,0.0
2020-12-30 23:00:00,0.0
2020-12-31 00:00:00,0.0
2020-12-31 01:00:00,0.0
2020-12-31 02:00:00,0.0
2020-12-31 03:00:00,0.0
2020-12-31 04:00:00,0.0
2020-12-31 05:00:00,0.0
2020-12-31 06:00:00,29.0
2020-12-31 07:00:00,155.88
2020-12-31 08:00:00,314.1
2020-12-31 09:00:00,502.42
2020-12-31 10:00:00,674.28
2020-12-31 11:00:00,735.55
2020-12-31 12:00:00,720.25
2020-12-31 13:00:00,650.75
2020-12-31 14:00:00,478.8
2020-12-31 15:00:00,273.75
2020-12-31 16:00:00,88.18
2020-12-31 17:00:00,3.1
2020-12-31 18:00:00,0.0
2020-12-31 19:00:00,0.0
2020-12-31 20:00:00,0.0
2020-12-31 21:00:00,0.0
2020-12-31 22:00:00,0.0
2020-12-31 23:00:00,0.0
