timestamp,ghi
2016-01-01 00:00:00,0.0
2016-01-01 01:00:00,0.0
2016-01-01 02:00:00,0.0
2016-01-01 03:00:00,0.0
2016-01-01 04:00:00,0.0
2016-01-01 05:00:00,0.0
2016-01-01 06:00:00,45.03
2016-01-01 07:00:00,186.25
2016-01-01 08:00:00,370.25
2016-01-01 09:00:00,537.3
2016-01-01 10:00:00,631.95
2016-01-01 11:00:00,669.65
2016-01-01 12:00:00,663.88
2016-01-01 13:00:00,594.42
2016-01-01 14:00:00,470.55
2016-01-01 15:00:00,280.5
2016-01-01 16:00:00,96.75
2016-01-01 17:00:00,3.6
2016-01-01 18:00:00,0.0
2016-01-01 19:00:00,0.0
2016-01-01 20:00:00,0.0
2016-01-01 21:00:00,0.0
2016-01-01 22:00:00,0.0
2016-01-01 23:00:00,0.0
2016-01-02 00:00:00,0.0
2016-01-02 01:00:00,0.0
2016-01-02 02:00:00,0.0
2016-01-02 03:00:00,0.0
2016-01-02 04:00:00,0.0
2016-01-02 05:00:00,0.0
2016-01-02 06:00:00,48.47
2016-01-02 07:00:00,232.88
2016-01-02 08:00:00,425.6
2016-01-02 09:00:00,619.9
2016-01-02 10:00:00,741.67
2016-01-02 11:00:00,778.2
2016-01-02 12:00:00,738.8
2016-01-02 13:00:00,659.03
2016-01-02 14:00:00,511.8
2016-01-02 15:00:00,314.0
2016-01-02 16:00:00,108.3
2016-01-02 17:00:00,3.7
2016-01-02 18:00:00,0.0
2016-01-02 19:00:00,0.0
2016-01-02 20:00:00,0.0
2016-01-02 21:00:00,0.0
2016-01-02 22:00:00,0.0
2016-01-02 23:00:00,0.0
2016-01-03 00:00:00,0.0
2016-01-03 01:00:00,0.0
2016-01-03 02:00:00,0.0
2016-01-03 03:00:00,0.0
2016-01-03 04:00:00,0.0
2016-01-03 05:00:00,0.0
2016-01-03 06:00:00,43.03
2016-01-03 07:00:00,225.55
2016-01-03 08:00:00,433.4
2016-01-03 09:00:00,614.45
2016-01-03 10:00:00,749.8
2016-01-03 11:00:00,795.2
2016-01-03 12:00:00,769.95
2016-01-03 13:00:00,679.53
2016-01-03 14:00:00,520.92
2016-01-03 15:00:00,317.92
2016-01-03 16:00:00,110.15
2016-01-03 17:00:00,3.92
2016-01-03 18:00:00,0.0
2016-01-03 19:00:00,0.0
2016-01-03 20:00:00,0.0
2016-01-03 21:00:00,0.0
2016-01-03 22:00:00,0.0
2016-01-03 23:00:00,0.0
2016-01-04 00:00:00,0.0
2016-01-04 01:00:00,0.0
2016-01-04 02:00:00,0.0
2016-01-04 03:00:00,0.0
2016-01-04 04:00:00,0.0
2016-01-04 05:00:00,0.0
2016-01-04 06:00:00,42.35
2016-01-04 07:00:00,224.6
2016-01-04 08:00:00,432.0
2016-01-04 09:00:00,610.17
2016-01-04 10:00:00,724.3
2016-01-04 11:00:00,791.83
2016-01-04 12:00:00,739.8
2016-01-04 13:00:00,665.62
2016-01-04 14:00:00,512.4
2016-01-04 15:00:00,314.02
2016-01-04 16:00:00,109.75
2016-01-04 17:00:00,4.1
2016-01-04 18:00:00,0.0
2016-01-04 19:00:00,0.0
2016-01-04 20:00:00,0.0
2016-01-04 21:00:00,0.0
2016-01-04 22:00:00,0.0
2016-01-04 23:00:00,0.0
2016-01-05 00:00:00,0.0
2016-01-05 01:00:00,0.0
2016-01-05 02:00:00,0.0
2016-01-05 03:00:00,0.0
2016-01-05 04:00:00,0.0
2016-01-05 05:00:00,0.0
2016-01-05 06:00:00,41.33
2016-01-05 07:00:00,208.62
2016-01-05 08:00:00,405.1
2016-01-05 09:00:00,584.72
2016-01-05 10:00:00,719.97
2016-01-05 11:00:00,747.33
2016-01-05 12:00:00,728.47
2016-01-05 13:00:00,658.1
2016-01-05 14:00:00,481.25
2016-01-05 15:00:00,292.98
2016-01-05 16:00:00,102.82
2016-01-05 17:00:00,4.15
2016-01-05 18:00:00,0.0
2016-01-05 19:00:00,0.0
2016-01-05 20:00:00,0.0
2016-01-05 21:00:00,0.0
2016-01-05 22:00:00,0.0
2016-01-05 23:00:00,0.0
2016-01-06 00:00:00,0.0
2016-01-06 01:00:00,0.0
2016-01-06 02:00:00,0.0
2016-01-06 03:00:00,0.0
2016-01-06 04:00:00,0.0
2016-01-06 05:00:00,0.0
2016-01-06 06:00:00,39.58
2016-01-06 07:00:00,216.45
2016-01-06 08:00:00,419.6
2016-01-06 09:00:00,596.75
2016-01-06 10:00:00,705.95
2016-01-06 11:00:00,780.03
2016-01-06 12:00:00,746.35
2016-01-06 13:00:00,635.22
2016-01-06 14:00:00,453.62
2016-01-06 15:00:00,280.05
2016-01-06 16:00:00,103.88
2016-01-06 17:00:00,4.53
2016-01-06 18:00:00,0.0
2016-01-06 19:00:00,0.0
2016-01-06 20:00:00,0.0
2016-01-06 21:00:00,0.0
2016-01-06 22:00:00,0.0
2016-01-06 23:00:00,0.0
2016-01-07 00:00:00,0.0
2016-01-07 01:00:00,0.0
2016-01-07 02:00:00,0.0
2016-01-07 03:00:00,0.0
2016-01-07 04:00:00,0.0
2016-01-07 05:00:00,0.0
2016-01-07 06:00:00,41.25
2016-01-07 07:00:00,223.18
2016-01-07 08:00:00,432.02
2016-01-07 09:00:00,621.2
2016-01-07 10:00:00,745.28
2016-01-07 11:00:00,804.22
2016-01-07 12:00:00,787.88
2016-01-07 13:00:00,686.5
2016-01-07 14:00:00,540.33
2016-01-07 15:00:00,341.77
2016-01-07 16:00:00,128.82
2016-01-07 17:00:00,5.3
2016-01-07 18:00:00,0.0
2016-01-07 19:00:00,0.0
2016-01-07 20:00:00,0.0
2016-01-07 21:00:00,0.0
2016-01-07 22:00:00,0.0
2016-01-07 23:00:00,0.0
2016-01-08 00:00:00,0.0
2016-01-08 01:00:00,0.0
2016-01-08 02:00:00,0.0
2016-01-08 03:00:00,0.0
2016-01-08 04:00:00,0.0
2016-01-08 05:00:00,0.0
2016-01-08 06:00:00,32.92
2016-01-08 07:00:00,173.65
2016-01-08 08:00:00,361.77
2016-01-08 09:00:00,516.38
2016-01-08 10:00:00,603.95
2016-01-08 11:00:00,736.33
2016-01-08 12:00:00,725.95
2016-01-08 13:00:00,638.58
2016-01-08 14:00:00,494.5
2016-01-08 15:00:00,303.98
2016-01-08 16:00:00,114.95
2016-01-08 17:00:00,5.25
2016-01-08 18:00:00,0.0
2016-01-08 19:00:00,0.0
2016-01-08 20:00:00,0.0
2016-01-08 21:00:00,0.0
2016-01-08 22:00:00,0.0
2016-01-08 23:00:00,0.0
2016-01-09 00:00:00,0.0
2016-01-09 01:00:00,0.0
2016-01-09 02:00:00,0.0
2016-01-09 03:00:00,0.0
2016-01-09 04:00:00,0.0
2016-01-09 05:00:00,0.0
2016-01-09 06:00:00,40.88
2016-01-09 07:00:00,221.27
2016-01-09 08:00:00,420.0
2016-01-09 09:00:00,570.47
2016-01-09 10:00:00,733.3
2016-01-09 11:00:00,781.45
2016-01-09 12:00:00,769.53
2016-01-09 13:00:00,681.3
2016-01-09 14:00:00,529.97
2016-01-09 15:00:00,331.33
2016-01-09 16:00:00,122.93
2016-01-09 17:00:00,5.62
2016-01-09 18:00:00,0.0
2016-01-09 19:00:00,0.0
2016-01-09 20:00:00,0.0
2016-01-09 21:00:00,0.0
2016-01-09 22:00:00,0.0
2016-01-09 23:00:00,0.0
2016-01-10 00:00:00,0.0
2016-01-10 01:00:00,0.0
2016-01-10 02:00:00,0.0
2016-01-10 03:00:00,0.0
2016-01-10 04:00:00,0.0
2016-01-10 05:00:00,0.0
2016-01-10 06:00:00,40.1
2016-01-10 07:00:00,231.38
2016-01-10 08:00:00,459.17
2016-01-10 09:00:00,623.08
2016-01-10 10:00:00,782.05
2016-01-10 11:00:00,818.9
2016-01-10 12:00:00,797.95
2016-01-10 13:00:00,726.22
2016-01-10 14:00:00,551.8
2016-01-10 15:00:00,351.52
2016-01-10 16:00:00,135.05
2016-01-10 17:00:00,6.22
2016-01-10 18:00:00,0.0
2016-01-10 19:00:00,0.0
2016-01-10 20:00:00,0.0
2016-01-10 21:00:00,0.0
2016-01-10 22:00:00,0.0
2016-01-10 23:00:00,0.0
2016-01-11 00:00:00,0.0
2016-01-11 01:00:00,0.0
2016-01-11 02:00:00,0.0
2016-01-11 03:00:00,0.0
2016-01-11 04:00:00,0.0
2016-01-11 05:00:00,0.0
2016-01-11 06:00:00,42.22
2016-01-11 07:00:00,230.1
2016-01-11 08:00:00,438.75
2016-01-11 09:00:00,630.22
2016-01-11 10:00:00,748.8
2016-01-11 11:00:00,795.1
2016-01-11 12:00:00,755.83
2016-01-11 13:00:00,675.17
2016-01-11 14:00:00,527.6
2016-01-11 15:00:00,332.8
2016-01-11 16:00:00,126.57
2016-01-11 17:00:00,6.12
2016-01-11 18:00:00,0.0
2016-01-11 19:00:00,0.0
2016-01-11 20:00:00,0.0
2016-01-11 21:00:00,0.0
2016-01-11 22:00:00,0.0
2016-01-11 23:00:00,0.0
2016-01-12 00:00:00,0.0
2016-01-12 01:00:00,0.0
2016-01-12 02:00:00,0.0
2016-01-12 03:00:00,0.0
2016-01-12 04:00:00,0.0
2016-01-12 05:00:00,0.0
2016-01-12 06:00:00,41.03
2016-01-12 07:00:00,227.9
2016-01-12 08:00:00,436.62
2016-01-12 09:00:00,626.62
2016-01-12 10:00:00,689.12
2016-01-12 11:00:00,792.7
2016-01-12 12:00:00,768.65
2016-01-12 13:00:00,696.15
2016-01-12 14:00:00,509.35
2016-01-12 15:00:00,318.45
2016-01-12 16:00:00,119.15
2016-01-12 17:00:00,6.3
2016-01-12 18:00:00,0.0
2016-01-12 19:00:00,0.0
2016-01-12 20:00:00,0.0
2016-01-12 21:00:00,0.0
2016-01-12 22:00:00,0.0
2016-01-12 23:00:00,0.0
2016-01-13 00:00:00,0.0
2016-01-13 01:00:00,0.0
2016-01-13 02:00:00,0.0
2016-01-13 03:00:00,0.0
2016-01-13 04:00:00,0.0
2016-01-13 05:00:00,0.0
2016-01-13 06:00:00,38.33
2016-01-13 07:00:00,189.25
2016-01-13 08:00:00,345.23
2016-01-13 09:00:00,546.78
2016-01-13 10:00:00,620.88
2016-01-13 11:00:00,657.9
2016-01-13 12:00:00,670.65
2016-01-13 13:00:00,481.5
2016-01-13 14:00:00,389.33
2016-01-13 15:00:00,236.82
2016-01-13 16:00:00,94.25
2016-01-13 17:00:00,6.72
2016-01-13 18:00:00,0.0
2016-01-13 19:00:00,0.0
2016-01-13 20:00:00,0.0
2016-01-13 21:00:00,0.0
2016-01-13 22:00:00,0.0
2016-01-13 23:00:00,0.0
2016-01-14 00:00:00,0.0
2016-01-14 01:00:00,0.0
2016-01-14 02:00:00,0.0
2016-01-14 03:00:00,0.0
2016-01-14 04:00:00,0.0
2016-01-14 05:00:00,0.0
2016-01-14 06:00:00,35.28
2016-01-14 07:00:00,205.57
2016-01-14 08:00:00,415.95
2016-01-14 09:00:00,598.78
2016-01-14 10:00:00,704.88
2016-01-14 11:00:00,782.75
2016-01-14 12:00:00,766.8
2016-01-14 13:00:00,671.85
2016-01-14 14:00:00,529.65
2016-01-14 15:00:00,336.27
2016-01-14 16:00:00,130.05
2016-01-14 17:00:00,6.97
2016-01-14 18:00:00,0.0
2016-01-14 19:00:00,0.0
2016-01-14 20:00:00,0.0
2016-01-14 21:00:00,0.0
2016-01-14 22:00:00,0.0
2016-01-14 23:00:00,0.0
2016-01-15 00:00:00,0.0
2016-01-15 01:00:00,0.0
2016-01-15 02:00:00,0.0
2016-01-15 03:00:00,0.0
2016-01-15 04:00:00,0.0
2016-01-15 05:00:00,0.0
2016-01-15 06:00:00,35.28
2016-01-15 07:00:00,195.38
2016-01-15 08:00:00,399.25
2016-01-15 09:00:00,548.47
2016-01-15 10:00:00,678.25
2016-01-15 11:00:00,599.08
2016-01-15 12:00:00,662.22
2016-01-15 13:00:00,657.33
2016-01-15 14:00:00,517.92
2016-01-15 15:00:00,322.4
2016-01-15 16:00:00,124.5
2016-01-15 17:00:00,7.28
2016-01-15 18:00:00,0.0
2016-01-15 19:00:00,0.0
2016-01-15 20:00:00,0.0
2016-01-15 21:00:00,0.0
2016-01-15 22:00:00,0.0
2016-01-15 23:00:00,0.0
2016-01-16 00:00:00,0.0
2016-01-16 01:00:00,0.0
2016-01-16 02:00:00,0.0
2016-01-16 03:00:00,0.0
2016-01-16 04:00:00,0.0
2016-01-16 05:00:00,0.0
2016-01-16 06:00:00,38.03
2016-01-16 07:00:00,223.73
2016-01-16 08:00:00,436.9
2016-01-16 09:00:00,619.22
2016-01-16 10:00:00,758.12
2016-01-16 11:00:00,812.5
2016-01-16 12:00:00,749.85
2016-01-16 13:00:00,700.92
2016-01-16 14:00:00,550.03
2016-01-16 15:00:00,341.83
2016-01-16 16:00:00,135.07
2016-01-16 17:00:00,7.85
2016-01-16 18:00:00,0.0
2016-01-16 19:00:00,0.0
2016-01-16 20:00:00,0.0
2016-01-16 21:00:00,0.0
2016-01-16 22:00:00,0.0
2016-01-16 23:00:00,0.0
2016-01-17 00:00:00,0.0
2016-01-17 01:00:00,0.0
2016-01-17 02:00:00,0.0
2016-01-17 03:00:00,0.0
2016-01-17 04:00:00,0.0
2016-01-17 05:00:00,0.0
2016-01-17 06:00:00,30.23
2016-01-17 07:00:00,155.8
2016-01-17 08:00:00,326.42
2016-01-17 09:00:00,469.12
2016-01-17 10:00:00,589.5
2016-01-17 11:00:00,699.72
2016-01-17 12:00:00,696.3
2016-01-17 13:00:00,610.38
2016-01-17 14:00:00,478.73
2016-01-17 15:00:00,295.83
2016-01-17 16:00:00,117.57
2016-01-17 17:00:00,7.8
2016-01-17 18:00:00,0.0
2016-01-17 19:00:00,0.0
2016-01-17 20:00:00,0.0
2016-01-17 21:00:00,0.0
2016-01-17 22:00:00,0.0
2016-01-17 23:00:00,0.0
2016-01-18 00:00:00,0.0
2016-01-18 01:00:00,0.0
2016-01-18 02:00:00,0.0
2016-01-18 03:00:00,0.0
2016-01-18 04:00:00,0.0
2016-01-18 05:00:00,0.0
2016-01-18 06:00:00,32.08
2016-01-18 07:00:00,180.6
2016-01-18 08:00:00,375.67
2016-01-18 09:00:00,537.15
2016-01-18 10:00:00,660.7
2016-01-18 11:00:00,739.12
2016-01-18 12:00:00,713.9
2016-01-18 13:00:00,652.62
2016-01-18 14:00:00,529.8
2016-01-18 15:00:00,339.75
2016-01-18 16:00:00,136.52
2016-01-18 17:00:00,8.43
2016-01-18 18:00:00,0.0
2016-01-18 19:00:00,0.0
2016-01-18 20:00:00,0.0
2016-01-18 21:00:00,0.0
2016-01-18 22:00:00,0.0
2016-01-18 23:00:00,0.0
2016-01-19 00:00:00,0.0
2016-01-19 01:00:00,0.0
2016-01-19 02:00:00,0.0
2016-01-19 03:00:00,0.0
2016-01-19 04:00:00,0.0
2016-01-19 05:00:00,0.0
2016-01-19 06:00:00,29.6
2016-01-19 07:00:00,183.62
2016-01-19 08:00:00,390.67
2016-01-19 09:00:00,545.47
2016-01-19 10:00:00,679.03
2016-01-19 11:00:00,690.1
2016-01-19 12:00:00,662.8
2016-01-19 13:00:00,593.62
2016-01-19 14:00:00,372.6
2016-01-19 15:00:00,232.68
2016-01-19 16:00:00,92.82
2016-01-19 17:00:00,5.7
2016-01-19 18:00:00,0.0
2016-01-19 19:00:00,0.0
2016-01-19 20:00:00,0.0
2016-01-19 21:00:00,0.0
2016-01-19 22:00:00,0.0
2016-01-19 23:00:00,0.0
2016-01-20 00:00:00,0.0
2016-01-20 01:00:00,0.0
2016-01-20 02:00:00,0.0
2016-01-20 03:00:00,0.0
2016-01-20 04:00:00,0.0
2016-01-20 05:00:00,0.0
2016-01-20 06:00:00,26.73
2016-01-20 07:00:00,157.7
2016-01-20 08:00:00,325.62
2016-01-20 09:00:00,465.42
2016-01-20 10:00:00,546.2
2016-01-20 11:00:00,575.17
2016-01-20 12:00:00,528.7
2016-01-20 13:00:00,453.4
2016-01-20 14:00:00,387.7
2016-01-20 15:00:00,234.35
2016-01-20 16:00:00,90.55
2016-01-20 17:00:00,6.97
2016-01-20 18:00:00,0.0
2016-01-20 19:00:00,0.0
2016-01-20 20:00:00,0.0
2016-01-20 21:00:00,0.0
2016-01-20 22:00:00,0.0
2016-01-20 23:00:00,0.0
2016-01-21 00:00:00,0.0
2016-01-21 01:00:00,0.0
2016-01-21 02:00:00,0.0
2016-01-21 03:00:00,0.0
2016-01-21 04:00:00,0.0
2016-01-21 05:00:00,0.0
2016-01-21 06:00:00,22.38
2016-01-21 07:00:00,141.52
2016-01-21 08:00:00,310.7
2016-01-21 09:00:00,518.75
2016-01-21 10:00:00,637.88
2016-01-21 11:00:00,740.38
2016-01-21 12:00:00,733.55
2016-01-21 13:00:00,670.8
2016-01-21 14:00:00,523.4
2016-01-21 15:00:00,332.67
2016-01-21 16:00:00,131.25
2016-01-21 17:00:00,8.57
2016-01-21 18:00:00,0.0
2016-01-21 19:00:00,0.0
2016-01-21 20:00:00,0.0
2016-01-21 21:00:00,0.0
2016-01-21 22:00:00,0.0
2016-01-21 23:00:00,0.0
2016-01-22 00:00:00,0.0
2016-01-22 01:00:00,0.0
2016-01-22 02:00:00,0.0
2016-01-22 03:00:00,0.0
2016-01-22 04:00:00,0.0
2016-01-22 05:00:00,0.0
2016-01-22 06:00:00,25.35
2016-01-22 07:00:00,150.38
2016-01-22 08:00:00,326.48
2016-01-22 09:00:00,474.55
2016-01-22 10:00:00,573.12
2016-01-22 11:00:00,524.65
2016-01-22 12:00:00,497.55
2016-01-22 13:00:00,568.58
2016-01-22 14:00:00,373.27
2016-01-22 15:00:00,218.18
2016-01-22 16:00:00,94.15
2016-01-22 17:00:00,7.32
2016-01-22 18:00:00,0.0
2016-01-22 19:00:00,0.0
2016-01-22 20:00:00,0.0
2016-01-22 21:00:00,0.0
2016-01-22 22:00:00,0.0
2016-01-22 23:00:00,0.0
2016-01-23 00:00:00,0.0
2016-01-23 01:00:00,0.0
2016-01-23 02:00:00,0.0
2016-01-23 03:00:00,0.0
2016-01-23 04:00:00,0.0
2016-01-23 05:00:00,0.0
2016-01-23 06:00:00,20.92
2016-01-23 07:00:00,108.38
2016-01-23 08:00:00,217.27
2016-01-23 09:00:00,412.65
2016-01-23 10:00:00,496.38
2016-01-23 11:00:00,473.33
2016-01-23 12:00:00,357.62
2016-01-23 13:00:00,302.55
2016-01-23 14:00:00,275.0
2016-01-23 15:00:00,182.82
2016-01-23 16:00:00,89.65
2016-01-23 17:00:00,8.15
2016-01-23 18:00:00,0.0
2016-01-23 19:00:00,0.0
2016-01-23 20:00:00,0.0
2016-01-23 21:00:00,0.0
2016-01-23 22:00:00,0.0
2016-01-23 23:00:00,0.0
2016-01-24 00:00:00,0.0
2016-01-24 01:00:00,0.0
2016-01-24 02:00:00,0.0
2016-01-24 03:00:00,0.0
2016-01-24 04:00:00,0.0
2016-01-24 05:00:00,0.0
2016-01-24 06:00:00,29.3
2016-01-24 07:00:00,168.35
2016-01-24 08:00:00,359.17
2016-01-24 09:00:00,535.4
2016-01-24 10:00:00,666.72
2016-01-24 11:00:00,725.65
2016-01-24 12:00:00,715.7
2016-01-24 13:00:00,631.28
2016-01-24 14:00:00,495.85
2016-01-24 15:00:00,319.73
2016-01-24 16:00:00,133.32
2016-01-24 17:00:00,9.93
2016-01-24 18:00:00,0.0
2016-01-24 19:00:00,0.0
2016-01-24 20:00:00,0.0
2016-01-24 21:00:00,0.0
2016-01-24 22:00:00,0.0
2016-01-24 23:00:00,0.0
2016-01-25 00:00:00,0.0
2016-01-25 01:00:00,0.0
2016-01-25 02:00:00,0.0
2016-01-25 03:00:00,0.0
2016-01-25 04:00:00,0.0
2016-01-25 05:00:00,0.0
2016-01-25 06:00:00,30.4
2016-01-25 07:00:00,179.75
2016-01-25 08:00:00,367.4
2016-01-25 09:00:00,564.83
2016-01-25 10:00:00,671.22
2016-01-25 11:00:00,734.47
2016-01-25 12:00:00,698.85
2016-01-25 13:00:00,648.17
2016-01-25 14:00:00,516.58
2016-01-25 15:00:00,324.08
2016-01-25 16:00:00,126.38
2016-01-25 17:00:00,9.6
2016-01-25 18:00:00,0.0
2016-01-25 19:00:00,0.0
2016-01-25 20:00:00,0.0
2016-01-25 21:00:00,0.0
2016-01-25 22:00:00,0.0
2016-01-25 23:00:00,0.0
2016-01-26 00:00:00,0.0
2016-01-26 01:00:00,0.0
2016-01-26 02:00:00,0.0
2016-01-26 03:00:00,0.0
2016-01-26 04:00:00,0.0
2016-01-26 05:00:00,0.0
2016-01-26 06:00:00,29.42
2016-01-26 07:00:00,175.77
2016-01-26 08:00:00,360.12
2016-01-26 09:00:00,524.95
2016-01-26 10:00:00,678.53
2016-01-26 11:00:00,761.08
2016-01-26 12:00:00,753.7
2016-01-26 13:00:00,690.0
2016-01-26 14:00:00,537.97
2016-01-26 15:00:00,344.1
2016-01-26 16:00:00,139.43
2016-01-26 17:00:00,10.57
2016-01-26 18:00:00,0.0
2016-01-26 19:00:00,0.0
2016-01-26 20:00:00,0.0
2016-01-26 21:00:00,0.0
2016-01-26 22:00:00,0.0
2016-01-26 23:00:00,0.0
2016-01-27 00:00:00,0.0
2016-01-27 01:00:00,0.0
2016-01-27 02:00:00,0.0
2016-01-27 03:00:00,0.0
2016-01-27 04:00:00,0.0
2016-01-27 05:00:00,0.0
2016-01-27 06:00:00,29.83
2016-01-27 07:00:00,185.15
2016-01-27 08:00:00,383.23
2016-01-27 09:00:00,566.95
2016-01-27 10:00:00,678.38
2016-01-27 11:00:00,823.72
2016-01-27 12:00:00,794.65
2016-01-27 13:00:00,713.92
2016-01-27 14:00:00,557.5
2016-01-27 15:00:00,363.9
2016-01-27 16:00:00,149.5
2016-01-27 17:00:00,11.5
2016-01-27 18:00:00,0.0
2016-01-27 19:00:00,0.0
2016-01-27 20:00:00,0.0
2016-01-27 21:00:00,0.0
2016-01-27 22:00:00,0.0
2016-01-27 23:00:00,0.0
2016-01-28 00:00:00,0.0
2016-01-28 01:00:00,0.0
2016-01-28 02:00:00,0.0
2016-01-28 03:00:00,0.0
2016-01-28 04:00:00,0.0
2016-01-28 05:00:00,0.0
2016-01-28 06:00:00,31.88
2016-01-28 07:00:00,195.18
2016-01-28 08:00:00,405.02
2016-01-28 09:00:00,597.65
2016-01-28 10:00:00,749.1
2016-01-28 11:00:00,830.17
2016-01-28 12:00:00,817.55
2016-01-28 13:00:00,747.88
2016-01-28 14:00:00,581.35
2016-01-28 15:00:00,381.45
2016-01-28 16:00:00,162.23
2016-01-28 17:00:00,12.77
2016-01-28 18:00:00,0.0
2016-01-28 19:00:00,0.0
2016-01-28 20:00:00,0.0
2016-01-28 21:00:00,0.0
2016-01-28 22:00:00,0.0
2016-01-28 23:00:00,0.0
2016-01-29 00:00:00,0.0
2016-01-29 01:00:00,0.0
2016-01-29 02:00:00,0.0
2016-01-29 03:00:00,0.0
2016-01-29 04:00:00,0.0
2016-01-29 05:00:00,0.0
2016-01-29 06:00:00,33.22
2016-01-29 07:00:00,205.0
2016-01-29 08:00:00,419.6
2016-01-29 09:00:00,614.97
2016-01-29 10:00:00,733.72
2016-01-29 11:00:00,834.53
2016-01-29 12:00:00,818.22
2016-01-29 13:00:00,729.62
2016-01-29 14:00:00,575.38
2016-01-29 15:00:00,373.83
2016-01-29 16:00:00,157.25
2016-01-29 17:00:00,12.77
2016-01-29 18:00:00,0.0
2016-01-29 19:00:00,0.0
2016-01-29 20:00:00,0.0
2016-01-29 21:00:00,0.0
2016-01-29 22:00:00,0.0
2016-01-29 23:00:00,0.0
2016-01-30 00:00:00,0.0
2016-01-30 01:00:00,0.0
2016-01-30 02:00:00,0.0
2016-01-30 03:00:00,0.0
2016-01-30 04:00:00,0.0
2016-01-30 05:00:00,0.0
2016-01-30 06:00:00,32.97
2016-01-30 07:00:00,190.52
2016-01-30 08:00:00,389.75
2016-01-30 09:00:00,603.08
2016-01-30 10:00:00,720.75
2016-01-30 11:00:00,818.03
2016-01-30 12:00:00,823.4
2016-01-30 13:00:00,727.2
2016-01-30 14:00:00,590.35
2016-01-30 15:00:00,389.42
2016-01-30 16:00:00,169.98
2016-01-30 17:00:00,14.15
2016-01-30 18:00:00,0.0
2016-01-30 19:00:00,0.0
2016-01-30 20:00:00,0.0
2016-01-30 21:00:00,0.0
2016-01-30 22:00:00,0.0
2016-01-30 23:00:00,0.0
2016-01-31 00:00:00,0.0
2016-01-31 01:00:00,0.0
2016-01-31 02:00:00,0.0
2016-01-31 03:00:00,0.0
2016-01-31 04:00:00,0.0
2016-01-31 05:00:00,0.0
2016-01-31 06:00:00,38.95
2016-01-31 07:00:00,223.18
2016-01-31 08:00:00,441.65
2016-01-31 09:00:00,645.12
2016-01-31 10:00:00,780.6
2016-01-31 11:00:00,821.35
2016-01-31 12:00:00,767.15
2016-01-31 13:00:00,727.3
2016-01-31 14:00:00,563.78
2016-01-31 15:00:00,365.15
2016-01-31 16:00:00,156.18
2016-01-31 17:00:00,16.33
2016-01-31 18:00:00,0.0
2016-01-31 19:00:00,0.0
2016-01-31 20:00:00,0.0
2016-01-31 21:00:00,0.0
2016-01-31 22:00:00,0.0
2016-01-31 23:00:00,0.0
2016-02-01 00:00:00,0.0
2016-02-01 01:00:00,0.0
2016-02-01 02:00:00,0.0
2016-02-01 03:00:00,0.0
2016-02-01 04:00:00,0.0
2016-02-01 05:00:00,0.0
2016-02-01 06:00:00,42.12
2016-02-01 07:00:00,233.23
2016-02-01 08:00:00,463.0
2016-02-01 09:00:00,666.88
2016-02-01 10:00:00,821.28
2016-02-01 11:00:00,832.33
2016-02-01 12:00:00,847.1
2016-02-01 13:00:00,760.42
2016-02-01 14:00:00,606.25
2016-02-01 15:00:00,393.75
2016-02-01 16:00:00,179.7
2016-02-01 17:00:00,16.35
2016-02-01 18:00:00,0.0
2016-02-01 19:00:00,0.0
2016-02-01 20:00:00,0.0
2016-02-01 21:00:00,0.0
2016-02-01 22:00:00,0.0
2016-02-01 23:00:00,0.0
2016-02-02 00:00:00,0.0
2016-02-02 01:00:00,0.0
2016-02-02 02:00:00,0.0
2016-02-02 03:00:00,0.0
2016-02-02 04:00:00,0.0
2016-02-02 05:00:00,0.0
2016-02-02 06:00:00,46.7
2016-02-02 07:00:00,243.73
2016-02-02 08:00:00,469.25
2016-02-02 09:00:00,624.12
2016-02-02 10:00:00,827.55
2016-02-02 11:00:00,829.0
2016-02-02 12:00:00,832.15
2016-02-02 13:00:00,760.47
2016-02-02 14:00:00,610.75
2016-02-02 15:00:00,407.33
2016-02-02 16:00:00,182.35
2016-02-02 17:00:00,16.42
2016-02-02 18:00:00,0.0
2016-02-02 19:00:00,0.0
2016-02-02 20:00:00,0.0
2016-02-02 21:00:00,0.0
2016-02-02 22:00:00,0.0
2016-02-02 23:00:00,0.0
2016-02-03 00:00:00,0.0
2016-02-03 01:00:00,0.0
2016-02-03 02:00:00,0.0
2016-02-03 03:00:00,0.0
2016-02-03 04:00:00,0.0
2016-02-03 05:00:00,0.0
2016-02-03 06:00:00,42.12
2016-02-03 07:00:00,219.75
2016-02-03 08:00:00,451.6
2016-02-03 09:00:00,648.97
2016-02-03 10:00:00,803.03
2016-02-03 11:00:00,843.67
2016-02-03 12:00:00,698.72
2016-02-03 13:00:00,742.62
2016-02-03 14:00:00,597.3
2016-02-03 15:00:00,394.95
2016-02-03 16:00:00,174.52
2016-02-03 17:00:00,15.52
2016-02-03 18:00:00,0.0
2016-02-03 19:00:00,0.0
2016-02-03 20:00:00,0.0
2016-02-03 21:00:00,0.0
2016-02-03 22:00:00,0.0
2016-02-03 23:00:00,0.0
2016-02-04 00:00:00,0.0
2016-02-04 01:00:00,0.0
2016-02-04 02:00:00,0.0
2016-02-04 03:00:00,0.0
2016-02-04 04:00:00,0.0
2016-02-04 05:00:00,0.0
2016-02-04 06:00:00,39.67
2016-02-04 07:00:00,227.4
2016-02-04 08:00:00,445.3
2016-02-04 09:00:00,643.95
2016-02-04 10:00:00,733.35
2016-02-04 11:00:00,830.72
2016-02-04 12:00:00,816.03
2016-02-04 13:00:00,727.85
2016-02-04 14:00:00,581.58
2016-02-04 15:00:00,373.85
2016-02-04 16:00:00,159.07
2016-02-04 17:00:00,14.8
2016-02-04 18:00:00,0.0
2016-02-04 19:00:00,0.0
2016-02-04 20:00:00,0.0
2016-02-04 21:00:00,0.0
2016-02-04 22:00:00,0.0
2016-02-04 23:00:00,0.0
2016-02-05 00:00:00,0.0
2016-02-05 01:00:00,0.0
2016-02-05 02:00:00,0.0
2016-02-05 03:00:00,0.0
2016-02-05 04:00:00,0.0
2016-02-05 05:00:00,0.0
2016-02-05 06:00:00,39.08
2016-02-05 07:00:00,194.6
2016-02-05 08:00:00,423.33
2016-02-05 09:00:00,610.78
2016-02-05 10:00:00,716.17
2016-02-05 11:00:00,809.15
2016-02-05 12:00:00,798.62
2016-02-05 13:00:00,607.67
2016-02-05 14:00:00,562.83
2016-02-05 15:00:00,344.02
2016-02-05 16:00:00,154.12
2016-02-05 17:00:00,14.93
2016-02-05 18:00:00,0.0
2016-02-05 19:00:00,0.0
2016-02-05 20:00:00,0.0
2016-02-05 21:00:00,0.0
2016-02-05 22:00:00,0.0
2016-02-05 23:00:00,0.0
2016-02-06 00:00:00,0.0
2016-02-06 01:00:00,0.0
2016-02-06 02:00:00,0.0
2016-02-06 03:00:00,0.0
2016-02-06 04:00:00,0.0
2016-02-06 05:00:00,0.0
2016-02-06 06:00:00,34.05
2016-02-06 07:00:00,190.52
2016-02-06 08:00:00,386.15
2016-02-06 09:00:00,559.2
2016-02-06 10:00:00,651.88
2016-02-06 11:00:00,690.8
2016-02-06 12:00:00,743.67
2016-02-06 13:00:00,653.0
2016-02-06 14:00:00,524.03
2016-02-06 15:00:00,338.75
2016-02-06 16:00:00,144.85
2016-02-06 17:00:00,15.35
2016-02-06 18:00:00,0.0
2016-02-06 19:00:00,0.0
2016-02-06 20:00:00,0.0
2016-02-06 21:00:00,0.0
2016-02-06 22:00:00,0.0
2016-02-06 23:00:00,0.0
2016-02-07 00:00:00,0.0
2016-02-07 01:00:00,0.0
2016-02-07 02:00:00,0.0
2016-02-07 03:00:00,0.0
2016-02-07 04:00:00,0.0
2016-02-07 05:00:00,0.0
2016-02-07 06:00:00,35.38
2016-02-07 07:00:00,198.98
2016-02-07 08:00:00,402.23
2016-02-07 09:00:00,558.58
2016-02-07 10:00:00,719.08
2016-02-07 11:00:00,837.6
2016-02-07 12:00:00,775.58
2016-02-07 13:00:00,745.53
2016-02-07 14:00:00,596.58
2016-02-07 15:00:00,384.58
2016-02-07 16:00:00,180.38
2016-02-07 17:00:00,18.05
2016-02-07 18:00:00,0.0
2016-02-07 19:00:00,0.0
2016-02-07 20:00:00,0.0
2016-02-07 21:00:00,0.0
2016-02-07 22:00:00,0.0
2016-02-07 23:00:00,0.0
2016-02-08 00:00:00,0.0
2016-02-08 01:00:00,0.0
2016-02-08 02:00:00,0.0
2016-02-08 03:00:00,0.0
2016-02-08 04:00:00,0.0
2016-02-08 05:00:00,0.0
2016-02-08 06:00:00,40.15
2016-02-08 07:00:00,221.52
2016-02-08 08:00:00,427.08
2016-02-08 09:00:00,628.75
2016-02-08 10:00:00,761.6
2016-02-08 11:00:00,821.1
2016-02-08 12:00:00,818.58
2016-02-08 13:00:00,726.58
2016-02-08 14:00:00,578.2
2016-02-08 15:00:00,377.45
2016-02-08 16:00:00,163.07
2016-02-08 17:00:00,15.77
2016-02-08 18:00:00,0.0
2016-02-08 19:00:00,0.0
2016-02-08 20:00:00,0.0
2016-02-08 21:00:00,0.0
2016-02-08 22:00:00,0.0
2016-02-08 23:00:00,0.0
2016-02-09 00:00:00,0.0
2016-02-09 01:00:00,0.0
2016-02-09 02:00:00,0.0
2016-02-09 03:00:00,0.0
2016-02-09 04:00:00,0.0
2016-02-09 05:00:00,0.0
2016-02-09 06:00:00,35.9
2016-02-09 07:00:00,204.3
2016-02-09 08:00:00,417.73
2016-02-09 09:00:00,600.45
2016-02-09 10:00:00,776.4
2016-02-09 11:00:00,857.08
2016-02-09 12:00:00,845.92
2016-02-09 13:00:00,771.78
2016-02-09 14:00:00,607.92
2016-02-09 15:00:00,403.42
2016-02-09 16:00:00,178.7
2016-02-09 17:00:00,17.3
2016-02-09 18:00:00,0.0
2016-02-09 19:00:00,0.0
2016-02-09 20:00:00,0.0
2016-02-09 21:00:00,0.0
2016-02-09 22:00:00,0.0
2016-02-09 23:00:00,0.0
2016-02-10 00:00:00,0.0
2016-02-10 01:00:00,0.0
2016-02-10 02:00:00,0.0
2016-02-10 03:00:00,0.0
2016-02-10 04:00:00,0.0
2016-02-10 05:00:00,0.0
2016-02-10 06:00:00,40.5
2016-02-10 07:00:00,220.93
2016-02-10 08:00:00,439.65
2016-02-10 09:00:00,660.95
2016-02-10 10:00:00,790.45
2016-02-10 11:00:00,854.2
2016-02-10 12:00:00,824.4
2016-02-10 13:00:00,752.17
2016-02-10 14:00:00,582.0
2016-02-10 15:00:00,387.65
2016-02-10 16:00:00,172.85
2016-02-10 17:00:00,17.4
2016-02-10 18:00:00,0.0
2016-02-10 19:00:00,0.0
2016-02-10 20:00:00,0.0
2016-02-10 21:00:00,0.0
2016-02-10 22:00:00,0.0
2016-02-10 23:00:00,0.0
2016-02-11 00:00:00,0.0
2016-02-11 01:00:00,0.0
2016-02-11 02:00:00,0.0
2016-02-11 03:00:00,0.0
2016-02-11 04:00:00,0.0
2016-02-11 05:00:00,0.0
2016-02-11 06:00:00,38.08
2016-02-11 07:00:00,204.82
2016-02-11 08:00:00,407.05
2016-02-11 09:00:00,586.08
2016-02-11 10:00:00,751.5
2016-02-11 11:00:00,828.45
2016-02-11 12:00:00,821.47
2016-02-11 13:00:00,736.33
2016-02-11 14:00:00,587.75
2016-02-11 15:00:00,390.17
2016-02-11 16:00:00,176.95
2016-02-11 17:00:00,18.55
2016-02-11 18:00:00,0.0
2016-02-11 19:00:00,0.0
2016-02-11 20:00:00,0.0
2016-02-11 21:00:00,0.0
2016-02-11 22:00:00,0.0
2016-02-11 23:00:00,0.0
2016-02-12 00:00:00,0.0
2016-02-12 01:00:00,0.0
2016-02-12 02:00:00,0.0
2016-02-12 03:00:00,0.0
2016-02-12 04:00:00,0.0
2016-02-12 05:00:00,0.0
2016-02-12 06:00:00,42.25
2016-02-12 07:00:00,219.5
2016-02-12 08:00:00,435.75
2016-02-12 09:00:00,634.17
2016-02-12 10:00:00,655.75
2016-02-12 11:00:00,787.7
2016-02-12 12:00:00,738.5
2016-02-12 13:00:00,715.58
2016-02-12 14:00:00,561.05
2016-02-12 15:00:00,360.3
2016-02-12 16:00:00,159.15
2016-02-12 17:00:00,17.95
2016-02-12 18:00:00,0.0
2016-02-12 19:00:00,0.0
2016-02-12 20:00:00,0.0
2016-02-12 21:00:00,0.0
2016-02-12 22:00:00,0.0
2016-02-12 23:00:00,0.0
2016-02-13 00:00:00,0.0
2016-02-13 01:00:00,0.0
2016-02-13 02:00:00,0.0
2016-02-13 03:00:00,0.0
2016-02-13 04:00:00,0.0
2016-02-13 05:00:00,0.0
2016-02-13 06:00:00,40.97
2016-02-13 07:00:00,210.2
2016-02-13 08:00:00,421.5
2016-02-13 09:00:00,583.45
2016-02-13 10:00:00,736.97
2016-02-13 11:00:00,838.4
2016-02-13 12:00:00,805.03
2016-02-13 13:00:00,753.3
2016-02-13 14:00:00,578.7
2016-02-13 15:00:00,381.02
2016-02-13 16:00:00,172.5
2016-02-13 17:00:00,19.05
2016-02-13 18:00:00,0.0
2016-02-13 19:00:00,0.0
2016-02-13 20:00:00,0.0
2016-02-13 21:00:00,0.0
2016-02-13 22:00:00,0.0
2016-02-13 23:00:00,0.0
2016-02-14 00:00:00,0.0
2016-02-14 01:00:00,0.0
2016-02-14 02:00:00,0.0
2016-02-14 03:00:00,0.0
2016-02-14 04:00:00,0.0
2016-02-14 05:00:00,0.0
2016-02-14 06:00:00,51.38
2016-02-14 07:00:00,256.67
2016-02-14 08:00:00,479.17
2016-02-14 09:00:00,675.58
2016-02-14 10:00:00,829.85
2016-02-14 11:00:00,892.4
2016-02-14 12:00:00,875.05
2016-02-14 13:00:00,807.78
2016-02-14 14:00:00,638.85
2016-02-14 15:00:00,434.3
2016-02-14 16:00:00,204.95
2016-02-14 17:00:00,22.6
2016-02-14 18:00:00,0.0
2016-02-14 19:00:00,0.0
2016-02-14 20:00:00,0.0
2016-02-14 21:00:00,0.0
2016-02-14 22:00:00,0.0
2016-02-14 23:00:00,0.0
2016-02-15 00:00:00,0.0
2016-02-15 01:00:00,0.0
2016-02-15 02:00:00,0.0
2016-02-15 03:00:00,0.0
2016-02-15 04:00:00,0.0
2016-02-15 05:00:00,0.0
2016-02-15 06:00:00,59.58
2016-02-15 07:00:00,263.58
2016-02-15 08:00:00,474.35
2016-02-15 09:00:00,644.7
2016-02-15 10:00:00,761.53
2016-02-15 11:00:00,831.75
2016-02-15 12:00:00,866.17
2016-02-15 13:00:00,793.35
2016-02-15 14:00:00,634.65
2016-02-15 15:00:00,432.1
2016-02-15 16:00:00,205.8
2016-02-15 17:00:00,23.45
2016-02-15 18:00:00,0.0
2016-02-15 19:00:00,0.0
2016-02-15 20:00:00,0.0
2016-02-15 21:00:00,0.0
2016-02-15 22:00:00,0.0
2016-02-15 23:00:00,0.0
2016-02-16 00:00:00,0.0
2016-02-16 01:00:00,0.0
2016-02-16 02:00:00,0.0
2016-02-16 03:00:00,0.0
2016-02-16 04:00:00,0.0
2016-02-16 05:00:00,0.0
2016-02-16 06:00:00,49.58
2016-02-16 07:00:00,247.6
2016-02-16 08:00:00,466.3
2016-02-16 09:00:00,650.22
2016-02-16 10:00:00,797.33
2016-02-16 11:00:00,893.08
2016-02-16 12:00:00,890.17
2016-02-16 13:00:00,792.97
2016-02-16 14:00:00,670.2
2016-02-16 15:00:00,450.83
2016-02-16 16:00:00,222.05
2016-02-16 17:00:00,26.15
2016-02-16 18:00:00,0.0
2016-02-16 19:00:00,0.0
2016-02-16 20:00:00,0.0
2016-02-16 21:00:00,0.0
2016-02-16 22:00:00,0.0
2016-02-16 23:00:00,0.0
2016-02-17 00:00:00,0.0
2016-02-17 01:00:00,0.0
2016-02-17 02:00:00,0.0
2016-02-17 03:00:00,0.0
2016-02-17 04:00:00,0.0
2016-02-17 05:00:00,0.0
2016-02-17 06:00:00,52.05
2016-02-17 07:00:00,241.93
2016-02-17 08:00:00,440.15
2016-02-17 09:00:00,663.33
2016-02-17 10:00:00,804.97
2016-02-17 11:00:00,865.65
2016-02-17 12:00:00,811.4
2016-02-17 13:00:00,760.6
2016-02-17 14:00:00,595.5
2016-02-17 15:00:00,417.12
2016-02-17 16:00:00,196.15
2016-02-17 17:00:00,23.15
2016-02-17 18:00:00,0.0
2016-02-17 19:00:00,0.0
2016-02-17 20:00:00,0.0
2016-02-17 21:00:00,0.0
2016-02-17 22:00:00,0.0
2016-02-17 23:00:00,0.0
2016-02-18 00:00:00,0.0
2016-02-18 01:00:00,0.0
2016-02-18 02:00:00,0.0
2016-02-18 03:00:00,0.0
2016-02-18 04:00:00,0.0
2016-02-18 05:00:00,0.0
2016-02-18 06:00:00,60.3
2016-02-18 07:00:00,269.08
2016-02-18 08:00:00,486.42
2016-02-18 09:00:00,698.33
2016-02-18 10:00:00,726.0
2016-02-18 11:00:00,908.65
2016-02-18 12:00:00,897.8
2016-02-18 13:00:00,743.25
2016-02-18 14:00:00,660.4
2016-02-18 15:00:00,452.73
2016-02-18 16:00:00,217.73
2016-02-18 17:00:00,24.8
2016-02-18 18:00:00,0.0
2016-02-18 19:00:00,0.0
2016-02-18 20:00:00,0.0
2016-02-18 21:00:00,0.0
2016-02-18 22:00:00,0.0
2016-02-18 23:00:00,0.0
2016-02-19 00:00:00,0.0
2016-02-19 01:00:00,0.0
2016-02-19 02:00:00,0.0
2016-02-19 03:00:00,0.0
2016-02-19 04:00:00,0.0
2016-02-19 05:00:00,0.0
2016-02-19 06:00:00,53.2
2016-02-19 07:00:00,248.35
2016-02-19 08:00:00,460.55
2016-02-19 09:00:00,652.35
2016-02-19 10:00:00,805.58
2016-02-19 11:00:00,867.05
2016-02-19 12:00:00,822.22
2016-02-19 13:00:00,766.62
2016-02-19 14:00:00,616.08
2016-02-19 15:00:00,416.6
2016-02-19 16:00:00,183.95
2016-02-19 17:00:00,21.6
2016-02-19 18:00:00,0.0
2016-02-19 19:00:00,0.0
2016-02-19 20:00:00,0.0
2016-02-19 21:00:00,0.0
2016-02-19 22:00:00,0.0
2016-02-19 23:00:00,0.0
2016-02-20 00:00:00,0.0
2016-02-20 01:00:00,0.0
2016-02-20 02:00:00,0.0
2016-02-20 03:00:00,0.0
2016-02-20 04:00:00,0.0
2016-02-20 05:00:00,0.0
2016-02-20 06:00:00,61.05
2016-02-20 07:00:00,271.85
2016-02-20 08:00:00,500.73
2016-02-20 09:00:00,709.08
2016-02-20 10:00:00,855.5
2016-02-20 11:00:00,902.08
2016-02-20 12:00:00,888.38
2016-02-20 13:00:00,807.25
2016-02-20 14:00:00,658.25
2016-02-20 15:00:00,451.83
2016-02-20 16:00:00,214.65
2016-02-20 17:00:00,25.15
2016-02-20 18:00:00,0.0
2016-02-20 19:00:00,0.0
2016-02-20 20:00:00,0.0
2016-02-20 21:00:00,0.0
2016-02-20 22:00:00,0.0
2016-02-20 23:00:00,0.0
2016-02-21 00:00:00,0.0
2016-02-21 01:00:00,0.0
2016-02-21 02:00:00,0.0
2016-02-21 03:00:00,0.0
2016-02-21 04:00:00,0.0
2016-02-21 05:00:00,0.0
2016-02-21 06:00:00,53.38
2016-02-21 07:00:00,236.05
2016-02-21 08:00:00,453.95
2016-02-21 09:00:00,612.08
2016-02-21 10:00:00,794.9
2016-02-21 11:00:00,906.9
2016-02-21 12:00:00,899.97
2016-02-21 13:00:00,811.47
2016-02-21 14:00:00,656.53
2016-02-21 15:00:00,446.45
2016-02-21 16:00:00,209.12
2016-02-21 17:00:00,23.83
2016-02-21 18:00:00,0.0
2016-02-21 19:00:00,0.0
2016-02-21 20:00:00,0.0
2016-02-21 21:00:00,0.0
2016-02-21 22:00:00,0.0
2016-02-21 23:00:00,0.0
2016-02-22 00:00:00,0.0
2016-02-22 01:00:00,0.0
2016-02-22 02:00:00,0.0
2016-02-22 03:00:00,0.0
2016-02-22 04:00:00,0.0
2016-02-22 05:00:00,0.0
2016-02-22 06:00:00,55.15
2016-02-22 07:00:00,255.82
2016-02-22 08:00:00,495.48
2016-02-22 09:00:00,703.47
2016-02-22 10:00:00,852.47
2016-02-22 11:00:00,912.35
2016-02-22 12:00:00,901.78
2016-02-22 13:00:00,825.4
2016-02-22 14:00:00,660.35
2016-02-22 15:00:00,449.02
2016-02-22 16:00:00,212.85
2016-02-22 17:00:00,25.0
2016-02-22 18:00:00,0.0
2016-02-22 19:00:00,0.0
2016-02-22 20:00:00,0.0
2016-02-22 21:00:00,0.0
2016-02-22 22:00:00,0.0
2016-02-22 23:00:00,0.0
2016-02-23 00:00:00,0.0
2016-02-23 01:00:00,0.0
2016-02-23 02:00:00,0.0
2016-02-23 03:00:00,0.0
2016-02-23 04:00:00,0.0
2016-02-23 05:00:00,0.0
2016-02-23 06:00:00,67.82
2016-02-23 07:00:00,292.1
2016-02-23 08:00:00,517.95
2016-02-23 09:00:00,724.0
2016-02-23 10:00:00,879.85
2016-02-23 11:00:00,947.4
2016-02-23 12:00:00,934.42
2016-02-23 13:00:00,863.25
2016-02-23 14:00:00,688.7
2016-02-23 15:00:00,472.8
2016-02-23 16:00:00,226.6
2016-02-23 17:00:00,28.67
2016-02-23 18:00:00,0.0
2016-02-23 19:00:00,0.0
2016-02-23 20:00:00,0.0
2016-02-23 21:00:00,0.0
2016-02-23 22:00:00,0.0
2016-02-23 23:00:00,0.0
2016-02-24 00:00:00,0.0
2016-02-24 01:00:00,0.0
2016-02-24 02:00:00,0.0
2016-02-24 03:00:00,0.0
2016-02-24 04:00:00,0.0
2016-02-24 05:00:00,0.0
2016-02-24 06:00:00,65.9
2016-02-24 07:00:00,290.02
2016-02-24 08:00:00,524.85
2016-02-24 09:00:00,735.12
2016-02-24 10:00:00,882.0
2016-02-24 11:00:00,946.65
2016-02-24 12:00:00,941.28
2016-02-24 13:00:00,840.85
2016-02-24 14:00:00,685.08
2016-02-24 15:00:00,472.05
2016-02-24 16:00:00,226.43
2016-02-24 17:00:00,27.55
2016-02-24 18:00:00,0.0
2016-02-24 19:00:00,0.0
2016-02-24 20:00:00,0.0
2016-02-24 21:00:00,0.0
2016-02-24 22:00:00,0.0
2016-02-24 23:00:00,0.0
2016-02-25 00:00:00,0.0
2016-02-25 01:00:00,0.0
2016-02-25 02:00:00,0.0
2016-02-25 03:00:00,0.0
2016-02-25 04:00:00,0.0
2016-02-25 05:00:00,0.0
2016-02-25 06:00:00,59.53
2016-02-25 07:00:00,273.4
2016-02-25 08:00:00,505.45
2016-02-25 09:00:00,702.3
2016-02-25 10:00:00,847.42
2016-02-25 11:00:00,915.17
2016-02-25 12:00:00,901.22
2016-02-25 13:00:00,822.8
2016-02-25 14:00:00,671.7
2016-02-25 15:00:00,461.48
2016-02-25 16:00:00,222.0
2016-02-25 17:00:00,27.52
2016-02-25 18:00:00,0.0
2016-02-25 19:00:00,0.0
2016-02-25 20:00:00,0.0
2016-02-25 21:00:00,0.0
2016-02-25 22:00:00,0.0
2016-02-25 23:00:00,0.0
2016-02-26 00:00:00,0.0
2016-02-26 01:00:00,0.0
2016-02-26 02:00:00,0.0
2016-02-26 03:00:00,0.0
2016-02-26 04:00:00,0.0
2016-02-26 05:00:00,0.0
2016-02-26 06:00:00,67.85
2016-02-26 07:00:00,262.75
2016-02-26 08:00:00,480.95
2016-02-26 09:00:00,686.58
2016-02-26 10:00:00,838.15
2016-02-26 11:00:00,909.8
2016-02-26 12:00:00,912.45
2016-02-26 13:00:00,812.2
2016-02-26 14:00:00,669.15
2016-02-26 15:00:00,465.17
2016-02-26 16:00:00,225.85
2016-02-26 17:00:00,27.52
2016-02-26 18:00:00,0.0
2016-02-26 19:00:00,0.0
2016-02-26 20:00:00,0.0
2016-02-26 21:00:00,0.0
2016-02-26 22:00:00,0.0
2016-02-26 23:00:00,0.0
2016-02-27 00:00:00,0.0
2016-02-27 01:00:00,0.0
2016-02-27 02:00:00,0.0
2016-02-27 03:00:00,0.0
2016-02-27 04:00:00,0.0
2016-02-27 05:00:00,0.0
2016-02-27 06:00:00,54.67
2016-02-27 07:00:00,241.7
2016-02-27 08:00:00,480.5
2016-02-27 09:00:00,682.17
2016-02-27 10:00:00,823.92
2016-02-27 11:00:00,891.62
2016-02-27 12:00:00,878.9
2016-02-27 13:00:00,746.33
2016-02-27 14:00:00,580.53
2016-02-27 15:00:00,404.02
2016-02-27 16:00:00,189.52
2016-02-27 17:00:00,24.02
2016-02-27 18:00:00,0.0
2016-02-27 19:00:00,0.0
2016-02-27 20:00:00,0.0
2016-02-27 21:00:00,0.0
2016-02-27 22:00:00,0.0
2016-02-27 23:00:00,0.0
2016-02-28 00:00:00,0.0
2016-02-28 01:00:00,0.0
2016-02-28 02:00:00,0.0
2016-02-28 03:00:00,0.0
2016-02-28 04:00:00,0.0
2016-02-28 05:00:00,0.0
2016-02-28 06:00:00,63.05
2016-02-28 07:00:00,258.05
2016-02-28 08:00:00,486.98
2016-02-28 09:00:00,629.03
2016-02-28 10:00:00,779.78
2016-02-28 11:00:00,849.03
2016-02-28 12:00:00,771.65
2016-02-28 13:00:00,638.75
2016-02-28 14:00:00,464.33
2016-02-28 15:00:00,343.15
2016-02-28 16:00:00,160.6
2016-02-28 17:00:00,22.45
2016-02-28 18:00:00,0.0
2016-02-28 19:00:00,0.0
2016-02-28 20:00:00,0.0
2016-02-28 21:00:00,0.0
2016-02-28 22:00:00,0.0
2016-02-28 23:00:00,0.0
2016-02-29 00:00:00,0.0
2016-02-29 01:00:00,0.0
2016-02-29 02:00:00,0.0
2016-02-29 03:00:00,0.0
2016-02-29 04:00:00,0.0
2016-02-29 05:00:00,0.0
2016-02-29 06:00:00,58.83
2016-02-29 07:00:00,224.52
2016-02-29 08:00:00,423.95
2016-02-29 09:00:00,590.9
2016-02-29 10:00:00,710.8
2016-02-29 11:00:00,784.05
2016-02-29 12:00:00,664.85
2016-02-29 13:00:00,505.73
2016-02-29 14:00:00,533.58
2016-02-29 15:00:00,341.65
2016-02-29 16:00:00,161.1
2016-02-29 17:00:00,20.1
2016-02-29 18:00:00,0.0
2016-02-29 19:00:00,0.0
2016-02-29 20:00:00,0.0
2016-02-29 21:00:00,0.0
2016-02-29 22:00:00,0.0
2016-02-29 23:00:00,0.0
2016-03-01 00:00:00,0.0
2016-03-01 01:00:00,0.0
2016-03-01 02:00:00,0.0
2016-03-01 03:00:00,0.0
2016-03-01 04:00:00,0.0
2016-03-01 05:00:00,0.0
2016-03-01 06:00:00,59.15
2016-03-01 07:00:00,248.7
2016-03-01 08:00:00,456.73
2016-03-01 09:00:00,647.88
2016-03-01 10:00:00,640.78
2016-03-01 11:00:00,646.17
2016-03-01 12:00:00,777.55
2016-03-01 13:00:00,607.45
2016-03-01 14:00:00,583.95
2016-03-01 15:00:00,406.83
2016-03-01 16:00:00,182.75
2016-03-01 17:00:00,23.7
2016-03-01 18:00:00,0.0
2016-03-01 19:00:00,0.0
2016-03-01 20:00:00,0.0
2016-03-01 21:00:00,0.0
2016-03-01 22:00:00,0.0
2016-03-01 23:00:00,0.0
2016-03-02 00:00:00,0.0
2016-03-02 01:00:00,0.0
2016-03-02 02:00:00,0.0
2016-03-02 03:00:00,0.0
2016-03-02 04:00:00,0.0
2016-03-02 05:00:00,0.0
2016-03-02 06:00:00,57.6
2016-03-02 07:00:00,221.6
2016-03-02 08:00:00,409.62
2016-03-02 09:00:00,631.25
2016-03-02 10:00:00,688.28
2016-03-02 11:00:00,785.47
2016-03-02 12:00:00,783.03
2016-03-02 13:00:00,673.08
2016-03-02 14:00:00,505.7
2016-03-02 15:00:00,337.52
2016-03-02 16:00:00,153.25
2016-03-02 17:00:00,20.95
2016-03-02 18:00:00,0.0
2016-03-02 19:00:00,0.0
2016-03-02 20:00:00,0.0
2016-03-02 21:00:00,0.0
2016-03-02 22:00:00,0.0
2016-03-02 23:00:00,0.0
2016-03-03 00:00:00,0.0
2016-03-03 01:00:00,0.0
2016-03-03 02:00:00,0.0
2016-03-03 03:00:00,0.0
2016-03-03 04:00:00,0.0
2016-03-03 05:00:00,0.0
2016-03-03 06:00:00,60.7
2016-03-03 07:00:00,233.02
2016-03-03 08:00:00,428.9
2016-03-03 09:00:00,627.5
2016-03-03 10:00:00,789.83
2016-03-03 11:00:00,845.12
2016-03-03 12:00:00,884.58
2016-03-03 13:00:00,812.78
2016-03-03 14:00:00,642.72
2016-03-03 15:00:00,433.9
2016-03-03 16:00:00,199.43
2016-03-03 17:00:00,24.35
2016-03-03 18:00:00,0.0
2016-03-03 19:00:00,0.0
2016-03-03 20:00:00,0.0
2016-03-03 21:00:00,0.0
2016-03-03 22:00:00,0.0
2016-03-03 23:00:00,0.0
2016-03-04 00:00:00,0.0
2016-03-04 01:00:00,0.0
2016-03-04 02:00:00,0.0
2016-03-04 03:00:00,0.0
2016-03-04 04:00:00,0.0
2016-03-04 05:00:00,0.0
2016-03-04 06:00:00,65.43
2016-03-04 07:00:00,237.38
2016-03-04 08:00:00,444.55
2016-03-04 09:00:00,613.4
2016-03-04 10:00:00,712.55
2016-03-04 11:00:00,813.33
2016-03-04 12:00:00,759.2
2016-03-04 13:00:00,764.2
2016-03-04 14:00:00,594.62
2016-03-04 15:00:00,383.75
2016-03-04 16:00:00,173.02
2016-03-04 17:00:00,23.77
2016-03-04 18:00:00,0.0
2016-03-04 19:00:00,0.0
2016-03-04 20:00:00,0.0
2016-03-04 21:00:00,0.0
2016-03-04 22:00:00,0.0
2016-03-04 23:00:00,0.0
2016-03-05 00:00:00,0.0
2016-03-05 01:00:00,0.0
2016-03-05 02:00:00,0.0
2016-03-05 03:00:00,0.0
2016-03-05 04:00:00,0.0
2016-03-05 05:00:00,0.0
2016-03-05 06:00:00,68.8
2016-03-05 07:00:00,257.2
2016-03-05 08:00:00,486.9
2016-03-05 09:00:00,700.33
2016-03-05 10:00:00,862.62
2016-03-05 11:00:00,930.33
2016-03-05 12:00:00,911.45
2016-03-05 13:00:00,806.03
2016-03-05 14:00:00,648.7
2016-03-05 15:00:00,431.9
2016-03-05 16:00:00,201.98
2016-03-05 17:00:00,26.17
2016-03-05 18:00:00,0.0
2016-03-05 19:00:00,0.0
2016-03-05 20:00:00,0.0
2016-03-05 21:00:00,0.0
2016-03-05 22:00:00,0.0
2016-03-05 23:00:00,0.0
2016-03-06 00:00:00,0.0
2016-03-06 01:00:00,0.0
2016-03-06 02:00:00,0.0
2016-03-06 03:00:00,0.0
2016-03-06 04:00:00,0.0
2016-03-06 05:00:00,0.0
2016-03-06 06:00:00,83.18
2016-03-06 07:00:00,277.0
2016-03-06 08:00:00,491.17
2016-03-06 09:00:00,727.92
2016-03-06 10:00:00,878.47
2016-03-06 11:00:00,930.6
2016-03-06 12:00:00,842.6
2016-03-06 13:00:00,839.62
2016-03-06 14:00:00,669.75
2016-03-06 15:00:00,460.25
2016-03-06 16:00:00,223.48
2016-03-06 17:00:00,28.83
2016-03-06 18:00:00,0.0
2016-03-06 19:00:00,0.0
2016-03-06 20:00:00,0.0
2016-03-06 21:00:00,0.0
2016-03-06 22:00:00,0.0
2016-03-06 23:00:00,0.0
2016-03-07 00:00:00,0.0
2016-03-07 01:00:00,0.0
2016-03-07 02:00:00,0.0
2016-03-07 03:00:00,0.0
2016-03-07 04:00:00,0.0
2016-03-07 05:00:00,0.0
2016-03-07 06:00:00,85.32
2016-03-07 07:00:00,290.98
2016-03-07 08:00:00,496.5
2016-03-07 09:00:00,702.58
2016-03-07 10:00:00,830.53
2016-03-07 11:00:00,936.05
2016-03-07 12:00:00,863.17
2016-03-07 13:00:00,813.88
2016-03-07 14:00:00,640.5
2016-03-07 15:00:00,428.3
2016-03-07 16:00:00,198.35
2016-03-07 17:00:00,26.1
2016-03-07 18:00:00,0.0
2016-03-07 19:00:00,0.0
2016-03-07 20:00:00,0.0
2016-03-07 21:00:00,0.0
2016-03-07 22:00:00,0.0
2016-03-07 23:00:00,0.0
2016-03-08 00:00:00,0.0
2016-03-08 01:00:00,0.0
2016-03-08 02:00:00,0.0
2016-03-08 03:00:00,0.0
2016-03-08 04:00:00,0.0
2016-03-08 05:00:00,0.0
2016-03-08 06:00:00,85.53
2016-03-08 07:00:00,301.15
2016-03-08 08:00:00,520.55
2016-03-08 09:00:00,726.12
2016-03-08 10:00:00,834.08
2016-03-08 11:00:00,887.72
2016-03-08 12:00:00,923.33
2016-03-08 13:00:00,836.03
2016-03-08 14:00:00,661.78
2016-03-08 15:00:00,454.83
2016-03-08 16:00:00,217.6
2016-03-08 17:00:00,28.52
2016-03-08 18:00:00,0.0
2016-03-08 19:00:00,0.0
2016-03-08 20:00:00,0.0
2016-03-08 21:00:00,0.0
2016-03-08 22:00:00,0.0
2016-03-08 23:00:00,0.0
2016-03-09 00:00:00,0.0
2016-03-09 01:00:00,0.0
2016-03-09 02:00:00,0.0
2016-03-09 03:00:00,0.0
2016-03-09 04:00:00,0.0
2016-03-09 05:00:00,0.0
2016-03-09 06:00:00,80.57
2016-03-09 07:00:00,285.2
2016-03-09 08:00:00,503.0
2016-03-09 09:00:00,678.38
2016-03-09 10:00:00,834.1
2016-03-09 11:00:00,934.38
2016-03-09 12:00:00,850.78
2016-03-09 13:00:00,822.75
2016-03-09 14:00:00,678.38
2016-03-09 15:00:00,470.02
2016-03-09 16:00:00,219.57
2016-03-09 17:00:00,29.55
2016-03-09 18:00:00,0.0
2016-03-09 19:00:00,0.0
2016-03-09 20:00:00,0.0
2016-03-09 21:00:00,0.0
2016-03-09 22:00:00,0.0
2016-03-09 23:00:00,0.0
2016-03-10 00:00:00,0.0
2016-03-10 01:00:00,0.0
2016-03-10 02:00:00,0.0
2016-03-10 03:00:00,0.0
2016-03-10 04:00:00,0.0
2016-03-10 05:00:00,0.0
2016-03-10 06:00:00,62.97
2016-03-10 07:00:00,228.8
2016-03-10 08:00:00,435.6
2016-03-10 09:00:00,644.5
2016-03-10 10:00:00,776.15
2016-03-10 11:00:00,918.9
2016-03-10 12:00:00,911.75
2016-03-10 13:00:00,814.97
2016-03-10 14:00:00,631.25
2016-03-10 15:00:00,403.8
2016-03-10 16:00:00,192.65
2016-03-10 17:00:00,27.62
2016-03-10 18:00:00,0.0
2016-03-10 19:00:00,0.0
2016-03-10 20:00:00,0.0
2016-03-10 21:00:00,0.0
2016-03-10 22:00:00,0.0
2016-03-10 23:00:00,0.0
2016-03-11 00:00:00,0.0
2016-03-11 01:00:00,0.0
2016-03-11 02:00:00,0.0
2016-03-11 03:00:00,0.0
2016-03-11 04:00:00,0.0
2016-03-11 05:00:00,0.0
2016-03-11 06:00:00,89.72
2016-03-11 07:00:00,293.25
2016-03-11 08:00:00,511.2
2016-03-11 09:00:00,744.5
2016-03-11 10:00:00,887.67
2016-03-11 11:00:00,967.28
2016-03-11 12:00:00,947.35
2016-03-11 13:00:00,851.05
2016-03-11 14:00:00,694.47
2016-03-11 15:00:00,479.55
2016-03-11 16:00:00,235.7
2016-03-11 17:00:00,31.6
2016-03-11 18:00:00,0.0
2016-03-11 19:00:00,0.0
2016-03-11 20:00:00,0.0
2016-03-11 21:00:00,0.0
2016-03-11 22:00:00,0.0
2016-03-11 23:00:00,0.0
2016-03-12 00:00:00,0.0
2016-03-12 01:00:00,0.0
2016-03-12 02:00:00,0.0
2016-03-12 03:00:00,0.0
2016-03-12 04:00:00,0.0
2016-03-12 05:00:00,0.0
2016-03-12 06:00:00,89.95
2016-03-12 07:00:00,287.42
2016-03-12 08:00:00,531.62
2016-03-12 09:00:00,745.17
2016-03-12 10:00:00,860.75
2016-03-12 11:00:00,978.75
2016-03-12 12:00:00,964.28
2016-03-12 13:00:00,882.95
2016-03-12 14:00:00,688.17
2016-03-12 15:00:00,471.35
2016-03-12 16:00:00,226.52
2016-03-12 17:00:00,30.9
2016-03-12 18:00:00,0.0
2016-03-12 19:00:00,0.0
2016-03-12 20:00:00,0.0
2016-03-12 21:00:00,0.0
2016-03-12 22:00:00,0.0
2016-03-12 23:00:00,0.0
2016-03-13 00:00:00,0.0
2016-03-13 01:00:00,0.0
2016-03-13 02:00:00,0.0
2016-03-13 03:00:00,0.0
2016-03-13 04:00:00,0.0
2016-03-13 05:00:00,0.0
2016-03-13 06:00:00,91.07
2016-03-13 07:00:00,298.75
2016-03-13 08:00:00,525.35
2016-03-13 09:00:00,732.03
2016-03-13 10:00:00,786.2
2016-03-13 11:00:00,791.85
2016-03-13 12:00:00,757.62
2016-03-13 13:00:00,673.83
2016-03-13 14:00:00,513.42
2016-03-13 15:00:00,323.48
2016-03-13 16:00:00,156.57
2016-03-13 17:00:00,23.75
2016-03-13 18:00:00,0.0
2016-03-13 19:00:00,0.0
2016-03-13 20:00:00,0.0
2016-03-13 21:00:00,0.0
2016-03-13 22:00:00,0.0
2016-03-13 23:00:00,0.0
2016-03-14 00:00:00,0.0
2016-03-14 01:00:00,0.0
2016-03-14 02:00:00,0.0
2016-03-14 03:00:00,0.0
2016-03-14 04:00:00,0.0
2016-03-14 05:00:00,0.0
2016-03-14 06:00:00,85.7
2016-03-14 07:00:00,262.6
2016-03-14 08:00:00,484.4
2016-03-14 09:00:00,666.4
2016-03-14 10:00:00,872.22
2016-03-14 11:00:00,928.75
2016-03-14 12:00:00,866.5
2016-03-14 13:00:00,749.33
2016-03-14 14:00:00,620.33
2016-03-14 15:00:00,403.9
2016-03-14 16:00:00,192.6
2016-03-14 17:00:00,27.5
2016-03-14 18:00:00,0.0
2016-03-14 19:00:00,0.0
2016-03-14 20:00:00,0.0
2016-03-14 21:00:00,0.0
2016-03-14 22:00:00,0.0
2016-03-14 23:00:00,0.0
2016-03-15 00:00:00,0.0
2016-03-15 01:00:00,0.0
2016-03-15 02:00:00,0.0
2016-03-15 03:00:00,0.0
2016-03-15 04:00:00,0.0
2016-03-15 05:00:00,0.0
2016-03-15 06:00:00,93.57
2016-03-15 07:00:00,292.7
2016-03-15 08:00:00,502.2
2016-03-15 09:00:00,718.42
2016-03-15 10:00:00,808.83
2016-03-15 11:00:00,908.95
2016-03-15 12:00:00,849.17
2016-03-15 13:00:00,801.47
2016-03-15 14:00:00,628.42
2016-03-15 15:00:00,413.25
2016-03-15 16:00:00,184.62
2016-03-15 17:00:00,24.35
2016-03-15 18:00:00,0.0
2016-03-15 19:00:00,0.0
2016-03-15 20:00:00,0.0
2016-03-15 21:00:00,0.0
2016-03-15 22:00:00,0.0
2016-03-15 23:00:00,0.0
2016-03-16 00:00:00,0.0
2016-03-16 01:00:00,0.0
2016-03-16 02:00:00,0.0
2016-03-16 03:00:00,0.0
2016-03-16 04:00:00,0.0
2016-03-16 05:00:00,0.0
2016-03-16 06:00:00,78.9
2016-03-16 07:00:00,245.5
2016-03-16 08:00:00,467.1
2016-03-16 09:00:00,664.5
2016-03-16 10:00:00,792.12
2016-03-16 11:00:00,915.92
2016-03-16 12:00:00,887.38
2016-03-16 13:00:00,808.42
2016-03-16 14:00:00,637.08
2016-03-16 15:00:00,428.73
2016-03-16 16:00:00,201.38
2016-03-16 17:00:00,26.7
2016-03-16 18:00:00,0.0
2016-03-16 19:00:00,0.0
2016-03-16 20:00:00,0.0
2016-03-16 21:00:00,0.0
2016-03-16 22:00:00,0.0
2016-03-16 23:00:00,0.0
2016-03-17 00:00:00,0.0
2016-03-17 01:00:00,0.0
2016-03-17 02:00:00,0.0
2016-03-17 03:00:00,0.0
2016-03-17 04:00:00,0.0
2016-03-17 05:00:00,0.0
2016-03-17 06:00:00,91.6
2016-03-17 07:00:00,277.77
2016-03-17 08:00:00,479.25
2016-03-17 09:00:00,673.33
2016-03-17 10:00:00,737.15
2016-03-17 11:00:00,911.55
2016-03-17 12:00:00,902.9
2016-03-17 13:00:00,790.28
2016-03-17 14:00:00,648.5
2016-03-17 15:00:00,433.48
2016-03-17 16:00:00,196.4
2016-03-17 17:00:00,25.65
2016-03-17 18:00:00,0.0
2016-03-17 19:00:00,0.0
2016-03-17 20:00:00,0.0
2016-03-17 21:00:00,0.0
2016-03-17 22:00:00,0.0
2016-03-17 23:00:00,0.0
2016-03-18 00:00:00,0.0
2016-03-18 01:00:00,0.0
2016-03-18 02:00:00,0.0
2016-03-18 03:00:00,0.0
2016-03-18 04:00:00,0.0
2016-03-18 05:00:00,0.0
2016-03-18 06:00:00,91.78
2016-03-18 07:00:00,279.92
2016-03-18 08:00:00,483.75
2016-03-18 09:00:00,733.08
2016-03-18 10:00:00,870.1
2016-03-18 11:00:00,951.83
2016-03-18 12:00:00,898.75
2016-03-18 13:00:00,847.92
2016-03-18 14:00:00,675.6
2016-03-18 15:00:00,464.8
2016-03-18 16:00:00,224.7
2016-03-18 17:00:00,30.02
2016-03-18 18:00:00,0.0
2016-03-18 19:00:00,0.0
2016-03-18 20:00:00,0.0
2016-03-18 21:00:00,0.0
2016-03-18 22:00:00,0.0
2016-03-18 23:00:00,0.0
2016-03-19 00:00:00,0.0
2016-03-19 01:00:00,0.0
2016-03-19 02:00:00,0.0
2016-03-19 03:00:00,0.0
2016-03-19 04:00:00,0.0
2016-03-19 05:00:00,0.0
2016-03-19 06:00:00,112.28
2016-03-19 07:00:00,333.02
2016-03-19 08:00:00,561.17
2016-03-19 09:00:00,765.42
2016-03-19 10:00:00,904.25
2016-03-19 11:00:00,958.45
2016-03-19 12:00:00,936.62
2016-03-19 13:00:00,792.75
2016-03-19 14:00:00,670.88
2016-03-19 15:00:00,456.65
2016-03-19 16:00:00,215.15
2016-03-19 17:00:00,28.05
2016-03-19 18:00:00,0.0
2016-03-19 19:00:00,0.0
2016-03-19 20:00:00,0.0
2016-03-19 21:00:00,0.0
2016-03-19 22:00:00,0.0
2016-03-19 23:00:00,0.0
2016-03-20 00:00:00,0.0
2016-03-20 01:00:00,0.0
2016-03-20 02:00:00,0.0
2016-03-20 03:00:00,0.0
2016-03-20 04:00:00,0.0
2016-03-20 05:00:00,0.0
2016-03-20 06:00:00,98.97
2016-03-20 07:00:00,312.98
2016-03-20 08:00:00,527.1
2016-03-20 09:00:00,754.72
2016-03-20 10:00:00,887.53
2016-03-20 11:00:00,931.38
2016-03-20 12:00:00,913.2
2016-03-20 13:00:00,822.05
2016-03-20 14:00:00,651.3
2016-03-20 15:00:00,439.95
2016-03-20 16:00:00,198.07
2016-03-20 17:00:00,25.9
2016-03-20 18:00:00,0.0
2016-03-20 19:00:00,0.0
2016-03-20 20:00:00,0.0
2016-03-20 21:00:00,0.0
2016-03-20 22:00:00,0.0
2016-03-20 23:00:00,0.0
2016-03-21 00:00:00,0.0
2016-03-21 01:00:00,0.0
2016-03-21 02:00:00,0.0
2016-03-21 03:00:00,0.0
2016-03-21 04:00:00,0.0
2016-03-21 05:00:00,0.0
2016-03-21 06:00:00,98.32
2016-03-21 07:00:00,293.8
2016-03-21 08:00:00,528.0
2016-03-21 09:00:00,734.8
2016-03-21 10:00:00,805.95
2016-03-21 11:00:00,933.67
2016-03-21 12:00:00,907.25
2016-03-21 13:00:00,815.72
2016-03-21 14:00:00,651.0
2016-03-21 15:00:00,442.9
2016-03-21 16:00:00,210.0
2016-03-21 17:00:00,27.58
2016-03-21 18:00:00,0.0
2016-03-21 19:00:00,0.0
2016-03-21 20:00:00,0.0
2016-03-21 21:00:00,0.0
2016-03-21 22:00:00,0.0
2016-03-21 23:00:00,0.0
2016-03-22 00:00:00,0.0
2016-03-22 01:00:00,0.0
2016-03-22 02:00:00,0.0
2016-03-22 03:00:00,0.0
2016-03-22 04:00:00,0.0
2016-03-22 05:00:00,0.0
2016-03-22 06:00:00,98.35
2016-03-22 07:00:00,275.42
2016-03-22 08:00:00,499.3
2016-03-22 09:00:00,705.4
2016-03-22 10:00:00,837.0
2016-03-22 11:00:00,900.42
2016-03-22 12:00:00,852.67
2016-03-22 13:00:00,755.22
2016-03-22 14:00:00,622.03
2016-03-22 15:00:00,401.52
2016-03-22 16:00:00,191.1
2016-03-22 17:00:00,26.67
2016-03-22 18:00:00,0.0
2016-03-22 19:00:00,0.0
2016-03-22 20:00:00,0.0
2016-03-22 21:00:00,0.0
2016-03-22 22:00:00,0.0
2016-03-22 23:00:00,0.0
2016-03-23 00:00:00,0.0
2016-03-23 01:00:00,0.0
2016-03-23 02:00:00,0.0
2016-03-23 03:00:00,0.0
2016-03-23 04:00:00,0.0
2016-03-23 05:00:00,0.0
2016-03-23 06:00:00,105.7
2016-03-23 07:00:00,300.45
2016-03-23 08:00:00,522.05
2016-03-23 09:00:00,724.75
2016-03-23 10:00:00,821.58
2016-03-23 11:00:00,895.42
2016-03-23 12:00:00,866.53
2016-03-23 13:00:00,736.25
2016-03-23 14:00:00,640.9
2016-03-23 15:00:00,431.25
2016-03-23 16:00:00,202.52
2016-03-23 17:00:00,26.98
2016-03-23 18:00:00,0.0
2016-03-23 19:00:00,0.0
2016-03-23 20:00:00,0.0
2016-03-23 21:00:00,0.0
2016-03-23 22:00:00,0.0
2016-03-23 23:00:00,0.0
2016-03-24 00:00:00,0.0
2016-03-24 01:00:00,0.0
2016-03-24 02:00:00,0.0
2016-03-24 03:00:00,0.0
2016-03-24 04:00:00,0.0
2016-03-24 05:00:00,2.7
2016-03-24 06:00:00,94.32
2016-03-24 07:00:00,304.2
2016-03-24 08:00:00,517.8
2016-03-24 09:00:00,736.45
2016-03-24 10:00:00,838.03
2016-03-24 11:00:00,918.53
2016-03-24 12:00:00,901.58
2016-03-24 13:00:00,805.17
2016-03-24 14:00:00,635.2
2016-03-24 15:00:00,421.92
2016-03-24 16:00:00,195.43
2016-03-24 17:00:00,26.52
2016-03-24 18:00:00,0.0
2016-03-24 19:00:00,0.0
2016-03-24 20:00:00,0.0
2016-03-24 21:00:00,0.0
2016-03-24 22:00:00,0.0
2016-03-24 23:00:00,0.0
2016-03-25 00:00:00,0.0
2016-03-25 01:00:00,0.0
2016-03-25 02:00:00,0.0
2016-03-25 03:00:00,0.0
2016-03-25 04:00:00,0.0
2016-03-25 05:00:00,3.03
2016-03-25 06:00:00,96.78
2016-03-25 07:00:00,307.33
2016-03-25 08:00:00,525.28
2016-03-25 09:00:00,743.55
2016-03-25 10:00:00,876.25
2016-03-25 11:00:00,918.97
2016-03-25 12:00:00,901.47
2016-03-25 13:00:00,811.92
2016-03-25 14:00:00,631.6
2016-03-25 15:00:00,421.6
2016-03-25 16:00:00,194.12
2016-03-25 17:00:00,25.55
2016-03-25 18:00:00,0.0
2016-03-25 19:00:00,0.0
2016-03-25 20:00:00,0.0
2016-03-25 21:00:00,0.0
2016-03-25 22:00:00,0.0
2016-03-25 23:00:00,0.0
2016-03-26 00:00:00,0.0
2016-03-26 01:00:00,0.0
2016-03-26 02:00:00,0.0
2016-03-26 03:00:00,0.0
2016-03-26 04:00:00,0.0
2016-03-26 05:00:00,3.2
2016-03-26 06:00:00,102.03
2016-03-26 07:00:00,314.08
2016-03-26 08:00:00,546.15
2016-03-26 09:00:00,752.92
2016-03-26 10:00:00,810.0
2016-03-26 11:00:00,949.8
2016-03-26 12:00:00,932.22
2016-03-26 13:00:00,845.45
2016-03-26 14:00:00,661.65
2016-03-26 15:00:00,446.77
2016-03-26 16:00:00,210.27
2016-03-26 17:00:00,28.1
2016-03-26 18:00:00,0.0
2016-03-26 19:00:00,0.0
2016-03-26 20:00:00,0.0
2016-03-26 21:00:00,0.0
2016-03-26 22:00:00,0.0
2016-03-26 23:00:00,0.0
2016-03-27 00:00:00,0.0
2016-03-27 01:00:00,0.0
2016-03-27 02:00:00,0.0
2016-03-27 03:00:00,0.0
2016-03-27 04:00:00,0.0
2016-03-27 05:00:00,3.8
2016-03-27 06:00:00,121.18
2016-03-27 07:00:00,347.7
2016-03-27 08:00:00,579.88
2016-03-27 09:00:00,738.67
2016-03-27 10:00:00,929.53
2016-03-27 11:00:00,967.3
2016-03-27 12:00:00,920.88
2016-03-27 13:00:00,850.53
2016-03-27 14:00:00,681.0
2016-03-27 15:00:00,467.9
2016-03-27 16:00:00,225.43
2016-03-27 17:00:00,31.4
2016-03-27 18:00:00,0.0
2016-03-27 19:00:00,0.0
2016-03-27 20:00:00,0.0
2016-03-27 21:00:00,0.0
2016-03-27 22:00:00,0.0
2016-03-27 23:00:00,0.0
2016-03-28 00:00:00,0.0
2016-03-28 01:00:00,0.0
2016-03-28 02:00:00,0.0
2016-03-28 03:00:00,0.0
2016-03-28 04:00:00,0.0
2016-03-28 05:00:00,4.5
2016-03-28 06:00:00,128.12
2016-03-28 07:00:00,359.85
2016-03-28 08:00:00,610.78
2016-03-28 09:00:00,787.1
2016-03-28 10:00:00,868.33
2016-03-28 11:00:00,951.65
2016-03-28 12:00:00,951.62
2016-03-28 13:00:00,855.65
2016-03-28 14:00:00,689.5
2016-03-28 15:00:00,478.35
2016-03-28 16:00:00,234.32
2016-03-28 17:00:00,33.6
2016-03-28 18:00:00,0.0
2016-03-28 19:00:00,0.0
2016-03-28 20:00:00,0.0
2016-03-28 21:00:00,0.0
2016-03-28 22:00:00,0.0
2016-03-28 23:00:00,0.0
2016-03-29 00:00:00,0.0
2016-03-29 01:00:00,0.0
2016-03-29 02:00:00,0.0
2016-03-29 03:00:00,0.0
2016-03-29 04:00:00,0.0
2016-03-29 05:00:00,4.9
2016-03-29 06:00:00,125.7
2016-03-29 07:00:00,326.92
2016-03-29 08:00:00,562.9
2016-03-29 09:00:00,779.38
2016-03-29 10:00:00,915.28
2016-03-29 11:00:00,920.9
2016-03-29 12:00:00,883.62
2016-03-29 13:00:00,785.28
2016-03-29 14:00:00,650.05
2016-03-29 15:00:00,441.25
2016-03-29 16:00:00,206.82
2016-03-29 17:00:00,28.02
2016-03-29 18:00:00,0.0
2016-03-29 19:00:00,0.0
2016-03-29 20:00:00,0.0
2016-03-29 21:00:00,0.0
2016-03-29 22:00:00,0.0
2016-03-29 23:00:00,0.0
2016-03-30 00:00:00,0.0
2016-03-30 01:00:00,0.0
2016-03-30 02:00:00,0.0
2016-03-30 03:00:00,0.0
2016-03-30 04:00:00,0.0
2016-03-30 05:00:00,4.03
2016-03-30 06:00:00,103.38
2016-03-30 07:00:00,305.55
2016-03-30 08:00:00,533.08
2016-03-30 09:00:00,725.33
2016-03-30 10:00:00,865.28
2016-03-30 11:00:00,949.6
2016-03-30 12:00:00,931.08
2016-03-30 13:00:00,826.17
2016-03-30 14:00:00,658.38
2016-03-30 15:00:00,444.92
2016-03-30 16:00:00,207.05
2016-03-30 17:00:00,28.0
2016-03-30 18:00:00,0.0
2016-03-30 19:00:00,0.0
2016-03-30 20:00:00,0.0
2016-03-30 21:00:00,0.0
2016-03-30 22:00:00,0.0
2016-03-30 23:00:00,0.0
2016-03-31 00:00:00,0.0
2016-03-31 01:00:00,0.0
2016-03-31 02:00:00,0.0
2016-03-31 03:00:00,0.0
2016-03-31 04:00:00,0.0
2016-03-31 05:00:00,4.4
2016-03-31 06:00:00,102.7
2016-03-31 07:00:00,296.85
2016-03-31 08:00:00,541.95
2016-03-31 09:00:00,744.47
2016-03-31 10:00:00,844.47
2016-03-31 11:00:00,939.53
2016-03-31 12:00:00,881.33
2016-03-31 13:00:00,820.75
2016-03-31 14:00:00,654.58
2016-03-31 15:00:00,442.1
2016-03-31 16:00:00,208.1
2016-03-31 17:00:00,28.27
2016-03-31 18:00:00,0.0
2016-03-31 19:00:00,0.0
2016-03-31 20:00:00,0.0
2016-03-31 21:00:00,0.0
2016-03-31 22:00:00,0.0
2016-03-31 23:00:00,0.0
2016-04-01 00:00:00,0.0
2016-04-01 01:00:00,0.0
2016-04-01 02:00:00,0.0
2016-04-01 03:00:00,0.0
2016-04-01 04:00:00,0.0
2016-04-01 05:00:00,5.18
2016-04-01 06:00:00,113.3
2016-04-01 07:00:00,324.85
2016-04-01 08:00:00,555.45
2016-04-01 09:00:00,732.42
2016-04-01 10:00:00,860.8
2016-04-01 11:00:00,946.35
2016-04-01 12:00:00,928.25
2016-04-01 13:00:00,816.45
2016-04-01 14:00:00,656.3
2016-04-01 15:00:00,443.17
2016-04-01 16:00:00,211.88
2016-04-01 17:00:00,29.17
2016-04-01 18:00:00,0.0
2016-04-01 19:00:00,0.0
2016-04-01 20:00:00,0.0
2016-04-01 21:00:00,0.0
2016-04-01 22:00:00,0.0
2016-04-01 23:00:00,0.0
2016-04-02 00:00:00,0.0
2016-04-02 01:00:00,0.0
2016-04-02 02:00:00,0.0
2016-04-02 03:00:00,0.0
2016-04-02 04:00:00,0.0
2016-04-02 05:00:00,5.57
2016-04-02 06:00:00,127.07
2016-04-02 07:00:00,346.48
2016-04-02 08:00:00,574.5
2016-04-02 09:00:00,776.3
2016-04-02 10:00:00,894.5
2016-04-02 11:00:00,962.53
2016-04-02 12:00:00,940.65
2016-04-02 13:00:00,854.38
2016-04-02 14:00:00,667.7
2016-04-02 15:00:00,451.62
2016-04-02 16:00:00,215.82
2016-04-02 17:00:00,29.98
2016-04-02 18:00:00,0.0
2016-04-02 19:00:00,0.0
2016-04-02 20:00:00,0.0
2016-04-02 21:00:00,0.0
2016-04-02 22:00:00,0.0
2016-04-02 23:00:00,0.0
2016-04-03 00:00:00,0.0
2016-04-03 01:00:00,0.0
2016-04-03 02:00:00,0.0
2016-04-03 03:00:00,0.0
2016-04-03 04:00:00,0.0
2016-04-03 05:00:00,6.3
2016-04-03 06:00:00,130.32
2016-04-03 07:00:00,352.25
2016-04-03 08:00:00,581.95
2016-04-03 09:00:00,793.25
2016-04-03 10:00:00,918.8
2016-04-03 11:00:00,970.53
2016-04-03 12:00:00,930.35
2016-04-03 13:00:00,844.12
2016-04-03 14:00:00,669.7
2016-04-03 15:00:00,449.42
2016-04-03 16:00:00,212.23
2016-04-03 17:00:00,30.08
2016-04-03 18:00:00,0.0
2016-04-03 19:00:00,0.0
2016-04-03 20:00:00,0.0
2016-04-03 21:00:00,0.0
2016-04-03 22:00:00,0.0
2016-04-03 23:00:00,0.0
2016-04-04 00:00:00,0.0
2016-04-04 01:00:00,0.0
2016-04-04 02:00:00,0.0
2016-04-04 03:00:00,0.0
2016-04-04 04:00:00,0.0
2016-04-04 05:00:00,6.68
2016-04-04 06:00:00,125.28
2016-04-04 07:00:00,341.25
2016-04-04 08:00:00,576.9
2016-04-04 09:00:00,789.75
2016-04-04 10:00:00,924.05
2016-04-04 11:00:00,969.92
2016-04-04 12:00:00,948.78
2016-04-04 13:00:00,813.58
2016-04-04 14:00:00,670.15
2016-04-04 15:00:00,457.5
2016-04-04 16:00:00,217.75
2016-04-04 17:00:00,30.48
2016-04-04 18:00:00,0.0
2016-04-04 19:00:00,0.0
2016-04-04 20:00:00,0.0
2016-04-04 21:00:00,0.0
2016-04-04 22:00:00,0.0
2016-04-04 23:00:00,0.0
2016-04-05 00:00:00,0.0
2016-04-05 01:00:00,0.0
2016-04-05 02:00:00,0.0
2016-04-05 03:00:00,0.0
2016-04-05 04:00:00,0.0
2016-04-05 05:00:00,7.43
2016-04-05 06:00:00,141.95
2016-04-05 07:00:00,375.0
2016-04-05 08:00:00,622.58
2016-04-05 09:00:00,832.8
2016-04-05 10:00:00,960.2
2016-04-05 11:00:00,1019.75
2016-04-05 12:00:00,949.12
2016-04-05 13:00:00,893.92
2016-04-05 14:00:00,722.2
2016-04-05 15:00:00,504.3
2016-04-05 16:00:00,254.38
2016-04-05 17:00:00,38.65
2016-04-05 18:00:00,0.0
2016-04-05 19:00:00,0.0
2016-04-05 20:00:00,0.0
2016-04-05 21:00:00,0.0
2016-04-05 22:00:00,0.0
2016-04-05 23:00:00,0.0
2016-04-06 00:00:00,0.0
2016-04-06 01:00:00,0.0
2016-04-06 02:00:00,0.0
2016-04-06 03:00:00,0.0
2016-04-06 04:00:00,0.0
2016-04-06 05:00:00,8.0
2016-04-06 06:00:00,150.7
2016-04-06 07:00:00,386.05
2016-04-06 08:00:00,618.88
2016-04-06 09:00:00,803.1
2016-04-06 10:00:00,883.83
2016-04-06 11:00:00,999.15
2016-04-06 12:00:00,967.58
2016-04-06 13:00:00,872.83
2016-04-06 14:00:00,703.42
2016-04-06 15:00:00,492.92
2016-04-06 16:00:00,247.52
2016-04-06 17:00:00,37.45
2016-04-06 18:00:00,0.0
2016-04-06 19:00:00,0.0
2016-04-06 20:00:00,0.0
2016-04-06 21:00:00,0.0
2016-04-06 22:00:00,0.0
2016-04-06 23:00:00,0.0
2016-04-07 00:00:00,0.0
2016-04-07 01:00:00,0.0
2016-04-07 02:00:00,0.0
2016-04-07 03:00:00,0.0
2016-04-07 04:00:00,0.0
2016-04-07 05:00:00,7.75
2016-04-07 06:00:00,151.5
2016-04-07 07:00:00,374.75
2016-04-07 08:00:00,618.92
2016-04-07 09:00:00,807.7
2016-04-07 10:00:00,933.58
2016-04-07 11:00:00,995.3
2016-04-07 12:00:00,926.83
2016-04-07 13:00:00,873.3
2016-04-07 14:00:00,700.2
2016-04-07 15:00:00,483.7
2016-04-07 16:00:00,226.55
2016-04-07 17:00:00,32.28
2016-04-07 18:00:00,0.0
2016-04-07 19:00:00,0.0
2016-04-07 20:00:00,0.0
2016-04-07 21:00:00,0.0
2016-04-07 22:00:00,0.0
2016-04-07 23:00:00,0.0
2016-04-08 00:00:00,0.0
2016-04-08 01:00:00,0.0
2016-04-08 02:00:00,0.0
2016-04-08 03:00:00,0.0
2016-04-08 04:00:00,0.0
2016-04-08 05:00:00,9.4
2016-04-08 06:00:00,158.38
2016-04-08 07:00:00,380.98
2016-04-08 08:00:00,615.62
2016-04-08 09:00:00,797.22
2016-04-08 10:00:00,924.28
2016-04-08 11:00:00,997.9
2016-04-08 12:00:00,978.45
2016-04-08 13:00:00,827.03
2016-04-08 14:00:00,702.8
2016-04-08 15:00:00,492.8
2016-04-08 16:00:00,236.75
2016-04-08 17:00:00,36.7
2016-04-08 18:00:00,0.0
2016-04-08 19:00:00,0.0
2016-04-08 20:00:00,0.0
2016-04-08 21:00:00,0.0
2016-04-08 22:00:00,0.0
2016-04-08 23:00:00,0.0
2016-04-09 00:00:00,0.0
2016-04-09 01:00:00,0.0
2016-04-09 02:00:00,0.0
2016-04-09 03:00:00,0.0
2016-04-09 04:00:00,0.0
2016-04-09 05:00:00,9.68
2016-04-09 06:00:00,160.75
2016-04-09 07:00:00,395.2
2016-04-09 08:00:00,631.47
2016-04-09 09:00:00,814.5
2016-04-09 10:00:00,944.62
2016-04-09 11:00:00,1000.85
2016-04-09 12:00:00,977.05
2016-04-09 13:00:00,873.1
2016-04-09 14:00:00,704.15
2016-04-09 15:00:00,488.95
2016-04-09 16:00:00,242.52
2016-04-09 17:00:00,36.08
2016-04-09 18:00:00,0.0
2016-04-09 19:00:00,0.0
2016-04-09 20:00:00,0.0
2016-04-09 21:00:00,0.0
2016-04-09 22:00:00,0.0
2016-04-09 23:00:00,0.0
2016-04-10 00:00:00,0.0
2016-04-10 01:00:00,0.0
2016-04-10 02:00:00,0.0
2016-04-10 03:00:00,0.0
2016-04-10 04:00:00,0.0
2016-04-10 05:00:00,10.52
2016-04-10 06:00:00,164.3
2016-04-10 07:00:00,401.42
2016-04-10 08:00:00,636.92
2016-04-10 09:00:00,813.85
2016-04-10 10:00:00,956.53
2016-04-10 11:00:00,1000.5
2016-04-10 12:00:00,972.1
2016-04-10 13:00:00,853.8
2016-04-10 14:00:00,690.78
2016-04-10 15:00:00,475.52
2016-04-10 16:00:00,234.93
2016-04-10 17:00:00,34.05
2016-04-10 18:00:00,0.0
2016-04-10 19:00:00,0.0
2016-04-10 20:00:00,0.0
2016-04-10 21:00:00,0.0
2016-04-10 22:00:00,0.0
2016-04-10 23:00:00,0.0
2016-04-11 00:00:00,0.0
2016-04-11 01:00:00,0.0
2016-04-11 02:00:00,0.0
2016-04-11 03:00:00,0.0
2016-04-11 04:00:00,0.0
2016-04-11 05:00:00,9.18
2016-04-11 06:00:00,154.2
2016-04-11 07:00:00,389.65
2016-04-11 08:00:00,628.58
2016-04-11 09:00:00,797.7
2016-04-11 10:00:00,941.53
2016-04-11 11:00:00,1004.7
2016-04-11 12:00:00,975.5
2016-04-11 13:00:00,883.58
2016-04-11 14:00:00,693.9
2016-04-11 15:00:00,475.52
2016-04-11 16:00:00,232.88
2016-04-11 17:00:00,33.58
2016-04-11 18:00:00,0.0
2016-04-11 19:00:00,0.0
2016-04-11 20:00:00,0.0
2016-04-11 21:00:00,0.0
2016-04-11 22:00:00,0.0
2016-04-11 23:00:00,0.0
2016-04-12 00:00:00,0.0
2016-04-12 01:00:00,0.0
2016-04-12 02:00:00,0.0
2016-04-12 03:00:00,0.0
2016-04-12 04:00:00,0.0
2016-04-12 05:00:00,10.23
2016-04-12 06:00:00,151.88
2016-04-12 07:00:00,377.52
2016-04-12 08:00:00,600.8
2016-04-12 09:00:00,801.97
2016-04-12 10:00:00,926.42
2016-04-12 11:00:00,989.97
2016-04-12 12:00:00,958.9
2016-04-12 13:00:00,861.7
2016-04-12 14:00:00,689.05
2016-04-12 15:00:00,474.58
2016-04-12 16:00:00,231.45
2016-04-12 17:00:00,33.65
2016-04-12 18:00:00,0.0
2016-04-12 19:00:00,0.0
2016-04-12 20:00:00,0.0
2016-04-12 21:00:00,0.0
2016-04-12 22:00:00,0.0
2016-04-12 23:00:00,0.0
2016-04-13 00:00:00,0.0
2016-04-13 01:00:00,0.0
2016-04-13 02:00:00,0.0
2016-04-13 03:00:00,0.0
2016-04-13 04:00:00,0.0
2016-04-13 05:00:00,9.12
2016-04-13 06:00:00,134.75
2016-04-13 07:00:00,357.25
2016-04-13 08:00:00,583.03
2016-04-13 09:00:00,756.08
2016-04-13 10:00:00,881.12
2016-04-13 11:00:00,941.28
2016-04-13 12:00:00,914.0
2016-04-13 13:00:00,817.35
2016-04-13 14:00:00,640.25
2016-04-13 15:00:00,431.9
2016-04-13 16:00:00,200.5
2016-04-13 17:00:00,28.35
2016-04-13 18:00:00,0.0
2016-04-13 19:00:00,0.0
2016-04-13 20:00:00,0.0
2016-04-13 21:00:00,0.0
2016-04-13 22:00:00,0.0
2016-04-13 23:00:00,0.0
2016-04-14 00:00:00,0.0
2016-04-14 01:00:00,0.0
2016-04-14 02:00:00,0.0
2016-04-14 03:00:00,0.0
2016-04-14 04:00:00,0.0
2016-04-14 05:00:00,9.15
2016-04-14 06:00:00,132.6
2016-04-14 07:00:00,336.42
2016-04-14 08:00:00,567.08
2016-04-14 09:00:00,761.17
2016-04-14 10:00:00,883.42
2016-04-14 11:00:00,880.47
2016-04-14 12:00:00,874.62
2016-04-14 13:00:00,785.58
2016-04-14 14:00:00,620.65
2016-04-14 15:00:00,420.05
2016-04-14 16:00:00,195.6
2016-04-14 17:00:00,28.0
2016-04-14 18:00:00,0.0
2016-04-14 19:00:00,0.0
2016-04-14 20:00:00,0.0
2016-04-14 21:00:00,0.0
2016-04-14 22:00:00,0.0
2016-04-14 23:00:00,0.0
2016-04-15 00:00:00,0.0
2016-04-15 01:00:00,0.0
2016-04-15 02:00:00,0.0
2016-04-15 03:00:00,0.0
2016-04-15 04:00:00,0.0
2016-04-15 05:00:00,10.68
2016-04-15 06:00:00,148.23
2016-04-15 07:00:00,366.17
2016-04-15 08:00:00,587.4
2016-04-15 09:00:00,774.03
2016-04-15 10:00:00,896.83
2016-04-15 11:00:00,939.83
2016-04-15 12:00:00,915.92
2016-04-15 13:00:00,812.12
2016-04-15 14:00:00,648.12
2016-04-15 15:00:00,444.23
2016-04-15 16:00:00,214.68
2016-04-15 17:00:00,30.75
2016-04-15 18:00:00,0.0
2016-04-15 19:00:00,0.0
2016-04-15 20:00:00,0.0
2016-04-15 21:00:00,0.0
2016-04-15 22:00:00,0.0
2016-04-15 23:00:00,0.0
2016-04-16 00:00:00,0.0
2016-04-16 01:00:00,0.0
2016-04-16 02:00:00,0.0
2016-04-16 03:00:00,0.0
2016-04-16 04:00:00,0.0
2016-04-16 05:00:00,12.23
2016-04-16 06:00:00,164.82
2016-04-16 07:00:00,390.67
2016-04-16 08:00:00,614.0
2016-04-16 09:00:00,607.5
2016-04-16 10:00:00,904.65
2016-04-16 11:00:00,960.35
2016-04-16 12:00:00,866.1
2016-04-16 13:00:00,833.12
2016-04-16 14:00:00,665.55
2016-04-16 15:00:00,459.52
2016-04-16 16:00:00,222.85
2016-04-16 17:00:00,33.67
2016-04-16 18:00:00,0.0
2016-04-16 19:00:00,0.0
2016-04-16 20:00:00,0.0
2016-04-16 21:00:00,0.0
2016-04-16 22:00:00,0.0
2016-04-16 23:00:00,0.0
2016-04-17 00:00:00,0.0
2016-04-17 01:00:00,0.0
2016-04-17 02:00:00,0.0
2016-04-17 03:00:00,0.0
2016-04-17 04:00:00,0.0
2016-04-17 05:00:00,12.12
2016-04-17 06:00:00,153.95
2016-04-17 07:00:00,368.4
2016-04-17 08:00:00,603.62
2016-04-17 09:00:00,795.35
2016-04-17 10:00:00,920.85
2016-04-17 11:00:00,955.33
2016-04-17 12:00:00,936.28
2016-04-17 13:00:00,838.0
2016-04-17 14:00:00,666.25
2016-04-17 15:00:00,453.65
2016-04-17 16:00:00,223.32
2016-04-17 17:00:00,33.45
2016-04-17 18:00:00,0.0
2016-04-17 19:00:00,0.0
2016-04-17 20:00:00,0.0
2016-04-17 21:00:00,0.0
2016-04-17 22:00:00,0.0
2016-04-17 23:00:00,0.0
2016-04-18 00:00:00,0.0
2016-04-18 01:00:00,0.0
2016-04-18 02:00:00,0.0
2016-04-18 03:00:00,0.0
2016-04-18 04:00:00,0.0
2016-04-18 05:00:00,13.48
2016-04-18 06:00:00,174.57
2016-04-18 07:00:00,403.83
2016-04-18 08:00:00,626.58
2016-04-18 09:00:00,811.12
2016-04-18 10:00:00,939.4
2016-04-18 11:00:00,1001.0
2016-04-18 12:00:00,980.17
2016-04-18 13:00:00,905.22
2016-04-18 14:00:00,707.05
2016-04-18 15:00:00,495.45
2016-04-18 16:00:00,248.3
2016-04-18 17:00:00,38.88
2016-04-18 18:00:00,0.0
2016-04-18 19:00:00,0.0
2016-04-18 20:00:00,0.0
2016-04-18 21:00:00,0.0
2016-04-18 22:00:00,0.0
2016-04-18 23:00:00,0.0
2016-04-19 00:00:00,0.0
2016-04-19 01:00:00,0.0
2016-04-19 02:00:00,0.0
2016-04-19 03:00:00,0.0
2016-04-19 04:00:00,0.0
2016-04-19 05:00:00,14.8
2016-04-19 06:00:00,178.48
2016-04-19 07:00:00,405.27
2016-04-19 08:00:00,634.7
2016-04-19 09:00:00,820.17
2016-04-19 10:00:00,945.03
2016-04-19 11:00:00,997.67
2016-04-19 12:00:00,907.6
2016-04-19 13:00:00,869.4
2016-04-19 14:00:00,699.78
2016-04-19 15:00:00,491.38
2016-04-19 16:00:00,253.27
2016-04-19 17:00:00,40.6
2016-04-19 18:00:00,0.0
2016-04-19 19:00:00,0.0
2016-04-19 20:00:00,0.0
2016-04-19 21:00:00,0.0
2016-04-19 22:00:00,0.0
2016-04-19 23:00:00,0.0
2016-04-20 00:00:00,0.0
2016-04-20 01:00:00,0.0
2016-04-20 02:00:00,0.0
2016-04-20 03:00:00,0.0
2016-04-20 04:00:00,0.0
2016-04-20 05:00:00,15.85
2016-04-20 06:00:00,187.68
2016-04-20 07:00:00,419.0
2016-04-20 08:00:00,639.0
2016-04-20 09:00:00,816.35
2016-04-20 10:00:00,908.6
2016-04-20 11:00:00,1003.7
2016-04-20 12:00:00,980.0
2016-04-20 13:00:00,735.85
2016-04-20 14:00:00,703.62
2016-04-20 15:00:00,491.55
2016-04-20 16:00:00,240.98
2016-04-20 17:00:00,38.3
2016-04-20 18:00:00,0.0
2016-04-20 19:00:00,0.0
2016-04-20 20:00:00,0.0
2016-04-20 21:00:00,0.0
2016-04-20 22:00:00,0.0
2016-04-20 23:00:00,0.0
2016-04-21 00:00:00,0.0
2016-04-21 01:00:00,0.0
2016-04-21 02:00:00,0.0
2016-04-21 03:00:00,0.0
2016-04-21 04:00:00,0.0
2016-04-21 05:00:00,14.38
2016-04-21 06:00:00,170.8
2016-04-21 07:00:00,392.35
2016-04-21 08:00:00,612.53
2016-04-21 09:00:00,828.42
2016-04-21 10:00:00,942.42
2016-04-21 11:00:00,993.92
2016-04-21 12:00:00,926.22
2016-04-21 13:00:00,861.22
2016-04-21 14:00:00,692.0
2016-04-21 15:00:00,482.95
2016-04-21 16:00:00,244.98
2016-04-21 17:00:00,38.4
2016-04-21 18:00:00,0.0
2016-04-21 19:00:00,0.0
2016-04-21 20:00:00,0.0
2016-04-21 21:00:00,0.0
2016-04-21 22:00:00,0.0
2016-04-21 23:00:00,0.0
2016-04-22 00:00:00,0.0
2016-04-22 01:00:00,0.0
2016-04-22 02:00:00,0.0
2016-04-22 03:00:00,0.0
2016-04-22 04:00:00,0.0
2016-04-22 05:00:00,12.6
2016-04-22 06:00:00,175.57
2016-04-22 07:00:00,379.35
2016-04-22 08:00:00,587.3
2016-04-22 09:00:00,789.3
2016-04-22 10:00:00,903.42
2016-04-22 11:00:00,963.03
2016-04-22 12:00:00,931.2
2016-04-22 13:00:00,774.85
2016-04-22 14:00:00,652.03
2016-04-22 15:00:00,444.23
2016-04-22 16:00:00,211.5
2016-04-22 17:00:00,31.0
2016-04-22 18:00:00,0.0
2016-04-22 19:00:00,0.0
2016-04-22 20:00:00,0.0
2016-04-22 21:00:00,0.0
2016-04-22 22:00:00,0.0
2016-04-22 23:00:00,0.0
2016-04-23 00:00:00,0.0
2016-04-23 01:00:00,0.0
2016-04-23 02:00:00,0.0
2016-04-23 03:00:00,0.0
2016-04-23 04:00:00,0.0
2016-04-23 05:00:00,11.98
2016-04-23 06:00:00,134.95
2016-04-23 07:00:00,344.27
2016-04-23 08:00:00,570.5
2016-04-23 09:00:00,754.83
2016-04-23 10:00:00,880.9
2016-04-23 11:00:00,924.38
2016-04-23 12:00:00,860.17
2016-04-23 13:00:00,789.2
2016-04-23 14:00:00,624.15
2016-04-23 15:00:00,422.25
2016-04-23 16:00:00,197.7
2016-04-23 17:00:00,29.15
2016-04-23 18:00:00,0.0
2016-04-23 19:00:00,0.0
2016-04-23 20:00:00,0.0
2016-04-23 21:00:00,0.0
2016-04-23 22:00:00,0.0
2016-04-23 23:00:00,0.0
2016-04-24 00:00:00,0.0
2016-04-24 01:00:00,0.0
2016-04-24 02:00:00,0.0
2016-04-24 03:00:00,0.0
2016-04-24 04:00:00,0.0
2016-04-24 05:00:00,10.45
2016-04-24 06:00:00,115.05
2016-04-24 07:00:00,314.83
2016-04-24 08:00:00,598.2
2016-04-24 09:00:00,739.22
2016-04-24 10:00:00,894.15
2016-04-24 11:00:00,934.47
2016-04-24 12:00:00,903.58
2016-04-24 13:00:00,785.08
2016-04-24 14:00:00,610.67
2016-04-24 15:00:00,411.55
2016-04-24 16:00:00,194.18
2016-04-24 17:00:00,29.25
2016-04-24 18:00:00,0.0
2016-04-24 19:00:00,0.0
2016-04-24 20:00:00,0.0
2016-04-24 21:00:00,0.0
2016-04-24 22:00:00,0.0
2016-04-24 23:00:00,0.0
2016-04-25 00:00:00,0.0
2016-04-25 01:00:00,0.0
2016-04-25 02:00:00,0.0
2016-04-25 03:00:00,0.0
2016-04-25 04:00:00,0.0
2016-04-25 05:00:00,12.4
2016-04-25 06:00:00,139.7
2016-04-25 07:00:00,349.55
2016-04-25 08:00:00,553.1
2016-04-25 09:00:00,778.62
2016-04-25 10:00:00,823.55
2016-04-25 11:00:00,946.08
2016-04-25 12:00:00,914.4
2016-04-25 13:00:00,809.72
2016-04-25 14:00:00,614.7
2016-04-25 15:00:00,440.55
2016-04-25 16:00:00,210.9
2016-04-25 17:00:00,31.75
2016-04-25 18:00:00,0.0
2016-04-25 19:00:00,0.0
2016-04-25 20:00:00,0.0
2016-04-25 21:00:00,0.0
2016-04-25 22:00:00,0.0
2016-04-25 23:00:00,0.0
2016-04-26 00:00:00,0.0
2016-04-26 01:00:00,0.0
2016-04-26 02:00:00,0.0
2016-04-26 03:00:00,0.0
2016-04-26 04:00:00,0.0
2016-04-26 05:00:00,15.65
2016-04-26 06:00:00,159.5
2016-04-26 07:00:00,382.9
2016-04-26 08:00:00,577.6
2016-04-26 09:00:00,731.22
2016-04-26 10:00:00,904.92
2016-04-26 11:00:00,950.95
2016-04-26 12:00:00,927.92
2016-04-26 13:00:00,810.7
2016-04-26 14:00:00,661.28
2016-04-26 15:00:00,451.75
2016-04-26 16:00:00,222.9
2016-04-26 17:00:00,36.42
2016-04-26 18:00:00,0.0
2016-04-26 19:00:00,0.0
2016-04-26 20:00:00,0.0
2016-04-26 21:00:00,0.0
2016-04-26 22:00:00,0.0
2016-04-26 23:00:00,0.0
2016-04-27 00:00:00,0.0
2016-04-27 01:00:00,0.0
2016-04-27 02:00:00,0.0
2016-04-27 03:00:00,0.0
2016-04-27 04:00:00,0.0
2016-04-27 05:00:00,18.42
2016-04-27 06:00:00,168.85
2016-04-27 07:00:00,392.42
2016-04-27 08:00:00,608.03
2016-04-27 09:00:00,775.17
2016-04-27 10:00:00,844.08
2016-04-27 11:00:00,868.92
2016-04-27 12:00:00,878.75
2016-04-27 13:00:00,771.75
2016-04-27 14:00:00,648.7
2016-04-27 15:00:00,447.42
2016-04-27 16:00:00,223.5
2016-04-27 17:00:00,37.7
2016-04-27 18:00:00,0.0
2016-04-27 19:00:00,0.0
2016-04-27 20:00:00,0.0
2016-04-27 21:00:00,0.0
2016-04-27 22:00:00,0.0
2016-04-27 23:00:00,0.0
2016-04-28 00:00:00,0.0
2016-04-28 01:00:00,0.0
2016-04-28 02:00:00,0.0
2016-04-28 03:00:00,0.0
2016-04-28 04:00:00,0.0
2016-04-28 05:00:00,19.45
2016-04-28 06:00:00,189.65
2016-04-28 07:00:00,417.0
2016-04-28 08:00:00,649.88
2016-04-28 09:00:00,827.92
2016-04-28 10:00:00,954.1
2016-04-28 11:00:00,994.8
2016-04-28 12:00:00,922.08
2016-04-28 13:00:00,857.28
2016-04-28 14:00:00,687.88
2016-04-28 15:00:00,477.17
2016-04-28 16:00:00,242.73
2016-04-28 17:00:00,39.4
2016-04-28 18:00:00,0.0
2016-04-28 19:00:00,0.0
2016-04-28 20:00:00,0.0
2016-04-28 21:00:00,0.0
2016-04-28 22:00:00,0.0
2016-04-28 23:00:00,0.0
2016-04-29 00:00:00,0.0
2016-04-29 01:00:00,0.0
2016-04-29 02:00:00,0.0
2016-04-29 03:00:00,0.0
2016-04-29 04:00:00,0.0
2016-04-29 05:00:00,19.83
2016-04-29 06:00:00,184.3
2016-04-29 07:00:00,412.9
2016-04-29 08:00:00,646.7
2016-04-29 09:00:00,763.1
2016-04-29 10:00:00,933.53
2016-04-29 11:00:00,934.72
2016-04-29 12:00:00,957.7
2016-04-29 13:00:00,869.7
2016-04-29 14:00:00,683.53
2016-04-29 15:00:00,471.55
2016-04-29 16:00:00,235.77
2016-04-29 17:00:00,37.7
2016-04-29 18:00:00,0.0
2016-04-29 19:00:00,0.0
2016-04-29 20:00:00,0.0
2016-04-29 21:00:00,0.0
2016-04-29 22:00:00,0.0
2016-04-29 23:00:00,0.0
2016-04-30 00:00:00,0.0
2016-04-30 01:00:00,0.0
2016-04-30 02:00:00,0.0
2016-04-30 03:00:00,0.0
2016-04-30 04:00:00,0.0
2016-04-30 05:00:00,17.23
2016-04-30 06:00:00,169.85
2016-04-30 07:00:00,402.3
2016-04-30 08:00:00,624.55
2016-04-30 09:00:00,828.78
2016-04-30 10:00:00,942.55
2016-04-30 11:00:00,938.72
2016-04-30 12:00:00,954.85
2016-04-30 13:00:00,834.7
2016-04-30 14:00:00,668.17
2016-04-30 15:00:00,459.3
2016-04-30 16:00:00,225.48
2016-04-30 17:00:00,36.0
2016-04-30 18:00:00,0.0
2016-04-30 19:00:00,0.0
2016-04-30 20:00:00,0.0
2016-04-30 21:00:00,0.0
2016-04-30 22:00:00,0.0
2016-04-30 23:00:00,0.0
2016-05-01 00:00:00,0.0
2016-05-01 01:00:00,0.0
2016-05-01 02:00:00,0.0
2016-05-01 03:00:00,0.0
2016-05-01 04:00:00,0.0
2016-05-01 05:00:00,18.15
2016-05-01 06:00:00,185.52
2016-05-01 07:00:00,412.9
2016-05-01 08:00:00,644.83
2016-05-01 09:00:00,751.15
2016-05-01 10:00:00,942.97
2016-05-01 11:00:00,976.15
2016-05-01 12:00:00,941.17
2016-05-01 13:00:00,743.08
2016-05-01 14:00:00,668.45
2016-05-01 15:00:00,463.38
2016-05-01 16:00:00,226.85
2016-05-01 17:00:00,36.5
2016-05-01 18:00:00,0.0
2016-05-01 19:00:00,0.0
2016-05-01 20:00:00,0.0
2016-05-01 21:00:00,0.0
2016-05-01 22:00:00,0.0
2016-05-01 23:00:00,0.0
2016-05-02 00:00:00,0.0
2016-05-02 01:00:00,0.0
2016-05-02 02:00:00,0.0
2016-05-02 03:00:00,0.0
2016-05-02 04:00:00,0.0
2016-05-02 05:00:00,18.77
2016-05-02 06:00:00,187.93
2016-05-02 07:00:00,416.33
2016-05-02 08:00:00,637.55
2016-05-02 09:00:00,816.4
2016-05-02 10:00:00,920.7
2016-05-02 11:00:00,963.05
2016-05-02 12:00:00,764.74
2016-05-02 13:00:00,790.15
2016-05-02 14:00:00,657.62
2016-05-02 15:00:00,454.73
2016-05-02 16:00:00,213.4
2016-05-02 17:00:00,34.42
2016-05-02 18:00:00,0.0
2016-05-02 19:00:00,0.0
2016-05-02 20:00:00,0.0
2016-05-02 21:00:00,0.0
2016-05-02 22:00:00,0.0
2016-05-02 23:00:00,0.0
2016-05-03 00:00:00,0.0
2016-05-03 01:00:00,0.0
2016-05-03 02:00:00,0.0
2016-05-03 03:00:00,0.0
2016-05-03 04:00:00,0.0
2016-05-03 05:00:00,17.98
2016-05-03 06:00:00,170.12
2016-05-03 07:00:00,387.77
2016-05-03 08:00:00,618.22
2016-05-03 09:00:00,796.5
2016-05-03 10:00:00,905.83
2016-05-03 11:00:00,962.88
2016-05-03 12:00:00,929.58
2016-05-03 13:00:00,787.2
2016-05-03 14:00:00,659.65
2016-05-03 15:00:00,448.3
2016-05-03 16:00:00,216.52
2016-05-03 17:00:00,35.2
2016-05-03 18:00:00,0.0
2016-05-03 19:00:00,0.0
2016-05-03 20:00:00,0.0
2016-05-03 21:00:00,0.0
2016-05-03 22:00:00,0.0
2016-05-03 23:00:00,0.0
2016-05-04 00:00:00,0.0
2016-05-04 01:00:00,0.0
2016-05-04 02:00:00,0.0
2016-05-04 03:00:00,0.0
2016-05-04 04:00:00,0.0
2016-05-04 05:00:00,18.25
2016-05-04 06:00:00,151.05
2016-05-04 07:00:00,352.7
2016-05-04 08:00:00,596.53
2016-05-04 09:00:00,803.22
2016-05-04 10:00:00,827.65
2016-05-04 11:00:00,945.5
2016-05-04 12:00:00,913.62
2016-05-04 13:00:00,808.55
2016-05-04 14:00:00,649.28
2016-05-04 15:00:00,445.55
2016-05-04 16:00:00,217.95
2016-05-04 17:00:00,34.8
2016-05-04 18:00:00,0.0
2016-05-04 19:00:00,0.0
2016-05-04 20:00:00,0.0
2016-05-04 21:00:00,0.0
2016-05-04 22:00:00,0.0
2016-05-04 23:00:00,0.0
2016-05-05 00:00:00,0.0
2016-05-05 01:00:00,0.0
2016-05-05 02:00:00,0.0
2016-05-05 03:00:00,0.0
2016-05-05 04:00:00,0.0
2016-05-05 05:00:00,18.17
2016-05-05 06:00:00,166.93
2016-05-05 07:00:00,398.35
2016-05-05 08:00:00,614.65
2016-05-05 09:00:00,789.53
2016-05-05 10:00:00,905.22
2016-05-05 11:00:00,951.0
2016-05-05 12:00:00,892.1
2016-05-05 13:00:00,811.7
2016-05-05 14:00:00,654.35
2016-05-05 15:00:00,449.67
2016-05-05 16:00:00,221.5
2016-05-05 17:00:00,37.62
2016-05-05 18:00:00,0.0
2016-05-05 19:00:00,0.0
2016-05-05 20:00:00,0.0
2016-05-05 21:00:00,0.0
2016-05-05 22:00:00,0.0
2016-05-05 23:00:00,0.0
2016-05-06 00:00:00,0.0
2016-05-06 01:00:00,0.0
2016-05-06 02:00:00,0.0
2016-05-06 03:00:00,0.0
2016-05-06 04:00:00,0.0
2016-05-06 05:00:00,19.9
2016-05-06 06:00:00,162.48
2016-05-06 07:00:00,364.05
2016-05-06 08:00:00,595.75
2016-05-06 09:00:00,778.42
2016-05-06 10:00:00,860.33
2016-05-06 11:00:00,909.95
2016-05-06 12:00:00,811.85
2016-05-06 13:00:00,599.03
2016-05-06 14:00:00,499.62
2016-05-06 15:00:00,315.05
2016-05-06 16:00:00,170.3
2016-05-06 17:00:00,25.6
2016-05-06 18:00:00,0.0
2016-05-06 19:00:00,0.0
2016-05-06 20:00:00,0.0
2016-05-06 21:00:00,0.0
2016-05-06 22:00:00,0.0
2016-05-06 23:00:00,0.0
2016-05-07 00:00:00,0.0
2016-05-07 01:00:00,0.0
2016-05-07 02:00:00,0.0
2016-05-07 03:00:00,0.0
2016-05-07 04:00:00,0.0
2016-05-07 05:00:00,17.67
2016-05-07 06:00:00,149.07
2016-05-07 07:00:00,348.8
2016-05-07 08:00:00,593.47
2016-05-07 09:00:00,781.83
2016-05-07 10:00:00,904.78
2016-05-07 11:00:00,939.22
2016-05-07 12:00:00,858.12
2016-05-07 13:00:00,788.83
2016-05-07 14:00:00,622.6
2016-05-07 15:00:00,380.27
2016-05-07 16:00:00,187.02
2016-05-07 17:00:00,31.77
2016-05-07 18:00:00,0.0
2016-05-07 19:00:00,0.0
2016-05-07 20:00:00,0.0
2016-05-07 21:00:00,0.0
2016-05-07 22:00:00,0.0
2016-05-07 23:00:00,0.0
2016-05-08 00:00:00,0.0
2016-05-08 01:00:00,0.0
2016-05-08 02:00:00,0.0
2016-05-08 03:00:00,0.0
2016-05-08 04:00:00,0.0
2016-05-08 05:00:00,22.7
2016-05-08 06:00:00,182.73
2016-05-08 07:00:00,399.55
2016-05-08 08:00:00,618.6
2016-05-08 09:00:00,655.58
2016-05-08 10:00:00,766.3
2016-05-08 11:00:00,940.45
2016-05-08 12:00:00,908.78
2016-05-08 13:00:00,787.12
2016-05-08 14:00:00,656.15
2016-05-08 15:00:00,454.38
2016-05-08 16:00:00,208.5
2016-05-08 17:00:00,33.33
2016-05-08 18:00:00,0.0
2016-05-08 19:00:00,0.0
2016-05-08 20:00:00,0.0
2016-05-08 21:00:00,0.0
2016-05-08 22:00:00,0.0
2016-05-08 23:00:00,0.0
2016-05-09 00:00:00,0.0
2016-05-09 01:00:00,0.0
2016-05-09 02:00:00,0.0
2016-05-09 03:00:00,0.0
2016-05-09 04:00:00,0.0
2016-05-09 05:00:00,11.18
2016-05-09 06:00:00,86.35
2016-05-09 07:00:00,180.4
2016-05-09 08:00:00,389.27
2016-05-09 09:00:00,548.85
2016-05-09 10:00:00,721.28
2016-05-09 11:00:00,769.42
2016-05-09 12:00:00,792.92
2016-05-09 13:00:00,748.78
2016-05-09 14:00:00,555.9
2016-05-09 15:00:00,322.38
2016-05-09 16:00:00,172.0
2016-05-09 17:00:00,31.3
2016-05-09 18:00:00,0.0
2016-05-09 19:00:00,0.0
2016-05-09 20:00:00,0.0
2016-05-09 21:00:00,0.0
2016-05-09 22:00:00,0.0
2016-05-09 23:00:00,0.0
2016-05-10 00:00:00,0.0
2016-05-10 01:00:00,0.0
2016-05-10 02:00:00,0.0
2016-05-10 03:00:00,0.0
2016-05-10 04:00:00,0.0
2016-05-10 05:00:00,19.88
2016-05-10 06:00:00,154.15
2016-05-10 07:00:00,351.8
2016-05-10 08:00:00,560.0
2016-05-10 09:00:00,735.97
2016-05-10 10:00:00,832.5
2016-05-10 11:00:00,891.78
2016-05-10 12:00:00,840.35
2016-05-10 13:00:00,771.58
2016-05-10 14:00:00,634.65
2016-05-10 15:00:00,437.02
2016-05-10 16:00:00,218.1
2016-05-10 17:00:00,38.78
2016-05-10 18:00:00,0.0
2016-05-10 19:00:00,0.0
2016-05-10 20:00:00,0.0
2016-05-10 21:00:00,0.0
2016-05-10 22:00:00,0.0
2016-05-10 23:00:00,0.0
2016-05-11 00:00:00,0.0
2016-05-11 01:00:00,0.0
2016-05-11 02:00:00,0.0
2016-05-11 03:00:00,0.0
2016-05-11 04:00:00,0.0
2016-05-11 05:00:00,15.02
2016-05-11 06:00:00,112.62
2016-05-11 07:00:00,279.67
2016-05-11 08:00:00,481.3
2016-05-11 09:00:00,653.08
2016-05-11 10:00:00,834.42
2016-05-11 11:00:00,866.53
2016-05-11 12:00:00,814.53
2016-05-11 13:00:00,726.53
2016-05-11 14:00:00,557.28
2016-05-11 15:00:00,372.98
2016-05-11 16:00:00,185.38
2016-05-11 17:00:00,35.5
2016-05-11 18:00:00,0.0
2016-05-11 19:00:00,0.0
2016-05-11 20:00:00,0.0
2016-05-11 21:00:00,0.0
2016-05-11 22:00:00,0.0
2016-05-11 23:00:00,0.0
2016-05-12 00:00:00,0.0
2016-05-12 01:00:00,0.0
2016-05-12 02:00:00,0.0
2016-05-12 03:00:00,0.0
2016-05-12 04:00:00,0.0
2016-05-12 05:00:00,21.2
2016-05-12 06:00:00,175.23
2016-05-12 07:00:00,401.3
2016-05-12 08:00:00,604.88
2016-05-12 09:00:00,793.22
2016-05-12 10:00:00,909.42
2016-05-12 11:00:00,954.1
2016-05-12 12:00:00,911.85
2016-05-12 13:00:00,737.55
2016-05-12 14:00:00,622.67
2016-05-12 15:00:00,451.27
2016-05-12 16:00:00,230.95
2016-05-12 17:00:00,42.7
2016-05-12 18:00:00,0.0
2016-05-12 19:00:00,0.0
2016-05-12 20:00:00,0.0
2016-05-12 21:00:00,0.0
2016-05-12 22:00:00,0.0
2016-05-12 23:00:00,0.0
2016-05-13 00:00:00,0.0
2016-05-13 01:00:00,0.0
2016-05-13 02:00:00,0.0
2016-05-13 03:00:00,0.0
2016-05-13 04:00:00,0.0
2016-05-13 05:00:00,22.23
2016-05-13 06:00:00,181.1
2016-05-13 07:00:00,405.52
2016-05-13 08:00:00,579.95
2016-05-13 09:00:00,811.28
2016-05-13 10:00:00,902.08
2016-05-13 11:00:00,933.22
2016-05-13 12:00:00,890.3
2016-05-13 13:00:00,784.03
2016-05-13 14:00:00,620.7
2016-05-13 15:00:00,413.0
2016-05-13 16:00:00,204.3
2016-05-13 17:00:00,37.2
2016-05-13 18:00:00,0.0
2016-05-13 19:00:00,0.0
2016-05-13 20:00:00,0.0
2016-05-13 21:00:00,0.0
2016-05-13 22:00:00,0.0
2016-05-13 23:00:00,0.0
2016-05-14 00:00:00,0.0
2016-05-14 01:00:00,0.0
2016-05-14 02:00:00,0.0
2016-05-14 03:00:00,0.0
2016-05-14 04:00:00,0.0
2016-05-14 05:00:00,22.4
2016-05-14 06:00:00,181.48
2016-05-14 07:00:00,409.6
2016-05-14 08:00:00,628.53
2016-05-14 09:00:00,801.85
2016-05-14 10:00:00,879.72
2016-05-14 11:00:00,959.95
2016-05-14 12:00:00,696.03
2016-05-14 13:00:00,818.7
2016-05-14 14:00:00,645.4
2016-05-14 15:00:00,445.83
2016-05-14 16:00:00,225.52
2016-05-14 17:00:00,41.17
2016-05-14 18:00:00,0.0
2016-05-14 19:00:00,0.0
2016-05-14 20:00:00,0.0
2016-05-14 21:00:00,0.0
2016-05-14 22:00:00,0.0
2016-05-14 23:00:00,0.0
2016-05-15 00:00:00,0.0
2016-05-15 01:00:00,0.0
2016-05-15 02:00:00,0.0
2016-05-15 03:00:00,0.0
2016-05-15 04:00:00,0.0
2016-05-15 05:00:00,26.6
2016-05-15 06:00:00,185.7
2016-05-15 07:00:00,404.58
2016-05-15 08:00:00,628.75
2016-05-15 09:00:00,806.58
2016-05-15 10:00:00,859.72
2016-05-15 11:00:00,936.95
2016-05-15 12:00:00,901.9
2016-05-15 13:00:00,814.8
2016-05-15 14:00:00,620.3
2016-05-15 15:00:00,430.85
2016-05-15 16:00:00,217.98
2016-05-15 17:00:00,43.55
2016-05-15 18:00:00,0.0
2016-05-15 19:00:00,0.0
2016-05-15 20:00:00,0.0
2016-05-15 21:00:00,0.0
2016-05-15 22:00:00,0.0
2016-05-15 23:00:00,0.0
2016-05-16 00:00:00,0.0
2016-05-16 01:00:00,0.0
2016-05-16 02:00:00,0.0
2016-05-16 03:00:00,0.0
2016-05-16 04:00:00,0.0
2016-05-16 05:00:00,23.23
2016-05-16 06:00:00,179.2
2016-05-16 07:00:00,375.1
2016-05-16 08:00:00,526.28
2016-05-16 09:00:00,563.75
2016-05-16 10:00:00,529.4
2016-05-16 11:00:00,374.48
2016-05-16 12:00:00,299.85
2016-05-16 13:00:00,341.17
2016-05-16 14:00:00,324.77
2016-05-16 15:00:00,204.15
2016-05-16 16:00:00,119.57
2016-05-16 17:00:00,21.02
2016-05-16 18:00:00,0.0
2016-05-16 19:00:00,0.0
2016-05-16 20:00:00,0.0
2016-05-16 21:00:00,0.0
2016-05-16 22:00:00,0.0
2016-05-16 23:00:00,0.0
2016-05-17 00:00:00,0.0
2016-05-17 01:00:00,0.0
2016-05-17 02:00:00,0.0
2016-05-17 03:00:00,0.0
2016-05-17 04:00:00,0.0
2016-05-17 05:00:00,2.4
2016-05-17 06:00:00,36.83
2016-05-17 07:00:00,59.25
2016-05-17 08:00:00,152.65
2016-05-17 09:00:00,187.55
2016-05-17 10:00:00,227.88
2016-05-17 11:00:00,73.15
2016-05-17 12:00:00,65.03
2016-05-17 13:00:00,56.65
2016-05-17 14:00:00,63.72
2016-05-17 15:00:00,32.88
2016-05-17 16:00:00,15.0
2016-05-17 17:00:00,2.38
2016-05-17 18:00:00,0.0
2016-05-17 19:00:00,0.0
2016-05-17 20:00:00,0.0
2016-05-17 21:00:00,0.0
2016-05-17 22:00:00,0.0
2016-05-17 23:00:00,0.0
2016-05-18 00:00:00,0.0
2016-05-18 01:00:00,0.0
2016-05-18 02:00:00,0.0
2016-05-18 03:00:00,0.0
2016-05-18 04:00:00,0.0
2016-05-18 05:00:00,1.1
2016-05-18 06:00:00,7.82
2016-05-18 07:00:00,20.8
2016-05-18 08:00:00,31.83
2016-05-18 09:00:00,44.42
2016-05-18 10:00:00,78.47
2016-05-18 11:00:00,43.95
2016-05-18 12:00:00,50.3
2016-05-18 13:00:00,41.05
2016-05-18 14:00:00,42.25
2016-05-18 15:00:00,26.2
2016-05-18 16:00:00,12.7
2016-05-18 17:00:00,2.2
2016-05-18 18:00:00,0.0
2016-05-18 19:00:00,0.0
2016-05-18 20:00:00,0.0
2016-05-18 21:00:00,0.0
2016-05-18 22:00:00,0.0
2016-05-18 23:00:00,0.0
2016-05-19 00:00:00,0.0
2016-05-19 01:00:00,0.0
2016-05-19 02:00:00,0.0
2016-05-19 03:00:00,0.0
2016-05-19 04:00:00,0.0
2016-05-19 05:00:00,8.95
2016-05-19 06:00:00,70.93
2016-05-19 07:00:00,175.05
2016-05-19 08:00:00,273.42
2016-05-19 09:00:00,258.92
2016-05-19 10:00:00,258.1
2016-05-19 11:00:00,181.48
2016-05-19 12:00:00,303.42
2016-05-19 13:00:00,270.38
2016-05-19 14:00:00,332.98
2016-05-19 15:00:00,208.85
2016-05-19 16:00:00,113.07
2016-05-19 17:00:00,17.02
2016-05-19 18:00:00,0.0
2016-05-19 19:00:00,0.0
2016-05-19 20:00:00,0.0
2016-05-19 21:00:00,0.0
2016-05-19 22:00:00,0.0
2016-05-19 23:00:00,0.0
2016-05-20 00:00:00,0.0
2016-05-20 01:00:00,0.0
2016-05-20 02:00:00,0.0
2016-05-20 03:00:00,0.0
2016-05-20 04:00:00,0.0
2016-05-20 05:00:00,16.6
2016-05-20 06:00:00,123.8
2016-05-20 07:00:00,290.05
2016-05-20 08:00:00,436.23
2016-05-20 09:00:00,569.28
2016-05-20 10:00:00,681.65
2016-05-20 11:00:00,714.38
2016-05-20 12:00:00,674.38
2016-05-20 13:00:00,597.47
2016-05-20 14:00:00,474.4
2016-05-20 15:00:00,301.2
2016-05-20 16:00:00,145.93
2016-05-20 17:00:00,30.62
2016-05-20 18:00:00,0.0
2016-05-20 19:00:00,0.0
2016-05-20 20:00:00,0.0
2016-05-20 21:00:00,0.0
2016-05-20 22:00:00,0.0
2016-05-20 23:00:00,0.0
2016-05-21 00:00:00,0.0
2016-05-21 01:00:00,0.0
2016-05-21 02:00:00,0.0
2016-05-21 03:00:00,0.0
2016-05-21 04:00:00,0.0
2016-05-21 05:00:00,22.62
2016-05-21 06:00:00,154.18
2016-05-21 07:00:00,329.33
2016-05-21 08:00:00,566.6
2016-05-21 09:00:00,755.88
2016-05-21 10:00:00,860.85
2016-05-21 11:00:00,867.45
2016-05-21 12:00:00,804.28
2016-05-21 13:00:00,697.9
2016-05-21 14:00:00,583.33
2016-05-21 15:00:00,368.48
2016-05-21 16:00:00,187.8
2016-05-21 17:00:00,36.17
2016-05-21 18:00:00,0.0
2016-05-21 19:00:00,0.0
2016-05-21 20:00:00,0.0
2016-05-21 21:00:00,0.0
2016-05-21 22:00:00,0.0
2016-05-21 23:00:00,0.0
2016-05-22 00:00:00,0.0
2016-05-22 01:00:00,0.0
2016-05-22 02:00:00,0.0
2016-05-22 03:00:00,0.0
2016-05-22 04:00:00,0.0
2016-05-22 05:00:00,22.77
2016-05-22 06:00:00,165.57
2016-05-22 07:00:00,375.45
2016-05-22 08:00:00,605.45
2016-05-22 09:00:00,625.2
2016-05-22 10:00:00,852.9
2016-05-22 11:00:00,880.53
2016-05-22 12:00:00,859.65
2016-05-22 13:00:00,773.1
2016-05-22 14:00:00,590.65
2016-05-22 15:00:00,378.67
2016-05-22 16:00:00,191.27
2016-05-22 17:00:00,37.15
2016-05-22 18:00:00,0.0
2016-05-22 19:00:00,0.0
2016-05-22 20:00:00,0.0
2016-05-22 21:00:00,0.0
2016-05-22 22:00:00,0.0
2016-05-22 23:00:00,0.0
2016-05-23 00:00:00,0.0
2016-05-23 01:00:00,0.0
2016-05-23 02:00:00,0.0
2016-05-23 03:00:00,0.0
2016-05-23 04:00:00,0.0
2016-05-23 05:00:00,27.33
2016-05-23 06:00:00,200.12
2016-05-23 07:00:00,416.12
2016-05-23 08:00:00,610.35
2016-05-23 09:00:00,729.12
2016-05-23 10:00:00,859.85
2016-05-23 11:00:00,858.88
2016-05-23 12:00:00,676.88
2016-05-23 13:00:00,662.1
2016-05-23 14:00:00,579.28
2016-05-23 15:00:00,413.35
2016-05-23 16:00:00,221.85
2016-05-23 17:00:00,44.7
2016-05-23 18:00:00,0.0
2016-05-23 19:00:00,0.0
2016-05-23 20:00:00,0.0
2016-05-23 21:00:00,0.0
2016-05-23 22:00:00,0.0
2016-05-23 23:00:00,0.0
2016-05-24 00:00:00,0.0
2016-05-24 01:00:00,0.0
2016-05-24 02:00:00,0.0
2016-05-24 03:00:00,0.0
2016-05-24 04:00:00,0.0
2016-05-24 05:00:00,25.52
2016-05-24 06:00:00,197.2
2016-05-24 07:00:00,420.77
2016-05-24 08:00:00,577.3
2016-05-24 09:00:00,660.15
2016-05-24 10:00:00,874.45
2016-05-24 11:00:00,903.38
2016-05-24 12:00:00,780.6
2016-05-24 13:00:00,761.97
2016-05-24 14:00:00,636.35
2016-05-24 15:00:00,445.58
2016-05-24 16:00:00,226.2
2016-05-24 17:00:00,43.4
2016-05-24 18:00:00,0.0
2016-05-24 19:00:00,0.0
2016-05-24 20:00:00,0.0
2016-05-24 21:00:00,0.0
2016-05-24 22:00:00,0.0
2016-05-24 23:00:00,0.0
2016-05-25 00:00:00,0.0
2016-05-25 01:00:00,0.0
2016-05-25 02:00:00,0.0
2016-05-25 03:00:00,0.0
2016-05-25 04:00:00,0.0
2016-05-25 05:00:00,27.1
2016-05-25 06:00:00,193.18
2016-05-25 07:00:00,411.42
2016-05-25 08:00:00,613.72
2016-05-25 09:00:00,750.85
2016-05-25 10:00:00,869.72
2016-05-25 11:00:00,897.9
2016-05-25 12:00:00,843.75
2016-05-25 13:00:00,765.22
2016-05-25 14:00:00,616.3
2016-05-25 15:00:00,418.17
2016-05-25 16:00:00,216.85
2016-05-25 17:00:00,43.53
2016-05-25 18:00:00,0.0
2016-05-25 19:00:00,0.0
2016-05-25 20:00:00,0.0
2016-05-25 21:00:00,0.0
2016-05-25 22:00:00,0.0
2016-05-25 23:00:00,0.0
2016-05-26 00:00:00,0.0
2016-05-26 01:00:00,0.0
2016-05-26 02:00:00,0.0
2016-05-26 03:00:00,0.0
2016-05-26 04:00:00,0.0
2016-05-26 05:00:00,26.3
2016-05-26 06:00:00,179.65
2016-05-26 07:00:00,391.92
2016-05-26 08:00:00,608.15
2016-05-26 09:00:00,776.67
2016-05-26 10:00:00,883.1
2016-05-26 11:00:00,909.75
2016-05-26 12:00:00,877.03
2016-05-26 13:00:00,785.22
2016-05-26 14:00:00,625.05
2016-05-26 15:00:00,426.62
2016-05-26 16:00:00,211.32
2016-05-26 17:00:00,40.53
2016-05-26 18:00:00,0.0
2016-05-26 19:00:00,0.0
2016-05-26 20:00:00,0.0
2016-05-26 21:00:00,0.0
2016-05-26 22:00:00,0.0
2016-05-26 23:00:00,0.0
2016-05-27 00:00:00,0.0
2016-05-27 01:00:00,0.0
2016-05-27 02:00:00,0.0
2016-05-27 03:00:00,0.0
2016-05-27 04:00:00,0.0
2016-05-27 05:00:00,5.8
2016-05-27 06:00:00,43.2
2016-05-27 07:00:00,102.45
2016-05-27 08:00:00,336.45
2016-05-27 09:00:00,554.5
2016-05-27 10:00:00,710.1
2016-05-27 11:00:00,800.53
2016-05-27 12:00:00,727.1
2016-05-27 13:00:00,664.12
2016-05-27 14:00:00,549.08
2016-05-27 15:00:00,371.5
2016-05-27 16:00:00,193.5
2016-05-27 17:00:00,40.53
2016-05-27 18:00:00,0.0
2016-05-27 19:00:00,0.0
2016-05-27 20:00:00,0.0
2016-05-27 21:00:00,0.0
2016-05-27 22:00:00,0.0
2016-05-27 23:00:00,0.0
2016-05-28 00:00:00,0.0
2016-05-28 01:00:00,0.0
2016-05-28 02:00:00,0.0
2016-05-28 03:00:00,0.0
2016-05-28 04:00:00,0.0
2016-05-28 05:00:00,21.85
2016-05-28 06:00:00,151.88
2016-05-28 07:00:00,347.95
2016-05-28 08:00:00,567.25
2016-05-28 09:00:00,732.05
2016-05-28 10:00:00,815.28
2016-05-28 11:00:00,796.95
2016-05-28 12:00:00,855.22
2016-05-28 13:00:00,752.95
2016-05-28 14:00:00,592.1
2016-05-28 15:00:00,385.6
2016-05-28 16:00:00,189.85
2016-05-28 17:00:00,36.5
2016-05-28 18:00:00,0.0
2016-05-28 19:00:00,0.0
2016-05-28 20:00:00,0.0
2016-05-28 21:00:00,0.0
2016-05-28 22:00:00,0.0
2016-05-28 23:00:00,0.0
2016-05-29 00:00:00,0.0
2016-05-29 01:00:00,0.0
2016-05-29 02:00:00,0.0
2016-05-29 03:00:00,0.0
2016-05-29 04:00:00,0.0
2016-05-29 05:00:00,18.33
2016-05-29 06:00:00,131.32
2016-05-29 07:00:00,313.3
2016-05-29 08:00:00,521.72
2016-05-29 09:00:00,716.4
2016-05-29 10:00:00,813.67
2016-05-29 11:00:00,902.17
2016-05-29 12:00:00,874.97
2016-05-29 13:00:00,676.17
2016-05-29 14:00:00,503.58
2016-05-29 15:00:00,306.5
2016-05-29 16:00:00,151.45
2016-05-29 17:00:00,35.05
2016-05-29 18:00:00,0.0
2016-05-29 19:00:00,0.0
2016-05-29 20:00:00,0.0
2016-05-29 21:00:00,0.0
2016-05-29 22:00:00,0.0
2016-05-29 23:00:00,0.0
2016-05-30 00:00:00,0.0
2016-05-30 01:00:00,0.0
2016-05-30 02:00:00,0.0
2016-05-30 03:00:00,0.0
2016-05-30 04:00:00,0.0
2016-05-30 05:00:00,23.02
2016-05-30 06:00:00,136.85
2016-05-30 07:00:00,286.92
2016-05-30 08:00:00,494.17
2016-05-30 09:00:00,674.03
2016-05-30 10:00:00,760.58
2016-05-30 11:00:00,836.92
2016-05-30 12:00:00,827.15
2016-05-30 13:00:00,736.88
2016-05-30 14:00:00,578.88
2016-05-30 15:00:00,373.98
2016-05-30 16:00:00,184.48
2016-05-30 17:00:00,40.92
2016-05-30 18:00:00,0.0
2016-05-30 19:00:00,0.0
2016-05-30 20:00:00,0.0
2016-05-30 21:00:00,0.0
2016-05-30 22:00:00,0.0
2016-05-30 23:00:00,0.0
2016-05-31 00:00:00,0.0
2016-05-31 01:00:00,0.0
2016-05-31 02:00:00,0.0
2016-05-31 03:00:00,0.0
2016-05-31 04:00:00,0.0
2016-05-31 05:00:00,23.98
2016-05-31 06:00:00,142.38
2016-05-31 07:00:00,303.02
2016-05-31 08:00:00,400.42
2016-05-31 09:00:00,484.48
2016-05-31 10:00:00,520.58
2016-05-31 11:00:00,694.6
2016-05-31 12:00:00,671.78
2016-05-31 13:00:00,559.3
2016-05-31 14:00:00,410.85
2016-05-31 15:00:00,238.48
2016-05-31 16:00:00,137.93
2016-05-31 17:00:00,33.95
2016-05-31 18:00:00,0.0
2016-05-31 19:00:00,0.0
2016-05-31 20:00:00,0.0
2016-05-31 21:00:00,0.0
2016-05-31 22:00:00,0.0
2016-05-31 23:00:00,0.0
2016-06-01 00:00:00,0.0
2016-06-01 01:00:00,0.0
2016-06-01 02:00:00,0.0
2016-06-01 03:00:00,0.0
2016-06-01 04:00:00,0.0
2016-06-01 05:00:00,22.73
2016-06-01 06:00:00,164.48
2016-06-01 07:00:00,364.58
2016-06-01 08:00:00,566.97
2016-06-01 09:00:00,709.72
2016-06-01 10:00:00,829.8
2016-06-01 11:00:00,876.35
2016-06-01 12:00:00,806.7
2016-06-01 13:00:00,738.95
2016-06-01 14:00:00,591.78
2016-06-01 15:00:00,392.67
2016-06-01 16:00:00,195.3
2016-06-01 17:00:00,38.3
2016-06-01 18:00:00,0.0
2016-06-01 19:00:00,0.0
2016-06-01 20:00:00,0.0
2016-06-01 21:00:00,0.0
2016-06-01 22:00:00,0.0
2016-06-01 23:00:00,0.0
2016-06-02 00:00:00,0.0
2016-06-02 01:00:00,0.0
2016-06-02 02:00:00,0.0
2016-06-02 03:00:00,0.0
2016-06-02 04:00:00,0.0
2016-06-02 05:00:00,16.98
2016-06-02 06:00:00,107.6
2016-06-02 07:00:00,220.55
2016-06-02 08:00:00,352.52
2016-06-02 09:00:00,473.7
2016-06-02 10:00:00,544.5
2016-06-02 11:00:00,663.92
2016-06-02 12:00:00,738.2
2016-06-02 13:00:00,610.0
2016-06-02 14:00:00,517.0
2016-06-02 15:00:00,316.85
2016-06-02 16:00:00,164.6
2016-06-02 17:00:00,37.33
2016-06-02 18:00:00,0.0
2016-06-02 19:00:00,0.0
2016-06-02 20:00:00,0.0
2016-06-02 21:00:00,0.0
2016-06-02 22:00:00,0.0
2016-06-02 23:00:00,0.0
2016-06-03 00:00:00,0.0
2016-06-03 01:00:00,0.0
2016-06-03 02:00:00,0.0
2016-06-03 03:00:00,0.0
2016-06-03 04:00:00,0.0
2016-06-03 05:00:00,17.8
2016-06-03 06:00:00,121.57
2016-06-03 07:00:00,273.25
2016-06-03 08:00:00,469.42
2016-06-03 09:00:00,618.53
2016-06-03 10:00:00,717.05
2016-06-03 11:00:00,851.45
2016-06-03 12:00:00,773.03
2016-06-03 13:00:00,708.22
2016-06-03 14:00:00,565.5
2016-06-03 15:00:00,365.95
2016-06-03 16:00:00,168.18
2016-06-03 17:00:00,33.65
2016-06-03 18:00:00,0.0
2016-06-03 19:00:00,0.0
2016-06-03 20:00:00,0.0
2016-06-03 21:00:00,0.0
2016-06-03 22:00:00,0.0
2016-06-03 23:00:00,0.0
2016-06-04 00:00:00,0.0
2016-06-04 01:00:00,0.0
2016-06-04 02:00:00,0.0
2016-06-04 03:00:00,0.0
2016-06-04 04:00:00,0.0
2016-06-04 05:00:00,18.85
2016-06-04 06:00:00,128.12
2016-06-04 07:00:00,293.2
2016-06-04 08:00:00,411.88
2016-06-04 09:00:00,488.52
2016-06-04 10:00:00,576.12
2016-06-04 11:00:00,568.42
2016-06-04 12:00:00,464.02
2016-06-04 13:00:00,392.25
2016-06-04 14:00:00,298.98
2016-06-04 15:00:00,202.07
2016-06-04 16:00:00,103.43
2016-06-04 17:00:00,12.57
2016-06-04 18:00:00,0.0
2016-06-04 19:00:00,0.0
2016-06-04 20:00:00,0.0
2016-06-04 21:00:00,0.0
2016-06-04 22:00:00,0.0
2016-06-04 23:00:00,0.0
2016-06-05 00:00:00,0.0
2016-06-05 01:00:00,0.0
2016-06-05 02:00:00,0.0
2016-06-05 03:00:00,0.0
2016-06-05 04:00:00,0.0
2016-06-05 05:00:00,17.02
2016-06-05 06:00:00,106.95
2016-06-05 07:00:00,254.98
2016-06-05 08:00:00,438.2
2016-06-05 09:00:00,594.95
2016-06-05 10:00:00,669.3
2016-06-05 11:00:00,791.08
2016-06-05 12:00:00,790.65
2016-06-05 13:00:00,559.45
2016-06-05 14:00:00,502.98
2016-06-05 15:00:00,331.7
2016-06-05 16:00:00,164.9
2016-06-05 17:00:00,37.08
2016-06-05 18:00:00,0.0
2016-06-05 19:00:00,0.0
2016-06-05 20:00:00,0.0
2016-06-05 21:00:00,0.0
2016-06-05 22:00:00,0.0
2016-06-05 23:00:00,0.0
2016-06-06 00:00:00,0.0
2016-06-06 01:00:00,0.0
2016-06-06 02:00:00,0.0
2016-06-06 03:00:00,0.0
2016-06-06 04:00:00,0.0
2016-06-06 05:00:00,6.43
2016-06-06 06:00:00,54.08
2016-06-06 07:00:00,174.35
2016-06-06 08:00:00,294.17
2016-06-06 09:00:00,499.85
2016-06-06 10:00:00,616.9
2016-06-06 11:00:00,663.97
2016-06-06 12:00:00,630.85
2016-06-06 13:00:00,595.47
2016-06-06 14:00:00,456.17
2016-06-06 15:00:00,302.05
2016-06-06 16:00:00,159.8
2016-06-06 17:00:00,38.42
2016-06-06 18:00:00,0.0
2016-06-06 19:00:00,0.0
2016-06-06 20:00:00,0.0
2016-06-06 21:00:00,0.0
2016-06-06 22:00:00,0.0
2016-06-06 23:00:00,0.0
2016-06-07 00:00:00,0.0
2016-06-07 01:00:00,0.0
2016-06-07 02:00:00,0.0
2016-06-07 03:00:00,0.0
2016-06-07 04:00:00,0.0
2016-06-07 05:00:00,8.43
2016-06-07 06:00:00,45.25
2016-06-07 07:00:00,86.2
2016-06-07 08:00:00,186.52
2016-06-07 09:00:00,288.85
2016-06-07 10:00:00,407.62
2016-06-07 11:00:00,477.0
2016-06-07 12:00:00,551.58
2016-06-07 13:00:00,466.17
2016-06-07 14:00:00,341.77
2016-06-07 15:00:00,244.1
2016-06-07 16:00:00,118.7
2016-06-07 17:00:00,19.77
2016-06-07 18:00:00,0.0
2016-06-07 19:00:00,0.0
2016-06-07 20:00:00,0.0
2016-06-07 21:00:00,0.0
2016-06-07 22:00:00,0.0
2016-06-07 23:00:00,0.0
2016-06-08 00:00:00,0.0
2016-06-08 01:00:00,0.0
2016-06-08 02:00:00,0.0
2016-06-08 03:00:00,0.0
2016-06-08 04:00:00,0.0
2016-06-08 05:00:00,9.25
2016-06-08 06:00:00,77.8
2016-06-08 07:00:00,179.18
2016-06-08 08:00:00,137.77
2016-06-08 09:00:00,113.25
2016-06-08 10:00:00,258.33
2016-06-08 11:00:00,380.0
2016-06-08 12:00:00,425.15
2016-06-08 13:00:00,502.62
2016-06-08 14:00:00,428.1
2016-06-08 15:00:00,168.5
2016-06-08 16:00:00,92.82
2016-06-08 17:00:00,22.75
2016-06-08 18:00:00,0.0
2016-06-08 19:00:00,0.0
2016-06-08 20:00:00,0.0
2016-06-08 21:00:00,0.0
2016-06-08 22:00:00,0.0
2016-06-08 23:00:00,0.0
2016-06-09 00:00:00,0.0
2016-06-09 01:00:00,0.0
2016-06-09 02:00:00,0.0
2016-06-09 03:00:00,0.0
2016-06-09 04:00:00,0.0
2016-06-09 05:00:00,19.08
2016-06-09 06:00:00,137.95
2016-06-09 07:00:00,310.55
2016-06-09 08:00:00,525.3
2016-06-09 09:00:00,684.08
2016-06-09 10:00:00,714.88
2016-06-09 11:00:00,882.35
2016-06-09 12:00:00,863.75
2016-06-09 13:00:00,740.22
2016-06-09 14:00:00,563.33
2016-06-09 15:00:00,354.15
2016-06-09 16:00:00,175.98
2016-06-09 17:00:00,44.55
2016-06-09 18:00:00,0.0
2016-06-09 19:00:00,0.0
2016-06-09 20:00:00,0.0
2016-06-09 21:00:00,0.0
2016-06-09 22:00:00,0.0
2016-06-09 23:00:00,0.0
2016-06-10 00:00:00,0.0
2016-06-10 01:00:00,0.0
2016-06-10 02:00:00,0.0
2016-06-10 03:00:00,0.0
2016-06-10 04:00:00,0.0
2016-06-10 05:00:00,21.05
2016-06-10 06:00:00,160.2
2016-06-10 07:00:00,350.35
2016-06-10 08:00:00,556.78
2016-06-10 09:00:00,745.53
2016-06-10 10:00:00,835.35
2016-06-10 11:00:00,896.22
2016-06-10 12:00:00,854.1
2016-06-10 13:00:00,778.6
2016-06-10 14:00:00,604.67
2016-06-10 15:00:00,390.08
2016-06-10 16:00:00,207.88
2016-06-10 17:00:00,51.62
2016-06-10 18:00:00,0.0
2016-06-10 19:00:00,0.0
2016-06-10 20:00:00,0.0
2016-06-10 21:00:00,0.0
2016-06-10 22:00:00,0.0
2016-06-10 23:00:00,0.0
2016-06-11 00:00:00,0.0
2016-06-11 01:00:00,0.0
2016-06-11 02:00:00,0.0
2016-06-11 03:00:00,0.0
2016-06-11 04:00:00,0.0
2016-06-11 05:00:00,21.23
2016-06-11 06:00:00,172.25
2016-06-11 07:00:00,389.77
2016-06-11 08:00:00,591.78
2016-06-11 09:00:00,755.15
2016-06-11 10:00:00,874.8
2016-06-11 11:00:00,918.25
2016-06-11 12:00:00,877.42
2016-06-11 13:00:00,786.1
2016-06-11 14:00:00,605.05
2016-06-11 15:00:00,416.62
2016-06-11 16:00:00,228.15
2016-06-11 17:00:00,56.28
2016-06-11 18:00:00,0.0
2016-06-11 19:00:00,0.0
2016-06-11 20:00:00,0.0
2016-06-11 21:00:00,0.0
2016-06-11 22:00:00,0.0
2016-06-11 23:00:00,0.0
2016-06-12 00:00:00,0.0
2016-06-12 01:00:00,0.0
2016-06-12 02:00:00,0.0
2016-06-12 03:00:00,0.0
2016-06-12 04:00:00,0.0
2016-06-12 05:00:00,24.02
2016-06-12 06:00:00,197.85
2016-06-12 07:00:00,412.67
2016-06-12 08:00:00,606.1
2016-06-12 09:00:00,746.97
2016-06-12 10:00:00,859.08
2016-06-12 11:00:00,921.3
2016-06-12 12:00:00,874.53
2016-06-12 13:00:00,757.35
2016-06-12 14:00:00,570.3
2016-06-12 15:00:00,399.08
2016-06-12 16:00:00,200.38
2016-06-12 17:00:00,45.97
2016-06-12 18:00:00,0.0
2016-06-12 19:00:00,0.0
2016-06-12 20:00:00,0.0
2016-06-12 21:00:00,0.0
2016-06-12 22:00:00,0.0
2016-06-12 23:00:00,0.0
2016-06-13 00:00:00,0.0
2016-06-13 01:00:00,0.0
2016-06-13 02:00:00,0.0
2016-06-13 03:00:00,0.0
2016-06-13 04:00:00,0.0
2016-06-13 05:00:00,21.6
2016-06-13 06:00:00,167.88
2016-06-13 07:00:00,367.0
2016-06-13 08:00:00,578.53
2016-06-13 09:00:00,749.55
2016-06-13 10:00:00,847.78
2016-06-13 11:00:00,876.15
2016-06-13 12:00:00,843.85
2016-06-13 13:00:00,733.6
2016-06-13 14:00:00,603.7
2016-06-13 15:00:00,413.8
2016-06-13 16:00:00,200.3
2016-06-13 17:00:00,44.95
2016-06-13 18:00:00,0.0
2016-06-13 19:00:00,0.0
2016-06-13 20:00:00,0.0
2016-06-13 21:00:00,0.0
2016-06-13 22:00:00,0.0
2016-06-13 23:00:00,0.0
2016-06-14 00:00:00,0.0
2016-06-14 01:00:00,0.0
2016-06-14 02:00:00,0.0
2016-06-14 03:00:00,0.0
2016-06-14 04:00:00,0.0
2016-06-14 05:00:00,23.67
2016-06-14 06:00:00,184.07
2016-06-14 07:00:00,401.23
2016-06-14 08:00:00,591.6
2016-06-14 09:00:00,716.97
2016-06-14 10:00:00,847.0
2016-06-14 11:00:00,901.97
2016-06-14 12:00:00,856.22
2016-06-14 13:00:00,735.45
2016-06-14 14:00:00,501.58
2016-06-14 15:00:00,267.6
2016-06-14 16:00:00,122.8
2016-06-14 17:00:00,29.33
2016-06-14 18:00:00,0.0
2016-06-14 19:00:00,0.0
2016-06-14 20:00:00,0.0
2016-06-14 21:00:00,0.0
2016-06-14 22:00:00,0.0
2016-06-14 23:00:00,0.0
2016-06-15 00:00:00,0.0
2016-06-15 01:00:00,0.0
2016-06-15 02:00:00,0.0
2016-06-15 03:00:00,0.0
2016-06-15 04:00:00,0.0
2016-06-15 05:00:00,15.05
2016-06-15 06:00:00,108.82
2016-06-15 07:00:00,254.88
2016-06-15 08:00:00,454.7
2016-06-15 09:00:00,608.8
2016-06-15 10:00:00,712.83
2016-06-15 11:00:00,750.15
2016-06-15 12:00:00,673.15
2016-06-15 13:00:00,582.97
2016-06-15 14:00:00,437.2
2016-06-15 15:00:00,324.77
2016-06-15 16:00:00,178.1
2016-06-15 17:00:00,42.8
2016-06-15 18:00:00,0.0
2016-06-15 19:00:00,0.0
2016-06-15 20:00:00,0.0
2016-06-15 21:00:00,0.0
2016-06-15 22:00:00,0.0
2016-06-15 23:00:00,0.0
2016-06-16 00:00:00,0.0
2016-06-16 01:00:00,0.0
2016-06-16 02:00:00,0.0
2016-06-16 03:00:00,0.0
2016-06-16 04:00:00,0.0
2016-06-16 05:00:00,22.45
2016-06-16 06:00:00,138.32
2016-06-16 07:00:00,292.8
2016-06-16 08:00:00,410.98
2016-06-16 09:00:00,585.67
2016-06-16 10:00:00,667.5
2016-06-16 11:00:00,710.9
2016-06-16 12:00:00,691.85
2016-06-16 13:00:00,545.28
2016-06-16 14:00:00,447.02
2016-06-16 15:00:00,298.48
2016-06-16 16:00:00,152.1
2016-06-16 17:00:00,35.88
2016-06-16 18:00:00,0.0
2016-06-16 19:00:00,0.0
2016-06-16 20:00:00,0.0
2016-06-16 21:00:00,0.0
2016-06-16 22:00:00,0.0
2016-06-16 23:00:00,0.0
2016-06-17 00:00:00,0.0
2016-06-17 01:00:00,0.0
2016-06-17 02:00:00,0.0
2016-06-17 03:00:00,0.0
2016-06-17 04:00:00,0.0
2016-06-17 05:00:00,18.23
2016-06-17 06:00:00,115.32
2016-06-17 07:00:00,263.92
2016-06-17 08:00:00,399.92
2016-06-17 09:00:00,472.85
2016-06-17 10:00:00,485.75
2016-06-17 11:00:00,447.05
2016-06-17 12:00:00,383.0
2016-06-17 13:00:00,343.08
2016-06-17 14:00:00,267.83
2016-06-17 15:00:00,181.48
2016-06-17 16:00:00,98.18
2016-06-17 17:00:00,23.15
2016-06-17 18:00:00,0.0
2016-06-17 19:00:00,0.0
2016-06-17 20:00:00,0.0
2016-06-17 21:00:00,0.0
2016-06-17 22:00:00,0.0
2016-06-17 23:00:00,0.0
2016-06-18 00:00:00,0.0
2016-06-18 01:00:00,0.0
2016-06-18 02:00:00,0.0
2016-06-18 03:00:00,0.0
2016-06-18 04:00:00,0.0
2016-06-18 05:00:00,13.02
2016-06-18 06:00:00,86.8
2016-06-18 07:00:00,128.18
2016-06-18 08:00:00,118.75
2016-06-18 09:00:00,143.5
2016-06-18 10:00:00,173.9
2016-06-18 11:00:00,342.05
2016-06-18 12:00:00,481.0
2016-06-18 13:00:00,499.33
2016-06-18 14:00:00,413.27
2016-06-18 15:00:00,309.02
2016-06-18 16:00:00,160.18
2016-06-18 17:00:00,42.62
2016-06-18 18:00:00,0.0
2016-06-18 19:00:00,0.0
2016-06-18 20:00:00,0.0
2016-06-18 21:00:00,0.0
2016-06-18 22:00:00,0.0
2016-06-18 23:00:00,0.0
2016-06-19 00:00:00,0.0
2016-06-19 01:00:00,0.0
2016-06-19 02:00:00,0.0
2016-06-19 03:00:00,0.0
2016-06-19 04:00:00,0.0
2016-06-19 05:00:00,14.02
2016-06-19 06:00:00,91.82
2016-06-19 07:00:00,221.7
2016-06-19 08:00:00,413.3
2016-06-19 09:00:00,636.55
2016-06-19 10:00:00,749.97
2016-06-19 11:00:00,838.5
2016-06-19 12:00:00,761.38
2016-06-19 13:00:00,696.9
2016-06-19 14:00:00,576.17
2016-06-19 15:00:00,407.38
2016-06-19 16:00:00,202.18
2016-06-19 17:00:00,46.97
2016-06-19 18:00:00,0.0
2016-06-19 19:00:00,0.0
2016-06-19 20:00:00,0.0
2016-06-19 21:00:00,0.0
2016-06-19 22:00:00,0.0
2016-06-19 23:00:00,0.0
2016-06-20 00:00:00,0.0
2016-06-20 01:00:00,0.0
2016-06-20 02:00:00,0.0
2016-06-20 03:00:00,0.0
2016-06-20 04:00:00,0.0
2016-06-20 05:00:00,14.93
2016-06-20 06:00:00,103.57
2016-06-20 07:00:00,220.98
2016-06-20 08:00:00,363.9
2016-06-20 09:00:00,470.75
2016-06-20 10:00:00,513.38
2016-06-20 11:00:00,664.55
2016-06-20 12:00:00,760.7
2016-06-20 13:00:00,662.78
2016-06-20 14:00:00,566.0
2016-06-20 15:00:00,394.88
2016-06-20 16:00:00,207.62
2016-06-20 17:00:00,52.35
2016-06-20 18:00:00,0.0
2016-06-20 19:00:00,0.0
2016-06-20 20:00:00,0.0
2016-06-20 21:00:00,0.0
2016-06-20 22:00:00,0.0
2016-06-20 23:00:00,0.0
2016-06-21 00:00:00,0.0
2016-06-21 01:00:00,0.0
2016-06-21 02:00:00,0.0
2016-06-21 03:00:00,0.0
2016-06-21 04:00:00,0.0
2016-06-21 05:00:00,17.7
2016-06-21 06:00:00,112.85
2016-06-21 07:00:00,245.12
2016-06-21 08:00:00,427.7
2016-06-21 09:00:00,614.17
2016-06-21 10:00:00,737.92
2016-06-21 11:00:00,812.6
2016-06-21 12:00:00,784.1
2016-06-21 13:00:00,644.28
2016-06-21 14:00:00,581.95
2016-06-21 15:00:00,427.75
2016-06-21 16:00:00,222.43
2016-06-21 17:00:00,51.67
2016-06-21 18:00:00,0.0
2016-06-21 19:00:00,0.0
2016-06-21 20:00:00,0.0
2016-06-21 21:00:00,0.0
2016-06-21 22:00:00,0.0
2016-06-21 23:00:00,0.0
2016-06-22 00:00:00,0.0
2016-06-22 01:00:00,0.0
2016-06-22 02:00:00,0.0
2016-06-22 03:00:00,0.0
2016-06-22 04:00:00,0.0
2016-06-22 05:00:00,19.12
2016-06-22 06:00:00,163.6
2016-06-22 07:00:00,384.33
2016-06-22 08:00:00,553.35
2016-06-22 09:00:00,689.47
2016-06-22 10:00:00,677.0
2016-06-22 11:00:00,628.62
2016-06-22 12:00:00,524.12
2016-06-22 13:00:00,466.65
2016-06-22 14:00:00,316.98
2016-06-22 15:00:00,205.25
2016-06-22 16:00:00,143.98
2016-06-22 17:00:00,41.83
2016-06-22 18:00:00,0.0
2016-06-22 19:00:00,0.0
2016-06-22 20:00:00,0.0
2016-06-22 21:00:00,0.0
2016-06-22 22:00:00,0.0
2016-06-22 23:00:00,0.0
2016-06-23 00:00:00,0.0
2016-06-23 01:00:00,0.0
2016-06-23 02:00:00,0.0
2016-06-23 03:00:00,0.0
2016-06-23 04:00:00,0.0
2016-06-23 05:00:00,14.7
2016-06-23 06:00:00,86.97
2016-06-23 07:00:00,180.52
2016-06-23 08:00:00,326.55
2016-06-23 09:00:00,505.48
2016-06-23 10:00:00,512.42
2016-06-23 11:00:00,414.0
2016-06-23 12:00:00,395.1
2016-06-23 13:00:00,344.5
2016-06-23 14:00:00,245.48
2016-06-23 15:00:00,74.65
2016-06-23 16:00:00,47.45
2016-06-23 17:00:00,14.55
2016-06-23 18:00:00,0.0
2016-06-23 19:00:00,0.0
2016-06-23 20:00:00,0.0
2016-06-23 21:00:00,0.0
2016-06-23 22:00:00,0.0
2016-06-23 23:00:00,0.0
2016-06-24 00:00:00,0.0
2016-06-24 01:00:00,0.0
2016-06-24 02:00:00,0.0
2016-06-24 03:00:00,0.0
2016-06-24 04:00:00,0.0
2016-06-24 05:00:00,22.23
2016-06-24 06:00:00,148.7
2016-06-24 07:00:00,316.48
2016-06-24 08:00:00,475.35
2016-06-24 09:00:00,596.17
2016-06-24 10:00:00,655.67
2016-06-24 11:00:00,530.75
2016-06-24 12:00:00,316.92
2016-06-24 13:00:00,292.62
2016-06-24 14:00:00,183.23
2016-06-24 15:00:00,138.55
2016-06-24 16:00:00,53.08
2016-06-24 17:00:00,11.32
2016-06-24 18:00:00,0.0
2016-06-24 19:00:00,0.0
2016-06-24 20:00:00,0.0
2016-06-24 21:00:00,0.0
2016-06-24 22:00:00,0.0
2016-06-24 23:00:00,0.0
2016-06-25 00:00:00,0.0
2016-06-25 01:00:00,0.0
2016-06-25 02:00:00,0.0
2016-06-25 03:00:00,0.0
2016-06-25 04:00:00,0.0
2016-06-25 05:00:00,6.4
2016-06-25 06:00:00,54.3
2016-06-25 07:00:00,125.72
2016-06-25 08:00:00,244.62
2016-06-25 09:00:00,373.65
2016-06-25 10:00:00,441.65
2016-06-25 11:00:00,351.23
2016-06-25 12:00:00,264.98
2016-06-25 13:00:00,240.38
2016-06-25 14:00:00,147.23
2016-06-25 15:00:00,118.75
2016-06-25 16:00:00,102.43
2016-06-25 17:00:00,12.8
2016-06-25 18:00:00,0.0
2016-06-25 19:00:00,0.0
2016-06-25 20:00:00,0.0
2016-06-25 21:00:00,0.0
2016-06-25 22:00:00,0.0
2016-06-25 23:00:00,0.0
2016-06-26 00:00:00,0.0
2016-06-26 01:00:00,0.0
2016-06-26 02:00:00,0.0
2016-06-26 03:00:00,0.0
2016-06-26 04:00:00,0.0
2016-06-26 05:00:00,3.7
2016-06-26 06:00:00,42.92
2016-06-26 07:00:00,137.02
2016-06-26 08:00:00,269.83
2016-06-26 09:00:00,421.12
2016-06-26 10:00:00,698.2
2016-06-26 11:00:00,567.88
2016-06-26 12:00:00,501.25
2016-06-26 13:00:00,427.65
2016-06-26 14:00:00,348.38
2016-06-26 15:00:00,264.52
2016-06-26 16:00:00,128.25
2016-06-26 17:00:00,26.12
2016-06-26 18:00:00,0.0
2016-06-26 19:00:00,0.0
2016-06-26 20:00:00,0.0
2016-06-26 21:00:00,0.0
2016-06-26 22:00:00,0.0
2016-06-26 23:00:00,0.0
2016-06-27 00:00:00,0.0
2016-06-27 01:00:00,0.0
2016-06-27 02:00:00,0.0
2016-06-27 03:00:00,0.0
2016-06-27 04:00:00,0.0
2016-06-27 05:00:00,14.15
2016-06-27 06:00:00,99.43
2016-06-27 07:00:00,223.32
2016-06-27 08:00:00,323.15
2016-06-27 09:00:00,388.4
2016-06-27 10:00:00,480.45
2016-06-27 11:00:00,335.6
2016-06-27 12:00:00,320.33
2016-06-27 13:00:00,310.6
2016-06-27 14:00:00,335.45
2016-06-27 15:00:00,286.2
2016-06-27 16:00:00,137.1
2016-06-27 17:00:00,35.58
2016-06-27 18:00:00,0.0
2016-06-27 19:00:00,0.0
2016-06-27 20:00:00,0.0
2016-06-27 21:00:00,0.0
2016-06-27 22:00:00,0.0
2016-06-27 23:00:00,0.0
2016-06-28 00:00:00,0.0
2016-06-28 01:00:00,0.0
2016-06-28 02:00:00,0.0
2016-06-28 03:00:00,0.0
2016-06-28 04:00:00,0.0
2016-06-28 05:00:00,8.25
2016-06-28 06:00:00,57.08
2016-06-28 07:00:00,131.07
2016-06-28 08:00:00,236.52
2016-06-28 09:00:00,343.35
2016-06-28 10:00:00,437.48
2016-06-28 11:00:00,416.42
2016-06-28 12:00:00,337.38
2016-06-28 13:00:00,307.7
2016-06-28 14:00:00,235.7
2016-06-28 15:00:00,130.68
2016-06-28 16:00:00,71.03
2016-06-28 17:00:00,18.45
2016-06-28 18:00:00,0.0
2016-06-28 19:00:00,0.0
2016-06-28 20:00:00,0.0
2016-06-28 21:00:00,0.0
2016-06-28 22:00:00,0.0
2016-06-28 23:00:00,0.0
2016-06-29 00:00:00,0.0
2016-06-29 01:00:00,0.0
2016-06-29 02:00:00,0.0
2016-06-29 03:00:00,0.0
2016-06-29 04:00:00,0.0
2016-06-29 05:00:00,11.93
2016-06-29 06:00:00,78.25
2016-06-29 07:00:00,159.55
2016-06-29 08:00:00,282.02
2016-06-29 09:00:00,382.05
2016-06-29 10:00:00,373.8
2016-06-29 11:00:00,282.77
2016-06-29 12:00:00,345.83
2016-06-29 13:00:00,344.77
2016-06-29 14:00:00,292.73
2016-06-29 15:00:00,161.7
2016-06-29 16:00:00,94.78
2016-06-29 17:00:00,18.17
2016-06-29 18:00:00,0.0
2016-06-29 19:00:00,0.0
2016-06-29 20:00:00,0.0
2016-06-29 21:00:00,0.0
2016-06-29 22:00:00,0.0
2016-06-29 23:00:00,0.0
2016-06-30 00:00:00,0.0
2016-06-30 01:00:00,0.0
2016-06-30 02:00:00,0.0
2016-06-30 03:00:00,0.0
2016-06-30 04:00:00,0.0
2016-06-30 05:00:00,9.32
2016-06-30 06:00:00,76.7
2016-06-30 07:00:00,177.45
2016-06-30 08:00:00,313.9
2016-06-30 09:00:00,430.05
2016-06-30 10:00:00,508.52
2016-06-30 11:00:00,496.35
2016-06-30 12:00:00,606.92
2016-06-30 13:00:00,447.2
2016-06-30 14:00:00,328.33
2016-06-30 15:00:00,204.3
2016-06-30 16:00:00,108.85
2016-06-30 17:00:00,24.75
2016-06-30 18:00:00,0.0
2016-06-30 19:00:00,0.0
2016-06-30 20:00:00,0.0
2016-06-30 21:00:00,0.0
2016-06-30 22:00:00,0.0
2016-06-30 23:00:00,0.0
2016-07-01 00:00:00,0.0
2016-07-01 01:00:00,0.0
2016-07-01 02:00:00,0.0
2016-07-01 03:00:00,0.0
2016-07-01 04:00:00,0.0
2016-07-01 05:00:00,11.25
2016-07-01 06:00:00,93.65
2016-07-01 07:00:00,219.52
2016-07-01 08:00:00,362.0
2016-07-01 09:00:00,483.33
2016-07-01 10:00:00,582.1
2016-07-01 11:00:00,662.42
2016-07-01 12:00:00,622.28
2016-07-01 13:00:00,542.17
2016-07-01 14:00:00,359.38
2016-07-01 15:00:00,280.55
2016-07-01 16:00:00,140.4
2016-07-01 17:00:00,35.38
2016-07-01 18:00:00,0.0
2016-07-01 19:00:00,0.0
2016-07-01 20:00:00,0.0
2016-07-01 21:00:00,0.0
2016-07-01 22:00:00,0.0
2016-07-01 23:00:00,0.0
2016-07-02 00:00:00,0.0
2016-07-02 01:00:00,0.0
2016-07-02 02:00:00,0.0
2016-07-02 03:00:00,0.0
2016-07-02 04:00:00,0.0
2016-07-02 05:00:00,9.45
2016-07-02 06:00:00,81.53
2016-07-02 07:00:00,197.35
2016-07-02 08:00:00,380.6
2016-07-02 09:00:00,559.47
2016-07-02 10:00:00,697.65
2016-07-02 11:00:00,763.85
2016-07-02 12:00:00,702.22
2016-07-02 13:00:00,586.72
2016-07-02 14:00:00,409.42
2016-07-02 15:00:00,229.77
2016-07-02 16:00:00,136.48
2016-07-02 17:00:00,18.73
2016-07-02 18:00:00,0.0
2016-07-02 19:00:00,0.0
2016-07-02 20:00:00,0.0
2016-07-02 21:00:00,0.0
2016-07-02 22:00:00,0.0
2016-07-02 23:00:00,0.0
2016-07-03 00:00:00,0.0
2016-07-03 01:00:00,0.0
2016-07-03 02:00:00,0.0
2016-07-03 03:00:00,0.0
2016-07-03 04:00:00,0.0
2016-07-03 05:00:00,11.8
2016-07-03 06:00:00,106.43
2016-07-03 07:00:00,250.57
2016-07-03 08:00:00,445.1
2016-07-03 09:00:00,621.62
2016-07-03 10:00:00,702.62
2016-07-03 11:00:00,686.38
2016-07-03 12:00:00,595.3
2016-07-03 13:00:00,518.65
2016-07-03 14:00:00,397.7
2016-07-03 15:00:00,243.88
2016-07-03 16:00:00,127.43
2016-07-03 17:00:00,33.67
2016-07-03 18:00:00,0.0
2016-07-03 19:00:00,0.0
2016-07-03 20:00:00,0.0
2016-07-03 21:00:00,0.0
2016-07-03 22:00:00,0.0
2016-07-03 23:00:00,0.0
2016-07-04 00:00:00,0.0
2016-07-04 01:00:00,0.0
2016-07-04 02:00:00,0.0
2016-07-04 03:00:00,0.0
2016-07-04 04:00:00,0.0
2016-07-04 05:00:00,15.4
2016-07-04 06:00:00,135.25
2016-07-04 07:00:00,313.55
2016-07-04 08:00:00,524.17
2016-07-04 09:00:00,686.97
2016-07-04 10:00:00,797.72
2016-07-04 11:00:00,820.08
2016-07-04 12:00:00,839.05
2016-07-04 13:00:00,750.33
2016-07-04 14:00:00,594.22
2016-07-04 15:00:00,398.35
2016-07-04 16:00:00,208.23
2016-07-04 17:00:00,55.33
2016-07-04 18:00:00,0.0
2016-07-04 19:00:00,0.0
2016-07-04 20:00:00,0.0
2016-07-04 21:00:00,0.0
2016-07-04 22:00:00,0.0
2016-07-04 23:00:00,0.0
2016-07-05 00:00:00,0.0
2016-07-05 01:00:00,0.0
2016-07-05 02:00:00,0.0
2016-07-05 03:00:00,0.0
2016-07-05 04:00:00,0.0
2016-07-05 05:00:00,9.62
2016-07-05 06:00:00,91.18
2016-07-05 07:00:00,218.12
2016-07-05 08:00:00,352.23
2016-07-05 09:00:00,471.45
2016-07-05 10:00:00,552.95
2016-07-05 11:00:00,649.62
2016-07-05 12:00:00,580.08
2016-07-05 13:00:00,420.77
2016-07-05 14:00:00,351.55
2016-07-05 15:00:00,219.82
2016-07-05 16:00:00,122.55
2016-07-05 17:00:00,12.57
2016-07-05 18:00:00,0.0
2016-07-05 19:00:00,0.0
2016-07-05 20:00:00,0.0
2016-07-05 21:00:00,0.0
2016-07-05 22:00:00,0.0
2016-07-05 23:00:00,0.0
2016-07-06 00:00:00,0.0
2016-07-06 01:00:00,0.0
2016-07-06 02:00:00,0.0
2016-07-06 03:00:00,0.0
2016-07-06 04:00:00,0.0
2016-07-06 05:00:00,17.73
2016-07-06 06:00:00,140.0
2016-07-06 07:00:00,323.27
2016-07-06 08:00:00,519.7
2016-07-06 09:00:00,645.4
2016-07-06 10:00:00,800.38
2016-07-06 11:00:00,889.6
2016-07-06 12:00:00,754.28
2016-07-06 13:00:00,574.85
2016-07-06 14:00:00,391.4
2016-07-06 15:00:00,313.75
2016-07-06 16:00:00,162.25
2016-07-06 17:00:00,48.2
2016-07-06 18:00:00,0.0
2016-07-06 19:00:00,0.0
2016-07-06 20:00:00,0.0
2016-07-06 21:00:00,0.0
2016-07-06 22:00:00,0.0
2016-07-06 23:00:00,0.0
2016-07-07 00:00:00,0.0
2016-07-07 01:00:00,0.0
2016-07-07 02:00:00,0.0
2016-07-07 03:00:00,0.0
2016-07-07 04:00:00,0.0
2016-07-07 05:00:00,9.45
2016-07-07 06:00:00,83.07
2016-07-07 07:00:00,196.7
2016-07-07 08:00:00,336.15
2016-07-07 09:00:00,469.58
2016-07-07 10:00:00,563.45
2016-07-07 11:00:00,560.3
2016-07-07 12:00:00,553.67
2016-07-07 13:00:00,424.27
2016-07-07 14:00:00,433.65
2016-07-07 15:00:00,284.88
2016-07-07 16:00:00,145.3
2016-07-07 17:00:00,38.58
2016-07-07 18:00:00,0.0
2016-07-07 19:00:00,0.0
2016-07-07 20:00:00,0.0
2016-07-07 21:00:00,0.0
2016-07-07 22:00:00,0.0
2016-07-07 23:00:00,0.0
2016-07-08 00:00:00,0.0
2016-07-08 01:00:00,0.0
2016-07-08 02:00:00,0.0
2016-07-08 03:00:00,0.0
2016-07-08 04:00:00,0.0
2016-07-08 05:00:00,11.8
2016-07-08 06:00:00,108.15
2016-07-08 07:00:00,266.58
2016-07-08 08:00:00,445.33
2016-07-08 09:00:00,577.55
2016-07-08 10:00:00,684.6
2016-07-08 11:00:00,773.08
2016-07-08 12:00:00,725.8
2016-07-08 13:00:00,640.4
2016-07-08 14:00:00,519.72
2016-07-08 15:00:00,307.7
2016-07-08 16:00:00,155.82
2016-07-08 17:00:00,40.5
2016-07-08 18:00:00,0.0
2016-07-08 19:00:00,0.0
2016-07-08 20:00:00,0.0
2016-07-08 21:00:00,0.0
2016-07-08 22:00:00,0.0
2016-07-08 23:00:00,0.0
2016-07-09 00:00:00,0.0
2016-07-09 01:00:00,0.0
2016-07-09 02:00:00,0.0
2016-07-09 03:00:00,0.0
2016-07-09 04:00:00,0.0
2016-07-09 05:00:00,10.95
2016-07-09 06:00:00,100.3
2016-07-09 07:00:00,252.95
2016-07-09 08:00:00,450.65
2016-07-09 09:00:00,613.97
2016-07-09 10:00:00,727.28
2016-07-09 11:00:00,862.97
2016-07-09 12:00:00,828.62
2016-07-09 13:00:00,721.72
2016-07-09 14:00:00,576.9
2016-07-09 15:00:00,407.42
2016-07-09 16:00:00,219.02
2016-07-09 17:00:00,57.17
2016-07-09 18:00:00,0.0
2016-07-09 19:00:00,0.0
2016-07-09 20:00:00,0.0
2016-07-09 21:00:00,0.0
2016-07-09 22:00:00,0.0
2016-07-09 23:00:00,0.0
2016-07-10 00:00:00,0.0
2016-07-10 01:00:00,0.0
2016-07-10 02:00:00,0.0
2016-07-10 03:00:00,0.0
2016-07-10 04:00:00,0.0
2016-07-10 05:00:00,15.38
2016-07-10 06:00:00,117.62
2016-07-10 07:00:00,258.48
2016-07-10 08:00:00,456.55
2016-07-10 09:00:00,646.28
2016-07-10 10:00:00,719.47
2016-07-10 11:00:00,727.75
2016-07-10 12:00:00,688.08
2016-07-10 13:00:00,636.62
2016-07-10 14:00:00,536.03
2016-07-10 15:00:00,353.52
2016-07-10 16:00:00,179.98
2016-07-10 17:00:00,47.67
2016-07-10 18:00:00,0.0
2016-07-10 19:00:00,0.0
2016-07-10 20:00:00,0.0
2016-07-10 21:00:00,0.0
2016-07-10 22:00:00,0.0
2016-07-10 23:00:00,0.0
2016-07-11 00:00:00,0.0
2016-07-11 01:00:00,0.0
2016-07-11 02:00:00,0.0
2016-07-11 03:00:00,0.0
2016-07-11 04:00:00,0.0
2016-07-11 05:00:00,13.12
2016-07-11 06:00:00,124.62
2016-07-11 07:00:00,297.5
2016-07-11 08:00:00,480.75
2016-07-11 09:00:00,682.3
2016-07-11 10:00:00,801.42
2016-07-11 11:00:00,847.58
2016-07-11 12:00:00,808.12
2016-07-11 13:00:00,703.05
2016-07-11 14:00:00,505.08
2016-07-11 15:00:00,330.83
2016-07-11 16:00:00,177.45
2016-07-11 17:00:00,41.62
2016-07-11 18:00:00,0.0
2016-07-11 19:00:00,0.0
2016-07-11 20:00:00,0.0
2016-07-11 21:00:00,0.0
2016-07-11 22:00:00,0.0
2016-07-11 23:00:00,0.0
2016-07-12 00:00:00,0.0
2016-07-12 01:00:00,0.0
2016-07-12 02:00:00,0.0
2016-07-12 03:00:00,0.0
2016-07-12 04:00:00,0.0
2016-07-12 05:00:00,12.52
2016-07-12 06:00:00,122.57
2016-07-12 07:00:00,310.17
2016-07-12 08:00:00,521.0
2016-07-12 09:00:00,694.08
2016-07-12 10:00:00,770.2
2016-07-12 11:00:00,859.22
2016-07-12 12:00:00,815.1
2016-07-12 13:00:00,694.85
2016-07-12 14:00:00,557.42
2016-07-12 15:00:00,389.08
2016-07-12 16:00:00,199.1
2016-07-12 17:00:00,49.08
2016-07-12 18:00:00,0.0
2016-07-12 19:00:00,0.0
2016-07-12 20:00:00,0.0
2016-07-12 21:00:00,0.0
2016-07-12 22:00:00,0.0
2016-07-12 23:00:00,0.0
2016-07-13 00:00:00,0.0
2016-07-13 01:00:00,0.0
2016-07-13 02:00:00,0.0
2016-07-13 03:00:00,0.0
2016-07-13 04:00:00,0.0
2016-07-13 05:00:00,15.98
2016-07-13 06:00:00,158.88
2016-07-13 07:00:00,369.08
2016-07-13 08:00:00,567.53
2016-07-13 09:00:00,740.12
2016-07-13 10:00:00,800.62
2016-07-13 11:00:00,911.0
2016-07-13 12:00:00,875.47
2016-07-13 13:00:00,773.33
2016-07-13 14:00:00,629.0
2016-07-13 15:00:00,418.85
2016-07-13 16:00:00,222.57
2016-07-13 17:00:00,55.92
2016-07-13 18:00:00,0.0
2016-07-13 19:00:00,0.0
2016-07-13 20:00:00,0.0
2016-07-13 21:00:00,0.0
2016-07-13 22:00:00,0.0
2016-07-13 23:00:00,0.0
2016-07-14 00:00:00,0.0
2016-07-14 01:00:00,0.0
2016-07-14 02:00:00,0.0
2016-07-14 03:00:00,0.0
2016-07-14 04:00:00,0.0
2016-07-14 05:00:00,15.73
2016-07-14 06:00:00,162.88
2016-07-14 07:00:00,370.9
2016-07-14 08:00:00,566.67
2016-07-14 09:00:00,736.03
2016-07-14 10:00:00,863.45
2016-07-14 11:00:00,920.33
2016-07-14 12:00:00,898.3
2016-07-14 13:00:00,808.38
2016-07-14 14:00:00,653.3
2016-07-14 15:00:00,471.17
2016-07-14 16:00:00,248.27
2016-07-14 17:00:00,67.12
2016-07-14 18:00:00,0.0
2016-07-14 19:00:00,0.0
2016-07-14 20:00:00,0.0
2016-07-14 21:00:00,0.0
2016-07-14 22:00:00,0.0
2016-07-14 23:00:00,0.0
2016-07-15 00:00:00,0.0
2016-07-15 01:00:00,0.0
2016-07-15 02:00:00,0.0
2016-07-15 03:00:00,0.0
2016-07-15 04:00:00,0.0
2016-07-15 05:00:00,11.68
2016-07-15 06:00:00,95.72
2016-07-15 07:00:00,195.2
2016-07-15 08:00:00,310.27
2016-07-15 09:00:00,432.35
2016-07-15 10:00:00,573.7
2016-07-15 11:00:00,644.28
2016-07-15 12:00:00,588.15
2016-07-15 13:00:00,557.03
2016-07-15 14:00:00,472.35
2016-07-15 15:00:00,311.35
2016-07-15 16:00:00,163.0
2016-07-15 17:00:00,47.62
2016-07-15 18:00:00,0.0
2016-07-15 19:00:00,0.0
2016-07-15 20:00:00,0.0
2016-07-15 21:00:00,0.0
2016-07-15 22:00:00,0.0
2016-07-15 23:00:00,0.0
2016-07-16 00:00:00,0.0
2016-07-16 01:00:00,0.0
2016-07-16 02:00:00,0.0
2016-07-16 03:00:00,0.0
2016-07-16 04:00:00,0.0
2016-07-16 05:00:00,9.93
2016-07-16 06:00:00,116.28
2016-07-16 07:00:00,306.3
2016-07-16 08:00:00,515.08
2016-07-16 09:00:00,665.67
2016-07-16 10:00:00,728.03
2016-07-16 11:00:00,793.15
2016-07-16 12:00:00,779.33
2016-07-16 13:00:00,750.58
2016-07-16 14:00:00,614.85
2016-07-16 15:00:00,439.55
2016-07-16 16:00:00,228.25
2016-07-16 17:00:00,56.55
2016-07-16 18:00:00,0.0
2016-07-16 19:00:00,0.0
2016-07-16 20:00:00,0.0
2016-07-16 21:00:00,0.0
2016-07-16 22:00:00,0.0
2016-07-16 23:00:00,0.0
2016-07-17 00:00:00,0.0
2016-07-17 01:00:00,0.0
2016-07-17 02:00:00,0.0
2016-07-17 03:00:00,0.0
2016-07-17 04:00:00,0.0
2016-07-17 05:00:00,10.65
2016-07-17 06:00:00,109.22
2016-07-17 07:00:00,266.98
2016-07-17 08:00:00,457.85
2016-07-17 09:00:00,613.45
2016-07-17 10:00:00,689.12
2016-07-17 11:00:00,763.08
2016-07-17 12:00:00,841.08
2016-07-17 13:00:00,773.67
2016-07-17 14:00:00,605.22
2016-07-17 15:00:00,397.02
2016-07-17 16:00:00,213.27
2016-07-17 17:00:00,55.35
2016-07-17 18:00:00,0.0
2016-07-17 19:00:00,0.0
2016-07-17 20:00:00,0.0
2016-07-17 21:00:00,0.0
2016-07-17 22:00:00,0.0
2016-07-17 23:00:00,0.0
2016-07-18 00:00:00,0.0
2016-07-18 01:00:00,0.0
2016-07-18 02:00:00,0.0
2016-07-18 03:00:00,0.0
2016-07-18 04:00:00,0.0
2016-07-18 05:00:00,12.35
2016-07-18 06:00:00,117.97
2016-07-18 07:00:00,278.27
2016-07-18 08:00:00,434.3
2016-07-18 09:00:00,620.47
2016-07-18 10:00:00,719.9
2016-07-18 11:00:00,817.65
2016-07-18 12:00:00,815.62
2016-07-18 13:00:00,761.58
2016-07-18 14:00:00,597.22
2016-07-18 15:00:00,404.8
2016-07-18 16:00:00,211.15
2016-07-18 17:00:00,51.3
2016-07-18 18:00:00,0.0
2016-07-18 19:00:00,0.0
2016-07-18 20:00:00,0.0
2016-07-18 21:00:00,0.0
2016-07-18 22:00:00,0.0
2016-07-18 23:00:00,0.0
2016-07-19 00:00:00,0.0
2016-07-19 01:00:00,0.0
2016-07-19 02:00:00,0.0
2016-07-19 03:00:00,0.0
2016-07-19 04:00:00,0.0
2016-07-19 05:00:00,3.0
2016-07-19 06:00:00,33.12
2016-07-19 07:00:00,89.65
2016-07-19 08:00:00,185.12
2016-07-19 09:00:00,307.38
2016-07-19 10:00:00,393.27
2016-07-19 11:00:00,499.42
2016-07-19 12:00:00,553.75
2016-07-19 13:00:00,518.05
2016-07-19 14:00:00,439.08
2016-07-19 15:00:00,284.9
2016-07-19 16:00:00,153.5
2016-07-19 17:00:00,41.78
2016-07-19 18:00:00,0.0
2016-07-19 19:00:00,0.0
2016-07-19 20:00:00,0.0
2016-07-19 21:00:00,0.0
2016-07-19 22:00:00,0.0
2016-07-19 23:00:00,0.0
2016-07-20 00:00:00,0.0
2016-07-20 01:00:00,0.0
2016-07-20 02:00:00,0.0
2016-07-20 03:00:00,0.0
2016-07-20 04:00:00,0.0
2016-07-20 05:00:00,6.82
2016-07-20 06:00:00,46.3
2016-07-20 07:00:00,133.43
2016-07-20 08:00:00,286.52
2016-07-20 09:00:00,485.62
2016-07-20 10:00:00,607.05
2016-07-20 11:00:00,583.53
2016-07-20 12:00:00,467.75
2016-07-20 13:00:00,356.85
2016-07-20 14:00:00,339.08
2016-07-20 15:00:00,275.48
2016-07-20 16:00:00,149.3
2016-07-20 17:00:00,25.52
2016-07-20 18:00:00,0.0
2016-07-20 19:00:00,0.0
2016-07-20 20:00:00,0.0
2016-07-20 21:00:00,0.0
2016-07-20 22:00:00,0.0
2016-07-20 23:00:00,0.0
2016-07-21 00:00:00,0.0
2016-07-21 01:00:00,0.0
2016-07-21 02:00:00,0.0
2016-07-21 03:00:00,0.0
2016-07-21 04:00:00,0.0
2016-07-21 05:00:00,7.57
2016-07-21 06:00:00,70.72
2016-07-21 07:00:00,172.02
2016-07-21 08:00:00,300.02
2016-07-21 09:00:00,391.27
2016-07-21 10:00:00,529.95
2016-07-21 11:00:00,571.42
2016-07-21 12:00:00,426.9
2016-07-21 13:00:00,371.23
2016-07-21 14:00:00,558.47
2016-07-21 15:00:00,225.95
2016-07-21 16:00:00,104.1
2016-07-21 17:00:00,17.33
2016-07-21 18:00:00,0.0
2016-07-21 19:00:00,0.0
2016-07-21 20:00:00,0.0
2016-07-21 21:00:00,0.0
2016-07-21 22:00:00,0.0
2016-07-21 23:00:00,0.0
2016-07-22 00:00:00,0.0
2016-07-22 01:00:00,0.0
2016-07-22 02:00:00,0.0
2016-07-22 03:00:00,0.0
2016-07-22 04:00:00,0.0
2016-07-22 05:00:00,5.62
2016-07-22 06:00:00,59.22
2016-07-22 07:00:00,138.98
2016-07-22 08:00:00,275.23
2016-07-22 09:00:00,401.48
2016-07-22 10:00:00,510.67
2016-07-22 11:00:00,579.35
2016-07-22 12:00:00,559.45
2016-07-22 13:00:00,498.23
2016-07-22 14:00:00,336.23
2016-07-22 15:00:00,242.45
2016-07-22 16:00:00,113.5
2016-07-22 17:00:00,27.23
2016-07-22 18:00:00,0.0
2016-07-22 19:00:00,0.0
2016-07-22 20:00:00,0.0
2016-07-22 21:00:00,0.0
2016-07-22 22:00:00,0.0
2016-07-22 23:00:00,0.0
2016-07-23 00:00:00,0.0
2016-07-23 01:00:00,0.0
2016-07-23 02:00:00,0.0
2016-07-23 03:00:00,0.0
2016-07-23 04:00:00,0.0
2016-07-23 05:00:00,6.8
2016-07-23 06:00:00,58.85
2016-07-23 07:00:00,167.5
2016-07-23 08:00:00,255.05
2016-07-23 09:00:00,350.65
2016-07-23 10:00:00,430.7
2016-07-23 11:00:00,402.6
2016-07-23 12:00:00,394.58
2016-07-23 13:00:00,386.17
2016-07-23 14:00:00,288.23
2016-07-23 15:00:00,149.77
2016-07-23 16:00:00,79.15
2016-07-23 17:00:00,20.4
2016-07-23 18:00:00,0.0
2016-07-23 19:00:00,0.0
2016-07-23 20:00:00,0.0
2016-07-23 21:00:00,0.0
2016-07-23 22:00:00,0.0
2016-07-23 23:00:00,0.0
2016-07-24 00:00:00,0.0
2016-07-24 01:00:00,0.0
2016-07-24 02:00:00,0.0
2016-07-24 03:00:00,0.0
2016-07-24 04:00:00,0.0
2016-07-24 05:00:00,8.45
2016-07-24 06:00:00,94.32
2016-07-24 07:00:00,237.57
2016-07-24 08:00:00,415.62
2016-07-24 09:00:00,637.33
2016-07-24 10:00:00,600.05
2016-07-24 11:00:00,572.35
2016-07-24 12:00:00,626.67
2016-07-24 13:00:00,662.6
2016-07-24 14:00:00,613.62
2016-07-24 15:00:00,413.67
2016-07-24 16:00:00,218.85
2016-07-24 17:00:00,50.8
2016-07-24 18:00:00,0.0
2016-07-24 19:00:00,0.0
2016-07-24 20:00:00,0.0
2016-07-24 21:00:00,0.0
2016-07-24 22:00:00,0.0
2016-07-24 23:00:00,0.0
2016-07-25 00:00:00,0.0
2016-07-25 01:00:00,0.0
2016-07-25 02:00:00,0.0
2016-07-25 03:00:00,0.0
2016-07-25 04:00:00,0.0
2016-07-25 05:00:00,12.23
2016-07-25 06:00:00,138.9
2016-07-25 07:00:00,345.42
2016-07-25 08:00:00,561.67
2016-07-25 09:00:00,719.1
2016-07-25 10:00:00,849.78
2016-07-25 11:00:00,881.3
2016-07-25 12:00:00,825.67
2016-07-25 13:00:00,749.62
2016-07-25 14:00:00,612.7
2016-07-25 15:00:00,404.05
2016-07-25 16:00:00,209.98
2016-07-25 17:00:00,50.88
2016-07-25 18:00:00,0.0
2016-07-25 19:00:00,0.0
2016-07-25 20:00:00,0.0
2016-07-25 21:00:00,0.0
2016-07-25 22:00:00,0.0
2016-07-25 23:00:00,0.0
2016-07-26 00:00:00,0.0
2016-07-26 01:00:00,0.0
2016-07-26 02:00:00,0.0
2016-07-26 03:00:00,0.0
2016-07-26 04:00:00,0.0
2016-07-26 05:00:00,11.45
2016-07-26 06:00:00,130.5
2016-07-26 07:00:00,317.02
2016-07-26 08:00:00,519.4
2016-07-26 09:00:00,698.4
2016-07-26 10:00:00,779.42
2016-07-26 11:00:00,874.5
2016-07-26 12:00:00,720.22
2016-07-26 13:00:00,648.35
2016-07-26 14:00:00,590.35
2016-07-26 15:00:00,463.95
2016-07-26 16:00:00,247.73
2016-07-26 17:00:00,62.3
2016-07-26 18:00:00,0.0
2016-07-26 19:00:00,0.0
2016-07-26 20:00:00,0.0
2016-07-26 21:00:00,0.0
2016-07-26 22:00:00,0.0
2016-07-26 23:00:00,0.0
2016-07-27 00:00:00,0.0
2016-07-27 01:00:00,0.0
2016-07-27 02:00:00,0.0
2016-07-27 03:00:00,0.0
2016-07-27 04:00:00,0.0
2016-07-27 05:00:00,11.9
2016-07-27 06:00:00,116.35
2016-07-27 07:00:00,290.62
2016-07-27 08:00:00,438.75
2016-07-27 09:00:00,516.28
2016-07-27 10:00:00,579.45
2016-07-27 11:00:00,704.55
2016-07-27 12:00:00,824.92
2016-07-27 13:00:00,751.35
2016-07-27 14:00:00,633.75
2016-07-27 15:00:00,464.88
2016-07-27 16:00:00,247.82
2016-07-27 17:00:00,61.28
2016-07-27 18:00:00,0.0
2016-07-27 19:00:00,0.0
2016-07-27 20:00:00,0.0
2016-07-27 21:00:00,0.0
2016-07-27 22:00:00,0.0
2016-07-27 23:00:00,0.0
2016-07-28 00:00:00,0.0
2016-07-28 01:00:00,0.0
2016-07-28 02:00:00,0.0
2016-07-28 03:00:00,0.0
2016-07-28 04:00:00,0.0
2016-07-28 05:00:00,10.9
2016-07-28 06:00:00,147.6
2016-07-28 07:00:00,335.17
2016-07-28 08:00:00,535.0
2016-07-28 09:00:00,715.3
2016-07-28 10:00:00,852.72
2016-07-28 11:00:00,907.7
2016-07-28 12:00:00,828.5
2016-07-28 13:00:00,789.1
2016-07-28 14:00:00,633.22
2016-07-28 15:00:00,461.12
2016-07-28 16:00:00,250.3
2016-07-28 17:00:00,61.85
2016-07-28 18:00:00,0.0
2016-07-28 19:00:00,0.0
2016-07-28 20:00:00,0.0
2016-07-28 21:00:00,0.0
2016-07-28 22:00:00,0.0
2016-07-28 23:00:00,0.0
2016-07-29 00:00:00,0.0
2016-07-29 01:00:00,0.0
2016-07-29 02:00:00,0.0
2016-07-29 03:00:00,0.0
2016-07-29 04:00:00,0.0
2016-07-29 05:00:00,9.45
2016-07-29 06:00:00,103.43
2016-07-29 07:00:00,243.85
2016-07-29 08:00:00,407.17
2016-07-29 09:00:00,595.6
2016-07-29 10:00:00,774.88
2016-07-29 11:00:00,920.9
2016-07-29 12:00:00,806.42
2016-07-29 13:00:00,748.47
2016-07-29 14:00:00,549.9
2016-07-29 15:00:00,387.4
2016-07-29 16:00:00,200.9
2016-07-29 17:00:00,43.8
2016-07-29 18:00:00,0.0
2016-07-29 19:00:00,0.0
2016-07-29 20:00:00,0.0
2016-07-29 21:00:00,0.0
2016-07-29 22:00:00,0.0
2016-07-29 23:00:00,0.0
2016-07-30 00:00:00,0.0
2016-07-30 01:00:00,0.0
2016-07-30 02:00:00,0.0
2016-07-30 03:00:00,0.0
2016-07-30 04:00:00,0.0
2016-07-30 05:00:00,6.93
2016-07-30 06:00:00,82.97
2016-07-30 07:00:00,189.88
2016-07-30 08:00:00,257.7
2016-07-30 09:00:00,359.98
2016-07-30 10:00:00,319.35
2016-07-30 11:00:00,429.92
2016-07-30 12:00:00,496.08
2016-07-30 13:00:00,428.1
2016-07-30 14:00:00,353.88
2016-07-30 15:00:00,248.4
2016-07-30 16:00:00,138.88
2016-07-30 17:00:00,25.62
2016-07-30 18:00:00,0.0
2016-07-30 19:00:00,0.0
2016-07-30 20:00:00,0.0
2016-07-30 21:00:00,0.0
2016-07-30 22:00:00,0.0
2016-07-30 23:00:00,0.0
2016-07-31 00:00:00,0.0
2016-07-31 01:00:00,0.0
2016-07-31 02:00:00,0.0
2016-07-31 03:00:00,0.0
2016-07-31 04:00:00,0.0
2016-07-31 05:00:00,8.43
2016-07-31 06:00:00,88.95
2016-07-31 07:00:00,223.15
2016-07-31 08:00:00,374.23
2016-07-31 09:00:00,558.5
2016-07-31 10:00:00,594.6
2016-07-31 11:00:00,624.03
2016-07-31 12:00:00,586.88
2016-07-31 13:00:00,539.15
2016-07-31 14:00:00,448.08
2016-07-31 15:00:00,297.48
2016-07-31 16:00:00,141.32
2016-07-31 17:00:00,32.2
2016-07-31 18:00:00,0.0
2016-07-31 19:00:00,0.0
2016-07-31 20:00:00,0.0
2016-07-31 21:00:00,0.0
2016-07-31 22:00:00,0.0
2016-07-31 23:00:00,0.0
2016-08-01 00:00:00,0.0
2016-08-01 01:00:00,0.0
2016-08-01 02:00:00,0.0
2016-08-01 03:00:00,0.0
2016-08-01 04:00:00,0.0
2016-08-01 05:00:00,5.72
2016-08-01 06:00:00,63.62
2016-08-01 07:00:00,149.7
2016-08-01 08:00:00,280.55
2016-08-01 09:00:00,462.17
2016-08-01 10:00:00,526.72
2016-08-01 11:00:00,628.45
2016-08-01 12:00:00,653.55
2016-08-01 13:00:00,513.03
2016-08-01 14:00:00,415.6
2016-08-01 15:00:00,232.02
2016-08-01 16:00:00,127.75
2016-08-01 17:00:00,27.73
2016-08-01 18:00:00,0.0
2016-08-01 19:00:00,0.0
2016-08-01 20:00:00,0.0
2016-08-01 21:00:00,0.0
2016-08-01 22:00:00,0.0
2016-08-01 23:00:00,0.0
2016-08-02 00:00:00,0.0
2016-08-02 01:00:00,0.0
2016-08-02 02:00:00,0.0
2016-08-02 03:00:00,0.0
2016-08-02 04:00:00,0.0
2016-08-02 05:00:00,7.32
2016-08-02 06:00:00,74.9
2016-08-02 07:00:00,200.93
2016-08-02 08:00:00,337.02
2016-08-02 09:00:00,421.8
2016-08-02 10:00:00,527.33
2016-08-02 11:00:00,366.6
2016-08-02 12:00:00,329.45
2016-08-02 13:00:00,346.25
2016-08-02 14:00:00,298.52
2016-08-02 15:00:00,266.45
2016-08-02 16:00:00,132.95
2016-08-02 17:00:00,33.62
2016-08-02 18:00:00,0.0
2016-08-02 19:00:00,0.0
2016-08-02 20:00:00,0.0
2016-08-02 21:00:00,0.0
2016-08-02 22:00:00,0.0
2016-08-02 23:00:00,0.0
2016-08-03 00:00:00,0.0
2016-08-03 01:00:00,0.0
2016-08-03 02:00:00,0.0
2016-08-03 03:00:00,0.0
2016-08-03 04:00:00,0.0
2016-08-03 05:00:00,10.02
2016-08-03 06:00:00,111.82
2016-08-03 07:00:00,274.92
2016-08-03 08:00:00,448.27
2016-08-03 09:00:00,601.72
2016-08-03 10:00:00,689.7
2016-08-03 11:00:00,660.28
2016-08-03 12:00:00,646.15
2016-08-03 13:00:00,507.0
2016-08-03 14:00:00,352.38
2016-08-03 15:00:00,202.7
2016-08-03 16:00:00,109.12
2016-08-03 17:00:00,20.7
2016-08-03 18:00:00,0.0
2016-08-03 19:00:00,0.0
2016-08-03 20:00:00,0.0
2016-08-03 21:00:00,0.0
2016-08-03 22:00:00,0.0
2016-08-03 23:00:00,0.0
2016-08-04 00:00:00,0.0
2016-08-04 01:00:00,0.0
2016-08-04 02:00:00,0.0
2016-08-04 03:00:00,0.0
2016-08-04 04:00:00,0.0
2016-08-04 05:00:00,7.03
2016-08-04 06:00:00,88.53
2016-08-04 07:00:00,229.32
2016-08-04 08:00:00,412.15
2016-08-04 09:00:00,606.62
2016-08-04 10:00:00,721.53
2016-08-04 11:00:00,846.4
2016-08-04 12:00:00,746.7
2016-08-04 13:00:00,649.78
2016-08-04 14:00:00,397.0
2016-08-04 15:00:00,237.25
2016-08-04 16:00:00,127.53
2016-08-04 17:00:00,21.98
2016-08-04 18:00:00,0.0
2016-08-04 19:00:00,0.0
2016-08-04 20:00:00,0.0
2016-08-04 21:00:00,0.0
2016-08-04 22:00:00,0.0
2016-08-04 23:00:00,0.0
2016-08-05 00:00:00,0.0
2016-08-05 01:00:00,0.0
2016-08-05 02:00:00,0.0
2016-08-05 03:00:00,0.0
2016-08-05 04:00:00,0.0
2016-08-05 05:00:00,7.1
2016-08-05 06:00:00,90.18
2016-08-05 07:00:00,228.6
2016-08-05 08:00:00,435.58
2016-08-05 09:00:00,604.8
2016-08-05 10:00:00,771.2
2016-08-05 11:00:00,777.42
2016-08-05 12:00:00,767.42
2016-08-05 13:00:00,663.12
2016-08-05 14:00:00,573.72
2016-08-05 15:00:00,360.02
2016-08-05 16:00:00,175.15
2016-08-05 17:00:00,34.85
2016-08-05 18:00:00,0.0
2016-08-05 19:00:00,0.0
2016-08-05 20:00:00,0.0
2016-08-05 21:00:00,0.0
2016-08-05 22:00:00,0.0
2016-08-05 23:00:00,0.0
2016-08-06 00:00:00,0.0
2016-08-06 01:00:00,0.0
2016-08-06 02:00:00,0.0
2016-08-06 03:00:00,0.0
2016-08-06 04:00:00,0.0
2016-08-06 05:00:00,9.35
2016-08-06 06:00:00,128.0
2016-08-06 07:00:00,328.23
2016-08-06 08:00:00,552.92
2016-08-06 09:00:00,698.72
2016-08-06 10:00:00,819.62
2016-08-06 11:00:00,872.35
2016-08-06 12:00:00,785.62
2016-08-06 13:00:00,737.72
2016-08-06 14:00:00,596.05
2016-08-06 15:00:00,395.8
2016-08-06 16:00:00,207.98
2016-08-06 17:00:00,45.1
2016-08-06 18:00:00,0.0
2016-08-06 19:00:00,0.0
2016-08-06 20:00:00,0.0
2016-08-06 21:00:00,0.0
2016-08-06 22:00:00,0.0
2016-08-06 23:00:00,0.0
2016-08-07 00:00:00,0.0
2016-08-07 01:00:00,0.0
2016-08-07 02:00:00,0.0
2016-08-07 03:00:00,0.0
2016-08-07 04:00:00,0.0
2016-08-07 05:00:00,10.85
2016-08-07 06:00:00,148.23
2016-08-07 07:00:00,369.6
2016-08-07 08:00:00,551.03
2016-08-07 09:00:00,753.0
2016-08-07 10:00:00,880.7
2016-08-07 11:00:00,925.05
2016-08-07 12:00:00,860.03
2016-08-07 13:00:00,727.47
2016-08-07 14:00:00,601.9
2016-08-07 15:00:00,410.17
2016-08-07 16:00:00,208.5
2016-08-07 17:00:00,46.33
2016-08-07 18:00:00,0.0
2016-08-07 19:00:00,0.0
2016-08-07 20:00:00,0.0
2016-08-07 21:00:00,0.0
2016-08-07 22:00:00,0.0
2016-08-07 23:00:00,0.0
2016-08-08 00:00:00,0.0
2016-08-08 01:00:00,0.0
2016-08-08 02:00:00,0.0
2016-08-08 03:00:00,0.0
2016-08-08 04:00:00,0.0
2016-08-08 05:00:00,9.15
2016-08-08 06:00:00,134.9
2016-08-08 07:00:00,351.02
2016-08-08 08:00:00,561.42
2016-08-08 09:00:00,757.5
2016-08-08 10:00:00,894.4
2016-08-08 11:00:00,942.42
2016-08-08 12:00:00,911.7
2016-08-08 13:00:00,746.9
2016-08-08 14:00:00,616.97
2016-08-08 15:00:00,425.52
2016-08-08 16:00:00,212.6
2016-08-08 17:00:00,44.62
2016-08-08 18:00:00,0.0
2016-08-08 19:00:00,0.0
2016-08-08 20:00:00,0.0
2016-08-08 21:00:00,0.0
2016-08-08 22:00:00,0.0
2016-08-08 23:00:00,0.0
2016-08-09 00:00:00,0.0
2016-08-09 01:00:00,0.0
2016-08-09 02:00:00,0.0
2016-08-09 03:00:00,0.0
2016-08-09 04:00:00,0.0
2016-08-09 05:00:00,10.7
2016-08-09 06:00:00,147.82
2016-08-09 07:00:00,364.27
2016-08-09 08:00:00,585.92
2016-08-09 09:00:00,768.7
2016-08-09 10:00:00,873.25
2016-08-09 11:00:00,878.47
2016-08-09 12:00:00,744.7
2016-08-09 13:00:00,742.15
2016-08-09 14:00:00,569.08
2016-08-09 15:00:00,363.17
2016-08-09 16:00:00,175.32
2016-08-09 17:00:00,36.58
2016-08-09 18:00:00,0.0
2016-08-09 19:00:00,0.0
2016-08-09 20:00:00,0.0
2016-08-09 21:00:00,0.0
2016-08-09 22:00:00,0.0
2016-08-09 23:00:00,0.0
2016-08-10 00:00:00,0.0
2016-08-10 01:00:00,0.0
2016-08-10 02:00:00,0.0
2016-08-10 03:00:00,0.0
2016-08-10 04:00:00,0.0
2016-08-10 05:00:00,10.25
2016-08-10 06:00:00,143.7
2016-08-10 07:00:00,352.92
2016-08-10 08:00:00,565.33
2016-08-10 09:00:00,756.35
2016-08-10 10:00:00,887.67
2016-08-10 11:00:00,947.62
2016-08-10 12:00:00,904.17
2016-08-10 13:00:00,770.92
2016-08-10 14:00:00,642.25
2016-08-10 15:00:00,424.17
2016-08-10 16:00:00,211.07
2016-08-10 17:00:00,40.55
2016-08-10 18:00:00,0.0
2016-08-10 19:00:00,0.0
2016-08-10 20:00:00,0.0
2016-08-10 21:00:00,0.0
2016-08-10 22:00:00,0.0
2016-08-10 23:00:00,0.0
2016-08-11 00:00:00,0.0
2016-08-11 01:00:00,0.0
2016-08-11 02:00:00,0.0
2016-08-11 03:00:00,0.0
2016-08-11 04:00:00,0.0
2016-08-11 05:00:00,9.38
2016-08-11 06:00:00,114.28
2016-08-11 07:00:00,294.42
2016-08-11 08:00:00,516.7
2016-08-11 09:00:00,704.17
2016-08-11 10:00:00,830.03
2016-08-11 11:00:00,897.88
2016-08-11 12:00:00,791.17
2016-08-11 13:00:00,734.67
2016-08-11 14:00:00,612.72
2016-08-11 15:00:00,419.3
2016-08-11 16:00:00,212.8
2016-08-11 17:00:00,45.5
2016-08-11 18:00:00,0.0
2016-08-11 19:00:00,0.0
2016-08-11 20:00:00,0.0
2016-08-11 21:00:00,0.0
2016-08-11 22:00:00,0.0
2016-08-11 23:00:00,0.0
2016-08-12 00:00:00,0.0
2016-08-12 01:00:00,0.0
2016-08-12 02:00:00,0.0
2016-08-12 03:00:00,0.0
2016-08-12 04:00:00,0.0
2016-08-12 05:00:00,9.55
2016-08-12 06:00:00,114.65
2016-08-12 07:00:00,284.98
2016-08-12 08:00:00,491.23
2016-08-12 09:00:00,673.88
2016-08-12 10:00:00,757.42
2016-08-12 11:00:00,868.72
2016-08-12 12:00:00,840.7
2016-08-12 13:00:00,712.65
2016-08-12 14:00:00,590.22
2016-08-12 15:00:00,415.02
2016-08-12 16:00:00,206.18
2016-08-12 17:00:00,43.8
2016-08-12 18:00:00,0.0
2016-08-12 19:00:00,0.0
2016-08-12 20:00:00,0.0
2016-08-12 21:00:00,0.0
2016-08-12 22:00:00,0.0
2016-08-12 23:00:00,0.0
2016-08-13 00:00:00,0.0
2016-08-13 01:00:00,0.0
2016-08-13 02:00:00,0.0
2016-08-13 03:00:00,0.0
2016-08-13 04:00:00,0.0
2016-08-13 05:00:00,8.85
2016-08-13 06:00:00,96.25
2016-08-13 07:00:00,250.15
2016-08-13 08:00:00,412.77
2016-08-13 09:00:00,544.97
2016-08-13 10:00:00,628.97
2016-08-13 11:00:00,696.6
2016-08-13 12:00:00,634.28
2016-08-13 13:00:00,596.65
2016-08-13 14:00:00,499.65
2016-08-13 15:00:00,351.55
2016-08-13 16:00:00,171.35
2016-08-13 17:00:00,35.72
2016-08-13 18:00:00,0.0
2016-08-13 19:00:00,0.0
2016-08-13 20:00:00,0.0
2016-08-13 21:00:00,0.0
2016-08-13 22:00:00,0.0
2016-08-13 23:00:00,0.0
2016-08-14 00:00:00,0.0
2016-08-14 01:00:00,0.0
2016-08-14 02:00:00,0.0
2016-08-14 03:00:00,0.0
2016-08-14 04:00:00,0.0
2016-08-14 05:00:00,9.73
2016-08-14 06:00:00,126.22
2016-08-14 07:00:00,325.45
2016-08-14 08:00:00,531.65
2016-08-14 09:00:00,703.75
2016-08-14 10:00:00,839.8
2016-08-14 11:00:00,823.15
2016-08-14 12:00:00,742.47
2016-08-14 13:00:00,618.08
2016-08-14 14:00:00,518.4
2016-08-14 15:00:00,378.23
2016-08-14 16:00:00,181.12
2016-08-14 17:00:00,34.85
2016-08-14 18:00:00,0.0
2016-08-14 19:00:00,0.0
2016-08-14 20:00:00,0.0
2016-08-14 21:00:00,0.0
2016-08-14 22:00:00,0.0
2016-08-14 23:00:00,0.0
2016-08-15 00:00:00,0.0
2016-08-15 01:00:00,0.0
2016-08-15 02:00:00,0.0
2016-08-15 03:00:00,0.0
2016-08-15 04:00:00,0.0
2016-08-15 05:00:00,9.25
2016-08-15 06:00:00,138.38
2016-08-15 07:00:00,348.77
2016-08-15 08:00:00,570.62
2016-08-15 09:00:00,753.4
2016-08-15 10:00:00,852.33
2016-08-15 11:00:00,824.92
2016-08-15 12:00:00,756.9
2016-08-15 13:00:00,712.1
2016-08-15 14:00:00,580.15
2016-08-15 15:00:00,367.73
2016-08-15 16:00:00,162.77
2016-08-15 17:00:00,27.62
2016-08-15 18:00:00,0.0
2016-08-15 19:00:00,0.0
2016-08-15 20:00:00,0.0
2016-08-15 21:00:00,0.0
2016-08-15 22:00:00,0.0
2016-08-15 23:00:00,0.0
2016-08-16 00:00:00,0.0
2016-08-16 01:00:00,0.0
2016-08-16 02:00:00,0.0
2016-08-16 03:00:00,0.0
2016-08-16 04:00:00,0.0
2016-08-16 05:00:00,9.07
2016-08-16 06:00:00,136.02
2016-08-16 07:00:00,349.9
2016-08-16 08:00:00,567.72
2016-08-16 09:00:00,689.25
2016-08-16 10:00:00,794.22
2016-08-16 11:00:00,813.33
2016-08-16 12:00:00,766.15
2016-08-16 13:00:00,655.83
2016-08-16 14:00:00,553.85
2016-08-16 15:00:00,381.55
2016-08-16 16:00:00,180.82
2016-08-16 17:00:00,32.4
2016-08-16 18:00:00,0.0
2016-08-16 19:00:00,0.0
2016-08-16 20:00:00,0.0
2016-08-16 21:00:00,0.0
2016-08-16 22:00:00,0.0
2016-08-16 23:00:00,0.0
2016-08-17 00:00:00,0.0
2016-08-17 01:00:00,0.0
2016-08-17 02:00:00,0.0
2016-08-17 03:00:00,0.0
2016-08-17 04:00:00,0.0
2016-08-17 05:00:00,9.82
2016-08-17 06:00:00,134.43
2016-08-17 07:00:00,324.15
2016-08-17 08:00:00,535.58
2016-08-17 09:00:00,626.0
2016-08-17 10:00:00,753.85
2016-08-17 11:00:00,821.67
2016-08-17 12:00:00,763.03
2016-08-17 13:00:00,653.65
2016-08-17 14:00:00,537.83
2016-08-17 15:00:00,343.27
2016-08-17 16:00:00,165.98
2016-08-17 17:00:00,32.45
2016-08-17 18:00:00,0.0
2016-08-17 19:00:00,0.0
2016-08-17 20:00:00,0.0
2016-08-17 21:00:00,0.0
2016-08-17 22:00:00,0.0
2016-08-17 23:00:00,0.0
2016-08-18 00:00:00,0.0
2016-08-18 01:00:00,0.0
2016-08-18 02:00:00,0.0
2016-08-18 03:00:00,0.0
2016-08-18 04:00:00,0.0
2016-08-18 05:00:00,9.98
2016-08-18 06:00:00,140.93
2016-08-18 07:00:00,352.88
2016-08-18 08:00:00,584.3
2016-08-18 09:00:00,765.88
2016-08-18 10:00:00,862.55
2016-08-18 11:00:00,923.1
2016-08-18 12:00:00,877.25
2016-08-18 13:00:00,775.4
2016-08-18 14:00:00,620.65
2016-08-18 15:00:00,408.27
2016-08-18 16:00:00,193.32
2016-08-18 17:00:00,35.2
2016-08-18 18:00:00,0.0
2016-08-18 19:00:00,0.0
2016-08-18 20:00:00,0.0
2016-08-18 21:00:00,0.0
2016-08-18 22:00:00,0.0
2016-08-18 23:00:00,0.0
2016-08-19 00:00:00,0.0
2016-08-19 01:00:00,0.0
2016-08-19 02:00:00,0.0
2016-08-19 03:00:00,0.0
2016-08-19 04:00:00,0.0
2016-08-19 05:00:00,10.02
2016-08-19 06:00:00,146.0
2016-08-19 07:00:00,369.4
2016-08-19 08:00:00,555.75
2016-08-19 09:00:00,748.38
2016-08-19 10:00:00,841.88
2016-08-19 11:00:00,917.53
2016-08-19 12:00:00,874.8
2016-08-19 13:00:00,730.92
2016-08-19 14:00:00,627.85
2016-08-19 15:00:00,436.02
2016-08-19 16:00:00,223.27
2016-08-19 17:00:00,41.53
2016-08-19 18:00:00,0.0
2016-08-19 19:00:00,0.0
2016-08-19 20:00:00,0.0
2016-08-19 21:00:00,0.0
2016-08-19 22:00:00,0.0
2016-08-19 23:00:00,0.0
2016-08-20 00:00:00,0.0
2016-08-20 01:00:00,0.0
2016-08-20 02:00:00,0.0
2016-08-20 03:00:00,0.0
2016-08-20 04:00:00,0.0
2016-08-20 05:00:00,8.3
2016-08-20 06:00:00,130.15
2016-08-20 07:00:00,329.85
2016-08-20 08:00:00,554.67
2016-08-20 09:00:00,694.65
2016-08-20 10:00:00,849.12
2016-08-20 11:00:00,903.47
2016-08-20 12:00:00,874.53
2016-08-20 13:00:00,761.05
2016-08-20 14:00:00,571.67
2016-08-20 15:00:00,401.1
2016-08-20 16:00:00,191.05
2016-08-20 17:00:00,35.8
2016-08-20 18:00:00,0.0
2016-08-20 19:00:00,0.0
2016-08-20 20:00:00,0.0
2016-08-20 21:00:00,0.0
2016-08-20 22:00:00,0.0
2016-08-20 23:00:00,0.0
2016-08-21 00:00:00,0.0
2016-08-21 01:00:00,0.0
2016-08-21 02:00:00,0.0
2016-08-21 03:00:00,0.0
2016-08-21 04:00:00,0.0
2016-08-21 05:00:00,8.82
2016-08-21 06:00:00,133.15
2016-08-21 07:00:00,339.38
2016-08-21 08:00:00,557.97
2016-08-21 09:00:00,708.28
2016-08-21 10:00:00,762.12
2016-08-21 11:00:00,799.92
2016-08-21 12:00:00,761.5
2016-08-21 13:00:00,666.2
2016-08-21 14:00:00,566.92
2016-08-21 15:00:00,410.65
2016-08-21 16:00:00,196.43
2016-08-21 17:00:00,31.35
2016-08-21 18:00:00,0.0
2016-08-21 19:00:00,0.0
2016-08-21 20:00:00,0.0
2016-08-21 21:00:00,0.0
2016-08-21 22:00:00,0.0
2016-08-21 23:00:00,0.0
2016-08-22 00:00:00,0.0
2016-08-22 01:00:00,0.0
2016-08-22 02:00:00,0.0
2016-08-22 03:00:00,0.0
2016-08-22 04:00:00,0.0
2016-08-22 05:00:00,7.38
2016-08-22 06:00:00,95.05
2016-08-22 07:00:00,253.3
2016-08-22 08:00:00,456.85
2016-08-22 09:00:00,614.88
2016-08-22 10:00:00,762.83
2016-08-22 11:00:00,865.1
2016-08-22 12:00:00,797.2
2016-08-22 13:00:00,699.15
2016-08-22 14:00:00,568.53
2016-08-22 15:00:00,381.8
2016-08-22 16:00:00,177.98
2016-08-22 17:00:00,29.67
2016-08-22 18:00:00,0.0
2016-08-22 19:00:00,0.0
2016-08-22 20:00:00,0.0
2016-08-22 21:00:00,0.0
2016-08-22 22:00:00,0.0
2016-08-22 23:00:00,0.0
2016-08-23 00:00:00,0.0
2016-08-23 01:00:00,0.0
2016-08-23 02:00:00,0.0
2016-08-23 03:00:00,0.0
2016-08-23 04:00:00,0.0
2016-08-23 05:00:00,8.77
2016-08-23 06:00:00,113.43
2016-08-23 07:00:00,294.2
2016-08-23 08:00:00,496.8
2016-08-23 09:00:00,675.6
2016-08-23 10:00:00,784.72
2016-08-23 11:00:00,806.33
2016-08-23 12:00:00,787.88
2016-08-23 13:00:00,698.38
2016-08-23 14:00:00,587.22
2016-08-23 15:00:00,391.52
2016-08-23 16:00:00,191.07
2016-08-23 17:00:00,31.83
2016-08-23 18:00:00,0.0
2016-08-23 19:00:00,0.0
2016-08-23 20:00:00,0.0
2016-08-23 21:00:00,0.0
2016-08-23 22:00:00,0.0
2016-08-23 23:00:00,0.0
2016-08-24 00:00:00,0.0
2016-08-24 01:00:00,0.0
2016-08-24 02:00:00,0.0
2016-08-24 03:00:00,0.0
2016-08-24 04:00:00,0.0
2016-08-24 05:00:00,9.27
2016-08-24 06:00:00,132.52
2016-08-24 07:00:00,350.3
2016-08-24 08:00:00,588.7
2016-08-24 09:00:00,733.8
2016-08-24 10:00:00,864.83
2016-08-24 11:00:00,924.78
2016-08-24 12:00:00,865.08
2016-08-24 13:00:00,661.53
2016-08-24 14:00:00,577.72
2016-08-24 15:00:00,415.02
2016-08-24 16:00:00,194.9
2016-08-24 17:00:00,31.67
2016-08-24 18:00:00,0.0
2016-08-24 19:00:00,0.0
2016-08-24 20:00:00,0.0
2016-08-24 21:00:00,0.0
2016-08-24 22:00:00,0.0
2016-08-24 23:00:00,0.0
2016-08-25 00:00:00,0.0
2016-08-25 01:00:00,0.0
2016-08-25 02:00:00,0.0
2016-08-25 03:00:00,0.0
2016-08-25 04:00:00,0.0
2016-08-25 05:00:00,5.93
2016-08-25 06:00:00,70.3
2016-08-25 07:00:00,150.1
2016-08-25 08:00:00,72.5
2016-08-25 09:00:00,162.48
2016-08-25 10:00:00,102.5
2016-08-25 11:00:00,327.75
2016-08-25 12:00:00,325.1
2016-08-25 13:00:00,325.05
2016-08-25 14:00:00,294.6
2016-08-25 15:00:00,280.33
2016-08-25 16:00:00,125.22
2016-08-25 17:00:00,17.55
2016-08-25 18:00:00,0.0
2016-08-25 19:00:00,0.0
2016-08-25 20:00:00,0.0
2016-08-25 21:00:00,0.0
2016-08-25 22:00:00,0.0
2016-08-25 23:00:00,0.0
2016-08-26 00:00:00,0.0
2016-08-26 01:00:00,0.0
2016-08-26 02:00:00,0.0
2016-08-26 03:00:00,0.0
2016-08-26 04:00:00,0.0
2016-08-26 05:00:00,5.55
2016-08-26 06:00:00,69.4
2016-08-26 07:00:00,175.95
2016-08-26 08:00:00,198.1
2016-08-26 09:00:00,290.33
2016-08-26 10:00:00,378.58
2016-08-26 11:00:00,217.8
2016-08-26 12:00:00,220.6
2016-08-26 13:00:00,194.12
2016-08-26 14:00:00,136.77
2016-08-26 15:00:00,89.07
2016-08-26 16:00:00,54.17
2016-08-26 17:00:00,10.02
2016-08-26 18:00:00,0.0
2016-08-26 19:00:00,0.0
2016-08-26 20:00:00,0.0
2016-08-26 21:00:00,0.0
2016-08-26 22:00:00,0.0
2016-08-26 23:00:00,0.0
2016-08-27 00:00:00,0.0
2016-08-27 01:00:00,0.0
2016-08-27 02:00:00,0.0
2016-08-27 03:00:00,0.0
2016-08-27 04:00:00,0.0
2016-08-27 05:00:00,6.15
2016-08-27 06:00:00,47.12
2016-08-27 07:00:00,147.38
2016-08-27 08:00:00,240.95
2016-08-27 09:00:00,137.1
2016-08-27 10:00:00,144.68
2016-08-27 11:00:00,135.9
2016-08-27 12:00:00,79.25
2016-08-27 13:00:00,109.07
2016-08-27 14:00:00,130.88
2016-08-27 15:00:00,93.68
2016-08-27 16:00:00,75.45
2016-08-27 17:00:00,11.88
2016-08-27 18:00:00,0.0
2016-08-27 19:00:00,0.0
2016-08-27 20:00:00,0.0
2016-08-27 21:00:00,0.0
2016-08-27 22:00:00,0.0
2016-08-27 23:00:00,0.0
2016-08-28 00:00:00,0.0
2016-08-28 01:00:00,0.0
2016-08-28 02:00:00,0.0
2016-08-28 03:00:00,0.0
2016-08-28 04:00:00,0.0
2016-08-28 05:00:00,3.72
2016-08-28 06:00:00,47.9
2016-08-28 07:00:00,104.12
2016-08-28 08:00:00,182.73
2016-08-28 09:00:00,261.4
2016-08-28 10:00:00,354.55
2016-08-28 11:00:00,368.25
2016-08-28 12:00:00,445.58
2016-08-28 13:00:00,427.45
2016-08-28 14:00:00,383.1
2016-08-28 15:00:00,272.5
2016-08-28 16:00:00,136.15
2016-08-28 17:00:00,28.77
2016-08-28 18:00:00,0.0
2016-08-28 19:00:00,0.0
2016-08-28 20:00:00,0.0
2016-08-28 21:00:00,0.0
2016-08-28 22:00:00,0.0
2016-08-28 23:00:00,0.0
2016-08-29 00:00:00,0.0
2016-08-29 01:00:00,0.0
2016-08-29 02:00:00,0.0
2016-08-29 03:00:00,0.0
2016-08-29 04:00:00,0.0
2016-08-29 05:00:00,7.97
2016-08-29 06:00:00,86.8
2016-08-29 07:00:00,221.75
2016-08-29 08:00:00,383.38
2016-08-29 09:00:00,542.55
2016-08-29 10:00:00,653.12
2016-08-29 11:00:00,762.85
2016-08-29 12:00:00,732.0
2016-08-29 13:00:00,622.92
2016-08-29 14:00:00,496.42
2016-08-29 15:00:00,334.95
2016-08-29 16:00:00,141.73
2016-08-29 17:00:00,19.42
2016-08-29 18:00:00,0.0
2016-08-29 19:00:00,0.0
2016-08-29 20:00:00,0.0
2016-08-29 21:00:00,0.0
2016-08-29 22:00:00,0.0
2016-08-29 23:00:00,0.0
2016-08-30 00:00:00,0.0
2016-08-30 01:00:00,0.0
2016-08-30 02:00:00,0.0
2016-08-30 03:00:00,0.0
2016-08-30 04:00:00,0.0
2016-08-30 05:00:00,8.68
2016-08-30 06:00:00,93.97
2016-08-30 07:00:00,234.5
2016-08-30 08:00:00,394.85
2016-08-30 09:00:00,486.15
2016-08-30 10:00:00,554.08
2016-08-30 11:00:00,539.03
2016-08-30 12:00:00,402.98
2016-08-30 13:00:00,343.45
2016-08-30 14:00:00,266.3
2016-08-30 15:00:00,169.23
2016-08-30 16:00:00,87.82
2016-08-30 17:00:00,11.75
2016-08-30 18:00:00,0.0
2016-08-30 19:00:00,0.0
2016-08-30 20:00:00,0.0
2016-08-30 21:00:00,0.0
2016-08-30 22:00:00,0.0
2016-08-30 23:00:00,0.0
2016-08-31 00:00:00,0.0
2016-08-31 01:00:00,0.0
2016-08-31 02:00:00,0.0
2016-08-31 03:00:00,0.0
2016-08-31 04:00:00,0.0
2016-08-31 05:00:00,6.5
2016-08-31 06:00:00,77.2
2016-08-31 07:00:00,153.7
2016-08-31 08:00:00,117.95
2016-08-31 09:00:00,224.43
2016-08-31 10:00:00,343.5
2016-08-31 11:00:00,454.48
2016-08-31 12:00:00,482.45
2016-08-31 13:00:00,524.53
2016-08-31 14:00:00,420.17
2016-08-31 15:00:00,255.27
2016-08-31 16:00:00,135.52
2016-08-31 17:00:00,17.25
2016-08-31 18:00:00,0.0
2016-08-31 19:00:00,0.0
2016-08-31 20:00:00,0.0
2016-08-31 21:00:00,0.0
2016-08-31 22:00:00,0.0
2016-08-31 23:00:00,0.0
2016-09-01 00:00:00,0.0
2016-09-01 01:00:00,0.0
2016-09-01 02:00:00,0.0
2016-09-01 03:00:00,0.0
2016-09-01 04:00:00,0.0
2016-09-01 05:00:00,7.62
2016-09-01 06:00:00,103.95
2016-09-01 07:00:00,282.73
2016-09-01 08:00:00,478.6
2016-09-01 09:00:00,702.55
2016-09-01 10:00:00,823.78
2016-09-01 11:00:00,900.75
2016-09-01 12:00:00,732.97
2016-09-01 13:00:00,594.17
2016-09-01 14:00:00,557.65
2016-09-01 15:00:00,353.67
2016-09-01 16:00:00,163.35
2016-09-01 17:00:00,22.17
2016-09-01 18:00:00,0.0
2016-09-01 19:00:00,0.0
2016-09-01 20:00:00,0.0
2016-09-01 21:00:00,0.0
2016-09-01 22:00:00,0.0
2016-09-01 23:00:00,0.0
2016-09-02 00:00:00,0.0
2016-09-02 01:00:00,0.0
2016-09-02 02:00:00,0.0
2016-09-02 03:00:00,0.0
2016-09-02 04:00:00,0.0
2016-09-02 05:00:00,6.8
2016-09-02 06:00:00,96.28
2016-09-02 07:00:00,260.73
2016-09-02 08:00:00,418.58
2016-09-02 09:00:00,589.42
2016-09-02 10:00:00,753.65
2016-09-02 11:00:00,866.53
2016-09-02 12:00:00,878.22
2016-09-02 13:00:00,729.3
2016-09-02 14:00:00,624.9
2016-09-02 15:00:00,416.27
2016-09-02 16:00:00,188.32
2016-09-02 17:00:00,24.48
2016-09-02 18:00:00,0.0
2016-09-02 19:00:00,0.0
2016-09-02 20:00:00,0.0
2016-09-02 21:00:00,0.0
2016-09-02 22:00:00,0.0
2016-09-02 23:00:00,0.0
2016-09-03 00:00:00,0.0
2016-09-03 01:00:00,0.0
2016-09-03 02:00:00,0.0
2016-09-03 03:00:00,0.0
2016-09-03 04:00:00,0.0
2016-09-03 05:00:00,6.22
2016-09-03 06:00:00,89.35
2016-09-03 07:00:00,238.98
2016-09-03 08:00:00,403.42
2016-09-03 09:00:00,595.9
2016-09-03 10:00:00,759.72
2016-09-03 11:00:00,704.95
2016-09-03 12:00:00,529.33
2016-09-03 13:00:00,522.28
2016-09-03 14:00:00,407.38
2016-09-03 15:00:00,253.88
2016-09-03 16:00:00,119.3
2016-09-03 17:00:00,15.93
2016-09-03 18:00:00,0.0
2016-09-03 19:00:00,0.0
2016-09-03 20:00:00,0.0
2016-09-03 21:00:00,0.0
2016-09-03 22:00:00,0.0
2016-09-03 23:00:00,0.0
2016-09-04 00:00:00,0.0
2016-09-04 01:00:00,0.0
2016-09-04 02:00:00,0.0
2016-09-04 03:00:00,0.0
2016-09-04 04:00:00,0.0
2016-09-04 05:00:00,5.53
2016-09-04 06:00:00,63.45
2016-09-04 07:00:00,187.0
2016-09-04 08:00:00,286.23
2016-09-04 09:00:00,391.12
2016-09-04 10:00:00,484.92
2016-09-04 11:00:00,532.88
2016-09-04 12:00:00,525.5
2016-09-04 13:00:00,470.48
2016-09-04 14:00:00,530.92
2016-09-04 15:00:00,338.23
2016-09-04 16:00:00,146.98
2016-09-04 17:00:00,22.25
2016-09-04 18:00:00,0.0
2016-09-04 19:00:00,0.0
2016-09-04 20:00:00,0.0
2016-09-04 21:00:00,0.0
2016-09-04 22:00:00,0.0
2016-09-04 23:00:00,0.0
2016-09-05 00:00:00,0.0
2016-09-05 01:00:00,0.0
2016-09-05 02:00:00,0.0
2016-09-05 03:00:00,0.0
2016-09-05 04:00:00,0.0
2016-09-05 05:00:00,8.12
2016-09-05 06:00:00,118.2
2016-09-05 07:00:00,303.52
2016-09-05 08:00:00,497.17
2016-09-05 09:00:00,604.12
2016-09-05 10:00:00,709.25
2016-09-05 11:00:00,796.25
2016-09-05 12:00:00,642.97
2016-09-05 13:00:00,665.62
2016-09-05 14:00:00,448.95
2016-09-05 15:00:00,267.58
2016-09-05 16:00:00,118.9
2016-09-05 17:00:00,14.82
2016-09-05 18:00:00,0.0
2016-09-05 19:00:00,0.0
2016-09-05 20:00:00,0.0
2016-09-05 21:00:00,0.0
2016-09-05 22:00:00,0.0
2016-09-05 23:00:00,0.0
2016-09-06 00:00:00,0.0
2016-09-06 01:00:00,0.0
2016-09-06 02:00:00,0.0
2016-09-06 03:00:00,0.0
2016-09-06 04:00:00,0.0
2016-09-06 05:00:00,9.62
2016-09-06 06:00:00,142.23
2016-09-06 07:00:00,354.4
2016-09-06 08:00:00,580.72
2016-09-06 09:00:00,756.33
2016-09-06 10:00:00,882.35
2016-09-06 11:00:00,921.85
2016-09-06 12:00:00,848.05
2016-09-06 13:00:00,722.33
2016-09-06 14:00:00,595.5
2016-09-06 15:00:00,394.95
2016-09-06 16:00:00,167.62
2016-09-06 17:00:00,20.02
2016-09-06 18:00:00,0.0
2016-09-06 19:00:00,0.0
2016-09-06 20:00:00,0.0
2016-09-06 21:00:00,0.0
2016-09-06 22:00:00,0.0
2016-09-06 23:00:00,0.0
2016-09-07 00:00:00,0.0
2016-09-07 01:00:00,0.0
2016-09-07 02:00:00,0.0
2016-09-07 03:00:00,0.0
2016-09-07 04:00:00,0.0
2016-09-07 05:00:00,9.65
2016-09-07 06:00:00,150.18
2016-09-07 07:00:00,380.17
2016-09-07 08:00:00,605.08
2016-09-07 09:00:00,767.2
2016-09-07 10:00:00,841.92
2016-09-07 11:00:00,952.72
2016-09-07 12:00:00,905.35
2016-09-07 13:00:00,784.6
2016-09-07 14:00:00,555.38
2016-09-07 15:00:00,354.65
2016-09-07 16:00:00,165.75
2016-09-07 17:00:00,18.92
2016-09-07 18:00:00,0.0
2016-09-07 19:00:00,0.0
2016-09-07 20:00:00,0.0
2016-09-07 21:00:00,0.0
2016-09-07 22:00:00,0.0
2016-09-07 23:00:00,0.0
2016-09-08 00:00:00,0.0
2016-09-08 01:00:00,0.0
2016-09-08 02:00:00,0.0
2016-09-08 03:00:00,0.0
2016-09-08 04:00:00,0.0
2016-09-08 05:00:00,8.5
2016-09-08 06:00:00,132.68
2016-09-08 07:00:00,350.33
2016-09-08 08:00:00,584.92
2016-09-08 09:00:00,720.03
2016-09-08 10:00:00,900.38
2016-09-08 11:00:00,936.03
2016-09-08 12:00:00,856.05
2016-09-08 13:00:00,724.83
2016-09-08 14:00:00,564.62
2016-09-08 15:00:00,345.3
2016-09-08 16:00:00,147.55
2016-09-08 17:00:00,16.95
2016-09-08 18:00:00,0.0
2016-09-08 19:00:00,0.0
2016-09-08 20:00:00,0.0
2016-09-08 21:00:00,0.0
2016-09-08 22:00:00,0.0
2016-09-08 23:00:00,0.0
2016-09-09 00:00:00,0.0
2016-09-09 01:00:00,0.0
2016-09-09 02:00:00,0.0
2016-09-09 03:00:00,0.0
2016-09-09 04:00:00,0.0
2016-09-09 05:00:00,8.95
2016-09-09 06:00:00,127.32
2016-09-09 07:00:00,331.77
2016-09-09 08:00:00,532.62
2016-09-09 09:00:00,668.25
2016-09-09 10:00:00,826.97
2016-09-09 11:00:00,839.3
2016-09-09 12:00:00,775.97
2016-09-09 13:00:00,486.98
2016-09-09 14:00:00,462.52
2016-09-09 15:00:00,289.58
2016-09-09 16:00:00,130.82
2016-09-09 17:00:00,13.93
2016-09-09 18:00:00,0.0
2016-09-09 19:00:00,0.0
2016-09-09 20:00:00,0.0
2016-09-09 21:00:00,0.0
2016-09-09 22:00:00,0.0
2016-09-09 23:00:00,0.0
2016-09-10 00:00:00,0.0
2016-09-10 01:00:00,0.0
2016-09-10 02:00:00,0.0
2016-09-10 03:00:00,0.0
2016-09-10 04:00:00,0.0
2016-09-10 05:00:00,7.3
2016-09-10 06:00:00,94.32
2016-09-10 07:00:00,242.0
2016-09-10 08:00:00,423.55
2016-09-10 09:00:00,693.03
2016-09-10 10:00:00,749.4
2016-09-10 11:00:00,810.7
2016-09-10 12:00:00,624.38
2016-09-10 13:00:00,609.22
2016-09-10 14:00:00,460.27
2016-09-10 15:00:00,253.2
2016-09-10 16:00:00,122.22
2016-09-10 17:00:00,13.38
2016-09-10 18:00:00,0.0
2016-09-10 19:00:00,0.0
2016-09-10 20:00:00,0.0
2016-09-10 21:00:00,0.0
2016-09-10 22:00:00,0.0
2016-09-10 23:00:00,0.0
2016-09-11 00:00:00,0.0
2016-09-11 01:00:00,0.0
2016-09-11 02:00:00,0.0
2016-09-11 03:00:00,0.0
2016-09-11 04:00:00,0.0
2016-09-11 05:00:00,7.1
2016-09-11 06:00:00,72.47
2016-09-11 07:00:00,194.3
2016-09-11 08:00:00,211.48
2016-09-11 09:00:00,290.95
2016-09-11 10:00:00,377.33
2016-09-11 11:00:00,367.27
2016-09-11 12:00:00,352.4
2016-09-11 13:00:00,348.83
2016-09-11 14:00:00,253.12
2016-09-11 15:00:00,139.7
2016-09-11 16:00:00,65.75
2016-09-11 17:00:00,8.32
2016-09-11 18:00:00,0.0
2016-09-11 19:00:00,0.0
2016-09-11 20:00:00,0.0
2016-09-11 21:00:00,0.0
2016-09-11 22:00:00,0.0
2016-09-11 23:00:00,0.0
2016-09-12 00:00:00,0.0
2016-09-12 01:00:00,0.0
2016-09-12 02:00:00,0.0
2016-09-12 03:00:00,0.0
2016-09-12 04:00:00,0.0
2016-09-12 05:00:00,5.62
2016-09-12 06:00:00,59.6
2016-09-12 07:00:00,140.93
2016-09-12 08:00:00,198.2
2016-09-12 09:00:00,229.6
2016-09-12 10:00:00,280.42
2016-09-12 11:00:00,323.8
2016-09-12 12:00:00,259.33
2016-09-12 13:00:00,244.27
2016-09-12 14:00:00,231.25
2016-09-12 15:00:00,147.68
2016-09-12 16:00:00,66.85
2016-09-12 17:00:00,7.53
2016-09-12 18:00:00,0.0
2016-09-12 19:00:00,0.0
2016-09-12 20:00:00,0.0
2016-09-12 21:00:00,0.0
2016-09-12 22:00:00,0.0
2016-09-12 23:00:00,0.0
2016-09-13 00:00:00,0.0
2016-09-13 01:00:00,0.0
2016-09-13 02:00:00,0.0
2016-09-13 03:00:00,0.0
2016-09-13 04:00:00,0.0
2016-09-13 05:00:00,6.82
2016-09-13 06:00:00,69.6
2016-09-13 07:00:00,185.62
2016-09-13 08:00:00,312.85
2016-09-13 09:00:00,264.9
2016-09-13 10:00:00,415.02
2016-09-13 11:00:00,381.67
2016-09-13 12:00:00,422.02
2016-09-13 13:00:00,380.27
2016-09-13 14:00:00,222.45
2016-09-13 15:00:00,125.62
2016-09-13 16:00:00,44.3
2016-09-13 17:00:00,6.0
2016-09-13 18:00:00,0.0
2016-09-13 19:00:00,0.0
2016-09-13 20:00:00,0.0
2016-09-13 21:00:00,0.0
2016-09-13 22:00:00,0.0
2016-09-13 23:00:00,0.0
2016-09-14 00:00:00,0.0
2016-09-14 01:00:00,0.0
2016-09-14 02:00:00,0.0
2016-09-14 03:00:00,0.0
2016-09-14 04:00:00,0.0
2016-09-14 05:00:00,2.67
2016-09-14 06:00:00,36.3
2016-09-14 07:00:00,94.8
2016-09-14 08:00:00,151.18
2016-09-14 09:00:00,215.4
2016-09-14 10:00:00,263.62
2016-09-14 11:00:00,268.85
2016-09-14 12:00:00,229.32
2016-09-14 13:00:00,263.92
2016-09-14 14:00:00,234.82
2016-09-14 15:00:00,141.5
2016-09-14 16:00:00,73.97
2016-09-14 17:00:00,7.1
2016-09-14 18:00:00,0.0
2016-09-14 19:00:00,0.0
2016-09-14 20:00:00,0.0
2016-09-14 21:00:00,0.0
2016-09-14 22:00:00,0.0
2016-09-14 23:00:00,0.0
2016-09-15 00:00:00,0.0
2016-09-15 01:00:00,0.0
2016-09-15 02:00:00,0.0
2016-09-15 03:00:00,0.0
2016-09-15 04:00:00,0.0
2016-09-15 05:00:00,6.43
2016-09-15 06:00:00,86.5
2016-09-15 07:00:00,210.77
2016-09-15 08:00:00,314.67
2016-09-15 09:00:00,391.0
2016-09-15 10:00:00,489.62
2016-09-15 11:00:00,748.97
2016-09-15 12:00:00,686.85
2016-09-15 13:00:00,518.17
2016-09-15 14:00:00,442.9
2016-09-15 15:00:00,248.75
2016-09-15 16:00:00,116.55
2016-09-15 17:00:00,14.12
2016-09-15 18:00:00,0.0
2016-09-15 19:00:00,0.0
2016-09-15 20:00:00,0.0
2016-09-15 21:00:00,0.0
2016-09-15 22:00:00,0.0
2016-09-15 23:00:00,0.0
2016-09-16 00:00:00,0.0
2016-09-16 01:00:00,0.0
2016-09-16 02:00:00,0.0
2016-09-16 03:00:00,0.0
2016-09-16 04:00:00,0.0
2016-09-16 05:00:00,6.45
2016-09-16 06:00:00,100.4
2016-09-16 07:00:00,236.5
2016-09-16 08:00:00,464.12
2016-09-16 09:00:00,640.17
2016-09-16 10:00:00,731.78
2016-09-16 11:00:00,814.28
2016-09-16 12:00:00,751.97
2016-09-16 13:00:00,663.5
2016-09-16 14:00:00,474.67
2016-09-16 15:00:00,281.17
2016-09-16 16:00:00,122.35
2016-09-16 17:00:00,13.0
2016-09-16 18:00:00,0.0
2016-09-16 19:00:00,0.0
2016-09-16 20:00:00,0.0
2016-09-16 21:00:00,0.0
2016-09-16 22:00:00,0.0
2016-09-16 23:00:00,0.0
2016-09-17 00:00:00,0.0
2016-09-17 01:00:00,0.0
2016-09-17 02:00:00,0.0
2016-09-17 03:00:00,0.0
2016-09-17 04:00:00,0.0
2016-09-17 05:00:00,4.97
2016-09-17 06:00:00,66.9
2016-09-17 07:00:00,173.8
2016-09-17 08:00:00,321.88
2016-09-17 09:00:00,480.83
2016-09-17 10:00:00,615.2
2016-09-17 11:00:00,724.6
2016-09-17 12:00:00,685.78
2016-09-17 13:00:00,542.45
2016-09-17 14:00:00,390.58
2016-09-17 15:00:00,224.6
2016-09-17 16:00:00,94.4
2016-09-17 17:00:00,9.38
2016-09-17 18:00:00,0.0
2016-09-17 19:00:00,0.0
2016-09-17 20:00:00,0.0
2016-09-17 21:00:00,0.0
2016-09-17 22:00:00,0.0
2016-09-17 23:00:00,0.0
2016-09-18 00:00:00,0.0
2016-09-18 01:00:00,0.0
2016-09-18 02:00:00,0.0
2016-09-18 03:00:00,0.0
2016-09-18 04:00:00,0.0
2016-09-18 05:00:00,8.02
2016-09-18 06:00:00,128.6
2016-09-18 07:00:00,337.92
2016-09-18 08:00:00,564.25
2016-09-18 09:00:00,727.0
2016-09-18 10:00:00,878.95
2016-09-18 11:00:00,897.8
2016-09-18 12:00:00,833.6
2016-09-18 13:00:00,687.1
2016-09-18 14:00:00,387.23
2016-09-18 15:00:00,236.15
2016-09-18 16:00:00,102.93
2016-09-18 17:00:00,8.77
2016-09-18 18:00:00,0.0
2016-09-18 19:00:00,0.0
2016-09-18 20:00:00,0.0
2016-09-18 21:00:00,0.0
2016-09-18 22:00:00,0.0
2016-09-18 23:00:00,0.0
2016-09-19 00:00:00,0.0
2016-09-19 01:00:00,0.0
2016-09-19 02:00:00,0.0
2016-09-19 03:00:00,0.0
2016-09-19 04:00:00,0.0
2016-09-19 05:00:00,8.85
2016-09-19 06:00:00,118.25
2016-09-19 07:00:00,302.15
2016-09-19 08:00:00,529.08
2016-09-19 09:00:00,694.3
2016-09-19 10:00:00,686.1
2016-09-19 11:00:00,738.42
2016-09-19 12:00:00,665.53
2016-09-19 13:00:00,563.67
2016-09-19 14:00:00,453.4
2016-09-19 15:00:00,275.9
2016-09-19 16:00:00,111.45
2016-09-19 17:00:00,11.05
2016-09-19 18:00:00,0.0
2016-09-19 19:00:00,0.0
2016-09-19 20:00:00,0.0
2016-09-19 21:00:00,0.0
2016-09-19 22:00:00,0.0
2016-09-19 23:00:00,0.0
2016-09-20 00:00:00,0.0
2016-09-20 01:00:00,0.0
2016-09-20 02:00:00,0.0
2016-09-20 03:00:00,0.0
2016-09-20 04:00:00,0.0
2016-09-20 05:00:00,2.95
2016-09-20 06:00:00,28.02
2016-09-20 07:00:00,56.95
2016-09-20 08:00:00,77.9
2016-09-20 09:00:00,117.85
2016-09-20 10:00:00,232.68
2016-09-20 11:00:00,321.17
2016-09-20 12:00:00,278.95
2016-09-20 13:00:00,260.98
2016-09-20 14:00:00,255.57
2016-09-20 15:00:00,152.57
2016-09-20 16:00:00,60.33
2016-09-20 17:00:00,5.15
2016-09-20 18:00:00,0.0
2016-09-20 19:00:00,0.0
2016-09-20 20:00:00,0.0
2016-09-20 21:00:00,0.0
2016-09-20 22:00:00,0.0
2016-09-20 23:00:00,0.0
2016-09-21 00:00:00,0.0
2016-09-21 01:00:00,0.0
2016-09-21 02:00:00,0.0
2016-09-21 03:00:00,0.0
2016-09-21 04:00:00,0.0
2016-09-21 05:00:00,3.88
2016-09-21 06:00:00,67.07
2016-09-21 07:00:00,170.85
2016-09-21 08:00:00,287.83
2016-09-21 09:00:00,437.52
2016-09-21 10:00:00,474.02
2016-09-21 11:00:00,474.62
2016-09-21 12:00:00,519.7
2016-09-21 13:00:00,531.15
2016-09-21 14:00:00,351.83
2016-09-21 15:00:00,204.88
2016-09-21 16:00:00,83.3
2016-09-21 17:00:00,6.28
2016-09-21 18:00:00,0.0
2016-09-21 19:00:00,0.0
2016-09-21 20:00:00,0.0
2016-09-21 21:00:00,0.0
2016-09-21 22:00:00,0.0
2016-09-21 23:00:00,0.0
2016-09-22 00:00:00,0.0
2016-09-22 01:00:00,0.0
2016-09-22 02:00:00,0.0
2016-09-22 03:00:00,0.0
2016-09-22 04:00:00,0.0
2016-09-22 05:00:00,8.0
2016-09-22 06:00:00,106.25
2016-09-22 07:00:00,265.0
2016-09-22 08:00:00,433.9
2016-09-22 09:00:00,671.58
2016-09-22 10:00:00,804.62
2016-09-22 11:00:00,891.35
2016-09-22 12:00:00,824.67
2016-09-22 13:00:00,714.15
2016-09-22 14:00:00,594.35
2016-09-22 15:00:00,330.52
2016-09-22 16:00:00,122.43
2016-09-22 17:00:00,7.45
2016-09-22 18:00:00,0.0
2016-09-22 19:00:00,0.0
2016-09-22 20:00:00,0.0
2016-09-22 21:00:00,0.0
2016-09-22 22:00:00,0.0
2016-09-22 23:00:00,0.0
2016-09-23 00:00:00,0.0
2016-09-23 01:00:00,0.0
2016-09-23 02:00:00,0.0
2016-09-23 03:00:00,0.0
2016-09-23 04:00:00,0.0
2016-09-23 05:00:00,7.75
2016-09-23 06:00:00,113.0
2016-09-23 07:00:00,306.1
2016-09-23 08:00:00,464.35
2016-09-23 09:00:00,618.92
2016-09-23 10:00:00,723.67
2016-09-23 11:00:00,835.58
2016-09-23 12:00:00,745.28
2016-09-23 13:00:00,556.12
2016-09-23 14:00:00,354.38
2016-09-23 15:00:00,216.8
2016-09-23 16:00:00,83.55
2016-09-23 17:00:00,7.65
2016-09-23 18:00:00,0.0
2016-09-23 19:00:00,0.0
2016-09-23 20:00:00,0.0
2016-09-23 21:00:00,0.0
2016-09-23 22:00:00,0.0
2016-09-23 23:00:00,0.0
2016-09-24 00:00:00,0.0
2016-09-24 01:00:00,0.0
2016-09-24 02:00:00,0.0
2016-09-24 03:00:00,0.0
2016-09-24 04:00:00,0.0
2016-09-24 05:00:00,8.77
2016-09-24 06:00:00,122.97
2016-09-24 07:00:00,299.75
2016-09-24 08:00:00,509.92
2016-09-24 09:00:00,690.15
2016-09-24 10:00:00,833.25
2016-09-24 11:00:00,847.5
2016-09-24 12:00:00,797.33
2016-09-24 13:00:00,649.58
2016-09-24 14:00:00,382.75
2016-09-24 15:00:00,225.48
2016-09-24 16:00:00,95.9
2016-09-24 17:00:00,6.53
2016-09-24 18:00:00,0.0
2016-09-24 19:00:00,0.0
2016-09-24 20:00:00,0.0
2016-09-24 21:00:00,0.0
2016-09-24 22:00:00,0.0
2016-09-24 23:00:00,0.0
2016-09-25 00:00:00,0.0
2016-09-25 01:00:00,0.0
2016-09-25 02:00:00,0.0
2016-09-25 03:00:00,0.0
2016-09-25 04:00:00,0.0
2016-09-25 05:00:00,9.12
2016-09-25 06:00:00,138.93
2016-09-25 07:00:00,367.45
2016-09-25 08:00:00,581.67
2016-09-25 09:00:00,740.3
2016-09-25 10:00:00,836.65
2016-09-25 11:00:00,894.17
2016-09-25 12:00:00,820.92
2016-09-25 13:00:00,491.3
2016-09-25 14:00:00,400.9
2016-09-25 15:00:00,259.38
2016-09-25 16:00:00,98.85
2016-09-25 17:00:00,6.97
2016-09-25 18:00:00,0.0
2016-09-25 19:00:00,0.0
2016-09-25 20:00:00,0.0
2016-09-25 21:00:00,0.0
2016-09-25 22:00:00,0.0
2016-09-25 23:00:00,0.0
2016-09-26 00:00:00,0.0
2016-09-26 01:00:00,0.0
2016-09-26 02:00:00,0.0
2016-09-26 03:00:00,0.0
2016-09-26 04:00:00,0.0
2016-09-26 05:00:00,6.6
2016-09-26 06:00:00,87.47
2016-09-26 07:00:00,220.15
2016-09-26 08:00:00,414.4
2016-09-26 09:00:00,605.75
2016-09-26 10:00:00,694.03
2016-09-26 11:00:00,862.95
2016-09-26 12:00:00,681.1
2016-09-26 13:00:00,735.35
2016-09-26 14:00:00,534.05
2016-09-26 15:00:00,327.7
2016-09-26 16:00:00,122.88
2016-09-26 17:00:00,7.55
2016-09-26 18:00:00,0.0
2016-09-26 19:00:00,0.0
2016-09-26 20:00:00,0.0
2016-09-26 21:00:00,0.0
2016-09-26 22:00:00,0.0
2016-09-26 23:00:00,0.0
2016-09-27 00:00:00,0.0
2016-09-27 01:00:00,0.0
2016-09-27 02:00:00,0.0
2016-09-27 03:00:00,0.0
2016-09-27 04:00:00,0.0
2016-09-27 05:00:00,5.28
2016-09-27 06:00:00,73.82
2016-09-27 07:00:00,199.0
2016-09-27 08:00:00,307.08
2016-09-27 09:00:00,406.75
2016-09-27 10:00:00,504.35
2016-09-27 11:00:00,717.22
2016-09-27 12:00:00,727.62
2016-09-27 13:00:00,616.35
2016-09-27 14:00:00,470.7
2016-09-27 15:00:00,284.8
2016-09-27 16:00:00,107.47
2016-09-27 17:00:00,7.15
2016-09-27 18:00:00,0.0
2016-09-27 19:00:00,0.0
2016-09-27 20:00:00,0.0
2016-09-27 21:00:00,0.0
2016-09-27 22:00:00,0.0
2016-09-27 23:00:00,0.0
2016-09-28 00:00:00,0.0
2016-09-28 01:00:00,0.0
2016-09-28 02:00:00,0.0
2016-09-28 03:00:00,0.0
2016-09-28 04:00:00,0.0
2016-09-28 05:00:00,5.62
2016-09-28 06:00:00,76.35
2016-09-28 07:00:00,183.3
2016-09-28 08:00:00,203.0
2016-09-28 09:00:00,305.7
2016-09-28 10:00:00,411.42
2016-09-28 11:00:00,503.98
2016-09-28 12:00:00,489.12
2016-09-28 13:00:00,412.35
2016-09-28 14:00:00,366.38
2016-09-28 15:00:00,222.73
2016-09-28 16:00:00,93.68
2016-09-28 17:00:00,7.07
2016-09-28 18:00:00,0.0
2016-09-28 19:00:00,0.0
2016-09-28 20:00:00,0.0
2016-09-28 21:00:00,0.0
2016-09-28 22:00:00,0.0
2016-09-28 23:00:00,0.0
2016-09-29 00:00:00,0.0
2016-09-29 01:00:00,0.0
2016-09-29 02:00:00,0.0
2016-09-29 03:00:00,0.0
2016-09-29 04:00:00,0.0
2016-09-29 05:00:00,6.75
2016-09-29 06:00:00,94.4
2016-09-29 07:00:00,259.27
2016-09-29 08:00:00,439.98
2016-09-29 09:00:00,525.42
2016-09-29 10:00:00,583.22
2016-09-29 11:00:00,699.88
2016-09-29 12:00:00,688.55
2016-09-29 13:00:00,584.6
2016-09-29 14:00:00,366.65
2016-09-29 15:00:00,218.6
2016-09-29 16:00:00,91.55
2016-09-29 17:00:00,5.85
2016-09-29 18:00:00,0.0
2016-09-29 19:00:00,0.0
2016-09-29 20:00:00,0.0
2016-09-29 21:00:00,0.0
2016-09-29 22:00:00,0.0
2016-09-29 23:00:00,0.0
2016-09-30 00:00:00,0.0
2016-09-30 01:00:00,0.0
2016-09-30 02:00:00,0.0
2016-09-30 03:00:00,0.0
2016-09-30 04:00:00,0.0
2016-09-30 05:00:00,7.07
2016-09-30 06:00:00,104.4
2016-09-30 07:00:00,287.12
2016-09-30 08:00:00,489.95
2016-09-30 09:00:00,651.4
2016-09-30 10:00:00,797.92
2016-09-30 11:00:00,785.55
2016-09-30 12:00:00,681.5
2016-09-30 13:00:00,622.17
2016-09-30 14:00:00,443.12
2016-09-30 15:00:00,227.55
2016-09-30 16:00:00,82.35
2016-09-30 17:00:00,4.57
2016-09-30 18:00:00,0.0
2016-09-30 19:00:00,0.0
2016-09-30 20:00:00,0.0
2016-09-30 21:00:00,0.0
2016-09-30 22:00:00,0.0
2016-09-30 23:00:00,0.0
2016-10-01 00:00:00,0.0
2016-10-01 01:00:00,0.0
2016-10-01 02:00:00,0.0
2016-10-01 03:00:00,0.0
2016-10-01 04:00:00,0.0
2016-10-01 05:00:00,6.95
2016-10-01 06:00:00,94.82
2016-10-01 07:00:00,258.62
2016-10-01 08:00:00,451.5
2016-10-01 09:00:00,602.22
2016-10-01 10:00:00,769.75
2016-10-01 11:00:00,844.7
2016-10-01 12:00:00,809.12
2016-10-01 13:00:00,698.08
2016-10-01 14:00:00,529.05
2016-10-01 15:00:00,316.95
2016-10-01 16:00:00,110.4
2016-10-01 17:00:00,5.5
2016-10-01 18:00:00,0.0
2016-10-01 19:00:00,0.0
2016-10-01 20:00:00,0.0
2016-10-01 21:00:00,0.0
2016-10-01 22:00:00,0.0
2016-10-01 23:00:00,0.0
2016-10-02 00:00:00,0.0
2016-10-02 01:00:00,0.0
2016-10-02 02:00:00,0.0
2016-10-02 03:00:00,0.0
2016-10-02 04:00:00,0.0
2016-10-02 05:00:00,7.2
2016-10-02 06:00:00,99.88
2016-10-02 07:00:00,261.4
2016-10-02 08:00:00,473.8
2016-10-02 09:00:00,664.45
2016-10-02 10:00:00,799.97
2016-10-02 11:00:00,873.88
2016-10-02 12:00:00,822.08
2016-10-02 13:00:00,718.55
2016-10-02 14:00:00,548.5
2016-10-02 15:00:00,335.15
2016-10-02 16:00:00,120.12
2016-10-02 17:00:00,5.57
2016-10-02 18:00:00,0.0
2016-10-02 19:00:00,0.0
2016-10-02 20:00:00,0.0
2016-10-02 21:00:00,0.0
2016-10-02 22:00:00,0.0
2016-10-02 23:00:00,0.0
2016-10-03 00:00:00,0.0
2016-10-03 01:00:00,0.0
2016-10-03 02:00:00,0.0
2016-10-03 03:00:00,0.0
2016-10-03 04:00:00,0.0
2016-10-03 05:00:00,8.25
2016-10-03 06:00:00,125.45
2016-10-03 07:00:00,312.7
2016-10-03 08:00:00,554.75
2016-10-03 09:00:00,736.3
2016-10-03 10:00:00,859.62
2016-10-03 11:00:00,915.35
2016-10-03 12:00:00,861.35
2016-10-03 13:00:00,737.08
2016-10-03 14:00:00,560.05
2016-10-03 15:00:00,320.77
2016-10-03 16:00:00,114.45
2016-10-03 17:00:00,5.0
2016-10-03 18:00:00,0.0
2016-10-03 19:00:00,0.0
2016-10-03 20:00:00,0.0
2016-10-03 21:00:00,0.0
2016-10-03 22:00:00,0.0
2016-10-03 23:00:00,0.0
2016-10-04 00:00:00,0.0
2016-10-04 01:00:00,0.0
2016-10-04 02:00:00,0.0
2016-10-04 03:00:00,0.0
2016-10-04 04:00:00,0.0
2016-10-04 05:00:00,7.47
2016-10-04 06:00:00,99.88
2016-10-04 07:00:00,249.5
2016-10-04 08:00:00,422.35
2016-10-04 09:00:00,600.65
2016-10-04 10:00:00,708.97
2016-10-04 11:00:00,771.75
2016-10-04 12:00:00,710.12
2016-10-04 13:00:00,576.5
2016-10-04 14:00:00,373.42
2016-10-04 15:00:00,202.6
2016-10-04 16:00:00,69.25
2016-10-04 17:00:00,2.88
2016-10-04 18:00:00,0.0
2016-10-04 19:00:00,0.0
2016-10-04 20:00:00,0.0
2016-10-04 21:00:00,0.0
2016-10-04 22:00:00,0.0
2016-10-04 23:00:00,0.0
2016-10-05 00:00:00,0.0
2016-10-05 01:00:00,0.0
2016-10-05 02:00:00,0.0
2016-10-05 03:00:00,0.0
2016-10-05 04:00:00,0.0
2016-10-05 05:00:00,7.88
2016-10-05 06:00:00,123.4
2016-10-05 07:00:00,312.25
2016-10-05 08:00:00,530.4
2016-10-05 09:00:00,680.75
2016-10-05 10:00:00,844.35
2016-10-05 11:00:00,879.17
2016-10-05 12:00:00,798.08
2016-10-05 13:00:00,712.0
2016-10-05 14:00:00,536.03
2016-10-05 15:00:00,327.95
2016-10-05 16:00:00,118.32
2016-10-05 17:00:00,4.93
2016-10-05 18:00:00,0.0
2016-10-05 19:00:00,0.0
2016-10-05 20:00:00,0.0
2016-10-05 21:00:00,0.0
2016-10-05 22:00:00,0.0
2016-10-05 23:00:00,0.0
2016-10-06 00:00:00,0.0
2016-10-06 01:00:00,0.0
2016-10-06 02:00:00,0.0
2016-10-06 03:00:00,0.0
2016-10-06 04:00:00,0.0
2016-10-06 05:00:00,8.57
2016-10-06 06:00:00,131.9
2016-10-06 07:00:00,332.95
2016-10-06 08:00:00,562.9
2016-10-06 09:00:00,717.17
2016-10-06 10:00:00,853.05
2016-10-06 11:00:00,864.88
2016-10-06 12:00:00,785.17
2016-10-06 13:00:00,686.95
2016-10-06 14:00:00,537.75
2016-10-06 15:00:00,318.23
2016-10-06 16:00:00,108.15
2016-10-06 17:00:00,4.3
2016-10-06 18:00:00,0.0
2016-10-06 19:00:00,0.0
2016-10-06 20:00:00,0.0
2016-10-06 21:00:00,0.0
2016-10-06 22:00:00,0.0
2016-10-06 23:00:00,0.0
2016-10-07 00:00:00,0.0
2016-10-07 01:00:00,0.0
2016-10-07 02:00:00,0.0
2016-10-07 03:00:00,0.0
2016-10-07 04:00:00,0.0
2016-10-07 05:00:00,9.23
2016-10-07 06:00:00,133.68
2016-10-07 07:00:00,337.1
2016-10-07 08:00:00,539.67
2016-10-07 09:00:00,602.35
2016-10-07 10:00:00,531.6
2016-10-07 11:00:00,548.58
2016-10-07 12:00:00,424.12
2016-10-07 13:00:00,445.42
2016-10-07 14:00:00,297.42
2016-10-07 15:00:00,169.2
2016-10-07 16:00:00,67.82
2016-10-07 17:00:00,3.3
2016-10-07 18:00:00,0.0
2016-10-07 19:00:00,0.0
2016-10-07 20:00:00,0.0
2016-10-07 21:00:00,0.0
2016-10-07 22:00:00,0.0
2016-10-07 23:00:00,0.0
2016-10-08 00:00:00,0.0
2016-10-08 01:00:00,0.0
2016-10-08 02:00:00,0.0
2016-10-08 03:00:00,0.0
2016-10-08 04:00:00,0.0
2016-10-08 05:00:00,8.4
2016-10-08 06:00:00,119.2
2016-10-08 07:00:00,311.4
2016-10-08 08:00:00,515.97
2016-10-08 09:00:00,664.4
2016-10-08 10:00:00,749.28
2016-10-08 11:00:00,752.65
2016-10-08 12:00:00,734.42
2016-10-08 13:00:00,589.95
2016-10-08 14:00:00,441.2
2016-10-08 15:00:00,250.88
2016-10-08 16:00:00,88.28
2016-10-08 17:00:00,3.3
2016-10-08 18:00:00,0.0
2016-10-08 19:00:00,0.0
2016-10-08 20:00:00,0.0
2016-10-08 21:00:00,0.0
2016-10-08 22:00:00,0.0
2016-10-08 23:00:00,0.0
2016-10-09 00:00:00,0.0
2016-10-09 01:00:00,0.0
2016-10-09 02:00:00,0.0
2016-10-09 03:00:00,0.0
2016-10-09 04:00:00,0.0
2016-10-09 05:00:00,2.78
2016-10-09 06:00:00,29.12
2016-10-09 07:00:00,59.58
2016-10-09 08:00:00,71.57
2016-10-09 09:00:00,141.2
2016-10-09 10:00:00,409.67
2016-10-09 11:00:00,601.4
2016-10-09 12:00:00,634.72
2016-10-09 13:00:00,658.97
2016-10-09 14:00:00,517.35
2016-10-09 15:00:00,306.9
2016-10-09 16:00:00,101.12
2016-10-09 17:00:00,3.47
2016-10-09 18:00:00,0.0
2016-10-09 19:00:00,0.0
2016-10-09 20:00:00,0.0
2016-10-09 21:00:00,0.0
2016-10-09 22:00:00,0.0
2016-10-09 23:00:00,0.0
2016-10-10 00:00:00,0.0
2016-10-10 01:00:00,0.0
2016-10-10 02:00:00,0.0
2016-10-10 03:00:00,0.0
2016-10-10 04:00:00,0.0
2016-10-10 05:00:00,6.9
2016-10-10 06:00:00,88.15
2016-10-10 07:00:00,221.75
2016-10-10 08:00:00,370.9
2016-10-10 09:00:00,491.45
2016-10-10 10:00:00,599.42
2016-10-10 11:00:00,710.1
2016-10-10 12:00:00,725.08
2016-10-10 13:00:00,597.08
2016-10-10 14:00:00,354.45
2016-10-10 15:00:00,205.73
2016-10-10 16:00:00,72.55
2016-10-10 17:00:00,2.78
2016-10-10 18:00:00,0.0
2016-10-10 19:00:00,0.0
2016-10-10 20:00:00,0.0
2016-10-10 21:00:00,0.0
2016-10-10 22:00:00,0.0
2016-10-10 23:00:00,0.0
2016-10-11 00:00:00,0.0
2016-10-11 01:00:00,0.0
2016-10-11 02:00:00,0.0
2016-10-11 03:00:00,0.0
2016-10-11 04:00:00,0.0
2016-10-11 05:00:00,7.25
2016-10-11 06:00:00,101.38
2016-10-11 07:00:00,254.35
2016-10-11 08:00:00,390.38
2016-10-11 09:00:00,608.1
2016-10-11 10:00:00,676.42
2016-10-11 11:00:00,765.08
2016-10-11 12:00:00,722.8
2016-10-11 13:00:00,561.7
2016-10-11 14:00:00,391.9
2016-10-11 15:00:00,217.7
2016-10-11 16:00:00,72.6
2016-10-11 17:00:00,2.53
2016-10-11 18:00:00,0.0
2016-10-11 19:00:00,0.0
2016-10-11 20:00:00,0.0
2016-10-11 21:00:00,0.0
2016-10-11 22:00:00,0.0
2016-10-11 23:00:00,0.0
2016-10-12 00:00:00,0.0
2016-10-12 01:00:00,0.0
2016-10-12 02:00:00,0.0
2016-10-12 03:00:00,0.0
2016-10-12 04:00:00,0.0
2016-10-12 05:00:00,6.5
2016-10-12 06:00:00,98.93
2016-10-12 07:00:00,275.4
2016-10-12 08:00:00,479.95
2016-10-12 09:00:00,663.75
2016-10-12 10:00:00,775.88
2016-10-12 11:00:00,850.2
2016-10-12 12:00:00,762.05
2016-10-12 13:00:00,664.17
2016-10-12 14:00:00,481.15
2016-10-12 15:00:00,264.25
2016-10-12 16:00:00,77.95
2016-10-12 17:00:00,2.33
2016-10-12 18:00:00,0.0
2016-10-12 19:00:00,0.0
2016-10-12 20:00:00,0.0
2016-10-12 21:00:00,0.0
2016-10-12 22:00:00,0.0
2016-10-12 23:00:00,0.0
2016-10-13 00:00:00,0.0
2016-10-13 01:00:00,0.0
2016-10-13 02:00:00,0.0
2016-10-13 03:00:00,0.0
2016-10-13 04:00:00,0.0
2016-10-13 05:00:00,7.47
2016-10-13 06:00:00,110.25
2016-10-13 07:00:00,293.92
2016-10-13 08:00:00,502.5
2016-10-13 09:00:00,657.35
2016-10-13 10:00:00,789.75
2016-10-13 11:00:00,849.17
2016-10-13 12:00:00,802.03
2016-10-13 13:00:00,671.25
2016-10-13 14:00:00,489.08
2016-10-13 15:00:00,272.83
2016-10-13 16:00:00,89.43
2016-10-13 17:00:00,0.0
2016-10-13 18:00:00,0.0
2016-10-13 19:00:00,0.0
2016-10-13 20:00:00,0.0
2016-10-13 21:00:00,0.0
2016-10-13 22:00:00,0.0
2016-10-13 23:00:00,0.0
2016-10-14 00:00:00,0.0
2016-10-14 01:00:00,0.0
2016-10-14 02:00:00,0.0
2016-10-14 03:00:00,0.0
2016-10-14 04:00:00,0.0
2016-10-14 05:00:00,8.38
2016-10-14 06:00:00,124.12
2016-10-14 07:00:00,307.1
2016-10-14 08:00:00,538.92
2016-10-14 09:00:00,737.67
2016-10-14 10:00:00,854.2
2016-10-14 11:00:00,798.1
2016-10-14 12:00:00,722.0
2016-10-14 13:00:00,638.85
2016-10-14 14:00:00,490.02
2016-10-14 15:00:00,275.1
2016-10-14 16:00:00,90.1
2016-10-14 17:00:00,0.0
2016-10-14 18:00:00,0.0
2016-10-14 19:00:00,0.0
2016-10-14 20:00:00,0.0
2016-10-14 21:00:00,0.0
2016-10-14 22:00:00,0.0
2016-10-14 23:00:00,0.0
2016-10-15 00:00:00,0.0
2016-10-15 01:00:00,0.0
2016-10-15 02:00:00,0.0
2016-10-15 03:00:00,0.0
2016-10-15 04:00:00,0.0
2016-10-15 05:00:00,7.95
2016-10-15 06:00:00,130.3
2016-10-15 07:00:00,332.12
2016-10-15 08:00:00,559.05
2016-10-15 09:00:00,735.88
2016-10-15 10:00:00,852.6
2016-10-15 11:00:00,875.03
2016-10-15 12:00:00,826.55
2016-10-15 13:00:00,707.6
2016-10-15 14:00:00,531.45
2016-10-15 15:00:00,317.02
2016-10-15 16:00:00,108.6
2016-10-15 17:00:00,0.0
2016-10-15 18:00:00,0.0
2016-10-15 19:00:00,0.0
2016-10-15 20:00:00,0.0
2016-10-15 21:00:00,0.0
2016-10-15 22:00:00,0.0
2016-10-15 23:00:00,0.0
2016-10-16 00:00:00,0.0
2016-10-16 01:00:00,0.0
2016-10-16 02:00:00,0.0
2016-10-16 03:00:00,0.0
2016-10-16 04:00:00,0.0
2016-10-16 05:00:00,8.48
2016-10-16 06:00:00,141.98
2016-10-16 07:00:00,358.98
2016-10-16 08:00:00,570.62
2016-10-16 09:00:00,745.95
2016-10-16 10:00:00,857.08
2016-10-16 11:00:00,853.9
2016-10-16 12:00:00,785.4
2016-10-16 13:00:00,698.6
2016-10-16 14:00:00,525.53
2016-10-16 15:00:00,310.1
2016-10-16 16:00:00,101.65
2016-10-16 17:00:00,0.0
2016-10-16 18:00:00,0.0
2016-10-16 19:00:00,0.0
2016-10-16 20:00:00,0.0
2016-10-16 21:00:00,0.0
2016-10-16 22:00:00,0.0
2016-10-16 23:00:00,0.0
2016-10-17 00:00:00,0.0
2016-10-17 01:00:00,0.0
2016-10-17 02:00:00,0.0
2016-10-17 03:00:00,0.0
2016-10-17 04:00:00,0.0
2016-10-17 05:00:00,8.05
2016-10-17 06:00:00,135.15
2016-10-17 07:00:00,348.27
2016-10-17 08:00:00,559.33
2016-10-17 09:00:00,710.17
2016-10-17 10:00:00,821.12
2016-10-17 11:00:00,861.8
2016-10-17 12:00:00,809.6
2016-10-17 13:00:00,656.45
2016-10-17 14:00:00,512.0
2016-10-17 15:00:00,297.4
2016-10-17 16:00:00,99.32
2016-10-17 17:00:00,0.0
2016-10-17 18:00:00,0.0
2016-10-17 19:00:00,0.0
2016-10-17 20:00:00,0.0
2016-10-17 21:00:00,0.0
2016-10-17 22:00:00,0.0
2016-10-17 23:00:00,0.0
2016-10-18 00:00:00,0.0
2016-10-18 01:00:00,0.0
2016-10-18 02:00:00,0.0
2016-10-18 03:00:00,0.0
2016-10-18 04:00:00,0.0
2016-10-18 05:00:00,8.12
2016-10-18 06:00:00,138.12
2016-10-18 07:00:00,352.95
2016-10-18 08:00:00,569.17
2016-10-18 09:00:00,746.85
2016-10-18 10:00:00,840.0
2016-10-18 11:00:00,886.28
2016-10-18 12:00:00,830.65
2016-10-18 13:00:00,708.03
2016-10-18 14:00:00,528.35
2016-10-18 15:00:00,310.77
2016-10-18 16:00:00,101.68
2016-10-18 17:00:00,0.0
2016-10-18 18:00:00,0.0
2016-10-18 19:00:00,0.0
2016-10-18 20:00:00,0.0
2016-10-18 21:00:00,0.0
2016-10-18 22:00:00,0.0
2016-10-18 23:00:00,0.0
2016-10-19 00:00:00,0.0
2016-10-19 01:00:00,0.0
2016-10-19 02:00:00,0.0
2016-10-19 03:00:00,0.0
2016-10-19 04:00:00,0.0
2016-10-19 05:00:00,8.32
2016-10-19 06:00:00,138.02
2016-10-19 07:00:00,344.8
2016-10-19 08:00:00,550.22
2016-10-19 09:00:00,686.85
2016-10-19 10:00:00,767.7
2016-10-19 11:00:00,822.35
2016-10-19 12:00:00,746.58
2016-10-19 13:00:00,669.95
2016-10-19 14:00:00,491.3
2016-10-19 15:00:00,273.62
2016-10-19 16:00:00,86.65
2016-10-19 17:00:00,0.0
2016-10-19 18:00:00,0.0
2016-10-19 19:00:00,0.0
2016-10-19 20:00:00,0.0
2016-10-19 21:00:00,0.0
2016-10-19 22:00:00,0.0
2016-10-19 23:00:00,0.0
2016-10-20 00:00:00,0.0
2016-10-20 01:00:00,0.0
2016-10-20 02:00:00,0.0
2016-10-20 03:00:00,0.0
2016-10-20 04:00:00,0.0
2016-10-20 05:00:00,7.25
2016-10-20 06:00:00,110.47
2016-10-20 07:00:00,265.9
2016-10-20 08:00:00,499.77
2016-10-20 09:00:00,688.12
2016-10-20 10:00:00,714.9
2016-10-20 11:00:00,827.5
2016-10-20 12:00:00,763.45
2016-10-20 13:00:00,658.53
2016-10-20 14:00:00,489.3
2016-10-20 15:00:00,275.85
2016-10-20 16:00:00,86.68
2016-10-20 17:00:00,0.0
2016-10-20 18:00:00,0.0
2016-10-20 19:00:00,0.0
2016-10-20 20:00:00,0.0
2016-10-20 21:00:00,0.0
2016-10-20 22:00:00,0.0
2016-10-20 23:00:00,0.0
2016-10-21 00:00:00,0.0
2016-10-21 01:00:00,0.0
2016-10-21 02:00:00,0.0
2016-10-21 03:00:00,0.0
2016-10-21 04:00:00,0.0
2016-10-21 05:00:00,7.65
2016-10-21 06:00:00,112.38
2016-10-21 07:00:00,287.12
2016-10-21 08:00:00,455.42
2016-10-21 09:00:00,637.58
2016-10-21 10:00:00,647.58
2016-10-21 11:00:00,631.42
2016-10-21 12:00:00,586.88
2016-10-21 13:00:00,462.3
2016-10-21 14:00:00,360.4
2016-10-21 15:00:00,194.18
2016-10-21 16:00:00,54.8
2016-10-21 17:00:00,0.0
2016-10-21 18:00:00,0.0
2016-10-21 19:00:00,0.0
2016-10-21 20:00:00,0.0
2016-10-21 21:00:00,0.0
2016-10-21 22:00:00,0.0
2016-10-21 23:00:00,0.0
2016-10-22 00:00:00,0.0
2016-10-22 01:00:00,0.0
2016-10-22 02:00:00,0.0
2016-10-22 03:00:00,0.0
2016-10-22 04:00:00,0.0
2016-10-22 05:00:00,5.6
2016-10-22 06:00:00,95.75
2016-10-22 07:00:00,272.9
2016-10-22 08:00:00,479.55
2016-10-22 09:00:00,666.62
2016-10-22 10:00:00,765.72
2016-10-22 11:00:00,824.53
2016-10-22 12:00:00,761.65
2016-10-22 13:00:00,643.08
2016-10-22 14:00:00,449.17
2016-10-22 15:00:00,238.45
2016-10-22 16:00:00,75.5
2016-10-22 17:00:00,0.0
2016-10-22 18:00:00,0.0
2016-10-22 19:00:00,0.0
2016-10-22 20:00:00,0.0
2016-10-22 21:00:00,0.0
2016-10-22 22:00:00,0.0
2016-10-22 23:00:00,0.0
2016-10-23 00:00:00,0.0
2016-10-23 01:00:00,0.0
2016-10-23 02:00:00,0.0
2016-10-23 03:00:00,0.0
2016-10-23 04:00:00,0.0
2016-10-23 05:00:00,7.28
2016-10-23 06:00:00,122.5
2016-10-23 07:00:00,324.02
2016-10-23 08:00:00,513.25
2016-10-23 09:00:00,678.25
2016-10-23 10:00:00,753.33
2016-10-23 11:00:00,797.8
2016-10-23 12:00:00,681.12
2016-10-23 13:00:00,599.72
2016-10-23 14:00:00,417.88
2016-10-23 15:00:00,227.12
2016-10-23 16:00:00,67.75
2016-10-23 17:00:00,0.0
2016-10-23 18:00:00,0.0
2016-10-23 19:00:00,0.0
2016-10-23 20:00:00,0.0
2016-10-23 21:00:00,0.0
2016-10-23 22:00:00,0.0
2016-10-23 23:00:00,0.0
2016-10-24 00:00:00,0.0
2016-10-24 01:00:00,0.0
2016-10-24 02:00:00,0.0
2016-10-24 03:00:00,0.0
2016-10-24 04:00:00,0.0
2016-10-24 05:00:00,6.43
2016-10-24 06:00:00,104.25
2016-10-24 07:00:00,281.55
2016-10-24 08:00:00,489.27
2016-10-24 09:00:00,661.88
2016-10-24 10:00:00,794.4
2016-10-24 11:00:00,836.0
2016-10-24 12:00:00,768.28
2016-10-24 13:00:00,631.28
2016-10-24 14:00:00,471.2
2016-10-24 15:00:00,263.7
2016-10-24 16:00:00,78.88
2016-10-24 17:00:00,0.0
2016-10-24 18:00:00,0.0
2016-10-24 19:00:00,0.0
2016-10-24 20:00:00,0.0
2016-10-24 21:00:00,0.0
2016-10-24 22:00:00,0.0
2016-10-24 23:00:00,0.0
2016-10-25 00:00:00,0.0
2016-10-25 01:00:00,0.0
2016-10-25 02:00:00,0.0
2016-10-25 03:00:00,0.0
2016-10-25 04:00:00,0.0
2016-10-25 05:00:00,6.43
2016-10-25 06:00:00,108.35
2016-10-25 07:00:00,294.0
2016-10-25 08:00:00,492.0
2016-10-25 09:00:00,672.15
2016-10-25 10:00:00,769.0
2016-10-25 11:00:00,868.22
2016-10-25 12:00:00,769.38
2016-10-25 13:00:00,675.4
2016-10-25 14:00:00,492.95
2016-10-25 15:00:00,281.27
2016-10-25 16:00:00,85.95
2016-10-25 17:00:00,0.0
2016-10-25 18:00:00,0.0
2016-10-25 19:00:00,0.0
2016-10-25 20:00:00,0.0
2016-10-25 21:00:00,0.0
2016-10-25 22:00:00,0.0
2016-10-25 23:00:00,0.0
2016-10-26 00:00:00,0.0
2016-10-26 01:00:00,0.0
2016-10-26 02:00:00,0.0
2016-10-26 03:00:00,0.0
2016-10-26 04:00:00,0.0
2016-10-26 05:00:00,6.88
2016-10-26 06:00:00,118.97
2016-10-26 07:00:00,317.08
2016-10-26 08:00:00,526.75
2016-10-26 09:00:00,691.65
2016-10-26 10:00:00,817.67
2016-10-26 11:00:00,799.25
2016-10-26 12:00:00,739.83
2016-10-26 13:00:00,669.55
2016-10-26 14:00:00,479.0
2016-10-26 15:00:00,264.85
2016-10-26 16:00:00,76.8
2016-10-26 17:00:00,0.0
2016-10-26 18:00:00,0.0
2016-10-26 19:00:00,0.0
2016-10-26 20:00:00,0.0
2016-10-26 21:00:00,0.0
2016-10-26 22:00:00,0.0
2016-10-26 23:00:00,0.0
2016-10-27 00:00:00,0.0
2016-10-27 01:00:00,0.0
2016-10-27 02:00:00,0.0
2016-10-27 03:00:00,0.0
2016-10-27 04:00:00,0.0
2016-10-27 05:00:00,5.97
2016-10-27 06:00:00,83.0
2016-10-27 07:00:00,203.05
2016-10-27 08:00:00,297.5
2016-10-27 09:00:00,509.92
2016-10-27 10:00:00,600.22
2016-10-27 11:00:00,591.62
2016-10-27 12:00:00,580.22
2016-10-27 13:00:00,501.73
2016-10-27 14:00:00,327.45
2016-10-27 15:00:00,169.55
2016-10-27 16:00:00,37.08
2016-10-27 17:00:00,0.0
2016-10-27 18:00:00,0.0
2016-10-27 19:00:00,0.0
2016-10-27 20:00:00,0.0
2016-10-27 21:00:00,0.0
2016-10-27 22:00:00,0.0
2016-10-27 23:00:00,0.0
2016-10-28 00:00:00,0.0
2016-10-28 01:00:00,0.0
2016-10-28 02:00:00,0.0
2016-10-28 03:00:00,0.0
2016-10-28 04:00:00,0.0
2016-10-28 05:00:00,4.5
2016-10-28 06:00:00,64.05
2016-10-28 07:00:00,149.95
2016-10-28 08:00:00,200.07
2016-10-28 09:00:00,404.75
2016-10-28 10:00:00,501.58
2016-10-28 11:00:00,599.53
2016-10-28 12:00:00,488.6
2016-10-28 13:00:00,538.0
2016-10-28 14:00:00,403.02
2016-10-28 15:00:00,189.55
2016-10-28 16:00:00,48.3
2016-10-28 17:00:00,0.0
2016-10-28 18:00:00,0.0
2016-10-28 19:00:00,0.0
2016-10-28 20:00:00,0.0
2016-10-28 21:00:00,0.0
2016-10-28 22:00:00,0.0
2016-10-28 23:00:00,0.0
2016-10-29 00:00:00,0.0
2016-10-29 01:00:00,0.0
2016-10-29 02:00:00,0.0
2016-10-29 03:00:00,0.0
2016-10-29 04:00:00,0.0
2016-10-29 05:00:00,2.17
2016-10-29 06:00:00,35.67
2016-10-29 07:00:00,86.93
2016-10-29 08:00:00,151.85
2016-10-29 09:00:00,274.48
2016-10-29 10:00:00,394.67
2016-10-29 11:00:00,485.98
2016-10-29 12:00:00,513.97
2016-10-29 13:00:00,412.48
2016-10-29 14:00:00,288.52
2016-10-29 15:00:00,162.15
2016-10-29 16:00:00,47.35
2016-10-29 17:00:00,0.0
2016-10-29 18:00:00,0.0
2016-10-29 19:00:00,0.0
2016-10-29 20:00:00,0.0
2016-10-29 21:00:00,0.0
2016-10-29 22:00:00,0.0
2016-10-29 23:00:00,0.0
2016-10-30 00:00:00,0.0
2016-10-30 01:00:00,0.0
2016-10-30 02:00:00,0.0
2016-10-30 03:00:00,0.0
2016-10-30 04:00:00,0.0
2016-10-30 05:00:00,4.45
2016-10-30 06:00:00,76.18
2016-10-30 07:00:00,167.2
2016-10-30 08:00:00,276.25
2016-10-30 09:00:00,274.25
2016-10-30 10:00:00,275.85
2016-10-30 11:00:00,305.7
2016-10-30 12:00:00,302.95
2016-10-30 13:00:00,287.0
2016-10-30 14:00:00,213.45
2016-10-30 15:00:00,139.5
2016-10-30 16:00:00,39.8
2016-10-30 17:00:00,0.0
2016-10-30 18:00:00,0.0
2016-10-30 19:00:00,0.0
2016-10-30 20:00:00,0.0
2016-10-30 21:00:00,0.0
2016-10-30 22:00:00,0.0
2016-10-30 23:00:00,0.0
2016-10-31 00:00:00,0.0
2016-10-31 01:00:00,0.0
2016-10-31 02:00:00,0.0
2016-10-31 03:00:00,0.0
2016-10-31 04:00:00,0.0
2016-10-31 05:00:00,6.5
2016-10-31 06:00:00,103.25
2016-10-31 07:00:00,255.5
2016-10-31 08:00:00,413.42
2016-10-31 09:00:00,596.17
2016-10-31 10:00:00,692.85
2016-10-31 11:00:00,693.53
2016-10-31 12:00:00,614.25
2016-10-31 13:00:00,565.12
2016-10-31 14:00:00,417.98
2016-10-31 15:00:00,228.7
2016-10-31 16:00:00,66.57
2016-10-31 17:00:00,0.0
2016-10-31 18:00:00,0.0
2016-10-31 19:00:00,0.0
2016-10-31 20:00:00,0.0
2016-10-31 21:00:00,0.0
2016-10-31 22:00:00,0.0
2016-10-31 23:00:00,0.0
2016-11-01 00:00:00,0.0
2016-11-01 01:00:00,0.0
2016-11-01 02:00:00,0.0
2016-11-01 03:00:00,0.0
2016-11-01 04:00:00,0.0
2016-11-01 05:00:00,6.38
2016-11-01 06:00:00,118.57
2016-11-01 07:00:00,313.23
2016-11-01 08:00:00,506.45
2016-11-01 09:00:00,652.72
2016-11-01 10:00:00,621.35
2016-11-01 11:00:00,723.85
2016-11-01 12:00:00,652.97
2016-11-01 13:00:00,482.55
2016-11-01 14:00:00,312.38
2016-11-01 15:00:00,181.25
2016-11-01 16:00:00,44.72
2016-11-01 17:00:00,0.0
2016-11-01 18:00:00,0.0
2016-11-01 19:00:00,0.0
2016-11-01 20:00:00,0.0
2016-11-01 21:00:00,0.0
2016-11-01 22:00:00,0.0
2016-11-01 23:00:00,0.0
2016-11-02 00:00:00,0.0
2016-11-02 01:00:00,0.0
2016-11-02 02:00:00,0.0
2016-11-02 03:00:00,0.0
2016-11-02 04:00:00,0.0
2016-11-02 05:00:00,4.35
2016-11-02 06:00:00,94.88
2016-11-02 07:00:00,234.27
2016-11-02 08:00:00,392.08
2016-11-02 09:00:00,526.4
2016-11-02 10:00:00,615.42
2016-11-02 11:00:00,631.1
2016-11-02 12:00:00,608.95
2016-11-02 13:00:00,518.42
2016-11-02 14:00:00,397.15
2016-11-02 15:00:00,204.82
2016-11-02 16:00:00,57.62
2016-11-02 17:00:00,0.0
2016-11-02 18:00:00,0.0
2016-11-02 19:00:00,0.0
2016-11-02 20:00:00,0.0
2016-11-02 21:00:00,0.0
2016-11-02 22:00:00,0.0
2016-11-02 23:00:00,0.0
2016-11-03 00:00:00,0.0
2016-11-03 01:00:00,0.0
2016-11-03 02:00:00,0.0
2016-11-03 03:00:00,0.0
2016-11-03 04:00:00,0.0
2016-11-03 05:00:00,5.78
2016-11-03 06:00:00,107.82
2016-11-03 07:00:00,289.35
2016-11-03 08:00:00,464.2
2016-11-03 09:00:00,567.12
2016-11-03 10:00:00,528.78
2016-11-03 11:00:00,612.12
2016-11-03 12:00:00,522.17
2016-11-03 13:00:00,424.05
2016-11-03 14:00:00,286.05
2016-11-03 15:00:00,170.88
2016-11-03 16:00:00,48.7
2016-11-03 17:00:00,0.0
2016-11-03 18:00:00,0.0
2016-11-03 19:00:00,0.0
2016-11-03 20:00:00,0.0
2016-11-03 21:00:00,0.0
2016-11-03 22:00:00,0.0
2016-11-03 23:00:00,0.0
2016-11-04 00:00:00,0.0
2016-11-04 01:00:00,0.0
2016-11-04 02:00:00,0.0
2016-11-04 03:00:00,0.0
2016-11-04 04:00:00,0.0
2016-11-04 05:00:00,5.53
2016-11-04 06:00:00,119.5
2016-11-04 07:00:00,319.23
2016-11-04 08:00:00,515.47
2016-11-04 09:00:00,686.33
2016-11-04 10:00:00,797.58
2016-11-04 11:00:00,850.05
2016-11-04 12:00:00,791.35
2016-11-04 13:00:00,547.72
2016-11-04 14:00:00,499.12
2016-11-04 15:00:00,267.12
2016-11-04 16:00:00,70.72
2016-11-04 17:00:00,0.0
2016-11-04 18:00:00,0.0
2016-11-04 19:00:00,0.0
2016-11-04 20:00:00,0.0
2016-11-04 21:00:00,0.0
2016-11-04 22:00:00,0.0
2016-11-04 23:00:00,0.0
2016-11-05 00:00:00,0.0
2016-11-05 01:00:00,0.0
2016-11-05 02:00:00,0.0
2016-11-05 03:00:00,0.0
2016-11-05 04:00:00,0.0
2016-11-05 05:00:00,5.25
2016-11-05 06:00:00,113.7
2016-11-05 07:00:00,311.98
2016-11-05 08:00:00,520.97
2016-11-05 09:00:00,698.03
2016-11-05 10:00:00,783.6
2016-11-05 11:00:00,825.17
2016-11-05 12:00:00,741.05
2016-11-05 13:00:00,650.05
2016-11-05 14:00:00,480.58
2016-11-05 15:00:00,271.3
2016-11-05 16:00:00,73.38
2016-11-05 17:00:00,0.0
2016-11-05 18:00:00,0.0
2016-11-05 19:00:00,0.0
2016-11-05 20:00:00,0.0
2016-11-05 21:00:00,0.0
2016-11-05 22:00:00,0.0
2016-11-05 23:00:00,0.0
2016-11-06 00:00:00,0.0
2016-11-06 01:00:00,0.0
2016-11-06 02:00:00,0.0
2016-11-06 03:00:00,0.0
2016-11-06 04:00:00,0.0
2016-11-06 05:00:00,4.9
2016-11-06 06:00:00,100.3
2016-11-06 07:00:00,274.05
2016-11-06 08:00:00,458.88
2016-11-06 09:00:00,653.62
2016-11-06 10:00:00,784.47
2016-11-06 11:00:00,816.12
2016-11-06 12:00:00,696.22
2016-11-06 13:00:00,617.55
2016-11-06 14:00:00,450.52
2016-11-06 15:00:00,246.62
2016-11-06 16:00:00,65.4
2016-11-06 17:00:00,0.0
2016-11-06 18:00:00,0.0
2016-11-06 19:00:00,0.0
2016-11-06 20:00:00,0.0
2016-11-06 21:00:00,0.0
2016-11-06 22:00:00,0.0
2016-11-06 23:00:00,0.0
2016-11-07 00:00:00,0.0
2016-11-07 01:00:00,0.0
2016-11-07 02:00:00,0.0
2016-11-07 03:00:00,0.0
2016-11-07 04:00:00,0.0
2016-11-07 05:00:00,3.78
2016-11-07 06:00:00,79.15
2016-11-07 07:00:00,231.32
2016-11-07 08:00:00,419.83
2016-11-07 09:00:00,513.92
2016-11-07 10:00:00,563.97
2016-11-07 11:00:00,601.3
2016-11-07 12:00:00,535.65
2016-11-07 13:00:00,484.95
2016-11-07 14:00:00,384.48
2016-11-07 15:00:00,221.62
2016-11-07 16:00:00,62.3
2016-11-07 17:00:00,0.0
2016-11-07 18:00:00,0.0
2016-11-07 19:00:00,0.0
2016-11-07 20:00:00,0.0
2016-11-07 21:00:00,0.0
2016-11-07 22:00:00,0.0
2016-11-07 23:00:00,0.0
2016-11-08 00:00:00,0.0
2016-11-08 01:00:00,0.0
2016-11-08 02:00:00,0.0
2016-11-08 03:00:00,0.0
2016-11-08 04:00:00,0.0
2016-11-08 05:00:00,4.62
2016-11-08 06:00:00,105.5
2016-11-08 07:00:00,298.52
2016-11-08 08:00:00,500.42
2016-11-08 09:00:00,665.97
2016-11-08 10:00:00,765.83
2016-11-08 11:00:00,790.88
2016-11-08 12:00:00,708.53
2016-11-08 13:00:00,612.83
2016-11-08 14:00:00,439.42
2016-11-08 15:00:00,238.27
2016-11-08 16:00:00,60.17
2016-11-08 17:00:00,0.0
2016-11-08 18:00:00,0.0
2016-11-08 19:00:00,0.0
2016-11-08 20:00:00,0.0
2016-11-08 21:00:00,0.0
2016-11-08 22:00:00,0.0
2016-11-08 23:00:00,0.0
2016-11-09 00:00:00,0.0
2016-11-09 01:00:00,0.0
2016-11-09 02:00:00,0.0
2016-11-09 03:00:00,0.0
2016-11-09 04:00:00,0.0
2016-11-09 05:00:00,4.28
2016-11-09 06:00:00,100.88
2016-11-09 07:00:00,291.15
2016-11-09 08:00:00,503.12
2016-11-09 09:00:00,666.75
2016-11-09 10:00:00,772.97
2016-11-09 11:00:00,820.33
2016-11-09 12:00:00,767.42
2016-11-09 13:00:00,652.72
2016-11-09 14:00:00,459.25
2016-11-09 15:00:00,254.05
2016-11-09 16:00:00,64.57
2016-11-09 17:00:00,0.0
2016-11-09 18:00:00,0.0
2016-11-09 19:00:00,0.0
2016-11-09 20:00:00,0.0
2016-11-09 21:00:00,0.0
2016-11-09 22:00:00,0.0
2016-11-09 23:00:00,0.0
2016-11-10 00:00:00,0.0
2016-11-10 01:00:00,0.0
2016-11-10 02:00:00,0.0
2016-11-10 03:00:00,0.0
2016-11-10 04:00:00,0.0
2016-11-10 05:00:00,4.55
2016-11-10 06:00:00,116.47
2016-11-10 07:00:00,325.05
2016-11-10 08:00:00,528.17
2016-11-10 09:00:00,700.5
2016-11-10 10:00:00,799.0
2016-11-10 11:00:00,813.67
2016-11-10 12:00:00,745.1
2016-11-10 13:00:00,643.28
2016-11-10 14:00:00,462.6
2016-11-10 15:00:00,256.27
2016-11-10 16:00:00,65.1
2016-11-10 17:00:00,0.0
2016-11-10 18:00:00,0.0
2016-11-10 19:00:00,0.0
2016-11-10 20:00:00,0.0
2016-11-10 21:00:00,0.0
2016-11-10 22:00:00,0.0
2016-11-10 23:00:00,0.0
2016-11-11 00:00:00,0.0
2016-11-11 01:00:00,0.0
2016-11-11 02:00:00,0.0
2016-11-11 03:00:00,0.0
2016-11-11 04:00:00,0.0
2016-11-11 05:00:00,4.38
2016-11-11 06:00:00,114.55
2016-11-11 07:00:00,315.4
2016-11-11 08:00:00,519.28
2016-11-11 09:00:00,685.95
2016-11-11 10:00:00,756.3
2016-11-11 11:00:00,782.83
2016-11-11 12:00:00,721.2
2016-11-11 13:00:00,624.65
2016-11-11 14:00:00,432.3
2016-11-11 15:00:00,220.18
2016-11-11 16:00:00,54.25
2016-11-11 17:00:00,0.0
2016-11-11 18:00:00,0.0
2016-11-11 19:00:00,0.0
2016-11-11 20:00:00,0.0
2016-11-11 21:00:00,0.0
2016-11-11 22:00:00,0.0
2016-11-11 23:00:00,0.0
2016-11-12 00:00:00,0.0
2016-11-12 01:00:00,0.0
2016-11-12 02:00:00,0.0
2016-11-12 03:00:00,0.0
2016-11-12 04:00:00,0.0
2016-11-12 05:00:00,4.0
2016-11-12 06:00:00,99.8
2016-11-12 07:00:00,281.65
2016-11-12 08:00:00,462.23
2016-11-12 09:00:00,598.7
2016-11-12 10:00:00,699.08
2016-11-12 11:00:00,710.53
2016-11-12 12:00:00,570.05
2016-11-12 13:00:00,546.88
2016-11-12 14:00:00,323.55
2016-11-12 15:00:00,185.23
2016-11-12 16:00:00,44.58
2016-11-12 17:00:00,0.0
2016-11-12 18:00:00,0.0
2016-11-12 19:00:00,0.0
2016-11-12 20:00:00,0.0
2016-11-12 21:00:00,0.0
2016-11-12 22:00:00,0.0
2016-11-12 23:00:00,0.0
2016-11-13 00:00:00,0.0
2016-11-13 01:00:00,0.0
2016-11-13 02:00:00,0.0
2016-11-13 03:00:00,0.0
2016-11-13 04:00:00,0.0
2016-11-13 05:00:00,2.83
2016-11-13 06:00:00,70.2
2016-11-13 07:00:00,211.43
2016-11-13 08:00:00,370.05
2016-11-13 09:00:00,548.38
2016-11-13 10:00:00,655.38
2016-11-13 11:00:00,740.83
2016-11-13 12:00:00,661.12
2016-11-13 13:00:00,566.22
2016-11-13 14:00:00,411.12
2016-11-13 15:00:00,222.82
2016-11-13 16:00:00,57.1
2016-11-13 17:00:00,0.0
2016-11-13 18:00:00,0.0
2016-11-13 19:00:00,0.0
2016-11-13 20:00:00,0.0
2016-11-13 21:00:00,0.0
2016-11-13 22:00:00,0.0
2016-11-13 23:00:00,0.0
2016-11-14 00:00:00,0.0
2016-11-14 01:00:00,0.0
2016-11-14 02:00:00,0.0
2016-11-14 03:00:00,0.0
2016-11-14 04:00:00,0.0
2016-11-14 05:00:00,4.25
2016-11-14 06:00:00,118.32
2016-11-14 07:00:00,330.52
2016-11-14 08:00:00,535.53
2016-11-14 09:00:00,703.15
2016-11-14 10:00:00,817.53
2016-11-14 11:00:00,836.5
2016-11-14 12:00:00,776.38
2016-11-14 13:00:00,654.42
2016-11-14 14:00:00,471.0
2016-11-14 15:00:00,266.58
2016-11-14 16:00:00,76.68
2016-11-14 17:00:00,0.0
2016-11-14 18:00:00,0.0
2016-11-14 19:00:00,0.0
2016-11-14 20:00:00,0.0
2016-11-14 21:00:00,0.0
2016-11-14 22:00:00,0.0
2016-11-14 23:00:00,0.0
2016-11-15 00:00:00,0.0
2016-11-15 01:00:00,0.0
2016-11-15 02:00:00,0.0
2016-11-15 03:00:00,0.0
2016-11-15 04:00:00,0.0
2016-11-15 05:00:00,4.28
2016-11-15 06:00:00,125.55
2016-11-15 07:00:00,331.75
2016-11-15 08:00:00,527.3
2016-11-15 09:00:00,689.47
2016-11-15 10:00:00,812.53
2016-11-15 11:00:00,823.42
2016-11-15 12:00:00,769.97
2016-11-15 13:00:00,640.5
2016-11-15 14:00:00,461.95
2016-11-15 15:00:00,249.52
2016-11-15 16:00:00,63.17
2016-11-15 17:00:00,0.0
2016-11-15 18:00:00,0.0
2016-11-15 19:00:00,0.0
2016-11-15 20:00:00,0.0
2016-11-15 21:00:00,0.0
2016-11-15 22:00:00,0.0
2016-11-15 23:00:00,0.0
2016-11-16 00:00:00,0.0
2016-11-16 01:00:00,0.0
2016-11-16 02:00:00,0.0
2016-11-16 03:00:00,0.0
2016-11-16 04:00:00,0.0
2016-11-16 05:00:00,3.1
2016-11-16 06:00:00,90.57
2016-11-16 07:00:00,266.88
2016-11-16 08:00:00,451.15
2016-11-16 09:00:00,627.78
2016-11-16 10:00:00,735.78
2016-11-16 11:00:00,735.7
2016-11-16 12:00:00,681.95
2016-11-16 13:00:00,582.7
2016-11-16 14:00:00,419.05
2016-11-16 15:00:00,223.07
2016-11-16 16:00:00,55.78
2016-11-16 17:00:00,0.0
2016-11-16 18:00:00,0.0
2016-11-16 19:00:00,0.0
2016-11-16 20:00:00,0.0
2016-11-16 21:00:00,0.0
2016-11-16 22:00:00,0.0
2016-11-16 23:00:00,0.0
2016-11-17 00:00:00,0.0
2016-11-17 01:00:00,0.0
2016-11-17 02:00:00,0.0
2016-11-17 03:00:00,0.0
2016-11-17 04:00:00,0.0
2016-11-17 05:00:00,2.5
2016-11-17 06:00:00,72.22
2016-11-17 07:00:00,205.93
2016-11-17 08:00:00,398.15
2016-11-17 09:00:00,579.67
2016-11-17 10:00:00,658.78
2016-11-17 11:00:00,714.55
2016-11-17 12:00:00,637.58
2016-11-17 13:00:00,541.62
2016-11-17 14:00:00,396.1
2016-11-17 15:00:00,207.0
2016-11-17 16:00:00,52.92
2016-11-17 17:00:00,0.0
2016-11-17 18:00:00,0.0
2016-11-17 19:00:00,0.0
2016-11-17 20:00:00,0.0
2016-11-17 21:00:00,0.0
2016-11-17 22:00:00,0.0
2016-11-17 23:00:00,0.0
2016-11-18 00:00:00,0.0
2016-11-18 01:00:00,0.0
2016-11-18 02:00:00,0.0
2016-11-18 03:00:00,0.0
2016-11-18 04:00:00,0.0
2016-11-18 05:00:00,2.62
2016-11-18 06:00:00,77.68
2016-11-18 07:00:00,222.2
2016-11-18 08:00:00,432.88
2016-11-18 09:00:00,567.4
2016-11-18 10:00:00,662.7
2016-11-18 11:00:00,686.05
2016-11-18 12:00:00,644.28
2016-11-18 13:00:00,502.55
2016-11-18 14:00:00,387.58
2016-11-18 15:00:00,192.25
2016-11-18 16:00:00,51.4
2016-11-18 17:00:00,0.0
2016-11-18 18:00:00,0.0
2016-11-18 19:00:00,0.0
2016-11-18 20:00:00,0.0
2016-11-18 21:00:00,0.0
2016-11-18 22:00:00,0.0
2016-11-18 23:00:00,0.0
2016-11-19 00:00:00,0.0
2016-11-19 01:00:00,0.0
2016-11-19 02:00:00,0.0
2016-11-19 03:00:00,0.0
2016-11-19 04:00:00,0.0
2016-11-19 05:00:00,0.0
2016-11-19 06:00:00,86.68
2016-11-19 07:00:00,229.75
2016-11-19 08:00:00,379.4
2016-11-19 09:00:00,557.72
2016-11-19 10:00:00,640.22
2016-11-19 11:00:00,686.9
2016-11-19 12:00:00,652.25
2016-11-19 13:00:00,505.23
2016-11-19 14:00:00,311.83
2016-11-19 15:00:00,170.02
2016-11-19 16:00:00,43.45
2016-11-19 17:00:00,0.0
2016-11-19 18:00:00,0.0
2016-11-19 19:00:00,0.0
2016-11-19 20:00:00,0.0
2016-11-19 21:00:00,0.0
2016-11-19 22:00:00,0.0
2016-11-19 23:00:00,0.0
2016-11-20 00:00:00,0.0
2016-11-20 01:00:00,0.0
2016-11-20 02:00:00,0.0
2016-11-20 03:00:00,0.0
2016-11-20 04:00:00,0.0
2016-11-20 05:00:00,0.0
2016-11-20 06:00:00,102.88
2016-11-20 07:00:00,291.67
2016-11-20 08:00:00,491.83
2016-11-20 09:00:00,619.95
2016-11-20 10:00:00,722.7
2016-11-20 11:00:00,755.08
2016-11-20 12:00:00,710.2
2016-11-20 13:00:00,593.88
2016-11-20 14:00:00,400.83
2016-11-20 15:00:00,207.18
2016-11-20 16:00:00,51.4
2016-11-20 17:00:00,0.0
2016-11-20 18:00:00,0.0
2016-11-20 19:00:00,0.0
2016-11-20 20:00:00,0.0
2016-11-20 21:00:00,0.0
2016-11-20 22:00:00,0.0
2016-11-20 23:00:00,0.0
2016-11-21 00:00:00,0.0
2016-11-21 01:00:00,0.0
2016-11-21 02:00:00,0.0
2016-11-21 03:00:00,0.0
2016-11-21 04:00:00,0.0
2016-11-21 05:00:00,0.0
2016-11-21 06:00:00,101.18
2016-11-21 07:00:00,278.95
2016-11-21 08:00:00,466.25
2016-11-21 09:00:00,624.2
2016-11-21 10:00:00,704.75
2016-11-21 11:00:00,753.88
2016-11-21 12:00:00,708.1
2016-11-21 13:00:00,590.5
2016-11-21 14:00:00,421.95
2016-11-21 15:00:00,226.07
2016-11-21 16:00:00,58.2
2016-11-21 17:00:00,0.0
2016-11-21 18:00:00,0.0
2016-11-21 19:00:00,0.0
2016-11-21 20:00:00,0.0
2016-11-21 21:00:00,0.0
2016-11-21 22:00:00,0.0
2016-11-21 23:00:00,0.0
2016-11-22 00:00:00,0.0
2016-11-22 01:00:00,0.0
2016-11-22 02:00:00,0.0
2016-11-22 03:00:00,0.0
2016-11-22 04:00:00,0.0
2016-11-22 05:00:00,0.0
2016-11-22 06:00:00,106.1
2016-11-22 07:00:00,290.67
2016-11-22 08:00:00,498.4
2016-11-22 09:00:00,670.9
2016-11-22 10:00:00,758.15
2016-11-22 11:00:00,769.05
2016-11-22 12:00:00,721.28
2016-11-22 13:00:00,616.58
2016-11-22 14:00:00,452.85
2016-11-22 15:00:00,251.55
2016-11-22 16:00:00,63.83
2016-11-22 17:00:00,0.0
2016-11-22 18:00:00,0.0
2016-11-22 19:00:00,0.0
2016-11-22 20:00:00,0.0
2016-11-22 21:00:00,0.0
2016-11-22 22:00:00,0.0
2016-11-22 23:00:00,0.0
2016-11-23 00:00:00,0.0
2016-11-23 01:00:00,0.0
2016-11-23 02:00:00,0.0
2016-11-23 03:00:00,0.0
2016-11-23 04:00:00,0.0
2016-11-23 05:00:00,0.0
2016-11-23 06:00:00,107.4
2016-11-23 07:00:00,304.6
2016-11-23 08:00:00,516.4
2016-11-23 09:00:00,688.7
2016-11-23 10:00:00,678.1
2016-11-23 11:00:00,807.58
2016-11-23 12:00:00,754.03
2016-11-23 13:00:00,639.25
2016-11-23 14:00:00,461.52
2016-11-23 15:00:00,257.35
2016-11-23 16:00:00,63.45
2016-11-23 17:00:00,0.0
2016-11-23 18:00:00,0.0
2016-11-23 19:00:00,0.0
2016-11-23 20:00:00,0.0
2016-11-23 21:00:00,0.0
2016-11-23 22:00:00,0.0
2016-11-23 23:00:00,0.0
2016-11-24 00:00:00,0.0
2016-11-24 01:00:00,0.0
2016-11-24 02:00:00,0.0
2016-11-24 03:00:00,0.0
2016-11-24 04:00:00,0.0
2016-11-24 05:00:00,0.0
2016-11-24 06:00:00,95.38
2016-11-24 07:00:00,263.05
2016-11-24 08:00:00,458.75
2016-11-24 09:00:00,645.92
2016-11-24 10:00:00,757.8
2016-11-24 11:00:00,777.42
2016-11-24 12:00:00,716.9
2016-11-24 13:00:00,609.83
2016-11-24 14:00:00,443.17
2016-11-24 15:00:00,240.43
2016-11-24 16:00:00,60.15
2016-11-24 17:00:00,0.0
2016-11-24 18:00:00,0.0
2016-11-24 19:00:00,0.0
2016-11-24 20:00:00,0.0
2016-11-24 21:00:00,0.0
2016-11-24 22:00:00,0.0
2016-11-24 23:00:00,0.0
2016-11-25 00:00:00,0.0
2016-11-25 01:00:00,0.0
2016-11-25 02:00:00,0.0
2016-11-25 03:00:00,0.0
2016-11-25 04:00:00,0.0
2016-11-25 05:00:00,0.0
2016-11-25 06:00:00,91.53
2016-11-25 07:00:00,277.6
2016-11-25 08:00:00,473.08
2016-11-25 09:00:00,641.92
2016-11-25 10:00:00,709.2
2016-11-25 11:00:00,790.3
2016-11-25 12:00:00,742.97
2016-11-25 13:00:00,611.08
2016-11-25 14:00:00,461.4
2016-11-25 15:00:00,258.23
2016-11-25 16:00:00,65.78
2016-11-25 17:00:00,0.0
2016-11-25 18:00:00,0.0
2016-11-25 19:00:00,0.0
2016-11-25 20:00:00,0.0
2016-11-25 21:00:00,0.0
2016-11-25 22:00:00,0.0
2016-11-25 23:00:00,0.0
2016-11-26 00:00:00,0.0
2016-11-26 01:00:00,0.0
2016-11-26 02:00:00,0.0
2016-11-26 03:00:00,0.0
2016-11-26 04:00:00,0.0
2016-11-26 05:00:00,0.0
2016-11-26 06:00:00,98.18
2016-11-26 07:00:00,280.6
2016-11-26 08:00:00,490.45
2016-11-26 09:00:00,638.15
2016-11-26 10:00:00,735.67
2016-11-26 11:00:00,770.8
2016-11-26 12:00:00,675.75
2016-11-26 13:00:00,618.05
2016-11-26 14:00:00,448.9
2016-11-26 15:00:00,251.57
2016-11-26 16:00:00,64.75
2016-11-26 17:00:00,0.0
2016-11-26 18:00:00,0.0
2016-11-26 19:00:00,0.0
2016-11-26 20:00:00,0.0
2016-11-26 21:00:00,0.0
2016-11-26 22:00:00,0.0
2016-11-26 23:00:00,0.0
2016-11-27 00:00:00,0.0
2016-11-27 01:00:00,0.0
2016-11-27 02:00:00,0.0
2016-11-27 03:00:00,0.0
2016-11-27 04:00:00,0.0
2016-11-27 05:00:00,0.0
2016-11-27 06:00:00,85.47
2016-11-27 07:00:00,244.1
2016-11-27 08:00:00,439.58
2016-11-27 09:00:00,605.22
2016-11-27 10:00:00,676.78
2016-11-27 11:00:00,739.6
2016-11-27 12:00:00,708.38
2016-11-27 13:00:00,614.92
2016-11-27 14:00:00,453.45
2016-11-27 15:00:00,259.33
2016-11-27 16:00:00,68.07
2016-11-27 17:00:00,0.0
2016-11-27 18:00:00,0.0
2016-11-27 19:00:00,0.0
2016-11-27 20:00:00,0.0
2016-11-27 21:00:00,0.0
2016-11-27 22:00:00,0.0
2016-11-27 23:00:00,0.0
2016-11-28 00:00:00,0.0
2016-11-28 01:00:00,0.0
2016-11-28 02:00:00,0.0
2016-11-28 03:00:00,0.0
2016-11-28 04:00:00,0.0
2016-11-28 05:00:00,0.0
2016-11-28 06:00:00,92.5
2016-11-28 07:00:00,270.58
2016-11-28 08:00:00,471.65
2016-11-28 09:00:00,622.92
2016-11-28 10:00:00,707.8
2016-11-28 11:00:00,692.05
2016-11-28 12:00:00,578.5
2016-11-28 13:00:00,471.8
2016-11-28 14:00:00,332.1
2016-11-28 15:00:00,189.57
2016-11-28 16:00:00,48.2
2016-11-28 17:00:00,0.0
2016-11-28 18:00:00,0.0
2016-11-28 19:00:00,0.0
2016-11-28 20:00:00,0.0
2016-11-28 21:00:00,0.0
2016-11-28 22:00:00,0.0
2016-11-28 23:00:00,0.0
2016-11-29 00:00:00,0.0
2016-11-29 01:00:00,0.0
2016-11-29 02:00:00,0.0
2016-11-29 03:00:00,0.0
2016-11-29 04:00:00,0.0
2016-11-29 05:00:00,0.0
2016-11-29 06:00:00,83.57
2016-11-29 07:00:00,236.5
2016-11-29 08:00:00,400.7
2016-11-29 09:00:00,518.25
2016-11-29 10:00:00,607.05
2016-11-29 11:00:00,665.72
2016-11-29 12:00:00,616.75
2016-11-29 13:00:00,529.25
2016-11-29 14:00:00,360.5
2016-11-29 15:00:00,206.93
2016-11-29 16:00:00,52.03
2016-11-29 17:00:00,0.0
2016-11-29 18:00:00,0.0
2016-11-29 19:00:00,0.0
2016-11-29 20:00:00,0.0
2016-11-29 21:00:00,0.0
2016-11-29 22:00:00,0.0
2016-11-29 23:00:00,0.0
2016-11-30 00:00:00,0.0
2016-11-30 01:00:00,0.0
2016-11-30 02:00:00,0.0
2016-11-30 03:00:00,0.0
2016-11-30 04:00:00,0.0
2016-11-30 05:00:00,0.0
2016-11-30 06:00:00,65.7
2016-11-30 07:00:00,200.52
2016-11-30 08:00:00,333.55
2016-11-30 09:00:00,541.85
2016-11-30 10:00:00,662.75
2016-11-30 11:00:00,709.8
2016-11-30 12:00:00,673.47
2016-11-30 13:00:00,586.33
2016-11-30 14:00:00,427.75
2016-11-30 15:00:00,224.6
2016-11-30 16:00:00,58.12
2016-11-30 17:00:00,0.0
2016-11-30 18:00:00,0.0
2016-11-30 19:00:00,0.0
2016-11-30 20:00:00,0.0
2016-11-30 21:00:00,0.0
2016-11-30 22:00:00,0.0
2016-11-30 23:00:00,0.0
2016-12-01 00:00:00,0.0
2016-12-01 01:00:00,0.0
2016-12-01 02:00:00,0.0
2016-12-01 03:00:00,0.0
2016-12-01 04:00:00,0.0
2016-12-01 05:00:00,0.0
2016-12-01 06:00:00,38.8
2016-12-01 07:00:00,126.8
2016-12-01 08:00:00,56.53
2016-12-01 09:00:00,130.43
2016-12-01 10:00:00,89.57
2016-12-01 11:00:00,169.0
2016-12-01 12:00:00,345.85
2016-12-01 13:00:00,306.85
2016-12-01 14:00:00,224.4
2016-12-01 15:00:00,116.62
2016-12-01 16:00:00,36.2
2016-12-01 17:00:00,0.0
2016-12-01 18:00:00,0.0
2016-12-01 19:00:00,0.0
2016-12-01 20:00:00,0.0
2016-12-01 21:00:00,0.0
2016-12-01 22:00:00,0.0
2016-12-01 23:00:00,0.0
2016-12-02 00:00:00,0.0
2016-12-02 01:00:00,0.0
2016-12-02 02:00:00,0.0
2016-12-02 03:00:00,0.0
2016-12-02 04:00:00,0.0
2016-12-02 05:00:00,0.0
2016-12-02 06:00:00,86.8
2016-12-02 07:00:00,247.62
2016-12-02 08:00:00,430.62
2016-12-02 09:00:00,565.83
2016-12-02 10:00:00,604.5
2016-12-02 11:00:00,667.83
2016-12-02 12:00:00,570.75
2016-12-02 13:00:00,516.65
2016-12-02 14:00:00,342.73
2016-12-02 15:00:00,175.07
2016-12-02 16:00:00,44.83
2016-12-02 17:00:00,0.0
2016-12-02 18:00:00,0.0
2016-12-02 19:00:00,0.0
2016-12-02 20:00:00,0.0
2016-12-02 21:00:00,0.0
2016-12-02 22:00:00,0.0
2016-12-02 23:00:00,0.0
2016-12-03 00:00:00,0.0
2016-12-03 01:00:00,0.0
2016-12-03 02:00:00,0.0
2016-12-03 03:00:00,0.0
2016-12-03 04:00:00,0.0
2016-12-03 05:00:00,0.0
2016-12-03 06:00:00,58.9
2016-12-03 07:00:00,215.4
2016-12-03 08:00:00,424.25
2016-12-03 09:00:00,590.8
2016-12-03 10:00:00,705.17
2016-12-03 11:00:00,730.58
2016-12-03 12:00:00,677.75
2016-12-03 13:00:00,578.7
2016-12-03 14:00:00,415.62
2016-12-03 15:00:00,232.1
2016-12-03 16:00:00,68.95
2016-12-03 17:00:00,0.0
2016-12-03 18:00:00,0.0
2016-12-03 19:00:00,0.0
2016-12-03 20:00:00,0.0
2016-12-03 21:00:00,0.0
2016-12-03 22:00:00,0.0
2016-12-03 23:00:00,0.0
2016-12-04 00:00:00,0.0
2016-12-04 01:00:00,0.0
2016-12-04 02:00:00,0.0
2016-12-04 03:00:00,0.0
2016-12-04 04:00:00,0.0
2016-12-04 05:00:00,0.0
2016-12-04 06:00:00,81.2
2016-12-04 07:00:00,243.95
2016-12-04 08:00:00,403.35
2016-12-04 09:00:00,571.12
2016-12-04 10:00:00,637.83
2016-12-04 11:00:00,639.8
2016-12-04 12:00:00,598.58
2016-12-04 13:00:00,534.72
2016-12-04 14:00:00,388.02
2016-12-04 15:00:00,226.48
2016-12-04 16:00:00,68.3
2016-12-04 17:00:00,0.0
2016-12-04 18:00:00,0.0
2016-12-04 19:00:00,0.0
2016-12-04 20:00:00,0.0
2016-12-04 21:00:00,0.0
2016-12-04 22:00:00,0.0
2016-12-04 23:00:00,0.0
2016-12-05 00:00:00,0.0
2016-12-05 01:00:00,0.0
2016-12-05 02:00:00,0.0
2016-12-05 03:00:00,0.0
2016-12-05 04:00:00,0.0
2016-12-05 05:00:00,0.0
2016-12-05 06:00:00,73.7
2016-12-05 07:00:00,231.77
2016-12-05 08:00:00,441.85
2016-12-05 09:00:00,586.75
2016-12-05 10:00:00,644.83
2016-12-05 11:00:00,667.45
2016-12-05 12:00:00,612.83
2016-12-05 13:00:00,539.42
2016-12-05 14:00:00,393.9
2016-12-05 15:00:00,219.48
2016-12-05 16:00:00,60.08
2016-12-05 17:00:00,0.0
2016-12-05 18:00:00,0.0
2016-12-05 19:00:00,0.0
2016-12-05 20:00:00,0.0
2016-12-05 21:00:00,0.0
2016-12-05 22:00:00,0.0
2016-12-05 23:00:00,0.0
2016-12-06 00:00:00,0.0
2016-12-06 01:00:00,0.0
2016-12-06 02:00:00,0.0
2016-12-06 03:00:00,0.0
2016-12-06 04:00:00,0.0
2016-12-06 05:00:00,0.0
2016-12-06 06:00:00,72.28
2016-12-06 07:00:00,247.05
2016-12-06 08:00:00,439.55
2016-12-06 09:00:00,624.08
2016-12-06 10:00:00,722.47
2016-12-06 11:00:00,707.97
2016-12-06 12:00:00,644.58
2016-12-06 13:00:00,566.38
2016-12-06 14:00:00,411.73
2016-12-06 15:00:00,235.05
2016-12-06 16:00:00,66.18
2016-12-06 17:00:00,0.0
2016-12-06 18:00:00,0.0
2016-12-06 19:00:00,0.0
2016-12-06 20:00:00,0.0
2016-12-06 21:00:00,0.0
2016-12-06 22:00:00,0.0
2016-12-06 23:00:00,0.0
2016-12-07 00:00:00,0.0
2016-12-07 01:00:00,0.0
2016-12-07 02:00:00,0.0
2016-12-07 03:00:00,0.0
2016-12-07 04:00:00,0.0
2016-12-07 05:00:00,0.0
2016-12-07 06:00:00,53.2
2016-12-07 07:00:00,165.8
2016-12-07 08:00:00,285.77
2016-12-07 09:00:00,459.35
2016-12-07 10:00:00,561.78
2016-12-07 11:00:00,646.17
2016-12-07 12:00:00,602.17
2016-12-07 13:00:00,543.8
2016-12-07 14:00:00,393.05
2016-12-07 15:00:00,210.43
2016-12-07 16:00:00,64.97
2016-12-07 17:00:00,0.0
2016-12-07 18:00:00,0.0
2016-12-07 19:00:00,0.0
2016-12-07 20:00:00,0.0
2016-12-07 21:00:00,0.0
2016-12-07 22:00:00,0.0
2016-12-07 23:00:00,0.0
2016-12-08 00:00:00,0.0
2016-12-08 01:00:00,0.0
2016-12-08 02:00:00,0.0
2016-12-08 03:00:00,0.0
2016-12-08 04:00:00,0.0
2016-12-08 05:00:00,0.0
2016-12-08 06:00:00,74.35
2016-12-08 07:00:00,247.95
2016-12-08 08:00:00,441.85
2016-12-08 09:00:00,602.7
2016-12-08 10:00:00,703.33
2016-12-08 11:00:00,694.53
2016-12-08 12:00:00,633.97
2016-12-08 13:00:00,535.12
2016-12-08 14:00:00,393.33
2016-12-08 15:00:00,216.05
2016-12-08 16:00:00,64.85
2016-12-08 17:00:00,0.0
2016-12-08 18:00:00,0.0
2016-12-08 19:00:00,0.0
2016-12-08 20:00:00,0.0
2016-12-08 21:00:00,0.0
2016-12-08 22:00:00,0.0
2016-12-08 23:00:00,0.0
2016-12-09 00:00:00,0.0
2016-12-09 01:00:00,0.0
2016-12-09 02:00:00,0.0
2016-12-09 03:00:00,0.0
2016-12-09 04:00:00,0.0
2016-12-09 05:00:00,0.0
2016-12-09 06:00:00,72.72
2016-12-09 07:00:00,251.45
2016-12-09 08:00:00,450.2
2016-12-09 09:00:00,594.88
2016-12-09 10:00:00,693.03
2016-12-09 11:00:00,743.2
2016-12-09 12:00:00,697.6
2016-12-09 13:00:00,579.0
2016-12-09 14:00:00,435.02
2016-12-09 15:00:00,239.07
2016-12-09 16:00:00,66.43
2016-12-09 17:00:00,0.0
2016-12-09 18:00:00,0.0
2016-12-09 19:00:00,0.0
2016-12-09 20:00:00,0.0
2016-12-09 21:00:00,0.0
2016-12-09 22:00:00,0.0
2016-12-09 23:00:00,0.0
2016-12-10 00:00:00,0.0
2016-12-10 01:00:00,0.0
2016-12-10 02:00:00,0.0
2016-12-10 03:00:00,0.0
2016-12-10 04:00:00,0.0
2016-12-10 05:00:00,0.0
2016-12-10 06:00:00,59.05
2016-12-10 07:00:00,205.02
2016-12-10 08:00:00,365.98
2016-12-10 09:00:00,506.17
2016-12-10 10:00:00,515.95
2016-12-10 11:00:00,629.38
2016-12-10 12:00:00,595.47
2016-12-10 13:00:00,440.75
2016-12-10 14:00:00,299.2
2016-12-10 15:00:00,162.82
2016-12-10 16:00:00,40.3
2016-12-10 17:00:00,0.0
2016-12-10 18:00:00,0.0
2016-12-10 19:00:00,0.0
2016-12-10 20:00:00,0.0
2016-12-10 21:00:00,0.0
2016-12-10 22:00:00,0.0
2016-12-10 23:00:00,0.0
2016-12-11 00:00:00,0.0
2016-12-11 01:00:00,0.0
2016-12-11 02:00:00,0.0
2016-12-11 03:00:00,0.0
2016-12-11 04:00:00,0.0
2016-12-11 05:00:00,0.0
2016-12-11 06:00:00,35.15
2016-12-11 07:00:00,125.28
2016-12-11 08:00:00,230.4
2016-12-11 09:00:00,263.67
2016-12-11 10:00:00,244.23
2016-12-11 11:00:00,462.17
2016-12-11 12:00:00,193.6
2016-12-11 13:00:00,145.25
2016-12-11 14:00:00,82.3
2016-12-11 15:00:00,85.47
2016-12-11 16:00:00,26.65
2016-12-11 17:00:00,0.0
2016-12-11 18:00:00,0.0
2016-12-11 19:00:00,0.0
2016-12-11 20:00:00,0.0
2016-12-11 21:00:00,0.0
2016-12-11 22:00:00,0.0
2016-12-11 23:00:00,0.0
2016-12-12 00:00:00,0.0
2016-12-12 01:00:00,0.0
2016-12-12 02:00:00,0.0
2016-12-12 03:00:00,0.0
2016-12-12 04:00:00,0.0
2016-12-12 05:00:00,0.0
2016-12-12 06:00:00,6.95
2016-12-12 07:00:00,20.02
2016-12-12 08:00:00,37.92
2016-12-12 09:00:00,56.45
2016-12-12 10:00:00,51.6
2016-12-12 11:00:00,88.62
2016-12-12 12:00:00,90.6
2016-12-12 13:00:00,87.25
2016-12-12 14:00:00,89.82
2016-12-12 15:00:00,57.83
2016-12-12 16:00:00,19.08
2016-12-12 17:00:00,0.0
2016-12-12 18:00:00,0.0
2016-12-12 19:00:00,0.0
2016-12-12 20:00:00,0.0
2016-12-12 21:00:00,0.0
2016-12-12 22:00:00,0.0
2016-12-12 23:00:00,0.0
2016-12-13 00:00:00,0.0
2016-12-13 01:00:00,0.0
2016-12-13 02:00:00,0.0
2016-12-13 03:00:00,0.0
2016-12-13 04:00:00,0.0
2016-12-13 05:00:00,0.0
2016-12-13 06:00:00,31.27
2016-12-13 07:00:00,112.07
2016-12-13 08:00:00,217.68
2016-12-13 09:00:00,327.08
2016-12-13 10:00:00,415.3
2016-12-13 11:00:00,568.6
2016-12-13 12:00:00,563.2
2016-12-13 13:00:00,495.15
2016-12-13 14:00:00,409.33
2016-12-13 15:00:00,245.35
2016-12-13 16:00:00,83.82
2016-12-13 17:00:00,0.0
2016-12-13 18:00:00,0.0
2016-12-13 19:00:00,0.0
2016-12-13 20:00:00,0.0
2016-12-13 21:00:00,0.0
2016-12-13 22:00:00,0.0
2016-12-13 23:00:00,0.0
2016-12-14 00:00:00,0.0
2016-12-14 01:00:00,0.0
2016-12-14 02:00:00,0.0
2016-12-14 03:00:00,0.0
2016-12-14 04:00:00,0.0
2016-12-14 05:00:00,0.0
2016-12-14 06:00:00,70.75
2016-12-14 07:00:00,251.68
2016-12-14 08:00:00,435.38
2016-12-14 09:00:00,597.88
2016-12-14 10:00:00,696.03
2016-12-14 11:00:00,726.22
2016-12-14 12:00:00,694.03
2016-12-14 13:00:00,561.83
2016-12-14 14:00:00,465.3
2016-12-14 15:00:00,271.6
2016-12-14 16:00:00,83.6
2016-12-14 17:00:00,0.0
2016-12-14 18:00:00,0.0
2016-12-14 19:00:00,0.0
2016-12-14 20:00:00,0.0
2016-12-14 21:00:00,0.0
2016-12-14 22:00:00,0.0
2016-12-14 23:00:00,0.0
2016-12-15 00:00:00,0.0
2016-12-15 01:00:00,0.0
2016-12-15 02:00:00,0.0
2016-12-15 03:00:00,0.0
2016-12-15 04:00:00,0.0
2016-12-15 05:00:00,0.0
2016-12-15 06:00:00,63.6
2016-12-15 07:00:00,245.75
2016-12-15 08:00:00,441.27
2016-12-15 09:00:00,614.3
2016-12-15 10:00:00,700.22
2016-12-15 11:00:00,771.95
2016-12-15 12:00:00,727.17
2016-12-15 13:00:00,625.35
2016-12-15 14:00:00,468.85
2016-12-15 15:00:00,266.75
2016-12-15 16:00:00,82.82
2016-12-15 17:00:00,0.0
2016-12-15 18:00:00,0.0
2016-12-15 19:00:00,0.0
2016-12-15 20:00:00,0.0
2016-12-15 21:00:00,0.0
2016-12-15 22:00:00,0.0
2016-12-15 23:00:00,0.0
2016-12-16 00:00:00,0.0
2016-12-16 01:00:00,0.0
2016-12-16 02:00:00,0.0
2016-12-16 03:00:00,0.0
2016-12-16 04:00:00,0.0
2016-12-16 05:00:00,0.0
2016-12-16 06:00:00,55.9
2016-12-16 07:00:00,228.07
2016-12-16 08:00:00,410.33
2016-12-16 09:00:00,584.67
2016-12-16 10:00:00,693.5
2016-12-16 11:00:00,753.17
2016-12-16 12:00:00,694.95
2016-12-16 13:00:00,597.2
2016-12-16 14:00:00,439.75
2016-12-16 15:00:00,253.8
2016-12-16 16:00:00,77.9
2016-12-16 17:00:00,0.0
2016-12-16 18:00:00,0.0
2016-12-16 19:00:00,0.0
2016-12-16 20:00:00,0.0
2016-12-16 21:00:00,0.0
2016-12-16 22:00:00,0.0
2016-12-16 23:00:00,0.0
2016-12-17 00:00:00,0.0
2016-12-17 01:00:00,0.0
2016-12-17 02:00:00,0.0
2016-12-17 03:00:00,0.0
2016-12-17 04:00:00,0.0
2016-12-17 05:00:00,0.0
2016-12-17 06:00:00,60.1
2016-12-17 07:00:00,228.88
2016-12-17 08:00:00,405.9
2016-12-17 09:00:00,573.0
2016-12-17 10:00:00,682.03
2016-12-17 11:00:00,704.15
2016-12-17 12:00:00,675.33
2016-12-17 13:00:00,576.65
2016-12-17 14:00:00,430.05
2016-12-17 15:00:00,245.55
2016-12-17 16:00:00,73.65
2016-12-17 17:00:00,0.0
2016-12-17 18:00:00,0.0
2016-12-17 19:00:00,0.0
2016-12-17 20:00:00,0.0
2016-12-17 21:00:00,0.0
2016-12-17 22:00:00,0.0
2016-12-17 23:00:00,0.0
2016-12-18 00:00:00,0.0
2016-12-18 01:00:00,0.0
2016-12-18 02:00:00,0.0
2016-12-18 03:00:00,0.0
2016-12-18 04:00:00,0.0
2016-12-18 05:00:00,0.0
2016-12-18 06:00:00,60.53
2016-12-18 07:00:00,241.23
2016-12-18 08:00:00,429.58
2016-12-18 09:00:00,581.97
2016-12-18 10:00:00,700.05
2016-12-18 11:00:00,705.0
2016-12-18 12:00:00,633.3
2016-12-18 13:00:00,522.55
2016-12-18 14:00:00,430.12
2016-12-18 15:00:00,251.55
2016-12-18 16:00:00,82.25
2016-12-18 17:00:00,0.0
2016-12-18 18:00:00,0.0
2016-12-18 19:00:00,0.0
2016-12-18 20:00:00,0.0
2016-12-18 21:00:00,0.0
2016-12-18 22:00:00,0.0
2016-12-18 23:00:00,0.0
2016-12-19 00:00:00,0.0
2016-12-19 01:00:00,0.0
2016-12-19 02:00:00,0.0
2016-12-19 03:00:00,0.0
2016-12-19 04:00:00,0.0
2016-12-19 05:00:00,0.0
2016-12-19 06:00:00,63.05
2016-12-19 07:00:00,252.73
2016-12-19 08:00:00,448.15
2016-12-19 09:00:00,599.72
2016-12-19 10:00:00,704.5
2016-12-19 11:00:00,692.92
2016-12-19 12:00:00,630.45
2016-12-19 13:00:00,514.38
2016-12-19 14:00:00,360.33
2016-12-19 15:00:00,222.57
2016-12-19 16:00:00,82.9
2016-12-19 17:00:00,0.0
2016-12-19 18:00:00,0.0
2016-12-19 19:00:00,0.0
2016-12-19 20:00:00,0.0
2016-12-19 21:00:00,0.0
2016-12-19 22:00:00,0.0
2016-12-19 23:00:00,0.0
2016-12-20 00:00:00,0.0
2016-12-20 01:00:00,0.0
2016-12-20 02:00:00,0.0
2016-12-20 03:00:00,0.0
2016-12-20 04:00:00,0.0
2016-12-20 05:00:00,0.0
2016-12-20 06:00:00,57.45
2016-12-20 07:00:00,211.25
2016-12-20 08:00:00,370.12
2016-12-20 09:00:00,565.72
2016-12-20 10:00:00,636.08
2016-12-20 11:00:00,704.4
2016-12-20 12:00:00,669.0
2016-12-20 13:00:00,579.28
2016-12-20 14:00:00,429.35
2016-12-20 15:00:00,258.7
2016-12-20 16:00:00,87.57
2016-12-20 17:00:00,0.0
2016-12-20 18:00:00,0.0
2016-12-20 19:00:00,0.0
2016-12-20 20:00:00,0.0
2016-12-20 21:00:00,0.0
2016-12-20 22:00:00,0.0
2016-12-20 23:00:00,0.0
2016-12-21 00:00:00,0.0
2016-12-21 01:00:00,0.0
2016-12-21 02:00:00,0.0
2016-12-21 03:00:00,0.0
2016-12-21 04:00:00,0.0
2016-12-21 05:00:00,0.0
2016-12-21 06:00:00,58.35
2016-12-21 07:00:00,241.75
2016-12-21 08:00:00,432.98
2016-12-21 09:00:00,593.53
2016-12-21 10:00:00,682.25
2016-12-21 11:00:00,752.28
2016-12-21 12:00:00,723.65
2016-12-21 13:00:00,636.75
2016-12-21 14:00:00,497.1
2016-12-21 15:00:00,293.5
2016-12-21 16:00:00,96.05
2016-12-21 17:00:00,0.0
2016-12-21 18:00:00,0.0
2016-12-21 19:00:00,0.0
2016-12-21 20:00:00,0.0
2016-12-21 21:00:00,0.0
2016-12-21 22:00:00,0.0
2016-12-21 23:00:00,0.0
2016-12-22 00:00:00,0.0
2016-12-22 01:00:00,0.0
2016-12-22 02:00:00,0.0
2016-12-22 03:00:00,0.0
2016-12-22 04:00:00,0.0
2016-12-22 05:00:00,0.0
2016-12-22 06:00:00,59.0
2016-12-22 07:00:00,241.4
2016-12-22 08:00:00,430.9
2016-12-22 09:00:00,652.1
2016-12-22 10:00:00,751.65
2016-12-22 11:00:00,786.53
2016-12-22 12:00:00,753.6
2016-12-22 13:00:00,669.28
2016-12-22 14:00:00,501.73
2016-12-22 15:00:00,295.9
2016-12-22 16:00:00,99.05
2016-12-22 17:00:00,0.0
2016-12-22 18:00:00,0.0
2016-12-22 19:00:00,0.0
2016-12-22 20:00:00,0.0
2016-12-22 21:00:00,0.0
2016-12-22 22:00:00,0.0
2016-12-22 23:00:00,0.0
2016-12-23 00:00:00,0.0
2016-12-23 01:00:00,0.0
2016-12-23 02:00:00,0.0
2016-12-23 03:00:00,0.0
2016-12-23 04:00:00,0.0
2016-12-23 05:00:00,0.0
2016-12-23 06:00:00,58.3
2016-12-23 07:00:00,255.57
2016-12-23 08:00:00,462.8
2016-12-23 09:00:00,641.95
2016-12-23 10:00:00,630.75
2016-12-23 11:00:00,794.7
2016-12-23 12:00:00,755.05
2016-12-23 13:00:00,675.85
2016-12-23 14:00:00,496.95
2016-12-23 15:00:00,299.88
2016-12-23 16:00:00,99.3
2016-12-23 17:00:00,0.0
2016-12-23 18:00:00,0.0
2016-12-23 19:00:00,0.0
2016-12-23 20:00:00,0.0
2016-12-23 21:00:00,0.0
2016-12-23 22:00:00,0.0
2016-12-23 23:00:00,0.0
2016-12-24 00:00:00,0.0
2016-12-24 01:00:00,0.0
2016-12-24 02:00:00,0.0
2016-12-24 03:00:00,0.0
2016-12-24 04:00:00,0.0
2016-12-24 05:00:00,0.0
2016-12-24 06:00:00,52.72
2016-12-24 07:00:00,243.8
2016-12-24 08:00:00,450.15
2016-12-24 09:00:00,627.4
2016-12-24 10:00:00,733.7
2016-12-24 11:00:00,759.53
2016-12-24 12:00:00,724.2
2016-12-24 13:00:00,626.85
2016-12-24 14:00:00,474.25
2016-12-24 15:00:00,282.45
2016-12-24 16:00:00,94.15
2016-12-24 17:00:00,0.0
2016-12-24 18:00:00,0.0
2016-12-24 19:00:00,0.0
2016-12-24 20:00:00,0.0
2016-12-24 21:00:00,0.0
2016-12-24 22:00:00,0.0
2016-12-24 23:00:00,0.0
2016-12-25 00:00:00,0.0
2016-12-25 01:00:00,0.0
2016-12-25 02:00:00,0.0
2016-12-25 03:00:00,0.0
2016-12-25 04:00:00,0.0
2016-12-25 05:00:00,0.0
2016-12-25 06:00:00,45.92
2016-12-25 07:00:00,209.02
2016-12-25 08:00:00,393.55
2016-12-25 09:00:00,578.22
2016-12-25 10:00:00,660.97
2016-12-25 11:00:00,756.2
2016-12-25 12:00:00,728.58
2016-12-25 13:00:00,627.9
2016-12-25 14:00:00,488.55
2016-12-25 15:00:00,291.58
2016-12-25 16:00:00,97.25
2016-12-25 17:00:00,0.0
2016-12-25 18:00:00,0.0
2016-12-25 19:00:00,0.0
2016-12-25 20:00:00,0.0
2016-12-25 21:00:00,0.0
2016-12-25 22:00:00,0.0
2016-12-25 23:00:00,0.0
2016-12-26 00:00:00,0.0
2016-12-26 01:00:00,0.0
2016-12-26 02:00:00,0.0
2016-12-26 03:00:00,0.0
2016-12-26 04:00:00,0.0
2016-12-26 05:00:00,0.0
2016-12-26 06:00:00,47.9
2016-12-26 07:00:00,203.55
2016-12-26 08:00:00,414.05
2016-12-26 09:00:00,605.97
2016-12-26 10:00:00,716.83
2016-12-26 11:00:00,754.7
2016-12-26 12:00:00,712.72
2016-12-26 13:00:00,635.62
2016-12-26 14:00:00,478.27
2016-12-26 15:00:00,270.15
2016-12-26 16:00:00,90.72
2016-12-26 17:00:00,0.0
2016-12-26 18:00:00,0.0
2016-12-26 19:00:00,0.0
2016-12-26 20:00:00,0.0
2016-12-26 21:00:00,0.0
2016-12-26 22:00:00,0.0
2016-12-26 23:00:00,0.0
2016-12-27 00:00:00,0.0
2016-12-27 01:00:00,0.0
2016-12-27 02:00:00,0.0
2016-12-27 03:00:00,0.0
2016-12-27 04:00:00,0.0
2016-12-27 05:00:00,0.0
2016-12-27 06:00:00,53.88
2016-12-27 07:00:00,236.77
2016-12-27 08:00:00,432.7
2016-12-27 09:00:00,611.6
2016-12-27 10:00:00,732.33
2016-12-27 11:00:00,760.55
2016-12-27 12:00:00,713.08
2016-12-27 13:00:00,619.0
2016-12-27 14:00:00,399.85
2016-12-27 15:00:00,254.43
2016-12-27 16:00:00,96.68
2016-12-27 17:00:00,0.0
2016-12-27 18:00:00,0.0
2016-12-27 19:00:00,0.0
2016-12-27 20:00:00,0.0
2016-12-27 21:00:00,0.0
2016-12-27 22:00:00,0.0
2016-12-27 23:00:00,0.0
2016-12-28 00:00:00,0.0
2016-12-28 01:00:00,0.0
2016-12-28 02:00:00,0.0
2016-12-28 03:00:00,0.0
2016-12-28 04:00:00,0.0
2016-12-28 05:00:00,0.0
2016-12-28 06:00:00,39.83
2016-12-28 07:00:00,202.52
2016-12-28 08:00:00,390.77
2016-12-28 09:00:00,564.92
2016-12-28 10:00:00,661.6
2016-12-28 11:00:00,754.28
2016-12-28 12:00:00,723.15
2016-12-28 13:00:00,640.03
2016-12-28 14:00:00,492.58
2016-12-28 15:00:00,291.6
2016-12-28 16:00:00,99.75
2016-12-28 17:00:00,0.0
2016-12-28 18:00:00,0.0
2016-12-28 19:00:00,0.0
2016-12-28 20:00:00,0.0
2016-12-28 21:00:00,0.0
2016-12-28 22:00:00,0.0
2016-12-28 23:00:00,0.0
2016-12-29 00:00:00,0.0
2016-12-29 01:00:00,0.0
2016-12-29 02:00:00,0.0
2016-12-29 03:00:00,0.0
2016-12-29 04:00:00,0.0
2016-12-29 05:00:00,0.0
2016-12-29 06:00:00,38.03
2016-12-29 07:00:00,182.73
2016-12-29 08:00:00,369.7
2016-12-29 09:00:00,515.58
2016-12-29 10:00:00,620.08
2016-12-29 11:00:00,744.5
2016-12-29 12:00:00,703.12
2016-12-29 13:00:00,609.8
2016-12-29 14:00:00,445.4
2016-12-29 15:00:00,253.1
2016-12-29 16:00:00,84.43
2016-12-29 17:00:00,0.0
2016-12-29 18:00:00,0.0
2016-12-29 19:00:00,0.0
2016-12-29 20:00:00,0.0
2016-12-29 21:00:00,0.0
2016-12-29 22:00:00,0.0
2016-12-29 23:00:00,0.0
2016-12-30 00:00:00,0.0
2016-12-30 01:00:00,0.0
2016-12-30 02:00:00,0.0
2016-12-30 03:00:00,0.0
2016-12-30 04:00:00,0.0
2016-12-30 05:00:00,0.0
2016-12-30 06:00:00,33.97
2016-12-30 07:00:00,169.75
2016-12-30 08:00:00,333.33
2016-12-30 09:00:00,481.2
2016-12-30 10:00:00,585.5
2016-12-30 11:00:00,753.58
2016-12-30 12:00:00,722.35
2016-12-30 13:00:00,626.55
2016-12-30 14:00:00,481.52
2016-12-30 15:00:00,284.75
2016-12-30 16:00:00,106.45
2016-12-30 17:00:00,0.0
2016-12-30 18:00:00,0.0
2016-12-30 19:00:00,0.0
2016-12-30 20:00:00,0.0
2016-12-30 21:00:00,0.0
2016-12-30 22:00:00,0.0
2016-12-30 23:00:00,0.0
2016-12-31 00:00:00,0.0
2016-12-31 01:00:00,0.0
2016-12-31 02:00:00,0.0
2016-12-31 03:00:00,0.0
2016-12-31 04:00:00,0.0
2016-12-31 05:00:00,0.0
2016-12-31 06:00:00,39.42
2016-12-31 07:00:00,199.32
2016-12-31 08:00:00,399.85
2016-12-31 09:00:00,593.65
2016-12-31 10:00:00,696.28
2016-12-31 11:00:00,766.1
2016-12-31 12:00:00,725.08
2016-12-31 13:00:00,671.78
2016-12-31 14:00:00,525.08
2016-12-31 15:00:00,331.15
2016-12-31 16:00:00,124.15
2016-12-31 17:00:00,3.75
2016-12-31 18:00:00,0.0
2016-12-31 19:00:00,0.0
2016-12-31 20:00:00,0.0
2016-12-31 21:00:00,0.0
2016-12-31 22:00:00,0.0
2016-12-31 23:00:00,0.0
