timestamp,ghi
2020-01-01 00:00:00,0.0
2020-01-01 01:00:00,0.0
2020-01-01 02:00:00,0.0
2020-01-01 03:00:00,0.0
2020-01-01 04:00:00,0.0
2020-01-01 05:00:00,0.0
2020-01-01 06:00:00,30.67
2020-01-01 07:00:00,149.25
2020-01-01 08:00:00,294.38
2020-01-01 09:00:00,378.48
2020-01-01 10:00:00,444.42
2020-01-01 11:00:00,520.38
2020-01-01 12:00:00,551.9
2020-01-01 13:00:00,442.58
2020-01-01 14:00:00,398.48
2020-01-01 15:00:00,235.82
2020-01-01 16:00:00,79.1
2020-01-01 17:00:00,2.92
2020-01-01 18:00:00,0.0
2020-01-01 19:00:00,0.0
2020-01-01 20:00:00,0.0
2020-01-01 21:00:00,0.0
2020-01-01 22:00:00,0.0
2020-01-01 23:00:00,0.0
2020-01-02 00:00:00,0.0
2020-01-02 01:00:00,0.0
2020-01-02 02:00:00,0.0
2020-01-02 03:00:00,0.0
2020-01-02 04:00:00,0.0
2020-01-02 05:00:00,0.0
2020-01-02 06:00:00,42.3
2020-01-02 07:00:00,213.45
2020-01-02 08:00:00,411.45
2020-01-02 09:00:00,573.62
2020-01-02 10:00:00,626.1
2020-01-02 11:00:00,658.65
2020-01-02 12:00:00,691.28
2020-01-02 13:00:00,576.28
2020-01-02 14:00:00,452.02
2020-01-02 15:00:00,278.58
2020-01-02 16:00:00,100.53
2020-01-02 17:00:00,3.53
2020-01-02 18:00:00,0.0
2020-01-02 19:00:00,0.0
2020-01-02 20:00:00,0.0
2020-01-02 21:00:00,0.0
2020-01-02 22:00:00,0.0
2020-01-02 23:00:00,0.0
2020-01-03 00:00:00,0.0
2020-01-03 01:00:00,0.0
2020-01-03 02:00:00,0.0
2020-01-03 03:00:00,0.0
2020-01-03 04:00:00,0.0
2020-01-03 05:00:00,0.0
2020-01-03 06:00:00,48.83
2020-01-03 07:00:00,231.45
2020-01-03 08:00:00,419.48
2020-01-03 09:00:00,600.58
2020-01-03 10:00:00,704.45
2020-01-03 11:00:00,743.42
2020-01-03 12:00:00,725.15
2020-01-03 13:00:00,632.88
2020-01-03 14:00:00,488.3
2020-01-03 15:00:00,304.9
2020-01-03 16:00:00,111.57
2020-01-03 17:00:00,4.0
2020-01-03 18:00:00,0.0
2020-01-03 19:00:00,0.0
2020-01-03 20:00:00,0.0
2020-01-03 21:00:00,0.0
2020-01-03 22:00:00,0.0
2020-01-03 23:00:00,0.0
2020-01-04 00:00:00,0.0
2020-01-04 01:00:00,0.0
2020-01-04 02:00:00,0.0
2020-01-04 03:00:00,0.0
2020-01-04 04:00:00,0.0
2020-01-04 05:00:00,0.0
2020-01-04 06:00:00,43.05
2020-01-04 07:00:00,217.95
2020-01-04 08:00:00,410.4
2020-01-04 09:00:00,620.55
2020-01-04 10:00:00,730.47
2020-01-04 11:00:00,774.62
2020-01-04 12:00:00,721.83
2020-01-04 13:00:00,645.22
2020-01-04 14:00:00,499.73
2020-01-04 15:00:00,306.88
2020-01-04 16:00:00,109.38
2020-01-04 17:00:00,4.07
2020-01-04 18:00:00,0.0
2020-01-04 19:00:00,0.0
2020-01-04 20:00:00,0.0
2020-01-04 21:00:00,0.0
2020-01-04 22:00:00,0.0
2020-01-04 23:00:00,0.0
2020-01-05 00:00:00,0.0
2020-01-05 01:00:00,0.0
2020-01-05 02:00:00,0.0
2020-01-05 03:00:00,0.0
2020-01-05 04:00:00,0.0
2020-01-05 05:00:00,0.0
2020-01-05 06:00:00,20.5
2020-01-05 07:00:00,100.12
2020-01-05 08:00:00,202.57
2020-01-05 09:00:00,320.65
2020-01-05 10:00:00,414.35
2020-01-05 11:00:00,498.08
2020-01-05 12:00:00,491.5
2020-01-05 13:00:00,458.9
2020-01-05 14:00:00,334.05
2020-01-05 15:00:00,190.02
2020-01-05 16:00:00,62.4
2020-01-05 17:00:00,2.22
2020-01-05 18:00:00,0.0
2020-01-05 19:00:00,0.0
2020-01-05 20:00:00,0.0
2020-01-05 21:00:00,0.0
2020-01-05 22:00:00,0.0
2020-01-05 23:00:00,0.0
2020-01-06 00:00:00,0.0
2020-01-06 01:00:00,0.0
2020-01-06 02:00:00,0.0
2020-01-06 03:00:00,0.0
2020-01-06 04:00:00,0.0
2020-01-06 05:00:00,0.0
2020-01-06 06:00:00,23.92
2020-01-06 07:00:00,140.32
2020-01-06 08:00:00,299.45
2020-01-06 09:00:00,381.73
2020-01-06 10:00:00,464.9
2020-01-06 11:00:00,508.92
2020-01-06 12:00:00,579.53
2020-01-06 13:00:00,464.23
2020-01-06 14:00:00,329.95
2020-01-06 15:00:00,186.62
2020-01-06 16:00:00,49.72
2020-01-06 17:00:00,2.55
2020-01-06 18:00:00,0.0
2020-01-06 19:00:00,0.0
2020-01-06 20:00:00,0.0
2020-01-06 21:00:00,0.0
2020-01-06 22:00:00,0.0
2020-01-06 23:00:00,0.0
2020-01-07 00:00:00,0.0
2020-01-07 01:00:00,0.0
2020-01-07 02:00:00,0.0
2020-01-07 03:00:00,0.0
2020-01-07 04:00:00,0.0
2020-01-07 05:00:00,0.0
2020-01-07 06:00:00,37.12
2020-01-07 07:00:00,199.5
2020-01-07 08:00:00,395.17
2020-01-07 09:00:00,553.65
2020-01-07 10:00:00,652.03
2020-01-07 11:00:00,746.3
2020-01-07 12:00:00,728.58
2020-01-07 13:00:00,644.08
2020-01-07 14:00:00,493.73
2020-01-07 15:00:00,312.02
2020-01-07 16:00:00,117.3
2020-01-07 17:00:00,4.97
2020-01-07 18:00:00,0.0
2020-01-07 19:00:00,0.0
2020-01-07 20:00:00,0.0
2020-01-07 21:00:00,0.0
2020-01-07 22:00:00,0.0
2020-01-07 23:00:00,0.0
2020-01-08 00:00:00,0.0
2020-01-08 01:00:00,0.0
2020-01-08 02:00:00,0.0
2020-01-08 03:00:00,0.0
2020-01-08 04:00:00,0.0
2020-01-08 05:00:00,0.0
2020-01-08 06:00:00,44.12
2020-01-08 07:00:00,220.85
2020-01-08 08:00:00,410.77
2020-01-08 09:00:00,590.58
2020-01-08 10:00:00,708.5
2020-01-08 11:00:00,788.22
2020-01-08 12:00:00,789.67
2020-01-08 13:00:00,639.08
2020-01-08 14:00:00,558.5
2020-01-08 15:00:00,355.67
2020-01-08 16:00:00,136.07
2020-01-08 17:00:00,5.78
2020-01-08 18:00:00,0.0
2020-01-08 19:00:00,0.0
2020-01-08 20:00:00,0.0
2020-01-08 21:00:00,0.0
2020-01-08 22:00:00,0.0
2020-01-08 23:00:00,0.0
2020-01-09 00:00:00,0.0
2020-01-09 01:00:00,0.0
2020-01-09 02:00:00,0.0
2020-01-09 03:00:00,0.0
2020-01-09 04:00:00,0.0
2020-01-09 05:00:00,0.0
2020-01-09 06:00:00,38.78
2020-01-09 07:00:00,220.77
2020-01-09 08:00:00,436.95
2020-01-09 09:00:00,634.9
2020-01-09 10:00:00,767.8
2020-01-09 11:00:00,810.5
2020-01-09 12:00:00,784.35
2020-01-09 13:00:00,651.92
2020-01-09 14:00:00,479.92
2020-01-09 15:00:00,319.27
2020-01-09 16:00:00,122.5
2020-01-09 17:00:00,5.55
2020-01-09 18:00:00,0.0
2020-01-09 19:00:00,0.0
2020-01-09 20:00:00,0.0
2020-01-09 21:00:00,0.0
2020-01-09 22:00:00,0.0
2020-01-09 23:00:00,0.0
2020-01-10 00:00:00,0.0
2020-01-10 01:00:00,0.0
2020-01-10 02:00:00,0.0
2020-01-10 03:00:00,0.0
2020-01-10 04:00:00,0.0
2020-01-10 05:00:00,0.0
2020-01-10 06:00:00,42.92
2020-01-10 07:00:00,234.45
2020-01-10 08:00:00,437.88
2020-01-10 09:00:00,582.3
2020-01-10 10:00:00,613.6
2020-01-10 11:00:00,717.72
2020-01-10 12:00:00,680.92
2020-01-10 13:00:00,618.53
2020-01-10 14:00:00,511.98
2020-01-10 15:00:00,313.77
2020-01-10 16:00:00,117.55
2020-01-10 17:00:00,5.88
2020-01-10 18:00:00,0.0
2020-01-10 19:00:00,0.0
2020-01-10 20:00:00,0.0
2020-01-10 21:00:00,0.0
2020-01-10 22:00:00,0.0
2020-01-10 23:00:00,0.0
2020-01-11 00:00:00,0.0
2020-01-11 01:00:00,0.0
2020-01-11 02:00:00,0.0
2020-01-11 03:00:00,0.0
2020-01-11 04:00:00,0.0
2020-01-11 05:00:00,0.0
2020-01-11 06:00:00,36.65
2020-01-11 07:00:00,190.55
2020-01-11 08:00:00,375.62
2020-01-11 09:00:00,595.03
2020-01-11 10:00:00,688.53
2020-01-11 11:00:00,793.12
2020-01-11 12:00:00,748.03
2020-01-11 13:00:00,679.47
2020-01-11 14:00:00,523.28
2020-01-11 15:00:00,324.67
2020-01-11 16:00:00,119.78
2020-01-11 17:00:00,5.45
2020-01-11 18:00:00,0.0
2020-01-11 19:00:00,0.0
2020-01-11 20:00:00,0.0
2020-01-11 21:00:00,0.0
2020-01-11 22:00:00,0.0
2020-01-11 23:00:00,0.0
2020-01-12 00:00:00,0.0
2020-01-12 01:00:00,0.0
2020-01-12 02:00:00,0.0
2020-01-12 03:00:00,0.0
2020-01-12 04:00:00,0.0
2020-01-12 05:00:00,0.0
2020-01-12 06:00:00,27.38
2020-01-12 07:00:00,137.1
2020-01-12 08:00:00,270.65
2020-01-12 09:00:00,433.02
2020-01-12 10:00:00,593.97
2020-01-12 11:00:00,610.5
2020-01-12 12:00:00,654.72
2020-01-12 13:00:00,536.4
2020-01-12 14:00:00,448.9
2020-01-12 15:00:00,280.55
2020-01-12 16:00:00,107.7
2020-01-12 17:00:00,5.9
2020-01-12 18:00:00,0.0
2020-01-12 19:00:00,0.0
2020-01-12 20:00:00,0.0
2020-01-12 21:00:00,0.0
2020-01-12 22:00:00,0.0
2020-01-12 23:00:00,0.0
2020-01-13 00:00:00,0.0
2020-01-13 01:00:00,0.0
2020-01-13 02:00:00,0.0
2020-01-13 03:00:00,0.0
2020-01-13 04:00:00,0.0
2020-01-13 05:00:00,0.0
2020-01-13 06:00:00,39.65
2020-01-13 07:00:00,228.12
2020-01-13 08:00:00,253.25
2020-01-13 09:00:00,623.05
2020-01-13 10:00:00,762.72
2020-01-13 11:00:00,749.67
2020-01-13 12:00:00,760.85
2020-01-13 13:00:00,686.4
2020-01-13 14:00:00,534.83
2020-01-13 15:00:00,343.2
2020-01-13 16:00:00,123.0
2020-01-13 17:00:00,6.4
2020-01-13 18:00:00,0.0
2020-01-13 19:00:00,0.0
2020-01-13 20:00:00,0.0
2020-01-13 21:00:00,0.0
2020-01-13 22:00:00,0.0
2020-01-13 23:00:00,0.0
2020-01-14 00:00:00,0.0
2020-01-14 01:00:00,0.0
2020-01-14 02:00:00,0.0
2020-01-14 03:00:00,0.0
2020-01-14 04:00:00,0.0
2020-01-14 05:00:00,0.0
2020-01-14 06:00:00,38.62
2020-01-14 07:00:00,219.98
2020-01-14 08:00:00,433.88
2020-01-14 09:00:00,622.95
2020-01-14 10:00:00,724.83
2020-01-14 11:00:00,779.03
2020-01-14 12:00:00,821.3
2020-01-14 13:00:00,727.08
2020-01-14 14:00:00,569.08
2020-01-14 15:00:00,362.48
2020-01-14 16:00:00,141.82
2020-01-14 17:00:00,7.5
2020-01-14 18:00:00,0.0
2020-01-14 19:00:00,0.0
2020-01-14 20:00:00,0.0
2020-01-14 21:00:00,0.0
2020-01-14 22:00:00,0.0
2020-01-14 23:00:00,0.0
2020-01-15 00:00:00,0.0
2020-01-15 01:00:00,0.0
2020-01-15 02:00:00,0.0
2020-01-15 03:00:00,0.0
2020-01-15 04:00:00,0.0
2020-01-15 05:00:00,0.0
2020-01-15 06:00:00,43.85
2020-01-15 07:00:00,241.75
2020-01-15 08:00:00,461.35
2020-01-15 09:00:00,664.42
2020-01-15 10:00:00,735.72
2020-01-15 11:00:00,836.0
2020-01-15 12:00:00,822.22
2020-01-15 13:00:00,725.92
2020-01-15 14:00:00,567.6
2020-01-15 15:00:00,361.7
2020-01-15 16:00:00,144.75
2020-01-15 17:00:00,8.12
2020-01-15 18:00:00,0.0
2020-01-15 19:00:00,0.0
2020-01-15 20:00:00,0.0
2020-01-15 21:00:00,0.0
2020-01-15 22:00:00,0.0
2020-01-15 23:00:00,0.0
2020-01-16 00:00:00,0.0
2020-01-16 01:00:00,0.0
2020-01-16 02:00:00,0.0
2020-01-16 03:00:00,0.0
2020-01-16 04:00:00,0.0
2020-01-16 05:00:00,0.0
2020-01-16 06:00:00,41.95
2020-01-16 07:00:00,248.45
2020-01-16 08:00:00,455.73
2020-01-16 09:00:00,657.3
2020-01-16 10:00:00,754.08
2020-01-16 11:00:00,817.6
2020-01-16 12:00:00,792.0
2020-01-16 13:00:00,732.92
2020-01-16 14:00:00,570.2
2020-01-16 15:00:00,381.35
2020-01-16 16:00:00,151.95
2020-01-16 17:00:00,9.12
2020-01-16 18:00:00,0.0
2020-01-16 19:00:00,0.0
2020-01-16 20:00:00,0.0
2020-01-16 21:00:00,0.0
2020-01-16 22:00:00,0.0
2020-01-16 23:00:00,0.0
2020-01-17 00:00:00,0.0
2020-01-17 01:00:00,0.0
2020-01-17 02:00:00,0.0
2020-01-17 03:00:00,0.0
2020-01-17 04:00:00,0.0
2020-01-17 05:00:00,0.0
2020-01-17 06:00:00,42.95
2020-01-17 07:00:00,242.95
2020-01-17 08:00:00,417.27
2020-01-17 09:00:00,619.75
2020-01-17 10:00:00,636.95
2020-01-17 11:00:00,679.65
2020-01-17 12:00:00,533.72
2020-01-17 13:00:00,461.65
2020-01-17 14:00:00,342.85
2020-01-17 15:00:00,221.9
2020-01-17 16:00:00,91.75
2020-01-17 17:00:00,6.57
2020-01-17 18:00:00,0.0
2020-01-17 19:00:00,0.0
2020-01-17 20:00:00,0.0
2020-01-17 21:00:00,0.0
2020-01-17 22:00:00,0.0
2020-01-17 23:00:00,0.0
2020-01-18 00:00:00,0.0
2020-01-18 01:00:00,0.0
2020-01-18 02:00:00,0.0
2020-01-18 03:00:00,0.0
2020-01-18 04:00:00,0.0
2020-01-18 05:00:00,0.0
2020-01-18 06:00:00,19.1
2020-01-18 07:00:00,134.02
2020-01-18 08:00:00,303.75
2020-01-18 09:00:00,537.15
2020-01-18 10:00:00,614.08
2020-01-18 11:00:00,673.35
2020-01-18 12:00:00,768.67
2020-01-18 13:00:00,623.9
2020-01-18 14:00:00,506.27
2020-01-18 15:00:00,319.05
2020-01-18 16:00:00,125.25
2020-01-18 17:00:00,8.25
2020-01-18 18:00:00,0.0
2020-01-18 19:00:00,0.0
2020-01-18 20:00:00,0.0
2020-01-18 21:00:00,0.0
2020-01-18 22:00:00,0.0
2020-01-18 23:00:00,0.0
2020-01-19 00:00:00,0.0
2020-01-19 01:00:00,0.0
2020-01-19 02:00:00,0.0
2020-01-19 03:00:00,0.0
2020-01-19 04:00:00,0.0
2020-01-19 05:00:00,0.0
2020-01-19 06:00:00,32.38
2020-01-19 07:00:00,183.52
2020-01-19 08:00:00,393.75
2020-01-19 09:00:00,606.55
2020-01-19 10:00:00,729.83
2020-01-19 11:00:00,838.72
2020-01-19 12:00:00,718.88
2020-01-19 13:00:00,724.05
2020-01-19 14:00:00,500.05
2020-01-19 15:00:00,355.45
2020-01-19 16:00:00,137.25
2020-01-19 17:00:00,9.2
2020-01-19 18:00:00,0.0
2020-01-19 19:00:00,0.0
2020-01-19 20:00:00,0.0
2020-01-19 21:00:00,0.0
2020-01-19 22:00:00,0.0
2020-01-19 23:00:00,0.0
2020-01-20 00:00:00,0.0
2020-01-20 01:00:00,0.0
2020-01-20 02:00:00,0.0
2020-01-20 03:00:00,0.0
2020-01-20 04:00:00,0.0
2020-01-20 05:00:00,0.0
2020-01-20 06:00:00,42.53
2020-01-20 07:00:00,211.65
2020-01-20 08:00:00,401.8
2020-01-20 09:00:00,588.4
2020-01-20 10:00:00,795.78
2020-01-20 11:00:00,848.78
2020-01-20 12:00:00,819.03
2020-01-20 13:00:00,706.22
2020-01-20 14:00:00,573.22
2020-01-20 15:00:00,377.65
2020-01-20 16:00:00,151.98
2020-01-20 17:00:00,9.85
2020-01-20 18:00:00,0.0
2020-01-20 19:00:00,0.0
2020-01-20 20:00:00,0.0
2020-01-20 21:00:00,0.0
2020-01-20 22:00:00,0.0
2020-01-20 23:00:00,0.0
2020-01-21 00:00:00,0.0
2020-01-21 01:00:00,0.0
2020-01-21 02:00:00,0.0
2020-01-21 03:00:00,0.0
2020-01-21 04:00:00,0.0
2020-01-21 05:00:00,0.0
2020-01-21 06:00:00,39.67
2020-01-21 07:00:00,223.73
2020-01-21 08:00:00,430.5
2020-01-21 09:00:00,623.12
2020-01-21 10:00:00,738.95
2020-01-21 11:00:00,844.0
2020-01-21 12:00:00,823.35
2020-01-21 13:00:00,683.28
2020-01-21 14:00:00,463.05
2020-01-21 15:00:00,311.77
2020-01-21 16:00:00,115.1
2020-01-21 17:00:00,10.52
2020-01-21 18:00:00,0.0
2020-01-21 19:00:00,0.0
2020-01-21 20:00:00,0.0
2020-01-21 21:00:00,0.0
2020-01-21 22:00:00,0.0
2020-01-21 23:00:00,0.0
2020-01-22 00:00:00,0.0
2020-01-22 01:00:00,0.0
2020-01-22 02:00:00,0.0
2020-01-22 03:00:00,0.0
2020-01-22 04:00:00,0.0
2020-01-22 05:00:00,0.0
2020-01-22 06:00:00,34.53
2020-01-22 07:00:00,199.0
2020-01-22 08:00:00,396.45
2020-01-22 09:00:00,587.0
2020-01-22 10:00:00,674.72
2020-01-22 11:00:00,750.62
2020-01-22 12:00:00,711.03
2020-01-22 13:00:00,670.67
2020-01-22 14:00:00,531.53
2020-01-22 15:00:00,342.62
2020-01-22 16:00:00,141.43
2020-01-22 17:00:00,10.05
2020-01-22 18:00:00,0.0
2020-01-22 19:00:00,0.0
2020-01-22 20:00:00,0.0
2020-01-22 21:00:00,0.0
2020-01-22 22:00:00,0.0
2020-01-22 23:00:00,0.0
2020-01-23 00:00:00,0.0
2020-01-23 01:00:00,0.0
2020-01-23 02:00:00,0.0
2020-01-23 03:00:00,0.0
2020-01-23 04:00:00,0.0
2020-01-23 05:00:00,0.0
2020-01-23 06:00:00,34.95
2020-01-23 07:00:00,207.07
2020-01-23 08:00:00,406.35
2020-01-23 09:00:00,610.42
2020-01-23 10:00:00,742.2
2020-01-23 11:00:00,617.75
2020-01-23 12:00:00,826.47
2020-01-23 13:00:00,708.08
2020-01-23 14:00:00,550.45
2020-01-23 15:00:00,365.92
2020-01-23 16:00:00,159.48
2020-01-23 17:00:00,11.43
2020-01-23 18:00:00,0.0
2020-01-23 19:00:00,0.0
2020-01-23 20:00:00,0.0
2020-01-23 21:00:00,0.0
2020-01-23 22:00:00,0.0
2020-01-23 23:00:00,0.0
2020-01-24 00:00:00,0.0
2020-01-24 01:00:00,0.0
2020-01-24 02:00:00,0.0
2020-01-24 03:00:00,0.0
2020-01-24 04:00:00,0.0
2020-01-24 05:00:00,0.0
2020-01-24 06:00:00,41.97
2020-01-24 07:00:00,243.93
2020-01-24 08:00:00,469.6
2020-01-24 09:00:00,656.47
2020-01-24 10:00:00,792.33
2020-01-24 11:00:00,805.22
2020-01-24 12:00:00,852.92
2020-01-24 13:00:00,765.42
2020-01-24 14:00:00,606.67
2020-01-24 15:00:00,397.05
2020-01-24 16:00:00,167.7
2020-01-24 17:00:00,12.02
2020-01-24 18:00:00,0.0
2020-01-24 19:00:00,0.0
2020-01-24 20:00:00,0.0
2020-01-24 21:00:00,0.0
2020-01-24 22:00:00,0.0
2020-01-24 23:00:00,0.0
2020-01-25 00:00:00,0.0
2020-01-25 01:00:00,0.0
2020-01-25 02:00:00,0.0
2020-01-25 03:00:00,0.0
2020-01-25 04:00:00,0.0
2020-01-25 05:00:00,0.0
2020-01-25 06:00:00,43.58
2020-01-25 07:00:00,251.77
2020-01-25 08:00:00,482.0
2020-01-25 09:00:00,653.88
2020-01-25 10:00:00,799.62
2020-01-25 11:00:00,860.22
2020-01-25 12:00:00,843.9
2020-01-25 13:00:00,767.08
2020-01-25 14:00:00,608.05
2020-01-25 15:00:00,398.17
2020-01-25 16:00:00,168.85
2020-01-25 17:00:00,12.23
2020-01-25 18:00:00,0.0
2020-01-25 19:00:00,0.0
2020-01-25 20:00:00,0.0
2020-01-25 21:00:00,0.0
2020-01-25 22:00:00,0.0
2020-01-25 23:00:00,0.0
2020-01-26 00:00:00,0.0
2020-01-26 01:00:00,0.0
2020-01-26 02:00:00,0.0
2020-01-26 03:00:00,0.0
2020-01-26 04:00:00,0.0
2020-01-26 05:00:00,0.0
2020-01-26 06:00:00,38.0
2020-01-26 07:00:00,232.57
2020-01-26 08:00:00,459.7
2020-01-26 09:00:00,657.75
2020-01-26 10:00:00,769.75
2020-01-26 11:00:00,833.08
2020-01-26 12:00:00,811.28
2020-01-26 13:00:00,681.6
2020-01-26 14:00:00,570.15
2020-01-26 15:00:00,376.45
2020-01-26 16:00:00,154.75
2020-01-26 17:00:00,10.82
2020-01-26 18:00:00,0.0
2020-01-26 19:00:00,0.0
2020-01-26 20:00:00,0.0
2020-01-26 21:00:00,0.0
2020-01-26 22:00:00,0.0
2020-01-26 23:00:00,0.0
2020-01-27 00:00:00,0.0
2020-01-27 01:00:00,0.0
2020-01-27 02:00:00,0.0
2020-01-27 03:00:00,0.0
2020-01-27 04:00:00,0.0
2020-01-27 05:00:00,0.0
2020-01-27 06:00:00,36.92
2020-01-27 07:00:00,227.98
2020-01-27 08:00:00,455.3
2020-01-27 09:00:00,651.75
2020-01-27 10:00:00,785.9
2020-01-27 11:00:00,836.2
2020-01-27 12:00:00,791.3
2020-01-27 13:00:00,659.72
2020-01-27 14:00:00,524.05
2020-01-27 15:00:00,351.67
2020-01-27 16:00:00,140.38
2020-01-27 17:00:00,10.18
2020-01-27 18:00:00,0.0
2020-01-27 19:00:00,0.0
2020-01-27 20:00:00,0.0
2020-01-27 21:00:00,0.0
2020-01-27 22:00:00,0.0
2020-01-27 23:00:00,0.0
2020-01-28 00:00:00,0.0
2020-01-28 01:00:00,0.0
2020-01-28 02:00:00,0.0
2020-01-28 03:00:00,0.0
2020-01-28 04:00:00,0.0
2020-01-28 05:00:00,0.0
2020-01-28 06:00:00,34.78
2020-01-28 07:00:00,207.27
2020-01-28 08:00:00,411.77
2020-01-28 09:00:00,604.8
2020-01-28 10:00:00,742.12
2020-01-28 11:00:00,817.0
2020-01-28 12:00:00,767.1
2020-01-28 13:00:00,701.5
2020-01-28 14:00:00,563.45
2020-01-28 15:00:00,364.25
2020-01-28 16:00:00,152.25
2020-01-28 17:00:00,12.0
2020-01-28 18:00:00,0.0
2020-01-28 19:00:00,0.0
2020-01-28 20:00:00,0.0
2020-01-28 21:00:00,0.0
2020-01-28 22:00:00,0.0
2020-01-28 23:00:00,0.0
2020-01-29 00:00:00,0.0
2020-01-29 01:00:00,0.0
2020-01-29 02:00:00,0.0
2020-01-29 03:00:00,0.0
2020-01-29 04:00:00,0.0
2020-01-29 05:00:00,0.0
2020-01-29 06:00:00,38.4
2020-01-29 07:00:00,221.43
2020-01-29 08:00:00,439.98
2020-01-29 09:00:00,624.38
2020-01-29 10:00:00,777.83
2020-01-29 11:00:00,698.55
2020-01-29 12:00:00,815.6
2020-01-29 13:00:00,684.88
2020-01-29 14:00:00,573.97
2020-01-29 15:00:00,378.77
2020-01-29 16:00:00,160.45
2020-01-29 17:00:00,12.3
2020-01-29 18:00:00,0.0
2020-01-29 19:00:00,0.0
2020-01-29 20:00:00,0.0
2020-01-29 21:00:00,0.0
2020-01-29 22:00:00,0.0
2020-01-29 23:00:00,0.0
2020-01-30 00:00:00,0.0
2020-01-30 01:00:00,0.0
2020-01-30 02:00:00,0.0
2020-01-30 03:00:00,0.0
2020-01-30 04:00:00,0.0
2020-01-30 05:00:00,0.0
2020-01-30 06:00:00,41.55
2020-01-30 07:00:00,241.27
2020-01-30 08:00:00,462.1
2020-01-30 09:00:00,581.25
2020-01-30 10:00:00,806.7
2020-01-30 11:00:00,845.95
2020-01-30 12:00:00,834.12
2020-01-30 13:00:00,732.75
2020-01-30 14:00:00,601.58
2020-01-30 15:00:00,400.65
2020-01-30 16:00:00,174.4
2020-01-30 17:00:00,13.38
2020-01-30 18:00:00,0.0
2020-01-30 19:00:00,0.0
2020-01-30 20:00:00,0.0
2020-01-30 21:00:00,0.0
2020-01-30 22:00:00,0.0
2020-01-30 23:00:00,0.0
2020-01-31 00:00:00,0.0
2020-01-31 01:00:00,0.0
2020-01-31 02:00:00,0.0
2020-01-31 03:00:00,0.0
2020-01-31 04:00:00,0.0
2020-01-31 05:00:00,0.0
2020-01-31 06:00:00,35.38
2020-01-31 07:00:00,207.85
2020-01-31 08:00:00,422.12
2020-01-31 09:00:00,619.67
2020-01-31 10:00:00,728.67
2020-01-31 11:00:00,750.9
2020-01-31 12:00:00,844.62
2020-01-31 13:00:00,648.25
2020-01-31 14:00:00,525.97
2020-01-31 15:00:00,345.38
2020-01-31 16:00:00,136.05
2020-01-31 17:00:00,11.5
2020-01-31 18:00:00,0.0
2020-01-31 19:00:00,0.0
2020-01-31 20:00:00,0.0
2020-01-31 21:00:00,0.0
2020-01-31 22:00:00,0.0
2020-01-31 23:00:00,0.0
2020-02-01 00:00:00,0.0
2020-02-01 01:00:00,0.0
2020-02-01 02:00:00,0.0
2020-02-01 03:00:00,0.0
2020-02-01 04:00:00,0.0
2020-02-01 05:00:00,0.0
2020-02-01 06:00:00,36.17
2020-02-01 07:00:00,210.55
2020-02-01 08:00:00,407.7
2020-02-01 09:00:00,603.47
2020-02-01 10:00:00,752.08
2020-02-01 11:00:00,831.9
2020-02-01 12:00:00,829.38
2020-02-01 13:00:00,736.35
2020-02-01 14:00:00,583.33
2020-02-01 15:00:00,384.0
2020-02-01 16:00:00,166.23
2020-02-01 17:00:00,14.27
2020-02-01 18:00:00,0.0
2020-02-01 19:00:00,0.0
2020-02-01 20:00:00,0.0
2020-02-01 21:00:00,0.0
2020-02-01 22:00:00,0.0
2020-02-01 23:00:00,0.0
2020-02-02 00:00:00,0.0
2020-02-02 01:00:00,0.0
2020-02-02 02:00:00,0.0
2020-02-02 03:00:00,0.0
2020-02-02 04:00:00,0.0
2020-02-02 05:00:00,0.0
2020-02-02 06:00:00,36.17
2020-02-02 07:00:00,214.0
2020-02-02 08:00:00,428.2
2020-02-02 09:00:00,614.3
2020-02-02 10:00:00,739.53
2020-02-02 11:00:00,601.42
2020-02-02 12:00:00,689.5
2020-02-02 13:00:00,756.85
2020-02-02 14:00:00,508.17
2020-02-02 15:00:00,345.67
2020-02-02 16:00:00,151.6
2020-02-02 17:00:00,13.02
2020-02-02 18:00:00,0.0
2020-02-02 19:00:00,0.0
2020-02-02 20:00:00,0.0
2020-02-02 21:00:00,0.0
2020-02-02 22:00:00,0.0
2020-02-02 23:00:00,0.0
2020-02-03 00:00:00,0.0
2020-02-03 01:00:00,0.0
2020-02-03 02:00:00,0.0
2020-02-03 03:00:00,0.0
2020-02-03 04:00:00,0.0
2020-02-03 05:00:00,0.0
2020-02-03 06:00:00,40.35
2020-02-03 07:00:00,239.9
2020-02-03 08:00:00,461.45
2020-02-03 09:00:00,663.35
2020-02-03 10:00:00,799.67
2020-02-03 11:00:00,870.8
2020-02-03 12:00:00,849.22
2020-02-03 13:00:00,781.05
2020-02-03 14:00:00,629.85
2020-02-03 15:00:00,425.65
2020-02-03 16:00:00,191.85
2020-02-03 17:00:00,16.05
2020-02-03 18:00:00,0.0
2020-02-03 19:00:00,0.0
2020-02-03 20:00:00,0.0
2020-02-03 21:00:00,0.0
2020-02-03 22:00:00,0.0
2020-02-03 23:00:00,0.0
2020-02-04 00:00:00,0.0
2020-02-04 01:00:00,0.0
2020-02-04 02:00:00,0.0
2020-02-04 03:00:00,0.0
2020-02-04 04:00:00,0.0
2020-02-04 05:00:00,0.0
2020-02-04 06:00:00,37.65
2020-02-04 07:00:00,221.23
2020-02-04 08:00:00,437.6
2020-02-04 09:00:00,619.9
2020-02-04 10:00:00,703.22
2020-02-04 11:00:00,817.72
2020-02-04 12:00:00,817.67
2020-02-04 13:00:00,750.7
2020-02-04 14:00:00,591.72
2020-02-04 15:00:00,398.0
2020-02-04 16:00:00,183.65
2020-02-04 17:00:00,17.6
2020-02-04 18:00:00,0.0
2020-02-04 19:00:00,0.0
2020-02-04 20:00:00,0.0
2020-02-04 21:00:00,0.0
2020-02-04 22:00:00,0.0
2020-02-04 23:00:00,0.0
2020-02-05 00:00:00,0.0
2020-02-05 01:00:00,0.0
2020-02-05 02:00:00,0.0
2020-02-05 03:00:00,0.0
2020-02-05 04:00:00,0.0
2020-02-05 05:00:00,0.0
2020-02-05 06:00:00,44.4
2020-02-05 07:00:00,253.95
2020-02-05 08:00:00,448.75
2020-02-05 09:00:00,634.35
2020-02-05 10:00:00,801.58
2020-02-05 11:00:00,836.2
2020-02-05 12:00:00,883.35
2020-02-05 13:00:00,785.03
2020-02-05 14:00:00,630.6
2020-02-05 15:00:00,425.38
2020-02-05 16:00:00,193.07
2020-02-05 17:00:00,17.95
2020-02-05 18:00:00,0.0
2020-02-05 19:00:00,0.0
2020-02-05 20:00:00,0.0
2020-02-05 21:00:00,0.0
2020-02-05 22:00:00,0.0
2020-02-05 23:00:00,0.0
2020-02-06 00:00:00,0.0
2020-02-06 01:00:00,0.0
2020-02-06 02:00:00,0.0
2020-02-06 03:00:00,0.0
2020-02-06 04:00:00,0.0
2020-02-06 05:00:00,0.0
2020-02-06 06:00:00,46.58
2020-02-06 07:00:00,259.8
2020-02-06 08:00:00,427.67
2020-02-06 09:00:00,675.95
2020-02-06 10:00:00,799.78
2020-02-06 11:00:00,906.65
2020-02-06 12:00:00,865.45
2020-02-06 13:00:00,787.1
2020-02-06 14:00:00,620.6
2020-02-06 15:00:00,415.08
2020-02-06 16:00:00,186.18
2020-02-06 17:00:00,17.77
2020-02-06 18:00:00,0.0
2020-02-06 19:00:00,0.0
2020-02-06 20:00:00,0.0
2020-02-06 21:00:00,0.0
2020-02-06 22:00:00,0.0
2020-02-06 23:00:00,0.0
2020-02-07 00:00:00,0.0
2020-02-07 01:00:00,0.0
2020-02-07 02:00:00,0.0
2020-02-07 03:00:00,0.0
2020-02-07 04:00:00,0.0
2020-02-07 05:00:00,0.0
2020-02-07 06:00:00,41.7
2020-02-07 07:00:00,231.32
2020-02-07 08:00:00,446.15
2020-02-07 09:00:00,642.3
2020-02-07 10:00:00,737.92
2020-02-07 11:00:00,830.2
2020-02-07 12:00:00,811.65
2020-02-07 13:00:00,746.95
2020-02-07 14:00:00,615.95
2020-02-07 15:00:00,415.1
2020-02-07 16:00:00,163.5
2020-02-07 17:00:00,14.32
2020-02-07 18:00:00,0.0
2020-02-07 19:00:00,0.0
2020-02-07 20:00:00,0.0
2020-02-07 21:00:00,0.0
2020-02-07 22:00:00,0.0
2020-02-07 23:00:00,0.0
2020-02-08 00:00:00,0.0
2020-02-08 01:00:00,0.0
2020-02-08 02:00:00,0.0
2020-02-08 03:00:00,0.0
2020-02-08 04:00:00,0.0
2020-02-08 05:00:00,0.0
2020-02-08 06:00:00,37.5
2020-02-08 07:00:00,199.98
2020-02-08 08:00:00,393.25
2020-02-08 09:00:00,609.2
2020-02-08 10:00:00,765.62
2020-02-08 11:00:00,774.53
2020-02-08 12:00:00,816.28
2020-02-08 13:00:00,726.5
2020-02-08 14:00:00,613.6
2020-02-08 15:00:00,413.77
2020-02-08 16:00:00,187.65
2020-02-08 17:00:00,17.2
2020-02-08 18:00:00,0.0
2020-02-08 19:00:00,0.0
2020-02-08 20:00:00,0.0
2020-02-08 21:00:00,0.0
2020-02-08 22:00:00,0.0
2020-02-08 23:00:00,0.0
2020-02-09 00:00:00,0.0
2020-02-09 01:00:00,0.0
2020-02-09 02:00:00,0.0
2020-02-09 03:00:00,0.0
2020-02-09 04:00:00,0.0
2020-02-09 05:00:00,0.0
2020-02-09 06:00:00,30.42
2020-02-09 07:00:00,160.7
2020-02-09 08:00:00,321.23
2020-02-09 09:00:00,467.4
2020-02-09 10:00:00,561.08
2020-02-09 11:00:00,687.08
2020-02-09 12:00:00,754.3
2020-02-09 13:00:00,551.4
2020-02-09 14:00:00,537.5
2020-02-09 15:00:00,339.02
2020-02-09 16:00:00,140.93
2020-02-09 17:00:00,14.62
2020-02-09 18:00:00,0.0
2020-02-09 19:00:00,0.0
2020-02-09 20:00:00,0.0
2020-02-09 21:00:00,0.0
2020-02-09 22:00:00,0.0
2020-02-09 23:00:00,0.0
2020-02-10 00:00:00,0.0
2020-02-10 01:00:00,0.0
2020-02-10 02:00:00,0.0
2020-02-10 03:00:00,0.0
2020-02-10 04:00:00,0.0
2020-02-10 05:00:00,0.0
2020-02-10 06:00:00,35.58
2020-02-10 07:00:00,196.88
2020-02-10 08:00:00,401.92
2020-02-10 09:00:00,597.7
2020-02-10 10:00:00,780.45
2020-02-10 11:00:00,859.0
2020-02-10 12:00:00,878.05
2020-02-10 13:00:00,773.42
2020-02-10 14:00:00,606.62
2020-02-10 15:00:00,409.4
2020-02-10 16:00:00,184.82
2020-02-10 17:00:00,16.58
2020-02-10 18:00:00,0.0
2020-02-10 19:00:00,0.0
2020-02-10 20:00:00,0.0
2020-02-10 21:00:00,0.0
2020-02-10 22:00:00,0.0
2020-02-10 23:00:00,0.0
2020-02-11 00:00:00,0.0
2020-02-11 01:00:00,0.0
2020-02-11 02:00:00,0.0
2020-02-11 03:00:00,0.0
2020-02-11 04:00:00,0.0
2020-02-11 05:00:00,0.0
2020-02-11 06:00:00,38.95
2020-02-11 07:00:00,216.18
2020-02-11 08:00:00,427.98
2020-02-11 09:00:00,614.58
2020-02-11 10:00:00,760.78
2020-02-11 11:00:00,852.97
2020-02-11 12:00:00,849.62
2020-02-11 13:00:00,760.03
2020-02-11 14:00:00,623.53
2020-02-11 15:00:00,421.0
2020-02-11 16:00:00,149.62
2020-02-11 17:00:00,14.12
2020-02-11 18:00:00,0.0
2020-02-11 19:00:00,0.0
2020-02-11 20:00:00,0.0
2020-02-11 21:00:00,0.0
2020-02-11 22:00:00,0.0
2020-02-11 23:00:00,0.0
2020-02-12 00:00:00,0.0
2020-02-12 01:00:00,0.0
2020-02-12 02:00:00,0.0
2020-02-12 03:00:00,0.0
2020-02-12 04:00:00,0.0
2020-02-12 05:00:00,0.0
2020-02-12 06:00:00,44.72
2020-02-12 07:00:00,232.75
2020-02-12 08:00:00,443.8
2020-02-12 09:00:00,624.4
2020-02-12 10:00:00,734.8
2020-02-12 11:00:00,801.3
2020-02-12 12:00:00,802.62
2020-02-12 13:00:00,715.25
2020-02-12 14:00:00,579.47
2020-02-12 15:00:00,388.23
2020-02-12 16:00:00,178.77
2020-02-12 17:00:00,18.8
2020-02-12 18:00:00,0.0
2020-02-12 19:00:00,0.0
2020-02-12 20:00:00,0.0
2020-02-12 21:00:00,0.0
2020-02-12 22:00:00,0.0
2020-02-12 23:00:00,0.0
2020-02-13 00:00:00,0.0
2020-02-13 01:00:00,0.0
2020-02-13 02:00:00,0.0
2020-02-13 03:00:00,0.0
2020-02-13 04:00:00,0.0
2020-02-13 05:00:00,0.0
2020-02-13 06:00:00,46.53
2020-02-13 07:00:00,247.75
2020-02-13 08:00:00,476.95
2020-02-13 09:00:00,684.25
2020-02-13 10:00:00,818.47
2020-02-13 11:00:00,749.78
2020-02-13 12:00:00,869.72
2020-02-13 13:00:00,761.97
2020-02-13 14:00:00,578.83
2020-02-13 15:00:00,389.23
2020-02-13 16:00:00,173.65
2020-02-13 17:00:00,15.0
2020-02-13 18:00:00,0.0
2020-02-13 19:00:00,0.0
2020-02-13 20:00:00,0.0
2020-02-13 21:00:00,0.0
2020-02-13 22:00:00,0.0
2020-02-13 23:00:00,0.0
2020-02-14 00:00:00,0.0
2020-02-14 01:00:00,0.0
2020-02-14 02:00:00,0.0
2020-02-14 03:00:00,0.0
2020-02-14 04:00:00,0.0
2020-02-14 05:00:00,0.0
2020-02-14 06:00:00,46.33
2020-02-14 07:00:00,246.85
2020-02-14 08:00:00,390.0
2020-02-14 09:00:00,598.92
2020-02-14 10:00:00,733.28
2020-02-14 11:00:00,806.92
2020-02-14 12:00:00,790.9
2020-02-14 13:00:00,780.03
2020-02-14 14:00:00,633.1
2020-02-14 15:00:00,429.1
2020-02-14 16:00:00,198.7
2020-02-14 17:00:00,18.83
2020-02-14 18:00:00,0.0
2020-02-14 19:00:00,0.0
2020-02-14 20:00:00,0.0
2020-02-14 21:00:00,0.0
2020-02-14 22:00:00,0.0
2020-02-14 23:00:00,0.0
2020-02-15 00:00:00,0.0
2020-02-15 01:00:00,0.0
2020-02-15 02:00:00,0.0
2020-02-15 03:00:00,0.0
2020-02-15 04:00:00,0.0
2020-02-15 05:00:00,0.0
2020-02-15 06:00:00,41.38
2020-02-15 07:00:00,236.65
2020-02-15 08:00:00,449.42
2020-02-15 09:00:00,685.22
2020-02-15 10:00:00,821.22
2020-02-15 11:00:00,918.5
2020-02-15 12:00:00,909.12
2020-02-15 13:00:00,781.75
2020-02-15 14:00:00,670.0
2020-02-15 15:00:00,456.6
2020-02-15 16:00:00,215.32
2020-02-15 17:00:00,21.5
2020-02-15 18:00:00,0.0
2020-02-15 19:00:00,0.0
2020-02-15 20:00:00,0.0
2020-02-15 21:00:00,0.0
2020-02-15 22:00:00,0.0
2020-02-15 23:00:00,0.0
2020-02-16 00:00:00,0.0
2020-02-16 01:00:00,0.0
2020-02-16 02:00:00,0.0
2020-02-16 03:00:00,0.0
2020-02-16 04:00:00,0.0
2020-02-16 05:00:00,0.0
2020-02-16 06:00:00,51.9
2020-02-16 07:00:00,278.0
2020-02-16 08:00:00,511.48
2020-02-16 09:00:00,714.95
2020-02-16 10:00:00,811.3
2020-02-16 11:00:00,924.58
2020-02-16 12:00:00,916.97
2020-02-16 13:00:00,828.83
2020-02-16 14:00:00,672.0
2020-02-16 15:00:00,457.55
2020-02-16 16:00:00,216.27
2020-02-16 17:00:00,22.8
2020-02-16 18:00:00,0.0
2020-02-16 19:00:00,0.0
2020-02-16 20:00:00,0.0
2020-02-16 21:00:00,0.0
2020-02-16 22:00:00,0.0
2020-02-16 23:00:00,0.0
2020-02-17 00:00:00,0.0
2020-02-17 01:00:00,0.0
2020-02-17 02:00:00,0.0
2020-02-17 03:00:00,0.0
2020-02-17 04:00:00,0.0
2020-02-17 05:00:00,0.0
2020-02-17 06:00:00,61.8
2020-02-17 07:00:00,251.52
2020-02-17 08:00:00,451.65
2020-02-17 09:00:00,684.33
2020-02-17 10:00:00,867.4
2020-02-17 11:00:00,921.03
2020-02-17 12:00:00,918.25
2020-02-17 13:00:00,826.25
2020-02-17 14:00:00,684.38
2020-02-17 15:00:00,470.55
2020-02-17 16:00:00,226.2
2020-02-17 17:00:00,24.08
2020-02-17 18:00:00,0.0
2020-02-17 19:00:00,0.0
2020-02-17 20:00:00,0.0
2020-02-17 21:00:00,0.0
2020-02-17 22:00:00,0.0
2020-02-17 23:00:00,0.0
2020-02-18 00:00:00,0.0
2020-02-18 01:00:00,0.0
2020-02-18 02:00:00,0.0
2020-02-18 03:00:00,0.0
2020-02-18 04:00:00,0.0
2020-02-18 05:00:00,0.0
2020-02-18 06:00:00,47.25
2020-02-18 07:00:00,259.85
2020-02-18 08:00:00,491.98
2020-02-18 09:00:00,685.2
2020-02-18 10:00:00,726.75
2020-02-18 11:00:00,865.2
2020-02-18 12:00:00,853.05
2020-02-18 13:00:00,761.55
2020-02-18 14:00:00,635.53
2020-02-18 15:00:00,428.33
2020-02-18 16:00:00,198.3
2020-02-18 17:00:00,19.25
2020-02-18 18:00:00,0.0
2020-02-18 19:00:00,0.0
2020-02-18 20:00:00,0.0
2020-02-18 21:00:00,0.0
2020-02-18 22:00:00,0.0
2020-02-18 23:00:00,0.0
2020-02-19 00:00:00,0.0
2020-02-19 01:00:00,0.0
2020-02-19 02:00:00,0.0
2020-02-19 03:00:00,0.0
2020-02-19 04:00:00,0.0
2020-02-19 05:00:00,0.0
2020-02-19 06:00:00,52.75
2020-02-19 07:00:00,260.52
2020-02-19 08:00:00,490.02
2020-02-19 09:00:00,696.83
2020-02-19 10:00:00,819.12
2020-02-19 11:00:00,881.17
2020-02-19 12:00:00,849.58
2020-02-19 13:00:00,774.55
2020-02-19 14:00:00,621.92
2020-02-19 15:00:00,403.9
2020-02-19 16:00:00,189.35
2020-02-19 17:00:00,22.17
2020-02-19 18:00:00,0.0
2020-02-19 19:00:00,0.0
2020-02-19 20:00:00,0.0
2020-02-19 21:00:00,0.0
2020-02-19 22:00:00,0.0
2020-02-19 23:00:00,0.0
2020-02-20 00:00:00,0.0
2020-02-20 01:00:00,0.0
2020-02-20 02:00:00,0.0
2020-02-20 03:00:00,0.0
2020-02-20 04:00:00,0.0
2020-02-20 05:00:00,0.0
2020-02-20 06:00:00,59.7
2020-02-20 07:00:00,276.67
2020-02-20 08:00:00,512.45
2020-02-20 09:00:00,732.4
2020-02-20 10:00:00,870.9
2020-02-20 11:00:00,921.45
2020-02-20 12:00:00,840.78
2020-02-20 13:00:00,832.97
2020-02-20 14:00:00,620.33
2020-02-20 15:00:00,417.8
2020-02-20 16:00:00,201.7
2020-02-20 17:00:00,23.95
2020-02-20 18:00:00,0.0
2020-02-20 19:00:00,0.0
2020-02-20 20:00:00,0.0
2020-02-20 21:00:00,0.0
2020-02-20 22:00:00,0.0
2020-02-20 23:00:00,0.0
2020-02-21 00:00:00,0.0
2020-02-21 01:00:00,0.0
2020-02-21 02:00:00,0.0
2020-02-21 03:00:00,0.0
2020-02-21 04:00:00,0.0
2020-02-21 05:00:00,0.0
2020-02-21 06:00:00,59.72
2020-02-21 07:00:00,281.58
2020-02-21 08:00:00,415.12
2020-02-21 09:00:00,711.8
2020-02-21 10:00:00,836.42
2020-02-21 11:00:00,886.25
2020-02-21 12:00:00,844.92
2020-02-21 13:00:00,771.0
2020-02-21 14:00:00,593.15
2020-02-21 15:00:00,411.3
2020-02-21 16:00:00,192.1
2020-02-21 17:00:00,23.3
2020-02-21 18:00:00,0.0
2020-02-21 19:00:00,0.0
2020-02-21 20:00:00,0.0
2020-02-21 21:00:00,0.0
2020-02-21 22:00:00,0.0
2020-02-21 23:00:00,0.0
2020-02-22 00:00:00,0.0
2020-02-22 01:00:00,0.0
2020-02-22 02:00:00,0.0
2020-02-22 03:00:00,0.0
2020-02-22 04:00:00,0.0
2020-02-22 05:00:00,0.0
2020-02-22 06:00:00,60.28
2020-02-22 07:00:00,264.85
2020-02-22 08:00:00,480.9
2020-02-22 09:00:00,653.92
2020-02-22 10:00:00,809.25
2020-02-22 11:00:00,854.75
2020-02-22 12:00:00,847.17
2020-02-22 13:00:00,744.7
2020-02-22 14:00:00,582.25
2020-02-22 15:00:00,400.25
2020-02-22 16:00:00,192.35
2020-02-22 17:00:00,22.9
2020-02-22 18:00:00,0.0
2020-02-22 19:00:00,0.0
2020-02-22 20:00:00,0.0
2020-02-22 21:00:00,0.0
2020-02-22 22:00:00,0.0
2020-02-22 23:00:00,0.0
2020-02-23 00:00:00,0.0
2020-02-23 01:00:00,0.0
2020-02-23 02:00:00,0.0
2020-02-23 03:00:00,0.0
2020-02-23 04:00:00,0.0
2020-02-23 05:00:00,0.0
2020-02-23 06:00:00,51.17
2020-02-23 07:00:00,224.05
2020-02-23 08:00:00,439.73
2020-02-23 09:00:00,601.55
2020-02-23 10:00:00,673.92
2020-02-23 11:00:00,803.3
2020-02-23 12:00:00,795.3
2020-02-23 13:00:00,725.47
2020-02-23 14:00:00,574.35
2020-02-23 15:00:00,381.0
2020-02-23 16:00:00,172.7
2020-02-23 17:00:00,21.27
2020-02-23 18:00:00,0.0
2020-02-23 19:00:00,0.0
2020-02-23 20:00:00,0.0
2020-02-23 21:00:00,0.0
2020-02-23 22:00:00,0.0
2020-02-23 23:00:00,0.0
2020-02-24 00:00:00,0.0
2020-02-24 01:00:00,0.0
2020-02-24 02:00:00,0.0
2020-02-24 03:00:00,0.0
2020-02-24 04:00:00,0.0
2020-02-24 05:00:00,0.0
2020-02-24 06:00:00,45.58
2020-02-24 07:00:00,200.93
2020-02-24 08:00:00,391.65
2020-02-24 09:00:00,541.0
2020-02-24 10:00:00,651.6
2020-02-24 11:00:00,725.03
2020-02-24 12:00:00,725.9
2020-02-24 13:00:00,663.78
2020-02-24 14:00:00,506.1
2020-02-24 15:00:00,320.7
2020-02-24 16:00:00,152.9
2020-02-24 17:00:00,20.83
2020-02-24 18:00:00,0.0
2020-02-24 19:00:00,0.0
2020-02-24 20:00:00,0.0
2020-02-24 21:00:00,0.0
2020-02-24 22:00:00,0.0
2020-02-24 23:00:00,0.0
2020-02-25 00:00:00,0.0
2020-02-25 01:00:00,0.0
2020-02-25 02:00:00,0.0
2020-02-25 03:00:00,0.0
2020-02-25 04:00:00,0.0
2020-02-25 05:00:00,0.0
2020-02-25 06:00:00,62.97
2020-02-25 07:00:00,268.7
2020-02-25 08:00:00,477.38
2020-02-25 09:00:00,647.15
2020-02-25 10:00:00,831.53
2020-02-25 11:00:00,873.55
2020-02-25 12:00:00,859.15
2020-02-25 13:00:00,695.47
2020-02-25 14:00:00,618.38
2020-02-25 15:00:00,424.4
2020-02-25 16:00:00,191.65
2020-02-25 17:00:00,22.27
2020-02-25 18:00:00,0.0
2020-02-25 19:00:00,0.0
2020-02-25 20:00:00,0.0
2020-02-25 21:00:00,0.0
2020-02-25 22:00:00,0.0
2020-02-25 23:00:00,0.0
2020-02-26 00:00:00,0.0
2020-02-26 01:00:00,0.0
2020-02-26 02:00:00,0.0
2020-02-26 03:00:00,0.0
2020-02-26 04:00:00,0.0
2020-02-26 05:00:00,0.0
2020-02-26 06:00:00,52.25
2020-02-26 07:00:00,229.55
2020-02-26 08:00:00,452.7
2020-02-26 09:00:00,625.6
2020-02-26 10:00:00,789.85
2020-02-26 11:00:00,838.83
2020-02-26 12:00:00,848.97
2020-02-26 13:00:00,760.33
2020-02-26 14:00:00,617.1
2020-02-26 15:00:00,381.88
2020-02-26 16:00:00,170.88
2020-02-26 17:00:00,15.35
2020-02-26 18:00:00,0.0
2020-02-26 19:00:00,0.0
2020-02-26 20:00:00,0.0
2020-02-26 21:00:00,0.0
2020-02-26 22:00:00,0.0
2020-02-26 23:00:00,0.0
2020-02-27 00:00:00,0.0
2020-02-27 01:00:00,0.0
2020-02-27 02:00:00,0.0
2020-02-27 03:00:00,0.0
2020-02-27 04:00:00,0.0
2020-02-27 05:00:00,0.0
2020-02-27 06:00:00,49.78
2020-02-27 07:00:00,231.8
2020-02-27 08:00:00,444.12
2020-02-27 09:00:00,643.78
2020-02-27 10:00:00,785.28
2020-02-27 11:00:00,731.4
2020-02-27 12:00:00,879.85
2020-02-27 13:00:00,776.1
2020-02-27 14:00:00,631.17
2020-02-27 15:00:00,422.95
2020-02-27 16:00:00,194.93
2020-02-27 17:00:00,23.12
2020-02-27 18:00:00,0.0
2020-02-27 19:00:00,0.0
2020-02-27 20:00:00,0.0
2020-02-27 21:00:00,0.0
2020-02-27 22:00:00,0.0
2020-02-27 23:00:00,0.0
2020-02-28 00:00:00,0.0
2020-02-28 01:00:00,0.0
2020-02-28 02:00:00,0.0
2020-02-28 03:00:00,0.0
2020-02-28 04:00:00,0.0
2020-02-28 05:00:00,0.0
2020-02-28 06:00:00,58.35
2020-02-28 07:00:00,247.32
2020-02-28 08:00:00,456.4
2020-02-28 09:00:00,657.88
2020-02-28 10:00:00,788.47
2020-02-28 11:00:00,865.75
2020-02-28 12:00:00,854.17
2020-02-28 13:00:00,792.85
2020-02-28 14:00:00,572.8
2020-02-28 15:00:00,431.15
2020-02-28 16:00:00,196.35
2020-02-28 17:00:00,23.6
2020-02-28 18:00:00,0.0
2020-02-28 19:00:00,0.0
2020-02-28 20:00:00,0.0
2020-02-28 21:00:00,0.0
2020-02-28 22:00:00,0.0
2020-02-28 23:00:00,0.0
2020-02-29 00:00:00,0.0
2020-02-29 01:00:00,0.0
2020-02-29 02:00:00,0.0
2020-02-29 03:00:00,0.0
2020-02-29 04:00:00,0.0
2020-02-29 05:00:00,0.0
2020-02-29 06:00:00,57.15
2020-02-29 07:00:00,254.38
2020-02-29 08:00:00,484.7
2020-02-29 09:00:00,686.65
2020-02-29 10:00:00,828.58
2020-02-29 11:00:00,893.65
2020-02-29 12:00:00,884.8
2020-02-29 13:00:00,727.53
2020-02-29 14:00:00,647.17
2020-02-29 15:00:00,369.05
2020-02-29 16:00:00,169.9
2020-02-29 17:00:00,17.6
2020-02-29 18:00:00,0.0
2020-02-29 19:00:00,0.0
2020-02-29 20:00:00,0.0
2020-02-29 21:00:00,0.0
2020-02-29 22:00:00,0.0
2020-02-29 23:00:00,0.0
2020-03-01 00:00:00,0.0
2020-03-01 01:00:00,0.0
2020-03-01 02:00:00,0.0
2020-03-01 03:00:00,0.0
2020-03-01 04:00:00,0.0
2020-03-01 05:00:00,0.0
2020-03-01 06:00:00,63.53
2020-03-01 07:00:00,266.42
2020-03-01 08:00:00,492.38
2020-03-01 09:00:00,700.42
2020-03-01 10:00:00,848.3
2020-03-01 11:00:00,913.28
2020-03-01 12:00:00,795.17
2020-03-01 13:00:00,792.88
2020-03-01 14:00:00,651.88
2020-03-01 15:00:00,440.92
2020-03-01 16:00:00,205.68
2020-03-01 17:00:00,20.98
2020-03-01 18:00:00,0.0
2020-03-01 19:00:00,0.0
2020-03-01 20:00:00,0.0
2020-03-01 21:00:00,0.0
2020-03-01 22:00:00,0.0
2020-03-01 23:00:00,0.0
2020-03-02 00:00:00,0.0
2020-03-02 01:00:00,0.0
2020-03-02 02:00:00,0.0
2020-03-02 03:00:00,0.0
2020-03-02 04:00:00,0.0
2020-03-02 05:00:00,0.0
2020-03-02 06:00:00,45.5
2020-03-02 07:00:00,238.1
2020-03-02 08:00:00,452.12
2020-03-02 09:00:00,649.8
2020-03-02 10:00:00,826.95
2020-03-02 11:00:00,885.65
2020-03-02 12:00:00,876.95
2020-03-02 13:00:00,775.22
2020-03-02 14:00:00,636.67
2020-03-02 15:00:00,412.4
2020-03-02 16:00:00,186.73
2020-03-02 17:00:00,22.02
2020-03-02 18:00:00,0.0
2020-03-02 19:00:00,0.0
2020-03-02 20:00:00,0.0
2020-03-02 21:00:00,0.0
2020-03-02 22:00:00,0.0
2020-03-02 23:00:00,0.0
2020-03-03 00:00:00,0.0
2020-03-03 01:00:00,0.0
2020-03-03 02:00:00,0.0
2020-03-03 03:00:00,0.0
2020-03-03 04:00:00,0.0
2020-03-03 05:00:00,0.0
2020-03-03 06:00:00,61.7
2020-03-03 07:00:00,262.98
2020-03-03 08:00:00,494.58
2020-03-03 09:00:00,699.08
2020-03-03 10:00:00,812.8
2020-03-03 11:00:00,782.53
2020-03-03 12:00:00,842.8
2020-03-03 13:00:00,795.12
2020-03-03 14:00:00,654.0
2020-03-03 15:00:00,441.83
2020-03-03 16:00:00,205.88
2020-03-03 17:00:00,21.0
2020-03-03 18:00:00,0.0
2020-03-03 19:00:00,0.0
2020-03-03 20:00:00,0.0
2020-03-03 21:00:00,0.0
2020-03-03 22:00:00,0.0
2020-03-03 23:00:00,0.0
2020-03-04 00:00:00,0.0
2020-03-04 01:00:00,0.0
2020-03-04 02:00:00,0.0
2020-03-04 03:00:00,0.0
2020-03-04 04:00:00,0.0
2020-03-04 05:00:00,0.0
2020-03-04 06:00:00,58.95
2020-03-04 07:00:00,238.12
2020-03-04 08:00:00,443.77
2020-03-04 09:00:00,658.65
2020-03-04 10:00:00,739.72
2020-03-04 11:00:00,837.6
2020-03-04 12:00:00,890.5
2020-03-04 13:00:00,791.08
2020-03-04 14:00:00,619.62
2020-03-04 15:00:00,417.17
2020-03-04 16:00:00,189.65
2020-03-04 17:00:00,23.8
2020-03-04 18:00:00,0.0
2020-03-04 19:00:00,0.0
2020-03-04 20:00:00,0.0
2020-03-04 21:00:00,0.0
2020-03-04 22:00:00,0.0
2020-03-04 23:00:00,0.0
2020-03-05 00:00:00,0.0
2020-03-05 01:00:00,0.0
2020-03-05 02:00:00,0.0
2020-03-05 03:00:00,0.0
2020-03-05 04:00:00,0.0
2020-03-05 05:00:00,0.0
2020-03-05 06:00:00,64.43
2020-03-05 07:00:00,248.57
2020-03-05 08:00:00,451.2
2020-03-05 09:00:00,653.55
2020-03-05 10:00:00,780.1
2020-03-05 11:00:00,895.25
2020-03-05 12:00:00,904.75
2020-03-05 13:00:00,805.0
2020-03-05 14:00:00,593.88
2020-03-05 15:00:00,412.45
2020-03-05 16:00:00,201.45
2020-03-05 17:00:00,26.08
2020-03-05 18:00:00,0.0
2020-03-05 19:00:00,0.0
2020-03-05 20:00:00,0.0
2020-03-05 21:00:00,0.0
2020-03-05 22:00:00,0.0
2020-03-05 23:00:00,0.0
2020-03-06 00:00:00,0.0
2020-03-06 01:00:00,0.0
2020-03-06 02:00:00,0.0
2020-03-06 03:00:00,0.0
2020-03-06 04:00:00,0.0
2020-03-06 05:00:00,0.0
2020-03-06 06:00:00,48.17
2020-03-06 07:00:00,178.45
2020-03-06 08:00:00,341.0
2020-03-06 09:00:00,517.53
2020-03-06 10:00:00,720.88
2020-03-06 11:00:00,779.78
2020-03-06 12:00:00,744.1
2020-03-06 13:00:00,713.33
2020-03-06 14:00:00,567.0
2020-03-06 15:00:00,391.65
2020-03-06 16:00:00,177.1
2020-03-06 17:00:00,22.98
2020-03-06 18:00:00,0.0
2020-03-06 19:00:00,0.0
2020-03-06 20:00:00,0.0
2020-03-06 21:00:00,0.0
2020-03-06 22:00:00,0.0
2020-03-06 23:00:00,0.0
2020-03-07 00:00:00,0.0
2020-03-07 01:00:00,0.0
2020-03-07 02:00:00,0.0
2020-03-07 03:00:00,0.0
2020-03-07 04:00:00,0.0
2020-03-07 05:00:00,0.0
2020-03-07 06:00:00,61.88
2020-03-07 07:00:00,226.95
2020-03-07 08:00:00,417.75
2020-03-07 09:00:00,572.45
2020-03-07 10:00:00,697.03
2020-03-07 11:00:00,847.6
2020-03-07 12:00:00,794.03
2020-03-07 13:00:00,795.15
2020-03-07 14:00:00,657.55
2020-03-07 15:00:00,422.65
2020-03-07 16:00:00,199.4
2020-03-07 17:00:00,22.55
2020-03-07 18:00:00,0.0
2020-03-07 19:00:00,0.0
2020-03-07 20:00:00,0.0
2020-03-07 21:00:00,0.0
2020-03-07 22:00:00,0.0
2020-03-07 23:00:00,0.0
2020-03-08 00:00:00,0.0
2020-03-08 01:00:00,0.0
2020-03-08 02:00:00,0.0
2020-03-08 03:00:00,0.0
2020-03-08 04:00:00,0.0
2020-03-08 05:00:00,0.0
2020-03-08 06:00:00,75.18
2020-03-08 07:00:00,279.2
2020-03-08 08:00:00,498.52
2020-03-08 09:00:00,711.67
2020-03-08 10:00:00,826.8
2020-03-08 11:00:00,944.38
2020-03-08 12:00:00,824.33
2020-03-08 13:00:00,804.33
2020-03-08 14:00:00,648.9
2020-03-08 15:00:00,460.4
2020-03-08 16:00:00,220.05
2020-03-08 17:00:00,25.98
2020-03-08 18:00:00,0.0
2020-03-08 19:00:00,0.0
2020-03-08 20:00:00,0.0
2020-03-08 21:00:00,0.0
2020-03-08 22:00:00,0.0
2020-03-08 23:00:00,0.0
2020-03-09 00:00:00,0.0
2020-03-09 01:00:00,0.0
2020-03-09 02:00:00,0.0
2020-03-09 03:00:00,0.0
2020-03-09 04:00:00,0.0
2020-03-09 05:00:00,0.0
2020-03-09 06:00:00,82.93
2020-03-09 07:00:00,303.5
2020-03-09 08:00:00,538.0
2020-03-09 09:00:00,741.7
2020-03-09 10:00:00,866.42
2020-03-09 11:00:00,973.35
2020-03-09 12:00:00,868.3
2020-03-09 13:00:00,836.97
2020-03-09 14:00:00,698.58
2020-03-09 15:00:00,487.45
2020-03-09 16:00:00,245.73
2020-03-09 17:00:00,33.3
2020-03-09 18:00:00,0.0
2020-03-09 19:00:00,0.0
2020-03-09 20:00:00,0.0
2020-03-09 21:00:00,0.0
2020-03-09 22:00:00,0.0
2020-03-09 23:00:00,0.0
2020-03-10 00:00:00,0.0
2020-03-10 01:00:00,0.0
2020-03-10 02:00:00,0.0
2020-03-10 03:00:00,0.0
2020-03-10 04:00:00,0.0
2020-03-10 05:00:00,0.0
2020-03-10 06:00:00,93.28
2020-03-10 07:00:00,316.83
2020-03-10 08:00:00,553.85
2020-03-10 09:00:00,752.05
2020-03-10 10:00:00,882.1
2020-03-10 11:00:00,970.38
2020-03-10 12:00:00,955.17
2020-03-10 13:00:00,872.4
2020-03-10 14:00:00,684.55
2020-03-10 15:00:00,464.27
2020-03-10 16:00:00,221.98
2020-03-10 17:00:00,26.67
2020-03-10 18:00:00,0.0
2020-03-10 19:00:00,0.0
2020-03-10 20:00:00,0.0
2020-03-10 21:00:00,0.0
2020-03-10 22:00:00,0.0
2020-03-10 23:00:00,0.0
2020-03-11 00:00:00,0.0
2020-03-11 01:00:00,0.0
2020-03-11 02:00:00,0.0
2020-03-11 03:00:00,0.0
2020-03-11 04:00:00,0.0
2020-03-11 05:00:00,0.0
2020-03-11 06:00:00,96.12
2020-03-11 07:00:00,307.98
2020-03-11 08:00:00,546.33
2020-03-11 09:00:00,741.25
2020-03-11 10:00:00,857.03
2020-03-11 11:00:00,924.92
2020-03-11 12:00:00,961.08
2020-03-11 13:00:00,859.53
2020-03-11 14:00:00,713.38
2020-03-11 15:00:00,493.12
2020-03-11 16:00:00,243.38
2020-03-11 17:00:00,29.83
2020-03-11 18:00:00,0.0
2020-03-11 19:00:00,0.0
2020-03-11 20:00:00,0.0
2020-03-11 21:00:00,0.0
2020-03-11 22:00:00,0.0
2020-03-11 23:00:00,0.0
2020-03-12 00:00:00,0.0
2020-03-12 01:00:00,0.0
2020-03-12 02:00:00,0.0
2020-03-12 03:00:00,0.0
2020-03-12 04:00:00,0.0
2020-03-12 05:00:00,0.0
2020-03-12 06:00:00,78.53
2020-03-12 07:00:00,279.55
2020-03-12 08:00:00,508.25
2020-03-12 09:00:00,723.53
2020-03-12 10:00:00,865.8
2020-03-12 11:00:00,974.58
2020-03-12 12:00:00,976.65
2020-03-12 13:00:00,869.72
2020-03-12 14:00:00,719.85
2020-03-12 15:00:00,502.73
2020-03-12 16:00:00,251.9
2020-03-12 17:00:00,34.08
2020-03-12 18:00:00,0.0
2020-03-12 19:00:00,0.0
2020-03-12 20:00:00,0.0
2020-03-12 21:00:00,0.0
2020-03-12 22:00:00,0.0
2020-03-12 23:00:00,0.0
2020-03-13 00:00:00,0.0
2020-03-13 01:00:00,0.0
2020-03-13 02:00:00,0.0
2020-03-13 03:00:00,0.0
2020-03-13 04:00:00,0.0
2020-03-13 05:00:00,0.0
2020-03-13 06:00:00,105.0
2020-03-13 07:00:00,341.38
2020-03-13 08:00:00,562.97
2020-03-13 09:00:00,772.22
2020-03-13 10:00:00,852.17
2020-03-13 11:00:00,878.9
2020-03-13 12:00:00,857.75
2020-03-13 13:00:00,765.45
2020-03-13 14:00:00,634.53
2020-03-13 15:00:00,445.08
2020-03-13 16:00:00,221.68
2020-03-13 17:00:00,29.77
2020-03-13 18:00:00,0.0
2020-03-13 19:00:00,0.0
2020-03-13 20:00:00,0.0
2020-03-13 21:00:00,0.0
2020-03-13 22:00:00,0.0
2020-03-13 23:00:00,0.0
2020-03-14 00:00:00,0.0
2020-03-14 01:00:00,0.0
2020-03-14 02:00:00,0.0
2020-03-14 03:00:00,0.0
2020-03-14 04:00:00,0.0
2020-03-14 05:00:00,0.0
2020-03-14 06:00:00,101.4
2020-03-14 07:00:00,331.45
2020-03-14 08:00:00,572.0
2020-03-14 09:00:00,750.35
2020-03-14 10:00:00,902.6
2020-03-14 11:00:00,825.12
2020-03-14 12:00:00,898.42
2020-03-14 13:00:00,828.38
2020-03-14 14:00:00,577.2
2020-03-14 15:00:00,417.33
2020-03-14 16:00:00,206.82
2020-03-14 17:00:00,23.62
2020-03-14 18:00:00,0.0
2020-03-14 19:00:00,0.0
2020-03-14 20:00:00,0.0
2020-03-14 21:00:00,0.0
2020-03-14 22:00:00,0.0
2020-03-14 23:00:00,0.0
2020-03-15 00:00:00,0.0
2020-03-15 01:00:00,0.0
2020-03-15 02:00:00,0.0
2020-03-15 03:00:00,0.0
2020-03-15 04:00:00,0.0
2020-03-15 05:00:00,0.0
2020-03-15 06:00:00,108.93
2020-03-15 07:00:00,344.1
2020-03-15 08:00:00,584.35
2020-03-15 09:00:00,759.2
2020-03-15 10:00:00,908.15
2020-03-15 11:00:00,876.53
2020-03-15 12:00:00,945.72
2020-03-15 13:00:00,756.42
2020-03-15 14:00:00,621.0
2020-03-15 15:00:00,410.02
2020-03-15 16:00:00,195.25
2020-03-15 17:00:00,21.9
2020-03-15 18:00:00,0.0
2020-03-15 19:00:00,0.0
2020-03-15 20:00:00,0.0
2020-03-15 21:00:00,0.0
2020-03-15 22:00:00,0.0
2020-03-15 23:00:00,0.0
2020-03-16 00:00:00,0.0
2020-03-16 01:00:00,0.0
2020-03-16 02:00:00,0.0
2020-03-16 03:00:00,0.0
2020-03-16 04:00:00,0.0
2020-03-16 05:00:00,0.0
2020-03-16 06:00:00,103.85
2020-03-16 07:00:00,325.7
2020-03-16 08:00:00,551.92
2020-03-16 09:00:00,752.4
2020-03-16 10:00:00,875.05
2020-03-16 11:00:00,948.2
2020-03-16 12:00:00,944.5
2020-03-16 13:00:00,839.1
2020-03-16 14:00:00,694.47
2020-03-16 15:00:00,457.15
2020-03-16 16:00:00,217.88
2020-03-16 17:00:00,25.2
2020-03-16 18:00:00,0.0
2020-03-16 19:00:00,0.0
2020-03-16 20:00:00,0.0
2020-03-16 21:00:00,0.0
2020-03-16 22:00:00,0.0
2020-03-16 23:00:00,0.0
2020-03-17 00:00:00,0.0
2020-03-17 01:00:00,0.0
2020-03-17 02:00:00,0.0
2020-03-17 03:00:00,0.0
2020-03-17 04:00:00,0.0
2020-03-17 05:00:00,0.0
2020-03-17 06:00:00,114.68
2020-03-17 07:00:00,339.75
2020-03-17 08:00:00,573.42
2020-03-17 09:00:00,784.5
2020-03-17 10:00:00,922.1
2020-03-17 11:00:00,994.47
2020-03-17 12:00:00,978.97
2020-03-17 13:00:00,874.72
2020-03-17 14:00:00,712.85
2020-03-17 15:00:00,470.98
2020-03-17 16:00:00,227.35
2020-03-17 17:00:00,27.02
2020-03-17 18:00:00,0.0
2020-03-17 19:00:00,0.0
2020-03-17 20:00:00,0.0
2020-03-17 21:00:00,0.0
2020-03-17 22:00:00,0.0
2020-03-17 23:00:00,0.0
2020-03-18 00:00:00,0.0
2020-03-18 01:00:00,0.0
2020-03-18 02:00:00,0.0
2020-03-18 03:00:00,0.0
2020-03-18 04:00:00,0.0
2020-03-18 05:00:00,0.0
2020-03-18 06:00:00,119.32
2020-03-18 07:00:00,358.58
2020-03-18 08:00:00,595.3
2020-03-18 09:00:00,796.65
2020-03-18 10:00:00,901.9
2020-03-18 11:00:00,779.53
2020-03-18 12:00:00,807.15
2020-03-18 13:00:00,853.17
2020-03-18 14:00:00,691.75
2020-03-18 15:00:00,470.2
2020-03-18 16:00:00,228.38
2020-03-18 17:00:00,30.48
2020-03-18 18:00:00,0.0
2020-03-18 19:00:00,0.0
2020-03-18 20:00:00,0.0
2020-03-18 21:00:00,0.0
2020-03-18 22:00:00,0.0
2020-03-18 23:00:00,0.0
2020-03-19 00:00:00,0.0
2020-03-19 01:00:00,0.0
2020-03-19 02:00:00,0.0
2020-03-19 03:00:00,0.0
2020-03-19 04:00:00,0.0
2020-03-19 05:00:00,0.0
2020-03-19 06:00:00,125.93
2020-03-19 07:00:00,375.42
2020-03-19 08:00:00,613.58
2020-03-19 09:00:00,801.85
2020-03-19 10:00:00,897.88
2020-03-19 11:00:00,977.15
2020-03-19 12:00:00,961.97
2020-03-19 13:00:00,870.05
2020-03-19 14:00:00,708.6
2020-03-19 15:00:00,486.9
2020-03-19 16:00:00,238.07
2020-03-19 17:00:00,29.27
2020-03-19 18:00:00,0.0
2020-03-19 19:00:00,0.0
2020-03-19 20:00:00,0.0
2020-03-19 21:00:00,0.0
2020-03-19 22:00:00,0.0
2020-03-19 23:00:00,0.0
2020-03-20 00:00:00,0.0
2020-03-20 01:00:00,0.0
2020-03-20 02:00:00,0.0
2020-03-20 03:00:00,0.0
2020-03-20 04:00:00,0.0
2020-03-20 05:00:00,0.0
2020-03-20 06:00:00,123.3
2020-03-20 07:00:00,361.15
2020-03-20 08:00:00,594.0
2020-03-20 09:00:00,777.03
2020-03-20 10:00:00,898.1
2020-03-20 11:00:00,948.95
2020-03-20 12:00:00,903.65
2020-03-20 13:00:00,850.72
2020-03-20 14:00:00,680.58
2020-03-20 15:00:00,470.23
2020-03-20 16:00:00,226.25
2020-03-20 17:00:00,30.17
2020-03-20 18:00:00,0.0
2020-03-20 19:00:00,0.0
2020-03-20 20:00:00,0.0
2020-03-20 21:00:00,0.0
2020-03-20 22:00:00,0.0
2020-03-20 23:00:00,0.0
2020-03-21 00:00:00,0.0
2020-03-21 01:00:00,0.0
2020-03-21 02:00:00,0.0
2020-03-21 03:00:00,0.0
2020-03-21 04:00:00,0.0
2020-03-21 05:00:00,0.0
2020-03-21 06:00:00,103.57
2020-03-21 07:00:00,326.4
2020-03-21 08:00:00,571.8
2020-03-21 09:00:00,771.6
2020-03-21 10:00:00,896.5
2020-03-21 11:00:00,962.0
2020-03-21 12:00:00,943.1
2020-03-21 13:00:00,842.88
2020-03-21 14:00:00,666.75
2020-03-21 15:00:00,430.62
2020-03-21 16:00:00,192.32
2020-03-21 17:00:00,25.27
2020-03-21 18:00:00,0.0
2020-03-21 19:00:00,0.0
2020-03-21 20:00:00,0.0
2020-03-21 21:00:00,0.0
2020-03-21 22:00:00,0.0
2020-03-21 23:00:00,0.0
2020-03-22 00:00:00,0.0
2020-03-22 01:00:00,0.0
2020-03-22 02:00:00,0.0
2020-03-22 03:00:00,0.0
2020-03-22 04:00:00,0.0
2020-03-22 05:00:00,0.0
2020-03-22 06:00:00,92.6
2020-03-22 07:00:00,266.3
2020-03-22 08:00:00,480.92
2020-03-22 09:00:00,679.97
2020-03-22 10:00:00,896.15
2020-03-22 11:00:00,860.9
2020-03-22 12:00:00,896.03
2020-03-22 13:00:00,806.97
2020-03-22 14:00:00,644.9
2020-03-22 15:00:00,432.27
2020-03-22 16:00:00,202.65
2020-03-22 17:00:00,26.7
2020-03-22 18:00:00,0.0
2020-03-22 19:00:00,0.0
2020-03-22 20:00:00,0.0
2020-03-22 21:00:00,0.0
2020-03-22 22:00:00,0.0
2020-03-22 23:00:00,0.0
2020-03-23 00:00:00,0.0
2020-03-23 01:00:00,0.0
2020-03-23 02:00:00,0.0
2020-03-23 03:00:00,0.0
2020-03-23 04:00:00,0.0
2020-03-23 05:00:00,0.0
2020-03-23 06:00:00,94.3
2020-03-23 07:00:00,280.88
2020-03-23 08:00:00,506.35
2020-03-23 09:00:00,710.92
2020-03-23 10:00:00,744.55
2020-03-23 11:00:00,956.45
2020-03-23 12:00:00,819.15
2020-03-23 13:00:00,797.42
2020-03-23 14:00:00,677.95
2020-03-23 15:00:00,463.12
2020-03-23 16:00:00,222.3
2020-03-23 17:00:00,26.5
2020-03-23 18:00:00,0.0
2020-03-23 19:00:00,0.0
2020-03-23 20:00:00,0.0
2020-03-23 21:00:00,0.0
2020-03-23 22:00:00,0.0
2020-03-23 23:00:00,0.0
2020-03-24 00:00:00,0.0
2020-03-24 01:00:00,0.0
2020-03-24 02:00:00,0.0
2020-03-24 03:00:00,0.0
2020-03-24 04:00:00,0.0
2020-03-24 05:00:00,3.22
2020-03-24 06:00:00,114.62
2020-03-24 07:00:00,342.77
2020-03-24 08:00:00,572.92
2020-03-24 09:00:00,787.17
2020-03-24 10:00:00,876.25
2020-03-24 11:00:00,982.08
2020-03-24 12:00:00,933.38
2020-03-24 13:00:00,756.97
2020-03-24 14:00:00,656.97
2020-03-24 15:00:00,446.75
2020-03-24 16:00:00,215.45
2020-03-24 17:00:00,25.67
2020-03-24 18:00:00,0.0
2020-03-24 19:00:00,0.0
2020-03-24 20:00:00,0.0
2020-03-24 21:00:00,0.0
2020-03-24 22:00:00,0.0
2020-03-24 23:00:00,0.0
2020-03-25 00:00:00,0.0
2020-03-25 01:00:00,0.0
2020-03-25 02:00:00,0.0
2020-03-25 03:00:00,0.0
2020-03-25 04:00:00,0.0
2020-03-25 05:00:00,3.47
2020-03-25 06:00:00,116.45
2020-03-25 07:00:00,349.33
2020-03-25 08:00:00,583.5
2020-03-25 09:00:00,788.15
2020-03-25 10:00:00,905.62
2020-03-25 11:00:00,858.2
2020-03-25 12:00:00,864.08
2020-03-25 13:00:00,813.1
2020-03-25 14:00:00,656.5
2020-03-25 15:00:00,446.45
2020-03-25 16:00:00,214.48
2020-03-25 17:00:00,28.33
2020-03-25 18:00:00,0.0
2020-03-25 19:00:00,0.0
2020-03-25 20:00:00,0.0
2020-03-25 21:00:00,0.0
2020-03-25 22:00:00,0.0
2020-03-25 23:00:00,0.0
2020-03-26 00:00:00,0.0
2020-03-26 01:00:00,0.0
2020-03-26 02:00:00,0.0
2020-03-26 03:00:00,0.0
2020-03-26 04:00:00,0.0
2020-03-26 05:00:00,3.55
2020-03-26 06:00:00,124.18
2020-03-26 07:00:00,362.8
2020-03-26 08:00:00,598.72
2020-03-26 09:00:00,797.6
2020-03-26 10:00:00,873.05
2020-03-26 11:00:00,872.12
2020-03-26 12:00:00,895.8
2020-03-26 13:00:00,783.0
2020-03-26 14:00:00,633.15
2020-03-26 15:00:00,432.98
2020-03-26 16:00:00,209.05
2020-03-26 17:00:00,28.33
2020-03-26 18:00:00,0.0
2020-03-26 19:00:00,0.0
2020-03-26 20:00:00,0.0
2020-03-26 21:00:00,0.0
2020-03-26 22:00:00,0.0
2020-03-26 23:00:00,0.0
2020-03-27 00:00:00,0.0
2020-03-27 01:00:00,0.0
2020-03-27 02:00:00,0.0
2020-03-27 03:00:00,0.0
2020-03-27 04:00:00,0.0
2020-03-27 05:00:00,3.95
2020-03-27 06:00:00,120.93
2020-03-27 07:00:00,353.5
2020-03-27 08:00:00,590.03
2020-03-27 09:00:00,792.72
2020-03-27 10:00:00,908.0
2020-03-27 11:00:00,973.38
2020-03-27 12:00:00,965.33
2020-03-27 13:00:00,877.8
2020-03-27 14:00:00,682.67
2020-03-27 15:00:00,479.27
2020-03-27 16:00:00,233.85
2020-03-27 17:00:00,32.67
2020-03-27 18:00:00,0.0
2020-03-27 19:00:00,0.0
2020-03-27 20:00:00,0.0
2020-03-27 21:00:00,0.0
2020-03-27 22:00:00,0.0
2020-03-27 23:00:00,0.0
2020-03-28 00:00:00,0.0
2020-03-28 01:00:00,0.0
2020-03-28 02:00:00,0.0
2020-03-28 03:00:00,0.0
2020-03-28 04:00:00,0.0
2020-03-28 05:00:00,4.38
2020-03-28 06:00:00,129.55
2020-03-28 07:00:00,375.45
2020-03-28 08:00:00,612.15
2020-03-28 09:00:00,835.03
2020-03-28 10:00:00,874.83
2020-03-28 11:00:00,996.03
2020-03-28 12:00:00,990.83
2020-03-28 13:00:00,891.65
2020-03-28 14:00:00,716.35
2020-03-28 15:00:00,487.83
2020-03-28 16:00:00,234.93
2020-03-28 17:00:00,31.15
2020-03-28 18:00:00,0.0
2020-03-28 19:00:00,0.0
2020-03-28 20:00:00,0.0
2020-03-28 21:00:00,0.0
2020-03-28 22:00:00,0.0
2020-03-28 23:00:00,0.0
2020-03-29 00:00:00,0.0
2020-03-29 01:00:00,0.0
2020-03-29 02:00:00,0.0
2020-03-29 03:00:00,0.0
2020-03-29 04:00:00,0.0
2020-03-29 05:00:00,4.93
2020-03-29 06:00:00,136.25
2020-03-29 07:00:00,387.52
2020-03-29 08:00:00,619.08
2020-03-29 09:00:00,826.12
2020-03-29 10:00:00,929.55
2020-03-29 11:00:00,927.22
2020-03-29 12:00:00,869.9
2020-03-29 13:00:00,766.28
2020-03-29 14:00:00,619.3
2020-03-29 15:00:00,426.6
2020-03-29 16:00:00,209.18
2020-03-29 17:00:00,29.3
2020-03-29 18:00:00,0.0
2020-03-29 19:00:00,0.0
2020-03-29 20:00:00,0.0
2020-03-29 21:00:00,0.0
2020-03-29 22:00:00,0.0
2020-03-29 23:00:00,0.0
2020-03-30 00:00:00,0.0
2020-03-30 01:00:00,0.0
2020-03-30 02:00:00,0.0
2020-03-30 03:00:00,0.0
2020-03-30 04:00:00,0.0
2020-03-30 05:00:00,5.18
2020-03-30 06:00:00,139.48
2020-03-30 07:00:00,385.75
2020-03-30 08:00:00,623.95
2020-03-30 09:00:00,815.47
2020-03-30 10:00:00,911.8
2020-03-30 11:00:00,971.67
2020-03-30 12:00:00,943.25
2020-03-30 13:00:00,809.9
2020-03-30 14:00:00,687.03
2020-03-30 15:00:00,469.4
2020-03-30 16:00:00,225.9
2020-03-30 17:00:00,27.25
2020-03-30 18:00:00,0.0
2020-03-30 19:00:00,0.0
2020-03-30 20:00:00,0.0
2020-03-30 21:00:00,0.0
2020-03-30 22:00:00,0.0
2020-03-30 23:00:00,0.0
2020-03-31 00:00:00,0.0
2020-03-31 01:00:00,0.0
2020-03-31 02:00:00,0.0
2020-03-31 03:00:00,0.0
2020-03-31 04:00:00,0.0
2020-03-31 05:00:00,4.72
2020-03-31 06:00:00,132.18
2020-03-31 07:00:00,365.62
2020-03-31 08:00:00,596.2
2020-03-31 09:00:00,787.53
2020-03-31 10:00:00,875.95
2020-03-31 11:00:00,960.67
2020-03-31 12:00:00,925.53
2020-03-31 13:00:00,835.95
2020-03-31 14:00:00,674.12
2020-03-31 15:00:00,459.08
2020-03-31 16:00:00,221.23
2020-03-31 17:00:00,29.9
2020-03-31 18:00:00,0.0
2020-03-31 19:00:00,0.0
2020-03-31 20:00:00,0.0
2020-03-31 21:00:00,0.0
2020-03-31 22:00:00,0.0
2020-03-31 23:00:00,0.0
2020-04-01 00:00:00,0.0
2020-04-01 01:00:00,0.0
2020-04-01 02:00:00,0.0
2020-04-01 03:00:00,0.0
2020-04-01 04:00:00,0.0
2020-04-01 05:00:00,4.65
2020-04-01 06:00:00,118.5
2020-04-01 07:00:00,339.85
2020-04-01 08:00:00,565.97
2020-04-01 09:00:00,757.55
2020-04-01 10:00:00,876.0
2020-04-01 11:00:00,914.95
2020-04-01 12:00:00,924.25
2020-04-01 13:00:00,785.05
2020-04-01 14:00:00,656.53
2020-04-01 15:00:00,447.45
2020-04-01 16:00:00,213.25
2020-04-01 17:00:00,24.77
2020-04-01 18:00:00,0.0
2020-04-01 19:00:00,0.0
2020-04-01 20:00:00,0.0
2020-04-01 21:00:00,0.0
2020-04-01 22:00:00,0.0
2020-04-01 23:00:00,0.0
2020-04-02 00:00:00,0.0
2020-04-02 01:00:00,0.0
2020-04-02 02:00:00,0.0
2020-04-02 03:00:00,0.0
2020-04-02 04:00:00,0.0
2020-04-02 05:00:00,5.4
2020-04-02 06:00:00,125.03
2020-04-02 07:00:00,357.8
2020-04-02 08:00:00,591.88
2020-04-02 09:00:00,784.15
2020-04-02 10:00:00,913.75
2020-04-02 11:00:00,835.85
2020-04-02 12:00:00,729.47
2020-04-02 13:00:00,765.85
2020-04-02 14:00:00,627.55
2020-04-02 15:00:00,424.85
2020-04-02 16:00:00,197.2
2020-04-02 17:00:00,21.55
2020-04-02 18:00:00,0.0
2020-04-02 19:00:00,0.0
2020-04-02 20:00:00,0.0
2020-04-02 21:00:00,0.0
2020-04-02 22:00:00,0.0
2020-04-02 23:00:00,0.0
2020-04-03 00:00:00,0.0
2020-04-03 01:00:00,0.0
2020-04-03 02:00:00,0.0
2020-04-03 03:00:00,0.0
2020-04-03 04:00:00,0.0
2020-04-03 05:00:00,5.57
2020-04-03 06:00:00,118.47
2020-04-03 07:00:00,328.2
2020-04-03 08:00:00,540.4
2020-04-03 09:00:00,721.05
2020-04-03 10:00:00,848.42
2020-04-03 11:00:00,772.8
2020-04-03 12:00:00,802.22
2020-04-03 13:00:00,773.45
2020-04-03 14:00:00,656.53
2020-04-03 15:00:00,449.2
2020-04-03 16:00:00,215.0
2020-04-03 17:00:00,25.45
2020-04-03 18:00:00,0.0
2020-04-03 19:00:00,0.0
2020-04-03 20:00:00,0.0
2020-04-03 21:00:00,0.0
2020-04-03 22:00:00,0.0
2020-04-03 23:00:00,0.0
2020-04-04 00:00:00,0.0
2020-04-04 01:00:00,0.0
2020-04-04 02:00:00,0.0
2020-04-04 03:00:00,0.0
2020-04-04 04:00:00,0.0
2020-04-04 05:00:00,6.75
2020-04-04 06:00:00,134.32
2020-04-04 07:00:00,353.92
2020-04-04 08:00:00,574.1
2020-04-04 09:00:00,774.45
2020-04-04 10:00:00,879.78
2020-04-04 11:00:00,973.8
2020-04-04 12:00:00,959.33
2020-04-04 13:00:00,763.95
2020-04-04 14:00:00,656.4
2020-04-04 15:00:00,448.42
2020-04-04 16:00:00,216.68
2020-04-04 17:00:00,25.98
2020-04-04 18:00:00,0.0
2020-04-04 19:00:00,0.0
2020-04-04 20:00:00,0.0
2020-04-04 21:00:00,0.0
2020-04-04 22:00:00,0.0
2020-04-04 23:00:00,0.0
2020-04-05 00:00:00,0.0
2020-04-05 01:00:00,0.0
2020-04-05 02:00:00,0.0
2020-04-05 03:00:00,0.0
2020-04-05 04:00:00,0.0
2020-04-05 05:00:00,6.38
2020-04-05 06:00:00,118.15
2020-04-05 07:00:00,329.25
2020-04-05 08:00:00,542.35
2020-04-05 09:00:00,710.38
2020-04-05 10:00:00,806.72
2020-04-05 11:00:00,929.3
2020-04-05 12:00:00,934.2
2020-04-05 13:00:00,749.0
2020-04-05 14:00:00,596.88
2020-04-05 15:00:00,427.2
2020-04-05 16:00:00,200.45
2020-04-05 17:00:00,24.58
2020-04-05 18:00:00,0.0
2020-04-05 19:00:00,0.0
2020-04-05 20:00:00,0.0
2020-04-05 21:00:00,0.0
2020-04-05 22:00:00,0.0
2020-04-05 23:00:00,0.0
2020-04-06 00:00:00,0.0
2020-04-06 01:00:00,0.0
2020-04-06 02:00:00,0.0
2020-04-06 03:00:00,0.0
2020-04-06 04:00:00,0.0
2020-04-06 05:00:00,6.85
2020-04-06 06:00:00,117.32
2020-04-06 07:00:00,311.88
2020-04-06 08:00:00,505.02
2020-04-06 09:00:00,684.45
2020-04-06 10:00:00,768.95
2020-04-06 11:00:00,874.33
2020-04-06 12:00:00,879.05
2020-04-06 13:00:00,807.05
2020-04-06 14:00:00,624.5
2020-04-06 15:00:00,411.3
2020-04-06 16:00:00,190.98
2020-04-06 17:00:00,25.92
2020-04-06 18:00:00,0.0
2020-04-06 19:00:00,0.0
2020-04-06 20:00:00,0.0
2020-04-06 21:00:00,0.0
2020-04-06 22:00:00,0.0
2020-04-06 23:00:00,0.0
2020-04-07 00:00:00,0.0
2020-04-07 01:00:00,0.0
2020-04-07 02:00:00,0.0
2020-04-07 03:00:00,0.0
2020-04-07 04:00:00,0.0
2020-04-07 05:00:00,6.62
2020-04-07 06:00:00,120.68
2020-04-07 07:00:00,327.62
2020-04-07 08:00:00,535.42
2020-04-07 09:00:00,749.92
2020-04-07 10:00:00,858.47
2020-04-07 11:00:00,896.3
2020-04-07 12:00:00,843.92
2020-04-07 13:00:00,762.9
2020-04-07 14:00:00,529.28
2020-04-07 15:00:00,318.7
2020-04-07 16:00:00,147.9
2020-04-07 17:00:00,23.85
2020-04-07 18:00:00,0.0
2020-04-07 19:00:00,0.0
2020-04-07 20:00:00,0.0
2020-04-07 21:00:00,0.0
2020-04-07 22:00:00,0.0
2020-04-07 23:00:00,0.0
2020-04-08 00:00:00,0.0
2020-04-08 01:00:00,0.0
2020-04-08 02:00:00,0.0
2020-04-08 03:00:00,0.0
2020-04-08 04:00:00,0.0
2020-04-08 05:00:00,6.05
2020-04-08 06:00:00,102.3
2020-04-08 07:00:00,258.3
2020-04-08 08:00:00,437.38
2020-04-08 09:00:00,633.58
2020-04-08 10:00:00,684.28
2020-04-08 11:00:00,879.03
2020-04-08 12:00:00,858.22
2020-04-08 13:00:00,793.0
2020-04-08 14:00:00,625.75
2020-04-08 15:00:00,437.9
2020-04-08 16:00:00,202.57
2020-04-08 17:00:00,27.1
2020-04-08 18:00:00,0.0
2020-04-08 19:00:00,0.0
2020-04-08 20:00:00,0.0
2020-04-08 21:00:00,0.0
2020-04-08 22:00:00,0.0
2020-04-08 23:00:00,0.0
2020-04-09 00:00:00,0.0
2020-04-09 01:00:00,0.0
2020-04-09 02:00:00,0.0
2020-04-09 03:00:00,0.0
2020-04-09 04:00:00,0.0
2020-04-09 05:00:00,6.8
2020-04-09 06:00:00,112.57
2020-04-09 07:00:00,301.02
2020-04-09 08:00:00,513.25
2020-04-09 09:00:00,732.9
2020-04-09 10:00:00,806.38
2020-04-09 11:00:00,750.7
2020-04-09 12:00:00,685.53
2020-04-09 13:00:00,413.48
2020-04-09 14:00:00,38.67
2020-04-09 15:00:00,29.83
2020-04-09 16:00:00,18.7
2020-04-09 17:00:00,4.53
2020-04-09 18:00:00,0.0
2020-04-09 19:00:00,0.0
2020-04-09 20:00:00,0.0
2020-04-09 21:00:00,0.0
2020-04-09 22:00:00,0.0
2020-04-09 23:00:00,0.0
2020-04-10 00:00:00,0.0
2020-04-10 01:00:00,0.0
2020-04-10 02:00:00,0.0
2020-04-10 03:00:00,0.0
2020-04-10 04:00:00,0.0
2020-04-10 05:00:00,7.35
2020-04-10 06:00:00,108.18
2020-04-10 07:00:00,285.75
2020-04-10 08:00:00,502.75
2020-04-10 09:00:00,669.17
2020-04-10 10:00:00,839.58
2020-04-10 11:00:00,866.7
2020-04-10 12:00:00,846.33
2020-04-10 13:00:00,665.7
2020-04-10 14:00:00,639.6
2020-04-10 15:00:00,433.88
2020-04-10 16:00:00,209.02
2020-04-10 17:00:00,30.55
2020-04-10 18:00:00,0.0
2020-04-10 19:00:00,0.0
2020-04-10 20:00:00,0.0
2020-04-10 21:00:00,0.0
2020-04-10 22:00:00,0.0
2020-04-10 23:00:00,0.0
2020-04-11 00:00:00,0.0
2020-04-11 01:00:00,0.0
2020-04-11 02:00:00,0.0
2020-04-11 03:00:00,0.0
2020-04-11 04:00:00,0.0
2020-04-11 05:00:00,9.6
2020-04-11 06:00:00,148.2
2020-04-11 07:00:00,368.55
2020-04-11 08:00:00,585.97
2020-04-11 09:00:00,756.62
2020-04-11 10:00:00,855.95
2020-04-11 11:00:00,955.17
2020-04-11 12:00:00,832.53
2020-04-11 13:00:00,713.55
2020-04-11 14:00:00,643.45
2020-04-11 15:00:00,466.35
2020-04-11 16:00:00,225.05
2020-04-11 17:00:00,32.15
2020-04-11 18:00:00,0.0
2020-04-11 19:00:00,0.0
2020-04-11 20:00:00,0.0
2020-04-11 21:00:00,0.0
2020-04-11 22:00:00,0.0
2020-04-11 23:00:00,0.0
2020-04-12 00:00:00,0.0
2020-04-12 01:00:00,0.0
2020-04-12 02:00:00,0.0
2020-04-12 03:00:00,0.0
2020-04-12 04:00:00,0.0
2020-04-12 05:00:00,9.15
2020-04-12 06:00:00,145.45
2020-04-12 07:00:00,376.08
2020-04-12 08:00:00,603.72
2020-04-12 09:00:00,786.9
2020-04-12 10:00:00,893.85
2020-04-12 11:00:00,942.3
2020-04-12 12:00:00,928.95
2020-04-12 13:00:00,812.67
2020-04-12 14:00:00,671.53
2020-04-12 15:00:00,460.25
2020-04-12 16:00:00,224.4
2020-04-12 17:00:00,27.92
2020-04-12 18:00:00,0.0
2020-04-12 19:00:00,0.0
2020-04-12 20:00:00,0.0
2020-04-12 21:00:00,0.0
2020-04-12 22:00:00,0.0
2020-04-12 23:00:00,0.0
2020-04-13 00:00:00,0.0
2020-04-13 01:00:00,0.0
2020-04-13 02:00:00,0.0
2020-04-13 03:00:00,0.0
2020-04-13 04:00:00,0.0
2020-04-13 05:00:00,10.25
2020-04-13 06:00:00,153.43
2020-04-13 07:00:00,387.62
2020-04-13 08:00:00,619.72
2020-04-13 09:00:00,813.38
2020-04-13 10:00:00,848.62
2020-04-13 11:00:00,902.03
2020-04-13 12:00:00,973.22
2020-04-13 13:00:00,873.85
2020-04-13 14:00:00,699.4
2020-04-13 15:00:00,476.35
2020-04-13 16:00:00,230.12
2020-04-13 17:00:00,31.8
2020-04-13 18:00:00,0.0
2020-04-13 19:00:00,0.0
2020-04-13 20:00:00,0.0
2020-04-13 21:00:00,0.0
2020-04-13 22:00:00,0.0
2020-04-13 23:00:00,0.0
2020-04-14 00:00:00,0.0
2020-04-14 01:00:00,0.0
2020-04-14 02:00:00,0.0
2020-04-14 03:00:00,0.0
2020-04-14 04:00:00,0.0
2020-04-14 05:00:00,10.75
2020-04-14 06:00:00,151.4
2020-04-14 07:00:00,373.77
2020-04-14 08:00:00,586.22
2020-04-14 09:00:00,794.3
2020-04-14 10:00:00,887.53
2020-04-14 11:00:00,900.85
2020-04-14 12:00:00,850.6
2020-04-14 13:00:00,770.9
2020-04-14 14:00:00,626.75
2020-04-14 15:00:00,430.48
2020-04-14 16:00:00,210.93
2020-04-14 17:00:00,30.92
2020-04-14 18:00:00,0.0
2020-04-14 19:00:00,0.0
2020-04-14 20:00:00,0.0
2020-04-14 21:00:00,0.0
2020-04-14 22:00:00,0.0
2020-04-14 23:00:00,0.0
2020-04-15 00:00:00,0.0
2020-04-15 01:00:00,0.0
2020-04-15 02:00:00,0.0
2020-04-15 03:00:00,0.0
2020-04-15 04:00:00,0.0
2020-04-15 05:00:00,11.8
2020-04-15 06:00:00,165.25
2020-04-15 07:00:00,405.73
2020-04-15 08:00:00,633.7
2020-04-15 09:00:00,846.45
2020-04-15 10:00:00,931.0
2020-04-15 11:00:00,973.1
2020-04-15 12:00:00,957.9
2020-04-15 13:00:00,763.62
2020-04-15 14:00:00,665.67
2020-04-15 15:00:00,458.83
2020-04-15 16:00:00,223.1
2020-04-15 17:00:00,28.25
2020-04-15 18:00:00,0.0
2020-04-15 19:00:00,0.0
2020-04-15 20:00:00,0.0
2020-04-15 21:00:00,0.0
2020-04-15 22:00:00,0.0
2020-04-15 23:00:00,0.0
2020-04-16 00:00:00,0.0
2020-04-16 01:00:00,0.0
2020-04-16 02:00:00,0.0
2020-04-16 03:00:00,0.0
2020-04-16 04:00:00,0.0
2020-04-16 05:00:00,10.82
2020-04-16 06:00:00,142.27
2020-04-16 07:00:00,357.08
2020-04-16 08:00:00,563.08
2020-04-16 09:00:00,784.08
2020-04-16 10:00:00,820.65
2020-04-16 11:00:00,819.5
2020-04-16 12:00:00,926.12
2020-04-16 13:00:00,831.4
2020-04-16 14:00:00,660.08
2020-04-16 15:00:00,441.65
2020-04-16 16:00:00,208.62
2020-04-16 17:00:00,30.17
2020-04-16 18:00:00,0.0
2020-04-16 19:00:00,0.0
2020-04-16 20:00:00,0.0
2020-04-16 21:00:00,0.0
2020-04-16 22:00:00,0.0
2020-04-16 23:00:00,0.0
2020-04-17 00:00:00,0.0
2020-04-17 01:00:00,0.0
2020-04-17 02:00:00,0.0
2020-04-17 03:00:00,0.0
2020-04-17 04:00:00,0.0
2020-04-17 05:00:00,10.45
2020-04-17 06:00:00,135.5
2020-04-17 07:00:00,335.6
2020-04-17 08:00:00,529.92
2020-04-17 09:00:00,752.8
2020-04-17 10:00:00,864.05
2020-04-17 11:00:00,784.08
2020-04-17 12:00:00,946.75
2020-04-17 13:00:00,833.58
2020-04-17 14:00:00,675.35
2020-04-17 15:00:00,458.23
2020-04-17 16:00:00,221.57
2020-04-17 17:00:00,31.55
2020-04-17 18:00:00,0.0
2020-04-17 19:00:00,0.0
2020-04-17 20:00:00,0.0
2020-04-17 21:00:00,0.0
2020-04-17 22:00:00,0.0
2020-04-17 23:00:00,0.0
2020-04-18 00:00:00,0.0
2020-04-18 01:00:00,0.0
2020-04-18 02:00:00,0.0
2020-04-18 03:00:00,0.0
2020-04-18 04:00:00,0.0
2020-04-18 05:00:00,12.75
2020-04-18 06:00:00,163.12
2020-04-18 07:00:00,388.4
2020-04-18 08:00:00,607.78
2020-04-18 09:00:00,824.15
2020-04-18 10:00:00,879.58
2020-04-18 11:00:00,879.78
2020-04-18 12:00:00,853.51
2020-04-18 13:00:00,829.83
2020-04-18 14:00:00,663.4
2020-04-18 15:00:00,449.95
2020-04-18 16:00:00,222.2
2020-04-18 17:00:00,30.1
2020-04-18 18:00:00,0.0
2020-04-18 19:00:00,0.0
2020-04-18 20:00:00,0.0
2020-04-18 21:00:00,0.0
2020-04-18 22:00:00,0.0
2020-04-18 23:00:00,0.0
2020-04-19 00:00:00,0.0
2020-04-19 01:00:00,0.0
2020-04-19 02:00:00,0.0
2020-04-19 03:00:00,0.0
2020-04-19 04:00:00,0.0
2020-04-19 05:00:00,11.12
2020-04-19 06:00:00,140.4
2020-04-19 07:00:00,350.9
2020-04-19 08:00:00,566.4
2020-04-19 09:00:00,753.55
2020-04-19 10:00:00,880.55
2020-04-19 11:00:00,980.45
2020-04-19 12:00:00,966.58
2020-04-19 13:00:00,814.72
2020-04-19 14:00:00,629.97
2020-04-19 15:00:00,458.7
2020-04-19 16:00:00,227.2
2020-04-19 17:00:00,32.53
2020-04-19 18:00:00,0.0
2020-04-19 19:00:00,0.0
2020-04-19 20:00:00,0.0
2020-04-19 21:00:00,0.0
2020-04-19 22:00:00,0.0
2020-04-19 23:00:00,0.0
2020-04-20 00:00:00,0.0
2020-04-20 01:00:00,0.0
2020-04-20 02:00:00,0.0
2020-04-20 03:00:00,0.0
2020-04-20 04:00:00,0.0
2020-04-20 05:00:00,13.62
2020-04-20 06:00:00,172.1
2020-04-20 07:00:00,410.5
2020-04-20 08:00:00,633.78
2020-04-20 09:00:00,846.95
2020-04-20 10:00:00,937.0
2020-04-20 11:00:00,1004.45
2020-04-20 12:00:00,979.12
2020-04-20 13:00:00,876.2
2020-04-20 14:00:00,706.95
2020-04-20 15:00:00,474.52
2020-04-20 16:00:00,235.55
2020-04-20 17:00:00,32.83
2020-04-20 18:00:00,0.0
2020-04-20 19:00:00,0.0
2020-04-20 20:00:00,0.0
2020-04-20 21:00:00,0.0
2020-04-20 22:00:00,0.0
2020-04-20 23:00:00,0.0
2020-04-21 00:00:00,0.0
2020-04-21 01:00:00,0.0
2020-04-21 02:00:00,0.0
2020-04-21 03:00:00,0.0
2020-04-21 04:00:00,0.0
2020-04-21 05:00:00,14.77
2020-04-21 06:00:00,183.77
2020-04-21 07:00:00,420.08
2020-04-21 08:00:00,644.2
2020-04-21 09:00:00,835.22
2020-04-21 10:00:00,930.72
2020-04-21 11:00:00,970.95
2020-04-21 12:00:00,915.65
2020-04-21 13:00:00,821.58
2020-04-21 14:00:00,666.42
2020-04-21 15:00:00,456.38
2020-04-21 16:00:00,229.48
2020-04-21 17:00:00,36.35
2020-04-21 18:00:00,0.0
2020-04-21 19:00:00,0.0
2020-04-21 20:00:00,0.0
2020-04-21 21:00:00,0.0
2020-04-21 22:00:00,0.0
2020-04-21 23:00:00,0.0
2020-04-22 00:00:00,0.0
2020-04-22 01:00:00,0.0
2020-04-22 02:00:00,0.0
2020-04-22 03:00:00,0.0
2020-04-22 04:00:00,0.0
2020-04-22 05:00:00,15.15
2020-04-22 06:00:00,179.77
2020-04-22 07:00:00,417.6
2020-04-22 08:00:00,638.1
2020-04-22 09:00:00,841.22
2020-04-22 10:00:00,924.5
2020-04-22 11:00:00,819.65
2020-04-22 12:00:00,768.97
2020-04-22 13:00:00,852.45
2020-04-22 14:00:00,591.28
2020-04-22 15:00:00,444.95
2020-04-22 16:00:00,221.3
2020-04-22 17:00:00,36.85
2020-04-22 18:00:00,0.0
2020-04-22 19:00:00,0.0
2020-04-22 20:00:00,0.0
2020-04-22 21:00:00,0.0
2020-04-22 22:00:00,0.0
2020-04-22 23:00:00,0.0
2020-04-23 00:00:00,0.0
2020-04-23 01:00:00,0.0
2020-04-23 02:00:00,0.0
2020-04-23 03:00:00,0.0
2020-04-23 04:00:00,0.0
2020-04-23 05:00:00,12.7
2020-04-23 06:00:00,160.9
2020-04-23 07:00:00,382.5
2020-04-23 08:00:00,598.85
2020-04-23 09:00:00,813.95
2020-04-23 10:00:00,821.45
2020-04-23 11:00:00,797.4
2020-04-23 12:00:00,917.5
2020-04-23 13:00:00,839.12
2020-04-23 14:00:00,568.0
2020-04-23 15:00:00,469.33
2020-04-23 16:00:00,226.5
2020-04-23 17:00:00,33.65
2020-04-23 18:00:00,0.0
2020-04-23 19:00:00,0.0
2020-04-23 20:00:00,0.0
2020-04-23 21:00:00,0.0
2020-04-23 22:00:00,0.0
2020-04-23 23:00:00,0.0
2020-04-24 00:00:00,0.0
2020-04-24 01:00:00,0.0
2020-04-24 02:00:00,0.0
2020-04-24 03:00:00,0.0
2020-04-24 04:00:00,0.0
2020-04-24 05:00:00,10.15
2020-04-24 06:00:00,140.1
2020-04-24 07:00:00,340.9
2020-04-24 08:00:00,535.58
2020-04-24 09:00:00,758.7
2020-04-24 10:00:00,886.4
2020-04-24 11:00:00,957.65
2020-04-24 12:00:00,954.95
2020-04-24 13:00:00,804.05
2020-04-24 14:00:00,574.5
2020-04-24 15:00:00,426.67
2020-04-24 16:00:00,223.75
2020-04-24 17:00:00,33.72
2020-04-24 18:00:00,0.0
2020-04-24 19:00:00,0.0
2020-04-24 20:00:00,0.0
2020-04-24 21:00:00,0.0
2020-04-24 22:00:00,0.0
2020-04-24 23:00:00,0.0
2020-04-25 00:00:00,0.0
2020-04-25 01:00:00,0.0
2020-04-25 02:00:00,0.0
2020-04-25 03:00:00,0.0
2020-04-25 04:00:00,0.0
2020-04-25 05:00:00,13.6
2020-04-25 06:00:00,138.23
2020-04-25 07:00:00,335.1
2020-04-25 08:00:00,539.83
2020-04-25 09:00:00,762.08
2020-04-25 10:00:00,853.95
2020-04-25 11:00:00,926.38
2020-04-25 12:00:00,875.9
2020-04-25 13:00:00,669.3
2020-04-25 14:00:00,338.38
2020-04-25 15:00:00,151.38
2020-04-25 16:00:00,77.2
2020-04-25 17:00:00,13.7
2020-04-25 18:00:00,0.0
2020-04-25 19:00:00,0.0
2020-04-25 20:00:00,0.0
2020-04-25 21:00:00,0.0
2020-04-25 22:00:00,0.0
2020-04-25 23:00:00,0.0
2020-04-26 00:00:00,0.0
2020-04-26 01:00:00,0.0
2020-04-26 02:00:00,0.0
2020-04-26 03:00:00,0.0
2020-04-26 04:00:00,0.0
2020-04-26 05:00:00,1.48
2020-04-26 06:00:00,31.55
2020-04-26 07:00:00,84.1
2020-04-26 08:00:00,135.7
2020-04-26 09:00:00,270.75
2020-04-26 10:00:00,343.8
2020-04-26 11:00:00,578.4
2020-04-26 12:00:00,669.35
2020-04-26 13:00:00,592.85
2020-04-26 14:00:00,491.3
2020-04-26 15:00:00,324.08
2020-04-26 16:00:00,160.48
2020-04-26 17:00:00,27.98
2020-04-26 18:00:00,0.0
2020-04-26 19:00:00,0.0
2020-04-26 20:00:00,0.0
2020-04-26 21:00:00,0.0
2020-04-26 22:00:00,0.0
2020-04-26 23:00:00,0.0
2020-04-27 00:00:00,0.0
2020-04-27 01:00:00,0.0
2020-04-27 02:00:00,0.0
2020-04-27 03:00:00,0.0
2020-04-27 04:00:00,0.0
2020-04-27 05:00:00,12.43
2020-04-27 06:00:00,120.72
2020-04-27 07:00:00,293.12
2020-04-27 08:00:00,472.45
2020-04-27 09:00:00,631.78
2020-04-27 10:00:00,767.0
2020-04-27 11:00:00,845.6
2020-04-27 12:00:00,780.22
2020-04-27 13:00:00,754.97
2020-04-27 14:00:00,583.22
2020-04-27 15:00:00,357.38
2020-04-27 16:00:00,161.48
2020-04-27 17:00:00,23.75
2020-04-27 18:00:00,0.0
2020-04-27 19:00:00,0.0
2020-04-27 20:00:00,0.0
2020-04-27 21:00:00,0.0
2020-04-27 22:00:00,0.0
2020-04-27 23:00:00,0.0
2020-04-28 00:00:00,0.0
2020-04-28 01:00:00,0.0
2020-04-28 02:00:00,0.0
2020-04-28 03:00:00,0.0
2020-04-28 04:00:00,0.0
2020-04-28 05:00:00,14.52
2020-04-28 06:00:00,145.55
2020-04-28 07:00:00,338.15
2020-04-28 08:00:00,530.72
2020-04-28 09:00:00,610.6
2020-04-28 10:00:00,822.45
2020-04-28 11:00:00,895.35
2020-04-28 12:00:00,842.7
2020-04-28 13:00:00,735.58
2020-04-28 14:00:00,594.92
2020-04-28 15:00:00,408.3
2020-04-28 16:00:00,196.85
2020-04-28 17:00:00,30.67
2020-04-28 18:00:00,0.0
2020-04-28 19:00:00,0.0
2020-04-28 20:00:00,0.0
2020-04-28 21:00:00,0.0
2020-04-28 22:00:00,0.0
2020-04-28 23:00:00,0.0
2020-04-29 00:00:00,0.0
2020-04-29 01:00:00,0.0
2020-04-29 02:00:00,0.0
2020-04-29 03:00:00,0.0
2020-04-29 04:00:00,0.0
2020-04-29 05:00:00,8.68
2020-04-29 06:00:00,106.85
2020-04-29 07:00:00,229.0
2020-04-29 08:00:00,383.1
2020-04-29 09:00:00,479.17
2020-04-29 10:00:00,557.42
2020-04-29 11:00:00,640.03
2020-04-29 12:00:00,605.62
2020-04-29 13:00:00,429.95
2020-04-29 14:00:00,533.75
2020-04-29 15:00:00,417.83
2020-04-29 16:00:00,190.98
2020-04-29 17:00:00,27.12
2020-04-29 18:00:00,0.0
2020-04-29 19:00:00,0.0
2020-04-29 20:00:00,0.0
2020-04-29 21:00:00,0.0
2020-04-29 22:00:00,0.0
2020-04-29 23:00:00,0.0
2020-04-30 00:00:00,0.0
2020-04-30 01:00:00,0.0
2020-04-30 02:00:00,0.0
2020-04-30 03:00:00,0.0
2020-04-30 04:00:00,0.0
2020-04-30 05:00:00,16.58
2020-04-30 06:00:00,152.48
2020-04-30 07:00:00,383.8
2020-04-30 08:00:00,587.62
2020-04-30 09:00:00,765.97
2020-04-30 10:00:00,893.83
2020-04-30 11:00:00,935.83
2020-04-30 12:00:00,763.4
2020-04-30 13:00:00,799.3
2020-04-30 14:00:00,631.03
2020-04-30 15:00:00,430.83
2020-04-30 16:00:00,213.9
2020-04-30 17:00:00,32.83
2020-04-30 18:00:00,0.0
2020-04-30 19:00:00,0.0
2020-04-30 20:00:00,0.0
2020-04-30 21:00:00,0.0
2020-04-30 22:00:00,0.0
2020-04-30 23:00:00,0.0
2020-05-01 00:00:00,0.0
2020-05-01 01:00:00,0.0
2020-05-01 02:00:00,0.0
2020-05-01 03:00:00,0.0
2020-05-01 04:00:00,0.0
2020-05-01 05:00:00,14.8
2020-05-01 06:00:00,159.55
2020-05-01 07:00:00,375.48
2020-05-01 08:00:00,581.72
2020-05-01 09:00:00,765.5
2020-05-01 10:00:00,913.17
2020-05-01 11:00:00,950.05
2020-05-01 12:00:00,921.6
2020-05-01 13:00:00,818.08
2020-05-01 14:00:00,631.33
2020-05-01 15:00:00,420.7
2020-05-01 16:00:00,202.9
2020-05-01 17:00:00,32.25
2020-05-01 18:00:00,0.0
2020-05-01 19:00:00,0.0
2020-05-01 20:00:00,0.0
2020-05-01 21:00:00,0.0
2020-05-01 22:00:00,0.0
2020-05-01 23:00:00,0.0
2020-05-02 00:00:00,0.0
2020-05-02 01:00:00,0.0
2020-05-02 02:00:00,0.0
2020-05-02 03:00:00,0.0
2020-05-02 04:00:00,0.0
2020-05-02 05:00:00,17.65
2020-05-02 06:00:00,146.85
2020-05-02 07:00:00,333.05
2020-05-02 08:00:00,542.72
2020-05-02 09:00:00,729.22
2020-05-02 10:00:00,845.1
2020-05-02 11:00:00,922.28
2020-05-02 12:00:00,845.1
2020-05-02 13:00:00,695.47
2020-05-02 14:00:00,578.42
2020-05-02 15:00:00,410.42
2020-05-02 16:00:00,197.27
2020-05-02 17:00:00,26.65
2020-05-02 18:00:00,0.0
2020-05-02 19:00:00,0.0
2020-05-02 20:00:00,0.0
2020-05-02 21:00:00,0.0
2020-05-02 22:00:00,0.0
2020-05-02 23:00:00,0.0
2020-05-03 00:00:00,0.0
2020-05-03 01:00:00,0.0
2020-05-03 02:00:00,0.0
2020-05-03 03:00:00,0.0
2020-05-03 04:00:00,0.0
2020-05-03 05:00:00,18.3
2020-05-03 06:00:00,168.32
2020-05-03 07:00:00,364.67
2020-05-03 08:00:00,572.6
2020-05-03 09:00:00,790.47
2020-05-03 10:00:00,881.08
2020-05-03 11:00:00,955.2
2020-05-03 12:00:00,913.7
2020-05-03 13:00:00,797.03
2020-05-03 14:00:00,589.55
2020-05-03 15:00:00,416.3
2020-05-03 16:00:00,201.1
2020-05-03 17:00:00,27.48
2020-05-03 18:00:00,0.0
2020-05-03 19:00:00,0.0
2020-05-03 20:00:00,0.0
2020-05-03 21:00:00,0.0
2020-05-03 22:00:00,0.0
2020-05-03 23:00:00,0.0
2020-05-04 00:00:00,0.0
2020-05-04 01:00:00,0.0
2020-05-04 02:00:00,0.0
2020-05-04 03:00:00,0.0
2020-05-04 04:00:00,0.0
2020-05-04 05:00:00,19.7
2020-05-04 06:00:00,175.7
2020-05-04 07:00:00,374.38
2020-05-04 08:00:00,582.45
2020-05-04 09:00:00,746.1
2020-05-04 10:00:00,803.35
2020-05-04 11:00:00,753.33
2020-05-04 12:00:00,860.0
2020-05-04 13:00:00,728.17
2020-05-04 14:00:00,622.03
2020-05-04 15:00:00,445.92
2020-05-04 16:00:00,216.15
2020-05-04 17:00:00,33.78
2020-05-04 18:00:00,0.0
2020-05-04 19:00:00,0.0
2020-05-04 20:00:00,0.0
2020-05-04 21:00:00,0.0
2020-05-04 22:00:00,0.0
2020-05-04 23:00:00,0.0
2020-05-05 00:00:00,0.0
2020-05-05 01:00:00,0.0
2020-05-05 02:00:00,0.0
2020-05-05 03:00:00,0.0
2020-05-05 04:00:00,0.0
2020-05-05 05:00:00,19.52
2020-05-05 06:00:00,163.82
2020-05-05 07:00:00,357.88
2020-05-05 08:00:00,562.85
2020-05-05 09:00:00,771.4
2020-05-05 10:00:00,871.6
2020-05-05 11:00:00,840.53
2020-05-05 12:00:00,817.73
2020-05-05 13:00:00,814.95
2020-05-05 14:00:00,565.45
2020-05-05 15:00:00,416.42
2020-05-05 16:00:00,202.55
2020-05-05 17:00:00,29.1
2020-05-05 18:00:00,0.0
2020-05-05 19:00:00,0.0
2020-05-05 20:00:00,0.0
2020-05-05 21:00:00,0.0
2020-05-05 22:00:00,0.0
2020-05-05 23:00:00,0.0
2020-05-06 00:00:00,0.0
2020-05-06 01:00:00,0.0
2020-05-06 02:00:00,0.0
2020-05-06 03:00:00,0.0
2020-05-06 04:00:00,0.0
2020-05-06 05:00:00,20.38
2020-05-06 06:00:00,157.6
2020-05-06 07:00:00,346.67
2020-05-06 08:00:00,542.83
2020-05-06 09:00:00,724.33
2020-05-06 10:00:00,796.62
2020-05-06 11:00:00,763.3
2020-05-06 12:00:00,735.53
2020-05-06 13:00:00,659.75
2020-05-06 14:00:00,529.8
2020-05-06 15:00:00,395.83
2020-05-06 16:00:00,196.8
2020-05-06 17:00:00,36.17
2020-05-06 18:00:00,0.0
2020-05-06 19:00:00,0.0
2020-05-06 20:00:00,0.0
2020-05-06 21:00:00,0.0
2020-05-06 22:00:00,0.0
2020-05-06 23:00:00,0.0
2020-05-07 00:00:00,0.0
2020-05-07 01:00:00,0.0
2020-05-07 02:00:00,0.0
2020-05-07 03:00:00,0.0
2020-05-07 04:00:00,0.0
2020-05-07 05:00:00,17.38
2020-05-07 06:00:00,149.12
2020-05-07 07:00:00,360.33
2020-05-07 08:00:00,559.85
2020-05-07 09:00:00,741.67
2020-05-07 10:00:00,872.45
2020-05-07 11:00:00,918.97
2020-05-07 12:00:00,861.38
2020-05-07 13:00:00,761.78
2020-05-07 14:00:00,556.75
2020-05-07 15:00:00,367.15
2020-05-07 16:00:00,180.23
2020-05-07 17:00:00,32.65
2020-05-07 18:00:00,0.0
2020-05-07 19:00:00,0.0
2020-05-07 20:00:00,0.0
2020-05-07 21:00:00,0.0
2020-05-07 22:00:00,0.0
2020-05-07 23:00:00,0.0
2020-05-08 00:00:00,0.0
2020-05-08 01:00:00,0.0
2020-05-08 02:00:00,0.0
2020-05-08 03:00:00,0.0
2020-05-08 04:00:00,0.0
2020-05-08 05:00:00,21.62
2020-05-08 06:00:00,174.35
2020-05-08 07:00:00,368.1
2020-05-08 08:00:00,553.85
2020-05-08 09:00:00,727.67
2020-05-08 10:00:00,859.75
2020-05-08 11:00:00,898.33
2020-05-08 12:00:00,850.2
2020-05-08 13:00:00,792.4
2020-05-08 14:00:00,621.35
2020-05-08 15:00:00,421.25
2020-05-08 16:00:00,216.25
2020-05-08 17:00:00,38.12
2020-05-08 18:00:00,0.0
2020-05-08 19:00:00,0.0
2020-05-08 20:00:00,0.0
2020-05-08 21:00:00,0.0
2020-05-08 22:00:00,0.0
2020-05-08 23:00:00,0.0
2020-05-09 00:00:00,0.0
2020-05-09 01:00:00,0.0
2020-05-09 02:00:00,0.0
2020-05-09 03:00:00,0.0
2020-05-09 04:00:00,0.0
2020-05-09 05:00:00,20.0
2020-05-09 06:00:00,180.35
2020-05-09 07:00:00,398.88
2020-05-09 08:00:00,602.65
2020-05-09 09:00:00,804.88
2020-05-09 10:00:00,928.58
2020-05-09 11:00:00,831.6
2020-05-09 12:00:00,928.97
2020-05-09 13:00:00,811.58
2020-05-09 14:00:00,618.88
2020-05-09 15:00:00,443.25
2020-05-09 16:00:00,220.43
2020-05-09 17:00:00,33.72
2020-05-09 18:00:00,0.0
2020-05-09 19:00:00,0.0
2020-05-09 20:00:00,0.0
2020-05-09 21:00:00,0.0
2020-05-09 22:00:00,0.0
2020-05-09 23:00:00,0.0
2020-05-10 00:00:00,0.0
2020-05-10 01:00:00,0.0
2020-05-10 02:00:00,0.0
2020-05-10 03:00:00,0.0
2020-05-10 04:00:00,0.0
2020-05-10 05:00:00,19.98
2020-05-10 06:00:00,166.85
2020-05-10 07:00:00,381.33
2020-05-10 08:00:00,580.38
2020-05-10 09:00:00,759.72
2020-05-10 10:00:00,892.03
2020-05-10 11:00:00,965.3
2020-05-10 12:00:00,910.95
2020-05-10 13:00:00,798.33
2020-05-10 14:00:00,580.45
2020-05-10 15:00:00,427.4
2020-05-10 16:00:00,218.15
2020-05-10 17:00:00,38.95
2020-05-10 18:00:00,0.0
2020-05-10 19:00:00,0.0
2020-05-10 20:00:00,0.0
2020-05-10 21:00:00,0.0
2020-05-10 22:00:00,0.0
2020-05-10 23:00:00,0.0
2020-05-11 00:00:00,0.0
2020-05-11 01:00:00,0.0
2020-05-11 02:00:00,0.0
2020-05-11 03:00:00,0.0
2020-05-11 04:00:00,0.0
2020-05-11 05:00:00,21.52
2020-05-11 06:00:00,173.02
2020-05-11 07:00:00,359.02
2020-05-11 08:00:00,545.85
2020-05-11 09:00:00,771.1
2020-05-11 10:00:00,751.45
2020-05-11 11:00:00,752.97
2020-05-11 12:00:00,857.08
2020-05-11 13:00:00,772.97
2020-05-11 14:00:00,596.92
2020-05-11 15:00:00,363.55
2020-05-11 16:00:00,182.95
2020-05-11 17:00:00,31.1
2020-05-11 18:00:00,0.0
2020-05-11 19:00:00,0.0
2020-05-11 20:00:00,0.0
2020-05-11 21:00:00,0.0
2020-05-11 22:00:00,0.0
2020-05-11 23:00:00,0.0
2020-05-12 00:00:00,0.0
2020-05-12 01:00:00,0.0
2020-05-12 02:00:00,0.0
2020-05-12 03:00:00,0.0
2020-05-12 04:00:00,0.0
2020-05-12 05:00:00,19.88
2020-05-12 06:00:00,154.65
2020-05-12 07:00:00,312.52
2020-05-12 08:00:00,492.33
2020-05-12 09:00:00,659.53
2020-05-12 10:00:00,737.92
2020-05-12 11:00:00,889.8
2020-05-12 12:00:00,837.65
2020-05-12 13:00:00,685.67
2020-05-12 14:00:00,493.12
2020-05-12 15:00:00,393.45
2020-05-12 16:00:00,204.7
2020-05-12 17:00:00,36.85
2020-05-12 18:00:00,0.0
2020-05-12 19:00:00,0.0
2020-05-12 20:00:00,0.0
2020-05-12 21:00:00,0.0
2020-05-12 22:00:00,0.0
2020-05-12 23:00:00,0.0
2020-05-13 00:00:00,0.0
2020-05-13 01:00:00,0.0
2020-05-13 02:00:00,0.0
2020-05-13 03:00:00,0.0
2020-05-13 04:00:00,0.0
2020-05-13 05:00:00,21.55
2020-05-13 06:00:00,169.27
2020-05-13 07:00:00,375.52
2020-05-13 08:00:00,570.65
2020-05-13 09:00:00,745.72
2020-05-13 10:00:00,835.42
2020-05-13 11:00:00,894.72
2020-05-13 12:00:00,859.15
2020-05-13 13:00:00,795.15
2020-05-13 14:00:00,655.83
2020-05-13 15:00:00,439.0
2020-05-13 16:00:00,221.95
2020-05-13 17:00:00,38.1
2020-05-13 18:00:00,0.0
2020-05-13 19:00:00,0.0
2020-05-13 20:00:00,0.0
2020-05-13 21:00:00,0.0
2020-05-13 22:00:00,0.0
2020-05-13 23:00:00,0.0
2020-05-14 00:00:00,0.0
2020-05-14 01:00:00,0.0
2020-05-14 02:00:00,0.0
2020-05-14 03:00:00,0.0
2020-05-14 04:00:00,0.0
2020-05-14 05:00:00,21.48
2020-05-14 06:00:00,173.7
2020-05-14 07:00:00,396.48
2020-05-14 08:00:00,600.72
2020-05-14 09:00:00,792.5
2020-05-14 10:00:00,901.65
2020-05-14 11:00:00,935.7
2020-05-14 12:00:00,906.65
2020-05-14 13:00:00,798.08
2020-05-14 14:00:00,618.03
2020-05-14 15:00:00,452.77
2020-05-14 16:00:00,239.32
2020-05-14 17:00:00,40.45
2020-05-14 18:00:00,0.0
2020-05-14 19:00:00,0.0
2020-05-14 20:00:00,0.0
2020-05-14 21:00:00,0.0
2020-05-14 22:00:00,0.0
2020-05-14 23:00:00,0.0
2020-05-15 00:00:00,0.0
2020-05-15 01:00:00,0.0
2020-05-15 02:00:00,0.0
2020-05-15 03:00:00,0.0
2020-05-15 04:00:00,0.0
2020-05-15 05:00:00,27.5
2020-05-15 06:00:00,182.02
2020-05-15 07:00:00,367.85
2020-05-15 08:00:00,558.03
2020-05-15 09:00:00,739.78
2020-05-15 10:00:00,829.42
2020-05-15 11:00:00,887.65
2020-05-15 12:00:00,865.5
2020-05-15 13:00:00,763.88
2020-05-15 14:00:00,644.88
2020-05-15 15:00:00,449.38
2020-05-15 16:00:00,230.9
2020-05-15 17:00:00,41.2
2020-05-15 18:00:00,0.0
2020-05-15 19:00:00,0.0
2020-05-15 20:00:00,0.0
2020-05-15 21:00:00,0.0
2020-05-15 22:00:00,0.0
2020-05-15 23:00:00,0.0
2020-05-16 00:00:00,0.0
2020-05-16 01:00:00,0.0
2020-05-16 02:00:00,0.0
2020-05-16 03:00:00,0.0
2020-05-16 04:00:00,0.0
2020-05-16 05:00:00,24.25
2020-05-16 06:00:00,154.68
2020-05-16 07:00:00,340.33
2020-05-16 08:00:00,519.15
2020-05-16 09:00:00,671.55
2020-05-16 10:00:00,730.8
2020-05-16 11:00:00,788.6
2020-05-16 12:00:00,806.6
2020-05-16 13:00:00,712.67
2020-05-16 14:00:00,574.15
2020-05-16 15:00:00,398.3
2020-05-16 16:00:00,201.62
2020-05-16 17:00:00,35.4
2020-05-16 18:00:00,0.0
2020-05-16 19:00:00,0.0
2020-05-16 20:00:00,0.0
2020-05-16 21:00:00,0.0
2020-05-16 22:00:00,0.0
2020-05-16 23:00:00,0.0
2020-05-17 00:00:00,0.0
2020-05-17 01:00:00,0.0
2020-05-17 02:00:00,0.0
2020-05-17 03:00:00,0.0
2020-05-17 04:00:00,0.0
2020-05-17 05:00:00,21.6
2020-05-17 06:00:00,156.23
2020-05-17 07:00:00,322.95
2020-05-17 08:00:00,502.55
2020-05-17 09:00:00,668.92
2020-05-17 10:00:00,747.83
2020-05-17 11:00:00,690.72
2020-05-17 12:00:00,684.33
2020-05-17 13:00:00,602.38
2020-05-17 14:00:00,457.8
2020-05-17 15:00:00,281.55
2020-05-17 16:00:00,122.97
2020-05-17 17:00:00,21.9
2020-05-17 18:00:00,0.0
2020-05-17 19:00:00,0.0
2020-05-17 20:00:00,0.0
2020-05-17 21:00:00,0.0
2020-05-17 22:00:00,0.0
2020-05-17 23:00:00,0.0
2020-05-18 00:00:00,0.0
2020-05-18 01:00:00,0.0
2020-05-18 02:00:00,0.0
2020-05-18 03:00:00,0.0
2020-05-18 04:00:00,0.0
2020-05-18 05:00:00,16.08
2020-05-18 06:00:00,84.07
2020-05-18 07:00:00,180.73
2020-05-18 08:00:00,278.62
2020-05-18 09:00:00,351.6
2020-05-18 10:00:00,522.35
2020-05-18 11:00:00,572.42
2020-05-18 12:00:00,454.62
2020-05-18 13:00:00,565.58
2020-05-18 14:00:00,423.02
2020-05-18 15:00:00,277.48
2020-05-18 16:00:00,127.93
2020-05-18 17:00:00,23.2
2020-05-18 18:00:00,0.0
2020-05-18 19:00:00,0.0
2020-05-18 20:00:00,0.0
2020-05-18 21:00:00,0.0
2020-05-18 22:00:00,0.0
2020-05-18 23:00:00,0.0
2020-05-19 00:00:00,0.0
2020-05-19 01:00:00,0.0
2020-05-19 02:00:00,0.0
2020-05-19 03:00:00,0.0
2020-05-19 04:00:00,0.0
2020-05-19 05:00:00,14.6
2020-05-19 06:00:00,147.3
2020-05-19 07:00:00,297.4
2020-05-19 08:00:00,466.95
2020-05-19 09:00:00,620.2
2020-05-19 10:00:00,734.38
2020-05-19 11:00:00,712.92
2020-05-19 12:00:00,650.8
2020-05-19 13:00:00,558.0
2020-05-19 14:00:00,422.23
2020-05-19 15:00:00,327.4
2020-05-19 16:00:00,154.1
2020-05-19 17:00:00,27.75
2020-05-19 18:00:00,0.0
2020-05-19 19:00:00,0.0
2020-05-19 20:00:00,0.0
2020-05-19 21:00:00,0.0
2020-05-19 22:00:00,0.0
2020-05-19 23:00:00,0.0
2020-05-20 00:00:00,0.0
2020-05-20 01:00:00,0.0
2020-05-20 02:00:00,0.0
2020-05-20 03:00:00,0.0
2020-05-20 04:00:00,0.0
2020-05-20 05:00:00,18.9
2020-05-20 06:00:00,130.6
2020-05-20 07:00:00,278.0
2020-05-20 08:00:00,441.1
2020-05-20 09:00:00,584.67
2020-05-20 10:00:00,690.83
2020-05-20 11:00:00,758.8
2020-05-20 12:00:00,756.5
2020-05-20 13:00:00,696.72
2020-05-20 14:00:00,550.33
2020-05-20 15:00:00,350.08
2020-05-20 16:00:00,173.93
2020-05-20 17:00:00,33.15
2020-05-20 18:00:00,0.0
2020-05-20 19:00:00,0.0
2020-05-20 20:00:00,0.0
2020-05-20 21:00:00,0.0
2020-05-20 22:00:00,0.0
2020-05-20 23:00:00,0.0
2020-05-21 00:00:00,0.0
2020-05-21 01:00:00,0.0
2020-05-21 02:00:00,0.0
2020-05-21 03:00:00,0.0
2020-05-21 04:00:00,0.0
2020-05-21 05:00:00,22.15
2020-05-21 06:00:00,161.0
2020-05-21 07:00:00,346.17
2020-05-21 08:00:00,532.05
2020-05-21 09:00:00,697.2
2020-05-21 10:00:00,814.88
2020-05-21 11:00:00,826.03
2020-05-21 12:00:00,814.25
2020-05-21 13:00:00,743.88
2020-05-21 14:00:00,584.8
2020-05-21 15:00:00,395.33
2020-05-21 16:00:00,194.85
2020-05-21 17:00:00,36.0
2020-05-21 18:00:00,0.0
2020-05-21 19:00:00,0.0
2020-05-21 20:00:00,0.0
2020-05-21 21:00:00,0.0
2020-05-21 22:00:00,0.0
2020-05-21 23:00:00,0.0
2020-05-22 00:00:00,0.0
2020-05-22 01:00:00,0.0
2020-05-22 02:00:00,0.0
2020-05-22 03:00:00,0.0
2020-05-22 04:00:00,0.0
2020-05-22 05:00:00,22.88
2020-05-22 06:00:00,169.45
2020-05-22 07:00:00,355.58
2020-05-22 08:00:00,554.15
2020-05-22 09:00:00,680.1
2020-05-22 10:00:00,860.83
2020-05-22 11:00:00,741.53
2020-05-22 12:00:00,774.75
2020-05-22 13:00:00,642.38
2020-05-22 14:00:00,610.2
2020-05-22 15:00:00,379.27
2020-05-22 16:00:00,190.55
2020-05-22 17:00:00,37.12
2020-05-22 18:00:00,0.0
2020-05-22 19:00:00,0.0
2020-05-22 20:00:00,0.0
2020-05-22 21:00:00,0.0
2020-05-22 22:00:00,0.0
2020-05-22 23:00:00,0.0
2020-05-23 00:00:00,0.0
2020-05-23 01:00:00,0.0
2020-05-23 02:00:00,0.0
2020-05-23 03:00:00,0.0
2020-05-23 04:00:00,0.0
2020-05-23 05:00:00,22.27
2020-05-23 06:00:00,167.52
2020-05-23 07:00:00,370.35
2020-05-23 08:00:00,565.35
2020-05-23 09:00:00,761.35
2020-05-23 10:00:00,759.53
2020-05-23 11:00:00,788.33
2020-05-23 12:00:00,682.7
2020-05-23 13:00:00,769.08
2020-05-23 14:00:00,530.17
2020-05-23 15:00:00,425.08
2020-05-23 16:00:00,205.77
2020-05-23 17:00:00,36.58
2020-05-23 18:00:00,0.0
2020-05-23 19:00:00,0.0
2020-05-23 20:00:00,0.0
2020-05-23 21:00:00,0.0
2020-05-23 22:00:00,0.0
2020-05-23 23:00:00,0.0
2020-05-24 00:00:00,0.0
2020-05-24 01:00:00,0.0
2020-05-24 02:00:00,0.0
2020-05-24 03:00:00,0.0
2020-05-24 04:00:00,0.0
2020-05-24 05:00:00,19.08
2020-05-24 06:00:00,148.52
2020-05-24 07:00:00,336.65
2020-05-24 08:00:00,530.5
2020-05-24 09:00:00,748.4
2020-05-24 10:00:00,853.17
2020-05-24 11:00:00,636.97
2020-05-24 12:00:00,894.8
2020-05-24 13:00:00,782.05
2020-05-24 14:00:00,566.33
2020-05-24 15:00:00,428.33
2020-05-24 16:00:00,210.38
2020-05-24 17:00:00,38.62
2020-05-24 18:00:00,0.0
2020-05-24 19:00:00,0.0
2020-05-24 20:00:00,0.0
2020-05-24 21:00:00,0.0
2020-05-24 22:00:00,0.0
2020-05-24 23:00:00,0.0
2020-05-25 00:00:00,0.0
2020-05-25 01:00:00,0.0
2020-05-25 02:00:00,0.0
2020-05-25 03:00:00,0.0
2020-05-25 04:00:00,0.0
2020-05-25 05:00:00,21.9
2020-05-25 06:00:00,163.1
2020-05-25 07:00:00,330.33
2020-05-25 08:00:00,520.05
2020-05-25 09:00:00,743.97
2020-05-25 10:00:00,838.1
2020-05-25 11:00:00,913.08
2020-05-25 12:00:00,854.72
2020-05-25 13:00:00,642.03
2020-05-25 14:00:00,567.12
2020-05-25 15:00:00,406.15
2020-05-25 16:00:00,207.35
2020-05-25 17:00:00,32.65
2020-05-25 18:00:00,0.0
2020-05-25 19:00:00,0.0
2020-05-25 20:00:00,0.0
2020-05-25 21:00:00,0.0
2020-05-25 22:00:00,0.0
2020-05-25 23:00:00,0.0
2020-05-26 00:00:00,0.0
2020-05-26 01:00:00,0.0
2020-05-26 02:00:00,0.0
2020-05-26 03:00:00,0.0
2020-05-26 04:00:00,0.0
2020-05-26 05:00:00,20.3
2020-05-26 06:00:00,157.4
2020-05-26 07:00:00,326.33
2020-05-26 08:00:00,515.8
2020-05-26 09:00:00,704.83
2020-05-26 10:00:00,840.47
2020-05-26 11:00:00,887.2
2020-05-26 12:00:00,874.5
2020-05-26 13:00:00,728.2
2020-05-26 14:00:00,554.45
2020-05-26 15:00:00,385.2
2020-05-26 16:00:00,187.93
2020-05-26 17:00:00,38.83
2020-05-26 18:00:00,0.0
2020-05-26 19:00:00,0.0
2020-05-26 20:00:00,0.0
2020-05-26 21:00:00,0.0
2020-05-26 22:00:00,0.0
2020-05-26 23:00:00,0.0
2020-05-27 00:00:00,0.0
2020-05-27 01:00:00,0.0
2020-05-27 02:00:00,0.0
2020-05-27 03:00:00,0.0
2020-05-27 04:00:00,0.0
2020-05-27 05:00:00,19.33
2020-05-27 06:00:00,148.95
2020-05-27 07:00:00,325.2
2020-05-27 08:00:00,510.33
2020-05-27 09:00:00,737.12
2020-05-27 10:00:00,805.62
2020-05-27 11:00:00,869.8
2020-05-27 12:00:00,808.17
2020-05-27 13:00:00,773.5
2020-05-27 14:00:00,624.67
2020-05-27 15:00:00,416.98
2020-05-27 16:00:00,206.8
2020-05-27 17:00:00,32.45
2020-05-27 18:00:00,0.0
2020-05-27 19:00:00,0.0
2020-05-27 20:00:00,0.0
2020-05-27 21:00:00,0.0
2020-05-27 22:00:00,0.0
2020-05-27 23:00:00,0.0
2020-05-28 00:00:00,0.0
2020-05-28 01:00:00,0.0
2020-05-28 02:00:00,0.0
2020-05-28 03:00:00,0.0
2020-05-28 04:00:00,0.0
2020-05-28 05:00:00,18.95
2020-05-28 06:00:00,142.12
2020-05-28 07:00:00,331.75
2020-05-28 08:00:00,525.88
2020-05-28 09:00:00,727.5
2020-05-28 10:00:00,852.75
2020-05-28 11:00:00,799.22
2020-05-28 12:00:00,793.38
2020-05-28 13:00:00,763.72
2020-05-28 14:00:00,582.58
2020-05-28 15:00:00,409.15
2020-05-28 16:00:00,202.77
2020-05-28 17:00:00,37.62
2020-05-28 18:00:00,0.0
2020-05-28 19:00:00,0.0
2020-05-28 20:00:00,0.0
2020-05-28 21:00:00,0.0
2020-05-28 22:00:00,0.0
2020-05-28 23:00:00,0.0
2020-05-29 00:00:00,0.0
2020-05-29 01:00:00,0.0
2020-05-29 02:00:00,0.0
2020-05-29 03:00:00,0.0
2020-05-29 04:00:00,0.0
2020-05-29 05:00:00,21.4
2020-05-29 06:00:00,149.6
2020-05-29 07:00:00,334.7
2020-05-29 08:00:00,524.05
2020-05-29 09:00:00,694.03
2020-05-29 10:00:00,820.12
2020-05-29 11:00:00,684.5
2020-05-29 12:00:00,833.53
2020-05-29 13:00:00,770.97
2020-05-29 14:00:00,615.83
2020-05-29 15:00:00,399.55
2020-05-29 16:00:00,205.18
2020-05-29 17:00:00,34.2
2020-05-29 18:00:00,0.0
2020-05-29 19:00:00,0.0
2020-05-29 20:00:00,0.0
2020-05-29 21:00:00,0.0
2020-05-29 22:00:00,0.0
2020-05-29 23:00:00,0.0
2020-05-30 00:00:00,0.0
2020-05-30 01:00:00,0.0
2020-05-30 02:00:00,0.0
2020-05-30 03:00:00,0.0
2020-05-30 04:00:00,0.0
2020-05-30 05:00:00,21.27
2020-05-30 06:00:00,157.98
2020-05-30 07:00:00,344.52
2020-05-30 08:00:00,539.47
2020-05-30 09:00:00,723.28
2020-05-30 10:00:00,848.8
2020-05-30 11:00:00,879.92
2020-05-30 12:00:00,856.22
2020-05-30 13:00:00,748.5
2020-05-30 14:00:00,615.58
2020-05-30 15:00:00,403.1
2020-05-30 16:00:00,201.65
2020-05-30 17:00:00,39.2
2020-05-30 18:00:00,0.0
2020-05-30 19:00:00,0.0
2020-05-30 20:00:00,0.0
2020-05-30 21:00:00,0.0
2020-05-30 22:00:00,0.0
2020-05-30 23:00:00,0.0
2020-05-31 00:00:00,0.0
2020-05-31 01:00:00,0.0
2020-05-31 02:00:00,0.0
2020-05-31 03:00:00,0.0
2020-05-31 04:00:00,0.0
2020-05-31 05:00:00,23.5
2020-05-31 06:00:00,159.32
2020-05-31 07:00:00,357.27
2020-05-31 08:00:00,554.4
2020-05-31 09:00:00,751.75
2020-05-31 10:00:00,845.03
2020-05-31 11:00:00,811.55
2020-05-31 12:00:00,901.75
2020-05-31 13:00:00,775.97
2020-05-31 14:00:00,623.47
2020-05-31 15:00:00,432.08
2020-05-31 16:00:00,220.68
2020-05-31 17:00:00,43.88
2020-05-31 18:00:00,0.0
2020-05-31 19:00:00,0.0
2020-05-31 20:00:00,0.0
2020-05-31 21:00:00,0.0
2020-05-31 22:00:00,0.0
2020-05-31 23:00:00,0.0
2020-06-01 00:00:00,0.0
2020-06-01 01:00:00,0.0
2020-06-01 02:00:00,0.0
2020-06-01 03:00:00,0.0
2020-06-01 04:00:00,0.0
2020-06-01 05:00:00,20.67
2020-06-01 06:00:00,150.5
2020-06-01 07:00:00,323.52
2020-06-01 08:00:00,497.52
2020-06-01 09:00:00,660.65
2020-06-01 10:00:00,717.72
2020-06-01 11:00:00,773.03
2020-06-01 12:00:00,764.75
2020-06-01 13:00:00,591.8
2020-06-01 14:00:00,464.6
2020-06-01 15:00:00,317.77
2020-06-01 16:00:00,149.32
2020-06-01 17:00:00,31.95
2020-06-01 18:00:00,0.0
2020-06-01 19:00:00,0.0
2020-06-01 20:00:00,0.0
2020-06-01 21:00:00,0.0
2020-06-01 22:00:00,0.0
2020-06-01 23:00:00,0.0
2020-06-02 00:00:00,0.0
2020-06-02 01:00:00,0.0
2020-06-02 02:00:00,0.0
2020-06-02 03:00:00,0.0
2020-06-02 04:00:00,0.0
2020-06-02 05:00:00,21.0
2020-06-02 06:00:00,150.9
2020-06-02 07:00:00,325.23
2020-06-02 08:00:00,519.75
2020-06-02 09:00:00,684.45
2020-06-02 10:00:00,847.12
2020-06-02 11:00:00,819.17
2020-06-02 12:00:00,764.88
2020-06-02 13:00:00,686.08
2020-06-02 14:00:00,557.03
2020-06-02 15:00:00,394.7
2020-06-02 16:00:00,203.93
2020-06-02 17:00:00,48.25
2020-06-02 18:00:00,0.0
2020-06-02 19:00:00,0.0
2020-06-02 20:00:00,0.0
2020-06-02 21:00:00,0.0
2020-06-02 22:00:00,0.0
2020-06-02 23:00:00,0.0
2020-06-03 00:00:00,0.0
2020-06-03 01:00:00,0.0
2020-06-03 02:00:00,0.0
2020-06-03 03:00:00,0.0
2020-06-03 04:00:00,0.0
2020-06-03 05:00:00,22.65
2020-06-03 06:00:00,170.75
2020-06-03 07:00:00,361.4
2020-06-03 08:00:00,563.8
2020-06-03 09:00:00,775.15
2020-06-03 10:00:00,849.17
2020-06-03 11:00:00,911.0
2020-06-03 12:00:00,901.72
2020-06-03 13:00:00,768.95
2020-06-03 14:00:00,610.92
2020-06-03 15:00:00,422.17
2020-06-03 16:00:00,226.4
2020-06-03 17:00:00,47.65
2020-06-03 18:00:00,0.0
2020-06-03 19:00:00,0.0
2020-06-03 20:00:00,0.0
2020-06-03 21:00:00,0.0
2020-06-03 22:00:00,0.0
2020-06-03 23:00:00,0.0
2020-06-04 00:00:00,0.0
2020-06-04 01:00:00,0.0
2020-06-04 02:00:00,0.0
2020-06-04 03:00:00,0.0
2020-06-04 04:00:00,0.0
2020-06-04 05:00:00,22.52
2020-06-04 06:00:00,171.38
2020-06-04 07:00:00,360.95
2020-06-04 08:00:00,569.62
2020-06-04 09:00:00,730.5
2020-06-04 10:00:00,729.7
2020-06-04 11:00:00,847.45
2020-06-04 12:00:00,899.62
2020-06-04 13:00:00,771.47
2020-06-04 14:00:00,561.9
2020-06-04 15:00:00,397.45
2020-06-04 16:00:00,202.0
2020-06-04 17:00:00,42.05
2020-06-04 18:00:00,0.0
2020-06-04 19:00:00,0.0
2020-06-04 20:00:00,0.0
2020-06-04 21:00:00,0.0
2020-06-04 22:00:00,0.0
2020-06-04 23:00:00,0.0
2020-06-05 00:00:00,0.0
2020-06-05 01:00:00,0.0
2020-06-05 02:00:00,0.0
2020-06-05 03:00:00,0.0
2020-06-05 04:00:00,0.0
2020-06-05 05:00:00,19.33
2020-06-05 06:00:00,127.5
2020-06-05 07:00:00,303.85
2020-06-05 08:00:00,499.92
2020-06-05 09:00:00,657.65
2020-06-05 10:00:00,764.67
2020-06-05 11:00:00,783.2
2020-06-05 12:00:00,833.45
2020-06-05 13:00:00,719.67
2020-06-05 14:00:00,582.97
2020-06-05 15:00:00,389.98
2020-06-05 16:00:00,205.27
2020-06-05 17:00:00,43.58
2020-06-05 18:00:00,0.0
2020-06-05 19:00:00,0.0
2020-06-05 20:00:00,0.0
2020-06-05 21:00:00,0.0
2020-06-05 22:00:00,0.0
2020-06-05 23:00:00,0.0
2020-06-06 00:00:00,0.0
2020-06-06 01:00:00,0.0
2020-06-06 02:00:00,0.0
2020-06-06 03:00:00,0.0
2020-06-06 04:00:00,0.0
2020-06-06 05:00:00,21.15
2020-06-06 06:00:00,154.2
2020-06-06 07:00:00,371.55
2020-06-06 08:00:00,553.83
2020-06-06 09:00:00,757.7
2020-06-06 10:00:00,833.58
2020-06-06 11:00:00,905.95
2020-06-06 12:00:00,771.38
2020-06-06 13:00:00,692.1
2020-06-06 14:00:00,549.08
2020-06-06 15:00:00,409.27
2020-06-06 16:00:00,207.1
2020-06-06 17:00:00,43.88
2020-06-06 18:00:00,0.0
2020-06-06 19:00:00,0.0
2020-06-06 20:00:00,0.0
2020-06-06 21:00:00,0.0
2020-06-06 22:00:00,0.0
2020-06-06 23:00:00,0.0
2020-06-07 00:00:00,0.0
2020-06-07 01:00:00,0.0
2020-06-07 02:00:00,0.0
2020-06-07 03:00:00,0.0
2020-06-07 04:00:00,0.0
2020-06-07 05:00:00,19.73
2020-06-07 06:00:00,134.18
2020-06-07 07:00:00,296.4
2020-06-07 08:00:00,462.0
2020-06-07 09:00:00,584.45
2020-06-07 10:00:00,700.92
2020-06-07 11:00:00,786.33
2020-06-07 12:00:00,845.67
2020-06-07 13:00:00,674.17
2020-06-07 14:00:00,511.27
2020-06-07 15:00:00,320.67
2020-06-07 16:00:00,157.1
2020-06-07 17:00:00,37.47
2020-06-07 18:00:00,0.0
2020-06-07 19:00:00,0.0
2020-06-07 20:00:00,0.0
2020-06-07 21:00:00,0.0
2020-06-07 22:00:00,0.0
2020-06-07 23:00:00,0.0
2020-06-08 00:00:00,0.0
2020-06-08 01:00:00,0.0
2020-06-08 02:00:00,0.0
2020-06-08 03:00:00,0.0
2020-06-08 04:00:00,0.0
2020-06-08 05:00:00,20.15
2020-06-08 06:00:00,153.62
2020-06-08 07:00:00,264.23
2020-06-08 08:00:00,461.83
2020-06-08 09:00:00,637.97
2020-06-08 10:00:00,643.75
2020-06-08 11:00:00,713.45
2020-06-08 12:00:00,681.53
2020-06-08 13:00:00,595.85
2020-06-08 14:00:00,510.65
2020-06-08 15:00:00,353.95
2020-06-08 16:00:00,173.57
2020-06-08 17:00:00,37.72
2020-06-08 18:00:00,0.0
2020-06-08 19:00:00,0.0
2020-06-08 20:00:00,0.0
2020-06-08 21:00:00,0.0
2020-06-08 22:00:00,0.0
2020-06-08 23:00:00,0.0
2020-06-09 00:00:00,0.0
2020-06-09 01:00:00,0.0
2020-06-09 02:00:00,0.0
2020-06-09 03:00:00,0.0
2020-06-09 04:00:00,0.0
2020-06-09 05:00:00,18.17
2020-06-09 06:00:00,85.57
2020-06-09 07:00:00,141.93
2020-06-09 08:00:00,213.62
2020-06-09 09:00:00,315.65
2020-06-09 10:00:00,353.42
2020-06-09 11:00:00,401.85
2020-06-09 12:00:00,443.42
2020-06-09 13:00:00,424.27
2020-06-09 14:00:00,382.73
2020-06-09 15:00:00,307.65
2020-06-09 16:00:00,151.6
2020-06-09 17:00:00,33.95
2020-06-09 18:00:00,0.0
2020-06-09 19:00:00,0.0
2020-06-09 20:00:00,0.0
2020-06-09 21:00:00,0.0
2020-06-09 22:00:00,0.0
2020-06-09 23:00:00,0.0
2020-06-10 00:00:00,0.0
2020-06-10 01:00:00,0.0
2020-06-10 02:00:00,0.0
2020-06-10 03:00:00,0.0
2020-06-10 04:00:00,0.0
2020-06-10 05:00:00,4.95
2020-06-10 06:00:00,37.83
2020-06-10 07:00:00,101.55
2020-06-10 08:00:00,192.65
2020-06-10 09:00:00,240.38
2020-06-10 10:00:00,234.25
2020-06-10 11:00:00,160.75
2020-06-10 12:00:00,158.15
2020-06-10 13:00:00,144.05
2020-06-10 14:00:00,134.05
2020-06-10 15:00:00,104.22
2020-06-10 16:00:00,55.2
2020-06-10 17:00:00,15.07
2020-06-10 18:00:00,0.0
2020-06-10 19:00:00,0.0
2020-06-10 20:00:00,0.0
2020-06-10 21:00:00,0.0
2020-06-10 22:00:00,0.0
2020-06-10 23:00:00,0.0
2020-06-11 00:00:00,0.0
2020-06-11 01:00:00,0.0
2020-06-11 02:00:00,0.0
2020-06-11 03:00:00,0.0
2020-06-11 04:00:00,0.0
2020-06-11 05:00:00,2.03
2020-06-11 06:00:00,24.3
2020-06-11 07:00:00,58.25
2020-06-11 08:00:00,135.9
2020-06-11 09:00:00,202.02
2020-06-11 10:00:00,261.42
2020-06-11 11:00:00,199.3
2020-06-11 12:00:00,265.35
2020-06-11 13:00:00,295.42
2020-06-11 14:00:00,239.8
2020-06-11 15:00:00,132.57
2020-06-11 16:00:00,93.32
2020-06-11 17:00:00,24.92
2020-06-11 18:00:00,0.0
2020-06-11 19:00:00,0.0
2020-06-11 20:00:00,0.0
2020-06-11 21:00:00,0.0
2020-06-11 22:00:00,0.0
2020-06-11 23:00:00,0.0
2020-06-12 00:00:00,0.0
2020-06-12 01:00:00,0.0
2020-06-12 02:00:00,0.0
2020-06-12 03:00:00,0.0
2020-06-12 04:00:00,0.0
2020-06-12 05:00:00,10.77
2020-06-12 06:00:00,123.65
2020-06-12 07:00:00,231.23
2020-06-12 08:00:00,364.58
2020-06-12 09:00:00,524.75
2020-06-12 10:00:00,491.1
2020-06-12 11:00:00,535.75
2020-06-12 12:00:00,647.65
2020-06-12 13:00:00,567.33
2020-06-12 14:00:00,441.77
2020-06-12 15:00:00,268.88
2020-06-12 16:00:00,137.4
2020-06-12 17:00:00,32.22
2020-06-12 18:00:00,0.0
2020-06-12 19:00:00,0.0
2020-06-12 20:00:00,0.0
2020-06-12 21:00:00,0.0
2020-06-12 22:00:00,0.0
2020-06-12 23:00:00,0.0
2020-06-13 00:00:00,0.0
2020-06-13 01:00:00,0.0
2020-06-13 02:00:00,0.0
2020-06-13 03:00:00,0.0
2020-06-13 04:00:00,0.0
2020-06-13 05:00:00,20.73
2020-06-13 06:00:00,159.27
2020-06-13 07:00:00,341.92
2020-06-13 08:00:00,529.85
2020-06-13 09:00:00,690.58
2020-06-13 10:00:00,797.1
2020-06-13 11:00:00,790.6
2020-06-13 12:00:00,714.62
2020-06-13 13:00:00,683.85
2020-06-13 14:00:00,444.98
2020-06-13 15:00:00,324.5
2020-06-13 16:00:00,170.1
2020-06-13 17:00:00,34.92
2020-06-13 18:00:00,0.0
2020-06-13 19:00:00,0.0
2020-06-13 20:00:00,0.0
2020-06-13 21:00:00,0.0
2020-06-13 22:00:00,0.0
2020-06-13 23:00:00,0.0
2020-06-14 00:00:00,0.0
2020-06-14 01:00:00,0.0
2020-06-14 02:00:00,0.0
2020-06-14 03:00:00,0.0
2020-06-14 04:00:00,0.0
2020-06-14 05:00:00,23.17
2020-06-14 06:00:00,165.05
2020-06-14 07:00:00,363.73
2020-06-14 08:00:00,541.42
2020-06-14 09:00:00,766.7
2020-06-14 10:00:00,888.2
2020-06-14 11:00:00,934.35
2020-06-14 12:00:00,803.67
2020-06-14 13:00:00,629.75
2020-06-14 14:00:00,469.33
2020-06-14 15:00:00,318.5
2020-06-14 16:00:00,150.2
2020-06-14 17:00:00,32.42
2020-06-14 18:00:00,0.0
2020-06-14 19:00:00,0.0
2020-06-14 20:00:00,0.0
2020-06-14 21:00:00,0.0
2020-06-14 22:00:00,0.0
2020-06-14 23:00:00,0.0
2020-06-15 00:00:00,0.0
2020-06-15 01:00:00,0.0
2020-06-15 02:00:00,0.0
2020-06-15 03:00:00,0.0
2020-06-15 04:00:00,0.0
2020-06-15 05:00:00,18.5
2020-06-15 06:00:00,116.78
2020-06-15 07:00:00,271.05
2020-06-15 08:00:00,421.27
2020-06-15 09:00:00,543.38
2020-06-15 10:00:00,647.45
2020-06-15 11:00:00,629.67
2020-06-15 12:00:00,630.1
2020-06-15 13:00:00,568.72
2020-06-15 14:00:00,470.33
2020-06-15 15:00:00,281.75
2020-06-15 16:00:00,142.1
2020-06-15 17:00:00,32.65
2020-06-15 18:00:00,0.0
2020-06-15 19:00:00,0.0
2020-06-15 20:00:00,0.0
2020-06-15 21:00:00,0.0
2020-06-15 22:00:00,0.0
2020-06-15 23:00:00,0.0
2020-06-16 00:00:00,0.0
2020-06-16 01:00:00,0.0
2020-06-16 02:00:00,0.0
2020-06-16 03:00:00,0.0
2020-06-16 04:00:00,0.0
2020-06-16 05:00:00,20.6
2020-06-16 06:00:00,152.52
2020-06-16 07:00:00,330.48
2020-06-16 08:00:00,509.4
2020-06-16 09:00:00,658.47
2020-06-16 10:00:00,794.58
2020-06-16 11:00:00,736.75
2020-06-16 12:00:00,681.15
2020-06-16 13:00:00,527.38
2020-06-16 14:00:00,437.52
2020-06-16 15:00:00,269.25
2020-06-16 16:00:00,125.22
2020-06-16 17:00:00,23.85
2020-06-16 18:00:00,0.0
2020-06-16 19:00:00,0.0
2020-06-16 20:00:00,0.0
2020-06-16 21:00:00,0.0
2020-06-16 22:00:00,0.0
2020-06-16 23:00:00,0.0
2020-06-17 00:00:00,0.0
2020-06-17 01:00:00,0.0
2020-06-17 02:00:00,0.0
2020-06-17 03:00:00,0.0
2020-06-17 04:00:00,0.0
2020-06-17 05:00:00,21.75
2020-06-17 06:00:00,157.8
2020-06-17 07:00:00,333.52
2020-06-17 08:00:00,512.5
2020-06-17 09:00:00,704.03
2020-06-17 10:00:00,786.5
2020-06-17 11:00:00,766.92
2020-06-17 12:00:00,616.22
2020-06-17 13:00:00,519.8
2020-06-17 14:00:00,456.83
2020-06-17 15:00:00,314.23
2020-06-17 16:00:00,159.48
2020-06-17 17:00:00,35.6
2020-06-17 18:00:00,0.0
2020-06-17 19:00:00,0.0
2020-06-17 20:00:00,0.0
2020-06-17 21:00:00,0.0
2020-06-17 22:00:00,0.0
2020-06-17 23:00:00,0.0
2020-06-18 00:00:00,0.0
2020-06-18 01:00:00,0.0
2020-06-18 02:00:00,0.0
2020-06-18 03:00:00,0.0
2020-06-18 04:00:00,0.0
2020-06-18 05:00:00,18.17
2020-06-18 06:00:00,132.3
2020-06-18 07:00:00,291.73
2020-06-18 08:00:00,442.48
2020-06-18 09:00:00,558.47
2020-06-18 10:00:00,686.85
2020-06-18 11:00:00,702.75
2020-06-18 12:00:00,677.28
2020-06-18 13:00:00,557.47
2020-06-18 14:00:00,418.12
2020-06-18 15:00:00,250.95
2020-06-18 16:00:00,127.68
2020-06-18 17:00:00,32.78
2020-06-18 18:00:00,0.0
2020-06-18 19:00:00,0.0
2020-06-18 20:00:00,0.0
2020-06-18 21:00:00,0.0
2020-06-18 22:00:00,0.0
2020-06-18 23:00:00,0.0
2020-06-19 00:00:00,0.0
2020-06-19 01:00:00,0.0
2020-06-19 02:00:00,0.0
2020-06-19 03:00:00,0.0
2020-06-19 04:00:00,0.0
2020-06-19 05:00:00,19.52
2020-06-19 06:00:00,167.18
2020-06-19 07:00:00,353.52
2020-06-19 08:00:00,523.67
2020-06-19 09:00:00,766.75
2020-06-19 10:00:00,879.65
2020-06-19 11:00:00,928.22
2020-06-19 12:00:00,885.08
2020-06-19 13:00:00,731.75
2020-06-19 14:00:00,542.72
2020-06-19 15:00:00,391.9
2020-06-19 16:00:00,207.77
2020-06-19 17:00:00,49.7
2020-06-19 18:00:00,0.0
2020-06-19 19:00:00,0.0
2020-06-19 20:00:00,0.0
2020-06-19 21:00:00,0.0
2020-06-19 22:00:00,0.0
2020-06-19 23:00:00,0.0
2020-06-20 00:00:00,0.0
2020-06-20 01:00:00,0.0
2020-06-20 02:00:00,0.0
2020-06-20 03:00:00,0.0
2020-06-20 04:00:00,0.0
2020-06-20 05:00:00,9.05
2020-06-20 06:00:00,112.0
2020-06-20 07:00:00,222.02
2020-06-20 08:00:00,331.38
2020-06-20 09:00:00,463.17
2020-06-20 10:00:00,534.58
2020-06-20 11:00:00,586.45
2020-06-20 12:00:00,528.72
2020-06-20 13:00:00,447.38
2020-06-20 14:00:00,305.55
2020-06-20 15:00:00,265.1
2020-06-20 16:00:00,121.18
2020-06-20 17:00:00,26.67
2020-06-20 18:00:00,0.0
2020-06-20 19:00:00,0.0
2020-06-20 20:00:00,0.0
2020-06-20 21:00:00,0.0
2020-06-20 22:00:00,0.0
2020-06-20 23:00:00,0.0
2020-06-21 00:00:00,0.0
2020-06-21 01:00:00,0.0
2020-06-21 02:00:00,0.0
2020-06-21 03:00:00,0.0
2020-06-21 04:00:00,0.0
2020-06-21 05:00:00,8.88
2020-06-21 06:00:00,115.4
2020-06-21 07:00:00,253.35
2020-06-21 08:00:00,380.55
2020-06-21 09:00:00,493.9
2020-06-21 10:00:00,590.03
2020-06-21 11:00:00,696.83
2020-06-21 12:00:00,627.6
2020-06-21 13:00:00,461.55
2020-06-21 14:00:00,351.92
2020-06-21 15:00:00,241.18
2020-06-21 16:00:00,111.53
2020-06-21 17:00:00,29.6
2020-06-21 18:00:00,0.0
2020-06-21 19:00:00,0.0
2020-06-21 20:00:00,0.0
2020-06-21 21:00:00,0.0
2020-06-21 22:00:00,0.0
2020-06-21 23:00:00,0.0
2020-06-22 00:00:00,0.0
2020-06-22 01:00:00,0.0
2020-06-22 02:00:00,0.0
2020-06-22 03:00:00,0.0
2020-06-22 04:00:00,0.0
2020-06-22 05:00:00,15.35
2020-06-22 06:00:00,132.9
2020-06-22 07:00:00,302.73
2020-06-22 08:00:00,476.38
2020-06-22 09:00:00,637.12
2020-06-22 10:00:00,778.08
2020-06-22 11:00:00,812.6
2020-06-22 12:00:00,764.9
2020-06-22 13:00:00,751.2
2020-06-22 14:00:00,606.05
2020-06-22 15:00:00,427.25
2020-06-22 16:00:00,224.8
2020-06-22 17:00:00,54.55
2020-06-22 18:00:00,0.0
2020-06-22 19:00:00,0.0
2020-06-22 20:00:00,0.0
2020-06-22 21:00:00,0.0
2020-06-22 22:00:00,0.0
2020-06-22 23:00:00,0.0
2020-06-23 00:00:00,0.0
2020-06-23 01:00:00,0.0
2020-06-23 02:00:00,0.0
2020-06-23 03:00:00,0.0
2020-06-23 04:00:00,0.0
2020-06-23 05:00:00,16.75
2020-06-23 06:00:00,145.15
2020-06-23 07:00:00,324.02
2020-06-23 08:00:00,487.35
2020-06-23 09:00:00,685.38
2020-06-23 10:00:00,816.47
2020-06-23 11:00:00,876.12
2020-06-23 12:00:00,866.1
2020-06-23 13:00:00,787.83
2020-06-23 14:00:00,640.05
2020-06-23 15:00:00,449.1
2020-06-23 16:00:00,239.52
2020-06-23 17:00:00,57.25
2020-06-23 18:00:00,0.0
2020-06-23 19:00:00,0.0
2020-06-23 20:00:00,0.0
2020-06-23 21:00:00,0.0
2020-06-23 22:00:00,0.0
2020-06-23 23:00:00,0.0
2020-06-24 00:00:00,0.0
2020-06-24 01:00:00,0.0
2020-06-24 02:00:00,0.0
2020-06-24 03:00:00,0.0
2020-06-24 04:00:00,0.0
2020-06-24 05:00:00,18.6
2020-06-24 06:00:00,153.25
2020-06-24 07:00:00,350.1
2020-06-24 08:00:00,526.28
2020-06-24 09:00:00,751.9
2020-06-24 10:00:00,876.72
2020-06-24 11:00:00,866.28
2020-06-24 12:00:00,874.2
2020-06-24 13:00:00,770.35
2020-06-24 14:00:00,547.33
2020-06-24 15:00:00,448.15
2020-06-24 16:00:00,244.57
2020-06-24 17:00:00,62.08
2020-06-24 18:00:00,0.0
2020-06-24 19:00:00,0.0
2020-06-24 20:00:00,0.0
2020-06-24 21:00:00,0.0
2020-06-24 22:00:00,0.0
2020-06-24 23:00:00,0.0
2020-06-25 00:00:00,0.0
2020-06-25 01:00:00,0.0
2020-06-25 02:00:00,0.0
2020-06-25 03:00:00,0.0
2020-06-25 04:00:00,0.0
2020-06-25 05:00:00,12.5
2020-06-25 06:00:00,90.97
2020-06-25 07:00:00,230.68
2020-06-25 08:00:00,355.45
2020-06-25 09:00:00,484.92
2020-06-25 10:00:00,548.08
2020-06-25 11:00:00,675.83
2020-06-25 12:00:00,612.35
2020-06-25 13:00:00,452.48
2020-06-25 14:00:00,448.83
2020-06-25 15:00:00,379.45
2020-06-25 16:00:00,203.4
2020-06-25 17:00:00,53.7
2020-06-25 18:00:00,0.0
2020-06-25 19:00:00,0.0
2020-06-25 20:00:00,0.0
2020-06-25 21:00:00,0.0
2020-06-25 22:00:00,0.0
2020-06-25 23:00:00,0.0
2020-06-26 00:00:00,0.0
2020-06-26 01:00:00,0.0
2020-06-26 02:00:00,0.0
2020-06-26 03:00:00,0.0
2020-06-26 04:00:00,0.0
2020-06-26 05:00:00,19.08
2020-06-26 06:00:00,151.85
2020-06-26 07:00:00,332.58
2020-06-26 08:00:00,511.12
2020-06-26 09:00:00,712.62
2020-06-26 10:00:00,724.2
2020-06-26 11:00:00,815.1
2020-06-26 12:00:00,728.72
2020-06-26 13:00:00,770.55
2020-06-26 14:00:00,636.62
2020-06-26 15:00:00,414.2
2020-06-26 16:00:00,227.57
2020-06-26 17:00:00,58.12
2020-06-26 18:00:00,0.0
2020-06-26 19:00:00,0.0
2020-06-26 20:00:00,0.0
2020-06-26 21:00:00,0.0
2020-06-26 22:00:00,0.0
2020-06-26 23:00:00,0.0
2020-06-27 00:00:00,0.0
2020-06-27 01:00:00,0.0
2020-06-27 02:00:00,0.0
2020-06-27 03:00:00,0.0
2020-06-27 04:00:00,0.0
2020-06-27 05:00:00,17.7
2020-06-27 06:00:00,164.23
2020-06-27 07:00:00,346.2
2020-06-27 08:00:00,514.62
2020-06-27 09:00:00,710.17
2020-06-27 10:00:00,848.45
2020-06-27 11:00:00,856.1
2020-06-27 12:00:00,835.47
2020-06-27 13:00:00,745.53
2020-06-27 14:00:00,579.33
2020-06-27 15:00:00,341.8
2020-06-27 16:00:00,196.9
2020-06-27 17:00:00,58.85
2020-06-27 18:00:00,0.0
2020-06-27 19:00:00,0.0
2020-06-27 20:00:00,0.0
2020-06-27 21:00:00,0.0
2020-06-27 22:00:00,0.0
2020-06-27 23:00:00,0.0
2020-06-28 00:00:00,0.0
2020-06-28 01:00:00,0.0
2020-06-28 02:00:00,0.0
2020-06-28 03:00:00,0.0
2020-06-28 04:00:00,0.0
2020-06-28 05:00:00,18.67
2020-06-28 06:00:00,133.8
2020-06-28 07:00:00,292.7
2020-06-28 08:00:00,439.65
2020-06-28 09:00:00,626.08
2020-06-28 10:00:00,785.8
2020-06-28 11:00:00,853.1
2020-06-28 12:00:00,776.2
2020-06-28 13:00:00,718.6
2020-06-28 14:00:00,562.95
2020-06-28 15:00:00,417.2
2020-06-28 16:00:00,226.18
2020-06-28 17:00:00,56.42
2020-06-28 18:00:00,0.0
2020-06-28 19:00:00,0.0
2020-06-28 20:00:00,0.0
2020-06-28 21:00:00,0.0
2020-06-28 22:00:00,0.0
2020-06-28 23:00:00,0.0
2020-06-29 00:00:00,0.0
2020-06-29 01:00:00,0.0
2020-06-29 02:00:00,0.0
2020-06-29 03:00:00,0.0
2020-06-29 04:00:00,0.0
2020-06-29 05:00:00,14.12
2020-06-29 06:00:00,122.07
2020-06-29 07:00:00,296.33
2020-06-29 08:00:00,455.0
2020-06-29 09:00:00,602.28
2020-06-29 10:00:00,719.53
2020-06-29 11:00:00,794.22
2020-06-29 12:00:00,834.17
2020-06-29 13:00:00,763.4
2020-06-29 14:00:00,629.15
2020-06-29 15:00:00,428.67
2020-06-29 16:00:00,229.1
2020-06-29 17:00:00,56.05
2020-06-29 18:00:00,0.0
2020-06-29 19:00:00,0.0
2020-06-29 20:00:00,0.0
2020-06-29 21:00:00,0.0
2020-06-29 22:00:00,0.0
2020-06-29 23:00:00,0.0
2020-06-30 00:00:00,0.0
2020-06-30 01:00:00,0.0
2020-06-30 02:00:00,0.0
2020-06-30 03:00:00,0.0
2020-06-30 04:00:00,0.0
2020-06-30 05:00:00,13.7
2020-06-30 06:00:00,149.82
2020-06-30 07:00:00,332.17
2020-06-30 08:00:00,509.8
2020-06-30 09:00:00,737.05
2020-06-30 10:00:00,850.85
2020-06-30 11:00:00,931.75
2020-06-30 12:00:00,861.38
2020-06-30 13:00:00,778.2
2020-06-30 14:00:00,610.8
2020-06-30 15:00:00,443.85
2020-06-30 16:00:00,242.6
2020-06-30 17:00:00,61.15
2020-06-30 18:00:00,0.0
2020-06-30 19:00:00,0.0
2020-06-30 20:00:00,0.0
2020-06-30 21:00:00,0.0
2020-06-30 22:00:00,0.0
2020-06-30 23:00:00,0.0
2020-07-01 00:00:00,0.0
2020-07-01 01:00:00,0.0
2020-07-01 02:00:00,0.0
2020-07-01 03:00:00,0.0
2020-07-01 04:00:00,0.0
2020-07-01 05:00:00,5.65
2020-07-01 06:00:00,64.32
2020-07-01 07:00:00,137.23
2020-07-01 08:00:00,218.68
2020-07-01 09:00:00,321.23
2020-07-01 10:00:00,367.92
2020-07-01 11:00:00,269.2
2020-07-01 12:00:00,284.05
2020-07-01 13:00:00,297.33
2020-07-01 14:00:00,276.7
2020-07-01 15:00:00,172.95
2020-07-01 16:00:00,102.7
2020-07-01 17:00:00,30.0
2020-07-01 18:00:00,0.0
2020-07-01 19:00:00,0.0
2020-07-01 20:00:00,0.0
2020-07-01 21:00:00,0.0
2020-07-01 22:00:00,0.0
2020-07-01 23:00:00,0.0
2020-07-02 00:00:00,0.0
2020-07-02 01:00:00,0.0
2020-07-02 02:00:00,0.0
2020-07-02 03:00:00,0.0
2020-07-02 04:00:00,0.0
2020-07-02 05:00:00,3.45
2020-07-02 06:00:00,43.6
2020-07-02 07:00:00,99.45
2020-07-02 08:00:00,149.32
2020-07-02 09:00:00,266.8
2020-07-02 10:00:00,326.92
2020-07-02 11:00:00,391.85
2020-07-02 12:00:00,384.12
2020-07-02 13:00:00,410.83
2020-07-02 14:00:00,310.3
2020-07-02 15:00:00,268.38
2020-07-02 16:00:00,133.9
2020-07-02 17:00:00,21.25
2020-07-02 18:00:00,0.0
2020-07-02 19:00:00,0.0
2020-07-02 20:00:00,0.0
2020-07-02 21:00:00,0.0
2020-07-02 22:00:00,0.0
2020-07-02 23:00:00,0.0
2020-07-03 00:00:00,0.0
2020-07-03 01:00:00,0.0
2020-07-03 02:00:00,0.0
2020-07-03 03:00:00,0.0
2020-07-03 04:00:00,0.0
2020-07-03 05:00:00,14.52
2020-07-03 06:00:00,148.32
2020-07-03 07:00:00,313.35
2020-07-03 08:00:00,497.3
2020-07-03 09:00:00,689.78
2020-07-03 10:00:00,757.2
2020-07-03 11:00:00,696.12
2020-07-03 12:00:00,572.67
2020-07-03 13:00:00,470.58
2020-07-03 14:00:00,346.52
2020-07-03 15:00:00,248.93
2020-07-03 16:00:00,120.72
2020-07-03 17:00:00,29.38
2020-07-03 18:00:00,0.0
2020-07-03 19:00:00,0.0
2020-07-03 20:00:00,0.0
2020-07-03 21:00:00,0.0
2020-07-03 22:00:00,0.0
2020-07-03 23:00:00,0.0
2020-07-04 00:00:00,0.0
2020-07-04 01:00:00,0.0
2020-07-04 02:00:00,0.0
2020-07-04 03:00:00,0.0
2020-07-04 04:00:00,0.0
2020-07-04 05:00:00,6.53
2020-07-04 06:00:00,54.65
2020-07-04 07:00:00,137.48
2020-07-04 08:00:00,263.55
2020-07-04 09:00:00,350.17
2020-07-04 10:00:00,447.33
2020-07-04 11:00:00,484.7
2020-07-04 12:00:00,466.0
2020-07-04 13:00:00,434.0
2020-07-04 14:00:00,368.0
2020-07-04 15:00:00,226.65
2020-07-04 16:00:00,118.5
2020-07-04 17:00:00,31.27
2020-07-04 18:00:00,0.0
2020-07-04 19:00:00,0.0
2020-07-04 20:00:00,0.0
2020-07-04 21:00:00,0.0
2020-07-04 22:00:00,0.0
2020-07-04 23:00:00,0.0
2020-07-05 00:00:00,0.0
2020-07-05 01:00:00,0.0
2020-07-05 02:00:00,0.0
2020-07-05 03:00:00,0.0
2020-07-05 04:00:00,0.0
2020-07-05 05:00:00,4.57
2020-07-05 06:00:00,44.75
2020-07-05 07:00:00,97.3
2020-07-05 08:00:00,160.35
2020-07-05 09:00:00,235.9
2020-07-05 10:00:00,273.02
2020-07-05 11:00:00,316.38
2020-07-05 12:00:00,370.35
2020-07-05 13:00:00,396.08
2020-07-05 14:00:00,393.95
2020-07-05 15:00:00,225.62
2020-07-05 16:00:00,121.05
2020-07-05 17:00:00,31.88
2020-07-05 18:00:00,0.0
2020-07-05 19:00:00,0.0
2020-07-05 20:00:00,0.0
2020-07-05 21:00:00,0.0
2020-07-05 22:00:00,0.0
2020-07-05 23:00:00,0.0
2020-07-06 00:00:00,0.0
2020-07-06 01:00:00,0.0
2020-07-06 02:00:00,0.0
2020-07-06 03:00:00,0.0
2020-07-06 04:00:00,0.0
2020-07-06 05:00:00,6.53
2020-07-06 06:00:00,71.2
2020-07-06 07:00:00,150.12
2020-07-06 08:00:00,273.67
2020-07-06 09:00:00,358.45
2020-07-06 10:00:00,431.7
2020-07-06 11:00:00,410.38
2020-07-06 12:00:00,395.45
2020-07-06 13:00:00,389.85
2020-07-06 14:00:00,312.02
2020-07-06 15:00:00,215.85
2020-07-06 16:00:00,103.57
2020-07-06 17:00:00,23.58
2020-07-06 18:00:00,0.0
2020-07-06 19:00:00,0.0
2020-07-06 20:00:00,0.0
2020-07-06 21:00:00,0.0
2020-07-06 22:00:00,0.0
2020-07-06 23:00:00,0.0
2020-07-07 00:00:00,0.0
2020-07-07 01:00:00,0.0
2020-07-07 02:00:00,0.0
2020-07-07 03:00:00,0.0
2020-07-07 04:00:00,0.0
2020-07-07 05:00:00,14.3
2020-07-07 06:00:00,134.5
2020-07-07 07:00:00,309.17
2020-07-07 08:00:00,519.88
2020-07-07 09:00:00,731.05
2020-07-07 10:00:00,873.33
2020-07-07 11:00:00,926.55
2020-07-07 12:00:00,863.47
2020-07-07 13:00:00,816.85
2020-07-07 14:00:00,631.88
2020-07-07 15:00:00,448.25
2020-07-07 16:00:00,249.32
2020-07-07 17:00:00,67.18
2020-07-07 18:00:00,0.0
2020-07-07 19:00:00,0.0
2020-07-07 20:00:00,0.0
2020-07-07 21:00:00,0.0
2020-07-07 22:00:00,0.0
2020-07-07 23:00:00,0.0
2020-07-08 00:00:00,0.0
2020-07-08 01:00:00,0.0
2020-07-08 02:00:00,0.0
2020-07-08 03:00:00,0.0
2020-07-08 04:00:00,0.0
2020-07-08 05:00:00,15.05
2020-07-08 06:00:00,156.6
2020-07-08 07:00:00,341.08
2020-07-08 08:00:00,515.4
2020-07-08 09:00:00,700.03
2020-07-08 10:00:00,872.42
2020-07-08 11:00:00,897.1
2020-07-08 12:00:00,927.67
2020-07-08 13:00:00,796.15
2020-07-08 14:00:00,527.28
2020-07-08 15:00:00,476.45
2020-07-08 16:00:00,258.73
2020-07-08 17:00:00,67.85
2020-07-08 18:00:00,0.0
2020-07-08 19:00:00,0.0
2020-07-08 20:00:00,0.0
2020-07-08 21:00:00,0.0
2020-07-08 22:00:00,0.0
2020-07-08 23:00:00,0.0
2020-07-09 00:00:00,0.0
2020-07-09 01:00:00,0.0
2020-07-09 02:00:00,0.0
2020-07-09 03:00:00,0.0
2020-07-09 04:00:00,0.0
2020-07-09 05:00:00,13.73
2020-07-09 06:00:00,149.15
2020-07-09 07:00:00,316.67
2020-07-09 08:00:00,484.1
2020-07-09 09:00:00,665.65
2020-07-09 10:00:00,811.22
2020-07-09 11:00:00,893.1
2020-07-09 12:00:00,814.28
2020-07-09 13:00:00,773.5
2020-07-09 14:00:00,659.92
2020-07-09 15:00:00,437.1
2020-07-09 16:00:00,240.82
2020-07-09 17:00:00,63.83
2020-07-09 18:00:00,0.0
2020-07-09 19:00:00,0.0
2020-07-09 20:00:00,0.0
2020-07-09 21:00:00,0.0
2020-07-09 22:00:00,0.0
2020-07-09 23:00:00,0.0
2020-07-10 00:00:00,0.0
2020-07-10 01:00:00,0.0
2020-07-10 02:00:00,0.0
2020-07-10 03:00:00,0.0
2020-07-10 04:00:00,0.0
2020-07-10 05:00:00,7.35
2020-07-10 06:00:00,97.93
2020-07-10 07:00:00,217.6
2020-07-10 08:00:00,341.05
2020-07-10 09:00:00,451.4
2020-07-10 10:00:00,574.88
2020-07-10 11:00:00,651.45
2020-07-10 12:00:00,656.2
2020-07-10 13:00:00,600.85
2020-07-10 14:00:00,579.22
2020-07-10 15:00:00,403.2
2020-07-10 16:00:00,220.82
2020-07-10 17:00:00,59.7
2020-07-10 18:00:00,0.0
2020-07-10 19:00:00,0.0
2020-07-10 20:00:00,0.0
2020-07-10 21:00:00,0.0
2020-07-10 22:00:00,0.0
2020-07-10 23:00:00,0.0
2020-07-11 00:00:00,0.0
2020-07-11 01:00:00,0.0
2020-07-11 02:00:00,0.0
2020-07-11 03:00:00,0.0
2020-07-11 04:00:00,0.0
2020-07-11 05:00:00,11.75
2020-07-11 06:00:00,132.18
2020-07-11 07:00:00,275.8
2020-07-11 08:00:00,442.8
2020-07-11 09:00:00,589.45
2020-07-11 10:00:00,757.0
2020-07-11 11:00:00,835.0
2020-07-11 12:00:00,849.88
2020-07-11 13:00:00,793.78
2020-07-11 14:00:00,641.6
2020-07-11 15:00:00,455.3
2020-07-11 16:00:00,243.12
2020-07-11 17:00:00,60.5
2020-07-11 18:00:00,0.0
2020-07-11 19:00:00,0.0
2020-07-11 20:00:00,0.0
2020-07-11 21:00:00,0.0
2020-07-11 22:00:00,0.0
2020-07-11 23:00:00,0.0
2020-07-12 00:00:00,0.0
2020-07-12 01:00:00,0.0
2020-07-12 02:00:00,0.0
2020-07-12 03:00:00,0.0
2020-07-12 04:00:00,0.0
2020-07-12 05:00:00,11.45
2020-07-12 06:00:00,122.7
2020-07-12 07:00:00,275.1
2020-07-12 08:00:00,512.38
2020-07-12 09:00:00,736.65
2020-07-12 10:00:00,883.92
2020-07-12 11:00:00,899.58
2020-07-12 12:00:00,829.4
2020-07-12 13:00:00,752.83
2020-07-12 14:00:00,546.75
2020-07-12 15:00:00,336.1
2020-07-12 16:00:00,180.77
2020-07-12 17:00:00,52.2
2020-07-12 18:00:00,0.0
2020-07-12 19:00:00,0.0
2020-07-12 20:00:00,0.0
2020-07-12 21:00:00,0.0
2020-07-12 22:00:00,0.0
2020-07-12 23:00:00,0.0
2020-07-13 00:00:00,0.0
2020-07-13 01:00:00,0.0
2020-07-13 02:00:00,0.0
2020-07-13 03:00:00,0.0
2020-07-13 04:00:00,0.0
2020-07-13 05:00:00,11.48
2020-07-13 06:00:00,130.75
2020-07-13 07:00:00,297.85
2020-07-13 08:00:00,457.42
2020-07-13 09:00:00,550.08
2020-07-13 10:00:00,703.78
2020-07-13 11:00:00,857.47
2020-07-13 12:00:00,799.3
2020-07-13 13:00:00,681.12
2020-07-13 14:00:00,501.08
2020-07-13 15:00:00,337.6
2020-07-13 16:00:00,174.02
2020-07-13 17:00:00,46.9
2020-07-13 18:00:00,0.0
2020-07-13 19:00:00,0.0
2020-07-13 20:00:00,0.0
2020-07-13 21:00:00,0.0
2020-07-13 22:00:00,0.0
2020-07-13 23:00:00,0.0
2020-07-14 00:00:00,0.0
2020-07-14 01:00:00,0.0
2020-07-14 02:00:00,0.0
2020-07-14 03:00:00,0.0
2020-07-14 04:00:00,0.0
2020-07-14 05:00:00,4.72
2020-07-14 06:00:00,35.05
2020-07-14 07:00:00,72.0
2020-07-14 08:00:00,102.3
2020-07-14 09:00:00,95.3
2020-07-14 10:00:00,93.78
2020-07-14 11:00:00,100.12
2020-07-14 12:00:00,201.73
2020-07-14 13:00:00,257.9
2020-07-14 14:00:00,269.0
2020-07-14 15:00:00,172.38
2020-07-14 16:00:00,90.25
2020-07-14 17:00:00,20.62
2020-07-14 18:00:00,0.0
2020-07-14 19:00:00,0.0
2020-07-14 20:00:00,0.0
2020-07-14 21:00:00,0.0
2020-07-14 22:00:00,0.0
2020-07-14 23:00:00,0.0
2020-07-15 00:00:00,0.0
2020-07-15 01:00:00,0.0
2020-07-15 02:00:00,0.0
2020-07-15 03:00:00,0.0
2020-07-15 04:00:00,0.0
2020-07-15 05:00:00,2.42
2020-07-15 06:00:00,44.9
2020-07-15 07:00:00,106.82
2020-07-15 08:00:00,199.77
2020-07-15 09:00:00,270.23
2020-07-15 10:00:00,340.6
2020-07-15 11:00:00,409.5
2020-07-15 12:00:00,398.35
2020-07-15 13:00:00,397.17
2020-07-15 14:00:00,345.45
2020-07-15 15:00:00,249.4
2020-07-15 16:00:00,125.62
2020-07-15 17:00:00,33.2
2020-07-15 18:00:00,0.0
2020-07-15 19:00:00,0.0
2020-07-15 20:00:00,0.0
2020-07-15 21:00:00,0.0
2020-07-15 22:00:00,0.0
2020-07-15 23:00:00,0.0
2020-07-16 00:00:00,0.0
2020-07-16 01:00:00,0.0
2020-07-16 02:00:00,0.0
2020-07-16 03:00:00,0.0
2020-07-16 04:00:00,0.0
2020-07-16 05:00:00,3.95
2020-07-16 06:00:00,55.7
2020-07-16 07:00:00,122.15
2020-07-16 08:00:00,212.35
2020-07-16 09:00:00,299.33
2020-07-16 10:00:00,327.3
2020-07-16 11:00:00,354.35
2020-07-16 12:00:00,276.35
2020-07-16 13:00:00,397.48
2020-07-16 14:00:00,333.17
2020-07-16 15:00:00,257.27
2020-07-16 16:00:00,124.53
2020-07-16 17:00:00,21.25
2020-07-16 18:00:00,0.0
2020-07-16 19:00:00,0.0
2020-07-16 20:00:00,0.0
2020-07-16 21:00:00,0.0
2020-07-16 22:00:00,0.0
2020-07-16 23:00:00,0.0
2020-07-17 00:00:00,0.0
2020-07-17 01:00:00,0.0
2020-07-17 02:00:00,0.0
2020-07-17 03:00:00,0.0
2020-07-17 04:00:00,0.0
2020-07-17 05:00:00,8.4
2020-07-17 06:00:00,105.55
2020-07-17 07:00:00,231.85
2020-07-17 08:00:00,397.8
2020-07-17 09:00:00,542.58
2020-07-17 10:00:00,603.95
2020-07-17 11:00:00,698.35
2020-07-17 12:00:00,654.92
2020-07-17 13:00:00,545.65
2020-07-17 14:00:00,431.2
2020-07-17 15:00:00,285.77
2020-07-17 16:00:00,141.23
2020-07-17 17:00:00,40.67
2020-07-17 18:00:00,0.0
2020-07-17 19:00:00,0.0
2020-07-17 20:00:00,0.0
2020-07-17 21:00:00,0.0
2020-07-17 22:00:00,0.0
2020-07-17 23:00:00,0.0
2020-07-18 00:00:00,0.0
2020-07-18 01:00:00,0.0
2020-07-18 02:00:00,0.0
2020-07-18 03:00:00,0.0
2020-07-18 04:00:00,0.0
2020-07-18 05:00:00,6.03
2020-07-18 06:00:00,44.2
2020-07-18 07:00:00,94.45
2020-07-18 08:00:00,147.6
2020-07-18 09:00:00,215.38
2020-07-18 10:00:00,232.07
2020-07-18 11:00:00,368.98
2020-07-18 12:00:00,425.4
2020-07-18 13:00:00,482.7
2020-07-18 14:00:00,352.98
2020-07-18 15:00:00,223.02
2020-07-18 16:00:00,107.65
2020-07-18 17:00:00,30.48
2020-07-18 18:00:00,0.0
2020-07-18 19:00:00,0.0
2020-07-18 20:00:00,0.0
2020-07-18 21:00:00,0.0
2020-07-18 22:00:00,0.0
2020-07-18 23:00:00,0.0
2020-07-19 00:00:00,0.0
2020-07-19 01:00:00,0.0
2020-07-19 02:00:00,0.0
2020-07-19 03:00:00,0.0
2020-07-19 04:00:00,0.0
2020-07-19 05:00:00,6.07
2020-07-19 06:00:00,23.95
2020-07-19 07:00:00,83.55
2020-07-19 08:00:00,118.12
2020-07-19 09:00:00,148.85
2020-07-19 10:00:00,370.95
2020-07-19 11:00:00,390.5
2020-07-19 12:00:00,659.92
2020-07-19 13:00:00,728.5
2020-07-19 14:00:00,661.83
2020-07-19 15:00:00,475.62
2020-07-19 16:00:00,263.23
2020-07-19 17:00:00,68.72
2020-07-19 18:00:00,0.0
2020-07-19 19:00:00,0.0
2020-07-19 20:00:00,0.0
2020-07-19 21:00:00,0.0
2020-07-19 22:00:00,0.0
2020-07-19 23:00:00,0.0
2020-07-20 00:00:00,0.0
2020-07-20 01:00:00,0.0
2020-07-20 02:00:00,0.0
2020-07-20 03:00:00,0.0
2020-07-20 04:00:00,0.0
2020-07-20 05:00:00,12.88
2020-07-20 06:00:00,145.8
2020-07-20 07:00:00,333.5
2020-07-20 08:00:00,505.6
2020-07-20 09:00:00,711.67
2020-07-20 10:00:00,843.88
2020-07-20 11:00:00,817.25
2020-07-20 12:00:00,898.7
2020-07-20 13:00:00,812.4
2020-07-20 14:00:00,640.88
2020-07-20 15:00:00,466.98
2020-07-20 16:00:00,265.25
2020-07-20 17:00:00,72.25
2020-07-20 18:00:00,0.0
2020-07-20 19:00:00,0.0
2020-07-20 20:00:00,0.0
2020-07-20 21:00:00,0.0
2020-07-20 22:00:00,0.0
2020-07-20 23:00:00,0.0
2020-07-21 00:00:00,0.0
2020-07-21 01:00:00,0.0
2020-07-21 02:00:00,0.0
2020-07-21 03:00:00,0.0
2020-07-21 04:00:00,0.0
2020-07-21 05:00:00,13.4
2020-07-21 06:00:00,151.75
2020-07-21 07:00:00,313.15
2020-07-21 08:00:00,544.65
2020-07-21 09:00:00,767.1
2020-07-21 10:00:00,874.72
2020-07-21 11:00:00,909.35
2020-07-21 12:00:00,825.38
2020-07-21 13:00:00,771.95
2020-07-21 14:00:00,643.25
2020-07-21 15:00:00,413.65
2020-07-21 16:00:00,268.27
2020-07-21 17:00:00,68.0
2020-07-21 18:00:00,0.0
2020-07-21 19:00:00,0.0
2020-07-21 20:00:00,0.0
2020-07-21 21:00:00,0.0
2020-07-21 22:00:00,0.0
2020-07-21 23:00:00,0.0
2020-07-22 00:00:00,0.0
2020-07-22 01:00:00,0.0
2020-07-22 02:00:00,0.0
2020-07-22 03:00:00,0.0
2020-07-22 04:00:00,0.0
2020-07-22 05:00:00,13.82
2020-07-22 06:00:00,125.3
2020-07-22 07:00:00,258.33
2020-07-22 08:00:00,502.0
2020-07-22 09:00:00,659.42
2020-07-22 10:00:00,758.9
2020-07-22 11:00:00,785.97
2020-07-22 12:00:00,866.08
2020-07-22 13:00:00,733.03
2020-07-22 14:00:00,578.75
2020-07-22 15:00:00,419.08
2020-07-22 16:00:00,225.77
2020-07-22 17:00:00,58.67
2020-07-22 18:00:00,0.0
2020-07-22 19:00:00,0.0
2020-07-22 20:00:00,0.0
2020-07-22 21:00:00,0.0
2020-07-22 22:00:00,0.0
2020-07-22 23:00:00,0.0
2020-07-23 00:00:00,0.0
2020-07-23 01:00:00,0.0
2020-07-23 02:00:00,0.0
2020-07-23 03:00:00,0.0
2020-07-23 04:00:00,0.0
2020-07-23 05:00:00,9.3
2020-07-23 06:00:00,83.68
2020-07-23 07:00:00,198.95
2020-07-23 08:00:00,353.12
2020-07-23 09:00:00,492.65
2020-07-23 10:00:00,559.55
2020-07-23 11:00:00,732.55
2020-07-23 12:00:00,709.53
2020-07-23 13:00:00,647.6
2020-07-23 14:00:00,502.1
2020-07-23 15:00:00,358.08
2020-07-23 16:00:00,168.35
2020-07-23 17:00:00,40.9
2020-07-23 18:00:00,0.0
2020-07-23 19:00:00,0.0
2020-07-23 20:00:00,0.0
2020-07-23 21:00:00,0.0
2020-07-23 22:00:00,0.0
2020-07-23 23:00:00,0.0
2020-07-24 00:00:00,0.0
2020-07-24 01:00:00,0.0
2020-07-24 02:00:00,0.0
2020-07-24 03:00:00,0.0
2020-07-24 04:00:00,0.0
2020-07-24 05:00:00,5.0
2020-07-24 06:00:00,57.25
2020-07-24 07:00:00,130.32
2020-07-24 08:00:00,233.2
2020-07-24 09:00:00,325.0
2020-07-24 10:00:00,369.58
2020-07-24 11:00:00,557.38
2020-07-24 12:00:00,635.25
2020-07-24 13:00:00,603.2
2020-07-24 14:00:00,557.45
2020-07-24 15:00:00,393.98
2020-07-24 16:00:00,219.48
2020-07-24 17:00:00,57.65
2020-07-24 18:00:00,0.0
2020-07-24 19:00:00,0.0
2020-07-24 20:00:00,0.0
2020-07-24 21:00:00,0.0
2020-07-24 22:00:00,0.0
2020-07-24 23:00:00,0.0
2020-07-25 00:00:00,0.0
2020-07-25 01:00:00,0.0
2020-07-25 02:00:00,0.0
2020-07-25 03:00:00,0.0
2020-07-25 04:00:00,0.0
2020-07-25 05:00:00,11.65
2020-07-25 06:00:00,132.45
2020-07-25 07:00:00,316.92
2020-07-25 08:00:00,500.08
2020-07-25 09:00:00,691.4
2020-07-25 10:00:00,820.2
2020-07-25 11:00:00,888.17
2020-07-25 12:00:00,866.6
2020-07-25 13:00:00,766.33
2020-07-25 14:00:00,590.38
2020-07-25 15:00:00,424.7
2020-07-25 16:00:00,228.38
2020-07-25 17:00:00,57.05
2020-07-25 18:00:00,0.0
2020-07-25 19:00:00,0.0
2020-07-25 20:00:00,0.0
2020-07-25 21:00:00,0.0
2020-07-25 22:00:00,0.0
2020-07-25 23:00:00,0.0
2020-07-26 00:00:00,0.0
2020-07-26 01:00:00,0.0
2020-07-26 02:00:00,0.0
2020-07-26 03:00:00,0.0
2020-07-26 04:00:00,0.0
2020-07-26 05:00:00,10.9
2020-07-26 06:00:00,135.18
2020-07-26 07:00:00,301.12
2020-07-26 08:00:00,464.9
2020-07-26 09:00:00,687.78
2020-07-26 10:00:00,837.28
2020-07-26 11:00:00,876.03
2020-07-26 12:00:00,804.85
2020-07-26 13:00:00,756.8
2020-07-26 14:00:00,629.53
2020-07-26 15:00:00,436.95
2020-07-26 16:00:00,240.65
2020-07-26 17:00:00,59.25
2020-07-26 18:00:00,0.0
2020-07-26 19:00:00,0.0
2020-07-26 20:00:00,0.0
2020-07-26 21:00:00,0.0
2020-07-26 22:00:00,0.0
2020-07-26 23:00:00,0.0
2020-07-27 00:00:00,0.0
2020-07-27 01:00:00,0.0
2020-07-27 02:00:00,0.0
2020-07-27 03:00:00,0.0
2020-07-27 04:00:00,0.0
2020-07-27 05:00:00,11.75
2020-07-27 06:00:00,138.8
2020-07-27 07:00:00,331.45
2020-07-27 08:00:00,526.53
2020-07-27 09:00:00,694.97
2020-07-27 10:00:00,834.88
2020-07-27 11:00:00,818.92
2020-07-27 12:00:00,818.65
2020-07-27 13:00:00,752.2
2020-07-27 14:00:00,590.58
2020-07-27 15:00:00,394.73
2020-07-27 16:00:00,218.43
2020-07-27 17:00:00,53.62
2020-07-27 18:00:00,0.0
2020-07-27 19:00:00,0.0
2020-07-27 20:00:00,0.0
2020-07-27 21:00:00,0.0
2020-07-27 22:00:00,0.0
2020-07-27 23:00:00,0.0
2020-07-28 00:00:00,0.0
2020-07-28 01:00:00,0.0
2020-07-28 02:00:00,0.0
2020-07-28 03:00:00,0.0
2020-07-28 04:00:00,0.0
2020-07-28 05:00:00,10.68
2020-07-28 06:00:00,144.2
2020-07-28 07:00:00,324.85
2020-07-28 08:00:00,510.7
2020-07-28 09:00:00,719.65
2020-07-28 10:00:00,828.67
2020-07-28 11:00:00,858.45
2020-07-28 12:00:00,841.58
2020-07-28 13:00:00,714.25
2020-07-28 14:00:00,486.88
2020-07-28 15:00:00,346.0
2020-07-28 16:00:00,184.68
2020-07-28 17:00:00,45.88
2020-07-28 18:00:00,0.0
2020-07-28 19:00:00,0.0
2020-07-28 20:00:00,0.0
2020-07-28 21:00:00,0.0
2020-07-28 22:00:00,0.0
2020-07-28 23:00:00,0.0
2020-07-29 00:00:00,0.0
2020-07-29 01:00:00,0.0
2020-07-29 02:00:00,0.0
2020-07-29 03:00:00,0.0
2020-07-29 04:00:00,0.0
2020-07-29 05:00:00,6.03
2020-07-29 06:00:00,66.75
2020-07-29 07:00:00,142.0
2020-07-29 08:00:00,239.68
2020-07-29 09:00:00,186.3
2020-07-29 10:00:00,230.12
2020-07-29 11:00:00,293.58
2020-07-29 12:00:00,140.4
2020-07-29 13:00:00,149.82
2020-07-29 14:00:00,170.98
2020-07-29 15:00:00,236.73
2020-07-29 16:00:00,141.3
2020-07-29 17:00:00,39.12
2020-07-29 18:00:00,0.0
2020-07-29 19:00:00,0.0
2020-07-29 20:00:00,0.0
2020-07-29 21:00:00,0.0
2020-07-29 22:00:00,0.0
2020-07-29 23:00:00,0.0
2020-07-30 00:00:00,0.0
2020-07-30 01:00:00,0.0
2020-07-30 02:00:00,0.0
2020-07-30 03:00:00,0.0
2020-07-30 04:00:00,0.0
2020-07-30 05:00:00,9.52
2020-07-30 06:00:00,132.3
2020-07-30 07:00:00,310.25
2020-07-30 08:00:00,510.73
2020-07-30 09:00:00,702.58
2020-07-30 10:00:00,751.2
2020-07-30 11:00:00,849.05
2020-07-30 12:00:00,881.67
2020-07-30 13:00:00,758.92
2020-07-30 14:00:00,628.78
2020-07-30 15:00:00,434.83
2020-07-30 16:00:00,216.6
2020-07-30 17:00:00,45.1
2020-07-30 18:00:00,0.0
2020-07-30 19:00:00,0.0
2020-07-30 20:00:00,0.0
2020-07-30 21:00:00,0.0
2020-07-30 22:00:00,0.0
2020-07-30 23:00:00,0.0
2020-07-31 00:00:00,0.0
2020-07-31 01:00:00,0.0
2020-07-31 02:00:00,0.0
2020-07-31 03:00:00,0.0
2020-07-31 04:00:00,0.0
2020-07-31 05:00:00,11.15
2020-07-31 06:00:00,137.7
2020-07-31 07:00:00,314.85
2020-07-31 08:00:00,537.55
2020-07-31 09:00:00,750.47
2020-07-31 10:00:00,880.33
2020-07-31 11:00:00,880.67
2020-07-31 12:00:00,805.55
2020-07-31 13:00:00,822.38
2020-07-31 14:00:00,649.7
2020-07-31 15:00:00,461.17
2020-07-31 16:00:00,242.07
2020-07-31 17:00:00,57.67
2020-07-31 18:00:00,0.0
2020-07-31 19:00:00,0.0
2020-07-31 20:00:00,0.0
2020-07-31 21:00:00,0.0
2020-07-31 22:00:00,0.0
2020-07-31 23:00:00,0.0
2020-08-01 00:00:00,0.0
2020-08-01 01:00:00,0.0
2020-08-01 02:00:00,0.0
2020-08-01 03:00:00,0.0
2020-08-01 04:00:00,0.0
2020-08-01 05:00:00,4.38
2020-08-01 06:00:00,93.75
2020-08-01 07:00:00,217.77
2020-08-01 08:00:00,333.73
2020-08-01 09:00:00,418.4
2020-08-01 10:00:00,523.03
2020-08-01 11:00:00,575.4
2020-08-01 12:00:00,573.3
2020-08-01 13:00:00,502.62
2020-08-01 14:00:00,391.85
2020-08-01 15:00:00,313.12
2020-08-01 16:00:00,161.3
2020-08-01 17:00:00,36.05
2020-08-01 18:00:00,0.0
2020-08-01 19:00:00,0.0
2020-08-01 20:00:00,0.0
2020-08-01 21:00:00,0.0
2020-08-01 22:00:00,0.0
2020-08-01 23:00:00,0.0
2020-08-02 00:00:00,0.0
2020-08-02 01:00:00,0.0
2020-08-02 02:00:00,0.0
2020-08-02 03:00:00,0.0
2020-08-02 04:00:00,0.0
2020-08-02 05:00:00,9.9
2020-08-02 06:00:00,112.55
2020-08-02 07:00:00,262.27
2020-08-02 08:00:00,422.85
2020-08-02 09:00:00,534.53
2020-08-02 10:00:00,656.05
2020-08-02 11:00:00,701.47
2020-08-02 12:00:00,723.12
2020-08-02 13:00:00,551.28
2020-08-02 14:00:00,407.9
2020-08-02 15:00:00,347.17
2020-08-02 16:00:00,155.52
2020-08-02 17:00:00,31.1
2020-08-02 18:00:00,0.0
2020-08-02 19:00:00,0.0
2020-08-02 20:00:00,0.0
2020-08-02 21:00:00,0.0
2020-08-02 22:00:00,0.0
2020-08-02 23:00:00,0.0
2020-08-03 00:00:00,0.0
2020-08-03 01:00:00,0.0
2020-08-03 02:00:00,0.0
2020-08-03 03:00:00,0.0
2020-08-03 04:00:00,0.0
2020-08-03 05:00:00,4.6
2020-08-03 06:00:00,71.22
2020-08-03 07:00:00,172.35
2020-08-03 08:00:00,263.38
2020-08-03 09:00:00,385.55
2020-08-03 10:00:00,396.38
2020-08-03 11:00:00,349.25
2020-08-03 12:00:00,373.73
2020-08-03 13:00:00,314.38
2020-08-03 14:00:00,237.4
2020-08-03 15:00:00,142.82
2020-08-03 16:00:00,76.15
2020-08-03 17:00:00,19.5
2020-08-03 18:00:00,0.0
2020-08-03 19:00:00,0.0
2020-08-03 20:00:00,0.0
2020-08-03 21:00:00,0.0
2020-08-03 22:00:00,0.0
2020-08-03 23:00:00,0.0
2020-08-04 00:00:00,0.0
2020-08-04 01:00:00,0.0
2020-08-04 02:00:00,0.0
2020-08-04 03:00:00,0.0
2020-08-04 04:00:00,0.0
2020-08-04 05:00:00,6.95
2020-08-04 06:00:00,86.43
2020-08-04 07:00:00,192.45
2020-08-04 08:00:00,301.0
2020-08-04 09:00:00,374.52
2020-08-04 10:00:00,468.08
2020-08-04 11:00:00,443.35
2020-08-04 12:00:00,280.42
2020-08-04 13:00:00,205.98
2020-08-04 14:00:00,240.38
2020-08-04 15:00:00,202.98
2020-08-04 16:00:00,102.07
2020-08-04 17:00:00,22.48
2020-08-04 18:00:00,0.0
2020-08-04 19:00:00,0.0
2020-08-04 20:00:00,0.0
2020-08-04 21:00:00,0.0
2020-08-04 22:00:00,0.0
2020-08-04 23:00:00,0.0
2020-08-05 00:00:00,0.0
2020-08-05 01:00:00,0.0
2020-08-05 02:00:00,0.0
2020-08-05 03:00:00,0.0
2020-08-05 04:00:00,0.0
2020-08-05 05:00:00,4.47
2020-08-05 06:00:00,59.42
2020-08-05 07:00:00,124.15
2020-08-05 08:00:00,212.62
2020-08-05 09:00:00,290.02
2020-08-05 10:00:00,338.67
2020-08-05 11:00:00,351.77
2020-08-05 12:00:00,399.73
2020-08-05 13:00:00,356.62
2020-08-05 14:00:00,242.38
2020-08-05 15:00:00,136.62
2020-08-05 16:00:00,69.9
2020-08-05 17:00:00,19.6
2020-08-05 18:00:00,0.0
2020-08-05 19:00:00,0.0
2020-08-05 20:00:00,0.0
2020-08-05 21:00:00,0.0
2020-08-05 22:00:00,0.0
2020-08-05 23:00:00,0.0
2020-08-06 00:00:00,0.0
2020-08-06 01:00:00,0.0
2020-08-06 02:00:00,0.0
2020-08-06 03:00:00,0.0
2020-08-06 04:00:00,0.0
2020-08-06 05:00:00,10.9
2020-08-06 06:00:00,131.38
2020-08-06 07:00:00,314.77
2020-08-06 08:00:00,479.77
2020-08-06 09:00:00,700.83
2020-08-06 10:00:00,778.22
2020-08-06 11:00:00,733.67
2020-08-06 12:00:00,594.47
2020-08-06 13:00:00,539.4
2020-08-06 14:00:00,376.42
2020-08-06 15:00:00,327.58
2020-08-06 16:00:00,159.02
2020-08-06 17:00:00,33.12
2020-08-06 18:00:00,0.0
2020-08-06 19:00:00,0.0
2020-08-06 20:00:00,0.0
2020-08-06 21:00:00,0.0
2020-08-06 22:00:00,0.0
2020-08-06 23:00:00,0.0
2020-08-07 00:00:00,0.0
2020-08-07 01:00:00,0.0
2020-08-07 02:00:00,0.0
2020-08-07 03:00:00,0.0
2020-08-07 04:00:00,0.0
2020-08-07 05:00:00,7.95
2020-08-07 06:00:00,85.55
2020-08-07 07:00:00,238.6
2020-08-07 08:00:00,400.58
2020-08-07 09:00:00,520.17
2020-08-07 10:00:00,638.9
2020-08-07 11:00:00,715.25
2020-08-07 12:00:00,760.45
2020-08-07 13:00:00,578.47
2020-08-07 14:00:00,454.2
2020-08-07 15:00:00,342.42
2020-08-07 16:00:00,184.7
2020-08-07 17:00:00,36.5
2020-08-07 18:00:00,0.0
2020-08-07 19:00:00,0.0
2020-08-07 20:00:00,0.0
2020-08-07 21:00:00,0.0
2020-08-07 22:00:00,0.0
2020-08-07 23:00:00,0.0
2020-08-08 00:00:00,0.0
2020-08-08 01:00:00,0.0
2020-08-08 02:00:00,0.0
2020-08-08 03:00:00,0.0
2020-08-08 04:00:00,0.0
2020-08-08 05:00:00,8.25
2020-08-08 06:00:00,84.7
2020-08-08 07:00:00,241.3
2020-08-08 08:00:00,411.12
2020-08-08 09:00:00,580.5
2020-08-08 10:00:00,672.7
2020-08-08 11:00:00,596.1
2020-08-08 12:00:00,443.7
2020-08-08 13:00:00,232.7
2020-08-08 14:00:00,139.52
2020-08-08 15:00:00,80.68
2020-08-08 16:00:00,44.15
2020-08-08 17:00:00,10.8
2020-08-08 18:00:00,0.0
2020-08-08 19:00:00,0.0
2020-08-08 20:00:00,0.0
2020-08-08 21:00:00,0.0
2020-08-08 22:00:00,0.0
2020-08-08 23:00:00,0.0
2020-08-09 00:00:00,0.0
2020-08-09 01:00:00,0.0
2020-08-09 02:00:00,0.0
2020-08-09 03:00:00,0.0
2020-08-09 04:00:00,0.0
2020-08-09 05:00:00,3.0
2020-08-09 06:00:00,41.3
2020-08-09 07:00:00,100.3
2020-08-09 08:00:00,163.8
2020-08-09 09:00:00,228.85
2020-08-09 10:00:00,304.62
2020-08-09 11:00:00,274.08
2020-08-09 12:00:00,256.45
2020-08-09 13:00:00,267.98
2020-08-09 14:00:00,254.6
2020-08-09 15:00:00,172.6
2020-08-09 16:00:00,78.93
2020-08-09 17:00:00,16.08
2020-08-09 18:00:00,0.0
2020-08-09 19:00:00,0.0
2020-08-09 20:00:00,0.0
2020-08-09 21:00:00,0.0
2020-08-09 22:00:00,0.0
2020-08-09 23:00:00,0.0
2020-08-10 00:00:00,0.0
2020-08-10 01:00:00,0.0
2020-08-10 02:00:00,0.0
2020-08-10 03:00:00,0.0
2020-08-10 04:00:00,0.0
2020-08-10 05:00:00,5.95
2020-08-10 06:00:00,79.75
2020-08-10 07:00:00,169.38
2020-08-10 08:00:00,342.9
2020-08-10 09:00:00,453.38
2020-08-10 10:00:00,558.12
2020-08-10 11:00:00,669.05
2020-08-10 12:00:00,616.08
2020-08-10 13:00:00,526.83
2020-08-10 14:00:00,447.83
2020-08-10 15:00:00,297.45
2020-08-10 16:00:00,141.7
2020-08-10 17:00:00,27.92
2020-08-10 18:00:00,0.0
2020-08-10 19:00:00,0.0
2020-08-10 20:00:00,0.0
2020-08-10 21:00:00,0.0
2020-08-10 22:00:00,0.0
2020-08-10 23:00:00,0.0
2020-08-11 00:00:00,0.0
2020-08-11 01:00:00,0.0
2020-08-11 02:00:00,0.0
2020-08-11 03:00:00,0.0
2020-08-11 04:00:00,0.0
2020-08-11 05:00:00,7.43
2020-08-11 06:00:00,116.93
2020-08-11 07:00:00,266.67
2020-08-11 08:00:00,438.98
2020-08-11 09:00:00,614.7
2020-08-11 10:00:00,719.58
2020-08-11 11:00:00,811.65
2020-08-11 12:00:00,788.35
2020-08-11 13:00:00,783.85
2020-08-11 14:00:00,577.12
2020-08-11 15:00:00,385.62
2020-08-11 16:00:00,192.7
2020-08-11 17:00:00,38.15
2020-08-11 18:00:00,0.0
2020-08-11 19:00:00,0.0
2020-08-11 20:00:00,0.0
2020-08-11 21:00:00,0.0
2020-08-11 22:00:00,0.0
2020-08-11 23:00:00,0.0
2020-08-12 00:00:00,0.0
2020-08-12 01:00:00,0.0
2020-08-12 02:00:00,0.0
2020-08-12 03:00:00,0.0
2020-08-12 04:00:00,0.0
2020-08-12 05:00:00,3.28
2020-08-12 06:00:00,56.85
2020-08-12 07:00:00,145.48
2020-08-12 08:00:00,262.62
2020-08-12 09:00:00,348.33
2020-08-12 10:00:00,438.9
2020-08-12 11:00:00,454.6
2020-08-12 12:00:00,469.12
2020-08-12 13:00:00,408.35
2020-08-12 14:00:00,288.05
2020-08-12 15:00:00,216.82
2020-08-12 16:00:00,104.62
2020-08-12 17:00:00,21.77
2020-08-12 18:00:00,0.0
2020-08-12 19:00:00,0.0
2020-08-12 20:00:00,0.0
2020-08-12 21:00:00,0.0
2020-08-12 22:00:00,0.0
2020-08-12 23:00:00,0.0
2020-08-13 00:00:00,0.0
2020-08-13 01:00:00,0.0
2020-08-13 02:00:00,0.0
2020-08-13 03:00:00,0.0
2020-08-13 04:00:00,0.0
2020-08-13 05:00:00,4.07
2020-08-13 06:00:00,62.9
2020-08-13 07:00:00,144.0
2020-08-13 08:00:00,233.62
2020-08-13 09:00:00,335.3
2020-08-13 10:00:00,404.0
2020-08-13 11:00:00,380.67
2020-08-13 12:00:00,375.38
2020-08-13 13:00:00,399.75
2020-08-13 14:00:00,382.75
2020-08-13 15:00:00,211.05
2020-08-13 16:00:00,101.68
2020-08-13 17:00:00,21.05
2020-08-13 18:00:00,0.0
2020-08-13 19:00:00,0.0
2020-08-13 20:00:00,0.0
2020-08-13 21:00:00,0.0
2020-08-13 22:00:00,0.0
2020-08-13 23:00:00,0.0
2020-08-14 00:00:00,0.0
2020-08-14 01:00:00,0.0
2020-08-14 02:00:00,0.0
2020-08-14 03:00:00,0.0
2020-08-14 04:00:00,0.0
2020-08-14 05:00:00,2.85
2020-08-14 06:00:00,44.78
2020-08-14 07:00:00,109.75
2020-08-14 08:00:00,218.43
2020-08-14 09:00:00,300.98
2020-08-14 10:00:00,368.65
2020-08-14 11:00:00,361.58
2020-08-14 12:00:00,360.83
2020-08-14 13:00:00,365.6
2020-08-14 14:00:00,310.17
2020-08-14 15:00:00,167.62
2020-08-14 16:00:00,84.7
2020-08-14 17:00:00,16.27
2020-08-14 18:00:00,0.0
2020-08-14 19:00:00,0.0
2020-08-14 20:00:00,0.0
2020-08-14 21:00:00,0.0
2020-08-14 22:00:00,0.0
2020-08-14 23:00:00,0.0
2020-08-15 00:00:00,0.0
2020-08-15 01:00:00,0.0
2020-08-15 02:00:00,0.0
2020-08-15 03:00:00,0.0
2020-08-15 04:00:00,0.0
2020-08-15 05:00:00,5.75
2020-08-15 06:00:00,59.35
2020-08-15 07:00:00,123.35
2020-08-15 08:00:00,152.68
2020-08-15 09:00:00,254.73
2020-08-15 10:00:00,210.25
2020-08-15 11:00:00,153.32
2020-08-15 12:00:00,172.38
2020-08-15 13:00:00,158.7
2020-08-15 14:00:00,136.82
2020-08-15 15:00:00,94.82
2020-08-15 16:00:00,45.67
2020-08-15 17:00:00,9.65
2020-08-15 18:00:00,0.0
2020-08-15 19:00:00,0.0
2020-08-15 20:00:00,0.0
2020-08-15 21:00:00,0.0
2020-08-15 22:00:00,0.0
2020-08-15 23:00:00,0.0
2020-08-16 00:00:00,0.0
2020-08-16 01:00:00,0.0
2020-08-16 02:00:00,0.0
2020-08-16 03:00:00,0.0
2020-08-16 04:00:00,0.0
2020-08-16 05:00:00,5.15
2020-08-16 06:00:00,61.12
2020-08-16 07:00:00,179.7
2020-08-16 08:00:00,298.58
2020-08-16 09:00:00,418.17
2020-08-16 10:00:00,501.65
2020-08-16 11:00:00,349.5
2020-08-16 12:00:00,389.6
2020-08-16 13:00:00,316.67
2020-08-16 14:00:00,190.8
2020-08-16 15:00:00,134.93
2020-08-16 16:00:00,74.45
2020-08-16 17:00:00,15.25
2020-08-16 18:00:00,0.0
2020-08-16 19:00:00,0.0
2020-08-16 20:00:00,0.0
2020-08-16 21:00:00,0.0
2020-08-16 22:00:00,0.0
2020-08-16 23:00:00,0.0
2020-08-17 00:00:00,0.0
2020-08-17 01:00:00,0.0
2020-08-17 02:00:00,0.0
2020-08-17 03:00:00,0.0
2020-08-17 04:00:00,0.0
2020-08-17 05:00:00,3.83
2020-08-17 06:00:00,99.95
2020-08-17 07:00:00,210.98
2020-08-17 08:00:00,355.75
2020-08-17 09:00:00,492.83
2020-08-17 10:00:00,599.55
2020-08-17 11:00:00,632.65
2020-08-17 12:00:00,658.08
2020-08-17 13:00:00,575.1
2020-08-17 14:00:00,476.67
2020-08-17 15:00:00,313.3
2020-08-17 16:00:00,150.85
2020-08-17 17:00:00,27.12
2020-08-17 18:00:00,0.0
2020-08-17 19:00:00,0.0
2020-08-17 20:00:00,0.0
2020-08-17 21:00:00,0.0
2020-08-17 22:00:00,0.0
2020-08-17 23:00:00,0.0
2020-08-18 00:00:00,0.0
2020-08-18 01:00:00,0.0
2020-08-18 02:00:00,0.0
2020-08-18 03:00:00,0.0
2020-08-18 04:00:00,0.0
2020-08-18 05:00:00,7.5
2020-08-18 06:00:00,109.25
2020-08-18 07:00:00,266.73
2020-08-18 08:00:00,446.83
2020-08-18 09:00:00,612.42
2020-08-18 10:00:00,731.6
2020-08-18 11:00:00,681.72
2020-08-18 12:00:00,518.38
2020-08-18 13:00:00,488.92
2020-08-18 14:00:00,402.7
2020-08-18 15:00:00,233.25
2020-08-18 16:00:00,122.85
2020-08-18 17:00:00,23.73
2020-08-18 18:00:00,0.0
2020-08-18 19:00:00,0.0
2020-08-18 20:00:00,0.0
2020-08-18 21:00:00,0.0
2020-08-18 22:00:00,0.0
2020-08-18 23:00:00,0.0
2020-08-19 00:00:00,0.0
2020-08-19 01:00:00,0.0
2020-08-19 02:00:00,0.0
2020-08-19 03:00:00,0.0
2020-08-19 04:00:00,0.0
2020-08-19 05:00:00,5.78
2020-08-19 06:00:00,63.7
2020-08-19 07:00:00,155.25
2020-08-19 08:00:00,286.38
2020-08-19 09:00:00,388.02
2020-08-19 10:00:00,472.05
2020-08-19 11:00:00,577.0
2020-08-19 12:00:00,550.97
2020-08-19 13:00:00,655.53
2020-08-19 14:00:00,502.4
2020-08-19 15:00:00,317.77
2020-08-19 16:00:00,143.43
2020-08-19 17:00:00,26.7
2020-08-19 18:00:00,0.0
2020-08-19 19:00:00,0.0
2020-08-19 20:00:00,0.0
2020-08-19 21:00:00,0.0
2020-08-19 22:00:00,0.0
2020-08-19 23:00:00,0.0
2020-08-20 00:00:00,0.0
2020-08-20 01:00:00,0.0
2020-08-20 02:00:00,0.0
2020-08-20 03:00:00,0.0
2020-08-20 04:00:00,0.0
2020-08-20 05:00:00,4.0
2020-08-20 06:00:00,56.25
2020-08-20 07:00:00,129.12
2020-08-20 08:00:00,229.82
2020-08-20 09:00:00,309.92
2020-08-20 10:00:00,312.55
2020-08-20 11:00:00,347.25
2020-08-20 12:00:00,373.67
2020-08-20 13:00:00,327.0
2020-08-20 14:00:00,261.98
2020-08-20 15:00:00,167.6
2020-08-20 16:00:00,83.2
2020-08-20 17:00:00,15.52
2020-08-20 18:00:00,0.0
2020-08-20 19:00:00,0.0
2020-08-20 20:00:00,0.0
2020-08-20 21:00:00,0.0
2020-08-20 22:00:00,0.0
2020-08-20 23:00:00,0.0
2020-08-21 00:00:00,0.0
2020-08-21 01:00:00,0.0
2020-08-21 02:00:00,0.0
2020-08-21 03:00:00,0.0
2020-08-21 04:00:00,0.0
2020-08-21 05:00:00,8.48
2020-08-21 06:00:00,111.57
2020-08-21 07:00:00,292.0
2020-08-21 08:00:00,484.52
2020-08-21 09:00:00,654.33
2020-08-21 10:00:00,788.55
2020-08-21 11:00:00,827.15
2020-08-21 12:00:00,745.4
2020-08-21 13:00:00,680.15
2020-08-21 14:00:00,529.2
2020-08-21 15:00:00,354.12
2020-08-21 16:00:00,179.38
2020-08-21 17:00:00,30.55
2020-08-21 18:00:00,0.0
2020-08-21 19:00:00,0.0
2020-08-21 20:00:00,0.0
2020-08-21 21:00:00,0.0
2020-08-21 22:00:00,0.0
2020-08-21 23:00:00,0.0
2020-08-22 00:00:00,0.0
2020-08-22 01:00:00,0.0
2020-08-22 02:00:00,0.0
2020-08-22 03:00:00,0.0
2020-08-22 04:00:00,0.0
2020-08-22 05:00:00,7.03
2020-08-22 06:00:00,74.88
2020-08-22 07:00:00,166.8
2020-08-22 08:00:00,171.62
2020-08-22 09:00:00,243.88
2020-08-22 10:00:00,365.05
2020-08-22 11:00:00,448.73
2020-08-22 12:00:00,492.42
2020-08-22 13:00:00,463.9
2020-08-22 14:00:00,380.4
2020-08-22 15:00:00,283.38
2020-08-22 16:00:00,134.15
2020-08-22 17:00:00,24.42
2020-08-22 18:00:00,0.0
2020-08-22 19:00:00,0.0
2020-08-22 20:00:00,0.0
2020-08-22 21:00:00,0.0
2020-08-22 22:00:00,0.0
2020-08-22 23:00:00,0.0
2020-08-23 00:00:00,0.0
2020-08-23 01:00:00,0.0
2020-08-23 02:00:00,0.0
2020-08-23 03:00:00,0.0
2020-08-23 04:00:00,0.0
2020-08-23 05:00:00,6.3
2020-08-23 06:00:00,68.75
2020-08-23 07:00:00,162.2
2020-08-23 08:00:00,123.68
2020-08-23 09:00:00,129.48
2020-08-23 10:00:00,134.48
2020-08-23 11:00:00,141.5
2020-08-23 12:00:00,254.0
2020-08-23 13:00:00,349.98
2020-08-23 14:00:00,278.73
2020-08-23 15:00:00,222.25
2020-08-23 16:00:00,94.2
2020-08-23 17:00:00,16.98
2020-08-23 18:00:00,0.0
2020-08-23 19:00:00,0.0
2020-08-23 20:00:00,0.0
2020-08-23 21:00:00,0.0
2020-08-23 22:00:00,0.0
2020-08-23 23:00:00,0.0
2020-08-24 00:00:00,0.0
2020-08-24 01:00:00,0.0
2020-08-24 02:00:00,0.0
2020-08-24 03:00:00,0.0
2020-08-24 04:00:00,0.0
2020-08-24 05:00:00,3.65
2020-08-24 06:00:00,87.3
2020-08-24 07:00:00,203.3
2020-08-24 08:00:00,339.0
2020-08-24 09:00:00,464.77
2020-08-24 10:00:00,544.2
2020-08-24 11:00:00,561.53
2020-08-24 12:00:00,591.58
2020-08-24 13:00:00,558.72
2020-08-24 14:00:00,367.25
2020-08-24 15:00:00,210.95
2020-08-24 16:00:00,101.07
2020-08-24 17:00:00,18.55
2020-08-24 18:00:00,0.0
2020-08-24 19:00:00,0.0
2020-08-24 20:00:00,0.0
2020-08-24 21:00:00,0.0
2020-08-24 22:00:00,0.0
2020-08-24 23:00:00,0.0
2020-08-25 00:00:00,0.0
2020-08-25 01:00:00,0.0
2020-08-25 02:00:00,0.0
2020-08-25 03:00:00,0.0
2020-08-25 04:00:00,0.0
2020-08-25 05:00:00,5.72
2020-08-25 06:00:00,66.9
2020-08-25 07:00:00,192.45
2020-08-25 08:00:00,292.2
2020-08-25 09:00:00,346.83
2020-08-25 10:00:00,376.58
2020-08-25 11:00:00,112.93
2020-08-25 12:00:00,182.25
2020-08-25 13:00:00,271.9
2020-08-25 14:00:00,273.92
2020-08-25 15:00:00,217.9
2020-08-25 16:00:00,102.03
2020-08-25 17:00:00,19.77
2020-08-25 18:00:00,0.0
2020-08-25 19:00:00,0.0
2020-08-25 20:00:00,0.0
2020-08-25 21:00:00,0.0
2020-08-25 22:00:00,0.0
2020-08-25 23:00:00,0.0
2020-08-26 00:00:00,0.0
2020-08-26 01:00:00,0.0
2020-08-26 02:00:00,0.0
2020-08-26 03:00:00,0.0
2020-08-26 04:00:00,0.0
2020-08-26 05:00:00,6.53
2020-08-26 06:00:00,93.22
2020-08-26 07:00:00,233.0
2020-08-26 08:00:00,392.25
2020-08-26 09:00:00,536.45
2020-08-26 10:00:00,622.42
2020-08-26 11:00:00,674.05
2020-08-26 12:00:00,654.8
2020-08-26 13:00:00,657.97
2020-08-26 14:00:00,522.42
2020-08-26 15:00:00,343.7
2020-08-26 16:00:00,161.55
2020-08-26 17:00:00,27.9
2020-08-26 18:00:00,0.0
2020-08-26 19:00:00,0.0
2020-08-26 20:00:00,0.0
2020-08-26 21:00:00,0.0
2020-08-26 22:00:00,0.0
2020-08-26 23:00:00,0.0
2020-08-27 00:00:00,0.0
2020-08-27 01:00:00,0.0
2020-08-27 02:00:00,0.0
2020-08-27 03:00:00,0.0
2020-08-27 04:00:00,0.0
2020-08-27 05:00:00,7.18
2020-08-27 06:00:00,99.2
2020-08-27 07:00:00,260.85
2020-08-27 08:00:00,432.25
2020-08-27 09:00:00,596.22
2020-08-27 10:00:00,731.6
2020-08-27 11:00:00,799.58
2020-08-27 12:00:00,764.97
2020-08-27 13:00:00,698.55
2020-08-27 14:00:00,508.0
2020-08-27 15:00:00,346.3
2020-08-27 16:00:00,165.43
2020-08-27 17:00:00,27.85
2020-08-27 18:00:00,0.0
2020-08-27 19:00:00,0.0
2020-08-27 20:00:00,0.0
2020-08-27 21:00:00,0.0
2020-08-27 22:00:00,0.0
2020-08-27 23:00:00,0.0
2020-08-28 00:00:00,0.0
2020-08-28 01:00:00,0.0
2020-08-28 02:00:00,0.0
2020-08-28 03:00:00,0.0
2020-08-28 04:00:00,0.0
2020-08-28 05:00:00,8.88
2020-08-28 06:00:00,123.57
2020-08-28 07:00:00,291.6
2020-08-28 08:00:00,530.55
2020-08-28 09:00:00,735.4
2020-08-28 10:00:00,806.78
2020-08-28 11:00:00,907.75
2020-08-28 12:00:00,884.08
2020-08-28 13:00:00,735.58
2020-08-28 14:00:00,588.75
2020-08-28 15:00:00,404.23
2020-08-28 16:00:00,190.1
2020-08-28 17:00:00,28.3
2020-08-28 18:00:00,0.0
2020-08-28 19:00:00,0.0
2020-08-28 20:00:00,0.0
2020-08-28 21:00:00,0.0
2020-08-28 22:00:00,0.0
2020-08-28 23:00:00,0.0
2020-08-29 00:00:00,0.0
2020-08-29 01:00:00,0.0
2020-08-29 02:00:00,0.0
2020-08-29 03:00:00,0.0
2020-08-29 04:00:00,0.0
2020-08-29 05:00:00,8.88
2020-08-29 06:00:00,122.45
2020-08-29 07:00:00,287.8
2020-08-29 08:00:00,509.45
2020-08-29 09:00:00,608.08
2020-08-29 10:00:00,836.25
2020-08-29 11:00:00,867.05
2020-08-29 12:00:00,771.08
2020-08-29 13:00:00,725.3
2020-08-29 14:00:00,550.72
2020-08-29 15:00:00,376.02
2020-08-29 16:00:00,179.68
2020-08-29 17:00:00,27.4
2020-08-29 18:00:00,0.0
2020-08-29 19:00:00,0.0
2020-08-29 20:00:00,0.0
2020-08-29 21:00:00,0.0
2020-08-29 22:00:00,0.0
2020-08-29 23:00:00,0.0
2020-08-30 00:00:00,0.0
2020-08-30 01:00:00,0.0
2020-08-30 02:00:00,0.0
2020-08-30 03:00:00,0.0
2020-08-30 04:00:00,0.0
2020-08-30 05:00:00,7.93
2020-08-30 06:00:00,119.8
2020-08-30 07:00:00,293.83
2020-08-30 08:00:00,533.88
2020-08-30 09:00:00,752.3
2020-08-30 10:00:00,835.97
2020-08-30 11:00:00,803.75
2020-08-30 12:00:00,871.3
2020-08-30 13:00:00,772.65
2020-08-30 14:00:00,613.47
2020-08-30 15:00:00,436.17
2020-08-30 16:00:00,205.18
2020-08-30 17:00:00,25.8
2020-08-30 18:00:00,0.0
2020-08-30 19:00:00,0.0
2020-08-30 20:00:00,0.0
2020-08-30 21:00:00,0.0
2020-08-30 22:00:00,0.0
2020-08-30 23:00:00,0.0
2020-08-31 00:00:00,0.0
2020-08-31 01:00:00,0.0
2020-08-31 02:00:00,0.0
2020-08-31 03:00:00,0.0
2020-08-31 04:00:00,0.0
2020-08-31 05:00:00,7.82
2020-08-31 06:00:00,127.55
2020-08-31 07:00:00,341.48
2020-08-31 08:00:00,543.53
2020-08-31 09:00:00,768.6
2020-08-31 10:00:00,783.22
2020-08-31 11:00:00,794.8
2020-08-31 12:00:00,775.0
2020-08-31 13:00:00,698.15
2020-08-31 14:00:00,525.9
2020-08-31 15:00:00,389.75
2020-08-31 16:00:00,193.52
2020-08-31 17:00:00,27.83
2020-08-31 18:00:00,0.0
2020-08-31 19:00:00,0.0
2020-08-31 20:00:00,0.0
2020-08-31 21:00:00,0.0
2020-08-31 22:00:00,0.0
2020-08-31 23:00:00,0.0
2020-09-01 00:00:00,0.0
2020-09-01 01:00:00,0.0
2020-09-01 02:00:00,0.0
2020-09-01 03:00:00,0.0
2020-09-01 04:00:00,0.0
2020-09-01 05:00:00,7.65
2020-09-01 06:00:00,110.03
2020-09-01 07:00:00,287.6
2020-09-01 08:00:00,476.12
2020-09-01 09:00:00,636.55
2020-09-01 10:00:00,604.42
2020-09-01 11:00:00,244.68
2020-09-01 12:00:00,203.7
2020-09-01 13:00:00,109.38
2020-09-01 14:00:00,186.1
2020-09-01 15:00:00,246.38
2020-09-01 16:00:00,103.82
2020-09-01 17:00:00,12.93
2020-09-01 18:00:00,0.0
2020-09-01 19:00:00,0.0
2020-09-01 20:00:00,0.0
2020-09-01 21:00:00,0.0
2020-09-01 22:00:00,0.0
2020-09-01 23:00:00,0.0
2020-09-02 00:00:00,0.0
2020-09-02 01:00:00,0.0
2020-09-02 02:00:00,0.0
2020-09-02 03:00:00,0.0
2020-09-02 04:00:00,0.0
2020-09-02 05:00:00,8.27
2020-09-02 06:00:00,102.15
2020-09-02 07:00:00,266.55
2020-09-02 08:00:00,440.62
2020-09-02 09:00:00,607.55
2020-09-02 10:00:00,689.03
2020-09-02 11:00:00,764.45
2020-09-02 12:00:00,725.33
2020-09-02 13:00:00,735.05
2020-09-02 14:00:00,605.5
2020-09-02 15:00:00,429.38
2020-09-02 16:00:00,207.57
2020-09-02 17:00:00,28.23
2020-09-02 18:00:00,0.0
2020-09-02 19:00:00,0.0
2020-09-02 20:00:00,0.0
2020-09-02 21:00:00,0.0
2020-09-02 22:00:00,0.0
2020-09-02 23:00:00,0.0
2020-09-03 00:00:00,0.0
2020-09-03 01:00:00,0.0
2020-09-03 02:00:00,0.0
2020-09-03 03:00:00,0.0
2020-09-03 04:00:00,0.0
2020-09-03 05:00:00,9.25
2020-09-03 06:00:00,137.45
2020-09-03 07:00:00,354.52
2020-09-03 08:00:00,566.6
2020-09-03 09:00:00,738.22
2020-09-03 10:00:00,816.92
2020-09-03 11:00:00,839.5
2020-09-03 12:00:00,844.5
2020-09-03 13:00:00,787.03
2020-09-03 14:00:00,611.0
2020-09-03 15:00:00,390.6
2020-09-03 16:00:00,214.52
2020-09-03 17:00:00,28.35
2020-09-03 18:00:00,0.0
2020-09-03 19:00:00,0.0
2020-09-03 20:00:00,0.0
2020-09-03 21:00:00,0.0
2020-09-03 22:00:00,0.0
2020-09-03 23:00:00,0.0
2020-09-04 00:00:00,0.0
2020-09-04 01:00:00,0.0
2020-09-04 02:00:00,0.0
2020-09-04 03:00:00,0.0
2020-09-04 04:00:00,0.0
2020-09-04 05:00:00,9.07
2020-09-04 06:00:00,106.85
2020-09-04 07:00:00,242.27
2020-09-04 08:00:00,373.23
2020-09-04 09:00:00,485.02
2020-09-04 10:00:00,741.22
2020-09-04 11:00:00,869.72
2020-09-04 12:00:00,855.33
2020-09-04 13:00:00,653.38
2020-09-04 14:00:00,635.4
2020-09-04 15:00:00,479.88
2020-09-04 16:00:00,237.2
2020-09-04 17:00:00,31.25
2020-09-04 18:00:00,0.0
2020-09-04 19:00:00,0.0
2020-09-04 20:00:00,0.0
2020-09-04 21:00:00,0.0
2020-09-04 22:00:00,0.0
2020-09-04 23:00:00,0.0
2020-09-05 00:00:00,0.0
2020-09-05 01:00:00,0.0
2020-09-05 02:00:00,0.0
2020-09-05 03:00:00,0.0
2020-09-05 04:00:00,0.0
2020-09-05 05:00:00,10.43
2020-09-05 06:00:00,143.8
2020-09-05 07:00:00,320.65
2020-09-05 08:00:00,545.65
2020-09-05 09:00:00,734.22
2020-09-05 10:00:00,838.42
2020-09-05 11:00:00,868.92
2020-09-05 12:00:00,825.22
2020-09-05 13:00:00,781.33
2020-09-05 14:00:00,610.62
2020-09-05 15:00:00,437.2
2020-09-05 16:00:00,209.62
2020-09-05 17:00:00,26.3
2020-09-05 18:00:00,0.0
2020-09-05 19:00:00,0.0
2020-09-05 20:00:00,0.0
2020-09-05 21:00:00,0.0
2020-09-05 22:00:00,0.0
2020-09-05 23:00:00,0.0
2020-09-06 00:00:00,0.0
2020-09-06 01:00:00,0.0
2020-09-06 02:00:00,0.0
2020-09-06 03:00:00,0.0
2020-09-06 04:00:00,0.0
2020-09-06 05:00:00,10.52
2020-09-06 06:00:00,142.18
2020-09-06 07:00:00,352.52
2020-09-06 08:00:00,558.12
2020-09-06 09:00:00,721.0
2020-09-06 10:00:00,802.75
2020-09-06 11:00:00,867.53
2020-09-06 12:00:00,806.62
2020-09-06 13:00:00,762.08
2020-09-06 14:00:00,607.78
2020-09-06 15:00:00,393.95
2020-09-06 16:00:00,186.12
2020-09-06 17:00:00,22.77
2020-09-06 18:00:00,0.0
2020-09-06 19:00:00,0.0
2020-09-06 20:00:00,0.0
2020-09-06 21:00:00,0.0
2020-09-06 22:00:00,0.0
2020-09-06 23:00:00,0.0
2020-09-07 00:00:00,0.0
2020-09-07 01:00:00,0.0
2020-09-07 02:00:00,0.0
2020-09-07 03:00:00,0.0
2020-09-07 04:00:00,0.0
2020-09-07 05:00:00,9.15
2020-09-07 06:00:00,134.93
2020-09-07 07:00:00,344.08
2020-09-07 08:00:00,550.8
2020-09-07 09:00:00,737.15
2020-09-07 10:00:00,829.15
2020-09-07 11:00:00,839.97
2020-09-07 12:00:00,388.58
2020-09-07 13:00:00,338.73
2020-09-07 14:00:00,238.2
2020-09-07 15:00:00,139.9
2020-09-07 16:00:00,73.62
2020-09-07 17:00:00,9.38
2020-09-07 18:00:00,0.0
2020-09-07 19:00:00,0.0
2020-09-07 20:00:00,0.0
2020-09-07 21:00:00,0.0
2020-09-07 22:00:00,0.0
2020-09-07 23:00:00,0.0
2020-09-08 00:00:00,0.0
2020-09-08 01:00:00,0.0
2020-09-08 02:00:00,0.0
2020-09-08 03:00:00,0.0
2020-09-08 04:00:00,0.0
2020-09-08 05:00:00,8.88
2020-09-08 06:00:00,132.7
2020-09-08 07:00:00,323.35
2020-09-08 08:00:00,560.9
2020-09-08 09:00:00,768.08
2020-09-08 10:00:00,820.62
2020-09-08 11:00:00,904.38
2020-09-08 12:00:00,813.47
2020-09-08 13:00:00,744.35
2020-09-08 14:00:00,540.55
2020-09-08 15:00:00,376.4
2020-09-08 16:00:00,176.18
2020-09-08 17:00:00,21.8
2020-09-08 18:00:00,0.0
2020-09-08 19:00:00,0.0
2020-09-08 20:00:00,0.0
2020-09-08 21:00:00,0.0
2020-09-08 22:00:00,0.0
2020-09-08 23:00:00,0.0
2020-09-09 00:00:00,0.0
2020-09-09 01:00:00,0.0
2020-09-09 02:00:00,0.0
2020-09-09 03:00:00,0.0
2020-09-09 04:00:00,0.0
2020-09-09 05:00:00,9.15
2020-09-09 06:00:00,116.65
2020-09-09 07:00:00,292.3
2020-09-09 08:00:00,500.0
2020-09-09 09:00:00,630.78
2020-09-09 10:00:00,529.9
2020-09-09 11:00:00,260.35
2020-09-09 12:00:00,226.65
2020-09-09 13:00:00,336.5
2020-09-09 14:00:00,327.6
2020-09-09 15:00:00,217.15
2020-09-09 16:00:00,93.85
2020-09-09 17:00:00,11.6
2020-09-09 18:00:00,0.0
2020-09-09 19:00:00,0.0
2020-09-09 20:00:00,0.0
2020-09-09 21:00:00,0.0
2020-09-09 22:00:00,0.0
2020-09-09 23:00:00,0.0
2020-09-10 00:00:00,0.0
2020-09-10 01:00:00,0.0
2020-09-10 02:00:00,0.0
2020-09-10 03:00:00,0.0
2020-09-10 04:00:00,0.0
2020-09-10 05:00:00,7.0
2020-09-10 06:00:00,109.72
2020-09-10 07:00:00,249.82
2020-09-10 08:00:00,408.3
2020-09-10 09:00:00,545.78
2020-09-10 10:00:00,540.33
2020-09-10 11:00:00,539.15
2020-09-10 12:00:00,589.75
2020-09-10 13:00:00,478.4
2020-09-10 14:00:00,390.95
2020-09-10 15:00:00,272.58
2020-09-10 16:00:00,109.4
2020-09-10 17:00:00,15.35
2020-09-10 18:00:00,0.0
2020-09-10 19:00:00,0.0
2020-09-10 20:00:00,0.0
2020-09-10 21:00:00,0.0
2020-09-10 22:00:00,0.0
2020-09-10 23:00:00,0.0
2020-09-11 00:00:00,0.0
2020-09-11 01:00:00,0.0
2020-09-11 02:00:00,0.0
2020-09-11 03:00:00,0.0
2020-09-11 04:00:00,0.0
2020-09-11 05:00:00,2.97
2020-09-11 06:00:00,41.62
2020-09-11 07:00:00,108.2
2020-09-11 08:00:00,188.62
2020-09-11 09:00:00,294.1
2020-09-11 10:00:00,373.12
2020-09-11 11:00:00,434.75
2020-09-11 12:00:00,369.85
2020-09-11 13:00:00,391.85
2020-09-11 14:00:00,239.6
2020-09-11 15:00:00,163.85
2020-09-11 16:00:00,68.25
2020-09-11 17:00:00,8.05
2020-09-11 18:00:00,0.0
2020-09-11 19:00:00,0.0
2020-09-11 20:00:00,0.0
2020-09-11 21:00:00,0.0
2020-09-11 22:00:00,0.0
2020-09-11 23:00:00,0.0
2020-09-12 00:00:00,0.0
2020-09-12 01:00:00,0.0
2020-09-12 02:00:00,0.0
2020-09-12 03:00:00,0.0
2020-09-12 04:00:00,0.0
2020-09-12 05:00:00,3.38
2020-09-12 06:00:00,37.3
2020-09-12 07:00:00,89.32
2020-09-12 08:00:00,194.45
2020-09-12 09:00:00,267.95
2020-09-12 10:00:00,379.6
2020-09-12 11:00:00,380.12
2020-09-12 12:00:00,353.1
2020-09-12 13:00:00,324.25
2020-09-12 14:00:00,211.07
2020-09-12 15:00:00,115.32
2020-09-12 16:00:00,73.25
2020-09-12 17:00:00,9.52
2020-09-12 18:00:00,0.0
2020-09-12 19:00:00,0.0
2020-09-12 20:00:00,0.0
2020-09-12 21:00:00,0.0
2020-09-12 22:00:00,0.0
2020-09-12 23:00:00,0.0
2020-09-13 00:00:00,0.0
2020-09-13 01:00:00,0.0
2020-09-13 02:00:00,0.0
2020-09-13 03:00:00,0.0
2020-09-13 04:00:00,0.0
2020-09-13 05:00:00,4.12
2020-09-13 06:00:00,46.12
2020-09-13 07:00:00,125.25
2020-09-13 08:00:00,245.65
2020-09-13 09:00:00,299.73
2020-09-13 10:00:00,332.25
2020-09-13 11:00:00,325.75
2020-09-13 12:00:00,359.85
2020-09-13 13:00:00,265.95
2020-09-13 14:00:00,178.25
2020-09-13 15:00:00,146.52
2020-09-13 16:00:00,38.95
2020-09-13 17:00:00,5.0
2020-09-13 18:00:00,0.0
2020-09-13 19:00:00,0.0
2020-09-13 20:00:00,0.0
2020-09-13 21:00:00,0.0
2020-09-13 22:00:00,0.0
2020-09-13 23:00:00,0.0
2020-09-14 00:00:00,0.0
2020-09-14 01:00:00,0.0
2020-09-14 02:00:00,0.0
2020-09-14 03:00:00,0.0
2020-09-14 04:00:00,0.0
2020-09-14 05:00:00,4.8
2020-09-14 06:00:00,53.85
2020-09-14 07:00:00,129.0
2020-09-14 08:00:00,211.52
2020-09-14 09:00:00,258.88
2020-09-14 10:00:00,348.83
2020-09-14 11:00:00,349.4
2020-09-14 12:00:00,389.35
2020-09-14 13:00:00,222.2
2020-09-14 14:00:00,189.1
2020-09-14 15:00:00,125.15
2020-09-14 16:00:00,51.58
2020-09-14 17:00:00,5.3
2020-09-14 18:00:00,0.0
2020-09-14 19:00:00,0.0
2020-09-14 20:00:00,0.0
2020-09-14 21:00:00,0.0
2020-09-14 22:00:00,0.0
2020-09-14 23:00:00,0.0
2020-09-15 00:00:00,0.0
2020-09-15 01:00:00,0.0
2020-09-15 02:00:00,0.0
2020-09-15 03:00:00,0.0
2020-09-15 04:00:00,0.0
2020-09-15 05:00:00,2.67
2020-09-15 06:00:00,45.5
2020-09-15 07:00:00,125.4
2020-09-15 08:00:00,259.05
2020-09-15 09:00:00,364.33
2020-09-15 10:00:00,531.65
2020-09-15 11:00:00,582.1
2020-09-15 12:00:00,527.42
2020-09-15 13:00:00,416.8
2020-09-15 14:00:00,317.73
2020-09-15 15:00:00,183.0
2020-09-15 16:00:00,85.72
2020-09-15 17:00:00,8.38
2020-09-15 18:00:00,0.0
2020-09-15 19:00:00,0.0
2020-09-15 20:00:00,0.0
2020-09-15 21:00:00,0.0
2020-09-15 22:00:00,0.0
2020-09-15 23:00:00,0.0
2020-09-16 00:00:00,0.0
2020-09-16 01:00:00,0.0
2020-09-16 02:00:00,0.0
2020-09-16 03:00:00,0.0
2020-09-16 04:00:00,0.0
2020-09-16 05:00:00,4.12
2020-09-16 06:00:00,56.38
2020-09-16 07:00:00,160.98
2020-09-16 08:00:00,248.05
2020-09-16 09:00:00,226.93
2020-09-16 10:00:00,315.15
2020-09-16 11:00:00,315.83
2020-09-16 12:00:00,262.3
2020-09-16 13:00:00,345.55
2020-09-16 14:00:00,268.2
2020-09-16 15:00:00,160.45
2020-09-16 16:00:00,74.75
2020-09-16 17:00:00,7.8
2020-09-16 18:00:00,0.0
2020-09-16 19:00:00,0.0
2020-09-16 20:00:00,0.0
2020-09-16 21:00:00,0.0
2020-09-16 22:00:00,0.0
2020-09-16 23:00:00,0.0
2020-09-17 00:00:00,0.0
2020-09-17 01:00:00,0.0
2020-09-17 02:00:00,0.0
2020-09-17 03:00:00,0.0
2020-09-17 04:00:00,0.0
2020-09-17 05:00:00,6.4
2020-09-17 06:00:00,99.9
2020-09-17 07:00:00,267.1
2020-09-17 08:00:00,520.2
2020-09-17 09:00:00,773.97
2020-09-17 10:00:00,848.62
2020-09-17 11:00:00,863.25
2020-09-17 12:00:00,780.97
2020-09-17 13:00:00,659.97
2020-09-17 14:00:00,474.62
2020-09-17 15:00:00,286.73
2020-09-17 16:00:00,127.32
2020-09-17 17:00:00,10.35
2020-09-17 18:00:00,0.0
2020-09-17 19:00:00,0.0
2020-09-17 20:00:00,0.0
2020-09-17 21:00:00,0.0
2020-09-17 22:00:00,0.0
2020-09-17 23:00:00,0.0
2020-09-18 00:00:00,0.0
2020-09-18 01:00:00,0.0
2020-09-18 02:00:00,0.0
2020-09-18 03:00:00,0.0
2020-09-18 04:00:00,0.0
2020-09-18 05:00:00,9.05
2020-09-18 06:00:00,120.53
2020-09-18 07:00:00,302.9
2020-09-18 08:00:00,360.45
2020-09-18 09:00:00,452.17
2020-09-18 10:00:00,691.47
2020-09-18 11:00:00,611.42
2020-09-18 12:00:00,483.9
2020-09-18 13:00:00,396.98
2020-09-18 14:00:00,344.55
2020-09-18 15:00:00,210.1
2020-09-18 16:00:00,93.82
2020-09-18 17:00:00,9.07
2020-09-18 18:00:00,0.0
2020-09-18 19:00:00,0.0
2020-09-18 20:00:00,0.0
2020-09-18 21:00:00,0.0
2020-09-18 22:00:00,0.0
2020-09-18 23:00:00,0.0
2020-09-19 00:00:00,0.0
2020-09-19 01:00:00,0.0
2020-09-19 02:00:00,0.0
2020-09-19 03:00:00,0.0
2020-09-19 04:00:00,0.0
2020-09-19 05:00:00,2.58
2020-09-19 06:00:00,34.75
2020-09-19 07:00:00,89.53
2020-09-19 08:00:00,152.0
2020-09-19 09:00:00,269.67
2020-09-19 10:00:00,339.12
2020-09-19 11:00:00,259.02
2020-09-19 12:00:00,295.38
2020-09-19 13:00:00,312.0
2020-09-19 14:00:00,246.02
2020-09-19 15:00:00,164.32
2020-09-19 16:00:00,75.38
2020-09-19 17:00:00,7.5
2020-09-19 18:00:00,0.0
2020-09-19 19:00:00,0.0
2020-09-19 20:00:00,0.0
2020-09-19 21:00:00,0.0
2020-09-19 22:00:00,0.0
2020-09-19 23:00:00,0.0
2020-09-20 00:00:00,0.0
2020-09-20 01:00:00,0.0
2020-09-20 02:00:00,0.0
2020-09-20 03:00:00,0.0
2020-09-20 04:00:00,0.0
2020-09-20 05:00:00,5.05
2020-09-20 06:00:00,65.9
2020-09-20 07:00:00,157.93
2020-09-20 08:00:00,250.9
2020-09-20 09:00:00,395.6
2020-09-20 10:00:00,390.38
2020-09-20 11:00:00,327.25
2020-09-20 12:00:00,273.08
2020-09-20 13:00:00,242.3
2020-09-20 14:00:00,182.62
2020-09-20 15:00:00,110.4
2020-09-20 16:00:00,45.03
2020-09-20 17:00:00,4.88
2020-09-20 18:00:00,0.0
2020-09-20 19:00:00,0.0
2020-09-20 20:00:00,0.0
2020-09-20 21:00:00,0.0
2020-09-20 22:00:00,0.0
2020-09-20 23:00:00,0.0
2020-09-21 00:00:00,0.0
2020-09-21 01:00:00,0.0
2020-09-21 02:00:00,0.0
2020-09-21 03:00:00,0.0
2020-09-21 04:00:00,0.0
2020-09-21 05:00:00,4.62
2020-09-21 06:00:00,63.25
2020-09-21 07:00:00,150.25
2020-09-21 08:00:00,244.07
2020-09-21 09:00:00,323.6
2020-09-21 10:00:00,379.88
2020-09-21 11:00:00,511.77
2020-09-21 12:00:00,475.08
2020-09-21 13:00:00,410.6
2020-09-21 14:00:00,340.8
2020-09-21 15:00:00,201.9
2020-09-21 16:00:00,72.6
2020-09-21 17:00:00,7.82
2020-09-21 18:00:00,0.0
2020-09-21 19:00:00,0.0
2020-09-21 20:00:00,0.0
2020-09-21 21:00:00,0.0
2020-09-21 22:00:00,0.0
2020-09-21 23:00:00,0.0
2020-09-22 00:00:00,0.0
2020-09-22 01:00:00,0.0
2020-09-22 02:00:00,0.0
2020-09-22 03:00:00,0.0
2020-09-22 04:00:00,0.0
2020-09-22 05:00:00,9.05
2020-09-22 06:00:00,130.82
2020-09-22 07:00:00,327.67
2020-09-22 08:00:00,556.15
2020-09-22 09:00:00,714.62
2020-09-22 10:00:00,880.55
2020-09-22 11:00:00,803.25
2020-09-22 12:00:00,852.4
2020-09-22 13:00:00,700.45
2020-09-22 14:00:00,429.27
2020-09-22 15:00:00,233.93
2020-09-22 16:00:00,82.95
2020-09-22 17:00:00,5.93
2020-09-22 18:00:00,0.0
2020-09-22 19:00:00,0.0
2020-09-22 20:00:00,0.0
2020-09-22 21:00:00,0.0
2020-09-22 22:00:00,0.0
2020-09-22 23:00:00,0.0
2020-09-23 00:00:00,0.0
2020-09-23 01:00:00,0.0
2020-09-23 02:00:00,0.0
2020-09-23 03:00:00,0.0
2020-09-23 04:00:00,0.0
2020-09-23 05:00:00,9.6
2020-09-23 06:00:00,144.07
2020-09-23 07:00:00,357.35
2020-09-23 08:00:00,581.4
2020-09-23 09:00:00,796.78
2020-09-23 10:00:00,901.12
2020-09-23 11:00:00,966.5
2020-09-23 12:00:00,869.08
2020-09-23 13:00:00,803.15
2020-09-23 14:00:00,505.45
2020-09-23 15:00:00,390.92
2020-09-23 16:00:00,155.95
2020-09-23 17:00:00,9.95
2020-09-23 18:00:00,0.0
2020-09-23 19:00:00,0.0
2020-09-23 20:00:00,0.0
2020-09-23 21:00:00,0.0
2020-09-23 22:00:00,0.0
2020-09-23 23:00:00,0.0
2020-09-24 00:00:00,0.0
2020-09-24 01:00:00,0.0
2020-09-24 02:00:00,0.0
2020-09-24 03:00:00,0.0
2020-09-24 04:00:00,0.0
2020-09-24 05:00:00,10.02
2020-09-24 06:00:00,151.82
2020-09-24 07:00:00,372.3
2020-09-24 08:00:00,569.47
2020-09-24 09:00:00,721.88
2020-09-24 10:00:00,801.67
2020-09-24 11:00:00,915.75
2020-09-24 12:00:00,890.38
2020-09-24 13:00:00,778.08
2020-09-24 14:00:00,571.75
2020-09-24 15:00:00,362.55
2020-09-24 16:00:00,146.18
2020-09-24 17:00:00,9.07
2020-09-24 18:00:00,0.0
2020-09-24 19:00:00,0.0
2020-09-24 20:00:00,0.0
2020-09-24 21:00:00,0.0
2020-09-24 22:00:00,0.0
2020-09-24 23:00:00,0.0
2020-09-25 00:00:00,0.0
2020-09-25 01:00:00,0.0
2020-09-25 02:00:00,0.0
2020-09-25 03:00:00,0.0
2020-09-25 04:00:00,0.0
2020-09-25 05:00:00,7.53
2020-09-25 06:00:00,102.6
2020-09-25 07:00:00,248.68
2020-09-25 08:00:00,395.42
2020-09-25 09:00:00,535.78
2020-09-25 10:00:00,687.42
2020-09-25 11:00:00,755.4
2020-09-25 12:00:00,603.53
2020-09-25 13:00:00,571.35
2020-09-25 14:00:00,395.8
2020-09-25 15:00:00,245.52
2020-09-25 16:00:00,102.95
2020-09-25 17:00:00,6.97
2020-09-25 18:00:00,0.0
2020-09-25 19:00:00,0.0
2020-09-25 20:00:00,0.0
2020-09-25 21:00:00,0.0
2020-09-25 22:00:00,0.0
2020-09-25 23:00:00,0.0
2020-09-26 00:00:00,0.0
2020-09-26 01:00:00,0.0
2020-09-26 02:00:00,0.0
2020-09-26 03:00:00,0.0
2020-09-26 04:00:00,0.0
2020-09-26 05:00:00,2.8
2020-09-26 06:00:00,46.22
2020-09-26 07:00:00,119.45
2020-09-26 08:00:00,227.7
2020-09-26 09:00:00,380.67
2020-09-26 10:00:00,552.25
2020-09-26 11:00:00,531.38
2020-09-26 12:00:00,534.0
2020-09-26 13:00:00,571.12
2020-09-26 14:00:00,472.9
2020-09-26 15:00:00,278.73
2020-09-26 16:00:00,111.55
2020-09-26 17:00:00,6.55
2020-09-26 18:00:00,0.0
2020-09-26 19:00:00,0.0
2020-09-26 20:00:00,0.0
2020-09-26 21:00:00,0.0
2020-09-26 22:00:00,0.0
2020-09-26 23:00:00,0.0
2020-09-27 00:00:00,0.0
2020-09-27 01:00:00,0.0
2020-09-27 02:00:00,0.0
2020-09-27 03:00:00,0.0
2020-09-27 04:00:00,0.0
2020-09-27 05:00:00,5.15
2020-09-27 06:00:00,69.03
2020-09-27 07:00:00,212.85
2020-09-27 08:00:00,308.2
2020-09-27 09:00:00,377.77
2020-09-27 10:00:00,363.67
2020-09-27 11:00:00,390.98
2020-09-27 12:00:00,440.77
2020-09-27 13:00:00,405.4
2020-09-27 14:00:00,285.38
2020-09-27 15:00:00,164.0
2020-09-27 16:00:00,59.97
2020-09-27 17:00:00,4.55
2020-09-27 18:00:00,0.0
2020-09-27 19:00:00,0.0
2020-09-27 20:00:00,0.0
2020-09-27 21:00:00,0.0
2020-09-27 22:00:00,0.0
2020-09-27 23:00:00,0.0
2020-09-28 00:00:00,0.0
2020-09-28 01:00:00,0.0
2020-09-28 02:00:00,0.0
2020-09-28 03:00:00,0.0
2020-09-28 04:00:00,0.0
2020-09-28 05:00:00,7.12
2020-09-28 06:00:00,106.88
2020-09-28 07:00:00,296.33
2020-09-28 08:00:00,519.6
2020-09-28 09:00:00,690.03
2020-09-28 10:00:00,792.05
2020-09-28 11:00:00,792.22
2020-09-28 12:00:00,698.35
2020-09-28 13:00:00,582.15
2020-09-28 14:00:00,418.83
2020-09-28 15:00:00,241.82
2020-09-28 16:00:00,100.32
2020-09-28 17:00:00,5.93
2020-09-28 18:00:00,0.0
2020-09-28 19:00:00,0.0
2020-09-28 20:00:00,0.0
2020-09-28 21:00:00,0.0
2020-09-28 22:00:00,0.0
2020-09-28 23:00:00,0.0
2020-09-29 00:00:00,0.0
2020-09-29 01:00:00,0.0
2020-09-29 02:00:00,0.0
2020-09-29 03:00:00,0.0
2020-09-29 04:00:00,0.0
2020-09-29 05:00:00,7.0
2020-09-29 06:00:00,79.2
2020-09-29 07:00:00,215.9
2020-09-29 08:00:00,299.23
2020-09-29 09:00:00,416.75
2020-09-29 10:00:00,605.12
2020-09-29 11:00:00,613.9
2020-09-29 12:00:00,499.5
2020-09-29 13:00:00,487.85
2020-09-29 14:00:00,370.02
2020-09-29 15:00:00,215.07
2020-09-29 16:00:00,90.82
2020-09-29 17:00:00,4.93
2020-09-29 18:00:00,0.0
2020-09-29 19:00:00,0.0
2020-09-29 20:00:00,0.0
2020-09-29 21:00:00,0.0
2020-09-29 22:00:00,0.0
2020-09-29 23:00:00,0.0
2020-09-30 00:00:00,0.0
2020-09-30 01:00:00,0.0
2020-09-30 02:00:00,0.0
2020-09-30 03:00:00,0.0
2020-09-30 04:00:00,0.0
2020-09-30 05:00:00,4.1
2020-09-30 06:00:00,52.88
2020-09-30 07:00:00,134.23
2020-09-30 08:00:00,220.52
2020-09-30 09:00:00,348.7
2020-09-30 10:00:00,460.77
2020-09-30 11:00:00,488.92
2020-09-30 12:00:00,510.65
2020-09-30 13:00:00,473.65
2020-09-30 14:00:00,367.02
2020-09-30 15:00:00,194.5
2020-09-30 16:00:00,79.7
2020-09-30 17:00:00,4.62
2020-09-30 18:00:00,0.0
2020-09-30 19:00:00,0.0
2020-09-30 20:00:00,0.0
2020-09-30 21:00:00,0.0
2020-09-30 22:00:00,0.0
2020-09-30 23:00:00,0.0
2020-10-01 00:00:00,0.0
2020-10-01 01:00:00,0.0
2020-10-01 02:00:00,0.0
2020-10-01 03:00:00,0.0
2020-10-01 04:00:00,0.0
2020-10-01 05:00:00,5.93
2020-10-01 06:00:00,75.95
2020-10-01 07:00:00,190.12
2020-10-01 08:00:00,336.27
2020-10-01 09:00:00,534.4
2020-10-01 10:00:00,689.15
2020-10-01 11:00:00,778.47
2020-10-01 12:00:00,745.55
2020-10-01 13:00:00,540.75
2020-10-01 14:00:00,449.33
2020-10-01 15:00:00,272.08
2020-10-01 16:00:00,104.6
2020-10-01 17:00:00,5.93
2020-10-01 18:00:00,0.0
2020-10-01 19:00:00,0.0
2020-10-01 20:00:00,0.0
2020-10-01 21:00:00,0.0
2020-10-01 22:00:00,0.0
2020-10-01 23:00:00,0.0
2020-10-02 00:00:00,0.0
2020-10-02 01:00:00,0.0
2020-10-02 02:00:00,0.0
2020-10-02 03:00:00,0.0
2020-10-02 04:00:00,0.0
2020-10-02 05:00:00,8.73
2020-10-02 06:00:00,126.32
2020-10-02 07:00:00,326.15
2020-10-02 08:00:00,522.3
2020-10-02 09:00:00,640.1
2020-10-02 10:00:00,743.97
2020-10-02 11:00:00,702.42
2020-10-02 12:00:00,640.33
2020-10-02 13:00:00,554.67
2020-10-02 14:00:00,395.0
2020-10-02 15:00:00,227.38
2020-10-02 16:00:00,84.1
2020-10-02 17:00:00,4.47
2020-10-02 18:00:00,0.0
2020-10-02 19:00:00,0.0
2020-10-02 20:00:00,0.0
2020-10-02 21:00:00,0.0
2020-10-02 22:00:00,0.0
2020-10-02 23:00:00,0.0
2020-10-03 00:00:00,0.0
2020-10-03 01:00:00,0.0
2020-10-03 02:00:00,0.0
2020-10-03 03:00:00,0.0
2020-10-03 04:00:00,0.0
2020-10-03 05:00:00,3.2
2020-10-03 06:00:00,47.78
2020-10-03 07:00:00,142.0
2020-10-03 08:00:00,235.02
2020-10-03 09:00:00,319.98
2020-10-03 10:00:00,387.2
2020-10-03 11:00:00,530.62
2020-10-03 12:00:00,503.48
2020-10-03 13:00:00,452.77
2020-10-03 14:00:00,376.33
2020-10-03 15:00:00,215.73
2020-10-03 16:00:00,77.72
2020-10-03 17:00:00,4.25
2020-10-03 18:00:00,0.0
2020-10-03 19:00:00,0.0
2020-10-03 20:00:00,0.0
2020-10-03 21:00:00,0.0
2020-10-03 22:00:00,0.0
2020-10-03 23:00:00,0.0
2020-10-04 00:00:00,0.0
2020-10-04 01:00:00,0.0
2020-10-04 02:00:00,0.0
2020-10-04 03:00:00,0.0
2020-10-04 04:00:00,0.0
2020-10-04 05:00:00,1.48
2020-10-04 06:00:00,48.58
2020-10-04 07:00:00,111.35
2020-10-04 08:00:00,270.1
2020-10-04 09:00:00,436.48
2020-10-04 10:00:00,475.77
2020-10-04 11:00:00,468.85
2020-10-04 12:00:00,402.48
2020-10-04 13:00:00,415.45
2020-10-04 14:00:00,314.58
2020-10-04 15:00:00,195.05
2020-10-04 16:00:00,71.97
2020-10-04 17:00:00,3.97
2020-10-04 18:00:00,0.0
2020-10-04 19:00:00,0.0
2020-10-04 20:00:00,0.0
2020-10-04 21:00:00,0.0
2020-10-04 22:00:00,0.0
2020-10-04 23:00:00,0.0
2020-10-05 00:00:00,0.0
2020-10-05 01:00:00,0.0
2020-10-05 02:00:00,0.0
2020-10-05 03:00:00,0.0
2020-10-05 04:00:00,0.0
2020-10-05 05:00:00,8.0
2020-10-05 06:00:00,109.65
2020-10-05 07:00:00,290.25
2020-10-05 08:00:00,465.65
2020-10-05 09:00:00,638.9
2020-10-05 10:00:00,700.9
2020-10-05 11:00:00,779.28
2020-10-05 12:00:00,728.03
2020-10-05 13:00:00,649.97
2020-10-05 14:00:00,421.67
2020-10-05 15:00:00,238.05
2020-10-05 16:00:00,83.2
2020-10-05 17:00:00,3.78
2020-10-05 18:00:00,0.0
2020-10-05 19:00:00,0.0
2020-10-05 20:00:00,0.0
2020-10-05 21:00:00,0.0
2020-10-05 22:00:00,0.0
2020-10-05 23:00:00,0.0
2020-10-06 00:00:00,0.0
2020-10-06 01:00:00,0.0
2020-10-06 02:00:00,0.0
2020-10-06 03:00:00,0.0
2020-10-06 04:00:00,0.0
2020-10-06 05:00:00,7.7
2020-10-06 06:00:00,114.65
2020-10-06 07:00:00,316.38
2020-10-06 08:00:00,524.97
2020-10-06 09:00:00,700.72
2020-10-06 10:00:00,805.58
2020-10-06 11:00:00,840.5
2020-10-06 12:00:00,844.58
2020-10-06 13:00:00,715.75
2020-10-06 14:00:00,535.9
2020-10-06 15:00:00,315.23
2020-10-06 16:00:00,104.6
2020-10-06 17:00:00,4.1
2020-10-06 18:00:00,0.0
2020-10-06 19:00:00,0.0
2020-10-06 20:00:00,0.0
2020-10-06 21:00:00,0.0
2020-10-06 22:00:00,0.0
2020-10-06 23:00:00,0.0
2020-10-07 00:00:00,0.0
2020-10-07 01:00:00,0.0
2020-10-07 02:00:00,0.0
2020-10-07 03:00:00,0.0
2020-10-07 04:00:00,0.0
2020-10-07 05:00:00,7.65
2020-10-07 06:00:00,122.15
2020-10-07 07:00:00,323.48
2020-10-07 08:00:00,520.83
2020-10-07 09:00:00,689.28
2020-10-07 10:00:00,803.6
2020-10-07 11:00:00,786.58
2020-10-07 12:00:00,801.58
2020-10-07 13:00:00,681.8
2020-10-07 14:00:00,516.92
2020-10-07 15:00:00,307.5
2020-10-07 16:00:00,102.62
2020-10-07 17:00:00,3.85
2020-10-07 18:00:00,0.0
2020-10-07 19:00:00,0.0
2020-10-07 20:00:00,0.0
2020-10-07 21:00:00,0.0
2020-10-07 22:00:00,0.0
2020-10-07 23:00:00,0.0
2020-10-08 00:00:00,0.0
2020-10-08 01:00:00,0.0
2020-10-08 02:00:00,0.0
2020-10-08 03:00:00,0.0
2020-10-08 04:00:00,0.0
2020-10-08 05:00:00,6.12
2020-10-08 06:00:00,99.57
2020-10-08 07:00:00,254.52
2020-10-08 08:00:00,398.85
2020-10-08 09:00:00,618.8
2020-10-08 10:00:00,792.3
2020-10-08 11:00:00,856.75
2020-10-08 12:00:00,797.28
2020-10-08 13:00:00,690.97
2020-10-08 14:00:00,514.7
2020-10-08 15:00:00,302.17
2020-10-08 16:00:00,98.12
2020-10-08 17:00:00,3.58
2020-10-08 18:00:00,0.0
2020-10-08 19:00:00,0.0
2020-10-08 20:00:00,0.0
2020-10-08 21:00:00,0.0
2020-10-08 22:00:00,0.0
2020-10-08 23:00:00,0.0
2020-10-09 00:00:00,0.0
2020-10-09 01:00:00,0.0
2020-10-09 02:00:00,0.0
2020-10-09 03:00:00,0.0
2020-10-09 04:00:00,0.0
2020-10-09 05:00:00,6.55
2020-10-09 06:00:00,98.1
2020-10-09 07:00:00,263.33
2020-10-09 08:00:00,462.83
2020-10-09 09:00:00,596.08
2020-10-09 10:00:00,735.0
2020-10-09 11:00:00,813.12
2020-10-09 12:00:00,771.72
2020-10-09 13:00:00,677.78
2020-10-09 14:00:00,511.45
2020-10-09 15:00:00,304.58
2020-10-09 16:00:00,101.6
2020-10-09 17:00:00,3.55
2020-10-09 18:00:00,0.0
2020-10-09 19:00:00,0.0
2020-10-09 20:00:00,0.0
2020-10-09 21:00:00,0.0
2020-10-09 22:00:00,0.0
2020-10-09 23:00:00,0.0
2020-10-10 00:00:00,0.0
2020-10-10 01:00:00,0.0
2020-10-10 02:00:00,0.0
2020-10-10 03:00:00,0.0
2020-10-10 04:00:00,0.0
2020-10-10 05:00:00,2.85
2020-10-10 06:00:00,36.58
2020-10-10 07:00:00,88.32
2020-10-10 08:00:00,161.95
2020-10-10 09:00:00,217.7
2020-10-10 10:00:00,350.9
2020-10-10 11:00:00,412.1
2020-10-10 12:00:00,517.78
2020-10-10 13:00:00,455.95
2020-10-10 14:00:00,318.65
2020-10-10 15:00:00,180.98
2020-10-10 16:00:00,61.22
2020-10-10 17:00:00,2.53
2020-10-10 18:00:00,0.0
2020-10-10 19:00:00,0.0
2020-10-10 20:00:00,0.0
2020-10-10 21:00:00,0.0
2020-10-10 22:00:00,0.0
2020-10-10 23:00:00,0.0
2020-10-11 00:00:00,0.0
2020-10-11 01:00:00,0.0
2020-10-11 02:00:00,0.0
2020-10-11 03:00:00,0.0
2020-10-11 04:00:00,0.0
2020-10-11 05:00:00,5.75
2020-10-11 06:00:00,55.4
2020-10-11 07:00:00,123.35
2020-10-11 08:00:00,138.4
2020-10-11 09:00:00,221.57
2020-10-11 10:00:00,342.35
2020-10-11 11:00:00,421.1
2020-10-11 12:00:00,362.67
2020-10-11 13:00:00,319.05
2020-10-11 14:00:00,255.32
2020-10-11 15:00:00,143.8
2020-10-11 16:00:00,53.12
2020-10-11 17:00:00,1.7
2020-10-11 18:00:00,0.0
2020-10-11 19:00:00,0.0
2020-10-11 20:00:00,0.0
2020-10-11 21:00:00,0.0
2020-10-11 22:00:00,0.0
2020-10-11 23:00:00,0.0
2020-10-12 00:00:00,0.0
2020-10-12 01:00:00,0.0
2020-10-12 02:00:00,0.0
2020-10-12 03:00:00,0.0
2020-10-12 04:00:00,0.0
2020-10-12 05:00:00,5.65
2020-10-12 06:00:00,99.25
2020-10-12 07:00:00,253.3
2020-10-12 08:00:00,423.58
2020-10-12 09:00:00,517.85
2020-10-12 10:00:00,577.72
2020-10-12 11:00:00,564.8
2020-10-12 12:00:00,497.12
2020-10-12 13:00:00,481.52
2020-10-12 14:00:00,306.65
2020-10-12 15:00:00,171.1
2020-10-12 16:00:00,59.67
2020-10-12 17:00:00,2.05
2020-10-12 18:00:00,0.0
2020-10-12 19:00:00,0.0
2020-10-12 20:00:00,0.0
2020-10-12 21:00:00,0.0
2020-10-12 22:00:00,0.0
2020-10-12 23:00:00,0.0
2020-10-13 00:00:00,0.0
2020-10-13 01:00:00,0.0
2020-10-13 02:00:00,0.0
2020-10-13 03:00:00,0.0
2020-10-13 04:00:00,0.0
2020-10-13 05:00:00,7.1
2020-10-13 06:00:00,117.12
2020-10-13 07:00:00,306.92
2020-10-13 08:00:00,505.85
2020-10-13 09:00:00,655.95
2020-10-13 10:00:00,609.53
2020-10-13 11:00:00,611.17
2020-10-13 12:00:00,594.65
2020-10-13 13:00:00,501.3
2020-10-13 14:00:00,435.15
2020-10-13 15:00:00,234.27
2020-10-13 16:00:00,75.75
2020-10-13 17:00:00,0.0
2020-10-13 18:00:00,0.0
2020-10-13 19:00:00,0.0
2020-10-13 20:00:00,0.0
2020-10-13 21:00:00,0.0
2020-10-13 22:00:00,0.0
2020-10-13 23:00:00,0.0
2020-10-14 00:00:00,0.0
2020-10-14 01:00:00,0.0
2020-10-14 02:00:00,0.0
2020-10-14 03:00:00,0.0
2020-10-14 04:00:00,0.0
2020-10-14 05:00:00,8.4
2020-10-14 06:00:00,118.15
2020-10-14 07:00:00,300.3
2020-10-14 08:00:00,491.5
2020-10-14 09:00:00,693.2
2020-10-14 10:00:00,813.78
2020-10-14 11:00:00,801.97
2020-10-14 12:00:00,717.35
2020-10-14 13:00:00,573.17
2020-10-14 14:00:00,417.35
2020-10-14 15:00:00,241.68
2020-10-14 16:00:00,85.55
2020-10-14 17:00:00,0.0
2020-10-14 18:00:00,0.0
2020-10-14 19:00:00,0.0
2020-10-14 20:00:00,0.0
2020-10-14 21:00:00,0.0
2020-10-14 22:00:00,0.0
2020-10-14 23:00:00,0.0
2020-10-15 00:00:00,0.0
2020-10-15 01:00:00,0.0
2020-10-15 02:00:00,0.0
2020-10-15 03:00:00,0.0
2020-10-15 04:00:00,0.0
2020-10-15 05:00:00,7.9
2020-10-15 06:00:00,126.2
2020-10-15 07:00:00,335.12
2020-10-15 08:00:00,549.65
2020-10-15 09:00:00,712.95
2020-10-15 10:00:00,814.15
2020-10-15 11:00:00,903.62
2020-10-15 12:00:00,857.47
2020-10-15 13:00:00,681.72
2020-10-15 14:00:00,518.83
2020-10-15 15:00:00,301.77
2020-10-15 16:00:00,91.6
2020-10-15 17:00:00,0.0
2020-10-15 18:00:00,0.0
2020-10-15 19:00:00,0.0
2020-10-15 20:00:00,0.0
2020-10-15 21:00:00,0.0
2020-10-15 22:00:00,0.0
2020-10-15 23:00:00,0.0
2020-10-16 00:00:00,0.0
2020-10-16 01:00:00,0.0
2020-10-16 02:00:00,0.0
2020-10-16 03:00:00,0.0
2020-10-16 04:00:00,0.0
2020-10-16 05:00:00,8.32
2020-10-16 06:00:00,120.47
2020-10-16 07:00:00,286.45
2020-10-16 08:00:00,458.7
2020-10-16 09:00:00,619.97
2020-10-16 10:00:00,770.05
2020-10-16 11:00:00,832.8
2020-10-16 12:00:00,787.47
2020-10-16 13:00:00,630.53
2020-10-16 14:00:00,447.3
2020-10-16 15:00:00,265.0
2020-10-16 16:00:00,86.22
2020-10-16 17:00:00,0.0
2020-10-16 18:00:00,0.0
2020-10-16 19:00:00,0.0
2020-10-16 20:00:00,0.0
2020-10-16 21:00:00,0.0
2020-10-16 22:00:00,0.0
2020-10-16 23:00:00,0.0
2020-10-17 00:00:00,0.0
2020-10-17 01:00:00,0.0
2020-10-17 02:00:00,0.0
2020-10-17 03:00:00,0.0
2020-10-17 04:00:00,0.0
2020-10-17 05:00:00,5.12
2020-10-17 06:00:00,55.58
2020-10-17 07:00:00,123.22
2020-10-17 08:00:00,148.25
2020-10-17 09:00:00,416.77
2020-10-17 10:00:00,496.2
2020-10-17 11:00:00,423.25
2020-10-17 12:00:00,403.27
2020-10-17 13:00:00,387.77
2020-10-17 14:00:00,284.58
2020-10-17 15:00:00,163.8
2020-10-17 16:00:00,60.42
2020-10-17 17:00:00,0.0
2020-10-17 18:00:00,0.0
2020-10-17 19:00:00,0.0
2020-10-17 20:00:00,0.0
2020-10-17 21:00:00,0.0
2020-10-17 22:00:00,0.0
2020-10-17 23:00:00,0.0
2020-10-18 00:00:00,0.0
2020-10-18 01:00:00,0.0
2020-10-18 02:00:00,0.0
2020-10-18 03:00:00,0.0
2020-10-18 04:00:00,0.0
2020-10-18 05:00:00,3.78
2020-10-18 06:00:00,53.78
2020-10-18 07:00:00,136.95
2020-10-18 08:00:00,71.62
2020-10-18 09:00:00,111.05
2020-10-18 10:00:00,57.03
2020-10-18 11:00:00,56.72
2020-10-18 12:00:00,119.15
2020-10-18 13:00:00,127.62
2020-10-18 14:00:00,136.45
2020-10-18 15:00:00,73.9
2020-10-18 16:00:00,27.55
2020-10-18 17:00:00,0.0
2020-10-18 18:00:00,0.0
2020-10-18 19:00:00,0.0
2020-10-18 20:00:00,0.0
2020-10-18 21:00:00,0.0
2020-10-18 22:00:00,0.0
2020-10-18 23:00:00,0.0
2020-10-19 00:00:00,0.0
2020-10-19 01:00:00,0.0
2020-10-19 02:00:00,0.0
2020-10-19 03:00:00,0.0
2020-10-19 04:00:00,0.0
2020-10-19 05:00:00,6.43
2020-10-19 06:00:00,99.55
2020-10-19 07:00:00,253.25
2020-10-19 08:00:00,417.02
2020-10-19 09:00:00,529.17
2020-10-19 10:00:00,440.92
2020-10-19 11:00:00,508.73
2020-10-19 12:00:00,520.88
2020-10-19 13:00:00,445.58
2020-10-19 14:00:00,366.77
2020-10-19 15:00:00,200.57
2020-10-19 16:00:00,66.03
2020-10-19 17:00:00,0.0
2020-10-19 18:00:00,0.0
2020-10-19 19:00:00,0.0
2020-10-19 20:00:00,0.0
2020-10-19 21:00:00,0.0
2020-10-19 22:00:00,0.0
2020-10-19 23:00:00,0.0
2020-10-20 00:00:00,0.0
2020-10-20 01:00:00,0.0
2020-10-20 02:00:00,0.0
2020-10-20 03:00:00,0.0
2020-10-20 04:00:00,0.0
2020-10-20 05:00:00,1.77
2020-10-20 06:00:00,20.67
2020-10-20 07:00:00,38.2
2020-10-20 08:00:00,87.25
2020-10-20 09:00:00,82.78
2020-10-20 10:00:00,159.05
2020-10-20 11:00:00,180.3
2020-10-20 12:00:00,216.48
2020-10-20 13:00:00,240.98
2020-10-20 14:00:00,215.1
2020-10-20 15:00:00,121.22
2020-10-20 16:00:00,44.45
2020-10-20 17:00:00,0.0
2020-10-20 18:00:00,0.0
2020-10-20 19:00:00,0.0
2020-10-20 20:00:00,0.0
2020-10-20 21:00:00,0.0
2020-10-20 22:00:00,0.0
2020-10-20 23:00:00,0.0
2020-10-21 00:00:00,0.0
2020-10-21 01:00:00,0.0
2020-10-21 02:00:00,0.0
2020-10-21 03:00:00,0.0
2020-10-21 04:00:00,0.0
2020-10-21 05:00:00,4.32
2020-10-21 06:00:00,72.47
2020-10-21 07:00:00,167.68
2020-10-21 08:00:00,277.75
2020-10-21 09:00:00,311.05
2020-10-21 10:00:00,346.42
2020-10-21 11:00:00,423.92
2020-10-21 12:00:00,480.3
2020-10-21 13:00:00,427.85
2020-10-21 14:00:00,314.62
2020-10-21 15:00:00,161.18
2020-10-21 16:00:00,58.65
2020-10-21 17:00:00,0.0
2020-10-21 18:00:00,0.0
2020-10-21 19:00:00,0.0
2020-10-21 20:00:00,0.0
2020-10-21 21:00:00,0.0
2020-10-21 22:00:00,0.0
2020-10-21 23:00:00,0.0
2020-10-22 00:00:00,0.0
2020-10-22 01:00:00,0.0
2020-10-22 02:00:00,0.0
2020-10-22 03:00:00,0.0
2020-10-22 04:00:00,0.0
2020-10-22 05:00:00,7.72
2020-10-22 06:00:00,121.05
2020-10-22 07:00:00,296.6
2020-10-22 08:00:00,477.45
2020-10-22 09:00:00,685.1
2020-10-22 10:00:00,800.2
2020-10-22 11:00:00,849.33
2020-10-22 12:00:00,774.35
2020-10-22 13:00:00,508.8
2020-10-22 14:00:00,437.35
2020-10-22 15:00:00,241.25
2020-10-22 16:00:00,67.15
2020-10-22 17:00:00,0.0
2020-10-22 18:00:00,0.0
2020-10-22 19:00:00,0.0
2020-10-22 20:00:00,0.0
2020-10-22 21:00:00,0.0
2020-10-22 22:00:00,0.0
2020-10-22 23:00:00,0.0
2020-10-23 00:00:00,0.0
2020-10-23 01:00:00,0.0
2020-10-23 02:00:00,0.0
2020-10-23 03:00:00,0.0
2020-10-23 04:00:00,0.0
2020-10-23 05:00:00,4.45
2020-10-23 06:00:00,92.07
2020-10-23 07:00:00,232.4
2020-10-23 08:00:00,406.65
2020-10-23 09:00:00,625.33
2020-10-23 10:00:00,741.4
2020-10-23 11:00:00,758.15
2020-10-23 12:00:00,624.95
2020-10-23 13:00:00,483.77
2020-10-23 14:00:00,334.35
2020-10-23 15:00:00,184.82
2020-10-23 16:00:00,57.7
2020-10-23 17:00:00,0.0
2020-10-23 18:00:00,0.0
2020-10-23 19:00:00,0.0
2020-10-23 20:00:00,0.0
2020-10-23 21:00:00,0.0
2020-10-23 22:00:00,0.0
2020-10-23 23:00:00,0.0
2020-10-24 00:00:00,0.0
2020-10-24 01:00:00,0.0
2020-10-24 02:00:00,0.0
2020-10-24 03:00:00,0.0
2020-10-24 04:00:00,0.0
2020-10-24 05:00:00,5.78
2020-10-24 06:00:00,96.4
2020-10-24 07:00:00,259.15
2020-10-24 08:00:00,449.12
2020-10-24 09:00:00,635.92
2020-10-24 10:00:00,724.03
2020-10-24 11:00:00,802.3
2020-10-24 12:00:00,704.62
2020-10-24 13:00:00,547.97
2020-10-24 14:00:00,426.23
2020-10-24 15:00:00,228.75
2020-10-24 16:00:00,61.2
2020-10-24 17:00:00,0.0
2020-10-24 18:00:00,0.0
2020-10-24 19:00:00,0.0
2020-10-24 20:00:00,0.0
2020-10-24 21:00:00,0.0
2020-10-24 22:00:00,0.0
2020-10-24 23:00:00,0.0
2020-10-25 00:00:00,0.0
2020-10-25 01:00:00,0.0
2020-10-25 02:00:00,0.0
2020-10-25 03:00:00,0.0
2020-10-25 04:00:00,0.0
2020-10-25 05:00:00,5.93
2020-10-25 06:00:00,91.32
2020-10-25 07:00:00,251.35
2020-10-25 08:00:00,416.17
2020-10-25 09:00:00,548.45
2020-10-25 10:00:00,586.12
2020-10-25 11:00:00,596.4
2020-10-25 12:00:00,628.42
2020-10-25 13:00:00,540.65
2020-10-25 14:00:00,381.62
2020-10-25 15:00:00,207.82
2020-10-25 16:00:00,61.22
2020-10-25 17:00:00,0.0
2020-10-25 18:00:00,0.0
2020-10-25 19:00:00,0.0
2020-10-25 20:00:00,0.0
2020-10-25 21:00:00,0.0
2020-10-25 22:00:00,0.0
2020-10-25 23:00:00,0.0
2020-10-26 00:00:00,0.0
2020-10-26 01:00:00,0.0
2020-10-26 02:00:00,0.0
2020-10-26 03:00:00,0.0
2020-10-26 04:00:00,0.0
2020-10-26 05:00:00,6.22
2020-10-26 06:00:00,106.3
2020-10-26 07:00:00,285.92
2020-10-26 08:00:00,461.0
2020-10-26 09:00:00,636.97
2020-10-26 10:00:00,749.72
2020-10-26 11:00:00,792.78
2020-10-26 12:00:00,743.33
2020-10-26 13:00:00,628.08
2020-10-26 14:00:00,452.98
2020-10-26 15:00:00,242.43
2020-10-26 16:00:00,64.12
2020-10-26 17:00:00,0.0
2020-10-26 18:00:00,0.0
2020-10-26 19:00:00,0.0
2020-10-26 20:00:00,0.0
2020-10-26 21:00:00,0.0
2020-10-26 22:00:00,0.0
2020-10-26 23:00:00,0.0
2020-10-27 00:00:00,0.0
2020-10-27 01:00:00,0.0
2020-10-27 02:00:00,0.0
2020-10-27 03:00:00,0.0
2020-10-27 04:00:00,0.0
2020-10-27 05:00:00,5.95
2020-10-27 06:00:00,98.78
2020-10-27 07:00:00,248.75
2020-10-27 08:00:00,402.33
2020-10-27 09:00:00,561.3
2020-10-27 10:00:00,684.05
2020-10-27 11:00:00,742.97
2020-10-27 12:00:00,689.05
2020-10-27 13:00:00,643.75
2020-10-27 14:00:00,453.27
2020-10-27 15:00:00,251.68
2020-10-27 16:00:00,66.78
2020-10-27 17:00:00,0.0
2020-10-27 18:00:00,0.0
2020-10-27 19:00:00,0.0
2020-10-27 20:00:00,0.0
2020-10-27 21:00:00,0.0
2020-10-27 22:00:00,0.0
2020-10-27 23:00:00,0.0
2020-10-28 00:00:00,0.0
2020-10-28 01:00:00,0.0
2020-10-28 02:00:00,0.0
2020-10-28 03:00:00,0.0
2020-10-28 04:00:00,0.0
2020-10-28 05:00:00,3.72
2020-10-28 06:00:00,57.6
2020-10-28 07:00:00,134.65
2020-10-28 08:00:00,212.25
2020-10-28 09:00:00,279.9
2020-10-28 10:00:00,365.1
2020-10-28 11:00:00,164.48
2020-10-28 12:00:00,281.9
2020-10-28 13:00:00,342.55
2020-10-28 14:00:00,235.02
2020-10-28 15:00:00,137.73
2020-10-28 16:00:00,40.83
2020-10-28 17:00:00,0.0
2020-10-28 18:00:00,0.0
2020-10-28 19:00:00,0.0
2020-10-28 20:00:00,0.0
2020-10-28 21:00:00,0.0
2020-10-28 22:00:00,0.0
2020-10-28 23:00:00,0.0
2020-10-29 00:00:00,0.0
2020-10-29 01:00:00,0.0
2020-10-29 02:00:00,0.0
2020-10-29 03:00:00,0.0
2020-10-29 04:00:00,0.0
2020-10-29 05:00:00,1.15
2020-10-29 06:00:00,11.27
2020-10-29 07:00:00,28.45
2020-10-29 08:00:00,55.28
2020-10-29 09:00:00,108.9
2020-10-29 10:00:00,327.02
2020-10-29 11:00:00,343.2
2020-10-29 12:00:00,369.08
2020-10-29 13:00:00,392.88
2020-10-29 14:00:00,302.3
2020-10-29 15:00:00,153.32
2020-10-29 16:00:00,39.45
2020-10-29 17:00:00,0.0
2020-10-29 18:00:00,0.0
2020-10-29 19:00:00,0.0
2020-10-29 20:00:00,0.0
2020-10-29 21:00:00,0.0
2020-10-29 22:00:00,0.0
2020-10-29 23:00:00,0.0
2020-10-30 00:00:00,0.0
2020-10-30 01:00:00,0.0
2020-10-30 02:00:00,0.0
2020-10-30 03:00:00,0.0
2020-10-30 04:00:00,0.0
2020-10-30 05:00:00,3.47
2020-10-30 06:00:00,72.82
2020-10-30 07:00:00,229.2
2020-10-30 08:00:00,404.9
2020-10-30 09:00:00,505.23
2020-10-30 10:00:00,590.75
2020-10-30 11:00:00,582.53
2020-10-30 12:00:00,560.03
2020-10-30 13:00:00,477.52
2020-10-30 14:00:00,281.5
2020-10-30 15:00:00,186.45
2020-10-30 16:00:00,62.38
2020-10-30 17:00:00,0.0
2020-10-30 18:00:00,0.0
2020-10-30 19:00:00,0.0
2020-10-30 20:00:00,0.0
2020-10-30 21:00:00,0.0
2020-10-30 22:00:00,0.0
2020-10-30 23:00:00,0.0
2020-10-31 00:00:00,0.0
2020-10-31 01:00:00,0.0
2020-10-31 02:00:00,0.0
2020-10-31 03:00:00,0.0
2020-10-31 04:00:00,0.0
2020-10-31 05:00:00,5.75
2020-10-31 06:00:00,112.97
2020-10-31 07:00:00,314.9
2020-10-31 08:00:00,525.28
2020-10-31 09:00:00,708.28
2020-10-31 10:00:00,803.35
2020-10-31 11:00:00,828.3
2020-10-31 12:00:00,769.83
2020-10-31 13:00:00,662.08
2020-10-31 14:00:00,480.98
2020-10-31 15:00:00,266.67
2020-10-31 16:00:00,70.78
2020-10-31 17:00:00,0.0
2020-10-31 18:00:00,0.0
2020-10-31 19:00:00,0.0
2020-10-31 20:00:00,0.0
2020-10-31 21:00:00,0.0
2020-10-31 22:00:00,0.0
2020-10-31 23:00:00,0.0
2020-11-01 00:00:00,0.0
2020-11-01 01:00:00,0.0
2020-11-01 02:00:00,0.0
2020-11-01 03:00:00,0.0
2020-11-01 04:00:00,0.0
2020-11-01 05:00:00,5.47
2020-11-01 06:00:00,112.4
2020-11-01 07:00:00,309.52
2020-11-01 08:00:00,510.05
2020-11-01 09:00:00,677.45
2020-11-01 10:00:00,769.2
2020-11-01 11:00:00,758.15
2020-11-01 12:00:00,766.88
2020-11-01 13:00:00,630.17
2020-11-01 14:00:00,469.23
2020-11-01 15:00:00,263.92
2020-11-01 16:00:00,61.67
2020-11-01 17:00:00,0.0
2020-11-01 18:00:00,0.0
2020-11-01 19:00:00,0.0
2020-11-01 20:00:00,0.0
2020-11-01 21:00:00,0.0
2020-11-01 22:00:00,0.0
2020-11-01 23:00:00,0.0
2020-11-02 00:00:00,0.0
2020-11-02 01:00:00,0.0
2020-11-02 02:00:00,0.0
2020-11-02 03:00:00,0.0
2020-11-02 04:00:00,0.0
2020-11-02 05:00:00,5.28
2020-11-02 06:00:00,108.57
2020-11-02 07:00:00,303.95
2020-11-02 08:00:00,504.6
2020-11-02 09:00:00,478.9
2020-11-02 10:00:00,790.72
2020-11-02 11:00:00,810.72
2020-11-02 12:00:00,760.67
2020-11-02 13:00:00,633.8
2020-11-02 14:00:00,455.73
2020-11-02 15:00:00,252.05
2020-11-02 16:00:00,56.0
2020-11-02 17:00:00,0.0
2020-11-02 18:00:00,0.0
2020-11-02 19:00:00,0.0
2020-11-02 20:00:00,0.0
2020-11-02 21:00:00,0.0
2020-11-02 22:00:00,0.0
2020-11-02 23:00:00,0.0
2020-11-03 00:00:00,0.0
2020-11-03 01:00:00,0.0
2020-11-03 02:00:00,0.0
2020-11-03 03:00:00,0.0
2020-11-03 04:00:00,0.0
2020-11-03 05:00:00,5.3
2020-11-03 06:00:00,110.12
2020-11-03 07:00:00,297.25
2020-11-03 08:00:00,472.73
2020-11-03 09:00:00,665.78
2020-11-03 10:00:00,771.62
2020-11-03 11:00:00,778.75
2020-11-03 12:00:00,682.0
2020-11-03 13:00:00,623.7
2020-11-03 14:00:00,444.17
2020-11-03 15:00:00,236.52
2020-11-03 16:00:00,59.25
2020-11-03 17:00:00,0.0
2020-11-03 18:00:00,0.0
2020-11-03 19:00:00,0.0
2020-11-03 20:00:00,0.0
2020-11-03 21:00:00,0.0
2020-11-03 22:00:00,0.0
2020-11-03 23:00:00,0.0
2020-11-04 00:00:00,0.0
2020-11-04 01:00:00,0.0
2020-11-04 02:00:00,0.0
2020-11-04 03:00:00,0.0
2020-11-04 04:00:00,0.0
2020-11-04 05:00:00,4.72
2020-11-04 06:00:00,91.43
2020-11-04 07:00:00,255.35
2020-11-04 08:00:00,421.6
2020-11-04 09:00:00,525.97
2020-11-04 10:00:00,604.83
2020-11-04 11:00:00,551.08
2020-11-04 12:00:00,487.3
2020-11-04 13:00:00,460.83
2020-11-04 14:00:00,338.88
2020-11-04 15:00:00,185.57
2020-11-04 16:00:00,48.08
2020-11-04 17:00:00,0.0
2020-11-04 18:00:00,0.0
2020-11-04 19:00:00,0.0
2020-11-04 20:00:00,0.0
2020-11-04 21:00:00,0.0
2020-11-04 22:00:00,0.0
2020-11-04 23:00:00,0.0
2020-11-05 00:00:00,0.0
2020-11-05 01:00:00,0.0
2020-11-05 02:00:00,0.0
2020-11-05 03:00:00,0.0
2020-11-05 04:00:00,0.0
2020-11-05 05:00:00,5.38
2020-11-05 06:00:00,114.85
2020-11-05 07:00:00,319.77
2020-11-05 08:00:00,530.58
2020-11-05 09:00:00,688.53
2020-11-05 10:00:00,742.55
2020-11-05 11:00:00,742.72
2020-11-05 12:00:00,696.4
2020-11-05 13:00:00,614.2
2020-11-05 14:00:00,461.4
2020-11-05 15:00:00,255.68
2020-11-05 16:00:00,67.32
2020-11-05 17:00:00,0.0
2020-11-05 18:00:00,0.0
2020-11-05 19:00:00,0.0
2020-11-05 20:00:00,0.0
2020-11-05 21:00:00,0.0
2020-11-05 22:00:00,0.0
2020-11-05 23:00:00,0.0
2020-11-06 00:00:00,0.0
2020-11-06 01:00:00,0.0
2020-11-06 02:00:00,0.0
2020-11-06 03:00:00,0.0
2020-11-06 04:00:00,0.0
2020-11-06 05:00:00,5.88
2020-11-06 06:00:00,123.0
2020-11-06 07:00:00,314.1
2020-11-06 08:00:00,498.12
2020-11-06 09:00:00,655.03
2020-11-06 10:00:00,723.62
2020-11-06 11:00:00,805.88
2020-11-06 12:00:00,745.72
2020-11-06 13:00:00,632.2
2020-11-06 14:00:00,480.75
2020-11-06 15:00:00,273.7
2020-11-06 16:00:00,78.35
2020-11-06 17:00:00,0.0
2020-11-06 18:00:00,0.0
2020-11-06 19:00:00,0.0
2020-11-06 20:00:00,0.0
2020-11-06 21:00:00,0.0
2020-11-06 22:00:00,0.0
2020-11-06 23:00:00,0.0
2020-11-07 00:00:00,0.0
2020-11-07 01:00:00,0.0
2020-11-07 02:00:00,0.0
2020-11-07 03:00:00,0.0
2020-11-07 04:00:00,0.0
2020-11-07 05:00:00,4.7
2020-11-07 06:00:00,94.7
2020-11-07 07:00:00,248.02
2020-11-07 08:00:00,404.62
2020-11-07 09:00:00,592.28
2020-11-07 10:00:00,667.75
2020-11-07 11:00:00,699.8
2020-11-07 12:00:00,596.28
2020-11-07 13:00:00,430.05
2020-11-07 14:00:00,370.38
2020-11-07 15:00:00,200.93
2020-11-07 16:00:00,50.65
2020-11-07 17:00:00,0.0
2020-11-07 18:00:00,0.0
2020-11-07 19:00:00,0.0
2020-11-07 20:00:00,0.0
2020-11-07 21:00:00,0.0
2020-11-07 22:00:00,0.0
2020-11-07 23:00:00,0.0
2020-11-08 00:00:00,0.0
2020-11-08 01:00:00,0.0
2020-11-08 02:00:00,0.0
2020-11-08 03:00:00,0.0
2020-11-08 04:00:00,0.0
2020-11-08 05:00:00,4.05
2020-11-08 06:00:00,84.6
2020-11-08 07:00:00,226.35
2020-11-08 08:00:00,377.83
2020-11-08 09:00:00,605.88
2020-11-08 10:00:00,649.28
2020-11-08 11:00:00,694.38
2020-11-08 12:00:00,639.08
2020-11-08 13:00:00,532.75
2020-11-08 14:00:00,403.58
2020-11-08 15:00:00,229.9
2020-11-08 16:00:00,62.38
2020-11-08 17:00:00,0.0
2020-11-08 18:00:00,0.0
2020-11-08 19:00:00,0.0
2020-11-08 20:00:00,0.0
2020-11-08 21:00:00,0.0
2020-11-08 22:00:00,0.0
2020-11-08 23:00:00,0.0
2020-11-09 00:00:00,0.0
2020-11-09 01:00:00,0.0
2020-11-09 02:00:00,0.0
2020-11-09 03:00:00,0.0
2020-11-09 04:00:00,0.0
2020-11-09 05:00:00,4.47
2020-11-09 06:00:00,103.22
2020-11-09 07:00:00,292.58
2020-11-09 08:00:00,481.02
2020-11-09 09:00:00,664.38
2020-11-09 10:00:00,751.97
2020-11-09 11:00:00,816.03
2020-11-09 12:00:00,756.75
2020-11-09 13:00:00,634.55
2020-11-09 14:00:00,471.88
2020-11-09 15:00:00,240.98
2020-11-09 16:00:00,49.05
2020-11-09 17:00:00,0.0
2020-11-09 18:00:00,0.0
2020-11-09 19:00:00,0.0
2020-11-09 20:00:00,0.0
2020-11-09 21:00:00,0.0
2020-11-09 22:00:00,0.0
2020-11-09 23:00:00,0.0
2020-11-10 00:00:00,0.0
2020-11-10 01:00:00,0.0
2020-11-10 02:00:00,0.0
2020-11-10 03:00:00,0.0
2020-11-10 04:00:00,0.0
2020-11-10 05:00:00,4.68
2020-11-10 06:00:00,114.95
2020-11-10 07:00:00,321.77
2020-11-10 08:00:00,531.75
2020-11-10 09:00:00,674.1
2020-11-10 10:00:00,787.05
2020-11-10 11:00:00,763.03
2020-11-10 12:00:00,705.72
2020-11-10 13:00:00,637.62
2020-11-10 14:00:00,475.95
2020-11-10 15:00:00,262.8
2020-11-10 16:00:00,67.07
2020-11-10 17:00:00,0.0
2020-11-10 18:00:00,0.0
2020-11-10 19:00:00,0.0
2020-11-10 20:00:00,0.0
2020-11-10 21:00:00,0.0
2020-11-10 22:00:00,0.0
2020-11-10 23:00:00,0.0
2020-11-11 00:00:00,0.0
2020-11-11 01:00:00,0.0
2020-11-11 02:00:00,0.0
2020-11-11 03:00:00,0.0
2020-11-11 04:00:00,0.0
2020-11-11 05:00:00,3.35
2020-11-11 06:00:00,61.53
2020-11-11 07:00:00,152.1
2020-11-11 08:00:00,251.75
2020-11-11 09:00:00,287.25
2020-11-11 10:00:00,347.92
2020-11-11 11:00:00,491.77
2020-11-11 12:00:00,467.98
2020-11-11 13:00:00,354.17
2020-11-11 14:00:00,272.62
2020-11-11 15:00:00,148.05
2020-11-11 16:00:00,31.08
2020-11-11 17:00:00,0.0
2020-11-11 18:00:00,0.0
2020-11-11 19:00:00,0.0
2020-11-11 20:00:00,0.0
2020-11-11 21:00:00,0.0
2020-11-11 22:00:00,0.0
2020-11-11 23:00:00,0.0
2020-11-12 00:00:00,0.0
2020-11-12 01:00:00,0.0
2020-11-12 02:00:00,0.0
2020-11-12 03:00:00,0.0
2020-11-12 04:00:00,0.0
2020-11-12 05:00:00,2.6
2020-11-12 06:00:00,57.17
2020-11-12 07:00:00,97.53
2020-11-12 08:00:00,43.88
2020-11-12 09:00:00,89.12
2020-11-12 10:00:00,142.25
2020-11-12 11:00:00,274.55
2020-11-12 12:00:00,346.95
2020-11-12 13:00:00,292.17
2020-11-12 14:00:00,251.27
2020-11-12 15:00:00,125.18
2020-11-12 16:00:00,32.7
2020-11-12 17:00:00,0.0
2020-11-12 18:00:00,0.0
2020-11-12 19:00:00,0.0
2020-11-12 20:00:00,0.0
2020-11-12 21:00:00,0.0
2020-11-12 22:00:00,0.0
2020-11-12 23:00:00,0.0
2020-11-13 00:00:00,0.0
2020-11-13 01:00:00,0.0
2020-11-13 02:00:00,0.0
2020-11-13 03:00:00,0.0
2020-11-13 04:00:00,0.0
2020-11-13 05:00:00,2.88
2020-11-13 06:00:00,69.1
2020-11-13 07:00:00,183.95
2020-11-13 08:00:00,348.4
2020-11-13 09:00:00,514.83
2020-11-13 10:00:00,699.53
2020-11-13 11:00:00,714.03
2020-11-13 12:00:00,696.38
2020-11-13 13:00:00,561.1
2020-11-13 14:00:00,407.9
2020-11-13 15:00:00,225.2
2020-11-13 16:00:00,60.17
2020-11-13 17:00:00,0.0
2020-11-13 18:00:00,0.0
2020-11-13 19:00:00,0.0
2020-11-13 20:00:00,0.0
2020-11-13 21:00:00,0.0
2020-11-13 22:00:00,0.0
2020-11-13 23:00:00,0.0
2020-11-14 00:00:00,0.0
2020-11-14 01:00:00,0.0
2020-11-14 02:00:00,0.0
2020-11-14 03:00:00,0.0
2020-11-14 04:00:00,0.0
2020-11-14 05:00:00,3.78
2020-11-14 06:00:00,109.25
2020-11-14 07:00:00,292.58
2020-11-14 08:00:00,519.33
2020-11-14 09:00:00,668.78
2020-11-14 10:00:00,783.28
2020-11-14 11:00:00,819.95
2020-11-14 12:00:00,794.72
2020-11-14 13:00:00,663.65
2020-11-14 14:00:00,476.73
2020-11-14 15:00:00,268.12
2020-11-14 16:00:00,68.2
2020-11-14 17:00:00,0.0
2020-11-14 18:00:00,0.0
2020-11-14 19:00:00,0.0
2020-11-14 20:00:00,0.0
2020-11-14 21:00:00,0.0
2020-11-14 22:00:00,0.0
2020-11-14 23:00:00,0.0
2020-11-15 00:00:00,0.0
2020-11-15 01:00:00,0.0
2020-11-15 02:00:00,0.0
2020-11-15 03:00:00,0.0
2020-11-15 04:00:00,0.0
2020-11-15 05:00:00,1.27
2020-11-15 06:00:00,48.97
2020-11-15 07:00:00,126.0
2020-11-15 08:00:00,231.4
2020-11-15 09:00:00,114.3
2020-11-15 10:00:00,196.75
2020-11-15 11:00:00,160.43
2020-11-15 12:00:00,97.05
2020-11-15 13:00:00,85.07
2020-11-15 14:00:00,116.78
2020-11-15 15:00:00,66.85
2020-11-15 16:00:00,15.7
2020-11-15 17:00:00,0.0
2020-11-15 18:00:00,0.0
2020-11-15 19:00:00,0.0
2020-11-15 20:00:00,0.0
2020-11-15 21:00:00,0.0
2020-11-15 22:00:00,0.0
2020-11-15 23:00:00,0.0
2020-11-16 00:00:00,0.0
2020-11-16 01:00:00,0.0
2020-11-16 02:00:00,0.0
2020-11-16 03:00:00,0.0
2020-11-16 04:00:00,0.0
2020-11-16 05:00:00,1.2
2020-11-16 06:00:00,37.1
2020-11-16 07:00:00,96.5
2020-11-16 08:00:00,175.12
2020-11-16 09:00:00,152.65
2020-11-16 10:00:00,87.2
2020-11-16 11:00:00,120.47
2020-11-16 12:00:00,132.23
2020-11-16 13:00:00,107.43
2020-11-16 14:00:00,82.82
2020-11-16 15:00:00,46.35
2020-11-16 16:00:00,10.65
2020-11-16 17:00:00,0.0
2020-11-16 18:00:00,0.0
2020-11-16 19:00:00,0.0
2020-11-16 20:00:00,0.0
2020-11-16 21:00:00,0.0
2020-11-16 22:00:00,0.0
2020-11-16 23:00:00,0.0
2020-11-17 00:00:00,0.0
2020-11-17 01:00:00,0.0
2020-11-17 02:00:00,0.0
2020-11-17 03:00:00,0.0
2020-11-17 04:00:00,0.0
2020-11-17 05:00:00,3.28
2020-11-17 06:00:00,91.07
2020-11-17 07:00:00,243.23
2020-11-17 08:00:00,397.05
2020-11-17 09:00:00,599.0
2020-11-17 10:00:00,697.4
2020-11-17 11:00:00,726.67
2020-11-17 12:00:00,743.35
2020-11-17 13:00:00,612.47
2020-11-17 14:00:00,434.55
2020-11-17 15:00:00,246.55
2020-11-17 16:00:00,68.95
2020-11-17 17:00:00,0.0
2020-11-17 18:00:00,0.0
2020-11-17 19:00:00,0.0
2020-11-17 20:00:00,0.0
2020-11-17 21:00:00,0.0
2020-11-17 22:00:00,0.0
2020-11-17 23:00:00,0.0
2020-11-18 00:00:00,0.0
2020-11-18 01:00:00,0.0
2020-11-18 02:00:00,0.0
2020-11-18 03:00:00,0.0
2020-11-18 04:00:00,0.0
2020-11-18 05:00:00,3.25
2020-11-18 06:00:00,101.03
2020-11-18 07:00:00,286.8
2020-11-18 08:00:00,491.8
2020-11-18 09:00:00,585.33
2020-11-18 10:00:00,692.38
2020-11-18 11:00:00,768.38
2020-11-18 12:00:00,720.28
2020-11-18 13:00:00,569.25
2020-11-18 14:00:00,449.35
2020-11-18 15:00:00,264.52
2020-11-18 16:00:00,73.12
2020-11-18 17:00:00,0.0
2020-11-18 18:00:00,0.0
2020-11-18 19:00:00,0.0
2020-11-18 20:00:00,0.0
2020-11-18 21:00:00,0.0
2020-11-18 22:00:00,0.0
2020-11-18 23:00:00,0.0
2020-11-19 00:00:00,0.0
2020-11-19 01:00:00,0.0
2020-11-19 02:00:00,0.0
2020-11-19 03:00:00,0.0
2020-11-19 04:00:00,0.0
2020-11-19 05:00:00,0.0
2020-11-19 06:00:00,114.75
2020-11-19 07:00:00,293.0
2020-11-19 08:00:00,484.98
2020-11-19 09:00:00,672.33
2020-11-19 10:00:00,764.8
2020-11-19 11:00:00,776.7
2020-11-19 12:00:00,693.62
2020-11-19 13:00:00,596.9
2020-11-19 14:00:00,440.73
2020-11-19 15:00:00,257.58
2020-11-19 16:00:00,72.68
2020-11-19 17:00:00,0.0
2020-11-19 18:00:00,0.0
2020-11-19 19:00:00,0.0
2020-11-19 20:00:00,0.0
2020-11-19 21:00:00,0.0
2020-11-19 22:00:00,0.0
2020-11-19 23:00:00,0.0
2020-11-20 00:00:00,0.0
2020-11-20 01:00:00,0.0
2020-11-20 02:00:00,0.0
2020-11-20 03:00:00,0.0
2020-11-20 04:00:00,0.0
2020-11-20 05:00:00,0.0
2020-11-20 06:00:00,105.4
2020-11-20 07:00:00,292.65
2020-11-20 08:00:00,482.15
2020-11-20 09:00:00,658.55
2020-11-20 10:00:00,755.2
2020-11-20 11:00:00,830.22
2020-11-20 12:00:00,805.1
2020-11-20 13:00:00,646.62
2020-11-20 14:00:00,492.12
2020-11-20 15:00:00,289.0
2020-11-20 16:00:00,81.9
2020-11-20 17:00:00,0.0
2020-11-20 18:00:00,0.0
2020-11-20 19:00:00,0.0
2020-11-20 20:00:00,0.0
2020-11-20 21:00:00,0.0
2020-11-20 22:00:00,0.0
2020-11-20 23:00:00,0.0
2020-11-21 00:00:00,0.0
2020-11-21 01:00:00,0.0
2020-11-21 02:00:00,0.0
2020-11-21 03:00:00,0.0
2020-11-21 04:00:00,0.0
2020-11-21 05:00:00,0.0
2020-11-21 06:00:00,125.62
2020-11-21 07:00:00,337.62
2020-11-21 08:00:00,513.28
2020-11-21 09:00:00,696.75
2020-11-21 10:00:00,756.03
2020-11-21 11:00:00,856.0
2020-11-21 12:00:00,809.4
2020-11-21 13:00:00,694.12
2020-11-21 14:00:00,517.08
2020-11-21 15:00:00,298.6
2020-11-21 16:00:00,60.28
2020-11-21 17:00:00,0.0
2020-11-21 18:00:00,0.0
2020-11-21 19:00:00,0.0
2020-11-21 20:00:00,0.0
2020-11-21 21:00:00,0.0
2020-11-21 22:00:00,0.0
2020-11-21 23:00:00,0.0
2020-11-22 00:00:00,0.0
2020-11-22 01:00:00,0.0
2020-11-22 02:00:00,0.0
2020-11-22 03:00:00,0.0
2020-11-22 04:00:00,0.0
2020-11-22 05:00:00,0.0
2020-11-22 06:00:00,99.15
2020-11-22 07:00:00,283.88
2020-11-22 08:00:00,476.33
2020-11-22 09:00:00,642.3
2020-11-22 10:00:00,765.5
2020-11-22 11:00:00,803.35
2020-11-22 12:00:00,746.85
2020-11-22 13:00:00,647.17
2020-11-22 14:00:00,499.55
2020-11-22 15:00:00,276.9
2020-11-22 16:00:00,68.97
2020-11-22 17:00:00,0.0
2020-11-22 18:00:00,0.0
2020-11-22 19:00:00,0.0
2020-11-22 20:00:00,0.0
2020-11-22 21:00:00,0.0
2020-11-22 22:00:00,0.0
2020-11-22 23:00:00,0.0
2020-11-23 00:00:00,0.0
2020-11-23 01:00:00,0.0
2020-11-23 02:00:00,0.0
2020-11-23 03:00:00,0.0
2020-11-23 04:00:00,0.0
2020-11-23 05:00:00,0.0
2020-11-23 06:00:00,78.15
2020-11-23 07:00:00,230.98
2020-11-23 08:00:00,408.15
2020-11-23 09:00:00,532.28
2020-11-23 10:00:00,599.1
2020-11-23 11:00:00,643.25
2020-11-23 12:00:00,598.85
2020-11-23 13:00:00,496.2
2020-11-23 14:00:00,349.62
2020-11-23 15:00:00,182.88
2020-11-23 16:00:00,48.4
2020-11-23 17:00:00,0.0
2020-11-23 18:00:00,0.0
2020-11-23 19:00:00,0.0
2020-11-23 20:00:00,0.0
2020-11-23 21:00:00,0.0
2020-11-23 22:00:00,0.0
2020-11-23 23:00:00,0.0
2020-11-24 00:00:00,0.0
2020-11-24 01:00:00,0.0
2020-11-24 02:00:00,0.0
2020-11-24 03:00:00,0.0
2020-11-24 04:00:00,0.0
2020-11-24 05:00:00,0.0
2020-11-24 06:00:00,55.85
2020-11-24 07:00:00,142.07
2020-11-24 08:00:00,199.95
2020-11-24 09:00:00,228.6
2020-11-24 10:00:00,345.75
2020-11-24 11:00:00,470.3
2020-11-24 12:00:00,324.5
2020-11-24 13:00:00,177.2
2020-11-24 14:00:00,93.78
2020-11-24 15:00:00,53.4
2020-11-24 16:00:00,8.6
2020-11-24 17:00:00,0.0
2020-11-24 18:00:00,0.0
2020-11-24 19:00:00,0.0
2020-11-24 20:00:00,0.0
2020-11-24 21:00:00,0.0
2020-11-24 22:00:00,0.0
2020-11-24 23:00:00,0.0
2020-11-25 00:00:00,0.0
2020-11-25 01:00:00,0.0
2020-11-25 02:00:00,0.0
2020-11-25 03:00:00,0.0
2020-11-25 04:00:00,0.0
2020-11-25 05:00:00,0.0
2020-11-25 06:00:00,21.42
2020-11-25 07:00:00,57.72
2020-11-25 08:00:00,97.75
2020-11-25 09:00:00,156.35
2020-11-25 10:00:00,65.28
2020-11-25 11:00:00,58.3
2020-11-25 12:00:00,58.53
2020-11-25 13:00:00,60.83
2020-11-25 14:00:00,63.38
2020-11-25 15:00:00,43.05
2020-11-25 16:00:00,15.02
2020-11-25 17:00:00,0.0
2020-11-25 18:00:00,0.0
2020-11-25 19:00:00,0.0
2020-11-25 20:00:00,0.0
2020-11-25 21:00:00,0.0
2020-11-25 22:00:00,0.0
2020-11-25 23:00:00,0.0
2020-11-26 00:00:00,0.0
2020-11-26 01:00:00,0.0
2020-11-26 02:00:00,0.0
2020-11-26 03:00:00,0.0
2020-11-26 04:00:00,0.0
2020-11-26 05:00:00,0.0
2020-11-26 06:00:00,32.95
2020-11-26 07:00:00,88.1
2020-11-26 08:00:00,166.07
2020-11-26 09:00:00,286.73
2020-11-26 10:00:00,320.17
2020-11-26 11:00:00,283.98
2020-11-26 12:00:00,314.75
2020-11-26 13:00:00,295.95
2020-11-26 14:00:00,169.2
2020-11-26 15:00:00,74.7
2020-11-26 16:00:00,8.2
2020-11-26 17:00:00,0.0
2020-11-26 18:00:00,0.0
2020-11-26 19:00:00,0.0
2020-11-26 20:00:00,0.0
2020-11-26 21:00:00,0.0
2020-11-26 22:00:00,0.0
2020-11-26 23:00:00,0.0
2020-11-27 00:00:00,0.0
2020-11-27 01:00:00,0.0
2020-11-27 02:00:00,0.0
2020-11-27 03:00:00,0.0
2020-11-27 04:00:00,0.0
2020-11-27 05:00:00,0.0
2020-11-27 06:00:00,53.7
2020-11-27 07:00:00,134.82
2020-11-27 08:00:00,186.4
2020-11-27 09:00:00,264.8
2020-11-27 10:00:00,319.23
2020-11-27 11:00:00,334.9
2020-11-27 12:00:00,263.35
2020-11-27 13:00:00,342.15
2020-11-27 14:00:00,296.1
2020-11-27 15:00:00,174.35
2020-11-27 16:00:00,49.8
2020-11-27 17:00:00,0.0
2020-11-27 18:00:00,0.0
2020-11-27 19:00:00,0.0
2020-11-27 20:00:00,0.0
2020-11-27 21:00:00,0.0
2020-11-27 22:00:00,0.0
2020-11-27 23:00:00,0.0
2020-11-28 00:00:00,0.0
2020-11-28 01:00:00,0.0
2020-11-28 02:00:00,0.0
2020-11-28 03:00:00,0.0
2020-11-28 04:00:00,0.0
2020-11-28 05:00:00,0.0
2020-11-28 06:00:00,82.28
2020-11-28 07:00:00,254.75
2020-11-28 08:00:00,421.12
2020-11-28 09:00:00,598.65
2020-11-28 10:00:00,618.53
2020-11-28 11:00:00,595.97
2020-11-28 12:00:00,588.03
2020-11-28 13:00:00,470.77
2020-11-28 14:00:00,363.12
2020-11-28 15:00:00,198.3
2020-11-28 16:00:00,51.88
2020-11-28 17:00:00,0.0
2020-11-28 18:00:00,0.0
2020-11-28 19:00:00,0.0
2020-11-28 20:00:00,0.0
2020-11-28 21:00:00,0.0
2020-11-28 22:00:00,0.0
2020-11-28 23:00:00,0.0
2020-11-29 00:00:00,0.0
2020-11-29 01:00:00,0.0
2020-11-29 02:00:00,0.0
2020-11-29 03:00:00,0.0
2020-11-29 04:00:00,0.0
2020-11-29 05:00:00,0.0
2020-11-29 06:00:00,64.25
2020-11-29 07:00:00,204.85
2020-11-29 08:00:00,370.2
2020-11-29 09:00:00,474.85
2020-11-29 10:00:00,588.33
2020-11-29 11:00:00,623.33
2020-11-29 12:00:00,581.92
2020-11-29 13:00:00,425.65
2020-11-29 14:00:00,224.18
2020-11-29 15:00:00,126.72
2020-11-29 16:00:00,31.4
2020-11-29 17:00:00,0.0
2020-11-29 18:00:00,0.0
2020-11-29 19:00:00,0.0
2020-11-29 20:00:00,0.0
2020-11-29 21:00:00,0.0
2020-11-29 22:00:00,0.0
2020-11-29 23:00:00,0.0
2020-11-30 00:00:00,0.0
2020-11-30 01:00:00,0.0
2020-11-30 02:00:00,0.0
2020-11-30 03:00:00,0.0
2020-11-30 04:00:00,0.0
2020-11-30 05:00:00,0.0
2020-11-30 06:00:00,69.55
2020-11-30 07:00:00,215.52
2020-11-30 08:00:00,376.95
2020-11-30 09:00:00,509.33
2020-11-30 10:00:00,626.55
2020-11-30 11:00:00,723.12
2020-11-30 12:00:00,650.28
2020-11-30 13:00:00,533.78
2020-11-30 14:00:00,424.95
2020-11-30 15:00:00,246.07
2020-11-30 16:00:00,72.1
2020-11-30 17:00:00,0.0
2020-11-30 18:00:00,0.0
2020-11-30 19:00:00,0.0
2020-11-30 20:00:00,0.0
2020-11-30 21:00:00,0.0
2020-11-30 22:00:00,0.0
2020-11-30 23:00:00,0.0
2020-12-01 00:00:00,0.0
2020-12-01 01:00:00,0.0
2020-12-01 02:00:00,0.0
2020-12-01 03:00:00,0.0
2020-12-01 04:00:00,0.0
2020-12-01 05:00:00,0.0
2020-12-01 06:00:00,66.9
2020-12-01 07:00:00,218.75
2020-12-01 08:00:00,373.7
2020-12-01 09:00:00,516.78
2020-12-01 10:00:00,614.47
2020-12-01 11:00:00,619.35
2020-12-01 12:00:00,608.78
2020-12-01 13:00:00,460.08
2020-12-01 14:00:00,271.17
2020-12-01 15:00:00,156.2
2020-12-01 16:00:00,47.45
2020-12-01 17:00:00,0.0
2020-12-01 18:00:00,0.0
2020-12-01 19:00:00,0.0
2020-12-01 20:00:00,0.0
2020-12-01 21:00:00,0.0
2020-12-01 22:00:00,0.0
2020-12-01 23:00:00,0.0
2020-12-02 00:00:00,0.0
2020-12-02 01:00:00,0.0
2020-12-02 02:00:00,0.0
2020-12-02 03:00:00,0.0
2020-12-02 04:00:00,0.0
2020-12-02 05:00:00,0.0
2020-12-02 06:00:00,52.92
2020-12-02 07:00:00,156.38
2020-12-02 08:00:00,243.98
2020-12-02 09:00:00,326.8
2020-12-02 10:00:00,260.65
2020-12-02 11:00:00,294.75
2020-12-02 12:00:00,243.45
2020-12-02 13:00:00,180.6
2020-12-02 14:00:00,131.32
2020-12-02 15:00:00,68.97
2020-12-02 16:00:00,15.12
2020-12-02 17:00:00,0.0
2020-12-02 18:00:00,0.0
2020-12-02 19:00:00,0.0
2020-12-02 20:00:00,0.0
2020-12-02 21:00:00,0.0
2020-12-02 22:00:00,0.0
2020-12-02 23:00:00,0.0
2020-12-03 00:00:00,0.0
2020-12-03 01:00:00,0.0
2020-12-03 02:00:00,0.0
2020-12-03 03:00:00,0.0
2020-12-03 04:00:00,0.0
2020-12-03 05:00:00,0.0
2020-12-03 06:00:00,44.85
2020-12-03 07:00:00,125.3
2020-12-03 08:00:00,67.45
2020-12-03 09:00:00,132.68
2020-12-03 10:00:00,162.8
2020-12-03 11:00:00,187.07
2020-12-03 12:00:00,206.05
2020-12-03 13:00:00,157.55
2020-12-03 14:00:00,148.1
2020-12-03 15:00:00,74.18
2020-12-03 16:00:00,19.05
2020-12-03 17:00:00,0.0
2020-12-03 18:00:00,0.0
2020-12-03 19:00:00,0.0
2020-12-03 20:00:00,0.0
2020-12-03 21:00:00,0.0
2020-12-03 22:00:00,0.0
2020-12-03 23:00:00,0.0
2020-12-04 00:00:00,0.0
2020-12-04 01:00:00,0.0
2020-12-04 02:00:00,0.0
2020-12-04 03:00:00,0.0
2020-12-04 04:00:00,0.0
2020-12-04 05:00:00,0.0
2020-12-04 06:00:00,16.9
2020-12-04 07:00:00,40.97
2020-12-04 08:00:00,53.03
2020-12-04 09:00:00,60.15
2020-12-04 10:00:00,69.65
2020-12-04 11:00:00,146.85
2020-12-04 12:00:00,186.02
2020-12-04 13:00:00,107.75
2020-12-04 14:00:00,148.68
2020-12-04 15:00:00,90.35
2020-12-04 16:00:00,25.58
2020-12-04 17:00:00,0.0
2020-12-04 18:00:00,0.0
2020-12-04 19:00:00,0.0
2020-12-04 20:00:00,0.0
2020-12-04 21:00:00,0.0
2020-12-04 22:00:00,0.0
2020-12-04 23:00:00,0.0
2020-12-05 00:00:00,0.0
2020-12-05 01:00:00,0.0
2020-12-05 02:00:00,0.0
2020-12-05 03:00:00,0.0
2020-12-05 04:00:00,0.0
2020-12-05 05:00:00,0.0
2020-12-05 06:00:00,61.8
2020-12-05 07:00:00,192.5
2020-12-05 08:00:00,356.9
2020-12-05 09:00:00,437.77
2020-12-05 10:00:00,459.62
2020-12-05 11:00:00,472.48
2020-12-05 12:00:00,284.15
2020-12-05 13:00:00,257.67
2020-12-05 14:00:00,181.65
2020-12-05 15:00:00,120.6
2020-12-05 16:00:00,35.3
2020-12-05 17:00:00,0.0
2020-12-05 18:00:00,0.0
2020-12-05 19:00:00,0.0
2020-12-05 20:00:00,0.0
2020-12-05 21:00:00,0.0
2020-12-05 22:00:00,0.0
2020-12-05 23:00:00,0.0
2020-12-06 00:00:00,0.0
2020-12-06 01:00:00,0.0
2020-12-06 02:00:00,0.0
2020-12-06 03:00:00,0.0
2020-12-06 04:00:00,0.0
2020-12-06 05:00:00,0.0
2020-12-06 06:00:00,61.55
2020-12-06 07:00:00,191.18
2020-12-06 08:00:00,347.73
2020-12-06 09:00:00,534.42
2020-12-06 10:00:00,658.78
2020-12-06 11:00:00,707.17
2020-12-06 12:00:00,718.7
2020-12-06 13:00:00,589.62
2020-12-06 14:00:00,453.75
2020-12-06 15:00:00,254.65
2020-12-06 16:00:00,70.05
2020-12-06 17:00:00,0.0
2020-12-06 18:00:00,0.0
2020-12-06 19:00:00,0.0
2020-12-06 20:00:00,0.0
2020-12-06 21:00:00,0.0
2020-12-06 22:00:00,0.0
2020-12-06 23:00:00,0.0
2020-12-07 00:00:00,0.0
2020-12-07 01:00:00,0.0
2020-12-07 02:00:00,0.0
2020-12-07 03:00:00,0.0
2020-12-07 04:00:00,0.0
2020-12-07 05:00:00,0.0
2020-12-07 06:00:00,57.7
2020-12-07 07:00:00,183.7
2020-12-07 08:00:00,344.02
2020-12-07 09:00:00,463.12
2020-12-07 10:00:00,497.15
2020-12-07 11:00:00,397.95
2020-12-07 12:00:00,472.33
2020-12-07 13:00:00,221.45
2020-12-07 14:00:00,215.93
2020-12-07 15:00:00,125.47
2020-12-07 16:00:00,39.7
2020-12-07 17:00:00,0.0
2020-12-07 18:00:00,0.0
2020-12-07 19:00:00,0.0
2020-12-07 20:00:00,0.0
2020-12-07 21:00:00,0.0
2020-12-07 22:00:00,0.0
2020-12-07 23:00:00,0.0
2020-12-08 00:00:00,0.0
2020-12-08 01:00:00,0.0
2020-12-08 02:00:00,0.0
2020-12-08 03:00:00,0.0
2020-12-08 04:00:00,0.0
2020-12-08 05:00:00,0.0
2020-12-08 06:00:00,67.78
2020-12-08 07:00:00,209.7
2020-12-08 08:00:00,341.05
2020-12-08 09:00:00,459.83
2020-12-08 10:00:00,592.7
2020-12-08 11:00:00,662.97
2020-12-08 12:00:00,585.4
2020-12-08 13:00:00,451.98
2020-12-08 14:00:00,354.17
2020-12-08 15:00:00,193.55
2020-12-08 16:00:00,51.17
2020-12-08 17:00:00,0.0
2020-12-08 18:00:00,0.0
2020-12-08 19:00:00,0.0
2020-12-08 20:00:00,0.0
2020-12-08 21:00:00,0.0
2020-12-08 22:00:00,0.0
2020-12-08 23:00:00,0.0
2020-12-09 00:00:00,0.0
2020-12-09 01:00:00,0.0
2020-12-09 02:00:00,0.0
2020-12-09 03:00:00,0.0
2020-12-09 04:00:00,0.0
2020-12-09 05:00:00,0.0
2020-12-09 06:00:00,47.8
2020-12-09 07:00:00,183.57
2020-12-09 08:00:00,350.58
2020-12-09 09:00:00,551.0
2020-12-09 10:00:00,666.58
2020-12-09 11:00:00,767.65
2020-12-09 12:00:00,751.62
2020-12-09 13:00:00,591.85
2020-12-09 14:00:00,494.1
2020-12-09 15:00:00,286.77
2020-12-09 16:00:00,79.65
2020-12-09 17:00:00,0.0
2020-12-09 18:00:00,0.0
2020-12-09 19:00:00,0.0
2020-12-09 20:00:00,0.0
2020-12-09 21:00:00,0.0
2020-12-09 22:00:00,0.0
2020-12-09 23:00:00,0.0
2020-12-10 00:00:00,0.0
2020-12-10 01:00:00,0.0
2020-12-10 02:00:00,0.0
2020-12-10 03:00:00,0.0
2020-12-10 04:00:00,0.0
2020-12-10 05:00:00,0.0
2020-12-10 06:00:00,71.9
2020-12-10 07:00:00,256.48
2020-12-10 08:00:00,443.4
2020-12-10 09:00:00,621.95
2020-12-10 10:00:00,723.17
2020-12-10 11:00:00,757.05
2020-12-10 12:00:00,689.4
2020-12-10 13:00:00,620.92
2020-12-10 14:00:00,459.05
2020-12-10 15:00:00,263.35
2020-12-10 16:00:00,73.97
2020-12-10 17:00:00,0.0
2020-12-10 18:00:00,0.0
2020-12-10 19:00:00,0.0
2020-12-10 20:00:00,0.0
2020-12-10 21:00:00,0.0
2020-12-10 22:00:00,0.0
2020-12-10 23:00:00,0.0
2020-12-11 00:00:00,0.0
2020-12-11 01:00:00,0.0
2020-12-11 02:00:00,0.0
2020-12-11 03:00:00,0.0
2020-12-11 04:00:00,0.0
2020-12-11 05:00:00,0.0
2020-12-11 06:00:00,68.22
2020-12-11 07:00:00,249.55
2020-12-11 08:00:00,421.98
2020-12-11 09:00:00,614.22
2020-12-11 10:00:00,676.78
2020-12-11 11:00:00,772.12
2020-12-11 12:00:00,748.4
2020-12-11 13:00:00,619.9
2020-12-11 14:00:00,461.0
2020-12-11 15:00:00,265.85
2020-12-11 16:00:00,76.82
2020-12-11 17:00:00,0.0
2020-12-11 18:00:00,0.0
2020-12-11 19:00:00,0.0
2020-12-11 20:00:00,0.0
2020-12-11 21:00:00,0.0
2020-12-11 22:00:00,0.0
2020-12-11 23:00:00,0.0
2020-12-12 00:00:00,0.0
2020-12-12 01:00:00,0.0
2020-12-12 02:00:00,0.0
2020-12-12 03:00:00,0.0
2020-12-12 04:00:00,0.0
2020-12-12 05:00:00,0.0
2020-12-12 06:00:00,61.97
2020-12-12 07:00:00,239.75
2020-12-12 08:00:00,444.15
2020-12-12 09:00:00,618.47
2020-12-12 10:00:00,731.92
2020-12-12 11:00:00,752.5
2020-12-12 12:00:00,724.28
2020-12-12 13:00:00,642.33
2020-12-12 14:00:00,454.62
2020-12-12 15:00:00,267.85
2020-12-12 16:00:00,76.12
2020-12-12 17:00:00,0.0
2020-12-12 18:00:00,0.0
2020-12-12 19:00:00,0.0
2020-12-12 20:00:00,0.0
2020-12-12 21:00:00,0.0
2020-12-12 22:00:00,0.0
2020-12-12 23:00:00,0.0
2020-12-13 00:00:00,0.0
2020-12-13 01:00:00,0.0
2020-12-13 02:00:00,0.0
2020-12-13 03:00:00,0.0
2020-12-13 04:00:00,0.0
2020-12-13 05:00:00,0.0
2020-12-13 06:00:00,63.75
2020-12-13 07:00:00,240.6
2020-12-13 08:00:00,425.85
2020-12-13 09:00:00,600.97
2020-12-13 10:00:00,579.35
2020-12-13 11:00:00,766.12
2020-12-13 12:00:00,719.62
2020-12-13 13:00:00,541.12
2020-12-13 14:00:00,439.23
2020-12-13 15:00:00,265.3
2020-12-13 16:00:00,83.53
2020-12-13 17:00:00,0.0
2020-12-13 18:00:00,0.0
2020-12-13 19:00:00,0.0
2020-12-13 20:00:00,0.0
2020-12-13 21:00:00,0.0
2020-12-13 22:00:00,0.0
2020-12-13 23:00:00,0.0
2020-12-14 00:00:00,0.0
2020-12-14 01:00:00,0.0
2020-12-14 02:00:00,0.0
2020-12-14 03:00:00,0.0
2020-12-14 04:00:00,0.0
2020-12-14 05:00:00,0.0
2020-12-14 06:00:00,59.45
2020-12-14 07:00:00,216.6
2020-12-14 08:00:00,388.9
2020-12-14 09:00:00,538.53
2020-12-14 10:00:00,617.58
2020-12-14 11:00:00,715.97
2020-12-14 12:00:00,700.33
2020-12-14 13:00:00,644.8
2020-12-14 14:00:00,491.1
2020-12-14 15:00:00,287.58
2020-12-14 16:00:00,79.38
2020-12-14 17:00:00,0.0
2020-12-14 18:00:00,0.0
2020-12-14 19:00:00,0.0
2020-12-14 20:00:00,0.0
2020-12-14 21:00:00,0.0
2020-12-14 22:00:00,0.0
2020-12-14 23:00:00,0.0
2020-12-15 00:00:00,0.0
2020-12-15 01:00:00,0.0
2020-12-15 02:00:00,0.0
2020-12-15 03:00:00,0.0
2020-12-15 04:00:00,0.0
2020-12-15 05:00:00,0.0
2020-12-15 06:00:00,51.33
2020-12-15 07:00:00,205.7
2020-12-15 08:00:00,389.12
2020-12-15 09:00:00,548.8
2020-12-15 10:00:00,619.45
2020-12-15 11:00:00,685.05
2020-12-15 12:00:00,687.17
2020-12-15 13:00:00,526.55
2020-12-15 14:00:00,307.12
2020-12-15 15:00:00,185.57
2020-12-15 16:00:00,54.5
2020-12-15 17:00:00,0.0
2020-12-15 18:00:00,0.0
2020-12-15 19:00:00,0.0
2020-12-15 20:00:00,0.0
2020-12-15 21:00:00,0.0
2020-12-15 22:00:00,0.0
2020-12-15 23:00:00,0.0
2020-12-16 00:00:00,0.0
2020-12-16 01:00:00,0.0
2020-12-16 02:00:00,0.0
2020-12-16 03:00:00,0.0
2020-12-16 04:00:00,0.0
2020-12-16 05:00:00,0.0
2020-12-16 06:00:00,37.38
2020-12-16 07:00:00,137.65
2020-12-16 08:00:00,262.0
2020-12-16 09:00:00,341.88
2020-12-16 10:00:00,398.98
2020-12-16 11:00:00,434.58
2020-12-16 12:00:00,400.88
2020-12-16 13:00:00,356.23
2020-12-16 14:00:00,256.85
2020-12-16 15:00:00,141.48
2020-12-16 16:00:00,28.2
2020-12-16 17:00:00,0.0
2020-12-16 18:00:00,0.0
2020-12-16 19:00:00,0.0
2020-12-16 20:00:00,0.0
2020-12-16 21:00:00,0.0
2020-12-16 22:00:00,0.0
2020-12-16 23:00:00,0.0
2020-12-17 00:00:00,0.0
2020-12-17 01:00:00,0.0
2020-12-17 02:00:00,0.0
2020-12-17 03:00:00,0.0
2020-12-17 04:00:00,0.0
2020-12-17 05:00:00,0.0
2020-12-17 06:00:00,39.7
2020-12-17 07:00:00,152.32
2020-12-17 08:00:00,299.95
2020-12-17 09:00:00,506.85
2020-12-17 10:00:00,528.25
2020-12-17 11:00:00,569.17
2020-12-17 12:00:00,567.53
2020-12-17 13:00:00,523.38
2020-12-17 14:00:00,400.27
2020-12-17 15:00:00,222.75
2020-12-17 16:00:00,66.15
2020-12-17 17:00:00,0.0
2020-12-17 18:00:00,0.0
2020-12-17 19:00:00,0.0
2020-12-17 20:00:00,0.0
2020-12-17 21:00:00,0.0
2020-12-17 22:00:00,0.0
2020-12-17 23:00:00,0.0
2020-12-18 00:00:00,0.0
2020-12-18 01:00:00,0.0
2020-12-18 02:00:00,0.0
2020-12-18 03:00:00,0.0
2020-12-18 04:00:00,0.0
2020-12-18 05:00:00,0.0
2020-12-18 06:00:00,39.78
2020-12-18 07:00:00,161.6
2020-12-18 08:00:00,318.25
2020-12-18 09:00:00,462.12
2020-12-18 10:00:00,535.97
2020-12-18 11:00:00,639.4
2020-12-18 12:00:00,594.85
2020-12-18 13:00:00,520.83
2020-12-18 14:00:00,361.88
2020-12-18 15:00:00,199.27
2020-12-18 16:00:00,61.38
2020-12-18 17:00:00,0.0
2020-12-18 18:00:00,0.0
2020-12-18 19:00:00,0.0
2020-12-18 20:00:00,0.0
2020-12-18 21:00:00,0.0
2020-12-18 22:00:00,0.0
2020-12-18 23:00:00,0.0
2020-12-19 00:00:00,0.0
2020-12-19 01:00:00,0.0
2020-12-19 02:00:00,0.0
2020-12-19 03:00:00,0.0
2020-12-19 04:00:00,0.0
2020-12-19 05:00:00,0.0
2020-12-19 06:00:00,40.0
2020-12-19 07:00:00,150.18
2020-12-19 08:00:00,287.77
2020-12-19 09:00:00,429.3
2020-12-19 10:00:00,516.65
2020-12-19 11:00:00,668.95
2020-12-19 12:00:00,589.53
2020-12-19 13:00:00,508.98
2020-12-19 14:00:00,346.77
2020-12-19 15:00:00,179.55
2020-12-19 16:00:00,53.7
2020-12-19 17:00:00,0.0
2020-12-19 18:00:00,0.0
2020-12-19 19:00:00,0.0
2020-12-19 20:00:00,0.0
2020-12-19 21:00:00,0.0
2020-12-19 22:00:00,0.0
2020-12-19 23:00:00,0.0
2020-12-20 00:00:00,0.0
2020-12-20 01:00:00,0.0
2020-12-20 02:00:00,0.0
2020-12-20 03:00:00,0.0
2020-12-20 04:00:00,0.0
2020-12-20 05:00:00,0.0
2020-12-20 06:00:00,42.55
2020-12-20 07:00:00,185.62
2020-12-20 08:00:00,358.5
2020-12-20 09:00:00,510.12
2020-12-20 10:00:00,633.17
2020-12-20 11:00:00,753.17
2020-12-20 12:00:00,726.3
2020-12-20 13:00:00,622.03
2020-12-20 14:00:00,481.55
2020-12-20 15:00:00,281.73
2020-12-20 16:00:00,70.53
2020-12-20 17:00:00,0.0
2020-12-20 18:00:00,0.0
2020-12-20 19:00:00,0.0
2020-12-20 20:00:00,0.0
2020-12-20 21:00:00,0.0
2020-12-20 22:00:00,0.0
2020-12-20 23:00:00,0.0
2020-12-21 00:00:00,0.0
2020-12-21 01:00:00,0.0
2020-12-21 02:00:00,0.0
2020-12-21 03:00:00,0.0
2020-12-21 04:00:00,0.0
2020-12-21 05:00:00,0.0
2020-12-21 06:00:00,42.4
2020-12-21 07:00:00,180.05
2020-12-21 08:00:00,334.08
2020-12-21 09:00:00,546.17
2020-12-21 10:00:00,653.72
2020-12-21 11:00:00,748.0
2020-12-21 12:00:00,705.67
2020-12-21 13:00:00,652.65
2020-12-21 14:00:00,465.35
2020-12-21 15:00:00,273.05
2020-12-21 16:00:00,96.75
2020-12-21 17:00:00,0.0
2020-12-21 18:00:00,0.0
2020-12-21 19:00:00,0.0
2020-12-21 20:00:00,0.0
2020-12-21 21:00:00,0.0
2020-12-21 22:00:00,0.0
2020-12-21 23:00:00,0.0
2020-12-22 00:00:00,0.0
2020-12-22 01:00:00,0.0
2020-12-22 02:00:00,0.0
2020-12-22 03:00:00,0.0
2020-12-22 04:00:00,0.0
2020-12-22 05:00:00,0.0
2020-12-22 06:00:00,45.95
2020-12-22 07:00:00,182.88
2020-12-22 08:00:00,330.15
2020-12-22 09:00:00,502.95
2020-12-22 10:00:00,634.38
2020-12-22 11:00:00,639.12
2020-12-22 12:00:00,627.4
2020-12-22 13:00:00,523.62
2020-12-22 14:00:00,358.4
2020-12-22 15:00:00,206.0
2020-12-22 16:00:00,73.38
2020-12-22 17:00:00,0.0
2020-12-22 18:00:00,0.0
2020-12-22 19:00:00,0.0
2020-12-22 20:00:00,0.0
2020-12-22 21:00:00,0.0
2020-12-22 22:00:00,0.0
2020-12-22 23:00:00,0.0
2020-12-23 00:00:00,0.0
2020-12-23 01:00:00,0.0
2020-12-23 02:00:00,0.0
2020-12-23 03:00:00,0.0
2020-12-23 04:00:00,0.0
2020-12-23 05:00:00,0.0
2020-12-23 06:00:00,51.85
2020-12-23 07:00:00,225.82
2020-12-23 08:00:00,423.92
2020-12-23 09:00:00,595.17
2020-12-23 10:00:00,667.0
2020-12-23 11:00:00,687.9
2020-12-23 12:00:00,656.72
2020-12-23 13:00:00,605.12
2020-12-23 14:00:00,472.67
2020-12-23 15:00:00,270.65
2020-12-23 16:00:00,86.97
2020-12-23 17:00:00,0.0
2020-12-23 18:00:00,0.0
2020-12-23 19:00:00,0.0
2020-12-23 20:00:00,0.0
2020-12-23 21:00:00,0.0
2020-12-23 22:00:00,0.0
2020-12-23 23:00:00,0.0
2020-12-24 00:00:00,0.0
2020-12-24 01:00:00,0.0
2020-12-24 02:00:00,0.0
2020-12-24 03:00:00,0.0
2020-12-24 04:00:00,0.0
2020-12-24 05:00:00,0.0
2020-12-24 06:00:00,33.95
2020-12-24 07:00:00,150.45
2020-12-24 08:00:00,281.6
2020-12-24 09:00:00,505.77
2020-12-24 10:00:00,649.35
2020-12-24 11:00:00,704.62
2020-12-24 12:00:00,711.85
2020-12-24 13:00:00,627.28
2020-12-24 14:00:00,474.98
2020-12-24 15:00:00,279.98
2020-12-24 16:00:00,92.82
2020-12-24 17:00:00,0.0
2020-12-24 18:00:00,0.0
2020-12-24 19:00:00,0.0
2020-12-24 20:00:00,0.0
2020-12-24 21:00:00,0.0
2020-12-24 22:00:00,0.0
2020-12-24 23:00:00,0.0
2020-12-25 00:00:00,0.0
2020-12-25 01:00:00,0.0
2020-12-25 02:00:00,0.0
2020-12-25 03:00:00,0.0
2020-12-25 04:00:00,0.0
2020-12-25 05:00:00,0.0
2020-12-25 06:00:00,49.72
2020-12-25 07:00:00,237.82
2020-12-25 08:00:00,352.35
2020-12-25 09:00:00,624.62
2020-12-25 10:00:00,704.12
2020-12-25 11:00:00,755.2
2020-12-25 12:00:00,717.83
2020-12-25 13:00:00,575.47
2020-12-25 14:00:00,463.1
2020-12-25 15:00:00,268.15
2020-12-25 16:00:00,82.35
2020-12-25 17:00:00,0.0
2020-12-25 18:00:00,0.0
2020-12-25 19:00:00,0.0
2020-12-25 20:00:00,0.0
2020-12-25 21:00:00,0.0
2020-12-25 22:00:00,0.0
2020-12-25 23:00:00,0.0
2020-12-26 00:00:00,0.0
2020-12-26 01:00:00,0.0
2020-12-26 02:00:00,0.0
2020-12-26 03:00:00,0.0
2020-12-26 04:00:00,0.0
2020-12-26 05:00:00,0.0
2020-12-26 06:00:00,44.12
2020-12-26 07:00:00,220.73
2020-12-26 08:00:00,322.33
2020-12-26 09:00:00,625.12
2020-12-26 10:00:00,733.42
2020-12-26 11:00:00,736.1
2020-12-26 12:00:00,754.97
2020-12-26 13:00:00,673.45
2020-12-26 14:00:00,509.73
2020-12-26 15:00:00,313.75
2020-12-26 16:00:00,113.2
2020-12-26 17:00:00,0.0
2020-12-26 18:00:00,0.0
2020-12-26 19:00:00,0.0
2020-12-26 20:00:00,0.0
2020-12-26 21:00:00,0.0
2020-12-26 22:00:00,0.0
2020-12-26 23:00:00,0.0
2020-12-27 00:00:00,0.0
2020-12-27 01:00:00,0.0
2020-12-27 02:00:00,0.0
2020-12-27 03:00:00,0.0
2020-12-27 04:00:00,0.0
2020-12-27 05:00:00,0.0
2020-12-27 06:00:00,40.28
2020-12-27 07:00:00,193.15
2020-12-27 08:00:00,373.17
2020-12-27 09:00:00,522.05
2020-12-27 10:00:00,629.38
2020-12-27 11:00:00,708.0
2020-12-27 12:00:00,672.42
2020-12-27 13:00:00,589.8
2020-12-27 14:00:00,444.42
2020-12-27 15:00:00,267.33
2020-12-27 16:00:00,93.93
2020-12-27 17:00:00,0.0
2020-12-27 18:00:00,0.0
2020-12-27 19:00:00,0.0
2020-12-27 20:00:00,0.0
2020-12-27 21:00:00,0.0
2020-12-27 22:00:00,0.0
2020-12-27 23:00:00,0.0
2020-12-28 00:00:00,0.0
2020-12-28 01:00:00,0.0
2020-12-28 02:00:00,0.0
2020-12-28 03:00:00,0.0
2020-12-28 04:00:00,0.0
2020-12-28 05:00:00,0.0
2020-12-28 06:00:00,43.25
2020-12-28 07:00:00,208.68
2020-12-28 08:00:00,399.75
2020-12-28 09:00:00,603.55
2020-12-28 10:00:00,724.17
2020-12-28 11:00:00,740.1
2020-12-28 12:00:00,657.05
2020-12-28 13:00:00,603.0
2020-12-28 14:00:00,451.95
2020-12-28 15:00:00,267.27
2020-12-28 16:00:00,91.8
2020-12-28 17:00:00,0.0
2020-12-28 18:00:00,0.0
2020-12-28 19:00:00,0.0
2020-12-28 20:00:00,0.0
2020-12-28 21:00:00,0.0
2020-12-28 22:00:00,0.0
2020-12-28 23:00:00,0.0
2020-12-29 00:00:00,0.0
2020-12-29 01:00:00,0.0
2020-12-29 02:00:00,0.0
2020-12-29 03:00:00,0.0
2020-12-29 04:00:00,0.0
2020-12-29 05:00:00,0.0
2020-12-29 06:00:00,9.73
2020-12-29 07:00:00,87.5
2020-12-29 08:00:00,209.6
2020-12-29 09:00:00,335.05
2020-12-29 10:00:00,464.88
2020-12-29 11:00:00,466.3
2020-12-29 12:00:00,466.27
2020-12-29 13:00:00,454.12
2020-12-29 14:00:00,319.92
2020-12-29 15:00:00,172.57
2020-12-29 16:00:00,60.08
2020-12-29 17:00:00,0.0
2020-12-29 18:00:00,0.0
2020-12-29 19:00:00,0.0
2020-12-29 20:00:00,0.0
2020-12-29 21:00:00,0.0
2020-12-29 22:00:00,0.0
2020-12-29 23:00:00,0.0
2020-12-30 00:00:00,0.0
2020-12-30 01:00:00,0.0
2020-12-30 02:00:00,0.0
2020-12-30 03:00:00,0.0
2020-12-30 04:00:00,0.0
2020-12-30 05:00:00,0.0
2020-12-30 06:00:00,26.75
2020-12-30 07:00:00,125.5
2020-12-30 08:00:00,264.08
2020-12-30 09:00:00,358.02
2020-12-30 10:00:00,370.12
2020-12-30 11:00:00,323.42
2020-12-30 12:00:00,407.88
2020-12-30 13:00:00,229.18
2020-12-30 14:00:00,168.9
2020-12-30 15:00:00,102.0
2020-12-30 16:00:00,18.35
2020-12-30 17:00:00,0.0
2020-12-30 18:00:00,0.0
2020-12-30 19:00:00,0.0
2020-12-30 20:00:00,0.0
2020-12-30 21:00:00,0.0
2020-12-30 22:00:00,0.0
2020-12-30 23:00:00,0.0
2020-12-31 00:00:00,0.0
2020-12-31 01:00:00,0.0
2020-12-31 02:00:00,0.0
2020-12-31 03:00:00,0.0
2020-12-31 04:00:00,0.0
2020-12-31 05:00:00,0.0
2020-12-31 06:00:00,21.65
2020-12-31 07:00:00,123.7
2020-12-31 08:00:00,273.67
2020-12-31 09:00:00,456.8
2020-12-31 10:00:00,608.7
2020-12-31 11:00:00,697.58
2020-12-31 12:00:00,650.33
2020-12-31 13:00:00,523.65
2020-12-31 14:00:00,336.55
2020-12-31 15:00:00,199.0
2020-12-31 16:00:00,68.55
2020-12-31 17:00:00,2.5
2020-12-31 18:00:00,0.0
2020-12-31 19:00:00,0.0
2020-12-31 20:00:00,0.0
2020-12-31 21:00:00,0.0
2020-12-31 22:00:00,0.0
2020-12-31 23:00:00,0.0
