timestamp,ghi
2019-01-01 00:00:00,0.0
2019-01-01 01:00:00,0.0
2019-01-01 02:00:00,0.0
2019-01-01 03:00:00,0.0
2019-01-01 04:00:00,0.0
2019-01-01 05:00:00,0.0
2019-01-01 06:00:00,47.1
2019-01-01 07:00:00,217.57
2019-01-01 08:00:00,405.38
2019-01-01 09:00:00,600.2
2019-01-01 10:00:00,713.97
2019-01-01 11:00:00,759.6
2019-01-01 12:00:00,734.85
2019-01-01 13:00:00,681.97
2019-01-01 14:00:00,503.62
2019-01-01 15:00:00,315.75
2019-01-01 16:00:00,100.18
2019-01-01 17:00:00,3.7
2019-01-01 18:00:00,0.0
2019-01-01 19:00:00,0.0
2019-01-01 20:00:00,0.0
2019-01-01 21:00:00,0.0
2019-01-01 22:00:00,0.0
2019-01-01 23:00:00,0.0
2019-01-02 00:00:00,0.0
2019-01-02 01:00:00,0.0
2019-01-02 02:00:00,0.0
2019-01-02 03:00:00,0.0
2019-01-02 04:00:00,0.0
2019-01-02 05:00:00,0.0
2019-01-02 06:00:00,42.67
2019-01-02 07:00:00,215.8
2019-01-02 08:00:00,417.23
2019-01-02 09:00:00,598.12
2019-01-02 10:00:00,736.42
2019-01-02 11:00:00,767.92
2019-01-02 12:00:00,757.3
2019-01-02 13:00:00,644.08
2019-01-02 14:00:00,493.3
2019-01-02 15:00:00,305.12
2019-01-02 16:00:00,95.03
2019-01-02 17:00:00,3.72
2019-01-02 18:00:00,0.0
2019-01-02 19:00:00,0.0
2019-01-02 20:00:00,0.0
2019-01-02 21:00:00,0.0
2019-01-02 22:00:00,0.0
2019-01-02 23:00:00,0.0
2019-01-03 00:00:00,0.0
2019-01-03 01:00:00,0.0
2019-01-03 02:00:00,0.0
2019-01-03 03:00:00,0.0
2019-01-03 04:00:00,0.0
2019-01-03 05:00:00,0.0
2019-01-03 06:00:00,44.05
2019-01-03 07:00:00,222.48
2019-01-03 08:00:00,419.92
2019-01-03 09:00:00,620.47
2019-01-03 10:00:00,715.85
2019-01-03 11:00:00,736.25
2019-01-03 12:00:00,730.2
2019-01-03 13:00:00,656.72
2019-01-03 14:00:00,484.48
2019-01-03 15:00:00,293.15
2019-01-03 16:00:00,84.9
2019-01-03 17:00:00,3.72
2019-01-03 18:00:00,0.0
2019-01-03 19:00:00,0.0
2019-01-03 20:00:00,0.0
2019-01-03 21:00:00,0.0
2019-01-03 22:00:00,0.0
2019-01-03 23:00:00,0.0
2019-01-04 00:00:00,0.0
2019-01-04 01:00:00,0.0
2019-01-04 02:00:00,0.0
2019-01-04 03:00:00,0.0
2019-01-04 04:00:00,0.0
2019-01-04 05:00:00,0.0
2019-01-04 06:00:00,41.05
2019-01-04 07:00:00,214.95
2019-01-04 08:00:00,413.83
2019-01-04 09:00:00,606.7
2019-01-04 10:00:00,730.62
2019-01-04 11:00:00,737.25
2019-01-04 12:00:00,780.95
2019-01-04 13:00:00,687.25
2019-01-04 14:00:00,525.22
2019-01-04 15:00:00,323.8
2019-01-04 16:00:00,115.32
2019-01-04 17:00:00,4.25
2019-01-04 18:00:00,0.0
2019-01-04 19:00:00,0.0
2019-01-04 20:00:00,0.0
2019-01-04 21:00:00,0.0
2019-01-04 22:00:00,0.0
2019-01-04 23:00:00,0.0
2019-01-05 00:00:00,0.0
2019-01-05 01:00:00,0.0
2019-01-05 02:00:00,0.0
2019-01-05 03:00:00,0.0
2019-01-05 04:00:00,0.0
2019-01-05 05:00:00,0.0
2019-01-05 06:00:00,37.25
2019-01-05 07:00:00,192.85
2019-01-05 08:00:00,372.92
2019-01-05 09:00:00,559.12
2019-01-05 10:00:00,657.85
2019-01-05 11:00:00,754.47
2019-01-05 12:00:00,750.25
2019-01-05 13:00:00,631.08
2019-01-05 14:00:00,500.77
2019-01-05 15:00:00,305.33
2019-01-05 16:00:00,108.97
2019-01-05 17:00:00,4.4
2019-01-05 18:00:00,0.0
2019-01-05 19:00:00,0.0
2019-01-05 20:00:00,0.0
2019-01-05 21:00:00,0.0
2019-01-05 22:00:00,0.0
2019-01-05 23:00:00,0.0
2019-01-06 00:00:00,0.0
2019-01-06 01:00:00,0.0
2019-01-06 02:00:00,0.0
2019-01-06 03:00:00,0.0
2019-01-06 04:00:00,0.0
2019-01-06 05:00:00,0.0
2019-01-06 06:00:00,32.05
2019-01-06 07:00:00,173.8
2019-01-06 08:00:00,343.7
2019-01-06 09:00:00,562.92
2019-01-06 10:00:00,691.78
2019-01-06 11:00:00,765.88
2019-01-06 12:00:00,743.3
2019-01-06 13:00:00,652.17
2019-01-06 14:00:00,503.35
2019-01-06 15:00:00,312.8
2019-01-06 16:00:00,113.32
2019-01-06 17:00:00,4.7
2019-01-06 18:00:00,0.0
2019-01-06 19:00:00,0.0
2019-01-06 20:00:00,0.0
2019-01-06 21:00:00,0.0
2019-01-06 22:00:00,0.0
2019-01-06 23:00:00,0.0
2019-01-07 00:00:00,0.0
2019-01-07 01:00:00,0.0
2019-01-07 02:00:00,0.0
2019-01-07 03:00:00,0.0
2019-01-07 04:00:00,0.0
2019-01-07 05:00:00,0.0
2019-01-07 06:00:00,28.9
2019-01-07 07:00:00,167.73
2019-01-07 08:00:00,352.92
2019-01-07 09:00:00,576.05
2019-01-07 10:00:00,581.22
2019-01-07 11:00:00,705.17
2019-01-07 12:00:00,747.22
2019-01-07 13:00:00,667.62
2019-01-07 14:00:00,518.33
2019-01-07 15:00:00,327.08
2019-01-07 16:00:00,111.38
2019-01-07 17:00:00,5.0
2019-01-07 18:00:00,0.0
2019-01-07 19:00:00,0.0
2019-01-07 20:00:00,0.0
2019-01-07 21:00:00,0.0
2019-01-07 22:00:00,0.0
2019-01-07 23:00:00,0.0
2019-01-08 00:00:00,0.0
2019-01-08 01:00:00,0.0
2019-01-08 02:00:00,0.0
2019-01-08 03:00:00,0.0
2019-01-08 04:00:00,0.0
2019-01-08 05:00:00,0.0
2019-01-08 06:00:00,22.62
2019-01-08 07:00:00,229.43
2019-01-08 08:00:00,441.62
2019-01-08 09:00:00,630.88
2019-01-08 10:00:00,667.47
2019-01-08 11:00:00,757.35
2019-01-08 12:00:00,756.75
2019-01-08 13:00:00,660.08
2019-01-08 14:00:00,514.47
2019-01-08 15:00:00,320.38
2019-01-08 16:00:00,104.68
2019-01-08 17:00:00,4.75
2019-01-08 18:00:00,0.0
2019-01-08 19:00:00,0.0
2019-01-08 20:00:00,0.0
2019-01-08 21:00:00,0.0
2019-01-08 22:00:00,0.0
2019-01-08 23:00:00,0.0
2019-01-09 00:00:00,0.0
2019-01-09 01:00:00,0.0
2019-01-09 02:00:00,0.0
2019-01-09 03:00:00,0.0
2019-01-09 04:00:00,0.0
2019-01-09 05:00:00,0.0
2019-01-09 06:00:00,22.83
2019-01-09 07:00:00,176.12
2019-01-09 08:00:00,413.85
2019-01-09 09:00:00,545.85
2019-01-09 10:00:00,728.25
2019-01-09 11:00:00,752.08
2019-01-09 12:00:00,767.78
2019-01-09 13:00:00,667.28
2019-01-09 14:00:00,507.62
2019-01-09 15:00:00,314.92
2019-01-09 16:00:00,99.97
2019-01-09 17:00:00,5.0
2019-01-09 18:00:00,0.0
2019-01-09 19:00:00,0.0
2019-01-09 20:00:00,0.0
2019-01-09 21:00:00,0.0
2019-01-09 22:00:00,0.0
2019-01-09 23:00:00,0.0
2019-01-10 00:00:00,0.0
2019-01-10 01:00:00,0.0
2019-01-10 02:00:00,0.0
2019-01-10 03:00:00,0.0
2019-01-10 04:00:00,0.0
2019-01-10 05:00:00,0.0
2019-01-10 06:00:00,35.88
2019-01-10 07:00:00,204.48
2019-01-10 08:00:00,406.38
2019-01-10 09:00:00,593.9
2019-01-10 10:00:00,711.65
2019-01-10 11:00:00,778.75
2019-01-10 12:00:00,734.83
2019-01-10 13:00:00,675.12
2019-01-10 14:00:00,521.4
2019-01-10 15:00:00,328.48
2019-01-10 16:00:00,111.55
2019-01-10 17:00:00,5.57
2019-01-10 18:00:00,0.0
2019-01-10 19:00:00,0.0
2019-01-10 20:00:00,0.0
2019-01-10 21:00:00,0.0
2019-01-10 22:00:00,0.0
2019-01-10 23:00:00,0.0
2019-01-11 00:00:00,0.0
2019-01-11 01:00:00,0.0
2019-01-11 02:00:00,0.0
2019-01-11 03:00:00,0.0
2019-01-11 04:00:00,0.0
2019-01-11 05:00:00,0.0
2019-01-11 06:00:00,34.88
2019-01-11 07:00:00,195.85
2019-01-11 08:00:00,396.42
2019-01-11 09:00:00,483.35
2019-01-11 10:00:00,681.0
2019-01-11 11:00:00,778.4
2019-01-11 12:00:00,767.17
2019-01-11 13:00:00,662.45
2019-01-11 14:00:00,503.17
2019-01-11 15:00:00,313.77
2019-01-11 16:00:00,99.9
2019-01-11 17:00:00,5.68
2019-01-11 18:00:00,0.0
2019-01-11 19:00:00,0.0
2019-01-11 20:00:00,0.0
2019-01-11 21:00:00,0.0
2019-01-11 22:00:00,0.0
2019-01-11 23:00:00,0.0
2019-01-12 00:00:00,0.0
2019-01-12 01:00:00,0.0
2019-01-12 02:00:00,0.0
2019-01-12 03:00:00,0.0
2019-01-12 04:00:00,0.0
2019-01-12 05:00:00,0.0
2019-01-12 06:00:00,36.4
2019-01-12 07:00:00,207.15
2019-01-12 08:00:00,404.45
2019-01-12 09:00:00,605.28
2019-01-12 10:00:00,669.1
2019-01-12 11:00:00,802.25
2019-01-12 12:00:00,784.1
2019-01-12 13:00:00,691.53
2019-01-12 14:00:00,568.15
2019-01-12 15:00:00,367.58
2019-01-12 16:00:00,135.23
2019-01-12 17:00:00,6.35
2019-01-12 18:00:00,0.0
2019-01-12 19:00:00,0.0
2019-01-12 20:00:00,0.0
2019-01-12 21:00:00,0.0
2019-01-12 22:00:00,0.0
2019-01-12 23:00:00,0.0
2019-01-13 00:00:00,0.0
2019-01-13 01:00:00,0.0
2019-01-13 02:00:00,0.0
2019-01-13 03:00:00,0.0
2019-01-13 04:00:00,0.0
2019-01-13 05:00:00,0.0
2019-01-13 06:00:00,34.55
2019-01-13 07:00:00,205.85
2019-01-13 08:00:00,406.8
2019-01-13 09:00:00,587.88
2019-01-13 10:00:00,722.42
2019-01-13 11:00:00,748.3
2019-01-13 12:00:00,739.1
2019-01-13 13:00:00,636.1
2019-01-13 14:00:00,480.12
2019-01-13 15:00:00,289.77
2019-01-13 16:00:00,108.62
2019-01-13 17:00:00,6.38
2019-01-13 18:00:00,0.0
2019-01-13 19:00:00,0.0
2019-01-13 20:00:00,0.0
2019-01-13 21:00:00,0.0
2019-01-13 22:00:00,0.0
2019-01-13 23:00:00,0.0
2019-01-14 00:00:00,0.0
2019-01-14 01:00:00,0.0
2019-01-14 02:00:00,0.0
2019-01-14 03:00:00,0.0
2019-01-14 04:00:00,0.0
2019-01-14 05:00:00,0.0
2019-01-14 06:00:00,30.88
2019-01-14 07:00:00,187.0
2019-01-14 08:00:00,390.38
2019-01-14 09:00:00,581.67
2019-01-14 10:00:00,660.9
2019-01-14 11:00:00,692.2
2019-01-14 12:00:00,732.05
2019-01-14 13:00:00,665.5
2019-01-14 14:00:00,545.2
2019-01-14 15:00:00,315.23
2019-01-14 16:00:00,115.88
2019-01-14 17:00:00,6.7
2019-01-14 18:00:00,0.0
2019-01-14 19:00:00,0.0
2019-01-14 20:00:00,0.0
2019-01-14 21:00:00,0.0
2019-01-14 22:00:00,0.0
2019-01-14 23:00:00,0.0
2019-01-15 00:00:00,0.0
2019-01-15 01:00:00,0.0
2019-01-15 02:00:00,0.0
2019-01-15 03:00:00,0.0
2019-01-15 04:00:00,0.0
2019-01-15 05:00:00,0.0
2019-01-15 06:00:00,32.62
2019-01-15 07:00:00,176.12
2019-01-15 08:00:00,353.9
2019-01-15 09:00:00,548.58
2019-01-15 10:00:00,660.5
2019-01-15 11:00:00,742.83
2019-01-15 12:00:00,676.97
2019-01-15 13:00:00,568.45
2019-01-15 14:00:00,417.5
2019-01-15 15:00:00,264.35
2019-01-15 16:00:00,106.4
2019-01-15 17:00:00,8.15
2019-01-15 18:00:00,0.0
2019-01-15 19:00:00,0.0
2019-01-15 20:00:00,0.0
2019-01-15 21:00:00,0.0
2019-01-15 22:00:00,0.0
2019-01-15 23:00:00,0.0
2019-01-16 00:00:00,0.0
2019-01-16 01:00:00,0.0
2019-01-16 02:00:00,0.0
2019-01-16 03:00:00,0.0
2019-01-16 04:00:00,0.0
2019-01-16 05:00:00,0.0
2019-01-16 06:00:00,27.98
2019-01-16 07:00:00,160.35
2019-01-16 08:00:00,320.9
2019-01-16 09:00:00,474.45
2019-01-16 10:00:00,550.03
2019-01-16 11:00:00,630.1
2019-01-16 12:00:00,688.35
2019-01-16 13:00:00,627.47
2019-01-16 14:00:00,500.92
2019-01-16 15:00:00,315.0
2019-01-16 16:00:00,104.82
2019-01-16 17:00:00,5.8
2019-01-16 18:00:00,0.0
2019-01-16 19:00:00,0.0
2019-01-16 20:00:00,0.0
2019-01-16 21:00:00,0.0
2019-01-16 22:00:00,0.0
2019-01-16 23:00:00,0.0
2019-01-17 00:00:00,0.0
2019-01-17 01:00:00,0.0
2019-01-17 02:00:00,0.0
2019-01-17 03:00:00,0.0
2019-01-17 04:00:00,0.0
2019-01-17 05:00:00,0.0
2019-01-17 06:00:00,29.65
2019-01-17 07:00:00,164.68
2019-01-17 08:00:00,319.05
2019-01-17 09:00:00,525.38
2019-01-17 10:00:00,612.4
2019-01-17 11:00:00,638.67
2019-01-17 12:00:00,630.25
2019-01-17 13:00:00,576.92
2019-01-17 14:00:00,446.48
2019-01-17 15:00:00,270.55
2019-01-17 16:00:00,99.47
2019-01-17 17:00:00,6.38
2019-01-17 18:00:00,0.0
2019-01-17 19:00:00,0.0
2019-01-17 20:00:00,0.0
2019-01-17 21:00:00,0.0
2019-01-17 22:00:00,0.0
2019-01-17 23:00:00,0.0
2019-01-18 00:00:00,0.0
2019-01-18 01:00:00,0.0
2019-01-18 02:00:00,0.0
2019-01-18 03:00:00,0.0
2019-01-18 04:00:00,0.0
2019-01-18 05:00:00,0.0
2019-01-18 06:00:00,30.27
2019-01-18 07:00:00,176.6
2019-01-18 08:00:00,352.2
2019-01-18 09:00:00,530.67
2019-01-18 10:00:00,627.78
2019-01-18 11:00:00,707.1
2019-01-18 12:00:00,714.62
2019-01-18 13:00:00,625.28
2019-01-18 14:00:00,503.15
2019-01-18 15:00:00,318.7
2019-01-18 16:00:00,109.93
2019-01-18 17:00:00,6.72
2019-01-18 18:00:00,0.0
2019-01-18 19:00:00,0.0
2019-01-18 20:00:00,0.0
2019-01-18 21:00:00,0.0
2019-01-18 22:00:00,0.0
2019-01-18 23:00:00,0.0
2019-01-19 00:00:00,0.0
2019-01-19 01:00:00,0.0
2019-01-19 02:00:00,0.0
2019-01-19 03:00:00,0.0
2019-01-19 04:00:00,0.0
2019-01-19 05:00:00,0.0
2019-01-19 06:00:00,39.15
2019-01-19 07:00:00,227.27
2019-01-19 08:00:00,432.83
2019-01-19 09:00:00,627.33
2019-01-19 10:00:00,731.88
2019-01-19 11:00:00,825.92
2019-01-19 12:00:00,767.08
2019-01-19 13:00:00,701.1
2019-01-19 14:00:00,551.97
2019-01-19 15:00:00,361.62
2019-01-19 16:00:00,135.9
2019-01-19 17:00:00,8.68
2019-01-19 18:00:00,0.0
2019-01-19 19:00:00,0.0
2019-01-19 20:00:00,0.0
2019-01-19 21:00:00,0.0
2019-01-19 22:00:00,0.0
2019-01-19 23:00:00,0.0
2019-01-20 00:00:00,0.0
2019-01-20 01:00:00,0.0
2019-01-20 02:00:00,0.0
2019-01-20 03:00:00,0.0
2019-01-20 04:00:00,0.0
2019-01-20 05:00:00,0.0
2019-01-20 06:00:00,32.6
2019-01-20 07:00:00,181.07
2019-01-20 08:00:00,363.3
2019-01-20 09:00:00,532.45
2019-01-20 10:00:00,625.35
2019-01-20 11:00:00,700.2
2019-01-20 12:00:00,683.03
2019-01-20 13:00:00,544.53
2019-01-20 14:00:00,432.2
2019-01-20 15:00:00,267.17
2019-01-20 16:00:00,102.07
2019-01-20 17:00:00,7.93
2019-01-20 18:00:00,0.0
2019-01-20 19:00:00,0.0
2019-01-20 20:00:00,0.0
2019-01-20 21:00:00,0.0
2019-01-20 22:00:00,0.0
2019-01-20 23:00:00,0.0
2019-01-21 00:00:00,0.0
2019-01-21 01:00:00,0.0
2019-01-21 02:00:00,0.0
2019-01-21 03:00:00,0.0
2019-01-21 04:00:00,0.0
2019-01-21 05:00:00,0.0
2019-01-21 06:00:00,31.65
2019-01-21 07:00:00,176.77
2019-01-21 08:00:00,360.4
2019-01-21 09:00:00,520.2
2019-01-21 10:00:00,602.15
2019-01-21 11:00:00,643.2
2019-01-21 12:00:00,635.97
2019-01-21 13:00:00,557.45
2019-01-21 14:00:00,449.3
2019-01-21 15:00:00,292.08
2019-01-21 16:00:00,113.05
2019-01-21 17:00:00,8.95
2019-01-21 18:00:00,0.0
2019-01-21 19:00:00,0.0
2019-01-21 20:00:00,0.0
2019-01-21 21:00:00,0.0
2019-01-21 22:00:00,0.0
2019-01-21 23:00:00,0.0
2019-01-22 00:00:00,0.0
2019-01-22 01:00:00,0.0
2019-01-22 02:00:00,0.0
2019-01-22 03:00:00,0.0
2019-01-22 04:00:00,0.0
2019-01-22 05:00:00,0.0
2019-01-22 06:00:00,41.15
2019-01-22 07:00:00,236.27
2019-01-22 08:00:00,451.12
2019-01-22 09:00:00,622.9
2019-01-22 10:00:00,775.3
2019-01-22 11:00:00,825.38
2019-01-22 12:00:00,791.35
2019-01-22 13:00:00,722.08
2019-01-22 14:00:00,552.38
2019-01-22 15:00:00,363.98
2019-01-22 16:00:00,142.15
2019-01-22 17:00:00,9.45
2019-01-22 18:00:00,0.0
2019-01-22 19:00:00,0.0
2019-01-22 20:00:00,0.0
2019-01-22 21:00:00,0.0
2019-01-22 22:00:00,0.0
2019-01-22 23:00:00,0.0
2019-01-23 00:00:00,0.0
2019-01-23 01:00:00,0.0
2019-01-23 02:00:00,0.0
2019-01-23 03:00:00,0.0
2019-01-23 04:00:00,0.0
2019-01-23 05:00:00,0.0
2019-01-23 06:00:00,37.17
2019-01-23 07:00:00,215.57
2019-01-23 08:00:00,419.75
2019-01-23 09:00:00,614.88
2019-01-23 10:00:00,725.47
2019-01-23 11:00:00,798.6
2019-01-23 12:00:00,798.17
2019-01-23 13:00:00,715.22
2019-01-23 14:00:00,497.48
2019-01-23 15:00:00,330.1
2019-01-23 16:00:00,124.12
2019-01-23 17:00:00,9.6
2019-01-23 18:00:00,0.0
2019-01-23 19:00:00,0.0
2019-01-23 20:00:00,0.0
2019-01-23 21:00:00,0.0
2019-01-23 22:00:00,0.0
2019-01-23 23:00:00,0.0
2019-01-24 00:00:00,0.0
2019-01-24 01:00:00,0.0
2019-01-24 02:00:00,0.0
2019-01-24 03:00:00,0.0
2019-01-24 04:00:00,0.0
2019-01-24 05:00:00,0.0
2019-01-24 06:00:00,39.35
2019-01-24 07:00:00,231.95
2019-01-24 08:00:00,450.2
2019-01-24 09:00:00,654.9
2019-01-24 10:00:00,793.47
2019-01-24 11:00:00,770.17
2019-01-24 12:00:00,829.5
2019-01-24 13:00:00,717.97
2019-01-24 14:00:00,583.38
2019-01-24 15:00:00,384.73
2019-01-24 16:00:00,157.8
2019-01-24 17:00:00,11.07
2019-01-24 18:00:00,0.0
2019-01-24 19:00:00,0.0
2019-01-24 20:00:00,0.0
2019-01-24 21:00:00,0.0
2019-01-24 22:00:00,0.0
2019-01-24 23:00:00,0.0
2019-01-25 00:00:00,0.0
2019-01-25 01:00:00,0.0
2019-01-25 02:00:00,0.0
2019-01-25 03:00:00,0.0
2019-01-25 04:00:00,0.0
2019-01-25 05:00:00,0.0
2019-01-25 06:00:00,38.45
2019-01-25 07:00:00,222.6
2019-01-25 08:00:00,424.2
2019-01-25 09:00:00,593.67
2019-01-25 10:00:00,758.55
2019-01-25 11:00:00,809.08
2019-01-25 12:00:00,815.5
2019-01-25 13:00:00,683.12
2019-01-25 14:00:00,573.33
2019-01-25 15:00:00,381.75
2019-01-25 16:00:00,167.05
2019-01-25 17:00:00,10.9
2019-01-25 18:00:00,0.0
2019-01-25 19:00:00,0.0
2019-01-25 20:00:00,0.0
2019-01-25 21:00:00,0.0
2019-01-25 22:00:00,0.0
2019-01-25 23:00:00,0.0
2019-01-26 00:00:00,0.0
2019-01-26 01:00:00,0.0
2019-01-26 02:00:00,0.0
2019-01-26 03:00:00,0.0
2019-01-26 04:00:00,0.0
2019-01-26 05:00:00,0.0
2019-01-26 06:00:00,39.4
2019-01-26 07:00:00,210.57
2019-01-26 08:00:00,402.25
2019-01-26 09:00:00,590.97
2019-01-26 10:00:00,735.3
2019-01-26 11:00:00,759.62
2019-01-26 12:00:00,780.03
2019-01-26 13:00:00,710.8
2019-01-26 14:00:00,564.4
2019-01-26 15:00:00,367.0
2019-01-26 16:00:00,154.1
2019-01-26 17:00:00,12.0
2019-01-26 18:00:00,0.0
2019-01-26 19:00:00,0.0
2019-01-26 20:00:00,0.0
2019-01-26 21:00:00,0.0
2019-01-26 22:00:00,0.0
2019-01-26 23:00:00,0.0
2019-01-27 00:00:00,0.0
2019-01-27 01:00:00,0.0
2019-01-27 02:00:00,0.0
2019-01-27 03:00:00,0.0
2019-01-27 04:00:00,0.0
2019-01-27 05:00:00,0.0
2019-01-27 06:00:00,31.88
2019-01-27 07:00:00,187.07
2019-01-27 08:00:00,376.85
2019-01-27 09:00:00,523.03
2019-01-27 10:00:00,677.97
2019-01-27 11:00:00,720.75
2019-01-27 12:00:00,761.92
2019-01-27 13:00:00,657.38
2019-01-27 14:00:00,498.35
2019-01-27 15:00:00,316.2
2019-01-27 16:00:00,125.97
2019-01-27 17:00:00,10.9
2019-01-27 18:00:00,0.0
2019-01-27 19:00:00,0.0
2019-01-27 20:00:00,0.0
2019-01-27 21:00:00,0.0
2019-01-27 22:00:00,0.0
2019-01-27 23:00:00,0.0
2019-01-28 00:00:00,0.0
2019-01-28 01:00:00,0.0
2019-01-28 02:00:00,0.0
2019-01-28 03:00:00,0.0
2019-01-28 04:00:00,0.0
2019-01-28 05:00:00,0.0
2019-01-28 06:00:00,19.5
2019-01-28 07:00:00,131.62
2019-01-28 08:00:00,280.9
2019-01-28 09:00:00,425.6
2019-01-28 10:00:00,521.1
2019-01-28 11:00:00,553.8
2019-01-28 12:00:00,447.02
2019-01-28 13:00:00,402.08
2019-01-28 14:00:00,399.73
2019-01-28 15:00:00,227.32
2019-01-28 16:00:00,74.97
2019-01-28 17:00:00,6.22
2019-01-28 18:00:00,0.0
2019-01-28 19:00:00,0.0
2019-01-28 20:00:00,0.0
2019-01-28 21:00:00,0.0
2019-01-28 22:00:00,0.0
2019-01-28 23:00:00,0.0
2019-01-29 00:00:00,0.0
2019-01-29 01:00:00,0.0
2019-01-29 02:00:00,0.0
2019-01-29 03:00:00,0.0
2019-01-29 04:00:00,0.0
2019-01-29 05:00:00,0.0
2019-01-29 06:00:00,29.48
2019-01-29 07:00:00,167.0
2019-01-29 08:00:00,358.38
2019-01-29 09:00:00,537.25
2019-01-29 10:00:00,619.25
2019-01-29 11:00:00,698.58
2019-01-29 12:00:00,704.62
2019-01-29 13:00:00,631.25
2019-01-29 14:00:00,481.48
2019-01-29 15:00:00,315.2
2019-01-29 16:00:00,137.0
2019-01-29 17:00:00,11.9
2019-01-29 18:00:00,0.0
2019-01-29 19:00:00,0.0
2019-01-29 20:00:00,0.0
2019-01-29 21:00:00,0.0
2019-01-29 22:00:00,0.0
2019-01-29 23:00:00,0.0
2019-01-30 00:00:00,0.0
2019-01-30 01:00:00,0.0
2019-01-30 02:00:00,0.0
2019-01-30 03:00:00,0.0
2019-01-30 04:00:00,0.0
2019-01-30 05:00:00,0.0
2019-01-30 06:00:00,27.42
2019-01-30 07:00:00,174.6
2019-01-30 08:00:00,365.25
2019-01-30 09:00:00,584.65
2019-01-30 10:00:00,715.5
2019-01-30 11:00:00,821.53
2019-01-30 12:00:00,807.17
2019-01-30 13:00:00,723.9
2019-01-30 14:00:00,574.42
2019-01-30 15:00:00,375.67
2019-01-30 16:00:00,159.75
2019-01-30 17:00:00,9.48
2019-01-30 18:00:00,0.0
2019-01-30 19:00:00,0.0
2019-01-30 20:00:00,0.0
2019-01-30 21:00:00,0.0
2019-01-30 22:00:00,0.0
2019-01-30 23:00:00,0.0
2019-01-31 00:00:00,0.0
2019-01-31 01:00:00,0.0
2019-01-31 02:00:00,0.0
2019-01-31 03:00:00,0.0
2019-01-31 04:00:00,0.0
2019-01-31 05:00:00,0.0
2019-01-31 06:00:00,35.65
2019-01-31 07:00:00,212.35
2019-01-31 08:00:00,420.1
2019-01-31 09:00:00,622.8
2019-01-31 10:00:00,723.25
2019-01-31 11:00:00,775.1
2019-01-31 12:00:00,779.85
2019-01-31 13:00:00,686.0
2019-01-31 14:00:00,569.05
2019-01-31 15:00:00,376.5
2019-01-31 16:00:00,164.65
2019-01-31 17:00:00,14.05
2019-01-31 18:00:00,0.0
2019-01-31 19:00:00,0.0
2019-01-31 20:00:00,0.0
2019-01-31 21:00:00,0.0
2019-01-31 22:00:00,0.0
2019-01-31 23:00:00,0.0
2019-02-01 00:00:00,0.0
2019-02-01 01:00:00,0.0
2019-02-01 02:00:00,0.0
2019-02-01 03:00:00,0.0
2019-02-01 04:00:00,0.0
2019-02-01 05:00:00,0.0
2019-02-01 06:00:00,36.4
2019-02-01 07:00:00,209.55
2019-02-01 08:00:00,416.62
2019-02-01 09:00:00,616.78
2019-02-01 10:00:00,737.92
2019-02-01 11:00:00,802.17
2019-02-01 12:00:00,804.95
2019-02-01 13:00:00,714.8
2019-02-01 14:00:00,587.4
2019-02-01 15:00:00,392.95
2019-02-01 16:00:00,179.12
2019-02-01 17:00:00,12.05
2019-02-01 18:00:00,0.0
2019-02-01 19:00:00,0.0
2019-02-01 20:00:00,0.0
2019-02-01 21:00:00,0.0
2019-02-01 22:00:00,0.0
2019-02-01 23:00:00,0.0
2019-02-02 00:00:00,0.0
2019-02-02 01:00:00,0.0
2019-02-02 02:00:00,0.0
2019-02-02 03:00:00,0.0
2019-02-02 04:00:00,0.0
2019-02-02 05:00:00,0.0
2019-02-02 06:00:00,36.78
2019-02-02 07:00:00,222.23
2019-02-02 08:00:00,451.23
2019-02-02 09:00:00,637.35
2019-02-02 10:00:00,781.35
2019-02-02 11:00:00,769.88
2019-02-02 12:00:00,795.55
2019-02-02 13:00:00,741.8
2019-02-02 14:00:00,580.62
2019-02-02 15:00:00,372.75
2019-02-02 16:00:00,161.77
2019-02-02 17:00:00,14.25
2019-02-02 18:00:00,0.0
2019-02-02 19:00:00,0.0
2019-02-02 20:00:00,0.0
2019-02-02 21:00:00,0.0
2019-02-02 22:00:00,0.0
2019-02-02 23:00:00,0.0
2019-02-03 00:00:00,0.0
2019-02-03 01:00:00,0.0
2019-02-03 02:00:00,0.0
2019-02-03 03:00:00,0.0
2019-02-03 04:00:00,0.0
2019-02-03 05:00:00,0.0
2019-02-03 06:00:00,40.78
2019-02-03 07:00:00,229.8
2019-02-03 08:00:00,435.75
2019-02-03 09:00:00,615.45
2019-02-03 10:00:00,722.75
2019-02-03 11:00:00,822.38
2019-02-03 12:00:00,822.53
2019-02-03 13:00:00,731.0
2019-02-03 14:00:00,587.12
2019-02-03 15:00:00,377.15
2019-02-03 16:00:00,163.6
2019-02-03 17:00:00,14.88
2019-02-03 18:00:00,0.0
2019-02-03 19:00:00,0.0
2019-02-03 20:00:00,0.0
2019-02-03 21:00:00,0.0
2019-02-03 22:00:00,0.0
2019-02-03 23:00:00,0.0
2019-02-04 00:00:00,0.0
2019-02-04 01:00:00,0.0
2019-02-04 02:00:00,0.0
2019-02-04 03:00:00,0.0
2019-02-04 04:00:00,0.0
2019-02-04 05:00:00,0.0
2019-02-04 06:00:00,27.42
2019-02-04 07:00:00,156.95
2019-02-04 08:00:00,355.05
2019-02-04 09:00:00,481.02
2019-02-04 10:00:00,632.4
2019-02-04 11:00:00,698.85
2019-02-04 12:00:00,549.7
2019-02-04 13:00:00,586.3
2019-02-04 14:00:00,499.0
2019-02-04 15:00:00,328.98
2019-02-04 16:00:00,151.62
2019-02-04 17:00:00,15.0
2019-02-04 18:00:00,0.0
2019-02-04 19:00:00,0.0
2019-02-04 20:00:00,0.0
2019-02-04 21:00:00,0.0
2019-02-04 22:00:00,0.0
2019-02-04 23:00:00,0.0
2019-02-05 00:00:00,0.0
2019-02-05 01:00:00,0.0
2019-02-05 02:00:00,0.0
2019-02-05 03:00:00,0.0
2019-02-05 04:00:00,0.0
2019-02-05 05:00:00,0.0
2019-02-05 06:00:00,39.15
2019-02-05 07:00:00,204.3
2019-02-05 08:00:00,401.6
2019-02-05 09:00:00,555.65
2019-02-05 10:00:00,687.65
2019-02-05 11:00:00,710.17
2019-02-05 12:00:00,695.28
2019-02-05 13:00:00,625.05
2019-02-05 14:00:00,527.4
2019-02-05 15:00:00,344.45
2019-02-05 16:00:00,149.02
2019-02-05 17:00:00,14.8
2019-02-05 18:00:00,0.0
2019-02-05 19:00:00,0.0
2019-02-05 20:00:00,0.0
2019-02-05 21:00:00,0.0
2019-02-05 22:00:00,0.0
2019-02-05 23:00:00,0.0
2019-02-06 00:00:00,0.0
2019-02-06 01:00:00,0.0
2019-02-06 02:00:00,0.0
2019-02-06 03:00:00,0.0
2019-02-06 04:00:00,0.0
2019-02-06 05:00:00,0.0
2019-02-06 06:00:00,37.58
2019-02-06 07:00:00,211.95
2019-02-06 08:00:00,413.7
2019-02-06 09:00:00,637.83
2019-02-06 10:00:00,769.2
2019-02-06 11:00:00,787.92
2019-02-06 12:00:00,834.5
2019-02-06 13:00:00,712.38
2019-02-06 14:00:00,587.0
2019-02-06 15:00:00,387.23
2019-02-06 16:00:00,169.57
2019-02-06 17:00:00,15.73
2019-02-06 18:00:00,0.0
2019-02-06 19:00:00,0.0
2019-02-06 20:00:00,0.0
2019-02-06 21:00:00,0.0
2019-02-06 22:00:00,0.0
2019-02-06 23:00:00,0.0
2019-02-07 00:00:00,0.0
2019-02-07 01:00:00,0.0
2019-02-07 02:00:00,0.0
2019-02-07 03:00:00,0.0
2019-02-07 04:00:00,0.0
2019-02-07 05:00:00,0.0
2019-02-07 06:00:00,39.45
2019-02-07 07:00:00,202.6
2019-02-07 08:00:00,397.62
2019-02-07 09:00:00,624.65
2019-02-07 10:00:00,742.2
2019-02-07 11:00:00,798.1
2019-02-07 12:00:00,795.35
2019-02-07 13:00:00,742.9
2019-02-07 14:00:00,592.6
2019-02-07 15:00:00,391.73
2019-02-07 16:00:00,153.1
2019-02-07 17:00:00,12.2
2019-02-07 18:00:00,0.0
2019-02-07 19:00:00,0.0
2019-02-07 20:00:00,0.0
2019-02-07 21:00:00,0.0
2019-02-07 22:00:00,0.0
2019-02-07 23:00:00,0.0
2019-02-08 00:00:00,0.0
2019-02-08 01:00:00,0.0
2019-02-08 02:00:00,0.0
2019-02-08 03:00:00,0.0
2019-02-08 04:00:00,0.0
2019-02-08 05:00:00,0.0
2019-02-08 06:00:00,38.33
2019-02-08 07:00:00,216.27
2019-02-08 08:00:00,420.2
2019-02-08 09:00:00,606.92
2019-02-08 10:00:00,745.65
2019-02-08 11:00:00,846.35
2019-02-08 12:00:00,845.67
2019-02-08 13:00:00,749.17
2019-02-08 14:00:00,576.78
2019-02-08 15:00:00,387.17
2019-02-08 16:00:00,173.05
2019-02-08 17:00:00,14.9
2019-02-08 18:00:00,0.0
2019-02-08 19:00:00,0.0
2019-02-08 20:00:00,0.0
2019-02-08 21:00:00,0.0
2019-02-08 22:00:00,0.0
2019-02-08 23:00:00,0.0
2019-02-09 00:00:00,0.0
2019-02-09 01:00:00,0.0
2019-02-09 02:00:00,0.0
2019-02-09 03:00:00,0.0
2019-02-09 04:00:00,0.0
2019-02-09 05:00:00,0.0
2019-02-09 06:00:00,42.78
2019-02-09 07:00:00,222.0
2019-02-09 08:00:00,413.35
2019-02-09 09:00:00,628.67
2019-02-09 10:00:00,739.53
2019-02-09 11:00:00,795.72
2019-02-09 12:00:00,784.78
2019-02-09 13:00:00,710.7
2019-02-09 14:00:00,586.05
2019-02-09 15:00:00,399.4
2019-02-09 16:00:00,178.62
2019-02-09 17:00:00,12.65
2019-02-09 18:00:00,0.0
2019-02-09 19:00:00,0.0
2019-02-09 20:00:00,0.0
2019-02-09 21:00:00,0.0
2019-02-09 22:00:00,0.0
2019-02-09 23:00:00,0.0
2019-02-10 00:00:00,0.0
2019-02-10 01:00:00,0.0
2019-02-10 02:00:00,0.0
2019-02-10 03:00:00,0.0
2019-02-10 04:00:00,0.0
2019-02-10 05:00:00,0.0
2019-02-10 06:00:00,32.83
2019-02-10 07:00:00,166.4
2019-02-10 08:00:00,356.85
2019-02-10 09:00:00,567.9
2019-02-10 10:00:00,693.35
2019-02-10 11:00:00,708.88
2019-02-10 12:00:00,745.9
2019-02-10 13:00:00,678.38
2019-02-10 14:00:00,501.12
2019-02-10 15:00:00,324.75
2019-02-10 16:00:00,144.05
2019-02-10 17:00:00,15.25
2019-02-10 18:00:00,0.0
2019-02-10 19:00:00,0.0
2019-02-10 20:00:00,0.0
2019-02-10 21:00:00,0.0
2019-02-10 22:00:00,0.0
2019-02-10 23:00:00,0.0
2019-02-11 00:00:00,0.0
2019-02-11 01:00:00,0.0
2019-02-11 02:00:00,0.0
2019-02-11 03:00:00,0.0
2019-02-11 04:00:00,0.0
2019-02-11 05:00:00,0.0
2019-02-11 06:00:00,31.95
2019-02-11 07:00:00,174.05
2019-02-11 08:00:00,345.4
2019-02-11 09:00:00,503.85
2019-02-11 10:00:00,587.15
2019-02-11 11:00:00,594.3
2019-02-11 12:00:00,615.05
2019-02-11 13:00:00,588.6
2019-02-11 14:00:00,469.05
2019-02-11 15:00:00,306.25
2019-02-11 16:00:00,133.38
2019-02-11 17:00:00,15.57
2019-02-11 18:00:00,0.0
2019-02-11 19:00:00,0.0
2019-02-11 20:00:00,0.0
2019-02-11 21:00:00,0.0
2019-02-11 22:00:00,0.0
2019-02-11 23:00:00,0.0
2019-02-12 00:00:00,0.0
2019-02-12 01:00:00,0.0
2019-02-12 02:00:00,0.0
2019-02-12 03:00:00,0.0
2019-02-12 04:00:00,0.0
2019-02-12 05:00:00,0.0
2019-02-12 06:00:00,40.47
2019-02-12 07:00:00,207.15
2019-02-12 08:00:00,389.98
2019-02-12 09:00:00,595.9
2019-02-12 10:00:00,751.7
2019-02-12 11:00:00,808.67
2019-02-12 12:00:00,808.35
2019-02-12 13:00:00,709.22
2019-02-12 14:00:00,557.25
2019-02-12 15:00:00,375.85
2019-02-12 16:00:00,174.05
2019-02-12 17:00:00,18.12
2019-02-12 18:00:00,0.0
2019-02-12 19:00:00,0.0
2019-02-12 20:00:00,0.0
2019-02-12 21:00:00,0.0
2019-02-12 22:00:00,0.0
2019-02-12 23:00:00,0.0
2019-02-13 00:00:00,0.0
2019-02-13 01:00:00,0.0
2019-02-13 02:00:00,0.0
2019-02-13 03:00:00,0.0
2019-02-13 04:00:00,0.0
2019-02-13 05:00:00,0.0
2019-02-13 06:00:00,42.95
2019-02-13 07:00:00,222.55
2019-02-13 08:00:00,425.08
2019-02-13 09:00:00,635.53
2019-02-13 10:00:00,737.92
2019-02-13 11:00:00,858.38
2019-02-13 12:00:00,848.5
2019-02-13 13:00:00,766.38
2019-02-13 14:00:00,612.53
2019-02-13 15:00:00,413.7
2019-02-13 16:00:00,191.05
2019-02-13 17:00:00,12.38
2019-02-13 18:00:00,0.0
2019-02-13 19:00:00,0.0
2019-02-13 20:00:00,0.0
2019-02-13 21:00:00,0.0
2019-02-13 22:00:00,0.0
2019-02-13 23:00:00,0.0
2019-02-14 00:00:00,0.0
2019-02-14 01:00:00,0.0
2019-02-14 02:00:00,0.0
2019-02-14 03:00:00,0.0
2019-02-14 04:00:00,0.0
2019-02-14 05:00:00,0.0
2019-02-14 06:00:00,46.67
2019-02-14 07:00:00,228.68
2019-02-14 08:00:00,421.42
2019-02-14 09:00:00,641.62
2019-02-14 10:00:00,776.75
2019-02-14 11:00:00,859.92
2019-02-14 12:00:00,781.08
2019-02-14 13:00:00,768.4
2019-02-14 14:00:00,620.0
2019-02-14 15:00:00,417.67
2019-02-14 16:00:00,193.43
2019-02-14 17:00:00,20.95
2019-02-14 18:00:00,0.0
2019-02-14 19:00:00,0.0
2019-02-14 20:00:00,0.0
2019-02-14 21:00:00,0.0
2019-02-14 22:00:00,0.0
2019-02-14 23:00:00,0.0
2019-02-15 00:00:00,0.0
2019-02-15 01:00:00,0.0
2019-02-15 02:00:00,0.0
2019-02-15 03:00:00,0.0
2019-02-15 04:00:00,0.0
2019-02-15 05:00:00,0.0
2019-02-15 06:00:00,52.65
2019-02-15 07:00:00,273.73
2019-02-15 08:00:00,445.9
2019-02-15 09:00:00,689.15
2019-02-15 10:00:00,791.5
2019-02-15 11:00:00,851.65
2019-02-15 12:00:00,881.28
2019-02-15 13:00:00,787.67
2019-02-15 14:00:00,625.55
2019-02-15 15:00:00,436.27
2019-02-15 16:00:00,203.65
2019-02-15 17:00:00,20.67
2019-02-15 18:00:00,0.0
2019-02-15 19:00:00,0.0
2019-02-15 20:00:00,0.0
2019-02-15 21:00:00,0.0
2019-02-15 22:00:00,0.0
2019-02-15 23:00:00,0.0
2019-02-16 00:00:00,0.0
2019-02-16 01:00:00,0.0
2019-02-16 02:00:00,0.0
2019-02-16 03:00:00,0.0
2019-02-16 04:00:00,0.0
2019-02-16 05:00:00,0.0
2019-02-16 06:00:00,52.2
2019-02-16 07:00:00,255.73
2019-02-16 08:00:00,474.62
2019-02-16 09:00:00,681.97
2019-02-16 10:00:00,648.22
2019-02-16 11:00:00,694.47
2019-02-16 12:00:00,804.42
2019-02-16 13:00:00,766.08
2019-02-16 14:00:00,607.55
2019-02-16 15:00:00,411.92
2019-02-16 16:00:00,187.0
2019-02-16 17:00:00,17.58
2019-02-16 18:00:00,0.0
2019-02-16 19:00:00,0.0
2019-02-16 20:00:00,0.0
2019-02-16 21:00:00,0.0
2019-02-16 22:00:00,0.0
2019-02-16 23:00:00,0.0
2019-02-17 00:00:00,0.0
2019-02-17 01:00:00,0.0
2019-02-17 02:00:00,0.0
2019-02-17 03:00:00,0.0
2019-02-17 04:00:00,0.0
2019-02-17 05:00:00,0.0
2019-02-17 06:00:00,48.33
2019-02-17 07:00:00,227.7
2019-02-17 08:00:00,425.98
2019-02-17 09:00:00,633.9
2019-02-17 10:00:00,788.12
2019-02-17 11:00:00,877.33
2019-02-17 12:00:00,867.1
2019-02-17 13:00:00,754.67
2019-02-17 14:00:00,615.22
2019-02-17 15:00:00,413.83
2019-02-17 16:00:00,187.9
2019-02-17 17:00:00,20.77
2019-02-17 18:00:00,0.0
2019-02-17 19:00:00,0.0
2019-02-17 20:00:00,0.0
2019-02-17 21:00:00,0.0
2019-02-17 22:00:00,0.0
2019-02-17 23:00:00,0.0
2019-02-18 00:00:00,0.0
2019-02-18 01:00:00,0.0
2019-02-18 02:00:00,0.0
2019-02-18 03:00:00,0.0
2019-02-18 04:00:00,0.0
2019-02-18 05:00:00,0.0
2019-02-18 06:00:00,48.62
2019-02-18 07:00:00,234.18
2019-02-18 08:00:00,435.92
2019-02-18 09:00:00,653.75
2019-02-18 10:00:00,765.0
2019-02-18 11:00:00,796.42
2019-02-18 12:00:00,796.33
2019-02-18 13:00:00,723.78
2019-02-18 14:00:00,588.1
2019-02-18 15:00:00,382.7
2019-02-18 16:00:00,167.5
2019-02-18 17:00:00,16.35
2019-02-18 18:00:00,0.0
2019-02-18 19:00:00,0.0
2019-02-18 20:00:00,0.0
2019-02-18 21:00:00,0.0
2019-02-18 22:00:00,0.0
2019-02-18 23:00:00,0.0
2019-02-19 00:00:00,0.0
2019-02-19 01:00:00,0.0
2019-02-19 02:00:00,0.0
2019-02-19 03:00:00,0.0
2019-02-19 04:00:00,0.0
2019-02-19 05:00:00,0.0
2019-02-19 06:00:00,44.1
2019-02-19 07:00:00,240.65
2019-02-19 08:00:00,453.48
2019-02-19 09:00:00,648.35
2019-02-19 10:00:00,791.38
2019-02-19 11:00:00,875.83
2019-02-19 12:00:00,873.42
2019-02-19 13:00:00,743.47
2019-02-19 14:00:00,589.35
2019-02-19 15:00:00,398.85
2019-02-19 16:00:00,189.27
2019-02-19 17:00:00,19.23
2019-02-19 18:00:00,0.0
2019-02-19 19:00:00,0.0
2019-02-19 20:00:00,0.0
2019-02-19 21:00:00,0.0
2019-02-19 22:00:00,0.0
2019-02-19 23:00:00,0.0
2019-02-20 00:00:00,0.0
2019-02-20 01:00:00,0.0
2019-02-20 02:00:00,0.0
2019-02-20 03:00:00,0.0
2019-02-20 04:00:00,0.0
2019-02-20 05:00:00,0.0
2019-02-20 06:00:00,55.3
2019-02-20 07:00:00,256.5
2019-02-20 08:00:00,469.62
2019-02-20 09:00:00,674.1
2019-02-20 10:00:00,800.03
2019-02-20 11:00:00,620.7
2019-02-20 12:00:00,847.75
2019-02-20 13:00:00,741.47
2019-02-20 14:00:00,585.15
2019-02-20 15:00:00,410.6
2019-02-20 16:00:00,190.18
2019-02-20 17:00:00,19.55
2019-02-20 18:00:00,0.0
2019-02-20 19:00:00,0.0
2019-02-20 20:00:00,0.0
2019-02-20 21:00:00,0.0
2019-02-20 22:00:00,0.0
2019-02-20 23:00:00,0.0
2019-02-21 00:00:00,0.0
2019-02-21 01:00:00,0.0
2019-02-21 02:00:00,0.0
2019-02-21 03:00:00,0.0
2019-02-21 04:00:00,0.0
2019-02-21 05:00:00,0.0
2019-02-21 06:00:00,57.03
2019-02-21 07:00:00,266.88
2019-02-21 08:00:00,490.95
2019-02-21 09:00:00,683.55
2019-02-21 10:00:00,808.97
2019-02-21 11:00:00,919.83
2019-02-21 12:00:00,788.72
2019-02-21 13:00:00,820.72
2019-02-21 14:00:00,673.72
2019-02-21 15:00:00,463.3
2019-02-21 16:00:00,212.43
2019-02-21 17:00:00,22.8
2019-02-21 18:00:00,0.0
2019-02-21 19:00:00,0.0
2019-02-21 20:00:00,0.0
2019-02-21 21:00:00,0.0
2019-02-21 22:00:00,0.0
2019-02-21 23:00:00,0.0
2019-02-22 00:00:00,0.0
2019-02-22 01:00:00,0.0
2019-02-22 02:00:00,0.0
2019-02-22 03:00:00,0.0
2019-02-22 04:00:00,0.0
2019-02-22 05:00:00,0.0
2019-02-22 06:00:00,64.62
2019-02-22 07:00:00,292.08
2019-02-22 08:00:00,534.0
2019-02-22 09:00:00,721.9
2019-02-22 10:00:00,821.58
2019-02-22 11:00:00,924.97
2019-02-22 12:00:00,956.7
2019-02-22 13:00:00,870.92
2019-02-22 14:00:00,709.38
2019-02-22 15:00:00,490.55
2019-02-22 16:00:00,239.07
2019-02-22 17:00:00,28.3
2019-02-22 18:00:00,0.0
2019-02-22 19:00:00,0.0
2019-02-22 20:00:00,0.0
2019-02-22 21:00:00,0.0
2019-02-22 22:00:00,0.0
2019-02-22 23:00:00,0.0
2019-02-23 00:00:00,0.0
2019-02-23 01:00:00,0.0
2019-02-23 02:00:00,0.0
2019-02-23 03:00:00,0.0
2019-02-23 04:00:00,0.0
2019-02-23 05:00:00,0.0
2019-02-23 06:00:00,64.28
2019-02-23 07:00:00,289.17
2019-02-23 08:00:00,537.15
2019-02-23 09:00:00,653.83
2019-02-23 10:00:00,889.25
2019-02-23 11:00:00,962.1
2019-02-23 12:00:00,938.58
2019-02-23 13:00:00,856.88
2019-02-23 14:00:00,709.85
2019-02-23 15:00:00,489.5
2019-02-23 16:00:00,239.38
2019-02-23 17:00:00,27.88
2019-02-23 18:00:00,0.0
2019-02-23 19:00:00,0.0
2019-02-23 20:00:00,0.0
2019-02-23 21:00:00,0.0
2019-02-23 22:00:00,0.0
2019-02-23 23:00:00,0.0
2019-02-24 00:00:00,0.0
2019-02-24 01:00:00,0.0
2019-02-24 02:00:00,0.0
2019-02-24 03:00:00,0.0
2019-02-24 04:00:00,0.0
2019-02-24 05:00:00,0.0
2019-02-24 06:00:00,53.8
2019-02-24 07:00:00,252.4
2019-02-24 08:00:00,455.15
2019-02-24 09:00:00,719.45
2019-02-24 10:00:00,821.1
2019-02-24 11:00:00,927.35
2019-02-24 12:00:00,915.65
2019-02-24 13:00:00,792.17
2019-02-24 14:00:00,674.22
2019-02-24 15:00:00,460.38
2019-02-24 16:00:00,219.77
2019-02-24 17:00:00,23.83
2019-02-24 18:00:00,0.0
2019-02-24 19:00:00,0.0
2019-02-24 20:00:00,0.0
2019-02-24 21:00:00,0.0
2019-02-24 22:00:00,0.0
2019-02-24 23:00:00,0.0
2019-02-25 00:00:00,0.0
2019-02-25 01:00:00,0.0
2019-02-25 02:00:00,0.0
2019-02-25 03:00:00,0.0
2019-02-25 04:00:00,0.0
2019-02-25 05:00:00,0.0
2019-02-25 06:00:00,70.0
2019-02-25 07:00:00,299.98
2019-02-25 08:00:00,540.28
2019-02-25 09:00:00,738.8
2019-02-25 10:00:00,896.25
2019-02-25 11:00:00,949.58
2019-02-25 12:00:00,888.72
2019-02-25 13:00:00,865.03
2019-02-25 14:00:00,708.88
2019-02-25 15:00:00,486.27
2019-02-25 16:00:00,235.48
2019-02-25 17:00:00,28.15
2019-02-25 18:00:00,0.0
2019-02-25 19:00:00,0.0
2019-02-25 20:00:00,0.0
2019-02-25 21:00:00,0.0
2019-02-25 22:00:00,0.0
2019-02-25 23:00:00,0.0
2019-02-26 00:00:00,0.0
2019-02-26 01:00:00,0.0
2019-02-26 02:00:00,0.0
2019-02-26 03:00:00,0.0
2019-02-26 04:00:00,0.0
2019-02-26 05:00:00,0.0
2019-02-26 06:00:00,70.2
2019-02-26 07:00:00,283.3
2019-02-26 08:00:00,510.75
2019-02-26 09:00:00,722.05
2019-02-26 10:00:00,809.85
2019-02-26 11:00:00,895.9
2019-02-26 12:00:00,867.2
2019-02-26 13:00:00,820.55
2019-02-26 14:00:00,677.62
2019-02-26 15:00:00,463.98
2019-02-26 16:00:00,224.65
2019-02-26 17:00:00,24.3
2019-02-26 18:00:00,0.0
2019-02-26 19:00:00,0.0
2019-02-26 20:00:00,0.0
2019-02-26 21:00:00,0.0
2019-02-26 22:00:00,0.0
2019-02-26 23:00:00,0.0
2019-02-27 00:00:00,0.0
2019-02-27 01:00:00,0.0
2019-02-27 02:00:00,0.0
2019-02-27 03:00:00,0.0
2019-02-27 04:00:00,0.0
2019-02-27 05:00:00,0.0
2019-02-27 06:00:00,58.05
2019-02-27 07:00:00,234.95
2019-02-27 08:00:00,428.5
2019-02-27 09:00:00,630.8
2019-02-27 10:00:00,785.2
2019-02-27 11:00:00,894.65
2019-02-27 12:00:00,873.33
2019-02-27 13:00:00,754.22
2019-02-27 14:00:00,648.8
2019-02-27 15:00:00,431.1
2019-02-27 16:00:00,211.82
2019-02-27 17:00:00,25.1
2019-02-27 18:00:00,0.0
2019-02-27 19:00:00,0.0
2019-02-27 20:00:00,0.0
2019-02-27 21:00:00,0.0
2019-02-27 22:00:00,0.0
2019-02-27 23:00:00,0.0
2019-02-28 00:00:00,0.0
2019-02-28 01:00:00,0.0
2019-02-28 02:00:00,0.0
2019-02-28 03:00:00,0.0
2019-02-28 04:00:00,0.0
2019-02-28 05:00:00,0.0
2019-02-28 06:00:00,27.77
2019-02-28 07:00:00,116.65
2019-02-28 08:00:00,229.25
2019-02-28 09:00:00,426.42
2019-02-28 10:00:00,441.0
2019-02-28 11:00:00,841.17
2019-02-28 12:00:00,866.88
2019-02-28 13:00:00,756.3
2019-02-28 14:00:00,623.95
2019-02-28 15:00:00,423.77
2019-02-28 16:00:00,197.75
2019-02-28 17:00:00,17.75
2019-02-28 18:00:00,0.0
2019-02-28 19:00:00,0.0
2019-02-28 20:00:00,0.0
2019-02-28 21:00:00,0.0
2019-02-28 22:00:00,0.0
2019-02-28 23:00:00,0.0
2019-03-01 00:00:00,0.0
2019-03-01 01:00:00,0.0
2019-03-01 02:00:00,0.0
2019-03-01 03:00:00,0.0
2019-03-01 04:00:00,0.0
2019-03-01 05:00:00,0.0
2019-03-01 06:00:00,57.85
2019-03-01 07:00:00,241.82
2019-03-01 08:00:00,437.4
2019-03-01 09:00:00,652.38
2019-03-01 10:00:00,769.62
2019-03-01 11:00:00,880.65
2019-03-01 12:00:00,871.92
2019-03-01 13:00:00,794.8
2019-03-01 14:00:00,639.12
2019-03-01 15:00:00,429.95
2019-03-01 16:00:00,203.43
2019-03-01 17:00:00,25.35
2019-03-01 18:00:00,0.0
2019-03-01 19:00:00,0.0
2019-03-01 20:00:00,0.0
2019-03-01 21:00:00,0.0
2019-03-01 22:00:00,0.0
2019-03-01 23:00:00,0.0
2019-03-02 00:00:00,0.0
2019-03-02 01:00:00,0.0
2019-03-02 02:00:00,0.0
2019-03-02 03:00:00,0.0
2019-03-02 04:00:00,0.0
2019-03-02 05:00:00,0.0
2019-03-02 06:00:00,68.6
2019-03-02 07:00:00,262.25
2019-03-02 08:00:00,466.58
2019-03-02 09:00:00,656.15
2019-03-02 10:00:00,817.12
2019-03-02 11:00:00,850.42
2019-03-02 12:00:00,899.6
2019-03-02 13:00:00,753.0
2019-03-02 14:00:00,598.58
2019-03-02 15:00:00,400.6
2019-03-02 16:00:00,186.43
2019-03-02 17:00:00,19.1
2019-03-02 18:00:00,0.0
2019-03-02 19:00:00,0.0
2019-03-02 20:00:00,0.0
2019-03-02 21:00:00,0.0
2019-03-02 22:00:00,0.0
2019-03-02 23:00:00,0.0
2019-03-03 00:00:00,0.0
2019-03-03 01:00:00,0.0
2019-03-03 02:00:00,0.0
2019-03-03 03:00:00,0.0
2019-03-03 04:00:00,0.0
2019-03-03 05:00:00,0.0
2019-03-03 06:00:00,68.0
2019-03-03 07:00:00,273.8
2019-03-03 08:00:00,495.05
2019-03-03 09:00:00,698.55
2019-03-03 10:00:00,807.33
2019-03-03 11:00:00,908.62
2019-03-03 12:00:00,904.5
2019-03-03 13:00:00,823.1
2019-03-03 14:00:00,609.17
2019-03-03 15:00:00,429.3
2019-03-03 16:00:00,199.88
2019-03-03 17:00:00,23.0
2019-03-03 18:00:00,0.0
2019-03-03 19:00:00,0.0
2019-03-03 20:00:00,0.0
2019-03-03 21:00:00,0.0
2019-03-03 22:00:00,0.0
2019-03-03 23:00:00,0.0
2019-03-04 00:00:00,0.0
2019-03-04 01:00:00,0.0
2019-03-04 02:00:00,0.0
2019-03-04 03:00:00,0.0
2019-03-04 04:00:00,0.0
2019-03-04 05:00:00,0.0
2019-03-04 06:00:00,72.43
2019-03-04 07:00:00,279.92
2019-03-04 08:00:00,503.52
2019-03-04 09:00:00,724.53
2019-03-04 10:00:00,812.92
2019-03-04 11:00:00,917.65
2019-03-04 12:00:00,886.22
2019-03-04 13:00:00,793.92
2019-03-04 14:00:00,634.65
2019-03-04 15:00:00,424.67
2019-03-04 16:00:00,198.8
2019-03-04 17:00:00,24.98
2019-03-04 18:00:00,0.0
2019-03-04 19:00:00,0.0
2019-03-04 20:00:00,0.0
2019-03-04 21:00:00,0.0
2019-03-04 22:00:00,0.0
2019-03-04 23:00:00,0.0
2019-03-05 00:00:00,0.0
2019-03-05 01:00:00,0.0
2019-03-05 02:00:00,0.0
2019-03-05 03:00:00,0.0
2019-03-05 04:00:00,0.0
2019-03-05 05:00:00,0.0
2019-03-05 06:00:00,70.88
2019-03-05 07:00:00,286.27
2019-03-05 08:00:00,519.45
2019-03-05 09:00:00,716.0
2019-03-05 10:00:00,847.3
2019-03-05 11:00:00,927.62
2019-03-05 12:00:00,924.25
2019-03-05 13:00:00,832.8
2019-03-05 14:00:00,678.85
2019-03-05 15:00:00,442.27
2019-03-05 16:00:00,210.45
2019-03-05 17:00:00,23.85
2019-03-05 18:00:00,0.0
2019-03-05 19:00:00,0.0
2019-03-05 20:00:00,0.0
2019-03-05 21:00:00,0.0
2019-03-05 22:00:00,0.0
2019-03-05 23:00:00,0.0
2019-03-06 00:00:00,0.0
2019-03-06 01:00:00,0.0
2019-03-06 02:00:00,0.0
2019-03-06 03:00:00,0.0
2019-03-06 04:00:00,0.0
2019-03-06 05:00:00,0.0
2019-03-06 06:00:00,82.25
2019-03-06 07:00:00,274.02
2019-03-06 08:00:00,486.77
2019-03-06 09:00:00,715.33
2019-03-06 10:00:00,790.97
2019-03-06 11:00:00,854.8
2019-03-06 12:00:00,762.8
2019-03-06 13:00:00,747.35
2019-03-06 14:00:00,610.2
2019-03-06 15:00:00,410.25
2019-03-06 16:00:00,192.6
2019-03-06 17:00:00,22.02
2019-03-06 18:00:00,0.0
2019-03-06 19:00:00,0.0
2019-03-06 20:00:00,0.0
2019-03-06 21:00:00,0.0
2019-03-06 22:00:00,0.0
2019-03-06 23:00:00,0.0
2019-03-07 00:00:00,0.0
2019-03-07 01:00:00,0.0
2019-03-07 02:00:00,0.0
2019-03-07 03:00:00,0.0
2019-03-07 04:00:00,0.0
2019-03-07 05:00:00,0.0
2019-03-07 06:00:00,76.55
2019-03-07 07:00:00,298.8
2019-03-07 08:00:00,528.7
2019-03-07 09:00:00,740.08
2019-03-07 10:00:00,881.92
2019-03-07 11:00:00,894.05
2019-03-07 12:00:00,796.9
2019-03-07 13:00:00,808.47
2019-03-07 14:00:00,566.53
2019-03-07 15:00:00,408.02
2019-03-07 16:00:00,214.1
2019-03-07 17:00:00,26.83
2019-03-07 18:00:00,0.0
2019-03-07 19:00:00,0.0
2019-03-07 20:00:00,0.0
2019-03-07 21:00:00,0.0
2019-03-07 22:00:00,0.0
2019-03-07 23:00:00,0.0
2019-03-08 00:00:00,0.0
2019-03-08 01:00:00,0.0
2019-03-08 02:00:00,0.0
2019-03-08 03:00:00,0.0
2019-03-08 04:00:00,0.0
2019-03-08 05:00:00,0.0
2019-03-08 06:00:00,67.1
2019-03-08 07:00:00,242.8
2019-03-08 08:00:00,458.77
2019-03-08 09:00:00,667.0
2019-03-08 10:00:00,773.42
2019-03-08 11:00:00,891.2
2019-03-08 12:00:00,843.53
2019-03-08 13:00:00,815.67
2019-03-08 14:00:00,622.53
2019-03-08 15:00:00,424.25
2019-03-08 16:00:00,216.07
2019-03-08 17:00:00,27.73
2019-03-08 18:00:00,0.0
2019-03-08 19:00:00,0.0
2019-03-08 20:00:00,0.0
2019-03-08 21:00:00,0.0
2019-03-08 22:00:00,0.0
2019-03-08 23:00:00,0.0
2019-03-09 00:00:00,0.0
2019-03-09 01:00:00,0.0
2019-03-09 02:00:00,0.0
2019-03-09 03:00:00,0.0
2019-03-09 04:00:00,0.0
2019-03-09 05:00:00,0.0
2019-03-09 06:00:00,71.25
2019-03-09 07:00:00,264.77
2019-03-09 08:00:00,480.83
2019-03-09 09:00:00,681.85
2019-03-09 10:00:00,805.62
2019-03-09 11:00:00,945.45
2019-03-09 12:00:00,941.88
2019-03-09 13:00:00,653.4
2019-03-09 14:00:00,563.0
2019-03-09 15:00:00,390.9
2019-03-09 16:00:00,206.57
2019-03-09 17:00:00,25.35
2019-03-09 18:00:00,0.0
2019-03-09 19:00:00,0.0
2019-03-09 20:00:00,0.0
2019-03-09 21:00:00,0.0
2019-03-09 22:00:00,0.0
2019-03-09 23:00:00,0.0
2019-03-10 00:00:00,0.0
2019-03-10 01:00:00,0.0
2019-03-10 02:00:00,0.0
2019-03-10 03:00:00,0.0
2019-03-10 04:00:00,0.0
2019-03-10 05:00:00,0.0
2019-03-10 06:00:00,90.18
2019-03-10 07:00:00,312.4
2019-03-10 08:00:00,541.78
2019-03-10 09:00:00,744.85
2019-03-10 10:00:00,872.08
2019-03-10 11:00:00,947.78
2019-03-10 12:00:00,938.83
2019-03-10 13:00:00,852.0
2019-03-10 14:00:00,690.03
2019-03-10 15:00:00,471.92
2019-03-10 16:00:00,227.57
2019-03-10 17:00:00,29.15
2019-03-10 18:00:00,0.0
2019-03-10 19:00:00,0.0
2019-03-10 20:00:00,0.0
2019-03-10 21:00:00,0.0
2019-03-10 22:00:00,0.0
2019-03-10 23:00:00,0.0
2019-03-11 00:00:00,0.0
2019-03-11 01:00:00,0.0
2019-03-11 02:00:00,0.0
2019-03-11 03:00:00,0.0
2019-03-11 04:00:00,0.0
2019-03-11 05:00:00,0.0
2019-03-11 06:00:00,96.05
2019-03-11 07:00:00,327.1
2019-03-11 08:00:00,559.72
2019-03-11 09:00:00,764.83
2019-03-11 10:00:00,888.85
2019-03-11 11:00:00,929.55
2019-03-11 12:00:00,893.95
2019-03-11 13:00:00,819.0
2019-03-11 14:00:00,665.08
2019-03-11 15:00:00,456.23
2019-03-11 16:00:00,221.0
2019-03-11 17:00:00,28.83
2019-03-11 18:00:00,0.0
2019-03-11 19:00:00,0.0
2019-03-11 20:00:00,0.0
2019-03-11 21:00:00,0.0
2019-03-11 22:00:00,0.0
2019-03-11 23:00:00,0.0
2019-03-12 00:00:00,0.0
2019-03-12 01:00:00,0.0
2019-03-12 02:00:00,0.0
2019-03-12 03:00:00,0.0
2019-03-12 04:00:00,0.0
2019-03-12 05:00:00,0.0
2019-03-12 06:00:00,90.47
2019-03-12 07:00:00,323.45
2019-03-12 08:00:00,557.72
2019-03-12 09:00:00,755.05
2019-03-12 10:00:00,887.45
2019-03-12 11:00:00,937.95
2019-03-12 12:00:00,926.25
2019-03-12 13:00:00,829.25
2019-03-12 14:00:00,631.33
2019-03-12 15:00:00,429.75
2019-03-12 16:00:00,208.2
2019-03-12 17:00:00,27.3
2019-03-12 18:00:00,0.0
2019-03-12 19:00:00,0.0
2019-03-12 20:00:00,0.0
2019-03-12 21:00:00,0.0
2019-03-12 22:00:00,0.0
2019-03-12 23:00:00,0.0
2019-03-13 00:00:00,0.0
2019-03-13 01:00:00,0.0
2019-03-13 02:00:00,0.0
2019-03-13 03:00:00,0.0
2019-03-13 04:00:00,0.0
2019-03-13 05:00:00,0.0
2019-03-13 06:00:00,110.7
2019-03-13 07:00:00,329.17
2019-03-13 08:00:00,565.1
2019-03-13 09:00:00,732.92
2019-03-13 10:00:00,879.12
2019-03-13 11:00:00,893.42
2019-03-13 12:00:00,881.67
2019-03-13 13:00:00,836.03
2019-03-13 14:00:00,679.3
2019-03-13 15:00:00,473.65
2019-03-13 16:00:00,225.77
2019-03-13 17:00:00,28.95
2019-03-13 18:00:00,0.0
2019-03-13 19:00:00,0.0
2019-03-13 20:00:00,0.0
2019-03-13 21:00:00,0.0
2019-03-13 22:00:00,0.0
2019-03-13 23:00:00,0.0
2019-03-14 00:00:00,0.0
2019-03-14 01:00:00,0.0
2019-03-14 02:00:00,0.0
2019-03-14 03:00:00,0.0
2019-03-14 04:00:00,0.0
2019-03-14 05:00:00,0.0
2019-03-14 06:00:00,98.38
2019-03-14 07:00:00,339.35
2019-03-14 08:00:00,564.22
2019-03-14 09:00:00,775.47
2019-03-14 10:00:00,897.45
2019-03-14 11:00:00,957.75
2019-03-14 12:00:00,950.75
2019-03-14 13:00:00,759.03
2019-03-14 14:00:00,689.12
2019-03-14 15:00:00,461.83
2019-03-14 16:00:00,215.82
2019-03-14 17:00:00,27.38
2019-03-14 18:00:00,0.0
2019-03-14 19:00:00,0.0
2019-03-14 20:00:00,0.0
2019-03-14 21:00:00,0.0
2019-03-14 22:00:00,0.0
2019-03-14 23:00:00,0.0
2019-03-15 00:00:00,0.0
2019-03-15 01:00:00,0.0
2019-03-15 02:00:00,0.0
2019-03-15 03:00:00,0.0
2019-03-15 04:00:00,0.0
2019-03-15 05:00:00,0.0
2019-03-15 06:00:00,95.75
2019-03-15 07:00:00,324.58
2019-03-15 08:00:00,569.88
2019-03-15 09:00:00,738.47
2019-03-15 10:00:00,837.75
2019-03-15 11:00:00,961.35
2019-03-15 12:00:00,910.78
2019-03-15 13:00:00,772.1
2019-03-15 14:00:00,626.1
2019-03-15 15:00:00,445.88
2019-03-15 16:00:00,213.82
2019-03-15 17:00:00,29.5
2019-03-15 18:00:00,0.0
2019-03-15 19:00:00,0.0
2019-03-15 20:00:00,0.0
2019-03-15 21:00:00,0.0
2019-03-15 22:00:00,0.0
2019-03-15 23:00:00,0.0
2019-03-16 00:00:00,0.0
2019-03-16 01:00:00,0.0
2019-03-16 02:00:00,0.0
2019-03-16 03:00:00,0.0
2019-03-16 04:00:00,0.0
2019-03-16 05:00:00,0.0
2019-03-16 06:00:00,95.05
2019-03-16 07:00:00,305.1
2019-03-16 08:00:00,529.35
2019-03-16 09:00:00,727.38
2019-03-16 10:00:00,864.9
2019-03-16 11:00:00,825.17
2019-03-16 12:00:00,818.17
2019-03-16 13:00:00,824.85
2019-03-16 14:00:00,629.83
2019-03-16 15:00:00,419.92
2019-03-16 16:00:00,199.82
2019-03-16 17:00:00,22.2
2019-03-16 18:00:00,0.0
2019-03-16 19:00:00,0.0
2019-03-16 20:00:00,0.0
2019-03-16 21:00:00,0.0
2019-03-16 22:00:00,0.0
2019-03-16 23:00:00,0.0
2019-03-17 00:00:00,0.0
2019-03-17 01:00:00,0.0
2019-03-17 02:00:00,0.0
2019-03-17 03:00:00,0.0
2019-03-17 04:00:00,0.0
2019-03-17 05:00:00,0.0
2019-03-17 06:00:00,104.62
2019-03-17 07:00:00,322.05
2019-03-17 08:00:00,545.22
2019-03-17 09:00:00,748.8
2019-03-17 10:00:00,886.0
2019-03-17 11:00:00,970.78
2019-03-17 12:00:00,969.22
2019-03-17 13:00:00,879.83
2019-03-17 14:00:00,703.97
2019-03-17 15:00:00,476.62
2019-03-17 16:00:00,225.77
2019-03-17 17:00:00,28.6
2019-03-17 18:00:00,0.0
2019-03-17 19:00:00,0.0
2019-03-17 20:00:00,0.0
2019-03-17 21:00:00,0.0
2019-03-17 22:00:00,0.0
2019-03-17 23:00:00,0.0
2019-03-18 00:00:00,0.0
2019-03-18 01:00:00,0.0
2019-03-18 02:00:00,0.0
2019-03-18 03:00:00,0.0
2019-03-18 04:00:00,0.0
2019-03-18 05:00:00,0.0
2019-03-18 06:00:00,132.52
2019-03-18 07:00:00,373.2
2019-03-18 08:00:00,605.05
2019-03-18 09:00:00,809.9
2019-03-18 10:00:00,926.65
2019-03-18 11:00:00,1003.05
2019-03-18 12:00:00,975.7
2019-03-18 13:00:00,871.45
2019-03-18 14:00:00,711.85
2019-03-18 15:00:00,493.62
2019-03-18 16:00:00,247.93
2019-03-18 17:00:00,35.2
2019-03-18 18:00:00,0.0
2019-03-18 19:00:00,0.0
2019-03-18 20:00:00,0.0
2019-03-18 21:00:00,0.0
2019-03-18 22:00:00,0.0
2019-03-18 23:00:00,0.0
2019-03-19 00:00:00,0.0
2019-03-19 01:00:00,0.0
2019-03-19 02:00:00,0.0
2019-03-19 03:00:00,0.0
2019-03-19 04:00:00,0.0
2019-03-19 05:00:00,0.0
2019-03-19 06:00:00,112.22
2019-03-19 07:00:00,329.35
2019-03-19 08:00:00,553.05
2019-03-19 09:00:00,750.72
2019-03-19 10:00:00,869.78
2019-03-19 11:00:00,956.22
2019-03-19 12:00:00,819.92
2019-03-19 13:00:00,834.65
2019-03-19 14:00:00,653.1
2019-03-19 15:00:00,443.8
2019-03-19 16:00:00,210.68
2019-03-19 17:00:00,27.6
2019-03-19 18:00:00,0.0
2019-03-19 19:00:00,0.0
2019-03-19 20:00:00,0.0
2019-03-19 21:00:00,0.0
2019-03-19 22:00:00,0.0
2019-03-19 23:00:00,0.0
2019-03-20 00:00:00,0.0
2019-03-20 01:00:00,0.0
2019-03-20 02:00:00,0.0
2019-03-20 03:00:00,0.0
2019-03-20 04:00:00,0.0
2019-03-20 05:00:00,0.0
2019-03-20 06:00:00,100.4
2019-03-20 07:00:00,311.65
2019-03-20 08:00:00,532.17
2019-03-20 09:00:00,699.97
2019-03-20 10:00:00,786.72
2019-03-20 11:00:00,811.85
2019-03-20 12:00:00,913.08
2019-03-20 13:00:00,837.97
2019-03-20 14:00:00,646.3
2019-03-20 15:00:00,443.08
2019-03-20 16:00:00,211.8
2019-03-20 17:00:00,25.52
2019-03-20 18:00:00,0.0
2019-03-20 19:00:00,0.0
2019-03-20 20:00:00,0.0
2019-03-20 21:00:00,0.0
2019-03-20 22:00:00,0.0
2019-03-20 23:00:00,0.0
2019-03-21 00:00:00,0.0
2019-03-21 01:00:00,0.0
2019-03-21 02:00:00,0.0
2019-03-21 03:00:00,0.0
2019-03-21 04:00:00,0.0
2019-03-21 05:00:00,0.0
2019-03-21 06:00:00,117.43
2019-03-21 07:00:00,339.65
2019-03-21 08:00:00,577.2
2019-03-21 09:00:00,790.22
2019-03-21 10:00:00,819.95
2019-03-21 11:00:00,912.7
2019-03-21 12:00:00,938.42
2019-03-21 13:00:00,863.72
2019-03-21 14:00:00,705.97
2019-03-21 15:00:00,484.15
2019-03-21 16:00:00,234.62
2019-03-21 17:00:00,27.6
2019-03-21 18:00:00,0.0
2019-03-21 19:00:00,0.0
2019-03-21 20:00:00,0.0
2019-03-21 21:00:00,0.0
2019-03-21 22:00:00,0.0
2019-03-21 23:00:00,0.0
2019-03-22 00:00:00,0.0
2019-03-22 01:00:00,0.0
2019-03-22 02:00:00,0.0
2019-03-22 03:00:00,0.0
2019-03-22 04:00:00,0.0
2019-03-22 05:00:00,0.0
2019-03-22 06:00:00,114.0
2019-03-22 07:00:00,326.27
2019-03-22 08:00:00,541.97
2019-03-22 09:00:00,751.95
2019-03-22 10:00:00,902.25
2019-03-22 11:00:00,743.62
2019-03-22 12:00:00,898.1
2019-03-22 13:00:00,827.75
2019-03-22 14:00:00,671.25
2019-03-22 15:00:00,459.0
2019-03-22 16:00:00,221.1
2019-03-22 17:00:00,29.65
2019-03-22 18:00:00,0.0
2019-03-22 19:00:00,0.0
2019-03-22 20:00:00,0.0
2019-03-22 21:00:00,0.0
2019-03-22 22:00:00,0.0
2019-03-22 23:00:00,0.0
2019-03-23 00:00:00,0.0
2019-03-23 01:00:00,0.0
2019-03-23 02:00:00,0.0
2019-03-23 03:00:00,0.0
2019-03-23 04:00:00,0.0
2019-03-23 05:00:00,0.0
2019-03-23 06:00:00,111.45
2019-03-23 07:00:00,330.62
2019-03-23 08:00:00,559.55
2019-03-23 09:00:00,749.62
2019-03-23 10:00:00,908.47
2019-03-23 11:00:00,974.8
2019-03-23 12:00:00,956.03
2019-03-23 13:00:00,851.22
2019-03-23 14:00:00,690.67
2019-03-23 15:00:00,470.17
2019-03-23 16:00:00,226.55
2019-03-23 17:00:00,30.17
2019-03-23 18:00:00,0.0
2019-03-23 19:00:00,0.0
2019-03-23 20:00:00,0.0
2019-03-23 21:00:00,0.0
2019-03-23 22:00:00,0.0
2019-03-23 23:00:00,0.0
2019-03-24 00:00:00,0.0
2019-03-24 01:00:00,0.0
2019-03-24 02:00:00,0.0
2019-03-24 03:00:00,0.0
2019-03-24 04:00:00,0.0
2019-03-24 05:00:00,0.0
2019-03-24 06:00:00,120.15
2019-03-24 07:00:00,345.88
2019-03-24 08:00:00,575.42
2019-03-24 09:00:00,756.45
2019-03-24 10:00:00,854.42
2019-03-24 11:00:00,951.83
2019-03-24 12:00:00,872.45
2019-03-24 13:00:00,835.7
2019-03-24 14:00:00,668.2
2019-03-24 15:00:00,449.48
2019-03-24 16:00:00,212.27
2019-03-24 17:00:00,28.33
2019-03-24 18:00:00,0.0
2019-03-24 19:00:00,0.0
2019-03-24 20:00:00,0.0
2019-03-24 21:00:00,0.0
2019-03-24 22:00:00,0.0
2019-03-24 23:00:00,0.0
2019-03-25 00:00:00,0.0
2019-03-25 01:00:00,0.0
2019-03-25 02:00:00,0.0
2019-03-25 03:00:00,0.0
2019-03-25 04:00:00,0.0
2019-03-25 05:00:00,3.2
2019-03-25 06:00:00,110.65
2019-03-25 07:00:00,338.62
2019-03-25 08:00:00,571.53
2019-03-25 09:00:00,750.38
2019-03-25 10:00:00,877.2
2019-03-25 11:00:00,926.42
2019-03-25 12:00:00,921.8
2019-03-25 13:00:00,804.03
2019-03-25 14:00:00,671.3
2019-03-25 15:00:00,459.67
2019-03-25 16:00:00,222.02
2019-03-25 17:00:00,26.95
2019-03-25 18:00:00,0.0
2019-03-25 19:00:00,0.0
2019-03-25 20:00:00,0.0
2019-03-25 21:00:00,0.0
2019-03-25 22:00:00,0.0
2019-03-25 23:00:00,0.0
2019-03-26 00:00:00,0.0
2019-03-26 01:00:00,0.0
2019-03-26 02:00:00,0.0
2019-03-26 03:00:00,0.0
2019-03-26 04:00:00,0.0
2019-03-26 05:00:00,3.4
2019-03-26 06:00:00,113.55
2019-03-26 07:00:00,346.23
2019-03-26 08:00:00,584.67
2019-03-26 09:00:00,743.35
2019-03-26 10:00:00,797.53
2019-03-26 11:00:00,989.5
2019-03-26 12:00:00,968.72
2019-03-26 13:00:00,869.03
2019-03-26 14:00:00,701.35
2019-03-26 15:00:00,478.88
2019-03-26 16:00:00,229.35
2019-03-26 17:00:00,30.65
2019-03-26 18:00:00,0.0
2019-03-26 19:00:00,0.0
2019-03-26 20:00:00,0.0
2019-03-26 21:00:00,0.0
2019-03-26 22:00:00,0.0
2019-03-26 23:00:00,0.0
2019-03-27 00:00:00,0.0
2019-03-27 01:00:00,0.0
2019-03-27 02:00:00,0.0
2019-03-27 03:00:00,0.0
2019-03-27 04:00:00,0.0
2019-03-27 05:00:00,3.88
2019-03-27 06:00:00,133.1
2019-03-27 07:00:00,377.92
2019-03-27 08:00:00,619.78
2019-03-27 09:00:00,806.67
2019-03-27 10:00:00,940.0
2019-03-27 11:00:00,966.38
2019-03-27 12:00:00,933.78
2019-03-27 13:00:00,856.45
2019-03-27 14:00:00,692.47
2019-03-27 15:00:00,474.08
2019-03-27 16:00:00,230.52
2019-03-27 17:00:00,31.6
2019-03-27 18:00:00,0.0
2019-03-27 19:00:00,0.0
2019-03-27 20:00:00,0.0
2019-03-27 21:00:00,0.0
2019-03-27 22:00:00,0.0
2019-03-27 23:00:00,0.0
2019-03-28 00:00:00,0.0
2019-03-28 01:00:00,0.0
2019-03-28 02:00:00,0.0
2019-03-28 03:00:00,0.0
2019-03-28 04:00:00,0.0
2019-03-28 05:00:00,3.7
2019-03-28 06:00:00,114.55
2019-03-28 07:00:00,353.17
2019-03-28 08:00:00,599.42
2019-03-28 09:00:00,794.58
2019-03-28 10:00:00,925.22
2019-03-28 11:00:00,970.03
2019-03-28 12:00:00,957.8
2019-03-28 13:00:00,809.2
2019-03-28 14:00:00,676.05
2019-03-28 15:00:00,462.45
2019-03-28 16:00:00,222.38
2019-03-28 17:00:00,27.05
2019-03-28 18:00:00,0.0
2019-03-28 19:00:00,0.0
2019-03-28 20:00:00,0.0
2019-03-28 21:00:00,0.0
2019-03-28 22:00:00,0.0
2019-03-28 23:00:00,0.0
2019-03-29 00:00:00,0.0
2019-03-29 01:00:00,0.0
2019-03-29 02:00:00,0.0
2019-03-29 03:00:00,0.0
2019-03-29 04:00:00,0.0
2019-03-29 05:00:00,3.67
2019-03-29 06:00:00,100.43
2019-03-29 07:00:00,323.45
2019-03-29 08:00:00,564.33
2019-03-29 09:00:00,767.45
2019-03-29 10:00:00,821.58
2019-03-29 11:00:00,883.42
2019-03-29 12:00:00,922.22
2019-03-29 13:00:00,833.72
2019-03-29 14:00:00,663.15
2019-03-29 15:00:00,443.1
2019-03-29 16:00:00,207.0
2019-03-29 17:00:00,27.83
2019-03-29 18:00:00,0.0
2019-03-29 19:00:00,0.0
2019-03-29 20:00:00,0.0
2019-03-29 21:00:00,0.0
2019-03-29 22:00:00,0.0
2019-03-29 23:00:00,0.0
2019-03-30 00:00:00,0.0
2019-03-30 01:00:00,0.0
2019-03-30 02:00:00,0.0
2019-03-30 03:00:00,0.0
2019-03-30 04:00:00,0.0
2019-03-30 05:00:00,3.78
2019-03-30 06:00:00,106.4
2019-03-30 07:00:00,327.95
2019-03-30 08:00:00,569.53
2019-03-30 09:00:00,763.97
2019-03-30 10:00:00,899.33
2019-03-30 11:00:00,918.75
2019-03-30 12:00:00,922.35
2019-03-30 13:00:00,797.92
2019-03-30 14:00:00,666.83
2019-03-30 15:00:00,456.75
2019-03-30 16:00:00,220.82
2019-03-30 17:00:00,27.15
2019-03-30 18:00:00,0.0
2019-03-30 19:00:00,0.0
2019-03-30 20:00:00,0.0
2019-03-30 21:00:00,0.0
2019-03-30 22:00:00,0.0
2019-03-30 23:00:00,0.0
2019-03-31 00:00:00,0.0
2019-03-31 01:00:00,0.0
2019-03-31 02:00:00,0.0
2019-03-31 03:00:00,0.0
2019-03-31 04:00:00,0.0
2019-03-31 05:00:00,4.85
2019-03-31 06:00:00,117.78
2019-03-31 07:00:00,343.98
2019-03-31 08:00:00,568.12
2019-03-31 09:00:00,737.03
2019-03-31 10:00:00,876.8
2019-03-31 11:00:00,930.75
2019-03-31 12:00:00,888.42
2019-03-31 13:00:00,840.03
2019-03-31 14:00:00,678.25
2019-03-31 15:00:00,463.45
2019-03-31 16:00:00,224.02
2019-03-31 17:00:00,30.5
2019-03-31 18:00:00,0.0
2019-03-31 19:00:00,0.0
2019-03-31 20:00:00,0.0
2019-03-31 21:00:00,0.0
2019-03-31 22:00:00,0.0
2019-03-31 23:00:00,0.0
2019-04-01 00:00:00,0.0
2019-04-01 01:00:00,0.0
2019-04-01 02:00:00,0.0
2019-04-01 03:00:00,0.0
2019-04-01 04:00:00,0.0
2019-04-01 05:00:00,4.5
2019-04-01 06:00:00,112.78
2019-04-01 07:00:00,341.38
2019-04-01 08:00:00,571.22
2019-04-01 09:00:00,765.25
2019-04-01 10:00:00,890.25
2019-04-01 11:00:00,948.72
2019-04-01 12:00:00,846.22
2019-04-01 13:00:00,801.15
2019-04-01 14:00:00,619.2
2019-04-01 15:00:00,430.25
2019-04-01 16:00:00,202.02
2019-04-01 17:00:00,23.15
2019-04-01 18:00:00,0.0
2019-04-01 19:00:00,0.0
2019-04-01 20:00:00,0.0
2019-04-01 21:00:00,0.0
2019-04-01 22:00:00,0.0
2019-04-01 23:00:00,0.0
2019-04-02 00:00:00,0.0
2019-04-02 01:00:00,0.0
2019-04-02 02:00:00,0.0
2019-04-02 03:00:00,0.0
2019-04-02 04:00:00,0.0
2019-04-02 05:00:00,5.28
2019-04-02 06:00:00,116.53
2019-04-02 07:00:00,333.02
2019-04-02 08:00:00,548.85
2019-04-02 09:00:00,781.72
2019-04-02 10:00:00,871.33
2019-04-02 11:00:00,711.53
2019-04-02 12:00:00,751.45
2019-04-02 13:00:00,731.4
2019-04-02 14:00:00,611.72
2019-04-02 15:00:00,426.85
2019-04-02 16:00:00,199.38
2019-04-02 17:00:00,29.12
2019-04-02 18:00:00,0.0
2019-04-02 19:00:00,0.0
2019-04-02 20:00:00,0.0
2019-04-02 21:00:00,0.0
2019-04-02 22:00:00,0.0
2019-04-02 23:00:00,0.0
2019-04-03 00:00:00,0.0
2019-04-03 01:00:00,0.0
2019-04-03 02:00:00,0.0
2019-04-03 03:00:00,0.0
2019-04-03 04:00:00,0.0
2019-04-03 05:00:00,5.6
2019-04-03 06:00:00,125.15
2019-04-03 07:00:00,347.08
2019-04-03 08:00:00,550.53
2019-04-03 09:00:00,782.28
2019-04-03 10:00:00,719.17
2019-04-03 11:00:00,965.4
2019-04-03 12:00:00,935.78
2019-04-03 13:00:00,834.15
2019-04-03 14:00:00,658.92
2019-04-03 15:00:00,439.48
2019-04-03 16:00:00,204.02
2019-04-03 17:00:00,27.58
2019-04-03 18:00:00,0.0
2019-04-03 19:00:00,0.0
2019-04-03 20:00:00,0.0
2019-04-03 21:00:00,0.0
2019-04-03 22:00:00,0.0
2019-04-03 23:00:00,0.0
2019-04-04 00:00:00,0.0
2019-04-04 01:00:00,0.0
2019-04-04 02:00:00,0.0
2019-04-04 03:00:00,0.0
2019-04-04 04:00:00,0.0
2019-04-04 05:00:00,6.35
2019-04-04 06:00:00,135.25
2019-04-04 07:00:00,375.6
2019-04-04 08:00:00,604.2
2019-04-04 09:00:00,803.58
2019-04-04 10:00:00,821.55
2019-04-04 11:00:00,983.72
2019-04-04 12:00:00,964.47
2019-04-04 13:00:00,862.22
2019-04-04 14:00:00,696.53
2019-04-04 15:00:00,475.8
2019-04-04 16:00:00,229.38
2019-04-04 17:00:00,28.85
2019-04-04 18:00:00,0.0
2019-04-04 19:00:00,0.0
2019-04-04 20:00:00,0.0
2019-04-04 21:00:00,0.0
2019-04-04 22:00:00,0.0
2019-04-04 23:00:00,0.0
2019-04-05 00:00:00,0.0
2019-04-05 01:00:00,0.0
2019-04-05 02:00:00,0.0
2019-04-05 03:00:00,0.0
2019-04-05 04:00:00,0.0
2019-04-05 05:00:00,7.05
2019-04-05 06:00:00,140.7
2019-04-05 07:00:00,375.0
2019-04-05 08:00:00,600.2
2019-04-05 09:00:00,805.92
2019-04-05 10:00:00,839.87
2019-04-05 11:00:00,751.65
2019-04-05 12:00:00,935.65
2019-04-05 13:00:00,838.4
2019-04-05 14:00:00,671.2
2019-04-05 15:00:00,453.58
2019-04-05 16:00:00,217.55
2019-04-05 17:00:00,30.12
2019-04-05 18:00:00,0.0
2019-04-05 19:00:00,0.0
2019-04-05 20:00:00,0.0
2019-04-05 21:00:00,0.0
2019-04-05 22:00:00,0.0
2019-04-05 23:00:00,0.0
2019-04-06 00:00:00,0.0
2019-04-06 01:00:00,0.0
2019-04-06 02:00:00,0.0
2019-04-06 03:00:00,0.0
2019-04-06 04:00:00,0.0
2019-04-06 05:00:00,7.12
2019-04-06 06:00:00,141.15
2019-04-06 07:00:00,375.27
2019-04-06 08:00:00,588.83
2019-04-06 09:00:00,796.47
2019-04-06 10:00:00,846.7
2019-04-06 11:00:00,894.53
2019-04-06 12:00:00,894.78
2019-04-06 13:00:00,827.42
2019-04-06 14:00:00,660.22
2019-04-06 15:00:00,439.05
2019-04-06 16:00:00,203.43
2019-04-06 17:00:00,27.5
2019-04-06 18:00:00,0.0
2019-04-06 19:00:00,0.0
2019-04-06 20:00:00,0.0
2019-04-06 21:00:00,0.0
2019-04-06 22:00:00,0.0
2019-04-06 23:00:00,0.0
2019-04-07 00:00:00,0.0
2019-04-07 01:00:00,0.0
2019-04-07 02:00:00,0.0
2019-04-07 03:00:00,0.0
2019-04-07 04:00:00,0.0
2019-04-07 05:00:00,6.75
2019-04-07 06:00:00,125.0
2019-04-07 07:00:00,344.7
2019-04-07 08:00:00,566.33
2019-04-07 09:00:00,782.17
2019-04-07 10:00:00,910.55
2019-04-07 11:00:00,950.5
2019-04-07 12:00:00,909.2
2019-04-07 13:00:00,829.28
2019-04-07 14:00:00,631.28
2019-04-07 15:00:00,426.85
2019-04-07 16:00:00,199.1
2019-04-07 17:00:00,22.75
2019-04-07 18:00:00,0.0
2019-04-07 19:00:00,0.0
2019-04-07 20:00:00,0.0
2019-04-07 21:00:00,0.0
2019-04-07 22:00:00,0.0
2019-04-07 23:00:00,0.0
2019-04-08 00:00:00,0.0
2019-04-08 01:00:00,0.0
2019-04-08 02:00:00,0.0
2019-04-08 03:00:00,0.0
2019-04-08 04:00:00,0.0
2019-04-08 05:00:00,7.7
2019-04-08 06:00:00,134.65
2019-04-08 07:00:00,352.62
2019-04-08 08:00:00,543.83
2019-04-08 09:00:00,765.4
2019-04-08 10:00:00,905.38
2019-04-08 11:00:00,782.83
2019-04-08 12:00:00,942.0
2019-04-08 13:00:00,823.97
2019-04-08 14:00:00,667.95
2019-04-08 15:00:00,452.45
2019-04-08 16:00:00,216.82
2019-04-08 17:00:00,29.92
2019-04-08 18:00:00,0.0
2019-04-08 19:00:00,0.0
2019-04-08 20:00:00,0.0
2019-04-08 21:00:00,0.0
2019-04-08 22:00:00,0.0
2019-04-08 23:00:00,0.0
2019-04-09 00:00:00,0.0
2019-04-09 01:00:00,0.0
2019-04-09 02:00:00,0.0
2019-04-09 03:00:00,0.0
2019-04-09 04:00:00,0.0
2019-04-09 05:00:00,7.0
2019-04-09 06:00:00,119.72
2019-04-09 07:00:00,295.85
2019-04-09 08:00:00,549.97
2019-04-09 09:00:00,759.92
2019-04-09 10:00:00,862.05
2019-04-09 11:00:00,772.42
2019-04-09 12:00:00,889.5
2019-04-09 13:00:00,844.3
2019-04-09 14:00:00,629.97
2019-04-09 15:00:00,426.98
2019-04-09 16:00:00,212.38
2019-04-09 17:00:00,28.67
2019-04-09 18:00:00,0.0
2019-04-09 19:00:00,0.0
2019-04-09 20:00:00,0.0
2019-04-09 21:00:00,0.0
2019-04-09 22:00:00,0.0
2019-04-09 23:00:00,0.0
2019-04-10 00:00:00,0.0
2019-04-10 01:00:00,0.0
2019-04-10 02:00:00,0.0
2019-04-10 03:00:00,0.0
2019-04-10 04:00:00,0.0
2019-04-10 05:00:00,8.4
2019-04-10 06:00:00,132.88
2019-04-10 07:00:00,327.3
2019-04-10 08:00:00,566.47
2019-04-10 09:00:00,773.67
2019-04-10 10:00:00,866.5
2019-04-10 11:00:00,748.45
2019-04-10 12:00:00,726.42
2019-04-10 13:00:00,830.38
2019-04-10 14:00:00,690.12
2019-04-10 15:00:00,475.83
2019-04-10 16:00:00,235.73
2019-04-10 17:00:00,30.98
2019-04-10 18:00:00,0.0
2019-04-10 19:00:00,0.0
2019-04-10 20:00:00,0.0
2019-04-10 21:00:00,0.0
2019-04-10 22:00:00,0.0
2019-04-10 23:00:00,0.0
2019-04-11 00:00:00,0.0
2019-04-11 01:00:00,0.0
2019-04-11 02:00:00,0.0
2019-04-11 03:00:00,0.0
2019-04-11 04:00:00,0.0
2019-04-11 05:00:00,9.25
2019-04-11 06:00:00,154.25
2019-04-11 07:00:00,387.38
2019-04-11 08:00:00,603.47
2019-04-11 09:00:00,808.67
2019-04-11 10:00:00,941.6
2019-04-11 11:00:00,965.7
2019-04-11 12:00:00,957.92
2019-04-11 13:00:00,868.95
2019-04-11 14:00:00,698.03
2019-04-11 15:00:00,476.05
2019-04-11 16:00:00,231.85
2019-04-11 17:00:00,32.47
2019-04-11 18:00:00,0.0
2019-04-11 19:00:00,0.0
2019-04-11 20:00:00,0.0
2019-04-11 21:00:00,0.0
2019-04-11 22:00:00,0.0
2019-04-11 23:00:00,0.0
2019-04-12 00:00:00,0.0
2019-04-12 01:00:00,0.0
2019-04-12 02:00:00,0.0
2019-04-12 03:00:00,0.0
2019-04-12 04:00:00,0.0
2019-04-12 05:00:00,9.48
2019-04-12 06:00:00,148.25
2019-04-12 07:00:00,382.3
2019-04-12 08:00:00,595.92
2019-04-12 09:00:00,820.17
2019-04-12 10:00:00,935.0
2019-04-12 11:00:00,972.2
2019-04-12 12:00:00,923.53
2019-04-12 13:00:00,834.17
2019-04-12 14:00:00,669.55
2019-04-12 15:00:00,455.2
2019-04-12 16:00:00,222.4
2019-04-12 17:00:00,32.05
2019-04-12 18:00:00,0.0
2019-04-12 19:00:00,0.0
2019-04-12 20:00:00,0.0
2019-04-12 21:00:00,0.0
2019-04-12 22:00:00,0.0
2019-04-12 23:00:00,0.0
2019-04-13 00:00:00,0.0
2019-04-13 01:00:00,0.0
2019-04-13 02:00:00,0.0
2019-04-13 03:00:00,0.0
2019-04-13 04:00:00,0.0
2019-04-13 05:00:00,9.65
2019-04-13 06:00:00,150.8
2019-04-13 07:00:00,387.2
2019-04-13 08:00:00,614.35
2019-04-13 09:00:00,806.47
2019-04-13 10:00:00,940.9
2019-04-13 11:00:00,990.38
2019-04-13 12:00:00,967.78
2019-04-13 13:00:00,858.6
2019-04-13 14:00:00,696.78
2019-04-13 15:00:00,477.55
2019-04-13 16:00:00,235.15
2019-04-13 17:00:00,29.8
2019-04-13 18:00:00,0.0
2019-04-13 19:00:00,0.0
2019-04-13 20:00:00,0.0
2019-04-13 21:00:00,0.0
2019-04-13 22:00:00,0.0
2019-04-13 23:00:00,0.0
2019-04-14 00:00:00,0.0
2019-04-14 01:00:00,0.0
2019-04-14 02:00:00,0.0
2019-04-14 03:00:00,0.0
2019-04-14 04:00:00,0.0
2019-04-14 05:00:00,11.2
2019-04-14 06:00:00,163.18
2019-04-14 07:00:00,396.42
2019-04-14 08:00:00,605.97
2019-04-14 09:00:00,825.75
2019-04-14 10:00:00,954.0
2019-04-14 11:00:00,993.05
2019-04-14 12:00:00,887.08
2019-04-14 13:00:00,821.28
2019-04-14 14:00:00,642.47
2019-04-14 15:00:00,446.0
2019-04-14 16:00:00,212.9
2019-04-14 17:00:00,26.15
2019-04-14 18:00:00,0.0
2019-04-14 19:00:00,0.0
2019-04-14 20:00:00,0.0
2019-04-14 21:00:00,0.0
2019-04-14 22:00:00,0.0
2019-04-14 23:00:00,0.0
2019-04-15 00:00:00,0.0
2019-04-15 01:00:00,0.0
2019-04-15 02:00:00,0.0
2019-04-15 03:00:00,0.0
2019-04-15 04:00:00,0.0
2019-04-15 05:00:00,11.32
2019-04-15 06:00:00,159.52
2019-04-15 07:00:00,391.27
2019-04-15 08:00:00,617.08
2019-04-15 09:00:00,851.38
2019-04-15 10:00:00,923.15
2019-04-15 11:00:00,986.75
2019-04-15 12:00:00,977.22
2019-04-15 13:00:00,875.97
2019-04-15 14:00:00,690.9
2019-04-15 15:00:00,487.27
2019-04-15 16:00:00,241.95
2019-04-15 17:00:00,32.88
2019-04-15 18:00:00,0.0
2019-04-15 19:00:00,0.0
2019-04-15 20:00:00,0.0
2019-04-15 21:00:00,0.0
2019-04-15 22:00:00,0.0
2019-04-15 23:00:00,0.0
2019-04-16 00:00:00,0.0
2019-04-16 01:00:00,0.0
2019-04-16 02:00:00,0.0
2019-04-16 03:00:00,0.0
2019-04-16 04:00:00,0.0
2019-04-16 05:00:00,11.68
2019-04-16 06:00:00,172.18
2019-04-16 07:00:00,424.88
2019-04-16 08:00:00,656.6
2019-04-16 09:00:00,868.17
2019-04-16 10:00:00,974.88
2019-04-16 11:00:00,968.92
2019-04-16 12:00:00,972.4
2019-04-16 13:00:00,858.4
2019-04-16 14:00:00,651.35
2019-04-16 15:00:00,467.85
2019-04-16 16:00:00,228.07
2019-04-16 17:00:00,36.05
2019-04-16 18:00:00,0.0
2019-04-16 19:00:00,0.0
2019-04-16 20:00:00,0.0
2019-04-16 21:00:00,0.0
2019-04-16 22:00:00,0.0
2019-04-16 23:00:00,0.0
2019-04-17 00:00:00,0.0
2019-04-17 01:00:00,0.0
2019-04-17 02:00:00,0.0
2019-04-17 03:00:00,0.0
2019-04-17 04:00:00,0.0
2019-04-17 05:00:00,11.18
2019-04-17 06:00:00,164.32
2019-04-17 07:00:00,379.25
2019-04-17 08:00:00,623.6
2019-04-17 09:00:00,841.58
2019-04-17 10:00:00,813.33
2019-04-17 11:00:00,930.97
2019-04-17 12:00:00,768.42
2019-04-17 13:00:00,780.33
2019-04-17 14:00:00,629.08
2019-04-17 15:00:00,439.42
2019-04-17 16:00:00,218.12
2019-04-17 17:00:00,33.85
2019-04-17 18:00:00,0.0
2019-04-17 19:00:00,0.0
2019-04-17 20:00:00,0.0
2019-04-17 21:00:00,0.0
2019-04-17 22:00:00,0.0
2019-04-17 23:00:00,0.0
2019-04-18 00:00:00,0.0
2019-04-18 01:00:00,0.0
2019-04-18 02:00:00,0.0
2019-04-18 03:00:00,0.0
2019-04-18 04:00:00,0.0
2019-04-18 05:00:00,11.18
2019-04-18 06:00:00,154.18
2019-04-18 07:00:00,378.77
2019-04-18 08:00:00,607.85
2019-04-18 09:00:00,807.12
2019-04-18 10:00:00,877.67
2019-04-18 11:00:00,930.2
2019-04-18 12:00:00,912.03
2019-04-18 13:00:00,831.15
2019-04-18 14:00:00,650.9
2019-04-18 15:00:00,449.23
2019-04-18 16:00:00,222.43
2019-04-18 17:00:00,33.9
2019-04-18 18:00:00,0.0
2019-04-18 19:00:00,0.0
2019-04-18 20:00:00,0.0
2019-04-18 21:00:00,0.0
2019-04-18 22:00:00,0.0
2019-04-18 23:00:00,0.0
2019-04-19 00:00:00,0.0
2019-04-19 01:00:00,0.0
2019-04-19 02:00:00,0.0
2019-04-19 03:00:00,0.0
2019-04-19 04:00:00,0.0
2019-04-19 05:00:00,12.35
2019-04-19 06:00:00,157.85
2019-04-19 07:00:00,365.33
2019-04-19 08:00:00,618.58
2019-04-19 09:00:00,781.6
2019-04-19 10:00:00,905.92
2019-04-19 11:00:00,956.45
2019-04-19 12:00:00,902.38
2019-04-19 13:00:00,789.9
2019-04-19 14:00:00,693.55
2019-04-19 15:00:00,411.25
2019-04-19 16:00:00,184.82
2019-04-19 17:00:00,28.42
2019-04-19 18:00:00,0.0
2019-04-19 19:00:00,0.0
2019-04-19 20:00:00,0.0
2019-04-19 21:00:00,0.0
2019-04-19 22:00:00,0.0
2019-04-19 23:00:00,0.0
2019-04-20 00:00:00,0.0
2019-04-20 01:00:00,0.0
2019-04-20 02:00:00,0.0
2019-04-20 03:00:00,0.0
2019-04-20 04:00:00,0.0
2019-04-20 05:00:00,13.02
2019-04-20 06:00:00,165.9
2019-04-20 07:00:00,379.48
2019-04-20 08:00:00,623.12
2019-04-20 09:00:00,788.53
2019-04-20 10:00:00,865.0
2019-04-20 11:00:00,942.67
2019-04-20 12:00:00,942.6
2019-04-20 13:00:00,829.03
2019-04-20 14:00:00,565.42
2019-04-20 15:00:00,416.92
2019-04-20 16:00:00,230.98
2019-04-20 17:00:00,32.42
2019-04-20 18:00:00,0.0
2019-04-20 19:00:00,0.0
2019-04-20 20:00:00,0.0
2019-04-20 21:00:00,0.0
2019-04-20 22:00:00,0.0
2019-04-20 23:00:00,0.0
2019-04-21 00:00:00,0.0
2019-04-21 01:00:00,0.0
2019-04-21 02:00:00,0.0
2019-04-21 03:00:00,0.0
2019-04-21 04:00:00,0.0
2019-04-21 05:00:00,12.0
2019-04-21 06:00:00,154.77
2019-04-21 07:00:00,351.1
2019-04-21 08:00:00,574.42
2019-04-21 09:00:00,769.15
2019-04-21 10:00:00,858.3
2019-04-21 11:00:00,853.72
2019-04-21 12:00:00,886.67
2019-04-21 13:00:00,813.88
2019-04-21 14:00:00,647.53
2019-04-21 15:00:00,452.38
2019-04-21 16:00:00,225.85
2019-04-21 17:00:00,34.3
2019-04-21 18:00:00,0.0
2019-04-21 19:00:00,0.0
2019-04-21 20:00:00,0.0
2019-04-21 21:00:00,0.0
2019-04-21 22:00:00,0.0
2019-04-21 23:00:00,0.0
2019-04-22 00:00:00,0.0
2019-04-22 01:00:00,0.0
2019-04-22 02:00:00,0.0
2019-04-22 03:00:00,0.0
2019-04-22 04:00:00,0.0
2019-04-22 05:00:00,14.2
2019-04-22 06:00:00,161.52
2019-04-22 07:00:00,371.42
2019-04-22 08:00:00,576.2
2019-04-22 09:00:00,783.45
2019-04-22 10:00:00,830.28
2019-04-22 11:00:00,898.9
2019-04-22 12:00:00,829.92
2019-04-22 13:00:00,669.2
2019-04-22 14:00:00,520.15
2019-04-22 15:00:00,380.67
2019-04-22 16:00:00,165.75
2019-04-22 17:00:00,21.65
2019-04-22 18:00:00,0.0
2019-04-22 19:00:00,0.0
2019-04-22 20:00:00,0.0
2019-04-22 21:00:00,0.0
2019-04-22 22:00:00,0.0
2019-04-22 23:00:00,0.0
2019-04-23 00:00:00,0.0
2019-04-23 01:00:00,0.0
2019-04-23 02:00:00,0.0
2019-04-23 03:00:00,0.0
2019-04-23 04:00:00,0.0
2019-04-23 05:00:00,12.23
2019-04-23 06:00:00,148.65
2019-04-23 07:00:00,348.08
2019-04-23 08:00:00,563.58
2019-04-23 09:00:00,764.85
2019-04-23 10:00:00,893.55
2019-04-23 11:00:00,903.3
2019-04-23 12:00:00,808.65
2019-04-23 13:00:00,784.8
2019-04-23 14:00:00,621.67
2019-04-23 15:00:00,450.08
2019-04-23 16:00:00,219.82
2019-04-23 17:00:00,32.67
2019-04-23 18:00:00,0.0
2019-04-23 19:00:00,0.0
2019-04-23 20:00:00,0.0
2019-04-23 21:00:00,0.0
2019-04-23 22:00:00,0.0
2019-04-23 23:00:00,0.0
2019-04-24 00:00:00,0.0
2019-04-24 01:00:00,0.0
2019-04-24 02:00:00,0.0
2019-04-24 03:00:00,0.0
2019-04-24 04:00:00,0.0
2019-04-24 05:00:00,12.23
2019-04-24 06:00:00,148.62
2019-04-24 07:00:00,392.17
2019-04-24 08:00:00,600.25
2019-04-24 09:00:00,828.3
2019-04-24 10:00:00,884.12
2019-04-24 11:00:00,944.03
2019-04-24 12:00:00,928.15
2019-04-24 13:00:00,839.3
2019-04-24 14:00:00,674.65
2019-04-24 15:00:00,461.75
2019-04-24 16:00:00,227.5
2019-04-24 17:00:00,33.95
2019-04-24 18:00:00,0.0
2019-04-24 19:00:00,0.0
2019-04-24 20:00:00,0.0
2019-04-24 21:00:00,0.0
2019-04-24 22:00:00,0.0
2019-04-24 23:00:00,0.0
2019-04-25 00:00:00,0.0
2019-04-25 01:00:00,0.0
2019-04-25 02:00:00,0.0
2019-04-25 03:00:00,0.0
2019-04-25 04:00:00,0.0
2019-04-25 05:00:00,16.5
2019-04-25 06:00:00,171.6
2019-04-25 07:00:00,387.48
2019-04-25 08:00:00,593.97
2019-04-25 09:00:00,784.62
2019-04-25 10:00:00,832.78
2019-04-25 11:00:00,809.38
2019-04-25 12:00:00,792.03
2019-04-25 13:00:00,686.95
2019-04-25 14:00:00,570.95
2019-04-25 15:00:00,400.33
2019-04-25 16:00:00,194.77
2019-04-25 17:00:00,30.45
2019-04-25 18:00:00,0.0
2019-04-25 19:00:00,0.0
2019-04-25 20:00:00,0.0
2019-04-25 21:00:00,0.0
2019-04-25 22:00:00,0.0
2019-04-25 23:00:00,0.0
2019-04-26 00:00:00,0.0
2019-04-26 01:00:00,0.0
2019-04-26 02:00:00,0.0
2019-04-26 03:00:00,0.0
2019-04-26 04:00:00,0.0
2019-04-26 05:00:00,14.32
2019-04-26 06:00:00,148.95
2019-04-26 07:00:00,361.67
2019-04-26 08:00:00,554.78
2019-04-26 09:00:00,756.45
2019-04-26 10:00:00,879.78
2019-04-26 11:00:00,913.55
2019-04-26 12:00:00,854.9
2019-04-26 13:00:00,758.88
2019-04-26 14:00:00,606.3
2019-04-26 15:00:00,406.75
2019-04-26 16:00:00,190.55
2019-04-26 17:00:00,29.0
2019-04-26 18:00:00,0.0
2019-04-26 19:00:00,0.0
2019-04-26 20:00:00,0.0
2019-04-26 21:00:00,0.0
2019-04-26 22:00:00,0.0
2019-04-26 23:00:00,0.0
2019-04-27 00:00:00,0.0
2019-04-27 01:00:00,0.0
2019-04-27 02:00:00,0.0
2019-04-27 03:00:00,0.0
2019-04-27 04:00:00,0.0
2019-04-27 05:00:00,14.35
2019-04-27 06:00:00,139.73
2019-04-27 07:00:00,346.95
2019-04-27 08:00:00,531.3
2019-04-27 09:00:00,717.55
2019-04-27 10:00:00,839.85
2019-04-27 11:00:00,854.85
2019-04-27 12:00:00,838.1
2019-04-27 13:00:00,747.1
2019-04-27 14:00:00,564.8
2019-04-27 15:00:00,361.7
2019-04-27 16:00:00,165.48
2019-04-27 17:00:00,27.85
2019-04-27 18:00:00,0.0
2019-04-27 19:00:00,0.0
2019-04-27 20:00:00,0.0
2019-04-27 21:00:00,0.0
2019-04-27 22:00:00,0.0
2019-04-27 23:00:00,0.0
2019-04-28 00:00:00,0.0
2019-04-28 01:00:00,0.0
2019-04-28 02:00:00,0.0
2019-04-28 03:00:00,0.0
2019-04-28 04:00:00,0.0
2019-04-28 05:00:00,8.85
2019-04-28 06:00:00,91.57
2019-04-28 07:00:00,209.88
2019-04-28 08:00:00,358.1
2019-04-28 09:00:00,482.65
2019-04-28 10:00:00,554.38
2019-04-28 11:00:00,581.78
2019-04-28 12:00:00,563.97
2019-04-28 13:00:00,486.67
2019-04-28 14:00:00,378.1
2019-04-28 15:00:00,254.38
2019-04-28 16:00:00,116.2
2019-04-28 17:00:00,18.98
2019-04-28 18:00:00,0.0
2019-04-28 19:00:00,0.0
2019-04-28 20:00:00,0.0
2019-04-28 21:00:00,0.0
2019-04-28 22:00:00,0.0
2019-04-28 23:00:00,0.0
2019-04-29 00:00:00,0.0
2019-04-29 01:00:00,0.0
2019-04-29 02:00:00,0.0
2019-04-29 03:00:00,0.0
2019-04-29 04:00:00,0.0
2019-04-29 05:00:00,11.15
2019-04-29 06:00:00,113.38
2019-04-29 07:00:00,255.82
2019-04-29 08:00:00,405.48
2019-04-29 09:00:00,521.28
2019-04-29 10:00:00,591.83
2019-04-29 11:00:00,659.62
2019-04-29 12:00:00,661.33
2019-04-29 13:00:00,566.65
2019-04-29 14:00:00,498.62
2019-04-29 15:00:00,347.62
2019-04-29 16:00:00,167.55
2019-04-29 17:00:00,27.8
2019-04-29 18:00:00,0.0
2019-04-29 19:00:00,0.0
2019-04-29 20:00:00,0.0
2019-04-29 21:00:00,0.0
2019-04-29 22:00:00,0.0
2019-04-29 23:00:00,0.0
2019-04-30 00:00:00,0.0
2019-04-30 01:00:00,0.0
2019-04-30 02:00:00,0.0
2019-04-30 03:00:00,0.0
2019-04-30 04:00:00,0.0
2019-04-30 05:00:00,13.62
2019-04-30 06:00:00,131.18
2019-04-30 07:00:00,294.9
2019-04-30 08:00:00,453.02
2019-04-30 09:00:00,608.42
2019-04-30 10:00:00,699.17
2019-04-30 11:00:00,752.15
2019-04-30 12:00:00,663.3
2019-04-30 13:00:00,551.25
2019-04-30 14:00:00,363.55
2019-04-30 15:00:00,212.55
2019-04-30 16:00:00,95.8
2019-04-30 17:00:00,18.58
2019-04-30 18:00:00,0.0
2019-04-30 19:00:00,0.0
2019-04-30 20:00:00,0.0
2019-04-30 21:00:00,0.0
2019-04-30 22:00:00,0.0
2019-04-30 23:00:00,0.0
2019-05-01 00:00:00,0.0
2019-05-01 01:00:00,0.0
2019-05-01 02:00:00,0.0
2019-05-01 03:00:00,0.0
2019-05-01 04:00:00,0.0
2019-05-01 05:00:00,2.67
2019-05-01 06:00:00,32.35
2019-05-01 07:00:00,77.68
2019-05-01 08:00:00,135.05
2019-05-01 09:00:00,199.75
2019-05-01 10:00:00,200.05
2019-05-01 11:00:00,300.85
2019-05-01 12:00:00,333.83
2019-05-01 13:00:00,254.82
2019-05-01 14:00:00,229.57
2019-05-01 15:00:00,126.18
2019-05-01 16:00:00,57.53
2019-05-01 17:00:00,9.05
2019-05-01 18:00:00,0.0
2019-05-01 19:00:00,0.0
2019-05-01 20:00:00,0.0
2019-05-01 21:00:00,0.0
2019-05-01 22:00:00,0.0
2019-05-01 23:00:00,0.0
2019-05-02 00:00:00,0.0
2019-05-02 01:00:00,0.0
2019-05-02 02:00:00,0.0
2019-05-02 03:00:00,0.0
2019-05-02 04:00:00,0.0
2019-05-02 05:00:00,2.15
2019-05-02 06:00:00,81.85
2019-05-02 07:00:00,198.27
2019-05-02 08:00:00,326.6
2019-05-02 09:00:00,463.27
2019-05-02 10:00:00,555.88
2019-05-02 11:00:00,655.3
2019-05-02 12:00:00,530.88
2019-05-02 13:00:00,430.65
2019-05-02 14:00:00,327.7
2019-05-02 15:00:00,237.82
2019-05-02 16:00:00,114.05
2019-05-02 17:00:00,19.9
2019-05-02 18:00:00,0.0
2019-05-02 19:00:00,0.0
2019-05-02 20:00:00,0.0
2019-05-02 21:00:00,0.0
2019-05-02 22:00:00,0.0
2019-05-02 23:00:00,0.0
2019-05-03 00:00:00,0.0
2019-05-03 01:00:00,0.0
2019-05-03 02:00:00,0.0
2019-05-03 03:00:00,0.0
2019-05-03 04:00:00,0.0
2019-05-03 05:00:00,16.2
2019-05-03 06:00:00,145.38
2019-05-03 07:00:00,332.75
2019-05-03 08:00:00,527.03
2019-05-03 09:00:00,690.38
2019-05-03 10:00:00,830.1
2019-05-03 11:00:00,863.53
2019-05-03 12:00:00,836.4
2019-05-03 13:00:00,749.75
2019-05-03 14:00:00,581.45
2019-05-03 15:00:00,390.92
2019-05-03 16:00:00,187.8
2019-05-03 17:00:00,30.6
2019-05-03 18:00:00,0.0
2019-05-03 19:00:00,0.0
2019-05-03 20:00:00,0.0
2019-05-03 21:00:00,0.0
2019-05-03 22:00:00,0.0
2019-05-03 23:00:00,0.0
2019-05-04 00:00:00,0.0
2019-05-04 01:00:00,0.0
2019-05-04 02:00:00,0.0
2019-05-04 03:00:00,0.0
2019-05-04 04:00:00,0.0
2019-05-04 05:00:00,16.3
2019-05-04 06:00:00,140.7
2019-05-04 07:00:00,315.98
2019-05-04 08:00:00,495.1
2019-05-04 09:00:00,658.6
2019-05-04 10:00:00,748.75
2019-05-04 11:00:00,790.95
2019-05-04 12:00:00,788.28
2019-05-04 13:00:00,701.28
2019-05-04 14:00:00,601.17
2019-05-04 15:00:00,409.65
2019-05-04 16:00:00,188.38
2019-05-04 17:00:00,29.52
2019-05-04 18:00:00,0.0
2019-05-04 19:00:00,0.0
2019-05-04 20:00:00,0.0
2019-05-04 21:00:00,0.0
2019-05-04 22:00:00,0.0
2019-05-04 23:00:00,0.0
2019-05-05 00:00:00,0.0
2019-05-05 01:00:00,0.0
2019-05-05 02:00:00,0.0
2019-05-05 03:00:00,0.0
2019-05-05 04:00:00,0.0
2019-05-05 05:00:00,15.07
2019-05-05 06:00:00,134.98
2019-05-05 07:00:00,339.5
2019-05-05 08:00:00,541.25
2019-05-05 09:00:00,753.88
2019-05-05 10:00:00,789.7
2019-05-05 11:00:00,794.47
2019-05-05 12:00:00,757.03
2019-05-05 13:00:00,767.35
2019-05-05 14:00:00,583.17
2019-05-05 15:00:00,394.62
2019-05-05 16:00:00,182.43
2019-05-05 17:00:00,26.95
2019-05-05 18:00:00,0.0
2019-05-05 19:00:00,0.0
2019-05-05 20:00:00,0.0
2019-05-05 21:00:00,0.0
2019-05-05 22:00:00,0.0
2019-05-05 23:00:00,0.0
2019-05-06 00:00:00,0.0
2019-05-06 01:00:00,0.0
2019-05-06 02:00:00,0.0
2019-05-06 03:00:00,0.0
2019-05-06 04:00:00,0.0
2019-05-06 05:00:00,18.2
2019-05-06 06:00:00,153.77
2019-05-06 07:00:00,329.58
2019-05-06 08:00:00,544.6
2019-05-06 09:00:00,746.45
2019-05-06 10:00:00,861.25
2019-05-06 11:00:00,783.72
2019-05-06 12:00:00,780.62
2019-05-06 13:00:00,750.97
2019-05-06 14:00:00,575.85
2019-05-06 15:00:00,364.33
2019-05-06 16:00:00,164.4
2019-05-06 17:00:00,24.7
2019-05-06 18:00:00,0.0
2019-05-06 19:00:00,0.0
2019-05-06 20:00:00,0.0
2019-05-06 21:00:00,0.0
2019-05-06 22:00:00,0.0
2019-05-06 23:00:00,0.0
2019-05-07 00:00:00,0.0
2019-05-07 01:00:00,0.0
2019-05-07 02:00:00,0.0
2019-05-07 03:00:00,0.0
2019-05-07 04:00:00,0.0
2019-05-07 05:00:00,16.62
2019-05-07 06:00:00,152.98
2019-05-07 07:00:00,344.85
2019-05-07 08:00:00,552.58
2019-05-07 09:00:00,786.28
2019-05-07 10:00:00,702.45
2019-05-07 11:00:00,732.83
2019-05-07 12:00:00,832.47
2019-05-07 13:00:00,722.75
2019-05-07 14:00:00,540.42
2019-05-07 15:00:00,352.17
2019-05-07 16:00:00,159.6
2019-05-07 17:00:00,24.05
2019-05-07 18:00:00,0.0
2019-05-07 19:00:00,0.0
2019-05-07 20:00:00,0.0
2019-05-07 21:00:00,0.0
2019-05-07 22:00:00,0.0
2019-05-07 23:00:00,0.0
2019-05-08 00:00:00,0.0
2019-05-08 01:00:00,0.0
2019-05-08 02:00:00,0.0
2019-05-08 03:00:00,0.0
2019-05-08 04:00:00,0.0
2019-05-08 05:00:00,14.43
2019-05-08 06:00:00,146.25
2019-05-08 07:00:00,322.58
2019-05-08 08:00:00,511.02
2019-05-08 09:00:00,708.67
2019-05-08 10:00:00,830.47
2019-05-08 11:00:00,865.72
2019-05-08 12:00:00,850.72
2019-05-08 13:00:00,673.47
2019-05-08 14:00:00,517.58
2019-05-08 15:00:00,355.05
2019-05-08 16:00:00,163.48
2019-05-08 17:00:00,26.45
2019-05-08 18:00:00,0.0
2019-05-08 19:00:00,0.0
2019-05-08 20:00:00,0.0
2019-05-08 21:00:00,0.0
2019-05-08 22:00:00,0.0
2019-05-08 23:00:00,0.0
2019-05-09 00:00:00,0.0
2019-05-09 01:00:00,0.0
2019-05-09 02:00:00,0.0
2019-05-09 03:00:00,0.0
2019-05-09 04:00:00,0.0
2019-05-09 05:00:00,16.62
2019-05-09 06:00:00,134.0
2019-05-09 07:00:00,315.05
2019-05-09 08:00:00,515.83
2019-05-09 09:00:00,733.67
2019-05-09 10:00:00,739.75
2019-05-09 11:00:00,687.62
2019-05-09 12:00:00,780.5
2019-05-09 13:00:00,736.45
2019-05-09 14:00:00,507.2
2019-05-09 15:00:00,350.35
2019-05-09 16:00:00,159.4
2019-05-09 17:00:00,28.22
2019-05-09 18:00:00,0.0
2019-05-09 19:00:00,0.0
2019-05-09 20:00:00,0.0
2019-05-09 21:00:00,0.0
2019-05-09 22:00:00,0.0
2019-05-09 23:00:00,0.0
2019-05-10 00:00:00,0.0
2019-05-10 01:00:00,0.0
2019-05-10 02:00:00,0.0
2019-05-10 03:00:00,0.0
2019-05-10 04:00:00,0.0
2019-05-10 05:00:00,16.1
2019-05-10 06:00:00,142.65
2019-05-10 07:00:00,325.33
2019-05-10 08:00:00,519.62
2019-05-10 09:00:00,722.17
2019-05-10 10:00:00,779.3
2019-05-10 11:00:00,761.88
2019-05-10 12:00:00,762.17
2019-05-10 13:00:00,775.75
2019-05-10 14:00:00,557.03
2019-05-10 15:00:00,377.55
2019-05-10 16:00:00,179.95
2019-05-10 17:00:00,20.05
2019-05-10 18:00:00,0.0
2019-05-10 19:00:00,0.0
2019-05-10 20:00:00,0.0
2019-05-10 21:00:00,0.0
2019-05-10 22:00:00,0.0
2019-05-10 23:00:00,0.0
2019-05-11 00:00:00,0.0
2019-05-11 01:00:00,0.0
2019-05-11 02:00:00,0.0
2019-05-11 03:00:00,0.0
2019-05-11 04:00:00,0.0
2019-05-11 05:00:00,17.38
2019-05-11 06:00:00,131.9
2019-05-11 07:00:00,324.88
2019-05-11 08:00:00,518.6
2019-05-11 09:00:00,733.33
2019-05-11 10:00:00,816.25
2019-05-11 11:00:00,738.4
2019-05-11 12:00:00,782.42
2019-05-11 13:00:00,765.08
2019-05-11 14:00:00,607.62
2019-05-11 15:00:00,406.92
2019-05-11 16:00:00,194.73
2019-05-11 17:00:00,32.05
2019-05-11 18:00:00,0.0
2019-05-11 19:00:00,0.0
2019-05-11 20:00:00,0.0
2019-05-11 21:00:00,0.0
2019-05-11 22:00:00,0.0
2019-05-11 23:00:00,0.0
2019-05-12 00:00:00,0.0
2019-05-12 01:00:00,0.0
2019-05-12 02:00:00,0.0
2019-05-12 03:00:00,0.0
2019-05-12 04:00:00,0.0
2019-05-12 05:00:00,16.5
2019-05-12 06:00:00,142.98
2019-05-12 07:00:00,325.15
2019-05-12 08:00:00,517.08
2019-05-12 09:00:00,695.8
2019-05-12 10:00:00,799.95
2019-05-12 11:00:00,903.67
2019-05-12 12:00:00,674.22
2019-05-12 13:00:00,750.88
2019-05-12 14:00:00,540.58
2019-05-12 15:00:00,377.9
2019-05-12 16:00:00,177.82
2019-05-12 17:00:00,22.52
2019-05-12 18:00:00,0.0
2019-05-12 19:00:00,0.0
2019-05-12 20:00:00,0.0
2019-05-12 21:00:00,0.0
2019-05-12 22:00:00,0.0
2019-05-12 23:00:00,0.0
2019-05-13 00:00:00,0.0
2019-05-13 01:00:00,0.0
2019-05-13 02:00:00,0.0
2019-05-13 03:00:00,0.0
2019-05-13 04:00:00,0.0
2019-05-13 05:00:00,19.45
2019-05-13 06:00:00,154.18
2019-05-13 07:00:00,337.17
2019-05-13 08:00:00,529.25
2019-05-13 09:00:00,735.6
2019-05-13 10:00:00,819.28
2019-05-13 11:00:00,749.33
2019-05-13 12:00:00,896.97
2019-05-13 13:00:00,688.6
2019-05-13 14:00:00,622.65
2019-05-13 15:00:00,414.48
2019-05-13 16:00:00,196.8
2019-05-13 17:00:00,32.25
2019-05-13 18:00:00,0.0
2019-05-13 19:00:00,0.0
2019-05-13 20:00:00,0.0
2019-05-13 21:00:00,0.0
2019-05-13 22:00:00,0.0
2019-05-13 23:00:00,0.0
2019-05-14 00:00:00,0.0
2019-05-14 01:00:00,0.0
2019-05-14 02:00:00,0.0
2019-05-14 03:00:00,0.0
2019-05-14 04:00:00,0.0
2019-05-14 05:00:00,16.35
2019-05-14 06:00:00,134.25
2019-05-14 07:00:00,304.25
2019-05-14 08:00:00,487.17
2019-05-14 09:00:00,705.47
2019-05-14 10:00:00,777.67
2019-05-14 11:00:00,900.45
2019-05-14 12:00:00,858.83
2019-05-14 13:00:00,666.12
2019-05-14 14:00:00,600.05
2019-05-14 15:00:00,388.9
2019-05-14 16:00:00,184.52
2019-05-14 17:00:00,29.08
2019-05-14 18:00:00,0.0
2019-05-14 19:00:00,0.0
2019-05-14 20:00:00,0.0
2019-05-14 21:00:00,0.0
2019-05-14 22:00:00,0.0
2019-05-14 23:00:00,0.0
2019-05-15 00:00:00,0.0
2019-05-15 01:00:00,0.0
2019-05-15 02:00:00,0.0
2019-05-15 03:00:00,0.0
2019-05-15 04:00:00,0.0
2019-05-15 05:00:00,16.85
2019-05-15 06:00:00,133.5
2019-05-15 07:00:00,319.67
2019-05-15 08:00:00,509.4
2019-05-15 09:00:00,732.55
2019-05-15 10:00:00,813.5
2019-05-15 11:00:00,726.92
2019-05-15 12:00:00,723.6
2019-05-15 13:00:00,784.3
2019-05-15 14:00:00,574.53
2019-05-15 15:00:00,423.25
2019-05-15 16:00:00,203.12
2019-05-15 17:00:00,34.47
2019-05-15 18:00:00,0.0
2019-05-15 19:00:00,0.0
2019-05-15 20:00:00,0.0
2019-05-15 21:00:00,0.0
2019-05-15 22:00:00,0.0
2019-05-15 23:00:00,0.0
2019-05-16 00:00:00,0.0
2019-05-16 01:00:00,0.0
2019-05-16 02:00:00,0.0
2019-05-16 03:00:00,0.0
2019-05-16 04:00:00,0.0
2019-05-16 05:00:00,18.55
2019-05-16 06:00:00,148.3
2019-05-16 07:00:00,331.75
2019-05-16 08:00:00,522.05
2019-05-16 09:00:00,709.47
2019-05-16 10:00:00,845.5
2019-05-16 11:00:00,910.3
2019-05-16 12:00:00,864.28
2019-05-16 13:00:00,704.75
2019-05-16 14:00:00,579.47
2019-05-16 15:00:00,399.98
2019-05-16 16:00:00,192.73
2019-05-16 17:00:00,26.38
2019-05-16 18:00:00,0.0
2019-05-16 19:00:00,0.0
2019-05-16 20:00:00,0.0
2019-05-16 21:00:00,0.0
2019-05-16 22:00:00,0.0
2019-05-16 23:00:00,0.0
2019-05-17 00:00:00,0.0
2019-05-17 01:00:00,0.0
2019-05-17 02:00:00,0.0
2019-05-17 03:00:00,0.0
2019-05-17 04:00:00,0.0
2019-05-17 05:00:00,18.5
2019-05-17 06:00:00,146.52
2019-05-17 07:00:00,332.4
2019-05-17 08:00:00,518.72
2019-05-17 09:00:00,733.08
2019-05-17 10:00:00,840.6
2019-05-17 11:00:00,935.92
2019-05-17 12:00:00,735.47
2019-05-17 13:00:00,735.83
2019-05-17 14:00:00,621.85
2019-05-17 15:00:00,429.92
2019-05-17 16:00:00,215.3
2019-05-17 17:00:00,33.05
2019-05-17 18:00:00,0.0
2019-05-17 19:00:00,0.0
2019-05-17 20:00:00,0.0
2019-05-17 21:00:00,0.0
2019-05-17 22:00:00,0.0
2019-05-17 23:00:00,0.0
2019-05-18 00:00:00,0.0
2019-05-18 01:00:00,0.0
2019-05-18 02:00:00,0.0
2019-05-18 03:00:00,0.0
2019-05-18 04:00:00,0.0
2019-05-18 05:00:00,19.15
2019-05-18 06:00:00,152.1
2019-05-18 07:00:00,336.33
2019-05-18 08:00:00,530.7
2019-05-18 09:00:00,727.03
2019-05-18 10:00:00,849.4
2019-05-18 11:00:00,890.8
2019-05-18 12:00:00,830.0
2019-05-18 13:00:00,641.6
2019-05-18 14:00:00,625.25
2019-05-18 15:00:00,416.4
2019-05-18 16:00:00,205.98
2019-05-18 17:00:00,36.5
2019-05-18 18:00:00,0.0
2019-05-18 19:00:00,0.0
2019-05-18 20:00:00,0.0
2019-05-18 21:00:00,0.0
2019-05-18 22:00:00,0.0
2019-05-18 23:00:00,0.0
2019-05-19 00:00:00,0.0
2019-05-19 01:00:00,0.0
2019-05-19 02:00:00,0.0
2019-05-19 03:00:00,0.0
2019-05-19 04:00:00,0.0
2019-05-19 05:00:00,21.75
2019-05-19 06:00:00,173.93
2019-05-19 07:00:00,372.67
2019-05-19 08:00:00,569.95
2019-05-19 09:00:00,785.72
2019-05-19 10:00:00,821.12
2019-05-19 11:00:00,739.2
2019-05-19 12:00:00,724.12
2019-05-19 13:00:00,796.17
2019-05-19 14:00:00,577.5
2019-05-19 15:00:00,405.95
2019-05-19 16:00:00,204.2
2019-05-19 17:00:00,30.2
2019-05-19 18:00:00,0.0
2019-05-19 19:00:00,0.0
2019-05-19 20:00:00,0.0
2019-05-19 21:00:00,0.0
2019-05-19 22:00:00,0.0
2019-05-19 23:00:00,0.0
2019-05-20 00:00:00,0.0
2019-05-20 01:00:00,0.0
2019-05-20 02:00:00,0.0
2019-05-20 03:00:00,0.0
2019-05-20 04:00:00,0.0
2019-05-20 05:00:00,24.77
2019-05-20 06:00:00,174.43
2019-05-20 07:00:00,369.65
2019-05-20 08:00:00,563.15
2019-05-20 09:00:00,780.42
2019-05-20 10:00:00,853.67
2019-05-20 11:00:00,818.75
2019-05-20 12:00:00,811.33
2019-05-20 13:00:00,728.75
2019-05-20 14:00:00,607.97
2019-05-20 15:00:00,417.52
2019-05-20 16:00:00,206.9
2019-05-20 17:00:00,30.95
2019-05-20 18:00:00,0.0
2019-05-20 19:00:00,0.0
2019-05-20 20:00:00,0.0
2019-05-20 21:00:00,0.0
2019-05-20 22:00:00,0.0
2019-05-20 23:00:00,0.0
2019-05-21 00:00:00,0.0
2019-05-21 01:00:00,0.0
2019-05-21 02:00:00,0.0
2019-05-21 03:00:00,0.0
2019-05-21 04:00:00,0.0
2019-05-21 05:00:00,21.38
2019-05-21 06:00:00,168.07
2019-05-21 07:00:00,362.73
2019-05-21 08:00:00,555.03
2019-05-21 09:00:00,769.47
2019-05-21 10:00:00,761.2
2019-05-21 11:00:00,807.62
2019-05-21 12:00:00,802.17
2019-05-21 13:00:00,782.95
2019-05-21 14:00:00,617.12
2019-05-21 15:00:00,414.27
2019-05-21 16:00:00,200.85
2019-05-21 17:00:00,35.83
2019-05-21 18:00:00,0.0
2019-05-21 19:00:00,0.0
2019-05-21 20:00:00,0.0
2019-05-21 21:00:00,0.0
2019-05-21 22:00:00,0.0
2019-05-21 23:00:00,0.0
2019-05-22 00:00:00,0.0
2019-05-22 01:00:00,0.0
2019-05-22 02:00:00,0.0
2019-05-22 03:00:00,0.0
2019-05-22 04:00:00,0.0
2019-05-22 05:00:00,20.7
2019-05-22 06:00:00,157.27
2019-05-22 07:00:00,344.83
2019-05-22 08:00:00,536.75
2019-05-22 09:00:00,740.75
2019-05-22 10:00:00,852.67
2019-05-22 11:00:00,819.33
2019-05-22 12:00:00,805.33
2019-05-22 13:00:00,743.88
2019-05-22 14:00:00,630.78
2019-05-22 15:00:00,438.67
2019-05-22 16:00:00,222.0
2019-05-22 17:00:00,36.08
2019-05-22 18:00:00,0.0
2019-05-22 19:00:00,0.0
2019-05-22 20:00:00,0.0
2019-05-22 21:00:00,0.0
2019-05-22 22:00:00,0.0
2019-05-22 23:00:00,0.0
2019-05-23 00:00:00,0.0
2019-05-23 01:00:00,0.0
2019-05-23 02:00:00,0.0
2019-05-23 03:00:00,0.0
2019-05-23 04:00:00,0.0
2019-05-23 05:00:00,22.5
2019-05-23 06:00:00,158.75
2019-05-23 07:00:00,339.2
2019-05-23 08:00:00,527.55
2019-05-23 09:00:00,747.03
2019-05-23 10:00:00,805.8
2019-05-23 11:00:00,708.42
2019-05-23 12:00:00,870.72
2019-05-23 13:00:00,790.58
2019-05-23 14:00:00,635.8
2019-05-23 15:00:00,436.9
2019-05-23 16:00:00,220.85
2019-05-23 17:00:00,41.08
2019-05-23 18:00:00,0.0
2019-05-23 19:00:00,0.0
2019-05-23 20:00:00,0.0
2019-05-23 21:00:00,0.0
2019-05-23 22:00:00,0.0
2019-05-23 23:00:00,0.0
2019-05-24 00:00:00,0.0
2019-05-24 01:00:00,0.0
2019-05-24 02:00:00,0.0
2019-05-24 03:00:00,0.0
2019-05-24 04:00:00,0.0
2019-05-24 05:00:00,24.48
2019-05-24 06:00:00,178.3
2019-05-24 07:00:00,361.1
2019-05-24 08:00:00,560.67
2019-05-24 09:00:00,780.42
2019-05-24 10:00:00,853.78
2019-05-24 11:00:00,915.1
2019-05-24 12:00:00,908.9
2019-05-24 13:00:00,740.53
2019-05-24 14:00:00,588.1
2019-05-24 15:00:00,414.35
2019-05-24 16:00:00,209.82
2019-05-24 17:00:00,34.3
2019-05-24 18:00:00,0.0
2019-05-24 19:00:00,0.0
2019-05-24 20:00:00,0.0
2019-05-24 21:00:00,0.0
2019-05-24 22:00:00,0.0
2019-05-24 23:00:00,0.0
2019-05-25 00:00:00,0.0
2019-05-25 01:00:00,0.0
2019-05-25 02:00:00,0.0
2019-05-25 03:00:00,0.0
2019-05-25 04:00:00,0.0
2019-05-25 05:00:00,22.23
2019-05-25 06:00:00,166.48
2019-05-25 07:00:00,334.8
2019-05-25 08:00:00,521.78
2019-05-25 09:00:00,745.4
2019-05-25 10:00:00,788.8
2019-05-25 11:00:00,754.03
2019-05-25 12:00:00,824.45
2019-05-25 13:00:00,716.7
2019-05-25 14:00:00,596.4
2019-05-25 15:00:00,408.65
2019-05-25 16:00:00,203.8
2019-05-25 17:00:00,32.15
2019-05-25 18:00:00,0.0
2019-05-25 19:00:00,0.0
2019-05-25 20:00:00,0.0
2019-05-25 21:00:00,0.0
2019-05-25 22:00:00,0.0
2019-05-25 23:00:00,0.0
2019-05-26 00:00:00,0.0
2019-05-26 01:00:00,0.0
2019-05-26 02:00:00,0.0
2019-05-26 03:00:00,0.0
2019-05-26 04:00:00,0.0
2019-05-26 05:00:00,20.4
2019-05-26 06:00:00,159.3
2019-05-26 07:00:00,350.92
2019-05-26 08:00:00,546.22
2019-05-26 09:00:00,750.05
2019-05-26 10:00:00,872.08
2019-05-26 11:00:00,758.9
2019-05-26 12:00:00,764.08
2019-05-26 13:00:00,735.22
2019-05-26 14:00:00,592.78
2019-05-26 15:00:00,415.15
2019-05-26 16:00:00,211.15
2019-05-26 17:00:00,35.1
2019-05-26 18:00:00,0.0
2019-05-26 19:00:00,0.0
2019-05-26 20:00:00,0.0
2019-05-26 21:00:00,0.0
2019-05-26 22:00:00,0.0
2019-05-26 23:00:00,0.0
2019-05-27 00:00:00,0.0
2019-05-27 01:00:00,0.0
2019-05-27 02:00:00,0.0
2019-05-27 03:00:00,0.0
2019-05-27 04:00:00,0.0
2019-05-27 05:00:00,21.52
2019-05-27 06:00:00,159.73
2019-05-27 07:00:00,342.58
2019-05-27 08:00:00,538.75
2019-05-27 09:00:00,759.22
2019-05-27 10:00:00,835.3
2019-05-27 11:00:00,803.22
2019-05-27 12:00:00,814.03
2019-05-27 13:00:00,716.15
2019-05-27 14:00:00,591.05
2019-05-27 15:00:00,407.38
2019-05-27 16:00:00,203.38
2019-05-27 17:00:00,32.03
2019-05-27 18:00:00,0.0
2019-05-27 19:00:00,0.0
2019-05-27 20:00:00,0.0
2019-05-27 21:00:00,0.0
2019-05-27 22:00:00,0.0
2019-05-27 23:00:00,0.0
2019-05-28 00:00:00,0.0
2019-05-28 01:00:00,0.0
2019-05-28 02:00:00,0.0
2019-05-28 03:00:00,0.0
2019-05-28 04:00:00,0.0
2019-05-28 05:00:00,18.95
2019-05-28 06:00:00,148.35
2019-05-28 07:00:00,321.33
2019-05-28 08:00:00,507.58
2019-05-28 09:00:00,705.8
2019-05-28 10:00:00,837.38
2019-05-28 11:00:00,874.4
2019-05-28 12:00:00,847.7
2019-05-28 13:00:00,735.47
2019-05-28 14:00:00,579.65
2019-05-28 15:00:00,402.75
2019-05-28 16:00:00,193.4
2019-05-28 17:00:00,38.0
2019-05-28 18:00:00,0.0
2019-05-28 19:00:00,0.0
2019-05-28 20:00:00,0.0
2019-05-28 21:00:00,0.0
2019-05-28 22:00:00,0.0
2019-05-28 23:00:00,0.0
2019-05-29 00:00:00,0.0
2019-05-29 01:00:00,0.0
2019-05-29 02:00:00,0.0
2019-05-29 03:00:00,0.0
2019-05-29 04:00:00,0.0
2019-05-29 05:00:00,21.8
2019-05-29 06:00:00,143.07
2019-05-29 07:00:00,320.45
2019-05-29 08:00:00,507.15
2019-05-29 09:00:00,669.58
2019-05-29 10:00:00,808.9
2019-05-29 11:00:00,746.62
2019-05-29 12:00:00,870.25
2019-05-29 13:00:00,714.72
2019-05-29 14:00:00,615.38
2019-05-29 15:00:00,415.62
2019-05-29 16:00:00,203.2
2019-05-29 17:00:00,38.97
2019-05-29 18:00:00,0.0
2019-05-29 19:00:00,0.0
2019-05-29 20:00:00,0.0
2019-05-29 21:00:00,0.0
2019-05-29 22:00:00,0.0
2019-05-29 23:00:00,0.0
2019-05-30 00:00:00,0.0
2019-05-30 01:00:00,0.0
2019-05-30 02:00:00,0.0
2019-05-30 03:00:00,0.0
2019-05-30 04:00:00,0.0
2019-05-30 05:00:00,15.45
2019-05-30 06:00:00,83.82
2019-05-30 07:00:00,158.25
2019-05-30 08:00:00,104.85
2019-05-30 09:00:00,149.43
2019-05-30 10:00:00,221.77
2019-05-30 11:00:00,428.25
2019-05-30 12:00:00,639.22
2019-05-30 13:00:00,608.35
2019-05-30 14:00:00,507.23
2019-05-30 15:00:00,386.1
2019-05-30 16:00:00,188.02
2019-05-30 17:00:00,34.53
2019-05-30 18:00:00,0.0
2019-05-30 19:00:00,0.0
2019-05-30 20:00:00,0.0
2019-05-30 21:00:00,0.0
2019-05-30 22:00:00,0.0
2019-05-30 23:00:00,0.0
2019-05-31 00:00:00,0.0
2019-05-31 01:00:00,0.0
2019-05-31 02:00:00,0.0
2019-05-31 03:00:00,0.0
2019-05-31 04:00:00,0.0
2019-05-31 05:00:00,19.67
2019-05-31 06:00:00,146.07
2019-05-31 07:00:00,318.55
2019-05-31 08:00:00,499.88
2019-05-31 09:00:00,661.67
2019-05-31 10:00:00,820.6
2019-05-31 11:00:00,778.3
2019-05-31 12:00:00,762.78
2019-05-31 13:00:00,774.85
2019-05-31 14:00:00,582.22
2019-05-31 15:00:00,407.27
2019-05-31 16:00:00,206.18
2019-05-31 17:00:00,40.0
2019-05-31 18:00:00,0.0
2019-05-31 19:00:00,0.0
2019-05-31 20:00:00,0.0
2019-05-31 21:00:00,0.0
2019-05-31 22:00:00,0.0
2019-05-31 23:00:00,0.0
2019-06-01 00:00:00,0.0
2019-06-01 01:00:00,0.0
2019-06-01 02:00:00,0.0
2019-06-01 03:00:00,0.0
2019-06-01 04:00:00,0.0
2019-06-01 05:00:00,17.45
2019-06-01 06:00:00,143.68
2019-06-01 07:00:00,329.35
2019-06-01 08:00:00,518.9
2019-06-01 09:00:00,730.15
2019-06-01 10:00:00,820.12
2019-06-01 11:00:00,846.33
2019-06-01 12:00:00,785.5
2019-06-01 13:00:00,708.88
2019-06-01 14:00:00,507.98
2019-06-01 15:00:00,291.23
2019-06-01 16:00:00,154.05
2019-06-01 17:00:00,36.97
2019-06-01 18:00:00,0.0
2019-06-01 19:00:00,0.0
2019-06-01 20:00:00,0.0
2019-06-01 21:00:00,0.0
2019-06-01 22:00:00,0.0
2019-06-01 23:00:00,0.0
2019-06-02 00:00:00,0.0
2019-06-02 01:00:00,0.0
2019-06-02 02:00:00,0.0
2019-06-02 03:00:00,0.0
2019-06-02 04:00:00,0.0
2019-06-02 05:00:00,17.95
2019-06-02 06:00:00,133.8
2019-06-02 07:00:00,315.5
2019-06-02 08:00:00,494.27
2019-06-02 09:00:00,668.72
2019-06-02 10:00:00,801.47
2019-06-02 11:00:00,867.03
2019-06-02 12:00:00,821.55
2019-06-02 13:00:00,744.45
2019-06-02 14:00:00,581.22
2019-06-02 15:00:00,400.38
2019-06-02 16:00:00,198.23
2019-06-02 17:00:00,28.98
2019-06-02 18:00:00,0.0
2019-06-02 19:00:00,0.0
2019-06-02 20:00:00,0.0
2019-06-02 21:00:00,0.0
2019-06-02 22:00:00,0.0
2019-06-02 23:00:00,0.0
2019-06-03 00:00:00,0.0
2019-06-03 01:00:00,0.0
2019-06-03 02:00:00,0.0
2019-06-03 03:00:00,0.0
2019-06-03 04:00:00,0.0
2019-06-03 05:00:00,17.98
2019-06-03 06:00:00,126.82
2019-06-03 07:00:00,294.67
2019-06-03 08:00:00,475.75
2019-06-03 09:00:00,640.2
2019-06-03 10:00:00,744.0
2019-06-03 11:00:00,790.78
2019-06-03 12:00:00,717.83
2019-06-03 13:00:00,638.38
2019-06-03 14:00:00,498.23
2019-06-03 15:00:00,341.62
2019-06-03 16:00:00,172.45
2019-06-03 17:00:00,37.9
2019-06-03 18:00:00,0.0
2019-06-03 19:00:00,0.0
2019-06-03 20:00:00,0.0
2019-06-03 21:00:00,0.0
2019-06-03 22:00:00,0.0
2019-06-03 23:00:00,0.0
2019-06-04 00:00:00,0.0
2019-06-04 01:00:00,0.0
2019-06-04 02:00:00,0.0
2019-06-04 03:00:00,0.0
2019-06-04 04:00:00,0.0
2019-06-04 05:00:00,19.2
2019-06-04 06:00:00,144.02
2019-06-04 07:00:00,321.77
2019-06-04 08:00:00,490.7
2019-06-04 09:00:00,642.38
2019-06-04 10:00:00,765.72
2019-06-04 11:00:00,855.0
2019-06-04 12:00:00,849.4
2019-06-04 13:00:00,742.72
2019-06-04 14:00:00,608.47
2019-06-04 15:00:00,419.15
2019-06-04 16:00:00,206.18
2019-06-04 17:00:00,40.25
2019-06-04 18:00:00,0.0
2019-06-04 19:00:00,0.0
2019-06-04 20:00:00,0.0
2019-06-04 21:00:00,0.0
2019-06-04 22:00:00,0.0
2019-06-04 23:00:00,0.0
2019-06-05 00:00:00,0.0
2019-06-05 01:00:00,0.0
2019-06-05 02:00:00,0.0
2019-06-05 03:00:00,0.0
2019-06-05 04:00:00,0.0
2019-06-05 05:00:00,18.6
2019-06-05 06:00:00,129.73
2019-06-05 07:00:00,314.15
2019-06-05 08:00:00,503.5
2019-06-05 09:00:00,684.42
2019-06-05 10:00:00,750.72
2019-06-05 11:00:00,873.05
2019-06-05 12:00:00,840.08
2019-06-05 13:00:00,750.28
2019-06-05 14:00:00,606.85
2019-06-05 15:00:00,407.62
2019-06-05 16:00:00,204.4
2019-06-05 17:00:00,33.88
2019-06-05 18:00:00,0.0
2019-06-05 19:00:00,0.0
2019-06-05 20:00:00,0.0
2019-06-05 21:00:00,0.0
2019-06-05 22:00:00,0.0
2019-06-05 23:00:00,0.0
2019-06-06 00:00:00,0.0
2019-06-06 01:00:00,0.0
2019-06-06 02:00:00,0.0
2019-06-06 03:00:00,0.0
2019-06-06 04:00:00,0.0
2019-06-06 05:00:00,20.02
2019-06-06 06:00:00,146.85
2019-06-06 07:00:00,322.5
2019-06-06 08:00:00,513.7
2019-06-06 09:00:00,696.62
2019-06-06 10:00:00,817.38
2019-06-06 11:00:00,860.35
2019-06-06 12:00:00,848.67
2019-06-06 13:00:00,717.8
2019-06-06 14:00:00,563.6
2019-06-06 15:00:00,370.27
2019-06-06 16:00:00,183.12
2019-06-06 17:00:00,39.65
2019-06-06 18:00:00,0.0
2019-06-06 19:00:00,0.0
2019-06-06 20:00:00,0.0
2019-06-06 21:00:00,0.0
2019-06-06 22:00:00,0.0
2019-06-06 23:00:00,0.0
2019-06-07 00:00:00,0.0
2019-06-07 01:00:00,0.0
2019-06-07 02:00:00,0.0
2019-06-07 03:00:00,0.0
2019-06-07 04:00:00,0.0
2019-06-07 05:00:00,17.55
2019-06-07 06:00:00,130.27
2019-06-07 07:00:00,285.42
2019-06-07 08:00:00,462.12
2019-06-07 09:00:00,642.35
2019-06-07 10:00:00,770.55
2019-06-07 11:00:00,873.17
2019-06-07 12:00:00,843.03
2019-06-07 13:00:00,727.9
2019-06-07 14:00:00,544.08
2019-06-07 15:00:00,365.0
2019-06-07 16:00:00,181.15
2019-06-07 17:00:00,41.17
2019-06-07 18:00:00,0.0
2019-06-07 19:00:00,0.0
2019-06-07 20:00:00,0.0
2019-06-07 21:00:00,0.0
2019-06-07 22:00:00,0.0
2019-06-07 23:00:00,0.0
2019-06-08 00:00:00,0.0
2019-06-08 01:00:00,0.0
2019-06-08 02:00:00,0.0
2019-06-08 03:00:00,0.0
2019-06-08 04:00:00,0.0
2019-06-08 05:00:00,19.2
2019-06-08 06:00:00,142.15
2019-06-08 07:00:00,312.9
2019-06-08 08:00:00,478.5
2019-06-08 09:00:00,672.75
2019-06-08 10:00:00,759.0
2019-06-08 11:00:00,782.03
2019-06-08 12:00:00,770.05
2019-06-08 13:00:00,694.12
2019-06-08 14:00:00,549.78
2019-06-08 15:00:00,363.65
2019-06-08 16:00:00,172.5
2019-06-08 17:00:00,36.95
2019-06-08 18:00:00,0.0
2019-06-08 19:00:00,0.0
2019-06-08 20:00:00,0.0
2019-06-08 21:00:00,0.0
2019-06-08 22:00:00,0.0
2019-06-08 23:00:00,0.0
2019-06-09 00:00:00,0.0
2019-06-09 01:00:00,0.0
2019-06-09 02:00:00,0.0
2019-06-09 03:00:00,0.0
2019-06-09 04:00:00,0.0
2019-06-09 05:00:00,20.12
2019-06-09 06:00:00,143.88
2019-06-09 07:00:00,318.65
2019-06-09 08:00:00,506.15
2019-06-09 09:00:00,675.22
2019-06-09 10:00:00,789.62
2019-06-09 11:00:00,838.22
2019-06-09 12:00:00,812.4
2019-06-09 13:00:00,714.72
2019-06-09 14:00:00,529.72
2019-06-09 15:00:00,319.17
2019-06-09 16:00:00,163.48
2019-06-09 17:00:00,40.4
2019-06-09 18:00:00,0.0
2019-06-09 19:00:00,0.0
2019-06-09 20:00:00,0.0
2019-06-09 21:00:00,0.0
2019-06-09 22:00:00,0.0
2019-06-09 23:00:00,0.0
2019-06-10 00:00:00,0.0
2019-06-10 01:00:00,0.0
2019-06-10 02:00:00,0.0
2019-06-10 03:00:00,0.0
2019-06-10 04:00:00,0.0
2019-06-10 05:00:00,16.9
2019-06-10 06:00:00,118.55
2019-06-10 07:00:00,288.12
2019-06-10 08:00:00,459.15
2019-06-10 09:00:00,600.28
2019-06-10 10:00:00,790.55
2019-06-10 11:00:00,766.08
2019-06-10 12:00:00,652.47
2019-06-10 13:00:00,572.08
2019-06-10 14:00:00,521.5
2019-06-10 15:00:00,353.77
2019-06-10 16:00:00,179.0
2019-06-10 17:00:00,41.4
2019-06-10 18:00:00,0.0
2019-06-10 19:00:00,0.0
2019-06-10 20:00:00,0.0
2019-06-10 21:00:00,0.0
2019-06-10 22:00:00,0.0
2019-06-10 23:00:00,0.0
2019-06-11 00:00:00,0.0
2019-06-11 01:00:00,0.0
2019-06-11 02:00:00,0.0
2019-06-11 03:00:00,0.0
2019-06-11 04:00:00,0.0
2019-06-11 05:00:00,23.8
2019-06-11 06:00:00,165.1
2019-06-11 07:00:00,341.85
2019-06-11 08:00:00,511.58
2019-06-11 09:00:00,650.2
2019-06-11 10:00:00,804.53
2019-06-11 11:00:00,824.78
2019-06-11 12:00:00,857.1
2019-06-11 13:00:00,783.83
2019-06-11 14:00:00,657.85
2019-06-11 15:00:00,461.48
2019-06-11 16:00:00,244.23
2019-06-11 17:00:00,55.0
2019-06-11 18:00:00,0.0
2019-06-11 19:00:00,0.0
2019-06-11 20:00:00,0.0
2019-06-11 21:00:00,0.0
2019-06-11 22:00:00,0.0
2019-06-11 23:00:00,0.0
2019-06-12 00:00:00,0.0
2019-06-12 01:00:00,0.0
2019-06-12 02:00:00,0.0
2019-06-12 03:00:00,0.0
2019-06-12 04:00:00,0.0
2019-06-12 05:00:00,24.17
2019-06-12 06:00:00,168.18
2019-06-12 07:00:00,380.98
2019-06-12 08:00:00,567.97
2019-06-12 09:00:00,762.12
2019-06-12 10:00:00,851.08
2019-06-12 11:00:00,940.97
2019-06-12 12:00:00,729.02
2019-06-12 13:00:00,822.25
2019-06-12 14:00:00,673.45
2019-06-12 15:00:00,459.02
2019-06-12 16:00:00,247.62
2019-06-12 17:00:00,60.15
2019-06-12 18:00:00,0.0
2019-06-12 19:00:00,0.0
2019-06-12 20:00:00,0.0
2019-06-12 21:00:00,0.0
2019-06-12 22:00:00,0.0
2019-06-12 23:00:00,0.0
2019-06-13 00:00:00,0.0
2019-06-13 01:00:00,0.0
2019-06-13 02:00:00,0.0
2019-06-13 03:00:00,0.0
2019-06-13 04:00:00,0.0
2019-06-13 05:00:00,23.27
2019-06-13 06:00:00,179.98
2019-06-13 07:00:00,374.2
2019-06-13 08:00:00,565.15
2019-06-13 09:00:00,767.1
2019-06-13 10:00:00,884.9
2019-06-13 11:00:00,920.28
2019-06-13 12:00:00,808.3
2019-06-13 13:00:00,721.67
2019-06-13 14:00:00,577.67
2019-06-13 15:00:00,395.85
2019-06-13 16:00:00,205.1
2019-06-13 17:00:00,45.35
2019-06-13 18:00:00,0.0
2019-06-13 19:00:00,0.0
2019-06-13 20:00:00,0.0
2019-06-13 21:00:00,0.0
2019-06-13 22:00:00,0.0
2019-06-13 23:00:00,0.0
2019-06-14 00:00:00,0.0
2019-06-14 01:00:00,0.0
2019-06-14 02:00:00,0.0
2019-06-14 03:00:00,0.0
2019-06-14 04:00:00,0.0
2019-06-14 05:00:00,20.77
2019-06-14 06:00:00,159.48
2019-06-14 07:00:00,369.6
2019-06-14 08:00:00,555.38
2019-06-14 09:00:00,762.88
2019-06-14 10:00:00,885.08
2019-06-14 11:00:00,909.35
2019-06-14 12:00:00,864.7
2019-06-14 13:00:00,646.12
2019-06-14 14:00:00,542.8
2019-06-14 15:00:00,392.77
2019-06-14 16:00:00,205.48
2019-06-14 17:00:00,47.42
2019-06-14 18:00:00,0.0
2019-06-14 19:00:00,0.0
2019-06-14 20:00:00,0.0
2019-06-14 21:00:00,0.0
2019-06-14 22:00:00,0.0
2019-06-14 23:00:00,0.0
2019-06-15 00:00:00,0.0
2019-06-15 01:00:00,0.0
2019-06-15 02:00:00,0.0
2019-06-15 03:00:00,0.0
2019-06-15 04:00:00,0.0
2019-06-15 05:00:00,21.88
2019-06-15 06:00:00,161.6
2019-06-15 07:00:00,358.7
2019-06-15 08:00:00,552.08
2019-06-15 09:00:00,791.22
2019-06-15 10:00:00,896.1
2019-06-15 11:00:00,927.6
2019-06-15 12:00:00,881.2
2019-06-15 13:00:00,772.88
2019-06-15 14:00:00,613.75
2019-06-15 15:00:00,420.23
2019-06-15 16:00:00,222.73
2019-06-15 17:00:00,53.35
2019-06-15 18:00:00,0.0
2019-06-15 19:00:00,0.0
2019-06-15 20:00:00,0.0
2019-06-15 21:00:00,0.0
2019-06-15 22:00:00,0.0
2019-06-15 23:00:00,0.0
2019-06-16 00:00:00,0.0
2019-06-16 01:00:00,0.0
2019-06-16 02:00:00,0.0
2019-06-16 03:00:00,0.0
2019-06-16 04:00:00,0.0
2019-06-16 05:00:00,21.27
2019-06-16 06:00:00,167.62
2019-06-16 07:00:00,368.23
2019-06-16 08:00:00,559.1
2019-06-16 09:00:00,709.85
2019-06-16 10:00:00,863.17
2019-06-16 11:00:00,927.55
2019-06-16 12:00:00,912.42
2019-06-16 13:00:00,762.28
2019-06-16 14:00:00,615.08
2019-06-16 15:00:00,430.9
2019-06-16 16:00:00,224.48
2019-06-16 17:00:00,53.1
2019-06-16 18:00:00,0.0
2019-06-16 19:00:00,0.0
2019-06-16 20:00:00,0.0
2019-06-16 21:00:00,0.0
2019-06-16 22:00:00,0.0
2019-06-16 23:00:00,0.0
2019-06-17 00:00:00,0.0
2019-06-17 01:00:00,0.0
2019-06-17 02:00:00,0.0
2019-06-17 03:00:00,0.0
2019-06-17 04:00:00,0.0
2019-06-17 05:00:00,16.55
2019-06-17 06:00:00,100.55
2019-06-17 07:00:00,242.3
2019-06-17 08:00:00,406.2
2019-06-17 09:00:00,524.0
2019-06-17 10:00:00,502.5
2019-06-17 11:00:00,579.65
2019-06-17 12:00:00,464.38
2019-06-17 13:00:00,435.73
2019-06-17 14:00:00,327.77
2019-06-17 15:00:00,248.18
2019-06-17 16:00:00,111.28
2019-06-17 17:00:00,24.08
2019-06-17 18:00:00,0.0
2019-06-17 19:00:00,0.0
2019-06-17 20:00:00,0.0
2019-06-17 21:00:00,0.0
2019-06-17 22:00:00,0.0
2019-06-17 23:00:00,0.0
2019-06-18 00:00:00,0.0
2019-06-18 01:00:00,0.0
2019-06-18 02:00:00,0.0
2019-06-18 03:00:00,0.0
2019-06-18 04:00:00,0.0
2019-06-18 05:00:00,16.85
2019-06-18 06:00:00,136.32
2019-06-18 07:00:00,299.1
2019-06-18 08:00:00,481.33
2019-06-18 09:00:00,641.1
2019-06-18 10:00:00,719.53
2019-06-18 11:00:00,824.62
2019-06-18 12:00:00,835.5
2019-06-18 13:00:00,740.72
2019-06-18 14:00:00,523.47
2019-06-18 15:00:00,336.08
2019-06-18 16:00:00,183.48
2019-06-18 17:00:00,44.53
2019-06-18 18:00:00,0.0
2019-06-18 19:00:00,0.0
2019-06-18 20:00:00,0.0
2019-06-18 21:00:00,0.0
2019-06-18 22:00:00,0.0
2019-06-18 23:00:00,0.0
2019-06-19 00:00:00,0.0
2019-06-19 01:00:00,0.0
2019-06-19 02:00:00,0.0
2019-06-19 03:00:00,0.0
2019-06-19 04:00:00,0.0
2019-06-19 05:00:00,20.7
2019-06-19 06:00:00,130.65
2019-06-19 07:00:00,289.95
2019-06-19 08:00:00,460.92
2019-06-19 09:00:00,634.2
2019-06-19 10:00:00,717.17
2019-06-19 11:00:00,724.17
2019-06-19 12:00:00,658.0
2019-06-19 13:00:00,570.92
2019-06-19 14:00:00,410.77
2019-06-19 15:00:00,274.4
2019-06-19 16:00:00,132.15
2019-06-19 17:00:00,30.52
2019-06-19 18:00:00,0.0
2019-06-19 19:00:00,0.0
2019-06-19 20:00:00,0.0
2019-06-19 21:00:00,0.0
2019-06-19 22:00:00,0.0
2019-06-19 23:00:00,0.0
2019-06-20 00:00:00,0.0
2019-06-20 01:00:00,0.0
2019-06-20 02:00:00,0.0
2019-06-20 03:00:00,0.0
2019-06-20 04:00:00,0.0
2019-06-20 05:00:00,18.8
2019-06-20 06:00:00,113.55
2019-06-20 07:00:00,168.4
2019-06-20 08:00:00,271.75
2019-06-20 09:00:00,396.45
2019-06-20 10:00:00,389.12
2019-06-20 11:00:00,499.85
2019-06-20 12:00:00,574.67
2019-06-20 13:00:00,534.58
2019-06-20 14:00:00,382.08
2019-06-20 15:00:00,270.38
2019-06-20 16:00:00,137.23
2019-06-20 17:00:00,33.85
2019-06-20 18:00:00,0.0
2019-06-20 19:00:00,0.0
2019-06-20 20:00:00,0.0
2019-06-20 21:00:00,0.0
2019-06-20 22:00:00,0.0
2019-06-20 23:00:00,0.0
2019-06-21 00:00:00,0.0
2019-06-21 01:00:00,0.0
2019-06-21 02:00:00,0.0
2019-06-21 03:00:00,0.0
2019-06-21 04:00:00,0.0
2019-06-21 05:00:00,15.3
2019-06-21 06:00:00,111.68
2019-06-21 07:00:00,144.07
2019-06-21 08:00:00,242.45
2019-06-21 09:00:00,326.33
2019-06-21 10:00:00,384.35
2019-06-21 11:00:00,464.67
2019-06-21 12:00:00,456.15
2019-06-21 13:00:00,428.45
2019-06-21 14:00:00,347.3
2019-06-21 15:00:00,232.75
2019-06-21 16:00:00,113.35
2019-06-21 17:00:00,30.83
2019-06-21 18:00:00,0.0
2019-06-21 19:00:00,0.0
2019-06-21 20:00:00,0.0
2019-06-21 21:00:00,0.0
2019-06-21 22:00:00,0.0
2019-06-21 23:00:00,0.0
2019-06-22 00:00:00,0.0
2019-06-22 01:00:00,0.0
2019-06-22 02:00:00,0.0
2019-06-22 03:00:00,0.0
2019-06-22 04:00:00,0.0
2019-06-22 05:00:00,17.8
2019-06-22 06:00:00,146.45
2019-06-22 07:00:00,311.2
2019-06-22 08:00:00,484.88
2019-06-22 09:00:00,639.05
2019-06-22 10:00:00,785.65
2019-06-22 11:00:00,889.83
2019-06-22 12:00:00,745.17
2019-06-22 13:00:00,656.78
2019-06-22 14:00:00,483.4
2019-06-22 15:00:00,348.4
2019-06-22 16:00:00,178.6
2019-06-22 17:00:00,41.35
2019-06-22 18:00:00,0.0
2019-06-22 19:00:00,0.0
2019-06-22 20:00:00,0.0
2019-06-22 21:00:00,0.0
2019-06-22 22:00:00,0.0
2019-06-22 23:00:00,0.0
2019-06-23 00:00:00,0.0
2019-06-23 01:00:00,0.0
2019-06-23 02:00:00,0.0
2019-06-23 03:00:00,0.0
2019-06-23 04:00:00,0.0
2019-06-23 05:00:00,13.8
2019-06-23 06:00:00,131.48
2019-06-23 07:00:00,293.3
2019-06-23 08:00:00,444.2
2019-06-23 09:00:00,591.25
2019-06-23 10:00:00,738.03
2019-06-23 11:00:00,755.5
2019-06-23 12:00:00,764.35
2019-06-23 13:00:00,697.08
2019-06-23 14:00:00,569.42
2019-06-23 15:00:00,382.48
2019-06-23 16:00:00,194.4
2019-06-23 17:00:00,45.03
2019-06-23 18:00:00,0.0
2019-06-23 19:00:00,0.0
2019-06-23 20:00:00,0.0
2019-06-23 21:00:00,0.0
2019-06-23 22:00:00,0.0
2019-06-23 23:00:00,0.0
2019-06-24 00:00:00,0.0
2019-06-24 01:00:00,0.0
2019-06-24 02:00:00,0.0
2019-06-24 03:00:00,0.0
2019-06-24 04:00:00,0.0
2019-06-24 05:00:00,13.82
2019-06-24 06:00:00,92.35
2019-06-24 07:00:00,224.98
2019-06-24 08:00:00,375.67
2019-06-24 09:00:00,522.35
2019-06-24 10:00:00,592.03
2019-06-24 11:00:00,620.9
2019-06-24 12:00:00,677.33
2019-06-24 13:00:00,649.72
2019-06-24 14:00:00,525.92
2019-06-24 15:00:00,360.38
2019-06-24 16:00:00,196.38
2019-06-24 17:00:00,54.1
2019-06-24 18:00:00,0.0
2019-06-24 19:00:00,0.0
2019-06-24 20:00:00,0.0
2019-06-24 21:00:00,0.0
2019-06-24 22:00:00,0.0
2019-06-24 23:00:00,0.0
2019-06-25 00:00:00,0.0
2019-06-25 01:00:00,0.0
2019-06-25 02:00:00,0.0
2019-06-25 03:00:00,0.0
2019-06-25 04:00:00,0.0
2019-06-25 05:00:00,10.57
2019-06-25 06:00:00,61.2
2019-06-25 07:00:00,144.15
2019-06-25 08:00:00,249.7
2019-06-25 09:00:00,211.5
2019-06-25 10:00:00,268.12
2019-06-25 11:00:00,390.55
2019-06-25 12:00:00,533.45
2019-06-25 13:00:00,421.6
2019-06-25 14:00:00,321.2
2019-06-25 15:00:00,231.18
2019-06-25 16:00:00,113.03
2019-06-25 17:00:00,32.55
2019-06-25 18:00:00,0.0
2019-06-25 19:00:00,0.0
2019-06-25 20:00:00,0.0
2019-06-25 21:00:00,0.0
2019-06-25 22:00:00,0.0
2019-06-25 23:00:00,0.0
2019-06-26 00:00:00,0.0
2019-06-26 01:00:00,0.0
2019-06-26 02:00:00,0.0
2019-06-26 03:00:00,0.0
2019-06-26 04:00:00,0.0
2019-06-26 05:00:00,4.3
2019-06-26 06:00:00,51.55
2019-06-26 07:00:00,132.77
2019-06-26 08:00:00,278.02
2019-06-26 09:00:00,297.85
2019-06-26 10:00:00,489.45
2019-06-26 11:00:00,433.0
2019-06-26 12:00:00,310.7
2019-06-26 13:00:00,243.7
2019-06-26 14:00:00,228.88
2019-06-26 15:00:00,162.25
2019-06-26 16:00:00,84.62
2019-06-26 17:00:00,21.2
2019-06-26 18:00:00,0.0
2019-06-26 19:00:00,0.0
2019-06-26 20:00:00,0.0
2019-06-26 21:00:00,0.0
2019-06-26 22:00:00,0.0
2019-06-26 23:00:00,0.0
2019-06-27 00:00:00,0.0
2019-06-27 01:00:00,0.0
2019-06-27 02:00:00,0.0
2019-06-27 03:00:00,0.0
2019-06-27 04:00:00,0.0
2019-06-27 05:00:00,12.32
2019-06-27 06:00:00,110.22
2019-06-27 07:00:00,273.85
2019-06-27 08:00:00,444.4
2019-06-27 09:00:00,619.17
2019-06-27 10:00:00,673.35
2019-06-27 11:00:00,651.28
2019-06-27 12:00:00,663.08
2019-06-27 13:00:00,580.45
2019-06-27 14:00:00,380.7
2019-06-27 15:00:00,257.38
2019-06-27 16:00:00,145.05
2019-06-27 17:00:00,51.15
2019-06-27 18:00:00,0.0
2019-06-27 19:00:00,0.0
2019-06-27 20:00:00,0.0
2019-06-27 21:00:00,0.0
2019-06-27 22:00:00,0.0
2019-06-27 23:00:00,0.0
2019-06-28 00:00:00,0.0
2019-06-28 01:00:00,0.0
2019-06-28 02:00:00,0.0
2019-06-28 03:00:00,0.0
2019-06-28 04:00:00,0.0
2019-06-28 05:00:00,18.48
2019-06-28 06:00:00,145.6
2019-06-28 07:00:00,313.1
2019-06-28 08:00:00,488.4
2019-06-28 09:00:00,637.65
2019-06-28 10:00:00,731.75
2019-06-28 11:00:00,863.08
2019-06-28 12:00:00,860.42
2019-06-28 13:00:00,780.53
2019-06-28 14:00:00,510.92
2019-06-28 15:00:00,371.1
2019-06-28 16:00:00,203.93
2019-06-28 17:00:00,53.22
2019-06-28 18:00:00,0.0
2019-06-28 19:00:00,0.0
2019-06-28 20:00:00,0.0
2019-06-28 21:00:00,0.0
2019-06-28 22:00:00,0.0
2019-06-28 23:00:00,0.0
2019-06-29 00:00:00,0.0
2019-06-29 01:00:00,0.0
2019-06-29 02:00:00,0.0
2019-06-29 03:00:00,0.0
2019-06-29 04:00:00,0.0
2019-06-29 05:00:00,17.77
2019-06-29 06:00:00,158.95
2019-06-29 07:00:00,348.55
2019-06-29 08:00:00,524.58
2019-06-29 09:00:00,702.62
2019-06-29 10:00:00,854.8
2019-06-29 11:00:00,730.42
2019-06-29 12:00:00,678.85
2019-06-29 13:00:00,657.3
2019-06-29 14:00:00,378.98
2019-06-29 15:00:00,253.05
2019-06-29 16:00:00,123.07
2019-06-29 17:00:00,23.77
2019-06-29 18:00:00,0.0
2019-06-29 19:00:00,0.0
2019-06-29 20:00:00,0.0
2019-06-29 21:00:00,0.0
2019-06-29 22:00:00,0.0
2019-06-29 23:00:00,0.0
2019-06-30 00:00:00,0.0
2019-06-30 01:00:00,0.0
2019-06-30 02:00:00,0.0
2019-06-30 03:00:00,0.0
2019-06-30 04:00:00,0.0
2019-06-30 05:00:00,11.8
2019-06-30 06:00:00,101.97
2019-06-30 07:00:00,235.93
2019-06-30 08:00:00,384.27
2019-06-30 09:00:00,520.35
2019-06-30 10:00:00,588.05
2019-06-30 11:00:00,540.88
2019-06-30 12:00:00,442.67
2019-06-30 13:00:00,366.23
2019-06-30 14:00:00,297.55
2019-06-30 15:00:00,205.57
2019-06-30 16:00:00,95.35
2019-06-30 17:00:00,22.05
2019-06-30 18:00:00,0.0
2019-06-30 19:00:00,0.0
2019-06-30 20:00:00,0.0
2019-06-30 21:00:00,0.0
2019-06-30 22:00:00,0.0
2019-06-30 23:00:00,0.0
2019-07-01 00:00:00,0.0
2019-07-01 01:00:00,0.0
2019-07-01 02:00:00,0.0
2019-07-01 03:00:00,0.0
2019-07-01 04:00:00,0.0
2019-07-01 05:00:00,15.52
2019-07-01 06:00:00,124.9
2019-07-01 07:00:00,286.75
2019-07-01 08:00:00,455.42
2019-07-01 09:00:00,620.97
2019-07-01 10:00:00,745.95
2019-07-01 11:00:00,740.5
2019-07-01 12:00:00,652.7
2019-07-01 13:00:00,520.0
2019-07-01 14:00:00,317.62
2019-07-01 15:00:00,200.02
2019-07-01 16:00:00,102.1
2019-07-01 17:00:00,26.92
2019-07-01 18:00:00,0.0
2019-07-01 19:00:00,0.0
2019-07-01 20:00:00,0.0
2019-07-01 21:00:00,0.0
2019-07-01 22:00:00,0.0
2019-07-01 23:00:00,0.0
2019-07-02 00:00:00,0.0
2019-07-02 01:00:00,0.0
2019-07-02 02:00:00,0.0
2019-07-02 03:00:00,0.0
2019-07-02 04:00:00,0.0
2019-07-02 05:00:00,11.0
2019-07-02 06:00:00,82.55
2019-07-02 07:00:00,203.52
2019-07-02 08:00:00,328.23
2019-07-02 09:00:00,429.38
2019-07-02 10:00:00,500.45
2019-07-02 11:00:00,486.38
2019-07-02 12:00:00,502.35
2019-07-02 13:00:00,487.73
2019-07-02 14:00:00,325.42
2019-07-02 15:00:00,183.75
2019-07-02 16:00:00,94.62
2019-07-02 17:00:00,22.02
2019-07-02 18:00:00,0.0
2019-07-02 19:00:00,0.0
2019-07-02 20:00:00,0.0
2019-07-02 21:00:00,0.0
2019-07-02 22:00:00,0.0
2019-07-02 23:00:00,0.0
2019-07-03 00:00:00,0.0
2019-07-03 01:00:00,0.0
2019-07-03 02:00:00,0.0
2019-07-03 03:00:00,0.0
2019-07-03 04:00:00,0.0
2019-07-03 05:00:00,12.2
2019-07-03 06:00:00,106.03
2019-07-03 07:00:00,243.75
2019-07-03 08:00:00,392.62
2019-07-03 09:00:00,525.78
2019-07-03 10:00:00,534.05
2019-07-03 11:00:00,564.78
2019-07-03 12:00:00,441.6
2019-07-03 13:00:00,373.0
2019-07-03 14:00:00,348.4
2019-07-03 15:00:00,290.12
2019-07-03 16:00:00,164.45
2019-07-03 17:00:00,43.4
2019-07-03 18:00:00,0.0
2019-07-03 19:00:00,0.0
2019-07-03 20:00:00,0.0
2019-07-03 21:00:00,0.0
2019-07-03 22:00:00,0.0
2019-07-03 23:00:00,0.0
2019-07-04 00:00:00,0.0
2019-07-04 01:00:00,0.0
2019-07-04 02:00:00,0.0
2019-07-04 03:00:00,0.0
2019-07-04 04:00:00,0.0
2019-07-04 05:00:00,16.42
2019-07-04 06:00:00,144.7
2019-07-04 07:00:00,322.52
2019-07-04 08:00:00,500.38
2019-07-04 09:00:00,663.9
2019-07-04 10:00:00,797.4
2019-07-04 11:00:00,818.8
2019-07-04 12:00:00,745.35
2019-07-04 13:00:00,637.42
2019-07-04 14:00:00,491.23
2019-07-04 15:00:00,380.75
2019-07-04 16:00:00,204.75
2019-07-04 17:00:00,52.12
2019-07-04 18:00:00,0.0
2019-07-04 19:00:00,0.0
2019-07-04 20:00:00,0.0
2019-07-04 21:00:00,0.0
2019-07-04 22:00:00,0.0
2019-07-04 23:00:00,0.0
2019-07-05 00:00:00,0.0
2019-07-05 01:00:00,0.0
2019-07-05 02:00:00,0.0
2019-07-05 03:00:00,0.0
2019-07-05 04:00:00,0.0
2019-07-05 05:00:00,8.65
2019-07-05 06:00:00,83.85
2019-07-05 07:00:00,190.18
2019-07-05 08:00:00,319.83
2019-07-05 09:00:00,400.9
2019-07-05 10:00:00,504.08
2019-07-05 11:00:00,544.45
2019-07-05 12:00:00,429.05
2019-07-05 13:00:00,342.52
2019-07-05 14:00:00,198.12
2019-07-05 15:00:00,181.82
2019-07-05 16:00:00,88.22
2019-07-05 17:00:00,17.0
2019-07-05 18:00:00,0.0
2019-07-05 19:00:00,0.0
2019-07-05 20:00:00,0.0
2019-07-05 21:00:00,0.0
2019-07-05 22:00:00,0.0
2019-07-05 23:00:00,0.0
2019-07-06 00:00:00,0.0
2019-07-06 01:00:00,0.0
2019-07-06 02:00:00,0.0
2019-07-06 03:00:00,0.0
2019-07-06 04:00:00,0.0
2019-07-06 05:00:00,11.23
2019-07-06 06:00:00,97.35
2019-07-06 07:00:00,219.45
2019-07-06 08:00:00,292.4
2019-07-06 09:00:00,386.38
2019-07-06 10:00:00,454.8
2019-07-06 11:00:00,470.95
2019-07-06 12:00:00,501.05
2019-07-06 13:00:00,462.85
2019-07-06 14:00:00,413.35
2019-07-06 15:00:00,271.98
2019-07-06 16:00:00,135.2
2019-07-06 17:00:00,31.9
2019-07-06 18:00:00,0.0
2019-07-06 19:00:00,0.0
2019-07-06 20:00:00,0.0
2019-07-06 21:00:00,0.0
2019-07-06 22:00:00,0.0
2019-07-06 23:00:00,0.0
2019-07-07 00:00:00,0.0
2019-07-07 01:00:00,0.0
2019-07-07 02:00:00,0.0
2019-07-07 03:00:00,0.0
2019-07-07 04:00:00,0.0
2019-07-07 05:00:00,13.05
2019-07-07 06:00:00,115.85
2019-07-07 07:00:00,265.75
2019-07-07 08:00:00,426.23
2019-07-07 09:00:00,571.47
2019-07-07 10:00:00,652.78
2019-07-07 11:00:00,748.38
2019-07-07 12:00:00,830.8
2019-07-07 13:00:00,734.83
2019-07-07 14:00:00,548.42
2019-07-07 15:00:00,355.75
2019-07-07 16:00:00,188.4
2019-07-07 17:00:00,51.45
2019-07-07 18:00:00,0.0
2019-07-07 19:00:00,0.0
2019-07-07 20:00:00,0.0
2019-07-07 21:00:00,0.0
2019-07-07 22:00:00,0.0
2019-07-07 23:00:00,0.0
2019-07-08 00:00:00,0.0
2019-07-08 01:00:00,0.0
2019-07-08 02:00:00,0.0
2019-07-08 03:00:00,0.0
2019-07-08 04:00:00,0.0
2019-07-08 05:00:00,15.02
2019-07-08 06:00:00,142.45
2019-07-08 07:00:00,328.62
2019-07-08 08:00:00,517.2
2019-07-08 09:00:00,723.15
2019-07-08 10:00:00,841.9
2019-07-08 11:00:00,852.95
2019-07-08 12:00:00,793.75
2019-07-08 13:00:00,666.85
2019-07-08 14:00:00,499.77
2019-07-08 15:00:00,341.98
2019-07-08 16:00:00,173.35
2019-07-08 17:00:00,47.83
2019-07-08 18:00:00,0.0
2019-07-08 19:00:00,0.0
2019-07-08 20:00:00,0.0
2019-07-08 21:00:00,0.0
2019-07-08 22:00:00,0.0
2019-07-08 23:00:00,0.0
2019-07-09 00:00:00,0.0
2019-07-09 01:00:00,0.0
2019-07-09 02:00:00,0.0
2019-07-09 03:00:00,0.0
2019-07-09 04:00:00,0.0
2019-07-09 05:00:00,14.1
2019-07-09 06:00:00,131.98
2019-07-09 07:00:00,317.25
2019-07-09 08:00:00,493.3
2019-07-09 09:00:00,638.8
2019-07-09 10:00:00,782.0
2019-07-09 11:00:00,787.4
2019-07-09 12:00:00,795.8
2019-07-09 13:00:00,616.2
2019-07-09 14:00:00,429.62
2019-07-09 15:00:00,284.23
2019-07-09 16:00:00,147.3
2019-07-09 17:00:00,31.4
2019-07-09 18:00:00,0.0
2019-07-09 19:00:00,0.0
2019-07-09 20:00:00,0.0
2019-07-09 21:00:00,0.0
2019-07-09 22:00:00,0.0
2019-07-09 23:00:00,0.0
2019-07-10 00:00:00,0.0
2019-07-10 01:00:00,0.0
2019-07-10 02:00:00,0.0
2019-07-10 03:00:00,0.0
2019-07-10 04:00:00,0.0
2019-07-10 05:00:00,10.02
2019-07-10 06:00:00,142.32
2019-07-10 07:00:00,285.58
2019-07-10 08:00:00,446.0
2019-07-10 09:00:00,643.25
2019-07-10 10:00:00,703.78
2019-07-10 11:00:00,701.25
2019-07-10 12:00:00,689.78
2019-07-10 13:00:00,700.08
2019-07-10 14:00:00,584.42
2019-07-10 15:00:00,383.55
2019-07-10 16:00:00,201.25
2019-07-10 17:00:00,48.7
2019-07-10 18:00:00,0.0
2019-07-10 19:00:00,0.0
2019-07-10 20:00:00,0.0
2019-07-10 21:00:00,0.0
2019-07-10 22:00:00,0.0
2019-07-10 23:00:00,0.0
2019-07-11 00:00:00,0.0
2019-07-11 01:00:00,0.0
2019-07-11 02:00:00,0.0
2019-07-11 03:00:00,0.0
2019-07-11 04:00:00,0.0
2019-07-11 05:00:00,7.82
2019-07-11 06:00:00,130.55
2019-07-11 07:00:00,274.17
2019-07-11 08:00:00,395.15
2019-07-11 09:00:00,505.05
2019-07-11 10:00:00,572.92
2019-07-11 11:00:00,631.3
2019-07-11 12:00:00,672.58
2019-07-11 13:00:00,624.1
2019-07-11 14:00:00,532.38
2019-07-11 15:00:00,391.02
2019-07-11 16:00:00,212.52
2019-07-11 17:00:00,54.83
2019-07-11 18:00:00,0.0
2019-07-11 19:00:00,0.0
2019-07-11 20:00:00,0.0
2019-07-11 21:00:00,0.0
2019-07-11 22:00:00,0.0
2019-07-11 23:00:00,0.0
2019-07-12 00:00:00,0.0
2019-07-12 01:00:00,0.0
2019-07-12 02:00:00,0.0
2019-07-12 03:00:00,0.0
2019-07-12 04:00:00,0.0
2019-07-12 05:00:00,14.93
2019-07-12 06:00:00,131.8
2019-07-12 07:00:00,297.7
2019-07-12 08:00:00,500.5
2019-07-12 09:00:00,668.35
2019-07-12 10:00:00,854.5
2019-07-12 11:00:00,796.88
2019-07-12 12:00:00,924.42
2019-07-12 13:00:00,804.4
2019-07-12 14:00:00,645.47
2019-07-12 15:00:00,453.0
2019-07-12 16:00:00,258.6
2019-07-12 17:00:00,71.45
2019-07-12 18:00:00,0.0
2019-07-12 19:00:00,0.0
2019-07-12 20:00:00,0.0
2019-07-12 21:00:00,0.0
2019-07-12 22:00:00,0.0
2019-07-12 23:00:00,0.0
2019-07-13 00:00:00,0.0
2019-07-13 01:00:00,0.0
2019-07-13 02:00:00,0.0
2019-07-13 03:00:00,0.0
2019-07-13 04:00:00,0.0
2019-07-13 05:00:00,11.1
2019-07-13 06:00:00,149.32
2019-07-13 07:00:00,310.45
2019-07-13 08:00:00,469.9
2019-07-13 09:00:00,662.53
2019-07-13 10:00:00,823.17
2019-07-13 11:00:00,883.5
2019-07-13 12:00:00,844.05
2019-07-13 13:00:00,774.08
2019-07-13 14:00:00,652.1
2019-07-13 15:00:00,462.67
2019-07-13 16:00:00,254.1
2019-07-13 17:00:00,48.08
2019-07-13 18:00:00,0.0
2019-07-13 19:00:00,0.0
2019-07-13 20:00:00,0.0
2019-07-13 21:00:00,0.0
2019-07-13 22:00:00,0.0
2019-07-13 23:00:00,0.0
2019-07-14 00:00:00,0.0
2019-07-14 01:00:00,0.0
2019-07-14 02:00:00,0.0
2019-07-14 03:00:00,0.0
2019-07-14 04:00:00,0.0
2019-07-14 05:00:00,8.02
2019-07-14 06:00:00,68.4
2019-07-14 07:00:00,174.18
2019-07-14 08:00:00,284.12
2019-07-14 09:00:00,391.2
2019-07-14 10:00:00,435.6
2019-07-14 11:00:00,414.38
2019-07-14 12:00:00,401.48
2019-07-14 13:00:00,533.3
2019-07-14 14:00:00,422.3
2019-07-14 15:00:00,280.23
2019-07-14 16:00:00,142.77
2019-07-14 17:00:00,35.45
2019-07-14 18:00:00,0.0
2019-07-14 19:00:00,0.0
2019-07-14 20:00:00,0.0
2019-07-14 21:00:00,0.0
2019-07-14 22:00:00,0.0
2019-07-14 23:00:00,0.0
2019-07-15 00:00:00,0.0
2019-07-15 01:00:00,0.0
2019-07-15 02:00:00,0.0
2019-07-15 03:00:00,0.0
2019-07-15 04:00:00,0.0
2019-07-15 05:00:00,13.43
2019-07-15 06:00:00,136.65
2019-07-15 07:00:00,318.35
2019-07-15 08:00:00,496.17
2019-07-15 09:00:00,703.7
2019-07-15 10:00:00,843.42
2019-07-15 11:00:00,885.08
2019-07-15 12:00:00,834.75
2019-07-15 13:00:00,749.53
2019-07-15 14:00:00,594.53
2019-07-15 15:00:00,424.5
2019-07-15 16:00:00,231.95
2019-07-15 17:00:00,60.95
2019-07-15 18:00:00,0.0
2019-07-15 19:00:00,0.0
2019-07-15 20:00:00,0.0
2019-07-15 21:00:00,0.0
2019-07-15 22:00:00,0.0
2019-07-15 23:00:00,0.0
2019-07-16 00:00:00,0.0
2019-07-16 01:00:00,0.0
2019-07-16 02:00:00,0.0
2019-07-16 03:00:00,0.0
2019-07-16 04:00:00,0.0
2019-07-16 05:00:00,12.05
2019-07-16 06:00:00,131.3
2019-07-16 07:00:00,296.83
2019-07-16 08:00:00,498.67
2019-07-16 09:00:00,704.6
2019-07-16 10:00:00,836.45
2019-07-16 11:00:00,878.1
2019-07-16 12:00:00,814.83
2019-07-16 13:00:00,653.42
2019-07-16 14:00:00,570.92
2019-07-16 15:00:00,421.77
2019-07-16 16:00:00,233.15
2019-07-16 17:00:00,63.6
2019-07-16 18:00:00,0.0
2019-07-16 19:00:00,0.0
2019-07-16 20:00:00,0.0
2019-07-16 21:00:00,0.0
2019-07-16 22:00:00,0.0
2019-07-16 23:00:00,0.0
2019-07-17 00:00:00,0.0
2019-07-17 01:00:00,0.0
2019-07-17 02:00:00,0.0
2019-07-17 03:00:00,0.0
2019-07-17 04:00:00,0.0
2019-07-17 05:00:00,2.3
2019-07-17 06:00:00,35.45
2019-07-17 07:00:00,86.6
2019-07-17 08:00:00,147.98
2019-07-17 09:00:00,233.1
2019-07-17 10:00:00,389.8
2019-07-17 11:00:00,360.02
2019-07-17 12:00:00,437.85
2019-07-17 13:00:00,409.73
2019-07-17 14:00:00,365.55
2019-07-17 15:00:00,285.3
2019-07-17 16:00:00,147.52
2019-07-17 17:00:00,39.55
2019-07-17 18:00:00,0.0
2019-07-17 19:00:00,0.0
2019-07-17 20:00:00,0.0
2019-07-17 21:00:00,0.0
2019-07-17 22:00:00,0.0
2019-07-17 23:00:00,0.0
2019-07-18 00:00:00,0.0
2019-07-18 01:00:00,0.0
2019-07-18 02:00:00,0.0
2019-07-18 03:00:00,0.0
2019-07-18 04:00:00,0.0
2019-07-18 05:00:00,9.1
2019-07-18 06:00:00,116.35
2019-07-18 07:00:00,279.0
2019-07-18 08:00:00,444.02
2019-07-18 09:00:00,513.08
2019-07-18 10:00:00,703.67
2019-07-18 11:00:00,783.72
2019-07-18 12:00:00,788.38
2019-07-18 13:00:00,626.1
2019-07-18 14:00:00,424.33
2019-07-18 15:00:00,305.58
2019-07-18 16:00:00,163.32
2019-07-18 17:00:00,46.4
2019-07-18 18:00:00,0.0
2019-07-18 19:00:00,0.0
2019-07-18 20:00:00,0.0
2019-07-18 21:00:00,0.0
2019-07-18 22:00:00,0.0
2019-07-18 23:00:00,0.0
2019-07-19 00:00:00,0.0
2019-07-19 01:00:00,0.0
2019-07-19 02:00:00,0.0
2019-07-19 03:00:00,0.0
2019-07-19 04:00:00,0.0
2019-07-19 05:00:00,2.05
2019-07-19 06:00:00,29.65
2019-07-19 07:00:00,79.22
2019-07-19 08:00:00,140.52
2019-07-19 09:00:00,233.38
2019-07-19 10:00:00,376.15
2019-07-19 11:00:00,509.88
2019-07-19 12:00:00,611.62
2019-07-19 13:00:00,491.17
2019-07-19 14:00:00,381.38
2019-07-19 15:00:00,267.15
2019-07-19 16:00:00,136.5
2019-07-19 17:00:00,36.33
2019-07-19 18:00:00,0.0
2019-07-19 19:00:00,0.0
2019-07-19 20:00:00,0.0
2019-07-19 21:00:00,0.0
2019-07-19 22:00:00,0.0
2019-07-19 23:00:00,0.0
2019-07-20 00:00:00,0.0
2019-07-20 01:00:00,0.0
2019-07-20 02:00:00,0.0
2019-07-20 03:00:00,0.0
2019-07-20 04:00:00,0.0
2019-07-20 05:00:00,11.6
2019-07-20 06:00:00,110.88
2019-07-20 07:00:00,258.85
2019-07-20 08:00:00,459.35
2019-07-20 09:00:00,660.53
2019-07-20 10:00:00,737.9
2019-07-20 11:00:00,861.3
2019-07-20 12:00:00,830.97
2019-07-20 13:00:00,743.8
2019-07-20 14:00:00,591.35
2019-07-20 15:00:00,417.0
2019-07-20 16:00:00,224.1
2019-07-20 17:00:00,60.03
2019-07-20 18:00:00,0.0
2019-07-20 19:00:00,0.0
2019-07-20 20:00:00,0.0
2019-07-20 21:00:00,0.0
2019-07-20 22:00:00,0.0
2019-07-20 23:00:00,0.0
2019-07-21 00:00:00,0.0
2019-07-21 01:00:00,0.0
2019-07-21 02:00:00,0.0
2019-07-21 03:00:00,0.0
2019-07-21 04:00:00,0.0
2019-07-21 05:00:00,13.57
2019-07-21 06:00:00,144.52
2019-07-21 07:00:00,310.98
2019-07-21 08:00:00,501.48
2019-07-21 09:00:00,694.12
2019-07-21 10:00:00,847.67
2019-07-21 11:00:00,793.78
2019-07-21 12:00:00,716.0
2019-07-21 13:00:00,566.88
2019-07-21 14:00:00,352.67
2019-07-21 15:00:00,257.42
2019-07-21 16:00:00,133.48
2019-07-21 17:00:00,34.12
2019-07-21 18:00:00,0.0
2019-07-21 19:00:00,0.0
2019-07-21 20:00:00,0.0
2019-07-21 21:00:00,0.0
2019-07-21 22:00:00,0.0
2019-07-21 23:00:00,0.0
2019-07-22 00:00:00,0.0
2019-07-22 01:00:00,0.0
2019-07-22 02:00:00,0.0
2019-07-22 03:00:00,0.0
2019-07-22 04:00:00,0.0
2019-07-22 05:00:00,8.62
2019-07-22 06:00:00,83.68
2019-07-22 07:00:00,170.02
2019-07-22 08:00:00,125.68
2019-07-22 09:00:00,153.32
2019-07-22 10:00:00,125.7
2019-07-22 11:00:00,179.3
2019-07-22 12:00:00,209.48
2019-07-22 13:00:00,203.75
2019-07-22 14:00:00,192.1
2019-07-22 15:00:00,161.43
2019-07-22 16:00:00,108.68
2019-07-22 17:00:00,26.33
2019-07-22 18:00:00,0.0
2019-07-22 19:00:00,0.0
2019-07-22 20:00:00,0.0
2019-07-22 21:00:00,0.0
2019-07-22 22:00:00,0.0
2019-07-22 23:00:00,0.0
2019-07-23 00:00:00,0.0
2019-07-23 01:00:00,0.0
2019-07-23 02:00:00,0.0
2019-07-23 03:00:00,0.0
2019-07-23 04:00:00,0.0
2019-07-23 05:00:00,8.3
2019-07-23 06:00:00,124.8
2019-07-23 07:00:00,287.92
2019-07-23 08:00:00,443.02
2019-07-23 09:00:00,562.7
2019-07-23 10:00:00,679.83
2019-07-23 11:00:00,658.22
2019-07-23 12:00:00,597.85
2019-07-23 13:00:00,559.15
2019-07-23 14:00:00,434.25
2019-07-23 15:00:00,288.52
2019-07-23 16:00:00,142.18
2019-07-23 17:00:00,35.83
2019-07-23 18:00:00,0.0
2019-07-23 19:00:00,0.0
2019-07-23 20:00:00,0.0
2019-07-23 21:00:00,0.0
2019-07-23 22:00:00,0.0
2019-07-23 23:00:00,0.0
2019-07-24 00:00:00,0.0
2019-07-24 01:00:00,0.0
2019-07-24 02:00:00,0.0
2019-07-24 03:00:00,0.0
2019-07-24 04:00:00,0.0
2019-07-24 05:00:00,12.23
2019-07-24 06:00:00,152.48
2019-07-24 07:00:00,350.33
2019-07-24 08:00:00,561.25
2019-07-24 09:00:00,786.75
2019-07-24 10:00:00,869.42
2019-07-24 11:00:00,942.7
2019-07-24 12:00:00,892.1
2019-07-24 13:00:00,721.38
2019-07-24 14:00:00,611.58
2019-07-24 15:00:00,466.85
2019-07-24 16:00:00,247.38
2019-07-24 17:00:00,63.7
2019-07-24 18:00:00,0.0
2019-07-24 19:00:00,0.0
2019-07-24 20:00:00,0.0
2019-07-24 21:00:00,0.0
2019-07-24 22:00:00,0.0
2019-07-24 23:00:00,0.0
2019-07-25 00:00:00,0.0
2019-07-25 01:00:00,0.0
2019-07-25 02:00:00,0.0
2019-07-25 03:00:00,0.0
2019-07-25 04:00:00,0.0
2019-07-25 05:00:00,8.85
2019-07-25 06:00:00,83.7
2019-07-25 07:00:00,204.18
2019-07-25 08:00:00,339.17
2019-07-25 09:00:00,459.4
2019-07-25 10:00:00,539.0
2019-07-25 11:00:00,578.42
2019-07-25 12:00:00,564.45
2019-07-25 13:00:00,502.67
2019-07-25 14:00:00,396.92
2019-07-25 15:00:00,262.42
2019-07-25 16:00:00,137.38
2019-07-25 17:00:00,27.95
2019-07-25 18:00:00,0.0
2019-07-25 19:00:00,0.0
2019-07-25 20:00:00,0.0
2019-07-25 21:00:00,0.0
2019-07-25 22:00:00,0.0
2019-07-25 23:00:00,0.0
2019-07-26 00:00:00,0.0
2019-07-26 01:00:00,0.0
2019-07-26 02:00:00,0.0
2019-07-26 03:00:00,0.0
2019-07-26 04:00:00,0.0
2019-07-26 05:00:00,5.3
2019-07-26 06:00:00,52.97
2019-07-26 07:00:00,123.07
2019-07-26 08:00:00,200.5
2019-07-26 09:00:00,284.25
2019-07-26 10:00:00,339.75
2019-07-26 11:00:00,385.98
2019-07-26 12:00:00,444.3
2019-07-26 13:00:00,347.42
2019-07-26 14:00:00,268.38
2019-07-26 15:00:00,175.0
2019-07-26 16:00:00,87.32
2019-07-26 17:00:00,22.2
2019-07-26 18:00:00,0.0
2019-07-26 19:00:00,0.0
2019-07-26 20:00:00,0.0
2019-07-26 21:00:00,0.0
2019-07-26 22:00:00,0.0
2019-07-26 23:00:00,0.0
2019-07-27 00:00:00,0.0
2019-07-27 01:00:00,0.0
2019-07-27 02:00:00,0.0
2019-07-27 03:00:00,0.0
2019-07-27 04:00:00,0.0
2019-07-27 05:00:00,8.48
2019-07-27 06:00:00,106.22
2019-07-27 07:00:00,263.7
2019-07-27 08:00:00,436.1
2019-07-27 09:00:00,593.47
2019-07-27 10:00:00,734.6
2019-07-27 11:00:00,703.95
2019-07-27 12:00:00,612.67
2019-07-27 13:00:00,518.12
2019-07-27 14:00:00,400.4
2019-07-27 15:00:00,262.35
2019-07-27 16:00:00,124.15
2019-07-27 17:00:00,26.12
2019-07-27 18:00:00,0.0
2019-07-27 19:00:00,0.0
2019-07-27 20:00:00,0.0
2019-07-27 21:00:00,0.0
2019-07-27 22:00:00,0.0
2019-07-27 23:00:00,0.0
2019-07-28 00:00:00,0.0
2019-07-28 01:00:00,0.0
2019-07-28 02:00:00,0.0
2019-07-28 03:00:00,0.0
2019-07-28 04:00:00,0.0
2019-07-28 05:00:00,5.28
2019-07-28 06:00:00,31.1
2019-07-28 07:00:00,113.6
2019-07-28 08:00:00,219.52
2019-07-28 09:00:00,307.48
2019-07-28 10:00:00,310.62
2019-07-28 11:00:00,237.27
2019-07-28 12:00:00,242.68
2019-07-28 13:00:00,229.45
2019-07-28 14:00:00,112.68
2019-07-28 15:00:00,94.85
2019-07-28 16:00:00,72.1
2019-07-28 17:00:00,28.17
2019-07-28 18:00:00,0.0
2019-07-28 19:00:00,0.0
2019-07-28 20:00:00,0.0
2019-07-28 21:00:00,0.0
2019-07-28 22:00:00,0.0
2019-07-28 23:00:00,0.0
2019-07-29 00:00:00,0.0
2019-07-29 01:00:00,0.0
2019-07-29 02:00:00,0.0
2019-07-29 03:00:00,0.0
2019-07-29 04:00:00,0.0
2019-07-29 05:00:00,6.15
2019-07-29 06:00:00,72.75
2019-07-29 07:00:00,160.52
2019-07-29 08:00:00,265.38
2019-07-29 09:00:00,372.12
2019-07-29 10:00:00,459.42
2019-07-29 11:00:00,435.75
2019-07-29 12:00:00,481.52
2019-07-29 13:00:00,429.38
2019-07-29 14:00:00,413.45
2019-07-29 15:00:00,335.88
2019-07-29 16:00:00,165.57
2019-07-29 17:00:00,41.45
2019-07-29 18:00:00,0.0
2019-07-29 19:00:00,0.0
2019-07-29 20:00:00,0.0
2019-07-29 21:00:00,0.0
2019-07-29 22:00:00,0.0
2019-07-29 23:00:00,0.0
2019-07-30 00:00:00,0.0
2019-07-30 01:00:00,0.0
2019-07-30 02:00:00,0.0
2019-07-30 03:00:00,0.0
2019-07-30 04:00:00,0.0
2019-07-30 05:00:00,7.55
2019-07-30 06:00:00,81.05
2019-07-30 07:00:00,185.77
2019-07-30 08:00:00,309.42
2019-07-30 09:00:00,430.85
2019-07-30 10:00:00,514.28
2019-07-30 11:00:00,569.42
2019-07-30 12:00:00,479.52
2019-07-30 13:00:00,397.65
2019-07-30 14:00:00,297.12
2019-07-30 15:00:00,229.55
2019-07-30 16:00:00,114.47
2019-07-30 17:00:00,27.27
2019-07-30 18:00:00,0.0
2019-07-30 19:00:00,0.0
2019-07-30 20:00:00,0.0
2019-07-30 21:00:00,0.0
2019-07-30 22:00:00,0.0
2019-07-30 23:00:00,0.0
2019-07-31 00:00:00,0.0
2019-07-31 01:00:00,0.0
2019-07-31 02:00:00,0.0
2019-07-31 03:00:00,0.0
2019-07-31 04:00:00,0.0
2019-07-31 05:00:00,9.68
2019-07-31 06:00:00,140.65
2019-07-31 07:00:00,316.4
2019-07-31 08:00:00,478.05
2019-07-31 09:00:00,685.0
2019-07-31 10:00:00,817.83
2019-07-31 11:00:00,890.88
2019-07-31 12:00:00,887.22
2019-07-31 13:00:00,783.38
2019-07-31 14:00:00,580.58
2019-07-31 15:00:00,406.08
2019-07-31 16:00:00,213.5
2019-07-31 17:00:00,52.62
2019-07-31 18:00:00,0.0
2019-07-31 19:00:00,0.0
2019-07-31 20:00:00,0.0
2019-07-31 21:00:00,0.0
2019-07-31 22:00:00,0.0
2019-07-31 23:00:00,0.0
2019-08-01 00:00:00,0.0
2019-08-01 01:00:00,0.0
2019-08-01 02:00:00,0.0
2019-08-01 03:00:00,0.0
2019-08-01 04:00:00,0.0
2019-08-01 05:00:00,4.03
2019-08-01 06:00:00,60.85
2019-08-01 07:00:00,152.3
2019-08-01 08:00:00,253.07
2019-08-01 09:00:00,356.4
2019-08-01 10:00:00,406.55
2019-08-01 11:00:00,455.45
2019-08-01 12:00:00,470.95
2019-08-01 13:00:00,455.92
2019-08-01 14:00:00,291.92
2019-08-01 15:00:00,203.57
2019-08-01 16:00:00,110.22
2019-08-01 17:00:00,22.75
2019-08-01 18:00:00,0.0
2019-08-01 19:00:00,0.0
2019-08-01 20:00:00,0.0
2019-08-01 21:00:00,0.0
2019-08-01 22:00:00,0.0
2019-08-01 23:00:00,0.0
2019-08-02 00:00:00,0.0
2019-08-02 01:00:00,0.0
2019-08-02 02:00:00,0.0
2019-08-02 03:00:00,0.0
2019-08-02 04:00:00,0.0
2019-08-02 05:00:00,2.1
2019-08-02 06:00:00,35.65
2019-08-02 07:00:00,88.68
2019-08-02 08:00:00,166.4
2019-08-02 09:00:00,257.45
2019-08-02 10:00:00,320.0
2019-08-02 11:00:00,320.88
2019-08-02 12:00:00,328.25
2019-08-02 13:00:00,318.55
2019-08-02 14:00:00,257.27
2019-08-02 15:00:00,231.07
2019-08-02 16:00:00,108.5
2019-08-02 17:00:00,26.4
2019-08-02 18:00:00,0.0
2019-08-02 19:00:00,0.0
2019-08-02 20:00:00,0.0
2019-08-02 21:00:00,0.0
2019-08-02 22:00:00,0.0
2019-08-02 23:00:00,0.0
2019-08-03 00:00:00,0.0
2019-08-03 01:00:00,0.0
2019-08-03 02:00:00,0.0
2019-08-03 03:00:00,0.0
2019-08-03 04:00:00,0.0
2019-08-03 05:00:00,6.8
2019-08-03 06:00:00,97.75
2019-08-03 07:00:00,237.95
2019-08-03 08:00:00,366.45
2019-08-03 09:00:00,499.02
2019-08-03 10:00:00,586.62
2019-08-03 11:00:00,683.83
2019-08-03 12:00:00,517.97
2019-08-03 13:00:00,598.2
2019-08-03 14:00:00,489.73
2019-08-03 15:00:00,334.27
2019-08-03 16:00:00,169.55
2019-08-03 17:00:00,41.55
2019-08-03 18:00:00,0.0
2019-08-03 19:00:00,0.0
2019-08-03 20:00:00,0.0
2019-08-03 21:00:00,0.0
2019-08-03 22:00:00,0.0
2019-08-03 23:00:00,0.0
2019-08-04 00:00:00,0.0
2019-08-04 01:00:00,0.0
2019-08-04 02:00:00,0.0
2019-08-04 03:00:00,0.0
2019-08-04 04:00:00,0.0
2019-08-04 05:00:00,9.3
2019-08-04 06:00:00,108.2
2019-08-04 07:00:00,262.27
2019-08-04 08:00:00,432.73
2019-08-04 09:00:00,591.05
2019-08-04 10:00:00,699.1
2019-08-04 11:00:00,732.17
2019-08-04 12:00:00,830.17
2019-08-04 13:00:00,658.88
2019-08-04 14:00:00,526.62
2019-08-04 15:00:00,311.05
2019-08-04 16:00:00,145.8
2019-08-04 17:00:00,30.35
2019-08-04 18:00:00,0.0
2019-08-04 19:00:00,0.0
2019-08-04 20:00:00,0.0
2019-08-04 21:00:00,0.0
2019-08-04 22:00:00,0.0
2019-08-04 23:00:00,0.0
2019-08-05 00:00:00,0.0
2019-08-05 01:00:00,0.0
2019-08-05 02:00:00,0.0
2019-08-05 03:00:00,0.0
2019-08-05 04:00:00,0.0
2019-08-05 05:00:00,6.47
2019-08-05 06:00:00,75.57
2019-08-05 07:00:00,170.2
2019-08-05 08:00:00,306.83
2019-08-05 09:00:00,406.05
2019-08-05 10:00:00,506.12
2019-08-05 11:00:00,308.0
2019-08-05 12:00:00,270.98
2019-08-05 13:00:00,221.6
2019-08-05 14:00:00,136.5
2019-08-05 15:00:00,130.82
2019-08-05 16:00:00,74.55
2019-08-05 17:00:00,19.12
2019-08-05 18:00:00,0.0
2019-08-05 19:00:00,0.0
2019-08-05 20:00:00,0.0
2019-08-05 21:00:00,0.0
2019-08-05 22:00:00,0.0
2019-08-05 23:00:00,0.0
2019-08-06 00:00:00,0.0
2019-08-06 01:00:00,0.0
2019-08-06 02:00:00,0.0
2019-08-06 03:00:00,0.0
2019-08-06 04:00:00,0.0
2019-08-06 05:00:00,5.53
2019-08-06 06:00:00,95.65
2019-08-06 07:00:00,209.57
2019-08-06 08:00:00,337.42
2019-08-06 09:00:00,466.77
2019-08-06 10:00:00,559.75
2019-08-06 11:00:00,580.92
2019-08-06 12:00:00,612.25
2019-08-06 13:00:00,528.55
2019-08-06 14:00:00,268.88
2019-08-06 15:00:00,190.57
2019-08-06 16:00:00,90.38
2019-08-06 17:00:00,20.58
2019-08-06 18:00:00,0.0
2019-08-06 19:00:00,0.0
2019-08-06 20:00:00,0.0
2019-08-06 21:00:00,0.0
2019-08-06 22:00:00,0.0
2019-08-06 23:00:00,0.0
2019-08-07 00:00:00,0.0
2019-08-07 01:00:00,0.0
2019-08-07 02:00:00,0.0
2019-08-07 03:00:00,0.0
2019-08-07 04:00:00,0.0
2019-08-07 05:00:00,5.93
2019-08-07 06:00:00,81.68
2019-08-07 07:00:00,218.05
2019-08-07 08:00:00,298.52
2019-08-07 09:00:00,395.75
2019-08-07 10:00:00,467.58
2019-08-07 11:00:00,427.33
2019-08-07 12:00:00,357.4
2019-08-07 13:00:00,382.9
2019-08-07 14:00:00,254.2
2019-08-07 15:00:00,242.6
2019-08-07 16:00:00,95.07
2019-08-07 17:00:00,25.62
2019-08-07 18:00:00,0.0
2019-08-07 19:00:00,0.0
2019-08-07 20:00:00,0.0
2019-08-07 21:00:00,0.0
2019-08-07 22:00:00,0.0
2019-08-07 23:00:00,0.0
2019-08-08 00:00:00,0.0
2019-08-08 01:00:00,0.0
2019-08-08 02:00:00,0.0
2019-08-08 03:00:00,0.0
2019-08-08 04:00:00,0.0
2019-08-08 05:00:00,7.53
2019-08-08 06:00:00,112.0
2019-08-08 07:00:00,265.67
2019-08-08 08:00:00,445.95
2019-08-08 09:00:00,582.17
2019-08-08 10:00:00,739.05
2019-08-08 11:00:00,771.95
2019-08-08 12:00:00,660.8
2019-08-08 13:00:00,463.17
2019-08-08 14:00:00,459.67
2019-08-08 15:00:00,356.75
2019-08-08 16:00:00,172.52
2019-08-08 17:00:00,32.65
2019-08-08 18:00:00,0.0
2019-08-08 19:00:00,0.0
2019-08-08 20:00:00,0.0
2019-08-08 21:00:00,0.0
2019-08-08 22:00:00,0.0
2019-08-08 23:00:00,0.0
2019-08-09 00:00:00,0.0
2019-08-09 01:00:00,0.0
2019-08-09 02:00:00,0.0
2019-08-09 03:00:00,0.0
2019-08-09 04:00:00,0.0
2019-08-09 05:00:00,7.9
2019-08-09 06:00:00,115.88
2019-08-09 07:00:00,269.45
2019-08-09 08:00:00,459.0
2019-08-09 09:00:00,680.47
2019-08-09 10:00:00,775.22
2019-08-09 11:00:00,872.62
2019-08-09 12:00:00,830.65
2019-08-09 13:00:00,682.6
2019-08-09 14:00:00,579.67
2019-08-09 15:00:00,378.05
2019-08-09 16:00:00,194.2
2019-08-09 17:00:00,42.22
2019-08-09 18:00:00,0.0
2019-08-09 19:00:00,0.0
2019-08-09 20:00:00,0.0
2019-08-09 21:00:00,0.0
2019-08-09 22:00:00,0.0
2019-08-09 23:00:00,0.0
2019-08-10 00:00:00,0.0
2019-08-10 01:00:00,0.0
2019-08-10 02:00:00,0.0
2019-08-10 03:00:00,0.0
2019-08-10 04:00:00,0.0
2019-08-10 05:00:00,7.62
2019-08-10 06:00:00,104.68
2019-08-10 07:00:00,256.0
2019-08-10 08:00:00,463.8
2019-08-10 09:00:00,633.92
2019-08-10 10:00:00,796.35
2019-08-10 11:00:00,913.05
2019-08-10 12:00:00,839.8
2019-08-10 13:00:00,755.22
2019-08-10 14:00:00,553.05
2019-08-10 15:00:00,333.55
2019-08-10 16:00:00,167.75
2019-08-10 17:00:00,32.75
2019-08-10 18:00:00,0.0
2019-08-10 19:00:00,0.0
2019-08-10 20:00:00,0.0
2019-08-10 21:00:00,0.0
2019-08-10 22:00:00,0.0
2019-08-10 23:00:00,0.0
2019-08-11 00:00:00,0.0
2019-08-11 01:00:00,0.0
2019-08-11 02:00:00,0.0
2019-08-11 03:00:00,0.0
2019-08-11 04:00:00,0.0
2019-08-11 05:00:00,8.5
2019-08-11 06:00:00,109.43
2019-08-11 07:00:00,269.35
2019-08-11 08:00:00,469.95
2019-08-11 09:00:00,694.62
2019-08-11 10:00:00,856.08
2019-08-11 11:00:00,785.65
2019-08-11 12:00:00,860.83
2019-08-11 13:00:00,758.08
2019-08-11 14:00:00,584.83
2019-08-11 15:00:00,385.33
2019-08-11 16:00:00,168.32
2019-08-11 17:00:00,31.1
2019-08-11 18:00:00,0.0
2019-08-11 19:00:00,0.0
2019-08-11 20:00:00,0.0
2019-08-11 21:00:00,0.0
2019-08-11 22:00:00,0.0
2019-08-11 23:00:00,0.0
2019-08-12 00:00:00,0.0
2019-08-12 01:00:00,0.0
2019-08-12 02:00:00,0.0
2019-08-12 03:00:00,0.0
2019-08-12 04:00:00,0.0
2019-08-12 05:00:00,8.55
2019-08-12 06:00:00,100.35
2019-08-12 07:00:00,262.17
2019-08-12 08:00:00,428.1
2019-08-12 09:00:00,586.53
2019-08-12 10:00:00,675.85
2019-08-12 11:00:00,716.45
2019-08-12 12:00:00,703.03
2019-08-12 13:00:00,585.15
2019-08-12 14:00:00,449.95
2019-08-12 15:00:00,300.98
2019-08-12 16:00:00,146.02
2019-08-12 17:00:00,30.7
2019-08-12 18:00:00,0.0
2019-08-12 19:00:00,0.0
2019-08-12 20:00:00,0.0
2019-08-12 21:00:00,0.0
2019-08-12 22:00:00,0.0
2019-08-12 23:00:00,0.0
2019-08-13 00:00:00,0.0
2019-08-13 01:00:00,0.0
2019-08-13 02:00:00,0.0
2019-08-13 03:00:00,0.0
2019-08-13 04:00:00,0.0
2019-08-13 05:00:00,7.22
2019-08-13 06:00:00,101.55
2019-08-13 07:00:00,256.58
2019-08-13 08:00:00,425.65
2019-08-13 09:00:00,596.1
2019-08-13 10:00:00,637.45
2019-08-13 11:00:00,616.97
2019-08-13 12:00:00,598.65
2019-08-13 13:00:00,477.7
2019-08-13 14:00:00,348.5
2019-08-13 15:00:00,221.1
2019-08-13 16:00:00,104.18
2019-08-13 17:00:00,21.33
2019-08-13 18:00:00,0.0
2019-08-13 19:00:00,0.0
2019-08-13 20:00:00,0.0
2019-08-13 21:00:00,0.0
2019-08-13 22:00:00,0.0
2019-08-13 23:00:00,0.0
2019-08-14 00:00:00,0.0
2019-08-14 01:00:00,0.0
2019-08-14 02:00:00,0.0
2019-08-14 03:00:00,0.0
2019-08-14 04:00:00,0.0
2019-08-14 05:00:00,8.18
2019-08-14 06:00:00,114.3
2019-08-14 07:00:00,287.35
2019-08-14 08:00:00,469.4
2019-08-14 09:00:00,663.85
2019-08-14 10:00:00,791.8
2019-08-14 11:00:00,899.65
2019-08-14 12:00:00,851.88
2019-08-14 13:00:00,741.42
2019-08-14 14:00:00,544.38
2019-08-14 15:00:00,389.15
2019-08-14 16:00:00,190.62
2019-08-14 17:00:00,33.2
2019-08-14 18:00:00,0.0
2019-08-14 19:00:00,0.0
2019-08-14 20:00:00,0.0
2019-08-14 21:00:00,0.0
2019-08-14 22:00:00,0.0
2019-08-14 23:00:00,0.0
2019-08-15 00:00:00,0.0
2019-08-15 01:00:00,0.0
2019-08-15 02:00:00,0.0
2019-08-15 03:00:00,0.0
2019-08-15 04:00:00,0.0
2019-08-15 05:00:00,8.7
2019-08-15 06:00:00,127.12
2019-08-15 07:00:00,310.52
2019-08-15 08:00:00,503.0
2019-08-15 09:00:00,702.1
2019-08-15 10:00:00,845.03
2019-08-15 11:00:00,921.28
2019-08-15 12:00:00,797.08
2019-08-15 13:00:00,742.22
2019-08-15 14:00:00,526.88
2019-08-15 15:00:00,397.05
2019-08-15 16:00:00,198.02
2019-08-15 17:00:00,39.08
2019-08-15 18:00:00,0.0
2019-08-15 19:00:00,0.0
2019-08-15 20:00:00,0.0
2019-08-15 21:00:00,0.0
2019-08-15 22:00:00,0.0
2019-08-15 23:00:00,0.0
2019-08-16 00:00:00,0.0
2019-08-16 01:00:00,0.0
2019-08-16 02:00:00,0.0
2019-08-16 03:00:00,0.0
2019-08-16 04:00:00,0.0
2019-08-16 05:00:00,8.15
2019-08-16 06:00:00,92.43
2019-08-16 07:00:00,257.27
2019-08-16 08:00:00,432.65
2019-08-16 09:00:00,572.03
2019-08-16 10:00:00,668.42
2019-08-16 11:00:00,656.58
2019-08-16 12:00:00,741.35
2019-08-16 13:00:00,730.33
2019-08-16 14:00:00,581.58
2019-08-16 15:00:00,349.98
2019-08-16 16:00:00,182.62
2019-08-16 17:00:00,39.7
2019-08-16 18:00:00,0.0
2019-08-16 19:00:00,0.0
2019-08-16 20:00:00,0.0
2019-08-16 21:00:00,0.0
2019-08-16 22:00:00,0.0
2019-08-16 23:00:00,0.0
2019-08-17 00:00:00,0.0
2019-08-17 01:00:00,0.0
2019-08-17 02:00:00,0.0
2019-08-17 03:00:00,0.0
2019-08-17 04:00:00,0.0
2019-08-17 05:00:00,5.97
2019-08-17 06:00:00,96.05
2019-08-17 07:00:00,222.85
2019-08-17 08:00:00,354.3
2019-08-17 09:00:00,487.45
2019-08-17 10:00:00,645.88
2019-08-17 11:00:00,642.17
2019-08-17 12:00:00,638.55
2019-08-17 13:00:00,519.92
2019-08-17 14:00:00,476.95
2019-08-17 15:00:00,402.55
2019-08-17 16:00:00,193.02
2019-08-17 17:00:00,37.67
2019-08-17 18:00:00,0.0
2019-08-17 19:00:00,0.0
2019-08-17 20:00:00,0.0
2019-08-17 21:00:00,0.0
2019-08-17 22:00:00,0.0
2019-08-17 23:00:00,0.0
2019-08-18 00:00:00,0.0
2019-08-18 01:00:00,0.0
2019-08-18 02:00:00,0.0
2019-08-18 03:00:00,0.0
2019-08-18 04:00:00,0.0
2019-08-18 05:00:00,2.28
2019-08-18 06:00:00,40.22
2019-08-18 07:00:00,93.55
2019-08-18 08:00:00,115.47
2019-08-18 09:00:00,233.73
2019-08-18 10:00:00,313.1
2019-08-18 11:00:00,397.65
2019-08-18 12:00:00,516.9
2019-08-18 13:00:00,445.08
2019-08-18 14:00:00,492.95
2019-08-18 15:00:00,401.9
2019-08-18 16:00:00,191.38
2019-08-18 17:00:00,32.8
2019-08-18 18:00:00,0.0
2019-08-18 19:00:00,0.0
2019-08-18 20:00:00,0.0
2019-08-18 21:00:00,0.0
2019-08-18 22:00:00,0.0
2019-08-18 23:00:00,0.0
2019-08-19 00:00:00,0.0
2019-08-19 01:00:00,0.0
2019-08-19 02:00:00,0.0
2019-08-19 03:00:00,0.0
2019-08-19 04:00:00,0.0
2019-08-19 05:00:00,6.95
2019-08-19 06:00:00,112.65
2019-08-19 07:00:00,263.62
2019-08-19 08:00:00,516.5
2019-08-19 09:00:00,714.47
2019-08-19 10:00:00,850.33
2019-08-19 11:00:00,930.8
2019-08-19 12:00:00,892.88
2019-08-19 13:00:00,806.75
2019-08-19 14:00:00,647.17
2019-08-19 15:00:00,448.42
2019-08-19 16:00:00,227.48
2019-08-19 17:00:00,40.83
2019-08-19 18:00:00,0.0
2019-08-19 19:00:00,0.0
2019-08-19 20:00:00,0.0
2019-08-19 21:00:00,0.0
2019-08-19 22:00:00,0.0
2019-08-19 23:00:00,0.0
2019-08-20 00:00:00,0.0
2019-08-20 01:00:00,0.0
2019-08-20 02:00:00,0.0
2019-08-20 03:00:00,0.0
2019-08-20 04:00:00,0.0
2019-08-20 05:00:00,7.38
2019-08-20 06:00:00,123.97
2019-08-20 07:00:00,315.8
2019-08-20 08:00:00,517.8
2019-08-20 09:00:00,693.33
2019-08-20 10:00:00,862.03
2019-08-20 11:00:00,913.12
2019-08-20 12:00:00,820.08
2019-08-20 13:00:00,742.08
2019-08-20 14:00:00,589.42
2019-08-20 15:00:00,383.8
2019-08-20 16:00:00,185.88
2019-08-20 17:00:00,32.12
2019-08-20 18:00:00,0.0
2019-08-20 19:00:00,0.0
2019-08-20 20:00:00,0.0
2019-08-20 21:00:00,0.0
2019-08-20 22:00:00,0.0
2019-08-20 23:00:00,0.0
2019-08-21 00:00:00,0.0
2019-08-21 01:00:00,0.0
2019-08-21 02:00:00,0.0
2019-08-21 03:00:00,0.0
2019-08-21 04:00:00,0.0
2019-08-21 05:00:00,6.38
2019-08-21 06:00:00,84.0
2019-08-21 07:00:00,195.75
2019-08-21 08:00:00,351.42
2019-08-21 09:00:00,456.1
2019-08-21 10:00:00,543.38
2019-08-21 11:00:00,599.58
2019-08-21 12:00:00,624.85
2019-08-21 13:00:00,547.08
2019-08-21 14:00:00,438.45
2019-08-21 15:00:00,324.23
2019-08-21 16:00:00,151.9
2019-08-21 17:00:00,26.65
2019-08-21 18:00:00,0.0
2019-08-21 19:00:00,0.0
2019-08-21 20:00:00,0.0
2019-08-21 21:00:00,0.0
2019-08-21 22:00:00,0.0
2019-08-21 23:00:00,0.0
2019-08-22 00:00:00,0.0
2019-08-22 01:00:00,0.0
2019-08-22 02:00:00,0.0
2019-08-22 03:00:00,0.0
2019-08-22 04:00:00,0.0
2019-08-22 05:00:00,4.72
2019-08-22 06:00:00,71.8
2019-08-22 07:00:00,165.27
2019-08-22 08:00:00,261.38
2019-08-22 09:00:00,349.1
2019-08-22 10:00:00,406.62
2019-08-22 11:00:00,460.1
2019-08-22 12:00:00,422.48
2019-08-22 13:00:00,407.92
2019-08-22 14:00:00,344.42
2019-08-22 15:00:00,259.62
2019-08-22 16:00:00,119.03
2019-08-22 17:00:00,18.02
2019-08-22 18:00:00,0.0
2019-08-22 19:00:00,0.0
2019-08-22 20:00:00,0.0
2019-08-22 21:00:00,0.0
2019-08-22 22:00:00,0.0
2019-08-22 23:00:00,0.0
2019-08-23 00:00:00,0.0
2019-08-23 01:00:00,0.0
2019-08-23 02:00:00,0.0
2019-08-23 03:00:00,0.0
2019-08-23 04:00:00,0.0
2019-08-23 05:00:00,6.6
2019-08-23 06:00:00,107.03
2019-08-23 07:00:00,269.58
2019-08-23 08:00:00,455.85
2019-08-23 09:00:00,601.88
2019-08-23 10:00:00,722.17
2019-08-23 11:00:00,673.1
2019-08-23 12:00:00,634.25
2019-08-23 13:00:00,623.6
2019-08-23 14:00:00,516.2
2019-08-23 15:00:00,366.58
2019-08-23 16:00:00,173.27
2019-08-23 17:00:00,29.88
2019-08-23 18:00:00,0.0
2019-08-23 19:00:00,0.0
2019-08-23 20:00:00,0.0
2019-08-23 21:00:00,0.0
2019-08-23 22:00:00,0.0
2019-08-23 23:00:00,0.0
2019-08-24 00:00:00,0.0
2019-08-24 01:00:00,0.0
2019-08-24 02:00:00,0.0
2019-08-24 03:00:00,0.0
2019-08-24 04:00:00,0.0
2019-08-24 05:00:00,9.18
2019-08-24 06:00:00,120.57
2019-08-24 07:00:00,310.5
2019-08-24 08:00:00,506.75
2019-08-24 09:00:00,705.83
2019-08-24 10:00:00,807.45
2019-08-24 11:00:00,798.92
2019-08-24 12:00:00,765.15
2019-08-24 13:00:00,597.95
2019-08-24 14:00:00,511.4
2019-08-24 15:00:00,311.55
2019-08-24 16:00:00,146.3
2019-08-24 17:00:00,23.62
2019-08-24 18:00:00,0.0
2019-08-24 19:00:00,0.0
2019-08-24 20:00:00,0.0
2019-08-24 21:00:00,0.0
2019-08-24 22:00:00,0.0
2019-08-24 23:00:00,0.0
2019-08-25 00:00:00,0.0
2019-08-25 01:00:00,0.0
2019-08-25 02:00:00,0.0
2019-08-25 03:00:00,0.0
2019-08-25 04:00:00,0.0
2019-08-25 05:00:00,9.57
2019-08-25 06:00:00,146.07
2019-08-25 07:00:00,332.1
2019-08-25 08:00:00,529.3
2019-08-25 09:00:00,750.3
2019-08-25 10:00:00,885.88
2019-08-25 11:00:00,943.67
2019-08-25 12:00:00,855.85
2019-08-25 13:00:00,673.12
2019-08-25 14:00:00,554.85
2019-08-25 15:00:00,406.52
2019-08-25 16:00:00,196.55
2019-08-25 17:00:00,30.7
2019-08-25 18:00:00,0.0
2019-08-25 19:00:00,0.0
2019-08-25 20:00:00,0.0
2019-08-25 21:00:00,0.0
2019-08-25 22:00:00,0.0
2019-08-25 23:00:00,0.0
2019-08-26 00:00:00,0.0
2019-08-26 01:00:00,0.0
2019-08-26 02:00:00,0.0
2019-08-26 03:00:00,0.0
2019-08-26 04:00:00,0.0
2019-08-26 05:00:00,8.55
2019-08-26 06:00:00,119.9
2019-08-26 07:00:00,311.67
2019-08-26 08:00:00,517.45
2019-08-26 09:00:00,705.9
2019-08-26 10:00:00,820.5
2019-08-26 11:00:00,924.95
2019-08-26 12:00:00,911.6
2019-08-26 13:00:00,754.38
2019-08-26 14:00:00,534.55
2019-08-26 15:00:00,310.88
2019-08-26 16:00:00,144.85
2019-08-26 17:00:00,20.98
2019-08-26 18:00:00,0.0
2019-08-26 19:00:00,0.0
2019-08-26 20:00:00,0.0
2019-08-26 21:00:00,0.0
2019-08-26 22:00:00,0.0
2019-08-26 23:00:00,0.0
2019-08-27 00:00:00,0.0
2019-08-27 01:00:00,0.0
2019-08-27 02:00:00,0.0
2019-08-27 03:00:00,0.0
2019-08-27 04:00:00,0.0
2019-08-27 05:00:00,8.62
2019-08-27 06:00:00,135.12
2019-08-27 07:00:00,325.25
2019-08-27 08:00:00,552.75
2019-08-27 09:00:00,773.95
2019-08-27 10:00:00,889.55
2019-08-27 11:00:00,913.9
2019-08-27 12:00:00,802.15
2019-08-27 13:00:00,657.0
2019-08-27 14:00:00,509.02
2019-08-27 15:00:00,353.45
2019-08-27 16:00:00,168.38
2019-08-27 17:00:00,26.38
2019-08-27 18:00:00,0.0
2019-08-27 19:00:00,0.0
2019-08-27 20:00:00,0.0
2019-08-27 21:00:00,0.0
2019-08-27 22:00:00,0.0
2019-08-27 23:00:00,0.0
2019-08-28 00:00:00,0.0
2019-08-28 01:00:00,0.0
2019-08-28 02:00:00,0.0
2019-08-28 03:00:00,0.0
2019-08-28 04:00:00,0.0
2019-08-28 05:00:00,8.8
2019-08-28 06:00:00,101.0
2019-08-28 07:00:00,244.62
2019-08-28 08:00:00,383.7
2019-08-28 09:00:00,519.83
2019-08-28 10:00:00,543.72
2019-08-28 11:00:00,479.48
2019-08-28 12:00:00,398.33
2019-08-28 13:00:00,350.58
2019-08-28 14:00:00,303.27
2019-08-28 15:00:00,196.9
2019-08-28 16:00:00,91.45
2019-08-28 17:00:00,13.25
2019-08-28 18:00:00,0.0
2019-08-28 19:00:00,0.0
2019-08-28 20:00:00,0.0
2019-08-28 21:00:00,0.0
2019-08-28 22:00:00,0.0
2019-08-28 23:00:00,0.0
2019-08-29 00:00:00,0.0
2019-08-29 01:00:00,0.0
2019-08-29 02:00:00,0.0
2019-08-29 03:00:00,0.0
2019-08-29 04:00:00,0.0
2019-08-29 05:00:00,7.15
2019-08-29 06:00:00,132.35
2019-08-29 07:00:00,321.45
2019-08-29 08:00:00,534.58
2019-08-29 09:00:00,703.22
2019-08-29 10:00:00,901.25
2019-08-29 11:00:00,951.88
2019-08-29 12:00:00,905.08
2019-08-29 13:00:00,802.17
2019-08-29 14:00:00,580.05
2019-08-29 15:00:00,394.33
2019-08-29 16:00:00,200.57
2019-08-29 17:00:00,33.2
2019-08-29 18:00:00,0.0
2019-08-29 19:00:00,0.0
2019-08-29 20:00:00,0.0
2019-08-29 21:00:00,0.0
2019-08-29 22:00:00,0.0
2019-08-29 23:00:00,0.0
2019-08-30 00:00:00,0.0
2019-08-30 01:00:00,0.0
2019-08-30 02:00:00,0.0
2019-08-30 03:00:00,0.0
2019-08-30 04:00:00,0.0
2019-08-30 05:00:00,8.43
2019-08-30 06:00:00,101.1
2019-08-30 07:00:00,268.2
2019-08-30 08:00:00,427.1
2019-08-30 09:00:00,570.62
2019-08-30 10:00:00,736.25
2019-08-30 11:00:00,781.97
2019-08-30 12:00:00,652.17
2019-08-30 13:00:00,529.92
2019-08-30 14:00:00,354.85
2019-08-30 15:00:00,196.38
2019-08-30 16:00:00,99.55
2019-08-30 17:00:00,13.55
2019-08-30 18:00:00,0.0
2019-08-30 19:00:00,0.0
2019-08-30 20:00:00,0.0
2019-08-30 21:00:00,0.0
2019-08-30 22:00:00,0.0
2019-08-30 23:00:00,0.0
2019-08-31 00:00:00,0.0
2019-08-31 01:00:00,0.0
2019-08-31 02:00:00,0.0
2019-08-31 03:00:00,0.0
2019-08-31 04:00:00,0.0
2019-08-31 05:00:00,5.28
2019-08-31 06:00:00,56.85
2019-08-31 07:00:00,149.4
2019-08-31 08:00:00,226.57
2019-08-31 09:00:00,327.75
2019-08-31 10:00:00,439.85
2019-08-31 11:00:00,509.1
2019-08-31 12:00:00,384.6
2019-08-31 13:00:00,355.17
2019-08-31 14:00:00,267.12
2019-08-31 15:00:00,187.27
2019-08-31 16:00:00,81.43
2019-08-31 17:00:00,13.1
2019-08-31 18:00:00,0.0
2019-08-31 19:00:00,0.0
2019-08-31 20:00:00,0.0
2019-08-31 21:00:00,0.0
2019-08-31 22:00:00,0.0
2019-08-31 23:00:00,0.0
2019-09-01 00:00:00,0.0
2019-09-01 01:00:00,0.0
2019-09-01 02:00:00,0.0
2019-09-01 03:00:00,0.0
2019-09-01 04:00:00,0.0
2019-09-01 05:00:00,3.45
2019-09-01 06:00:00,64.8
2019-09-01 07:00:00,152.68
2019-09-01 08:00:00,265.67
2019-09-01 09:00:00,351.52
2019-09-01 10:00:00,506.25
2019-09-01 11:00:00,449.9
2019-09-01 12:00:00,368.65
2019-09-01 13:00:00,333.38
2019-09-01 14:00:00,236.73
2019-09-01 15:00:00,204.05
2019-09-01 16:00:00,105.07
2019-09-01 17:00:00,17.45
2019-09-01 18:00:00,0.0
2019-09-01 19:00:00,0.0
2019-09-01 20:00:00,0.0
2019-09-01 21:00:00,0.0
2019-09-01 22:00:00,0.0
2019-09-01 23:00:00,0.0
2019-09-02 00:00:00,0.0
2019-09-02 01:00:00,0.0
2019-09-02 02:00:00,0.0
2019-09-02 03:00:00,0.0
2019-09-02 04:00:00,0.0
2019-09-02 05:00:00,4.7
2019-09-02 06:00:00,59.9
2019-09-02 07:00:00,155.68
2019-09-02 08:00:00,263.88
2019-09-02 09:00:00,364.7
2019-09-02 10:00:00,446.67
2019-09-02 11:00:00,584.0
2019-09-02 12:00:00,612.08
2019-09-02 13:00:00,467.45
2019-09-02 14:00:00,353.55
2019-09-02 15:00:00,212.7
2019-09-02 16:00:00,87.82
2019-09-02 17:00:00,11.5
2019-09-02 18:00:00,0.0
2019-09-02 19:00:00,0.0
2019-09-02 20:00:00,0.0
2019-09-02 21:00:00,0.0
2019-09-02 22:00:00,0.0
2019-09-02 23:00:00,0.0
2019-09-03 00:00:00,0.0
2019-09-03 01:00:00,0.0
2019-09-03 02:00:00,0.0
2019-09-03 03:00:00,0.0
2019-09-03 04:00:00,0.0
2019-09-03 05:00:00,4.97
2019-09-03 06:00:00,71.0
2019-09-03 07:00:00,168.12
2019-09-03 08:00:00,292.33
2019-09-03 09:00:00,363.23
2019-09-03 10:00:00,553.47
2019-09-03 11:00:00,604.28
2019-09-03 12:00:00,553.22
2019-09-03 13:00:00,518.67
2019-09-03 14:00:00,403.88
2019-09-03 15:00:00,270.42
2019-09-03 16:00:00,105.65
2019-09-03 17:00:00,8.57
2019-09-03 18:00:00,0.0
2019-09-03 19:00:00,0.0
2019-09-03 20:00:00,0.0
2019-09-03 21:00:00,0.0
2019-09-03 22:00:00,0.0
2019-09-03 23:00:00,0.0
2019-09-04 00:00:00,0.0
2019-09-04 01:00:00,0.0
2019-09-04 02:00:00,0.0
2019-09-04 03:00:00,0.0
2019-09-04 04:00:00,0.0
2019-09-04 05:00:00,5.93
2019-09-04 06:00:00,75.68
2019-09-04 07:00:00,203.4
2019-09-04 08:00:00,346.83
2019-09-04 09:00:00,460.95
2019-09-04 10:00:00,434.88
2019-09-04 11:00:00,610.85
2019-09-04 12:00:00,636.8
2019-09-04 13:00:00,553.67
2019-09-04 14:00:00,385.1
2019-09-04 15:00:00,242.93
2019-09-04 16:00:00,116.62
2019-09-04 17:00:00,15.12
2019-09-04 18:00:00,0.0
2019-09-04 19:00:00,0.0
2019-09-04 20:00:00,0.0
2019-09-04 21:00:00,0.0
2019-09-04 22:00:00,0.0
2019-09-04 23:00:00,0.0
2019-09-05 00:00:00,0.0
2019-09-05 01:00:00,0.0
2019-09-05 02:00:00,0.0
2019-09-05 03:00:00,0.0
2019-09-05 04:00:00,0.0
2019-09-05 05:00:00,6.22
2019-09-05 06:00:00,105.72
2019-09-05 07:00:00,249.48
2019-09-05 08:00:00,433.88
2019-09-05 09:00:00,595.53
2019-09-05 10:00:00,820.2
2019-09-05 11:00:00,832.65
2019-09-05 12:00:00,821.45
2019-09-05 13:00:00,634.12
2019-09-05 14:00:00,454.4
2019-09-05 15:00:00,315.33
2019-09-05 16:00:00,137.0
2019-09-05 17:00:00,16.9
2019-09-05 18:00:00,0.0
2019-09-05 19:00:00,0.0
2019-09-05 20:00:00,0.0
2019-09-05 21:00:00,0.0
2019-09-05 22:00:00,0.0
2019-09-05 23:00:00,0.0
2019-09-06 00:00:00,0.0
2019-09-06 01:00:00,0.0
2019-09-06 02:00:00,0.0
2019-09-06 03:00:00,0.0
2019-09-06 04:00:00,0.0
2019-09-06 05:00:00,5.75
2019-09-06 06:00:00,98.82
2019-09-06 07:00:00,252.27
2019-09-06 08:00:00,427.5
2019-09-06 09:00:00,573.5
2019-09-06 10:00:00,658.95
2019-09-06 11:00:00,608.67
2019-09-06 12:00:00,527.08
2019-09-06 13:00:00,406.8
2019-09-06 14:00:00,346.67
2019-09-06 15:00:00,237.73
2019-09-06 16:00:00,102.2
2019-09-06 17:00:00,10.4
2019-09-06 18:00:00,0.0
2019-09-06 19:00:00,0.0
2019-09-06 20:00:00,0.0
2019-09-06 21:00:00,0.0
2019-09-06 22:00:00,0.0
2019-09-06 23:00:00,0.0
2019-09-07 00:00:00,0.0
2019-09-07 01:00:00,0.0
2019-09-07 02:00:00,0.0
2019-09-07 03:00:00,0.0
2019-09-07 04:00:00,0.0
2019-09-07 05:00:00,8.25
2019-09-07 06:00:00,106.32
2019-09-07 07:00:00,275.12
2019-09-07 08:00:00,427.9
2019-09-07 09:00:00,578.5
2019-09-07 10:00:00,646.05
2019-09-07 11:00:00,808.72
2019-09-07 12:00:00,787.47
2019-09-07 13:00:00,642.83
2019-09-07 14:00:00,480.35
2019-09-07 15:00:00,285.42
2019-09-07 16:00:00,121.8
2019-09-07 17:00:00,14.02
2019-09-07 18:00:00,0.0
2019-09-07 19:00:00,0.0
2019-09-07 20:00:00,0.0
2019-09-07 21:00:00,0.0
2019-09-07 22:00:00,0.0
2019-09-07 23:00:00,0.0
2019-09-08 00:00:00,0.0
2019-09-08 01:00:00,0.0
2019-09-08 02:00:00,0.0
2019-09-08 03:00:00,0.0
2019-09-08 04:00:00,0.0
2019-09-08 05:00:00,6.93
2019-09-08 06:00:00,125.45
2019-09-08 07:00:00,291.2
2019-09-08 08:00:00,464.77
2019-09-08 09:00:00,658.58
2019-09-08 10:00:00,873.95
2019-09-08 11:00:00,913.2
2019-09-08 12:00:00,837.15
2019-09-08 13:00:00,729.92
2019-09-08 14:00:00,532.2
2019-09-08 15:00:00,347.35
2019-09-08 16:00:00,147.07
2019-09-08 17:00:00,18.08
2019-09-08 18:00:00,0.0
2019-09-08 19:00:00,0.0
2019-09-08 20:00:00,0.0
2019-09-08 21:00:00,0.0
2019-09-08 22:00:00,0.0
2019-09-08 23:00:00,0.0
2019-09-09 00:00:00,0.0
2019-09-09 01:00:00,0.0
2019-09-09 02:00:00,0.0
2019-09-09 03:00:00,0.0
2019-09-09 04:00:00,0.0
2019-09-09 05:00:00,7.97
2019-09-09 06:00:00,106.4
2019-09-09 07:00:00,255.2
2019-09-09 08:00:00,421.52
2019-09-09 09:00:00,566.25
2019-09-09 10:00:00,691.42
2019-09-09 11:00:00,641.25
2019-09-09 12:00:00,693.8
2019-09-09 13:00:00,588.72
2019-09-09 14:00:00,425.65
2019-09-09 15:00:00,263.7
2019-09-09 16:00:00,115.88
2019-09-09 17:00:00,13.77
2019-09-09 18:00:00,0.0
2019-09-09 19:00:00,0.0
2019-09-09 20:00:00,0.0
2019-09-09 21:00:00,0.0
2019-09-09 22:00:00,0.0
2019-09-09 23:00:00,0.0
2019-09-10 00:00:00,0.0
2019-09-10 01:00:00,0.0
2019-09-10 02:00:00,0.0
2019-09-10 03:00:00,0.0
2019-09-10 04:00:00,0.0
2019-09-10 05:00:00,6.62
2019-09-10 06:00:00,108.43
2019-09-10 07:00:00,281.5
2019-09-10 08:00:00,505.38
2019-09-10 09:00:00,670.6
2019-09-10 10:00:00,763.7
2019-09-10 11:00:00,764.33
2019-09-10 12:00:00,792.15
2019-09-10 13:00:00,742.75
2019-09-10 14:00:00,620.35
2019-09-10 15:00:00,366.38
2019-09-10 16:00:00,181.1
2019-09-10 17:00:00,19.02
2019-09-10 18:00:00,0.0
2019-09-10 19:00:00,0.0
2019-09-10 20:00:00,0.0
2019-09-10 21:00:00,0.0
2019-09-10 22:00:00,0.0
2019-09-10 23:00:00,0.0
2019-09-11 00:00:00,0.0
2019-09-11 01:00:00,0.0
2019-09-11 02:00:00,0.0
2019-09-11 03:00:00,0.0
2019-09-11 04:00:00,0.0
2019-09-11 05:00:00,1.8
2019-09-11 06:00:00,53.47
2019-09-11 07:00:00,144.23
2019-09-11 08:00:00,266.25
2019-09-11 09:00:00,366.35
2019-09-11 10:00:00,331.0
2019-09-11 11:00:00,491.48
2019-09-11 12:00:00,505.12
2019-09-11 13:00:00,432.85
2019-09-11 14:00:00,378.0
2019-09-11 15:00:00,233.07
2019-09-11 16:00:00,102.75
2019-09-11 17:00:00,12.68
2019-09-11 18:00:00,0.0
2019-09-11 19:00:00,0.0
2019-09-11 20:00:00,0.0
2019-09-11 21:00:00,0.0
2019-09-11 22:00:00,0.0
2019-09-11 23:00:00,0.0
2019-09-12 00:00:00,0.0
2019-09-12 01:00:00,0.0
2019-09-12 02:00:00,0.0
2019-09-12 03:00:00,0.0
2019-09-12 04:00:00,0.0
2019-09-12 05:00:00,3.88
2019-09-12 06:00:00,114.35
2019-09-12 07:00:00,249.73
2019-09-12 08:00:00,378.17
2019-09-12 09:00:00,549.58
2019-09-12 10:00:00,692.58
2019-09-12 11:00:00,814.83
2019-09-12 12:00:00,757.95
2019-09-12 13:00:00,633.6
2019-09-12 14:00:00,485.88
2019-09-12 15:00:00,308.05
2019-09-12 16:00:00,128.93
2019-09-12 17:00:00,14.18
2019-09-12 18:00:00,0.0
2019-09-12 19:00:00,0.0
2019-09-12 20:00:00,0.0
2019-09-12 21:00:00,0.0
2019-09-12 22:00:00,0.0
2019-09-12 23:00:00,0.0
2019-09-13 00:00:00,0.0
2019-09-13 01:00:00,0.0
2019-09-13 02:00:00,0.0
2019-09-13 03:00:00,0.0
2019-09-13 04:00:00,0.0
2019-09-13 05:00:00,7.72
2019-09-13 06:00:00,118.62
2019-09-13 07:00:00,301.08
2019-09-13 08:00:00,468.58
2019-09-13 09:00:00,698.6
2019-09-13 10:00:00,824.0
2019-09-13 11:00:00,863.15
2019-09-13 12:00:00,891.83
2019-09-13 13:00:00,758.67
2019-09-13 14:00:00,590.97
2019-09-13 15:00:00,389.45
2019-09-13 16:00:00,171.18
2019-09-13 17:00:00,17.2
2019-09-13 18:00:00,0.0
2019-09-13 19:00:00,0.0
2019-09-13 20:00:00,0.0
2019-09-13 21:00:00,0.0
2019-09-13 22:00:00,0.0
2019-09-13 23:00:00,0.0
2019-09-14 00:00:00,0.0
2019-09-14 01:00:00,0.0
2019-09-14 02:00:00,0.0
2019-09-14 03:00:00,0.0
2019-09-14 04:00:00,0.0
2019-09-14 05:00:00,7.03
2019-09-14 06:00:00,139.05
2019-09-14 07:00:00,338.0
2019-09-14 08:00:00,548.17
2019-09-14 09:00:00,734.2
2019-09-14 10:00:00,868.83
2019-09-14 11:00:00,749.4
2019-09-14 12:00:00,874.1
2019-09-14 13:00:00,770.3
2019-09-14 14:00:00,610.97
2019-09-14 15:00:00,391.1
2019-09-14 16:00:00,174.52
2019-09-14 17:00:00,17.25
2019-09-14 18:00:00,0.0
2019-09-14 19:00:00,0.0
2019-09-14 20:00:00,0.0
2019-09-14 21:00:00,0.0
2019-09-14 22:00:00,0.0
2019-09-14 23:00:00,0.0
2019-09-15 00:00:00,0.0
2019-09-15 01:00:00,0.0
2019-09-15 02:00:00,0.0
2019-09-15 03:00:00,0.0
2019-09-15 04:00:00,0.0
2019-09-15 05:00:00,7.05
2019-09-15 06:00:00,97.6
2019-09-15 07:00:00,275.2
2019-09-15 08:00:00,486.35
2019-09-15 09:00:00,701.92
2019-09-15 10:00:00,865.8
2019-09-15 11:00:00,926.33
2019-09-15 12:00:00,873.45
2019-09-15 13:00:00,765.65
2019-09-15 14:00:00,545.28
2019-09-15 15:00:00,346.6
2019-09-15 16:00:00,148.05
2019-09-15 17:00:00,14.68
2019-09-15 18:00:00,0.0
2019-09-15 19:00:00,0.0
2019-09-15 20:00:00,0.0
2019-09-15 21:00:00,0.0
2019-09-15 22:00:00,0.0
2019-09-15 23:00:00,0.0
2019-09-16 00:00:00,0.0
2019-09-16 01:00:00,0.0
2019-09-16 02:00:00,0.0
2019-09-16 03:00:00,0.0
2019-09-16 04:00:00,0.0
2019-09-16 05:00:00,6.82
2019-09-16 06:00:00,104.82
2019-09-16 07:00:00,287.8
2019-09-16 08:00:00,468.8
2019-09-16 09:00:00,568.3
2019-09-16 10:00:00,738.67
2019-09-16 11:00:00,791.72
2019-09-16 12:00:00,789.88
2019-09-16 13:00:00,675.45
2019-09-16 14:00:00,553.17
2019-09-16 15:00:00,326.9
2019-09-16 16:00:00,148.0
2019-09-16 17:00:00,14.7
2019-09-16 18:00:00,0.0
2019-09-16 19:00:00,0.0
2019-09-16 20:00:00,0.0
2019-09-16 21:00:00,0.0
2019-09-16 22:00:00,0.0
2019-09-16 23:00:00,0.0
2019-09-17 00:00:00,0.0
2019-09-17 01:00:00,0.0
2019-09-17 02:00:00,0.0
2019-09-17 03:00:00,0.0
2019-09-17 04:00:00,0.0
2019-09-17 05:00:00,2.45
2019-09-17 06:00:00,42.08
2019-09-17 07:00:00,113.45
2019-09-17 08:00:00,231.23
2019-09-17 09:00:00,351.0
2019-09-17 10:00:00,404.3
2019-09-17 11:00:00,448.5
2019-09-17 12:00:00,480.7
2019-09-17 13:00:00,416.62
2019-09-17 14:00:00,357.8
2019-09-17 15:00:00,214.0
2019-09-17 16:00:00,96.82
2019-09-17 17:00:00,10.07
2019-09-17 18:00:00,0.0
2019-09-17 19:00:00,0.0
2019-09-17 20:00:00,0.0
2019-09-17 21:00:00,0.0
2019-09-17 22:00:00,0.0
2019-09-17 23:00:00,0.0
2019-09-18 00:00:00,0.0
2019-09-18 01:00:00,0.0
2019-09-18 02:00:00,0.0
2019-09-18 03:00:00,0.0
2019-09-18 04:00:00,0.0
2019-09-18 05:00:00,4.78
2019-09-18 06:00:00,65.07
2019-09-18 07:00:00,180.27
2019-09-18 08:00:00,333.75
2019-09-18 09:00:00,458.05
2019-09-18 10:00:00,517.62
2019-09-18 11:00:00,524.12
2019-09-18 12:00:00,559.75
2019-09-18 13:00:00,430.73
2019-09-18 14:00:00,301.08
2019-09-18 15:00:00,185.05
2019-09-18 16:00:00,98.1
2019-09-18 17:00:00,9.48
2019-09-18 18:00:00,0.0
2019-09-18 19:00:00,0.0
2019-09-18 20:00:00,0.0
2019-09-18 21:00:00,0.0
2019-09-18 22:00:00,0.0
2019-09-18 23:00:00,0.0
2019-09-19 00:00:00,0.0
2019-09-19 01:00:00,0.0
2019-09-19 02:00:00,0.0
2019-09-19 03:00:00,0.0
2019-09-19 04:00:00,0.0
2019-09-19 05:00:00,1.92
2019-09-19 06:00:00,27.42
2019-09-19 07:00:00,65.1
2019-09-19 08:00:00,115.03
2019-09-19 09:00:00,137.25
2019-09-19 10:00:00,288.65
2019-09-19 11:00:00,344.27
2019-09-19 12:00:00,309.0
2019-09-19 13:00:00,421.1
2019-09-19 14:00:00,376.33
2019-09-19 15:00:00,219.95
2019-09-19 16:00:00,97.82
2019-09-19 17:00:00,10.75
2019-09-19 18:00:00,0.0
2019-09-19 19:00:00,0.0
2019-09-19 20:00:00,0.0
2019-09-19 21:00:00,0.0
2019-09-19 22:00:00,0.0
2019-09-19 23:00:00,0.0
2019-09-20 00:00:00,0.0
2019-09-20 01:00:00,0.0
2019-09-20 02:00:00,0.0
2019-09-20 03:00:00,0.0
2019-09-20 04:00:00,0.0
2019-09-20 05:00:00,6.3
2019-09-20 06:00:00,80.22
2019-09-20 07:00:00,189.12
2019-09-20 08:00:00,264.27
2019-09-20 09:00:00,433.55
2019-09-20 10:00:00,487.58
2019-09-20 11:00:00,615.47
2019-09-20 12:00:00,688.78
2019-09-20 13:00:00,606.12
2019-09-20 14:00:00,510.4
2019-09-20 15:00:00,331.25
2019-09-20 16:00:00,147.18
2019-09-20 17:00:00,13.0
2019-09-20 18:00:00,0.0
2019-09-20 19:00:00,0.0
2019-09-20 20:00:00,0.0
2019-09-20 21:00:00,0.0
2019-09-20 22:00:00,0.0
2019-09-20 23:00:00,0.0
2019-09-21 00:00:00,0.0
2019-09-21 01:00:00,0.0
2019-09-21 02:00:00,0.0
2019-09-21 03:00:00,0.0
2019-09-21 04:00:00,0.0
2019-09-21 05:00:00,8.48
2019-09-21 06:00:00,107.03
2019-09-21 07:00:00,258.35
2019-09-21 08:00:00,463.88
2019-09-21 09:00:00,555.22
2019-09-21 10:00:00,752.9
2019-09-21 11:00:00,850.05
2019-09-21 12:00:00,785.5
2019-09-21 13:00:00,679.1
2019-09-21 14:00:00,454.1
2019-09-21 15:00:00,299.08
2019-09-21 16:00:00,124.9
2019-09-21 17:00:00,10.07
2019-09-21 18:00:00,0.0
2019-09-21 19:00:00,0.0
2019-09-21 20:00:00,0.0
2019-09-21 21:00:00,0.0
2019-09-21 22:00:00,0.0
2019-09-21 23:00:00,0.0
2019-09-22 00:00:00,0.0
2019-09-22 01:00:00,0.0
2019-09-22 02:00:00,0.0
2019-09-22 03:00:00,0.0
2019-09-22 04:00:00,0.0
2019-09-22 05:00:00,6.38
2019-09-22 06:00:00,93.97
2019-09-22 07:00:00,266.35
2019-09-22 08:00:00,442.3
2019-09-22 09:00:00,654.58
2019-09-22 10:00:00,702.47
2019-09-22 11:00:00,810.75
2019-09-22 12:00:00,808.65
2019-09-22 13:00:00,656.88
2019-09-22 14:00:00,566.38
2019-09-22 15:00:00,356.27
2019-09-22 16:00:00,142.95
2019-09-22 17:00:00,10.43
2019-09-22 18:00:00,0.0
2019-09-22 19:00:00,0.0
2019-09-22 20:00:00,0.0
2019-09-22 21:00:00,0.0
2019-09-22 22:00:00,0.0
2019-09-22 23:00:00,0.0
2019-09-23 00:00:00,0.0
2019-09-23 01:00:00,0.0
2019-09-23 02:00:00,0.0
2019-09-23 03:00:00,0.0
2019-09-23 04:00:00,0.0
2019-09-23 05:00:00,9.3
2019-09-23 06:00:00,136.48
2019-09-23 07:00:00,341.7
2019-09-23 08:00:00,555.72
2019-09-23 09:00:00,711.97
2019-09-23 10:00:00,842.8
2019-09-23 11:00:00,867.35
2019-09-23 12:00:00,794.08
2019-09-23 13:00:00,725.42
2019-09-23 14:00:00,570.78
2019-09-23 15:00:00,368.17
2019-09-23 16:00:00,153.6
2019-09-23 17:00:00,10.98
2019-09-23 18:00:00,0.0
2019-09-23 19:00:00,0.0
2019-09-23 20:00:00,0.0
2019-09-23 21:00:00,0.0
2019-09-23 22:00:00,0.0
2019-09-23 23:00:00,0.0
2019-09-24 00:00:00,0.0
2019-09-24 01:00:00,0.0
2019-09-24 02:00:00,0.0
2019-09-24 03:00:00,0.0
2019-09-24 04:00:00,0.0
2019-09-24 05:00:00,4.65
2019-09-24 06:00:00,55.38
2019-09-24 07:00:00,124.12
2019-09-24 08:00:00,243.62
2019-09-24 09:00:00,307.95
2019-09-24 10:00:00,346.33
2019-09-24 11:00:00,558.85
2019-09-24 12:00:00,660.8
2019-09-24 13:00:00,648.85
2019-09-24 14:00:00,439.45
2019-09-24 15:00:00,264.27
2019-09-24 16:00:00,105.45
2019-09-24 17:00:00,7.1
2019-09-24 18:00:00,0.0
2019-09-24 19:00:00,0.0
2019-09-24 20:00:00,0.0
2019-09-24 21:00:00,0.0
2019-09-24 22:00:00,0.0
2019-09-24 23:00:00,0.0
2019-09-25 00:00:00,0.0
2019-09-25 01:00:00,0.0
2019-09-25 02:00:00,0.0
2019-09-25 03:00:00,0.0
2019-09-25 04:00:00,0.0
2019-09-25 05:00:00,7.05
2019-09-25 06:00:00,87.05
2019-09-25 07:00:00,197.82
2019-09-25 08:00:00,336.77
2019-09-25 09:00:00,594.92
2019-09-25 10:00:00,637.2
2019-09-25 11:00:00,576.97
2019-09-25 12:00:00,497.3
2019-09-25 13:00:00,420.65
2019-09-25 14:00:00,347.1
2019-09-25 15:00:00,186.43
2019-09-25 16:00:00,65.75
2019-09-25 17:00:00,6.47
2019-09-25 18:00:00,0.0
2019-09-25 19:00:00,0.0
2019-09-25 20:00:00,0.0
2019-09-25 21:00:00,0.0
2019-09-25 22:00:00,0.0
2019-09-25 23:00:00,0.0
2019-09-26 00:00:00,0.0
2019-09-26 01:00:00,0.0
2019-09-26 02:00:00,0.0
2019-09-26 03:00:00,0.0
2019-09-26 04:00:00,0.0
2019-09-26 05:00:00,6.97
2019-09-26 06:00:00,100.22
2019-09-26 07:00:00,270.33
2019-09-26 08:00:00,437.55
2019-09-26 09:00:00,648.12
2019-09-26 10:00:00,745.08
2019-09-26 11:00:00,786.42
2019-09-26 12:00:00,792.42
2019-09-26 13:00:00,695.0
2019-09-26 14:00:00,508.6
2019-09-26 15:00:00,317.52
2019-09-26 16:00:00,128.23
2019-09-26 17:00:00,8.73
2019-09-26 18:00:00,0.0
2019-09-26 19:00:00,0.0
2019-09-26 20:00:00,0.0
2019-09-26 21:00:00,0.0
2019-09-26 22:00:00,0.0
2019-09-26 23:00:00,0.0
2019-09-27 00:00:00,0.0
2019-09-27 01:00:00,0.0
2019-09-27 02:00:00,0.0
2019-09-27 03:00:00,0.0
2019-09-27 04:00:00,0.0
2019-09-27 05:00:00,10.05
2019-09-27 06:00:00,151.02
2019-09-27 07:00:00,373.0
2019-09-27 08:00:00,583.0
2019-09-27 09:00:00,773.85
2019-09-27 10:00:00,826.2
2019-09-27 11:00:00,944.1
2019-09-27 12:00:00,881.35
2019-09-27 13:00:00,727.72
2019-09-27 14:00:00,583.7
2019-09-27 15:00:00,387.23
2019-09-27 16:00:00,158.7
2019-09-27 17:00:00,9.43
2019-09-27 18:00:00,0.0
2019-09-27 19:00:00,0.0
2019-09-27 20:00:00,0.0
2019-09-27 21:00:00,0.0
2019-09-27 22:00:00,0.0
2019-09-27 23:00:00,0.0
2019-09-28 00:00:00,0.0
2019-09-28 01:00:00,0.0
2019-09-28 02:00:00,0.0
2019-09-28 03:00:00,0.0
2019-09-28 04:00:00,0.0
2019-09-28 05:00:00,9.5
2019-09-28 06:00:00,136.55
2019-09-28 07:00:00,330.17
2019-09-28 08:00:00,541.9
2019-09-28 09:00:00,724.8
2019-09-28 10:00:00,817.03
2019-09-28 11:00:00,858.53
2019-09-28 12:00:00,748.67
2019-09-28 13:00:00,709.97
2019-09-28 14:00:00,559.55
2019-09-28 15:00:00,344.48
2019-09-28 16:00:00,130.93
2019-09-28 17:00:00,7.8
2019-09-28 18:00:00,0.0
2019-09-28 19:00:00,0.0
2019-09-28 20:00:00,0.0
2019-09-28 21:00:00,0.0
2019-09-28 22:00:00,0.0
2019-09-28 23:00:00,0.0
2019-09-29 00:00:00,0.0
2019-09-29 01:00:00,0.0
2019-09-29 02:00:00,0.0
2019-09-29 03:00:00,0.0
2019-09-29 04:00:00,0.0
2019-09-29 05:00:00,8.68
2019-09-29 06:00:00,123.57
2019-09-29 07:00:00,315.8
2019-09-29 08:00:00,531.08
2019-09-29 09:00:00,714.45
2019-09-29 10:00:00,859.9
2019-09-29 11:00:00,850.47
2019-09-29 12:00:00,806.33
2019-09-29 13:00:00,619.8
2019-09-29 14:00:00,459.92
2019-09-29 15:00:00,284.85
2019-09-29 16:00:00,109.2
2019-09-29 17:00:00,6.95
2019-09-29 18:00:00,0.0
2019-09-29 19:00:00,0.0
2019-09-29 20:00:00,0.0
2019-09-29 21:00:00,0.0
2019-09-29 22:00:00,0.0
2019-09-29 23:00:00,0.0
2019-09-30 00:00:00,0.0
2019-09-30 01:00:00,0.0
2019-09-30 02:00:00,0.0
2019-09-30 03:00:00,0.0
2019-09-30 04:00:00,0.0
2019-09-30 05:00:00,9.45
2019-09-30 06:00:00,131.52
2019-09-30 07:00:00,284.73
2019-09-30 08:00:00,553.08
2019-09-30 09:00:00,774.2
2019-09-30 10:00:00,758.25
2019-09-30 11:00:00,900.25
2019-09-30 12:00:00,829.72
2019-09-30 13:00:00,755.35
2019-09-30 14:00:00,602.75
2019-09-30 15:00:00,376.4
2019-09-30 16:00:00,155.45
2019-09-30 17:00:00,7.47
2019-09-30 18:00:00,0.0
2019-09-30 19:00:00,0.0
2019-09-30 20:00:00,0.0
2019-09-30 21:00:00,0.0
2019-09-30 22:00:00,0.0
2019-09-30 23:00:00,0.0
2019-10-01 00:00:00,0.0
2019-10-01 01:00:00,0.0
2019-10-01 02:00:00,0.0
2019-10-01 03:00:00,0.0
2019-10-01 04:00:00,0.0
2019-10-01 05:00:00,10.5
2019-10-01 06:00:00,162.68
2019-10-01 07:00:00,393.25
2019-10-01 08:00:00,605.03
2019-10-01 09:00:00,601.42
2019-10-01 10:00:00,849.92
2019-10-01 11:00:00,805.62
2019-10-01 12:00:00,743.58
2019-10-01 13:00:00,781.7
2019-10-01 14:00:00,444.35
2019-10-01 15:00:00,366.4
2019-10-01 16:00:00,131.5
2019-10-01 17:00:00,7.65
2019-10-01 18:00:00,0.0
2019-10-01 19:00:00,0.0
2019-10-01 20:00:00,0.0
2019-10-01 21:00:00,0.0
2019-10-01 22:00:00,0.0
2019-10-01 23:00:00,0.0
2019-10-02 00:00:00,0.0
2019-10-02 01:00:00,0.0
2019-10-02 02:00:00,0.0
2019-10-02 03:00:00,0.0
2019-10-02 04:00:00,0.0
2019-10-02 05:00:00,10.68
2019-10-02 06:00:00,166.62
2019-10-02 07:00:00,396.73
2019-10-02 08:00:00,614.25
2019-10-02 09:00:00,666.6
2019-10-02 10:00:00,830.95
2019-10-02 11:00:00,738.65
2019-10-02 12:00:00,805.72
2019-10-02 13:00:00,656.7
2019-10-02 14:00:00,527.45
2019-10-02 15:00:00,348.45
2019-10-02 16:00:00,126.05
2019-10-02 17:00:00,6.53
2019-10-02 18:00:00,0.0
2019-10-02 19:00:00,0.0
2019-10-02 20:00:00,0.0
2019-10-02 21:00:00,0.0
2019-10-02 22:00:00,0.0
2019-10-02 23:00:00,0.0
2019-10-03 00:00:00,0.0
2019-10-03 01:00:00,0.0
2019-10-03 02:00:00,0.0
2019-10-03 03:00:00,0.0
2019-10-03 04:00:00,0.0
2019-10-03 05:00:00,10.6
2019-10-03 06:00:00,164.18
2019-10-03 07:00:00,393.58
2019-10-03 08:00:00,606.35
2019-10-03 09:00:00,548.72
2019-10-03 10:00:00,868.65
2019-10-03 11:00:00,791.77
2019-10-03 12:00:00,896.17
2019-10-03 13:00:00,764.3
2019-10-03 14:00:00,480.2
2019-10-03 15:00:00,382.95
2019-10-03 16:00:00,152.05
2019-10-03 17:00:00,6.65
2019-10-03 18:00:00,0.0
2019-10-03 19:00:00,0.0
2019-10-03 20:00:00,0.0
2019-10-03 21:00:00,0.0
2019-10-03 22:00:00,0.0
2019-10-03 23:00:00,0.0
2019-10-04 00:00:00,0.0
2019-10-04 01:00:00,0.0
2019-10-04 02:00:00,0.0
2019-10-04 03:00:00,0.0
2019-10-04 04:00:00,0.0
2019-10-04 05:00:00,9.25
2019-10-04 06:00:00,144.45
2019-10-04 07:00:00,350.23
2019-10-04 08:00:00,589.72
2019-10-04 09:00:00,779.12
2019-10-04 10:00:00,815.92
2019-10-04 11:00:00,932.12
2019-10-04 12:00:00,877.88
2019-10-04 13:00:00,661.92
2019-10-04 14:00:00,577.65
2019-10-04 15:00:00,370.45
2019-10-04 16:00:00,137.7
2019-10-04 17:00:00,5.8
2019-10-04 18:00:00,0.0
2019-10-04 19:00:00,0.0
2019-10-04 20:00:00,0.0
2019-10-04 21:00:00,0.0
2019-10-04 22:00:00,0.0
2019-10-04 23:00:00,0.0
2019-10-05 00:00:00,0.0
2019-10-05 01:00:00,0.0
2019-10-05 02:00:00,0.0
2019-10-05 03:00:00,0.0
2019-10-05 04:00:00,0.0
2019-10-05 05:00:00,9.95
2019-10-05 06:00:00,155.57
2019-10-05 07:00:00,376.2
2019-10-05 08:00:00,604.05
2019-10-05 09:00:00,754.03
2019-10-05 10:00:00,865.53
2019-10-05 11:00:00,905.95
2019-10-05 12:00:00,794.25
2019-10-05 13:00:00,724.55
2019-10-05 14:00:00,551.05
2019-10-05 15:00:00,345.33
2019-10-05 16:00:00,132.8
2019-10-05 17:00:00,5.65
2019-10-05 18:00:00,0.0
2019-10-05 19:00:00,0.0
2019-10-05 20:00:00,0.0
2019-10-05 21:00:00,0.0
2019-10-05 22:00:00,0.0
2019-10-05 23:00:00,0.0
2019-10-06 00:00:00,0.0
2019-10-06 01:00:00,0.0
2019-10-06 02:00:00,0.0
2019-10-06 03:00:00,0.0
2019-10-06 04:00:00,0.0
2019-10-06 05:00:00,10.27
2019-10-06 06:00:00,164.48
2019-10-06 07:00:00,386.17
2019-10-06 08:00:00,580.67
2019-10-06 09:00:00,751.05
2019-10-06 10:00:00,842.97
2019-10-06 11:00:00,915.9
2019-10-06 12:00:00,866.25
2019-10-06 13:00:00,736.7
2019-10-06 14:00:00,587.88
2019-10-06 15:00:00,362.0
2019-10-06 16:00:00,140.68
2019-10-06 17:00:00,5.32
2019-10-06 18:00:00,0.0
2019-10-06 19:00:00,0.0
2019-10-06 20:00:00,0.0
2019-10-06 21:00:00,0.0
2019-10-06 22:00:00,0.0
2019-10-06 23:00:00,0.0
2019-10-07 00:00:00,0.0
2019-10-07 01:00:00,0.0
2019-10-07 02:00:00,0.0
2019-10-07 03:00:00,0.0
2019-10-07 04:00:00,0.0
2019-10-07 05:00:00,11.02
2019-10-07 06:00:00,134.6
2019-10-07 07:00:00,288.7
2019-10-07 08:00:00,442.97
2019-10-07 09:00:00,772.95
2019-10-07 10:00:00,748.72
2019-10-07 11:00:00,906.58
2019-10-07 12:00:00,875.8
2019-10-07 13:00:00,729.4
2019-10-07 14:00:00,586.47
2019-10-07 15:00:00,354.12
2019-10-07 16:00:00,137.9
2019-10-07 17:00:00,4.97
2019-10-07 18:00:00,0.0
2019-10-07 19:00:00,0.0
2019-10-07 20:00:00,0.0
2019-10-07 21:00:00,0.0
2019-10-07 22:00:00,0.0
2019-10-07 23:00:00,0.0
2019-10-08 00:00:00,0.0
2019-10-08 01:00:00,0.0
2019-10-08 02:00:00,0.0
2019-10-08 03:00:00,0.0
2019-10-08 04:00:00,0.0
2019-10-08 05:00:00,10.12
2019-10-08 06:00:00,161.75
2019-10-08 07:00:00,283.7
2019-10-08 08:00:00,391.65
2019-10-08 09:00:00,608.35
2019-10-08 10:00:00,869.62
2019-10-08 11:00:00,890.28
2019-10-08 12:00:00,816.58
2019-10-08 13:00:00,689.85
2019-10-08 14:00:00,540.92
2019-10-08 15:00:00,320.3
2019-10-08 16:00:00,115.68
2019-10-08 17:00:00,4.4
2019-10-08 18:00:00,0.0
2019-10-08 19:00:00,0.0
2019-10-08 20:00:00,0.0
2019-10-08 21:00:00,0.0
2019-10-08 22:00:00,0.0
2019-10-08 23:00:00,0.0
2019-10-09 00:00:00,0.0
2019-10-09 01:00:00,0.0
2019-10-09 02:00:00,0.0
2019-10-09 03:00:00,0.0
2019-10-09 04:00:00,0.0
2019-10-09 05:00:00,8.55
2019-10-09 06:00:00,127.05
2019-10-09 07:00:00,302.73
2019-10-09 08:00:00,513.97
2019-10-09 09:00:00,650.72
2019-10-09 10:00:00,782.38
2019-10-09 11:00:00,822.3
2019-10-09 12:00:00,784.97
2019-10-09 13:00:00,700.38
2019-10-09 14:00:00,542.83
2019-10-09 15:00:00,332.02
2019-10-09 16:00:00,119.82
2019-10-09 17:00:00,4.25
2019-10-09 18:00:00,0.0
2019-10-09 19:00:00,0.0
2019-10-09 20:00:00,0.0
2019-10-09 21:00:00,0.0
2019-10-09 22:00:00,0.0
2019-10-09 23:00:00,0.0
2019-10-10 00:00:00,0.0
2019-10-10 01:00:00,0.0
2019-10-10 02:00:00,0.0
2019-10-10 03:00:00,0.0
2019-10-10 04:00:00,0.0
2019-10-10 05:00:00,8.7
2019-10-10 06:00:00,134.45
2019-10-10 07:00:00,324.85
2019-10-10 08:00:00,544.55
2019-10-10 09:00:00,738.47
2019-10-10 10:00:00,832.33
2019-10-10 11:00:00,849.47
2019-10-10 12:00:00,795.4
2019-10-10 13:00:00,707.47
2019-10-10 14:00:00,504.17
2019-10-10 15:00:00,311.48
2019-10-10 16:00:00,109.65
2019-10-10 17:00:00,3.72
2019-10-10 18:00:00,0.0
2019-10-10 19:00:00,0.0
2019-10-10 20:00:00,0.0
2019-10-10 21:00:00,0.0
2019-10-10 22:00:00,0.0
2019-10-10 23:00:00,0.0
2019-10-11 00:00:00,0.0
2019-10-11 01:00:00,0.0
2019-10-11 02:00:00,0.0
2019-10-11 03:00:00,0.0
2019-10-11 04:00:00,0.0
2019-10-11 05:00:00,9.48
2019-10-11 06:00:00,158.12
2019-10-11 07:00:00,387.52
2019-10-11 08:00:00,477.1
2019-10-11 09:00:00,773.15
2019-10-11 10:00:00,836.67
2019-10-11 11:00:00,905.78
2019-10-11 12:00:00,851.42
2019-10-11 13:00:00,752.2
2019-10-11 14:00:00,486.83
2019-10-11 15:00:00,366.6
2019-10-11 16:00:00,129.57
2019-10-11 17:00:00,3.78
2019-10-11 18:00:00,0.0
2019-10-11 19:00:00,0.0
2019-10-11 20:00:00,0.0
2019-10-11 21:00:00,0.0
2019-10-11 22:00:00,0.0
2019-10-11 23:00:00,0.0
2019-10-12 00:00:00,0.0
2019-10-12 01:00:00,0.0
2019-10-12 02:00:00,0.0
2019-10-12 03:00:00,0.0
2019-10-12 04:00:00,0.0
2019-10-12 05:00:00,10.98
2019-10-12 06:00:00,176.45
2019-10-12 07:00:00,394.05
2019-10-12 08:00:00,615.22
2019-10-12 09:00:00,696.42
2019-10-12 10:00:00,889.03
2019-10-12 11:00:00,915.03
2019-10-12 12:00:00,831.97
2019-10-12 13:00:00,744.78
2019-10-12 14:00:00,572.85
2019-10-12 15:00:00,356.05
2019-10-12 16:00:00,130.12
2019-10-12 17:00:00,3.8
2019-10-12 18:00:00,0.0
2019-10-12 19:00:00,0.0
2019-10-12 20:00:00,0.0
2019-10-12 21:00:00,0.0
2019-10-12 22:00:00,0.0
2019-10-12 23:00:00,0.0
2019-10-13 00:00:00,0.0
2019-10-13 01:00:00,0.0
2019-10-13 02:00:00,0.0
2019-10-13 03:00:00,0.0
2019-10-13 04:00:00,0.0
2019-10-13 05:00:00,10.45
2019-10-13 06:00:00,163.9
2019-10-13 07:00:00,376.55
2019-10-13 08:00:00,589.92
2019-10-13 09:00:00,746.42
2019-10-13 10:00:00,853.62
2019-10-13 11:00:00,887.58
2019-10-13 12:00:00,837.17
2019-10-13 13:00:00,725.97
2019-10-13 14:00:00,465.55
2019-10-13 15:00:00,360.48
2019-10-13 16:00:00,132.15
2019-10-13 17:00:00,0.0
2019-10-13 18:00:00,0.0
2019-10-13 19:00:00,0.0
2019-10-13 20:00:00,0.0
2019-10-13 21:00:00,0.0
2019-10-13 22:00:00,0.0
2019-10-13 23:00:00,0.0
2019-10-14 00:00:00,0.0
2019-10-14 01:00:00,0.0
2019-10-14 02:00:00,0.0
2019-10-14 03:00:00,0.0
2019-10-14 04:00:00,0.0
2019-10-14 05:00:00,10.2
2019-10-14 06:00:00,159.35
2019-10-14 07:00:00,370.75
2019-10-14 08:00:00,587.25
2019-10-14 09:00:00,699.78
2019-10-14 10:00:00,859.53
2019-10-14 11:00:00,884.25
2019-10-14 12:00:00,749.65
2019-10-14 13:00:00,631.8
2019-10-14 14:00:00,483.25
2019-10-14 15:00:00,350.88
2019-10-14 16:00:00,127.32
2019-10-14 17:00:00,0.0
2019-10-14 18:00:00,0.0
2019-10-14 19:00:00,0.0
2019-10-14 20:00:00,0.0
2019-10-14 21:00:00,0.0
2019-10-14 22:00:00,0.0
2019-10-14 23:00:00,0.0
2019-10-15 00:00:00,0.0
2019-10-15 01:00:00,0.0
2019-10-15 02:00:00,0.0
2019-10-15 03:00:00,0.0
2019-10-15 04:00:00,0.0
2019-10-15 05:00:00,7.78
2019-10-15 06:00:00,121.35
2019-10-15 07:00:00,311.77
2019-10-15 08:00:00,504.73
2019-10-15 09:00:00,635.62
2019-10-15 10:00:00,746.62
2019-10-15 11:00:00,763.08
2019-10-15 12:00:00,731.5
2019-10-15 13:00:00,624.35
2019-10-15 14:00:00,450.92
2019-10-15 15:00:00,260.12
2019-10-15 16:00:00,90.95
2019-10-15 17:00:00,0.0
2019-10-15 18:00:00,0.0
2019-10-15 19:00:00,0.0
2019-10-15 20:00:00,0.0
2019-10-15 21:00:00,0.0
2019-10-15 22:00:00,0.0
2019-10-15 23:00:00,0.0
2019-10-16 00:00:00,0.0
2019-10-16 01:00:00,0.0
2019-10-16 02:00:00,0.0
2019-10-16 03:00:00,0.0
2019-10-16 04:00:00,0.0
2019-10-16 05:00:00,3.95
2019-10-16 06:00:00,62.45
2019-10-16 07:00:00,132.32
2019-10-16 08:00:00,243.12
2019-10-16 09:00:00,324.98
2019-10-16 10:00:00,276.1
2019-10-16 11:00:00,402.92
2019-10-16 12:00:00,579.15
2019-10-16 13:00:00,415.27
2019-10-16 14:00:00,343.0
2019-10-16 15:00:00,198.02
2019-10-16 16:00:00,70.45
2019-10-16 17:00:00,0.0
2019-10-16 18:00:00,0.0
2019-10-16 19:00:00,0.0
2019-10-16 20:00:00,0.0
2019-10-16 21:00:00,0.0
2019-10-16 22:00:00,0.0
2019-10-16 23:00:00,0.0
2019-10-17 00:00:00,0.0
2019-10-17 01:00:00,0.0
2019-10-17 02:00:00,0.0
2019-10-17 03:00:00,0.0
2019-10-17 04:00:00,0.0
2019-10-17 05:00:00,1.85
2019-10-17 06:00:00,21.83
2019-10-17 07:00:00,49.12
2019-10-17 08:00:00,60.85
2019-10-17 09:00:00,81.82
2019-10-17 10:00:00,96.65
2019-10-17 11:00:00,169.7
2019-10-17 12:00:00,279.1
2019-10-17 13:00:00,278.42
2019-10-17 14:00:00,290.67
2019-10-17 15:00:00,161.45
2019-10-17 16:00:00,60.65
2019-10-17 17:00:00,0.0
2019-10-17 18:00:00,0.0
2019-10-17 19:00:00,0.0
2019-10-17 20:00:00,0.0
2019-10-17 21:00:00,0.0
2019-10-17 22:00:00,0.0
2019-10-17 23:00:00,0.0
2019-10-18 00:00:00,0.0
2019-10-18 01:00:00,0.0
2019-10-18 02:00:00,0.0
2019-10-18 03:00:00,0.0
2019-10-18 04:00:00,0.0
2019-10-18 05:00:00,6.15
2019-10-18 06:00:00,99.82
2019-10-18 07:00:00,223.75
2019-10-18 08:00:00,359.62
2019-10-18 09:00:00,507.15
2019-10-18 10:00:00,669.58
2019-10-18 11:00:00,717.47
2019-10-18 12:00:00,757.53
2019-10-18 13:00:00,569.3
2019-10-18 14:00:00,438.02
2019-10-18 15:00:00,259.48
2019-10-18 16:00:00,91.7
2019-10-18 17:00:00,0.0
2019-10-18 18:00:00,0.0
2019-10-18 19:00:00,0.0
2019-10-18 20:00:00,0.0
2019-10-18 21:00:00,0.0
2019-10-18 22:00:00,0.0
2019-10-18 23:00:00,0.0
2019-10-19 00:00:00,0.0
2019-10-19 01:00:00,0.0
2019-10-19 02:00:00,0.0
2019-10-19 03:00:00,0.0
2019-10-19 04:00:00,0.0
2019-10-19 05:00:00,5.45
2019-10-19 06:00:00,114.1
2019-10-19 07:00:00,286.45
2019-10-19 08:00:00,481.8
2019-10-19 09:00:00,603.6
2019-10-19 10:00:00,693.62
2019-10-19 11:00:00,613.42
2019-10-19 12:00:00,517.92
2019-10-19 13:00:00,411.08
2019-10-19 14:00:00,334.88
2019-10-19 15:00:00,184.02
2019-10-19 16:00:00,68.45
2019-10-19 17:00:00,0.0
2019-10-19 18:00:00,0.0
2019-10-19 19:00:00,0.0
2019-10-19 20:00:00,0.0
2019-10-19 21:00:00,0.0
2019-10-19 22:00:00,0.0
2019-10-19 23:00:00,0.0
2019-10-20 00:00:00,0.0
2019-10-20 01:00:00,0.0
2019-10-20 02:00:00,0.0
2019-10-20 03:00:00,0.0
2019-10-20 04:00:00,0.0
2019-10-20 05:00:00,6.05
2019-10-20 06:00:00,79.03
2019-10-20 07:00:00,196.12
2019-10-20 08:00:00,278.6
2019-10-20 09:00:00,213.52
2019-10-20 10:00:00,257.98
2019-10-20 11:00:00,390.48
2019-10-20 12:00:00,556.8
2019-10-20 13:00:00,509.17
2019-10-20 14:00:00,264.73
2019-10-20 15:00:00,163.9
2019-10-20 16:00:00,58.67
2019-10-20 17:00:00,0.0
2019-10-20 18:00:00,0.0
2019-10-20 19:00:00,0.0
2019-10-20 20:00:00,0.0
2019-10-20 21:00:00,0.0
2019-10-20 22:00:00,0.0
2019-10-20 23:00:00,0.0
2019-10-21 00:00:00,0.0
2019-10-21 01:00:00,0.0
2019-10-21 02:00:00,0.0
2019-10-21 03:00:00,0.0
2019-10-21 04:00:00,0.0
2019-10-21 05:00:00,3.92
2019-10-21 06:00:00,53.5
2019-10-21 07:00:00,124.07
2019-10-21 08:00:00,182.12
2019-10-21 09:00:00,220.38
2019-10-21 10:00:00,349.08
2019-10-21 11:00:00,368.25
2019-10-21 12:00:00,285.5
2019-10-21 13:00:00,263.27
2019-10-21 14:00:00,223.45
2019-10-21 15:00:00,125.62
2019-10-21 16:00:00,48.6
2019-10-21 17:00:00,0.0
2019-10-21 18:00:00,0.0
2019-10-21 19:00:00,0.0
2019-10-21 20:00:00,0.0
2019-10-21 21:00:00,0.0
2019-10-21 22:00:00,0.0
2019-10-21 23:00:00,0.0
2019-10-22 00:00:00,0.0
2019-10-22 01:00:00,0.0
2019-10-22 02:00:00,0.0
2019-10-22 03:00:00,0.0
2019-10-22 04:00:00,0.0
2019-10-22 05:00:00,0.98
2019-10-22 06:00:00,13.07
2019-10-22 07:00:00,31.2
2019-10-22 08:00:00,50.55
2019-10-22 09:00:00,107.6
2019-10-22 10:00:00,224.55
2019-10-22 11:00:00,270.4
2019-10-22 12:00:00,354.33
2019-10-22 13:00:00,319.95
2019-10-22 14:00:00,242.93
2019-10-22 15:00:00,122.35
2019-10-22 16:00:00,40.35
2019-10-22 17:00:00,0.0
2019-10-22 18:00:00,0.0
2019-10-22 19:00:00,0.0
2019-10-22 20:00:00,0.0
2019-10-22 21:00:00,0.0
2019-10-22 22:00:00,0.0
2019-10-22 23:00:00,0.0
2019-10-23 00:00:00,0.0
2019-10-23 01:00:00,0.0
2019-10-23 02:00:00,0.0
2019-10-23 03:00:00,0.0
2019-10-23 04:00:00,0.0
2019-10-23 05:00:00,5.47
2019-10-23 06:00:00,102.43
2019-10-23 07:00:00,253.55
2019-10-23 08:00:00,425.3
2019-10-23 09:00:00,510.92
2019-10-23 10:00:00,507.08
2019-10-23 11:00:00,579.95
2019-10-23 12:00:00,597.12
2019-10-23 13:00:00,505.02
2019-10-23 14:00:00,394.55
2019-10-23 15:00:00,215.15
2019-10-23 16:00:00,62.38
2019-10-23 17:00:00,0.0
2019-10-23 18:00:00,0.0
2019-10-23 19:00:00,0.0
2019-10-23 20:00:00,0.0
2019-10-23 21:00:00,0.0
2019-10-23 22:00:00,0.0
2019-10-23 23:00:00,0.0
2019-10-24 00:00:00,0.0
2019-10-24 01:00:00,0.0
2019-10-24 02:00:00,0.0
2019-10-24 03:00:00,0.0
2019-10-24 04:00:00,0.0
2019-10-24 05:00:00,2.45
2019-10-24 06:00:00,61.65
2019-10-24 07:00:00,165.85
2019-10-24 08:00:00,301.27
2019-10-24 09:00:00,455.98
2019-10-24 10:00:00,424.15
2019-10-24 11:00:00,413.6
2019-10-24 12:00:00,432.67
2019-10-24 13:00:00,378.0
2019-10-24 14:00:00,292.58
2019-10-24 15:00:00,158.8
2019-10-24 16:00:00,50.7
2019-10-24 17:00:00,0.0
2019-10-24 18:00:00,0.0
2019-10-24 19:00:00,0.0
2019-10-24 20:00:00,0.0
2019-10-24 21:00:00,0.0
2019-10-24 22:00:00,0.0
2019-10-24 23:00:00,0.0
2019-10-25 00:00:00,0.0
2019-10-25 01:00:00,0.0
2019-10-25 02:00:00,0.0
2019-10-25 03:00:00,0.0
2019-10-25 04:00:00,0.0
2019-10-25 05:00:00,3.38
2019-10-25 06:00:00,53.1
2019-10-25 07:00:00,143.0
2019-10-25 08:00:00,231.1
2019-10-25 09:00:00,401.02
2019-10-25 10:00:00,401.1
2019-10-25 11:00:00,417.92
2019-10-25 12:00:00,288.42
2019-10-25 13:00:00,346.88
2019-10-25 14:00:00,258.05
2019-10-25 15:00:00,143.3
2019-10-25 16:00:00,43.1
2019-10-25 17:00:00,0.0
2019-10-25 18:00:00,0.0
2019-10-25 19:00:00,0.0
2019-10-25 20:00:00,0.0
2019-10-25 21:00:00,0.0
2019-10-25 22:00:00,0.0
2019-10-25 23:00:00,0.0
2019-10-26 00:00:00,0.0
2019-10-26 01:00:00,0.0
2019-10-26 02:00:00,0.0
2019-10-26 03:00:00,0.0
2019-10-26 04:00:00,0.0
2019-10-26 05:00:00,5.1
2019-10-26 06:00:00,68.5
2019-10-26 07:00:00,183.02
2019-10-26 08:00:00,317.42
2019-10-26 09:00:00,371.27
2019-10-26 10:00:00,461.9
2019-10-26 11:00:00,598.58
2019-10-26 12:00:00,565.3
2019-10-26 13:00:00,513.25
2019-10-26 14:00:00,483.25
2019-10-26 15:00:00,272.83
2019-10-26 16:00:00,79.5
2019-10-26 17:00:00,0.0
2019-10-26 18:00:00,0.0
2019-10-26 19:00:00,0.0
2019-10-26 20:00:00,0.0
2019-10-26 21:00:00,0.0
2019-10-26 22:00:00,0.0
2019-10-26 23:00:00,0.0
2019-10-27 00:00:00,0.0
2019-10-27 01:00:00,0.0
2019-10-27 02:00:00,0.0
2019-10-27 03:00:00,0.0
2019-10-27 04:00:00,0.0
2019-10-27 05:00:00,6.2
2019-10-27 06:00:00,121.2
2019-10-27 07:00:00,324.88
2019-10-27 08:00:00,537.47
2019-10-27 09:00:00,695.45
2019-10-27 10:00:00,785.75
2019-10-27 11:00:00,846.58
2019-10-27 12:00:00,790.88
2019-10-27 13:00:00,682.25
2019-10-27 14:00:00,377.98
2019-10-27 15:00:00,202.95
2019-10-27 16:00:00,52.38
2019-10-27 17:00:00,0.0
2019-10-27 18:00:00,0.0
2019-10-27 19:00:00,0.0
2019-10-27 20:00:00,0.0
2019-10-27 21:00:00,0.0
2019-10-27 22:00:00,0.0
2019-10-27 23:00:00,0.0
2019-10-28 00:00:00,0.0
2019-10-28 01:00:00,0.0
2019-10-28 02:00:00,0.0
2019-10-28 03:00:00,0.0
2019-10-28 04:00:00,0.0
2019-10-28 05:00:00,7.38
2019-10-28 06:00:00,127.25
2019-10-28 07:00:00,324.12
2019-10-28 08:00:00,516.12
2019-10-28 09:00:00,648.03
2019-10-28 10:00:00,746.67
2019-10-28 11:00:00,772.72
2019-10-28 12:00:00,726.75
2019-10-28 13:00:00,660.67
2019-10-28 14:00:00,476.7
2019-10-28 15:00:00,281.33
2019-10-28 16:00:00,93.5
2019-10-28 17:00:00,0.0
2019-10-28 18:00:00,0.0
2019-10-28 19:00:00,0.0
2019-10-28 20:00:00,0.0
2019-10-28 21:00:00,0.0
2019-10-28 22:00:00,0.0
2019-10-28 23:00:00,0.0
2019-10-29 00:00:00,0.0
2019-10-29 01:00:00,0.0
2019-10-29 02:00:00,0.0
2019-10-29 03:00:00,0.0
2019-10-29 04:00:00,0.0
2019-10-29 05:00:00,5.4
2019-10-29 06:00:00,87.97
2019-10-29 07:00:00,201.0
2019-10-29 08:00:00,333.0
2019-10-29 09:00:00,464.98
2019-10-29 10:00:00,627.03
2019-10-29 11:00:00,681.75
2019-10-29 12:00:00,633.83
2019-10-29 13:00:00,571.45
2019-10-29 14:00:00,474.67
2019-10-29 15:00:00,256.8
2019-10-29 16:00:00,71.15
2019-10-29 17:00:00,0.0
2019-10-29 18:00:00,0.0
2019-10-29 19:00:00,0.0
2019-10-29 20:00:00,0.0
2019-10-29 21:00:00,0.0
2019-10-29 22:00:00,0.0
2019-10-29 23:00:00,0.0
2019-10-30 00:00:00,0.0
2019-10-30 01:00:00,0.0
2019-10-30 02:00:00,0.0
2019-10-30 03:00:00,0.0
2019-10-30 04:00:00,0.0
2019-10-30 05:00:00,2.2
2019-10-30 06:00:00,33.6
2019-10-30 07:00:00,92.55
2019-10-30 08:00:00,178.4
2019-10-30 09:00:00,243.48
2019-10-30 10:00:00,240.7
2019-10-30 11:00:00,182.15
2019-10-30 12:00:00,169.32
2019-10-30 13:00:00,205.32
2019-10-30 14:00:00,242.55
2019-10-30 15:00:00,107.0
2019-10-30 16:00:00,34.4
2019-10-30 17:00:00,0.0
2019-10-30 18:00:00,0.0
2019-10-30 19:00:00,0.0
2019-10-30 20:00:00,0.0
2019-10-30 21:00:00,0.0
2019-10-30 22:00:00,0.0
2019-10-30 23:00:00,0.0
2019-10-31 00:00:00,0.0
2019-10-31 01:00:00,0.0
2019-10-31 02:00:00,0.0
2019-10-31 03:00:00,0.0
2019-10-31 04:00:00,0.0
2019-10-31 05:00:00,6.05
2019-10-31 06:00:00,114.28
2019-10-31 07:00:00,310.0
2019-10-31 08:00:00,481.73
2019-10-31 09:00:00,611.53
2019-10-31 10:00:00,594.0
2019-10-31 11:00:00,493.77
2019-10-31 12:00:00,382.45
2019-10-31 13:00:00,389.25
2019-10-31 14:00:00,299.6
2019-10-31 15:00:00,171.85
2019-10-31 16:00:00,55.67
2019-10-31 17:00:00,0.0
2019-10-31 18:00:00,0.0
2019-10-31 19:00:00,0.0
2019-10-31 20:00:00,0.0
2019-10-31 21:00:00,0.0
2019-10-31 22:00:00,0.0
2019-10-31 23:00:00,0.0
2019-11-01 00:00:00,0.0
2019-11-01 01:00:00,0.0
2019-11-01 02:00:00,0.0
2019-11-01 03:00:00,0.0
2019-11-01 04:00:00,0.0
2019-11-01 05:00:00,6.93
2019-11-01 06:00:00,137.25
2019-11-01 07:00:00,359.17
2019-11-01 08:00:00,565.8
2019-11-01 09:00:00,728.95
2019-11-01 10:00:00,803.92
2019-11-01 11:00:00,836.78
2019-11-01 12:00:00,733.05
2019-11-01 13:00:00,697.45
2019-11-01 14:00:00,531.0
2019-11-01 15:00:00,297.58
2019-11-01 16:00:00,89.0
2019-11-01 17:00:00,0.0
2019-11-01 18:00:00,0.0
2019-11-01 19:00:00,0.0
2019-11-01 20:00:00,0.0
2019-11-01 21:00:00,0.0
2019-11-01 22:00:00,0.0
2019-11-01 23:00:00,0.0
2019-11-02 00:00:00,0.0
2019-11-02 01:00:00,0.0
2019-11-02 02:00:00,0.0
2019-11-02 03:00:00,0.0
2019-11-02 04:00:00,0.0
2019-11-02 05:00:00,6.25
2019-11-02 06:00:00,124.53
2019-11-02 07:00:00,323.48
2019-11-02 08:00:00,527.35
2019-11-02 09:00:00,659.62
2019-11-02 10:00:00,753.08
2019-11-02 11:00:00,780.62
2019-11-02 12:00:00,748.45
2019-11-02 13:00:00,636.62
2019-11-02 14:00:00,486.35
2019-11-02 15:00:00,277.73
2019-11-02 16:00:00,68.0
2019-11-02 17:00:00,0.0
2019-11-02 18:00:00,0.0
2019-11-02 19:00:00,0.0
2019-11-02 20:00:00,0.0
2019-11-02 21:00:00,0.0
2019-11-02 22:00:00,0.0
2019-11-02 23:00:00,0.0
2019-11-03 00:00:00,0.0
2019-11-03 01:00:00,0.0
2019-11-03 02:00:00,0.0
2019-11-03 03:00:00,0.0
2019-11-03 04:00:00,0.0
2019-11-03 05:00:00,5.62
2019-11-03 06:00:00,111.38
2019-11-03 07:00:00,297.7
2019-11-03 08:00:00,478.77
2019-11-03 09:00:00,648.28
2019-11-03 10:00:00,722.1
2019-11-03 11:00:00,770.2
2019-11-03 12:00:00,687.67
2019-11-03 13:00:00,615.25
2019-11-03 14:00:00,438.35
2019-11-03 15:00:00,241.73
2019-11-03 16:00:00,49.97
2019-11-03 17:00:00,0.0
2019-11-03 18:00:00,0.0
2019-11-03 19:00:00,0.0
2019-11-03 20:00:00,0.0
2019-11-03 21:00:00,0.0
2019-11-03 22:00:00,0.0
2019-11-03 23:00:00,0.0
2019-11-04 00:00:00,0.0
2019-11-04 01:00:00,0.0
2019-11-04 02:00:00,0.0
2019-11-04 03:00:00,0.0
2019-11-04 04:00:00,0.0
2019-11-04 05:00:00,5.5
2019-11-04 06:00:00,106.3
2019-11-04 07:00:00,286.77
2019-11-04 08:00:00,465.55
2019-11-04 09:00:00,663.78
2019-11-04 10:00:00,771.42
2019-11-04 11:00:00,728.15
2019-11-04 12:00:00,692.1
2019-11-04 13:00:00,624.0
2019-11-04 14:00:00,444.2
2019-11-04 15:00:00,243.07
2019-11-04 16:00:00,51.67
2019-11-04 17:00:00,0.0
2019-11-04 18:00:00,0.0
2019-11-04 19:00:00,0.0
2019-11-04 20:00:00,0.0
2019-11-04 21:00:00,0.0
2019-11-04 22:00:00,0.0
2019-11-04 23:00:00,0.0
2019-11-05 00:00:00,0.0
2019-11-05 01:00:00,0.0
2019-11-05 02:00:00,0.0
2019-11-05 03:00:00,0.0
2019-11-05 04:00:00,0.0
2019-11-05 05:00:00,5.18
2019-11-05 06:00:00,110.5
2019-11-05 07:00:00,311.9
2019-11-05 08:00:00,513.08
2019-11-05 09:00:00,683.33
2019-11-05 10:00:00,773.5
2019-11-05 11:00:00,716.47
2019-11-05 12:00:00,739.22
2019-11-05 13:00:00,616.2
2019-11-05 14:00:00,442.1
2019-11-05 15:00:00,238.43
2019-11-05 16:00:00,59.83
2019-11-05 17:00:00,0.0
2019-11-05 18:00:00,0.0
2019-11-05 19:00:00,0.0
2019-11-05 20:00:00,0.0
2019-11-05 21:00:00,0.0
2019-11-05 22:00:00,0.0
2019-11-05 23:00:00,0.0
2019-11-06 00:00:00,0.0
2019-11-06 01:00:00,0.0
2019-11-06 02:00:00,0.0
2019-11-06 03:00:00,0.0
2019-11-06 04:00:00,0.0
2019-11-06 05:00:00,4.22
2019-11-06 06:00:00,82.2
2019-11-06 07:00:00,242.07
2019-11-06 08:00:00,412.15
2019-11-06 09:00:00,611.7
2019-11-06 10:00:00,629.35
2019-11-06 11:00:00,724.6
2019-11-06 12:00:00,652.47
2019-11-06 13:00:00,555.08
2019-11-06 14:00:00,397.65
2019-11-06 15:00:00,206.52
2019-11-06 16:00:00,51.2
2019-11-06 17:00:00,0.0
2019-11-06 18:00:00,0.0
2019-11-06 19:00:00,0.0
2019-11-06 20:00:00,0.0
2019-11-06 21:00:00,0.0
2019-11-06 22:00:00,0.0
2019-11-06 23:00:00,0.0
2019-11-07 00:00:00,0.0
2019-11-07 01:00:00,0.0
2019-11-07 02:00:00,0.0
2019-11-07 03:00:00,0.0
2019-11-07 04:00:00,0.0
2019-11-07 05:00:00,4.18
2019-11-07 06:00:00,77.78
2019-11-07 07:00:00,215.73
2019-11-07 08:00:00,360.17
2019-11-07 09:00:00,492.12
2019-11-07 10:00:00,589.53
2019-11-07 11:00:00,643.85
2019-11-07 12:00:00,624.1
2019-11-07 13:00:00,497.25
2019-11-07 14:00:00,336.5
2019-11-07 15:00:00,172.25
2019-11-07 16:00:00,45.15
2019-11-07 17:00:00,0.0
2019-11-07 18:00:00,0.0
2019-11-07 19:00:00,0.0
2019-11-07 20:00:00,0.0
2019-11-07 21:00:00,0.0
2019-11-07 22:00:00,0.0
2019-11-07 23:00:00,0.0
2019-11-08 00:00:00,0.0
2019-11-08 01:00:00,0.0
2019-11-08 02:00:00,0.0
2019-11-08 03:00:00,0.0
2019-11-08 04:00:00,0.0
2019-11-08 05:00:00,3.67
2019-11-08 06:00:00,73.0
2019-11-08 07:00:00,206.45
2019-11-08 08:00:00,363.67
2019-11-08 09:00:00,530.75
2019-11-08 10:00:00,632.9
2019-11-08 11:00:00,690.03
2019-11-08 12:00:00,506.27
2019-11-08 13:00:00,536.2
2019-11-08 14:00:00,373.17
2019-11-08 15:00:00,192.8
2019-11-08 16:00:00,47.62
2019-11-08 17:00:00,0.0
2019-11-08 18:00:00,0.0
2019-11-08 19:00:00,0.0
2019-11-08 20:00:00,0.0
2019-11-08 21:00:00,0.0
2019-11-08 22:00:00,0.0
2019-11-08 23:00:00,0.0
2019-11-09 00:00:00,0.0
2019-11-09 01:00:00,0.0
2019-11-09 02:00:00,0.0
2019-11-09 03:00:00,0.0
2019-11-09 04:00:00,0.0
2019-11-09 05:00:00,3.72
2019-11-09 06:00:00,74.65
2019-11-09 07:00:00,208.82
2019-11-09 08:00:00,352.08
2019-11-09 09:00:00,500.83
2019-11-09 10:00:00,637.0
2019-11-09 11:00:00,726.0
2019-11-09 12:00:00,695.47
2019-11-09 13:00:00,575.25
2019-11-09 14:00:00,456.95
2019-11-09 15:00:00,244.07
2019-11-09 16:00:00,60.72
2019-11-09 17:00:00,0.0
2019-11-09 18:00:00,0.0
2019-11-09 19:00:00,0.0
2019-11-09 20:00:00,0.0
2019-11-09 21:00:00,0.0
2019-11-09 22:00:00,0.0
2019-11-09 23:00:00,0.0
2019-11-10 00:00:00,0.0
2019-11-10 01:00:00,0.0
2019-11-10 02:00:00,0.0
2019-11-10 03:00:00,0.0
2019-11-10 04:00:00,0.0
2019-11-10 05:00:00,4.57
2019-11-10 06:00:00,107.62
2019-11-10 07:00:00,283.7
2019-11-10 08:00:00,462.1
2019-11-10 09:00:00,648.17
2019-11-10 10:00:00,779.22
2019-11-10 11:00:00,561.62
2019-11-10 12:00:00,623.62
2019-11-10 13:00:00,594.45
2019-11-10 14:00:00,447.23
2019-11-10 15:00:00,250.45
2019-11-10 16:00:00,57.3
2019-11-10 17:00:00,0.0
2019-11-10 18:00:00,0.0
2019-11-10 19:00:00,0.0
2019-11-10 20:00:00,0.0
2019-11-10 21:00:00,0.0
2019-11-10 22:00:00,0.0
2019-11-10 23:00:00,0.0
2019-11-11 00:00:00,0.0
2019-11-11 01:00:00,0.0
2019-11-11 02:00:00,0.0
2019-11-11 03:00:00,0.0
2019-11-11 04:00:00,0.0
2019-11-11 05:00:00,4.68
2019-11-11 06:00:00,121.85
2019-11-11 07:00:00,339.77
2019-11-11 08:00:00,551.33
2019-11-11 09:00:00,713.17
2019-11-11 10:00:00,788.17
2019-11-11 11:00:00,842.47
2019-11-11 12:00:00,783.55
2019-11-11 13:00:00,625.92
2019-11-11 14:00:00,447.02
2019-11-11 15:00:00,263.12
2019-11-11 16:00:00,62.1
2019-11-11 17:00:00,0.0
2019-11-11 18:00:00,0.0
2019-11-11 19:00:00,0.0
2019-11-11 20:00:00,0.0
2019-11-11 21:00:00,0.0
2019-11-11 22:00:00,0.0
2019-11-11 23:00:00,0.0
2019-11-12 00:00:00,0.0
2019-11-12 01:00:00,0.0
2019-11-12 02:00:00,0.0
2019-11-12 03:00:00,0.0
2019-11-12 04:00:00,0.0
2019-11-12 05:00:00,4.5
2019-11-12 06:00:00,114.32
2019-11-12 07:00:00,311.92
2019-11-12 08:00:00,504.58
2019-11-12 09:00:00,665.25
2019-11-12 10:00:00,780.03
2019-11-12 11:00:00,659.97
2019-11-12 12:00:00,711.6
2019-11-12 13:00:00,623.8
2019-11-12 14:00:00,473.02
2019-11-12 15:00:00,263.83
2019-11-12 16:00:00,62.28
2019-11-12 17:00:00,0.0
2019-11-12 18:00:00,0.0
2019-11-12 19:00:00,0.0
2019-11-12 20:00:00,0.0
2019-11-12 21:00:00,0.0
2019-11-12 22:00:00,0.0
2019-11-12 23:00:00,0.0
2019-11-13 00:00:00,0.0
2019-11-13 01:00:00,0.0
2019-11-13 02:00:00,0.0
2019-11-13 03:00:00,0.0
2019-11-13 04:00:00,0.0
2019-11-13 05:00:00,4.3
2019-11-13 06:00:00,106.6
2019-11-13 07:00:00,289.75
2019-11-13 08:00:00,469.9
2019-11-13 09:00:00,651.8
2019-11-13 10:00:00,737.03
2019-11-13 11:00:00,789.4
2019-11-13 12:00:00,767.1
2019-11-13 13:00:00,634.1
2019-11-13 14:00:00,397.52
2019-11-13 15:00:00,223.52
2019-11-13 16:00:00,51.3
2019-11-13 17:00:00,0.0
2019-11-13 18:00:00,0.0
2019-11-13 19:00:00,0.0
2019-11-13 20:00:00,0.0
2019-11-13 21:00:00,0.0
2019-11-13 22:00:00,0.0
2019-11-13 23:00:00,0.0
2019-11-14 00:00:00,0.0
2019-11-14 01:00:00,0.0
2019-11-14 02:00:00,0.0
2019-11-14 03:00:00,0.0
2019-11-14 04:00:00,0.0
2019-11-14 05:00:00,3.62
2019-11-14 06:00:00,86.22
2019-11-14 07:00:00,241.07
2019-11-14 08:00:00,407.12
2019-11-14 09:00:00,597.05
2019-11-14 10:00:00,710.08
2019-11-14 11:00:00,686.42
2019-11-14 12:00:00,640.67
2019-11-14 13:00:00,525.55
2019-11-14 14:00:00,369.02
2019-11-14 15:00:00,202.0
2019-11-14 16:00:00,49.28
2019-11-14 17:00:00,0.0
2019-11-14 18:00:00,0.0
2019-11-14 19:00:00,0.0
2019-11-14 20:00:00,0.0
2019-11-14 21:00:00,0.0
2019-11-14 22:00:00,0.0
2019-11-14 23:00:00,0.0
2019-11-15 00:00:00,0.0
2019-11-15 01:00:00,0.0
2019-11-15 02:00:00,0.0
2019-11-15 03:00:00,0.0
2019-11-15 04:00:00,0.0
2019-11-15 05:00:00,1.48
2019-11-15 06:00:00,25.05
2019-11-15 07:00:00,54.12
2019-11-15 08:00:00,120.32
2019-11-15 09:00:00,154.9
2019-11-15 10:00:00,240.1
2019-11-15 11:00:00,320.62
2019-11-15 12:00:00,324.8
2019-11-15 13:00:00,361.38
2019-11-15 14:00:00,274.35
2019-11-15 15:00:00,149.38
2019-11-15 16:00:00,38.0
2019-11-15 17:00:00,0.0
2019-11-15 18:00:00,0.0
2019-11-15 19:00:00,0.0
2019-11-15 20:00:00,0.0
2019-11-15 21:00:00,0.0
2019-11-15 22:00:00,0.0
2019-11-15 23:00:00,0.0
2019-11-16 00:00:00,0.0
2019-11-16 01:00:00,0.0
2019-11-16 02:00:00,0.0
2019-11-16 03:00:00,0.0
2019-11-16 04:00:00,0.0
2019-11-16 05:00:00,3.72
2019-11-16 06:00:00,105.07
2019-11-16 07:00:00,295.35
2019-11-16 08:00:00,476.7
2019-11-16 09:00:00,608.1
2019-11-16 10:00:00,643.92
2019-11-16 11:00:00,640.67
2019-11-16 12:00:00,623.53
2019-11-16 13:00:00,473.23
2019-11-16 14:00:00,403.4
2019-11-16 15:00:00,226.1
2019-11-16 16:00:00,62.55
2019-11-16 17:00:00,0.0
2019-11-16 18:00:00,0.0
2019-11-16 19:00:00,0.0
2019-11-16 20:00:00,0.0
2019-11-16 21:00:00,0.0
2019-11-16 22:00:00,0.0
2019-11-16 23:00:00,0.0
2019-11-17 00:00:00,0.0
2019-11-17 01:00:00,0.0
2019-11-17 02:00:00,0.0
2019-11-17 03:00:00,0.0
2019-11-17 04:00:00,0.0
2019-11-17 05:00:00,3.17
2019-11-17 06:00:00,87.85
2019-11-17 07:00:00,257.9
2019-11-17 08:00:00,438.17
2019-11-17 09:00:00,567.15
2019-11-17 10:00:00,585.03
2019-11-17 11:00:00,455.12
2019-11-17 12:00:00,414.9
2019-11-17 13:00:00,328.62
2019-11-17 14:00:00,290.23
2019-11-17 15:00:00,160.95
2019-11-17 16:00:00,44.47
2019-11-17 17:00:00,0.0
2019-11-17 18:00:00,0.0
2019-11-17 19:00:00,0.0
2019-11-17 20:00:00,0.0
2019-11-17 21:00:00,0.0
2019-11-17 22:00:00,0.0
2019-11-17 23:00:00,0.0
2019-11-18 00:00:00,0.0
2019-11-18 01:00:00,0.0
2019-11-18 02:00:00,0.0
2019-11-18 03:00:00,0.0
2019-11-18 04:00:00,0.0
2019-11-18 05:00:00,2.83
2019-11-18 06:00:00,100.78
2019-11-18 07:00:00,300.5
2019-11-18 08:00:00,503.73
2019-11-18 09:00:00,666.42
2019-11-18 10:00:00,776.58
2019-11-18 11:00:00,805.75
2019-11-18 12:00:00,772.28
2019-11-18 13:00:00,621.1
2019-11-18 14:00:00,493.23
2019-11-18 15:00:00,239.5
2019-11-18 16:00:00,61.67
2019-11-18 17:00:00,0.0
2019-11-18 18:00:00,0.0
2019-11-18 19:00:00,0.0
2019-11-18 20:00:00,0.0
2019-11-18 21:00:00,0.0
2019-11-18 22:00:00,0.0
2019-11-18 23:00:00,0.0
2019-11-19 00:00:00,0.0
2019-11-19 01:00:00,0.0
2019-11-19 02:00:00,0.0
2019-11-19 03:00:00,0.0
2019-11-19 04:00:00,0.0
2019-11-19 05:00:00,3.22
2019-11-19 06:00:00,95.1
2019-11-19 07:00:00,254.68
2019-11-19 08:00:00,404.12
2019-11-19 09:00:00,482.6
2019-11-19 10:00:00,327.0
2019-11-19 11:00:00,326.1
2019-11-19 12:00:00,277.67
2019-11-19 13:00:00,185.6
2019-11-19 14:00:00,135.52
2019-11-19 15:00:00,79.97
2019-11-19 16:00:00,21.65
2019-11-19 17:00:00,0.0
2019-11-19 18:00:00,0.0
2019-11-19 19:00:00,0.0
2019-11-19 20:00:00,0.0
2019-11-19 21:00:00,0.0
2019-11-19 22:00:00,0.0
2019-11-19 23:00:00,0.0
2019-11-20 00:00:00,0.0
2019-11-20 01:00:00,0.0
2019-11-20 02:00:00,0.0
2019-11-20 03:00:00,0.0
2019-11-20 04:00:00,0.0
2019-11-20 05:00:00,0.0
2019-11-20 06:00:00,89.07
2019-11-20 07:00:00,244.23
2019-11-20 08:00:00,408.33
2019-11-20 09:00:00,502.02
2019-11-20 10:00:00,565.4
2019-11-20 11:00:00,546.83
2019-11-20 12:00:00,519.65
2019-11-20 13:00:00,415.75
2019-11-20 14:00:00,292.27
2019-11-20 15:00:00,157.8
2019-11-20 16:00:00,37.42
2019-11-20 17:00:00,0.0
2019-11-20 18:00:00,0.0
2019-11-20 19:00:00,0.0
2019-11-20 20:00:00,0.0
2019-11-20 21:00:00,0.0
2019-11-20 22:00:00,0.0
2019-11-20 23:00:00,0.0
2019-11-21 00:00:00,0.0
2019-11-21 01:00:00,0.0
2019-11-21 02:00:00,0.0
2019-11-21 03:00:00,0.0
2019-11-21 04:00:00,0.0
2019-11-21 05:00:00,0.0
2019-11-21 06:00:00,78.45
2019-11-21 07:00:00,238.5
2019-11-21 08:00:00,425.8
2019-11-21 09:00:00,581.95
2019-11-21 10:00:00,668.3
2019-11-21 11:00:00,721.15
2019-11-21 12:00:00,681.0
2019-11-21 13:00:00,480.23
2019-11-21 14:00:00,380.55
2019-11-21 15:00:00,206.98
2019-11-21 16:00:00,53.7
2019-11-21 17:00:00,0.0
2019-11-21 18:00:00,0.0
2019-11-21 19:00:00,0.0
2019-11-21 20:00:00,0.0
2019-11-21 21:00:00,0.0
2019-11-21 22:00:00,0.0
2019-11-21 23:00:00,0.0
2019-11-22 00:00:00,0.0
2019-11-22 01:00:00,0.0
2019-11-22 02:00:00,0.0
2019-11-22 03:00:00,0.0
2019-11-22 04:00:00,0.0
2019-11-22 05:00:00,0.0
2019-11-22 06:00:00,96.22
2019-11-22 07:00:00,273.58
2019-11-22 08:00:00,459.88
2019-11-22 09:00:00,649.72
2019-11-22 10:00:00,738.42
2019-11-22 11:00:00,785.42
2019-11-22 12:00:00,736.25
2019-11-22 13:00:00,648.47
2019-11-22 14:00:00,352.38
2019-11-22 15:00:00,271.85
2019-11-22 16:00:00,69.4
2019-11-22 17:00:00,0.0
2019-11-22 18:00:00,0.0
2019-11-22 19:00:00,0.0
2019-11-22 20:00:00,0.0
2019-11-22 21:00:00,0.0
2019-11-22 22:00:00,0.0
2019-11-22 23:00:00,0.0
2019-11-23 00:00:00,0.0
2019-11-23 01:00:00,0.0
2019-11-23 02:00:00,0.0
2019-11-23 03:00:00,0.0
2019-11-23 04:00:00,0.0
2019-11-23 05:00:00,0.0
2019-11-23 06:00:00,68.9
2019-11-23 07:00:00,187.45
2019-11-23 08:00:00,317.4
2019-11-23 09:00:00,436.25
2019-11-23 10:00:00,435.73
2019-11-23 11:00:00,458.8
2019-11-23 12:00:00,402.48
2019-11-23 13:00:00,322.73
2019-11-23 14:00:00,238.9
2019-11-23 15:00:00,139.48
2019-11-23 16:00:00,40.05
2019-11-23 17:00:00,0.0
2019-11-23 18:00:00,0.0
2019-11-23 19:00:00,0.0
2019-11-23 20:00:00,0.0
2019-11-23 21:00:00,0.0
2019-11-23 22:00:00,0.0
2019-11-23 23:00:00,0.0
2019-11-24 00:00:00,0.0
2019-11-24 01:00:00,0.0
2019-11-24 02:00:00,0.0
2019-11-24 03:00:00,0.0
2019-11-24 04:00:00,0.0
2019-11-24 05:00:00,0.0
2019-11-24 06:00:00,100.22
2019-11-24 07:00:00,288.15
2019-11-24 08:00:00,481.45
2019-11-24 09:00:00,662.83
2019-11-24 10:00:00,748.92
2019-11-24 11:00:00,654.45
2019-11-24 12:00:00,713.15
2019-11-24 13:00:00,656.28
2019-11-24 14:00:00,404.55
2019-11-24 15:00:00,254.55
2019-11-24 16:00:00,59.45
2019-11-24 17:00:00,0.0
2019-11-24 18:00:00,0.0
2019-11-24 19:00:00,0.0
2019-11-24 20:00:00,0.0
2019-11-24 21:00:00,0.0
2019-11-24 22:00:00,0.0
2019-11-24 23:00:00,0.0
2019-11-25 00:00:00,0.0
2019-11-25 01:00:00,0.0
2019-11-25 02:00:00,0.0
2019-11-25 03:00:00,0.0
2019-11-25 04:00:00,0.0
2019-11-25 05:00:00,0.0
2019-11-25 06:00:00,80.2
2019-11-25 07:00:00,241.57
2019-11-25 08:00:00,439.33
2019-11-25 09:00:00,565.17
2019-11-25 10:00:00,669.97
2019-11-25 11:00:00,802.62
2019-11-25 12:00:00,754.42
2019-11-25 13:00:00,611.67
2019-11-25 14:00:00,475.1
2019-11-25 15:00:00,270.85
2019-11-25 16:00:00,41.62
2019-11-25 17:00:00,0.0
2019-11-25 18:00:00,0.0
2019-11-25 19:00:00,0.0
2019-11-25 20:00:00,0.0
2019-11-25 21:00:00,0.0
2019-11-25 22:00:00,0.0
2019-11-25 23:00:00,0.0
2019-11-26 00:00:00,0.0
2019-11-26 01:00:00,0.0
2019-11-26 02:00:00,0.0
2019-11-26 03:00:00,0.0
2019-11-26 04:00:00,0.0
2019-11-26 05:00:00,0.0
2019-11-26 06:00:00,84.07
2019-11-26 07:00:00,261.83
2019-11-26 08:00:00,452.9
2019-11-26 09:00:00,580.15
2019-11-26 10:00:00,620.8
2019-11-26 11:00:00,603.8
2019-11-26 12:00:00,507.0
2019-11-26 13:00:00,425.0
2019-11-26 14:00:00,284.88
2019-11-26 15:00:00,134.73
2019-11-26 16:00:00,30.6
2019-11-26 17:00:00,0.0
2019-11-26 18:00:00,0.0
2019-11-26 19:00:00,0.0
2019-11-26 20:00:00,0.0
2019-11-26 21:00:00,0.0
2019-11-26 22:00:00,0.0
2019-11-26 23:00:00,0.0
2019-11-27 00:00:00,0.0
2019-11-27 01:00:00,0.0
2019-11-27 02:00:00,0.0
2019-11-27 03:00:00,0.0
2019-11-27 04:00:00,0.0
2019-11-27 05:00:00,0.0
2019-11-27 06:00:00,68.78
2019-11-27 07:00:00,188.32
2019-11-27 08:00:00,335.35
2019-11-27 09:00:00,485.58
2019-11-27 10:00:00,623.7
2019-11-27 11:00:00,645.1
2019-11-27 12:00:00,619.8
2019-11-27 13:00:00,507.55
2019-11-27 14:00:00,356.33
2019-11-27 15:00:00,209.6
2019-11-27 16:00:00,59.38
2019-11-27 17:00:00,0.0
2019-11-27 18:00:00,0.0
2019-11-27 19:00:00,0.0
2019-11-27 20:00:00,0.0
2019-11-27 21:00:00,0.0
2019-11-27 22:00:00,0.0
2019-11-27 23:00:00,0.0
2019-11-28 00:00:00,0.0
2019-11-28 01:00:00,0.0
2019-11-28 02:00:00,0.0
2019-11-28 03:00:00,0.0
2019-11-28 04:00:00,0.0
2019-11-28 05:00:00,0.0
2019-11-28 06:00:00,52.78
2019-11-28 07:00:00,152.7
2019-11-28 08:00:00,277.02
2019-11-28 09:00:00,465.45
2019-11-28 10:00:00,620.4
2019-11-28 11:00:00,698.45
2019-11-28 12:00:00,638.9
2019-11-28 13:00:00,574.78
2019-11-28 14:00:00,436.2
2019-11-28 15:00:00,250.32
2019-11-28 16:00:00,68.5
2019-11-28 17:00:00,0.0
2019-11-28 18:00:00,0.0
2019-11-28 19:00:00,0.0
2019-11-28 20:00:00,0.0
2019-11-28 21:00:00,0.0
2019-11-28 22:00:00,0.0
2019-11-28 23:00:00,0.0
2019-11-29 00:00:00,0.0
2019-11-29 01:00:00,0.0
2019-11-29 02:00:00,0.0
2019-11-29 03:00:00,0.0
2019-11-29 04:00:00,0.0
2019-11-29 05:00:00,0.0
2019-11-29 06:00:00,94.8
2019-11-29 07:00:00,261.6
2019-11-29 08:00:00,453.05
2019-11-29 09:00:00,621.92
2019-11-29 10:00:00,700.53
2019-11-29 11:00:00,743.62
2019-11-29 12:00:00,687.08
2019-11-29 13:00:00,570.03
2019-11-29 14:00:00,436.52
2019-11-29 15:00:00,253.38
2019-11-29 16:00:00,71.2
2019-11-29 17:00:00,0.0
2019-11-29 18:00:00,0.0
2019-11-29 19:00:00,0.0
2019-11-29 20:00:00,0.0
2019-11-29 21:00:00,0.0
2019-11-29 22:00:00,0.0
2019-11-29 23:00:00,0.0
2019-11-30 00:00:00,0.0
2019-11-30 01:00:00,0.0
2019-11-30 02:00:00,0.0
2019-11-30 03:00:00,0.0
2019-11-30 04:00:00,0.0
2019-11-30 05:00:00,0.0
2019-11-30 06:00:00,40.78
2019-11-30 07:00:00,102.2
2019-11-30 08:00:00,204.88
2019-11-30 09:00:00,365.52
2019-11-30 10:00:00,481.27
2019-11-30 11:00:00,429.9
2019-11-30 12:00:00,412.02
2019-11-30 13:00:00,261.98
2019-11-30 14:00:00,167.6
2019-11-30 15:00:00,97.78
2019-11-30 16:00:00,15.48
2019-11-30 17:00:00,0.0
2019-11-30 18:00:00,0.0
2019-11-30 19:00:00,0.0
2019-11-30 20:00:00,0.0
2019-11-30 21:00:00,0.0
2019-11-30 22:00:00,0.0
2019-11-30 23:00:00,0.0
2019-12-01 00:00:00,0.0
2019-12-01 01:00:00,0.0
2019-12-01 02:00:00,0.0
2019-12-01 03:00:00,0.0
2019-12-01 04:00:00,0.0
2019-12-01 05:00:00,0.0
2019-12-01 06:00:00,33.22
2019-12-01 07:00:00,82.38
2019-12-01 08:00:00,124.03
2019-12-01 09:00:00,62.15
2019-12-01 10:00:00,82.65
2019-12-01 11:00:00,176.62
2019-12-01 12:00:00,215.27
2019-12-01 13:00:00,240.75
2019-12-01 14:00:00,126.0
2019-12-01 15:00:00,66.3
2019-12-01 16:00:00,14.5
2019-12-01 17:00:00,0.0
2019-12-01 18:00:00,0.0
2019-12-01 19:00:00,0.0
2019-12-01 20:00:00,0.0
2019-12-01 21:00:00,0.0
2019-12-01 22:00:00,0.0
2019-12-01 23:00:00,0.0
2019-12-02 00:00:00,0.0
2019-12-02 01:00:00,0.0
2019-12-02 02:00:00,0.0
2019-12-02 03:00:00,0.0
2019-12-02 04:00:00,0.0
2019-12-02 05:00:00,0.0
2019-12-02 06:00:00,53.08
2019-12-02 07:00:00,163.93
2019-12-02 08:00:00,284.45
2019-12-02 09:00:00,413.85
2019-12-02 10:00:00,448.62
2019-12-02 11:00:00,481.02
2019-12-02 12:00:00,397.3
2019-12-02 13:00:00,302.35
2019-12-02 14:00:00,265.62
2019-12-02 15:00:00,143.6
2019-12-02 16:00:00,35.35
2019-12-02 17:00:00,0.0
2019-12-02 18:00:00,0.0
2019-12-02 19:00:00,0.0
2019-12-02 20:00:00,0.0
2019-12-02 21:00:00,0.0
2019-12-02 22:00:00,0.0
2019-12-02 23:00:00,0.0
2019-12-03 00:00:00,0.0
2019-12-03 01:00:00,0.0
2019-12-03 02:00:00,0.0
2019-12-03 03:00:00,0.0
2019-12-03 04:00:00,0.0
2019-12-03 05:00:00,0.0
2019-12-03 06:00:00,44.62
2019-12-03 07:00:00,142.07
2019-12-03 08:00:00,268.95
2019-12-03 09:00:00,338.45
2019-12-03 10:00:00,509.48
2019-12-03 11:00:00,634.85
2019-12-03 12:00:00,559.45
2019-12-03 13:00:00,452.65
2019-12-03 14:00:00,314.1
2019-12-03 15:00:00,168.27
2019-12-03 16:00:00,42.4
2019-12-03 17:00:00,0.0
2019-12-03 18:00:00,0.0
2019-12-03 19:00:00,0.0
2019-12-03 20:00:00,0.0
2019-12-03 21:00:00,0.0
2019-12-03 22:00:00,0.0
2019-12-03 23:00:00,0.0
2019-12-04 00:00:00,0.0
2019-12-04 01:00:00,0.0
2019-12-04 02:00:00,0.0
2019-12-04 03:00:00,0.0
2019-12-04 04:00:00,0.0
2019-12-04 05:00:00,0.0
2019-12-04 06:00:00,67.32
2019-12-04 07:00:00,224.77
2019-12-04 08:00:00,405.73
2019-12-04 09:00:00,609.3
2019-12-04 10:00:00,719.83
2019-12-04 11:00:00,754.0
2019-12-04 12:00:00,696.6
2019-12-04 13:00:00,566.85
2019-12-04 14:00:00,413.45
2019-12-04 15:00:00,233.05
2019-12-04 16:00:00,62.47
2019-12-04 17:00:00,0.0
2019-12-04 18:00:00,0.0
2019-12-04 19:00:00,0.0
2019-12-04 20:00:00,0.0
2019-12-04 21:00:00,0.0
2019-12-04 22:00:00,0.0
2019-12-04 23:00:00,0.0
2019-12-05 00:00:00,0.0
2019-12-05 01:00:00,0.0
2019-12-05 02:00:00,0.0
2019-12-05 03:00:00,0.0
2019-12-05 04:00:00,0.0
2019-12-05 05:00:00,0.0
2019-12-05 06:00:00,59.83
2019-12-05 07:00:00,197.12
2019-12-05 08:00:00,354.23
2019-12-05 09:00:00,507.55
2019-12-05 10:00:00,562.12
2019-12-05 11:00:00,583.55
2019-12-05 12:00:00,553.67
2019-12-05 13:00:00,378.85
2019-12-05 14:00:00,255.85
2019-12-05 15:00:00,130.6
2019-12-05 16:00:00,30.1
2019-12-05 17:00:00,0.0
2019-12-05 18:00:00,0.0
2019-12-05 19:00:00,0.0
2019-12-05 20:00:00,0.0
2019-12-05 21:00:00,0.0
2019-12-05 22:00:00,0.0
2019-12-05 23:00:00,0.0
2019-12-06 00:00:00,0.0
2019-12-06 01:00:00,0.0
2019-12-06 02:00:00,0.0
2019-12-06 03:00:00,0.0
2019-12-06 04:00:00,0.0
2019-12-06 05:00:00,0.0
2019-12-06 06:00:00,67.2
2019-12-06 07:00:00,235.62
2019-12-06 08:00:00,432.12
2019-12-06 09:00:00,599.17
2019-12-06 10:00:00,708.75
2019-12-06 11:00:00,744.83
2019-12-06 12:00:00,705.3
2019-12-06 13:00:00,578.12
2019-12-06 14:00:00,387.15
2019-12-06 15:00:00,208.4
2019-12-06 16:00:00,55.83
2019-12-06 17:00:00,0.0
2019-12-06 18:00:00,0.0
2019-12-06 19:00:00,0.0
2019-12-06 20:00:00,0.0
2019-12-06 21:00:00,0.0
2019-12-06 22:00:00,0.0
2019-12-06 23:00:00,0.0
2019-12-07 00:00:00,0.0
2019-12-07 01:00:00,0.0
2019-12-07 02:00:00,0.0
2019-12-07 03:00:00,0.0
2019-12-07 04:00:00,0.0
2019-12-07 05:00:00,0.0
2019-12-07 06:00:00,28.23
2019-12-07 07:00:00,106.82
2019-12-07 08:00:00,233.52
2019-12-07 09:00:00,365.08
2019-12-07 10:00:00,460.75
2019-12-07 11:00:00,528.67
2019-12-07 12:00:00,514.78
2019-12-07 13:00:00,264.67
2019-12-07 14:00:00,305.73
2019-12-07 15:00:00,163.38
2019-12-07 16:00:00,39.85
2019-12-07 17:00:00,0.0
2019-12-07 18:00:00,0.0
2019-12-07 19:00:00,0.0
2019-12-07 20:00:00,0.0
2019-12-07 21:00:00,0.0
2019-12-07 22:00:00,0.0
2019-12-07 23:00:00,0.0
2019-12-08 00:00:00,0.0
2019-12-08 01:00:00,0.0
2019-12-08 02:00:00,0.0
2019-12-08 03:00:00,0.0
2019-12-08 04:00:00,0.0
2019-12-08 05:00:00,0.0
2019-12-08 06:00:00,56.1
2019-12-08 07:00:00,188.95
2019-12-08 08:00:00,341.55
2019-12-08 09:00:00,488.02
2019-12-08 10:00:00,594.35
2019-12-08 11:00:00,669.15
2019-12-08 12:00:00,612.72
2019-12-08 13:00:00,466.85
2019-12-08 14:00:00,354.65
2019-12-08 15:00:00,181.95
2019-12-08 16:00:00,55.8
2019-12-08 17:00:00,0.0
2019-12-08 18:00:00,0.0
2019-12-08 19:00:00,0.0
2019-12-08 20:00:00,0.0
2019-12-08 21:00:00,0.0
2019-12-08 22:00:00,0.0
2019-12-08 23:00:00,0.0
2019-12-09 00:00:00,0.0
2019-12-09 01:00:00,0.0
2019-12-09 02:00:00,0.0
2019-12-09 03:00:00,0.0
2019-12-09 04:00:00,0.0
2019-12-09 05:00:00,0.0
2019-12-09 06:00:00,71.85
2019-12-09 07:00:00,237.88
2019-12-09 08:00:00,437.95
2019-12-09 09:00:00,572.85
2019-12-09 10:00:00,701.45
2019-12-09 11:00:00,736.33
2019-12-09 12:00:00,732.17
2019-12-09 13:00:00,607.58
2019-12-09 14:00:00,478.33
2019-12-09 15:00:00,281.92
2019-12-09 16:00:00,87.43
2019-12-09 17:00:00,0.0
2019-12-09 18:00:00,0.0
2019-12-09 19:00:00,0.0
2019-12-09 20:00:00,0.0
2019-12-09 21:00:00,0.0
2019-12-09 22:00:00,0.0
2019-12-09 23:00:00,0.0
2019-12-10 00:00:00,0.0
2019-12-10 01:00:00,0.0
2019-12-10 02:00:00,0.0
2019-12-10 03:00:00,0.0
2019-12-10 04:00:00,0.0
2019-12-10 05:00:00,0.0
2019-12-10 06:00:00,77.85
2019-12-10 07:00:00,264.1
2019-12-10 08:00:00,475.02
2019-12-10 09:00:00,632.0
2019-12-10 10:00:00,680.92
2019-12-10 11:00:00,715.72
2019-12-10 12:00:00,727.38
2019-12-10 13:00:00,669.58
2019-12-10 14:00:00,453.25
2019-12-10 15:00:00,255.7
2019-12-10 16:00:00,64.38
2019-12-10 17:00:00,0.0
2019-12-10 18:00:00,0.0
2019-12-10 19:00:00,0.0
2019-12-10 20:00:00,0.0
2019-12-10 21:00:00,0.0
2019-12-10 22:00:00,0.0
2019-12-10 23:00:00,0.0
2019-12-11 00:00:00,0.0
2019-12-11 01:00:00,0.0
2019-12-11 02:00:00,0.0
2019-12-11 03:00:00,0.0
2019-12-11 04:00:00,0.0
2019-12-11 05:00:00,0.0
2019-12-11 06:00:00,79.5
2019-12-11 07:00:00,280.75
2019-12-11 08:00:00,483.02
2019-12-11 09:00:00,639.1
2019-12-11 10:00:00,743.7
2019-12-11 11:00:00,776.6
2019-12-11 12:00:00,718.05
2019-12-11 13:00:00,575.2
2019-12-11 14:00:00,429.25
2019-12-11 15:00:00,246.43
2019-12-11 16:00:00,74.88
2019-12-11 17:00:00,0.0
2019-12-11 18:00:00,0.0
2019-12-11 19:00:00,0.0
2019-12-11 20:00:00,0.0
2019-12-11 21:00:00,0.0
2019-12-11 22:00:00,0.0
2019-12-11 23:00:00,0.0
2019-12-12 00:00:00,0.0
2019-12-12 01:00:00,0.0
2019-12-12 02:00:00,0.0
2019-12-12 03:00:00,0.0
2019-12-12 04:00:00,0.0
2019-12-12 05:00:00,0.0
2019-12-12 06:00:00,73.38
2019-12-12 07:00:00,264.55
2019-12-12 08:00:00,468.58
2019-12-12 09:00:00,638.85
2019-12-12 10:00:00,735.88
2019-12-12 11:00:00,775.8
2019-12-12 12:00:00,704.28
2019-12-12 13:00:00,637.78
2019-12-12 14:00:00,482.08
2019-12-12 15:00:00,279.73
2019-12-12 16:00:00,86.07
2019-12-12 17:00:00,0.0
2019-12-12 18:00:00,0.0
2019-12-12 19:00:00,0.0
2019-12-12 20:00:00,0.0
2019-12-12 21:00:00,0.0
2019-12-12 22:00:00,0.0
2019-12-12 23:00:00,0.0
2019-12-13 00:00:00,0.0
2019-12-13 01:00:00,0.0
2019-12-13 02:00:00,0.0
2019-12-13 03:00:00,0.0
2019-12-13 04:00:00,0.0
2019-12-13 05:00:00,0.0
2019-12-13 06:00:00,57.62
2019-12-13 07:00:00,202.15
2019-12-13 08:00:00,361.8
2019-12-13 09:00:00,520.4
2019-12-13 10:00:00,527.72
2019-12-13 11:00:00,513.88
2019-12-13 12:00:00,452.6
2019-12-13 13:00:00,327.0
2019-12-13 14:00:00,199.15
2019-12-13 15:00:00,96.47
2019-12-13 16:00:00,19.3
2019-12-13 17:00:00,0.0
2019-12-13 18:00:00,0.0
2019-12-13 19:00:00,0.0
2019-12-13 20:00:00,0.0
2019-12-13 21:00:00,0.0
2019-12-13 22:00:00,0.0
2019-12-13 23:00:00,0.0
2019-12-14 00:00:00,0.0
2019-12-14 01:00:00,0.0
2019-12-14 02:00:00,0.0
2019-12-14 03:00:00,0.0
2019-12-14 04:00:00,0.0
2019-12-14 05:00:00,0.0
2019-12-14 06:00:00,17.45
2019-12-14 07:00:00,84.05
2019-12-14 08:00:00,184.27
2019-12-14 09:00:00,231.68
2019-12-14 10:00:00,309.0
2019-12-14 11:00:00,418.67
2019-12-14 12:00:00,415.1
2019-12-14 13:00:00,412.3
2019-12-14 14:00:00,291.98
2019-12-14 15:00:00,168.35
2019-12-14 16:00:00,55.8
2019-12-14 17:00:00,0.0
2019-12-14 18:00:00,0.0
2019-12-14 19:00:00,0.0
2019-12-14 20:00:00,0.0
2019-12-14 21:00:00,0.0
2019-12-14 22:00:00,0.0
2019-12-14 23:00:00,0.0
2019-12-15 00:00:00,0.0
2019-12-15 01:00:00,0.0
2019-12-15 02:00:00,0.0
2019-12-15 03:00:00,0.0
2019-12-15 04:00:00,0.0
2019-12-15 05:00:00,0.0
2019-12-15 06:00:00,57.72
2019-12-15 07:00:00,224.98
2019-12-15 08:00:00,409.35
2019-12-15 09:00:00,536.78
2019-12-15 10:00:00,658.95
2019-12-15 11:00:00,731.45
2019-12-15 12:00:00,706.5
2019-12-15 13:00:00,616.2
2019-12-15 14:00:00,419.65
2019-12-15 15:00:00,250.77
2019-12-15 16:00:00,74.07
2019-12-15 17:00:00,0.0
2019-12-15 18:00:00,0.0
2019-12-15 19:00:00,0.0
2019-12-15 20:00:00,0.0
2019-12-15 21:00:00,0.0
2019-12-15 22:00:00,0.0
2019-12-15 23:00:00,0.0
2019-12-16 00:00:00,0.0
2019-12-16 01:00:00,0.0
2019-12-16 02:00:00,0.0
2019-12-16 03:00:00,0.0
2019-12-16 04:00:00,0.0
2019-12-16 05:00:00,0.0
2019-12-16 06:00:00,42.3
2019-12-16 07:00:00,142.43
2019-12-16 08:00:00,277.02
2019-12-16 09:00:00,411.92
2019-12-16 10:00:00,456.08
2019-12-16 11:00:00,443.45
2019-12-16 12:00:00,436.12
2019-12-16 13:00:00,388.25
2019-12-16 14:00:00,304.58
2019-12-16 15:00:00,172.15
2019-12-16 16:00:00,56.12
2019-12-16 17:00:00,0.0
2019-12-16 18:00:00,0.0
2019-12-16 19:00:00,0.0
2019-12-16 20:00:00,0.0
2019-12-16 21:00:00,0.0
2019-12-16 22:00:00,0.0
2019-12-16 23:00:00,0.0
2019-12-17 00:00:00,0.0
2019-12-17 01:00:00,0.0
2019-12-17 02:00:00,0.0
2019-12-17 03:00:00,0.0
2019-12-17 04:00:00,0.0
2019-12-17 05:00:00,0.0
2019-12-17 06:00:00,54.33
2019-12-17 07:00:00,206.1
2019-12-17 08:00:00,369.73
2019-12-17 09:00:00,563.22
2019-12-17 10:00:00,662.6
2019-12-17 11:00:00,728.62
2019-12-17 12:00:00,712.6
2019-12-17 13:00:00,611.75
2019-12-17 14:00:00,452.33
2019-12-17 15:00:00,263.85
2019-12-17 16:00:00,79.6
2019-12-17 17:00:00,0.0
2019-12-17 18:00:00,0.0
2019-12-17 19:00:00,0.0
2019-12-17 20:00:00,0.0
2019-12-17 21:00:00,0.0
2019-12-17 22:00:00,0.0
2019-12-17 23:00:00,0.0
2019-12-18 00:00:00,0.0
2019-12-18 01:00:00,0.0
2019-12-18 02:00:00,0.0
2019-12-18 03:00:00,0.0
2019-12-18 04:00:00,0.0
2019-12-18 05:00:00,0.0
2019-12-18 06:00:00,49.6
2019-12-18 07:00:00,203.93
2019-12-18 08:00:00,374.23
2019-12-18 09:00:00,516.6
2019-12-18 10:00:00,629.97
2019-12-18 11:00:00,655.78
2019-12-18 12:00:00,623.17
2019-12-18 13:00:00,580.58
2019-12-18 14:00:00,391.8
2019-12-18 15:00:00,223.25
2019-12-18 16:00:00,68.05
2019-12-18 17:00:00,0.0
2019-12-18 18:00:00,0.0
2019-12-18 19:00:00,0.0
2019-12-18 20:00:00,0.0
2019-12-18 21:00:00,0.0
2019-12-18 22:00:00,0.0
2019-12-18 23:00:00,0.0
2019-12-19 00:00:00,0.0
2019-12-19 01:00:00,0.0
2019-12-19 02:00:00,0.0
2019-12-19 03:00:00,0.0
2019-12-19 04:00:00,0.0
2019-12-19 05:00:00,0.0
2019-12-19 06:00:00,50.17
2019-12-19 07:00:00,200.55
2019-12-19 08:00:00,397.4
2019-12-19 09:00:00,589.72
2019-12-19 10:00:00,666.7
2019-12-19 11:00:00,709.12
2019-12-19 12:00:00,628.12
2019-12-19 13:00:00,568.3
2019-12-19 14:00:00,422.67
2019-12-19 15:00:00,239.52
2019-12-19 16:00:00,74.6
2019-12-19 17:00:00,0.0
2019-12-19 18:00:00,0.0
2019-12-19 19:00:00,0.0
2019-12-19 20:00:00,0.0
2019-12-19 21:00:00,0.0
2019-12-19 22:00:00,0.0
2019-12-19 23:00:00,0.0
2019-12-20 00:00:00,0.0
2019-12-20 01:00:00,0.0
2019-12-20 02:00:00,0.0
2019-12-20 03:00:00,0.0
2019-12-20 04:00:00,0.0
2019-12-20 05:00:00,0.0
2019-12-20 06:00:00,55.33
2019-12-20 07:00:00,206.27
2019-12-20 08:00:00,366.8
2019-12-20 09:00:00,514.55
2019-12-20 10:00:00,613.78
2019-12-20 11:00:00,664.17
2019-12-20 12:00:00,637.38
2019-12-20 13:00:00,500.65
2019-12-20 14:00:00,415.73
2019-12-20 15:00:00,233.48
2019-12-20 16:00:00,71.3
2019-12-20 17:00:00,0.0
2019-12-20 18:00:00,0.0
2019-12-20 19:00:00,0.0
2019-12-20 20:00:00,0.0
2019-12-20 21:00:00,0.0
2019-12-20 22:00:00,0.0
2019-12-20 23:00:00,0.0
2019-12-21 00:00:00,0.0
2019-12-21 01:00:00,0.0
2019-12-21 02:00:00,0.0
2019-12-21 03:00:00,0.0
2019-12-21 04:00:00,0.0
2019-12-21 05:00:00,0.0
2019-12-21 06:00:00,42.55
2019-12-21 07:00:00,181.77
2019-12-21 08:00:00,353.0
2019-12-21 09:00:00,492.23
2019-12-21 10:00:00,548.2
2019-12-21 11:00:00,650.7
2019-12-21 12:00:00,603.78
2019-12-21 13:00:00,507.73
2019-12-21 14:00:00,392.1
2019-12-21 15:00:00,222.12
2019-12-21 16:00:00,70.55
2019-12-21 17:00:00,0.0
2019-12-21 18:00:00,0.0
2019-12-21 19:00:00,0.0
2019-12-21 20:00:00,0.0
2019-12-21 21:00:00,0.0
2019-12-21 22:00:00,0.0
2019-12-21 23:00:00,0.0
2019-12-22 00:00:00,0.0
2019-12-22 01:00:00,0.0
2019-12-22 02:00:00,0.0
2019-12-22 03:00:00,0.0
2019-12-22 04:00:00,0.0
2019-12-22 05:00:00,0.0
2019-12-22 06:00:00,51.17
2019-12-22 07:00:00,237.5
2019-12-22 08:00:00,418.05
2019-12-22 09:00:00,603.1
2019-12-22 10:00:00,724.65
2019-12-22 11:00:00,783.7
2019-12-22 12:00:00,735.9
2019-12-22 13:00:00,627.22
2019-12-22 14:00:00,478.9
2019-12-22 15:00:00,291.55
2019-12-22 16:00:00,97.5
2019-12-22 17:00:00,0.0
2019-12-22 18:00:00,0.0
2019-12-22 19:00:00,0.0
2019-12-22 20:00:00,0.0
2019-12-22 21:00:00,0.0
2019-12-22 22:00:00,0.0
2019-12-22 23:00:00,0.0
2019-12-23 00:00:00,0.0
2019-12-23 01:00:00,0.0
2019-12-23 02:00:00,0.0
2019-12-23 03:00:00,0.0
2019-12-23 04:00:00,0.0
2019-12-23 05:00:00,0.0
2019-12-23 06:00:00,44.83
2019-12-23 07:00:00,183.82
2019-12-23 08:00:00,350.45
2019-12-23 09:00:00,540.12
2019-12-23 10:00:00,587.2
2019-12-23 11:00:00,661.15
2019-12-23 12:00:00,666.0
2019-12-23 13:00:00,531.9
2019-12-23 14:00:00,400.95
2019-12-23 15:00:00,239.07
2019-12-23 16:00:00,74.7
2019-12-23 17:00:00,0.0
2019-12-23 18:00:00,0.0
2019-12-23 19:00:00,0.0
2019-12-23 20:00:00,0.0
2019-12-23 21:00:00,0.0
2019-12-23 22:00:00,0.0
2019-12-23 23:00:00,0.0
2019-12-24 00:00:00,0.0
2019-12-24 01:00:00,0.0
2019-12-24 02:00:00,0.0
2019-12-24 03:00:00,0.0
2019-12-24 04:00:00,0.0
2019-12-24 05:00:00,0.0
2019-12-24 06:00:00,24.67
2019-12-24 07:00:00,83.95
2019-12-24 08:00:00,162.5
2019-12-24 09:00:00,274.8
2019-12-24 10:00:00,467.08
2019-12-24 11:00:00,487.48
2019-12-24 12:00:00,410.6
2019-12-24 13:00:00,334.83
2019-12-24 14:00:00,228.98
2019-12-24 15:00:00,124.75
2019-12-24 16:00:00,32.2
2019-12-24 17:00:00,0.0
2019-12-24 18:00:00,0.0
2019-12-24 19:00:00,0.0
2019-12-24 20:00:00,0.0
2019-12-24 21:00:00,0.0
2019-12-24 22:00:00,0.0
2019-12-24 23:00:00,0.0
2019-12-25 00:00:00,0.0
2019-12-25 01:00:00,0.0
2019-12-25 02:00:00,0.0
2019-12-25 03:00:00,0.0
2019-12-25 04:00:00,0.0
2019-12-25 05:00:00,0.0
2019-12-25 06:00:00,35.2
2019-12-25 07:00:00,185.8
2019-12-25 08:00:00,386.27
2019-12-25 09:00:00,549.42
2019-12-25 10:00:00,644.1
2019-12-25 11:00:00,714.9
2019-12-25 12:00:00,691.12
2019-12-25 13:00:00,592.58
2019-12-25 14:00:00,474.88
2019-12-25 15:00:00,293.12
2019-12-25 16:00:00,104.6
2019-12-25 17:00:00,0.0
2019-12-25 18:00:00,0.0
2019-12-25 19:00:00,0.0
2019-12-25 20:00:00,0.0
2019-12-25 21:00:00,0.0
2019-12-25 22:00:00,0.0
2019-12-25 23:00:00,0.0
2019-12-26 00:00:00,0.0
2019-12-26 01:00:00,0.0
2019-12-26 02:00:00,0.0
2019-12-26 03:00:00,0.0
2019-12-26 04:00:00,0.0
2019-12-26 05:00:00,0.0
2019-12-26 06:00:00,53.78
2019-12-26 07:00:00,246.68
2019-12-26 08:00:00,456.65
2019-12-26 09:00:00,630.85
2019-12-26 10:00:00,743.33
2019-12-26 11:00:00,798.6
2019-12-26 12:00:00,744.28
2019-12-26 13:00:00,654.45
2019-12-26 14:00:00,503.17
2019-12-26 15:00:00,321.23
2019-12-26 16:00:00,125.6
2019-12-26 17:00:00,0.0
2019-12-26 18:00:00,0.0
2019-12-26 19:00:00,0.0
2019-12-26 20:00:00,0.0
2019-12-26 21:00:00,0.0
2019-12-26 22:00:00,0.0
2019-12-26 23:00:00,0.0
2019-12-27 00:00:00,0.0
2019-12-27 01:00:00,0.0
2019-12-27 02:00:00,0.0
2019-12-27 03:00:00,0.0
2019-12-27 04:00:00,0.0
2019-12-27 05:00:00,0.0
2019-12-27 06:00:00,58.42
2019-12-27 07:00:00,264.9
2019-12-27 08:00:00,478.52
2019-12-27 09:00:00,640.03
2019-12-27 10:00:00,754.92
2019-12-27 11:00:00,704.55
2019-12-27 12:00:00,786.3
2019-12-27 13:00:00,672.67
2019-12-27 14:00:00,464.5
2019-12-27 15:00:00,284.17
2019-12-27 16:00:00,88.55
2019-12-27 17:00:00,0.0
2019-12-27 18:00:00,0.0
2019-12-27 19:00:00,0.0
2019-12-27 20:00:00,0.0
2019-12-27 21:00:00,0.0
2019-12-27 22:00:00,0.0
2019-12-27 23:00:00,0.0
2019-12-28 00:00:00,0.0
2019-12-28 01:00:00,0.0
2019-12-28 02:00:00,0.0
2019-12-28 03:00:00,0.0
2019-12-28 04:00:00,0.0
2019-12-28 05:00:00,0.0
2019-12-28 06:00:00,39.75
2019-12-28 07:00:00,185.73
2019-12-28 08:00:00,374.95
2019-12-28 09:00:00,545.97
2019-12-28 10:00:00,684.95
2019-12-28 11:00:00,747.17
2019-12-28 12:00:00,679.62
2019-12-28 13:00:00,621.53
2019-12-28 14:00:00,478.7
2019-12-28 15:00:00,288.42
2019-12-28 16:00:00,61.35
2019-12-28 17:00:00,0.0
2019-12-28 18:00:00,0.0
2019-12-28 19:00:00,0.0
2019-12-28 20:00:00,0.0
2019-12-28 21:00:00,0.0
2019-12-28 22:00:00,0.0
2019-12-28 23:00:00,0.0
2019-12-29 00:00:00,0.0
2019-12-29 01:00:00,0.0
2019-12-29 02:00:00,0.0
2019-12-29 03:00:00,0.0
2019-12-29 04:00:00,0.0
2019-12-29 05:00:00,0.0
2019-12-29 06:00:00,41.7
2019-12-29 07:00:00,204.95
2019-12-29 08:00:00,393.5
2019-12-29 09:00:00,547.78
2019-12-29 10:00:00,669.85
2019-12-29 11:00:00,701.5
2019-12-29 12:00:00,661.83
2019-12-29 13:00:00,579.7
2019-12-29 14:00:00,373.27
2019-12-29 15:00:00,197.57
2019-12-29 16:00:00,66.43
2019-12-29 17:00:00,0.0
2019-12-29 18:00:00,0.0
2019-12-29 19:00:00,0.0
2019-12-29 20:00:00,0.0
2019-12-29 21:00:00,0.0
2019-12-29 22:00:00,0.0
2019-12-29 23:00:00,0.0
2019-12-30 00:00:00,0.0
2019-12-30 01:00:00,0.0
2019-12-30 02:00:00,0.0
2019-12-30 03:00:00,0.0
2019-12-30 04:00:00,0.0
2019-12-30 05:00:00,0.0
2019-12-30 06:00:00,26.45
2019-12-30 07:00:00,152.02
2019-12-30 08:00:00,312.05
2019-12-30 09:00:00,496.48
2019-12-30 10:00:00,609.38
2019-12-30 11:00:00,674.17
2019-12-30 12:00:00,640.03
2019-12-30 13:00:00,549.12
2019-12-30 14:00:00,424.55
2019-12-30 15:00:00,251.35
2019-12-30 16:00:00,84.5
2019-12-30 17:00:00,0.0
2019-12-30 18:00:00,0.0
2019-12-30 19:00:00,0.0
2019-12-30 20:00:00,0.0
2019-12-30 21:00:00,0.0
2019-12-30 22:00:00,0.0
2019-12-30 23:00:00,0.0
2019-12-31 00:00:00,0.0
2019-12-31 01:00:00,0.0
2019-12-31 02:00:00,0.0
2019-12-31 03:00:00,0.0
2019-12-31 04:00:00,0.0
2019-12-31 05:00:00,0.0
2019-12-31 06:00:00,32.95
2019-12-31 07:00:00,178.18
2019-12-31 08:00:00,357.55
2019-12-31 09:00:00,535.17
2019-12-31 10:00:00,609.38
2019-12-31 11:00:00,679.9
2019-12-31 12:00:00,684.08
2019-12-31 13:00:00,582.03
2019-12-31 14:00:00,422.8
2019-12-31 15:00:00,249.23
2019-12-31 16:00:00,90.03
2019-12-31 17:00:00,0.0
2019-12-31 18:00:00,0.0
2019-12-31 19:00:00,0.0
2019-12-31 20:00:00,0.0
2019-12-31 21:00:00,0.0
2019-12-31 22:00:00,0.0
2019-12-31 23:00:00,0.0
