building_id,day,day_of_week,hour,predicted_load,solar_kw,price_per_kwh,carbon_kg_kwh
105,0,4,0,23.3,0.0,2.584,0.136
105,0,4,1,45.61,0.0,2.21,0.1363
105,0,4,2,45.61,0.0,1.865,0.1323
105,0,4,3,45.11,0.0,1.868,0.1309
105,0,4,4,45.61,0.0,1.94,0.1352
105,0,4,5,45.11,0.0,2.178,0.1424
105,0,4,6,45.11,0.0,2.238,0.1505
105,0,4,7,43.61,0.74,2.363,0.1502
105,0,4,8,46.11,7.47,2.249,0.1501
105,0,4,9,47.61,16.32,2.582,0.1482
105,0,4,10,47.61,24.2,2.702,0.1448
105,0,4,11,48.11,28.07,2.865,0.1468
105,0,4,12,48.61,26.24,2.82,0.1527
105,0,4,13,48.11,20.24,2.75,0.1536
105,0,4,14,48.61,13.54,2.724,0.156
105,0,4,15,49.11,7.98,2.544,0.1615
105,0,4,16,49.11,1.16,3.199,0.1658
105,0,4,17,49.11,0.0,4.955,0.1714
105,0,4,18,48.11,0.0,3.882,0.171
105,0,4,19,47.61,0.0,3.714,0.1697
105,0,4,20,48.61,0.0,3.559,0.1681
105,0,4,21,46.61,0.0,3.188,0.1675
105,0,4,22,45.61,0.0,2.611,0.1615
105,0,4,23,45.11,0.0,2.398,0.1558
105,1,5,0,37.93,0.0,2.498,0.1462
105,1,5,1,50.55,0.0,2.13,0.1452
105,1,5,2,41.25,0.0,2.121,0.1451
105,1,5,3,43.0,0.0,2.079,0.1519
105,1,5,4,42.62,0.0,1.99,0.1449
105,1,5,5,42.0,0.0,2.139,0.1515
105,1,5,6,41.62,0.0,1.678,0.1591
105,1,5,7,40.12,1.4,2.151,0.1548
105,1,5,8,40.5,13.57,1.77,0.1603
105,1,5,9,41.62,27.94,2.785,0.1605
105,1,5,10,42.62,39.91,2.825,0.1569
105,1,5,11,45.38,48.53,2.887,0.1514
105,1,5,12,46.25,52.96,2.818,0.1504
105,1,5,13,46.38,45.76,2.656,0.1526
105,1,5,14,49.88,33.31,2.6,0.1528
105,1,5,15,49.0,17.04,2.462,0.1537
105,1,5,16,50.0,1.88,3.234,0.1638
105,1,5,17,48.75,0.0,4.546,0.1703
105,1,5,18,48.88,0.0,4.132,0.1758
105,1,5,19,49.25,0.0,3.284,0.1737
105,1,5,20,49.12,0.0,3.13,0.1719
105,1,5,21,47.25,0.0,2.8,0.1673
105,1,5,22,46.62,0.0,2.017,0.161
105,1,5,23,46.25,0.0,2.504,0.1431
105,2,6,0,45.38,0.0,2.604,0.1408
105,2,6,1,44.5,0.0,2.268,0.1448
105,2,6,2,43.88,0.0,2.296,0.144
105,2,6,3,43.12,0.0,2.223,0.1414
105,2,6,4,43.75,0.0,2.189,0.143
105,2,6,5,43.5,0.0,2.251,0.1384
105,2,6,6,44.25,0.0,1.683,0.1468
105,2,6,7,43.0,1.55,1.544,0.1489
105,2,6,8,43.38,16.4,1.732,0.1449
105,2,6,9,44.0,33.69,2.263,0.1416
105,2,6,10,45.25,46.55,2.695,0.1415
105,2,6,11,48.25,53.93,2.681,0.1396
105,2,6,12,52.62,50.21,2.677,0.1391
105,2,6,13,54.62,39.13,2.608,0.1401
105,2,6,14,55.88,29.07,2.662,0.1432
105,2,6,15,56.38,15.15,2.597,0.1525
105,2,6,16,55.75,1.95,3.133,0.1621
105,2,6,17,56.38,0.0,4.289,0.1728
105,2,6,18,55.38,0.0,4.141,0.1714
105,2,6,19,56.62,0.0,3.461,0.172
105,2,6,20,54.0,0.0,3.439,0.1768
105,2,6,21,48.88,0.0,2.974,0.165
105,2,6,22,47.38,0.0,2.529,0.155
105,2,6,23,46.88,0.0,2.643,0.1539
105,3,0,0,47.38,0.0,2.933,0.1622
105,3,0,1,44.0,0.0,2.827,0.162
105,3,0,2,44.75,0.0,2.809,0.1639
105,3,0,3,45.0,0.0,2.818,0.1698
105,3,0,4,43.38,0.0,2.833,0.1761
105,3,0,5,44.38,0.0,3.332,0.1958
105,3,0,6,46.25,0.0,4.488,0.2117
105,3,0,7,55.62,1.66,4.584,0.2088
105,3,0,8,68.0,17.39,4.243,0.2074
105,3,0,9,85.38,35.52,4.299,0.2048
105,3,0,10,94.5,48.9,4.629,0.2006
105,3,0,11,111.12,56.46,4.647,0.2009
105,3,0,12,115.12,56.9,4.361,0.2011
105,3,0,13,114.5,50.62,4.145,0.2018
105,3,0,14,114.0,37.42,3.835,0.1996
105,3,0,15,114.62,19.53,3.741,0.2015
105,3,0,16,116.88,2.48,4.91,0.2104
105,3,0,17,116.12,0.0,7.575,0.2191
105,3,0,18,92.12,0.0,6.581,0.2203
105,3,0,19,74.5,0.0,5.982,0.2178
105,3,0,20,65.0,0.0,5.17,0.2167
105,3,0,21,58.25,0.0,4.678,0.2153
105,3,0,22,57.38,0.0,4.257,0.1985
105,3,0,23,52.75,0.0,3.727,0.186
105,4,1,0,46.5,0.0,3.528,0.1744
105,4,1,1,46.75,0.0,3.687,0.1676
105,4,1,2,44.62,0.0,3.5,0.1662
105,4,1,3,45.12,0.0,3.498,0.1645
105,4,1,4,45.75,0.0,3.099,0.1735
105,4,1,5,45.12,0.0,3.514,0.1764
105,4,1,6,49.62,0.0,5.328,0.2
105,4,1,7,57.5,1.87,6.278,0.2036
105,4,1,8,69.12,18.7,5.5,0.2101
105,4,1,9,76.0,37.28,5.188,0.2232
105,4,1,10,87.5,50.83,4.665,0.2075
105,4,1,11,97.88,58.25,4.37,0.201
105,4,1,12,103.25,58.15,3.904,0.2017
105,4,1,13,107.0,49.9,3.721,0.2053
105,4,1,14,105.38,37.52,3.646,0.2042
105,4,1,15,108.12,20.23,3.621,0.2042
105,4,1,16,109.12,2.75,4.653,0.2089
105,4,1,17,107.5,0.0,7.057,0.2128
105,4,1,18,87.88,0.0,5.8,0.2146
105,4,1,19,75.5,0.0,5.087,0.2096
105,4,1,20,66.75,0.0,4.411,0.2052
105,4,1,21,60.12,0.0,3.998,0.1952
105,4,1,22,56.5,0.0,3.898,0.1808
105,4,1,23,51.5,0.0,3.244,0.1756
105,5,2,0,62.25,0.0,4.1,0.1591
105,5,2,1,78.25,0.0,4.011,0.153
105,5,2,2,78.25,0.0,3.83,0.1527
105,5,2,3,78.25,0.0,3.803,0.1544
105,5,2,4,78.25,0.0,3.972,0.1591
105,5,2,5,78.25,0.0,4.685,0.1647
105,5,2,6,78.25,0.0,5.775,0.1842
105,5,2,7,78.25,1.91,6.749,0.1831
105,5,2,8,78.25,18.62,6.501,0.183
105,5,2,9,78.25,37.12,6.203,0.1764
105,5,2,10,78.25,51.15,5.478,0.1697
105,5,2,11,78.25,59.06,5.221,0.1686
105,5,2,12,78.25,59.55,4.468,0.168
105,5,2,13,78.25,52.95,4.34,0.1755
105,5,2,14,78.25,39.42,4.237,0.1775
105,5,2,15,78.25,20.99,4.294,0.1866
105,5,2,16,78.25,2.94,4.826,0.1893
105,5,2,17,78.25,0.0,7.099,0.1915
105,5,2,18,78.25,0.0,6.203,0.1885
105,5,2,19,78.25,0.0,5.419,0.1849
105,5,2,20,78.25,0.0,4.829,0.1854
105,5,2,21,78.25,0.0,4.358,0.1808
105,5,2,22,78.25,0.0,3.769,0.1776
105,5,2,23,78.25,0.0,3.467,0.1754
105,6,3,0,78.25,0.0,4.025,0.1813
105,6,3,1,78.25,0.0,3.168,0.1831
105,6,3,2,78.25,0.0,3.082,0.1844
105,6,3,3,78.25,0.0,3.055,0.1864
105,6,3,4,78.25,0.0,3.043,0.1936
105,6,3,5,78.25,0.0,3.058,0.2009
105,6,3,6,78.25,0.0,3.869,0.2036
105,6,3,7,78.25,1.59,4.548,0.2029
105,6,3,8,78.25,13.54,4.225,0.2032
105,6,3,9,78.25,26.05,4.594,0.2041
105,6,3,10,78.25,35.12,4.21,0.2054
105,6,3,11,78.25,38.78,3.72,0.2064
105,6,3,12,78.25,39.12,3.187,0.2031
105,6,3,13,78.25,35.15,3.129,0.2008
105,6,3,14,78.25,26.04,3.056,0.2022
105,6,3,15,78.25,13.79,3.129,0.203
105,6,3,16,78.25,2.16,4.101,0.2068
105,6,3,17,78.25,0.0,5.175,0.2107
105,6,3,18,78.25,0.0,4.833,0.2164
105,6,3,19,78.25,0.0,4.171,0.2135
105,6,3,20,78.25,0.0,3.952,0.21
105,6,3,21,78.25,0.0,3.377,0.2027
105,6,3,22,78.25,0.0,2.96,0.1881
105,6,3,23,78.25,0.0,2.847,0.1791
105,7,4,0,78.25,0.0,3.166,0.1681
105,7,4,1,78.25,0.0,2.925,0.159
105,7,4,2,78.25,0.0,2.701,0.1578
105,7,4,3,78.25,0.0,2.662,0.1569
105,7,4,4,78.25,0.0,2.606,0.1601
105,7,4,5,78.25,0.0,2.886,0.1701
105,7,4,6,78.25,0.0,3.995,0.1768
105,7,4,7,78.25,0.91,4.527,0.177
105,7,4,8,78.25,9.85,4.11,0.1797
105,7,4,9,78.25,20.2,4.162,0.1838
105,7,4,10,78.25,28.22,3.829,0.1886
105,7,4,11,78.25,30.13,3.338,0.1862
105,7,4,12,78.25,30.9,3.045,0.1839
105,7,4,13,78.25,26.53,2.997,0.1856
105,7,4,14,78.25,18.35,2.902,0.1838
105,7,4,15,78.25,9.24,3.051,0.1861
105,7,4,16,78.25,1.21,3.579,0.1907
105,7,4,17,78.25,0.0,4.834,0.1935
105,7,4,18,78.25,0.0,4.571,0.1909
105,7,4,19,78.25,0.0,3.818,0.1894
105,7,4,20,78.25,0.0,3.514,0.1867
105,7,4,21,78.25,0.0,3.191,0.1803
105,7,4,22,78.25,0.0,2.741,0.1611
105,7,4,23,78.25,0.0,2.239,0.1507
105,8,5,0,78.25,0.0,2.654,0.1556
105,8,5,1,78.25,0.0,2.522,0.146
105,8,5,2,78.25,0.0,2.314,0.1438
105,8,5,3,78.25,0.0,2.268,0.1402
105,8,5,4,78.25,0.0,1.921,0.141
105,8,5,5,78.25,0.0,2.104,0.1442
105,8,5,6,78.25,0.0,2.223,0.1484
105,8,5,7,78.25,1.17,2.189,0.1532
105,8,5,8,78.25,10.02,2.498,0.1629
105,8,5,9,78.25,17.57,2.897,0.1684
105,8,5,10,78.25,16.48,2.913,0.1617
105,8,5,11,78.25,23.24,2.907,0.1629
105,8,5,12,78.25,23.66,2.582,0.1651
105,8,5,13,78.25,21.14,2.371,0.1585
105,8,5,14,78.25,15.33,2.362,0.1601
105,8,5,15,78.25,8.0,2.385,0.166
105,8,5,16,78.25,1.08,2.846,0.1729
105,8,5,17,78.25,0.0,3.97,0.1853
105,8,5,18,78.25,0.0,3.72,0.1873
105,8,5,19,78.25,0.0,3.236,0.181
105,8,5,20,78.25,0.0,2.903,0.1794
105,8,5,21,78.25,0.0,2.618,0.165
105,8,5,22,78.25,0.0,2.385,0.1435
105,8,5,23,78.25,0.0,2.251,0.1383
105,9,6,0,78.25,0.0,1.806,0.1333
105,9,6,1,78.25,0.0,1.631,0.1284
105,9,6,2,78.25,0.0,1.558,0.1333
105,9,6,3,78.25,0.0,1.318,0.1338
105,9,6,4,78.25,0.0,1.15,0.1379
105,9,6,5,78.25,0.0,1.207,0.1369
105,9,6,6,78.25,0.0,1.302,0.1393
105,9,6,7,78.25,0.49,1.569,0.1412
105,9,6,8,78.25,4.07,1.499,0.1473
105,9,6,9,78.25,8.73,2.171,0.1491
105,9,6,10,78.25,9.72,2.211,0.1488
105,9,6,11,78.25,17.43,2.368,0.1464
105,9,6,12,78.25,21.66,2.337,0.1513
105,9,6,13,78.25,22.74,2.173,0.153
105,9,6,14,78.25,19.94,2.045,0.1512
105,9,6,15,78.25,10.86,2.049,0.1531
105,9,6,16,78.25,1.85,2.667,0.1564
105,9,6,17,78.25,0.0,3.761,0.1613
105,9,6,18,78.25,0.0,3.383,0.1615
105,9,6,19,78.25,0.0,2.924,0.1662
105,9,6,20,78.25,0.0,2.793,0.1552
105,9,6,21,78.25,0.0,2.262,0.1585
105,9,6,22,78.25,0.0,1.996,0.1486
105,9,6,23,78.25,0.0,1.511,0.144
105,10,0,0,78.25,0.0,1.861,0.138
105,10,0,1,78.25,0.0,1.835,0.1317
105,10,0,2,78.25,0.0,1.664,0.1321
105,10,0,3,78.25,0.0,1.714,0.1337
105,10,0,4,78.25,0.0,1.701,0.1364
105,10,0,5,78.25,0.0,1.941,0.1533
105,10,0,6,78.25,0.0,3.146,0.1771
105,10,0,7,78.25,1.99,3.832,0.1785
105,10,0,8,78.25,18.97,3.844,0.1718
105,10,0,9,78.25,37.63,3.922,0.1708
105,10,0,10,78.25,51.73,4.275,0.1643
105,10,0,11,78.25,59.43,3.851,0.1629
105,10,0,12,78.25,60.06,3.63,0.1629
105,10,0,13,78.25,53.39,3.376,0.1655
105,10,0,14,78.25,40.27,3.238,0.1643
105,10,0,15,78.25,22.31,3.303,0.1689
105,10,0,16,78.25,3.79,4.416,0.1776
105,10,0,17,78.25,0.0,6.661,0.1891
105,10,0,18,78.25,0.0,6.079,0.197
105,10,0,19,78.25,0.0,4.841,0.1983
105,10,0,20,78.25,0.0,4.536,0.1935
105,10,0,21,78.25,0.0,3.88,0.1893
105,10,0,22,78.25,0.0,3.3,0.1718
105,10,0,23,78.25,0.0,2.785,0.159
105,11,1,0,78.25,0.0,2.773,0.1418
105,11,1,1,78.25,0.0,2.678,0.1354
105,11,1,2,78.25,0.0,2.521,0.1343
105,11,1,3,78.25,0.0,2.452,0.1335
105,11,1,4,78.25,0.0,2.379,0.142
105,11,1,5,78.25,0.0,2.943,0.1589
105,11,1,6,78.25,0.0,4.457,0.1749
105,11,1,7,78.25,1.24,5.052,0.1773
105,11,1,8,78.25,10.57,4.728,0.1766
105,11,1,9,78.25,21.17,4.837,0.1779
105,11,1,10,78.25,30.35,4.834,0.1781
105,11,1,11,78.25,35.86,4.267,0.1782
105,11,1,12,78.25,32.83,3.932,0.1826
105,11,1,13,78.25,26.72,3.75,0.1865
105,11,1,14,78.25,18.77,3.716,0.1881
105,11,1,15,78.25,11.23,3.708,0.1839
105,11,1,16,78.25,2.13,4.561,0.1832
105,11,1,17,78.25,0.0,6.514,0.186
105,11,1,18,78.25,0.0,5.738,0.1847
105,11,1,19,78.25,0.0,4.8,0.1862
105,11,1,20,78.25,0.0,4.434,0.1853
105,11,1,21,78.25,0.0,4.055,0.179
105,11,1,22,78.25,0.0,3.33,0.1656
105,11,1,23,78.25,0.0,2.866,0.1501
105,12,2,0,78.25,0.0,3.256,0.1408
105,12,2,1,78.25,0.0,3.241,0.1396
105,12,2,2,78.25,0.0,3.096,0.1391
105,12,2,3,78.25,0.0,2.984,0.1413
105,12,2,4,78.25,0.0,2.838,0.1471
105,12,2,5,78.25,0.0,3.657,0.1578
105,12,2,6,78.25,0.0,4.861,0.1681
105,12,2,7,78.25,1.95,5.579,0.1766
105,12,2,8,78.25,17.79,5.182,0.1803
105,12,2,9,78.25,36.13,5.226,0.1805
105,12,2,10,78.25,50.08,5.149,0.1773
105,12,2,11,78.25,55.35,4.606,0.1751
105,12,2,12,78.25,55.68,4.5,0.178
105,12,2,13,78.25,52.67,4.353,0.1828
105,12,2,14,78.25,38.92,4.343,0.1842
105,12,2,15,78.25,21.42,4.359,0.1902
105,12,2,16,78.25,3.75,4.967,0.1899
105,12,2,17,78.25,0.0,7.037,0.197
105,12,2,18,78.25,0.0,6.611,0.2013
105,12,2,19,78.25,0.0,5.672,0.1956
105,12,2,20,78.25,0.0,5.469,0.1969
105,12,2,21,78.25,0.0,4.739,0.1915
105,12,2,22,78.25,0.0,4.12,0.182
105,12,2,23,78.25,0.0,3.454,0.177
105,13,3,0,78.25,0.0,2.927,0.1612
105,13,3,1,78.25,0.0,2.819,0.1549
105,13,3,2,78.25,0.0,2.597,0.1531
105,13,3,3,78.25,0.0,2.591,0.153
105,13,3,4,78.25,0.0,2.486,0.1586
105,13,3,5,78.25,0.0,2.937,0.1629
105,13,3,6,78.25,0.0,4.957,0.177
105,13,3,7,78.25,1.19,5.755,0.1764
105,13,3,8,78.25,13.17,5.629,0.1698
105,13,3,9,78.25,28.93,5.555,0.1666
105,13,3,10,78.25,40.03,4.835,0.1751
105,13,3,11,78.25,46.02,4.43,0.1778
105,13,3,12,78.25,32.02,4.146,0.1808
105,13,3,13,78.25,27.89,3.967,0.18
105,13,3,14,78.25,20.75,3.681,0.1791
105,13,3,15,78.25,12.07,3.738,0.1792
105,13,3,16,78.25,2.19,4.659,0.1776
105,13,3,17,78.25,0.0,6.62,0.1825
105,13,3,18,78.25,0.0,6.005,0.1838
105,13,3,19,78.25,0.0,5.154,0.1856
105,13,3,20,78.25,0.0,4.837,0.184
105,13,3,21,78.25,0.0,4.306,0.1772
105,13,3,22,78.25,0.0,3.373,0.165
105,13,3,23,78.25,0.0,2.85,0.163
105,14,4,0,65.88,0.0,2.594,0.1505
105,14,4,1,64.75,0.0,2.475,0.1454
105,14,4,2,51.38,0.0,2.309,0.1415
105,14,4,3,49.25,0.0,2.294,0.1418
105,14,4,4,49.0,0.0,2.208,0.1436
105,14,4,5,50.62,0.0,2.623,0.1513
105,14,4,6,53.75,0.0,3.206,0.1661
105,14,4,7,64.75,1.34,3.66,0.1629
105,14,4,8,73.12,12.3,3.55,0.1602
105,14,4,9,88.5,26.41,3.448,0.1697
105,14,4,10,111.0,36.2,3.378,0.1722
105,14,4,11,136.38,38.33,3.356,0.1696
105,14,4,12,143.0,35.99,3.04,0.1694
105,14,4,13,143.75,28.73,3.033,0.1686
105,14,4,14,140.0,20.9,3.021,0.1672
105,14,4,15,144.38,10.91,2.923,0.1679
105,14,4,16,142.88,1.94,3.211,0.1702
105,14,4,17,126.62,0.0,4.257,0.171
105,14,4,18,112.62,0.0,3.879,0.1694
105,14,4,19,104.62,0.0,3.347,0.1679
105,14,4,20,94.0,0.0,3.19,0.1625
105,14,4,21,81.38,0.0,2.961,0.1525
105,14,4,22,60.75,0.0,2.477,0.1427
105,14,4,23,63.38,0.0,2.181,0.1428
105,15,5,0,51.38,0.0,1.802,0.1353
105,15,5,1,53.75,0.0,1.606,0.1294
105,15,5,2,53.25,0.0,1.55,0.1318
105,15,5,3,52.5,0.0,1.353,0.1332
105,15,5,4,51.88,0.0,1.192,0.129
105,15,5,5,52.12,0.0,1.162,0.1296
105,15,5,6,52.62,0.0,1.308,0.1321
105,15,5,7,52.25,1.33,1.891,0.1449
105,15,5,8,53.88,14.62,2.181,0.1434
105,15,5,9,55.62,29.98,2.399,0.1464
105,15,5,10,58.75,41.15,2.596,0.15
105,15,5,11,61.12,49.75,2.558,0.1495
105,15,5,12,65.25,38.65,2.475,0.1522
105,15,5,13,66.0,33.68,2.372,0.1456
105,15,5,14,64.12,25.51,2.21,0.1393
105,15,5,15,63.88,14.34,2.319,0.1389
105,15,5,16,63.88,2.48,2.553,0.1491
105,15,5,17,65.25,0.0,3.536,0.1535
105,15,5,18,64.62,0.0,3.226,0.154
105,15,5,19,63.0,0.0,2.871,0.1536
105,15,5,20,61.0,0.0,2.663,0.153
105,15,5,21,55.88,0.0,2.32,0.1477
105,15,5,22,55.0,0.0,2.236,0.1382
105,15,5,23,53.25,0.0,1.698,0.1285
105,16,6,0,51.75,0.0,2.012,0.1314
105,16,6,1,51.88,0.0,1.731,0.131
105,16,6,2,51.0,0.0,1.504,0.1328
105,16,6,3,51.75,0.0,1.507,0.1302
105,16,6,4,51.38,0.0,1.386,0.1307
105,16,6,5,50.62,0.0,1.492,0.134
105,16,6,6,50.12,0.0,1.758,0.1381
105,16,6,7,51.0,1.16,1.797,0.1425
105,16,6,8,53.38,8.84,2.044,0.144
105,16,6,9,56.38,17.61,2.34,0.1457
105,16,6,10,57.38,14.84,2.766,0.1456
105,16,6,11,60.0,9.14,2.773,0.148
105,16,6,12,63.25,12.65,2.499,0.1494
105,16,6,13,67.0,6.92,2.305,0.1538
105,16,6,14,65.75,13.16,2.305,0.1554
105,16,6,15,72.12,8.41,2.335,0.1588
105,16,6,16,72.38,1.98,3.031,0.1615
105,16,6,17,72.25,0.0,4.497,0.1704
105,16,6,18,72.12,0.0,4.067,0.1694
105,16,6,19,70.0,0.0,3.582,0.1639
105,16,6,20,65.38,0.0,3.451,0.1623
105,16,6,21,58.12,0.0,2.799,0.1613
105,16,6,22,56.12,0.0,2.519,0.1565
105,16,6,23,52.5,0.0,2.106,0.144
105,17,0,0,53.5,0.0,2.601,0.144
105,17,0,1,52.75,0.0,2.352,0.1431
105,17,0,2,51.75,0.0,2.173,0.1375
105,17,0,3,53.0,0.0,2.14,0.1426
105,17,0,4,52.88,0.0,2.209,0.1438
105,17,0,5,52.75,0.0,2.748,0.1482
105,17,0,6,56.25,0.0,4.022,0.1519
105,17,0,7,69.75,1.97,4.49,0.1577
105,17,0,8,83.12,17.5,4.685,0.1601
105,17,0,9,102.75,35.37,4.997,0.1597
105,17,0,10,128.5,49.65,5.475,0.165
105,17,0,11,137.25,53.94,5.702,0.164
105,17,0,12,144.5,55.05,5.031,0.1655
105,17,0,13,145.25,48.43,4.496,0.1716
105,17,0,14,152.0,37.72,4.146,0.1695
105,17,0,15,143.0,22.23,4.305,0.1698
105,17,0,16,143.0,4.88,5.364,0.167
105,17,0,17,139.12,0.0,8.517,0.1751
105,17,0,18,120.88,0.0,8.598,0.1771
105,17,0,19,109.0,0.0,7.143,0.1769
105,17,0,20,98.12,0.0,6.59,0.1766
105,17,0,21,88.88,0.0,5.123,0.1702
105,17,0,22,75.12,0.0,4.386,0.1553
105,17,0,23,64.5,0.0,3.686,0.1544
105,18,1,0,53.12,0.0,3.577,0.1512
105,18,1,1,50.25,0.0,3.391,0.1529
105,18,1,2,49.88,0.0,3.18,0.1497
105,18,1,3,48.38,0.0,3.199,0.1485
105,18,1,4,48.12,0.0,3.228,0.1455
105,18,1,5,48.12,0.0,3.962,0.1501
105,18,1,6,51.62,0.0,5.467,0.157
105,18,1,7,61.25,2.16,6.401,0.1584
105,18,1,8,73.75,18.97,6.908,0.1604
105,18,1,9,90.12,38.21,7.498,0.1616
105,18,1,10,115.0,51.64,7.718,0.1624
105,18,1,11,136.0,60.25,7.25,0.1655
105,18,1,12,135.5,61.1,7.099,0.1644
105,18,1,13,144.88,55.97,6.974,0.166
105,18,1,14,140.62,42.67,6.798,0.1685
105,18,1,15,136.62,24.44,6.975,0.1717
105,18,1,16,140.75,5.59,6.977,0.1774
105,18,1,17,143.0,0.0,9.221,0.1776
105,18,1,18,117.12,0.0,8.587,0.1839
105,18,1,19,101.62,0.0,7.813,0.1852
105,18,1,20,91.88,0.0,7.04,0.1776
105,18,1,21,88.75,0.0,6.006,0.1665
105,18,1,22,83.5,0.0,4.374,0.1599
105,18,1,23,76.0,0.0,3.765,0.1479
105,19,2,0,62.33,0.0,3.099,0.147
105,19,2,1,69.67,0.0,2.831,0.1432
105,19,2,2,69.17,0.0,2.633,0.1401
105,19,2,3,68.17,0.0,2.538,0.1419
105,19,2,4,68.17,0.0,2.656,0.1514
105,19,2,5,67.67,0.0,3.477,0.1506
105,19,2,6,71.67,0.0,5.293,0.1638
105,19,2,7,79.17,2.08,5.786,0.171
105,19,2,8,88.17,16.2,5.938,0.1735
105,19,2,9,99.67,32.1,5.93,0.1718
105,19,2,10,106.67,45.82,5.658,0.1709
105,19,2,11,118.17,54.66,5.097,0.1703
105,19,2,12,119.17,57.79,4.506,0.1745
105,19,2,13,123.17,38.38,4.138,0.1715
105,19,2,14,119.17,28.4,3.965,0.1752
105,19,2,15,117.67,16.38,4.147,0.1785
105,19,2,16,120.17,3.67,4.84,0.1781
105,19,2,17,118.17,0.0,7.444,0.1825
105,19,2,18,104.17,0.0,7.465,0.1817
105,19,2,19,96.17,0.0,5.838,0.1782
105,19,2,20,93.67,0.0,5.532,0.1776
105,19,2,21,88.17,0.0,4.535,0.176
105,19,2,22,74.17,0.0,3.606,0.1621
105,19,2,23,72.67,0.0,3.165,0.1504
105,20,3,0,64.46,0.0,3.327,0.1521
105,20,3,1,64.58,0.0,3.115,0.1489
105,20,3,2,55.12,0.0,2.981,0.1513
105,20,3,3,55.38,0.0,3.045,0.1508
105,20,3,4,54.75,0.0,2.941,0.1555
105,20,3,5,57.25,0.0,3.505,0.166
105,20,3,6,59.75,0.0,4.822,0.1853
105,20,3,7,71.25,2.3,5.275,0.1878
105,20,3,8,80.0,18.57,5.055,0.1864
105,20,3,9,101.12,35.65,4.693,0.1846
105,20,3,10,114.25,49.08,4.473,0.1809
105,20,3,11,134.5,56.71,4.062,0.1835
105,20,3,12,140.5,55.07,3.623,0.1808
105,20,3,13,143.75,48.96,3.599,0.1799
105,20,3,14,141.62,39.55,3.412,0.1775
105,20,3,15,139.62,24.13,3.548,0.1827
105,20,3,16,144.88,6.29,4.167,0.1849
105,20,3,17,144.38,0.0,5.603,0.1903
105,20,3,18,115.38,0.0,5.628,0.1934
105,20,3,19,98.75,0.0,4.841,0.1939
105,20,3,20,93.0,0.0,4.729,0.1964
105,20,3,21,86.38,0.0,4.2,0.1886
105,20,3,22,75.62,0.0,3.365,0.1766
105,20,3,23,64.5,0.0,3.381,0.1706
105,21,4,0,54.62,0.0,3.333,0.1763
105,21,4,1,50.5,0.0,3.091,0.1705
105,21,4,2,49.25,0.0,3.018,0.169
105,21,4,3,47.38,0.0,2.98,0.1698
105,21,4,4,47.5,0.0,2.828,0.181
105,21,4,5,47.12,0.0,3.275,0.1905
105,21,4,6,52.12,0.0,4.347,0.2013
105,21,4,7,62.0,2.26,4.657,0.203
105,21,4,8,72.12,14.68,4.577,0.2018
105,21,4,9,89.38,27.94,4.828,0.2033
105,21,4,10,112.88,35.25,4.825,0.2024
105,21,4,11,133.38,41.14,4.817,0.2155
105,21,4,12,142.38,41.46,4.5,0.2172
105,21,4,13,150.5,16.59,3.569,0.2179
105,21,4,14,146.0,16.06,3.47,0.2215
105,21,4,15,147.5,8.65,3.515,0.2151
105,21,4,16,145.88,1.97,4.164,0.2102
105,21,4,17,132.5,0.0,6.085,0.2064
105,21,4,18,116.12,0.0,5.808,0.2046
105,21,4,19,96.38,0.0,4.444,0.2055
105,21,4,20,90.5,0.0,4.436,0.2066
105,21,4,21,77.88,0.0,3.875,0.2025
105,21,4,22,63.0,0.0,3.413,0.1895
105,21,4,23,60.0,0.0,3.114,0.1858
105,22,5,0,51.88,0.0,3.152,0.1876
105,22,5,1,51.88,0.0,2.961,0.1852
105,22,5,2,50.88,0.0,2.72,0.1807
105,22,5,3,50.62,0.0,2.675,0.1773
105,22,5,4,49.25,0.0,2.576,0.1794
105,22,5,5,49.12,0.0,2.755,0.1802
105,22,5,6,49.0,0.0,3.305,0.1754
105,22,5,7,49.5,0.69,3.157,0.1745
105,22,5,8,53.12,4.14,3.844,0.1802
105,22,5,9,55.62,8.05,4.114,0.1863
105,22,5,10,56.0,10.59,4.195,0.193
105,22,5,11,59.88,8.06,4.128,0.2001
105,22,5,12,62.12,7.39,4.064,0.2048
105,22,5,13,63.12,10.65,3.763,0.2025
105,22,5,14,63.62,8.58,3.591,0.2001
105,22,5,15,62.75,5.69,3.588,0.1959
105,22,5,16,68.88,1.37,4.202,0.1973
105,22,5,17,70.75,0.0,5.402,0.2068
105,22,5,18,68.62,0.0,5.378,0.208
105,22,5,19,64.0,0.0,4.279,0.2025
105,22,5,20,58.25,0.0,4.096,0.2021
105,22,5,21,54.12,0.0,3.758,0.2025
105,22,5,22,50.5,0.0,3.339,0.1972
105,22,5,23,49.38,0.0,3.19,0.203
105,23,6,0,52.62,0.0,3.4,0.2115
105,23,6,1,49.5,0.0,3.172,0.2089
105,23,6,2,48.75,0.0,3.048,0.205
105,23,6,3,48.38,0.0,3.017,0.2022
105,23,6,4,48.25,0.0,2.818,0.2055
105,23,6,5,47.5,0.0,2.993,0.2096
105,23,6,6,47.0,0.0,3.162,0.207
105,23,6,7,48.38,2.79,2.889,0.1899
105,23,6,8,49.75,19.21,3.219,0.1969
105,23,6,9,51.75,37.87,3.912,0.1994
105,23,6,10,52.38,56.22,4.222,0.2026
105,23,6,11,55.75,65.09,4.061,0.2091
105,23,6,12,67.0,62.88,3.851,0.2095
105,23,6,13,68.38,59.58,3.499,0.2138
105,23,6,14,69.0,46.3,3.327,0.2104
105,23,6,15,67.38,24.79,3.376,0.2084
105,23,6,16,67.12,7.45,4.209,0.2088
105,23,6,17,68.5,0.0,5.809,0.2106
105,23,6,18,69.0,0.0,5.67,0.2157
105,23,6,19,67.62,0.0,4.651,0.2112
105,23,6,20,67.0,0.0,4.637,0.2155
105,23,6,21,60.25,0.0,4.247,0.2076
105,23,6,22,59.38,0.0,3.724,0.2013
105,23,6,23,59.88,0.0,3.144,0.1896
105,24,0,0,55.5,0.0,3.739,0.1999
105,24,0,1,55.62,0.0,3.291,0.1983
105,24,0,2,55.25,0.0,3.131,0.2026
105,24,0,3,55.0,0.0,3.128,0.203
105,24,0,4,54.88,0.0,3.135,0.2056
105,24,0,5,55.75,0.0,3.605,0.2124
105,24,0,6,56.25,0.0,4.731,0.2118
105,24,0,7,68.88,2.47,4.5,0.215
105,24,0,8,79.5,14.63,4.488,0.218
105,24,0,9,97.88,30.04,4.504,0.2178
105,24,0,10,117.75,40.63,4.678,0.2186
105,24,0,11,127.25,42.59,4.441,0.2186
105,24,0,12,134.88,36.78,4.068,0.2184
105,24,0,13,142.75,42.13,3.67,0.2169
105,24,0,14,144.5,32.19,3.48,0.2164
105,24,0,15,146.75,16.31,3.433,0.212
105,24,0,16,149.38,4.62,4.106,0.2161
105,24,0,17,139.38,0.0,5.53,0.2249
105,24,0,18,121.38,0.0,5.389,0.2302
105,24,0,19,106.0,0.0,4.599,0.2283
105,24,0,20,96.88,0.0,4.183,0.2242
105,24,0,21,88.12,0.0,3.751,0.2123
105,24,0,22,70.0,0.0,3.213,0.1985
105,24,0,23,64.88,0.0,3.091,0.1941
105,25,1,0,55.12,0.0,3.221,0.1813
105,25,1,1,53.5,0.0,2.879,0.1801
105,25,1,2,52.5,0.0,2.918,0.1795
105,25,1,3,51.75,0.0,2.919,0.1802
105,25,1,4,51.62,0.0,2.79,0.1768
105,25,1,5,51.38,0.0,3.125,0.1808
105,25,1,6,56.0,0.0,3.899,0.1875
105,25,1,7,70.12,1.51,4.266,0.1925
105,25,1,8,76.12,9.75,4.069,0.1952
105,25,1,9,92.38,18.45,4.306,0.1934
105,25,1,10,109.0,26.24,4.118,0.1982
105,25,1,11,125.88,41.11,3.791,0.1959
105,25,1,12,130.62,37.34,3.468,0.1897
105,25,1,13,136.88,32.81,3.33,0.1849
105,25,1,14,142.5,24.19,3.123,0.1856
105,25,1,15,142.5,14.42,3.141,0.1862
105,25,1,16,142.88,3.77,3.711,0.1933
105,25,1,17,138.62,0.0,5.158,0.2034
105,25,1,18,120.62,0.0,4.827,0.2068
105,25,1,19,106.88,0.0,4.239,0.2052
105,25,1,20,93.0,0.0,3.555,0.2019
105,25,1,21,85.5,0.0,3.176,0.1906
105,25,1,22,70.88,0.0,3.016,0.1757
105,25,1,23,62.88,0.0,2.8,0.1685
105,26,2,0,53.88,0.0,2.265,0.1608
105,26,2,1,54.0,0.0,2.021,0.1586
105,26,2,2,54.25,0.0,1.951,0.1586
105,26,2,3,53.75,0.0,1.958,0.1591
105,26,2,4,53.75,0.0,1.956,0.1601
105,26,2,5,53.5,0.0,2.188,0.1694
105,26,2,6,57.5,0.0,2.778,0.1847
105,26,2,7,69.12,1.49,3.289,0.1967
105,26,2,8,77.62,11.56,3.333,0.1995
105,26,2,9,97.75,27.27,3.442,0.1981
105,26,2,10,116.38,42.81,3.054,0.2002
105,26,2,11,128.25,53.28,3.053,0.2012
105,26,2,12,139.5,60.16,2.865,0.1933
105,26,2,13,140.62,51.17,2.665,0.1878
105,26,2,14,140.62,39.17,2.608,0.19
105,26,2,15,140.5,22.13,2.657,0.1949
105,26,2,16,138.88,6.71,3.246,0.2055
105,26,2,17,132.0,0.0,4.222,0.2194
105,26,2,18,118.38,0.0,3.897,0.2251
105,26,2,19,99.75,0.0,3.46,0.2211
105,26,2,20,91.12,0.0,3.222,0.2155
105,26,2,21,82.5,0.0,2.81,0.2102
105,26,2,22,68.75,0.0,2.556,0.1972
105,26,2,23,58.75,0.0,2.384,0.1802
105,27,3,0,55.25,0.0,2.489,0.1751
105,27,3,1,51.0,0.0,2.177,0.1712
105,27,3,2,49.5,0.0,1.977,0.1721
105,27,3,3,48.0,0.0,1.955,0.1742
105,27,3,4,48.25,0.0,2.007,0.1696
105,27,3,5,47.12,0.0,2.433,0.1788
105,27,3,6,51.38,0.0,2.983,0.1984
105,27,3,7,65.62,3.04,3.347,0.1978
105,27,3,8,75.5,20.97,3.258,0.2015
105,27,3,9,95.25,40.66,3.131,0.1994
105,27,3,10,112.62,55.54,3.07,0.1973
105,27,3,11,128.5,63.95,3.028,0.1966
105,27,3,12,131.12,65.92,2.948,0.1894
105,27,3,13,126.38,58.81,2.988,0.188
105,27,3,14,130.88,43.4,2.863,0.1918
105,27,3,15,136.75,22.5,2.845,0.1963
105,27,3,16,140.38,6.06,3.3,0.2013
105,27,3,17,129.88,0.0,4.3,0.205
105,27,3,18,113.88,0.0,4.126,0.2068
105,27,3,19,97.62,0.0,3.74,0.2062
105,27,3,20,86.25,0.0,3.301,0.2025
105,27,3,21,82.0,0.0,2.735,0.2025
105,27,3,22,72.25,0.0,2.46,0.2025
105,27,3,23,62.12,0.0,2.333,0.2025
105,28,4,0,55.5,0.0,2.308,0.1591
105,28,4,1,58.5,0.0,2.047,0.1592
105,28,4,2,59.0,0.0,1.853,0.1624
105,28,4,3,56.25,0.0,1.885,0.1608
105,28,4,4,56.75,0.0,2.015,0.1641
105,28,4,5,57.0,0.0,2.277,0.1714
105,28,4,6,60.12,0.0,2.805,0.1912
105,28,4,7,72.38,1.98,2.984,0.1923
105,28,4,8,79.75,10.45,2.917,0.1927
105,28,4,9,99.12,18.87,2.852,0.19
105,28,4,10,114.75,21.18,2.786,0.1935
105,28,4,11,126.0,24.74,2.687,0.1993
105,28,4,12,134.88,26.28,2.583,0.1958
105,28,4,13,135.38,30.46,2.549,0.1937
105,28,4,14,135.62,22.59,2.445,0.192
105,28,4,15,133.25,13.86,2.466,0.1974
105,28,4,16,134.75,4.08,2.874,0.2025
105,28,4,17,125.75,0.0,3.825,0.2108
105,28,4,18,104.5,0.0,3.698,0.2062
105,28,4,19,87.38,0.0,3.18,0.2012
105,28,4,20,81.12,0.0,2.816,0.1971
105,28,4,21,71.5,0.0,2.513,0.1976
105,28,4,22,64.75,0.0,2.329,0.1862
105,28,4,23,57.75,0.0,2.275,0.1812
105,29,5,0,49.75,0.0,2.652,0.1916
105,29,5,1,52.75,0.0,2.546,0.1821
105,29,5,2,51.62,0.0,2.214,0.1731
105,29,5,3,50.88,0.0,2.133,0.1717
105,29,5,4,49.75,0.0,2.12,0.1726
105,29,5,5,49.38,0.0,2.272,0.1763
105,29,5,6,50.75,0.0,2.177,0.1768
105,29,5,7,53.75,3.37,2.235,0.181
105,29,5,8,55.62,21.14,2.513,0.1854
105,29,5,9,56.25,39.56,2.733,0.1955
105,29,5,10,58.38,52.89,2.94,0.1954
105,29,5,11,60.5,60.99,2.895,0.1879
105,29,5,12,63.5,62.5,2.668,0.1788
105,29,5,13,64.0,56.75,2.472,0.1792
105,29,5,14,63.5,44.45,2.312,0.1799
105,29,5,15,63.0,26.86,2.398,0.1806
105,29,5,16,65.25,8.44,2.693,0.1844
105,29,5,17,65.0,0.0,3.427,0.1906
105,29,5,18,65.75,0.0,3.369,0.1975
105,29,5,19,64.5,0.0,2.892,0.1943
105,29,5,20,62.12,0.0,2.733,0.1877
105,29,5,21,53.62,0.0,2.515,0.1826
105,29,5,22,50.0,0.0,2.533,0.1735
105,29,5,23,49.38,0.0,2.227,0.1678
105,30,6,0,46.38,0.0,2.325,0.1705
105,30,6,1,46.5,0.0,2.148,0.1647
105,30,6,2,47.25,0.0,1.806,0.1631
105,30,6,3,46.12,0.0,1.757,0.1631
105,30,6,4,45.88,0.0,1.757,0.1642
105,30,6,5,45.5,0.0,1.881,0.1603
105,30,6,6,46.12,0.0,1.439,0.1597
105,30,6,7,46.0,2.52,1.636,0.1563
105,30,6,8,46.88,17.38,1.886,0.1582
105,30,6,9,49.0,36.67,2.168,0.164
105,30,6,10,53.25,51.2,2.25,0.1634
105,30,6,11,58.5,55.33,2.203,0.1611
105,30,6,12,59.62,55.21,2.205,0.1633
105,30,6,13,55.88,45.38,2.135,0.1678
105,30,6,14,57.88,34.87,2.111,0.1689
105,30,6,15,59.62,21.39,2.135,0.1742
105,30,6,16,59.62,6.82,2.475,0.1764
105,30,6,17,59.62,0.0,3.152,0.1718
105,30,6,18,61.88,0.0,3.086,0.1699
105,30,6,19,60.88,0.0,2.702,0.17
105,30,6,20,61.5,0.0,2.446,0.1682
105,30,6,21,53.12,0.0,2.133,0.1633
105,30,6,22,50.62,0.0,1.939,0.1527
105,30,6,23,49.12,0.0,1.738,0.153
105,31,0,0,50.62,0.0,1.568,0.15
105,31,0,1,47.62,0.0,1.367,0.1467
105,31,0,2,47.5,0.0,1.382,0.1457
105,31,0,3,46.12,0.0,1.349,0.1445
105,31,0,4,47.0,0.0,1.399,0.1438
105,31,0,5,46.88,0.0,1.506,0.1495
105,31,0,6,52.38,0.0,2.041,0.1612
105,31,0,7,66.62,2.4,2.286,0.1688
105,31,0,8,76.12,13.43,2.509,0.1725
105,31,0,9,98.12,23.32,2.524,0.1694
105,31,0,10,116.0,31.76,2.531,0.1668
105,31,0,11,129.5,37.18,2.554,0.1698
105,31,0,12,132.12,39.16,2.454,0.1684
105,31,0,13,139.0,33.64,2.386,0.1694
105,31,0,14,143.88,24.72,2.258,0.1709
105,31,0,15,145.12,16.45,2.261,0.1739
105,31,0,16,141.5,5.32,2.673,0.1856
105,31,0,17,134.75,0.0,3.502,0.1955
105,31,0,18,115.88,0.0,3.354,0.1971
105,31,0,19,97.0,0.0,2.94,0.1934
105,31,0,20,86.62,0.0,2.616,0.1838
105,31,0,21,82.5,0.0,2.392,0.1788
105,31,0,22,71.88,0.0,2.107,0.1608
105,31,0,23,65.12,0.0,1.776,0.1543
105,32,1,0,50.62,0.0,1.713,0.1547
105,32,1,1,48.5,0.0,1.417,0.1539
105,32,1,2,48.25,0.0,1.181,0.1519
105,32,1,3,46.25,0.0,1.188,0.1492
105,32,1,4,46.25,0.0,1.322,0.1431
105,32,1,5,46.75,0.0,1.753,0.1553
105,32,1,6,48.62,0.0,2.34,0.1782
105,32,1,7,64.62,4.0,2.727,0.1865
105,32,1,8,73.62,22.82,2.927,0.1869
105,32,1,9,92.25,39.91,2.922,0.1858
105,32,1,10,114.38,54.18,2.88,0.1834
105,32,1,11,124.0,63.61,2.866,0.1772
105,32,1,12,126.5,61.26,2.772,0.1776
105,32,1,13,134.25,54.67,2.675,0.1751
105,32,1,14,131.75,43.9,2.584,0.1766
105,32,1,15,137.75,28.96,2.594,0.1793
105,32,1,16,132.0,10.21,2.927,0.1843
105,32,1,17,129.5,0.0,3.714,0.194
105,32,1,18,112.75,0.0,3.833,0.1946
105,32,1,19,99.88,0.0,3.32,0.1849
105,32,1,20,89.88,0.0,2.929,0.1786
105,32,1,21,81.38,0.0,2.662,0.1673
105,32,1,22,73.25,0.0,2.103,0.1416
105,32,1,23,54.62,0.0,1.781,0.1338
105,33,2,0,51.0,0.0,1.447,0.1234
105,33,2,1,50.0,0.0,1.197,0.1178
105,33,2,2,48.0,0.0,0.982,0.1182
105,33,2,3,48.25,0.0,0.995,0.1219
105,33,2,4,48.62,0.0,1.131,0.1203
105,33,2,5,48.75,0.0,1.745,0.1303
105,33,2,6,53.75,0.0,2.115,0.1547
105,33,2,7,64.62,1.14,2.359,0.1631
105,33,2,8,73.12,3.23,2.352,0.1665
105,33,2,9,94.75,5.79,2.512,0.1626
105,33,2,10,113.62,6.46,2.512,0.1703
105,33,2,11,138.62,10.92,2.473,0.1759
105,33,2,12,145.62,8.93,2.394,0.1746
105,33,2,13,148.0,9.3,2.283,0.1801
105,33,2,14,147.75,8.11,2.119,0.1835
105,33,2,15,144.12,5.93,2.189,0.1811
105,33,2,16,150.0,2.5,2.546,0.1966
105,33,2,17,140.0,0.0,3.079,0.1921
105,33,2,18,122.5,0.0,3.09,0.1852
105,33,2,19,104.5,0.0,2.743,0.1736
105,33,2,20,91.0,0.0,2.345,0.1677
105,33,2,21,83.75,0.0,2.215,0.1531
105,33,2,22,67.88,0.0,1.893,0.1335
105,33,2,23,56.38,0.0,1.712,0.1267
105,34,3,0,53.0,0.0,1.438,0.1211
105,34,3,1,52.12,0.0,1.258,0.1167
105,34,3,2,50.5,0.0,1.117,0.1145
105,34,3,3,49.38,0.0,1.077,0.1143
105,34,3,4,48.38,0.0,1.248,0.1132
105,34,3,5,49.75,0.0,1.456,0.1218
105,34,3,6,52.62,0.0,1.796,0.138
105,34,3,7,64.0,2.05,2.113,0.1477
105,34,3,8,73.88,10.82,2.187,0.1564
105,34,3,9,99.0,19.53,2.277,0.1487
105,34,3,10,124.75,23.57,2.288,0.1578
105,34,3,11,140.25,34.13,2.31,0.1589
105,34,3,12,148.0,25.28,2.224,0.1611
105,34,3,13,151.5,17.23,2.125,0.1558
105,34,3,14,152.12,13.96,2.058,0.1611
105,34,3,15,154.25,8.58,2.116,0.1679
105,34,3,16,153.62,3.29,2.371,0.1747
105,34,3,17,138.5,0.0,2.967,0.184
105,34,3,18,117.5,0.0,3.021,0.1892
105,34,3,19,103.38,0.0,2.573,0.1889
105,34,3,20,91.5,0.0,2.342,0.184
105,34,3,21,87.5,0.0,2.163,0.1756
105,34,3,22,77.25,0.0,1.873,0.149
105,34,3,23,60.5,0.0,1.689,0.1306
105,35,4,0,55.88,0.0,1.67,0.1225
105,35,4,1,53.12,0.0,1.526,0.1174
105,35,4,2,52.0,0.0,1.342,0.1189
105,35,4,3,52.38,0.0,1.316,0.1179
105,35,4,4,52.38,0.0,1.396,0.1211
105,35,4,5,52.12,0.0,1.699,0.1351
105,35,4,6,55.5,0.0,2.032,0.161
105,35,4,7,68.5,1.39,2.55,0.1759
105,35,4,8,73.62,8.0,2.389,0.1807
105,35,4,9,90.62,17.61,2.521,0.1792
105,35,4,10,115.62,16.8,2.52,0.19
105,35,4,11,134.5,32.7,2.425,0.1904
105,35,4,12,137.88,39.33,2.339,0.1915
105,35,4,13,139.38,35.39,2.29,0.1763
105,35,4,14,144.88,30.37,2.126,0.1744
105,35,4,15,143.75,23.0,2.051,0.1704
105,35,4,16,144.25,11.43,2.468,0.174
105,35,4,17,131.0,0.0,3.096,0.1805
105,35,4,18,111.0,0.0,3.11,0.1907
105,35,4,19,103.5,0.0,2.729,0.1859
105,35,4,20,90.62,0.0,2.354,0.181
105,35,4,21,83.75,0.0,2.08,0.1765
105,35,4,22,68.62,0.0,2.031,0.1573
105,35,4,23,62.12,0.0,1.731,0.1453
105,36,5,0,52.02,0.0,2.59,0.1492
105,36,5,1,58.8,0.0,2.369,0.1398
105,36,5,2,58.3,0.0,2.031,0.137
105,36,5,3,56.3,0.0,1.994,0.1366
105,36,5,4,54.8,0.0,2.221,0.138
105,36,5,5,54.8,0.0,2.295,0.1387
105,36,5,6,56.3,0.0,2.279,0.1463
105,36,5,7,57.3,4.24,2.336,0.1507
105,36,5,8,58.3,20.96,2.457,0.158
105,36,5,9,58.3,36.03,2.568,0.1636
105,36,5,10,60.3,48.61,2.535,0.1597
105,36,5,11,60.3,55.61,2.461,0.155
105,36,5,12,61.3,53.57,2.483,0.1541
105,36,5,13,62.3,47.21,2.408,0.1543
105,36,5,14,62.3,37.11,2.325,0.1494
105,36,5,15,62.3,26.05,2.294,0.1516
105,36,5,16,61.8,10.89,2.416,0.1545
105,36,5,17,62.8,0.0,3.265,0.1606
105,36,5,18,62.3,0.0,3.405,0.1633
105,36,5,19,62.3,0.0,2.893,0.1659
105,36,5,20,61.8,0.0,2.694,0.1616
105,36,5,21,60.8,0.0,2.496,0.1558
105,36,5,22,59.8,0.0,2.314,0.1463
105,36,5,23,57.3,0.0,2.002,0.1397
105,37,6,0,51.52,0.0,2.666,0.1455
105,37,6,1,53.9,0.0,2.562,0.1439
105,37,6,2,49.38,0.0,2.315,0.1383
105,37,6,3,48.62,0.0,2.231,0.134
105,37,6,4,48.62,0.0,2.305,0.1358
105,37,6,5,47.88,0.0,2.24,0.1397
105,37,6,6,48.38,0.0,2.0,0.1485
105,37,6,7,49.5,4.98,1.809,0.1517
105,37,6,8,50.62,24.03,2.113,0.1532
105,37,6,9,53.0,41.48,2.304,0.158
105,37,6,10,56.12,55.37,2.339,0.1553
105,37,6,11,61.0,50.23,2.254,0.1511
105,37,6,12,61.38,52.05,2.302,0.1496
105,37,6,13,61.5,51.88,2.081,0.1519
105,37,6,14,63.38,38.84,2.068,0.1514
105,37,6,15,64.75,25.19,2.065,0.1548
105,37,6,16,65.12,9.02,2.248,0.1564
105,37,6,17,67.5,0.0,3.078,0.1587
105,37,6,18,65.62,0.0,3.215,0.1638
105,37,6,19,64.0,0.0,2.88,0.1596
105,37,6,20,62.0,0.0,2.81,0.1564
105,37,6,21,55.25,0.0,2.641,0.1536
105,37,6,22,54.12,0.0,2.413,0.1466
105,37,6,23,48.62,0.0,2.042,0.1426
105,38,0,0,50.75,0.0,2.456,0.1409
105,38,0,1,47.5,0.0,2.089,0.1415
105,38,0,2,46.25,0.0,1.894,0.1368
105,38,0,3,45.62,0.0,1.921,0.1373
105,38,0,4,44.38,0.0,2.088,0.1433
105,38,0,5,45.12,0.0,2.408,0.1637
105,38,0,6,48.12,0.0,2.719,0.1822
105,38,0,7,59.5,2.01,3.041,0.1908
105,38,0,8,69.0,10.42,3.081,0.193
105,38,0,9,89.25,16.43,3.118,0.1952
105,38,0,10,110.25,22.53,3.134,0.1924
105,38,0,11,127.12,28.74,3.055,0.194
105,38,0,12,136.25,36.49,2.949,0.1935
105,38,0,13,139.12,39.83,2.829,0.1913
105,38,0,14,143.25,34.86,2.814,0.1921
105,38,0,15,143.88,22.92,2.799,0.1928
105,38,0,16,140.12,7.28,3.084,0.1909
105,38,0,17,131.62,0.0,4.013,0.1984
105,38,0,18,116.75,0.0,4.002,0.1993
105,38,0,19,101.38,0.0,3.755,0.1982
105,38,0,20,86.38,0.0,3.174,0.1983
105,38,0,21,79.25,0.0,2.8,0.2006
105,38,0,22,71.12,0.0,2.489,0.1895
105,38,0,23,58.5,0.0,2.507,0.1756
105,39,1,0,54.75,0.0,2.536,0.1671
105,39,1,1,53.38,0.0,2.129,0.1664
105,39,1,2,51.25,0.0,1.875,0.1533
105,39,1,3,49.62,0.0,1.798,0.1513
105,39,1,4,49.25,0.0,2.072,0.1519
105,39,1,5,49.38,0.0,2.615,0.1657
105,39,1,6,53.0,0.0,2.883,0.1824
105,39,1,7,66.25,1.61,3.309,0.1906
105,39,1,8,72.0,9.85,3.314,0.1917
105,39,1,9,93.62,18.95,3.372,0.1901
105,39,1,10,109.5,27.83,3.205,0.1959
105,39,1,11,126.75,29.91,3.07,0.1956
105,39,1,12,128.75,25.78,3.049,0.1968
105,39,1,13,131.0,21.15,2.919,0.2006
105,39,1,14,134.12,16.62,2.814,0.1974
105,39,1,15,131.25,10.61,2.879,0.197
105,39,1,16,131.12,4.09,3.205,0.1963
105,39,1,17,132.0,0.29,4.148,0.1998
105,39,1,18,113.25,0.0,4.137,0.2015
105,39,1,19,90.88,0.0,3.663,0.2042
105,39,1,20,81.88,0.0,3.265,0.2017
105,39,1,21,77.0,0.0,2.842,0.1985
105,39,1,22,70.12,0.0,2.555,0.1856
105,39,1,23,64.0,0.0,2.401,0.1742
105,40,2,0,57.0,0.0,3.209,0.1728
105,40,2,1,55.75,0.0,2.842,0.165
105,40,2,2,54.38,0.0,2.579,0.1642
105,40,2,3,53.62,0.0,2.64,0.164
105,40,2,4,54.25,0.0,2.972,0.1652
105,40,2,5,53.62,0.0,3.014,0.1825
105,40,2,6,55.88,0.0,2.879,0.201
105,40,2,7,67.0,3.26,3.468,0.2077
105,40,2,8,77.88,15.94,3.674,0.2038
105,40,2,9,100.25,29.03,3.779,0.2013
105,40,2,10,122.0,40.42,3.772,0.2001
105,40,2,11,128.38,44.7,3.611,0.1966
105,40,2,12,131.25,41.13,3.562,0.1974
105,40,2,13,134.5,33.91,3.369,0.1976
105,40,2,14,128.88,27.54,3.345,0.1961
105,40,2,15,133.75,20.14,3.358,0.1999
105,40,2,16,138.0,9.91,3.624,0.2038
105,40,2,17,132.5,0.56,4.605,0.2065
105,40,2,18,114.62,0.0,4.67,0.2096
105,40,2,19,96.25,0.0,4.105,0.2134
105,40,2,20,88.62,0.0,3.634,0.2074
105,40,2,21,79.25,0.0,3.475,0.2045
105,40,2,22,70.75,0.0,2.881,0.1918
105,40,2,23,66.12,0.0,2.882,0.1813
105,41,3,0,55.12,0.0,3.11,0.1752
105,41,3,1,54.38,0.0,3.078,0.1714
105,41,3,2,53.12,0.0,2.91,0.1707
105,41,3,3,52.0,0.0,2.834,0.1682
105,41,3,4,52.62,0.0,2.944,0.1648
105,41,3,5,52.38,0.0,3.251,0.1714
105,41,3,6,54.12,0.0,3.914,0.186
105,41,3,7,65.62,6.09,4.37,0.2014
105,41,3,8,73.62,21.59,4.64,0.2032
105,41,3,9,99.5,34.31,4.639,0.1999
105,41,3,10,117.88,48.01,4.84,0.2005
105,41,3,11,132.12,47.89,4.73,0.1986
105,41,3,12,135.62,50.0,4.733,0.2114
105,41,3,13,137.75,45.5,4.504,0.217
105,41,3,14,134.62,36.13,4.453,0.225
105,41,3,15,137.5,25.49,4.539,0.2235
105,41,3,16,138.88,12.38,4.577,0.2199
105,41,3,17,135.0,0.8,5.782,0.2251
105,41,3,18,114.88,0.0,6.542,0.2365
105,41,3,19,104.12,0.0,5.863,0.2351
105,41,3,20,96.5,0.0,4.859,0.233
105,41,3,21,90.0,0.0,4.72,0.2196
105,41,3,22,71.12,0.0,4.215,0.2045
105,41,3,23,63.5,0.0,3.998,0.1934
105,42,4,0,53.5,0.0,4.763,0.1812
105,42,4,1,53.0,0.0,4.253,0.1763
105,42,4,2,52.5,0.0,4.154,0.1803
105,42,4,3,53.0,0.0,4.234,0.1785
105,42,4,4,51.12,0.0,4.279,0.1805
105,42,4,5,51.62,0.0,4.825,0.1849
105,42,4,6,53.5,0.0,5.838,0.1967
105,42,4,7,62.5,7.56,6.742,0.2066
105,42,4,8,72.38,28.11,6.2,0.2072
105,42,4,9,90.88,45.08,6.053,0.2077
105,42,4,10,107.38,58.83,5.955,0.1999
105,42,4,11,128.38,65.6,5.688,0.1894
105,42,4,12,138.12,61.9,5.394,0.2018
105,42,4,13,138.38,37.91,5.176,0.1971
105,42,4,14,135.88,29.93,5.019,0.1959
105,42,4,15,138.12,19.66,5.025,0.1974
105,42,4,16,138.38,7.59,5.399,0.1982
105,42,4,17,124.38,0.55,6.574,0.1989
105,42,4,18,115.25,0.0,7.181,0.2011
105,42,4,19,100.0,0.0,6.565,0.1959
105,42,4,20,91.75,0.0,5.932,0.1967
105,42,4,21,85.88,0.0,5.424,0.1987
105,42,4,22,68.38,0.0,4.955,0.1887
105,42,4,23,57.25,0.0,4.643,0.1849
105,43,5,0,47.12,0.0,5.027,0.1865
105,43,5,1,54.62,0.0,4.79,0.1802
105,43,5,2,49.12,0.0,4.655,0.1814
105,43,5,3,50.0,0.0,4.575,0.1815
105,43,5,4,50.0,0.0,4.623,0.1796
105,43,5,5,48.12,0.0,4.871,0.1856
105,43,5,6,47.12,0.0,5.14,0.1837
105,43,5,7,48.62,6.95,5.202,0.1866
105,43,5,8,51.75,23.88,5.616,0.1904
105,43,5,9,51.75,39.23,6.455,0.1878
105,43,5,10,55.38,54.23,7.425,0.1827
105,43,5,11,56.0,61.67,7.404,0.1882
105,43,5,12,61.5,63.31,7.284,0.1939
105,43,5,13,61.5,56.58,6.601,0.1903
105,43,5,14,65.75,46.33,6.568,0.1918
105,43,5,15,71.25,31.01,6.565,0.1927
105,43,5,16,69.75,14.7,6.65,0.1981
105,43,5,17,69.5,1.07,7.914,0.1999
105,43,5,18,66.88,0.0,8.748,0.21
105,43,5,19,62.5,0.0,8.33,0.2121
105,43,5,20,59.88,0.0,7.675,0.2178
105,43,5,21,56.88,0.0,6.85,0.2204
105,43,5,22,55.62,0.0,6.613,0.2147
105,43,5,23,55.0,0.0,5.817,0.2073
105,44,6,0,50.75,0.0,6.529,0.216
105,44,6,1,50.62,0.0,6.157,0.2195
105,44,6,2,49.5,0.0,5.672,0.2191
105,44,6,3,49.88,0.0,5.56,0.2178
105,44,6,4,49.62,0.0,5.717,0.2192
105,44,6,5,49.38,0.0,5.748,0.2237
105,44,6,6,48.5,0.0,5.82,0.2224
105,44,6,7,49.5,8.98,6.5,0.2146
105,44,6,8,49.25,31.83,7.0,0.2213
105,44,6,9,52.5,51.41,7.7,0.2291
105,44,6,10,55.62,66.79,7.925,0.2224
105,44,6,11,56.25,74.17,7.6,0.2241
105,44,6,12,60.75,74.2,6.815,0.2262
105,44,6,13,67.62,70.5,6.755,0.2274
105,44,6,14,69.38,57.88,6.5,0.224
105,44,6,15,67.75,38.74,6.5,0.2219
105,44,6,16,69.38,17.46,6.81,0.2252
105,44,6,17,67.38,1.14,8.693,0.2294
105,44,6,18,67.75,0.0,9.84,0.2358
105,44,6,19,70.88,0.0,8.5,0.2343
105,44,6,20,64.38,0.0,9.0,0.2274
105,44,6,21,58.5,0.0,8.329,0.2234
105,44,6,22,54.12,0.0,6.907,0.2192
105,44,6,23,52.62,0.0,5.628,0.2162
105,45,0,0,53.5,0.0,4.916,0.2251
105,45,0,1,48.88,0.0,4.779,0.2158
105,45,0,2,47.0,0.0,4.644,0.2139
105,45,0,3,46.0,0.0,4.603,0.2134
105,45,0,4,46.0,0.0,4.761,0.2165
105,45,0,5,46.88,0.0,4.893,0.2306
105,45,0,6,49.62,0.0,5.819,0.2329
105,45,0,7,63.12,2.89,5.885,0.223
105,45,0,8,71.12,8.07,7.306,0.2113
105,45,0,9,92.25,11.49,7.848,0.2076
105,45,0,10,110.75,9.49,7.463,0.2168
105,45,0,11,126.75,10.31,7.0,0.2127
105,45,0,12,132.5,19.73,7.304,0.2158
105,45,0,13,137.62,10.92,5.086,0.2204
105,45,0,14,134.62,23.21,5.082,0.2201
105,45,0,15,134.0,13.09,4.569,0.2144
105,45,0,16,135.75,5.65,6.567,0.2147
105,45,0,17,132.38,0.53,7.254,0.2146
105,45,0,18,114.75,0.0,7.38,0.2189
105,45,0,19,97.5,0.0,6.0,0.2144
105,45,0,20,84.75,0.0,5.093,0.211
105,45,0,21,71.38,0.0,4.666,0.2024
105,45,0,22,63.12,0.0,4.06,0.1913
105,45,0,23,61.0,0.0,4.358,0.1809
105,46,1,0,58.88,0.0,3.026,0.1913
105,46,1,1,53.62,0.0,2.679,0.1952
105,46,1,2,51.88,0.0,2.374,0.1937
105,46,1,3,50.38,0.0,2.392,0.1925
105,46,1,4,51.0,0.0,2.437,0.1927
105,46,1,5,50.5,0.0,2.737,0.1897
105,46,1,6,55.12,0.0,3.891,0.1859
105,46,1,7,66.12,2.62,4.284,0.1823
105,46,1,8,72.0,7.56,5.011,0.1798
105,46,1,9,96.0,11.9,5.479,0.1807
105,46,1,10,116.5,17.12,4.4,0.1937
105,46,1,11,119.5,9.71,4.016,0.1952
105,46,1,12,125.75,6.12,3.792,0.1899
105,46,1,13,132.88,7.75,3.302,0.1863
105,46,1,14,134.12,18.79,3.072,0.1934
105,46,1,15,140.25,11.98,3.023,0.1947
105,46,1,16,141.12,5.57,3.48,0.1925
105,46,1,17,134.12,0.61,4.484,0.1957
105,46,1,18,116.88,0.0,4.849,0.2027
105,46,1,19,101.0,0.0,4.174,0.1969
105,46,1,20,93.0,0.0,3.375,0.1934
105,46,1,21,79.0,0.0,2.938,0.1901
105,46,1,22,72.62,0.0,2.526,0.1906
105,46,1,23,71.25,0.0,2.453,0.1839
105,47,2,0,56.88,0.0,2.721,0.1929
105,47,2,1,58.75,0.0,2.544,0.1963
105,47,2,2,57.0,0.0,2.431,0.1927
105,47,2,3,55.88,0.0,2.433,0.1851
105,47,2,4,55.12,0.0,2.481,0.1876
105,47,2,5,54.25,0.0,2.688,0.1876
105,47,2,6,58.38,0.0,3.303,0.1925
105,47,2,7,69.25,3.78,3.629,0.2057
105,47,2,8,74.25,11.84,3.713,0.2072
105,47,2,9,95.25,19.06,3.677,0.2003
105,47,2,10,112.0,22.9,3.603,0.1919
105,47,2,11,123.5,28.21,3.416,0.1924
105,47,2,12,120.25,21.72,3.219,0.189
105,47,2,13,129.38,24.07,2.881,0.192
105,47,2,14,128.75,18.89,2.816,0.1939
105,47,2,15,123.25,12.13,2.814,0.1927
105,47,2,16,126.25,4.43,3.414,0.1945
105,47,2,17,129.38,0.5,4.418,0.1995
105,47,2,18,110.62,0.0,4.724,0.2013
105,47,2,19,99.38,0.0,3.941,0.2004
105,47,2,20,90.62,0.0,3.464,0.2022
105,47,2,21,71.12,0.0,2.871,0.2035
105,47,2,22,60.25,0.0,2.691,0.1902
105,47,2,23,56.62,0.0,2.567,0.1855
105,48,3,0,54.0,0.0,2.382,0.1893
105,48,3,1,50.62,0.0,2.295,0.1863
105,48,3,2,50.25,0.0,2.155,0.1854
105,48,3,3,49.62,0.0,2.183,0.1875
105,48,3,4,49.38,0.0,2.273,0.1904
105,48,3,5,48.38,0.0,2.41,0.1974
105,48,3,6,51.88,0.0,3.137,0.204
105,48,3,7,64.62,10.49,3.327,0.2071
105,48,3,8,69.88,33.37,3.372,0.2096
105,48,3,9,87.75,54.22,3.35,0.2021
105,48,3,10,105.62,70.67,3.513,0.2011
105,48,3,11,117.38,79.56,3.145,0.2019
105,48,3,12,123.5,81.03,3.044,0.2001
105,48,3,13,128.5,74.71,2.921,0.1972
105,48,3,14,128.12,60.89,2.881,0.1996
105,48,3,15,122.5,41.24,2.91,0.2031
105,48,3,16,129.75,18.91,3.059,0.2074
105,48,3,17,127.0,1.51,4.052,0.2118
105,48,3,18,107.0,0.0,4.376,0.2114
105,48,3,19,97.75,0.0,3.816,0.211
105,48,3,20,84.25,0.0,3.409,0.2114
105,48,3,21,68.38,0.0,3.206,0.2102
105,48,3,22,57.62,0.0,2.565,0.201
105,48,3,23,54.88,0.0,2.616,0.1952
105,49,4,0,54.38,0.0,2.462,0.1942
105,49,4,1,51.0,0.0,2.21,0.1897
105,49,4,2,49.25,0.0,2.098,0.1876
105,49,4,3,47.0,0.0,2.047,0.1852
105,49,4,4,46.88,0.0,2.086,0.1864
105,49,4,5,46.38,0.0,2.225,0.1899
105,49,4,6,50.5,0.0,2.866,0.1983
105,49,4,7,62.12,6.14,3.077,0.1972
105,49,4,8,71.88,19.22,3.053,0.2033
105,49,4,9,89.38,33.25,3.054,0.1951
105,49,4,10,102.88,42.71,3.039,0.1959
105,49,4,11,115.88,46.22,2.86,0.1931
105,49,4,12,124.75,39.3,2.79,0.1899
105,49,4,13,124.5,42.98,2.566,0.1909
105,49,4,14,133.62,33.26,2.449,0.1941
105,49,4,15,132.5,22.97,2.473,0.1912
105,49,4,16,129.0,9.39,2.854,0.1925
105,49,4,17,116.75,0.93,3.491,0.2033
105,49,4,18,100.38,0.0,3.539,0.2026
105,49,4,19,95.88,0.0,3.007,0.193
105,49,4,20,91.75,0.0,2.715,0.1886
105,49,4,21,72.88,0.0,2.511,0.1807
105,49,4,22,61.62,0.0,2.293,0.1724
105,49,4,23,59.12,0.0,2.321,0.1621
105,50,5,0,53.88,0.0,2.139,0.1464
105,50,5,1,56.5,0.0,1.917,0.1393
105,50,5,2,55.75,0.0,1.689,0.1307
105,50,5,3,55.12,0.0,1.651,0.1317
105,50,5,4,55.38,0.0,1.608,0.131
105,50,5,5,54.62,0.0,1.816,0.136
105,50,5,6,52.88,0.0,1.848,0.1429
105,50,5,7,55.12,6.55,1.69,0.1438
105,50,5,8,57.38,18.85,1.919,0.1521
105,50,5,9,57.62,30.27,2.091,0.1539
105,50,5,10,58.38,42.52,2.254,0.1607
105,50,5,11,60.38,49.37,2.084,0.1583
105,50,5,12,64.75,43.67,1.978,0.1545
105,50,5,13,65.25,50.09,1.807,0.1488
105,50,5,14,62.75,22.25,1.761,0.1419
105,50,5,15,66.38,19.37,1.703,0.141
105,50,5,16,68.88,10.01,1.878,0.1456
105,50,5,17,69.0,1.07,2.618,0.1581
105,50,5,18,70.25,0.0,2.878,0.1631
105,50,5,19,67.0,0.0,2.327,0.1614
105,50,5,20,64.0,0.0,2.083,0.1579
105,50,5,21,64.38,0.0,1.926,0.1575
105,50,5,22,59.38,0.0,1.842,0.1416
105,50,5,23,51.88,0.0,1.756,0.1328
105,51,6,0,50.62,0.0,1.516,0.1338
105,51,6,1,51.25,0.0,1.43,0.1304
105,51,6,2,52.0,0.0,1.28,0.1304
105,51,6,3,51.88,0.0,1.257,0.1297
105,51,6,4,51.0,0.0,1.241,0.13
105,51,6,5,51.12,0.0,1.278,0.1332
105,51,6,6,51.12,0.0,1.071,0.1379
105,51,6,7,52.0,8.25,1.219,0.1406
105,51,6,8,52.62,19.87,1.312,0.1466
105,51,6,9,52.0,29.77,1.507,0.1489
105,51,6,10,54.12,28.7,1.512,0.1489
105,51,6,11,56.25,23.47,1.521,0.1466
105,51,6,12,61.12,24.6,1.467,0.1471
105,51,6,13,62.75,50.34,1.409,0.1459
105,51,6,14,63.12,37.83,1.372,0.1426
105,51,6,15,61.38,24.9,1.353,0.1424
105,51,6,16,63.0,11.86,1.5,0.1473
105,51,6,17,63.38,0.95,2.221,0.1646
105,51,6,18,61.12,0.0,2.784,0.173
105,51,6,19,60.62,0.0,2.101,0.1731
105,51,6,20,57.38,0.0,1.972,0.1683
105,51,6,21,53.25,0.0,1.722,0.1617
105,51,6,22,49.5,0.0,1.58,0.1522
105,51,6,23,49.38,0.0,1.439,0.1452
105,52,0,0,53.38,0.0,1.536,0.1339
105,52,0,1,49.62,0.0,1.461,0.133
105,52,0,2,48.38,0.0,1.258,0.1358
105,52,0,3,49.0,0.0,1.28,0.1376
105,52,0,4,49.75,0.0,1.422,0.1353
105,52,0,5,49.88,0.0,1.512,0.143
105,52,0,6,53.75,0.0,2.05,0.1654
105,52,0,7,64.88,12.4,2.216,0.1762
105,52,0,8,71.88,34.7,2.37,0.1881
105,52,0,9,96.0,55.4,2.425,0.1923
105,52,0,10,119.5,70.92,2.457,0.1826
105,52,0,11,132.12,79.6,2.323,0.1712
105,52,0,12,133.88,81.02,2.205,0.1709
105,52,0,13,134.5,75.01,1.981,0.17
105,52,0,14,137.25,61.75,1.903,0.1722
105,52,0,15,134.62,42.82,1.93,0.1733
105,52,0,16,137.38,20.65,2.198,0.1802
105,52,0,17,133.0,2.06,3.066,0.1889
105,52,0,18,122.12,0.0,3.352,0.1971
105,52,0,19,106.0,0.0,2.869,0.1995
105,52,0,20,101.5,0.0,2.653,0.1939
105,52,0,21,90.12,0.0,2.346,0.1883
105,52,0,22,80.5,0.0,1.955,0.1696
105,52,0,23,65.25,0.0,1.93,0.1628
105,53,1,0,55.38,0.0,1.847,0.1538
105,53,1,1,57.12,0.0,1.664,0.1501
105,53,1,2,54.88,0.0,1.532,0.148
105,53,1,3,55.25,0.0,1.527,0.1462
105,53,1,4,54.88,0.0,1.57,0.1472
105,53,1,5,55.75,0.0,1.831,0.1533
105,53,1,6,57.5,0.0,2.802,0.1816
105,53,1,7,69.62,3.01,2.632,0.1918
105,53,1,8,75.62,6.91,2.802,0.1937
105,53,1,9,93.88,10.02,2.72,0.1934
105,53,1,10,113.0,12.13,2.818,0.1964
105,53,1,11,129.12,20.57,2.609,0.1979
105,53,1,12,137.5,17.84,2.566,0.1961
105,53,1,13,142.62,12.15,2.265,0.196
105,53,1,14,138.62,10.99,2.237,0.2001
105,53,1,15,134.62,12.64,2.137,0.2065
105,53,1,16,138.38,6.13,2.401,0.2104
105,53,1,17,132.5,0.68,3.171,0.2101
105,53,1,18,121.0,0.0,3.918,0.2108
105,53,1,19,105.38,0.0,3.113,0.2087
105,53,1,20,98.88,0.0,2.518,0.2025
105,53,1,21,85.38,0.0,2.157,0.1948
105,53,1,22,64.5,0.0,2.016,0.1754
105,53,1,23,57.12,0.0,1.898,0.1576
105,54,2,0,73.4,0.0,1.982,0.1424
105,54,2,1,91.81,0.0,1.724,0.1397
105,54,2,2,91.81,0.0,1.703,0.1366
105,54,2,3,91.81,0.0,1.722,0.1383
105,54,2,4,91.81,0.0,1.701,0.1437
105,54,2,5,91.81,0.0,1.839,0.1593
105,54,2,6,91.81,0.0,2.333,0.1904
105,54,2,7,91.81,5.11,2.231,0.2014
105,54,2,8,91.81,14.28,2.438,0.2081
105,54,2,9,91.81,23.35,2.74,0.2133
105,54,2,10,91.81,10.95,2.68,0.2098
105,54,2,11,91.81,19.81,2.53,0.2094
105,54,2,12,91.81,16.07,2.303,0.2077
105,54,2,13,91.81,19.59,1.997,0.2111
105,54,2,14,91.81,15.77,1.918,0.2133
105,54,2,15,91.81,5.68,1.838,0.2126
105,54,2,16,91.81,2.91,2.096,0.2116
105,54,2,17,91.81,0.55,2.947,0.2205
105,54,2,18,91.81,0.0,3.3,0.2224
105,54,2,19,91.81,0.0,2.511,0.2202
105,54,2,20,91.81,0.0,2.088,0.2145
105,54,2,21,91.81,0.0,1.842,0.2065
105,54,2,22,91.81,0.0,1.551,0.1895
105,54,2,23,91.81,0.0,1.543,0.1554
105,55,3,0,74.53,0.0,1.31,0.1296
105,55,3,1,73.4,0.0,1.238,0.1302
105,55,3,2,54.0,0.0,0.93,0.1294
105,55,3,3,52.38,0.0,0.922,0.1295
105,55,3,4,49.88,0.0,1.064,0.1275
105,55,3,5,50.0,0.0,1.314,0.132
105,55,3,6,53.25,0.0,1.97,0.1478
105,55,3,7,67.38,8.31,1.871,0.1612
105,55,3,8,73.38,14.07,1.983,0.1583
105,55,3,9,96.75,19.41,2.119,0.1582
105,55,3,10,117.38,28.18,2.273,0.1619
105,55,3,11,134.12,33.49,2.221,0.1593
105,55,3,12,139.38,27.5,2.156,0.1572
105,55,3,13,145.0,19.73,2.023,0.1607
105,55,3,14,144.38,12.12,1.956,0.1627
105,55,3,15,145.0,10.82,1.898,0.1682
105,55,3,16,145.75,4.76,2.125,0.1715
105,55,3,17,137.12,0.81,2.783,0.1759
105,55,3,18,118.5,0.0,3.188,0.1771
105,55,3,19,105.25,0.0,2.666,0.1735
105,55,3,20,95.5,0.0,2.029,0.172
105,55,3,21,82.5,0.0,1.967,0.1678
105,55,3,22,76.88,0.0,1.78,0.1472
105,55,3,23,65.88,0.0,1.505,0.1373
105,56,4,0,55.75,0.0,1.597,0.1298
105,56,4,1,56.0,0.0,1.514,0.1307
105,56,4,2,53.12,0.0,1.269,0.1268
105,56,4,3,50.62,0.0,1.249,0.1243
105,56,4,4,50.25,0.0,1.469,0.1261
105,56,4,5,50.88,0.0,1.711,0.1381
105,56,4,6,52.5,0.0,2.276,0.1602
105,56,4,7,65.25,12.59,2.438,0.1716
105,56,4,8,75.75,30.07,2.529,0.1743
105,56,4,9,95.0,47.84,2.694,0.1725
105,56,4,10,116.75,58.17,2.756,0.1721
105,56,4,11,128.0,65.04,2.752,0.1642
105,56,4,12,132.38,63.54,2.531,0.1655
105,56,4,13,139.0,71.39,2.362,0.1679
105,56,4,14,136.88,65.44,2.241,0.1712
105,56,4,15,139.38,46.54,2.217,0.1757
105,56,4,16,135.88,24.29,2.482,0.1783
105,56,4,17,123.88,3.3,3.255,0.1856
105,56,4,18,114.25,0.0,3.533,0.1917
105,56,4,19,99.12,0.0,2.905,0.1911
105,56,4,20,87.25,0.0,2.531,0.1885
105,56,4,21,80.5,0.0,2.4,0.1824
105,56,4,22,65.38,0.0,2.175,0.1665
105,56,4,23,59.25,0.0,2.004,0.159
105,57,5,0,53.75,0.0,2.137,0.1583
105,57,5,1,52.0,0.0,1.847,0.1514
105,57,5,2,51.0,0.0,1.666,0.1511
105,57,5,3,52.25,0.0,1.608,0.1483
105,57,5,4,51.0,0.0,1.667,0.1467
105,57,5,5,50.75,0.0,1.735,0.1523
105,57,5,6,50.5,0.54,1.731,0.1671
105,57,5,7,50.0,14.29,1.836,0.1667
105,57,5,8,54.12,36.64,2.149,0.1623
105,57,5,9,52.38,57.26,2.426,0.1596
105,57,5,10,55.62,74.03,2.469,0.1567
105,57,5,11,58.62,83.26,2.253,0.1568
105,57,5,12,63.0,85.15,1.943,0.1531
105,57,5,13,66.75,79.44,1.776,0.1482
105,57,5,14,65.62,65.87,1.773,0.1506
105,57,5,15,66.12,46.55,1.722,0.1536
105,57,5,16,65.12,23.67,2.087,0.1601
105,57,5,17,66.38,3.14,2.714,0.1725
105,57,5,18,66.75,0.0,3.058,0.175
105,57,5,19,66.5,0.0,2.732,0.1813
105,57,5,20,67.25,0.0,2.527,0.1798
105,57,5,21,64.75,0.0,2.068,0.1664
105,57,5,22,61.5,0.0,1.761,0.153
105,57,5,23,53.38,0.0,1.688,0.1431
105,58,6,0,52.0,0.0,1.595,0.1447
105,58,6,1,54.75,0.0,1.433,0.1394
105,58,6,2,53.12,0.0,1.208,0.1432
105,58,6,3,52.38,0.0,1.154,0.1363
105,58,6,4,49.25,0.0,1.172,0.1345
105,58,6,5,49.75,0.0,1.2,0.1378
105,58,6,6,48.38,0.54,0.982,0.1449
105,58,6,7,49.75,13.2,1.009,0.1493
105,58,6,8,50.25,35.02,1.346,0.1525
105,58,6,9,50.88,56.02,1.744,0.1502
105,58,6,10,51.62,73.04,1.784,0.1457
105,58,6,11,51.75,82.62,1.783,0.1475
105,58,6,12,58.62,83.9,1.6,0.146
105,58,6,13,61.25,78.07,1.381,0.1446
105,58,6,14,63.38,65.02,1.269,0.1484
105,58,6,15,61.88,45.67,1.266,0.1597
105,58,6,16,64.0,22.91,1.445,0.1658
105,58,6,17,65.88,3.1,2.14,0.1689
105,58,6,18,64.88,0.0,2.634,0.1726
105,58,6,19,65.25,0.0,2.137,0.1727
105,58,6,20,61.88,0.0,1.827,0.173
105,58,6,21,60.25,0.0,1.627,0.1692
105,58,6,22,58.88,0.0,1.433,0.156
105,58,6,23,54.12,0.0,1.291,0.1413
105,59,0,0,54.25,0.0,1.208,0.1418
105,59,0,1,49.75,0.0,1.127,0.1423
105,59,0,2,50.75,0.0,0.95,0.1391
105,59,0,3,49.75,0.0,0.893,0.1353
105,59,0,4,49.62,0.0,1.006,0.1353
105,59,0,5,49.62,0.0,1.257,0.1371
105,59,0,6,52.38,0.53,1.538,0.1514
105,59,0,7,65.88,7.39,1.732,0.1539
105,59,0,8,76.25,13.63,1.848,0.1592
105,59,0,9,94.38,16.27,2.077,0.1614
105,59,0,10,114.38,13.88,2.167,0.1676
105,59,0,11,133.25,37.82,2.103,0.1694
105,59,0,12,137.38,67.59,2.045,0.1635
105,59,0,13,141.88,64.52,1.95,0.1612
105,59,0,14,138.5,58.01,1.876,0.1588
105,59,0,15,142.25,41.17,1.928,0.1574
105,59,0,16,138.5,22.4,2.111,0.1625
105,59,0,17,135.62,3.34,2.522,0.1691
105,59,0,18,119.75,0.0,2.884,0.1716
105,59,0,19,106.62,0.0,2.629,0.1634
105,59,0,20,101.38,0.0,2.38,0.1605
105,59,0,21,95.38,0.0,1.958,0.1504
105,59,0,22,69.0,0.0,1.681,0.1356
105,59,0,23,63.75,0.0,1.443,0.1324
105,60,1,0,57.5,0.0,1.285,0.127
105,60,1,1,57.12,0.0,1.047,0.1311
105,60,1,2,55.38,0.0,0.963,0.1323
105,60,1,3,55.12,0.0,0.948,0.1312
105,60,1,4,54.38,0.0,1.055,0.1378
105,60,1,5,54.25,0.0,1.507,0.1507
105,60,1,6,57.75,0.77,2.119,0.1774
105,60,1,7,68.0,15.61,2.331,0.1897
105,60,1,8,80.5,38.59,2.475,0.1989
105,60,1,9,95.5,59.03,2.541,0.1909
105,60,1,10,123.5,74.09,2.569,0.1958
105,60,1,11,136.12,82.36,2.444,0.1855
105,60,1,12,137.38,82.91,2.398,0.1709
105,60,1,13,139.0,75.61,2.325,0.1683
105,60,1,14,137.12,62.05,2.255,0.1666
105,60,1,15,140.75,41.33,2.236,0.1666
105,60,1,16,143.88,20.41,2.377,0.1703
105,60,1,17,139.38,2.63,2.848,0.1758
105,60,1,18,116.12,0.0,3.234,0.1856
105,60,1,19,100.75,0.0,2.892,0.1791
105,60,1,20,90.75,0.0,2.375,0.1675
105,60,1,21,80.88,0.0,2.18,0.1557
105,60,1,22,69.12,0.0,1.81,0.1463
105,60,1,23,62.38,0.0,1.592,0.1374
105,61,2,0,57.0,0.0,1.371,0.1314
105,61,2,1,55.88,0.0,1.139,0.1224
105,61,2,2,55.5,0.0,1.037,0.1224
105,61,2,3,55.5,0.0,1.084,0.1229
105,61,2,4,53.5,0.0,1.17,0.1282
105,61,2,5,54.25,0.0,1.367,0.1391
105,61,2,6,57.0,0.53,1.96,0.1658
105,61,2,7,68.0,11.25,1.838,0.181
105,61,2,8,77.0,30.47,2.004,0.1728
105,61,2,9,100.12,49.52,2.029,0.1821
105,61,2,10,122.25,68.53,2.146,0.1759
105,61,2,11,133.88,76.75,2.115,0.1755
105,61,2,12,137.0,88.75,1.964,0.1703
105,61,2,13,137.38,82.5,1.873,0.1646
105,61,2,14,136.62,68.95,1.835,0.1692
105,61,2,15,135.12,49.43,1.815,0.1758
105,61,2,16,136.62,26.45,2.074,0.1796
105,61,2,17,129.5,4.35,2.477,0.1891
105,61,2,18,118.0,0.0,3.08,0.2019
105,61,2,19,101.88,0.0,2.648,0.2049
105,61,2,20,90.0,0.0,2.316,0.1974
105,61,2,21,81.25,0.0,2.032,0.1947
105,61,2,22,65.75,0.0,1.824,0.1811
105,61,2,23,59.5,0.0,1.696,0.1645
105,62,3,0,53.88,0.0,2.301,0.165
105,62,3,1,54.88,0.0,2.067,0.1621
105,62,3,2,53.38,0.0,1.884,0.154
105,62,3,3,53.12,0.0,1.879,0.1508
105,62,3,4,52.38,0.0,1.971,0.1542
105,62,3,5,51.25,0.0,2.324,0.1662
105,62,3,6,53.75,1.17,2.982,0.1926
105,62,3,7,66.38,17.27,3.027,0.1993
105,62,3,8,75.75,39.82,3.037,0.2008
105,62,3,9,96.62,60.41,2.99,0.1998
105,62,3,10,117.38,73.85,3.139,0.2079
105,62,3,11,132.38,77.86,2.962,0.2092
105,62,3,12,139.88,70.86,2.68,0.2031
105,62,3,13,147.38,53.76,2.538,0.2045
105,62,3,14,141.75,54.22,2.494,0.1988
105,62,3,15,145.75,35.89,2.479,0.1985
105,62,3,16,143.5,17.88,2.582,0.2045
105,62,3,17,132.62,2.42,3.195,0.2081
105,62,3,18,115.12,0.0,4.531,0.2137
105,62,3,19,101.5,0.0,3.858,0.2128
105,62,3,20,89.75,0.0,3.14,0.209
105,62,3,21,81.5,0.0,2.741,0.2095
105,62,3,22,67.5,0.0,2.395,0.1889
105,62,3,23,60.75,0.0,2.193,0.1782
105,63,4,0,53.88,0.0,2.579,0.168
105,63,4,1,52.38,0.0,2.433,0.1632
105,63,4,2,52.38,0.0,2.339,0.1631
105,63,4,3,50.62,0.0,2.34,0.1644
105,63,4,4,49.38,0.0,2.383,0.1687
105,63,4,5,49.38,0.0,2.738,0.177
105,63,4,6,52.38,0.61,3.531,0.1926
105,63,4,7,64.5,7.14,3.289,0.2054
105,63,4,8,74.0,16.94,3.688,0.2101
105,63,4,9,92.5,27.21,3.545,0.2091
105,63,4,10,109.75,37.67,3.605,0.2072
105,63,4,11,128.0,48.11,3.341,0.2082
105,63,4,12,134.88,50.73,2.893,0.2045
105,63,4,13,136.62,45.52,2.596,0.207
105,63,4,14,141.88,49.39,2.529,0.21
105,63,4,15,144.0,34.4,2.48,0.2052
105,63,4,16,141.25,18.86,2.626,0.1977
105,63,4,17,127.62,3.42,3.029,0.1992
105,63,4,18,109.75,0.0,4.053,0.2075
105,63,4,19,97.25,0.0,3.149,0.2067
105,63,4,20,86.62,0.0,2.939,0.205
105,63,4,21,78.62,0.0,2.777,0.2005
105,63,4,22,67.38,0.0,2.466,0.1815
105,63,4,23,60.12,0.0,2.362,0.1689
105,64,5,0,53.38,0.0,2.166,0.1605
105,64,5,1,53.88,0.0,2.294,0.1628
105,64,5,2,52.0,0.0,2.254,0.1603
105,64,5,3,52.5,0.0,2.099,0.1507
105,64,5,4,53.12,0.0,2.014,0.1454
105,64,5,5,50.62,0.0,2.193,0.1587
105,64,5,6,51.88,1.49,2.171,0.1773
105,64,5,7,52.38,18.93,2.165,0.1807
105,64,5,8,54.0,41.97,2.406,0.1821
105,64,5,9,54.25,62.65,2.863,0.195
105,64,5,10,57.0,75.87,2.84,0.203
105,64,5,11,61.75,61.79,2.633,0.1916
105,64,5,12,65.75,64.66,2.498,0.1849
105,64,5,13,66.5,65.63,2.188,0.1847
105,64,5,14,74.0,48.54,1.997,0.1818
105,64,5,15,71.62,31.01,2.014,0.1817
105,64,5,16,71.0,16.97,2.185,0.1869
105,64,5,17,70.5,3.12,2.902,0.1963
105,64,5,18,70.0,0.0,3.666,0.1989
105,64,5,19,66.25,0.0,3.103,0.2023
105,64,5,20,60.5,0.0,2.631,0.2014
105,64,5,21,56.62,0.0,2.445,0.1906
105,64,5,22,54.88,0.0,2.186,0.1759
105,64,5,23,51.25,0.0,2.086,0.1602
105,65,6,0,50.75,0.0,2.092,0.1552
105,65,6,1,48.25,0.0,1.953,0.1531
105,65,6,2,48.0,0.0,1.803,0.1535
105,65,6,3,46.12,0.0,1.803,0.1578
105,65,6,4,44.25,0.0,1.817,0.1588
105,65,6,5,46.12,0.0,1.802,0.1634
105,65,6,6,45.5,0.71,1.646,0.1802
105,65,6,7,45.62,7.27,1.504,0.1848
105,65,6,8,45.88,16.79,1.95,0.1786
105,65,6,9,45.75,26.7,2.355,0.1854
105,65,6,10,48.25,42.47,2.695,0.1878
105,65,6,11,56.12,66.69,2.61,0.1844
105,65,6,12,58.5,77.6,2.469,0.1812
105,65,6,13,61.0,75.39,2.289,0.1823
105,65,6,14,60.88,62.36,2.192,0.1739
105,65,6,15,65.25,43.06,2.157,0.181
105,65,6,16,66.75,22.61,2.402,0.1824
105,65,6,17,66.62,3.85,2.408,0.1904
105,65,6,18,67.25,0.0,3.141,0.2092
105,65,6,19,66.5,0.0,2.724,0.2016
105,65,6,20,62.12,0.0,2.3,0.1889
105,65,6,21,60.5,0.0,1.95,0.1863
105,65,6,22,55.75,0.0,1.884,0.1647
105,65,6,23,53.12,0.0,1.776,0.1654
105,66,0,0,52.5,0.0,1.885,0.1623
105,66,0,1,50.38,0.0,1.754,0.1625
105,66,0,2,48.25,0.0,1.518,0.1608
105,66,0,3,48.62,0.0,1.506,0.1633
105,66,0,4,47.88,0.0,1.611,0.1646
105,66,0,5,47.88,0.0,1.799,0.1769
105,66,0,6,53.62,1.2,2.306,0.1977
105,66,0,7,67.88,14.87,2.625,0.1984
105,66,0,8,74.62,38.01,2.632,0.1897
105,66,0,9,97.88,61.31,2.601,0.1892
105,66,0,10,118.12,75.45,2.67,0.1861
105,66,0,11,134.5,82.24,2.44,0.1893
105,66,0,12,142.75,87.95,2.045,0.1892
105,66,0,13,143.88,81.35,1.88,0.1834
105,66,0,14,146.0,68.4,1.801,0.186
105,66,0,15,144.75,48.58,1.719,0.1898
105,66,0,16,143.5,25.27,1.977,0.1959
105,66,0,17,136.0,4.39,2.881,0.1966
105,66,0,18,119.25,0.0,3.417,0.1979
105,66,0,19,100.88,0.0,2.834,0.1997
105,66,0,20,91.25,0.0,2.371,0.1973
105,66,0,21,84.88,0.0,2.041,0.196
105,66,0,22,71.5,0.0,1.717,0.1771
105,66,0,23,58.25,0.0,1.587,0.1556
105,67,1,0,66.31,0.0,1.553,0.1567
105,67,1,1,55.62,0.0,1.336,0.1534
105,67,1,2,53.75,0.0,1.221,0.1528
105,67,1,3,52.25,0.0,1.215,0.1532
105,67,1,4,51.5,0.0,1.338,0.1497
105,67,1,5,51.38,0.0,1.514,0.1585
105,67,1,6,57.25,1.29,2.048,0.1784
105,67,1,7,70.38,13.91,2.202,0.1954
105,67,1,8,77.75,30.95,2.188,0.203
105,67,1,9,92.62,49.63,2.265,0.2013
105,67,1,10,110.5,60.25,2.351,0.1979
105,67,1,11,127.12,71.08,2.272,0.1894
105,67,1,12,105.06,76.46,2.071,0.1801
105,67,1,13,75.12,70.91,1.943,0.1813
105,67,1,14,75.12,57.52,1.843,0.1798
105,67,1,15,75.12,37.63,1.913,0.182
105,67,1,16,75.12,20.48,2.082,0.1836
105,67,1,17,75.12,3.77,2.6,0.1918
105,67,1,18,75.12,0.0,3.538,0.198
105,67,1,19,75.12,0.0,2.625,0.1929
105,67,1,20,75.12,0.0,2.12,0.1981
105,67,1,21,75.12,0.0,1.954,0.1868
105,67,1,22,75.12,0.0,1.537,0.1595
105,67,1,23,75.12,0.0,1.433,0.1627
105,68,2,0,75.12,0.0,1.3,0.162
105,68,2,1,75.12,0.0,0.993,0.1378
105,68,2,2,75.12,0.0,0.924,0.1355
105,68,2,3,75.12,0.0,0.922,0.137
105,68,2,4,75.12,0.0,0.972,0.1392
105,68,2,5,75.12,0.0,1.471,0.1499
105,68,2,6,75.12,1.93,1.959,0.1687
105,68,2,7,75.12,19.8,2.147,0.1687
105,68,2,8,75.12,42.94,2.026,0.1653
105,68,2,9,75.12,64.32,2.185,0.1675
105,68,2,10,75.12,78.8,2.233,0.1674
105,68,2,11,75.12,88.9,2.251,0.1705
105,68,2,12,75.12,89.07,2.23,0.1772
105,68,2,13,75.12,81.31,2.105,0.1769
105,68,2,14,75.12,65.36,1.869,0.1784
105,68,2,15,75.12,43.51,1.998,0.181
105,68,2,16,75.12,24.01,2.221,0.1793
105,68,2,17,75.12,4.54,2.611,0.1783
105,68,2,18,75.12,0.0,3.76,0.186
105,68,2,19,75.12,0.0,2.835,0.1816
105,68,2,20,75.12,0.0,2.225,0.1818
105,68,2,21,75.12,0.0,1.772,0.1731
105,68,2,22,75.12,0.0,1.553,0.1578
105,68,2,23,75.12,0.0,1.369,0.1569
105,69,3,0,75.12,0.0,1.177,0.1423
105,69,3,1,75.12,0.0,1.118,0.14
105,69,3,2,75.12,0.0,0.906,0.1398
105,69,3,3,75.12,0.0,0.93,0.1384
105,69,3,4,75.12,0.0,0.975,0.1382
105,69,3,5,75.12,0.0,1.26,0.1438
105,69,3,6,75.12,1.42,1.767,0.1644
105,69,3,7,75.12,13.66,1.881,0.1656
105,69,3,8,75.12,29.32,1.867,0.1715
105,69,3,9,75.12,46.16,1.991,0.1761
105,69,3,10,75.12,54.37,2.181,0.1803
105,69,3,11,75.12,52.29,2.133,0.1838
105,69,3,12,75.12,57.02,2.129,0.1831
105,69,3,13,75.12,49.67,2.022,0.1799
105,69,3,14,75.12,40.84,1.968,0.1815
105,69,3,15,75.12,33.14,2.051,0.1835
105,69,3,16,75.12,15.61,2.289,0.1844
105,69,3,17,75.12,3.45,2.448,0.1964
105,69,3,18,75.12,0.0,3.189,0.1955
105,69,3,19,75.12,0.0,2.592,0.1932
105,69,3,20,75.12,0.0,2.035,0.184
105,69,3,21,75.12,0.0,1.804,0.1778
105,69,3,22,75.12,0.0,1.534,0.1567
105,69,3,23,75.12,0.0,1.378,0.15
105,70,4,0,75.12,0.0,1.022,0.1471
105,70,4,1,75.12,0.0,0.904,0.1479
105,70,4,2,75.12,0.0,0.804,0.1458
105,70,4,3,75.12,0.0,0.755,0.1459
105,70,4,4,75.12,0.0,0.843,0.1438
105,70,4,5,75.12,0.0,0.939,0.1477
105,70,4,6,75.12,1.29,1.711,0.151
105,70,4,7,75.12,12.37,1.723,0.1622
105,70,4,8,75.12,30.25,1.691,0.1779
105,70,4,9,75.12,46.92,1.795,0.1806
105,70,4,10,75.12,63.71,1.915,0.1857
105,70,4,11,75.12,73.93,1.858,0.189
105,70,4,12,75.12,70.57,1.845,0.1848
105,70,4,13,75.12,76.55,1.728,0.1821
105,70,4,14,75.12,70.82,1.589,0.1821
105,70,4,15,75.12,49.58,1.64,0.1844
105,70,4,16,75.12,27.67,1.726,0.1872
105,70,4,17,75.12,5.81,2.079,0.1883
105,70,4,18,75.12,0.0,2.812,0.1805
105,70,4,19,75.12,0.0,2.337,0.1803
105,70,4,20,75.12,0.0,1.905,0.1747
105,70,4,21,75.12,0.0,1.583,0.1659
105,70,4,22,75.12,0.0,1.322,0.1482
105,70,4,23,75.12,0.0,1.277,0.142
105,71,5,0,75.12,0.0,1.27,0.1406
105,71,5,1,75.12,0.0,1.256,0.139
105,71,5,2,75.12,0.0,1.037,0.1283
105,71,5,3,75.12,0.0,0.918,0.1325
105,71,5,4,75.12,0.0,1.003,0.1341
105,71,5,5,75.12,0.0,1.088,0.1354
105,71,5,6,75.12,2.89,1.106,0.1412
105,71,5,7,75.12,23.02,1.18,0.1565
105,71,5,8,75.12,46.04,1.694,0.1498
105,71,5,9,75.12,66.74,1.78,0.1439
105,71,5,10,75.12,80.01,1.799,0.1384
105,71,5,11,75.12,89.59,1.856,0.1365
105,71,5,12,75.12,87.93,1.815,0.1364
105,71,5,13,75.12,74.01,1.512,0.1389
105,71,5,14,75.12,38.1,1.263,0.1387
105,71,5,15,75.12,26.44,1.317,0.1414
105,71,5,16,75.12,15.82,1.548,0.1459
105,71,5,17,75.12,3.67,1.989,0.1548
105,71,5,18,75.12,0.0,2.836,0.1601
105,71,5,19,75.12,0.0,2.471,0.1526
105,71,5,20,75.12,0.0,2.192,0.1437
105,71,5,21,75.12,0.0,1.854,0.1384
105,71,5,22,75.12,0.0,1.402,0.1332
105,71,5,23,75.12,0.0,1.1,0.1418
105,72,6,0,75.12,0.0,1.364,0.1451
105,72,6,1,75.12,0.0,0.906,0.1526
105,72,6,2,75.12,0.0,0.906,0.1526
105,72,6,3,75.12,0.0,0.789,0.1583
105,72,6,4,75.12,0.0,0.719,0.1479
105,72,6,5,75.12,0.0,0.73,0.1401
105,72,6,6,75.12,1.56,0.744,0.1342
105,72,6,7,75.12,7.81,1.044,0.1288
105,72,6,8,75.12,16.98,1.282,0.1378
105,72,6,9,75.12,28.38,1.693,0.1555
105,72,6,10,75.12,31.54,1.779,0.151
105,72,6,11,75.12,28.43,1.796,0.1324
105,72,6,12,75.12,23.22,1.856,0.1312
105,72,6,13,75.12,24.95,1.724,0.1301
105,72,6,14,75.12,17.73,1.512,0.1393
105,72,6,15,75.12,11.93,1.35,0.142
105,72,6,16,75.12,6.73,1.41,0.1442
105,72,6,17,75.12,1.59,1.809,0.1448
105,72,6,18,75.12,0.0,2.454,0.149
105,72,6,19,75.12,0.0,3.235,0.1565
105,72,6,20,75.12,0.0,2.53,0.1539
105,72,6,21,75.12,0.0,2.194,0.1437
105,72,6,22,75.12,0.0,1.659,0.1415
105,72,6,23,75.12,0.0,1.452,0.1462
105,73,0,0,75.12,0.0,1.557,0.1392
105,73,0,1,75.12,0.0,1.394,0.1366
105,73,0,2,75.12,0.0,1.253,0.1349
105,73,0,3,75.12,0.0,1.163,0.1414
105,73,0,4,75.12,0.0,1.408,0.1466
105,73,0,5,75.12,0.0,1.625,0.1589
105,73,0,6,75.12,0.61,2.122,0.1677
105,73,0,7,75.12,3.55,2.636,0.1737
105,73,0,8,75.12,8.65,2.577,0.1789
105,73,0,9,75.12,13.24,2.721,0.1767
105,73,0,10,75.12,16.59,2.965,0.1773
105,73,0,11,75.12,14.21,2.959,0.1823
105,73,0,12,75.12,11.87,2.936,0.1823
105,73,0,13,75.12,10.39,2.739,0.1881
105,73,0,14,75.12,7.46,2.564,0.1857
105,73,0,15,75.12,6.59,2.559,0.178
105,73,0,16,75.12,4.67,2.637,0.1808
105,73,0,17,75.12,1.2,2.816,0.1819
105,73,0,18,75.12,0.0,3.358,0.1976
105,73,0,19,75.12,0.0,3.873,0.2001
105,73,0,20,75.12,0.0,2.847,0.1903
105,73,0,21,75.12,0.0,2.459,0.1757
105,73,0,22,75.12,0.0,1.898,0.1607
105,73,0,23,75.12,0.0,1.684,0.1536
105,74,1,0,75.12,0.0,1.322,0.1524
105,74,1,1,75.12,0.0,1.106,0.1489
105,74,1,2,75.12,0.0,0.959,0.1495
105,74,1,3,75.12,0.0,0.941,0.1491
105,74,1,4,75.12,0.0,1.029,0.1548
105,74,1,5,75.12,0.0,1.123,0.1588
105,74,1,6,75.12,1.84,2.12,0.1696
105,74,1,7,75.12,9.8,2.302,0.1833
105,74,1,8,75.12,19.29,2.135,0.1847
105,74,1,9,75.12,28.3,2.387,0.1833
105,74,1,10,75.12,35.7,2.467,0.1914
105,74,1,11,75.12,30.49,2.361,0.1885
105,74,1,12,75.12,32.16,2.167,0.1888
105,74,1,13,75.12,32.96,2.044,0.1846
105,74,1,14,75.12,31.96,1.978,0.1867
105,74,1,15,75.12,28.9,1.983,0.1849
105,74,1,16,75.12,16.38,2.028,0.1837
105,74,1,17,75.12,4.53,2.129,0.1901
105,74,1,18,75.12,0.0,2.421,0.1924
105,74,1,19,75.12,0.0,3.011,0.1941
105,74,1,20,75.12,0.0,2.492,0.1905
105,74,1,21,75.12,0.0,1.968,0.1792
105,74,1,22,75.12,0.0,1.607,0.1676
105,74,1,23,75.12,0.0,1.509,0.1562
105,75,2,0,75.12,0.0,1.459,0.1393
105,75,2,1,75.12,0.0,1.412,0.1379
105,75,2,2,75.12,0.0,1.089,0.1377
105,75,2,3,75.12,0.0,0.963,0.1342
105,75,2,4,75.12,0.0,1.007,0.1298
105,75,2,5,75.12,0.0,1.344,0.1285
105,75,2,6,75.12,3.06,2.0,0.1516
105,75,2,7,75.12,18.84,2.287,0.1641
105,75,2,8,75.12,35.83,2.14,0.1712
105,75,2,9,75.12,53.19,2.206,0.173
105,75,2,10,75.12,62.69,2.253,0.1689
105,75,2,11,75.12,73.43,2.179,0.1693
105,75,2,12,75.12,77.91,2.148,0.1727
105,75,2,13,75.12,59.88,1.988,0.1683
105,75,2,14,75.12,52.0,1.958,0.1689
105,75,2,15,75.12,34.23,1.879,0.169
105,75,2,16,75.12,19.56,1.992,0.1744
105,75,2,17,75.12,4.61,2.265,0.183
105,75,2,18,75.12,0.0,2.538,0.1837
105,75,2,19,75.12,0.0,3.016,0.1936
105,75,2,20,75.12,0.0,2.578,0.1879
105,75,2,21,75.12,0.0,2.043,0.1714
105,75,2,22,75.12,0.0,1.538,0.1496
105,75,2,23,75.12,0.0,1.501,0.1396
105,76,3,0,75.12,0.0,1.685,0.1497
105,76,3,1,75.12,0.0,1.285,0.1552
105,76,3,2,75.12,0.0,1.218,0.157
105,76,3,3,75.12,0.0,1.116,0.1512
105,76,3,4,75.12,0.0,1.22,0.1436
105,76,3,5,75.12,0.0,1.367,0.1492
105,76,3,6,75.12,3.37,2.153,0.1573
105,76,3,7,75.12,22.72,2.453,0.1773
105,76,3,8,75.12,45.81,2.23,0.1896
105,76,3,9,75.12,70.45,2.317,0.1799
105,76,3,10,75.12,81.14,2.342,0.1763
105,76,3,11,75.12,59.93,2.326,0.1721
105,76,3,12,75.12,58.34,2.25,0.1765
105,76,3,13,75.12,63.42,2.177,0.1716
105,76,3,14,75.12,57.3,2.06,0.1726
105,76,3,15,75.12,38.58,2.068,0.1754
105,76,3,16,75.12,21.82,2.144,0.1756
105,76,3,17,75.12,5.63,2.334,0.1809
105,76,3,18,75.12,0.0,2.634,0.1802
105,76,3,19,75.12,0.0,3.098,0.1893
105,76,3,20,75.12,0.0,2.494,0.1865
105,76,3,21,75.12,0.0,2.11,0.1708
105,76,3,22,75.12,0.0,1.72,0.1521
105,76,3,23,75.12,0.0,1.572,0.141
105,77,4,0,75.12,0.0,1.66,0.1415
105,77,4,1,75.12,0.0,1.29,0.1472
105,77,4,2,75.12,0.0,1.166,0.1389
105,77,4,3,75.12,0.0,1.148,0.138
105,77,4,4,75.12,0.0,1.172,0.1386
105,77,4,5,75.12,0.0,1.483,0.1524
105,77,4,6,75.12,5.31,2.046,0.1664
105,77,4,7,75.12,28.11,2.444,0.1839
105,77,4,8,75.12,51.68,2.483,0.1863
105,77,4,9,75.12,72.09,2.487,0.1836
105,77,4,10,75.12,86.4,2.547,0.1841
105,77,4,11,75.12,88.5,2.495,0.1854
105,77,4,12,75.12,57.07,2.405,0.1851
105,77,4,13,75.12,53.45,2.335,0.1829
105,77,4,14,75.12,50.19,2.257,0.1715
105,77,4,15,75.12,35.45,2.237,0.1647
105,77,4,16,75.12,22.01,2.251,0.175
105,77,4,17,75.12,6.76,2.436,0.1778
105,77,4,18,75.12,0.0,2.677,0.1777
105,77,4,19,75.12,0.0,3.218,0.1825
105,77,4,20,75.12,0.0,2.645,0.1759
105,77,4,21,75.12,0.0,2.251,0.1712
105,77,4,22,75.12,0.0,1.95,0.1581
105,77,4,23,75.12,0.0,1.79,0.1526
105,78,5,0,75.12,0.0,1.91,0.1507
105,78,5,1,75.12,0.0,1.793,0.1527
105,78,5,2,75.12,0.0,1.535,0.1489
105,78,5,3,75.12,0.0,1.445,0.1456
105,78,5,4,75.12,0.0,1.485,0.1424
105,78,5,5,75.12,0.0,1.6,0.1446
105,78,5,6,75.12,3.57,1.999,0.1493
105,78,5,7,75.12,17.51,2.143,0.15
105,78,5,8,75.12,30.27,2.37,0.1556
105,78,5,9,75.12,42.65,2.557,0.1643
105,78,5,10,75.12,61.31,2.721,0.1628
105,78,5,11,75.12,53.47,2.636,0.1644
105,78,5,12,75.12,48.27,2.2,0.1634
105,78,5,13,75.12,30.77,1.956,0.162
105,78,5,14,75.12,30.96,1.874,0.1572
105,78,5,15,75.12,21.24,1.85,0.1587
105,78,5,16,75.12,11.21,1.952,0.1566
105,78,5,17,75.12,3.27,2.232,0.1595
105,78,5,18,75.12,0.0,2.712,0.1727
105,78,5,19,75.12,0.0,2.993,0.1774
105,78,5,20,75.12,0.0,2.86,0.1708
105,78,5,21,75.12,0.0,2.519,0.1648
105,78,5,22,75.12,0.0,2.075,0.16
105,78,5,23,75.12,0.0,1.859,0.1479
105,79,6,0,75.12,0.0,2.506,0.152
105,79,6,1,75.12,0.0,2.291,0.1508
105,79,6,2,75.12,0.0,2.047,0.1521
105,79,6,3,75.12,0.0,1.897,0.155
105,79,6,4,75.12,0.0,1.871,0.1552
105,79,6,5,75.12,0.0,1.989,0.159
105,79,6,6,75.12,3.22,2.26,0.1623
105,79,6,7,75.12,11.43,2.124,0.1567
105,79,6,8,75.12,17.97,2.319,0.1623
105,79,6,9,75.12,23.75,2.697,0.1652
105,79,6,10,75.12,30.2,2.762,0.1617
105,79,6,11,75.12,50.76,2.743,0.1608
105,79,6,12,75.12,55.54,2.71,0.1617
105,79,6,13,75.12,59.56,2.458,0.1627
105,79,6,14,75.12,39.04,2.333,0.1653
105,79,6,15,75.12,28.22,2.312,0.166
105,79,6,16,75.12,16.97,2.51,0.1682
105,79,6,17,75.12,4.14,2.942,0.1729
105,79,6,18,75.12,0.0,3.612,0.1794
105,79,6,19,75.12,0.0,3.885,0.1885
105,79,6,20,75.12,0.0,3.681,0.1937
105,79,6,21,75.12,0.0,2.943,0.1812
105,79,6,22,75.12,0.0,2.498,0.1661
105,79,6,23,75.12,0.0,2.343,0.1558
105,80,0,0,75.12,0.0,2.208,0.1576
105,80,0,1,75.12,0.0,1.907,0.1562
105,80,0,2,75.12,0.0,1.77,0.1562
105,80,0,3,75.12,0.0,1.733,0.1558
105,80,0,4,75.12,0.0,1.839,0.1547
105,80,0,5,75.12,0.0,2.066,0.161
105,80,0,6,75.12,4.74,3.511,0.1872
105,80,0,7,75.12,24.26,3.636,0.187
105,80,0,8,75.12,48.25,3.703,0.203
105,80,0,9,75.12,70.74,3.815,0.2024
105,80,0,10,75.12,88.98,3.761,0.1971
105,80,0,11,75.12,91.02,3.725,0.1934
105,80,0,12,75.12,91.97,3.639,0.1865
105,80,0,13,75.12,84.17,3.581,0.1832
105,80,0,14,75.12,60.25,3.476,0.174
105,80,0,15,75.12,45.51,3.482,0.1717
105,80,0,16,75.12,28.57,3.516,0.171
105,80,0,17,75.12,9.15,3.629,0.1756
105,80,0,18,75.12,0.0,3.84,0.1838
105,80,0,19,75.12,0.0,4.83,0.1909
105,80,0,20,75.12,0.0,3.846,0.1934
105,80,0,21,75.12,0.0,3.572,0.186
105,80,0,22,75.12,0.0,2.655,0.1784
105,80,0,23,75.12,0.0,2.208,0.1712
105,81,1,0,75.12,0.0,1.92,0.1603
105,81,1,1,75.12,0.0,1.682,0.1563
105,81,1,2,75.12,0.0,1.486,0.1577
105,81,1,3,75.12,0.0,1.504,0.1584
105,81,1,4,75.12,0.0,1.581,0.1579
105,81,1,5,75.12,0.0,1.902,0.1666
105,81,1,6,75.12,6.38,3.276,0.1868
105,81,1,7,75.12,28.39,3.38,0.1963
105,81,1,8,75.12,51.65,3.426,0.2041
105,81,1,9,75.12,72.37,3.47,0.1991
105,81,1,10,75.12,86.85,3.056,0.1964
105,81,1,11,75.12,97.13,2.783,0.1959
105,81,1,12,75.12,96.42,2.705,0.1882
105,81,1,13,75.12,88.4,2.542,0.1802
105,81,1,14,75.12,74.59,2.449,0.1679
105,81,1,15,75.12,53.6,2.484,0.1679
105,81,1,16,75.12,30.38,2.555,0.1757
105,81,1,17,75.12,8.45,2.899,0.1839
105,81,1,18,75.12,0.0,3.128,0.1862
105,81,1,19,75.12,0.0,3.748,0.1812
105,81,1,20,75.12,0.0,3.129,0.1885
105,81,1,21,75.12,0.0,2.597,0.1811
105,81,1,22,75.12,0.0,1.849,0.1685
105,81,1,23,75.12,0.0,1.587,0.1633
105,82,2,0,75.12,0.0,1.75,0.1623
105,82,2,1,75.12,0.0,1.52,0.1621
105,82,2,2,75.12,0.0,1.463,0.1395
105,82,2,3,75.12,0.0,1.4,0.1393
105,82,2,4,75.12,0.0,1.487,0.1389
105,82,2,5,75.12,0.0,1.476,0.1533
105,82,2,6,75.12,3.85,2.004,0.1779
105,82,2,7,75.12,16.2,2.12,0.1943
105,82,2,8,75.12,30.39,2.143,0.2047
105,82,2,9,75.12,43.73,2.314,0.2024
105,82,2,10,75.12,57.89,2.125,0.2078
105,82,2,11,75.12,60.73,2.047,0.2083
105,82,2,12,75.12,79.85,2.0,0.2022
105,82,2,13,75.12,70.22,1.85,0.1994
105,82,2,14,75.12,66.48,1.826,0.1912
105,82,2,15,75.12,47.41,1.844,0.1888
105,82,2,16,75.12,27.99,1.84,0.1908
105,82,2,17,75.12,7.74,2.118,0.1829
105,82,2,18,75.12,0.0,2.432,0.1791
105,82,2,19,75.12,0.0,2.572,0.1866
105,82,2,20,75.12,0.0,2.319,0.1933
105,82,2,21,75.12,0.0,2.111,0.1847
105,82,2,22,75.12,0.0,1.6,0.1755
105,82,2,23,75.12,0.0,1.361,0.1612
105,83,3,0,75.12,0.0,0.992,0.1532
105,83,3,1,75.12,0.0,0.945,0.1549
105,83,3,2,75.12,0.0,0.739,0.1549
105,83,3,3,75.12,0.0,0.802,0.154
105,83,3,4,75.12,0.0,0.825,0.1586
105,83,3,5,75.12,0.0,1.012,0.1566
105,83,3,6,75.12,4.63,1.714,0.1745
105,83,3,7,75.12,20.85,2.081,0.1942
105,83,3,8,75.12,38.62,2.396,0.1948
105,83,3,9,75.12,58.01,2.404,0.1928
105,83,3,10,75.12,68.44,2.24,0.185
105,83,3,11,75.12,76.13,2.153,0.1798
105,83,3,12,75.12,83.88,2.106,0.1777
105,83,3,13,75.12,71.68,1.878,0.1791
105,83,3,14,75.12,50.27,1.873,0.1755
105,83,3,15,75.12,34.2,1.851,0.1762
105,83,3,16,75.12,19.13,2.001,0.1794
105,83,3,17,75.12,5.67,2.329,0.1871
105,83,3,18,75.12,0.0,2.552,0.1873
105,83,3,19,75.12,0.0,2.738,0.1892
105,83,3,20,75.12,0.0,2.515,0.1823
105,83,3,21,75.12,0.0,2.046,0.1736
105,83,3,22,75.12,0.0,1.618,0.1645
105,83,3,23,75.12,0.0,1.368,0.1601
105,84,4,0,75.12,0.0,1.289,0.161
105,84,4,1,75.12,0.0,1.132,0.1566
105,84,4,2,75.12,0.0,1.045,0.1512
105,84,4,3,75.12,0.0,0.916,0.1482
105,84,4,4,75.12,0.0,1.017,0.1516
105,84,4,5,75.12,0.0,1.248,0.1539
105,84,4,6,75.12,3.38,1.759,0.1672
105,84,4,7,75.12,14.51,2.001,0.174
105,84,4,8,75.12,23.22,2.103,0.181
105,84,4,9,75.12,24.17,2.161,0.1829
105,84,4,10,75.12,33.52,2.292,0.1888
105,84,4,11,75.12,53.24,2.281,0.1914
105,84,4,12,75.12,56.2,2.126,0.1921
105,84,4,13,75.12,48.29,2.104,0.1921
105,84,4,14,75.12,40.64,1.922,0.1809
105,84,4,15,75.12,29.4,1.93,0.1698
105,84,4,16,75.12,19.92,2.0,0.1672
105,84,4,17,75.12,7.84,2.124,0.1702
105,84,4,18,75.12,0.0,2.214,0.1793
105,84,4,19,75.12,0.0,2.417,0.1815
105,84,4,20,75.12,0.0,2.219,0.1763
105,84,4,21,75.12,0.0,1.857,0.1789
105,84,4,22,75.12,0.0,1.541,0.1643
105,84,4,23,75.12,0.0,1.333,0.1498
105,85,5,0,75.12,0.0,1.448,0.1398
105,85,5,1,75.12,0.0,1.378,0.1356
105,85,5,2,75.12,0.0,1.18,0.1376
105,85,5,3,75.12,0.0,0.969,0.1398
105,85,5,4,75.12,0.0,1.017,0.1389
105,85,5,5,75.12,0.0,0.974,0.1456
105,85,5,6,75.12,9.1,1.169,0.1504
105,85,5,7,75.12,32.23,1.501,0.155
105,85,5,8,75.12,56.31,1.613,0.1712
105,85,5,9,75.12,77.22,1.863,0.1739
105,85,5,10,75.12,92.83,1.857,0.1787
105,85,5,11,75.12,100.84,1.828,0.1753
105,85,5,12,75.12,101.15,1.623,0.175
105,85,5,13,75.12,92.26,1.508,0.1733
105,85,5,14,75.12,77.23,1.346,0.1661
105,85,5,15,75.12,56.06,1.24,0.1659
105,85,5,16,75.12,33.62,1.397,0.1635
105,85,5,17,75.12,10.94,1.611,0.1628
105,85,5,18,75.12,0.0,1.915,0.1694
105,85,5,19,75.12,0.0,2.079,0.1821
105,85,5,20,75.12,0.0,1.983,0.189
105,85,5,21,75.12,0.0,1.781,0.1812
105,85,5,22,75.12,0.0,1.466,0.1625
105,85,5,23,75.12,0.0,1.318,0.1524
105,86,6,0,75.12,0.0,1.783,0.1619
105,86,6,1,75.12,0.0,1.542,0.1516
105,86,6,2,75.12,0.0,1.38,0.1458
105,86,6,3,75.12,0.0,1.261,0.1503
105,86,6,4,75.12,0.0,1.251,0.1491
105,86,6,5,75.12,0.0,1.118,0.1514
105,86,6,6,75.12,4.43,1.324,0.1505
105,86,6,7,75.12,14.53,1.442,0.1556
105,86,6,8,75.12,25.09,1.497,0.1655
105,86,6,9,75.12,33.41,1.778,0.1751
105,86,6,10,75.12,56.18,1.761,0.1824
105,86,6,11,75.12,68.95,1.724,0.1833
105,86,6,12,75.12,75.6,1.792,0.1746
105,86,6,13,75.12,71.57,1.543,0.172
105,86,6,14,75.12,49.02,1.359,0.1715
105,86,6,15,75.12,32.79,1.373,0.1719
105,86,6,16,75.12,17.94,1.498,0.1743
105,86,6,17,75.12,6.06,1.689,0.1719
105,86,6,18,75.12,0.0,1.984,0.1758
105,86,6,19,75.12,0.0,2.407,0.1868
105,86,6,20,75.12,0.0,2.34,0.191
105,86,6,21,75.12,0.0,1.979,0.1839
105,86,6,22,75.12,0.0,1.634,0.1644
105,86,6,23,75.12,0.0,1.476,0.1582
105,87,0,0,75.12,0.0,1.387,0.1456
105,87,0,1,75.12,0.0,1.249,0.1449
105,87,0,2,75.12,0.0,1.096,0.1524
105,87,0,3,75.12,0.0,1.103,0.1502
105,87,0,4,75.12,0.0,1.086,0.1504
105,87,0,5,75.12,0.0,1.233,0.1517
105,87,0,6,75.12,2.61,1.759,0.163
105,87,0,7,75.12,8.36,1.982,0.1653
105,87,0,8,75.12,14.35,2.072,0.1703
105,87,0,9,75.12,19.91,2.363,0.1779
105,87,0,10,75.12,26.54,2.403,0.2022
105,87,0,11,75.12,36.84,2.381,0.1981
105,87,0,12,75.12,52.22,2.357,0.2167
105,87,0,13,75.12,77.65,2.213,0.215
105,87,0,14,75.12,64.79,2.127,0.2165
105,87,0,15,75.12,46.44,2.071,0.2005
105,87,0,16,75.12,26.45,2.206,0.1951
105,87,0,17,75.12,8.71,2.299,0.1814
105,87,0,18,75.12,0.0,2.41,0.1868
105,87,0,19,75.12,0.0,2.8,0.193
105,87,0,20,75.12,0.0,2.541,0.186
105,87,0,21,75.12,0.0,2.128,0.1754
105,87,0,22,75.12,0.0,1.909,0.1606
105,87,0,23,75.12,0.0,1.546,0.1522
105,88,1,0,75.12,0.0,1.337,0.1482
105,88,1,1,75.12,0.0,1.047,0.1476
105,88,1,2,75.12,0.0,1.0,0.1527
105,88,1,3,75.12,0.0,0.987,0.1512
105,88,1,4,75.12,0.0,0.95,0.1491
105,88,1,5,75.12,0.0,1.206,0.1527
105,88,1,6,75.12,12.42,1.978,0.1671
105,88,1,7,75.12,37.54,2.365,0.1814
105,88,1,8,75.12,62.15,2.408,0.181
105,88,1,9,75.12,82.87,2.456,0.1834
105,88,1,10,75.12,97.86,2.525,0.1945
105,88,1,11,75.12,105.74,2.504,0.1977
105,88,1,12,75.12,106.13,2.454,0.1928
105,88,1,13,75.12,98.95,2.317,0.1916
105,88,1,14,75.12,84.8,2.151,0.1798
105,88,1,15,75.12,64.71,2.183,0.18
105,88,1,16,75.12,40.49,1.974,0.1783
105,88,1,17,75.12,15.75,1.989,0.1806
105,88,1,18,75.12,0.0,2.171,0.1784
105,88,1,19,75.12,0.0,2.519,0.1868
105,88,1,20,75.12,0.0,2.305,0.193
105,88,1,21,75.12,0.0,2.001,0.1895
105,88,1,22,75.12,0.0,1.74,0.1816
105,88,1,23,75.12,0.0,1.477,0.1648
105,89,2,0,75.12,0.0,1.507,0.1606
105,89,2,1,75.12,0.0,1.167,0.1526
105,89,2,2,75.12,0.0,0.986,0.1569
105,89,2,3,75.12,0.0,1.059,0.1629
105,89,2,4,75.12,0.0,1.272,0.1582
105,89,2,5,75.12,0.0,1.654,0.1668
105,89,2,6,75.12,13.26,2.305,0.1825
105,89,2,7,75.12,37.89,2.618,0.1871
105,89,2,8,75.12,62.69,2.582,0.189
105,89,2,9,75.12,83.21,2.642,0.1881
105,89,2,10,75.12,97.73,2.545,0.1952
105,89,2,11,75.12,105.29,2.501,0.1888
105,89,2,12,75.12,104.48,2.209,0.1822
105,89,2,13,75.12,94.69,2.15,0.1786
105,89,2,14,75.12,77.4,2.026,0.1856
105,89,2,15,75.12,57.71,1.968,0.1785
105,89,2,16,75.12,32.18,2.095,0.1834
105,89,2,17,75.12,11.82,2.4,0.1871
105,89,2,18,75.12,0.0,2.5,0.1841
105,89,2,19,75.12,0.0,2.963,0.1925
105,89,2,20,75.12,0.0,2.752,0.1849
105,89,2,21,75.12,0.0,2.297,0.1733
105,89,2,22,75.12,0.0,1.755,0.1604
105,89,2,23,75.12,0.0,1.64,0.148
105,90,3,0,75.12,0.0,1.651,0.1362
105,90,3,1,75.12,0.0,1.514,0.1271
105,90,3,2,75.12,0.0,1.358,0.128
105,90,3,3,75.12,0.0,1.327,0.1284
105,90,3,4,75.12,0.0,1.496,0.1324
105,90,3,5,75.12,0.0,1.688,0.1401
105,90,3,6,75.12,9.38,2.268,0.1505
105,90,3,7,75.12,25.43,2.602,0.1633
105,90,3,8,75.12,43.21,2.581,0.1715
105,90,3,9,75.12,64.31,2.766,0.167
105,90,3,10,75.12,61.16,2.794,0.1702
105,90,3,11,75.12,65.5,2.849,0.1657
105,90,3,12,75.12,70.35,2.872,0.1695
105,90,3,13,75.12,59.12,2.795,0.1665
105,90,3,14,75.12,49.45,2.808,0.1699
105,90,3,15,75.12,34.77,2.772,0.1763
105,90,3,16,75.12,19.43,2.784,0.1756
105,90,3,17,75.12,7.35,2.771,0.1762
105,90,3,18,75.12,0.0,2.627,0.1678
105,90,3,19,75.12,0.0,2.834,0.1644
105,90,3,20,75.12,0.0,2.723,0.1663
105,90,3,21,75.12,0.0,2.328,0.1558
105,90,3,22,75.12,0.0,1.921,0.1514
105,90,3,23,75.12,0.0,1.687,0.1462
105,91,4,0,75.12,0.0,1.336,0.1447
105,91,4,1,75.12,0.0,1.108,0.1441
105,91,4,2,75.12,0.0,1.002,0.1395
105,91,4,3,75.12,0.0,1.021,0.1422
105,91,4,4,75.12,0.0,1.112,0.1415
105,91,4,5,75.12,0.0,1.208,0.1471
105,91,4,6,75.12,3.95,1.864,0.1543
105,91,4,7,75.12,10.85,2.158,0.1641
105,91,4,8,75.12,19.13,2.308,0.1724
105,91,4,9,75.12,14.09,2.43,0.1749
105,91,4,10,75.12,19.84,2.458,0.1764
105,91,4,11,75.12,42.65,2.449,0.1864
105,91,4,12,75.12,82.25,2.606,0.1967
105,91,4,13,75.12,82.78,2.493,0.1995
105,91,4,14,75.12,72.47,2.288,0.2088
105,91,4,15,75.12,51.79,2.229,0.2164
105,91,4,16,75.12,28.98,2.29,0.2172
105,91,4,17,75.12,10.98,2.237,0.2156
105,91,4,18,75.12,0.0,2.242,0.2185
105,91,4,19,75.12,0.0,2.509,0.2205
105,91,4,20,75.12,0.0,2.437,0.2022
105,91,4,21,75.12,0.0,2.067,0.1816
105,91,4,22,75.12,0.0,1.509,0.1568
105,91,4,23,75.12,0.0,1.458,0.1457
105,92,5,0,75.12,0.0,2.112,0.1377
105,92,5,1,75.12,0.0,1.731,0.134
105,92,5,2,75.12,0.0,1.5,0.1349
105,92,5,3,75.12,0.0,1.479,0.1351
105,92,5,4,75.12,0.0,1.489,0.1311
105,92,5,5,75.12,0.0,1.467,0.1338
105,92,5,6,75.12,1.9,1.539,0.144
105,92,5,7,75.12,3.62,1.672,0.1415
105,92,5,8,75.12,5.19,2.119,0.144
105,92,5,9,75.12,19.14,2.501,0.1587
105,92,5,10,75.12,25.97,2.548,0.163
105,92,5,11,75.12,35.54,2.689,0.156
105,92,5,12,75.12,42.85,2.569,0.1582
105,92,5,13,75.12,43.71,2.414,0.153
105,92,5,14,75.12,53.28,2.211,0.1554
105,92,5,15,75.12,36.45,2.146,0.1636
105,92,5,16,75.12,21.29,2.186,0.1571
105,92,5,17,75.12,7.42,2.3,0.1609
105,92,5,18,75.12,0.33,2.294,0.1598
105,92,5,19,75.12,0.0,2.872,0.1659
105,92,5,20,75.12,0.0,2.722,0.1683
105,92,5,21,75.12,0.0,2.286,0.1595
105,92,5,22,75.12,0.0,1.985,0.1526
105,92,5,23,75.12,0.0,1.816,0.145
105,93,6,0,75.12,0.0,2.162,0.1453
105,93,6,1,75.12,0.0,1.806,0.1476
105,93,6,2,75.12,0.0,1.713,0.148
105,93,6,3,75.12,0.0,1.706,0.1463
105,93,6,4,75.12,0.0,1.71,0.1473
105,93,6,5,75.12,0.0,1.679,0.1502
105,93,6,6,75.12,14.32,1.815,0.1443
105,93,6,7,75.12,37.57,1.925,0.1472
105,93,6,8,75.12,62.04,2.26,0.1586
105,93,6,9,75.12,84.24,2.792,0.1566
105,93,6,10,75.12,98.99,2.933,0.1617
105,93,6,11,75.12,102.52,3.051,0.1578
105,93,6,12,75.12,105.74,2.89,0.1506
105,93,6,13,75.12,99.07,2.569,0.1496
105,93,6,14,75.12,84.22,2.404,0.149
105,93,6,15,75.12,64.51,2.199,0.1531
105,93,6,16,75.12,39.33,2.41,0.1545
105,93,6,17,75.12,13.99,2.518,0.1581
105,93,6,18,75.12,0.51,2.882,0.1645
105,93,6,19,75.12,0.0,3.547,0.1788
105,93,6,20,75.12,0.0,3.858,0.1858
105,93,6,21,75.12,0.0,3.065,0.1853
105,93,6,22,75.12,0.0,2.434,0.1823
105,93,6,23,75.12,0.0,2.145,0.1847
105,94,0,0,75.12,0.0,2.253,0.1811
105,94,0,1,75.12,0.0,2.009,0.1751
105,94,0,2,75.12,0.0,1.997,0.1754
105,94,0,3,75.12,0.0,1.983,0.1806
105,94,0,4,75.12,0.0,2.104,0.1861
105,94,0,5,75.12,0.25,2.238,0.1925
105,94,0,6,75.12,5.27,3.13,0.195
105,94,0,7,75.12,14.64,3.278,0.1914
105,94,0,8,75.12,25.64,3.73,0.1943
105,94,0,9,75.12,28.81,3.971,0.2028
105,94,0,10,75.12,30.46,3.733,0.2033
105,94,0,11,75.12,22.39,3.746,0.1975
105,94,0,12,75.12,25.11,3.744,0.1998
105,94,0,13,75.12,15.02,3.528,0.1976
105,94,0,14,75.12,11.06,3.428,0.2005
105,94,0,15,75.12,8.27,3.245,0.2014
105,94,0,16,75.12,3.55,3.249,0.2015
105,94,0,17,75.12,0.66,3.34,0.2019
105,94,0,18,75.12,0.19,3.417,0.2083
105,94,0,19,75.12,0.0,3.977,0.2129
105,94,0,20,75.12,0.0,3.758,0.2108
105,94,0,21,75.12,0.0,3.14,0.2055
105,94,0,22,75.12,0.0,2.666,0.1933
105,94,0,23,75.12,0.0,2.463,0.1838
105,95,1,0,75.12,0.0,2.516,0.1779
105,95,1,1,75.12,0.0,2.317,0.1812
105,95,1,2,75.12,0.0,2.228,0.18
105,95,1,3,75.12,0.0,2.239,0.1798
105,95,1,4,75.12,0.0,2.352,0.1839
105,95,1,5,75.12,0.44,2.676,0.1906
105,95,1,6,75.12,13.14,3.913,0.2057
105,95,1,7,75.12,36.29,3.799,0.2172
105,95,1,8,75.12,60.41,3.699,0.2214
105,95,1,9,75.12,82.26,4.003,0.224
105,95,1,10,75.12,99.15,4.057,0.2157
105,95,1,11,75.12,108.98,3.655,0.2238
105,95,1,12,75.12,109.53,3.6,0.2155
105,95,1,13,75.12,102.52,3.318,0.209
105,95,1,14,75.12,87.89,2.969,0.209
105,95,1,15,75.12,67.47,2.91,0.209
105,95,1,16,75.12,43.09,2.924,0.207
105,95,1,17,75.12,17.41,3.239,0.2014
105,95,1,18,75.12,0.81,3.519,0.2037
105,95,1,19,75.12,0.0,4.011,0.2084
105,95,1,20,75.12,0.0,4.203,0.2115
105,95,1,21,75.12,0.0,3.421,0.2144
105,95,1,22,75.12,0.0,2.558,0.2069
105,95,1,23,75.12,0.0,2.498,0.1978
105,96,2,0,75.12,0.0,3.158,0.1904
105,96,2,1,75.12,0.0,2.889,0.1991
105,96,2,2,75.12,0.0,2.887,0.1977
105,96,2,3,75.12,0.0,2.778,0.1933
105,96,2,4,75.12,0.0,2.905,0.1885
105,96,2,5,75.12,0.65,3.352,0.1968
105,96,2,6,75.12,15.08,4.397,0.2038
105,96,2,7,75.12,39.53,4.696,0.1995
105,96,2,8,75.12,63.09,4.506,0.1995
105,96,2,9,75.12,80.95,4.79,0.2007
105,96,2,10,75.12,93.03,4.061,0.2017
105,96,2,11,75.12,102.69,3.91,0.2051
105,96,2,12,75.12,87.11,3.765,0.1962
105,96,2,13,75.12,61.95,3.646,0.1923
105,96,2,14,75.12,60.3,3.462,0.1829
105,96,2,15,75.12,44.25,3.37,0.1821
105,96,2,16,75.12,25.68,3.384,0.1875
105,96,2,17,75.12,9.68,3.496,0.1919
105,96,2,18,75.12,0.48,3.567,0.1997
105,96,2,19,75.12,0.0,3.876,0.1991
105,96,2,20,75.12,0.0,4.331,0.2008
105,96,2,21,75.12,0.0,3.508,0.1955
105,96,2,22,75.12,0.0,2.964,0.1853
105,96,2,23,75.12,0.0,2.961,0.1747
105,97,3,0,75.12,0.0,2.786,0.1679
105,97,3,1,75.12,0.0,2.599,0.1684
105,97,3,2,75.12,0.0,2.475,0.1636
105,97,3,3,75.12,0.0,2.473,0.1583
105,97,3,4,75.12,0.0,2.478,0.1567
105,97,3,5,75.12,0.36,2.588,0.1617
105,97,3,6,75.12,5.46,3.395,0.1724
105,97,3,7,75.12,12.08,3.633,0.1794
105,97,3,8,75.12,22.56,3.592,0.1846
105,97,3,9,75.12,24.88,3.776,0.1843
105,97,3,10,75.12,23.42,3.331,0.1897
105,97,3,11,75.12,26.12,3.256,0.1918
105,97,3,12,75.12,14.71,3.174,0.1941
105,97,3,13,75.12,50.31,3.016,0.1981
105,97,3,14,75.12,44.2,2.862,0.2043
105,97,3,15,75.12,32.38,2.875,0.1979
105,97,3,16,75.12,17.17,2.711,0.1989
105,97,3,17,75.12,4.88,2.959,0.1982
105,97,3,18,75.12,0.42,2.867,0.1971
105,97,3,19,75.12,0.0,3.102,0.1967
105,97,3,20,75.12,0.0,3.385,0.197
105,97,3,21,75.12,0.0,2.658,0.1917
105,97,3,22,75.12,0.0,2.361,0.183
105,97,3,23,75.12,0.0,2.269,0.1846
105,98,4,0,75.12,0.0,2.24,0.1732
105,98,4,1,75.12,0.0,2.091,0.1715
105,98,4,2,75.12,0.0,1.985,0.1687
105,98,4,3,75.12,0.0,1.984,0.17
105,98,4,4,75.12,0.0,1.992,0.1708
105,98,4,5,75.12,0.71,2.232,0.1774
105,98,4,6,75.12,7.52,2.781,0.1871
105,98,4,7,75.12,22.76,2.965,0.1933
105,98,4,8,75.12,38.54,2.955,0.1941
105,98,4,9,75.12,40.98,3.073,0.1943
105,98,4,10,75.12,46.85,3.059,0.1966
105,98,4,11,75.12,52.2,3.056,0.1969
105,98,4,12,75.12,50.28,2.932,0.1919
105,98,4,13,75.12,51.95,2.87,0.1888
105,98,4,14,75.12,52.22,2.685,0.1899
105,98,4,15,75.12,34.53,2.674,0.19
105,98,4,16,75.12,22.72,2.629,0.1905
105,98,4,17,75.12,10.3,2.736,0.1941
105,98,4,18,75.12,0.8,2.724,0.1996
105,98,4,19,75.12,0.0,3.034,0.1967
105,98,4,20,75.12,0.0,3.16,0.201
105,98,4,21,75.12,0.0,2.614,0.195
105,98,4,22,75.12,0.0,2.302,0.1808
105,98,4,23,75.12,0.0,2.27,0.1764
105,99,5,0,75.12,0.0,2.686,0.1735
105,99,5,1,75.12,0.0,2.486,0.1763
105,99,5,2,75.12,0.0,2.405,0.1696
105,99,5,3,75.12,0.0,2.407,0.1759
105,99,5,4,75.12,0.0,2.382,0.1743
105,99,5,5,75.12,0.69,2.422,0.175
105,99,5,6,75.12,8.43,2.472,0.1793
105,99,5,7,75.12,18.59,2.51,0.1848
105,99,5,8,75.12,12.23,2.521,0.1883
105,99,5,9,75.12,23.82,2.945,0.1991
105,99,5,10,75.12,20.58,3.132,0.1958
105,99,5,11,75.12,23.78,3.128,0.1956
105,99,5,12,75.12,17.65,2.919,0.1959
105,99,5,13,75.12,19.21,2.72,0.1958
105,99,5,14,75.12,20.45,2.597,0.1936
105,99,5,15,75.12,17.6,2.586,0.1902
105,99,5,16,75.12,13.26,2.547,0.1938
105,99,5,17,75.12,5.25,2.592,0.197
105,99,5,18,75.12,0.49,3.0,0.2009
105,99,5,19,75.12,0.0,3.351,0.2042
105,99,5,20,75.12,0.0,3.58,0.2075
105,99,5,21,75.12,0.0,2.972,0.1988
105,99,5,22,75.12,0.0,2.547,0.1881
105,99,5,23,75.12,0.0,2.51,0.1801
105,100,6,0,75.12,0.0,3.408,0.1774
105,100,6,1,75.12,0.0,3.014,0.1826
105,100,6,2,75.12,0.0,2.799,0.1803
105,100,6,3,75.12,0.0,2.775,0.178
105,100,6,4,75.12,0.0,2.735,0.1789
105,100,6,5,75.12,1.14,2.624,0.1777
105,100,6,6,75.12,17.79,2.318,0.176
105,100,6,7,75.12,43.47,2.443,0.1723
105,100,6,8,75.12,68.62,2.525,0.1779
105,100,6,9,75.12,88.94,2.7,0.1828
105,100,6,10,75.12,102.96,2.826,0.1854
105,100,6,11,75.12,109.26,2.817,0.187
105,100,6,12,75.12,108.35,2.768,0.1875
105,100,6,13,75.12,99.97,2.518,0.1818
105,100,6,14,75.12,84.55,2.494,0.1792
105,100,6,15,75.12,62.27,2.475,0.1787
105,100,6,16,75.12,37.43,2.474,0.1805
105,100,6,17,75.12,14.45,2.49,0.1849
105,100,6,18,75.12,0.79,2.877,0.1913
105,100,6,19,75.12,0.0,3.202,0.2087
105,100,6,20,75.12,0.0,3.805,0.2114
105,100,6,21,75.12,0.0,3.363,0.2095
105,100,6,22,75.12,0.0,2.779,0.1894
105,100,6,23,75.12,0.0,2.831,0.1852
105,101,0,0,75.12,0.0,2.926,0.1813
105,101,0,1,75.12,0.0,2.779,0.1791
105,101,0,2,75.12,0.0,2.625,0.1769
105,101,0,3,75.12,0.0,2.61,0.1837
105,101,0,4,75.12,0.0,2.668,0.1894
105,101,0,5,75.12,0.57,2.778,0.1993
105,101,0,6,75.12,5.81,3.377,0.2161
105,101,0,7,75.12,13.6,3.55,0.2126
105,101,0,8,75.12,22.77,3.662,0.21
105,101,0,9,75.12,36.07,3.765,0.212
105,101,0,10,75.12,44.78,3.847,0.2118
105,101,0,11,75.12,90.95,3.918,0.2121
105,101,0,12,75.12,87.19,3.933,0.2135
105,101,0,13,75.12,72.12,3.681,0.2106
105,101,0,14,75.12,62.78,3.608,0.2052
105,101,0,15,75.12,38.79,3.543,0.2068
105,101,0,16,75.12,27.06,3.524,0.2075
105,101,0,17,75.12,9.15,3.588,0.2084
105,101,0,18,75.12,0.65,3.619,0.2146
105,101,0,19,75.12,0.0,3.751,0.2169
105,101,0,20,75.12,0.0,4.241,0.2179
105,101,0,21,75.12,0.0,3.355,0.2162
105,101,0,22,75.12,0.0,2.692,0.21
105,101,0,23,75.12,0.0,2.619,0.1998
105,102,1,0,75.12,0.0,2.448,0.1905
105,102,1,1,75.12,0.0,2.368,0.1867
105,102,1,2,75.12,0.0,2.249,0.1813
105,102,1,3,75.12,0.0,2.241,0.1772
105,102,1,4,75.12,0.0,2.284,0.1815
105,102,1,5,75.12,0.33,2.457,0.191
105,102,1,6,75.12,2.83,3.122,0.2128
105,102,1,7,75.12,5.76,3.228,0.2168
105,102,1,8,75.12,11.02,3.544,0.2157
105,102,1,9,75.12,16.27,3.668,0.2126
105,102,1,10,75.12,20.95,3.436,0.2123
105,102,1,11,75.12,32.52,3.428,0.2144
105,102,1,12,75.12,67.6,3.288,0.2109
105,102,1,13,75.12,85.72,3.124,0.2108
105,102,1,14,75.12,84.52,2.959,0.2115
105,102,1,15,75.12,66.9,2.981,0.2122
105,102,1,16,75.12,43.63,2.867,0.2117
105,102,1,17,75.12,19.17,3.021,0.2124
105,102,1,18,75.12,1.43,3.19,0.2088
105,102,1,19,75.12,0.0,3.548,0.2136
105,102,1,20,75.12,0.0,3.791,0.2179
105,102,1,21,75.12,0.0,2.9,0.2177
105,102,1,22,75.12,0.0,2.475,0.2154
105,102,1,23,75.12,0.0,2.416,0.2056
105,103,2,0,75.12,0.0,2.355,0.1995
105,103,2,1,75.12,0.0,2.275,0.2029
105,103,2,2,75.12,0.0,2.233,0.1992
105,103,2,3,75.12,0.0,2.186,0.1984
105,103,2,4,75.12,0.0,2.306,0.202
105,103,2,5,75.12,1.17,2.443,0.2156
105,103,2,6,75.12,12.62,3.37,0.2243
105,103,2,7,75.12,29.71,3.537,0.225
105,103,2,8,75.12,70.66,3.52,0.2237
105,103,2,9,75.12,90.27,3.494,0.2208
105,103,2,10,75.12,103.93,3.543,0.2252
105,103,2,11,75.12,110.64,3.523,0.2282
105,103,2,12,75.12,110.06,3.455,0.2202
105,103,2,13,75.12,102.21,3.27,0.2086
105,103,2,14,75.12,86.75,3.036,0.2067
105,103,2,15,75.12,65.78,2.904,0.2107
105,103,2,16,75.12,41.45,2.868,0.2096
105,103,2,17,75.12,16.93,2.998,0.2171
105,103,2,18,75.12,1.22,3.069,0.213
105,103,2,19,75.12,0.0,3.685,0.2183
105,103,2,20,75.12,0.0,3.877,0.219
105,103,2,21,75.12,0.0,3.236,0.2137
105,103,2,22,75.12,0.0,2.56,0.2024
105,103,2,23,75.12,0.0,2.338,0.1919
105,104,3,0,75.12,0.0,2.463,0.1891
105,104,3,1,75.12,0.0,2.308,0.1854
105,104,3,2,75.12,0.0,2.231,0.1811
105,104,3,3,75.12,0.0,2.307,0.189
105,104,3,4,75.12,0.0,2.338,0.1926
105,104,3,5,75.12,1.51,2.504,0.2051
105,104,3,6,75.12,17.92,3.635,0.2176
105,104,3,7,75.12,40.12,3.464,0.2186
105,104,3,8,75.12,65.68,3.539,0.2199
105,104,3,9,75.12,85.86,3.619,0.2218
105,104,3,10,75.12,99.24,3.686,0.2242
105,104,3,11,75.12,109.19,3.442,0.2253
105,104,3,12,75.12,108.94,3.122,0.224
105,104,3,13,75.12,101.91,3.012,0.2222
105,104,3,14,75.12,87.43,2.892,0.2159
105,104,3,15,75.12,67.33,2.738,0.2162
105,104,3,16,75.12,43.47,2.736,0.2198
105,104,3,17,75.12,18.81,2.743,0.2189
105,104,3,18,75.12,1.44,2.711,0.2195
105,104,3,19,75.12,0.0,3.184,0.2213
105,104,3,20,75.12,0.0,3.648,0.2265
105,104,3,21,75.12,0.0,3.041,0.2204
105,104,3,22,75.12,0.0,2.573,0.2069
105,104,3,23,75.12,0.0,2.442,0.206
105,105,4,0,75.12,0.0,2.39,0.1985
105,105,4,1,75.12,0.0,2.278,0.1956
105,105,4,2,75.12,0.0,2.204,0.1942
105,105,4,3,75.12,0.0,2.199,0.1905
105,105,4,4,75.12,0.0,2.286,0.1963
105,105,4,5,75.12,1.84,2.515,0.2076
105,105,4,6,75.12,19.56,3.471,0.2251
105,105,4,7,75.12,43.11,3.453,0.2308
105,105,4,8,75.12,65.69,3.376,0.2308
105,105,4,9,75.12,88.07,3.389,0.2296
105,105,4,10,75.12,101.87,3.403,0.2264
105,105,4,11,75.12,110.18,3.181,0.224
105,105,4,12,75.12,109.65,3.018,0.2244
105,105,4,13,75.12,101.67,2.872,0.2238
105,105,4,14,75.12,87.29,2.805,0.2178
105,105,4,15,75.12,66.95,2.722,0.2171
105,105,4,16,75.12,42.81,2.7,0.2224
105,105,4,17,75.12,18.08,2.72,0.2247
105,105,4,18,75.12,1.42,2.736,0.2243
105,105,4,19,75.12,0.0,3.096,0.2225
105,105,4,20,75.12,0.0,3.585,0.2197
105,105,4,21,75.12,0.0,3.05,0.2173
105,105,4,22,75.12,0.0,2.663,0.2014
105,105,4,23,75.12,0.0,2.582,0.2009
105,106,5,0,75.12,0.0,2.639,0.1752
105,106,5,1,75.12,0.0,2.508,0.169
105,106,5,2,75.12,0.0,2.326,0.1625
105,106,5,3,75.12,0.0,2.268,0.1643
105,106,5,4,75.12,0.0,2.263,0.168
105,106,5,5,75.12,1.77,2.354,0.1678
105,106,5,6,75.12,17.91,2.284,0.1823
105,106,5,7,75.12,41.3,2.318,0.1866
105,106,5,8,75.12,64.56,2.775,0.1915
105,106,5,9,75.12,87.5,2.957,0.1966
105,106,5,10,75.12,101.04,2.918,0.2008
105,106,5,11,75.12,110.28,2.858,0.1965
105,106,5,12,75.12,109.9,2.724,0.197
105,106,5,13,75.12,102.21,2.488,0.1976
105,106,5,14,75.12,87.95,2.373,0.1951
105,106,5,15,75.12,67.69,2.328,0.1857
105,106,5,16,75.12,43.77,2.434,0.1869
105,106,5,17,75.12,19.03,2.391,0.1906
105,106,5,18,75.12,1.58,2.425,0.1875
105,106,5,19,75.12,0.0,2.847,0.1948
105,106,5,20,75.12,0.0,3.129,0.2048
105,106,5,21,75.12,0.0,2.897,0.2011
105,106,5,22,75.12,0.0,2.292,0.1883
105,106,5,23,75.12,0.0,2.244,0.1881
105,107,6,0,75.12,0.0,2.187,0.1815
105,107,6,1,75.12,0.0,2.216,0.18
105,107,6,2,75.12,0.0,2.074,0.1752
105,107,6,3,75.12,0.0,1.992,0.1749
105,107,6,4,75.12,0.0,1.9,0.177
105,107,6,5,75.12,2.06,1.861,0.1829
105,107,6,6,75.12,19.43,1.835,0.1886
105,107,6,7,75.12,42.65,1.757,0.1821
105,107,6,8,75.12,65.84,2.209,0.1854
105,107,6,9,75.12,85.26,2.487,0.1958
105,107,6,10,75.12,98.41,2.586,0.1936
105,107,6,11,75.12,110.07,2.461,0.1823
105,107,6,12,75.12,109.61,2.257,0.1836
105,107,6,13,75.12,101.87,2.141,0.1838
105,107,6,14,75.12,87.44,2.081,0.1788
105,107,6,15,75.12,67.57,2.167,0.1785
105,107,6,16,75.12,44.02,2.243,0.1888
105,107,6,17,75.12,19.49,2.5,0.202
105,107,6,18,75.12,1.7,2.717,0.2012
105,107,6,19,75.12,0.0,3.323,0.2044
105,107,6,20,75.12,0.0,3.799,0.1982
105,107,6,21,75.12,0.0,3.103,0.1947
105,107,6,22,75.12,0.0,2.463,0.1887
105,107,6,23,75.12,0.0,2.122,0.1838
105,108,0,0,75.12,0.0,2.259,0.1655
105,108,0,1,75.12,0.0,2.093,0.1689
105,108,0,2,75.12,0.0,2.076,0.1667
105,108,0,3,75.12,0.0,2.013,0.1681
105,108,0,4,75.12,0.0,2.011,0.1706
105,108,0,5,75.12,2.45,2.277,0.1744
105,108,0,6,75.12,20.81,3.019,0.1948
105,108,0,7,75.12,44.66,3.157,0.198
105,108,0,8,75.12,68.36,3.288,0.1969
105,108,0,9,75.12,87.17,3.292,0.1987
105,108,0,10,75.12,100.43,3.469,0.1955
105,108,0,11,75.12,108.98,3.412,0.1965
105,108,0,12,75.12,109.36,3.386,0.1961
105,108,0,13,75.12,101.07,3.297,0.1992
105,108,0,14,75.12,87.76,3.223,0.1996
105,108,0,15,75.12,67.35,3.284,0.2024
105,108,0,16,75.12,38.9,3.451,0.2021
105,108,0,17,75.12,15.6,3.449,0.2052
105,108,0,18,75.12,1.33,3.149,0.2106
105,108,0,19,75.12,0.0,3.636,0.2057
105,108,0,20,75.12,0.0,3.984,0.2054
105,108,0,21,75.12,0.0,3.182,0.1976
105,108,0,22,75.12,0.0,2.544,0.1849
105,108,0,23,75.12,0.0,2.313,0.1777
105,109,1,0,75.12,0.0,2.484,0.1685
105,109,1,1,75.12,0.0,2.205,0.1672
105,109,1,2,75.12,0.0,2.277,0.1631
105,109,1,3,75.12,0.0,2.109,0.1641
105,109,1,4,75.12,0.0,2.139,0.1656
105,109,1,5,75.12,2.23,2.468,0.1737
105,109,1,6,75.12,18.67,3.203,0.1948
105,109,1,7,75.12,39.98,3.446,0.2089
105,109,1,8,75.12,64.51,3.665,0.2097
105,109,1,9,75.12,86.43,3.606,0.2093
105,109,1,10,75.12,99.17,3.988,0.2098
105,109,1,11,75.12,102.21,4.101,0.2091
105,109,1,12,75.12,97.38,3.712,0.2083
105,109,1,13,75.12,90.8,3.584,0.2069
105,109,1,14,75.12,86.4,3.538,0.2047
105,109,1,15,75.12,69.68,3.439,0.2032
105,109,1,16,75.12,45.43,3.156,0.2077
105,109,1,17,75.12,20.52,3.117,0.2143
105,109,1,18,75.12,2.08,3.071,0.2093
105,109,1,19,75.12,0.0,3.415,0.209
105,109,1,20,75.12,0.0,3.696,0.2105
105,109,1,21,75.12,0.0,3.22,0.2099
105,109,1,22,75.12,0.0,2.814,0.1982
105,109,1,23,75.12,0.0,2.455,0.1781
105,110,2,0,75.12,0.0,2.258,0.1678
105,110,2,1,75.12,0.0,2.149,0.1694
105,110,2,2,75.12,0.0,2.04,0.1695
105,110,2,3,75.12,0.0,2.04,0.1685
105,110,2,4,75.12,0.0,2.086,0.1704
105,110,2,5,75.12,2.07,2.28,0.1826
105,110,2,6,75.12,15.81,2.896,0.1955
105,110,2,7,75.12,32.68,3.191,0.2102
105,110,2,8,75.12,49.58,3.356,0.2132
105,110,2,9,75.12,62.65,3.544,0.2203
105,110,2,10,75.12,107.46,3.944,0.2192
105,110,2,11,75.12,114.06,4.029,0.2219
105,110,2,12,75.12,113.41,3.79,0.2218
105,110,2,13,75.12,105.5,3.552,0.2214
105,110,2,14,75.12,90.89,3.428,0.2156
105,110,2,15,75.12,70.82,3.336,0.213
105,110,2,16,75.12,46.94,3.238,0.2133
105,110,2,17,75.12,21.7,3.229,0.2182
105,110,2,18,75.12,2.27,3.151,0.2177
105,110,2,19,75.12,0.0,3.49,0.2147
105,110,2,20,75.12,0.0,3.937,0.2152
105,110,2,21,75.12,0.0,3.083,0.2119
105,110,2,22,75.12,0.0,2.612,0.1943
105,110,2,23,75.12,0.0,2.305,0.1849
105,111,3,0,75.12,0.0,2.147,0.1803
105,111,3,1,75.12,0.0,2.029,0.1748
105,111,3,2,75.12,0.0,1.818,0.1729
105,111,3,3,75.12,0.0,1.908,0.1708
105,111,3,4,75.12,0.0,1.932,0.1694
105,111,3,5,75.12,3.19,2.124,0.1782
105,111,3,6,75.12,22.61,2.885,0.1931
105,111,3,7,75.12,46.43,3.089,0.2052
105,111,3,8,75.12,69.07,3.42,0.211
105,111,3,9,75.12,88.79,3.519,0.2095
105,111,3,10,75.12,101.53,3.897,0.2071
105,111,3,11,75.12,104.74,3.921,0.2095
105,111,3,12,75.12,97.49,3.907,0.2076
105,111,3,13,75.12,89.79,3.902,0.205
105,111,3,14,75.12,76.99,3.798,0.2048
105,111,3,15,75.12,59.01,3.911,0.2069
105,111,3,16,75.12,36.16,3.911,0.2096
105,111,3,17,75.12,15.78,3.82,0.2109
105,111,3,18,75.12,1.47,3.341,0.2143
105,111,3,19,75.12,0.0,3.636,0.2104
105,111,3,20,75.12,0.0,4.415,0.2175
105,111,3,21,75.12,0.0,3.248,0.2119
105,111,3,22,75.12,0.0,2.677,0.2051
105,111,3,23,75.12,0.0,2.41,0.1958
105,112,4,0,75.12,0.0,2.083,0.1735
105,112,4,1,75.12,0.0,1.959,0.1709
105,112,4,2,75.12,0.0,1.886,0.1641
105,112,4,3,75.12,0.0,1.741,0.1608
105,112,4,4,75.12,0.0,1.798,0.1646
105,112,4,5,75.12,2.24,1.941,0.1704
105,112,4,6,75.12,14.61,2.675,0.1916
105,112,4,7,75.12,32.31,2.868,0.2062
105,112,4,8,75.12,49.48,3.428,0.2061
105,112,4,9,75.12,61.99,3.609,0.2071
105,112,4,10,75.12,76.38,4.329,0.2091
105,112,4,11,75.12,64.32,4.4,0.2159
105,112,4,12,75.12,79.99,4.444,0.2153
105,112,4,13,75.12,70.26,4.64,0.2165
105,112,4,14,75.12,47.16,4.448,0.2171
105,112,4,15,75.12,20.71,4.7,0.2148
105,112,4,16,75.12,12.13,4.764,0.2148
105,112,4,17,75.12,5.26,4.351,0.214
105,112,4,18,75.12,0.98,3.56,0.217
105,112,4,19,75.12,0.0,3.638,0.2144
105,112,4,20,75.12,0.0,4.001,0.2162
105,112,4,21,75.12,0.0,3.256,0.2185
105,112,4,22,75.12,0.0,2.732,0.204
105,112,4,23,75.12,0.0,2.512,0.196
105,113,5,0,63.06,0.0,2.382,0.1837
105,113,5,1,61.43,0.0,2.264,0.1818
105,113,5,2,48.12,0.0,2.154,0.176
105,113,5,3,48.75,0.0,2.027,0.1741
105,113,5,4,47.75,0.0,2.015,0.1754
105,113,5,5,49.5,1.25,2.173,0.181
105,113,5,6,46.62,6.87,2.463,0.1854
105,113,5,7,47.5,11.54,2.473,0.191
105,113,5,8,48.5,18.07,2.8,0.1986
105,113,5,9,49.75,28.01,3.154,0.2022
105,113,5,10,52.75,49.59,3.229,0.2039
105,113,5,11,54.88,61.69,2.963,0.2111
105,113,5,12,61.5,78.09,2.846,0.2002
105,113,5,13,66.75,80.09,2.711,0.1985
105,113,5,14,66.0,69.67,2.614,0.1958
105,113,5,15,63.75,57.21,2.627,0.1948
105,113,5,16,65.0,38.81,2.673,0.1932
105,113,5,17,64.88,18.57,2.679,0.1973
105,113,5,18,66.38,2.44,2.654,0.1991
105,113,5,19,64.75,0.0,3.163,0.2
105,113,5,20,65.38,0.0,3.71,0.2045
105,113,5,21,62.0,0.0,3.205,0.2087
105,113,5,22,56.75,0.0,2.652,0.2044
105,113,5,23,51.88,0.0,2.438,0.1932
105,114,6,0,48.62,0.0,2.605,0.1893
105,114,6,1,50.12,0.0,2.479,0.1779
105,114,6,2,49.75,0.0,2.222,0.1741
105,114,6,3,50.62,0.0,2.231,0.1746
105,114,6,4,48.12,0.0,2.099,0.1747
105,114,6,5,48.62,3.65,2.228,0.1769
105,114,6,6,48.12,23.18,2.191,0.1795
105,114,6,7,46.38,46.56,2.289,0.1802
105,114,6,8,46.25,70.13,2.578,0.1842
105,114,6,9,48.5,89.7,2.748,0.1864
105,114,6,10,48.62,103.62,3.091,0.1959
105,114,6,11,53.75,112.84,2.869,0.1943
105,114,6,12,60.38,111.55,2.804,0.1989
105,114,6,13,63.0,101.65,2.717,0.1987
105,114,6,14,66.0,89.77,2.624,0.1958
105,114,6,15,66.62,69.53,2.684,0.1972
105,114,6,16,63.75,45.77,2.734,0.1972
105,114,6,17,64.12,21.24,2.8,0.1988
105,114,6,18,66.75,2.52,2.825,0.2069
105,114,6,19,63.0,0.0,3.312,0.2076
105,114,6,20,59.25,0.0,4.405,0.2141
105,114,6,21,50.0,0.0,3.562,0.2161
105,114,6,22,49.88,0.0,2.875,0.2119
105,114,6,23,48.25,0.0,2.763,0.208
105,115,0,0,57.8,0.0,2.527,0.1916
105,115,0,1,47.0,0.0,1.946,0.1888
105,115,0,2,46.25,0.0,1.784,0.1886
105,115,0,3,45.62,0.0,1.738,0.1918
105,115,0,4,46.0,0.0,1.768,0.1902
105,115,0,5,46.62,2.75,2.112,0.1966
105,115,0,6,49.0,19.67,2.96,0.2156
105,115,0,7,60.12,41.57,3.163,0.2201
105,115,0,8,70.12,64.33,3.355,0.2277
105,115,0,9,88.0,86.07,3.566,0.2246
105,115,0,10,102.5,87.73,4.003,0.2226
105,115,0,11,119.88,87.96,4.026,0.2274
105,115,0,12,123.5,84.4,4.079,0.2263
105,115,0,13,129.75,71.92,4.223,0.2316
105,115,0,14,133.38,62.3,4.237,0.2292
105,115,0,15,133.12,51.47,4.242,0.2289
105,115,0,16,131.38,31.63,4.4,0.2289
105,115,0,17,123.62,13.99,4.2,0.2311
105,115,0,18,100.42,2.0,3.834,0.2316
105,115,0,19,85.35,0.0,3.835,0.2284
105,115,0,20,81.72,0.0,4.775,0.2281
105,115,0,21,82.72,0.0,3.462,0.2273
105,115,0,22,75.72,0.0,2.676,0.2138
105,115,0,23,70.35,0.0,2.498,0.2047
105,116,1,0,72.1,0.0,2.309,0.1892
105,116,1,1,67.1,0.0,2.178,0.1839
105,116,1,2,67.85,0.0,2.098,0.183
105,116,1,3,66.1,0.0,2.013,0.1891
105,116,1,4,65.97,0.0,2.098,0.1917
105,116,1,5,66.1,2.37,2.206,0.2034
105,116,1,6,65.85,12.75,2.985,0.2222
105,116,1,7,67.6,26.63,3.384,0.2235
105,116,1,8,68.97,34.12,3.773,0.2243
105,116,1,9,75.22,42.95,3.914,0.2276
105,116,1,10,87.85,54.22,4.222,0.2294
105,116,1,11,93.6,84.85,4.301,0.2352
105,116,1,12,96.47,86.18,4.225,0.2371
105,116,1,13,98.35,75.25,4.312,0.2349
105,116,1,14,98.72,37.44,4.113,0.235
105,116,1,15,105.22,37.35,4.501,0.2376
105,116,1,16,101.6,23.05,4.381,0.2385
105,116,1,17,99.6,10.51,4.067,0.2354
105,116,1,18,94.22,1.48,3.554,0.2346
105,116,1,19,89.6,0.0,3.827,0.2314
105,116,1,20,86.97,0.0,4.67,0.2336
105,116,1,21,78.97,0.0,3.45,0.2315
105,116,1,22,84.22,0.0,2.62,0.2292
105,116,1,23,80.85,0.0,2.42,0.221
105,117,2,0,74.22,0.0,2.231,0.2002
105,117,2,1,73.35,0.0,2.145,0.1917
105,117,2,2,71.72,0.0,2.06,0.1851
105,117,2,3,70.97,0.0,2.021,0.187
105,117,2,4,70.35,0.0,2.099,0.1861
105,117,2,5,70.35,1.67,2.191,0.2013
105,117,2,6,70.47,7.09,3.041,0.2187
105,117,2,7,72.35,13.63,3.373,0.2137
105,117,2,8,69.85,20.79,3.533,0.2174
105,117,2,9,78.47,26.57,3.693,0.2119
105,117,2,10,85.72,40.29,3.965,0.2109
105,117,2,11,93.72,56.03,3.966,0.2087
105,117,2,12,98.6,73.57,3.77,0.2032
105,117,2,13,101.6,59.27,3.741,0.2026
105,117,2,14,102.97,59.32,3.578,0.2013
105,117,2,15,101.85,48.54,3.654,0.2039
105,117,2,16,94.47,32.4,3.774,0.2026
105,117,2,17,94.72,17.02,3.604,0.2053
105,117,2,18,90.1,2.57,3.367,0.2078
105,117,2,19,86.1,0.0,3.686,0.2063
105,117,2,20,83.1,0.0,4.356,0.2055
105,117,2,21,79.22,0.0,3.227,0.202
105,117,2,22,76.97,0.0,2.692,0.195
105,117,2,23,75.97,0.0,2.248,0.187
105,118,3,0,74.85,0.0,2.013,0.1952
105,118,3,1,70.47,0.0,1.97,0.1896
105,118,3,2,69.97,0.0,1.912,0.1876
105,118,3,3,67.47,0.0,1.875,0.1807
105,118,3,4,67.22,0.0,1.856,0.1832
105,118,3,5,67.85,2.96,1.921,0.1919
105,118,3,6,68.6,14.54,2.901,0.2121
105,118,3,7,74.6,29.65,3.008,0.2177
105,118,3,8,77.6,40.18,3.113,0.2161
105,118,3,9,77.6,49.02,3.288,0.2172
105,118,3,10,77.6,43.19,3.424,0.2107
105,118,3,11,77.6,49.85,3.377,0.2098
105,118,3,12,77.6,42.58,3.297,0.2131
105,118,3,13,77.6,34.32,3.011,0.2136
105,118,3,14,77.6,23.0,2.948,0.217
105,118,3,15,77.6,12.86,3.034,0.2147
105,118,3,16,77.6,14.95,3.038,0.2162
105,118,3,17,77.6,7.38,2.949,0.2149
105,118,3,18,77.6,1.05,2.945,0.2142
105,118,3,19,77.6,0.0,3.006,0.2151
105,118,3,20,77.6,0.0,3.572,0.2161
105,118,3,21,77.6,0.0,2.799,0.2131
105,118,3,22,77.6,0.0,2.288,0.2022
105,118,3,23,77.6,0.0,2.156,0.2021
105,119,4,0,77.6,0.0,1.829,0.186
105,119,4,1,77.6,0.0,1.759,0.1861
105,119,4,2,77.6,0.0,1.727,0.1855
105,119,4,3,77.6,0.0,1.644,0.1904
105,119,4,4,77.6,0.0,1.666,0.1926
105,119,4,5,77.6,2.43,1.871,0.2026
105,119,4,6,77.6,10.79,2.613,0.2135
105,119,4,7,77.6,21.61,2.763,0.2214
105,119,4,8,77.6,36.24,2.946,0.2218
105,119,4,9,77.6,37.95,2.95,0.2219
105,119,4,10,77.6,50.79,3.165,0.2258
105,119,4,11,77.6,42.85,3.014,0.2246
105,119,4,12,77.6,36.77,2.931,0.2254
105,119,4,13,77.6,33.43,2.9,0.2246
105,119,4,14,77.6,22.13,2.843,0.2211
105,119,4,15,77.6,12.33,3.039,0.2175
105,119,4,16,77.6,6.31,3.035,0.2195
105,119,4,17,77.6,2.8,3.002,0.2181
105,119,4,18,77.6,0.62,2.866,0.2151
105,119,4,19,77.6,0.0,2.905,0.2142
105,119,4,20,77.6,0.0,3.465,0.2178
105,119,4,21,77.6,0.0,2.811,0.2207
105,119,4,22,77.6,0.0,2.237,0.2115
105,119,4,23,77.6,0.0,2.22,0.2092
105,120,5,0,77.6,0.0,2.012,0.196
105,120,5,1,77.6,0.0,1.98,0.1848
105,120,5,2,77.6,0.0,1.872,0.1835
105,120,5,3,77.6,0.0,1.842,0.1827
105,120,5,4,77.6,0.0,1.756,0.1829
105,120,5,5,77.6,2.73,1.888,0.1891
105,120,5,6,77.6,12.55,1.855,0.1817
105,120,5,7,77.6,24.28,1.955,0.1818
105,120,5,8,77.6,43.3,2.224,0.192
105,120,5,9,77.6,69.07,2.422,0.1916
105,120,5,10,77.6,72.19,2.596,0.2033
105,120,5,11,77.6,87.28,2.333,0.1982
105,120,5,12,77.6,67.74,2.254,0.1894
105,120,5,13,77.6,59.13,2.172,0.1859
105,120,5,14,77.6,51.99,2.083,0.1826
105,120,5,15,77.6,39.96,2.075,0.1801
105,120,5,16,77.6,23.6,2.101,0.1858
105,120,5,17,77.6,10.46,2.103,0.1906
105,120,5,18,77.6,1.38,2.115,0.1892
105,120,5,19,77.6,0.0,2.375,0.1978
105,120,5,20,77.6,0.0,3.225,0.2095
105,120,5,21,77.6,0.0,2.376,0.2034
105,120,5,22,77.6,0.0,1.994,0.1951
105,120,5,23,77.6,0.0,1.96,0.1947
105,121,6,0,77.6,0.0,2.141,0.1963
105,121,6,1,77.6,0.0,2.108,0.1889
105,121,6,2,77.6,0.0,1.838,0.1886
105,121,6,3,77.6,0.0,1.767,0.1876
105,121,6,4,77.6,0.0,1.769,0.1898
105,121,6,5,77.6,1.36,1.775,0.1894
105,121,6,6,77.6,4.82,1.853,0.1835
105,121,6,7,77.6,8.2,1.827,0.1815
105,121,6,8,77.6,11.03,2.209,0.186
105,121,6,9,77.6,17.57,2.396,0.196
105,121,6,10,77.6,23.53,2.551,0.2069
105,121,6,11,77.6,26.57,2.521,0.2128
105,121,6,12,77.6,20.31,2.496,0.22
105,121,6,13,77.6,14.99,2.404,0.2213
105,121,6,14,77.6,14.26,2.366,0.2192
105,121,6,15,77.6,5.7,2.428,0.2195
105,121,6,16,77.6,14.48,2.609,0.2265
105,121,6,17,77.6,8.05,2.6,0.2294
105,121,6,18,77.6,1.36,2.647,0.2312
105,121,6,19,77.6,0.0,2.759,0.231
105,121,6,20,77.6,0.0,3.323,0.2323
105,121,6,21,77.6,0.0,2.801,0.2278
105,121,6,22,77.6,0.0,2.21,0.2266
105,121,6,23,77.6,0.0,2.11,0.2234
105,122,0,0,77.6,0.0,1.964,0.215
105,122,0,1,77.6,0.0,1.629,0.2112
105,122,0,2,77.6,0.0,1.415,0.2107
105,122,0,3,77.6,0.0,1.398,0.2094
105,122,0,4,77.6,0.0,1.532,0.2121
105,122,0,5,77.6,1.99,1.799,0.2241
105,122,0,6,77.6,5.98,2.611,0.2314
105,122,0,7,77.6,9.7,2.881,0.2391
105,122,0,8,77.6,12.37,3.173,0.2407
105,122,0,9,77.6,19.57,3.17,0.2425
105,122,0,10,77.6,21.29,3.402,0.2457
105,122,0,11,77.6,25.2,3.402,0.2467
105,122,0,12,77.6,29.71,3.297,0.2476
105,122,0,13,77.6,38.15,3.261,0.2452
105,122,0,14,77.6,36.35,3.118,0.2456
105,122,0,15,77.6,34.55,3.226,0.2438
105,122,0,16,77.6,22.18,3.288,0.2425
105,122,0,17,77.6,10.39,3.357,0.2426
105,122,0,18,77.6,1.69,3.117,0.2435
105,122,0,19,77.6,0.0,3.251,0.2444
105,122,0,20,77.6,0.0,3.392,0.2463
105,122,0,21,77.6,0.0,2.825,0.2424
105,122,0,22,77.6,0.0,2.236,0.2341
105,122,0,23,77.6,0.0,2.069,0.2345
105,123,1,0,77.6,0.0,1.965,0.2235
105,123,1,1,77.6,0.0,1.772,0.2184
105,123,1,2,77.6,0.0,1.666,0.2156
105,123,1,3,77.6,0.0,1.586,0.2158
105,123,1,4,77.6,0.0,1.677,0.2187
105,123,1,5,77.6,0.88,1.948,0.2288
105,123,1,6,77.6,2.29,2.576,0.2404
105,123,1,7,77.6,4.76,2.78,0.2471
105,123,1,8,77.6,8.39,3.008,0.2511
105,123,1,9,77.6,19.06,3.13,0.2495
105,123,1,10,77.6,24.79,3.317,0.2516
105,123,1,11,77.6,23.99,3.426,0.253
105,123,1,12,77.6,26.0,3.25,0.2495
105,123,1,13,77.6,36.51,3.143,0.2483
105,123,1,14,77.6,20.38,2.9,0.248
105,123,1,15,77.6,11.56,2.9,0.2482
105,123,1,16,77.6,15.08,2.926,0.2483
105,123,1,17,77.6,8.26,2.838,0.2473
105,123,1,18,77.6,1.45,2.764,0.2473
105,123,1,19,77.6,0.0,2.87,0.2477
105,123,1,20,77.6,0.0,3.456,0.2517
105,123,1,21,77.6,0.0,2.65,0.2423
105,123,1,22,77.6,0.0,2.26,0.2287
105,123,1,23,77.6,0.0,2.038,0.2289
105,124,2,0,77.6,0.0,2.087,0.2167
105,124,2,1,77.6,0.0,1.969,0.212
105,124,2,2,77.6,0.0,1.83,0.2101
105,124,2,3,77.6,0.0,1.769,0.2083
105,124,2,4,77.6,0.0,1.842,0.2078
105,124,2,5,77.6,2.2,2.153,0.2208
105,124,2,6,77.6,8.21,2.638,0.2377
105,124,2,7,77.6,14.93,2.72,0.2413
105,124,2,8,77.6,17.95,3.081,0.2471
105,124,2,9,77.6,19.28,3.068,0.2492
105,124,2,10,77.6,21.05,3.348,0.2494
105,124,2,11,77.6,24.02,3.389,0.2495
105,124,2,12,77.6,21.22,3.217,0.2497
105,124,2,13,77.6,19.79,3.178,0.248
105,124,2,14,77.6,17.29,3.109,0.2453
105,124,2,15,77.6,10.03,3.104,0.2437
105,124,2,16,77.6,6.76,3.158,0.2421
105,124,2,17,77.6,3.85,3.024,0.2453
105,124,2,18,77.6,0.71,2.858,0.2413
105,124,2,19,77.6,0.0,2.9,0.2422
105,124,2,20,77.6,0.0,3.345,0.2446
105,124,2,21,77.6,0.0,2.77,0.2377
105,124,2,22,77.6,0.0,2.396,0.2294
105,124,2,23,77.6,0.0,2.302,0.2254
105,125,3,0,77.6,0.0,2.094,0.2316
105,125,3,1,77.6,0.0,2.009,0.2129
105,125,3,2,77.6,0.0,1.859,0.2071
105,125,3,3,77.6,0.0,1.823,0.2021
105,125,3,4,77.6,0.0,1.772,0.205
105,125,3,5,77.6,2.46,2.1,0.2153
105,125,3,6,77.6,8.77,2.752,0.2349
105,125,3,7,77.6,17.51,2.64,0.2384
105,125,3,8,77.6,25.99,3.04,0.2432
105,125,3,9,77.6,27.77,2.91,0.2464
105,125,3,10,77.6,34.46,3.216,0.2454
105,125,3,11,77.6,40.61,3.21,0.2449
105,125,3,12,77.6,43.44,3.129,0.2435
105,125,3,13,77.6,36.82,3.215,0.2443
105,125,3,14,77.6,31.66,3.129,0.2392
105,125,3,15,77.6,19.64,3.248,0.2374
105,125,3,16,77.6,12.78,3.185,0.2369
105,125,3,17,77.6,6.69,3.05,0.2355
105,125,3,18,77.6,1.08,2.816,0.2385
105,125,3,19,77.6,0.0,2.826,0.2396
105,125,3,20,77.6,0.0,3.167,0.242
105,125,3,21,77.6,0.0,2.664,0.2361
105,125,3,22,77.6,0.0,2.399,0.2306
105,125,3,23,77.6,0.0,2.214,0.2233
105,126,4,0,77.6,0.0,2.182,0.2133
105,126,4,1,77.6,0.0,2.073,0.2035
105,126,4,2,77.6,0.0,1.866,0.1967
105,126,4,3,77.6,0.0,1.758,0.1924
105,126,4,4,77.6,0.0,1.749,0.1967
105,126,4,5,77.6,1.55,2.065,0.2119
105,126,4,6,77.6,4.73,2.562,0.2296
105,126,4,7,77.6,8.08,2.553,0.2293
105,126,4,8,77.6,10.84,2.79,0.2295
105,126,4,9,77.6,11.99,2.899,0.2269
105,126,4,10,77.6,12.55,3.112,0.2305
105,126,4,11,77.6,18.19,3.063,0.2271
105,126,4,12,77.6,18.43,3.216,0.2235
105,126,4,13,77.6,18.69,3.185,0.2195
105,126,4,14,77.6,21.25,2.987,0.2206
105,126,4,15,77.6,16.48,3.176,0.2212
105,126,4,16,77.6,10.01,3.185,0.2241
105,126,4,17,77.6,5.53,3.012,0.2264
105,126,4,18,77.6,1.1,2.756,0.2265
105,126,4,19,77.6,0.0,2.747,0.2232
105,126,4,20,77.6,0.0,3.057,0.228
105,126,4,21,77.6,0.0,2.758,0.2155
105,126,4,22,77.6,0.0,2.301,0.1971
105,126,4,23,77.6,0.0,2.157,0.1916
105,127,5,0,77.6,0.0,2.108,0.1762
105,127,5,1,77.6,0.0,1.896,0.1766
105,127,5,2,77.6,0.0,1.796,0.1855
105,127,5,3,77.6,0.0,1.71,0.1811
105,127,5,4,77.6,0.0,1.666,0.1782
105,127,5,5,77.6,2.24,1.768,0.1738
105,127,5,6,77.6,6.96,1.82,0.17
105,127,5,7,77.6,13.38,1.931,0.1751
105,127,5,8,77.6,19.85,2.125,0.1858
105,127,5,9,77.6,22.52,2.312,0.1981
105,127,5,10,77.6,35.11,2.435,0.1999
105,127,5,11,77.6,35.72,2.345,0.1984
105,127,5,12,77.6,39.91,2.299,0.198
105,127,5,13,77.6,33.91,2.298,0.1988
105,127,5,14,77.6,40.49,2.134,0.196
105,127,5,15,77.6,36.56,2.206,0.1948
105,127,5,16,77.6,25.95,2.326,0.1966
105,127,5,17,77.6,14.48,2.304,0.1989
105,127,5,18,77.6,3.09,2.292,0.1992
105,127,5,19,77.6,0.0,2.497,0.2024
105,127,5,20,77.6,0.0,2.726,0.2022
105,127,5,21,77.6,0.0,2.587,0.1931
105,127,5,22,77.6,0.0,2.073,0.1881
105,127,5,23,77.6,0.0,1.927,0.1896
105,128,6,0,77.6,0.0,1.91,0.1843
105,128,6,1,77.6,0.0,1.804,0.1809
105,128,6,2,77.6,0.0,1.555,0.1788
105,128,6,3,77.6,0.0,1.519,0.1789
105,128,6,4,77.6,0.0,1.458,0.181
105,128,6,5,77.6,2.75,1.475,0.1766
105,128,6,6,77.6,10.11,1.543,0.1733
105,128,6,7,77.6,18.85,1.605,0.1761
105,128,6,8,77.6,36.24,1.946,0.1804
105,128,6,9,77.6,63.79,2.077,0.185
105,128,6,10,77.6,68.09,2.171,0.1914
105,128,6,11,77.6,104.16,2.221,0.1961
105,128,6,12,77.6,102.0,2.221,0.1847
105,128,6,13,77.6,94.79,2.222,0.1773
105,128,6,14,77.6,94.98,2.183,0.1711
105,128,6,15,77.6,73.62,2.216,0.1732
105,128,6,16,77.6,50.84,2.294,0.1726
105,128,6,17,77.6,26.93,2.49,0.1785
105,128,6,18,77.6,5.66,2.515,0.1804
105,128,6,19,77.6,0.0,2.598,0.1927
105,128,6,20,77.6,0.0,2.847,0.1966
105,128,6,21,77.6,0.0,2.748,0.2003
105,128,6,22,77.6,0.0,2.248,0.1864
105,128,6,23,77.6,0.0,2.029,0.1693
105,129,0,0,77.6,0.0,1.787,0.1599
105,129,0,1,77.6,0.0,1.677,0.1614
105,129,0,2,77.6,0.0,1.595,0.1647
105,129,0,3,77.6,0.0,1.576,0.1632
105,129,0,4,77.6,0.0,1.647,0.1647
105,129,0,5,77.6,8.71,1.728,0.1748
105,129,0,6,77.6,29.95,2.292,0.1789
105,129,0,7,77.6,53.57,2.533,0.1892
105,129,0,8,77.6,76.42,2.799,0.1888
105,129,0,9,77.6,93.04,2.933,0.1916
105,129,0,10,77.6,96.22,3.223,0.2007
105,129,0,11,77.6,79.24,3.22,0.1908
105,129,0,12,77.6,70.16,3.223,0.1926
105,129,0,13,77.6,62.87,3.29,0.1898
105,129,0,14,77.6,56.19,3.044,0.1961
105,129,0,15,77.6,40.84,3.037,0.1981
105,129,0,16,77.6,25.82,3.054,0.202
105,129,0,17,77.6,13.44,3.079,0.2057
105,129,0,18,77.6,2.94,2.927,0.2093
105,129,0,19,77.6,0.0,2.912,0.2071
105,129,0,20,77.6,0.0,3.229,0.2072
105,129,0,21,77.6,0.0,2.692,0.206
105,129,0,22,77.6,0.0,2.209,0.1951
105,129,0,23,77.6,0.0,2.108,0.1829
105,130,1,0,72.85,0.0,1.888,0.1829
105,130,1,1,73.47,0.0,1.753,0.1808
105,130,1,2,69.72,0.0,1.509,0.1786
105,130,1,3,70.97,0.0,1.434,0.1787
105,130,1,4,68.85,0.0,1.447,0.1796
105,130,1,5,70.1,4.47,1.724,0.1856
105,130,1,6,69.97,13.73,2.233,0.204
105,130,1,7,69.97,23.81,2.528,0.2087
105,130,1,8,72.85,29.1,2.665,0.2122
105,130,1,9,76.85,39.44,2.83,0.2146
105,130,1,10,92.1,53.23,2.936,0.2114
105,130,1,11,105.22,53.93,2.894,0.2061
105,130,1,12,101.1,50.03,2.907,0.2042
105,130,1,13,98.35,43.24,2.945,0.2071
105,130,1,14,103.22,35.54,2.852,0.2115
105,130,1,15,98.1,32.64,2.945,0.2073
105,130,1,16,93.85,21.06,2.945,0.205
105,130,1,17,89.47,10.73,2.945,0.2072
105,130,1,18,84.72,2.46,2.702,0.2084
105,130,1,19,81.72,0.0,2.688,0.2116
105,130,1,20,78.1,0.0,3.229,0.2167
105,130,1,21,75.22,0.0,2.687,0.2091
105,130,1,22,73.35,0.0,2.245,0.1976
105,130,1,23,70.35,0.0,2.136,0.1867
105,131,2,0,69.1,0.0,1.62,0.1745
105,131,2,1,68.35,0.0,1.473,0.1705
105,131,2,2,68.1,0.0,1.248,0.1684
105,131,2,3,68.1,0.0,1.219,0.1664
105,131,2,4,68.22,0.0,1.344,0.1717
105,131,2,5,67.97,5.76,1.597,0.1786
105,131,2,6,67.97,18.83,2.089,0.1854
105,131,2,7,70.1,35.62,2.214,0.1974
105,131,2,8,70.72,49.08,2.328,0.2044
105,131,2,9,80.72,62.4,2.565,0.2074
105,131,2,10,85.97,70.88,2.727,0.2038
105,131,2,11,93.1,81.09,2.681,0.2044
105,131,2,12,97.72,90.06,2.9,0.2045
105,131,2,13,99.1,93.39,2.903,0.2093
105,131,2,14,97.97,72.17,2.701,0.21
105,131,2,15,97.1,49.16,2.952,0.2124
105,131,2,16,91.6,32.08,2.953,0.2112
105,131,2,17,94.22,16.3,2.846,0.2172
105,131,2,18,85.97,3.77,2.561,0.2174
105,131,2,19,81.1,0.0,2.532,0.2127
105,131,2,20,78.35,0.0,3.272,0.2102
105,131,2,21,76.47,0.0,2.557,0.2098
105,131,2,22,74.22,0.0,2.207,0.192
105,131,2,23,72.6,0.0,2.136,0.1728
105,132,3,0,73.18,0.0,1.816,0.1546
105,132,3,1,68.6,0.0,1.659,0.1495
105,132,3,2,68.35,0.0,1.288,0.1497
105,132,3,3,67.6,0.0,1.274,0.1521
105,132,3,4,68.85,0.0,1.392,0.1514
105,132,3,5,68.6,8.83,1.74,0.1591
105,132,3,6,68.85,28.96,2.13,0.1813
105,132,3,7,70.6,52.25,2.27,0.1941
105,132,3,8,70.72,74.45,2.398,0.2049
105,132,3,9,70.47,92.46,2.524,0.2023
105,132,3,10,77.76,103.81,2.893,0.2097
105,132,3,11,77.76,109.92,2.837,0.2072
105,132,3,12,77.76,110.8,2.861,0.2064
105,132,3,13,77.76,99.07,2.684,0.2089
105,132,3,14,77.76,88.91,2.605,0.2114
105,132,3,15,77.76,70.43,2.776,0.2174
105,132,3,16,77.76,46.49,2.877,0.2126
105,132,3,17,77.76,24.66,2.807,0.2172
105,132,3,18,77.76,5.3,2.574,0.2146
105,132,3,19,77.76,0.0,2.485,0.2137
105,132,3,20,77.76,0.0,2.901,0.2045
105,132,3,21,77.76,0.0,2.425,0.2017
105,132,3,22,77.76,0.0,2.155,0.186
105,132,3,23,77.76,0.0,2.043,0.1728
105,133,4,0,68.96,0.0,1.865,0.1699
105,133,4,1,69.46,0.0,1.613,0.1962
105,133,4,2,61.16,0.0,1.3,0.1899
105,133,4,3,60.66,0.0,1.204,0.177
105,133,4,4,59.66,0.0,1.277,0.1713
105,133,4,5,60.66,3.58,1.743,0.1826
105,133,4,6,65.66,11.8,2.097,0.1919
105,133,4,7,77.16,24.3,2.207,0.213
105,133,4,8,84.16,19.3,2.343,0.2105
105,133,4,9,93.66,23.07,2.729,0.2129
105,133,4,10,101.66,26.2,2.812,0.2184
105,133,4,11,108.16,25.18,2.806,0.2198
105,133,4,12,110.16,29.02,2.798,0.2216
105,133,4,13,111.66,21.75,2.824,0.2251
105,133,4,14,111.66,17.83,2.708,0.2314
105,133,4,15,112.66,15.06,2.804,0.2339
105,133,4,16,110.16,20.63,2.831,0.2319
105,133,4,17,101.16,12.78,2.6,0.2299
105,133,4,18,92.16,3.68,2.419,0.2293
105,133,4,19,83.66,0.0,2.343,0.2313
105,133,4,20,79.16,0.0,2.773,0.2178
105,133,4,21,75.66,0.0,2.399,0.2004
105,133,4,22,65.66,0.0,2.199,0.1777
105,133,4,23,61.66,0.0,2.116,0.1723
105,134,5,0,57.66,0.0,2.163,0.1562
105,134,5,1,58.66,0.0,2.018,0.1488
105,134,5,2,58.16,0.0,1.737,0.1459
105,134,5,3,58.16,0.0,1.651,0.1433
105,134,5,4,58.16,0.0,1.666,0.1504
105,134,5,5,57.66,11.13,1.716,0.1523
105,134,5,6,57.16,33.0,1.738,0.1603
105,134,5,7,56.66,56.66,1.838,0.1666
105,134,5,8,57.66,76.58,2.242,0.1741
105,134,5,9,57.66,82.05,2.466,0.178
105,134,5,10,59.66,94.24,2.539,0.1771
105,134,5,11,60.66,88.79,2.58,0.1808
105,134,5,12,63.16,71.34,2.564,0.1787
105,134,5,13,64.16,51.86,2.537,0.1814
105,134,5,14,65.16,55.88,2.42,0.1871
105,134,5,15,65.16,33.8,2.476,0.1842
105,134,5,16,65.66,22.1,2.507,0.1811
105,134,5,17,65.66,12.64,2.5,0.1827
105,134,5,18,66.16,2.94,2.391,0.1837
105,134,5,19,64.66,0.0,2.5,0.1849
105,134,5,20,63.66,0.0,2.797,0.1855
105,134,5,21,60.66,0.0,2.486,0.1805
105,134,5,22,60.16,0.0,2.264,0.1681
105,134,5,23,59.66,0.0,2.119,0.1547
105,135,6,0,60.16,0.0,2.158,0.1591
105,135,6,1,58.66,0.0,2.056,0.152
105,135,6,2,57.66,0.0,1.815,0.1414
105,135,6,3,56.66,0.0,1.561,0.1436
105,135,6,4,58.16,0.0,1.493,0.1362
105,135,6,5,57.66,10.0,1.535,0.1374
105,135,6,6,50.16,28.84,1.536,0.145
105,135,6,7,61.16,51.45,1.592,0.1498
105,135,6,8,61.16,46.41,1.823,0.1468
105,135,6,9,61.16,59.79,2.091,0.1548
105,135,6,10,61.16,77.45,2.159,0.1519
105,135,6,11,61.16,62.13,2.194,0.1508
105,135,6,12,61.16,64.43,2.134,0.1516
105,135,6,13,61.16,58.94,2.144,0.1529
105,135,6,14,61.16,71.02,2.12,0.153
105,135,6,15,61.16,55.72,2.153,0.1527
105,135,6,16,61.16,38.03,2.195,0.1566
105,135,6,17,61.16,22.21,2.24,0.1618
105,135,6,18,61.16,5.87,2.332,0.1676
105,135,6,19,61.16,0.0,2.525,0.1682
105,135,6,20,61.16,0.0,2.783,0.1755
105,135,6,21,61.16,0.0,2.57,0.1698
105,135,6,22,61.16,0.0,2.191,0.1608
105,135,6,23,61.16,0.0,2.102,0.1487
105,136,0,0,57.83,0.0,1.835,0.1451
105,136,0,1,56.83,0.0,1.603,0.1426
105,136,0,2,51.38,0.0,1.524,0.1464
105,136,0,3,50.5,0.0,1.515,0.145
105,136,0,4,50.75,0.0,1.545,0.1447
105,136,0,5,50.25,12.65,1.858,0.1489
105,136,0,6,53.38,35.12,2.146,0.1557
105,136,0,7,68.0,59.74,2.227,0.1675
105,136,0,8,77.0,76.44,2.475,0.1853
105,136,0,9,92.0,96.51,2.701,0.1835
105,136,0,10,111.12,104.78,2.816,0.1769
105,136,0,11,121.88,119.65,2.816,0.1789
105,136,0,12,127.25,116.58,2.806,0.1823
105,136,0,13,128.62,111.64,2.808,0.1801
105,136,0,14,129.12,97.2,2.751,0.1792
105,136,0,15,127.62,77.63,2.815,0.1786
105,136,0,16,128.75,54.43,2.816,0.1834
105,136,0,17,121.88,29.83,2.827,0.1902
105,136,0,18,103.88,7.78,2.603,0.1934
105,136,0,19,92.25,0.0,2.643,0.1947
105,136,0,20,82.5,0.0,2.902,0.1992
105,136,0,21,76.12,0.0,2.33,0.1978
105,136,0,22,64.12,0.0,2.054,0.1816
105,136,0,23,57.25,0.0,2.03,0.1694
105,137,1,0,54.12,0.0,1.866,0.1653
105,137,1,1,53.88,0.0,1.818,0.1615
105,137,1,2,51.75,0.0,1.62,0.1567
105,137,1,3,52.88,0.0,1.631,0.158
105,137,1,4,51.12,0.0,1.656,0.1645
105,137,1,5,51.62,4.81,1.85,0.1695
105,137,1,6,55.5,14.93,2.197,0.1886
105,137,1,7,69.88,24.3,2.312,0.1914
105,137,1,8,77.25,40.59,2.388,0.1974
105,137,1,9,93.38,39.56,2.446,0.1996
105,137,1,10,107.38,53.29,2.596,0.1982
105,137,1,11,116.25,44.4,2.591,0.1993
105,137,1,12,119.5,30.91,2.553,0.1984
105,137,1,13,122.62,32.85,2.53,0.1975
105,137,1,14,127.88,24.97,2.375,0.2007
105,137,1,15,125.25,14.01,2.517,0.204
105,137,1,16,120.75,10.62,2.569,0.2019
105,137,1,17,113.88,3.97,2.494,0.2
105,137,1,18,99.75,2.07,2.378,0.2007
105,137,1,19,91.25,0.0,2.389,0.2036
105,137,1,20,81.25,0.0,2.86,0.2063
105,137,1,21,73.0,0.0,2.38,0.1949
105,137,1,22,63.62,0.0,2.011,0.183
105,137,1,23,58.12,0.0,1.936,0.1752
105,138,2,0,54.0,0.0,2.17,0.165
105,138,2,1,53.88,0.0,2.056,0.1594
105,138,2,2,52.75,0.0,1.827,0.1559
105,138,2,3,50.75,0.0,1.511,0.1545
105,138,2,4,50.38,0.0,1.523,0.1593
105,138,2,5,51.12,5.16,1.827,0.1722
105,138,2,6,55.62,13.83,2.282,0.1883
105,138,2,7,71.0,25.28,2.343,0.1978
105,138,2,8,77.25,36.95,2.569,0.2046
105,138,2,9,94.62,57.67,2.662,0.2061
105,138,2,10,108.25,85.57,2.761,0.2078
105,138,2,11,119.88,109.22,2.828,0.2082
105,138,2,12,125.38,100.25,2.801,0.2033
105,138,2,13,133.0,83.33,2.802,0.2051
105,138,2,14,132.88,74.98,2.662,0.2071
105,138,2,15,137.75,36.61,2.635,0.2072
105,138,2,16,134.62,24.12,2.697,0.2087
105,138,2,17,127.75,11.7,2.642,0.207
105,138,2,18,108.0,3.11,2.601,0.2051
105,138,2,19,96.0,0.0,2.6,0.2053
105,138,2,20,83.5,0.0,2.974,0.2087
105,138,2,21,73.5,0.0,2.465,0.2018
105,138,2,22,64.38,0.0,2.156,0.1933
105,138,2,23,58.88,0.0,2.157,0.1897
105,139,3,0,54.75,0.0,1.479,0.1741
105,139,3,1,51.38,0.0,1.336,0.1701
105,139,3,2,53.12,0.0,1.069,0.1692
105,139,3,3,53.62,0.0,1.009,0.1698
105,139,3,4,51.38,0.0,1.0,0.1704
105,139,3,5,51.75,7.03,1.335,0.1739
105,139,3,6,55.88,20.65,2.038,0.1855
105,139,3,7,68.62,40.0,2.159,0.1912
105,139,3,8,76.88,67.27,2.166,0.1968
105,139,3,9,93.38,86.81,2.267,0.2005
105,139,3,10,110.38,87.46,2.5,0.2002
105,139,3,11,117.88,62.71,2.468,0.2007
105,139,3,12,124.75,70.47,2.383,0.1977
105,139,3,13,123.88,64.9,2.543,0.1981
105,139,3,14,124.88,68.91,2.455,0.1987
105,139,3,15,127.0,52.85,2.465,0.1972
105,139,3,16,129.38,37.24,2.521,0.1982
105,139,3,17,119.12,22.4,2.468,0.2059
105,139,3,18,103.75,6.64,2.396,0.2005
105,139,3,19,94.0,0.0,2.264,0.1979
105,139,3,20,86.0,0.0,2.688,0.2001
105,139,3,21,74.0,0.0,2.168,0.1971
105,139,3,22,65.25,0.0,1.818,0.1853
105,139,3,23,62.88,0.0,1.609,0.176
105,140,4,0,54.0,0.0,1.799,0.1587
105,140,4,1,52.88,0.0,1.5,0.1465
105,140,4,2,51.75,0.0,1.249,0.145
105,140,4,3,50.62,0.0,1.078,0.1484
105,140,4,4,50.75,0.0,1.192,0.1506
105,140,4,5,51.25,12.42,1.504,0.1572
105,140,4,6,57.12,33.86,2.015,0.1731
105,140,4,7,67.75,57.89,2.104,0.1867
105,140,4,8,78.88,80.01,2.07,0.2109
105,140,4,9,95.0,98.1,2.295,0.1983
105,140,4,10,110.75,110.62,2.343,0.2
105,140,4,11,119.12,115.94,2.427,0.1997
105,140,4,12,127.75,114.31,2.489,0.1965
105,140,4,13,131.0,105.55,2.503,0.1975
105,140,4,14,130.62,90.28,2.536,0.1996
105,140,4,15,132.5,69.63,2.638,0.2023
105,140,4,16,123.0,45.91,2.607,0.2037
105,140,4,17,109.38,23.96,2.497,0.2012
105,140,4,18,96.25,6.39,2.194,0.2002
105,140,4,19,89.62,0.0,2.197,0.1981
105,140,4,20,80.0,0.0,2.452,0.2
105,140,4,21,72.38,0.0,2.164,0.1935
105,140,4,22,62.0,0.0,1.885,0.1804
105,140,4,23,57.5,0.0,1.859,0.172
105,141,5,0,52.88,0.0,1.985,0.1625
105,141,5,1,52.88,0.0,1.779,0.1545
105,141,5,2,52.5,0.0,1.377,0.1478
105,141,5,3,53.75,0.0,1.189,0.1501
105,141,5,4,51.75,0.0,1.096,0.1489
105,141,5,5,52.0,2.6,1.067,0.148
105,141,5,6,52.25,11.53,0.967,0.1626
105,141,5,7,52.38,10.85,1.547,0.1635
105,141,5,8,52.75,17.05,1.931,0.1692
105,141,5,9,58.25,29.87,2.238,0.1787
105,141,5,10,58.25,31.64,2.348,0.1811
105,141,5,11,58.0,29.7,2.434,0.1831
105,141,5,12,57.38,36.92,2.494,0.183
105,141,5,13,58.0,36.11,2.507,0.181
105,141,5,14,57.88,28.03,2.37,0.1849
105,141,5,15,59.5,26.06,2.347,0.1872
105,141,5,16,61.12,18.01,2.1,0.1834
105,141,5,17,59.88,8.84,2.146,0.183
105,141,5,18,59.38,2.32,2.086,0.1872
105,141,5,19,60.5,0.0,2.1,0.1866
105,141,5,20,58.5,0.0,2.457,0.1891
105,141,5,21,57.88,0.0,2.17,0.1854
105,141,5,22,55.25,0.0,1.889,0.1732
105,141,5,23,52.25,0.0,1.812,0.1679
105,142,6,0,53.25,0.0,1.384,0.1627
105,142,6,1,52.0,0.0,1.182,0.1592
105,142,6,2,52.25,0.0,1.142,0.1492
105,142,6,3,51.38,0.0,1.018,0.1449
105,142,6,4,50.0,0.0,0.858,0.1454
105,142,6,5,48.88,4.15,0.796,0.1486
105,142,6,6,50.5,11.65,0.713,0.1548
105,142,6,7,48.38,19.99,0.923,0.1585
105,142,6,8,49.75,30.09,1.235,0.1553
105,142,6,9,51.12,37.26,1.466,0.161
105,142,6,10,52.75,52.3,1.516,0.1704
105,142,6,11,55.62,54.87,1.658,0.1723
105,142,6,12,59.62,54.28,1.651,0.1679
105,142,6,13,60.62,46.23,1.673,0.1678
105,142,6,14,60.38,37.39,1.528,0.168
105,142,6,15,60.0,37.15,1.556,0.1654
105,142,6,16,61.12,26.15,1.709,0.1677
105,142,6,17,60.25,14.32,1.768,0.1705
105,142,6,18,60.5,4.67,1.767,0.173
105,142,6,19,59.62,0.0,1.894,0.1822
105,142,6,20,60.25,0.0,2.148,0.1899
105,142,6,21,56.38,0.0,1.989,0.1885
105,142,6,22,56.5,0.0,1.538,0.1771
105,142,6,23,54.38,0.0,1.386,0.1749
105,143,0,0,54.62,0.0,1.182,0.1651
105,143,0,1,52.25,0.0,1.064,0.1642
105,143,0,2,53.38,0.0,0.963,0.1577
105,143,0,3,54.5,0.0,0.868,0.1573
105,143,0,4,52.38,0.34,0.864,0.1549
105,143,0,5,53.12,8.9,1.216,0.1627
105,143,0,6,56.0,25.73,1.512,0.176
105,143,0,7,64.0,47.85,1.9,0.183
105,143,0,8,80.12,75.25,1.972,0.191
105,143,0,9,94.62,93.09,2.102,0.1944
105,143,0,10,109.88,100.07,2.231,0.1938
105,143,0,11,122.25,105.67,2.31,0.196
105,143,0,12,122.5,87.84,2.3,0.2016
105,143,0,13,127.88,75.11,2.338,0.1999
105,143,0,14,133.25,61.5,2.329,0.2009
105,143,0,15,125.75,46.61,2.48,0.2005
105,143,0,16,124.5,30.26,2.355,0.2078
105,143,0,17,115.88,16.29,2.298,0.2111
105,143,0,18,102.75,4.52,2.128,0.2043
105,143,0,19,90.12,0.0,2.187,0.1995
105,143,0,20,78.5,0.0,2.425,0.2015
105,143,0,21,67.75,0.0,2.024,0.2012
105,143,0,22,59.5,0.0,1.68,0.1796
105,143,0,23,56.38,0.0,1.605,0.1726
105,144,1,0,53.5,0.0,1.178,0.1681
105,144,1,1,52.0,0.0,1.055,0.1591
105,144,1,2,51.5,0.0,0.926,0.1582
105,144,1,3,51.25,0.0,0.911,0.1629
105,144,1,4,49.25,0.22,0.917,0.1665
105,144,1,5,50.0,4.41,1.185,0.1642
105,144,1,6,57.38,11.77,1.602,0.1786
105,144,1,7,69.38,21.01,1.954,0.1867
105,144,1,8,76.12,31.08,2.102,0.1966
105,144,1,9,90.62,41.65,2.252,0.1975
105,144,1,10,112.62,50.56,2.332,0.2044
105,144,1,11,126.0,68.35,2.356,0.2079
105,144,1,12,131.88,89.6,2.417,0.2031
105,144,1,13,135.5,85.81,2.45,0.1988
105,144,1,14,140.12,70.84,2.447,0.2017
105,144,1,15,140.38,34.46,2.455,0.2016
105,144,1,16,145.5,25.67,2.569,0.1999
105,144,1,17,128.88,15.46,2.523,0.2024
105,144,1,18,102.25,5.02,2.356,0.2022
105,144,1,19,91.38,0.0,2.367,0.2021
105,144,1,20,79.0,0.0,2.402,0.2015
105,144,1,21,67.12,0.0,2.024,0.1969
105,144,1,22,60.75,0.0,1.679,0.1821
105,144,1,23,54.12,0.0,1.381,0.1711
105,145,2,0,51.62,0.0,2.011,0.1617
105,145,2,1,51.25,0.0,1.761,0.1645
105,145,2,2,51.88,0.0,1.535,0.1685
105,145,2,3,50.62,0.0,1.419,0.166
105,145,2,4,50.62,0.45,1.426,0.1701
105,145,2,5,50.62,10.56,1.639,0.1726
105,145,2,6,54.88,30.84,2.111,0.1821
105,145,2,7,68.75,54.5,2.301,0.1933
105,145,2,8,75.0,76.1,2.361,0.2062
105,145,2,9,89.0,94.24,2.631,0.212
105,145,2,10,108.62,106.71,2.802,0.2116
105,145,2,11,115.62,112.05,2.841,0.2131
105,145,2,12,123.38,112.26,2.971,0.2182
105,145,2,13,124.75,103.41,3.061,0.2207
105,145,2,14,119.25,88.21,3.16,0.2197
105,145,2,15,119.88,69.74,3.357,0.2242
105,145,2,16,127.88,47.87,3.463,0.2275
105,145,2,17,118.25,26.91,3.226,0.232
105,145,2,18,94.0,8.38,2.955,0.2334
105,145,2,19,82.5,0.0,2.826,0.2306
105,145,2,20,72.25,0.0,2.989,0.2296
105,145,2,21,65.5,0.0,2.609,0.2427
105,145,2,22,59.12,0.0,2.231,0.2078
105,145,2,23,55.75,0.0,2.144,0.1929
105,146,3,0,50.0,0.0,2.053,0.1926
105,146,3,1,49.75,0.0,1.811,0.1854
105,146,3,2,48.62,0.0,1.483,0.1812
105,146,3,3,50.0,0.0,1.283,0.1797
105,146,3,4,47.5,0.44,1.189,0.1789
105,146,3,5,48.62,9.89,1.519,0.1801
105,146,3,6,54.0,28.66,2.096,0.1958
105,146,3,7,66.75,51.36,2.313,0.2149
105,146,3,8,73.25,70.97,2.525,0.2296
105,146,3,9,88.0,92.03,2.68,0.2349
105,146,3,10,105.0,104.64,3.015,0.2407
105,146,3,11,114.5,108.93,3.252,0.243
105,146,3,12,120.5,106.42,3.572,0.2498
105,146,3,13,125.75,98.31,3.813,0.2523
105,146,3,14,127.25,84.7,4.055,0.2558
105,146,3,15,128.25,62.6,4.592,0.2538
105,146,3,16,126.0,42.66,4.731,0.2524
105,146,3,17,121.38,22.53,3.955,0.2503
105,146,3,18,102.12,7.04,3.5,0.2517
105,146,3,19,87.0,0.0,3.007,0.2492
105,146,3,20,75.62,0.0,3.183,0.2484
105,146,3,21,68.88,0.0,2.798,0.2467
105,146,3,22,62.12,0.0,2.393,0.2272
105,146,3,23,59.75,0.0,2.25,0.2109
105,147,4,0,51.5,0.0,1.977,0.197
105,147,4,1,49.88,0.0,1.64,0.1916
105,147,4,2,50.12,0.0,1.301,0.1886
105,147,4,3,50.0,0.0,1.222,0.1892
105,147,4,4,49.88,0.41,1.182,0.1871
105,147,4,5,49.62,9.19,1.508,0.1891
105,147,4,6,54.25,27.02,2.111,0.1993
105,147,4,7,66.0,47.62,2.359,0.2159
105,147,4,8,72.75,70.45,2.543,0.229
105,147,4,9,80.75,89.13,2.833,0.2406
105,147,4,10,93.88,98.97,3.023,0.247
105,147,4,11,106.38,99.57,3.334,0.2501
105,147,4,12,114.12,82.48,3.634,0.2533
105,147,4,13,118.25,67.47,3.895,0.2505
105,147,4,14,120.88,70.27,4.28,0.2542
105,147,4,15,120.0,56.45,4.812,0.2551
105,147,4,16,115.75,39.48,5.015,0.253
105,147,4,17,102.88,21.66,4.214,0.2504
105,147,4,18,101.25,7.0,3.614,0.2549
105,147,4,19,88.88,0.0,3.177,0.2542
105,147,4,20,79.75,0.0,3.176,0.2539
105,147,4,21,67.12,0.0,2.915,0.2515
105,147,4,22,56.62,0.0,2.395,0.2409
105,147,4,23,55.88,0.0,2.296,0.2342
105,148,5,0,58.0,0.0,2.156,0.2227
105,148,5,1,51.0,0.0,1.902,0.2127
105,148,5,2,51.0,0.0,1.597,0.2021
105,148,5,3,51.88,0.0,1.411,0.1988
105,148,5,4,50.38,0.43,1.359,0.1987
105,148,5,5,50.25,9.45,1.348,0.1969
105,148,5,6,50.12,28.1,1.482,0.1859
105,148,5,7,50.88,50.05,1.912,0.1903
105,148,5,8,51.0,73.75,2.289,0.2083
105,148,5,9,54.38,91.31,2.584,0.2313
105,148,5,10,54.88,103.59,2.784,0.2449
105,148,5,11,56.5,110.76,3.02,0.2505
105,148,5,12,58.38,109.31,3.256,0.2529
105,148,5,13,62.12,97.82,3.481,0.2535
105,148,5,14,62.88,85.36,3.583,0.2553
105,148,5,15,61.62,66.5,3.712,0.2516
105,148,5,16,63.12,45.05,3.919,0.2571
105,148,5,17,61.38,24.96,3.661,0.2573
105,148,5,18,64.0,8.03,3.254,0.2583
105,148,5,19,60.38,0.0,3.013,0.2564
105,148,5,20,58.25,0.0,3.063,0.2507
105,148,5,21,56.12,0.0,2.888,0.2509
105,148,5,22,58.25,0.0,2.47,0.2429
105,148,5,23,61.88,0.0,2.31,0.239
105,149,6,0,53.0,0.0,2.306,0.2305
105,149,6,1,62.38,0.0,2.144,0.2173
105,149,6,2,60.25,0.0,1.886,0.2079
105,149,6,3,60.12,0.0,1.626,0.2027
105,149,6,4,55.5,0.52,1.52,0.2021
105,149,6,5,53.0,10.21,1.417,0.2023
105,149,6,6,50.12,28.01,1.331,0.1884
105,149,6,7,49.25,49.69,1.625,0.1973
105,149,6,8,48.88,71.17,2.112,0.2011
105,149,6,9,49.0,87.52,2.452,0.2131
105,149,6,10,49.5,103.86,2.705,0.2261
105,149,6,11,50.38,110.1,2.948,0.2435
105,149,6,12,52.62,106.6,3.025,0.2476
105,149,6,13,54.38,97.74,3.187,0.2482
105,149,6,14,60.62,87.27,3.375,0.2465
105,149,6,15,62.25,64.45,3.546,0.2433
105,149,6,16,57.5,41.44,3.51,0.2407
105,149,6,17,57.5,22.4,3.41,0.2382
105,149,6,18,56.75,7.68,3.11,0.2352
105,149,6,19,57.38,0.0,3.015,0.2338
105,149,6,20,55.12,0.0,3.103,0.2327
105,149,6,21,51.75,0.0,2.873,0.2276
105,149,6,22,49.5,0.0,2.344,0.2167
105,149,6,23,48.5,0.0,2.097,0.2201
105,150,0,0,48.88,0.0,2.096,0.2095
105,150,0,1,48.88,0.0,2.002,0.1981
105,150,0,2,46.88,0.0,1.845,0.1952
105,150,0,3,47.38,0.0,1.502,0.1933
105,150,0,4,47.12,0.26,1.412,0.1901
105,150,0,5,46.75,5.06,1.436,0.1954
105,150,0,6,46.12,12.78,1.349,0.1967
105,150,0,7,46.25,24.16,1.316,0.1861
105,150,0,8,47.5,39.11,1.777,0.1922
105,150,0,9,59.25,63.31,2.142,0.205
105,150,0,10,63.88,77.9,2.219,0.2181
105,150,0,11,66.25,87.43,2.396,0.2249
105,150,0,12,69.38,64.43,2.517,0.2285
105,150,0,13,71.0,58.37,2.655,0.2285
105,150,0,14,71.88,23.91,2.656,0.2291
105,150,0,15,73.62,38.38,2.706,0.2273
105,150,0,16,70.75,17.69,2.739,0.2303
105,150,0,17,69.88,10.02,2.778,0.2328
105,150,0,18,67.0,4.25,2.527,0.2364
105,150,0,19,65.38,0.0,2.52,0.2365
105,150,0,20,58.62,0.0,2.705,0.2392
105,150,0,21,57.62,0.0,2.446,0.2351
105,150,0,22,54.38,0.0,2.03,0.2185
105,150,0,23,52.12,0.0,1.893,0.21
105,151,1,0,50.62,0.0,1.973,0.2116
105,151,1,1,48.75,0.0,1.64,0.2022
105,151,1,2,47.75,0.0,1.481,0.1964
105,151,1,3,46.62,0.0,1.459,0.1937
105,151,1,4,46.5,0.51,1.402,0.1938
105,151,1,5,47.38,10.09,1.658,0.1967
105,151,1,6,50.0,27.22,2.063,0.2043
105,151,1,7,64.0,47.67,2.318,0.213
105,151,1,8,72.88,60.59,2.502,0.2292
105,151,1,9,95.0,74.8,2.824,0.2426
105,151,1,10,118.25,90.31,3.126,0.2486
105,151,1,11,131.5,109.19,3.527,0.2474
105,151,1,12,135.62,106.55,3.789,0.2456
105,151,1,13,145.0,100.22,4.018,0.2492
105,151,1,14,142.75,88.8,4.449,0.2517
105,151,1,15,143.62,69.88,4.757,0.25
105,151,1,16,140.75,50.72,4.813,0.2528
105,151,1,17,136.12,28.93,4.298,0.2533
105,151,1,18,117.25,9.46,3.684,0.2537
105,151,1,19,103.75,0.25,3.256,0.2576
105,151,1,20,89.25,0.0,3.337,0.2543
105,151,1,21,68.62,0.0,2.903,0.2488
105,151,1,22,59.62,0.0,2.405,0.2384
105,151,1,23,55.0,0.0,2.189,0.2295
105,152,2,0,52.75,0.0,2.078,0.2151
105,152,2,1,53.5,0.0,1.781,0.2006
105,152,2,2,52.38,0.0,1.551,0.1991
105,152,2,3,51.12,0.0,1.363,0.1994
105,152,2,4,50.0,0.63,1.29,0.2028
105,152,2,5,51.0,12.06,1.511,0.204
105,152,2,6,55.75,32.69,1.985,0.2135
105,152,2,7,68.75,55.54,2.199,0.2239
105,152,2,8,77.62,74.85,2.416,0.2399
105,152,2,9,94.5,91.39,2.711,0.2459
105,152,2,10,116.12,102.18,2.856,0.2483
105,152,2,11,127.75,105.59,2.999,0.2513
105,152,2,12,135.75,96.43,3.232,0.2487
105,152,2,13,143.38,87.69,3.53,0.2522
105,152,2,14,146.0,76.94,3.804,0.2578
105,152,2,15,144.0,60.96,4.033,0.2588
105,152,2,16,143.0,41.39,3.799,0.2549
105,152,2,17,132.5,23.13,3.473,0.2541
105,152,2,18,114.75,8.32,2.973,0.2565
105,152,2,19,96.25,0.0,2.759,0.2537
105,152,2,20,88.75,0.0,2.768,0.2505
105,152,2,21,80.88,0.0,2.525,0.2475
105,152,2,22,71.75,0.0,2.146,0.2343
105,152,2,23,63.75,0.0,1.956,0.2197
105,153,3,0,54.75,0.0,1.713,0.1972
105,153,3,1,52.88,0.0,1.454,0.1818
105,153,3,2,52.0,0.0,1.284,0.1789
105,153,3,3,50.5,0.0,1.209,0.1733
105,153,3,4,49.12,0.48,1.151,0.1717
105,153,3,5,50.75,7.88,1.229,0.1751
105,153,3,6,56.38,21.05,1.646,0.1869
105,153,3,7,67.0,38.66,1.834,0.1997
105,153,3,8,77.88,64.48,2.097,0.2053
105,153,3,9,94.38,86.91,2.263,0.2196
105,153,3,10,116.62,93.85,2.402,0.2254
105,153,3,11,133.12,102.67,2.556,0.2326
105,153,3,12,133.5,107.48,2.612,0.2337
105,153,3,13,136.62,95.11,2.795,0.2344
105,153,3,14,125.5,84.57,2.846,0.2365
105,153,3,15,132.12,64.78,2.954,0.2412
105,153,3,16,135.5,43.95,2.961,0.2466
105,153,3,17,129.25,23.09,2.844,0.2487
105,153,3,18,101.12,7.77,2.578,0.2463
105,153,3,19,92.38,0.0,2.452,0.2389
105,153,3,20,88.12,0.0,2.535,0.2336
105,153,3,21,75.88,0.0,2.295,0.2314
105,153,3,22,68.0,0.0,1.925,0.2215
105,153,3,23,62.5,0.0,1.732,0.2108
105,154,4,0,56.88,0.0,1.974,0.1827
105,154,4,1,54.75,0.0,1.72,0.1754
105,154,4,2,53.88,0.0,1.512,0.175
105,154,4,3,52.38,0.0,1.431,0.1826
105,154,4,4,50.88,0.22,1.359,0.1872
105,154,4,5,51.88,2.61,1.587,0.1954
105,154,4,6,56.75,5.59,1.941,0.2124
105,154,4,7,69.12,9.89,2.16,0.2204
105,154,4,8,74.12,16.1,2.275,0.2344
105,154,4,9,90.38,17.55,2.478,0.2439
105,154,4,10,103.5,25.49,2.633,0.2441
105,154,4,11,116.62,39.65,2.811,0.2437
105,154,4,12,130.88,37.43,2.868,0.2465
105,154,4,13,132.5,38.61,3.003,0.2509
105,154,4,14,127.12,32.79,2.981,0.2433
105,154,4,15,124.88,27.25,2.985,0.2409
105,154,4,16,123.25,17.71,3.096,0.2446
105,154,4,17,116.0,10.84,2.981,0.2443
105,154,4,18,110.0,4.51,2.747,0.2422
105,154,4,19,98.75,0.0,2.705,0.2406
105,154,4,20,87.88,0.0,2.644,0.2384
105,154,4,21,79.88,0.0,2.35,0.228
105,154,4,22,65.88,0.0,2.163,0.2213
105,154,4,23,60.75,0.0,1.962,0.2171
105,155,5,0,53.0,0.0,2.118,0.2051
105,155,5,1,53.38,0.0,1.896,0.1939
105,155,5,2,52.75,0.0,1.745,0.1916
105,155,5,3,54.38,0.0,1.576,0.1882
105,155,5,4,53.0,0.43,1.475,0.1873
105,155,5,5,51.88,7.63,1.509,0.1864
105,155,5,6,52.12,20.62,1.227,0.1902
105,155,5,7,51.62,36.84,1.674,0.1989
105,155,5,8,52.75,55.09,1.967,0.2033
105,155,5,9,59.25,69.16,2.352,0.2142
105,155,5,10,56.62,80.51,2.456,0.2208
105,155,5,11,56.38,82.19,2.794,0.2231
105,155,5,12,60.38,87.59,2.858,0.2286
105,155,5,13,59.38,79.09,3.203,0.2378
105,155,5,14,62.12,65.74,3.463,0.2423
105,155,5,15,63.0,48.91,3.92,0.2451
105,155,5,16,63.12,31.95,3.023,0.2496
105,155,5,17,62.5,17.51,2.965,0.2481
105,155,5,18,64.62,5.65,2.831,0.2426
105,155,5,19,65.25,0.0,2.812,0.2386
105,155,5,20,63.38,0.0,2.862,0.233
105,155,5,21,57.12,0.0,3.448,0.2292
105,155,5,22,52.38,0.0,2.235,0.2261
105,155,5,23,51.5,0.0,2.076,0.2249
105,156,6,0,51.12,0.0,2.146,0.2086
105,156,6,1,50.0,0.0,1.884,0.1893
105,156,6,2,50.12,0.0,1.784,0.1797
105,156,6,3,49.75,0.0,1.607,0.1794
105,156,6,4,49.62,0.33,1.403,0.1803
105,156,6,5,49.38,3.55,1.388,0.1839
105,156,6,6,49.12,8.46,1.256,0.1768
105,156,6,7,49.25,13.97,1.478,0.183
105,156,6,8,50.38,15.88,1.663,0.194
105,156,6,9,52.12,20.62,2.048,0.1905
105,156,6,10,53.0,33.23,2.21,0.1962
105,156,6,11,56.12,43.86,2.354,0.2014
105,156,6,12,59.75,44.26,2.563,0.2004
105,156,6,13,60.25,40.82,2.739,0.204
105,156,6,14,59.88,37.35,2.759,0.2083
105,156,6,15,64.38,25.75,2.8,0.217
105,156,6,16,65.0,11.74,2.802,0.2201
105,156,6,17,63.5,7.58,2.786,0.2225
105,156,6,18,61.12,2.05,2.677,0.2261
105,156,6,19,59.0,0.0,2.562,0.2232
105,156,6,20,56.25,0.0,2.781,0.2191
105,156,6,21,55.5,0.0,3.107,0.2077
105,156,6,22,51.75,0.0,2.285,0.2001
105,156,6,23,50.62,0.0,2.053,0.1949
105,157,0,0,50.62,0.0,2.143,0.1914
105,157,0,1,51.12,0.0,1.894,0.1815
105,157,0,2,50.38,0.0,1.725,0.171
105,157,0,3,49.62,0.0,1.686,0.1765
105,157,0,4,49.5,0.63,1.611,0.1739
105,157,0,5,50.88,11.48,1.775,0.1821
105,157,0,6,54.38,32.4,1.994,0.1959
105,157,0,7,59.62,55.68,2.175,0.2018
105,157,0,8,76.5,78.87,2.4,0.2164
105,157,0,9,94.88,96.77,2.705,0.2196
105,157,0,10,115.75,109.84,2.975,0.2255
105,157,0,11,124.0,115.96,3.113,0.2237
105,157,0,12,128.62,110.53,3.3,0.2305
105,157,0,13,134.38,94.91,3.639,0.2251
105,157,0,14,128.88,77.36,3.902,0.2304
105,157,0,15,131.38,69.08,4.333,0.2414
105,157,0,16,130.75,43.61,4.525,0.241
105,157,0,17,123.5,25.35,3.95,0.2547
105,157,0,18,101.12,8.68,3.182,0.2614
105,157,0,19,88.38,0.29,3.03,0.2533
105,157,0,20,77.12,0.0,3.14,0.2476
105,157,0,21,62.88,0.0,2.968,0.24
105,157,0,22,56.5,0.0,2.419,0.227
105,157,0,23,55.75,0.0,2.306,0.196
105,158,1,0,50.0,0.0,2.111,0.1866
105,158,1,1,48.38,0.0,1.808,0.1842
105,158,1,2,47.38,0.0,1.648,0.1757
105,158,1,3,47.12,0.0,1.533,0.1764
105,158,1,4,47.0,0.69,1.385,0.177
105,158,1,5,47.12,12.16,1.573,0.1786
105,158,1,6,50.0,31.94,1.977,0.1865
105,158,1,7,63.12,53.12,2.133,0.2003
105,158,1,8,72.88,71.16,2.5,0.2133
105,158,1,9,89.12,93.28,2.855,0.2231
105,158,1,10,106.5,97.59,2.991,0.2299
105,158,1,11,115.5,111.03,3.0,0.2322
105,158,1,12,122.75,92.73,3.155,0.2341
105,158,1,13,125.25,71.61,3.342,0.2405
105,158,1,14,132.75,43.6,3.512,0.2409
105,158,1,15,130.62,23.95,3.9,0.2349
105,158,1,16,128.12,20.03,4.091,0.2332
105,158,1,17,126.75,13.69,3.574,0.2323
105,158,1,18,114.25,6.67,3.147,0.2278
105,158,1,19,96.75,0.39,2.9,0.22
105,158,1,20,79.75,0.0,2.926,0.2229
105,158,1,21,70.5,0.0,2.769,0.2194
105,158,1,22,59.88,0.0,2.305,0.209
105,158,1,23,55.5,0.0,2.216,0.209
105,159,2,0,52.38,0.0,1.848,0.16
105,159,2,1,51.0,0.0,1.716,0.1441
105,159,2,2,49.25,0.0,1.365,0.1444
105,159,2,3,48.38,0.0,1.226,0.1466
105,159,2,4,48.12,0.7,1.168,0.147
105,159,2,5,48.25,10.98,1.271,0.1515
105,159,2,6,52.88,27.83,1.75,0.1649
105,159,2,7,66.38,48.17,2.001,0.1784
105,159,2,8,77.5,53.52,2.11,0.1882
105,159,2,9,89.38,50.85,2.457,0.2001
105,159,2,10,110.38,41.56,2.478,0.1952
105,159,2,11,123.75,19.03,2.525,0.1943
105,159,2,12,132.5,26.75,2.53,0.1951
105,159,2,13,142.0,71.22,2.613,0.2
105,159,2,14,144.88,64.44,2.66,0.198
105,159,2,15,152.25,56.21,2.978,0.194
105,159,2,16,152.5,47.3,2.704,0.1901
105,159,2,17,147.25,26.12,2.462,0.192
105,159,2,18,114.25,9.17,2.177,0.1884
105,159,2,19,94.38,0.4,2.203,0.1804
105,159,2,20,84.25,0.0,2.16,0.1789
105,159,2,21,70.75,0.0,2.01,0.1764
105,159,2,22,63.25,0.0,1.833,0.1651
105,159,2,23,58.0,0.0,1.579,0.1594
105,160,3,0,53.75,0.0,1.531,0.138
105,160,3,1,52.38,0.0,1.265,0.1332
105,160,3,2,52.25,0.0,1.148,0.1329
105,160,3,3,50.5,0.0,1.028,0.1343
105,160,3,4,48.12,0.8,0.964,0.1387
105,160,3,5,49.38,14.15,1.1,0.1414
105,160,3,6,55.38,36.79,1.518,0.1535
105,160,3,7,67.38,60.68,1.717,0.1674
105,160,3,8,77.38,82.47,2.049,0.1748
105,160,3,9,93.12,100.3,2.124,0.1831
105,160,3,10,108.5,112.81,2.113,0.1841
105,160,3,11,136.25,119.24,2.144,0.1825
105,160,3,12,146.88,118.51,2.229,0.181
105,160,3,13,146.5,110.4,2.442,0.1811
105,160,3,14,150.75,95.59,2.442,0.1805
105,160,3,15,145.75,76.65,2.547,0.1794
105,160,3,16,141.75,55.63,2.544,0.1798
105,160,3,17,129.62,33.6,2.48,0.1831
105,160,3,18,105.5,12.55,2.269,0.1826
105,160,3,19,90.75,0.56,2.133,0.184
105,160,3,20,80.62,0.0,2.207,0.1873
105,160,3,21,67.38,0.0,2.194,0.1823
105,160,3,22,59.5,0.0,2.103,0.1605
105,160,3,23,55.88,0.0,1.651,0.1473
105,161,4,0,55.0,0.0,1.453,0.1309
105,161,4,1,53.12,0.0,1.237,0.1244
105,161,4,2,51.12,0.0,1.004,0.126
105,161,4,3,49.88,0.0,0.926,0.1311
105,161,4,4,48.88,0.96,0.901,0.1372
105,161,4,5,49.75,15.73,1.033,0.144
105,161,4,6,54.5,39.18,1.39,0.1583
105,161,4,7,68.0,63.41,1.773,0.1672
105,161,4,8,74.25,85.15,1.896,0.1747
105,161,4,9,93.88,102.85,2.042,0.1865
105,161,4,10,103.12,115.22,2.218,0.1921
105,161,4,11,120.5,121.2,2.191,0.1949
105,161,4,12,129.75,120.61,2.136,0.1961
105,161,4,13,135.5,113.44,2.476,0.1979
105,161,4,14,133.5,100.03,2.575,0.1998
105,161,4,15,135.25,78.22,2.894,0.2027
105,161,4,16,134.5,57.65,2.871,0.2076
105,161,4,17,115.12,34.23,2.659,0.2119
105,161,4,18,106.88,12.87,2.359,0.2124
105,161,4,19,94.88,0.59,2.354,0.2078
105,161,4,20,86.88,0.0,2.349,0.2011
105,161,4,21,77.12,0.0,2.084,0.199
105,161,4,22,61.62,0.0,2.028,0.1744
105,161,4,23,58.0,0.0,1.537,0.1532
105,162,5,0,55.25,0.0,1.465,0.1397
105,162,5,1,56.75,0.0,1.285,0.1305
105,162,5,2,54.88,0.0,1.055,0.1257
105,162,5,3,55.25,0.0,0.934,0.126
105,162,5,4,53.5,0.74,0.902,0.1303
105,162,5,5,51.75,10.91,0.941,0.1298
105,162,5,6,50.38,27.54,0.937,0.1353
105,162,5,7,51.62,45.05,1.269,0.1337
105,162,5,8,50.88,68.94,2.01,0.1454
105,162,5,9,53.12,81.51,2.294,0.1586
105,162,5,10,55.75,91.18,2.294,0.1737
105,162,5,11,59.25,83.69,2.353,0.1837
105,162,5,12,60.12,79.46,2.451,0.1879
105,162,5,13,63.62,65.05,2.489,0.1901
105,162,5,14,62.62,67.72,2.716,0.1966
105,162,5,15,61.38,63.74,2.813,0.2024
105,162,5,16,59.62,44.62,2.814,0.2116
105,162,5,17,62.38,25.0,2.81,0.2201
105,162,5,18,61.75,8.68,2.711,0.2231
105,162,5,19,62.62,0.45,2.5,0.2226
105,162,5,20,60.62,0.0,2.574,0.223
105,162,5,21,57.12,0.0,2.534,0.2205
105,162,5,22,52.38,0.0,2.24,0.2084
105,162,5,23,54.62,0.0,2.012,0.1987
105,163,6,0,51.88,0.0,2.311,0.1816
105,163,6,1,51.25,0.0,2.092,0.1686
105,163,6,2,51.5,0.0,1.815,0.1618
105,163,6,3,49.5,0.0,1.383,0.1594
105,163,6,4,50.25,0.66,1.234,0.1643
105,163,6,5,50.25,11.82,1.209,0.1652
105,163,6,6,49.88,33.22,0.974,0.1693
105,163,6,7,49.25,56.63,1.5,0.1606
105,163,6,8,49.12,77.74,2.209,0.1771
105,163,6,9,49.5,97.39,2.294,0.2052
105,163,6,10,51.12,111.78,2.502,0.2106
105,163,6,11,52.75,118.37,2.729,0.2124
105,163,6,12,55.25,119.13,2.453,0.215
105,163,6,13,56.5,111.43,2.716,0.216
105,163,6,14,57.62,99.39,2.736,0.2087
105,163,6,15,55.88,77.76,2.83,0.2053
105,163,6,16,58.38,58.86,2.831,0.2134
105,163,6,17,56.88,35.43,2.795,0.2199
105,163,6,18,56.12,13.42,2.534,0.2169
105,163,6,19,56.25,0.64,2.509,0.1979
105,163,6,20,53.75,0.0,2.488,0.193
105,163,6,21,52.75,0.0,2.401,0.1897
105,163,6,22,50.25,0.0,2.074,0.1702
105,163,6,23,48.75,0.0,1.627,0.167
105,164,0,0,51.12,0.0,1.805,0.156
105,164,0,1,51.12,0.0,1.819,0.1589
105,164,0,2,50.0,0.0,1.313,0.1486
105,164,0,3,49.75,0.0,1.25,0.1481
105,164,0,4,48.62,0.79,1.053,0.1545
105,164,0,5,50.5,12.73,1.145,0.1714
105,164,0,6,55.75,32.96,1.697,0.1819
105,164,0,7,70.88,55.42,1.918,0.2
105,164,0,8,76.0,74.31,2.053,0.2145
105,164,0,9,91.0,97.14,2.183,0.2175
105,164,0,10,105.5,109.83,2.328,0.2162
105,164,0,11,118.0,113.82,2.372,0.2174
105,164,0,12,123.38,116.32,2.404,0.221
105,164,0,13,124.5,107.77,2.507,0.2136
105,164,0,14,122.0,75.84,2.544,0.2121
105,164,0,15,121.0,46.14,2.707,0.2128
105,164,0,16,124.25,34.05,2.831,0.2095
105,164,0,17,117.88,18.63,2.781,0.2064
105,164,0,18,100.88,7.0,2.477,0.2071
105,164,0,19,85.38,0.37,2.33,0.2083
105,164,0,20,75.12,0.0,2.312,0.2094
105,164,0,21,65.12,0.0,2.122,0.2171
105,164,0,22,57.5,0.0,1.922,0.2058
105,164,0,23,53.88,0.0,1.703,0.1996
105,165,1,0,51.38,0.0,2.021,0.1705
105,165,1,1,51.12,0.0,1.598,0.1615
105,165,1,2,51.38,0.0,1.305,0.1559
105,165,1,3,49.75,0.0,1.116,0.1542
105,165,1,4,48.88,0.72,1.086,0.155
105,165,1,5,48.75,12.57,1.263,0.1576
105,165,1,6,54.5,34.67,1.574,0.1779
105,165,1,7,67.62,58.63,1.898,0.1912
105,165,1,8,80.25,83.6,2.001,0.2058
105,165,1,9,92.0,100.52,2.17,0.2082
105,165,1,10,107.5,114.56,2.384,0.2089
105,165,1,11,126.75,119.77,2.502,0.2128
105,165,1,12,135.12,119.92,2.769,0.2148
105,165,1,13,136.88,113.35,2.831,0.214
105,165,1,14,132.5,100.37,2.869,0.2176
105,165,1,15,129.0,82.17,3.046,0.2205
105,165,1,16,134.5,60.3,3.16,0.2307
105,165,1,17,128.12,36.7,3.007,0.2313
105,165,1,18,102.25,14.23,2.831,0.23
105,165,1,19,87.75,0.74,2.623,0.2314
105,165,1,20,78.5,0.0,2.551,0.2265
105,165,1,21,64.0,0.0,2.322,0.2241
105,165,1,22,60.38,0.0,2.112,0.2032
105,165,1,23,58.0,0.0,1.983,0.1788
105,166,2,0,52.0,0.0,2.154,0.1693
105,166,2,1,53.5,0.0,1.894,0.1657
105,166,2,2,52.88,0.0,1.595,0.1653
105,166,2,3,52.25,0.0,1.352,0.1654
105,166,2,4,51.0,0.85,1.285,0.1691
105,166,2,5,51.38,13.64,1.219,0.1734
105,166,2,6,57.75,35.48,1.507,0.1917
105,166,2,7,71.62,58.65,1.996,0.1989
105,166,2,8,77.75,80.39,2.052,0.2147
105,166,2,9,93.25,98.59,2.353,0.2214
105,166,2,10,105.25,109.39,2.509,0.2305
105,166,2,11,118.75,114.97,2.925,0.2304
105,166,2,12,127.75,113.91,3.151,0.2285
105,166,2,13,135.38,107.59,3.39,0.2333
105,166,2,14,133.12,88.7,3.5,0.2362
105,166,2,15,131.88,59.09,3.844,0.2406
105,166,2,16,131.5,46.96,4.05,0.2441
105,166,2,17,124.38,24.93,3.591,0.2452
105,166,2,18,95.38,8.69,3.209,0.2437
105,166,2,19,86.88,0.4,3.045,0.2385
105,166,2,20,77.62,0.0,3.086,0.2381
105,166,2,21,63.25,0.0,2.871,0.2352
105,166,2,22,59.12,0.0,2.294,0.2302
105,166,2,23,54.75,0.0,2.216,0.2183
105,167,3,0,51.88,0.0,2.184,0.1979
105,167,3,1,49.5,0.0,1.996,0.1826
105,167,3,2,50.88,0.0,1.64,0.1723
105,167,3,3,49.38,0.0,1.494,0.1713
105,167,3,4,48.25,0.28,1.404,0.1736
105,167,3,5,49.62,2.91,1.498,0.1802
105,167,3,6,54.88,7.07,1.994,0.1973
105,167,3,7,68.25,11.33,2.158,0.2052
105,167,3,8,77.75,21.45,2.65,0.2199
105,167,3,9,93.12,21.16,2.804,0.2321
105,167,3,10,106.62,26.29,2.839,0.234
105,167,3,11,120.88,36.12,2.889,0.2388
105,167,3,12,127.62,39.18,3.1,0.2415
105,167,3,13,132.38,32.91,3.451,0.2393
105,167,3,14,132.62,32.21,3.477,0.2364
105,167,3,15,131.5,34.27,3.403,0.2294
105,167,3,16,128.38,25.78,3.49,0.2361
105,167,3,17,121.38,15.1,3.4,0.2399
105,167,3,18,94.25,5.44,2.9,0.2383
105,167,3,19,85.0,0.45,2.675,0.232
105,167,3,20,78.62,0.0,2.67,0.2283
105,167,3,21,65.75,0.0,2.465,0.2287
105,167,3,22,57.12,0.0,2.218,0.2145
105,167,3,23,53.88,0.0,2.154,0.1988
105,168,4,0,52.5,0.0,2.026,0.1882
105,168,4,1,51.62,0.0,1.865,0.1827
105,168,4,2,53.12,0.0,1.667,0.1769
105,168,4,3,51.12,0.0,1.519,0.1833
105,168,4,4,50.75,0.52,1.479,0.1828
105,168,4,5,52.25,9.9,1.626,0.1873
105,168,4,6,54.75,25.23,1.857,0.1977
105,168,4,7,67.62,44.35,2.048,0.2137
105,168,4,8,78.62,66.49,2.117,0.2245
105,168,4,9,89.12,78.96,2.285,0.2333
105,168,4,10,113.25,89.16,2.428,0.2375
105,168,4,11,131.25,96.03,2.591,0.2364
105,168,4,12,140.25,88.01,2.765,0.2388
105,168,4,13,142.38,91.66,2.847,0.2431
105,168,4,14,136.12,87.82,3.054,0.2432
105,168,4,15,134.5,71.92,3.141,0.2467
105,168,4,16,122.38,51.55,3.162,0.2455
105,168,4,17,106.88,29.96,3.036,0.2485
105,168,4,18,94.62,10.39,2.711,0.2518
105,168,4,19,81.0,0.55,2.509,0.2495
105,168,4,20,74.75,0.0,2.463,0.2423
105,168,4,21,64.38,0.0,2.361,0.235
105,168,4,22,52.25,0.0,2.081,0.2246
105,168,4,23,50.5,0.0,1.945,0.2114
105,169,5,0,51.66,0.0,1.92,0.198
105,169,5,1,50.0,0.0,1.842,0.187
105,169,5,2,51.5,0.0,1.628,0.1806
105,169,5,3,50.62,0.0,1.455,0.1776
105,169,5,4,49.5,0.71,1.377,0.1764
105,169,5,5,50.12,12.61,1.321,0.1763
105,169,5,6,48.88,33.26,1.258,0.185
105,169,5,7,49.62,56.29,1.515,0.1826
105,169,5,8,53.75,77.64,1.798,0.1939
105,169,5,9,59.0,95.26,2.071,0.2075
105,169,5,10,65.5,107.73,2.264,0.2185
105,169,5,11,68.38,114.86,2.661,0.2256
105,169,5,12,45.41,111.87,2.789,0.2307
105,169,5,13,55.08,94.21,2.91,0.2387
105,169,5,14,55.08,84.67,2.91,0.2422
105,169,5,15,55.08,59.95,2.976,0.2439
105,169,5,16,55.08,44.36,3.088,0.2463
105,169,5,17,55.08,27.06,2.959,0.2477
105,169,5,18,55.08,10.27,2.799,0.2455
105,169,5,19,55.08,0.61,2.61,0.2419
105,169,5,20,55.08,0.0,2.607,0.2375
105,169,5,21,55.08,0.0,2.423,0.2332
105,169,5,22,55.08,0.0,2.185,0.2192
105,169,5,23,55.08,0.0,2.0,0.2135
105,170,6,0,55.08,0.0,2.155,0.2116
105,170,6,1,55.08,0.0,2.1,0.1935
105,170,6,2,55.08,0.0,2.028,0.185
105,170,6,3,55.08,0.0,1.781,0.1791
105,170,6,4,55.08,0.67,1.699,0.1832
105,170,6,5,55.08,11.05,1.412,0.1831
105,170,6,6,55.08,30.7,1.288,0.1871
105,170,6,7,55.08,53.66,1.547,0.1922
105,170,6,8,55.08,74.89,2.0,0.1984
105,170,6,9,55.08,93.09,2.241,0.2109
105,170,6,10,55.08,105.95,2.633,0.2196
105,170,6,11,55.08,114.47,2.969,0.2253
105,170,6,12,55.08,111.95,3.02,0.2347
105,170,6,13,55.08,100.62,3.164,0.2433
105,170,6,14,55.08,89.61,3.44,0.2417
105,170,6,15,55.08,69.66,3.574,0.244
105,170,6,16,55.08,49.56,3.7,0.2433
105,170,6,17,55.08,28.65,3.6,0.2419
105,170,6,18,55.08,10.55,3.375,0.2406
105,170,6,19,55.08,0.62,3.165,0.2406
105,170,6,20,55.08,0.0,3.166,0.2363
105,170,6,21,55.08,0.0,3.033,0.2306
105,170,6,22,55.08,0.0,2.804,0.2168
105,170,6,23,55.08,0.0,2.405,0.2099
105,171,0,0,54.29,0.0,2.226,0.2037
105,171,0,1,51.29,0.0,2.033,0.191
105,171,0,2,48.75,0.0,1.945,0.1868
105,171,0,3,47.88,0.0,1.791,0.1857
105,171,0,4,47.88,0.68,1.714,0.1845
105,171,0,5,48.12,12.07,1.754,0.189
105,171,0,6,54.62,32.3,1.84,0.1999
105,171,0,7,64.0,54.47,2.281,0.2076
105,171,0,8,76.62,73.47,2.522,0.2257
105,171,0,9,93.38,90.55,2.947,0.2443
105,171,0,10,110.25,105.27,3.232,0.2489
105,171,0,11,125.5,101.85,3.582,0.2544
105,171,0,12,134.62,96.53,4.048,0.2558
105,171,0,13,138.5,87.06,4.231,0.2509
105,171,0,14,143.75,78.97,4.852,0.2516
105,171,0,15,133.62,61.31,5.308,0.2507
105,171,0,16,136.5,46.08,5.746,0.2548
105,171,0,17,128.12,25.91,4.935,0.2545
105,171,0,18,105.88,9.31,4.239,0.2575
105,171,0,19,92.38,0.56,3.629,0.2566
105,171,0,20,81.62,0.0,3.599,0.2559
105,171,0,21,68.0,0.0,3.337,0.2488
105,171,0,22,62.0,0.0,2.854,0.239
105,171,0,23,59.5,0.0,2.662,0.2235
105,172,1,0,53.21,0.0,2.422,0.2119
105,172,1,1,53.25,0.0,2.162,0.1962
105,172,1,2,52.38,0.0,1.955,0.1938
105,172,1,3,52.25,0.0,1.88,0.1922
105,172,1,4,50.5,0.49,1.866,0.1903
105,172,1,5,51.12,10.33,1.993,0.1986
105,172,1,6,53.38,29.78,2.166,0.2105
105,172,1,7,67.5,53.67,2.61,0.2191
105,172,1,8,80.12,76.24,2.761,0.2392
105,172,1,9,90.75,92.69,2.973,0.2479
105,172,1,10,120.88,96.91,3.297,0.2472
105,172,1,11,132.5,106.87,3.684,0.2521
105,172,1,12,134.0,97.29,4.159,0.2503
105,172,1,13,142.88,86.51,5.432,0.2528
105,172,1,14,140.62,62.19,5.1,0.2541
105,172,1,15,140.75,43.6,5.868,0.2553
105,172,1,16,141.25,33.43,6.162,0.2553
105,172,1,17,126.88,18.98,5.488,0.2512
105,172,1,18,101.38,7.16,4.14,0.2484
105,172,1,19,92.62,0.54,3.702,0.2492
105,172,1,20,82.62,0.0,3.48,0.2469
105,172,1,21,69.5,0.0,3.187,0.2479
105,172,1,22,62.25,0.0,2.831,0.2364
105,172,1,23,56.62,0.0,2.493,0.2227
105,173,2,0,54.96,0.0,2.44,0.1958
105,173,2,1,51.96,0.0,2.265,0.1783
105,173,2,2,53.12,0.0,1.898,0.173
105,173,2,3,50.38,0.0,1.704,0.174
105,173,2,4,51.38,0.65,1.767,0.1723
105,173,2,5,51.12,11.3,1.715,0.1744
105,173,2,6,56.0,30.13,1.987,0.183
105,173,2,7,71.75,51.84,2.342,0.1946
105,173,2,8,81.38,76.69,2.464,0.2029
105,173,2,9,92.5,94.61,2.663,0.2172
105,173,2,10,116.62,105.96,2.886,0.2236
105,173,2,11,133.0,111.59,3.178,0.2253
105,173,2,12,139.12,90.6,3.343,0.2249
105,173,2,13,143.75,95.23,3.585,0.2297
105,173,2,14,143.0,88.06,3.657,0.231
105,173,2,15,130.0,68.11,3.798,0.2338
105,173,2,16,128.25,48.68,3.881,0.2328
105,173,2,17,125.62,29.41,3.69,0.233
105,173,2,18,112.12,11.61,3.435,0.2325
105,173,2,19,95.38,0.71,3.233,0.2345
105,173,2,20,82.12,0.0,3.226,0.2317
105,173,2,21,65.88,0.0,2.934,0.2283
105,173,2,22,59.38,0.0,2.403,0.2206
105,173,2,23,57.62,0.0,2.249,0.2037
105,174,3,0,57.83,0.0,2.205,0.1891
105,174,3,1,55.38,0.0,2.064,0.1705
105,174,3,2,54.38,0.0,1.908,0.1645
105,174,3,3,52.88,0.0,1.769,0.1624
105,174,3,4,54.75,0.39,1.668,0.1611
105,174,3,5,51.75,4.64,1.695,0.1635
105,174,3,6,61.5,11.43,1.987,0.1733
105,174,3,7,75.12,19.01,2.319,0.1817
105,174,3,8,82.38,22.37,2.4,0.2007
105,174,3,9,94.0,44.71,2.46,0.2176
105,174,3,10,108.5,55.03,2.661,0.2291
105,174,3,11,110.5,77.28,2.75,0.2309
105,174,3,12,112.5,95.11,2.974,0.2337
105,174,3,13,120.88,60.61,3.111,0.2367
105,174,3,14,121.0,40.07,3.136,0.2348
105,174,3,15,136.88,24.92,3.232,0.2388
105,174,3,16,148.62,19.05,3.314,0.2411
105,174,3,17,138.88,11.42,3.223,0.2406
105,174,3,18,119.0,4.43,2.963,0.2372
105,174,3,19,108.88,0.43,2.843,0.2348
105,174,3,20,93.88,0.0,2.831,0.231
105,174,3,21,80.5,0.0,2.635,0.2283
105,174,3,22,65.88,0.0,2.297,0.2131
105,174,3,23,60.62,0.0,1.996,0.1964
105,175,4,0,55.62,0.0,2.329,0.1799
105,175,4,1,56.96,0.0,2.083,0.1659
105,175,4,2,55.38,0.0,1.808,0.1589
105,175,4,3,52.62,0.0,1.736,0.1588
105,175,4,4,52.25,0.55,1.69,0.1616
105,175,4,5,51.88,10.83,1.677,0.1704
105,175,4,6,57.88,30.62,1.908,0.1756
105,175,4,7,69.75,52.95,2.121,0.191
105,175,4,8,78.5,70.43,2.404,0.2209
105,175,4,9,93.25,87.23,2.467,0.2375
105,175,4,10,113.5,96.16,2.621,0.2443
105,175,4,11,126.12,100.51,2.903,0.2517
105,175,4,12,126.5,103.99,3.081,0.2587
105,175,4,13,135.88,85.94,3.259,0.2648
105,175,4,14,125.75,72.07,3.41,0.2654
105,175,4,15,124.25,68.96,3.515,0.2686
105,175,4,16,124.62,46.13,3.521,0.2677
105,175,4,17,118.88,27.94,3.46,0.2693
105,175,4,18,102.88,10.7,3.054,0.2696
105,175,4,19,91.38,0.66,2.826,0.2658
105,175,4,20,76.75,0.0,2.713,0.2642
105,175,4,21,62.0,0.0,2.582,0.2638
105,175,4,22,55.25,0.0,2.539,0.2632
105,175,4,23,53.5,0.0,2.129,0.2588
105,176,5,0,52.5,0.0,2.52,0.2348
105,176,5,1,52.42,0.0,2.402,0.2188
105,176,5,2,51.75,0.0,2.225,0.2099
105,176,5,3,51.12,0.0,1.84,0.1966
105,176,5,4,52.38,0.54,1.706,0.1969
105,176,5,5,52.12,11.51,1.552,0.1964
105,176,5,6,51.12,33.56,1.402,0.1961
105,176,5,7,51.12,56.65,1.737,0.2013
105,176,5,8,52.62,78.05,2.434,0.2227
105,176,5,9,53.38,96.04,2.815,0.2343
105,176,5,10,53.5,108.6,2.868,0.2416
105,176,5,11,57.62,113.72,3.082,0.2483
105,176,5,12,60.75,113.0,3.206,0.253
105,176,5,13,61.88,100.91,3.369,0.2542
105,176,5,14,63.88,94.07,3.599,0.2577
105,176,5,15,67.12,76.86,3.684,0.2572
105,176,5,16,65.75,55.82,3.731,0.26
105,176,5,17,65.12,33.1,3.715,0.2613
105,176,5,18,66.0,12.3,3.447,0.2627
105,176,5,19,61.12,0.7,3.326,0.2628
105,176,5,20,58.75,0.0,3.313,0.2583
105,176,5,21,55.12,0.0,3.181,0.2552
105,176,5,22,53.12,0.0,2.764,0.2616
105,176,5,23,53.38,0.0,2.548,0.2562
105,177,6,0,51.5,0.0,2.821,0.2397
105,177,6,1,52.83,0.0,2.508,0.2223
105,177,6,2,51.62,0.0,2.401,0.2096
105,177,6,3,51.88,0.0,1.994,0.2058
105,177,6,4,49.62,0.61,1.834,0.2062
105,177,6,5,50.12,11.58,1.58,0.2058
105,177,6,6,49.75,31.53,1.506,0.2187
105,177,6,7,50.5,53.45,1.763,0.2269
105,177,6,8,49.0,74.18,2.503,0.2413
105,177,6,9,50.5,87.95,2.693,0.2408
105,177,6,10,52.0,101.02,2.862,0.2429
105,177,6,11,53.38,103.42,3.222,0.2547
105,177,6,12,55.12,100.17,3.35,0.263
105,177,6,13,58.75,91.77,3.426,0.2701
105,177,6,14,57.75,80.94,3.9,0.273
105,177,6,15,56.12,57.83,4.15,0.2724
105,177,6,16,57.0,46.08,4.307,0.2773
105,177,6,17,55.88,26.43,4.185,0.2802
105,177,6,18,54.62,9.83,3.765,0.2803
105,177,6,19,54.88,0.62,3.674,0.2851
105,177,6,20,55.38,0.0,3.685,0.2803
105,177,6,21,52.62,0.0,3.571,0.2768
105,177,6,22,53.12,0.0,3.023,0.2796
105,177,6,23,52.12,0.0,2.744,0.2731
105,178,0,0,52.96,0.0,2.662,0.257
105,178,0,1,52.54,0.0,2.447,0.235
105,178,0,2,51.0,0.0,2.188,0.2237
105,178,0,3,50.38,0.0,1.978,0.2225
105,178,0,4,50.25,0.59,1.855,0.2222
105,178,0,5,52.25,10.11,2.004,0.2329
105,178,0,6,56.25,28.5,2.149,0.2338
105,178,0,7,68.38,51.07,2.611,0.2498
105,178,0,8,76.0,71.11,3.024,0.2608
105,178,0,9,86.62,85.81,3.291,0.2736
105,178,0,10,98.12,99.03,3.525,0.2786
105,178,0,11,115.0,110.09,3.716,0.2843
105,178,0,12,120.5,110.16,4.251,0.2873
105,178,0,13,120.38,100.54,4.595,0.289
105,178,0,14,122.25,78.96,5.008,0.2859
105,178,0,15,124.5,50.95,5.028,0.2753
105,178,0,16,127.75,33.01,5.496,0.2714
105,178,0,17,114.88,19.39,4.897,0.2768
105,178,0,18,101.62,6.95,4.335,0.2799
105,178,0,19,88.88,0.4,4.039,0.2912
105,178,0,20,77.62,0.0,5.294,0.2926
105,178,0,21,69.5,0.0,3.808,0.2808
105,178,0,22,61.62,0.0,3.267,0.2662
105,178,0,23,58.12,0.0,2.982,0.2505
105,179,1,0,53.04,0.0,2.692,0.2317
105,179,1,1,55.54,0.0,2.413,0.2248
105,179,1,2,53.25,0.0,2.253,0.2219
105,179,1,3,52.75,0.0,2.105,0.2209
105,179,1,4,51.88,0.26,2.123,0.2208
105,179,1,5,53.25,2.89,2.171,0.2231
105,179,1,6,59.25,7.67,2.3,0.2381
105,179,1,7,72.25,12.06,2.602,0.2537
105,179,1,8,77.38,19.43,2.873,0.2628
105,179,1,9,90.5,20.17,3.107,0.2697
105,179,1,10,118.88,33.86,3.259,0.2779
105,179,1,11,128.75,37.36,3.421,0.2802
105,179,1,12,121.38,45.52,3.547,0.2804
105,179,1,13,113.12,54.43,3.882,0.2762
105,179,1,14,115.25,46.67,4.178,0.2748
105,179,1,15,115.75,32.75,4.27,0.2724
105,179,1,16,118.88,26.21,4.37,0.2731
105,179,1,17,113.62,13.73,4.13,0.2722
105,179,1,18,101.25,4.99,3.562,0.2746
105,179,1,19,88.38,0.4,3.292,0.2714
105,179,1,20,76.12,0.0,3.429,0.2714
105,179,1,21,62.12,0.0,3.272,0.263
105,179,1,22,54.12,0.0,2.84,0.2559
105,179,1,23,53.62,0.0,2.497,0.2475
105,180,2,0,51.62,0.0,2.374,0.2201
105,180,2,1,50.5,0.0,2.145,0.2098
105,180,2,2,49.75,0.0,1.981,0.2084
105,180,2,3,50.62,0.0,1.789,0.2062
105,180,2,4,48.88,0.46,1.785,0.2054
105,180,2,5,48.38,8.05,1.967,0.2083
105,180,2,6,55.88,22.45,2.072,0.2246
105,180,2,7,64.5,41.71,2.4,0.2231
105,180,2,8,72.5,55.06,2.553,0.2348
105,180,2,9,92.5,82.74,2.883,0.2514
105,180,2,10,112.0,104.81,2.977,0.2562
105,180,2,11,118.5,107.76,3.247,0.2608
105,180,2,12,126.25,105.55,3.398,0.2638
105,180,2,13,131.5,95.52,3.579,0.2723
105,180,2,14,130.12,82.87,3.669,0.2754
105,180,2,15,123.38,66.22,3.806,0.2773
105,180,2,16,129.38,47.65,3.876,0.2769
105,180,2,17,120.12,28.86,3.678,0.2773
105,180,2,18,100.5,11.35,3.32,0.2729
105,180,2,19,89.75,0.72,3.155,0.2626
105,180,2,20,79.0,0.0,3.135,0.2596
105,180,2,21,71.0,0.0,3.053,0.2554
105,180,2,22,60.88,0.0,2.717,0.2406
105,180,2,23,54.5,0.0,2.374,0.2279
105,181,3,0,52.5,0.0,2.445,0.2168
105,181,3,1,52.25,0.0,2.172,0.1996
105,181,3,2,51.38,0.0,1.933,0.1961
105,181,3,3,49.38,0.0,1.702,0.1968
105,181,3,4,48.38,0.58,1.748,0.1987
105,181,3,5,50.12,12.24,1.943,0.205
105,181,3,6,54.5,33.41,2.149,0.2167
105,181,3,7,67.12,56.13,2.426,0.219
105,181,3,8,74.62,78.42,2.589,0.23
105,181,3,9,86.38,96.18,2.962,0.2423
105,181,3,10,106.62,108.44,3.129,0.2465
105,181,3,11,114.5,113.01,3.369,0.2545
105,181,3,12,116.12,113.76,3.492,0.2616
105,181,3,13,121.38,94.43,3.707,0.2675
105,181,3,14,123.25,90.65,3.864,0.2716
105,181,3,15,125.12,66.55,4.1,0.2719
105,181,3,16,125.62,46.61,4.253,0.2741
105,181,3,17,115.0,27.42,3.961,0.276
105,181,3,18,95.5,10.15,3.693,0.2748
105,181,3,19,81.88,0.72,3.468,0.2742
105,181,3,20,77.0,0.0,3.385,0.2656
105,181,3,21,63.62,0.0,3.177,0.2573
105,181,3,22,57.62,0.0,2.879,0.2467
105,181,3,23,55.0,0.0,2.474,0.2245
105,182,4,0,52.25,0.0,2.452,0.208
105,182,4,1,52.5,0.0,2.261,0.192
105,182,4,2,51.12,0.0,2.063,0.1813
105,182,4,3,47.25,0.0,1.828,0.1729
105,182,4,4,48.12,0.44,1.744,0.1779
105,182,4,5,48.0,7.77,1.821,0.1749
105,182,4,6,53.12,18.56,2.141,0.1913
105,182,4,7,66.38,30.8,2.318,0.2067
105,182,4,8,70.62,48.38,2.718,0.2229
105,182,4,9,84.5,54.65,2.794,0.2317
105,182,4,10,102.75,66.27,3.136,0.2434
105,182,4,11,118.12,74.4,3.251,0.244
105,182,4,12,120.62,76.09,3.401,0.2506
105,182,4,13,121.62,66.23,3.637,0.2554
105,182,4,14,121.62,44.26,3.985,0.2537
105,182,4,15,126.25,32.42,4.1,0.2568
105,182,4,16,126.62,25.47,4.254,0.2577
105,182,4,17,104.88,16.37,3.896,0.2509
105,182,4,18,90.75,5.95,3.412,0.2448
105,182,4,19,82.75,0.44,3.235,0.2388
105,182,4,20,77.12,0.0,3.154,0.2359
105,182,4,21,62.5,0.0,2.979,0.2306
105,182,4,22,55.5,0.0,2.633,0.2241
105,182,4,23,53.5,0.0,2.427,0.2177
105,183,5,0,51.33,0.0,2.488,0.1942
105,183,5,1,51.0,0.0,2.378,0.1759
105,183,5,2,49.12,0.0,2.056,0.1725
105,183,5,3,50.5,0.0,1.885,0.1645
105,183,5,4,50.88,0.51,1.86,0.159
105,183,5,5,49.62,12.01,1.564,0.1616
105,183,5,6,49.75,34.21,1.405,0.1664
105,183,5,7,51.25,58.66,1.475,0.1712
105,183,5,8,50.75,77.47,1.919,0.1808
105,183,5,9,52.0,86.95,2.142,0.1878
105,183,5,10,55.62,98.98,2.262,0.1851
105,183,5,11,60.25,98.55,2.631,0.1919
105,183,5,12,63.38,103.15,2.766,0.1925
105,183,5,13,64.12,87.69,2.915,0.1924
105,183,5,14,64.38,75.5,2.958,0.1974
105,183,5,15,64.75,65.29,3.013,0.1998
105,183,5,16,63.0,43.24,3.017,0.2007
105,183,5,17,62.88,24.59,2.951,0.2027
105,183,5,18,60.0,9.57,2.949,0.2069
105,183,5,19,57.12,0.49,2.914,0.2067
105,183,5,20,53.62,0.0,2.829,0.2085
105,183,5,21,49.88,0.0,2.756,0.208
105,183,5,22,50.38,0.0,2.247,0.2039
105,183,5,23,51.25,0.0,1.989,0.1942
105,184,6,0,50.75,0.0,2.018,0.1813
105,184,6,1,50.83,0.0,1.865,0.1651
105,184,6,2,49.62,0.0,1.666,0.157
105,184,6,3,50.12,0.0,1.447,0.1556
105,184,6,4,48.25,0.33,1.366,0.1506
105,184,6,5,47.62,7.47,1.186,0.1525
105,184,6,6,47.88,21.66,0.984,0.1649
105,184,6,7,47.88,38.19,1.172,0.1622
105,184,6,8,48.25,51.75,1.59,0.1686
105,184,6,9,49.0,68.38,1.87,0.185
105,184,6,10,49.5,76.09,2.104,0.2005
105,184,6,11,50.88,80.4,2.339,0.2077
105,184,6,12,53.75,74.85,2.518,0.2096
105,184,6,13,54.12,65.5,2.736,0.2115
105,184,6,14,57.12,58.31,2.786,0.2129
105,184,6,15,56.5,42.61,2.899,0.2143
105,184,6,16,56.0,38.49,2.942,0.2172
105,184,6,17,56.12,16.34,2.966,0.2229
105,184,6,18,54.62,5.98,2.966,0.2261
105,184,6,19,53.62,0.4,2.888,0.2222
105,184,6,20,52.38,0.0,2.878,0.2194
105,184,6,21,52.12,0.0,2.801,0.2076
105,184,6,22,50.62,0.0,2.518,0.1962
105,184,6,23,49.88,0.0,2.067,0.1926
105,185,0,0,53.08,0.0,1.829,0.1724
105,185,0,1,51.29,0.0,1.623,0.1583
105,185,0,2,50.0,0.0,1.417,0.1566
105,185,0,3,48.38,0.0,1.25,0.1518
105,185,0,4,47.62,0.39,1.215,0.1544
105,185,0,5,48.25,9.85,1.13,0.1574
105,185,0,6,51.38,30.03,1.087,0.1697
105,185,0,7,64.75,53.29,1.317,0.1681
105,185,0,8,72.88,72.15,1.808,0.1857
105,185,0,9,87.88,85.67,2.008,0.1928
105,185,0,10,107.0,99.18,2.238,0.2023
105,185,0,11,124.75,106.09,2.652,0.2113
105,185,0,12,130.88,103.42,2.855,0.216
105,185,0,13,129.5,90.23,2.901,0.2181
105,185,0,14,128.75,58.02,2.931,0.2198
105,185,0,15,127.88,30.9,2.97,0.225
105,185,0,16,118.88,20.16,3.101,0.2335
105,185,0,17,113.0,12.51,3.101,0.238
105,185,0,18,98.75,4.43,3.019,0.233
105,185,0,19,88.0,0.34,2.962,0.2305
105,185,0,20,78.0,0.0,2.988,0.2301
105,185,0,21,66.12,0.0,2.914,0.2362
105,185,0,22,59.5,0.0,2.358,0.2263
105,185,0,23,57.62,0.0,2.136,0.2253
105,186,1,0,56.04,0.0,2.188,0.2002
105,186,1,1,55.04,0.0,1.918,0.1863
105,186,1,2,53.38,0.0,1.69,0.1799
105,186,1,3,51.38,0.0,1.564,0.1799
105,186,1,4,52.62,0.17,1.566,0.1822
105,186,1,5,51.5,3.98,1.706,0.1879
105,186,1,6,55.0,12.29,1.913,0.1996
105,186,1,7,64.88,23.84,2.222,0.218
105,186,1,8,73.88,37.18,2.663,0.2356
105,186,1,9,89.12,35.76,2.758,0.2489
105,186,1,10,105.12,49.39,2.961,0.2449
105,186,1,11,116.38,65.51,3.245,0.2517
105,186,1,12,117.25,78.55,3.59,0.2512
105,186,1,13,121.75,86.66,4.011,0.2477
105,186,1,14,125.88,81.11,4.341,0.2458
105,186,1,15,124.38,71.71,4.547,0.2472
105,186,1,16,126.5,52.82,4.574,0.2524
105,186,1,17,117.5,30.06,4.477,0.2559
105,186,1,18,101.5,10.74,3.933,0.2586
105,186,1,19,88.62,0.6,3.628,0.2578
105,186,1,20,77.88,0.0,3.751,0.2542
105,186,1,21,69.25,0.0,3.547,0.2511
105,186,1,22,62.75,0.0,3.117,0.2518
105,186,1,23,59.38,0.0,2.866,0.2402
105,187,2,0,59.46,0.0,2.851,0.2266
105,187,2,1,56.12,0.0,2.486,0.2129
105,187,2,2,55.25,0.0,2.154,0.2061
105,187,2,3,53.5,0.0,2.024,0.1995
105,187,2,4,52.75,0.37,2.048,0.1996
105,187,2,5,52.5,9.71,2.029,0.2002
105,187,2,6,57.75,29.39,2.256,0.2112
105,187,2,7,63.88,51.47,2.724,0.2275
105,187,2,8,71.75,72.92,3.042,0.2497
105,187,2,9,88.0,90.56,3.35,0.2592
105,187,2,10,107.25,102.71,3.619,0.2675
105,187,2,11,119.25,105.64,3.794,0.2769
105,187,2,12,122.88,101.43,4.35,0.2827
105,187,2,13,119.25,94.4,5.056,0.2893
105,187,2,14,123.88,84.53,5.028,0.2975
105,187,2,15,133.12,66.11,6.0,0.3053
105,187,2,16,138.75,49.45,5.651,0.312
105,187,2,17,135.25,29.11,5.8,0.3109
105,187,2,18,110.38,10.93,5.09,0.3135
105,187,2,19,92.12,0.61,4.342,0.3129
105,187,2,20,83.88,0.0,4.309,0.3084
105,187,2,21,76.62,0.0,4.09,0.3068
105,187,2,22,70.0,0.0,3.371,0.31
105,187,2,23,63.62,0.0,2.897,0.3117
105,188,3,0,58.21,0.0,3.904,0.3016
105,188,3,1,59.46,0.0,3.068,0.2889
105,188,3,2,58.0,0.0,2.81,0.2851
105,188,3,3,55.0,0.0,2.633,0.2813
105,188,3,4,56.0,0.0,2.593,0.2796
105,188,3,5,55.75,9.02,2.683,0.2873
105,188,3,6,60.62,24.01,2.854,0.2797
105,188,3,7,65.75,42.57,3.32,0.2814
105,188,3,8,72.38,48.01,3.806,0.2965
105,188,3,9,92.12,79.92,4.167,0.3025
105,188,3,10,108.88,78.51,4.52,0.3071
105,188,3,11,122.0,71.8,5.25,0.3087
105,188,3,12,122.62,70.25,5.762,0.3141
105,188,3,13,128.12,63.59,6.8,0.3267
105,188,3,14,128.12,60.44,7.7,0.3188
105,188,3,15,124.75,51.95,8.173,0.3092
105,188,3,16,123.0,35.78,8.839,0.3049
105,188,3,17,113.0,20.49,7.777,0.3013
105,188,3,18,101.5,7.39,6.214,0.2953
105,188,3,19,85.0,0.53,6.0,0.2937
105,188,3,20,77.0,0.0,5.163,0.2922
105,188,3,21,66.12,0.0,4.729,0.2898
105,188,3,22,60.38,0.0,4.584,0.2908
105,188,3,23,58.75,0.0,3.727,0.2738
105,189,4,0,51.33,0.0,4.258,0.2552
105,189,4,1,53.88,0.0,3.331,0.2442
105,189,4,2,51.62,0.0,3.013,0.2424
105,189,4,3,50.25,0.0,2.888,0.2498
105,189,4,4,49.62,0.0,2.778,0.2508
105,189,4,5,51.12,9.31,2.886,0.2487
105,189,4,6,53.12,24.91,3.185,0.2538
105,189,4,7,60.12,45.23,3.811,0.2611
105,189,4,8,69.5,62.6,4.177,0.265
105,189,4,9,84.75,78.86,4.42,0.2674
105,189,4,10,101.25,90.28,4.664,0.2678
105,189,4,11,110.75,94.86,5.655,0.2719
105,189,4,12,117.62,83.02,6.55,0.2756
105,189,4,13,119.25,78.38,7.332,0.2763
105,189,4,14,123.25,60.04,7.732,0.275
105,189,4,15,123.12,15.88,8.765,0.2744
105,189,4,16,123.62,10.11,9.099,0.2778
105,189,4,17,113.25,6.39,7.823,0.2781
105,189,4,18,93.25,2.97,6.061,0.2732
105,189,4,19,75.88,0.26,5.141,0.2681
105,189,4,20,68.38,0.0,5.711,0.2631
105,189,4,21,60.88,0.0,5.5,0.2591
105,189,4,22,53.12,0.0,4.189,0.2499
105,189,4,23,50.62,0.0,3.952,0.2438
105,190,5,0,47.75,0.0,3.338,0.2123
105,190,5,1,48.21,0.0,2.666,0.1991
105,190,5,2,47.38,0.0,2.382,0.1965
105,190,5,3,46.88,0.0,2.142,0.2022
105,190,5,4,45.62,0.0,1.903,0.2
105,190,5,5,45.25,3.93,2.025,0.1959
105,190,5,6,45.25,9.9,1.568,0.1937
105,190,5,7,46.38,10.06,2.165,0.1968
105,190,5,8,47.88,16.42,2.756,0.2118
105,190,5,9,48.38,23.88,3.114,0.2186
105,190,5,10,49.12,27.33,3.301,0.2123
105,190,5,11,52.25,29.95,3.694,0.211
105,190,5,12,58.5,32.09,4.019,0.2157
105,190,5,13,57.62,25.89,4.21,0.2223
105,190,5,14,56.88,27.16,4.231,0.2247
105,190,5,15,58.25,21.28,4.412,0.2281
105,190,5,16,56.62,10.29,4.657,0.2348
105,190,5,17,56.88,6.23,4.54,0.235
105,190,5,18,56.0,1.97,4.099,0.2283
105,190,5,19,55.12,0.19,4.009,0.2227
105,190,5,20,53.0,0.0,3.969,0.2195
105,190,5,21,51.0,0.0,3.641,0.2162
105,190,5,22,48.12,0.0,3.161,0.2133
105,190,5,23,48.88,0.0,2.934,0.2141
105,191,6,0,47.79,0.0,1.7,0.1913
105,191,6,1,47.54,0.0,1.53,0.1753
105,191,6,2,47.88,0.0,1.349,0.1706
105,191,6,3,48.75,0.0,1.181,0.165
105,191,6,4,46.88,0.0,1.107,0.1649
105,191,6,5,46.5,10.07,1.065,0.1661
105,191,6,6,49.0,30.91,0.99,0.172
105,191,6,7,46.5,54.26,1.298,0.1814
105,191,6,8,46.75,71.47,1.558,0.1893
105,191,6,9,48.0,77.57,1.727,0.1944
105,191,6,10,49.5,77.17,2.188,0.1901
105,191,6,11,53.38,71.05,2.429,0.1937
105,191,6,12,54.12,79.61,2.482,0.1985
105,191,6,13,55.25,82.14,2.683,0.2018
105,191,6,14,57.0,70.05,2.819,0.2058
105,191,6,15,57.62,58.3,2.638,0.2087
105,191,6,16,59.12,41.79,2.721,0.212
105,191,6,17,60.12,25.12,2.869,0.2133
105,191,6,18,60.38,9.87,2.803,0.2169
105,191,6,19,60.75,0.55,2.701,0.2184
105,191,6,20,55.12,0.0,2.765,0.2181
105,191,6,21,53.5,0.0,2.553,0.2165
105,191,6,22,50.62,0.0,2.48,0.2173
105,191,6,23,50.0,0.0,2.075,0.208
105,192,0,0,51.21,0.0,1.696,0.2006
105,192,0,1,47.62,0.0,1.408,0.1936
105,192,0,2,48.25,0.0,1.071,0.1903
105,192,0,3,46.0,0.0,1.05,0.1871
105,192,0,4,45.5,0.0,1.03,0.1903
105,192,0,5,46.0,10.56,1.05,0.1909
105,192,0,6,49.5,29.89,1.532,0.1923
105,192,0,7,60.62,52.73,1.876,0.2106
105,192,0,8,69.0,73.04,2.382,0.223
105,192,0,9,84.25,76.43,2.495,0.2316
105,192,0,10,99.62,97.09,2.977,0.2408
105,192,0,11,117.75,104.38,3.053,0.2456
105,192,0,12,121.5,101.0,3.146,0.2447
105,192,0,13,125.25,78.86,3.248,0.2486
105,192,0,14,124.38,84.27,3.444,0.2479
105,192,0,15,128.0,72.55,3.603,0.2525
105,192,0,16,128.5,51.77,3.766,0.2561
105,192,0,17,123.25,28.91,3.729,0.261
105,192,0,18,105.88,9.69,3.313,0.2628
105,192,0,19,91.0,0.46,3.029,0.2573
105,192,0,20,80.25,0.0,2.945,0.2524
105,192,0,21,68.12,0.0,2.649,0.2451
105,192,0,22,61.12,0.0,2.432,0.2311
105,192,0,23,54.5,0.0,2.031,0.2171
105,193,1,0,54.62,0.0,2.285,0.1973
105,193,1,1,52.71,0.0,2.041,0.185
105,193,1,2,52.12,0.0,1.681,0.1859
105,193,1,3,50.38,0.0,1.597,0.1861
105,193,1,4,49.0,0.0,1.573,0.1854
105,193,1,5,49.75,8.99,1.511,0.1853
105,193,1,6,53.12,26.98,2.049,0.1908
105,193,1,7,63.0,48.59,2.467,0.2053
105,193,1,8,73.75,70.27,2.674,0.2297
105,193,1,9,89.0,87.04,2.915,0.2387
105,193,1,10,104.12,87.69,3.273,0.2446
105,193,1,11,115.5,100.01,3.599,0.2519
105,193,1,12,120.88,94.96,3.758,0.2597
105,193,1,13,121.88,90.67,4.207,0.2615
105,193,1,14,123.0,78.85,4.602,0.2576
105,193,1,15,131.62,58.72,5.1,0.2595
105,193,1,16,132.38,41.81,5.374,0.2614
105,193,1,17,123.62,23.61,5.277,0.2704
105,193,1,18,106.0,7.9,4.414,0.2738
105,193,1,19,89.62,0.43,3.96,0.271
105,193,1,20,80.12,0.0,3.834,0.2685
105,193,1,21,69.62,0.0,3.562,0.2654
105,193,1,22,63.38,0.0,3.004,0.2522
105,193,1,23,58.0,0.0,2.679,0.2287
105,194,2,0,53.17,0.0,2.381,0.2128
105,194,2,1,53.17,0.0,2.096,0.1958
105,194,2,2,54.5,0.0,1.743,0.1917
105,194,2,3,53.75,0.0,1.541,0.1905
105,194,2,4,51.12,0.0,1.508,0.19
105,194,2,5,53.88,7.02,1.544,0.1949
105,194,2,6,57.62,18.17,2.081,0.1993
105,194,2,7,63.75,30.81,2.723,0.2238
105,194,2,8,73.38,41.66,2.972,0.2497
105,194,2,9,87.62,53.11,3.214,0.2604
105,194,2,10,106.38,60.25,3.541,0.2662
105,194,2,11,122.25,54.82,3.78,0.2746
105,194,2,12,119.25,46.5,4.129,0.2796
105,194,2,13,118.5,37.97,4.706,0.2801
105,194,2,14,120.0,29.35,5.168,0.2804
105,194,2,15,118.25,25.85,5.526,0.2792
105,194,2,16,114.12,20.66,5.857,0.2765
105,194,2,17,111.12,12.3,5.483,0.273
105,194,2,18,94.25,5.36,4.565,0.2772
105,194,2,19,84.62,0.37,4.004,0.2758
105,194,2,20,74.75,0.0,3.804,0.2749
105,194,2,21,63.88,0.0,3.688,0.2714
105,194,2,22,57.25,0.0,3.345,0.2673
105,194,2,23,55.0,0.0,3.101,0.2487
105,195,3,0,52.5,0.0,2.451,0.2308
105,195,3,1,51.0,0.0,2.216,0.2258
105,195,3,2,49.25,0.0,1.972,0.212
105,195,3,3,48.88,0.0,1.746,0.2105
105,195,3,4,47.88,0.0,1.695,0.2118
105,195,3,5,48.0,4.82,1.785,0.2204
105,195,3,6,53.88,13.74,2.176,0.2374
105,195,3,7,63.25,24.53,2.774,0.2397
105,195,3,8,72.5,33.04,2.957,0.2514
105,195,3,9,89.12,38.57,3.354,0.2608
105,195,3,10,107.25,53.35,3.556,0.2671
105,195,3,11,117.62,72.09,3.942,0.2735
105,195,3,12,123.62,89.27,4.75,0.2753
105,195,3,13,128.25,77.79,5.0,0.2696
105,195,3,14,126.75,65.83,5.448,0.2637
105,195,3,15,128.75,68.63,6.136,0.264
105,195,3,16,123.62,52.93,6.836,0.2742
105,195,3,17,114.38,31.15,5.597,0.2707
105,195,3,18,99.38,11.2,4.847,0.2659
105,195,3,19,88.75,0.49,4.405,0.2643
105,195,3,20,78.5,0.0,4.247,0.262
105,195,3,21,66.38,0.0,4.012,0.2584
105,195,3,22,62.75,0.0,3.252,0.2517
105,195,3,23,57.62,0.0,3.062,0.2339
105,196,4,0,54.08,0.0,3.131,0.2245
105,196,4,1,53.75,0.0,2.68,0.2214
105,196,4,2,54.5,0.0,2.405,0.2142
105,196,4,3,52.5,0.0,2.315,0.2121
105,196,4,4,50.12,0.0,2.24,0.2148
105,196,4,5,50.5,8.0,2.294,0.2167
105,196,4,6,54.25,24.33,2.64,0.2223
105,196,4,7,60.25,43.01,3.312,0.2348
105,196,4,8,74.0,54.45,3.644,0.2505
105,196,4,9,86.12,51.11,4.036,0.2629
105,196,4,10,102.88,73.83,4.975,0.2687
105,196,4,11,119.0,85.39,5.43,0.2752
105,196,4,12,119.5,74.95,6.252,0.28
105,196,4,13,120.62,64.37,7.345,0.2729
105,196,4,14,120.0,69.91,7.729,0.2737
105,196,4,15,125.75,56.87,8.129,0.2771
105,196,4,16,121.38,43.93,7.994,0.273
105,196,4,17,111.62,25.96,7.494,0.2738
105,196,4,18,93.25,10.13,5.641,0.2755
105,196,4,19,84.38,0.45,5.311,0.2726
105,196,4,20,79.62,0.0,4.983,0.2653
105,196,4,21,70.88,0.0,4.499,0.2614
105,196,4,22,61.88,0.0,4.074,0.2527
105,196,4,23,56.25,0.0,3.457,0.2413
105,197,5,0,55.25,0.0,3.336,0.2241
105,197,5,1,52.71,0.0,2.772,0.2116
105,197,5,2,51.62,0.0,2.5,0.2013
105,197,5,3,52.75,0.0,2.12,0.1961
105,197,5,4,53.88,0.0,1.912,0.1936
105,197,5,5,53.62,8.43,1.671,0.1924
105,197,5,6,52.5,26.77,1.632,0.1901
105,197,5,7,53.62,48.39,2.033,0.1981
105,197,5,8,53.0,69.42,2.753,0.2062
105,197,5,9,53.88,86.48,3.272,0.2169
105,197,5,10,54.5,97.5,3.239,0.2306
105,197,5,11,57.38,98.96,3.556,0.237
105,197,5,12,61.25,96.95,4.166,0.2431
105,197,5,13,65.12,71.98,4.416,0.2441
105,197,5,14,66.12,35.21,4.508,0.2403
105,197,5,15,67.38,17.3,4.435,0.2409
105,197,5,16,69.25,18.36,4.692,0.2435
105,197,5,17,68.75,12.8,4.559,0.2446
105,197,5,18,66.5,4.61,4.02,0.2447
105,197,5,19,64.12,0.19,3.71,0.2414
105,197,5,20,62.38,0.0,3.555,0.2374
105,197,5,21,60.5,0.0,3.482,0.234
105,197,5,22,58.0,0.0,3.09,0.2259
105,197,5,23,58.0,0.0,3.034,0.218
105,198,6,0,56.04,0.0,2.638,0.2121
105,198,6,1,55.92,0.0,2.224,0.2043
105,198,6,2,56.12,0.0,1.816,0.1936
105,198,6,3,53.75,0.0,1.819,0.1868
105,198,6,4,54.25,0.0,1.587,0.1876
105,198,6,5,52.62,7.06,1.493,0.1879
105,198,6,6,55.12,23.8,1.385,0.1811
105,198,6,7,52.12,46.22,1.69,0.1869
105,198,6,8,54.88,67.91,2.162,0.1954
105,198,6,9,55.25,87.58,2.595,0.2115
105,198,6,10,57.25,103.06,2.912,0.2215
105,198,6,11,60.62,110.23,3.089,0.23
105,198,6,12,64.0,106.99,3.308,0.2399
105,198,6,13,64.75,95.27,3.598,0.244
105,198,6,14,63.88,86.78,3.953,0.2427
105,198,6,15,66.38,67.91,4.127,0.2434
105,198,6,16,70.0,48.72,4.209,0.2429
105,198,6,17,73.75,28.87,4.193,0.2453
105,198,6,18,71.75,10.33,3.944,0.2459
105,198,6,19,68.5,0.41,3.587,0.239
105,198,6,20,65.75,0.0,3.481,0.2363
105,198,6,21,62.62,0.0,3.351,0.2356
105,198,6,22,59.25,0.0,3.029,0.2327
105,198,6,23,58.0,0.0,2.775,0.2178
105,199,0,0,60.5,0.0,3.009,0.2034
105,199,0,1,54.12,0.0,2.296,0.1928
105,199,0,2,53.5,0.0,2.116,0.1859
105,199,0,3,52.25,0.0,1.966,0.185
105,199,0,4,50.88,0.0,1.901,0.1845
105,199,0,5,52.62,7.24,2.078,0.189
105,199,0,6,54.62,24.64,2.444,0.2012
105,199,0,7,66.12,46.55,2.92,0.2149
105,199,0,8,75.88,66.6,3.35,0.2303
105,199,0,9,94.75,85.54,3.731,0.2486
105,199,0,10,105.62,94.99,4.319,0.256
105,199,0,11,115.5,94.73,4.918,0.2659
105,199,0,12,123.62,91.59,5.9,0.2694
105,199,0,13,130.88,67.07,6.764,0.2715
105,199,0,14,134.5,22.46,7.236,0.2777
105,199,0,15,135.75,30.16,7.7,0.2924
105,199,0,16,146.88,19.51,8.1,0.2817
105,199,0,17,138.75,11.65,7.57,0.2727
105,199,0,18,109.38,4.79,5.509,0.2736
105,199,0,19,111.62,0.0,5.1,0.275
105,199,0,20,100.12,0.0,4.879,0.2751
105,199,0,21,82.88,0.0,4.755,0.2719
105,199,0,22,74.38,0.0,4.001,0.2665
105,199,0,23,68.38,0.0,3.283,0.2547
105,200,1,0,67.46,0.0,2.982,0.2326
105,200,1,1,64.62,0.0,2.482,0.2225
105,200,1,2,60.25,0.0,2.056,0.2104
105,200,1,3,59.62,0.0,1.911,0.2117
105,200,1,4,57.12,0.0,1.849,0.2111
105,200,1,5,59.25,7.61,2.022,0.2121
105,200,1,6,62.5,27.47,2.42,0.2145
105,200,1,7,70.5,50.62,2.914,0.2173
105,200,1,8,81.5,73.59,3.185,0.2266
105,200,1,9,106.0,93.13,3.603,0.2316
105,200,1,10,125.62,105.38,3.774,0.2418
105,200,1,11,151.12,112.05,3.954,0.2532
105,200,1,12,158.0,108.26,4.331,0.2556
105,200,1,13,154.38,93.23,5.404,0.258
105,200,1,14,159.88,80.4,5.497,0.2597
105,200,1,15,160.25,67.36,5.717,0.2592
105,200,1,16,159.62,48.79,6.13,0.2613
105,200,1,17,150.5,27.45,5.22,0.2612
105,200,1,18,130.12,10.25,4.597,0.264
105,200,1,19,112.75,0.0,4.348,0.2607
105,200,1,20,101.0,0.0,4.317,0.2512
105,200,1,21,88.5,0.0,3.52,0.2528
105,200,1,22,78.38,0.0,3.062,0.2404
105,200,1,23,73.38,0.0,2.665,0.2326
105,201,2,0,69.17,0.0,2.107,0.2169
105,201,2,1,66.83,0.0,1.876,0.2052
105,201,2,2,64.0,0.0,1.689,0.1987
105,201,2,3,64.12,0.0,1.551,0.1968
105,201,2,4,61.25,0.0,1.514,0.1949
105,201,2,5,62.75,8.18,1.607,0.1958
105,201,2,6,67.25,28.31,1.783,0.2006
105,201,2,7,79.75,50.56,2.271,0.211
105,201,2,8,86.0,72.59,2.654,0.2176
105,201,2,9,109.12,90.53,2.891,0.2247
105,201,2,10,128.12,103.52,3.035,0.2298
105,201,2,11,142.0,112.09,3.197,0.2311
105,201,2,12,131.5,109.65,3.226,0.244
105,201,2,13,134.75,98.93,3.436,0.2483
105,201,2,14,135.38,87.72,3.753,0.2451
105,201,2,15,150.25,72.27,3.975,0.2554
105,201,2,16,153.62,49.66,4.236,0.2606
105,201,2,17,146.5,27.5,3.97,0.2648
105,201,2,18,123.5,9.75,3.506,0.2646
105,201,2,19,108.88,0.0,3.226,0.2594
105,201,2,20,94.12,0.0,3.158,0.2509
105,201,2,21,87.75,0.0,2.91,0.2459
105,201,2,22,79.0,0.0,2.606,0.2354
105,201,2,23,71.25,0.0,2.199,0.2273
105,202,3,0,65.75,0.0,2.159,0.2211
105,202,3,1,67.46,0.0,1.982,0.2084
105,202,3,2,68.5,0.0,1.605,0.1941
105,202,3,3,66.62,0.0,1.507,0.1944
105,202,3,4,64.62,0.0,1.504,0.1928
105,202,3,5,67.75,7.96,1.673,0.1987
105,202,3,6,69.0,28.02,2.123,0.2023
105,202,3,7,81.88,50.92,2.677,0.2128
105,202,3,8,89.62,72.8,2.881,0.2339
105,202,3,9,112.12,91.15,3.111,0.2608
105,202,3,10,130.25,104.26,3.378,0.2739
105,202,3,11,143.38,110.77,3.555,0.2836
105,202,3,12,150.38,108.69,3.714,0.29
105,202,3,13,143.75,94.32,4.443,0.2998
105,202,3,14,143.88,89.18,4.726,0.3028
105,202,3,15,144.12,73.33,4.951,0.3016
105,202,3,16,145.88,53.31,5.161,0.3022
105,202,3,17,139.88,30.16,4.868,0.306
105,202,3,18,113.38,10.57,4.567,0.3106
105,202,3,19,101.62,0.0,4.061,0.3024
105,202,3,20,90.88,0.0,3.919,0.29
105,202,3,21,77.12,0.0,3.958,0.278
105,202,3,22,68.25,0.0,3.146,0.2689
105,202,3,23,65.25,0.0,2.705,0.2479
105,203,4,0,58.75,0.0,2.578,0.2347
105,203,4,1,60.79,0.0,2.379,0.2131
105,203,4,2,58.5,0.0,2.039,0.2019
105,203,4,3,58.12,0.0,1.877,0.1953
105,203,4,4,55.88,0.0,1.854,0.1958
105,203,4,5,55.5,5.99,1.955,0.2042
105,203,4,6,59.88,22.13,2.414,0.2086
105,203,4,7,72.0,42.23,2.915,0.2291
105,203,4,8,81.5,65.35,3.363,0.2416
105,203,4,9,96.88,84.26,3.613,0.2593
105,203,4,10,107.62,97.39,4.1,0.2678
105,203,4,11,121.88,99.6,4.887,0.2748
105,203,4,12,126.12,106.37,5.613,0.2774
105,203,4,13,134.62,98.94,7.072,0.2766
105,203,4,14,137.0,85.76,7.799,0.2809
105,203,4,15,142.0,69.23,8.158,0.2857
105,203,4,16,142.38,50.97,8.137,0.2887
105,203,4,17,127.62,28.99,7.585,0.2935
105,203,4,18,115.88,10.12,5.705,0.2895
105,203,4,19,95.62,0.0,5.171,0.2891
105,203,4,20,83.25,0.0,4.912,0.2841
105,203,4,21,76.25,0.0,4.327,0.283
105,203,4,22,62.5,0.0,3.769,0.2789
105,203,4,23,58.88,0.0,3.341,0.2769
105,204,5,0,54.17,0.0,3.454,0.2711
105,204,5,1,54.46,0.0,2.758,0.2591
105,204,5,2,54.25,0.0,2.523,0.2497
105,204,5,3,54.62,0.0,2.375,0.2348
105,204,5,4,51.88,0.0,2.323,0.227
105,204,5,5,53.88,7.81,2.174,0.2258
105,204,5,6,54.0,28.26,2.227,0.2181
105,204,5,7,55.25,51.35,2.614,0.2308
105,204,5,8,62.5,73.27,3.299,0.2391
105,204,5,9,63.12,91.67,4.053,0.259
105,204,5,10,62.38,105.21,4.0,0.2764
105,204,5,11,60.12,111.74,4.459,0.2795
105,204,5,12,63.25,112.1,4.924,0.2842
105,204,5,13,66.38,104.6,5.299,0.2875
105,204,5,14,64.38,84.81,5.904,0.2887
105,204,5,15,74.38,70.64,6.052,0.2903
105,204,5,16,79.88,51.08,6.24,0.2931
105,204,5,17,66.5,29.34,5.941,0.2935
105,204,5,18,66.12,9.76,5.5,0.3005
105,204,5,19,64.5,0.0,4.726,0.2986
105,204,5,20,63.12,0.0,4.508,0.3001
105,204,5,21,59.12,0.0,4.278,0.2917
105,204,5,22,57.0,0.0,3.999,0.2876
105,204,5,23,56.0,0.0,3.352,0.2818
105,205,6,0,54.33,0.0,3.046,0.2659
105,205,6,1,53.33,0.0,2.755,0.2501
105,205,6,2,53.38,0.0,2.523,0.2317
105,205,6,3,52.62,0.0,2.364,0.2199
105,205,6,4,53.12,0.0,2.293,0.2167
105,205,6,5,51.75,7.61,1.936,0.2156
105,205,6,6,53.12,27.94,1.423,0.2153
105,205,6,7,50.25,50.5,2.167,0.2234
105,205,6,8,52.38,70.38,2.586,0.2328
105,205,6,9,52.5,87.42,2.917,0.2423
105,205,6,10,54.75,99.21,3.395,0.2447
105,205,6,11,56.5,102.86,3.684,0.2482
105,205,6,12,58.25,101.32,4.154,0.2604
105,205,6,13,62.75,104.21,4.58,0.2715
105,205,6,14,65.25,90.43,4.95,0.2819
105,205,6,15,68.25,63.65,5.131,0.2856
105,205,6,16,73.0,45.76,5.316,0.2891
105,205,6,17,69.88,24.73,5.302,0.2922
105,205,6,18,69.0,7.93,5.0,0.2919
105,205,6,19,68.0,0.0,4.5,0.2898
105,205,6,20,67.62,0.0,4.583,0.2814
105,205,6,21,65.5,0.0,4.8,0.2788
105,205,6,22,61.12,0.0,3.669,0.2803
105,205,6,23,60.0,0.0,3.127,0.2786
105,206,0,0,66.85,0.0,3.118,0.2631
105,206,0,1,53.75,0.0,2.56,0.2487
105,206,0,2,54.12,0.0,2.437,0.234
105,206,0,3,51.12,0.0,2.413,0.2296
105,206,0,4,50.5,0.0,2.402,0.227
105,206,0,5,51.0,4.21,2.488,0.2303
105,206,0,6,55.12,16.5,2.588,0.2373
105,206,0,7,68.5,33.16,3.468,0.2488
105,206,0,8,73.25,54.24,3.954,0.2599
105,206,0,9,94.62,74.89,4.251,0.2743
105,206,0,10,122.25,90.88,5.0,0.2832
105,206,0,11,130.12,103.25,5.747,0.289
105,206,0,12,144.5,98.84,6.762,0.2921
105,206,0,13,141.25,77.27,9.1,0.2935
105,206,0,14,142.12,65.77,10.314,0.3085
105,206,0,15,143.38,23.63,11.473,0.3038
105,206,0,16,150.88,5.91,11.511,0.3053
105,206,0,17,128.75,3.19,10.103,0.2988
105,206,0,18,104.75,0.9,7.807,0.2852
105,206,0,19,97.25,0.0,6.614,0.284
105,206,0,20,86.12,0.0,6.1,0.2842
105,206,0,21,74.62,0.0,5.155,0.2801
105,206,0,22,64.62,0.0,4.73,0.2678
105,206,0,23,60.75,0.0,3.868,0.2499
105,207,1,0,78.7,0.0,3.93,0.2324
105,207,1,1,78.7,0.0,3.696,0.2182
105,207,1,2,78.7,0.0,2.376,0.2136
105,207,1,3,78.7,0.0,2.262,0.2127
105,207,1,4,78.7,0.0,2.218,0.2125
105,207,1,5,78.7,6.01,2.344,0.2135
105,207,1,6,78.7,25.79,2.676,0.2185
105,207,1,7,78.7,48.72,3.469,0.2342
105,207,1,8,78.7,73.27,3.813,0.2506
105,207,1,9,78.7,91.48,4.169,0.2677
105,207,1,10,78.7,103.78,4.646,0.2787
105,207,1,11,78.7,110.8,5.308,0.2831
105,207,1,12,78.7,105.17,6.0,0.2828
105,207,1,13,78.7,96.85,6.968,0.2824
105,207,1,14,78.7,84.72,8.0,0.2856
105,207,1,15,78.7,65.81,9.042,0.289
105,207,1,16,78.7,47.44,9.468,0.2916
105,207,1,17,78.7,25.61,8.104,0.2916
105,207,1,18,78.7,8.24,6.639,0.2928
105,207,1,19,78.7,0.0,6.0,0.2956
105,207,1,20,78.7,0.0,5.3,0.2907
105,207,1,21,78.7,0.0,4.839,0.2806
105,207,1,22,78.7,0.0,4.337,0.2749
105,207,1,23,78.7,0.0,3.698,0.2626
105,208,2,0,78.7,0.0,3.712,0.246
105,208,2,1,78.7,0.0,3.096,0.2346
105,208,2,2,78.7,0.0,2.18,0.2228
105,208,2,3,78.7,0.0,2.075,0.217
105,208,2,4,78.7,0.0,1.963,0.2192
105,208,2,5,78.7,5.73,2.08,0.2226
105,208,2,6,78.7,23.16,2.369,0.2283
105,208,2,7,78.7,44.19,3.264,0.2448
105,208,2,8,78.7,69.13,3.654,0.262
105,208,2,9,78.7,88.39,4.084,0.2773
105,208,2,10,78.7,101.61,4.404,0.2796
105,208,2,11,78.7,109.18,4.976,0.2847
105,208,2,12,78.7,107.31,5.918,0.2853
105,208,2,13,78.7,100.02,7.243,0.2857
105,208,2,14,78.7,86.41,8.227,0.2865
105,208,2,15,78.7,71.28,8.825,0.2898
105,208,2,16,78.7,49.61,8.869,0.2868
105,208,2,17,78.7,28.05,8.106,0.2881
105,208,2,18,78.7,8.81,6.301,0.2872
105,208,2,19,78.7,0.0,5.501,0.289
105,208,2,20,78.7,0.0,4.976,0.2902
105,208,2,21,78.7,0.0,4.608,0.2871
105,208,2,22,78.7,0.0,4.094,0.2829
105,208,2,23,78.7,0.0,3.478,0.2701
105,209,3,0,78.7,0.0,3.5,0.2592
105,209,3,1,78.7,0.0,2.375,0.2509
105,209,3,2,78.7,0.0,2.049,0.2404
105,209,3,3,78.7,0.0,1.92,0.2228
105,209,3,4,78.7,0.0,1.923,0.2231
105,209,3,5,78.7,5.95,2.051,0.2275
105,209,3,6,78.7,24.17,2.329,0.2254
105,209,3,7,78.7,44.61,3.049,0.2383
105,209,3,8,78.7,64.43,3.316,0.2576
105,209,3,9,78.7,78.54,3.602,0.2722
105,209,3,10,78.7,96.17,4.228,0.2795
105,209,3,11,78.7,102.66,4.647,0.2864
105,209,3,12,78.7,91.12,5.142,0.2867
105,209,3,13,78.7,60.44,6.03,0.2884
105,209,3,14,78.7,40.94,7.449,0.2907
105,209,3,15,78.7,10.42,7.671,0.294
105,209,3,16,78.7,5.75,8.1,0.2937
105,209,3,17,78.7,5.96,6.614,0.294
105,209,3,18,78.7,1.18,5.849,0.2982
105,209,3,19,78.7,0.0,4.916,0.2956
105,209,3,20,78.7,0.0,4.669,0.292
105,209,3,21,78.7,0.0,4.324,0.2896
105,209,3,22,78.7,0.0,3.896,0.2933
105,209,3,23,78.7,0.0,3.208,0.2858
105,210,4,0,78.7,0.0,3.388,0.2738
105,210,4,1,78.7,0.0,2.606,0.2633
105,210,4,2,78.7,0.0,2.266,0.2548
105,210,4,3,78.7,0.0,2.039,0.2408
105,210,4,4,78.7,0.0,2.03,0.2402
105,210,4,5,78.7,2.99,2.098,0.2413
105,210,4,6,78.7,11.27,2.623,0.2423
105,210,4,7,78.7,21.41,2.887,0.2535
105,210,4,8,78.7,39.64,3.419,0.2654
105,210,4,9,78.7,58.41,3.478,0.2657
105,210,4,10,78.7,71.52,3.611,0.2707
105,210,4,11,78.7,88.35,4.082,0.2771
105,210,4,12,78.7,98.47,4.241,0.2772
105,210,4,13,78.7,81.78,4.66,0.2752
105,210,4,14,78.7,80.16,4.867,0.2779
105,210,4,15,78.7,70.21,4.97,0.2812
105,210,4,16,78.7,47.89,4.726,0.282
105,210,4,17,78.7,25.76,4.459,0.2809
105,210,4,18,78.7,7.21,4.182,0.2833
105,210,4,19,78.7,0.0,3.878,0.2826
105,210,4,20,78.7,0.0,3.776,0.2801
105,210,4,21,78.7,0.0,3.583,0.2776
105,210,4,22,78.7,0.0,3.076,0.2732
105,210,4,23,78.7,0.0,2.855,0.2728
105,211,5,0,78.7,0.0,2.296,0.2569
105,211,5,1,78.7,0.0,2.112,0.233
105,211,5,2,78.7,0.0,1.945,0.2223
105,211,5,3,78.7,0.0,1.808,0.2189
105,211,5,4,78.7,0.0,1.722,0.2203
105,211,5,5,78.7,4.09,1.654,0.2239
105,211,5,6,78.7,18.13,1.464,0.2246
105,211,5,7,78.7,34.97,1.631,0.2409
105,211,5,8,78.7,53.93,1.94,0.2384
105,211,5,9,78.7,71.82,2.607,0.2438
105,211,5,10,78.7,71.06,2.708,0.2614
105,211,5,11,78.7,73.92,3.013,0.2578
105,211,5,12,78.7,70.27,3.315,0.2565
105,211,5,13,78.7,38.64,3.486,0.27
105,211,5,14,78.7,32.12,3.651,0.2786
105,211,5,15,78.7,23.29,3.9,0.276
105,211,5,16,78.7,12.77,3.9,0.276
105,211,5,17,78.7,6.17,3.637,0.2706
105,211,5,18,78.7,2.21,3.497,0.2701
105,211,5,19,78.7,0.0,3.224,0.2706
105,211,5,20,78.7,0.0,3.212,0.27
105,211,5,21,78.7,0.0,3.18,0.2706
105,211,5,22,78.7,0.0,2.78,0.2649
105,211,5,23,78.7,0.0,2.725,0.2607
105,212,6,0,78.7,0.0,2.439,0.2457
105,212,6,1,78.7,0.0,2.157,0.2401
105,212,6,2,78.7,0.0,1.991,0.2369
105,212,6,3,78.7,0.0,1.883,0.2359
105,212,6,4,78.7,0.0,1.677,0.2308
105,212,6,5,78.7,1.51,1.568,0.228
105,212,6,6,78.7,7.13,1.318,0.2263
105,212,6,7,78.7,13.91,1.394,0.2275
105,212,6,8,78.7,21.84,1.695,0.2331
105,212,6,9,78.7,33.95,2.058,0.2373
105,212,6,10,78.7,41.06,2.715,0.2388
105,212,6,11,78.7,55.21,2.683,0.2482
105,212,6,12,78.7,54.94,2.833,0.2585
105,212,6,13,78.7,54.55,3.013,0.2628
105,212,6,14,78.7,50.75,3.048,0.2666
105,212,6,15,78.7,34.37,3.09,0.2673
105,212,6,16,78.7,21.46,3.472,0.2664
105,212,6,17,78.7,11.47,3.472,0.2656
105,212,6,18,78.7,2.66,3.109,0.268
105,212,6,19,78.7,0.05,2.899,0.2694
105,212,6,20,78.7,0.0,2.961,0.2683
105,212,6,21,78.7,0.0,2.947,0.2665
105,212,6,22,78.7,0.0,2.768,0.2622
105,212,6,23,78.7,0.0,2.38,0.2557
105,213,0,0,78.7,0.0,2.528,0.2308
105,213,0,1,78.7,0.0,2.161,0.2263
105,213,0,2,78.7,0.0,2.007,0.2213
105,213,0,3,78.7,0.0,1.902,0.219
105,213,0,4,78.7,0.0,1.849,0.2173
105,213,0,5,78.7,1.81,2.053,0.2165
105,213,0,6,78.7,6.85,2.061,0.225
105,213,0,7,78.7,14.01,2.506,0.2357
105,213,0,8,78.7,19.64,2.805,0.2407
105,213,0,9,78.7,26.63,2.986,0.2497
105,213,0,10,78.7,30.71,3.385,0.2553
105,213,0,11,78.7,31.73,3.804,0.2643
105,213,0,12,78.7,52.34,3.985,0.2693
105,213,0,13,78.7,48.21,4.256,0.2711
105,213,0,14,78.7,54.78,4.312,0.2753
105,213,0,15,78.7,33.16,4.569,0.2748
105,213,0,16,78.7,21.59,4.658,0.2759
105,213,0,17,78.7,12.68,4.434,0.2764
105,213,0,18,78.7,3.54,4.042,0.2723
105,213,0,19,78.7,0.0,3.842,0.2674
105,213,0,20,78.7,0.0,3.914,0.267
105,213,0,21,78.7,0.0,3.445,0.2583
105,213,0,22,78.7,0.0,3.099,0.248
105,213,0,23,78.7,0.0,3.025,0.2365
105,214,1,0,78.7,0.0,2.43,0.2254
105,214,1,1,78.7,0.0,2.196,0.2115
105,214,1,2,78.7,0.0,1.927,0.2052
105,214,1,3,78.7,0.0,1.78,0.2027
105,214,1,4,78.7,0.0,1.818,0.2011
105,214,1,5,78.7,2.33,1.955,0.2121
105,214,1,6,78.7,11.99,1.932,0.2258
105,214,1,7,78.7,25.93,2.239,0.2364
105,214,1,8,78.7,44.25,2.615,0.2486
105,214,1,9,78.7,44.77,2.842,0.249
105,214,1,10,78.7,64.1,3.437,0.2536
105,214,1,11,78.7,64.55,3.775,0.2601
105,214,1,12,78.7,49.18,4.061,0.2614
105,214,1,13,78.7,44.28,4.004,0.2599
105,214,1,14,78.7,52.43,4.101,0.261
105,214,1,15,78.7,43.6,4.294,0.261
105,214,1,16,78.7,30.91,4.504,0.266
105,214,1,17,78.7,18.29,4.208,0.2696
105,214,1,18,78.7,5.63,3.925,0.272
105,214,1,19,78.7,0.0,3.72,0.2666
105,214,1,20,78.7,0.0,3.682,0.2577
105,214,1,21,78.7,0.0,3.461,0.2576
105,214,1,22,78.7,0.0,3.158,0.2612
105,214,1,23,78.7,0.0,2.446,0.2462
105,215,2,0,78.7,0.0,2.391,0.2254
105,215,2,1,78.7,0.0,2.215,0.2067
105,215,2,2,78.7,0.0,2.01,0.2021
105,215,2,3,78.7,0.0,1.876,0.2016
105,215,2,4,78.7,0.0,1.852,0.2009
105,215,2,5,78.7,4.87,1.91,0.2064
105,215,2,6,78.7,23.55,1.978,0.217
105,215,2,7,78.7,45.27,2.32,0.2245
105,215,2,8,78.7,66.08,2.8,0.2269
105,215,2,9,78.7,84.3,3.131,0.2353
105,215,2,10,78.7,91.48,3.258,0.2406
105,215,2,11,78.7,105.76,3.305,0.2501
105,215,2,12,78.7,102.79,3.363,0.2558
105,215,2,13,78.7,97.46,3.49,0.2606
105,215,2,14,78.7,86.95,3.647,0.265
105,215,2,15,78.7,71.61,3.844,0.2681
105,215,2,16,78.7,50.58,4.086,0.2699
105,215,2,17,78.7,27.88,3.707,0.2737
105,215,2,18,78.7,7.46,3.514,0.2741
105,215,2,19,78.7,0.0,3.311,0.2672
105,215,2,20,78.7,0.0,3.282,0.2606
105,215,2,21,78.7,0.0,3.061,0.2559
105,215,2,22,78.7,0.0,2.781,0.2539
105,215,2,23,78.7,0.0,2.377,0.2359
105,216,3,0,78.7,0.0,2.33,0.2198
105,216,3,1,78.7,0.0,1.977,0.205
105,216,3,2,78.7,0.0,1.706,0.2023
105,216,3,3,78.7,0.0,1.567,0.1988
105,216,3,4,78.7,0.0,1.508,0.2001
105,216,3,5,78.7,4.8,1.767,0.2037
105,216,3,6,78.7,23.86,2.141,0.2089
105,216,3,7,78.7,46.63,2.358,0.2224
105,216,3,8,78.7,67.79,2.598,0.24
105,216,3,9,78.7,87.19,2.942,0.2497
105,216,3,10,78.7,67.42,3.252,0.2575
105,216,3,11,78.7,100.08,3.377,0.2662
105,216,3,12,78.7,97.22,3.51,0.2726
105,216,3,13,78.7,94.72,3.664,0.2732
105,216,3,14,78.7,80.32,4.08,0.2723
105,216,3,15,78.7,67.98,4.339,0.2711
105,216,3,16,78.7,46.97,4.545,0.2701
105,216,3,17,78.7,25.44,4.27,0.2746
105,216,3,18,78.7,6.44,3.86,0.2739
105,216,3,19,78.7,0.0,3.495,0.2761
105,216,3,20,78.7,0.0,3.498,0.2731
105,216,3,21,78.7,0.0,3.201,0.2674
105,216,3,22,78.7,0.0,2.873,0.2617
105,216,3,23,78.7,0.0,2.473,0.2561
105,217,4,0,78.7,0.0,2.302,0.2276
105,217,4,1,78.7,0.0,1.939,0.2134
105,217,4,2,78.7,0.0,1.658,0.2021
105,217,4,3,78.7,0.0,1.632,0.1977
105,217,4,4,78.7,0.0,1.588,0.1954
105,217,4,5,78.7,4.33,1.708,0.2009
105,217,4,6,78.7,22.49,1.881,0.215
105,217,4,7,78.7,43.84,2.18,0.2261
105,217,4,8,78.7,65.3,2.461,0.2447
105,217,4,9,78.7,83.26,2.766,0.2564
105,217,4,10,78.7,89.79,2.981,0.2627
105,217,4,11,78.7,79.33,3.099,0.2686
105,217,4,12,78.7,89.61,3.285,0.2714
105,217,4,13,78.7,72.56,3.495,0.2717
105,217,4,14,78.7,56.27,3.804,0.2695
105,217,4,15,78.7,51.64,4.017,0.2692
105,217,4,16,78.7,31.44,4.164,0.2698
105,217,4,17,78.7,18.06,4.085,0.268
105,217,4,18,78.7,4.5,3.527,0.2679
105,217,4,19,78.7,0.0,3.219,0.2684
105,217,4,20,78.7,0.0,3.219,0.2685
105,217,4,21,78.7,0.0,2.977,0.264
105,217,4,22,78.7,0.0,2.781,0.2649
105,217,4,23,78.7,0.0,2.559,0.2542
105,218,5,0,78.7,0.0,2.613,0.2281
105,218,5,1,78.7,0.0,2.372,0.2211
105,218,5,2,78.7,0.0,2.153,0.2094
105,218,5,3,78.7,0.0,1.845,0.2035
105,218,5,4,78.7,0.0,1.764,0.2013
105,218,5,5,78.7,2.5,1.695,0.2049
105,218,5,6,78.7,12.97,1.507,0.2065
105,218,5,7,78.7,26.62,1.922,0.2082
105,218,5,8,78.7,44.65,2.419,0.221
105,218,5,9,78.7,37.91,2.771,0.237
105,218,5,10,78.7,49.19,2.943,0.2535
105,218,5,11,78.7,82.1,3.416,0.2623
105,218,5,12,78.7,88.02,3.6,0.269
105,218,5,13,78.7,85.59,4.05,0.2709
105,218,5,14,78.7,64.31,4.053,0.2677
105,218,5,15,78.7,49.0,4.211,0.2691
105,218,5,16,78.7,33.64,4.211,0.278
105,218,5,17,78.7,18.48,4.126,0.2821
105,218,5,18,78.7,4.75,3.685,0.2793
105,218,5,19,78.7,0.0,3.177,0.2794
105,218,5,20,78.7,0.0,3.359,0.2759
105,218,5,21,78.7,0.0,2.974,0.2734
105,218,5,22,78.7,0.0,2.806,0.2721
105,218,5,23,78.7,0.0,2.688,0.2635
105,219,6,0,78.7,0.0,2.322,0.2433
105,219,6,1,78.7,0.0,2.198,0.2282
105,219,6,2,78.7,0.0,1.967,0.2177
105,219,6,3,78.7,0.0,1.67,0.2123
105,219,6,4,78.7,0.0,1.599,0.2072
105,219,6,5,78.7,4.79,1.59,0.2107
105,219,6,6,78.7,25.02,1.116,0.2065
105,219,6,7,78.7,48.28,1.516,0.2015
105,219,6,8,78.7,70.34,1.875,0.2088
105,219,6,9,78.7,88.85,2.377,0.2158
105,219,6,10,78.7,102.19,2.66,0.2328
105,219,6,11,78.7,108.99,2.778,0.2493
105,219,6,12,78.7,107.09,2.89,0.2581
105,219,6,13,78.7,96.21,3.002,0.2659
105,219,6,14,78.7,86.75,3.161,0.2685
105,219,6,15,78.7,71.01,3.412,0.2697
105,219,6,16,78.7,49.59,3.537,0.27
105,219,6,17,78.7,26.69,3.51,0.2696
105,219,6,18,78.7,6.35,3.261,0.269
105,219,6,19,78.7,0.0,2.991,0.2663
105,219,6,20,78.7,0.0,3.033,0.2698
105,219,6,21,78.7,0.0,2.881,0.2681
105,219,6,22,78.7,0.0,2.675,0.2626
105,219,6,23,78.7,0.0,2.536,0.2559
105,220,0,0,78.7,0.0,2.33,0.2336
105,220,0,1,78.7,0.0,2.146,0.2158
105,220,0,2,78.7,0.0,1.971,0.2115
105,220,0,3,78.7,0.0,1.825,0.2106
105,220,0,4,78.7,0.0,1.791,0.2116
105,220,0,5,78.7,3.46,1.981,0.2127
105,220,0,6,78.7,17.76,1.925,0.2174
105,220,0,7,78.7,36.18,2.303,0.2278
105,220,0,8,78.7,54.49,2.606,0.2402
105,220,0,9,78.7,64.27,2.795,0.2501
105,220,0,10,78.7,65.22,3.065,0.2562
105,220,0,11,78.7,63.5,3.251,0.2673
105,220,0,12,78.7,72.38,3.506,0.2758
105,220,0,13,78.7,70.25,3.991,0.2786
105,220,0,14,78.7,57.98,4.441,0.2804
105,220,0,15,78.7,54.69,4.646,0.2781
105,220,0,16,78.7,36.95,4.763,0.2783
105,220,0,17,78.7,19.39,4.514,0.2754
105,220,0,18,78.7,4.58,4.02,0.2787
105,220,0,19,78.7,0.0,3.645,0.2802
105,220,0,20,78.7,0.0,3.647,0.2805
105,220,0,21,78.7,0.0,3.141,0.2789
105,220,0,22,78.7,0.0,2.69,0.2699
105,220,0,23,78.7,0.0,2.477,0.2472
105,221,1,0,78.7,0.0,2.422,0.2264
105,221,1,1,78.7,0.0,2.25,0.216
105,221,1,2,78.7,0.0,1.984,0.2097
105,221,1,3,78.7,0.0,1.785,0.2073
105,221,1,4,78.7,0.0,1.668,0.2087
105,221,1,5,78.7,4.11,1.93,0.2115
105,221,1,6,78.7,23.51,2.124,0.2189
105,221,1,7,78.7,46.51,2.43,0.2353
105,221,1,8,78.7,68.38,2.722,0.2523
105,221,1,9,78.7,87.31,2.941,0.2666
105,221,1,10,78.7,98.13,3.295,0.2731
105,221,1,11,78.7,96.65,3.566,0.2708
105,221,1,12,78.7,93.04,3.786,0.2751
105,221,1,13,78.7,89.18,4.343,0.2783
105,221,1,14,78.7,75.73,4.604,0.283
105,221,1,15,78.7,57.53,5.197,0.2818
105,221,1,16,78.7,39.77,5.5,0.2831
105,221,1,17,78.7,21.07,5.229,0.2845
105,221,1,18,78.7,4.53,4.711,0.2843
105,221,1,19,78.7,0.0,4.117,0.2832
105,221,1,20,78.7,0.0,3.971,0.2794
105,221,1,21,78.7,0.0,3.561,0.2754
105,221,1,22,78.7,0.0,3.119,0.2727
105,221,1,23,78.7,0.0,2.855,0.2622
105,222,2,0,78.7,0.0,2.546,0.2489
105,222,2,1,78.7,0.0,2.345,0.2303
105,222,2,2,78.7,0.0,2.045,0.2178
105,222,2,3,78.7,0.0,1.837,0.2158
105,222,2,4,78.7,0.0,1.752,0.2176
105,222,2,5,78.7,1.29,2.046,0.2257
105,222,2,6,78.7,7.13,2.334,0.2333
105,222,2,7,78.7,18.14,2.714,0.2496
105,222,2,8,78.7,28.06,3.106,0.2677
105,222,2,9,78.7,46.87,3.267,0.2749
105,222,2,10,78.7,50.09,3.616,0.2791
105,222,2,11,78.7,47.96,4.148,0.2832
105,222,2,12,78.7,64.51,4.6,0.2831
105,222,2,13,78.7,68.66,5.13,0.286
105,222,2,14,78.7,62.05,5.476,0.2856
105,222,2,15,78.7,40.84,5.977,0.2822
105,222,2,16,78.7,26.92,6.253,0.2835
105,222,2,17,78.7,13.36,6.004,0.2852
105,222,2,18,78.7,2.69,5.357,0.2862
105,222,2,19,78.7,0.0,4.678,0.2888
105,222,2,20,78.7,0.0,4.484,0.2853
105,222,2,21,78.7,0.0,3.989,0.2822
105,222,2,22,78.7,0.0,3.49,0.2849
105,222,2,23,78.7,0.0,3.0,0.2766
105,223,3,0,69.64,0.0,3.084,0.2699
105,223,3,1,66.73,0.0,2.852,0.2605
105,223,3,2,56.25,0.0,2.556,0.2535
105,223,3,3,54.0,0.0,2.359,0.2352
105,223,3,4,53.38,0.0,2.388,0.2331
105,223,3,5,52.5,2.4,2.532,0.2397
105,223,3,6,58.12,15.06,2.856,0.2436
105,223,3,7,70.75,31.48,3.239,0.2594
105,223,3,8,72.38,52.62,3.588,0.2802
105,223,3,9,90.38,66.27,4.051,0.2882
105,223,3,10,105.62,82.26,4.942,0.2953
105,223,3,11,114.0,79.64,5.827,0.2947
105,223,3,12,118.0,91.49,6.576,0.3035
105,223,3,13,122.88,87.58,7.53,0.3071
105,223,3,14,124.0,74.0,8.326,0.3098
105,223,3,15,126.75,51.0,8.997,0.3084
105,223,3,16,124.5,32.71,9.35,0.309
105,223,3,17,118.88,16.09,8.0,0.3107
105,223,3,18,102.88,3.06,7.103,0.3142
105,223,3,19,92.62,0.0,5.833,0.3114
105,223,3,20,83.38,0.0,5.785,0.3108
105,223,3,21,78.38,0.0,4.881,0.308
105,223,3,22,73.5,0.0,4.214,0.3089
105,223,3,23,64.38,0.0,3.488,0.2976
105,224,4,0,60.08,0.0,3.563,0.2806
105,224,4,1,59.67,0.0,3.2,0.2666
105,224,4,2,60.5,0.0,3.077,0.2511
105,224,4,3,56.62,0.0,3.043,0.2356
105,224,4,4,55.88,0.0,2.834,0.237
105,224,4,5,58.25,2.61,3.058,0.2436
105,224,4,6,61.62,18.44,3.326,0.2563
105,224,4,7,72.38,40.21,3.7,0.2652
105,224,4,8,74.25,63.19,4.2,0.2813
105,224,4,9,87.0,82.24,4.636,0.2949
105,224,4,10,97.5,94.91,6.053,0.298
105,224,4,11,115.38,99.68,7.48,0.3099
105,224,4,12,120.25,96.61,7.682,0.3136
105,224,4,13,123.88,90.1,8.847,0.3161
105,224,4,14,119.88,67.81,9.264,0.3171
105,224,4,15,128.25,40.2,10.0,0.3196
105,224,4,16,128.12,25.54,9.815,0.3224
105,224,4,17,114.12,13.41,8.88,0.3196
105,224,4,18,104.62,2.35,7.781,0.3164
105,224,4,19,91.62,0.0,6.617,0.3179
105,224,4,20,84.0,0.0,6.454,0.3137
105,224,4,21,75.25,0.0,5.402,0.3089
105,224,4,22,68.88,0.0,4.478,0.3014
105,224,4,23,63.62,0.0,3.7,0.2955
105,225,5,0,58.79,0.0,4.5,0.276
105,225,5,1,59.29,0.0,3.414,0.262
105,225,5,2,58.75,0.0,3.065,0.2553
105,225,5,3,58.62,0.0,2.91,0.2513
105,225,5,4,59.88,0.0,2.821,0.2482
105,225,5,5,58.12,2.81,2.77,0.2467
105,225,5,6,58.5,18.97,2.8,0.251
105,225,5,7,57.12,40.67,3.057,0.2579
105,225,5,8,57.38,61.39,3.705,0.2668
105,225,5,9,57.0,81.53,4.189,0.285
105,225,5,10,62.12,54.65,4.938,0.3016
105,225,5,11,63.62,96.71,5.728,0.3096
105,225,5,12,67.5,99.49,7.211,0.3117
105,225,5,13,63.12,88.7,7.7,0.315
105,225,5,14,67.75,75.69,8.211,0.3151
105,225,5,15,66.88,59.82,7.778,0.3197
105,225,5,16,68.5,40.37,8.038,0.323
105,225,5,17,64.75,20.16,7.7,0.3198
105,225,5,18,65.88,3.58,6.992,0.3128
105,225,5,19,65.25,0.0,6.568,0.3084
105,225,5,20,64.88,0.0,6.03,0.3088
105,225,5,21,61.88,0.0,6.03,0.308
105,225,5,22,58.75,0.0,4.55,0.2878
105,225,5,23,59.75,0.0,3.783,0.266
105,226,6,0,59.46,0.0,3.964,0.2702
105,226,6,1,57.62,0.0,3.8,0.2482
105,226,6,2,58.0,0.0,3.039,0.236
105,226,6,3,58.0,0.0,2.764,0.2371
105,226,6,4,55.75,0.0,2.619,0.238
105,226,6,5,57.25,2.81,2.499,0.222
105,226,6,6,56.0,19.77,2.441,0.22
105,226,6,7,56.25,41.56,2.55,0.2286
105,226,6,8,56.62,63.07,3.577,0.2374
105,226,6,9,55.0,81.2,3.824,0.2529
105,226,6,10,56.12,90.99,4.435,0.2722
105,226,6,11,60.5,95.07,4.809,0.2881
105,226,6,12,62.12,83.69,6.253,0.3002
105,226,6,13,61.75,80.99,7.954,0.3043
105,226,6,14,64.25,78.37,7.875,0.3085
105,226,6,15,64.25,59.14,8.202,0.3168
105,226,6,16,65.12,39.0,8.175,0.3134
105,226,6,17,64.5,18.35,8.14,0.3143
105,226,6,18,64.38,2.96,6.432,0.3103
105,226,6,19,64.0,0.0,6.164,0.3087
105,226,6,20,65.12,0.0,5.354,0.306
105,226,6,21,62.25,0.0,4.902,0.287
105,226,6,22,61.88,0.0,4.526,0.2778
105,226,6,23,60.38,0.0,3.896,0.2679
105,227,0,0,58.79,0.0,3.888,0.2534
105,227,0,1,59.58,0.0,3.423,0.2436
105,227,0,2,58.12,0.0,2.948,0.2409
105,227,0,3,59.75,0.0,2.567,0.2419
105,227,0,4,59.75,0.0,2.55,0.2414
105,227,0,5,58.12,2.55,2.644,0.2429
105,227,0,6,62.62,17.92,3.12,0.249
105,227,0,7,67.75,39.09,3.457,0.2582
105,227,0,8,72.88,59.87,4.046,0.267
105,227,0,9,86.38,81.5,4.6,0.2753
105,227,0,10,101.88,56.59,5.12,0.2781
105,227,0,11,116.5,98.73,6.173,0.281
105,227,0,12,120.75,97.18,7.327,0.2829
105,227,0,13,121.0,90.75,8.533,0.2911
105,227,0,14,121.75,79.17,8.999,0.2941
105,227,0,15,123.5,62.32,9.474,0.2946
105,227,0,16,121.75,40.18,8.933,0.3026
105,227,0,17,116.62,18.87,8.35,0.3081
105,227,0,18,102.0,2.87,6.774,0.311
105,227,0,19,83.38,0.0,5.811,0.3081
105,227,0,20,71.38,0.0,5.811,0.3055
105,227,0,21,65.25,0.0,4.918,0.3017
105,227,0,22,64.75,0.0,4.337,0.2946
105,227,0,23,58.0,0.0,3.476,0.2813
105,228,1,0,59.5,0.0,3.7,0.2741
105,228,1,1,54.46,0.0,3.3,0.2627
105,228,1,2,54.0,0.0,2.583,0.248
105,228,1,3,53.25,0.0,2.456,0.2426
105,228,1,4,49.38,0.0,2.433,0.24
105,228,1,5,53.25,2.15,2.493,0.2411
105,228,1,6,53.25,15.4,2.747,0.2498
105,228,1,7,67.12,33.37,3.3,0.2574
105,228,1,8,74.75,50.88,3.829,0.2674
105,228,1,9,86.38,61.51,4.06,0.2768
105,228,1,10,98.0,67.1,4.706,0.2873
105,228,1,11,111.62,59.9,5.46,0.2896
105,228,1,12,115.75,69.34,6.453,0.2923
105,228,1,13,117.62,56.78,8.129,0.2949
105,228,1,14,121.12,67.22,8.699,0.2941
105,228,1,15,127.38,54.0,9.238,0.2986
105,228,1,16,127.88,33.71,9.489,0.2973
105,228,1,17,123.0,16.12,8.4,0.2952
105,228,1,18,102.25,2.28,7.018,0.295
105,228,1,19,84.12,0.0,5.692,0.2917
105,228,1,20,71.88,0.0,5.514,0.295
105,228,1,21,69.12,0.0,4.729,0.287
105,228,1,22,68.38,0.0,4.276,0.2863
105,228,1,23,62.25,0.0,3.836,0.2768
105,229,2,0,60.88,0.0,4.042,0.2653
105,229,2,1,58.79,0.0,4.115,0.2447
105,229,2,2,53.88,0.0,3.058,0.233
105,229,2,3,56.25,0.0,2.9,0.2294
105,229,2,4,53.5,0.0,2.764,0.2283
105,229,2,5,54.75,2.18,2.908,0.2313
105,229,2,6,59.0,16.31,3.204,0.2418
105,229,2,7,71.62,35.94,3.843,0.2495
105,229,2,8,78.75,55.83,4.078,0.2575
105,229,2,9,85.25,77.12,4.12,0.2674
105,229,2,10,95.75,79.91,4.553,0.2733
105,229,2,11,107.62,105.08,4.75,0.2786
105,229,2,12,118.88,104.51,5.065,0.2802
105,229,2,13,118.12,96.81,5.61,0.2836
105,229,2,14,123.38,80.97,5.809,0.2816
105,229,2,15,133.25,62.43,6.148,0.2824
105,229,2,16,130.62,40.16,6.543,0.2894
105,229,2,17,127.88,18.34,5.8,0.2916
105,229,2,18,109.38,2.47,5.182,0.2939
105,229,2,19,93.38,0.0,4.75,0.2899
105,229,2,20,74.88,0.0,4.911,0.288
105,229,2,21,67.12,0.0,4.401,0.2876
105,229,2,22,68.0,0.0,3.878,0.2802
105,229,2,23,60.25,0.0,3.269,0.262
105,230,3,0,58.5,0.0,2.694,0.2398
105,230,3,1,57.46,0.0,2.492,0.2267
105,230,3,2,57.12,0.0,2.288,0.2216
105,230,3,3,56.0,0.0,2.139,0.2191
105,230,3,4,53.75,0.0,2.08,0.2175
105,230,3,5,55.5,1.19,2.253,0.2235
105,230,3,6,57.0,9.02,2.406,0.2323
105,230,3,7,68.25,19.94,2.852,0.2415
105,230,3,8,76.5,31.97,3.49,0.2492
105,230,3,9,82.88,46.36,3.524,0.2592
105,230,3,10,101.5,57.3,3.928,0.2626
105,230,3,11,115.0,66.35,4.518,0.2721
105,230,3,12,121.12,84.53,4.74,0.2756
105,230,3,13,123.5,87.47,5.01,0.2795
105,230,3,14,124.25,78.42,5.171,0.2796
105,230,3,15,125.12,62.45,5.3,0.2809
105,230,3,16,129.12,41.01,5.527,0.2807
105,230,3,17,123.75,19.82,5.325,0.282
105,230,3,18,108.12,2.72,4.914,0.2841
105,230,3,19,88.25,0.0,4.551,0.2834
105,230,3,20,77.88,0.0,4.641,0.2798
105,230,3,21,67.62,0.0,4.142,0.2787
105,230,3,22,65.25,0.0,3.79,0.2759
105,230,3,23,59.12,0.0,3.232,0.2671
105,231,4,0,55.21,0.0,4.082,0.2527
105,231,4,1,57.67,0.0,2.334,0.2354
105,231,4,2,55.5,0.0,2.068,0.2287
105,231,4,3,54.12,0.0,1.843,0.2282
105,231,4,4,53.62,0.0,1.814,0.2262
105,231,4,5,53.75,2.18,2.11,0.2278
105,231,4,6,56.25,18.88,2.423,0.2352
105,231,4,7,70.75,40.85,2.729,0.2402
105,231,4,8,74.38,63.71,3.18,0.2408
105,231,4,9,88.62,76.49,3.464,0.2555
105,231,4,10,98.75,85.78,4.13,0.2656
105,231,4,11,110.25,94.65,4.366,0.2753
105,231,4,12,113.12,86.95,4.635,0.2742
105,231,4,13,117.25,76.43,5.115,0.2803
105,231,4,14,123.88,74.88,5.641,0.2791
105,231,4,15,122.25,58.35,6.33,0.2849
105,231,4,16,121.0,38.72,6.041,0.2855
105,231,4,17,109.62,18.79,5.853,0.2869
105,231,4,18,96.12,2.49,5.111,0.2861
105,231,4,19,80.38,0.0,4.57,0.2834
105,231,4,20,75.12,0.0,4.551,0.2833
105,231,4,21,65.62,0.0,4.2,0.2794
105,231,4,22,58.62,0.0,3.8,0.267
105,231,4,23,55.38,0.0,3.491,0.2588
105,232,5,0,53.25,0.0,3.118,0.2402
105,232,5,1,52.04,0.0,2.7,0.2281
105,232,5,2,51.12,0.0,2.017,0.2171
105,232,5,3,53.25,0.0,1.803,0.2148
105,232,5,4,52.75,0.0,1.602,0.2132
105,232,5,5,51.62,2.2,1.523,0.2136
105,232,5,6,51.75,19.11,1.427,0.2142
105,232,5,7,52.5,41.11,1.744,0.2165
105,232,5,8,53.38,62.23,2.42,0.2258
105,232,5,9,55.75,79.45,2.835,0.2378
105,232,5,10,57.62,69.95,3.202,0.255
105,232,5,11,58.5,93.7,3.603,0.2699
105,232,5,12,60.25,91.56,3.672,0.2753
105,232,5,13,62.62,85.5,3.768,0.2748
105,232,5,14,63.62,73.69,3.88,0.2739
105,232,5,15,61.12,54.55,4.084,0.2764
105,232,5,16,63.75,35.93,4.16,0.2786
105,232,5,17,60.88,16.97,4.157,0.2824
105,232,5,18,60.25,2.15,3.989,0.2819
105,232,5,19,60.88,0.0,3.788,0.2723
105,232,5,20,61.88,0.0,3.744,0.2667
105,232,5,21,58.62,0.0,3.632,0.2548
105,232,5,22,58.88,0.0,3.386,0.2509
105,232,5,23,56.5,0.0,2.718,0.2362
105,233,6,0,52.62,0.0,2.538,0.2186
105,233,6,1,53.21,0.0,2.103,0.2019
105,233,6,2,53.25,0.0,1.768,0.1953
105,233,6,3,52.62,0.0,1.521,0.1905
105,233,6,4,53.12,0.0,1.408,0.1917
105,233,6,5,52.0,1.89,1.319,0.1942
105,233,6,6,53.0,15.97,1.156,0.1944
105,233,6,7,52.25,34.27,1.707,0.198
105,233,6,8,52.38,53.05,2.057,0.2141
105,233,6,9,53.5,70.96,2.512,0.221
105,233,6,10,57.38,73.21,2.704,0.2227
105,233,6,11,60.62,84.79,2.809,0.2317
105,233,6,12,62.0,82.33,2.895,0.2409
105,233,6,13,62.0,57.24,3.184,0.2444
105,233,6,14,65.12,19.52,3.524,0.2461
105,233,6,15,62.12,13.84,3.717,0.2507
105,233,6,16,65.5,8.41,3.766,0.2515
105,233,6,17,61.25,4.49,3.764,0.2479
105,233,6,18,63.38,0.77,3.455,0.2517
105,233,6,19,60.88,0.0,3.333,0.2521
105,233,6,20,57.62,0.0,3.379,0.2533
105,233,6,21,56.0,0.0,3.103,0.2449
105,233,6,22,56.12,0.0,2.86,0.2462
105,233,6,23,54.38,0.0,2.627,0.2408
105,234,0,0,53.21,0.0,2.032,0.2243
105,234,0,1,51.67,0.0,1.652,0.2152
105,234,0,2,50.75,0.0,1.421,0.2097
105,234,0,3,52.38,0.0,1.378,0.2056
105,234,0,4,51.75,0.0,1.295,0.2013
105,234,0,5,50.88,1.98,1.431,0.2074
105,234,0,6,55.75,18.79,1.837,0.2138
105,234,0,7,70.12,43.15,2.159,0.2186
105,234,0,8,75.25,66.25,2.505,0.2262
105,234,0,9,87.88,85.19,2.585,0.2291
105,234,0,10,106.5,52.08,2.744,0.2351
105,234,0,11,115.38,103.33,2.856,0.2404
105,234,0,12,119.5,102.37,2.98,0.2446
105,234,0,13,122.5,97.46,3.134,0.2452
105,234,0,14,126.5,86.78,3.12,0.2461
105,234,0,15,134.0,67.87,3.408,0.2496
105,234,0,16,136.0,45.18,3.385,0.2519
105,234,0,17,130.0,21.34,3.428,0.2526
105,234,0,18,110.88,2.45,2.98,0.2498
105,234,0,19,94.0,0.0,2.93,0.2434
105,234,0,20,84.62,0.0,2.902,0.2404
105,234,0,21,73.75,0.0,2.644,0.2354
105,234,0,22,64.75,0.0,2.331,0.2309
105,234,0,23,61.75,0.0,1.924,0.2209
105,235,1,0,59.2,0.0,1.808,0.2078
105,235,1,1,54.92,0.0,1.526,0.2013
105,235,1,2,55.75,0.0,1.291,0.2031
105,235,1,3,55.75,0.0,1.138,0.2019
105,235,1,4,52.25,0.0,1.11,0.2068
105,235,1,5,51.62,2.2,1.198,0.2037
105,235,1,6,56.62,20.64,1.767,0.2113
105,235,1,7,65.75,44.41,2.091,0.2164
105,235,1,8,76.62,66.97,2.28,0.2296
105,235,1,9,92.62,85.8,2.542,0.2301
105,235,1,10,108.0,99.19,2.754,0.2304
105,235,1,11,122.25,106.97,2.944,0.2296
105,235,1,12,105.88,106.53,3.068,0.2355
105,235,1,13,157.79,98.89,3.279,0.2459
105,235,1,14,138.75,85.95,3.381,0.2474
105,235,1,15,140.56,66.97,3.627,0.2497
105,235,1,16,143.51,44.35,3.695,0.2535
105,235,1,17,138.7,20.6,3.703,0.254
105,235,1,18,119.44,2.2,3.23,0.252
105,235,1,19,102.21,0.0,3.103,0.2474
105,235,1,20,95.77,0.0,3.086,0.244
105,235,1,21,81.24,0.0,2.813,0.2362
105,235,1,22,75.81,0.0,2.501,0.2242
105,235,1,23,70.14,0.0,2.107,0.2102
105,236,2,0,62.71,0.0,2.052,0.1953
105,236,2,1,63.75,0.0,1.734,0.1871
105,236,2,2,60.05,0.0,1.381,0.1821
105,236,2,3,58.63,0.0,1.275,0.182
105,236,2,4,56.05,0.0,1.206,0.1852
105,236,2,5,53.75,1.96,1.471,0.1834
105,236,2,6,60.57,19.45,2.058,0.1981
105,236,2,7,70.91,42.78,2.238,0.2133
105,236,2,8,77.49,65.2,2.449,0.2275
105,236,2,9,89.56,83.87,2.635,0.2385
105,236,2,10,108.57,98.15,2.826,0.2463
105,236,2,11,124.26,104.46,3.003,0.2474
105,236,2,12,135.83,102.14,3.136,0.2496
105,236,2,13,138.42,96.29,3.418,0.255
105,236,2,14,143.99,83.17,3.828,0.2608
105,236,2,15,153.3,64.38,4.076,0.2576
105,236,2,16,152.36,42.01,4.463,0.2606
105,236,2,17,149.74,18.87,4.214,0.2662
105,236,2,18,131.88,1.83,3.679,0.2651
105,236,2,19,109.1,0.0,3.587,0.2627
105,236,2,20,89.28,0.0,3.597,0.2573
105,236,2,21,70.9,0.0,2.957,0.2476
105,236,2,22,68.87,0.0,2.621,0.2369
105,236,2,23,64.64,0.0,2.331,0.225
105,237,3,0,66.71,0.0,2.115,0.2072
105,237,3,1,60.26,0.0,1.951,0.1923
105,237,3,2,54.05,0.0,1.586,0.1882
105,237,3,3,57.32,0.0,1.391,0.1859
105,237,3,4,52.23,0.0,1.375,0.1867
105,237,3,5,54.88,1.52,1.756,0.1997
105,237,3,6,58.74,14.6,2.12,0.2131
105,237,3,7,73.45,32.56,2.433,0.2222
105,237,3,8,81.58,51.65,2.652,0.2326
105,237,3,9,95.18,71.13,2.653,0.2411
105,237,3,10,114.09,86.06,2.935,0.251
105,237,3,11,129.65,90.73,3.011,0.2603
105,237,3,12,136.62,78.58,3.196,0.265
105,237,3,13,138.72,63.44,3.75,0.2702
105,237,3,14,145.99,30.08,3.794,0.2689
105,237,3,15,155.12,21.3,4.185,0.2698
105,237,3,16,150.68,17.11,4.531,0.273
105,237,3,17,147.76,8.17,4.339,0.2765
105,237,3,18,128.24,0.99,3.675,0.2751
105,237,3,19,112.7,0.0,3.479,0.2734
105,237,3,20,89.18,0.0,3.535,0.2704
105,237,3,21,81.04,0.0,3.031,0.2658
105,237,3,22,77.77,0.0,2.845,0.2603
105,237,3,23,73.09,0.0,2.539,0.2513
105,238,4,0,64.53,0.0,2.566,0.2338
105,238,4,1,69.66,0.0,2.267,0.225
105,238,4,2,66.29,0.0,2.049,0.2226
105,238,4,3,64.43,0.0,2.022,0.2192
105,238,4,4,64.84,0.0,2.015,0.2183
105,238,4,5,59.29,1.22,2.161,0.2209
105,238,4,6,64.75,14.98,2.436,0.2351
105,238,4,7,75.13,36.36,2.828,0.2432
105,238,4,8,79.98,59.5,2.969,0.2572
105,238,4,9,91.85,74.59,3.166,0.2716
105,238,4,10,106.78,88.01,3.669,0.2825
105,238,4,11,126.65,87.48,3.925,0.2871
105,238,4,12,131.24,88.51,4.64,0.2912
105,238,4,13,135.75,86.14,5.348,0.2956
105,238,4,14,133.68,75.41,6.111,0.2972
105,238,4,15,142.33,60.04,6.711,0.2999
105,238,4,16,128.72,38.43,7.08,0.3
105,238,4,17,114.35,16.51,6.388,0.301
105,238,4,18,97.22,1.39,4.911,0.301
105,238,4,19,83.55,0.0,4.39,0.2933
105,238,4,20,81.24,0.0,4.332,0.2897
105,238,4,21,67.79,0.0,3.906,0.2882
105,238,4,22,66.21,0.0,3.115,0.2718
105,238,4,23,63.56,0.0,2.869,0.2534
105,239,5,0,58.65,0.0,3.05,0.2498
105,239,5,1,57.89,0.0,2.528,0.2378
105,239,5,2,56.66,0.0,2.356,0.2258
105,239,5,3,57.96,0.0,2.152,0.2255
105,239,5,4,56.69,0.0,2.061,0.2196
105,239,5,5,55.13,1.47,1.868,0.2194
105,239,5,6,59.17,17.23,1.794,0.2233
105,239,5,7,57.29,39.91,2.06,0.2232
105,239,5,8,57.53,62.26,2.544,0.228
105,239,5,9,59.18,81.19,3.004,0.24
105,239,5,10,56.19,94.49,3.228,0.2529
105,239,5,11,63.55,86.42,3.519,0.2645
105,239,5,12,65.97,96.59,3.711,0.2719
105,239,5,13,64.06,85.67,3.934,0.2778
105,239,5,14,65.53,72.68,4.061,0.2768
105,239,5,15,66.74,53.59,4.51,0.2855
105,239,5,16,64.41,33.0,4.624,0.2863
105,239,5,17,65.6,13.56,4.624,0.2895
105,239,5,18,63.06,1.19,3.953,0.2877
105,239,5,19,64.97,0.0,3.59,0.2819
105,239,5,20,59.99,0.0,3.623,0.277
105,239,5,21,60.27,0.0,3.385,0.271
105,239,5,22,57.32,0.0,3.019,0.2557
105,239,5,23,59.03,0.0,2.875,0.2412
105,240,6,0,57.84,0.0,2.594,0.2252
105,240,6,1,60.14,0.0,2.319,0.2139
105,240,6,2,59.36,0.0,2.129,0.2113
105,240,6,3,57.71,0.0,2.057,0.2057
105,240,6,4,57.92,0.0,1.955,0.2054
105,240,6,5,55.41,1.3,1.919,0.2028
105,240,6,6,57.87,16.19,1.555,0.2003
105,240,6,7,55.1,38.09,1.678,0.205
105,240,6,8,55.93,60.49,2.15,0.2147
105,240,6,9,57.52,79.38,2.644,0.2196
105,240,6,10,56.38,92.02,2.973,0.2282
105,240,6,11,59.86,100.18,3.137,0.2338
105,240,6,12,59.5,98.52,3.33,0.2377
105,240,6,13,63.13,89.22,3.569,0.2462
105,240,6,14,61.05,78.55,3.765,0.2519
105,240,6,15,63.53,60.49,4.131,0.2557
105,240,6,16,58.64,38.29,4.556,0.2584
105,240,6,17,62.15,15.89,4.388,0.2605
105,240,6,18,56.98,1.13,3.916,0.2631
105,240,6,19,60.08,0.0,3.522,0.2623
105,240,6,20,56.9,0.0,3.549,0.2594
105,240,6,21,55.34,0.0,3.231,0.2596
105,240,6,22,53.51,0.0,2.996,0.2537
105,240,6,23,57.86,0.0,2.802,0.249
105,241,0,0,55.11,0.0,2.497,0.2293
105,241,0,1,57.3,0.0,2.248,0.2162
105,241,0,2,55.16,0.0,2.157,0.2228
105,241,0,3,54.2,0.0,2.057,0.2149
105,241,0,4,54.51,0.0,2.059,0.2121
105,241,0,5,51.73,1.15,2.24,0.216
105,241,0,6,53.41,14.83,2.466,0.237
105,241,0,7,51.98,35.69,2.762,0.2395
105,241,0,8,50.53,58.37,3.082,0.2546
105,241,0,9,59.63,78.49,3.25,0.2604
105,241,0,10,61.73,90.51,3.509,0.2712
105,241,0,11,67.95,99.09,3.764,0.2769
105,241,0,12,68.0,94.88,4.135,0.2812
105,241,0,13,69.21,92.44,4.952,0.2832
105,241,0,14,68.29,79.73,5.817,0.2841
105,241,0,15,68.54,62.61,6.534,0.2901
105,241,0,16,69.58,40.42,7.002,0.2917
105,241,0,17,69.57,17.23,5.823,0.2937
105,241,0,18,65.29,1.18,4.825,0.2946
105,241,0,19,61.5,0.0,4.137,0.2907
105,241,0,20,58.69,0.0,4.082,0.289
105,241,0,21,56.19,0.0,3.456,0.2853
105,241,0,22,53.92,0.0,3.04,0.2567
105,241,0,23,54.51,0.0,3.162,0.2428
105,242,1,0,54.28,0.0,2.508,0.2308
105,242,1,1,54.12,0.0,2.171,0.2217
105,242,1,2,52.48,0.0,2.009,0.2174
105,242,1,3,49.26,0.0,1.813,0.213
105,242,1,4,51.77,0.0,1.809,0.2129
105,242,1,5,49.28,1.38,1.983,0.2132
105,242,1,6,52.15,17.19,2.267,0.2235
105,242,1,7,65.07,39.02,2.452,0.2294
105,242,1,8,75.4,60.19,2.805,0.2373
105,242,1,9,85.27,79.82,3.015,0.2412
105,242,1,10,101.61,90.71,3.304,0.251
105,242,1,11,114.83,94.69,3.758,0.2614
105,242,1,12,120.4,95.75,4.008,0.2681
105,242,1,13,122.46,82.74,4.453,0.27
105,242,1,14,119.86,77.41,4.76,0.2717
105,242,1,15,134.34,58.5,5.125,0.2731
105,242,1,16,136.13,36.08,5.339,0.2721
105,242,1,17,127.07,14.08,5.108,0.2759
105,242,1,18,103.66,0.83,4.281,0.2771
105,242,1,19,82.82,0.0,3.908,0.2756
105,242,1,20,68.22,0.0,3.865,0.2716
105,242,1,21,62.92,0.0,3.489,0.2614
105,242,1,22,59.06,0.0,3.108,0.243
105,242,1,23,57.1,0.0,2.745,0.2351
105,243,2,0,55.24,0.0,2.211,0.2316
105,243,2,1,54.89,0.0,1.825,0.2206
105,243,2,2,54.63,0.0,1.637,0.2171
105,243,2,3,52.4,0.0,1.578,0.2154
105,243,2,4,51.54,0.0,1.602,0.2152
105,243,2,5,49.09,0.93,1.932,0.2183
105,243,2,6,58.34,13.12,2.225,0.2196
105,243,2,7,64.54,31.14,2.365,0.2259
105,243,2,8,70.63,51.28,2.706,0.2349
105,243,2,9,87.66,71.97,2.893,0.2437
105,243,2,10,101.64,79.02,3.246,0.2482
105,243,2,11,110.62,78.6,3.663,0.2564
105,243,2,12,116.7,81.89,3.955,0.2621
105,243,2,13,118.92,69.65,4.397,0.2684
105,243,2,14,121.05,61.64,4.738,0.2722
105,243,2,15,122.88,41.96,4.96,0.2728
105,243,2,16,120.57,24.69,5.21,0.272
105,243,2,17,117.1,9.9,4.843,0.2707
105,243,2,18,98.95,0.59,4.146,0.2684
105,243,2,19,86.32,0.0,3.885,0.2679
105,243,2,20,78.06,0.0,3.815,0.2696
105,243,2,21,70.46,0.0,3.567,0.2653
105,243,2,22,69.67,0.0,3.347,0.2475
105,243,2,23,64.74,0.0,2.664,0.2358
105,244,3,0,56.8,0.0,2.297,0.2251
105,244,3,1,54.11,0.0,2.022,0.209
105,244,3,2,52.18,0.0,1.779,0.2052
105,244,3,3,52.84,0.0,1.611,0.2024
105,244,3,4,50.12,0.0,1.71,0.2029
105,244,3,5,51.26,0.28,1.999,0.2072
105,244,3,6,55.28,4.48,2.202,0.2122
105,244,3,7,66.36,10.66,2.292,0.2186
105,244,3,8,74.0,17.5,2.505,0.2271
105,244,3,9,84.84,33.95,2.86,0.2364
105,244,3,10,101.94,46.27,2.93,0.2447
105,244,3,11,112.16,57.59,3.027,0.246
105,244,3,12,114.93,50.15,3.137,0.2447
105,244,3,13,115.06,42.38,3.342,0.2453
105,244,3,14,117.62,37.97,3.617,0.2433
105,244,3,15,120.12,25.3,3.699,0.2453
105,244,3,16,121.15,15.86,3.795,0.2462
105,244,3,17,115.11,6.41,3.586,0.2456
105,244,3,18,99.84,0.49,3.449,0.2444
105,244,3,19,87.24,0.0,3.077,0.244
105,244,3,20,72.62,0.0,3.067,0.2422
105,244,3,21,65.48,0.0,2.838,0.2326
105,244,3,22,61.16,0.0,2.481,0.2208
105,244,3,23,59.97,0.0,2.234,0.2105
105,245,4,0,55.5,0.0,1.993,0.1954
105,245,4,1,56.95,0.0,1.623,0.1835
105,245,4,2,56.18,0.0,1.502,0.1756
105,245,4,3,51.92,0.0,1.422,0.1761
105,245,4,4,52.45,0.0,1.372,0.1765
105,245,4,5,53.02,1.05,1.551,0.1777
105,245,4,6,58.34,15.73,1.956,0.186
105,245,4,7,67.07,37.95,2.098,0.1931
105,245,4,8,72.34,60.37,2.133,0.2089
105,245,4,9,88.01,79.51,2.383,0.2162
105,245,4,10,103.08,94.81,2.496,0.2249
105,245,4,11,111.82,97.14,2.659,0.2345
105,245,4,12,115.31,97.48,2.767,0.2384
105,245,4,13,121.38,78.51,3.085,0.238
105,245,4,14,121.28,60.53,3.109,0.24
105,245,4,15,121.71,45.73,3.391,0.2385
105,245,4,16,121.48,26.26,3.297,0.2384
105,245,4,17,111.18,9.67,2.913,0.2387
105,245,4,18,96.81,0.49,2.775,0.2353
105,245,4,19,85.07,0.0,2.687,0.2288
105,245,4,20,77.01,0.0,2.667,0.2287
105,245,4,21,62.58,0.0,2.332,0.2205
105,245,4,22,64.17,0.0,2.074,0.2067
105,245,4,23,57.7,0.0,1.829,0.2002
105,246,5,0,55.27,0.0,2.109,0.1921
105,246,5,1,53.92,0.0,1.92,0.1837
105,246,5,2,51.27,0.0,1.531,0.1775
105,246,5,3,50.25,0.0,1.506,0.1843
105,246,5,4,49.17,0.0,1.444,0.1753
105,246,5,5,49.6,0.53,1.465,0.1743
105,246,5,6,48.58,7.6,1.345,0.1764
105,246,5,7,49.2,17.7,1.395,0.1794
105,246,5,8,49.46,32.09,1.712,0.189
105,246,5,9,50.44,42.83,2.195,0.192
105,246,5,10,51.15,49.49,2.234,0.2048
105,246,5,11,52.46,42.51,2.28,0.2048
105,246,5,12,59.49,42.77,2.27,0.2017
105,246,5,13,62.33,64.08,2.604,0.2004
105,246,5,14,63.46,60.5,2.64,0.1979
105,246,5,15,60.72,46.54,2.564,0.1986
105,246,5,16,64.49,28.84,2.604,0.2022
105,246,5,17,61.37,11.08,2.604,0.2026
105,246,5,18,62.01,0.51,2.52,0.205
105,246,5,19,65.33,0.0,2.538,0.204
105,246,5,20,63.29,0.0,2.52,0.2063
105,246,5,21,57.35,0.0,2.282,0.2029
105,246,5,22,59.56,0.0,2.016,0.1897
105,246,5,23,56.79,0.0,1.772,0.188
105,247,6,0,55.98,0.0,1.515,0.1881
105,247,6,1,57.6,0.0,1.317,0.1732
105,247,6,2,53.95,0.0,1.295,0.162
105,247,6,3,54.56,0.0,1.256,0.1598
105,247,6,4,53.25,0.0,1.128,0.1584
105,247,6,5,51.0,0.8,1.062,0.1615
105,247,6,6,51.0,13.4,1.003,0.1606
105,247,6,7,50.6,34.1,1.105,0.1607
105,247,6,8,50.29,56.5,1.418,0.1681
105,247,6,9,51.01,77.1,1.625,0.1777
105,247,6,10,51.21,90.43,1.663,0.1813
105,247,6,11,55.04,97.62,1.815,0.1858
105,247,6,12,57.48,96.6,1.991,0.1915
105,247,6,13,60.63,90.36,2.126,0.1942
105,247,6,14,59.67,75.0,2.179,0.1955
105,247,6,15,58.94,56.52,2.326,0.1953
105,247,6,16,60.83,34.01,2.355,0.202
105,247,6,17,58.62,12.05,2.432,0.2085
105,247,6,18,63.02,0.43,2.379,0.2117
105,247,6,19,62.23,0.0,2.478,0.2096
105,247,6,20,59.93,0.0,2.425,0.2192
105,247,6,21,56.65,0.0,2.163,0.2149
105,247,6,22,55.0,0.0,1.757,0.2077
105,247,6,23,53.52,0.0,1.443,0.2033
105,248,0,0,55.46,0.0,1.514,0.1819
105,248,0,1,53.97,0.0,1.384,0.1662
105,248,0,2,52.17,0.0,1.267,0.1622
105,248,0,3,52.61,0.0,1.199,0.1624
105,248,0,4,51.87,0.0,1.094,0.162
105,248,0,5,52.4,0.57,1.044,0.1619
105,248,0,6,56.57,9.22,1.063,0.1619
105,248,0,7,68.79,24.13,1.25,0.1606
105,248,0,8,74.2,40.37,1.435,0.1695
105,248,0,9,84.99,49.11,1.589,0.1817
105,248,0,10,100.07,50.93,1.888,0.1987
105,248,0,11,113.76,61.23,2.099,0.2048
105,248,0,12,117.01,73.3,2.154,0.2085
105,248,0,13,118.03,75.89,2.353,0.2037
105,248,0,14,119.4,66.06,2.446,0.2067
105,248,0,15,119.16,49.71,2.535,0.2119
105,248,0,16,119.66,29.58,2.664,0.2246
105,248,0,17,116.52,10.73,2.677,0.2279
105,248,0,18,98.09,0.0,2.595,0.2307
105,248,0,19,87.7,0.0,2.782,0.2293
105,248,0,20,72.41,0.0,2.886,0.2305
105,248,0,21,63.85,0.0,2.438,0.2218
105,248,0,22,61.64,0.0,2.33,0.2105
105,248,0,23,58.22,0.0,2.137,0.1976
105,249,1,0,55.66,0.0,1.655,0.1922
105,249,1,1,56.31,0.0,1.408,0.1794
105,249,1,2,53.48,0.0,1.335,0.18
105,249,1,3,52.3,0.0,1.213,0.1799
105,249,1,4,49.8,0.0,1.235,0.1797
105,249,1,5,52.4,0.67,1.409,0.1885
105,249,1,6,55.85,12.29,2.045,0.2257
105,249,1,7,70.29,28.12,2.195,0.2326
105,249,1,8,75.73,46.16,2.462,0.2398
105,249,1,9,94.89,63.03,2.567,0.2373
105,249,1,10,112.51,76.59,2.923,0.2403
105,249,1,11,123.46,71.04,3.225,0.2449
105,249,1,12,129.67,48.4,3.676,0.2448
105,249,1,13,130.04,39.74,3.922,0.247
105,249,1,14,128.52,25.38,4.145,0.2489
105,249,1,15,128.57,15.13,4.598,0.2499
105,249,1,16,126.99,9.18,5.048,0.2488
105,249,1,17,121.89,3.11,4.7,0.2525
105,249,1,18,100.64,0.0,3.99,0.2539
105,249,1,19,88.3,0.0,3.893,0.2523
105,249,1,20,73.52,0.0,3.761,0.2515
105,249,1,21,63.81,0.0,3.257,0.2489
105,249,1,22,62.01,0.0,2.756,0.2341
105,249,1,23,57.12,0.0,2.412,0.2161
105,250,2,0,55.2,0.0,2.39,0.2118
105,250,2,1,54.32,0.0,1.919,0.2046
105,250,2,2,53.03,0.0,1.773,0.2036
105,250,2,3,51.65,0.0,1.699,0.1992
105,250,2,4,49.1,0.0,1.735,0.1994
105,250,2,5,51.65,0.43,1.957,0.2091
105,250,2,6,55.51,9.38,2.48,0.2183
105,250,2,7,71.02,24.99,2.598,0.2297
105,250,2,8,73.81,41.17,2.775,0.2399
105,250,2,9,90.27,64.5,3.0,0.265
105,250,2,10,107.67,68.47,3.576,0.2719
105,250,2,11,125.12,66.95,3.787,0.2805
105,250,2,12,130.53,78.88,3.953,0.2814
105,250,2,13,128.01,74.16,4.561,0.2793
105,250,2,14,133.2,68.91,5.259,0.2796
105,250,2,15,131.13,51.13,5.703,0.2773
105,250,2,16,132.88,29.66,5.868,0.2768
105,250,2,17,132.45,10.13,5.497,0.2801
105,250,2,18,101.11,0.0,4.441,0.282
105,250,2,19,88.73,0.0,4.145,0.2849
105,250,2,20,74.53,0.0,4.046,0.2849
105,250,2,21,61.78,0.0,3.365,0.2822
105,250,2,22,59.77,0.0,2.918,0.2629
105,250,2,23,56.86,0.0,2.617,0.256
105,251,3,0,54.04,0.0,2.956,0.2394
105,251,3,1,54.93,0.0,2.567,0.2207
105,251,3,2,51.38,0.0,2.36,0.2117
105,251,3,3,53.8,0.0,2.171,0.2087
105,251,3,4,50.42,0.0,2.169,0.208
105,251,3,5,51.03,0.48,2.484,0.2111
105,251,3,6,57.23,11.33,2.997,0.2265
105,251,3,7,66.26,31.65,3.148,0.2453
105,251,3,8,74.73,53.69,3.316,0.2613
105,251,3,9,89.96,72.55,3.479,0.266
105,251,3,10,110.83,86.14,4.113,0.2689
105,251,3,11,120.39,89.26,4.357,0.2768
105,251,3,12,122.54,86.47,4.911,0.2803
105,251,3,13,130.57,78.79,5.51,0.2832
105,251,3,14,128.59,62.71,6.597,0.2849
105,251,3,15,135.94,43.94,7.793,0.289
105,251,3,16,136.56,24.71,7.982,0.291
105,251,3,17,118.17,8.13,6.686,0.2888
105,251,3,18,102.08,0.0,5.455,0.2888
105,251,3,19,89.81,0.0,5.129,0.2844
105,251,3,20,74.4,0.0,4.928,0.2812
105,251,3,21,67.2,0.0,4.474,0.2806
105,251,3,22,61.63,0.0,3.36,0.2732
105,251,3,23,55.94,0.0,3.5,0.2652
105,252,4,0,55.67,0.0,2.998,0.2525
105,252,4,1,52.86,0.0,2.832,0.2366
105,252,4,2,51.32,0.0,2.67,0.2332
105,252,4,3,50.63,0.0,2.584,0.2274
105,252,4,4,49.29,0.0,2.514,0.2276
105,252,4,5,52.49,0.29,2.727,0.2394
105,252,4,6,56.14,8.21,3.081,0.2557
105,252,4,7,66.72,22.55,3.233,0.2718
105,252,4,8,74.67,41.3,3.534,0.2712
105,252,4,9,93.02,57.02,4.008,0.283
105,252,4,10,112.35,66.31,4.38,0.2968
105,252,4,11,118.3,60.52,4.853,0.3038
105,252,4,12,124.6,51.67,5.65,0.3161
105,252,4,13,126.46,60.84,6.413,0.3167
105,252,4,14,126.09,55.08,7.66,0.3174
105,252,4,15,126.94,40.26,8.445,0.3163
105,252,4,16,127.31,20.29,8.902,0.317
105,252,4,17,117.57,6.05,7.411,0.3166
105,252,4,18,104.36,0.0,5.724,0.313
105,252,4,19,86.75,0.0,5.265,0.3071
105,252,4,20,76.32,0.0,5.211,0.3012
105,252,4,21,68.02,0.0,4.563,0.2931
105,252,4,22,62.96,0.0,3.656,0.2882
105,252,4,23,59.18,0.0,3.196,0.286
105,253,5,0,56.62,0.0,3.53,0.2745
105,253,5,1,57.84,0.0,2.801,0.2576
105,253,5,2,51.33,0.0,2.582,0.2414
105,253,5,3,54.16,0.0,2.352,0.2342
105,253,5,4,52.98,0.0,2.223,0.23
105,253,5,5,51.71,0.37,2.194,0.2292
105,253,5,6,55.24,8.18,2.145,0.2358
105,253,5,7,56.41,22.6,2.507,0.2355
105,253,5,8,63.46,38.94,3.22,0.2479
105,253,5,9,64.8,63.26,3.683,0.2544
105,253,5,10,64.65,73.91,3.807,0.2675
105,253,5,11,70.37,84.61,3.934,0.2789
105,253,5,12,75.79,68.77,4.21,0.2858
105,253,5,13,82.7,58.53,4.915,0.283
105,253,5,14,83.94,46.6,5.552,0.2797
105,253,5,15,83.49,32.44,5.981,0.2729
105,253,5,16,81.38,18.17,6.9,0.2685
105,253,5,17,71.96,5.97,5.46,0.2694
105,253,5,18,64.7,0.0,4.523,0.2657
105,253,5,19,63.54,0.0,4.616,0.2668
105,253,5,20,62.02,0.0,4.21,0.2626
105,253,5,21,61.44,0.0,4.098,0.2664
105,253,5,22,57.52,0.0,3.734,0.2555
105,253,5,23,55.67,0.0,3.269,0.257
105,254,6,0,55.02,0.0,2.842,0.2516
105,254,6,1,54.35,0.0,2.772,0.2374
105,254,6,2,52.1,0.0,2.654,0.2118
105,254,6,3,52.27,0.0,2.41,0.2059
105,254,6,4,50.8,0.0,2.238,0.2107
105,254,6,5,50.95,0.3,2.208,0.2111
105,254,6,6,51.06,8.15,2.15,0.2132
105,254,6,7,50.2,24.53,2.185,0.209
105,254,6,8,51.94,45.18,2.424,0.2093
105,254,6,9,51.33,62.63,2.671,0.2142
105,254,6,10,52.94,67.55,2.811,0.2248
105,254,6,11,56.0,81.21,2.957,0.2319
105,254,6,12,55.95,84.29,3.081,0.2351
105,254,6,13,57.25,83.73,3.26,0.2384
105,254,6,14,59.87,70.11,3.412,0.2352
105,254,6,15,61.16,51.04,3.646,0.2383
105,254,6,16,60.76,29.54,3.684,0.2386
105,254,6,17,57.8,8.68,3.447,0.2428
105,254,6,18,59.37,0.0,3.118,0.2426
105,254,6,19,59.37,0.0,3.191,0.2424
105,254,6,20,58.58,0.0,3.052,0.2432
105,254,6,21,57.09,0.0,2.891,0.2431
105,254,6,22,55.54,0.0,2.722,0.2214
105,254,6,23,54.22,0.0,2.296,0.2122
105,255,0,0,54.37,0.0,2.107,0.2005
105,255,0,1,54.81,0.0,1.837,0.1923
105,255,0,2,54.4,0.0,1.704,0.1917
105,255,0,3,53.99,0.0,1.55,0.1895
105,255,0,4,52.41,0.0,1.568,0.1867
105,255,0,5,53.32,0.5,1.98,0.1918
105,255,0,6,60.41,14.32,2.187,0.2031
105,255,0,7,74.29,37.68,2.332,0.2124
105,255,0,8,77.83,60.25,2.451,0.2171
105,255,0,9,86.53,79.61,2.704,0.2232
105,255,0,10,99.14,90.65,2.908,0.2239
105,255,0,11,112.92,95.24,3.015,0.2307
105,255,0,12,116.79,96.28,3.186,0.2352
105,255,0,13,116.65,88.98,3.41,0.2358
105,255,0,14,125.86,75.73,3.693,0.2386
105,255,0,15,119.87,55.52,3.8,0.2419
105,255,0,16,119.19,32.31,3.843,0.2456
105,255,0,17,119.54,9.62,3.628,0.2453
105,255,0,18,104.86,0.0,3.139,0.2433
105,255,0,19,82.92,0.0,3.337,0.2441
105,255,0,20,69.31,0.0,3.082,0.2397
105,255,0,21,59.91,0.0,2.786,0.2322
105,255,0,22,57.16,0.0,2.327,0.2136
105,255,0,23,54.42,0.0,2.079,0.2035
105,256,1,0,55.44,0.0,2.005,0.1778
105,256,1,1,53.03,0.0,1.72,0.1738
105,256,1,2,51.64,0.0,1.616,0.1733
105,256,1,3,53.45,0.0,1.475,0.1707
105,256,1,4,48.81,0.0,1.523,0.174
105,256,1,5,50.37,0.0,1.913,0.1808
105,256,1,6,55.72,13.55,2.301,0.1939
105,256,1,7,70.69,35.14,2.268,0.2095
105,256,1,8,75.23,57.7,2.487,0.215
105,256,1,9,88.52,75.21,2.664,0.2221
105,256,1,10,103.82,88.08,2.902,0.231
105,256,1,11,113.32,89.41,3.192,0.2345
105,256,1,12,118.11,86.84,3.59,0.2394
105,256,1,13,124.27,77.51,3.926,0.2404
105,256,1,14,125.59,67.07,4.092,0.2407
105,256,1,15,128.76,48.02,4.276,0.2443
105,256,1,16,129.33,26.85,4.688,0.2474
105,256,1,17,120.8,7.33,4.313,0.2497
105,256,1,18,100.66,0.0,3.736,0.2511
105,256,1,19,87.57,0.0,3.886,0.2495
105,256,1,20,75.41,0.0,3.671,0.2462
105,256,1,21,61.61,0.0,3.329,0.2341
105,256,1,22,62.34,0.0,2.936,0.2243
105,256,1,23,58.44,0.0,2.144,0.2126
105,257,2,0,56.71,0.0,2.031,0.1954
105,257,2,1,55.0,0.0,1.701,0.1826
105,257,2,2,53.8,0.0,1.574,0.1799
105,257,2,3,53.74,0.0,1.449,0.1794
105,257,2,4,52.65,0.0,1.481,0.1811
105,257,2,5,53.94,0.0,1.808,0.1883
105,257,2,6,57.31,12.97,2.429,0.2068
105,257,2,7,73.82,34.39,2.497,0.2161
105,257,2,8,75.2,56.55,2.597,0.2157
105,257,2,9,90.18,75.16,3.044,0.2239
105,257,2,10,107.17,88.48,3.606,0.2324
105,257,2,11,116.01,94.93,3.745,0.2432
105,257,2,12,124.53,94.04,4.5,0.25
105,257,2,13,129.74,84.99,4.701,0.254
105,257,2,14,126.22,67.21,5.318,0.257
105,257,2,15,128.7,44.71,5.813,0.2643
105,257,2,16,124.06,23.31,6.048,0.2722
105,257,2,17,118.54,5.23,5.245,0.2747
105,257,2,18,98.33,0.0,4.233,0.2644
105,257,2,19,86.7,0.0,4.297,0.2599
105,257,2,20,81.33,0.0,4.0,0.2538
105,257,2,21,65.45,0.0,3.375,0.2491
105,257,2,22,60.49,0.0,3.096,0.2323
105,257,2,23,59.36,0.0,2.609,0.2133
105,258,3,0,55.5,0.0,1.919,0.2036
105,258,3,1,56.94,0.0,1.643,0.1897
105,258,3,2,53.33,0.0,1.577,0.1872
105,258,3,3,53.88,0.0,1.363,0.1894
105,258,3,4,56.47,0.0,1.395,0.1961
105,258,3,5,53.79,0.0,1.692,0.201
105,258,3,6,61.79,13.24,2.185,0.2057
105,258,3,7,69.69,35.6,2.215,0.2136
105,258,3,8,77.29,58.53,2.319,0.2189
105,258,3,9,89.42,76.83,2.555,0.2241
105,258,3,10,106.58,90.73,2.7,0.2292
105,258,3,11,116.67,98.07,2.867,0.2302
105,258,3,12,121.41,97.39,2.892,0.2327
105,258,3,13,121.78,89.36,2.959,0.2376
105,258,3,14,124.45,73.13,3.06,0.2383
105,258,3,15,123.61,52.61,3.145,0.2402
105,258,3,16,129.6,28.77,3.204,0.2433
105,258,3,17,124.18,7.38,3.061,0.2459
105,258,3,18,104.42,0.0,2.865,0.2435
105,258,3,19,87.55,0.0,2.975,0.2411
105,258,3,20,72.36,0.0,2.791,0.2377
105,258,3,21,64.04,0.0,2.326,0.2334
105,258,3,22,57.22,0.0,1.966,0.2144
105,258,3,23,57.54,0.0,1.744,0.2074
105,259,4,0,54.33,0.0,1.809,0.191
105,259,4,1,54.76,0.0,1.592,0.1799
105,259,4,2,50.49,0.0,1.453,0.1756
105,259,4,3,50.7,0.0,1.286,0.1735
105,259,4,4,48.57,0.0,1.394,0.1762
105,259,4,5,52.24,0.0,1.628,0.1823
105,259,4,6,57.47,12.61,2.161,0.1996
105,259,4,7,69.95,34.22,2.098,0.2061
105,259,4,8,80.47,56.28,2.351,0.2174
105,259,4,9,84.93,71.53,2.503,0.2182
105,259,4,10,104.17,72.56,2.618,0.2243
105,259,4,11,118.61,84.14,2.725,0.2281
105,259,4,12,121.81,92.48,2.771,0.2296
105,259,4,13,121.49,86.09,2.824,0.2289
105,259,4,14,120.52,71.32,3.116,0.2262
105,259,4,15,120.81,51.55,3.227,0.2281
105,259,4,16,116.76,28.77,3.345,0.2291
105,259,4,17,107.51,6.95,3.191,0.2288
105,259,4,18,98.28,0.0,3.092,0.231
105,259,4,19,84.41,0.0,3.135,0.2266
105,259,4,20,76.28,0.0,2.972,0.221
105,259,4,21,61.98,0.0,2.481,0.2092
105,259,4,22,56.2,0.0,2.107,0.1986
105,259,4,23,55.51,0.0,1.886,0.1801
105,260,5,0,52.51,0.0,1.869,0.1647
105,260,5,1,53.44,0.0,1.511,0.1607
105,260,5,2,51.71,0.0,1.426,0.1608
105,260,5,3,51.78,0.0,1.403,0.1658
105,260,5,4,50.28,0.0,1.386,0.1622
105,260,5,5,49.66,0.0,1.32,0.1582
105,260,5,6,50.03,9.74,1.54,0.1618
105,260,5,7,49.4,28.85,1.645,0.162
105,260,5,8,49.87,48.62,2.012,0.1676
105,260,5,9,52.65,68.34,2.277,0.1789
105,260,5,10,53.83,82.39,2.356,0.1888
105,260,5,11,54.13,91.1,2.806,0.1943
105,260,5,12,56.91,81.07,2.852,0.1973
105,260,5,13,57.87,64.72,2.928,0.2001
105,260,5,14,59.74,52.47,2.976,0.2027
105,260,5,15,60.41,33.07,3.063,0.2082
105,260,5,16,59.97,18.42,3.206,0.2111
105,260,5,17,62.22,4.21,3.171,0.2132
105,260,5,18,61.72,0.0,2.992,0.2115
105,260,5,19,59.15,0.0,3.213,0.2104
105,260,5,20,57.25,0.0,3.013,0.2107
105,260,5,21,53.78,0.0,2.741,0.1985
105,260,5,22,53.96,0.0,2.535,0.1939
105,260,5,23,53.26,0.0,2.074,0.1897
105,261,6,0,50.49,0.0,3.5,0.177
105,261,6,1,50.18,0.0,2.085,0.1693
105,261,6,2,50.24,0.0,1.904,0.1702
105,261,6,3,49.59,0.0,1.711,0.1679
105,261,6,4,48.05,0.0,1.594,0.1678
105,261,6,5,47.29,0.0,1.586,0.1722
105,261,6,6,48.11,5.53,1.607,0.1746
105,261,6,7,48.99,15.17,1.847,0.1778
105,261,6,8,49.39,25.87,1.928,0.1863
105,261,6,9,50.73,31.57,2.321,0.1989
105,261,6,10,51.57,43.83,2.701,0.2158
105,261,6,11,54.88,54.59,2.817,0.2248
105,261,6,12,56.52,50.65,3.073,0.2212
105,261,6,13,59.36,45.09,3.318,0.2261
105,261,6,14,60.91,33.19,3.304,0.2266
105,261,6,15,57.82,23.11,3.463,0.2283
105,261,6,16,58.01,11.61,3.725,0.2334
105,261,6,17,58.84,2.62,3.718,0.2359
105,261,6,18,57.48,0.0,3.365,0.2368
105,261,6,19,58.62,0.0,3.834,0.2389
105,261,6,20,57.14,0.0,3.533,0.2391
105,261,6,21,53.14,0.0,3.102,0.2412
105,261,6,22,52.24,0.0,2.63,0.2349
105,261,6,23,52.25,0.0,2.164,0.2284
105,262,0,0,52.76,0.0,2.376,0.222
105,262,0,1,49.54,0.0,2.079,0.2093
105,262,0,2,48.8,0.0,1.921,0.2003
105,262,0,3,47.9,0.0,1.797,0.1989
105,262,0,4,47.56,0.0,1.801,0.2006
105,262,0,5,48.16,0.0,2.111,0.2161
105,262,0,6,54.98,3.38,2.376,0.2323
105,262,0,7,68.42,7.8,2.669,0.2375
105,262,0,8,75.5,12.51,2.843,0.2457
105,262,0,9,86.13,17.92,3.205,0.2482
105,262,0,10,99.03,20.61,3.489,0.2497
105,262,0,11,116.38,23.87,3.749,0.2522
105,262,0,12,116.16,17.4,3.95,0.2516
105,262,0,13,117.83,15.69,4.596,0.2526
105,262,0,14,119.65,20.33,4.056,0.249
105,262,0,15,119.02,14.57,4.637,0.2466
105,262,0,16,117.45,7.6,4.856,0.2476
105,262,0,17,110.96,1.74,4.276,0.2494
105,262,0,18,97.12,0.0,3.784,0.2506
105,262,0,19,84.05,0.0,4.245,0.2543
105,262,0,20,69.5,0.0,3.871,0.2508
105,262,0,21,61.51,0.0,3.105,0.2477
105,262,0,22,59.9,0.0,2.762,0.234
105,262,0,23,58.23,0.0,2.501,0.2218
105,263,1,0,54.68,0.0,2.224,0.2124
105,263,1,1,55.01,0.0,2.072,0.2064
105,263,1,2,53.77,0.0,1.924,0.2044
105,263,1,3,51.59,0.0,1.802,0.1967
105,263,1,4,50.5,0.0,1.826,0.1966
105,263,1,5,50.97,0.0,2.096,0.2049
105,263,1,6,57.89,5.3,2.492,0.2149
105,263,1,7,73.19,16.46,2.605,0.2201
105,263,1,8,74.4,29.89,2.843,0.2287
105,263,1,9,90.73,47.68,3.035,0.2399
105,263,1,10,103.44,64.47,3.447,0.2449
105,263,1,11,113.66,62.35,3.728,0.2499
105,263,1,12,114.17,64.82,3.728,0.2495
105,263,1,13,114.27,61.32,4.115,0.2569
105,263,1,14,120.08,43.11,4.5,0.2588
105,263,1,15,117.39,28.77,5.326,0.2618
105,263,1,16,117.81,14.14,5.7,0.2545
105,263,1,17,113.51,2.85,5.177,0.2523
105,263,1,18,94.14,0.0,4.423,0.2552
105,263,1,19,83.19,0.0,4.563,0.2597
105,263,1,20,67.97,0.0,3.988,0.2573
105,263,1,21,60.82,0.0,3.18,0.249
105,263,1,22,59.5,0.0,2.75,0.2355
105,263,1,23,57.23,0.0,2.547,0.2233
105,264,2,0,54.04,0.0,2.988,0.2234
105,264,2,1,52.78,0.0,2.399,0.2158
105,264,2,2,51.05,0.0,2.225,0.2117
105,264,2,3,50.23,0.0,2.083,0.2114
105,264,2,4,49.69,0.0,2.107,0.2104
105,264,2,5,49.53,0.0,2.362,0.2169
105,264,2,6,55.07,6.54,2.667,0.2258
105,264,2,7,69.17,20.53,2.815,0.2299
105,264,2,8,75.84,36.24,3.024,0.235
105,264,2,9,89.56,53.61,3.385,0.2375
105,264,2,10,108.91,74.13,3.743,0.242
105,264,2,11,118.66,77.41,3.736,0.2466
105,264,2,12,123.06,79.69,4.005,0.2532
105,264,2,13,123.24,70.75,4.476,0.2573
105,264,2,14,123.24,55.6,4.744,0.2553
105,264,2,15,122.13,37.46,5.182,0.2587
105,264,2,16,120.52,19.21,5.992,0.2552
105,264,2,17,122.01,3.42,5.309,0.2538
105,264,2,18,102.77,0.0,4.416,0.2546
105,264,2,19,87.02,0.0,4.867,0.2525
105,264,2,20,73.81,0.0,3.881,0.248
105,264,2,21,67.11,0.0,3.2,0.236
105,264,2,22,62.03,0.0,2.632,0.2186
105,264,2,23,58.73,0.0,2.539,0.2101
105,265,3,0,55.63,0.0,2.109,0.1964
105,265,3,1,52.61,0.0,1.845,0.1861
105,265,3,2,51.04,0.0,1.668,0.1837
105,265,3,3,49.46,0.0,1.507,0.1831
105,265,3,4,49.16,0.0,1.565,0.1845
105,265,3,5,49.69,0.0,1.911,0.185
105,265,3,6,56.08,10.24,2.498,0.1948
105,265,3,7,72.43,32.21,2.477,0.2045
105,265,3,8,74.45,54.41,2.685,0.2124
105,265,3,9,93.27,72.96,2.998,0.2193
105,265,3,10,109.34,85.86,3.203,0.2268
105,265,3,11,119.87,94.03,3.892,0.2329
105,265,3,12,120.06,92.75,3.689,0.2393
105,265,3,13,125.22,84.16,4.064,0.2407
105,265,3,14,123.5,69.32,4.261,0.2419
105,265,3,15,120.9,49.13,4.873,0.2502
105,265,3,16,120.98,26.05,5.304,0.2476
105,265,3,17,122.15,4.59,5.139,0.2494
105,265,3,18,104.54,0.0,4.261,0.2499
105,265,3,19,91.94,0.0,4.522,0.2474
105,265,3,20,81.06,0.0,3.64,0.2454
105,265,3,21,72.37,0.0,3.119,0.2389
105,265,3,22,67.05,0.0,2.542,0.2274
105,265,3,23,62.02,0.0,2.349,0.2111
105,266,4,0,55.71,0.0,2.103,0.2016
105,266,4,1,56.14,0.0,1.842,0.1906
105,266,4,2,55.21,0.0,1.602,0.1858
105,266,4,3,51.92,0.0,1.504,0.1887
105,266,4,4,51.6,0.0,1.541,0.1869
105,266,4,5,50.86,0.0,1.962,0.1971
105,266,4,6,58.11,8.37,2.413,0.2068
105,266,4,7,68.54,28.81,2.417,0.2113
105,266,4,8,74.46,50.19,2.614,0.2231
105,266,4,9,87.29,66.83,2.797,0.2264
105,266,4,10,105.85,75.25,2.929,0.2322
105,266,4,11,110.34,89.62,3.072,0.2372
105,266,4,12,114.63,82.48,3.304,0.2421
105,266,4,13,115.62,79.66,3.596,0.2442
105,266,4,14,120.43,64.74,4.15,0.2517
105,266,4,15,124.12,44.99,4.7,0.2508
105,266,4,16,118.99,22.72,4.969,0.2489
105,266,4,17,115.33,3.47,4.203,0.2473
105,266,4,18,101.23,0.0,3.447,0.2462
105,266,4,19,83.41,0.0,3.857,0.247
105,266,4,20,77.52,0.0,3.247,0.2424
105,266,4,21,70.08,0.0,2.854,0.2353
105,266,4,22,59.91,0.0,3.69,0.2295
105,266,4,23,57.57,0.0,2.412,0.2213
105,267,5,0,54.68,0.0,2.189,0.203
105,267,5,1,54.06,0.0,2.0,0.1904
105,267,5,2,53.29,0.0,1.655,0.1819
105,267,5,3,52.65,0.0,1.49,0.1674
105,267,5,4,51.35,0.0,1.401,0.1643
105,267,5,5,50.98,0.0,1.344,0.1593
105,267,5,6,51.71,2.52,1.506,0.1671
105,267,5,7,51.73,7.87,1.504,0.1698
105,267,5,8,58.31,13.55,1.929,0.1742
105,267,5,9,66.68,21.04,1.988,0.1844
105,267,5,10,70.65,44.1,1.912,0.189
105,267,5,11,77.99,56.95,2.08,0.1883
105,267,5,12,79.11,77.44,2.032,0.1879
105,267,5,13,84.68,70.32,2.183,0.1881
105,267,5,14,86.65,64.33,2.206,0.1913
105,267,5,15,78.52,45.25,2.232,0.1919
105,267,5,16,77.97,23.22,2.245,0.1945
105,267,5,17,72.26,3.88,2.287,0.1965
105,267,5,18,63.86,0.0,2.232,0.1992
105,267,5,19,66.16,0.0,2.35,0.2023
105,267,5,20,64.0,0.0,2.257,0.1995
105,267,5,21,57.0,0.0,2.011,0.187
105,267,5,22,58.11,0.0,1.696,0.1793
105,267,5,23,56.75,0.0,1.534,0.175
105,268,6,0,55.88,0.0,1.715,0.1595
105,268,6,1,54.73,0.0,1.531,0.151
105,268,6,2,52.98,0.0,1.395,0.1485
105,268,6,3,56.3,0.0,1.255,0.1466
105,268,6,4,53.35,0.0,1.112,0.1497
105,268,6,5,52.82,0.0,1.16,0.1455
105,268,6,6,53.38,10.44,1.254,0.148
105,268,6,7,53.12,33.73,1.23,0.147
105,268,6,8,55.68,56.47,1.503,0.1516
105,268,6,9,55.66,75.22,1.6,0.1548
105,268,6,10,64.67,88.12,1.531,0.1637
105,268,6,11,70.99,94.36,1.721,0.1629
105,268,6,12,78.63,92.95,1.738,0.1645
105,268,6,13,77.75,84.2,1.838,0.1656
105,268,6,14,74.7,68.92,1.815,0.1672
105,268,6,15,75.23,48.39,1.815,0.1733
105,268,6,16,71.41,24.77,1.824,0.1801
105,268,6,17,64.93,3.65,1.858,0.1875
105,268,6,18,66.05,0.0,1.946,0.1934
105,268,6,19,63.22,0.0,2.22,0.2011
105,268,6,20,60.83,0.0,1.961,0.1958
105,268,6,21,60.23,0.0,1.697,0.1821
105,268,6,22,59.14,0.0,1.409,0.1673
105,268,6,23,58.64,0.0,1.325,0.1659
105,269,0,0,54.01,0.0,1.526,0.1553
105,269,0,1,56.48,0.0,1.373,0.1517
105,269,0,2,55.78,0.0,1.19,0.1509
105,269,0,3,55.02,0.0,1.059,0.1492
105,269,0,4,56.2,0.0,1.031,0.1481
105,269,0,5,55.3,0.0,1.41,0.1653
105,269,0,6,60.75,8.04,1.836,0.1864
105,269,0,7,68.1,27.35,2.02,0.195
105,269,0,8,75.14,46.0,2.364,0.1968
105,269,0,9,85.63,62.75,2.611,0.1945
105,269,0,10,101.24,71.84,2.649,0.1943
105,269,0,11,120.61,78.22,2.666,0.1933
105,269,0,12,122.58,68.13,2.67,0.1971
105,269,0,13,124.62,51.78,2.739,0.1925
105,269,0,14,127.1,41.97,2.673,0.1946
105,269,0,15,129.36,27.51,2.811,0.1986
105,269,0,16,126.05,13.73,2.811,0.1996
105,269,0,17,113.33,1.56,2.719,0.1993
105,269,0,18,101.61,0.0,2.838,0.1942
105,269,0,19,83.21,0.0,3.078,0.2015
105,269,0,20,78.96,0.0,2.672,0.195
105,269,0,21,72.11,0.0,2.215,0.1948
105,269,0,22,61.71,0.0,1.716,0.1877
105,269,0,23,55.37,0.0,1.683,0.1714
105,270,1,0,51.43,0.0,1.609,0.1563
105,270,1,1,50.34,0.0,1.47,0.1676
105,270,1,2,50.33,0.0,1.352,0.1519
105,270,1,3,47.96,0.0,1.186,0.1471
105,270,1,4,46.84,0.0,1.313,0.1474
105,270,1,5,47.13,0.0,1.501,0.1562
105,270,1,6,54.4,4.32,1.888,0.1795
105,270,1,7,67.94,15.21,2.07,0.1905
105,270,1,8,76.03,27.68,2.24,0.1919
105,270,1,9,85.6,45.47,2.477,0.1882
105,270,1,10,102.98,57.17,2.661,0.1972
105,270,1,11,116.54,62.59,2.752,0.1957
105,270,1,12,123.59,71.63,2.834,0.1976
105,270,1,13,124.24,72.95,2.884,0.2003
105,270,1,14,129.08,55.3,2.811,0.2035
105,270,1,15,127.61,37.8,2.908,0.2059
105,270,1,16,128.37,18.87,2.696,0.2089
105,270,1,17,121.76,2.59,2.802,0.21
105,270,1,18,107.18,0.0,2.722,0.2042
105,270,1,19,88.95,0.0,3.236,0.2054
105,270,1,20,78.23,0.0,2.684,0.2053
105,270,1,21,68.86,0.0,2.096,0.1936
105,270,1,22,56.55,0.0,1.736,0.1795
105,270,1,23,53.77,0.0,1.554,0.173
105,271,2,0,54.37,0.0,1.313,0.1606
105,271,2,1,51.06,0.0,1.143,0.1514
105,271,2,2,50.23,0.0,0.939,0.1504
105,271,2,3,48.37,0.0,0.9,0.1527
105,271,2,4,50.47,0.0,0.975,0.1519
105,271,2,5,49.38,0.0,1.184,0.1534
105,271,2,6,56.02,5.99,1.743,0.1639
105,271,2,7,68.41,19.72,1.72,0.1785
105,271,2,8,77.26,31.99,2.024,0.191
105,271,2,9,85.0,29.74,2.217,0.1918
105,271,2,10,100.24,24.69,2.341,0.1957
105,271,2,11,114.43,29.52,2.443,0.2002
105,271,2,12,116.62,40.87,2.409,0.1978
105,271,2,13,126.34,31.63,2.409,0.1931
105,271,2,14,126.29,17.54,2.43,0.1931
105,271,2,15,123.38,11.17,2.44,0.1898
105,271,2,16,118.72,2.73,2.559,0.1904
105,271,2,17,114.94,0.75,2.58,0.1959
105,271,2,18,99.33,0.0,2.57,0.1966
105,271,2,19,86.27,0.0,2.796,0.1927
105,271,2,20,78.77,0.0,2.374,0.19
105,271,2,21,65.77,0.0,1.763,0.1881
105,271,2,22,59.5,0.0,1.515,0.1935
105,271,2,23,57.76,0.0,1.421,0.1874
105,272,3,0,55.36,0.0,1.338,0.1515
105,272,3,1,55.95,0.0,1.241,0.1435
105,272,3,2,55.14,0.0,0.962,0.1442
105,272,3,3,52.71,0.0,0.912,0.145
105,272,3,4,52.67,0.0,1.021,0.1463
105,272,3,5,53.53,0.0,1.387,0.1503
105,272,3,6,61.34,1.76,1.709,0.1672
105,272,3,7,73.75,6.85,1.764,0.1848
105,272,3,8,76.36,11.84,1.947,0.1873
105,272,3,9,86.26,14.8,2.062,0.188
105,272,3,10,103.35,20.23,2.0,0.1938
105,272,3,11,124.45,21.57,2.063,0.1955
105,272,3,12,127.58,18.94,2.033,0.1921
105,272,3,13,128.48,17.33,2.051,0.191
105,272,3,14,126.2,15.32,1.929,0.1886
105,272,3,15,126.77,10.51,1.991,0.1875
105,272,3,16,120.13,4.02,2.05,0.1851
105,272,3,17,115.46,0.79,2.07,0.1857
105,272,3,18,104.3,0.0,2.132,0.1836
105,272,3,19,91.17,0.0,2.477,0.1865
105,272,3,20,83.83,0.0,1.987,0.1849
105,272,3,21,72.33,0.0,1.629,0.1785
105,272,3,22,64.41,0.0,1.351,0.1685
105,272,3,23,58.3,0.0,1.169,0.1528
105,273,4,0,52.84,0.0,1.311,0.1415
105,273,4,1,53.15,0.0,1.003,0.1409
105,273,4,2,51.9,0.0,0.744,0.1426
105,273,4,3,51.11,0.0,0.719,0.1453
105,273,4,4,50.88,0.0,0.625,0.1521
105,273,4,5,51.59,0.0,0.981,0.1618
105,273,4,6,54.99,1.63,1.586,0.1747
105,273,4,7,68.99,6.07,1.768,0.1765
105,273,4,8,79.42,11.57,1.797,0.1838
105,273,4,9,86.57,17.72,1.898,0.1849
105,273,4,10,100.87,21.71,1.88,0.1882
105,273,4,11,117.59,23.41,1.907,0.188
105,273,4,12,119.36,27.23,1.905,0.1909
105,273,4,13,121.27,21.31,1.905,0.1885
105,273,4,14,126.69,12.18,1.845,0.1857
105,273,4,15,125.41,13.73,1.853,0.1866
105,273,4,16,120.52,6.68,1.927,0.1886
105,273,4,17,108.01,0.85,1.926,0.1929
105,273,4,18,98.31,0.0,1.936,0.1957
105,273,4,19,87.89,0.0,2.15,0.1909
105,273,4,20,80.67,0.0,1.83,0.1873
105,273,4,21,67.76,0.0,1.578,0.177
105,273,4,22,62.32,0.0,1.332,0.1627
105,273,4,23,54.91,0.0,1.232,0.1417
105,274,5,0,51.98,0.0,1.141,0.1302
105,274,5,1,51.9,0.0,1.017,0.1271
105,274,5,2,51.27,0.0,0.847,0.1295
105,274,5,3,51.67,0.0,0.659,0.13
105,274,5,4,50.79,0.0,0.621,0.1303
105,274,5,5,50.67,0.0,0.61,0.1301
105,274,5,6,49.39,2.92,1.007,0.1349
105,274,5,7,52.66,10.17,1.13,0.1364
105,274,5,8,60.87,17.79,1.509,0.1488
105,274,5,9,61.62,25.84,1.54,0.1592
105,274,5,10,65.94,24.12,1.523,0.1627
105,274,5,11,68.56,41.83,1.548,0.165
105,274,5,12,71.67,18.16,1.6,0.1656
105,274,5,13,73.93,21.47,1.615,0.1602
105,274,5,14,76.32,14.32,1.516,0.1592
105,274,5,15,79.12,8.71,1.549,0.1572
105,274,5,16,74.06,4.37,1.734,0.1582
105,274,5,17,70.28,0.49,1.778,0.1645
105,274,5,18,63.95,0.0,1.967,0.1667
105,274,5,19,67.81,0.0,1.882,0.1709
105,274,5,20,59.61,0.0,1.752,0.1637
105,274,5,21,55.82,0.0,1.571,0.1552
105,274,5,22,54.91,0.0,1.275,0.1508
105,274,5,23,53.41,0.0,1.185,0.1494
105,275,6,0,56.73,0.0,0.864,0.1431
105,275,6,1,51.72,0.0,0.804,0.1432
105,275,6,2,51.44,0.0,0.656,0.1394
105,275,6,3,51.39,0.0,0.595,0.1381
105,275,6,4,50.59,0.0,0.584,0.1397
105,275,6,5,50.33,0.0,0.573,0.1457
105,275,6,6,51.41,2.96,0.698,0.1503
105,275,6,7,50.81,9.89,0.862,0.1442
105,275,6,8,55.74,15.35,1.172,0.152
105,275,6,9,58.0,19.84,1.447,0.1606
105,275,6,10,61.78,23.34,1.448,0.1658
105,275,6,11,65.68,18.53,1.507,0.1655
105,275,6,12,67.4,21.06,1.511,0.1664
105,275,6,13,63.57,20.72,1.514,0.1686
105,275,6,14,69.14,14.36,1.479,0.1726
105,275,6,15,68.94,9.51,1.519,0.1734
105,275,6,16,67.74,3.83,1.523,0.174
105,275,6,17,60.41,0.46,1.634,0.1768
105,275,6,18,56.64,0.0,1.862,0.1796
105,275,6,19,56.44,0.0,1.817,0.1869
105,275,6,20,53.48,0.0,1.714,0.1852
105,275,6,21,53.53,0.0,1.444,0.1808
105,275,6,22,52.12,0.0,1.205,0.1662
105,275,6,23,52.52,0.0,1.068,0.1584
105,276,0,0,62.26,0.0,1.133,0.1484
105,276,0,1,61.44,0.0,1.014,0.1499
105,276,0,2,60.82,0.0,0.868,0.1426
105,276,0,3,60.73,0.0,0.819,0.1382
105,276,0,4,60.59,0.0,0.952,0.147
105,276,0,5,60.86,0.0,1.138,0.1564
105,276,0,6,66.18,2.8,1.834,0.1839
105,276,0,7,77.91,14.56,1.913,0.197
105,276,0,8,86.76,27.32,2.143,0.2052
105,276,0,9,96.66,40.65,2.223,0.2069
105,276,0,10,108.59,52.0,2.254,0.213
105,276,0,11,115.13,62.43,2.413,0.2148
105,276,0,12,117.52,62.58,2.393,0.2132
105,276,0,13,119.82,55.97,2.447,0.2142
105,276,0,14,120.35,42.29,2.33,0.2134
105,276,0,15,120.72,26.82,2.327,0.2142
105,276,0,16,119.45,12.03,2.403,0.2151
105,276,0,17,116.23,1.06,2.441,0.2177
105,276,0,18,100.67,0.0,2.514,0.2178
105,276,0,19,86.42,0.0,2.726,0.2157
105,276,0,20,79.45,0.0,2.219,0.218
105,276,0,21,69.66,0.0,1.806,0.2022
105,276,0,22,65.88,0.0,1.504,0.188
105,276,0,23,64.44,0.0,1.174,0.1769
105,277,1,0,59.5,0.0,1.258,0.1607
105,277,1,1,57.2,0.0,1.069,0.1568
105,277,1,2,51.38,0.0,0.863,0.1536
105,277,1,3,52.25,0.0,0.821,0.1554
105,277,1,4,50.78,0.0,0.829,0.1568
105,277,1,5,51.39,0.0,1.071,0.1657
105,277,1,6,56.68,2.83,1.713,0.1781
105,277,1,7,67.38,10.38,1.676,0.1967
105,277,1,8,74.96,18.26,2.001,0.2052
105,277,1,9,88.98,26.13,2.071,0.2016
105,277,1,10,114.89,31.44,2.165,0.204
105,277,1,11,130.06,29.6,2.227,0.2116
105,277,1,12,136.86,40.86,2.121,0.2021
105,277,1,13,139.98,36.53,2.136,0.2084
105,277,1,14,141.33,29.88,2.1,0.2115
105,277,1,15,136.24,18.67,2.117,0.2105
105,277,1,16,134.56,7.99,2.183,0.211
105,277,1,17,127.84,0.73,2.232,0.2163
105,277,1,18,113.85,0.0,2.332,0.205
105,277,1,19,99.0,0.0,2.525,0.2093
105,277,1,20,89.41,0.0,2.101,0.2081
105,277,1,21,74.24,0.0,1.715,0.1988
105,277,1,22,65.39,0.0,1.336,0.1837
105,277,1,23,58.3,0.0,1.226,0.1644
105,278,2,0,71.86,0.0,1.458,0.1622
105,278,2,1,55.2,0.0,1.287,0.1607
105,278,2,2,52.71,0.0,1.126,0.1595
105,278,2,3,52.5,0.0,1.125,0.1596
105,278,2,4,51.8,0.0,1.183,0.1647
105,278,2,5,52.99,0.0,1.289,0.1728
105,278,2,6,57.23,5.51,1.92,0.1843
105,278,2,7,65.67,25.66,2.068,0.1971
105,278,2,8,75.38,47.13,2.044,0.2019
105,278,2,9,91.97,64.71,2.156,0.2013
105,278,2,10,110.63,76.76,2.321,0.2036
105,278,2,11,130.21,82.9,2.308,0.2044
105,278,2,12,136.0,78.25,2.292,0.1983
105,278,2,13,138.08,71.63,2.3,0.2047
105,278,2,14,133.98,57.93,2.309,0.2049
105,278,2,15,131.09,38.26,2.292,0.2113
105,278,2,16,127.72,16.62,2.255,0.2073
105,278,2,17,120.33,1.15,2.29,0.2063
105,278,2,18,102.56,0.0,2.4,0.209
105,278,2,19,86.23,0.0,2.539,0.2085
105,278,2,20,76.95,0.0,2.086,0.207
105,278,2,21,68.92,0.0,1.8,0.1963
105,278,2,22,62.25,0.0,1.546,0.1746
105,278,2,23,57.17,0.0,1.459,0.1538
105,279,3,0,87.71,0.0,1.509,0.1387
105,279,3,1,87.71,0.0,1.383,0.1339
105,279,3,2,87.71,0.0,1.274,0.1314
105,279,3,3,87.71,0.0,1.228,0.1322
105,279,3,4,87.71,0.0,1.262,0.1372
105,279,3,5,87.71,0.0,1.442,0.1458
105,279,3,6,87.71,5.83,2.054,0.1739
105,279,3,7,87.71,25.91,2.035,0.1827
105,279,3,8,87.71,46.01,2.034,0.1965
105,279,3,9,87.71,63.43,2.215,0.1994
105,279,3,10,87.71,75.65,2.293,0.2047
105,279,3,11,87.71,85.61,2.352,0.2099
105,279,3,12,87.71,83.82,2.311,0.2078
105,279,3,13,87.71,74.82,2.37,0.2011
105,279,3,14,87.71,59.5,2.411,0.201
105,279,3,15,87.71,39.27,2.413,0.2018
105,279,3,16,87.71,16.69,2.49,0.2042
105,279,3,17,87.71,0.99,2.483,0.208
105,279,3,18,87.71,0.0,2.684,0.2105
105,279,3,19,87.71,0.0,2.98,0.2122
105,279,3,20,87.71,0.0,2.303,0.2148
105,279,3,21,87.71,0.0,1.873,0.2023
105,279,3,22,87.71,0.0,1.505,0.1903
105,279,3,23,87.71,0.0,1.365,0.1757
105,280,4,0,71.85,0.0,1.689,0.154
105,280,4,1,69.86,0.0,1.445,0.148
105,280,4,2,52.54,0.0,1.341,0.1489
105,280,4,3,52.16,0.0,1.278,0.1484
105,280,4,4,49.99,0.0,1.176,0.1456
105,280,4,5,51.52,0.0,1.471,0.1564
105,280,4,6,54.5,5.61,2.061,0.1793
105,280,4,7,67.45,26.87,2.078,0.1898
105,280,4,8,77.78,48.69,2.008,0.1932
105,280,4,9,90.17,66.9,2.242,0.1977
105,280,4,10,107.58,79.26,2.293,0.1985
105,280,4,11,126.19,85.8,2.392,0.2041
105,280,4,12,122.82,83.68,2.414,0.2076
105,280,4,13,133.15,74.51,2.493,0.2064
105,280,4,14,134.32,59.18,2.474,0.2092
105,280,4,15,131.8,38.02,2.508,0.2106
105,280,4,16,124.62,15.89,2.514,0.2088
105,280,4,17,114.37,0.88,2.492,0.2079
105,280,4,18,102.9,0.0,2.494,0.2106
105,280,4,19,89.58,0.0,2.564,0.2081
105,280,4,20,83.14,0.0,2.197,0.2023
105,280,4,21,71.53,0.0,1.955,0.1902
105,280,4,22,62.78,0.0,1.71,0.1721
105,280,4,23,59.57,0.0,1.646,0.1606
105,281,5,0,56.04,0.0,1.668,0.1522
105,281,5,1,55.58,0.0,1.512,0.1476
105,281,5,2,55.17,0.0,1.312,0.1441
105,281,5,3,55.04,0.0,1.226,0.1416
105,281,5,4,54.17,0.0,1.259,0.1427
105,281,5,5,54.17,0.0,1.191,0.1461
105,281,5,6,54.29,1.69,1.552,0.1466
105,281,5,7,54.29,7.97,1.666,0.1525
105,281,5,8,54.17,15.38,1.823,0.1627
105,281,5,9,54.17,22.09,2.101,0.1729
105,281,5,10,54.42,27.62,2.078,0.1751
105,281,5,11,55.92,25.59,2.103,0.179
105,281,5,12,56.79,23.76,2.15,0.1798
105,281,5,13,58.42,18.49,2.108,0.1782
105,281,5,14,59.67,12.72,2.078,0.1762
105,281,5,15,58.79,8.58,2.081,0.1798
105,281,5,16,59.92,3.16,2.077,0.1799
105,281,5,17,61.29,0.24,2.102,0.1808
105,281,5,18,61.42,0.0,2.284,0.1829
105,281,5,19,63.92,0.0,2.274,0.1857
105,281,5,20,67.17,0.0,2.103,0.1841
105,281,5,21,66.04,0.0,2.018,0.1752
105,281,5,22,63.04,0.0,1.731,0.1643
105,281,5,23,56.04,0.0,1.507,0.1618
105,282,6,0,55.41,0.0,1.277,0.1545
105,282,6,1,54.11,0.0,1.325,0.1523
105,282,6,2,52.93,0.0,1.146,0.1486
105,282,6,3,52.67,0.0,0.995,0.1486
105,282,6,4,52.88,0.0,0.934,0.1498
105,282,6,5,51.8,0.0,0.972,0.1509
105,282,6,6,52.14,0.58,0.926,0.1532
105,282,6,7,52.57,2.33,1.019,0.1506
105,282,6,8,53.91,3.93,1.225,0.1582
105,282,6,9,53.55,4.88,1.475,0.1643
105,282,6,10,53.93,6.67,1.506,0.1724
105,282,6,11,55.55,10.94,1.511,0.1783
105,282,6,12,60.96,11.47,1.512,0.1777
105,282,6,13,64.05,31.63,1.489,0.173
105,282,6,14,67.57,29.14,1.444,0.1726
105,282,6,15,65.55,21.56,1.466,0.1732
105,282,6,16,66.01,10.38,1.491,0.1754
105,282,6,17,66.14,0.62,1.586,0.1805
105,282,6,18,64.0,0.0,2.019,0.1819
105,282,6,19,64.5,0.0,2.052,0.1891
105,282,6,20,61.89,0.0,1.748,0.1861
105,282,6,21,57.2,0.0,1.511,0.1837
105,282,6,22,55.66,0.0,1.323,0.1693
105,282,6,23,55.63,0.0,1.265,0.1616
105,283,0,0,56.19,0.0,1.102,0.1472
105,283,0,1,54.18,0.0,0.967,0.1423
105,283,0,2,53.95,0.0,0.907,0.1456
105,283,0,3,52.72,0.0,0.917,0.149
105,283,0,4,52.48,0.0,0.902,0.1485
105,283,0,5,52.39,0.0,0.984,0.153
105,283,0,6,58.36,5.75,1.721,0.1715
105,283,0,7,66.07,28.7,1.882,0.1758
105,283,0,8,79.06,51.49,1.94,0.181
105,283,0,9,99.04,70.09,2.103,0.187
105,283,0,10,119.82,82.7,1.901,0.1916
105,283,0,11,133.53,88.22,2.002,0.1893
105,283,0,12,136.75,86.27,2.001,0.1858
105,283,0,13,140.43,76.93,2.239,0.1921
105,283,0,14,142.95,60.97,1.974,0.1895
105,283,0,15,144.25,39.89,2.144,0.1886
105,283,0,16,144.73,16.17,2.276,0.195
105,283,0,17,136.12,0.66,2.278,0.199
105,283,0,18,121.08,0.0,2.387,0.1998
105,283,0,19,101.1,0.0,2.397,0.2076
105,283,0,20,91.62,0.0,2.211,0.2046
105,283,0,21,78.84,0.0,1.762,0.1991
105,283,0,22,66.92,0.0,1.534,0.1841
105,283,0,23,60.62,0.0,1.453,0.1749
105,284,1,0,59.88,0.0,1.171,0.1652
105,284,1,1,56.02,0.0,1.16,0.1656
105,284,1,2,54.64,0.0,1.059,0.1626
105,284,1,3,53.37,0.0,1.025,0.163
105,284,1,4,50.35,0.0,0.999,0.1621
105,284,1,5,49.07,0.0,1.305,0.1729
105,284,1,6,54.39,5.06,1.905,0.1896
105,284,1,7,68.42,26.81,1.883,0.1994
105,284,1,8,74.09,49.0,1.778,0.2015
105,284,1,9,92.28,67.15,1.939,0.2033
105,284,1,10,125.63,79.35,1.912,0.1952
105,284,1,11,146.41,84.94,1.977,0.1955
105,284,1,12,151.41,82.73,1.921,0.193
105,284,1,13,154.72,71.92,1.996,0.1924
105,284,1,14,157.77,54.93,1.893,0.1961
105,284,1,15,155.58,34.34,2.003,0.1943
105,284,1,16,153.81,13.73,2.103,0.2027
105,284,1,17,138.91,0.0,2.279,0.2045
105,284,1,18,127.12,0.0,2.454,0.2057
105,284,1,19,109.3,0.0,2.498,0.2079
105,284,1,20,100.32,0.0,2.229,0.2006
105,284,1,21,87.03,0.0,1.799,0.1897
105,284,1,22,83.12,0.0,1.515,0.1799
105,284,1,23,73.27,0.0,1.42,0.1643
105,285,2,0,61.17,0.0,1.419,0.154
105,285,2,1,60.65,0.0,1.338,0.1496
105,285,2,2,60.61,0.0,1.118,0.1481
105,285,2,3,60.23,0.0,1.14,0.1452
105,285,2,4,55.97,0.0,1.107,0.1468
105,285,2,5,55.91,0.0,1.234,0.1563
105,285,2,6,61.22,4.25,2.004,0.1752
105,285,2,7,77.54,22.69,2.026,0.1883
105,285,2,8,83.27,41.2,2.003,0.1952
105,285,2,9,110.17,56.4,2.052,0.1938
105,285,2,10,135.85,55.28,2.075,0.1965
105,285,2,11,143.52,54.37,2.312,0.1977
105,285,2,12,153.41,67.87,2.17,0.196
105,285,2,13,152.97,63.9,2.402,0.1951
105,285,2,14,149.98,46.01,2.3,0.1942
105,285,2,15,154.06,30.02,2.401,0.1946
105,285,2,16,145.63,12.34,2.4,0.1978
105,285,2,17,138.75,0.0,2.455,0.2038
105,285,2,18,116.78,0.0,2.623,0.2057
105,285,2,19,103.78,0.0,2.658,0.2004
105,285,2,20,93.49,0.0,2.249,0.1995
105,285,2,21,87.4,0.0,1.799,0.1863
105,285,2,22,84.2,0.0,1.658,0.1703
105,285,2,23,66.82,0.0,1.387,0.158
105,286,3,0,58.46,0.0,1.503,0.1524
105,286,3,1,57.27,0.0,1.461,0.1491
105,286,3,2,53.78,0.0,1.345,0.1435
105,286,3,3,53.28,0.0,1.287,0.1435
105,286,3,4,53.38,0.0,1.205,0.1431
105,286,3,5,54.12,0.0,1.383,0.1515
105,286,3,6,58.91,2.39,2.016,0.1819
105,286,3,7,74.7,15.41,2.09,0.1882
105,286,3,8,81.82,30.91,2.104,0.194
105,286,3,9,96.73,45.91,2.192,0.1986
105,286,3,10,128.13,50.05,2.207,0.1967
105,286,3,11,139.52,35.05,2.307,0.1969
105,286,3,12,146.11,28.19,2.265,0.1961
105,286,3,13,150.98,26.8,2.325,0.1975
105,286,3,14,154.46,23.86,2.282,0.1983
105,286,3,15,160.81,17.53,2.325,0.197
105,286,3,16,161.93,7.84,2.325,0.1968
105,286,3,17,138.68,0.0,2.325,0.1987
105,286,3,18,127.39,0.0,2.55,0.2041
105,286,3,19,111.37,0.0,2.779,0.2038
105,286,3,20,96.8,0.0,2.309,0.201
105,286,3,21,83.22,0.0,1.944,0.2005
105,286,3,22,72.01,0.0,1.579,0.1909
105,286,3,23,64.44,0.0,1.508,0.1776
105,287,4,0,56.8,0.0,1.615,0.1699
105,287,4,1,55.49,0.0,1.546,0.1588
105,287,4,2,53.32,0.0,1.414,0.1566
105,287,4,3,51.76,0.0,1.415,0.1535
105,287,4,4,50.27,0.0,1.367,0.153
105,287,4,5,51.47,0.0,1.556,0.1715
105,287,4,6,57.44,4.36,2.102,0.1883
105,287,4,7,73.8,25.77,2.202,0.1884
105,287,4,8,81.81,48.03,2.124,0.1894
105,287,4,9,89.73,66.32,2.177,0.1917
105,287,4,10,115.08,78.73,2.202,0.1933
105,287,4,11,129.02,84.07,2.27,0.1907
105,287,4,12,130.55,81.92,2.215,0.1884
105,287,4,13,134.52,72.41,2.218,0.191
105,287,4,14,138.81,55.52,2.262,0.1919
105,287,4,15,136.48,34.33,2.222,0.1881
105,287,4,16,128.86,12.34,2.272,0.1845
105,287,4,17,110.71,0.0,2.274,0.1879
105,287,4,18,104.37,0.0,2.53,0.1958
105,287,4,19,84.92,0.0,2.695,0.1952
105,287,4,20,78.53,0.0,2.27,0.1953
105,287,4,21,71.93,0.0,1.986,0.1863
105,287,4,22,59.03,0.0,1.705,0.173
105,287,4,23,55.55,0.0,1.587,0.155
105,288,5,0,56.9,0.0,1.755,0.1477
105,288,5,1,56.9,0.0,1.584,0.1425
105,288,5,2,56.9,0.0,1.526,0.1383
105,288,5,3,56.9,0.0,1.441,0.1389
105,288,5,4,56.9,0.0,1.491,0.14
105,288,5,5,56.9,0.0,1.525,0.1494
105,288,5,6,56.9,3.77,1.807,0.1495
105,288,5,7,56.9,24.16,1.921,0.1546
105,288,5,8,56.9,45.84,2.087,0.1646
105,288,5,9,56.9,63.85,2.119,0.1671
105,288,5,10,56.9,76.17,2.106,0.1689
105,288,5,11,56.9,82.09,2.108,0.1673
105,288,5,12,56.9,79.91,2.1,0.1668
105,288,5,13,56.9,70.6,2.013,0.1583
105,288,5,14,56.9,54.91,1.993,0.1527
105,288,5,15,56.9,34.37,1.953,0.1516
105,288,5,16,56.9,12.39,2.008,0.1636
105,288,5,17,56.9,0.0,2.11,0.1716
105,288,5,18,56.9,0.0,2.33,0.1774
105,288,5,19,56.9,0.0,2.694,0.1802
105,288,5,20,56.9,0.0,2.185,0.1772
105,288,5,21,56.9,0.0,2.111,0.1721
105,288,5,22,56.9,0.0,1.631,0.156
105,288,5,23,56.9,0.0,1.466,0.1455
105,289,6,0,56.26,0.0,1.418,0.1343
105,289,6,1,56.23,0.0,1.383,0.1288
105,289,6,2,54.38,0.0,1.207,0.1281
105,289,6,3,53.76,0.0,1.001,0.1249
105,289,6,4,53.58,0.0,1.013,0.123
105,289,6,5,53.83,0.0,1.069,0.1268
105,289,6,6,53.08,2.9,1.194,0.13
105,289,6,7,53.88,18.87,1.364,0.1374
105,289,6,8,54.79,36.34,1.508,0.1464
105,289,6,9,55.22,51.68,1.712,0.1509
105,289,6,10,55.76,57.39,1.73,0.1518
105,289,6,11,59.19,58.9,1.753,0.1517
105,289,6,12,60.97,58.27,1.751,0.1501
105,289,6,13,61.4,50.62,1.741,0.1522
105,289,6,14,60.94,39.26,1.656,0.1523
105,289,6,15,61.39,24.88,1.736,0.1529
105,289,6,16,60.48,8.41,1.811,0.1583
105,289,6,17,61.63,0.0,2.042,0.1667
105,289,6,18,60.7,0.0,2.578,0.1727
105,289,6,19,61.65,0.0,2.8,0.1776
105,289,6,20,60.83,0.0,2.2,0.1795
105,289,6,21,59.0,0.0,2.007,0.1743
105,289,6,22,56.58,0.0,1.615,0.1625
105,289,6,23,55.22,0.0,1.405,0.1448
105,290,0,0,55.13,0.0,1.489,0.1467
105,290,0,1,53.63,0.0,1.459,0.1431
105,290,0,2,51.49,0.0,1.343,0.1435
105,290,0,3,51.48,0.0,1.39,0.1441
105,290,0,4,51.41,0.0,1.392,0.1463
105,290,0,5,52.15,0.0,1.561,0.1637
105,290,0,6,58.27,2.22,2.414,0.1856
105,290,0,7,76.7,17.12,2.712,0.1953
105,290,0,8,79.15,33.72,2.63,0.2035
105,290,0,9,93.22,51.67,2.928,0.2083
105,290,0,10,117.79,64.89,3.081,0.2101
105,290,0,11,133.68,67.01,3.234,0.2128
105,290,0,12,137.73,58.32,3.323,0.2121
105,290,0,13,140.33,44.39,3.281,0.2109
105,290,0,14,139.77,35.12,3.244,0.2103
105,290,0,15,140.24,21.68,3.35,0.2084
105,290,0,16,143.77,7.37,3.57,0.2105
105,290,0,17,134.81,0.0,3.581,0.211
105,290,0,18,120.27,0.0,3.838,0.2123
105,290,0,19,102.96,0.0,3.883,0.21
105,290,0,20,90.52,0.0,3.146,0.2096
105,290,0,21,79.34,0.0,2.326,0.2036
105,290,0,22,69.63,0.0,2.18,0.1915
105,290,0,23,59.77,0.0,2.031,0.1674
105,291,1,0,72.01,0.0,2.009,0.1562
105,291,1,1,53.37,0.0,2.007,0.155
105,291,1,2,52.18,0.0,1.965,0.1515
105,291,1,3,53.5,0.0,1.975,0.1535
105,291,1,4,51.72,0.0,1.928,0.1527
105,291,1,5,50.96,0.0,2.01,0.1638
105,291,1,6,56.83,2.66,2.233,0.1955
105,291,1,7,72.95,20.55,2.803,0.2022
105,291,1,8,78.38,41.06,2.938,0.2037
105,291,1,9,91.59,58.3,3.113,0.2049
105,291,1,10,126.05,70.07,3.224,0.2086
105,291,1,11,140.48,75.03,3.392,0.2118
105,291,1,12,143.11,72.79,3.689,0.2128
105,291,1,13,140.44,63.13,3.807,0.2159
105,291,1,14,145.59,47.32,3.897,0.2208
105,291,1,15,142.86,28.05,3.9,0.2217
105,291,1,16,138.16,8.65,3.901,0.2207
105,291,1,17,129.58,0.0,4.086,0.2186
105,291,1,18,117.98,0.0,4.309,0.2216
105,291,1,19,102.09,0.0,4.087,0.2249
105,291,1,20,94.57,0.0,3.206,0.2259
105,291,1,21,82.7,0.0,2.688,0.2183
105,291,1,22,77.15,0.0,2.195,0.205
105,291,1,23,67.95,0.0,2.109,0.1916
105,292,2,0,89.38,0.0,2.279,0.1796
105,292,2,1,89.38,0.0,2.142,0.172
105,292,2,2,89.38,0.0,2.015,0.1681
105,292,2,3,89.38,0.0,2.013,0.1733
105,292,2,4,89.38,0.0,2.091,0.1808
105,292,2,5,89.38,0.0,2.197,0.1936
105,292,2,6,89.38,1.93,2.686,0.2087
105,292,2,7,89.38,15.4,3.031,0.219
105,292,2,8,89.38,32.18,3.228,0.2241
105,292,2,9,89.38,46.81,3.315,0.2283
105,292,2,10,89.38,59.97,3.444,0.2307
105,292,2,11,89.38,68.98,3.693,0.23
105,292,2,12,89.38,64.7,3.784,0.2315
105,292,2,13,89.38,53.8,3.953,0.2363
105,292,2,14,89.38,41.6,4.295,0.2391
105,292,2,15,89.38,24.9,4.473,0.2423
105,292,2,16,89.38,7.68,4.657,0.2377
105,292,2,17,89.38,0.0,4.3,0.2414
105,292,2,18,89.38,0.0,4.232,0.2425
105,292,2,19,89.38,0.0,4.17,0.2442
105,292,2,20,89.38,0.0,3.424,0.243
105,292,2,21,89.38,0.0,2.864,0.2309
105,292,2,22,89.38,0.0,2.465,0.215
105,292,2,23,89.38,0.0,2.294,0.2064
105,293,3,0,72.51,0.0,2.081,0.1845
105,293,3,1,71.78,0.0,1.974,0.178
105,293,3,2,53.0,0.0,1.761,0.1743
105,293,3,3,52.31,0.0,1.719,0.1716
105,293,3,4,51.7,0.0,1.834,0.1751
105,293,3,5,53.47,0.0,1.893,0.184
105,293,3,6,57.66,1.55,2.53,0.1948
105,293,3,7,70.41,10.81,2.619,0.2063
105,293,3,8,81.55,22.16,2.64,0.2109
105,293,3,9,96.48,33.36,2.762,0.2152
105,293,3,10,112.16,39.07,2.834,0.2142
105,293,3,11,125.84,32.98,2.9,0.2157
105,293,3,12,132.62,33.0,2.901,0.2216
105,293,3,13,137.77,26.29,2.884,0.2198
105,293,3,14,136.43,18.83,2.88,0.2215
105,293,3,15,136.84,10.98,2.86,0.2239
105,293,3,16,137.62,2.86,2.909,0.2239
105,293,3,17,129.61,0.0,3.096,0.2258
105,293,3,18,115.69,0.0,3.439,0.2253
105,293,3,19,100.23,0.0,3.449,0.2286
105,293,3,20,91.73,0.0,2.811,0.2244
105,293,3,21,78.15,0.0,2.418,0.216
105,293,3,22,67.56,0.0,2.137,0.2039
105,293,3,23,59.31,0.0,2.12,0.1961
105,294,4,0,57.63,0.0,1.901,0.1746
105,294,4,1,55.22,0.0,1.815,0.17
105,294,4,2,52.36,0.0,1.601,0.1671
105,294,4,3,51.23,0.0,1.73,0.1673
105,294,4,4,50.46,0.0,1.673,0.167
105,294,4,5,51.23,0.0,1.759,0.1753
105,294,4,6,55.94,1.26,2.275,0.1998
105,294,4,7,70.74,9.77,2.31,0.2084
105,294,4,8,76.75,18.12,2.381,0.2136
105,294,4,9,91.24,25.32,2.528,0.2126
105,294,4,10,119.6,32.23,2.677,0.2139
105,294,4,11,140.38,38.2,2.685,0.217
105,294,4,12,140.79,38.43,2.6,0.2213
105,294,4,13,141.35,40.84,2.637,0.2254
105,294,4,14,144.21,30.29,2.549,0.226
105,294,4,15,139.87,18.14,2.525,0.2249
105,294,4,16,131.66,5.39,2.504,0.2216
105,294,4,17,125.73,0.0,2.545,0.2222
105,294,4,18,111.03,0.0,2.788,0.2202
105,294,4,19,95.06,0.0,2.679,0.2181
105,294,4,20,94.92,0.0,2.48,0.2138
105,294,4,21,87.44,0.0,2.225,0.2009
105,294,4,22,74.74,0.0,1.937,0.1942
105,294,4,23,63.73,0.0,1.988,0.1894
105,295,5,0,57.64,0.0,1.726,0.1717
105,295,5,1,59.44,0.0,1.809,0.1673
105,295,5,2,58.6,0.0,1.616,0.1519
105,295,5,3,58.83,0.0,1.411,0.1514
105,295,5,4,57.34,0.0,1.367,0.153
105,295,5,5,57.41,0.0,1.509,0.1539
105,295,5,6,57.59,0.85,1.737,0.1611
105,295,5,7,62.32,5.96,1.772,0.1633
105,295,5,8,67.2,12.31,2.03,0.1692
105,295,5,9,60.92,18.16,2.415,0.1699
105,295,5,10,61.87,16.21,2.454,0.171
105,295,5,11,67.84,27.9,2.456,0.1704
105,295,5,12,68.99,26.37,2.362,0.1713
105,295,5,13,72.04,18.65,2.222,0.171
105,295,5,14,73.44,16.03,2.164,0.1731
105,295,5,15,77.15,11.1,2.085,0.1703
105,295,5,16,76.59,3.83,2.125,0.1682
105,295,5,17,77.73,0.0,2.356,0.1663
105,295,5,18,75.55,0.0,2.884,0.1688
105,295,5,19,75.46,0.0,2.446,0.1662
105,295,5,20,69.77,0.0,2.188,0.1597
105,295,5,21,62.43,0.0,2.036,0.1558
105,295,5,22,60.77,0.0,1.663,0.1441
105,295,5,23,59.52,0.0,1.517,0.1338
105,296,6,0,54.74,0.0,1.634,0.1188
105,296,6,1,53.01,0.0,1.736,0.1208
105,296,6,2,51.57,0.0,1.596,0.1173
105,296,6,3,50.23,0.0,1.3,0.12
105,296,6,4,51.22,0.0,1.31,0.1238
105,296,6,5,50.28,0.0,1.186,0.1242
105,296,6,6,51.36,2.16,1.097,0.1311
105,296,6,7,51.0,17.92,1.147,0.1374
105,296,6,8,53.13,35.84,1.385,0.1399
105,296,6,9,53.63,52.34,1.596,0.139
105,296,6,10,54.9,56.95,1.74,0.1365
105,296,6,11,58.12,57.97,1.802,0.1349
105,296,6,12,60.62,56.65,1.756,0.1335
105,296,6,13,66.0,48.75,1.733,0.1327
105,296,6,14,69.95,36.66,1.673,0.1323
105,296,6,15,73.08,21.24,1.665,0.1354
105,296,6,16,76.23,5.67,1.738,0.1368
105,296,6,17,74.74,0.0,2.173,0.1423
105,296,6,18,73.65,0.0,2.671,0.1542
105,296,6,19,75.17,0.0,2.635,0.1648
105,296,6,20,69.09,0.0,2.404,0.1651
105,296,6,21,63.28,0.0,1.969,0.1661
105,296,6,22,59.36,0.0,1.626,0.1495
105,296,6,23,57.53,0.0,1.48,0.1428
105,297,0,0,56.62,0.0,1.45,0.1337
105,297,0,1,53.17,0.0,1.389,0.1343
105,297,0,2,51.62,0.0,1.199,0.1374
105,297,0,3,50.89,0.0,1.156,0.1376
105,297,0,4,49.72,0.0,1.171,0.1416
105,297,0,5,50.29,0.0,1.399,0.1454
105,297,0,6,55.6,1.49,2.066,0.1606
105,297,0,7,66.38,15.04,2.311,0.1699
105,297,0,8,76.28,31.18,2.345,0.1715
105,297,0,9,101.77,44.68,2.511,0.1729
105,297,0,10,115.03,55.88,2.605,0.1689
105,297,0,11,131.48,50.79,2.67,0.1692
105,297,0,12,141.16,57.44,2.679,0.1705
105,297,0,13,146.88,47.79,2.621,0.1667
105,297,0,14,151.38,37.58,2.619,0.1664
105,297,0,15,146.5,22.87,2.677,0.1663
105,297,0,16,146.23,6.44,2.793,0.1669
105,297,0,17,136.34,0.0,2.863,0.1705
105,297,0,18,122.22,0.0,3.442,0.1777
105,297,0,19,104.56,0.0,3.072,0.1811
105,297,0,20,95.16,0.0,2.711,0.1738
105,297,0,21,90.23,0.0,2.014,0.1661
105,297,0,22,75.81,0.0,1.669,0.1508
105,297,0,23,68.68,0.0,1.52,0.1457
105,298,1,0,61.72,0.0,1.421,0.135
105,298,1,1,57.12,0.0,1.233,0.1309
105,298,1,2,55.95,0.0,1.178,0.1312
105,298,1,3,52.12,0.0,1.147,0.1299
105,298,1,4,53.41,0.0,1.146,0.1327
105,298,1,5,53.46,0.0,1.507,0.1422
105,298,1,6,61.04,1.59,2.493,0.1598
105,298,1,7,74.83,13.69,2.731,0.1726
105,298,1,8,77.55,27.06,2.76,0.1761
105,298,1,9,90.87,35.23,2.884,0.174
105,298,1,10,114.09,34.86,2.78,0.1804
105,298,1,11,128.62,36.58,2.678,0.1737
105,298,1,12,137.84,35.88,2.648,0.1733
105,298,1,13,142.34,36.68,2.62,0.1734
105,298,1,14,146.71,26.99,2.487,0.1703
105,298,1,15,147.07,15.81,2.551,0.1683
105,298,1,16,142.88,4.45,2.669,0.1744
105,298,1,17,131.23,0.0,3.005,0.1745
105,298,1,18,117.92,0.0,3.703,0.1809
105,298,1,19,104.86,0.0,3.422,0.1799
105,298,1,20,94.34,0.0,2.911,0.1822
105,298,1,21,85.26,0.0,2.174,0.1763
105,298,1,22,75.99,0.0,1.741,0.1697
105,298,1,23,67.02,0.0,1.589,0.164
105,299,2,0,60.26,0.0,1.523,0.1465
105,299,2,1,63.11,0.0,1.444,0.1413
105,299,2,2,58.82,0.0,1.449,0.1377
105,299,2,3,58.55,0.0,1.53,0.1389
105,299,2,4,57.35,0.0,1.529,0.1425
105,299,2,5,56.96,0.0,2.33,0.1483
105,299,2,6,61.78,1.91,3.428,0.1689
105,299,2,7,73.51,18.91,3.741,0.178
105,299,2,8,79.57,38.97,3.342,0.1785
105,299,2,9,93.75,56.4,3.164,0.1783
105,299,2,10,112.12,68.83,3.067,0.1831
105,299,2,11,126.91,72.4,2.998,0.1871
105,299,2,12,136.47,59.82,2.91,0.1809
105,299,2,13,140.74,47.84,2.816,0.182
105,299,2,14,134.33,36.65,2.764,0.1816
105,299,2,15,133.67,20.36,2.694,0.1804
105,299,2,16,130.42,4.68,2.865,0.181
105,299,2,17,125.43,0.0,3.125,0.1834
105,299,2,18,110.86,0.0,4.286,0.1871
105,299,2,19,98.95,0.0,4.079,0.1921
105,299,2,20,88.64,0.0,3.337,0.1944
105,299,2,21,80.37,0.0,2.968,0.1887
105,299,2,22,73.05,0.0,2.45,0.1698
105,299,2,23,62.2,0.0,2.168,0.1596
105,300,3,0,57.97,0.0,2.084,0.144
105,300,3,1,53.15,0.0,1.912,0.1405
105,300,3,2,49.88,0.0,1.762,0.1426
105,300,3,3,47.56,0.0,1.755,0.1418
105,300,3,4,48.17,0.0,1.752,0.1398
105,300,3,5,48.99,0.0,2.157,0.1503
105,300,3,6,53.13,0.41,3.258,0.175
105,300,3,7,68.88,3.19,3.302,0.1772
105,300,3,8,73.93,6.28,3.212,0.178
105,300,3,9,88.62,8.47,3.288,0.1814
105,300,3,10,113.08,13.11,3.231,0.1821
105,300,3,11,126.96,7.94,3.012,0.1821
105,300,3,12,134.43,10.01,2.857,0.1813
105,300,3,13,139.2,5.17,2.854,0.1805
105,300,3,14,141.8,12.33,2.6,0.1792
105,300,3,15,142.35,4.49,2.611,0.1765
105,300,3,16,137.47,1.42,2.973,0.1735
105,300,3,17,131.86,0.0,3.311,0.1773
105,300,3,18,113.5,0.0,3.845,0.1813
105,300,3,19,98.99,0.0,3.618,0.1919
105,300,3,20,92.84,0.0,2.898,0.1783
105,300,3,21,85.46,0.0,2.36,0.1655
105,300,3,22,78.98,0.0,2.129,0.1511
105,300,3,23,66.6,0.0,1.833,0.1487
105,301,4,0,58.15,0.0,1.773,0.1418
105,301,4,1,58.31,0.0,1.636,0.1406
105,301,4,2,56.31,0.0,1.391,0.1388
105,301,4,3,57.59,0.0,1.369,0.1392
105,301,4,4,56.44,0.0,1.445,0.1336
105,301,4,5,56.7,0.0,1.637,0.1459
105,301,4,6,60.69,0.97,2.319,0.1634
105,301,4,7,71.67,9.96,2.614,0.1693
105,301,4,8,74.16,21.31,2.603,0.1696
105,301,4,9,89.7,30.07,2.76,0.1689
105,301,4,10,111.3,36.33,2.817,0.1776
105,301,4,11,121.79,50.37,2.721,0.1739
105,301,4,12,126.61,52.15,2.702,0.1715
105,301,4,13,127.7,48.59,2.555,0.1697
105,301,4,14,128.73,34.87,2.534,0.1687
105,301,4,15,130.86,20.19,2.51,0.1728
105,301,4,16,132.39,4.5,2.711,0.1758
105,301,4,17,122.55,0.0,3.012,0.1792
105,301,4,18,107.46,0.0,3.425,0.1849
105,301,4,19,93.47,0.0,3.166,0.1856
105,301,4,20,87.21,0.0,2.71,0.1795
105,301,4,21,72.93,0.0,2.405,0.164
105,301,4,22,63.27,0.0,2.0,0.1507
105,301,4,23,56.99,0.0,1.666,0.1484
105,302,5,0,53.27,0.0,1.816,0.1405
105,302,5,1,54.12,0.0,1.771,0.134
105,302,5,2,51.2,0.0,1.766,0.1316
105,302,5,3,51.12,0.0,1.544,0.1277
105,302,5,4,49.68,0.0,1.52,0.1239
105,302,5,5,48.41,0.0,1.496,0.127
105,302,5,6,48.8,1.1,1.669,0.1259
105,302,5,7,48.66,13.87,1.723,0.1324
105,302,5,8,52.8,29.89,1.923,0.1349
105,302,5,9,54.88,44.23,2.172,0.1433
105,302,5,10,55.8,53.63,2.224,0.1442
105,302,5,11,60.58,60.23,2.133,0.1426
105,302,5,12,65.09,62.88,2.078,0.1413
105,302,5,13,69.72,44.12,2.065,0.1372
105,302,5,14,71.19,33.89,1.971,0.1336
105,302,5,15,73.88,17.79,1.952,0.1319
105,302,5,16,74.64,3.43,2.076,0.1307
105,302,5,17,72.42,0.0,2.688,0.1366
105,302,5,18,68.11,0.0,2.884,0.1457
105,302,5,19,64.84,0.0,2.759,0.1435
105,302,5,20,59.41,0.0,2.574,0.1396
105,302,5,21,56.28,0.0,2.02,0.1383
105,302,5,22,54.83,0.0,1.603,0.133
105,302,5,23,54.32,0.0,1.586,0.1353
105,303,6,0,51.22,0.0,1.488,0.1252
105,303,6,1,102.55,0.0,1.416,0.1239
105,303,6,2,50.77,0.0,1.322,0.1224
105,303,6,3,49.88,0.0,1.21,0.1248
105,303,6,4,48.18,0.0,1.204,0.1311
105,303,6,5,48.34,0.0,1.27,0.1239
105,303,6,6,48.91,0.73,1.315,0.1242
105,303,6,7,48.77,10.74,1.34,0.1231
105,303,6,8,50.31,24.9,1.678,0.1285
105,303,6,9,52.56,37.55,1.793,0.1398
105,303,6,10,53.29,49.3,1.821,0.1443
105,303,6,11,61.2,56.77,1.819,0.1477
105,303,6,12,67.05,42.21,1.957,0.1479
105,303,6,13,66.24,37.79,2.025,0.1527
105,303,6,14,64.22,31.01,1.822,0.1554
105,303,6,15,63.19,13.85,1.904,0.1541
105,303,6,16,64.41,2.2,2.077,0.1604
105,303,6,17,67.94,0.0,2.617,0.1694
105,303,6,18,65.63,0.0,3.417,0.1835
105,303,6,19,64.8,0.0,2.972,0.172
105,303,6,20,62.73,0.0,2.492,0.1632
105,303,6,21,58.0,0.0,2.225,0.1566
105,303,6,22,52.12,0.0,1.782,0.1444
105,303,6,23,51.2,0.0,1.529,0.1441
105,304,0,0,57.48,0.0,1.628,0.1366
105,304,0,1,50.44,0.0,1.529,0.1348
105,304,0,2,49.44,0.0,1.429,0.1342
105,304,0,3,48.15,0.0,1.405,0.1314
105,304,0,4,48.94,0.0,1.474,0.1334
105,304,0,5,47.88,0.0,1.766,0.1458
105,304,0,6,53.47,1.19,2.824,0.1701
105,304,0,7,67.08,16.71,2.92,0.181
105,304,0,8,77.84,37.76,3.028,0.1819
105,304,0,9,93.66,55.32,3.081,0.1806
105,304,0,10,114.27,67.37,3.064,0.179
105,304,0,11,127.49,72.97,3.172,0.1802
105,304,0,12,136.48,70.87,3.074,0.1786
105,304,0,13,145.72,61.49,2.907,0.178
105,304,0,14,141.63,44.36,2.8,0.1712
105,304,0,15,140.29,23.17,2.837,0.1691
105,304,0,16,145.77,3.89,2.921,0.1767
105,304,0,17,134.95,0.0,3.424,0.1814
105,304,0,18,115.24,0.0,3.821,0.1829
105,304,0,19,102.81,0.0,3.618,0.1837
105,304,0,20,89.84,0.0,3.27,0.1789
105,304,0,21,81.73,0.0,2.844,0.1726
105,304,0,22,72.8,0.0,2.356,0.1495
105,304,0,23,65.73,0.0,2.161,0.1421
105,305,1,0,62.14,0.0,2.115,0.1393
105,305,1,1,57.66,0.0,1.933,0.1347
105,305,1,2,55.45,0.0,1.884,0.1346
105,305,1,3,53.43,0.0,1.821,0.1349
105,305,1,4,51.09,0.0,1.814,0.1349
105,305,1,5,50.98,0.0,2.149,0.1445
105,305,1,6,57.45,0.9,3.096,0.1577
105,305,1,7,70.44,14.39,3.367,0.1653
105,305,1,8,85.66,33.67,3.165,0.1693
105,305,1,9,101.38,49.81,3.039,0.1693
105,305,1,10,125.93,60.25,3.118,0.174
105,305,1,11,141.03,68.41,3.096,0.1694
105,305,1,12,142.02,63.73,3.002,0.1626
105,305,1,13,147.32,48.48,2.959,0.163
105,305,1,14,147.58,34.92,2.86,0.1631
105,305,1,15,147.3,18.43,2.942,0.1593
105,305,1,16,150.3,2.77,3.025,0.1617
105,305,1,17,147.41,0.0,3.684,0.1661
105,305,1,18,128.12,0.0,4.135,0.1744
105,305,1,19,108.81,0.0,3.745,0.1775
105,305,1,20,92.98,0.0,3.293,0.1655
105,305,1,21,79.52,0.0,2.852,0.1567
105,305,1,22,67.99,0.0,2.385,0.1418
105,305,1,23,64.06,0.0,2.102,0.1411
105,306,2,0,60.2,0.0,1.925,0.1363
105,306,2,1,55.71,0.0,1.801,0.1384
105,306,2,2,54.84,0.0,1.754,0.1378
105,306,2,3,53.11,0.0,1.705,0.1374
105,306,2,4,52.11,0.0,1.582,0.1403
105,306,2,5,49.27,0.0,1.507,0.1451
105,306,2,6,54.22,0.65,2.772,0.1626
105,306,2,7,61.48,11.53,2.766,0.1751
105,306,2,8,75.2,29.89,2.867,0.1707
105,306,2,9,88.41,43.25,2.955,0.1704
105,306,2,10,110.77,54.15,2.84,0.1728
105,306,2,11,128.7,63.18,2.881,0.1639
105,306,2,12,138.71,53.85,2.824,0.1646
105,306,2,13,141.15,47.67,2.725,0.1674
105,306,2,14,141.3,33.83,2.643,0.1717
105,306,2,15,142.56,17.14,2.752,0.1712
105,306,2,16,145.27,2.96,2.902,0.1783
105,306,2,17,131.8,0.0,3.521,0.1769
105,306,2,18,108.35,0.0,3.911,0.1862
105,306,2,19,100.91,0.0,3.581,0.1825
105,306,2,20,100.42,0.0,2.97,0.1777
105,306,2,21,92.34,0.0,2.429,0.1686
105,306,2,22,81.72,0.0,2.109,0.1544
105,306,2,23,66.01,0.0,1.988,0.1525
105,307,3,0,58.8,0.0,1.579,0.1453
105,307,3,1,52.45,0.0,1.473,0.1423
105,307,3,2,52.11,0.0,1.383,0.1363
105,307,3,3,52.86,0.0,1.361,0.1361
105,307,3,4,51.08,0.0,1.386,0.1342
105,307,3,5,52.96,0.0,1.514,0.1468
105,307,3,6,55.93,0.49,2.472,0.162
105,307,3,7,69.4,6.67,2.607,0.1646
105,307,3,8,83.25,14.52,2.641,0.1664
105,307,3,9,94.64,20.73,2.685,0.1702
105,307,3,10,120.21,24.65,2.794,0.1715
105,307,3,11,136.68,27.59,2.847,0.1666
105,307,3,12,144.56,25.71,2.823,0.1615
105,307,3,13,144.44,31.17,2.798,0.163
105,307,3,14,144.14,21.79,2.773,0.1628
105,307,3,15,141.38,11.99,2.806,0.1631
105,307,3,16,141.15,2.2,3.006,0.1706
105,307,3,17,128.27,0.0,3.659,0.1709
105,307,3,18,110.79,0.0,4.0,0.1728
105,307,3,19,93.75,0.0,3.436,0.1731
105,307,3,20,96.78,0.0,2.865,0.169
105,307,3,21,90.7,0.0,2.295,0.16
105,307,3,22,79.02,0.0,1.934,0.1423
105,307,3,23,65.66,0.0,1.856,0.1438
105,308,4,0,54.87,0.0,1.541,0.1339
105,308,4,1,57.2,0.0,1.476,0.1333
105,308,4,2,57.35,0.0,1.426,0.1345
105,308,4,3,55.54,0.0,1.391,0.1328
105,308,4,4,55.71,0.0,1.364,0.1339
105,308,4,5,55.77,0.0,1.457,0.148
105,308,4,6,61.41,0.67,2.497,0.1596
105,308,4,7,75.2,13.81,2.744,0.1639
105,308,4,8,85.52,34.11,2.611,0.1633
105,308,4,9,95.59,51.55,2.662,0.1607
105,308,4,10,118.19,64.02,2.637,0.1593
105,308,4,11,131.46,69.29,2.662,0.1594
105,308,4,12,134.83,68.32,2.638,0.1528
105,308,4,13,138.27,59.75,2.503,0.152
105,308,4,14,142.68,44.25,2.406,0.1537
105,308,4,15,153.68,24.12,2.342,0.1512
105,308,4,16,153.57,4.05,2.671,0.1531
105,308,4,17,137.02,0.0,3.031,0.1561
105,308,4,18,111.43,0.0,3.5,0.1601
105,308,4,19,88.86,0.0,3.145,0.161
105,308,4,20,75.92,0.0,2.649,0.1549
105,308,4,21,64.81,0.0,2.32,0.1456
105,308,4,22,60.72,0.0,2.044,0.1382
105,308,4,23,57.86,0.0,1.87,0.1394
105,309,5,0,52.21,0.0,1.65,0.1334
105,309,5,1,52.34,0.0,1.69,0.1318
105,309,5,2,52.16,0.0,1.473,0.1312
105,309,5,3,51.02,0.0,1.261,0.1294
105,309,5,4,49.73,0.0,1.235,0.1294
105,309,5,5,49.91,0.0,1.337,0.1317
105,309,5,6,50.22,0.63,1.661,0.1317
105,309,5,7,50.49,13.75,1.621,0.1351
105,309,5,8,56.81,33.78,1.998,0.1421
105,309,5,9,56.39,50.9,2.178,0.1486
105,309,5,10,63.78,62.76,2.302,0.1504
105,309,5,11,63.88,67.21,2.122,0.1464
105,309,5,12,73.58,63.73,2.016,0.1439
105,309,5,13,83.22,51.97,1.944,0.1422
105,309,5,14,86.02,37.95,1.748,0.1374
105,309,5,15,85.41,19.88,1.685,0.1379
105,309,5,16,85.73,2.99,2.001,0.1386
105,309,5,17,85.59,0.0,2.539,0.1403
105,309,5,18,77.77,0.0,3.097,0.1523
105,309,5,19,65.59,0.0,2.702,0.1575
105,309,5,20,60.52,0.0,2.444,0.1512
105,309,5,21,58.37,0.0,1.89,0.1457
105,309,5,22,57.38,0.0,1.716,0.1396
105,309,5,23,54.84,0.0,1.67,0.1292
105,310,6,0,52.66,0.0,1.478,0.1201
105,310,6,1,52.75,0.0,1.2365,0.1155
105,310,6,2,52.5,0.0,1.119,0.1129
105,310,6,3,52.51,0.0,1.015,0.1115
105,310,6,4,51.12,0.0,1.017,0.1132
105,310,6,5,51.38,0.0,1.017,0.1153
105,310,6,6,49.65,0.52,1.147,0.1207
105,310,6,7,49.77,12.89,1.165,0.1167
105,310,6,8,50.41,32.58,1.417,0.1155
105,310,6,9,48.55,49.85,1.687,0.1221
105,310,6,10,49.54,63.89,1.63,0.1272
105,310,6,11,60.0,63.91,1.818,0.1255
105,310,6,12,62.88,54.93,1.785,0.1258
105,310,6,13,62.59,47.03,1.672,0.1286
105,310,6,14,60.08,33.99,1.671,0.1347
105,310,6,15,60.56,18.54,1.683,0.1398
105,310,6,16,62.2,3.07,2.56,0.1475
105,310,6,17,63.27,0.0,3.5,0.1591
105,310,6,18,63.98,0.0,3.448,0.1674
105,310,6,19,65.84,0.0,2.94,0.1652
105,310,6,20,62.25,0.0,2.602,0.1604
105,310,6,21,58.7,0.0,2.04,0.1564
105,310,6,22,59.22,0.0,1.647,0.1393
105,310,6,23,56.54,0.0,1.652,0.1363
105,311,0,0,56.78,0.0,1.527,0.1407
105,311,0,1,52.74,0.0,1.415,0.1427
105,311,0,2,51.09,0.0,1.331,0.1452
105,311,0,3,50.94,0.0,1.351,0.1466
105,311,0,4,49.72,0.0,1.483,0.1522
105,311,0,5,50.77,0.0,1.742,0.1618
105,311,0,6,54.53,0.0,3.051,0.178
105,311,0,7,66.55,14.75,2.9,0.1821
105,311,0,8,77.34,34.06,2.836,0.1796
105,311,0,9,88.23,51.4,2.78,0.1811
105,311,0,10,116.01,63.44,2.729,0.175
105,311,0,11,129.98,57.32,2.67,0.1745
105,311,0,12,137.53,66.38,2.54,0.173
105,311,0,13,138.46,57.11,2.501,0.1699
105,311,0,14,144.73,41.65,2.373,0.1675
105,311,0,15,148.1,21.84,2.445,0.1741
105,311,0,16,140.6,3.09,3.026,0.1765
105,311,0,17,127.73,0.0,4.099,0.1853
105,311,0,18,111.3,0.0,3.825,0.1898
105,311,0,19,100.93,0.0,3.098,0.1846
105,311,0,20,84.59,0.0,2.7,0.1761
105,311,0,21,75.08,0.0,2.141,0.1674
105,311,0,22,68.16,0.0,1.752,0.1581
105,311,0,23,61.98,0.0,1.7,0.1539
105,312,1,0,59.13,0.0,1.576,0.147
105,312,1,1,59.2,0.0,1.49,0.142
105,312,1,2,60.37,0.0,1.47,0.1398
105,312,1,3,58.75,0.0,1.486,0.1394
105,312,1,4,57.32,0.0,1.515,0.1389
105,312,1,5,57.18,0.0,1.695,0.1518
105,312,1,6,62.37,0.0,2.906,0.1689
105,312,1,7,76.11,14.0,2.928,0.1726
105,312,1,8,79.09,31.91,3.048,0.1748
105,312,1,9,99.33,48.61,2.974,0.1765
105,312,1,10,122.88,59.66,2.851,0.1706
105,312,1,11,133.37,67.27,2.691,0.1629
105,312,1,12,140.54,65.49,2.539,0.1591
105,312,1,13,142.55,55.23,2.608,0.1658
105,312,1,14,141.03,39.48,2.502,0.1712
105,312,1,15,142.55,19.83,2.776,0.1728
105,312,1,16,142.25,2.61,3.49,0.1758
105,312,1,17,135.59,0.0,4.516,0.181
105,312,1,18,115.59,0.0,4.103,0.1789
105,312,1,19,103.12,0.0,3.309,0.1805
105,312,1,20,90.98,0.0,2.96,0.1728
105,312,1,21,77.33,0.0,2.46,0.1656
105,312,1,22,70.97,0.0,1.954,0.1564
105,312,1,23,64.81,0.0,1.707,0.1537
105,313,2,0,57.43,0.0,1.512,0.1551
105,313,2,1,54.07,0.0,1.415,0.1591
105,313,2,2,55.47,0.0,1.382,0.1515
105,313,2,3,52.52,0.0,1.373,0.1506
105,313,2,4,51.02,0.0,1.353,0.1468
105,313,2,5,50.98,0.0,1.513,0.1518
105,313,2,6,56.05,0.0,2.684,0.1682
105,313,2,7,69.56,3.26,2.633,0.1786
105,313,2,8,81.66,6.68,2.802,0.1662
105,313,2,9,97.14,9.46,2.774,0.1634
105,313,2,10,128.41,12.11,2.853,0.1668
105,313,2,11,139.12,15.39,2.819,0.1712
105,313,2,12,152.02,10.22,2.7,0.1695
105,313,2,13,154.29,13.33,2.627,0.1701
105,313,2,14,148.84,9.08,2.504,0.1715
105,313,2,15,149.73,4.8,2.693,0.1773
105,313,2,16,147.34,0.82,3.668,0.1831
105,313,2,17,144.2,0.0,4.262,0.1912
105,313,2,18,124.12,0.0,4.068,0.1856
105,313,2,19,106.66,0.0,3.385,0.1823
105,313,2,20,90.95,0.0,2.892,0.1798
105,313,2,21,74.05,0.0,2.4,0.1664
105,313,2,22,69.12,0.0,2.011,0.1526
105,313,2,23,60.85,0.0,1.808,0.1554
105,314,3,0,56.77,0.0,1.803,0.1559
105,314,3,1,56.19,0.0,1.748,0.1497
105,314,3,2,55.06,0.0,1.602,0.1447
105,314,3,3,49.11,0.0,1.62,0.1429
105,314,3,4,50.11,0.0,1.616,0.1388
105,314,3,5,48.98,0.0,1.773,0.1458
105,314,3,6,55.6,0.0,2.669,0.1652
105,314,3,7,67.95,13.2,2.706,0.1709
105,314,3,8,74.77,31.79,2.952,0.172
105,314,3,9,94.73,48.35,3.005,0.169
105,314,3,10,117.52,59.3,2.906,0.1646
105,314,3,11,134.39,62.66,2.783,0.1592
105,314,3,12,135.94,59.66,2.6,0.1581
105,314,3,13,138.3,48.86,2.522,0.157
105,314,3,14,144.63,34.19,2.406,0.1591
105,314,3,15,142.45,16.4,2.746,0.1592
105,314,3,16,139.58,1.91,3.702,0.1647
105,314,3,17,132.95,0.0,4.462,0.173
105,314,3,18,114.73,0.0,4.065,0.1729
105,314,3,19,97.31,0.0,3.325,0.1708
105,314,3,20,83.55,0.0,2.851,0.163
105,314,3,21,74.37,0.0,2.507,0.152
105,314,3,22,70.73,0.0,1.839,0.133
105,314,3,23,63.43,0.0,1.899,0.1237
105,315,4,0,56.89,0.0,1.771,0.1242
105,315,4,1,56.31,0.0,1.774,0.1245
105,315,4,2,56.05,0.0,1.619,0.1279
105,315,4,3,51.5,0.0,1.684,0.1286
105,315,4,4,53.1,0.0,1.669,0.1264
105,315,4,5,54.01,0.0,1.45,0.1342
105,315,4,6,58.99,0.0,2.427,0.1378
105,315,4,7,72.0,10.58,2.466,0.137
105,315,4,8,78.62,26.93,2.548,0.1458
105,315,4,9,91.73,41.32,2.516,0.1457
105,315,4,10,116.57,51.45,2.415,0.1505
105,315,4,11,127.27,56.03,2.36,0.154
105,315,4,12,131.2,59.93,2.191,0.157
105,315,4,13,131.77,50.03,2.193,0.1567
105,315,4,14,136.27,36.99,2.072,0.1579
105,315,4,15,131.41,18.74,2.133,0.1603
105,315,4,16,133.01,2.52,2.911,0.163
105,315,4,17,118.33,0.0,3.511,0.1754
105,315,4,18,102.34,0.0,3.102,0.176
105,315,4,19,90.41,0.0,2.766,0.1719
105,315,4,20,81.37,0.0,2.453,0.1654
105,315,4,21,69.87,0.0,2.279,0.1571
105,315,4,22,63.73,0.0,1.911,0.1459
105,315,4,23,58.21,0.0,1.823,0.1451
105,316,5,0,57.54,0.0,1.815,0.1339
105,316,5,1,56.65,0.0,1.775,0.128
105,316,5,2,55.4,0.0,1.609,0.1333
105,316,5,3,54.34,0.0,1.661,0.1358
105,316,5,4,54.45,0.0,1.699,0.1394
105,316,5,5,54.32,0.0,1.783,0.1417
105,316,5,6,51.72,0.0,1.968,0.1421
105,316,5,7,53.21,13.33,2.062,0.1458
105,316,5,8,55.5,33.52,2.364,0.146
105,316,5,9,56.84,50.96,2.547,0.1402
105,316,5,10,58.37,62.71,2.431,0.1353
105,316,5,11,61.92,67.5,2.175,0.1347
105,316,5,12,65.63,65.12,2.097,0.1356
105,316,5,13,72.3,55.76,2.039,0.135
105,316,5,14,73.04,40.37,1.884,0.1344
105,316,5,15,72.47,20.53,1.952,0.1333
105,316,5,16,71.69,2.45,2.813,0.1416
105,316,5,17,69.41,0.0,3.385,0.1522
105,316,5,18,66.61,0.0,3.378,0.1512
105,316,5,19,64.48,0.0,2.998,0.1469
105,316,5,20,60.1,0.0,2.649,0.1395
105,316,5,21,58.45,0.0,2.386,0.1309
105,316,5,22,63.07,0.0,2.011,0.121
105,316,5,23,60.09,0.0,1.788,0.1297
105,317,6,0,55.35,0.0,1.842,0.1248
105,317,6,1,55.61,0.0,1.729,0.1256
105,317,6,2,55.26,0.0,1.68,0.1253
105,317,6,3,54.17,0.0,1.703,0.1266
105,317,6,4,53.75,0.0,1.637,0.1279
105,317,6,5,52.6,0.0,1.617,0.1262
105,317,6,6,51.4,0.0,1.721,0.1268
105,317,6,7,48.14,10.76,1.696,0.1231
105,317,6,8,47.41,29.64,2.076,0.1204
105,317,6,9,51.34,46.82,2.164,0.1197
105,317,6,10,55.47,58.98,2.188,0.1158
105,317,6,11,58.05,66.1,1.919,0.119
105,317,6,12,61.96,63.89,1.859,0.119
105,317,6,13,64.35,54.63,1.783,0.12
105,317,6,14,68.01,39.46,1.798,0.1262
105,317,6,15,70.21,19.95,1.858,0.1336
105,317,6,16,66.69,2.26,2.716,0.1424
105,317,6,17,65.27,0.0,3.555,0.1553
105,317,6,18,66.66,0.0,3.2,0.1514
105,317,6,19,67.34,0.0,2.8,0.1441
105,317,6,20,66.2,0.0,2.385,0.1344
105,317,6,21,64.88,0.0,2.085,0.1315
105,317,6,22,62.23,0.0,1.811,0.1302
105,317,6,23,58.11,0.0,1.679,0.1265
105,318,0,0,57.86,0.0,1.584,0.1306
105,318,0,1,52.95,0.0,1.525,0.1331
105,318,0,2,52.23,0.0,1.367,0.1334
105,318,0,3,50.7,0.0,1.403,0.1318
105,318,0,4,50.02,0.0,1.554,0.1308
105,318,0,5,51.01,0.0,1.566,0.1339
105,318,0,6,56.34,0.0,2.57,0.1519
105,318,0,7,68.52,11.78,2.676,0.1569
105,318,0,8,77.52,31.86,2.952,0.1618
105,318,0,9,94.8,49.12,2.952,0.1668
105,318,0,10,126.88,60.77,2.777,0.1637
105,318,0,11,142.58,64.25,2.619,0.1641
105,318,0,12,152.69,51.38,2.534,0.1675
105,318,0,13,160.8,32.4,2.488,0.1679
105,318,0,14,162.19,21.64,2.469,0.1672
105,318,0,15,162.98,11.09,2.606,0.1712
105,318,0,16,159.53,1.09,3.465,0.1783
105,318,0,17,151.95,0.0,4.307,0.1858
105,318,0,18,132.9,0.0,3.933,0.1831
105,318,0,19,112.62,0.0,3.411,0.1816
105,318,0,20,99.6,0.0,3.083,0.175
105,318,0,21,89.27,0.0,2.647,0.1714
105,318,0,22,73.44,0.0,2.131,0.1544
105,318,0,23,67.43,0.0,1.962,0.144
105,319,1,0,60.64,0.0,1.589,0.1423
105,319,1,1,57.01,0.0,1.478,0.1416
105,319,1,2,56.23,0.0,1.355,0.143
105,319,1,3,52.6,0.0,1.344,0.1468
105,319,1,4,51.94,0.0,1.46,0.1491
105,319,1,5,52.73,0.0,1.593,0.1533
105,319,1,6,59.41,0.0,2.568,0.1705
105,319,1,7,70.93,2.96,2.707,0.1764
105,319,1,8,83.99,7.18,3.1,0.1808
105,319,1,9,99.41,10.89,2.955,0.1824
105,319,1,10,124.87,12.84,2.879,0.1828
105,319,1,11,147.54,12.6,2.765,0.1839
105,319,1,12,150.51,24.89,2.696,0.1834
105,319,1,13,156.2,23.64,2.674,0.1824
105,319,1,14,155.84,17.65,2.587,0.1824
105,319,1,15,159.83,9.07,2.771,0.1845
105,319,1,16,157.43,1.21,3.287,0.1825
105,319,1,17,147.81,0.0,3.994,0.1914
105,319,1,18,126.47,0.0,3.548,0.1849
105,319,1,19,106.51,0.0,3.272,0.1856
105,319,1,20,96.22,0.0,2.856,0.1801
105,319,1,21,89.2,0.0,2.551,0.178
105,319,1,22,82.7,0.0,2.112,0.1556
105,319,1,23,68.38,0.0,2.0,0.1449
105,320,2,0,78.35,0.0,1.604,0.1406
105,320,2,1,93.79,0.0,1.441,0.1407
105,320,2,2,93.79,0.0,1.287,0.1387
105,320,2,3,93.79,0.0,1.25,0.1373
105,320,2,4,93.79,0.0,1.348,0.1363
105,320,2,5,93.79,0.0,1.515,0.1512
105,320,2,6,93.79,0.0,2.382,0.1684
105,320,2,7,93.79,9.34,2.731,0.1759
105,320,2,8,93.79,28.06,2.757,0.1763
105,320,2,9,93.79,44.65,2.643,0.1763
105,320,2,10,93.79,56.06,2.643,0.1765
105,320,2,11,93.79,58.67,2.506,0.1767
105,320,2,12,93.79,52.61,2.39,0.1763
105,320,2,13,93.79,43.22,2.404,0.1725
105,320,2,14,93.79,28.58,2.238,0.1704
105,320,2,15,93.79,12.74,2.482,0.1696
105,320,2,16,93.79,1.11,3.272,0.1743
105,320,2,17,93.79,0.0,3.8,0.1791
105,320,2,18,93.79,0.0,3.275,0.18
105,320,2,19,93.79,0.0,3.082,0.1778
105,320,2,20,93.79,0.0,2.67,0.1719
105,320,2,21,93.79,0.0,2.28,0.1701
105,320,2,22,93.79,0.0,1.955,0.1572
105,320,2,23,93.79,0.0,1.857,0.1406
105,321,3,0,72.64,0.0,1.705,0.1331
105,321,3,1,70.63,0.0,1.59,0.1337
105,321,3,2,47.73,0.0,1.439,0.1328
105,321,3,3,48.15,0.0,1.43,0.1328
105,321,3,4,47.23,0.0,1.458,0.1327
105,321,3,5,47.22,0.0,1.667,0.1452
105,321,3,6,53.71,0.0,2.438,0.1721
105,321,3,7,72.37,9.03,2.79,0.1755
105,321,3,8,78.79,27.88,2.657,0.1732
105,321,3,9,92.42,44.53,2.634,0.175
105,321,3,10,119.04,56.11,2.634,0.1707
105,321,3,11,133.45,60.64,2.482,0.1701
105,321,3,12,141.96,59.01,2.336,0.1645
105,321,3,13,148.13,50.09,2.278,0.1623
105,321,3,14,150.3,35.3,2.184,0.1676
105,321,3,15,150.37,16.72,2.303,0.1743
105,321,3,16,147.45,1.53,3.134,0.1812
105,321,3,17,134.42,0.0,3.802,0.188
105,321,3,18,119.99,0.0,3.268,0.1908
105,321,3,19,101.09,0.0,3.005,0.1874
105,321,3,20,86.42,0.0,2.645,0.1796
105,321,3,21,78.01,0.0,2.406,0.1718
105,321,3,22,74.41,0.0,2.119,0.1539
105,321,3,23,62.73,0.0,1.856,0.1506
105,322,4,0,50.27,0.0,1.851,0.143
105,322,4,1,48.94,0.0,1.676,0.1376
105,322,4,2,47.59,0.0,1.533,0.1384
105,322,4,3,46.85,0.0,1.537,0.1395
105,322,4,4,46.7,0.0,1.644,0.1403
105,322,4,5,46.49,0.0,1.799,0.1479
105,322,4,6,51.0,0.0,2.601,0.1715
105,322,4,7,63.59,8.59,2.767,0.1758
105,322,4,8,73.95,27.45,2.779,0.1706
105,322,4,9,93.05,44.12,2.726,0.1679
105,322,4,10,118.11,55.56,2.555,0.1657
105,322,4,11,136.5,60.89,2.41,0.1657
105,322,4,12,144.25,58.81,2.322,0.1665
105,322,4,13,146.67,50.16,2.297,0.17
105,322,4,14,145.97,35.41,2.255,0.1677
105,322,4,15,145.74,16.86,2.314,0.169
105,322,4,16,140.54,1.53,3.303,0.1768
105,322,4,17,131.05,0.0,4.052,0.1814
105,322,4,18,121.61,0.0,3.247,0.1774
105,322,4,19,104.06,0.0,3.084,0.1686
105,322,4,20,89.18,0.0,2.434,0.1631
105,322,4,21,82.51,0.0,2.277,0.1507
105,322,4,22,66.84,0.0,2.003,0.1341
105,322,4,23,56.59,0.0,1.772,0.1349
105,323,5,0,51.98,0.0,1.715,0.1262
105,323,5,1,50.97,0.0,1.471,0.1238
105,323,5,2,49.35,0.0,1.444,0.124
105,323,5,3,48.34,0.0,1.418,0.1217
105,323,5,4,49.17,0.0,1.541,0.1239
105,323,5,5,45.53,0.0,1.504,0.1228
105,323,5,6,43.84,0.0,1.51,0.1232
105,323,5,7,45.26,8.5,1.514,0.1283
105,323,5,8,47.83,27.38,1.842,0.1368
105,323,5,9,47.8,43.92,2.169,0.1382
105,323,5,10,50.72,55.15,2.328,0.1355
105,323,5,11,53.57,60.67,2.082,0.1355
105,323,5,12,59.28,58.47,2.1,0.1301
105,323,5,13,65.67,47.23,2.301,0.1276
105,323,5,14,69.77,31.65,2.082,0.1304
105,323,5,15,70.39,14.2,2.006,0.1293
105,323,5,16,77.38,1.19,2.86,0.1362
105,323,5,17,74.89,0.0,3.298,0.1428
105,323,5,18,65.7,0.0,3.209,0.1421
105,323,5,19,64.09,0.0,2.954,0.1458
105,323,5,20,64.12,0.0,2.492,0.1424
105,323,5,21,67.03,0.0,1.975,0.1409
105,323,5,22,62.88,0.0,1.966,0.1306
105,323,5,23,54.2,0.0,1.53,0.1247
105,324,6,0,50.49,0.0,1.9,0.1193
105,324,6,1,52.46,0.0,1.835,0.1204
105,324,6,2,50.67,0.0,1.71,0.1184
105,324,6,3,49.92,0.0,1.706,0.1201
105,324,6,4,50.79,0.0,1.637,0.1193
105,324,6,5,52.97,0.0,1.566,0.1246
105,324,6,6,51.56,0.0,1.52,0.1255
105,324,6,7,52.07,3.11,1.624,0.1276
105,324,6,8,52.54,12.87,2.1,0.1301
105,324,6,9,53.54,20.83,2.312,0.1376
105,324,6,10,61.25,27.03,2.359,0.1385
105,324,6,11,67.86,28.91,2.345,0.1416
105,324,6,12,65.17,27.89,2.306,0.1382
105,324,6,13,58.38,14.83,2.288,0.1396
105,324,6,14,63.8,12.9,2.254,0.1438
105,324,6,15,68.94,5.86,2.235,0.1473
105,324,6,16,70.09,0.72,3.399,0.1543
105,324,6,17,65.62,0.0,4.0,0.1632
105,324,6,18,59.42,0.0,3.777,0.1651
105,324,6,19,56.35,0.0,3.5,0.1609
105,324,6,20,55.13,0.0,2.904,0.1584
105,324,6,21,51.1,0.0,2.419,0.153
105,324,6,22,49.09,0.0,2.5,0.1357
105,324,6,23,46.34,0.0,2.122,0.1244
105,325,0,0,50.97,0.0,2.398,0.1244
105,325,0,1,45.44,0.0,2.136,0.1294
105,325,0,2,45.95,0.0,1.978,0.1277
105,325,0,3,43.7,0.0,1.866,0.1274
105,325,0,4,43.15,0.0,1.954,0.1259
105,325,0,5,45.04,0.0,2.388,0.1359
105,325,0,6,49.69,0.0,3.428,0.1535
105,325,0,7,60.58,4.55,3.434,0.1697
105,325,0,8,71.31,14.1,3.692,0.1748
105,325,0,9,93.11,19.89,3.723,0.1785
105,325,0,10,119.56,22.41,3.593,0.1822
105,325,0,11,139.68,24.59,3.472,0.1836
105,325,0,12,161.04,26.53,3.304,0.1818
105,325,0,13,168.05,28.05,3.203,0.1809
105,325,0,14,160.06,20.45,3.173,0.1809
105,325,0,15,162.38,10.59,3.33,0.1836
105,325,0,16,162.87,1.15,4.3,0.1896
105,325,0,17,157.12,0.0,5.304,0.193
105,325,0,18,128.86,0.0,4.839,0.1927
105,325,0,19,114.9,0.0,4.287,0.1884
105,325,0,20,98.16,0.0,3.513,0.1844
105,325,0,21,79.25,0.0,3.105,0.1743
105,325,0,22,72.73,0.0,2.737,0.1516
105,325,0,23,64.52,0.0,2.537,0.1448
105,326,1,0,55.18,0.0,2.265,0.1429
105,326,1,1,54.58,0.0,2.027,0.1417
105,326,1,2,55.25,0.0,1.959,0.1433
105,326,1,3,49.97,0.0,1.762,0.1402
105,326,1,4,49.88,0.0,1.911,0.1413
105,326,1,5,49.98,0.0,2.302,0.1517
105,326,1,6,55.63,0.0,3.151,0.1675
105,326,1,7,67.65,4.61,3.199,0.177
105,326,1,8,79.64,16.55,3.472,0.1824
105,326,1,9,102.17,28.92,3.525,0.1852
105,326,1,10,129.06,37.23,3.454,0.1801
105,326,1,11,155.4,39.52,3.317,0.1781
105,326,1,12,155.98,43.6,3.024,0.1784
105,326,1,13,155.16,37.13,2.96,0.1755
105,326,1,14,155.31,26.28,2.883,0.1751
105,326,1,15,156.32,12.46,2.94,0.1785
105,326,1,16,156.28,1.18,3.688,0.1909
105,326,1,17,144.05,0.0,4.825,0.1983
105,326,1,18,122.3,0.0,4.467,0.1979
105,326,1,19,105.12,0.0,3.903,0.1998
105,326,1,20,91.16,0.0,3.439,0.197
105,326,1,21,80.26,0.0,3.116,0.193
105,326,1,22,74.8,0.0,2.727,0.1687
105,326,1,23,64.01,0.0,2.598,0.1654
105,327,2,0,59.65,0.0,2.766,0.1541
105,327,2,1,51.89,0.0,2.511,0.1488
105,327,2,2,48.2,0.0,2.392,0.1463
105,327,2,3,48.87,0.0,2.354,0.1448
105,327,2,4,46.81,0.0,2.475,0.1462
105,327,2,5,47.98,0.0,2.82,0.1682
105,327,2,6,51.41,0.0,3.557,0.1991
105,327,2,7,60.82,7.74,3.674,0.2008
105,327,2,8,74.96,27.44,3.706,0.2017
105,327,2,9,91.39,45.14,3.566,0.2012
105,327,2,10,122.12,57.29,3.33,0.1989
105,327,2,11,136.25,62.32,3.071,0.1985
105,327,2,12,145.83,58.79,2.888,0.1963
105,327,2,13,150.94,47.54,2.829,0.1998
105,327,2,14,154.34,31.89,2.769,0.2013
105,327,2,15,161.43,14.23,2.858,0.1982
105,327,2,16,158.95,1.03,3.938,0.1999
105,327,2,17,152.6,0.0,4.553,0.2056
105,327,2,18,133.06,0.0,4.028,0.2011
105,327,2,19,118.44,0.0,3.926,0.1945
105,327,2,20,105.88,0.0,3.345,0.1936
105,327,2,21,96.48,0.0,3.006,0.1902
105,327,2,22,77.66,0.0,2.747,0.1775
105,327,2,23,70.08,0.0,2.651,0.1696
105,328,3,0,60.02,0.0,2.571,0.1604
105,328,3,1,63.99,0.0,2.374,0.1565
105,328,3,2,60.84,0.0,2.218,0.1511
105,328,3,3,58.65,0.0,2.225,0.1531
105,328,3,4,60.29,0.0,2.186,0.1511
105,328,3,5,60.59,0.0,2.208,0.1597
105,328,3,6,61.8,0.0,2.706,0.1591
105,328,3,7,70.68,2.87,2.557,0.1564
105,328,3,8,83.26,9.7,2.85,0.1651
105,328,3,9,99.17,15.83,3.01,0.1699
105,328,3,10,127.21,20.56,2.964,0.1823
105,328,3,11,146.06,21.55,2.961,0.1836
105,328,3,12,154.96,17.48,2.743,0.1837
105,328,3,13,154.92,16.05,2.587,0.1833
105,328,3,14,157.7,11.52,2.405,0.1779
105,328,3,15,153.84,4.77,2.462,0.1775
105,328,3,16,155.57,0.52,2.848,0.1817
105,328,3,17,142.61,0.0,3.422,0.1798
105,328,3,18,126.76,0.0,3.172,0.1791
105,328,3,19,110.49,0.0,3.099,0.1744
105,328,3,20,95.96,0.0,2.754,0.1752
105,328,3,21,86.55,0.0,2.559,0.1733
105,328,3,22,81.13,0.0,2.298,0.162
105,328,3,23,67.7,0.0,2.21,0.1639
105,329,4,0,56.19,0.0,2.333,0.1589
105,329,4,1,54.61,0.0,2.258,0.1595
105,329,4,2,54.11,0.0,2.115,0.1607
105,329,4,3,52.12,0.0,2.062,0.1572
105,329,4,4,50.93,0.0,1.994,0.1607
105,329,4,5,53.52,0.0,1.998,0.1703
105,329,4,6,53.92,0.0,2.471,0.1772
105,329,4,7,63.9,2.53,2.407,0.1679
105,329,4,8,77.04,13.97,2.567,0.1773
105,329,4,9,97.79,28.01,2.715,0.1797
105,329,4,10,124.54,28.78,2.725,0.1806
105,329,4,11,136.33,35.88,2.772,0.1747
105,329,4,12,140.3,25.81,2.643,0.1708
105,329,4,13,144.23,17.06,2.603,0.1744
105,329,4,14,143.22,11.42,2.529,0.1746
105,329,4,15,142.34,4.75,2.603,0.1793
105,329,4,16,142.52,0.47,3.082,0.1911
105,329,4,17,129.05,0.0,3.655,0.1965
105,329,4,18,117.35,0.0,3.445,0.1943
105,329,4,19,100.63,0.0,3.22,0.1934
105,329,4,20,85.97,0.0,2.956,0.1876
105,329,4,21,76.64,0.0,2.646,0.1862
105,329,4,22,67.2,0.0,2.493,0.1702
105,329,4,23,59.37,0.0,2.26,0.1615
105,330,5,0,55.3,0.0,2.587,0.1539
105,330,5,1,54.8,0.0,2.236,0.151
105,330,5,2,53.45,0.0,2.065,0.1491
105,330,5,3,52.35,0.0,2.067,0.1446
105,330,5,4,49.97,0.0,2.078,0.1436
105,330,5,5,49.95,0.0,2.075,0.1493
105,330,5,6,56.38,0.0,2.501,0.1568
105,330,5,7,61.41,2.79,2.456,0.1565
105,330,5,8,60.42,11.79,2.744,0.1613
105,330,5,9,59.06,21.13,2.928,0.1709
105,330,5,10,62.19,28.73,2.965,0.1767
105,330,5,11,62.72,30.37,2.866,0.1779
105,330,5,12,65.02,28.96,2.749,0.1773
105,330,5,13,68.22,24.4,2.578,0.1761
105,330,5,14,72.38,18.03,2.574,0.1734
105,330,5,15,73.48,9.2,2.627,0.1757
105,330,5,16,74.89,0.83,3.224,0.1871
105,330,5,17,71.12,0.0,3.92,0.2002
105,330,5,18,69.3,0.0,3.688,0.1982
105,330,5,19,71.34,0.0,3.467,0.1953
105,330,5,20,65.74,0.0,3.053,0.187
105,330,5,21,59.3,0.0,2.826,0.1818
105,330,5,22,57.91,0.0,2.714,0.1697
105,330,5,23,55.34,0.0,2.483,0.1752
105,331,6,0,56.18,0.0,2.835,0.1702
105,331,6,1,53.83,0.0,2.557,0.1622
105,331,6,2,51.63,0.0,2.344,0.164
105,331,6,3,51.77,0.0,2.359,0.1569
105,331,6,4,52.78,0.0,2.397,0.1544
105,331,6,5,51.8,0.0,2.416,0.1556
105,331,6,6,51.08,0.0,2.773,0.1664
105,331,6,7,51.89,4.73,2.224,0.1657
105,331,6,8,51.93,20.88,2.609,0.1681
105,331,6,9,52.43,36.09,2.809,0.1743
105,331,6,10,53.98,46.45,2.838,0.175
105,331,6,11,59.32,53.17,2.857,0.1736
105,331,6,12,62.81,47.92,2.795,0.1742
105,331,6,13,64.73,37.35,2.751,0.1745
105,331,6,14,67.17,24.74,2.764,0.1727
105,331,6,15,69.59,10.83,2.81,0.179
105,331,6,16,66.7,0.71,3.69,0.1952
105,331,6,17,69.56,0.0,4.511,0.2137
105,331,6,18,71.63,0.0,4.057,0.2076
105,331,6,19,73.1,0.0,3.987,0.2058
105,331,6,20,71.26,0.0,3.524,0.2052
105,331,6,21,67.47,0.0,3.245,0.1981
105,331,6,22,63.05,0.0,2.918,0.1823
105,331,6,23,58.34,0.0,2.81,0.1792
105,332,0,0,62.06,0.0,2.916,0.1838
105,332,0,1,57.55,0.0,2.775,0.1775
105,332,0,2,56.25,0.0,2.759,0.1722
105,332,0,3,54.78,0.0,2.764,0.1745
105,332,0,4,55.26,0.0,2.914,0.1794
105,332,0,5,54.67,0.0,3.061,0.192
105,332,0,6,57.7,0.0,3.733,0.212
105,332,0,7,68.11,5.09,3.807,0.2139
105,332,0,8,75.89,22.72,4.011,0.2107
105,332,0,9,105.1,39.2,4.051,0.2062
105,332,0,10,135.65,50.71,3.697,0.2053
105,332,0,11,153.81,56.01,3.497,0.201
105,332,0,12,165.45,53.74,3.396,0.1956
105,332,0,13,167.8,43.38,3.241,0.1976
105,332,0,14,168.97,28.5,3.109,0.2007
105,332,0,15,164.16,12.28,3.215,0.2007
105,332,0,16,163.3,0.8,4.117,0.2077
105,332,0,17,152.78,0.0,4.88,0.2206
105,332,0,18,138.53,0.0,4.465,0.218
105,332,0,19,114.49,0.0,4.259,0.2081
105,332,0,20,95.16,0.0,3.575,0.2033
105,332,0,21,87.23,0.0,3.225,0.198
105,332,0,22,71.2,0.0,2.999,0.1748
105,332,0,23,68.45,0.0,2.796,0.1671
105,333,1,0,60.29,0.0,2.77,0.1653
105,333,1,1,56.01,0.0,2.628,0.1619
105,333,1,2,58.12,0.0,2.414,0.1633
105,333,1,3,56.68,0.0,2.47,0.1615
105,333,1,4,57.29,0.0,2.505,0.158
105,333,1,5,55.77,0.0,2.778,0.1664
105,333,1,6,58.6,0.0,3.071,0.1765
105,333,1,7,72.17,0.91,3.107,0.1917
105,333,1,8,85.16,3.26,3.373,0.1984
105,333,1,9,106.58,4.85,3.422,0.2029
105,333,1,10,143.38,5.64,3.134,0.2093
105,333,1,11,168.14,5.09,3.221,0.2081
105,333,1,12,169.66,5.03,3.022,0.2109
105,333,1,13,173.94,13.99,3.022,0.2205
105,333,1,14,172.03,9.49,3.022,0.2192
105,333,1,15,171.35,3.88,3.093,0.227
105,333,1,16,171.6,0.35,4.227,0.2304
105,333,1,17,160.52,0.0,4.748,0.2277
105,333,1,18,138.77,0.0,4.056,0.2295
105,333,1,19,115.06,0.0,3.7,0.2297
105,333,1,20,102.89,0.0,3.263,0.223
105,333,1,21,90.67,0.0,3.013,0.2085
105,333,1,22,74.57,0.0,2.81,0.1862
105,333,1,23,66.62,0.0,2.568,0.1774
105,334,2,0,59.33,0.0,2.383,0.173
105,334,2,1,58.77,0.0,2.206,0.1773
105,334,2,2,57.59,0.0,2.09,0.1755
105,334,2,3,57.45,0.0,2.11,0.1759
105,334,2,4,56.84,0.0,2.173,0.1768
105,334,2,5,57.42,0.0,2.304,0.1821
105,334,2,6,58.72,0.0,2.847,0.1871
105,334,2,7,72.58,1.47,3.057,0.1956
105,334,2,8,79.02,5.82,3.247,0.1991
105,334,2,9,105.22,9.3,3.366,0.1974
105,334,2,10,142.98,9.88,3.359,0.1954
105,334,2,11,164.42,9.41,3.313,0.1928
105,334,2,12,165.39,7.11,3.228,0.195
105,334,2,13,162.64,4.49,3.158,0.1967
105,334,2,14,154.31,3.71,3.079,0.1992
105,334,2,15,156.59,2.0,3.305,0.195
105,334,2,16,149.78,0.24,3.851,0.2052
105,334,2,17,150.5,0.0,4.171,0.208
105,334,2,18,128.56,0.0,3.835,0.2095
105,334,2,19,100.95,0.0,3.569,0.2069
105,334,2,20,87.56,0.0,3.259,0.1957
105,334,2,21,80.56,0.0,2.849,0.1795
105,334,2,22,70.48,0.0,2.463,0.1643
105,334,2,23,62.81,0.0,2.363,0.1617
105,335,3,0,59.58,0.0,2.1,0.1572
105,335,3,1,54.0,0.0,1.927,0.1607
105,335,3,2,54.55,0.0,1.808,0.1624
105,335,3,3,51.39,0.0,1.817,0.1638
105,335,3,4,51.12,0.0,1.954,0.1553
105,335,3,5,51.47,0.0,2.094,0.16
105,335,3,6,54.12,0.0,2.831,0.1737
105,335,3,7,66.84,4.29,2.851,0.1761
105,335,3,8,76.0,21.01,2.916,0.1788
105,335,3,9,93.67,36.29,3.071,0.1826
105,335,3,10,123.22,47.56,3.084,0.1769
105,335,3,11,148.81,51.7,3.124,0.1785
105,335,3,12,151.94,32.21,3.085,0.1766
105,335,3,13,154.08,26.63,3.002,0.1766
105,335,3,14,156.19,18.04,3.014,0.1831
105,335,3,15,155.64,7.69,3.011,0.1872
105,335,3,16,154.03,0.47,3.68,0.1916
105,335,3,17,149.62,0.0,4.173,0.2016
105,335,3,18,128.25,0.0,3.925,0.1998
105,335,3,19,105.38,0.0,3.598,0.1982
105,335,3,20,88.27,0.0,3.267,0.1938
105,335,3,21,78.39,0.0,2.882,0.1852
105,335,3,22,74.0,0.0,2.504,0.1646
105,335,3,23,67.23,0.0,2.447,0.1648
105,336,4,0,58.47,0.0,2.19,0.155
105,336,4,1,61.83,0.0,2.021,0.1518
105,336,4,2,61.42,0.0,1.886,0.1505
105,336,4,3,58.31,0.0,1.867,0.1533
105,336,4,4,57.05,0.0,1.934,0.1537
105,336,4,5,55.11,0.0,2.268,0.1606
105,336,4,6,59.16,0.0,3.049,0.1857
105,336,4,7,72.31,4.03,3.185,0.1846
105,336,4,8,80.75,20.13,3.385,0.1829
105,336,4,9,96.69,35.58,3.385,0.1815
105,336,4,10,124.08,47.89,3.342,0.1798
105,336,4,11,136.98,53.0,3.208,0.1764
105,336,4,12,144.23,45.41,2.974,0.1821
105,336,4,13,150.61,35.69,2.967,0.1855
105,336,4,14,150.72,22.67,3.008,0.1889
105,336,4,15,143.92,9.12,3.071,0.1929
105,336,4,16,144.83,0.53,3.8,0.1933
105,336,4,17,127.62,0.0,4.364,0.2018
105,336,4,18,114.8,0.0,4.161,0.2004
105,336,4,19,100.34,0.0,3.768,0.1986
105,336,4,20,88.05,0.0,3.458,0.1941
105,336,4,21,74.8,0.0,3.104,0.1822
105,336,4,22,63.8,0.0,2.762,0.172
105,336,4,23,50.55,0.0,2.613,0.166
105,337,5,0,51.62,0.0,3.049,0.1528
105,337,5,1,53.32,0.0,2.681,0.1462
105,337,5,2,51.66,0.0,2.627,0.1439
105,337,5,3,50.66,0.0,2.583,0.1426
105,337,5,4,50.47,0.0,2.566,0.1435
105,337,5,5,48.7,0.0,2.607,0.1503
105,337,5,6,46.08,0.0,3.008,0.1598
105,337,5,7,45.97,3.28,3.052,0.1556
105,337,5,8,50.08,18.47,3.226,0.1735
105,337,5,9,51.89,33.54,3.517,0.1793
105,337,5,10,53.25,43.75,3.355,0.1771
105,337,5,11,56.48,43.61,3.341,0.1789
105,337,5,12,58.16,38.3,3.119,0.1808
105,337,5,13,65.53,32.35,3.071,0.1841
105,337,5,14,68.66,22.93,3.038,0.1806
105,337,5,15,67.52,10.5,3.088,0.1883
105,337,5,16,67.42,0.63,4.05,0.1869
105,337,5,17,69.0,0.0,4.884,0.1939
105,337,5,18,68.52,0.0,4.604,0.1967
105,337,5,19,67.48,0.0,4.349,0.1881
105,337,5,20,61.8,0.0,3.828,0.1889
105,337,5,21,56.59,0.0,3.515,0.192
105,337,5,22,54.05,0.0,3.125,0.1813
105,337,5,23,48.89,0.0,2.898,0.1789
105,338,6,0,49.62,0.0,3.186,0.1535
105,338,6,1,49.72,0.0,2.96,0.1543
105,338,6,2,50.3,0.0,2.873,0.1534
105,338,6,3,50.2,0.0,2.798,0.1549
105,338,6,4,49.33,0.0,2.799,0.1548
105,338,6,5,48.56,0.0,2.837,0.158
105,338,6,6,48.67,0.0,3.212,0.1577
105,338,6,7,48.55,3.89,3.191,0.1532
105,338,6,8,50.03,19.99,3.416,0.1649
105,338,6,9,51.47,35.76,3.597,0.1742
105,338,6,10,53.27,47.02,3.377,0.1823
105,338,6,11,56.5,52.5,3.31,0.1795
105,338,6,12,58.17,50.17,3.331,0.1798
105,338,6,13,63.86,41.07,3.213,0.18
105,338,6,14,65.94,27.23,3.187,0.1814
105,338,6,15,66.62,11.53,3.249,0.1876
105,338,6,16,67.58,0.66,4.384,0.1958
105,338,6,17,67.69,0.0,5.237,0.21
105,338,6,18,69.25,0.0,5.118,0.2116
105,338,6,19,69.42,0.0,4.893,0.2037
105,338,6,20,66.91,0.0,4.573,0.2063
105,338,6,21,62.47,0.0,3.903,0.192
105,338,6,22,56.0,0.0,3.427,0.1709
105,338,6,23,51.98,0.0,3.098,0.1677
105,339,0,0,56.72,0.0,3.505,0.1635
105,339,0,1,49.24,0.0,3.328,0.1602
105,339,0,2,51.55,0.0,3.157,0.1546
105,339,0,3,50.02,0.0,3.125,0.1544
105,339,0,4,50.39,0.0,3.121,0.1564
105,339,0,5,49.39,0.0,3.48,0.1647
105,339,0,6,53.31,0.0,4.351,0.1816
105,339,0,7,67.41,1.85,4.636,0.1811
105,339,0,8,81.02,9.75,4.638,0.1838
105,339,0,9,104.39,17.17,4.729,0.1872
105,339,0,10,125.14,21.85,4.552,0.1869
105,339,0,11,139.48,34.19,4.485,0.1887
105,339,0,12,145.78,44.16,4.306,0.1846
105,339,0,13,147.69,37.29,4.264,0.1827
105,339,0,14,150.33,26.11,4.213,0.1789
105,339,0,15,146.73,11.4,4.313,0.1835
105,339,0,16,144.45,0.76,5.245,0.1977
105,339,0,17,142.58,0.0,5.955,0.2011
105,339,0,18,131.59,0.0,6.002,0.1996
105,339,0,19,115.75,0.0,5.54,0.1968
105,339,0,20,100.77,0.0,4.853,0.1995
105,339,0,21,87.98,0.0,4.464,0.19
105,339,0,22,78.22,0.0,4.008,0.174
105,339,0,23,67.48,0.0,3.688,0.168
105,340,1,0,59.39,0.0,3.372,0.1719
105,340,1,1,60.51,0.0,3.115,0.1689
105,340,1,2,60.72,0.0,3.352,0.1712
105,340,1,3,58.75,0.0,3.378,0.1703
105,340,1,4,58.2,0.0,3.348,0.1742
105,340,1,5,58.33,0.0,3.472,0.1894
105,340,1,6,59.59,0.0,4.156,0.2002
105,340,1,7,71.36,2.74,4.367,0.1968
105,340,1,8,81.86,13.01,4.469,0.1905
105,340,1,9,91.77,23.05,4.629,0.1961
105,340,1,10,123.47,29.67,4.617,0.1943
105,340,1,11,138.02,31.81,4.491,0.1947
105,340,1,12,143.44,26.69,4.325,0.1954
105,340,1,13,146.66,7.38,4.357,0.195
105,340,1,14,146.44,8.35,4.331,0.1973
105,340,1,15,146.83,3.94,4.339,0.2031
105,340,1,16,149.03,0.35,5.492,0.2138
105,340,1,17,141.31,0.0,6.327,0.2174
105,340,1,18,129.61,0.0,5.877,0.2159
105,340,1,19,113.11,0.0,5.381,0.2175
105,340,1,20,104.19,0.0,4.735,0.2193
105,340,1,21,94.22,0.0,4.023,0.2144
105,340,1,22,85.56,0.0,3.648,0.203
105,340,1,23,69.08,0.0,3.364,0.1984
105,341,2,0,56.54,0.0,3.197,0.1685
105,341,2,1,56.48,0.0,3.054,0.1651
105,341,2,2,56.25,0.0,3.078,0.1646
105,341,2,3,56.2,0.0,3.091,0.1672
105,341,2,4,53.91,0.0,3.105,0.1719
105,341,2,5,54.38,0.0,3.17,0.1749
105,341,2,6,58.06,0.0,3.971,0.1865
105,341,2,7,70.12,1.83,4.66,0.1822
105,341,2,8,81.94,9.2,4.459,0.1875
105,341,2,9,93.5,13.99,4.487,0.2021
105,341,2,10,124.92,18.74,4.312,0.1931
105,341,2,11,134.72,20.98,4.194,0.1789
105,341,2,12,145.94,20.89,3.973,0.181
105,341,2,13,148.69,23.12,3.874,0.1809
105,341,2,14,144.75,15.84,3.842,0.179
105,341,2,15,143.69,7.07,3.91,0.1824
105,341,2,16,139.12,0.61,5.071,0.1948
105,341,2,17,135.86,0.0,6.055,0.2115
105,341,2,18,117.83,0.0,5.431,0.2177
105,341,2,19,104.66,0.0,5.075,0.2134
105,341,2,20,102.56,0.0,4.419,0.2027
105,341,2,21,92.33,0.0,3.876,0.1857
105,341,2,22,76.5,0.0,3.395,0.1686
105,341,2,23,63.56,0.0,3.279,0.1524
105,342,3,0,58.0,0.0,3.031,0.1512
105,342,3,1,54.75,0.0,2.948,0.1449
105,342,3,2,54.17,0.0,2.715,0.146
105,342,3,3,53.72,0.0,2.855,0.1494
105,342,3,4,52.45,0.0,3.003,0.1513
105,342,3,5,51.67,0.0,3.169,0.1583
105,342,3,6,56.62,0.0,4.242,0.1982
105,342,3,7,74.47,1.28,4.629,0.2066
105,342,3,8,81.77,7.19,4.547,0.1987
105,342,3,9,92.36,13.13,4.455,0.1963
105,342,3,10,110.67,17.52,4.289,0.1974
105,342,3,11,128.17,21.91,4.13,0.2031
105,342,3,12,137.52,25.67,3.93,0.2057
105,342,3,13,140.41,24.94,3.825,0.2113
105,342,3,14,151.64,19.07,3.767,0.2154
105,342,3,15,151.16,9.37,3.919,0.2112
105,342,3,16,147.92,0.72,5.029,0.2099
105,342,3,17,145.95,0.0,6.245,0.2093
105,342,3,18,133.84,0.0,5.744,0.211
105,342,3,19,114.88,0.0,5.162,0.2111
105,342,3,20,96.14,0.0,4.555,0.2087
105,342,3,21,86.45,0.0,4.128,0.2025
105,342,3,22,81.5,0.0,3.758,0.2003
105,342,3,23,69.52,0.0,3.516,0.1925
105,343,4,0,60.5,0.0,3.709,0.1837
105,343,4,1,61.09,0.0,3.485,0.178
105,343,4,2,57.48,0.0,3.61,0.1756
105,343,4,3,57.14,0.0,3.485,0.174
105,343,4,4,57.78,0.0,3.437,0.1822
105,343,4,5,55.83,0.0,3.662,0.1899
105,343,4,6,60.58,0.0,4.925,0.2009
105,343,4,7,74.89,3.12,5.182,0.1978
105,343,4,8,83.27,19.44,5.171,0.2113
105,343,4,9,98.3,35.85,5.016,0.2052
105,343,4,10,116.45,48.45,4.912,0.2028
105,343,4,11,130.56,43.72,4.829,0.2025
105,343,4,12,137.72,32.42,4.722,0.2054
105,343,4,13,140.84,26.88,4.674,0.1984
105,343,4,14,139.48,20.43,4.627,0.1943
105,343,4,15,142.41,10.06,4.69,0.1983
105,343,4,16,148.41,0.77,5.898,0.2083
105,343,4,17,132.25,0.0,6.957,0.2145
105,343,4,18,121.62,0.0,6.402,0.2142
105,343,4,19,110.03,0.0,5.965,0.2146
105,343,4,20,91.53,0.0,5.487,0.2088
105,343,4,21,83.52,0.0,4.662,0.2059
105,343,4,22,66.73,0.0,4.507,0.2003
105,343,4,23,62.66,0.0,4.334,0.1925
105,344,5,0,61.34,0.0,5.165,0.1789
105,344,5,1,57.98,0.0,4.817,0.1773
105,344,5,2,57.8,0.0,4.578,0.1721
105,344,5,3,57.38,0.0,4.479,0.1731
105,344,5,4,57.47,0.0,4.346,0.1724
105,344,5,5,56.55,0.0,4.425,0.1776
105,344,5,6,57.08,0.0,4.887,0.1806
105,344,5,7,57.39,2.43,5.333,0.1855
105,344,5,8,61.3,14.85,5.476,0.1936
105,344,5,9,61.42,27.23,5.656,0.199
105,344,5,10,64.2,35.9,5.858,0.2042
105,344,5,11,66.47,37.04,5.716,0.2027
105,344,5,12,67.91,32.36,5.499,0.2011
105,344,5,13,69.5,28.56,5.307,0.2053
105,344,5,14,71.08,21.3,4.823,0.2094
105,344,5,15,75.39,9.72,4.897,0.211
105,344,5,16,76.39,0.67,5.985,0.2196
105,344,5,17,74.08,0.0,6.988,0.2217
105,344,5,18,75.67,0.0,6.477,0.2213
105,344,5,19,74.02,0.0,6.433,0.2246
105,344,5,20,72.19,0.0,5.996,0.2274
105,344,5,21,69.2,0.0,5.914,0.2192
105,344,5,22,67.25,0.0,5.292,0.2122
105,344,5,23,64.62,0.0,4.824,0.206
105,345,6,0,60.67,0.0,4.569,0.2011
105,345,6,1,63.94,0.0,4.327,0.1975
105,345,6,2,64.06,0.0,4.158,0.1957
105,345,6,3,63.98,0.0,4.206,0.1931
105,345,6,4,62.41,0.0,4.239,0.1962
105,345,6,5,62.05,0.0,4.239,0.2011
105,345,6,6,61.91,0.0,4.163,0.1994
105,345,6,7,62.17,1.49,4.26,0.1963
105,345,6,8,61.92,8.67,4.309,0.2009
105,345,6,9,61.17,18.07,4.938,0.2031
105,345,6,10,62.56,24.93,4.891,0.2059
105,345,6,11,64.5,29.38,4.931,0.206
105,345,6,12,65.31,23.87,4.562,0.204
105,345,6,13,68.58,15.02,4.389,0.2029
105,345,6,14,68.97,10.81,4.329,0.2051
105,345,6,15,70.25,4.12,4.473,0.2092
105,345,6,16,70.77,0.36,5.435,0.2134
105,345,6,17,74.77,0.0,6.566,0.218
105,345,6,18,75.77,0.0,6.234,0.219
105,345,6,19,76.7,0.0,6.005,0.2139
105,345,6,20,69.77,0.0,5.702,0.211
105,345,6,21,69.28,0.0,5.483,0.2066
105,345,6,22,67.73,0.0,4.822,0.2038
105,345,6,23,60.11,0.0,4.33,0.1974
105,346,0,0,57.78,0.0,3.614,0.1928
105,346,0,1,57.09,0.0,3.481,0.1936
105,346,0,2,56.45,0.0,3.281,0.1903
105,346,0,3,56.27,0.0,3.239,0.1895
105,346,0,4,55.05,0.0,3.333,0.1907
105,346,0,5,54.73,0.0,3.802,0.1936
105,346,0,6,57.78,0.0,4.853,0.2002
105,346,0,7,70.27,1.07,4.838,0.2005
105,346,0,8,78.48,5.97,5.197,0.2018
105,346,0,9,91.66,6.02,5.173,0.2099
105,346,0,10,117.28,7.86,5.012,0.2109
105,346,0,11,132.53,17.74,4.972,0.2108
105,346,0,12,136.19,13.24,4.763,0.208
105,346,0,13,139.12,15.58,4.628,0.2078
105,346,0,14,133.16,15.02,4.599,0.2028
105,346,0,15,137.77,8.78,4.688,0.2016
105,346,0,16,141.41,0.82,5.504,0.2104
105,346,0,17,131.48,0.0,6.068,0.2129
105,346,0,18,116.81,0.0,6.105,0.2146
105,346,0,19,97.67,0.0,5.779,0.211
105,346,0,20,87.17,0.0,5.127,0.2119
105,346,0,21,73.72,0.0,5.043,0.2028
105,346,0,22,69.84,0.0,4.244,0.1919
105,346,0,23,62.67,0.0,4.169,0.187
105,347,1,0,61.28,0.0,3.972,0.1749
105,347,1,1,55.94,0.0,3.787,0.1711
105,347,1,2,54.77,0.0,3.515,0.171
105,347,1,3,55.25,0.0,3.567,0.1736
105,347,1,4,54.36,0.0,3.496,0.1733
105,347,1,5,54.62,0.0,3.984,0.1793
105,347,1,6,62.92,0.0,4.767,0.1902
105,347,1,7,72.94,1.85,5.177,0.2005
105,347,1,8,77.95,12.89,5.082,0.2007
105,347,1,9,95.0,25.78,5.018,0.1943
105,347,1,10,119.22,34.45,5.051,0.1902
105,347,1,11,136.17,38.86,5.005,0.1906
105,347,1,12,143.23,39.62,4.692,0.1907
105,347,1,13,149.81,35.45,4.567,0.1917
105,347,1,14,148.45,23.25,4.524,0.192
105,347,1,15,151.09,10.27,4.604,0.192
105,347,1,16,151.61,0.67,5.687,0.2049
105,347,1,17,148.27,0.0,6.85,0.2119
105,347,1,18,124.41,0.0,6.184,0.2111
105,347,1,19,116.42,0.0,5.756,0.2052
105,347,1,20,101.81,0.0,5.339,0.204
105,347,1,21,89.41,0.0,5.215,0.1946
105,347,1,22,75.34,0.0,4.389,0.1813
105,347,1,23,67.86,0.0,4.076,0.1762
105,348,2,0,59.52,0.0,4.068,0.1758
105,348,2,1,61.31,0.0,4.0,0.1731
105,348,2,2,60.75,0.0,3.648,0.1696
105,348,2,3,57.97,0.0,3.641,0.1685
105,348,2,4,59.3,0.0,3.783,0.1713
105,348,2,5,57.56,0.0,4.056,0.1747
105,348,2,6,64.28,0.0,4.904,0.1874
105,348,2,7,76.53,2.33,5.561,0.1975
105,348,2,8,84.7,18.13,5.594,0.2027
105,348,2,9,99.2,35.55,5.471,0.1994
105,348,2,10,122.8,48.66,5.448,0.196
105,348,2,11,132.78,52.42,5.329,0.191
105,348,2,12,139.28,50.72,4.98,0.1836
105,348,2,13,141.95,43.24,4.943,0.1854
105,348,2,14,141.14,29.27,4.908,0.1849
105,348,2,15,141.45,12.41,4.898,0.1882
105,348,2,16,139.23,0.67,5.806,0.1988
105,348,2,17,135.27,0.0,7.232,0.2052
105,348,2,18,117.72,0.0,6.635,0.2099
105,348,2,19,105.59,0.0,6.173,0.2082
105,348,2,20,98.56,0.0,5.44,0.2006
105,348,2,21,85.84,0.0,5.139,0.1984
105,348,2,22,77.0,0.0,4.597,0.1834
105,348,2,23,63.27,0.0,4.143,0.1717
105,349,3,0,58.25,0.0,5.408,0.1623
105,349,3,1,55.7,0.0,5.054,0.159
105,349,3,2,55.14,0.0,4.869,0.1574
105,349,3,3,54.28,0.0,4.878,0.1593
105,349,3,4,55.23,0.0,4.863,0.1587
105,349,3,5,54.06,0.0,5.493,0.1672
105,349,3,6,60.62,0.0,6.575,0.1829
105,349,3,7,71.39,2.38,7.7,0.1947
105,349,3,8,74.34,14.3,7.185,0.1996
105,349,3,9,89.78,25.55,7.275,0.2013
105,349,3,10,110.47,33.01,8.792,0.2042
105,349,3,11,124.55,35.48,8.706,0.2081
105,349,3,12,130.38,38.49,8.547,0.2055
105,349,3,13,135.94,34.77,8.553,0.2108
105,349,3,14,143.45,25.74,8.498,0.2088
105,349,3,15,145.44,12.84,8.732,0.1994
105,349,3,16,146.39,1.09,10.292,0.2055
105,349,3,17,139.97,0.0,12.407,0.2141
105,349,3,18,125.83,0.0,12.1,0.2153
105,349,3,19,112.55,0.0,12.104,0.2158
105,349,3,20,92.41,0.0,11.227,0.2229
105,349,3,21,81.95,0.0,10.914,0.2214
105,349,3,22,75.64,0.0,8.645,0.2152
105,349,3,23,68.25,0.0,8.008,0.2005
105,350,4,0,55.52,0.0,9.444,0.1675
105,350,4,1,55.56,0.0,8.132,0.1582
105,350,4,2,55.94,0.0,7.881,0.158
105,350,4,3,56.38,0.0,7.858,0.1631
105,350,4,4,56.05,0.0,7.972,0.1689
105,350,4,5,55.16,0.0,9.478,0.192
105,350,4,6,59.33,0.0,11.661,0.2129
105,350,4,7,73.47,2.31,12.5,0.2185
105,350,4,8,82.06,14.51,12.578,0.2224
105,350,4,9,98.2,26.99,13.038,0.2248
105,350,4,10,115.7,35.4,12.5,0.229
105,350,4,11,128.31,42.16,11.653,0.2283
105,350,4,12,137.14,42.74,10.765,0.2332
105,350,4,13,138.72,37.8,10.482,0.2253
105,350,4,14,135.03,25.25,10.476,0.2277
105,350,4,15,128.5,11.0,10.517,0.2371
105,350,4,16,132.41,0.8,12.988,0.2378
105,350,4,17,117.47,0.0,14.193,0.2425
105,350,4,18,107.48,0.0,13.907,0.2365
105,350,4,19,93.06,0.0,12.702,0.2325
105,350,4,20,78.36,0.0,12.409,0.2282
105,350,4,21,69.81,0.0,11.303,0.2242
105,350,4,22,58.78,0.0,10.794,0.204
105,350,4,23,55.91,0.0,9.779,0.1881
105,351,5,0,50.97,0.0,5.229,0.1783
105,351,5,1,51.67,0.0,4.775,0.1703
105,351,5,2,51.16,0.0,4.49,0.1636
105,351,5,3,51.59,0.0,4.412,0.1583
105,351,5,4,51.83,0.0,4.315,0.1577
105,351,5,5,50.73,0.0,4.618,0.157
105,351,5,6,51.56,0.0,5.026,0.1631
105,351,5,7,50.86,0.61,5.245,0.1629
105,351,5,8,52.89,3.52,5.667,0.1654
105,351,5,9,52.78,6.04,6.211,0.1789
105,351,5,10,52.38,7.55,5.326,0.1874
105,351,5,11,53.11,6.52,5.199,0.1923
105,351,5,12,56.47,13.6,4.956,0.1979
105,351,5,13,56.59,11.6,4.824,0.2014
105,351,5,14,57.95,8.07,4.715,0.2048
105,351,5,15,58.77,3.3,4.883,0.1986
105,351,5,16,62.05,0.42,5.456,0.2038
105,351,5,17,62.91,0.0,6.608,0.2058
105,351,5,18,63.22,0.0,5.863,0.2047
105,351,5,19,59.72,0.0,5.524,0.1981
105,351,5,20,55.42,0.0,5.051,0.1917
105,351,5,21,53.42,0.0,5.031,0.1934
105,351,5,22,50.45,0.0,4.793,0.1911
105,351,5,23,50.7,0.0,3.999,0.184
105,352,6,0,49.83,0.0,3.626,0.1765
105,352,6,1,51.64,0.0,3.38,0.1652
105,352,6,2,51.44,0.0,3.003,0.1646
105,352,6,3,50.22,0.0,2.951,0.1625
105,352,6,4,49.61,0.0,3.047,0.1567
105,352,6,5,49.92,0.0,3.005,0.1599
105,352,6,6,49.12,0.0,2.845,0.1625
105,352,6,7,48.77,0.81,2.809,0.1508
105,352,6,8,50.83,5.34,3.304,0.1509
105,352,6,9,48.78,11.2,3.684,0.1623
105,352,6,10,48.64,17.93,3.608,0.169
105,352,6,11,51.16,9.29,3.584,0.1685
105,352,6,12,52.91,8.87,3.586,0.167
105,352,6,13,52.48,7.55,3.462,0.1654
105,352,6,14,54.59,5.27,3.358,0.1604
105,352,6,15,56.0,1.94,3.285,0.1643
105,352,6,16,58.92,0.31,4.223,0.1735
105,352,6,17,56.73,0.0,4.735,0.1874
105,352,6,18,58.75,0.0,4.694,0.1881
105,352,6,19,59.36,0.0,4.483,0.1887
105,352,6,20,59.88,0.0,4.283,0.1873
105,352,6,21,56.41,0.0,4.117,0.1829
105,352,6,22,55.05,0.0,4.04,0.1768
105,352,6,23,51.33,0.0,3.425,0.1702
105,353,0,0,52.34,0.0,3.981,0.1765
105,353,0,1,48.39,0.0,3.735,0.1763
105,353,0,2,47.77,0.0,3.623,0.1838
105,353,0,3,47.41,0.0,3.605,0.1863
105,353,0,4,47.78,0.0,3.911,0.1917
105,353,0,5,47.16,0.0,4.27,0.2037
105,353,0,6,53.12,0.0,6.004,0.2224
105,353,0,7,62.8,1.43,7.626,0.2333
105,353,0,8,72.41,16.2,7.361,0.2352
105,353,0,9,91.97,33.84,6.861,0.2431
105,353,0,10,109.34,46.87,6.474,0.2383
105,353,0,11,123.5,53.29,5.123,0.2346
105,353,0,12,123.2,52.36,4.877,0.2313
105,353,0,13,124.92,43.32,4.792,0.232
105,353,0,14,122.17,29.35,4.668,0.2277
105,353,0,15,123.7,12.9,4.673,0.2274
105,353,0,16,120.39,0.73,6.431,0.2292
105,353,0,17,116.7,0.0,7.949,0.2328
105,353,0,18,104.34,0.0,8.832,0.2343
105,353,0,19,86.5,0.0,7.224,0.2273
105,353,0,20,72.61,0.0,6.105,0.2302
105,353,0,21,67.97,0.0,6.207,0.2232
105,353,0,22,60.61,0.0,5.335,0.2133
105,353,0,23,58.66,0.0,4.087,0.1957
105,354,1,0,57.5,0.0,5.03,0.1939
105,354,1,1,53.56,0.0,4.689,0.1879
105,354,1,2,53.08,0.0,4.6,0.1752
105,354,1,3,52.62,0.0,4.655,0.1763
105,354,1,4,51.72,0.0,4.639,0.1735
105,354,1,5,53.7,0.0,5.261,0.177
105,354,1,6,58.34,0.0,6.827,0.1963
105,354,1,7,66.48,2.07,7.085,0.209
105,354,1,8,74.05,18.09,6.98,0.198
105,354,1,9,88.98,35.5,7.177,0.204
105,354,1,10,107.12,48.85,6.223,0.2007
105,354,1,11,117.45,55.0,5.787,0.1969
105,354,1,12,119.17,54.49,5.484,0.1955
105,354,1,13,127.09,47.14,5.316,0.1932
105,354,1,14,124.42,33.3,5.223,0.1941
105,354,1,15,127.25,15.43,5.356,0.1978
105,354,1,16,126.8,1.12,6.196,0.2118
105,354,1,17,124.69,0.0,7.465,0.2151
105,354,1,18,111.03,0.0,7.546,0.2109
105,354,1,19,87.34,0.0,6.461,0.2053
105,354,1,20,69.0,0.0,6.02,0.2051
105,354,1,21,61.36,0.0,5.685,0.2025
105,354,1,22,59.34,0.0,5.131,0.2011
105,354,1,23,59.58,0.0,4.6,0.1997
105,355,2,0,61.59,0.0,4.886,0.1815
105,355,2,1,55.12,0.0,4.6,0.1676
105,355,2,2,55.47,0.0,4.556,0.1706
105,355,2,3,55.02,0.0,5.0,0.169
105,355,2,4,54.59,0.0,4.131,0.1657
105,355,2,5,54.83,0.0,4.7,0.1731
105,355,2,6,59.34,0.0,6.456,0.1801
105,355,2,7,66.42,1.34,6.38,0.1803
105,355,2,8,71.8,10.09,6.092,0.18
105,355,2,9,91.66,21.08,6.316,0.1799
105,355,2,10,107.52,29.47,5.947,0.1762
105,355,2,11,115.12,28.35,5.47,0.1753
105,355,2,12,121.52,21.65,5.569,0.1741
105,355,2,13,125.36,14.93,5.047,0.1741
105,355,2,14,124.64,12.53,5.085,0.177
105,355,2,15,121.84,6.65,5.877,0.1833
105,355,2,16,116.83,0.78,7.187,0.1921
105,355,2,17,112.48,0.0,7.642,0.1994
105,355,2,18,101.98,0.0,6.7,0.1998
105,355,2,19,92.23,0.0,6.247,0.198
105,355,2,20,82.48,0.0,6.031,0.1944
105,355,2,21,73.94,0.0,5.754,0.191
105,355,2,22,66.83,0.0,5.018,0.186
105,355,2,23,66.58,0.0,4.931,0.1821
105,356,3,0,58.77,0.0,4.049,0.1816
105,356,3,1,63.88,0.0,3.785,0.185
105,356,3,2,63.58,0.0,3.515,0.1793
105,356,3,3,62.72,0.0,3.434,0.1785
105,356,3,4,62.66,0.0,3.529,0.1765
105,356,3,5,62.39,0.0,3.862,0.1737
105,356,3,6,68.17,0.0,4.629,0.1872
105,356,3,7,73.0,0.94,5.277,0.1972
105,356,3,8,76.58,10.62,4.974,0.1882
105,356,3,9,89.36,20.84,5.033,0.1835
105,356,3,10,96.89,30.91,4.301,0.1841
105,356,3,11,101.19,36.07,4.851,0.1843
105,356,3,12,106.64,44.23,3.818,0.1888
105,356,3,13,107.67,42.83,3.83,0.1806
105,356,3,14,105.0,28.04,3.942,0.1738
105,356,3,15,103.66,11.47,4.045,0.1747
105,356,3,16,101.34,0.76,5.387,0.1852
105,356,3,17,92.66,0.0,6.11,0.1909
105,356,3,18,79.44,0.0,5.188,0.1923
105,356,3,19,63.75,0.0,5.037,0.1917
105,356,3,20,59.84,0.0,5.043,0.1892
105,356,3,21,60.56,0.0,4.321,0.1835
105,356,3,22,56.5,0.0,3.903,0.17
105,356,3,23,54.31,0.0,3.752,0.1681
105,357,4,0,48.91,0.0,4.242,0.167
105,357,4,1,52.31,0.0,3.713,0.1605
105,357,4,2,51.17,0.0,3.571,0.1616
105,357,4,3,51.16,0.0,3.597,0.1592
105,357,4,4,50.69,0.0,3.582,0.1597
105,357,4,5,51.42,0.0,3.661,0.1633
105,357,4,6,56.41,0.0,4.827,0.1699
105,357,4,7,64.3,1.83,4.667,0.175
105,357,4,8,68.12,16.6,4.886,0.1764
105,357,4,9,73.59,32.83,5.066,0.1723
105,357,4,10,78.25,46.13,4.645,0.165
105,357,4,11,86.5,49.53,4.531,0.1653
105,357,4,12,85.17,46.18,4.455,0.1629
105,357,4,13,81.91,41.74,4.332,0.1631
105,357,4,14,73.33,26.45,4.283,0.1634
105,357,4,15,66.45,12.3,4.362,0.1724
105,357,4,16,65.72,0.76,4.553,0.1802
105,357,4,17,63.33,0.0,4.904,0.1891
105,357,4,18,61.33,0.0,4.722,0.1885
105,357,4,19,56.58,0.0,4.645,0.1878
105,357,4,20,56.0,0.0,4.422,0.185
105,357,4,21,51.28,0.0,4.103,0.1733
105,357,4,22,49.77,0.0,3.908,0.1604
105,357,4,23,49.23,0.0,3.655,0.1533
105,358,5,0,44.05,0.0,4.21,0.1485
105,358,5,1,44.23,0.0,3.585,0.1468
105,358,5,2,44.39,0.0,3.302,0.144
105,358,5,3,44.88,0.0,3.259,0.1423
105,358,5,4,44.39,0.0,3.117,0.1408
105,358,5,5,44.36,0.0,3.207,0.1365
105,358,5,6,44.28,0.0,3.467,0.1359
105,358,5,7,43.08,0.51,3.297,0.1484
105,358,5,8,43.61,3.05,3.51,0.1542
105,358,5,9,43.3,5.18,3.777,0.1655
105,358,5,10,43.86,6.19,3.881,0.1711
105,358,5,11,43.94,5.48,3.762,0.1733
105,358,5,12,43.83,13.39,3.566,0.1729
105,358,5,13,43.91,14.41,3.421,0.1676
105,358,5,14,43.81,11.51,3.376,0.1622
105,358,5,15,43.16,7.57,3.307,0.1566
105,358,5,16,44.03,0.79,3.424,0.1643
105,358,5,17,43.94,0.0,3.927,0.1641
105,358,5,18,44.5,0.0,3.712,0.1599
105,358,5,19,44.55,0.0,3.419,0.1575
105,358,5,20,44.56,0.0,3.372,0.1518
105,358,5,21,43.27,0.0,3.105,0.1512
105,358,5,22,43.23,0.0,3.395,0.1511
105,358,5,23,43.11,0.0,3.24,0.1436
105,359,6,0,43.17,0.0,2.867,0.1204
105,359,6,1,43.33,0.0,2.396,0.1144
105,359,6,2,43.38,0.0,2.11,0.1174
105,359,6,3,43.2,0.0,2.054,0.1173
105,359,6,4,41.69,0.0,1.732,0.1198
105,359,6,5,42.64,0.0,1.82,0.1233
105,359,6,6,42.33,0.0,1.804,0.1218
105,359,6,7,40.48,1.79,2.199,0.1242
105,359,6,8,40.83,17.25,2.716,0.1323
105,359,6,9,41.2,34.6,3.234,0.1341
105,359,6,10,41.91,47.52,3.129,0.1316
105,359,6,11,40.77,53.88,2.984,0.1289
105,359,6,12,40.8,53.66,2.931,0.1278
105,359,6,13,40.66,46.62,2.767,0.1262
105,359,6,14,41.2,33.54,2.677,0.1297
105,359,6,15,40.44,16.06,2.659,0.132
105,359,6,16,40.56,1.4,3.295,0.1427
105,359,6,17,40.36,0.0,4.021,0.1518
105,359,6,18,42.36,0.0,3.746,0.156
105,359,6,19,42.77,0.0,3.506,0.1525
105,359,6,20,42.22,0.0,3.264,0.1475
105,359,6,21,42.5,0.0,2.909,0.1489
105,359,6,22,42.22,0.0,2.785,0.1515
105,359,6,23,43.69,0.0,2.728,0.1321
105,360,0,0,43.36,0.0,3.644,0.1265
105,360,0,1,43.02,0.0,3.121,0.1295
105,360,0,2,43.25,0.0,2.802,0.1239
105,360,0,3,42.23,0.0,2.984,0.1248
105,360,0,4,42.7,0.0,3.051,0.1247
105,360,0,5,42.58,0.0,2.892,0.1282
105,360,0,6,43.47,0.0,3.344,0.1388
105,360,0,7,42.64,0.77,3.251,0.1333
105,360,0,8,42.78,6.62,3.688,0.1415
105,360,0,9,44.72,12.75,4.07,0.1512
105,360,0,10,44.53,15.43,3.94,0.158
105,360,0,11,45.27,16.4,3.552,0.1648
105,360,0,12,46.11,6.84,3.427,0.1573
105,360,0,13,46.86,7.0,3.25,0.1524
105,360,0,14,47.56,5.91,3.132,0.1542
105,360,0,15,47.75,2.58,3.184,0.1617
105,360,0,16,48.7,0.55,4.058,0.1783
105,360,0,17,48.12,0.0,4.442,0.1827
105,360,0,18,46.48,0.0,4.44,0.1725
105,360,0,19,45.41,0.0,4.343,0.1672
105,360,0,20,44.16,0.0,3.982,0.1654
105,360,0,21,43.41,0.0,3.657,0.161
105,360,0,22,43.31,0.0,3.421,0.1506
105,360,0,23,43.16,0.0,3.114,0.1373
105,361,1,0,42.12,0.0,3.036,0.1374
105,361,1,1,42.69,0.0,2.837,0.139
105,361,1,2,42.31,0.0,2.635,0.1256
105,361,1,3,41.55,0.0,2.632,0.1138
105,361,1,4,40.5,0.0,2.707,0.121
105,361,1,5,41.33,0.0,3.026,0.1261
105,361,1,6,39.91,0.0,3.772,0.1301
105,361,1,7,41.5,0.71,4.104,0.1341
105,361,1,8,43.38,5.24,4.177,0.1423
105,361,1,9,47.25,9.9,4.118,0.1486
105,361,1,10,47.55,9.96,4.382,0.151
105,361,1,11,47.53,34.92,4.338,0.1554
105,361,1,12,48.67,38.48,4.138,0.1483
105,361,1,13,46.75,38.41,4.027,0.1443
105,361,1,14,49.94,28.5,3.843,0.1512
105,361,1,15,48.06,14.03,3.992,0.1502
105,361,1,16,48.31,1.43,4.49,0.157
105,361,1,17,48.61,0.0,5.147,0.1618
105,361,1,18,47.62,0.0,4.669,0.1641
105,361,1,19,45.05,0.0,4.399,0.1598
105,361,1,20,43.36,0.0,4.016,0.1554
105,361,1,21,40.66,0.0,3.717,0.1471
105,361,1,22,43.16,0.0,3.413,0.1344
105,361,1,23,43.23,0.0,3.025,0.1233
105,362,2,0,42.67,0.0,3.701,0.1368
105,362,2,1,41.3,0.0,3.589,0.131
105,362,2,2,41.14,0.0,3.326,0.1264
105,362,2,3,42.72,0.0,3.374,0.1276
105,362,2,4,41.47,0.0,3.501,0.1285
105,362,2,5,41.62,0.0,3.513,0.1326
105,362,2,6,40.61,0.0,4.222,0.1427
105,362,2,7,40.81,0.89,4.986,0.1463
105,362,2,8,42.94,7.9,4.949,0.1488
105,362,2,9,46.47,16.08,4.867,0.1592
105,362,2,10,49.36,26.09,4.596,0.1674
105,362,2,11,48.92,27.51,4.476,0.1723
105,362,2,12,50.41,22.79,4.397,0.1682
105,362,2,13,55.38,20.61,4.26,0.1625
105,362,2,14,55.09,16.07,4.235,0.1669
105,362,2,15,56.56,9.42,4.208,0.17
105,362,2,16,58.19,1.28,5.314,0.1742
105,362,2,17,52.52,0.0,6.927,0.1844
105,362,2,18,50.97,0.0,5.532,0.1839
105,362,2,19,49.53,0.0,4.998,0.1823
105,362,2,20,47.45,0.0,4.768,0.1756
105,362,2,21,45.19,0.0,4.558,0.1693
105,362,2,22,44.73,0.0,4.469,0.1599
105,362,2,23,43.91,0.0,3.708,0.157
105,363,3,0,44.83,0.0,3.482,0.1625
105,363,3,1,43.11,0.0,3.284,0.1593
105,363,3,2,42.25,0.0,3.132,0.1521
105,363,3,3,42.41,0.0,3.138,0.1526
105,363,3,4,41.5,0.0,3.253,0.1559
105,363,3,5,41.56,0.0,3.44,0.1549
105,363,3,6,41.62,0.0,3.902,0.1569
105,363,3,7,41.36,0.2,4.408,0.1557
105,363,3,8,42.55,1.4,4.807,0.1593
105,363,3,9,46.69,2.99,5.111,0.1661
105,363,3,10,52.06,4.24,5.056,0.1685
105,363,3,11,50.22,13.01,5.002,0.1721
105,363,3,12,51.23,9.23,4.811,0.1694
105,363,3,13,50.86,3.63,4.709,0.1708
105,363,3,14,52.06,14.49,4.737,0.1701
105,363,3,15,52.19,7.56,5.002,0.1685
105,363,3,16,53.56,0.91,5.714,0.1702
105,363,3,17,50.94,0.0,7.02,0.1742
105,363,3,18,50.27,0.0,5.995,0.1772
105,363,3,19,48.56,0.0,5.451,0.1766
105,363,3,20,46.8,0.0,4.866,0.1762
105,363,3,21,45.27,0.0,4.477,0.1692
105,363,3,22,43.64,0.0,3.945,0.1567
105,363,3,23,45.0,0.0,3.608,0.1477
105,364,4,0,45.94,0.0,3.146,0.1447
105,364,4,1,44.42,0.0,3.148,0.1387
105,364,4,2,44.0,0.0,2.939,0.1337
105,364,4,3,42.94,0.0,3.017,0.1334
105,364,4,4,42.25,0.0,3.1,0.135
105,364,4,5,43.05,0.0,3.049,0.1356
105,364,4,6,42.3,0.0,3.658,0.1433
105,364,4,7,42.0,1.37,4.234,0.1434
105,364,4,8,43.06,12.77,4.526,0.1393
105,364,4,9,49.25,24.49,4.788,0.1432
105,364,4,10,51.34,34.12,4.766,0.1442
105,364,4,11,53.17,32.68,4.704,0.1472
105,364,4,12,53.61,26.77,4.701,0.1496
105,364,4,13,56.72,28.71,4.652,0.1484
105,364,4,14,59.56,20.35,4.541,0.1468
105,364,4,15,58.7,11.01,4.771,0.1509
105,364,4,16,61.86,1.51,5.332,0.1556
105,364,4,17,58.89,0.0,6.663,0.1544
105,364,4,18,54.08,0.0,5.937,0.1604
105,364,4,19,51.19,0.0,5.407,0.1581
105,364,4,20,48.48,0.0,4.757,0.1591
105,364,4,21,48.33,0.0,4.495,0.1562
105,364,4,22,45.69,0.0,4.241,0.1456
105,364,4,23,45.44,0.0,3.702,0.134
105,365,5,0,44.48,0.0,3.344,0.1389
105,365,5,1,45.05,0.0,3.01,0.1391
105,365,5,2,45.62,0.0,2.771,0.1316
105,365,5,3,45.73,0.0,2.6,0.1327
105,365,5,4,45.05,0.0,2.538,0.1333
105,365,5,5,44.77,0.0,2.552,0.135
105,365,5,6,44.8,0.0,2.612,0.1334
105,365,5,7,44.3,1.37,3.117,0.134
105,365,5,8,44.53,12.5,3.56,0.1425
105,365,5,9,44.47,23.0,3.896,0.1467
105,365,5,10,44.56,30.53,4.0,0.1505
105,365,5,11,48.28,32.89,3.948,0.1504
105,365,5,12,54.12,45.37,3.805,0.1533
105,365,5,13,53.31,37.15,3.522,0.1508
105,365,5,14,55.14,25.67,3.378,0.1476
105,365,5,15,54.06,12.03,3.423,0.147
105,365,5,16,49.61,1.05,4.038,0.1547
105,365,5,17,48.64,0.0,4.875,0.1663
105,365,5,18,47.73,0.0,4.244,0.1656
105,365,5,19,46.97,0.0,4.035,0.1604
105,365,5,20,45.55,0.0,3.581,0.1509
105,365,5,21,45.88,0.0,3.606,0.1419
105,365,5,22,45.44,0.0,3.503,0.1393
105,365,5,23,44.3,0.0,3.06,0.1394
107,366,4,0,175.18,0.0,2.584,0.136
107,366,4,1,350.37,0.0,2.21,0.1363
107,366,4,2,350.37,0.0,1.865,0.1323
107,366,4,3,350.37,0.0,1.868,0.1309
107,366,4,4,350.37,0.0,1.94,0.1352
107,366,4,5,350.37,0.0,2.178,0.1424
107,366,4,6,350.37,0.0,2.238,0.1505
107,366,4,7,350.37,0.74,2.363,0.1502
107,366,4,8,350.37,7.47,2.249,0.1501
107,366,4,9,350.37,16.32,2.582,0.1482
107,366,4,10,350.37,24.2,2.702,0.1448
107,366,4,11,350.37,28.07,2.865,0.1468
107,366,4,12,350.37,26.24,2.82,0.1527
107,366,4,13,350.37,20.24,2.75,0.1536
107,366,4,14,350.37,13.54,2.724,0.156
107,366,4,15,350.37,7.98,2.544,0.1615
107,366,4,16,350.37,1.16,3.199,0.1658
107,366,4,17,350.37,0.0,4.955,0.1714
107,366,4,18,350.37,0.0,3.882,0.171
107,366,4,19,350.37,0.0,3.714,0.1697
107,366,4,20,350.37,0.0,3.559,0.1681
107,366,4,21,350.37,0.0,3.188,0.1675
107,366,4,22,350.37,0.0,2.611,0.1615
107,366,4,23,350.37,0.0,2.398,0.1558
107,367,5,0,340.18,0.0,2.498,0.1462
107,367,5,1,331.18,0.0,2.13,0.1452
107,367,5,2,309.0,0.0,2.121,0.1451
107,367,5,3,309.0,0.0,2.079,0.1519
107,367,5,4,316.0,0.0,1.99,0.1449
107,367,5,5,310.0,0.0,2.139,0.1515
107,367,5,6,305.0,0.0,1.678,0.1591
107,367,5,7,315.0,1.4,2.151,0.1548
107,367,5,8,386.0,13.57,1.77,0.1603
107,367,5,9,383.0,27.94,2.785,0.1605
107,367,5,10,389.0,39.91,2.825,0.1569
107,367,5,11,387.0,48.53,2.887,0.1514
107,367,5,12,391.0,52.96,2.818,0.1504
107,367,5,13,388.0,45.76,2.656,0.1526
107,367,5,14,387.0,33.31,2.6,0.1528
107,367,5,15,396.0,17.04,2.462,0.1537
107,367,5,16,400.0,1.88,3.234,0.1638
107,367,5,17,393.0,0.0,4.546,0.1703
107,367,5,18,393.0,0.0,4.132,0.1758
107,367,5,19,385.0,0.0,3.284,0.1737
107,367,5,20,326.0,0.0,3.13,0.1719
107,367,5,21,331.0,0.0,2.8,0.1673
107,367,5,22,323.0,0.0,2.017,0.161
107,367,5,23,324.0,0.0,2.504,0.1431
107,368,6,0,320.0,0.0,2.604,0.1408
107,368,6,1,318.0,0.0,2.268,0.1448
107,368,6,2,319.0,0.0,2.296,0.144
107,368,6,3,313.0,0.0,2.223,0.1414
107,368,6,4,317.0,0.0,2.189,0.143
107,368,6,5,330.0,0.0,2.251,0.1384
107,368,6,6,311.0,0.0,1.683,0.1468
107,368,6,7,324.0,1.55,1.544,0.1489
107,368,6,8,386.0,16.4,1.732,0.1449
107,368,6,9,381.0,33.69,2.263,0.1416
107,368,6,10,383.0,46.55,2.695,0.1415
107,368,6,11,385.0,53.93,2.681,0.1396
107,368,6,12,388.0,50.21,2.677,0.1391
107,368,6,13,387.0,39.13,2.608,0.1401
107,368,6,14,399.0,29.07,2.662,0.1432
107,368,6,15,398.0,15.15,2.597,0.1525
107,368,6,16,396.0,1.95,3.133,0.1621
107,368,6,17,397.0,0.0,4.289,0.1728
107,368,6,18,398.0,0.0,4.141,0.1714
107,368,6,19,377.0,0.0,3.461,0.172
107,368,6,20,329.0,0.0,3.439,0.1768
107,368,6,21,326.0,0.0,2.974,0.165
107,368,6,22,326.0,0.0,2.529,0.155
107,368,6,23,333.0,0.0,2.643,0.1539
107,369,0,0,314.0,0.0,2.933,0.1622
107,369,0,1,315.0,0.0,2.827,0.162
107,369,0,2,310.0,0.0,2.809,0.1639
107,369,0,3,320.0,0.0,2.818,0.1698
107,369,0,4,308.0,0.0,2.833,0.1761
107,369,0,5,316.0,0.0,3.332,0.1958
107,369,0,6,332.0,0.0,4.488,0.2117
107,369,0,7,343.0,1.66,4.584,0.2088
107,369,0,8,397.0,17.39,4.243,0.2074
107,369,0,9,406.0,35.52,4.299,0.2048
107,369,0,10,414.0,48.9,4.629,0.2006
107,369,0,11,435.0,56.46,4.647,0.2009
107,369,0,12,410.0,56.9,4.361,0.2011
107,369,0,13,290.0,50.62,4.145,0.2018
107,369,0,14,355.0,37.42,3.835,0.1996
107,369,0,15,370.0,19.53,3.741,0.2015
107,369,0,16,400.0,2.48,4.91,0.2104
107,369,0,17,406.0,0.0,7.575,0.2191
107,369,0,18,400.0,0.0,6.581,0.2203
107,369,0,19,398.0,0.0,5.982,0.2178
107,369,0,20,317.0,0.0,5.17,0.2167
107,369,0,21,307.0,0.0,4.678,0.2153
107,369,0,22,311.0,0.0,4.257,0.1985
107,369,0,23,305.0,0.0,3.727,0.186
107,370,1,0,300.0,0.0,3.528,0.1744
107,370,1,1,293.0,0.0,3.687,0.1676
107,370,1,2,291.0,0.0,3.5,0.1662
107,370,1,3,287.0,0.0,3.498,0.1645
107,370,1,4,285.0,0.0,3.099,0.1735
107,370,1,5,287.0,0.0,3.514,0.1764
107,370,1,6,298.0,0.0,5.328,0.2
107,370,1,7,326.0,1.87,6.278,0.2036
107,370,1,8,381.0,18.7,5.5,0.2101
107,370,1,9,383.0,37.28,5.188,0.2232
107,370,1,10,392.0,50.83,4.665,0.2075
107,370,1,11,415.0,58.25,4.37,0.201
107,370,1,12,433.0,58.15,3.904,0.2017
107,370,1,13,442.0,49.9,3.721,0.2053
107,370,1,14,447.0,37.52,3.646,0.2042
107,370,1,15,445.0,20.23,3.621,0.2042
107,370,1,16,434.0,2.75,4.653,0.2089
107,370,1,17,425.0,0.0,7.057,0.2128
107,370,1,18,406.0,0.0,5.8,0.2146
107,370,1,19,388.0,0.0,5.087,0.2096
107,370,1,20,320.0,0.0,4.411,0.2052
107,370,1,21,312.0,0.0,3.998,0.1952
107,370,1,22,321.0,0.0,3.898,0.1808
107,370,1,23,311.0,0.0,3.244,0.1756
107,371,2,0,343.08,0.0,4.1,0.1591
107,371,2,1,388.15,0.0,4.011,0.153
107,371,2,2,388.15,0.0,3.83,0.1527
107,371,2,3,388.15,0.0,3.803,0.1544
107,371,2,4,388.15,0.0,3.972,0.1591
107,371,2,5,388.15,0.0,4.685,0.1647
107,371,2,6,388.15,0.0,5.775,0.1842
107,371,2,7,388.15,1.91,6.749,0.1831
107,371,2,8,388.15,18.62,6.501,0.183
107,371,2,9,388.15,37.12,6.203,0.1764
107,371,2,10,388.15,51.15,5.478,0.1697
107,371,2,11,388.15,59.06,5.221,0.1686
107,371,2,12,388.15,59.55,4.468,0.168
107,371,2,13,388.15,52.95,4.34,0.1755
107,371,2,14,388.15,39.42,4.237,0.1775
107,371,2,15,388.15,20.99,4.294,0.1866
107,371,2,16,388.15,2.94,4.826,0.1893
107,371,2,17,388.15,0.0,7.099,0.1915
107,371,2,18,388.15,0.0,6.203,0.1885
107,371,2,19,388.15,0.0,5.419,0.1849
107,371,2,20,388.15,0.0,4.829,0.1854
107,371,2,21,388.15,0.0,4.358,0.1808
107,371,2,22,388.15,0.0,3.769,0.1776
107,371,2,23,388.15,0.0,3.467,0.1754
107,372,3,0,388.15,0.0,4.025,0.1813
107,372,3,1,388.15,0.0,3.168,0.1831
107,372,3,2,388.15,0.0,3.082,0.1844
107,372,3,3,388.15,0.0,3.055,0.1864
107,372,3,4,388.15,0.0,3.043,0.1936
107,372,3,5,388.15,0.0,3.058,0.2009
107,372,3,6,388.15,0.0,3.869,0.2036
107,372,3,7,388.15,1.59,4.548,0.2029
107,372,3,8,388.15,13.54,4.225,0.2032
107,372,3,9,388.15,26.05,4.594,0.2041
107,372,3,10,388.15,35.12,4.21,0.2054
107,372,3,11,388.15,38.78,3.72,0.2064
107,372,3,12,388.15,39.12,3.187,0.2031
107,372,3,13,388.15,35.15,3.129,0.2008
107,372,3,14,388.15,26.04,3.056,0.2022
107,372,3,15,388.15,13.79,3.129,0.203
107,372,3,16,388.15,2.16,4.101,0.2068
107,372,3,17,388.15,0.0,5.175,0.2107
107,372,3,18,388.15,0.0,4.833,0.2164
107,372,3,19,388.15,0.0,4.171,0.2135
107,372,3,20,388.15,0.0,3.952,0.21
107,372,3,21,388.15,0.0,3.377,0.2027
107,372,3,22,388.15,0.0,2.96,0.1881
107,372,3,23,388.15,0.0,2.847,0.1791
107,373,4,0,388.15,0.0,3.166,0.1681
107,373,4,1,388.15,0.0,2.925,0.159
107,373,4,2,388.15,0.0,2.701,0.1578
107,373,4,3,388.15,0.0,2.662,0.1569
107,373,4,4,388.15,0.0,2.606,0.1601
107,373,4,5,388.15,0.0,2.886,0.1701
107,373,4,6,388.15,0.0,3.995,0.1768
107,373,4,7,388.15,0.91,4.527,0.177
107,373,4,8,388.15,9.85,4.11,0.1797
107,373,4,9,388.15,20.2,4.162,0.1838
107,373,4,10,388.15,28.22,3.829,0.1886
107,373,4,11,388.15,30.13,3.338,0.1862
107,373,4,12,388.15,30.9,3.045,0.1839
107,373,4,13,388.15,26.53,2.997,0.1856
107,373,4,14,388.15,18.35,2.902,0.1838
107,373,4,15,388.15,9.24,3.051,0.1861
107,373,4,16,388.15,1.21,3.579,0.1907
107,373,4,17,388.15,0.0,4.834,0.1935
107,373,4,18,388.15,0.0,4.571,0.1909
107,373,4,19,388.15,0.0,3.818,0.1894
107,373,4,20,388.15,0.0,3.514,0.1867
107,373,4,21,388.15,0.0,3.191,0.1803
107,373,4,22,388.15,0.0,2.741,0.1611
107,373,4,23,388.15,0.0,2.239,0.1507
107,374,5,0,388.15,0.0,2.654,0.1556
107,374,5,1,388.15,0.0,2.522,0.146
107,374,5,2,388.15,0.0,2.314,0.1438
107,374,5,3,388.15,0.0,2.268,0.1402
107,374,5,4,388.15,0.0,1.921,0.141
107,374,5,5,388.15,0.0,2.104,0.1442
107,374,5,6,388.15,0.0,2.223,0.1484
107,374,5,7,388.15,1.17,2.189,0.1532
107,374,5,8,388.15,10.02,2.498,0.1629
107,374,5,9,388.15,17.57,2.897,0.1684
107,374,5,10,388.15,16.48,2.913,0.1617
107,374,5,11,388.15,23.24,2.907,0.1629
107,374,5,12,388.15,23.66,2.582,0.1651
107,374,5,13,388.15,21.14,2.371,0.1585
107,374,5,14,388.15,15.33,2.362,0.1601
107,374,5,15,388.15,8.0,2.385,0.166
107,374,5,16,388.15,1.08,2.846,0.1729
107,374,5,17,388.15,0.0,3.97,0.1853
107,374,5,18,388.15,0.0,3.72,0.1873
107,374,5,19,388.15,0.0,3.236,0.181
107,374,5,20,388.15,0.0,2.903,0.1794
107,374,5,21,388.15,0.0,2.618,0.165
107,374,5,22,388.15,0.0,2.385,0.1435
107,374,5,23,388.15,0.0,2.251,0.1383
107,375,6,0,388.15,0.0,1.806,0.1333
107,375,6,1,388.15,0.0,1.631,0.1284
107,375,6,2,388.15,0.0,1.558,0.1333
107,375,6,3,388.15,0.0,1.318,0.1338
107,375,6,4,388.15,0.0,1.15,0.1379
107,375,6,5,388.15,0.0,1.207,0.1369
107,375,6,6,388.15,0.0,1.302,0.1393
107,375,6,7,388.15,0.49,1.569,0.1412
107,375,6,8,388.15,4.07,1.499,0.1473
107,375,6,9,388.15,8.73,2.171,0.1491
107,375,6,10,388.15,9.72,2.211,0.1488
107,375,6,11,388.15,17.43,2.368,0.1464
107,375,6,12,388.15,21.66,2.337,0.1513
107,375,6,13,388.15,22.74,2.173,0.153
107,375,6,14,388.15,19.94,2.045,0.1512
107,375,6,15,388.15,10.86,2.049,0.1531
107,375,6,16,388.15,1.85,2.667,0.1564
107,375,6,17,388.15,0.0,3.761,0.1613
107,375,6,18,388.15,0.0,3.383,0.1615
107,375,6,19,388.15,0.0,2.924,0.1662
107,375,6,20,388.15,0.0,2.793,0.1552
107,375,6,21,388.15,0.0,2.262,0.1585
107,375,6,22,388.15,0.0,1.996,0.1486
107,375,6,23,388.15,0.0,1.511,0.144
107,376,0,0,388.15,0.0,1.861,0.138
107,376,0,1,388.15,0.0,1.835,0.1317
107,376,0,2,388.15,0.0,1.664,0.1321
107,376,0,3,388.15,0.0,1.714,0.1337
107,376,0,4,388.15,0.0,1.701,0.1364
107,376,0,5,388.15,0.0,1.941,0.1533
107,376,0,6,388.15,0.0,3.146,0.1771
107,376,0,7,388.15,1.99,3.832,0.1785
107,376,0,8,388.15,18.97,3.844,0.1718
107,376,0,9,388.15,37.63,3.922,0.1708
107,376,0,10,388.15,51.73,4.275,0.1643
107,376,0,11,388.15,59.43,3.851,0.1629
107,376,0,12,388.15,60.06,3.63,0.1629
107,376,0,13,388.15,53.39,3.376,0.1655
107,376,0,14,388.15,40.27,3.238,0.1643
107,376,0,15,388.15,22.31,3.303,0.1689
107,376,0,16,388.15,3.79,4.416,0.1776
107,376,0,17,388.15,0.0,6.661,0.1891
107,376,0,18,388.15,0.0,6.079,0.197
107,376,0,19,388.15,0.0,4.841,0.1983
107,376,0,20,388.15,0.0,4.536,0.1935
107,376,0,21,388.15,0.0,3.88,0.1893
107,376,0,22,388.15,0.0,3.3,0.1718
107,376,0,23,388.15,0.0,2.785,0.159
107,377,1,0,388.15,0.0,2.773,0.1418
107,377,1,1,388.15,0.0,2.678,0.1354
107,377,1,2,388.15,0.0,2.521,0.1343
107,377,1,3,388.15,0.0,2.452,0.1335
107,377,1,4,388.15,0.0,2.379,0.142
107,377,1,5,388.15,0.0,2.943,0.1589
107,377,1,6,388.15,0.0,4.457,0.1749
107,377,1,7,388.15,1.24,5.052,0.1773
107,377,1,8,388.15,10.57,4.728,0.1766
107,377,1,9,388.15,21.17,4.837,0.1779
107,377,1,10,388.15,30.35,4.834,0.1781
107,377,1,11,388.15,35.86,4.267,0.1782
107,377,1,12,388.15,32.83,3.932,0.1826
107,377,1,13,388.15,26.72,3.75,0.1865
107,377,1,14,388.15,18.77,3.716,0.1881
107,377,1,15,388.15,11.23,3.708,0.1839
107,377,1,16,388.15,2.13,4.561,0.1832
107,377,1,17,388.15,0.0,6.514,0.186
107,377,1,18,388.15,0.0,5.738,0.1847
107,377,1,19,388.15,0.0,4.8,0.1862
107,377,1,20,388.15,0.0,4.434,0.1853
107,377,1,21,388.15,0.0,4.055,0.179
107,377,1,22,388.15,0.0,3.33,0.1656
107,377,1,23,388.15,0.0,2.866,0.1501
107,378,2,0,388.15,0.0,3.256,0.1408
107,378,2,1,388.15,0.0,3.241,0.1396
107,378,2,2,388.15,0.0,3.096,0.1391
107,378,2,3,388.15,0.0,2.984,0.1413
107,378,2,4,388.15,0.0,2.838,0.1471
107,378,2,5,388.15,0.0,3.657,0.1578
107,378,2,6,388.15,0.0,4.861,0.1681
107,378,2,7,388.15,1.95,5.579,0.1766
107,378,2,8,388.15,17.79,5.182,0.1803
107,378,2,9,388.15,36.13,5.226,0.1805
107,378,2,10,388.15,50.08,5.149,0.1773
107,378,2,11,388.15,55.35,4.606,0.1751
107,378,2,12,388.15,55.68,4.5,0.178
107,378,2,13,388.15,52.67,4.353,0.1828
107,378,2,14,388.15,38.92,4.343,0.1842
107,378,2,15,388.15,21.42,4.359,0.1902
107,378,2,16,388.15,3.75,4.967,0.1899
107,378,2,17,388.15,0.0,7.037,0.197
107,378,2,18,388.15,0.0,6.611,0.2013
107,378,2,19,388.15,0.0,5.672,0.1956
107,378,2,20,388.15,0.0,5.469,0.1969
107,378,2,21,388.15,0.0,4.739,0.1915
107,378,2,22,388.15,0.0,4.12,0.182
107,378,2,23,388.15,0.0,3.454,0.177
107,379,3,0,388.15,0.0,2.927,0.1612
107,379,3,1,388.15,0.0,2.819,0.1549
107,379,3,2,388.15,0.0,2.597,0.1531
107,379,3,3,388.15,0.0,2.591,0.153
107,379,3,4,388.15,0.0,2.486,0.1586
107,379,3,5,388.15,0.0,2.937,0.1629
107,379,3,6,388.15,0.0,4.957,0.177
107,379,3,7,388.15,1.19,5.755,0.1764
107,379,3,8,388.15,13.17,5.629,0.1698
107,379,3,9,388.15,28.93,5.555,0.1666
107,379,3,10,388.15,40.03,4.835,0.1751
107,379,3,11,388.15,46.02,4.43,0.1778
107,379,3,12,388.15,32.02,4.146,0.1808
107,379,3,13,388.15,27.89,3.967,0.18
107,379,3,14,388.15,20.75,3.681,0.1791
107,379,3,15,388.15,12.07,3.738,0.1792
107,379,3,16,388.15,2.19,4.659,0.1776
107,379,3,17,388.15,0.0,6.62,0.1825
107,379,3,18,388.15,0.0,6.005,0.1838
107,379,3,19,388.15,0.0,5.154,0.1856
107,379,3,20,388.15,0.0,4.837,0.184
107,379,3,21,388.15,0.0,4.306,0.1772
107,379,3,22,388.15,0.0,3.373,0.165
107,379,3,23,388.15,0.0,2.85,0.163
107,380,4,0,372.08,0.0,2.594,0.1505
107,380,4,1,384.08,0.0,2.475,0.1454
107,380,4,2,369.0,0.0,2.309,0.1415
107,380,4,3,376.0,0.0,2.294,0.1418
107,380,4,4,378.0,0.0,2.208,0.1436
107,380,4,5,381.0,0.0,2.623,0.1513
107,380,4,6,399.0,0.0,3.206,0.1661
107,380,4,7,399.0,1.34,3.66,0.1629
107,380,4,8,451.0,12.3,3.55,0.1602
107,380,4,9,447.0,26.41,3.448,0.1697
107,380,4,10,475.0,36.2,3.378,0.1722
107,380,4,11,494.0,38.33,3.356,0.1696
107,380,4,12,520.0,35.99,3.04,0.1694
107,380,4,13,509.0,28.73,3.033,0.1686
107,380,4,14,516.0,20.9,3.021,0.1672
107,380,4,15,501.0,10.91,2.923,0.1679
107,380,4,16,497.0,1.94,3.211,0.1702
107,380,4,17,499.0,0.0,4.257,0.171
107,380,4,18,468.0,0.0,3.879,0.1694
107,380,4,19,442.0,0.0,3.347,0.1679
107,380,4,20,388.0,0.0,3.19,0.1625
107,380,4,21,372.0,0.0,2.961,0.1525
107,380,4,22,369.0,0.0,2.477,0.1427
107,380,4,23,361.0,0.0,2.181,0.1428
107,381,5,0,358.0,0.0,1.802,0.1353
107,381,5,1,347.0,0.0,1.606,0.1294
107,381,5,2,354.0,0.0,1.55,0.1318
107,381,5,3,345.0,0.0,1.353,0.1332
107,381,5,4,357.0,0.0,1.192,0.129
107,381,5,5,354.0,0.0,1.162,0.1296
107,381,5,6,357.0,0.0,1.308,0.1321
107,381,5,7,365.0,1.33,1.891,0.1449
107,381,5,8,419.0,14.62,2.181,0.1434
107,381,5,9,423.0,29.98,2.399,0.1464
107,381,5,10,427.0,41.15,2.596,0.15
107,381,5,11,422.0,49.75,2.558,0.1495
107,381,5,12,423.0,38.65,2.475,0.1522
107,381,5,13,440.0,33.68,2.372,0.1456
107,381,5,14,433.0,25.51,2.21,0.1393
107,381,5,15,414.0,14.34,2.319,0.1389
107,381,5,16,415.0,2.48,2.553,0.1491
107,381,5,17,417.0,0.0,3.536,0.1535
107,381,5,18,439.0,0.0,3.226,0.154
107,381,5,19,420.0,0.0,2.871,0.1536
107,381,5,20,360.0,0.0,2.663,0.153
107,381,5,21,358.0,0.0,2.32,0.1477
107,381,5,22,353.0,0.0,2.236,0.1382
107,381,5,23,351.0,0.0,1.698,0.1285
107,382,6,0,364.0,0.0,2.012,0.1314
107,382,6,1,366.0,0.0,1.731,0.131
107,382,6,2,362.0,0.0,1.504,0.1328
107,382,6,3,365.0,0.0,1.507,0.1302
107,382,6,4,357.0,0.0,1.386,0.1307
107,382,6,5,368.0,0.0,1.492,0.134
107,382,6,6,362.0,0.0,1.758,0.1381
107,382,6,7,356.0,1.16,1.797,0.1425
107,382,6,8,417.0,8.84,2.044,0.144
107,382,6,9,419.0,17.61,2.34,0.1457
107,382,6,10,423.0,14.84,2.766,0.1456
107,382,6,11,426.0,9.14,2.773,0.148
107,382,6,12,426.0,12.65,2.499,0.1494
107,382,6,13,436.0,6.92,2.305,0.1538
107,382,6,14,435.0,13.16,2.305,0.1554
107,382,6,15,438.0,8.41,2.335,0.1588
107,382,6,16,438.0,1.98,3.031,0.1615
107,382,6,17,439.0,0.0,4.497,0.1704
107,382,6,18,437.0,0.0,4.067,0.1694
107,382,6,19,423.0,0.0,3.582,0.1639
107,382,6,20,368.0,0.0,3.451,0.1623
107,382,6,21,367.0,0.0,2.799,0.1613
107,382,6,22,362.0,0.0,2.519,0.1565
107,382,6,23,358.0,0.0,2.106,0.144
107,383,0,0,371.0,0.0,2.601,0.144
107,383,0,1,350.0,0.0,2.352,0.1431
107,383,0,2,349.0,0.0,2.173,0.1375
107,383,0,3,352.0,0.0,2.14,0.1426
107,383,0,4,356.0,0.0,2.209,0.1438
107,383,0,5,359.0,0.0,2.748,0.1482
107,383,0,6,367.0,0.0,4.022,0.1519
107,383,0,7,386.0,1.97,4.49,0.1577
107,383,0,8,451.0,17.5,4.685,0.1601
107,383,0,9,456.0,35.37,4.997,0.1597
107,383,0,10,484.0,49.65,5.475,0.165
107,383,0,11,496.0,53.94,5.702,0.164
107,383,0,12,516.0,55.05,5.031,0.1655
107,383,0,13,529.0,48.43,4.496,0.1716
107,383,0,14,528.0,37.72,4.146,0.1695
107,383,0,15,528.0,22.23,4.305,0.1698
107,383,0,16,520.0,4.88,5.364,0.167
107,383,0,17,511.0,0.0,8.517,0.1751
107,383,0,18,502.0,0.0,8.598,0.1771
107,383,0,19,462.0,0.0,7.143,0.1769
107,383,0,20,400.0,0.0,6.59,0.1766
107,383,0,21,395.0,0.0,5.123,0.1702
107,383,0,22,386.0,0.0,4.386,0.1553
107,383,0,23,381.0,0.0,3.686,0.1544
107,384,1,0,374.0,0.0,3.577,0.1512
107,384,1,1,370.0,0.0,3.391,0.1529
107,384,1,2,365.0,0.0,3.18,0.1497
107,384,1,3,362.0,0.0,3.199,0.1485
107,384,1,4,365.0,0.0,3.228,0.1455
107,384,1,5,373.0,0.0,3.962,0.1501
107,384,1,6,375.0,0.0,5.467,0.157
107,384,1,7,394.0,2.16,6.401,0.1584
107,384,1,8,443.0,18.97,6.908,0.1604
107,384,1,9,453.0,38.21,7.498,0.1616
107,384,1,10,487.0,51.64,7.718,0.1624
107,384,1,11,515.0,60.25,7.25,0.1655
107,384,1,12,532.0,61.1,7.099,0.1644
107,384,1,13,536.0,55.97,6.974,0.166
107,384,1,14,528.0,42.67,6.798,0.1685
107,384,1,15,527.0,24.44,6.975,0.1717
107,384,1,16,527.0,5.59,6.977,0.1774
107,384,1,17,512.0,0.0,9.221,0.1776
107,384,1,18,494.0,0.0,8.587,0.1839
107,384,1,19,477.0,0.0,7.813,0.1852
107,384,1,20,422.0,0.0,7.04,0.1776
107,384,1,21,407.0,0.0,6.006,0.1665
107,384,1,22,401.0,0.0,4.374,0.1599
107,384,1,23,373.0,0.0,3.765,0.1479
107,385,2,0,371.0,0.0,3.099,0.147
107,385,2,1,360.0,0.0,2.831,0.1432
107,385,2,2,371.0,0.0,2.633,0.1401
107,385,2,3,364.0,0.0,2.538,0.1419
107,385,2,4,365.0,0.0,2.656,0.1514
107,385,2,5,368.0,0.0,3.477,0.1506
107,385,2,6,381.0,0.0,5.293,0.1638
107,385,2,7,401.0,2.08,5.786,0.171
107,385,2,8,452.0,16.2,5.938,0.1735
107,385,2,9,465.0,32.1,5.93,0.1718
107,385,2,10,488.0,45.82,5.658,0.1709
107,385,2,11,509.0,54.66,5.097,0.1703
107,385,2,12,526.0,57.79,4.506,0.1745
107,385,2,13,533.0,38.38,4.138,0.1715
107,385,2,14,535.0,28.4,3.965,0.1752
107,385,2,15,533.0,16.38,4.147,0.1785
107,385,2,16,536.0,3.67,4.84,0.1781
107,385,2,17,523.0,0.0,7.444,0.1825
107,385,2,18,511.0,0.0,7.465,0.1817
107,385,2,19,471.0,0.0,5.838,0.1782
107,385,2,20,403.0,0.0,5.532,0.1776
107,385,2,21,399.0,0.0,4.535,0.176
107,385,2,22,391.0,0.0,3.606,0.1621
107,385,2,23,383.0,0.0,3.165,0.1504
107,386,3,0,365.0,0.0,3.327,0.1521
107,386,3,1,372.0,0.0,3.115,0.1489
107,386,3,2,374.0,0.0,2.981,0.1513
107,386,3,3,372.0,0.0,3.045,0.1508
107,386,3,4,373.0,0.0,2.941,0.1555
107,386,3,5,377.0,0.0,3.505,0.166
107,386,3,6,384.0,0.0,4.822,0.1853
107,386,3,7,399.0,2.3,5.275,0.1878
107,386,3,8,457.0,18.57,5.055,0.1864
107,386,3,9,463.0,35.65,4.693,0.1846
107,386,3,10,488.0,49.08,4.473,0.1809
107,386,3,11,503.0,56.71,4.062,0.1835
107,386,3,12,514.0,55.07,3.623,0.1808
107,386,3,13,525.0,48.96,3.599,0.1799
107,386,3,14,533.0,39.55,3.412,0.1775
107,386,3,15,534.0,24.13,3.548,0.1827
107,386,3,16,488.0,6.29,4.167,0.1849
107,386,3,17,471.0,0.0,5.603,0.1903
107,386,3,18,459.0,0.0,5.628,0.1934
107,386,3,19,434.0,0.0,4.841,0.1939
107,386,3,20,404.0,0.0,4.729,0.1964
107,386,3,21,385.0,0.0,4.2,0.1886
107,386,3,22,384.0,0.0,3.365,0.1766
107,386,3,23,365.0,0.0,3.381,0.1706
107,387,4,0,365.0,0.0,3.333,0.1763
107,387,4,1,356.0,0.0,3.091,0.1705
107,387,4,2,358.0,0.0,3.018,0.169
107,387,4,3,349.0,0.0,2.98,0.1698
107,387,4,4,346.0,0.0,2.828,0.181
107,387,4,5,342.0,0.0,3.275,0.1905
107,387,4,6,354.0,0.0,4.347,0.2013
107,387,4,7,372.0,2.26,4.657,0.203
107,387,4,8,398.0,14.68,4.577,0.2018
107,387,4,9,398.0,27.94,4.828,0.2033
107,387,4,10,429.0,35.25,4.825,0.2024
107,387,4,11,450.0,41.14,4.817,0.2155
107,387,4,12,467.0,41.46,4.5,0.2172
107,387,4,13,484.0,16.59,3.569,0.2179
107,387,4,14,478.0,16.06,3.47,0.2215
107,387,4,15,481.0,8.65,3.515,0.2151
107,387,4,16,485.0,1.97,4.164,0.2102
107,387,4,17,478.0,0.0,6.085,0.2064
107,387,4,18,463.0,0.0,5.808,0.2046
107,387,4,19,421.0,0.0,4.444,0.2055
107,387,4,20,391.0,0.0,4.436,0.2066
107,387,4,21,373.0,0.0,3.875,0.2025
107,387,4,22,373.0,0.0,3.413,0.1895
107,387,4,23,368.0,0.0,3.114,0.1858
107,388,5,0,345.0,0.0,3.152,0.1876
107,388,5,1,355.0,0.0,2.961,0.1852
107,388,5,2,363.0,0.0,2.72,0.1807
107,388,5,3,349.0,0.0,2.675,0.1773
107,388,5,4,351.0,0.0,2.576,0.1794
107,388,5,5,361.0,0.0,2.755,0.1802
107,388,5,6,346.0,0.0,3.305,0.1754
107,388,5,7,348.0,0.69,3.157,0.1745
107,388,5,8,365.0,4.14,3.844,0.1802
107,388,5,9,370.0,8.05,4.114,0.1863
107,388,5,10,366.0,10.59,4.195,0.193
107,388,5,11,370.0,8.06,4.128,0.2001
107,388,5,12,358.0,7.39,4.064,0.2048
107,388,5,13,354.0,10.65,3.763,0.2025
107,388,5,14,358.0,8.58,3.591,0.2001
107,388,5,15,356.0,5.69,3.588,0.1959
107,388,5,16,358.0,1.37,4.202,0.1973
107,388,5,17,366.0,0.0,5.402,0.2068
107,388,5,18,367.0,0.0,5.378,0.208
107,388,5,19,345.0,0.0,4.279,0.2025
107,388,5,20,339.0,0.0,4.096,0.2021
107,388,5,21,346.0,0.0,3.758,0.2025
107,388,5,22,334.0,0.0,3.339,0.1972
107,388,5,23,340.0,0.0,3.19,0.203
107,389,6,0,334.0,0.0,3.4,0.2115
107,389,6,1,339.0,0.0,3.172,0.2089
107,389,6,2,326.0,0.0,3.048,0.205
107,389,6,3,323.0,0.0,3.017,0.2022
107,389,6,4,328.0,0.0,2.818,0.2055
107,389,6,5,325.0,0.0,2.993,0.2096
107,389,6,6,329.0,0.0,3.162,0.207
107,389,6,7,319.0,2.79,2.889,0.1899
107,389,6,8,338.0,19.21,3.219,0.1969
107,389,6,9,342.0,37.87,3.912,0.1994
107,389,6,10,340.0,56.22,4.222,0.2026
107,389,6,11,352.0,65.09,4.061,0.2091
107,389,6,12,358.0,62.88,3.851,0.2095
107,389,6,13,367.0,59.58,3.499,0.2138
107,389,6,14,360.0,46.3,3.327,0.2104
107,389,6,15,360.0,24.79,3.376,0.2084
107,389,6,16,359.0,7.45,4.209,0.2088
107,389,6,17,358.0,0.0,5.809,0.2106
107,389,6,18,357.0,0.0,5.67,0.2157
107,389,6,19,341.0,0.0,4.651,0.2112
107,389,6,20,335.0,0.0,4.637,0.2155
107,389,6,21,334.0,0.0,4.247,0.2076
107,389,6,22,325.0,0.0,3.724,0.2013
107,389,6,23,331.0,0.0,3.144,0.1896
107,390,0,0,336.0,0.0,3.739,0.1999
107,390,0,1,317.0,0.0,3.291,0.1983
107,390,0,2,317.0,0.0,3.131,0.2026
107,390,0,3,312.0,0.0,3.128,0.203
107,390,0,4,324.0,0.0,3.135,0.2056
107,390,0,5,328.0,0.0,3.605,0.2124
107,390,0,6,322.0,0.0,4.731,0.2118
107,390,0,7,341.0,2.47,4.5,0.215
107,390,0,8,358.0,14.63,4.488,0.218
107,390,0,9,364.0,30.04,4.504,0.2178
107,390,0,10,404.0,40.63,4.678,0.2186
107,390,0,11,444.0,42.59,4.441,0.2186
107,390,0,12,470.0,36.78,4.068,0.2184
107,390,0,13,468.0,42.13,3.67,0.2169
107,390,0,14,467.0,32.19,3.48,0.2164
107,390,0,15,467.0,16.31,3.433,0.212
107,390,0,16,464.0,4.62,4.106,0.2161
107,390,0,17,463.0,0.0,5.53,0.2249
107,390,0,18,445.0,0.0,5.389,0.2302
107,390,0,19,399.0,0.0,4.599,0.2283
107,390,0,20,376.0,0.0,4.183,0.2242
107,390,0,21,366.0,0.0,3.751,0.2123
107,390,0,22,361.0,0.0,3.213,0.1985
107,390,0,23,344.0,0.0,3.091,0.1941
107,391,1,0,349.0,0.0,3.221,0.1813
107,391,1,1,349.0,0.0,2.879,0.1801
107,391,1,2,332.0,0.0,2.918,0.1795
107,391,1,3,339.0,0.0,2.919,0.1802
107,391,1,4,335.0,0.0,2.79,0.1768
107,391,1,5,337.0,0.0,3.125,0.1808
107,391,1,6,349.0,0.0,3.899,0.1875
107,391,1,7,353.0,1.51,4.266,0.1925
107,391,1,8,375.0,9.75,4.069,0.1952
107,391,1,9,386.0,18.45,4.306,0.1934
107,391,1,10,411.0,26.24,4.118,0.1982
107,391,1,11,435.0,41.11,3.791,0.1959
107,391,1,12,453.0,37.34,3.468,0.1897
107,391,1,13,501.0,32.81,3.33,0.1849
107,391,1,14,500.0,24.19,3.123,0.1856
107,391,1,15,500.0,14.42,3.141,0.1862
107,391,1,16,500.0,3.77,3.711,0.1933
107,391,1,17,504.0,0.0,5.158,0.2034
107,391,1,18,486.0,0.0,4.827,0.2068
107,391,1,19,463.0,0.0,4.239,0.2052
107,391,1,20,403.0,0.0,3.555,0.2019
107,391,1,21,394.0,0.0,3.176,0.1906
107,391,1,22,383.0,0.0,3.016,0.1757
107,391,1,23,363.0,0.0,2.8,0.1685
107,392,2,0,363.0,0.0,2.265,0.1608
107,392,2,1,361.0,0.0,2.021,0.1586
107,392,2,2,351.0,0.0,1.951,0.1586
107,392,2,3,347.0,0.0,1.958,0.1591
107,392,2,4,347.0,0.0,1.956,0.1601
107,392,2,5,351.0,0.0,2.188,0.1694
107,392,2,6,354.0,0.0,2.778,0.1847
107,392,2,7,374.0,1.49,3.289,0.1967
107,392,2,8,440.0,11.56,3.333,0.1995
107,392,2,9,448.0,27.27,3.442,0.1981
107,392,2,10,468.0,42.81,3.054,0.2002
107,392,2,11,481.0,53.28,3.053,0.2012
107,392,2,12,492.0,60.16,2.865,0.1933
107,392,2,13,499.0,51.17,2.665,0.1878
107,392,2,14,505.0,39.17,2.608,0.19
107,392,2,15,515.0,22.13,2.657,0.1949
107,392,2,16,529.0,6.71,3.246,0.2055
107,392,2,17,530.0,0.0,4.222,0.2194
107,392,2,18,504.0,0.0,3.897,0.2251
107,392,2,19,465.0,0.0,3.46,0.2211
107,392,2,20,404.0,0.0,3.222,0.2155
107,392,2,21,380.0,0.0,2.81,0.2102
107,392,2,22,379.0,0.0,2.556,0.1972
107,392,2,23,366.0,0.0,2.384,0.1802
107,393,3,0,354.0,0.0,2.489,0.1751
107,393,3,1,357.0,0.0,2.177,0.1712
107,393,3,2,359.0,0.0,1.977,0.1721
107,393,3,3,344.0,0.0,1.955,0.1742
107,393,3,4,355.0,0.0,2.007,0.1696
107,393,3,5,346.0,0.0,2.433,0.1788
107,393,3,6,362.0,0.0,2.983,0.1984
107,393,3,7,374.0,3.04,3.347,0.1978
107,393,3,8,454.0,20.97,3.258,0.2015
107,393,3,9,463.0,40.66,3.131,0.1994
107,393,3,10,490.0,55.54,3.07,0.1973
107,393,3,11,515.0,63.95,3.028,0.1966
107,393,3,12,526.0,65.92,2.948,0.1894
107,393,3,13,530.0,58.81,2.988,0.188
107,393,3,14,530.0,43.4,2.863,0.1918
107,393,3,15,525.0,22.5,2.845,0.1963
107,393,3,16,526.0,6.06,3.3,0.2013
107,393,3,17,533.0,0.0,4.3,0.205
107,393,3,18,504.0,0.0,4.126,0.2068
107,393,3,19,477.0,0.0,3.74,0.2062
107,393,3,20,401.0,0.0,3.301,0.2025
107,393,3,21,388.0,0.0,2.735,0.2025
107,393,3,22,379.0,0.0,2.46,0.2025
107,393,3,23,368.0,0.0,2.333,0.2025
107,394,4,0,368.0,0.0,2.308,0.1591
107,394,4,1,354.0,0.0,2.047,0.1592
107,394,4,2,362.0,0.0,1.853,0.1624
107,394,4,3,349.0,0.0,1.885,0.1608
107,394,4,4,360.0,0.0,2.015,0.1641
107,394,4,5,363.0,0.0,2.277,0.1714
107,394,4,6,360.0,0.0,2.805,0.1912
107,394,4,7,380.0,1.98,2.984,0.1923
107,394,4,8,438.0,10.45,2.917,0.1927
107,394,4,9,444.0,18.87,2.852,0.19
107,394,4,10,469.0,21.18,2.786,0.1935
107,394,4,11,489.0,24.74,2.687,0.1993
107,394,4,12,513.0,26.28,2.583,0.1958
107,394,4,13,528.0,30.46,2.549,0.1937
107,394,4,14,532.0,22.59,2.445,0.192
107,394,4,15,517.0,13.86,2.466,0.1974
107,394,4,16,527.0,4.08,2.874,0.2025
107,394,4,17,530.0,0.0,3.825,0.2108
107,394,4,18,502.0,0.0,3.698,0.2062
107,394,4,19,464.0,0.0,3.18,0.2012
107,394,4,20,400.0,0.0,2.816,0.1971
107,394,4,21,382.0,0.0,2.513,0.1976
107,394,4,22,383.0,0.0,2.329,0.1862
107,394,4,23,380.0,0.0,2.275,0.1812
107,395,5,0,362.0,0.0,2.652,0.1916
107,395,5,1,370.0,0.0,2.546,0.1821
107,395,5,2,365.0,0.0,2.214,0.1731
107,395,5,3,354.0,0.0,2.133,0.1717
107,395,5,4,359.0,0.0,2.12,0.1726
107,395,5,5,349.0,0.0,2.272,0.1763
107,395,5,6,351.0,0.0,2.177,0.1768
107,395,5,7,353.0,3.37,2.235,0.181
107,395,5,8,427.0,21.14,2.513,0.1854
107,395,5,9,412.0,39.56,2.733,0.1955
107,395,5,10,431.0,52.89,2.94,0.1954
107,395,5,11,432.0,60.99,2.895,0.1879
107,395,5,12,440.0,62.5,2.668,0.1788
107,395,5,13,439.0,56.75,2.472,0.1792
107,395,5,14,430.0,44.45,2.312,0.1799
107,395,5,15,433.0,26.86,2.398,0.1806
107,395,5,16,429.0,8.44,2.693,0.1844
107,395,5,17,434.0,0.0,3.427,0.1906
107,395,5,18,434.0,0.0,3.369,0.1975
107,395,5,19,413.0,0.0,2.892,0.1943
107,395,5,20,367.0,0.0,2.733,0.1877
107,395,5,21,354.0,0.0,2.515,0.1826
107,395,5,22,363.0,0.0,2.533,0.1735
107,395,5,23,357.0,0.0,2.227,0.1678
107,396,6,0,360.0,0.0,2.325,0.1705
107,396,6,1,350.0,0.0,2.148,0.1647
107,396,6,2,347.0,0.0,1.806,0.1631
107,396,6,3,351.0,0.0,1.757,0.1631
107,396,6,4,358.0,0.0,1.757,0.1642
107,396,6,5,351.0,0.0,1.881,0.1603
107,396,6,6,355.0,0.0,1.439,0.1597
107,396,6,7,342.0,2.52,1.636,0.1563
107,396,6,8,416.0,17.38,1.886,0.1582
107,396,6,9,418.0,36.67,2.168,0.164
107,396,6,10,416.0,51.2,2.25,0.1634
107,396,6,11,424.0,55.33,2.203,0.1611
107,396,6,12,427.0,55.21,2.205,0.1633
107,396,6,13,429.0,45.38,2.135,0.1678
107,396,6,14,432.0,34.87,2.111,0.1689
107,396,6,15,430.0,21.39,2.135,0.1742
107,396,6,16,428.0,6.82,2.475,0.1764
107,396,6,17,431.0,0.0,3.152,0.1718
107,396,6,18,439.0,0.0,3.086,0.1699
107,396,6,19,419.0,0.0,2.702,0.17
107,396,6,20,368.0,0.0,2.446,0.1682
107,396,6,21,360.0,0.0,2.133,0.1633
107,396,6,22,364.0,0.0,1.939,0.1527
107,396,6,23,354.0,0.0,1.738,0.153
107,397,0,0,363.0,0.0,1.568,0.15
107,397,0,1,345.0,0.0,1.367,0.1467
107,397,0,2,349.0,0.0,1.382,0.1457
107,397,0,3,340.0,0.0,1.349,0.1445
107,397,0,4,338.0,0.0,1.399,0.1438
107,397,0,5,348.0,0.0,1.506,0.1495
107,397,0,6,352.0,0.0,2.041,0.1612
107,397,0,7,373.0,2.4,2.286,0.1688
107,397,0,8,439.0,13.43,2.509,0.1725
107,397,0,9,443.0,23.32,2.524,0.1694
107,397,0,10,444.0,31.76,2.531,0.1668
107,397,0,11,465.0,37.18,2.554,0.1698
107,397,0,12,484.0,39.16,2.454,0.1684
107,397,0,13,497.0,33.64,2.386,0.1694
107,397,0,14,505.0,24.72,2.258,0.1709
107,397,0,15,513.0,16.45,2.261,0.1739
107,397,0,16,518.0,5.32,2.673,0.1856
107,397,0,17,511.0,0.0,3.502,0.1955
107,397,0,18,497.0,0.0,3.354,0.1971
107,397,0,19,464.0,0.0,2.94,0.1934
107,397,0,20,387.0,0.0,2.616,0.1838
107,397,0,21,371.0,0.0,2.392,0.1788
107,397,0,22,361.0,0.0,2.107,0.1608
107,397,0,23,354.0,0.0,1.776,0.1543
107,398,1,0,352.0,0.0,1.713,0.1547
107,398,1,1,355.0,0.0,1.417,0.1539
107,398,1,2,342.0,0.0,1.181,0.1519
107,398,1,3,347.0,0.0,1.188,0.1492
107,398,1,4,348.0,0.0,1.322,0.1431
107,398,1,5,349.0,0.0,1.753,0.1553
107,398,1,6,362.0,0.0,2.34,0.1782
107,398,1,7,382.0,4.0,2.727,0.1865
107,398,1,8,431.0,22.82,2.927,0.1869
107,398,1,9,433.0,39.91,2.922,0.1858
107,398,1,10,465.0,54.18,2.88,0.1834
107,398,1,11,487.0,63.61,2.866,0.1772
107,398,1,12,499.0,61.26,2.772,0.1776
107,398,1,13,515.0,54.67,2.675,0.1751
107,398,1,14,516.0,43.9,2.584,0.1766
107,398,1,15,511.0,28.96,2.594,0.1793
107,398,1,16,520.0,10.21,2.927,0.1843
107,398,1,17,521.0,0.0,3.714,0.194
107,398,1,18,505.0,0.0,3.833,0.1946
107,398,1,19,476.0,0.0,3.32,0.1849
107,398,1,20,416.0,0.0,2.929,0.1786
107,398,1,21,399.0,0.0,2.662,0.1673
107,398,1,22,379.0,0.0,2.103,0.1416
107,398,1,23,359.0,0.0,1.781,0.1338
107,399,2,0,349.0,0.0,1.447,0.1234
107,399,2,1,354.0,0.0,1.197,0.1178
107,399,2,2,357.0,0.0,0.982,0.1182
107,399,2,3,351.0,0.0,0.995,0.1219
107,399,2,4,357.0,0.0,1.131,0.1203
107,399,2,5,352.0,0.0,1.745,0.1303
107,399,2,6,371.0,0.0,2.115,0.1547
107,399,2,7,378.0,1.14,2.359,0.1631
107,399,2,8,450.0,3.23,2.352,0.1665
107,399,2,9,464.0,5.79,2.512,0.1626
107,399,2,10,488.0,6.46,2.512,0.1703
107,399,2,11,504.0,10.92,2.473,0.1759
107,399,2,12,512.0,8.93,2.394,0.1746
107,399,2,13,513.0,9.3,2.283,0.1801
107,399,2,14,498.0,8.11,2.119,0.1835
107,399,2,15,496.0,5.93,2.189,0.1811
107,399,2,16,494.0,2.5,2.546,0.1966
107,399,2,17,495.0,0.0,3.079,0.1921
107,399,2,18,481.0,0.0,3.09,0.1852
107,399,2,19,470.0,0.0,2.743,0.1736
107,399,2,20,377.0,0.0,2.345,0.1677
107,399,2,21,367.0,0.0,2.215,0.1531
107,399,2,22,352.0,0.0,1.893,0.1335
107,399,2,23,353.0,0.0,1.712,0.1267
107,400,3,0,338.0,0.0,1.438,0.1211
107,400,3,1,337.0,0.0,1.258,0.1167
107,400,3,2,324.0,0.0,1.117,0.1145
107,400,3,3,327.0,0.0,1.077,0.1143
107,400,3,4,335.0,0.0,1.248,0.1132
107,400,3,5,328.0,0.0,1.456,0.1218
107,400,3,6,333.0,0.0,1.796,0.138
107,400,3,7,370.0,2.05,2.113,0.1477
107,400,3,8,441.0,10.82,2.187,0.1564
107,400,3,9,445.0,19.53,2.277,0.1487
107,400,3,10,473.0,23.57,2.288,0.1578
107,400,3,11,489.0,34.13,2.31,0.1589
107,400,3,12,495.0,25.28,2.224,0.1611
107,400,3,13,510.0,17.23,2.125,0.1558
107,400,3,14,511.0,13.96,2.058,0.1611
107,400,3,15,528.0,8.58,2.116,0.1679
107,400,3,16,542.0,3.29,2.371,0.1747
107,400,3,17,531.0,0.0,2.967,0.184
107,400,3,18,517.0,0.0,3.021,0.1892
107,400,3,19,477.0,0.0,2.573,0.1889
107,400,3,20,382.0,0.0,2.342,0.184
107,400,3,21,364.0,0.0,2.163,0.1756
107,400,3,22,347.0,0.0,1.873,0.149
107,400,3,23,337.0,0.0,1.689,0.1306
107,401,4,0,342.0,0.0,1.67,0.1225
107,401,4,1,330.0,0.0,1.526,0.1174
107,401,4,2,320.0,0.0,1.342,0.1189
107,401,4,3,313.0,0.0,1.316,0.1179
107,401,4,4,319.0,0.0,1.396,0.1211
107,401,4,5,322.0,0.0,1.699,0.1351
107,401,4,6,331.0,0.0,2.032,0.161
107,401,4,7,348.0,1.39,2.55,0.1759
107,401,4,8,437.0,8.0,2.389,0.1807
107,401,4,9,432.0,17.61,2.521,0.1792
107,401,4,10,450.0,16.8,2.52,0.19
107,401,4,11,475.0,32.7,2.425,0.1904
107,401,4,12,487.0,39.33,2.339,0.1915
107,401,4,13,495.0,35.39,2.29,0.1763
107,401,4,14,506.0,30.37,2.126,0.1744
107,401,4,15,515.0,23.0,2.051,0.1704
107,401,4,16,526.0,11.43,2.468,0.174
107,401,4,17,515.0,0.0,3.096,0.1805
107,401,4,18,496.0,0.0,3.11,0.1907
107,401,4,19,482.0,0.0,2.729,0.1859
107,401,4,20,387.0,0.0,2.354,0.181
107,401,4,21,359.0,0.0,2.08,0.1765
107,401,4,22,353.0,0.0,2.031,0.1573
107,401,4,23,352.0,0.0,1.731,0.1453
107,402,5,0,335.0,0.0,2.59,0.1492
107,402,5,1,342.0,0.0,2.369,0.1398
107,402,5,2,348.0,0.0,2.031,0.137
107,402,5,3,330.0,0.0,1.994,0.1366
107,402,5,4,325.0,0.0,2.221,0.138
107,402,5,5,325.0,0.0,2.295,0.1387
107,402,5,6,315.0,0.0,2.279,0.1463
107,402,5,7,336.0,4.24,2.336,0.1507
107,402,5,8,414.0,20.96,2.457,0.158
107,402,5,9,415.0,36.03,2.568,0.1636
107,402,5,10,416.0,48.61,2.535,0.1597
107,402,5,11,415.0,55.61,2.461,0.155
107,402,5,12,415.0,53.57,2.483,0.1541
107,402,5,13,420.0,47.21,2.408,0.1543
107,402,5,14,431.0,37.11,2.325,0.1494
107,402,5,15,436.0,26.05,2.294,0.1516
107,402,5,16,443.0,10.89,2.416,0.1545
107,402,5,17,430.0,0.0,3.265,0.1606
107,402,5,18,448.0,0.0,3.405,0.1633
107,402,5,19,426.0,0.0,2.893,0.1659
107,402,5,20,362.0,0.0,2.694,0.1616
107,402,5,21,343.0,0.0,2.496,0.1558
107,402,5,22,344.0,0.0,2.314,0.1463
107,402,5,23,340.0,0.0,2.002,0.1397
107,403,6,0,339.0,0.0,2.666,0.1455
107,403,6,1,331.0,0.0,2.562,0.1439
107,403,6,2,332.0,0.0,2.315,0.1383
107,403,6,3,323.0,0.0,2.231,0.134
107,403,6,4,325.0,0.0,2.305,0.1358
107,403,6,5,322.0,0.0,2.24,0.1397
107,403,6,6,328.0,0.0,2.0,0.1485
107,403,6,7,332.0,4.98,1.809,0.1517
107,403,6,8,408.0,24.03,2.113,0.1532
107,403,6,9,409.0,41.48,2.304,0.158
107,403,6,10,412.0,55.37,2.339,0.1553
107,403,6,11,424.0,50.23,2.254,0.1511
107,403,6,12,428.0,52.05,2.302,0.1496
107,403,6,13,423.0,51.88,2.081,0.1519
107,403,6,14,420.0,38.84,2.068,0.1514
107,403,6,15,422.0,25.19,2.065,0.1548
107,403,6,16,421.0,9.02,2.248,0.1564
107,403,6,17,427.0,0.0,3.078,0.1587
107,403,6,18,423.0,0.0,3.215,0.1638
107,403,6,19,413.0,0.0,2.88,0.1596
107,403,6,20,338.0,0.0,2.81,0.1564
107,403,6,21,338.0,0.0,2.641,0.1536
107,403,6,22,336.0,0.0,2.413,0.1466
107,403,6,23,326.0,0.0,2.042,0.1426
107,404,0,0,340.0,0.0,2.456,0.1409
107,404,0,1,326.0,0.0,2.089,0.1415
107,404,0,2,323.0,0.0,1.894,0.1368
107,404,0,3,320.0,0.0,1.921,0.1373
107,404,0,4,328.0,0.0,2.088,0.1433
107,404,0,5,320.0,0.0,2.408,0.1637
107,404,0,6,332.0,0.0,2.719,0.1822
107,404,0,7,351.0,2.01,3.041,0.1908
107,404,0,8,432.0,10.42,3.081,0.193
107,404,0,9,429.0,16.43,3.118,0.1952
107,404,0,10,448.0,22.53,3.134,0.1924
107,404,0,11,461.0,28.74,3.055,0.194
107,404,0,12,480.0,36.49,2.949,0.1935
107,404,0,13,488.0,39.83,2.829,0.1913
107,404,0,14,499.0,34.86,2.814,0.1921
107,404,0,15,501.0,22.92,2.799,0.1928
107,404,0,16,500.0,7.28,3.084,0.1909
107,404,0,17,512.0,0.0,4.013,0.1984
107,404,0,18,486.0,0.0,4.002,0.1993
107,404,0,19,456.0,0.0,3.755,0.1982
107,404,0,20,363.0,0.0,3.174,0.1983
107,404,0,21,362.0,0.0,2.8,0.2006
107,404,0,22,349.0,0.0,2.489,0.1895
107,404,0,23,344.0,0.0,2.507,0.1756
107,405,1,0,347.0,0.0,2.536,0.1671
107,405,1,1,333.0,0.0,2.129,0.1664
107,405,1,2,332.0,0.0,1.875,0.1533
107,405,1,3,329.0,0.0,1.798,0.1513
107,405,1,4,325.0,0.0,2.072,0.1519
107,405,1,5,333.0,0.0,2.615,0.1657
107,405,1,6,335.0,0.0,2.883,0.1824
107,405,1,7,364.0,1.61,3.309,0.1906
107,405,1,8,433.0,9.85,3.314,0.1917
107,405,1,9,445.0,18.95,3.372,0.1901
107,405,1,10,479.0,27.83,3.205,0.1959
107,405,1,11,492.0,29.91,3.07,0.1956
107,405,1,12,506.0,25.78,3.049,0.1968
107,405,1,13,510.0,21.15,2.919,0.2006
107,405,1,14,511.0,16.62,2.814,0.1974
107,405,1,15,509.0,10.61,2.879,0.197
107,405,1,16,509.0,4.09,3.205,0.1963
107,405,1,17,512.0,0.29,4.148,0.1998
107,405,1,18,503.0,0.0,4.137,0.2015
107,405,1,19,468.0,0.0,3.663,0.2042
107,405,1,20,404.0,0.0,3.265,0.2017
107,405,1,21,391.0,0.0,2.842,0.1985
107,405,1,22,382.0,0.0,2.555,0.1856
107,405,1,23,366.0,0.0,2.401,0.1742
107,406,2,0,346.0,0.0,3.209,0.1728
107,406,2,1,353.0,0.0,2.842,0.165
107,406,2,2,344.0,0.0,2.579,0.1642
107,406,2,3,351.0,0.0,2.64,0.164
107,406,2,4,343.0,0.0,2.972,0.1652
107,406,2,5,348.0,0.0,3.014,0.1825
107,406,2,6,350.0,0.0,2.879,0.201
107,406,2,7,383.0,3.26,3.468,0.2077
107,406,2,8,444.0,15.94,3.674,0.2038
107,406,2,9,458.0,29.03,3.779,0.2013
107,406,2,10,476.0,40.42,3.772,0.2001
107,406,2,11,483.0,44.7,3.611,0.1966
107,406,2,12,490.0,41.13,3.562,0.1974
107,406,2,13,497.0,33.91,3.369,0.1976
107,406,2,14,498.0,27.54,3.345,0.1961
107,406,2,15,507.0,20.14,3.358,0.1999
107,406,2,16,501.0,9.91,3.624,0.2038
107,406,2,17,505.0,0.56,4.605,0.2065
107,406,2,18,496.0,0.0,4.67,0.2096
107,406,2,19,471.0,0.0,4.105,0.2134
107,406,2,20,377.0,0.0,3.634,0.2074
107,406,2,21,366.0,0.0,3.475,0.2045
107,406,2,22,350.0,0.0,2.881,0.1918
107,406,2,23,353.0,0.0,2.882,0.1813
107,407,3,0,354.0,0.0,3.11,0.1752
107,407,3,1,342.0,0.0,3.078,0.1714
107,407,3,2,340.0,0.0,2.91,0.1707
107,407,3,3,335.0,0.0,2.834,0.1682
107,407,3,4,344.0,0.0,2.944,0.1648
107,407,3,5,336.0,0.0,3.251,0.1714
107,407,3,6,349.0,0.0,3.914,0.186
107,407,3,7,372.0,6.09,4.37,0.2014
107,407,3,8,435.0,21.59,4.64,0.2032
107,407,3,9,442.0,34.31,4.639,0.1999
107,407,3,10,468.0,48.01,4.84,0.2005
107,407,3,11,490.0,47.89,4.73,0.1986
107,407,3,12,497.0,50.0,4.733,0.2114
107,407,3,13,504.0,45.5,4.504,0.217
107,407,3,14,508.0,36.13,4.453,0.225
107,407,3,15,517.0,25.49,4.539,0.2235
107,407,3,16,519.0,12.38,4.577,0.2199
107,407,3,17,508.0,0.8,5.782,0.2251
107,407,3,18,498.0,0.0,6.542,0.2365
107,407,3,19,472.0,0.0,5.863,0.2351
107,407,3,20,373.0,0.0,4.859,0.233
107,407,3,21,370.0,0.0,4.72,0.2196
107,407,3,22,364.0,0.0,4.215,0.2045
107,407,3,23,350.0,0.0,3.998,0.1934
107,408,4,0,357.0,0.0,4.763,0.1812
107,408,4,1,337.0,0.0,4.253,0.1763
107,408,4,2,347.0,0.0,4.154,0.1803
107,408,4,3,337.0,0.0,4.234,0.1785
107,408,4,4,348.0,0.0,4.279,0.1805
107,408,4,5,339.0,0.0,4.825,0.1849
107,408,4,6,353.0,0.0,5.838,0.1967
107,408,4,7,381.0,7.56,6.742,0.2066
107,408,4,8,449.0,28.11,6.2,0.2072
107,408,4,9,449.0,45.08,6.053,0.2077
107,408,4,10,463.0,58.83,5.955,0.1999
107,408,4,11,477.0,65.6,5.688,0.1894
107,408,4,12,492.0,61.9,5.394,0.2018
107,408,4,13,495.0,37.91,5.176,0.1971
107,408,4,14,506.0,29.93,5.019,0.1959
107,408,4,15,514.0,19.66,5.025,0.1974
107,408,4,16,523.0,7.59,5.399,0.1982
107,408,4,17,516.0,0.55,6.574,0.1989
107,408,4,18,492.0,0.0,7.181,0.2011
107,408,4,19,480.0,0.0,6.565,0.1959
107,408,4,20,393.0,0.0,5.932,0.1967
107,408,4,21,373.0,0.0,5.424,0.1987
107,408,4,22,373.0,0.0,4.955,0.1887
107,408,4,23,374.0,0.0,4.643,0.1849
107,409,5,0,367.0,0.0,5.027,0.1865
107,409,5,1,359.0,0.0,4.79,0.1802
107,409,5,2,353.0,0.0,4.655,0.1814
107,409,5,3,347.0,0.0,4.575,0.1815
107,409,5,4,340.0,0.0,4.623,0.1796
107,409,5,5,346.0,0.0,4.871,0.1856
107,409,5,6,335.0,0.0,5.14,0.1837
107,409,5,7,355.0,6.95,5.202,0.1866
107,409,5,8,429.0,23.88,5.616,0.1904
107,409,5,9,424.0,39.23,6.455,0.1878
107,409,5,10,427.0,54.23,7.425,0.1827
107,409,5,11,438.0,61.67,7.404,0.1882
107,409,5,12,432.0,63.31,7.284,0.1939
107,409,5,13,434.0,56.58,6.601,0.1903
107,409,5,14,436.0,46.33,6.568,0.1918
107,409,5,15,437.0,31.01,6.565,0.1927
107,409,5,16,435.0,14.7,6.65,0.1981
107,409,5,17,449.0,1.07,7.914,0.1999
107,409,5,18,441.0,0.0,8.748,0.21
107,409,5,19,451.0,0.0,8.33,0.2121
107,409,5,20,375.0,0.0,7.675,0.2178
107,409,5,21,368.0,0.0,6.85,0.2204
107,409,5,22,358.0,0.0,6.613,0.2147
107,409,5,23,357.0,0.0,5.817,0.2073
107,410,6,0,354.0,0.0,6.529,0.216
107,410,6,1,348.0,0.0,6.157,0.2195
107,410,6,2,355.0,0.0,5.672,0.2191
107,410,6,3,352.0,0.0,5.56,0.2178
107,410,6,4,339.0,0.0,5.717,0.2192
107,410,6,5,338.0,0.0,5.748,0.2237
107,410,6,6,342.0,0.0,5.82,0.2224
107,410,6,7,358.0,8.98,6.5,0.2146
107,410,6,8,421.0,31.83,7.0,0.2213
107,410,6,9,418.0,51.41,7.7,0.2291
107,410,6,10,413.0,66.79,7.925,0.2224
107,410,6,11,423.0,74.17,7.6,0.2241
107,410,6,12,422.0,74.2,6.815,0.2262
107,410,6,13,426.0,70.5,6.755,0.2274
107,410,6,14,431.0,57.88,6.5,0.224
107,410,6,15,429.0,38.74,6.5,0.2219
107,410,6,16,420.0,17.46,6.81,0.2252
107,410,6,17,432.0,1.14,8.693,0.2294
107,410,6,18,426.0,0.0,9.84,0.2358
107,410,6,19,432.0,0.0,8.5,0.2343
107,410,6,20,361.0,0.0,9.0,0.2274
107,410,6,21,358.0,0.0,8.329,0.2234
107,410,6,22,359.0,0.0,6.907,0.2192
107,410,6,23,351.0,0.0,5.628,0.2162
107,411,0,0,360.0,0.0,4.916,0.2251
107,411,0,1,354.0,0.0,4.779,0.2158
107,411,0,2,351.0,0.0,4.644,0.2139
107,411,0,3,345.0,0.0,4.603,0.2134
107,411,0,4,354.0,0.0,4.761,0.2165
107,411,0,5,349.0,0.0,4.893,0.2306
107,411,0,6,352.0,0.0,5.819,0.2329
107,411,0,7,381.0,2.89,5.885,0.223
107,411,0,8,447.0,8.07,7.306,0.2113
107,411,0,9,441.0,11.49,7.848,0.2076
107,411,0,10,466.0,9.49,7.463,0.2168
107,411,0,11,493.0,10.31,7.0,0.2127
107,411,0,12,506.0,19.73,7.304,0.2158
107,411,0,13,506.0,10.92,5.086,0.2204
107,411,0,14,503.0,23.21,5.082,0.2201
107,411,0,15,510.0,13.09,4.569,0.2144
107,411,0,16,514.0,5.65,6.567,0.2147
107,411,0,17,510.0,0.53,7.254,0.2146
107,411,0,18,489.0,0.0,7.38,0.2189
107,411,0,19,463.0,0.0,6.0,0.2144
107,411,0,20,374.0,0.0,5.093,0.211
107,411,0,21,359.0,0.0,4.666,0.2024
107,411,0,22,361.0,0.0,4.06,0.1913
107,411,0,23,350.0,0.0,4.358,0.1809
107,412,1,0,353.0,0.0,3.026,0.1913
107,412,1,1,351.0,0.0,2.679,0.1952
107,412,1,2,348.0,0.0,2.374,0.1937
107,412,1,3,357.0,0.0,2.392,0.1925
107,412,1,4,346.0,0.0,2.437,0.1927
107,412,1,5,351.0,0.0,2.737,0.1897
107,412,1,6,353.0,0.0,3.891,0.1859
107,412,1,7,393.0,2.62,4.284,0.1823
107,412,1,8,443.0,7.56,5.011,0.1798
107,412,1,9,445.0,11.9,5.479,0.1807
107,412,1,10,462.0,17.12,4.4,0.1937
107,412,1,11,485.0,9.71,4.016,0.1952
107,412,1,12,495.0,6.12,3.792,0.1899
107,412,1,13,502.0,7.75,3.302,0.1863
107,412,1,14,503.0,18.79,3.072,0.1934
107,412,1,15,503.0,11.98,3.023,0.1947
107,412,1,16,512.0,5.57,3.48,0.1925
107,412,1,17,508.0,0.61,4.484,0.1957
107,412,1,18,497.0,0.0,4.849,0.2027
107,412,1,19,478.0,0.0,4.174,0.1969
107,412,1,20,400.0,0.0,3.375,0.1934
107,412,1,21,377.0,0.0,2.938,0.1901
107,412,1,22,368.0,0.0,2.526,0.1906
107,412,1,23,342.0,0.0,2.453,0.1839
107,413,2,0,341.0,0.0,2.721,0.1929
107,413,2,1,332.0,0.0,2.544,0.1963
107,413,2,2,329.0,0.0,2.431,0.1927
107,413,2,3,333.0,0.0,2.433,0.1851
107,413,2,4,324.0,0.0,2.481,0.1876
107,413,2,5,333.0,0.0,2.688,0.1876
107,413,2,6,333.0,0.0,3.303,0.1925
107,413,2,7,360.0,3.78,3.629,0.2057
107,413,2,8,438.0,11.84,3.713,0.2072
107,413,2,9,440.0,19.06,3.677,0.2003
107,413,2,10,459.0,22.9,3.603,0.1919
107,413,2,11,479.0,28.21,3.416,0.1924
107,413,2,12,491.0,21.72,3.219,0.189
107,413,2,13,493.0,24.07,2.881,0.192
107,413,2,14,503.0,18.89,2.816,0.1939
107,413,2,15,505.0,12.13,2.814,0.1927
107,413,2,16,511.0,4.43,3.414,0.1945
107,413,2,17,508.0,0.5,4.418,0.1995
107,413,2,18,490.0,0.0,4.724,0.2013
107,413,2,19,463.0,0.0,3.941,0.2004
107,413,2,20,369.0,0.0,3.464,0.2022
107,413,2,21,361.0,0.0,2.871,0.2035
107,413,2,22,345.0,0.0,2.691,0.1902
107,413,2,23,344.0,0.0,2.567,0.1855
107,414,3,0,342.0,0.0,2.382,0.1893
107,414,3,1,339.0,0.0,2.295,0.1863
107,414,3,2,343.0,0.0,2.155,0.1854
107,414,3,3,333.0,0.0,2.183,0.1875
107,414,3,4,342.0,0.0,2.273,0.1904
107,414,3,5,333.0,0.0,2.41,0.1974
107,414,3,6,345.0,0.0,3.137,0.204
107,414,3,7,376.0,10.49,3.327,0.2071
107,414,3,8,434.0,33.37,3.372,0.2096
107,414,3,9,433.0,54.22,3.35,0.2021
107,414,3,10,455.0,70.67,3.513,0.2011
107,414,3,11,466.0,79.56,3.145,0.2019
107,414,3,12,481.0,81.03,3.044,0.2001
107,414,3,13,497.0,74.71,2.921,0.1972
107,414,3,14,498.0,60.89,2.881,0.1996
107,414,3,15,495.0,41.24,2.91,0.2031
107,414,3,16,497.0,18.91,3.059,0.2074
107,414,3,17,500.0,1.51,4.052,0.2118
107,414,3,18,485.0,0.0,4.376,0.2114
107,414,3,19,472.0,0.0,3.816,0.211
107,414,3,20,375.0,0.0,3.409,0.2114
107,414,3,21,353.0,0.0,3.206,0.2102
107,414,3,22,346.0,0.0,2.565,0.201
107,414,3,23,346.0,0.0,2.616,0.1952
107,415,4,0,335.0,0.0,2.462,0.1942
107,415,4,1,336.0,0.0,2.21,0.1897
107,415,4,2,334.0,0.0,2.098,0.1876
107,415,4,3,325.0,0.0,2.047,0.1852
107,415,4,4,332.0,0.0,2.086,0.1864
107,415,4,5,323.0,0.0,2.225,0.1899
107,415,4,6,342.0,0.0,2.866,0.1983
107,415,4,7,360.0,6.14,3.077,0.1972
107,415,4,8,426.0,19.22,3.053,0.2033
107,415,4,9,437.0,33.25,3.054,0.1951
107,415,4,10,445.0,42.71,3.039,0.1959
107,415,4,11,469.0,46.22,2.86,0.1931
107,415,4,12,482.0,39.3,2.79,0.1899
107,415,4,13,491.0,42.98,2.566,0.1909
107,415,4,14,492.0,33.26,2.449,0.1941
107,415,4,15,493.0,22.97,2.473,0.1912
107,415,4,16,505.0,9.39,2.854,0.1925
107,415,4,17,501.0,0.93,3.491,0.2033
107,415,4,18,480.0,0.0,3.539,0.2026
107,415,4,19,456.0,0.0,3.007,0.193
107,415,4,20,354.0,0.0,2.715,0.1886
107,415,4,21,361.0,0.0,2.511,0.1807
107,415,4,22,347.0,0.0,2.293,0.1724
107,415,4,23,351.0,0.0,2.321,0.1621
107,416,5,0,346.0,0.0,2.139,0.1464
107,416,5,1,340.0,0.0,1.917,0.1393
107,416,5,2,345.0,0.0,1.689,0.1307
107,416,5,3,341.0,0.0,1.651,0.1317
107,416,5,4,340.0,0.0,1.608,0.131
107,416,5,5,335.0,0.0,1.816,0.136
107,416,5,6,347.0,0.0,1.848,0.1429
107,416,5,7,349.0,6.55,1.69,0.1438
107,416,5,8,421.0,18.85,1.919,0.1521
107,416,5,9,432.0,30.27,2.091,0.1539
107,416,5,10,424.0,42.52,2.254,0.1607
107,416,5,11,426.0,49.37,2.084,0.1583
107,416,5,12,430.0,43.67,1.978,0.1545
107,416,5,13,427.0,50.09,1.807,0.1488
107,416,5,14,432.0,22.25,1.761,0.1419
107,416,5,15,432.0,19.37,1.703,0.141
107,416,5,16,428.0,10.01,1.878,0.1456
107,416,5,17,435.0,1.07,2.618,0.1581
107,416,5,18,440.0,0.0,2.878,0.1631
107,416,5,19,426.0,0.0,2.327,0.1614
107,416,5,20,352.0,0.0,2.083,0.1579
107,416,5,21,350.0,0.0,1.926,0.1575
107,416,5,22,347.0,0.0,1.842,0.1416
107,416,5,23,344.0,0.0,1.756,0.1328
107,417,6,0,341.0,0.0,1.516,0.1338
107,417,6,1,340.0,0.0,1.43,0.1304
107,417,6,2,336.0,0.0,1.28,0.1304
107,417,6,3,334.0,0.0,1.257,0.1297
107,417,6,4,339.0,0.0,1.241,0.13
107,417,6,5,343.0,0.0,1.278,0.1332
107,417,6,6,325.0,0.0,1.071,0.1379
107,417,6,7,339.0,8.25,1.219,0.1406
107,417,6,8,419.0,19.87,1.312,0.1466
107,417,6,9,418.0,29.77,1.507,0.1489
107,417,6,10,421.0,28.7,1.512,0.1489
107,417,6,11,425.0,23.47,1.521,0.1466
107,417,6,12,426.0,24.6,1.467,0.1471
107,417,6,13,418.0,50.34,1.409,0.1459
107,417,6,14,421.0,37.83,1.372,0.1426
107,417,6,15,418.0,24.9,1.353,0.1424
107,417,6,16,424.0,11.86,1.5,0.1473
107,417,6,17,418.0,0.95,2.221,0.1646
107,417,6,18,419.0,0.0,2.784,0.173
107,417,6,19,419.0,0.0,2.101,0.1731
107,417,6,20,344.0,0.0,1.972,0.1683
107,417,6,21,338.0,0.0,1.722,0.1617
107,417,6,22,341.0,0.0,1.58,0.1522
107,417,6,23,344.0,0.0,1.439,0.1452
107,418,0,0,342.0,0.0,1.536,0.1339
107,418,0,1,336.0,0.0,1.461,0.133
107,418,0,2,339.0,0.0,1.258,0.1358
107,418,0,3,340.0,0.0,1.28,0.1376
107,418,0,4,337.0,0.0,1.422,0.1353
107,418,0,5,335.0,0.0,1.512,0.143
107,418,0,6,340.0,0.0,2.05,0.1654
107,418,0,7,369.0,12.4,2.216,0.1762
107,418,0,8,444.0,34.7,2.37,0.1881
107,418,0,9,442.0,55.4,2.425,0.1923
107,418,0,10,459.0,70.92,2.457,0.1826
107,418,0,11,479.0,79.6,2.323,0.1712
107,418,0,12,490.0,81.02,2.205,0.1709
107,418,0,13,502.0,75.01,1.981,0.17
107,418,0,14,493.0,61.75,1.903,0.1722
107,418,0,15,509.0,42.82,1.93,0.1733
107,418,0,16,508.0,20.65,2.198,0.1802
107,418,0,17,518.0,2.06,3.066,0.1889
107,418,0,18,494.0,0.0,3.352,0.1971
107,418,0,19,462.0,0.0,2.869,0.1995
107,418,0,20,375.0,0.0,2.653,0.1939
107,418,0,21,374.0,0.0,2.346,0.1883
107,418,0,22,358.0,0.0,1.955,0.1696
107,418,0,23,352.0,0.0,1.93,0.1628
107,419,1,0,350.0,0.0,1.847,0.1538
107,419,1,1,348.0,0.0,1.664,0.1501
107,419,1,2,345.0,0.0,1.532,0.148
107,419,1,3,336.0,0.0,1.527,0.1462
107,419,1,4,334.0,0.0,1.57,0.1472
107,419,1,5,333.0,0.0,1.831,0.1533
107,419,1,6,351.0,0.0,2.802,0.1816
107,419,1,7,368.0,3.01,2.632,0.1918
107,419,1,8,449.0,6.91,2.802,0.1937
107,419,1,9,453.0,10.02,2.72,0.1934
107,419,1,10,474.0,12.13,2.818,0.1964
107,419,1,11,502.0,20.57,2.609,0.1979
107,419,1,12,509.0,17.84,2.566,0.1961
107,419,1,13,512.0,12.15,2.265,0.196
107,419,1,14,515.0,10.99,2.237,0.2001
107,419,1,15,521.0,12.64,2.137,0.2065
107,419,1,16,527.0,6.13,2.401,0.2104
107,419,1,17,521.0,0.68,3.171,0.2101
107,419,1,18,502.0,0.0,3.918,0.2108
107,419,1,19,470.0,0.0,3.113,0.2087
107,419,1,20,394.0,0.0,2.518,0.2025
107,419,1,21,374.0,0.0,2.157,0.1948
107,419,1,22,377.0,0.0,2.016,0.1754
107,419,1,23,351.0,0.0,1.898,0.1576
107,420,2,0,385.98,0.0,1.982,0.1424
107,420,2,1,427.96,0.0,1.724,0.1397
107,420,2,2,427.96,0.0,1.703,0.1366
107,420,2,3,427.96,0.0,1.722,0.1383
107,420,2,4,427.96,0.0,1.701,0.1437
107,420,2,5,427.96,0.0,1.839,0.1593
107,420,2,6,427.96,0.0,2.333,0.1904
107,420,2,7,427.96,5.11,2.231,0.2014
107,420,2,8,427.96,14.28,2.438,0.2081
107,420,2,9,427.96,23.35,2.74,0.2133
107,420,2,10,427.96,10.95,2.68,0.2098
107,420,2,11,427.96,19.81,2.53,0.2094
107,420,2,12,427.96,16.07,2.303,0.2077
107,420,2,13,427.96,19.59,1.997,0.2111
107,420,2,14,427.96,15.77,1.918,0.2133
107,420,2,15,427.96,5.68,1.838,0.2126
107,420,2,16,427.96,2.91,2.096,0.2116
107,420,2,17,427.96,0.55,2.947,0.2205
107,420,2,18,427.96,0.0,3.3,0.2224
107,420,2,19,427.96,0.0,2.511,0.2202
107,420,2,20,427.96,0.0,2.088,0.2145
107,420,2,21,427.96,0.0,1.842,0.2065
107,420,2,22,427.96,0.0,1.551,0.1895
107,420,2,23,427.96,0.0,1.543,0.1554
107,421,3,0,391.98,0.0,1.31,0.1296
107,421,3,1,395.98,0.0,1.238,0.1302
107,421,3,2,342.0,0.0,0.93,0.1294
107,421,3,3,354.0,0.0,0.922,0.1295
107,421,3,4,338.0,0.0,1.064,0.1275
107,421,3,5,346.0,0.0,1.314,0.132
107,421,3,6,349.0,0.0,1.97,0.1478
107,421,3,7,372.0,8.31,1.871,0.1612
107,421,3,8,441.0,14.07,1.983,0.1583
107,421,3,9,443.0,19.41,2.119,0.1582
107,421,3,10,471.0,28.18,2.273,0.1619
107,421,3,11,493.0,33.49,2.221,0.1593
107,421,3,12,518.0,27.5,2.156,0.1572
107,421,3,13,527.0,19.73,2.023,0.1607
107,421,3,14,519.0,12.12,1.956,0.1627
107,421,3,15,517.0,10.82,1.898,0.1682
107,421,3,16,518.0,4.76,2.125,0.1715
107,421,3,17,526.0,0.81,2.783,0.1759
107,421,3,18,510.0,0.0,3.188,0.1771
107,421,3,19,464.0,0.0,2.666,0.1735
107,421,3,20,389.0,0.0,2.029,0.172
107,421,3,21,374.0,0.0,1.967,0.1678
107,421,3,22,371.0,0.0,1.78,0.1472
107,421,3,23,367.0,0.0,1.505,0.1373
107,422,4,0,354.0,0.0,1.597,0.1298
107,422,4,1,361.0,0.0,1.514,0.1307
107,422,4,2,354.0,0.0,1.269,0.1268
107,422,4,3,357.0,0.0,1.249,0.1243
107,422,4,4,352.0,0.0,1.469,0.1261
107,422,4,5,346.0,0.0,1.711,0.1381
107,422,4,6,357.0,0.0,2.276,0.1602
107,422,4,7,381.0,12.59,2.438,0.1716
107,422,4,8,444.0,30.07,2.529,0.1743
107,422,4,9,444.0,47.84,2.694,0.1725
107,422,4,10,464.0,58.17,2.756,0.1721
107,422,4,11,489.0,65.04,2.752,0.1642
107,422,4,12,503.0,63.54,2.531,0.1655
107,422,4,13,520.0,71.39,2.362,0.1679
107,422,4,14,511.0,65.44,2.241,0.1712
107,422,4,15,512.0,46.54,2.217,0.1757
107,422,4,16,519.0,24.29,2.482,0.1783
107,422,4,17,530.0,3.3,3.255,0.1856
107,422,4,18,505.0,0.0,3.533,0.1917
107,422,4,19,472.0,0.0,2.905,0.1911
107,422,4,20,375.0,0.0,2.531,0.1885
107,422,4,21,356.0,0.0,2.4,0.1824
107,422,4,22,362.0,0.0,2.175,0.1665
107,422,4,23,362.0,0.0,2.004,0.159
107,423,5,0,355.0,0.0,2.137,0.1583
107,423,5,1,362.0,0.0,1.847,0.1514
107,423,5,2,354.0,0.0,1.666,0.1511
107,423,5,3,359.0,0.0,1.608,0.1483
107,423,5,4,344.0,0.0,1.667,0.1467
107,423,5,5,349.0,0.0,1.735,0.1523
107,423,5,6,350.0,0.54,1.731,0.1671
107,423,5,7,352.0,14.29,1.836,0.1667
107,423,5,8,425.0,36.64,2.149,0.1623
107,423,5,9,427.0,57.26,2.426,0.1596
107,423,5,10,434.0,74.03,2.469,0.1567
107,423,5,11,435.0,83.26,2.253,0.1568
107,423,5,12,432.0,85.15,1.943,0.1531
107,423,5,13,447.0,79.44,1.776,0.1482
107,423,5,14,439.0,65.87,1.773,0.1506
107,423,5,15,443.0,46.55,1.722,0.1536
107,423,5,16,446.0,23.67,2.087,0.1601
107,423,5,17,455.0,3.14,2.714,0.1725
107,423,5,18,450.0,0.0,3.058,0.175
107,423,5,19,447.0,0.0,2.732,0.1813
107,423,5,20,365.0,0.0,2.527,0.1798
107,423,5,21,361.0,0.0,2.068,0.1664
107,423,5,22,360.0,0.0,1.761,0.153
107,423,5,23,353.0,0.0,1.688,0.1431
107,424,6,0,363.0,0.0,1.595,0.1447
107,424,6,1,349.0,0.0,1.433,0.1394
107,424,6,2,357.0,0.0,1.208,0.1432
107,424,6,3,349.0,0.0,1.154,0.1363
107,424,6,4,360.0,0.0,1.172,0.1345
107,424,6,5,364.0,0.0,1.2,0.1378
107,424,6,6,352.0,0.54,0.982,0.1449
107,424,6,7,370.0,13.2,1.009,0.1493
107,424,6,8,431.0,35.02,1.346,0.1525
107,424,6,9,432.0,56.02,1.744,0.1502
107,424,6,10,429.0,73.04,1.784,0.1457
107,424,6,11,435.0,82.62,1.783,0.1475
107,424,6,12,433.0,83.9,1.6,0.146
107,424,6,13,438.0,78.07,1.381,0.1446
107,424,6,14,435.0,65.02,1.269,0.1484
107,424,6,15,435.0,45.67,1.266,0.1597
107,424,6,16,436.0,22.91,1.445,0.1658
107,424,6,17,439.0,3.1,2.14,0.1689
107,424,6,18,440.0,0.0,2.634,0.1726
107,424,6,19,428.0,0.0,2.137,0.1727
107,424,6,20,365.0,0.0,1.827,0.173
107,424,6,21,353.0,0.0,1.627,0.1692
107,424,6,22,360.0,0.0,1.433,0.156
107,424,6,23,347.0,0.0,1.291,0.1413
107,425,0,0,350.0,0.0,1.208,0.1418
107,425,0,1,347.0,0.0,1.127,0.1423
107,425,0,2,344.0,0.0,0.95,0.1391
107,425,0,3,351.0,0.0,0.893,0.1353
107,425,0,4,354.0,0.0,1.006,0.1353
107,425,0,5,351.0,0.0,1.257,0.1371
107,425,0,6,375.0,0.53,1.538,0.1514
107,425,0,7,389.0,7.39,1.732,0.1539
107,425,0,8,445.0,13.63,1.848,0.1592
107,425,0,9,448.0,16.27,2.077,0.1614
107,425,0,10,461.0,13.88,2.167,0.1676
107,425,0,11,487.0,37.82,2.103,0.1694
107,425,0,12,502.0,67.59,2.045,0.1635
107,425,0,13,505.0,64.52,1.95,0.1612
107,425,0,14,503.0,58.01,1.876,0.1588
107,425,0,15,507.0,41.17,1.928,0.1574
107,425,0,16,499.0,22.4,2.111,0.1625
107,425,0,17,508.0,3.34,2.522,0.1691
107,425,0,18,497.0,0.0,2.884,0.1716
107,425,0,19,460.0,0.0,2.629,0.1634
107,425,0,20,382.0,0.0,2.38,0.1605
107,425,0,21,375.0,0.0,1.958,0.1504
107,425,0,22,358.0,0.0,1.681,0.1356
107,425,0,23,353.0,0.0,1.443,0.1324
107,426,1,0,354.0,0.0,1.285,0.127
107,426,1,1,346.0,0.0,1.047,0.1311
107,426,1,2,340.0,0.0,0.963,0.1323
107,426,1,3,338.0,0.0,0.948,0.1312
107,426,1,4,342.0,0.0,1.055,0.1378
107,426,1,5,345.0,0.0,1.507,0.1507
107,426,1,6,346.0,0.77,2.119,0.1774
107,426,1,7,380.0,15.61,2.331,0.1897
107,426,1,8,449.0,38.59,2.475,0.1989
107,426,1,9,445.0,59.03,2.541,0.1909
107,426,1,10,462.0,74.09,2.569,0.1958
107,426,1,11,481.0,82.36,2.444,0.1855
107,426,1,12,500.0,82.91,2.398,0.1709
107,426,1,13,502.0,75.61,2.325,0.1683
107,426,1,14,507.0,62.05,2.255,0.1666
107,426,1,15,515.0,41.33,2.236,0.1666
107,426,1,16,522.0,20.41,2.377,0.1703
107,426,1,17,528.0,2.63,2.848,0.1758
107,426,1,18,512.0,0.0,3.234,0.1856
107,426,1,19,501.0,0.0,2.892,0.1791
107,426,1,20,405.0,0.0,2.375,0.1675
107,426,1,21,381.0,0.0,2.18,0.1557
107,426,1,22,356.0,0.0,1.81,0.1463
107,426,1,23,355.0,0.0,1.592,0.1374
107,427,2,0,353.0,0.0,1.371,0.1314
107,427,2,1,344.0,0.0,1.139,0.1224
107,427,2,2,340.0,0.0,1.037,0.1224
107,427,2,3,338.0,0.0,1.084,0.1229
107,427,2,4,342.0,0.0,1.17,0.1282
107,427,2,5,343.0,0.0,1.367,0.1391
107,427,2,6,346.0,0.53,1.96,0.1658
107,427,2,7,376.0,11.25,1.838,0.181
107,427,2,8,449.0,30.47,2.004,0.1728
107,427,2,9,463.0,49.52,2.029,0.1821
107,427,2,10,492.0,68.53,2.146,0.1759
107,427,2,11,499.0,76.75,2.115,0.1755
107,427,2,12,511.0,88.75,1.964,0.1703
107,427,2,13,518.0,82.5,1.873,0.1646
107,427,2,14,522.0,68.95,1.835,0.1692
107,427,2,15,510.0,49.43,1.815,0.1758
107,427,2,16,499.0,26.45,2.074,0.1796
107,427,2,17,508.0,4.35,2.477,0.1891
107,427,2,18,495.0,0.0,3.08,0.2019
107,427,2,19,472.0,0.0,2.648,0.2049
107,427,2,20,382.0,0.0,2.316,0.1974
107,427,2,21,370.0,0.0,2.032,0.1947
107,427,2,22,364.0,0.0,1.824,0.1811
107,427,2,23,352.0,0.0,1.696,0.1645
107,428,3,0,359.0,0.0,2.301,0.165
107,428,3,1,347.0,0.0,2.067,0.1621
107,428,3,2,356.0,0.0,1.884,0.154
107,428,3,3,342.0,0.0,1.879,0.1508
107,428,3,4,341.0,0.0,1.971,0.1542
107,428,3,5,349.0,0.0,2.324,0.1662
107,428,3,6,351.0,1.17,2.982,0.1926
107,428,3,7,390.0,17.27,3.027,0.1993
107,428,3,8,451.0,39.82,3.037,0.2008
107,428,3,9,453.0,60.41,2.99,0.1998
107,428,3,10,481.0,73.85,3.139,0.2079
107,428,3,11,499.0,77.86,2.962,0.2092
107,428,3,12,511.0,70.86,2.68,0.2031
107,428,3,13,517.0,53.76,2.538,0.2045
107,428,3,14,525.0,54.22,2.494,0.1988
107,428,3,15,522.0,35.89,2.479,0.1985
107,428,3,16,519.0,17.88,2.582,0.2045
107,428,3,17,514.0,2.42,3.195,0.2081
107,428,3,18,489.0,0.0,4.531,0.2137
107,428,3,19,462.0,0.0,3.858,0.2128
107,428,3,20,380.0,0.0,3.14,0.209
107,428,3,21,368.0,0.0,2.741,0.2095
107,428,3,22,369.0,0.0,2.395,0.1889
107,428,3,23,355.0,0.0,2.193,0.1782
107,429,4,0,347.0,0.0,2.579,0.168
107,429,4,1,345.0,0.0,2.433,0.1632
107,429,4,2,346.0,0.0,2.339,0.1631
107,429,4,3,343.0,0.0,2.34,0.1644
107,429,4,4,338.0,0.0,2.383,0.1687
107,429,4,5,343.0,0.0,2.738,0.177
107,429,4,6,350.0,0.61,3.531,0.1926
107,429,4,7,377.0,7.14,3.289,0.2054
107,429,4,8,449.0,16.94,3.688,0.2101
107,429,4,9,447.0,27.21,3.545,0.2091
107,429,4,10,469.0,37.67,3.605,0.2072
107,429,4,11,487.0,48.11,3.341,0.2082
107,429,4,12,503.0,50.73,2.893,0.2045
107,429,4,13,512.0,45.52,2.596,0.207
107,429,4,14,508.0,49.39,2.529,0.21
107,429,4,15,496.0,34.4,2.48,0.2052
107,429,4,16,516.0,18.86,2.626,0.1977
107,429,4,17,511.0,3.42,3.029,0.1992
107,429,4,18,498.0,0.0,4.053,0.2075
107,429,4,19,465.0,0.0,3.149,0.2067
107,429,4,20,373.0,0.0,2.939,0.205
107,429,4,21,367.0,0.0,2.777,0.2005
107,429,4,22,353.0,0.0,2.466,0.1815
107,429,4,23,365.0,0.0,2.362,0.1689
107,430,5,0,347.0,0.0,2.166,0.1605
107,430,5,1,352.0,0.0,2.294,0.1628
107,430,5,2,347.0,0.0,2.254,0.1603
107,430,5,3,348.0,0.0,2.099,0.1507
107,430,5,4,359.0,0.0,2.014,0.1454
107,430,5,5,351.0,0.0,2.193,0.1587
107,430,5,6,358.0,1.49,2.171,0.1773
107,430,5,7,369.0,18.93,2.165,0.1807
107,430,5,8,433.0,41.97,2.406,0.1821
107,430,5,9,431.0,62.65,2.863,0.195
107,430,5,10,441.0,75.87,2.84,0.203
107,430,5,11,430.0,61.79,2.633,0.1916
107,430,5,12,447.0,64.66,2.498,0.1849
107,430,5,13,452.0,65.63,2.188,0.1847
107,430,5,14,446.0,48.54,1.997,0.1818
107,430,5,15,443.0,31.01,2.014,0.1817
107,430,5,16,448.0,16.97,2.185,0.1869
107,430,5,17,446.0,3.12,2.902,0.1963
107,430,5,18,436.0,0.0,3.666,0.1989
107,430,5,19,426.0,0.0,3.103,0.2023
107,430,5,20,351.0,0.0,2.631,0.2014
107,430,5,21,344.0,0.0,2.445,0.1906
107,430,5,22,352.0,0.0,2.186,0.1759
107,430,5,23,350.0,0.0,2.086,0.1602
107,431,6,0,353.0,0.0,2.092,0.1552
107,431,6,1,350.0,0.0,1.953,0.1531
107,431,6,2,340.0,0.0,1.803,0.1535
107,431,6,3,342.0,0.0,1.803,0.1578
107,431,6,4,346.0,0.0,1.817,0.1588
107,431,6,5,359.0,0.0,1.802,0.1634
107,431,6,6,355.0,0.71,1.646,0.1802
107,431,6,7,360.0,7.27,1.504,0.1848
107,431,6,8,423.0,16.79,1.95,0.1786
107,431,6,9,422.0,26.7,2.355,0.1854
107,431,6,10,424.0,42.47,2.695,0.1878
107,431,6,11,424.0,66.69,2.61,0.1844
107,431,6,12,434.0,77.6,2.469,0.1812
107,431,6,13,426.0,75.39,2.289,0.1823
107,431,6,14,433.0,62.36,2.192,0.1739
107,431,6,15,429.0,43.06,2.157,0.181
107,431,6,16,429.0,22.61,2.402,0.1824
107,431,6,17,432.0,3.85,2.408,0.1904
107,431,6,18,433.0,0.0,3.141,0.2092
107,431,6,19,424.0,0.0,2.724,0.2016
107,431,6,20,348.0,0.0,2.3,0.1889
107,431,6,21,345.0,0.0,1.95,0.1863
107,431,6,22,345.0,0.0,1.884,0.1647
107,431,6,23,342.0,0.0,1.776,0.1654
107,432,0,0,344.0,0.0,1.885,0.1623
107,432,0,1,338.0,0.0,1.754,0.1625
107,432,0,2,346.0,0.0,1.518,0.1608
107,432,0,3,337.0,0.0,1.506,0.1633
107,432,0,4,354.0,0.0,1.611,0.1646
107,432,0,5,350.0,0.0,1.799,0.1769
107,432,0,6,364.0,1.2,2.306,0.1977
107,432,0,7,386.0,14.87,2.625,0.1984
107,432,0,8,448.0,38.01,2.632,0.1897
107,432,0,9,445.0,61.31,2.601,0.1892
107,432,0,10,470.0,75.45,2.67,0.1861
107,432,0,11,483.0,82.24,2.44,0.1893
107,432,0,12,507.0,87.95,2.045,0.1892
107,432,0,13,523.0,81.35,1.88,0.1834
107,432,0,14,521.0,68.4,1.801,0.186
107,432,0,15,529.0,48.58,1.719,0.1898
107,432,0,16,527.0,25.27,1.977,0.1959
107,432,0,17,528.0,4.39,2.881,0.1966
107,432,0,18,515.0,0.0,3.417,0.1979
107,432,0,19,484.0,0.0,2.834,0.1997
107,432,0,20,391.0,0.0,2.371,0.1973
107,432,0,21,384.0,0.0,2.041,0.196
107,432,0,22,364.0,0.0,1.717,0.1771
107,432,0,23,355.0,0.0,1.587,0.1556
107,433,1,0,362.59,0.0,1.553,0.1567
107,433,1,1,343.0,0.0,1.336,0.1534
107,433,1,2,339.0,0.0,1.221,0.1528
107,433,1,3,338.0,0.0,1.215,0.1532
107,433,1,4,336.0,0.0,1.338,0.1497
107,433,1,5,336.0,0.0,1.514,0.1585
107,433,1,6,358.0,1.29,2.048,0.1784
107,433,1,7,379.0,13.91,2.202,0.1954
107,433,1,8,445.0,30.95,2.188,0.203
107,433,1,9,441.0,49.63,2.265,0.2013
107,433,1,10,473.0,60.25,2.351,0.1979
107,433,1,11,484.0,71.08,2.272,0.1894
107,433,1,12,381.0,76.46,2.071,0.1801
107,433,1,13,387.18,70.91,1.943,0.1813
107,433,1,14,387.18,57.52,1.843,0.1798
107,433,1,15,387.18,37.63,1.913,0.182
107,433,1,16,387.18,20.48,2.082,0.1836
107,433,1,17,387.18,3.77,2.6,0.1918
107,433,1,18,387.18,0.0,3.538,0.198
107,433,1,19,387.18,0.0,2.625,0.1929
107,433,1,20,387.18,0.0,2.12,0.1981
107,433,1,21,387.18,0.0,1.954,0.1868
107,433,1,22,387.18,0.0,1.537,0.1595
107,433,1,23,387.18,0.0,1.433,0.1627
107,434,2,0,387.18,0.0,1.3,0.162
107,434,2,1,387.18,0.0,0.993,0.1378
107,434,2,2,387.18,0.0,0.924,0.1355
107,434,2,3,387.18,0.0,0.922,0.137
107,434,2,4,387.18,0.0,0.972,0.1392
107,434,2,5,387.18,0.0,1.471,0.1499
107,434,2,6,387.18,1.93,1.959,0.1687
107,434,2,7,387.18,19.8,2.147,0.1687
107,434,2,8,387.18,42.94,2.026,0.1653
107,434,2,9,387.18,64.32,2.185,0.1675
107,434,2,10,387.18,78.8,2.233,0.1674
107,434,2,11,387.18,88.9,2.251,0.1705
107,434,2,12,387.18,89.07,2.23,0.1772
107,434,2,13,387.18,81.31,2.105,0.1769
107,434,2,14,387.18,65.36,1.869,0.1784
107,434,2,15,387.18,43.51,1.998,0.181
107,434,2,16,387.18,24.01,2.221,0.1793
107,434,2,17,387.18,4.54,2.611,0.1783
107,434,2,18,387.18,0.0,3.76,0.186
107,434,2,19,387.18,0.0,2.835,0.1816
107,434,2,20,387.18,0.0,2.225,0.1818
107,434,2,21,387.18,0.0,1.772,0.1731
107,434,2,22,387.18,0.0,1.553,0.1578
107,434,2,23,387.18,0.0,1.369,0.1569
107,435,3,0,387.18,0.0,1.177,0.1423
107,435,3,1,387.18,0.0,1.118,0.14
107,435,3,2,387.18,0.0,0.906,0.1398
107,435,3,3,387.18,0.0,0.93,0.1384
107,435,3,4,387.18,0.0,0.975,0.1382
107,435,3,5,387.18,0.0,1.26,0.1438
107,435,3,6,387.18,1.42,1.767,0.1644
107,435,3,7,387.18,13.66,1.881,0.1656
107,435,3,8,387.18,29.32,1.867,0.1715
107,435,3,9,387.18,46.16,1.991,0.1761
107,435,3,10,387.18,54.37,2.181,0.1803
107,435,3,11,387.18,52.29,2.133,0.1838
107,435,3,12,387.18,57.02,2.129,0.1831
107,435,3,13,387.18,49.67,2.022,0.1799
107,435,3,14,387.18,40.84,1.968,0.1815
107,435,3,15,387.18,33.14,2.051,0.1835
107,435,3,16,387.18,15.61,2.289,0.1844
107,435,3,17,387.18,3.45,2.448,0.1964
107,435,3,18,387.18,0.0,3.189,0.1955
107,435,3,19,387.18,0.0,2.592,0.1932
107,435,3,20,387.18,0.0,2.035,0.184
107,435,3,21,387.18,0.0,1.804,0.1778
107,435,3,22,387.18,0.0,1.534,0.1567
107,435,3,23,387.18,0.0,1.378,0.15
107,436,4,0,387.18,0.0,1.022,0.1471
107,436,4,1,387.18,0.0,0.904,0.1479
107,436,4,2,387.18,0.0,0.804,0.1458
107,436,4,3,387.18,0.0,0.755,0.1459
107,436,4,4,387.18,0.0,0.843,0.1438
107,436,4,5,387.18,0.0,0.939,0.1477
107,436,4,6,387.18,1.29,1.711,0.151
107,436,4,7,387.18,12.37,1.723,0.1622
107,436,4,8,387.18,30.25,1.691,0.1779
107,436,4,9,387.18,46.92,1.795,0.1806
107,436,4,10,387.18,63.71,1.915,0.1857
107,436,4,11,387.18,73.93,1.858,0.189
107,436,4,12,387.18,70.57,1.845,0.1848
107,436,4,13,387.18,76.55,1.728,0.1821
107,436,4,14,387.18,70.82,1.589,0.1821
107,436,4,15,387.18,49.58,1.64,0.1844
107,436,4,16,387.18,27.67,1.726,0.1872
107,436,4,17,387.18,5.81,2.079,0.1883
107,436,4,18,387.18,0.0,2.812,0.1805
107,436,4,19,387.18,0.0,2.337,0.1803
107,436,4,20,387.18,0.0,1.905,0.1747
107,436,4,21,387.18,0.0,1.583,0.1659
107,436,4,22,387.18,0.0,1.322,0.1482
107,436,4,23,387.18,0.0,1.277,0.142
107,437,5,0,387.18,0.0,1.27,0.1406
107,437,5,1,387.18,0.0,1.256,0.139
107,437,5,2,387.18,0.0,1.037,0.1283
107,437,5,3,387.18,0.0,0.918,0.1325
107,437,5,4,387.18,0.0,1.003,0.1341
107,437,5,5,387.18,0.0,1.088,0.1354
107,437,5,6,387.18,2.89,1.106,0.1412
107,437,5,7,387.18,23.02,1.18,0.1565
107,437,5,8,387.18,46.04,1.694,0.1498
107,437,5,9,387.18,66.74,1.78,0.1439
107,437,5,10,387.18,80.01,1.799,0.1384
107,437,5,11,387.18,89.59,1.856,0.1365
107,437,5,12,387.18,87.93,1.815,0.1364
107,437,5,13,387.18,74.01,1.512,0.1389
107,437,5,14,387.18,38.1,1.263,0.1387
107,437,5,15,387.18,26.44,1.317,0.1414
107,437,5,16,387.18,15.82,1.548,0.1459
107,437,5,17,387.18,3.67,1.989,0.1548
107,437,5,18,387.18,0.0,2.836,0.1601
107,437,5,19,387.18,0.0,2.471,0.1526
107,437,5,20,387.18,0.0,2.192,0.1437
107,437,5,21,387.18,0.0,1.854,0.1384
107,437,5,22,387.18,0.0,1.402,0.1332
107,437,5,23,387.18,0.0,1.1,0.1418
107,438,6,0,387.18,0.0,1.364,0.1451
107,438,6,1,387.18,0.0,0.906,0.1526
107,438,6,2,387.18,0.0,0.906,0.1526
107,438,6,3,387.18,0.0,0.789,0.1583
107,438,6,4,387.18,0.0,0.719,0.1479
107,438,6,5,387.18,0.0,0.73,0.1401
107,438,6,6,387.18,1.56,0.744,0.1342
107,438,6,7,387.18,7.81,1.044,0.1288
107,438,6,8,387.18,16.98,1.282,0.1378
107,438,6,9,387.18,28.38,1.693,0.1555
107,438,6,10,387.18,31.54,1.779,0.151
107,438,6,11,387.18,28.43,1.796,0.1324
107,438,6,12,387.18,23.22,1.856,0.1312
107,438,6,13,387.18,24.95,1.724,0.1301
107,438,6,14,387.18,17.73,1.512,0.1393
107,438,6,15,387.18,11.93,1.35,0.142
107,438,6,16,387.18,6.73,1.41,0.1442
107,438,6,17,387.18,1.59,1.809,0.1448
107,438,6,18,387.18,0.0,2.454,0.149
107,438,6,19,387.18,0.0,3.235,0.1565
107,438,6,20,387.18,0.0,2.53,0.1539
107,438,6,21,387.18,0.0,2.194,0.1437
107,438,6,22,387.18,0.0,1.659,0.1415
107,438,6,23,387.18,0.0,1.452,0.1462
107,439,0,0,387.18,0.0,1.557,0.1392
107,439,0,1,387.18,0.0,1.394,0.1366
107,439,0,2,387.18,0.0,1.253,0.1349
107,439,0,3,387.18,0.0,1.163,0.1414
107,439,0,4,387.18,0.0,1.408,0.1466
107,439,0,5,387.18,0.0,1.625,0.1589
107,439,0,6,387.18,0.61,2.122,0.1677
107,439,0,7,387.18,3.55,2.636,0.1737
107,439,0,8,387.18,8.65,2.577,0.1789
107,439,0,9,387.18,13.24,2.721,0.1767
107,439,0,10,387.18,16.59,2.965,0.1773
107,439,0,11,387.18,14.21,2.959,0.1823
107,439,0,12,387.18,11.87,2.936,0.1823
107,439,0,13,387.18,10.39,2.739,0.1881
107,439,0,14,387.18,7.46,2.564,0.1857
107,439,0,15,387.18,6.59,2.559,0.178
107,439,0,16,387.18,4.67,2.637,0.1808
107,439,0,17,387.18,1.2,2.816,0.1819
107,439,0,18,387.18,0.0,3.358,0.1976
107,439,0,19,387.18,0.0,3.873,0.2001
107,439,0,20,387.18,0.0,2.847,0.1903
107,439,0,21,387.18,0.0,2.459,0.1757
107,439,0,22,387.18,0.0,1.898,0.1607
107,439,0,23,387.18,0.0,1.684,0.1536
107,440,1,0,387.18,0.0,1.322,0.1524
107,440,1,1,387.18,0.0,1.106,0.1489
107,440,1,2,387.18,0.0,0.959,0.1495
107,440,1,3,387.18,0.0,0.941,0.1491
107,440,1,4,387.18,0.0,1.029,0.1548
107,440,1,5,387.18,0.0,1.123,0.1588
107,440,1,6,387.18,1.84,2.12,0.1696
107,440,1,7,387.18,9.8,2.302,0.1833
107,440,1,8,387.18,19.29,2.135,0.1847
107,440,1,9,387.18,28.3,2.387,0.1833
107,440,1,10,387.18,35.7,2.467,0.1914
107,440,1,11,387.18,30.49,2.361,0.1885
107,440,1,12,387.18,32.16,2.167,0.1888
107,440,1,13,387.18,32.96,2.044,0.1846
107,440,1,14,387.18,31.96,1.978,0.1867
107,440,1,15,387.18,28.9,1.983,0.1849
107,440,1,16,387.18,16.38,2.028,0.1837
107,440,1,17,387.18,4.53,2.129,0.1901
107,440,1,18,387.18,0.0,2.421,0.1924
107,440,1,19,387.18,0.0,3.011,0.1941
107,440,1,20,387.18,0.0,2.492,0.1905
107,440,1,21,387.18,0.0,1.968,0.1792
107,440,1,22,387.18,0.0,1.607,0.1676
107,440,1,23,387.18,0.0,1.509,0.1562
107,441,2,0,387.18,0.0,1.459,0.1393
107,441,2,1,387.18,0.0,1.412,0.1379
107,441,2,2,387.18,0.0,1.089,0.1377
107,441,2,3,387.18,0.0,0.963,0.1342
107,441,2,4,387.18,0.0,1.007,0.1298
107,441,2,5,387.18,0.0,1.344,0.1285
107,441,2,6,387.18,3.06,2.0,0.1516
107,441,2,7,387.18,18.84,2.287,0.1641
107,441,2,8,387.18,35.83,2.14,0.1712
107,441,2,9,387.18,53.19,2.206,0.173
107,441,2,10,387.18,62.69,2.253,0.1689
107,441,2,11,387.18,73.43,2.179,0.1693
107,441,2,12,387.18,77.91,2.148,0.1727
107,441,2,13,387.18,59.88,1.988,0.1683
107,441,2,14,387.18,52.0,1.958,0.1689
107,441,2,15,387.18,34.23,1.879,0.169
107,441,2,16,387.18,19.56,1.992,0.1744
107,441,2,17,387.18,4.61,2.265,0.183
107,441,2,18,387.18,0.0,2.538,0.1837
107,441,2,19,387.18,0.0,3.016,0.1936
107,441,2,20,387.18,0.0,2.578,0.1879
107,441,2,21,387.18,0.0,2.043,0.1714
107,441,2,22,387.18,0.0,1.538,0.1496
107,441,2,23,387.18,0.0,1.501,0.1396
107,442,3,0,387.18,0.0,1.685,0.1497
107,442,3,1,387.18,0.0,1.285,0.1552
107,442,3,2,387.18,0.0,1.218,0.157
107,442,3,3,387.18,0.0,1.116,0.1512
107,442,3,4,387.18,0.0,1.22,0.1436
107,442,3,5,387.18,0.0,1.367,0.1492
107,442,3,6,387.18,3.37,2.153,0.1573
107,442,3,7,387.18,22.72,2.453,0.1773
107,442,3,8,387.18,45.81,2.23,0.1896
107,442,3,9,387.18,70.45,2.317,0.1799
107,442,3,10,387.18,81.14,2.342,0.1763
107,442,3,11,387.18,59.93,2.326,0.1721
107,442,3,12,387.18,58.34,2.25,0.1765
107,442,3,13,387.18,63.42,2.177,0.1716
107,442,3,14,387.18,57.3,2.06,0.1726
107,442,3,15,387.18,38.58,2.068,0.1754
107,442,3,16,387.18,21.82,2.144,0.1756
107,442,3,17,387.18,5.63,2.334,0.1809
107,442,3,18,387.18,0.0,2.634,0.1802
107,442,3,19,387.18,0.0,3.098,0.1893
107,442,3,20,387.18,0.0,2.494,0.1865
107,442,3,21,387.18,0.0,2.11,0.1708
107,442,3,22,387.18,0.0,1.72,0.1521
107,442,3,23,387.18,0.0,1.572,0.141
107,443,4,0,387.18,0.0,1.66,0.1415
107,443,4,1,387.18,0.0,1.29,0.1472
107,443,4,2,387.18,0.0,1.166,0.1389
107,443,4,3,387.18,0.0,1.148,0.138
107,443,4,4,387.18,0.0,1.172,0.1386
107,443,4,5,387.18,0.0,1.483,0.1524
107,443,4,6,387.18,5.31,2.046,0.1664
107,443,4,7,387.18,28.11,2.444,0.1839
107,443,4,8,387.18,51.68,2.483,0.1863
107,443,4,9,387.18,72.09,2.487,0.1836
107,443,4,10,387.18,86.4,2.547,0.1841
107,443,4,11,387.18,88.5,2.495,0.1854
107,443,4,12,387.18,57.07,2.405,0.1851
107,443,4,13,387.18,53.45,2.335,0.1829
107,443,4,14,387.18,50.19,2.257,0.1715
107,443,4,15,387.18,35.45,2.237,0.1647
107,443,4,16,387.18,22.01,2.251,0.175
107,443,4,17,387.18,6.76,2.436,0.1778
107,443,4,18,387.18,0.0,2.677,0.1777
107,443,4,19,387.18,0.0,3.218,0.1825
107,443,4,20,387.18,0.0,2.645,0.1759
107,443,4,21,387.18,0.0,2.251,0.1712
107,443,4,22,387.18,0.0,1.95,0.1581
107,443,4,23,387.18,0.0,1.79,0.1526
107,444,5,0,387.18,0.0,1.91,0.1507
107,444,5,1,387.18,0.0,1.793,0.1527
107,444,5,2,387.18,0.0,1.535,0.1489
107,444,5,3,387.18,0.0,1.445,0.1456
107,444,5,4,387.18,0.0,1.485,0.1424
107,444,5,5,387.18,0.0,1.6,0.1446
107,444,5,6,387.18,3.57,1.999,0.1493
107,444,5,7,387.18,17.51,2.143,0.15
107,444,5,8,387.18,30.27,2.37,0.1556
107,444,5,9,387.18,42.65,2.557,0.1643
107,444,5,10,387.18,61.31,2.721,0.1628
107,444,5,11,387.18,53.47,2.636,0.1644
107,444,5,12,387.18,48.27,2.2,0.1634
107,444,5,13,387.18,30.77,1.956,0.162
107,444,5,14,387.18,30.96,1.874,0.1572
107,444,5,15,387.18,21.24,1.85,0.1587
107,444,5,16,387.18,11.21,1.952,0.1566
107,444,5,17,387.18,3.27,2.232,0.1595
107,444,5,18,387.18,0.0,2.712,0.1727
107,444,5,19,387.18,0.0,2.993,0.1774
107,444,5,20,387.18,0.0,2.86,0.1708
107,444,5,21,387.18,0.0,2.519,0.1648
107,444,5,22,387.18,0.0,2.075,0.16
107,444,5,23,387.18,0.0,1.859,0.1479
107,445,6,0,387.18,0.0,2.506,0.152
107,445,6,1,387.18,0.0,2.291,0.1508
107,445,6,2,387.18,0.0,2.047,0.1521
107,445,6,3,387.18,0.0,1.897,0.155
107,445,6,4,387.18,0.0,1.871,0.1552
107,445,6,5,387.18,0.0,1.989,0.159
107,445,6,6,387.18,3.22,2.26,0.1623
107,445,6,7,387.18,11.43,2.124,0.1567
107,445,6,8,387.18,17.97,2.319,0.1623
107,445,6,9,387.18,23.75,2.697,0.1652
107,445,6,10,387.18,30.2,2.762,0.1617
107,445,6,11,387.18,50.76,2.743,0.1608
107,445,6,12,387.18,55.54,2.71,0.1617
107,445,6,13,387.18,59.56,2.458,0.1627
107,445,6,14,387.18,39.04,2.333,0.1653
107,445,6,15,387.18,28.22,2.312,0.166
107,445,6,16,387.18,16.97,2.51,0.1682
107,445,6,17,387.18,4.14,2.942,0.1729
107,445,6,18,387.18,0.0,3.612,0.1794
107,445,6,19,387.18,0.0,3.885,0.1885
107,445,6,20,387.18,0.0,3.681,0.1937
107,445,6,21,387.18,0.0,2.943,0.1812
107,445,6,22,387.18,0.0,2.498,0.1661
107,445,6,23,387.18,0.0,2.343,0.1558
107,446,0,0,387.18,0.0,2.208,0.1576
107,446,0,1,387.18,0.0,1.907,0.1562
107,446,0,2,387.18,0.0,1.77,0.1562
107,446,0,3,387.18,0.0,1.733,0.1558
107,446,0,4,387.18,0.0,1.839,0.1547
107,446,0,5,387.18,0.0,2.066,0.161
107,446,0,6,387.18,4.74,3.511,0.1872
107,446,0,7,387.18,24.26,3.636,0.187
107,446,0,8,387.18,48.25,3.703,0.203
107,446,0,9,387.18,70.74,3.815,0.2024
107,446,0,10,387.18,88.98,3.761,0.1971
107,446,0,11,387.18,91.02,3.725,0.1934
107,446,0,12,387.18,91.97,3.639,0.1865
107,446,0,13,387.18,84.17,3.581,0.1832
107,446,0,14,387.18,60.25,3.476,0.174
107,446,0,15,387.18,45.51,3.482,0.1717
107,446,0,16,387.18,28.57,3.516,0.171
107,446,0,17,387.18,9.15,3.629,0.1756
107,446,0,18,387.18,0.0,3.84,0.1838
107,446,0,19,387.18,0.0,4.83,0.1909
107,446,0,20,387.18,0.0,3.846,0.1934
107,446,0,21,387.18,0.0,3.572,0.186
107,446,0,22,387.18,0.0,2.655,0.1784
107,446,0,23,387.18,0.0,2.208,0.1712
107,447,1,0,387.18,0.0,1.92,0.1603
107,447,1,1,387.18,0.0,1.682,0.1563
107,447,1,2,387.18,0.0,1.486,0.1577
107,447,1,3,387.18,0.0,1.504,0.1584
107,447,1,4,387.18,0.0,1.581,0.1579
107,447,1,5,387.18,0.0,1.902,0.1666
107,447,1,6,387.18,6.38,3.276,0.1868
107,447,1,7,387.18,28.39,3.38,0.1963
107,447,1,8,387.18,51.65,3.426,0.2041
107,447,1,9,387.18,72.37,3.47,0.1991
107,447,1,10,387.18,86.85,3.056,0.1964
107,447,1,11,387.18,97.13,2.783,0.1959
107,447,1,12,387.18,96.42,2.705,0.1882
107,447,1,13,387.18,88.4,2.542,0.1802
107,447,1,14,387.18,74.59,2.449,0.1679
107,447,1,15,387.18,53.6,2.484,0.1679
107,447,1,16,387.18,30.38,2.555,0.1757
107,447,1,17,387.18,8.45,2.899,0.1839
107,447,1,18,387.18,0.0,3.128,0.1862
107,447,1,19,387.18,0.0,3.748,0.1812
107,447,1,20,387.18,0.0,3.129,0.1885
107,447,1,21,387.18,0.0,2.597,0.1811
107,447,1,22,387.18,0.0,1.849,0.1685
107,447,1,23,387.18,0.0,1.587,0.1633
107,448,2,0,387.18,0.0,1.75,0.1623
107,448,2,1,387.18,0.0,1.52,0.1621
107,448,2,2,387.18,0.0,1.463,0.1395
107,448,2,3,387.18,0.0,1.4,0.1393
107,448,2,4,387.18,0.0,1.487,0.1389
107,448,2,5,387.18,0.0,1.476,0.1533
107,448,2,6,387.18,3.85,2.004,0.1779
107,448,2,7,387.18,16.2,2.12,0.1943
107,448,2,8,387.18,30.39,2.143,0.2047
107,448,2,9,387.18,43.73,2.314,0.2024
107,448,2,10,387.18,57.89,2.125,0.2078
107,448,2,11,387.18,60.73,2.047,0.2083
107,448,2,12,387.18,79.85,2.0,0.2022
107,448,2,13,387.18,70.22,1.85,0.1994
107,448,2,14,387.18,66.48,1.826,0.1912
107,448,2,15,387.18,47.41,1.844,0.1888
107,448,2,16,387.18,27.99,1.84,0.1908
107,448,2,17,387.18,7.74,2.118,0.1829
107,448,2,18,387.18,0.0,2.432,0.1791
107,448,2,19,387.18,0.0,2.572,0.1866
107,448,2,20,387.18,0.0,2.319,0.1933
107,448,2,21,387.18,0.0,2.111,0.1847
107,448,2,22,387.18,0.0,1.6,0.1755
107,448,2,23,387.18,0.0,1.361,0.1612
107,449,3,0,387.18,0.0,0.992,0.1532
107,449,3,1,387.18,0.0,0.945,0.1549
107,449,3,2,387.18,0.0,0.739,0.1549
107,449,3,3,387.18,0.0,0.802,0.154
107,449,3,4,387.18,0.0,0.825,0.1586
107,449,3,5,387.18,0.0,1.012,0.1566
107,449,3,6,387.18,4.63,1.714,0.1745
107,449,3,7,387.18,20.85,2.081,0.1942
107,449,3,8,387.18,38.62,2.396,0.1948
107,449,3,9,387.18,58.01,2.404,0.1928
107,449,3,10,387.18,68.44,2.24,0.185
107,449,3,11,387.18,76.13,2.153,0.1798
107,449,3,12,387.18,83.88,2.106,0.1777
107,449,3,13,387.18,71.68,1.878,0.1791
107,449,3,14,387.18,50.27,1.873,0.1755
107,449,3,15,387.18,34.2,1.851,0.1762
107,449,3,16,387.18,19.13,2.001,0.1794
107,449,3,17,387.18,5.67,2.329,0.1871
107,449,3,18,387.18,0.0,2.552,0.1873
107,449,3,19,387.18,0.0,2.738,0.1892
107,449,3,20,387.18,0.0,2.515,0.1823
107,449,3,21,387.18,0.0,2.046,0.1736
107,449,3,22,387.18,0.0,1.618,0.1645
107,449,3,23,387.18,0.0,1.368,0.1601
107,450,4,0,387.18,0.0,1.289,0.161
107,450,4,1,387.18,0.0,1.132,0.1566
107,450,4,2,387.18,0.0,1.045,0.1512
107,450,4,3,387.18,0.0,0.916,0.1482
107,450,4,4,387.18,0.0,1.017,0.1516
107,450,4,5,387.18,0.0,1.248,0.1539
107,450,4,6,387.18,3.38,1.759,0.1672
107,450,4,7,387.18,14.51,2.001,0.174
107,450,4,8,387.18,23.22,2.103,0.181
107,450,4,9,387.18,24.17,2.161,0.1829
107,450,4,10,387.18,33.52,2.292,0.1888
107,450,4,11,387.18,53.24,2.281,0.1914
107,450,4,12,387.18,56.2,2.126,0.1921
107,450,4,13,387.18,48.29,2.104,0.1921
107,450,4,14,387.18,40.64,1.922,0.1809
107,450,4,15,387.18,29.4,1.93,0.1698
107,450,4,16,387.18,19.92,2.0,0.1672
107,450,4,17,387.18,7.84,2.124,0.1702
107,450,4,18,387.18,0.0,2.214,0.1793
107,450,4,19,387.18,0.0,2.417,0.1815
107,450,4,20,387.18,0.0,2.219,0.1763
107,450,4,21,387.18,0.0,1.857,0.1789
107,450,4,22,387.18,0.0,1.541,0.1643
107,450,4,23,387.18,0.0,1.333,0.1498
107,451,5,0,387.18,0.0,1.448,0.1398
107,451,5,1,387.18,0.0,1.378,0.1356
107,451,5,2,387.18,0.0,1.18,0.1376
107,451,5,3,387.18,0.0,0.969,0.1398
107,451,5,4,387.18,0.0,1.017,0.1389
107,451,5,5,387.18,0.0,0.974,0.1456
107,451,5,6,387.18,9.1,1.169,0.1504
107,451,5,7,387.18,32.23,1.501,0.155
107,451,5,8,387.18,56.31,1.613,0.1712
107,451,5,9,387.18,77.22,1.863,0.1739
107,451,5,10,387.18,92.83,1.857,0.1787
107,451,5,11,387.18,100.84,1.828,0.1753
107,451,5,12,387.18,101.15,1.623,0.175
107,451,5,13,387.18,92.26,1.508,0.1733
107,451,5,14,387.18,77.23,1.346,0.1661
107,451,5,15,387.18,56.06,1.24,0.1659
107,451,5,16,387.18,33.62,1.397,0.1635
107,451,5,17,387.18,10.94,1.611,0.1628
107,451,5,18,387.18,0.0,1.915,0.1694
107,451,5,19,387.18,0.0,2.079,0.1821
107,451,5,20,387.18,0.0,1.983,0.189
107,451,5,21,387.18,0.0,1.781,0.1812
107,451,5,22,387.18,0.0,1.466,0.1625
107,451,5,23,387.18,0.0,1.318,0.1524
107,452,6,0,387.18,0.0,1.783,0.1619
107,452,6,1,387.18,0.0,1.542,0.1516
107,452,6,2,387.18,0.0,1.38,0.1458
107,452,6,3,387.18,0.0,1.261,0.1503
107,452,6,4,387.18,0.0,1.251,0.1491
107,452,6,5,387.18,0.0,1.118,0.1514
107,452,6,6,387.18,4.43,1.324,0.1505
107,452,6,7,387.18,14.53,1.442,0.1556
107,452,6,8,387.18,25.09,1.497,0.1655
107,452,6,9,387.18,33.41,1.778,0.1751
107,452,6,10,387.18,56.18,1.761,0.1824
107,452,6,11,387.18,68.95,1.724,0.1833
107,452,6,12,387.18,75.6,1.792,0.1746
107,452,6,13,387.18,71.57,1.543,0.172
107,452,6,14,387.18,49.02,1.359,0.1715
107,452,6,15,387.18,32.79,1.373,0.1719
107,452,6,16,387.18,17.94,1.498,0.1743
107,452,6,17,387.18,6.06,1.689,0.1719
107,452,6,18,387.18,0.0,1.984,0.1758
107,452,6,19,387.18,0.0,2.407,0.1868
107,452,6,20,387.18,0.0,2.34,0.191
107,452,6,21,387.18,0.0,1.979,0.1839
107,452,6,22,387.18,0.0,1.634,0.1644
107,452,6,23,387.18,0.0,1.476,0.1582
107,453,0,0,387.18,0.0,1.387,0.1456
107,453,0,1,387.18,0.0,1.249,0.1449
107,453,0,2,387.18,0.0,1.096,0.1524
107,453,0,3,387.18,0.0,1.103,0.1502
107,453,0,4,387.18,0.0,1.086,0.1504
107,453,0,5,387.18,0.0,1.233,0.1517
107,453,0,6,387.18,2.61,1.759,0.163
107,453,0,7,387.18,8.36,1.982,0.1653
107,453,0,8,387.18,14.35,2.072,0.1703
107,453,0,9,387.18,19.91,2.363,0.1779
107,453,0,10,387.18,26.54,2.403,0.2022
107,453,0,11,387.18,36.84,2.381,0.1981
107,453,0,12,387.18,52.22,2.357,0.2167
107,453,0,13,387.18,77.65,2.213,0.215
107,453,0,14,387.18,64.79,2.127,0.2165
107,453,0,15,387.18,46.44,2.071,0.2005
107,453,0,16,387.18,26.45,2.206,0.1951
107,453,0,17,387.18,8.71,2.299,0.1814
107,453,0,18,387.18,0.0,2.41,0.1868
107,453,0,19,387.18,0.0,2.8,0.193
107,453,0,20,387.18,0.0,2.541,0.186
107,453,0,21,387.18,0.0,2.128,0.1754
107,453,0,22,387.18,0.0,1.909,0.1606
107,453,0,23,387.18,0.0,1.546,0.1522
107,454,1,0,387.18,0.0,1.337,0.1482
107,454,1,1,387.18,0.0,1.047,0.1476
107,454,1,2,387.18,0.0,1.0,0.1527
107,454,1,3,387.18,0.0,0.987,0.1512
107,454,1,4,387.18,0.0,0.95,0.1491
107,454,1,5,387.18,0.0,1.206,0.1527
107,454,1,6,387.18,12.42,1.978,0.1671
107,454,1,7,387.18,37.54,2.365,0.1814
107,454,1,8,387.18,62.15,2.408,0.181
107,454,1,9,387.18,82.87,2.456,0.1834
107,454,1,10,387.18,97.86,2.525,0.1945
107,454,1,11,387.18,105.74,2.504,0.1977
107,454,1,12,387.18,106.13,2.454,0.1928
107,454,1,13,387.18,98.95,2.317,0.1916
107,454,1,14,387.18,84.8,2.151,0.1798
107,454,1,15,387.18,64.71,2.183,0.18
107,454,1,16,387.18,40.49,1.974,0.1783
107,454,1,17,387.18,15.75,1.989,0.1806
107,454,1,18,387.18,0.0,2.171,0.1784
107,454,1,19,387.18,0.0,2.519,0.1868
107,454,1,20,387.18,0.0,2.305,0.193
107,454,1,21,387.18,0.0,2.001,0.1895
107,454,1,22,387.18,0.0,1.74,0.1816
107,454,1,23,387.18,0.0,1.477,0.1648
107,455,2,0,387.18,0.0,1.507,0.1606
107,455,2,1,387.18,0.0,1.167,0.1526
107,455,2,2,387.18,0.0,0.986,0.1569
107,455,2,3,387.18,0.0,1.059,0.1629
107,455,2,4,387.18,0.0,1.272,0.1582
107,455,2,5,387.18,0.0,1.654,0.1668
107,455,2,6,387.18,13.26,2.305,0.1825
107,455,2,7,387.18,37.89,2.618,0.1871
107,455,2,8,387.18,62.69,2.582,0.189
107,455,2,9,387.18,83.21,2.642,0.1881
107,455,2,10,387.18,97.73,2.545,0.1952
107,455,2,11,387.18,105.29,2.501,0.1888
107,455,2,12,387.18,104.48,2.209,0.1822
107,455,2,13,387.18,94.69,2.15,0.1786
107,455,2,14,387.18,77.4,2.026,0.1856
107,455,2,15,387.18,57.71,1.968,0.1785
107,455,2,16,387.18,32.18,2.095,0.1834
107,455,2,17,387.18,11.82,2.4,0.1871
107,455,2,18,387.18,0.0,2.5,0.1841
107,455,2,19,387.18,0.0,2.963,0.1925
107,455,2,20,387.18,0.0,2.752,0.1849
107,455,2,21,387.18,0.0,2.297,0.1733
107,455,2,22,387.18,0.0,1.755,0.1604
107,455,2,23,387.18,0.0,1.64,0.148
107,456,3,0,387.18,0.0,1.651,0.1362
107,456,3,1,387.18,0.0,1.514,0.1271
107,456,3,2,387.18,0.0,1.358,0.128
107,456,3,3,387.18,0.0,1.327,0.1284
107,456,3,4,387.18,0.0,1.496,0.1324
107,456,3,5,387.18,0.0,1.688,0.1401
107,456,3,6,387.18,9.38,2.268,0.1505
107,456,3,7,387.18,25.43,2.602,0.1633
107,456,3,8,387.18,43.21,2.581,0.1715
107,456,3,9,387.18,64.31,2.766,0.167
107,456,3,10,387.18,61.16,2.794,0.1702
107,456,3,11,387.18,65.5,2.849,0.1657
107,456,3,12,387.18,70.35,2.872,0.1695
107,456,3,13,387.18,59.12,2.795,0.1665
107,456,3,14,387.18,49.45,2.808,0.1699
107,456,3,15,387.18,34.77,2.772,0.1763
107,456,3,16,387.18,19.43,2.784,0.1756
107,456,3,17,387.18,7.35,2.771,0.1762
107,456,3,18,387.18,0.0,2.627,0.1678
107,456,3,19,387.18,0.0,2.834,0.1644
107,456,3,20,387.18,0.0,2.723,0.1663
107,456,3,21,387.18,0.0,2.328,0.1558
107,456,3,22,387.18,0.0,1.921,0.1514
107,456,3,23,387.18,0.0,1.687,0.1462
107,457,4,0,387.18,0.0,1.336,0.1447
107,457,4,1,387.18,0.0,1.108,0.1441
107,457,4,2,387.18,0.0,1.002,0.1395
107,457,4,3,387.18,0.0,1.021,0.1422
107,457,4,4,387.18,0.0,1.112,0.1415
107,457,4,5,387.18,0.0,1.208,0.1471
107,457,4,6,387.18,3.95,1.864,0.1543
107,457,4,7,387.18,10.85,2.158,0.1641
107,457,4,8,387.18,19.13,2.308,0.1724
107,457,4,9,387.18,14.09,2.43,0.1749
107,457,4,10,387.18,19.84,2.458,0.1764
107,457,4,11,387.18,42.65,2.449,0.1864
107,457,4,12,387.18,82.25,2.606,0.1967
107,457,4,13,387.18,82.78,2.493,0.1995
107,457,4,14,387.18,72.47,2.288,0.2088
107,457,4,15,387.18,51.79,2.229,0.2164
107,457,4,16,387.18,28.98,2.29,0.2172
107,457,4,17,387.18,10.98,2.237,0.2156
107,457,4,18,387.18,0.0,2.242,0.2185
107,457,4,19,387.18,0.0,2.509,0.2205
107,457,4,20,387.18,0.0,2.437,0.2022
107,457,4,21,387.18,0.0,2.067,0.1816
107,457,4,22,387.18,0.0,1.509,0.1568
107,457,4,23,387.18,0.0,1.458,0.1457
107,458,5,0,387.18,0.0,2.112,0.1377
107,458,5,1,387.18,0.0,1.731,0.134
107,458,5,2,387.18,0.0,1.5,0.1349
107,458,5,3,387.18,0.0,1.479,0.1351
107,458,5,4,387.18,0.0,1.489,0.1311
107,458,5,5,387.18,0.0,1.467,0.1338
107,458,5,6,387.18,1.9,1.539,0.144
107,458,5,7,387.18,3.62,1.672,0.1415
107,458,5,8,387.18,5.19,2.119,0.144
107,458,5,9,387.18,19.14,2.501,0.1587
107,458,5,10,387.18,25.97,2.548,0.163
107,458,5,11,387.18,35.54,2.689,0.156
107,458,5,12,387.18,42.85,2.569,0.1582
107,458,5,13,387.18,43.71,2.414,0.153
107,458,5,14,387.18,53.28,2.211,0.1554
107,458,5,15,387.18,36.45,2.146,0.1636
107,458,5,16,387.18,21.29,2.186,0.1571
107,458,5,17,387.18,7.42,2.3,0.1609
107,458,5,18,387.18,0.33,2.294,0.1598
107,458,5,19,387.18,0.0,2.872,0.1659
107,458,5,20,387.18,0.0,2.722,0.1683
107,458,5,21,387.18,0.0,2.286,0.1595
107,458,5,22,387.18,0.0,1.985,0.1526
107,458,5,23,387.18,0.0,1.816,0.145
107,459,6,0,387.18,0.0,2.162,0.1453
107,459,6,1,387.18,0.0,1.806,0.1476
107,459,6,2,387.18,0.0,1.713,0.148
107,459,6,3,387.18,0.0,1.706,0.1463
107,459,6,4,387.18,0.0,1.71,0.1473
107,459,6,5,387.18,0.0,1.679,0.1502
107,459,6,6,387.18,14.32,1.815,0.1443
107,459,6,7,387.18,37.57,1.925,0.1472
107,459,6,8,387.18,62.04,2.26,0.1586
107,459,6,9,387.18,84.24,2.792,0.1566
107,459,6,10,387.18,98.99,2.933,0.1617
107,459,6,11,387.18,102.52,3.051,0.1578
107,459,6,12,387.18,105.74,2.89,0.1506
107,459,6,13,387.18,99.07,2.569,0.1496
107,459,6,14,387.18,84.22,2.404,0.149
107,459,6,15,387.18,64.51,2.199,0.1531
107,459,6,16,387.18,39.33,2.41,0.1545
107,459,6,17,387.18,13.99,2.518,0.1581
107,459,6,18,387.18,0.51,2.882,0.1645
107,459,6,19,387.18,0.0,3.547,0.1788
107,459,6,20,387.18,0.0,3.858,0.1858
107,459,6,21,387.18,0.0,3.065,0.1853
107,459,6,22,387.18,0.0,2.434,0.1823
107,459,6,23,387.18,0.0,2.145,0.1847
107,460,0,0,387.18,0.0,2.253,0.1811
107,460,0,1,387.18,0.0,2.009,0.1751
107,460,0,2,387.18,0.0,1.997,0.1754
107,460,0,3,387.18,0.0,1.983,0.1806
107,460,0,4,387.18,0.0,2.104,0.1861
107,460,0,5,387.18,0.25,2.238,0.1925
107,460,0,6,387.18,5.27,3.13,0.195
107,460,0,7,387.18,14.64,3.278,0.1914
107,460,0,8,387.18,25.64,3.73,0.1943
107,460,0,9,387.18,28.81,3.971,0.2028
107,460,0,10,387.18,30.46,3.733,0.2033
107,460,0,11,387.18,22.39,3.746,0.1975
107,460,0,12,387.18,25.11,3.744,0.1998
107,460,0,13,387.18,15.02,3.528,0.1976
107,460,0,14,387.18,11.06,3.428,0.2005
107,460,0,15,387.18,8.27,3.245,0.2014
107,460,0,16,387.18,3.55,3.249,0.2015
107,460,0,17,387.18,0.66,3.34,0.2019
107,460,0,18,387.18,0.19,3.417,0.2083
107,460,0,19,387.18,0.0,3.977,0.2129
107,460,0,20,387.18,0.0,3.758,0.2108
107,460,0,21,387.18,0.0,3.14,0.2055
107,460,0,22,387.18,0.0,2.666,0.1933
107,460,0,23,387.18,0.0,2.463,0.1838
107,461,1,0,387.18,0.0,2.516,0.1779
107,461,1,1,387.18,0.0,2.317,0.1812
107,461,1,2,387.18,0.0,2.228,0.18
107,461,1,3,387.18,0.0,2.239,0.1798
107,461,1,4,387.18,0.0,2.352,0.1839
107,461,1,5,387.18,0.44,2.676,0.1906
107,461,1,6,387.18,13.14,3.913,0.2057
107,461,1,7,387.18,36.29,3.799,0.2172
107,461,1,8,387.18,60.41,3.699,0.2214
107,461,1,9,387.18,82.26,4.003,0.224
107,461,1,10,387.18,99.15,4.057,0.2157
107,461,1,11,387.18,108.98,3.655,0.2238
107,461,1,12,387.18,109.53,3.6,0.2155
107,461,1,13,387.18,102.52,3.318,0.209
107,461,1,14,387.18,87.89,2.969,0.209
107,461,1,15,387.18,67.47,2.91,0.209
107,461,1,16,387.18,43.09,2.924,0.207
107,461,1,17,387.18,17.41,3.239,0.2014
107,461,1,18,387.18,0.81,3.519,0.2037
107,461,1,19,387.18,0.0,4.011,0.2084
107,461,1,20,387.18,0.0,4.203,0.2115
107,461,1,21,387.18,0.0,3.421,0.2144
107,461,1,22,387.18,0.0,2.558,0.2069
107,461,1,23,387.18,0.0,2.498,0.1978
107,462,2,0,387.18,0.0,3.158,0.1904
107,462,2,1,387.18,0.0,2.889,0.1991
107,462,2,2,387.18,0.0,2.887,0.1977
107,462,2,3,387.18,0.0,2.778,0.1933
107,462,2,4,387.18,0.0,2.905,0.1885
107,462,2,5,387.18,0.65,3.352,0.1968
107,462,2,6,387.18,15.08,4.397,0.2038
107,462,2,7,387.18,39.53,4.696,0.1995
107,462,2,8,387.18,63.09,4.506,0.1995
107,462,2,9,387.18,80.95,4.79,0.2007
107,462,2,10,387.18,93.03,4.061,0.2017
107,462,2,11,387.18,102.69,3.91,0.2051
107,462,2,12,387.18,87.11,3.765,0.1962
107,462,2,13,387.18,61.95,3.646,0.1923
107,462,2,14,387.18,60.3,3.462,0.1829
107,462,2,15,387.18,44.25,3.37,0.1821
107,462,2,16,387.18,25.68,3.384,0.1875
107,462,2,17,387.18,9.68,3.496,0.1919
107,462,2,18,387.18,0.48,3.567,0.1997
107,462,2,19,387.18,0.0,3.876,0.1991
107,462,2,20,387.18,0.0,4.331,0.2008
107,462,2,21,387.18,0.0,3.508,0.1955
107,462,2,22,387.18,0.0,2.964,0.1853
107,462,2,23,387.18,0.0,2.961,0.1747
107,463,3,0,387.18,0.0,2.786,0.1679
107,463,3,1,387.18,0.0,2.599,0.1684
107,463,3,2,387.18,0.0,2.475,0.1636
107,463,3,3,387.18,0.0,2.473,0.1583
107,463,3,4,387.18,0.0,2.478,0.1567
107,463,3,5,387.18,0.36,2.588,0.1617
107,463,3,6,387.18,5.46,3.395,0.1724
107,463,3,7,387.18,12.08,3.633,0.1794
107,463,3,8,387.18,22.56,3.592,0.1846
107,463,3,9,387.18,24.88,3.776,0.1843
107,463,3,10,387.18,23.42,3.331,0.1897
107,463,3,11,387.18,26.12,3.256,0.1918
107,463,3,12,387.18,14.71,3.174,0.1941
107,463,3,13,387.18,50.31,3.016,0.1981
107,463,3,14,387.18,44.2,2.862,0.2043
107,463,3,15,387.18,32.38,2.875,0.1979
107,463,3,16,387.18,17.17,2.711,0.1989
107,463,3,17,387.18,4.88,2.959,0.1982
107,463,3,18,387.18,0.42,2.867,0.1971
107,463,3,19,387.18,0.0,3.102,0.1967
107,463,3,20,387.18,0.0,3.385,0.197
107,463,3,21,387.18,0.0,2.658,0.1917
107,463,3,22,387.18,0.0,2.361,0.183
107,463,3,23,387.18,0.0,2.269,0.1846
107,464,4,0,387.18,0.0,2.24,0.1732
107,464,4,1,387.18,0.0,2.091,0.1715
107,464,4,2,387.18,0.0,1.985,0.1687
107,464,4,3,387.18,0.0,1.984,0.17
107,464,4,4,387.18,0.0,1.992,0.1708
107,464,4,5,387.18,0.71,2.232,0.1774
107,464,4,6,387.18,7.52,2.781,0.1871
107,464,4,7,387.18,22.76,2.965,0.1933
107,464,4,8,387.18,38.54,2.955,0.1941
107,464,4,9,387.18,40.98,3.073,0.1943
107,464,4,10,387.18,46.85,3.059,0.1966
107,464,4,11,387.18,52.2,3.056,0.1969
107,464,4,12,387.18,50.28,2.932,0.1919
107,464,4,13,387.18,51.95,2.87,0.1888
107,464,4,14,387.18,52.22,2.685,0.1899
107,464,4,15,387.18,34.53,2.674,0.19
107,464,4,16,387.18,22.72,2.629,0.1905
107,464,4,17,387.18,10.3,2.736,0.1941
107,464,4,18,387.18,0.8,2.724,0.1996
107,464,4,19,387.18,0.0,3.034,0.1967
107,464,4,20,387.18,0.0,3.16,0.201
107,464,4,21,387.18,0.0,2.614,0.195
107,464,4,22,387.18,0.0,2.302,0.1808
107,464,4,23,387.18,0.0,2.27,0.1764
107,465,5,0,387.18,0.0,2.686,0.1735
107,465,5,1,387.18,0.0,2.486,0.1763
107,465,5,2,387.18,0.0,2.405,0.1696
107,465,5,3,387.18,0.0,2.407,0.1759
107,465,5,4,387.18,0.0,2.382,0.1743
107,465,5,5,387.18,0.69,2.422,0.175
107,465,5,6,387.18,8.43,2.472,0.1793
107,465,5,7,387.18,18.59,2.51,0.1848
107,465,5,8,387.18,12.23,2.521,0.1883
107,465,5,9,387.18,23.82,2.945,0.1991
107,465,5,10,387.18,20.58,3.132,0.1958
107,465,5,11,387.18,23.78,3.128,0.1956
107,465,5,12,387.18,17.65,2.919,0.1959
107,465,5,13,387.18,19.21,2.72,0.1958
107,465,5,14,387.18,20.45,2.597,0.1936
107,465,5,15,387.18,17.6,2.586,0.1902
107,465,5,16,387.18,13.26,2.547,0.1938
107,465,5,17,387.18,5.25,2.592,0.197
107,465,5,18,387.18,0.49,3.0,0.2009
107,465,5,19,387.18,0.0,3.351,0.2042
107,465,5,20,387.18,0.0,3.58,0.2075
107,465,5,21,387.18,0.0,2.972,0.1988
107,465,5,22,387.18,0.0,2.547,0.1881
107,465,5,23,387.18,0.0,2.51,0.1801
107,466,6,0,387.18,0.0,3.408,0.1774
107,466,6,1,387.18,0.0,3.014,0.1826
107,466,6,2,387.18,0.0,2.799,0.1803
107,466,6,3,387.18,0.0,2.775,0.178
107,466,6,4,387.18,0.0,2.735,0.1789
107,466,6,5,387.18,1.14,2.624,0.1777
107,466,6,6,387.18,17.79,2.318,0.176
107,466,6,7,387.18,43.47,2.443,0.1723
107,466,6,8,387.18,68.62,2.525,0.1779
107,466,6,9,387.18,88.94,2.7,0.1828
107,466,6,10,387.18,102.96,2.826,0.1854
107,466,6,11,387.18,109.26,2.817,0.187
107,466,6,12,387.18,108.35,2.768,0.1875
107,466,6,13,387.18,99.97,2.518,0.1818
107,466,6,14,387.18,84.55,2.494,0.1792
107,466,6,15,387.18,62.27,2.475,0.1787
107,466,6,16,387.18,37.43,2.474,0.1805
107,466,6,17,387.18,14.45,2.49,0.1849
107,466,6,18,387.18,0.79,2.877,0.1913
107,466,6,19,387.18,0.0,3.202,0.2087
107,466,6,20,387.18,0.0,3.805,0.2114
107,466,6,21,387.18,0.0,3.363,0.2095
107,466,6,22,387.18,0.0,2.779,0.1894
107,466,6,23,387.18,0.0,2.831,0.1852
107,467,0,0,387.18,0.0,2.926,0.1813
107,467,0,1,387.18,0.0,2.779,0.1791
107,467,0,2,387.18,0.0,2.625,0.1769
107,467,0,3,387.18,0.0,2.61,0.1837
107,467,0,4,387.18,0.0,2.668,0.1894
107,467,0,5,387.18,0.57,2.778,0.1993
107,467,0,6,387.18,5.81,3.377,0.2161
107,467,0,7,387.18,13.6,3.55,0.2126
107,467,0,8,387.18,22.77,3.662,0.21
107,467,0,9,387.18,36.07,3.765,0.212
107,467,0,10,387.18,44.78,3.847,0.2118
107,467,0,11,387.18,90.95,3.918,0.2121
107,467,0,12,387.18,87.19,3.933,0.2135
107,467,0,13,387.18,72.12,3.681,0.2106
107,467,0,14,387.18,62.78,3.608,0.2052
107,467,0,15,387.18,38.79,3.543,0.2068
107,467,0,16,387.18,27.06,3.524,0.2075
107,467,0,17,387.18,9.15,3.588,0.2084
107,467,0,18,387.18,0.65,3.619,0.2146
107,467,0,19,387.18,0.0,3.751,0.2169
107,467,0,20,387.18,0.0,4.241,0.2179
107,467,0,21,387.18,0.0,3.355,0.2162
107,467,0,22,387.18,0.0,2.692,0.21
107,467,0,23,387.18,0.0,2.619,0.1998
107,468,1,0,387.18,0.0,2.448,0.1905
107,468,1,1,387.18,0.0,2.368,0.1867
107,468,1,2,387.18,0.0,2.249,0.1813
107,468,1,3,387.18,0.0,2.241,0.1772
107,468,1,4,387.18,0.0,2.284,0.1815
107,468,1,5,387.18,0.33,2.457,0.191
107,468,1,6,387.18,2.83,3.122,0.2128
107,468,1,7,387.18,5.76,3.228,0.2168
107,468,1,8,387.18,11.02,3.544,0.2157
107,468,1,9,387.18,16.27,3.668,0.2126
107,468,1,10,387.18,20.95,3.436,0.2123
107,468,1,11,387.18,32.52,3.428,0.2144
107,468,1,12,387.18,67.6,3.288,0.2109
107,468,1,13,387.18,85.72,3.124,0.2108
107,468,1,14,387.18,84.52,2.959,0.2115
107,468,1,15,387.18,66.9,2.981,0.2122
107,468,1,16,387.18,43.63,2.867,0.2117
107,468,1,17,387.18,19.17,3.021,0.2124
107,468,1,18,387.18,1.43,3.19,0.2088
107,468,1,19,387.18,0.0,3.548,0.2136
107,468,1,20,387.18,0.0,3.791,0.2179
107,468,1,21,387.18,0.0,2.9,0.2177
107,468,1,22,387.18,0.0,2.475,0.2154
107,468,1,23,387.18,0.0,2.416,0.2056
107,469,2,0,387.18,0.0,2.355,0.1995
107,469,2,1,387.18,0.0,2.275,0.2029
107,469,2,2,387.18,0.0,2.233,0.1992
107,469,2,3,387.18,0.0,2.186,0.1984
107,469,2,4,387.18,0.0,2.306,0.202
107,469,2,5,387.18,1.17,2.443,0.2156
107,469,2,6,387.18,12.62,3.37,0.2243
107,469,2,7,387.18,29.71,3.537,0.225
107,469,2,8,387.18,70.66,3.52,0.2237
107,469,2,9,387.18,90.27,3.494,0.2208
107,469,2,10,387.18,103.93,3.543,0.2252
107,469,2,11,387.18,110.64,3.523,0.2282
107,469,2,12,387.18,110.06,3.455,0.2202
107,469,2,13,387.18,102.21,3.27,0.2086
107,469,2,14,387.18,86.75,3.036,0.2067
107,469,2,15,387.18,65.78,2.904,0.2107
107,469,2,16,387.18,41.45,2.868,0.2096
107,469,2,17,387.18,16.93,2.998,0.2171
107,469,2,18,387.18,1.22,3.069,0.213
107,469,2,19,387.18,0.0,3.685,0.2183
107,469,2,20,387.18,0.0,3.877,0.219
107,469,2,21,387.18,0.0,3.236,0.2137
107,469,2,22,387.18,0.0,2.56,0.2024
107,469,2,23,387.18,0.0,2.338,0.1919
107,470,3,0,387.18,0.0,2.463,0.1891
107,470,3,1,387.18,0.0,2.308,0.1854
107,470,3,2,387.18,0.0,2.231,0.1811
107,470,3,3,387.18,0.0,2.307,0.189
107,470,3,4,387.18,0.0,2.338,0.1926
107,470,3,5,387.18,1.51,2.504,0.2051
107,470,3,6,387.18,17.92,3.635,0.2176
107,470,3,7,387.18,40.12,3.464,0.2186
107,470,3,8,387.18,65.68,3.539,0.2199
107,470,3,9,387.18,85.86,3.619,0.2218
107,470,3,10,387.18,99.24,3.686,0.2242
107,470,3,11,387.18,109.19,3.442,0.2253
107,470,3,12,387.18,108.94,3.122,0.224
107,470,3,13,387.18,101.91,3.012,0.2222
107,470,3,14,387.18,87.43,2.892,0.2159
107,470,3,15,387.18,67.33,2.738,0.2162
107,470,3,16,387.18,43.47,2.736,0.2198
107,470,3,17,387.18,18.81,2.743,0.2189
107,470,3,18,387.18,1.44,2.711,0.2195
107,470,3,19,387.18,0.0,3.184,0.2213
107,470,3,20,387.18,0.0,3.648,0.2265
107,470,3,21,387.18,0.0,3.041,0.2204
107,470,3,22,387.18,0.0,2.573,0.2069
107,470,3,23,387.18,0.0,2.442,0.206
107,471,4,0,387.18,0.0,2.39,0.1985
107,471,4,1,387.18,0.0,2.278,0.1956
107,471,4,2,387.18,0.0,2.204,0.1942
107,471,4,3,387.18,0.0,2.199,0.1905
107,471,4,4,387.18,0.0,2.286,0.1963
107,471,4,5,387.18,1.84,2.515,0.2076
107,471,4,6,387.18,19.56,3.471,0.2251
107,471,4,7,387.18,43.11,3.453,0.2308
107,471,4,8,387.18,65.69,3.376,0.2308
107,471,4,9,387.18,88.07,3.389,0.2296
107,471,4,10,387.18,101.87,3.403,0.2264
107,471,4,11,387.18,110.18,3.181,0.224
107,471,4,12,387.18,109.65,3.018,0.2244
107,471,4,13,387.18,101.67,2.872,0.2238
107,471,4,14,387.18,87.29,2.805,0.2178
107,471,4,15,387.18,66.95,2.722,0.2171
107,471,4,16,387.18,42.81,2.7,0.2224
107,471,4,17,387.18,18.08,2.72,0.2247
107,471,4,18,387.18,1.42,2.736,0.2243
107,471,4,19,387.18,0.0,3.096,0.2225
107,471,4,20,387.18,0.0,3.585,0.2197
107,471,4,21,387.18,0.0,3.05,0.2173
107,471,4,22,387.18,0.0,2.663,0.2014
107,471,4,23,387.18,0.0,2.582,0.2009
107,472,5,0,387.18,0.0,2.639,0.1752
107,472,5,1,387.18,0.0,2.508,0.169
107,472,5,2,387.18,0.0,2.326,0.1625
107,472,5,3,387.18,0.0,2.268,0.1643
107,472,5,4,387.18,0.0,2.263,0.168
107,472,5,5,387.18,1.77,2.354,0.1678
107,472,5,6,387.18,17.91,2.284,0.1823
107,472,5,7,387.18,41.3,2.318,0.1866
107,472,5,8,387.18,64.56,2.775,0.1915
107,472,5,9,387.18,87.5,2.957,0.1966
107,472,5,10,387.18,101.04,2.918,0.2008
107,472,5,11,387.18,110.28,2.858,0.1965
107,472,5,12,387.18,109.9,2.724,0.197
107,472,5,13,387.18,102.21,2.488,0.1976
107,472,5,14,387.18,87.95,2.373,0.1951
107,472,5,15,387.18,67.69,2.328,0.1857
107,472,5,16,387.18,43.77,2.434,0.1869
107,472,5,17,387.18,19.03,2.391,0.1906
107,472,5,18,387.18,1.58,2.425,0.1875
107,472,5,19,387.18,0.0,2.847,0.1948
107,472,5,20,387.18,0.0,3.129,0.2048
107,472,5,21,387.18,0.0,2.897,0.2011
107,472,5,22,387.18,0.0,2.292,0.1883
107,472,5,23,387.18,0.0,2.244,0.1881
107,473,6,0,387.18,0.0,2.187,0.1815
107,473,6,1,387.18,0.0,2.216,0.18
107,473,6,2,387.18,0.0,2.074,0.1752
107,473,6,3,387.18,0.0,1.992,0.1749
107,473,6,4,387.18,0.0,1.9,0.177
107,473,6,5,387.18,2.06,1.861,0.1829
107,473,6,6,387.18,19.43,1.835,0.1886
107,473,6,7,387.18,42.65,1.757,0.1821
107,473,6,8,387.18,65.84,2.209,0.1854
107,473,6,9,387.18,85.26,2.487,0.1958
107,473,6,10,387.18,98.41,2.586,0.1936
107,473,6,11,387.18,110.07,2.461,0.1823
107,473,6,12,387.18,109.61,2.257,0.1836
107,473,6,13,387.18,101.87,2.141,0.1838
107,473,6,14,387.18,87.44,2.081,0.1788
107,473,6,15,387.18,67.57,2.167,0.1785
107,473,6,16,387.18,44.02,2.243,0.1888
107,473,6,17,387.18,19.49,2.5,0.202
107,473,6,18,387.18,1.7,2.717,0.2012
107,473,6,19,387.18,0.0,3.323,0.2044
107,473,6,20,387.18,0.0,3.799,0.1982
107,473,6,21,387.18,0.0,3.103,0.1947
107,473,6,22,387.18,0.0,2.463,0.1887
107,473,6,23,387.18,0.0,2.122,0.1838
107,474,0,0,387.18,0.0,2.259,0.1655
107,474,0,1,387.18,0.0,2.093,0.1689
107,474,0,2,387.18,0.0,2.076,0.1667
107,474,0,3,387.18,0.0,2.013,0.1681
107,474,0,4,387.18,0.0,2.011,0.1706
107,474,0,5,387.18,2.45,2.277,0.1744
107,474,0,6,387.18,20.81,3.019,0.1948
107,474,0,7,387.18,44.66,3.157,0.198
107,474,0,8,387.18,68.36,3.288,0.1969
107,474,0,9,387.18,87.17,3.292,0.1987
107,474,0,10,387.18,100.43,3.469,0.1955
107,474,0,11,387.18,108.98,3.412,0.1965
107,474,0,12,387.18,109.36,3.386,0.1961
107,474,0,13,387.18,101.07,3.297,0.1992
107,474,0,14,387.18,87.76,3.223,0.1996
107,474,0,15,387.18,67.35,3.284,0.2024
107,474,0,16,387.18,38.9,3.451,0.2021
107,474,0,17,387.18,15.6,3.449,0.2052
107,474,0,18,387.18,1.33,3.149,0.2106
107,474,0,19,387.18,0.0,3.636,0.2057
107,474,0,20,387.18,0.0,3.984,0.2054
107,474,0,21,387.18,0.0,3.182,0.1976
107,474,0,22,387.18,0.0,2.544,0.1849
107,474,0,23,387.18,0.0,2.313,0.1777
107,475,1,0,387.18,0.0,2.484,0.1685
107,475,1,1,387.18,0.0,2.205,0.1672
107,475,1,2,387.18,0.0,2.277,0.1631
107,475,1,3,387.18,0.0,2.109,0.1641
107,475,1,4,387.18,0.0,2.139,0.1656
107,475,1,5,387.18,2.23,2.468,0.1737
107,475,1,6,387.18,18.67,3.203,0.1948
107,475,1,7,387.18,39.98,3.446,0.2089
107,475,1,8,387.18,64.51,3.665,0.2097
107,475,1,9,387.18,86.43,3.606,0.2093
107,475,1,10,387.18,99.17,3.988,0.2098
107,475,1,11,387.18,102.21,4.101,0.2091
107,475,1,12,387.18,97.38,3.712,0.2083
107,475,1,13,387.18,90.8,3.584,0.2069
107,475,1,14,387.18,86.4,3.538,0.2047
107,475,1,15,387.18,69.68,3.439,0.2032
107,475,1,16,387.18,45.43,3.156,0.2077
107,475,1,17,387.18,20.52,3.117,0.2143
107,475,1,18,387.18,2.08,3.071,0.2093
107,475,1,19,387.18,0.0,3.415,0.209
107,475,1,20,387.18,0.0,3.696,0.2105
107,475,1,21,387.18,0.0,3.22,0.2099
107,475,1,22,387.18,0.0,2.814,0.1982
107,475,1,23,387.18,0.0,2.455,0.1781
107,476,2,0,387.18,0.0,2.258,0.1678
107,476,2,1,387.18,0.0,2.149,0.1694
107,476,2,2,387.18,0.0,2.04,0.1695
107,476,2,3,387.18,0.0,2.04,0.1685
107,476,2,4,387.18,0.0,2.086,0.1704
107,476,2,5,387.18,2.07,2.28,0.1826
107,476,2,6,387.18,15.81,2.896,0.1955
107,476,2,7,387.18,32.68,3.191,0.2102
107,476,2,8,387.18,49.58,3.356,0.2132
107,476,2,9,387.18,62.65,3.544,0.2203
107,476,2,10,387.18,107.46,3.944,0.2192
107,476,2,11,387.18,114.06,4.029,0.2219
107,476,2,12,387.18,113.41,3.79,0.2218
107,476,2,13,387.18,105.5,3.552,0.2214
107,476,2,14,387.18,90.89,3.428,0.2156
107,476,2,15,387.18,70.82,3.336,0.213
107,476,2,16,387.18,46.94,3.238,0.2133
107,476,2,17,387.18,21.7,3.229,0.2182
107,476,2,18,387.18,2.27,3.151,0.2177
107,476,2,19,387.18,0.0,3.49,0.2147
107,476,2,20,387.18,0.0,3.937,0.2152
107,476,2,21,387.18,0.0,3.083,0.2119
107,476,2,22,387.18,0.0,2.612,0.1943
107,476,2,23,387.18,0.0,2.305,0.1849
107,477,3,0,363.59,0.0,2.147,0.1803
107,477,3,1,356.59,0.0,2.029,0.1748
107,477,3,2,328.0,0.0,1.818,0.1729
107,477,3,3,321.0,0.0,1.908,0.1708
107,477,3,4,332.0,0.0,1.932,0.1694
107,477,3,5,327.0,3.19,2.124,0.1782
107,477,3,6,345.0,22.61,2.885,0.1931
107,477,3,7,375.0,46.43,3.089,0.2052
107,477,3,8,437.0,69.07,3.42,0.211
107,477,3,9,448.0,88.79,3.519,0.2095
107,477,3,10,460.0,101.53,3.897,0.2071
107,477,3,11,488.0,104.74,3.921,0.2095
107,477,3,12,496.0,97.49,3.907,0.2076
107,477,3,13,508.0,89.79,3.902,0.205
107,477,3,14,494.0,76.99,3.798,0.2048
107,477,3,15,507.0,59.01,3.911,0.2069
107,477,3,16,520.0,36.16,3.911,0.2096
107,477,3,17,500.0,15.78,3.82,0.2109
107,477,3,18,489.0,1.47,3.341,0.2143
107,477,3,19,452.0,0.0,3.636,0.2104
107,477,3,20,356.0,0.0,4.415,0.2175
107,477,3,21,348.0,0.0,3.248,0.2119
107,477,3,22,343.0,0.0,2.677,0.2051
107,477,3,23,343.0,0.0,2.41,0.1958
107,478,4,0,346.0,0.0,2.083,0.1735
107,478,4,1,332.0,0.0,1.959,0.1709
107,478,4,2,329.0,0.0,1.886,0.1641
107,478,4,3,328.0,0.0,1.741,0.1608
107,478,4,4,334.0,0.0,1.798,0.1646
107,478,4,5,328.0,2.24,1.941,0.1704
107,478,4,6,344.0,14.61,2.675,0.1916
107,478,4,7,360.0,32.31,2.868,0.2062
107,478,4,8,439.0,49.48,3.428,0.2061
107,478,4,9,451.0,61.99,3.609,0.2071
107,478,4,10,463.0,76.38,4.329,0.2091
107,478,4,11,490.0,64.32,4.4,0.2159
107,478,4,12,495.0,79.99,4.444,0.2153
107,478,4,13,507.0,70.26,4.64,0.2165
107,478,4,14,510.0,47.16,4.448,0.2171
107,478,4,15,516.0,20.71,4.7,0.2148
107,478,4,16,516.0,12.13,4.764,0.2148
107,478,4,17,521.0,5.26,4.351,0.214
107,478,4,18,504.0,0.98,3.56,0.217
107,478,4,19,489.0,0.0,3.638,0.2144
107,478,4,20,376.0,0.0,4.001,0.2162
107,478,4,21,380.0,0.0,3.256,0.2185
107,478,4,22,375.0,0.0,2.732,0.204
107,478,4,23,369.0,0.0,2.512,0.196
107,479,5,0,345.0,0.0,2.382,0.1837
107,479,5,1,344.0,0.0,2.264,0.1818
107,479,5,2,349.0,0.0,2.154,0.176
107,479,5,3,350.0,0.0,2.027,0.1741
107,479,5,4,335.0,0.0,2.015,0.1754
107,479,5,5,347.0,1.25,2.173,0.181
107,479,5,6,342.0,6.87,2.463,0.1854
107,479,5,7,355.0,11.54,2.473,0.191
107,479,5,8,426.0,18.07,2.8,0.1986
107,479,5,9,423.0,28.01,3.154,0.2022
107,479,5,10,426.0,49.59,3.229,0.2039
107,479,5,11,418.0,61.69,2.963,0.2111
107,479,5,12,409.0,78.09,2.846,0.2002
107,479,5,13,414.0,80.09,2.711,0.1985
107,479,5,14,411.0,69.67,2.614,0.1958
107,479,5,15,414.0,57.21,2.627,0.1948
107,479,5,16,418.0,38.81,2.673,0.1932
107,479,5,17,408.0,18.57,2.679,0.1973
107,479,5,18,417.0,2.44,2.654,0.1991
107,479,5,19,401.0,0.0,3.163,0.2
107,479,5,20,333.0,0.0,3.71,0.2045
107,479,5,21,324.0,0.0,3.205,0.2087
107,479,5,22,337.0,0.0,2.652,0.2044
107,479,5,23,334.0,0.0,2.438,0.1932
107,480,6,0,326.0,0.0,2.605,0.1893
107,480,6,1,323.0,0.0,2.479,0.1779
107,480,6,2,323.0,0.0,2.222,0.1741
107,480,6,3,312.0,0.0,2.231,0.1746
107,480,6,4,322.0,0.0,2.099,0.1747
107,480,6,5,313.0,3.65,2.228,0.1769
107,480,6,6,316.0,23.18,2.191,0.1795
107,480,6,7,332.0,46.56,2.289,0.1802
107,480,6,8,400.0,70.13,2.578,0.1842
107,480,6,9,397.0,89.7,2.748,0.1864
107,480,6,10,399.0,103.62,3.091,0.1959
107,480,6,11,408.0,112.84,2.869,0.1943
107,480,6,12,411.0,111.55,2.804,0.1989
107,480,6,13,410.0,101.65,2.717,0.1987
107,480,6,14,416.0,89.77,2.624,0.1958
107,480,6,15,409.0,69.53,2.684,0.1972
107,480,6,16,410.0,45.77,2.734,0.1972
107,480,6,17,406.0,21.24,2.8,0.1988
107,480,6,18,407.0,2.52,2.825,0.2069
107,480,6,19,407.0,0.0,3.312,0.2076
107,480,6,20,322.0,0.0,4.405,0.2141
107,480,6,21,327.0,0.0,3.562,0.2161
107,480,6,22,327.0,0.0,2.875,0.2119
107,480,6,23,326.0,0.0,2.763,0.208
107,481,0,0,335.0,0.0,2.527,0.1916
107,481,0,1,316.0,0.0,1.946,0.1888
107,481,0,2,315.0,0.0,1.784,0.1886
107,481,0,3,319.0,0.0,1.738,0.1918
107,481,0,4,312.0,0.0,1.768,0.1902
107,481,0,5,321.0,2.75,2.112,0.1966
107,481,0,6,324.0,19.67,2.96,0.2156
107,481,0,7,356.0,41.57,3.163,0.2201
107,481,0,8,425.0,64.33,3.355,0.2277
107,481,0,9,424.0,86.07,3.566,0.2246
107,481,0,10,458.0,87.73,4.003,0.2226
107,481,0,11,478.0,87.96,4.026,0.2274
107,481,0,12,491.0,84.4,4.079,0.2263
107,481,0,13,497.0,71.92,4.223,0.2316
107,481,0,14,498.0,62.3,4.237,0.2292
107,481,0,15,491.0,51.47,4.242,0.2289
107,481,0,16,494.0,31.63,4.4,0.2289
107,481,0,17,496.0,13.99,4.2,0.2311
107,481,0,18,484.0,2.0,3.834,0.2316
107,481,0,19,453.0,0.0,3.835,0.2284
107,481,0,20,382.0,0.0,4.775,0.2281
107,481,0,21,365.0,0.0,3.462,0.2273
107,481,0,22,366.0,0.0,2.676,0.2138
107,481,0,23,358.0,0.0,2.498,0.2047
107,482,1,0,341.0,0.0,2.309,0.1892
107,482,1,1,333.0,0.0,2.178,0.1839
107,482,1,2,330.0,0.0,2.098,0.183
107,482,1,3,331.0,0.0,2.013,0.1891
107,482,1,4,323.0,0.0,2.098,0.1917
107,482,1,5,330.0,2.37,2.206,0.2034
107,482,1,6,340.0,12.75,2.985,0.2222
107,482,1,7,361.0,26.63,3.384,0.2235
107,482,1,8,435.0,34.12,3.773,0.2243
107,482,1,9,430.0,42.95,3.914,0.2276
107,482,1,10,452.0,54.22,4.222,0.2294
107,482,1,11,473.0,84.85,4.301,0.2352
107,482,1,12,471.0,86.18,4.225,0.2371
107,482,1,13,494.0,75.25,4.312,0.2349
107,482,1,14,490.0,37.44,4.113,0.235
107,482,1,15,475.0,37.35,4.501,0.2376
107,482,1,16,501.0,23.05,4.381,0.2385
107,482,1,17,492.0,10.51,4.067,0.2354
107,482,1,18,485.0,1.48,3.554,0.2346
107,482,1,19,460.0,0.0,3.827,0.2314
107,482,1,20,372.0,0.0,4.67,0.2336
107,482,1,21,364.0,0.0,3.45,0.2315
107,482,1,22,359.0,0.0,2.62,0.2292
107,482,1,23,345.0,0.0,2.42,0.221
107,483,2,0,356.33,0.0,2.231,0.2002
107,483,2,1,352.65,0.0,2.145,0.1917
107,483,2,2,354.65,0.0,2.06,0.1851
107,483,2,3,349.65,0.0,2.021,0.187
107,483,2,4,350.65,0.0,2.099,0.1861
107,483,2,5,352.65,1.67,2.191,0.2013
107,483,2,6,359.65,7.09,3.041,0.2187
107,483,2,7,378.65,13.63,3.373,0.2137
107,483,2,8,421.65,20.79,3.533,0.2174
107,483,2,9,418.65,26.57,3.693,0.2119
107,483,2,10,431.65,40.29,3.965,0.2109
107,483,2,11,450.65,56.03,3.966,0.2087
107,483,2,12,459.65,73.57,3.77,0.2032
107,483,2,13,463.65,59.27,3.741,0.2026
107,483,2,14,469.65,59.32,3.578,0.2013
107,483,2,15,470.65,48.54,3.654,0.2039
107,483,2,16,472.65,32.4,3.774,0.2026
107,483,2,17,473.65,17.02,3.604,0.2053
107,483,2,18,465.65,2.57,3.367,0.2078
107,483,2,19,456.65,0.0,3.686,0.2063
107,483,2,20,392.65,0.0,4.356,0.2055
107,483,2,21,384.65,0.0,3.227,0.202
107,483,2,22,379.65,0.0,2.692,0.195
107,483,2,23,378.65,0.0,2.248,0.187
107,484,3,0,369.33,0.0,2.013,0.1952
107,484,3,1,354.33,0.0,1.97,0.1896
107,484,3,2,334.0,0.0,1.912,0.1876
107,484,3,3,334.0,0.0,1.875,0.1807
107,484,3,4,330.0,0.0,1.856,0.1832
107,484,3,5,338.0,2.96,1.921,0.1919
107,484,3,6,337.0,14.54,2.901,0.2121
107,484,3,7,369.0,29.65,3.008,0.2177
107,484,3,8,433.0,40.18,3.113,0.2161
107,484,3,9,441.0,49.02,3.288,0.2172
107,484,3,10,455.0,43.19,3.424,0.2107
107,484,3,11,476.0,49.85,3.377,0.2098
107,484,3,12,483.0,42.58,3.297,0.2131
107,484,3,13,497.0,34.32,3.011,0.2136
107,484,3,14,502.0,23.0,2.948,0.217
107,484,3,15,505.0,12.86,3.034,0.2147
107,484,3,16,502.0,14.95,3.038,0.2162
107,484,3,17,496.0,7.38,2.949,0.2149
107,484,3,18,482.0,1.05,2.945,0.2142
107,484,3,19,458.0,0.0,3.006,0.2151
107,484,3,20,384.0,0.0,3.572,0.2161
107,484,3,21,367.0,0.0,2.799,0.2131
107,484,3,22,358.0,0.0,2.288,0.2022
107,484,3,23,362.0,0.0,2.156,0.2021
107,485,4,0,359.55,0.0,1.829,0.186
107,485,4,1,366.1,0.0,1.759,0.1861
107,485,4,2,357.1,0.0,1.727,0.1855
107,485,4,3,353.1,0.0,1.644,0.1904
107,485,4,4,352.1,0.0,1.666,0.1926
107,485,4,5,352.1,2.43,1.871,0.2026
107,485,4,6,367.1,10.79,2.613,0.2135
107,485,4,7,381.1,21.61,2.763,0.2214
107,485,4,8,421.1,36.24,2.946,0.2218
107,485,4,9,419.1,37.95,2.95,0.2219
107,485,4,10,430.1,50.79,3.165,0.2258
107,485,4,11,449.1,42.85,3.014,0.2246
107,485,4,12,458.1,36.77,2.931,0.2254
107,485,4,13,465.1,33.43,2.9,0.2246
107,485,4,14,462.1,22.13,2.843,0.2211
107,485,4,15,467.1,12.33,3.039,0.2175
107,485,4,16,466.1,6.31,3.035,0.2195
107,485,4,17,460.1,2.8,3.002,0.2181
107,485,4,18,452.1,0.62,2.866,0.2151
107,485,4,19,442.1,0.0,2.905,0.2142
107,485,4,20,384.1,0.0,3.465,0.2178
107,485,4,21,376.1,0.0,2.811,0.2207
107,485,4,22,373.1,0.0,2.237,0.2115
107,485,4,23,370.1,0.0,2.22,0.2092
107,486,5,0,344.55,0.0,2.012,0.196
107,486,5,1,346.55,0.0,1.98,0.1848
107,486,5,2,329.0,0.0,1.872,0.1835
107,486,5,3,331.0,0.0,1.842,0.1827
107,486,5,4,327.0,0.0,1.756,0.1829
107,486,5,5,322.0,2.73,1.888,0.1891
107,486,5,6,330.0,12.55,1.855,0.1817
107,486,5,7,335.0,24.28,1.955,0.1818
107,486,5,8,406.0,43.3,2.224,0.192
107,486,5,9,411.0,69.07,2.422,0.1916
107,486,5,10,397.0,72.19,2.596,0.2033
107,486,5,11,404.0,87.28,2.333,0.1982
107,486,5,12,410.0,67.74,2.254,0.1894
107,486,5,13,414.0,59.13,2.172,0.1859
107,486,5,14,418.0,51.99,2.083,0.1826
107,486,5,15,421.0,39.96,2.075,0.1801
107,486,5,16,423.0,23.6,2.101,0.1858
107,486,5,17,414.0,10.46,2.103,0.1906
107,486,5,18,419.0,1.38,2.115,0.1892
107,486,5,19,398.0,0.0,2.375,0.1978
107,486,5,20,319.0,0.0,3.225,0.2095
107,486,5,21,318.0,0.0,2.376,0.2034
107,486,5,22,324.0,0.0,1.994,0.1951
107,486,5,23,327.0,0.0,1.96,0.1947
107,487,6,0,326.0,0.0,2.141,0.1963
107,487,6,1,323.0,0.0,2.108,0.1889
107,487,6,2,316.0,0.0,1.838,0.1886
107,487,6,3,321.0,0.0,1.767,0.1876
107,487,6,4,317.0,0.0,1.769,0.1898
107,487,6,5,315.0,1.36,1.775,0.1894
107,487,6,6,323.0,4.82,1.853,0.1835
107,487,6,7,320.0,8.2,1.827,0.1815
107,487,6,8,398.0,11.03,2.209,0.186
107,487,6,9,390.0,17.57,2.396,0.196
107,487,6,10,392.0,23.53,2.551,0.2069
107,487,6,11,392.0,26.57,2.521,0.2128
107,487,6,12,403.0,20.31,2.496,0.22
107,487,6,13,414.0,14.99,2.404,0.2213
107,487,6,14,420.0,14.26,2.366,0.2192
107,487,6,15,412.0,5.7,2.428,0.2195
107,487,6,16,409.0,14.48,2.609,0.2265
107,487,6,17,413.0,8.05,2.6,0.2294
107,487,6,18,406.0,1.36,2.647,0.2312
107,487,6,19,396.0,0.0,2.759,0.231
107,487,6,20,333.0,0.0,3.323,0.2323
107,487,6,21,330.0,0.0,2.801,0.2278
107,487,6,22,337.0,0.0,2.21,0.2266
107,487,6,23,330.0,0.0,2.11,0.2234
107,488,0,0,326.0,0.0,1.964,0.215
107,488,0,1,318.0,0.0,1.629,0.2112
107,488,0,2,311.0,0.0,1.415,0.2107
107,488,0,3,317.0,0.0,1.398,0.2094
107,488,0,4,319.0,0.0,1.532,0.2121
107,488,0,5,316.0,1.99,1.799,0.2241
107,488,0,6,317.0,5.98,2.611,0.2314
107,488,0,7,319.0,9.7,2.881,0.2391
107,488,0,8,391.0,12.37,3.173,0.2407
107,488,0,9,405.0,19.57,3.17,0.2425
107,488,0,10,411.0,21.29,3.402,0.2457
107,488,0,11,420.0,25.2,3.402,0.2467
107,488,0,12,422.0,29.71,3.297,0.2476
107,488,0,13,422.0,38.15,3.261,0.2452
107,488,0,14,423.0,36.35,3.118,0.2456
107,488,0,15,432.0,34.55,3.226,0.2438
107,488,0,16,422.0,22.18,3.288,0.2425
107,488,0,17,414.0,10.39,3.357,0.2426
107,488,0,18,424.0,1.69,3.117,0.2435
107,488,0,19,405.0,0.0,3.251,0.2444
107,488,0,20,327.0,0.0,3.392,0.2463
107,488,0,21,329.0,0.0,2.825,0.2424
107,488,0,22,332.0,0.0,2.236,0.2341
107,488,0,23,327.0,0.0,2.069,0.2345
107,489,1,0,334.0,0.0,1.965,0.2235
107,489,1,1,318.0,0.0,1.772,0.2184
107,489,1,2,313.0,0.0,1.666,0.2156
107,489,1,3,328.0,0.0,1.586,0.2158
107,489,1,4,318.0,0.0,1.677,0.2187
107,489,1,5,326.0,0.88,1.948,0.2288
107,489,1,6,340.0,2.29,2.576,0.2404
107,489,1,7,352.0,4.76,2.78,0.2471
107,489,1,8,423.0,8.39,3.008,0.2511
107,489,1,9,438.0,19.06,3.13,0.2495
107,489,1,10,470.0,24.79,3.317,0.2516
107,489,1,11,488.0,23.99,3.426,0.253
107,489,1,12,501.0,26.0,3.25,0.2495
107,489,1,13,504.0,36.51,3.143,0.2483
107,489,1,14,506.0,20.38,2.9,0.248
107,489,1,15,504.0,11.56,2.9,0.2482
107,489,1,16,506.0,15.08,2.926,0.2483
107,489,1,17,503.0,8.26,2.838,0.2473
107,489,1,18,498.0,1.45,2.764,0.2473
107,489,1,19,477.0,0.0,2.87,0.2477
107,489,1,20,386.0,0.0,3.456,0.2517
107,489,1,21,373.0,0.0,2.65,0.2423
107,489,1,22,365.0,0.0,2.26,0.2287
107,489,1,23,342.0,0.0,2.038,0.2289
107,490,2,0,336.0,0.0,2.087,0.2167
107,490,2,1,338.0,0.0,1.969,0.212
107,490,2,2,330.0,0.0,1.83,0.2101
107,490,2,3,327.0,0.0,1.769,0.2083
107,490,2,4,333.0,0.0,1.842,0.2078
107,490,2,5,345.0,2.2,2.153,0.2208
107,490,2,6,349.0,8.21,2.638,0.2377
107,490,2,7,374.0,14.93,2.72,0.2413
107,490,2,8,446.0,17.95,3.081,0.2471
107,490,2,9,447.0,19.28,3.068,0.2492
107,490,2,10,468.0,21.05,3.348,0.2494
107,490,2,11,480.0,24.02,3.389,0.2495
107,490,2,12,503.0,21.22,3.217,0.2497
107,490,2,13,515.0,19.79,3.178,0.248
107,490,2,14,525.0,17.29,3.109,0.2453
107,490,2,15,538.0,10.03,3.104,0.2437
107,490,2,16,529.0,6.76,3.158,0.2421
107,490,2,17,525.0,3.85,3.024,0.2453
107,490,2,18,503.0,0.71,2.858,0.2413
107,490,2,19,465.0,0.0,2.9,0.2422
107,490,2,20,365.0,0.0,3.345,0.2446
107,490,2,21,348.0,0.0,2.77,0.2377
107,490,2,22,340.0,0.0,2.396,0.2294
107,490,2,23,337.0,0.0,2.302,0.2254
107,491,3,0,336.0,0.0,2.094,0.2316
107,491,3,1,325.0,0.0,2.009,0.2129
107,491,3,2,318.0,0.0,1.859,0.2071
107,491,3,3,319.0,0.0,1.823,0.2021
107,491,3,4,322.0,0.0,1.772,0.205
107,491,3,5,319.0,2.46,2.1,0.2153
107,491,3,6,335.0,8.77,2.752,0.2349
107,491,3,7,368.0,17.51,2.64,0.2384
107,491,3,8,436.0,25.99,3.04,0.2432
107,491,3,9,442.0,27.77,2.91,0.2464
107,491,3,10,473.0,34.46,3.216,0.2454
107,491,3,11,501.0,40.61,3.21,0.2449
107,491,3,12,510.0,43.44,3.129,0.2435
107,491,3,13,522.0,36.82,3.215,0.2443
107,491,3,14,524.0,31.66,3.129,0.2392
107,491,3,15,534.0,19.64,3.248,0.2374
107,491,3,16,545.0,12.78,3.185,0.2369
107,491,3,17,533.0,6.69,3.05,0.2355
107,491,3,18,514.0,1.08,2.816,0.2385
107,491,3,19,478.0,0.0,2.826,0.2396
107,491,3,20,373.0,0.0,3.167,0.242
107,491,3,21,359.0,0.0,2.664,0.2361
107,491,3,22,357.0,0.0,2.399,0.2306
107,491,3,23,346.0,0.0,2.214,0.2233
107,492,4,0,336.0,0.0,2.182,0.2133
107,492,4,1,339.0,0.0,2.073,0.2035
107,492,4,2,333.0,0.0,1.866,0.1967
107,492,4,3,323.0,0.0,1.758,0.1924
107,492,4,4,319.0,0.0,1.749,0.1967
107,492,4,5,332.0,1.55,2.065,0.2119
107,492,4,6,340.0,4.73,2.562,0.2296
107,492,4,7,366.0,8.08,2.553,0.2293
107,492,4,8,439.0,10.84,2.79,0.2295
107,492,4,9,433.0,11.99,2.899,0.2269
107,492,4,10,449.0,12.55,3.112,0.2305
107,492,4,11,487.0,18.19,3.063,0.2271
107,492,4,12,510.0,18.43,3.216,0.2235
107,492,4,13,518.0,18.69,3.185,0.2195
107,492,4,14,533.0,21.25,2.987,0.2206
107,492,4,15,545.0,16.48,3.176,0.2212
107,492,4,16,540.0,10.01,3.185,0.2241
107,492,4,17,540.0,5.53,3.012,0.2264
107,492,4,18,522.0,1.1,2.756,0.2265
107,492,4,19,487.0,0.0,2.747,0.2232
107,492,4,20,371.0,0.0,3.057,0.228
107,492,4,21,353.0,0.0,2.758,0.2155
107,492,4,22,346.0,0.0,2.301,0.1971
107,492,4,23,337.0,0.0,2.157,0.1916
107,493,5,0,337.0,0.0,2.108,0.1762
107,493,5,1,330.0,0.0,1.896,0.1766
107,493,5,2,324.0,0.0,1.796,0.1855
107,493,5,3,327.0,0.0,1.71,0.1811
107,493,5,4,331.0,0.0,1.666,0.1782
107,493,5,5,323.0,2.24,1.768,0.1738
107,493,5,6,330.0,6.96,1.82,0.17
107,493,5,7,336.0,13.38,1.931,0.1751
107,493,5,8,419.0,19.85,2.125,0.1858
107,493,5,9,420.0,22.52,2.312,0.1981
107,493,5,10,429.0,35.11,2.435,0.1999
107,493,5,11,444.0,35.72,2.345,0.1984
107,493,5,12,459.0,39.91,2.299,0.198
107,493,5,13,464.0,33.91,2.298,0.1988
107,493,5,14,473.0,40.49,2.134,0.196
107,493,5,15,463.0,36.56,2.206,0.1948
107,493,5,16,510.0,25.95,2.326,0.1966
107,493,5,17,490.0,14.48,2.304,0.1989
107,493,5,18,487.0,3.09,2.292,0.1992
107,493,5,19,480.0,0.0,2.497,0.2024
107,493,5,20,356.0,0.0,2.726,0.2022
107,493,5,21,350.0,0.0,2.587,0.1931
107,493,5,22,356.0,0.0,2.073,0.1881
107,493,5,23,345.0,0.0,1.927,0.1896
107,494,6,0,351.0,0.0,1.91,0.1843
107,494,6,1,335.0,0.0,1.804,0.1809
107,494,6,2,331.0,0.0,1.555,0.1788
107,494,6,3,326.0,0.0,1.519,0.1789
107,494,6,4,331.0,0.0,1.458,0.181
107,494,6,5,330.0,2.75,1.475,0.1766
107,494,6,6,329.0,10.11,1.543,0.1733
107,494,6,7,344.0,18.85,1.605,0.1761
107,494,6,8,426.0,36.24,1.946,0.1804
107,494,6,9,444.0,63.79,2.077,0.185
107,494,6,10,452.0,68.09,2.171,0.1914
107,494,6,11,484.0,104.16,2.221,0.1961
107,494,6,12,500.0,102.0,2.221,0.1847
107,494,6,13,510.0,94.79,2.222,0.1773
107,494,6,14,522.0,94.98,2.183,0.1711
107,494,6,15,521.0,73.62,2.216,0.1732
107,494,6,16,514.0,50.84,2.294,0.1726
107,494,6,17,517.0,26.93,2.49,0.1785
107,494,6,18,511.0,5.66,2.515,0.1804
107,494,6,19,489.0,0.0,2.598,0.1927
107,494,6,20,362.0,0.0,2.847,0.1966
107,494,6,21,357.0,0.0,2.748,0.2003
107,494,6,22,347.0,0.0,2.248,0.1864
107,494,6,23,342.0,0.0,2.029,0.1693
107,495,0,0,336.0,0.0,1.787,0.1599
107,495,0,1,343.0,0.0,1.677,0.1614
107,495,0,2,335.0,0.0,1.595,0.1647
107,495,0,3,332.0,0.0,1.576,0.1632
107,495,0,4,330.0,0.0,1.647,0.1647
107,495,0,5,329.0,8.71,1.728,0.1748
107,495,0,6,349.0,29.95,2.292,0.1789
107,495,0,7,374.0,53.57,2.533,0.1892
107,495,0,8,448.0,76.42,2.799,0.1888
107,495,0,9,466.0,93.04,2.933,0.1916
107,495,0,10,509.0,96.22,3.223,0.2007
107,495,0,11,556.0,79.24,3.22,0.1908
107,495,0,12,569.0,70.16,3.223,0.1926
107,495,0,13,574.0,62.87,3.29,0.1898
107,495,0,14,588.0,56.19,3.044,0.1961
107,495,0,15,591.0,40.84,3.037,0.1981
107,495,0,16,589.0,25.82,3.054,0.202
107,495,0,17,576.0,13.44,3.079,0.2057
107,495,0,18,542.0,2.94,2.927,0.2093
107,495,0,19,481.0,0.0,2.912,0.2071
107,495,0,20,381.0,0.0,3.229,0.2072
107,495,0,21,365.0,0.0,2.692,0.206
107,495,0,22,362.0,0.0,2.209,0.1951
107,495,0,23,355.0,0.0,2.108,0.1829
107,496,1,0,348.0,0.0,1.888,0.1829
107,496,1,1,334.0,0.0,1.753,0.1808
107,496,1,2,331.0,0.0,1.509,0.1786
107,496,1,3,332.0,0.0,1.434,0.1787
107,496,1,4,333.0,0.0,1.447,0.1796
107,496,1,5,327.0,4.47,1.724,0.1856
107,496,1,6,341.0,13.73,2.233,0.204
107,496,1,7,374.0,23.81,2.528,0.2087
107,496,1,8,453.0,29.1,2.665,0.2122
107,496,1,9,458.0,39.44,2.83,0.2146
107,496,1,10,480.0,53.23,2.936,0.2114
107,496,1,11,509.0,53.93,2.894,0.2061
107,496,1,12,527.0,50.03,2.907,0.2042
107,496,1,13,535.0,43.24,2.945,0.2071
107,496,1,14,540.0,35.54,2.852,0.2115
107,496,1,15,538.0,32.64,2.945,0.2073
107,496,1,16,535.0,21.06,2.945,0.205
107,496,1,17,524.0,10.73,2.945,0.2072
107,496,1,18,512.0,2.46,2.702,0.2084
107,496,1,19,488.0,0.0,2.688,0.2116
107,496,1,20,391.0,0.0,3.229,0.2167
107,496,1,21,381.0,0.0,2.687,0.2091
107,496,1,22,368.0,0.0,2.245,0.1976
107,496,1,23,353.0,0.0,2.136,0.1867
107,497,2,0,346.0,0.0,1.62,0.1745
107,497,2,1,341.0,0.0,1.473,0.1705
107,497,2,2,337.0,0.0,1.248,0.1684
107,497,2,3,337.0,0.0,1.219,0.1664
107,497,2,4,349.0,0.0,1.344,0.1717
107,497,2,5,343.0,5.76,1.597,0.1786
107,497,2,6,352.0,18.83,2.089,0.1854
107,497,2,7,377.0,35.62,2.214,0.1974
107,497,2,8,451.0,49.08,2.328,0.2044
107,497,2,9,449.0,62.4,2.565,0.2074
107,497,2,10,478.0,70.88,2.727,0.2038
107,497,2,11,498.0,81.09,2.681,0.2044
107,497,2,12,511.0,90.06,2.9,0.2045
107,497,2,13,512.0,93.39,2.903,0.2093
107,497,2,14,519.0,72.17,2.701,0.21
107,497,2,15,536.0,49.16,2.952,0.2124
107,497,2,16,494.0,32.08,2.953,0.2112
107,497,2,17,524.0,16.3,2.846,0.2172
107,497,2,18,514.0,3.77,2.561,0.2174
107,497,2,19,474.0,0.0,2.532,0.2127
107,497,2,20,371.0,0.0,3.272,0.2102
107,497,2,21,356.0,0.0,2.557,0.2098
107,497,2,22,358.0,0.0,2.207,0.192
107,497,2,23,349.0,0.0,2.136,0.1728
107,498,3,0,379.04,0.0,1.816,0.1546
107,498,3,1,330.0,0.0,1.659,0.1495
107,498,3,2,330.0,0.0,1.288,0.1497
107,498,3,3,330.0,0.0,1.274,0.1521
107,498,3,4,335.0,0.0,1.392,0.1514
107,498,3,5,333.0,8.83,1.74,0.1591
107,498,3,6,341.0,28.96,2.13,0.1813
107,498,3,7,368.0,52.25,2.27,0.1941
107,498,3,8,444.0,74.45,2.398,0.2049
107,498,3,9,455.0,92.46,2.524,0.2023
107,498,3,10,468.0,103.81,2.893,0.2097
107,498,3,11,492.0,109.92,2.837,0.2072
107,498,3,12,536.0,110.8,2.861,0.2064
107,498,3,13,551.0,99.07,2.684,0.2089
107,498,3,14,560.0,88.91,2.605,0.2114
107,498,3,15,416.07,70.43,2.776,0.2174
107,498,3,16,416.07,46.49,2.877,0.2126
107,498,3,17,416.07,24.66,2.807,0.2172
107,498,3,18,416.07,5.3,2.574,0.2146
107,498,3,19,416.07,0.0,2.485,0.2137
107,498,3,20,416.07,0.0,2.901,0.2045
107,498,3,21,416.07,0.0,2.425,0.2017
107,498,3,22,416.07,0.0,2.155,0.186
107,498,3,23,416.07,0.0,2.043,0.1728
107,499,4,0,416.07,0.0,1.865,0.1699
107,499,4,1,416.07,0.0,1.613,0.1962
107,499,4,2,416.07,0.0,1.3,0.1899
107,499,4,3,416.07,0.0,1.204,0.177
107,499,4,4,416.07,0.0,1.277,0.1713
107,499,4,5,416.07,3.58,1.743,0.1826
107,499,4,6,416.07,11.8,2.097,0.1919
107,499,4,7,416.07,24.3,2.207,0.213
107,499,4,8,416.07,19.3,2.343,0.2105
107,499,4,9,416.07,23.07,2.729,0.2129
107,499,4,10,416.07,26.2,2.812,0.2184
107,499,4,11,416.07,25.18,2.806,0.2198
107,499,4,12,416.07,29.02,2.798,0.2216
107,499,4,13,416.07,21.75,2.824,0.2251
107,499,4,14,416.07,17.83,2.708,0.2314
107,499,4,15,416.07,15.06,2.804,0.2339
107,499,4,16,416.07,20.63,2.831,0.2319
107,499,4,17,416.07,12.78,2.6,0.2299
107,499,4,18,416.07,3.68,2.419,0.2293
107,499,4,19,416.07,0.0,2.343,0.2313
107,499,4,20,416.07,0.0,2.773,0.2178
107,499,4,21,416.07,0.0,2.399,0.2004
107,499,4,22,416.07,0.0,2.199,0.1777
107,499,4,23,416.07,0.0,2.116,0.1723
107,500,5,0,416.07,0.0,2.163,0.1562
107,500,5,1,416.07,0.0,2.018,0.1488
107,500,5,2,416.07,0.0,1.737,0.1459
107,500,5,3,416.07,0.0,1.651,0.1433
107,500,5,4,416.07,0.0,1.666,0.1504
107,500,5,5,416.07,11.13,1.716,0.1523
107,500,5,6,416.07,33.0,1.738,0.1603
107,500,5,7,416.07,56.66,1.838,0.1666
107,500,5,8,416.07,76.58,2.242,0.1741
107,500,5,9,416.07,82.05,2.466,0.178
107,500,5,10,416.07,94.24,2.539,0.1771
107,500,5,11,416.07,88.79,2.58,0.1808
107,500,5,12,416.07,71.34,2.564,0.1787
107,500,5,13,416.07,51.86,2.537,0.1814
107,500,5,14,416.07,55.88,2.42,0.1871
107,500,5,15,416.07,33.8,2.476,0.1842
107,500,5,16,416.07,22.1,2.507,0.1811
107,500,5,17,416.07,12.64,2.5,0.1827
107,500,5,18,416.07,2.94,2.391,0.1837
107,500,5,19,416.07,0.0,2.5,0.1849
107,500,5,20,416.07,0.0,2.797,0.1855
107,500,5,21,416.07,0.0,2.486,0.1805
107,500,5,22,416.07,0.0,2.264,0.1681
107,500,5,23,416.07,0.0,2.119,0.1547
107,501,6,0,416.07,0.0,2.158,0.1591
107,501,6,1,416.07,0.0,2.056,0.152
107,501,6,2,416.07,0.0,1.815,0.1414
107,501,6,3,416.07,0.0,1.561,0.1436
107,501,6,4,416.07,0.0,1.493,0.1362
107,501,6,5,416.07,10.0,1.535,0.1374
107,501,6,6,416.07,28.84,1.536,0.145
107,501,6,7,416.07,51.45,1.592,0.1498
107,501,6,8,416.07,46.41,1.823,0.1468
107,501,6,9,416.07,59.79,2.091,0.1548
107,501,6,10,416.07,77.45,2.159,0.1519
107,501,6,11,416.07,62.13,2.194,0.1508
107,501,6,12,416.07,64.43,2.134,0.1516
107,501,6,13,416.07,58.94,2.144,0.1529
107,501,6,14,416.07,71.02,2.12,0.153
107,501,6,15,416.07,55.72,2.153,0.1527
107,501,6,16,416.07,38.03,2.195,0.1566
107,501,6,17,416.07,22.21,2.24,0.1618
107,501,6,18,416.07,5.87,2.332,0.1676
107,501,6,19,416.07,0.0,2.525,0.1682
107,501,6,20,416.07,0.0,2.783,0.1755
107,501,6,21,416.07,0.0,2.57,0.1698
107,501,6,22,416.07,0.0,2.191,0.1608
107,501,6,23,416.07,0.0,2.102,0.1487
107,502,0,0,416.07,0.0,1.835,0.1451
107,502,0,1,416.07,0.0,1.603,0.1426
107,502,0,2,416.07,0.0,1.524,0.1464
107,502,0,3,416.07,0.0,1.515,0.145
107,502,0,4,416.07,0.0,1.545,0.1447
107,502,0,5,416.07,12.65,1.858,0.1489
107,502,0,6,416.07,35.12,2.146,0.1557
107,502,0,7,416.07,59.74,2.227,0.1675
107,502,0,8,416.07,76.44,2.475,0.1853
107,502,0,9,416.07,96.51,2.701,0.1835
107,502,0,10,416.07,104.78,2.816,0.1769
107,502,0,11,416.07,119.65,2.816,0.1789
107,502,0,12,416.07,116.58,2.806,0.1823
107,502,0,13,416.07,111.64,2.808,0.1801
107,502,0,14,416.07,97.2,2.751,0.1792
107,502,0,15,416.07,77.63,2.815,0.1786
107,502,0,16,416.07,54.43,2.816,0.1834
107,502,0,17,416.07,29.83,2.827,0.1902
107,502,0,18,416.07,7.78,2.603,0.1934
107,502,0,19,416.07,0.0,2.643,0.1947
107,502,0,20,416.07,0.0,2.902,0.1992
107,502,0,21,416.07,0.0,2.33,0.1978
107,502,0,22,416.07,0.0,2.054,0.1816
107,502,0,23,416.07,0.0,2.03,0.1694
107,503,1,0,416.07,0.0,1.866,0.1653
107,503,1,1,416.07,0.0,1.818,0.1615
107,503,1,2,416.07,0.0,1.62,0.1567
107,503,1,3,416.07,0.0,1.631,0.158
107,503,1,4,416.07,0.0,1.656,0.1645
107,503,1,5,416.07,4.81,1.85,0.1695
107,503,1,6,416.07,14.93,2.197,0.1886
107,503,1,7,416.07,24.3,2.312,0.1914
107,503,1,8,416.07,40.59,2.388,0.1974
107,503,1,9,416.07,39.56,2.446,0.1996
107,503,1,10,416.07,53.29,2.596,0.1982
107,503,1,11,416.07,44.4,2.591,0.1993
107,503,1,12,416.07,30.91,2.553,0.1984
107,503,1,13,416.07,32.85,2.53,0.1975
107,503,1,14,416.07,24.97,2.375,0.2007
107,503,1,15,416.07,14.01,2.517,0.204
107,503,1,16,416.07,10.62,2.569,0.2019
107,503,1,17,416.07,3.97,2.494,0.2
107,503,1,18,416.07,2.07,2.378,0.2007
107,503,1,19,416.07,0.0,2.389,0.2036
107,503,1,20,416.07,0.0,2.86,0.2063
107,503,1,21,416.07,0.0,2.38,0.1949
107,503,1,22,416.07,0.0,2.011,0.183
107,503,1,23,416.07,0.0,1.936,0.1752
107,504,2,0,416.07,0.0,2.17,0.165
107,504,2,1,416.07,0.0,2.056,0.1594
107,504,2,2,416.07,0.0,1.827,0.1559
107,504,2,3,416.07,0.0,1.511,0.1545
107,504,2,4,416.07,0.0,1.523,0.1593
107,504,2,5,416.07,5.16,1.827,0.1722
107,504,2,6,416.07,13.83,2.282,0.1883
107,504,2,7,416.07,25.28,2.343,0.1978
107,504,2,8,416.07,36.95,2.569,0.2046
107,504,2,9,416.07,57.67,2.662,0.2061
107,504,2,10,416.07,85.57,2.761,0.2078
107,504,2,11,416.07,109.22,2.828,0.2082
107,504,2,12,416.07,100.25,2.801,0.2033
107,504,2,13,416.07,83.33,2.802,0.2051
107,504,2,14,416.07,74.98,2.662,0.2071
107,504,2,15,416.07,36.61,2.635,0.2072
107,504,2,16,416.07,24.12,2.697,0.2087
107,504,2,17,416.07,11.7,2.642,0.207
107,504,2,18,416.07,3.11,2.601,0.2051
107,504,2,19,416.07,0.0,2.6,0.2053
107,504,2,20,416.07,0.0,2.974,0.2087
107,504,2,21,416.07,0.0,2.465,0.2018
107,504,2,22,416.07,0.0,2.156,0.1933
107,504,2,23,416.07,0.0,2.157,0.1897
107,505,3,0,416.07,0.0,1.479,0.1741
107,505,3,1,416.07,0.0,1.336,0.1701
107,505,3,2,416.07,0.0,1.069,0.1692
107,505,3,3,416.07,0.0,1.009,0.1698
107,505,3,4,416.07,0.0,1.0,0.1704
107,505,3,5,416.07,7.03,1.335,0.1739
107,505,3,6,416.07,20.65,2.038,0.1855
107,505,3,7,416.07,40.0,2.159,0.1912
107,505,3,8,416.07,67.27,2.166,0.1968
107,505,3,9,416.07,86.81,2.267,0.2005
107,505,3,10,416.07,87.46,2.5,0.2002
107,505,3,11,416.07,62.71,2.468,0.2007
107,505,3,12,416.07,70.47,2.383,0.1977
107,505,3,13,416.07,64.9,2.543,0.1981
107,505,3,14,416.07,68.91,2.455,0.1987
107,505,3,15,416.07,52.85,2.465,0.1972
107,505,3,16,416.07,37.24,2.521,0.1982
107,505,3,17,416.07,22.4,2.468,0.2059
107,505,3,18,416.07,6.64,2.396,0.2005
107,505,3,19,416.07,0.0,2.264,0.1979
107,505,3,20,416.07,0.0,2.688,0.2001
107,505,3,21,416.07,0.0,2.168,0.1971
107,505,3,22,416.07,0.0,1.818,0.1853
107,505,3,23,416.07,0.0,1.609,0.176
107,506,4,0,416.07,0.0,1.799,0.1587
107,506,4,1,416.07,0.0,1.5,0.1465
107,506,4,2,416.07,0.0,1.249,0.145
107,506,4,3,416.07,0.0,1.078,0.1484
107,506,4,4,416.07,0.0,1.192,0.1506
107,506,4,5,416.07,12.42,1.504,0.1572
107,506,4,6,416.07,33.86,2.015,0.1731
107,506,4,7,416.07,57.89,2.104,0.1867
107,506,4,8,416.07,80.01,2.07,0.2109
107,506,4,9,416.07,98.1,2.295,0.1983
107,506,4,10,416.07,110.62,2.343,0.2
107,506,4,11,416.07,115.94,2.427,0.1997
107,506,4,12,416.07,114.31,2.489,0.1965
107,506,4,13,416.07,105.55,2.503,0.1975
107,506,4,14,416.07,90.28,2.536,0.1996
107,506,4,15,416.07,69.63,2.638,0.2023
107,506,4,16,416.07,45.91,2.607,0.2037
107,506,4,17,416.07,23.96,2.497,0.2012
107,506,4,18,416.07,6.39,2.194,0.2002
107,506,4,19,416.07,0.0,2.197,0.1981
107,506,4,20,416.07,0.0,2.452,0.2
107,506,4,21,416.07,0.0,2.164,0.1935
107,506,4,22,416.07,0.0,1.885,0.1804
107,506,4,23,416.07,0.0,1.859,0.172
107,507,5,0,416.07,0.0,1.985,0.1625
107,507,5,1,416.07,0.0,1.779,0.1545
107,507,5,2,416.07,0.0,1.377,0.1478
107,507,5,3,416.07,0.0,1.189,0.1501
107,507,5,4,416.07,0.0,1.096,0.1489
107,507,5,5,416.07,2.6,1.067,0.148
107,507,5,6,416.07,11.53,0.967,0.1626
107,507,5,7,416.07,10.85,1.547,0.1635
107,507,5,8,416.07,17.05,1.931,0.1692
107,507,5,9,416.07,29.87,2.238,0.1787
107,507,5,10,416.07,31.64,2.348,0.1811
107,507,5,11,416.07,29.7,2.434,0.1831
107,507,5,12,416.07,36.92,2.494,0.183
107,507,5,13,416.07,36.11,2.507,0.181
107,507,5,14,416.07,28.03,2.37,0.1849
107,507,5,15,416.07,26.06,2.347,0.1872
107,507,5,16,416.07,18.01,2.1,0.1834
107,507,5,17,416.07,8.84,2.146,0.183
107,507,5,18,416.07,2.32,2.086,0.1872
107,507,5,19,416.07,0.0,2.1,0.1866
107,507,5,20,416.07,0.0,2.457,0.1891
107,507,5,21,416.07,0.0,2.17,0.1854
107,507,5,22,416.07,0.0,1.889,0.1732
107,507,5,23,416.07,0.0,1.812,0.1679
107,508,6,0,416.07,0.0,1.384,0.1627
107,508,6,1,416.07,0.0,1.182,0.1592
107,508,6,2,416.07,0.0,1.142,0.1492
107,508,6,3,416.07,0.0,1.018,0.1449
107,508,6,4,416.07,0.0,0.858,0.1454
107,508,6,5,416.07,4.15,0.796,0.1486
107,508,6,6,416.07,11.65,0.713,0.1548
107,508,6,7,416.07,19.99,0.923,0.1585
107,508,6,8,416.07,30.09,1.235,0.1553
107,508,6,9,416.07,37.26,1.466,0.161
107,508,6,10,416.07,52.3,1.516,0.1704
107,508,6,11,416.07,54.87,1.658,0.1723
107,508,6,12,416.07,54.28,1.651,0.1679
107,508,6,13,416.07,46.23,1.673,0.1678
107,508,6,14,416.07,37.39,1.528,0.168
107,508,6,15,416.07,37.15,1.556,0.1654
107,508,6,16,416.07,26.15,1.709,0.1677
107,508,6,17,416.07,14.32,1.768,0.1705
107,508,6,18,416.07,4.67,1.767,0.173
107,508,6,19,416.07,0.0,1.894,0.1822
107,508,6,20,416.07,0.0,2.148,0.1899
107,508,6,21,416.07,0.0,1.989,0.1885
107,508,6,22,416.07,0.0,1.538,0.1771
107,508,6,23,416.07,0.0,1.386,0.1749
107,509,0,0,416.07,0.0,1.182,0.1651
107,509,0,1,416.07,0.0,1.064,0.1642
107,509,0,2,416.07,0.0,0.963,0.1577
107,509,0,3,416.07,0.0,0.868,0.1573
107,509,0,4,416.07,0.34,0.864,0.1549
107,509,0,5,416.07,8.9,1.216,0.1627
107,509,0,6,416.07,25.73,1.512,0.176
107,509,0,7,416.07,47.85,1.9,0.183
107,509,0,8,416.07,75.25,1.972,0.191
107,509,0,9,416.07,93.09,2.102,0.1944
107,509,0,10,416.07,100.07,2.231,0.1938
107,509,0,11,416.07,105.67,2.31,0.196
107,509,0,12,416.07,87.84,2.3,0.2016
107,509,0,13,416.07,75.11,2.338,0.1999
107,509,0,14,416.07,61.5,2.329,0.2009
107,509,0,15,416.07,46.61,2.48,0.2005
107,509,0,16,416.07,30.26,2.355,0.2078
107,509,0,17,416.07,16.29,2.298,0.2111
107,509,0,18,416.07,4.52,2.128,0.2043
107,509,0,19,416.07,0.0,2.187,0.1995
107,509,0,20,416.07,0.0,2.425,0.2015
107,509,0,21,416.07,0.0,2.024,0.2012
107,509,0,22,416.07,0.0,1.68,0.1796
107,509,0,23,416.07,0.0,1.605,0.1726
107,510,1,0,416.07,0.0,1.178,0.1681
107,510,1,1,416.07,0.0,1.055,0.1591
107,510,1,2,416.07,0.0,0.926,0.1582
107,510,1,3,416.07,0.0,0.911,0.1629
107,510,1,4,416.07,0.22,0.917,0.1665
107,510,1,5,416.07,4.41,1.185,0.1642
107,510,1,6,416.07,11.77,1.602,0.1786
107,510,1,7,416.07,21.01,1.954,0.1867
107,510,1,8,416.07,31.08,2.102,0.1966
107,510,1,9,416.07,41.65,2.252,0.1975
107,510,1,10,416.07,50.56,2.332,0.2044
107,510,1,11,416.07,68.35,2.356,0.2079
107,510,1,12,416.07,89.6,2.417,0.2031
107,510,1,13,416.07,85.81,2.45,0.1988
107,510,1,14,416.07,70.84,2.447,0.2017
107,510,1,15,416.07,34.46,2.455,0.2016
107,510,1,16,416.07,25.67,2.569,0.1999
107,510,1,17,416.07,15.46,2.523,0.2024
107,510,1,18,416.07,5.02,2.356,0.2022
107,510,1,19,416.07,0.0,2.367,0.2021
107,510,1,20,416.07,0.0,2.402,0.2015
107,510,1,21,416.07,0.0,2.024,0.1969
107,510,1,22,416.07,0.0,1.679,0.1821
107,510,1,23,416.07,0.0,1.381,0.1711
107,511,2,0,416.07,0.0,2.011,0.1617
107,511,2,1,416.07,0.0,1.761,0.1645
107,511,2,2,416.07,0.0,1.535,0.1685
107,511,2,3,416.07,0.0,1.419,0.166
107,511,2,4,416.07,0.45,1.426,0.1701
107,511,2,5,416.07,10.56,1.639,0.1726
107,511,2,6,416.07,30.84,2.111,0.1821
107,511,2,7,416.07,54.5,2.301,0.1933
107,511,2,8,416.07,76.1,2.361,0.2062
107,511,2,9,416.07,94.24,2.631,0.212
107,511,2,10,416.07,106.71,2.802,0.2116
107,511,2,11,416.07,112.05,2.841,0.2131
107,511,2,12,416.07,112.26,2.971,0.2182
107,511,2,13,416.07,103.41,3.061,0.2207
107,511,2,14,416.07,88.21,3.16,0.2197
107,511,2,15,416.07,69.74,3.357,0.2242
107,511,2,16,416.07,47.87,3.463,0.2275
107,511,2,17,416.07,26.91,3.226,0.232
107,511,2,18,416.07,8.38,2.955,0.2334
107,511,2,19,416.07,0.0,2.826,0.2306
107,511,2,20,416.07,0.0,2.989,0.2296
107,511,2,21,416.07,0.0,2.609,0.2427
107,511,2,22,416.07,0.0,2.231,0.2078
107,511,2,23,416.07,0.0,2.144,0.1929
107,512,3,0,416.07,0.0,2.053,0.1926
107,512,3,1,416.07,0.0,1.811,0.1854
107,512,3,2,416.07,0.0,1.483,0.1812
107,512,3,3,416.07,0.0,1.283,0.1797
107,512,3,4,416.07,0.44,1.189,0.1789
107,512,3,5,416.07,9.89,1.519,0.1801
107,512,3,6,416.07,28.66,2.096,0.1958
107,512,3,7,416.07,51.36,2.313,0.2149
107,512,3,8,416.07,70.97,2.525,0.2296
107,512,3,9,416.07,92.03,2.68,0.2349
107,512,3,10,416.07,104.64,3.015,0.2407
107,512,3,11,416.07,108.93,3.252,0.243
107,512,3,12,416.07,106.42,3.572,0.2498
107,512,3,13,416.07,98.31,3.813,0.2523
107,512,3,14,416.07,84.7,4.055,0.2558
107,512,3,15,416.07,62.6,4.592,0.2538
107,512,3,16,416.07,42.66,4.731,0.2524
107,512,3,17,416.07,22.53,3.955,0.2503
107,512,3,18,416.07,7.04,3.5,0.2517
107,512,3,19,416.07,0.0,3.007,0.2492
107,512,3,20,416.07,0.0,3.183,0.2484
107,512,3,21,416.07,0.0,2.798,0.2467
107,512,3,22,416.07,0.0,2.393,0.2272
107,512,3,23,416.07,0.0,2.25,0.2109
107,513,4,0,416.07,0.0,1.977,0.197
107,513,4,1,416.07,0.0,1.64,0.1916
107,513,4,2,416.07,0.0,1.301,0.1886
107,513,4,3,416.07,0.0,1.222,0.1892
107,513,4,4,416.07,0.41,1.182,0.1871
107,513,4,5,416.07,9.19,1.508,0.1891
107,513,4,6,416.07,27.02,2.111,0.1993
107,513,4,7,416.07,47.62,2.359,0.2159
107,513,4,8,416.07,70.45,2.543,0.229
107,513,4,9,416.07,89.13,2.833,0.2406
107,513,4,10,416.07,98.97,3.023,0.247
107,513,4,11,416.07,99.57,3.334,0.2501
107,513,4,12,416.07,82.48,3.634,0.2533
107,513,4,13,416.07,67.47,3.895,0.2505
107,513,4,14,416.07,70.27,4.28,0.2542
107,513,4,15,416.07,56.45,4.812,0.2551
107,513,4,16,416.07,39.48,5.015,0.253
107,513,4,17,416.07,21.66,4.214,0.2504
107,513,4,18,416.07,7.0,3.614,0.2549
107,513,4,19,416.07,0.0,3.177,0.2542
107,513,4,20,416.07,0.0,3.176,0.2539
107,513,4,21,416.07,0.0,2.915,0.2515
107,513,4,22,416.07,0.0,2.395,0.2409
107,513,4,23,416.07,0.0,2.296,0.2342
107,514,5,0,416.07,0.0,2.156,0.2227
107,514,5,1,416.07,0.0,1.902,0.2127
107,514,5,2,416.07,0.0,1.597,0.2021
107,514,5,3,416.07,0.0,1.411,0.1988
107,514,5,4,416.07,0.43,1.359,0.1987
107,514,5,5,416.07,9.45,1.348,0.1969
107,514,5,6,416.07,28.1,1.482,0.1859
107,514,5,7,416.07,50.05,1.912,0.1903
107,514,5,8,416.07,73.75,2.289,0.2083
107,514,5,9,416.07,91.31,2.584,0.2313
107,514,5,10,416.07,103.59,2.784,0.2449
107,514,5,11,416.07,110.76,3.02,0.2505
107,514,5,12,416.07,109.31,3.256,0.2529
107,514,5,13,416.07,97.82,3.481,0.2535
107,514,5,14,416.07,85.36,3.583,0.2553
107,514,5,15,416.07,66.5,3.712,0.2516
107,514,5,16,416.07,45.05,3.919,0.2571
107,514,5,17,416.07,24.96,3.661,0.2573
107,514,5,18,416.07,8.03,3.254,0.2583
107,514,5,19,416.07,0.0,3.013,0.2564
107,514,5,20,416.07,0.0,3.063,0.2507
107,514,5,21,416.07,0.0,2.888,0.2509
107,514,5,22,416.07,0.0,2.47,0.2429
107,514,5,23,416.07,0.0,2.31,0.239
107,515,6,0,416.07,0.0,2.306,0.2305
107,515,6,1,416.07,0.0,2.144,0.2173
107,515,6,2,416.07,0.0,1.886,0.2079
107,515,6,3,416.07,0.0,1.626,0.2027
107,515,6,4,416.07,0.52,1.52,0.2021
107,515,6,5,416.07,10.21,1.417,0.2023
107,515,6,6,416.07,28.01,1.331,0.1884
107,515,6,7,416.07,49.69,1.625,0.1973
107,515,6,8,416.07,71.17,2.112,0.2011
107,515,6,9,416.07,87.52,2.452,0.2131
107,515,6,10,416.07,103.86,2.705,0.2261
107,515,6,11,416.07,110.1,2.948,0.2435
107,515,6,12,416.07,106.6,3.025,0.2476
107,515,6,13,416.07,97.74,3.187,0.2482
107,515,6,14,416.07,87.27,3.375,0.2465
107,515,6,15,416.07,64.45,3.546,0.2433
107,515,6,16,416.07,41.44,3.51,0.2407
107,515,6,17,416.07,22.4,3.41,0.2382
107,515,6,18,416.07,7.68,3.11,0.2352
107,515,6,19,416.07,0.0,3.015,0.2338
107,515,6,20,416.07,0.0,3.103,0.2327
107,515,6,21,416.07,0.0,2.873,0.2276
107,515,6,22,416.07,0.0,2.344,0.2167
107,515,6,23,416.07,0.0,2.097,0.2201
107,516,0,0,416.07,0.0,2.096,0.2095
107,516,0,1,416.07,0.0,2.002,0.1981
107,516,0,2,416.07,0.0,1.845,0.1952
107,516,0,3,416.07,0.0,1.502,0.1933
107,516,0,4,416.07,0.26,1.412,0.1901
107,516,0,5,416.07,5.06,1.436,0.1954
107,516,0,6,416.07,12.78,1.349,0.1967
107,516,0,7,416.07,24.16,1.316,0.1861
107,516,0,8,416.07,39.11,1.777,0.1922
107,516,0,9,416.07,63.31,2.142,0.205
107,516,0,10,416.07,77.9,2.219,0.2181
107,516,0,11,416.07,87.43,2.396,0.2249
107,516,0,12,416.07,64.43,2.517,0.2285
107,516,0,13,416.07,58.37,2.655,0.2285
107,516,0,14,416.07,23.91,2.656,0.2291
107,516,0,15,416.07,38.38,2.706,0.2273
107,516,0,16,416.07,17.69,2.739,0.2303
107,516,0,17,416.07,10.02,2.778,0.2328
107,516,0,18,416.07,4.25,2.527,0.2364
107,516,0,19,416.07,0.0,2.52,0.2365
107,516,0,20,416.07,0.0,2.705,0.2392
107,516,0,21,416.07,0.0,2.446,0.2351
107,516,0,22,416.07,0.0,2.03,0.2185
107,516,0,23,416.07,0.0,1.893,0.21
107,517,1,0,416.07,0.0,1.973,0.2116
107,517,1,1,416.07,0.0,1.64,0.2022
107,517,1,2,416.07,0.0,1.481,0.1964
107,517,1,3,416.07,0.0,1.459,0.1937
107,517,1,4,416.07,0.51,1.402,0.1938
107,517,1,5,416.07,10.09,1.658,0.1967
107,517,1,6,416.07,27.22,2.063,0.2043
107,517,1,7,416.07,47.67,2.318,0.213
107,517,1,8,416.07,60.59,2.502,0.2292
107,517,1,9,416.07,74.8,2.824,0.2426
107,517,1,10,416.07,90.31,3.126,0.2486
107,517,1,11,416.07,109.19,3.527,0.2474
107,517,1,12,416.07,106.55,3.789,0.2456
107,517,1,13,416.07,100.22,4.018,0.2492
107,517,1,14,416.07,88.8,4.449,0.2517
107,517,1,15,416.07,69.88,4.757,0.25
107,517,1,16,416.07,50.72,4.813,0.2528
107,517,1,17,416.07,28.93,4.298,0.2533
107,517,1,18,416.07,9.46,3.684,0.2537
107,517,1,19,416.07,0.25,3.256,0.2576
107,517,1,20,416.07,0.0,3.337,0.2543
107,517,1,21,416.07,0.0,2.903,0.2488
107,517,1,22,416.07,0.0,2.405,0.2384
107,517,1,23,416.07,0.0,2.189,0.2295
107,518,2,0,416.07,0.0,2.078,0.2151
107,518,2,1,416.07,0.0,1.781,0.2006
107,518,2,2,416.07,0.0,1.551,0.1991
107,518,2,3,416.07,0.0,1.363,0.1994
107,518,2,4,416.07,0.63,1.29,0.2028
107,518,2,5,416.07,12.06,1.511,0.204
107,518,2,6,416.07,32.69,1.985,0.2135
107,518,2,7,416.07,55.54,2.199,0.2239
107,518,2,8,416.07,74.85,2.416,0.2399
107,518,2,9,416.07,91.39,2.711,0.2459
107,518,2,10,416.07,102.18,2.856,0.2483
107,518,2,11,416.07,105.59,2.999,0.2513
107,518,2,12,416.07,96.43,3.232,0.2487
107,518,2,13,416.07,87.69,3.53,0.2522
107,518,2,14,416.07,76.94,3.804,0.2578
107,518,2,15,416.07,60.96,4.033,0.2588
107,518,2,16,416.07,41.39,3.799,0.2549
107,518,2,17,416.07,23.13,3.473,0.2541
107,518,2,18,416.07,8.32,2.973,0.2565
107,518,2,19,416.07,0.0,2.759,0.2537
107,518,2,20,416.07,0.0,2.768,0.2505
107,518,2,21,416.07,0.0,2.525,0.2475
107,518,2,22,416.07,0.0,2.146,0.2343
107,518,2,23,416.07,0.0,1.956,0.2197
107,519,3,0,416.07,0.0,1.713,0.1972
107,519,3,1,416.07,0.0,1.454,0.1818
107,519,3,2,416.07,0.0,1.284,0.1789
107,519,3,3,416.07,0.0,1.209,0.1733
107,519,3,4,416.07,0.48,1.151,0.1717
107,519,3,5,416.07,7.88,1.229,0.1751
107,519,3,6,416.07,21.05,1.646,0.1869
107,519,3,7,416.07,38.66,1.834,0.1997
107,519,3,8,416.07,64.48,2.097,0.2053
107,519,3,9,416.07,86.91,2.263,0.2196
107,519,3,10,416.07,93.85,2.402,0.2254
107,519,3,11,416.07,102.67,2.556,0.2326
107,519,3,12,416.07,107.48,2.612,0.2337
107,519,3,13,416.07,95.11,2.795,0.2344
107,519,3,14,416.07,84.57,2.846,0.2365
107,519,3,15,416.07,64.78,2.954,0.2412
107,519,3,16,416.07,43.95,2.961,0.2466
107,519,3,17,416.07,23.09,2.844,0.2487
107,519,3,18,416.07,7.77,2.578,0.2463
107,519,3,19,416.07,0.0,2.452,0.2389
107,519,3,20,416.07,0.0,2.535,0.2336
107,519,3,21,416.07,0.0,2.295,0.2314
107,519,3,22,416.07,0.0,1.925,0.2215
107,519,3,23,416.07,0.0,1.732,0.2108
107,520,4,0,416.07,0.0,1.974,0.1827
107,520,4,1,416.07,0.0,1.72,0.1754
107,520,4,2,416.07,0.0,1.512,0.175
107,520,4,3,416.07,0.0,1.431,0.1826
107,520,4,4,416.07,0.22,1.359,0.1872
107,520,4,5,416.07,2.61,1.587,0.1954
107,520,4,6,416.07,5.59,1.941,0.2124
107,520,4,7,416.07,9.89,2.16,0.2204
107,520,4,8,416.07,16.1,2.275,0.2344
107,520,4,9,416.07,17.55,2.478,0.2439
107,520,4,10,416.07,25.49,2.633,0.2441
107,520,4,11,416.07,39.65,2.811,0.2437
107,520,4,12,416.07,37.43,2.868,0.2465
107,520,4,13,416.07,38.61,3.003,0.2509
107,520,4,14,416.07,32.79,2.981,0.2433
107,520,4,15,416.07,27.25,2.985,0.2409
107,520,4,16,416.07,17.71,3.096,0.2446
107,520,4,17,416.07,10.84,2.981,0.2443
107,520,4,18,416.07,4.51,2.747,0.2422
107,520,4,19,416.07,0.0,2.705,0.2406
107,520,4,20,416.07,0.0,2.644,0.2384
107,520,4,21,416.07,0.0,2.35,0.228
107,520,4,22,416.07,0.0,2.163,0.2213
107,520,4,23,416.07,0.0,1.962,0.2171
107,521,5,0,416.07,0.0,2.118,0.2051
107,521,5,1,416.07,0.0,1.896,0.1939
107,521,5,2,416.07,0.0,1.745,0.1916
107,521,5,3,416.07,0.0,1.576,0.1882
107,521,5,4,416.07,0.43,1.475,0.1873
107,521,5,5,416.07,7.63,1.509,0.1864
107,521,5,6,416.07,20.62,1.227,0.1902
107,521,5,7,416.07,36.84,1.674,0.1989
107,521,5,8,416.07,55.09,1.967,0.2033
107,521,5,9,416.07,69.16,2.352,0.2142
107,521,5,10,416.07,80.51,2.456,0.2208
107,521,5,11,416.07,82.19,2.794,0.2231
107,521,5,12,416.07,87.59,2.858,0.2286
107,521,5,13,416.07,79.09,3.203,0.2378
107,521,5,14,416.07,65.74,3.463,0.2423
107,521,5,15,416.07,48.91,3.92,0.2451
107,521,5,16,416.07,31.95,3.023,0.2496
107,521,5,17,416.07,17.51,2.965,0.2481
107,521,5,18,416.07,5.65,2.831,0.2426
107,521,5,19,416.07,0.0,2.812,0.2386
107,521,5,20,416.07,0.0,2.862,0.233
107,521,5,21,416.07,0.0,3.448,0.2292
107,521,5,22,416.07,0.0,2.235,0.2261
107,521,5,23,416.07,0.0,2.076,0.2249
107,522,6,0,416.07,0.0,2.146,0.2086
107,522,6,1,416.07,0.0,1.884,0.1893
107,522,6,2,416.07,0.0,1.784,0.1797
107,522,6,3,416.07,0.0,1.607,0.1794
107,522,6,4,416.07,0.33,1.403,0.1803
107,522,6,5,416.07,3.55,1.388,0.1839
107,522,6,6,416.07,8.46,1.256,0.1768
107,522,6,7,416.07,13.97,1.478,0.183
107,522,6,8,416.07,15.88,1.663,0.194
107,522,6,9,416.07,20.62,2.048,0.1905
107,522,6,10,416.07,33.23,2.21,0.1962
107,522,6,11,416.07,43.86,2.354,0.2014
107,522,6,12,416.07,44.26,2.563,0.2004
107,522,6,13,416.07,40.82,2.739,0.204
107,522,6,14,416.07,37.35,2.759,0.2083
107,522,6,15,416.07,25.75,2.8,0.217
107,522,6,16,416.07,11.74,2.802,0.2201
107,522,6,17,416.07,7.58,2.786,0.2225
107,522,6,18,416.07,2.05,2.677,0.2261
107,522,6,19,416.07,0.0,2.562,0.2232
107,522,6,20,416.07,0.0,2.781,0.2191
107,522,6,21,416.07,0.0,3.107,0.2077
107,522,6,22,416.07,0.0,2.285,0.2001
107,522,6,23,416.07,0.0,2.053,0.1949
107,523,0,0,416.07,0.0,2.143,0.1914
107,523,0,1,416.07,0.0,1.894,0.1815
107,523,0,2,416.07,0.0,1.725,0.171
107,523,0,3,416.07,0.0,1.686,0.1765
107,523,0,4,416.07,0.63,1.611,0.1739
107,523,0,5,416.07,11.48,1.775,0.1821
107,523,0,6,416.07,32.4,1.994,0.1959
107,523,0,7,416.07,55.68,2.175,0.2018
107,523,0,8,416.07,78.87,2.4,0.2164
107,523,0,9,416.07,96.77,2.705,0.2196
107,523,0,10,416.07,109.84,2.975,0.2255
107,523,0,11,416.07,115.96,3.113,0.2237
107,523,0,12,416.07,110.53,3.3,0.2305
107,523,0,13,416.07,94.91,3.639,0.2251
107,523,0,14,416.07,77.36,3.902,0.2304
107,523,0,15,416.07,69.08,4.333,0.2414
107,523,0,16,416.07,43.61,4.525,0.241
107,523,0,17,416.07,25.35,3.95,0.2547
107,523,0,18,416.07,8.68,3.182,0.2614
107,523,0,19,416.07,0.29,3.03,0.2533
107,523,0,20,416.07,0.0,3.14,0.2476
107,523,0,21,416.07,0.0,2.968,0.24
107,523,0,22,416.07,0.0,2.419,0.227
107,523,0,23,416.07,0.0,2.306,0.196
107,524,1,0,416.07,0.0,2.111,0.1866
107,524,1,1,416.07,0.0,1.808,0.1842
107,524,1,2,416.07,0.0,1.648,0.1757
107,524,1,3,416.07,0.0,1.533,0.1764
107,524,1,4,416.07,0.69,1.385,0.177
107,524,1,5,416.07,12.16,1.573,0.1786
107,524,1,6,416.07,31.94,1.977,0.1865
107,524,1,7,416.07,53.12,2.133,0.2003
107,524,1,8,416.07,71.16,2.5,0.2133
107,524,1,9,416.07,93.28,2.855,0.2231
107,524,1,10,416.07,97.59,2.991,0.2299
107,524,1,11,416.07,111.03,3.0,0.2322
107,524,1,12,416.07,92.73,3.155,0.2341
107,524,1,13,416.07,71.61,3.342,0.2405
107,524,1,14,416.07,43.6,3.512,0.2409
107,524,1,15,416.07,23.95,3.9,0.2349
107,524,1,16,416.07,20.03,4.091,0.2332
107,524,1,17,416.07,13.69,3.574,0.2323
107,524,1,18,416.07,6.67,3.147,0.2278
107,524,1,19,416.07,0.39,2.9,0.22
107,524,1,20,416.07,0.0,2.926,0.2229
107,524,1,21,416.07,0.0,2.769,0.2194
107,524,1,22,416.07,0.0,2.305,0.209
107,524,1,23,416.07,0.0,2.216,0.209
107,525,2,0,416.07,0.0,1.848,0.16
107,525,2,1,416.07,0.0,1.716,0.1441
107,525,2,2,416.07,0.0,1.365,0.1444
107,525,2,3,416.07,0.0,1.226,0.1466
107,525,2,4,416.07,0.7,1.168,0.147
107,525,2,5,416.07,10.98,1.271,0.1515
107,525,2,6,416.07,27.83,1.75,0.1649
107,525,2,7,416.07,48.17,2.001,0.1784
107,525,2,8,416.07,53.52,2.11,0.1882
107,525,2,9,416.07,50.85,2.457,0.2001
107,525,2,10,416.07,41.56,2.478,0.1952
107,525,2,11,416.07,19.03,2.525,0.1943
107,525,2,12,416.07,26.75,2.53,0.1951
107,525,2,13,416.07,71.22,2.613,0.2
107,525,2,14,416.07,64.44,2.66,0.198
107,525,2,15,416.07,56.21,2.978,0.194
107,525,2,16,416.07,47.3,2.704,0.1901
107,525,2,17,416.07,26.12,2.462,0.192
107,525,2,18,416.07,9.17,2.177,0.1884
107,525,2,19,416.07,0.4,2.203,0.1804
107,525,2,20,416.07,0.0,2.16,0.1789
107,525,2,21,416.07,0.0,2.01,0.1764
107,525,2,22,416.07,0.0,1.833,0.1651
107,525,2,23,416.07,0.0,1.579,0.1594
107,526,3,0,416.07,0.0,1.531,0.138
107,526,3,1,416.07,0.0,1.265,0.1332
107,526,3,2,416.07,0.0,1.148,0.1329
107,526,3,3,416.07,0.0,1.028,0.1343
107,526,3,4,416.07,0.8,0.964,0.1387
107,526,3,5,416.07,14.15,1.1,0.1414
107,526,3,6,416.07,36.79,1.518,0.1535
107,526,3,7,416.07,60.68,1.717,0.1674
107,526,3,8,416.07,82.47,2.049,0.1748
107,526,3,9,416.07,100.3,2.124,0.1831
107,526,3,10,416.07,112.81,2.113,0.1841
107,526,3,11,416.07,119.24,2.144,0.1825
107,526,3,12,416.07,118.51,2.229,0.181
107,526,3,13,416.07,110.4,2.442,0.1811
107,526,3,14,416.07,95.59,2.442,0.1805
107,526,3,15,416.07,76.65,2.547,0.1794
107,526,3,16,416.07,55.63,2.544,0.1798
107,526,3,17,416.07,33.6,2.48,0.1831
107,526,3,18,416.07,12.55,2.269,0.1826
107,526,3,19,416.07,0.56,2.133,0.184
107,526,3,20,416.07,0.0,2.207,0.1873
107,526,3,21,416.07,0.0,2.194,0.1823
107,526,3,22,416.07,0.0,2.103,0.1605
107,526,3,23,416.07,0.0,1.651,0.1473
107,527,4,0,416.07,0.0,1.453,0.1309
107,527,4,1,416.07,0.0,1.237,0.1244
107,527,4,2,416.07,0.0,1.004,0.126
107,527,4,3,416.07,0.0,0.926,0.1311
107,527,4,4,416.07,0.96,0.901,0.1372
107,527,4,5,416.07,15.73,1.033,0.144
107,527,4,6,416.07,39.18,1.39,0.1583
107,527,4,7,416.07,63.41,1.773,0.1672
107,527,4,8,416.07,85.15,1.896,0.1747
107,527,4,9,416.07,102.85,2.042,0.1865
107,527,4,10,416.07,115.22,2.218,0.1921
107,527,4,11,416.07,121.2,2.191,0.1949
107,527,4,12,416.07,120.61,2.136,0.1961
107,527,4,13,416.07,113.44,2.476,0.1979
107,527,4,14,416.07,100.03,2.575,0.1998
107,527,4,15,416.07,78.22,2.894,0.2027
107,527,4,16,416.07,57.65,2.871,0.2076
107,527,4,17,416.07,34.23,2.659,0.2119
107,527,4,18,416.07,12.87,2.359,0.2124
107,527,4,19,416.07,0.59,2.354,0.2078
107,527,4,20,416.07,0.0,2.349,0.2011
107,527,4,21,416.07,0.0,2.084,0.199
107,527,4,22,416.07,0.0,2.028,0.1744
107,527,4,23,416.07,0.0,1.537,0.1532
107,528,5,0,416.07,0.0,1.465,0.1397
107,528,5,1,416.07,0.0,1.285,0.1305
107,528,5,2,416.07,0.0,1.055,0.1257
107,528,5,3,416.07,0.0,0.934,0.126
107,528,5,4,416.07,0.74,0.902,0.1303
107,528,5,5,416.07,10.91,0.941,0.1298
107,528,5,6,416.07,27.54,0.937,0.1353
107,528,5,7,416.07,45.05,1.269,0.1337
107,528,5,8,416.07,68.94,2.01,0.1454
107,528,5,9,416.07,81.51,2.294,0.1586
107,528,5,10,416.07,91.18,2.294,0.1737
107,528,5,11,416.07,83.69,2.353,0.1837
107,528,5,12,416.07,79.46,2.451,0.1879
107,528,5,13,416.07,65.05,2.489,0.1901
107,528,5,14,416.07,67.72,2.716,0.1966
107,528,5,15,416.07,63.74,2.813,0.2024
107,528,5,16,416.07,44.62,2.814,0.2116
107,528,5,17,416.07,25.0,2.81,0.2201
107,528,5,18,416.07,8.68,2.711,0.2231
107,528,5,19,416.07,0.45,2.5,0.2226
107,528,5,20,416.07,0.0,2.574,0.223
107,528,5,21,416.07,0.0,2.534,0.2205
107,528,5,22,416.07,0.0,2.24,0.2084
107,528,5,23,416.07,0.0,2.012,0.1987
107,529,6,0,416.07,0.0,2.311,0.1816
107,529,6,1,416.07,0.0,2.092,0.1686
107,529,6,2,416.07,0.0,1.815,0.1618
107,529,6,3,416.07,0.0,1.383,0.1594
107,529,6,4,416.07,0.66,1.234,0.1643
107,529,6,5,416.07,11.82,1.209,0.1652
107,529,6,6,416.07,33.22,0.974,0.1693
107,529,6,7,416.07,56.63,1.5,0.1606
107,529,6,8,416.07,77.74,2.209,0.1771
107,529,6,9,416.07,97.39,2.294,0.2052
107,529,6,10,416.07,111.78,2.502,0.2106
107,529,6,11,416.07,118.37,2.729,0.2124
107,529,6,12,416.07,119.13,2.453,0.215
107,529,6,13,416.07,111.43,2.716,0.216
107,529,6,14,416.07,99.39,2.736,0.2087
107,529,6,15,416.07,77.76,2.83,0.2053
107,529,6,16,416.07,58.86,2.831,0.2134
107,529,6,17,416.07,35.43,2.795,0.2199
107,529,6,18,416.07,13.42,2.534,0.2169
107,529,6,19,416.07,0.64,2.509,0.1979
107,529,6,20,416.07,0.0,2.488,0.193
107,529,6,21,416.07,0.0,2.401,0.1897
107,529,6,22,416.07,0.0,2.074,0.1702
107,529,6,23,416.07,0.0,1.627,0.167
107,530,0,0,416.07,0.0,1.805,0.156
107,530,0,1,416.07,0.0,1.819,0.1589
107,530,0,2,416.07,0.0,1.313,0.1486
107,530,0,3,416.07,0.0,1.25,0.1481
107,530,0,4,416.07,0.79,1.053,0.1545
107,530,0,5,416.07,12.73,1.145,0.1714
107,530,0,6,416.07,32.96,1.697,0.1819
107,530,0,7,416.07,55.42,1.918,0.2
107,530,0,8,416.07,74.31,2.053,0.2145
107,530,0,9,416.07,97.14,2.183,0.2175
107,530,0,10,416.07,109.83,2.328,0.2162
107,530,0,11,416.07,113.82,2.372,0.2174
107,530,0,12,416.07,116.32,2.404,0.221
107,530,0,13,416.07,107.77,2.507,0.2136
107,530,0,14,416.07,75.84,2.544,0.2121
107,530,0,15,416.07,46.14,2.707,0.2128
107,530,0,16,416.07,34.05,2.831,0.2095
107,530,0,17,416.07,18.63,2.781,0.2064
107,530,0,18,416.07,7.0,2.477,0.2071
107,530,0,19,416.07,0.37,2.33,0.2083
107,530,0,20,416.07,0.0,2.312,0.2094
107,530,0,21,416.07,0.0,2.122,0.2171
107,530,0,22,416.07,0.0,1.922,0.2058
107,530,0,23,416.07,0.0,1.703,0.1996
107,531,1,0,416.07,0.0,2.021,0.1705
107,531,1,1,416.07,0.0,1.598,0.1615
107,531,1,2,416.07,0.0,1.305,0.1559
107,531,1,3,416.07,0.0,1.116,0.1542
107,531,1,4,416.07,0.72,1.086,0.155
107,531,1,5,416.07,12.57,1.263,0.1576
107,531,1,6,416.07,34.67,1.574,0.1779
107,531,1,7,416.07,58.63,1.898,0.1912
107,531,1,8,416.07,83.6,2.001,0.2058
107,531,1,9,416.07,100.52,2.17,0.2082
107,531,1,10,416.07,114.56,2.384,0.2089
107,531,1,11,416.07,119.77,2.502,0.2128
107,531,1,12,416.07,119.92,2.769,0.2148
107,531,1,13,416.07,113.35,2.831,0.214
107,531,1,14,416.07,100.37,2.869,0.2176
107,531,1,15,416.07,82.17,3.046,0.2205
107,531,1,16,416.07,60.3,3.16,0.2307
107,531,1,17,416.07,36.7,3.007,0.2313
107,531,1,18,416.07,14.23,2.831,0.23
107,531,1,19,416.07,0.74,2.623,0.2314
107,531,1,20,416.07,0.0,2.551,0.2265
107,531,1,21,416.07,0.0,2.322,0.2241
107,531,1,22,416.07,0.0,2.112,0.2032
107,531,1,23,416.07,0.0,1.983,0.1788
107,532,2,0,416.07,0.0,2.154,0.1693
107,532,2,1,416.07,0.0,1.894,0.1657
107,532,2,2,416.07,0.0,1.595,0.1653
107,532,2,3,416.07,0.0,1.352,0.1654
107,532,2,4,416.07,0.85,1.285,0.1691
107,532,2,5,416.07,13.64,1.219,0.1734
107,532,2,6,416.07,35.48,1.507,0.1917
107,532,2,7,416.07,58.65,1.996,0.1989
107,532,2,8,416.07,80.39,2.052,0.2147
107,532,2,9,416.07,98.59,2.353,0.2214
107,532,2,10,416.07,109.39,2.509,0.2305
107,532,2,11,416.07,114.97,2.925,0.2304
107,532,2,12,416.07,113.91,3.151,0.2285
107,532,2,13,416.07,107.59,3.39,0.2333
107,532,2,14,416.07,88.7,3.5,0.2362
107,532,2,15,416.07,59.09,3.844,0.2406
107,532,2,16,416.07,46.96,4.05,0.2441
107,532,2,17,416.07,24.93,3.591,0.2452
107,532,2,18,416.07,8.69,3.209,0.2437
107,532,2,19,416.07,0.4,3.045,0.2385
107,532,2,20,416.07,0.0,3.086,0.2381
107,532,2,21,416.07,0.0,2.871,0.2352
107,532,2,22,416.07,0.0,2.294,0.2302
107,532,2,23,416.07,0.0,2.216,0.2183
107,533,3,0,416.07,0.0,2.184,0.1979
107,533,3,1,416.07,0.0,1.996,0.1826
107,533,3,2,416.07,0.0,1.64,0.1723
107,533,3,3,416.07,0.0,1.494,0.1713
107,533,3,4,416.07,0.28,1.404,0.1736
107,533,3,5,416.07,2.91,1.498,0.1802
107,533,3,6,416.07,7.07,1.994,0.1973
107,533,3,7,416.07,11.33,2.158,0.2052
107,533,3,8,416.07,21.45,2.65,0.2199
107,533,3,9,416.07,21.16,2.804,0.2321
107,533,3,10,416.07,26.29,2.839,0.234
107,533,3,11,416.07,36.12,2.889,0.2388
107,533,3,12,416.07,39.18,3.1,0.2415
107,533,3,13,416.07,32.91,3.451,0.2393
107,533,3,14,416.07,32.21,3.477,0.2364
107,533,3,15,416.07,34.27,3.403,0.2294
107,533,3,16,416.07,25.78,3.49,0.2361
107,533,3,17,416.07,15.1,3.4,0.2399
107,533,3,18,416.07,5.44,2.9,0.2383
107,533,3,19,416.07,0.45,2.675,0.232
107,533,3,20,416.07,0.0,2.67,0.2283
107,533,3,21,416.07,0.0,2.465,0.2287
107,533,3,22,416.07,0.0,2.218,0.2145
107,533,3,23,416.07,0.0,2.154,0.1988
107,534,4,0,416.07,0.0,2.026,0.1882
107,534,4,1,416.07,0.0,1.865,0.1827
107,534,4,2,416.07,0.0,1.667,0.1769
107,534,4,3,416.07,0.0,1.519,0.1833
107,534,4,4,416.07,0.52,1.479,0.1828
107,534,4,5,416.07,9.9,1.626,0.1873
107,534,4,6,416.07,25.23,1.857,0.1977
107,534,4,7,416.07,44.35,2.048,0.2137
107,534,4,8,416.07,66.49,2.117,0.2245
107,534,4,9,416.07,78.96,2.285,0.2333
107,534,4,10,416.07,89.16,2.428,0.2375
107,534,4,11,416.07,96.03,2.591,0.2364
107,534,4,12,416.07,88.01,2.765,0.2388
107,534,4,13,416.07,91.66,2.847,0.2431
107,534,4,14,416.07,87.82,3.054,0.2432
107,534,4,15,416.07,71.92,3.141,0.2467
107,534,4,16,416.07,51.55,3.162,0.2455
107,534,4,17,416.07,29.96,3.036,0.2485
107,534,4,18,416.07,10.39,2.711,0.2518
107,534,4,19,416.07,0.55,2.509,0.2495
107,534,4,20,416.07,0.0,2.463,0.2423
107,534,4,21,416.07,0.0,2.361,0.235
107,534,4,22,416.07,0.0,2.081,0.2246
107,534,4,23,416.07,0.0,1.945,0.2114
107,535,5,0,416.07,0.0,1.92,0.198
107,535,5,1,416.07,0.0,1.842,0.187
107,535,5,2,416.07,0.0,1.628,0.1806
107,535,5,3,416.07,0.0,1.455,0.1776
107,535,5,4,416.07,0.71,1.377,0.1764
107,535,5,5,416.07,12.61,1.321,0.1763
107,535,5,6,416.07,33.26,1.258,0.185
107,535,5,7,416.07,56.29,1.515,0.1826
107,535,5,8,416.07,77.64,1.798,0.1939
107,535,5,9,416.07,95.26,2.071,0.2075
107,535,5,10,416.07,107.73,2.264,0.2185
107,535,5,11,416.07,114.86,2.661,0.2256
107,535,5,12,416.07,111.87,2.789,0.2307
107,535,5,13,416.07,94.21,2.91,0.2387
107,535,5,14,416.07,84.67,2.91,0.2422
107,535,5,15,416.07,59.95,2.976,0.2439
107,535,5,16,416.07,44.36,3.088,0.2463
107,535,5,17,416.07,27.06,2.959,0.2477
107,535,5,18,416.07,10.27,2.799,0.2455
107,535,5,19,416.07,0.61,2.61,0.2419
107,535,5,20,416.07,0.0,2.607,0.2375
107,535,5,21,416.07,0.0,2.423,0.2332
107,535,5,22,416.07,0.0,2.185,0.2192
107,535,5,23,416.07,0.0,2.0,0.2135
107,536,6,0,416.07,0.0,2.155,0.2116
107,536,6,1,416.07,0.0,2.1,0.1935
107,536,6,2,416.07,0.0,2.028,0.185
107,536,6,3,416.07,0.0,1.781,0.1791
107,536,6,4,416.07,0.67,1.699,0.1832
107,536,6,5,416.07,11.05,1.412,0.1831
107,536,6,6,416.07,30.7,1.288,0.1871
107,536,6,7,416.07,53.66,1.547,0.1922
107,536,6,8,416.07,74.89,2.0,0.1984
107,536,6,9,416.07,93.09,2.241,0.2109
107,536,6,10,416.07,105.95,2.633,0.2196
107,536,6,11,416.07,114.47,2.969,0.2253
107,536,6,12,416.07,111.95,3.02,0.2347
107,536,6,13,416.07,100.62,3.164,0.2433
107,536,6,14,416.07,89.61,3.44,0.2417
107,536,6,15,416.07,69.66,3.574,0.244
107,536,6,16,416.07,49.56,3.7,0.2433
107,536,6,17,416.07,28.65,3.6,0.2419
107,536,6,18,416.07,10.55,3.375,0.2406
107,536,6,19,416.07,0.62,3.165,0.2406
107,536,6,20,416.07,0.0,3.166,0.2363
107,536,6,21,416.07,0.0,3.033,0.2306
107,536,6,22,416.07,0.0,2.804,0.2168
107,536,6,23,416.07,0.0,2.405,0.2099
107,537,0,0,384.37,0.0,2.226,0.2037
107,537,0,1,377.04,0.0,2.033,0.191
107,537,0,2,342.0,0.0,1.945,0.1868
107,537,0,3,339.0,0.0,1.791,0.1857
107,537,0,4,331.0,0.68,1.714,0.1845
107,537,0,5,334.0,12.07,1.754,0.189
107,537,0,6,335.0,32.3,1.84,0.1999
107,537,0,7,370.0,54.47,2.281,0.2076
107,537,0,8,444.0,73.47,2.522,0.2257
107,537,0,9,444.0,90.55,2.947,0.2443
107,537,0,10,477.0,105.27,3.232,0.2489
107,537,0,11,500.0,101.85,3.582,0.2544
107,537,0,12,518.0,96.53,4.048,0.2558
107,537,0,13,510.0,87.06,4.231,0.2509
107,537,0,14,535.0,78.97,4.852,0.2516
107,537,0,15,504.0,61.31,5.308,0.2507
107,537,0,16,528.0,46.08,5.746,0.2548
107,537,0,17,527.0,25.91,4.935,0.2545
107,537,0,18,528.0,9.31,4.239,0.2575
107,537,0,19,490.0,0.56,3.629,0.2566
107,537,0,20,384.0,0.0,3.599,0.2559
107,537,0,21,367.0,0.0,3.337,0.2488
107,537,0,22,353.0,0.0,2.854,0.239
107,537,0,23,357.0,0.0,2.662,0.2235
107,538,1,0,349.33,0.0,2.422,0.2119
107,538,1,1,349.33,0.0,2.162,0.1962
107,538,1,2,349.0,0.0,1.955,0.1938
107,538,1,3,348.0,0.0,1.88,0.1922
107,538,1,4,340.0,0.49,1.866,0.1903
107,538,1,5,337.0,10.33,1.993,0.1986
107,538,1,6,353.0,29.78,2.166,0.2105
107,538,1,7,377.0,53.67,2.61,0.2191
107,538,1,8,439.0,76.24,2.761,0.2392
107,538,1,9,460.0,92.69,2.973,0.2479
107,538,1,10,497.0,96.91,3.297,0.2472
107,538,1,11,533.0,106.87,3.684,0.2521
107,538,1,12,542.0,97.29,4.159,0.2503
107,538,1,13,536.0,86.51,5.432,0.2528
107,538,1,14,536.0,62.19,5.1,0.2541
107,538,1,15,546.0,43.6,5.868,0.2553
107,538,1,16,549.0,33.43,6.162,0.2553
107,538,1,17,537.0,18.98,5.488,0.2512
107,538,1,18,518.0,7.16,4.14,0.2484
107,538,1,19,493.0,0.54,3.702,0.2492
107,538,1,20,391.0,0.0,3.48,0.2469
107,538,1,21,371.0,0.0,3.187,0.2479
107,538,1,22,370.0,0.0,2.831,0.2364
107,538,1,23,347.0,0.0,2.493,0.2227
107,539,2,0,350.5,0.0,2.44,0.1958
107,539,2,1,343.0,0.0,2.265,0.1783
107,539,2,2,340.0,0.0,1.898,0.173
107,539,2,3,332.0,0.0,1.704,0.174
107,539,2,4,331.0,0.65,1.767,0.1723
107,539,2,5,329.0,11.3,1.715,0.1744
107,539,2,6,336.0,30.13,1.987,0.183
107,539,2,7,361.0,51.84,2.342,0.1946
107,539,2,8,444.0,76.69,2.464,0.2029
107,539,2,9,449.0,94.61,2.663,0.2172
107,539,2,10,479.0,105.96,2.886,0.2236
107,539,2,11,522.0,111.59,3.178,0.2253
107,539,2,12,560.0,90.6,3.343,0.2249
107,539,2,13,507.0,95.23,3.585,0.2297
107,539,2,14,550.0,88.06,3.657,0.231
107,539,2,15,584.0,68.11,3.798,0.2338
107,539,2,16,588.0,48.68,3.881,0.2328
107,539,2,17,576.0,29.41,3.69,0.233
107,539,2,18,571.0,11.61,3.435,0.2325
107,539,2,19,505.0,0.71,3.233,0.2345
107,539,2,20,374.34,0.0,3.226,0.2317
107,539,2,21,369.17,0.0,2.934,0.2283
107,539,2,22,362.1,0.0,2.403,0.2206
107,539,2,23,362.72,0.0,2.249,0.2037
107,540,3,0,350.82,0.0,2.205,0.1891
107,540,3,1,351.05,0.0,2.064,0.1705
107,540,3,2,341.31,0.0,1.908,0.1645
107,540,3,3,335.91,0.0,1.769,0.1624
107,540,3,4,336.78,0.39,1.668,0.1611
107,540,3,5,337.04,4.64,1.695,0.1635
107,540,3,6,347.37,11.43,1.987,0.1733
107,540,3,7,388.14,19.01,2.319,0.1817
107,540,3,8,479.26,22.37,2.4,0.2007
107,540,3,9,472.27,44.71,2.46,0.2176
107,540,3,10,510.2,55.03,2.661,0.2291
107,540,3,11,551.68,77.28,2.75,0.2309
107,540,3,12,578.96,95.11,2.974,0.2337
107,540,3,13,572.7,60.61,3.111,0.2367
107,540,3,14,559.19,40.07,3.136,0.2348
107,540,3,15,554.32,24.92,3.232,0.2388
107,540,3,16,560.13,19.05,3.314,0.2411
107,540,3,17,552.0,11.42,3.223,0.2406
107,540,3,18,532.13,4.43,2.963,0.2372
107,540,3,19,497.7,0.43,2.843,0.2348
107,540,3,20,375.03,0.0,2.831,0.231
107,540,3,21,362.6,0.0,2.635,0.2283
107,540,3,22,355.63,0.0,2.297,0.2131
107,540,3,23,351.12,0.0,1.996,0.1964
107,541,4,0,335.76,0.0,2.329,0.1799
107,541,4,1,345.02,0.0,2.083,0.1659
107,541,4,2,335.5,0.0,1.808,0.1589
107,541,4,3,336.55,0.0,1.736,0.1588
107,541,4,4,331.35,0.55,1.69,0.1616
107,541,4,5,331.97,10.83,1.677,0.1704
107,541,4,6,337.95,30.62,1.908,0.1756
107,541,4,7,375.27,52.95,2.121,0.191
107,541,4,8,445.94,70.43,2.404,0.2209
107,541,4,9,450.27,87.23,2.467,0.2375
107,541,4,10,483.96,96.16,2.621,0.2443
107,541,4,11,503.51,100.51,2.903,0.2517
107,541,4,12,520.16,103.99,3.081,0.2587
107,541,4,13,550.07,85.94,3.259,0.2648
107,541,4,14,554.21,72.07,3.41,0.2654
107,541,4,15,567.76,68.96,3.515,0.2686
107,541,4,16,573.72,46.13,3.521,0.2677
107,541,4,17,555.19,27.94,3.46,0.2693
107,541,4,18,527.63,10.7,3.054,0.2696
107,541,4,19,477.47,0.66,2.826,0.2658
107,541,4,20,363.14,0.0,2.713,0.2642
107,541,4,21,341.36,0.0,2.582,0.2638
107,541,4,22,337.95,0.0,2.539,0.2632
107,541,4,23,333.19,0.0,2.129,0.2588
107,542,5,0,328.39,0.0,2.52,0.2348
107,542,5,1,320.92,0.0,2.402,0.2188
107,542,5,2,314.05,0.0,2.225,0.2099
107,542,5,3,319.53,0.0,1.84,0.1966
107,542,5,4,320.15,0.54,1.706,0.1969
107,542,5,5,320.6,11.51,1.552,0.1964
107,542,5,6,312.46,33.56,1.402,0.1961
107,542,5,7,336.09,56.65,1.737,0.2013
107,542,5,8,415.33,78.05,2.434,0.2227
107,542,5,9,423.5,96.04,2.815,0.2343
107,542,5,10,433.42,108.6,2.868,0.2416
107,542,5,11,446.37,113.72,3.082,0.2483
107,542,5,12,444.86,113.0,3.206,0.253
107,542,5,13,452.73,100.91,3.369,0.2542
107,542,5,14,452.26,94.07,3.599,0.2577
107,542,5,15,455.36,76.86,3.684,0.2572
107,542,5,16,464.4,55.82,3.731,0.26
107,542,5,17,453.42,33.1,3.715,0.2613
107,542,5,18,440.51,12.3,3.447,0.2627
107,542,5,19,420.54,0.7,3.326,0.2628
107,542,5,20,339.84,0.0,3.313,0.2583
107,542,5,21,331.45,0.0,3.181,0.2552
107,542,5,22,332.77,0.0,2.764,0.2616
107,542,5,23,332.55,0.0,2.548,0.2562
107,543,6,0,327.71,0.0,2.821,0.2397
107,543,6,1,325.81,0.0,2.508,0.2223
107,543,6,2,326.5,0.0,2.401,0.2096
107,543,6,3,329.67,0.0,1.994,0.2058
107,543,6,4,325.13,0.61,1.834,0.2062
107,543,6,5,325.21,11.58,1.58,0.2058
107,543,6,6,321.86,31.53,1.506,0.2187
107,543,6,7,326.69,53.45,1.763,0.2269
107,543,6,8,411.64,74.18,2.503,0.2413
107,543,6,9,415.15,87.95,2.693,0.2408
107,543,6,10,413.86,101.02,2.862,0.2429
107,543,6,11,421.4,103.42,3.222,0.2547
107,543,6,12,432.7,100.17,3.35,0.263
107,543,6,13,446.12,91.77,3.426,0.2701
107,543,6,14,457.44,80.94,3.9,0.273
107,543,6,15,453.32,57.83,4.15,0.2724
107,543,6,16,459.0,46.08,4.307,0.2773
107,543,6,17,464.14,26.43,4.185,0.2802
107,543,6,18,458.36,9.83,3.765,0.2803
107,543,6,19,436.53,0.62,3.674,0.2851
107,543,6,20,346.64,0.0,3.685,0.2803
107,543,6,21,333.12,0.0,3.571,0.2768
107,543,6,22,332.34,0.0,3.023,0.2796
107,543,6,23,329.0,0.0,2.744,0.2731
107,544,0,0,326.51,0.0,2.662,0.257
107,544,0,1,323.11,0.0,2.447,0.235
107,544,0,2,324.14,0.0,2.188,0.2237
107,544,0,3,318.77,0.0,1.978,0.2225
107,544,0,4,319.9,0.59,1.855,0.2222
107,544,0,5,321.0,10.11,2.004,0.2329
107,544,0,6,326.04,28.5,2.149,0.2338
107,544,0,7,353.38,51.07,2.611,0.2498
107,544,0,8,438.48,71.11,3.024,0.2608
107,544,0,9,448.19,85.81,3.291,0.2736
107,544,0,10,479.57,99.03,3.525,0.2786
107,544,0,11,512.36,110.09,3.716,0.2843
107,544,0,12,527.57,110.16,4.251,0.2873
107,544,0,13,522.83,100.54,4.595,0.289
107,544,0,14,526.69,78.96,5.008,0.2859
107,544,0,15,522.6,50.95,5.028,0.2753
107,544,0,16,537.04,33.01,5.496,0.2714
107,544,0,17,526.32,19.39,4.897,0.2768
107,544,0,18,501.63,6.95,4.335,0.2799
107,544,0,19,472.22,0.4,4.039,0.2912
107,544,0,20,362.27,0.0,5.294,0.2926
107,544,0,21,353.81,0.0,3.808,0.2808
107,544,0,22,345.68,0.0,3.267,0.2662
107,544,0,23,337.19,0.0,2.982,0.2505
107,545,1,0,334.17,0.0,2.692,0.2317
107,545,1,1,327.07,0.0,2.413,0.2248
107,545,1,2,335.64,0.0,2.253,0.2219
107,545,1,3,325.12,0.0,2.105,0.2209
107,545,1,4,317.18,0.26,2.123,0.2208
107,545,1,5,314.2,2.89,2.171,0.2231
107,545,1,6,323.47,7.67,2.3,0.2381
107,545,1,7,367.24,12.06,2.602,0.2537
107,545,1,8,439.14,19.43,2.873,0.2628
107,545,1,9,455.9,20.17,3.107,0.2697
107,545,1,10,483.66,33.86,3.259,0.2779
107,545,1,11,503.75,37.36,3.421,0.2802
107,545,1,12,522.46,45.52,3.547,0.2804
107,545,1,13,538.46,54.43,3.882,0.2762
107,545,1,14,551.17,46.67,4.178,0.2748
107,545,1,15,561.8,32.75,4.27,0.2724
107,545,1,16,563.08,26.21,4.37,0.2731
107,545,1,17,555.0,13.73,4.13,0.2722
107,545,1,18,515.6,4.99,3.562,0.2746
107,545,1,19,477.78,0.4,3.292,0.2714
107,545,1,20,373.16,0.0,3.429,0.2714
107,545,1,21,363.01,0.0,3.272,0.263
107,545,1,22,365.13,0.0,2.84,0.2559
107,545,1,23,354.9,0.0,2.497,0.2475
107,546,2,0,350.83,0.0,2.374,0.2201
107,546,2,1,338.43,0.0,2.145,0.2098
107,546,2,2,353.26,0.0,1.981,0.2084
107,546,2,3,343.52,0.0,1.789,0.2062
107,546,2,4,326.84,0.46,1.785,0.2054
107,546,2,5,325.59,8.05,1.967,0.2083
107,546,2,6,337.8,22.45,2.072,0.2246
107,546,2,7,363.26,41.71,2.4,0.2231
107,546,2,8,439.71,55.06,2.553,0.2348
107,546,2,9,458.05,82.74,2.883,0.2514
107,546,2,10,494.24,104.81,2.977,0.2562
107,546,2,11,510.09,107.76,3.247,0.2608
107,546,2,12,510.81,105.55,3.398,0.2638
107,546,2,13,515.45,95.52,3.579,0.2723
107,546,2,14,510.38,82.87,3.669,0.2754
107,546,2,15,518.45,66.22,3.806,0.2773
107,546,2,16,516.89,47.65,3.876,0.2769
107,546,2,17,513.09,28.86,3.678,0.2773
107,546,2,18,504.7,11.35,3.32,0.2729
107,546,2,19,475.63,0.72,3.155,0.2626
107,546,2,20,386.49,0.0,3.135,0.2596
107,546,2,21,364.34,0.0,3.053,0.2554
107,546,2,22,361.41,0.0,2.717,0.2406
107,546,2,23,368.33,0.0,2.374,0.2279
107,547,3,0,362.64,0.0,2.445,0.2168
107,547,3,1,360.11,0.0,2.172,0.1996
107,547,3,2,355.26,0.0,1.933,0.1961
107,547,3,3,351.65,0.0,1.702,0.1968
107,547,3,4,333.98,0.58,1.748,0.1987
107,547,3,5,344.15,12.24,1.943,0.205
107,547,3,6,348.95,33.41,2.149,0.2167
107,547,3,7,372.83,56.13,2.426,0.219
107,547,3,8,454.46,78.42,2.589,0.23
107,547,3,9,461.08,96.18,2.962,0.2423
107,547,3,10,483.7,108.44,3.129,0.2465
107,547,3,11,506.44,113.01,3.369,0.2545
107,547,3,12,529.39,113.76,3.492,0.2616
107,547,3,13,537.63,94.43,3.707,0.2675
107,547,3,14,543.28,90.65,3.864,0.2716
107,547,3,15,549.55,66.55,4.1,0.2719
107,547,3,16,552.18,46.61,4.253,0.2741
107,547,3,17,550.37,27.42,3.961,0.276
107,547,3,18,515.01,10.15,3.693,0.2748
107,547,3,19,480.13,0.72,3.468,0.2742
107,547,3,20,377.43,0.0,3.385,0.2656
107,547,3,21,359.93,0.0,3.177,0.2573
107,547,3,22,352.77,0.0,2.879,0.2467
107,547,3,23,358.7,0.0,2.474,0.2245
107,548,4,0,348.33,0.0,2.452,0.208
107,548,4,1,362.52,0.0,2.261,0.192
107,548,4,2,344.98,0.0,2.063,0.1813
107,548,4,3,340.74,0.0,1.828,0.1729
107,548,4,4,335.49,0.44,1.744,0.1779
107,548,4,5,341.52,7.77,1.821,0.1749
107,548,4,6,342.2,18.56,2.141,0.1913
107,548,4,7,373.78,30.8,2.318,0.2067
107,548,4,8,452.08,48.38,2.718,0.2229
107,548,4,9,456.12,54.65,2.794,0.2317
107,548,4,10,477.43,66.27,3.136,0.2434
107,548,4,11,502.16,74.4,3.251,0.244
107,548,4,12,510.99,76.09,3.401,0.2506
107,548,4,13,508.24,66.23,3.637,0.2554
107,548,4,14,518.04,44.26,3.985,0.2537
107,548,4,15,516.68,32.42,4.1,0.2568
107,548,4,16,521.76,25.47,4.254,0.2577
107,548,4,17,515.95,16.37,3.896,0.2509
107,548,4,18,489.94,5.95,3.412,0.2448
107,548,4,19,459.88,0.44,3.235,0.2388
107,548,4,20,366.21,0.0,3.154,0.2359
107,548,4,21,353.07,0.0,2.979,0.2306
107,548,4,22,353.8,0.0,2.633,0.2241
107,548,4,23,343.92,0.0,2.427,0.2177
107,549,5,0,333.07,0.0,2.488,0.1942
107,549,5,1,331.8,0.0,2.378,0.1759
107,549,5,2,340.08,0.0,2.056,0.1725
107,549,5,3,324.93,0.0,1.885,0.1645
107,549,5,4,329.62,0.51,1.86,0.159
107,549,5,5,319.66,12.01,1.564,0.1616
107,549,5,6,326.5,34.21,1.405,0.1664
107,549,5,7,341.84,58.66,1.475,0.1712
107,549,5,8,417.24,77.47,1.919,0.1808
107,549,5,9,420.32,86.95,2.142,0.1878
107,549,5,10,426.77,98.98,2.262,0.1851
107,549,5,11,429.75,98.55,2.631,0.1919
107,549,5,12,430.98,103.15,2.766,0.1925
107,549,5,13,433.1,87.69,2.915,0.1924
107,549,5,14,435.95,75.5,2.958,0.1974
107,549,5,15,442.38,65.29,3.013,0.1998
107,549,5,16,455.91,43.24,3.017,0.2007
107,549,5,17,448.43,24.59,2.951,0.2027
107,549,5,18,449.27,9.57,2.949,0.2069
107,549,5,19,427.43,0.49,2.914,0.2067
107,549,5,20,348.96,0.0,2.829,0.2085
107,549,5,21,337.19,0.0,2.756,0.208
107,549,5,22,341.08,0.0,2.247,0.2039
107,549,5,23,338.32,0.0,1.989,0.1942
107,550,6,0,326.63,0.0,2.018,0.1813
107,550,6,1,327.81,0.0,1.865,0.1651
107,550,6,2,339.02,0.0,1.666,0.157
107,550,6,3,329.4,0.0,1.447,0.1556
107,550,6,4,338.84,0.33,1.366,0.1506
107,550,6,5,331.58,7.47,1.186,0.1525
107,550,6,6,332.55,21.66,0.984,0.1649
107,550,6,7,336.25,38.19,1.172,0.1622
107,550,6,8,418.78,51.75,1.59,0.1686
107,550,6,9,429.2,68.38,1.87,0.185
107,550,6,10,433.0,76.09,2.104,0.2005
107,550,6,11,433.36,80.4,2.339,0.2077
107,550,6,12,437.13,74.85,2.518,0.2096
107,550,6,13,446.55,65.5,2.736,0.2115
107,550,6,14,453.29,58.31,2.786,0.2129
107,550,6,15,453.02,42.61,2.899,0.2143
107,550,6,16,451.23,38.49,2.942,0.2172
107,550,6,17,458.66,16.34,2.966,0.2229
107,550,6,18,455.56,5.98,2.966,0.2261
107,550,6,19,436.12,0.4,2.888,0.2222
107,550,6,20,347.07,0.0,2.878,0.2194
107,550,6,21,327.37,0.0,2.801,0.2076
107,550,6,22,320.03,0.0,2.518,0.1962
107,550,6,23,328.28,0.0,2.067,0.1926
107,551,0,0,334.95,0.0,1.829,0.1724
107,551,0,1,323.95,0.0,1.623,0.1583
107,551,0,2,332.85,0.0,1.417,0.1566
107,551,0,3,316.69,0.0,1.25,0.1518
107,551,0,4,322.19,0.39,1.215,0.1544
107,551,0,5,321.32,9.85,1.13,0.1574
107,551,0,6,315.52,30.03,1.087,0.1697
107,551,0,7,361.08,53.29,1.317,0.1681
107,551,0,8,434.47,72.15,1.808,0.1857
107,551,0,9,450.72,85.67,2.008,0.1928
107,551,0,10,483.62,99.18,2.238,0.2023
107,551,0,11,540.4,106.09,2.652,0.2113
107,551,0,12,535.98,103.42,2.855,0.216
107,551,0,13,533.55,90.23,2.901,0.2181
107,551,0,14,539.7,58.02,2.931,0.2198
107,551,0,15,543.52,30.9,2.97,0.225
107,551,0,16,536.94,20.16,3.101,0.2335
107,551,0,17,522.13,12.51,3.101,0.238
107,551,0,18,504.73,4.43,3.019,0.233
107,551,0,19,472.04,0.34,2.962,0.2305
107,551,0,20,375.35,0.0,2.988,0.2301
107,551,0,21,345.04,0.0,2.914,0.2362
107,551,0,22,343.07,0.0,2.358,0.2263
107,551,0,23,332.29,0.0,2.136,0.2253
107,552,1,0,341.04,0.0,2.188,0.2002
107,552,1,1,337.64,0.0,1.918,0.1863
107,552,1,2,322.22,0.0,1.69,0.1799
107,552,1,3,319.29,0.0,1.564,0.1799
107,552,1,4,332.3,0.17,1.566,0.1822
107,552,1,5,325.81,3.98,1.706,0.1879
107,552,1,6,339.61,12.29,1.913,0.1996
107,552,1,7,360.99,23.84,2.222,0.218
107,552,1,8,440.91,37.18,2.663,0.2356
107,552,1,9,448.28,35.76,2.758,0.2489
107,552,1,10,468.52,49.39,2.961,0.2449
107,552,1,11,487.59,65.51,3.245,0.2517
107,552,1,12,500.42,78.55,3.59,0.2512
107,552,1,13,523.26,86.66,4.011,0.2477
107,552,1,14,530.27,81.11,4.341,0.2458
107,552,1,15,535.72,71.71,4.547,0.2472
107,552,1,16,545.73,52.82,4.574,0.2524
107,552,1,17,544.4,30.06,4.477,0.2559
107,552,1,18,513.17,10.74,3.933,0.2586
107,552,1,19,482.3,0.6,3.628,0.2578
107,552,1,20,380.75,0.0,3.751,0.2542
107,552,1,21,362.21,0.0,3.547,0.2511
107,552,1,22,345.58,0.0,3.117,0.2518
107,552,1,23,332.83,0.0,2.866,0.2402
107,553,2,0,203.42,0.0,2.851,0.2266
107,553,2,1,329.67,0.0,2.486,0.2129
107,553,2,2,330.09,0.0,2.154,0.2061
107,553,2,3,327.51,0.0,2.024,0.1995
107,553,2,4,323.08,0.37,2.048,0.1996
107,553,2,5,316.34,9.71,2.029,0.2002
107,553,2,6,327.76,29.39,2.256,0.2112
107,553,2,7,368.6,51.47,2.724,0.2275
107,553,2,8,439.5,72.92,3.042,0.2497
107,553,2,9,445.28,90.56,3.35,0.2592
107,553,2,10,477.93,102.71,3.619,0.2675
107,553,2,11,503.12,105.64,3.794,0.2769
107,553,2,12,159.0,101.43,4.35,0.2827
107,553,2,13,161.0,94.4,5.056,0.2893
107,553,2,14,169.0,84.53,5.028,0.2975
107,553,2,15,177.0,66.11,6.0,0.3053
107,553,2,16,179.0,49.45,5.651,0.312
107,553,2,17,177.0,29.11,5.8,0.3109
107,553,2,18,175.0,10.93,5.09,0.3135
107,553,2,19,149.0,0.61,4.342,0.3129
107,553,2,20,93.0,0.0,4.309,0.3084
107,553,2,21,85.0,0.0,4.09,0.3068
107,553,2,22,80.0,0.0,3.371,0.31
107,553,2,23,76.0,0.0,2.897,0.3117
107,554,3,0,74.33,0.0,3.904,0.3016
107,554,3,1,74.67,0.0,3.068,0.2889
107,554,3,2,74.0,0.0,2.81,0.2851
107,554,3,3,78.0,0.0,2.633,0.2813
107,554,3,4,76.0,0.0,2.593,0.2796
107,554,3,5,72.0,9.02,2.683,0.2873
107,554,3,6,79.0,24.01,2.854,0.2797
107,554,3,7,91.0,42.57,3.32,0.2814
107,554,3,8,128.0,48.01,3.806,0.2965
107,554,3,9,138.0,79.92,4.167,0.3025
107,554,3,10,149.0,78.51,4.52,0.3071
107,554,3,11,174.0,71.8,5.25,0.3087
107,554,3,12,185.0,70.25,5.762,0.3141
107,554,3,13,188.0,63.59,6.8,0.3267
107,554,3,14,194.0,60.44,7.7,0.3188
107,554,3,15,199.0,51.95,8.173,0.3092
107,554,3,16,210.0,35.78,8.839,0.3049
107,554,3,17,217.0,20.49,7.777,0.3013
107,554,3,18,203.0,7.39,6.214,0.2953
107,554,3,19,165.0,0.53,6.0,0.2937
107,554,3,20,96.0,0.0,5.163,0.2922
107,554,3,21,82.0,0.0,4.729,0.2898
107,554,3,22,77.0,0.0,4.584,0.2908
107,554,3,23,76.0,0.0,3.727,0.2738
107,555,4,0,74.67,0.0,4.258,0.2552
107,555,4,1,76.67,0.0,3.331,0.2442
107,555,4,2,73.0,0.0,3.013,0.2424
107,555,4,3,75.0,0.0,2.888,0.2498
107,555,4,4,72.0,0.0,2.778,0.2508
107,555,4,5,75.0,9.31,2.886,0.2487
107,555,4,6,77.0,24.91,3.185,0.2538
107,555,4,7,97.0,45.23,3.811,0.2611
107,555,4,8,130.0,62.6,4.177,0.265
107,555,4,9,133.0,78.86,4.42,0.2674
107,555,4,10,148.0,90.28,4.664,0.2678
107,555,4,11,157.0,94.86,5.655,0.2719
107,555,4,12,165.0,83.02,6.55,0.2756
107,555,4,13,180.0,78.38,7.332,0.2763
107,555,4,14,202.0,60.04,7.732,0.275
107,555,4,15,205.0,15.88,8.765,0.2744
107,555,4,16,192.0,10.11,9.099,0.2778
107,555,4,17,188.0,6.39,7.823,0.2781
107,555,4,18,197.0,2.97,6.061,0.2732
107,555,4,19,159.0,0.26,5.141,0.2681
107,555,4,20,97.0,0.0,5.711,0.2631
107,555,4,21,81.0,0.0,5.5,0.2591
107,555,4,22,75.0,0.0,4.189,0.2499
107,555,4,23,72.0,0.0,3.952,0.2438
107,556,5,0,71.33,0.0,3.338,0.2123
107,556,5,1,72.0,0.0,2.666,0.1991
107,556,5,2,71.0,0.0,2.382,0.1965
107,556,5,3,71.0,0.0,2.142,0.2022
107,556,5,4,76.0,0.0,1.903,0.2
107,556,5,5,73.0,3.93,2.025,0.1959
107,556,5,6,75.0,9.9,1.568,0.1937
107,556,5,7,82.0,10.06,2.165,0.1968
107,556,5,8,125.0,16.42,2.756,0.2118
107,556,5,9,125.0,23.88,3.114,0.2186
107,556,5,10,125.0,27.33,3.301,0.2123
107,556,5,11,132.0,29.95,3.694,0.211
107,556,5,12,149.0,32.09,4.019,0.2157
107,556,5,13,161.0,25.89,4.21,0.2223
107,556,5,14,155.0,27.16,4.231,0.2247
107,556,5,15,149.0,21.28,4.412,0.2281
107,556,5,16,152.0,10.29,4.657,0.2348
107,556,5,17,146.0,6.23,4.54,0.235
107,556,5,18,142.0,1.97,4.099,0.2283
107,556,5,19,124.0,0.19,4.009,0.2227
107,556,5,20,86.0,0.0,3.969,0.2195
107,556,5,21,74.0,0.0,3.641,0.2162
107,556,5,22,70.0,0.0,3.161,0.2133
107,556,5,23,69.0,0.0,2.934,0.2141
107,557,6,0,69.0,0.0,1.7,0.1913
107,557,6,1,67.33,0.0,1.53,0.1753
107,557,6,2,65.0,0.0,1.349,0.1706
107,557,6,3,67.0,0.0,1.181,0.165
107,557,6,4,69.0,0.0,1.107,0.1649
107,557,6,5,70.0,10.07,1.065,0.1661
107,557,6,6,70.0,30.91,0.99,0.172
107,557,6,7,77.0,54.26,1.298,0.1814
107,557,6,8,118.0,71.47,1.558,0.1893
107,557,6,9,121.0,77.57,1.727,0.1944
107,557,6,10,118.0,77.17,2.188,0.1901
107,557,6,11,118.0,71.05,2.429,0.1937
107,557,6,12,121.0,79.61,2.482,0.1985
107,557,6,13,121.0,82.14,2.683,0.2018
107,557,6,14,128.0,70.05,2.819,0.2058
107,557,6,15,137.0,58.3,2.638,0.2087
107,557,6,16,140.0,41.79,2.721,0.212
107,557,6,17,140.0,25.12,2.869,0.2133
107,557,6,18,141.0,9.87,2.803,0.2169
107,557,6,19,125.0,0.55,2.701,0.2184
107,557,6,20,85.0,0.0,2.765,0.2181
107,557,6,21,74.0,0.0,2.553,0.2165
107,557,6,22,72.0,0.0,2.48,0.2173
107,557,6,23,69.0,0.0,2.075,0.208
107,558,0,0,72.67,0.0,1.696,0.2006
107,558,0,1,66.67,0.0,1.408,0.1936
107,558,0,2,65.0,0.0,1.071,0.1903
107,558,0,3,69.0,0.0,1.05,0.1871
107,558,0,4,70.0,0.0,1.03,0.1903
107,558,0,5,65.0,10.56,1.05,0.1909
107,558,0,6,66.0,29.89,1.532,0.1923
107,558,0,7,85.0,52.73,1.876,0.2106
107,558,0,8,114.0,73.04,2.382,0.223
107,558,0,9,115.0,76.43,2.495,0.2316
107,558,0,10,128.0,97.09,2.977,0.2408
107,558,0,11,137.0,104.38,3.053,0.2456
107,558,0,12,136.0,101.0,3.146,0.2447
107,558,0,13,145.0,78.86,3.248,0.2486
107,558,0,14,171.0,84.27,3.444,0.2479
107,558,0,15,148.0,72.55,3.603,0.2525
107,558,0,16,143.0,51.77,3.766,0.2561
107,558,0,17,142.0,28.91,3.729,0.261
107,558,0,18,138.0,9.69,3.313,0.2628
107,558,0,19,120.0,0.46,3.029,0.2573
107,558,0,20,85.0,0.0,2.945,0.2524
107,558,0,21,80.0,0.0,2.649,0.2451
107,558,0,22,81.0,0.0,2.432,0.2311
107,558,0,23,79.0,0.0,2.031,0.2171
107,559,1,0,59.33,0.0,2.285,0.1973
107,559,1,1,72.0,0.0,2.041,0.185
107,559,1,2,70.0,0.0,1.681,0.1859
107,559,1,3,75.0,0.0,1.597,0.1861
107,559,1,4,67.0,0.0,1.573,0.1854
107,559,1,5,71.0,8.99,1.511,0.1853
107,559,1,6,73.0,26.98,2.049,0.1908
107,559,1,7,47.0,48.59,2.467,0.2053
107,559,1,8,70.0,70.27,2.674,0.2297
107,559,1,9,70.0,87.04,2.915,0.2387
107,559,1,10,86.0,87.69,3.273,0.2446
107,559,1,11,89.0,100.01,3.599,0.2519
107,559,1,12,89.0,94.96,3.758,0.2597
107,559,1,13,89.0,90.67,4.207,0.2615
107,559,1,14,91.0,78.85,4.602,0.2576
107,559,1,15,93.0,58.72,5.1,0.2595
107,559,1,16,85.0,41.81,5.374,0.2614
107,559,1,17,88.0,23.61,5.277,0.2704
107,559,1,18,85.0,7.9,4.414,0.2738
107,559,1,19,76.0,0.43,3.96,0.271
107,559,1,20,57.0,0.0,3.834,0.2685
107,559,1,21,55.0,0.0,3.562,0.2654
107,559,1,22,56.0,0.0,3.004,0.2522
107,559,1,23,48.0,0.0,2.679,0.2287
107,560,2,0,43.67,0.0,2.381,0.2128
107,560,2,1,41.33,0.0,2.096,0.1958
107,560,2,2,42.0,0.0,1.743,0.1917
107,560,2,3,43.0,0.0,1.541,0.1905
107,560,2,4,43.0,0.0,1.508,0.19
107,560,2,5,42.0,7.02,1.544,0.1949
107,560,2,6,43.0,18.17,2.081,0.1993
107,560,2,7,46.0,30.81,2.723,0.2238
107,560,2,8,72.0,41.66,2.972,0.2497
107,560,2,9,74.0,53.11,3.214,0.2604
107,560,2,10,85.0,60.25,3.541,0.2662
107,560,2,11,85.0,54.82,3.78,0.2746
107,560,2,12,88.0,46.5,4.129,0.2796
107,560,2,13,94.0,37.97,4.706,0.2801
107,560,2,14,94.0,29.35,5.168,0.2804
107,560,2,15,88.0,25.85,5.526,0.2792
107,560,2,16,87.0,20.66,5.857,0.2765
107,560,2,17,87.0,12.3,5.483,0.273
107,560,2,18,85.0,5.36,4.565,0.2772
107,560,2,19,71.0,0.37,4.004,0.2758
107,560,2,20,50.0,0.0,3.804,0.2749
107,560,2,21,47.0,0.0,3.688,0.2714
107,560,2,22,45.0,0.0,3.345,0.2673
107,560,2,23,44.0,0.0,3.101,0.2487
107,561,3,0,41.0,0.0,2.451,0.2308
107,561,3,1,45.33,0.0,2.216,0.2258
107,561,3,2,41.0,0.0,1.972,0.212
107,561,3,3,41.0,0.0,1.746,0.2105
107,561,3,4,39.0,0.0,1.695,0.2118
107,561,3,5,40.0,4.82,1.785,0.2204
107,561,3,6,40.0,13.74,2.176,0.2374
107,561,3,7,44.0,24.53,2.774,0.2397
107,561,3,8,68.0,33.04,2.957,0.2514
107,561,3,9,75.0,38.57,3.354,0.2608
107,561,3,10,84.0,53.35,3.556,0.2671
107,561,3,11,85.0,72.09,3.942,0.2735
107,561,3,12,82.0,89.27,4.75,0.2753
107,561,3,13,84.0,77.79,5.0,0.2696
107,561,3,14,84.0,65.83,5.448,0.2637
107,561,3,15,86.0,68.63,6.136,0.264
107,561,3,16,85.0,52.93,6.836,0.2742
107,561,3,17,83.0,31.15,5.597,0.2707
107,561,3,18,84.0,11.2,4.847,0.2659
107,561,3,19,64.0,0.49,4.405,0.2643
107,561,3,20,42.0,0.0,4.247,0.262
107,561,3,21,39.0,0.0,4.012,0.2584
107,561,3,22,38.0,0.0,3.252,0.2517
107,561,3,23,38.0,0.0,3.062,0.2339
107,562,4,0,36.67,0.0,3.131,0.2245
107,562,4,1,36.67,0.0,2.68,0.2214
107,562,4,2,38.0,0.0,2.405,0.2142
107,562,4,3,40.0,0.0,2.315,0.2121
107,562,4,4,40.0,0.0,2.24,0.2148
107,562,4,5,39.0,8.0,2.294,0.2167
107,562,4,6,40.0,24.33,2.64,0.2223
107,562,4,7,42.0,43.01,3.312,0.2348
107,562,4,8,68.0,54.45,3.644,0.2505
107,562,4,9,68.0,51.11,4.036,0.2629
107,562,4,10,84.0,73.83,4.975,0.2687
107,562,4,11,82.0,85.39,5.43,0.2752
107,562,4,12,87.0,74.95,6.252,0.28
107,562,4,13,87.0,64.37,7.345,0.2729
107,562,4,14,88.0,69.91,7.729,0.2737
107,562,4,15,78.0,56.87,8.129,0.2771
107,562,4,16,75.0,43.93,7.994,0.273
107,562,4,17,70.0,25.96,7.494,0.2738
107,562,4,18,64.0,10.13,5.641,0.2755
107,562,4,19,53.0,0.45,5.311,0.2726
107,562,4,20,39.0,0.0,4.983,0.2653
107,562,4,21,37.0,0.0,4.499,0.2614
107,562,4,22,37.0,0.0,4.074,0.2527
107,562,4,23,36.0,0.0,3.457,0.2413
107,563,5,0,44.67,0.0,3.336,0.2241
107,563,5,1,37.0,0.0,2.772,0.2116
107,563,5,2,36.0,0.0,2.5,0.2013
107,563,5,3,36.0,0.0,2.12,0.1961
107,563,5,4,36.0,0.0,1.912,0.1936
107,563,5,5,37.0,8.43,1.671,0.1924
107,563,5,6,39.0,26.77,1.632,0.1901
107,563,5,7,42.0,48.39,2.033,0.1981
107,563,5,8,65.0,69.42,2.753,0.2062
107,563,5,9,66.0,86.48,3.272,0.2169
107,563,5,10,66.0,97.5,3.239,0.2306
107,563,5,11,66.0,98.96,3.556,0.237
107,563,5,12,64.0,96.95,4.166,0.2431
107,563,5,13,58.0,71.98,4.416,0.2441
107,563,5,14,58.0,35.21,4.508,0.2403
107,563,5,15,57.0,17.3,4.435,0.2409
107,563,5,16,57.0,18.36,4.692,0.2435
107,563,5,17,58.0,12.8,4.559,0.2446
107,563,5,18,57.0,4.61,4.02,0.2447
107,563,5,19,86.0,0.19,3.71,0.2414
107,563,5,20,58.0,0.0,3.555,0.2374
107,563,5,21,54.0,0.0,3.482,0.234
107,563,5,22,55.0,0.0,3.09,0.2259
107,563,5,23,53.0,0.0,3.034,0.218
107,564,6,0,53.0,0.0,2.638,0.2121
107,564,6,1,49.67,0.0,2.224,0.2043
107,564,6,2,52.0,0.0,1.816,0.1936
107,564,6,3,52.0,0.0,1.819,0.1868
107,564,6,4,55.0,0.0,1.587,0.1876
107,564,6,5,51.0,7.06,1.493,0.1879
107,564,6,6,51.0,23.8,1.385,0.1811
107,564,6,7,60.0,46.22,1.69,0.1869
107,564,6,8,102.0,67.91,2.162,0.1954
107,564,6,9,98.0,87.58,2.595,0.2115
107,564,6,10,104.0,103.06,2.912,0.2215
107,564,6,11,110.0,110.23,3.089,0.23
107,564,6,12,111.0,106.99,3.308,0.2399
107,564,6,13,114.0,95.27,3.598,0.244
107,564,6,14,114.0,86.78,3.953,0.2427
107,564,6,15,116.0,67.91,4.127,0.2434
107,564,6,16,117.0,48.72,4.209,0.2429
107,564,6,17,119.0,28.87,4.193,0.2453
107,564,6,18,117.0,10.33,3.944,0.2459
107,564,6,19,107.0,0.41,3.587,0.239
107,564,6,20,58.0,0.0,3.481,0.2363
107,564,6,21,59.0,0.0,3.351,0.2356
107,564,6,22,55.0,0.0,3.029,0.2327
107,564,6,23,51.0,0.0,2.775,0.2178
107,565,0,0,53.0,0.0,3.009,0.2034
107,565,0,1,54.33,0.0,2.296,0.1928
107,565,0,2,48.0,0.0,2.116,0.1859
107,565,0,3,50.0,0.0,1.966,0.185
107,565,0,4,54.0,0.0,1.901,0.1845
107,565,0,5,50.0,7.24,2.078,0.189
107,565,0,6,50.0,24.64,2.444,0.2012
107,565,0,7,66.0,46.55,2.92,0.2149
107,565,0,8,103.0,66.6,3.35,0.2303
107,565,0,9,109.0,85.54,3.731,0.2486
107,565,0,10,129.0,94.99,4.319,0.256
107,565,0,11,142.0,94.73,4.918,0.2659
107,565,0,12,140.0,91.59,5.9,0.2694
107,565,0,13,141.0,67.07,6.764,0.2715
107,565,0,14,145.0,22.46,7.236,0.2777
107,565,0,15,148.0,30.16,7.7,0.2924
107,565,0,16,152.0,19.51,8.1,0.2817
107,565,0,17,150.0,11.65,7.57,0.2727
107,565,0,18,137.0,4.79,5.509,0.2736
107,565,0,19,122.0,0.0,5.1,0.275
107,565,0,20,57.0,0.0,4.879,0.2751
107,565,0,21,54.0,0.0,4.755,0.2719
107,565,0,22,53.0,0.0,4.001,0.2665
107,565,0,23,52.0,0.0,3.283,0.2547
107,566,1,0,54.67,0.0,2.982,0.2326
107,566,1,1,49.67,0.0,2.482,0.2225
107,566,1,2,53.0,0.0,2.056,0.2104
107,566,1,3,53.0,0.0,1.911,0.2117
107,566,1,4,51.0,0.0,1.849,0.2111
107,566,1,5,51.0,7.61,2.022,0.2121
107,566,1,6,52.0,27.47,2.42,0.2145
107,566,1,7,73.0,50.62,2.914,0.2173
107,566,1,8,108.0,73.59,3.185,0.2266
107,566,1,9,121.0,93.13,3.603,0.2316
107,566,1,10,157.0,105.38,3.774,0.2418
107,566,1,11,169.0,112.05,3.954,0.2532
107,566,1,12,162.0,108.26,4.331,0.2556
107,566,1,13,164.0,93.23,5.404,0.258
107,566,1,14,163.0,80.4,5.497,0.2597
107,566,1,15,170.0,67.36,5.717,0.2592
107,566,1,16,168.0,48.79,6.13,0.2613
107,566,1,17,181.0,27.45,5.22,0.2612
107,566,1,18,168.0,10.25,4.597,0.264
107,566,1,19,152.0,0.0,4.348,0.2607
107,566,1,20,81.0,0.0,4.317,0.2512
107,566,1,21,70.0,0.0,3.52,0.2528
107,566,1,22,70.0,0.0,3.062,0.2404
107,566,1,23,53.0,0.0,2.665,0.2326
107,567,2,0,56.0,0.0,2.107,0.2169
107,567,2,1,51.0,0.0,1.876,0.2052
107,567,2,2,55.0,0.0,1.689,0.1987
107,567,2,3,56.0,0.0,1.551,0.1968
107,567,2,4,53.0,0.0,1.514,0.1949
107,567,2,5,53.0,8.18,1.607,0.1958
107,567,2,6,58.0,28.31,1.783,0.2006
107,567,2,7,82.0,50.56,2.271,0.211
107,567,2,8,130.0,72.59,2.654,0.2176
107,567,2,9,134.0,90.53,2.891,0.2247
107,567,2,10,159.0,103.52,3.035,0.2298
107,567,2,11,163.0,112.09,3.197,0.2311
107,567,2,12,156.0,109.65,3.226,0.244
107,567,2,13,158.0,98.93,3.436,0.2483
107,567,2,14,170.0,87.72,3.753,0.2451
107,567,2,15,185.0,72.27,3.975,0.2554
107,567,2,16,187.0,49.66,4.236,0.2606
107,567,2,17,186.0,27.5,3.97,0.2648
107,567,2,18,167.0,9.75,3.506,0.2646
107,567,2,19,149.0,0.0,3.226,0.2594
107,567,2,20,69.0,0.0,3.158,0.2509
107,567,2,21,61.0,0.0,2.91,0.2459
107,567,2,22,54.0,0.0,2.606,0.2354
107,567,2,23,59.0,0.0,2.199,0.2273
107,568,3,0,56.33,0.0,2.159,0.2211
107,568,3,1,54.0,0.0,1.982,0.2084
107,568,3,2,58.0,0.0,1.605,0.1941
107,568,3,3,56.0,0.0,1.507,0.1944
107,568,3,4,54.0,0.0,1.504,0.1928
107,568,3,5,54.0,7.96,1.673,0.1987
107,568,3,6,55.0,28.02,2.123,0.2023
107,568,3,7,74.0,50.92,2.677,0.2128
107,568,3,8,99.0,72.8,2.881,0.2339
107,568,3,9,104.0,91.15,3.111,0.2608
107,568,3,10,126.0,104.26,3.378,0.2739
107,568,3,11,131.0,110.77,3.555,0.2836
107,568,3,12,135.0,108.69,3.714,0.29
107,568,3,13,138.0,94.32,4.443,0.2998
107,568,3,14,136.0,89.18,4.726,0.3028
107,568,3,15,141.0,73.33,4.951,0.3016
107,568,3,16,137.0,53.31,5.161,0.3022
107,568,3,17,146.0,30.16,4.868,0.306
107,568,3,18,135.0,10.57,4.567,0.3106
107,568,3,19,119.0,0.0,4.061,0.3024
107,568,3,20,68.0,0.0,3.919,0.29
107,568,3,21,61.0,0.0,3.958,0.278
107,568,3,22,56.0,0.0,3.146,0.2689
107,568,3,23,54.0,0.0,2.705,0.2479
107,569,4,0,56.0,0.0,2.578,0.2347
107,569,4,1,58.33,0.0,2.379,0.2131
107,569,4,2,55.0,0.0,2.039,0.2019
107,569,4,3,55.0,0.0,1.877,0.1953
107,569,4,4,55.0,0.0,1.854,0.1958
107,569,4,5,58.0,5.99,1.955,0.2042
107,569,4,6,56.0,22.13,2.414,0.2086
107,569,4,7,76.0,42.23,2.915,0.2291
107,569,4,8,98.0,65.35,3.363,0.2416
107,569,4,9,106.0,84.26,3.613,0.2593
107,569,4,10,120.0,97.39,4.1,0.2678
107,569,4,11,120.0,99.6,4.887,0.2748
107,569,4,12,132.0,106.37,5.613,0.2774
107,569,4,13,137.0,98.94,7.072,0.2766
107,569,4,14,145.0,85.76,7.799,0.2809
107,569,4,15,144.0,69.23,8.158,0.2857
107,569,4,16,139.0,50.97,8.137,0.2887
107,569,4,17,135.0,28.99,7.585,0.2935
107,569,4,18,124.0,10.12,5.705,0.2895
107,569,4,19,112.0,0.0,5.171,0.2891
107,569,4,20,60.0,0.0,4.912,0.2841
107,569,4,21,57.0,0.0,4.327,0.283
107,569,4,22,54.0,0.0,3.769,0.2789
107,569,4,23,51.0,0.0,3.341,0.2769
107,570,5,0,54.0,0.0,3.454,0.2711
107,570,5,1,51.67,0.0,2.758,0.2591
107,570,5,2,57.0,0.0,2.523,0.2497
107,570,5,3,51.0,0.0,2.375,0.2348
107,570,5,4,51.0,0.0,2.323,0.227
107,570,5,5,52.0,7.81,2.174,0.2258
107,570,5,6,55.0,28.26,2.227,0.2181
107,570,5,7,69.0,51.35,2.614,0.2308
107,570,5,8,102.0,73.27,3.299,0.2391
107,570,5,9,106.0,91.67,4.053,0.259
107,570,5,10,110.0,105.21,4.0,0.2764
107,570,5,11,113.0,111.74,4.459,0.2795
107,570,5,12,116.0,112.1,4.924,0.2842
107,570,5,13,122.0,104.6,5.299,0.2875
107,570,5,14,122.0,84.81,5.904,0.2887
107,570,5,15,124.0,70.64,6.052,0.2903
107,570,5,16,123.0,51.08,6.24,0.2931
107,570,5,17,123.0,29.34,5.941,0.2935
107,570,5,18,123.0,9.76,5.5,0.3005
107,570,5,19,108.0,0.0,4.726,0.2986
107,570,5,20,56.0,0.0,4.508,0.3001
107,570,5,21,55.0,0.0,4.278,0.2917
107,570,5,22,52.0,0.0,3.999,0.2876
107,570,5,23,51.0,0.0,3.352,0.2818
107,571,6,0,52.0,0.0,3.046,0.2659
107,571,6,1,51.33,0.0,2.755,0.2501
107,571,6,2,53.0,0.0,2.523,0.2317
107,571,6,3,50.0,0.0,2.364,0.2199
107,571,6,4,51.0,0.0,2.293,0.2167
107,571,6,5,50.0,7.61,1.936,0.2156
107,571,6,6,54.0,27.94,1.423,0.2153
107,571,6,7,68.0,50.5,2.167,0.2234
107,571,6,8,93.0,70.38,2.586,0.2328
107,571,6,9,91.0,87.42,2.917,0.2423
107,571,6,10,99.0,99.21,3.395,0.2447
107,571,6,11,101.0,102.86,3.684,0.2482
107,571,6,12,110.0,101.32,4.154,0.2604
107,571,6,13,111.0,104.21,4.58,0.2715
107,571,6,14,108.0,90.43,4.95,0.2819
107,571,6,15,111.0,63.65,5.131,0.2856
107,571,6,16,112.0,45.76,5.316,0.2891
107,571,6,17,114.0,24.73,5.302,0.2922
107,571,6,18,108.0,7.93,5.0,0.2919
107,571,6,19,94.0,0.0,4.5,0.2898
107,571,6,20,56.0,0.0,4.583,0.2814
107,571,6,21,55.0,0.0,4.8,0.2788
107,571,6,22,50.0,0.0,3.669,0.2803
107,571,6,23,52.0,0.0,3.127,0.2786
107,572,0,0,67.8,0.0,3.118,0.2631
107,572,0,1,53.67,0.0,2.56,0.2487
107,572,0,2,51.0,0.0,2.437,0.234
107,572,0,3,49.0,0.0,2.413,0.2296
107,572,0,4,51.0,0.0,2.402,0.227
107,572,0,5,53.0,4.21,2.488,0.2303
107,572,0,6,53.0,16.5,2.588,0.2373
107,572,0,7,60.0,33.16,3.468,0.2488
107,572,0,8,92.0,54.24,3.954,0.2599
107,572,0,9,97.0,74.89,4.251,0.2743
107,572,0,10,120.0,90.88,5.0,0.2832
107,572,0,11,119.0,103.25,5.747,0.289
107,572,0,12,134.0,98.84,6.762,0.2921
107,572,0,13,139.0,77.27,9.1,0.2935
107,572,0,14,133.0,65.77,10.314,0.3085
107,572,0,15,142.0,23.63,11.473,0.3038
107,572,0,16,141.0,5.91,11.511,0.3053
107,572,0,17,136.0,3.19,10.103,0.2988
107,572,0,18,133.0,0.9,7.807,0.2852
107,572,0,19,108.0,0.0,6.614,0.284
107,572,0,20,63.0,0.0,6.1,0.2842
107,572,0,21,52.0,0.0,5.155,0.2801
107,572,0,22,50.0,0.0,4.73,0.2678
107,572,0,23,52.0,0.0,3.868,0.2499
107,573,1,0,84.26,0.0,3.93,0.2324
107,573,1,1,84.26,0.0,3.696,0.2182
107,573,1,2,84.26,0.0,2.376,0.2136
107,573,1,3,84.26,0.0,2.262,0.2127
107,573,1,4,84.26,0.0,2.218,0.2125
107,573,1,5,84.26,6.01,2.344,0.2135
107,573,1,6,84.26,25.79,2.676,0.2185
107,573,1,7,84.26,48.72,3.469,0.2342
107,573,1,8,84.26,73.27,3.813,0.2506
107,573,1,9,84.26,91.48,4.169,0.2677
107,573,1,10,84.26,103.78,4.646,0.2787
107,573,1,11,84.26,110.8,5.308,0.2831
107,573,1,12,84.26,105.17,6.0,0.2828
107,573,1,13,84.26,96.85,6.968,0.2824
107,573,1,14,84.26,84.72,8.0,0.2856
107,573,1,15,84.26,65.81,9.042,0.289
107,573,1,16,84.26,47.44,9.468,0.2916
107,573,1,17,84.26,25.61,8.104,0.2916
107,573,1,18,84.26,8.24,6.639,0.2928
107,573,1,19,84.26,0.0,6.0,0.2956
107,573,1,20,84.26,0.0,5.3,0.2907
107,573,1,21,84.26,0.0,4.839,0.2806
107,573,1,22,84.26,0.0,4.337,0.2749
107,573,1,23,84.26,0.0,3.698,0.2626
107,574,2,0,84.26,0.0,3.712,0.246
107,574,2,1,84.26,0.0,3.096,0.2346
107,574,2,2,84.26,0.0,2.18,0.2228
107,574,2,3,84.26,0.0,2.075,0.217
107,574,2,4,84.26,0.0,1.963,0.2192
107,574,2,5,84.26,5.73,2.08,0.2226
107,574,2,6,84.26,23.16,2.369,0.2283
107,574,2,7,84.26,44.19,3.264,0.2448
107,574,2,8,84.26,69.13,3.654,0.262
107,574,2,9,84.26,88.39,4.084,0.2773
107,574,2,10,84.26,101.61,4.404,0.2796
107,574,2,11,84.26,109.18,4.976,0.2847
107,574,2,12,84.26,107.31,5.918,0.2853
107,574,2,13,84.26,100.02,7.243,0.2857
107,574,2,14,84.26,86.41,8.227,0.2865
107,574,2,15,84.26,71.28,8.825,0.2898
107,574,2,16,84.26,49.61,8.869,0.2868
107,574,2,17,84.26,28.05,8.106,0.2881
107,574,2,18,84.26,8.81,6.301,0.2872
107,574,2,19,84.26,0.0,5.501,0.289
107,574,2,20,84.26,0.0,4.976,0.2902
107,574,2,21,84.26,0.0,4.608,0.2871
107,574,2,22,84.26,0.0,4.094,0.2829
107,574,2,23,84.26,0.0,3.478,0.2701
107,575,3,0,84.26,0.0,3.5,0.2592
107,575,3,1,84.26,0.0,2.375,0.2509
107,575,3,2,84.26,0.0,2.049,0.2404
107,575,3,3,84.26,0.0,1.92,0.2228
107,575,3,4,84.26,0.0,1.923,0.2231
107,575,3,5,84.26,5.95,2.051,0.2275
107,575,3,6,84.26,24.17,2.329,0.2254
107,575,3,7,84.26,44.61,3.049,0.2383
107,575,3,8,84.26,64.43,3.316,0.2576
107,575,3,9,84.26,78.54,3.602,0.2722
107,575,3,10,84.26,96.17,4.228,0.2795
107,575,3,11,84.26,102.66,4.647,0.2864
107,575,3,12,84.26,91.12,5.142,0.2867
107,575,3,13,84.26,60.44,6.03,0.2884
107,575,3,14,84.26,40.94,7.449,0.2907
107,575,3,15,84.26,10.42,7.671,0.294
107,575,3,16,84.26,5.75,8.1,0.2937
107,575,3,17,84.26,5.96,6.614,0.294
107,575,3,18,84.26,1.18,5.849,0.2982
107,575,3,19,84.26,0.0,4.916,0.2956
107,575,3,20,84.26,0.0,4.669,0.292
107,575,3,21,84.26,0.0,4.324,0.2896
107,575,3,22,84.26,0.0,3.896,0.2933
107,575,3,23,84.26,0.0,3.208,0.2858
107,576,4,0,84.26,0.0,3.388,0.2738
107,576,4,1,84.26,0.0,2.606,0.2633
107,576,4,2,84.26,0.0,2.266,0.2548
107,576,4,3,84.26,0.0,2.039,0.2408
107,576,4,4,84.26,0.0,2.03,0.2402
107,576,4,5,84.26,2.99,2.098,0.2413
107,576,4,6,84.26,11.27,2.623,0.2423
107,576,4,7,84.26,21.41,2.887,0.2535
107,576,4,8,84.26,39.64,3.419,0.2654
107,576,4,9,84.26,58.41,3.478,0.2657
107,576,4,10,84.26,71.52,3.611,0.2707
107,576,4,11,84.26,88.35,4.082,0.2771
107,576,4,12,84.26,98.47,4.241,0.2772
107,576,4,13,84.26,81.78,4.66,0.2752
107,576,4,14,84.26,80.16,4.867,0.2779
107,576,4,15,84.26,70.21,4.97,0.2812
107,576,4,16,84.26,47.89,4.726,0.282
107,576,4,17,84.26,25.76,4.459,0.2809
107,576,4,18,84.26,7.21,4.182,0.2833
107,576,4,19,84.26,0.0,3.878,0.2826
107,576,4,20,84.26,0.0,3.776,0.2801
107,576,4,21,84.26,0.0,3.583,0.2776
107,576,4,22,84.26,0.0,3.076,0.2732
107,576,4,23,84.26,0.0,2.855,0.2728
107,577,5,0,84.26,0.0,2.296,0.2569
107,577,5,1,84.26,0.0,2.112,0.233
107,577,5,2,84.26,0.0,1.945,0.2223
107,577,5,3,84.26,0.0,1.808,0.2189
107,577,5,4,84.26,0.0,1.722,0.2203
107,577,5,5,84.26,4.09,1.654,0.2239
107,577,5,6,84.26,18.13,1.464,0.2246
107,577,5,7,84.26,34.97,1.631,0.2409
107,577,5,8,84.26,53.93,1.94,0.2384
107,577,5,9,84.26,71.82,2.607,0.2438
107,577,5,10,84.26,71.06,2.708,0.2614
107,577,5,11,84.26,73.92,3.013,0.2578
107,577,5,12,84.26,70.27,3.315,0.2565
107,577,5,13,84.26,38.64,3.486,0.27
107,577,5,14,84.26,32.12,3.651,0.2786
107,577,5,15,84.26,23.29,3.9,0.276
107,577,5,16,84.26,12.77,3.9,0.276
107,577,5,17,84.26,6.17,3.637,0.2706
107,577,5,18,84.26,2.21,3.497,0.2701
107,577,5,19,84.26,0.0,3.224,0.2706
107,577,5,20,84.26,0.0,3.212,0.27
107,577,5,21,84.26,0.0,3.18,0.2706
107,577,5,22,84.26,0.0,2.78,0.2649
107,577,5,23,84.26,0.0,2.725,0.2607
107,578,6,0,84.26,0.0,2.439,0.2457
107,578,6,1,84.26,0.0,2.157,0.2401
107,578,6,2,84.26,0.0,1.991,0.2369
107,578,6,3,84.26,0.0,1.883,0.2359
107,578,6,4,84.26,0.0,1.677,0.2308
107,578,6,5,84.26,1.51,1.568,0.228
107,578,6,6,84.26,7.13,1.318,0.2263
107,578,6,7,84.26,13.91,1.394,0.2275
107,578,6,8,84.26,21.84,1.695,0.2331
107,578,6,9,84.26,33.95,2.058,0.2373
107,578,6,10,84.26,41.06,2.715,0.2388
107,578,6,11,84.26,55.21,2.683,0.2482
107,578,6,12,84.26,54.94,2.833,0.2585
107,578,6,13,84.26,54.55,3.013,0.2628
107,578,6,14,84.26,50.75,3.048,0.2666
107,578,6,15,84.26,34.37,3.09,0.2673
107,578,6,16,84.26,21.46,3.472,0.2664
107,578,6,17,84.26,11.47,3.472,0.2656
107,578,6,18,84.26,2.66,3.109,0.268
107,578,6,19,84.26,0.05,2.899,0.2694
107,578,6,20,84.26,0.0,2.961,0.2683
107,578,6,21,84.26,0.0,2.947,0.2665
107,578,6,22,84.26,0.0,2.768,0.2622
107,578,6,23,84.26,0.0,2.38,0.2557
107,579,0,0,84.26,0.0,2.528,0.2308
107,579,0,1,84.26,0.0,2.161,0.2263
107,579,0,2,84.26,0.0,2.007,0.2213
107,579,0,3,84.26,0.0,1.902,0.219
107,579,0,4,84.26,0.0,1.849,0.2173
107,579,0,5,84.26,1.81,2.053,0.2165
107,579,0,6,84.26,6.85,2.061,0.225
107,579,0,7,84.26,14.01,2.506,0.2357
107,579,0,8,84.26,19.64,2.805,0.2407
107,579,0,9,84.26,26.63,2.986,0.2497
107,579,0,10,84.26,30.71,3.385,0.2553
107,579,0,11,84.26,31.73,3.804,0.2643
107,579,0,12,84.26,52.34,3.985,0.2693
107,579,0,13,84.26,48.21,4.256,0.2711
107,579,0,14,84.26,54.78,4.312,0.2753
107,579,0,15,84.26,33.16,4.569,0.2748
107,579,0,16,84.26,21.59,4.658,0.2759
107,579,0,17,84.26,12.68,4.434,0.2764
107,579,0,18,84.26,3.54,4.042,0.2723
107,579,0,19,84.26,0.0,3.842,0.2674
107,579,0,20,84.26,0.0,3.914,0.267
107,579,0,21,84.26,0.0,3.445,0.2583
107,579,0,22,84.26,0.0,3.099,0.248
107,579,0,23,84.26,0.0,3.025,0.2365
107,580,1,0,84.26,0.0,2.43,0.2254
107,580,1,1,84.26,0.0,2.196,0.2115
107,580,1,2,84.26,0.0,1.927,0.2052
107,580,1,3,84.26,0.0,1.78,0.2027
107,580,1,4,84.26,0.0,1.818,0.2011
107,580,1,5,84.26,2.33,1.955,0.2121
107,580,1,6,84.26,11.99,1.932,0.2258
107,580,1,7,84.26,25.93,2.239,0.2364
107,580,1,8,84.26,44.25,2.615,0.2486
107,580,1,9,84.26,44.77,2.842,0.249
107,580,1,10,84.26,64.1,3.437,0.2536
107,580,1,11,84.26,64.55,3.775,0.2601
107,580,1,12,84.26,49.18,4.061,0.2614
107,580,1,13,84.26,44.28,4.004,0.2599
107,580,1,14,84.26,52.43,4.101,0.261
107,580,1,15,84.26,43.6,4.294,0.261
107,580,1,16,84.26,30.91,4.504,0.266
107,580,1,17,84.26,18.29,4.208,0.2696
107,580,1,18,84.26,5.63,3.925,0.272
107,580,1,19,84.26,0.0,3.72,0.2666
107,580,1,20,84.26,0.0,3.682,0.2577
107,580,1,21,84.26,0.0,3.461,0.2576
107,580,1,22,84.26,0.0,3.158,0.2612
107,580,1,23,84.26,0.0,2.446,0.2462
107,581,2,0,84.26,0.0,2.391,0.2254
107,581,2,1,84.26,0.0,2.215,0.2067
107,581,2,2,84.26,0.0,2.01,0.2021
107,581,2,3,84.26,0.0,1.876,0.2016
107,581,2,4,84.26,0.0,1.852,0.2009
107,581,2,5,84.26,4.87,1.91,0.2064
107,581,2,6,84.26,23.55,1.978,0.217
107,581,2,7,84.26,45.27,2.32,0.2245
107,581,2,8,84.26,66.08,2.8,0.2269
107,581,2,9,84.26,84.3,3.131,0.2353
107,581,2,10,84.26,91.48,3.258,0.2406
107,581,2,11,84.26,105.76,3.305,0.2501
107,581,2,12,84.26,102.79,3.363,0.2558
107,581,2,13,84.26,97.46,3.49,0.2606
107,581,2,14,84.26,86.95,3.647,0.265
107,581,2,15,84.26,71.61,3.844,0.2681
107,581,2,16,84.26,50.58,4.086,0.2699
107,581,2,17,84.26,27.88,3.707,0.2737
107,581,2,18,84.26,7.46,3.514,0.2741
107,581,2,19,84.26,0.0,3.311,0.2672
107,581,2,20,84.26,0.0,3.282,0.2606
107,581,2,21,84.26,0.0,3.061,0.2559
107,581,2,22,84.26,0.0,2.781,0.2539
107,581,2,23,84.26,0.0,2.377,0.2359
107,582,3,0,84.26,0.0,2.33,0.2198
107,582,3,1,84.26,0.0,1.977,0.205
107,582,3,2,84.26,0.0,1.706,0.2023
107,582,3,3,84.26,0.0,1.567,0.1988
107,582,3,4,84.26,0.0,1.508,0.2001
107,582,3,5,84.26,4.8,1.767,0.2037
107,582,3,6,84.26,23.86,2.141,0.2089
107,582,3,7,84.26,46.63,2.358,0.2224
107,582,3,8,84.26,67.79,2.598,0.24
107,582,3,9,84.26,87.19,2.942,0.2497
107,582,3,10,84.26,67.42,3.252,0.2575
107,582,3,11,84.26,100.08,3.377,0.2662
107,582,3,12,84.26,97.22,3.51,0.2726
107,582,3,13,84.26,94.72,3.664,0.2732
107,582,3,14,84.26,80.32,4.08,0.2723
107,582,3,15,84.26,67.98,4.339,0.2711
107,582,3,16,84.26,46.97,4.545,0.2701
107,582,3,17,84.26,25.44,4.27,0.2746
107,582,3,18,84.26,6.44,3.86,0.2739
107,582,3,19,84.26,0.0,3.495,0.2761
107,582,3,20,84.26,0.0,3.498,0.2731
107,582,3,21,84.26,0.0,3.201,0.2674
107,582,3,22,84.26,0.0,2.873,0.2617
107,582,3,23,84.26,0.0,2.473,0.2561
107,583,4,0,84.26,0.0,2.302,0.2276
107,583,4,1,84.26,0.0,1.939,0.2134
107,583,4,2,84.26,0.0,1.658,0.2021
107,583,4,3,84.26,0.0,1.632,0.1977
107,583,4,4,84.26,0.0,1.588,0.1954
107,583,4,5,84.26,4.33,1.708,0.2009
107,583,4,6,84.26,22.49,1.881,0.215
107,583,4,7,84.26,43.84,2.18,0.2261
107,583,4,8,84.26,65.3,2.461,0.2447
107,583,4,9,84.26,83.26,2.766,0.2564
107,583,4,10,84.26,89.79,2.981,0.2627
107,583,4,11,84.26,79.33,3.099,0.2686
107,583,4,12,84.26,89.61,3.285,0.2714
107,583,4,13,84.26,72.56,3.495,0.2717
107,583,4,14,84.26,56.27,3.804,0.2695
107,583,4,15,84.26,51.64,4.017,0.2692
107,583,4,16,84.26,31.44,4.164,0.2698
107,583,4,17,84.26,18.06,4.085,0.268
107,583,4,18,84.26,4.5,3.527,0.2679
107,583,4,19,84.26,0.0,3.219,0.2684
107,583,4,20,84.26,0.0,3.219,0.2685
107,583,4,21,84.26,0.0,2.977,0.264
107,583,4,22,84.26,0.0,2.781,0.2649
107,583,4,23,84.26,0.0,2.559,0.2542
107,584,5,0,84.26,0.0,2.613,0.2281
107,584,5,1,84.26,0.0,2.372,0.2211
107,584,5,2,84.26,0.0,2.153,0.2094
107,584,5,3,84.26,0.0,1.845,0.2035
107,584,5,4,84.26,0.0,1.764,0.2013
107,584,5,5,84.26,2.5,1.695,0.2049
107,584,5,6,84.26,12.97,1.507,0.2065
107,584,5,7,84.26,26.62,1.922,0.2082
107,584,5,8,84.26,44.65,2.419,0.221
107,584,5,9,84.26,37.91,2.771,0.237
107,584,5,10,84.26,49.19,2.943,0.2535
107,584,5,11,84.26,82.1,3.416,0.2623
107,584,5,12,84.26,88.02,3.6,0.269
107,584,5,13,84.26,85.59,4.05,0.2709
107,584,5,14,84.26,64.31,4.053,0.2677
107,584,5,15,84.26,49.0,4.211,0.2691
107,584,5,16,84.26,33.64,4.211,0.278
107,584,5,17,84.26,18.48,4.126,0.2821
107,584,5,18,84.26,4.75,3.685,0.2793
107,584,5,19,84.26,0.0,3.177,0.2794
107,584,5,20,84.26,0.0,3.359,0.2759
107,584,5,21,84.26,0.0,2.974,0.2734
107,584,5,22,84.26,0.0,2.806,0.2721
107,584,5,23,84.26,0.0,2.688,0.2635
107,585,6,0,84.26,0.0,2.322,0.2433
107,585,6,1,84.26,0.0,2.198,0.2282
107,585,6,2,84.26,0.0,1.967,0.2177
107,585,6,3,84.26,0.0,1.67,0.2123
107,585,6,4,84.26,0.0,1.599,0.2072
107,585,6,5,84.26,4.79,1.59,0.2107
107,585,6,6,84.26,25.02,1.116,0.2065
107,585,6,7,84.26,48.28,1.516,0.2015
107,585,6,8,84.26,70.34,1.875,0.2088
107,585,6,9,84.26,88.85,2.377,0.2158
107,585,6,10,84.26,102.19,2.66,0.2328
107,585,6,11,84.26,108.99,2.778,0.2493
107,585,6,12,84.26,107.09,2.89,0.2581
107,585,6,13,84.26,96.21,3.002,0.2659
107,585,6,14,84.26,86.75,3.161,0.2685
107,585,6,15,84.26,71.01,3.412,0.2697
107,585,6,16,84.26,49.59,3.537,0.27
107,585,6,17,84.26,26.69,3.51,0.2696
107,585,6,18,84.26,6.35,3.261,0.269
107,585,6,19,84.26,0.0,2.991,0.2663
107,585,6,20,84.26,0.0,3.033,0.2698
107,585,6,21,84.26,0.0,2.881,0.2681
107,585,6,22,84.26,0.0,2.675,0.2626
107,585,6,23,84.26,0.0,2.536,0.2559
107,586,0,0,84.26,0.0,2.33,0.2336
107,586,0,1,84.26,0.0,2.146,0.2158
107,586,0,2,84.26,0.0,1.971,0.2115
107,586,0,3,84.26,0.0,1.825,0.2106
107,586,0,4,84.26,0.0,1.791,0.2116
107,586,0,5,84.26,3.46,1.981,0.2127
107,586,0,6,84.26,17.76,1.925,0.2174
107,586,0,7,84.26,36.18,2.303,0.2278
107,586,0,8,84.26,54.49,2.606,0.2402
107,586,0,9,84.26,64.27,2.795,0.2501
107,586,0,10,84.26,65.22,3.065,0.2562
107,586,0,11,84.26,63.5,3.251,0.2673
107,586,0,12,84.26,72.38,3.506,0.2758
107,586,0,13,84.26,70.25,3.991,0.2786
107,586,0,14,84.26,57.98,4.441,0.2804
107,586,0,15,84.26,54.69,4.646,0.2781
107,586,0,16,84.26,36.95,4.763,0.2783
107,586,0,17,84.26,19.39,4.514,0.2754
107,586,0,18,84.26,4.58,4.02,0.2787
107,586,0,19,84.26,0.0,3.645,0.2802
107,586,0,20,84.26,0.0,3.647,0.2805
107,586,0,21,84.26,0.0,3.141,0.2789
107,586,0,22,84.26,0.0,2.69,0.2699
107,586,0,23,84.26,0.0,2.477,0.2472
107,587,1,0,84.26,0.0,2.422,0.2264
107,587,1,1,84.26,0.0,2.25,0.216
107,587,1,2,84.26,0.0,1.984,0.2097
107,587,1,3,84.26,0.0,1.785,0.2073
107,587,1,4,84.26,0.0,1.668,0.2087
107,587,1,5,84.26,4.11,1.93,0.2115
107,587,1,6,84.26,23.51,2.124,0.2189
107,587,1,7,84.26,46.51,2.43,0.2353
107,587,1,8,84.26,68.38,2.722,0.2523
107,587,1,9,84.26,87.31,2.941,0.2666
107,587,1,10,84.26,98.13,3.295,0.2731
107,587,1,11,84.26,96.65,3.566,0.2708
107,587,1,12,84.26,93.04,3.786,0.2751
107,587,1,13,84.26,89.18,4.343,0.2783
107,587,1,14,84.26,75.73,4.604,0.283
107,587,1,15,84.26,57.53,5.197,0.2818
107,587,1,16,84.26,39.77,5.5,0.2831
107,587,1,17,84.26,21.07,5.229,0.2845
107,587,1,18,84.26,4.53,4.711,0.2843
107,587,1,19,84.26,0.0,4.117,0.2832
107,587,1,20,84.26,0.0,3.971,0.2794
107,587,1,21,84.26,0.0,3.561,0.2754
107,587,1,22,84.26,0.0,3.119,0.2727
107,587,1,23,84.26,0.0,2.855,0.2622
107,588,2,0,84.26,0.0,2.546,0.2489
107,588,2,1,84.26,0.0,2.345,0.2303
107,588,2,2,84.26,0.0,2.045,0.2178
107,588,2,3,84.26,0.0,1.837,0.2158
107,588,2,4,84.26,0.0,1.752,0.2176
107,588,2,5,84.26,1.29,2.046,0.2257
107,588,2,6,84.26,7.13,2.334,0.2333
107,588,2,7,84.26,18.14,2.714,0.2496
107,588,2,8,84.26,28.06,3.106,0.2677
107,588,2,9,84.26,46.87,3.267,0.2749
107,588,2,10,84.26,50.09,3.616,0.2791
107,588,2,11,84.26,47.96,4.148,0.2832
107,588,2,12,84.26,64.51,4.6,0.2831
107,588,2,13,84.26,68.66,5.13,0.286
107,588,2,14,84.26,62.05,5.476,0.2856
107,588,2,15,84.26,40.84,5.977,0.2822
107,588,2,16,84.26,26.92,6.253,0.2835
107,588,2,17,84.26,13.36,6.004,0.2852
107,588,2,18,84.26,2.69,5.357,0.2862
107,588,2,19,84.26,0.0,4.678,0.2888
107,588,2,20,84.26,0.0,4.484,0.2853
107,588,2,21,84.26,0.0,3.989,0.2822
107,588,2,22,84.26,0.0,3.49,0.2849
107,588,2,23,84.26,0.0,3.0,0.2766
107,589,3,0,58.46,0.0,3.084,0.2699
107,589,3,1,57.13,0.0,2.852,0.2605
107,589,3,2,31.0,0.0,2.556,0.2535
107,589,3,3,30.0,0.0,2.359,0.2352
107,589,3,4,31.0,0.0,2.388,0.2331
107,589,3,5,30.0,2.4,2.532,0.2397
107,589,3,6,31.0,15.06,2.856,0.2436
107,589,3,7,33.0,31.48,3.239,0.2594
107,589,3,8,59.0,52.62,3.588,0.2802
107,589,3,9,63.0,66.27,4.051,0.2882
107,589,3,10,67.0,82.26,4.942,0.2953
107,589,3,11,75.0,79.64,5.827,0.2947
107,589,3,12,81.0,91.49,6.576,0.3035
107,589,3,13,81.0,87.58,7.53,0.3071
107,589,3,14,84.0,74.0,8.326,0.3098
107,589,3,15,81.0,51.0,8.997,0.3084
107,589,3,16,80.0,32.71,9.35,0.309
107,589,3,17,81.0,16.09,8.0,0.3107
107,589,3,18,67.0,3.06,7.103,0.3142
107,589,3,19,55.0,0.0,5.833,0.3114
107,589,3,20,39.0,0.0,5.785,0.3108
107,589,3,21,32.0,0.0,4.881,0.308
107,589,3,22,33.0,0.0,4.214,0.3089
107,589,3,23,32.0,0.0,3.488,0.2976
107,590,4,0,42.0,0.0,3.563,0.2806
107,590,4,1,31.33,0.0,3.2,0.2666
107,590,4,2,32.0,0.0,3.077,0.2511
107,590,4,3,32.0,0.0,3.043,0.2356
107,590,4,4,31.0,0.0,2.834,0.237
107,590,4,5,33.0,2.61,3.058,0.2436
107,590,4,6,32.0,18.44,3.326,0.2563
107,590,4,7,36.0,40.21,3.7,0.2652
107,590,4,8,60.0,63.19,4.2,0.2813
107,590,4,9,67.0,82.24,4.636,0.2949
107,590,4,10,96.0,94.91,6.053,0.298
107,590,4,11,99.0,99.68,7.48,0.3099
107,590,4,12,99.0,96.61,7.682,0.3136
107,590,4,13,97.0,90.1,8.847,0.3161
107,590,4,14,97.0,67.81,9.264,0.3171
107,590,4,15,95.0,40.2,10.0,0.3196
107,590,4,16,92.0,25.54,9.815,0.3224
107,590,4,17,142.0,13.41,8.88,0.3196
107,590,4,18,128.0,2.35,7.781,0.3164
107,590,4,19,112.0,0.0,6.617,0.3179
107,590,4,20,61.0,0.0,6.454,0.3137
107,590,4,21,59.0,0.0,5.402,0.3089
107,590,4,22,52.0,0.0,4.478,0.3014
107,590,4,23,51.0,0.0,3.7,0.2955
107,591,5,0,51.33,0.0,4.5,0.276
107,591,5,1,49.67,0.0,3.414,0.262
107,591,5,2,54.0,0.0,3.065,0.2553
107,591,5,3,51.0,0.0,2.91,0.2513
107,591,5,4,52.0,0.0,2.821,0.2482
107,591,5,5,50.0,2.81,2.77,0.2467
107,591,5,6,53.0,18.97,2.8,0.251
107,591,5,7,58.0,40.67,3.057,0.2579
107,591,5,8,82.0,61.39,3.705,0.2668
107,591,5,9,84.0,81.53,4.189,0.285
107,591,5,10,92.0,54.65,4.938,0.3016
107,591,5,11,90.0,96.71,5.728,0.3096
107,591,5,12,94.0,99.49,7.211,0.3117
107,591,5,13,96.0,88.7,7.7,0.315
107,591,5,14,103.0,75.69,8.211,0.3151
107,591,5,15,110.0,59.82,7.778,0.3197
107,591,5,16,113.0,40.37,8.038,0.323
107,591,5,17,112.0,20.16,7.7,0.3198
107,591,5,18,109.0,3.58,6.992,0.3128
107,591,5,19,96.0,0.0,6.568,0.3084
107,591,5,20,52.0,0.0,6.03,0.3088
107,591,5,21,52.0,0.0,6.03,0.308
107,591,5,22,53.0,0.0,4.55,0.2878
107,591,5,23,49.0,0.0,3.783,0.266
107,592,6,0,50.33,0.0,3.964,0.2702
107,592,6,1,53.67,0.0,3.8,0.2482
107,592,6,2,48.0,0.0,3.039,0.236
107,592,6,3,50.0,0.0,2.764,0.2371
107,592,6,4,49.0,0.0,2.619,0.238
107,592,6,5,53.0,2.81,2.499,0.222
107,592,6,6,51.0,19.77,2.441,0.22
107,592,6,7,57.0,41.56,2.55,0.2286
107,592,6,8,79.0,63.07,3.577,0.2374
107,592,6,9,82.0,81.2,3.824,0.2529
107,592,6,10,82.0,90.99,4.435,0.2722
107,592,6,11,85.0,95.07,4.809,0.2881
107,592,6,12,86.0,83.69,6.253,0.3002
107,592,6,13,87.0,80.99,7.954,0.3043
107,592,6,14,94.0,78.37,7.875,0.3085
107,592,6,15,94.0,59.14,8.202,0.3168
107,592,6,16,100.0,39.0,8.175,0.3134
107,592,6,17,100.0,18.35,8.14,0.3143
107,592,6,18,105.0,2.96,6.432,0.3103
107,592,6,19,86.0,0.0,6.164,0.3087
107,592,6,20,55.0,0.0,5.354,0.306
107,592,6,21,51.0,0.0,4.902,0.287
107,592,6,22,49.0,0.0,4.526,0.2778
107,592,6,23,51.0,0.0,3.896,0.2679
107,593,0,0,51.0,0.0,3.888,0.2534
107,593,0,1,52.67,0.0,3.423,0.2436
107,593,0,2,51.0,0.0,2.948,0.2409
107,593,0,3,49.0,0.0,2.567,0.2419
107,593,0,4,50.0,0.0,2.55,0.2414
107,593,0,5,50.0,2.55,2.644,0.2429
107,593,0,6,49.0,17.92,3.12,0.249
107,593,0,7,60.0,39.09,3.457,0.2582
107,593,0,8,86.0,59.87,4.046,0.267
107,593,0,9,86.0,81.5,4.6,0.2753
107,593,0,10,104.0,56.59,5.12,0.2781
107,593,0,11,120.0,98.73,6.173,0.281
107,593,0,12,126.0,97.18,7.327,0.2829
107,593,0,13,130.0,90.75,8.533,0.2911
107,593,0,14,147.0,79.17,8.999,0.2941
107,593,0,15,146.0,62.32,9.474,0.2946
107,593,0,16,140.0,40.18,8.933,0.3026
107,593,0,17,134.0,18.87,8.35,0.3081
107,593,0,18,110.0,2.87,6.774,0.311
107,593,0,19,96.0,0.0,5.811,0.3081
107,593,0,20,55.0,0.0,5.811,0.3055
107,593,0,21,54.0,0.0,4.918,0.3017
107,593,0,22,52.0,0.0,4.337,0.2946
107,593,0,23,51.0,0.0,3.476,0.2813
107,594,1,0,52.0,0.0,3.7,0.2741
107,594,1,1,53.33,0.0,3.3,0.2627
107,594,1,2,50.0,0.0,2.583,0.248
107,594,1,3,46.0,0.0,2.456,0.2426
107,594,1,4,48.0,0.0,2.433,0.24
107,594,1,5,49.0,2.15,2.493,0.2411
107,594,1,6,49.0,15.4,2.747,0.2498
107,594,1,7,60.0,33.37,3.3,0.2574
107,594,1,8,82.0,50.88,3.829,0.2674
107,594,1,9,85.0,61.51,4.06,0.2768
107,594,1,10,104.0,67.1,4.706,0.2873
107,594,1,11,106.0,59.9,5.46,0.2896
107,594,1,12,110.0,69.34,6.453,0.2923
107,594,1,13,115.0,56.78,8.129,0.2949
107,594,1,14,119.0,67.22,8.699,0.2941
107,594,1,15,122.0,54.0,9.238,0.2986
107,594,1,16,121.0,33.71,9.489,0.2973
107,594,1,17,118.0,16.12,8.4,0.2952
107,594,1,18,115.0,2.28,7.018,0.295
107,594,1,19,99.0,0.0,5.692,0.2917
107,594,1,20,62.0,0.0,5.514,0.295
107,594,1,21,60.0,0.0,4.729,0.287
107,594,1,22,56.0,0.0,4.276,0.2863
107,594,1,23,51.0,0.0,3.836,0.2768
107,595,2,0,50.67,0.0,4.042,0.2653
107,595,2,1,47.67,0.0,4.115,0.2447
107,595,2,2,48.0,0.0,3.058,0.233
107,595,2,3,50.0,0.0,2.9,0.2294
107,595,2,4,49.0,0.0,2.764,0.2283
107,595,2,5,49.0,2.18,2.908,0.2313
107,595,2,6,50.0,16.31,3.204,0.2418
107,595,2,7,55.0,35.94,3.843,0.2495
107,595,2,8,80.0,55.83,4.078,0.2575
107,595,2,9,89.0,77.12,4.12,0.2674
107,595,2,10,102.0,79.91,4.553,0.2733
107,595,2,11,106.0,105.08,4.75,0.2786
107,595,2,12,112.0,104.51,5.065,0.2802
107,595,2,13,118.0,96.81,5.61,0.2836
107,595,2,14,127.0,80.97,5.809,0.2816
107,595,2,15,126.0,62.43,6.148,0.2824
107,595,2,16,127.0,40.16,6.543,0.2894
107,595,2,17,126.0,18.34,5.8,0.2916
107,595,2,18,119.0,2.47,5.182,0.2939
107,595,2,19,110.0,0.0,4.75,0.2899
107,595,2,20,58.0,0.0,4.911,0.288
107,595,2,21,54.0,0.0,4.401,0.2876
107,595,2,22,47.0,0.0,3.878,0.2802
107,595,2,23,53.0,0.0,3.269,0.262
107,596,3,0,48.0,0.0,2.694,0.2398
107,596,3,1,49.0,0.0,2.492,0.2267
107,596,3,2,49.0,0.0,2.288,0.2216
107,596,3,3,49.0,0.0,2.139,0.2191
107,596,3,4,52.0,0.0,2.08,0.2175
107,596,3,5,51.0,1.19,2.253,0.2235
107,596,3,6,51.0,9.02,2.406,0.2323
107,596,3,7,59.0,19.94,2.852,0.2415
107,596,3,8,87.0,31.97,3.49,0.2492
107,596,3,9,84.0,46.36,3.524,0.2592
107,596,3,10,103.0,57.3,3.928,0.2626
107,596,3,11,113.0,66.35,4.518,0.2721
107,596,3,12,120.0,84.53,4.74,0.2756
107,596,3,13,132.0,87.47,5.01,0.2795
107,596,3,14,133.0,78.42,5.171,0.2796
107,596,3,15,134.0,62.45,5.3,0.2809
107,596,3,16,133.0,41.01,5.527,0.2807
107,596,3,17,132.0,19.82,5.325,0.282
107,596,3,18,123.0,2.72,4.914,0.2841
107,596,3,19,101.0,0.0,4.551,0.2834
107,596,3,20,53.0,0.0,4.641,0.2798
107,596,3,21,49.0,0.0,4.142,0.2787
107,596,3,22,47.0,0.0,3.79,0.2759
107,596,3,23,50.0,0.0,3.232,0.2671
107,597,4,0,45.33,0.0,4.082,0.2527
107,597,4,1,47.0,0.0,2.334,0.2354
107,597,4,2,47.0,0.0,2.068,0.2287
107,597,4,3,46.0,0.0,1.843,0.2282
107,597,4,4,50.0,0.0,1.814,0.2262
107,597,4,5,49.0,2.18,2.11,0.2278
107,597,4,6,48.0,18.88,2.423,0.2352
107,597,4,7,56.0,40.85,2.729,0.2402
107,597,4,8,87.0,63.71,3.18,0.2408
107,597,4,9,89.0,76.49,3.464,0.2555
107,597,4,10,96.0,85.78,4.13,0.2656
107,597,4,11,106.0,94.65,4.366,0.2753
107,597,4,12,104.0,86.95,4.635,0.2742
107,597,4,13,100.0,76.43,5.115,0.2803
107,597,4,14,105.0,74.88,5.641,0.2791
107,597,4,15,104.0,58.35,6.33,0.2849
107,597,4,16,106.0,38.72,6.041,0.2855
107,597,4,17,88.0,18.79,5.853,0.2869
107,597,4,18,88.0,2.49,5.111,0.2861
107,597,4,19,77.0,0.0,4.57,0.2834
107,597,4,20,53.0,0.0,4.551,0.2833
107,597,4,21,48.0,0.0,4.2,0.2794
107,597,4,22,45.0,0.0,3.8,0.267
107,597,4,23,47.0,0.0,3.491,0.2588
107,598,5,0,43.33,0.0,3.118,0.2402
107,598,5,1,46.33,0.0,2.7,0.2281
107,598,5,2,45.0,0.0,2.017,0.2171
107,598,5,3,45.0,0.0,1.803,0.2148
107,598,5,4,45.0,0.0,1.602,0.2132
107,598,5,5,48.0,2.2,1.523,0.2136
107,598,5,6,46.0,19.11,1.427,0.2142
107,598,5,7,48.0,41.11,1.744,0.2165
107,598,5,8,73.0,62.23,2.42,0.2258
107,598,5,9,78.0,79.45,2.835,0.2378
107,598,5,10,81.0,69.95,3.202,0.255
107,598,5,11,75.0,93.7,3.603,0.2699
107,598,5,12,77.0,91.56,3.672,0.2753
107,598,5,13,86.0,85.5,3.768,0.2748
107,598,5,14,88.0,73.69,3.88,0.2739
107,598,5,15,87.0,54.55,4.084,0.2764
107,598,5,16,85.0,35.93,4.16,0.2786
107,598,5,17,84.0,16.97,4.157,0.2824
107,598,5,18,85.0,2.15,3.989,0.2819
107,598,5,19,69.0,0.0,3.788,0.2723
107,598,5,20,48.0,0.0,3.744,0.2667
107,598,5,21,44.0,0.0,3.632,0.2548
107,598,5,22,44.0,0.0,3.386,0.2509
107,598,5,23,44.0,0.0,2.718,0.2362
107,599,6,0,42.33,0.0,2.538,0.2186
107,599,6,1,45.0,0.0,2.103,0.2019
107,599,6,2,45.0,0.0,1.768,0.1953
107,599,6,3,45.0,0.0,1.521,0.1905
107,599,6,4,44.0,0.0,1.408,0.1917
107,599,6,5,40.0,1.89,1.319,0.1942
107,599,6,6,43.0,15.97,1.156,0.1944
107,599,6,7,50.0,34.27,1.707,0.198
107,599,6,8,72.0,53.05,2.057,0.2141
107,599,6,9,77.0,70.96,2.512,0.221
107,599,6,10,72.0,73.21,2.704,0.2227
107,599,6,11,80.0,84.79,2.809,0.2317
107,599,6,12,81.0,82.33,2.895,0.2409
107,599,6,13,83.0,57.24,3.184,0.2444
107,599,6,14,87.0,19.52,3.524,0.2461
107,599,6,15,90.0,13.84,3.717,0.2507
107,599,6,16,93.0,8.41,3.766,0.2515
107,599,6,17,91.0,4.49,3.764,0.2479
107,599,6,18,92.0,0.77,3.455,0.2517
107,599,6,19,75.0,0.0,3.333,0.2521
107,599,6,20,48.0,0.0,3.379,0.2533
107,599,6,21,44.0,0.0,3.103,0.2449
107,599,6,22,44.0,0.0,2.86,0.2462
107,599,6,23,44.0,0.0,2.627,0.2408
107,600,0,0,52.0,0.0,2.032,0.2243
107,600,0,1,43.33,0.0,1.652,0.2152
107,600,0,2,44.0,0.0,1.421,0.2097
107,600,0,3,45.0,0.0,1.378,0.2056
107,600,0,4,44.0,0.0,1.295,0.2013
107,600,0,5,45.0,1.98,1.431,0.2074
107,600,0,6,45.0,18.79,1.837,0.2138
107,600,0,7,54.0,43.15,2.159,0.2186
107,600,0,8,82.0,66.25,2.505,0.2262
107,600,0,9,83.0,85.19,2.585,0.2291
107,600,0,10,98.0,52.08,2.744,0.2351
107,600,0,11,114.0,103.33,2.856,0.2404
107,600,0,12,155.0,102.37,2.98,0.2446
107,600,0,13,167.0,97.46,3.134,0.2452
107,600,0,14,173.0,86.78,3.12,0.2461
107,600,0,15,177.0,67.87,3.408,0.2496
107,600,0,16,182.0,45.18,3.385,0.2519
107,600,0,17,177.0,21.34,3.428,0.2526
107,600,0,18,166.0,2.45,2.98,0.2498
107,600,0,19,131.0,0.0,2.93,0.2434
107,600,0,20,72.0,0.0,2.902,0.2404
107,600,0,21,65.0,0.0,2.644,0.2354
107,600,0,22,61.0,0.0,2.331,0.2309
107,600,0,23,61.0,0.0,1.924,0.2209
107,601,1,0,55.67,0.0,1.808,0.2078
107,601,1,1,62.67,0.0,1.526,0.2013
107,601,1,2,58.0,0.0,1.291,0.2031
107,601,1,3,61.0,0.0,1.138,0.2019
107,601,1,4,53.0,0.0,1.11,0.2068
107,601,1,5,61.0,2.2,1.198,0.2037
107,601,1,6,60.0,20.64,1.767,0.2113
107,601,1,7,33.0,44.41,2.091,0.2164
107,601,1,8,57.0,66.97,2.28,0.2296
107,601,1,9,60.0,85.8,2.542,0.2301
107,601,1,10,77.0,99.19,2.754,0.2304
107,601,1,11,76.0,106.97,2.944,0.2296
107,601,1,12,86.0,106.53,3.068,0.2355
107,601,1,13,106.0,98.89,3.279,0.2459
107,601,1,14,171.0,85.95,3.381,0.2474
107,601,1,15,164.0,66.97,3.627,0.2497
107,601,1,16,172.0,44.35,3.695,0.2535
107,601,1,17,170.0,20.6,3.703,0.254
107,601,1,18,166.0,2.2,3.23,0.252
107,601,1,19,141.0,0.0,3.103,0.2474
107,601,1,20,70.0,0.0,3.086,0.244
107,601,1,21,61.0,0.0,2.813,0.2362
107,601,1,22,64.0,0.0,2.501,0.2242
107,601,1,23,47.0,0.0,2.107,0.2102
107,602,2,0,47.67,0.0,2.052,0.1953
107,602,2,1,46.0,0.0,1.734,0.1871
107,602,2,2,52.0,0.0,1.381,0.1821
107,602,2,3,48.0,0.0,1.275,0.182
107,602,2,4,48.0,0.0,1.206,0.1852
107,602,2,5,46.0,1.96,1.471,0.1834
107,602,2,6,47.0,19.45,2.058,0.1981
107,602,2,7,56.0,42.78,2.238,0.2133
107,602,2,8,100.0,65.2,2.449,0.2275
107,602,2,9,106.0,83.87,2.635,0.2385
107,602,2,10,136.0,98.15,2.826,0.2463
107,602,2,11,145.0,104.46,3.003,0.2474
107,602,2,12,152.0,102.14,3.136,0.2496
107,602,2,13,167.0,96.29,3.418,0.255
107,602,2,14,183.0,83.17,3.828,0.2608
107,602,2,15,192.0,64.38,4.076,0.2576
107,602,2,16,184.0,42.01,4.463,0.2606
107,602,2,17,180.0,18.87,4.214,0.2662
107,602,2,18,179.0,1.83,3.679,0.2651
107,602,2,19,149.0,0.0,3.587,0.2627
107,602,2,20,75.0,0.0,3.597,0.2573
107,602,2,21,62.0,0.0,2.957,0.2476
107,602,2,22,54.0,0.0,2.621,0.2369
107,602,2,23,47.0,0.0,2.331,0.225
107,603,3,0,46.67,0.0,2.115,0.2072
107,603,3,1,48.67,0.0,1.951,0.1923
107,603,3,2,47.0,0.0,1.586,0.1882
107,603,3,3,47.0,0.0,1.391,0.1859
107,603,3,4,48.0,0.0,1.375,0.1867
107,603,3,5,50.0,1.52,1.756,0.1997
107,603,3,6,48.0,14.6,2.12,0.2131
107,603,3,7,58.0,32.56,2.433,0.2222
107,603,3,8,95.0,51.65,2.652,0.2326
107,603,3,9,99.0,71.13,2.653,0.2411
107,603,3,10,129.0,86.06,2.935,0.251
107,603,3,11,139.0,90.73,3.011,0.2603
107,603,3,12,149.0,78.58,3.196,0.265
107,603,3,13,162.0,63.44,3.75,0.2702
107,603,3,14,152.0,30.08,3.794,0.2689
107,603,3,15,156.0,21.3,4.185,0.2698
107,603,3,16,156.0,17.11,4.531,0.273
107,603,3,17,154.0,8.17,4.339,0.2765
107,603,3,18,148.0,0.99,3.675,0.2751
107,603,3,19,134.0,0.0,3.479,0.2734
107,603,3,20,71.0,0.0,3.535,0.2704
107,603,3,21,64.0,0.0,3.031,0.2658
107,603,3,22,50.0,0.0,2.845,0.2603
107,603,3,23,52.0,0.0,2.539,0.2513
107,604,4,0,46.0,0.0,2.566,0.2338
107,604,4,1,50.0,0.0,2.267,0.225
107,604,4,2,47.0,0.0,2.049,0.2226
107,604,4,3,52.0,0.0,2.022,0.2192
107,604,4,4,49.0,0.0,2.015,0.2183
107,604,4,5,48.0,1.22,2.161,0.2209
107,604,4,6,48.0,14.98,2.436,0.2351
107,604,4,7,68.0,36.36,2.828,0.2432
107,604,4,8,99.0,59.5,2.969,0.2572
107,604,4,9,102.0,74.59,3.166,0.2716
107,604,4,10,130.0,88.01,3.669,0.2825
107,604,4,11,132.0,87.48,3.925,0.2871
107,604,4,12,137.0,88.51,4.64,0.2912
107,604,4,13,135.0,86.14,5.348,0.2956
107,604,4,14,139.0,75.41,6.111,0.2972
107,604,4,15,140.0,60.04,6.711,0.2999
107,604,4,16,138.0,38.43,7.08,0.3
107,604,4,17,136.0,16.51,6.388,0.301
107,604,4,18,133.0,1.39,4.911,0.301
107,604,4,19,117.0,0.0,4.39,0.2933
107,604,4,20,59.0,0.0,4.332,0.2897
107,604,4,21,48.0,0.0,3.906,0.2882
107,604,4,22,47.0,0.0,3.115,0.2718
107,604,4,23,46.0,0.0,2.869,0.2534
107,605,5,0,45.0,0.0,3.05,0.2498
107,605,5,1,47.0,0.0,2.528,0.2378
107,605,5,2,44.0,0.0,2.356,0.2258
107,605,5,3,45.0,0.0,2.152,0.2255
107,605,5,4,45.0,0.0,2.061,0.2196
107,605,5,5,46.0,1.47,1.868,0.2194
107,605,5,6,46.0,17.23,1.794,0.2233
107,605,5,7,50.0,39.91,2.06,0.2232
107,605,5,8,80.0,62.26,2.544,0.228
107,605,5,9,85.0,81.19,3.004,0.24
107,605,5,10,93.0,94.49,3.228,0.2529
107,605,5,11,104.0,86.42,3.519,0.2645
107,605,5,12,105.0,96.59,3.711,0.2719
107,605,5,13,111.0,85.67,3.934,0.2778
107,605,5,14,110.0,72.68,4.061,0.2768
107,605,5,15,109.0,53.59,4.51,0.2855
107,605,5,16,108.0,33.0,4.624,0.2863
107,605,5,17,103.0,13.56,4.624,0.2895
107,605,5,18,110.0,1.19,3.953,0.2877
107,605,5,19,92.0,0.0,3.59,0.2819
107,605,5,20,51.0,0.0,3.623,0.277
107,605,5,21,48.0,0.0,3.385,0.271
107,605,5,22,48.0,0.0,3.019,0.2557
107,605,5,23,48.0,0.0,2.875,0.2412
107,606,6,0,44.33,0.0,2.594,0.2252
107,606,6,1,48.0,0.0,2.319,0.2139
107,606,6,2,46.0,0.0,2.129,0.2113
107,606,6,3,44.0,0.0,2.057,0.2057
107,606,6,4,47.0,0.0,1.955,0.2054
107,606,6,5,47.0,1.3,1.919,0.2028
107,606,6,6,45.0,16.19,1.555,0.2003
107,606,6,7,51.0,38.09,1.678,0.205
107,606,6,8,84.0,60.49,2.15,0.2147
107,606,6,9,84.0,79.38,2.644,0.2196
107,606,6,10,91.0,92.02,2.973,0.2282
107,606,6,11,91.0,100.18,3.137,0.2338
107,606,6,12,87.0,98.52,3.33,0.2377
107,606,6,13,95.0,89.22,3.569,0.2462
107,606,6,14,93.0,78.55,3.765,0.2519
107,606,6,15,96.0,60.49,4.131,0.2557
107,606,6,16,87.0,38.29,4.556,0.2584
107,606,6,17,95.0,15.89,4.388,0.2605
107,606,6,18,92.0,1.13,3.916,0.2631
107,606,6,19,77.0,0.0,3.522,0.2623
107,606,6,20,48.0,0.0,3.549,0.2594
107,606,6,21,45.0,0.0,3.231,0.2596
107,606,6,22,46.0,0.0,2.996,0.2537
107,606,6,23,45.0,0.0,2.802,0.249
107,607,0,0,45.0,0.0,2.497,0.2293
107,607,0,1,46.33,0.0,2.248,0.2162
107,607,0,2,45.0,0.0,2.157,0.2228
107,607,0,3,47.0,0.0,2.057,0.2149
107,607,0,4,44.0,0.0,2.059,0.2121
107,607,0,5,45.0,1.15,2.24,0.216
107,607,0,6,45.0,14.83,2.466,0.237
107,607,0,7,49.0,35.69,2.762,0.2395
107,607,0,8,78.0,58.37,3.082,0.2546
107,607,0,9,74.0,78.49,3.25,0.2604
107,607,0,10,78.0,90.51,3.509,0.2712
107,607,0,11,86.0,99.09,3.764,0.2769
107,607,0,12,85.0,94.88,4.135,0.2812
107,607,0,13,88.0,92.44,4.952,0.2832
107,607,0,14,92.0,79.73,5.817,0.2841
107,607,0,15,95.0,62.61,6.534,0.2901
107,607,0,16,96.0,40.42,7.002,0.2917
107,607,0,17,98.0,17.23,5.823,0.2937
107,607,0,18,97.0,1.18,4.825,0.2946
107,607,0,19,87.0,0.0,4.137,0.2907
107,607,0,20,50.0,0.0,4.082,0.289
107,607,0,21,46.0,0.0,3.456,0.2853
107,607,0,22,46.0,0.0,3.04,0.2567
107,607,0,23,47.0,0.0,3.162,0.2428
107,608,1,0,47.33,0.0,2.508,0.2308
107,608,1,1,44.67,0.0,2.171,0.2217
107,608,1,2,45.0,0.0,2.009,0.2174
107,608,1,3,45.0,0.0,1.813,0.213
107,608,1,4,44.0,0.0,1.809,0.2129
107,608,1,5,45.0,1.38,1.983,0.2132
107,608,1,6,46.0,17.19,2.267,0.2235
107,608,1,7,54.0,39.02,2.452,0.2294
107,608,1,8,83.0,60.19,2.805,0.2373
107,608,1,9,86.0,79.82,3.015,0.2412
107,608,1,10,118.0,90.71,3.304,0.251
107,608,1,11,124.0,94.69,3.758,0.2614
107,608,1,12,131.0,95.75,4.008,0.2681
107,608,1,13,137.0,82.74,4.453,0.27
107,608,1,14,139.0,77.41,4.76,0.2717
107,608,1,15,144.0,58.5,5.125,0.2731
107,608,1,16,144.0,36.08,5.339,0.2721
107,608,1,17,144.0,14.08,5.108,0.2759
107,608,1,18,127.0,0.83,4.281,0.2771
107,608,1,19,119.0,0.0,3.908,0.2756
107,608,1,20,76.0,0.0,3.865,0.2716
107,608,1,21,62.0,0.0,3.489,0.2614
107,608,1,22,62.0,0.0,3.108,0.243
107,608,1,23,47.0,0.0,2.745,0.2351
107,609,2,0,47.33,0.0,2.211,0.2316
107,609,2,1,43.67,0.0,1.825,0.2206
107,609,2,2,47.0,0.0,1.637,0.2171
107,609,2,3,47.0,0.0,1.578,0.2154
107,609,2,4,45.0,0.0,1.602,0.2152
107,609,2,5,46.0,0.93,1.932,0.2183
107,609,2,6,49.0,13.12,2.225,0.2196
107,609,2,7,61.0,31.14,2.365,0.2259
107,609,2,8,84.0,51.28,2.706,0.2349
107,609,2,9,89.0,71.97,2.893,0.2437
107,609,2,10,110.0,79.02,3.246,0.2482
107,609,2,11,127.0,78.6,3.663,0.2564
107,609,2,12,138.0,81.89,3.955,0.2621
107,609,2,13,141.0,69.65,4.397,0.2684
107,609,2,14,148.0,61.64,4.738,0.2722
107,609,2,15,147.0,41.96,4.96,0.2728
107,609,2,16,147.0,24.69,5.21,0.272
107,609,2,17,147.0,9.9,4.843,0.2707
107,609,2,18,130.0,0.59,4.146,0.2684
107,609,2,19,106.0,0.0,3.885,0.2679
107,609,2,20,56.0,0.0,3.815,0.2696
107,609,2,21,50.0,0.0,3.567,0.2653
107,609,2,22,46.0,0.0,3.347,0.2475
107,609,2,23,48.0,0.0,2.664,0.2358
107,610,3,0,47.33,0.0,2.297,0.2251
107,610,3,1,44.67,0.0,2.022,0.209
107,610,3,2,47.0,0.0,1.779,0.2052
107,610,3,3,46.0,0.0,1.611,0.2024
107,610,3,4,48.0,0.0,1.71,0.2029
107,610,3,5,45.0,0.28,1.999,0.2072
107,610,3,6,48.0,4.48,2.202,0.2122
107,610,3,7,52.0,10.66,2.292,0.2186
107,610,3,8,84.0,17.5,2.505,0.2271
107,610,3,9,81.0,33.95,2.86,0.2364
107,610,3,10,96.0,46.27,2.93,0.2447
107,610,3,11,103.0,57.59,3.027,0.246
107,610,3,12,106.0,50.15,3.137,0.2447
107,610,3,13,117.0,42.38,3.342,0.2453
107,610,3,14,122.0,37.97,3.617,0.2433
107,610,3,15,121.0,25.3,3.699,0.2453
107,610,3,16,127.0,15.86,3.795,0.2462
107,610,3,17,123.0,6.41,3.586,0.2456
107,610,3,18,117.0,0.49,3.449,0.2444
107,610,3,19,100.0,0.0,3.077,0.244
107,610,3,20,59.0,0.0,3.067,0.2422
107,610,3,21,51.0,0.0,2.838,0.2326
107,610,3,22,47.0,0.0,2.481,0.2208
107,610,3,23,47.0,0.0,2.234,0.2105
107,611,4,0,47.33,0.0,1.993,0.1954
107,611,4,1,49.67,0.0,1.623,0.1835
107,611,4,2,47.0,0.0,1.502,0.1756
107,611,4,3,47.0,0.0,1.422,0.1761
107,611,4,4,47.0,0.0,1.372,0.1765
107,611,4,5,46.0,1.05,1.551,0.1777
107,611,4,6,48.0,15.73,1.956,0.186
107,611,4,7,51.0,37.95,2.098,0.1931
107,611,4,8,86.0,60.37,2.133,0.2089
107,611,4,9,83.0,79.51,2.383,0.2162
107,611,4,10,98.0,94.81,2.496,0.2249
107,611,4,11,104.0,97.14,2.659,0.2345
107,611,4,12,105.0,97.48,2.767,0.2384
107,611,4,13,111.0,78.51,3.085,0.238
107,611,4,14,111.0,60.53,3.109,0.24
107,611,4,15,110.0,45.73,3.391,0.2385
107,611,4,16,102.0,26.26,3.297,0.2384
107,611,4,17,107.0,9.67,2.913,0.2387
107,611,4,18,99.0,0.49,2.775,0.2353
107,611,4,19,77.0,0.0,2.687,0.2288
107,611,4,20,56.0,0.0,2.667,0.2287
107,611,4,21,51.0,0.0,2.332,0.2205
107,611,4,22,49.0,0.0,2.074,0.2067
107,611,4,23,47.0,0.0,1.829,0.2002
107,612,5,0,47.33,0.0,2.109,0.1921
107,612,5,1,48.67,0.0,1.92,0.1837
107,612,5,2,48.0,0.0,1.531,0.1775
107,612,5,3,49.0,0.0,1.506,0.1843
107,612,5,4,48.0,0.0,1.444,0.1753
107,612,5,5,48.0,0.53,1.465,0.1743
107,612,5,6,47.0,7.6,1.345,0.1764
107,612,5,7,49.0,17.7,1.395,0.1794
107,612,5,8,80.0,32.09,1.712,0.189
107,612,5,9,77.0,42.83,2.195,0.192
107,612,5,10,77.0,49.49,2.234,0.2048
107,612,5,11,84.0,42.51,2.28,0.2048
107,612,5,12,91.0,42.77,2.27,0.2017
107,612,5,13,95.0,64.08,2.604,0.2004
107,612,5,14,93.0,60.5,2.64,0.1979
107,612,5,15,94.0,46.54,2.564,0.1986
107,612,5,16,98.0,28.84,2.604,0.2022
107,612,5,17,96.0,11.08,2.604,0.2026
107,612,5,18,80.0,0.51,2.52,0.205
107,612,5,19,65.0,0.0,2.538,0.204
107,612,5,20,49.0,0.0,2.52,0.2063
107,612,5,21,47.0,0.0,2.282,0.2029
107,612,5,22,46.0,0.0,2.016,0.1897
107,612,5,23,46.0,0.0,1.772,0.188
107,613,6,0,46.33,0.0,1.515,0.1881
107,613,6,1,43.67,0.0,1.317,0.1732
107,613,6,2,50.0,0.0,1.295,0.162
107,613,6,3,48.0,0.0,1.256,0.1598
107,613,6,4,47.0,0.0,1.128,0.1584
107,613,6,5,46.0,0.8,1.062,0.1615
107,613,6,6,45.0,13.4,1.003,0.1606
107,613,6,7,50.0,34.1,1.105,0.1607
107,613,6,8,80.0,56.5,1.418,0.1681
107,613,6,9,73.0,77.1,1.625,0.1777
107,613,6,10,76.0,90.43,1.663,0.1813
107,613,6,11,78.0,97.62,1.815,0.1858
107,613,6,12,79.0,96.6,1.991,0.1915
107,613,6,13,86.0,90.36,2.126,0.1942
107,613,6,14,91.0,75.0,2.179,0.1955
107,613,6,15,87.0,56.52,2.326,0.1953
107,613,6,16,89.0,34.01,2.355,0.202
107,613,6,17,94.0,12.05,2.432,0.2085
107,613,6,18,90.0,0.43,2.379,0.2117
107,613,6,19,77.0,0.0,2.478,0.2096
107,613,6,20,49.0,0.0,2.425,0.2192
107,613,6,21,48.0,0.0,2.163,0.2149
107,613,6,22,45.0,0.0,1.757,0.2077
107,613,6,23,46.0,0.0,1.443,0.2033
107,614,0,0,48.67,0.0,1.514,0.1819
107,614,0,1,45.67,0.0,1.384,0.1662
107,614,0,2,46.0,0.0,1.267,0.1622
107,614,0,3,44.0,0.0,1.199,0.1624
107,614,0,4,47.0,0.0,1.094,0.162
107,614,0,5,45.0,0.57,1.044,0.1619
107,614,0,6,47.0,9.22,1.063,0.1619
107,614,0,7,54.0,24.13,1.25,0.1606
107,614,0,8,84.0,40.37,1.435,0.1695
107,614,0,9,79.0,49.11,1.589,0.1817
107,614,0,10,89.0,50.93,1.888,0.1987
107,614,0,11,97.0,61.23,2.099,0.2048
107,614,0,12,95.0,73.3,2.154,0.2085
107,614,0,13,106.0,75.89,2.353,0.2037
107,614,0,14,120.0,66.06,2.446,0.2067
107,614,0,15,128.0,49.71,2.535,0.2119
107,614,0,16,136.0,29.58,2.664,0.2246
107,614,0,17,137.0,10.73,2.677,0.2279
107,614,0,18,134.0,0.0,2.595,0.2307
107,614,0,19,121.0,0.0,2.782,0.2293
107,614,0,20,62.0,0.0,2.886,0.2305
107,614,0,21,57.0,0.0,2.438,0.2218
107,614,0,22,52.0,0.0,2.33,0.2105
107,614,0,23,49.0,0.0,2.137,0.1976
107,615,1,0,50.0,0.0,1.655,0.1922
107,615,1,1,53.0,0.0,1.408,0.1794
107,615,1,2,48.0,0.0,1.335,0.18
107,615,1,3,48.0,0.0,1.213,0.1799
107,615,1,4,51.0,0.0,1.235,0.1797
107,615,1,5,51.0,0.67,1.409,0.1885
107,615,1,6,48.0,12.29,2.045,0.2257
107,615,1,7,66.0,28.12,2.195,0.2326
107,615,1,8,118.0,46.16,2.462,0.2398
107,615,1,9,119.0,63.03,2.567,0.2373
107,615,1,10,132.0,76.59,2.923,0.2403
107,615,1,11,131.0,71.04,3.225,0.2449
107,615,1,12,140.0,48.4,3.676,0.2448
107,615,1,13,143.0,39.74,3.922,0.247
107,615,1,14,147.0,25.38,4.145,0.2489
107,615,1,15,149.0,15.13,4.598,0.2499
107,615,1,16,143.0,9.18,5.048,0.2488
107,615,1,17,140.0,3.11,4.7,0.2525
107,615,1,18,130.0,0.0,3.99,0.2539
107,615,1,19,120.0,0.0,3.893,0.2523
107,615,1,20,72.0,0.0,3.761,0.2515
107,615,1,21,68.0,0.0,3.257,0.2489
107,615,1,22,64.0,0.0,2.756,0.2341
107,615,1,23,47.0,0.0,2.412,0.2161
107,616,2,0,47.33,0.0,2.39,0.2118
107,616,2,1,48.0,0.0,1.919,0.2046
107,616,2,2,47.0,0.0,1.773,0.2036
107,616,2,3,50.0,0.0,1.699,0.1992
107,616,2,4,46.0,0.0,1.735,0.1994
107,616,2,5,47.0,0.43,1.957,0.2091
107,616,2,6,50.0,9.38,2.48,0.2183
107,616,2,7,60.0,24.99,2.598,0.2297
107,616,2,8,103.0,41.17,2.775,0.2399
107,616,2,9,109.0,64.5,3.0,0.265
107,616,2,10,123.0,68.47,3.576,0.2719
107,616,2,11,132.0,66.95,3.787,0.2805
107,616,2,12,136.0,78.88,3.953,0.2814
107,616,2,13,142.0,74.16,4.561,0.2793
107,616,2,14,144.0,68.91,5.259,0.2796
107,616,2,15,149.0,51.13,5.703,0.2773
107,616,2,16,145.0,29.66,5.868,0.2768
107,616,2,17,143.0,10.13,5.497,0.2801
107,616,2,18,138.0,0.0,4.441,0.282
107,616,2,19,126.0,0.0,4.145,0.2849
107,616,2,20,75.0,0.0,4.046,0.2849
107,616,2,21,58.0,0.0,3.365,0.2822
107,616,2,22,55.0,0.0,2.918,0.2629
107,616,2,23,50.0,0.0,2.617,0.256
107,617,3,0,50.33,0.0,2.956,0.2394
107,617,3,1,48.33,0.0,2.567,0.2207
107,617,3,2,46.0,0.0,2.36,0.2117
107,617,3,3,45.0,0.0,2.171,0.2087
107,617,3,4,44.0,0.0,2.169,0.208
107,617,3,5,44.0,0.48,2.484,0.2111
107,617,3,6,46.0,11.33,2.997,0.2265
107,617,3,7,58.0,31.65,3.148,0.2453
107,617,3,8,107.0,53.69,3.316,0.2613
107,617,3,9,108.0,72.55,3.479,0.266
107,617,3,10,112.0,86.14,4.113,0.2689
107,617,3,11,113.0,89.26,4.357,0.2768
107,617,3,12,127.0,86.47,4.911,0.2803
107,617,3,13,133.0,78.79,5.51,0.2832
107,617,3,14,137.0,62.71,6.597,0.2849
107,617,3,15,140.0,43.94,7.793,0.289
107,617,3,16,137.0,24.71,7.982,0.291
107,617,3,17,135.0,8.13,6.686,0.2888
107,617,3,18,124.0,0.0,5.455,0.2888
107,617,3,19,121.0,0.0,5.129,0.2844
107,617,3,20,75.0,0.0,4.928,0.2812
107,617,3,21,70.0,0.0,4.474,0.2806
107,617,3,22,59.0,0.0,3.36,0.2732
107,617,3,23,57.0,0.0,3.5,0.2652
107,618,4,0,41.33,0.0,2.998,0.2525
107,618,4,1,54.0,0.0,2.832,0.2366
107,618,4,2,46.0,0.0,2.67,0.2332
107,618,4,3,46.0,0.0,2.584,0.2274
107,618,4,4,45.0,0.0,2.514,0.2276
107,618,4,5,46.0,0.29,2.727,0.2394
107,618,4,6,37.0,8.21,3.081,0.2557
107,618,4,7,31.0,22.55,3.233,0.2718
107,618,4,8,57.0,41.3,3.534,0.2712
107,618,4,9,62.0,57.02,4.008,0.283
107,618,4,10,53.0,66.31,4.38,0.2968
107,618,4,11,71.0,60.52,4.853,0.3038
107,618,4,12,73.0,51.67,5.65,0.3161
107,618,4,13,73.0,60.84,6.413,0.3167
107,618,4,14,74.0,55.08,7.66,0.3174
107,618,4,15,75.0,40.26,8.445,0.3163
107,618,4,16,74.0,20.29,8.902,0.317
107,618,4,17,71.0,6.05,7.411,0.3166
107,618,4,18,67.0,0.0,5.724,0.313
107,618,4,19,53.0,0.0,5.265,0.3071
107,618,4,20,35.0,0.0,5.211,0.3012
107,618,4,21,31.0,0.0,4.563,0.2931
107,618,4,22,29.0,0.0,3.656,0.2882
107,618,4,23,28.0,0.0,3.196,0.286
107,619,5,0,32.0,0.0,3.53,0.2745
107,619,5,1,28.33,0.0,2.801,0.2576
107,619,5,2,29.0,0.0,2.582,0.2414
107,619,5,3,28.0,0.0,2.352,0.2342
107,619,5,4,29.0,0.0,2.223,0.23
107,619,5,5,28.0,0.37,2.194,0.2292
107,619,5,6,28.0,8.18,2.145,0.2358
107,619,5,7,28.0,22.6,2.507,0.2355
107,619,5,8,52.0,38.94,3.22,0.2479
107,619,5,9,52.0,63.26,3.683,0.2544
107,619,5,10,56.0,73.91,3.807,0.2675
107,619,5,11,55.0,84.61,3.934,0.2789
107,619,5,12,56.0,68.77,4.21,0.2858
107,619,5,13,56.0,58.53,4.915,0.283
107,619,5,14,56.0,46.6,5.552,0.2797
107,619,5,15,56.0,32.44,5.981,0.2729
107,619,5,16,56.0,18.17,6.9,0.2685
107,619,5,17,56.0,5.97,5.46,0.2694
107,619,5,18,53.0,0.0,4.523,0.2657
107,619,5,19,46.0,0.0,4.616,0.2668
107,619,5,20,37.0,0.0,4.21,0.2626
107,619,5,21,37.0,0.0,4.098,0.2664
107,619,5,22,36.0,0.0,3.734,0.2555
107,619,5,23,38.0,0.0,3.269,0.257
107,620,6,0,32.0,0.0,2.842,0.2516
107,620,6,1,32.67,0.0,2.772,0.2374
107,620,6,2,29.0,0.0,2.654,0.2118
107,620,6,3,29.0,0.0,2.41,0.2059
107,620,6,4,29.0,0.0,2.238,0.2107
107,620,6,5,28.0,0.3,2.208,0.2111
107,620,6,6,29.0,8.15,2.15,0.2132
107,620,6,7,29.0,24.53,2.185,0.209
107,620,6,8,52.0,45.18,2.424,0.2093
107,620,6,9,53.0,62.63,2.671,0.2142
107,620,6,10,52.0,67.55,2.811,0.2248
107,620,6,11,53.0,81.21,2.957,0.2319
107,620,6,12,53.0,84.29,3.081,0.2351
107,620,6,13,53.0,83.73,3.26,0.2384
107,620,6,14,54.0,70.11,3.412,0.2352
107,620,6,15,53.0,51.04,3.646,0.2383
107,620,6,16,54.0,29.54,3.684,0.2386
107,620,6,17,53.0,8.68,3.447,0.2428
107,620,6,18,54.0,0.0,3.118,0.2426
107,620,6,19,44.0,0.0,3.191,0.2424
107,620,6,20,30.0,0.0,3.052,0.2432
107,620,6,21,29.0,0.0,2.891,0.2431
107,620,6,22,29.0,0.0,2.722,0.2214
107,620,6,23,29.0,0.0,2.296,0.2122
107,621,0,0,29.67,0.0,2.107,0.2005
107,621,0,1,29.33,0.0,1.837,0.1923
107,621,0,2,28.0,0.0,1.704,0.1917
107,621,0,3,29.0,0.0,1.55,0.1895
107,621,0,4,29.0,0.0,1.568,0.1867
107,621,0,5,29.0,0.5,1.98,0.1918
107,621,0,6,29.0,14.32,2.187,0.2031
107,621,0,7,33.0,37.68,2.332,0.2124
107,621,0,8,56.0,60.25,2.451,0.2171
107,621,0,9,63.0,79.61,2.704,0.2232
107,621,0,10,73.0,90.65,2.908,0.2239
107,621,0,11,74.0,95.24,3.015,0.2307
107,621,0,12,74.0,96.28,3.186,0.2352
107,621,0,13,73.0,88.98,3.41,0.2358
107,621,0,14,73.0,75.73,3.693,0.2386
107,621,0,15,74.0,55.52,3.8,0.2419
107,621,0,16,73.0,32.31,3.843,0.2456
107,621,0,17,74.0,9.62,3.628,0.2453
107,621,0,18,64.0,0.0,3.139,0.2433
107,621,0,19,50.0,0.0,3.337,0.2441
107,621,0,20,39.0,0.0,3.082,0.2397
107,621,0,21,34.0,0.0,2.786,0.2322
107,621,0,22,31.0,0.0,2.327,0.2136
107,621,0,23,31.0,0.0,2.079,0.2035
107,622,1,0,53.0,0.0,2.005,0.1778
107,622,1,1,30.33,0.0,1.72,0.1738
107,622,1,2,31.0,0.0,1.616,0.1733
107,622,1,3,31.0,0.0,1.475,0.1707
107,622,1,4,30.0,0.0,1.523,0.174
107,622,1,5,31.0,0.0,1.913,0.1808
107,622,1,6,31.0,13.55,2.301,0.1939
107,622,1,7,79.0,35.14,2.268,0.2095
107,622,1,8,121.0,57.7,2.487,0.215
107,622,1,9,133.0,75.21,2.664,0.2221
107,622,1,10,147.0,88.08,2.902,0.231
107,622,1,11,166.0,89.41,3.192,0.2345
107,622,1,12,181.0,86.84,3.59,0.2394
107,622,1,13,209.0,77.51,3.926,0.2404
107,622,1,14,236.0,67.07,4.092,0.2407
107,622,1,15,238.0,48.02,4.276,0.2443
107,622,1,16,240.0,26.85,4.688,0.2474
107,622,1,17,253.0,7.33,4.313,0.2497
107,622,1,18,240.0,0.0,3.736,0.2511
107,622,1,19,226.0,0.0,3.886,0.2495
107,622,1,20,119.0,0.0,3.671,0.2462
107,622,1,21,103.0,0.0,3.329,0.2341
107,622,1,22,78.0,0.0,2.936,0.2243
107,622,1,23,86.0,0.0,2.144,0.2126
107,623,2,0,78.67,0.0,2.031,0.1954
107,623,2,1,71.67,0.0,1.701,0.1826
107,623,2,2,70.0,0.0,1.574,0.1799
107,623,2,3,72.0,0.0,1.449,0.1794
107,623,2,4,69.0,0.0,1.481,0.1811
107,623,2,5,84.0,0.0,1.808,0.1883
107,623,2,6,84.0,12.97,2.429,0.2068
107,623,2,7,104.0,34.39,2.497,0.2161
107,623,2,8,132.0,56.55,2.597,0.2157
107,623,2,9,136.0,75.16,3.044,0.2239
107,623,2,10,173.0,88.48,3.606,0.2324
107,623,2,11,177.0,94.93,3.745,0.2432
107,623,2,12,193.0,94.04,4.5,0.25
107,623,2,13,197.0,84.99,4.701,0.254
107,623,2,14,193.0,67.21,5.318,0.257
107,623,2,15,207.0,44.71,5.813,0.2643
107,623,2,16,223.0,23.31,6.048,0.2722
107,623,2,17,212.0,5.23,5.245,0.2747
107,623,2,18,197.0,0.0,4.233,0.2644
107,623,2,19,176.0,0.0,4.297,0.2599
107,623,2,20,116.0,0.0,4.0,0.2538
107,623,2,21,97.0,0.0,3.375,0.2491
107,623,2,22,80.0,0.0,3.096,0.2323
107,623,2,23,82.0,0.0,2.609,0.2133
107,624,3,0,71.67,0.0,1.919,0.2036
107,624,3,1,81.0,0.0,1.643,0.1897
107,624,3,2,80.0,0.0,1.577,0.1872
107,624,3,3,78.0,0.0,1.363,0.1894
107,624,3,4,77.0,0.0,1.395,0.1961
107,624,3,5,81.0,0.0,1.692,0.201
107,624,3,6,78.0,13.24,2.185,0.2057
107,624,3,7,99.0,35.6,2.215,0.2136
107,624,3,8,118.0,58.53,2.319,0.2189
107,624,3,9,127.0,76.83,2.555,0.2241
107,624,3,10,149.0,90.73,2.7,0.2292
107,624,3,11,158.0,98.07,2.867,0.2302
107,624,3,12,176.0,97.39,2.892,0.2327
107,624,3,13,196.0,89.36,2.959,0.2376
107,624,3,14,209.0,73.13,3.06,0.2383
107,624,3,15,211.0,52.61,3.145,0.2402
107,624,3,16,219.0,28.77,3.204,0.2433
107,624,3,17,238.0,7.38,3.061,0.2459
107,624,3,18,190.0,0.0,2.865,0.2435
107,624,3,19,141.0,0.0,2.975,0.2411
107,624,3,20,89.0,0.0,2.791,0.2377
107,624,3,21,77.0,0.0,2.326,0.2334
107,624,3,22,69.0,0.0,1.966,0.2144
107,624,3,23,66.0,0.0,1.744,0.2074
107,625,4,0,56.33,0.0,1.809,0.191
107,625,4,1,50.67,0.0,1.592,0.1799
107,625,4,2,49.0,0.0,1.453,0.1756
107,625,4,3,49.0,0.0,1.286,0.1735
107,625,4,4,48.0,0.0,1.394,0.1762
107,625,4,5,47.0,0.0,1.628,0.1823
107,625,4,6,47.0,12.61,2.161,0.1996
107,625,4,7,65.0,34.22,2.098,0.2061
107,625,4,8,90.0,56.28,2.351,0.2174
107,625,4,9,82.0,71.53,2.503,0.2182
107,625,4,10,88.0,72.56,2.618,0.2243
107,625,4,11,93.0,84.14,2.725,0.2281
107,625,4,12,85.0,92.48,2.771,0.2296
107,625,4,13,91.0,86.09,2.824,0.2289
107,625,4,14,92.0,71.32,3.116,0.2262
107,625,4,15,90.0,51.55,3.227,0.2281
107,625,4,16,100.0,28.77,3.345,0.2291
107,625,4,17,101.0,6.95,3.191,0.2288
107,625,4,18,92.0,0.0,3.092,0.231
107,625,4,19,70.0,0.0,3.135,0.2266
107,625,4,20,49.0,0.0,2.972,0.221
107,625,4,21,45.0,0.0,2.481,0.2092
107,625,4,22,48.0,0.0,2.107,0.1986
107,625,4,23,57.0,0.0,1.886,0.1801
107,626,5,0,47.33,0.0,1.869,0.1647
107,626,5,1,49.67,0.0,1.511,0.1607
107,626,5,2,41.0,0.0,1.426,0.1608
107,626,5,3,43.0,0.0,1.403,0.1658
107,626,5,4,44.0,0.0,1.386,0.1622
107,626,5,5,44.0,0.0,1.32,0.1582
107,626,5,6,43.0,9.74,1.54,0.1618
107,626,5,7,48.0,28.85,1.645,0.162
107,626,5,8,68.0,48.62,2.012,0.1676
107,626,5,9,69.0,68.34,2.277,0.1789
107,626,5,10,70.0,82.39,2.356,0.1888
107,626,5,11,70.0,91.1,2.806,0.1943
107,626,5,12,72.0,81.07,2.852,0.1973
107,626,5,13,68.0,64.72,2.928,0.2001
107,626,5,14,67.0,52.47,2.976,0.2027
107,626,5,15,66.0,33.07,3.063,0.2082
107,626,5,16,70.0,18.42,3.206,0.2111
107,626,5,17,71.0,4.21,3.171,0.2132
107,626,5,18,72.0,0.0,2.992,0.2115
107,626,5,19,64.0,0.0,3.213,0.2104
107,626,5,20,47.0,0.0,3.013,0.2107
107,626,5,21,46.0,0.0,2.741,0.1985
107,626,5,22,46.0,0.0,2.535,0.1939
107,626,5,23,45.0,0.0,2.074,0.1897
107,627,6,0,47.33,0.0,3.5,0.177
107,627,6,1,41.67,0.0,2.085,0.1693
107,627,6,2,43.0,0.0,1.904,0.1702
107,627,6,3,44.0,0.0,1.711,0.1679
107,627,6,4,41.0,0.0,1.594,0.1678
107,627,6,5,42.0,0.0,1.586,0.1722
107,627,6,6,44.0,5.53,1.607,0.1746
107,627,6,7,45.0,15.17,1.847,0.1778
107,627,6,8,68.0,25.87,1.928,0.1863
107,627,6,9,71.0,31.57,2.321,0.1989
107,627,6,10,69.0,43.83,2.701,0.2158
107,627,6,11,69.0,54.59,2.817,0.2248
107,627,6,12,71.0,50.65,3.073,0.2212
107,627,6,13,75.0,45.09,3.318,0.2261
107,627,6,14,74.0,33.19,3.304,0.2266
107,627,6,15,74.0,23.11,3.463,0.2283
107,627,6,16,74.0,11.61,3.725,0.2334
107,627,6,17,77.0,2.62,3.718,0.2359
107,627,6,18,77.0,0.0,3.365,0.2368
107,627,6,19,74.0,0.0,3.834,0.2389
107,627,6,20,54.0,0.0,3.533,0.2391
107,627,6,21,54.0,0.0,3.102,0.2412
107,627,6,22,52.0,0.0,2.63,0.2349
107,627,6,23,54.0,0.0,2.164,0.2284
107,628,0,0,50.33,0.0,2.376,0.222
107,628,0,1,46.67,0.0,2.079,0.2093
107,628,0,2,42.0,0.0,1.921,0.2003
107,628,0,3,45.0,0.0,1.797,0.1989
107,628,0,4,43.0,0.0,1.801,0.2006
107,628,0,5,43.0,0.0,2.111,0.2161
107,628,0,6,44.0,3.38,2.376,0.2323
107,628,0,7,51.0,7.8,2.669,0.2375
107,628,0,8,75.0,12.51,2.843,0.2457
107,628,0,9,79.0,17.92,3.205,0.2482
107,628,0,10,83.0,20.61,3.489,0.2497
107,628,0,11,89.0,23.87,3.749,0.2522
107,628,0,12,101.0,17.4,3.95,0.2516
107,628,0,13,110.0,15.69,4.596,0.2526
107,628,0,14,120.0,20.33,4.056,0.249
107,628,0,15,114.0,14.57,4.637,0.2466
107,628,0,16,124.0,7.6,4.856,0.2476
107,628,0,17,119.0,1.74,4.276,0.2494
107,628,0,18,98.0,0.0,3.784,0.2506
107,628,0,19,83.0,0.0,4.245,0.2543
107,628,0,20,58.0,0.0,3.871,0.2508
107,628,0,21,51.0,0.0,3.105,0.2477
107,628,0,22,48.0,0.0,2.762,0.234
107,628,0,23,48.0,0.0,2.501,0.2218
107,629,1,0,50.67,0.0,2.224,0.2124
107,629,1,1,48.67,0.0,2.072,0.2064
107,629,1,2,44.0,0.0,1.924,0.2044
107,629,1,3,44.0,0.0,1.802,0.1967
107,629,1,4,46.0,0.0,1.826,0.1966
107,629,1,5,47.0,0.0,2.096,0.2049
107,629,1,6,44.0,5.3,2.492,0.2149
107,629,1,7,53.0,16.46,2.605,0.2201
107,629,1,8,77.0,29.89,2.843,0.2287
107,629,1,9,78.0,47.68,3.035,0.2399
107,629,1,10,85.0,64.47,3.447,0.2449
107,629,1,11,89.0,62.35,3.728,0.2499
107,629,1,12,94.0,64.82,3.728,0.2495
107,629,1,13,103.0,61.32,4.115,0.2569
107,629,1,14,104.0,43.11,4.5,0.2588
107,629,1,15,108.0,28.77,5.326,0.2618
107,629,1,16,109.0,14.14,5.7,0.2545
107,629,1,17,110.0,2.85,5.177,0.2523
107,629,1,18,97.0,0.0,4.423,0.2552
107,629,1,19,94.0,0.0,4.563,0.2597
107,629,1,20,68.0,0.0,3.988,0.2573
107,629,1,21,55.0,0.0,3.18,0.249
107,629,1,22,52.0,0.0,2.75,0.2355
107,629,1,23,48.0,0.0,2.547,0.2233
107,630,2,0,51.33,0.0,2.988,0.2234
107,630,2,1,46.0,0.0,2.399,0.2158
107,630,2,2,44.0,0.0,2.225,0.2117
107,630,2,3,46.0,0.0,2.083,0.2114
107,630,2,4,44.0,0.0,2.107,0.2104
107,630,2,5,43.0,0.0,2.362,0.2169
107,630,2,6,43.0,6.54,2.667,0.2258
107,630,2,7,55.0,20.53,2.815,0.2299
107,630,2,8,77.0,36.24,3.024,0.235
107,630,2,9,77.0,53.61,3.385,0.2375
107,630,2,10,92.0,74.13,3.743,0.242
107,630,2,11,102.0,77.41,3.736,0.2466
107,630,2,12,109.0,79.69,4.005,0.2532
107,630,2,13,123.0,70.75,4.476,0.2573
107,630,2,14,129.0,55.6,4.744,0.2553
107,630,2,15,133.0,37.46,5.182,0.2587
107,630,2,16,125.0,19.21,5.992,0.2552
107,630,2,17,132.0,3.42,5.309,0.2538
107,630,2,18,127.0,0.0,4.416,0.2546
107,630,2,19,107.0,0.0,4.867,0.2525
107,630,2,20,79.0,0.0,3.881,0.248
107,630,2,21,75.0,0.0,3.2,0.236
107,630,2,22,67.0,0.0,2.632,0.2186
107,630,2,23,56.0,0.0,2.539,0.2101
107,631,3,0,51.0,0.0,2.109,0.1964
107,631,3,1,48.33,0.0,1.845,0.1861
107,631,3,2,44.0,0.0,1.668,0.1837
107,631,3,3,46.0,0.0,1.507,0.1831
107,631,3,4,45.0,0.0,1.565,0.1845
107,631,3,5,45.0,0.0,1.911,0.185
107,631,3,6,45.0,10.24,2.498,0.1948
107,631,3,7,50.0,32.21,2.477,0.2045
107,631,3,8,76.0,54.41,2.685,0.2124
107,631,3,9,81.0,72.96,2.998,0.2193
107,631,3,10,83.0,85.86,3.203,0.2268
107,631,3,11,90.0,94.03,3.892,0.2329
107,631,3,12,100.0,92.75,3.689,0.2393
107,631,3,13,99.0,84.16,4.064,0.2407
107,631,3,14,100.0,69.32,4.261,0.2419
107,631,3,15,97.0,49.13,4.873,0.2502
107,631,3,16,104.0,26.05,5.304,0.2476
107,631,3,17,114.0,4.59,5.139,0.2494
107,631,3,18,110.0,0.0,4.261,0.2499
107,631,3,19,97.0,0.0,4.522,0.2474
107,631,3,20,68.0,0.0,3.64,0.2454
107,631,3,21,59.0,0.0,3.119,0.2389
107,631,3,22,56.0,0.0,2.542,0.2274
107,631,3,23,55.0,0.0,2.349,0.2111
107,632,4,0,54.33,0.0,2.103,0.2016
107,632,4,1,50.67,0.0,1.842,0.1906
107,632,4,2,40.0,0.0,1.602,0.1858
107,632,4,3,45.0,0.0,1.504,0.1887
107,632,4,4,44.0,0.0,1.541,0.1869
107,632,4,5,45.0,0.0,1.962,0.1971
107,632,4,6,41.0,8.37,2.413,0.2068
107,632,4,7,50.0,28.81,2.417,0.2113
107,632,4,8,78.0,50.19,2.614,0.2231
107,632,4,9,75.0,66.83,2.797,0.2264
107,632,4,10,79.0,75.25,2.929,0.2322
107,632,4,11,86.0,89.62,3.072,0.2372
107,632,4,12,89.0,82.48,3.304,0.2421
107,632,4,13,94.0,79.66,3.596,0.2442
107,632,4,14,104.0,64.74,4.15,0.2517
107,632,4,15,105.0,44.99,4.7,0.2508
107,632,4,16,116.0,22.72,4.969,0.2489
107,632,4,17,110.0,3.47,4.203,0.2473
107,632,4,18,95.0,0.0,3.447,0.2462
107,632,4,19,91.0,0.0,3.857,0.247
107,632,4,20,68.0,0.0,3.247,0.2424
107,632,4,21,63.0,0.0,2.854,0.2353
107,632,4,22,63.0,0.0,3.69,0.2295
107,632,4,23,63.0,0.0,2.412,0.2213
107,633,5,0,50.33,0.0,2.189,0.203
107,633,5,1,51.67,0.0,2.0,0.1904
107,633,5,2,44.0,0.0,1.655,0.1819
107,633,5,3,40.0,0.0,1.49,0.1674
107,633,5,4,43.0,0.0,1.401,0.1643
107,633,5,5,45.0,0.0,1.344,0.1593
107,633,5,6,45.0,2.52,1.506,0.1671
107,633,5,7,48.0,7.87,1.504,0.1698
107,633,5,8,72.0,13.55,1.929,0.1742
107,633,5,9,75.0,21.04,1.988,0.1844
107,633,5,10,83.0,44.1,1.912,0.189
107,633,5,11,88.0,56.95,2.08,0.1883
107,633,5,12,101.0,77.44,2.032,0.1879
107,633,5,13,105.0,70.32,2.183,0.1881
107,633,5,14,95.0,64.33,2.206,0.1913
107,633,5,15,103.0,45.25,2.232,0.1919
107,633,5,16,96.0,23.22,2.245,0.1945
107,633,5,17,95.0,3.88,2.287,0.1965
107,633,5,18,94.0,0.0,2.232,0.1992
107,633,5,19,84.0,0.0,2.35,0.2023
107,633,5,20,52.0,0.0,2.257,0.1995
107,633,5,21,45.0,0.0,2.011,0.187
107,633,5,22,45.0,0.0,1.696,0.1793
107,633,5,23,44.0,0.0,1.534,0.175
107,634,6,0,36.0,0.0,1.715,0.1595
107,634,6,1,46.67,0.0,1.531,0.151
107,634,6,2,42.0,0.0,1.395,0.1485
107,634,6,3,43.0,0.0,1.255,0.1466
107,634,6,4,45.0,0.0,1.112,0.1497
107,634,6,5,43.0,0.0,1.16,0.1455
107,634,6,6,29.0,10.44,1.254,0.148
107,634,6,7,29.0,33.73,1.23,0.147
107,634,6,8,52.0,56.47,1.503,0.1516
107,634,6,9,53.0,75.22,1.6,0.1548
107,634,6,10,53.0,88.12,1.531,0.1637
107,634,6,11,53.0,94.36,1.721,0.1629
107,634,6,12,53.0,92.95,1.738,0.1645
107,634,6,13,53.0,84.2,1.838,0.1656
107,634,6,14,54.0,68.92,1.815,0.1672
107,634,6,15,53.0,48.39,1.815,0.1733
107,634,6,16,53.0,24.77,1.824,0.1801
107,634,6,17,54.0,3.65,1.858,0.1875
107,634,6,18,53.0,0.0,1.946,0.1934
107,634,6,19,44.0,0.0,2.22,0.2011
107,634,6,20,30.0,0.0,1.961,0.1958
107,634,6,21,29.0,0.0,1.697,0.1821
107,634,6,22,29.0,0.0,1.409,0.1673
107,634,6,23,30.0,0.0,1.325,0.1659
107,635,0,0,30.33,0.0,1.526,0.1553
107,635,0,1,29.33,0.0,1.373,0.1517
107,635,0,2,29.0,0.0,1.19,0.1509
107,635,0,3,29.0,0.0,1.059,0.1492
107,635,0,4,29.0,0.0,1.031,0.1481
107,635,0,5,30.0,0.0,1.41,0.1653
107,635,0,6,30.0,8.04,1.836,0.1864
107,635,0,7,33.0,27.35,2.02,0.195
107,635,0,8,58.0,46.0,2.364,0.1968
107,635,0,9,60.0,62.75,2.611,0.1945
107,635,0,10,74.0,71.84,2.649,0.1943
107,635,0,11,79.0,78.22,2.666,0.1933
107,635,0,12,80.0,68.13,2.67,0.1971
107,635,0,13,92.0,51.78,2.739,0.1925
107,635,0,14,93.0,41.97,2.673,0.1946
107,635,0,15,83.0,27.51,2.811,0.1986
107,635,0,16,82.0,13.73,2.811,0.1996
107,635,0,17,82.0,1.56,2.719,0.1993
107,635,0,18,72.0,0.0,2.838,0.1942
107,635,0,19,61.0,0.0,3.078,0.2015
107,635,0,20,45.0,0.0,2.672,0.195
107,635,0,21,39.0,0.0,2.215,0.1948
107,635,0,22,40.0,0.0,1.716,0.1877
107,635,0,23,40.0,0.0,1.683,0.1714
107,636,1,0,45.0,0.0,1.609,0.1563
107,636,1,1,31.0,0.0,1.47,0.1676
107,636,1,2,31.0,0.0,1.352,0.1519
107,636,1,3,31.0,0.0,1.186,0.1471
107,636,1,4,30.0,0.0,1.313,0.1474
107,636,1,5,31.0,0.0,1.501,0.1562
107,636,1,6,31.0,4.32,1.888,0.1795
107,636,1,7,56.0,15.21,2.07,0.1905
107,636,1,8,95.0,27.68,2.24,0.1919
107,636,1,9,94.0,45.47,2.477,0.1882
107,636,1,10,105.0,57.17,2.661,0.1972
107,636,1,11,123.0,62.59,2.752,0.1957
107,636,1,12,114.0,71.63,2.834,0.1976
107,636,1,13,125.0,72.95,2.884,0.2003
107,636,1,14,134.0,55.3,2.811,0.2035
107,636,1,15,139.0,37.8,2.908,0.2059
107,636,1,16,140.0,18.87,2.696,0.2089
107,636,1,17,131.0,2.59,2.802,0.21
107,636,1,18,120.0,0.0,2.722,0.2042
107,636,1,19,110.0,0.0,3.236,0.2054
107,636,1,20,72.0,0.0,2.684,0.2053
107,636,1,21,70.0,0.0,2.096,0.1936
107,636,1,22,70.0,0.0,1.736,0.1795
107,636,1,23,62.0,0.0,1.554,0.173
107,637,2,0,53.0,0.0,1.313,0.1606
107,637,2,1,56.0,0.0,1.143,0.1514
107,637,2,2,54.0,0.0,0.939,0.1504
107,637,2,3,60.0,0.0,0.9,0.1527
107,637,2,4,54.0,0.0,0.975,0.1519
107,637,2,5,54.0,0.0,1.184,0.1534
107,637,2,6,58.0,5.99,1.743,0.1639
107,637,2,7,56.0,19.72,1.72,0.1785
107,637,2,8,93.0,31.99,2.024,0.191
107,637,2,9,93.0,29.74,2.217,0.1918
107,637,2,10,82.0,24.69,2.341,0.1957
107,637,2,11,92.0,29.52,2.443,0.2002
107,637,2,12,67.0,40.87,2.409,0.1978
107,637,2,13,119.0,31.63,2.409,0.1931
107,637,2,14,118.0,17.54,2.43,0.1931
107,637,2,15,127.0,11.17,2.44,0.1898
107,637,2,16,140.0,2.73,2.559,0.1904
107,637,2,17,138.0,0.75,2.58,0.1959
107,637,2,18,121.0,0.0,2.57,0.1966
107,637,2,19,95.0,0.0,2.796,0.1927
107,637,2,20,58.0,0.0,2.374,0.19
107,637,2,21,50.0,0.0,1.763,0.1881
107,637,2,22,46.0,0.0,1.515,0.1935
107,637,2,23,45.0,0.0,1.421,0.1874
107,638,3,0,58.96,0.0,1.338,0.1515
107,638,3,1,45.0,0.0,1.241,0.1435
107,638,3,2,47.0,0.0,0.962,0.1442
107,638,3,3,48.0,0.0,0.912,0.145
107,638,3,4,48.0,0.0,1.021,0.1463
107,638,3,5,44.0,0.0,1.387,0.1503
107,638,3,6,45.0,1.76,1.709,0.1672
107,638,3,7,54.0,6.85,1.764,0.1848
107,638,3,8,87.0,11.84,1.947,0.1873
107,638,3,9,86.0,14.8,2.062,0.188
107,638,3,10,91.0,20.23,2.0,0.1938
107,638,3,11,91.0,21.57,2.063,0.1955
107,638,3,12,88.0,18.94,2.033,0.1921
107,638,3,13,94.0,17.33,2.051,0.191
107,638,3,14,116.0,15.32,1.929,0.1886
107,638,3,15,124.0,10.51,1.991,0.1875
107,638,3,16,118.0,4.02,2.05,0.1851
107,638,3,17,110.0,0.79,2.07,0.1857
107,638,3,18,88.0,0.0,2.132,0.1836
107,638,3,19,71.0,0.0,2.477,0.1865
107,638,3,20,50.0,0.0,1.987,0.1849
107,638,3,21,46.0,0.0,1.629,0.1785
107,638,3,22,47.0,0.0,1.351,0.1685
107,638,3,23,44.0,0.0,1.169,0.1528
107,639,4,0,69.92,0.0,1.311,0.1415
107,639,4,1,69.92,0.0,1.003,0.1409
107,639,4,2,69.92,0.0,0.744,0.1426
107,639,4,3,69.92,0.0,0.719,0.1453
107,639,4,4,69.92,0.0,0.625,0.1521
107,639,4,5,69.92,0.0,0.981,0.1618
107,639,4,6,69.92,1.63,1.586,0.1747
107,639,4,7,69.92,6.07,1.768,0.1765
107,639,4,8,69.92,11.57,1.797,0.1838
107,639,4,9,69.92,17.72,1.898,0.1849
107,639,4,10,69.92,21.71,1.88,0.1882
107,639,4,11,69.92,23.41,1.907,0.188
107,639,4,12,69.92,27.23,1.905,0.1909
107,639,4,13,69.92,21.31,1.905,0.1885
107,639,4,14,69.92,12.18,1.845,0.1857
107,639,4,15,69.92,13.73,1.853,0.1866
107,639,4,16,69.92,6.68,1.927,0.1886
107,639,4,17,69.92,0.85,1.926,0.1929
107,639,4,18,69.92,0.0,1.936,0.1957
107,639,4,19,69.92,0.0,2.15,0.1909
107,639,4,20,69.92,0.0,1.83,0.1873
107,639,4,21,69.92,0.0,1.578,0.177
107,639,4,22,69.92,0.0,1.332,0.1627
107,639,4,23,69.92,0.0,1.232,0.1417
107,640,5,0,56.96,0.0,1.141,0.1302
107,640,5,1,54.96,0.0,1.017,0.1271
107,640,5,2,46.0,0.0,0.847,0.1295
107,640,5,3,45.0,0.0,0.659,0.13
107,640,5,4,46.0,0.0,0.621,0.1303
107,640,5,5,46.0,0.0,0.61,0.1301
107,640,5,6,45.0,2.92,1.007,0.1349
107,640,5,7,47.0,10.17,1.13,0.1364
107,640,5,8,71.0,17.79,1.509,0.1488
107,640,5,9,73.0,25.84,1.54,0.1592
107,640,5,10,71.0,24.12,1.523,0.1627
107,640,5,11,71.0,41.83,1.548,0.165
107,640,5,12,69.0,18.16,1.6,0.1656
107,640,5,13,70.0,21.47,1.615,0.1602
107,640,5,14,71.0,14.32,1.516,0.1592
107,640,5,15,71.0,8.71,1.549,0.1572
107,640,5,16,70.0,4.37,1.734,0.1582
107,640,5,17,70.0,0.49,1.778,0.1645
107,640,5,18,69.0,0.0,1.967,0.1667
107,640,5,19,60.0,0.0,1.882,0.1709
107,640,5,20,45.0,0.0,1.752,0.1637
107,640,5,21,43.0,0.0,1.571,0.1552
107,640,5,22,45.0,0.0,1.275,0.1508
107,640,5,23,42.0,0.0,1.185,0.1494
107,641,6,0,49.67,0.0,0.864,0.1431
107,641,6,1,42.0,0.0,0.804,0.1432
107,641,6,2,44.0,0.0,0.656,0.1394
107,641,6,3,45.0,0.0,0.595,0.1381
107,641,6,4,40.0,0.0,0.584,0.1397
107,641,6,5,42.0,0.0,0.573,0.1457
107,641,6,6,45.0,2.96,0.698,0.1503
107,641,6,7,46.0,9.89,0.862,0.1442
107,641,6,8,68.0,15.35,1.172,0.152
107,641,6,9,69.0,19.84,1.447,0.1606
107,641,6,10,68.0,23.34,1.448,0.1658
107,641,6,11,66.0,18.53,1.507,0.1655
107,641,6,12,68.0,21.06,1.511,0.1664
107,641,6,13,71.0,20.72,1.514,0.1686
107,641,6,14,75.0,14.36,1.479,0.1726
107,641,6,15,74.0,9.51,1.519,0.1734
107,641,6,16,77.0,3.83,1.523,0.174
107,641,6,17,76.0,0.46,1.634,0.1768
107,641,6,18,76.0,0.0,1.862,0.1796
107,641,6,19,64.0,0.0,1.817,0.1869
107,641,6,20,51.0,0.0,1.714,0.1852
107,641,6,21,51.0,0.0,1.444,0.1808
107,641,6,22,50.0,0.0,1.205,0.1662
107,641,6,23,51.0,0.0,1.068,0.1584
107,642,0,0,60.33,0.0,1.133,0.1484
107,642,0,1,57.67,0.0,1.014,0.1499
107,642,0,2,57.0,0.0,0.868,0.1426
107,642,0,3,60.0,0.0,0.819,0.1382
107,642,0,4,57.0,0.0,0.952,0.147
107,642,0,5,59.0,0.0,1.138,0.1564
107,642,0,6,62.0,2.8,1.834,0.1839
107,642,0,7,71.0,14.56,1.913,0.197
107,642,0,8,94.0,27.32,2.143,0.2052
107,642,0,9,86.0,40.65,2.223,0.2069
107,642,0,10,99.0,52.0,2.254,0.213
107,642,0,11,104.0,62.43,2.413,0.2148
107,642,0,12,113.0,62.58,2.393,0.2132
107,642,0,13,125.0,55.97,2.447,0.2142
107,642,0,14,131.0,42.29,2.33,0.2134
107,642,0,15,134.0,26.82,2.327,0.2142
107,642,0,16,133.0,12.03,2.403,0.2151
107,642,0,17,139.0,1.06,2.441,0.2177
107,642,0,18,116.0,0.0,2.514,0.2178
107,642,0,19,98.0,0.0,2.726,0.2157
107,642,0,20,65.0,0.0,2.219,0.218
107,642,0,21,66.0,0.0,1.806,0.2022
107,642,0,22,57.0,0.0,1.504,0.188
107,642,0,23,59.0,0.0,1.174,0.1769
107,643,1,0,51.0,0.0,1.258,0.1607
107,643,1,1,61.67,0.0,1.069,0.1568
107,643,1,2,58.0,0.0,0.863,0.1536
107,643,1,3,61.0,0.0,0.821,0.1554
107,643,1,4,64.0,0.0,0.829,0.1568
107,643,1,5,56.0,0.0,1.071,0.1657
107,643,1,6,61.0,2.83,1.713,0.1781
107,643,1,7,42.0,10.38,1.676,0.1967
107,643,1,8,63.0,18.26,2.001,0.2052
107,643,1,9,67.0,26.13,2.071,0.2016
107,643,1,10,72.0,31.44,2.165,0.204
107,643,1,11,74.0,29.6,2.227,0.2116
107,643,1,12,80.0,40.86,2.121,0.2021
107,643,1,13,97.0,36.53,2.136,0.2084
107,643,1,14,103.0,29.88,2.1,0.2115
107,643,1,15,100.0,18.67,2.117,0.2105
107,643,1,16,103.0,7.99,2.183,0.211
107,643,1,17,97.0,0.73,2.232,0.2163
107,643,1,18,85.0,0.0,2.332,0.205
107,643,1,19,76.0,0.0,2.525,0.2093
107,643,1,20,57.0,0.0,2.101,0.2081
107,643,1,21,45.0,0.0,1.715,0.1988
107,643,1,22,44.0,0.0,1.336,0.1837
107,643,1,23,36.0,0.0,1.226,0.1644
107,644,2,0,51.2,0.0,1.458,0.1622
107,644,2,1,36.33,0.0,1.287,0.1607
107,644,2,2,36.0,0.0,1.126,0.1595
107,644,2,3,37.0,0.0,1.125,0.1596
107,644,2,4,36.0,0.0,1.183,0.1647
107,644,2,5,36.0,0.0,1.289,0.1728
107,644,2,6,37.0,5.51,1.92,0.1843
107,644,2,7,40.0,25.66,2.068,0.1971
107,644,2,8,66.0,47.13,2.044,0.2019
107,644,2,9,68.0,64.71,2.156,0.2013
107,644,2,10,77.0,76.76,2.321,0.2036
107,644,2,11,80.0,82.9,2.308,0.2044
107,644,2,12,77.0,78.25,2.292,0.1983
107,644,2,13,79.0,71.63,2.3,0.2047
107,644,2,14,80.0,57.93,2.309,0.2049
107,644,2,15,84.0,38.26,2.292,0.2113
107,644,2,16,96.0,16.62,2.255,0.2073
107,644,2,17,94.0,1.15,2.29,0.2063
107,644,2,18,83.0,0.0,2.4,0.209
107,644,2,19,71.0,0.0,2.539,0.2085
107,644,2,20,50.0,0.0,2.086,0.207
107,644,2,21,43.0,0.0,1.8,0.1963
107,644,2,22,43.0,0.0,1.546,0.1746
107,644,2,23,43.0,0.0,1.459,0.1538
107,645,3,0,65.73,0.0,1.509,0.1387
107,645,3,1,65.73,0.0,1.383,0.1339
107,645,3,2,65.73,0.0,1.274,0.1314
107,645,3,3,65.73,0.0,1.228,0.1322
107,645,3,4,65.73,0.0,1.262,0.1372
107,645,3,5,65.73,0.0,1.442,0.1458
107,645,3,6,65.73,5.83,2.054,0.1739
107,645,3,7,65.73,25.91,2.035,0.1827
107,645,3,8,65.73,46.01,2.034,0.1965
107,645,3,9,65.73,63.43,2.215,0.1994
107,645,3,10,65.73,75.65,2.293,0.2047
107,645,3,11,65.73,85.61,2.352,0.2099
107,645,3,12,65.73,83.82,2.311,0.2078
107,645,3,13,65.73,74.82,2.37,0.2011
107,645,3,14,65.73,59.5,2.411,0.201
107,645,3,15,65.73,39.27,2.413,0.2018
107,645,3,16,65.73,16.69,2.49,0.2042
107,645,3,17,65.73,0.99,2.483,0.208
107,645,3,18,65.73,0.0,2.684,0.2105
107,645,3,19,65.73,0.0,2.98,0.2122
107,645,3,20,65.73,0.0,2.303,0.2148
107,645,3,21,65.73,0.0,1.873,0.2023
107,645,3,22,65.73,0.0,1.505,0.1903
107,645,3,23,65.73,0.0,1.365,0.1757
107,646,4,0,53.86,0.0,1.689,0.154
107,646,4,1,53.86,0.0,1.445,0.148
107,646,4,2,42.0,0.0,1.341,0.1489
107,646,4,3,42.0,0.0,1.278,0.1484
107,646,4,4,43.0,0.0,1.176,0.1456
107,646,4,5,42.0,0.0,1.471,0.1564
107,646,4,6,42.0,5.61,2.061,0.1793
107,646,4,7,47.0,26.87,2.078,0.1898
107,646,4,8,70.0,48.69,2.008,0.1932
107,646,4,9,73.0,66.9,2.242,0.1977
107,646,4,10,76.0,79.26,2.293,0.1985
107,646,4,11,80.0,85.8,2.392,0.2041
107,646,4,12,80.0,83.68,2.414,0.2076
107,646,4,13,82.0,74.51,2.493,0.2064
107,646,4,14,86.0,59.18,2.474,0.2092
107,646,4,15,93.0,38.02,2.508,0.2106
107,646,4,16,95.0,15.89,2.514,0.2088
107,646,4,17,92.0,0.88,2.492,0.2079
107,646,4,18,80.0,0.0,2.494,0.2106
107,646,4,19,67.0,0.0,2.564,0.2081
107,646,4,20,45.0,0.0,2.197,0.2023
107,646,4,21,43.0,0.0,1.955,0.1902
107,646,4,22,42.0,0.0,1.71,0.1721
107,646,4,23,43.0,0.0,1.646,0.1606
107,647,5,0,43.33,0.0,1.668,0.1522
107,647,5,1,42.0,0.0,1.512,0.1476
107,647,5,2,43.0,0.0,1.312,0.1441
107,647,5,3,42.0,0.0,1.226,0.1416
107,647,5,4,43.0,0.0,1.259,0.1427
107,647,5,5,42.0,0.0,1.191,0.1461
107,647,5,6,42.0,1.69,1.552,0.1466
107,647,5,7,42.0,7.97,1.666,0.1525
107,647,5,8,66.0,15.38,1.823,0.1627
107,647,5,9,66.0,22.09,2.101,0.1729
107,647,5,10,66.0,27.62,2.078,0.1751
107,647,5,11,67.0,25.59,2.103,0.179
107,647,5,12,66.0,23.76,2.15,0.1798
107,647,5,13,66.0,18.49,2.108,0.1782
107,647,5,14,67.0,12.72,2.078,0.1762
107,647,5,15,66.0,8.58,2.081,0.1798
107,647,5,16,67.0,3.16,2.077,0.1799
107,647,5,17,66.0,0.24,2.102,0.1808
107,647,5,18,67.0,0.0,2.284,0.1829
107,647,5,19,57.0,0.0,2.274,0.1857
107,647,5,20,42.0,0.0,2.103,0.1841
107,647,5,21,42.0,0.0,2.018,0.1752
107,647,5,22,42.0,0.0,1.731,0.1643
107,647,5,23,45.0,0.0,1.507,0.1618
107,648,6,0,43.33,0.0,1.277,0.1545
107,648,6,1,44.33,0.0,1.325,0.1523
107,648,6,2,42.0,0.0,1.146,0.1486
107,648,6,3,42.0,0.0,0.995,0.1486
107,648,6,4,42.0,0.0,0.934,0.1498
107,648,6,5,42.0,0.0,0.972,0.1509
107,648,6,6,42.0,0.58,0.926,0.1532
107,648,6,7,42.0,2.33,1.019,0.1506
107,648,6,8,66.0,3.93,1.225,0.1582
107,648,6,9,66.0,4.88,1.475,0.1643
107,648,6,10,66.0,6.67,1.506,0.1724
107,648,6,11,67.0,10.94,1.511,0.1783
107,648,6,12,66.0,11.47,1.512,0.1777
107,648,6,13,67.0,31.63,1.489,0.173
107,648,6,14,67.0,29.14,1.444,0.1726
107,648,6,15,67.0,21.56,1.466,0.1732
107,648,6,16,67.0,10.38,1.491,0.1754
107,648,6,17,68.0,0.62,1.586,0.1805
107,648,6,18,67.0,0.0,2.019,0.1819
107,648,6,19,57.0,0.0,2.052,0.1891
107,648,6,20,43.0,0.0,1.748,0.1861
107,648,6,21,42.0,0.0,1.511,0.1837
107,648,6,22,42.0,0.0,1.323,0.1693
107,648,6,23,42.0,0.0,1.265,0.1616
107,649,0,0,42.0,0.0,1.102,0.1472
107,649,0,1,42.0,0.0,0.967,0.1423
107,649,0,2,42.0,0.0,0.907,0.1456
107,649,0,3,42.0,0.0,0.917,0.149
107,649,0,4,42.0,0.0,0.902,0.1485
107,649,0,5,42.0,0.0,0.984,0.153
107,649,0,6,42.0,5.75,1.721,0.1715
107,649,0,7,46.0,28.7,1.882,0.1758
107,649,0,8,70.0,51.49,1.94,0.181
107,649,0,9,73.0,70.09,2.103,0.187
107,649,0,10,78.0,82.7,1.901,0.1916
107,649,0,11,81.0,88.22,2.002,0.1893
107,649,0,12,84.0,86.27,2.001,0.1858
107,649,0,13,86.0,76.93,2.239,0.1921
107,649,0,14,85.0,60.97,1.974,0.1895
107,649,0,15,83.0,39.89,2.144,0.1886
107,649,0,16,84.0,16.17,2.276,0.195
107,649,0,17,84.0,0.66,2.278,0.199
107,649,0,18,76.0,0.0,2.387,0.1998
107,649,0,19,62.0,0.0,2.397,0.2076
107,649,0,20,44.0,0.0,2.211,0.2046
107,649,0,21,43.0,0.0,1.762,0.1991
107,649,0,22,42.0,0.0,1.534,0.1841
107,649,0,23,42.0,0.0,1.453,0.1749
107,650,1,0,55.0,0.0,1.171,0.1652
107,650,1,1,42.0,0.0,1.16,0.1656
107,650,1,2,42.0,0.0,1.059,0.1626
107,650,1,3,42.0,0.0,1.025,0.163
107,650,1,4,43.0,0.0,0.999,0.1621
107,650,1,5,43.0,0.0,1.305,0.1729
107,650,1,6,43.0,5.06,1.905,0.1896
107,650,1,7,80.0,26.81,1.883,0.1994
107,650,1,8,99.0,49.0,1.778,0.2015
107,650,1,9,101.0,67.15,1.939,0.2033
107,650,1,10,104.0,79.35,1.912,0.1952
107,650,1,11,110.0,84.94,1.977,0.1955
107,650,1,12,108.0,82.73,1.921,0.193
107,650,1,13,110.0,71.92,1.996,0.1924
107,650,1,14,123.0,54.93,1.893,0.1961
107,650,1,15,141.0,34.34,2.003,0.1943
107,650,1,16,142.0,13.73,2.103,0.2027
107,650,1,17,137.0,0.0,2.279,0.2045
107,650,1,18,122.0,0.0,2.454,0.2057
107,650,1,19,104.0,0.0,2.498,0.2079
107,650,1,20,78.0,0.0,2.229,0.2006
107,650,1,21,74.0,0.0,1.799,0.1897
107,650,1,22,72.0,0.0,1.515,0.1799
107,650,1,23,63.0,0.0,1.42,0.1643
107,651,2,0,76.14,0.0,1.419,0.154
107,651,2,1,64.0,0.0,1.338,0.1496
107,651,2,2,63.0,0.0,1.118,0.1481
107,651,2,3,68.0,0.0,1.14,0.1452
107,651,2,4,60.0,0.0,1.107,0.1468
107,651,2,5,63.0,0.0,1.234,0.1563
107,651,2,6,68.0,4.25,2.004,0.1752
107,651,2,7,68.0,22.69,2.026,0.1883
107,651,2,8,93.0,41.2,2.003,0.1952
107,651,2,9,97.0,56.4,2.052,0.1938
107,651,2,10,103.0,55.28,2.075,0.1965
107,651,2,11,94.0,54.37,2.312,0.1977
107,651,2,12,105.0,67.87,2.17,0.196
107,651,2,13,105.0,63.9,2.402,0.1951
107,651,2,14,101.0,46.01,2.3,0.1942
107,651,2,15,106.0,30.02,2.401,0.1946
107,651,2,16,107.0,12.34,2.4,0.1978
107,651,2,17,96.0,0.0,2.455,0.2038
107,651,2,18,102.0,0.0,2.623,0.2057
107,651,2,19,85.0,0.0,2.658,0.2004
107,651,2,20,61.0,0.0,2.249,0.1995
107,651,2,21,64.0,0.0,1.799,0.1863
107,651,2,22,65.0,0.0,1.658,0.1703
107,651,2,23,57.0,0.0,1.387,0.158
107,652,3,0,84.27,0.0,1.503,0.1524
107,652,3,1,84.27,0.0,1.461,0.1491
107,652,3,2,84.27,0.0,1.345,0.1435
107,652,3,3,84.27,0.0,1.287,0.1435
107,652,3,4,84.27,0.0,1.205,0.1431
107,652,3,5,84.27,0.0,1.383,0.1515
107,652,3,6,84.27,2.39,2.016,0.1819
107,652,3,7,84.27,15.41,2.09,0.1882
107,652,3,8,84.27,30.91,2.104,0.194
107,652,3,9,84.27,45.91,2.192,0.1986
107,652,3,10,84.27,50.05,2.207,0.1967
107,652,3,11,84.27,35.05,2.307,0.1969
107,652,3,12,84.27,28.19,2.265,0.1961
107,652,3,13,84.27,26.8,2.325,0.1975
107,652,3,14,84.27,23.86,2.282,0.1983
107,652,3,15,84.27,17.53,2.325,0.197
107,652,3,16,84.27,7.84,2.325,0.1968
107,652,3,17,84.27,0.0,2.325,0.1987
107,652,3,18,84.27,0.0,2.55,0.2041
107,652,3,19,84.27,0.0,2.779,0.2038
107,652,3,20,84.27,0.0,2.309,0.201
107,652,3,21,84.27,0.0,1.944,0.2005
107,652,3,22,84.27,0.0,1.579,0.1909
107,652,3,23,84.27,0.0,1.508,0.1776
107,653,4,0,76.47,0.0,1.615,0.1699
107,653,4,1,73.14,0.0,1.546,0.1588
107,653,4,2,57.0,0.0,1.414,0.1566
107,653,4,3,57.0,0.0,1.415,0.1535
107,653,4,4,63.0,0.0,1.367,0.153
107,653,4,5,58.0,0.0,1.556,0.1715
107,653,4,6,57.0,4.36,2.102,0.1883
107,653,4,7,69.0,25.77,2.202,0.1884
107,653,4,8,87.0,48.03,2.124,0.1894
107,653,4,9,88.0,66.32,2.177,0.1917
107,653,4,10,99.0,78.73,2.202,0.1933
107,653,4,11,98.0,84.07,2.27,0.1907
107,653,4,12,109.0,81.92,2.215,0.1884
107,653,4,13,115.0,72.41,2.218,0.191
107,653,4,14,115.0,55.52,2.262,0.1919
107,653,4,15,122.0,34.33,2.222,0.1881
107,653,4,16,116.0,12.34,2.272,0.1845
107,653,4,17,104.0,0.0,2.274,0.1879
107,653,4,18,104.0,0.0,2.53,0.1958
107,653,4,19,73.0,0.0,2.695,0.1952
107,653,4,20,64.0,0.0,2.27,0.1953
107,653,4,21,62.0,0.0,1.986,0.1863
107,653,4,22,54.0,0.0,1.705,0.173
107,653,4,23,59.0,0.0,1.587,0.155
107,654,5,0,68.67,0.0,1.755,0.1477
107,654,5,1,68.67,0.0,1.584,0.1425
107,654,5,2,68.67,0.0,1.526,0.1383
107,654,5,3,68.67,0.0,1.441,0.1389
107,654,5,4,68.67,0.0,1.491,0.14
107,654,5,5,68.67,0.0,1.525,0.1494
107,654,5,6,68.67,3.77,1.807,0.1495
107,654,5,7,68.67,24.16,1.921,0.1546
107,654,5,8,68.67,45.84,2.087,0.1646
107,654,5,9,68.67,63.85,2.119,0.1671
107,654,5,10,68.67,76.17,2.106,0.1689
107,654,5,11,68.67,82.09,2.108,0.1673
107,654,5,12,68.67,79.91,2.1,0.1668
107,654,5,13,68.67,70.6,2.013,0.1583
107,654,5,14,68.67,54.91,1.993,0.1527
107,654,5,15,68.67,34.37,1.953,0.1516
107,654,5,16,68.67,12.39,2.008,0.1636
107,654,5,17,68.67,0.0,2.11,0.1716
107,654,5,18,68.67,0.0,2.33,0.1774
107,654,5,19,68.67,0.0,2.694,0.1802
107,654,5,20,68.67,0.0,2.185,0.1772
107,654,5,21,68.67,0.0,2.111,0.1721
107,654,5,22,68.67,0.0,1.631,0.156
107,654,5,23,68.67,0.0,1.466,0.1455
107,655,6,0,76.27,0.0,1.418,0.1343
107,655,6,1,65.33,0.0,1.383,0.1288
107,655,6,2,58.0,0.0,1.207,0.1281
107,655,6,3,53.0,0.0,1.001,0.1249
107,655,6,4,62.0,0.0,1.013,0.123
107,655,6,5,53.0,0.0,1.069,0.1268
107,655,6,6,57.0,2.9,1.194,0.13
107,655,6,7,62.0,18.87,1.364,0.1374
107,655,6,8,80.0,36.34,1.508,0.1464
107,655,6,9,82.0,51.68,1.712,0.1509
107,655,6,10,85.0,57.39,1.73,0.1518
107,655,6,11,76.0,58.9,1.753,0.1517
107,655,6,12,82.0,58.27,1.751,0.1501
107,655,6,13,87.0,50.62,1.741,0.1522
107,655,6,14,81.0,39.26,1.656,0.1523
107,655,6,15,82.0,24.88,1.736,0.1529
107,655,6,16,86.0,8.41,1.811,0.1583
107,655,6,17,83.0,0.0,2.042,0.1667
107,655,6,18,81.0,0.0,2.578,0.1727
107,655,6,19,77.0,0.0,2.8,0.1776
107,655,6,20,57.0,0.0,2.2,0.1795
107,655,6,21,55.0,0.0,2.007,0.1743
107,655,6,22,61.0,0.0,1.615,0.1625
107,655,6,23,55.0,0.0,1.405,0.1448
107,656,0,0,83.88,0.0,1.489,0.1467
107,656,0,1,83.88,0.0,1.459,0.1431
107,656,0,2,83.88,0.0,1.343,0.1435
107,656,0,3,83.88,0.0,1.39,0.1441
107,656,0,4,83.88,0.0,1.392,0.1463
107,656,0,5,83.88,0.0,1.561,0.1637
107,656,0,6,83.88,2.22,2.414,0.1856
107,656,0,7,83.88,17.12,2.712,0.1953
107,656,0,8,83.88,33.72,2.63,0.2035
107,656,0,9,83.88,51.67,2.928,0.2083
107,656,0,10,83.88,64.89,3.081,0.2101
107,656,0,11,83.88,67.01,3.234,0.2128
107,656,0,12,83.88,58.32,3.323,0.2121
107,656,0,13,83.88,44.39,3.281,0.2109
107,656,0,14,83.88,35.12,3.244,0.2103
107,656,0,15,83.88,21.68,3.35,0.2084
107,656,0,16,83.88,7.37,3.57,0.2105
107,656,0,17,83.88,0.0,3.581,0.211
107,656,0,18,83.88,0.0,3.838,0.2123
107,656,0,19,83.88,0.0,3.883,0.21
107,656,0,20,83.88,0.0,3.146,0.2096
107,656,0,21,83.88,0.0,2.326,0.2036
107,656,0,22,83.88,0.0,2.18,0.1915
107,656,0,23,83.88,0.0,2.031,0.1674
107,657,1,0,61.27,0.0,2.009,0.1562
107,657,1,1,73.94,0.0,2.007,0.155
107,657,1,2,63.0,0.0,1.965,0.1515
107,657,1,3,67.0,0.0,1.975,0.1535
107,657,1,4,64.0,0.0,1.928,0.1527
107,657,1,5,66.0,0.0,2.01,0.1638
107,657,1,6,62.0,2.66,2.233,0.1955
107,657,1,7,45.0,20.55,2.803,0.2022
107,657,1,8,66.0,41.06,2.938,0.2037
107,657,1,9,68.0,58.3,3.113,0.2049
107,657,1,10,76.0,70.07,3.224,0.2086
107,657,1,11,79.0,75.03,3.392,0.2118
107,657,1,12,76.0,72.79,3.689,0.2128
107,657,1,13,90.0,63.13,3.807,0.2159
107,657,1,14,88.0,47.32,3.897,0.2208
107,657,1,15,87.0,28.05,3.9,0.2217
107,657,1,16,88.0,8.65,3.901,0.2207
107,657,1,17,87.0,0.0,4.086,0.2186
107,657,1,18,80.0,0.0,4.309,0.2216
107,657,1,19,68.0,0.0,4.087,0.2249
107,657,1,20,51.0,0.0,3.206,0.2259
107,657,1,21,48.0,0.0,2.688,0.2183
107,657,1,22,47.0,0.0,2.195,0.205
107,657,1,23,40.0,0.0,2.109,0.1916
107,658,2,0,39.67,0.0,2.279,0.1796
107,658,2,1,38.33,0.0,2.142,0.172
107,658,2,2,39.0,0.0,2.015,0.1681
107,658,2,3,39.0,0.0,2.013,0.1733
107,658,2,4,39.0,0.0,2.091,0.1808
107,658,2,5,38.0,0.0,2.197,0.1936
107,658,2,6,40.0,1.93,2.686,0.2087
107,658,2,7,42.0,15.4,3.031,0.219
107,658,2,8,66.0,32.18,3.228,0.2241
107,658,2,9,70.0,46.81,3.315,0.2283
107,658,2,10,84.0,59.97,3.444,0.2307
107,658,2,11,90.0,68.98,3.693,0.23
107,658,2,12,99.0,64.7,3.784,0.2315
107,658,2,13,92.0,53.8,3.953,0.2363
107,658,2,14,91.0,41.6,4.295,0.2391
107,658,2,15,92.0,24.9,4.473,0.2423
107,658,2,16,88.0,7.68,4.657,0.2377
107,658,2,17,82.0,0.0,4.3,0.2414
107,658,2,18,71.0,0.0,4.232,0.2425
107,658,2,19,58.0,0.0,4.17,0.2442
107,658,2,20,41.0,0.0,3.424,0.243
107,658,2,21,40.0,0.0,2.864,0.2309
107,658,2,22,40.0,0.0,2.465,0.215
107,658,2,23,39.0,0.0,2.294,0.2064
107,659,3,0,39.67,0.0,2.081,0.1845
107,659,3,1,41.33,0.0,1.974,0.178
107,659,3,2,41.0,0.0,1.761,0.1743
107,659,3,3,41.0,0.0,1.719,0.1716
107,659,3,4,41.0,0.0,1.834,0.1751
107,659,3,5,42.0,0.0,1.893,0.184
107,659,3,6,41.0,1.55,2.53,0.1948
107,659,3,7,45.0,10.81,2.619,0.2063
107,659,3,8,69.0,22.16,2.64,0.2109
107,659,3,9,72.0,33.36,2.762,0.2152
107,659,3,10,77.0,39.07,2.834,0.2142
107,659,3,11,79.0,32.98,2.9,0.2157
107,659,3,12,84.0,33.0,2.901,0.2216
107,659,3,13,89.0,26.29,2.884,0.2198
107,659,3,14,95.0,18.83,2.88,0.2215
107,659,3,15,92.0,10.98,2.86,0.2239
107,659,3,16,84.0,2.86,2.909,0.2239
107,659,3,17,84.0,0.0,3.096,0.2258
107,659,3,18,76.0,0.0,3.439,0.2253
107,659,3,19,56.0,0.0,3.449,0.2286
107,659,3,20,40.0,0.0,2.811,0.2244
107,659,3,21,39.0,0.0,2.418,0.216
107,659,3,22,39.0,0.0,2.137,0.2039
107,659,3,23,39.0,0.0,2.12,0.1961
107,660,4,0,39.0,0.0,1.901,0.1746
107,660,4,1,38.33,0.0,1.815,0.17
107,660,4,2,39.0,0.0,1.601,0.1671
107,660,4,3,39.0,0.0,1.73,0.1673
107,660,4,4,39.0,0.0,1.673,0.167
107,660,4,5,39.0,0.0,1.759,0.1753
107,660,4,6,39.0,1.26,2.275,0.1998
107,660,4,7,43.0,9.77,2.31,0.2084
107,660,4,8,67.0,18.12,2.381,0.2136
107,660,4,9,70.0,25.32,2.528,0.2126
107,660,4,10,76.0,32.23,2.677,0.2139
107,660,4,11,81.0,38.2,2.685,0.217
107,660,4,12,89.0,38.43,2.6,0.2213
107,660,4,13,87.0,40.84,2.637,0.2254
107,660,4,14,88.0,30.29,2.549,0.226
107,660,4,15,90.0,18.14,2.525,0.2249
107,660,4,16,93.0,5.39,2.504,0.2216
107,660,4,17,81.0,0.0,2.545,0.2222
107,660,4,18,73.0,0.0,2.788,0.2202
107,660,4,19,63.0,0.0,2.679,0.2181
107,660,4,20,43.0,0.0,2.48,0.2138
107,660,4,21,40.0,0.0,2.225,0.2009
107,660,4,22,39.0,0.0,1.937,0.1942
107,660,4,23,39.0,0.0,1.988,0.1894
107,661,5,0,33.33,0.0,1.726,0.1717
107,661,5,1,38.67,0.0,1.809,0.1673
107,661,5,2,39.0,0.0,1.616,0.1519
107,661,5,3,40.0,0.0,1.411,0.1514
107,661,5,4,39.0,0.0,1.367,0.153
107,661,5,5,39.0,0.0,1.509,0.1539
107,661,5,6,39.0,0.85,1.737,0.1611
107,661,5,7,40.0,5.96,1.772,0.1633
107,661,5,8,62.0,12.31,2.03,0.1692
107,661,5,9,64.0,18.16,2.415,0.1699
107,661,5,10,65.0,16.21,2.454,0.171
107,661,5,11,61.0,27.9,2.456,0.1704
107,661,5,12,52.0,26.37,2.362,0.1713
107,661,5,13,53.0,18.65,2.222,0.171
107,661,5,14,53.0,16.03,2.164,0.1731
107,661,5,15,53.0,11.1,2.085,0.1703
107,661,5,16,53.0,3.83,2.125,0.1682
107,661,5,17,52.0,0.0,2.356,0.1663
107,661,5,18,53.0,0.0,2.884,0.1688
107,661,5,19,43.0,0.0,2.446,0.1662
107,661,5,20,29.0,0.0,2.188,0.1597
107,661,5,21,28.0,0.0,2.036,0.1558
107,661,5,22,28.0,0.0,1.663,0.1441
107,661,5,23,27.0,0.0,1.517,0.1338
107,662,6,0,27.33,0.0,1.634,0.1188
107,662,6,1,27.67,0.0,1.736,0.1208
107,662,6,2,28.0,0.0,1.596,0.1173
107,662,6,3,27.0,0.0,1.3,0.12
107,662,6,4,28.0,0.0,1.31,0.1238
107,662,6,5,27.0,0.0,1.186,0.1242
107,662,6,6,28.0,2.16,1.097,0.1311
107,662,6,7,27.0,17.92,1.147,0.1374
107,662,6,8,51.0,35.84,1.385,0.1399
107,662,6,9,52.0,52.34,1.596,0.139
107,662,6,10,52.0,56.95,1.74,0.1365
107,662,6,11,51.0,57.97,1.802,0.1349
107,662,6,12,52.0,56.65,1.756,0.1335
107,662,6,13,51.0,48.75,1.733,0.1327
107,662,6,14,51.0,36.66,1.673,0.1323
107,662,6,15,53.0,21.24,1.665,0.1354
107,662,6,16,51.0,5.67,1.738,0.1368
107,662,6,17,52.0,0.0,2.173,0.1423
107,662,6,18,53.0,0.0,2.671,0.1542
107,662,6,19,42.0,0.0,2.635,0.1648
107,662,6,20,28.0,0.0,2.404,0.1651
107,662,6,21,27.0,0.0,1.969,0.1661
107,662,6,22,28.0,0.0,1.626,0.1495
107,662,6,23,27.0,0.0,1.48,0.1428
107,663,0,0,55.16,0.0,1.45,0.1337
107,663,0,1,26.67,0.0,1.389,0.1343
107,663,0,2,28.0,0.0,1.199,0.1374
107,663,0,3,27.0,0.0,1.156,0.1376
107,663,0,4,27.0,0.0,1.171,0.1416
107,663,0,5,27.0,0.0,1.399,0.1454
107,663,0,6,27.0,1.49,2.066,0.1606
107,663,0,7,28.0,15.04,2.311,0.1699
107,663,0,8,51.0,31.18,2.345,0.1715
107,663,0,9,56.0,44.68,2.511,0.1729
107,663,0,10,66.0,55.88,2.605,0.1689
107,663,0,11,71.0,50.79,2.67,0.1692
107,663,0,12,74.0,57.44,2.679,0.1705
107,663,0,13,77.0,47.79,2.621,0.1667
107,663,0,14,84.0,37.58,2.619,0.1664
107,663,0,15,92.0,22.87,2.677,0.1663
107,663,0,16,91.0,6.44,2.793,0.1669
107,663,0,17,92.0,0.0,2.863,0.1705
107,663,0,18,69.0,0.0,3.442,0.1777
107,663,0,19,52.0,0.0,3.072,0.1811
107,663,0,20,33.0,0.0,2.711,0.1738
107,663,0,21,32.0,0.0,2.014,0.1661
107,663,0,22,32.0,0.0,1.669,0.1508
107,663,0,23,31.0,0.0,1.52,0.1457
107,664,1,0,82.98,0.0,1.421,0.135
107,664,1,1,82.98,0.0,1.233,0.1309
107,664,1,2,82.98,0.0,1.178,0.1312
107,664,1,3,82.98,0.0,1.147,0.1299
107,664,1,4,82.98,0.0,1.146,0.1327
107,664,1,5,82.98,0.0,1.507,0.1422
107,664,1,6,82.98,1.59,2.493,0.1598
107,664,1,7,82.98,13.69,2.731,0.1726
107,664,1,8,82.98,27.06,2.76,0.1761
107,664,1,9,82.98,35.23,2.884,0.174
107,664,1,10,82.98,34.86,2.78,0.1804
107,664,1,11,82.98,36.58,2.678,0.1737
107,664,1,12,82.98,35.88,2.648,0.1733
107,664,1,13,82.98,36.68,2.62,0.1734
107,664,1,14,82.98,26.99,2.487,0.1703
107,664,1,15,82.98,15.81,2.551,0.1683
107,664,1,16,82.98,4.45,2.669,0.1744
107,664,1,17,82.98,0.0,3.005,0.1745
107,664,1,18,82.98,0.0,3.703,0.1809
107,664,1,19,82.98,0.0,3.422,0.1799
107,664,1,20,82.98,0.0,2.911,0.1822
107,664,1,21,82.98,0.0,2.174,0.1763
107,664,1,22,82.98,0.0,1.741,0.1697
107,664,1,23,82.98,0.0,1.589,0.164
107,665,2,0,74.49,0.0,1.523,0.1465
107,665,2,1,78.49,0.0,1.444,0.1413
107,665,2,2,75.0,0.0,1.449,0.1377
107,665,2,3,76.0,0.0,1.53,0.1389
107,665,2,4,71.0,0.0,1.529,0.1425
107,665,2,5,75.0,0.0,2.33,0.1483
107,665,2,6,73.0,1.91,3.428,0.1689
107,665,2,7,72.0,18.91,3.741,0.178
107,665,2,8,82.0,38.97,3.342,0.1785
107,665,2,9,108.0,56.4,3.164,0.1783
107,665,2,10,110.0,68.83,3.067,0.1831
107,665,2,11,121.0,72.4,2.998,0.1871
107,665,2,12,114.0,59.82,2.91,0.1809
107,665,2,13,121.0,47.84,2.816,0.182
107,665,2,14,120.0,36.65,2.764,0.1816
107,665,2,15,122.0,20.36,2.694,0.1804
107,665,2,16,117.0,4.68,2.865,0.181
107,665,2,17,110.0,0.0,3.125,0.1834
107,665,2,18,99.0,0.0,4.286,0.1871
107,665,2,19,90.0,0.0,4.079,0.1921
107,665,2,20,83.0,0.0,3.337,0.1944
107,665,2,21,67.0,0.0,2.968,0.1887
107,665,2,22,58.0,0.0,2.45,0.1698
107,665,2,23,63.0,0.0,2.168,0.1596
107,666,3,0,63.67,0.0,2.084,0.144
107,666,3,1,60.0,0.0,1.912,0.1405
107,666,3,2,61.0,0.0,1.762,0.1426
107,666,3,3,66.0,0.0,1.755,0.1418
107,666,3,4,60.0,0.0,1.752,0.1398
107,666,3,5,60.0,0.0,2.157,0.1503
107,666,3,6,66.0,0.41,3.258,0.175
107,666,3,7,65.0,3.19,3.302,0.1772
107,666,3,8,73.0,6.28,3.212,0.178
107,666,3,9,98.0,8.47,3.288,0.1814
107,666,3,10,111.0,13.11,3.231,0.1821
107,666,3,11,123.0,7.94,3.012,0.1821
107,666,3,12,133.0,10.01,2.857,0.1813
107,666,3,13,140.0,5.17,2.854,0.1805
107,666,3,14,139.0,12.33,2.6,0.1792
107,666,3,15,134.0,4.49,2.611,0.1765
107,666,3,16,131.0,1.42,2.973,0.1735
107,666,3,17,112.0,0.0,3.311,0.1773
107,666,3,18,107.0,0.0,3.845,0.1813
107,666,3,19,94.0,0.0,3.618,0.1919
107,666,3,20,70.0,0.0,2.898,0.1783
107,666,3,21,59.0,0.0,2.36,0.1655
107,666,3,22,64.0,0.0,2.129,0.1511
107,666,3,23,67.0,0.0,1.833,0.1487
107,667,4,0,62.0,0.0,1.773,0.1418
107,667,4,1,62.67,0.0,1.636,0.1406
107,667,4,2,65.0,0.0,1.391,0.1388
107,667,4,3,62.0,0.0,1.369,0.1392
107,667,4,4,67.0,0.0,1.445,0.1336
107,667,4,5,57.0,0.0,1.637,0.1459
107,667,4,6,64.0,0.97,2.319,0.1634
107,667,4,7,69.0,9.96,2.614,0.1693
107,667,4,8,100.0,21.31,2.603,0.1696
107,667,4,9,101.0,30.07,2.76,0.1689
107,667,4,10,112.0,36.33,2.817,0.1776
107,667,4,11,109.0,50.37,2.721,0.1739
107,667,4,12,129.0,52.15,2.702,0.1715
107,667,4,13,128.0,48.59,2.555,0.1697
107,667,4,14,129.0,34.87,2.534,0.1687
107,667,4,15,145.0,20.19,2.51,0.1728
107,667,4,16,146.0,4.5,2.711,0.1758
107,667,4,17,138.0,0.0,3.012,0.1792
107,667,4,18,118.0,0.0,3.425,0.1849
107,667,4,19,99.0,0.0,3.166,0.1856
107,667,4,20,72.0,0.0,2.71,0.1795
107,667,4,21,71.0,0.0,2.405,0.164
107,667,4,22,68.0,0.0,2.0,0.1507
107,667,4,23,63.0,0.0,1.666,0.1484
107,668,5,0,63.33,0.0,1.816,0.1405
107,668,5,1,64.33,0.0,1.771,0.134
107,668,5,2,67.0,0.0,1.766,0.1316
107,668,5,3,66.0,0.0,1.544,0.1277
107,668,5,4,58.0,0.0,1.52,0.1239
107,668,5,5,65.0,0.0,1.496,0.127
107,668,5,6,67.0,1.1,1.669,0.1259
107,668,5,7,69.0,13.87,1.723,0.1324
107,668,5,8,93.0,29.89,1.923,0.1349
107,668,5,9,89.0,44.23,2.172,0.1433
107,668,5,10,91.0,53.63,2.224,0.1442
107,668,5,11,88.0,60.23,2.133,0.1426
107,668,5,12,92.0,62.88,2.078,0.1413
107,668,5,13,95.0,44.12,2.065,0.1372
107,668,5,14,94.0,33.89,1.971,0.1336
107,668,5,15,95.0,17.79,1.952,0.1319
107,668,5,16,93.0,3.43,2.076,0.1307
107,668,5,17,91.0,0.0,2.688,0.1366
107,668,5,18,91.0,0.0,2.884,0.1457
107,668,5,19,82.0,0.0,2.759,0.1435
107,668,5,20,67.0,0.0,2.574,0.1396
107,668,5,21,67.0,0.0,2.02,0.1383
107,668,5,22,60.0,0.0,1.603,0.133
107,668,5,23,65.0,0.0,1.586,0.1353
107,669,6,0,66.0,0.0,1.488,0.1252
107,669,6,1,124.0,0.0,1.416,0.1239
107,669,6,2,65.0,0.0,1.322,0.1224
107,669,6,3,66.0,0.0,1.21,0.1248
107,669,6,4,67.0,0.0,1.204,0.1311
107,669,6,5,58.0,0.0,1.27,0.1239
107,669,6,6,64.0,0.73,1.315,0.1242
107,669,6,7,67.0,10.74,1.34,0.1231
107,669,6,8,91.0,24.9,1.678,0.1285
107,669,6,9,90.0,37.55,1.793,0.1398
107,669,6,10,89.0,49.3,1.821,0.1443
107,669,6,11,85.0,56.77,1.819,0.1477
107,669,6,12,88.0,42.21,1.957,0.1479
107,669,6,13,90.0,37.79,2.025,0.1527
107,669,6,14,85.0,31.01,1.822,0.1554
107,669,6,15,87.0,13.85,1.904,0.1541
107,669,6,16,89.0,2.2,2.077,0.1604
107,669,6,17,89.0,0.0,2.617,0.1694
107,669,6,18,88.0,0.0,3.417,0.1835
107,669,6,19,75.0,0.0,2.972,0.172
107,669,6,20,64.0,0.0,2.492,0.1632
107,669,6,21,64.0,0.0,2.225,0.1566
107,669,6,22,59.0,0.0,1.782,0.1444
107,669,6,23,62.0,0.0,1.529,0.1441
107,670,0,0,70.0,0.0,1.628,0.1366
107,670,0,1,67.0,0.0,1.529,0.1348
107,670,0,2,66.0,0.0,1.429,0.1342
107,670,0,3,63.0,0.0,1.405,0.1314
107,670,0,4,62.0,0.0,1.474,0.1334
107,670,0,5,66.0,0.0,1.766,0.1458
107,670,0,6,68.0,1.19,2.824,0.1701
107,670,0,7,71.0,16.71,2.92,0.181
107,670,0,8,111.0,37.76,3.028,0.1819
107,670,0,9,117.0,55.32,3.081,0.1806
107,670,0,10,114.0,67.37,3.064,0.179
107,670,0,11,123.0,72.97,3.172,0.1802
107,670,0,12,123.0,70.87,3.074,0.1786
107,670,0,13,132.0,61.49,2.907,0.178
107,670,0,14,133.0,44.36,2.8,0.1712
107,670,0,15,139.0,23.17,2.837,0.1691
107,670,0,16,148.0,3.89,2.921,0.1767
107,670,0,17,141.0,0.0,3.424,0.1814
107,670,0,18,127.0,0.0,3.821,0.1829
107,670,0,19,107.0,0.0,3.618,0.1837
107,670,0,20,75.0,0.0,3.27,0.1789
107,670,0,21,71.0,0.0,2.844,0.1726
107,670,0,22,69.0,0.0,2.356,0.1495
107,670,0,23,74.0,0.0,2.161,0.1421
107,671,1,0,79.0,0.0,2.115,0.1393
107,671,1,1,73.0,0.0,1.933,0.1347
107,671,1,2,70.0,0.0,1.884,0.1346
107,671,1,3,71.0,0.0,1.821,0.1349
107,671,1,4,66.0,0.0,1.814,0.1349
107,671,1,5,66.0,0.0,2.149,0.1445
107,671,1,6,71.0,0.9,3.096,0.1577
107,671,1,7,45.0,14.39,3.367,0.1653
107,671,1,8,130.0,33.67,3.165,0.1693
107,671,1,9,121.0,49.81,3.039,0.1693
107,671,1,10,119.0,60.25,3.118,0.174
107,671,1,11,135.0,68.41,3.096,0.1694
107,671,1,12,139.0,63.73,3.002,0.1626
107,671,1,13,136.0,48.48,2.959,0.163
107,671,1,14,144.0,34.92,2.86,0.1631
107,671,1,15,134.0,18.43,2.942,0.1593
107,671,1,16,130.0,2.77,3.025,0.1617
107,671,1,17,141.0,0.0,3.684,0.1661
107,671,1,18,126.0,0.0,4.135,0.1744
107,671,1,19,117.0,0.0,3.745,0.1775
107,671,1,20,93.0,0.0,3.293,0.1655
107,671,1,21,89.0,0.0,2.852,0.1567
107,671,1,22,82.0,0.0,2.385,0.1418
107,671,1,23,82.0,0.0,2.102,0.1411
107,672,2,0,72.0,0.0,1.925,0.1363
107,672,2,1,90.0,0.0,1.801,0.1384
107,672,2,2,80.0,0.0,1.754,0.1378
107,672,2,3,85.0,0.0,1.705,0.1374
107,672,2,4,91.0,0.0,1.582,0.1403
107,672,2,5,90.0,0.0,1.507,0.1451
107,672,2,6,85.0,0.65,2.772,0.1626
107,672,2,7,102.0,11.53,2.766,0.1751
107,672,2,8,125.0,29.89,2.867,0.1707
107,672,2,9,124.0,43.25,2.955,0.1704
107,672,2,10,126.0,54.15,2.84,0.1728
107,672,2,11,121.0,63.18,2.881,0.1639
107,672,2,12,133.0,53.85,2.824,0.1646
107,672,2,13,130.0,47.67,2.725,0.1674
107,672,2,14,136.0,33.83,2.643,0.1717
107,672,2,15,134.0,17.14,2.752,0.1712
107,672,2,16,130.0,2.96,2.902,0.1783
107,672,2,17,130.0,0.0,3.521,0.1769
107,672,2,18,130.0,0.0,3.911,0.1862
107,672,2,19,117.0,0.0,3.581,0.1825
107,672,2,20,83.0,0.0,2.97,0.1777
107,672,2,21,79.0,0.0,2.429,0.1686
107,672,2,22,78.0,0.0,2.109,0.1544
107,672,2,23,76.0,0.0,1.988,0.1525
107,673,3,0,79.0,0.0,1.579,0.1453
107,673,3,1,76.0,0.0,1.473,0.1423
107,673,3,2,77.0,0.0,1.383,0.1363
107,673,3,3,78.0,0.0,1.361,0.1361
107,673,3,4,78.0,0.0,1.386,0.1342
107,673,3,5,76.0,0.0,1.514,0.1468
107,673,3,6,78.0,0.49,2.472,0.162
107,673,3,7,82.0,6.67,2.607,0.1646
107,673,3,8,122.0,14.52,2.641,0.1664
107,673,3,9,122.0,20.73,2.685,0.1702
107,673,3,10,129.0,24.65,2.794,0.1715
107,673,3,11,131.0,27.59,2.847,0.1666
107,673,3,12,130.0,25.71,2.823,0.1615
107,673,3,13,125.0,31.17,2.798,0.163
107,673,3,14,131.0,21.79,2.773,0.1628
107,673,3,15,129.0,11.99,2.806,0.1631
107,673,3,16,124.0,2.2,3.006,0.1706
107,673,3,17,139.0,0.0,3.659,0.1709
107,673,3,18,129.0,0.0,4.0,0.1728
107,673,3,19,118.0,0.0,3.436,0.1731
107,673,3,20,78.0,0.0,2.865,0.169
107,673,3,21,75.0,0.0,2.295,0.16
107,673,3,22,81.0,0.0,1.934,0.1423
107,673,3,23,79.0,0.0,1.856,0.1438
107,674,4,0,79.0,0.0,1.541,0.1339
107,674,4,1,73.0,0.0,1.476,0.1333
107,674,4,2,72.0,0.0,1.426,0.1345
107,674,4,3,79.0,0.0,1.391,0.1328
107,674,4,4,72.0,0.0,1.364,0.1339
107,674,4,5,74.0,0.0,1.457,0.148
107,674,4,6,78.0,0.67,2.497,0.1596
107,674,4,7,86.0,13.81,2.744,0.1639
107,674,4,8,117.0,34.11,2.611,0.1633
107,674,4,9,119.0,51.55,2.662,0.1607
107,674,4,10,135.0,64.02,2.637,0.1593
107,674,4,11,140.0,69.29,2.662,0.1594
107,674,4,12,138.0,68.32,2.638,0.1528
107,674,4,13,157.0,59.75,2.503,0.152
107,674,4,14,154.0,44.25,2.406,0.1537
107,674,4,15,151.0,24.12,2.342,0.1512
107,674,4,16,147.0,4.05,2.671,0.1531
107,674,4,17,150.0,0.0,3.031,0.1561
107,674,4,18,144.0,0.0,3.5,0.1601
107,674,4,19,120.0,0.0,3.145,0.161
107,674,4,20,82.0,0.0,2.649,0.1549
107,674,4,21,85.0,0.0,2.32,0.1456
107,674,4,22,82.0,0.0,2.044,0.1382
107,674,4,23,95.0,0.0,1.87,0.1394
107,675,5,0,86.0,0.0,1.65,0.1334
107,675,5,1,93.0,0.0,1.69,0.1318
107,675,5,2,87.0,0.0,1.473,0.1312
107,675,5,3,93.0,0.0,1.261,0.1294
107,675,5,4,87.0,0.0,1.235,0.1294
107,675,5,5,85.0,0.0,1.337,0.1317
107,675,5,6,87.0,0.63,1.661,0.1317
107,675,5,7,93.0,13.75,1.621,0.1351
107,675,5,8,122.0,33.78,1.998,0.1421
107,675,5,9,118.0,50.9,2.178,0.1486
107,675,5,10,117.0,62.76,2.302,0.1504
107,675,5,11,117.0,67.21,2.122,0.1464
107,675,5,12,116.0,63.73,2.016,0.1439
107,675,5,13,122.0,51.97,1.944,0.1422
107,675,5,14,124.0,37.95,1.748,0.1374
107,675,5,15,105.0,19.88,1.685,0.1379
107,675,5,16,119.0,2.99,2.001,0.1386
107,675,5,17,116.0,0.0,2.539,0.1403
107,675,5,18,113.0,0.0,3.097,0.1523
107,675,5,19,108.0,0.0,2.702,0.1575
107,675,5,20,86.0,0.0,2.444,0.1512
107,675,5,21,85.0,0.0,1.89,0.1457
107,675,5,22,85.0,0.0,1.716,0.1396
107,675,5,23,88.0,0.0,1.67,0.1292
107,676,6,0,95.0,0.0,1.478,0.1201
107,676,6,1,91.0,0.0,1.2365,0.1155
107,676,6,2,110.0,0.0,1.119,0.1129
107,676,6,3,109.0,0.0,1.015,0.1115
107,676,6,4,105.0,0.0,1.017,0.1132
107,676,6,5,97.0,0.0,1.017,0.1153
107,676,6,6,87.0,0.52,1.147,0.1207
107,676,6,7,98.0,12.89,1.165,0.1167
107,676,6,8,126.0,32.58,1.417,0.1155
107,676,6,9,118.0,49.85,1.687,0.1221
107,676,6,10,111.0,63.89,1.63,0.1272
107,676,6,11,116.0,63.91,1.818,0.1255
107,676,6,12,116.0,54.93,1.785,0.1258
107,676,6,13,113.0,47.03,1.672,0.1286
107,676,6,14,109.0,33.99,1.671,0.1347
107,676,6,15,109.0,18.54,1.683,0.1398
107,676,6,16,110.0,3.07,2.56,0.1475
107,676,6,17,113.0,0.0,3.5,0.1591
107,676,6,18,122.0,0.0,3.448,0.1674
107,676,6,19,116.0,0.0,2.94,0.1652
107,676,6,20,93.0,0.0,2.602,0.1604
107,676,6,21,93.0,0.0,2.04,0.1564
107,676,6,22,99.0,0.0,1.647,0.1393
107,676,6,23,92.0,0.0,1.652,0.1363
107,677,0,0,96.0,0.0,1.527,0.1407
107,677,0,1,85.0,0.0,1.415,0.1427
107,677,0,2,86.0,0.0,1.331,0.1452
107,677,0,3,83.0,0.0,1.351,0.1466
107,677,0,4,97.0,0.0,1.483,0.1522
107,677,0,5,79.0,0.0,1.742,0.1618
107,677,0,6,88.0,0.0,3.051,0.178
107,677,0,7,97.0,14.75,2.9,0.1821
107,677,0,8,127.0,34.06,2.836,0.1796
107,677,0,9,121.0,51.4,2.78,0.1811
107,677,0,10,138.0,63.44,2.729,0.175
107,677,0,11,146.0,57.32,2.67,0.1745
107,677,0,12,151.0,66.38,2.54,0.173
107,677,0,13,150.0,57.11,2.501,0.1699
107,677,0,14,145.0,41.65,2.373,0.1675
107,677,0,15,157.0,21.84,2.445,0.1741
107,677,0,16,160.0,3.09,3.026,0.1765
107,677,0,17,164.0,0.0,4.099,0.1853
107,677,0,18,152.0,0.0,3.825,0.1898
107,677,0,19,121.0,0.0,3.098,0.1846
107,677,0,20,101.0,0.0,2.7,0.1761
107,677,0,21,84.0,0.0,2.141,0.1674
107,677,0,22,92.0,0.0,1.752,0.1581
107,677,0,23,90.0,0.0,1.7,0.1539
107,678,1,0,83.0,0.0,1.576,0.147
107,678,1,1,86.0,0.0,1.49,0.142
107,678,1,2,89.0,0.0,1.47,0.1398
107,678,1,3,85.0,0.0,1.486,0.1394
107,678,1,4,99.0,0.0,1.515,0.1389
107,678,1,5,92.0,0.0,1.695,0.1518
107,678,1,6,87.0,0.0,2.906,0.1689
107,678,1,7,108.0,14.0,2.928,0.1726
107,678,1,8,125.0,31.91,3.048,0.1748
107,678,1,9,118.0,48.61,2.974,0.1765
107,678,1,10,143.0,59.66,2.851,0.1706
107,678,1,11,146.0,67.27,2.691,0.1629
107,678,1,12,163.0,65.49,2.539,0.1591
107,678,1,13,158.0,55.23,2.608,0.1658
107,678,1,14,162.0,39.48,2.502,0.1712
107,678,1,15,166.0,19.83,2.776,0.1728
107,678,1,16,161.0,2.61,3.49,0.1758
107,678,1,17,160.0,0.0,4.516,0.181
107,678,1,18,146.0,0.0,4.103,0.1789
107,678,1,19,147.0,0.0,3.309,0.1805
107,678,1,20,111.0,0.0,2.96,0.1728
107,678,1,21,115.0,0.0,2.46,0.1656
107,678,1,22,99.0,0.0,1.954,0.1564
107,678,1,23,97.0,0.0,1.707,0.1537
107,679,2,0,92.0,0.0,1.512,0.1551
107,679,2,1,100.0,0.0,1.415,0.1591
107,679,2,2,92.0,0.0,1.382,0.1515
107,679,2,3,97.0,0.0,1.373,0.1506
107,679,2,4,94.0,0.0,1.353,0.1468
107,679,2,5,98.0,0.0,1.513,0.1518
107,679,2,6,97.0,0.0,2.684,0.1682
107,679,2,7,99.0,3.26,2.633,0.1786
107,679,2,8,135.0,6.68,2.802,0.1662
107,679,2,9,131.0,9.46,2.774,0.1634
107,679,2,10,151.0,12.11,2.853,0.1668
107,679,2,11,147.0,15.39,2.819,0.1712
107,679,2,12,161.0,10.22,2.7,0.1695
107,679,2,13,154.0,13.33,2.627,0.1701
107,679,2,14,163.0,9.08,2.504,0.1715
107,679,2,15,168.0,4.8,2.693,0.1773
107,679,2,16,163.0,0.82,3.668,0.1831
107,679,2,17,156.0,0.0,4.262,0.1912
107,679,2,18,146.0,0.0,4.068,0.1856
107,679,2,19,132.0,0.0,3.385,0.1823
107,679,2,20,105.0,0.0,2.892,0.1798
107,679,2,21,103.0,0.0,2.4,0.1664
107,679,2,22,107.0,0.0,2.011,0.1526
107,679,2,23,97.0,0.0,1.808,0.1554
107,680,3,0,54.02,0.0,1.803,0.1559
107,680,3,1,84.0,0.0,1.748,0.1497
107,680,3,2,66.0,0.0,1.602,0.1447
107,680,3,3,0.04,0.0,1.62,0.1429
107,680,3,4,0.04,0.0,1.616,0.1388
107,680,3,5,0.04,0.0,1.773,0.1458
107,680,3,6,0.04,0.0,2.669,0.1652
107,680,3,7,0.04,13.2,2.706,0.1709
107,680,3,8,0.04,31.79,2.952,0.172
107,680,3,9,0.04,48.35,3.005,0.169
107,680,3,10,0.04,59.3,2.906,0.1646
107,680,3,11,0.04,62.66,2.783,0.1592
107,680,3,12,0.04,59.66,2.6,0.1581
107,680,3,13,0.04,48.86,2.522,0.157
107,680,3,14,0.04,34.19,2.406,0.1591
107,680,3,15,0.04,16.4,2.746,0.1592
107,680,3,16,0.04,1.91,3.702,0.1647
107,680,3,17,0.04,0.0,4.462,0.173
107,680,3,18,0.04,0.0,4.065,0.1729
107,680,3,19,0.04,0.0,3.325,0.1708
107,680,3,20,0.04,0.0,2.851,0.163
107,680,3,21,0.04,0.0,2.507,0.152
107,680,3,22,0.04,0.0,1.839,0.133
107,680,3,23,0.04,0.0,1.899,0.1237
107,681,4,0,0.04,0.0,1.771,0.1242
107,681,4,1,0.04,0.0,1.774,0.1245
107,681,4,2,0.04,0.0,1.619,0.1279
107,681,4,3,0.04,0.0,1.684,0.1286
107,681,4,4,0.04,0.0,1.669,0.1264
107,681,4,5,0.04,0.0,1.45,0.1342
107,681,4,6,0.04,0.0,2.427,0.1378
107,681,4,7,0.04,10.58,2.466,0.137
107,681,4,8,0.04,26.93,2.548,0.1458
107,681,4,9,0.04,41.32,2.516,0.1457
107,681,4,10,0.04,51.45,2.415,0.1505
107,681,4,11,0.04,56.03,2.36,0.154
107,681,4,12,0.04,59.93,2.191,0.157
107,681,4,13,0.04,50.03,2.193,0.1567
107,681,4,14,0.04,36.99,2.072,0.1579
107,681,4,15,0.04,18.74,2.133,0.1603
107,681,4,16,0.04,2.52,2.911,0.163
107,681,4,17,0.04,0.0,3.511,0.1754
107,681,4,18,0.04,0.0,3.102,0.176
107,681,4,19,0.04,0.0,2.766,0.1719
107,681,4,20,0.04,0.0,2.453,0.1654
107,681,4,21,0.04,0.0,2.279,0.1571
107,681,4,22,0.04,0.0,1.911,0.1459
107,681,4,23,0.04,0.0,1.823,0.1451
107,682,5,0,0.04,0.0,1.815,0.1339
107,682,5,1,0.04,0.0,1.775,0.128
107,682,5,2,0.04,0.0,1.609,0.1333
107,682,5,3,0.04,0.0,1.661,0.1358
107,682,5,4,0.04,0.0,1.699,0.1394
107,682,5,5,0.04,0.0,1.783,0.1417
107,682,5,6,0.04,0.0,1.968,0.1421
107,682,5,7,0.04,13.33,2.062,0.1458
107,682,5,8,0.04,33.52,2.364,0.146
107,682,5,9,0.04,50.96,2.547,0.1402
107,682,5,10,0.04,62.71,2.431,0.1353
107,682,5,11,0.04,67.5,2.175,0.1347
107,682,5,12,0.04,65.12,2.097,0.1356
107,682,5,13,0.04,55.76,2.039,0.135
107,682,5,14,0.04,40.37,1.884,0.1344
107,682,5,15,0.04,20.53,1.952,0.1333
107,682,5,16,0.04,2.45,2.813,0.1416
107,682,5,17,0.04,0.0,3.385,0.1522
107,682,5,18,0.04,0.0,3.378,0.1512
107,682,5,19,0.04,0.0,2.998,0.1469
107,682,5,20,0.04,0.0,2.649,0.1395
107,682,5,21,0.04,0.0,2.386,0.1309
107,682,5,22,0.04,0.0,2.011,0.121
107,682,5,23,0.04,0.0,1.788,0.1297
107,683,6,0,0.04,0.0,1.842,0.1248
107,683,6,1,0.04,0.0,1.729,0.1256
107,683,6,2,0.04,0.0,1.68,0.1253
107,683,6,3,0.04,0.0,1.703,0.1266
107,683,6,4,0.04,0.0,1.637,0.1279
107,683,6,5,0.04,0.0,1.617,0.1262
107,683,6,6,0.04,0.0,1.721,0.1268
107,683,6,7,0.04,10.76,1.696,0.1231
107,683,6,8,0.04,29.64,2.076,0.1204
107,683,6,9,0.04,46.82,2.164,0.1197
107,683,6,10,0.04,58.98,2.188,0.1158
107,683,6,11,0.04,66.1,1.919,0.119
107,683,6,12,0.04,63.89,1.859,0.119
107,683,6,13,0.04,54.63,1.783,0.12
107,683,6,14,0.04,39.46,1.798,0.1262
107,683,6,15,0.04,19.95,1.858,0.1336
107,683,6,16,0.04,2.26,2.716,0.1424
107,683,6,17,0.04,0.0,3.555,0.1553
107,683,6,18,0.04,0.0,3.2,0.1514
107,683,6,19,0.04,0.0,2.8,0.1441
107,683,6,20,0.04,0.0,2.385,0.1344
107,683,6,21,0.04,0.0,2.085,0.1315
107,683,6,22,0.04,0.0,1.811,0.1302
107,683,6,23,0.04,0.0,1.679,0.1265
107,684,0,0,0.04,0.0,1.584,0.1306
107,684,0,1,0.04,0.0,1.525,0.1331
107,684,0,2,0.04,0.0,1.367,0.1334
107,684,0,3,0.04,0.0,1.403,0.1318
107,684,0,4,0.04,0.0,1.554,0.1308
107,684,0,5,0.04,0.0,1.566,0.1339
107,684,0,6,0.04,0.0,2.57,0.1519
107,684,0,7,0.04,11.78,2.676,0.1569
107,684,0,8,0.04,31.86,2.952,0.1618
107,684,0,9,0.04,49.12,2.952,0.1668
107,684,0,10,0.04,60.77,2.777,0.1637
107,684,0,11,0.04,64.25,2.619,0.1641
107,684,0,12,0.04,51.38,2.534,0.1675
107,684,0,13,0.04,32.4,2.488,0.1679
107,684,0,14,0.04,21.64,2.469,0.1672
107,684,0,15,0.04,11.09,2.606,0.1712
107,684,0,16,0.04,1.09,3.465,0.1783
107,684,0,17,0.04,0.0,4.307,0.1858
107,684,0,18,0.04,0.0,3.933,0.1831
107,684,0,19,0.04,0.0,3.411,0.1816
107,684,0,20,0.04,0.0,3.083,0.175
107,684,0,21,0.04,0.0,2.647,0.1714
107,684,0,22,0.04,0.0,2.131,0.1544
107,684,0,23,0.04,0.0,1.962,0.144
107,685,1,0,0.04,0.0,1.589,0.1423
107,685,1,1,0.04,0.0,1.478,0.1416
107,685,1,2,0.04,0.0,1.355,0.143
107,685,1,3,0.04,0.0,1.344,0.1468
107,685,1,4,0.04,0.0,1.46,0.1491
107,685,1,5,0.04,0.0,1.593,0.1533
107,685,1,6,0.04,0.0,2.568,0.1705
107,685,1,7,0.04,2.96,2.707,0.1764
107,685,1,8,0.04,7.18,3.1,0.1808
107,685,1,9,0.04,10.89,2.955,0.1824
107,685,1,10,0.04,12.84,2.879,0.1828
107,685,1,11,0.04,12.6,2.765,0.1839
107,685,1,12,0.04,24.89,2.696,0.1834
107,685,1,13,0.04,23.64,2.674,0.1824
107,685,1,14,0.04,17.65,2.587,0.1824
107,685,1,15,0.04,9.07,2.771,0.1845
107,685,1,16,0.04,1.21,3.287,0.1825
107,685,1,17,0.04,0.0,3.994,0.1914
107,685,1,18,0.04,0.0,3.548,0.1849
107,685,1,19,0.04,0.0,3.272,0.1856
107,685,1,20,0.04,0.0,2.856,0.1801
107,685,1,21,0.04,0.0,2.551,0.178
107,685,1,22,0.04,0.0,2.112,0.1556
107,685,1,23,0.04,0.0,2.0,0.1449
107,686,2,0,0.04,0.0,1.604,0.1406
107,686,2,1,0.04,0.0,1.441,0.1407
107,686,2,2,0.04,0.0,1.287,0.1387
107,686,2,3,0.04,0.0,1.25,0.1373
107,686,2,4,0.04,0.0,1.348,0.1363
107,686,2,5,0.04,0.0,1.515,0.1512
107,686,2,6,0.04,0.0,2.382,0.1684
107,686,2,7,0.04,9.34,2.731,0.1759
107,686,2,8,0.04,28.06,2.757,0.1763
107,686,2,9,0.04,44.65,2.643,0.1763
107,686,2,10,0.04,56.06,2.643,0.1765
107,686,2,11,0.04,58.67,2.506,0.1767
107,686,2,12,0.04,52.61,2.39,0.1763
107,686,2,13,0.04,43.22,2.404,0.1725
107,686,2,14,0.04,28.58,2.238,0.1704
107,686,2,15,0.04,12.74,2.482,0.1696
107,686,2,16,0.04,1.11,3.272,0.1743
107,686,2,17,0.04,0.0,3.8,0.1791
107,686,2,18,0.04,0.0,3.275,0.18
107,686,2,19,0.04,0.0,3.082,0.1778
107,686,2,20,0.04,0.0,2.67,0.1719
107,686,2,21,0.04,0.0,2.28,0.1701
107,686,2,22,0.04,0.0,1.955,0.1572
107,686,2,23,0.04,0.0,1.857,0.1406
107,687,3,0,0.04,0.0,1.705,0.1331
107,687,3,1,0.04,0.0,1.59,0.1337
107,687,3,2,0.04,0.0,1.439,0.1328
107,687,3,3,0.04,0.0,1.43,0.1328
107,687,3,4,0.04,0.0,1.458,0.1327
107,687,3,5,0.04,0.0,1.667,0.1452
107,687,3,6,0.04,0.0,2.438,0.1721
107,687,3,7,0.04,9.03,2.79,0.1755
107,687,3,8,0.04,27.88,2.657,0.1732
107,687,3,9,0.04,44.53,2.634,0.175
107,687,3,10,0.04,56.11,2.634,0.1707
107,687,3,11,0.04,60.64,2.482,0.1701
107,687,3,12,0.04,59.01,2.336,0.1645
107,687,3,13,0.04,50.09,2.278,0.1623
107,687,3,14,0.04,35.3,2.184,0.1676
107,687,3,15,0.04,16.72,2.303,0.1743
107,687,3,16,0.04,1.53,3.134,0.1812
107,687,3,17,0.04,0.0,3.802,0.188
107,687,3,18,0.04,0.0,3.268,0.1908
107,687,3,19,0.04,0.0,3.005,0.1874
107,687,3,20,0.04,0.0,2.645,0.1796
107,687,3,21,0.04,0.0,2.406,0.1718
107,687,3,22,0.04,0.0,2.119,0.1539
107,687,3,23,0.04,0.0,1.856,0.1506
107,688,4,0,0.04,0.0,1.851,0.143
107,688,4,1,0.04,0.0,1.676,0.1376
107,688,4,2,0.04,0.0,1.533,0.1384
107,688,4,3,0.04,0.0,1.537,0.1395
107,688,4,4,0.04,0.0,1.644,0.1403
107,688,4,5,0.04,0.0,1.799,0.1479
107,688,4,6,0.04,0.0,2.601,0.1715
107,688,4,7,0.04,8.59,2.767,0.1758
107,688,4,8,0.04,27.45,2.779,0.1706
107,688,4,9,0.04,44.12,2.726,0.1679
107,688,4,10,0.04,55.56,2.555,0.1657
107,688,4,11,0.04,60.89,2.41,0.1657
107,688,4,12,0.04,58.81,2.322,0.1665
107,688,4,13,0.04,50.16,2.297,0.17
107,688,4,14,0.04,35.41,2.255,0.1677
107,688,4,15,0.04,16.86,2.314,0.169
107,688,4,16,0.04,1.53,3.303,0.1768
107,688,4,17,0.04,0.0,4.052,0.1814
107,688,4,18,0.04,0.0,3.247,0.1774
107,688,4,19,0.04,0.0,3.084,0.1686
107,688,4,20,0.04,0.0,2.434,0.1631
107,688,4,21,0.04,0.0,2.277,0.1507
107,688,4,22,0.04,0.0,2.003,0.1341
107,688,4,23,0.04,0.0,1.772,0.1349
107,689,5,0,0.04,0.0,1.715,0.1262
107,689,5,1,0.04,0.0,1.471,0.1238
107,689,5,2,0.04,0.0,1.444,0.124
107,689,5,3,0.04,0.0,1.418,0.1217
107,689,5,4,0.04,0.0,1.541,0.1239
107,689,5,5,0.04,0.0,1.504,0.1228
107,689,5,6,0.04,0.0,1.51,0.1232
107,689,5,7,0.04,8.5,1.514,0.1283
107,689,5,8,0.04,27.38,1.842,0.1368
107,689,5,9,0.04,43.92,2.169,0.1382
107,689,5,10,0.04,55.15,2.328,0.1355
107,689,5,11,0.04,60.67,2.082,0.1355
107,689,5,12,0.04,58.47,2.1,0.1301
107,689,5,13,0.04,47.23,2.301,0.1276
107,689,5,14,0.04,31.65,2.082,0.1304
107,689,5,15,0.04,14.2,2.006,0.1293
107,689,5,16,0.04,1.19,2.86,0.1362
107,689,5,17,0.04,0.0,3.298,0.1428
107,689,5,18,0.04,0.0,3.209,0.1421
107,689,5,19,0.04,0.0,2.954,0.1458
107,689,5,20,0.04,0.0,2.492,0.1424
107,689,5,21,0.04,0.0,1.975,0.1409
107,689,5,22,0.04,0.0,1.966,0.1306
107,689,5,23,0.04,0.0,1.53,0.1247
107,690,6,0,0.04,0.0,1.9,0.1193
107,690,6,1,0.04,0.0,1.835,0.1204
107,690,6,2,0.04,0.0,1.71,0.1184
107,690,6,3,0.04,0.0,1.706,0.1201
107,690,6,4,0.04,0.0,1.637,0.1193
107,690,6,5,0.04,0.0,1.566,0.1246
107,690,6,6,0.04,0.0,1.52,0.1255
107,690,6,7,0.04,3.11,1.624,0.1276
107,690,6,8,0.04,12.87,2.1,0.1301
107,690,6,9,0.04,20.83,2.312,0.1376
107,690,6,10,0.04,27.03,2.359,0.1385
107,690,6,11,0.04,28.91,2.345,0.1416
107,690,6,12,0.04,27.89,2.306,0.1382
107,690,6,13,0.04,14.83,2.288,0.1396
107,690,6,14,0.04,12.9,2.254,0.1438
107,690,6,15,0.04,5.86,2.235,0.1473
107,690,6,16,0.04,0.72,3.399,0.1543
107,690,6,17,0.04,0.0,4.0,0.1632
107,690,6,18,0.04,0.0,3.777,0.1651
107,690,6,19,0.04,0.0,3.5,0.1609
107,690,6,20,0.04,0.0,2.904,0.1584
107,690,6,21,0.04,0.0,2.419,0.153
107,690,6,22,0.04,0.0,2.5,0.1357
107,690,6,23,0.04,0.0,2.122,0.1244
107,691,0,0,0.04,0.0,2.398,0.1244
107,691,0,1,0.04,0.0,2.136,0.1294
107,691,0,2,0.04,0.0,1.978,0.1277
107,691,0,3,0.04,0.0,1.866,0.1274
107,691,0,4,0.04,0.0,1.954,0.1259
107,691,0,5,0.04,0.0,2.388,0.1359
107,691,0,6,0.04,0.0,3.428,0.1535
107,691,0,7,0.04,4.55,3.434,0.1697
107,691,0,8,0.04,14.1,3.692,0.1748
107,691,0,9,0.04,19.89,3.723,0.1785
107,691,0,10,0.04,22.41,3.593,0.1822
107,691,0,11,0.04,24.59,3.472,0.1836
107,691,0,12,0.04,26.53,3.304,0.1818
107,691,0,13,0.04,28.05,3.203,0.1809
107,691,0,14,0.04,20.45,3.173,0.1809
107,691,0,15,0.04,10.59,3.33,0.1836
107,691,0,16,0.04,1.15,4.3,0.1896
107,691,0,17,0.04,0.0,5.304,0.193
107,691,0,18,0.04,0.0,4.839,0.1927
107,691,0,19,0.04,0.0,4.287,0.1884
107,691,0,20,0.04,0.0,3.513,0.1844
107,691,0,21,0.04,0.0,3.105,0.1743
107,691,0,22,0.04,0.0,2.737,0.1516
107,691,0,23,0.04,0.0,2.537,0.1448
107,692,1,0,0.04,0.0,2.265,0.1429
107,692,1,1,0.04,0.0,2.027,0.1417
107,692,1,2,0.04,0.0,1.959,0.1433
107,692,1,3,0.04,0.0,1.762,0.1402
107,692,1,4,0.04,0.0,1.911,0.1413
107,692,1,5,0.04,0.0,2.302,0.1517
107,692,1,6,0.04,0.0,3.151,0.1675
107,692,1,7,0.04,4.61,3.199,0.177
107,692,1,8,0.04,16.55,3.472,0.1824
107,692,1,9,0.04,28.92,3.525,0.1852
107,692,1,10,0.04,37.23,3.454,0.1801
107,692,1,11,0.04,39.52,3.317,0.1781
107,692,1,12,0.04,43.6,3.024,0.1784
107,692,1,13,0.04,37.13,2.96,0.1755
107,692,1,14,0.04,26.28,2.883,0.1751
107,692,1,15,0.04,12.46,2.94,0.1785
107,692,1,16,0.04,1.18,3.688,0.1909
107,692,1,17,0.04,0.0,4.825,0.1983
107,692,1,18,0.04,0.0,4.467,0.1979
107,692,1,19,0.04,0.0,3.903,0.1998
107,692,1,20,0.04,0.0,3.439,0.197
107,692,1,21,0.04,0.0,3.116,0.193
107,692,1,22,0.04,0.0,2.727,0.1687
107,692,1,23,0.04,0.0,2.598,0.1654
107,693,2,0,0.04,0.0,2.766,0.1541
107,693,2,1,0.04,0.0,2.511,0.1488
107,693,2,2,0.04,0.0,2.392,0.1463
107,693,2,3,0.04,0.0,2.354,0.1448
107,693,2,4,0.04,0.0,2.475,0.1462
107,693,2,5,0.04,0.0,2.82,0.1682
107,693,2,6,0.04,0.0,3.557,0.1991
107,693,2,7,0.04,7.74,3.674,0.2008
107,693,2,8,0.04,27.44,3.706,0.2017
107,693,2,9,0.04,45.14,3.566,0.2012
107,693,2,10,0.04,57.29,3.33,0.1989
107,693,2,11,0.04,62.32,3.071,0.1985
107,693,2,12,0.04,58.79,2.888,0.1963
107,693,2,13,0.04,47.54,2.829,0.1998
107,693,2,14,0.04,31.89,2.769,0.2013
107,693,2,15,0.04,14.23,2.858,0.1982
107,693,2,16,0.04,1.03,3.938,0.1999
107,693,2,17,0.04,0.0,4.553,0.2056
107,693,2,18,0.04,0.0,4.028,0.2011
107,693,2,19,0.04,0.0,3.926,0.1945
107,693,2,20,0.04,0.0,3.345,0.1936
107,693,2,21,0.04,0.0,3.006,0.1902
107,693,2,22,0.04,0.0,2.747,0.1775
107,693,2,23,0.04,0.0,2.651,0.1696
107,694,3,0,0.04,0.0,2.571,0.1604
107,694,3,1,0.04,0.0,2.374,0.1565
107,694,3,2,0.04,0.0,2.218,0.1511
107,694,3,3,0.04,0.0,2.225,0.1531
107,694,3,4,0.04,0.0,2.186,0.1511
107,694,3,5,0.04,0.0,2.208,0.1597
107,694,3,6,0.04,0.0,2.706,0.1591
107,694,3,7,0.04,2.87,2.557,0.1564
107,694,3,8,0.04,9.7,2.85,0.1651
107,694,3,9,0.04,15.83,3.01,0.1699
107,694,3,10,0.04,20.56,2.964,0.1823
107,694,3,11,0.04,21.55,2.961,0.1836
107,694,3,12,0.04,17.48,2.743,0.1837
107,694,3,13,0.04,16.05,2.587,0.1833
107,694,3,14,0.04,11.52,2.405,0.1779
107,694,3,15,0.04,4.77,2.462,0.1775
107,694,3,16,0.04,0.52,2.848,0.1817
107,694,3,17,0.04,0.0,3.422,0.1798
107,694,3,18,0.04,0.0,3.172,0.1791
107,694,3,19,0.04,0.0,3.099,0.1744
107,694,3,20,0.04,0.0,2.754,0.1752
107,694,3,21,0.04,0.0,2.559,0.1733
107,694,3,22,0.04,0.0,2.298,0.162
107,694,3,23,0.04,0.0,2.21,0.1639
107,695,4,0,0.04,0.0,2.333,0.1589
107,695,4,1,0.04,0.0,2.258,0.1595
107,695,4,2,0.04,0.0,2.115,0.1607
107,695,4,3,0.04,0.0,2.062,0.1572
107,695,4,4,0.04,0.0,1.994,0.1607
107,695,4,5,0.04,0.0,1.998,0.1703
107,695,4,6,0.04,0.0,2.471,0.1772
107,695,4,7,0.04,2.53,2.407,0.1679
107,695,4,8,0.04,13.97,2.567,0.1773
107,695,4,9,0.04,28.01,2.715,0.1797
107,695,4,10,0.04,28.78,2.725,0.1806
107,695,4,11,0.04,35.88,2.772,0.1747
107,695,4,12,0.04,25.81,2.643,0.1708
107,695,4,13,0.04,17.06,2.603,0.1744
107,695,4,14,0.04,11.42,2.529,0.1746
107,695,4,15,0.04,4.75,2.603,0.1793
107,695,4,16,0.04,0.47,3.082,0.1911
107,695,4,17,0.04,0.0,3.655,0.1965
107,695,4,18,0.04,0.0,3.445,0.1943
107,695,4,19,0.04,0.0,3.22,0.1934
107,695,4,20,0.04,0.0,2.956,0.1876
107,695,4,21,0.04,0.0,2.646,0.1862
107,695,4,22,0.04,0.0,2.493,0.1702
107,695,4,23,0.04,0.0,2.26,0.1615
107,696,5,0,0.04,0.0,2.587,0.1539
107,696,5,1,0.04,0.0,2.236,0.151
107,696,5,2,0.04,0.0,2.065,0.1491
107,696,5,3,0.04,0.0,2.067,0.1446
107,696,5,4,0.04,0.0,2.078,0.1436
107,696,5,5,0.04,0.0,2.075,0.1493
107,696,5,6,0.04,0.0,2.501,0.1568
107,696,5,7,0.04,2.79,2.456,0.1565
107,696,5,8,0.04,11.79,2.744,0.1613
107,696,5,9,0.04,21.13,2.928,0.1709
107,696,5,10,0.04,28.73,2.965,0.1767
107,696,5,11,0.04,30.37,2.866,0.1779
107,696,5,12,0.04,28.96,2.749,0.1773
107,696,5,13,0.04,24.4,2.578,0.1761
107,696,5,14,0.04,18.03,2.574,0.1734
107,696,5,15,0.04,9.2,2.627,0.1757
107,696,5,16,0.04,0.83,3.224,0.1871
107,696,5,17,0.04,0.0,3.92,0.2002
107,696,5,18,0.04,0.0,3.688,0.1982
107,696,5,19,0.04,0.0,3.467,0.1953
107,696,5,20,0.04,0.0,3.053,0.187
107,696,5,21,0.04,0.0,2.826,0.1818
107,696,5,22,0.04,0.0,2.714,0.1697
107,696,5,23,0.04,0.0,2.483,0.1752
107,697,6,0,0.04,0.0,2.835,0.1702
107,697,6,1,0.04,0.0,2.557,0.1622
107,697,6,2,0.04,0.0,2.344,0.164
107,697,6,3,0.04,0.0,2.359,0.1569
107,697,6,4,0.04,0.0,2.397,0.1544
107,697,6,5,0.04,0.0,2.416,0.1556
107,697,6,6,0.04,0.0,2.773,0.1664
107,697,6,7,0.04,4.73,2.224,0.1657
107,697,6,8,0.04,20.88,2.609,0.1681
107,697,6,9,0.04,36.09,2.809,0.1743
107,697,6,10,0.04,46.45,2.838,0.175
107,697,6,11,0.04,53.17,2.857,0.1736
107,697,6,12,0.04,47.92,2.795,0.1742
107,697,6,13,0.04,37.35,2.751,0.1745
107,697,6,14,0.04,24.74,2.764,0.1727
107,697,6,15,0.04,10.83,2.81,0.179
107,697,6,16,0.04,0.71,3.69,0.1952
107,697,6,17,0.04,0.0,4.511,0.2137
107,697,6,18,0.04,0.0,4.057,0.2076
107,697,6,19,0.04,0.0,3.987,0.2058
107,697,6,20,0.04,0.0,3.524,0.2052
107,697,6,21,0.04,0.0,3.245,0.1981
107,697,6,22,0.04,0.0,2.918,0.1823
107,697,6,23,0.04,0.0,2.81,0.1792
107,698,0,0,0.04,0.0,2.916,0.1838
107,698,0,1,0.04,0.0,2.775,0.1775
107,698,0,2,0.04,0.0,2.759,0.1722
107,698,0,3,0.04,0.0,2.764,0.1745
107,698,0,4,0.04,0.0,2.914,0.1794
107,698,0,5,0.04,0.0,3.061,0.192
107,698,0,6,0.04,0.0,3.733,0.212
107,698,0,7,0.04,5.09,3.807,0.2139
107,698,0,8,0.04,22.72,4.011,0.2107
107,698,0,9,0.04,39.2,4.051,0.2062
107,698,0,10,0.04,50.71,3.697,0.2053
107,698,0,11,0.04,56.01,3.497,0.201
107,698,0,12,0.04,53.74,3.396,0.1956
107,698,0,13,0.04,43.38,3.241,0.1976
107,698,0,14,0.04,28.5,3.109,0.2007
107,698,0,15,0.04,12.28,3.215,0.2007
107,698,0,16,0.04,0.8,4.117,0.2077
107,698,0,17,0.04,0.0,4.88,0.2206
107,698,0,18,0.04,0.0,4.465,0.218
107,698,0,19,0.04,0.0,4.259,0.2081
107,698,0,20,0.04,0.0,3.575,0.2033
107,698,0,21,0.04,0.0,3.225,0.198
107,698,0,22,0.04,0.0,2.999,0.1748
107,698,0,23,0.04,0.0,2.796,0.1671
107,699,1,0,0.04,0.0,2.77,0.1653
107,699,1,1,0.04,0.0,2.628,0.1619
107,699,1,2,0.04,0.0,2.414,0.1633
107,699,1,3,0.04,0.0,2.47,0.1615
107,699,1,4,0.04,0.0,2.505,0.158
107,699,1,5,0.04,0.0,2.778,0.1664
107,699,1,6,0.04,0.0,3.071,0.1765
107,699,1,7,0.04,0.91,3.107,0.1917
107,699,1,8,0.04,3.26,3.373,0.1984
107,699,1,9,0.04,4.85,3.422,0.2029
107,699,1,10,0.04,5.64,3.134,0.2093
107,699,1,11,0.04,5.09,3.221,0.2081
107,699,1,12,0.04,5.03,3.022,0.2109
107,699,1,13,0.04,13.99,3.022,0.2205
107,699,1,14,0.04,9.49,3.022,0.2192
107,699,1,15,0.04,3.88,3.093,0.227
107,699,1,16,0.04,0.35,4.227,0.2304
107,699,1,17,0.04,0.0,4.748,0.2277
107,699,1,18,0.04,0.0,4.056,0.2295
107,699,1,19,0.04,0.0,3.7,0.2297
107,699,1,20,0.04,0.0,3.263,0.223
107,699,1,21,0.04,0.0,3.013,0.2085
107,699,1,22,0.04,0.0,2.81,0.1862
107,699,1,23,0.04,0.0,2.568,0.1774
107,700,2,0,0.04,0.0,2.383,0.173
107,700,2,1,0.04,0.0,2.206,0.1773
107,700,2,2,0.04,0.0,2.09,0.1755
107,700,2,3,0.04,0.0,2.11,0.1759
107,700,2,4,0.04,0.0,2.173,0.1768
107,700,2,5,0.04,0.0,2.304,0.1821
107,700,2,6,0.04,0.0,2.847,0.1871
107,700,2,7,0.04,1.47,3.057,0.1956
107,700,2,8,0.04,5.82,3.247,0.1991
107,700,2,9,0.04,9.3,3.366,0.1974
107,700,2,10,0.04,9.88,3.359,0.1954
107,700,2,11,0.04,9.41,3.313,0.1928
107,700,2,12,0.04,7.11,3.228,0.195
107,700,2,13,0.04,4.49,3.158,0.1967
107,700,2,14,0.04,3.71,3.079,0.1992
107,700,2,15,0.04,2.0,3.305,0.195
107,700,2,16,0.04,0.24,3.851,0.2052
107,700,2,17,0.04,0.0,4.171,0.208
107,700,2,18,0.04,0.0,3.835,0.2095
107,700,2,19,0.04,0.0,3.569,0.2069
107,700,2,20,0.04,0.0,3.259,0.1957
107,700,2,21,0.04,0.0,2.849,0.1795
107,700,2,22,0.04,0.0,2.463,0.1643
107,700,2,23,0.04,0.0,2.363,0.1617
107,701,3,0,0.04,0.0,2.1,0.1572
107,701,3,1,0.04,0.0,1.927,0.1607
107,701,3,2,0.04,0.0,1.808,0.1624
107,701,3,3,0.04,0.0,1.817,0.1638
107,701,3,4,0.04,0.0,1.954,0.1553
107,701,3,5,0.04,0.0,2.094,0.16
107,701,3,6,0.04,0.0,2.831,0.1737
107,701,3,7,0.04,4.29,2.851,0.1761
107,701,3,8,0.04,21.01,2.916,0.1788
107,701,3,9,0.04,36.29,3.071,0.1826
107,701,3,10,0.04,47.56,3.084,0.1769
107,701,3,11,0.04,51.7,3.124,0.1785
107,701,3,12,0.04,32.21,3.085,0.1766
107,701,3,13,0.04,26.63,3.002,0.1766
107,701,3,14,0.04,18.04,3.014,0.1831
107,701,3,15,0.04,7.69,3.011,0.1872
107,701,3,16,0.04,0.47,3.68,0.1916
107,701,3,17,0.04,0.0,4.173,0.2016
107,701,3,18,0.04,0.0,3.925,0.1998
107,701,3,19,0.04,0.0,3.598,0.1982
107,701,3,20,0.04,0.0,3.267,0.1938
107,701,3,21,0.04,0.0,2.882,0.1852
107,701,3,22,0.04,0.0,2.504,0.1646
107,701,3,23,0.04,0.0,2.447,0.1648
107,702,4,0,0.04,0.0,2.19,0.155
107,702,4,1,0.04,0.0,2.021,0.1518
107,702,4,2,0.04,0.0,1.886,0.1505
107,702,4,3,0.04,0.0,1.867,0.1533
107,702,4,4,0.04,0.0,1.934,0.1537
107,702,4,5,0.04,0.0,2.268,0.1606
107,702,4,6,0.04,0.0,3.049,0.1857
107,702,4,7,0.04,4.03,3.185,0.1846
107,702,4,8,0.04,20.13,3.385,0.1829
107,702,4,9,0.04,35.58,3.385,0.1815
107,702,4,10,0.04,47.89,3.342,0.1798
107,702,4,11,0.04,53.0,3.208,0.1764
107,702,4,12,0.04,45.41,2.974,0.1821
107,702,4,13,0.04,35.69,2.967,0.1855
107,702,4,14,0.04,22.67,3.008,0.1889
107,702,4,15,0.04,9.12,3.071,0.1929
107,702,4,16,0.04,0.53,3.8,0.1933
107,702,4,17,0.04,0.0,4.364,0.2018
107,702,4,18,0.04,0.0,4.161,0.2004
107,702,4,19,0.04,0.0,3.768,0.1986
107,702,4,20,0.04,0.0,3.458,0.1941
107,702,4,21,0.04,0.0,3.104,0.1822
107,702,4,22,0.04,0.0,2.762,0.172
107,702,4,23,0.04,0.0,2.613,0.166
107,703,5,0,0.04,0.0,3.049,0.1528
107,703,5,1,0.04,0.0,2.681,0.1462
107,703,5,2,0.04,0.0,2.627,0.1439
107,703,5,3,0.04,0.0,2.583,0.1426
107,703,5,4,0.04,0.0,2.566,0.1435
107,703,5,5,0.04,0.0,2.607,0.1503
107,703,5,6,0.04,0.0,3.008,0.1598
107,703,5,7,0.04,3.28,3.052,0.1556
107,703,5,8,0.04,18.47,3.226,0.1735
107,703,5,9,0.04,33.54,3.517,0.1793
107,703,5,10,0.04,43.75,3.355,0.1771
107,703,5,11,0.04,43.61,3.341,0.1789
107,703,5,12,0.04,38.3,3.119,0.1808
107,703,5,13,0.04,32.35,3.071,0.1841
107,703,5,14,0.04,22.93,3.038,0.1806
107,703,5,15,0.04,10.5,3.088,0.1883
107,703,5,16,0.04,0.63,4.05,0.1869
107,703,5,17,0.04,0.0,4.884,0.1939
107,703,5,18,0.04,0.0,4.604,0.1967
107,703,5,19,0.04,0.0,4.349,0.1881
107,703,5,20,0.04,0.0,3.828,0.1889
107,703,5,21,0.04,0.0,3.515,0.192
107,703,5,22,0.04,0.0,3.125,0.1813
107,703,5,23,0.04,0.0,2.898,0.1789
107,704,6,0,0.04,0.0,3.186,0.1535
107,704,6,1,0.04,0.0,2.96,0.1543
107,704,6,2,0.04,0.0,2.873,0.1534
107,704,6,3,0.04,0.0,2.798,0.1549
107,704,6,4,0.04,0.0,2.799,0.1548
107,704,6,5,0.04,0.0,2.837,0.158
107,704,6,6,0.04,0.0,3.212,0.1577
107,704,6,7,0.04,3.89,3.191,0.1532
107,704,6,8,0.04,19.99,3.416,0.1649
107,704,6,9,0.04,35.76,3.597,0.1742
107,704,6,10,0.04,47.02,3.377,0.1823
107,704,6,11,0.04,52.5,3.31,0.1795
107,704,6,12,0.04,50.17,3.331,0.1798
107,704,6,13,0.04,41.07,3.213,0.18
107,704,6,14,0.04,27.23,3.187,0.1814
107,704,6,15,0.04,11.53,3.249,0.1876
107,704,6,16,0.04,0.66,4.384,0.1958
107,704,6,17,0.04,0.0,5.237,0.21
107,704,6,18,0.04,0.0,5.118,0.2116
107,704,6,19,0.04,0.0,4.893,0.2037
107,704,6,20,0.04,0.0,4.573,0.2063
107,704,6,21,0.04,0.0,3.903,0.192
107,704,6,22,0.04,0.0,3.427,0.1709
107,704,6,23,0.04,0.0,3.098,0.1677
107,705,0,0,0.04,0.0,3.505,0.1635
107,705,0,1,0.04,0.0,3.328,0.1602
107,705,0,2,0.04,0.0,3.157,0.1546
107,705,0,3,0.04,0.0,3.125,0.1544
107,705,0,4,0.04,0.0,3.121,0.1564
107,705,0,5,0.04,0.0,3.48,0.1647
107,705,0,6,0.04,0.0,4.351,0.1816
107,705,0,7,0.04,1.85,4.636,0.1811
107,705,0,8,0.04,9.75,4.638,0.1838
107,705,0,9,0.04,17.17,4.729,0.1872
107,705,0,10,0.04,21.85,4.552,0.1869
107,705,0,11,0.04,34.19,4.485,0.1887
107,705,0,12,0.04,44.16,4.306,0.1846
107,705,0,13,0.04,37.29,4.264,0.1827
107,705,0,14,0.04,26.11,4.213,0.1789
107,705,0,15,0.04,11.4,4.313,0.1835
107,705,0,16,0.04,0.76,5.245,0.1977
107,705,0,17,0.04,0.0,5.955,0.2011
107,705,0,18,0.04,0.0,6.002,0.1996
107,705,0,19,0.04,0.0,5.54,0.1968
107,705,0,20,0.04,0.0,4.853,0.1995
107,705,0,21,0.04,0.0,4.464,0.19
107,705,0,22,0.04,0.0,4.008,0.174
107,705,0,23,0.04,0.0,3.688,0.168
107,706,1,0,0.04,0.0,3.372,0.1719
107,706,1,1,0.04,0.0,3.115,0.1689
107,706,1,2,0.04,0.0,3.352,0.1712
107,706,1,3,0.04,0.0,3.378,0.1703
107,706,1,4,0.04,0.0,3.348,0.1742
107,706,1,5,0.04,0.0,3.472,0.1894
107,706,1,6,0.04,0.0,4.156,0.2002
107,706,1,7,0.04,2.74,4.367,0.1968
107,706,1,8,0.04,13.01,4.469,0.1905
107,706,1,9,0.04,23.05,4.629,0.1961
107,706,1,10,0.04,29.67,4.617,0.1943
107,706,1,11,0.04,31.81,4.491,0.1947
107,706,1,12,0.04,26.69,4.325,0.1954
107,706,1,13,0.04,7.38,4.357,0.195
107,706,1,14,0.04,8.35,4.331,0.1973
107,706,1,15,0.04,3.94,4.339,0.2031
107,706,1,16,0.04,0.35,5.492,0.2138
107,706,1,17,0.04,0.0,6.327,0.2174
107,706,1,18,0.04,0.0,5.877,0.2159
107,706,1,19,0.04,0.0,5.381,0.2175
107,706,1,20,0.04,0.0,4.735,0.2193
107,706,1,21,0.04,0.0,4.023,0.2144
107,706,1,22,0.04,0.0,3.648,0.203
107,706,1,23,0.04,0.0,3.364,0.1984
107,707,2,0,0.04,0.0,3.197,0.1685
107,707,2,1,0.04,0.0,3.054,0.1651
107,707,2,2,0.04,0.0,3.078,0.1646
107,707,2,3,0.04,0.0,3.091,0.1672
107,707,2,4,0.04,0.0,3.105,0.1719
107,707,2,5,0.04,0.0,3.17,0.1749
107,707,2,6,0.04,0.0,3.971,0.1865
107,707,2,7,0.04,1.83,4.66,0.1822
107,707,2,8,0.04,9.2,4.459,0.1875
107,707,2,9,0.04,13.99,4.487,0.2021
107,707,2,10,0.04,18.74,4.312,0.1931
107,707,2,11,0.04,20.98,4.194,0.1789
107,707,2,12,0.04,20.89,3.973,0.181
107,707,2,13,0.04,23.12,3.874,0.1809
107,707,2,14,0.04,15.84,3.842,0.179
107,707,2,15,0.04,7.07,3.91,0.1824
107,707,2,16,0.04,0.61,5.071,0.1948
107,707,2,17,0.04,0.0,6.055,0.2115
107,707,2,18,0.04,0.0,5.431,0.2177
107,707,2,19,0.04,0.0,5.075,0.2134
107,707,2,20,0.04,0.0,4.419,0.2027
107,707,2,21,0.04,0.0,3.876,0.1857
107,707,2,22,0.04,0.0,3.395,0.1686
107,707,2,23,0.04,0.0,3.279,0.1524
107,708,3,0,0.04,0.0,3.031,0.1512
107,708,3,1,0.04,0.0,2.948,0.1449
107,708,3,2,0.04,0.0,2.715,0.146
107,708,3,3,0.04,0.0,2.855,0.1494
107,708,3,4,0.04,0.0,3.003,0.1513
107,708,3,5,0.04,0.0,3.169,0.1583
107,708,3,6,0.04,0.0,4.242,0.1982
107,708,3,7,0.04,1.28,4.629,0.2066
107,708,3,8,0.04,7.19,4.547,0.1987
107,708,3,9,0.04,13.13,4.455,0.1963
107,708,3,10,0.04,17.52,4.289,0.1974
107,708,3,11,0.04,21.91,4.13,0.2031
107,708,3,12,0.04,25.67,3.93,0.2057
107,708,3,13,0.04,24.94,3.825,0.2113
107,708,3,14,0.04,19.07,3.767,0.2154
107,708,3,15,0.04,9.37,3.919,0.2112
107,708,3,16,0.04,0.72,5.029,0.2099
107,708,3,17,0.04,0.0,6.245,0.2093
107,708,3,18,0.04,0.0,5.744,0.211
107,708,3,19,0.04,0.0,5.162,0.2111
107,708,3,20,0.04,0.0,4.555,0.2087
107,708,3,21,0.04,0.0,4.128,0.2025
107,708,3,22,0.04,0.0,3.758,0.2003
107,708,3,23,0.04,0.0,3.516,0.1925
107,709,4,0,0.04,0.0,3.709,0.1837
107,709,4,1,0.04,0.0,3.485,0.178
107,709,4,2,0.04,0.0,3.61,0.1756
107,709,4,3,0.04,0.0,3.485,0.174
107,709,4,4,0.04,0.0,3.437,0.1822
107,709,4,5,0.04,0.0,3.662,0.1899
107,709,4,6,0.04,0.0,4.925,0.2009
107,709,4,7,0.04,3.12,5.182,0.1978
107,709,4,8,0.04,19.44,5.171,0.2113
107,709,4,9,0.04,35.85,5.016,0.2052
107,709,4,10,0.04,48.45,4.912,0.2028
107,709,4,11,0.04,43.72,4.829,0.2025
107,709,4,12,0.04,32.42,4.722,0.2054
107,709,4,13,0.04,26.88,4.674,0.1984
107,709,4,14,0.04,20.43,4.627,0.1943
107,709,4,15,0.04,10.06,4.69,0.1983
107,709,4,16,0.04,0.77,5.898,0.2083
107,709,4,17,0.04,0.0,6.957,0.2145
107,709,4,18,0.04,0.0,6.402,0.2142
107,709,4,19,0.04,0.0,5.965,0.2146
107,709,4,20,0.04,0.0,5.487,0.2088
107,709,4,21,0.04,0.0,4.662,0.2059
107,709,4,22,0.04,0.0,4.507,0.2003
107,709,4,23,0.04,0.0,4.334,0.1925
107,710,5,0,0.04,0.0,5.165,0.1789
107,710,5,1,0.04,0.0,4.817,0.1773
107,710,5,2,0.04,0.0,4.578,0.1721
107,710,5,3,0.04,0.0,4.479,0.1731
107,710,5,4,0.04,0.0,4.346,0.1724
107,710,5,5,0.04,0.0,4.425,0.1776
107,710,5,6,0.04,0.0,4.887,0.1806
107,710,5,7,0.04,2.43,5.333,0.1855
107,710,5,8,0.04,14.85,5.476,0.1936
107,710,5,9,0.04,27.23,5.656,0.199
107,710,5,10,0.04,35.9,5.858,0.2042
107,710,5,11,0.04,37.04,5.716,0.2027
107,710,5,12,0.04,32.36,5.499,0.2011
107,710,5,13,0.04,28.56,5.307,0.2053
107,710,5,14,0.04,21.3,4.823,0.2094
107,710,5,15,0.04,9.72,4.897,0.211
107,710,5,16,0.04,0.67,5.985,0.2196
107,710,5,17,0.04,0.0,6.988,0.2217
107,710,5,18,0.04,0.0,6.477,0.2213
107,710,5,19,0.04,0.0,6.433,0.2246
107,710,5,20,0.04,0.0,5.996,0.2274
107,710,5,21,0.04,0.0,5.914,0.2192
107,710,5,22,0.04,0.0,5.292,0.2122
107,710,5,23,0.04,0.0,4.824,0.206
107,711,6,0,0.04,0.0,4.569,0.2011
107,711,6,1,0.04,0.0,4.327,0.1975
107,711,6,2,0.04,0.0,4.158,0.1957
107,711,6,3,0.04,0.0,4.206,0.1931
107,711,6,4,0.04,0.0,4.239,0.1962
107,711,6,5,0.04,0.0,4.239,0.2011
107,711,6,6,0.04,0.0,4.163,0.1994
107,711,6,7,0.04,1.49,4.26,0.1963
107,711,6,8,0.04,8.67,4.309,0.2009
107,711,6,9,0.04,18.07,4.938,0.2031
107,711,6,10,0.04,24.93,4.891,0.2059
107,711,6,11,0.04,29.38,4.931,0.206
107,711,6,12,0.04,23.87,4.562,0.204
107,711,6,13,0.04,15.02,4.389,0.2029
107,711,6,14,0.04,10.81,4.329,0.2051
107,711,6,15,0.04,4.12,4.473,0.2092
107,711,6,16,0.04,0.36,5.435,0.2134
107,711,6,17,0.04,0.0,6.566,0.218
107,711,6,18,0.04,0.0,6.234,0.219
107,711,6,19,0.04,0.0,6.005,0.2139
107,711,6,20,0.04,0.0,5.702,0.211
107,711,6,21,0.04,0.0,5.483,0.2066
107,711,6,22,0.04,0.0,4.822,0.2038
107,711,6,23,0.04,0.0,4.33,0.1974
107,712,0,0,0.04,0.0,3.614,0.1928
107,712,0,1,0.04,0.0,3.481,0.1936
107,712,0,2,0.04,0.0,3.281,0.1903
107,712,0,3,0.04,0.0,3.239,0.1895
107,712,0,4,0.04,0.0,3.333,0.1907
107,712,0,5,0.04,0.0,3.802,0.1936
107,712,0,6,0.04,0.0,4.853,0.2002
107,712,0,7,0.04,1.07,4.838,0.2005
107,712,0,8,0.04,5.97,5.197,0.2018
107,712,0,9,0.04,6.02,5.173,0.2099
107,712,0,10,0.04,7.86,5.012,0.2109
107,712,0,11,0.04,17.74,4.972,0.2108
107,712,0,12,0.04,13.24,4.763,0.208
107,712,0,13,0.04,15.58,4.628,0.2078
107,712,0,14,0.04,15.02,4.599,0.2028
107,712,0,15,0.04,8.78,4.688,0.2016
107,712,0,16,0.04,0.82,5.504,0.2104
107,712,0,17,0.04,0.0,6.068,0.2129
107,712,0,18,0.04,0.0,6.105,0.2146
107,712,0,19,0.04,0.0,5.779,0.211
107,712,0,20,0.04,0.0,5.127,0.2119
107,712,0,21,0.04,0.0,5.043,0.2028
107,712,0,22,0.04,0.0,4.244,0.1919
107,712,0,23,0.04,0.0,4.169,0.187
107,713,1,0,0.04,0.0,3.972,0.1749
107,713,1,1,0.04,0.0,3.787,0.1711
107,713,1,2,0.04,0.0,3.515,0.171
107,713,1,3,0.04,0.0,3.567,0.1736
107,713,1,4,0.04,0.0,3.496,0.1733
107,713,1,5,0.04,0.0,3.984,0.1793
107,713,1,6,0.04,0.0,4.767,0.1902
107,713,1,7,0.04,1.85,5.177,0.2005
107,713,1,8,0.04,12.89,5.082,0.2007
107,713,1,9,0.04,25.78,5.018,0.1943
107,713,1,10,0.04,34.45,5.051,0.1902
107,713,1,11,0.04,38.86,5.005,0.1906
107,713,1,12,0.04,39.62,4.692,0.1907
107,713,1,13,0.04,35.45,4.567,0.1917
107,713,1,14,0.04,23.25,4.524,0.192
107,713,1,15,0.04,10.27,4.604,0.192
107,713,1,16,0.04,0.67,5.687,0.2049
107,713,1,17,0.04,0.0,6.85,0.2119
107,713,1,18,0.04,0.0,6.184,0.2111
107,713,1,19,0.04,0.0,5.756,0.2052
107,713,1,20,0.04,0.0,5.339,0.204
107,713,1,21,0.04,0.0,5.215,0.1946
107,713,1,22,0.04,0.0,4.389,0.1813
107,713,1,23,0.04,0.0,4.076,0.1762
107,714,2,0,0.04,0.0,4.068,0.1758
107,714,2,1,0.04,0.0,4.0,0.1731
107,714,2,2,0.04,0.0,3.648,0.1696
107,714,2,3,0.04,0.0,3.641,0.1685
107,714,2,4,0.04,0.0,3.783,0.1713
107,714,2,5,0.04,0.0,4.056,0.1747
107,714,2,6,0.04,0.0,4.904,0.1874
107,714,2,7,0.04,2.33,5.561,0.1975
107,714,2,8,0.04,18.13,5.594,0.2027
107,714,2,9,0.04,35.55,5.471,0.1994
107,714,2,10,0.04,48.66,5.448,0.196
107,714,2,11,0.04,52.42,5.329,0.191
107,714,2,12,0.04,50.72,4.98,0.1836
107,714,2,13,0.04,43.24,4.943,0.1854
107,714,2,14,0.04,29.27,4.908,0.1849
107,714,2,15,0.04,12.41,4.898,0.1882
107,714,2,16,0.04,0.67,5.806,0.1988
107,714,2,17,0.04,0.0,7.232,0.2052
107,714,2,18,0.04,0.0,6.635,0.2099
107,714,2,19,0.04,0.0,6.173,0.2082
107,714,2,20,0.04,0.0,5.44,0.2006
107,714,2,21,0.04,0.0,5.139,0.1984
107,714,2,22,0.04,0.0,4.597,0.1834
107,714,2,23,0.04,0.0,4.143,0.1717
107,715,3,0,0.04,0.0,5.408,0.1623
107,715,3,1,0.04,0.0,5.054,0.159
107,715,3,2,0.04,0.0,4.869,0.1574
107,715,3,3,0.04,0.0,4.878,0.1593
107,715,3,4,0.04,0.0,4.863,0.1587
107,715,3,5,0.04,0.0,5.493,0.1672
107,715,3,6,0.04,0.0,6.575,0.1829
107,715,3,7,0.04,2.38,7.7,0.1947
107,715,3,8,0.04,14.3,7.185,0.1996
107,715,3,9,0.04,25.55,7.275,0.2013
107,715,3,10,0.04,33.01,8.792,0.2042
107,715,3,11,0.04,35.48,8.706,0.2081
107,715,3,12,0.04,38.49,8.547,0.2055
107,715,3,13,0.04,34.77,8.553,0.2108
107,715,3,14,0.04,25.74,8.498,0.2088
107,715,3,15,0.04,12.84,8.732,0.1994
107,715,3,16,0.04,1.09,10.292,0.2055
107,715,3,17,0.04,0.0,12.407,0.2141
107,715,3,18,0.04,0.0,12.1,0.2153
107,715,3,19,0.04,0.0,12.104,0.2158
107,715,3,20,0.04,0.0,11.227,0.2229
107,715,3,21,0.04,0.0,10.914,0.2214
107,715,3,22,0.04,0.0,8.645,0.2152
107,715,3,23,0.04,0.0,8.008,0.2005
107,716,4,0,0.04,0.0,9.444,0.1675
107,716,4,1,0.04,0.0,8.132,0.1582
107,716,4,2,0.04,0.0,7.881,0.158
107,716,4,3,0.04,0.0,7.858,0.1631
107,716,4,4,0.04,0.0,7.972,0.1689
107,716,4,5,0.04,0.0,9.478,0.192
107,716,4,6,0.04,0.0,11.661,0.2129
107,716,4,7,0.04,2.31,12.5,0.2185
107,716,4,8,0.04,14.51,12.578,0.2224
107,716,4,9,0.04,26.99,13.038,0.2248
107,716,4,10,0.04,35.4,12.5,0.229
107,716,4,11,0.04,42.16,11.653,0.2283
107,716,4,12,0.04,42.74,10.765,0.2332
107,716,4,13,0.04,37.8,10.482,0.2253
107,716,4,14,0.04,25.25,10.476,0.2277
107,716,4,15,0.04,11.0,10.517,0.2371
107,716,4,16,0.04,0.8,12.988,0.2378
107,716,4,17,0.04,0.0,14.193,0.2425
107,716,4,18,0.04,0.0,13.907,0.2365
107,716,4,19,0.04,0.0,12.702,0.2325
107,716,4,20,0.04,0.0,12.409,0.2282
107,716,4,21,0.04,0.0,11.303,0.2242
107,716,4,22,0.04,0.0,10.794,0.204
107,716,4,23,0.04,0.0,9.779,0.1881
107,717,5,0,0.04,0.0,5.229,0.1783
107,717,5,1,0.04,0.0,4.775,0.1703
107,717,5,2,0.04,0.0,4.49,0.1636
107,717,5,3,0.04,0.0,4.412,0.1583
107,717,5,4,0.04,0.0,4.315,0.1577
107,717,5,5,0.04,0.0,4.618,0.157
107,717,5,6,0.04,0.0,5.026,0.1631
107,717,5,7,0.04,0.61,5.245,0.1629
107,717,5,8,0.04,3.52,5.667,0.1654
107,717,5,9,0.04,6.04,6.211,0.1789
107,717,5,10,0.04,7.55,5.326,0.1874
107,717,5,11,0.04,6.52,5.199,0.1923
107,717,5,12,0.04,13.6,4.956,0.1979
107,717,5,13,0.04,11.6,4.824,0.2014
107,717,5,14,0.04,8.07,4.715,0.2048
107,717,5,15,0.04,3.3,4.883,0.1986
107,717,5,16,0.04,0.42,5.456,0.2038
107,717,5,17,0.04,0.0,6.608,0.2058
107,717,5,18,0.04,0.0,5.863,0.2047
107,717,5,19,0.04,0.0,5.524,0.1981
107,717,5,20,0.04,0.0,5.051,0.1917
107,717,5,21,0.04,0.0,5.031,0.1934
107,717,5,22,0.04,0.0,4.793,0.1911
107,717,5,23,0.04,0.0,3.999,0.184
107,718,6,0,0.04,0.0,3.626,0.1765
107,718,6,1,0.04,0.0,3.38,0.1652
107,718,6,2,0.04,0.0,3.003,0.1646
107,718,6,3,0.04,0.0,2.951,0.1625
107,718,6,4,0.04,0.0,3.047,0.1567
107,718,6,5,0.04,0.0,3.005,0.1599
107,718,6,6,0.04,0.0,2.845,0.1625
107,718,6,7,0.04,0.81,2.809,0.1508
107,718,6,8,0.04,5.34,3.304,0.1509
107,718,6,9,0.04,11.2,3.684,0.1623
107,718,6,10,0.04,17.93,3.608,0.169
107,718,6,11,0.04,9.29,3.584,0.1685
107,718,6,12,0.04,8.87,3.586,0.167
107,718,6,13,0.04,7.55,3.462,0.1654
107,718,6,14,0.04,5.27,3.358,0.1604
107,718,6,15,0.04,1.94,3.285,0.1643
107,718,6,16,0.04,0.31,4.223,0.1735
107,718,6,17,0.04,0.0,4.735,0.1874
107,718,6,18,0.04,0.0,4.694,0.1881
107,718,6,19,0.04,0.0,4.483,0.1887
107,718,6,20,0.04,0.0,4.283,0.1873
107,718,6,21,0.04,0.0,4.117,0.1829
107,718,6,22,0.04,0.0,4.04,0.1768
107,718,6,23,0.04,0.0,3.425,0.1702
107,719,0,0,0.04,0.0,3.981,0.1765
107,719,0,1,0.04,0.0,3.735,0.1763
107,719,0,2,0.04,0.0,3.623,0.1838
107,719,0,3,0.04,0.0,3.605,0.1863
107,719,0,4,0.04,0.0,3.911,0.1917
107,719,0,5,0.04,0.0,4.27,0.2037
107,719,0,6,0.04,0.0,6.004,0.2224
107,719,0,7,0.04,1.43,7.626,0.2333
107,719,0,8,0.04,16.2,7.361,0.2352
107,719,0,9,0.04,33.84,6.861,0.2431
107,719,0,10,0.04,46.87,6.474,0.2383
107,719,0,11,0.04,53.29,5.123,0.2346
107,719,0,12,0.04,52.36,4.877,0.2313
107,719,0,13,0.04,43.32,4.792,0.232
107,719,0,14,0.04,29.35,4.668,0.2277
107,719,0,15,0.04,12.9,4.673,0.2274
107,719,0,16,0.04,0.73,6.431,0.2292
107,719,0,17,0.04,0.0,7.949,0.2328
107,719,0,18,0.04,0.0,8.832,0.2343
107,719,0,19,0.04,0.0,7.224,0.2273
107,719,0,20,0.04,0.0,6.105,0.2302
107,719,0,21,0.04,0.0,6.207,0.2232
107,719,0,22,0.04,0.0,5.335,0.2133
107,719,0,23,0.04,0.0,4.087,0.1957
107,720,1,0,0.04,0.0,5.03,0.1939
107,720,1,1,0.04,0.0,4.689,0.1879
107,720,1,2,0.04,0.0,4.6,0.1752
107,720,1,3,0.04,0.0,4.655,0.1763
107,720,1,4,0.04,0.0,4.639,0.1735
107,720,1,5,0.04,0.0,5.261,0.177
107,720,1,6,0.04,0.0,6.827,0.1963
107,720,1,7,0.04,2.07,7.085,0.209
107,720,1,8,0.04,18.09,6.98,0.198
107,720,1,9,0.04,35.5,7.177,0.204
107,720,1,10,0.04,48.85,6.223,0.2007
107,720,1,11,0.04,55.0,5.787,0.1969
107,720,1,12,0.04,54.49,5.484,0.1955
107,720,1,13,0.04,47.14,5.316,0.1932
107,720,1,14,0.04,33.3,5.223,0.1941
107,720,1,15,0.04,15.43,5.356,0.1978
107,720,1,16,0.04,1.12,6.196,0.2118
107,720,1,17,0.04,0.0,7.465,0.2151
107,720,1,18,0.04,0.0,7.546,0.2109
107,720,1,19,0.04,0.0,6.461,0.2053
107,720,1,20,0.04,0.0,6.02,0.2051
107,720,1,21,0.04,0.0,5.685,0.2025
107,720,1,22,0.04,0.0,5.131,0.2011
107,720,1,23,0.04,0.0,4.6,0.1997
107,721,2,0,0.04,0.0,4.886,0.1815
107,721,2,1,0.04,0.0,4.6,0.1676
107,721,2,2,0.04,0.0,4.556,0.1706
107,721,2,3,0.04,0.0,5.0,0.169
107,721,2,4,0.04,0.0,4.131,0.1657
107,721,2,5,0.04,0.0,4.7,0.1731
107,721,2,6,0.04,0.0,6.456,0.1801
107,721,2,7,0.04,1.34,6.38,0.1803
107,721,2,8,0.04,10.09,6.092,0.18
107,721,2,9,0.04,21.08,6.316,0.1799
107,721,2,10,0.04,29.47,5.947,0.1762
107,721,2,11,0.04,28.35,5.47,0.1753
107,721,2,12,0.04,21.65,5.569,0.1741
107,721,2,13,0.04,14.93,5.047,0.1741
107,721,2,14,0.04,12.53,5.085,0.177
107,721,2,15,0.04,6.65,5.877,0.1833
107,721,2,16,0.04,0.78,7.187,0.1921
107,721,2,17,0.04,0.0,7.642,0.1994
107,721,2,18,0.04,0.0,6.7,0.1998
107,721,2,19,0.04,0.0,6.247,0.198
107,721,2,20,0.04,0.0,6.031,0.1944
107,721,2,21,0.04,0.0,5.754,0.191
107,721,2,22,0.04,0.0,5.018,0.186
107,721,2,23,0.04,0.0,4.931,0.1821
107,722,3,0,0.04,0.0,4.049,0.1816
107,722,3,1,0.04,0.0,3.785,0.185
107,722,3,2,0.04,0.0,3.515,0.1793
107,722,3,3,0.04,0.0,3.434,0.1785
107,722,3,4,0.04,0.0,3.529,0.1765
107,722,3,5,0.04,0.0,3.862,0.1737
107,722,3,6,0.04,0.0,4.629,0.1872
107,722,3,7,0.04,0.94,5.277,0.1972
107,722,3,8,0.04,10.62,4.974,0.1882
107,722,3,9,0.04,20.84,5.033,0.1835
107,722,3,10,0.04,30.91,4.301,0.1841
107,722,3,11,0.04,36.07,4.851,0.1843
107,722,3,12,0.04,44.23,3.818,0.1888
107,722,3,13,0.04,42.83,3.83,0.1806
107,722,3,14,0.04,28.04,3.942,0.1738
107,722,3,15,0.04,11.47,4.045,0.1747
107,722,3,16,0.04,0.76,5.387,0.1852
107,722,3,17,0.04,0.0,6.11,0.1909
107,722,3,18,0.04,0.0,5.188,0.1923
107,722,3,19,0.04,0.0,5.037,0.1917
107,722,3,20,0.04,0.0,5.043,0.1892
107,722,3,21,0.04,0.0,4.321,0.1835
107,722,3,22,0.04,0.0,3.903,0.17
107,722,3,23,0.04,0.0,3.752,0.1681
107,723,4,0,0.04,0.0,4.242,0.167
107,723,4,1,0.04,0.0,3.713,0.1605
107,723,4,2,0.04,0.0,3.571,0.1616
107,723,4,3,0.04,0.0,3.597,0.1592
107,723,4,4,0.04,0.0,3.582,0.1597
107,723,4,5,0.04,0.0,3.661,0.1633
107,723,4,6,0.04,0.0,4.827,0.1699
107,723,4,7,0.04,1.83,4.667,0.175
107,723,4,8,0.04,16.6,4.886,0.1764
107,723,4,9,0.04,32.83,5.066,0.1723
107,723,4,10,0.04,46.13,4.645,0.165
107,723,4,11,0.04,49.53,4.531,0.1653
107,723,4,12,0.04,46.18,4.455,0.1629
107,723,4,13,0.04,41.74,4.332,0.1631
107,723,4,14,0.04,26.45,4.283,0.1634
107,723,4,15,0.04,12.3,4.362,0.1724
107,723,4,16,0.04,0.76,4.553,0.1802
107,723,4,17,0.04,0.0,4.904,0.1891
107,723,4,18,0.04,0.0,4.722,0.1885
107,723,4,19,0.04,0.0,4.645,0.1878
107,723,4,20,0.04,0.0,4.422,0.185
107,723,4,21,0.04,0.0,4.103,0.1733
107,723,4,22,0.04,0.0,3.908,0.1604
107,723,4,23,0.04,0.0,3.655,0.1533
107,724,5,0,0.04,0.0,4.21,0.1485
107,724,5,1,0.04,0.0,3.585,0.1468
107,724,5,2,0.04,0.0,3.302,0.144
107,724,5,3,0.04,0.0,3.259,0.1423
107,724,5,4,0.04,0.0,3.117,0.1408
107,724,5,5,0.04,0.0,3.207,0.1365
107,724,5,6,0.04,0.0,3.467,0.1359
107,724,5,7,0.04,0.51,3.297,0.1484
107,724,5,8,0.04,3.05,3.51,0.1542
107,724,5,9,0.04,5.18,3.777,0.1655
107,724,5,10,0.04,6.19,3.881,0.1711
107,724,5,11,0.04,5.48,3.762,0.1733
107,724,5,12,0.04,13.39,3.566,0.1729
107,724,5,13,0.04,14.41,3.421,0.1676
107,724,5,14,0.04,11.51,3.376,0.1622
107,724,5,15,0.04,7.57,3.307,0.1566
107,724,5,16,0.04,0.79,3.424,0.1643
107,724,5,17,0.04,0.0,3.927,0.1641
107,724,5,18,0.04,0.0,3.712,0.1599
107,724,5,19,0.04,0.0,3.419,0.1575
107,724,5,20,0.04,0.0,3.372,0.1518
107,724,5,21,0.04,0.0,3.105,0.1512
107,724,5,22,0.04,0.0,3.395,0.1511
107,724,5,23,0.04,0.0,3.24,0.1436
107,725,6,0,0.04,0.0,2.867,0.1204
107,725,6,1,0.04,0.0,2.396,0.1144
107,725,6,2,0.04,0.0,2.11,0.1174
107,725,6,3,0.04,0.0,2.054,0.1173
107,725,6,4,0.04,0.0,1.732,0.1198
107,725,6,5,0.04,0.0,1.82,0.1233
107,725,6,6,0.04,0.0,1.804,0.1218
107,725,6,7,0.04,1.79,2.199,0.1242
107,725,6,8,0.04,17.25,2.716,0.1323
107,725,6,9,0.04,34.6,3.234,0.1341
107,725,6,10,0.04,47.52,3.129,0.1316
107,725,6,11,0.04,53.88,2.984,0.1289
107,725,6,12,0.04,53.66,2.931,0.1278
107,725,6,13,0.04,46.62,2.767,0.1262
107,725,6,14,0.04,33.54,2.677,0.1297
107,725,6,15,0.04,16.06,2.659,0.132
107,725,6,16,0.04,1.4,3.295,0.1427
107,725,6,17,0.04,0.0,4.021,0.1518
107,725,6,18,0.04,0.0,3.746,0.156
107,725,6,19,0.04,0.0,3.506,0.1525
107,725,6,20,0.04,0.0,3.264,0.1475
107,725,6,21,0.04,0.0,2.909,0.1489
107,725,6,22,0.04,0.0,2.785,0.1515
107,725,6,23,0.04,0.0,2.728,0.1321
107,726,0,0,0.04,0.0,3.644,0.1265
107,726,0,1,0.04,0.0,3.121,0.1295
107,726,0,2,0.04,0.0,2.802,0.1239
107,726,0,3,0.04,0.0,2.984,0.1248
107,726,0,4,0.04,0.0,3.051,0.1247
107,726,0,5,0.04,0.0,2.892,0.1282
107,726,0,6,0.04,0.0,3.344,0.1388
107,726,0,7,0.04,0.77,3.251,0.1333
107,726,0,8,0.04,6.62,3.688,0.1415
107,726,0,9,0.04,12.75,4.07,0.1512
107,726,0,10,0.04,15.43,3.94,0.158
107,726,0,11,0.04,16.4,3.552,0.1648
107,726,0,12,0.04,6.84,3.427,0.1573
107,726,0,13,0.04,7.0,3.25,0.1524
107,726,0,14,0.04,5.91,3.132,0.1542
107,726,0,15,0.04,2.58,3.184,0.1617
107,726,0,16,0.04,0.55,4.058,0.1783
107,726,0,17,0.04,0.0,4.442,0.1827
107,726,0,18,0.04,0.0,4.44,0.1725
107,726,0,19,0.04,0.0,4.343,0.1672
107,726,0,20,0.04,0.0,3.982,0.1654
107,726,0,21,0.04,0.0,3.657,0.161
107,726,0,22,0.04,0.0,3.421,0.1506
107,726,0,23,0.04,0.0,3.114,0.1373
107,727,1,0,0.04,0.0,3.036,0.1374
107,727,1,1,0.04,0.0,2.837,0.139
107,727,1,2,0.04,0.0,2.635,0.1256
107,727,1,3,0.04,0.0,2.632,0.1138
107,727,1,4,0.04,0.0,2.707,0.121
107,727,1,5,0.04,0.0,3.026,0.1261
107,727,1,6,0.04,0.0,3.772,0.1301
107,727,1,7,0.04,0.71,4.104,0.1341
107,727,1,8,0.04,5.24,4.177,0.1423
107,727,1,9,0.04,9.9,4.118,0.1486
107,727,1,10,0.04,9.96,4.382,0.151
107,727,1,11,0.04,34.92,4.338,0.1554
107,727,1,12,0.04,38.48,4.138,0.1483
107,727,1,13,0.04,38.41,4.027,0.1443
107,727,1,14,0.04,28.5,3.843,0.1512
107,727,1,15,0.04,14.03,3.992,0.1502
107,727,1,16,0.04,1.43,4.49,0.157
107,727,1,17,0.04,0.0,5.147,0.1618
107,727,1,18,0.04,0.0,4.669,0.1641
107,727,1,19,0.04,0.0,4.399,0.1598
107,727,1,20,0.04,0.0,4.016,0.1554
107,727,1,21,0.04,0.0,3.717,0.1471
107,727,1,22,0.04,0.0,3.413,0.1344
107,727,1,23,0.04,0.0,3.025,0.1233
107,728,2,0,0.04,0.0,3.701,0.1368
107,728,2,1,0.04,0.0,3.589,0.131
107,728,2,2,0.04,0.0,3.326,0.1264
107,728,2,3,0.04,0.0,3.374,0.1276
107,728,2,4,0.04,0.0,3.501,0.1285
107,728,2,5,0.04,0.0,3.513,0.1326
107,728,2,6,0.04,0.0,4.222,0.1427
107,728,2,7,0.04,0.89,4.986,0.1463
107,728,2,8,0.04,7.9,4.949,0.1488
107,728,2,9,0.04,16.08,4.867,0.1592
107,728,2,10,0.04,26.09,4.596,0.1674
107,728,2,11,0.04,27.51,4.476,0.1723
107,728,2,12,0.04,22.79,4.397,0.1682
107,728,2,13,0.04,20.61,4.26,0.1625
107,728,2,14,0.04,16.07,4.235,0.1669
107,728,2,15,0.04,9.42,4.208,0.17
107,728,2,16,0.04,1.28,5.314,0.1742
107,728,2,17,0.04,0.0,6.927,0.1844
107,728,2,18,0.04,0.0,5.532,0.1839
107,728,2,19,0.04,0.0,4.998,0.1823
107,728,2,20,0.04,0.0,4.768,0.1756
107,728,2,21,0.04,0.0,4.558,0.1693
107,728,2,22,0.04,0.0,4.469,0.1599
107,728,2,23,0.04,0.0,3.708,0.157
107,729,3,0,0.04,0.0,3.482,0.1625
107,729,3,1,0.04,0.0,3.284,0.1593
107,729,3,2,0.04,0.0,3.132,0.1521
107,729,3,3,0.04,0.0,3.138,0.1526
107,729,3,4,0.04,0.0,3.253,0.1559
107,729,3,5,0.04,0.0,3.44,0.1549
107,729,3,6,0.04,0.0,3.902,0.1569
107,729,3,7,0.04,0.2,4.408,0.1557
107,729,3,8,0.04,1.4,4.807,0.1593
107,729,3,9,0.04,2.99,5.111,0.1661
107,729,3,10,0.04,4.24,5.056,0.1685
107,729,3,11,0.04,13.01,5.002,0.1721
107,729,3,12,0.04,9.23,4.811,0.1694
107,729,3,13,0.04,3.63,4.709,0.1708
107,729,3,14,0.04,14.49,4.737,0.1701
107,729,3,15,0.04,7.56,5.002,0.1685
107,729,3,16,0.04,0.91,5.714,0.1702
107,729,3,17,0.04,0.0,7.02,0.1742
107,729,3,18,0.04,0.0,5.995,0.1772
107,729,3,19,0.04,0.0,5.451,0.1766
107,729,3,20,0.04,0.0,4.866,0.1762
107,729,3,21,0.04,0.0,4.477,0.1692
107,729,3,22,0.04,0.0,3.945,0.1567
107,729,3,23,0.04,0.0,3.608,0.1477
107,730,4,0,0.04,0.0,3.146,0.1447
107,730,4,1,0.04,0.0,3.148,0.1387
107,730,4,2,0.04,0.0,2.939,0.1337
107,730,4,3,0.04,0.0,3.017,0.1334
107,730,4,4,0.04,0.0,3.1,0.135
107,730,4,5,0.04,0.0,3.049,0.1356
107,730,4,6,0.04,0.0,3.658,0.1433
107,730,4,7,0.04,1.37,4.234,0.1434
107,730,4,8,0.04,12.77,4.526,0.1393
107,730,4,9,0.04,24.49,4.788,0.1432
107,730,4,10,0.04,34.12,4.766,0.1442
107,730,4,11,0.04,32.68,4.704,0.1472
107,730,4,12,0.04,26.77,4.701,0.1496
107,730,4,13,0.04,28.71,4.652,0.1484
107,730,4,14,0.04,20.35,4.541,0.1468
107,730,4,15,0.04,11.01,4.771,0.1509
107,730,4,16,0.04,1.51,5.332,0.1556
107,730,4,17,0.04,0.0,6.663,0.1544
107,730,4,18,0.04,0.0,5.937,0.1604
107,730,4,19,0.04,0.0,5.407,0.1581
107,730,4,20,0.04,0.0,4.757,0.1591
107,730,4,21,0.04,0.0,4.495,0.1562
107,730,4,22,0.04,0.0,4.241,0.1456
107,730,4,23,0.04,0.0,3.702,0.134
107,731,5,0,0.04,0.0,3.344,0.1389
107,731,5,1,0.04,0.0,3.01,0.1391
107,731,5,2,0.04,0.0,2.771,0.1316
107,731,5,3,0.04,0.0,2.6,0.1327
107,731,5,4,0.04,0.0,2.538,0.1333
107,731,5,5,0.04,0.0,2.552,0.135
107,731,5,6,0.04,0.0,2.612,0.1334
107,731,5,7,0.04,1.37,3.117,0.134
107,731,5,8,0.04,12.5,3.56,0.1425
107,731,5,9,0.04,23.0,3.896,0.1467
107,731,5,10,0.04,30.53,4.0,0.1505
107,731,5,11,0.04,32.89,3.948,0.1504
107,731,5,12,0.04,45.37,3.805,0.1533
107,731,5,13,0.04,37.15,3.522,0.1508
107,731,5,14,0.04,25.67,3.378,0.1476
107,731,5,15,0.04,12.03,3.423,0.147
107,731,5,16,0.04,1.05,4.038,0.1547
107,731,5,17,0.04,0.0,4.875,0.1663
107,731,5,18,0.04,0.0,4.244,0.1656
107,731,5,19,0.04,0.0,4.035,0.1604
107,731,5,20,0.04,0.0,3.581,0.1509
107,731,5,21,0.04,0.0,3.606,0.1419
107,731,5,22,0.04,0.0,3.503,0.1393
107,731,5,23,0.04,0.0,3.06,0.1394
108,732,4,0,91.27,0.0,2.584,0.136
108,732,4,1,182.53,0.0,2.21,0.1363
108,732,4,2,182.53,0.0,1.865,0.1323
108,732,4,3,182.53,0.0,1.868,0.1309
108,732,4,4,182.53,0.0,1.94,0.1352
108,732,4,5,182.53,0.0,2.178,0.1424
108,732,4,6,182.53,0.0,2.238,0.1505
108,732,4,7,182.53,0.74,2.363,0.1502
108,732,4,8,182.53,7.47,2.249,0.1501
108,732,4,9,182.53,16.32,2.582,0.1482
108,732,4,10,182.53,24.2,2.702,0.1448
108,732,4,11,182.53,28.07,2.865,0.1468
108,732,4,12,182.53,26.24,2.82,0.1527
108,732,4,13,182.53,20.24,2.75,0.1536
108,732,4,14,182.53,13.54,2.724,0.156
108,732,4,15,182.53,7.98,2.544,0.1615
108,732,4,16,182.53,1.16,3.199,0.1658
108,732,4,17,182.53,0.0,4.955,0.1714
108,732,4,18,182.53,0.0,3.882,0.171
108,732,4,19,182.53,0.0,3.714,0.1697
108,732,4,20,182.53,0.0,3.559,0.1681
108,732,4,21,182.53,0.0,3.188,0.1675
108,732,4,22,182.53,0.0,2.611,0.1615
108,732,4,23,182.53,0.0,2.398,0.1558
108,733,5,0,173.26,0.0,2.498,0.1462
108,733,5,1,168.76,0.0,2.13,0.1452
108,733,5,2,159.0,0.0,2.121,0.1451
108,733,5,3,154.5,0.0,2.079,0.1519
108,733,5,4,157.0,0.0,1.99,0.1449
108,733,5,5,164.5,0.0,2.139,0.1515
108,733,5,6,162.5,0.0,1.678,0.1591
108,733,5,7,164.0,1.4,2.151,0.1548
108,733,5,8,156.5,13.57,1.77,0.1603
108,733,5,9,162.5,27.94,2.785,0.1605
108,733,5,10,172.5,39.91,2.825,0.1569
108,733,5,11,176.5,48.53,2.887,0.1514
108,733,5,12,181.0,52.96,2.818,0.1504
108,733,5,13,162.5,45.76,2.656,0.1526
108,733,5,14,162.0,33.31,2.6,0.1528
108,733,5,15,154.0,17.04,2.462,0.1537
108,733,5,16,150.0,1.88,3.234,0.1638
108,733,5,17,142.5,0.0,4.546,0.1703
108,733,5,18,147.5,0.0,4.132,0.1758
108,733,5,19,141.5,0.0,3.284,0.1737
108,733,5,20,149.0,0.0,3.13,0.1719
108,733,5,21,151.5,0.0,2.8,0.1673
108,733,5,22,149.5,0.0,2.017,0.161
108,733,5,23,154.0,0.0,2.504,0.1431
108,734,6,0,157.0,0.0,2.604,0.1408
108,734,6,1,146.0,0.0,2.268,0.1448
108,734,6,2,154.5,0.0,2.296,0.144
108,734,6,3,156.0,0.0,2.223,0.1414
108,734,6,4,165.0,0.0,2.189,0.143
108,734,6,5,174.0,0.0,2.251,0.1384
108,734,6,6,178.0,0.0,1.683,0.1468
108,734,6,7,177.0,1.55,1.544,0.1489
108,734,6,8,178.0,16.4,1.732,0.1449
108,734,6,9,167.0,33.69,2.263,0.1416
108,734,6,10,166.0,46.55,2.695,0.1415
108,734,6,11,160.5,53.93,2.681,0.1396
108,734,6,12,163.0,50.21,2.677,0.1391
108,734,6,13,157.5,39.13,2.608,0.1401
108,734,6,14,158.5,29.07,2.662,0.1432
108,734,6,15,158.0,15.15,2.597,0.1525
108,734,6,16,166.5,1.95,3.133,0.1621
108,734,6,17,161.5,0.0,4.289,0.1728
108,734,6,18,160.0,0.0,4.141,0.1714
108,734,6,19,158.5,0.0,3.461,0.172
108,734,6,20,152.0,0.0,3.439,0.1768
108,734,6,21,155.0,0.0,2.974,0.165
108,734,6,22,156.0,0.0,2.529,0.155
108,734,6,23,158.5,0.0,2.643,0.1539
108,735,0,0,161.5,0.0,2.933,0.1622
108,735,0,1,167.5,0.0,2.827,0.162
108,735,0,2,161.0,0.0,2.809,0.1639
108,735,0,3,161.0,0.0,2.818,0.1698
108,735,0,4,168.0,0.0,2.833,0.1761
108,735,0,5,166.5,0.0,3.332,0.1958
108,735,0,6,161.5,0.0,4.488,0.2117
108,735,0,7,172.5,1.66,4.584,0.2088
108,735,0,8,205.5,17.39,4.243,0.2074
108,735,0,9,211.0,35.52,4.299,0.2048
108,735,0,10,236.0,48.9,4.629,0.2006
108,735,0,11,233.0,56.46,4.647,0.2009
108,735,0,12,239.0,56.9,4.361,0.2011
108,735,0,13,256.5,50.62,4.145,0.2018
108,735,0,14,230.5,37.42,3.835,0.1996
108,735,0,15,242.5,19.53,3.741,0.2015
108,735,0,16,234.0,2.48,4.91,0.2104
108,735,0,17,218.5,0.0,7.575,0.2191
108,735,0,18,195.0,0.0,6.581,0.2203
108,735,0,19,186.5,0.0,5.982,0.2178
108,735,0,20,172.5,0.0,5.17,0.2167
108,735,0,21,170.5,0.0,4.678,0.2153
108,735,0,22,166.5,0.0,4.257,0.1985
108,735,0,23,165.5,0.0,3.727,0.186
108,736,1,0,156.0,0.0,3.528,0.1744
108,736,1,1,163.0,0.0,3.687,0.1676
108,736,1,2,158.0,0.0,3.5,0.1662
108,736,1,3,159.5,0.0,3.498,0.1645
108,736,1,4,159.5,0.0,3.099,0.1735
108,736,1,5,163.5,0.0,3.514,0.1764
108,736,1,6,157.5,0.0,5.328,0.2
108,736,1,7,164.5,1.87,6.278,0.2036
108,736,1,8,175.5,18.7,5.5,0.2101
108,736,1,9,198.0,37.28,5.188,0.2232
108,736,1,10,206.5,50.83,4.665,0.2075
108,736,1,11,231.5,58.25,4.37,0.201
108,736,1,12,227.5,58.15,3.904,0.2017
108,736,1,13,235.0,49.9,3.721,0.2053
108,736,1,14,228.0,37.52,3.646,0.2042
108,736,1,15,242.5,20.23,3.621,0.2042
108,736,1,16,252.0,2.75,4.653,0.2089
108,736,1,17,252.0,0.0,7.057,0.2128
108,736,1,18,215.0,0.0,5.8,0.2146
108,736,1,19,187.5,0.0,5.087,0.2096
108,736,1,20,169.5,0.0,4.411,0.2052
108,736,1,21,172.0,0.0,3.998,0.1952
108,736,1,22,160.5,0.0,3.898,0.1808
108,736,1,23,165.5,0.0,3.244,0.1756
108,737,2,0,195.24,0.0,4.1,0.1591
108,737,2,1,220.48,0.0,4.011,0.153
108,737,2,2,220.48,0.0,3.83,0.1527
108,737,2,3,220.48,0.0,3.803,0.1544
108,737,2,4,220.48,0.0,3.972,0.1591
108,737,2,5,220.48,0.0,4.685,0.1647
108,737,2,6,220.48,0.0,5.775,0.1842
108,737,2,7,220.48,1.91,6.749,0.1831
108,737,2,8,220.48,18.62,6.501,0.183
108,737,2,9,220.48,37.12,6.203,0.1764
108,737,2,10,220.48,51.15,5.478,0.1697
108,737,2,11,220.48,59.06,5.221,0.1686
108,737,2,12,220.48,59.55,4.468,0.168
108,737,2,13,220.48,52.95,4.34,0.1755
108,737,2,14,220.48,39.42,4.237,0.1775
108,737,2,15,220.48,20.99,4.294,0.1866
108,737,2,16,220.48,2.94,4.826,0.1893
108,737,2,17,220.48,0.0,7.099,0.1915
108,737,2,18,220.48,0.0,6.203,0.1885
108,737,2,19,220.48,0.0,5.419,0.1849
108,737,2,20,220.48,0.0,4.829,0.1854
108,737,2,21,220.48,0.0,4.358,0.1808
108,737,2,22,220.48,0.0,3.769,0.1776
108,737,2,23,220.48,0.0,3.467,0.1754
108,738,3,0,220.48,0.0,4.025,0.1813
108,738,3,1,220.48,0.0,3.168,0.1831
108,738,3,2,220.48,0.0,3.082,0.1844
108,738,3,3,220.48,0.0,3.055,0.1864
108,738,3,4,220.48,0.0,3.043,0.1936
108,738,3,5,220.48,0.0,3.058,0.2009
108,738,3,6,220.48,0.0,3.869,0.2036
108,738,3,7,220.48,1.59,4.548,0.2029
108,738,3,8,220.48,13.54,4.225,0.2032
108,738,3,9,220.48,26.05,4.594,0.2041
108,738,3,10,220.48,35.12,4.21,0.2054
108,738,3,11,220.48,38.78,3.72,0.2064
108,738,3,12,220.48,39.12,3.187,0.2031
108,738,3,13,220.48,35.15,3.129,0.2008
108,738,3,14,220.48,26.04,3.056,0.2022
108,738,3,15,220.48,13.79,3.129,0.203
108,738,3,16,220.48,2.16,4.101,0.2068
108,738,3,17,220.48,0.0,5.175,0.2107
108,738,3,18,220.48,0.0,4.833,0.2164
108,738,3,19,220.48,0.0,4.171,0.2135
108,738,3,20,220.48,0.0,3.952,0.21
108,738,3,21,220.48,0.0,3.377,0.2027
108,738,3,22,220.48,0.0,2.96,0.1881
108,738,3,23,220.48,0.0,2.847,0.1791
108,739,4,0,220.48,0.0,3.166,0.1681
108,739,4,1,220.48,0.0,2.925,0.159
108,739,4,2,220.48,0.0,2.701,0.1578
108,739,4,3,220.48,0.0,2.662,0.1569
108,739,4,4,220.48,0.0,2.606,0.1601
108,739,4,5,220.48,0.0,2.886,0.1701
108,739,4,6,220.48,0.0,3.995,0.1768
108,739,4,7,220.48,0.91,4.527,0.177
108,739,4,8,220.48,9.85,4.11,0.1797
108,739,4,9,220.48,20.2,4.162,0.1838
108,739,4,10,220.48,28.22,3.829,0.1886
108,739,4,11,220.48,30.13,3.338,0.1862
108,739,4,12,220.48,30.9,3.045,0.1839
108,739,4,13,220.48,26.53,2.997,0.1856
108,739,4,14,220.48,18.35,2.902,0.1838
108,739,4,15,220.48,9.24,3.051,0.1861
108,739,4,16,220.48,1.21,3.579,0.1907
108,739,4,17,220.48,0.0,4.834,0.1935
108,739,4,18,220.48,0.0,4.571,0.1909
108,739,4,19,220.48,0.0,3.818,0.1894
108,739,4,20,220.48,0.0,3.514,0.1867
108,739,4,21,220.48,0.0,3.191,0.1803
108,739,4,22,220.48,0.0,2.741,0.1611
108,739,4,23,220.48,0.0,2.239,0.1507
108,740,5,0,220.48,0.0,2.654,0.1556
108,740,5,1,220.48,0.0,2.522,0.146
108,740,5,2,220.48,0.0,2.314,0.1438
108,740,5,3,220.48,0.0,2.268,0.1402
108,740,5,4,220.48,0.0,1.921,0.141
108,740,5,5,220.48,0.0,2.104,0.1442
108,740,5,6,220.48,0.0,2.223,0.1484
108,740,5,7,220.48,1.17,2.189,0.1532
108,740,5,8,220.48,10.02,2.498,0.1629
108,740,5,9,220.48,17.57,2.897,0.1684
108,740,5,10,220.48,16.48,2.913,0.1617
108,740,5,11,220.48,23.24,2.907,0.1629
108,740,5,12,220.48,23.66,2.582,0.1651
108,740,5,13,220.48,21.14,2.371,0.1585
108,740,5,14,220.48,15.33,2.362,0.1601
108,740,5,15,220.48,8.0,2.385,0.166
108,740,5,16,220.48,1.08,2.846,0.1729
108,740,5,17,220.48,0.0,3.97,0.1853
108,740,5,18,220.48,0.0,3.72,0.1873
108,740,5,19,220.48,0.0,3.236,0.181
108,740,5,20,220.48,0.0,2.903,0.1794
108,740,5,21,220.48,0.0,2.618,0.165
108,740,5,22,220.48,0.0,2.385,0.1435
108,740,5,23,220.48,0.0,2.251,0.1383
108,741,6,0,220.48,0.0,1.806,0.1333
108,741,6,1,220.48,0.0,1.631,0.1284
108,741,6,2,220.48,0.0,1.558,0.1333
108,741,6,3,220.48,0.0,1.318,0.1338
108,741,6,4,220.48,0.0,1.15,0.1379
108,741,6,5,220.48,0.0,1.207,0.1369
108,741,6,6,220.48,0.0,1.302,0.1393
108,741,6,7,220.48,0.49,1.569,0.1412
108,741,6,8,220.48,4.07,1.499,0.1473
108,741,6,9,220.48,8.73,2.171,0.1491
108,741,6,10,220.48,9.72,2.211,0.1488
108,741,6,11,220.48,17.43,2.368,0.1464
108,741,6,12,220.48,21.66,2.337,0.1513
108,741,6,13,220.48,22.74,2.173,0.153
108,741,6,14,220.48,19.94,2.045,0.1512
108,741,6,15,220.48,10.86,2.049,0.1531
108,741,6,16,220.48,1.85,2.667,0.1564
108,741,6,17,220.48,0.0,3.761,0.1613
108,741,6,18,220.48,0.0,3.383,0.1615
108,741,6,19,220.48,0.0,2.924,0.1662
108,741,6,20,220.48,0.0,2.793,0.1552
108,741,6,21,220.48,0.0,2.262,0.1585
108,741,6,22,220.48,0.0,1.996,0.1486
108,741,6,23,220.48,0.0,1.511,0.144
108,742,0,0,220.48,0.0,1.861,0.138
108,742,0,1,220.48,0.0,1.835,0.1317
108,742,0,2,220.48,0.0,1.664,0.1321
108,742,0,3,220.48,0.0,1.714,0.1337
108,742,0,4,220.48,0.0,1.701,0.1364
108,742,0,5,220.48,0.0,1.941,0.1533
108,742,0,6,220.48,0.0,3.146,0.1771
108,742,0,7,220.48,1.99,3.832,0.1785
108,742,0,8,220.48,18.97,3.844,0.1718
108,742,0,9,220.48,37.63,3.922,0.1708
108,742,0,10,220.48,51.73,4.275,0.1643
108,742,0,11,220.48,59.43,3.851,0.1629
108,742,0,12,220.48,60.06,3.63,0.1629
108,742,0,13,220.48,53.39,3.376,0.1655
108,742,0,14,220.48,40.27,3.238,0.1643
108,742,0,15,220.48,22.31,3.303,0.1689
108,742,0,16,220.48,3.79,4.416,0.1776
108,742,0,17,220.48,0.0,6.661,0.1891
108,742,0,18,220.48,0.0,6.079,0.197
108,742,0,19,220.48,0.0,4.841,0.1983
108,742,0,20,220.48,0.0,4.536,0.1935
108,742,0,21,220.48,0.0,3.88,0.1893
108,742,0,22,220.48,0.0,3.3,0.1718
108,742,0,23,220.48,0.0,2.785,0.159
108,743,1,0,220.48,0.0,2.773,0.1418
108,743,1,1,220.48,0.0,2.678,0.1354
108,743,1,2,220.48,0.0,2.521,0.1343
108,743,1,3,220.48,0.0,2.452,0.1335
108,743,1,4,220.48,0.0,2.379,0.142
108,743,1,5,220.48,0.0,2.943,0.1589
108,743,1,6,220.48,0.0,4.457,0.1749
108,743,1,7,220.48,1.24,5.052,0.1773
108,743,1,8,220.48,10.57,4.728,0.1766
108,743,1,9,220.48,21.17,4.837,0.1779
108,743,1,10,220.48,30.35,4.834,0.1781
108,743,1,11,220.48,35.86,4.267,0.1782
108,743,1,12,220.48,32.83,3.932,0.1826
108,743,1,13,220.48,26.72,3.75,0.1865
108,743,1,14,220.48,18.77,3.716,0.1881
108,743,1,15,220.48,11.23,3.708,0.1839
108,743,1,16,220.48,2.13,4.561,0.1832
108,743,1,17,220.48,0.0,6.514,0.186
108,743,1,18,220.48,0.0,5.738,0.1847
108,743,1,19,220.48,0.0,4.8,0.1862
108,743,1,20,220.48,0.0,4.434,0.1853
108,743,1,21,220.48,0.0,4.055,0.179
108,743,1,22,220.48,0.0,3.33,0.1656
108,743,1,23,220.48,0.0,2.866,0.1501
108,744,2,0,220.48,0.0,3.256,0.1408
108,744,2,1,220.48,0.0,3.241,0.1396
108,744,2,2,220.48,0.0,3.096,0.1391
108,744,2,3,220.48,0.0,2.984,0.1413
108,744,2,4,220.48,0.0,2.838,0.1471
108,744,2,5,220.48,0.0,3.657,0.1578
108,744,2,6,220.48,0.0,4.861,0.1681
108,744,2,7,220.48,1.95,5.579,0.1766
108,744,2,8,220.48,17.79,5.182,0.1803
108,744,2,9,220.48,36.13,5.226,0.1805
108,744,2,10,220.48,50.08,5.149,0.1773
108,744,2,11,220.48,55.35,4.606,0.1751
108,744,2,12,220.48,55.68,4.5,0.178
108,744,2,13,220.48,52.67,4.353,0.1828
108,744,2,14,220.48,38.92,4.343,0.1842
108,744,2,15,220.48,21.42,4.359,0.1902
108,744,2,16,220.48,3.75,4.967,0.1899
108,744,2,17,220.48,0.0,7.037,0.197
108,744,2,18,220.48,0.0,6.611,0.2013
108,744,2,19,220.48,0.0,5.672,0.1956
108,744,2,20,220.48,0.0,5.469,0.1969
108,744,2,21,220.48,0.0,4.739,0.1915
108,744,2,22,220.48,0.0,4.12,0.182
108,744,2,23,220.48,0.0,3.454,0.177
108,745,3,0,220.48,0.0,2.927,0.1612
108,745,3,1,220.48,0.0,2.819,0.1549
108,745,3,2,220.48,0.0,2.597,0.1531
108,745,3,3,220.48,0.0,2.591,0.153
108,745,3,4,220.48,0.0,2.486,0.1586
108,745,3,5,220.48,0.0,2.937,0.1629
108,745,3,6,220.48,0.0,4.957,0.177
108,745,3,7,220.48,1.19,5.755,0.1764
108,745,3,8,220.48,13.17,5.629,0.1698
108,745,3,9,220.48,28.93,5.555,0.1666
108,745,3,10,220.48,40.03,4.835,0.1751
108,745,3,11,220.48,46.02,4.43,0.1778
108,745,3,12,220.48,32.02,4.146,0.1808
108,745,3,13,220.48,27.89,3.967,0.18
108,745,3,14,220.48,20.75,3.681,0.1791
108,745,3,15,220.48,12.07,3.738,0.1792
108,745,3,16,220.48,2.19,4.659,0.1776
108,745,3,17,220.48,0.0,6.62,0.1825
108,745,3,18,220.48,0.0,6.005,0.1838
108,745,3,19,220.48,0.0,5.154,0.1856
108,745,3,20,220.48,0.0,4.837,0.184
108,745,3,21,220.48,0.0,4.306,0.1772
108,745,3,22,220.48,0.0,3.373,0.165
108,745,3,23,220.48,0.0,2.85,0.163
108,746,4,0,206.24,0.0,2.594,0.1505
108,746,4,1,217.74,0.0,2.475,0.1454
108,746,4,2,208.5,0.0,2.309,0.1415
108,746,4,3,207.0,0.0,2.294,0.1418
108,746,4,4,210.5,0.0,2.208,0.1436
108,746,4,5,205.0,0.0,2.623,0.1513
108,746,4,6,202.5,0.0,3.206,0.1661
108,746,4,7,213.5,1.34,3.66,0.1629
108,746,4,8,251.0,12.3,3.55,0.1602
108,746,4,9,240.0,26.41,3.448,0.1697
108,746,4,10,230.5,36.2,3.378,0.1722
108,746,4,11,270.5,38.33,3.356,0.1696
108,746,4,12,280.5,35.99,3.04,0.1694
108,746,4,13,300.0,28.73,3.033,0.1686
108,746,4,14,283.0,20.9,3.021,0.1672
108,746,4,15,286.5,10.91,2.923,0.1679
108,746,4,16,277.5,1.94,3.211,0.1702
108,746,4,17,254.0,0.0,4.257,0.171
108,746,4,18,228.5,0.0,3.879,0.1694
108,746,4,19,214.5,0.0,3.347,0.1679
108,746,4,20,197.0,0.0,3.19,0.1625
108,746,4,21,192.5,0.0,2.961,0.1525
108,746,4,22,190.0,0.0,2.477,0.1427
108,746,4,23,188.0,0.0,2.181,0.1428
108,747,5,0,189.0,0.0,1.802,0.1353
108,747,5,1,190.5,0.0,1.606,0.1294
108,747,5,2,188.0,0.0,1.55,0.1318
108,747,5,3,187.5,0.0,1.353,0.1332
108,747,5,4,185.5,0.0,1.192,0.129
108,747,5,5,189.0,0.0,1.162,0.1296
108,747,5,6,188.5,0.0,1.308,0.1321
108,747,5,7,191.5,1.33,1.891,0.1449
108,747,5,8,193.0,14.62,2.181,0.1434
108,747,5,9,194.0,29.98,2.399,0.1464
108,747,5,10,197.5,41.15,2.596,0.15
108,747,5,11,196.5,49.75,2.558,0.1495
108,747,5,12,206.5,38.65,2.475,0.1522
108,747,5,13,206.5,33.68,2.372,0.1456
108,747,5,14,201.5,25.51,2.21,0.1393
108,747,5,15,203.5,14.34,2.319,0.1389
108,747,5,16,207.0,2.48,2.553,0.1491
108,747,5,17,205.5,0.0,3.536,0.1535
108,747,5,18,200.5,0.0,3.226,0.154
108,747,5,19,200.0,0.0,2.871,0.1536
108,747,5,20,195.0,0.0,2.663,0.153
108,747,5,21,195.5,0.0,2.32,0.1477
108,747,5,22,189.0,0.0,2.236,0.1382
108,747,5,23,188.5,0.0,1.698,0.1285
108,748,6,0,186.0,0.0,2.012,0.1314
108,748,6,1,189.5,0.0,1.731,0.131
108,748,6,2,186.5,0.0,1.504,0.1328
108,748,6,3,186.0,0.0,1.507,0.1302
108,748,6,4,187.5,0.0,1.386,0.1307
108,748,6,5,188.0,0.0,1.492,0.134
108,748,6,6,186.5,0.0,1.758,0.1381
108,748,6,7,190.0,1.16,1.797,0.1425
108,748,6,8,192.5,8.84,2.044,0.144
108,748,6,9,193.0,17.61,2.34,0.1457
108,748,6,10,200.5,14.84,2.766,0.1456
108,748,6,11,201.5,9.14,2.773,0.148
108,748,6,12,196.0,12.65,2.499,0.1494
108,748,6,13,202.0,6.92,2.305,0.1538
108,748,6,14,197.0,13.16,2.305,0.1554
108,748,6,15,195.5,8.41,2.335,0.1588
108,748,6,16,194.5,1.98,3.031,0.1615
108,748,6,17,196.5,0.0,4.497,0.1704
108,748,6,18,195.0,0.0,4.067,0.1694
108,748,6,19,194.5,0.0,3.582,0.1639
108,748,6,20,186.0,0.0,3.451,0.1623
108,748,6,21,182.5,0.0,2.799,0.1613
108,748,6,22,181.5,0.0,2.519,0.1565
108,748,6,23,179.5,0.0,2.106,0.144
108,749,0,0,189.0,0.0,2.601,0.144
108,749,0,1,185.0,0.0,2.352,0.1431
108,749,0,2,186.0,0.0,2.173,0.1375
108,749,0,3,183.0,0.0,2.14,0.1426
108,749,0,4,184.5,0.0,2.209,0.1438
108,749,0,5,185.5,0.0,2.748,0.1482
108,749,0,6,186.0,0.0,4.022,0.1519
108,749,0,7,191.5,1.97,4.49,0.1577
108,749,0,8,200.5,17.5,4.685,0.1601
108,749,0,9,245.0,35.37,4.997,0.1597
108,749,0,10,281.5,49.65,5.475,0.165
108,749,0,11,296.0,53.94,5.702,0.164
108,749,0,12,312.0,55.05,5.031,0.1655
108,749,0,13,308.5,48.43,4.496,0.1716
108,749,0,14,304.5,37.72,4.146,0.1695
108,749,0,15,309.0,22.23,4.305,0.1698
108,749,0,16,292.0,4.88,5.364,0.167
108,749,0,17,277.5,0.0,8.517,0.1751
108,749,0,18,244.0,0.0,8.598,0.1771
108,749,0,19,226.0,0.0,7.143,0.1769
108,749,0,20,212.5,0.0,6.59,0.1766
108,749,0,21,207.0,0.0,5.123,0.1702
108,749,0,22,199.0,0.0,4.386,0.1553
108,749,0,23,194.0,0.0,3.686,0.1544
108,750,1,0,197.0,0.0,3.577,0.1512
108,750,1,1,197.5,0.0,3.391,0.1529
108,750,1,2,194.5,0.0,3.18,0.1497
108,750,1,3,193.5,0.0,3.199,0.1485
108,750,1,4,194.5,0.0,3.228,0.1455
108,750,1,5,192.5,0.0,3.962,0.1501
108,750,1,6,196.0,0.0,5.467,0.157
108,750,1,7,198.5,2.16,6.401,0.1584
108,750,1,8,201.0,18.97,6.908,0.1604
108,750,1,9,253.0,38.21,7.498,0.1616
108,750,1,10,262.0,51.64,7.718,0.1624
108,750,1,11,297.0,60.25,7.25,0.1655
108,750,1,12,302.0,61.1,7.099,0.1644
108,750,1,13,308.5,55.97,6.974,0.166
108,750,1,14,289.0,42.67,6.798,0.1685
108,750,1,15,297.5,24.44,6.975,0.1717
108,750,1,16,298.5,5.59,6.977,0.1774
108,750,1,17,278.5,0.0,9.221,0.1776
108,750,1,18,252.5,0.0,8.587,0.1839
108,750,1,19,238.0,0.0,7.813,0.1852
108,750,1,20,220.0,0.0,7.04,0.1776
108,750,1,21,210.5,0.0,6.006,0.1665
108,750,1,22,204.5,0.0,4.374,0.1599
108,750,1,23,202.0,0.0,3.765,0.1479
108,751,2,0,207.99,0.0,3.099,0.147
108,751,2,1,207.98,0.0,2.831,0.1432
108,751,2,2,204.98,0.0,2.633,0.1401
108,751,2,3,207.48,0.0,2.538,0.1419
108,751,2,4,205.98,0.0,2.656,0.1514
108,751,2,5,204.98,0.0,3.477,0.1506
108,751,2,6,209.98,0.0,5.293,0.1638
108,751,2,7,210.98,2.08,5.786,0.171
108,751,2,8,223.48,16.2,5.938,0.1735
108,751,2,9,258.48,32.1,5.93,0.1718
108,751,2,10,296.98,45.82,5.658,0.1709
108,751,2,11,291.48,54.66,5.097,0.1703
108,751,2,12,292.98,57.79,4.506,0.1745
108,751,2,13,293.98,38.38,4.138,0.1715
108,751,2,14,285.48,28.4,3.965,0.1752
108,751,2,15,283.98,16.38,4.147,0.1785
108,751,2,16,285.48,3.67,4.84,0.1781
108,751,2,17,273.98,0.0,7.444,0.1825
108,751,2,18,257.48,0.0,7.465,0.1817
108,751,2,19,244.98,0.0,5.838,0.1782
108,751,2,20,228.48,0.0,5.532,0.1776
108,751,2,21,223.98,0.0,4.535,0.176
108,751,2,22,213.48,0.0,3.606,0.1621
108,751,2,23,215.48,0.0,3.165,0.1504
108,752,3,0,208.99,0.0,3.327,0.1521
108,752,3,1,206.49,0.0,3.115,0.1489
108,752,3,2,206.5,0.0,2.981,0.1513
108,752,3,3,209.0,0.0,3.045,0.1508
108,752,3,4,207.5,0.0,2.941,0.1555
108,752,3,5,204.5,0.0,3.505,0.166
108,752,3,6,207.5,0.0,4.822,0.1853
108,752,3,7,208.5,2.3,5.275,0.1878
108,752,3,8,213.0,18.57,5.055,0.1864
108,752,3,9,224.0,35.65,4.693,0.1846
108,752,3,10,243.5,49.08,4.473,0.1809
108,752,3,11,250.0,56.71,4.062,0.1835
108,752,3,12,296.5,55.07,3.623,0.1808
108,752,3,13,332.0,48.96,3.599,0.1799
108,752,3,14,344.0,39.55,3.412,0.1775
108,752,3,15,337.5,24.13,3.548,0.1827
108,752,3,16,328.5,6.29,4.167,0.1849
108,752,3,17,310.0,0.0,5.603,0.1903
108,752,3,18,283.5,0.0,5.628,0.1934
108,752,3,19,269.5,0.0,4.841,0.1939
108,752,3,20,245.5,0.0,4.729,0.1964
108,752,3,21,231.0,0.0,4.2,0.1886
108,752,3,22,230.5,0.0,3.365,0.1766
108,752,3,23,216.0,0.0,3.381,0.1706
108,753,4,0,200.0,0.0,3.333,0.1763
108,753,4,1,208.5,0.0,3.091,0.1705
108,753,4,2,207.5,0.0,3.018,0.169
108,753,4,3,207.0,0.0,2.98,0.1698
108,753,4,4,206.0,0.0,2.828,0.181
108,753,4,5,207.0,0.0,3.275,0.1905
108,753,4,6,209.5,0.0,4.347,0.2013
108,753,4,7,208.5,2.26,4.657,0.203
108,753,4,8,212.5,14.68,4.577,0.2018
108,753,4,9,259.0,27.94,4.828,0.2033
108,753,4,10,284.0,35.25,4.825,0.2024
108,753,4,11,321.0,41.14,4.817,0.2155
108,753,4,12,349.5,41.46,4.5,0.2172
108,753,4,13,321.5,16.59,3.569,0.2179
108,753,4,14,301.0,16.06,3.47,0.2215
108,753,4,15,304.5,8.65,3.515,0.2151
108,753,4,16,288.0,1.97,4.164,0.2102
108,753,4,17,266.0,0.0,6.085,0.2064
108,753,4,18,234.5,0.0,5.808,0.2046
108,753,4,19,209.0,0.0,4.444,0.2055
108,753,4,20,192.5,0.0,4.436,0.2066
108,753,4,21,192.0,0.0,3.875,0.2025
108,753,4,22,190.5,0.0,3.413,0.1895
108,753,4,23,186.0,0.0,3.114,0.1858
108,754,5,0,186.0,0.0,3.152,0.1876
108,754,5,1,188.0,0.0,2.961,0.1852
108,754,5,2,187.0,0.0,2.72,0.1807
108,754,5,3,186.5,0.0,2.675,0.1773
108,754,5,4,189.5,0.0,2.576,0.1794
108,754,5,5,189.0,0.0,2.755,0.1802
108,754,5,6,192.0,0.0,3.305,0.1754
108,754,5,7,190.0,0.69,3.157,0.1745
108,754,5,8,189.0,4.14,3.844,0.1802
108,754,5,9,200.5,8.05,4.114,0.1863
108,754,5,10,200.5,10.59,4.195,0.193
108,754,5,11,204.5,8.06,4.128,0.2001
108,754,5,12,208.0,7.39,4.064,0.2048
108,754,5,13,202.0,10.65,3.763,0.2025
108,754,5,14,202.5,8.58,3.591,0.2001
108,754,5,15,206.0,5.69,3.588,0.1959
108,754,5,16,200.5,1.37,4.202,0.1973
108,754,5,17,203.0,0.0,5.402,0.2068
108,754,5,18,201.0,0.0,5.378,0.208
108,754,5,19,188.0,0.0,4.279,0.2025
108,754,5,20,185.0,0.0,4.096,0.2021
108,754,5,21,180.0,0.0,3.758,0.2025
108,754,5,22,181.0,0.0,3.339,0.1972
108,754,5,23,175.5,0.0,3.19,0.203
108,755,6,0,171.5,0.0,3.4,0.2115
108,755,6,1,172.0,0.0,3.172,0.2089
108,755,6,2,170.0,0.0,3.048,0.205
108,755,6,3,167.0,0.0,3.017,0.2022
108,755,6,4,164.5,0.0,2.818,0.2055
108,755,6,5,164.0,0.0,2.993,0.2096
108,755,6,6,165.0,0.0,3.162,0.207
108,755,6,7,168.5,2.79,2.889,0.1899
108,755,6,8,169.0,19.21,3.219,0.1969
108,755,6,9,177.5,37.87,3.912,0.1994
108,755,6,10,180.5,56.22,4.222,0.2026
108,755,6,11,190.5,65.09,4.061,0.2091
108,755,6,12,190.5,62.88,3.851,0.2095
108,755,6,13,192.0,59.58,3.499,0.2138
108,755,6,14,192.0,46.3,3.327,0.2104
108,755,6,15,192.5,24.79,3.376,0.2084
108,755,6,16,192.0,7.45,4.209,0.2088
108,755,6,17,192.0,0.0,5.809,0.2106
108,755,6,18,189.0,0.0,5.67,0.2157
108,755,6,19,178.5,0.0,4.651,0.2112
108,755,6,20,176.5,0.0,4.637,0.2155
108,755,6,21,172.5,0.0,4.247,0.2076
108,755,6,22,171.5,0.0,3.724,0.2013
108,755,6,23,172.0,0.0,3.144,0.1896
108,756,0,0,179.5,0.0,3.739,0.1999
108,756,0,1,168.5,0.0,3.291,0.1983
108,756,0,2,168.0,0.0,3.131,0.2026
108,756,0,3,168.5,0.0,3.128,0.203
108,756,0,4,176.0,0.0,3.135,0.2056
108,756,0,5,180.0,0.0,3.605,0.2124
108,756,0,6,181.5,0.0,4.731,0.2118
108,756,0,7,194.5,2.47,4.5,0.215
108,756,0,8,214.5,14.63,4.488,0.218
108,756,0,9,268.5,30.04,4.504,0.2178
108,756,0,10,308.5,40.63,4.678,0.2186
108,756,0,11,315.5,42.59,4.441,0.2186
108,756,0,12,349.5,36.78,4.068,0.2184
108,756,0,13,327.5,42.13,3.67,0.2169
108,756,0,14,306.0,32.19,3.48,0.2164
108,756,0,15,303.5,16.31,3.433,0.212
108,756,0,16,263.5,4.62,4.106,0.2161
108,756,0,17,270.5,0.0,5.53,0.2249
108,756,0,18,251.0,0.0,5.389,0.2302
108,756,0,19,222.5,0.0,4.599,0.2283
108,756,0,20,212.0,0.0,4.183,0.2242
108,756,0,21,210.5,0.0,3.751,0.2123
108,756,0,22,209.0,0.0,3.213,0.1985
108,756,0,23,206.0,0.0,3.091,0.1941
108,757,1,0,187.5,0.0,3.221,0.1813
108,757,1,1,187.0,0.0,2.879,0.1801
108,757,1,2,192.0,0.0,2.918,0.1795
108,757,1,3,196.5,0.0,2.919,0.1802
108,757,1,4,194.5,0.0,2.79,0.1768
108,757,1,5,197.0,0.0,3.125,0.1808
108,757,1,6,197.5,0.0,3.899,0.1875
108,757,1,7,200.5,1.51,4.266,0.1925
108,757,1,8,208.5,9.75,4.069,0.1952
108,757,1,9,268.0,18.45,4.306,0.1934
108,757,1,10,293.5,26.24,4.118,0.1982
108,757,1,11,294.0,41.11,3.791,0.1959
108,757,1,12,309.0,37.34,3.468,0.1897
108,757,1,13,290.0,32.81,3.33,0.1849
108,757,1,14,280.0,24.19,3.123,0.1856
108,757,1,15,297.0,14.42,3.141,0.1862
108,757,1,16,258.0,3.77,3.711,0.1933
108,757,1,17,249.0,0.0,5.158,0.2034
108,757,1,18,226.0,0.0,4.827,0.2068
108,757,1,19,216.0,0.0,4.239,0.2052
108,757,1,20,203.0,0.0,3.555,0.2019
108,757,1,21,197.0,0.0,3.176,0.1906
108,757,1,22,192.0,0.0,3.016,0.1757
108,757,1,23,190.5,0.0,2.8,0.1685
108,758,2,0,192.0,0.0,2.265,0.1608
108,758,2,1,186.5,0.0,2.021,0.1586
108,758,2,2,187.0,0.0,1.951,0.1586
108,758,2,3,188.5,0.0,1.958,0.1591
108,758,2,4,188.0,0.0,1.956,0.1601
108,758,2,5,192.0,0.0,2.188,0.1694
108,758,2,6,187.0,0.0,2.778,0.1847
108,758,2,7,188.0,1.49,3.289,0.1967
108,758,2,8,223.5,11.56,3.333,0.1995
108,758,2,9,230.5,27.27,3.442,0.1981
108,758,2,10,256.5,42.81,3.054,0.2002
108,758,2,11,264.0,53.28,3.053,0.2012
108,758,2,12,324.0,60.16,2.865,0.1933
108,758,2,13,285.0,51.17,2.665,0.1878
108,758,2,14,304.0,39.17,2.608,0.19
108,758,2,15,296.0,22.13,2.657,0.1949
108,758,2,16,294.0,6.71,3.246,0.2055
108,758,2,17,268.0,0.0,4.222,0.2194
108,758,2,18,239.0,0.0,3.897,0.2251
108,758,2,19,228.0,0.0,3.46,0.2211
108,758,2,20,214.5,0.0,3.222,0.2155
108,758,2,21,202.5,0.0,2.81,0.2102
108,758,2,22,200.5,0.0,2.556,0.1972
108,758,2,23,195.5,0.0,2.384,0.1802
108,759,3,0,201.0,0.0,2.489,0.1751
108,759,3,1,192.0,0.0,2.177,0.1712
108,759,3,2,192.5,0.0,1.977,0.1721
108,759,3,3,190.5,0.0,1.955,0.1742
108,759,3,4,196.0,0.0,2.007,0.1696
108,759,3,5,191.5,0.0,2.433,0.1788
108,759,3,6,192.0,0.0,2.983,0.1984
108,759,3,7,196.0,3.04,3.347,0.1978
108,759,3,8,213.5,20.97,3.258,0.2015
108,759,3,9,240.0,40.66,3.131,0.1994
108,759,3,10,253.5,55.54,3.07,0.1973
108,759,3,11,263.0,63.95,3.028,0.1966
108,759,3,12,274.5,65.92,2.948,0.1894
108,759,3,13,351.0,58.81,2.988,0.188
108,759,3,14,303.5,43.4,2.863,0.1918
108,759,3,15,334.0,22.5,2.845,0.1963
108,759,3,16,319.5,6.06,3.3,0.2013
108,759,3,17,278.5,0.0,4.3,0.205
108,759,3,18,258.5,0.0,4.126,0.2068
108,759,3,19,246.0,0.0,3.74,0.2062
108,759,3,20,234.5,0.0,3.301,0.2025
108,759,3,21,212.0,0.0,2.735,0.2025
108,759,3,22,209.5,0.0,2.46,0.2025
108,759,3,23,208.0,0.0,2.333,0.2025
108,760,4,0,202.5,0.0,2.308,0.1591
108,760,4,1,205.5,0.0,2.047,0.1592
108,760,4,2,204.5,0.0,1.853,0.1624
108,760,4,3,206.5,0.0,1.885,0.1608
108,760,4,4,205.0,0.0,2.015,0.1641
108,760,4,5,211.5,0.0,2.277,0.1714
108,760,4,6,206.0,0.0,2.805,0.1912
108,760,4,7,203.0,1.98,2.984,0.1923
108,760,4,8,233.5,10.45,2.917,0.1927
108,760,4,9,243.5,18.87,2.852,0.19
108,760,4,10,268.5,21.18,2.786,0.1935
108,760,4,11,264.0,24.74,2.687,0.1993
108,760,4,12,282.5,26.28,2.583,0.1958
108,760,4,13,260.5,30.46,2.549,0.1937
108,760,4,14,293.5,22.59,2.445,0.192
108,760,4,15,285.0,13.86,2.466,0.1974
108,760,4,16,290.5,4.08,2.874,0.2025
108,760,4,17,267.5,0.0,3.825,0.2108
108,760,4,18,238.5,0.0,3.698,0.2062
108,760,4,19,224.0,0.0,3.18,0.2012
108,760,4,20,206.0,0.0,2.816,0.1971
108,760,4,21,204.0,0.0,2.513,0.1976
108,760,4,22,201.0,0.0,2.329,0.1862
108,760,4,23,218.5,0.0,2.275,0.1812
108,761,5,0,200.5,0.0,2.652,0.1916
108,761,5,1,197.5,0.0,2.546,0.1821
108,761,5,2,198.5,0.0,2.214,0.1731
108,761,5,3,197.0,0.0,2.133,0.1717
108,761,5,4,196.5,0.0,2.12,0.1726
108,761,5,5,200.5,0.0,2.272,0.1763
108,761,5,6,197.5,0.0,2.177,0.1768
108,761,5,7,198.5,3.37,2.235,0.181
108,761,5,8,208.5,21.14,2.513,0.1854
108,761,5,9,222.0,39.56,2.733,0.1955
108,761,5,10,207.5,52.89,2.94,0.1954
108,761,5,11,209.5,60.99,2.895,0.1879
108,761,5,12,208.0,62.5,2.668,0.1788
108,761,5,13,224.0,56.75,2.472,0.1792
108,761,5,14,224.0,44.45,2.312,0.1799
108,761,5,15,213.5,26.86,2.398,0.1806
108,761,5,16,214.5,8.44,2.693,0.1844
108,761,5,17,215.0,0.0,3.427,0.1906
108,761,5,18,211.0,0.0,3.369,0.1975
108,761,5,19,210.5,0.0,2.892,0.1943
108,761,5,20,201.0,0.0,2.733,0.1877
108,761,5,21,201.5,0.0,2.515,0.1826
108,761,5,22,204.5,0.0,2.533,0.1735
108,761,5,23,204.0,0.0,2.227,0.1678
108,762,6,0,205.5,0.0,2.325,0.1705
108,762,6,1,197.5,0.0,2.148,0.1647
108,762,6,2,198.0,0.0,1.806,0.1631
108,762,6,3,199.0,0.0,1.757,0.1631
108,762,6,4,198.0,0.0,1.757,0.1642
108,762,6,5,203.0,0.0,1.881,0.1603
108,762,6,6,196.5,0.0,1.439,0.1597
108,762,6,7,199.0,2.52,1.636,0.1563
108,762,6,8,202.0,17.38,1.886,0.1582
108,762,6,9,204.0,36.67,2.168,0.164
108,762,6,10,200.5,51.2,2.25,0.1634
108,762,6,11,200.5,55.33,2.203,0.1611
108,762,6,12,202.0,55.21,2.205,0.1633
108,762,6,13,211.0,45.38,2.135,0.1678
108,762,6,14,206.5,34.87,2.111,0.1689
108,762,6,15,211.0,21.39,2.135,0.1742
108,762,6,16,212.5,6.82,2.475,0.1764
108,762,6,17,216.5,0.0,3.152,0.1718
108,762,6,18,211.0,0.0,3.086,0.1699
108,762,6,19,211.0,0.0,2.702,0.17
108,762,6,20,205.0,0.0,2.446,0.1682
108,762,6,21,201.5,0.0,2.133,0.1633
108,762,6,22,200.5,0.0,1.939,0.1527
108,762,6,23,204.0,0.0,1.738,0.153
108,763,0,0,203.5,0.0,1.568,0.15
108,763,0,1,205.5,0.0,1.367,0.1467
108,763,0,2,203.0,0.0,1.382,0.1457
108,763,0,3,203.5,0.0,1.349,0.1445
108,763,0,4,204.0,0.0,1.399,0.1438
108,763,0,5,210.5,0.0,1.506,0.1495
108,763,0,6,203.0,0.0,2.041,0.1612
108,763,0,7,208.0,2.4,2.286,0.1688
108,763,0,8,216.0,13.43,2.509,0.1725
108,763,0,9,242.0,23.32,2.524,0.1694
108,763,0,10,281.0,31.76,2.531,0.1668
108,763,0,11,284.0,37.18,2.554,0.1698
108,763,0,12,276.5,39.16,2.454,0.1684
108,763,0,13,289.5,33.64,2.386,0.1694
108,763,0,14,277.0,24.72,2.258,0.1709
108,763,0,15,312.5,16.45,2.261,0.1739
108,763,0,16,288.0,5.32,2.673,0.1856
108,763,0,17,269.0,0.0,3.502,0.1955
108,763,0,18,253.5,0.0,3.354,0.1971
108,763,0,19,235.0,0.0,2.94,0.1934
108,763,0,20,218.5,0.0,2.616,0.1838
108,763,0,21,214.5,0.0,2.392,0.1788
108,763,0,22,209.5,0.0,2.107,0.1608
108,763,0,23,207.0,0.0,1.776,0.1543
108,764,1,0,203.5,0.0,1.713,0.1547
108,764,1,1,203.5,0.0,1.417,0.1539
108,764,1,2,203.0,0.0,1.181,0.1519
108,764,1,3,203.0,0.0,1.188,0.1492
108,764,1,4,205.0,0.0,1.322,0.1431
108,764,1,5,207.5,0.0,1.753,0.1553
108,764,1,6,203.5,0.0,2.34,0.1782
108,764,1,7,204.0,4.0,2.727,0.1865
108,764,1,8,211.0,22.82,2.927,0.1869
108,764,1,9,242.5,39.91,2.922,0.1858
108,764,1,10,271.0,54.18,2.88,0.1834
108,764,1,11,289.5,63.61,2.866,0.1772
108,764,1,12,300.0,61.26,2.772,0.1776
108,764,1,13,300.0,54.67,2.675,0.1751
108,764,1,14,294.5,43.9,2.584,0.1766
108,764,1,15,294.0,28.96,2.594,0.1793
108,764,1,16,309.0,10.21,2.927,0.1843
108,764,1,17,276.5,0.0,3.714,0.194
108,764,1,18,250.5,0.0,3.833,0.1946
108,764,1,19,233.0,0.0,3.32,0.1849
108,764,1,20,218.0,0.0,2.929,0.1786
108,764,1,21,210.5,0.0,2.662,0.1673
108,764,1,22,210.0,0.0,2.103,0.1416
108,764,1,23,205.5,0.0,1.781,0.1338
108,765,2,0,210.0,0.0,1.447,0.1234
108,765,2,1,205.5,0.0,1.197,0.1178
108,765,2,2,203.0,0.0,0.982,0.1182
108,765,2,3,202.0,0.0,0.995,0.1219
108,765,2,4,208.0,0.0,1.131,0.1203
108,765,2,5,204.5,0.0,1.745,0.1303
108,765,2,6,204.5,0.0,2.115,0.1547
108,765,2,7,207.0,1.14,2.359,0.1631
108,765,2,8,212.0,3.23,2.352,0.1665
108,765,2,9,245.5,5.79,2.512,0.1626
108,765,2,10,270.0,6.46,2.512,0.1703
108,765,2,11,275.5,10.92,2.473,0.1759
108,765,2,12,295.5,8.93,2.394,0.1746
108,765,2,13,330.0,9.3,2.283,0.1801
108,765,2,14,307.0,8.11,2.119,0.1835
108,765,2,15,320.5,5.93,2.189,0.1811
108,765,2,16,312.0,2.5,2.546,0.1966
108,765,2,17,289.0,0.0,3.079,0.1921
108,765,2,18,258.5,0.0,3.09,0.1852
108,765,2,19,239.0,0.0,2.743,0.1736
108,765,2,20,221.5,0.0,2.345,0.1677
108,765,2,21,219.0,0.0,2.215,0.1531
108,765,2,22,216.0,0.0,1.893,0.1335
108,765,2,23,213.0,0.0,1.712,0.1267
108,766,3,0,204.0,0.0,1.438,0.1211
108,766,3,1,209.5,0.0,1.258,0.1167
108,766,3,2,206.5,0.0,1.117,0.1145
108,766,3,3,209.5,0.0,1.077,0.1143
108,766,3,4,211.0,0.0,1.248,0.1132
108,766,3,5,203.0,0.0,1.456,0.1218
108,766,3,6,202.0,0.0,1.796,0.138
108,766,3,7,196.0,2.05,2.113,0.1477
108,766,3,8,220.5,10.82,2.187,0.1564
108,766,3,9,238.5,19.53,2.277,0.1487
108,766,3,10,268.0,23.57,2.288,0.1578
108,766,3,11,280.0,34.13,2.31,0.1589
108,766,3,12,296.5,25.28,2.224,0.1611
108,766,3,13,287.5,17.23,2.125,0.1558
108,766,3,14,282.5,13.96,2.058,0.1611
108,766,3,15,296.5,8.58,2.116,0.1679
108,766,3,16,295.5,3.29,2.371,0.1747
108,766,3,17,289.5,0.0,2.967,0.184
108,766,3,18,253.0,0.0,3.021,0.1892
108,766,3,19,231.0,0.0,2.573,0.1889
108,766,3,20,212.0,0.0,2.342,0.184
108,766,3,21,198.5,0.0,2.163,0.1756
108,766,3,22,199.5,0.0,1.873,0.149
108,766,3,23,189.0,0.0,1.689,0.1306
108,767,4,0,191.5,0.0,1.67,0.1225
108,767,4,1,192.0,0.0,1.526,0.1174
108,767,4,2,196.0,0.0,1.342,0.1189
108,767,4,3,200.5,0.0,1.316,0.1179
108,767,4,4,200.0,0.0,1.396,0.1211
108,767,4,5,197.0,0.0,1.699,0.1351
108,767,4,6,196.5,0.0,2.032,0.161
108,767,4,7,189.0,1.39,2.55,0.1759
108,767,4,8,205.0,8.0,2.389,0.1807
108,767,4,9,233.0,17.61,2.521,0.1792
108,767,4,10,249.5,16.8,2.52,0.19
108,767,4,11,253.0,32.7,2.425,0.1904
108,767,4,12,275.5,39.33,2.339,0.1915
108,767,4,13,282.0,35.39,2.29,0.1763
108,767,4,14,261.0,30.37,2.126,0.1744
108,767,4,15,278.0,23.0,2.051,0.1704
108,767,4,16,279.5,11.43,2.468,0.174
108,767,4,17,263.5,0.0,3.096,0.1805
108,767,4,18,241.0,0.0,3.11,0.1907
108,767,4,19,212.5,0.0,2.729,0.1859
108,767,4,20,201.0,0.0,2.354,0.181
108,767,4,21,191.0,0.0,2.08,0.1765
108,767,4,22,187.0,0.0,2.031,0.1573
108,767,4,23,181.0,0.0,1.731,0.1453
108,768,5,0,185.5,0.0,2.59,0.1492
108,768,5,1,181.5,0.0,2.369,0.1398
108,768,5,2,179.5,0.0,2.031,0.137
108,768,5,3,180.5,0.0,1.994,0.1366
108,768,5,4,174.5,0.0,2.221,0.138
108,768,5,5,177.5,0.0,2.295,0.1387
108,768,5,6,169.5,0.0,2.279,0.1463
108,768,5,7,180.0,4.24,2.336,0.1507
108,768,5,8,179.0,20.96,2.457,0.158
108,768,5,9,188.0,36.03,2.568,0.1636
108,768,5,10,193.5,48.61,2.535,0.1597
108,768,5,11,194.0,55.61,2.461,0.155
108,768,5,12,215.0,53.57,2.483,0.1541
108,768,5,13,219.5,47.21,2.408,0.1543
108,768,5,14,215.5,37.11,2.325,0.1494
108,768,5,15,216.0,26.05,2.294,0.1516
108,768,5,16,224.5,10.89,2.416,0.1545
108,768,5,17,224.0,0.0,3.265,0.1606
108,768,5,18,216.5,0.0,3.405,0.1633
108,768,5,19,213.5,0.0,2.893,0.1659
108,768,5,20,197.5,0.0,2.694,0.1616
108,768,5,21,182.5,0.0,2.496,0.1558
108,768,5,22,184.0,0.0,2.314,0.1463
108,768,5,23,178.5,0.0,2.002,0.1397
108,769,6,0,182.5,0.0,2.666,0.1455
108,769,6,1,191.0,0.0,2.562,0.1439
108,769,6,2,187.5,0.0,2.315,0.1383
108,769,6,3,187.0,0.0,2.231,0.134
108,769,6,4,193.5,0.0,2.305,0.1358
108,769,6,5,192.0,0.0,2.24,0.1397
108,769,6,6,190.5,0.0,2.0,0.1485
108,769,6,7,196.5,4.98,1.809,0.1517
108,769,6,8,197.5,24.03,2.113,0.1532
108,769,6,9,203.0,41.48,2.304,0.158
108,769,6,10,206.0,55.37,2.339,0.1553
108,769,6,11,209.5,50.23,2.254,0.1511
108,769,6,12,223.0,52.05,2.302,0.1496
108,769,6,13,213.0,51.88,2.081,0.1519
108,769,6,14,216.5,38.84,2.068,0.1514
108,769,6,15,217.5,25.19,2.065,0.1548
108,769,6,16,214.5,9.02,2.248,0.1564
108,769,6,17,212.0,0.0,3.078,0.1587
108,769,6,18,207.5,0.0,3.215,0.1638
108,769,6,19,192.0,0.0,2.88,0.1596
108,769,6,20,181.0,0.0,2.81,0.1564
108,769,6,21,185.5,0.0,2.641,0.1536
108,769,6,22,175.5,0.0,2.413,0.1466
108,769,6,23,175.0,0.0,2.042,0.1426
108,770,0,0,196.5,0.0,2.456,0.1409
108,770,0,1,192.0,0.0,2.089,0.1415
108,770,0,2,182.0,0.0,1.894,0.1368
108,770,0,3,195.5,0.0,1.921,0.1373
108,770,0,4,193.5,0.0,2.088,0.1433
108,770,0,5,197.0,0.0,2.408,0.1637
108,770,0,6,193.0,0.0,2.719,0.1822
108,770,0,7,201.5,2.01,3.041,0.1908
108,770,0,8,224.5,10.42,3.081,0.193
108,770,0,9,285.5,16.43,3.118,0.1952
108,770,0,10,273.0,22.53,3.134,0.1924
108,770,0,11,284.5,28.74,3.055,0.194
108,770,0,12,304.0,36.49,2.949,0.1935
108,770,0,13,318.5,39.83,2.829,0.1913
108,770,0,14,312.5,34.86,2.814,0.1921
108,770,0,15,332.0,22.92,2.799,0.1928
108,770,0,16,330.0,7.28,3.084,0.1909
108,770,0,17,280.0,0.0,4.013,0.1984
108,770,0,18,253.5,0.0,4.002,0.1993
108,770,0,19,233.5,0.0,3.755,0.1982
108,770,0,20,220.0,0.0,3.174,0.1983
108,770,0,21,215.0,0.0,2.8,0.2006
108,770,0,22,204.5,0.0,2.489,0.1895
108,770,0,23,207.0,0.0,2.507,0.1756
108,771,1,0,206.5,0.0,2.536,0.1671
108,771,1,1,200.0,0.0,2.129,0.1664
108,771,1,2,204.0,0.0,1.875,0.1533
108,771,1,3,205.5,0.0,1.798,0.1513
108,771,1,4,203.5,0.0,2.072,0.1519
108,771,1,5,205.0,0.0,2.615,0.1657
108,771,1,6,202.0,0.0,2.883,0.1824
108,771,1,7,207.5,1.61,3.309,0.1906
108,771,1,8,220.0,9.85,3.314,0.1917
108,771,1,9,253.0,18.95,3.372,0.1901
108,771,1,10,267.5,27.83,3.205,0.1959
108,771,1,11,306.0,29.91,3.07,0.1956
108,771,1,12,319.5,25.78,3.049,0.1968
108,771,1,13,337.0,21.15,2.919,0.2006
108,771,1,14,320.5,16.62,2.814,0.1974
108,771,1,15,335.5,10.61,2.879,0.197
108,771,1,16,335.5,4.09,3.205,0.1963
108,771,1,17,312.0,0.29,4.148,0.1998
108,771,1,18,264.0,0.0,4.137,0.2015
108,771,1,19,238.5,0.0,3.663,0.2042
108,771,1,20,220.5,0.0,3.265,0.2017
108,771,1,21,213.5,0.0,2.842,0.1985
108,771,1,22,209.0,0.0,2.555,0.1856
108,771,1,23,203.0,0.0,2.401,0.1742
108,772,2,0,204.0,0.0,3.209,0.1728
108,772,2,1,206.0,0.0,2.842,0.165
108,772,2,2,201.5,0.0,2.579,0.1642
108,772,2,3,203.0,0.0,2.64,0.164
108,772,2,4,200.5,0.0,2.972,0.1652
108,772,2,5,202.0,0.0,3.014,0.1825
108,772,2,6,205.0,0.0,2.879,0.201
108,772,2,7,212.5,3.26,3.468,0.2077
108,772,2,8,237.0,15.94,3.674,0.2038
108,772,2,9,257.0,29.03,3.779,0.2013
108,772,2,10,278.5,40.42,3.772,0.2001
108,772,2,11,307.5,44.7,3.611,0.1966
108,772,2,12,345.0,41.13,3.562,0.1974
108,772,2,13,344.5,33.91,3.369,0.1976
108,772,2,14,328.5,27.54,3.345,0.1961
108,772,2,15,339.5,20.14,3.358,0.1999
108,772,2,16,305.0,9.91,3.624,0.2038
108,772,2,17,293.5,0.56,4.605,0.2065
108,772,2,18,259.5,0.0,4.67,0.2096
108,772,2,19,243.0,0.0,4.105,0.2134
108,772,2,20,222.0,0.0,3.634,0.2074
108,772,2,21,211.5,0.0,3.475,0.2045
108,772,2,22,211.0,0.0,2.881,0.1918
108,772,2,23,199.0,0.0,2.882,0.1813
108,773,3,0,206.0,0.0,3.11,0.1752
108,773,3,1,205.0,0.0,3.078,0.1714
108,773,3,2,201.5,0.0,2.91,0.1707
108,773,3,3,207.0,0.0,2.834,0.1682
108,773,3,4,200.5,0.0,2.944,0.1648
108,773,3,5,205.5,0.0,3.251,0.1714
108,773,3,6,202.0,0.0,3.914,0.186
108,773,3,7,204.0,6.09,4.37,0.2014
108,773,3,8,236.5,21.59,4.64,0.2032
108,773,3,9,254.0,34.31,4.639,0.1999
108,773,3,10,291.5,48.01,4.84,0.2005
108,773,3,11,287.5,47.89,4.73,0.1986
108,773,3,12,309.5,50.0,4.733,0.2114
108,773,3,13,341.0,45.5,4.504,0.217
108,773,3,14,324.0,36.13,4.453,0.225
108,773,3,15,313.0,25.49,4.539,0.2235
108,773,3,16,324.5,12.38,4.577,0.2199
108,773,3,17,296.0,0.8,5.782,0.2251
108,773,3,18,278.5,0.0,6.542,0.2365
108,773,3,19,254.0,0.0,5.863,0.2351
108,773,3,20,241.0,0.0,4.859,0.233
108,773,3,21,216.0,0.0,4.72,0.2196
108,773,3,22,214.5,0.0,4.215,0.2045
108,773,3,23,208.5,0.0,3.998,0.1934
108,774,4,0,201.0,0.0,4.763,0.1812
108,774,4,1,205.0,0.0,4.253,0.1763
108,774,4,2,210.5,0.0,4.154,0.1803
108,774,4,3,208.0,0.0,4.234,0.1785
108,774,4,4,205.5,0.0,4.279,0.1805
108,774,4,5,200.0,0.0,4.825,0.1849
108,774,4,6,207.5,0.0,5.838,0.1967
108,774,4,7,207.5,7.56,6.742,0.2066
108,774,4,8,235.5,28.11,6.2,0.2072
108,774,4,9,253.5,45.08,6.053,0.2077
108,774,4,10,262.5,58.83,5.955,0.1999
108,774,4,11,301.0,65.6,5.688,0.1894
108,774,4,12,284.5,61.9,5.394,0.2018
108,774,4,13,305.5,37.91,5.176,0.1971
108,774,4,14,307.0,29.93,5.019,0.1959
108,774,4,15,279.0,19.66,5.025,0.1974
108,774,4,16,309.0,7.59,5.399,0.1982
108,774,4,17,282.5,0.55,6.574,0.1989
108,774,4,18,260.5,0.0,7.181,0.2011
108,774,4,19,226.0,0.0,6.565,0.1959
108,774,4,20,212.5,0.0,5.932,0.1967
108,774,4,21,200.5,0.0,5.424,0.1987
108,774,4,22,199.5,0.0,4.955,0.1887
108,774,4,23,199.0,0.0,4.643,0.1849
108,775,5,0,196.0,0.0,5.027,0.1865
108,775,5,1,200.5,0.0,4.79,0.1802
108,775,5,2,203.5,0.0,4.655,0.1814
108,775,5,3,204.5,0.0,4.575,0.1815
108,775,5,4,200.0,0.0,4.623,0.1796
108,775,5,5,200.0,0.0,4.871,0.1856
108,775,5,6,202.0,0.0,5.14,0.1837
108,775,5,7,205.5,6.95,5.202,0.1866
108,775,5,8,203.5,23.88,5.616,0.1904
108,775,5,9,223.5,39.23,6.455,0.1878
108,775,5,10,209.0,54.23,7.425,0.1827
108,775,5,11,222.0,61.67,7.404,0.1882
108,775,5,12,218.0,63.31,7.284,0.1939
108,775,5,13,215.0,56.58,6.601,0.1903
108,775,5,14,217.5,46.33,6.568,0.1918
108,775,5,15,215.5,31.01,6.565,0.1927
108,775,5,16,218.0,14.7,6.65,0.1981
108,775,5,17,218.5,1.07,7.914,0.1999
108,775,5,18,210.0,0.0,8.748,0.21
108,775,5,19,201.5,0.0,8.33,0.2121
108,775,5,20,200.5,0.0,7.675,0.2178
108,775,5,21,197.0,0.0,6.85,0.2204
108,775,5,22,204.5,0.0,6.613,0.2147
108,775,5,23,198.0,0.0,5.817,0.2073
108,776,6,0,196.0,0.0,6.529,0.216
108,776,6,1,193.5,0.0,6.157,0.2195
108,776,6,2,197.0,0.0,5.672,0.2191
108,776,6,3,196.0,0.0,5.56,0.2178
108,776,6,4,194.5,0.0,5.717,0.2192
108,776,6,5,192.5,0.0,5.748,0.2237
108,776,6,6,194.0,0.0,5.82,0.2224
108,776,6,7,200.0,8.98,6.5,0.2146
108,776,6,8,202.5,31.83,7.0,0.2213
108,776,6,9,211.0,51.41,7.7,0.2291
108,776,6,10,210.0,66.79,7.925,0.2224
108,776,6,11,208.5,74.17,7.6,0.2241
108,776,6,12,206.5,74.2,6.815,0.2262
108,776,6,13,214.0,70.5,6.755,0.2274
108,776,6,14,217.5,57.88,6.5,0.224
108,776,6,15,213.5,38.74,6.5,0.2219
108,776,6,16,215.0,17.46,6.81,0.2252
108,776,6,17,220.0,1.14,8.693,0.2294
108,776,6,18,215.0,0.0,9.84,0.2358
108,776,6,19,210.0,0.0,8.5,0.2343
108,776,6,20,212.0,0.0,9.0,0.2274
108,776,6,21,201.0,0.0,8.329,0.2234
108,776,6,22,196.0,0.0,6.907,0.2192
108,776,6,23,198.5,0.0,5.628,0.2162
108,777,0,0,204.5,0.0,4.916,0.2251
108,777,0,1,201.5,0.0,4.779,0.2158
108,777,0,2,210.0,0.0,4.644,0.2139
108,777,0,3,201.0,0.0,4.603,0.2134
108,777,0,4,199.5,0.0,4.761,0.2165
108,777,0,5,204.0,0.0,4.893,0.2306
108,777,0,6,204.0,0.0,5.819,0.2329
108,777,0,7,205.5,2.89,5.885,0.223
108,777,0,8,224.0,8.07,7.306,0.2113
108,777,0,9,259.0,11.49,7.848,0.2076
108,777,0,10,300.5,9.49,7.463,0.2168
108,777,0,11,304.0,10.31,7.0,0.2127
108,777,0,12,315.5,19.73,7.304,0.2158
108,777,0,13,317.5,10.92,5.086,0.2204
108,777,0,14,317.5,23.21,5.082,0.2201
108,777,0,15,326.5,13.09,4.569,0.2144
108,777,0,16,328.5,5.65,6.567,0.2147
108,777,0,17,297.5,0.53,7.254,0.2146
108,777,0,18,261.0,0.0,7.38,0.2189
108,777,0,19,243.5,0.0,6.0,0.2144
108,777,0,20,226.5,0.0,5.093,0.211
108,777,0,21,213.0,0.0,4.666,0.2024
108,777,0,22,209.0,0.0,4.06,0.1913
108,777,0,23,204.5,0.0,4.358,0.1809
108,778,1,0,207.0,0.0,3.026,0.1913
108,778,1,1,206.0,0.0,2.679,0.1952
108,778,1,2,212.0,0.0,2.374,0.1937
108,778,1,3,211.0,0.0,2.392,0.1925
108,778,1,4,213.0,0.0,2.437,0.1927
108,778,1,5,211.0,0.0,2.737,0.1897
108,778,1,6,211.5,0.0,3.891,0.1859
108,778,1,7,215.5,2.62,4.284,0.1823
108,778,1,8,231.0,7.56,5.011,0.1798
108,778,1,9,266.0,11.9,5.479,0.1807
108,778,1,10,289.0,17.12,4.4,0.1937
108,778,1,11,311.5,9.71,4.016,0.1952
108,778,1,12,351.0,6.12,3.792,0.1899
108,778,1,13,341.5,7.75,3.302,0.1863
108,778,1,14,319.5,18.79,3.072,0.1934
108,778,1,15,337.5,11.98,3.023,0.1947
108,778,1,16,312.0,5.57,3.48,0.1925
108,778,1,17,310.0,0.61,4.484,0.1957
108,778,1,18,258.0,0.0,4.849,0.2027
108,778,1,19,241.5,0.0,4.174,0.1969
108,778,1,20,217.5,0.0,3.375,0.1934
108,778,1,21,205.5,0.0,2.938,0.1901
108,778,1,22,207.0,0.0,2.526,0.1906
108,778,1,23,200.0,0.0,2.453,0.1839
108,779,2,0,200.5,0.0,2.721,0.1929
108,779,2,1,202.0,0.0,2.544,0.1963
108,779,2,2,212.0,0.0,2.431,0.1927
108,779,2,3,199.0,0.0,2.433,0.1851
108,779,2,4,209.5,0.0,2.481,0.1876
108,779,2,5,201.0,0.0,2.688,0.1876
108,779,2,6,205.5,0.0,3.303,0.1925
108,779,2,7,209.5,3.78,3.629,0.2057
108,779,2,8,237.0,11.84,3.713,0.2072
108,779,2,9,266.5,19.06,3.677,0.2003
108,779,2,10,283.0,22.9,3.603,0.1919
108,779,2,11,292.0,28.21,3.416,0.1924
108,779,2,12,303.0,21.72,3.219,0.189
108,779,2,13,320.0,24.07,2.881,0.192
108,779,2,14,314.5,18.89,2.816,0.1939
108,779,2,15,302.5,12.13,2.814,0.1927
108,779,2,16,312.5,4.43,3.414,0.1945
108,779,2,17,277.0,0.5,4.418,0.1995
108,779,2,18,251.5,0.0,4.724,0.2013
108,779,2,19,230.0,0.0,3.941,0.2004
108,779,2,20,210.5,0.0,3.464,0.2022
108,779,2,21,198.0,0.0,2.871,0.2035
108,779,2,22,194.0,0.0,2.691,0.1902
108,779,2,23,196.0,0.0,2.567,0.1855
108,780,3,0,207.0,0.0,2.382,0.1893
108,780,3,1,195.5,0.0,2.295,0.1863
108,780,3,2,195.0,0.0,2.155,0.1854
108,780,3,3,195.0,0.0,2.183,0.1875
108,780,3,4,196.0,0.0,2.273,0.1904
108,780,3,5,189.0,0.0,2.41,0.1974
108,780,3,6,186.5,0.0,3.137,0.204
108,780,3,7,193.0,10.49,3.327,0.2071
108,780,3,8,219.0,33.37,3.372,0.2096
108,780,3,9,236.0,54.22,3.35,0.2021
108,780,3,10,259.0,70.67,3.513,0.2011
108,780,3,11,267.5,79.56,3.145,0.2019
108,780,3,12,314.0,81.03,3.044,0.2001
108,780,3,13,335.5,74.71,2.921,0.1972
108,780,3,14,340.0,60.89,2.881,0.1996
108,780,3,15,331.5,41.24,2.91,0.2031
108,780,3,16,318.5,18.91,3.059,0.2074
108,780,3,17,324.5,1.51,4.052,0.2118
108,780,3,18,294.0,0.0,4.376,0.2114
108,780,3,19,286.5,0.0,3.816,0.211
108,780,3,20,263.5,0.0,3.409,0.2114
108,780,3,21,245.5,0.0,3.206,0.2102
108,780,3,22,239.0,0.0,2.565,0.201
108,780,3,23,229.0,0.0,2.616,0.1952
108,781,4,0,211.0,0.0,2.462,0.1942
108,781,4,1,221.0,0.0,2.21,0.1897
108,781,4,2,218.5,0.0,2.098,0.1876
108,781,4,3,205.5,0.0,2.047,0.1852
108,781,4,4,207.0,0.0,2.086,0.1864
108,781,4,5,205.0,0.0,2.225,0.1899
108,781,4,6,204.5,0.0,2.866,0.1983
108,781,4,7,214.0,6.14,3.077,0.1972
108,781,4,8,241.5,19.22,3.053,0.2033
108,781,4,9,248.5,33.25,3.054,0.1951
108,781,4,10,258.5,42.71,3.039,0.1959
108,781,4,11,306.0,46.22,2.86,0.1931
108,781,4,12,290.5,39.3,2.79,0.1899
108,781,4,13,335.5,42.98,2.566,0.1909
108,781,4,14,324.5,33.26,2.449,0.1941
108,781,4,15,304.5,22.97,2.473,0.1912
108,781,4,16,297.5,9.39,2.854,0.1925
108,781,4,17,302.0,0.93,3.491,0.2033
108,781,4,18,270.0,0.0,3.539,0.2026
108,781,4,19,248.5,0.0,3.007,0.193
108,781,4,20,222.5,0.0,2.715,0.1886
108,781,4,21,211.5,0.0,2.511,0.1807
108,781,4,22,204.5,0.0,2.293,0.1724
108,781,4,23,195.5,0.0,2.321,0.1621
108,782,5,0,186.0,0.0,2.139,0.1464
108,782,5,1,198.0,0.0,1.917,0.1393
108,782,5,2,200.0,0.0,1.689,0.1307
108,782,5,3,205.0,0.0,1.651,0.1317
108,782,5,4,211.0,0.0,1.608,0.131
108,782,5,5,215.5,0.0,1.816,0.136
108,782,5,6,212.5,0.0,1.848,0.1429
108,782,5,7,219.5,6.55,1.69,0.1438
108,782,5,8,218.0,18.85,1.919,0.1521
108,782,5,9,218.0,30.27,2.091,0.1539
108,782,5,10,226.5,42.52,2.254,0.1607
108,782,5,11,230.0,49.37,2.084,0.1583
108,782,5,12,233.0,43.67,1.978,0.1545
108,782,5,13,242.5,50.09,1.807,0.1488
108,782,5,14,244.5,22.25,1.761,0.1419
108,782,5,15,226.0,19.37,1.703,0.141
108,782,5,16,208.5,10.01,1.878,0.1456
108,782,5,17,207.0,1.07,2.618,0.1581
108,782,5,18,203.0,0.0,2.878,0.1631
108,782,5,19,182.5,0.0,2.327,0.1614
108,782,5,20,177.0,0.0,2.083,0.1579
108,782,5,21,193.5,0.0,1.926,0.1575
108,782,5,22,209.5,0.0,1.842,0.1416
108,782,5,23,221.5,0.0,1.756,0.1328
108,783,6,0,175.0,0.0,1.516,0.1338
108,783,6,1,162.0,0.0,1.43,0.1304
108,783,6,2,159.0,0.0,1.28,0.1304
108,783,6,3,157.0,0.0,1.257,0.1297
108,783,6,4,158.5,0.0,1.241,0.13
108,783,6,5,158.0,0.0,1.278,0.1332
108,783,6,6,160.5,0.0,1.071,0.1379
108,783,6,7,164.0,8.25,1.219,0.1406
108,783,6,8,159.5,19.87,1.312,0.1466
108,783,6,9,163.5,29.77,1.507,0.1489
108,783,6,10,166.5,28.7,1.512,0.1489
108,783,6,11,165.5,23.47,1.521,0.1466
108,783,6,12,170.0,24.6,1.467,0.1471
108,783,6,13,172.5,50.34,1.409,0.1459
108,783,6,14,171.5,37.83,1.372,0.1426
108,783,6,15,227.5,24.9,1.353,0.1424
108,783,6,16,221.5,11.86,1.5,0.1473
108,783,6,17,217.0,0.95,2.221,0.1646
108,783,6,18,196.0,0.0,2.784,0.173
108,783,6,19,195.5,0.0,2.101,0.1731
108,783,6,20,192.0,0.0,1.972,0.1683
108,783,6,21,191.5,0.0,1.722,0.1617
108,783,6,22,189.0,0.0,1.58,0.1522
108,783,6,23,184.5,0.0,1.439,0.1452
108,784,0,0,195.5,0.0,1.536,0.1339
108,784,0,1,189.0,0.0,1.461,0.133
108,784,0,2,187.0,0.0,1.258,0.1358
108,784,0,3,184.0,0.0,1.28,0.1376
108,784,0,4,187.0,0.0,1.422,0.1353
108,784,0,5,189.5,0.0,1.512,0.143
108,784,0,6,193.5,0.0,2.05,0.1654
108,784,0,7,203.0,12.4,2.216,0.1762
108,784,0,8,198.5,34.7,2.37,0.1881
108,784,0,9,233.5,55.4,2.425,0.1923
108,784,0,10,299.0,70.92,2.457,0.1826
108,784,0,11,296.0,79.6,2.323,0.1712
108,784,0,12,298.5,81.02,2.205,0.1709
108,784,0,13,284.0,75.01,1.981,0.17
108,784,0,14,318.0,61.75,1.903,0.1722
108,784,0,15,310.5,42.82,1.93,0.1733
108,784,0,16,311.5,20.65,2.198,0.1802
108,784,0,17,288.5,2.06,3.066,0.1889
108,784,0,18,260.5,0.0,3.352,0.1971
108,784,0,19,246.5,0.0,2.869,0.1995
108,784,0,20,231.0,0.0,2.653,0.1939
108,784,0,21,236.0,0.0,2.346,0.1883
108,784,0,22,209.5,0.0,1.955,0.1696
108,784,0,23,198.5,0.0,1.93,0.1628
108,785,1,0,207.0,0.0,1.847,0.1538
108,785,1,1,200.0,0.0,1.664,0.1501
108,785,1,2,196.0,0.0,1.532,0.148
108,785,1,3,194.0,0.0,1.527,0.1462
108,785,1,4,200.5,0.0,1.57,0.1472
108,785,1,5,205.0,0.0,1.831,0.1533
108,785,1,6,212.0,0.0,2.802,0.1816
108,785,1,7,209.5,3.01,2.632,0.1918
108,785,1,8,219.5,6.91,2.802,0.1937
108,785,1,9,264.0,10.02,2.72,0.1934
108,785,1,10,276.0,12.13,2.818,0.1964
108,785,1,11,320.0,20.57,2.609,0.1979
108,785,1,12,352.0,17.84,2.566,0.1961
108,785,1,13,349.5,12.15,2.265,0.196
108,785,1,14,312.5,10.99,2.237,0.2001
108,785,1,15,319.5,12.64,2.137,0.2065
108,785,1,16,325.5,6.13,2.401,0.2104
108,785,1,17,308.0,0.68,3.171,0.2101
108,785,1,18,290.5,0.0,3.918,0.2108
108,785,1,19,246.5,0.0,3.113,0.2087
108,785,1,20,233.5,0.0,2.518,0.2025
108,785,1,21,226.5,0.0,2.157,0.1948
108,785,1,22,221.0,0.0,2.016,0.1754
108,785,1,23,209.5,0.0,1.898,0.1576
108,786,2,0,239.08,0.0,1.982,0.1424
108,786,2,1,262.16,0.0,1.724,0.1397
108,786,2,2,262.16,0.0,1.703,0.1366
108,786,2,3,262.16,0.0,1.722,0.1383
108,786,2,4,262.16,0.0,1.701,0.1437
108,786,2,5,262.16,0.0,1.839,0.1593
108,786,2,6,262.16,0.0,2.333,0.1904
108,786,2,7,262.16,5.11,2.231,0.2014
108,786,2,8,262.16,14.28,2.438,0.2081
108,786,2,9,262.16,23.35,2.74,0.2133
108,786,2,10,262.16,10.95,2.68,0.2098
108,786,2,11,262.16,19.81,2.53,0.2094
108,786,2,12,262.16,16.07,2.303,0.2077
108,786,2,13,262.16,19.59,1.997,0.2111
108,786,2,14,262.16,15.77,1.918,0.2133
108,786,2,15,262.16,5.68,1.838,0.2126
108,786,2,16,262.16,2.91,2.096,0.2116
108,786,2,17,262.16,0.55,2.947,0.2205
108,786,2,18,262.16,0.0,3.3,0.2224
108,786,2,19,262.16,0.0,2.511,0.2202
108,786,2,20,262.16,0.0,2.088,0.2145
108,786,2,21,262.16,0.0,1.842,0.2065
108,786,2,22,262.16,0.0,1.551,0.1895
108,786,2,23,262.16,0.0,1.543,0.1554
108,787,3,0,243.58,0.0,1.31,0.1296
108,787,3,1,238.58,0.0,1.238,0.1302
108,787,3,2,216.0,0.0,0.93,0.1294
108,787,3,3,211.0,0.0,0.922,0.1295
108,787,3,4,213.0,0.0,1.064,0.1275
108,787,3,5,206.5,0.0,1.314,0.132
108,787,3,6,224.0,0.0,1.97,0.1478
108,787,3,7,231.5,8.31,1.871,0.1612
108,787,3,8,238.0,14.07,1.983,0.1583
108,787,3,9,287.5,19.41,2.119,0.1582
108,787,3,10,306.5,28.18,2.273,0.1619
108,787,3,11,311.0,33.49,2.221,0.1593
108,787,3,12,314.5,27.5,2.156,0.1572
108,787,3,13,351.5,19.73,2.023,0.1607
108,787,3,14,321.5,12.12,1.956,0.1627
108,787,3,15,342.0,10.82,1.898,0.1682
108,787,3,16,320.5,4.76,2.125,0.1715
108,787,3,17,322.0,0.81,2.783,0.1759
108,787,3,18,285.5,0.0,3.188,0.1771
108,787,3,19,262.5,0.0,2.666,0.1735
108,787,3,20,243.5,0.0,2.029,0.172
108,787,3,21,231.0,0.0,1.967,0.1678
108,787,3,22,225.0,0.0,1.78,0.1472
108,787,3,23,225.0,0.0,1.505,0.1373
108,788,4,0,216.0,0.0,1.597,0.1298
108,788,4,1,224.5,0.0,1.514,0.1307
108,788,4,2,224.5,0.0,1.269,0.1268
108,788,4,3,221.0,0.0,1.249,0.1243
108,788,4,4,226.0,0.0,1.469,0.1261
108,788,4,5,222.0,0.0,1.711,0.1381
108,788,4,6,223.0,0.0,2.276,0.1602
108,788,4,7,226.5,12.59,2.438,0.1716
108,788,4,8,257.0,30.07,2.529,0.1743
108,788,4,9,264.0,47.84,2.694,0.1725
108,788,4,10,275.5,58.17,2.756,0.1721
108,788,4,11,344.0,65.04,2.752,0.1642
108,788,4,12,334.5,63.54,2.531,0.1655
108,788,4,13,294.0,71.39,2.362,0.1679
108,788,4,14,254.0,65.44,2.241,0.1712
108,788,4,15,276.0,46.54,2.217,0.1757
108,788,4,16,333.5,24.29,2.482,0.1783
108,788,4,17,284.0,3.3,3.255,0.1856
108,788,4,18,270.5,0.0,3.533,0.1917
108,788,4,19,237.5,0.0,2.905,0.1911
108,788,4,20,216.0,0.0,2.531,0.1885
108,788,4,21,232.0,0.0,2.4,0.1824
108,788,4,22,197.0,0.0,2.175,0.1665
108,788,4,23,197.5,0.0,2.004,0.159
108,789,5,0,205.5,0.0,2.137,0.1583
108,789,5,1,198.0,0.0,1.847,0.1514
108,789,5,2,200.0,0.0,1.666,0.1511
108,789,5,3,200.0,0.0,1.608,0.1483
108,789,5,4,200.5,0.0,1.667,0.1467
108,789,5,5,201.0,0.0,1.735,0.1523
108,789,5,6,208.0,0.54,1.731,0.1671
108,789,5,7,204.0,14.29,1.836,0.1667
108,789,5,8,206.5,36.64,2.149,0.1623
108,789,5,9,213.5,57.26,2.426,0.1596
108,789,5,10,237.0,74.03,2.469,0.1567
108,789,5,11,237.5,83.26,2.253,0.1568
108,789,5,12,220.5,85.15,1.943,0.1531
108,789,5,13,218.5,79.44,1.776,0.1482
108,789,5,14,224.0,65.87,1.773,0.1506
108,789,5,15,237.5,46.55,1.722,0.1536
108,789,5,16,250.5,23.67,2.087,0.1601
108,789,5,17,255.0,3.14,2.714,0.1725
108,789,5,18,227.5,0.0,3.058,0.175
108,789,5,19,217.0,0.0,2.732,0.1813
108,789,5,20,210.5,0.0,2.527,0.1798
108,789,5,21,225.5,0.0,2.068,0.1664
108,789,5,22,220.5,0.0,1.761,0.153
108,789,5,23,208.5,0.0,1.688,0.1431
108,790,6,0,206.0,0.0,1.595,0.1447
108,790,6,1,201.0,0.0,1.433,0.1394
108,790,6,2,200.0,0.0,1.208,0.1432
108,790,6,3,202.5,0.0,1.154,0.1363
108,790,6,4,201.5,0.0,1.172,0.1345
108,790,6,5,206.5,0.0,1.2,0.1378
108,790,6,6,201.0,0.54,0.982,0.1449
108,790,6,7,214.5,13.2,1.009,0.1493
108,790,6,8,217.0,35.02,1.346,0.1525
108,790,6,9,217.5,56.02,1.744,0.1502
108,790,6,10,233.5,73.04,1.784,0.1457
108,790,6,11,230.5,82.62,1.783,0.1475
108,790,6,12,209.0,83.9,1.6,0.146
108,790,6,13,212.5,78.07,1.381,0.1446
108,790,6,14,225.0,65.02,1.269,0.1484
108,790,6,15,224.5,45.67,1.266,0.1597
108,790,6,16,224.0,22.91,1.445,0.1658
108,790,6,17,226.0,3.1,2.14,0.1689
108,790,6,18,247.0,0.0,2.634,0.1726
108,790,6,19,221.0,0.0,2.137,0.1727
108,790,6,20,202.5,0.0,1.827,0.173
108,790,6,21,199.5,0.0,1.627,0.1692
108,790,6,22,201.0,0.0,1.433,0.156
108,790,6,23,197.0,0.0,1.291,0.1413
108,791,0,0,197.5,0.0,1.208,0.1418
108,791,0,1,196.5,0.0,1.127,0.1423
108,791,0,2,196.0,0.0,0.95,0.1391
108,791,0,3,198.0,0.0,0.893,0.1353
108,791,0,4,199.0,0.0,1.006,0.1353
108,791,0,5,203.0,0.0,1.257,0.1371
108,791,0,6,202.0,0.53,1.538,0.1514
108,791,0,7,203.0,7.39,1.732,0.1539
108,791,0,8,241.0,13.63,1.848,0.1592
108,791,0,9,273.0,16.27,2.077,0.1614
108,791,0,10,307.5,13.88,2.167,0.1676
108,791,0,11,345.5,37.82,2.103,0.1694
108,791,0,12,340.5,67.59,2.045,0.1635
108,791,0,13,336.5,64.52,1.95,0.1612
108,791,0,14,330.0,58.01,1.876,0.1588
108,791,0,15,340.0,41.17,1.928,0.1574
108,791,0,16,336.5,22.4,2.111,0.1625
108,791,0,17,318.0,3.34,2.522,0.1691
108,791,0,18,287.0,0.0,2.884,0.1716
108,791,0,19,255.5,0.0,2.629,0.1634
108,791,0,20,220.5,0.0,2.38,0.1605
108,791,0,21,200.5,0.0,1.958,0.1504
108,791,0,22,204.5,0.0,1.681,0.1356
108,791,0,23,198.5,0.0,1.443,0.1324
108,792,1,0,201.0,0.0,1.285,0.127
108,792,1,1,189.5,0.0,1.047,0.1311
108,792,1,2,187.5,0.0,0.963,0.1323
108,792,1,3,189.0,0.0,0.948,0.1312
108,792,1,4,183.5,0.0,1.055,0.1378
108,792,1,5,189.5,0.0,1.507,0.1507
108,792,1,6,202.0,0.77,2.119,0.1774
108,792,1,7,201.5,15.61,2.331,0.1897
108,792,1,8,208.0,38.59,2.475,0.1989
108,792,1,9,248.0,59.03,2.541,0.1909
108,792,1,10,272.0,74.09,2.569,0.1958
108,792,1,11,323.5,82.36,2.444,0.1855
108,792,1,12,292.0,82.91,2.398,0.1709
108,792,1,13,338.5,75.61,2.325,0.1683
108,792,1,14,323.0,62.05,2.255,0.1666
108,792,1,15,327.0,41.33,2.236,0.1666
108,792,1,16,302.5,20.41,2.377,0.1703
108,792,1,17,329.5,2.63,2.848,0.1758
108,792,1,18,267.0,0.0,3.234,0.1856
108,792,1,19,252.5,0.0,2.892,0.1791
108,792,1,20,242.0,0.0,2.375,0.1675
108,792,1,21,208.0,0.0,2.18,0.1557
108,792,1,22,197.5,0.0,1.81,0.1463
108,792,1,23,202.5,0.0,1.592,0.1374
108,793,2,0,198.0,0.0,1.371,0.1314
108,793,2,1,205.5,0.0,1.139,0.1224
108,793,2,2,210.0,0.0,1.037,0.1224
108,793,2,3,210.0,0.0,1.084,0.1229
108,793,2,4,213.5,0.0,1.17,0.1282
108,793,2,5,217.0,0.0,1.367,0.1391
108,793,2,6,218.0,0.53,1.96,0.1658
108,793,2,7,223.5,11.25,1.838,0.181
108,793,2,8,239.5,30.47,2.004,0.1728
108,793,2,9,251.0,49.52,2.029,0.1821
108,793,2,10,315.5,68.53,2.146,0.1759
108,793,2,11,318.5,76.75,2.115,0.1755
108,793,2,12,317.0,88.75,1.964,0.1703
108,793,2,13,329.5,82.5,1.873,0.1646
108,793,2,14,296.5,68.95,1.835,0.1692
108,793,2,15,286.0,49.43,1.815,0.1758
108,793,2,16,307.0,26.45,2.074,0.1796
108,793,2,17,315.5,4.35,2.477,0.1891
108,793,2,18,271.0,0.0,3.08,0.2019
108,793,2,19,236.0,0.0,2.648,0.2049
108,793,2,20,209.5,0.0,2.316,0.1974
108,793,2,21,195.5,0.0,2.032,0.1947
108,793,2,22,192.0,0.0,1.824,0.1811
108,793,2,23,194.0,0.0,1.696,0.1645
108,794,3,0,194.5,0.0,2.301,0.165
108,794,3,1,195.0,0.0,2.067,0.1621
108,794,3,2,200.5,0.0,1.884,0.154
108,794,3,3,206.0,0.0,1.879,0.1508
108,794,3,4,209.0,0.0,1.971,0.1542
108,794,3,5,211.5,0.0,2.324,0.1662
108,794,3,6,209.5,1.17,2.982,0.1926
108,794,3,7,213.5,17.27,3.027,0.1993
108,794,3,8,219.5,39.82,3.037,0.2008
108,794,3,9,250.0,60.41,2.99,0.1998
108,794,3,10,307.5,73.85,3.139,0.2079
108,794,3,11,300.0,77.86,2.962,0.2092
108,794,3,12,349.5,70.86,2.68,0.2031
108,794,3,13,337.0,53.76,2.538,0.2045
108,794,3,14,327.0,54.22,2.494,0.1988
108,794,3,15,326.0,35.89,2.479,0.1985
108,794,3,16,310.5,17.88,2.582,0.2045
108,794,3,17,297.0,2.42,3.195,0.2081
108,794,3,18,242.5,0.0,4.531,0.2137
108,794,3,19,230.5,0.0,3.858,0.2128
108,794,3,20,212.5,0.0,3.14,0.209
108,794,3,21,199.0,0.0,2.741,0.2095
108,794,3,22,204.5,0.0,2.395,0.1889
108,794,3,23,203.0,0.0,2.193,0.1782
108,795,4,0,195.0,0.0,2.579,0.168
108,795,4,1,190.0,0.0,2.433,0.1632
108,795,4,2,188.0,0.0,2.339,0.1631
108,795,4,3,196.5,0.0,2.34,0.1644
108,795,4,4,202.5,0.0,2.383,0.1687
108,795,4,5,204.0,0.0,2.738,0.177
108,795,4,6,206.0,0.61,3.531,0.1926
108,795,4,7,208.0,7.14,3.289,0.2054
108,795,4,8,218.0,16.94,3.688,0.2101
108,795,4,9,262.5,27.21,3.545,0.2091
108,795,4,10,304.0,37.67,3.605,0.2072
108,795,4,11,320.5,48.11,3.341,0.2082
108,795,4,12,307.5,50.73,2.893,0.2045
108,795,4,13,331.5,45.52,2.596,0.207
108,795,4,14,302.0,49.39,2.529,0.21
108,795,4,15,305.5,34.4,2.48,0.2052
108,795,4,16,302.5,18.86,2.626,0.1977
108,795,4,17,276.5,3.42,3.029,0.1992
108,795,4,18,255.0,0.0,4.053,0.2075
108,795,4,19,220.5,0.0,3.149,0.2067
108,795,4,20,222.0,0.0,2.939,0.205
108,795,4,21,198.0,0.0,2.777,0.2005
108,795,4,22,198.5,0.0,2.466,0.1815
108,795,4,23,212.0,0.0,2.362,0.1689
108,796,5,0,195.0,0.0,2.166,0.1605
108,796,5,1,197.0,0.0,2.294,0.1628
108,796,5,2,217.0,0.0,2.254,0.1603
108,796,5,3,199.0,0.0,2.099,0.1507
108,796,5,4,201.5,0.0,2.014,0.1454
108,796,5,5,217.0,0.0,2.193,0.1587
108,796,5,6,203.5,1.49,2.171,0.1773
108,796,5,7,197.0,18.93,2.165,0.1807
108,796,5,8,202.5,41.97,2.406,0.1821
108,796,5,9,226.0,62.65,2.863,0.195
108,796,5,10,205.0,75.87,2.84,0.203
108,796,5,11,219.0,61.79,2.633,0.1916
108,796,5,12,212.5,64.66,2.498,0.1849
108,796,5,13,215.0,65.63,2.188,0.1847
108,796,5,14,222.0,48.54,1.997,0.1818
108,796,5,15,214.0,31.01,2.014,0.1817
108,796,5,16,218.5,16.97,2.185,0.1869
108,796,5,17,218.0,3.12,2.902,0.1963
108,796,5,18,205.5,0.0,3.666,0.1989
108,796,5,19,189.5,0.0,3.103,0.2023
108,796,5,20,202.5,0.0,2.631,0.2014
108,796,5,21,190.5,0.0,2.445,0.1906
108,796,5,22,188.0,0.0,2.186,0.1759
108,796,5,23,206.5,0.0,2.086,0.1602
108,797,6,0,203.0,0.0,2.092,0.1552
108,797,6,1,188.5,0.0,1.953,0.1531
108,797,6,2,196.5,0.0,1.803,0.1535
108,797,6,3,195.5,0.0,1.803,0.1578
108,797,6,4,191.5,0.0,1.817,0.1588
108,797,6,5,195.5,0.0,1.802,0.1634
108,797,6,6,205.5,0.71,1.646,0.1802
108,797,6,7,192.5,7.27,1.504,0.1848
108,797,6,8,192.5,16.79,1.95,0.1786
108,797,6,9,218.0,26.7,2.355,0.1854
108,797,6,10,200.5,42.47,2.695,0.1878
108,797,6,11,213.0,66.69,2.61,0.1844
108,797,6,12,204.0,77.6,2.469,0.1812
108,797,6,13,218.5,75.39,2.289,0.1823
108,797,6,14,205.5,62.36,2.192,0.1739
108,797,6,15,217.5,43.06,2.157,0.181
108,797,6,16,213.0,22.61,2.402,0.1824
108,797,6,17,201.5,3.85,2.408,0.1904
108,797,6,18,209.0,0.0,3.141,0.2092
108,797,6,19,194.5,0.0,2.724,0.2016
108,797,6,20,195.0,0.0,2.3,0.1889
108,797,6,21,208.0,0.0,1.95,0.1863
108,797,6,22,193.0,0.0,1.884,0.1647
108,797,6,23,193.0,0.0,1.776,0.1654
108,798,0,0,198.5,0.0,1.885,0.1623
108,798,0,1,189.5,0.0,1.754,0.1625
108,798,0,2,191.5,0.0,1.518,0.1608
108,798,0,3,205.0,0.0,1.506,0.1633
108,798,0,4,194.0,0.0,1.611,0.1646
108,798,0,5,198.0,0.0,1.799,0.1769
108,798,0,6,209.5,1.2,2.306,0.1977
108,798,0,7,203.0,14.87,2.625,0.1984
108,798,0,8,218.0,38.01,2.632,0.1897
108,798,0,9,288.5,61.31,2.601,0.1892
108,798,0,10,300.0,75.45,2.67,0.1861
108,798,0,11,320.0,82.24,2.44,0.1893
108,798,0,12,304.0,87.95,2.045,0.1892
108,798,0,13,350.0,81.35,1.88,0.1834
108,798,0,14,314.0,68.4,1.801,0.186
108,798,0,15,315.0,48.58,1.719,0.1898
108,798,0,16,344.5,25.27,1.977,0.1959
108,798,0,17,298.5,4.39,2.881,0.1966
108,798,0,18,255.5,0.0,3.417,0.1979
108,798,0,19,239.0,0.0,2.834,0.1997
108,798,0,20,224.5,0.0,2.371,0.1973
108,798,0,21,222.0,0.0,2.041,0.196
108,798,0,22,210.5,0.0,1.717,0.1771
108,798,0,23,216.5,0.0,1.587,0.1556
108,799,1,0,219.68,0.0,1.553,0.1567
108,799,1,1,206.0,0.0,1.336,0.1534
108,799,1,2,215.5,0.0,1.221,0.1528
108,799,1,3,207.0,0.0,1.215,0.1532
108,799,1,4,208.5,0.0,1.338,0.1497
108,799,1,5,220.5,0.0,1.514,0.1585
108,799,1,6,210.0,1.29,2.048,0.1784
108,799,1,7,211.0,13.91,2.202,0.1954
108,799,1,8,224.5,30.95,2.188,0.203
108,799,1,9,286.0,49.63,2.265,0.2013
108,799,1,10,324.5,60.25,2.351,0.1979
108,799,1,11,317.5,71.08,2.272,0.1894
108,799,1,12,235.5,76.46,2.071,0.1801
108,799,1,13,231.36,70.91,1.943,0.1813
108,799,1,14,231.36,57.52,1.843,0.1798
108,799,1,15,231.36,37.63,1.913,0.182
108,799,1,16,231.36,20.48,2.082,0.1836
108,799,1,17,231.36,3.77,2.6,0.1918
108,799,1,18,231.36,0.0,3.538,0.198
108,799,1,19,231.36,0.0,2.625,0.1929
108,799,1,20,231.36,0.0,2.12,0.1981
108,799,1,21,231.36,0.0,1.954,0.1868
108,799,1,22,231.36,0.0,1.537,0.1595
108,799,1,23,231.36,0.0,1.433,0.1627
108,800,2,0,231.36,0.0,1.3,0.162
108,800,2,1,231.36,0.0,0.993,0.1378
108,800,2,2,231.36,0.0,0.924,0.1355
108,800,2,3,231.36,0.0,0.922,0.137
108,800,2,4,231.36,0.0,0.972,0.1392
108,800,2,5,231.36,0.0,1.471,0.1499
108,800,2,6,231.36,1.93,1.959,0.1687
108,800,2,7,231.36,19.8,2.147,0.1687
108,800,2,8,231.36,42.94,2.026,0.1653
108,800,2,9,231.36,64.32,2.185,0.1675
108,800,2,10,231.36,78.8,2.233,0.1674
108,800,2,11,231.36,88.9,2.251,0.1705
108,800,2,12,231.36,89.07,2.23,0.1772
108,800,2,13,231.36,81.31,2.105,0.1769
108,800,2,14,231.36,65.36,1.869,0.1784
108,800,2,15,231.36,43.51,1.998,0.181
108,800,2,16,231.36,24.01,2.221,0.1793
108,800,2,17,231.36,4.54,2.611,0.1783
108,800,2,18,231.36,0.0,3.76,0.186
108,800,2,19,231.36,0.0,2.835,0.1816
108,800,2,20,231.36,0.0,2.225,0.1818
108,800,2,21,231.36,0.0,1.772,0.1731
108,800,2,22,231.36,0.0,1.553,0.1578
108,800,2,23,231.36,0.0,1.369,0.1569
108,801,3,0,231.36,0.0,1.177,0.1423
108,801,3,1,231.36,0.0,1.118,0.14
108,801,3,2,231.36,0.0,0.906,0.1398
108,801,3,3,231.36,0.0,0.93,0.1384
108,801,3,4,231.36,0.0,0.975,0.1382
108,801,3,5,231.36,0.0,1.26,0.1438
108,801,3,6,231.36,1.42,1.767,0.1644
108,801,3,7,231.36,13.66,1.881,0.1656
108,801,3,8,231.36,29.32,1.867,0.1715
108,801,3,9,231.36,46.16,1.991,0.1761
108,801,3,10,231.36,54.37,2.181,0.1803
108,801,3,11,231.36,52.29,2.133,0.1838
108,801,3,12,231.36,57.02,2.129,0.1831
108,801,3,13,231.36,49.67,2.022,0.1799
108,801,3,14,231.36,40.84,1.968,0.1815
108,801,3,15,231.36,33.14,2.051,0.1835
108,801,3,16,231.36,15.61,2.289,0.1844
108,801,3,17,231.36,3.45,2.448,0.1964
108,801,3,18,231.36,0.0,3.189,0.1955
108,801,3,19,231.36,0.0,2.592,0.1932
108,801,3,20,231.36,0.0,2.035,0.184
108,801,3,21,231.36,0.0,1.804,0.1778
108,801,3,22,231.36,0.0,1.534,0.1567
108,801,3,23,231.36,0.0,1.378,0.15
108,802,4,0,231.36,0.0,1.022,0.1471
108,802,4,1,231.36,0.0,0.904,0.1479
108,802,4,2,231.36,0.0,0.804,0.1458
108,802,4,3,231.36,0.0,0.755,0.1459
108,802,4,4,231.36,0.0,0.843,0.1438
108,802,4,5,231.36,0.0,0.939,0.1477
108,802,4,6,231.36,1.29,1.711,0.151
108,802,4,7,231.36,12.37,1.723,0.1622
108,802,4,8,231.36,30.25,1.691,0.1779
108,802,4,9,231.36,46.92,1.795,0.1806
108,802,4,10,231.36,63.71,1.915,0.1857
108,802,4,11,231.36,73.93,1.858,0.189
108,802,4,12,231.36,70.57,1.845,0.1848
108,802,4,13,231.36,76.55,1.728,0.1821
108,802,4,14,231.36,70.82,1.589,0.1821
108,802,4,15,231.36,49.58,1.64,0.1844
108,802,4,16,231.36,27.67,1.726,0.1872
108,802,4,17,231.36,5.81,2.079,0.1883
108,802,4,18,231.36,0.0,2.812,0.1805
108,802,4,19,231.36,0.0,2.337,0.1803
108,802,4,20,231.36,0.0,1.905,0.1747
108,802,4,21,231.36,0.0,1.583,0.1659
108,802,4,22,231.36,0.0,1.322,0.1482
108,802,4,23,231.36,0.0,1.277,0.142
108,803,5,0,231.36,0.0,1.27,0.1406
108,803,5,1,231.36,0.0,1.256,0.139
108,803,5,2,231.36,0.0,1.037,0.1283
108,803,5,3,231.36,0.0,0.918,0.1325
108,803,5,4,231.36,0.0,1.003,0.1341
108,803,5,5,231.36,0.0,1.088,0.1354
108,803,5,6,231.36,2.89,1.106,0.1412
108,803,5,7,231.36,23.02,1.18,0.1565
108,803,5,8,231.36,46.04,1.694,0.1498
108,803,5,9,231.36,66.74,1.78,0.1439
108,803,5,10,231.36,80.01,1.799,0.1384
108,803,5,11,231.36,89.59,1.856,0.1365
108,803,5,12,231.36,87.93,1.815,0.1364
108,803,5,13,231.36,74.01,1.512,0.1389
108,803,5,14,231.36,38.1,1.263,0.1387
108,803,5,15,231.36,26.44,1.317,0.1414
108,803,5,16,231.36,15.82,1.548,0.1459
108,803,5,17,231.36,3.67,1.989,0.1548
108,803,5,18,231.36,0.0,2.836,0.1601
108,803,5,19,231.36,0.0,2.471,0.1526
108,803,5,20,231.36,0.0,2.192,0.1437
108,803,5,21,231.36,0.0,1.854,0.1384
108,803,5,22,231.36,0.0,1.402,0.1332
108,803,5,23,231.36,0.0,1.1,0.1418
108,804,6,0,231.36,0.0,1.364,0.1451
108,804,6,1,231.36,0.0,0.906,0.1526
108,804,6,2,231.36,0.0,0.906,0.1526
108,804,6,3,231.36,0.0,0.789,0.1583
108,804,6,4,231.36,0.0,0.719,0.1479
108,804,6,5,231.36,0.0,0.73,0.1401
108,804,6,6,231.36,1.56,0.744,0.1342
108,804,6,7,231.36,7.81,1.044,0.1288
108,804,6,8,231.36,16.98,1.282,0.1378
108,804,6,9,231.36,28.38,1.693,0.1555
108,804,6,10,231.36,31.54,1.779,0.151
108,804,6,11,231.36,28.43,1.796,0.1324
108,804,6,12,231.36,23.22,1.856,0.1312
108,804,6,13,231.36,24.95,1.724,0.1301
108,804,6,14,231.36,17.73,1.512,0.1393
108,804,6,15,231.36,11.93,1.35,0.142
108,804,6,16,231.36,6.73,1.41,0.1442
108,804,6,17,231.36,1.59,1.809,0.1448
108,804,6,18,231.36,0.0,2.454,0.149
108,804,6,19,231.36,0.0,3.235,0.1565
108,804,6,20,231.36,0.0,2.53,0.1539
108,804,6,21,231.36,0.0,2.194,0.1437
108,804,6,22,231.36,0.0,1.659,0.1415
108,804,6,23,231.36,0.0,1.452,0.1462
108,805,0,0,231.36,0.0,1.557,0.1392
108,805,0,1,231.36,0.0,1.394,0.1366
108,805,0,2,231.36,0.0,1.253,0.1349
108,805,0,3,231.36,0.0,1.163,0.1414
108,805,0,4,231.36,0.0,1.408,0.1466
108,805,0,5,231.36,0.0,1.625,0.1589
108,805,0,6,231.36,0.61,2.122,0.1677
108,805,0,7,231.36,3.55,2.636,0.1737
108,805,0,8,231.36,8.65,2.577,0.1789
108,805,0,9,231.36,13.24,2.721,0.1767
108,805,0,10,231.36,16.59,2.965,0.1773
108,805,0,11,231.36,14.21,2.959,0.1823
108,805,0,12,231.36,11.87,2.936,0.1823
108,805,0,13,231.36,10.39,2.739,0.1881
108,805,0,14,231.36,7.46,2.564,0.1857
108,805,0,15,231.36,6.59,2.559,0.178
108,805,0,16,231.36,4.67,2.637,0.1808
108,805,0,17,231.36,1.2,2.816,0.1819
108,805,0,18,231.36,0.0,3.358,0.1976
108,805,0,19,231.36,0.0,3.873,0.2001
108,805,0,20,231.36,0.0,2.847,0.1903
108,805,0,21,231.36,0.0,2.459,0.1757
108,805,0,22,231.36,0.0,1.898,0.1607
108,805,0,23,231.36,0.0,1.684,0.1536
108,806,1,0,231.36,0.0,1.322,0.1524
108,806,1,1,231.36,0.0,1.106,0.1489
108,806,1,2,231.36,0.0,0.959,0.1495
108,806,1,3,231.36,0.0,0.941,0.1491
108,806,1,4,231.36,0.0,1.029,0.1548
108,806,1,5,231.36,0.0,1.123,0.1588
108,806,1,6,231.36,1.84,2.12,0.1696
108,806,1,7,231.36,9.8,2.302,0.1833
108,806,1,8,231.36,19.29,2.135,0.1847
108,806,1,9,231.36,28.3,2.387,0.1833
108,806,1,10,231.36,35.7,2.467,0.1914
108,806,1,11,231.36,30.49,2.361,0.1885
108,806,1,12,231.36,32.16,2.167,0.1888
108,806,1,13,231.36,32.96,2.044,0.1846
108,806,1,14,231.36,31.96,1.978,0.1867
108,806,1,15,231.36,28.9,1.983,0.1849
108,806,1,16,231.36,16.38,2.028,0.1837
108,806,1,17,231.36,4.53,2.129,0.1901
108,806,1,18,231.36,0.0,2.421,0.1924
108,806,1,19,231.36,0.0,3.011,0.1941
108,806,1,20,231.36,0.0,2.492,0.1905
108,806,1,21,231.36,0.0,1.968,0.1792
108,806,1,22,231.36,0.0,1.607,0.1676
108,806,1,23,231.36,0.0,1.509,0.1562
108,807,2,0,231.36,0.0,1.459,0.1393
108,807,2,1,231.36,0.0,1.412,0.1379
108,807,2,2,231.36,0.0,1.089,0.1377
108,807,2,3,231.36,0.0,0.963,0.1342
108,807,2,4,231.36,0.0,1.007,0.1298
108,807,2,5,231.36,0.0,1.344,0.1285
108,807,2,6,231.36,3.06,2.0,0.1516
108,807,2,7,231.36,18.84,2.287,0.1641
108,807,2,8,231.36,35.83,2.14,0.1712
108,807,2,9,231.36,53.19,2.206,0.173
108,807,2,10,231.36,62.69,2.253,0.1689
108,807,2,11,231.36,73.43,2.179,0.1693
108,807,2,12,231.36,77.91,2.148,0.1727
108,807,2,13,231.36,59.88,1.988,0.1683
108,807,2,14,231.36,52.0,1.958,0.1689
108,807,2,15,231.36,34.23,1.879,0.169
108,807,2,16,231.36,19.56,1.992,0.1744
108,807,2,17,231.36,4.61,2.265,0.183
108,807,2,18,231.36,0.0,2.538,0.1837
108,807,2,19,231.36,0.0,3.016,0.1936
108,807,2,20,231.36,0.0,2.578,0.1879
108,807,2,21,231.36,0.0,2.043,0.1714
108,807,2,22,231.36,0.0,1.538,0.1496
108,807,2,23,231.36,0.0,1.501,0.1396
108,808,3,0,231.36,0.0,1.685,0.1497
108,808,3,1,231.36,0.0,1.285,0.1552
108,808,3,2,231.36,0.0,1.218,0.157
108,808,3,3,231.36,0.0,1.116,0.1512
108,808,3,4,231.36,0.0,1.22,0.1436
108,808,3,5,231.36,0.0,1.367,0.1492
108,808,3,6,231.36,3.37,2.153,0.1573
108,808,3,7,231.36,22.72,2.453,0.1773
108,808,3,8,231.36,45.81,2.23,0.1896
108,808,3,9,231.36,70.45,2.317,0.1799
108,808,3,10,231.36,81.14,2.342,0.1763
108,808,3,11,231.36,59.93,2.326,0.1721
108,808,3,12,231.36,58.34,2.25,0.1765
108,808,3,13,231.36,63.42,2.177,0.1716
108,808,3,14,231.36,57.3,2.06,0.1726
108,808,3,15,231.36,38.58,2.068,0.1754
108,808,3,16,231.36,21.82,2.144,0.1756
108,808,3,17,231.36,5.63,2.334,0.1809
108,808,3,18,231.36,0.0,2.634,0.1802
108,808,3,19,231.36,0.0,3.098,0.1893
108,808,3,20,231.36,0.0,2.494,0.1865
108,808,3,21,231.36,0.0,2.11,0.1708
108,808,3,22,231.36,0.0,1.72,0.1521
108,808,3,23,231.36,0.0,1.572,0.141
108,809,4,0,231.36,0.0,1.66,0.1415
108,809,4,1,231.36,0.0,1.29,0.1472
108,809,4,2,231.36,0.0,1.166,0.1389
108,809,4,3,231.36,0.0,1.148,0.138
108,809,4,4,231.36,0.0,1.172,0.1386
108,809,4,5,231.36,0.0,1.483,0.1524
108,809,4,6,231.36,5.31,2.046,0.1664
108,809,4,7,231.36,28.11,2.444,0.1839
108,809,4,8,231.36,51.68,2.483,0.1863
108,809,4,9,231.36,72.09,2.487,0.1836
108,809,4,10,231.36,86.4,2.547,0.1841
108,809,4,11,231.36,88.5,2.495,0.1854
108,809,4,12,231.36,57.07,2.405,0.1851
108,809,4,13,231.36,53.45,2.335,0.1829
108,809,4,14,231.36,50.19,2.257,0.1715
108,809,4,15,231.36,35.45,2.237,0.1647
108,809,4,16,231.36,22.01,2.251,0.175
108,809,4,17,231.36,6.76,2.436,0.1778
108,809,4,18,231.36,0.0,2.677,0.1777
108,809,4,19,231.36,0.0,3.218,0.1825
108,809,4,20,231.36,0.0,2.645,0.1759
108,809,4,21,231.36,0.0,2.251,0.1712
108,809,4,22,231.36,0.0,1.95,0.1581
108,809,4,23,231.36,0.0,1.79,0.1526
108,810,5,0,231.36,0.0,1.91,0.1507
108,810,5,1,231.36,0.0,1.793,0.1527
108,810,5,2,231.36,0.0,1.535,0.1489
108,810,5,3,231.36,0.0,1.445,0.1456
108,810,5,4,231.36,0.0,1.485,0.1424
108,810,5,5,231.36,0.0,1.6,0.1446
108,810,5,6,231.36,3.57,1.999,0.1493
108,810,5,7,231.36,17.51,2.143,0.15
108,810,5,8,231.36,30.27,2.37,0.1556
108,810,5,9,231.36,42.65,2.557,0.1643
108,810,5,10,231.36,61.31,2.721,0.1628
108,810,5,11,231.36,53.47,2.636,0.1644
108,810,5,12,231.36,48.27,2.2,0.1634
108,810,5,13,231.36,30.77,1.956,0.162
108,810,5,14,231.36,30.96,1.874,0.1572
108,810,5,15,231.36,21.24,1.85,0.1587
108,810,5,16,231.36,11.21,1.952,0.1566
108,810,5,17,231.36,3.27,2.232,0.1595
108,810,5,18,231.36,0.0,2.712,0.1727
108,810,5,19,231.36,0.0,2.993,0.1774
108,810,5,20,231.36,0.0,2.86,0.1708
108,810,5,21,231.36,0.0,2.519,0.1648
108,810,5,22,231.36,0.0,2.075,0.16
108,810,5,23,231.36,0.0,1.859,0.1479
108,811,6,0,231.36,0.0,2.506,0.152
108,811,6,1,231.36,0.0,2.291,0.1508
108,811,6,2,231.36,0.0,2.047,0.1521
108,811,6,3,231.36,0.0,1.897,0.155
108,811,6,4,231.36,0.0,1.871,0.1552
108,811,6,5,231.36,0.0,1.989,0.159
108,811,6,6,231.36,3.22,2.26,0.1623
108,811,6,7,231.36,11.43,2.124,0.1567
108,811,6,8,231.36,17.97,2.319,0.1623
108,811,6,9,231.36,23.75,2.697,0.1652
108,811,6,10,231.36,30.2,2.762,0.1617
108,811,6,11,231.36,50.76,2.743,0.1608
108,811,6,12,231.36,55.54,2.71,0.1617
108,811,6,13,231.36,59.56,2.458,0.1627
108,811,6,14,231.36,39.04,2.333,0.1653
108,811,6,15,231.36,28.22,2.312,0.166
108,811,6,16,231.36,16.97,2.51,0.1682
108,811,6,17,231.36,4.14,2.942,0.1729
108,811,6,18,231.36,0.0,3.612,0.1794
108,811,6,19,231.36,0.0,3.885,0.1885
108,811,6,20,231.36,0.0,3.681,0.1937
108,811,6,21,231.36,0.0,2.943,0.1812
108,811,6,22,231.36,0.0,2.498,0.1661
108,811,6,23,231.36,0.0,2.343,0.1558
108,812,0,0,231.36,0.0,2.208,0.1576
108,812,0,1,231.36,0.0,1.907,0.1562
108,812,0,2,231.36,0.0,1.77,0.1562
108,812,0,3,231.36,0.0,1.733,0.1558
108,812,0,4,231.36,0.0,1.839,0.1547
108,812,0,5,231.36,0.0,2.066,0.161
108,812,0,6,231.36,4.74,3.511,0.1872
108,812,0,7,231.36,24.26,3.636,0.187
108,812,0,8,231.36,48.25,3.703,0.203
108,812,0,9,231.36,70.74,3.815,0.2024
108,812,0,10,231.36,88.98,3.761,0.1971
108,812,0,11,231.36,91.02,3.725,0.1934
108,812,0,12,231.36,91.97,3.639,0.1865
108,812,0,13,231.36,84.17,3.581,0.1832
108,812,0,14,231.36,60.25,3.476,0.174
108,812,0,15,231.36,45.51,3.482,0.1717
108,812,0,16,231.36,28.57,3.516,0.171
108,812,0,17,231.36,9.15,3.629,0.1756
108,812,0,18,231.36,0.0,3.84,0.1838
108,812,0,19,231.36,0.0,4.83,0.1909
108,812,0,20,231.36,0.0,3.846,0.1934
108,812,0,21,231.36,0.0,3.572,0.186
108,812,0,22,231.36,0.0,2.655,0.1784
108,812,0,23,231.36,0.0,2.208,0.1712
108,813,1,0,231.36,0.0,1.92,0.1603
108,813,1,1,231.36,0.0,1.682,0.1563
108,813,1,2,231.36,0.0,1.486,0.1577
108,813,1,3,231.36,0.0,1.504,0.1584
108,813,1,4,231.36,0.0,1.581,0.1579
108,813,1,5,231.36,0.0,1.902,0.1666
108,813,1,6,231.36,6.38,3.276,0.1868
108,813,1,7,231.36,28.39,3.38,0.1963
108,813,1,8,231.36,51.65,3.426,0.2041
108,813,1,9,231.36,72.37,3.47,0.1991
108,813,1,10,231.36,86.85,3.056,0.1964
108,813,1,11,231.36,97.13,2.783,0.1959
108,813,1,12,231.36,96.42,2.705,0.1882
108,813,1,13,231.36,88.4,2.542,0.1802
108,813,1,14,231.36,74.59,2.449,0.1679
108,813,1,15,231.36,53.6,2.484,0.1679
108,813,1,16,231.36,30.38,2.555,0.1757
108,813,1,17,231.36,8.45,2.899,0.1839
108,813,1,18,231.36,0.0,3.128,0.1862
108,813,1,19,231.36,0.0,3.748,0.1812
108,813,1,20,231.36,0.0,3.129,0.1885
108,813,1,21,231.36,0.0,2.597,0.1811
108,813,1,22,231.36,0.0,1.849,0.1685
108,813,1,23,231.36,0.0,1.587,0.1633
108,814,2,0,231.36,0.0,1.75,0.1623
108,814,2,1,231.36,0.0,1.52,0.1621
108,814,2,2,231.36,0.0,1.463,0.1395
108,814,2,3,231.36,0.0,1.4,0.1393
108,814,2,4,231.36,0.0,1.487,0.1389
108,814,2,5,231.36,0.0,1.476,0.1533
108,814,2,6,231.36,3.85,2.004,0.1779
108,814,2,7,231.36,16.2,2.12,0.1943
108,814,2,8,231.36,30.39,2.143,0.2047
108,814,2,9,231.36,43.73,2.314,0.2024
108,814,2,10,231.36,57.89,2.125,0.2078
108,814,2,11,231.36,60.73,2.047,0.2083
108,814,2,12,231.36,79.85,2.0,0.2022
108,814,2,13,231.36,70.22,1.85,0.1994
108,814,2,14,231.36,66.48,1.826,0.1912
108,814,2,15,231.36,47.41,1.844,0.1888
108,814,2,16,231.36,27.99,1.84,0.1908
108,814,2,17,231.36,7.74,2.118,0.1829
108,814,2,18,231.36,0.0,2.432,0.1791
108,814,2,19,231.36,0.0,2.572,0.1866
108,814,2,20,231.36,0.0,2.319,0.1933
108,814,2,21,231.36,0.0,2.111,0.1847
108,814,2,22,231.36,0.0,1.6,0.1755
108,814,2,23,231.36,0.0,1.361,0.1612
108,815,3,0,231.36,0.0,0.992,0.1532
108,815,3,1,231.36,0.0,0.945,0.1549
108,815,3,2,231.36,0.0,0.739,0.1549
108,815,3,3,231.36,0.0,0.802,0.154
108,815,3,4,231.36,0.0,0.825,0.1586
108,815,3,5,231.36,0.0,1.012,0.1566
108,815,3,6,231.36,4.63,1.714,0.1745
108,815,3,7,231.36,20.85,2.081,0.1942
108,815,3,8,231.36,38.62,2.396,0.1948
108,815,3,9,231.36,58.01,2.404,0.1928
108,815,3,10,231.36,68.44,2.24,0.185
108,815,3,11,231.36,76.13,2.153,0.1798
108,815,3,12,231.36,83.88,2.106,0.1777
108,815,3,13,231.36,71.68,1.878,0.1791
108,815,3,14,231.36,50.27,1.873,0.1755
108,815,3,15,231.36,34.2,1.851,0.1762
108,815,3,16,231.36,19.13,2.001,0.1794
108,815,3,17,231.36,5.67,2.329,0.1871
108,815,3,18,231.36,0.0,2.552,0.1873
108,815,3,19,231.36,0.0,2.738,0.1892
108,815,3,20,231.36,0.0,2.515,0.1823
108,815,3,21,231.36,0.0,2.046,0.1736
108,815,3,22,231.36,0.0,1.618,0.1645
108,815,3,23,231.36,0.0,1.368,0.1601
108,816,4,0,231.36,0.0,1.289,0.161
108,816,4,1,231.36,0.0,1.132,0.1566
108,816,4,2,231.36,0.0,1.045,0.1512
108,816,4,3,231.36,0.0,0.916,0.1482
108,816,4,4,231.36,0.0,1.017,0.1516
108,816,4,5,231.36,0.0,1.248,0.1539
108,816,4,6,231.36,3.38,1.759,0.1672
108,816,4,7,231.36,14.51,2.001,0.174
108,816,4,8,231.36,23.22,2.103,0.181
108,816,4,9,231.36,24.17,2.161,0.1829
108,816,4,10,231.36,33.52,2.292,0.1888
108,816,4,11,231.36,53.24,2.281,0.1914
108,816,4,12,231.36,56.2,2.126,0.1921
108,816,4,13,231.36,48.29,2.104,0.1921
108,816,4,14,231.36,40.64,1.922,0.1809
108,816,4,15,231.36,29.4,1.93,0.1698
108,816,4,16,231.36,19.92,2.0,0.1672
108,816,4,17,231.36,7.84,2.124,0.1702
108,816,4,18,231.36,0.0,2.214,0.1793
108,816,4,19,231.36,0.0,2.417,0.1815
108,816,4,20,231.36,0.0,2.219,0.1763
108,816,4,21,231.36,0.0,1.857,0.1789
108,816,4,22,231.36,0.0,1.541,0.1643
108,816,4,23,231.36,0.0,1.333,0.1498
108,817,5,0,231.36,0.0,1.448,0.1398
108,817,5,1,231.36,0.0,1.378,0.1356
108,817,5,2,231.36,0.0,1.18,0.1376
108,817,5,3,231.36,0.0,0.969,0.1398
108,817,5,4,231.36,0.0,1.017,0.1389
108,817,5,5,231.36,0.0,0.974,0.1456
108,817,5,6,231.36,9.1,1.169,0.1504
108,817,5,7,231.36,32.23,1.501,0.155
108,817,5,8,231.36,56.31,1.613,0.1712
108,817,5,9,231.36,77.22,1.863,0.1739
108,817,5,10,231.36,92.83,1.857,0.1787
108,817,5,11,231.36,100.84,1.828,0.1753
108,817,5,12,231.36,101.15,1.623,0.175
108,817,5,13,231.36,92.26,1.508,0.1733
108,817,5,14,231.36,77.23,1.346,0.1661
108,817,5,15,231.36,56.06,1.24,0.1659
108,817,5,16,231.36,33.62,1.397,0.1635
108,817,5,17,231.36,10.94,1.611,0.1628
108,817,5,18,231.36,0.0,1.915,0.1694
108,817,5,19,231.36,0.0,2.079,0.1821
108,817,5,20,231.36,0.0,1.983,0.189
108,817,5,21,231.36,0.0,1.781,0.1812
108,817,5,22,231.36,0.0,1.466,0.1625
108,817,5,23,231.36,0.0,1.318,0.1524
108,818,6,0,231.36,0.0,1.783,0.1619
108,818,6,1,231.36,0.0,1.542,0.1516
108,818,6,2,231.36,0.0,1.38,0.1458
108,818,6,3,231.36,0.0,1.261,0.1503
108,818,6,4,231.36,0.0,1.251,0.1491
108,818,6,5,231.36,0.0,1.118,0.1514
108,818,6,6,231.36,4.43,1.324,0.1505
108,818,6,7,231.36,14.53,1.442,0.1556
108,818,6,8,231.36,25.09,1.497,0.1655
108,818,6,9,231.36,33.41,1.778,0.1751
108,818,6,10,231.36,56.18,1.761,0.1824
108,818,6,11,231.36,68.95,1.724,0.1833
108,818,6,12,231.36,75.6,1.792,0.1746
108,818,6,13,231.36,71.57,1.543,0.172
108,818,6,14,231.36,49.02,1.359,0.1715
108,818,6,15,231.36,32.79,1.373,0.1719
108,818,6,16,231.36,17.94,1.498,0.1743
108,818,6,17,231.36,6.06,1.689,0.1719
108,818,6,18,231.36,0.0,1.984,0.1758
108,818,6,19,231.36,0.0,2.407,0.1868
108,818,6,20,231.36,0.0,2.34,0.191
108,818,6,21,231.36,0.0,1.979,0.1839
108,818,6,22,231.36,0.0,1.634,0.1644
108,818,6,23,231.36,0.0,1.476,0.1582
108,819,0,0,231.36,0.0,1.387,0.1456
108,819,0,1,231.36,0.0,1.249,0.1449
108,819,0,2,231.36,0.0,1.096,0.1524
108,819,0,3,231.36,0.0,1.103,0.1502
108,819,0,4,231.36,0.0,1.086,0.1504
108,819,0,5,231.36,0.0,1.233,0.1517
108,819,0,6,231.36,2.61,1.759,0.163
108,819,0,7,231.36,8.36,1.982,0.1653
108,819,0,8,231.36,14.35,2.072,0.1703
108,819,0,9,231.36,19.91,2.363,0.1779
108,819,0,10,231.36,26.54,2.403,0.2022
108,819,0,11,231.36,36.84,2.381,0.1981
108,819,0,12,231.36,52.22,2.357,0.2167
108,819,0,13,231.36,77.65,2.213,0.215
108,819,0,14,231.36,64.79,2.127,0.2165
108,819,0,15,231.36,46.44,2.071,0.2005
108,819,0,16,231.36,26.45,2.206,0.1951
108,819,0,17,231.36,8.71,2.299,0.1814
108,819,0,18,231.36,0.0,2.41,0.1868
108,819,0,19,231.36,0.0,2.8,0.193
108,819,0,20,231.36,0.0,2.541,0.186
108,819,0,21,231.36,0.0,2.128,0.1754
108,819,0,22,231.36,0.0,1.909,0.1606
108,819,0,23,231.36,0.0,1.546,0.1522
108,820,1,0,231.36,0.0,1.337,0.1482
108,820,1,1,231.36,0.0,1.047,0.1476
108,820,1,2,231.36,0.0,1.0,0.1527
108,820,1,3,231.36,0.0,0.987,0.1512
108,820,1,4,231.36,0.0,0.95,0.1491
108,820,1,5,231.36,0.0,1.206,0.1527
108,820,1,6,231.36,12.42,1.978,0.1671
108,820,1,7,231.36,37.54,2.365,0.1814
108,820,1,8,231.36,62.15,2.408,0.181
108,820,1,9,231.36,82.87,2.456,0.1834
108,820,1,10,231.36,97.86,2.525,0.1945
108,820,1,11,231.36,105.74,2.504,0.1977
108,820,1,12,231.36,106.13,2.454,0.1928
108,820,1,13,231.36,98.95,2.317,0.1916
108,820,1,14,231.36,84.8,2.151,0.1798
108,820,1,15,231.36,64.71,2.183,0.18
108,820,1,16,231.36,40.49,1.974,0.1783
108,820,1,17,231.36,15.75,1.989,0.1806
108,820,1,18,231.36,0.0,2.171,0.1784
108,820,1,19,231.36,0.0,2.519,0.1868
108,820,1,20,231.36,0.0,2.305,0.193
108,820,1,21,231.36,0.0,2.001,0.1895
108,820,1,22,231.36,0.0,1.74,0.1816
108,820,1,23,231.36,0.0,1.477,0.1648
108,821,2,0,231.36,0.0,1.507,0.1606
108,821,2,1,231.36,0.0,1.167,0.1526
108,821,2,2,231.36,0.0,0.986,0.1569
108,821,2,3,231.36,0.0,1.059,0.1629
108,821,2,4,231.36,0.0,1.272,0.1582
108,821,2,5,231.36,0.0,1.654,0.1668
108,821,2,6,231.36,13.26,2.305,0.1825
108,821,2,7,231.36,37.89,2.618,0.1871
108,821,2,8,231.36,62.69,2.582,0.189
108,821,2,9,231.36,83.21,2.642,0.1881
108,821,2,10,231.36,97.73,2.545,0.1952
108,821,2,11,231.36,105.29,2.501,0.1888
108,821,2,12,231.36,104.48,2.209,0.1822
108,821,2,13,231.36,94.69,2.15,0.1786
108,821,2,14,231.36,77.4,2.026,0.1856
108,821,2,15,231.36,57.71,1.968,0.1785
108,821,2,16,231.36,32.18,2.095,0.1834
108,821,2,17,231.36,11.82,2.4,0.1871
108,821,2,18,231.36,0.0,2.5,0.1841
108,821,2,19,231.36,0.0,2.963,0.1925
108,821,2,20,231.36,0.0,2.752,0.1849
108,821,2,21,231.36,0.0,2.297,0.1733
108,821,2,22,231.36,0.0,1.755,0.1604
108,821,2,23,231.36,0.0,1.64,0.148
108,822,3,0,231.36,0.0,1.651,0.1362
108,822,3,1,231.36,0.0,1.514,0.1271
108,822,3,2,231.36,0.0,1.358,0.128
108,822,3,3,231.36,0.0,1.327,0.1284
108,822,3,4,231.36,0.0,1.496,0.1324
108,822,3,5,231.36,0.0,1.688,0.1401
108,822,3,6,231.36,9.38,2.268,0.1505
108,822,3,7,231.36,25.43,2.602,0.1633
108,822,3,8,231.36,43.21,2.581,0.1715
108,822,3,9,231.36,64.31,2.766,0.167
108,822,3,10,231.36,61.16,2.794,0.1702
108,822,3,11,231.36,65.5,2.849,0.1657
108,822,3,12,231.36,70.35,2.872,0.1695
108,822,3,13,231.36,59.12,2.795,0.1665
108,822,3,14,231.36,49.45,2.808,0.1699
108,822,3,15,231.36,34.77,2.772,0.1763
108,822,3,16,231.36,19.43,2.784,0.1756
108,822,3,17,231.36,7.35,2.771,0.1762
108,822,3,18,231.36,0.0,2.627,0.1678
108,822,3,19,231.36,0.0,2.834,0.1644
108,822,3,20,231.36,0.0,2.723,0.1663
108,822,3,21,231.36,0.0,2.328,0.1558
108,822,3,22,231.36,0.0,1.921,0.1514
108,822,3,23,231.36,0.0,1.687,0.1462
108,823,4,0,231.36,0.0,1.336,0.1447
108,823,4,1,231.36,0.0,1.108,0.1441
108,823,4,2,231.36,0.0,1.002,0.1395
108,823,4,3,231.36,0.0,1.021,0.1422
108,823,4,4,231.36,0.0,1.112,0.1415
108,823,4,5,231.36,0.0,1.208,0.1471
108,823,4,6,231.36,3.95,1.864,0.1543
108,823,4,7,231.36,10.85,2.158,0.1641
108,823,4,8,231.36,19.13,2.308,0.1724
108,823,4,9,231.36,14.09,2.43,0.1749
108,823,4,10,231.36,19.84,2.458,0.1764
108,823,4,11,231.36,42.65,2.449,0.1864
108,823,4,12,231.36,82.25,2.606,0.1967
108,823,4,13,231.36,82.78,2.493,0.1995
108,823,4,14,231.36,72.47,2.288,0.2088
108,823,4,15,231.36,51.79,2.229,0.2164
108,823,4,16,231.36,28.98,2.29,0.2172
108,823,4,17,231.36,10.98,2.237,0.2156
108,823,4,18,231.36,0.0,2.242,0.2185
108,823,4,19,231.36,0.0,2.509,0.2205
108,823,4,20,231.36,0.0,2.437,0.2022
108,823,4,21,231.36,0.0,2.067,0.1816
108,823,4,22,231.36,0.0,1.509,0.1568
108,823,4,23,231.36,0.0,1.458,0.1457
108,824,5,0,231.36,0.0,2.112,0.1377
108,824,5,1,231.36,0.0,1.731,0.134
108,824,5,2,231.36,0.0,1.5,0.1349
108,824,5,3,231.36,0.0,1.479,0.1351
108,824,5,4,231.36,0.0,1.489,0.1311
108,824,5,5,231.36,0.0,1.467,0.1338
108,824,5,6,231.36,1.9,1.539,0.144
108,824,5,7,231.36,3.62,1.672,0.1415
108,824,5,8,231.36,5.19,2.119,0.144
108,824,5,9,231.36,19.14,2.501,0.1587
108,824,5,10,231.36,25.97,2.548,0.163
108,824,5,11,231.36,35.54,2.689,0.156
108,824,5,12,231.36,42.85,2.569,0.1582
108,824,5,13,231.36,43.71,2.414,0.153
108,824,5,14,231.36,53.28,2.211,0.1554
108,824,5,15,231.36,36.45,2.146,0.1636
108,824,5,16,231.36,21.29,2.186,0.1571
108,824,5,17,231.36,7.42,2.3,0.1609
108,824,5,18,231.36,0.33,2.294,0.1598
108,824,5,19,231.36,0.0,2.872,0.1659
108,824,5,20,231.36,0.0,2.722,0.1683
108,824,5,21,231.36,0.0,2.286,0.1595
108,824,5,22,231.36,0.0,1.985,0.1526
108,824,5,23,231.36,0.0,1.816,0.145
108,825,6,0,231.36,0.0,2.162,0.1453
108,825,6,1,231.36,0.0,1.806,0.1476
108,825,6,2,231.36,0.0,1.713,0.148
108,825,6,3,231.36,0.0,1.706,0.1463
108,825,6,4,231.36,0.0,1.71,0.1473
108,825,6,5,231.36,0.0,1.679,0.1502
108,825,6,6,231.36,14.32,1.815,0.1443
108,825,6,7,231.36,37.57,1.925,0.1472
108,825,6,8,231.36,62.04,2.26,0.1586
108,825,6,9,231.36,84.24,2.792,0.1566
108,825,6,10,231.36,98.99,2.933,0.1617
108,825,6,11,231.36,102.52,3.051,0.1578
108,825,6,12,231.36,105.74,2.89,0.1506
108,825,6,13,231.36,99.07,2.569,0.1496
108,825,6,14,231.36,84.22,2.404,0.149
108,825,6,15,231.36,64.51,2.199,0.1531
108,825,6,16,231.36,39.33,2.41,0.1545
108,825,6,17,231.36,13.99,2.518,0.1581
108,825,6,18,231.36,0.51,2.882,0.1645
108,825,6,19,231.36,0.0,3.547,0.1788
108,825,6,20,231.36,0.0,3.858,0.1858
108,825,6,21,231.36,0.0,3.065,0.1853
108,825,6,22,231.36,0.0,2.434,0.1823
108,825,6,23,231.36,0.0,2.145,0.1847
108,826,0,0,231.36,0.0,2.253,0.1811
108,826,0,1,231.36,0.0,2.009,0.1751
108,826,0,2,231.36,0.0,1.997,0.1754
108,826,0,3,231.36,0.0,1.983,0.1806
108,826,0,4,231.36,0.0,2.104,0.1861
108,826,0,5,231.36,0.25,2.238,0.1925
108,826,0,6,231.36,5.27,3.13,0.195
108,826,0,7,231.36,14.64,3.278,0.1914
108,826,0,8,231.36,25.64,3.73,0.1943
108,826,0,9,231.36,28.81,3.971,0.2028
108,826,0,10,231.36,30.46,3.733,0.2033
108,826,0,11,231.36,22.39,3.746,0.1975
108,826,0,12,231.36,25.11,3.744,0.1998
108,826,0,13,231.36,15.02,3.528,0.1976
108,826,0,14,231.36,11.06,3.428,0.2005
108,826,0,15,231.36,8.27,3.245,0.2014
108,826,0,16,231.36,3.55,3.249,0.2015
108,826,0,17,231.36,0.66,3.34,0.2019
108,826,0,18,231.36,0.19,3.417,0.2083
108,826,0,19,231.36,0.0,3.977,0.2129
108,826,0,20,231.36,0.0,3.758,0.2108
108,826,0,21,231.36,0.0,3.14,0.2055
108,826,0,22,231.36,0.0,2.666,0.1933
108,826,0,23,231.36,0.0,2.463,0.1838
108,827,1,0,231.36,0.0,2.516,0.1779
108,827,1,1,231.36,0.0,2.317,0.1812
108,827,1,2,231.36,0.0,2.228,0.18
108,827,1,3,231.36,0.0,2.239,0.1798
108,827,1,4,231.36,0.0,2.352,0.1839
108,827,1,5,231.36,0.44,2.676,0.1906
108,827,1,6,231.36,13.14,3.913,0.2057
108,827,1,7,231.36,36.29,3.799,0.2172
108,827,1,8,231.36,60.41,3.699,0.2214
108,827,1,9,231.36,82.26,4.003,0.224
108,827,1,10,231.36,99.15,4.057,0.2157
108,827,1,11,231.36,108.98,3.655,0.2238
108,827,1,12,231.36,109.53,3.6,0.2155
108,827,1,13,231.36,102.52,3.318,0.209
108,827,1,14,231.36,87.89,2.969,0.209
108,827,1,15,231.36,67.47,2.91,0.209
108,827,1,16,231.36,43.09,2.924,0.207
108,827,1,17,231.36,17.41,3.239,0.2014
108,827,1,18,231.36,0.81,3.519,0.2037
108,827,1,19,231.36,0.0,4.011,0.2084
108,827,1,20,231.36,0.0,4.203,0.2115
108,827,1,21,231.36,0.0,3.421,0.2144
108,827,1,22,231.36,0.0,2.558,0.2069
108,827,1,23,231.36,0.0,2.498,0.1978
108,828,2,0,231.36,0.0,3.158,0.1904
108,828,2,1,231.36,0.0,2.889,0.1991
108,828,2,2,231.36,0.0,2.887,0.1977
108,828,2,3,231.36,0.0,2.778,0.1933
108,828,2,4,231.36,0.0,2.905,0.1885
108,828,2,5,231.36,0.65,3.352,0.1968
108,828,2,6,231.36,15.08,4.397,0.2038
108,828,2,7,231.36,39.53,4.696,0.1995
108,828,2,8,231.36,63.09,4.506,0.1995
108,828,2,9,231.36,80.95,4.79,0.2007
108,828,2,10,231.36,93.03,4.061,0.2017
108,828,2,11,231.36,102.69,3.91,0.2051
108,828,2,12,231.36,87.11,3.765,0.1962
108,828,2,13,231.36,61.95,3.646,0.1923
108,828,2,14,231.36,60.3,3.462,0.1829
108,828,2,15,231.36,44.25,3.37,0.1821
108,828,2,16,231.36,25.68,3.384,0.1875
108,828,2,17,231.36,9.68,3.496,0.1919
108,828,2,18,231.36,0.48,3.567,0.1997
108,828,2,19,231.36,0.0,3.876,0.1991
108,828,2,20,231.36,0.0,4.331,0.2008
108,828,2,21,231.36,0.0,3.508,0.1955
108,828,2,22,231.36,0.0,2.964,0.1853
108,828,2,23,231.36,0.0,2.961,0.1747
108,829,3,0,231.36,0.0,2.786,0.1679
108,829,3,1,231.36,0.0,2.599,0.1684
108,829,3,2,231.36,0.0,2.475,0.1636
108,829,3,3,231.36,0.0,2.473,0.1583
108,829,3,4,231.36,0.0,2.478,0.1567
108,829,3,5,231.36,0.36,2.588,0.1617
108,829,3,6,231.36,5.46,3.395,0.1724
108,829,3,7,231.36,12.08,3.633,0.1794
108,829,3,8,231.36,22.56,3.592,0.1846
108,829,3,9,231.36,24.88,3.776,0.1843
108,829,3,10,231.36,23.42,3.331,0.1897
108,829,3,11,231.36,26.12,3.256,0.1918
108,829,3,12,231.36,14.71,3.174,0.1941
108,829,3,13,231.36,50.31,3.016,0.1981
108,829,3,14,231.36,44.2,2.862,0.2043
108,829,3,15,231.36,32.38,2.875,0.1979
108,829,3,16,231.36,17.17,2.711,0.1989
108,829,3,17,231.36,4.88,2.959,0.1982
108,829,3,18,231.36,0.42,2.867,0.1971
108,829,3,19,231.36,0.0,3.102,0.1967
108,829,3,20,231.36,0.0,3.385,0.197
108,829,3,21,231.36,0.0,2.658,0.1917
108,829,3,22,231.36,0.0,2.361,0.183
108,829,3,23,231.36,0.0,2.269,0.1846
108,830,4,0,231.36,0.0,2.24,0.1732
108,830,4,1,231.36,0.0,2.091,0.1715
108,830,4,2,231.36,0.0,1.985,0.1687
108,830,4,3,231.36,0.0,1.984,0.17
108,830,4,4,231.36,0.0,1.992,0.1708
108,830,4,5,231.36,0.71,2.232,0.1774
108,830,4,6,231.36,7.52,2.781,0.1871
108,830,4,7,231.36,22.76,2.965,0.1933
108,830,4,8,231.36,38.54,2.955,0.1941
108,830,4,9,231.36,40.98,3.073,0.1943
108,830,4,10,231.36,46.85,3.059,0.1966
108,830,4,11,231.36,52.2,3.056,0.1969
108,830,4,12,231.36,50.28,2.932,0.1919
108,830,4,13,231.36,51.95,2.87,0.1888
108,830,4,14,231.36,52.22,2.685,0.1899
108,830,4,15,231.36,34.53,2.674,0.19
108,830,4,16,231.36,22.72,2.629,0.1905
108,830,4,17,231.36,10.3,2.736,0.1941
108,830,4,18,231.36,0.8,2.724,0.1996
108,830,4,19,231.36,0.0,3.034,0.1967
108,830,4,20,231.36,0.0,3.16,0.201
108,830,4,21,231.36,0.0,2.614,0.195
108,830,4,22,231.36,0.0,2.302,0.1808
108,830,4,23,231.36,0.0,2.27,0.1764
108,831,5,0,231.36,0.0,2.686,0.1735
108,831,5,1,231.36,0.0,2.486,0.1763
108,831,5,2,231.36,0.0,2.405,0.1696
108,831,5,3,231.36,0.0,2.407,0.1759
108,831,5,4,231.36,0.0,2.382,0.1743
108,831,5,5,231.36,0.69,2.422,0.175
108,831,5,6,231.36,8.43,2.472,0.1793
108,831,5,7,231.36,18.59,2.51,0.1848
108,831,5,8,231.36,12.23,2.521,0.1883
108,831,5,9,231.36,23.82,2.945,0.1991
108,831,5,10,231.36,20.58,3.132,0.1958
108,831,5,11,231.36,23.78,3.128,0.1956
108,831,5,12,231.36,17.65,2.919,0.1959
108,831,5,13,231.36,19.21,2.72,0.1958
108,831,5,14,231.36,20.45,2.597,0.1936
108,831,5,15,231.36,17.6,2.586,0.1902
108,831,5,16,231.36,13.26,2.547,0.1938
108,831,5,17,231.36,5.25,2.592,0.197
108,831,5,18,231.36,0.49,3.0,0.2009
108,831,5,19,231.36,0.0,3.351,0.2042
108,831,5,20,231.36,0.0,3.58,0.2075
108,831,5,21,231.36,0.0,2.972,0.1988
108,831,5,22,231.36,0.0,2.547,0.1881
108,831,5,23,231.36,0.0,2.51,0.1801
108,832,6,0,231.36,0.0,3.408,0.1774
108,832,6,1,231.36,0.0,3.014,0.1826
108,832,6,2,231.36,0.0,2.799,0.1803
108,832,6,3,231.36,0.0,2.775,0.178
108,832,6,4,231.36,0.0,2.735,0.1789
108,832,6,5,231.36,1.14,2.624,0.1777
108,832,6,6,231.36,17.79,2.318,0.176
108,832,6,7,231.36,43.47,2.443,0.1723
108,832,6,8,231.36,68.62,2.525,0.1779
108,832,6,9,231.36,88.94,2.7,0.1828
108,832,6,10,231.36,102.96,2.826,0.1854
108,832,6,11,231.36,109.26,2.817,0.187
108,832,6,12,231.36,108.35,2.768,0.1875
108,832,6,13,231.36,99.97,2.518,0.1818
108,832,6,14,231.36,84.55,2.494,0.1792
108,832,6,15,231.36,62.27,2.475,0.1787
108,832,6,16,231.36,37.43,2.474,0.1805
108,832,6,17,231.36,14.45,2.49,0.1849
108,832,6,18,231.36,0.79,2.877,0.1913
108,832,6,19,231.36,0.0,3.202,0.2087
108,832,6,20,231.36,0.0,3.805,0.2114
108,832,6,21,231.36,0.0,3.363,0.2095
108,832,6,22,231.36,0.0,2.779,0.1894
108,832,6,23,231.36,0.0,2.831,0.1852
108,833,0,0,231.36,0.0,2.926,0.1813
108,833,0,1,231.36,0.0,2.779,0.1791
108,833,0,2,231.36,0.0,2.625,0.1769
108,833,0,3,231.36,0.0,2.61,0.1837
108,833,0,4,231.36,0.0,2.668,0.1894
108,833,0,5,231.36,0.57,2.778,0.1993
108,833,0,6,231.36,5.81,3.377,0.2161
108,833,0,7,231.36,13.6,3.55,0.2126
108,833,0,8,231.36,22.77,3.662,0.21
108,833,0,9,231.36,36.07,3.765,0.212
108,833,0,10,231.36,44.78,3.847,0.2118
108,833,0,11,231.36,90.95,3.918,0.2121
108,833,0,12,231.36,87.19,3.933,0.2135
108,833,0,13,231.36,72.12,3.681,0.2106
108,833,0,14,231.36,62.78,3.608,0.2052
108,833,0,15,231.36,38.79,3.543,0.2068
108,833,0,16,231.36,27.06,3.524,0.2075
108,833,0,17,231.36,9.15,3.588,0.2084
108,833,0,18,231.36,0.65,3.619,0.2146
108,833,0,19,231.36,0.0,3.751,0.2169
108,833,0,20,231.36,0.0,4.241,0.2179
108,833,0,21,231.36,0.0,3.355,0.2162
108,833,0,22,231.36,0.0,2.692,0.21
108,833,0,23,231.36,0.0,2.619,0.1998
108,834,1,0,231.36,0.0,2.448,0.1905
108,834,1,1,231.36,0.0,2.368,0.1867
108,834,1,2,231.36,0.0,2.249,0.1813
108,834,1,3,231.36,0.0,2.241,0.1772
108,834,1,4,231.36,0.0,2.284,0.1815
108,834,1,5,231.36,0.33,2.457,0.191
108,834,1,6,231.36,2.83,3.122,0.2128
108,834,1,7,231.36,5.76,3.228,0.2168
108,834,1,8,231.36,11.02,3.544,0.2157
108,834,1,9,231.36,16.27,3.668,0.2126
108,834,1,10,231.36,20.95,3.436,0.2123
108,834,1,11,231.36,32.52,3.428,0.2144
108,834,1,12,231.36,67.6,3.288,0.2109
108,834,1,13,231.36,85.72,3.124,0.2108
108,834,1,14,231.36,84.52,2.959,0.2115
108,834,1,15,231.36,66.9,2.981,0.2122
108,834,1,16,231.36,43.63,2.867,0.2117
108,834,1,17,231.36,19.17,3.021,0.2124
108,834,1,18,231.36,1.43,3.19,0.2088
108,834,1,19,231.36,0.0,3.548,0.2136
108,834,1,20,231.36,0.0,3.791,0.2179
108,834,1,21,231.36,0.0,2.9,0.2177
108,834,1,22,231.36,0.0,2.475,0.2154
108,834,1,23,231.36,0.0,2.416,0.2056
108,835,2,0,231.36,0.0,2.355,0.1995
108,835,2,1,231.36,0.0,2.275,0.2029
108,835,2,2,231.36,0.0,2.233,0.1992
108,835,2,3,231.36,0.0,2.186,0.1984
108,835,2,4,231.36,0.0,2.306,0.202
108,835,2,5,231.36,1.17,2.443,0.2156
108,835,2,6,231.36,12.62,3.37,0.2243
108,835,2,7,231.36,29.71,3.537,0.225
108,835,2,8,231.36,70.66,3.52,0.2237
108,835,2,9,231.36,90.27,3.494,0.2208
108,835,2,10,231.36,103.93,3.543,0.2252
108,835,2,11,231.36,110.64,3.523,0.2282
108,835,2,12,231.36,110.06,3.455,0.2202
108,835,2,13,231.36,102.21,3.27,0.2086
108,835,2,14,231.36,86.75,3.036,0.2067
108,835,2,15,231.36,65.78,2.904,0.2107
108,835,2,16,231.36,41.45,2.868,0.2096
108,835,2,17,231.36,16.93,2.998,0.2171
108,835,2,18,231.36,1.22,3.069,0.213
108,835,2,19,231.36,0.0,3.685,0.2183
108,835,2,20,231.36,0.0,3.877,0.219
108,835,2,21,231.36,0.0,3.236,0.2137
108,835,2,22,231.36,0.0,2.56,0.2024
108,835,2,23,231.36,0.0,2.338,0.1919
108,836,3,0,231.36,0.0,2.463,0.1891
108,836,3,1,231.36,0.0,2.308,0.1854
108,836,3,2,231.36,0.0,2.231,0.1811
108,836,3,3,231.36,0.0,2.307,0.189
108,836,3,4,231.36,0.0,2.338,0.1926
108,836,3,5,231.36,1.51,2.504,0.2051
108,836,3,6,231.36,17.92,3.635,0.2176
108,836,3,7,231.36,40.12,3.464,0.2186
108,836,3,8,231.36,65.68,3.539,0.2199
108,836,3,9,231.36,85.86,3.619,0.2218
108,836,3,10,231.36,99.24,3.686,0.2242
108,836,3,11,231.36,109.19,3.442,0.2253
108,836,3,12,231.36,108.94,3.122,0.224
108,836,3,13,231.36,101.91,3.012,0.2222
108,836,3,14,231.36,87.43,2.892,0.2159
108,836,3,15,231.36,67.33,2.738,0.2162
108,836,3,16,231.36,43.47,2.736,0.2198
108,836,3,17,231.36,18.81,2.743,0.2189
108,836,3,18,231.36,1.44,2.711,0.2195
108,836,3,19,231.36,0.0,3.184,0.2213
108,836,3,20,231.36,0.0,3.648,0.2265
108,836,3,21,231.36,0.0,3.041,0.2204
108,836,3,22,231.36,0.0,2.573,0.2069
108,836,3,23,231.36,0.0,2.442,0.206
108,837,4,0,231.36,0.0,2.39,0.1985
108,837,4,1,231.36,0.0,2.278,0.1956
108,837,4,2,231.36,0.0,2.204,0.1942
108,837,4,3,231.36,0.0,2.199,0.1905
108,837,4,4,231.36,0.0,2.286,0.1963
108,837,4,5,231.36,1.84,2.515,0.2076
108,837,4,6,231.36,19.56,3.471,0.2251
108,837,4,7,231.36,43.11,3.453,0.2308
108,837,4,8,231.36,65.69,3.376,0.2308
108,837,4,9,231.36,88.07,3.389,0.2296
108,837,4,10,231.36,101.87,3.403,0.2264
108,837,4,11,231.36,110.18,3.181,0.224
108,837,4,12,231.36,109.65,3.018,0.2244
108,837,4,13,231.36,101.67,2.872,0.2238
108,837,4,14,231.36,87.29,2.805,0.2178
108,837,4,15,231.36,66.95,2.722,0.2171
108,837,4,16,231.36,42.81,2.7,0.2224
108,837,4,17,231.36,18.08,2.72,0.2247
108,837,4,18,231.36,1.42,2.736,0.2243
108,837,4,19,231.36,0.0,3.096,0.2225
108,837,4,20,231.36,0.0,3.585,0.2197
108,837,4,21,231.36,0.0,3.05,0.2173
108,837,4,22,231.36,0.0,2.663,0.2014
108,837,4,23,231.36,0.0,2.582,0.2009
108,838,5,0,231.36,0.0,2.639,0.1752
108,838,5,1,231.36,0.0,2.508,0.169
108,838,5,2,231.36,0.0,2.326,0.1625
108,838,5,3,231.36,0.0,2.268,0.1643
108,838,5,4,231.36,0.0,2.263,0.168
108,838,5,5,231.36,1.77,2.354,0.1678
108,838,5,6,231.36,17.91,2.284,0.1823
108,838,5,7,231.36,41.3,2.318,0.1866
108,838,5,8,231.36,64.56,2.775,0.1915
108,838,5,9,231.36,87.5,2.957,0.1966
108,838,5,10,231.36,101.04,2.918,0.2008
108,838,5,11,231.36,110.28,2.858,0.1965
108,838,5,12,231.36,109.9,2.724,0.197
108,838,5,13,231.36,102.21,2.488,0.1976
108,838,5,14,231.36,87.95,2.373,0.1951
108,838,5,15,231.36,67.69,2.328,0.1857
108,838,5,16,231.36,43.77,2.434,0.1869
108,838,5,17,231.36,19.03,2.391,0.1906
108,838,5,18,231.36,1.58,2.425,0.1875
108,838,5,19,231.36,0.0,2.847,0.1948
108,838,5,20,231.36,0.0,3.129,0.2048
108,838,5,21,231.36,0.0,2.897,0.2011
108,838,5,22,231.36,0.0,2.292,0.1883
108,838,5,23,231.36,0.0,2.244,0.1881
108,839,6,0,231.36,0.0,2.187,0.1815
108,839,6,1,231.36,0.0,2.216,0.18
108,839,6,2,231.36,0.0,2.074,0.1752
108,839,6,3,231.36,0.0,1.992,0.1749
108,839,6,4,231.36,0.0,1.9,0.177
108,839,6,5,231.36,2.06,1.861,0.1829
108,839,6,6,231.36,19.43,1.835,0.1886
108,839,6,7,231.36,42.65,1.757,0.1821
108,839,6,8,231.36,65.84,2.209,0.1854
108,839,6,9,231.36,85.26,2.487,0.1958
108,839,6,10,231.36,98.41,2.586,0.1936
108,839,6,11,231.36,110.07,2.461,0.1823
108,839,6,12,231.36,109.61,2.257,0.1836
108,839,6,13,231.36,101.87,2.141,0.1838
108,839,6,14,231.36,87.44,2.081,0.1788
108,839,6,15,231.36,67.57,2.167,0.1785
108,839,6,16,231.36,44.02,2.243,0.1888
108,839,6,17,231.36,19.49,2.5,0.202
108,839,6,18,231.36,1.7,2.717,0.2012
108,839,6,19,231.36,0.0,3.323,0.2044
108,839,6,20,231.36,0.0,3.799,0.1982
108,839,6,21,231.36,0.0,3.103,0.1947
108,839,6,22,231.36,0.0,2.463,0.1887
108,839,6,23,231.36,0.0,2.122,0.1838
108,840,0,0,231.36,0.0,2.259,0.1655
108,840,0,1,231.36,0.0,2.093,0.1689
108,840,0,2,231.36,0.0,2.076,0.1667
108,840,0,3,231.36,0.0,2.013,0.1681
108,840,0,4,231.36,0.0,2.011,0.1706
108,840,0,5,231.36,2.45,2.277,0.1744
108,840,0,6,231.36,20.81,3.019,0.1948
108,840,0,7,231.36,44.66,3.157,0.198
108,840,0,8,231.36,68.36,3.288,0.1969
108,840,0,9,231.36,87.17,3.292,0.1987
108,840,0,10,231.36,100.43,3.469,0.1955
108,840,0,11,231.36,108.98,3.412,0.1965
108,840,0,12,231.36,109.36,3.386,0.1961
108,840,0,13,231.36,101.07,3.297,0.1992
108,840,0,14,231.36,87.76,3.223,0.1996
108,840,0,15,231.36,67.35,3.284,0.2024
108,840,0,16,231.36,38.9,3.451,0.2021
108,840,0,17,231.36,15.6,3.449,0.2052
108,840,0,18,231.36,1.33,3.149,0.2106
108,840,0,19,231.36,0.0,3.636,0.2057
108,840,0,20,231.36,0.0,3.984,0.2054
108,840,0,21,231.36,0.0,3.182,0.1976
108,840,0,22,231.36,0.0,2.544,0.1849
108,840,0,23,231.36,0.0,2.313,0.1777
108,841,1,0,231.36,0.0,2.484,0.1685
108,841,1,1,231.36,0.0,2.205,0.1672
108,841,1,2,231.36,0.0,2.277,0.1631
108,841,1,3,231.36,0.0,2.109,0.1641
108,841,1,4,231.36,0.0,2.139,0.1656
108,841,1,5,231.36,2.23,2.468,0.1737
108,841,1,6,231.36,18.67,3.203,0.1948
108,841,1,7,231.36,39.98,3.446,0.2089
108,841,1,8,231.36,64.51,3.665,0.2097
108,841,1,9,231.36,86.43,3.606,0.2093
108,841,1,10,231.36,99.17,3.988,0.2098
108,841,1,11,231.36,102.21,4.101,0.2091
108,841,1,12,231.36,97.38,3.712,0.2083
108,841,1,13,231.36,90.8,3.584,0.2069
108,841,1,14,231.36,86.4,3.538,0.2047
108,841,1,15,231.36,69.68,3.439,0.2032
108,841,1,16,231.36,45.43,3.156,0.2077
108,841,1,17,231.36,20.52,3.117,0.2143
108,841,1,18,231.36,2.08,3.071,0.2093
108,841,1,19,231.36,0.0,3.415,0.209
108,841,1,20,231.36,0.0,3.696,0.2105
108,841,1,21,231.36,0.0,3.22,0.2099
108,841,1,22,231.36,0.0,2.814,0.1982
108,841,1,23,231.36,0.0,2.455,0.1781
108,842,2,0,231.36,0.0,2.258,0.1678
108,842,2,1,231.36,0.0,2.149,0.1694
108,842,2,2,231.36,0.0,2.04,0.1695
108,842,2,3,231.36,0.0,2.04,0.1685
108,842,2,4,231.36,0.0,2.086,0.1704
108,842,2,5,231.36,2.07,2.28,0.1826
108,842,2,6,231.36,15.81,2.896,0.1955
108,842,2,7,231.36,32.68,3.191,0.2102
108,842,2,8,231.36,49.58,3.356,0.2132
108,842,2,9,231.36,62.65,3.544,0.2203
108,842,2,10,231.36,107.46,3.944,0.2192
108,842,2,11,231.36,114.06,4.029,0.2219
108,842,2,12,231.36,113.41,3.79,0.2218
108,842,2,13,231.36,105.5,3.552,0.2214
108,842,2,14,231.36,90.89,3.428,0.2156
108,842,2,15,231.36,70.82,3.336,0.213
108,842,2,16,231.36,46.94,3.238,0.2133
108,842,2,17,231.36,21.7,3.229,0.2182
108,842,2,18,231.36,2.27,3.151,0.2177
108,842,2,19,231.36,0.0,3.49,0.2147
108,842,2,20,231.36,0.0,3.937,0.2152
108,842,2,21,231.36,0.0,3.083,0.2119
108,842,2,22,231.36,0.0,2.612,0.1943
108,842,2,23,231.36,0.0,2.305,0.1849
108,843,3,0,232.6,0.0,2.147,0.1803
108,843,3,1,224.1,0.0,2.029,0.1748
108,843,3,2,222.84,0.0,1.818,0.1729
108,843,3,3,215.84,0.0,1.908,0.1708
108,843,3,4,219.84,0.0,1.932,0.1694
108,843,3,5,209.84,3.19,2.124,0.1782
108,843,3,6,212.34,22.61,2.885,0.1931
108,843,3,7,220.84,46.43,3.089,0.2052
108,843,3,8,214.34,69.07,3.42,0.211
108,843,3,9,244.84,88.79,3.519,0.2095
108,843,3,10,251.34,101.53,3.897,0.2071
108,843,3,11,263.84,104.74,3.921,0.2095
108,843,3,12,288.34,97.49,3.907,0.2076
108,843,3,13,328.84,89.79,3.902,0.205
108,843,3,14,333.84,76.99,3.798,0.2048
108,843,3,15,339.84,59.01,3.911,0.2069
108,843,3,16,327.84,36.16,3.911,0.2096
108,843,3,17,336.84,15.78,3.82,0.2109
108,843,3,18,327.34,1.47,3.341,0.2143
108,843,3,19,312.34,0.0,3.636,0.2104
108,843,3,20,292.34,0.0,4.415,0.2175
108,843,3,21,268.84,0.0,3.248,0.2119
108,843,3,22,260.84,0.0,2.677,0.2051
108,843,3,23,248.34,0.0,2.41,0.1958
108,844,4,0,226.42,0.0,2.083,0.1735
108,844,4,1,223.42,0.0,1.959,0.1709
108,844,4,2,229.5,0.0,1.886,0.1641
108,844,4,3,224.5,0.0,1.741,0.1608
108,844,4,4,216.0,0.0,1.798,0.1646
108,844,4,5,223.5,2.24,1.941,0.1704
108,844,4,6,213.5,14.61,2.675,0.1916
108,844,4,7,222.5,32.31,2.868,0.2062
108,844,4,8,224.5,49.48,3.428,0.2061
108,844,4,9,266.5,61.99,3.609,0.2071
108,844,4,10,265.0,76.38,4.329,0.2091
108,844,4,11,283.0,64.32,4.4,0.2159
108,844,4,12,280.0,79.99,4.444,0.2153
108,844,4,13,318.5,70.26,4.64,0.2165
108,844,4,14,292.0,47.16,4.448,0.2171
108,844,4,15,283.0,20.71,4.7,0.2148
108,844,4,16,277.5,12.13,4.764,0.2148
108,844,4,17,271.0,5.26,4.351,0.214
108,844,4,18,248.5,0.98,3.56,0.217
108,844,4,19,223.0,0.0,3.638,0.2144
108,844,4,20,218.5,0.0,4.001,0.2162
108,844,4,21,203.5,0.0,3.256,0.2185
108,844,4,22,208.0,0.0,2.732,0.204
108,844,4,23,199.0,0.0,2.512,0.196
108,845,5,0,205.5,0.0,2.382,0.1837
108,845,5,1,209.5,0.0,2.264,0.1818
108,845,5,2,206.5,0.0,2.154,0.176
108,845,5,3,201.5,0.0,2.027,0.1741
108,845,5,4,205.0,0.0,2.015,0.1754
108,845,5,5,201.0,1.25,2.173,0.181
108,845,5,6,205.0,6.87,2.463,0.1854
108,845,5,7,201.5,11.54,2.473,0.191
108,845,5,8,212.0,18.07,2.8,0.1986
108,845,5,9,213.5,28.01,3.154,0.2022
108,845,5,10,219.0,49.59,3.229,0.2039
108,845,5,11,223.0,61.69,2.963,0.2111
108,845,5,12,229.0,78.09,2.846,0.2002
108,845,5,13,239.5,80.09,2.711,0.1985
108,845,5,14,259.5,69.67,2.614,0.1958
108,845,5,15,244.5,57.21,2.627,0.1948
108,845,5,16,245.0,38.81,2.673,0.1932
108,845,5,17,248.0,18.57,2.679,0.1973
108,845,5,18,249.0,2.44,2.654,0.1991
108,845,5,19,243.0,0.0,3.163,0.2
108,845,5,20,222.0,0.0,3.71,0.2045
108,845,5,21,227.5,0.0,3.205,0.2087
108,845,5,22,214.0,0.0,2.652,0.2044
108,845,5,23,219.5,0.0,2.438,0.1932
108,846,6,0,204.0,0.0,2.605,0.1893
108,846,6,1,213.0,0.0,2.479,0.1779
108,846,6,2,204.5,0.0,2.222,0.1741
108,846,6,3,201.0,0.0,2.231,0.1746
108,846,6,4,204.0,0.0,2.099,0.1747
108,846,6,5,192.5,3.65,2.228,0.1769
108,846,6,6,187.5,23.18,2.191,0.1795
108,846,6,7,186.5,46.56,2.289,0.1802
108,846,6,8,190.5,70.13,2.578,0.1842
108,846,6,9,199.5,89.7,2.748,0.1864
108,846,6,10,200.5,103.62,3.091,0.1959
108,846,6,11,219.5,112.84,2.869,0.1943
108,846,6,12,226.0,111.55,2.804,0.1989
108,846,6,13,234.5,101.65,2.717,0.1987
108,846,6,14,246.0,89.77,2.624,0.1958
108,846,6,15,245.5,69.53,2.684,0.1972
108,846,6,16,242.0,45.77,2.734,0.1972
108,846,6,17,245.0,21.24,2.8,0.1988
108,846,6,18,240.0,2.52,2.825,0.2069
108,846,6,19,225.5,0.0,3.312,0.2076
108,846,6,20,221.5,0.0,4.405,0.2141
108,846,6,21,204.0,0.0,3.562,0.2161
108,846,6,22,205.5,0.0,2.875,0.2119
108,846,6,23,196.0,0.0,2.763,0.208
108,847,0,0,202.0,0.0,2.527,0.1916
108,847,0,1,209.5,0.0,1.946,0.1888
108,847,0,2,201.0,0.0,1.784,0.1886
108,847,0,3,209.5,0.0,1.738,0.1918
108,847,0,4,202.5,0.0,1.768,0.1902
108,847,0,5,204.5,2.75,2.112,0.1966
108,847,0,6,209.5,19.67,2.96,0.2156
108,847,0,7,214.5,41.57,3.163,0.2201
108,847,0,8,211.0,64.33,3.355,0.2277
108,847,0,9,264.0,86.07,3.566,0.2246
108,847,0,10,280.5,87.73,4.003,0.2226
108,847,0,11,288.0,87.96,4.026,0.2274
108,847,0,12,305.0,84.4,4.079,0.2263
108,847,0,13,314.0,71.92,4.223,0.2316
108,847,0,14,310.0,62.3,4.237,0.2292
108,847,0,15,313.0,51.47,4.242,0.2289
108,847,0,16,307.5,31.63,4.4,0.2289
108,847,0,17,290.0,13.99,4.2,0.2311
108,847,0,18,260.5,2.0,3.834,0.2316
108,847,0,19,226.0,0.0,3.835,0.2284
108,847,0,20,228.5,0.0,4.775,0.2281
108,847,0,21,209.0,0.0,3.462,0.2273
108,847,0,22,209.0,0.0,2.676,0.2138
108,847,0,23,207.0,0.0,2.498,0.2047
108,848,1,0,205.5,0.0,2.309,0.1892
108,848,1,1,207.0,0.0,2.178,0.1839
108,848,1,2,208.5,0.0,2.098,0.183
108,848,1,3,203.5,0.0,2.013,0.1891
108,848,1,4,202.5,0.0,2.098,0.1917
108,848,1,5,211.0,2.37,2.206,0.2034
108,848,1,6,212.0,12.75,2.985,0.2222
108,848,1,7,220.0,26.63,3.384,0.2235
108,848,1,8,227.5,34.12,3.773,0.2243
108,848,1,9,269.5,42.95,3.914,0.2276
108,848,1,10,291.5,54.22,4.222,0.2294
108,848,1,11,299.5,84.85,4.301,0.2352
108,848,1,12,335.5,86.18,4.225,0.2371
108,848,1,13,339.5,75.25,4.312,0.2349
108,848,1,14,320.0,37.44,4.113,0.235
108,848,1,15,335.5,37.35,4.501,0.2376
108,848,1,16,313.5,23.05,4.381,0.2385
108,848,1,17,316.0,10.51,4.067,0.2354
108,848,1,18,286.5,1.48,3.554,0.2346
108,848,1,19,245.5,0.0,3.827,0.2314
108,848,1,20,234.0,0.0,4.67,0.2336
108,848,1,21,222.0,0.0,3.45,0.2315
108,848,1,22,213.5,0.0,2.62,0.2292
108,848,1,23,213.0,0.0,2.42,0.221
108,849,2,0,225.76,0.0,2.231,0.2002
108,849,2,1,244.01,0.0,2.145,0.1917
108,849,2,2,246.51,0.0,2.06,0.1851
108,849,2,3,242.01,0.0,2.021,0.187
108,849,2,4,242.51,0.0,2.099,0.1861
108,849,2,5,248.01,1.67,2.191,0.2013
108,849,2,6,244.51,7.09,3.041,0.2187
108,849,2,7,243.51,13.63,3.373,0.2137
108,849,2,8,246.51,20.79,3.533,0.2174
108,849,2,9,257.51,26.57,3.693,0.2119
108,849,2,10,251.01,40.29,3.965,0.2109
108,849,2,11,260.51,56.03,3.966,0.2087
108,849,2,12,271.51,73.57,3.77,0.2032
108,849,2,13,282.51,59.27,3.741,0.2026
108,849,2,14,290.01,59.32,3.578,0.2013
108,849,2,15,297.51,48.54,3.654,0.2039
108,849,2,16,288.01,32.4,3.774,0.2026
108,849,2,17,306.51,17.02,3.604,0.2053
108,849,2,18,287.01,2.57,3.367,0.2078
108,849,2,19,281.51,0.0,3.686,0.2063
108,849,2,20,276.51,0.0,4.356,0.2055
108,849,2,21,259.51,0.0,3.227,0.202
108,849,2,22,252.01,0.0,2.692,0.195
108,849,2,23,244.51,0.0,2.248,0.187
108,850,3,0,229.26,0.0,2.013,0.1952
108,850,3,1,224.76,0.0,1.97,0.1896
108,850,3,2,215.0,0.0,1.912,0.1876
108,850,3,3,206.5,0.0,1.875,0.1807
108,850,3,4,206.0,0.0,1.856,0.1832
108,850,3,5,212.0,2.96,1.921,0.1919
108,850,3,6,215.0,14.54,2.901,0.2121
108,850,3,7,223.0,29.65,3.008,0.2177
108,850,3,8,231.5,40.18,3.113,0.2161
108,850,3,9,252.0,49.02,3.288,0.2172
108,850,3,10,310.0,43.19,3.424,0.2107
108,850,3,11,313.0,49.85,3.377,0.2098
108,850,3,12,342.0,42.58,3.297,0.2131
108,850,3,13,367.0,34.32,3.011,0.2136
108,850,3,14,351.0,23.0,2.948,0.217
108,850,3,15,370.0,12.86,3.034,0.2147
108,850,3,16,340.5,14.95,3.038,0.2162
108,850,3,17,329.0,7.38,2.949,0.2149
108,850,3,18,292.0,1.05,2.945,0.2142
108,850,3,19,268.0,0.0,3.006,0.2151
108,850,3,20,253.0,0.0,3.572,0.2161
108,850,3,21,236.0,0.0,2.799,0.2131
108,850,3,22,222.0,0.0,2.288,0.2022
108,850,3,23,206.5,0.0,2.156,0.2021
108,851,4,0,233.84,0.0,1.829,0.186
108,851,4,1,265.67,0.0,1.759,0.1861
108,851,4,2,265.67,0.0,1.727,0.1855
108,851,4,3,265.67,0.0,1.644,0.1904
108,851,4,4,265.67,0.0,1.666,0.1926
108,851,4,5,265.67,2.43,1.871,0.2026
108,851,4,6,265.67,10.79,2.613,0.2135
108,851,4,7,265.67,21.61,2.763,0.2214
108,851,4,8,265.67,36.24,2.946,0.2218
108,851,4,9,265.67,37.95,2.95,0.2219
108,851,4,10,265.67,50.79,3.165,0.2258
108,851,4,11,265.67,42.85,3.014,0.2246
108,851,4,12,265.67,36.77,2.931,0.2254
108,851,4,13,265.67,33.43,2.9,0.2246
108,851,4,14,265.67,22.13,2.843,0.2211
108,851,4,15,265.67,12.33,3.039,0.2175
108,851,4,16,265.67,6.31,3.035,0.2195
108,851,4,17,265.67,2.8,3.002,0.2181
108,851,4,18,265.67,0.62,2.866,0.2151
108,851,4,19,265.67,0.0,2.905,0.2142
108,851,4,20,265.67,0.0,3.465,0.2178
108,851,4,21,265.67,0.0,2.811,0.2207
108,851,4,22,265.67,0.0,2.237,0.2115
108,851,4,23,265.67,0.0,2.22,0.2092
108,852,5,0,252.34,0.0,2.012,0.196
108,852,5,1,243.34,0.0,1.98,0.1848
108,852,5,2,220.0,0.0,1.872,0.1835
108,852,5,3,223.0,0.0,1.842,0.1827
108,852,5,4,227.0,0.0,1.756,0.1829
108,852,5,5,219.0,2.73,1.888,0.1891
108,852,5,6,220.0,12.55,1.855,0.1817
108,852,5,7,223.0,24.28,1.955,0.1818
108,852,5,8,225.5,43.3,2.224,0.192
108,852,5,9,250.5,69.07,2.422,0.1916
108,852,5,10,257.0,72.19,2.596,0.2033
108,852,5,11,276.0,87.28,2.333,0.1982
108,852,5,12,292.5,67.74,2.254,0.1894
108,852,5,13,303.5,59.13,2.172,0.1859
108,852,5,14,298.0,51.99,2.083,0.1826
108,852,5,15,299.5,39.96,2.075,0.1801
108,852,5,16,304.0,23.6,2.101,0.1858
108,852,5,17,301.5,10.46,2.103,0.1906
108,852,5,18,298.5,1.38,2.115,0.1892
108,852,5,19,292.0,0.0,2.375,0.1978
108,852,5,20,266.0,0.0,3.225,0.2095
108,852,5,21,251.0,0.0,2.376,0.2034
108,852,5,22,235.5,0.0,1.994,0.1951
108,852,5,23,229.0,0.0,1.96,0.1947
108,853,6,0,213.0,0.0,2.141,0.1963
108,853,6,1,231.5,0.0,2.108,0.1889
108,853,6,2,216.5,0.0,1.838,0.1886
108,853,6,3,225.5,0.0,1.767,0.1876
108,853,6,4,210.0,0.0,1.769,0.1898
108,853,6,5,210.0,1.36,1.775,0.1894
108,853,6,6,219.0,4.82,1.853,0.1835
108,853,6,7,213.0,8.2,1.827,0.1815
108,853,6,8,216.5,11.03,2.209,0.186
108,853,6,9,250.5,17.57,2.396,0.196
108,853,6,10,250.0,23.53,2.551,0.2069
108,853,6,11,262.5,26.57,2.521,0.2128
108,853,6,12,281.5,20.31,2.496,0.22
108,853,6,13,294.0,14.99,2.404,0.2213
108,853,6,14,292.5,14.26,2.366,0.2192
108,853,6,15,296.0,5.7,2.428,0.2195
108,853,6,16,298.5,14.48,2.609,0.2265
108,853,6,17,297.0,8.05,2.6,0.2294
108,853,6,18,293.0,1.36,2.647,0.2312
108,853,6,19,291.5,0.0,2.759,0.231
108,853,6,20,272.5,0.0,3.323,0.2323
108,853,6,21,249.5,0.0,2.801,0.2278
108,853,6,22,231.0,0.0,2.21,0.2266
108,853,6,23,229.0,0.0,2.11,0.2234
108,854,0,0,215.5,0.0,1.964,0.215
108,854,0,1,208.5,0.0,1.629,0.2112
108,854,0,2,206.0,0.0,1.415,0.2107
108,854,0,3,205.5,0.0,1.398,0.2094
108,854,0,4,202.0,0.0,1.532,0.2121
108,854,0,5,189.5,1.99,1.799,0.2241
108,854,0,6,186.5,5.98,2.611,0.2314
108,854,0,7,192.0,9.7,2.881,0.2391
108,854,0,8,188.5,12.37,3.173,0.2407
108,854,0,9,212.0,19.57,3.17,0.2425
108,854,0,10,210.0,21.29,3.402,0.2457
108,854,0,11,233.5,25.2,3.402,0.2467
108,854,0,12,232.0,29.71,3.297,0.2476
108,854,0,13,250.5,38.15,3.261,0.2452
108,854,0,14,275.0,36.35,3.118,0.2456
108,854,0,15,300.0,34.55,3.226,0.2438
108,854,0,16,304.5,22.18,3.288,0.2425
108,854,0,17,292.5,10.39,3.357,0.2426
108,854,0,18,237.5,1.69,3.117,0.2435
108,854,0,19,209.5,0.0,3.251,0.2444
108,854,0,20,216.5,0.0,3.392,0.2463
108,854,0,21,231.0,0.0,2.825,0.2424
108,854,0,22,233.5,0.0,2.236,0.2341
108,854,0,23,233.5,0.0,2.069,0.2345
108,855,1,0,247.5,0.0,1.965,0.2235
108,855,1,1,214.5,0.0,1.772,0.2184
108,855,1,2,217.0,0.0,1.666,0.2156
108,855,1,3,219.5,0.0,1.586,0.2158
108,855,1,4,206.0,0.0,1.677,0.2187
108,855,1,5,215.0,0.88,1.948,0.2288
108,855,1,6,207.5,2.29,2.576,0.2404
108,855,1,7,215.5,4.76,2.78,0.2471
108,855,1,8,222.5,8.39,3.008,0.2511
108,855,1,9,302.0,19.06,3.13,0.2495
108,855,1,10,316.0,24.79,3.317,0.2516
108,855,1,11,373.0,23.99,3.426,0.253
108,855,1,12,379.0,26.0,3.25,0.2495
108,855,1,13,389.0,36.51,3.143,0.2483
108,855,1,14,372.0,20.38,2.9,0.248
108,855,1,15,368.5,11.56,2.9,0.2482
108,855,1,16,382.0,15.08,2.926,0.2483
108,855,1,17,367.0,8.26,2.838,0.2473
108,855,1,18,332.5,1.45,2.764,0.2473
108,855,1,19,313.0,0.0,2.87,0.2477
108,855,1,20,302.0,0.0,3.456,0.2517
108,855,1,21,289.5,0.0,2.65,0.2423
108,855,1,22,276.0,0.0,2.26,0.2287
108,855,1,23,264.0,0.0,2.038,0.2289
108,856,2,0,266.5,0.0,2.087,0.2167
108,856,2,1,240.5,0.0,1.969,0.212
108,856,2,2,231.0,0.0,1.83,0.2101
108,856,2,3,231.5,0.0,1.769,0.2083
108,856,2,4,232.0,0.0,1.842,0.2078
108,856,2,5,226.5,2.2,2.153,0.2208
108,856,2,6,224.0,8.21,2.638,0.2377
108,856,2,7,232.5,14.93,2.72,0.2413
108,856,2,8,244.5,17.95,3.081,0.2471
108,856,2,9,313.5,19.28,3.068,0.2492
108,856,2,10,369.0,21.05,3.348,0.2494
108,856,2,11,365.5,24.02,3.389,0.2495
108,856,2,12,381.0,21.22,3.217,0.2497
108,856,2,13,390.5,19.79,3.178,0.248
108,856,2,14,386.5,17.29,3.109,0.2453
108,856,2,15,392.0,10.03,3.104,0.2437
108,856,2,16,382.0,6.76,3.158,0.2421
108,856,2,17,368.5,3.85,3.024,0.2453
108,856,2,18,345.0,0.71,2.858,0.2413
108,856,2,19,325.0,0.0,2.9,0.2422
108,856,2,20,311.5,0.0,3.345,0.2446
108,856,2,21,294.0,0.0,2.77,0.2377
108,856,2,22,285.5,0.0,2.396,0.2294
108,856,2,23,279.5,0.0,2.302,0.2254
108,857,3,0,275.0,0.0,2.094,0.2316
108,857,3,1,279.5,0.0,2.009,0.2129
108,857,3,2,258.5,0.0,1.859,0.2071
108,857,3,3,235.0,0.0,1.823,0.2021
108,857,3,4,232.5,0.0,1.772,0.205
108,857,3,5,239.0,2.46,2.1,0.2153
108,857,3,6,232.0,8.77,2.752,0.2349
108,857,3,7,238.5,17.51,2.64,0.2384
108,857,3,8,259.0,25.99,3.04,0.2432
108,857,3,9,318.0,27.77,2.91,0.2464
108,857,3,10,346.5,34.46,3.216,0.2454
108,857,3,11,356.0,40.61,3.21,0.2449
108,857,3,12,367.0,43.44,3.129,0.2435
108,857,3,13,385.5,36.82,3.215,0.2443
108,857,3,14,385.0,31.66,3.129,0.2392
108,857,3,15,385.5,19.64,3.248,0.2374
108,857,3,16,395.0,12.78,3.185,0.2369
108,857,3,17,391.5,6.69,3.05,0.2355
108,857,3,18,354.0,1.08,2.816,0.2385
108,857,3,19,329.5,0.0,2.826,0.2396
108,857,3,20,315.0,0.0,3.167,0.242
108,857,3,21,302.0,0.0,2.664,0.2361
108,857,3,22,292.5,0.0,2.399,0.2306
108,857,3,23,284.0,0.0,2.214,0.2233
108,858,4,0,260.5,0.0,2.182,0.2133
108,858,4,1,240.5,0.0,2.073,0.2035
108,858,4,2,230.5,0.0,1.866,0.1967
108,858,4,3,233.0,0.0,1.758,0.1924
108,858,4,4,226.0,0.0,1.749,0.1967
108,858,4,5,222.5,1.55,2.065,0.2119
108,858,4,6,220.5,4.73,2.562,0.2296
108,858,4,7,226.0,8.08,2.553,0.2293
108,858,4,8,233.0,10.84,2.79,0.2295
108,858,4,9,283.5,11.99,2.899,0.2269
108,858,4,10,311.5,12.55,3.112,0.2305
108,858,4,11,394.5,18.19,3.063,0.2271
108,858,4,12,378.5,18.43,3.216,0.2235
108,858,4,13,387.0,18.69,3.185,0.2195
108,858,4,14,409.0,21.25,2.987,0.2206
108,858,4,15,378.5,16.48,3.176,0.2212
108,858,4,16,386.0,10.01,3.185,0.2241
108,858,4,17,372.5,5.53,3.012,0.2264
108,858,4,18,356.0,1.1,2.756,0.2265
108,858,4,19,342.0,0.0,2.747,0.2232
108,858,4,20,316.5,0.0,3.057,0.228
108,858,4,21,301.5,0.0,2.758,0.2155
108,858,4,22,289.5,0.0,2.301,0.1971
108,858,4,23,281.0,0.0,2.157,0.1916
108,859,5,0,279.5,0.0,2.108,0.1762
108,859,5,1,229.0,0.0,1.896,0.1766
108,859,5,2,208.0,0.0,1.796,0.1855
108,859,5,3,205.5,0.0,1.71,0.1811
108,859,5,4,202.0,0.0,1.666,0.1782
108,859,5,5,196.0,2.24,1.768,0.1738
108,859,5,6,208.0,6.96,1.82,0.17
108,859,5,7,195.0,13.38,1.931,0.1751
108,859,5,8,207.0,19.85,2.125,0.1858
108,859,5,9,221.0,22.52,2.312,0.1981
108,859,5,10,249.5,35.11,2.435,0.1999
108,859,5,11,269.0,35.72,2.345,0.1984
108,859,5,12,283.5,39.91,2.299,0.198
108,859,5,13,316.5,33.91,2.298,0.1988
108,859,5,14,331.0,40.49,2.134,0.196
108,859,5,15,331.0,36.56,2.206,0.1948
108,859,5,16,332.5,25.95,2.326,0.1966
108,859,5,17,338.0,14.48,2.304,0.1989
108,859,5,18,338.5,3.09,2.292,0.1992
108,859,5,19,328.5,0.0,2.497,0.2024
108,859,5,20,320.5,0.0,2.726,0.2022
108,859,5,21,312.5,0.0,2.587,0.1931
108,859,5,22,307.0,0.0,2.073,0.1881
108,859,5,23,303.5,0.0,1.927,0.1896
108,860,6,0,302.0,0.0,1.91,0.1843
108,860,6,1,295.5,0.0,1.804,0.1809
108,860,6,2,290.0,0.0,1.555,0.1788
108,860,6,3,277.5,0.0,1.519,0.1789
108,860,6,4,247.0,0.0,1.458,0.181
108,860,6,5,234.0,2.75,1.475,0.1766
108,860,6,6,228.5,10.11,1.543,0.1733
108,860,6,7,226.0,18.85,1.605,0.1761
108,860,6,8,237.0,36.24,1.946,0.1804
108,860,6,9,264.5,63.79,2.077,0.185
108,860,6,10,305.5,68.09,2.171,0.1914
108,860,6,11,328.5,104.16,2.221,0.1961
108,860,6,12,316.0,102.0,2.221,0.1847
108,860,6,13,310.5,94.79,2.222,0.1773
108,860,6,14,299.5,94.98,2.183,0.1711
108,860,6,15,313.0,73.62,2.216,0.1732
108,860,6,16,311.5,50.84,2.294,0.1726
108,860,6,17,314.5,26.93,2.49,0.1785
108,860,6,18,311.0,5.66,2.515,0.1804
108,860,6,19,312.0,0.0,2.598,0.1927
108,860,6,20,310.0,0.0,2.847,0.1966
108,860,6,21,310.5,0.0,2.748,0.2003
108,860,6,22,312.0,0.0,2.248,0.1864
108,860,6,23,310.0,0.0,2.029,0.1693
108,861,0,0,247.0,0.0,1.787,0.1599
108,861,0,1,299.0,0.0,1.677,0.1614
108,861,0,2,289.0,0.0,1.595,0.1647
108,861,0,3,294.0,0.0,1.576,0.1632
108,861,0,4,287.5,0.0,1.647,0.1647
108,861,0,5,284.0,8.71,1.728,0.1748
108,861,0,6,264.0,29.95,2.292,0.1789
108,861,0,7,255.5,53.57,2.533,0.1892
108,861,0,8,257.5,76.42,2.799,0.1888
108,861,0,9,319.0,93.04,2.933,0.1916
108,861,0,10,358.5,96.22,3.223,0.2007
108,861,0,11,349.0,79.24,3.22,0.1908
108,861,0,12,395.5,70.16,3.223,0.1926
108,861,0,13,327.5,62.87,3.29,0.1898
108,861,0,14,319.0,56.19,3.044,0.1961
108,861,0,15,298.5,40.84,3.037,0.1981
108,861,0,16,316.0,25.82,3.054,0.202
108,861,0,17,297.0,13.44,3.079,0.2057
108,861,0,18,247.5,2.94,2.927,0.2093
108,861,0,19,222.0,0.0,2.912,0.2071
108,861,0,20,211.5,0.0,3.229,0.2072
108,861,0,21,198.0,0.0,2.692,0.206
108,861,0,22,194.5,0.0,2.209,0.1951
108,861,0,23,194.5,0.0,2.108,0.1829
108,862,1,0,187.0,0.0,1.888,0.1829
108,862,1,1,193.0,0.0,1.753,0.1808
108,862,1,2,191.5,0.0,1.509,0.1786
108,862,1,3,194.0,0.0,1.434,0.1787
108,862,1,4,191.0,0.0,1.447,0.1796
108,862,1,5,192.0,4.47,1.724,0.1856
108,862,1,6,192.0,13.73,2.233,0.204
108,862,1,7,195.0,23.81,2.528,0.2087
108,862,1,8,210.5,29.1,2.665,0.2122
108,862,1,9,239.5,39.44,2.83,0.2146
108,862,1,10,248.5,53.23,2.936,0.2114
108,862,1,11,258.5,53.93,2.894,0.2061
108,862,1,12,274.0,50.03,2.907,0.2042
108,862,1,13,301.5,43.24,2.945,0.2071
108,862,1,14,284.0,35.54,2.852,0.2115
108,862,1,15,295.5,32.64,2.945,0.2073
108,862,1,16,273.0,21.06,2.945,0.205
108,862,1,17,270.5,10.73,2.945,0.2072
108,862,1,18,230.5,2.46,2.702,0.2084
108,862,1,19,210.5,0.0,2.688,0.2116
108,862,1,20,201.0,0.0,3.229,0.2167
108,862,1,21,188.5,0.0,2.687,0.2091
108,862,1,22,186.0,0.0,2.245,0.1976
108,862,1,23,185.0,0.0,2.136,0.1867
108,863,2,0,183.5,0.0,1.62,0.1745
108,863,2,1,183.5,0.0,1.473,0.1705
108,863,2,2,183.0,0.0,1.248,0.1684
108,863,2,3,183.0,0.0,1.219,0.1664
108,863,2,4,183.0,0.0,1.344,0.1717
108,863,2,5,184.5,5.76,1.597,0.1786
108,863,2,6,185.5,18.83,2.089,0.1854
108,863,2,7,186.0,35.62,2.214,0.1974
108,863,2,8,192.5,49.08,2.328,0.2044
108,863,2,9,237.0,62.4,2.565,0.2074
108,863,2,10,251.5,70.88,2.727,0.2038
108,863,2,11,280.0,81.09,2.681,0.2044
108,863,2,12,273.5,90.06,2.9,0.2045
108,863,2,13,284.0,93.39,2.903,0.2093
108,863,2,14,280.5,72.17,2.701,0.21
108,863,2,15,267.5,49.16,2.952,0.2124
108,863,2,16,273.5,32.08,2.953,0.2112
108,863,2,17,269.0,16.3,2.846,0.2172
108,863,2,18,249.5,3.77,2.561,0.2174
108,863,2,19,231.5,0.0,2.532,0.2127
108,863,2,20,213.5,0.0,3.272,0.2102
108,863,2,21,199.0,0.0,2.557,0.2098
108,863,2,22,189.0,0.0,2.207,0.192
108,863,2,23,189.0,0.0,2.136,0.1728
108,864,3,0,177.0,0.0,1.816,0.1546
108,864,3,1,184.5,0.0,1.659,0.1495
108,864,3,2,185.0,0.0,1.288,0.1497
108,864,3,3,181.5,0.0,1.274,0.1521
108,864,3,4,182.5,0.0,1.392,0.1514
108,864,3,5,182.5,8.83,1.74,0.1591
108,864,3,6,165.0,28.96,2.13,0.1813
108,864,3,7,171.0,52.25,2.27,0.1941
108,864,3,8,188.0,74.45,2.398,0.2049
108,864,3,9,211.5,92.46,2.524,0.2023
108,864,3,10,227.0,103.81,2.893,0.2097
108,864,3,11,261.0,109.92,2.837,0.2072
108,864,3,12,269.5,110.8,2.861,0.2064
108,864,3,13,290.0,99.07,2.684,0.2089
108,864,3,14,330.5,88.91,2.605,0.2114
108,864,3,15,358.0,70.43,2.776,0.2174
108,864,3,16,367.5,46.49,2.877,0.2126
108,864,3,17,355.0,24.66,2.807,0.2172
108,864,3,18,278.0,5.3,2.574,0.2146
108,864,3,19,233.5,0.0,2.485,0.2137
108,864,3,20,239.5,0.0,2.901,0.2045
108,864,3,21,248.0,0.0,2.425,0.2017
108,864,3,22,210.5,0.0,2.155,0.186
108,864,3,23,190.0,0.0,2.043,0.1728
108,865,4,0,205.0,0.0,1.865,0.1699
108,865,4,1,180.0,0.0,1.613,0.1962
108,865,4,2,190.5,0.0,1.3,0.1899
108,865,4,3,175.5,0.0,1.204,0.177
108,865,4,4,172.5,0.0,1.277,0.1713
108,865,4,5,186.0,3.58,1.743,0.1826
108,865,4,6,187.5,11.8,2.097,0.1919
108,865,4,7,187.5,24.3,2.207,0.213
108,865,4,8,185.0,19.3,2.343,0.2105
108,865,4,9,244.5,23.07,2.729,0.2129
108,865,4,10,266.0,26.2,2.812,0.2184
108,865,4,11,277.0,25.18,2.806,0.2198
108,865,4,12,284.5,29.02,2.798,0.2216
108,865,4,13,338.0,21.75,2.824,0.2251
108,865,4,14,313.5,17.83,2.708,0.2314
108,865,4,15,322.5,15.06,2.804,0.2339
108,865,4,16,344.5,20.63,2.831,0.2319
108,865,4,17,323.0,12.78,2.6,0.2299
108,865,4,18,284.5,3.68,2.419,0.2293
108,865,4,19,243.0,0.0,2.343,0.2313
108,865,4,20,217.5,0.0,2.773,0.2178
108,865,4,21,213.0,0.0,2.399,0.2004
108,865,4,22,209.0,0.0,2.199,0.1777
108,865,4,23,198.5,0.0,2.116,0.1723
108,866,5,0,212.0,0.0,2.163,0.1562
108,866,5,1,213.0,0.0,2.018,0.1488
108,866,5,2,199.5,0.0,1.737,0.1459
108,866,5,3,212.5,0.0,1.651,0.1433
108,866,5,4,204.5,0.0,1.666,0.1504
108,866,5,5,213.0,11.13,1.716,0.1523
108,866,5,6,200.5,33.0,1.738,0.1603
108,866,5,7,213.0,56.66,1.838,0.1666
108,866,5,8,206.5,76.58,2.242,0.1741
108,866,5,9,224.5,82.05,2.466,0.178
108,866,5,10,246.0,94.24,2.539,0.1771
108,866,5,11,246.5,88.79,2.58,0.1808
108,866,5,12,262.0,71.34,2.564,0.1787
108,866,5,13,264.0,51.86,2.537,0.1814
108,866,5,14,280.0,55.88,2.42,0.1871
108,866,5,15,286.5,33.8,2.476,0.1842
108,866,5,16,289.5,22.1,2.507,0.1811
108,866,5,17,289.0,12.64,2.5,0.1827
108,866,5,18,281.5,2.94,2.391,0.1837
108,866,5,19,280.5,0.0,2.5,0.1849
108,866,5,20,271.5,0.0,2.797,0.1855
108,866,5,21,259.5,0.0,2.486,0.1805
108,866,5,22,224.5,0.0,2.264,0.1681
108,866,5,23,224.5,0.0,2.119,0.1547
108,867,6,0,205.0,0.0,2.158,0.1591
108,867,6,1,220.5,0.0,2.056,0.152
108,867,6,2,212.5,0.0,1.815,0.1414
108,867,6,3,213.5,0.0,1.561,0.1436
108,867,6,4,220.0,0.0,1.493,0.1362
108,867,6,5,219.5,10.0,1.535,0.1374
108,867,6,6,211.5,28.84,1.536,0.145
108,867,6,7,222.5,51.45,1.592,0.1498
108,867,6,8,225.0,46.41,1.823,0.1468
108,867,6,9,226.0,59.79,2.091,0.1548
108,867,6,10,245.0,77.45,2.159,0.1519
108,867,6,11,293.0,62.13,2.194,0.1508
108,867,6,12,293.0,64.43,2.134,0.1516
108,867,6,13,297.0,58.94,2.144,0.1529
108,867,6,14,299.0,71.02,2.12,0.153
108,867,6,15,297.5,55.72,2.153,0.1527
108,867,6,16,292.0,38.03,2.195,0.1566
108,867,6,17,291.0,22.21,2.24,0.1618
108,867,6,18,283.0,5.87,2.332,0.1676
108,867,6,19,281.5,0.0,2.525,0.1682
108,867,6,20,277.5,0.0,2.783,0.1755
108,867,6,21,270.0,0.0,2.57,0.1698
108,867,6,22,266.5,0.0,2.191,0.1608
108,867,6,23,244.0,0.0,2.102,0.1487
108,868,0,0,231.5,0.0,1.835,0.1451
108,868,0,1,201.5,0.0,1.603,0.1426
108,868,0,2,201.5,0.0,1.524,0.1464
108,868,0,3,193.5,0.0,1.515,0.145
108,868,0,4,195.0,0.0,1.545,0.1447
108,868,0,5,190.5,12.65,1.858,0.1489
108,868,0,6,194.0,35.12,2.146,0.1557
108,868,0,7,200.5,59.74,2.227,0.1675
108,868,0,8,203.0,76.44,2.475,0.1853
108,868,0,9,245.0,96.51,2.701,0.1835
108,868,0,10,278.0,104.78,2.816,0.1769
108,868,0,11,287.5,119.65,2.816,0.1789
108,868,0,12,327.0,116.58,2.806,0.1823
108,868,0,13,358.5,111.64,2.808,0.1801
108,868,0,14,358.0,97.2,2.751,0.1792
108,868,0,15,349.0,77.63,2.815,0.1786
108,868,0,16,379.0,54.43,2.816,0.1834
108,868,0,17,368.5,29.83,2.827,0.1902
108,868,0,18,326.0,7.78,2.603,0.1934
108,868,0,19,311.5,0.0,2.643,0.1947
108,868,0,20,296.5,0.0,2.902,0.1992
108,868,0,21,287.5,0.0,2.33,0.1978
108,868,0,22,285.5,0.0,2.054,0.1816
108,868,0,23,289.0,0.0,2.03,0.1694
108,869,1,0,238.5,0.0,1.866,0.1653
108,869,1,1,241.0,0.0,1.818,0.1615
108,869,1,2,202.0,0.0,1.62,0.1567
108,869,1,3,188.5,0.0,1.631,0.158
108,869,1,4,201.0,0.0,1.656,0.1645
108,869,1,5,217.0,4.81,1.85,0.1695
108,869,1,6,222.0,14.93,2.197,0.1886
108,869,1,7,220.0,24.3,2.312,0.1914
108,869,1,8,223.5,40.59,2.388,0.1974
108,869,1,9,279.0,39.56,2.446,0.1996
108,869,1,10,254.5,53.29,2.596,0.1982
108,869,1,11,333.5,44.4,2.591,0.1993
108,869,1,12,347.0,30.91,2.553,0.1984
108,869,1,13,365.0,32.85,2.53,0.1975
108,869,1,14,350.0,24.97,2.375,0.2007
108,869,1,15,352.0,14.01,2.517,0.204
108,869,1,16,360.0,10.62,2.569,0.2019
108,869,1,17,370.0,3.97,2.494,0.2
108,869,1,18,312.0,2.07,2.378,0.2007
108,869,1,19,281.0,0.0,2.389,0.2036
108,869,1,20,244.0,0.0,2.86,0.2063
108,869,1,21,209.5,0.0,2.38,0.1949
108,869,1,22,192.0,0.0,2.011,0.183
108,869,1,23,198.5,0.0,1.936,0.1752
108,870,2,0,193.0,0.0,2.17,0.165
108,870,2,1,214.0,0.0,2.056,0.1594
108,870,2,2,197.0,0.0,1.827,0.1559
108,870,2,3,191.0,0.0,1.511,0.1545
108,870,2,4,199.0,0.0,1.523,0.1593
108,870,2,5,197.5,5.16,1.827,0.1722
108,870,2,6,191.0,13.83,2.282,0.1883
108,870,2,7,197.0,25.28,2.343,0.1978
108,870,2,8,215.0,36.95,2.569,0.2046
108,870,2,9,233.0,57.67,2.662,0.2061
108,870,2,10,271.5,85.57,2.761,0.2078
108,870,2,11,274.5,109.22,2.828,0.2082
108,870,2,12,249.0,100.25,2.801,0.2033
108,870,2,13,255.5,83.33,2.802,0.2051
108,870,2,14,248.0,74.98,2.662,0.2071
108,870,2,15,260.0,36.61,2.635,0.2072
108,870,2,16,281.0,24.12,2.697,0.2087
108,870,2,17,256.0,11.7,2.642,0.207
108,870,2,18,220.5,3.11,2.601,0.2051
108,870,2,19,195.5,0.0,2.6,0.2053
108,870,2,20,192.5,0.0,2.974,0.2087
108,870,2,21,178.5,0.0,2.465,0.2018
108,870,2,22,177.0,0.0,2.156,0.1933
108,870,2,23,170.0,0.0,2.157,0.1897
108,871,3,0,171.0,0.0,1.479,0.1741
108,871,3,1,179.0,0.0,1.336,0.1701
108,871,3,2,175.0,0.0,1.069,0.1692
108,871,3,3,170.0,0.0,1.009,0.1698
108,871,3,4,177.0,0.0,1.0,0.1704
108,871,3,5,180.5,7.03,1.335,0.1739
108,871,3,6,182.0,20.65,2.038,0.1855
108,871,3,7,175.5,40.0,2.159,0.1912
108,871,3,8,184.5,67.27,2.166,0.1968
108,871,3,9,223.0,86.81,2.267,0.2005
108,871,3,10,222.5,87.46,2.5,0.2002
108,871,3,11,261.0,62.71,2.468,0.2007
108,871,3,12,270.0,70.47,2.383,0.1977
108,871,3,13,283.0,64.9,2.543,0.1981
108,871,3,14,281.0,68.91,2.455,0.1987
108,871,3,15,282.0,52.85,2.465,0.1972
108,871,3,16,312.0,37.24,2.521,0.1982
108,871,3,17,316.5,22.4,2.468,0.2059
108,871,3,18,268.5,6.64,2.396,0.2005
108,871,3,19,260.0,0.0,2.264,0.1979
108,871,3,20,232.0,0.0,2.688,0.2001
108,871,3,21,202.0,0.0,2.168,0.1971
108,871,3,22,176.5,0.0,1.818,0.1853
108,871,3,23,175.0,0.0,1.609,0.176
108,872,4,0,188.5,0.0,1.799,0.1587
108,872,4,1,175.0,0.0,1.5,0.1465
108,872,4,2,172.5,0.0,1.249,0.145
108,872,4,3,184.0,0.0,1.078,0.1484
108,872,4,4,170.5,0.0,1.192,0.1506
108,872,4,5,170.0,12.42,1.504,0.1572
108,872,4,6,182.0,33.86,2.015,0.1731
108,872,4,7,177.5,57.89,2.104,0.1867
108,872,4,8,185.5,80.01,2.07,0.2109
108,872,4,9,225.5,98.1,2.295,0.1983
108,872,4,10,247.5,110.62,2.343,0.2
108,872,4,11,263.5,115.94,2.427,0.1997
108,872,4,12,273.5,114.31,2.489,0.1965
108,872,4,13,292.0,105.55,2.503,0.1975
108,872,4,14,291.0,90.28,2.536,0.1996
108,872,4,15,324.0,69.63,2.638,0.2023
108,872,4,16,344.0,45.91,2.607,0.2037
108,872,4,17,378.0,23.96,2.497,0.2012
108,872,4,18,339.5,6.39,2.194,0.2002
108,872,4,19,305.0,0.0,2.197,0.1981
108,872,4,20,272.5,0.0,2.452,0.2
108,872,4,21,237.0,0.0,2.164,0.1935
108,872,4,22,208.0,0.0,1.885,0.1804
108,872,4,23,198.5,0.0,1.859,0.172
108,873,5,0,182.5,0.0,1.985,0.1625
108,873,5,1,166.0,0.0,1.779,0.1545
108,873,5,2,180.0,0.0,1.377,0.1478
108,873,5,3,175.0,0.0,1.189,0.1501
108,873,5,4,161.5,0.0,1.096,0.1489
108,873,5,5,161.5,2.6,1.067,0.148
108,873,5,6,172.5,11.53,0.967,0.1626
108,873,5,7,167.5,10.85,1.547,0.1635
108,873,5,8,163.0,17.05,1.931,0.1692
108,873,5,9,182.0,29.87,2.238,0.1787
108,873,5,10,190.5,31.64,2.348,0.1811
108,873,5,11,185.5,29.7,2.434,0.1831
108,873,5,12,198.5,36.92,2.494,0.183
108,873,5,13,195.0,36.11,2.507,0.181
108,873,5,14,203.0,28.03,2.37,0.1849
108,873,5,15,208.5,26.06,2.347,0.1872
108,873,5,16,202.0,18.01,2.1,0.1834
108,873,5,17,193.0,8.84,2.146,0.183
108,873,5,18,185.0,2.32,2.086,0.1872
108,873,5,19,181.5,0.0,2.1,0.1866
108,873,5,20,180.5,0.0,2.457,0.1891
108,873,5,21,181.5,0.0,2.17,0.1854
108,873,5,22,168.5,0.0,1.889,0.1732
108,873,5,23,179.0,0.0,1.812,0.1679
108,874,6,0,179.0,0.0,1.384,0.1627
108,874,6,1,169.0,0.0,1.182,0.1592
108,874,6,2,169.5,0.0,1.142,0.1492
108,874,6,3,169.0,0.0,1.018,0.1449
108,874,6,4,181.5,0.0,0.858,0.1454
108,874,6,5,193.5,4.15,0.796,0.1486
108,874,6,6,185.5,11.65,0.713,0.1548
108,874,6,7,177.5,19.99,0.923,0.1585
108,874,6,8,189.5,30.09,1.235,0.1553
108,874,6,9,201.5,37.26,1.466,0.161
108,874,6,10,216.5,52.3,1.516,0.1704
108,874,6,11,219.0,54.87,1.658,0.1723
108,874,6,12,217.5,54.28,1.651,0.1679
108,874,6,13,217.5,46.23,1.673,0.1678
108,874,6,14,218.0,37.39,1.528,0.168
108,874,6,15,220.0,37.15,1.556,0.1654
108,874,6,16,223.0,26.15,1.709,0.1677
108,874,6,17,222.5,14.32,1.768,0.1705
108,874,6,18,219.0,4.67,1.767,0.173
108,874,6,19,214.5,0.0,1.894,0.1822
108,874,6,20,213.5,0.0,2.148,0.1899
108,874,6,21,210.0,0.0,1.989,0.1885
108,874,6,22,204.0,0.0,1.538,0.1771
108,874,6,23,207.0,0.0,1.386,0.1749
108,875,0,0,207.0,0.0,1.182,0.1651
108,875,0,1,186.0,0.0,1.064,0.1642
108,875,0,2,183.5,0.0,0.963,0.1577
108,875,0,3,189.5,0.0,0.868,0.1573
108,875,0,4,201.0,0.34,0.864,0.1549
108,875,0,5,199.5,8.9,1.216,0.1627
108,875,0,6,194.5,25.73,1.512,0.176
108,875,0,7,193.0,47.85,1.9,0.183
108,875,0,8,226.0,75.25,1.972,0.191
108,875,0,9,239.0,93.09,2.102,0.1944
108,875,0,10,297.0,100.07,2.231,0.1938
108,875,0,11,362.0,105.67,2.31,0.196
108,875,0,12,362.5,87.84,2.3,0.2016
108,875,0,13,379.5,75.11,2.338,0.1999
108,875,0,14,379.0,61.5,2.329,0.2009
108,875,0,15,397.0,46.61,2.48,0.2005
108,875,0,16,379.5,30.26,2.355,0.2078
108,875,0,17,379.5,16.29,2.298,0.2111
108,875,0,18,339.0,4.52,2.128,0.2043
108,875,0,19,317.5,0.0,2.187,0.1995
108,875,0,20,291.5,0.0,2.425,0.2015
108,875,0,21,273.0,0.0,2.024,0.2012
108,875,0,22,251.0,0.0,1.68,0.1796
108,875,0,23,229.0,0.0,1.605,0.1726
108,876,1,0,220.5,0.0,1.178,0.1681
108,876,1,1,200.5,0.0,1.055,0.1591
108,876,1,2,211.0,0.0,0.926,0.1582
108,876,1,3,202.0,0.0,0.911,0.1629
108,876,1,4,194.0,0.22,0.917,0.1665
108,876,1,5,202.5,4.41,1.185,0.1642
108,876,1,6,196.5,11.77,1.602,0.1786
108,876,1,7,197.5,21.01,1.954,0.1867
108,876,1,8,218.5,31.08,2.102,0.1966
108,876,1,9,274.5,41.65,2.252,0.1975
108,876,1,10,326.5,50.56,2.332,0.2044
108,876,1,11,355.0,68.35,2.356,0.2079
108,876,1,12,350.5,89.6,2.417,0.2031
108,876,1,13,357.5,85.81,2.45,0.1988
108,876,1,14,357.5,70.84,2.447,0.2017
108,876,1,15,369.0,34.46,2.455,0.2016
108,876,1,16,358.5,25.67,2.569,0.1999
108,876,1,17,358.0,15.46,2.523,0.2024
108,876,1,18,322.5,5.02,2.356,0.2022
108,876,1,19,307.5,0.0,2.367,0.2021
108,876,1,20,288.0,0.0,2.402,0.2015
108,876,1,21,266.5,0.0,2.024,0.1969
108,876,1,22,243.0,0.0,1.679,0.1821
108,876,1,23,229.5,0.0,1.381,0.1711
108,877,2,0,223.5,0.0,2.011,0.1617
108,877,2,1,238.0,0.0,1.761,0.1645
108,877,2,2,238.0,0.0,1.535,0.1685
108,877,2,3,233.0,0.0,1.419,0.166
108,877,2,4,221.0,0.45,1.426,0.1701
108,877,2,5,227.5,10.56,1.639,0.1726
108,877,2,6,231.0,30.84,2.111,0.1821
108,877,2,7,228.5,54.5,2.301,0.1933
108,877,2,8,220.5,76.1,2.361,0.2062
108,877,2,9,265.5,94.24,2.631,0.212
108,877,2,10,299.0,106.71,2.802,0.2116
108,877,2,11,296.0,112.05,2.841,0.2131
108,877,2,12,309.0,112.26,2.971,0.2182
108,877,2,13,322.5,103.41,3.061,0.2207
108,877,2,14,301.5,88.21,3.16,0.2197
108,877,2,15,330.0,69.74,3.357,0.2242
108,877,2,16,314.0,47.87,3.463,0.2275
108,877,2,17,290.0,26.91,3.226,0.232
108,877,2,18,267.5,8.38,2.955,0.2334
108,877,2,19,243.0,0.0,2.826,0.2306
108,877,2,20,239.0,0.0,2.989,0.2296
108,877,2,21,230.5,0.0,2.609,0.2427
108,877,2,22,219.0,0.0,2.231,0.2078
108,877,2,23,215.5,0.0,2.144,0.1929
108,878,3,0,214.0,0.0,2.053,0.1926
108,878,3,1,222.0,0.0,1.811,0.1854
108,878,3,2,215.0,0.0,1.483,0.1812
108,878,3,3,209.5,0.0,1.283,0.1797
108,878,3,4,213.0,0.44,1.189,0.1789
108,878,3,5,213.5,9.89,1.519,0.1801
108,878,3,6,210.0,28.66,2.096,0.1958
108,878,3,7,211.0,51.36,2.313,0.2149
108,878,3,8,217.0,70.97,2.525,0.2296
108,878,3,9,272.0,92.03,2.68,0.2349
108,878,3,10,340.5,104.64,3.015,0.2407
108,878,3,11,344.0,108.93,3.252,0.243
108,878,3,12,348.0,106.42,3.572,0.2498
108,878,3,13,360.5,98.31,3.813,0.2523
108,878,3,14,388.0,84.7,4.055,0.2558
108,878,3,15,388.5,62.6,4.592,0.2538
108,878,3,16,388.0,42.66,4.731,0.2524
108,878,3,17,391.0,22.53,3.955,0.2503
108,878,3,18,343.0,7.04,3.5,0.2517
108,878,3,19,312.5,0.0,3.007,0.2492
108,878,3,20,292.5,0.0,3.183,0.2484
108,878,3,21,266.0,0.0,2.798,0.2467
108,878,3,22,251.0,0.0,2.393,0.2272
108,878,3,23,239.0,0.0,2.25,0.2109
108,879,4,0,190.0,0.0,1.977,0.197
108,879,4,1,210.0,0.0,1.64,0.1916
108,879,4,2,209.0,0.0,1.301,0.1886
108,879,4,3,203.5,0.0,1.222,0.1892
108,879,4,4,209.0,0.41,1.182,0.1871
108,879,4,5,212.0,9.19,1.508,0.1891
108,879,4,6,205.5,27.02,2.111,0.1993
108,879,4,7,210.0,47.62,2.359,0.2159
108,879,4,8,245.0,70.45,2.543,0.229
108,879,4,9,283.5,89.13,2.833,0.2406
108,879,4,10,327.5,98.97,3.023,0.247
108,879,4,11,322.5,99.57,3.334,0.2501
108,879,4,12,332.5,82.48,3.634,0.2533
108,879,4,13,367.0,67.47,3.895,0.2505
108,879,4,14,371.0,70.27,4.28,0.2542
108,879,4,15,343.0,56.45,4.812,0.2551
108,879,4,16,378.0,39.48,5.015,0.253
108,879,4,17,369.5,21.66,4.214,0.2504
108,879,4,18,351.0,7.0,3.614,0.2549
108,879,4,19,293.5,0.0,3.177,0.2542
108,879,4,20,240.0,0.0,3.176,0.2539
108,879,4,21,202.0,0.0,2.915,0.2515
108,879,4,22,191.0,0.0,2.395,0.2409
108,879,4,23,189.5,0.0,2.296,0.2342
108,880,5,0,183.5,0.0,2.156,0.2227
108,880,5,1,180.0,0.0,1.902,0.2127
108,880,5,2,193.5,0.0,1.597,0.2021
108,880,5,3,190.5,0.0,1.411,0.1988
108,880,5,4,194.0,0.43,1.359,0.1987
108,880,5,5,206.0,9.45,1.348,0.1969
108,880,5,6,206.0,28.1,1.482,0.1859
108,880,5,7,202.0,50.05,1.912,0.1903
108,880,5,8,193.5,73.75,2.289,0.2083
108,880,5,9,204.0,91.31,2.584,0.2313
108,880,5,10,205.0,103.59,2.784,0.2449
108,880,5,11,203.5,110.76,3.02,0.2505
108,880,5,12,208.0,109.31,3.256,0.2529
108,880,5,13,204.0,97.82,3.481,0.2535
108,880,5,14,199.5,85.36,3.583,0.2553
108,880,5,15,213.5,66.5,3.712,0.2516
108,880,5,16,232.5,45.05,3.919,0.2571
108,880,5,17,250.0,24.96,3.661,0.2573
108,880,5,18,259.5,8.03,3.254,0.2583
108,880,5,19,268.0,0.0,3.013,0.2564
108,880,5,20,257.0,0.0,3.063,0.2507
108,880,5,21,212.5,0.0,2.888,0.2509
108,880,5,22,190.5,0.0,2.47,0.2429
108,880,5,23,181.5,0.0,2.31,0.239
108,881,6,0,190.0,0.0,2.306,0.2305
108,881,6,1,214.0,0.0,2.144,0.2173
108,881,6,2,211.5,0.0,1.886,0.2079
108,881,6,3,207.5,0.0,1.626,0.2027
108,881,6,4,204.0,0.52,1.52,0.2021
108,881,6,5,205.0,10.21,1.417,0.2023
108,881,6,6,197.5,28.01,1.331,0.1884
108,881,6,7,192.0,49.69,1.625,0.1973
108,881,6,8,196.5,71.17,2.112,0.2011
108,881,6,9,209.0,87.52,2.452,0.2131
108,881,6,10,199.5,103.86,2.705,0.2261
108,881,6,11,203.0,110.1,2.948,0.2435
108,881,6,12,199.5,106.6,3.025,0.2476
108,881,6,13,202.0,97.74,3.187,0.2482
108,881,6,14,208.0,87.27,3.375,0.2465
108,881,6,15,206.0,64.45,3.546,0.2433
108,881,6,16,191.0,41.44,3.51,0.2407
108,881,6,17,192.5,22.4,3.41,0.2382
108,881,6,18,188.5,7.68,3.11,0.2352
108,881,6,19,189.5,0.0,3.015,0.2338
108,881,6,20,189.0,0.0,3.103,0.2327
108,881,6,21,180.5,0.0,2.873,0.2276
108,881,6,22,169.5,0.0,2.344,0.2167
108,881,6,23,179.0,0.0,2.097,0.2201
108,882,0,0,207.5,0.0,2.096,0.2095
108,882,0,1,173.5,0.0,2.002,0.1981
108,882,0,2,184.5,0.0,1.845,0.1952
108,882,0,3,188.0,0.0,1.502,0.1933
108,882,0,4,182.5,0.26,1.412,0.1901
108,882,0,5,183.0,5.06,1.436,0.1954
108,882,0,6,196.0,12.78,1.349,0.1967
108,882,0,7,200.5,24.16,1.316,0.1861
108,882,0,8,197.5,39.11,1.777,0.1922
108,882,0,9,213.5,63.31,2.142,0.205
108,882,0,10,215.0,77.9,2.219,0.2181
108,882,0,11,207.5,87.43,2.396,0.2249
108,882,0,12,223.5,64.43,2.517,0.2285
108,882,0,13,227.5,58.37,2.655,0.2285
108,882,0,14,218.0,23.91,2.656,0.2291
108,882,0,15,216.0,38.38,2.706,0.2273
108,882,0,16,221.0,17.69,2.739,0.2303
108,882,0,17,229.0,10.02,2.778,0.2328
108,882,0,18,231.5,4.25,2.527,0.2364
108,882,0,19,242.0,0.0,2.52,0.2365
108,882,0,20,248.0,0.0,2.705,0.2392
108,882,0,21,253.0,0.0,2.446,0.2351
108,882,0,22,247.0,0.0,2.03,0.2185
108,882,0,23,230.5,0.0,1.893,0.21
108,883,1,0,204.5,0.0,1.973,0.2116
108,883,1,1,226.0,0.0,1.64,0.2022
108,883,1,2,218.0,0.0,1.481,0.1964
108,883,1,3,210.0,0.0,1.459,0.1937
108,883,1,4,213.0,0.51,1.402,0.1938
108,883,1,5,203.0,10.09,1.658,0.1967
108,883,1,6,203.0,27.22,2.063,0.2043
108,883,1,7,213.5,47.67,2.318,0.213
108,883,1,8,208.0,60.59,2.502,0.2292
108,883,1,9,248.0,74.8,2.824,0.2426
108,883,1,10,215.5,90.31,3.126,0.2486
108,883,1,11,228.0,109.19,3.527,0.2474
108,883,1,12,232.0,106.55,3.789,0.2456
108,883,1,13,251.5,100.22,4.018,0.2492
108,883,1,14,251.5,88.8,4.449,0.2517
108,883,1,15,293.0,69.88,4.757,0.25
108,883,1,16,304.5,50.72,4.813,0.2528
108,883,1,17,261.5,28.93,4.298,0.2533
108,883,1,18,225.5,9.46,3.684,0.2537
108,883,1,19,207.0,0.25,3.256,0.2576
108,883,1,20,186.5,0.0,3.337,0.2543
108,883,1,21,187.0,0.0,2.903,0.2488
108,883,1,22,185.0,0.0,2.405,0.2384
108,883,1,23,176.5,0.0,2.189,0.2295
108,884,2,0,166.0,0.0,2.078,0.2151
108,884,2,1,187.0,0.0,1.781,0.2006
108,884,2,2,177.0,0.0,1.551,0.1991
108,884,2,3,172.5,0.0,1.363,0.1994
108,884,2,4,178.0,0.63,1.29,0.2028
108,884,2,5,181.0,12.06,1.511,0.204
108,884,2,6,173.5,32.69,1.985,0.2135
108,884,2,7,179.0,55.54,2.199,0.2239
108,884,2,8,197.5,74.85,2.416,0.2399
108,884,2,9,234.0,91.39,2.711,0.2459
108,884,2,10,220.5,102.18,2.856,0.2483
108,884,2,11,264.5,105.59,2.999,0.2513
108,884,2,12,225.5,96.43,3.232,0.2487
108,884,2,13,236.5,87.69,3.53,0.2522
108,884,2,14,242.0,76.94,3.804,0.2578
108,884,2,15,242.5,60.96,4.033,0.2588
108,884,2,16,253.5,41.39,3.799,0.2549
108,884,2,17,239.0,23.13,3.473,0.2541
108,884,2,18,211.5,8.32,2.973,0.2565
108,884,2,19,207.5,0.0,2.759,0.2537
108,884,2,20,191.0,0.0,2.768,0.2505
108,884,2,21,178.0,0.0,2.525,0.2475
108,884,2,22,183.5,0.0,2.146,0.2343
108,884,2,23,181.5,0.0,1.956,0.2197
108,885,3,0,197.5,0.0,1.713,0.1972
108,885,3,1,181.0,0.0,1.454,0.1818
108,885,3,2,189.0,0.0,1.284,0.1789
108,885,3,3,191.5,0.0,1.209,0.1733
108,885,3,4,184.5,0.48,1.151,0.1717
108,885,3,5,189.5,7.88,1.229,0.1751
108,885,3,6,198.5,21.05,1.646,0.1869
108,885,3,7,207.5,38.66,1.834,0.1997
108,885,3,8,210.5,64.48,2.097,0.2053
108,885,3,9,246.0,86.91,2.263,0.2196
108,885,3,10,241.5,93.85,2.402,0.2254
108,885,3,11,269.0,102.67,2.556,0.2326
108,885,3,12,300.0,107.48,2.612,0.2337
108,885,3,13,294.5,95.11,2.795,0.2344
108,885,3,14,285.5,84.57,2.846,0.2365
108,885,3,15,324.0,64.78,2.954,0.2412
108,885,3,16,289.5,43.95,2.961,0.2466
108,885,3,17,299.5,23.09,2.844,0.2487
108,885,3,18,265.5,7.77,2.578,0.2463
108,885,3,19,243.0,0.0,2.452,0.2389
108,885,3,20,225.5,0.0,2.535,0.2336
108,885,3,21,220.5,0.0,2.295,0.2314
108,885,3,22,215.0,0.0,1.925,0.2215
108,885,3,23,201.0,0.0,1.732,0.2108
108,886,4,0,184.5,0.0,1.974,0.1827
108,886,4,1,210.0,0.0,1.72,0.1754
108,886,4,2,203.5,0.0,1.512,0.175
108,886,4,3,195.0,0.0,1.431,0.1826
108,886,4,4,199.5,0.22,1.359,0.1872
108,886,4,5,204.0,2.61,1.587,0.1954
108,886,4,6,194.0,5.59,1.941,0.2124
108,886,4,7,208.0,9.89,2.16,0.2204
108,886,4,8,214.5,16.1,2.275,0.2344
108,886,4,9,257.0,17.55,2.478,0.2439
108,886,4,10,250.0,25.49,2.633,0.2441
108,886,4,11,273.0,39.65,2.811,0.2437
108,886,4,12,302.5,37.43,2.868,0.2465
108,886,4,13,307.0,38.61,3.003,0.2509
108,886,4,14,278.5,32.79,2.981,0.2433
108,886,4,15,276.0,27.25,2.985,0.2409
108,886,4,16,283.0,17.71,3.096,0.2446
108,886,4,17,278.0,10.84,2.981,0.2443
108,886,4,18,268.5,4.51,2.747,0.2422
108,886,4,19,231.0,0.0,2.705,0.2406
108,886,4,20,210.0,0.0,2.644,0.2384
108,886,4,21,193.0,0.0,2.35,0.228
108,886,4,22,188.5,0.0,2.163,0.2213
108,886,4,23,169.5,0.0,1.962,0.2171
108,887,5,0,175.0,0.0,2.118,0.2051
108,887,5,1,180.0,0.0,1.896,0.1939
108,887,5,2,173.0,0.0,1.745,0.1916
108,887,5,3,169.0,0.0,1.576,0.1882
108,887,5,4,176.0,0.43,1.475,0.1873
108,887,5,5,178.5,7.63,1.509,0.1864
108,887,5,6,170.0,20.62,1.227,0.1902
108,887,5,7,173.0,36.84,1.674,0.1989
108,887,5,8,182.0,55.09,1.967,0.2033
108,887,5,9,182.5,69.16,2.352,0.2142
108,887,5,10,187.5,80.51,2.456,0.2208
108,887,5,11,191.5,82.19,2.794,0.2231
108,887,5,12,200.5,87.59,2.858,0.2286
108,887,5,13,198.5,79.09,3.203,0.2378
108,887,5,14,203.5,65.74,3.463,0.2423
108,887,5,15,204.0,48.91,3.92,0.2451
108,887,5,16,202.5,31.95,3.023,0.2496
108,887,5,17,203.5,17.51,2.965,0.2481
108,887,5,18,202.5,5.65,2.831,0.2426
108,887,5,19,203.5,0.0,2.812,0.2386
108,887,5,20,195.5,0.0,2.862,0.233
108,887,5,21,199.0,0.0,3.448,0.2292
108,887,5,22,191.5,0.0,2.235,0.2261
108,887,5,23,191.0,0.0,2.076,0.2249
108,888,6,0,186.0,0.0,2.146,0.2086
108,888,6,1,187.0,0.0,1.884,0.1893
108,888,6,2,185.0,0.0,1.784,0.1797
108,888,6,3,176.5,0.0,1.607,0.1794
108,888,6,4,175.5,0.33,1.403,0.1803
108,888,6,5,171.0,3.55,1.388,0.1839
108,888,6,6,171.0,8.46,1.256,0.1768
108,888,6,7,177.5,13.97,1.478,0.183
108,888,6,8,176.5,15.88,1.663,0.194
108,888,6,9,178.0,20.62,2.048,0.1905
108,888,6,10,186.0,33.23,2.21,0.1962
108,888,6,11,187.5,43.86,2.354,0.2014
108,888,6,12,189.0,44.26,2.563,0.2004
108,888,6,13,191.5,40.82,2.739,0.204
108,888,6,14,196.5,37.35,2.759,0.2083
108,888,6,15,206.0,25.75,2.8,0.217
108,888,6,16,218.5,11.74,2.802,0.2201
108,888,6,17,221.0,7.58,2.786,0.2225
108,888,6,18,221.5,2.05,2.677,0.2261
108,888,6,19,221.0,0.0,2.562,0.2232
108,888,6,20,210.5,0.0,2.781,0.2191
108,888,6,21,195.5,0.0,3.107,0.2077
108,888,6,22,187.5,0.0,2.285,0.2001
108,888,6,23,183.0,0.0,2.053,0.1949
108,889,0,0,232.5,0.0,2.143,0.1914
108,889,0,1,184.5,0.0,1.894,0.1815
108,889,0,2,173.5,0.0,1.725,0.171
108,889,0,3,182.5,0.0,1.686,0.1765
108,889,0,4,176.0,0.63,1.611,0.1739
108,889,0,5,168.0,11.48,1.775,0.1821
108,889,0,6,180.0,32.4,1.994,0.1959
108,889,0,7,191.0,55.68,2.175,0.2018
108,889,0,8,191.0,78.87,2.4,0.2164
108,889,0,9,259.0,96.77,2.705,0.2196
108,889,0,10,273.5,109.84,2.975,0.2255
108,889,0,11,346.0,115.96,3.113,0.2237
108,889,0,12,380.5,110.53,3.3,0.2305
108,889,0,13,372.5,94.91,3.639,0.2251
108,889,0,14,405.5,77.36,3.902,0.2304
108,889,0,15,405.5,69.08,4.333,0.2414
108,889,0,16,401.5,43.61,4.525,0.241
108,889,0,17,413.0,25.35,3.95,0.2547
108,889,0,18,377.5,8.68,3.182,0.2614
108,889,0,19,360.0,0.29,3.03,0.2533
108,889,0,20,351.5,0.0,3.14,0.2476
108,889,0,21,311.0,0.0,2.968,0.24
108,889,0,22,288.5,0.0,2.419,0.227
108,889,0,23,282.5,0.0,2.306,0.196
108,890,1,0,247.0,0.0,2.111,0.1866
108,890,1,1,262.0,0.0,1.808,0.1842
108,890,1,2,237.0,0.0,1.648,0.1757
108,890,1,3,205.5,0.0,1.533,0.1764
108,890,1,4,202.0,0.69,1.385,0.177
108,890,1,5,202.0,12.16,1.573,0.1786
108,890,1,6,210.0,31.94,1.977,0.1865
108,890,1,7,214.5,53.12,2.133,0.2003
108,890,1,8,225.0,71.16,2.5,0.2133
108,890,1,9,302.0,93.28,2.855,0.2231
108,890,1,10,320.0,97.59,2.991,0.2299
108,890,1,11,303.0,111.03,3.0,0.2322
108,890,1,12,343.0,92.73,3.155,0.2341
108,890,1,13,352.5,71.61,3.342,0.2405
108,890,1,14,346.0,43.6,3.512,0.2409
108,890,1,15,339.0,23.95,3.9,0.2349
108,890,1,16,351.0,20.03,4.091,0.2332
108,890,1,17,336.5,13.69,3.574,0.2323
108,890,1,18,310.0,6.67,3.147,0.2278
108,890,1,19,283.5,0.39,2.9,0.22
108,890,1,20,269.0,0.0,2.926,0.2229
108,890,1,21,252.0,0.0,2.769,0.2194
108,890,1,22,216.0,0.0,2.305,0.209
108,890,1,23,201.0,0.0,2.216,0.209
108,891,2,0,225.0,0.0,1.848,0.16
108,891,2,1,280.5,0.0,1.716,0.1441
108,891,2,2,292.5,0.0,1.365,0.1444
108,891,2,3,282.5,0.0,1.226,0.1466
108,891,2,4,241.0,0.7,1.168,0.147
108,891,2,5,200.0,10.98,1.271,0.1515
108,891,2,6,198.5,27.83,1.75,0.1649
108,891,2,7,205.5,48.17,2.001,0.1784
108,891,2,8,209.5,53.52,2.11,0.1882
108,891,2,9,253.0,50.85,2.457,0.2001
108,891,2,10,289.0,41.56,2.478,0.1952
108,891,2,11,312.5,19.03,2.525,0.1943
108,891,2,12,303.5,26.75,2.53,0.1951
108,891,2,13,335.0,71.22,2.613,0.2
108,891,2,14,329.5,64.44,2.66,0.198
108,891,2,15,349.5,56.21,2.978,0.194
108,891,2,16,324.5,47.3,2.704,0.1901
108,891,2,17,313.5,26.12,2.462,0.192
108,891,2,18,271.0,9.17,2.177,0.1884
108,891,2,19,252.0,0.4,2.203,0.1804
108,891,2,20,242.0,0.0,2.16,0.1789
108,891,2,21,217.0,0.0,2.01,0.1764
108,891,2,22,202.5,0.0,1.833,0.1651
108,891,2,23,196.5,0.0,1.579,0.1594
108,892,3,0,194.5,0.0,1.531,0.138
108,892,3,1,197.0,0.0,1.265,0.1332
108,892,3,2,193.5,0.0,1.148,0.1329
108,892,3,3,182.0,0.0,1.028,0.1343
108,892,3,4,185.0,0.8,0.964,0.1387
108,892,3,5,186.0,14.15,1.1,0.1414
108,892,3,6,192.5,36.79,1.518,0.1535
108,892,3,7,194.0,60.68,1.717,0.1674
108,892,3,8,202.0,82.47,2.049,0.1748
108,892,3,9,227.0,100.3,2.124,0.1831
108,892,3,10,244.0,112.81,2.113,0.1841
108,892,3,11,257.0,119.24,2.144,0.1825
108,892,3,12,274.5,118.51,2.229,0.181
108,892,3,13,360.5,110.4,2.442,0.1811
108,892,3,14,318.0,95.59,2.442,0.1805
108,892,3,15,343.0,76.65,2.547,0.1794
108,892,3,16,361.0,55.63,2.544,0.1798
108,892,3,17,400.0,33.6,2.48,0.1831
108,892,3,18,409.5,12.55,2.269,0.1826
108,892,3,19,369.5,0.56,2.133,0.184
108,892,3,20,349.0,0.0,2.207,0.1873
108,892,3,21,253.0,0.0,2.194,0.1823
108,892,3,22,210.5,0.0,2.103,0.1605
108,892,3,23,194.5,0.0,1.651,0.1473
108,893,4,0,196.5,0.0,1.453,0.1309
108,893,4,1,193.0,0.0,1.237,0.1244
108,893,4,2,190.5,0.0,1.004,0.126
108,893,4,3,193.5,0.0,0.926,0.1311
108,893,4,4,215.5,0.96,0.901,0.1372
108,893,4,5,244.5,15.73,1.033,0.144
108,893,4,6,243.5,39.18,1.39,0.1583
108,893,4,7,210.5,63.41,1.773,0.1672
108,893,4,8,213.0,85.15,1.896,0.1747
108,893,4,9,301.5,102.85,2.042,0.1865
108,893,4,10,347.0,115.22,2.218,0.1921
108,893,4,11,352.5,121.2,2.191,0.1949
108,893,4,12,360.5,120.61,2.136,0.1961
108,893,4,13,382.0,113.44,2.476,0.1979
108,893,4,14,401.0,100.03,2.575,0.1998
108,893,4,15,407.0,78.22,2.894,0.2027
108,893,4,16,445.0,57.65,2.871,0.2076
108,893,4,17,423.5,34.23,2.659,0.2119
108,893,4,18,391.0,12.87,2.359,0.2124
108,893,4,19,358.5,0.59,2.354,0.2078
108,893,4,20,349.0,0.0,2.349,0.2011
108,893,4,21,328.5,0.0,2.084,0.199
108,893,4,22,274.5,0.0,2.028,0.1744
108,893,4,23,213.0,0.0,1.537,0.1532
108,894,5,0,197.0,0.0,1.465,0.1397
108,894,5,1,201.0,0.0,1.285,0.1305
108,894,5,2,200.0,0.0,1.055,0.1257
108,894,5,3,195.5,0.0,0.934,0.126
108,894,5,4,194.0,0.74,0.902,0.1303
108,894,5,5,197.5,10.91,0.941,0.1298
108,894,5,6,192.0,27.54,0.937,0.1353
108,894,5,7,195.5,45.05,1.269,0.1337
108,894,5,8,199.0,68.94,2.01,0.1454
108,894,5,9,200.0,81.51,2.294,0.1586
108,894,5,10,205.5,91.18,2.294,0.1737
108,894,5,11,212.0,83.69,2.353,0.1837
108,894,5,12,213.0,79.46,2.451,0.1879
108,894,5,13,221.5,65.05,2.489,0.1901
108,894,5,14,220.0,67.72,2.716,0.1966
108,894,5,15,213.5,63.74,2.813,0.2024
108,894,5,16,209.0,44.62,2.814,0.2116
108,894,5,17,211.5,25.0,2.81,0.2201
108,894,5,18,210.5,8.68,2.711,0.2231
108,894,5,19,207.0,0.45,2.5,0.2226
108,894,5,20,199.0,0.0,2.574,0.223
108,894,5,21,194.0,0.0,2.534,0.2205
108,894,5,22,190.5,0.0,2.24,0.2084
108,894,5,23,194.5,0.0,2.012,0.1987
108,895,6,0,188.5,0.0,2.311,0.1816
108,895,6,1,189.5,0.0,2.092,0.1686
108,895,6,2,184.0,0.0,1.815,0.1618
108,895,6,3,186.5,0.0,1.383,0.1594
108,895,6,4,183.0,0.66,1.234,0.1643
108,895,6,5,185.5,11.82,1.209,0.1652
108,895,6,6,182.0,33.22,0.974,0.1693
108,895,6,7,185.0,56.63,1.5,0.1606
108,895,6,8,182.5,77.74,2.209,0.1771
108,895,6,9,183.5,97.39,2.294,0.2052
108,895,6,10,183.5,111.78,2.502,0.2106
108,895,6,11,191.5,118.37,2.729,0.2124
108,895,6,12,209.5,119.13,2.453,0.215
108,895,6,13,191.0,111.43,2.716,0.216
108,895,6,14,189.0,99.39,2.736,0.2087
108,895,6,15,192.0,77.76,2.83,0.2053
108,895,6,16,195.5,58.86,2.831,0.2134
108,895,6,17,202.0,35.43,2.795,0.2199
108,895,6,18,197.5,13.42,2.534,0.2169
108,895,6,19,200.5,0.64,2.509,0.1979
108,895,6,20,193.5,0.0,2.488,0.193
108,895,6,21,191.5,0.0,2.401,0.1897
108,895,6,22,190.0,0.0,2.074,0.1702
108,895,6,23,187.5,0.0,1.627,0.167
108,896,0,0,188.0,0.0,1.805,0.156
108,896,0,1,187.5,0.0,1.819,0.1589
108,896,0,2,187.5,0.0,1.313,0.1486
108,896,0,3,185.0,0.0,1.25,0.1481
108,896,0,4,183.5,0.79,1.053,0.1545
108,896,0,5,187.5,12.73,1.145,0.1714
108,896,0,6,185.5,32.96,1.697,0.1819
108,896,0,7,193.5,55.42,1.918,0.2
108,896,0,8,193.0,74.31,2.053,0.2145
108,896,0,9,241.5,97.14,2.183,0.2175
108,896,0,10,238.5,109.83,2.328,0.2162
108,896,0,11,285.5,113.82,2.372,0.2174
108,896,0,12,268.5,116.32,2.404,0.221
108,896,0,13,280.5,107.77,2.507,0.2136
108,896,0,14,268.0,75.84,2.544,0.2121
108,896,0,15,263.5,46.14,2.707,0.2128
108,896,0,16,289.5,34.05,2.831,0.2095
108,896,0,17,276.5,18.63,2.781,0.2064
108,896,0,18,242.5,7.0,2.477,0.2071
108,896,0,19,232.5,0.37,2.33,0.2083
108,896,0,20,216.0,0.0,2.312,0.2094
108,896,0,21,204.5,0.0,2.122,0.2171
108,896,0,22,194.5,0.0,1.922,0.2058
108,896,0,23,194.0,0.0,1.703,0.1996
108,897,1,0,190.5,0.0,2.021,0.1705
108,897,1,1,193.5,0.0,1.598,0.1615
108,897,1,2,188.5,0.0,1.305,0.1559
108,897,1,3,189.0,0.0,1.116,0.1542
108,897,1,4,191.5,0.72,1.086,0.155
108,897,1,5,191.0,12.57,1.263,0.1576
108,897,1,6,192.5,34.67,1.574,0.1779
108,897,1,7,198.0,58.63,1.898,0.1912
108,897,1,8,213.5,83.6,2.001,0.2058
108,897,1,9,248.0,100.52,2.17,0.2082
108,897,1,10,237.0,114.56,2.384,0.2089
108,897,1,11,258.5,119.77,2.502,0.2128
108,897,1,12,278.5,119.92,2.769,0.2148
108,897,1,13,282.5,113.35,2.831,0.214
108,897,1,14,280.5,100.37,2.869,0.2176
108,897,1,15,295.0,82.17,3.046,0.2205
108,897,1,16,286.0,60.3,3.16,0.2307
108,897,1,17,271.5,36.7,3.007,0.2313
108,897,1,18,238.0,14.23,2.831,0.23
108,897,1,19,219.5,0.74,2.623,0.2314
108,897,1,20,206.5,0.0,2.551,0.2265
108,897,1,21,195.0,0.0,2.322,0.2241
108,897,1,22,191.0,0.0,2.112,0.2032
108,897,1,23,190.5,0.0,1.983,0.1788
108,898,2,0,190.5,0.0,2.154,0.1693
108,898,2,1,190.5,0.0,1.894,0.1657
108,898,2,2,186.5,0.0,1.595,0.1653
108,898,2,3,187.0,0.0,1.352,0.1654
108,898,2,4,175.0,0.85,1.285,0.1691
108,898,2,5,185.5,13.64,1.219,0.1734
108,898,2,6,182.5,35.48,1.507,0.1917
108,898,2,7,184.0,58.65,1.996,0.1989
108,898,2,8,202.0,80.39,2.052,0.2147
108,898,2,9,239.5,98.59,2.353,0.2214
108,898,2,10,288.5,109.39,2.509,0.2305
108,898,2,11,302.5,114.97,2.925,0.2304
108,898,2,12,346.5,113.91,3.151,0.2285
108,898,2,13,372.5,107.59,3.39,0.2333
108,898,2,14,348.5,88.7,3.5,0.2362
108,898,2,15,357.0,59.09,3.844,0.2406
108,898,2,16,363.0,46.96,4.05,0.2441
108,898,2,17,316.5,24.93,3.591,0.2452
108,898,2,18,283.0,8.69,3.209,0.2437
108,898,2,19,281.5,0.4,3.045,0.2385
108,898,2,20,267.5,0.0,3.086,0.2381
108,898,2,21,254.0,0.0,2.871,0.2352
108,898,2,22,236.5,0.0,2.294,0.2302
108,898,2,23,209.0,0.0,2.216,0.2183
108,899,3,0,193.0,0.0,2.184,0.1979
108,899,3,1,195.0,0.0,1.996,0.1826
108,899,3,2,192.0,0.0,1.64,0.1723
108,899,3,3,192.0,0.0,1.494,0.1713
108,899,3,4,195.0,0.28,1.404,0.1736
108,899,3,5,192.0,2.91,1.498,0.1802
108,899,3,6,196.5,7.07,1.994,0.1973
108,899,3,7,198.5,11.33,2.158,0.2052
108,899,3,8,201.0,21.45,2.65,0.2199
108,899,3,9,237.5,21.16,2.804,0.2321
108,899,3,10,246.5,26.29,2.839,0.234
108,899,3,11,245.5,36.12,2.889,0.2388
108,899,3,12,296.0,39.18,3.1,0.2415
108,899,3,13,270.0,32.91,3.451,0.2393
108,899,3,14,278.0,32.21,3.477,0.2364
108,899,3,15,261.5,34.27,3.403,0.2294
108,899,3,16,270.0,25.78,3.49,0.2361
108,899,3,17,277.0,15.1,3.4,0.2399
108,899,3,18,259.0,5.44,2.9,0.2383
108,899,3,19,231.5,0.45,2.675,0.232
108,899,3,20,213.5,0.0,2.67,0.2283
108,899,3,21,204.5,0.0,2.465,0.2287
108,899,3,22,200.0,0.0,2.218,0.2145
108,899,3,23,198.0,0.0,2.154,0.1988
108,900,4,0,188.0,0.0,2.026,0.1882
108,900,4,1,196.5,0.0,1.865,0.1827
108,900,4,2,194.0,0.0,1.667,0.1769
108,900,4,3,193.5,0.0,1.519,0.1833
108,900,4,4,195.0,0.52,1.479,0.1828
108,900,4,5,185.0,9.9,1.626,0.1873
108,900,4,6,190.5,25.23,1.857,0.1977
108,900,4,7,199.0,44.35,2.048,0.2137
108,900,4,8,205.5,66.49,2.117,0.2245
108,900,4,9,249.0,78.96,2.285,0.2333
108,900,4,10,248.0,89.16,2.428,0.2375
108,900,4,11,246.0,96.03,2.591,0.2364
108,900,4,12,255.5,88.01,2.765,0.2388
108,900,4,13,280.0,91.66,2.847,0.2431
108,900,4,14,296.5,87.82,3.054,0.2432
108,900,4,15,302.5,71.92,3.141,0.2467
108,900,4,16,278.5,51.55,3.162,0.2455
108,900,4,17,279.0,29.96,3.036,0.2485
108,900,4,18,227.0,10.39,2.711,0.2518
108,900,4,19,206.5,0.55,2.509,0.2495
108,900,4,20,195.5,0.0,2.463,0.2423
108,900,4,21,187.5,0.0,2.361,0.235
108,900,4,22,189.0,0.0,2.081,0.2246
108,900,4,23,186.5,0.0,1.945,0.2114
108,901,5,0,185.55,0.0,1.92,0.198
108,901,5,1,183.5,0.0,1.842,0.187
108,901,5,2,180.5,0.0,1.628,0.1806
108,901,5,3,182.0,0.0,1.455,0.1776
108,901,5,4,181.5,0.71,1.377,0.1764
108,901,5,5,167.0,12.61,1.321,0.1763
108,901,5,6,171.5,33.26,1.258,0.185
108,901,5,7,175.0,56.29,1.515,0.1826
108,901,5,8,175.5,77.64,1.798,0.1939
108,901,5,9,174.5,95.26,2.071,0.2075
108,901,5,10,185.0,107.73,2.264,0.2185
108,901,5,11,186.5,114.86,2.661,0.2256
108,901,5,12,195.05,111.87,2.789,0.2307
108,901,5,13,189.11,94.21,2.91,0.2387
108,901,5,14,189.11,84.67,2.91,0.2422
108,901,5,15,189.11,59.95,2.976,0.2439
108,901,5,16,189.11,44.36,3.088,0.2463
108,901,5,17,189.11,27.06,2.959,0.2477
108,901,5,18,189.11,10.27,2.799,0.2455
108,901,5,19,189.11,0.61,2.61,0.2419
108,901,5,20,189.11,0.0,2.607,0.2375
108,901,5,21,189.11,0.0,2.423,0.2332
108,901,5,22,189.11,0.0,2.185,0.2192
108,901,5,23,189.11,0.0,2.0,0.2135
108,902,6,0,189.11,0.0,2.155,0.2116
108,902,6,1,189.11,0.0,2.1,0.1935
108,902,6,2,189.11,0.0,2.028,0.185
108,902,6,3,189.11,0.0,1.781,0.1791
108,902,6,4,189.11,0.67,1.699,0.1832
108,902,6,5,189.11,11.05,1.412,0.1831
108,902,6,6,189.11,30.7,1.288,0.1871
108,902,6,7,189.11,53.66,1.547,0.1922
108,902,6,8,189.11,74.89,2.0,0.1984
108,902,6,9,189.11,93.09,2.241,0.2109
108,902,6,10,189.11,105.95,2.633,0.2196
108,902,6,11,189.11,114.47,2.969,0.2253
108,902,6,12,189.11,111.95,3.02,0.2347
108,902,6,13,189.11,100.62,3.164,0.2433
108,902,6,14,189.11,89.61,3.44,0.2417
108,902,6,15,189.11,69.66,3.574,0.244
108,902,6,16,189.11,49.56,3.7,0.2433
108,902,6,17,189.11,28.65,3.6,0.2419
108,902,6,18,189.11,10.55,3.375,0.2406
108,902,6,19,189.11,0.62,3.165,0.2406
108,902,6,20,189.11,0.0,3.166,0.2363
108,902,6,21,189.11,0.0,3.033,0.2306
108,902,6,22,189.11,0.0,2.804,0.2168
108,902,6,23,189.11,0.0,2.405,0.2099
108,903,0,0,184.55,0.0,2.226,0.2037
108,903,0,1,185.55,0.0,2.033,0.191
108,903,0,2,177.0,0.0,1.945,0.1868
108,903,0,3,179.5,0.0,1.791,0.1857
108,903,0,4,176.0,0.68,1.714,0.1845
108,903,0,5,178.5,12.07,1.754,0.189
108,903,0,6,180.0,32.3,1.84,0.1999
108,903,0,7,184.5,54.47,2.281,0.2076
108,903,0,8,205.5,73.47,2.522,0.2257
108,903,0,9,214.0,90.55,2.947,0.2443
108,903,0,10,240.0,105.27,3.232,0.2489
108,903,0,11,280.5,101.85,3.582,0.2544
108,903,0,12,261.0,96.53,4.048,0.2558
108,903,0,13,277.5,87.06,4.231,0.2509
108,903,0,14,273.5,78.97,4.852,0.2516
108,903,0,15,281.5,61.31,5.308,0.2507
108,903,0,16,324.5,46.08,5.746,0.2548
108,903,0,17,300.0,25.91,4.935,0.2545
108,903,0,18,270.0,9.31,4.239,0.2575
108,903,0,19,244.5,0.56,3.629,0.2566
108,903,0,20,211.0,0.0,3.599,0.2559
108,903,0,21,200.5,0.0,3.337,0.2488
108,903,0,22,191.0,0.0,2.854,0.239
108,903,0,23,185.0,0.0,2.662,0.2235
108,904,1,0,179.33,0.0,2.422,0.2119
108,904,1,1,181.0,0.0,2.162,0.1962
108,904,1,2,178.5,0.0,1.955,0.1938
108,904,1,3,181.0,0.0,1.88,0.1922
108,904,1,4,178.5,0.49,1.866,0.1903
108,904,1,5,177.0,10.33,1.993,0.1986
108,904,1,6,181.0,29.78,2.166,0.2105
108,904,1,7,182.5,53.67,2.61,0.2191
108,904,1,8,193.0,76.24,2.761,0.2392
108,904,1,9,237.5,92.69,2.973,0.2479
108,904,1,10,243.5,96.91,3.297,0.2472
108,904,1,11,262.5,106.87,3.684,0.2521
108,904,1,12,276.0,97.29,4.159,0.2503
108,904,1,13,301.5,86.51,5.432,0.2528
108,904,1,14,316.0,62.19,5.1,0.2541
108,904,1,15,312.0,43.6,5.868,0.2553
108,904,1,16,284.5,33.43,6.162,0.2553
108,904,1,17,278.5,18.98,5.488,0.2512
108,904,1,18,235.5,7.16,4.14,0.2484
108,904,1,19,219.5,0.54,3.702,0.2492
108,904,1,20,201.5,0.0,3.48,0.2469
108,904,1,21,192.5,0.0,3.187,0.2479
108,904,1,22,188.5,0.0,2.831,0.2364
108,904,1,23,182.5,0.0,2.493,0.2227
108,905,2,0,195.5,0.0,2.44,0.1958
108,905,2,1,179.83,0.0,2.265,0.1783
108,905,2,2,175.0,0.0,1.898,0.173
108,905,2,3,180.5,0.0,1.704,0.174
108,905,2,4,176.5,0.65,1.767,0.1723
108,905,2,5,178.5,11.3,1.715,0.1744
108,905,2,6,180.0,30.13,1.987,0.183
108,905,2,7,184.5,51.84,2.342,0.1946
108,905,2,8,192.0,76.69,2.464,0.2029
108,905,2,9,236.0,94.61,2.663,0.2172
108,905,2,10,251.5,105.96,2.886,0.2236
108,905,2,11,268.0,111.59,3.178,0.2253
108,905,2,12,291.0,90.6,3.343,0.2249
108,905,2,13,299.0,95.23,3.585,0.2297
108,905,2,14,299.0,88.06,3.657,0.231
108,905,2,15,296.5,68.11,3.798,0.2338
108,905,2,16,309.0,48.68,3.881,0.2328
108,905,2,17,288.0,29.41,3.69,0.233
108,905,2,18,274.5,11.61,3.435,0.2325
108,905,2,19,255.5,0.71,3.233,0.2345
108,905,2,20,244.5,0.0,3.226,0.2317
108,905,2,21,239.0,0.0,2.934,0.2283
108,905,2,22,220.0,0.0,2.403,0.2206
108,905,2,23,220.0,0.0,2.249,0.2037
108,906,3,0,205.83,0.0,2.205,0.1891
108,906,3,1,211.67,0.0,2.064,0.1705
108,906,3,2,207.5,0.0,1.908,0.1645
108,906,3,3,206.5,0.0,1.769,0.1624
108,906,3,4,203.0,0.39,1.668,0.1611
108,906,3,5,208.5,4.64,1.695,0.1635
108,906,3,6,208.5,11.43,1.987,0.1733
108,906,3,7,212.0,19.01,2.319,0.1817
108,906,3,8,220.5,22.37,2.4,0.2007
108,906,3,9,272.5,44.71,2.46,0.2176
108,906,3,10,287.0,55.03,2.661,0.2291
108,906,3,11,315.5,77.28,2.75,0.2309
108,906,3,12,357.5,95.11,2.974,0.2337
108,906,3,13,347.5,60.61,3.111,0.2367
108,906,3,14,337.5,40.07,3.136,0.2348
108,906,3,15,346.5,24.92,3.232,0.2388
108,906,3,16,341.5,19.05,3.314,0.2411
108,906,3,17,329.0,11.42,3.223,0.2406
108,906,3,18,296.0,4.43,2.963,0.2372
108,906,3,19,276.0,0.43,2.843,0.2348
108,906,3,20,266.5,0.0,2.831,0.231
108,906,3,21,258.0,0.0,2.635,0.2283
108,906,3,22,211.0,0.0,2.297,0.2131
108,906,3,23,208.5,0.0,1.996,0.1964
108,907,4,0,194.17,0.0,2.329,0.1799
108,907,4,1,196.17,0.0,2.083,0.1659
108,907,4,2,186.5,0.0,1.808,0.1589
108,907,4,3,188.5,0.0,1.736,0.1588
108,907,4,4,185.5,0.55,1.69,0.1616
108,907,4,5,187.5,10.83,1.677,0.1704
108,907,4,6,175.0,30.62,1.908,0.1756
108,907,4,7,190.5,52.95,2.121,0.191
108,907,4,8,193.5,70.43,2.404,0.2209
108,907,4,9,241.0,87.23,2.467,0.2375
108,907,4,10,253.5,96.16,2.621,0.2443
108,907,4,11,272.5,100.51,2.903,0.2517
108,907,4,12,269.5,103.99,3.081,0.2587
108,907,4,13,291.0,85.94,3.259,0.2648
108,907,4,14,288.0,72.07,3.41,0.2654
108,907,4,15,292.5,68.96,3.515,0.2686
108,907,4,16,289.0,46.13,3.521,0.2677
108,907,4,17,283.5,27.94,3.46,0.2693
108,907,4,18,260.5,10.7,3.054,0.2696
108,907,4,19,235.0,0.66,2.826,0.2658
108,907,4,20,214.0,0.0,2.713,0.2642
108,907,4,21,216.5,0.0,2.582,0.2638
108,907,4,22,226.5,0.0,2.539,0.2632
108,907,4,23,210.0,0.0,2.129,0.2588
108,908,5,0,187.0,0.0,2.52,0.2348
108,908,5,1,189.0,0.0,2.402,0.2188
108,908,5,2,188.5,0.0,2.225,0.2099
108,908,5,3,188.5,0.0,1.84,0.1966
108,908,5,4,179.0,0.54,1.706,0.1969
108,908,5,5,180.0,11.51,1.552,0.1964
108,908,5,6,185.0,33.56,1.402,0.1961
108,908,5,7,190.0,56.65,1.737,0.2013
108,908,5,8,188.0,78.05,2.434,0.2227
108,908,5,9,192.5,96.04,2.815,0.2343
108,908,5,10,196.0,108.6,2.868,0.2416
108,908,5,11,214.5,113.72,3.082,0.2483
108,908,5,12,236.5,113.0,3.206,0.253
108,908,5,13,260.5,100.91,3.369,0.2542
108,908,5,14,270.0,94.07,3.599,0.2577
108,908,5,15,300.5,76.86,3.684,0.2572
108,908,5,16,308.0,55.82,3.731,0.26
108,908,5,17,283.0,33.1,3.715,0.2613
108,908,5,18,272.5,12.3,3.447,0.2627
108,908,5,19,222.0,0.7,3.326,0.2628
108,908,5,20,195.5,0.0,3.313,0.2583
108,908,5,21,187.5,0.0,3.181,0.2552
108,908,5,22,185.0,0.0,2.764,0.2616
108,908,5,23,184.5,0.0,2.548,0.2562
108,909,6,0,183.17,0.0,2.821,0.2397
108,909,6,1,185.5,0.0,2.508,0.2223
108,909,6,2,180.5,0.0,2.401,0.2096
108,909,6,3,172.5,0.0,1.994,0.2058
108,909,6,4,180.5,0.61,1.834,0.2062
108,909,6,5,171.5,11.58,1.58,0.2058
108,909,6,6,183.5,31.53,1.506,0.2187
108,909,6,7,183.0,53.45,1.763,0.2269
108,909,6,8,185.5,74.18,2.503,0.2413
108,909,6,9,185.0,87.95,2.693,0.2408
108,909,6,10,183.5,101.02,2.862,0.2429
108,909,6,11,197.5,103.42,3.222,0.2547
108,909,6,12,211.5,100.17,3.35,0.263
108,909,6,13,228.5,91.77,3.426,0.2701
108,909,6,14,258.0,80.94,3.9,0.273
108,909,6,15,281.5,57.83,4.15,0.2724
108,909,6,16,297.0,46.08,4.307,0.2773
108,909,6,17,298.0,26.43,4.185,0.2802
108,909,6,18,285.0,9.83,3.765,0.2803
108,909,6,19,274.0,0.62,3.674,0.2851
108,909,6,20,262.0,0.0,3.685,0.2803
108,909,6,21,214.0,0.0,3.571,0.2768
108,909,6,22,182.0,0.0,3.023,0.2796
108,909,6,23,179.5,0.0,2.744,0.2731
108,910,0,0,231.83,0.0,2.662,0.257
108,910,0,1,183.67,0.0,2.447,0.235
108,910,0,2,183.5,0.0,2.188,0.2237
108,910,0,3,183.5,0.0,1.978,0.2225
108,910,0,4,185.0,0.59,1.855,0.2222
108,910,0,5,185.5,10.11,2.004,0.2329
108,910,0,6,186.5,28.5,2.149,0.2338
108,910,0,7,192.5,51.07,2.611,0.2498
108,910,0,8,198.5,71.11,3.024,0.2608
108,910,0,9,219.0,85.81,3.291,0.2736
108,910,0,10,269.0,99.03,3.525,0.2786
108,910,0,11,266.0,110.09,3.716,0.2843
108,910,0,12,255.5,110.16,4.251,0.2873
108,910,0,13,279.5,100.54,4.595,0.289
108,910,0,14,281.5,78.96,5.008,0.2859
108,910,0,15,340.0,50.95,5.028,0.2753
108,910,0,16,355.5,33.01,5.496,0.2714
108,910,0,17,386.5,19.39,4.897,0.2768
108,910,0,18,378.5,6.95,4.335,0.2799
108,910,0,19,356.0,0.4,4.039,0.2912
108,910,0,20,328.5,0.0,5.294,0.2926
108,910,0,21,301.5,0.0,3.808,0.2808
108,910,0,22,295.0,0.0,3.267,0.2662
108,910,0,23,288.5,0.0,2.982,0.2505
108,911,1,0,237.67,0.0,2.692,0.2317
108,911,1,1,281.67,0.0,2.413,0.2248
108,911,1,2,279.5,0.0,2.253,0.2219
108,911,1,3,266.5,0.0,2.105,0.2209
108,911,1,4,248.5,0.26,2.123,0.2208
108,911,1,5,234.5,2.89,2.171,0.2231
108,911,1,6,220.0,7.67,2.3,0.2381
108,911,1,7,219.0,12.06,2.602,0.2537
108,911,1,8,235.0,19.43,2.873,0.2628
108,911,1,9,331.5,20.17,3.107,0.2697
108,911,1,10,335.0,33.86,3.259,0.2779
108,911,1,11,363.0,37.36,3.421,0.2802
108,911,1,12,385.5,45.52,3.547,0.2804
108,911,1,13,396.0,54.43,3.882,0.2762
108,911,1,14,375.0,46.67,4.178,0.2748
108,911,1,15,395.0,32.75,4.27,0.2724
108,911,1,16,384.5,26.21,4.37,0.2731
108,911,1,17,363.5,13.73,4.13,0.2722
108,911,1,18,298.5,4.99,3.562,0.2746
108,911,1,19,227.0,0.4,3.292,0.2714
108,911,1,20,203.5,0.0,3.429,0.2714
108,911,1,21,195.5,0.0,3.272,0.263
108,911,1,22,193.5,0.0,2.84,0.2559
108,911,1,23,192.0,0.0,2.497,0.2475
108,912,2,0,192.17,0.0,2.374,0.2201
108,912,2,1,194.0,0.0,2.145,0.2098
108,912,2,2,194.0,0.0,1.981,0.2084
108,912,2,3,194.0,0.0,1.789,0.2062
108,912,2,4,190.5,0.46,1.785,0.2054
108,912,2,5,190.0,8.05,1.967,0.2083
108,912,2,6,198.5,22.45,2.072,0.2246
108,912,2,7,186.0,41.71,2.4,0.2231
108,912,2,8,200.5,55.06,2.553,0.2348
108,912,2,9,216.5,82.74,2.883,0.2514
108,912,2,10,273.5,104.81,2.977,0.2562
108,912,2,11,272.0,107.76,3.247,0.2608
108,912,2,12,266.0,105.55,3.398,0.2638
108,912,2,13,273.5,95.52,3.579,0.2723
108,912,2,14,282.0,82.87,3.669,0.2754
108,912,2,15,260.5,66.22,3.806,0.2773
108,912,2,16,278.0,47.65,3.876,0.2769
108,912,2,17,262.0,28.86,3.678,0.2773
108,912,2,18,230.5,11.35,3.32,0.2729
108,912,2,19,219.0,0.72,3.155,0.2626
108,912,2,20,209.0,0.0,3.135,0.2596
108,912,2,21,198.5,0.0,3.053,0.2554
108,912,2,22,196.0,0.0,2.717,0.2406
108,912,2,23,193.5,0.0,2.374,0.2279
108,913,3,0,192.33,0.0,2.445,0.2168
108,913,3,1,193.67,0.0,2.172,0.1996
108,913,3,2,189.5,0.0,1.933,0.1961
108,913,3,3,190.5,0.0,1.702,0.1968
108,913,3,4,190.5,0.58,1.748,0.1987
108,913,3,5,189.0,12.24,1.943,0.205
108,913,3,6,191.0,33.41,2.149,0.2167
108,913,3,7,191.5,56.13,2.426,0.219
108,913,3,8,198.5,78.42,2.589,0.23
108,913,3,9,241.0,96.18,2.962,0.2423
108,913,3,10,246.0,108.44,3.129,0.2465
108,913,3,11,254.0,113.01,3.369,0.2545
108,913,3,12,269.5,113.76,3.492,0.2616
108,913,3,13,274.5,94.43,3.707,0.2675
108,913,3,14,278.0,90.65,3.864,0.2716
108,913,3,15,309.0,66.55,4.1,0.2719
108,913,3,16,268.5,46.61,4.253,0.2741
108,913,3,17,268.0,27.42,3.961,0.276
108,913,3,18,242.5,10.15,3.693,0.2748
108,913,3,19,228.5,0.72,3.468,0.2742
108,913,3,20,206.0,0.0,3.385,0.2656
108,913,3,21,196.5,0.0,3.177,0.2573
108,913,3,22,193.0,0.0,2.879,0.2467
108,913,3,23,193.5,0.0,2.474,0.2245
108,914,4,0,196.67,0.0,2.452,0.208
108,914,4,1,195.17,0.0,2.261,0.192
108,914,4,2,192.5,0.0,2.063,0.1813
108,914,4,3,192.5,0.0,1.828,0.1729
108,914,4,4,192.5,0.44,1.744,0.1779
108,914,4,5,192.5,7.77,1.821,0.1749
108,914,4,6,194.0,18.56,2.141,0.1913
108,914,4,7,198.5,30.8,2.318,0.2067
108,914,4,8,203.0,48.38,2.718,0.2229
108,914,4,9,230.0,54.65,2.794,0.2317
108,914,4,10,237.0,66.27,3.136,0.2434
108,914,4,11,256.5,74.4,3.251,0.244
108,914,4,12,253.0,76.09,3.401,0.2506
108,914,4,13,266.0,66.23,3.637,0.2554
108,914,4,14,270.5,44.26,3.985,0.2537
108,914,4,15,243.5,32.42,4.1,0.2568
108,914,4,16,265.5,25.47,4.254,0.2577
108,914,4,17,265.0,16.37,3.896,0.2509
108,914,4,18,242.0,5.95,3.412,0.2448
108,914,4,19,271.0,0.44,3.235,0.2388
108,914,4,20,274.5,0.0,3.154,0.2359
108,914,4,21,256.0,0.0,2.979,0.2306
108,914,4,22,206.5,0.0,2.633,0.2241
108,914,4,23,188.5,0.0,2.427,0.2177
108,915,5,0,215.83,0.0,2.488,0.1942
108,915,5,1,206.0,0.0,2.378,0.1759
108,915,5,2,207.0,0.0,2.056,0.1725
108,915,5,3,202.0,0.0,1.885,0.1645
108,915,5,4,209.5,0.51,1.86,0.159
108,915,5,5,202.5,12.01,1.564,0.1616
108,915,5,6,194.0,34.21,1.405,0.1664
108,915,5,7,204.5,58.66,1.475,0.1712
108,915,5,8,210.0,77.47,1.919,0.1808
108,915,5,9,227.0,86.95,2.142,0.1878
108,915,5,10,254.0,98.98,2.262,0.1851
108,915,5,11,276.0,98.55,2.631,0.1919
108,915,5,12,279.5,103.15,2.766,0.1925
108,915,5,13,286.5,87.69,2.915,0.1924
108,915,5,14,280.5,75.5,2.958,0.1974
108,915,5,15,284.0,65.29,3.013,0.1998
108,915,5,16,297.0,43.24,3.017,0.2007
108,915,5,17,298.5,24.59,2.951,0.2027
108,915,5,18,260.5,9.57,2.949,0.2069
108,915,5,19,228.5,0.49,2.914,0.2067
108,915,5,20,260.5,0.0,2.829,0.2085
108,915,5,21,279.5,0.0,2.756,0.208
108,915,5,22,275.0,0.0,2.247,0.2039
108,915,5,23,270.0,0.0,1.989,0.1942
108,916,6,0,207.17,0.0,2.018,0.1813
108,916,6,1,227.33,0.0,1.865,0.1651
108,916,6,2,206.0,0.0,1.666,0.157
108,916,6,3,192.5,0.0,1.447,0.1556
108,916,6,4,179.0,0.33,1.366,0.1506
108,916,6,5,171.5,7.47,1.186,0.1525
108,916,6,6,179.5,21.66,0.984,0.1649
108,916,6,7,184.5,38.19,1.172,0.1622
108,916,6,8,171.0,51.75,1.59,0.1686
108,916,6,9,193.5,68.38,1.87,0.185
108,916,6,10,196.5,76.09,2.104,0.2005
108,916,6,11,234.0,80.4,2.339,0.2077
108,916,6,12,245.5,74.85,2.518,0.2096
108,916,6,13,266.0,65.5,2.736,0.2115
108,916,6,14,272.0,58.31,2.786,0.2129
108,916,6,15,268.0,42.61,2.899,0.2143
108,916,6,16,272.0,38.49,2.942,0.2172
108,916,6,17,269.5,16.34,2.966,0.2229
108,916,6,18,249.5,5.98,2.966,0.2261
108,916,6,19,246.0,0.4,2.888,0.2222
108,916,6,20,227.0,0.0,2.878,0.2194
108,916,6,21,192.0,0.0,2.801,0.2076
108,916,6,22,182.5,0.0,2.518,0.1962
108,916,6,23,184.0,0.0,2.067,0.1926
108,917,0,0,186.83,0.0,1.829,0.1724
108,917,0,1,184.33,0.0,1.623,0.1583
108,917,0,2,186.5,0.0,1.417,0.1566
108,917,0,3,184.5,0.0,1.25,0.1518
108,917,0,4,182.0,0.39,1.215,0.1544
108,917,0,5,177.5,9.85,1.13,0.1574
108,917,0,6,178.0,30.03,1.087,0.1697
108,917,0,7,178.0,53.29,1.317,0.1681
108,917,0,8,194.0,72.15,1.808,0.1857
108,917,0,9,225.5,85.67,2.008,0.1928
108,917,0,10,261.5,99.18,2.238,0.2023
108,917,0,11,337.5,106.09,2.652,0.2113
108,917,0,12,342.0,103.42,2.855,0.216
108,917,0,13,322.5,90.23,2.901,0.2181
108,917,0,14,322.5,58.02,2.931,0.2198
108,917,0,15,307.0,30.9,2.97,0.225
108,917,0,16,308.0,20.16,3.101,0.2335
108,917,0,17,276.5,12.51,3.101,0.238
108,917,0,18,243.0,4.43,3.019,0.233
108,917,0,19,225.5,0.34,2.962,0.2305
108,917,0,20,209.5,0.0,2.988,0.2301
108,917,0,21,202.0,0.0,2.914,0.2362
108,917,0,22,197.5,0.0,2.358,0.2263
108,917,0,23,196.0,0.0,2.136,0.2253
108,918,1,0,234.0,0.0,2.188,0.2002
108,918,1,1,192.5,0.0,1.918,0.1863
108,918,1,2,190.5,0.0,1.69,0.1799
108,918,1,3,190.5,0.0,1.564,0.1799
108,918,1,4,188.0,0.17,1.566,0.1822
108,918,1,5,192.0,3.98,1.706,0.1879
108,918,1,6,191.5,12.29,1.913,0.1996
108,918,1,7,193.5,23.84,2.222,0.218
108,918,1,8,210.5,37.18,2.663,0.2356
108,918,1,9,233.5,35.76,2.758,0.2489
108,918,1,10,245.0,49.39,2.961,0.2449
108,918,1,11,266.0,65.51,3.245,0.2517
108,918,1,12,334.0,78.55,3.59,0.2512
108,918,1,13,348.0,86.66,4.011,0.2477
108,918,1,14,373.5,81.11,4.341,0.2458
108,918,1,15,394.0,71.71,4.547,0.2472
108,918,1,16,376.0,52.82,4.574,0.2524
108,918,1,17,393.0,30.06,4.477,0.2559
108,918,1,18,355.5,10.74,3.933,0.2586
108,918,1,19,337.0,0.6,3.628,0.2578
108,918,1,20,317.5,0.0,3.751,0.2542
108,918,1,21,306.0,0.0,3.547,0.2511
108,918,1,22,297.0,0.0,3.117,0.2518
108,918,1,23,294.0,0.0,2.866,0.2402
108,919,2,0,262.33,0.0,2.851,0.2266
108,919,2,1,271.5,0.0,2.486,0.2129
108,919,2,2,259.5,0.0,2.154,0.2061
108,919,2,3,251.0,0.0,2.024,0.1995
108,919,2,4,238.0,0.37,2.048,0.1996
108,919,2,5,239.5,9.71,2.029,0.2002
108,919,2,6,234.0,29.39,2.256,0.2112
108,919,2,7,229.0,51.47,2.724,0.2275
108,919,2,8,238.5,72.92,3.042,0.2497
108,919,2,9,297.5,90.56,3.35,0.2592
108,919,2,10,341.0,102.71,3.619,0.2675
108,919,2,11,377.0,105.64,3.794,0.2769
108,919,2,12,394.0,101.43,4.35,0.2827
108,919,2,13,377.5,94.4,5.056,0.2893
108,919,2,14,396.5,84.53,5.028,0.2975
108,919,2,15,413.0,66.11,6.0,0.3053
108,919,2,16,442.5,49.45,5.651,0.312
108,919,2,17,418.5,29.11,5.8,0.3109
108,919,2,18,385.5,10.93,5.09,0.3135
108,919,2,19,366.0,0.61,4.342,0.3129
108,919,2,20,351.0,0.0,4.309,0.3084
108,919,2,21,343.0,0.0,4.09,0.3068
108,919,2,22,341.0,0.0,3.371,0.31
108,919,2,23,289.5,0.0,2.897,0.3117
108,920,3,0,222.17,0.0,3.904,0.3016
108,920,3,1,233.33,0.0,3.068,0.2889
108,920,3,2,200.5,0.0,2.81,0.2851
108,920,3,3,189.0,0.0,2.633,0.2813
108,920,3,4,191.0,0.0,2.593,0.2796
108,920,3,5,193.0,9.02,2.683,0.2873
108,920,3,6,192.0,24.01,2.854,0.2797
108,920,3,7,201.5,42.57,3.32,0.2814
108,920,3,8,217.0,48.01,3.806,0.2965
108,920,3,9,293.0,79.92,4.167,0.3025
108,920,3,10,326.5,78.51,4.52,0.3071
108,920,3,11,366.0,71.8,5.25,0.3087
108,920,3,12,386.0,70.25,5.762,0.3141
108,920,3,13,403.0,63.59,6.8,0.3267
108,920,3,14,392.0,60.44,7.7,0.3188
108,920,3,15,374.0,51.95,8.173,0.3092
108,920,3,16,376.0,35.78,8.839,0.3049
108,920,3,17,365.0,20.49,7.777,0.3013
108,920,3,18,318.0,7.39,6.214,0.2953
108,920,3,19,280.0,0.53,6.0,0.2937
108,920,3,20,235.5,0.0,5.163,0.2922
108,920,3,21,208.5,0.0,4.729,0.2898
108,920,3,22,202.5,0.0,4.584,0.2908
108,920,3,23,199.0,0.0,3.727,0.2738
108,921,4,0,197.33,0.0,4.258,0.2552
108,921,4,1,196.33,0.0,3.331,0.2442
108,921,4,2,191.5,0.0,3.013,0.2424
108,921,4,3,190.0,0.0,2.888,0.2498
108,921,4,4,189.5,0.0,2.778,0.2508
108,921,4,5,190.5,9.31,2.886,0.2487
108,921,4,6,193.0,24.91,3.185,0.2538
108,921,4,7,194.0,45.23,3.811,0.2611
108,921,4,8,199.5,62.6,4.177,0.265
108,921,4,9,234.5,78.86,4.42,0.2674
108,921,4,10,242.5,90.28,4.664,0.2678
108,921,4,11,281.0,94.86,5.655,0.2719
108,921,4,12,275.0,83.02,6.55,0.2756
108,921,4,13,302.0,78.38,7.332,0.2763
108,921,4,14,300.0,60.04,7.732,0.275
108,921,4,15,318.0,15.88,8.765,0.2744
108,921,4,16,315.5,10.11,9.099,0.2778
108,921,4,17,314.0,6.39,7.823,0.2781
108,921,4,18,281.0,2.97,6.061,0.2732
108,921,4,19,238.0,0.26,5.141,0.2681
108,921,4,20,220.0,0.0,5.711,0.2631
108,921,4,21,207.0,0.0,5.5,0.2591
108,921,4,22,202.0,0.0,4.189,0.2499
108,921,4,23,198.0,0.0,3.952,0.2438
108,922,5,0,195.83,0.0,3.338,0.2123
108,922,5,1,198.0,0.0,2.666,0.1991
108,922,5,2,193.5,0.0,2.382,0.1965
108,922,5,3,193.5,0.0,2.142,0.2022
108,922,5,4,193.0,0.0,1.903,0.2
108,922,5,5,192.0,3.93,2.025,0.1959
108,922,5,6,199.0,9.9,1.568,0.1937
108,922,5,7,195.5,10.06,2.165,0.1968
108,922,5,8,198.5,16.42,2.756,0.2118
108,922,5,9,207.0,23.88,3.114,0.2186
108,922,5,10,211.0,27.33,3.301,0.2123
108,922,5,11,227.0,29.95,3.694,0.211
108,922,5,12,242.0,32.09,4.019,0.2157
108,922,5,13,242.0,25.89,4.21,0.2223
108,922,5,14,232.5,27.16,4.231,0.2247
108,922,5,15,228.0,21.28,4.412,0.2281
108,922,5,16,231.5,10.29,4.657,0.2348
108,922,5,17,226.5,6.23,4.54,0.235
108,922,5,18,222.5,1.97,4.099,0.2283
108,922,5,19,218.0,0.19,4.009,0.2227
108,922,5,20,212.5,0.0,3.969,0.2195
108,922,5,21,204.0,0.0,3.641,0.2162
108,922,5,22,201.5,0.0,3.161,0.2133
108,922,5,23,196.5,0.0,2.934,0.2141
108,923,6,0,191.83,0.0,1.7,0.1913
108,923,6,1,193.83,0.0,1.53,0.1753
108,923,6,2,194.0,0.0,1.349,0.1706
108,923,6,3,192.5,0.0,1.181,0.165
108,923,6,4,195.5,0.0,1.107,0.1649
108,923,6,5,197.5,10.07,1.065,0.1661
108,923,6,6,195.0,30.91,0.99,0.172
108,923,6,7,197.0,54.26,1.298,0.1814
108,923,6,8,198.5,71.47,1.558,0.1893
108,923,6,9,202.5,77.57,1.727,0.1944
108,923,6,10,210.5,77.17,2.188,0.1901
108,923,6,11,207.5,71.05,2.429,0.1937
108,923,6,12,214.5,79.61,2.482,0.1985
108,923,6,13,211.5,82.14,2.683,0.2018
108,923,6,14,211.5,70.05,2.819,0.2058
108,923,6,15,217.0,58.3,2.638,0.2087
108,923,6,16,220.0,41.79,2.721,0.212
108,923,6,17,218.0,25.12,2.869,0.2133
108,923,6,18,217.5,9.87,2.803,0.2169
108,923,6,19,209.0,0.55,2.701,0.2184
108,923,6,20,203.5,0.0,2.765,0.2181
108,923,6,21,197.0,0.0,2.553,0.2165
108,923,6,22,194.5,0.0,2.48,0.2173
108,923,6,23,192.5,0.0,2.075,0.208
108,924,0,0,192.17,0.0,1.696,0.2006
108,924,0,1,190.5,0.0,1.408,0.1936
108,924,0,2,188.5,0.0,1.071,0.1903
108,924,0,3,189.5,0.0,1.05,0.1871
108,924,0,4,190.0,0.0,1.03,0.1903
108,924,0,5,192.5,10.56,1.05,0.1909
108,924,0,6,190.5,29.89,1.532,0.1923
108,924,0,7,193.5,52.73,1.876,0.2106
108,924,0,8,201.0,73.04,2.382,0.223
108,924,0,9,236.5,76.43,2.495,0.2316
108,924,0,10,259.5,97.09,2.977,0.2408
108,924,0,11,270.5,104.38,3.053,0.2456
108,924,0,12,280.5,101.0,3.146,0.2447
108,924,0,13,304.5,78.86,3.248,0.2486
108,924,0,14,305.5,84.27,3.444,0.2479
108,924,0,15,323.0,72.55,3.603,0.2525
108,924,0,16,319.0,51.77,3.766,0.2561
108,924,0,17,307.5,28.91,3.729,0.261
108,924,0,18,264.5,9.69,3.313,0.2628
108,924,0,19,245.0,0.46,3.029,0.2573
108,924,0,20,228.0,0.0,2.945,0.2524
108,924,0,21,211.5,0.0,2.649,0.2451
108,924,0,22,196.5,0.0,2.432,0.2311
108,924,0,23,196.0,0.0,2.031,0.2171
108,925,1,0,188.83,0.0,2.285,0.1973
108,925,1,1,194.17,0.0,2.041,0.185
108,925,1,2,191.5,0.0,1.681,0.1859
108,925,1,3,193.0,0.0,1.597,0.1861
108,925,1,4,186.0,0.0,1.573,0.1854
108,925,1,5,190.0,8.99,1.511,0.1853
108,925,1,6,193.5,26.98,2.049,0.1908
108,925,1,7,196.5,48.59,2.467,0.2053
108,925,1,8,210.5,70.27,2.674,0.2297
108,925,1,9,288.5,87.04,2.915,0.2387
108,925,1,10,266.0,87.69,3.273,0.2446
108,925,1,11,292.5,100.01,3.599,0.2519
108,925,1,12,310.0,94.96,3.758,0.2597
108,925,1,13,272.0,90.67,4.207,0.2615
108,925,1,14,291.0,78.85,4.602,0.2576
108,925,1,15,264.5,58.72,5.1,0.2595
108,925,1,16,271.5,41.81,5.374,0.2614
108,925,1,17,271.0,23.61,5.277,0.2704
108,925,1,18,236.0,7.9,4.414,0.2738
108,925,1,19,217.0,0.43,3.96,0.271
108,925,1,20,206.0,0.0,3.834,0.2685
108,925,1,21,194.5,0.0,3.562,0.2654
108,925,1,22,196.5,0.0,3.004,0.2522
108,925,1,23,197.0,0.0,2.679,0.2287
108,926,2,0,206.0,0.0,2.381,0.2128
108,926,2,1,190.17,0.0,2.096,0.1958
108,926,2,2,191.0,0.0,1.743,0.1917
108,926,2,3,180.0,0.0,1.541,0.1905
108,926,2,4,189.5,0.0,1.508,0.19
108,926,2,5,181.5,7.02,1.544,0.1949
108,926,2,6,189.0,18.17,2.081,0.1993
108,926,2,7,192.0,30.81,2.723,0.2238
108,926,2,8,197.5,41.66,2.972,0.2497
108,926,2,9,231.0,53.11,3.214,0.2604
108,926,2,10,281.5,60.25,3.541,0.2662
108,926,2,11,317.0,54.82,3.78,0.2746
108,926,2,12,354.0,46.5,4.129,0.2796
108,926,2,13,385.0,37.97,4.706,0.2801
108,926,2,14,359.5,29.35,5.168,0.2804
108,926,2,15,359.5,25.85,5.526,0.2792
108,926,2,16,355.5,20.66,5.857,0.2765
108,926,2,17,337.0,12.3,5.483,0.273
108,926,2,18,320.0,5.36,4.565,0.2772
108,926,2,19,306.5,0.37,4.004,0.2758
108,926,2,20,291.0,0.0,3.804,0.2749
108,926,2,21,270.0,0.0,3.688,0.2714
108,926,2,22,249.5,0.0,3.345,0.2673
108,926,2,23,239.0,0.0,3.101,0.2487
108,927,3,0,252.83,0.0,2.451,0.2308
108,927,3,1,226.33,0.0,2.216,0.2258
108,927,3,2,223.5,0.0,1.972,0.212
108,927,3,3,223.5,0.0,1.746,0.2105
108,927,3,4,218.0,0.0,1.695,0.2118
108,927,3,5,207.5,4.82,1.785,0.2204
108,927,3,6,194.5,13.74,2.176,0.2374
108,927,3,7,181.0,24.53,2.774,0.2397
108,927,3,8,221.5,33.04,2.957,0.2514
108,927,3,9,241.0,38.57,3.354,0.2608
108,927,3,10,279.5,53.35,3.556,0.2671
108,927,3,11,311.0,72.09,3.942,0.2735
108,927,3,12,360.0,89.27,4.75,0.2753
108,927,3,13,361.5,77.79,5.0,0.2696
108,927,3,14,356.5,65.83,5.448,0.2637
108,927,3,15,369.5,68.63,6.136,0.264
108,927,3,16,365.0,52.93,6.836,0.2742
108,927,3,17,363.0,31.15,5.597,0.2707
108,927,3,18,342.5,11.2,4.847,0.2659
108,927,3,19,330.5,0.49,4.405,0.2643
108,927,3,20,311.5,0.0,4.247,0.262
108,927,3,21,298.0,0.0,4.012,0.2584
108,927,3,22,290.5,0.0,3.252,0.2517
108,927,3,23,284.5,0.0,3.062,0.2339
108,928,4,0,231.33,0.0,3.131,0.2245
108,928,4,1,262.0,0.0,2.68,0.2214
108,928,4,2,217.0,0.0,2.405,0.2142
108,928,4,3,188.5,0.0,2.315,0.2121
108,928,4,4,184.5,0.0,2.24,0.2148
108,928,4,5,187.5,8.0,2.294,0.2167
108,928,4,6,179.5,24.33,2.64,0.2223
108,928,4,7,184.5,43.01,3.312,0.2348
108,928,4,8,196.5,54.45,3.644,0.2505
108,928,4,9,220.5,51.11,4.036,0.2629
108,928,4,10,297.0,73.83,4.975,0.2687
108,928,4,11,368.0,85.39,5.43,0.2752
108,928,4,12,350.0,74.95,6.252,0.28
108,928,4,13,368.5,64.37,7.345,0.2729
108,928,4,14,380.0,69.91,7.729,0.2737
108,928,4,15,332.5,56.87,8.129,0.2771
108,928,4,16,269.5,43.93,7.994,0.273
108,928,4,17,251.5,25.96,7.494,0.2738
108,928,4,18,225.5,10.13,5.641,0.2755
108,928,4,19,206.5,0.45,5.311,0.2726
108,928,4,20,191.0,0.0,4.983,0.2653
108,928,4,21,183.5,0.0,4.499,0.2614
108,928,4,22,187.0,0.0,4.074,0.2527
108,928,4,23,183.5,0.0,3.457,0.2413
108,929,5,0,195.83,0.0,3.336,0.2241
108,929,5,1,183.83,0.0,2.772,0.2116
108,929,5,2,183.0,0.0,2.5,0.2013
108,929,5,3,184.5,0.0,2.12,0.1961
108,929,5,4,186.0,0.0,1.912,0.1936
108,929,5,5,185.0,8.43,1.671,0.1924
108,929,5,6,184.0,26.77,1.632,0.1901
108,929,5,7,183.0,48.39,2.033,0.1981
108,929,5,8,184.0,69.42,2.753,0.2062
108,929,5,9,192.0,86.48,3.272,0.2169
108,929,5,10,200.5,97.5,3.239,0.2306
108,929,5,11,215.5,98.96,3.556,0.237
108,929,5,12,232.0,96.95,4.166,0.2431
108,929,5,13,246.5,71.98,4.416,0.2441
108,929,5,14,260.0,35.21,4.508,0.2403
108,929,5,15,261.5,17.3,4.435,0.2409
108,929,5,16,263.0,18.36,4.692,0.2435
108,929,5,17,263.0,12.8,4.559,0.2446
108,929,5,18,258.5,4.61,4.02,0.2447
108,929,5,19,255.0,0.19,3.71,0.2414
108,929,5,20,247.5,0.0,3.555,0.2374
108,929,5,21,240.5,0.0,3.482,0.234
108,929,5,22,238.5,0.0,3.09,0.2259
108,929,5,23,238.5,0.0,3.034,0.218
108,930,6,0,217.5,0.0,2.638,0.2121
108,930,6,1,200.0,0.0,2.224,0.2043
108,930,6,2,192.0,0.0,1.816,0.1936
108,930,6,3,192.5,0.0,1.819,0.1868
108,930,6,4,195.0,0.0,1.587,0.1876
108,930,6,5,193.5,7.06,1.493,0.1879
108,930,6,6,193.5,23.8,1.385,0.1811
108,930,6,7,192.0,46.22,1.69,0.1869
108,930,6,8,193.0,67.91,2.162,0.1954
108,930,6,9,201.5,87.58,2.595,0.2115
108,930,6,10,219.0,103.06,2.912,0.2215
108,930,6,11,220.5,110.23,3.089,0.23
108,930,6,12,221.0,106.99,3.308,0.2399
108,930,6,13,256.0,95.27,3.598,0.244
108,930,6,14,253.5,86.78,3.953,0.2427
108,930,6,15,259.5,67.91,4.127,0.2434
108,930,6,16,262.0,48.72,4.209,0.2429
108,930,6,17,259.0,28.87,4.193,0.2453
108,930,6,18,264.5,10.33,3.944,0.2459
108,930,6,19,255.5,0.41,3.587,0.239
108,930,6,20,249.0,0.0,3.481,0.2363
108,930,6,21,244.5,0.0,3.351,0.2356
108,930,6,22,244.5,0.0,3.029,0.2327
108,930,6,23,238.5,0.0,2.775,0.2178
108,931,0,0,238.17,0.0,3.009,0.2034
108,931,0,1,215.5,0.0,2.296,0.1928
108,931,0,2,196.0,0.0,2.116,0.1859
108,931,0,3,198.0,0.0,1.966,0.185
108,931,0,4,188.0,0.0,1.901,0.1845
108,931,0,5,184.5,7.24,2.078,0.189
108,931,0,6,182.0,24.64,2.444,0.2012
108,931,0,7,180.5,46.55,2.92,0.2149
108,931,0,8,195.0,66.6,3.35,0.2303
108,931,0,9,227.0,85.54,3.731,0.2486
108,931,0,10,284.5,94.99,4.319,0.256
108,931,0,11,298.5,94.73,4.918,0.2659
108,931,0,12,329.0,91.59,5.9,0.2694
108,931,0,13,424.5,67.07,6.764,0.2715
108,931,0,14,425.0,22.46,7.236,0.2777
108,931,0,15,441.0,30.16,7.7,0.2924
108,931,0,16,442.0,19.51,8.1,0.2817
108,931,0,17,406.0,11.65,7.57,0.2727
108,931,0,18,384.0,4.79,5.509,0.2736
108,931,0,19,370.5,0.0,5.1,0.275
108,931,0,20,361.0,0.0,4.879,0.2751
108,931,0,21,357.0,0.0,4.755,0.2719
108,931,0,22,339.0,0.0,4.001,0.2665
108,931,0,23,299.0,0.0,3.283,0.2547
108,932,1,0,245.83,0.0,2.982,0.2326
108,932,1,1,246.17,0.0,2.482,0.2225
108,932,1,2,242.0,0.0,2.056,0.2104
108,932,1,3,231.0,0.0,1.911,0.2117
108,932,1,4,209.0,0.0,1.849,0.2111
108,932,1,5,201.0,7.61,2.022,0.2121
108,932,1,6,199.0,27.47,2.42,0.2145
108,932,1,7,198.5,50.62,2.914,0.2173
108,932,1,8,222.5,73.59,3.185,0.2266
108,932,1,9,278.0,93.13,3.603,0.2316
108,932,1,10,308.0,105.38,3.774,0.2418
108,932,1,11,339.5,112.05,3.954,0.2532
108,932,1,12,339.5,108.26,4.331,0.2556
108,932,1,13,382.5,93.23,5.404,0.258
108,932,1,14,410.5,80.4,5.497,0.2597
108,932,1,15,404.0,67.36,5.717,0.2592
108,932,1,16,331.0,48.79,6.13,0.2613
108,932,1,17,323.0,27.45,5.22,0.2612
108,932,1,18,308.0,10.25,4.597,0.264
108,932,1,19,293.0,0.0,4.348,0.2607
108,932,1,20,276.5,0.0,4.317,0.2512
108,932,1,21,276.5,0.0,3.52,0.2528
108,932,1,22,270.5,0.0,3.062,0.2404
108,932,1,23,252.0,0.0,2.665,0.2326
108,933,2,0,223.17,0.0,2.107,0.2169
108,933,2,1,243.17,0.0,1.876,0.2052
108,933,2,2,240.0,0.0,1.689,0.1987
108,933,2,3,241.0,0.0,1.551,0.1968
108,933,2,4,242.5,0.0,1.514,0.1949
108,933,2,5,241.5,8.18,1.607,0.1958
108,933,2,6,242.5,28.31,1.783,0.2006
108,933,2,7,246.0,50.56,2.271,0.211
108,933,2,8,255.0,72.59,2.654,0.2176
108,933,2,9,289.5,90.53,2.891,0.2247
108,933,2,10,357.0,103.52,3.035,0.2298
108,933,2,11,333.5,112.09,3.197,0.2311
108,933,2,12,335.5,109.65,3.226,0.244
108,933,2,13,390.0,98.93,3.436,0.2483
108,933,2,14,353.0,87.72,3.753,0.2451
108,933,2,15,370.0,72.27,3.975,0.2554
108,933,2,16,347.0,49.66,4.236,0.2606
108,933,2,17,361.5,27.5,3.97,0.2648
108,933,2,18,327.5,9.75,3.506,0.2646
108,933,2,19,310.5,0.0,3.226,0.2594
108,933,2,20,294.0,0.0,3.158,0.2509
108,933,2,21,266.0,0.0,2.91,0.2459
108,933,2,22,256.0,0.0,2.606,0.2354
108,933,2,23,246.5,0.0,2.199,0.2273
108,934,3,0,201.67,0.0,2.159,0.2211
108,934,3,1,198.0,0.0,1.982,0.2084
108,934,3,2,188.0,0.0,1.605,0.1941
108,934,3,3,190.0,0.0,1.507,0.1944
108,934,3,4,191.0,0.0,1.504,0.1928
108,934,3,5,187.5,7.96,1.673,0.1987
108,934,3,6,187.0,28.02,2.123,0.2023
108,934,3,7,188.5,50.92,2.677,0.2128
108,934,3,8,199.0,72.8,2.881,0.2339
108,934,3,9,233.5,91.15,3.111,0.2608
108,934,3,10,253.5,104.26,3.378,0.2739
108,934,3,11,268.5,110.77,3.555,0.2836
108,934,3,12,291.5,108.69,3.714,0.29
108,934,3,13,290.0,94.32,4.443,0.2998
108,934,3,14,336.5,89.18,4.726,0.3028
108,934,3,15,347.5,73.33,4.951,0.3016
108,934,3,16,353.5,53.31,5.161,0.3022
108,934,3,17,324.0,30.16,4.868,0.306
108,934,3,18,297.5,10.57,4.567,0.3106
108,934,3,19,280.0,0.0,4.061,0.3024
108,934,3,20,266.0,0.0,3.919,0.29
108,934,3,21,256.0,0.0,3.958,0.278
108,934,3,22,249.5,0.0,3.146,0.2689
108,934,3,23,215.5,0.0,2.705,0.2479
108,935,4,0,221.0,0.0,2.578,0.2347
108,935,4,1,203.17,0.0,2.379,0.2131
108,935,4,2,203.0,0.0,2.039,0.2019
108,935,4,3,202.0,0.0,1.877,0.1953
108,935,4,4,198.0,0.0,1.854,0.1958
108,935,4,5,196.0,5.99,1.955,0.2042
108,935,4,6,194.5,22.13,2.414,0.2086
108,935,4,7,200.0,42.23,2.915,0.2291
108,935,4,8,228.5,65.35,3.363,0.2416
108,935,4,9,250.0,84.26,3.613,0.2593
108,935,4,10,267.5,97.39,4.1,0.2678
108,935,4,11,319.5,99.6,4.887,0.2748
108,935,4,12,298.0,106.37,5.613,0.2774
108,935,4,13,308.0,98.94,7.072,0.2766
108,935,4,14,315.5,85.76,7.799,0.2809
108,935,4,15,332.5,69.23,8.158,0.2857
108,935,4,16,304.5,50.97,8.137,0.2887
108,935,4,17,256.0,28.99,7.585,0.2935
108,935,4,18,268.0,10.12,5.705,0.2895
108,935,4,19,259.0,0.0,5.171,0.2891
108,935,4,20,247.0,0.0,4.912,0.2841
108,935,4,21,247.0,0.0,4.327,0.283
108,935,4,22,243.0,0.0,3.769,0.2789
108,935,4,23,244.0,0.0,3.341,0.2769
108,936,5,0,219.83,0.0,3.454,0.2711
108,936,5,1,241.83,0.0,2.758,0.2591
108,936,5,2,243.0,0.0,2.523,0.2497
108,936,5,3,236.5,0.0,2.375,0.2348
108,936,5,4,219.5,0.0,2.323,0.227
108,936,5,5,204.5,7.81,2.174,0.2258
108,936,5,6,200.5,28.26,2.227,0.2181
108,936,5,7,201.0,51.35,2.614,0.2308
108,936,5,8,215.0,73.27,3.299,0.2391
108,936,5,9,239.5,91.67,4.053,0.259
108,936,5,10,247.0,105.21,4.0,0.2764
108,936,5,11,258.5,111.74,4.459,0.2795
108,936,5,12,375.5,112.1,4.924,0.2842
108,936,5,13,302.0,104.6,5.299,0.2875
108,936,5,14,282.0,84.81,5.904,0.2887
108,936,5,15,283.0,70.64,6.052,0.2903
108,936,5,16,282.5,51.08,6.24,0.2931
108,936,5,17,282.5,29.34,5.941,0.2935
108,936,5,18,275.5,9.76,5.5,0.3005
108,936,5,19,262.5,0.0,4.726,0.2986
108,936,5,20,253.5,0.0,4.508,0.3001
108,936,5,21,250.5,0.0,4.278,0.2917
108,936,5,22,245.5,0.0,3.999,0.2876
108,936,5,23,233.0,0.0,3.352,0.2818
108,937,6,0,189.17,0.0,3.046,0.2659
108,937,6,1,195.5,0.0,2.755,0.2501
108,937,6,2,189.0,0.0,2.523,0.2317
108,937,6,3,194.0,0.0,2.364,0.2199
108,937,6,4,188.5,0.0,2.293,0.2167
108,937,6,5,187.5,7.61,1.936,0.2156
108,937,6,6,183.5,27.94,1.423,0.2153
108,937,6,7,184.0,50.5,2.167,0.2234
108,937,6,8,186.5,70.38,2.586,0.2328
108,937,6,9,138.0,87.42,2.917,0.2423
108,937,6,10,111.0,99.21,3.395,0.2447
108,937,6,11,176.0,102.86,3.684,0.2482
108,937,6,12,274.5,101.32,4.154,0.2604
108,937,6,13,274.0,104.21,4.58,0.2715
108,937,6,14,224.0,90.43,4.95,0.2819
108,937,6,15,172.0,63.65,5.131,0.2856
108,937,6,16,221.0,45.76,5.316,0.2891
108,937,6,17,231.0,24.73,5.302,0.2922
108,937,6,18,268.5,7.93,5.0,0.2919
108,937,6,19,234.5,0.0,4.5,0.2898
108,937,6,20,194.5,0.0,4.583,0.2814
108,937,6,21,184.5,0.0,4.8,0.2788
108,937,6,22,183.0,0.0,3.669,0.2803
108,937,6,23,182.0,0.0,3.127,0.2786
108,938,0,0,208.2,0.0,3.118,0.2631
108,938,0,1,180.67,0.0,2.56,0.2487
108,938,0,2,175.5,0.0,2.437,0.234
108,938,0,3,171.0,0.0,2.413,0.2296
108,938,0,4,171.0,0.0,2.402,0.227
108,938,0,5,171.0,4.21,2.488,0.2303
108,938,0,6,167.5,16.5,2.588,0.2373
108,938,0,7,171.0,33.16,3.468,0.2488
108,938,0,8,178.0,54.24,3.954,0.2599
108,938,0,9,204.5,74.89,4.251,0.2743
108,938,0,10,283.0,90.88,5.0,0.2832
108,938,0,11,257.0,103.25,5.747,0.289
108,938,0,12,245.0,98.84,6.762,0.2921
108,938,0,13,262.0,77.27,9.1,0.2935
108,938,0,14,277.0,65.77,10.314,0.3085
108,938,0,15,307.5,23.63,11.473,0.3038
108,938,0,16,325.0,5.91,11.511,0.3053
108,938,0,17,326.0,3.19,10.103,0.2988
108,938,0,18,300.0,0.9,7.807,0.2852
108,938,0,19,270.5,0.0,6.614,0.284
108,938,0,20,261.0,0.0,6.1,0.2842
108,938,0,21,220.0,0.0,5.155,0.2801
108,938,0,22,190.5,0.0,4.73,0.2678
108,938,0,23,187.5,0.0,3.868,0.2499
108,939,1,0,237.07,0.0,3.93,0.2324
108,939,1,1,237.07,0.0,3.696,0.2182
108,939,1,2,237.07,0.0,2.376,0.2136
108,939,1,3,237.07,0.0,2.262,0.2127
108,939,1,4,237.07,0.0,2.218,0.2125
108,939,1,5,237.07,6.01,2.344,0.2135
108,939,1,6,237.07,25.79,2.676,0.2185
108,939,1,7,237.07,48.72,3.469,0.2342
108,939,1,8,237.07,73.27,3.813,0.2506
108,939,1,9,237.07,91.48,4.169,0.2677
108,939,1,10,237.07,103.78,4.646,0.2787
108,939,1,11,237.07,110.8,5.308,0.2831
108,939,1,12,237.07,105.17,6.0,0.2828
108,939,1,13,237.07,96.85,6.968,0.2824
108,939,1,14,237.07,84.72,8.0,0.2856
108,939,1,15,237.07,65.81,9.042,0.289
108,939,1,16,237.07,47.44,9.468,0.2916
108,939,1,17,237.07,25.61,8.104,0.2916
108,939,1,18,237.07,8.24,6.639,0.2928
108,939,1,19,237.07,0.0,6.0,0.2956
108,939,1,20,237.07,0.0,5.3,0.2907
108,939,1,21,237.07,0.0,4.839,0.2806
108,939,1,22,237.07,0.0,4.337,0.2749
108,939,1,23,237.07,0.0,3.698,0.2626
108,940,2,0,237.07,0.0,3.712,0.246
108,940,2,1,237.07,0.0,3.096,0.2346
108,940,2,2,237.07,0.0,2.18,0.2228
108,940,2,3,237.07,0.0,2.075,0.217
108,940,2,4,237.07,0.0,1.963,0.2192
108,940,2,5,237.07,5.73,2.08,0.2226
108,940,2,6,237.07,23.16,2.369,0.2283
108,940,2,7,237.07,44.19,3.264,0.2448
108,940,2,8,237.07,69.13,3.654,0.262
108,940,2,9,237.07,88.39,4.084,0.2773
108,940,2,10,237.07,101.61,4.404,0.2796
108,940,2,11,237.07,109.18,4.976,0.2847
108,940,2,12,237.07,107.31,5.918,0.2853
108,940,2,13,237.07,100.02,7.243,0.2857
108,940,2,14,237.07,86.41,8.227,0.2865
108,940,2,15,237.07,71.28,8.825,0.2898
108,940,2,16,237.07,49.61,8.869,0.2868
108,940,2,17,237.07,28.05,8.106,0.2881
108,940,2,18,237.07,8.81,6.301,0.2872
108,940,2,19,237.07,0.0,5.501,0.289
108,940,2,20,237.07,0.0,4.976,0.2902
108,940,2,21,237.07,0.0,4.608,0.2871
108,940,2,22,237.07,0.0,4.094,0.2829
108,940,2,23,237.07,0.0,3.478,0.2701
108,941,3,0,237.07,0.0,3.5,0.2592
108,941,3,1,237.07,0.0,2.375,0.2509
108,941,3,2,237.07,0.0,2.049,0.2404
108,941,3,3,237.07,0.0,1.92,0.2228
108,941,3,4,237.07,0.0,1.923,0.2231
108,941,3,5,237.07,5.95,2.051,0.2275
108,941,3,6,237.07,24.17,2.329,0.2254
108,941,3,7,237.07,44.61,3.049,0.2383
108,941,3,8,237.07,64.43,3.316,0.2576
108,941,3,9,237.07,78.54,3.602,0.2722
108,941,3,10,237.07,96.17,4.228,0.2795
108,941,3,11,237.07,102.66,4.647,0.2864
108,941,3,12,237.07,91.12,5.142,0.2867
108,941,3,13,237.07,60.44,6.03,0.2884
108,941,3,14,237.07,40.94,7.449,0.2907
108,941,3,15,237.07,10.42,7.671,0.294
108,941,3,16,237.07,5.75,8.1,0.2937
108,941,3,17,237.07,5.96,6.614,0.294
108,941,3,18,237.07,1.18,5.849,0.2982
108,941,3,19,237.07,0.0,4.916,0.2956
108,941,3,20,237.07,0.0,4.669,0.292
108,941,3,21,237.07,0.0,4.324,0.2896
108,941,3,22,237.07,0.0,3.896,0.2933
108,941,3,23,237.07,0.0,3.208,0.2858
108,942,4,0,237.07,0.0,3.388,0.2738
108,942,4,1,237.07,0.0,2.606,0.2633
108,942,4,2,237.07,0.0,2.266,0.2548
108,942,4,3,237.07,0.0,2.039,0.2408
108,942,4,4,237.07,0.0,2.03,0.2402
108,942,4,5,237.07,2.99,2.098,0.2413
108,942,4,6,237.07,11.27,2.623,0.2423
108,942,4,7,237.07,21.41,2.887,0.2535
108,942,4,8,237.07,39.64,3.419,0.2654
108,942,4,9,237.07,58.41,3.478,0.2657
108,942,4,10,237.07,71.52,3.611,0.2707
108,942,4,11,237.07,88.35,4.082,0.2771
108,942,4,12,237.07,98.47,4.241,0.2772
108,942,4,13,237.07,81.78,4.66,0.2752
108,942,4,14,237.07,80.16,4.867,0.2779
108,942,4,15,237.07,70.21,4.97,0.2812
108,942,4,16,237.07,47.89,4.726,0.282
108,942,4,17,237.07,25.76,4.459,0.2809
108,942,4,18,237.07,7.21,4.182,0.2833
108,942,4,19,237.07,0.0,3.878,0.2826
108,942,4,20,237.07,0.0,3.776,0.2801
108,942,4,21,237.07,0.0,3.583,0.2776
108,942,4,22,237.07,0.0,3.076,0.2732
108,942,4,23,237.07,0.0,2.855,0.2728
108,943,5,0,237.07,0.0,2.296,0.2569
108,943,5,1,237.07,0.0,2.112,0.233
108,943,5,2,237.07,0.0,1.945,0.2223
108,943,5,3,237.07,0.0,1.808,0.2189
108,943,5,4,237.07,0.0,1.722,0.2203
108,943,5,5,237.07,4.09,1.654,0.2239
108,943,5,6,237.07,18.13,1.464,0.2246
108,943,5,7,237.07,34.97,1.631,0.2409
108,943,5,8,237.07,53.93,1.94,0.2384
108,943,5,9,237.07,71.82,2.607,0.2438
108,943,5,10,237.07,71.06,2.708,0.2614
108,943,5,11,237.07,73.92,3.013,0.2578
108,943,5,12,237.07,70.27,3.315,0.2565
108,943,5,13,237.07,38.64,3.486,0.27
108,943,5,14,237.07,32.12,3.651,0.2786
108,943,5,15,237.07,23.29,3.9,0.276
108,943,5,16,237.07,12.77,3.9,0.276
108,943,5,17,237.07,6.17,3.637,0.2706
108,943,5,18,237.07,2.21,3.497,0.2701
108,943,5,19,237.07,0.0,3.224,0.2706
108,943,5,20,237.07,0.0,3.212,0.27
108,943,5,21,237.07,0.0,3.18,0.2706
108,943,5,22,237.07,0.0,2.78,0.2649
108,943,5,23,237.07,0.0,2.725,0.2607
108,944,6,0,237.07,0.0,2.439,0.2457
108,944,6,1,237.07,0.0,2.157,0.2401
108,944,6,2,237.07,0.0,1.991,0.2369
108,944,6,3,237.07,0.0,1.883,0.2359
108,944,6,4,237.07,0.0,1.677,0.2308
108,944,6,5,237.07,1.51,1.568,0.228
108,944,6,6,237.07,7.13,1.318,0.2263
108,944,6,7,237.07,13.91,1.394,0.2275
108,944,6,8,237.07,21.84,1.695,0.2331
108,944,6,9,237.07,33.95,2.058,0.2373
108,944,6,10,237.07,41.06,2.715,0.2388
108,944,6,11,237.07,55.21,2.683,0.2482
108,944,6,12,237.07,54.94,2.833,0.2585
108,944,6,13,237.07,54.55,3.013,0.2628
108,944,6,14,237.07,50.75,3.048,0.2666
108,944,6,15,237.07,34.37,3.09,0.2673
108,944,6,16,237.07,21.46,3.472,0.2664
108,944,6,17,237.07,11.47,3.472,0.2656
108,944,6,18,237.07,2.66,3.109,0.268
108,944,6,19,237.07,0.05,2.899,0.2694
108,944,6,20,237.07,0.0,2.961,0.2683
108,944,6,21,237.07,0.0,2.947,0.2665
108,944,6,22,237.07,0.0,2.768,0.2622
108,944,6,23,237.07,0.0,2.38,0.2557
108,945,0,0,237.07,0.0,2.528,0.2308
108,945,0,1,237.07,0.0,2.161,0.2263
108,945,0,2,237.07,0.0,2.007,0.2213
108,945,0,3,237.07,0.0,1.902,0.219
108,945,0,4,237.07,0.0,1.849,0.2173
108,945,0,5,237.07,1.81,2.053,0.2165
108,945,0,6,237.07,6.85,2.061,0.225
108,945,0,7,237.07,14.01,2.506,0.2357
108,945,0,8,237.07,19.64,2.805,0.2407
108,945,0,9,237.07,26.63,2.986,0.2497
108,945,0,10,237.07,30.71,3.385,0.2553
108,945,0,11,237.07,31.73,3.804,0.2643
108,945,0,12,237.07,52.34,3.985,0.2693
108,945,0,13,237.07,48.21,4.256,0.2711
108,945,0,14,237.07,54.78,4.312,0.2753
108,945,0,15,237.07,33.16,4.569,0.2748
108,945,0,16,237.07,21.59,4.658,0.2759
108,945,0,17,237.07,12.68,4.434,0.2764
108,945,0,18,237.07,3.54,4.042,0.2723
108,945,0,19,237.07,0.0,3.842,0.2674
108,945,0,20,237.07,0.0,3.914,0.267
108,945,0,21,237.07,0.0,3.445,0.2583
108,945,0,22,237.07,0.0,3.099,0.248
108,945,0,23,237.07,0.0,3.025,0.2365
108,946,1,0,237.07,0.0,2.43,0.2254
108,946,1,1,237.07,0.0,2.196,0.2115
108,946,1,2,237.07,0.0,1.927,0.2052
108,946,1,3,237.07,0.0,1.78,0.2027
108,946,1,4,237.07,0.0,1.818,0.2011
108,946,1,5,237.07,2.33,1.955,0.2121
108,946,1,6,237.07,11.99,1.932,0.2258
108,946,1,7,237.07,25.93,2.239,0.2364
108,946,1,8,237.07,44.25,2.615,0.2486
108,946,1,9,237.07,44.77,2.842,0.249
108,946,1,10,237.07,64.1,3.437,0.2536
108,946,1,11,237.07,64.55,3.775,0.2601
108,946,1,12,237.07,49.18,4.061,0.2614
108,946,1,13,237.07,44.28,4.004,0.2599
108,946,1,14,237.07,52.43,4.101,0.261
108,946,1,15,237.07,43.6,4.294,0.261
108,946,1,16,237.07,30.91,4.504,0.266
108,946,1,17,237.07,18.29,4.208,0.2696
108,946,1,18,237.07,5.63,3.925,0.272
108,946,1,19,237.07,0.0,3.72,0.2666
108,946,1,20,237.07,0.0,3.682,0.2577
108,946,1,21,237.07,0.0,3.461,0.2576
108,946,1,22,237.07,0.0,3.158,0.2612
108,946,1,23,237.07,0.0,2.446,0.2462
108,947,2,0,237.07,0.0,2.391,0.2254
108,947,2,1,237.07,0.0,2.215,0.2067
108,947,2,2,237.07,0.0,2.01,0.2021
108,947,2,3,237.07,0.0,1.876,0.2016
108,947,2,4,237.07,0.0,1.852,0.2009
108,947,2,5,237.07,4.87,1.91,0.2064
108,947,2,6,237.07,23.55,1.978,0.217
108,947,2,7,237.07,45.27,2.32,0.2245
108,947,2,8,237.07,66.08,2.8,0.2269
108,947,2,9,237.07,84.3,3.131,0.2353
108,947,2,10,237.07,91.48,3.258,0.2406
108,947,2,11,237.07,105.76,3.305,0.2501
108,947,2,12,237.07,102.79,3.363,0.2558
108,947,2,13,237.07,97.46,3.49,0.2606
108,947,2,14,237.07,86.95,3.647,0.265
108,947,2,15,237.07,71.61,3.844,0.2681
108,947,2,16,237.07,50.58,4.086,0.2699
108,947,2,17,237.07,27.88,3.707,0.2737
108,947,2,18,237.07,7.46,3.514,0.2741
108,947,2,19,237.07,0.0,3.311,0.2672
108,947,2,20,237.07,0.0,3.282,0.2606
108,947,2,21,237.07,0.0,3.061,0.2559
108,947,2,22,237.07,0.0,2.781,0.2539
108,947,2,23,237.07,0.0,2.377,0.2359
108,948,3,0,237.07,0.0,2.33,0.2198
108,948,3,1,237.07,0.0,1.977,0.205
108,948,3,2,237.07,0.0,1.706,0.2023
108,948,3,3,237.07,0.0,1.567,0.1988
108,948,3,4,237.07,0.0,1.508,0.2001
108,948,3,5,237.07,4.8,1.767,0.2037
108,948,3,6,237.07,23.86,2.141,0.2089
108,948,3,7,237.07,46.63,2.358,0.2224
108,948,3,8,237.07,67.79,2.598,0.24
108,948,3,9,237.07,87.19,2.942,0.2497
108,948,3,10,237.07,67.42,3.252,0.2575
108,948,3,11,237.07,100.08,3.377,0.2662
108,948,3,12,237.07,97.22,3.51,0.2726
108,948,3,13,237.07,94.72,3.664,0.2732
108,948,3,14,237.07,80.32,4.08,0.2723
108,948,3,15,237.07,67.98,4.339,0.2711
108,948,3,16,237.07,46.97,4.545,0.2701
108,948,3,17,237.07,25.44,4.27,0.2746
108,948,3,18,237.07,6.44,3.86,0.2739
108,948,3,19,237.07,0.0,3.495,0.2761
108,948,3,20,237.07,0.0,3.498,0.2731
108,948,3,21,237.07,0.0,3.201,0.2674
108,948,3,22,237.07,0.0,2.873,0.2617
108,948,3,23,237.07,0.0,2.473,0.2561
108,949,4,0,237.07,0.0,2.302,0.2276
108,949,4,1,237.07,0.0,1.939,0.2134
108,949,4,2,237.07,0.0,1.658,0.2021
108,949,4,3,237.07,0.0,1.632,0.1977
108,949,4,4,237.07,0.0,1.588,0.1954
108,949,4,5,237.07,4.33,1.708,0.2009
108,949,4,6,237.07,22.49,1.881,0.215
108,949,4,7,237.07,43.84,2.18,0.2261
108,949,4,8,237.07,65.3,2.461,0.2447
108,949,4,9,237.07,83.26,2.766,0.2564
108,949,4,10,237.07,89.79,2.981,0.2627
108,949,4,11,237.07,79.33,3.099,0.2686
108,949,4,12,237.07,89.61,3.285,0.2714
108,949,4,13,237.07,72.56,3.495,0.2717
108,949,4,14,237.07,56.27,3.804,0.2695
108,949,4,15,237.07,51.64,4.017,0.2692
108,949,4,16,237.07,31.44,4.164,0.2698
108,949,4,17,237.07,18.06,4.085,0.268
108,949,4,18,237.07,4.5,3.527,0.2679
108,949,4,19,237.07,0.0,3.219,0.2684
108,949,4,20,237.07,0.0,3.219,0.2685
108,949,4,21,237.07,0.0,2.977,0.264
108,949,4,22,237.07,0.0,2.781,0.2649
108,949,4,23,237.07,0.0,2.559,0.2542
108,950,5,0,237.07,0.0,2.613,0.2281
108,950,5,1,237.07,0.0,2.372,0.2211
108,950,5,2,237.07,0.0,2.153,0.2094
108,950,5,3,237.07,0.0,1.845,0.2035
108,950,5,4,237.07,0.0,1.764,0.2013
108,950,5,5,237.07,2.5,1.695,0.2049
108,950,5,6,237.07,12.97,1.507,0.2065
108,950,5,7,237.07,26.62,1.922,0.2082
108,950,5,8,237.07,44.65,2.419,0.221
108,950,5,9,237.07,37.91,2.771,0.237
108,950,5,10,237.07,49.19,2.943,0.2535
108,950,5,11,237.07,82.1,3.416,0.2623
108,950,5,12,237.07,88.02,3.6,0.269
108,950,5,13,237.07,85.59,4.05,0.2709
108,950,5,14,237.07,64.31,4.053,0.2677
108,950,5,15,237.07,49.0,4.211,0.2691
108,950,5,16,237.07,33.64,4.211,0.278
108,950,5,17,237.07,18.48,4.126,0.2821
108,950,5,18,237.07,4.75,3.685,0.2793
108,950,5,19,237.07,0.0,3.177,0.2794
108,950,5,20,237.07,0.0,3.359,0.2759
108,950,5,21,237.07,0.0,2.974,0.2734
108,950,5,22,237.07,0.0,2.806,0.2721
108,950,5,23,237.07,0.0,2.688,0.2635
108,951,6,0,237.07,0.0,2.322,0.2433
108,951,6,1,237.07,0.0,2.198,0.2282
108,951,6,2,237.07,0.0,1.967,0.2177
108,951,6,3,237.07,0.0,1.67,0.2123
108,951,6,4,237.07,0.0,1.599,0.2072
108,951,6,5,237.07,4.79,1.59,0.2107
108,951,6,6,237.07,25.02,1.116,0.2065
108,951,6,7,237.07,48.28,1.516,0.2015
108,951,6,8,237.07,70.34,1.875,0.2088
108,951,6,9,237.07,88.85,2.377,0.2158
108,951,6,10,237.07,102.19,2.66,0.2328
108,951,6,11,237.07,108.99,2.778,0.2493
108,951,6,12,237.07,107.09,2.89,0.2581
108,951,6,13,237.07,96.21,3.002,0.2659
108,951,6,14,237.07,86.75,3.161,0.2685
108,951,6,15,237.07,71.01,3.412,0.2697
108,951,6,16,237.07,49.59,3.537,0.27
108,951,6,17,237.07,26.69,3.51,0.2696
108,951,6,18,237.07,6.35,3.261,0.269
108,951,6,19,237.07,0.0,2.991,0.2663
108,951,6,20,237.07,0.0,3.033,0.2698
108,951,6,21,237.07,0.0,2.881,0.2681
108,951,6,22,237.07,0.0,2.675,0.2626
108,951,6,23,237.07,0.0,2.536,0.2559
108,952,0,0,237.07,0.0,2.33,0.2336
108,952,0,1,237.07,0.0,2.146,0.2158
108,952,0,2,237.07,0.0,1.971,0.2115
108,952,0,3,237.07,0.0,1.825,0.2106
108,952,0,4,237.07,0.0,1.791,0.2116
108,952,0,5,237.07,3.46,1.981,0.2127
108,952,0,6,237.07,17.76,1.925,0.2174
108,952,0,7,237.07,36.18,2.303,0.2278
108,952,0,8,237.07,54.49,2.606,0.2402
108,952,0,9,237.07,64.27,2.795,0.2501
108,952,0,10,237.07,65.22,3.065,0.2562
108,952,0,11,237.07,63.5,3.251,0.2673
108,952,0,12,237.07,72.38,3.506,0.2758
108,952,0,13,237.07,70.25,3.991,0.2786
108,952,0,14,237.07,57.98,4.441,0.2804
108,952,0,15,237.07,54.69,4.646,0.2781
108,952,0,16,237.07,36.95,4.763,0.2783
108,952,0,17,237.07,19.39,4.514,0.2754
108,952,0,18,237.07,4.58,4.02,0.2787
108,952,0,19,237.07,0.0,3.645,0.2802
108,952,0,20,237.07,0.0,3.647,0.2805
108,952,0,21,237.07,0.0,3.141,0.2789
108,952,0,22,237.07,0.0,2.69,0.2699
108,952,0,23,237.07,0.0,2.477,0.2472
108,953,1,0,237.07,0.0,2.422,0.2264
108,953,1,1,237.07,0.0,2.25,0.216
108,953,1,2,237.07,0.0,1.984,0.2097
108,953,1,3,237.07,0.0,1.785,0.2073
108,953,1,4,237.07,0.0,1.668,0.2087
108,953,1,5,237.07,4.11,1.93,0.2115
108,953,1,6,237.07,23.51,2.124,0.2189
108,953,1,7,237.07,46.51,2.43,0.2353
108,953,1,8,237.07,68.38,2.722,0.2523
108,953,1,9,237.07,87.31,2.941,0.2666
108,953,1,10,237.07,98.13,3.295,0.2731
108,953,1,11,237.07,96.65,3.566,0.2708
108,953,1,12,237.07,93.04,3.786,0.2751
108,953,1,13,237.07,89.18,4.343,0.2783
108,953,1,14,237.07,75.73,4.604,0.283
108,953,1,15,237.07,57.53,5.197,0.2818
108,953,1,16,237.07,39.77,5.5,0.2831
108,953,1,17,237.07,21.07,5.229,0.2845
108,953,1,18,237.07,4.53,4.711,0.2843
108,953,1,19,237.07,0.0,4.117,0.2832
108,953,1,20,237.07,0.0,3.971,0.2794
108,953,1,21,237.07,0.0,3.561,0.2754
108,953,1,22,237.07,0.0,3.119,0.2727
108,953,1,23,237.07,0.0,2.855,0.2622
108,954,2,0,237.07,0.0,2.546,0.2489
108,954,2,1,237.07,0.0,2.345,0.2303
108,954,2,2,237.07,0.0,2.045,0.2178
108,954,2,3,237.07,0.0,1.837,0.2158
108,954,2,4,237.07,0.0,1.752,0.2176
108,954,2,5,237.07,1.29,2.046,0.2257
108,954,2,6,237.07,7.13,2.334,0.2333
108,954,2,7,237.07,18.14,2.714,0.2496
108,954,2,8,237.07,28.06,3.106,0.2677
108,954,2,9,237.07,46.87,3.267,0.2749
108,954,2,10,237.07,50.09,3.616,0.2791
108,954,2,11,237.07,47.96,4.148,0.2832
108,954,2,12,237.07,64.51,4.6,0.2831
108,954,2,13,237.07,68.66,5.13,0.286
108,954,2,14,237.07,62.05,5.476,0.2856
108,954,2,15,237.07,40.84,5.977,0.2822
108,954,2,16,237.07,26.92,6.253,0.2835
108,954,2,17,237.07,13.36,6.004,0.2852
108,954,2,18,237.07,2.69,5.357,0.2862
108,954,2,19,237.07,0.0,4.678,0.2888
108,954,2,20,237.07,0.0,4.484,0.2853
108,954,2,21,237.07,0.0,3.989,0.2822
108,954,2,22,237.07,0.0,3.49,0.2849
108,954,2,23,237.07,0.0,3.0,0.2766
108,955,3,0,232.04,0.0,3.084,0.2699
108,955,3,1,212.54,0.0,2.852,0.2605
108,955,3,2,203.0,0.0,2.556,0.2535
108,955,3,3,204.5,0.0,2.359,0.2352
108,955,3,4,194.0,0.0,2.388,0.2331
108,955,3,5,191.0,2.4,2.532,0.2397
108,955,3,6,188.5,15.06,2.856,0.2436
108,955,3,7,195.5,31.48,3.239,0.2594
108,955,3,8,203.5,52.62,3.588,0.2802
108,955,3,9,241.0,66.27,4.051,0.2882
108,955,3,10,274.5,82.26,4.942,0.2953
108,955,3,11,325.5,79.64,5.827,0.2947
108,955,3,12,329.5,91.49,6.576,0.3035
108,955,3,13,396.0,87.58,7.53,0.3071
108,955,3,14,369.0,74.0,8.326,0.3098
108,955,3,15,324.0,51.0,8.997,0.3084
108,955,3,16,356.5,32.71,9.35,0.309
108,955,3,17,376.0,16.09,8.0,0.3107
108,955,3,18,359.5,3.06,7.103,0.3142
108,955,3,19,341.0,0.0,5.833,0.3114
108,955,3,20,306.0,0.0,5.785,0.3108
108,955,3,21,275.0,0.0,4.881,0.308
108,955,3,22,239.0,0.0,4.214,0.3089
108,955,3,23,227.0,0.0,3.488,0.2976
108,956,4,0,234.33,0.0,3.563,0.2806
108,956,4,1,229.0,0.0,3.2,0.2666
108,956,4,2,209.5,0.0,3.077,0.2511
108,956,4,3,226.0,0.0,3.043,0.2356
108,956,4,4,209.5,0.0,2.834,0.237
108,956,4,5,206.5,2.61,3.058,0.2436
108,956,4,6,203.5,18.44,3.326,0.2563
108,956,4,7,207.0,40.21,3.7,0.2652
108,956,4,8,221.5,63.19,4.2,0.2813
108,956,4,9,278.0,82.24,4.636,0.2949
108,956,4,10,301.5,94.91,6.053,0.298
108,956,4,11,286.0,99.68,7.48,0.3099
108,956,4,12,309.5,96.61,7.682,0.3136
108,956,4,13,365.0,90.1,8.847,0.3161
108,956,4,14,368.0,67.81,9.264,0.3171
108,956,4,15,362.5,40.2,10.0,0.3196
108,956,4,16,373.0,25.54,9.815,0.3224
108,956,4,17,383.5,13.41,8.88,0.3196
108,956,4,18,345.5,2.35,7.781,0.3164
108,956,4,19,334.5,0.0,6.617,0.3179
108,956,4,20,319.5,0.0,6.454,0.3137
108,956,4,21,318.0,0.0,5.402,0.3089
108,956,4,22,312.0,0.0,4.478,0.3014
108,956,4,23,287.0,0.0,3.7,0.2955
108,957,5,0,272.67,0.0,4.5,0.276
108,957,5,1,219.83,0.0,3.414,0.262
108,957,5,2,208.5,0.0,3.065,0.2553
108,957,5,3,211.0,0.0,2.91,0.2513
108,957,5,4,207.5,0.0,2.821,0.2482
108,957,5,5,205.5,2.81,2.77,0.2467
108,957,5,6,202.0,18.97,2.8,0.251
108,957,5,7,201.0,40.67,3.057,0.2579
108,957,5,8,202.0,61.39,3.705,0.2668
108,957,5,9,221.0,81.53,4.189,0.285
108,957,5,10,233.0,54.65,4.938,0.3016
108,957,5,11,234.5,96.71,5.728,0.3096
108,957,5,12,237.0,99.49,7.211,0.3117
108,957,5,13,241.0,88.7,7.7,0.315
108,957,5,14,240.0,75.69,8.211,0.3151
108,957,5,15,247.0,59.82,7.778,0.3197
108,957,5,16,265.5,40.37,8.038,0.323
108,957,5,17,288.5,20.16,7.7,0.3198
108,957,5,18,315.5,3.58,6.992,0.3128
108,957,5,19,317.0,0.0,6.568,0.3084
108,957,5,20,317.0,0.0,6.03,0.3088
108,957,5,21,315.5,0.0,6.03,0.308
108,957,5,22,314.0,0.0,4.55,0.2878
108,957,5,23,314.5,0.0,3.783,0.266
108,958,6,0,285.33,0.0,3.964,0.2702
108,958,6,1,304.33,0.0,3.8,0.2482
108,958,6,2,288.0,0.0,3.039,0.236
108,958,6,3,277.0,0.0,2.764,0.2371
108,958,6,4,256.5,0.0,2.619,0.238
108,958,6,5,219.0,2.81,2.499,0.222
108,958,6,6,218.0,19.77,2.441,0.22
108,958,6,7,221.0,41.56,2.55,0.2286
108,958,6,8,220.5,63.07,3.577,0.2374
108,958,6,9,245.5,81.2,3.824,0.2529
108,958,6,10,241.5,90.99,4.435,0.2722
108,958,6,11,248.5,95.07,4.809,0.2881
108,958,6,12,266.5,83.69,6.253,0.3002
108,958,6,13,287.0,80.99,7.954,0.3043
108,958,6,14,301.0,78.37,7.875,0.3085
108,958,6,15,312.0,59.14,8.202,0.3168
108,958,6,16,312.0,39.0,8.175,0.3134
108,958,6,17,310.5,18.35,8.14,0.3143
108,958,6,18,310.0,2.96,6.432,0.3103
108,958,6,19,309.0,0.0,6.164,0.3087
108,958,6,20,308.0,0.0,5.354,0.306
108,958,6,21,298.0,0.0,4.902,0.287
108,958,6,22,310.0,0.0,4.526,0.2778
108,958,6,23,304.5,0.0,3.896,0.2679
108,959,0,0,244.5,0.0,3.888,0.2534
108,959,0,1,247.0,0.0,3.423,0.2436
108,959,0,2,207.5,0.0,2.948,0.2409
108,959,0,3,206.0,0.0,2.567,0.2419
108,959,0,4,202.5,0.0,2.55,0.2414
108,959,0,5,193.0,2.55,2.644,0.2429
108,959,0,6,190.0,17.92,3.12,0.249
108,959,0,7,188.5,39.09,3.457,0.2582
108,959,0,8,203.0,59.87,4.046,0.267
108,959,0,9,247.0,81.5,4.6,0.2753
108,959,0,10,308.0,56.59,5.12,0.2781
108,959,0,11,336.0,98.73,6.173,0.281
108,959,0,12,379.0,97.18,7.327,0.2829
108,959,0,13,376.0,90.75,8.533,0.2911
108,959,0,14,378.0,79.17,8.999,0.2941
108,959,0,15,421.5,62.32,9.474,0.2946
108,959,0,16,398.5,40.18,8.933,0.3026
108,959,0,17,387.5,18.87,8.35,0.3081
108,959,0,18,355.0,2.87,6.774,0.311
108,959,0,19,342.5,0.0,5.811,0.3081
108,959,0,20,329.5,0.0,5.811,0.3055
108,959,0,21,314.5,0.0,4.918,0.3017
108,959,0,22,303.5,0.0,4.337,0.2946
108,959,0,23,279.0,0.0,3.476,0.2813
108,960,1,0,220.83,0.0,3.7,0.2741
108,960,1,1,207.0,0.0,3.3,0.2627
108,960,1,2,208.5,0.0,2.583,0.248
108,960,1,3,204.5,0.0,2.456,0.2426
108,960,1,4,201.0,0.0,2.433,0.24
108,960,1,5,191.5,2.15,2.493,0.2411
108,960,1,6,192.5,15.4,2.747,0.2498
108,960,1,7,192.0,33.37,3.3,0.2574
108,960,1,8,209.5,50.88,3.829,0.2674
108,960,1,9,243.0,61.51,4.06,0.2768
108,960,1,10,290.5,67.1,4.706,0.2873
108,960,1,11,358.5,59.9,5.46,0.2896
108,960,1,12,299.5,69.34,6.453,0.2923
108,960,1,13,301.0,56.78,8.129,0.2949
108,960,1,14,362.0,67.22,8.699,0.2941
108,960,1,15,378.5,54.0,9.238,0.2986
108,960,1,16,362.5,33.71,9.489,0.2973
108,960,1,17,332.5,16.12,8.4,0.2952
108,960,1,18,351.5,2.28,7.018,0.295
108,960,1,19,338.5,0.0,5.692,0.2917
108,960,1,20,334.0,0.0,5.514,0.295
108,960,1,21,315.0,0.0,4.729,0.287
108,960,1,22,306.0,0.0,4.276,0.2863
108,960,1,23,276.0,0.0,3.836,0.2768
108,961,2,0,212.0,0.0,4.042,0.2653
108,961,2,1,210.33,0.0,4.115,0.2447
108,961,2,2,205.5,0.0,3.058,0.233
108,961,2,3,204.5,0.0,2.9,0.2294
108,961,2,4,194.5,0.0,2.764,0.2283
108,961,2,5,193.0,2.18,2.908,0.2313
108,961,2,6,197.0,16.31,3.204,0.2418
108,961,2,7,197.0,35.94,3.843,0.2495
108,961,2,8,212.5,55.83,4.078,0.2575
108,961,2,9,264.5,77.12,4.12,0.2674
108,961,2,10,279.5,79.91,4.553,0.2733
108,961,2,11,347.0,105.08,4.75,0.2786
108,961,2,12,301.5,104.51,5.065,0.2802
108,961,2,13,353.0,96.81,5.61,0.2836
108,961,2,14,356.5,80.97,5.809,0.2816
108,961,2,15,354.5,62.43,6.148,0.2824
108,961,2,16,350.5,40.16,6.543,0.2894
108,961,2,17,357.5,18.34,5.8,0.2916
108,961,2,18,298.0,2.47,5.182,0.2939
108,961,2,19,267.0,0.0,4.75,0.2899
108,961,2,20,246.0,0.0,4.911,0.288
108,961,2,21,212.0,0.0,4.401,0.2876
108,961,2,22,206.0,0.0,3.878,0.2802
108,961,2,23,206.5,0.0,3.269,0.262
108,962,3,0,204.5,0.0,2.694,0.2398
108,962,3,1,203.67,0.0,2.492,0.2267
108,962,3,2,199.5,0.0,2.288,0.2216
108,962,3,3,201.0,0.0,2.139,0.2191
108,962,3,4,200.0,0.0,2.08,0.2175
108,962,3,5,199.5,1.19,2.253,0.2235
108,962,3,6,205.5,9.02,2.406,0.2323
108,962,3,7,202.5,19.94,2.852,0.2415
108,962,3,8,207.5,31.97,3.49,0.2492
108,962,3,9,237.5,46.36,3.524,0.2592
108,962,3,10,252.5,57.3,3.928,0.2626
108,962,3,11,330.5,66.35,4.518,0.2721
108,962,3,12,327.0,84.53,4.74,0.2756
108,962,3,13,361.5,87.47,5.01,0.2795
108,962,3,14,336.5,78.42,5.171,0.2796
108,962,3,15,366.0,62.45,5.3,0.2809
108,962,3,16,370.5,41.01,5.527,0.2807
108,962,3,17,379.5,19.82,5.325,0.282
108,962,3,18,302.5,2.72,4.914,0.2841
108,962,3,19,268.5,0.0,4.551,0.2834
108,962,3,20,244.0,0.0,4.641,0.2798
108,962,3,21,212.0,0.0,4.142,0.2787
108,962,3,22,202.0,0.0,3.79,0.2759
108,962,3,23,204.5,0.0,3.232,0.2671
108,963,4,0,199.0,0.0,4.082,0.2527
108,963,4,1,203.83,0.0,2.334,0.2354
108,963,4,2,204.5,0.0,2.068,0.2287
108,963,4,3,203.5,0.0,1.843,0.2282
108,963,4,4,201.5,0.0,1.814,0.2262
108,963,4,5,202.5,2.18,2.11,0.2278
108,963,4,6,205.5,18.88,2.423,0.2352
108,963,4,7,205.5,40.85,2.729,0.2402
108,963,4,8,213.5,63.71,3.18,0.2408
108,963,4,9,237.5,76.49,3.464,0.2555
108,963,4,10,241.5,85.78,4.13,0.2656
108,963,4,11,289.5,94.65,4.366,0.2753
108,963,4,12,305.5,86.95,4.635,0.2742
108,963,4,13,301.5,76.43,5.115,0.2803
108,963,4,14,290.0,74.88,5.641,0.2791
108,963,4,15,300.0,58.35,6.33,0.2849
108,963,4,16,308.0,38.72,6.041,0.2855
108,963,4,17,246.5,18.79,5.853,0.2869
108,963,4,18,226.0,2.49,5.111,0.2861
108,963,4,19,215.5,0.0,4.57,0.2834
108,963,4,20,205.0,0.0,4.551,0.2833
108,963,4,21,194.0,0.0,4.2,0.2794
108,963,4,22,194.0,0.0,3.8,0.267
108,963,4,23,194.0,0.0,3.491,0.2588
108,964,5,0,191.83,0.0,3.118,0.2402
108,964,5,1,193.17,0.0,2.7,0.2281
108,964,5,2,195.0,0.0,2.017,0.2171
108,964,5,3,195.0,0.0,1.803,0.2148
108,964,5,4,192.0,0.0,1.602,0.2132
108,964,5,5,191.5,2.2,1.523,0.2136
108,964,5,6,192.0,19.11,1.427,0.2142
108,964,5,7,188.5,41.11,1.744,0.2165
108,964,5,8,190.0,62.23,2.42,0.2258
108,964,5,9,192.5,79.45,2.835,0.2378
108,964,5,10,193.0,69.95,3.202,0.255
108,964,5,11,196.5,93.7,3.603,0.2699
108,964,5,12,198.0,91.56,3.672,0.2753
108,964,5,13,197.0,85.5,3.768,0.2748
108,964,5,14,200.0,73.69,3.88,0.2739
108,964,5,15,200.5,54.55,4.084,0.2764
108,964,5,16,201.5,35.93,4.16,0.2786
108,964,5,17,203.0,16.97,4.157,0.2824
108,964,5,18,196.5,2.15,3.989,0.2819
108,964,5,19,193.0,0.0,3.788,0.2723
108,964,5,20,192.0,0.0,3.744,0.2667
108,964,5,21,191.5,0.0,3.632,0.2548
108,964,5,22,190.0,0.0,3.386,0.2509
108,964,5,23,193.5,0.0,2.718,0.2362
108,965,6,0,190.0,0.0,2.538,0.2186
108,965,6,1,190.17,0.0,2.103,0.2019
108,965,6,2,190.5,0.0,1.768,0.1953
108,965,6,3,187.0,0.0,1.521,0.1905
108,965,6,4,188.0,0.0,1.408,0.1917
108,965,6,5,191.0,1.89,1.319,0.1942
108,965,6,6,187.5,15.97,1.156,0.1944
108,965,6,7,187.0,34.27,1.707,0.198
108,965,6,8,187.5,53.05,2.057,0.2141
108,965,6,9,189.5,70.96,2.512,0.221
108,965,6,10,193.0,73.21,2.704,0.2227
108,965,6,11,198.5,84.79,2.809,0.2317
108,965,6,12,194.5,82.33,2.895,0.2409
108,965,6,13,195.0,57.24,3.184,0.2444
108,965,6,14,198.0,19.52,3.524,0.2461
108,965,6,15,198.5,13.84,3.717,0.2507
108,965,6,16,199.5,8.41,3.766,0.2515
108,965,6,17,202.5,4.49,3.764,0.2479
108,965,6,18,211.0,0.77,3.455,0.2517
108,965,6,19,195.0,0.0,3.333,0.2521
108,965,6,20,190.0,0.0,3.379,0.2533
108,965,6,21,189.5,0.0,3.103,0.2449
108,965,6,22,191.5,0.0,2.86,0.2462
108,965,6,23,192.5,0.0,2.627,0.2408
108,966,0,0,194.83,0.0,2.032,0.2243
108,966,0,1,191.83,0.0,1.652,0.2152
108,966,0,2,193.0,0.0,1.421,0.2097
108,966,0,3,191.0,0.0,1.378,0.2056
108,966,0,4,191.5,0.0,1.295,0.2013
108,966,0,5,194.5,1.98,1.431,0.2074
108,966,0,6,191.5,18.79,1.837,0.2138
108,966,0,7,193.0,43.15,2.159,0.2186
108,966,0,8,199.0,66.25,2.505,0.2262
108,966,0,9,216.5,85.19,2.585,0.2291
108,966,0,10,309.5,52.08,2.744,0.2351
108,966,0,11,307.5,103.33,2.856,0.2404
108,966,0,12,326.0,102.37,2.98,0.2446
108,966,0,13,353.0,97.46,3.134,0.2452
108,966,0,14,346.0,86.78,3.12,0.2461
108,966,0,15,366.5,67.87,3.408,0.2496
108,966,0,16,345.0,45.18,3.385,0.2519
108,966,0,17,345.0,21.34,3.428,0.2526
108,966,0,18,285.5,2.45,2.98,0.2498
108,966,0,19,266.5,0.0,2.93,0.2434
108,966,0,20,242.0,0.0,2.902,0.2404
108,966,0,21,206.0,0.0,2.644,0.2354
108,966,0,22,204.5,0.0,2.331,0.2309
108,966,0,23,204.0,0.0,1.924,0.2209
108,967,1,0,244.33,0.0,1.808,0.2078
108,967,1,1,201.5,0.0,1.526,0.2013
108,967,1,2,200.0,0.0,1.291,0.2031
108,967,1,3,200.0,0.0,1.138,0.2019
108,967,1,4,199.5,0.0,1.11,0.2068
108,967,1,5,203.0,2.2,1.198,0.2037
108,967,1,6,201.0,20.64,1.767,0.2113
108,967,1,7,202.0,44.41,2.091,0.2164
108,967,1,8,214.5,66.97,2.28,0.2296
108,967,1,9,244.5,85.8,2.542,0.2301
108,967,1,10,288.5,99.19,2.754,0.2304
108,967,1,11,353.5,106.97,2.944,0.2296
108,967,1,12,366.0,106.53,3.068,0.2355
108,967,1,13,375.0,98.89,3.279,0.2459
108,967,1,14,375.0,85.95,3.381,0.2474
108,967,1,15,407.5,66.97,3.627,0.2497
108,967,1,16,434.0,44.35,3.695,0.2535
108,967,1,17,401.5,20.6,3.703,0.254
108,967,1,18,350.0,2.2,3.23,0.252
108,967,1,19,309.5,0.0,3.103,0.2474
108,967,1,20,304.0,0.0,3.086,0.244
108,967,1,21,295.5,0.0,2.813,0.2362
108,967,1,22,292.5,0.0,2.501,0.2242
108,967,1,23,294.5,0.0,2.107,0.2102
108,968,2,0,283.67,0.0,2.052,0.1953
108,968,2,1,287.33,0.0,1.734,0.1871
108,968,2,2,277.5,0.0,1.381,0.1821
108,968,2,3,245.0,0.0,1.275,0.182
108,968,2,4,239.0,0.0,1.206,0.1852
108,968,2,5,218.0,1.96,1.471,0.1834
108,968,2,6,217.5,19.45,2.058,0.1981
108,968,2,7,218.0,42.78,2.238,0.2133
108,968,2,8,254.5,65.2,2.449,0.2275
108,968,2,9,301.5,83.87,2.635,0.2385
108,968,2,10,322.0,98.15,2.826,0.2463
108,968,2,11,337.0,104.46,3.003,0.2474
108,968,2,12,343.5,102.14,3.136,0.2496
108,968,2,13,367.5,96.29,3.418,0.255
108,968,2,14,358.5,83.17,3.828,0.2608
108,968,2,15,342.0,64.38,4.076,0.2576
108,968,2,16,381.5,42.01,4.463,0.2606
108,968,2,17,386.5,18.87,4.214,0.2662
108,968,2,18,376.5,1.83,3.679,0.2651
108,968,2,19,339.0,0.0,3.587,0.2627
108,968,2,20,320.5,0.0,3.597,0.2573
108,968,2,21,301.0,0.0,2.957,0.2476
108,968,2,22,294.5,0.0,2.621,0.2369
108,968,2,23,291.0,0.0,2.331,0.225
108,969,3,0,283.33,0.0,2.115,0.2072
108,969,3,1,269.83,0.0,1.951,0.1923
108,969,3,2,255.5,0.0,1.586,0.1882
108,969,3,3,246.5,0.0,1.391,0.1859
108,969,3,4,245.5,0.0,1.375,0.1867
108,969,3,5,221.0,1.52,1.756,0.1997
108,969,3,6,218.5,14.6,2.12,0.2131
108,969,3,7,223.5,32.56,2.433,0.2222
108,969,3,8,226.0,51.65,2.652,0.2326
108,969,3,9,258.5,71.13,2.653,0.2411
108,969,3,10,299.0,86.06,2.935,0.251
108,969,3,11,336.0,90.73,3.011,0.2603
108,969,3,12,336.0,78.58,3.196,0.265
108,969,3,13,313.0,63.44,3.75,0.2702
108,969,3,14,349.5,30.08,3.794,0.2689
108,969,3,15,351.0,21.3,4.185,0.2698
108,969,3,16,357.5,17.11,4.531,0.273
108,969,3,17,374.5,8.17,4.339,0.2765
108,969,3,18,346.5,0.99,3.675,0.2751
108,969,3,19,329.5,0.0,3.479,0.2734
108,969,3,20,310.0,0.0,3.535,0.2704
108,969,3,21,300.0,0.0,3.031,0.2658
108,969,3,22,293.5,0.0,2.845,0.2603
108,969,3,23,293.5,0.0,2.539,0.2513
108,970,4,0,252.0,0.0,2.566,0.2338
108,970,4,1,288.0,0.0,2.267,0.225
108,970,4,2,287.0,0.0,2.049,0.2226
108,970,4,3,248.5,0.0,2.022,0.2192
108,970,4,4,221.5,0.0,2.015,0.2183
108,970,4,5,219.5,1.22,2.161,0.2209
108,970,4,6,217.5,14.98,2.436,0.2351
108,970,4,7,220.5,36.36,2.828,0.2432
108,970,4,8,225.5,59.5,2.969,0.2572
108,970,4,9,247.0,74.59,3.166,0.2716
108,970,4,10,279.0,88.01,3.669,0.2825
108,970,4,11,298.5,87.48,3.925,0.2871
108,970,4,12,279.5,88.51,4.64,0.2912
108,970,4,13,356.0,86.14,5.348,0.2956
108,970,4,14,339.0,75.41,6.111,0.2972
108,970,4,15,375.5,60.04,6.711,0.2999
108,970,4,16,404.5,38.43,7.08,0.3
108,970,4,17,408.0,16.51,6.388,0.301
108,970,4,18,370.0,1.39,4.911,0.301
108,970,4,19,336.0,0.0,4.39,0.2933
108,970,4,20,273.5,0.0,4.332,0.2897
108,970,4,21,254.0,0.0,3.906,0.2882
108,970,4,22,221.5,0.0,3.115,0.2718
108,970,4,23,220.0,0.0,2.869,0.2534
108,971,5,0,232.0,0.0,3.05,0.2498
108,971,5,1,217.0,0.0,2.528,0.2378
108,971,5,2,212.5,0.0,2.356,0.2258
108,971,5,3,215.5,0.0,2.152,0.2255
108,971,5,4,214.5,0.0,2.061,0.2196
108,971,5,5,210.5,1.47,1.868,0.2194
108,971,5,6,210.0,17.23,1.794,0.2233
108,971,5,7,212.0,39.91,2.06,0.2232
108,971,5,8,213.5,62.26,2.544,0.228
108,971,5,9,216.0,81.19,3.004,0.24
108,971,5,10,223.0,94.49,3.228,0.2529
108,971,5,11,254.0,86.42,3.519,0.2645
108,971,5,12,262.0,96.59,3.711,0.2719
108,971,5,13,290.0,85.67,3.934,0.2778
108,971,5,14,295.5,72.68,4.061,0.2768
108,971,5,15,297.0,53.59,4.51,0.2855
108,971,5,16,284.0,33.0,4.624,0.2863
108,971,5,17,280.0,13.56,4.624,0.2895
108,971,5,18,290.0,1.19,3.953,0.2877
108,971,5,19,266.5,0.0,3.59,0.2819
108,971,5,20,274.5,0.0,3.623,0.277
108,971,5,21,276.0,0.0,3.385,0.271
108,971,5,22,269.0,0.0,3.019,0.2557
108,971,5,23,254.0,0.0,2.875,0.2412
108,972,6,0,228.33,0.0,2.594,0.2252
108,972,6,1,232.5,0.0,2.319,0.2139
108,972,6,2,214.0,0.0,2.129,0.2113
108,972,6,3,214.5,0.0,2.057,0.2057
108,972,6,4,212.5,0.0,1.955,0.2054
108,972,6,5,209.0,1.3,1.919,0.2028
108,972,6,6,208.5,16.19,1.555,0.2003
108,972,6,7,208.5,38.09,1.678,0.205
108,972,6,8,209.0,60.49,2.15,0.2147
108,972,6,9,211.0,79.38,2.644,0.2196
108,972,6,10,214.5,92.02,2.973,0.2282
108,972,6,11,213.0,100.18,3.137,0.2338
108,972,6,12,212.5,98.52,3.33,0.2377
108,972,6,13,215.0,89.22,3.569,0.2462
108,972,6,14,214.5,78.55,3.765,0.2519
108,972,6,15,216.5,60.49,4.131,0.2557
108,972,6,16,219.5,38.29,4.556,0.2584
108,972,6,17,215.5,15.89,4.388,0.2605
108,972,6,18,214.0,1.13,3.916,0.2631
108,972,6,19,213.0,0.0,3.522,0.2623
108,972,6,20,208.5,0.0,3.549,0.2594
108,972,6,21,209.5,0.0,3.231,0.2596
108,972,6,22,212.0,0.0,2.996,0.2537
108,972,6,23,209.0,0.0,2.802,0.249
108,973,0,0,206.0,0.0,2.497,0.2293
108,973,0,1,210.83,0.0,2.248,0.2162
108,973,0,2,211.5,0.0,2.157,0.2228
108,973,0,3,213.0,0.0,2.057,0.2149
108,973,0,4,211.0,0.0,2.059,0.2121
108,973,0,5,208.5,1.15,2.24,0.216
108,973,0,6,203.5,14.83,2.466,0.237
108,973,0,7,197.5,35.69,2.762,0.2395
108,973,0,8,198.0,58.37,3.082,0.2546
108,973,0,9,205.0,78.49,3.25,0.2604
108,973,0,10,212.0,90.51,3.509,0.2712
108,973,0,11,212.5,99.09,3.764,0.2769
108,973,0,12,214.0,94.88,4.135,0.2812
108,973,0,13,213.0,92.44,4.952,0.2832
108,973,0,14,213.5,79.73,5.817,0.2841
108,973,0,15,216.5,62.61,6.534,0.2901
108,973,0,16,243.0,40.42,7.002,0.2917
108,973,0,17,240.0,17.23,5.823,0.2937
108,973,0,18,237.5,1.18,4.825,0.2946
108,973,0,19,217.0,0.0,4.137,0.2907
108,973,0,20,231.5,0.0,4.082,0.289
108,973,0,21,209.0,0.0,3.456,0.2853
108,973,0,22,208.5,0.0,3.04,0.2567
108,973,0,23,205.0,0.0,3.162,0.2428
108,974,1,0,205.17,0.0,2.508,0.2308
108,974,1,1,204.17,0.0,2.171,0.2217
108,974,1,2,199.5,0.0,2.009,0.2174
108,974,1,3,201.5,0.0,1.813,0.213
108,974,1,4,201.0,0.0,1.809,0.2129
108,974,1,5,198.0,1.38,1.983,0.2132
108,974,1,6,196.0,17.19,2.267,0.2235
108,974,1,7,198.5,39.02,2.452,0.2294
108,974,1,8,206.5,60.19,2.805,0.2373
108,974,1,9,244.0,79.82,3.015,0.2412
108,974,1,10,262.0,90.71,3.304,0.251
108,974,1,11,319.0,94.69,3.758,0.2614
108,974,1,12,324.5,95.75,4.008,0.2681
108,974,1,13,375.0,82.74,4.453,0.27
108,974,1,14,383.0,77.41,4.76,0.2717
108,974,1,15,403.5,58.5,5.125,0.2731
108,974,1,16,439.0,36.08,5.339,0.2721
108,974,1,17,421.5,14.08,5.108,0.2759
108,974,1,18,394.5,0.83,4.281,0.2771
108,974,1,19,346.5,0.0,3.908,0.2756
108,974,1,20,300.0,0.0,3.865,0.2716
108,974,1,21,257.0,0.0,3.489,0.2614
108,974,1,22,233.5,0.0,3.108,0.243
108,974,1,23,231.0,0.0,2.745,0.2351
108,975,2,0,208.5,0.0,2.211,0.2316
108,975,2,1,206.0,0.0,1.825,0.2206
108,975,2,2,206.0,0.0,1.637,0.2171
108,975,2,3,206.0,0.0,1.578,0.2154
108,975,2,4,206.5,0.0,1.602,0.2152
108,975,2,5,202.5,0.93,1.932,0.2183
108,975,2,6,206.5,13.12,2.225,0.2196
108,975,2,7,208.0,31.14,2.365,0.2259
108,975,2,8,213.5,51.28,2.706,0.2349
108,975,2,9,238.5,71.97,2.893,0.2437
108,975,2,10,269.0,79.02,3.246,0.2482
108,975,2,11,312.0,78.6,3.663,0.2564
108,975,2,12,288.0,81.89,3.955,0.2621
108,975,2,13,333.5,69.65,4.397,0.2684
108,975,2,14,338.5,61.64,4.738,0.2722
108,975,2,15,360.0,41.96,4.96,0.2728
108,975,2,16,353.0,24.69,5.21,0.272
108,975,2,17,338.5,9.9,4.843,0.2707
108,975,2,18,327.5,0.59,4.146,0.2684
108,975,2,19,311.5,0.0,3.885,0.2679
108,975,2,20,295.5,0.0,3.815,0.2696
108,975,2,21,235.5,0.0,3.567,0.2653
108,975,2,22,234.5,0.0,3.347,0.2475
108,975,2,23,212.5,0.0,2.664,0.2358
108,976,3,0,210.17,0.0,2.297,0.2251
108,976,3,1,208.5,0.0,2.022,0.209
108,976,3,2,205.0,0.0,1.779,0.2052
108,976,3,3,205.5,0.0,1.611,0.2024
108,976,3,4,207.5,0.0,1.71,0.2029
108,976,3,5,204.5,0.28,1.999,0.2072
108,976,3,6,204.5,4.48,2.202,0.2122
108,976,3,7,210.0,10.66,2.292,0.2186
108,976,3,8,217.5,17.5,2.505,0.2271
108,976,3,9,243.5,33.95,2.86,0.2364
108,976,3,10,249.5,46.27,2.93,0.2447
108,976,3,11,272.5,57.59,3.027,0.246
108,976,3,12,302.5,50.15,3.137,0.2447
108,976,3,13,312.0,42.38,3.342,0.2453
108,976,3,14,314.5,37.97,3.617,0.2433
108,976,3,15,343.5,25.3,3.699,0.2453
108,976,3,16,353.5,15.86,3.795,0.2462
108,976,3,17,329.5,6.41,3.586,0.2456
108,976,3,18,324.0,0.49,3.449,0.2444
108,976,3,19,304.5,0.0,3.077,0.244
108,976,3,20,262.5,0.0,3.067,0.2422
108,976,3,21,221.0,0.0,2.838,0.2326
108,976,3,22,216.0,0.0,2.481,0.2208
108,976,3,23,213.0,0.0,2.234,0.2105
108,977,4,0,217.67,0.0,1.993,0.1954
108,977,4,1,211.17,0.0,1.623,0.1835
108,977,4,2,210.0,0.0,1.502,0.1756
108,977,4,3,209.5,0.0,1.422,0.1761
108,977,4,4,207.0,0.0,1.372,0.1765
108,977,4,5,207.0,1.05,1.551,0.1777
108,977,4,6,209.5,15.73,1.956,0.186
108,977,4,7,211.5,37.95,2.098,0.1931
108,977,4,8,217.0,60.37,2.133,0.2089
108,977,4,9,247.0,79.51,2.383,0.2162
108,977,4,10,240.5,94.81,2.496,0.2249
108,977,4,11,282.0,97.14,2.659,0.2345
108,977,4,12,276.0,97.48,2.767,0.2384
108,977,4,13,306.0,78.51,3.085,0.238
108,977,4,14,315.0,60.53,3.109,0.24
108,977,4,15,336.5,45.73,3.391,0.2385
108,977,4,16,310.0,26.26,3.297,0.2384
108,977,4,17,291.5,9.67,2.913,0.2387
108,977,4,18,251.5,0.49,2.775,0.2353
108,977,4,19,240.5,0.0,2.687,0.2288
108,977,4,20,231.0,0.0,2.667,0.2287
108,977,4,21,232.5,0.0,2.332,0.2205
108,977,4,22,231.5,0.0,2.074,0.2067
108,977,4,23,229.5,0.0,1.829,0.2002
108,978,5,0,226.67,0.0,2.109,0.1921
108,978,5,1,227.0,0.0,1.92,0.1837
108,978,5,2,225.0,0.0,1.531,0.1775
108,978,5,3,221.0,0.0,1.506,0.1843
108,978,5,4,218.5,0.0,1.444,0.1753
108,978,5,5,216.0,0.53,1.465,0.1743
108,978,5,6,216.0,7.6,1.345,0.1764
108,978,5,7,210.0,17.7,1.395,0.1794
108,978,5,8,210.5,32.09,1.712,0.189
108,978,5,9,215.0,42.83,2.195,0.192
108,978,5,10,218.0,49.49,2.234,0.2048
108,978,5,11,223.5,42.51,2.28,0.2048
108,978,5,12,228.5,42.77,2.27,0.2017
108,978,5,13,245.0,64.08,2.604,0.2004
108,978,5,14,230.0,60.5,2.64,0.1979
108,978,5,15,232.0,46.54,2.564,0.1986
108,978,5,16,230.5,28.84,2.604,0.2022
108,978,5,17,250.5,11.08,2.604,0.2026
108,978,5,18,227.5,0.51,2.52,0.205
108,978,5,19,229.0,0.0,2.538,0.204
108,978,5,20,229.5,0.0,2.52,0.2063
108,978,5,21,234.5,0.0,2.282,0.2029
108,978,5,22,228.5,0.0,2.016,0.1897
108,978,5,23,223.5,0.0,1.772,0.188
108,979,6,0,226.33,0.0,1.515,0.1881
108,979,6,1,228.67,0.0,1.317,0.1732
108,979,6,2,226.0,0.0,1.295,0.162
108,979,6,3,224.0,0.0,1.256,0.1598
108,979,6,4,221.5,0.0,1.128,0.1584
108,979,6,5,218.0,0.8,1.062,0.1615
108,979,6,6,218.0,13.4,1.003,0.1606
108,979,6,7,215.5,34.1,1.105,0.1607
108,979,6,8,213.5,56.5,1.418,0.1681
108,979,6,9,217.0,77.1,1.625,0.1777
108,979,6,10,215.0,90.43,1.663,0.1813
108,979,6,11,216.5,97.62,1.815,0.1858
108,979,6,12,219.5,96.6,1.991,0.1915
108,979,6,13,220.5,90.36,2.126,0.1942
108,979,6,14,226.5,75.0,2.179,0.1955
108,979,6,15,233.0,56.52,2.326,0.1953
108,979,6,16,229.0,34.01,2.355,0.202
108,979,6,17,225.5,12.05,2.432,0.2085
108,979,6,18,224.0,0.43,2.379,0.2117
108,979,6,19,224.0,0.0,2.478,0.2096
108,979,6,20,223.0,0.0,2.425,0.2192
108,979,6,21,223.0,0.0,2.163,0.2149
108,979,6,22,225.5,0.0,1.757,0.2077
108,979,6,23,223.0,0.0,1.443,0.2033
108,980,0,0,259.5,0.0,1.514,0.1819
108,980,0,1,224.17,0.0,1.384,0.1662
108,980,0,2,221.0,0.0,1.267,0.1622
108,980,0,3,220.0,0.0,1.199,0.1624
108,980,0,4,225.5,0.0,1.094,0.162
108,980,0,5,220.0,0.57,1.044,0.1619
108,980,0,6,223.5,9.22,1.063,0.1619
108,980,0,7,224.0,24.13,1.25,0.1606
108,980,0,8,225.5,40.37,1.435,0.1695
108,980,0,9,260.0,49.11,1.589,0.1817
108,980,0,10,248.0,50.93,1.888,0.1987
108,980,0,11,258.5,61.23,2.099,0.2048
108,980,0,12,322.5,73.3,2.154,0.2085
108,980,0,13,371.5,75.89,2.353,0.2037
108,980,0,14,380.0,66.06,2.446,0.2067
108,980,0,15,373.5,49.71,2.535,0.2119
108,980,0,16,406.0,29.58,2.664,0.2246
108,980,0,17,380.5,10.73,2.677,0.2279
108,980,0,18,339.5,0.0,2.595,0.2307
108,980,0,19,322.0,0.0,2.782,0.2293
108,980,0,20,309.5,0.0,2.886,0.2305
108,980,0,21,300.0,0.0,2.438,0.2218
108,980,0,22,293.5,0.0,2.33,0.2105
108,980,0,23,290.5,0.0,2.137,0.1976
108,981,1,0,262.83,0.0,1.655,0.1922
108,981,1,1,295.33,0.0,1.408,0.1794
108,981,1,2,285.0,0.0,1.335,0.18
108,981,1,3,257.5,0.0,1.213,0.1799
108,981,1,4,249.0,0.0,1.235,0.1797
108,981,1,5,229.5,0.67,1.409,0.1885
108,981,1,6,231.5,12.29,2.045,0.2257
108,981,1,7,253.0,28.12,2.195,0.2326
108,981,1,8,263.5,46.16,2.462,0.2398
108,981,1,9,319.5,63.03,2.567,0.2373
108,981,1,10,378.0,76.59,2.923,0.2403
108,981,1,11,366.5,71.04,3.225,0.2449
108,981,1,12,390.5,48.4,3.676,0.2448
108,981,1,13,378.5,39.74,3.922,0.247
108,981,1,14,374.5,25.38,4.145,0.2489
108,981,1,15,400.0,15.13,4.598,0.2499
108,981,1,16,389.5,9.18,5.048,0.2488
108,981,1,17,346.0,3.11,4.7,0.2525
108,981,1,18,321.5,0.0,3.99,0.2539
108,981,1,19,309.0,0.0,3.893,0.2523
108,981,1,20,301.5,0.0,3.761,0.2515
108,981,1,21,294.5,0.0,3.257,0.2489
108,981,1,22,294.0,0.0,2.756,0.2341
108,981,1,23,251.0,0.0,2.412,0.2161
108,982,2,0,238.67,0.0,2.39,0.2118
108,982,2,1,231.5,0.0,1.919,0.2046
108,982,2,2,233.0,0.0,1.773,0.2036
108,982,2,3,229.0,0.0,1.699,0.1992
108,982,2,4,227.0,0.0,1.735,0.1994
108,982,2,5,227.5,0.43,1.957,0.2091
108,982,2,6,228.5,9.38,2.48,0.2183
108,982,2,7,233.0,24.99,2.598,0.2297
108,982,2,8,269.0,41.17,2.775,0.2399
108,982,2,9,310.5,64.5,3.0,0.265
108,982,2,10,336.0,68.47,3.576,0.2719
108,982,2,11,343.5,66.95,3.787,0.2805
108,982,2,12,373.0,78.88,3.953,0.2814
108,982,2,13,400.5,74.16,4.561,0.2793
108,982,2,14,383.5,68.91,5.259,0.2796
108,982,2,15,353.5,51.13,5.703,0.2773
108,982,2,16,400.0,29.66,5.868,0.2768
108,982,2,17,373.5,10.13,5.497,0.2801
108,982,2,18,355.5,0.0,4.441,0.282
108,982,2,19,337.5,0.0,4.145,0.2849
108,982,2,20,321.0,0.0,4.046,0.2849
108,982,2,21,315.0,0.0,3.365,0.2822
108,982,2,22,305.0,0.0,2.918,0.2629
108,982,2,23,268.5,0.0,2.617,0.256
108,983,3,0,233.0,0.0,2.956,0.2394
108,983,3,1,239.17,0.0,2.567,0.2207
108,983,3,2,231.0,0.0,2.36,0.2117
108,983,3,3,229.0,0.0,2.171,0.2087
108,983,3,4,228.5,0.0,2.169,0.208
108,983,3,5,229.0,0.48,2.484,0.2111
108,983,3,6,229.0,11.33,2.997,0.2265
108,983,3,7,232.5,31.65,3.148,0.2453
108,983,3,8,241.5,53.69,3.316,0.2613
108,983,3,9,310.5,72.55,3.479,0.266
108,983,3,10,351.5,86.14,4.113,0.2689
108,983,3,11,375.5,89.26,4.357,0.2768
108,983,3,12,371.5,86.47,4.911,0.2803
108,983,3,13,385.5,78.79,5.51,0.2832
108,983,3,14,361.0,62.71,6.597,0.2849
108,983,3,15,352.5,43.94,7.793,0.289
108,983,3,16,331.5,24.71,7.982,0.291
108,983,3,17,314.0,8.13,6.686,0.2888
108,983,3,18,280.5,0.0,5.455,0.2888
108,983,3,19,260.5,0.0,5.129,0.2844
108,983,3,20,251.0,0.0,4.928,0.2812
108,983,3,21,238.5,0.0,4.474,0.2806
108,983,3,22,236.5,0.0,3.36,0.2732
108,983,3,23,229.0,0.0,3.5,0.2652
108,984,4,0,225.83,0.0,2.998,0.2525
108,984,4,1,218.83,0.0,2.832,0.2366
108,984,4,2,218.5,0.0,2.67,0.2332
108,984,4,3,217.0,0.0,2.584,0.2274
108,984,4,4,220.0,0.0,2.514,0.2276
108,984,4,5,220.5,0.29,2.727,0.2394
108,984,4,6,222.0,8.21,3.081,0.2557
108,984,4,7,230.5,22.55,3.233,0.2718
108,984,4,8,239.5,41.3,3.534,0.2712
108,984,4,9,294.0,57.02,4.008,0.283
108,984,4,10,317.5,66.31,4.38,0.2968
108,984,4,11,333.0,60.52,4.853,0.3038
108,984,4,12,344.0,51.67,5.65,0.3161
108,984,4,13,354.0,60.84,6.413,0.3167
108,984,4,14,338.0,55.08,7.66,0.3174
108,984,4,15,340.0,40.26,8.445,0.3163
108,984,4,16,309.5,20.29,8.902,0.317
108,984,4,17,288.5,6.05,7.411,0.3166
108,984,4,18,281.5,0.0,5.724,0.313
108,984,4,19,247.5,0.0,5.265,0.3071
108,984,4,20,243.0,0.0,5.211,0.3012
108,984,4,21,233.0,0.0,4.563,0.2931
108,984,4,22,229.5,0.0,3.656,0.2882
108,984,4,23,232.5,0.0,3.196,0.286
108,985,5,0,219.83,0.0,3.53,0.2745
108,985,5,1,231.0,0.0,2.801,0.2576
108,985,5,2,230.0,0.0,2.582,0.2414
108,985,5,3,229.5,0.0,2.352,0.2342
108,985,5,4,229.0,0.0,2.223,0.23
108,985,5,5,224.0,0.37,2.194,0.2292
108,985,5,6,227.5,8.18,2.145,0.2358
108,985,5,7,229.0,22.6,2.507,0.2355
108,985,5,8,234.5,38.94,3.22,0.2479
108,985,5,9,230.5,63.26,3.683,0.2544
108,985,5,10,234.5,73.91,3.807,0.2675
108,985,5,11,234.0,84.61,3.934,0.2789
108,985,5,12,238.0,68.77,4.21,0.2858
108,985,5,13,238.5,58.53,4.915,0.283
108,985,5,14,234.5,46.6,5.552,0.2797
108,985,5,15,234.5,32.44,5.981,0.2729
108,985,5,16,236.5,18.17,6.9,0.2685
108,985,5,17,232.0,5.97,5.46,0.2694
108,985,5,18,232.5,0.0,4.523,0.2657
108,985,5,19,230.5,0.0,4.616,0.2668
108,985,5,20,226.5,0.0,4.21,0.2626
108,985,5,21,229.5,0.0,4.098,0.2664
108,985,5,22,220.5,0.0,3.734,0.2555
108,985,5,23,221.0,0.0,3.269,0.257
108,986,6,0,202.5,0.0,2.842,0.2516
108,986,6,1,203.83,0.0,2.772,0.2374
108,986,6,2,195.0,0.0,2.654,0.2118
108,986,6,3,194.5,0.0,2.41,0.2059
108,986,6,4,192.5,0.0,2.238,0.2107
108,986,6,5,192.5,0.3,2.208,0.2111
108,986,6,6,191.5,8.15,2.15,0.2132
108,986,6,7,191.0,24.53,2.185,0.209
108,986,6,8,190.0,45.18,2.424,0.2093
108,986,6,9,190.5,62.63,2.671,0.2142
108,986,6,10,196.0,67.55,2.811,0.2248
108,986,6,11,197.0,81.21,2.957,0.2319
108,986,6,12,210.0,84.29,3.081,0.2351
108,986,6,13,260.5,83.73,3.26,0.2384
108,986,6,14,272.5,70.11,3.412,0.2352
108,986,6,15,284.0,51.04,3.646,0.2383
108,986,6,16,276.5,29.54,3.684,0.2386
108,986,6,17,284.5,8.68,3.447,0.2428
108,986,6,18,260.0,0.0,3.118,0.2426
108,986,6,19,235.5,0.0,3.191,0.2424
108,986,6,20,232.0,0.0,3.052,0.2432
108,986,6,21,215.0,0.0,2.891,0.2431
108,986,6,22,196.5,0.0,2.722,0.2214
108,986,6,23,198.0,0.0,2.296,0.2122
108,987,0,0,245.67,0.0,2.107,0.2005
108,987,0,1,201.17,0.0,1.837,0.1923
108,987,0,2,200.5,0.0,1.704,0.1917
108,987,0,3,201.0,0.0,1.55,0.1895
108,987,0,4,199.5,0.0,1.568,0.1867
108,987,0,5,200.0,0.5,1.98,0.1918
108,987,0,6,202.5,14.32,2.187,0.2031
108,987,0,7,208.0,37.68,2.332,0.2124
108,987,0,8,217.0,60.25,2.451,0.2171
108,987,0,9,245.0,79.61,2.704,0.2232
108,987,0,10,339.5,90.65,2.908,0.2239
108,987,0,11,334.5,95.24,3.015,0.2307
108,987,0,12,337.5,96.28,3.186,0.2352
108,987,0,13,385.0,88.98,3.41,0.2358
108,987,0,14,381.5,75.73,3.693,0.2386
108,987,0,15,385.0,55.52,3.8,0.2419
108,987,0,16,360.5,32.31,3.843,0.2456
108,987,0,17,338.5,9.62,3.628,0.2453
108,987,0,18,340.5,0.0,3.139,0.2433
108,987,0,19,318.5,0.0,3.337,0.2441
108,987,0,20,301.0,0.0,3.082,0.2397
108,987,0,21,295.0,0.0,2.786,0.2322
108,987,0,22,293.5,0.0,2.327,0.2136
108,987,0,23,292.0,0.0,2.079,0.2035
108,988,1,0,283.0,0.0,2.005,0.1778
108,988,1,1,279.0,0.0,1.72,0.1738
108,988,1,2,264.0,0.0,1.616,0.1733
108,988,1,3,256.0,0.0,1.475,0.1707
108,988,1,4,228.5,0.0,1.523,0.174
108,988,1,5,228.5,0.0,1.913,0.1808
108,988,1,6,230.0,13.55,2.301,0.1939
108,988,1,7,236.5,35.14,2.268,0.2095
108,988,1,8,229.0,57.7,2.487,0.215
108,988,1,9,328.0,75.21,2.664,0.2221
108,988,1,10,389.5,88.08,2.902,0.231
108,988,1,11,369.0,89.41,3.192,0.2345
108,988,1,12,411.0,86.84,3.59,0.2394
108,988,1,13,403.5,77.51,3.926,0.2404
108,988,1,14,422.5,67.07,4.092,0.2407
108,988,1,15,451.5,48.02,4.276,0.2443
108,988,1,16,429.5,26.85,4.688,0.2474
108,988,1,17,411.5,7.33,4.313,0.2497
108,988,1,18,378.5,0.0,3.736,0.2511
108,988,1,19,355.0,0.0,3.886,0.2495
108,988,1,20,336.5,0.0,3.671,0.2462
108,988,1,21,329.0,0.0,3.329,0.2341
108,988,1,22,286.0,0.0,2.936,0.2243
108,988,1,23,272.0,0.0,2.144,0.2126
108,989,2,0,260.83,0.0,2.031,0.1954
108,989,2,1,273.5,0.0,1.701,0.1826
108,989,2,2,276.0,0.0,1.574,0.1799
108,989,2,3,272.5,0.0,1.449,0.1794
108,989,2,4,270.0,0.0,1.481,0.1811
108,989,2,5,278.0,0.0,1.808,0.1883
108,989,2,6,278.5,12.97,2.429,0.2068
108,989,2,7,284.0,34.39,2.497,0.2161
108,989,2,8,262.0,56.55,2.597,0.2157
108,989,2,9,329.5,75.16,3.044,0.2239
108,989,2,10,383.0,88.48,3.606,0.2324
108,989,2,11,371.5,94.93,3.745,0.2432
108,989,2,12,367.5,94.04,4.5,0.25
108,989,2,13,394.0,84.99,4.701,0.254
108,989,2,14,400.5,67.21,5.318,0.257
108,989,2,15,386.0,44.71,5.813,0.2643
108,989,2,16,414.0,23.31,6.048,0.2722
108,989,2,17,383.5,5.23,5.245,0.2747
108,989,2,18,363.0,0.0,4.233,0.2644
108,989,2,19,352.5,0.0,4.297,0.2599
108,989,2,20,292.0,0.0,4.0,0.2538
108,989,2,21,254.5,0.0,3.375,0.2491
108,989,2,22,250.5,0.0,3.096,0.2323
108,989,2,23,247.0,0.0,2.609,0.2133
108,990,3,0,241.17,0.0,1.919,0.2036
108,990,3,1,249.83,0.0,1.643,0.1897
108,990,3,2,246.0,0.0,1.577,0.1872
108,990,3,3,247.5,0.0,1.363,0.1894
108,990,3,4,244.0,0.0,1.395,0.1961
108,990,3,5,245.5,0.0,1.692,0.201
108,990,3,6,251.5,13.24,2.185,0.2057
108,990,3,7,257.5,35.6,2.215,0.2136
108,990,3,8,256.5,58.53,2.319,0.2189
108,990,3,9,284.0,76.83,2.555,0.2241
108,990,3,10,320.0,90.73,2.7,0.2292
108,990,3,11,371.0,98.07,2.867,0.2302
108,990,3,12,383.0,97.39,2.892,0.2327
108,990,3,13,376.5,89.36,2.959,0.2376
108,990,3,14,381.0,73.13,3.06,0.2383
108,990,3,15,365.5,52.61,3.145,0.2402
108,990,3,16,348.0,28.77,3.204,0.2433
108,990,3,17,352.5,7.38,3.061,0.2459
108,990,3,18,342.5,0.0,2.865,0.2435
108,990,3,19,333.0,0.0,2.975,0.2411
108,990,3,20,308.0,0.0,2.791,0.2377
108,990,3,21,255.5,0.0,2.326,0.2334
108,990,3,22,242.5,0.0,1.966,0.2144
108,990,3,23,237.0,0.0,1.744,0.2074
108,991,4,0,214.83,0.0,1.809,0.191
108,991,4,1,231.83,0.0,1.592,0.1799
108,991,4,2,222.5,0.0,1.453,0.1756
108,991,4,3,224.5,0.0,1.286,0.1735
108,991,4,4,225.5,0.0,1.394,0.1762
108,991,4,5,225.5,0.0,1.628,0.1823
108,991,4,6,231.5,12.61,2.161,0.1996
108,991,4,7,230.5,34.22,2.098,0.2061
108,991,4,8,228.0,56.28,2.351,0.2174
108,991,4,9,242.5,71.53,2.503,0.2182
108,991,4,10,258.0,72.56,2.618,0.2243
108,991,4,11,257.0,84.14,2.725,0.2281
108,991,4,12,261.0,92.48,2.771,0.2296
108,991,4,13,274.5,86.09,2.824,0.2289
108,991,4,14,260.5,71.32,3.116,0.2262
108,991,4,15,259.5,51.55,3.227,0.2281
108,991,4,16,261.0,28.77,3.345,0.2291
108,991,4,17,256.0,6.95,3.191,0.2288
108,991,4,18,242.5,0.0,3.092,0.231
108,991,4,19,222.5,0.0,3.135,0.2266
108,991,4,20,213.0,0.0,2.972,0.221
108,991,4,21,205.5,0.0,2.481,0.2092
108,991,4,22,198.5,0.0,2.107,0.1986
108,991,4,23,198.5,0.0,1.886,0.1801
108,992,5,0,201.5,0.0,1.869,0.1647
108,992,5,1,197.5,0.0,1.511,0.1607
108,992,5,2,195.0,0.0,1.426,0.1608
108,992,5,3,196.0,0.0,1.403,0.1658
108,992,5,4,196.0,0.0,1.386,0.1622
108,992,5,5,195.5,0.0,1.32,0.1582
108,992,5,6,197.5,9.74,1.54,0.1618
108,992,5,7,195.0,28.85,1.645,0.162
108,992,5,8,195.0,48.62,2.012,0.1676
108,992,5,9,196.0,68.34,2.277,0.1789
108,992,5,10,200.0,82.39,2.356,0.1888
108,992,5,11,203.5,91.1,2.806,0.1943
108,992,5,12,205.5,81.07,2.852,0.1973
108,992,5,13,206.5,64.72,2.928,0.2001
108,992,5,14,210.0,52.47,2.976,0.2027
108,992,5,15,211.0,33.07,3.063,0.2082
108,992,5,16,212.5,18.42,3.206,0.2111
108,992,5,17,212.5,4.21,3.171,0.2132
108,992,5,18,211.0,0.0,2.992,0.2115
108,992,5,19,208.0,0.0,3.213,0.2104
108,992,5,20,205.0,0.0,3.013,0.2107
108,992,5,21,205.5,0.0,2.741,0.1985
108,992,5,22,206.0,0.0,2.535,0.1939
108,992,5,23,207.5,0.0,2.074,0.1897
108,993,6,0,207.17,0.0,3.5,0.177
108,993,6,1,205.0,0.0,2.085,0.1693
108,993,6,2,203.5,0.0,1.904,0.1702
108,993,6,3,204.0,0.0,1.711,0.1679
108,993,6,4,204.5,0.0,1.594,0.1678
108,993,6,5,203.5,0.0,1.586,0.1722
108,993,6,6,203.0,5.53,1.607,0.1746
108,993,6,7,203.0,15.17,1.847,0.1778
108,993,6,8,202.0,25.87,1.928,0.1863
108,993,6,9,203.0,31.57,2.321,0.1989
108,993,6,10,206.5,43.83,2.701,0.2158
108,993,6,11,209.0,54.59,2.817,0.2248
108,993,6,12,210.0,50.65,3.073,0.2212
108,993,6,13,209.0,45.09,3.318,0.2261
108,993,6,14,208.5,33.19,3.304,0.2266
108,993,6,15,212.0,23.11,3.463,0.2283
108,993,6,16,214.0,11.61,3.725,0.2334
108,993,6,17,214.5,2.62,3.718,0.2359
108,993,6,18,217.0,0.0,3.365,0.2368
108,993,6,19,216.0,0.0,3.834,0.2389
108,993,6,20,209.5,0.0,3.533,0.2391
108,993,6,21,208.0,0.0,3.102,0.2412
108,993,6,22,209.5,0.0,2.63,0.2349
108,993,6,23,209.5,0.0,2.164,0.2284
108,994,0,0,212.33,0.0,2.376,0.222
108,994,0,1,209.17,0.0,2.079,0.2093
108,994,0,2,206.5,0.0,1.921,0.2003
108,994,0,3,207.0,0.0,1.797,0.1989
108,994,0,4,206.5,0.0,1.801,0.2006
108,994,0,5,204.0,0.0,2.111,0.2161
108,994,0,6,205.5,3.38,2.376,0.2323
108,994,0,7,206.5,7.8,2.669,0.2375
108,994,0,8,207.0,12.51,2.843,0.2457
108,994,0,9,237.5,17.92,3.205,0.2482
108,994,0,10,268.5,20.61,3.489,0.2497
108,994,0,11,259.0,23.87,3.749,0.2522
108,994,0,12,279.5,17.4,3.95,0.2516
108,994,0,13,281.5,15.69,4.596,0.2526
108,994,0,14,266.5,20.33,4.056,0.249
108,994,0,15,270.5,14.57,4.637,0.2466
108,994,0,16,270.5,7.6,4.856,0.2476
108,994,0,17,263.5,1.74,4.276,0.2494
108,994,0,18,254.0,0.0,3.784,0.2506
108,994,0,19,238.5,0.0,4.245,0.2543
108,994,0,20,223.5,0.0,3.871,0.2508
108,994,0,21,215.0,0.0,3.105,0.2477
108,994,0,22,214.5,0.0,2.762,0.234
108,994,0,23,212.0,0.0,2.501,0.2218
108,995,1,0,202.83,0.0,2.224,0.2124
108,995,1,1,215.17,0.0,2.072,0.2064
108,995,1,2,213.5,0.0,1.924,0.2044
108,995,1,3,213.5,0.0,1.802,0.1967
108,995,1,4,212.5,0.0,1.826,0.1966
108,995,1,5,212.0,0.0,2.096,0.2049
108,995,1,6,212.5,5.3,2.492,0.2149
108,995,1,7,217.5,16.46,2.605,0.2201
108,995,1,8,216.5,29.89,2.843,0.2287
108,995,1,9,233.5,47.68,3.035,0.2399
108,995,1,10,250.5,64.47,3.447,0.2449
108,995,1,11,250.0,62.35,3.728,0.2499
108,995,1,12,284.5,64.82,3.728,0.2495
108,995,1,13,284.0,61.32,4.115,0.2569
108,995,1,14,272.0,43.11,4.5,0.2588
108,995,1,15,307.5,28.77,5.326,0.2618
108,995,1,16,261.5,14.14,5.7,0.2545
108,995,1,17,239.5,2.85,5.177,0.2523
108,995,1,18,223.5,0.0,4.423,0.2552
108,995,1,19,210.0,0.0,4.563,0.2597
108,995,1,20,200.0,0.0,3.988,0.2573
108,995,1,21,194.0,0.0,3.18,0.249
108,995,1,22,190.5,0.0,2.75,0.2355
108,995,1,23,189.0,0.0,2.547,0.2233
108,996,2,0,207.67,0.0,2.988,0.2234
108,996,2,1,190.17,0.0,2.399,0.2158
108,996,2,2,189.0,0.0,2.225,0.2117
108,996,2,3,188.5,0.0,2.083,0.2114
108,996,2,4,191.0,0.0,2.107,0.2104
108,996,2,5,191.0,0.0,2.362,0.2169
108,996,2,6,193.5,6.54,2.667,0.2258
108,996,2,7,195.0,20.53,2.815,0.2299
108,996,2,8,199.0,36.24,3.024,0.235
108,996,2,9,294.0,53.61,3.385,0.2375
108,996,2,10,302.0,74.13,3.743,0.242
108,996,2,11,295.5,77.41,3.736,0.2466
108,996,2,12,293.0,79.69,4.005,0.2532
108,996,2,13,288.5,70.75,4.476,0.2573
108,996,2,14,371.5,55.6,4.744,0.2553
108,996,2,15,392.5,37.46,5.182,0.2587
108,996,2,16,405.5,19.21,5.992,0.2552
108,996,2,17,391.0,3.42,5.309,0.2538
108,996,2,18,351.5,0.0,4.416,0.2546
108,996,2,19,331.5,0.0,4.867,0.2525
108,996,2,20,300.5,0.0,3.881,0.248
108,996,2,21,272.0,0.0,3.2,0.236
108,996,2,22,234.0,0.0,2.632,0.2186
108,996,2,23,226.5,0.0,2.539,0.2101
108,997,3,0,233.5,0.0,2.109,0.1964
108,997,3,1,224.5,0.0,1.845,0.1861
108,997,3,2,223.5,0.0,1.668,0.1837
108,997,3,3,226.0,0.0,1.507,0.1831
108,997,3,4,227.5,0.0,1.565,0.1845
108,997,3,5,228.5,0.0,1.911,0.185
108,997,3,6,228.0,10.24,2.498,0.1948
108,997,3,7,226.5,32.21,2.477,0.2045
108,997,3,8,228.0,54.41,2.685,0.2124
108,997,3,9,259.0,72.96,2.998,0.2193
108,997,3,10,301.5,85.86,3.203,0.2268
108,997,3,11,294.0,94.03,3.892,0.2329
108,997,3,12,301.5,92.75,3.689,0.2393
108,997,3,13,321.0,84.16,4.064,0.2407
108,997,3,14,298.0,69.32,4.261,0.2419
108,997,3,15,297.5,49.13,4.873,0.2502
108,997,3,16,322.0,26.05,5.304,0.2476
108,997,3,17,305.5,4.59,5.139,0.2494
108,997,3,18,294.5,0.0,4.261,0.2499
108,997,3,19,257.5,0.0,4.522,0.2474
108,997,3,20,249.0,0.0,3.64,0.2454
108,997,3,21,233.0,0.0,3.119,0.2389
108,997,3,22,229.0,0.0,2.542,0.2274
108,997,3,23,235.0,0.0,2.349,0.2111
108,998,4,0,233.67,0.0,2.103,0.2016
108,998,4,1,240.5,0.0,1.842,0.1906
108,998,4,2,237.0,0.0,1.602,0.1858
108,998,4,3,236.5,0.0,1.504,0.1887
108,998,4,4,233.0,0.0,1.541,0.1869
108,998,4,5,232.5,0.0,1.962,0.1971
108,998,4,6,226.0,8.37,2.413,0.2068
108,998,4,7,230.0,28.81,2.417,0.2113
108,998,4,8,235.5,50.19,2.614,0.2231
108,998,4,9,263.5,66.83,2.797,0.2264
108,998,4,10,330.0,75.25,2.929,0.2322
108,998,4,11,318.0,89.62,3.072,0.2372
108,998,4,12,396.0,82.48,3.304,0.2421
108,998,4,13,438.0,79.66,3.596,0.2442
108,998,4,14,435.5,64.74,4.15,0.2517
108,998,4,15,423.5,44.99,4.7,0.2508
108,998,4,16,420.5,22.72,4.969,0.2489
108,998,4,17,412.5,3.47,4.203,0.2473
108,998,4,18,340.5,0.0,3.447,0.2462
108,998,4,19,316.0,0.0,3.857,0.247
108,998,4,20,290.5,0.0,3.247,0.2424
108,998,4,21,280.0,0.0,2.854,0.2353
108,998,4,22,258.5,0.0,3.69,0.2295
108,998,4,23,239.5,0.0,2.412,0.2213
108,999,5,0,267.0,0.0,2.189,0.203
108,999,5,1,226.67,0.0,2.0,0.1904
108,999,5,2,219.0,0.0,1.655,0.1819
108,999,5,3,214.5,0.0,1.49,0.1674
108,999,5,4,211.0,0.0,1.401,0.1643
108,999,5,5,213.0,0.0,1.344,0.1593
108,999,5,6,215.0,2.52,1.506,0.1671
108,999,5,7,218.5,7.87,1.504,0.1698
108,999,5,8,219.0,13.55,1.929,0.1742
108,999,5,9,223.0,21.04,1.988,0.1844
108,999,5,10,225.0,44.1,1.912,0.189
108,999,5,11,238.5,56.95,2.08,0.1883
108,999,5,12,296.0,77.44,2.032,0.1879
108,999,5,13,341.5,70.32,2.183,0.1881
108,999,5,14,363.0,64.33,2.206,0.1913
108,999,5,15,376.0,45.25,2.232,0.1919
108,999,5,16,376.0,23.22,2.245,0.1945
108,999,5,17,369.0,3.88,2.287,0.1965
108,999,5,18,348.0,0.0,2.232,0.1992
108,999,5,19,307.5,0.0,2.35,0.2023
108,999,5,20,294.5,0.0,2.257,0.1995
108,999,5,21,287.5,0.0,2.011,0.187
108,999,5,22,285.0,0.0,1.696,0.1793
108,999,5,23,299.5,0.0,1.534,0.175
108,1000,6,0,262.17,0.0,1.715,0.1595
108,1000,6,1,300.83,0.0,1.531,0.151
108,1000,6,2,258.5,0.0,1.395,0.1485
108,1000,6,3,260.5,0.0,1.255,0.1466
108,1000,6,4,255.5,0.0,1.112,0.1497
108,1000,6,5,232.5,0.0,1.16,0.1455
108,1000,6,6,220.5,10.44,1.254,0.148
108,1000,6,7,217.0,33.73,1.23,0.147
108,1000,6,8,215.5,56.47,1.503,0.1516
108,1000,6,9,218.0,75.22,1.6,0.1548
108,1000,6,10,217.0,88.12,1.531,0.1637
108,1000,6,11,215.5,94.36,1.721,0.1629
108,1000,6,12,213.0,92.95,1.738,0.1645
108,1000,6,13,225.0,84.2,1.838,0.1656
108,1000,6,14,265.0,68.92,1.815,0.1672
108,1000,6,15,317.5,48.39,1.815,0.1733
108,1000,6,16,312.0,24.77,1.824,0.1801
108,1000,6,17,309.0,3.65,1.858,0.1875
108,1000,6,18,290.5,0.0,1.946,0.1934
108,1000,6,19,282.5,0.0,2.22,0.2011
108,1000,6,20,280.0,0.0,1.961,0.1958
108,1000,6,21,269.5,0.0,1.697,0.1821
108,1000,6,22,247.5,0.0,1.409,0.1673
108,1000,6,23,224.0,0.0,1.325,0.1659
108,1001,0,0,214.0,0.0,1.526,0.1553
108,1001,0,1,219.33,0.0,1.373,0.1517
108,1001,0,2,214.5,0.0,1.19,0.1509
108,1001,0,3,221.5,0.0,1.059,0.1492
108,1001,0,4,221.0,0.0,1.031,0.1481
108,1001,0,5,222.5,0.0,1.41,0.1653
108,1001,0,6,224.0,8.04,1.836,0.1864
108,1001,0,7,222.0,27.35,2.02,0.195
108,1001,0,8,223.0,46.0,2.364,0.1968
108,1001,0,9,257.5,62.75,2.611,0.1945
108,1001,0,10,294.5,71.84,2.649,0.1943
108,1001,0,11,306.0,78.22,2.666,0.1933
108,1001,0,12,331.0,68.13,2.67,0.1971
108,1001,0,13,355.5,51.78,2.739,0.1925
108,1001,0,14,346.5,41.97,2.673,0.1946
108,1001,0,15,311.0,27.51,2.811,0.1986
108,1001,0,16,377.5,13.73,2.811,0.1996
108,1001,0,17,395.0,1.56,2.719,0.1993
108,1001,0,18,356.0,0.0,2.838,0.1942
108,1001,0,19,317.0,0.0,3.078,0.2015
108,1001,0,20,277.0,0.0,2.672,0.195
108,1001,0,21,257.0,0.0,2.215,0.1948
108,1001,0,22,233.0,0.0,1.716,0.1877
108,1001,0,23,214.0,0.0,1.683,0.1714
108,1002,1,0,218.0,0.0,1.609,0.1563
108,1002,1,1,212.17,0.0,1.47,0.1676
108,1002,1,2,209.0,0.0,1.352,0.1519
108,1002,1,3,212.0,0.0,1.186,0.1471
108,1002,1,4,221.0,0.0,1.313,0.1474
108,1002,1,5,230.5,0.0,1.501,0.1562
108,1002,1,6,236.5,4.32,1.888,0.1795
108,1002,1,7,233.5,15.21,2.07,0.1905
108,1002,1,8,228.5,27.68,2.24,0.1919
108,1002,1,9,258.0,45.47,2.477,0.1882
108,1002,1,10,257.5,57.17,2.661,0.1972
108,1002,1,11,295.5,62.59,2.752,0.1957
108,1002,1,12,284.0,71.63,2.834,0.1976
108,1002,1,13,286.0,72.95,2.884,0.2003
108,1002,1,14,315.5,55.3,2.811,0.2035
108,1002,1,15,287.5,37.8,2.908,0.2059
108,1002,1,16,319.5,18.87,2.696,0.2089
108,1002,1,17,309.0,2.59,2.802,0.21
108,1002,1,18,288.5,0.0,2.722,0.2042
108,1002,1,19,272.5,0.0,3.236,0.2054
108,1002,1,20,240.5,0.0,2.684,0.2053
108,1002,1,21,234.5,0.0,2.096,0.1936
108,1002,1,22,226.5,0.0,1.736,0.1795
108,1002,1,23,224.5,0.0,1.554,0.173
108,1003,2,0,219.33,0.0,1.313,0.1606
108,1003,2,1,225.33,0.0,1.143,0.1514
108,1003,2,2,216.5,0.0,0.939,0.1504
108,1003,2,3,215.0,0.0,0.9,0.1527
108,1003,2,4,211.0,0.0,0.975,0.1519
108,1003,2,5,207.5,0.0,1.184,0.1534
108,1003,2,6,207.0,5.99,1.743,0.1639
108,1003,2,7,208.5,19.72,1.72,0.1785
108,1003,2,8,211.0,31.99,2.024,0.191
108,1003,2,9,237.5,29.74,2.217,0.1918
108,1003,2,10,276.5,24.69,2.341,0.1957
108,1003,2,11,269.0,29.52,2.443,0.2002
108,1003,2,12,315.5,40.87,2.409,0.1978
108,1003,2,13,319.0,31.63,2.409,0.1931
108,1003,2,14,325.0,17.54,2.43,0.1931
108,1003,2,15,345.5,11.17,2.44,0.1898
108,1003,2,16,354.5,2.73,2.559,0.1904
108,1003,2,17,346.0,0.75,2.58,0.1959
108,1003,2,18,330.0,0.0,2.57,0.1966
108,1003,2,19,317.0,0.0,2.796,0.1927
108,1003,2,20,259.5,0.0,2.374,0.19
108,1003,2,21,234.5,0.0,1.763,0.1881
108,1003,2,22,220.0,0.0,1.515,0.1935
108,1003,2,23,213.0,0.0,1.421,0.1874
108,1004,3,0,225.5,0.0,1.338,0.1515
108,1004,3,1,214.0,0.0,1.241,0.1435
108,1004,3,2,215.5,0.0,0.962,0.1442
108,1004,3,3,215.5,0.0,0.912,0.145
108,1004,3,4,216.5,0.0,1.021,0.1463
108,1004,3,5,218.0,0.0,1.387,0.1503
108,1004,3,6,213.5,1.76,1.709,0.1672
108,1004,3,7,213.5,6.85,1.764,0.1848
108,1004,3,8,222.0,11.84,1.947,0.1873
108,1004,3,9,251.0,14.8,2.062,0.188
108,1004,3,10,280.5,20.23,2.0,0.1938
108,1004,3,11,279.0,21.57,2.063,0.1955
108,1004,3,12,265.0,18.94,2.033,0.1921
108,1004,3,13,290.0,17.33,2.051,0.191
108,1004,3,14,363.0,15.32,1.929,0.1886
108,1004,3,15,410.0,10.51,1.991,0.1875
108,1004,3,16,441.0,4.02,2.05,0.1851
108,1004,3,17,412.0,0.79,2.07,0.1857
108,1004,3,18,361.5,0.0,2.132,0.1836
108,1004,3,19,333.5,0.0,2.477,0.1865
108,1004,3,20,323.5,0.0,1.987,0.1849
108,1004,3,21,299.5,0.0,1.629,0.1785
108,1004,3,22,287.5,0.0,1.351,0.1685
108,1004,3,23,264.5,0.0,1.169,0.1528
108,1005,4,0,219.17,0.0,1.311,0.1415
108,1005,4,1,232.5,0.0,1.003,0.1409
108,1005,4,2,222.0,0.0,0.744,0.1426
108,1005,4,3,224.5,0.0,0.719,0.1453
108,1005,4,4,223.5,0.0,0.625,0.1521
108,1005,4,5,221.5,0.0,0.981,0.1618
108,1005,4,6,217.0,1.63,1.586,0.1747
108,1005,4,7,217.0,6.07,1.768,0.1765
108,1005,4,8,222.0,11.57,1.797,0.1838
108,1005,4,9,250.5,17.72,1.898,0.1849
108,1005,4,10,325.0,21.71,1.88,0.1882
108,1005,4,11,330.5,23.41,1.907,0.188
108,1005,4,12,412.0,27.23,1.905,0.1909
108,1005,4,13,369.5,21.31,1.905,0.1885
108,1005,4,14,370.0,12.18,1.845,0.1857
108,1005,4,15,403.0,13.73,1.853,0.1866
108,1005,4,16,403.5,6.68,1.927,0.1886
108,1005,4,17,408.5,0.85,1.926,0.1929
108,1005,4,18,345.0,0.0,1.936,0.1957
108,1005,4,19,317.5,0.0,2.15,0.1909
108,1005,4,20,286.5,0.0,1.83,0.1873
108,1005,4,21,248.5,0.0,1.578,0.177
108,1005,4,22,213.5,0.0,1.332,0.1627
108,1005,4,23,204.0,0.0,1.232,0.1417
108,1006,5,0,205.33,0.0,1.141,0.1302
108,1006,5,1,202.17,0.0,1.017,0.1271
108,1006,5,2,205.0,0.0,0.847,0.1295
108,1006,5,3,203.0,0.0,0.659,0.13
108,1006,5,4,205.5,0.0,0.621,0.1303
108,1006,5,5,199.5,0.0,0.61,0.1301
108,1006,5,6,199.5,2.92,1.007,0.1349
108,1006,5,7,201.5,10.17,1.13,0.1364
108,1006,5,8,202.0,17.79,1.509,0.1488
108,1006,5,9,204.5,25.84,1.54,0.1592
108,1006,5,10,209.0,24.12,1.523,0.1627
108,1006,5,11,206.0,41.83,1.548,0.165
108,1006,5,12,206.0,18.16,1.6,0.1656
108,1006,5,13,210.5,21.47,1.615,0.1602
108,1006,5,14,212.0,14.32,1.516,0.1592
108,1006,5,15,227.0,8.71,1.549,0.1572
108,1006,5,16,261.0,4.37,1.734,0.1582
108,1006,5,17,277.5,0.49,1.778,0.1645
108,1006,5,18,268.0,0.0,1.967,0.1667
108,1006,5,19,236.0,0.0,1.882,0.1709
108,1006,5,20,220.5,0.0,1.752,0.1637
108,1006,5,21,216.0,0.0,1.571,0.1552
108,1006,5,22,211.0,0.0,1.275,0.1508
108,1006,5,23,215.0,0.0,1.185,0.1494
108,1007,6,0,214.33,0.0,0.864,0.1431
108,1007,6,1,208.67,0.0,0.804,0.1432
108,1007,6,2,210.0,0.0,0.656,0.1394
108,1007,6,3,211.0,0.0,0.595,0.1381
108,1007,6,4,209.5,0.0,0.584,0.1397
108,1007,6,5,206.5,0.0,0.573,0.1457
108,1007,6,6,207.0,2.96,0.698,0.1503
108,1007,6,7,209.0,9.89,0.862,0.1442
108,1007,6,8,209.5,15.35,1.172,0.152
108,1007,6,9,211.5,19.84,1.447,0.1606
108,1007,6,10,212.5,23.34,1.448,0.1658
108,1007,6,11,216.5,18.53,1.507,0.1655
108,1007,6,12,233.5,21.06,1.511,0.1664
108,1007,6,13,247.5,20.72,1.514,0.1686
108,1007,6,14,276.0,14.36,1.479,0.1726
108,1007,6,15,309.5,9.51,1.519,0.1734
108,1007,6,16,307.0,3.83,1.523,0.174
108,1007,6,17,298.5,0.46,1.634,0.1768
108,1007,6,18,285.5,0.0,1.862,0.1796
108,1007,6,19,285.5,0.0,1.817,0.1869
108,1007,6,20,266.5,0.0,1.714,0.1852
108,1007,6,21,261.5,0.0,1.444,0.1808
108,1007,6,22,245.5,0.0,1.205,0.1662
108,1007,6,23,228.0,0.0,1.068,0.1584
108,1008,0,0,221.67,0.0,1.133,0.1484
108,1008,0,1,220.67,0.0,1.014,0.1499
108,1008,0,2,217.5,0.0,0.868,0.1426
108,1008,0,3,218.0,0.0,0.819,0.1382
108,1008,0,4,216.0,0.0,0.952,0.147
108,1008,0,5,214.0,0.0,1.138,0.1564
108,1008,0,6,208.0,2.8,1.834,0.1839
108,1008,0,7,196.0,14.56,1.913,0.197
108,1008,0,8,207.5,27.32,2.143,0.2052
108,1008,0,9,272.0,40.65,2.223,0.2069
108,1008,0,10,292.0,52.0,2.254,0.213
108,1008,0,11,337.5,62.43,2.413,0.2148
108,1008,0,12,368.5,62.58,2.393,0.2132
108,1008,0,13,372.0,55.97,2.447,0.2142
108,1008,0,14,382.0,42.29,2.33,0.2134
108,1008,0,15,417.0,26.82,2.327,0.2142
108,1008,0,16,419.0,12.03,2.403,0.2151
108,1008,0,17,434.5,1.06,2.441,0.2177
108,1008,0,18,363.5,0.0,2.514,0.2178
108,1008,0,19,345.5,0.0,2.726,0.2157
108,1008,0,20,327.0,0.0,2.219,0.218
108,1008,0,21,308.0,0.0,1.806,0.2022
108,1008,0,22,284.5,0.0,1.504,0.188
108,1008,0,23,238.5,0.0,1.174,0.1769
108,1009,1,0,217.83,0.0,1.258,0.1607
108,1009,1,1,220.5,0.0,1.069,0.1568
108,1009,1,2,196.0,0.0,0.863,0.1536
108,1009,1,3,193.0,0.0,0.821,0.1554
108,1009,1,4,185.0,0.0,0.829,0.1568
108,1009,1,5,190.0,0.0,1.071,0.1657
108,1009,1,6,187.0,2.83,1.713,0.1781
108,1009,1,7,196.0,10.38,1.676,0.1967
108,1009,1,8,206.0,18.26,2.001,0.2052
108,1009,1,9,235.5,26.13,2.071,0.2016
108,1009,1,10,268.0,31.44,2.165,0.204
108,1009,1,11,274.0,29.6,2.227,0.2116
108,1009,1,12,277.5,40.86,2.121,0.2021
108,1009,1,13,295.0,36.53,2.136,0.2084
108,1009,1,14,328.0,29.88,2.1,0.2115
108,1009,1,15,348.5,18.67,2.117,0.2105
108,1009,1,16,333.5,7.99,2.183,0.211
108,1009,1,17,337.5,0.73,2.232,0.2163
108,1009,1,18,304.5,0.0,2.332,0.205
108,1009,1,19,266.5,0.0,2.525,0.2093
108,1009,1,20,236.0,0.0,2.101,0.2081
108,1009,1,21,221.5,0.0,1.715,0.1988
108,1009,1,22,222.5,0.0,1.336,0.1837
108,1009,1,23,216.0,0.0,1.226,0.1644
108,1010,2,0,248.61,0.0,1.458,0.1622
108,1010,2,1,217.33,0.0,1.287,0.1607
108,1010,2,2,224.5,0.0,1.126,0.1595
108,1010,2,3,237.5,0.0,1.125,0.1596
108,1010,2,4,242.5,0.0,1.183,0.1647
108,1010,2,5,234.0,0.0,1.289,0.1728
108,1010,2,6,227.5,5.51,1.92,0.1843
108,1010,2,7,233.0,25.66,2.068,0.1971
108,1010,2,8,243.0,47.13,2.044,0.2019
108,1010,2,9,264.0,64.71,2.156,0.2013
108,1010,2,10,317.5,76.76,2.321,0.2036
108,1010,2,11,330.0,82.9,2.308,0.2044
108,1010,2,12,344.0,78.25,2.292,0.1983
108,1010,2,13,350.5,71.63,2.3,0.2047
108,1010,2,14,362.0,57.93,2.309,0.2049
108,1010,2,15,363.5,38.26,2.292,0.2113
108,1010,2,16,377.5,16.62,2.255,0.2073
108,1010,2,17,361.0,1.15,2.29,0.2063
108,1010,2,18,331.5,0.0,2.4,0.209
108,1010,2,19,294.5,0.0,2.539,0.2085
108,1010,2,20,270.5,0.0,2.086,0.207
108,1010,2,21,246.5,0.0,1.8,0.1963
108,1010,2,22,241.5,0.0,1.546,0.1746
108,1010,2,23,245.0,0.0,1.459,0.1538
108,1011,3,0,285.55,0.0,1.509,0.1387
108,1011,3,1,285.55,0.0,1.383,0.1339
108,1011,3,2,285.55,0.0,1.274,0.1314
108,1011,3,3,285.55,0.0,1.228,0.1322
108,1011,3,4,285.55,0.0,1.262,0.1372
108,1011,3,5,285.55,0.0,1.442,0.1458
108,1011,3,6,285.55,5.83,2.054,0.1739
108,1011,3,7,285.55,25.91,2.035,0.1827
108,1011,3,8,285.55,46.01,2.034,0.1965
108,1011,3,9,285.55,63.43,2.215,0.1994
108,1011,3,10,285.55,75.65,2.293,0.2047
108,1011,3,11,285.55,85.61,2.352,0.2099
108,1011,3,12,285.55,83.82,2.311,0.2078
108,1011,3,13,285.55,74.82,2.37,0.2011
108,1011,3,14,285.55,59.5,2.411,0.201
108,1011,3,15,285.55,39.27,2.413,0.2018
108,1011,3,16,285.55,16.69,2.49,0.2042
108,1011,3,17,285.55,0.99,2.483,0.208
108,1011,3,18,285.55,0.0,2.684,0.2105
108,1011,3,19,285.55,0.0,2.98,0.2122
108,1011,3,20,285.55,0.0,2.303,0.2148
108,1011,3,21,285.55,0.0,1.873,0.2023
108,1011,3,22,285.55,0.0,1.505,0.1903
108,1011,3,23,285.55,0.0,1.365,0.1757
108,1012,4,0,240.61,0.0,1.689,0.154
108,1012,4,1,264.27,0.0,1.445,0.148
108,1012,4,2,236.5,0.0,1.341,0.1489
108,1012,4,3,234.0,0.0,1.278,0.1484
108,1012,4,4,242.0,0.0,1.176,0.1456
108,1012,4,5,245.5,0.0,1.471,0.1564
108,1012,4,6,237.5,5.61,2.061,0.1793
108,1012,4,7,227.5,26.87,2.078,0.1898
108,1012,4,8,229.5,48.69,2.008,0.1932
108,1012,4,9,258.0,66.9,2.242,0.1977
108,1012,4,10,283.5,79.26,2.293,0.1985
108,1012,4,11,268.0,85.8,2.392,0.2041
108,1012,4,12,290.0,83.68,2.414,0.2076
108,1012,4,13,315.5,74.51,2.493,0.2064
108,1012,4,14,303.0,59.18,2.474,0.2092
108,1012,4,15,303.0,38.02,2.508,0.2106
108,1012,4,16,308.0,15.89,2.514,0.2088
108,1012,4,17,281.0,0.88,2.492,0.2079
108,1012,4,18,271.0,0.0,2.494,0.2106
108,1012,4,19,250.5,0.0,2.564,0.2081
108,1012,4,20,230.5,0.0,2.197,0.2023
108,1012,4,21,220.0,0.0,1.955,0.1902
108,1012,4,22,220.0,0.0,1.71,0.1721
108,1012,4,23,207.5,0.0,1.646,0.1606
108,1013,5,0,209.5,0.0,1.668,0.1522
108,1013,5,1,196.33,0.0,1.512,0.1476
108,1013,5,2,196.5,0.0,1.312,0.1441
108,1013,5,3,198.5,0.0,1.226,0.1416
108,1013,5,4,196.0,0.0,1.259,0.1427
108,1013,5,5,191.0,0.0,1.191,0.1461
108,1013,5,6,191.5,1.69,1.552,0.1466
108,1013,5,7,188.5,7.97,1.666,0.1525
108,1013,5,8,196.5,15.38,1.823,0.1627
108,1013,5,9,197.5,22.09,2.101,0.1729
108,1013,5,10,202.5,27.62,2.078,0.1751
108,1013,5,11,207.5,25.59,2.103,0.179
108,1013,5,12,215.0,23.76,2.15,0.1798
108,1013,5,13,214.5,18.49,2.108,0.1782
108,1013,5,14,218.5,12.72,2.078,0.1762
108,1013,5,15,230.5,8.58,2.081,0.1798
108,1013,5,16,277.5,3.16,2.077,0.1799
108,1013,5,17,295.5,0.24,2.102,0.1808
108,1013,5,18,288.0,0.0,2.284,0.1829
108,1013,5,19,274.0,0.0,2.274,0.1857
108,1013,5,20,265.0,0.0,2.103,0.1841
108,1013,5,21,253.5,0.0,2.018,0.1752
108,1013,5,22,242.0,0.0,1.731,0.1643
108,1013,5,23,236.5,0.0,1.507,0.1618
108,1014,6,0,218.5,0.0,1.277,0.1545
108,1014,6,1,224.67,0.0,1.325,0.1523
108,1014,6,2,224.5,0.0,1.146,0.1486
108,1014,6,3,225.5,0.0,0.995,0.1486
108,1014,6,4,227.5,0.0,0.934,0.1498
108,1014,6,5,226.0,0.0,0.972,0.1509
108,1014,6,6,219.0,0.58,0.926,0.1532
108,1014,6,7,219.0,2.33,1.019,0.1506
108,1014,6,8,220.0,3.93,1.225,0.1582
108,1014,6,9,222.0,4.88,1.475,0.1643
108,1014,6,10,231.5,6.67,1.506,0.1724
108,1014,6,11,238.0,10.94,1.511,0.1783
108,1014,6,12,251.5,11.47,1.512,0.1777
108,1014,6,13,266.5,31.63,1.489,0.173
108,1014,6,14,279.5,29.14,1.444,0.1726
108,1014,6,15,279.0,21.56,1.466,0.1732
108,1014,6,16,284.5,10.38,1.491,0.1754
108,1014,6,17,248.5,0.62,1.586,0.1805
108,1014,6,18,226.0,0.0,2.019,0.1819
108,1014,6,19,229.0,0.0,2.052,0.1891
108,1014,6,20,224.0,0.0,1.748,0.1861
108,1014,6,21,221.5,0.0,1.511,0.1837
108,1014,6,22,215.5,0.0,1.323,0.1693
108,1014,6,23,212.5,0.0,1.265,0.1616
108,1015,0,0,205.83,0.0,1.102,0.1472
108,1015,0,1,211.33,0.0,0.967,0.1423
108,1015,0,2,214.5,0.0,0.907,0.1456
108,1015,0,3,209.0,0.0,0.917,0.149
108,1015,0,4,208.5,0.0,0.902,0.1485
108,1015,0,5,205.0,0.0,0.984,0.153
108,1015,0,6,205.5,5.75,1.721,0.1715
108,1015,0,7,208.0,28.7,1.882,0.1758
108,1015,0,8,223.5,51.49,1.94,0.181
108,1015,0,9,256.5,70.09,2.103,0.187
108,1015,0,10,285.0,82.7,1.901,0.1916
108,1015,0,11,306.5,88.22,2.002,0.1893
108,1015,0,12,317.0,86.27,2.001,0.1858
108,1015,0,13,331.0,76.93,2.239,0.1921
108,1015,0,14,347.0,60.97,1.974,0.1895
108,1015,0,15,329.0,39.89,2.144,0.1886
108,1015,0,16,353.5,16.17,2.276,0.195
108,1015,0,17,318.5,0.66,2.278,0.199
108,1015,0,18,289.0,0.0,2.387,0.1998
108,1015,0,19,263.0,0.0,2.397,0.2076
108,1015,0,20,231.5,0.0,2.211,0.2046
108,1015,0,21,213.0,0.0,1.762,0.1991
108,1015,0,22,203.0,0.0,1.534,0.1841
108,1015,0,23,197.5,0.0,1.453,0.1749
108,1016,1,0,210.0,0.0,1.171,0.1652
108,1016,1,1,195.5,0.0,1.16,0.1656
108,1016,1,2,196.5,0.0,1.059,0.1626
108,1016,1,3,191.5,0.0,1.025,0.163
108,1016,1,4,197.0,0.0,0.999,0.1621
108,1016,1,5,196.5,0.0,1.305,0.1729
108,1016,1,6,201.0,5.06,1.905,0.1896
108,1016,1,7,199.5,26.81,1.883,0.1994
108,1016,1,8,208.0,49.0,1.778,0.2015
108,1016,1,9,246.0,67.15,1.939,0.2033
108,1016,1,10,245.0,79.35,1.912,0.1952
108,1016,1,11,269.5,84.94,1.977,0.1955
108,1016,1,12,313.5,82.73,1.921,0.193
108,1016,1,13,321.0,71.92,1.996,0.1924
108,1016,1,14,372.5,54.93,1.893,0.1961
108,1016,1,15,375.0,34.34,2.003,0.1943
108,1016,1,16,356.5,13.73,2.103,0.2027
108,1016,1,17,354.5,0.0,2.279,0.2045
108,1016,1,18,317.0,0.0,2.454,0.2057
108,1016,1,19,286.5,0.0,2.498,0.2079
108,1016,1,20,261.0,0.0,2.229,0.2006
108,1016,1,21,251.5,0.0,1.799,0.1897
108,1016,1,22,237.5,0.0,1.515,0.1799
108,1016,1,23,241.0,0.0,1.42,0.1643
108,1017,2,0,218.5,0.0,1.419,0.154
108,1017,2,1,220.5,0.0,1.338,0.1496
108,1017,2,2,219.0,0.0,1.118,0.1481
108,1017,2,3,214.5,0.0,1.14,0.1452
108,1017,2,4,211.0,0.0,1.107,0.1468
108,1017,2,5,212.0,0.0,1.234,0.1563
108,1017,2,6,212.0,4.25,2.004,0.1752
108,1017,2,7,217.0,22.69,2.026,0.1883
108,1017,2,8,222.5,41.2,2.003,0.1952
108,1017,2,9,263.0,56.4,2.052,0.1938
108,1017,2,10,279.0,55.28,2.075,0.1965
108,1017,2,11,315.5,54.37,2.312,0.1977
108,1017,2,12,322.5,67.87,2.17,0.196
108,1017,2,13,352.0,63.9,2.402,0.1951
108,1017,2,14,344.5,46.01,2.3,0.1942
108,1017,2,15,329.5,30.02,2.401,0.1946
108,1017,2,16,345.0,12.34,2.4,0.1978
108,1017,2,17,341.0,0.0,2.455,0.2038
108,1017,2,18,301.5,0.0,2.623,0.2057
108,1017,2,19,286.5,0.0,2.658,0.2004
108,1017,2,20,270.0,0.0,2.249,0.1995
108,1017,2,21,235.5,0.0,1.799,0.1863
108,1017,2,22,227.0,0.0,1.658,0.1703
108,1017,2,23,220.5,0.0,1.387,0.158
108,1018,3,0,224.83,0.0,1.503,0.1524
108,1018,3,1,215.0,0.0,1.461,0.1491
108,1018,3,2,210.5,0.0,1.345,0.1435
108,1018,3,3,208.5,0.0,1.287,0.1435
108,1018,3,4,211.0,0.0,1.205,0.1431
108,1018,3,5,214.0,0.0,1.383,0.1515
108,1018,3,6,210.5,2.39,2.016,0.1819
108,1018,3,7,215.0,15.41,2.09,0.1882
108,1018,3,8,226.5,30.91,2.104,0.194
108,1018,3,9,247.0,45.91,2.192,0.1986
108,1018,3,10,265.0,50.05,2.207,0.1967
108,1018,3,11,308.0,35.05,2.307,0.1969
108,1018,3,12,292.0,28.19,2.265,0.1961
108,1018,3,13,326.5,26.8,2.325,0.1975
108,1018,3,14,342.0,23.86,2.282,0.1983
108,1018,3,15,366.5,17.53,2.325,0.197
108,1018,3,16,331.5,7.84,2.325,0.1968
108,1018,3,17,328.0,0.0,2.325,0.1987
108,1018,3,18,305.0,0.0,2.55,0.2041
108,1018,3,19,280.0,0.0,2.779,0.2038
108,1018,3,20,260.5,0.0,2.309,0.201
108,1018,3,21,253.5,0.0,1.944,0.2005
108,1018,3,22,249.0,0.0,1.579,0.1909
108,1018,3,23,246.0,0.0,1.508,0.1776
108,1019,4,0,223.94,0.0,1.615,0.1699
108,1019,4,1,232.83,0.0,1.546,0.1588
108,1019,4,2,228.5,0.0,1.414,0.1566
108,1019,4,3,227.0,0.0,1.415,0.1535
108,1019,4,4,224.0,0.0,1.367,0.153
108,1019,4,5,230.0,0.0,1.556,0.1715
108,1019,4,6,227.0,4.36,2.102,0.1883
108,1019,4,7,226.0,25.77,2.202,0.1884
108,1019,4,8,225.5,48.03,2.124,0.1894
108,1019,4,9,264.5,66.32,2.177,0.1917
108,1019,4,10,287.0,78.73,2.202,0.1933
108,1019,4,11,309.0,84.07,2.27,0.1907
108,1019,4,12,331.0,81.92,2.215,0.1884
108,1019,4,13,348.0,72.41,2.218,0.191
108,1019,4,14,323.5,55.52,2.262,0.1919
108,1019,4,15,333.5,34.33,2.222,0.1881
108,1019,4,16,337.5,12.34,2.272,0.1845
108,1019,4,17,318.0,0.0,2.274,0.1879
108,1019,4,18,282.0,0.0,2.53,0.1958
108,1019,4,19,255.0,0.0,2.695,0.1952
108,1019,4,20,231.0,0.0,2.27,0.1953
108,1019,4,21,223.0,0.0,1.986,0.1863
108,1019,4,22,224.5,0.0,1.705,0.173
108,1019,4,23,216.5,0.0,1.587,0.155
108,1020,5,0,213.22,0.0,1.755,0.1477
108,1020,5,1,213.22,0.0,1.584,0.1425
108,1020,5,2,213.22,0.0,1.526,0.1383
108,1020,5,3,213.22,0.0,1.441,0.1389
108,1020,5,4,213.22,0.0,1.491,0.14
108,1020,5,5,213.22,0.0,1.525,0.1494
108,1020,5,6,213.22,3.77,1.807,0.1495
108,1020,5,7,213.22,24.16,1.921,0.1546
108,1020,5,8,213.22,45.84,2.087,0.1646
108,1020,5,9,213.22,63.85,2.119,0.1671
108,1020,5,10,213.22,76.17,2.106,0.1689
108,1020,5,11,213.22,82.09,2.108,0.1673
108,1020,5,12,213.22,79.91,2.1,0.1668
108,1020,5,13,213.22,70.6,2.013,0.1583
108,1020,5,14,213.22,54.91,1.993,0.1527
108,1020,5,15,213.22,34.37,1.953,0.1516
108,1020,5,16,213.22,12.39,2.008,0.1636
108,1020,5,17,213.22,0.0,2.11,0.1716
108,1020,5,18,213.22,0.0,2.33,0.1774
108,1020,5,19,213.22,0.0,2.694,0.1802
108,1020,5,20,213.22,0.0,2.185,0.1772
108,1020,5,21,213.22,0.0,2.111,0.1721
108,1020,5,22,213.22,0.0,1.631,0.156
108,1020,5,23,213.22,0.0,1.466,0.1455
108,1021,6,0,213.22,0.0,1.418,0.1343
108,1021,6,1,213.22,0.0,1.383,0.1288
108,1021,6,2,213.22,0.0,1.207,0.1281
108,1021,6,3,213.22,0.0,1.001,0.1249
108,1021,6,4,213.22,0.0,1.013,0.123
108,1021,6,5,213.22,0.0,1.069,0.1268
108,1021,6,6,213.22,2.9,1.194,0.13
108,1021,6,7,213.22,18.87,1.364,0.1374
108,1021,6,8,213.22,36.34,1.508,0.1464
108,1021,6,9,213.22,51.68,1.712,0.1509
108,1021,6,10,213.22,57.39,1.73,0.1518
108,1021,6,11,213.22,58.9,1.753,0.1517
108,1021,6,12,213.22,58.27,1.751,0.1501
108,1021,6,13,213.22,50.62,1.741,0.1522
108,1021,6,14,213.22,39.26,1.656,0.1523
108,1021,6,15,213.22,24.88,1.736,0.1529
108,1021,6,16,213.22,8.41,1.811,0.1583
108,1021,6,17,213.22,0.0,2.042,0.1667
108,1021,6,18,213.22,0.0,2.578,0.1727
108,1021,6,19,213.22,0.0,2.8,0.1776
108,1021,6,20,213.22,0.0,2.2,0.1795
108,1021,6,21,213.22,0.0,2.007,0.1743
108,1021,6,22,213.22,0.0,1.615,0.1625
108,1021,6,23,213.22,0.0,1.405,0.1448
108,1022,0,0,210.28,0.0,1.489,0.1467
108,1022,0,1,209.61,0.0,1.459,0.1431
108,1022,0,2,199.0,0.0,1.343,0.1435
108,1022,0,3,192.0,0.0,1.39,0.1441
108,1022,0,4,194.5,0.0,1.392,0.1463
108,1022,0,5,191.5,0.0,1.561,0.1637
108,1022,0,6,195.5,2.22,2.414,0.1856
108,1022,0,7,196.0,17.12,2.712,0.1953
108,1022,0,8,202.5,33.72,2.63,0.2035
108,1022,0,9,235.5,51.67,2.928,0.2083
108,1022,0,10,262.5,64.89,3.081,0.2101
108,1022,0,11,272.5,67.01,3.234,0.2128
108,1022,0,12,274.5,58.32,3.323,0.2121
108,1022,0,13,271.0,44.39,3.281,0.2109
108,1022,0,14,299.0,35.12,3.244,0.2103
108,1022,0,15,333.0,21.68,3.35,0.2084
108,1022,0,16,342.5,7.37,3.57,0.2105
108,1022,0,17,341.5,0.0,3.581,0.211
108,1022,0,18,294.0,0.0,3.838,0.2123
108,1022,0,19,244.5,0.0,3.883,0.21
108,1022,0,20,215.5,0.0,3.146,0.2096
108,1022,0,21,207.5,0.0,2.326,0.2036
108,1022,0,22,212.0,0.0,2.18,0.1915
108,1022,0,23,210.0,0.0,2.031,0.1674
108,1023,1,0,232.33,0.0,2.009,0.1562
108,1023,1,1,207.67,0.0,2.007,0.155
108,1023,1,2,205.5,0.0,1.965,0.1515
108,1023,1,3,208.5,0.0,1.975,0.1535
108,1023,1,4,207.5,0.0,1.928,0.1527
108,1023,1,5,205.0,0.0,2.01,0.1638
108,1023,1,6,207.5,2.66,2.233,0.1955
108,1023,1,7,211.0,20.55,2.803,0.2022
108,1023,1,8,219.0,41.06,2.938,0.2037
108,1023,1,9,261.5,58.3,3.113,0.2049
108,1023,1,10,284.0,70.07,3.224,0.2086
108,1023,1,11,298.0,75.03,3.392,0.2118
108,1023,1,12,323.0,72.79,3.689,0.2128
108,1023,1,13,311.5,63.13,3.807,0.2159
108,1023,1,14,362.5,47.32,3.897,0.2208
108,1023,1,15,356.0,28.05,3.9,0.2217
108,1023,1,16,345.0,8.65,3.901,0.2207
108,1023,1,17,332.5,0.0,4.086,0.2186
108,1023,1,18,312.5,0.0,4.309,0.2216
108,1023,1,19,290.0,0.0,4.087,0.2249
108,1023,1,20,269.5,0.0,3.206,0.2259
108,1023,1,21,256.5,0.0,2.688,0.2183
108,1023,1,22,245.5,0.0,2.195,0.205
108,1023,1,23,231.5,0.0,2.109,0.1916
108,1024,2,0,257.33,0.0,2.279,0.1796
108,1024,2,1,257.33,0.0,2.142,0.172
108,1024,2,2,257.33,0.0,2.015,0.1681
108,1024,2,3,257.33,0.0,2.013,0.1733
108,1024,2,4,257.33,0.0,2.091,0.1808
108,1024,2,5,257.33,0.0,2.197,0.1936
108,1024,2,6,257.33,1.93,2.686,0.2087
108,1024,2,7,257.33,15.4,3.031,0.219
108,1024,2,8,257.33,32.18,3.228,0.2241
108,1024,2,9,257.33,46.81,3.315,0.2283
108,1024,2,10,257.33,59.97,3.444,0.2307
108,1024,2,11,257.33,68.98,3.693,0.23
108,1024,2,12,257.33,64.7,3.784,0.2315
108,1024,2,13,257.33,53.8,3.953,0.2363
108,1024,2,14,257.33,41.6,4.295,0.2391
108,1024,2,15,257.33,24.9,4.473,0.2423
108,1024,2,16,257.33,7.68,4.657,0.2377
108,1024,2,17,257.33,0.0,4.3,0.2414
108,1024,2,18,257.33,0.0,4.232,0.2425
108,1024,2,19,257.33,0.0,4.17,0.2442
108,1024,2,20,257.33,0.0,3.424,0.243
108,1024,2,21,257.33,0.0,2.864,0.2309
108,1024,2,22,257.33,0.0,2.465,0.215
108,1024,2,23,257.33,0.0,2.294,0.2064
108,1025,3,0,232.33,0.0,2.081,0.1845
108,1025,3,1,237.17,0.0,1.974,0.178
108,1025,3,2,207.5,0.0,1.761,0.1743
108,1025,3,3,209.0,0.0,1.719,0.1716
108,1025,3,4,208.0,0.0,1.834,0.1751
108,1025,3,5,206.5,0.0,1.893,0.184
108,1025,3,6,206.5,1.55,2.53,0.1948
108,1025,3,7,203.5,10.81,2.619,0.2063
108,1025,3,8,208.0,22.16,2.64,0.2109
108,1025,3,9,251.5,33.36,2.762,0.2152
108,1025,3,10,277.0,39.07,2.834,0.2142
108,1025,3,11,269.0,32.98,2.9,0.2157
108,1025,3,12,348.0,33.0,2.901,0.2216
108,1025,3,13,327.0,26.29,2.884,0.2198
108,1025,3,14,326.0,18.83,2.88,0.2215
108,1025,3,15,333.5,10.98,2.86,0.2239
108,1025,3,16,304.0,2.86,2.909,0.2239
108,1025,3,17,305.5,0.0,3.096,0.2258
108,1025,3,18,266.0,0.0,3.439,0.2253
108,1025,3,19,248.5,0.0,3.449,0.2286
108,1025,3,20,224.5,0.0,2.811,0.2244
108,1025,3,21,219.0,0.0,2.418,0.216
108,1025,3,22,220.5,0.0,2.137,0.2039
108,1025,3,23,211.5,0.0,2.12,0.1961
108,1026,4,0,204.33,0.0,1.901,0.1746
108,1026,4,1,207.67,0.0,1.815,0.17
108,1026,4,2,205.0,0.0,1.601,0.1671
108,1026,4,3,203.0,0.0,1.73,0.1673
108,1026,4,4,201.5,0.0,1.673,0.167
108,1026,4,5,205.0,0.0,1.759,0.1753
108,1026,4,6,204.5,1.26,2.275,0.1998
108,1026,4,7,214.5,9.77,2.31,0.2084
108,1026,4,8,212.5,18.12,2.381,0.2136
108,1026,4,9,241.5,25.32,2.528,0.2126
108,1026,4,10,259.5,32.23,2.677,0.2139
108,1026,4,11,292.5,38.2,2.685,0.217
108,1026,4,12,301.0,38.43,2.6,0.2213
108,1026,4,13,313.0,40.84,2.637,0.2254
108,1026,4,14,300.5,30.29,2.549,0.226
108,1026,4,15,323.5,18.14,2.525,0.2249
108,1026,4,16,312.5,5.39,2.504,0.2216
108,1026,4,17,302.5,0.0,2.545,0.2222
108,1026,4,18,254.0,0.0,2.788,0.2202
108,1026,4,19,229.0,0.0,2.679,0.2181
108,1026,4,20,216.0,0.0,2.48,0.2138
108,1026,4,21,210.0,0.0,2.225,0.2009
108,1026,4,22,202.5,0.0,1.937,0.1942
108,1026,4,23,201.0,0.0,1.988,0.1894
108,1027,5,0,202.33,0.0,1.726,0.1717
108,1027,5,1,199.67,0.0,1.809,0.1673
108,1027,5,2,197.5,0.0,1.616,0.1519
108,1027,5,3,194.5,0.0,1.411,0.1514
108,1027,5,4,198.0,0.0,1.367,0.153
108,1027,5,5,200.0,0.0,1.509,0.1539
108,1027,5,6,197.5,0.85,1.737,0.1611
108,1027,5,7,197.5,5.96,1.772,0.1633
108,1027,5,8,202.5,12.31,2.03,0.1692
108,1027,5,9,204.5,18.16,2.415,0.1699
108,1027,5,10,201.5,16.21,2.454,0.171
108,1027,5,11,204.5,27.9,2.456,0.1704
108,1027,5,12,217.0,26.37,2.362,0.1713
108,1027,5,13,226.5,18.65,2.222,0.171
108,1027,5,14,236.5,16.03,2.164,0.1731
108,1027,5,15,252.5,11.1,2.085,0.1703
108,1027,5,16,268.0,3.83,2.125,0.1682
108,1027,5,17,266.0,0.0,2.356,0.1663
108,1027,5,18,253.5,0.0,2.884,0.1688
108,1027,5,19,247.0,0.0,2.446,0.1662
108,1027,5,20,223.5,0.0,2.188,0.1597
108,1027,5,21,212.0,0.0,2.036,0.1558
108,1027,5,22,210.5,0.0,1.663,0.1441
108,1027,5,23,207.5,0.0,1.517,0.1338
108,1028,6,0,206.0,0.0,1.634,0.1188
108,1028,6,1,201.67,0.0,1.736,0.1208
108,1028,6,2,191.5,0.0,1.596,0.1173
108,1028,6,3,195.0,0.0,1.3,0.12
108,1028,6,4,196.0,0.0,1.31,0.1238
108,1028,6,5,195.0,0.0,1.186,0.1242
108,1028,6,6,197.5,2.16,1.097,0.1311
108,1028,6,7,201.5,17.92,1.147,0.1374
108,1028,6,8,201.5,35.84,1.385,0.1399
108,1028,6,9,201.0,52.34,1.596,0.139
108,1028,6,10,202.0,56.95,1.74,0.1365
108,1028,6,11,212.0,57.97,1.802,0.1349
108,1028,6,12,223.5,56.65,1.756,0.1335
108,1028,6,13,231.0,48.75,1.733,0.1327
108,1028,6,14,228.5,36.66,1.673,0.1323
108,1028,6,15,231.0,21.24,1.665,0.1354
108,1028,6,16,241.5,5.67,1.738,0.1368
108,1028,6,17,244.5,0.0,2.173,0.1423
108,1028,6,18,223.5,0.0,2.671,0.1542
108,1028,6,19,217.0,0.0,2.635,0.1648
108,1028,6,20,210.5,0.0,2.404,0.1651
108,1028,6,21,208.5,0.0,1.969,0.1661
108,1028,6,22,208.0,0.0,1.626,0.1495
108,1028,6,23,210.0,0.0,1.48,0.1428
108,1029,0,0,225.71,0.0,1.45,0.1337
108,1029,0,1,208.33,0.0,1.389,0.1343
108,1029,0,2,207.5,0.0,1.199,0.1374
108,1029,0,3,210.5,0.0,1.156,0.1376
108,1029,0,4,206.5,0.0,1.171,0.1416
108,1029,0,5,211.0,0.0,1.399,0.1454
108,1029,0,6,208.5,1.49,2.066,0.1606
108,1029,0,7,215.5,15.04,2.311,0.1699
108,1029,0,8,220.0,31.18,2.345,0.1715
108,1029,0,9,234.5,44.68,2.511,0.1729
108,1029,0,10,246.5,55.88,2.605,0.1689
108,1029,0,11,276.0,50.79,2.67,0.1692
108,1029,0,12,278.0,57.44,2.679,0.1705
108,1029,0,13,274.0,47.79,2.621,0.1667
108,1029,0,14,281.5,37.58,2.619,0.1664
108,1029,0,15,322.0,22.87,2.677,0.1663
108,1029,0,16,303.0,6.44,2.793,0.1669
108,1029,0,17,303.0,0.0,2.863,0.1705
108,1029,0,18,269.5,0.0,3.442,0.1777
108,1029,0,19,249.0,0.0,3.072,0.1811
108,1029,0,20,234.0,0.0,2.711,0.1738
108,1029,0,21,229.0,0.0,2.014,0.1661
108,1029,0,22,223.0,0.0,1.669,0.1508
108,1029,0,23,218.0,0.0,1.52,0.1457
108,1030,1,0,242.74,0.0,1.421,0.135
108,1030,1,1,242.74,0.0,1.233,0.1309
108,1030,1,2,242.74,0.0,1.178,0.1312
108,1030,1,3,242.74,0.0,1.147,0.1299
108,1030,1,4,242.74,0.0,1.146,0.1327
108,1030,1,5,242.74,0.0,1.507,0.1422
108,1030,1,6,242.74,1.59,2.493,0.1598
108,1030,1,7,242.74,13.69,2.731,0.1726
108,1030,1,8,242.74,27.06,2.76,0.1761
108,1030,1,9,242.74,35.23,2.884,0.174
108,1030,1,10,242.74,34.86,2.78,0.1804
108,1030,1,11,242.74,36.58,2.678,0.1737
108,1030,1,12,242.74,35.88,2.648,0.1733
108,1030,1,13,242.74,36.68,2.62,0.1734
108,1030,1,14,242.74,26.99,2.487,0.1703
108,1030,1,15,242.74,15.81,2.551,0.1683
108,1030,1,16,242.74,4.45,2.669,0.1744
108,1030,1,17,242.74,0.0,3.005,0.1745
108,1030,1,18,242.74,0.0,3.703,0.1809
108,1030,1,19,242.74,0.0,3.422,0.1799
108,1030,1,20,242.74,0.0,2.911,0.1822
108,1030,1,21,242.74,0.0,2.174,0.1763
108,1030,1,22,242.74,0.0,1.741,0.1697
108,1030,1,23,242.74,0.0,1.589,0.164
108,1031,2,0,222.37,0.0,1.523,0.1465
108,1031,2,1,220.37,0.0,1.444,0.1413
108,1031,2,2,194.5,0.0,1.449,0.1377
108,1031,2,3,193.5,0.0,1.53,0.1389
108,1031,2,4,192.5,0.0,1.529,0.1425
108,1031,2,5,193.0,0.0,2.33,0.1483
108,1031,2,6,194.5,1.91,3.428,0.1689
108,1031,2,7,194.5,18.91,3.741,0.178
108,1031,2,8,203.0,38.97,3.342,0.1785
108,1031,2,9,238.5,56.4,3.164,0.1783
108,1031,2,10,243.5,68.83,3.067,0.1831
108,1031,2,11,290.0,72.4,2.998,0.1871
108,1031,2,12,283.5,59.82,2.91,0.1809
108,1031,2,13,299.5,47.84,2.816,0.182
108,1031,2,14,310.0,36.65,2.764,0.1816
108,1031,2,15,349.0,20.36,2.694,0.1804
108,1031,2,16,320.0,4.68,2.865,0.181
108,1031,2,17,322.5,0.0,3.125,0.1834
108,1031,2,18,281.0,0.0,4.286,0.1871
108,1031,2,19,250.5,0.0,4.079,0.1921
108,1031,2,20,238.5,0.0,3.337,0.1944
108,1031,2,21,215.0,0.0,2.968,0.1887
108,1031,2,22,211.0,0.0,2.45,0.1698
108,1031,2,23,205.5,0.0,2.168,0.1596
108,1032,3,0,210.83,0.0,2.084,0.144
108,1032,3,1,199.0,0.0,1.912,0.1405
108,1032,3,2,203.0,0.0,1.762,0.1426
108,1032,3,3,201.0,0.0,1.755,0.1418
108,1032,3,4,202.5,0.0,1.752,0.1398
108,1032,3,5,209.0,0.0,2.157,0.1503
108,1032,3,6,212.0,0.41,3.258,0.175
108,1032,3,7,212.5,3.19,3.302,0.1772
108,1032,3,8,220.0,6.28,3.212,0.178
108,1032,3,9,268.0,8.47,3.288,0.1814
108,1032,3,10,294.5,13.11,3.231,0.1821
108,1032,3,11,315.0,7.94,3.012,0.1821
108,1032,3,12,284.0,10.01,2.857,0.1813
108,1032,3,13,318.0,5.17,2.854,0.1805
108,1032,3,14,311.5,12.33,2.6,0.1792
108,1032,3,15,333.5,4.49,2.611,0.1765
108,1032,3,16,330.0,1.42,2.973,0.1735
108,1032,3,17,312.5,0.0,3.311,0.1773
108,1032,3,18,270.0,0.0,3.845,0.1813
108,1032,3,19,253.5,0.0,3.618,0.1919
108,1032,3,20,247.5,0.0,2.898,0.1783
108,1032,3,21,237.0,0.0,2.36,0.1655
108,1032,3,22,223.0,0.0,2.129,0.1511
108,1032,3,23,214.5,0.0,1.833,0.1487
108,1033,4,0,212.0,0.0,1.773,0.1418
108,1033,4,1,220.33,0.0,1.636,0.1406
108,1033,4,2,223.5,0.0,1.391,0.1388
108,1033,4,3,228.5,0.0,1.369,0.1392
108,1033,4,4,227.5,0.0,1.445,0.1336
108,1033,4,5,226.5,0.0,1.637,0.1459
108,1033,4,6,226.0,0.97,2.319,0.1634
108,1033,4,7,223.5,9.96,2.614,0.1693
108,1033,4,8,224.0,21.31,2.603,0.1696
108,1033,4,9,255.5,30.07,2.76,0.1689
108,1033,4,10,274.0,36.33,2.817,0.1776
108,1033,4,11,281.5,50.37,2.721,0.1739
108,1033,4,12,302.5,52.15,2.702,0.1715
108,1033,4,13,334.5,48.59,2.555,0.1697
108,1033,4,14,304.5,34.87,2.534,0.1687
108,1033,4,15,286.5,20.19,2.51,0.1728
108,1033,4,16,303.5,4.5,2.711,0.1758
108,1033,4,17,302.5,0.0,3.012,0.1792
108,1033,4,18,246.0,0.0,3.425,0.1849
108,1033,4,19,230.0,0.0,3.166,0.1856
108,1033,4,20,215.0,0.0,2.71,0.1795
108,1033,4,21,207.5,0.0,2.405,0.164
108,1033,4,22,209.0,0.0,2.0,0.1507
108,1033,4,23,204.0,0.0,1.666,0.1484
108,1034,5,0,199.67,0.0,1.816,0.1405
108,1034,5,1,203.67,0.0,1.771,0.134
108,1034,5,2,204.0,0.0,1.766,0.1316
108,1034,5,3,205.0,0.0,1.544,0.1277
108,1034,5,4,201.5,0.0,1.52,0.1239
108,1034,5,5,202.5,0.0,1.496,0.127
108,1034,5,6,205.0,1.1,1.669,0.1259
108,1034,5,7,204.5,13.87,1.723,0.1324
108,1034,5,8,202.5,29.89,1.923,0.1349
108,1034,5,9,203.5,44.23,2.172,0.1433
108,1034,5,10,212.0,53.63,2.224,0.1442
108,1034,5,11,212.5,60.23,2.133,0.1426
108,1034,5,12,210.5,62.88,2.078,0.1413
108,1034,5,13,212.0,44.12,2.065,0.1372
108,1034,5,14,213.5,33.89,1.971,0.1336
108,1034,5,15,212.5,17.79,1.952,0.1319
108,1034,5,16,225.0,3.43,2.076,0.1307
108,1034,5,17,216.0,0.0,2.688,0.1366
108,1034,5,18,216.0,0.0,2.884,0.1457
108,1034,5,19,214.5,0.0,2.759,0.1435
108,1034,5,20,212.5,0.0,2.574,0.1396
108,1034,5,21,218.5,0.0,2.02,0.1383
108,1034,5,22,217.0,0.0,1.603,0.133
108,1034,5,23,200.0,0.0,1.586,0.1353
108,1035,6,0,192.0,0.0,1.488,0.1252
108,1035,6,1,385.5,0.0,1.416,0.1239
108,1035,6,2,195.0,0.0,1.322,0.1224
108,1035,6,3,198.5,0.0,1.21,0.1248
108,1035,6,4,195.5,0.0,1.204,0.1311
108,1035,6,5,192.5,0.0,1.27,0.1239
108,1035,6,6,194.5,0.73,1.315,0.1242
108,1035,6,7,190.5,10.74,1.34,0.1231
108,1035,6,8,191.5,24.9,1.678,0.1285
108,1035,6,9,192.5,37.55,1.793,0.1398
108,1035,6,10,196.5,49.3,1.821,0.1443
108,1035,6,11,200.0,56.77,1.819,0.1477
108,1035,6,12,197.5,42.21,1.957,0.1479
108,1035,6,13,201.5,37.79,2.025,0.1527
108,1035,6,14,196.0,31.01,1.822,0.1554
108,1035,6,15,200.0,13.85,1.904,0.1541
108,1035,6,16,201.5,2.2,2.077,0.1604
108,1035,6,17,196.5,0.0,2.617,0.1694
108,1035,6,18,196.0,0.0,3.417,0.1835
108,1035,6,19,192.0,0.0,2.972,0.172
108,1035,6,20,191.5,0.0,2.492,0.1632
108,1035,6,21,192.0,0.0,2.225,0.1566
108,1035,6,22,189.5,0.0,1.782,0.1444
108,1035,6,23,191.5,0.0,1.529,0.1441
108,1036,0,0,186.5,0.0,1.628,0.1366
108,1036,0,1,195.0,0.0,1.529,0.1348
108,1036,0,2,193.5,0.0,1.429,0.1342
108,1036,0,3,195.5,0.0,1.405,0.1314
108,1036,0,4,192.0,0.0,1.474,0.1334
108,1036,0,5,193.5,0.0,1.766,0.1458
108,1036,0,6,193.5,1.19,2.824,0.1701
108,1036,0,7,195.5,16.71,2.92,0.181
108,1036,0,8,206.5,37.76,3.028,0.1819
108,1036,0,9,234.0,55.32,3.081,0.1806
108,1036,0,10,242.5,67.37,3.064,0.179
108,1036,0,11,255.5,72.97,3.172,0.1802
108,1036,0,12,257.0,70.87,3.074,0.1786
108,1036,0,13,277.5,61.49,2.907,0.178
108,1036,0,14,274.5,44.36,2.8,0.1712
108,1036,0,15,301.5,23.17,2.837,0.1691
108,1036,0,16,282.5,3.89,2.921,0.1767
108,1036,0,17,274.5,0.0,3.424,0.1814
108,1036,0,18,221.5,0.0,3.821,0.1829
108,1036,0,19,208.0,0.0,3.618,0.1837
108,1036,0,20,198.5,0.0,3.27,0.1789
108,1036,0,21,189.0,0.0,2.844,0.1726
108,1036,0,22,183.0,0.0,2.356,0.1495
108,1036,0,23,181.5,0.0,2.161,0.1421
108,1037,1,0,205.0,0.0,2.115,0.1393
108,1037,1,1,178.0,0.0,1.933,0.1347
108,1037,1,2,176.5,0.0,1.884,0.1346
108,1037,1,3,176.5,0.0,1.821,0.1349
108,1037,1,4,178.5,0.0,1.814,0.1349
108,1037,1,5,178.0,0.0,2.149,0.1445
108,1037,1,6,181.0,0.9,3.096,0.1577
108,1037,1,7,193.5,14.39,3.367,0.1653
108,1037,1,8,205.5,33.67,3.165,0.1693
108,1037,1,9,202.0,49.81,3.039,0.1693
108,1037,1,10,215.0,60.25,3.118,0.174
108,1037,1,11,237.0,68.41,3.096,0.1694
108,1037,1,12,246.0,63.73,3.002,0.1626
108,1037,1,13,239.5,48.48,2.959,0.163
108,1037,1,14,232.5,34.92,2.86,0.1631
108,1037,1,15,299.0,18.43,2.942,0.1593
108,1037,1,16,245.5,2.77,3.025,0.1617
108,1037,1,17,284.5,0.0,3.684,0.1661
108,1037,1,18,270.5,0.0,4.135,0.1744
108,1037,1,19,241.5,0.0,3.745,0.1775
108,1037,1,20,240.0,0.0,3.293,0.1655
108,1037,1,21,232.5,0.0,2.852,0.1567
108,1037,1,22,227.5,0.0,2.385,0.1418
108,1037,1,23,226.0,0.0,2.102,0.1411
108,1038,2,0,234.5,0.0,1.925,0.1363
108,1038,2,1,227.5,0.0,1.801,0.1384
108,1038,2,2,226.0,0.0,1.754,0.1378
108,1038,2,3,230.5,0.0,1.705,0.1374
108,1038,2,4,232.0,0.0,1.582,0.1403
108,1038,2,5,228.0,0.0,1.507,0.1451
108,1038,2,6,231.0,0.65,2.772,0.1626
108,1038,2,7,233.5,11.53,2.766,0.1751
108,1038,2,8,248.0,29.89,2.867,0.1707
108,1038,2,9,270.5,43.25,2.955,0.1704
108,1038,2,10,298.5,54.15,2.84,0.1728
108,1038,2,11,344.5,63.18,2.881,0.1639
108,1038,2,12,331.0,53.85,2.824,0.1646
108,1038,2,13,351.5,47.67,2.725,0.1674
108,1038,2,14,336.0,33.83,2.643,0.1717
108,1038,2,15,366.0,17.14,2.752,0.1712
108,1038,2,16,357.5,2.96,2.902,0.1783
108,1038,2,17,340.0,0.0,3.521,0.1769
108,1038,2,18,314.5,0.0,3.911,0.1862
108,1038,2,19,286.0,0.0,3.581,0.1825
108,1038,2,20,268.0,0.0,2.97,0.1777
108,1038,2,21,253.0,0.0,2.429,0.1686
108,1038,2,22,246.0,0.0,2.109,0.1544
108,1038,2,23,238.5,0.0,1.988,0.1525
108,1039,3,0,234.0,0.0,1.579,0.1453
108,1039,3,1,241.5,0.0,1.473,0.1423
108,1039,3,2,240.5,0.0,1.383,0.1363
108,1039,3,3,242.0,0.0,1.361,0.1361
108,1039,3,4,241.5,0.0,1.386,0.1342
108,1039,3,5,240.5,0.0,1.514,0.1468
108,1039,3,6,244.0,0.49,2.472,0.162
108,1039,3,7,243.0,6.67,2.607,0.1646
108,1039,3,8,257.5,14.52,2.641,0.1664
108,1039,3,9,275.5,20.73,2.685,0.1702
108,1039,3,10,313.0,24.65,2.794,0.1715
108,1039,3,11,306.5,27.59,2.847,0.1666
108,1039,3,12,302.0,25.71,2.823,0.1615
108,1039,3,13,312.5,31.17,2.798,0.163
108,1039,3,14,312.5,21.79,2.773,0.1628
108,1039,3,15,350.0,11.99,2.806,0.1631
108,1039,3,16,339.0,2.2,3.006,0.1706
108,1039,3,17,318.0,0.0,3.659,0.1709
108,1039,3,18,300.5,0.0,4.0,0.1728
108,1039,3,19,273.5,0.0,3.436,0.1731
108,1039,3,20,256.0,0.0,2.865,0.169
108,1039,3,21,244.5,0.0,2.295,0.16
108,1039,3,22,228.5,0.0,1.934,0.1423
108,1039,3,23,227.5,0.0,1.856,0.1438
108,1040,4,0,228.0,0.0,1.541,0.1339
108,1040,4,1,227.0,0.0,1.476,0.1333
108,1040,4,2,227.5,0.0,1.426,0.1345
108,1040,4,3,229.0,0.0,1.391,0.1328
108,1040,4,4,225.0,0.0,1.364,0.1339
108,1040,4,5,223.5,0.0,1.457,0.148
108,1040,4,6,222.5,0.67,2.497,0.1596
108,1040,4,7,222.0,13.81,2.744,0.1639
108,1040,4,8,238.5,34.11,2.611,0.1633
108,1040,4,9,273.5,51.55,2.662,0.1607
108,1040,4,10,275.5,64.02,2.637,0.1593
108,1040,4,11,320.0,69.29,2.662,0.1594
108,1040,4,12,321.5,68.32,2.638,0.1528
108,1040,4,13,314.0,59.75,2.503,0.152
108,1040,4,14,290.0,44.25,2.406,0.1537
108,1040,4,15,308.5,24.12,2.342,0.1512
108,1040,4,16,291.5,4.05,2.671,0.1531
108,1040,4,17,279.0,0.0,3.031,0.1561
108,1040,4,18,240.5,0.0,3.5,0.1601
108,1040,4,19,232.0,0.0,3.145,0.161
108,1040,4,20,226.0,0.0,2.649,0.1549
108,1040,4,21,225.5,0.0,2.32,0.1456
108,1040,4,22,220.0,0.0,2.044,0.1382
108,1040,4,23,221.0,0.0,1.87,0.1394
108,1041,5,0,233.5,0.0,1.65,0.1334
108,1041,5,1,225.0,0.0,1.69,0.1318
108,1041,5,2,226.0,0.0,1.473,0.1312
108,1041,5,3,231.0,0.0,1.261,0.1294
108,1041,5,4,229.5,0.0,1.235,0.1294
108,1041,5,5,228.5,0.0,1.337,0.1317
108,1041,5,6,234.5,0.63,1.661,0.1317
108,1041,5,7,231.5,13.75,1.621,0.1351
108,1041,5,8,233.0,33.78,1.998,0.1421
108,1041,5,9,232.5,50.9,2.178,0.1486
108,1041,5,10,230.0,62.76,2.302,0.1504
108,1041,5,11,235.0,67.21,2.122,0.1464
108,1041,5,12,247.5,63.73,2.016,0.1439
108,1041,5,13,250.5,51.97,1.944,0.1422
108,1041,5,14,257.0,37.95,1.748,0.1374
108,1041,5,15,255.5,19.88,1.685,0.1379
108,1041,5,16,251.5,2.99,2.001,0.1386
108,1041,5,17,253.0,0.0,2.539,0.1403
108,1041,5,18,250.5,0.0,3.097,0.1523
108,1041,5,19,245.0,0.0,2.702,0.1575
108,1041,5,20,238.0,0.0,2.444,0.1512
108,1041,5,21,238.5,0.0,1.89,0.1457
108,1041,5,22,240.0,0.0,1.716,0.1396
108,1041,5,23,248.0,0.0,1.67,0.1292
108,1042,6,0,234.5,0.0,1.478,0.1201
108,1042,6,1,243.0,0.0,1.2365,0.1155
108,1042,6,2,242.5,0.0,1.119,0.1129
108,1042,6,3,243.0,0.0,1.015,0.1115
108,1042,6,4,246.5,0.0,1.017,0.1132
108,1042,6,5,245.0,0.0,1.017,0.1153
108,1042,6,6,243.0,0.52,1.147,0.1207
108,1042,6,7,245.0,12.89,1.165,0.1167
108,1042,6,8,245.5,32.58,1.417,0.1155
108,1042,6,9,243.0,49.85,1.687,0.1221
108,1042,6,10,244.5,63.89,1.63,0.1272
108,1042,6,11,267.5,63.91,1.818,0.1255
108,1042,6,12,253.0,54.93,1.785,0.1258
108,1042,6,13,246.0,47.03,1.672,0.1286
108,1042,6,14,249.0,33.99,1.671,0.1347
108,1042,6,15,248.5,18.54,1.683,0.1398
108,1042,6,16,244.5,3.07,2.56,0.1475
108,1042,6,17,234.5,0.0,3.5,0.1591
108,1042,6,18,225.0,0.0,3.448,0.1674
108,1042,6,19,221.0,0.0,2.94,0.1652
108,1042,6,20,228.5,0.0,2.602,0.1604
108,1042,6,21,224.0,0.0,2.04,0.1564
108,1042,6,22,223.5,0.0,1.647,0.1393
108,1042,6,23,216.5,0.0,1.652,0.1363
108,1043,0,0,230.5,0.0,1.527,0.1407
108,1043,0,1,219.0,0.0,1.415,0.1427
108,1043,0,2,220.5,0.0,1.331,0.1452
108,1043,0,3,220.0,0.0,1.351,0.1466
108,1043,0,4,223.5,0.0,1.483,0.1522
108,1043,0,5,223.0,0.0,1.742,0.1618
108,1043,0,6,224.5,0.0,3.051,0.178
108,1043,0,7,233.5,14.75,2.9,0.1821
108,1043,0,8,249.0,34.06,2.836,0.1796
108,1043,0,9,270.0,51.4,2.78,0.1811
108,1043,0,10,281.0,63.44,2.729,0.175
108,1043,0,11,293.5,57.32,2.67,0.1745
108,1043,0,12,320.5,66.38,2.54,0.173
108,1043,0,13,339.0,57.11,2.501,0.1699
108,1043,0,14,343.0,41.65,2.373,0.1675
108,1043,0,15,341.0,21.84,2.445,0.1741
108,1043,0,16,334.0,3.09,3.026,0.1765
108,1043,0,17,329.5,0.0,4.099,0.1853
108,1043,0,18,283.5,0.0,3.825,0.1898
108,1043,0,19,262.0,0.0,3.098,0.1846
108,1043,0,20,255.0,0.0,2.7,0.1761
108,1043,0,21,244.5,0.0,2.141,0.1674
108,1043,0,22,240.0,0.0,1.752,0.1581
108,1043,0,23,239.0,0.0,1.7,0.1539
108,1044,1,0,236.0,0.0,1.576,0.147
108,1044,1,1,240.5,0.0,1.49,0.142
108,1044,1,2,240.5,0.0,1.47,0.1398
108,1044,1,3,242.0,0.0,1.486,0.1394
108,1044,1,4,245.0,0.0,1.515,0.1389
108,1044,1,5,244.0,0.0,1.695,0.1518
108,1044,1,6,244.5,0.0,2.906,0.1689
108,1044,1,7,248.5,14.0,2.928,0.1726
108,1044,1,8,245.0,31.91,3.048,0.1748
108,1044,1,9,285.5,48.61,2.974,0.1765
108,1044,1,10,308.5,59.66,2.851,0.1706
108,1044,1,11,350.5,67.27,2.691,0.1629
108,1044,1,12,333.0,65.49,2.539,0.1591
108,1044,1,13,350.0,55.23,2.608,0.1658
108,1044,1,14,335.0,39.48,2.502,0.1712
108,1044,1,15,341.0,19.83,2.776,0.1728
108,1044,1,16,335.5,2.61,3.49,0.1758
108,1044,1,17,350.5,0.0,4.516,0.181
108,1044,1,18,303.5,0.0,4.103,0.1789
108,1044,1,19,289.0,0.0,3.309,0.1805
108,1044,1,20,269.0,0.0,2.96,0.1728
108,1044,1,21,260.0,0.0,2.46,0.1656
108,1044,1,22,254.5,0.0,1.954,0.1564
108,1044,1,23,244.0,0.0,1.707,0.1537
108,1045,2,0,221.5,0.0,1.512,0.1551
108,1045,2,1,226.0,0.0,1.415,0.1591
108,1045,2,2,220.0,0.0,1.382,0.1515
108,1045,2,3,219.0,0.0,1.373,0.1506
108,1045,2,4,217.0,0.0,1.353,0.1468
108,1045,2,5,215.0,0.0,1.513,0.1518
108,1045,2,6,214.5,0.0,2.684,0.1682
108,1045,2,7,221.5,3.26,2.633,0.1786
108,1045,2,8,225.0,6.68,2.802,0.1662
108,1045,2,9,274.5,9.46,2.774,0.1634
108,1045,2,10,286.0,12.11,2.853,0.1668
108,1045,2,11,290.5,15.39,2.819,0.1712
108,1045,2,12,297.0,10.22,2.7,0.1695
108,1045,2,13,300.0,13.33,2.627,0.1701
108,1045,2,14,288.0,9.08,2.504,0.1715
108,1045,2,15,293.0,4.8,2.693,0.1773
108,1045,2,16,275.5,0.82,3.668,0.1831
108,1045,2,17,287.0,0.0,4.262,0.1912
108,1045,2,18,289.0,0.0,4.068,0.1856
108,1045,2,19,261.5,0.0,3.385,0.1823
108,1045,2,20,238.5,0.0,2.892,0.1798
108,1045,2,21,221.5,0.0,2.4,0.1664
108,1045,2,22,220.5,0.0,2.011,0.1526
108,1045,2,23,211.5,0.0,1.808,0.1554
108,1046,3,0,214.5,0.0,1.803,0.1559
108,1046,3,1,210.0,0.0,1.748,0.1497
108,1046,3,2,209.0,0.0,1.602,0.1447
108,1046,3,3,207.5,0.0,1.62,0.1429
108,1046,3,4,208.5,0.0,1.616,0.1388
108,1046,3,5,206.5,0.0,1.773,0.1458
108,1046,3,6,204.0,0.0,2.669,0.1652
108,1046,3,7,213.5,13.2,2.706,0.1709
108,1046,3,8,218.5,31.79,2.952,0.172
108,1046,3,9,245.5,48.35,3.005,0.169
108,1046,3,10,273.5,59.3,2.906,0.1646
108,1046,3,11,315.5,62.66,2.783,0.1592
108,1046,3,12,344.5,59.66,2.6,0.1581
108,1046,3,13,318.5,48.86,2.522,0.157
108,1046,3,14,350.0,34.19,2.406,0.1591
108,1046,3,15,331.5,16.4,2.746,0.1592
108,1046,3,16,316.5,1.91,3.702,0.1647
108,1046,3,17,302.5,0.0,4.462,0.173
108,1046,3,18,275.5,0.0,4.065,0.1729
108,1046,3,19,265.5,0.0,3.325,0.1708
108,1046,3,20,248.0,0.0,2.851,0.163
108,1046,3,21,231.0,0.0,2.507,0.152
108,1046,3,22,226.5,0.0,1.839,0.133
108,1046,3,23,227.0,0.0,1.899,0.1237
108,1047,4,0,213.5,0.0,1.771,0.1242
108,1047,4,1,226.0,0.0,1.774,0.1245
108,1047,4,2,224.0,0.0,1.619,0.1279
108,1047,4,3,225.5,0.0,1.684,0.1286
108,1047,4,4,223.5,0.0,1.669,0.1264
108,1047,4,5,225.0,0.0,1.45,0.1342
108,1047,4,6,225.5,0.0,2.427,0.1378
108,1047,4,7,230.0,10.58,2.466,0.137
108,1047,4,8,233.0,26.93,2.548,0.1458
108,1047,4,9,258.5,41.32,2.516,0.1457
108,1047,4,10,284.0,51.45,2.415,0.1505
108,1047,4,11,300.5,56.03,2.36,0.154
108,1047,4,12,326.5,59.93,2.191,0.157
108,1047,4,13,328.5,50.03,2.193,0.1567
108,1047,4,14,344.5,36.99,2.072,0.1579
108,1047,4,15,335.5,18.74,2.133,0.1603
108,1047,4,16,322.0,2.52,2.911,0.163
108,1047,4,17,317.5,0.0,3.511,0.1754
108,1047,4,18,271.0,0.0,3.102,0.176
108,1047,4,19,241.5,0.0,2.766,0.1719
108,1047,4,20,226.5,0.0,2.453,0.1654
108,1047,4,21,207.5,0.0,2.279,0.1571
108,1047,4,22,206.0,0.0,1.911,0.1459
108,1047,4,23,197.5,0.0,1.823,0.1451
108,1048,5,0,195.5,0.0,1.815,0.1339
108,1048,5,1,203.5,0.0,1.775,0.128
108,1048,5,2,203.5,0.0,1.609,0.1333
108,1048,5,3,212.5,0.0,1.661,0.1358
108,1048,5,4,212.5,0.0,1.699,0.1394
108,1048,5,5,209.0,0.0,1.783,0.1417
108,1048,5,6,207.5,0.0,1.968,0.1421
108,1048,5,7,208.0,13.33,2.062,0.1458
108,1048,5,8,199.5,33.52,2.364,0.146
108,1048,5,9,200.5,50.96,2.547,0.1402
108,1048,5,10,206.0,62.71,2.431,0.1353
108,1048,5,11,203.5,67.5,2.175,0.1347
108,1048,5,12,209.0,65.12,2.097,0.1356
108,1048,5,13,210.5,55.76,2.039,0.135
108,1048,5,14,211.0,40.37,1.884,0.1344
108,1048,5,15,214.5,20.53,1.952,0.1333
108,1048,5,16,214.5,2.45,2.813,0.1416
108,1048,5,17,214.0,0.0,3.385,0.1522
108,1048,5,18,213.0,0.0,3.378,0.1512
108,1048,5,19,208.5,0.0,2.998,0.1469
108,1048,5,20,202.5,0.0,2.649,0.1395
108,1048,5,21,202.0,0.0,2.386,0.1309
108,1048,5,22,202.0,0.0,2.011,0.121
108,1048,5,23,199.5,0.0,1.788,0.1297
108,1049,6,0,203.0,0.0,1.842,0.1248
108,1049,6,1,194.5,0.0,1.729,0.1256
108,1049,6,2,191.5,0.0,1.68,0.1253
108,1049,6,3,194.5,0.0,1.703,0.1266
108,1049,6,4,190.5,0.0,1.637,0.1279
108,1049,6,5,188.5,0.0,1.617,0.1262
108,1049,6,6,192.5,0.0,1.721,0.1268
108,1049,6,7,190.5,10.76,1.696,0.1231
108,1049,6,8,190.0,29.64,2.076,0.1204
108,1049,6,9,195.5,46.82,2.164,0.1197
108,1049,6,10,199.0,58.98,2.188,0.1158
108,1049,6,11,203.0,66.1,1.919,0.119
108,1049,6,12,207.0,63.89,1.859,0.119
108,1049,6,13,213.0,54.63,1.783,0.12
108,1049,6,14,214.0,39.46,1.798,0.1262
108,1049,6,15,216.5,19.95,1.858,0.1336
108,1049,6,16,215.5,2.26,2.716,0.1424
108,1049,6,17,209.5,0.0,3.555,0.1553
108,1049,6,18,211.0,0.0,3.2,0.1514
108,1049,6,19,207.5,0.0,2.8,0.1441
108,1049,6,20,203.0,0.0,2.385,0.1344
108,1049,6,21,203.5,0.0,2.085,0.1315
108,1049,6,22,202.0,0.0,1.811,0.1302
108,1049,6,23,201.5,0.0,1.679,0.1265
108,1050,0,0,215.5,0.0,1.584,0.1306
108,1050,0,1,201.0,0.0,1.525,0.1331
108,1050,0,2,201.5,0.0,1.367,0.1334
108,1050,0,3,199.5,0.0,1.403,0.1318
108,1050,0,4,197.0,0.0,1.554,0.1308
108,1050,0,5,196.0,0.0,1.566,0.1339
108,1050,0,6,199.0,0.0,2.57,0.1519
108,1050,0,7,202.5,11.78,2.676,0.1569
108,1050,0,8,208.0,31.86,2.952,0.1618
108,1050,0,9,224.0,49.12,2.952,0.1668
108,1050,0,10,244.0,60.77,2.777,0.1637
108,1050,0,11,299.5,64.25,2.619,0.1641
108,1050,0,12,328.0,51.38,2.534,0.1675
108,1050,0,13,311.0,32.4,2.488,0.1679
108,1050,0,14,324.0,21.64,2.469,0.1672
108,1050,0,15,315.0,11.09,2.606,0.1712
108,1050,0,16,288.0,1.09,3.465,0.1783
108,1050,0,17,298.0,0.0,4.307,0.1858
108,1050,0,18,280.0,0.0,3.933,0.1831
108,1050,0,19,260.0,0.0,3.411,0.1816
108,1050,0,20,256.5,0.0,3.083,0.175
108,1050,0,21,239.5,0.0,2.647,0.1714
108,1050,0,22,233.0,0.0,2.131,0.1544
108,1050,0,23,234.5,0.0,1.962,0.144
108,1051,1,0,240.0,0.0,1.589,0.1423
108,1051,1,1,233.0,0.0,1.478,0.1416
108,1051,1,2,232.0,0.0,1.355,0.143
108,1051,1,3,232.5,0.0,1.344,0.1468
108,1051,1,4,233.5,0.0,1.46,0.1491
108,1051,1,5,233.0,0.0,1.593,0.1533
108,1051,1,6,236.0,0.0,2.568,0.1705
108,1051,1,7,235.0,2.96,2.707,0.1764
108,1051,1,8,238.5,7.18,3.1,0.1808
108,1051,1,9,290.5,10.89,2.955,0.1824
108,1051,1,10,305.5,12.84,2.879,0.1828
108,1051,1,11,306.0,12.6,2.765,0.1839
108,1051,1,12,344.0,24.89,2.696,0.1834
108,1051,1,13,315.5,23.64,2.674,0.1824
108,1051,1,14,304.0,17.65,2.587,0.1824
108,1051,1,15,310.5,9.07,2.771,0.1845
108,1051,1,16,304.5,1.21,3.287,0.1825
108,1051,1,17,313.0,0.0,3.994,0.1914
108,1051,1,18,287.5,0.0,3.548,0.1849
108,1051,1,19,270.5,0.0,3.272,0.1856
108,1051,1,20,258.0,0.0,2.856,0.1801
108,1051,1,21,249.5,0.0,2.551,0.178
108,1051,1,22,241.0,0.0,2.112,0.1556
108,1051,1,23,242.5,0.0,2.0,0.1449
108,1052,2,0,250.26,0.0,1.604,0.1406
108,1052,2,1,261.51,0.0,1.441,0.1407
108,1052,2,2,261.51,0.0,1.287,0.1387
108,1052,2,3,261.51,0.0,1.25,0.1373
108,1052,2,4,261.51,0.0,1.348,0.1363
108,1052,2,5,261.51,0.0,1.515,0.1512
108,1052,2,6,261.51,0.0,2.382,0.1684
108,1052,2,7,261.51,9.34,2.731,0.1759
108,1052,2,8,261.51,28.06,2.757,0.1763
108,1052,2,9,261.51,44.65,2.643,0.1763
108,1052,2,10,261.51,56.06,2.643,0.1765
108,1052,2,11,261.51,58.67,2.506,0.1767
108,1052,2,12,261.51,52.61,2.39,0.1763
108,1052,2,13,261.51,43.22,2.404,0.1725
108,1052,2,14,261.51,28.58,2.238,0.1704
108,1052,2,15,261.51,12.74,2.482,0.1696
108,1052,2,16,261.51,1.11,3.272,0.1743
108,1052,2,17,261.51,0.0,3.8,0.1791
108,1052,2,18,261.51,0.0,3.275,0.18
108,1052,2,19,261.51,0.0,3.082,0.1778
108,1052,2,20,261.51,0.0,2.67,0.1719
108,1052,2,21,261.51,0.0,2.28,0.1701
108,1052,2,22,261.51,0.0,1.955,0.1572
108,1052,2,23,261.51,0.0,1.857,0.1406
108,1053,3,0,249.26,0.0,1.705,0.1331
108,1053,3,1,239.26,0.0,1.59,0.1337
108,1053,3,2,215.0,0.0,1.439,0.1328
108,1053,3,3,213.5,0.0,1.43,0.1328
108,1053,3,4,217.0,0.0,1.458,0.1327
108,1053,3,5,215.5,0.0,1.667,0.1452
108,1053,3,6,217.5,0.0,2.438,0.1721
108,1053,3,7,222.5,9.03,2.79,0.1755
108,1053,3,8,231.5,27.88,2.657,0.1732
108,1053,3,9,282.5,44.53,2.634,0.175
108,1053,3,10,290.0,56.11,2.634,0.1707
108,1053,3,11,329.0,60.64,2.482,0.1701
108,1053,3,12,315.0,59.01,2.336,0.1645
108,1053,3,13,315.5,50.09,2.278,0.1623
108,1053,3,14,317.0,35.3,2.184,0.1676
108,1053,3,15,306.5,16.72,2.303,0.1743
108,1053,3,16,312.5,1.53,3.134,0.1812
108,1053,3,17,327.5,0.0,3.802,0.188
108,1053,3,18,301.5,0.0,3.268,0.1908
108,1053,3,19,287.5,0.0,3.005,0.1874
108,1053,3,20,265.0,0.0,2.645,0.1796
108,1053,3,21,253.5,0.0,2.406,0.1718
108,1053,3,22,249.0,0.0,2.119,0.1539
108,1053,3,23,242.0,0.0,1.856,0.1506
108,1054,4,0,237.5,0.0,1.851,0.143
108,1054,4,1,233.5,0.0,1.676,0.1376
108,1054,4,2,226.5,0.0,1.533,0.1384
108,1054,4,3,231.0,0.0,1.537,0.1395
108,1054,4,4,238.0,0.0,1.644,0.1403
108,1054,4,5,239.5,0.0,1.799,0.1479
108,1054,4,6,237.0,0.0,2.601,0.1715
108,1054,4,7,243.0,8.59,2.767,0.1758
108,1054,4,8,248.5,27.45,2.779,0.1706
108,1054,4,9,275.0,44.12,2.726,0.1679
108,1054,4,10,291.0,55.56,2.555,0.1657
108,1054,4,11,322.5,60.89,2.41,0.1657
108,1054,4,12,317.5,58.81,2.322,0.1665
108,1054,4,13,327.0,50.16,2.297,0.17
108,1054,4,14,309.5,35.41,2.255,0.1677
108,1054,4,15,319.0,16.86,2.314,0.169
108,1054,4,16,303.5,1.53,3.303,0.1768
108,1054,4,17,297.0,0.0,4.052,0.1814
108,1054,4,18,295.0,0.0,3.247,0.1774
108,1054,4,19,260.5,0.0,3.084,0.1686
108,1054,4,20,245.0,0.0,2.434,0.1631
108,1054,4,21,242.5,0.0,2.277,0.1507
108,1054,4,22,240.5,0.0,2.003,0.1341
108,1054,4,23,239.5,0.0,1.772,0.1349
108,1055,5,0,163.74,0.0,1.715,0.1262
108,1055,5,1,236.0,0.0,1.471,0.1238
108,1055,5,2,237.5,0.0,1.444,0.124
108,1055,5,3,236.5,0.0,1.418,0.1217
108,1055,5,4,233.0,0.0,1.541,0.1239
108,1055,5,5,236.5,0.0,1.504,0.1228
108,1055,5,6,236.5,0.0,1.51,0.1232
108,1055,5,7,234.0,8.5,1.514,0.1283
108,1055,5,8,238.5,27.38,1.842,0.1368
108,1055,5,9,239.0,43.92,2.169,0.1382
108,1055,5,10,239.5,55.15,2.328,0.1355
108,1055,5,11,241.5,60.67,2.082,0.1355
108,1055,5,12,184.54,58.47,2.1,0.1301
108,1055,5,13,86.81,47.23,2.301,0.1276
108,1055,5,14,89.49,31.65,2.082,0.1304
108,1055,5,15,89.49,14.2,2.006,0.1293
108,1055,5,16,89.49,1.19,2.86,0.1362
108,1055,5,17,89.49,0.0,3.298,0.1428
108,1055,5,18,89.49,0.0,3.209,0.1421
108,1055,5,19,89.49,0.0,2.954,0.1458
108,1055,5,20,89.49,0.0,2.492,0.1424
108,1055,5,21,89.49,0.0,1.975,0.1409
108,1055,5,22,89.49,0.0,1.966,0.1306
108,1055,5,23,89.49,0.0,1.53,0.1247
108,1056,6,0,89.49,0.0,1.9,0.1193
108,1056,6,1,89.49,0.0,1.835,0.1204
108,1056,6,2,89.49,0.0,1.71,0.1184
108,1056,6,3,89.49,0.0,1.706,0.1201
108,1056,6,4,89.49,0.0,1.637,0.1193
108,1056,6,5,89.49,0.0,1.566,0.1246
108,1056,6,6,89.49,0.0,1.52,0.1255
108,1056,6,7,89.49,3.11,1.624,0.1276
108,1056,6,8,89.49,12.87,2.1,0.1301
108,1056,6,9,89.49,20.83,2.312,0.1376
108,1056,6,10,89.49,27.03,2.359,0.1385
108,1056,6,11,89.49,28.91,2.345,0.1416
108,1056,6,12,89.49,27.89,2.306,0.1382
108,1056,6,13,89.49,14.83,2.288,0.1396
108,1056,6,14,89.49,12.9,2.254,0.1438
108,1056,6,15,89.49,5.86,2.235,0.1473
108,1056,6,16,89.49,0.72,3.399,0.1543
108,1056,6,17,89.49,0.0,4.0,0.1632
108,1056,6,18,89.49,0.0,3.777,0.1651
108,1056,6,19,89.49,0.0,3.5,0.1609
108,1056,6,20,89.49,0.0,2.904,0.1584
108,1056,6,21,89.49,0.0,2.419,0.153
108,1056,6,22,89.49,0.0,2.5,0.1357
108,1056,6,23,89.49,0.0,2.122,0.1244
108,1057,0,0,89.49,0.0,2.398,0.1244
108,1057,0,1,89.49,0.0,2.136,0.1294
108,1057,0,2,89.49,0.0,1.978,0.1277
108,1057,0,3,89.49,0.0,1.866,0.1274
108,1057,0,4,89.49,0.0,1.954,0.1259
108,1057,0,5,89.49,0.0,2.388,0.1359
108,1057,0,6,89.49,0.0,3.428,0.1535
108,1057,0,7,89.49,4.55,3.434,0.1697
108,1057,0,8,89.49,14.1,3.692,0.1748
108,1057,0,9,89.49,19.89,3.723,0.1785
108,1057,0,10,89.49,22.41,3.593,0.1822
108,1057,0,11,89.49,24.59,3.472,0.1836
108,1057,0,12,89.49,26.53,3.304,0.1818
108,1057,0,13,89.49,28.05,3.203,0.1809
108,1057,0,14,89.49,20.45,3.173,0.1809
108,1057,0,15,89.49,10.59,3.33,0.1836
108,1057,0,16,89.49,1.15,4.3,0.1896
108,1057,0,17,89.49,0.0,5.304,0.193
108,1057,0,18,89.49,0.0,4.839,0.1927
108,1057,0,19,89.49,0.0,4.287,0.1884
108,1057,0,20,89.49,0.0,3.513,0.1844
108,1057,0,21,89.49,0.0,3.105,0.1743
108,1057,0,22,89.49,0.0,2.737,0.1516
108,1057,0,23,89.49,0.0,2.537,0.1448
108,1058,1,0,89.49,0.0,2.265,0.1429
108,1058,1,1,89.49,0.0,2.027,0.1417
108,1058,1,2,89.49,0.0,1.959,0.1433
108,1058,1,3,89.49,0.0,1.762,0.1402
108,1058,1,4,89.49,0.0,1.911,0.1413
108,1058,1,5,89.49,0.0,2.302,0.1517
108,1058,1,6,89.49,0.0,3.151,0.1675
108,1058,1,7,89.49,4.61,3.199,0.177
108,1058,1,8,89.49,16.55,3.472,0.1824
108,1058,1,9,89.49,28.92,3.525,0.1852
108,1058,1,10,89.49,37.23,3.454,0.1801
108,1058,1,11,89.49,39.52,3.317,0.1781
108,1058,1,12,89.49,43.6,3.024,0.1784
108,1058,1,13,89.49,37.13,2.96,0.1755
108,1058,1,14,89.49,26.28,2.883,0.1751
108,1058,1,15,89.49,12.46,2.94,0.1785
108,1058,1,16,89.49,1.18,3.688,0.1909
108,1058,1,17,89.49,0.0,4.825,0.1983
108,1058,1,18,89.49,0.0,4.467,0.1979
108,1058,1,19,89.49,0.0,3.903,0.1998
108,1058,1,20,89.49,0.0,3.439,0.197
108,1058,1,21,89.49,0.0,3.116,0.193
108,1058,1,22,89.49,0.0,2.727,0.1687
108,1058,1,23,89.49,0.0,2.598,0.1654
108,1059,2,0,89.49,0.0,2.766,0.1541
108,1059,2,1,89.49,0.0,2.511,0.1488
108,1059,2,2,89.49,0.0,2.392,0.1463
108,1059,2,3,89.49,0.0,2.354,0.1448
108,1059,2,4,89.49,0.0,2.475,0.1462
108,1059,2,5,89.49,0.0,2.82,0.1682
108,1059,2,6,89.49,0.0,3.557,0.1991
108,1059,2,7,89.49,7.74,3.674,0.2008
108,1059,2,8,89.49,27.44,3.706,0.2017
108,1059,2,9,89.49,45.14,3.566,0.2012
108,1059,2,10,89.49,57.29,3.33,0.1989
108,1059,2,11,89.49,62.32,3.071,0.1985
108,1059,2,12,89.49,58.79,2.888,0.1963
108,1059,2,13,89.49,47.54,2.829,0.1998
108,1059,2,14,89.49,31.89,2.769,0.2013
108,1059,2,15,89.49,14.23,2.858,0.1982
108,1059,2,16,89.49,1.03,3.938,0.1999
108,1059,2,17,89.49,0.0,4.553,0.2056
108,1059,2,18,89.49,0.0,4.028,0.2011
108,1059,2,19,89.49,0.0,3.926,0.1945
108,1059,2,20,89.49,0.0,3.345,0.1936
108,1059,2,21,89.49,0.0,3.006,0.1902
108,1059,2,22,89.49,0.0,2.747,0.1775
108,1059,2,23,89.49,0.0,2.651,0.1696
108,1060,3,0,158.41,0.0,2.571,0.1604
108,1060,3,1,87.65,0.0,2.374,0.1565
108,1060,3,2,84.31,0.0,2.218,0.1511
108,1060,3,3,81.81,0.0,2.225,0.1531
108,1060,3,4,83.81,0.0,2.186,0.1511
108,1060,3,5,81.81,0.0,2.208,0.1597
108,1060,3,6,82.31,0.0,2.706,0.1591
108,1060,3,7,85.31,2.87,2.557,0.1564
108,1060,3,8,91.31,9.7,2.85,0.1651
108,1060,3,9,96.31,15.83,3.01,0.1699
108,1060,3,10,106.81,20.56,2.964,0.1823
108,1060,3,11,108.31,21.55,2.961,0.1836
108,1060,3,12,299.0,17.48,2.743,0.1837
108,1060,3,13,305.0,16.05,2.587,0.1833
108,1060,3,14,298.0,11.52,2.405,0.1779
108,1060,3,15,321.0,4.77,2.462,0.1775
108,1060,3,16,305.0,0.52,2.848,0.1817
108,1060,3,17,307.0,0.0,3.422,0.1798
108,1060,3,18,304.0,0.0,3.172,0.1791
108,1060,3,19,273.0,0.0,3.099,0.1744
108,1060,3,20,248.0,0.0,2.754,0.1752
108,1060,3,21,237.0,0.0,2.559,0.1733
108,1060,3,22,232.0,0.0,2.298,0.162
108,1060,3,23,227.5,0.0,2.21,0.1639
108,1061,4,0,221.17,0.0,2.333,0.1589
108,1061,4,1,228.17,0.0,2.258,0.1595
108,1061,4,2,230.5,0.0,2.115,0.1607
108,1061,4,3,219.0,0.0,2.062,0.1572
108,1061,4,4,221.0,0.0,1.994,0.1607
108,1061,4,5,219.5,0.0,1.998,0.1703
108,1061,4,6,224.5,0.0,2.471,0.1772
108,1061,4,7,231.0,2.53,2.407,0.1679
108,1061,4,8,240.0,13.97,2.567,0.1773
108,1061,4,9,265.0,28.01,2.715,0.1797
108,1061,4,10,298.0,28.78,2.725,0.1806
108,1061,4,11,295.0,35.88,2.772,0.1747
108,1061,4,12,315.5,25.81,2.643,0.1708
108,1061,4,13,318.5,17.06,2.603,0.1744
108,1061,4,14,334.0,11.42,2.529,0.1746
108,1061,4,15,323.0,4.75,2.603,0.1793
108,1061,4,16,314.0,0.47,3.082,0.1911
108,1061,4,17,296.0,0.0,3.655,0.1965
108,1061,4,18,270.5,0.0,3.445,0.1943
108,1061,4,19,249.5,0.0,3.22,0.1934
108,1061,4,20,237.5,0.0,2.956,0.1876
108,1061,4,21,229.5,0.0,2.646,0.1862
108,1061,4,22,227.5,0.0,2.493,0.1702
108,1061,4,23,223.5,0.0,2.26,0.1615
108,1062,5,0,214.5,0.0,2.587,0.1539
108,1062,5,1,212.0,0.0,2.236,0.151
108,1062,5,2,216.0,0.0,2.065,0.1491
108,1062,5,3,212.5,0.0,2.067,0.1446
108,1062,5,4,215.0,0.0,2.078,0.1436
108,1062,5,5,213.5,0.0,2.075,0.1493
108,1062,5,6,210.5,0.0,2.501,0.1568
108,1062,5,7,214.0,2.79,2.456,0.1565
108,1062,5,8,211.5,11.79,2.744,0.1613
108,1062,5,9,214.0,21.13,2.928,0.1709
108,1062,5,10,213.5,28.73,2.965,0.1767
108,1062,5,11,223.5,30.37,2.866,0.1779
108,1062,5,12,226.5,28.96,2.749,0.1773
108,1062,5,13,229.0,24.4,2.578,0.1761
108,1062,5,14,242.0,18.03,2.574,0.1734
108,1062,5,15,235.5,9.2,2.627,0.1757
108,1062,5,16,231.0,0.83,3.224,0.1871
108,1062,5,17,230.0,0.0,3.92,0.2002
108,1062,5,18,226.5,0.0,3.688,0.1982
108,1062,5,19,224.0,0.0,3.467,0.1953
108,1062,5,20,214.5,0.0,3.053,0.187
108,1062,5,21,211.0,0.0,2.826,0.1818
108,1062,5,22,211.5,0.0,2.714,0.1697
108,1062,5,23,205.5,0.0,2.483,0.1752
108,1063,6,0,213.33,0.0,2.835,0.1702
108,1063,6,1,205.5,0.0,2.557,0.1622
108,1063,6,2,201.5,0.0,2.344,0.164
108,1063,6,3,203.0,0.0,2.359,0.1569
108,1063,6,4,205.0,0.0,2.397,0.1544
108,1063,6,5,206.0,0.0,2.416,0.1556
108,1063,6,6,204.0,0.0,2.773,0.1664
108,1063,6,7,205.5,4.73,2.224,0.1657
108,1063,6,8,206.0,20.88,2.609,0.1681
108,1063,6,9,210.0,36.09,2.809,0.1743
108,1063,6,10,219.5,46.45,2.838,0.175
108,1063,6,11,237.0,53.17,2.857,0.1736
108,1063,6,12,239.5,47.92,2.795,0.1742
108,1063,6,13,239.0,37.35,2.751,0.1745
108,1063,6,14,238.5,24.74,2.764,0.1727
108,1063,6,15,235.0,10.83,2.81,0.179
108,1063,6,16,234.0,0.71,3.69,0.1952
108,1063,6,17,232.5,0.0,4.511,0.2137
108,1063,6,18,233.0,0.0,4.057,0.2076
108,1063,6,19,236.0,0.0,3.987,0.2058
108,1063,6,20,226.5,0.0,3.524,0.2052
108,1063,6,21,218.0,0.0,3.245,0.1981
108,1063,6,22,224.0,0.0,2.918,0.1823
108,1063,6,23,217.5,0.0,2.81,0.1792
108,1064,0,0,238.33,0.0,2.916,0.1838
108,1064,0,1,229.33,0.0,2.775,0.1775
108,1064,0,2,228.5,0.0,2.759,0.1722
108,1064,0,3,232.5,0.0,2.764,0.1745
108,1064,0,4,234.0,0.0,2.914,0.1794
108,1064,0,5,230.0,0.0,3.061,0.192
108,1064,0,6,232.0,0.0,3.733,0.212
108,1064,0,7,225.0,5.09,3.807,0.2139
108,1064,0,8,229.5,22.72,4.011,0.2107
108,1064,0,9,261.5,39.2,4.051,0.2062
108,1064,0,10,282.5,50.71,3.697,0.2053
108,1064,0,11,335.5,56.01,3.497,0.201
108,1064,0,12,319.5,53.74,3.396,0.1956
108,1064,0,13,326.5,43.38,3.241,0.1976
108,1064,0,14,339.0,28.5,3.109,0.2007
108,1064,0,15,328.0,12.28,3.215,0.2007
108,1064,0,16,329.5,0.8,4.117,0.2077
108,1064,0,17,306.5,0.0,4.88,0.2206
108,1064,0,18,288.5,0.0,4.465,0.218
108,1064,0,19,276.0,0.0,4.259,0.2081
108,1064,0,20,258.0,0.0,3.575,0.2033
108,1064,0,21,250.0,0.0,3.225,0.198
108,1064,0,22,244.5,0.0,2.999,0.1748
108,1064,0,23,243.5,0.0,2.796,0.1671
108,1065,1,0,252.5,0.0,2.77,0.1653
108,1065,1,1,243.5,0.0,2.628,0.1619
108,1065,1,2,241.5,0.0,2.414,0.1633
108,1065,1,3,241.0,0.0,2.47,0.1615
108,1065,1,4,237.0,0.0,2.505,0.158
108,1065,1,5,237.5,0.0,2.778,0.1664
108,1065,1,6,239.0,0.0,3.071,0.1765
108,1065,1,7,241.0,0.91,3.107,0.1917
108,1065,1,8,234.5,3.26,3.373,0.1984
108,1065,1,9,292.0,4.85,3.422,0.2029
108,1065,1,10,305.5,5.64,3.134,0.2093
108,1065,1,11,328.0,5.09,3.221,0.2081
108,1065,1,12,349.5,5.03,3.022,0.2109
108,1065,1,13,330.5,13.99,3.022,0.2205
108,1065,1,14,355.0,9.49,3.022,0.2192
108,1065,1,15,353.0,3.88,3.093,0.227
108,1065,1,16,328.0,0.35,4.227,0.2304
108,1065,1,17,327.0,0.0,4.748,0.2277
108,1065,1,18,313.5,0.0,4.056,0.2295
108,1065,1,19,291.5,0.0,3.7,0.2297
108,1065,1,20,280.5,0.0,3.263,0.223
108,1065,1,21,270.5,0.0,3.013,0.2085
108,1065,1,22,257.0,0.0,2.81,0.1862
108,1065,1,23,252.5,0.0,2.568,0.1774
108,1066,2,0,253.5,0.0,2.383,0.173
108,1066,2,1,249.5,0.0,2.206,0.1773
108,1066,2,2,246.5,0.0,2.09,0.1755
108,1066,2,3,252.5,0.0,2.11,0.1759
108,1066,2,4,248.0,0.0,2.173,0.1768
108,1066,2,5,252.5,0.0,2.304,0.1821
108,1066,2,6,249.5,0.0,2.847,0.1871
108,1066,2,7,251.0,1.47,3.057,0.1956
108,1066,2,8,252.5,5.82,3.247,0.1991
108,1066,2,9,292.0,9.3,3.366,0.1974
108,1066,2,10,306.0,9.88,3.359,0.1954
108,1066,2,11,336.5,9.41,3.313,0.1928
108,1066,2,12,332.5,7.11,3.228,0.195
108,1066,2,13,346.5,4.49,3.158,0.1967
108,1066,2,14,340.5,3.71,3.079,0.1992
108,1066,2,15,372.5,2.0,3.305,0.195
108,1066,2,16,345.0,0.24,3.851,0.2052
108,1066,2,17,316.5,0.0,4.171,0.208
108,1066,2,18,300.0,0.0,3.835,0.2095
108,1066,2,19,275.5,0.0,3.569,0.2069
108,1066,2,20,264.5,0.0,3.259,0.1957
108,1066,2,21,258.5,0.0,2.849,0.1795
108,1066,2,22,256.5,0.0,2.463,0.1643
108,1066,2,23,254.0,0.0,2.363,0.1617
108,1067,3,0,236.5,0.0,2.1,0.1572
108,1067,3,1,250.0,0.0,1.927,0.1607
108,1067,3,2,246.5,0.0,1.808,0.1624
108,1067,3,3,254.5,0.0,1.817,0.1638
108,1067,3,4,248.0,0.0,1.954,0.1553
108,1067,3,5,251.0,0.0,2.094,0.16
108,1067,3,6,248.5,0.0,2.831,0.1737
108,1067,3,7,250.5,4.29,2.851,0.1761
108,1067,3,8,249.0,21.01,2.916,0.1788
108,1067,3,9,290.5,36.29,3.071,0.1826
108,1067,3,10,309.5,47.56,3.084,0.1769
108,1067,3,11,322.5,51.7,3.124,0.1785
108,1067,3,12,324.5,32.21,3.085,0.1766
108,1067,3,13,319.5,26.63,3.002,0.1766
108,1067,3,14,335.5,18.04,3.014,0.1831
108,1067,3,15,354.0,7.69,3.011,0.1872
108,1067,3,16,370.5,0.47,3.68,0.1916
108,1067,3,17,316.0,0.0,4.173,0.2016
108,1067,3,18,298.0,0.0,3.925,0.1998
108,1067,3,19,280.0,0.0,3.598,0.1982
108,1067,3,20,259.0,0.0,3.267,0.1938
108,1067,3,21,250.0,0.0,2.882,0.1852
108,1067,3,22,238.5,0.0,2.504,0.1646
108,1067,3,23,232.5,0.0,2.447,0.1648
108,1068,4,0,236.5,0.0,2.19,0.155
108,1068,4,1,232.0,0.0,2.021,0.1518
108,1068,4,2,228.5,0.0,1.886,0.1505
108,1068,4,3,231.5,0.0,1.867,0.1533
108,1068,4,4,226.5,0.0,1.934,0.1537
108,1068,4,5,222.5,0.0,2.268,0.1606
108,1068,4,6,218.5,0.0,3.049,0.1857
108,1068,4,7,223.5,4.03,3.185,0.1846
108,1068,4,8,225.5,20.13,3.385,0.1829
108,1068,4,9,269.0,35.58,3.385,0.1815
108,1068,4,10,276.5,47.89,3.342,0.1798
108,1068,4,11,281.5,53.0,3.208,0.1764
108,1068,4,12,338.0,45.41,2.974,0.1821
108,1068,4,13,322.0,35.69,2.967,0.1855
108,1068,4,14,302.0,22.67,3.008,0.1889
108,1068,4,15,339.0,9.12,3.071,0.1929
108,1068,4,16,327.5,0.53,3.8,0.1933
108,1068,4,17,297.0,0.0,4.364,0.2018
108,1068,4,18,274.5,0.0,4.161,0.2004
108,1068,4,19,271.5,0.0,3.768,0.1986
108,1068,4,20,239.0,0.0,3.458,0.1941
108,1068,4,21,229.0,0.0,3.104,0.1822
108,1068,4,22,222.5,0.0,2.762,0.172
108,1068,4,23,201.5,0.0,2.613,0.166
108,1069,5,0,244.5,0.0,3.049,0.1528
108,1069,5,1,229.5,0.0,2.681,0.1462
108,1069,5,2,224.5,0.0,2.627,0.1439
108,1069,5,3,230.0,0.0,2.583,0.1426
108,1069,5,4,229.0,0.0,2.566,0.1435
108,1069,5,5,232.0,0.0,2.607,0.1503
108,1069,5,6,238.0,0.0,3.008,0.1598
108,1069,5,7,236.0,3.28,3.052,0.1556
108,1069,5,8,241.0,18.47,3.226,0.1735
108,1069,5,9,246.5,33.54,3.517,0.1793
108,1069,5,10,248.5,43.75,3.355,0.1771
108,1069,5,11,240.5,43.61,3.341,0.1789
108,1069,5,12,246.5,38.3,3.119,0.1808
108,1069,5,13,261.5,32.35,3.071,0.1841
108,1069,5,14,270.0,22.93,3.038,0.1806
108,1069,5,15,269.0,10.5,3.088,0.1883
108,1069,5,16,259.0,0.63,4.05,0.1869
108,1069,5,17,256.5,0.0,4.884,0.1939
108,1069,5,18,253.5,0.0,4.604,0.1967
108,1069,5,19,254.0,0.0,4.349,0.1881
108,1069,5,20,250.0,0.0,3.828,0.1889
108,1069,5,21,246.5,0.0,3.515,0.192
108,1069,5,22,244.5,0.0,3.125,0.1813
108,1069,5,23,243.0,0.0,2.898,0.1789
108,1070,6,0,244.17,0.0,3.186,0.1535
108,1070,6,1,241.0,0.0,2.96,0.1543
108,1070,6,2,240.5,0.0,2.873,0.1534
108,1070,6,3,245.0,0.0,2.798,0.1549
108,1070,6,4,240.5,0.0,2.799,0.1548
108,1070,6,5,240.5,0.0,2.837,0.158
108,1070,6,6,241.5,0.0,3.212,0.1577
108,1070,6,7,242.5,3.89,3.191,0.1532
108,1070,6,8,245.5,19.99,3.416,0.1649
108,1070,6,9,252.0,35.76,3.597,0.1742
108,1070,6,10,250.0,47.02,3.377,0.1823
108,1070,6,11,253.0,52.5,3.31,0.1795
108,1070,6,12,251.0,50.17,3.331,0.1798
108,1070,6,13,258.5,41.07,3.213,0.18
108,1070,6,14,253.0,27.23,3.187,0.1814
108,1070,6,15,256.5,11.53,3.249,0.1876
108,1070,6,16,259.0,0.66,4.384,0.1958
108,1070,6,17,255.0,0.0,5.237,0.21
108,1070,6,18,256.0,0.0,5.118,0.2116
108,1070,6,19,259.0,0.0,4.893,0.2037
108,1070,6,20,255.0,0.0,4.573,0.2063
108,1070,6,21,253.0,0.0,3.903,0.192
108,1070,6,22,251.5,0.0,3.427,0.1709
108,1070,6,23,247.0,0.0,3.098,0.1677
108,1071,0,0,236.83,0.0,3.505,0.1635
108,1071,0,1,247.67,0.0,3.328,0.1602
108,1071,0,2,246.0,0.0,3.157,0.1546
108,1071,0,3,246.0,0.0,3.125,0.1544
108,1071,0,4,245.5,0.0,3.121,0.1564
108,1071,0,5,246.0,0.0,3.48,0.1647
108,1071,0,6,244.5,0.0,4.351,0.1816
108,1071,0,7,250.0,1.85,4.636,0.1811
108,1071,0,8,260.5,9.75,4.638,0.1838
108,1071,0,9,288.5,17.17,4.729,0.1872
108,1071,0,10,307.0,21.85,4.552,0.1869
108,1071,0,11,330.5,34.19,4.485,0.1887
108,1071,0,12,322.0,44.16,4.306,0.1846
108,1071,0,13,365.0,37.29,4.264,0.1827
108,1071,0,14,334.5,26.11,4.213,0.1789
108,1071,0,15,334.0,11.4,4.313,0.1835
108,1071,0,16,342.5,0.76,5.245,0.1977
108,1071,0,17,309.0,0.0,5.955,0.2011
108,1071,0,18,278.5,0.0,6.002,0.1996
108,1071,0,19,264.5,0.0,5.54,0.1968
108,1071,0,20,244.5,0.0,4.853,0.1995
108,1071,0,21,236.5,0.0,4.464,0.19
108,1071,0,22,234.5,0.0,4.008,0.174
108,1071,0,23,237.5,0.0,3.688,0.168
108,1072,1,0,237.83,0.0,3.372,0.1719
108,1072,1,1,230.67,0.0,3.115,0.1689
108,1072,1,2,231.5,0.0,3.352,0.1712
108,1072,1,3,231.5,0.0,3.378,0.1703
108,1072,1,4,232.0,0.0,3.348,0.1742
108,1072,1,5,231.0,0.0,3.472,0.1894
108,1072,1,6,234.0,0.0,4.156,0.2002
108,1072,1,7,234.5,2.74,4.367,0.1968
108,1072,1,8,236.5,13.01,4.469,0.1905
108,1072,1,9,296.0,23.05,4.629,0.1961
108,1072,1,10,304.0,29.67,4.617,0.1943
108,1072,1,11,303.5,31.81,4.491,0.1947
108,1072,1,12,326.0,26.69,4.325,0.1954
108,1072,1,13,344.5,7.38,4.357,0.195
108,1072,1,14,343.5,8.35,4.331,0.1973
108,1072,1,15,330.0,3.94,4.339,0.2031
108,1072,1,16,334.0,0.35,5.492,0.2138
108,1072,1,17,325.0,0.0,6.327,0.2174
108,1072,1,18,281.0,0.0,5.877,0.2159
108,1072,1,19,273.0,0.0,5.381,0.2175
108,1072,1,20,256.0,0.0,4.735,0.2193
108,1072,1,21,245.5,0.0,4.023,0.2144
108,1072,1,22,241.0,0.0,3.648,0.203
108,1072,1,23,240.5,0.0,3.364,0.1984
108,1073,2,0,241.17,0.0,3.197,0.1685
108,1073,2,1,242.67,0.0,3.054,0.1651
108,1073,2,2,242.5,0.0,3.078,0.1646
108,1073,2,3,240.0,0.0,3.091,0.1672
108,1073,2,4,240.0,0.0,3.105,0.1719
108,1073,2,5,240.0,0.0,3.17,0.1749
108,1073,2,6,236.0,0.0,3.971,0.1865
108,1073,2,7,238.5,1.83,4.66,0.1822
108,1073,2,8,244.0,9.2,4.459,0.1875
108,1073,2,9,293.0,13.99,4.487,0.2021
108,1073,2,10,295.5,18.74,4.312,0.1931
108,1073,2,11,308.0,20.98,4.194,0.1789
108,1073,2,12,333.0,20.89,3.973,0.181
108,1073,2,13,307.0,23.12,3.874,0.1809
108,1073,2,14,314.0,15.84,3.842,0.179
108,1073,2,15,320.0,7.07,3.91,0.1824
108,1073,2,16,308.5,0.61,5.071,0.1948
108,1073,2,17,314.5,0.0,6.055,0.2115
108,1073,2,18,295.5,0.0,5.431,0.2177
108,1073,2,19,266.0,0.0,5.075,0.2134
108,1073,2,20,254.5,0.0,4.419,0.2027
108,1073,2,21,246.5,0.0,3.876,0.1857
108,1073,2,22,238.0,0.0,3.395,0.1686
108,1073,2,23,244.5,0.0,3.279,0.1524
108,1074,3,0,238.5,0.0,3.031,0.1512
108,1074,3,1,237.0,0.0,2.948,0.1449
108,1074,3,2,243.0,0.0,2.715,0.146
108,1074,3,3,237.5,0.0,2.855,0.1494
108,1074,3,4,237.5,0.0,3.003,0.1513
108,1074,3,5,235.0,0.0,3.169,0.1583
108,1074,3,6,235.5,0.0,4.242,0.1982
108,1074,3,7,236.5,1.28,4.629,0.2066
108,1074,3,8,244.5,7.19,4.547,0.1987
108,1074,3,9,277.5,13.13,4.455,0.1963
108,1074,3,10,309.0,17.52,4.289,0.1974
108,1074,3,11,302.0,21.91,4.13,0.2031
108,1074,3,12,316.5,25.67,3.93,0.2057
108,1074,3,13,306.0,24.94,3.825,0.2113
108,1074,3,14,317.5,19.07,3.767,0.2154
108,1074,3,15,330.0,9.37,3.919,0.2112
108,1074,3,16,353.5,0.72,5.029,0.2099
108,1074,3,17,304.5,0.0,6.245,0.2093
108,1074,3,18,287.0,0.0,5.744,0.211
108,1074,3,19,270.0,0.0,5.162,0.2111
108,1074,3,20,254.5,0.0,4.555,0.2087
108,1074,3,21,240.5,0.0,4.128,0.2025
108,1074,3,22,238.5,0.0,3.758,0.2003
108,1074,3,23,236.0,0.0,3.516,0.1925
108,1075,4,0,228.5,0.0,3.709,0.1837
108,1075,4,1,236.0,0.0,3.485,0.178
108,1075,4,2,235.5,0.0,3.61,0.1756
108,1075,4,3,234.5,0.0,3.485,0.174
108,1075,4,4,233.5,0.0,3.437,0.1822
108,1075,4,5,232.0,0.0,3.662,0.1899
108,1075,4,6,231.0,0.0,4.925,0.2009
108,1075,4,7,235.5,3.12,5.182,0.1978
108,1075,4,8,241.5,19.44,5.171,0.2113
108,1075,4,9,285.5,35.85,5.016,0.2052
108,1075,4,10,335.0,48.45,4.912,0.2028
108,1075,4,11,305.0,43.72,4.829,0.2025
108,1075,4,12,305.0,32.42,4.722,0.2054
108,1075,4,13,326.0,26.88,4.674,0.1984
108,1075,4,14,315.5,20.43,4.627,0.1943
108,1075,4,15,299.5,10.06,4.69,0.1983
108,1075,4,16,305.0,0.77,5.898,0.2083
108,1075,4,17,314.5,0.0,6.957,0.2145
108,1075,4,18,264.0,0.0,6.402,0.2142
108,1075,4,19,247.5,0.0,5.965,0.2146
108,1075,4,20,231.0,0.0,5.487,0.2088
108,1075,4,21,221.5,0.0,4.662,0.2059
108,1075,4,22,220.5,0.0,4.507,0.2003
108,1075,4,23,221.0,0.0,4.334,0.1925
108,1076,5,0,209.5,0.0,5.165,0.1789
108,1076,5,1,219.0,0.0,4.817,0.1773
108,1076,5,2,221.5,0.0,4.578,0.1721
108,1076,5,3,221.0,0.0,4.479,0.1731
108,1076,5,4,221.5,0.0,4.346,0.1724
108,1076,5,5,220.5,0.0,4.425,0.1776
108,1076,5,6,222.0,0.0,4.887,0.1806
108,1076,5,7,226.5,2.43,5.333,0.1855
108,1076,5,8,222.5,14.85,5.476,0.1936
108,1076,5,9,223.5,27.23,5.656,0.199
108,1076,5,10,220.0,35.9,5.858,0.2042
108,1076,5,11,221.5,37.04,5.716,0.2027
108,1076,5,12,227.0,32.36,5.499,0.2011
108,1076,5,13,237.5,28.56,5.307,0.2053
108,1076,5,14,235.5,21.3,4.823,0.2094
108,1076,5,15,233.0,9.72,4.897,0.211
108,1076,5,16,231.5,0.67,5.985,0.2196
108,1076,5,17,223.0,0.0,6.988,0.2217
108,1076,5,18,223.0,0.0,6.477,0.2213
108,1076,5,19,220.5,0.0,6.433,0.2246
108,1076,5,20,218.0,0.0,5.996,0.2274
108,1076,5,21,216.0,0.0,5.914,0.2192
108,1076,5,22,207.0,0.0,5.292,0.2122
108,1076,5,23,204.5,0.0,4.824,0.206
108,1077,6,0,197.0,0.0,4.569,0.2011
108,1077,6,1,197.5,0.0,4.327,0.1975
108,1077,6,2,199.0,0.0,4.158,0.1957
108,1077,6,3,198.0,0.0,4.206,0.1931
108,1077,6,4,197.5,0.0,4.239,0.1962
108,1077,6,5,199.5,0.0,4.239,0.2011
108,1077,6,6,200.0,0.0,4.163,0.1994
108,1077,6,7,198.5,1.49,4.26,0.1963
108,1077,6,8,198.5,8.67,4.309,0.2009
108,1077,6,9,201.0,18.07,4.938,0.2031
108,1077,6,10,200.5,24.93,4.891,0.2059
108,1077,6,11,206.5,29.38,4.931,0.206
108,1077,6,12,207.0,23.87,4.562,0.204
108,1077,6,13,213.0,15.02,4.389,0.2029
108,1077,6,14,226.5,10.81,4.329,0.2051
108,1077,6,15,220.5,4.12,4.473,0.2092
108,1077,6,16,217.0,0.36,5.435,0.2134
108,1077,6,17,208.0,0.0,6.566,0.218
108,1077,6,18,204.5,0.0,6.234,0.219
108,1077,6,19,205.0,0.0,6.005,0.2139
108,1077,6,20,199.0,0.0,5.702,0.211
108,1077,6,21,200.5,0.0,5.483,0.2066
108,1077,6,22,197.5,0.0,4.822,0.2038
108,1077,6,23,195.5,0.0,4.33,0.1974
108,1078,0,0,211.67,0.0,3.614,0.1928
108,1078,0,1,201.0,0.0,3.481,0.1936
108,1078,0,2,196.0,0.0,3.281,0.1903
108,1078,0,3,201.0,0.0,3.239,0.1895
108,1078,0,4,198.0,0.0,3.333,0.1907
108,1078,0,5,198.0,0.0,3.802,0.1936
108,1078,0,6,199.0,0.0,4.853,0.2002
108,1078,0,7,199.0,1.07,4.838,0.2005
108,1078,0,8,204.5,5.97,5.197,0.2018
108,1078,0,9,245.0,6.02,5.173,0.2099
108,1078,0,10,269.0,7.86,5.012,0.2109
108,1078,0,11,268.0,17.74,4.972,0.2108
108,1078,0,12,290.5,13.24,4.763,0.208
108,1078,0,13,295.0,15.58,4.628,0.2078
108,1078,0,14,293.0,15.02,4.599,0.2028
108,1078,0,15,302.0,8.78,4.688,0.2016
108,1078,0,16,317.5,0.82,5.504,0.2104
108,1078,0,17,308.0,0.0,6.068,0.2129
108,1078,0,18,277.5,0.0,6.105,0.2146
108,1078,0,19,256.5,0.0,5.779,0.211
108,1078,0,20,242.0,0.0,5.127,0.2119
108,1078,0,21,236.5,0.0,5.043,0.2028
108,1078,0,22,232.0,0.0,4.244,0.1919
108,1078,0,23,229.5,0.0,4.169,0.187
108,1079,1,0,232.33,0.0,3.972,0.1749
108,1079,1,1,228.67,0.0,3.787,0.1711
108,1079,1,2,225.5,0.0,3.515,0.171
108,1079,1,3,225.5,0.0,3.567,0.1736
108,1079,1,4,224.0,0.0,3.496,0.1733
108,1079,1,5,223.0,0.0,3.984,0.1793
108,1079,1,6,225.0,0.0,4.767,0.1902
108,1079,1,7,225.5,1.85,5.177,0.2005
108,1079,1,8,230.5,12.89,5.082,0.2007
108,1079,1,9,265.0,25.78,5.018,0.1943
108,1079,1,10,266.5,34.45,5.051,0.1902
108,1079,1,11,278.0,38.86,5.005,0.1906
108,1079,1,12,295.5,39.62,4.692,0.1907
108,1079,1,13,326.0,35.45,4.567,0.1917
108,1079,1,14,293.0,23.25,4.524,0.192
108,1079,1,15,310.0,10.27,4.604,0.192
108,1079,1,16,315.5,0.67,5.687,0.2049
108,1079,1,17,308.5,0.0,6.85,0.2119
108,1079,1,18,284.5,0.0,6.184,0.2111
108,1079,1,19,267.0,0.0,5.756,0.2052
108,1079,1,20,254.5,0.0,5.339,0.204
108,1079,1,21,249.5,0.0,5.215,0.1946
108,1079,1,22,233.0,0.0,4.389,0.1813
108,1079,1,23,237.0,0.0,4.076,0.1762
108,1080,2,0,234.5,0.0,4.068,0.1758
108,1080,2,1,233.67,0.0,4.0,0.1731
108,1080,2,2,230.5,0.0,3.648,0.1696
108,1080,2,3,227.5,0.0,3.641,0.1685
108,1080,2,4,230.0,0.0,3.783,0.1713
108,1080,2,5,229.0,0.0,4.056,0.1747
108,1080,2,6,227.0,0.0,4.904,0.1874
108,1080,2,7,232.0,2.33,5.561,0.1975
108,1080,2,8,232.0,18.13,5.594,0.2027
108,1080,2,9,282.5,35.55,5.471,0.1994
108,1080,2,10,281.5,48.66,5.448,0.196
108,1080,2,11,296.0,52.42,5.329,0.191
108,1080,2,12,295.0,50.72,4.98,0.1836
108,1080,2,13,332.0,43.24,4.943,0.1854
108,1080,2,14,341.5,29.27,4.908,0.1849
108,1080,2,15,360.0,12.41,4.898,0.1882
108,1080,2,16,358.0,0.67,5.806,0.1988
108,1080,2,17,337.5,0.0,7.232,0.2052
108,1080,2,18,290.0,0.0,6.635,0.2099
108,1080,2,19,280.0,0.0,6.173,0.2082
108,1080,2,20,252.0,0.0,5.44,0.2006
108,1080,2,21,241.0,0.0,5.139,0.1984
108,1080,2,22,236.5,0.0,4.597,0.1834
108,1080,2,23,234.0,0.0,4.143,0.1717
108,1081,3,0,221.83,0.0,5.408,0.1623
108,1081,3,1,228.83,0.0,5.054,0.159
108,1081,3,2,222.5,0.0,4.869,0.1574
108,1081,3,3,218.5,0.0,4.878,0.1593
108,1081,3,4,216.0,0.0,4.863,0.1587
108,1081,3,5,210.5,0.0,5.493,0.1672
108,1081,3,6,214.0,0.0,6.575,0.1829
108,1081,3,7,214.5,2.38,7.7,0.1947
108,1081,3,8,218.5,14.3,7.185,0.1996
108,1081,3,9,252.5,25.55,7.275,0.2013
108,1081,3,10,262.0,33.01,8.792,0.2042
108,1081,3,11,284.5,35.48,8.706,0.2081
108,1081,3,12,292.0,38.49,8.547,0.2055
108,1081,3,13,286.0,34.77,8.553,0.2108
108,1081,3,14,271.5,25.74,8.498,0.2088
108,1081,3,15,283.5,12.84,8.732,0.1994
108,1081,3,16,294.0,1.09,10.292,0.2055
108,1081,3,17,275.0,0.0,12.407,0.2141
108,1081,3,18,264.5,0.0,12.1,0.2153
108,1081,3,19,250.0,0.0,12.104,0.2158
108,1081,3,20,235.5,0.0,11.227,0.2229
108,1081,3,21,216.5,0.0,10.914,0.2214
108,1081,3,22,211.5,0.0,8.645,0.2152
108,1081,3,23,210.5,0.0,8.008,0.2005
108,1082,4,0,212.5,0.0,9.444,0.1675
108,1082,4,1,214.5,0.0,8.132,0.1582
108,1082,4,2,209.0,0.0,7.881,0.158
108,1082,4,3,213.0,0.0,7.858,0.1631
108,1082,4,4,207.5,0.0,7.972,0.1689
108,1082,4,5,206.0,0.0,9.478,0.192
108,1082,4,6,208.5,0.0,11.661,0.2129
108,1082,4,7,209.5,2.31,12.5,0.2185
108,1082,4,8,221.5,14.51,12.578,0.2224
108,1082,4,9,264.5,26.99,13.038,0.2248
108,1082,4,10,245.5,35.4,12.5,0.229
108,1082,4,11,280.0,42.16,11.653,0.2283
108,1082,4,12,262.5,42.74,10.765,0.2332
108,1082,4,13,288.5,37.8,10.482,0.2253
108,1082,4,14,287.0,25.25,10.476,0.2277
108,1082,4,15,336.5,11.0,10.517,0.2371
108,1082,4,16,298.5,0.8,12.988,0.2378
108,1082,4,17,290.5,0.0,14.193,0.2425
108,1082,4,18,247.0,0.0,13.907,0.2365
108,1082,4,19,231.5,0.0,12.702,0.2325
108,1082,4,20,220.5,0.0,12.409,0.2282
108,1082,4,21,218.5,0.0,11.303,0.2242
108,1082,4,22,211.0,0.0,10.794,0.204
108,1082,4,23,213.5,0.0,9.779,0.1881
108,1083,5,0,203.0,0.0,5.229,0.1783
108,1083,5,1,211.5,0.0,4.775,0.1703
108,1083,5,2,212.0,0.0,4.49,0.1636
108,1083,5,3,205.0,0.0,4.412,0.1583
108,1083,5,4,204.0,0.0,4.315,0.1577
108,1083,5,5,203.0,0.0,4.618,0.157
108,1083,5,6,200.0,0.0,5.026,0.1631
108,1083,5,7,198.0,0.61,5.245,0.1629
108,1083,5,8,200.5,3.52,5.667,0.1654
108,1083,5,9,208.5,6.04,6.211,0.1789
108,1083,5,10,208.5,7.55,5.326,0.1874
108,1083,5,11,222.0,6.52,5.199,0.1923
108,1083,5,12,213.5,13.6,4.956,0.1979
108,1083,5,13,214.5,11.6,4.824,0.2014
108,1083,5,14,211.0,8.07,4.715,0.2048
108,1083,5,15,208.0,3.3,4.883,0.1986
108,1083,5,16,205.5,0.42,5.456,0.2038
108,1083,5,17,204.5,0.0,6.608,0.2058
108,1083,5,18,207.5,0.0,5.863,0.2047
108,1083,5,19,203.0,0.0,5.524,0.1981
108,1083,5,20,202.0,0.0,5.051,0.1917
108,1083,5,21,199.5,0.0,5.031,0.1934
108,1083,5,22,197.0,0.0,4.793,0.1911
108,1083,5,23,198.5,0.0,3.999,0.184
108,1084,6,0,206.67,0.0,3.626,0.1765
108,1084,6,1,199.5,0.0,3.38,0.1652
108,1084,6,2,195.5,0.0,3.003,0.1646
108,1084,6,3,200.0,0.0,2.951,0.1625
108,1084,6,4,194.5,0.0,3.047,0.1567
108,1084,6,5,198.5,0.0,3.005,0.1599
108,1084,6,6,197.0,0.0,2.845,0.1625
108,1084,6,7,198.5,0.81,2.809,0.1508
108,1084,6,8,196.5,5.34,3.304,0.1509
108,1084,6,9,200.5,11.2,3.684,0.1623
108,1084,6,10,201.5,17.93,3.608,0.169
108,1084,6,11,216.0,9.29,3.584,0.1685
108,1084,6,12,212.0,8.87,3.586,0.167
108,1084,6,13,204.0,7.55,3.462,0.1654
108,1084,6,14,206.0,5.27,3.358,0.1604
108,1084,6,15,206.0,1.94,3.285,0.1643
108,1084,6,16,207.0,0.31,4.223,0.1735
108,1084,6,17,206.0,0.0,4.735,0.1874
108,1084,6,18,208.5,0.0,4.694,0.1881
108,1084,6,19,209.5,0.0,4.483,0.1887
108,1084,6,20,209.0,0.0,4.283,0.1873
108,1084,6,21,209.0,0.0,4.117,0.1829
108,1084,6,22,212.5,0.0,4.04,0.1768
108,1084,6,23,209.0,0.0,3.425,0.1702
108,1085,0,0,218.17,0.0,3.981,0.1765
108,1085,0,1,215.67,0.0,3.735,0.1763
108,1085,0,2,212.5,0.0,3.623,0.1838
108,1085,0,3,214.5,0.0,3.605,0.1863
108,1085,0,4,212.5,0.0,3.911,0.1917
108,1085,0,5,213.5,0.0,4.27,0.2037
108,1085,0,6,214.5,0.0,6.004,0.2224
108,1085,0,7,216.5,1.43,7.626,0.2333
108,1085,0,8,218.0,16.2,7.361,0.2352
108,1085,0,9,255.0,33.84,6.861,0.2431
108,1085,0,10,271.0,46.87,6.474,0.2383
108,1085,0,11,273.5,53.29,5.123,0.2346
108,1085,0,12,287.5,52.36,4.877,0.2313
108,1085,0,13,310.5,43.32,4.792,0.232
108,1085,0,14,296.5,29.35,4.668,0.2277
108,1085,0,15,295.5,12.9,4.673,0.2274
108,1085,0,16,303.5,0.73,6.431,0.2292
108,1085,0,17,291.0,0.0,7.949,0.2328
108,1085,0,18,260.0,0.0,8.832,0.2343
108,1085,0,19,238.5,0.0,7.224,0.2273
108,1085,0,20,230.5,0.0,6.105,0.2302
108,1085,0,21,215.0,0.0,6.207,0.2232
108,1085,0,22,219.5,0.0,5.335,0.2133
108,1085,0,23,221.0,0.0,4.087,0.1957
108,1086,1,0,224.33,0.0,5.03,0.1939
108,1086,1,1,223.5,0.0,4.689,0.1879
108,1086,1,2,221.5,0.0,4.6,0.1752
108,1086,1,3,225.5,0.0,4.655,0.1763
108,1086,1,4,224.0,0.0,4.639,0.1735
108,1086,1,5,226.5,0.0,5.261,0.177
108,1086,1,6,228.5,0.0,6.827,0.1963
108,1086,1,7,227.0,2.07,7.085,0.209
108,1086,1,8,222.5,18.09,6.98,0.198
108,1086,1,9,277.5,35.5,7.177,0.204
108,1086,1,10,290.0,48.85,6.223,0.2007
108,1086,1,11,311.0,55.0,5.787,0.1969
108,1086,1,12,294.0,54.49,5.484,0.1955
108,1086,1,13,330.5,47.14,5.316,0.1932
108,1086,1,14,316.0,33.3,5.223,0.1941
108,1086,1,15,308.5,15.43,5.356,0.1978
108,1086,1,16,285.0,1.12,6.196,0.2118
108,1086,1,17,306.5,0.0,7.465,0.2151
108,1086,1,18,275.0,0.0,7.546,0.2109
108,1086,1,19,247.5,0.0,6.461,0.2053
108,1086,1,20,241.5,0.0,6.02,0.2051
108,1086,1,21,230.5,0.0,5.685,0.2025
108,1086,1,22,228.0,0.0,5.131,0.2011
108,1086,1,23,229.5,0.0,4.6,0.1997
108,1087,2,0,221.0,0.0,4.886,0.1815
108,1087,2,1,224.83,0.0,4.6,0.1676
108,1087,2,2,221.5,0.0,4.556,0.1706
108,1087,2,3,217.0,0.0,5.0,0.169
108,1087,2,4,201.5,0.0,4.131,0.1657
108,1087,2,5,208.0,0.0,4.7,0.1731
108,1087,2,6,209.0,0.0,6.456,0.1801
108,1087,2,7,210.0,1.34,6.38,0.1803
108,1087,2,8,214.0,10.09,6.092,0.18
108,1087,2,9,249.0,21.08,6.316,0.1799
108,1087,2,10,270.5,29.47,5.947,0.1762
108,1087,2,11,264.5,28.35,5.47,0.1753
108,1087,2,12,283.5,21.65,5.569,0.1741
108,1087,2,13,315.0,14.93,5.047,0.1741
108,1087,2,14,287.5,12.53,5.085,0.177
108,1087,2,15,312.0,6.65,5.877,0.1833
108,1087,2,16,312.5,0.78,7.187,0.1921
108,1087,2,17,283.5,0.0,7.642,0.1994
108,1087,2,18,254.0,0.0,6.7,0.1998
108,1087,2,19,230.5,0.0,6.247,0.198
108,1087,2,20,220.5,0.0,6.031,0.1944
108,1087,2,21,215.0,0.0,5.754,0.191
108,1087,2,22,209.0,0.0,5.018,0.186
108,1087,2,23,212.5,0.0,4.931,0.1821
108,1088,3,0,210.33,0.0,4.049,0.1816
108,1088,3,1,218.17,0.0,3.785,0.185
108,1088,3,2,211.0,0.0,3.515,0.1793
108,1088,3,3,209.0,0.0,3.434,0.1785
108,1088,3,4,200.0,0.0,3.529,0.1765
108,1088,3,5,209.5,0.0,3.862,0.1737
108,1088,3,6,207.5,0.0,4.629,0.1872
108,1088,3,7,217.5,0.94,5.277,0.1972
108,1088,3,8,218.5,10.62,4.974,0.1882
108,1088,3,9,274.5,20.84,5.033,0.1835
108,1088,3,10,258.5,30.91,4.301,0.1841
108,1088,3,11,272.0,36.07,4.851,0.1843
108,1088,3,12,288.5,44.23,3.818,0.1888
108,1088,3,13,333.5,42.83,3.83,0.1806
108,1088,3,14,304.5,28.04,3.942,0.1738
108,1088,3,15,307.0,11.47,4.045,0.1747
108,1088,3,16,293.5,0.76,5.387,0.1852
108,1088,3,17,270.5,0.0,6.11,0.1909
108,1088,3,18,245.5,0.0,5.188,0.1923
108,1088,3,19,229.5,0.0,5.037,0.1917
108,1088,3,20,217.5,0.0,5.043,0.1892
108,1088,3,21,217.5,0.0,4.321,0.1835
108,1088,3,22,212.0,0.0,3.903,0.17
108,1088,3,23,208.5,0.0,3.752,0.1681
108,1089,4,0,195.33,0.0,4.242,0.167
108,1089,4,1,202.17,0.0,3.713,0.1605
108,1089,4,2,202.0,0.0,3.571,0.1616
108,1089,4,3,199.0,0.0,3.597,0.1592
108,1089,4,4,200.0,0.0,3.582,0.1597
108,1089,4,5,205.0,0.0,3.661,0.1633
108,1089,4,6,198.5,0.0,4.827,0.1699
108,1089,4,7,201.5,1.83,4.667,0.175
108,1089,4,8,195.0,16.6,4.886,0.1764
108,1089,4,9,215.5,32.83,5.066,0.1723
108,1089,4,10,252.5,46.13,4.645,0.165
108,1089,4,11,250.5,49.53,4.531,0.1653
108,1089,4,12,262.5,46.18,4.455,0.1629
108,1089,4,13,228.5,41.74,4.332,0.1631
108,1089,4,14,213.0,26.45,4.283,0.1634
108,1089,4,15,209.5,12.3,4.362,0.1724
108,1089,4,16,207.0,0.76,4.553,0.1802
108,1089,4,17,206.0,0.0,4.904,0.1891
108,1089,4,18,195.5,0.0,4.722,0.1885
108,1089,4,19,184.5,0.0,4.645,0.1878
108,1089,4,20,178.5,0.0,4.422,0.185
108,1089,4,21,192.0,0.0,4.103,0.1733
108,1089,4,22,187.0,0.0,3.908,0.1604
108,1089,4,23,189.5,0.0,3.655,0.1533
108,1090,5,0,192.17,0.0,4.21,0.1485
108,1090,5,1,183.67,0.0,3.585,0.1468
108,1090,5,2,185.5,0.0,3.302,0.144
108,1090,5,3,184.5,0.0,3.259,0.1423
108,1090,5,4,187.5,0.0,3.117,0.1408
108,1090,5,5,194.5,0.0,3.207,0.1365
108,1090,5,6,194.5,0.0,3.467,0.1359
108,1090,5,7,201.0,0.51,3.297,0.1484
108,1090,5,8,203.5,3.05,3.51,0.1542
108,1090,5,9,198.5,5.18,3.777,0.1655
108,1090,5,10,199.5,6.19,3.881,0.1711
108,1090,5,11,196.0,5.48,3.762,0.1733
108,1090,5,12,193.5,13.39,3.566,0.1729
108,1090,5,13,207.0,14.41,3.421,0.1676
108,1090,5,14,208.0,11.51,3.376,0.1622
108,1090,5,15,206.0,7.57,3.307,0.1566
108,1090,5,16,207.5,0.79,3.424,0.1643
108,1090,5,17,204.0,0.0,3.927,0.1641
108,1090,5,18,206.5,0.0,3.712,0.1599
108,1090,5,19,198.5,0.0,3.419,0.1575
108,1090,5,20,200.0,0.0,3.372,0.1518
108,1090,5,21,194.0,0.0,3.105,0.1512
108,1090,5,22,198.0,0.0,3.395,0.1511
108,1090,5,23,197.0,0.0,3.24,0.1436
108,1091,6,0,192.33,0.0,2.867,0.1204
108,1091,6,1,195.5,0.0,2.396,0.1144
108,1091,6,2,194.5,0.0,2.11,0.1174
108,1091,6,3,185.5,0.0,2.054,0.1173
108,1091,6,4,188.5,0.0,1.732,0.1198
108,1091,6,5,184.0,0.0,1.82,0.1233
108,1091,6,6,184.0,0.0,1.804,0.1218
108,1091,6,7,181.5,1.79,2.199,0.1242
108,1091,6,8,188.0,17.25,2.716,0.1323
108,1091,6,9,179.5,34.6,3.234,0.1341
108,1091,6,10,182.5,47.52,3.129,0.1316
108,1091,6,11,178.0,53.88,2.984,0.1289
108,1091,6,12,177.0,53.66,2.931,0.1278
108,1091,6,13,175.0,46.62,2.767,0.1262
108,1091,6,14,171.0,33.54,2.677,0.1297
108,1091,6,15,166.5,16.06,2.659,0.132
108,1091,6,16,170.5,1.4,3.295,0.1427
108,1091,6,17,169.5,0.0,4.021,0.1518
108,1091,6,18,178.0,0.0,3.746,0.156
108,1091,6,19,175.5,0.0,3.506,0.1525
108,1091,6,20,177.0,0.0,3.264,0.1475
108,1091,6,21,172.0,0.0,2.909,0.1489
108,1091,6,22,179.5,0.0,2.785,0.1515
108,1091,6,23,186.0,0.0,2.728,0.1321
108,1092,0,0,193.33,0.0,3.644,0.1265
108,1092,0,1,182.33,0.0,3.121,0.1295
108,1092,0,2,184.0,0.0,2.802,0.1239
108,1092,0,3,179.0,0.0,2.984,0.1248
108,1092,0,4,182.0,0.0,3.051,0.1247
108,1092,0,5,183.5,0.0,2.892,0.1282
108,1092,0,6,191.5,0.0,3.344,0.1388
108,1092,0,7,190.5,0.77,3.251,0.1333
108,1092,0,8,185.0,6.62,3.688,0.1415
108,1092,0,9,189.0,12.75,4.07,0.1512
108,1092,0,10,204.5,15.43,3.94,0.158
108,1092,0,11,226.5,16.4,3.552,0.1648
108,1092,0,12,227.5,6.84,3.427,0.1573
108,1092,0,13,231.0,7.0,3.25,0.1524
108,1092,0,14,225.5,5.91,3.132,0.1542
108,1092,0,15,224.0,2.58,3.184,0.1617
108,1092,0,16,223.0,0.55,4.058,0.1783
108,1092,0,17,215.5,0.0,4.442,0.1827
108,1092,0,18,207.5,0.0,4.44,0.1725
108,1092,0,19,202.0,0.0,4.343,0.1672
108,1092,0,20,199.0,0.0,3.982,0.1654
108,1092,0,21,199.5,0.0,3.657,0.161
108,1092,0,22,202.0,0.0,3.421,0.1506
108,1092,0,23,202.5,0.0,3.114,0.1373
108,1093,1,0,197.83,0.0,3.036,0.1374
108,1093,1,1,198.5,0.0,2.837,0.139
108,1093,1,2,200.5,0.0,2.635,0.1256
108,1093,1,3,199.5,0.0,2.632,0.1138
108,1093,1,4,201.0,0.0,2.707,0.121
108,1093,1,5,201.5,0.0,3.026,0.1261
108,1093,1,6,199.0,0.0,3.772,0.1301
108,1093,1,7,195.0,0.71,4.104,0.1341
108,1093,1,8,190.5,5.24,4.177,0.1423
108,1093,1,9,216.0,9.9,4.118,0.1486
108,1093,1,10,215.5,9.96,4.382,0.151
108,1093,1,11,214.0,34.92,4.338,0.1554
108,1093,1,12,210.5,38.48,4.138,0.1483
108,1093,1,13,210.0,38.41,4.027,0.1443
108,1093,1,14,211.5,28.5,3.843,0.1512
108,1093,1,15,210.0,14.03,3.992,0.1502
108,1093,1,16,205.0,1.43,4.49,0.157
108,1093,1,17,203.5,0.0,5.147,0.1618
108,1093,1,18,199.0,0.0,4.669,0.1641
108,1093,1,19,199.5,0.0,4.399,0.1598
108,1093,1,20,193.5,0.0,4.016,0.1554
108,1093,1,21,193.0,0.0,3.717,0.1471
108,1093,1,22,198.0,0.0,3.413,0.1344
108,1093,1,23,193.0,0.0,3.025,0.1233
108,1094,2,0,195.67,0.0,3.701,0.1368
108,1094,2,1,194.33,0.0,3.589,0.131
108,1094,2,2,195.5,0.0,3.326,0.1264
108,1094,2,3,196.5,0.0,3.374,0.1276
108,1094,2,4,197.5,0.0,3.501,0.1285
108,1094,2,5,197.0,0.0,3.513,0.1326
108,1094,2,6,196.5,0.0,4.222,0.1427
108,1094,2,7,198.0,0.89,4.986,0.1463
108,1094,2,8,199.5,7.9,4.949,0.1488
108,1094,2,9,220.0,16.08,4.867,0.1592
108,1094,2,10,227.5,26.09,4.596,0.1674
108,1094,2,11,215.5,27.51,4.476,0.1723
108,1094,2,12,214.5,22.79,4.397,0.1682
108,1094,2,13,209.0,20.61,4.26,0.1625
108,1094,2,14,226.0,16.07,4.235,0.1669
108,1094,2,15,221.0,9.42,4.208,0.17
108,1094,2,16,209.5,1.28,5.314,0.1742
108,1094,2,17,203.5,0.0,6.927,0.1844
108,1094,2,18,195.0,0.0,5.532,0.1839
108,1094,2,19,193.0,0.0,4.998,0.1823
108,1094,2,20,191.5,0.0,4.768,0.1756
108,1094,2,21,192.5,0.0,4.558,0.1693
108,1094,2,22,194.0,0.0,4.469,0.1599
108,1094,2,23,190.0,0.0,3.708,0.157
108,1095,3,0,201.26,0.0,3.482,0.1625
108,1095,3,1,194.33,0.0,3.284,0.1593
108,1095,3,2,197.5,0.0,3.132,0.1521
108,1095,3,3,197.5,0.0,3.138,0.1526
108,1095,3,4,198.5,0.0,3.253,0.1559
108,1095,3,5,195.0,0.0,3.44,0.1549
108,1095,3,6,199.0,0.0,3.902,0.1569
108,1095,3,7,198.5,0.2,4.408,0.1557
108,1095,3,8,200.0,1.4,4.807,0.1593
108,1095,3,9,214.5,2.99,5.111,0.1661
108,1095,3,10,239.0,4.24,5.056,0.1685
108,1095,3,11,227.5,13.01,5.002,0.1721
108,1095,3,12,228.5,9.23,4.811,0.1694
108,1095,3,13,233.0,3.63,4.709,0.1708
108,1095,3,14,248.0,14.49,4.737,0.1701
108,1095,3,15,236.5,7.56,5.002,0.1685
108,1095,3,16,233.5,0.91,5.714,0.1702
108,1095,3,17,216.0,0.0,7.02,0.1742
108,1095,3,18,207.5,0.0,5.995,0.1772
108,1095,3,19,204.0,0.0,5.451,0.1766
108,1095,3,20,201.0,0.0,4.866,0.1762
108,1095,3,21,203.5,0.0,4.477,0.1692
108,1095,3,22,206.0,0.0,3.945,0.1567
108,1095,3,23,203.0,0.0,3.608,0.1477
108,1096,4,0,206.86,0.0,3.146,0.1447
108,1096,4,1,206.86,0.0,3.148,0.1387
108,1096,4,2,206.86,0.0,2.939,0.1337
108,1096,4,3,206.86,0.0,3.017,0.1334
108,1096,4,4,206.86,0.0,3.1,0.135
108,1096,4,5,206.86,0.0,3.049,0.1356
108,1096,4,6,206.86,0.0,3.658,0.1433
108,1096,4,7,206.86,1.37,4.234,0.1434
108,1096,4,8,206.86,12.77,4.526,0.1393
108,1096,4,9,206.86,24.49,4.788,0.1432
108,1096,4,10,206.86,34.12,4.766,0.1442
108,1096,4,11,206.86,32.68,4.704,0.1472
108,1096,4,12,206.86,26.77,4.701,0.1496
108,1096,4,13,206.86,28.71,4.652,0.1484
108,1096,4,14,206.86,20.35,4.541,0.1468
108,1096,4,15,206.86,11.01,4.771,0.1509
108,1096,4,16,206.86,1.51,5.332,0.1556
108,1096,4,17,206.86,0.0,6.663,0.1544
108,1096,4,18,206.86,0.0,5.937,0.1604
108,1096,4,19,206.86,0.0,5.407,0.1581
108,1096,4,20,206.86,0.0,4.757,0.1591
108,1096,4,21,206.86,0.0,4.495,0.1562
108,1096,4,22,206.86,0.0,4.241,0.1456
108,1096,4,23,206.86,0.0,3.702,0.134
108,1097,5,0,192.76,0.0,3.344,0.1389
108,1097,5,1,202.43,0.0,3.01,0.1391
108,1097,5,2,192.5,0.0,2.771,0.1316
108,1097,5,3,193.0,0.0,2.6,0.1327
108,1097,5,4,193.5,0.0,2.538,0.1333
108,1097,5,5,195.0,0.0,2.552,0.135
108,1097,5,6,191.0,0.0,2.612,0.1334
108,1097,5,7,191.5,1.37,3.117,0.134
108,1097,5,8,191.0,12.5,3.56,0.1425
108,1097,5,9,191.5,23.0,3.896,0.1467
108,1097,5,10,194.5,30.53,4.0,0.1505
108,1097,5,11,202.0,32.89,3.948,0.1504
108,1097,5,12,192.0,45.37,3.805,0.1533
108,1097,5,13,187.5,37.15,3.522,0.1508
108,1097,5,14,190.5,25.67,3.378,0.1476
108,1097,5,15,184.0,12.03,3.423,0.147
108,1097,5,16,185.0,1.05,4.038,0.1547
108,1097,5,17,185.5,0.0,4.875,0.1663
108,1097,5,18,187.0,0.0,4.244,0.1656
108,1097,5,19,179.5,0.0,4.035,0.1604
108,1097,5,20,178.0,0.0,3.581,0.1509
108,1097,5,21,176.5,0.0,3.606,0.1419
108,1097,5,22,178.0,0.0,3.503,0.1393
108,1097,5,23,177.5,0.0,3.06,0.1394
