month,day_of_month,hour,carbon_kg_kwh
1,1,0,0.136
1,1,1,0.1363
1,1,2,0.1323
1,1,3,0.1309
1,1,4,0.1352
1,1,5,0.1424
1,1,6,0.1505
1,1,7,0.1502
1,1,8,0.1501
1,1,9,0.1482
1,1,10,0.1448
1,1,11,0.1468
1,1,12,0.1527
1,1,13,0.1536
1,1,14,0.156
1,1,15,0.1615
1,1,16,0.1658
1,1,17,0.1714
1,1,18,0.171
1,1,19,0.1697
1,1,20,0.1681
1,1,21,0.1675
1,1,22,0.1615
1,1,23,0.1558
1,2,0,0.1462
1,2,1,0.1452
1,2,2,0.1451
1,2,3,0.1519
1,2,4,0.1449
1,2,5,0.1515
1,2,6,0.1591
1,2,7,0.1548
1,2,8,0.1603
1,2,9,0.1605
1,2,10,0.1569
1,2,11,0.1514
1,2,12,0.1504
1,2,13,0.1526
1,2,14,0.1528
1,2,15,0.1537
1,2,16,0.1638
1,2,17,0.1703
1,2,18,0.1758
1,2,19,0.1737
1,2,20,0.1719
1,2,21,0.1673
1,2,22,0.161
1,2,23,0.1431
1,3,0,0.1408
1,3,1,0.1448
1,3,2,0.144
1,3,3,0.1414
1,3,4,0.143
1,3,5,0.1384
1,3,6,0.1468
1,3,7,0.1489
1,3,8,0.1449
1,3,9,0.1416
1,3,10,0.1415
1,3,11,0.1396
1,3,12,0.1391
1,3,13,0.1401
1,3,14,0.1432
1,3,15,0.1525
1,3,16,0.1621
1,3,17,0.1728
1,3,18,0.1714
1,3,19,0.172
1,3,20,0.1768
1,3,21,0.165
1,3,22,0.155
1,3,23,0.1539
1,4,0,0.1622
1,4,1,0.162
1,4,2,0.1639
1,4,3,0.1698
1,4,4,0.1761
1,4,5,0.1958
1,4,6,0.2117
1,4,7,0.2088
1,4,8,0.2074
1,4,9,0.2048
1,4,10,0.2006
1,4,11,0.2009
1,4,12,0.2011
1,4,13,0.2018
1,4,14,0.1996
1,4,15,0.2015
1,4,16,0.2104
1,4,17,0.2191
1,4,18,0.2203
1,4,19,0.2178
1,4,20,0.2167
1,4,21,0.2153
1,4,22,0.1985
1,4,23,0.186
1,5,0,0.1744
1,5,1,0.1676
1,5,2,0.1662
1,5,3,0.1645
1,5,4,0.1735
1,5,5,0.1764
1,5,6,0.2
1,5,7,0.2036
1,5,8,0.2101
1,5,9,0.2232
1,5,10,0.2075
1,5,11,0.201
1,5,12,0.2017
1,5,13,0.2053
1,5,14,0.2042
1,5,15,0.2042
1,5,16,0.2089
1,5,17,0.2128
1,5,18,0.2146
1,5,19,0.2096
1,5,20,0.2052
1,5,21,0.1952
1,5,22,0.1808
1,5,23,0.1756
1,6,0,0.1591
1,6,1,0.153
1,6,2,0.1527
1,6,3,0.1544
1,6,4,0.1591
1,6,5,0.1647
1,6,6,0.1842
1,6,7,0.1831
1,6,8,0.183
1,6,9,0.1764
1,6,10,0.1697
1,6,11,0.1686
1,6,12,0.168
1,6,13,0.1755
1,6,14,0.1775
1,6,15,0.1866
1,6,16,0.1893
1,6,17,0.1915
1,6,18,0.1885
1,6,19,0.1849
1,6,20,0.1854
1,6,21,0.1808
1,6,22,0.1776
1,6,23,0.1754
1,7,0,0.1813
1,7,1,0.1831
1,7,2,0.1844
1,7,3,0.1864
1,7,4,0.1936
1,7,5,0.2009
1,7,6,0.2036
1,7,7,0.2029
1,7,8,0.2032
1,7,9,0.2041
1,7,10,0.2054
1,7,11,0.2064
1,7,12,0.2031
1,7,13,0.2008
1,7,14,0.2022
1,7,15,0.203
1,7,16,0.2068
1,7,17,0.2107
1,7,18,0.2164
1,7,19,0.2135
1,7,20,0.21
1,7,21,0.2027
1,7,22,0.1881
1,7,23,0.1791
1,8,0,0.1681
1,8,1,0.159
1,8,2,0.1578
1,8,3,0.1569
1,8,4,0.1601
1,8,5,0.1701
1,8,6,0.1768
1,8,7,0.177
1,8,8,0.1797
1,8,9,0.1838
1,8,10,0.1886
1,8,11,0.1862
1,8,12,0.1839
1,8,13,0.1856
1,8,14,0.1838
1,8,15,0.1861
1,8,16,0.1907
1,8,17,0.1935
1,8,18,0.1909
1,8,19,0.1894
1,8,20,0.1867
1,8,21,0.1803
1,8,22,0.1611
1,8,23,0.1507
1,9,0,0.1556
1,9,1,0.146
1,9,2,0.1438
1,9,3,0.1402
1,9,4,0.141
1,9,5,0.1442
1,9,6,0.1484
1,9,7,0.1532
1,9,8,0.1629
1,9,9,0.1684
1,9,10,0.1617
1,9,11,0.1629
1,9,12,0.1651
1,9,13,0.1585
1,9,14,0.1601
1,9,15,0.166
1,9,16,0.1729
1,9,17,0.1853
1,9,18,0.1873
1,9,19,0.181
1,9,20,0.1794
1,9,21,0.165
1,9,22,0.1435
1,9,23,0.1383
1,10,0,0.1333
1,10,1,0.1284
1,10,2,0.1333
1,10,3,0.1338
1,10,4,0.1379
1,10,5,0.1369
1,10,6,0.1393
1,10,7,0.1412
1,10,8,0.1473
1,10,9,0.1491
1,10,10,0.1488
1,10,11,0.1464
1,10,12,0.1513
1,10,13,0.153
1,10,14,0.1512
1,10,15,0.1531
1,10,16,0.1564
1,10,17,0.1613
1,10,18,0.1615
1,10,19,0.1662
1,10,20,0.1552
1,10,21,0.1585
1,10,22,0.1486
1,10,23,0.144
1,11,0,0.138
1,11,1,0.1317
1,11,2,0.1321
1,11,3,0.1337
1,11,4,0.1364
1,11,5,0.1533
1,11,6,0.1771
1,11,7,0.1785
1,11,8,0.1718
1,11,9,0.1708
1,11,10,0.1643
1,11,11,0.1629
1,11,12,0.1629
1,11,13,0.1655
1,11,14,0.1643
1,11,15,0.1689
1,11,16,0.1776
1,11,17,0.1891
1,11,18,0.197
1,11,19,0.1983
1,11,20,0.1935
1,11,21,0.1893
1,11,22,0.1718
1,11,23,0.159
1,12,0,0.1418
1,12,1,0.1354
1,12,2,0.1343
1,12,3,0.1335
1,12,4,0.142
1,12,5,0.1589
1,12,6,0.1749
1,12,7,0.1773
1,12,8,0.1766
1,12,9,0.1779
1,12,10,0.1781
1,12,11,0.1782
1,12,12,0.1826
1,12,13,0.1865
1,12,14,0.1881
1,12,15,0.1839
1,12,16,0.1832
1,12,17,0.186
1,12,18,0.1847
1,12,19,0.1862
1,12,20,0.1853
1,12,21,0.179
1,12,22,0.1656
1,12,23,0.1501
1,13,0,0.1408
1,13,1,0.1396
1,13,2,0.1391
1,13,3,0.1413
1,13,4,0.1471
1,13,5,0.1578
1,13,6,0.1681
1,13,7,0.1766
1,13,8,0.1803
1,13,9,0.1805
1,13,10,0.1773
1,13,11,0.1751
1,13,12,0.178
1,13,13,0.1828
1,13,14,0.1842
1,13,15,0.1902
1,13,16,0.1899
1,13,17,0.197
1,13,18,0.2013
1,13,19,0.1956
1,13,20,0.1969
1,13,21,0.1915
1,13,22,0.182
1,13,23,0.177
1,14,0,0.1612
1,14,1,0.1549
1,14,2,0.1531
1,14,3,0.153
1,14,4,0.1586
1,14,5,0.1629
1,14,6,0.177
1,14,7,0.1764
1,14,8,0.1698
1,14,9,0.1666
1,14,10,0.1751
1,14,11,0.1778
1,14,12,0.1808
1,14,13,0.18
1,14,14,0.1791
1,14,15,0.1792
1,14,16,0.1776
1,14,17,0.1825
1,14,18,0.1838
1,14,19,0.1856
1,14,20,0.184
1,14,21,0.1772
1,14,22,0.165
1,14,23,0.163
1,15,0,0.1505
1,15,1,0.1454
1,15,2,0.1415
1,15,3,0.1418
1,15,4,0.1436
1,15,5,0.1513
1,15,6,0.1661
1,15,7,0.1629
1,15,8,0.1602
1,15,9,0.1697
1,15,10,0.1722
1,15,11,0.1696
1,15,12,0.1694
1,15,13,0.1686
1,15,14,0.1672
1,15,15,0.1679
1,15,16,0.1702
1,15,17,0.171
1,15,18,0.1694
1,15,19,0.1679
1,15,20,0.1625
1,15,21,0.1525
1,15,22,0.1427
1,15,23,0.1428
1,16,0,0.1353
1,16,1,0.1294
1,16,2,0.1318
1,16,3,0.1332
1,16,4,0.129
1,16,5,0.1296
1,16,6,0.1321
1,16,7,0.1449
1,16,8,0.1434
1,16,9,0.1464
1,16,10,0.15
1,16,11,0.1495
1,16,12,0.1522
1,16,13,0.1456
1,16,14,0.1393
1,16,15,0.1389
1,16,16,0.1491
1,16,17,0.1535
1,16,18,0.154
1,16,19,0.1536
1,16,20,0.153
1,16,21,0.1477
1,16,22,0.1382
1,16,23,0.1285
1,17,0,0.1314
1,17,1,0.131
1,17,2,0.1328
1,17,3,0.1302
1,17,4,0.1307
1,17,5,0.134
1,17,6,0.1381
1,17,7,0.1425
1,17,8,0.144
1,17,9,0.1457
1,17,10,0.1456
1,17,11,0.148
1,17,12,0.1494
1,17,13,0.1538
1,17,14,0.1554
1,17,15,0.1588
1,17,16,0.1615
1,17,17,0.1704
1,17,18,0.1694
1,17,19,0.1639
1,17,20,0.1623
1,17,21,0.1613
1,17,22,0.1565
1,17,23,0.144
1,18,0,0.144
1,18,1,0.1431
1,18,2,0.1375
1,18,3,0.1426
1,18,4,0.1438
1,18,5,0.1482
1,18,6,0.1519
1,18,7,0.1577
1,18,8,0.1601
1,18,9,0.1597
1,18,10,0.165
1,18,11,0.164
1,18,12,0.1655
1,18,13,0.1716
1,18,14,0.1695
1,18,15,0.1698
1,18,16,0.167
1,18,17,0.1751
1,18,18,0.1771
1,18,19,0.1769
1,18,20,0.1766
1,18,21,0.1702
1,18,22,0.1553
1,18,23,0.1544
1,19,0,0.1512
1,19,1,0.1529
1,19,2,0.1497
1,19,3,0.1485
1,19,4,0.1455
1,19,5,0.1501
1,19,6,0.157
1,19,7,0.1584
1,19,8,0.1604
1,19,9,0.1616
1,19,10,0.1624
1,19,11,0.1655
1,19,12,0.1644
1,19,13,0.166
1,19,14,0.1685
1,19,15,0.1717
1,19,16,0.1774
1,19,17,0.1776
1,19,18,0.1839
1,19,19,0.1852
1,19,20,0.1776
1,19,21,0.1665
1,19,22,0.1599
1,19,23,0.1479
1,20,0,0.147
1,20,1,0.1432
1,20,2,0.1401
1,20,3,0.1419
1,20,4,0.1514
1,20,5,0.1506
1,20,6,0.1638
1,20,7,0.171
1,20,8,0.1735
1,20,9,0.1718
1,20,10,0.1709
1,20,11,0.1703
1,20,12,0.1745
1,20,13,0.1715
1,20,14,0.1752
1,20,15,0.1785
1,20,16,0.1781
1,20,17,0.1825
1,20,18,0.1817
1,20,19,0.1782
1,20,20,0.1776
1,20,21,0.176
1,20,22,0.1621
1,20,23,0.1504
1,21,0,0.1521
1,21,1,0.1489
1,21,2,0.1513
1,21,3,0.1508
1,21,4,0.1555
1,21,5,0.166
1,21,6,0.1853
1,21,7,0.1878
1,21,8,0.1864
1,21,9,0.1846
1,21,10,0.1809
1,21,11,0.1835
1,21,12,0.1808
1,21,13,0.1799
1,21,14,0.1775
1,21,15,0.1827
1,21,16,0.1849
1,21,17,0.1903
1,21,18,0.1934
1,21,19,0.1939
1,21,20,0.1964
1,21,21,0.1886
1,21,22,0.1766
1,21,23,0.1706
1,22,0,0.1763
1,22,1,0.1705
1,22,2,0.169
1,22,3,0.1698
1,22,4,0.181
1,22,5,0.1905
1,22,6,0.2013
1,22,7,0.203
1,22,8,0.2018
1,22,9,0.2033
1,22,10,0.2024
1,22,11,0.2155
1,22,12,0.2172
1,22,13,0.2179
1,22,14,0.2215
1,22,15,0.2151
1,22,16,0.2102
1,22,17,0.2064
1,22,18,0.2046
1,22,19,0.2055
1,22,20,0.2066
1,22,21,0.2025
1,22,22,0.1895
1,22,23,0.1858
1,23,0,0.1876
1,23,1,0.1852
1,23,2,0.1807
1,23,3,0.1773
1,23,4,0.1794
1,23,5,0.1802
1,23,6,0.1754
1,23,7,0.1745
1,23,8,0.1802
1,23,9,0.1863
1,23,10,0.193
1,23,11,0.2001
1,23,12,0.2048
1,23,13,0.2025
1,23,14,0.2001
1,23,15,0.1959
1,23,16,0.1973
1,23,17,0.2068
1,23,18,0.208
1,23,19,0.2025
1,23,20,0.2021
1,23,21,0.2025
1,23,22,0.1972
1,23,23,0.203
1,24,0,0.2115
1,24,1,0.2089
1,24,2,0.205
1,24,3,0.2022
1,24,4,0.2055
1,24,5,0.2096
1,24,6,0.207
1,24,7,0.1899
1,24,8,0.1969
1,24,9,0.1994
1,24,10,0.2026
1,24,11,0.2091
1,24,12,0.2095
1,24,13,0.2138
1,24,14,0.2104
1,24,15,0.2084
1,24,16,0.2088
1,24,17,0.2106
1,24,18,0.2157
1,24,19,0.2112
1,24,20,0.2155
1,24,21,0.2076
1,24,22,0.2013
1,24,23,0.1896
1,25,0,0.1999
1,25,1,0.1983
1,25,2,0.2026
1,25,3,0.203
1,25,4,0.2056
1,25,5,0.2124
1,25,6,0.2118
1,25,7,0.215
1,25,8,0.218
1,25,9,0.2178
1,25,10,0.2186
1,25,11,0.2186
1,25,12,0.2184
1,25,13,0.2169
1,25,14,0.2164
1,25,15,0.212
1,25,16,0.2161
1,25,17,0.2249
1,25,18,0.2302
1,25,19,0.2283
1,25,20,0.2242
1,25,21,0.2123
1,25,22,0.1985
1,25,23,0.1941
1,26,0,0.1813
1,26,1,0.1801
1,26,2,0.1795
1,26,3,0.1802
1,26,4,0.1768
1,26,5,0.1808
1,26,6,0.1875
1,26,7,0.1925
1,26,8,0.1952
1,26,9,0.1934
1,26,10,0.1982
1,26,11,0.1959
1,26,12,0.1897
1,26,13,0.1849
1,26,14,0.1856
1,26,15,0.1862
1,26,16,0.1933
1,26,17,0.2034
1,26,18,0.2068
1,26,19,0.2052
1,26,20,0.2019
1,26,21,0.1906
1,26,22,0.1757
1,26,23,0.1685
1,27,0,0.1608
1,27,1,0.1586
1,27,2,0.1586
1,27,3,0.1591
1,27,4,0.1601
1,27,5,0.1694
1,27,6,0.1847
1,27,7,0.1967
1,27,8,0.1995
1,27,9,0.1981
1,27,10,0.2002
1,27,11,0.2012
1,27,12,0.1933
1,27,13,0.1878
1,27,14,0.19
1,27,15,0.1949
1,27,16,0.2055
1,27,17,0.2194
1,27,18,0.2251
1,27,19,0.2211
1,27,20,0.2155
1,27,21,0.2102
1,27,22,0.1972
1,27,23,0.1802
1,28,0,0.1751
1,28,1,0.1712
1,28,2,0.1721
1,28,3,0.1742
1,28,4,0.1696
1,28,5,0.1788
1,28,6,0.1984
1,28,7,0.1978
1,28,8,0.2015
1,28,9,0.1994
1,28,10,0.1973
1,28,11,0.1966
1,28,12,0.1894
1,28,13,0.188
1,28,14,0.1918
1,28,15,0.1963
1,28,16,0.2013
1,28,17,0.205
1,28,18,0.2068
1,28,19,0.2062
1,28,20,0.2025
1,29,0,0.1591
1,29,1,0.1592
1,29,2,0.1624
1,29,3,0.1608
1,29,4,0.1641
1,29,5,0.1714
1,29,6,0.1912
1,29,7,0.1923
1,29,8,0.1927
1,29,9,0.19
1,29,10,0.1935
1,29,11,0.1993
1,29,12,0.1958
1,29,13,0.1937
1,29,14,0.192
1,29,15,0.1974
1,29,16,0.2025
1,29,17,0.2108
1,29,18,0.2062
1,29,19,0.2012
1,29,20,0.1971
1,29,21,0.1976
1,29,22,0.1862
1,29,23,0.1812
1,30,0,0.1916
1,30,1,0.1821
1,30,2,0.1731
1,30,3,0.1717
1,30,4,0.1726
1,30,5,0.1763
1,30,6,0.1768
1,30,7,0.181
1,30,8,0.1854
1,30,9,0.1955
1,30,10,0.1954
1,30,11,0.1879
1,30,12,0.1788
1,30,13,0.1792
1,30,14,0.1799
1,30,15,0.1806
1,30,16,0.1844
1,30,17,0.1906
1,30,18,0.1975
1,30,19,0.1943
1,30,20,0.1877
1,30,21,0.1826
1,30,22,0.1735
1,30,23,0.1678
1,31,0,0.1705
1,31,1,0.1647
1,31,2,0.1631
1,31,3,0.1631
1,31,4,0.1642
1,31,5,0.1603
1,31,6,0.1597
1,31,7,0.1563
1,31,8,0.1582
1,31,9,0.164
1,31,10,0.1634
1,31,11,0.1611
1,31,12,0.1633
1,31,13,0.1678
1,31,14,0.1689
1,31,15,0.1742
1,31,16,0.1764
1,31,17,0.1718
1,31,18,0.1699
1,31,19,0.17
1,31,20,0.1682
1,31,21,0.1633
1,31,22,0.1527
1,31,23,0.153
2,1,0,0.15
2,1,1,0.1467
2,1,2,0.1457
2,1,3,0.1445
2,1,4,0.1438
2,1,5,0.1495
2,1,6,0.1612
2,1,7,0.1688
2,1,8,0.1725
2,1,9,0.1694
2,1,10,0.1668
2,1,11,0.1698
2,1,12,0.1684
2,1,13,0.1694
2,1,14,0.1709
2,1,15,0.1739
2,1,16,0.1856
2,1,17,0.1955
2,1,18,0.1971
2,1,19,0.1934
2,1,20,0.1838
2,1,21,0.1788
2,1,22,0.1608
2,1,23,0.1543
2,2,0,0.1547
2,2,1,0.1539
2,2,2,0.1519
2,2,3,0.1492
2,2,4,0.1431
2,2,5,0.1553
2,2,6,0.1782
2,2,7,0.1865
2,2,8,0.1869
2,2,9,0.1858
2,2,10,0.1834
2,2,11,0.1772
2,2,12,0.1776
2,2,13,0.1751
2,2,14,0.1766
2,2,15,0.1793
2,2,16,0.1843
2,2,17,0.194
2,2,18,0.1946
2,2,19,0.1849
2,2,20,0.1786
2,2,21,0.1673
2,2,22,0.1416
2,2,23,0.1338
2,3,0,0.1234
2,3,1,0.1178
2,3,2,0.1182
2,3,3,0.1219
2,3,4,0.1203
2,3,5,0.1303
2,3,6,0.1547
2,3,7,0.1631
2,3,8,0.1665
2,3,9,0.1626
2,3,10,0.1703
2,3,11,0.1759
2,3,12,0.1746
2,3,13,0.1801
2,3,14,0.1835
2,3,15,0.1811
2,3,16,0.1966
2,3,17,0.1921
2,3,18,0.1852
2,3,19,0.1736
2,3,20,0.1677
2,3,21,0.1531
2,3,22,0.1335
2,3,23,0.1267
2,4,0,0.1211
2,4,1,0.1167
2,4,2,0.1145
2,4,3,0.1143
2,4,4,0.1132
2,4,5,0.1218
2,4,6,0.138
2,4,7,0.1477
2,4,8,0.1564
2,4,9,0.1487
2,4,10,0.1578
2,4,11,0.1589
2,4,12,0.1611
2,4,13,0.1558
2,4,14,0.1611
2,4,15,0.1679
2,4,16,0.1747
2,4,17,0.184
2,4,18,0.1892
2,4,19,0.1889
2,4,20,0.184
2,4,21,0.1756
2,4,22,0.149
2,4,23,0.1306
2,5,0,0.1225
2,5,1,0.1174
2,5,2,0.1189
2,5,3,0.1179
2,5,4,0.1211
2,5,5,0.1351
2,5,6,0.161
2,5,7,0.1759
2,5,8,0.1807
2,5,9,0.1792
2,5,10,0.19
2,5,11,0.1904
2,5,12,0.1915
2,5,13,0.1763
2,5,14,0.1744
2,5,15,0.1704
2,5,16,0.174
2,5,17,0.1805
2,5,18,0.1907
2,5,19,0.1859
2,5,20,0.181
2,5,21,0.1765
2,5,22,0.1573
2,5,23,0.1453
2,6,0,0.1492
2,6,1,0.1398
2,6,2,0.137
2,6,3,0.1366
2,6,4,0.138
2,6,5,0.1387
2,6,6,0.1463
2,6,7,0.1507
2,6,8,0.158
2,6,9,0.1636
2,6,10,0.1597
2,6,11,0.155
2,6,12,0.1541
2,6,13,0.1543
2,6,14,0.1494
2,6,15,0.1516
2,6,16,0.1545
2,6,17,0.1606
2,6,18,0.1633
2,6,19,0.1659
2,6,20,0.1616
2,6,21,0.1558
2,6,22,0.1463
2,6,23,0.1397
2,7,0,0.1455
2,7,1,0.1439
2,7,2,0.1383
2,7,3,0.134
2,7,4,0.1358
2,7,5,0.1397
2,7,6,0.1485
2,7,7,0.1517
2,7,8,0.1532
2,7,9,0.158
2,7,10,0.1553
2,7,11,0.1511
2,7,12,0.1496
2,7,13,0.1519
2,7,14,0.1514
2,7,15,0.1548
2,7,16,0.1564
2,7,17,0.1587
2,7,18,0.1638
2,7,19,0.1596
2,7,20,0.1564
2,7,21,0.1536
2,7,22,0.1466
2,7,23,0.1426
2,8,0,0.1409
2,8,1,0.1415
2,8,2,0.1368
2,8,3,0.1373
2,8,4,0.1433
2,8,5,0.1637
2,8,6,0.1822
2,8,7,0.1908
2,8,8,0.193
2,8,9,0.1952
2,8,10,0.1924
2,8,11,0.194
2,8,12,0.1935
2,8,13,0.1913
2,8,14,0.1921
2,8,15,0.1928
2,8,16,0.1909
2,8,17,0.1984
2,8,18,0.1993
2,8,19,0.1982
2,8,20,0.1983
2,8,21,0.2006
2,8,22,0.1895
2,8,23,0.1756
2,9,0,0.1671
2,9,1,0.1664
2,9,2,0.1533
2,9,3,0.1513
2,9,4,0.1519
2,9,5,0.1657
2,9,6,0.1824
2,9,7,0.1906
2,9,8,0.1917
2,9,9,0.1901
2,9,10,0.1959
2,9,11,0.1956
2,9,12,0.1968
2,9,13,0.2006
2,9,14,0.1974
2,9,15,0.197
2,9,16,0.1963
2,9,17,0.1998
2,9,18,0.2015
2,9,19,0.2042
2,9,20,0.2017
2,9,21,0.1985
2,9,22,0.1856
2,9,23,0.1742
2,10,0,0.1728
2,10,1,0.165
2,10,2,0.1642
2,10,3,0.164
2,10,4,0.1652
2,10,5,0.1825
2,10,6,0.201
2,10,7,0.2077
2,10,8,0.2038
2,10,9,0.2013
2,10,10,0.2001
2,10,11,0.1966
2,10,12,0.1974
2,10,13,0.1976
2,10,14,0.1961
2,10,15,0.1999
2,10,16,0.2038
2,10,17,0.2065
2,10,18,0.2096
2,10,19,0.2134
2,10,20,0.2074
2,10,21,0.2045
2,10,22,0.1918
2,10,23,0.1813
2,11,0,0.1752
2,11,1,0.1714
2,11,2,0.1707
2,11,3,0.1682
2,11,4,0.1648
2,11,5,0.1714
2,11,6,0.186
2,11,7,0.2014
2,11,8,0.2032
2,11,9,0.1999
2,11,10,0.2005
2,11,11,0.1986
2,11,12,0.2114
2,11,13,0.217
2,11,14,0.225
2,11,15,0.2235
2,11,16,0.2199
2,11,17,0.2251
2,11,18,0.2365
2,11,19,0.2351
2,11,20,0.233
2,11,21,0.2196
2,11,22,0.2045
2,11,23,0.1934
2,12,0,0.1812
2,12,1,0.1763
2,12,2,0.1803
2,12,3,0.1785
2,12,4,0.1805
2,12,5,0.1849
2,12,6,0.1967
2,12,7,0.2066
2,12,8,0.2072
2,12,9,0.2077
2,12,10,0.1999
2,12,11,0.1894
2,12,12,0.2018
2,12,13,0.1971
2,12,14,0.1959
2,12,15,0.1974
2,12,16,0.1982
2,12,17,0.1989
2,12,18,0.2011
2,12,19,0.1959
2,12,20,0.1967
2,12,21,0.1987
2,12,22,0.1887
2,12,23,0.1849
2,13,0,0.1865
2,13,1,0.1802
2,13,2,0.1814
2,13,3,0.1815
2,13,4,0.1796
2,13,5,0.1856
2,13,6,0.1837
2,13,7,0.1866
2,13,8,0.1904
2,13,9,0.1878
2,13,10,0.1827
2,13,11,0.1882
2,13,12,0.1939
2,13,13,0.1903
2,13,14,0.1918
2,13,15,0.1927
2,13,16,0.1981
2,13,17,0.1999
2,13,18,0.21
2,13,19,0.2121
2,13,20,0.2178
2,13,21,0.2204
2,13,22,0.2147
2,13,23,0.2073
2,14,0,0.216
2,14,1,0.2195
2,14,2,0.2191
2,14,3,0.2178
2,14,4,0.2192
2,14,5,0.2237
2,14,6,0.2224
2,14,7,0.2146
2,14,8,0.2213
2,14,9,0.2291
2,14,10,0.2224
2,14,11,0.2241
2,14,12,0.2262
2,14,13,0.2274
2,14,14,0.224
2,14,15,0.2219
2,14,16,0.2252
2,14,17,0.2294
2,14,18,0.2358
2,14,19,0.2343
2,14,20,0.2274
2,14,21,0.2234
2,14,22,0.2192
2,14,23,0.2162
2,15,0,0.2251
2,15,1,0.2158
2,15,2,0.2139
2,15,3,0.2134
2,15,4,0.2165
2,15,5,0.2306
2,15,6,0.2329
2,15,7,0.223
2,15,8,0.2113
2,15,9,0.2076
2,15,10,0.2168
2,15,11,0.2127
2,15,12,0.2158
2,15,13,0.2204
2,15,14,0.2201
2,15,15,0.2144
2,15,16,0.2147
2,15,17,0.2146
2,15,18,0.2189
2,15,19,0.2144
2,15,20,0.211
2,15,21,0.2024
2,15,22,0.1913
2,15,23,0.1809
2,16,0,0.1913
2,16,1,0.1952
2,16,2,0.1937
2,16,3,0.1925
2,16,4,0.1927
2,16,5,0.1897
2,16,6,0.1859
2,16,7,0.1823
2,16,8,0.1798
2,16,9,0.1807
2,16,10,0.1937
2,16,11,0.1952
2,16,12,0.1899
2,16,13,0.1863
2,16,14,0.1934
2,16,15,0.1947
2,16,16,0.1925
2,16,17,0.1957
2,16,18,0.2027
2,16,19,0.1969
2,16,20,0.1934
2,16,21,0.1901
2,16,22,0.1906
2,16,23,0.1839
2,17,0,0.1929
2,17,1,0.1963
2,17,2,0.1927
2,17,3,0.1851
2,17,4,0.1876
2,17,5,0.1876
2,17,6,0.1925
2,17,7,0.2057
2,17,8,0.2072
2,17,9,0.2003
2,17,10,0.1919
2,17,11,0.1924
2,17,12,0.189
2,17,13,0.192
2,17,14,0.1939
2,17,15,0.1927
2,17,16,0.1945
2,17,17,0.1995
2,17,18,0.2013
2,17,19,0.2004
2,17,20,0.2022
2,17,21,0.2035
2,17,22,0.1902
2,17,23,0.1855
2,18,0,0.1893
2,18,1,0.1863
2,18,2,0.1854
2,18,3,0.1875
2,18,4,0.1904
2,18,5,0.1974
2,18,6,0.204
2,18,7,0.2071
2,18,8,0.2096
2,18,9,0.2021
2,18,10,0.2011
2,18,11,0.2019
2,18,12,0.2001
2,18,13,0.1972
2,18,14,0.1996
2,18,15,0.2031
2,18,16,0.2074
2,18,17,0.2118
2,18,18,0.2114
2,18,19,0.211
2,18,20,0.2114
2,18,21,0.2102
2,18,22,0.201
2,18,23,0.1952
2,19,0,0.1942
2,19,1,0.1897
2,19,2,0.1876
2,19,3,0.1852
2,19,4,0.1864
2,19,5,0.1899
2,19,6,0.1983
2,19,7,0.1972
2,19,8,0.2033
2,19,9,0.1951
2,19,10,0.1959
2,19,11,0.1931
2,19,12,0.1899
2,19,13,0.1909
2,19,14,0.1941
2,19,15,0.1912
2,19,16,0.1925
2,19,17,0.2033
2,19,18,0.2026
2,19,19,0.193
2,19,20,0.1886
2,19,21,0.1807
2,19,22,0.1724
2,19,23,0.1621
2,20,0,0.1464
2,20,1,0.1393
2,20,2,0.1307
2,20,3,0.1317
2,20,4,0.131
2,20,5,0.136
2,20,6,0.1429
2,20,7,0.1438
2,20,8,0.1521
2,20,9,0.1539
2,20,10,0.1607
2,20,11,0.1583
2,20,12,0.1545
2,20,13,0.1488
2,20,14,0.1419
2,20,15,0.141
2,20,16,0.1456
2,20,17,0.1581
2,20,18,0.1631
2,20,19,0.1614
2,20,20,0.1579
2,20,21,0.1575
2,20,22,0.1416
2,20,23,0.1328
2,21,0,0.1338
2,21,1,0.1304
2,21,2,0.1304
2,21,3,0.1297
2,21,4,0.13
2,21,5,0.1332
2,21,6,0.1379
2,21,7,0.1406
2,21,8,0.1466
2,21,9,0.1489
2,21,10,0.1489
2,21,11,0.1466
2,21,12,0.1471
2,21,13,0.1459
2,21,14,0.1426
2,21,15,0.1424
2,21,16,0.1473
2,21,17,0.1646
2,21,18,0.173
2,21,19,0.1731
2,21,20,0.1683
2,21,21,0.1617
2,21,22,0.1522
2,21,23,0.1452
2,22,0,0.1339
2,22,1,0.133
2,22,2,0.1358
2,22,3,0.1376
2,22,4,0.1353
2,22,5,0.143
2,22,6,0.1654
2,22,7,0.1762
2,22,8,0.1881
2,22,9,0.1923
2,22,10,0.1826
2,22,11,0.1712
2,22,12,0.1709
2,22,13,0.17
2,22,14,0.1722
2,22,15,0.1733
2,22,16,0.1802
2,22,17,0.1889
2,22,18,0.1971
2,22,19,0.1995
2,22,20,0.1939
2,22,21,0.1883
2,22,22,0.1696
2,22,23,0.1628
2,23,0,0.1538
2,23,1,0.1501
2,23,2,0.148
2,23,3,0.1462
2,23,4,0.1472
2,23,5,0.1533
2,23,6,0.1816
2,23,7,0.1918
2,23,8,0.1937
2,23,9,0.1934
2,23,10,0.1964
2,23,11,0.1979
2,23,12,0.1961
2,23,13,0.196
2,23,14,0.2001
2,23,15,0.2065
2,23,16,0.2104
2,23,17,0.2101
2,23,18,0.2108
2,23,19,0.2087
2,23,20,0.2025
2,23,21,0.1948
2,23,22,0.1754
2,23,23,0.1576
2,24,0,0.1424
2,24,1,0.1397
2,24,2,0.1366
2,24,3,0.1383
2,24,4,0.1437
2,24,5,0.1593
2,24,6,0.1904
2,24,7,0.2014
2,24,8,0.2081
2,24,9,0.2133
2,24,10,0.2098
2,24,11,0.2094
2,24,12,0.2077
2,24,13,0.2111
2,24,14,0.2133
2,24,15,0.2126
2,24,16,0.2116
2,24,17,0.2205
2,24,18,0.2224
2,24,19,0.2202
2,24,20,0.2145
2,24,21,0.2065
2,24,22,0.1895
2,24,23,0.1554
2,25,0,0.1296
2,25,1,0.1302
2,25,2,0.1294
2,25,3,0.1295
2,25,4,0.1275
2,25,5,0.132
2,25,6,0.1478
2,25,7,0.1612
2,25,8,0.1583
2,25,9,0.1582
2,25,10,0.1619
2,25,11,0.1593
2,25,12,0.1572
2,25,13,0.1607
2,25,14,0.1627
2,25,15,0.1682
2,25,16,0.1715
2,25,17,0.1759
2,25,18,0.1771
2,25,19,0.1735
2,25,20,0.172
2,25,21,0.1678
2,25,22,0.1472
2,25,23,0.1373
2,26,0,0.1298
2,26,1,0.1307
2,26,2,0.1268
2,26,3,0.1243
2,26,4,0.1261
2,26,5,0.1381
2,26,6,0.1602
2,26,7,0.1716
2,26,8,0.1743
2,26,9,0.1725
2,26,10,0.1721
2,26,11,0.1642
2,26,12,0.1655
2,26,13,0.1679
2,26,14,0.1712
2,26,15,0.1757
2,26,16,0.1783
2,26,17,0.1856
2,26,18,0.1917
2,26,19,0.1911
2,26,20,0.1885
2,26,21,0.1824
2,26,22,0.1665
2,26,23,0.159
2,27,0,0.1583
2,27,1,0.1514
2,27,2,0.1511
2,27,3,0.1483
2,27,4,0.1467
2,27,5,0.1523
2,27,6,0.1671
2,27,7,0.1667
2,27,8,0.1623
2,27,9,0.1596
2,27,10,0.1567
2,27,11,0.1568
2,27,12,0.1531
2,27,13,0.1482
2,27,14,0.1506
2,27,15,0.1536
2,27,16,0.1601
2,27,17,0.1725
2,27,18,0.175
2,27,19,0.1813
2,27,20,0.1798
2,27,21,0.1664
2,27,22,0.153
2,27,23,0.1431
2,28,0,0.1447
2,28,1,0.1394
2,28,2,0.1432
2,28,3,0.1363
2,28,4,0.1345
2,28,5,0.1378
2,28,6,0.1449
2,28,7,0.1493
2,28,8,0.1525
2,28,9,0.1502
2,28,10,0.1457
2,28,11,0.1475
2,28,12,0.146
2,28,13,0.1446
2,28,14,0.1484
2,28,15,0.1597
2,28,16,0.1658
2,28,17,0.1689
2,28,18,0.1726
2,28,19,0.1727
2,28,20,0.173
2,28,21,0.1692
2,28,22,0.156
2,28,23,0.1413
2,29,0,0.1418
2,29,1,0.1423
2,29,2,0.1391
2,29,3,0.1353
2,29,4,0.1353
2,29,5,0.1371
2,29,6,0.1514
2,29,7,0.1539
2,29,8,0.1592
2,29,9,0.1614
2,29,10,0.1676
2,29,11,0.1694
2,29,12,0.1635
2,29,13,0.1612
2,29,14,0.1588
2,29,15,0.1574
2,29,16,0.1625
2,29,17,0.1691
2,29,18,0.1716
2,29,19,0.1634
2,29,20,0.1605
2,29,21,0.1504
2,29,22,0.1356
2,29,23,0.1324
3,1,0,0.127
3,1,1,0.1311
3,1,2,0.1323
3,1,3,0.1312
3,1,4,0.1378
3,1,5,0.1507
3,1,6,0.1774
3,1,7,0.1897
3,1,8,0.1989
3,1,9,0.1909
3,1,10,0.1958
3,1,11,0.1855
3,1,12,0.1709
3,1,13,0.1683
3,1,14,0.1666
3,1,15,0.1666
3,1,16,0.1703
3,1,17,0.1758
3,1,18,0.1856
3,1,19,0.1791
3,1,20,0.1675
3,1,21,0.1557
3,1,22,0.1463
3,1,23,0.1374
3,2,0,0.1314
3,2,1,0.1224
3,2,2,0.1224
3,2,3,0.1229
3,2,4,0.1282
3,2,5,0.1391
3,2,6,0.1658
3,2,7,0.181
3,2,8,0.1728
3,2,9,0.1821
3,2,10,0.1759
3,2,11,0.1755
3,2,12,0.1703
3,2,13,0.1646
3,2,14,0.1692
3,2,15,0.1758
3,2,16,0.1796
3,2,17,0.1891
3,2,18,0.2019
3,2,19,0.2049
3,2,20,0.1974
3,2,21,0.1947
3,2,22,0.1811
3,2,23,0.1645
3,3,0,0.165
3,3,1,0.1621
3,3,2,0.154
3,3,3,0.1508
3,3,4,0.1542
3,3,5,0.1662
3,3,6,0.1926
3,3,7,0.1993
3,3,8,0.2008
3,3,9,0.1998
3,3,10,0.2079
3,3,11,0.2092
3,3,12,0.2031
3,3,13,0.2045
3,3,14,0.1988
3,3,15,0.1985
3,3,16,0.2045
3,3,17,0.2081
3,3,18,0.2137
3,3,19,0.2128
3,3,20,0.209
3,3,21,0.2095
3,3,22,0.1889
3,3,23,0.1782
3,4,0,0.168
3,4,1,0.1632
3,4,2,0.1631
3,4,3,0.1644
3,4,4,0.1687
3,4,5,0.177
3,4,6,0.1926
3,4,7,0.2054
3,4,8,0.2101
3,4,9,0.2091
3,4,10,0.2072
3,4,11,0.2082
3,4,12,0.2045
3,4,13,0.207
3,4,14,0.21
3,4,15,0.2052
3,4,16,0.1977
3,4,17,0.1992
3,4,18,0.2075
3,4,19,0.2067
3,4,20,0.205
3,4,21,0.2005
3,4,22,0.1815
3,4,23,0.1689
3,5,0,0.1605
3,5,1,0.1628
3,5,2,0.1603
3,5,3,0.1507
3,5,4,0.1454
3,5,5,0.1587
3,5,6,0.1773
3,5,7,0.1807
3,5,8,0.1821
3,5,9,0.195
3,5,10,0.203
3,5,11,0.1916
3,5,12,0.1849
3,5,13,0.1847
3,5,14,0.1818
3,5,15,0.1817
3,5,16,0.1869
3,5,17,0.1963
3,5,18,0.1989
3,5,19,0.2023
3,5,20,0.2014
3,5,21,0.1906
3,5,22,0.1759
3,5,23,0.1602
3,6,0,0.1552
3,6,1,0.1531
3,6,2,0.1535
3,6,3,0.1578
3,6,4,0.1588
3,6,5,0.1634
3,6,6,0.1802
3,6,7,0.1848
3,6,8,0.1786
3,6,9,0.1854
3,6,10,0.1878
3,6,11,0.1844
3,6,12,0.1812
3,6,13,0.1823
3,6,14,0.1739
3,6,15,0.181
3,6,16,0.1824
3,6,17,0.1904
3,6,18,0.2092
3,6,19,0.2016
3,6,20,0.1889
3,6,21,0.1863
3,6,22,0.1647
3,6,23,0.1654
3,7,0,0.1623
3,7,1,0.1625
3,7,2,0.1608
3,7,3,0.1633
3,7,4,0.1646
3,7,5,0.1769
3,7,6,0.1977
3,7,7,0.1984
3,7,8,0.1897
3,7,9,0.1892
3,7,10,0.1861
3,7,11,0.1893
3,7,12,0.1892
3,7,13,0.1834
3,7,14,0.186
3,7,15,0.1898
3,7,16,0.1959
3,7,17,0.1966
3,7,18,0.1979
3,7,19,0.1997
3,7,20,0.1973
3,7,21,0.196
3,7,22,0.1771
3,7,23,0.1556
3,8,0,0.1567
3,8,1,0.1534
3,8,2,0.1528
3,8,3,0.1532
3,8,4,0.1497
3,8,5,0.1585
3,8,6,0.1784
3,8,7,0.1954
3,8,8,0.203
3,8,9,0.2013
3,8,10,0.1979
3,8,11,0.1894
3,8,12,0.1801
3,8,13,0.1813
3,8,14,0.1798
3,8,15,0.182
3,8,16,0.1836
3,8,17,0.1918
3,8,18,0.198
3,8,19,0.1929
3,8,20,0.1981
3,8,21,0.1868
3,8,22,0.1595
3,8,23,0.1627
3,9,0,0.162
3,9,1,0.1378
3,9,2,0.1355
3,9,3,0.137
3,9,4,0.1392
3,9,5,0.1499
3,9,6,0.1687
3,9,7,0.1687
3,9,8,0.1653
3,9,9,0.1675
3,9,10,0.1674
3,9,11,0.1705
3,9,12,0.1772
3,9,13,0.1769
3,9,14,0.1784
3,9,15,0.181
3,9,16,0.1793
3,9,17,0.1783
3,9,18,0.186
3,9,19,0.1816
3,9,20,0.1818
3,9,21,0.1731
3,9,22,0.1578
3,9,23,0.1569
3,10,0,0.1423
3,10,1,0.14
3,10,2,0.1398
3,10,3,0.1384
3,10,4,0.1382
3,10,5,0.1438
3,10,6,0.1644
3,10,7,0.1656
3,10,8,0.1715
3,10,9,0.1761
3,10,10,0.1803
3,10,11,0.1838
3,10,12,0.1831
3,10,13,0.1799
3,10,14,0.1815
3,10,15,0.1835
3,10,16,0.1844
3,10,17,0.1964
3,10,18,0.1955
3,10,19,0.1932
3,10,20,0.184
3,10,21,0.1778
3,10,22,0.1567
3,10,23,0.15
3,11,0,0.1471
3,11,1,0.1479
3,11,2,0.1458
3,11,3,0.1459
3,11,4,0.1438
3,11,5,0.1477
3,11,6,0.151
3,11,7,0.1622
3,11,8,0.1779
3,11,9,0.1806
3,11,10,0.1857
3,11,11,0.189
3,11,12,0.1848
3,11,13,0.1821
3,11,14,0.1821
3,11,15,0.1844
3,11,16,0.1872
3,11,17,0.1883
3,11,18,0.1805
3,11,19,0.1803
3,11,20,0.1747
3,11,21,0.1659
3,11,22,0.1482
3,11,23,0.142
3,12,0,0.1406
3,12,1,0.139
3,12,2,0.1283
3,12,3,0.1325
3,12,4,0.1341
3,12,5,0.1354
3,12,6,0.1412
3,12,7,0.1565
3,12,8,0.1498
3,12,9,0.1439
3,12,10,0.1384
3,12,11,0.1365
3,12,12,0.1364
3,12,13,0.1389
3,12,14,0.1387
3,12,15,0.1414
3,12,16,0.1459
3,12,17,0.1548
3,12,18,0.1601
3,12,19,0.1526
3,12,20,0.1437
3,12,21,0.1384
3,12,22,0.1332
3,12,23,0.1418
3,13,0,0.1451
3,13,1,0.1526
3,13,3,0.1583
3,13,4,0.1479
3,13,5,0.1401
3,13,6,0.1342
3,13,7,0.1288
3,13,8,0.1378
3,13,9,0.1555
3,13,10,0.151
3,13,11,0.1324
3,13,12,0.1312
3,13,13,0.1301
3,13,14,0.1393
3,13,15,0.142
3,13,16,0.1442
3,13,17,0.1448
3,13,18,0.149
3,13,19,0.1565
3,13,20,0.1539
3,13,21,0.1437
3,13,22,0.1415
3,13,23,0.1462
3,14,0,0.1392
3,14,1,0.1366
3,14,2,0.1349
3,14,3,0.1414
3,14,4,0.1466
3,14,5,0.1589
3,14,6,0.1677
3,14,7,0.1737
3,14,8,0.1789
3,14,9,0.1767
3,14,10,0.1773
3,14,11,0.1823
3,14,12,0.1823
3,14,13,0.1881
3,14,14,0.1857
3,14,15,0.178
3,14,16,0.1808
3,14,17,0.1819
3,14,18,0.1976
3,14,19,0.2001
3,14,20,0.1903
3,14,21,0.1757
3,14,22,0.1607
3,14,23,0.1536
3,15,0,0.1524
3,15,1,0.1489
3,15,2,0.1495
3,15,3,0.1491
3,15,4,0.1548
3,15,5,0.1588
3,15,6,0.1696
3,15,7,0.1833
3,15,8,0.1847
3,15,9,0.1833
3,15,10,0.1914
3,15,11,0.1885
3,15,12,0.1888
3,15,13,0.1846
3,15,14,0.1867
3,15,15,0.1849
3,15,16,0.1837
3,15,17,0.1901
3,15,18,0.1924
3,15,19,0.1941
3,15,20,0.1905
3,15,21,0.1792
3,15,22,0.1676
3,15,23,0.1562
3,16,0,0.1393
3,16,1,0.1379
3,16,2,0.1377
3,16,3,0.1342
3,16,4,0.1298
3,16,5,0.1285
3,16,6,0.1516
3,16,7,0.1641
3,16,8,0.1712
3,16,9,0.173
3,16,10,0.1689
3,16,11,0.1693
3,16,12,0.1727
3,16,13,0.1683
3,16,14,0.1689
3,16,15,0.169
3,16,16,0.1744
3,16,17,0.183
3,16,18,0.1837
3,16,19,0.1936
3,16,20,0.1879
3,16,21,0.1714
3,16,22,0.1496
3,16,23,0.1396
3,17,0,0.1497
3,17,1,0.1552
3,17,2,0.157
3,17,3,0.1512
3,17,4,0.1436
3,17,5,0.1492
3,17,6,0.1573
3,17,7,0.1773
3,17,8,0.1896
3,17,9,0.1799
3,17,10,0.1763
3,17,11,0.1721
3,17,12,0.1765
3,17,13,0.1716
3,17,14,0.1726
3,17,15,0.1754
3,17,16,0.1756
3,17,17,0.1809
3,17,18,0.1802
3,17,19,0.1893
3,17,20,0.1865
3,17,21,0.1708
3,17,22,0.1521
3,17,23,0.141
3,18,0,0.1415
3,18,1,0.1472
3,18,2,0.1389
3,18,3,0.138
3,18,4,0.1386
3,18,5,0.1524
3,18,6,0.1664
3,18,7,0.1839
3,18,8,0.1863
3,18,9,0.1836
3,18,10,0.1841
3,18,11,0.1854
3,18,12,0.1851
3,18,13,0.1829
3,18,14,0.1715
3,18,15,0.1647
3,18,16,0.175
3,18,17,0.1778
3,18,18,0.1777
3,18,19,0.1825
3,18,20,0.1759
3,18,21,0.1712
3,18,22,0.1581
3,18,23,0.1526
3,19,0,0.1507
3,19,1,0.1527
3,19,2,0.1489
3,19,3,0.1456
3,19,4,0.1424
3,19,5,0.1446
3,19,6,0.1493
3,19,7,0.15
3,19,8,0.1556
3,19,9,0.1643
3,19,10,0.1628
3,19,11,0.1644
3,19,12,0.1634
3,19,13,0.162
3,19,14,0.1572
3,19,15,0.1587
3,19,16,0.1566
3,19,17,0.1595
3,19,18,0.1727
3,19,19,0.1774
3,19,20,0.1708
3,19,21,0.1648
3,19,22,0.16
3,19,23,0.1479
3,20,0,0.152
3,20,1,0.1508
3,20,2,0.1521
3,20,3,0.155
3,20,4,0.1552
3,20,5,0.159
3,20,6,0.1623
3,20,7,0.1567
3,20,8,0.1623
3,20,9,0.1652
3,20,10,0.1617
3,20,11,0.1608
3,20,12,0.1617
3,20,13,0.1627
3,20,14,0.1653
3,20,15,0.166
3,20,16,0.1682
3,20,17,0.1729
3,20,18,0.1794
3,20,19,0.1885
3,20,20,0.1937
3,20,21,0.1812
3,20,22,0.1661
3,20,23,0.1558
3,21,0,0.1576
3,21,1,0.1562
3,21,2,0.1562
3,21,3,0.1558
3,21,4,0.1547
3,21,5,0.161
3,21,6,0.1872
3,21,7,0.187
3,21,8,0.203
3,21,9,0.2024
3,21,10,0.1971
3,21,11,0.1934
3,21,12,0.1865
3,21,13,0.1832
3,21,14,0.174
3,21,15,0.1717
3,21,16,0.171
3,21,17,0.1756
3,21,18,0.1838
3,21,19,0.1909
3,21,20,0.1934
3,21,21,0.186
3,21,22,0.1784
3,21,23,0.1712
3,22,0,0.1603
3,22,1,0.1563
3,22,2,0.1577
3,22,3,0.1584
3,22,4,0.1579
3,22,5,0.1666
3,22,6,0.1868
3,22,7,0.1963
3,22,8,0.2041
3,22,9,0.1991
3,22,10,0.1964
3,22,11,0.1959
3,22,12,0.1882
3,22,13,0.1802
3,22,14,0.1679
3,22,15,0.1679
3,22,16,0.1757
3,22,17,0.1839
3,22,18,0.1862
3,22,19,0.1812
3,22,20,0.1885
3,22,21,0.1811
3,22,22,0.1685
3,22,23,0.1633
3,23,0,0.1623
3,23,1,0.1621
3,23,2,0.1395
3,23,3,0.1393
3,23,4,0.1389
3,23,5,0.1533
3,23,6,0.1779
3,23,7,0.1943
3,23,8,0.2047
3,23,9,0.2024
3,23,10,0.2078
3,23,11,0.2083
3,23,12,0.2022
3,23,13,0.1994
3,23,14,0.1912
3,23,15,0.1888
3,23,16,0.1908
3,23,17,0.1829
3,23,18,0.1791
3,23,19,0.1866
3,23,20,0.1933
3,23,21,0.1847
3,23,22,0.1755
3,23,23,0.1612
3,24,0,0.1532
3,24,1,0.1549
3,24,2,0.1549
3,24,3,0.154
3,24,4,0.1586
3,24,5,0.1566
3,24,6,0.1745
3,24,7,0.1942
3,24,8,0.1948
3,24,9,0.1928
3,24,10,0.185
3,24,11,0.1798
3,24,12,0.1777
3,24,13,0.1791
3,24,14,0.1755
3,24,15,0.1762
3,24,16,0.1794
3,24,17,0.1871
3,24,18,0.1873
3,24,19,0.1892
3,24,20,0.1823
3,24,21,0.1736
3,24,22,0.1645
3,24,23,0.1601
3,25,0,0.161
3,25,1,0.1566
3,25,2,0.1512
3,25,3,0.1482
3,25,4,0.1516
3,25,5,0.1539
3,25,6,0.1672
3,25,7,0.174
3,25,8,0.181
3,25,9,0.1829
3,25,10,0.1888
3,25,11,0.1914
3,25,12,0.1921
3,25,13,0.1921
3,25,14,0.1809
3,25,15,0.1698
3,25,16,0.1672
3,25,17,0.1702
3,25,18,0.1793
3,25,19,0.1815
3,25,20,0.1763
3,25,21,0.1789
3,25,22,0.1643
3,25,23,0.1498
3,26,0,0.1398
3,26,1,0.1356
3,26,2,0.1376
3,26,3,0.1398
3,26,4,0.1389
3,26,5,0.1456
3,26,6,0.1504
3,26,7,0.155
3,26,8,0.1712
3,26,9,0.1739
3,26,10,0.1787
3,26,11,0.1753
3,26,12,0.175
3,26,13,0.1733
3,26,14,0.1661
3,26,15,0.1659
3,26,16,0.1635
3,26,17,0.1628
3,26,18,0.1694
3,26,19,0.1821
3,26,20,0.189
3,26,21,0.1812
3,26,22,0.1625
3,26,23,0.1524
3,27,0,0.1619
3,27,1,0.1516
3,27,2,0.1458
3,27,3,0.1503
3,27,4,0.1491
3,27,5,0.1514
3,27,6,0.1505
3,27,7,0.1556
3,27,8,0.1655
3,27,9,0.1751
3,27,10,0.1824
3,27,11,0.1833
3,27,12,0.1746
3,27,13,0.172
3,27,14,0.1715
3,27,15,0.1719
3,27,16,0.1743
3,27,17,0.1719
3,27,18,0.1758
3,27,19,0.1868
3,27,20,0.191
3,27,21,0.1839
3,27,22,0.1644
3,27,23,0.1582
3,28,0,0.1456
3,28,1,0.1449
3,28,2,0.1524
3,28,3,0.1502
3,28,4,0.1504
3,28,5,0.1517
3,28,6,0.163
3,28,7,0.1653
3,28,8,0.1703
3,28,9,0.1779
3,28,10,0.2022
3,28,11,0.1981
3,28,12,0.2167
3,28,13,0.215
3,28,14,0.2165
3,28,15,0.2005
3,28,16,0.1951
3,28,17,0.1814
3,28,18,0.1868
3,28,19,0.193
3,28,20,0.186
3,28,21,0.1754
3,28,22,0.1606
3,28,23,0.1522
3,29,0,0.1482
3,29,1,0.1476
3,29,2,0.1527
3,29,3,0.1512
3,29,4,0.1491
3,29,5,0.1527
3,29,6,0.1671
3,29,7,0.1814
3,29,8,0.181
3,29,9,0.1834
3,29,10,0.1945
3,29,11,0.1977
3,29,12,0.1928
3,29,13,0.1916
3,29,14,0.1798
3,29,15,0.18
3,29,16,0.1783
3,29,17,0.1806
3,29,18,0.1784
3,29,19,0.1868
3,29,20,0.193
3,29,21,0.1895
3,29,22,0.1816
3,29,23,0.1648
3,30,0,0.1606
3,30,1,0.1526
3,30,2,0.1569
3,30,3,0.1629
3,30,4,0.1582
3,30,5,0.1668
3,30,6,0.1825
3,30,7,0.1871
3,30,8,0.189
3,30,9,0.1881
3,30,10,0.1952
3,30,11,0.1888
3,30,12,0.1822
3,30,13,0.1786
3,30,14,0.1856
3,30,15,0.1785
3,30,16,0.1834
3,30,17,0.1871
3,30,18,0.1841
3,30,19,0.1925
3,30,20,0.1849
3,30,21,0.1733
3,30,22,0.1604
3,30,23,0.148
3,31,0,0.1362
3,31,1,0.1271
3,31,2,0.128
3,31,3,0.1284
3,31,4,0.1324
3,31,5,0.1401
3,31,6,0.1505
3,31,7,0.1633
3,31,8,0.1715
3,31,9,0.167
3,31,10,0.1702
3,31,11,0.1657
3,31,12,0.1695
3,31,13,0.1665
3,31,14,0.1699
3,31,15,0.1763
3,31,16,0.1756
3,31,17,0.1762
3,31,18,0.1678
3,31,19,0.1644
3,31,20,0.1663
3,31,21,0.1558
3,31,22,0.1514
3,31,23,0.1462
4,1,0,0.1447
4,1,1,0.1441
4,1,2,0.1395
4,1,3,0.1422
4,1,4,0.1415
4,1,5,0.1471
4,1,6,0.1543
4,1,7,0.1641
4,1,8,0.1724
4,1,9,0.1749
4,1,10,0.1764
4,1,11,0.1864
4,1,12,0.1967
4,1,13,0.1995
4,1,14,0.2088
4,1,15,0.2164
4,1,16,0.2172
4,1,17,0.2156
4,1,18,0.2185
4,1,19,0.2205
4,1,20,0.2022
4,1,21,0.1816
4,1,22,0.1568
4,1,23,0.1457
4,2,0,0.1377
4,2,1,0.134
4,2,2,0.1349
4,2,3,0.1351
4,2,4,0.1311
4,2,5,0.1338
4,2,6,0.144
4,2,7,0.1415
4,2,8,0.144
4,2,9,0.1587
4,2,10,0.163
4,2,11,0.156
4,2,12,0.1582
4,2,13,0.153
4,2,14,0.1554
4,2,15,0.1636
4,2,16,0.1571
4,2,17,0.1609
4,2,18,0.1598
4,2,19,0.1659
4,2,20,0.1683
4,2,21,0.1595
4,2,22,0.1526
4,2,23,0.145
4,3,0,0.1453
4,3,1,0.1476
4,3,2,0.148
4,3,3,0.1463
4,3,4,0.1473
4,3,5,0.1502
4,3,6,0.1443
4,3,7,0.1472
4,3,8,0.1586
4,3,9,0.1566
4,3,10,0.1617
4,3,11,0.1578
4,3,12,0.1506
4,3,13,0.1496
4,3,14,0.149
4,3,15,0.1531
4,3,16,0.1545
4,3,17,0.1581
4,3,18,0.1645
4,3,19,0.1788
4,3,20,0.1858
4,3,21,0.1853
4,3,22,0.1823
4,3,23,0.1847
4,4,0,0.1811
4,4,1,0.1751
4,4,2,0.1754
4,4,3,0.1806
4,4,4,0.1861
4,4,5,0.1925
4,4,6,0.195
4,4,7,0.1914
4,4,8,0.1943
4,4,9,0.2028
4,4,10,0.2033
4,4,11,0.1975
4,4,12,0.1998
4,4,13,0.1976
4,4,14,0.2005
4,4,15,0.2014
4,4,16,0.2015
4,4,17,0.2019
4,4,18,0.2083
4,4,19,0.2129
4,4,20,0.2108
4,4,21,0.2055
4,4,22,0.1933
4,4,23,0.1838
4,5,0,0.1779
4,5,1,0.1812
4,5,2,0.18
4,5,3,0.1798
4,5,4,0.1839
4,5,5,0.1906
4,5,6,0.2057
4,5,7,0.2172
4,5,8,0.2214
4,5,9,0.224
4,5,10,0.2157
4,5,11,0.2238
4,5,12,0.2155
4,5,13,0.209
4,5,14,0.209
4,5,15,0.209
4,5,16,0.207
4,5,17,0.2014
4,5,18,0.2037
4,5,19,0.2084
4,5,20,0.2115
4,5,21,0.2144
4,5,22,0.2069
4,5,23,0.1978
4,6,0,0.1904
4,6,1,0.1991
4,6,2,0.1977
4,6,3,0.1933
4,6,4,0.1885
4,6,5,0.1968
4,6,6,0.2038
4,6,7,0.1995
4,6,8,0.1995
4,6,9,0.2007
4,6,10,0.2017
4,6,11,0.2051
4,6,12,0.1962
4,6,13,0.1923
4,6,14,0.1829
4,6,15,0.1821
4,6,16,0.1875
4,6,17,0.1919
4,6,18,0.1997
4,6,19,0.1991
4,6,20,0.2008
4,6,21,0.1955
4,6,22,0.1853
4,6,23,0.1747
4,7,0,0.1679
4,7,1,0.1684
4,7,2,0.1636
4,7,3,0.1583
4,7,4,0.1567
4,7,5,0.1617
4,7,6,0.1724
4,7,7,0.1794
4,7,8,0.1846
4,7,9,0.1843
4,7,10,0.1897
4,7,11,0.1918
4,7,12,0.1941
4,7,13,0.1981
4,7,14,0.2043
4,7,15,0.1979
4,7,16,0.1989
4,7,17,0.1982
4,7,18,0.1971
4,7,19,0.1967
4,7,20,0.197
4,7,21,0.1917
4,7,22,0.183
4,7,23,0.1846
4,8,0,0.1732
4,8,1,0.1715
4,8,2,0.1687
4,8,3,0.17
4,8,4,0.1708
4,8,5,0.1774
4,8,6,0.1871
4,8,7,0.1933
4,8,8,0.1941
4,8,9,0.1943
4,8,10,0.1966
4,8,11,0.1969
4,8,12,0.1919
4,8,13,0.1888
4,8,14,0.1899
4,8,15,0.19
4,8,16,0.1905
4,8,17,0.1941
4,8,18,0.1996
4,8,19,0.1967
4,8,20,0.201
4,8,21,0.195
4,8,22,0.1808
4,8,23,0.1764
4,9,0,0.1735
4,9,1,0.1763
4,9,2,0.1696
4,9,3,0.1759
4,9,4,0.1743
4,9,5,0.175
4,9,6,0.1793
4,9,7,0.1848
4,9,8,0.1883
4,9,9,0.1991
4,9,10,0.1958
4,9,11,0.1956
4,9,12,0.1959
4,9,13,0.1958
4,9,14,0.1936
4,9,15,0.1902
4,9,16,0.1938
4,9,17,0.197
4,9,18,0.2009
4,9,19,0.2042
4,9,20,0.2075
4,9,21,0.1988
4,9,22,0.1881
4,9,23,0.1801
4,10,0,0.1774
4,10,1,0.1826
4,10,2,0.1803
4,10,3,0.178
4,10,4,0.1789
4,10,5,0.1777
4,10,6,0.176
4,10,7,0.1723
4,10,8,0.1779
4,10,9,0.1828
4,10,10,0.1854
4,10,11,0.187
4,10,12,0.1875
4,10,13,0.1818
4,10,14,0.1792
4,10,15,0.1787
4,10,16,0.1805
4,10,17,0.1849
4,10,18,0.1913
4,10,19,0.2087
4,10,20,0.2114
4,10,21,0.2095
4,10,22,0.1894
4,10,23,0.1852
4,11,0,0.1813
4,11,1,0.1791
4,11,2,0.1769
4,11,3,0.1837
4,11,4,0.1894
4,11,5,0.1993
4,11,6,0.2161
4,11,7,0.2126
4,11,8,0.21
4,11,9,0.212
4,11,10,0.2118
4,11,11,0.2121
4,11,12,0.2135
4,11,13,0.2106
4,11,14,0.2052
4,11,15,0.2068
4,11,16,0.2075
4,11,17,0.2084
4,11,18,0.2146
4,11,19,0.2169
4,11,20,0.2179
4,11,21,0.2162
4,11,22,0.21
4,11,23,0.1998
4,12,0,0.1905
4,12,1,0.1867
4,12,2,0.1813
4,12,3,0.1772
4,12,4,0.1815
4,12,5,0.191
4,12,6,0.2128
4,12,7,0.2168
4,12,8,0.2157
4,12,9,0.2126
4,12,10,0.2123
4,12,11,0.2144
4,12,12,0.2109
4,12,13,0.2108
4,12,14,0.2115
4,12,15,0.2122
4,12,16,0.2117
4,12,17,0.2124
4,12,18,0.2088
4,12,19,0.2136
4,12,20,0.2179
4,12,21,0.2177
4,12,22,0.2154
4,12,23,0.2056
4,13,0,0.1995
4,13,1,0.2029
4,13,2,0.1992
4,13,3,0.1984
4,13,4,0.202
4,13,5,0.2156
4,13,6,0.2243
4,13,7,0.225
4,13,8,0.2237
4,13,9,0.2208
4,13,10,0.2252
4,13,11,0.2282
4,13,12,0.2202
4,13,13,0.2086
4,13,14,0.2067
4,13,15,0.2107
4,13,16,0.2096
4,13,17,0.2171
4,13,18,0.213
4,13,19,0.2183
4,13,20,0.219
4,13,21,0.2137
4,13,22,0.2024
4,13,23,0.1919
4,14,0,0.1891
4,14,1,0.1854
4,14,2,0.1811
4,14,3,0.189
4,14,4,0.1926
4,14,5,0.2051
4,14,6,0.2176
4,14,7,0.2186
4,14,8,0.2199
4,14,9,0.2218
4,14,10,0.2242
4,14,11,0.2253
4,14,12,0.224
4,14,13,0.2222
4,14,14,0.2159
4,14,15,0.2162
4,14,16,0.2198
4,14,17,0.2189
4,14,18,0.2195
4,14,19,0.2213
4,14,20,0.2265
4,14,21,0.2204
4,14,22,0.2069
4,14,23,0.206
4,15,0,0.1985
4,15,1,0.1956
4,15,2,0.1942
4,15,3,0.1905
4,15,4,0.1963
4,15,5,0.2076
4,15,6,0.2251
4,15,7,0.2308
4,15,8,0.2308
4,15,9,0.2296
4,15,10,0.2264
4,15,11,0.224
4,15,12,0.2244
4,15,13,0.2238
4,15,14,0.2178
4,15,15,0.2171
4,15,16,0.2224
4,15,17,0.2247
4,15,18,0.2243
4,15,19,0.2225
4,15,20,0.2197
4,15,21,0.2173
4,15,22,0.2014
4,15,23,0.2009
4,16,0,0.1752
4,16,1,0.169
4,16,2,0.1625
4,16,3,0.1643
4,16,4,0.168
4,16,5,0.1678
4,16,6,0.1823
4,16,7,0.1866
4,16,8,0.1915
4,16,9,0.1966
4,16,10,0.2008
4,16,11,0.1965
4,16,12,0.197
4,16,13,0.1976
4,16,14,0.1951
4,16,15,0.1857
4,16,16,0.1869
4,16,17,0.1906
4,16,18,0.1875
4,16,19,0.1948
4,16,20,0.2048
4,16,21,0.2011
4,16,22,0.1883
4,16,23,0.1881
4,17,0,0.1815
4,17,1,0.18
4,17,2,0.1752
4,17,3,0.1749
4,17,4,0.177
4,17,5,0.1829
4,17,6,0.1886
4,17,7,0.1821
4,17,8,0.1854
4,17,9,0.1958
4,17,10,0.1936
4,17,11,0.1823
4,17,12,0.1836
4,17,13,0.1838
4,17,14,0.1788
4,17,15,0.1785
4,17,16,0.1888
4,17,17,0.202
4,17,18,0.2012
4,17,19,0.2044
4,17,20,0.1982
4,17,21,0.1947
4,17,22,0.1887
4,17,23,0.1838
4,18,0,0.1655
4,18,1,0.1689
4,18,2,0.1667
4,18,3,0.1681
4,18,4,0.1706
4,18,5,0.1744
4,18,6,0.1948
4,18,7,0.198
4,18,8,0.1969
4,18,9,0.1987
4,18,10,0.1955
4,18,11,0.1965
4,18,12,0.1961
4,18,13,0.1992
4,18,14,0.1996
4,18,15,0.2024
4,18,16,0.2021
4,18,17,0.2052
4,18,18,0.2106
4,18,19,0.2057
4,18,20,0.2054
4,18,21,0.1976
4,18,22,0.1849
4,18,23,0.1777
4,19,0,0.1685
4,19,1,0.1672
4,19,2,0.1631
4,19,3,0.1641
4,19,4,0.1656
4,19,5,0.1737
4,19,6,0.1948
4,19,7,0.2089
4,19,8,0.2097
4,19,9,0.2093
4,19,10,0.2098
4,19,11,0.2091
4,19,12,0.2083
4,19,13,0.2069
4,19,14,0.2047
4,19,15,0.2032
4,19,16,0.2077
4,19,17,0.2143
4,19,18,0.2093
4,19,19,0.209
4,19,20,0.2105
4,19,21,0.2099
4,19,22,0.1982
4,19,23,0.1781
4,20,0,0.1678
4,20,1,0.1694
4,20,2,0.1695
4,20,3,0.1685
4,20,4,0.1704
4,20,5,0.1826
4,20,6,0.1955
4,20,7,0.2102
4,20,8,0.2132
4,20,9,0.2203
4,20,10,0.2192
4,20,11,0.2219
4,20,12,0.2218
4,20,13,0.2214
4,20,14,0.2156
4,20,15,0.213
4,20,16,0.2133
4,20,17,0.2182
4,20,18,0.2177
4,20,19,0.2147
4,20,20,0.2152
4,20,21,0.2119
4,20,22,0.1943
4,20,23,0.1849
4,21,0,0.1803
4,21,1,0.1748
4,21,2,0.1729
4,21,3,0.1708
4,21,4,0.1694
4,21,5,0.1782
4,21,6,0.1931
4,21,7,0.2052
4,21,8,0.211
4,21,9,0.2095
4,21,10,0.2071
4,21,11,0.2095
4,21,12,0.2076
4,21,13,0.205
4,21,14,0.2048
4,21,15,0.2069
4,21,16,0.2096
4,21,17,0.2109
4,21,18,0.2143
4,21,19,0.2104
4,21,20,0.2175
4,21,21,0.2119
4,21,22,0.2051
4,21,23,0.1958
4,22,0,0.1735
4,22,1,0.1709
4,22,2,0.1641
4,22,3,0.1608
4,22,4,0.1646
4,22,5,0.1704
4,22,6,0.1916
4,22,7,0.2062
4,22,8,0.2061
4,22,9,0.2071
4,22,10,0.2091
4,22,11,0.2159
4,22,12,0.2153
4,22,13,0.2165
4,22,14,0.2171
4,22,15,0.2148
4,22,16,0.2148
4,22,17,0.214
4,22,18,0.217
4,22,19,0.2144
4,22,20,0.2162
4,22,21,0.2185
4,22,22,0.204
4,22,23,0.196
4,23,0,0.1837
4,23,1,0.1818
4,23,2,0.176
4,23,3,0.1741
4,23,4,0.1754
4,23,5,0.181
4,23,6,0.1854
4,23,7,0.191
4,23,8,0.1986
4,23,9,0.2022
4,23,10,0.2039
4,23,11,0.2111
4,23,12,0.2002
4,23,13,0.1985
4,23,14,0.1958
4,23,15,0.1948
4,23,16,0.1932
4,23,17,0.1973
4,23,18,0.1991
4,23,19,0.2
4,23,20,0.2045
4,23,21,0.2087
4,23,22,0.2044
4,23,23,0.1932
4,24,0,0.1893
4,24,1,0.1779
4,24,2,0.1741
4,24,3,0.1746
4,24,4,0.1747
4,24,5,0.1769
4,24,6,0.1795
4,24,7,0.1802
4,24,8,0.1842
4,24,9,0.1864
4,24,10,0.1959
4,24,11,0.1943
4,24,12,0.1989
4,24,13,0.1987
4,24,14,0.1958
4,24,15,0.1972
4,24,16,0.1972
4,24,17,0.1988
4,24,18,0.2069
4,24,19,0.2076
4,24,20,0.2141
4,24,21,0.2161
4,24,22,0.2119
4,24,23,0.208
4,25,0,0.1916
4,25,1,0.1888
4,25,2,0.1886
4,25,3,0.1918
4,25,4,0.1902
4,25,5,0.1966
4,25,6,0.2156
4,25,7,0.2201
4,25,8,0.2277
4,25,9,0.2246
4,25,10,0.2226
4,25,11,0.2274
4,25,12,0.2263
4,25,13,0.2316
4,25,14,0.2292
4,25,15,0.2289
4,25,16,0.2289
4,25,17,0.2311
4,25,18,0.2316
4,25,19,0.2284
4,25,20,0.2281
4,25,21,0.2273
4,25,22,0.2138
4,25,23,0.2047
4,26,0,0.1892
4,26,1,0.1839
4,26,2,0.183
4,26,3,0.1891
4,26,4,0.1917
4,26,5,0.2034
4,26,6,0.2222
4,26,7,0.2235
4,26,8,0.2243
4,26,9,0.2276
4,26,10,0.2294
4,26,11,0.2352
4,26,12,0.2371
4,26,13,0.2349
4,26,14,0.235
4,26,15,0.2376
4,26,16,0.2385
4,26,17,0.2354
4,26,18,0.2346
4,26,19,0.2314
4,26,20,0.2336
4,26,21,0.2315
4,26,22,0.2292
4,26,23,0.221
4,27,0,0.2002
4,27,1,0.1917
4,27,2,0.1851
4,27,3,0.187
4,27,4,0.1861
4,27,5,0.2013
4,27,6,0.2187
4,27,7,0.2137
4,27,8,0.2174
4,27,9,0.2119
4,27,10,0.2109
4,27,11,0.2087
4,27,12,0.2032
4,27,13,0.2026
4,27,14,0.2013
4,27,15,0.2039
4,27,16,0.2026
4,27,17,0.2053
4,27,18,0.2078
4,27,19,0.2063
4,27,20,0.2055
4,27,21,0.202
4,27,22,0.195
4,27,23,0.187
4,28,0,0.1952
4,28,1,0.1896
4,28,2,0.1876
4,28,3,0.1807
4,28,4,0.1832
4,28,5,0.1919
4,28,6,0.2121
4,28,7,0.2177
4,28,8,0.2161
4,28,9,0.2172
4,28,10,0.2107
4,28,11,0.2098
4,28,12,0.2131
4,28,13,0.2136
4,28,14,0.217
4,28,15,0.2147
4,28,16,0.2162
4,28,17,0.2149
4,28,18,0.2142
4,28,19,0.2151
4,28,20,0.2161
4,28,21,0.2131
4,28,22,0.2022
4,28,23,0.2021
4,29,0,0.186
4,29,1,0.1861
4,29,2,0.1855
4,29,3,0.1904
4,29,4,0.1926
4,29,5,0.2026
4,29,6,0.2135
4,29,7,0.2214
4,29,8,0.2218
4,29,9,0.2219
4,29,10,0.2258
4,29,11,0.2246
4,29,12,0.2254
4,29,13,0.2246
4,29,14,0.2211
4,29,15,0.2175
4,29,16,0.2195
4,29,17,0.2181
4,29,18,0.2151
4,29,19,0.2142
4,29,20,0.2178
4,29,21,0.2207
4,29,22,0.2115
4,29,23,0.2092
4,30,0,0.196
4,30,1,0.1848
4,30,2,0.1835
4,30,3,0.1827
4,30,4,0.1829
4,30,5,0.1891
4,30,6,0.1817
4,30,7,0.1818
4,30,8,0.192
4,30,9,0.1916
4,30,10,0.2033
4,30,11,0.1982
4,30,12,0.1894
4,30,13,0.1859
4,30,14,0.1826
4,30,15,0.1801
4,30,16,0.1858
4,30,17,0.1906
4,30,18,0.1892
4,30,19,0.1978
4,30,20,0.2095
4,30,21,0.2034
4,30,22,0.1951
4,30,23,0.1947
5,1,0,0.1963
5,1,1,0.1889
5,1,2,0.1886
5,1,3,0.1876
5,1,4,0.1898
5,1,5,0.1894
5,1,6,0.1835
5,1,7,0.1815
5,1,8,0.186
5,1,9,0.196
5,1,10,0.2069
5,1,11,0.2128
5,1,12,0.22
5,1,13,0.2213
5,1,14,0.2192
5,1,15,0.2195
5,1,16,0.2265
5,1,17,0.2294
5,1,18,0.2312
5,1,19,0.231
5,1,20,0.2323
5,1,21,0.2278
5,1,22,0.2266
5,1,23,0.2234
5,2,0,0.215
5,2,1,0.2112
5,2,2,0.2107
5,2,3,0.2094
5,2,4,0.2121
5,2,5,0.2241
5,2,6,0.2314
5,2,7,0.2391
5,2,8,0.2407
5,2,9,0.2425
5,2,10,0.2457
5,2,11,0.2467
5,2,12,0.2476
5,2,13,0.2452
5,2,14,0.2456
5,2,15,0.2438
5,2,16,0.2425
5,2,17,0.2426
5,2,18,0.2435
5,2,19,0.2444
5,2,20,0.2463
5,2,21,0.2424
5,2,22,0.2341
5,2,23,0.2345
5,3,0,0.2235
5,3,1,0.2184
5,3,2,0.2156
5,3,3,0.2158
5,3,4,0.2187
5,3,5,0.2288
5,3,6,0.2404
5,3,7,0.2471
5,3,8,0.2511
5,3,9,0.2495
5,3,10,0.2516
5,3,11,0.253
5,3,12,0.2495
5,3,13,0.2483
5,3,14,0.248
5,3,15,0.2482
5,3,16,0.2483
5,3,17,0.2473
5,3,18,0.2473
5,3,19,0.2477
5,3,20,0.2517
5,3,21,0.2423
5,3,22,0.2287
5,3,23,0.2289
5,4,0,0.2167
5,4,1,0.212
5,4,2,0.2101
5,4,3,0.2083
5,4,4,0.2078
5,4,5,0.2208
5,4,6,0.2377
5,4,7,0.2413
5,4,8,0.2471
5,4,9,0.2492
5,4,10,0.2494
5,4,11,0.2495
5,4,12,0.2497
5,4,13,0.248
5,4,14,0.2453
5,4,15,0.2437
5,4,16,0.2421
5,4,17,0.2453
5,4,18,0.2413
5,4,19,0.2422
5,4,20,0.2446
5,4,21,0.2377
5,4,22,0.2294
5,4,23,0.2254
5,5,0,0.2316
5,5,1,0.2129
5,5,2,0.2071
5,5,3,0.2021
5,5,4,0.205
5,5,5,0.2153
5,5,6,0.2349
5,5,7,0.2384
5,5,8,0.2432
5,5,9,0.2464
5,5,10,0.2454
5,5,11,0.2449
5,5,12,0.2435
5,5,13,0.2443
5,5,14,0.2392
5,5,15,0.2374
5,5,16,0.2369
5,5,17,0.2355
5,5,18,0.2385
5,5,19,0.2396
5,5,20,0.242
5,5,21,0.2361
5,5,22,0.2306
5,5,23,0.2233
5,6,0,0.2133
5,6,1,0.2035
5,6,2,0.1967
5,6,3,0.1924
5,6,4,0.1967
5,6,5,0.2119
5,6,6,0.2296
5,6,7,0.2293
5,6,8,0.2295
5,6,9,0.2269
5,6,10,0.2305
5,6,11,0.2271
5,6,12,0.2235
5,6,13,0.2195
5,6,14,0.2206
5,6,15,0.2212
5,6,16,0.2241
5,6,17,0.2264
5,6,18,0.2265
5,6,19,0.2232
5,6,20,0.228
5,6,21,0.2155
5,6,22,0.1971
5,6,23,0.1916
5,7,0,0.1762
5,7,1,0.1766
5,7,2,0.1855
5,7,3,0.1811
5,7,4,0.1782
5,7,5,0.1738
5,7,6,0.17
5,7,7,0.1751
5,7,8,0.1858
5,7,9,0.1981
5,7,10,0.1999
5,7,11,0.1984
5,7,12,0.198
5,7,13,0.1988
5,7,14,0.196
5,7,15,0.1948
5,7,16,0.1966
5,7,17,0.1989
5,7,18,0.1992
5,7,19,0.2024
5,7,20,0.2022
5,7,21,0.1931
5,7,22,0.1881
5,7,23,0.1896
5,8,0,0.1843
5,8,1,0.1809
5,8,2,0.1788
5,8,3,0.1789
5,8,4,0.181
5,8,5,0.1766
5,8,6,0.1733
5,8,7,0.1761
5,8,8,0.1804
5,8,9,0.185
5,8,10,0.1914
5,8,11,0.1961
5,8,12,0.1847
5,8,13,0.1773
5,8,14,0.1711
5,8,15,0.1732
5,8,16,0.1726
5,8,17,0.1785
5,8,18,0.1804
5,8,19,0.1927
5,8,20,0.1966
5,8,21,0.2003
5,8,22,0.1864
5,8,23,0.1693
5,9,0,0.1599
5,9,1,0.1614
5,9,2,0.1647
5,9,3,0.1632
5,9,4,0.1647
5,9,5,0.1748
5,9,6,0.1789
5,9,7,0.1892
5,9,8,0.1888
5,9,9,0.1916
5,9,10,0.2007
5,9,11,0.1908
5,9,12,0.1926
5,9,13,0.1898
5,9,14,0.1961
5,9,15,0.1981
5,9,16,0.202
5,9,17,0.2057
5,9,18,0.2093
5,9,19,0.2071
5,9,20,0.2072
5,9,21,0.206
5,9,22,0.1951
5,9,23,0.1829
5,10,0,0.1829
5,10,1,0.1808
5,10,2,0.1786
5,10,3,0.1787
5,10,4,0.1796
5,10,5,0.1856
5,10,6,0.204
5,10,7,0.2087
5,10,8,0.2122
5,10,9,0.2146
5,10,10,0.2114
5,10,11,0.2061
5,10,12,0.2042
5,10,13,0.2071
5,10,14,0.2115
5,10,15,0.2073
5,10,16,0.205
5,10,17,0.2072
5,10,18,0.2084
5,10,19,0.2116
5,10,20,0.2167
5,10,21,0.2091
5,10,22,0.1976
5,10,23,0.1867
5,11,0,0.1745
5,11,1,0.1705
5,11,2,0.1684
5,11,3,0.1664
5,11,4,0.1717
5,11,5,0.1786
5,11,6,0.1854
5,11,7,0.1974
5,11,8,0.2044
5,11,9,0.2074
5,11,10,0.2038
5,11,11,0.2044
5,11,12,0.2045
5,11,13,0.2093
5,11,14,0.21
5,11,15,0.2124
5,11,16,0.2112
5,11,17,0.2172
5,11,18,0.2174
5,11,19,0.2127
5,11,20,0.2102
5,11,21,0.2098
5,11,22,0.192
5,11,23,0.1728
5,12,0,0.1546
5,12,1,0.1495
5,12,2,0.1497
5,12,3,0.1521
5,12,4,0.1514
5,12,5,0.1591
5,12,6,0.1813
5,12,7,0.1941
5,12,8,0.2049
5,12,9,0.2023
5,12,10,0.2097
5,12,11,0.2072
5,12,12,0.2064
5,12,13,0.2089
5,12,14,0.2114
5,12,15,0.2174
5,12,16,0.2126
5,12,17,0.2172
5,12,18,0.2146
5,12,19,0.2137
5,12,20,0.2045
5,12,21,0.2017
5,12,22,0.186
5,12,23,0.1728
5,13,0,0.1699
5,13,1,0.1962
5,13,2,0.1899
5,13,3,0.177
5,13,4,0.1713
5,13,5,0.1826
5,13,6,0.1919
5,13,7,0.213
5,13,8,0.2105
5,13,9,0.2129
5,13,10,0.2184
5,13,11,0.2198
5,13,12,0.2216
5,13,13,0.2251
5,13,14,0.2314
5,13,15,0.2339
5,13,16,0.2319
5,13,17,0.2299
5,13,18,0.2293
5,13,19,0.2313
5,13,20,0.2178
5,13,21,0.2004
5,13,22,0.1777
5,13,23,0.1723
5,14,0,0.1562
5,14,1,0.1488
5,14,2,0.1459
5,14,3,0.1433
5,14,4,0.1504
5,14,5,0.1523
5,14,6,0.1603
5,14,7,0.1666
5,14,8,0.1741
5,14,9,0.178
5,14,10,0.1771
5,14,11,0.1808
5,14,12,0.1787
5,14,13,0.1814
5,14,14,0.1871
5,14,15,0.1842
5,14,16,0.1811
5,14,17,0.1827
5,14,18,0.1837
5,14,19,0.1849
5,14,20,0.1855
5,14,21,0.1805
5,14,22,0.1681
5,14,23,0.1547
5,15,0,0.1591
5,15,1,0.152
5,15,2,0.1414
5,15,3,0.1436
5,15,4,0.1362
5,15,5,0.1374
5,15,6,0.145
5,15,7,0.1498
5,15,8,0.1468
5,15,9,0.1548
5,15,10,0.1519
5,15,11,0.1508
5,15,12,0.1516
5,15,13,0.1529
5,15,14,0.153
5,15,15,0.1527
5,15,16,0.1566
5,15,17,0.1618
5,15,18,0.1676
5,15,19,0.1682
5,15,20,0.1755
5,15,21,0.1698
5,15,22,0.1608
5,15,23,0.1487
5,16,0,0.1451
5,16,1,0.1426
5,16,2,0.1464
5,16,3,0.145
5,16,4,0.1447
5,16,5,0.1489
5,16,6,0.1557
5,16,7,0.1675
5,16,8,0.1853
5,16,9,0.1835
5,16,10,0.1769
5,16,11,0.1789
5,16,12,0.1823
5,16,13,0.1801
5,16,14,0.1792
5,16,15,0.1786
5,16,16,0.1834
5,16,17,0.1902
5,16,18,0.1934
5,16,19,0.1947
5,16,20,0.1992
5,16,21,0.1978
5,16,22,0.1816
5,16,23,0.1694
5,17,0,0.1653
5,17,1,0.1615
5,17,2,0.1567
5,17,3,0.158
5,17,4,0.1645
5,17,5,0.1695
5,17,6,0.1886
5,17,7,0.1914
5,17,8,0.1974
5,17,9,0.1996
5,17,10,0.1982
5,17,11,0.1993
5,17,12,0.1984
5,17,13,0.1975
5,17,14,0.2007
5,17,15,0.204
5,17,16,0.2019
5,17,17,0.2
5,17,18,0.2007
5,17,19,0.2036
5,17,20,0.2063
5,17,21,0.1949
5,17,22,0.183
5,17,23,0.1752
5,18,0,0.165
5,18,1,0.1594
5,18,2,0.1559
5,18,3,0.1545
5,18,4,0.1593
5,18,5,0.1722
5,18,6,0.1883
5,18,7,0.1978
5,18,8,0.2046
5,18,9,0.2061
5,18,10,0.2078
5,18,11,0.2082
5,18,12,0.2033
5,18,13,0.2051
5,18,14,0.2071
5,18,15,0.2072
5,18,16,0.2087
5,18,17,0.207
5,18,18,0.2051
5,18,19,0.2053
5,18,20,0.2087
5,18,21,0.2018
5,18,22,0.1933
5,18,23,0.1897
5,19,0,0.1741
5,19,1,0.1701
5,19,2,0.1692
5,19,3,0.1698
5,19,4,0.1704
5,19,5,0.1739
5,19,6,0.1855
5,19,7,0.1912
5,19,8,0.1968
5,19,9,0.2005
5,19,10,0.2002
5,19,11,0.2007
5,19,12,0.1977
5,19,13,0.1981
5,19,14,0.1987
5,19,15,0.1972
5,19,16,0.1982
5,19,17,0.2059
5,19,18,0.2005
5,19,19,0.1979
5,19,20,0.2001
5,19,21,0.1971
5,19,22,0.1853
5,19,23,0.176
5,20,0,0.1587
5,20,1,0.1465
5,20,2,0.145
5,20,3,0.1484
5,20,4,0.1506
5,20,5,0.1572
5,20,6,0.1731
5,20,7,0.1867
5,20,8,0.2109
5,20,9,0.1983
5,20,10,0.2
5,20,11,0.1997
5,20,12,0.1965
5,20,13,0.1975
5,20,14,0.1996
5,20,15,0.2023
5,20,16,0.2037
5,20,17,0.2012
5,20,18,0.2002
5,20,19,0.1981
5,20,20,0.2
5,20,21,0.1935
5,20,22,0.1804
5,20,23,0.172
5,21,0,0.1625
5,21,1,0.1545
5,21,2,0.1478
5,21,3,0.1501
5,21,4,0.1489
5,21,5,0.148
5,21,6,0.1626
5,21,7,0.1635
5,21,8,0.1692
5,21,9,0.1787
5,21,10,0.1811
5,21,11,0.1831
5,21,12,0.183
5,21,13,0.181
5,21,14,0.1849
5,21,15,0.1872
5,21,16,0.1834
5,21,17,0.183
5,21,18,0.1872
5,21,19,0.1866
5,21,20,0.1891
5,21,21,0.1854
5,21,22,0.1732
5,21,23,0.1679
5,22,0,0.1627
5,22,1,0.1592
5,22,2,0.1492
5,22,3,0.1449
5,22,4,0.1454
5,22,5,0.1486
5,22,6,0.1548
5,22,7,0.1585
5,22,8,0.1553
5,22,9,0.161
5,22,10,0.1704
5,22,11,0.1723
5,22,12,0.1679
5,22,13,0.1678
5,22,14,0.168
5,22,15,0.1654
5,22,16,0.1677
5,22,17,0.1705
5,22,18,0.173
5,22,19,0.1822
5,22,20,0.1899
5,22,21,0.1885
5,22,22,0.1771
5,22,23,0.1749
5,23,0,0.1651
5,23,1,0.1642
5,23,2,0.1577
5,23,3,0.1573
5,23,4,0.1549
5,23,5,0.1627
5,23,6,0.176
5,23,7,0.183
5,23,8,0.191
5,23,9,0.1944
5,23,10,0.1938
5,23,11,0.196
5,23,12,0.2016
5,23,13,0.1999
5,23,14,0.2009
5,23,15,0.2005
5,23,16,0.2078
5,23,17,0.2111
5,23,18,0.2043
5,23,19,0.1995
5,23,20,0.2015
5,23,21,0.2012
5,23,22,0.1796
5,23,23,0.1726
5,24,0,0.1681
5,24,1,0.1591
5,24,2,0.1582
5,24,3,0.1629
5,24,4,0.1665
5,24,5,0.1642
5,24,6,0.1786
5,24,7,0.1867
5,24,8,0.1966
5,24,9,0.1975
5,24,10,0.2044
5,24,11,0.2079
5,24,12,0.2031
5,24,13,0.1988
5,24,14,0.2017
5,24,15,0.2016
5,24,16,0.1999
5,24,17,0.2024
5,24,18,0.2022
5,24,19,0.2021
5,24,20,0.2015
5,24,21,0.1969
5,24,22,0.1821
5,24,23,0.1711
5,25,0,0.1617
5,25,1,0.1645
5,25,2,0.1685
5,25,3,0.166
5,25,4,0.1701
5,25,5,0.1726
5,25,6,0.1821
5,25,7,0.1933
5,25,8,0.2062
5,25,9,0.212
5,25,10,0.2116
5,25,11,0.2131
5,25,12,0.2182
5,25,13,0.2207
5,25,14,0.2197
5,25,15,0.2242
5,25,16,0.2275
5,25,17,0.232
5,25,18,0.2334
5,25,19,0.2306
5,25,20,0.2296
5,25,21,0.2427
5,25,22,0.2078
5,25,23,0.1929
5,26,0,0.1926
5,26,1,0.1854
5,26,2,0.1812
5,26,3,0.1797
5,26,4,0.1789
5,26,5,0.1801
5,26,6,0.1958
5,26,7,0.2149
5,26,8,0.2296
5,26,9,0.2349
5,26,10,0.2407
5,26,11,0.243
5,26,12,0.2498
5,26,13,0.2523
5,26,14,0.2558
5,26,15,0.2538
5,26,16,0.2524
5,26,17,0.2503
5,26,18,0.2517
5,26,19,0.2492
5,26,20,0.2484
5,26,21,0.2467
5,26,22,0.2272
5,26,23,0.2109
5,27,0,0.197
5,27,1,0.1916
5,27,2,0.1886
5,27,3,0.1892
5,27,4,0.1871
5,27,5,0.1891
5,27,6,0.1993
5,27,7,0.2159
5,27,8,0.229
5,27,9,0.2406
5,27,10,0.247
5,27,11,0.2501
5,27,12,0.2533
5,27,13,0.2505
5,27,14,0.2542
5,27,15,0.2551
5,27,16,0.253
5,27,17,0.2504
5,27,18,0.2549
5,27,19,0.2542
5,27,20,0.2539
5,27,21,0.2515
5,27,22,0.2409
5,27,23,0.2342
5,28,0,0.2227
5,28,1,0.2127
5,28,2,0.2021
5,28,3,0.1988
5,28,4,0.1987
5,28,5,0.1969
5,28,6,0.1859
5,28,7,0.1903
5,28,8,0.2083
5,28,9,0.2313
5,28,10,0.2449
5,28,11,0.2505
5,28,12,0.2529
5,28,13,0.2535
5,28,14,0.2553
5,28,15,0.2516
5,28,16,0.2571
5,28,17,0.2573
5,28,18,0.2583
5,28,19,0.2564
5,28,20,0.2507
5,28,21,0.2509
5,28,22,0.2429
5,28,23,0.239
5,29,0,0.2305
5,29,1,0.2173
5,29,2,0.2079
5,29,3,0.2027
5,29,4,0.2021
5,29,5,0.2023
5,29,6,0.1884
5,29,7,0.1973
5,29,8,0.2011
5,29,9,0.2131
5,29,10,0.2261
5,29,11,0.2435
5,29,12,0.2476
5,29,13,0.2482
5,29,14,0.2465
5,29,15,0.2433
5,29,16,0.2407
5,29,17,0.2382
5,29,18,0.2352
5,29,19,0.2338
5,29,20,0.2327
5,29,21,0.2276
5,29,22,0.2167
5,29,23,0.2201
5,30,0,0.2095
5,30,1,0.1981
5,30,2,0.1952
5,30,3,0.1933
5,30,4,0.1901
5,30,5,0.1954
5,30,6,0.1967
5,30,7,0.1861
5,30,8,0.1922
5,30,9,0.205
5,30,10,0.2181
5,30,11,0.2249
5,30,12,0.2285
5,30,13,0.2285
5,30,14,0.2291
5,30,15,0.2273
5,30,16,0.2303
5,30,17,0.2328
5,30,18,0.2364
5,30,19,0.2365
5,30,20,0.2392
5,30,21,0.2351
5,30,22,0.2185
5,30,23,0.21
5,31,0,0.2116
5,31,1,0.2022
5,31,2,0.1964
5,31,3,0.1937
5,31,4,0.1938
5,31,5,0.1967
5,31,6,0.2043
5,31,7,0.213
5,31,8,0.2292
5,31,9,0.2426
5,31,10,0.2486
5,31,11,0.2474
5,31,12,0.2456
5,31,13,0.2492
5,31,14,0.2517
5,31,15,0.25
5,31,16,0.2528
5,31,17,0.2533
5,31,18,0.2537
5,31,19,0.2576
5,31,20,0.2543
5,31,21,0.2488
5,31,22,0.2384
5,31,23,0.2295
6,1,0,0.2151
6,1,1,0.2006
6,1,2,0.1991
6,1,3,0.1994
6,1,4,0.2028
6,1,5,0.204
6,1,6,0.2135
6,1,7,0.2239
6,1,8,0.2399
6,1,9,0.2459
6,1,10,0.2483
6,1,11,0.2513
6,1,12,0.2487
6,1,13,0.2522
6,1,14,0.2578
6,1,15,0.2588
6,1,16,0.2549
6,1,17,0.2541
6,1,18,0.2565
6,1,19,0.2537
6,1,20,0.2505
6,1,21,0.2475
6,1,22,0.2343
6,1,23,0.2197
6,2,0,0.1972
6,2,1,0.1818
6,2,2,0.1789
6,2,3,0.1733
6,2,4,0.1717
6,2,5,0.1751
6,2,6,0.1869
6,2,7,0.1997
6,2,8,0.2053
6,2,9,0.2196
6,2,10,0.2254
6,2,11,0.2326
6,2,12,0.2337
6,2,13,0.2344
6,2,14,0.2365
6,2,15,0.2412
6,2,16,0.2466
6,2,17,0.2487
6,2,18,0.2463
6,2,19,0.2389
6,2,20,0.2336
6,2,21,0.2314
6,2,22,0.2215
6,2,23,0.2108
6,3,0,0.1827
6,3,1,0.1754
6,3,2,0.175
6,3,3,0.1826
6,3,4,0.1872
6,3,5,0.1954
6,3,6,0.2124
6,3,7,0.2204
6,3,8,0.2344
6,3,9,0.2439
6,3,10,0.2441
6,3,11,0.2437
6,3,12,0.2465
6,3,13,0.2509
6,3,14,0.2433
6,3,15,0.2409
6,3,16,0.2446
6,3,17,0.2443
6,3,18,0.2422
6,3,19,0.2406
6,3,20,0.2384
6,3,21,0.228
6,3,22,0.2213
6,3,23,0.2171
6,4,0,0.2051
6,4,1,0.1939
6,4,2,0.1916
6,4,3,0.1882
6,4,4,0.1873
6,4,5,0.1864
6,4,6,0.1902
6,4,7,0.1989
6,4,8,0.2033
6,4,9,0.2142
6,4,10,0.2208
6,4,11,0.2231
6,4,12,0.2286
6,4,13,0.2378
6,4,14,0.2423
6,4,15,0.2451
6,4,16,0.2496
6,4,17,0.2481
6,4,18,0.2426
6,4,19,0.2386
6,4,20,0.233
6,4,21,0.2292
6,4,22,0.2261
6,4,23,0.2249
6,5,0,0.2086
6,5,1,0.1893
6,5,2,0.1797
6,5,3,0.1794
6,5,4,0.1803
6,5,5,0.1839
6,5,6,0.1768
6,5,7,0.183
6,5,8,0.194
6,5,9,0.1905
6,5,10,0.1962
6,5,11,0.2014
6,5,12,0.2004
6,5,13,0.204
6,5,14,0.2083
6,5,15,0.217
6,5,16,0.2201
6,5,17,0.2225
6,5,18,0.2261
6,5,19,0.2232
6,5,20,0.2191
6,5,21,0.2077
6,5,22,0.2001
6,5,23,0.1949
6,6,0,0.1914
6,6,1,0.1815
6,6,2,0.171
6,6,3,0.1765
6,6,4,0.1739
6,6,5,0.1821
6,6,6,0.1959
6,6,7,0.2018
6,6,8,0.2164
6,6,9,0.2196
6,6,10,0.2255
6,6,11,0.2237
6,6,12,0.2305
6,6,13,0.2251
6,6,14,0.2304
6,6,15,0.2414
6,6,16,0.241
6,6,17,0.2547
6,6,18,0.2614
6,6,19,0.2533
6,6,20,0.2476
6,6,21,0.24
6,6,22,0.227
6,6,23,0.196
6,7,0,0.1866
6,7,1,0.1842
6,7,2,0.1757
6,7,3,0.1764
6,7,4,0.177
6,7,5,0.1786
6,7,6,0.1865
6,7,7,0.2003
6,7,8,0.2133
6,7,9,0.2231
6,7,10,0.2299
6,7,11,0.2322
6,7,12,0.2341
6,7,13,0.2405
6,7,14,0.2409
6,7,15,0.2349
6,7,16,0.2332
6,7,17,0.2323
6,7,18,0.2278
6,7,19,0.22
6,7,20,0.2229
6,7,21,0.2194
6,7,22,0.209
6,8,0,0.16
6,8,1,0.1441
6,8,2,0.1444
6,8,3,0.1466
6,8,4,0.147
6,8,5,0.1515
6,8,6,0.1649
6,8,7,0.1784
6,8,8,0.1882
6,8,9,0.2001
6,8,10,0.1952
6,8,11,0.1943
6,8,12,0.1951
6,8,13,0.2
6,8,14,0.198
6,8,15,0.194
6,8,16,0.1901
6,8,17,0.192
6,8,18,0.1884
6,8,19,0.1804
6,8,20,0.1789
6,8,21,0.1764
6,8,22,0.1651
6,8,23,0.1594
6,9,0,0.138
6,9,1,0.1332
6,9,2,0.1329
6,9,3,0.1343
6,9,4,0.1387
6,9,5,0.1414
6,9,6,0.1535
6,9,7,0.1674
6,9,8,0.1748
6,9,9,0.1831
6,9,10,0.1841
6,9,11,0.1825
6,9,12,0.181
6,9,13,0.1811
6,9,14,0.1805
6,9,15,0.1794
6,9,16,0.1798
6,9,17,0.1831
6,9,18,0.1826
6,9,19,0.184
6,9,20,0.1873
6,9,21,0.1823
6,9,22,0.1605
6,9,23,0.1473
6,10,0,0.1309
6,10,1,0.1244
6,10,2,0.126
6,10,3,0.1311
6,10,4,0.1372
6,10,5,0.144
6,10,6,0.1583
6,10,7,0.1672
6,10,8,0.1747
6,10,9,0.1865
6,10,10,0.1921
6,10,11,0.1949
6,10,12,0.1961
6,10,13,0.1979
6,10,14,0.1998
6,10,15,0.2027
6,10,16,0.2076
6,10,17,0.2119
6,10,18,0.2124
6,10,19,0.2078
6,10,20,0.2011
6,10,21,0.199
6,10,22,0.1744
6,10,23,0.1532
6,11,0,0.1397
6,11,1,0.1305
6,11,2,0.1257
6,11,3,0.126
6,11,4,0.1303
6,11,5,0.1298
6,11,6,0.1353
6,11,7,0.1337
6,11,8,0.1454
6,11,9,0.1586
6,11,10,0.1737
6,11,11,0.1837
6,11,12,0.1879
6,11,13,0.1901
6,11,14,0.1966
6,11,15,0.2024
6,11,16,0.2116
6,11,17,0.2201
6,11,18,0.2231
6,11,19,0.2226
6,11,20,0.223
6,11,21,0.2205
6,11,22,0.2084
6,11,23,0.1987
6,12,0,0.1816
6,12,1,0.1686
6,12,2,0.1618
6,12,3,0.1594
6,12,4,0.1643
6,12,5,0.1652
6,12,6,0.1693
6,12,7,0.1606
6,12,8,0.1771
6,12,9,0.2052
6,12,10,0.2106
6,12,11,0.2124
6,12,12,0.215
6,12,13,0.216
6,12,14,0.2087
6,12,15,0.2053
6,12,16,0.2134
6,12,17,0.2199
6,12,18,0.2169
6,12,19,0.1979
6,12,20,0.193
6,12,21,0.1897
6,12,22,0.1702
6,12,23,0.167
6,13,0,0.156
6,13,1,0.1589
6,13,2,0.1486
6,13,3,0.1481
6,13,4,0.1545
6,13,5,0.1714
6,13,6,0.1819
6,13,7,0.2
6,13,8,0.2145
6,13,9,0.2175
6,13,10,0.2162
6,13,11,0.2174
6,13,12,0.221
6,13,13,0.2136
6,13,14,0.2121
6,13,15,0.2128
6,13,16,0.2095
6,13,17,0.2064
6,13,18,0.2071
6,13,19,0.2083
6,13,20,0.2094
6,13,21,0.2171
6,13,22,0.2058
6,13,23,0.1996
6,14,0,0.1705
6,14,1,0.1615
6,14,2,0.1559
6,14,3,0.1542
6,14,4,0.155
6,14,5,0.1576
6,14,6,0.1779
6,14,7,0.1912
6,14,8,0.2058
6,14,9,0.2082
6,14,10,0.2089
6,14,11,0.2128
6,14,12,0.2148
6,14,13,0.214
6,14,14,0.2176
6,14,15,0.2205
6,14,16,0.2307
6,14,17,0.2313
6,14,18,0.23
6,14,19,0.2314
6,14,20,0.2265
6,14,21,0.2241
6,14,22,0.2032
6,14,23,0.1788
6,15,0,0.1693
6,15,1,0.1657
6,15,2,0.1653
6,15,3,0.1654
6,15,4,0.1691
6,15,5,0.1734
6,15,6,0.1917
6,15,7,0.1989
6,15,8,0.2147
6,15,9,0.2214
6,15,10,0.2305
6,15,11,0.2304
6,15,12,0.2285
6,15,13,0.2333
6,15,14,0.2362
6,15,15,0.2406
6,15,16,0.2441
6,15,17,0.2452
6,15,18,0.2437
6,15,19,0.2385
6,15,20,0.2381
6,15,21,0.2352
6,15,22,0.2302
6,15,23,0.2183
6,16,0,0.1979
6,16,1,0.1826
6,16,2,0.1723
6,16,3,0.1713
6,16,4,0.1736
6,16,5,0.1802
6,16,6,0.1973
6,16,7,0.2052
6,16,8,0.2199
6,16,9,0.2321
6,16,10,0.234
6,16,11,0.2388
6,16,12,0.2415
6,16,13,0.2393
6,16,14,0.2364
6,16,15,0.2294
6,16,16,0.2361
6,16,17,0.2399
6,16,18,0.2383
6,16,19,0.232
6,16,20,0.2283
6,16,21,0.2287
6,16,22,0.2145
6,16,23,0.1988
6,17,0,0.1882
6,17,1,0.1827
6,17,2,0.1769
6,17,3,0.1833
6,17,4,0.1828
6,17,5,0.1873
6,17,6,0.1977
6,17,7,0.2137
6,17,8,0.2245
6,17,9,0.2333
6,17,10,0.2375
6,17,11,0.2364
6,17,12,0.2388
6,17,13,0.2431
6,17,14,0.2432
6,17,15,0.2467
6,17,16,0.2455
6,17,17,0.2485
6,17,18,0.2518
6,17,19,0.2495
6,17,20,0.2423
6,17,21,0.235
6,17,22,0.2246
6,17,23,0.2114
6,18,0,0.198
6,18,1,0.187
6,18,2,0.1806
6,18,3,0.1776
6,18,4,0.1764
6,18,5,0.1763
6,18,6,0.185
6,18,7,0.1826
6,18,8,0.1939
6,18,9,0.2075
6,18,10,0.2185
6,18,11,0.2256
6,18,12,0.2307
6,18,13,0.2387
6,18,14,0.2422
6,18,15,0.2439
6,18,16,0.2463
6,18,17,0.2477
6,18,18,0.2455
6,18,19,0.2419
6,18,20,0.2375
6,18,21,0.2332
6,18,22,0.2192
6,18,23,0.2135
6,19,0,0.2116
6,19,1,0.1935
6,19,2,0.185
6,19,3,0.1791
6,19,4,0.1832
6,19,5,0.1831
6,19,6,0.1871
6,19,7,0.1922
6,19,8,0.1984
6,19,9,0.2109
6,19,10,0.2196
6,19,11,0.2253
6,19,12,0.2347
6,19,13,0.2433
6,19,14,0.2417
6,19,15,0.244
6,19,16,0.2433
6,19,17,0.2419
6,19,18,0.2406
6,19,19,0.2406
6,19,20,0.2363
6,19,21,0.2306
6,19,22,0.2168
6,19,23,0.2099
6,20,0,0.2037
6,20,1,0.191
6,20,2,0.1868
6,20,3,0.1857
6,20,4,0.1845
6,20,5,0.189
6,20,6,0.1999
6,20,7,0.2076
6,20,8,0.2257
6,20,9,0.2443
6,20,10,0.2489
6,20,11,0.2544
6,20,12,0.2558
6,20,13,0.2509
6,20,14,0.2516
6,20,15,0.2507
6,20,16,0.2548
6,20,17,0.2545
6,20,18,0.2575
6,20,19,0.2566
6,20,20,0.2559
6,20,21,0.2488
6,20,22,0.239
6,20,23,0.2235
6,21,0,0.2119
6,21,1,0.1962
6,21,2,0.1938
6,21,3,0.1922
6,21,4,0.1903
6,21,5,0.1986
6,21,6,0.2105
6,21,7,0.2191
6,21,8,0.2392
6,21,9,0.2479
6,21,10,0.2472
6,21,11,0.2521
6,21,12,0.2503
6,21,13,0.2528
6,21,14,0.2541
6,21,15,0.2553
6,21,16,0.2553
6,21,17,0.2512
6,21,18,0.2484
6,21,19,0.2492
6,21,20,0.2469
6,21,21,0.2479
6,21,22,0.2364
6,21,23,0.2227
6,22,0,0.1958
6,22,1,0.1783
6,22,2,0.173
6,22,3,0.174
6,22,4,0.1723
6,22,5,0.1744
6,22,6,0.183
6,22,7,0.1946
6,22,8,0.2029
6,22,9,0.2172
6,22,10,0.2236
6,22,11,0.2253
6,22,12,0.2249
6,22,13,0.2297
6,22,14,0.231
6,22,15,0.2338
6,22,16,0.2328
6,22,17,0.233
6,22,18,0.2325
6,22,19,0.2345
6,22,20,0.2317
6,22,21,0.2283
6,22,22,0.2206
6,22,23,0.2037
6,23,0,0.1891
6,23,1,0.1705
6,23,2,0.1645
6,23,3,0.1624
6,23,4,0.1611
6,23,5,0.1635
6,23,6,0.1733
6,23,7,0.1817
6,23,8,0.2007
6,23,9,0.2176
6,23,10,0.2291
6,23,11,0.2309
6,23,12,0.2337
6,23,13,0.2367
6,23,14,0.2348
6,23,15,0.2388
6,23,16,0.2411
6,23,17,0.2406
6,23,18,0.2372
6,23,19,0.2348
6,23,20,0.231
6,23,21,0.2283
6,23,22,0.2131
6,23,23,0.1964
6,24,0,0.1799
6,24,1,0.1659
6,24,2,0.1589
6,24,3,0.1588
6,24,4,0.1616
6,24,5,0.1704
6,24,6,0.1756
6,24,7,0.191
6,24,8,0.2209
6,24,9,0.2375
6,24,10,0.2443
6,24,11,0.2517
6,24,12,0.2587
6,24,13,0.2648
6,24,14,0.2654
6,24,15,0.2686
6,24,16,0.2677
6,24,17,0.2693
6,24,18,0.2696
6,24,19,0.2658
6,24,20,0.2642
6,24,21,0.2638
6,24,22,0.2632
6,24,23,0.2588
6,25,0,0.2348
6,25,1,0.2188
6,25,2,0.2099
6,25,3,0.1966
6,25,4,0.1969
6,25,5,0.1964
6,25,6,0.1961
6,25,7,0.2013
6,25,8,0.2227
6,25,9,0.2343
6,25,10,0.2416
6,25,11,0.2483
6,25,12,0.253
6,25,13,0.2542
6,25,14,0.2577
6,25,15,0.2572
6,25,16,0.26
6,25,17,0.2613
6,25,18,0.2627
6,25,19,0.2628
6,25,20,0.2583
6,25,21,0.2552
6,25,22,0.2616
6,25,23,0.2562
6,26,0,0.2397
6,26,1,0.2223
6,26,2,0.2096
6,26,3,0.2058
6,26,4,0.2062
6,26,5,0.2058
6,26,6,0.2187
6,26,7,0.2269
6,26,8,0.2413
6,26,9,0.2408
6,26,10,0.2429
6,26,11,0.2547
6,26,12,0.263
6,26,13,0.2701
6,26,14,0.273
6,26,15,0.2724
6,26,16,0.2773
6,26,17,0.2802
6,26,18,0.2803
6,26,19,0.2851
6,26,20,0.2803
6,26,21,0.2768
6,26,22,0.2796
6,26,23,0.2731
6,27,0,0.257
6,27,1,0.235
6,27,2,0.2237
6,27,3,0.2225
6,27,4,0.2222
6,27,5,0.2329
6,27,6,0.2338
6,27,7,0.2498
6,27,8,0.2608
6,27,9,0.2736
6,27,10,0.2786
6,27,11,0.2843
6,27,12,0.2873
6,27,13,0.289
6,27,14,0.2859
6,27,15,0.2753
6,27,16,0.2714
6,27,17,0.2768
6,27,18,0.2799
6,27,19,0.2912
6,27,20,0.2926
6,27,21,0.2808
6,27,22,0.2662
6,27,23,0.2505
6,28,0,0.2317
6,28,1,0.2248
6,28,2,0.2219
6,28,3,0.2209
6,28,4,0.2208
6,28,5,0.2231
6,28,6,0.2381
6,28,7,0.2537
6,28,8,0.2628
6,28,9,0.2697
6,28,10,0.2779
6,28,11,0.2802
6,28,12,0.2804
6,28,13,0.2762
6,28,14,0.2748
6,28,15,0.2724
6,28,16,0.2731
6,28,17,0.2722
6,28,18,0.2746
6,28,19,0.2714
6,28,20,0.2714
6,28,21,0.263
6,28,22,0.2559
6,28,23,0.2475
6,29,0,0.2201
6,29,1,0.2098
6,29,2,0.2084
6,29,3,0.2062
6,29,4,0.2054
6,29,5,0.2083
6,29,6,0.2246
6,29,7,0.2231
6,29,8,0.2348
6,29,9,0.2514
6,29,10,0.2562
6,29,11,0.2608
6,29,12,0.2638
6,29,13,0.2723
6,29,14,0.2754
6,29,15,0.2773
6,29,16,0.2769
6,29,17,0.2773
6,29,18,0.2729
6,29,19,0.2626
6,29,20,0.2596
6,29,21,0.2554
6,29,22,0.2406
6,29,23,0.2279
6,30,0,0.2168
6,30,1,0.1996
6,30,2,0.1961
6,30,3,0.1968
6,30,4,0.1987
6,30,5,0.205
6,30,6,0.2167
6,30,7,0.219
6,30,8,0.23
6,30,9,0.2423
6,30,10,0.2465
6,30,11,0.2545
6,30,12,0.2616
6,30,13,0.2675
6,30,14,0.2716
6,30,15,0.2719
6,30,16,0.2741
6,30,17,0.276
6,30,18,0.2748
6,30,19,0.2742
6,30,20,0.2656
6,30,21,0.2573
6,30,22,0.2467
6,30,23,0.2245
7,1,0,0.208
7,1,1,0.192
7,1,2,0.1813
7,1,3,0.1729
7,1,4,0.1779
7,1,5,0.1749
7,1,6,0.1913
7,1,7,0.2067
7,1,8,0.2229
7,1,9,0.2317
7,1,10,0.2434
7,1,11,0.244
7,1,12,0.2506
7,1,13,0.2554
7,1,14,0.2537
7,1,15,0.2568
7,1,16,0.2577
7,1,17,0.2509
7,1,18,0.2448
7,1,19,0.2388
7,1,20,0.2359
7,1,21,0.2306
7,1,22,0.2241
7,1,23,0.2177
7,2,0,0.1942
7,2,1,0.1759
7,2,2,0.1725
7,2,3,0.1645
7,2,4,0.159
7,2,5,0.1616
7,2,6,0.1664
7,2,7,0.1712
7,2,8,0.1808
7,2,9,0.1878
7,2,10,0.1851
7,2,11,0.1919
7,2,12,0.1925
7,2,13,0.1924
7,2,14,0.1974
7,2,15,0.1998
7,2,16,0.2007
7,2,17,0.2027
7,2,18,0.2069
7,2,19,0.2067
7,2,20,0.2085
7,2,21,0.208
7,2,22,0.2039
7,2,23,0.1942
7,3,0,0.1813
7,3,1,0.1651
7,3,2,0.157
7,3,3,0.1556
7,3,4,0.1506
7,3,5,0.1525
7,3,6,0.1649
7,3,7,0.1622
7,3,8,0.1686
7,3,9,0.185
7,3,10,0.2005
7,3,11,0.2077
7,3,12,0.2096
7,3,13,0.2115
7,3,14,0.2129
7,3,15,0.2143
7,3,16,0.2172
7,3,17,0.2229
7,3,18,0.2261
7,3,19,0.2222
7,3,20,0.2194
7,3,21,0.2076
7,3,22,0.1962
7,3,23,0.1926
7,4,0,0.1724
7,4,1,0.1583
7,4,2,0.1566
7,4,3,0.1518
7,4,4,0.1544
7,4,5,0.1574
7,4,6,0.1697
7,4,7,0.1681
7,4,8,0.1857
7,4,9,0.1928
7,4,10,0.2023
7,4,11,0.2113
7,4,12,0.216
7,4,13,0.2181
7,4,14,0.2198
7,4,15,0.225
7,4,16,0.2335
7,4,17,0.238
7,4,18,0.233
7,4,19,0.2305
7,4,20,0.2301
7,4,21,0.2362
7,4,22,0.2263
7,4,23,0.2253
7,5,0,0.2002
7,5,1,0.1863
7,5,2,0.1799
7,5,3,0.1799
7,5,4,0.1822
7,5,5,0.1879
7,5,6,0.1996
7,5,7,0.218
7,5,8,0.2356
7,5,9,0.2489
7,5,10,0.2449
7,5,11,0.2517
7,5,12,0.2512
7,5,13,0.2477
7,5,14,0.2458
7,5,15,0.2472
7,5,16,0.2524
7,5,17,0.2559
7,5,18,0.2586
7,5,19,0.2578
7,5,20,0.2542
7,5,21,0.2511
7,5,22,0.2518
7,5,23,0.2402
7,6,0,0.2266
7,6,1,0.2129
7,6,2,0.2061
7,6,3,0.1995
7,6,4,0.1996
7,6,5,0.2002
7,6,6,0.2112
7,6,7,0.2275
7,6,8,0.2497
7,6,9,0.2592
7,6,10,0.2675
7,6,11,0.2769
7,6,12,0.2827
7,6,13,0.2893
7,6,14,0.2975
7,6,15,0.3053
7,6,16,0.312
7,6,17,0.3109
7,6,18,0.3135
7,6,19,0.3129
7,6,20,0.3084
7,6,21,0.3068
7,6,22,0.31
7,6,23,0.3117
7,7,0,0.3016
7,7,1,0.2889
7,7,2,0.2851
7,7,3,0.2813
7,7,4,0.2796
7,7,5,0.2873
7,7,6,0.2797
7,7,7,0.2814
7,7,8,0.2965
7,7,9,0.3025
7,7,10,0.3071
7,7,11,0.3087
7,7,12,0.3141
7,7,13,0.3267
7,7,14,0.3188
7,7,15,0.3092
7,7,16,0.3049
7,7,17,0.3013
7,7,18,0.2953
7,7,19,0.2937
7,7,20,0.2922
7,7,21,0.2898
7,7,22,0.2908
7,7,23,0.2738
7,8,0,0.2552
7,8,1,0.2442
7,8,2,0.2424
7,8,3,0.2498
7,8,4,0.2508
7,8,5,0.2487
7,8,6,0.2538
7,8,7,0.2611
7,8,8,0.265
7,8,9,0.2674
7,8,10,0.2678
7,8,11,0.2719
7,8,12,0.2756
7,8,13,0.2763
7,8,14,0.275
7,8,15,0.2744
7,8,16,0.2778
7,8,17,0.2781
7,8,18,0.2732
7,8,19,0.2681
7,8,20,0.2631
7,8,21,0.2591
7,8,22,0.2499
7,8,23,0.2438
7,9,0,0.2123
7,9,1,0.1991
7,9,2,0.1965
7,9,3,0.2022
7,9,4,0.2
7,9,5,0.1959
7,9,6,0.1937
7,9,7,0.1968
7,9,8,0.2118
7,9,9,0.2186
7,9,10,0.2123
7,9,11,0.211
7,9,12,0.2157
7,9,13,0.2223
7,9,14,0.2247
7,9,15,0.2281
7,9,16,0.2348
7,9,17,0.235
7,9,18,0.2283
7,9,19,0.2227
7,9,20,0.2195
7,9,21,0.2162
7,9,22,0.2133
7,9,23,0.2141
7,10,0,0.1913
7,10,1,0.1753
7,10,2,0.1706
7,10,3,0.165
7,10,4,0.1649
7,10,5,0.1661
7,10,6,0.172
7,10,7,0.1814
7,10,8,0.1893
7,10,9,0.1944
7,10,10,0.1901
7,10,11,0.1937
7,10,12,0.1985
7,10,13,0.2018
7,10,14,0.2058
7,10,15,0.2087
7,10,16,0.212
7,10,17,0.2133
7,10,18,0.2169
7,10,19,0.2184
7,10,20,0.2181
7,10,21,0.2165
7,10,22,0.2173
7,10,23,0.208
7,11,0,0.2006
7,11,1,0.1936
7,11,2,0.1903
7,11,3,0.1871
7,11,4,0.1903
7,11,5,0.1909
7,11,6,0.1923
7,11,7,0.2106
7,11,8,0.223
7,11,9,0.2316
7,11,10,0.2408
7,11,11,0.2456
7,11,12,0.2447
7,11,13,0.2486
7,11,14,0.2479
7,11,15,0.2525
7,11,16,0.2561
7,11,17,0.261
7,11,18,0.2628
7,11,19,0.2573
7,11,20,0.2524
7,11,21,0.2451
7,11,22,0.2311
7,11,23,0.2171
7,12,0,0.1973
7,12,1,0.185
7,12,2,0.1859
7,12,3,0.1861
7,12,4,0.1854
7,12,5,0.1853
7,12,6,0.1908
7,12,7,0.2053
7,12,8,0.2297
7,12,9,0.2387
7,12,10,0.2446
7,12,11,0.2519
7,12,12,0.2597
7,12,13,0.2615
7,12,14,0.2576
7,12,15,0.2595
7,12,16,0.2614
7,12,17,0.2704
7,12,18,0.2738
7,12,19,0.271
7,12,20,0.2685
7,12,21,0.2654
7,12,22,0.2522
7,12,23,0.2287
7,13,0,0.2128
7,13,1,0.1958
7,13,2,0.1917
7,13,3,0.1905
7,13,4,0.19
7,13,5,0.1949
7,13,6,0.1993
7,13,7,0.2238
7,13,8,0.2497
7,13,9,0.2604
7,13,10,0.2662
7,13,11,0.2746
7,13,12,0.2796
7,13,13,0.2801
7,13,14,0.2804
7,13,15,0.2792
7,13,16,0.2765
7,13,17,0.273
7,13,18,0.2772
7,13,19,0.2758
7,13,20,0.2749
7,13,21,0.2714
7,13,22,0.2673
7,13,23,0.2487
7,14,0,0.2308
7,14,1,0.2258
7,14,2,0.212
7,14,3,0.2105
7,14,4,0.2118
7,14,5,0.2204
7,14,6,0.2374
7,14,7,0.2397
7,14,8,0.2514
7,14,9,0.2608
7,14,10,0.2671
7,14,11,0.2735
7,14,12,0.2753
7,14,13,0.2696
7,14,14,0.2637
7,14,15,0.264
7,14,16,0.2742
7,14,17,0.2707
7,14,18,0.2659
7,14,19,0.2643
7,14,20,0.262
7,14,21,0.2584
7,14,22,0.2517
7,14,23,0.2339
7,15,0,0.2245
7,15,1,0.2214
7,15,2,0.2142
7,15,3,0.2121
7,15,4,0.2148
7,15,5,0.2167
7,15,6,0.2223
7,15,7,0.2348
7,15,8,0.2505
7,15,9,0.2629
7,15,10,0.2687
7,15,11,0.2752
7,15,12,0.28
7,15,13,0.2729
7,15,14,0.2737
7,15,15,0.2771
7,15,16,0.273
7,15,17,0.2738
7,15,18,0.2755
7,15,19,0.2726
7,15,20,0.2653
7,15,21,0.2614
7,15,22,0.2527
7,15,23,0.2413
7,16,0,0.2241
7,16,1,0.2116
7,16,2,0.2013
7,16,3,0.1961
7,16,4,0.1936
7,16,5,0.1924
7,16,6,0.1901
7,16,7,0.1981
7,16,8,0.2062
7,16,9,0.2169
7,16,10,0.2306
7,16,11,0.237
7,16,12,0.2431
7,16,13,0.2441
7,16,14,0.2403
7,16,15,0.2409
7,16,16,0.2435
7,16,17,0.2446
7,16,18,0.2447
7,16,19,0.2414
7,16,20,0.2374
7,16,21,0.234
7,16,22,0.2259
7,16,23,0.218
7,17,0,0.2121
7,17,1,0.2043
7,17,2,0.1936
7,17,3,0.1868
7,17,4,0.1876
7,17,5,0.1879
7,17,6,0.1811
7,17,7,0.1869
7,17,8,0.1954
7,17,9,0.2115
7,17,10,0.2215
7,17,11,0.23
7,17,12,0.2399
7,17,13,0.244
7,17,14,0.2427
7,17,15,0.2434
7,17,16,0.2429
7,17,17,0.2453
7,17,18,0.2459
7,17,19,0.239
7,17,20,0.2363
7,17,21,0.2356
7,17,22,0.2327
7,17,23,0.2178
7,18,0,0.2034
7,18,1,0.1928
7,18,2,0.1859
7,18,3,0.185
7,18,4,0.1845
7,18,5,0.189
7,18,6,0.2012
7,18,7,0.2149
7,18,8,0.2303
7,18,9,0.2486
7,18,10,0.256
7,18,11,0.2659
7,18,12,0.2694
7,18,13,0.2715
7,18,14,0.2777
7,18,15,0.2924
7,18,16,0.2817
7,18,17,0.2727
7,18,18,0.2736
7,18,19,0.275
7,18,20,0.2751
7,18,21,0.2719
7,18,22,0.2665
7,18,23,0.2547
7,19,0,0.2326
7,19,1,0.2225
7,19,2,0.2104
7,19,3,0.2117
7,19,4,0.2111
7,19,5,0.2121
7,19,6,0.2145
7,19,7,0.2173
7,19,8,0.2266
7,19,9,0.2316
7,19,10,0.2418
7,19,11,0.2532
7,19,12,0.2556
7,19,13,0.258
7,19,14,0.2597
7,19,15,0.2592
7,19,16,0.2613
7,19,17,0.2612
7,19,18,0.264
7,19,19,0.2607
7,19,20,0.2512
7,19,21,0.2528
7,19,22,0.2404
7,19,23,0.2326
7,20,0,0.2169
7,20,1,0.2052
7,20,2,0.1987
7,20,3,0.1968
7,20,4,0.1949
7,20,5,0.1958
7,20,6,0.2006
7,20,7,0.211
7,20,8,0.2176
7,20,9,0.2247
7,20,10,0.2298
7,20,11,0.2311
7,20,12,0.244
7,20,13,0.2483
7,20,14,0.2451
7,20,15,0.2554
7,20,16,0.2606
7,20,17,0.2648
7,20,18,0.2646
7,20,19,0.2594
7,20,20,0.2509
7,20,21,0.2459
7,20,22,0.2354
7,20,23,0.2273
7,21,0,0.2211
7,21,1,0.2084
7,21,2,0.1941
7,21,3,0.1944
7,21,4,0.1928
7,21,5,0.1987
7,21,6,0.2023
7,21,7,0.2128
7,21,8,0.2339
7,21,9,0.2608
7,21,10,0.2739
7,21,11,0.2836
7,21,12,0.29
7,21,13,0.2998
7,21,14,0.3028
7,21,15,0.3016
7,21,16,0.3022
7,21,17,0.306
7,21,18,0.3106
7,21,19,0.3024
7,21,20,0.29
7,21,21,0.278
7,21,22,0.2689
7,21,23,0.2479
7,22,0,0.2347
7,22,1,0.2131
7,22,2,0.2019
7,22,3,0.1953
7,22,4,0.1958
7,22,5,0.2042
7,22,6,0.2086
7,22,7,0.2291
7,22,8,0.2416
7,22,9,0.2593
7,22,10,0.2678
7,22,11,0.2748
7,22,12,0.2774
7,22,13,0.2766
7,22,14,0.2809
7,22,15,0.2857
7,22,16,0.2887
7,22,17,0.2935
7,22,18,0.2895
7,22,19,0.2891
7,22,20,0.2841
7,22,21,0.283
7,22,22,0.2789
7,22,23,0.2769
7,23,0,0.2711
7,23,1,0.2591
7,23,2,0.2497
7,23,3,0.2348
7,23,4,0.227
7,23,5,0.2258
7,23,6,0.2181
7,23,7,0.2308
7,23,8,0.2391
7,23,9,0.259
7,23,10,0.2764
7,23,11,0.2795
7,23,12,0.2842
7,23,13,0.2875
7,23,14,0.2887
7,23,15,0.2903
7,23,16,0.2931
7,23,17,0.2935
7,23,18,0.3005
7,23,19,0.2986
7,23,20,0.3001
7,23,21,0.2917
7,23,22,0.2876
7,23,23,0.2818
7,24,0,0.2659
7,24,1,0.2501
7,24,2,0.2317
7,24,3,0.2199
7,24,4,0.2167
7,24,5,0.2156
7,24,6,0.2153
7,24,7,0.2234
7,24,8,0.2328
7,24,9,0.2423
7,24,10,0.2447
7,24,11,0.2482
7,24,12,0.2604
7,24,13,0.2715
7,24,14,0.2819
7,24,15,0.2856
7,24,16,0.2891
7,24,17,0.2922
7,24,18,0.2919
7,24,19,0.2898
7,24,20,0.2814
7,24,21,0.2788
7,24,22,0.2803
7,24,23,0.2786
7,25,0,0.2631
7,25,1,0.2487
7,25,2,0.234
7,25,3,0.2296
7,25,4,0.227
7,25,5,0.2303
7,25,6,0.2373
7,25,7,0.2488
7,25,8,0.2599
7,25,9,0.2743
7,25,10,0.2832
7,25,11,0.289
7,25,12,0.2921
7,25,13,0.2935
7,25,14,0.3085
7,25,15,0.3038
7,25,16,0.3053
7,25,17,0.2988
7,25,18,0.2852
7,25,19,0.284
7,25,20,0.2842
7,25,21,0.2801
7,25,22,0.2678
7,25,23,0.2499
7,26,0,0.2324
7,26,1,0.2182
7,26,2,0.2136
7,26,3,0.2127
7,26,4,0.2125
7,26,5,0.2135
7,26,6,0.2185
7,26,7,0.2342
7,26,8,0.2506
7,26,9,0.2677
7,26,10,0.2787
7,26,11,0.2831
7,26,12,0.2828
7,26,13,0.2824
7,26,14,0.2856
7,26,15,0.289
7,26,16,0.2916
7,26,17,0.2916
7,26,18,0.2928
7,26,19,0.2956
7,26,20,0.2907
7,26,21,0.2806
7,26,22,0.2749
7,26,23,0.2626
7,27,0,0.246
7,27,1,0.2346
7,27,2,0.2228
7,27,3,0.217
7,27,4,0.2192
7,27,5,0.2226
7,27,6,0.2283
7,27,7,0.2448
7,27,8,0.262
7,27,9,0.2773
7,27,10,0.2796
7,27,11,0.2847
7,27,12,0.2853
7,27,13,0.2857
7,27,14,0.2865
7,27,15,0.2898
7,27,16,0.2868
7,27,17,0.2881
7,27,18,0.2872
7,27,19,0.289
7,27,20,0.2902
7,27,21,0.2871
7,27,22,0.2829
7,27,23,0.2701
7,28,0,0.2592
7,28,1,0.2509
7,28,2,0.2404
7,28,3,0.2228
7,28,4,0.2231
7,28,5,0.2275
7,28,6,0.2254
7,28,7,0.2383
7,28,8,0.2576
7,28,9,0.2722
7,28,10,0.2795
7,28,11,0.2864
7,28,12,0.2867
7,28,13,0.2884
7,28,14,0.2907
7,28,15,0.294
7,28,16,0.2937
7,28,17,0.294
7,28,18,0.2982
7,28,19,0.2956
7,28,20,0.292
7,28,21,0.2896
7,28,22,0.2933
7,28,23,0.2858
7,29,0,0.2738
7,29,1,0.2633
7,29,2,0.2548
7,29,3,0.2408
7,29,4,0.2402
7,29,5,0.2413
7,29,6,0.2423
7,29,7,0.2535
7,29,8,0.2654
7,29,9,0.2657
7,29,10,0.2707
7,29,11,0.2771
7,29,12,0.2772
7,29,13,0.2752
7,29,14,0.2779
7,29,15,0.2812
7,29,16,0.282
7,29,17,0.2809
7,29,18,0.2833
7,29,19,0.2826
7,29,20,0.2801
7,29,21,0.2776
7,29,22,0.2732
7,29,23,0.2728
7,30,0,0.2569
7,30,1,0.233
7,30,2,0.2223
7,30,3,0.2189
7,30,4,0.2203
7,30,5,0.2239
7,30,6,0.2246
7,30,7,0.2409
7,30,8,0.2384
7,30,9,0.2438
7,30,10,0.2614
7,30,11,0.2578
7,30,12,0.2565
7,30,13,0.27
7,30,14,0.2786
7,30,15,0.276
7,30,16,0.276
7,30,17,0.2706
7,30,18,0.2701
7,30,19,0.2706
7,30,20,0.27
7,30,21,0.2706
7,30,22,0.2649
7,30,23,0.2607
7,31,0,0.2457
7,31,1,0.2401
7,31,2,0.2369
7,31,3,0.2359
7,31,4,0.2308
7,31,5,0.228
7,31,6,0.2263
7,31,7,0.2275
7,31,8,0.2331
7,31,9,0.2373
7,31,10,0.2388
7,31,11,0.2482
7,31,12,0.2585
7,31,13,0.2628
7,31,14,0.2666
7,31,15,0.2673
7,31,16,0.2664
7,31,17,0.2656
7,31,18,0.268
7,31,19,0.2694
7,31,20,0.2683
7,31,21,0.2665
7,31,22,0.2622
7,31,23,0.2557
8,1,0,0.2308
8,1,1,0.2263
8,1,2,0.2213
8,1,3,0.219
8,1,4,0.2173
8,1,5,0.2165
8,1,6,0.225
8,1,7,0.2357
8,1,8,0.2407
8,1,9,0.2497
8,1,10,0.2553
8,1,11,0.2643
8,1,12,0.2693
8,1,13,0.2711
8,1,14,0.2753
8,1,15,0.2748
8,1,16,0.2759
8,1,17,0.2764
8,1,18,0.2723
8,1,19,0.2674
8,1,20,0.267
8,1,21,0.2583
8,1,22,0.248
8,1,23,0.2365
8,2,0,0.2254
8,2,1,0.2115
8,2,2,0.2052
8,2,3,0.2027
8,2,4,0.2011
8,2,5,0.2121
8,2,6,0.2258
8,2,7,0.2364
8,2,8,0.2486
8,2,9,0.249
8,2,10,0.2536
8,2,11,0.2601
8,2,12,0.2614
8,2,13,0.2599
8,2,14,0.261
8,2,15,0.261
8,2,16,0.266
8,2,17,0.2696
8,2,18,0.272
8,2,19,0.2666
8,2,20,0.2577
8,2,21,0.2576
8,2,22,0.2612
8,2,23,0.2462
8,3,0,0.2254
8,3,1,0.2067
8,3,2,0.2021
8,3,3,0.2016
8,3,4,0.2009
8,3,5,0.2064
8,3,6,0.217
8,3,7,0.2245
8,3,8,0.2269
8,3,9,0.2353
8,3,10,0.2406
8,3,11,0.2501
8,3,12,0.2558
8,3,13,0.2606
8,3,14,0.265
8,3,15,0.2681
8,3,16,0.2699
8,3,17,0.2737
8,3,18,0.2741
8,3,19,0.2672
8,3,20,0.2606
8,3,21,0.2559
8,3,22,0.2539
8,3,23,0.2359
8,4,0,0.2198
8,4,1,0.205
8,4,2,0.2023
8,4,3,0.1988
8,4,4,0.2001
8,4,5,0.2037
8,4,6,0.2089
8,4,7,0.2224
8,4,8,0.24
8,4,9,0.2497
8,4,10,0.2575
8,4,11,0.2662
8,4,12,0.2726
8,4,13,0.2732
8,4,14,0.2723
8,4,15,0.2711
8,4,16,0.2701
8,4,17,0.2746
8,4,18,0.2739
8,4,19,0.2761
8,4,20,0.2731
8,4,21,0.2674
8,4,22,0.2617
8,4,23,0.2561
8,5,0,0.2276
8,5,1,0.2134
8,5,2,0.2021
8,5,3,0.1977
8,5,4,0.1954
8,5,5,0.2009
8,5,6,0.215
8,5,7,0.2261
8,5,8,0.2447
8,5,9,0.2564
8,5,10,0.2627
8,5,11,0.2686
8,5,12,0.2714
8,5,13,0.2717
8,5,14,0.2695
8,5,15,0.2692
8,5,16,0.2698
8,5,17,0.268
8,5,18,0.2679
8,5,19,0.2684
8,5,20,0.2685
8,5,21,0.264
8,5,22,0.2649
8,5,23,0.2542
8,6,0,0.2281
8,6,1,0.2211
8,6,2,0.2094
8,6,3,0.2035
8,6,4,0.2013
8,6,5,0.2049
8,6,6,0.2065
8,6,7,0.2082
8,6,8,0.221
8,6,9,0.237
8,6,10,0.2535
8,6,11,0.2623
8,6,12,0.269
8,6,13,0.2709
8,6,14,0.2677
8,6,15,0.2691
8,6,16,0.278
8,6,17,0.2821
8,6,18,0.2793
8,6,19,0.2794
8,6,20,0.2759
8,6,21,0.2734
8,6,22,0.2721
8,6,23,0.2635
8,7,0,0.2433
8,7,1,0.2282
8,7,2,0.2177
8,7,3,0.2123
8,7,4,0.2072
8,7,5,0.2107
8,7,6,0.2065
8,7,7,0.2015
8,7,8,0.2088
8,7,9,0.2158
8,7,10,0.2328
8,7,11,0.2493
8,7,12,0.2581
8,7,13,0.2659
8,7,14,0.2685
8,7,15,0.2697
8,7,16,0.27
8,7,17,0.2696
8,7,18,0.269
8,7,19,0.2663
8,7,20,0.2698
8,7,21,0.2681
8,7,22,0.2626
8,7,23,0.2559
8,8,0,0.2336
8,8,1,0.2158
8,8,2,0.2115
8,8,3,0.2106
8,8,4,0.2116
8,8,5,0.2127
8,8,6,0.2174
8,8,7,0.2278
8,8,8,0.2402
8,8,9,0.2501
8,8,10,0.2562
8,8,11,0.2673
8,8,12,0.2758
8,8,13,0.2786
8,8,14,0.2804
8,8,15,0.2781
8,8,16,0.2783
8,8,17,0.2754
8,8,18,0.2787
8,8,19,0.2802
8,8,20,0.2805
8,8,21,0.2789
8,8,22,0.2699
8,8,23,0.2472
8,9,0,0.2264
8,9,1,0.216
8,9,2,0.2097
8,9,3,0.2073
8,9,4,0.2087
8,9,5,0.2115
8,9,6,0.2189
8,9,7,0.2353
8,9,8,0.2523
8,9,9,0.2666
8,9,10,0.2731
8,9,11,0.2708
8,9,12,0.2751
8,9,13,0.2783
8,9,14,0.283
8,9,15,0.2818
8,9,16,0.2831
8,9,17,0.2845
8,9,18,0.2843
8,9,19,0.2832
8,9,20,0.2794
8,9,21,0.2754
8,9,22,0.2727
8,9,23,0.2622
8,10,0,0.2489
8,10,1,0.2303
8,10,2,0.2178
8,10,3,0.2158
8,10,4,0.2176
8,10,5,0.2257
8,10,6,0.2333
8,10,7,0.2496
8,10,8,0.2677
8,10,9,0.2749
8,10,10,0.2791
8,10,11,0.2832
8,10,12,0.2831
8,10,13,0.286
8,10,14,0.2856
8,10,15,0.2822
8,10,16,0.2835
8,10,17,0.2852
8,10,18,0.2862
8,10,19,0.2888
8,10,20,0.2853
8,10,21,0.2822
8,10,22,0.2849
8,10,23,0.2766
8,11,0,0.2699
8,11,1,0.2605
8,11,2,0.2535
8,11,3,0.2352
8,11,4,0.2331
8,11,5,0.2397
8,11,6,0.2436
8,11,7,0.2594
8,11,8,0.2802
8,11,9,0.2882
8,11,10,0.2953
8,11,11,0.2947
8,11,12,0.3035
8,11,13,0.3071
8,11,14,0.3098
8,11,15,0.3084
8,11,16,0.309
8,11,17,0.3107
8,11,18,0.3142
8,11,19,0.3114
8,11,20,0.3108
8,11,21,0.308
8,11,22,0.3089
8,11,23,0.2976
8,12,0,0.2806
8,12,1,0.2666
8,12,2,0.2511
8,12,3,0.2356
8,12,4,0.237
8,12,5,0.2436
8,12,6,0.2563
8,12,7,0.2652
8,12,8,0.2813
8,12,9,0.2949
8,12,10,0.298
8,12,11,0.3099
8,12,12,0.3136
8,12,13,0.3161
8,12,14,0.3171
8,12,15,0.3196
8,12,16,0.3224
8,12,17,0.3196
8,12,18,0.3164
8,12,19,0.3179
8,12,20,0.3137
8,12,21,0.3089
8,12,22,0.3014
8,12,23,0.2955
8,13,0,0.276
8,13,1,0.262
8,13,2,0.2553
8,13,3,0.2513
8,13,4,0.2482
8,13,5,0.2467
8,13,6,0.251
8,13,7,0.2579
8,13,8,0.2668
8,13,9,0.285
8,13,10,0.3016
8,13,11,0.3096
8,13,12,0.3117
8,13,13,0.315
8,13,14,0.3151
8,13,15,0.3197
8,13,16,0.323
8,13,17,0.3198
8,13,18,0.3128
8,13,19,0.3084
8,13,20,0.3088
8,13,21,0.308
8,13,22,0.2878
8,13,23,0.266
8,14,0,0.2702
8,14,1,0.2482
8,14,2,0.236
8,14,3,0.2371
8,14,4,0.238
8,14,5,0.222
8,14,6,0.22
8,14,7,0.2286
8,14,8,0.2374
8,14,9,0.2529
8,14,10,0.2722
8,14,11,0.2881
8,14,12,0.3002
8,14,13,0.3043
8,14,14,0.3085
8,14,15,0.3168
8,14,16,0.3134
8,14,17,0.3143
8,14,18,0.3103
8,14,19,0.3087
8,14,20,0.306
8,14,21,0.287
8,14,22,0.2778
8,14,23,0.2679
8,15,0,0.2534
8,15,1,0.2436
8,15,2,0.2409
8,15,3,0.2419
8,15,4,0.2414
8,15,5,0.2429
8,15,6,0.249
8,15,7,0.2582
8,15,8,0.267
8,15,9,0.2753
8,15,10,0.2781
8,15,11,0.281
8,15,12,0.2829
8,15,13,0.2911
8,15,14,0.2941
8,15,15,0.2946
8,15,16,0.3026
8,15,17,0.3081
8,15,18,0.311
8,15,19,0.3081
8,15,20,0.3055
8,15,21,0.3017
8,15,22,0.2946
8,15,23,0.2813
8,16,0,0.2741
8,16,1,0.2627
8,16,2,0.248
8,16,3,0.2426
8,16,4,0.24
8,16,5,0.2411
8,16,6,0.2498
8,16,7,0.2574
8,16,8,0.2674
8,16,9,0.2768
8,16,10,0.2873
8,16,11,0.2896
8,16,12,0.2923
8,16,13,0.2949
8,16,14,0.2941
8,16,15,0.2986
8,16,16,0.2973
8,16,17,0.2952
8,16,18,0.295
8,16,19,0.2917
8,16,20,0.295
8,16,21,0.287
8,16,22,0.2863
8,16,23,0.2768
8,17,0,0.2653
8,17,1,0.2447
8,17,2,0.233
8,17,3,0.2294
8,17,4,0.2283
8,17,5,0.2313
8,17,6,0.2418
8,17,7,0.2495
8,17,8,0.2575
8,17,9,0.2674
8,17,10,0.2733
8,17,11,0.2786
8,17,12,0.2802
8,17,13,0.2836
8,17,14,0.2816
8,17,15,0.2824
8,17,16,0.2894
8,17,17,0.2916
8,17,18,0.2939
8,17,19,0.2899
8,17,20,0.288
8,17,21,0.2876
8,17,22,0.2802
8,17,23,0.262
8,18,0,0.2398
8,18,1,0.2267
8,18,2,0.2216
8,18,3,0.2191
8,18,4,0.2175
8,18,5,0.2235
8,18,6,0.2323
8,18,7,0.2415
8,18,8,0.2492
8,18,9,0.2592
8,18,10,0.2626
8,18,11,0.2721
8,18,12,0.2756
8,18,13,0.2795
8,18,14,0.2796
8,18,15,0.2809
8,18,16,0.2807
8,18,17,0.282
8,18,18,0.2841
8,18,19,0.2834
8,18,20,0.2798
8,18,21,0.2787
8,18,22,0.2759
8,18,23,0.2671
8,19,0,0.2527
8,19,1,0.2354
8,19,2,0.2287
8,19,3,0.2282
8,19,4,0.2262
8,19,5,0.2278
8,19,6,0.2352
8,19,7,0.2402
8,19,8,0.2408
8,19,9,0.2555
8,19,10,0.2656
8,19,11,0.2753
8,19,12,0.2742
8,19,13,0.2803
8,19,14,0.2791
8,19,15,0.2849
8,19,16,0.2855
8,19,17,0.2869
8,19,18,0.2861
8,19,19,0.2834
8,19,20,0.2833
8,19,21,0.2794
8,19,22,0.267
8,19,23,0.2588
8,20,0,0.2402
8,20,1,0.2281
8,20,2,0.2171
8,20,3,0.2148
8,20,4,0.2132
8,20,5,0.2136
8,20,6,0.2142
8,20,7,0.2165
8,20,8,0.2258
8,20,9,0.2378
8,20,10,0.255
8,20,11,0.2699
8,20,12,0.2753
8,20,13,0.2748
8,20,14,0.2739
8,20,15,0.2764
8,20,16,0.2786
8,20,17,0.2824
8,20,18,0.2819
8,20,19,0.2723
8,20,20,0.2667
8,20,21,0.2548
8,20,22,0.2509
8,20,23,0.2362
8,21,0,0.2186
8,21,1,0.2019
8,21,2,0.1953
8,21,3,0.1905
8,21,4,0.1917
8,21,5,0.1942
8,21,6,0.1944
8,21,7,0.198
8,21,8,0.2141
8,21,9,0.221
8,21,10,0.2227
8,21,11,0.2317
8,21,12,0.2409
8,21,13,0.2444
8,21,14,0.2461
8,21,15,0.2507
8,21,16,0.2515
8,21,17,0.2479
8,21,18,0.2517
8,21,19,0.2521
8,21,20,0.2533
8,21,21,0.2449
8,21,22,0.2462
8,21,23,0.2408
8,22,0,0.2243
8,22,1,0.2152
8,22,2,0.2097
8,22,3,0.2056
8,22,4,0.2013
8,22,5,0.2074
8,22,6,0.2138
8,22,7,0.2186
8,22,8,0.2262
8,22,9,0.2291
8,22,10,0.2351
8,22,11,0.2404
8,22,12,0.2446
8,22,13,0.2452
8,22,14,0.2461
8,22,15,0.2496
8,22,16,0.2519
8,22,17,0.2526
8,22,18,0.2498
8,22,19,0.2434
8,22,20,0.2404
8,22,21,0.2354
8,22,22,0.2309
8,22,23,0.2209
8,23,0,0.2078
8,23,1,0.2013
8,23,2,0.2031
8,23,3,0.2019
8,23,4,0.2068
8,23,5,0.2037
8,23,6,0.2113
8,23,7,0.2164
8,23,8,0.2296
8,23,9,0.2301
8,23,10,0.2304
8,23,11,0.2296
8,23,12,0.2355
8,23,13,0.2459
8,23,14,0.2474
8,23,15,0.2497
8,23,16,0.2535
8,23,17,0.254
8,23,18,0.252
8,23,19,0.2474
8,23,20,0.244
8,23,21,0.2362
8,23,22,0.2242
8,23,23,0.2102
8,24,0,0.1953
8,24,1,0.1871
8,24,2,0.1821
8,24,3,0.182
8,24,4,0.1852
8,24,5,0.1834
8,24,6,0.1981
8,24,7,0.2133
8,24,8,0.2275
8,24,9,0.2385
8,24,10,0.2463
8,24,11,0.2474
8,24,12,0.2496
8,24,13,0.255
8,24,14,0.2608
8,24,15,0.2576
8,24,16,0.2606
8,24,17,0.2662
8,24,18,0.2651
8,24,19,0.2627
8,24,20,0.2573
8,24,21,0.2476
8,24,22,0.2369
8,24,23,0.225
8,25,0,0.2072
8,25,1,0.1923
8,25,2,0.1882
8,25,3,0.1859
8,25,4,0.1867
8,25,5,0.1997
8,25,6,0.2131
8,25,7,0.2222
8,25,8,0.2326
8,25,9,0.2411
8,25,10,0.251
8,25,11,0.2603
8,25,12,0.265
8,25,13,0.2702
8,25,14,0.2689
8,25,15,0.2698
8,25,16,0.273
8,25,17,0.2765
8,25,18,0.2751
8,25,19,0.2734
8,25,20,0.2704
8,25,21,0.2658
8,25,22,0.2603
8,25,23,0.2513
8,26,0,0.2338
8,26,1,0.225
8,26,2,0.2226
8,26,3,0.2192
8,26,4,0.2183
8,26,5,0.2209
8,26,6,0.2351
8,26,7,0.2432
8,26,8,0.2572
8,26,9,0.2716
8,26,10,0.2825
8,26,11,0.2871
8,26,12,0.2912
8,26,13,0.2956
8,26,14,0.2972
8,26,15,0.2999
8,26,16,0.3
8,26,17,0.301
8,26,18,0.301
8,26,19,0.2933
8,26,20,0.2897
8,26,21,0.2882
8,26,22,0.2718
8,26,23,0.2534
8,27,0,0.2498
8,27,1,0.2378
8,27,2,0.2258
8,27,3,0.2255
8,27,4,0.2196
8,27,5,0.2194
8,27,6,0.2233
8,27,7,0.2232
8,27,8,0.228
8,27,9,0.24
8,27,10,0.2529
8,27,11,0.2645
8,27,12,0.2719
8,27,13,0.2778
8,27,14,0.2768
8,27,15,0.2855
8,27,16,0.2863
8,27,17,0.2895
8,27,18,0.2877
8,27,19,0.2819
8,27,20,0.277
8,27,21,0.271
8,27,22,0.2557
8,27,23,0.2412
8,28,0,0.2252
8,28,1,0.2139
8,28,2,0.2113
8,28,3,0.2057
8,28,4,0.2054
8,28,5,0.2028
8,28,6,0.2003
8,28,7,0.205
8,28,8,0.2147
8,28,9,0.2196
8,28,10,0.2282
8,28,11,0.2338
8,28,12,0.2377
8,28,13,0.2462
8,28,14,0.2519
8,28,15,0.2557
8,28,16,0.2584
8,28,17,0.2605
8,28,18,0.2631
8,28,19,0.2623
8,28,20,0.2594
8,28,21,0.2596
8,28,22,0.2537
8,28,23,0.249
8,29,0,0.2293
8,29,1,0.2162
8,29,2,0.2228
8,29,3,0.2149
8,29,4,0.2121
8,29,5,0.216
8,29,6,0.237
8,29,7,0.2395
8,29,8,0.2546
8,29,9,0.2604
8,29,10,0.2712
8,29,11,0.2769
8,29,12,0.2812
8,29,13,0.2832
8,29,14,0.2841
8,29,15,0.2901
8,29,16,0.2917
8,29,17,0.2937
8,29,18,0.2946
8,29,19,0.2907
8,29,20,0.289
8,29,21,0.2853
8,29,22,0.2567
8,29,23,0.2428
8,30,0,0.2308
8,30,1,0.2217
8,30,2,0.2174
8,30,3,0.213
8,30,4,0.2129
8,30,5,0.2132
8,30,6,0.2235
8,30,7,0.2294
8,30,8,0.2373
8,30,9,0.2412
8,30,10,0.251
8,30,11,0.2614
8,30,12,0.2681
8,30,13,0.27
8,30,14,0.2717
8,30,15,0.2731
8,30,16,0.2721
8,30,17,0.2759
8,30,18,0.2771
8,30,19,0.2756
8,30,20,0.2716
8,30,21,0.2614
8,30,22,0.243
8,30,23,0.2351
8,31,0,0.2316
8,31,1,0.2206
8,31,2,0.2171
8,31,3,0.2154
8,31,4,0.2152
8,31,5,0.2183
8,31,6,0.2196
8,31,7,0.2259
8,31,8,0.2349
8,31,9,0.2437
8,31,10,0.2482
8,31,11,0.2564
8,31,12,0.2621
8,31,13,0.2684
8,31,14,0.2722
8,31,15,0.2728
8,31,16,0.272
8,31,17,0.2707
8,31,18,0.2684
8,31,19,0.2679
8,31,20,0.2696
8,31,21,0.2653
8,31,22,0.2475
8,31,23,0.2358
9,1,0,0.2251
9,1,1,0.209
9,1,2,0.2052
9,1,3,0.2024
9,1,4,0.2029
9,1,5,0.2072
9,1,6,0.2122
9,1,7,0.2186
9,1,8,0.2271
9,1,9,0.2364
9,1,10,0.2447
9,1,11,0.246
9,1,12,0.2447
9,1,13,0.2453
9,1,14,0.2433
9,1,15,0.2453
9,1,16,0.2462
9,1,17,0.2456
9,1,18,0.2444
9,1,19,0.244
9,1,20,0.2422
9,1,21,0.2326
9,1,22,0.2208
9,1,23,0.2105
9,2,0,0.1954
9,2,1,0.1835
9,2,2,0.1756
9,2,3,0.1761
9,2,4,0.1765
9,2,5,0.1777
9,2,6,0.186
9,2,7,0.1931
9,2,8,0.2089
9,2,9,0.2162
9,2,10,0.2249
9,2,11,0.2345
9,2,12,0.2384
9,2,13,0.238
9,2,14,0.24
9,2,15,0.2385
9,2,16,0.2384
9,2,17,0.2387
9,2,18,0.2353
9,2,19,0.2288
9,2,20,0.2287
9,2,21,0.2205
9,2,22,0.2067
9,2,23,0.2002
9,3,0,0.1921
9,3,1,0.1837
9,3,2,0.1775
9,3,3,0.1843
9,3,4,0.1753
9,3,5,0.1743
9,3,6,0.1764
9,3,7,0.1794
9,3,8,0.189
9,3,9,0.192
9,3,10,0.2048
9,3,11,0.2048
9,3,12,0.2017
9,3,13,0.2004
9,3,14,0.1979
9,3,15,0.1986
9,3,16,0.2022
9,3,17,0.2026
9,3,18,0.205
9,3,19,0.204
9,3,20,0.2063
9,3,21,0.2029
9,3,22,0.1897
9,3,23,0.188
9,4,0,0.1881
9,4,1,0.1732
9,4,2,0.162
9,4,3,0.1598
9,4,4,0.1584
9,4,5,0.1615
9,4,6,0.1606
9,4,7,0.1607
9,4,8,0.1681
9,4,9,0.1777
9,4,10,0.1813
9,4,11,0.1858
9,4,12,0.1915
9,4,13,0.1942
9,4,14,0.1955
9,4,15,0.1953
9,4,16,0.202
9,4,17,0.2085
9,4,18,0.2117
9,4,19,0.2096
9,4,20,0.2192
9,4,21,0.2149
9,4,22,0.2077
9,4,23,0.2033
9,5,0,0.1819
9,5,1,0.1662
9,5,2,0.1622
9,5,3,0.1624
9,5,4,0.162
9,5,5,0.1619
9,5,6,0.1619
9,5,7,0.1606
9,5,8,0.1695
9,5,9,0.1817
9,5,10,0.1987
9,5,11,0.2048
9,5,12,0.2085
9,5,13,0.2037
9,5,14,0.2067
9,5,15,0.2119
9,5,16,0.2246
9,5,17,0.2279
9,5,18,0.2307
9,5,19,0.2293
9,5,20,0.2305
9,5,21,0.2218
9,5,22,0.2105
9,5,23,0.1976
9,6,0,0.1922
9,6,1,0.1794
9,6,2,0.18
9,6,3,0.1799
9,6,4,0.1797
9,6,5,0.1885
9,6,6,0.2257
9,6,7,0.2326
9,6,8,0.2398
9,6,9,0.2373
9,6,10,0.2403
9,6,11,0.2449
9,6,12,0.2448
9,6,13,0.247
9,6,14,0.2489
9,6,15,0.2499
9,6,16,0.2488
9,6,17,0.2525
9,6,18,0.2539
9,6,19,0.2523
9,6,20,0.2515
9,6,21,0.2489
9,6,22,0.2341
9,6,23,0.2161
9,7,0,0.2118
9,7,1,0.2046
9,7,2,0.2036
9,7,3,0.1992
9,7,4,0.1994
9,7,5,0.2091
9,7,6,0.2183
9,7,7,0.2297
9,7,8,0.2399
9,7,9,0.265
9,7,10,0.2719
9,7,11,0.2805
9,7,12,0.2814
9,7,13,0.2793
9,7,14,0.2796
9,7,15,0.2773
9,7,16,0.2768
9,7,17,0.2801
9,7,18,0.282
9,7,19,0.2849
9,7,20,0.2849
9,7,21,0.2822
9,7,22,0.2629
9,7,23,0.256
9,8,0,0.2394
9,8,1,0.2207
9,8,2,0.2117
9,8,3,0.2087
9,8,4,0.208
9,8,5,0.2111
9,8,6,0.2265
9,8,7,0.2453
9,8,8,0.2613
9,8,9,0.266
9,8,10,0.2689
9,8,11,0.2768
9,8,12,0.2803
9,8,13,0.2832
9,8,14,0.2849
9,8,15,0.289
9,8,16,0.291
9,8,17,0.2888
9,8,18,0.2888
9,8,19,0.2844
9,8,20,0.2812
9,8,21,0.2806
9,8,22,0.2732
9,8,23,0.2652
9,9,0,0.2525
9,9,1,0.2366
9,9,2,0.2332
9,9,3,0.2274
9,9,4,0.2276
9,9,5,0.2394
9,9,6,0.2557
9,9,7,0.2718
9,9,8,0.2712
9,9,9,0.283
9,9,10,0.2968
9,9,11,0.3038
9,9,12,0.3161
9,9,13,0.3167
9,9,14,0.3174
9,9,15,0.3163
9,9,16,0.317
9,9,17,0.3166
9,9,18,0.313
9,9,19,0.3071
9,9,20,0.3012
9,9,21,0.2931
9,9,22,0.2882
9,9,23,0.286
9,10,0,0.2745
9,10,1,0.2576
9,10,2,0.2414
9,10,3,0.2342
9,10,4,0.23
9,10,5,0.2292
9,10,6,0.2358
9,10,7,0.2355
9,10,8,0.2479
9,10,9,0.2544
9,10,10,0.2675
9,10,11,0.2789
9,10,12,0.2858
9,10,13,0.283
9,10,14,0.2797
9,10,15,0.2729
9,10,16,0.2685
9,10,17,0.2694
9,10,18,0.2657
9,10,19,0.2668
9,10,20,0.2626
9,10,21,0.2664
9,10,22,0.2555
9,10,23,0.257
9,11,0,0.2516
9,11,1,0.2374
9,11,2,0.2118
9,11,3,0.2059
9,11,4,0.2107
9,11,5,0.2111
9,11,6,0.2132
9,11,7,0.209
9,11,8,0.2093
9,11,9,0.2142
9,11,10,0.2248
9,11,11,0.2319
9,11,12,0.2351
9,11,13,0.2384
9,11,14,0.2352
9,11,15,0.2383
9,11,16,0.2386
9,11,17,0.2428
9,11,18,0.2426
9,11,19,0.2424
9,11,20,0.2432
9,11,21,0.2431
9,11,22,0.2214
9,11,23,0.2122
9,12,0,0.2005
9,12,1,0.1923
9,12,2,0.1917
9,12,3,0.1895
9,12,4,0.1867
9,12,5,0.1918
9,12,6,0.2031
9,12,7,0.2124
9,12,8,0.2171
9,12,9,0.2232
9,12,10,0.2239
9,12,11,0.2307
9,12,12,0.2352
9,12,13,0.2358
9,12,14,0.2386
9,12,15,0.2419
9,12,16,0.2456
9,12,17,0.2453
9,12,18,0.2433
9,12,19,0.2441
9,12,20,0.2397
9,12,21,0.2322
9,12,22,0.2136
9,12,23,0.2035
9,13,0,0.1778
9,13,1,0.1738
9,13,2,0.1733
9,13,3,0.1707
9,13,4,0.174
9,13,5,0.1808
9,13,6,0.1939
9,13,7,0.2095
9,13,8,0.215
9,13,9,0.2221
9,13,10,0.231
9,13,11,0.2345
9,13,12,0.2394
9,13,13,0.2404
9,13,14,0.2407
9,13,15,0.2443
9,13,16,0.2474
9,13,17,0.2497
9,13,18,0.2511
9,13,19,0.2495
9,13,20,0.2462
9,13,21,0.2341
9,13,22,0.2243
9,13,23,0.2126
9,14,0,0.1954
9,14,1,0.1826
9,14,2,0.1799
9,14,3,0.1794
9,14,4,0.1811
9,14,5,0.1883
9,14,6,0.2068
9,14,7,0.2161
9,14,8,0.2157
9,14,9,0.2239
9,14,10,0.2324
9,14,11,0.2432
9,14,12,0.25
9,14,13,0.254
9,14,14,0.257
9,14,15,0.2643
9,14,16,0.2722
9,14,17,0.2747
9,14,18,0.2644
9,14,19,0.2599
9,14,20,0.2538
9,14,21,0.2491
9,14,22,0.2323
9,14,23,0.2133
9,15,0,0.2036
9,15,1,0.1897
9,15,2,0.1872
9,15,3,0.1894
9,15,4,0.1961
9,15,5,0.201
9,15,6,0.2057
9,15,7,0.2136
9,15,8,0.2189
9,15,9,0.2241
9,15,10,0.2292
9,15,11,0.2302
9,15,12,0.2327
9,15,13,0.2376
9,15,14,0.2383
9,15,15,0.2402
9,15,16,0.2433
9,15,17,0.2459
9,15,18,0.2435
9,15,19,0.2411
9,15,20,0.2377
9,15,21,0.2334
9,15,22,0.2144
9,15,23,0.2074
9,16,0,0.191
9,16,1,0.1799
9,16,2,0.1756
9,16,3,0.1735
9,16,4,0.1762
9,16,5,0.1823
9,16,6,0.1996
9,16,7,0.2061
9,16,8,0.2174
9,16,9,0.2182
9,16,10,0.2243
9,16,11,0.2281
9,16,12,0.2296
9,16,13,0.2289
9,16,14,0.2262
9,16,15,0.2281
9,16,16,0.2291
9,16,17,0.2288
9,16,18,0.231
9,16,19,0.2266
9,16,20,0.221
9,16,21,0.2092
9,16,22,0.1986
9,16,23,0.1801
9,17,0,0.1647
9,17,1,0.1607
9,17,2,0.1608
9,17,3,0.1658
9,17,4,0.1622
9,17,5,0.1582
9,17,6,0.1618
9,17,7,0.162
9,17,8,0.1676
9,17,9,0.1789
9,17,10,0.1888
9,17,11,0.1943
9,17,12,0.1973
9,17,13,0.2001
9,17,14,0.2027
9,17,15,0.2082
9,17,16,0.2111
9,17,17,0.2132
9,17,18,0.2115
9,17,19,0.2104
9,17,20,0.2107
9,17,21,0.1985
9,17,22,0.1939
9,17,23,0.1897
9,18,0,0.177
9,18,1,0.1693
9,18,2,0.1702
9,18,3,0.1679
9,18,4,0.1678
9,18,5,0.1722
9,18,6,0.1746
9,18,7,0.1778
9,18,8,0.1863
9,18,9,0.1989
9,18,10,0.2158
9,18,11,0.2248
9,18,12,0.2212
9,18,13,0.2261
9,18,14,0.2266
9,18,15,0.2283
9,18,16,0.2334
9,18,17,0.2359
9,18,18,0.2368
9,18,19,0.2389
9,18,20,0.2391
9,18,21,0.2412
9,18,22,0.2349
9,18,23,0.2284
9,19,0,0.222
9,19,1,0.2093
9,19,2,0.2003
9,19,3,0.1989
9,19,4,0.2006
9,19,5,0.2161
9,19,6,0.2323
9,19,7,0.2375
9,19,8,0.2457
9,19,9,0.2482
9,19,10,0.2497
9,19,11,0.2522
9,19,12,0.2516
9,19,13,0.2526
9,19,14,0.249
9,19,15,0.2466
9,19,16,0.2476
9,19,17,0.2494
9,19,18,0.2506
9,19,19,0.2543
9,19,20,0.2508
9,19,21,0.2477
9,19,22,0.234
9,19,23,0.2218
9,20,0,0.2124
9,20,1,0.2064
9,20,2,0.2044
9,20,3,0.1967
9,20,4,0.1966
9,20,5,0.2049
9,20,6,0.2149
9,20,7,0.2201
9,20,8,0.2287
9,20,9,0.2399
9,20,10,0.2449
9,20,11,0.2499
9,20,12,0.2495
9,20,13,0.2569
9,20,14,0.2588
9,20,15,0.2618
9,20,16,0.2545
9,20,17,0.2523
9,20,18,0.2552
9,20,19,0.2597
9,20,20,0.2573
9,20,21,0.249
9,20,22,0.2355
9,20,23,0.2233
9,21,0,0.2234
9,21,1,0.2158
9,21,2,0.2117
9,21,3,0.2114
9,21,4,0.2104
9,21,5,0.2169
9,21,6,0.2258
9,21,7,0.2299
9,21,8,0.235
9,21,9,0.2375
9,21,10,0.242
9,21,11,0.2466
9,21,12,0.2532
9,21,13,0.2573
9,21,14,0.2553
9,21,15,0.2587
9,21,16,0.2552
9,21,17,0.2538
9,21,18,0.2546
9,21,19,0.2525
9,21,20,0.248
9,21,21,0.236
9,21,22,0.2186
9,21,23,0.2101
9,22,0,0.1964
9,22,1,0.1861
9,22,2,0.1837
9,22,3,0.1831
9,22,4,0.1845
9,22,5,0.185
9,22,6,0.1948
9,22,7,0.2045
9,22,8,0.2124
9,22,9,0.2193
9,22,10,0.2268
9,22,11,0.2329
9,22,12,0.2393
9,22,13,0.2407
9,22,14,0.2419
9,22,15,0.2502
9,22,16,0.2476
9,22,17,0.2494
9,22,18,0.2499
9,22,19,0.2474
9,22,20,0.2454
9,22,21,0.2389
9,22,22,0.2274
9,22,23,0.2111
9,23,0,0.2016
9,23,1,0.1906
9,23,2,0.1858
9,23,3,0.1887
9,23,4,0.1869
9,23,5,0.1971
9,23,6,0.2068
9,23,7,0.2113
9,23,8,0.2231
9,23,9,0.2264
9,23,10,0.2322
9,23,11,0.2372
9,23,12,0.2421
9,23,13,0.2442
9,23,14,0.2517
9,23,15,0.2508
9,23,16,0.2489
9,23,17,0.2473
9,23,18,0.2462
9,23,19,0.247
9,23,20,0.2424
9,23,21,0.2353
9,23,22,0.2295
9,23,23,0.2213
9,24,0,0.203
9,24,1,0.1904
9,24,2,0.1819
9,24,3,0.1674
9,24,4,0.1643
9,24,5,0.1593
9,24,6,0.1671
9,24,7,0.1698
9,24,8,0.1742
9,24,9,0.1844
9,24,10,0.189
9,24,11,0.1883
9,24,12,0.1879
9,24,13,0.1881
9,24,14,0.1913
9,24,15,0.1919
9,24,16,0.1945
9,24,17,0.1965
9,24,18,0.1992
9,24,19,0.2023
9,24,20,0.1995
9,24,21,0.187
9,24,22,0.1793
9,24,23,0.175
9,25,0,0.1595
9,25,1,0.151
9,25,2,0.1485
9,25,3,0.1466
9,25,4,0.1497
9,25,5,0.1455
9,25,6,0.148
9,25,7,0.147
9,25,8,0.1516
9,25,9,0.1548
9,25,10,0.1637
9,25,11,0.1629
9,25,12,0.1645
9,25,13,0.1656
9,25,14,0.1672
9,25,15,0.1733
9,25,16,0.1801
9,25,17,0.1875
9,25,18,0.1934
9,25,19,0.2011
9,25,20,0.1958
9,25,21,0.1821
9,25,22,0.1673
9,25,23,0.1659
9,26,0,0.1553
9,26,1,0.1517
9,26,2,0.1509
9,26,3,0.1492
9,26,4,0.1481
9,26,5,0.1653
9,26,6,0.1864
9,26,7,0.195
9,26,8,0.1968
9,26,9,0.1945
9,26,10,0.1943
9,26,11,0.1933
9,26,12,0.1971
9,26,13,0.1925
9,26,14,0.1946
9,26,15,0.1986
9,26,16,0.1996
9,26,17,0.1993
9,26,18,0.1942
9,26,19,0.2015
9,26,20,0.195
9,26,21,0.1948
9,26,22,0.1877
9,26,23,0.1714
9,27,0,0.1563
9,27,1,0.1676
9,27,2,0.1519
9,27,3,0.1471
9,27,4,0.1474
9,27,5,0.1562
9,27,6,0.1795
9,27,7,0.1905
9,27,8,0.1919
9,27,9,0.1882
9,27,10,0.1972
9,27,11,0.1957
9,27,12,0.1976
9,27,13,0.2003
9,27,14,0.2035
9,27,15,0.2059
9,27,16,0.2089
9,27,17,0.21
9,27,18,0.2042
9,27,19,0.2054
9,27,20,0.2053
9,27,21,0.1936
9,27,22,0.1795
9,27,23,0.173
9,28,0,0.1606
9,28,1,0.1514
9,28,2,0.1504
9,28,3,0.1527
9,28,4,0.1519
9,28,5,0.1534
9,28,6,0.1639
9,28,7,0.1785
9,28,8,0.191
9,28,9,0.1918
9,28,10,0.1957
9,28,11,0.2002
9,28,12,0.1978
9,28,13,0.1931
9,28,14,0.1931
9,28,15,0.1898
9,28,16,0.1904
9,28,17,0.1959
9,28,18,0.1966
9,28,19,0.1927
9,28,20,0.19
9,28,21,0.1881
9,28,22,0.1935
9,28,23,0.1874
9,29,0,0.1515
9,29,1,0.1435
9,29,2,0.1442
9,29,3,0.145
9,29,4,0.1463
9,29,5,0.1503
9,29,6,0.1672
9,29,7,0.1848
9,29,8,0.1873
9,29,9,0.188
9,29,10,0.1938
9,29,11,0.1955
9,29,12,0.1921
9,29,13,0.191
9,29,14,0.1886
9,29,15,0.1875
9,29,16,0.1851
9,29,17,0.1857
9,29,18,0.1836
9,29,19,0.1865
9,29,20,0.1849
9,29,21,0.1785
9,29,22,0.1685
9,29,23,0.1528
9,30,0,0.1415
9,30,1,0.1409
9,30,2,0.1426
9,30,3,0.1453
9,30,4,0.1521
9,30,5,0.1618
9,30,6,0.1747
9,30,7,0.1765
9,30,8,0.1838
9,30,9,0.1849
9,30,10,0.1882
9,30,11,0.188
9,30,12,0.1909
9,30,13,0.1885
9,30,14,0.1857
9,30,15,0.1866
9,30,16,0.1886
9,30,17,0.1929
9,30,18,0.1957
9,30,19,0.1909
9,30,20,0.1873
9,30,21,0.177
9,30,22,0.1627
9,30,23,0.1417
10,1,0,0.1302
10,1,1,0.1271
10,1,2,0.1295
10,1,3,0.13
10,1,4,0.1303
10,1,5,0.1301
10,1,6,0.1349
10,1,7,0.1364
10,1,8,0.1488
10,1,9,0.1592
10,1,10,0.1627
10,1,11,0.165
10,1,12,0.1656
10,1,13,0.1602
10,1,14,0.1592
10,1,15,0.1572
10,1,16,0.1582
10,1,17,0.1645
10,1,18,0.1667
10,1,19,0.1709
10,1,20,0.1637
10,1,21,0.1552
10,1,22,0.1508
10,1,23,0.1494
10,2,0,0.1431
10,2,1,0.1432
10,2,2,0.1394
10,2,3,0.1381
10,2,4,0.1397
10,2,5,0.1457
10,2,6,0.1503
10,2,7,0.1442
10,2,8,0.152
10,2,9,0.1606
10,2,10,0.1658
10,2,11,0.1655
10,2,12,0.1664
10,2,13,0.1686
10,2,14,0.1726
10,2,15,0.1734
10,2,16,0.174
10,2,17,0.1768
10,2,18,0.1796
10,2,19,0.1869
10,2,20,0.1852
10,2,21,0.1808
10,2,22,0.1662
10,2,23,0.1584
10,3,0,0.1484
10,3,1,0.1499
10,3,2,0.1426
10,3,3,0.1382
10,3,4,0.147
10,3,5,0.1564
10,3,6,0.1839
10,3,7,0.197
10,3,8,0.2052
10,3,9,0.2069
10,3,10,0.213
10,3,11,0.2148
10,3,12,0.2132
10,3,13,0.2142
10,3,14,0.2134
10,3,15,0.2142
10,3,16,0.2151
10,3,17,0.2177
10,3,18,0.2178
10,3,19,0.2157
10,3,20,0.218
10,3,21,0.2022
10,3,22,0.188
10,3,23,0.1769
10,4,0,0.1607
10,4,1,0.1568
10,4,2,0.1536
10,4,3,0.1554
10,4,4,0.1568
10,4,5,0.1657
10,4,6,0.1781
10,4,7,0.1967
10,4,8,0.2052
10,4,9,0.2016
10,4,10,0.204
10,4,11,0.2116
10,4,12,0.2021
10,4,13,0.2084
10,4,14,0.2115
10,4,15,0.2105
10,4,16,0.211
10,4,17,0.2163
10,4,18,0.205
10,4,19,0.2093
10,4,20,0.2081
10,4,21,0.1988
10,4,22,0.1837
10,4,23,0.1644
10,5,0,0.1622
10,5,1,0.1607
10,5,2,0.1595
10,5,3,0.1596
10,5,4,0.1647
10,5,5,0.1728
10,5,6,0.1843
10,5,7,0.1971
10,5,8,0.2019
10,5,9,0.2013
10,5,10,0.2036
10,5,11,0.2044
10,5,12,0.1983
10,5,13,0.2047
10,5,14,0.2049
10,5,15,0.2113
10,5,16,0.2073
10,5,17,0.2063
10,5,18,0.209
10,5,19,0.2085
10,5,20,0.207
10,5,21,0.1963
10,5,22,0.1746
10,5,23,0.1538
10,6,0,0.1387
10,6,1,0.1339
10,6,2,0.1314
10,6,3,0.1322
10,6,4,0.1372
10,6,5,0.1458
10,6,6,0.1739
10,6,7,0.1827
10,6,8,0.1965
10,6,9,0.1994
10,6,10,0.2047
10,6,11,0.2099
10,6,12,0.2078
10,6,13,0.2011
10,6,14,0.201
10,6,15,0.2018
10,6,16,0.2042
10,6,17,0.208
10,6,18,0.2105
10,6,19,0.2122
10,6,20,0.2148
10,6,21,0.2023
10,6,22,0.1903
10,6,23,0.1757
10,7,0,0.154
10,7,1,0.148
10,7,2,0.1489
10,7,3,0.1484
10,7,4,0.1456
10,7,5,0.1564
10,7,6,0.1793
10,7,7,0.1898
10,7,8,0.1932
10,7,9,0.1977
10,7,10,0.1985
10,7,11,0.2041
10,7,12,0.2076
10,7,13,0.2064
10,7,14,0.2092
10,7,15,0.2106
10,7,16,0.2088
10,7,17,0.2079
10,7,18,0.2106
10,7,19,0.2081
10,7,20,0.2023
10,7,21,0.1902
10,7,22,0.1721
10,7,23,0.1606
10,8,0,0.1522
10,8,1,0.1476
10,8,2,0.1441
10,8,3,0.1416
10,8,4,0.1427
10,8,5,0.1461
10,8,6,0.1466
10,8,7,0.1525
10,8,8,0.1627
10,8,9,0.1729
10,8,10,0.1751
10,8,11,0.179
10,8,12,0.1798
10,8,13,0.1782
10,8,14,0.1762
10,8,15,0.1798
10,8,16,0.1799
10,8,17,0.1808
10,8,18,0.1829
10,8,19,0.1857
10,8,20,0.1841
10,8,21,0.1752
10,8,22,0.1643
10,8,23,0.1618
10,9,0,0.1545
10,9,1,0.1523
10,9,2,0.1486
10,9,3,0.1486
10,9,4,0.1498
10,9,5,0.1509
10,9,6,0.1532
10,9,7,0.1506
10,9,8,0.1582
10,9,9,0.1643
10,9,10,0.1724
10,9,11,0.1783
10,9,12,0.1777
10,9,13,0.173
10,9,14,0.1726
10,9,15,0.1732
10,9,16,0.1754
10,9,17,0.1805
10,9,18,0.1819
10,9,19,0.1891
10,9,20,0.1861
10,9,21,0.1837
10,9,22,0.1693
10,9,23,0.1616
10,10,0,0.1472
10,10,1,0.1423
10,10,2,0.1456
10,10,3,0.149
10,10,4,0.1485
10,10,5,0.153
10,10,6,0.1715
10,10,7,0.1758
10,10,8,0.181
10,10,9,0.187
10,10,10,0.1916
10,10,11,0.1893
10,10,12,0.1858
10,10,13,0.1921
10,10,14,0.1895
10,10,15,0.1886
10,10,16,0.195
10,10,17,0.199
10,10,18,0.1998
10,10,19,0.2076
10,10,20,0.2046
10,10,21,0.1991
10,10,22,0.1841
10,10,23,0.1749
10,11,0,0.1652
10,11,1,0.1656
10,11,2,0.1626
10,11,3,0.163
10,11,4,0.1621
10,11,5,0.1729
10,11,6,0.1896
10,11,7,0.1994
10,11,8,0.2015
10,11,9,0.2033
10,11,10,0.1952
10,11,11,0.1955
10,11,12,0.193
10,11,13,0.1924
10,11,14,0.1961
10,11,15,0.1943
10,11,16,0.2027
10,11,17,0.2045
10,11,18,0.2057
10,11,19,0.2079
10,11,20,0.2006
10,11,21,0.1897
10,11,22,0.1799
10,11,23,0.1643
10,12,0,0.154
10,12,1,0.1496
10,12,2,0.1481
10,12,3,0.1452
10,12,4,0.1468
10,12,5,0.1563
10,12,6,0.1752
10,12,7,0.1883
10,12,8,0.1952
10,12,9,0.1938
10,12,10,0.1965
10,12,11,0.1977
10,12,12,0.196
10,12,13,0.1951
10,12,14,0.1942
10,12,15,0.1946
10,12,16,0.1978
10,12,17,0.2038
10,12,18,0.2057
10,12,19,0.2004
10,12,20,0.1995
10,12,21,0.1863
10,12,22,0.1703
10,12,23,0.158
10,13,0,0.1524
10,13,1,0.1491
10,13,2,0.1435
10,13,3,0.1435
10,13,4,0.1431
10,13,5,0.1515
10,13,6,0.1819
10,13,7,0.1882
10,13,8,0.194
10,13,9,0.1986
10,13,10,0.1967
10,13,11,0.1969
10,13,12,0.1961
10,13,13,0.1975
10,13,14,0.1983
10,13,15,0.197
10,13,16,0.1968
10,13,17,0.1987
10,13,18,0.2041
10,13,19,0.2038
10,13,20,0.201
10,13,21,0.2005
10,13,22,0.1909
10,13,23,0.1776
10,14,0,0.1699
10,14,1,0.1588
10,14,2,0.1566
10,14,3,0.1535
10,14,4,0.153
10,14,5,0.1715
10,14,6,0.1883
10,14,7,0.1884
10,14,8,0.1894
10,14,9,0.1917
10,14,10,0.1933
10,14,11,0.1907
10,14,12,0.1884
10,14,13,0.191
10,14,14,0.1919
10,14,15,0.1881
10,14,16,0.1845
10,14,17,0.1879
10,14,18,0.1958
10,14,19,0.1952
10,14,20,0.1953
10,14,21,0.1863
10,14,22,0.173
10,14,23,0.155
10,15,0,0.1477
10,15,1,0.1425
10,15,2,0.1383
10,15,3,0.1389
10,15,4,0.14
10,15,5,0.1494
10,15,6,0.1495
10,15,7,0.1546
10,15,8,0.1646
10,15,9,0.1671
10,15,10,0.1689
10,15,11,0.1673
10,15,12,0.1668
10,15,13,0.1583
10,15,14,0.1527
10,15,15,0.1516
10,15,16,0.1636
10,15,17,0.1716
10,15,18,0.1774
10,15,19,0.1802
10,15,20,0.1772
10,15,21,0.1721
10,15,22,0.156
10,15,23,0.1455
10,16,0,0.1343
10,16,1,0.1288
10,16,2,0.1281
10,16,3,0.1249
10,16,4,0.123
10,16,5,0.1268
10,16,6,0.13
10,16,7,0.1374
10,16,8,0.1464
10,16,9,0.1509
10,16,10,0.1518
10,16,11,0.1517
10,16,12,0.1501
10,16,13,0.1522
10,16,14,0.1523
10,16,15,0.1529
10,16,16,0.1583
10,16,17,0.1667
10,16,18,0.1727
10,16,19,0.1776
10,16,20,0.1795
10,16,21,0.1743
10,16,22,0.1625
10,16,23,0.1448
10,17,0,0.1467
10,17,1,0.1431
10,17,2,0.1435
10,17,3,0.1441
10,17,4,0.1463
10,17,5,0.1637
10,17,6,0.1856
10,17,7,0.1953
10,17,8,0.2035
10,17,9,0.2083
10,17,10,0.2101
10,17,11,0.2128
10,17,12,0.2121
10,17,13,0.2109
10,17,14,0.2103
10,17,15,0.2084
10,17,16,0.2105
10,17,17,0.211
10,17,18,0.2123
10,17,19,0.21
10,17,20,0.2096
10,17,21,0.2036
10,17,22,0.1915
10,17,23,0.1674
10,18,0,0.1562
10,18,1,0.155
10,18,2,0.1515
10,18,3,0.1535
10,18,4,0.1527
10,18,5,0.1638
10,18,6,0.1955
10,18,7,0.2022
10,18,8,0.2037
10,18,9,0.2049
10,18,10,0.2086
10,18,11,0.2118
10,18,12,0.2128
10,18,13,0.2159
10,18,14,0.2208
10,18,15,0.2217
10,18,16,0.2207
10,18,17,0.2186
10,18,18,0.2216
10,18,19,0.2249
10,18,20,0.2259
10,18,21,0.2183
10,18,22,0.205
10,18,23,0.1916
10,19,0,0.1796
10,19,1,0.172
10,19,2,0.1681
10,19,3,0.1733
10,19,4,0.1808
10,19,5,0.1936
10,19,6,0.2087
10,19,7,0.219
10,19,8,0.2241
10,19,9,0.2283
10,19,10,0.2307
10,19,11,0.23
10,19,12,0.2315
10,19,13,0.2363
10,19,14,0.2391
10,19,15,0.2423
10,19,16,0.2377
10,19,17,0.2414
10,19,18,0.2425
10,19,19,0.2442
10,19,20,0.243
10,19,21,0.2309
10,19,22,0.215
10,19,23,0.2064
10,20,0,0.1845
10,20,1,0.178
10,20,2,0.1743
10,20,3,0.1716
10,20,4,0.1751
10,20,5,0.184
10,20,6,0.1948
10,20,7,0.2063
10,20,8,0.2109
10,20,9,0.2152
10,20,10,0.2142
10,20,11,0.2157
10,20,12,0.2216
10,20,13,0.2198
10,20,14,0.2215
10,20,15,0.2239
10,20,16,0.2239
10,20,17,0.2258
10,20,18,0.2253
10,20,19,0.2286
10,20,20,0.2244
10,20,21,0.216
10,20,22,0.2039
10,20,23,0.1961
10,21,0,0.1746
10,21,1,0.17
10,21,2,0.1671
10,21,3,0.1673
10,21,4,0.167
10,21,5,0.1753
10,21,6,0.1998
10,21,7,0.2084
10,21,8,0.2136
10,21,9,0.2126
10,21,10,0.2139
10,21,11,0.217
10,21,12,0.2213
10,21,13,0.2254
10,21,14,0.226
10,21,15,0.2249
10,21,16,0.2216
10,21,17,0.2222
10,21,18,0.2202
10,21,19,0.2181
10,21,20,0.2138
10,21,21,0.2009
10,21,22,0.1942
10,21,23,0.1894
10,22,0,0.1717
10,22,1,0.1673
10,22,2,0.1519
10,22,3,0.1514
10,22,4,0.153
10,22,5,0.1539
10,22,6,0.1611
10,22,7,0.1633
10,22,8,0.1692
10,22,9,0.1699
10,22,10,0.171
10,22,11,0.1704
10,22,12,0.1713
10,22,13,0.171
10,22,14,0.1731
10,22,15,0.1703
10,22,16,0.1682
10,22,17,0.1663
10,22,18,0.1688
10,22,19,0.1662
10,22,20,0.1597
10,22,21,0.1558
10,22,22,0.1441
10,22,23,0.1338
10,23,0,0.1188
10,23,1,0.1208
10,23,2,0.1173
10,23,3,0.12
10,23,4,0.1238
10,23,5,0.1242
10,23,6,0.1311
10,23,7,0.1374
10,23,8,0.1399
10,23,9,0.139
10,23,10,0.1365
10,23,11,0.1349
10,23,12,0.1335
10,23,13,0.1327
10,23,14,0.1323
10,23,15,0.1354
10,23,16,0.1368
10,23,17,0.1423
10,23,18,0.1542
10,23,19,0.1648
10,23,20,0.1651
10,23,21,0.1661
10,23,22,0.1495
10,23,23,0.1428
10,24,0,0.1337
10,24,1,0.1343
10,24,2,0.1374
10,24,3,0.1376
10,24,4,0.1416
10,24,5,0.1454
10,24,6,0.1606
10,24,7,0.1699
10,24,8,0.1715
10,24,9,0.1729
10,24,10,0.1689
10,24,11,0.1692
10,24,12,0.1705
10,24,13,0.1667
10,24,14,0.1664
10,24,15,0.1663
10,24,16,0.1669
10,24,17,0.1705
10,24,18,0.1777
10,24,19,0.1811
10,24,20,0.1738
10,24,21,0.1661
10,24,22,0.1508
10,24,23,0.1457
10,25,0,0.135
10,25,1,0.1309
10,25,2,0.1312
10,25,3,0.1299
10,25,4,0.1327
10,25,5,0.1422
10,25,6,0.1598
10,25,7,0.1726
10,25,8,0.1761
10,25,9,0.174
10,25,10,0.1804
10,25,11,0.1737
10,25,12,0.1733
10,25,13,0.1734
10,25,14,0.1703
10,25,15,0.1683
10,25,16,0.1744
10,25,17,0.1745
10,25,18,0.1809
10,25,19,0.1799
10,25,20,0.1822
10,25,21,0.1763
10,25,22,0.1697
10,25,23,0.164
10,26,0,0.1465
10,26,1,0.1413
10,26,2,0.1377
10,26,3,0.1389
10,26,4,0.1425
10,26,5,0.1483
10,26,6,0.1689
10,26,7,0.178
10,26,8,0.1785
10,26,9,0.1783
10,26,10,0.1831
10,26,11,0.1871
10,26,12,0.1809
10,26,13,0.182
10,26,14,0.1816
10,26,15,0.1804
10,26,16,0.181
10,26,17,0.1834
10,26,18,0.1871
10,26,19,0.1921
10,26,20,0.1944
10,26,21,0.1887
10,26,22,0.1698
10,26,23,0.1596
10,27,0,0.144
10,27,1,0.1405
10,27,2,0.1426
10,27,3,0.1418
10,27,4,0.1398
10,27,5,0.1503
10,27,6,0.175
10,27,7,0.1772
10,27,8,0.178
10,27,9,0.1814
10,27,10,0.1821
10,27,11,0.1821
10,27,12,0.1813
10,27,13,0.1805
10,27,14,0.1792
10,27,15,0.1765
10,27,16,0.1735
10,27,17,0.1773
10,27,18,0.1813
10,27,19,0.1919
10,27,20,0.1783
10,27,21,0.1655
10,27,22,0.1511
10,27,23,0.1487
10,28,0,0.1418
10,28,1,0.1406
10,28,2,0.1388
10,28,3,0.1392
10,28,4,0.1336
10,28,5,0.1459
10,28,6,0.1634
10,28,7,0.1693
10,28,8,0.1696
10,28,9,0.1689
10,28,10,0.1776
10,28,11,0.1739
10,28,12,0.1715
10,28,13,0.1697
10,28,14,0.1687
10,28,15,0.1728
10,28,16,0.1758
10,28,17,0.1792
10,28,18,0.1849
10,28,19,0.1856
10,28,20,0.1795
10,28,21,0.164
10,28,22,0.1507
10,28,23,0.1484
10,29,0,0.1405
10,29,1,0.134
10,29,2,0.1316
10,29,3,0.1277
10,29,4,0.1239
10,29,5,0.127
10,29,6,0.1259
10,29,7,0.1324
10,29,8,0.1349
10,29,9,0.1433
10,29,10,0.1442
10,29,11,0.1426
10,29,12,0.1413
10,29,13,0.1372
10,29,14,0.1336
10,29,15,0.1319
10,29,16,0.1307
10,29,17,0.1366
10,29,18,0.1457
10,29,19,0.1435
10,29,20,0.1396
10,29,21,0.1383
10,29,22,0.133
10,29,23,0.1353
10,30,0,0.1252
10,30,1,0.1239
10,30,2,0.1224
10,30,3,0.1248
10,30,4,0.1311
10,30,5,0.1239
10,30,6,0.1242
10,30,7,0.1231
10,30,8,0.1285
10,30,9,0.1398
10,30,10,0.1443
10,30,11,0.1477
10,30,12,0.1479
10,30,13,0.1527
10,30,14,0.1554
10,30,15,0.1541
10,30,16,0.1604
10,30,17,0.1694
10,30,18,0.1835
10,30,19,0.172
10,30,20,0.1632
10,30,21,0.1566
10,30,22,0.1444
10,30,23,0.1441
10,31,0,0.1366
10,31,1,0.1348
10,31,2,0.1342
10,31,3,0.1314
10,31,4,0.1334
10,31,5,0.1458
10,31,6,0.1701
10,31,7,0.181
10,31,8,0.1819
10,31,9,0.1806
10,31,10,0.179
10,31,11,0.1802
10,31,12,0.1786
10,31,13,0.178
10,31,14,0.1712
10,31,15,0.1691
10,31,16,0.1767
10,31,17,0.1814
10,31,18,0.1829
10,31,19,0.1837
10,31,20,0.1789
10,31,21,0.1726
10,31,22,0.1495
10,31,23,0.1421
11,1,0,0.1393
11,1,1,0.1347
11,1,2,0.1346
11,1,3,0.1349
11,1,4,0.1349
11,1,5,0.1445
11,1,6,0.1577
11,1,7,0.1653
11,1,8,0.1693
11,1,9,0.1693
11,1,10,0.174
11,1,11,0.1694
11,1,12,0.1626
11,1,13,0.163
11,1,14,0.1631
11,1,15,0.1593
11,1,16,0.1617
11,1,17,0.1661
11,1,18,0.1744
11,1,19,0.1775
11,1,20,0.1655
11,1,21,0.1567
11,1,22,0.1418
11,1,23,0.1411
11,2,0,0.1363
11,2,1,0.1384
11,2,2,0.1378
11,2,3,0.1374
11,2,4,0.1403
11,2,5,0.1451
11,2,6,0.1626
11,2,7,0.1751
11,2,8,0.1707
11,2,9,0.1704
11,2,10,0.1728
11,2,11,0.1639
11,2,12,0.1646
11,2,13,0.1674
11,2,14,0.1717
11,2,15,0.1712
11,2,16,0.1783
11,2,17,0.1769
11,2,18,0.1862
11,2,19,0.1825
11,2,20,0.1777
11,2,21,0.1686
11,2,22,0.1544
11,2,23,0.1525
11,3,0,0.1453
11,3,1,0.1423
11,3,2,0.1363
11,3,3,0.1361
11,3,4,0.1342
11,3,5,0.1468
11,3,6,0.162
11,3,7,0.1646
11,3,8,0.1664
11,3,9,0.1702
11,3,10,0.1715
11,3,11,0.1666
11,3,12,0.1615
11,3,13,0.163
11,3,14,0.1628
11,3,15,0.1631
11,3,16,0.1706
11,3,17,0.1709
11,3,18,0.1728
11,3,19,0.1731
11,3,20,0.169
11,3,21,0.16
11,3,22,0.1423
11,3,23,0.1438
11,4,0,0.1339
11,4,1,0.1333
11,4,2,0.1345
11,4,3,0.1328
11,4,4,0.1339
11,4,5,0.148
11,4,6,0.1596
11,4,7,0.1639
11,4,8,0.1633
11,4,9,0.1607
11,4,10,0.1593
11,4,11,0.1594
11,4,12,0.1528
11,4,13,0.152
11,4,14,0.1537
11,4,15,0.1512
11,4,16,0.1531
11,4,17,0.1561
11,4,18,0.1601
11,4,19,0.161
11,4,20,0.1549
11,4,21,0.1456
11,4,22,0.1382
11,4,23,0.1394
11,5,0,0.1334
11,5,1,0.1318
11,5,2,0.1312
11,5,3,0.1294
11,5,4,0.1294
11,5,5,0.1317
11,5,6,0.1317
11,5,7,0.1351
11,5,8,0.1421
11,5,9,0.1486
11,5,10,0.1504
11,5,11,0.1464
11,5,12,0.1439
11,5,13,0.1422
11,5,14,0.1374
11,5,15,0.1379
11,5,16,0.1386
11,5,17,0.1403
11,5,18,0.1523
11,5,19,0.1575
11,5,20,0.1512
11,5,21,0.1457
11,5,22,0.1396
11,5,23,0.1292
11,6,0,0.1201
11,6,1,0.1155
11,6,2,0.1129
11,6,3,0.1115
11,6,4,0.1132
11,6,5,0.1153
11,6,6,0.1207
11,6,7,0.1167
11,6,8,0.1155
11,6,9,0.1221
11,6,10,0.1272
11,6,11,0.1255
11,6,12,0.1258
11,6,13,0.1286
11,6,14,0.1347
11,6,15,0.1398
11,6,16,0.1475
11,6,17,0.1591
11,6,18,0.1674
11,6,19,0.1652
11,6,20,0.1604
11,6,21,0.1564
11,6,22,0.1393
11,6,23,0.1363
11,7,0,0.1407
11,7,1,0.1427
11,7,2,0.1452
11,7,3,0.1466
11,7,4,0.1522
11,7,5,0.1618
11,7,6,0.178
11,7,7,0.1821
11,7,8,0.1796
11,7,9,0.1811
11,7,10,0.175
11,7,11,0.1745
11,7,12,0.173
11,7,13,0.1699
11,7,14,0.1675
11,7,15,0.1741
11,7,16,0.1765
11,7,17,0.1853
11,7,18,0.1898
11,7,19,0.1846
11,7,20,0.1761
11,7,21,0.1674
11,7,22,0.1581
11,7,23,0.1539
11,8,0,0.147
11,8,1,0.142
11,8,2,0.1398
11,8,3,0.1394
11,8,4,0.1389
11,8,5,0.1518
11,8,6,0.1689
11,8,7,0.1726
11,8,8,0.1748
11,8,9,0.1765
11,8,10,0.1706
11,8,11,0.1629
11,8,12,0.1591
11,8,13,0.1658
11,8,14,0.1712
11,8,15,0.1728
11,8,16,0.1758
11,8,17,0.181
11,8,18,0.1789
11,8,19,0.1805
11,8,20,0.1728
11,8,21,0.1656
11,8,22,0.1564
11,8,23,0.1537
11,9,0,0.1551
11,9,1,0.1591
11,9,2,0.1515
11,9,3,0.1506
11,9,4,0.1468
11,9,5,0.1518
11,9,6,0.1682
11,9,7,0.1786
11,9,8,0.1662
11,9,9,0.1634
11,9,10,0.1668
11,9,11,0.1712
11,9,12,0.1695
11,9,13,0.1701
11,9,14,0.1715
11,9,15,0.1773
11,9,16,0.1831
11,9,17,0.1912
11,9,18,0.1856
11,9,19,0.1823
11,9,20,0.1798
11,9,21,0.1664
11,9,22,0.1526
11,9,23,0.1554
11,10,0,0.1559
11,10,1,0.1497
11,10,2,0.1447
11,10,3,0.1429
11,10,4,0.1388
11,10,5,0.1458
11,10,6,0.1652
11,10,7,0.1709
11,10,8,0.172
11,10,9,0.169
11,10,10,0.1646
11,10,11,0.1592
11,10,12,0.1581
11,10,13,0.157
11,10,14,0.1591
11,10,15,0.1592
11,10,16,0.1647
11,10,17,0.173
11,10,18,0.1729
11,10,19,0.1708
11,10,20,0.163
11,10,21,0.152
11,10,22,0.133
11,10,23,0.1237
11,11,0,0.1242
11,11,1,0.1245
11,11,2,0.1279
11,11,3,0.1286
11,11,4,0.1264
11,11,5,0.1342
11,11,6,0.1378
11,11,7,0.137
11,11,8,0.1458
11,11,9,0.1457
11,11,10,0.1505
11,11,11,0.154
11,11,12,0.157
11,11,13,0.1567
11,11,14,0.1579
11,11,15,0.1603
11,11,16,0.163
11,11,17,0.1754
11,11,18,0.176
11,11,19,0.1719
11,11,20,0.1654
11,11,21,0.1571
11,11,22,0.1459
11,11,23,0.1451
11,12,0,0.1339
11,12,1,0.128
11,12,2,0.1333
11,12,3,0.1358
11,12,4,0.1394
11,12,5,0.1417
11,12,6,0.1421
11,12,7,0.1458
11,12,8,0.146
11,12,9,0.1402
11,12,10,0.1353
11,12,11,0.1347
11,12,12,0.1356
11,12,13,0.135
11,12,14,0.1344
11,12,15,0.1333
11,12,16,0.1416
11,12,17,0.1522
11,12,18,0.1512
11,12,19,0.1469
11,12,20,0.1395
11,12,21,0.1309
11,12,22,0.121
11,12,23,0.1297
11,13,0,0.1248
11,13,1,0.1256
11,13,2,0.1253
11,13,3,0.1266
11,13,4,0.1279
11,13,5,0.1262
11,13,6,0.1268
11,13,7,0.1231
11,13,8,0.1204
11,13,9,0.1197
11,13,10,0.1158
11,13,11,0.119
11,13,12,0.119
11,13,13,0.12
11,13,14,0.1262
11,13,15,0.1336
11,13,16,0.1424
11,13,17,0.1553
11,13,18,0.1514
11,13,19,0.1441
11,13,20,0.1344
11,13,21,0.1315
11,13,22,0.1302
11,13,23,0.1265
11,14,0,0.1306
11,14,1,0.1331
11,14,2,0.1334
11,14,3,0.1318
11,14,4,0.1308
11,14,5,0.1339
11,14,6,0.1519
11,14,7,0.1569
11,14,8,0.1618
11,14,9,0.1668
11,14,10,0.1637
11,14,11,0.1641
11,14,12,0.1675
11,14,13,0.1679
11,14,14,0.1672
11,14,15,0.1712
11,14,16,0.1783
11,14,17,0.1858
11,14,18,0.1831
11,14,19,0.1816
11,14,20,0.175
11,14,21,0.1714
11,14,22,0.1544
11,14,23,0.144
11,15,0,0.1423
11,15,1,0.1416
11,15,2,0.143
11,15,3,0.1468
11,15,4,0.1491
11,15,5,0.1533
11,15,6,0.1705
11,15,7,0.1764
11,15,8,0.1808
11,15,9,0.1824
11,15,10,0.1828
11,15,11,0.1839
11,15,12,0.1834
11,15,13,0.1824
11,15,14,0.1824
11,15,15,0.1845
11,15,16,0.1825
11,15,17,0.1914
11,15,18,0.1849
11,15,19,0.1856
11,15,20,0.1801
11,15,21,0.178
11,15,22,0.1556
11,15,23,0.1449
11,16,0,0.1406
11,16,1,0.1407
11,16,2,0.1387
11,16,3,0.1373
11,16,4,0.1363
11,16,5,0.1512
11,16,6,0.1684
11,16,7,0.1759
11,16,8,0.1763
11,16,9,0.1763
11,16,10,0.1765
11,16,11,0.1767
11,16,12,0.1763
11,16,13,0.1725
11,16,14,0.1704
11,16,15,0.1696
11,16,16,0.1743
11,16,17,0.1791
11,16,18,0.18
11,16,19,0.1778
11,16,20,0.1719
11,16,21,0.1701
11,16,22,0.1572
11,16,23,0.1406
11,17,0,0.1331
11,17,1,0.1337
11,17,2,0.1328
11,17,3,0.1328
11,17,4,0.1327
11,17,5,0.1452
11,17,6,0.1721
11,17,7,0.1755
11,17,8,0.1732
11,17,9,0.175
11,17,10,0.1707
11,17,11,0.1701
11,17,12,0.1645
11,17,13,0.1623
11,17,14,0.1676
11,17,15,0.1743
11,17,16,0.1812
11,17,17,0.188
11,17,18,0.1908
11,17,19,0.1874
11,17,20,0.1796
11,17,21,0.1718
11,17,22,0.1539
11,17,23,0.1506
11,18,0,0.143
11,18,1,0.1376
11,18,2,0.1384
11,18,3,0.1395
11,18,4,0.1403
11,18,5,0.1479
11,18,6,0.1715
11,18,7,0.1758
11,18,8,0.1706
11,18,9,0.1679
11,18,10,0.1657
11,18,11,0.1657
11,18,12,0.1665
11,18,13,0.17
11,18,14,0.1677
11,18,15,0.169
11,18,16,0.1768
11,18,17,0.1814
11,18,18,0.1774
11,18,19,0.1686
11,18,20,0.1631
11,18,21,0.1507
11,18,22,0.1341
11,18,23,0.1349
11,19,0,0.1262
11,19,1,0.1238
11,19,2,0.124
11,19,3,0.1217
11,19,4,0.1239
11,19,5,0.1228
11,19,6,0.1232
11,19,7,0.1283
11,19,8,0.1368
11,19,9,0.1382
11,19,10,0.1355
11,19,11,0.1355
11,19,12,0.1301
11,19,13,0.1276
11,19,14,0.1304
11,19,15,0.1293
11,19,16,0.1362
11,19,17,0.1428
11,19,18,0.1421
11,19,19,0.1458
11,19,20,0.1424
11,19,21,0.1409
11,19,22,0.1306
11,19,23,0.1247
11,20,0,0.1193
11,20,1,0.1204
11,20,2,0.1184
11,20,3,0.1201
11,20,4,0.1193
11,20,5,0.1246
11,20,6,0.1255
11,20,7,0.1276
11,20,8,0.1301
11,20,9,0.1376
11,20,10,0.1385
11,20,11,0.1416
11,20,12,0.1382
11,20,13,0.1396
11,20,14,0.1438
11,20,15,0.1473
11,20,16,0.1543
11,20,17,0.1632
11,20,18,0.1651
11,20,19,0.1609
11,20,20,0.1584
11,20,21,0.153
11,20,22,0.1357
11,20,23,0.1244
11,21,0,0.1244
11,21,1,0.1294
11,21,2,0.1277
11,21,3,0.1274
11,21,4,0.1259
11,21,5,0.1359
11,21,6,0.1535
11,21,7,0.1697
11,21,8,0.1748
11,21,9,0.1785
11,21,10,0.1822
11,21,11,0.1836
11,21,12,0.1818
11,21,13,0.1809
11,21,14,0.1809
11,21,15,0.1836
11,21,16,0.1896
11,21,17,0.193
11,21,18,0.1927
11,21,19,0.1884
11,21,20,0.1844
11,21,21,0.1743
11,21,22,0.1516
11,21,23,0.1448
11,22,0,0.1429
11,22,1,0.1417
11,22,2,0.1433
11,22,3,0.1402
11,22,4,0.1413
11,22,5,0.1517
11,22,6,0.1675
11,22,7,0.177
11,22,8,0.1824
11,22,9,0.1852
11,22,10,0.1801
11,22,11,0.1781
11,22,12,0.1784
11,22,13,0.1755
11,22,14,0.1751
11,22,15,0.1785
11,22,16,0.1909
11,22,17,0.1983
11,22,18,0.1979
11,22,19,0.1998
11,22,20,0.197
11,22,21,0.193
11,22,22,0.1687
11,22,23,0.1654
11,23,0,0.1541
11,23,1,0.1488
11,23,2,0.1463
11,23,3,0.1448
11,23,4,0.1462
11,23,5,0.1682
11,23,6,0.1991
11,23,7,0.2008
11,23,8,0.2017
11,23,9,0.2012
11,23,10,0.1989
11,23,11,0.1985
11,23,12,0.1963
11,23,13,0.1998
11,23,14,0.2013
11,23,15,0.1982
11,23,16,0.1999
11,23,17,0.2056
11,23,18,0.2011
11,23,19,0.1945
11,23,20,0.1936
11,23,21,0.1902
11,23,22,0.1775
11,23,23,0.1696
11,24,0,0.1604
11,24,1,0.1565
11,24,2,0.1511
11,24,3,0.1531
11,24,4,0.1511
11,24,5,0.1597
11,24,6,0.1591
11,24,7,0.1564
11,24,8,0.1651
11,24,9,0.1699
11,24,10,0.1823
11,24,11,0.1836
11,24,12,0.1837
11,24,13,0.1833
11,24,14,0.1779
11,24,15,0.1775
11,24,16,0.1817
11,24,17,0.1798
11,24,18,0.1791
11,24,19,0.1744
11,24,20,0.1752
11,24,21,0.1733
11,24,22,0.162
11,24,23,0.1639
11,25,0,0.1589
11,25,1,0.1595
11,25,2,0.1607
11,25,3,0.1572
11,25,4,0.1607
11,25,5,0.1703
11,25,6,0.1772
11,25,7,0.1679
11,25,8,0.1773
11,25,9,0.1797
11,25,10,0.1806
11,25,11,0.1747
11,25,12,0.1708
11,25,13,0.1744
11,25,14,0.1746
11,25,15,0.1793
11,25,16,0.1911
11,25,17,0.1965
11,25,18,0.1943
11,25,19,0.1934
11,25,20,0.1876
11,25,21,0.1862
11,25,22,0.1702
11,25,23,0.1615
11,26,0,0.1539
11,26,1,0.151
11,26,2,0.1491
11,26,3,0.1446
11,26,4,0.1436
11,26,5,0.1493
11,26,6,0.1568
11,26,7,0.1565
11,26,8,0.1613
11,26,9,0.1709
11,26,10,0.1767
11,26,11,0.1779
11,26,12,0.1773
11,26,13,0.1761
11,26,14,0.1734
11,26,15,0.1757
11,26,16,0.1871
11,26,17,0.2002
11,26,18,0.1982
11,26,19,0.1953
11,26,20,0.187
11,26,21,0.1818
11,26,22,0.1697
11,26,23,0.1752
11,27,0,0.1702
11,27,1,0.1622
11,27,2,0.164
11,27,3,0.1569
11,27,4,0.1544
11,27,5,0.1556
11,27,6,0.1664
11,27,7,0.1657
11,27,8,0.1681
11,27,9,0.1743
11,27,10,0.175
11,27,11,0.1736
11,27,12,0.1742
11,27,13,0.1745
11,27,14,0.1727
11,27,15,0.179
11,27,16,0.1952
11,27,17,0.2137
11,27,18,0.2076
11,27,19,0.2058
11,27,20,0.2052
11,27,21,0.1981
11,27,22,0.1823
11,27,23,0.1792
11,28,0,0.1838
11,28,1,0.1775
11,28,2,0.1722
11,28,3,0.1745
11,28,4,0.1794
11,28,5,0.192
11,28,6,0.212
11,28,7,0.2139
11,28,8,0.2107
11,28,9,0.2062
11,28,10,0.2053
11,28,11,0.201
11,28,12,0.1956
11,28,13,0.1976
11,28,14,0.2007
11,28,15,0.2007
11,28,16,0.2077
11,28,17,0.2206
11,28,18,0.218
11,28,19,0.2081
11,28,20,0.2033
11,28,21,0.198
11,28,22,0.1748
11,28,23,0.1671
11,29,0,0.1653
11,29,1,0.1619
11,29,2,0.1633
11,29,3,0.1615
11,29,4,0.158
11,29,5,0.1664
11,29,6,0.1765
11,29,7,0.1917
11,29,8,0.1984
11,29,9,0.2029
11,29,10,0.2093
11,29,11,0.2081
11,29,12,0.2109
11,29,13,0.2205
11,29,14,0.2192
11,29,15,0.227
11,29,16,0.2304
11,29,17,0.2277
11,29,18,0.2295
11,29,19,0.2297
11,29,20,0.223
11,29,21,0.2085
11,29,22,0.1862
11,29,23,0.1774
11,30,0,0.173
11,30,1,0.1773
11,30,2,0.1755
11,30,3,0.1759
11,30,4,0.1768
11,30,5,0.1821
11,30,6,0.1871
11,30,7,0.1956
11,30,8,0.1991
11,30,9,0.1974
11,30,10,0.1954
11,30,11,0.1928
11,30,12,0.195
11,30,13,0.1967
11,30,14,0.1992
11,30,15,0.195
11,30,16,0.2052
11,30,17,0.208
11,30,18,0.2095
11,30,19,0.2069
11,30,20,0.1957
11,30,21,0.1795
11,30,22,0.1643
11,30,23,0.1617
12,1,0,0.1572
12,1,1,0.1607
12,1,2,0.1624
12,1,3,0.1638
12,1,4,0.1553
12,1,5,0.16
12,1,6,0.1737
12,1,7,0.1761
12,1,8,0.1788
12,1,9,0.1826
12,1,10,0.1769
12,1,11,0.1785
12,1,12,0.1766
12,1,13,0.1766
12,1,14,0.1831
12,1,15,0.1872
12,1,16,0.1916
12,1,17,0.2016
12,1,18,0.1998
12,1,19,0.1982
12,1,20,0.1938
12,1,21,0.1852
12,1,22,0.1646
12,1,23,0.1648
12,2,0,0.155
12,2,1,0.1518
12,2,2,0.1505
12,2,3,0.1533
12,2,4,0.1537
12,2,5,0.1606
12,2,6,0.1857
12,2,7,0.1846
12,2,8,0.1829
12,2,9,0.1815
12,2,10,0.1798
12,2,11,0.1764
12,2,12,0.1821
12,2,13,0.1855
12,2,14,0.1889
12,2,15,0.1929
12,2,16,0.1933
12,2,17,0.2018
12,2,18,0.2004
12,2,19,0.1986
12,2,20,0.1941
12,2,21,0.1822
12,2,22,0.172
12,2,23,0.166
12,3,0,0.1528
12,3,1,0.1462
12,3,2,0.1439
12,3,3,0.1426
12,3,4,0.1435
12,3,5,0.1503
12,3,6,0.1598
12,3,7,0.1556
12,3,8,0.1735
12,3,9,0.1793
12,3,10,0.1771
12,3,11,0.1789
12,3,12,0.1808
12,3,13,0.1841
12,3,14,0.1806
12,3,15,0.1883
12,3,16,0.1869
12,3,17,0.1939
12,3,18,0.1967
12,3,19,0.1881
12,3,20,0.1889
12,3,21,0.192
12,3,22,0.1813
12,3,23,0.1789
12,4,0,0.1535
12,4,1,0.1543
12,4,2,0.1534
12,4,3,0.1549
12,4,4,0.1548
12,4,5,0.158
12,4,6,0.1577
12,4,7,0.1532
12,4,8,0.1649
12,4,9,0.1742
12,4,10,0.1823
12,4,11,0.1795
12,4,12,0.1798
12,4,13,0.18
12,4,14,0.1814
12,4,15,0.1876
12,4,16,0.1958
12,4,17,0.21
12,4,18,0.2116
12,4,19,0.2037
12,4,20,0.2063
12,4,21,0.192
12,4,22,0.1709
12,4,23,0.1677
12,5,0,0.1635
12,5,1,0.1602
12,5,2,0.1546
12,5,3,0.1544
12,5,4,0.1564
12,5,5,0.1647
12,5,6,0.1816
12,5,7,0.1811
12,5,8,0.1838
12,5,9,0.1872
12,5,10,0.1869
12,5,11,0.1887
12,5,12,0.1846
12,5,13,0.1827
12,5,14,0.1789
12,5,15,0.1835
12,5,16,0.1977
12,5,17,0.2011
12,5,18,0.1996
12,5,19,0.1968
12,5,20,0.1995
12,5,21,0.19
12,5,22,0.174
12,5,23,0.168
12,6,0,0.1719
12,6,1,0.1689
12,6,2,0.1712
12,6,3,0.1703
12,6,4,0.1742
12,6,5,0.1894
12,6,6,0.2002
12,6,7,0.1968
12,6,8,0.1905
12,6,9,0.1961
12,6,10,0.1943
12,6,11,0.1947
12,6,12,0.1954
12,6,13,0.195
12,6,14,0.1973
12,6,15,0.2031
12,6,16,0.2138
12,6,17,0.2174
12,6,18,0.2159
12,6,19,0.2175
12,6,20,0.2193
12,6,21,0.2144
12,6,22,0.203
12,6,23,0.1984
12,7,0,0.1685
12,7,1,0.1651
12,7,2,0.1646
12,7,3,0.1672
12,7,4,0.1719
12,7,5,0.1749
12,7,6,0.1865
12,7,7,0.1822
12,7,8,0.1875
12,7,9,0.2021
12,7,10,0.1931
12,7,11,0.1789
12,7,12,0.181
12,7,13,0.1809
12,7,14,0.179
12,7,15,0.1824
12,7,16,0.1948
12,7,17,0.2115
12,7,18,0.2177
12,7,19,0.2134
12,7,20,0.2027
12,7,21,0.1857
12,7,22,0.1686
12,7,23,0.1524
12,8,0,0.1512
12,8,1,0.1449
12,8,2,0.146
12,8,3,0.1494
12,8,4,0.1513
12,8,5,0.1583
12,8,6,0.1982
12,8,7,0.2066
12,8,8,0.1987
12,8,9,0.1963
12,8,10,0.1974
12,8,11,0.2031
12,8,12,0.2057
12,8,13,0.2113
12,8,14,0.2154
12,8,15,0.2112
12,8,16,0.2099
12,8,17,0.2093
12,8,18,0.211
12,8,19,0.2111
12,8,20,0.2087
12,8,21,0.2025
12,8,22,0.2003
12,8,23,0.1925
12,9,0,0.1837
12,9,1,0.178
12,9,2,0.1756
12,9,3,0.174
12,9,4,0.1822
12,9,5,0.1899
12,9,6,0.2009
12,9,7,0.1978
12,9,8,0.2113
12,9,9,0.2052
12,9,10,0.2028
12,9,11,0.2025
12,9,12,0.2054
12,9,13,0.1984
12,9,14,0.1943
12,9,15,0.1983
12,9,16,0.2083
12,9,17,0.2145
12,9,18,0.2142
12,9,19,0.2146
12,9,20,0.2088
12,9,21,0.2059
12,9,22,0.2003
12,9,23,0.1925
12,10,0,0.1789
12,10,1,0.1773
12,10,2,0.1721
12,10,3,0.1731
12,10,4,0.1724
12,10,5,0.1776
12,10,6,0.1806
12,10,7,0.1855
12,10,8,0.1936
12,10,9,0.199
12,10,10,0.2042
12,10,11,0.2027
12,10,12,0.2011
12,10,13,0.2053
12,10,14,0.2094
12,10,15,0.211
12,10,16,0.2196
12,10,17,0.2217
12,10,18,0.2213
12,10,19,0.2246
12,10,20,0.2274
12,10,21,0.2192
12,10,22,0.2122
12,10,23,0.206
12,11,0,0.2011
12,11,1,0.1975
12,11,2,0.1957
12,11,3,0.1931
12,11,4,0.1962
12,11,5,0.2011
12,11,6,0.1994
12,11,7,0.1963
12,11,8,0.2009
12,11,9,0.2031
12,11,10,0.2059
12,11,11,0.206
12,11,12,0.204
12,11,13,0.2029
12,11,14,0.2051
12,11,15,0.2092
12,11,16,0.2134
12,11,17,0.218
12,11,18,0.219
12,11,19,0.2139
12,11,20,0.211
12,11,21,0.2066
12,11,22,0.2038
12,11,23,0.1974
12,12,0,0.1928
12,12,1,0.1936
12,12,2,0.1903
12,12,3,0.1895
12,12,4,0.1907
12,12,5,0.1936
12,12,6,0.2002
12,12,7,0.2005
12,12,8,0.2018
12,12,9,0.2099
12,12,10,0.2109
12,12,11,0.2108
12,12,12,0.208
12,12,13,0.2078
12,12,14,0.2028
12,12,15,0.2016
12,12,16,0.2104
12,12,17,0.2129
12,12,18,0.2146
12,12,19,0.211
12,12,20,0.2119
12,12,21,0.2028
12,12,22,0.1919
12,12,23,0.187
12,13,0,0.1749
12,13,1,0.1711
12,13,2,0.171
12,13,3,0.1736
12,13,4,0.1733
12,13,5,0.1793
12,13,6,0.1902
12,13,7,0.2005
12,13,8,0.2007
12,13,9,0.1943
12,13,10,0.1902
12,13,11,0.1906
12,13,12,0.1907
12,13,13,0.1917
12,13,14,0.192
12,13,15,0.192
12,13,16,0.2049
12,13,17,0.2119
12,13,18,0.2111
12,13,19,0.2052
12,13,20,0.204
12,13,21,0.1946
12,13,22,0.1813
12,13,23,0.1762
12,14,0,0.1758
12,14,1,0.1731
12,14,2,0.1696
12,14,3,0.1685
12,14,4,0.1713
12,14,5,0.1747
12,14,6,0.1874
12,14,7,0.1975
12,14,8,0.2027
12,14,9,0.1994
12,14,10,0.196
12,14,11,0.191
12,14,12,0.1836
12,14,13,0.1854
12,14,14,0.1849
12,14,15,0.1882
12,14,16,0.1988
12,14,17,0.2052
12,14,18,0.2099
12,14,19,0.2082
12,14,20,0.2006
12,14,21,0.1984
12,14,22,0.1834
12,14,23,0.1717
12,15,0,0.1623
12,15,1,0.159
12,15,2,0.1574
12,15,3,0.1593
12,15,4,0.1587
12,15,5,0.1672
12,15,6,0.1829
12,15,7,0.1947
12,15,8,0.1996
12,15,9,0.2013
12,15,10,0.2042
12,15,11,0.2081
12,15,12,0.2055
12,15,13,0.2108
12,15,14,0.2088
12,15,15,0.1994
12,15,16,0.2055
12,15,17,0.2141
12,15,18,0.2153
12,15,19,0.2158
12,15,20,0.2229
12,15,21,0.2214
12,15,22,0.2152
12,15,23,0.2005
12,16,0,0.1675
12,16,1,0.1582
12,16,2,0.158
12,16,3,0.1631
12,16,4,0.1689
12,16,5,0.192
12,16,6,0.2129
12,16,7,0.2185
12,16,8,0.2224
12,16,9,0.2248
12,16,10,0.229
12,16,11,0.2283
12,16,12,0.2332
12,16,13,0.2253
12,16,14,0.2277
12,16,15,0.2371
12,16,16,0.2378
12,16,17,0.2425
12,16,18,0.2365
12,16,19,0.2325
12,16,20,0.2282
12,16,21,0.2242
12,16,22,0.204
12,16,23,0.1881
12,17,0,0.1783
12,17,1,0.1703
12,17,2,0.1636
12,17,3,0.1583
12,17,4,0.1577
12,17,5,0.157
12,17,6,0.1631
12,17,7,0.1629
12,17,8,0.1654
12,17,9,0.1789
12,17,10,0.1874
12,17,11,0.1923
12,17,12,0.1979
12,17,13,0.2014
12,17,14,0.2048
12,17,15,0.1986
12,17,16,0.2038
12,17,17,0.2058
12,17,18,0.2047
12,17,19,0.1981
12,17,20,0.1917
12,17,21,0.1934
12,17,22,0.1911
12,17,23,0.184
12,18,0,0.1765
12,18,1,0.1652
12,18,2,0.1646
12,18,3,0.1625
12,18,4,0.1567
12,18,5,0.1599
12,18,6,0.1625
12,18,7,0.1508
12,18,8,0.1509
12,18,9,0.1623
12,18,10,0.169
12,18,11,0.1685
12,18,12,0.167
12,18,13,0.1654
12,18,14,0.1604
12,18,15,0.1643
12,18,16,0.1735
12,18,17,0.1874
12,18,18,0.1881
12,18,19,0.1887
12,18,20,0.1873
12,18,21,0.1829
12,18,22,0.1768
12,18,23,0.1702
12,19,0,0.1765
12,19,1,0.1763
12,19,2,0.1838
12,19,3,0.1863
12,19,4,0.1917
12,19,5,0.2037
12,19,6,0.2224
12,19,7,0.2333
12,19,8,0.2352
12,19,9,0.2431
12,19,10,0.2383
12,19,11,0.2346
12,19,12,0.2313
12,19,13,0.232
12,19,14,0.2277
12,19,15,0.2274
12,19,16,0.2292
12,19,17,0.2328
12,19,18,0.2343
12,19,19,0.2273
12,19,20,0.2302
12,19,21,0.2232
12,19,22,0.2133
12,19,23,0.1957
12,20,0,0.1939
12,20,1,0.1879
12,20,2,0.1752
12,20,3,0.1763
12,20,4,0.1735
12,20,5,0.177
12,20,6,0.1963
12,20,7,0.209
12,20,8,0.198
12,20,9,0.204
12,20,10,0.2007
12,20,11,0.1969
12,20,12,0.1955
12,20,13,0.1932
12,20,14,0.1941
12,20,15,0.1978
12,20,16,0.2118
12,20,17,0.2151
12,20,18,0.2109
12,20,19,0.2053
12,20,20,0.2051
12,20,21,0.2025
12,20,22,0.2011
12,20,23,0.1997
12,21,0,0.1815
12,21,1,0.1676
12,21,2,0.1706
12,21,3,0.169
12,21,4,0.1657
12,21,5,0.1731
12,21,6,0.1801
12,21,7,0.1803
12,21,8,0.18
12,21,9,0.1799
12,21,10,0.1762
12,21,11,0.1753
12,21,12,0.1741
12,21,13,0.1741
12,21,14,0.177
12,21,15,0.1833
12,21,16,0.1921
12,21,17,0.1994
12,21,18,0.1998
12,21,19,0.198
12,21,20,0.1944
12,21,21,0.191
12,21,22,0.186
12,21,23,0.1821
12,22,0,0.1816
12,22,1,0.185
12,22,2,0.1793
12,22,3,0.1785
12,22,4,0.1765
12,22,5,0.1737
12,22,6,0.1872
12,22,7,0.1972
12,22,8,0.1882
12,22,9,0.1835
12,22,10,0.1841
12,22,11,0.1843
12,22,12,0.1888
12,22,13,0.1806
12,22,14,0.1738
12,22,15,0.1747
12,22,16,0.1852
12,22,17,0.1909
12,22,18,0.1923
12,22,19,0.1917
12,22,20,0.1892
12,22,21,0.1835
12,22,22,0.17
12,22,23,0.1681
12,23,0,0.167
12,23,1,0.1605
12,23,2,0.1616
12,23,3,0.1592
12,23,4,0.1597
12,23,5,0.1633
12,23,6,0.1699
12,23,7,0.175
12,23,8,0.1764
12,23,9,0.1723
12,23,10,0.165
12,23,11,0.1653
12,23,12,0.1629
12,23,13,0.1631
12,23,14,0.1634
12,23,15,0.1724
12,23,16,0.1802
12,23,17,0.1891
12,23,18,0.1885
12,23,19,0.1878
12,23,20,0.185
12,23,21,0.1733
12,23,22,0.1604
12,23,23,0.1533
12,24,0,0.1485
12,24,1,0.1468
12,24,2,0.144
12,24,3,0.1423
12,24,4,0.1408
12,24,5,0.1365
12,24,6,0.1359
12,24,7,0.1484
12,24,8,0.1542
12,24,9,0.1655
12,24,10,0.1711
12,24,11,0.1733
12,24,12,0.1729
12,24,13,0.1676
12,24,14,0.1622
12,24,15,0.1566
12,24,16,0.1643
12,24,17,0.1641
12,24,18,0.1599
12,24,19,0.1575
12,24,20,0.1518
12,24,21,0.1512
12,24,22,0.1511
12,24,23,0.1436
12,25,0,0.1204
12,25,1,0.1144
12,25,2,0.1174
12,25,3,0.1173
12,25,4,0.1198
12,25,5,0.1233
12,25,6,0.1218
12,25,7,0.1242
12,25,8,0.1323
12,25,9,0.1341
12,25,10,0.1316
12,25,11,0.1289
12,25,12,0.1278
12,25,13,0.1262
12,25,14,0.1297
12,25,15,0.132
12,25,16,0.1427
12,25,17,0.1518
12,25,18,0.156
12,25,19,0.1525
12,25,20,0.1475
12,25,21,0.1489
12,25,22,0.1515
12,25,23,0.1321
12,26,0,0.1265
12,26,1,0.1295
12,26,2,0.1239
12,26,3,0.1248
12,26,4,0.1247
12,26,5,0.1282
12,26,6,0.1388
12,26,7,0.1333
12,26,8,0.1415
12,26,9,0.1512
12,26,10,0.158
12,26,11,0.1648
12,26,12,0.1573
12,26,13,0.1524
12,26,14,0.1542
12,26,15,0.1617
12,26,16,0.1783
12,26,17,0.1827
12,26,18,0.1725
12,26,19,0.1672
12,26,20,0.1654
12,26,21,0.161
12,26,22,0.1506
12,26,23,0.1373
12,27,0,0.1374
12,27,1,0.139
12,27,2,0.1256
12,27,3,0.1138
12,27,4,0.121
12,27,5,0.1261
12,27,6,0.1301
12,27,7,0.1341
12,27,8,0.1423
12,27,9,0.1486
12,27,10,0.151
12,27,11,0.1554
12,27,12,0.1483
12,27,13,0.1443
12,27,14,0.1512
12,27,15,0.1502
12,27,16,0.157
12,27,17,0.1618
12,27,18,0.1641
12,27,19,0.1598
12,27,20,0.1554
12,27,21,0.1471
12,27,22,0.1344
12,27,23,0.1233
12,28,0,0.1368
12,28,1,0.131
12,28,2,0.1264
12,28,3,0.1276
12,28,4,0.1285
12,28,5,0.1326
12,28,6,0.1427
12,28,7,0.1463
12,28,8,0.1488
12,28,9,0.1592
12,28,10,0.1674
12,28,11,0.1723
12,28,12,0.1682
12,28,13,0.1625
12,28,14,0.1669
12,28,15,0.17
12,28,16,0.1742
12,28,17,0.1844
12,28,18,0.1839
12,28,19,0.1823
12,28,20,0.1756
12,28,21,0.1693
12,28,22,0.1599
12,28,23,0.157
12,29,0,0.1625
12,29,1,0.1593
12,29,2,0.1521
12,29,3,0.1526
12,29,4,0.1559
12,29,5,0.1549
12,29,6,0.1569
12,29,7,0.1557
12,29,8,0.1593
12,29,9,0.1661
12,29,10,0.1685
12,29,11,0.1721
12,29,12,0.1694
12,29,13,0.1708
12,29,14,0.1701
12,29,15,0.1685
12,29,16,0.1702
12,29,17,0.1742
12,29,18,0.1772
12,29,19,0.1766
12,29,20,0.1762
12,29,21,0.1692
12,29,22,0.1567
12,29,23,0.1477
12,30,0,0.1447
12,30,1,0.1387
12,30,2,0.1337
12,30,3,0.1334
12,30,4,0.135
12,30,5,0.1356
12,30,6,0.1433
12,30,7,0.1434
12,30,8,0.1393
12,30,9,0.1432
12,30,10,0.1442
12,30,11,0.1472
12,30,12,0.1496
12,30,13,0.1484
12,30,14,0.1468
12,30,15,0.1509
12,30,16,0.1556
12,30,17,0.1544
12,30,18,0.1604
12,30,19,0.1581
12,30,20,0.1591
12,30,21,0.1562
12,30,22,0.1456
12,30,23,0.134
12,31,0,0.1389
12,31,1,0.1391
12,31,2,0.1316
12,31,3,0.1327
12,31,4,0.1333
12,31,5,0.135
12,31,6,0.1334
12,31,7,0.134
12,31,8,0.1425
12,31,9,0.1467
12,31,10,0.1505
12,31,11,0.1504
12,31,12,0.1533
12,31,13,0.1508
12,31,14,0.1476
12,31,15,0.147
12,31,16,0.1547
12,31,17,0.1663
12,31,18,0.1656
12,31,19,0.1604
12,31,20,0.1509
12,31,21,0.1419
12,31,22,0.1393
12,31,23,0.1394
