month,day_of_month,hour,price_per_kwh
1,1,0,2.584
1,1,1,2.21
1,1,2,1.865
1,1,3,1.868
1,1,4,1.94
1,1,5,2.178
1,1,6,2.238
1,1,7,2.363
1,1,8,2.249
1,1,9,2.582
1,1,10,2.702
1,1,11,2.865
1,1,12,2.82
1,1,13,2.75
1,1,14,2.724
1,1,15,2.544
1,1,16,3.199
1,1,17,4.955
1,1,18,3.882
1,1,19,3.714
1,1,20,3.559
1,1,21,3.188
1,1,22,2.611
1,1,23,2.398
1,2,0,2.498
1,2,1,2.13
1,2,2,2.121
1,2,3,2.079
1,2,4,1.99
1,2,5,2.139
1,2,6,1.678
1,2,7,2.151
1,2,8,1.77
1,2,9,2.785
1,2,10,2.825
1,2,11,2.887
1,2,12,2.818
1,2,13,2.656
1,2,14,2.6
1,2,15,2.462
1,2,16,3.234
1,2,17,4.546
1,2,18,4.132
1,2,19,3.284
1,2,20,3.13
1,2,21,2.8
1,2,22,2.017
1,2,23,2.504
1,3,0,2.604
1,3,1,2.268
1,3,2,2.296
1,3,3,2.223
1,3,4,2.189
1,3,5,2.251
1,3,6,1.683
1,3,7,1.544
1,3,8,1.732
1,3,9,2.263
1,3,10,2.695
1,3,11,2.681
1,3,12,2.677
1,3,13,2.608
1,3,14,2.662
1,3,15,2.597
1,3,16,3.133
1,3,17,4.289
1,3,18,4.141
1,3,19,3.461
1,3,20,3.439
1,3,21,2.974
1,3,22,2.529
1,3,23,2.643
1,4,0,2.933
1,4,1,2.827
1,4,2,2.809
1,4,3,2.818
1,4,4,2.833
1,4,5,3.332
1,4,6,4.488
1,4,7,4.584
1,4,8,4.243
1,4,9,4.299
1,4,10,4.629
1,4,11,4.647
1,4,12,4.361
1,4,13,4.145
1,4,14,3.835
1,4,15,3.741
1,4,16,4.91
1,4,17,7.575
1,4,18,6.581
1,4,19,5.982
1,4,20,5.17
1,4,21,4.678
1,4,22,4.257
1,4,23,3.727
1,5,0,3.528
1,5,1,3.687
1,5,2,3.5
1,5,3,3.498
1,5,4,3.099
1,5,5,3.514
1,5,6,5.328
1,5,7,6.278
1,5,8,5.5
1,5,9,5.188
1,5,10,4.665
1,5,11,4.37
1,5,12,3.904
1,5,13,3.721
1,5,14,3.646
1,5,15,3.621
1,5,16,4.653
1,5,17,7.057
1,5,18,5.8
1,5,19,5.087
1,5,20,4.411
1,5,21,3.998
1,5,22,3.898
1,5,23,3.244
1,6,0,4.1
1,6,1,4.011
1,6,2,3.83
1,6,3,3.803
1,6,4,3.972
1,6,5,4.685
1,6,6,5.775
1,6,7,6.749
1,6,8,6.501
1,6,9,6.203
1,6,10,5.478
1,6,11,5.221
1,6,12,4.468
1,6,13,4.34
1,6,14,4.237
1,6,15,4.294
1,6,16,4.826
1,6,17,7.099
1,6,18,6.203
1,6,19,5.419
1,6,20,4.829
1,6,21,4.358
1,6,22,3.769
1,6,23,3.467
1,7,0,4.025
1,7,1,3.168
1,7,2,3.082
1,7,3,3.055
1,7,4,3.043
1,7,5,3.058
1,7,6,3.869
1,7,7,4.548
1,7,8,4.225
1,7,9,4.594
1,7,10,4.21
1,7,11,3.72
1,7,12,3.187
1,7,13,3.129
1,7,14,3.056
1,7,15,3.129
1,7,16,4.101
1,7,17,5.175
1,7,18,4.833
1,7,19,4.171
1,7,20,3.952
1,7,21,3.377
1,7,22,2.96
1,7,23,2.847
1,8,0,3.166
1,8,1,2.925
1,8,2,2.701
1,8,3,2.662
1,8,4,2.606
1,8,5,2.886
1,8,6,3.995
1,8,7,4.527
1,8,8,4.11
1,8,9,4.162
1,8,10,3.829
1,8,11,3.338
1,8,12,3.045
1,8,13,2.997
1,8,14,2.902
1,8,15,3.051
1,8,16,3.579
1,8,17,4.834
1,8,18,4.571
1,8,19,3.818
1,8,20,3.514
1,8,21,3.191
1,8,22,2.741
1,8,23,2.239
1,9,0,2.654
1,9,1,2.522
1,9,2,2.314
1,9,3,2.268
1,9,4,1.921
1,9,5,2.104
1,9,6,2.223
1,9,7,2.189
1,9,8,2.498
1,9,9,2.897
1,9,10,2.913
1,9,11,2.907
1,9,12,2.582
1,9,13,2.371
1,9,14,2.362
1,9,15,2.385
1,9,16,2.846
1,9,17,3.97
1,9,18,3.72
1,9,19,3.236
1,9,20,2.903
1,9,21,2.618
1,9,22,2.385
1,9,23,2.251
1,10,0,1.806
1,10,1,1.631
1,10,2,1.558
1,10,3,1.318
1,10,4,1.15
1,10,5,1.207
1,10,6,1.302
1,10,7,1.569
1,10,8,1.499
1,10,9,2.171
1,10,10,2.211
1,10,11,2.368
1,10,12,2.337
1,10,13,2.173
1,10,14,2.045
1,10,15,2.049
1,10,16,2.667
1,10,17,3.761
1,10,18,3.383
1,10,19,2.924
1,10,20,2.793
1,10,21,2.262
1,10,22,1.996
1,10,23,1.511
1,11,0,1.861
1,11,1,1.835
1,11,2,1.664
1,11,3,1.714
1,11,4,1.701
1,11,5,1.941
1,11,6,3.146
1,11,7,3.832
1,11,8,3.844
1,11,9,3.922
1,11,10,4.275
1,11,11,3.851
1,11,12,3.63
1,11,13,3.376
1,11,14,3.238
1,11,15,3.303
1,11,16,4.416
1,11,17,6.661
1,11,18,6.079
1,11,19,4.841
1,11,20,4.536
1,11,21,3.88
1,11,22,3.3
1,11,23,2.785
1,12,0,2.773
1,12,1,2.678
1,12,2,2.521
1,12,3,2.452
1,12,4,2.379
1,12,5,2.943
1,12,6,4.457
1,12,7,5.052
1,12,8,4.728
1,12,9,4.837
1,12,10,4.834
1,12,11,4.267
1,12,12,3.932
1,12,13,3.75
1,12,14,3.716
1,12,15,3.708
1,12,16,4.561
1,12,17,6.514
1,12,18,5.738
1,12,19,4.8
1,12,20,4.434
1,12,21,4.055
1,12,22,3.33
1,12,23,2.866
1,13,0,3.256
1,13,1,3.241
1,13,2,3.096
1,13,3,2.984
1,13,4,2.838
1,13,5,3.657
1,13,6,4.861
1,13,7,5.579
1,13,8,5.182
1,13,9,5.226
1,13,10,5.149
1,13,11,4.606
1,13,12,4.5
1,13,13,4.353
1,13,14,4.343
1,13,15,4.359
1,13,16,4.967
1,13,17,7.037
1,13,18,6.611
1,13,19,5.672
1,13,20,5.469
1,13,21,4.739
1,13,22,4.12
1,13,23,3.454
1,14,0,2.927
1,14,1,2.819
1,14,2,2.597
1,14,3,2.591
1,14,4,2.486
1,14,5,2.937
1,14,6,4.957
1,14,7,5.755
1,14,8,5.629
1,14,9,5.555
1,14,10,4.835
1,14,11,4.43
1,14,12,4.146
1,14,13,3.967
1,14,14,3.681
1,14,15,3.738
1,14,16,4.659
1,14,17,6.62
1,14,18,6.005
1,14,19,5.154
1,14,20,4.837
1,14,21,4.306
1,14,22,3.373
1,14,23,2.85
1,15,0,2.594
1,15,1,2.475
1,15,2,2.309
1,15,3,2.294
1,15,4,2.208
1,15,5,2.623
1,15,6,3.206
1,15,7,3.66
1,15,8,3.55
1,15,9,3.448
1,15,10,3.378
1,15,11,3.356
1,15,12,3.04
1,15,13,3.033
1,15,14,3.021
1,15,15,2.923
1,15,16,3.211
1,15,17,4.257
1,15,18,3.879
1,15,19,3.347
1,15,20,3.19
1,15,21,2.961
1,15,22,2.477
1,15,23,2.181
1,16,0,1.802
1,16,1,1.606
1,16,2,1.55
1,16,3,1.353
1,16,4,1.192
1,16,5,1.162
1,16,6,1.308
1,16,7,1.891
1,16,8,2.181
1,16,9,2.399
1,16,10,2.596
1,16,11,2.558
1,16,12,2.475
1,16,13,2.372
1,16,14,2.21
1,16,15,2.319
1,16,16,2.553
1,16,17,3.536
1,16,18,3.226
1,16,19,2.871
1,16,20,2.663
1,16,21,2.32
1,16,22,2.236
1,16,23,1.698
1,17,0,2.012
1,17,1,1.731
1,17,2,1.504
1,17,3,1.507
1,17,4,1.386
1,17,5,1.492
1,17,6,1.758
1,17,7,1.797
1,17,8,2.044
1,17,9,2.34
1,17,10,2.766
1,17,11,2.773
1,17,12,2.499
1,17,13,2.305
1,17,14,2.305
1,17,15,2.335
1,17,16,3.031
1,17,17,4.497
1,17,18,4.067
1,17,19,3.582
1,17,20,3.451
1,17,21,2.799
1,17,22,2.519
1,17,23,2.106
1,18,0,2.601
1,18,1,2.352
1,18,2,2.173
1,18,3,2.14
1,18,4,2.209
1,18,5,2.748
1,18,6,4.022
1,18,7,4.49
1,18,8,4.685
1,18,9,4.997
1,18,10,5.475
1,18,11,5.702
1,18,12,5.031
1,18,13,4.496
1,18,14,4.146
1,18,15,4.305
1,18,16,5.364
1,18,17,8.517
1,18,18,8.598
1,18,19,7.143
1,18,20,6.59
1,18,21,5.123
1,18,22,4.386
1,18,23,3.686
1,19,0,3.577
1,19,1,3.391
1,19,2,3.18
1,19,3,3.199
1,19,4,3.228
1,19,5,3.962
1,19,6,5.467
1,19,7,6.401
1,19,8,6.908
1,19,9,7.498
1,19,10,7.718
1,19,11,7.25
1,19,12,7.099
1,19,13,6.974
1,19,14,6.798
1,19,15,6.975
1,19,16,6.977
1,19,17,9.221
1,19,18,8.587
1,19,19,7.813
1,19,20,7.04
1,19,21,6.006
1,19,22,4.374
1,19,23,3.765
1,20,0,3.099
1,20,1,2.831
1,20,2,2.633
1,20,3,2.538
1,20,4,2.656
1,20,5,3.477
1,20,6,5.293
1,20,7,5.786
1,20,8,5.938
1,20,9,5.93
1,20,10,5.658
1,20,11,5.097
1,20,12,4.506
1,20,13,4.138
1,20,14,3.965
1,20,15,4.147
1,20,16,4.84
1,20,17,7.444
1,20,18,7.465
1,20,19,5.838
1,20,20,5.532
1,20,21,4.535
1,20,22,3.606
1,20,23,3.165
1,21,0,3.327
1,21,1,3.115
1,21,2,2.981
1,21,3,3.045
1,21,4,2.941
1,21,5,3.505
1,21,6,4.822
1,21,7,5.275
1,21,8,5.055
1,21,9,4.693
1,21,10,4.473
1,21,11,4.062
1,21,12,3.623
1,21,13,3.599
1,21,14,3.412
1,21,15,3.548
1,21,16,4.167
1,21,17,5.603
1,21,18,5.628
1,21,19,4.841
1,21,20,4.729
1,21,21,4.2
1,21,22,3.365
1,21,23,3.381
1,22,0,3.333
1,22,1,3.091
1,22,2,3.018
1,22,3,2.98
1,22,4,2.828
1,22,5,3.275
1,22,6,4.347
1,22,7,4.657
1,22,8,4.577
1,22,9,4.828
1,22,10,4.825
1,22,11,4.817
1,22,12,4.5
1,22,13,3.569
1,22,14,3.47
1,22,15,3.515
1,22,16,4.164
1,22,17,6.085
1,22,18,5.808
1,22,19,4.444
1,22,20,4.436
1,22,21,3.875
1,22,22,3.413
1,22,23,3.114
1,23,0,3.152
1,23,1,2.961
1,23,2,2.72
1,23,3,2.675
1,23,4,2.576
1,23,5,2.755
1,23,6,3.305
1,23,7,3.157
1,23,8,3.844
1,23,9,4.114
1,23,10,4.195
1,23,11,4.128
1,23,12,4.064
1,23,13,3.763
1,23,14,3.591
1,23,15,3.588
1,23,16,4.202
1,23,17,5.402
1,23,18,5.378
1,23,19,4.279
1,23,20,4.096
1,23,21,3.758
1,23,22,3.339
1,23,23,3.19
1,24,0,3.4
1,24,1,3.172
1,24,2,3.048
1,24,3,3.017
1,24,4,2.818
1,24,5,2.993
1,24,6,3.162
1,24,7,2.889
1,24,8,3.219
1,24,9,3.912
1,24,10,4.222
1,24,11,4.061
1,24,12,3.851
1,24,13,3.499
1,24,14,3.327
1,24,15,3.376
1,24,16,4.209
1,24,17,5.809
1,24,18,5.67
1,24,19,4.651
1,24,20,4.637
1,24,21,4.247
1,24,22,3.724
1,24,23,3.144
1,25,0,3.739
1,25,1,3.291
1,25,2,3.131
1,25,3,3.128
1,25,4,3.135
1,25,5,3.605
1,25,6,4.731
1,25,7,4.5
1,25,8,4.488
1,25,9,4.504
1,25,10,4.678
1,25,11,4.441
1,25,12,4.068
1,25,13,3.67
1,25,14,3.48
1,25,15,3.433
1,25,16,4.106
1,25,17,5.53
1,25,18,5.389
1,25,19,4.599
1,25,20,4.183
1,25,21,3.751
1,25,22,3.213
1,25,23,3.091
1,26,0,3.221
1,26,1,2.879
1,26,2,2.918
1,26,3,2.919
1,26,4,2.79
1,26,5,3.125
1,26,6,3.899
1,26,7,4.266
1,26,8,4.069
1,26,9,4.306
1,26,10,4.118
1,26,11,3.791
1,26,12,3.468
1,26,13,3.33
1,26,14,3.123
1,26,15,3.141
1,26,16,3.711
1,26,17,5.158
1,26,18,4.827
1,26,19,4.239
1,26,20,3.555
1,26,21,3.176
1,26,22,3.016
1,26,23,2.8
1,27,0,2.265
1,27,1,2.021
1,27,2,1.951
1,27,3,1.958
1,27,4,1.956
1,27,5,2.188
1,27,6,2.778
1,27,7,3.289
1,27,8,3.333
1,27,9,3.442
1,27,10,3.054
1,27,11,3.053
1,27,12,2.865
1,27,13,2.665
1,27,14,2.608
1,27,15,2.657
1,27,16,3.246
1,27,17,4.222
1,27,18,3.897
1,27,19,3.46
1,27,20,3.222
1,27,21,2.81
1,27,22,2.556
1,27,23,2.384
1,28,0,2.489
1,28,1,2.177
1,28,2,1.977
1,28,3,1.955
1,28,4,2.007
1,28,5,2.433
1,28,6,2.983
1,28,7,3.347
1,28,8,3.258
1,28,9,3.131
1,28,10,3.07
1,28,11,3.028
1,28,12,2.948
1,28,13,2.988
1,28,14,2.863
1,28,15,2.845
1,28,16,3.3
1,28,17,4.3
1,28,18,4.126
1,28,19,3.74
1,28,20,3.301
1,28,21,2.735
1,28,22,2.46
1,28,23,2.333
1,29,0,2.308
1,29,1,2.047
1,29,2,1.853
1,29,3,1.885
1,29,4,2.015
1,29,5,2.277
1,29,6,2.805
1,29,7,2.984
1,29,8,2.917
1,29,9,2.852
1,29,10,2.786
1,29,11,2.687
1,29,12,2.583
1,29,13,2.549
1,29,14,2.445
1,29,15,2.466
1,29,16,2.874
1,29,17,3.825
1,29,18,3.698
1,29,19,3.18
1,29,20,2.816
1,29,21,2.513
1,29,22,2.329
1,29,23,2.275
1,30,0,2.652
1,30,1,2.546
1,30,2,2.214
1,30,3,2.133
1,30,4,2.12
1,30,5,2.272
1,30,6,2.177
1,30,7,2.235
1,30,8,2.513
1,30,9,2.733
1,30,10,2.94
1,30,11,2.895
1,30,12,2.668
1,30,13,2.472
1,30,14,2.312
1,30,15,2.398
1,30,16,2.693
1,30,17,3.427
1,30,18,3.369
1,30,19,2.892
1,30,20,2.733
1,30,21,2.515
1,30,22,2.533
1,30,23,2.227
1,31,0,2.325
1,31,1,2.148
1,31,2,1.806
1,31,3,1.757
1,31,4,1.757
1,31,5,1.881
1,31,6,1.439
1,31,7,1.636
1,31,8,1.886
1,31,9,2.168
1,31,10,2.25
1,31,11,2.203
1,31,12,2.205
1,31,13,2.135
1,31,14,2.111
1,31,15,2.135
1,31,16,2.475
1,31,17,3.152
1,31,18,3.086
1,31,19,2.702
1,31,20,2.446
1,31,21,2.133
1,31,22,1.939
1,31,23,1.738
2,1,0,1.568
2,1,1,1.367
2,1,2,1.382
2,1,3,1.349
2,1,4,1.399
2,1,5,1.506
2,1,6,2.041
2,1,7,2.286
2,1,8,2.509
2,1,9,2.524
2,1,10,2.531
2,1,11,2.554
2,1,12,2.454
2,1,13,2.386
2,1,14,2.258
2,1,15,2.261
2,1,16,2.673
2,1,17,3.502
2,1,18,3.354
2,1,19,2.94
2,1,20,2.616
2,1,21,2.392
2,1,22,2.107
2,1,23,1.776
2,2,0,1.713
2,2,1,1.417
2,2,2,1.181
2,2,3,1.188
2,2,4,1.322
2,2,5,1.753
2,2,6,2.34
2,2,7,2.727
2,2,8,2.927
2,2,9,2.922
2,2,10,2.88
2,2,11,2.866
2,2,12,2.772
2,2,13,2.675
2,2,14,2.584
2,2,15,2.594
2,2,16,2.927
2,2,17,3.714
2,2,18,3.833
2,2,19,3.32
2,2,20,2.929
2,2,21,2.662
2,2,22,2.103
2,2,23,1.781
2,3,0,1.447
2,3,1,1.197
2,3,2,0.982
2,3,3,0.995
2,3,4,1.131
2,3,5,1.745
2,3,6,2.115
2,3,7,2.359
2,3,8,2.352
2,3,9,2.512
2,3,10,2.512
2,3,11,2.473
2,3,12,2.394
2,3,13,2.283
2,3,14,2.119
2,3,15,2.189
2,3,16,2.546
2,3,17,3.079
2,3,18,3.09
2,3,19,2.743
2,3,20,2.345
2,3,21,2.215
2,3,22,1.893
2,3,23,1.712
2,4,0,1.438
2,4,1,1.258
2,4,2,1.117
2,4,3,1.077
2,4,4,1.248
2,4,5,1.456
2,4,6,1.796
2,4,7,2.113
2,4,8,2.187
2,4,9,2.277
2,4,10,2.288
2,4,11,2.31
2,4,12,2.224
2,4,13,2.125
2,4,14,2.058
2,4,15,2.116
2,4,16,2.371
2,4,17,2.967
2,4,18,3.021
2,4,19,2.573
2,4,20,2.342
2,4,21,2.163
2,4,22,1.873
2,4,23,1.689
2,5,0,1.67
2,5,1,1.526
2,5,2,1.342
2,5,3,1.316
2,5,4,1.396
2,5,5,1.699
2,5,6,2.032
2,5,7,2.55
2,5,8,2.389
2,5,9,2.521
2,5,10,2.52
2,5,11,2.425
2,5,12,2.339
2,5,13,2.29
2,5,14,2.126
2,5,15,2.051
2,5,16,2.468
2,5,17,3.096
2,5,18,3.11
2,5,19,2.729
2,5,20,2.354
2,5,21,2.08
2,5,22,2.031
2,5,23,1.731
2,6,0,2.59
2,6,1,2.369
2,6,2,2.031
2,6,3,1.994
2,6,4,2.221
2,6,5,2.295
2,6,6,2.279
2,6,7,2.336
2,6,8,2.457
2,6,9,2.568
2,6,10,2.535
2,6,11,2.461
2,6,12,2.483
2,6,13,2.408
2,6,14,2.325
2,6,15,2.294
2,6,16,2.416
2,6,17,3.265
2,6,18,3.405
2,6,19,2.893
2,6,20,2.694
2,6,21,2.496
2,6,22,2.314
2,6,23,2.002
2,7,0,2.666
2,7,1,2.562
2,7,2,2.315
2,7,3,2.231
2,7,4,2.305
2,7,5,2.24
2,7,6,2.0
2,7,7,1.809
2,7,8,2.113
2,7,9,2.304
2,7,10,2.339
2,7,11,2.254
2,7,12,2.302
2,7,13,2.081
2,7,14,2.068
2,7,15,2.065
2,7,16,2.248
2,7,17,3.078
2,7,18,3.215
2,7,19,2.88
2,7,20,2.81
2,7,21,2.641
2,7,22,2.413
2,7,23,2.042
2,8,0,2.456
2,8,1,2.089
2,8,2,1.894
2,8,3,1.921
2,8,4,2.088
2,8,5,2.408
2,8,6,2.719
2,8,7,3.041
2,8,8,3.081
2,8,9,3.118
2,8,10,3.134
2,8,11,3.055
2,8,12,2.949
2,8,13,2.829
2,8,14,2.814
2,8,15,2.799
2,8,16,3.084
2,8,17,4.013
2,8,18,4.002
2,8,19,3.755
2,8,20,3.174
2,8,21,2.8
2,8,22,2.489
2,8,23,2.507
2,9,0,2.536
2,9,1,2.129
2,9,2,1.875
2,9,3,1.798
2,9,4,2.072
2,9,5,2.615
2,9,6,2.883
2,9,7,3.309
2,9,8,3.314
2,9,9,3.372
2,9,10,3.205
2,9,11,3.07
2,9,12,3.049
2,9,13,2.919
2,9,14,2.814
2,9,15,2.879
2,9,16,3.205
2,9,17,4.148
2,9,18,4.137
2,9,19,3.663
2,9,20,3.265
2,9,21,2.842
2,9,22,2.555
2,9,23,2.401
2,10,0,3.209
2,10,1,2.842
2,10,2,2.579
2,10,3,2.64
2,10,4,2.972
2,10,5,3.014
2,10,6,2.879
2,10,7,3.468
2,10,8,3.674
2,10,9,3.779
2,10,10,3.772
2,10,11,3.611
2,10,12,3.562
2,10,13,3.369
2,10,14,3.345
2,10,15,3.358
2,10,16,3.624
2,10,17,4.605
2,10,18,4.67
2,10,19,4.105
2,10,20,3.634
2,10,21,3.475
2,10,22,2.881
2,10,23,2.882
2,11,0,3.11
2,11,1,3.078
2,11,2,2.91
2,11,3,2.834
2,11,4,2.944
2,11,5,3.251
2,11,6,3.914
2,11,7,4.37
2,11,8,4.64
2,11,9,4.639
2,11,10,4.84
2,11,11,4.73
2,11,12,4.733
2,11,13,4.504
2,11,14,4.453
2,11,15,4.539
2,11,16,4.577
2,11,17,5.782
2,11,18,6.542
2,11,19,5.863
2,11,20,4.859
2,11,21,4.72
2,11,22,4.215
2,11,23,3.998
2,12,0,4.763
2,12,1,4.253
2,12,2,4.154
2,12,3,4.234
2,12,4,4.279
2,12,5,4.825
2,12,6,5.838
2,12,7,6.742
2,12,8,6.2
2,12,9,6.053
2,12,10,5.955
2,12,11,5.688
2,12,12,5.394
2,12,13,5.176
2,12,14,5.019
2,12,15,5.025
2,12,16,5.399
2,12,17,6.574
2,12,18,7.181
2,12,19,6.565
2,12,20,5.932
2,12,21,5.424
2,12,22,4.955
2,12,23,4.643
2,13,0,5.027
2,13,1,4.79
2,13,2,4.655
2,13,3,4.575
2,13,4,4.623
2,13,5,4.871
2,13,6,5.14
2,13,7,5.202
2,13,8,5.616
2,13,9,6.455
2,13,10,7.425
2,13,11,7.404
2,13,12,7.284
2,13,13,6.601
2,13,14,6.568
2,13,15,6.565
2,13,16,6.65
2,13,17,7.914
2,13,18,8.748
2,13,19,8.33
2,13,20,7.675
2,13,21,6.85
2,13,22,6.613
2,13,23,5.817
2,14,0,6.529
2,14,1,6.157
2,14,2,5.672
2,14,3,5.56
2,14,4,5.717
2,14,5,5.748
2,14,6,5.82
2,14,7,6.5
2,14,8,7.0
2,14,9,7.7
2,14,10,7.925
2,14,11,7.6
2,14,12,6.815
2,14,13,6.755
2,14,14,6.5
2,14,15,6.5
2,14,16,6.81
2,14,17,8.693
2,14,18,9.84
2,14,19,8.5
2,14,20,9.0
2,14,21,8.329
2,14,22,6.907
2,14,23,5.628
2,15,0,4.916
2,15,1,4.779
2,15,2,4.644
2,15,3,4.603
2,15,4,4.761
2,15,5,4.893
2,15,6,5.819
2,15,7,5.885
2,15,8,7.306
2,15,9,7.848
2,15,10,7.463
2,15,11,7.0
2,15,12,7.304
2,15,13,5.086
2,15,14,5.082
2,15,15,4.569
2,15,16,6.567
2,15,17,7.254
2,15,18,7.38
2,15,19,6.0
2,15,20,5.093
2,15,21,4.666
2,15,22,4.06
2,15,23,4.358
2,16,0,3.026
2,16,1,2.679
2,16,2,2.374
2,16,3,2.392
2,16,4,2.437
2,16,5,2.737
2,16,6,3.891
2,16,7,4.284
2,16,8,5.011
2,16,9,5.479
2,16,10,4.4
2,16,11,4.016
2,16,12,3.792
2,16,13,3.302
2,16,14,3.072
2,16,15,3.023
2,16,16,3.48
2,16,17,4.484
2,16,18,4.849
2,16,19,4.174
2,16,20,3.375
2,16,21,2.938
2,16,22,2.526
2,16,23,2.453
2,17,0,2.721
2,17,1,2.544
2,17,2,2.431
2,17,3,2.433
2,17,4,2.481
2,17,5,2.688
2,17,6,3.303
2,17,7,3.629
2,17,8,3.713
2,17,9,3.677
2,17,10,3.603
2,17,11,3.416
2,17,12,3.219
2,17,13,2.881
2,17,14,2.816
2,17,15,2.814
2,17,16,3.414
2,17,17,4.418
2,17,18,4.724
2,17,19,3.941
2,17,20,3.464
2,17,21,2.871
2,17,22,2.691
2,17,23,2.567
2,18,0,2.382
2,18,1,2.295
2,18,2,2.155
2,18,3,2.183
2,18,4,2.273
2,18,5,2.41
2,18,6,3.137
2,18,7,3.327
2,18,8,3.372
2,18,9,3.35
2,18,10,3.513
2,18,11,3.145
2,18,12,3.044
2,18,13,2.921
2,18,14,2.881
2,18,15,2.91
2,18,16,3.059
2,18,17,4.052
2,18,18,4.376
2,18,19,3.816
2,18,20,3.409
2,18,21,3.206
2,18,22,2.565
2,18,23,2.616
2,19,0,2.462
2,19,1,2.21
2,19,2,2.098
2,19,3,2.047
2,19,4,2.086
2,19,5,2.225
2,19,6,2.866
2,19,7,3.077
2,19,8,3.053
2,19,9,3.054
2,19,10,3.039
2,19,11,2.86
2,19,12,2.79
2,19,13,2.566
2,19,14,2.449
2,19,15,2.473
2,19,16,2.854
2,19,17,3.491
2,19,18,3.539
2,19,19,3.007
2,19,20,2.715
2,19,21,2.511
2,19,22,2.293
2,19,23,2.321
2,20,0,2.139
2,20,1,1.917
2,20,2,1.689
2,20,3,1.651
2,20,4,1.608
2,20,5,1.816
2,20,6,1.848
2,20,7,1.69
2,20,8,1.919
2,20,9,2.091
2,20,10,2.254
2,20,11,2.084
2,20,12,1.978
2,20,13,1.807
2,20,14,1.761
2,20,15,1.703
2,20,16,1.878
2,20,17,2.618
2,20,18,2.878
2,20,19,2.327
2,20,20,2.083
2,20,21,1.926
2,20,22,1.842
2,20,23,1.756
2,21,0,1.516
2,21,1,1.43
2,21,2,1.28
2,21,3,1.257
2,21,4,1.241
2,21,5,1.278
2,21,6,1.071
2,21,7,1.219
2,21,8,1.312
2,21,9,1.507
2,21,10,1.512
2,21,11,1.521
2,21,12,1.467
2,21,13,1.409
2,21,14,1.372
2,21,15,1.353
2,21,16,1.5
2,21,17,2.221
2,21,18,2.784
2,21,19,2.101
2,21,20,1.972
2,21,21,1.722
2,21,22,1.58
2,21,23,1.439
2,22,0,1.536
2,22,1,1.461
2,22,2,1.258
2,22,3,1.28
2,22,4,1.422
2,22,5,1.512
2,22,6,2.05
2,22,7,2.216
2,22,8,2.37
2,22,9,2.425
2,22,10,2.457
2,22,11,2.323
2,22,12,2.205
2,22,13,1.981
2,22,14,1.903
2,22,15,1.93
2,22,16,2.198
2,22,17,3.066
2,22,18,3.352
2,22,19,2.869
2,22,20,2.653
2,22,21,2.346
2,22,22,1.955
2,22,23,1.93
2,23,0,1.847
2,23,1,1.664
2,23,2,1.532
2,23,3,1.527
2,23,4,1.57
2,23,5,1.831
2,23,6,2.802
2,23,7,2.632
2,23,8,2.802
2,23,9,2.72
2,23,10,2.818
2,23,11,2.609
2,23,12,2.566
2,23,13,2.265
2,23,14,2.237
2,23,15,2.137
2,23,16,2.401
2,23,17,3.171
2,23,18,3.918
2,23,19,3.113
2,23,20,2.518
2,23,21,2.157
2,23,22,2.016
2,23,23,1.898
2,24,0,1.982
2,24,1,1.724
2,24,2,1.703
2,24,3,1.722
2,24,4,1.701
2,24,5,1.839
2,24,6,2.333
2,24,7,2.231
2,24,8,2.438
2,24,9,2.74
2,24,10,2.68
2,24,11,2.53
2,24,12,2.303
2,24,13,1.997
2,24,14,1.918
2,24,15,1.838
2,24,16,2.096
2,24,17,2.947
2,24,18,3.3
2,24,19,2.511
2,24,20,2.088
2,24,21,1.842
2,24,22,1.551
2,24,23,1.543
2,25,0,1.31
2,25,1,1.238
2,25,2,0.93
2,25,3,0.922
2,25,4,1.064
2,25,5,1.314
2,25,6,1.97
2,25,7,1.871
2,25,8,1.983
2,25,9,2.119
2,25,10,2.273
2,25,11,2.221
2,25,12,2.156
2,25,13,2.023
2,25,14,1.956
2,25,15,1.898
2,25,16,2.125
2,25,17,2.783
2,25,18,3.188
2,25,19,2.666
2,25,20,2.029
2,25,21,1.967
2,25,22,1.78
2,25,23,1.505
2,26,0,1.597
2,26,1,1.514
2,26,2,1.269
2,26,3,1.249
2,26,4,1.469
2,26,5,1.711
2,26,6,2.276
2,26,7,2.438
2,26,8,2.529
2,26,9,2.694
2,26,10,2.756
2,26,11,2.752
2,26,12,2.531
2,26,13,2.362
2,26,14,2.241
2,26,15,2.217
2,26,16,2.482
2,26,17,3.255
2,26,18,3.533
2,26,19,2.905
2,26,20,2.531
2,26,21,2.4
2,26,22,2.175
2,26,23,2.004
2,27,0,2.137
2,27,1,1.847
2,27,2,1.666
2,27,3,1.608
2,27,4,1.667
2,27,5,1.735
2,27,6,1.731
2,27,7,1.836
2,27,8,2.149
2,27,9,2.426
2,27,10,2.469
2,27,11,2.253
2,27,12,1.943
2,27,13,1.776
2,27,14,1.773
2,27,15,1.722
2,27,16,2.087
2,27,17,2.714
2,27,18,3.058
2,27,19,2.732
2,27,20,2.527
2,27,21,2.068
2,27,22,1.761
2,27,23,1.688
2,28,0,1.595
2,28,1,1.433
2,28,2,1.208
2,28,3,1.154
2,28,4,1.172
2,28,5,1.2
2,28,6,0.982
2,28,7,1.009
2,28,8,1.346
2,28,9,1.744
2,28,10,1.784
2,28,11,1.783
2,28,12,1.6
2,28,13,1.381
2,28,14,1.269
2,28,15,1.266
2,28,16,1.445
2,28,17,2.14
2,28,18,2.634
2,28,19,2.137
2,28,20,1.827
2,28,21,1.627
2,28,22,1.433
2,28,23,1.291
2,29,0,1.208
2,29,1,1.127
2,29,2,0.95
2,29,3,0.893
2,29,4,1.006
2,29,5,1.257
2,29,6,1.538
2,29,7,1.732
2,29,8,1.848
2,29,9,2.077
2,29,10,2.167
2,29,11,2.103
2,29,12,2.045
2,29,13,1.95
2,29,14,1.876
2,29,15,1.928
2,29,16,2.111
2,29,17,2.522
2,29,18,2.884
2,29,19,2.629
2,29,20,2.38
2,29,21,1.958
2,29,22,1.681
2,29,23,1.443
3,1,0,1.285
3,1,1,1.047
3,1,2,0.963
3,1,3,0.948
3,1,4,1.055
3,1,5,1.507
3,1,6,2.119
3,1,7,2.331
3,1,8,2.475
3,1,9,2.541
3,1,10,2.569
3,1,11,2.444
3,1,12,2.398
3,1,13,2.325
3,1,14,2.255
3,1,15,2.236
3,1,16,2.377
3,1,17,2.848
3,1,18,3.234
3,1,19,2.892
3,1,20,2.375
3,1,21,2.18
3,1,22,1.81
3,1,23,1.592
3,2,0,1.371
3,2,1,1.139
3,2,2,1.037
3,2,3,1.084
3,2,4,1.17
3,2,5,1.367
3,2,6,1.96
3,2,7,1.838
3,2,8,2.004
3,2,9,2.029
3,2,10,2.146
3,2,11,2.115
3,2,12,1.964
3,2,13,1.873
3,2,14,1.835
3,2,15,1.815
3,2,16,2.074
3,2,17,2.477
3,2,18,3.08
3,2,19,2.648
3,2,20,2.316
3,2,21,2.032
3,2,22,1.824
3,2,23,1.696
3,3,0,2.301
3,3,1,2.067
3,3,2,1.884
3,3,3,1.879
3,3,4,1.971
3,3,5,2.324
3,3,6,2.982
3,3,7,3.027
3,3,8,3.037
3,3,9,2.99
3,3,10,3.139
3,3,11,2.962
3,3,12,2.68
3,3,13,2.538
3,3,14,2.494
3,3,15,2.479
3,3,16,2.582
3,3,17,3.195
3,3,18,4.531
3,3,19,3.858
3,3,20,3.14
3,3,21,2.741
3,3,22,2.395
3,3,23,2.193
3,4,0,2.579
3,4,1,2.433
3,4,2,2.339
3,4,3,2.34
3,4,4,2.383
3,4,5,2.738
3,4,6,3.531
3,4,7,3.289
3,4,8,3.688
3,4,9,3.545
3,4,10,3.605
3,4,11,3.341
3,4,12,2.893
3,4,13,2.596
3,4,14,2.529
3,4,15,2.48
3,4,16,2.626
3,4,17,3.029
3,4,18,4.053
3,4,19,3.149
3,4,20,2.939
3,4,21,2.777
3,4,22,2.466
3,4,23,2.362
3,5,0,2.166
3,5,1,2.294
3,5,2,2.254
3,5,3,2.099
3,5,4,2.014
3,5,5,2.193
3,5,6,2.171
3,5,7,2.165
3,5,8,2.406
3,5,9,2.863
3,5,10,2.84
3,5,11,2.633
3,5,12,2.498
3,5,13,2.188
3,5,14,1.997
3,5,15,2.014
3,5,16,2.185
3,5,17,2.902
3,5,18,3.666
3,5,19,3.103
3,5,20,2.631
3,5,21,2.445
3,5,22,2.186
3,5,23,2.086
3,6,0,2.092
3,6,1,1.953
3,6,2,1.803
3,6,3,1.803
3,6,4,1.817
3,6,5,1.802
3,6,6,1.646
3,6,7,1.504
3,6,8,1.95
3,6,9,2.355
3,6,10,2.695
3,6,11,2.61
3,6,12,2.469
3,6,13,2.289
3,6,14,2.192
3,6,15,2.157
3,6,16,2.402
3,6,17,2.408
3,6,18,3.141
3,6,19,2.724
3,6,20,2.3
3,6,21,1.95
3,6,22,1.884
3,6,23,1.776
3,7,0,1.885
3,7,1,1.754
3,7,2,1.518
3,7,3,1.506
3,7,4,1.611
3,7,5,1.799
3,7,6,2.306
3,7,7,2.625
3,7,8,2.632
3,7,9,2.601
3,7,10,2.67
3,7,11,2.44
3,7,12,2.045
3,7,13,1.88
3,7,14,1.801
3,7,15,1.719
3,7,16,1.977
3,7,17,2.881
3,7,18,3.417
3,7,19,2.834
3,7,20,2.371
3,7,21,2.041
3,7,22,1.717
3,7,23,1.587
3,8,0,1.553
3,8,1,1.336
3,8,2,1.221
3,8,3,1.215
3,8,4,1.338
3,8,5,1.514
3,8,6,2.048
3,8,7,2.202
3,8,8,2.188
3,8,9,2.265
3,8,10,2.351
3,8,11,2.272
3,8,12,2.071
3,8,13,1.943
3,8,14,1.843
3,8,15,1.913
3,8,16,2.082
3,8,17,2.6
3,8,18,3.538
3,8,19,2.625
3,8,20,2.12
3,8,21,1.954
3,8,22,1.537
3,8,23,1.433
3,9,0,1.3
3,9,1,0.993
3,9,2,0.924
3,9,3,0.922
3,9,4,0.972
3,9,5,1.471
3,9,6,1.959
3,9,7,2.147
3,9,8,2.026
3,9,9,2.185
3,9,10,2.233
3,9,11,2.251
3,9,12,2.23
3,9,13,2.105
3,9,14,1.869
3,9,15,1.998
3,9,16,2.221
3,9,17,2.611
3,9,18,3.76
3,9,19,2.835
3,9,20,2.225
3,9,21,1.772
3,9,22,1.553
3,9,23,1.369
3,10,0,1.177
3,10,1,1.118
3,10,2,0.906
3,10,3,0.93
3,10,4,0.975
3,10,5,1.26
3,10,6,1.767
3,10,7,1.881
3,10,8,1.867
3,10,9,1.991
3,10,10,2.181
3,10,11,2.133
3,10,12,2.129
3,10,13,2.022
3,10,14,1.968
3,10,15,2.051
3,10,16,2.289
3,10,17,2.448
3,10,18,3.189
3,10,19,2.592
3,10,20,2.035
3,10,21,1.804
3,10,22,1.534
3,10,23,1.378
3,11,0,1.022
3,11,1,0.904
3,11,2,0.804
3,11,3,0.755
3,11,4,0.843
3,11,5,0.939
3,11,6,1.711
3,11,7,1.723
3,11,8,1.691
3,11,9,1.795
3,11,10,1.915
3,11,11,1.858
3,11,12,1.845
3,11,13,1.728
3,11,14,1.589
3,11,15,1.64
3,11,16,1.726
3,11,17,2.079
3,11,18,2.812
3,11,19,2.337
3,11,20,1.905
3,11,21,1.583
3,11,22,1.322
3,11,23,1.277
3,12,0,1.27
3,12,1,1.256
3,12,2,1.037
3,12,3,0.918
3,12,4,1.003
3,12,5,1.088
3,12,6,1.106
3,12,7,1.18
3,12,8,1.694
3,12,9,1.78
3,12,10,1.799
3,12,11,1.856
3,12,12,1.815
3,12,13,1.512
3,12,14,1.263
3,12,15,1.317
3,12,16,1.548
3,12,17,1.989
3,12,18,2.836
3,12,19,2.471
3,12,20,2.192
3,12,21,1.854
3,12,22,1.402
3,12,23,1.1
3,13,0,1.364
3,13,1,0.906
3,13,3,0.789
3,13,4,0.719
3,13,5,0.73
3,13,6,0.744
3,13,7,1.044
3,13,8,1.282
3,13,9,1.693
3,13,10,1.779
3,13,11,1.796
3,13,12,1.856
3,13,13,1.724
3,13,14,1.512
3,13,15,1.35
3,13,16,1.41
3,13,17,1.809
3,13,18,2.454
3,13,19,3.235
3,13,20,2.53
3,13,21,2.194
3,13,22,1.659
3,13,23,1.452
3,14,0,1.557
3,14,1,1.394
3,14,2,1.253
3,14,3,1.163
3,14,4,1.408
3,14,5,1.625
3,14,6,2.122
3,14,7,2.636
3,14,8,2.577
3,14,9,2.721
3,14,10,2.965
3,14,11,2.959
3,14,12,2.936
3,14,13,2.739
3,14,14,2.564
3,14,15,2.559
3,14,16,2.637
3,14,17,2.816
3,14,18,3.358
3,14,19,3.873
3,14,20,2.847
3,14,21,2.459
3,14,22,1.898
3,14,23,1.684
3,15,0,1.322
3,15,1,1.106
3,15,2,0.959
3,15,3,0.941
3,15,4,1.029
3,15,5,1.123
3,15,6,2.12
3,15,7,2.302
3,15,8,2.135
3,15,9,2.387
3,15,10,2.467
3,15,11,2.361
3,15,12,2.167
3,15,13,2.044
3,15,14,1.978
3,15,15,1.983
3,15,16,2.028
3,15,17,2.129
3,15,18,2.421
3,15,19,3.011
3,15,20,2.492
3,15,21,1.968
3,15,22,1.607
3,15,23,1.509
3,16,0,1.459
3,16,1,1.412
3,16,2,1.089
3,16,3,0.963
3,16,4,1.007
3,16,5,1.344
3,16,6,2.0
3,16,7,2.287
3,16,8,2.14
3,16,9,2.206
3,16,10,2.253
3,16,11,2.179
3,16,12,2.148
3,16,13,1.988
3,16,14,1.958
3,16,15,1.879
3,16,16,1.992
3,16,17,2.265
3,16,18,2.538
3,16,19,3.016
3,16,20,2.578
3,16,21,2.043
3,16,22,1.538
3,16,23,1.501
3,17,0,1.685
3,17,1,1.285
3,17,2,1.218
3,17,3,1.116
3,17,4,1.22
3,17,5,1.367
3,17,6,2.153
3,17,7,2.453
3,17,8,2.23
3,17,9,2.317
3,17,10,2.342
3,17,11,2.326
3,17,12,2.25
3,17,13,2.177
3,17,14,2.06
3,17,15,2.068
3,17,16,2.144
3,17,17,2.334
3,17,18,2.634
3,17,19,3.098
3,17,20,2.494
3,17,21,2.11
3,17,22,1.72
3,17,23,1.572
3,18,0,1.66
3,18,1,1.29
3,18,2,1.166
3,18,3,1.148
3,18,4,1.172
3,18,5,1.483
3,18,6,2.046
3,18,7,2.444
3,18,8,2.483
3,18,9,2.487
3,18,10,2.547
3,18,11,2.495
3,18,12,2.405
3,18,13,2.335
3,18,14,2.257
3,18,15,2.237
3,18,16,2.251
3,18,17,2.436
3,18,18,2.677
3,18,19,3.218
3,18,20,2.645
3,18,21,2.251
3,18,22,1.95
3,18,23,1.79
3,19,0,1.91
3,19,1,1.793
3,19,2,1.535
3,19,3,1.445
3,19,4,1.485
3,19,5,1.6
3,19,6,1.999
3,19,7,2.143
3,19,8,2.37
3,19,9,2.557
3,19,10,2.721
3,19,11,2.636
3,19,12,2.2
3,19,13,1.956
3,19,14,1.874
3,19,15,1.85
3,19,16,1.952
3,19,17,2.232
3,19,18,2.712
3,19,19,2.993
3,19,20,2.86
3,19,21,2.519
3,19,22,2.075
3,19,23,1.859
3,20,0,2.506
3,20,1,2.291
3,20,2,2.047
3,20,3,1.897
3,20,4,1.871
3,20,5,1.989
3,20,6,2.26
3,20,7,2.124
3,20,8,2.319
3,20,9,2.697
3,20,10,2.762
3,20,11,2.743
3,20,12,2.71
3,20,13,2.458
3,20,14,2.333
3,20,15,2.312
3,20,16,2.51
3,20,17,2.942
3,20,18,3.612
3,20,19,3.885
3,20,20,3.681
3,20,21,2.943
3,20,22,2.498
3,20,23,2.343
3,21,0,2.208
3,21,1,1.907
3,21,2,1.77
3,21,3,1.733
3,21,4,1.839
3,21,5,2.066
3,21,6,3.511
3,21,7,3.636
3,21,8,3.703
3,21,9,3.815
3,21,10,3.761
3,21,11,3.725
3,21,12,3.639
3,21,13,3.581
3,21,14,3.476
3,21,15,3.482
3,21,16,3.516
3,21,17,3.629
3,21,18,3.84
3,21,19,4.83
3,21,20,3.846
3,21,21,3.572
3,21,22,2.655
3,21,23,2.208
3,22,0,1.92
3,22,1,1.682
3,22,2,1.486
3,22,3,1.504
3,22,4,1.581
3,22,5,1.902
3,22,6,3.276
3,22,7,3.38
3,22,8,3.426
3,22,9,3.47
3,22,10,3.056
3,22,11,2.783
3,22,12,2.705
3,22,13,2.542
3,22,14,2.449
3,22,15,2.484
3,22,16,2.555
3,22,17,2.899
3,22,18,3.128
3,22,19,3.748
3,22,20,3.129
3,22,21,2.597
3,22,22,1.849
3,22,23,1.587
3,23,0,1.75
3,23,1,1.52
3,23,2,1.463
3,23,3,1.4
3,23,4,1.487
3,23,5,1.476
3,23,6,2.004
3,23,7,2.12
3,23,8,2.143
3,23,9,2.314
3,23,10,2.125
3,23,11,2.047
3,23,12,2.0
3,23,13,1.85
3,23,14,1.826
3,23,15,1.844
3,23,16,1.84
3,23,17,2.118
3,23,18,2.432
3,23,19,2.572
3,23,20,2.319
3,23,21,2.111
3,23,22,1.6
3,23,23,1.361
3,24,0,0.992
3,24,1,0.945
3,24,2,0.739
3,24,3,0.802
3,24,4,0.825
3,24,5,1.012
3,24,6,1.714
3,24,7,2.081
3,24,8,2.396
3,24,9,2.404
3,24,10,2.24
3,24,11,2.153
3,24,12,2.106
3,24,13,1.878
3,24,14,1.873
3,24,15,1.851
3,24,16,2.001
3,24,17,2.329
3,24,18,2.552
3,24,19,2.738
3,24,20,2.515
3,24,21,2.046
3,24,22,1.618
3,24,23,1.368
3,25,0,1.289
3,25,1,1.132
3,25,2,1.045
3,25,3,0.916
3,25,4,1.017
3,25,5,1.248
3,25,6,1.759
3,25,7,2.001
3,25,8,2.103
3,25,9,2.161
3,25,10,2.292
3,25,11,2.281
3,25,12,2.126
3,25,13,2.104
3,25,14,1.922
3,25,15,1.93
3,25,16,2.0
3,25,17,2.124
3,25,18,2.214
3,25,19,2.417
3,25,20,2.219
3,25,21,1.857
3,25,22,1.541
3,25,23,1.333
3,26,0,1.448
3,26,1,1.378
3,26,2,1.18
3,26,3,0.969
3,26,4,1.017
3,26,5,0.974
3,26,6,1.169
3,26,7,1.501
3,26,8,1.613
3,26,9,1.863
3,26,10,1.857
3,26,11,1.828
3,26,12,1.623
3,26,13,1.508
3,26,14,1.346
3,26,15,1.24
3,26,16,1.397
3,26,17,1.611
3,26,18,1.915
3,26,19,2.079
3,26,20,1.983
3,26,21,1.781
3,26,22,1.466
3,26,23,1.318
3,27,0,1.783
3,27,1,1.542
3,27,2,1.38
3,27,3,1.261
3,27,4,1.251
3,27,5,1.118
3,27,6,1.324
3,27,7,1.442
3,27,8,1.497
3,27,9,1.778
3,27,10,1.761
3,27,11,1.724
3,27,12,1.792
3,27,13,1.543
3,27,14,1.359
3,27,15,1.373
3,27,16,1.498
3,27,17,1.689
3,27,18,1.984
3,27,19,2.407
3,27,20,2.34
3,27,21,1.979
3,27,22,1.634
3,27,23,1.476
3,28,0,1.387
3,28,1,1.249
3,28,2,1.096
3,28,3,1.103
3,28,4,1.086
3,28,5,1.233
3,28,6,1.759
3,28,7,1.982
3,28,8,2.072
3,28,9,2.363
3,28,10,2.403
3,28,11,2.381
3,28,12,2.357
3,28,13,2.213
3,28,14,2.127
3,28,15,2.071
3,28,16,2.206
3,28,17,2.299
3,28,18,2.41
3,28,19,2.8
3,28,20,2.541
3,28,21,2.128
3,28,22,1.909
3,28,23,1.546
3,29,0,1.337
3,29,1,1.047
3,29,2,1.0
3,29,3,0.987
3,29,4,0.95
3,29,5,1.206
3,29,6,1.978
3,29,7,2.365
3,29,8,2.408
3,29,9,2.456
3,29,10,2.525
3,29,11,2.504
3,29,12,2.454
3,29,13,2.317
3,29,14,2.151
3,29,15,2.183
3,29,16,1.974
3,29,17,1.989
3,29,18,2.171
3,29,19,2.519
3,29,20,2.305
3,29,21,2.001
3,29,22,1.74
3,29,23,1.477
3,30,0,1.507
3,30,1,1.167
3,30,2,0.986
3,30,3,1.059
3,30,4,1.272
3,30,5,1.654
3,30,6,2.305
3,30,7,2.618
3,30,8,2.582
3,30,9,2.642
3,30,10,2.545
3,30,11,2.501
3,30,12,2.209
3,30,13,2.15
3,30,14,2.026
3,30,15,1.968
3,30,16,2.095
3,30,17,2.4
3,30,18,2.5
3,30,19,2.963
3,30,20,2.752
3,30,21,2.297
3,30,22,1.755
3,30,23,1.64
3,31,0,1.651
3,31,1,1.514
3,31,2,1.358
3,31,3,1.327
3,31,4,1.496
3,31,5,1.688
3,31,6,2.268
3,31,7,2.602
3,31,8,2.581
3,31,9,2.766
3,31,10,2.794
3,31,11,2.849
3,31,12,2.872
3,31,13,2.795
3,31,14,2.808
3,31,15,2.772
3,31,16,2.784
3,31,17,2.771
3,31,18,2.627
3,31,19,2.834
3,31,20,2.723
3,31,21,2.328
3,31,22,1.921
3,31,23,1.687
4,1,0,1.336
4,1,1,1.108
4,1,2,1.002
4,1,3,1.021
4,1,4,1.112
4,1,5,1.208
4,1,6,1.864
4,1,7,2.158
4,1,8,2.308
4,1,9,2.43
4,1,10,2.458
4,1,11,2.449
4,1,12,2.606
4,1,13,2.493
4,1,14,2.288
4,1,15,2.229
4,1,16,2.29
4,1,17,2.237
4,1,18,2.242
4,1,19,2.509
4,1,20,2.437
4,1,21,2.067
4,1,22,1.509
4,1,23,1.458
4,2,0,2.112
4,2,1,1.731
4,2,2,1.5
4,2,3,1.479
4,2,4,1.489
4,2,5,1.467
4,2,6,1.539
4,2,7,1.672
4,2,8,2.119
4,2,9,2.501
4,2,10,2.548
4,2,11,2.689
4,2,12,2.569
4,2,13,2.414
4,2,14,2.211
4,2,15,2.146
4,2,16,2.186
4,2,17,2.3
4,2,18,2.294
4,2,19,2.872
4,2,20,2.722
4,2,21,2.286
4,2,22,1.985
4,2,23,1.816
4,3,0,2.162
4,3,1,1.806
4,3,2,1.713
4,3,3,1.706
4,3,4,1.71
4,3,5,1.679
4,3,6,1.815
4,3,7,1.925
4,3,8,2.26
4,3,9,2.792
4,3,10,2.933
4,3,11,3.051
4,3,12,2.89
4,3,13,2.569
4,3,14,2.404
4,3,15,2.199
4,3,16,2.41
4,3,17,2.518
4,3,18,2.882
4,3,19,3.547
4,3,20,3.858
4,3,21,3.065
4,3,22,2.434
4,3,23,2.145
4,4,0,2.253
4,4,1,2.009
4,4,2,1.997
4,4,3,1.983
4,4,4,2.104
4,4,5,2.238
4,4,6,3.13
4,4,7,3.278
4,4,8,3.73
4,4,9,3.971
4,4,10,3.733
4,4,11,3.746
4,4,12,3.744
4,4,13,3.528
4,4,14,3.428
4,4,15,3.245
4,4,16,3.249
4,4,17,3.34
4,4,18,3.417
4,4,19,3.977
4,4,20,3.758
4,4,21,3.14
4,4,22,2.666
4,4,23,2.463
4,5,0,2.516
4,5,1,2.317
4,5,2,2.228
4,5,3,2.239
4,5,4,2.352
4,5,5,2.676
4,5,6,3.913
4,5,7,3.799
4,5,8,3.699
4,5,9,4.003
4,5,10,4.057
4,5,11,3.655
4,5,12,3.6
4,5,13,3.318
4,5,14,2.969
4,5,15,2.91
4,5,16,2.924
4,5,17,3.239
4,5,18,3.519
4,5,19,4.011
4,5,20,4.203
4,5,21,3.421
4,5,22,2.558
4,5,23,2.498
4,6,0,3.158
4,6,1,2.889
4,6,2,2.887
4,6,3,2.778
4,6,4,2.905
4,6,5,3.352
4,6,6,4.397
4,6,7,4.696
4,6,8,4.506
4,6,9,4.79
4,6,10,4.061
4,6,11,3.91
4,6,12,3.765
4,6,13,3.646
4,6,14,3.462
4,6,15,3.37
4,6,16,3.384
4,6,17,3.496
4,6,18,3.567
4,6,19,3.876
4,6,20,4.331
4,6,21,3.508
4,6,22,2.964
4,6,23,2.961
4,7,0,2.786
4,7,1,2.599
4,7,2,2.475
4,7,3,2.473
4,7,4,2.478
4,7,5,2.588
4,7,6,3.395
4,7,7,3.633
4,7,8,3.592
4,7,9,3.776
4,7,10,3.331
4,7,11,3.256
4,7,12,3.174
4,7,13,3.016
4,7,14,2.862
4,7,15,2.875
4,7,16,2.711
4,7,17,2.959
4,7,18,2.867
4,7,19,3.102
4,7,20,3.385
4,7,21,2.658
4,7,22,2.361
4,7,23,2.269
4,8,0,2.24
4,8,1,2.091
4,8,2,1.985
4,8,3,1.984
4,8,4,1.992
4,8,5,2.232
4,8,6,2.781
4,8,7,2.965
4,8,8,2.955
4,8,9,3.073
4,8,10,3.059
4,8,11,3.056
4,8,12,2.932
4,8,13,2.87
4,8,14,2.685
4,8,15,2.674
4,8,16,2.629
4,8,17,2.736
4,8,18,2.724
4,8,19,3.034
4,8,20,3.16
4,8,21,2.614
4,8,22,2.302
4,8,23,2.27
4,9,0,2.686
4,9,1,2.486
4,9,2,2.405
4,9,3,2.407
4,9,4,2.382
4,9,5,2.422
4,9,6,2.472
4,9,7,2.51
4,9,8,2.521
4,9,9,2.945
4,9,10,3.132
4,9,11,3.128
4,9,12,2.919
4,9,13,2.72
4,9,14,2.597
4,9,15,2.586
4,9,16,2.547
4,9,17,2.592
4,9,18,3.0
4,9,19,3.351
4,9,20,3.58
4,9,21,2.972
4,9,22,2.547
4,9,23,2.51
4,10,0,3.408
4,10,1,3.014
4,10,2,2.799
4,10,3,2.775
4,10,4,2.735
4,10,5,2.624
4,10,6,2.318
4,10,7,2.443
4,10,8,2.525
4,10,9,2.7
4,10,10,2.826
4,10,11,2.817
4,10,12,2.768
4,10,13,2.518
4,10,14,2.494
4,10,15,2.475
4,10,16,2.474
4,10,17,2.49
4,10,18,2.877
4,10,19,3.202
4,10,20,3.805
4,10,21,3.363
4,10,22,2.779
4,10,23,2.831
4,11,0,2.926
4,11,1,2.779
4,11,2,2.625
4,11,3,2.61
4,11,4,2.668
4,11,5,2.778
4,11,6,3.377
4,11,7,3.55
4,11,8,3.662
4,11,9,3.765
4,11,10,3.847
4,11,11,3.918
4,11,12,3.933
4,11,13,3.681
4,11,14,3.608
4,11,15,3.543
4,11,16,3.524
4,11,17,3.588
4,11,18,3.619
4,11,19,3.751
4,11,20,4.241
4,11,21,3.355
4,11,22,2.692
4,11,23,2.619
4,12,0,2.448
4,12,1,2.368
4,12,2,2.249
4,12,3,2.241
4,12,4,2.284
4,12,5,2.457
4,12,6,3.122
4,12,7,3.228
4,12,8,3.544
4,12,9,3.668
4,12,10,3.436
4,12,11,3.428
4,12,12,3.288
4,12,13,3.124
4,12,14,2.959
4,12,15,2.981
4,12,16,2.867
4,12,17,3.021
4,12,18,3.19
4,12,19,3.548
4,12,20,3.791
4,12,21,2.9
4,12,22,2.475
4,12,23,2.416
4,13,0,2.355
4,13,1,2.275
4,13,2,2.233
4,13,3,2.186
4,13,4,2.306
4,13,5,2.443
4,13,6,3.37
4,13,7,3.537
4,13,8,3.52
4,13,9,3.494
4,13,10,3.543
4,13,11,3.523
4,13,12,3.455
4,13,13,3.27
4,13,14,3.036
4,13,15,2.904
4,13,16,2.868
4,13,17,2.998
4,13,18,3.069
4,13,19,3.685
4,13,20,3.877
4,13,21,3.236
4,13,22,2.56
4,13,23,2.338
4,14,0,2.463
4,14,1,2.308
4,14,2,2.231
4,14,3,2.307
4,14,4,2.338
4,14,5,2.504
4,14,6,3.635
4,14,7,3.464
4,14,8,3.539
4,14,9,3.619
4,14,10,3.686
4,14,11,3.442
4,14,12,3.122
4,14,13,3.012
4,14,14,2.892
4,14,15,2.738
4,14,16,2.736
4,14,17,2.743
4,14,18,2.711
4,14,19,3.184
4,14,20,3.648
4,14,21,3.041
4,14,22,2.573
4,14,23,2.442
4,15,0,2.39
4,15,1,2.278
4,15,2,2.204
4,15,3,2.199
4,15,4,2.286
4,15,5,2.515
4,15,6,3.471
4,15,7,3.453
4,15,8,3.376
4,15,9,3.389
4,15,10,3.403
4,15,11,3.181
4,15,12,3.018
4,15,13,2.872
4,15,14,2.805
4,15,15,2.722
4,15,16,2.7
4,15,17,2.72
4,15,18,2.736
4,15,19,3.096
4,15,20,3.585
4,15,21,3.05
4,15,22,2.663
4,15,23,2.582
4,16,0,2.639
4,16,1,2.508
4,16,2,2.326
4,16,3,2.268
4,16,4,2.263
4,16,5,2.354
4,16,6,2.284
4,16,7,2.318
4,16,8,2.775
4,16,9,2.957
4,16,10,2.918
4,16,11,2.858
4,16,12,2.724
4,16,13,2.488
4,16,14,2.373
4,16,15,2.328
4,16,16,2.434
4,16,17,2.391
4,16,18,2.425
4,16,19,2.847
4,16,20,3.129
4,16,21,2.897
4,16,22,2.292
4,16,23,2.244
4,17,0,2.187
4,17,1,2.216
4,17,2,2.074
4,17,3,1.992
4,17,4,1.9
4,17,5,1.861
4,17,6,1.835
4,17,7,1.757
4,17,8,2.209
4,17,9,2.487
4,17,10,2.586
4,17,11,2.461
4,17,12,2.257
4,17,13,2.141
4,17,14,2.081
4,17,15,2.167
4,17,16,2.243
4,17,17,2.5
4,17,18,2.717
4,17,19,3.323
4,17,20,3.799
4,17,21,3.103
4,17,22,2.463
4,17,23,2.122
4,18,0,2.259
4,18,1,2.093
4,18,2,2.076
4,18,3,2.013
4,18,4,2.011
4,18,5,2.277
4,18,6,3.019
4,18,7,3.157
4,18,8,3.288
4,18,9,3.292
4,18,10,3.469
4,18,11,3.412
4,18,12,3.386
4,18,13,3.297
4,18,14,3.223
4,18,15,3.284
4,18,16,3.451
4,18,17,3.449
4,18,18,3.149
4,18,19,3.636
4,18,20,3.984
4,18,21,3.182
4,18,22,2.544
4,18,23,2.313
4,19,0,2.484
4,19,1,2.205
4,19,2,2.277
4,19,3,2.109
4,19,4,2.139
4,19,5,2.468
4,19,6,3.203
4,19,7,3.446
4,19,8,3.665
4,19,9,3.606
4,19,10,3.988
4,19,11,4.101
4,19,12,3.712
4,19,13,3.584
4,19,14,3.538
4,19,15,3.439
4,19,16,3.156
4,19,17,3.117
4,19,18,3.071
4,19,19,3.415
4,19,20,3.696
4,19,21,3.22
4,19,22,2.814
4,19,23,2.455
4,20,0,2.258
4,20,1,2.149
4,20,2,2.04
4,20,3,2.04
4,20,4,2.086
4,20,5,2.28
4,20,6,2.896
4,20,7,3.191
4,20,8,3.356
4,20,9,3.544
4,20,10,3.944
4,20,11,4.029
4,20,12,3.79
4,20,13,3.552
4,20,14,3.428
4,20,15,3.336
4,20,16,3.238
4,20,17,3.229
4,20,18,3.151
4,20,19,3.49
4,20,20,3.937
4,20,21,3.083
4,20,22,2.612
4,20,23,2.305
4,21,0,2.147
4,21,1,2.029
4,21,2,1.818
4,21,3,1.908
4,21,4,1.932
4,21,5,2.124
4,21,6,2.885
4,21,7,3.089
4,21,8,3.42
4,21,9,3.519
4,21,10,3.897
4,21,11,3.921
4,21,12,3.907
4,21,13,3.902
4,21,14,3.798
4,21,15,3.911
4,21,16,3.911
4,21,17,3.82
4,21,18,3.341
4,21,19,3.636
4,21,20,4.415
4,21,21,3.248
4,21,22,2.677
4,21,23,2.41
4,22,0,2.083
4,22,1,1.959
4,22,2,1.886
4,22,3,1.741
4,22,4,1.798
4,22,5,1.941
4,22,6,2.675
4,22,7,2.868
4,22,8,3.428
4,22,9,3.609
4,22,10,4.329
4,22,11,4.4
4,22,12,4.444
4,22,13,4.64
4,22,14,4.448
4,22,15,4.7
4,22,16,4.764
4,22,17,4.351
4,22,18,3.56
4,22,19,3.638
4,22,20,4.001
4,22,21,3.256
4,22,22,2.732
4,22,23,2.512
4,23,0,2.382
4,23,1,2.264
4,23,2,2.154
4,23,3,2.027
4,23,4,2.015
4,23,5,2.173
4,23,6,2.463
4,23,7,2.473
4,23,8,2.8
4,23,9,3.154
4,23,10,3.229
4,23,11,2.963
4,23,12,2.846
4,23,13,2.711
4,23,14,2.614
4,23,15,2.627
4,23,16,2.673
4,23,17,2.679
4,23,18,2.654
4,23,19,3.163
4,23,20,3.71
4,23,21,3.205
4,23,22,2.652
4,23,23,2.438
4,24,0,2.605
4,24,1,2.479
4,24,2,2.222
4,24,3,2.231
4,24,4,2.099
4,24,5,2.228
4,24,6,2.191
4,24,7,2.289
4,24,8,2.578
4,24,9,2.748
4,24,10,3.091
4,24,11,2.869
4,24,12,2.804
4,24,13,2.717
4,24,14,2.624
4,24,15,2.684
4,24,16,2.734
4,24,17,2.8
4,24,18,2.825
4,24,19,3.312
4,24,20,4.405
4,24,21,3.562
4,24,22,2.875
4,24,23,2.763
4,25,0,2.527
4,25,1,1.946
4,25,2,1.784
4,25,3,1.738
4,25,4,1.768
4,25,5,2.112
4,25,6,2.96
4,25,7,3.163
4,25,8,3.355
4,25,9,3.566
4,25,10,4.003
4,25,11,4.026
4,25,12,4.079
4,25,13,4.223
4,25,14,4.237
4,25,15,4.242
4,25,16,4.4
4,25,17,4.2
4,25,18,3.834
4,25,19,3.835
4,25,20,4.775
4,25,21,3.462
4,25,22,2.676
4,25,23,2.498
4,26,0,2.309
4,26,1,2.178
4,26,2,2.098
4,26,3,2.013
4,26,4,2.098
4,26,5,2.206
4,26,6,2.985
4,26,7,3.384
4,26,8,3.773
4,26,9,3.914
4,26,10,4.222
4,26,11,4.301
4,26,12,4.225
4,26,13,4.312
4,26,14,4.113
4,26,15,4.501
4,26,16,4.381
4,26,17,4.067
4,26,18,3.554
4,26,19,3.827
4,26,20,4.67
4,26,21,3.45
4,26,22,2.62
4,26,23,2.42
4,27,0,2.231
4,27,1,2.145
4,27,2,2.06
4,27,3,2.021
4,27,4,2.099
4,27,5,2.191
4,27,6,3.041
4,27,7,3.373
4,27,8,3.533
4,27,9,3.693
4,27,10,3.965
4,27,11,3.966
4,27,12,3.77
4,27,13,3.741
4,27,14,3.578
4,27,15,3.654
4,27,16,3.774
4,27,17,3.604
4,27,18,3.367
4,27,19,3.686
4,27,20,4.356
4,27,21,3.227
4,27,22,2.692
4,27,23,2.248
4,28,0,2.013
4,28,1,1.97
4,28,2,1.912
4,28,3,1.875
4,28,4,1.856
4,28,5,1.921
4,28,6,2.901
4,28,7,3.008
4,28,8,3.113
4,28,9,3.288
4,28,10,3.424
4,28,11,3.377
4,28,12,3.297
4,28,13,3.011
4,28,14,2.948
4,28,15,3.034
4,28,16,3.038
4,28,17,2.949
4,28,18,2.945
4,28,19,3.006
4,28,20,3.572
4,28,21,2.799
4,28,22,2.288
4,28,23,2.156
4,29,0,1.829
4,29,1,1.759
4,29,2,1.727
4,29,3,1.644
4,29,4,1.666
4,29,5,1.871
4,29,6,2.613
4,29,7,2.763
4,29,8,2.946
4,29,9,2.95
4,29,10,3.165
4,29,11,3.014
4,29,12,2.931
4,29,13,2.9
4,29,14,2.843
4,29,15,3.039
4,29,16,3.035
4,29,17,3.002
4,29,18,2.866
4,29,19,2.905
4,29,20,3.465
4,29,21,2.811
4,29,22,2.237
4,29,23,2.22
4,30,0,2.012
4,30,1,1.98
4,30,2,1.872
4,30,3,1.842
4,30,4,1.756
4,30,5,1.888
4,30,6,1.855
4,30,7,1.955
4,30,8,2.224
4,30,9,2.422
4,30,10,2.596
4,30,11,2.333
4,30,12,2.254
4,30,13,2.172
4,30,14,2.083
4,30,15,2.075
4,30,16,2.101
4,30,17,2.103
4,30,18,2.115
4,30,19,2.375
4,30,20,3.225
4,30,21,2.376
4,30,22,1.994
4,30,23,1.96
5,1,0,2.141
5,1,1,2.108
5,1,2,1.838
5,1,3,1.767
5,1,4,1.769
5,1,5,1.775
5,1,6,1.853
5,1,7,1.827
5,1,8,2.209
5,1,9,2.396
5,1,10,2.551
5,1,11,2.521
5,1,12,2.496
5,1,13,2.404
5,1,14,2.366
5,1,15,2.428
5,1,16,2.609
5,1,17,2.6
5,1,18,2.647
5,1,19,2.759
5,1,20,3.323
5,1,21,2.801
5,1,22,2.21
5,1,23,2.11
5,2,0,1.964
5,2,1,1.629
5,2,2,1.415
5,2,3,1.398
5,2,4,1.532
5,2,5,1.799
5,2,6,2.611
5,2,7,2.881
5,2,8,3.173
5,2,9,3.17
5,2,10,3.402
5,2,11,3.402
5,2,12,3.297
5,2,13,3.261
5,2,14,3.118
5,2,15,3.226
5,2,16,3.288
5,2,17,3.357
5,2,18,3.117
5,2,19,3.251
5,2,20,3.392
5,2,21,2.825
5,2,22,2.236
5,2,23,2.069
5,3,0,1.965
5,3,1,1.772
5,3,2,1.666
5,3,3,1.586
5,3,4,1.677
5,3,5,1.948
5,3,6,2.576
5,3,7,2.78
5,3,8,3.008
5,3,9,3.13
5,3,10,3.317
5,3,11,3.426
5,3,12,3.25
5,3,13,3.143
5,3,14,2.9
5,3,15,2.9
5,3,16,2.926
5,3,17,2.838
5,3,18,2.764
5,3,19,2.87
5,3,20,3.456
5,3,21,2.65
5,3,22,2.26
5,3,23,2.038
5,4,0,2.087
5,4,1,1.969
5,4,2,1.83
5,4,3,1.769
5,4,4,1.842
5,4,5,2.153
5,4,6,2.638
5,4,7,2.72
5,4,8,3.081
5,4,9,3.068
5,4,10,3.348
5,4,11,3.389
5,4,12,3.217
5,4,13,3.178
5,4,14,3.109
5,4,15,3.104
5,4,16,3.158
5,4,17,3.024
5,4,18,2.858
5,4,19,2.9
5,4,20,3.345
5,4,21,2.77
5,4,22,2.396
5,4,23,2.302
5,5,0,2.094
5,5,1,2.009
5,5,2,1.859
5,5,3,1.823
5,5,4,1.772
5,5,5,2.1
5,5,6,2.752
5,5,7,2.64
5,5,8,3.04
5,5,9,2.91
5,5,10,3.216
5,5,11,3.21
5,5,12,3.129
5,5,13,3.215
5,5,14,3.129
5,5,15,3.248
5,5,16,3.185
5,5,17,3.05
5,5,18,2.816
5,5,19,2.826
5,5,20,3.167
5,5,21,2.664
5,5,22,2.399
5,5,23,2.214
5,6,0,2.182
5,6,1,2.073
5,6,2,1.866
5,6,3,1.758
5,6,4,1.749
5,6,5,2.065
5,6,6,2.562
5,6,7,2.553
5,6,8,2.79
5,6,9,2.899
5,6,10,3.112
5,6,11,3.063
5,6,12,3.216
5,6,13,3.185
5,6,14,2.987
5,6,15,3.176
5,6,16,3.185
5,6,17,3.012
5,6,18,2.756
5,6,19,2.747
5,6,20,3.057
5,6,21,2.758
5,6,22,2.301
5,6,23,2.157
5,7,0,2.108
5,7,1,1.896
5,7,2,1.796
5,7,3,1.71
5,7,4,1.666
5,7,5,1.768
5,7,6,1.82
5,7,7,1.931
5,7,8,2.125
5,7,9,2.312
5,7,10,2.435
5,7,11,2.345
5,7,12,2.299
5,7,13,2.298
5,7,14,2.134
5,7,15,2.206
5,7,16,2.326
5,7,17,2.304
5,7,18,2.292
5,7,19,2.497
5,7,20,2.726
5,7,21,2.587
5,7,22,2.073
5,7,23,1.927
5,8,0,1.91
5,8,1,1.804
5,8,2,1.555
5,8,3,1.519
5,8,4,1.458
5,8,5,1.475
5,8,6,1.543
5,8,7,1.605
5,8,8,1.946
5,8,9,2.077
5,8,10,2.171
5,8,11,2.221
5,8,12,2.221
5,8,13,2.222
5,8,14,2.183
5,8,15,2.216
5,8,16,2.294
5,8,17,2.49
5,8,18,2.515
5,8,19,2.598
5,8,20,2.847
5,8,21,2.748
5,8,22,2.248
5,8,23,2.029
5,9,0,1.787
5,9,1,1.677
5,9,2,1.595
5,9,3,1.576
5,9,4,1.647
5,9,5,1.728
5,9,6,2.292
5,9,7,2.533
5,9,8,2.799
5,9,9,2.933
5,9,10,3.223
5,9,11,3.22
5,9,12,3.223
5,9,13,3.29
5,9,14,3.044
5,9,15,3.037
5,9,16,3.054
5,9,17,3.079
5,9,18,2.927
5,9,19,2.912
5,9,20,3.229
5,9,21,2.692
5,9,22,2.209
5,9,23,2.108
5,10,0,1.888
5,10,1,1.753
5,10,2,1.509
5,10,3,1.434
5,10,4,1.447
5,10,5,1.724
5,10,6,2.233
5,10,7,2.528
5,10,8,2.665
5,10,9,2.83
5,10,10,2.936
5,10,11,2.894
5,10,12,2.907
5,10,13,2.945
5,10,14,2.852
5,10,15,2.945
5,10,16,2.945
5,10,17,2.945
5,10,18,2.702
5,10,19,2.688
5,10,20,3.229
5,10,21,2.687
5,10,22,2.245
5,10,23,2.136
5,11,0,1.62
5,11,1,1.473
5,11,2,1.248
5,11,3,1.219
5,11,4,1.344
5,11,5,1.597
5,11,6,2.089
5,11,7,2.214
5,11,8,2.328
5,11,9,2.565
5,11,10,2.727
5,11,11,2.681
5,11,12,2.9
5,11,13,2.903
5,11,14,2.701
5,11,15,2.952
5,11,16,2.953
5,11,17,2.846
5,11,18,2.561
5,11,19,2.532
5,11,20,3.272
5,11,21,2.557
5,11,22,2.207
5,11,23,2.136
5,12,0,1.816
5,12,1,1.659
5,12,2,1.288
5,12,3,1.274
5,12,4,1.392
5,12,5,1.74
5,12,6,2.13
5,12,7,2.27
5,12,8,2.398
5,12,9,2.524
5,12,10,2.893
5,12,11,2.837
5,12,12,2.861
5,12,13,2.684
5,12,14,2.605
5,12,15,2.776
5,12,16,2.877
5,12,17,2.807
5,12,18,2.574
5,12,19,2.485
5,12,20,2.901
5,12,21,2.425
5,12,22,2.155
5,12,23,2.043
5,13,0,1.865
5,13,1,1.613
5,13,2,1.3
5,13,3,1.204
5,13,4,1.277
5,13,5,1.743
5,13,6,2.097
5,13,7,2.207
5,13,8,2.343
5,13,9,2.729
5,13,10,2.812
5,13,11,2.806
5,13,12,2.798
5,13,13,2.824
5,13,14,2.708
5,13,15,2.804
5,13,16,2.831
5,13,17,2.6
5,13,18,2.419
5,13,19,2.343
5,13,20,2.773
5,13,21,2.399
5,13,22,2.199
5,13,23,2.116
5,14,0,2.163
5,14,1,2.018
5,14,2,1.737
5,14,3,1.651
5,14,4,1.666
5,14,5,1.716
5,14,6,1.738
5,14,7,1.838
5,14,8,2.242
5,14,9,2.466
5,14,10,2.539
5,14,11,2.58
5,14,12,2.564
5,14,13,2.537
5,14,14,2.42
5,14,15,2.476
5,14,16,2.507
5,14,17,2.5
5,14,18,2.391
5,14,19,2.5
5,14,20,2.797
5,14,21,2.486
5,14,22,2.264
5,14,23,2.119
5,15,0,2.158
5,15,1,2.056
5,15,2,1.815
5,15,3,1.561
5,15,4,1.493
5,15,5,1.535
5,15,6,1.536
5,15,7,1.592
5,15,8,1.823
5,15,9,2.091
5,15,10,2.159
5,15,11,2.194
5,15,12,2.134
5,15,13,2.144
5,15,14,2.12
5,15,15,2.153
5,15,16,2.195
5,15,17,2.24
5,15,18,2.332
5,15,19,2.525
5,15,20,2.783
5,15,21,2.57
5,15,22,2.191
5,15,23,2.102
5,16,0,1.835
5,16,1,1.603
5,16,2,1.524
5,16,3,1.515
5,16,4,1.545
5,16,5,1.858
5,16,6,2.146
5,16,7,2.227
5,16,8,2.475
5,16,9,2.701
5,16,10,2.816
5,16,11,2.816
5,16,12,2.806
5,16,13,2.808
5,16,14,2.751
5,16,15,2.815
5,16,16,2.816
5,16,17,2.827
5,16,18,2.603
5,16,19,2.643
5,16,20,2.902
5,16,21,2.33
5,16,22,2.054
5,16,23,2.03
5,17,0,1.866
5,17,1,1.818
5,17,2,1.62
5,17,3,1.631
5,17,4,1.656
5,17,5,1.85
5,17,6,2.197
5,17,7,2.312
5,17,8,2.388
5,17,9,2.446
5,17,10,2.596
5,17,11,2.591
5,17,12,2.553
5,17,13,2.53
5,17,14,2.375
5,17,15,2.517
5,17,16,2.569
5,17,17,2.494
5,17,18,2.378
5,17,19,2.389
5,17,20,2.86
5,17,21,2.38
5,17,22,2.011
5,17,23,1.936
5,18,0,2.17
5,18,1,2.056
5,18,2,1.827
5,18,3,1.511
5,18,4,1.523
5,18,5,1.827
5,18,6,2.282
5,18,7,2.343
5,18,8,2.569
5,18,9,2.662
5,18,10,2.761
5,18,11,2.828
5,18,12,2.801
5,18,13,2.802
5,18,14,2.662
5,18,15,2.635
5,18,16,2.697
5,18,17,2.642
5,18,18,2.601
5,18,19,2.6
5,18,20,2.974
5,18,21,2.465
5,18,22,2.156
5,18,23,2.157
5,19,0,1.479
5,19,1,1.336
5,19,2,1.069
5,19,3,1.009
5,19,4,1.0
5,19,5,1.335
5,19,6,2.038
5,19,7,2.159
5,19,8,2.166
5,19,9,2.267
5,19,10,2.5
5,19,11,2.468
5,19,12,2.383
5,19,13,2.543
5,19,14,2.455
5,19,15,2.465
5,19,16,2.521
5,19,17,2.468
5,19,18,2.396
5,19,19,2.264
5,19,20,2.688
5,19,21,2.168
5,19,22,1.818
5,19,23,1.609
5,20,0,1.799
5,20,1,1.5
5,20,2,1.249
5,20,3,1.078
5,20,4,1.192
5,20,5,1.504
5,20,6,2.015
5,20,7,2.104
5,20,8,2.07
5,20,9,2.295
5,20,10,2.343
5,20,11,2.427
5,20,12,2.489
5,20,13,2.503
5,20,14,2.536
5,20,15,2.638
5,20,16,2.607
5,20,17,2.497
5,20,18,2.194
5,20,19,2.197
5,20,20,2.452
5,20,21,2.164
5,20,22,1.885
5,20,23,1.859
5,21,0,1.985
5,21,1,1.779
5,21,2,1.377
5,21,3,1.189
5,21,4,1.096
5,21,5,1.067
5,21,6,0.967
5,21,7,1.547
5,21,8,1.931
5,21,9,2.238
5,21,10,2.348
5,21,11,2.434
5,21,12,2.494
5,21,13,2.507
5,21,14,2.37
5,21,15,2.347
5,21,16,2.1
5,21,17,2.146
5,21,18,2.086
5,21,19,2.1
5,21,20,2.457
5,21,21,2.17
5,21,22,1.889
5,21,23,1.812
5,22,0,1.384
5,22,1,1.182
5,22,2,1.142
5,22,3,1.018
5,22,4,0.858
5,22,5,0.796
5,22,6,0.713
5,22,7,0.923
5,22,8,1.235
5,22,9,1.466
5,22,10,1.516
5,22,11,1.658
5,22,12,1.651
5,22,13,1.673
5,22,14,1.528
5,22,15,1.556
5,22,16,1.709
5,22,17,1.768
5,22,18,1.767
5,22,19,1.894
5,22,20,2.148
5,22,21,1.989
5,22,22,1.538
5,22,23,1.386
5,23,0,1.182
5,23,1,1.064
5,23,2,0.963
5,23,3,0.868
5,23,4,0.864
5,23,5,1.216
5,23,6,1.512
5,23,7,1.9
5,23,8,1.972
5,23,9,2.102
5,23,10,2.231
5,23,11,2.31
5,23,12,2.3
5,23,13,2.338
5,23,14,2.329
5,23,15,2.48
5,23,16,2.355
5,23,17,2.298
5,23,18,2.128
5,23,19,2.187
5,23,20,2.425
5,23,21,2.024
5,23,22,1.68
5,23,23,1.605
5,24,0,1.178
5,24,1,1.055
5,24,2,0.926
5,24,3,0.911
5,24,4,0.917
5,24,5,1.185
5,24,6,1.602
5,24,7,1.954
5,24,8,2.102
5,24,9,2.252
5,24,10,2.332
5,24,11,2.356
5,24,12,2.417
5,24,13,2.45
5,24,14,2.447
5,24,15,2.455
5,24,16,2.569
5,24,17,2.523
5,24,18,2.356
5,24,19,2.367
5,24,20,2.402
5,24,21,2.024
5,24,22,1.679
5,24,23,1.381
5,25,0,2.011
5,25,1,1.761
5,25,2,1.535
5,25,3,1.419
5,25,4,1.426
5,25,5,1.639
5,25,6,2.111
5,25,7,2.301
5,25,8,2.361
5,25,9,2.631
5,25,10,2.802
5,25,11,2.841
5,25,12,2.971
5,25,13,3.061
5,25,14,3.16
5,25,15,3.357
5,25,16,3.463
5,25,17,3.226
5,25,18,2.955
5,25,19,2.826
5,25,20,2.989
5,25,21,2.609
5,25,22,2.231
5,25,23,2.144
5,26,0,2.053
5,26,1,1.811
5,26,2,1.483
5,26,3,1.283
5,26,4,1.189
5,26,5,1.519
5,26,6,2.096
5,26,7,2.313
5,26,8,2.525
5,26,9,2.68
5,26,10,3.015
5,26,11,3.252
5,26,12,3.572
5,26,13,3.813
5,26,14,4.055
5,26,15,4.592
5,26,16,4.731
5,26,17,3.955
5,26,18,3.5
5,26,19,3.007
5,26,20,3.183
5,26,21,2.798
5,26,22,2.393
5,26,23,2.25
5,27,0,1.977
5,27,1,1.64
5,27,2,1.301
5,27,3,1.222
5,27,4,1.182
5,27,5,1.508
5,27,6,2.111
5,27,7,2.359
5,27,8,2.543
5,27,9,2.833
5,27,10,3.023
5,27,11,3.334
5,27,12,3.634
5,27,13,3.895
5,27,14,4.28
5,27,15,4.812
5,27,16,5.015
5,27,17,4.214
5,27,18,3.614
5,27,19,3.177
5,27,20,3.176
5,27,21,2.915
5,27,22,2.395
5,27,23,2.296
5,28,0,2.156
5,28,1,1.902
5,28,2,1.597
5,28,3,1.411
5,28,4,1.359
5,28,5,1.348
5,28,6,1.482
5,28,7,1.912
5,28,8,2.289
5,28,9,2.584
5,28,10,2.784
5,28,11,3.02
5,28,12,3.256
5,28,13,3.481
5,28,14,3.583
5,28,15,3.712
5,28,16,3.919
5,28,17,3.661
5,28,18,3.254
5,28,19,3.013
5,28,20,3.063
5,28,21,2.888
5,28,22,2.47
5,28,23,2.31
5,29,0,2.306
5,29,1,2.144
5,29,2,1.886
5,29,3,1.626
5,29,4,1.52
5,29,5,1.417
5,29,6,1.331
5,29,7,1.625
5,29,8,2.112
5,29,9,2.452
5,29,10,2.705
5,29,11,2.948
5,29,12,3.025
5,29,13,3.187
5,29,14,3.375
5,29,15,3.546
5,29,16,3.51
5,29,17,3.41
5,29,18,3.11
5,29,19,3.015
5,29,20,3.103
5,29,21,2.873
5,29,22,2.344
5,29,23,2.097
5,30,0,2.096
5,30,1,2.002
5,30,2,1.845
5,30,3,1.502
5,30,4,1.412
5,30,5,1.436
5,30,6,1.349
5,30,7,1.316
5,30,8,1.777
5,30,9,2.142
5,30,10,2.219
5,30,11,2.396
5,30,12,2.517
5,30,13,2.655
5,30,14,2.656
5,30,15,2.706
5,30,16,2.739
5,30,17,2.778
5,30,18,2.527
5,30,19,2.52
5,30,20,2.705
5,30,21,2.446
5,30,22,2.03
5,30,23,1.893
5,31,0,1.973
5,31,1,1.64
5,31,2,1.481
5,31,3,1.459
5,31,4,1.402
5,31,5,1.658
5,31,6,2.063
5,31,7,2.318
5,31,8,2.502
5,31,9,2.824
5,31,10,3.126
5,31,11,3.527
5,31,12,3.789
5,31,13,4.018
5,31,14,4.449
5,31,15,4.757
5,31,16,4.813
5,31,17,4.298
5,31,18,3.684
5,31,19,3.256
5,31,20,3.337
5,31,21,2.903
5,31,22,2.405
5,31,23,2.189
6,1,0,2.078
6,1,1,1.781
6,1,2,1.551
6,1,3,1.363
6,1,4,1.29
6,1,5,1.511
6,1,6,1.985
6,1,7,2.199
6,1,8,2.416
6,1,9,2.711
6,1,10,2.856
6,1,11,2.999
6,1,12,3.232
6,1,13,3.53
6,1,14,3.804
6,1,15,4.033
6,1,16,3.799
6,1,17,3.473
6,1,18,2.973
6,1,19,2.759
6,1,20,2.768
6,1,21,2.525
6,1,22,2.146
6,1,23,1.956
6,2,0,1.713
6,2,1,1.454
6,2,2,1.284
6,2,3,1.209
6,2,4,1.151
6,2,5,1.229
6,2,6,1.646
6,2,7,1.834
6,2,8,2.097
6,2,9,2.263
6,2,10,2.402
6,2,11,2.556
6,2,12,2.612
6,2,13,2.795
6,2,14,2.846
6,2,15,2.954
6,2,16,2.961
6,2,17,2.844
6,2,18,2.578
6,2,19,2.452
6,2,20,2.535
6,2,21,2.295
6,2,22,1.925
6,2,23,1.732
6,3,0,1.974
6,3,1,1.72
6,3,2,1.512
6,3,3,1.431
6,3,4,1.359
6,3,5,1.587
6,3,6,1.941
6,3,7,2.16
6,3,8,2.275
6,3,9,2.478
6,3,10,2.633
6,3,11,2.811
6,3,12,2.868
6,3,13,3.003
6,3,14,2.981
6,3,15,2.985
6,3,16,3.096
6,3,17,2.981
6,3,18,2.747
6,3,19,2.705
6,3,20,2.644
6,3,21,2.35
6,3,22,2.163
6,3,23,1.962
6,4,0,2.118
6,4,1,1.896
6,4,2,1.745
6,4,3,1.576
6,4,4,1.475
6,4,5,1.509
6,4,6,1.227
6,4,7,1.674
6,4,8,1.967
6,4,9,2.352
6,4,10,2.456
6,4,11,2.794
6,4,12,2.858
6,4,13,3.203
6,4,14,3.463
6,4,15,3.92
6,4,16,3.023
6,4,17,2.965
6,4,18,2.831
6,4,19,2.812
6,4,20,2.862
6,4,21,3.448
6,4,22,2.235
6,4,23,2.076
6,5,0,2.146
6,5,1,1.884
6,5,2,1.784
6,5,3,1.607
6,5,4,1.403
6,5,5,1.388
6,5,6,1.256
6,5,7,1.478
6,5,8,1.663
6,5,9,2.048
6,5,10,2.21
6,5,11,2.354
6,5,12,2.563
6,5,13,2.739
6,5,14,2.759
6,5,15,2.8
6,5,16,2.802
6,5,17,2.786
6,5,18,2.677
6,5,19,2.562
6,5,20,2.781
6,5,21,3.107
6,5,22,2.285
6,5,23,2.053
6,6,0,2.143
6,6,1,1.894
6,6,2,1.725
6,6,3,1.686
6,6,4,1.611
6,6,5,1.775
6,6,6,1.994
6,6,7,2.175
6,6,8,2.4
6,6,9,2.705
6,6,10,2.975
6,6,11,3.113
6,6,12,3.3
6,6,13,3.639
6,6,14,3.902
6,6,15,4.333
6,6,16,4.525
6,6,17,3.95
6,6,18,3.182
6,6,19,3.03
6,6,20,3.14
6,6,21,2.968
6,6,22,2.419
6,6,23,2.306
6,7,0,2.111
6,7,1,1.808
6,7,2,1.648
6,7,3,1.533
6,7,4,1.385
6,7,5,1.573
6,7,6,1.977
6,7,7,2.133
6,7,8,2.5
6,7,9,2.855
6,7,10,2.991
6,7,11,3.0
6,7,12,3.155
6,7,13,3.342
6,7,14,3.512
6,7,15,3.9
6,7,16,4.091
6,7,17,3.574
6,7,18,3.147
6,7,19,2.9
6,7,20,2.926
6,7,21,2.769
6,7,22,2.305
6,7,23,2.216
6,8,0,1.848
6,8,1,1.716
6,8,2,1.365
6,8,3,1.226
6,8,4,1.168
6,8,5,1.271
6,8,6,1.75
6,8,7,2.001
6,8,8,2.11
6,8,9,2.457
6,8,10,2.478
6,8,11,2.525
6,8,12,2.53
6,8,13,2.613
6,8,14,2.66
6,8,15,2.978
6,8,16,2.704
6,8,17,2.462
6,8,18,2.177
6,8,19,2.203
6,8,20,2.16
6,8,21,2.01
6,8,22,1.833
6,8,23,1.579
6,9,0,1.531
6,9,1,1.265
6,9,2,1.148
6,9,3,1.028
6,9,4,0.964
6,9,5,1.1
6,9,6,1.518
6,9,7,1.717
6,9,8,2.049
6,9,9,2.124
6,9,10,2.113
6,9,11,2.144
6,9,12,2.229
6,9,13,2.442
6,9,14,2.442
6,9,15,2.547
6,9,16,2.544
6,9,17,2.48
6,9,18,2.269
6,9,19,2.133
6,9,20,2.207
6,9,21,2.194
6,9,22,2.103
6,9,23,1.651
6,10,0,1.453
6,10,1,1.237
6,10,2,1.004
6,10,3,0.926
6,10,4,0.901
6,10,5,1.033
6,10,6,1.39
6,10,7,1.773
6,10,8,1.896
6,10,9,2.042
6,10,10,2.218
6,10,11,2.191
6,10,12,2.136
6,10,13,2.476
6,10,14,2.575
6,10,15,2.894
6,10,16,2.871
6,10,17,2.659
6,10,18,2.359
6,10,19,2.354
6,10,20,2.349
6,10,21,2.084
6,10,22,2.028
6,10,23,1.537
6,11,0,1.465
6,11,1,1.285
6,11,2,1.055
6,11,3,0.934
6,11,4,0.902
6,11,5,0.941
6,11,6,0.937
6,11,7,1.269
6,11,8,2.01
6,11,9,2.294
6,11,10,2.294
6,11,11,2.353
6,11,12,2.451
6,11,13,2.489
6,11,14,2.716
6,11,15,2.813
6,11,16,2.814
6,11,17,2.81
6,11,18,2.711
6,11,19,2.5
6,11,20,2.574
6,11,21,2.534
6,11,22,2.24
6,11,23,2.012
6,12,0,2.311
6,12,1,2.092
6,12,2,1.815
6,12,3,1.383
6,12,4,1.234
6,12,5,1.209
6,12,6,0.974
6,12,7,1.5
6,12,8,2.209
6,12,9,2.294
6,12,10,2.502
6,12,11,2.729
6,12,12,2.453
6,12,13,2.716
6,12,14,2.736
6,12,15,2.83
6,12,16,2.831
6,12,17,2.795
6,12,18,2.534
6,12,19,2.509
6,12,20,2.488
6,12,21,2.401
6,12,22,2.074
6,12,23,1.627
6,13,0,1.805
6,13,1,1.819
6,13,2,1.313
6,13,3,1.25
6,13,4,1.053
6,13,5,1.145
6,13,6,1.697
6,13,7,1.918
6,13,8,2.053
6,13,9,2.183
6,13,10,2.328
6,13,11,2.372
6,13,12,2.404
6,13,13,2.507
6,13,14,2.544
6,13,15,2.707
6,13,16,2.831
6,13,17,2.781
6,13,18,2.477
6,13,19,2.33
6,13,20,2.312
6,13,21,2.122
6,13,22,1.922
6,13,23,1.703
6,14,0,2.021
6,14,1,1.598
6,14,2,1.305
6,14,3,1.116
6,14,4,1.086
6,14,5,1.263
6,14,6,1.574
6,14,7,1.898
6,14,8,2.001
6,14,9,2.17
6,14,10,2.384
6,14,11,2.502
6,14,12,2.769
6,14,13,2.831
6,14,14,2.869
6,14,15,3.046
6,14,16,3.16
6,14,17,3.007
6,14,18,2.831
6,14,19,2.623
6,14,20,2.551
6,14,21,2.322
6,14,22,2.112
6,14,23,1.983
6,15,0,2.154
6,15,1,1.894
6,15,2,1.595
6,15,3,1.352
6,15,4,1.285
6,15,5,1.219
6,15,6,1.507
6,15,7,1.996
6,15,8,2.052
6,15,9,2.353
6,15,10,2.509
6,15,11,2.925
6,15,12,3.151
6,15,13,3.39
6,15,14,3.5
6,15,15,3.844
6,15,16,4.05
6,15,17,3.591
6,15,18,3.209
6,15,19,3.045
6,15,20,3.086
6,15,21,2.871
6,15,22,2.294
6,15,23,2.216
6,16,0,2.184
6,16,1,1.996
6,16,2,1.64
6,16,3,1.494
6,16,4,1.404
6,16,5,1.498
6,16,6,1.994
6,16,7,2.158
6,16,8,2.65
6,16,9,2.804
6,16,10,2.839
6,16,11,2.889
6,16,12,3.1
6,16,13,3.451
6,16,14,3.477
6,16,15,3.403
6,16,16,3.49
6,16,17,3.4
6,16,18,2.9
6,16,19,2.675
6,16,20,2.67
6,16,21,2.465
6,16,22,2.218
6,16,23,2.154
6,17,0,2.026
6,17,1,1.865
6,17,2,1.667
6,17,3,1.519
6,17,4,1.479
6,17,5,1.626
6,17,6,1.857
6,17,7,2.048
6,17,8,2.117
6,17,9,2.285
6,17,10,2.428
6,17,11,2.591
6,17,12,2.765
6,17,13,2.847
6,17,14,3.054
6,17,15,3.141
6,17,16,3.162
6,17,17,3.036
6,17,18,2.711
6,17,19,2.509
6,17,20,2.463
6,17,21,2.361
6,17,22,2.081
6,17,23,1.945
6,18,0,1.92
6,18,1,1.842
6,18,2,1.628
6,18,3,1.455
6,18,4,1.377
6,18,5,1.321
6,18,6,1.258
6,18,7,1.515
6,18,8,1.798
6,18,9,2.071
6,18,10,2.264
6,18,11,2.661
6,18,12,2.789
6,18,13,2.91
6,18,14,2.91
6,18,15,2.976
6,18,16,3.088
6,18,17,2.959
6,18,18,2.799
6,18,19,2.61
6,18,20,2.607
6,18,21,2.423
6,18,22,2.185
6,18,23,2.0
6,19,0,2.155
6,19,1,2.1
6,19,2,2.028
6,19,3,1.781
6,19,4,1.699
6,19,5,1.412
6,19,6,1.288
6,19,7,1.547
6,19,8,2.0
6,19,9,2.241
6,19,10,2.633
6,19,11,2.969
6,19,12,3.02
6,19,13,3.164
6,19,14,3.44
6,19,15,3.574
6,19,16,3.7
6,19,17,3.6
6,19,18,3.375
6,19,19,3.165
6,19,20,3.166
6,19,21,3.033
6,19,22,2.804
6,19,23,2.405
6,20,0,2.226
6,20,1,2.033
6,20,2,1.945
6,20,3,1.791
6,20,4,1.714
6,20,5,1.754
6,20,6,1.84
6,20,7,2.281
6,20,8,2.522
6,20,9,2.947
6,20,10,3.232
6,20,11,3.582
6,20,12,4.048
6,20,13,4.231
6,20,14,4.852
6,20,15,5.308
6,20,16,5.746
6,20,17,4.935
6,20,18,4.239
6,20,19,3.629
6,20,20,3.599
6,20,21,3.337
6,20,22,2.854
6,20,23,2.662
6,21,0,2.422
6,21,1,2.162
6,21,2,1.955
6,21,3,1.88
6,21,4,1.866
6,21,5,1.993
6,21,6,2.166
6,21,7,2.61
6,21,8,2.761
6,21,9,2.973
6,21,10,3.297
6,21,11,3.684
6,21,12,4.159
6,21,13,5.432
6,21,14,5.1
6,21,15,5.868
6,21,16,6.162
6,21,17,5.488
6,21,18,4.14
6,21,19,3.702
6,21,20,3.48
6,21,21,3.187
6,21,22,2.831
6,21,23,2.493
6,22,0,2.44
6,22,1,2.265
6,22,2,1.898
6,22,3,1.704
6,22,4,1.767
6,22,5,1.715
6,22,6,1.987
6,22,7,2.342
6,22,8,2.464
6,22,9,2.663
6,22,10,2.886
6,22,11,3.178
6,22,12,3.343
6,22,13,3.585
6,22,14,3.657
6,22,15,3.798
6,22,16,3.881
6,22,17,3.69
6,22,18,3.435
6,22,19,3.233
6,22,20,3.226
6,22,21,2.934
6,22,22,2.403
6,22,23,2.249
6,23,0,2.205
6,23,1,2.064
6,23,2,1.908
6,23,3,1.769
6,23,4,1.668
6,23,5,1.695
6,23,6,1.987
6,23,7,2.319
6,23,8,2.4
6,23,9,2.46
6,23,10,2.661
6,23,11,2.75
6,23,12,2.974
6,23,13,3.111
6,23,14,3.136
6,23,15,3.232
6,23,16,3.314
6,23,17,3.223
6,23,18,2.963
6,23,19,2.843
6,23,20,2.831
6,23,21,2.635
6,23,22,2.297
6,23,23,1.996
6,24,0,2.329
6,24,1,2.083
6,24,2,1.808
6,24,3,1.736
6,24,4,1.69
6,24,5,1.677
6,24,6,1.908
6,24,7,2.121
6,24,8,2.404
6,24,9,2.467
6,24,10,2.621
6,24,11,2.903
6,24,12,3.081
6,24,13,3.259
6,24,14,3.41
6,24,15,3.515
6,24,16,3.521
6,24,17,3.46
6,24,18,3.054
6,24,19,2.826
6,24,20,2.713
6,24,21,2.582
6,24,22,2.539
6,24,23,2.129
6,25,0,2.52
6,25,1,2.402
6,25,2,2.225
6,25,3,1.84
6,25,4,1.706
6,25,5,1.552
6,25,6,1.402
6,25,7,1.737
6,25,8,2.434
6,25,9,2.815
6,25,10,2.868
6,25,11,3.082
6,25,12,3.206
6,25,13,3.369
6,25,14,3.599
6,25,15,3.684
6,25,16,3.731
6,25,17,3.715
6,25,18,3.447
6,25,19,3.326
6,25,20,3.313
6,25,21,3.181
6,25,22,2.764
6,25,23,2.548
6,26,0,2.821
6,26,1,2.508
6,26,2,2.401
6,26,3,1.994
6,26,4,1.834
6,26,5,1.58
6,26,6,1.506
6,26,7,1.763
6,26,8,2.503
6,26,9,2.693
6,26,10,2.862
6,26,11,3.222
6,26,12,3.35
6,26,13,3.426
6,26,14,3.9
6,26,15,4.15
6,26,16,4.307
6,26,17,4.185
6,26,18,3.765
6,26,19,3.674
6,26,20,3.685
6,26,21,3.571
6,26,22,3.023
6,26,23,2.744
6,27,0,2.662
6,27,1,2.447
6,27,2,2.188
6,27,3,1.978
6,27,4,1.855
6,27,5,2.004
6,27,6,2.149
6,27,7,2.611
6,27,8,3.024
6,27,9,3.291
6,27,10,3.525
6,27,11,3.716
6,27,12,4.251
6,27,13,4.595
6,27,14,5.008
6,27,15,5.028
6,27,16,5.496
6,27,17,4.897
6,27,18,4.335
6,27,19,4.039
6,27,20,5.294
6,27,21,3.808
6,27,22,3.267
6,27,23,2.982
6,28,0,2.692
6,28,1,2.413
6,28,2,2.253
6,28,3,2.105
6,28,4,2.123
6,28,5,2.171
6,28,6,2.3
6,28,7,2.602
6,28,8,2.873
6,28,9,3.107
6,28,10,3.259
6,28,11,3.421
6,28,12,3.547
6,28,13,3.882
6,28,14,4.178
6,28,15,4.27
6,28,16,4.37
6,28,17,4.13
6,28,18,3.562
6,28,19,3.292
6,28,20,3.429
6,28,21,3.272
6,28,22,2.84
6,28,23,2.497
6,29,0,2.374
6,29,1,2.145
6,29,2,1.981
6,29,3,1.789
6,29,4,1.785
6,29,5,1.967
6,29,6,2.072
6,29,7,2.4
6,29,8,2.553
6,29,9,2.883
6,29,10,2.977
6,29,11,3.247
6,29,12,3.398
6,29,13,3.579
6,29,14,3.669
6,29,15,3.806
6,29,16,3.876
6,29,17,3.678
6,29,18,3.32
6,29,19,3.155
6,29,20,3.135
6,29,21,3.053
6,29,22,2.717
6,29,23,2.374
6,30,0,2.445
6,30,1,2.172
6,30,2,1.933
6,30,3,1.702
6,30,4,1.748
6,30,5,1.943
6,30,6,2.149
6,30,7,2.426
6,30,8,2.589
6,30,9,2.962
6,30,10,3.129
6,30,11,3.369
6,30,12,3.492
6,30,13,3.707
6,30,14,3.864
6,30,15,4.1
6,30,16,4.253
6,30,17,3.961
6,30,18,3.693
6,30,19,3.468
6,30,20,3.385
6,30,21,3.177
6,30,22,2.879
6,30,23,2.474
7,1,0,2.452
7,1,1,2.261
7,1,2,2.063
7,1,3,1.828
7,1,4,1.744
7,1,5,1.821
7,1,6,2.141
7,1,7,2.318
7,1,8,2.718
7,1,9,2.794
7,1,10,3.136
7,1,11,3.251
7,1,12,3.401
7,1,13,3.637
7,1,14,3.985
7,1,15,4.1
7,1,16,4.254
7,1,17,3.896
7,1,18,3.412
7,1,19,3.235
7,1,20,3.154
7,1,21,2.979
7,1,22,2.633
7,1,23,2.427
7,2,0,2.488
7,2,1,2.378
7,2,2,2.056
7,2,3,1.885
7,2,4,1.86
7,2,5,1.564
7,2,6,1.405
7,2,7,1.475
7,2,8,1.919
7,2,9,2.142
7,2,10,2.262
7,2,11,2.631
7,2,12,2.766
7,2,13,2.915
7,2,14,2.958
7,2,15,3.013
7,2,16,3.017
7,2,17,2.951
7,2,18,2.949
7,2,19,2.914
7,2,20,2.829
7,2,21,2.756
7,2,22,2.247
7,2,23,1.989
7,3,0,2.018
7,3,1,1.865
7,3,2,1.666
7,3,3,1.447
7,3,4,1.366
7,3,5,1.186
7,3,6,0.984
7,3,7,1.172
7,3,8,1.59
7,3,9,1.87
7,3,10,2.104
7,3,11,2.339
7,3,12,2.518
7,3,13,2.736
7,3,14,2.786
7,3,15,2.899
7,3,16,2.942
7,3,17,2.966
7,3,18,2.966
7,3,19,2.888
7,3,20,2.878
7,3,21,2.801
7,3,22,2.518
7,3,23,2.067
7,4,0,1.829
7,4,1,1.623
7,4,2,1.417
7,4,3,1.25
7,4,4,1.215
7,4,5,1.13
7,4,6,1.087
7,4,7,1.317
7,4,8,1.808
7,4,9,2.008
7,4,10,2.238
7,4,11,2.652
7,4,12,2.855
7,4,13,2.901
7,4,14,2.931
7,4,15,2.97
7,4,16,3.101
7,4,17,3.101
7,4,18,3.019
7,4,19,2.962
7,4,20,2.988
7,4,21,2.914
7,4,22,2.358
7,4,23,2.136
7,5,0,2.188
7,5,1,1.918
7,5,2,1.69
7,5,3,1.564
7,5,4,1.566
7,5,5,1.706
7,5,6,1.913
7,5,7,2.222
7,5,8,2.663
7,5,9,2.758
7,5,10,2.961
7,5,11,3.245
7,5,12,3.59
7,5,13,4.011
7,5,14,4.341
7,5,15,4.547
7,5,16,4.574
7,5,17,4.477
7,5,18,3.933
7,5,19,3.628
7,5,20,3.751
7,5,21,3.547
7,5,22,3.117
7,5,23,2.866
7,6,0,2.851
7,6,1,2.486
7,6,2,2.154
7,6,3,2.024
7,6,4,2.048
7,6,5,2.029
7,6,6,2.256
7,6,7,2.724
7,6,8,3.042
7,6,9,3.35
7,6,10,3.619
7,6,11,3.794
7,6,12,4.35
7,6,13,5.056
7,6,14,5.028
7,6,15,6.0
7,6,16,5.651
7,6,17,5.8
7,6,18,5.09
7,6,19,4.342
7,6,20,4.309
7,6,21,4.09
7,6,22,3.371
7,6,23,2.897
7,7,0,3.904
7,7,1,3.068
7,7,2,2.81
7,7,3,2.633
7,7,4,2.593
7,7,5,2.683
7,7,6,2.854
7,7,7,3.32
7,7,8,3.806
7,7,9,4.167
7,7,10,4.52
7,7,11,5.25
7,7,12,5.762
7,7,13,6.8
7,7,14,7.7
7,7,15,8.173
7,7,16,8.839
7,7,17,7.777
7,7,18,6.214
7,7,19,6.0
7,7,20,5.163
7,7,21,4.729
7,7,22,4.584
7,7,23,3.727
7,8,0,4.258
7,8,1,3.331
7,8,2,3.013
7,8,3,2.888
7,8,4,2.778
7,8,5,2.886
7,8,6,3.185
7,8,7,3.811
7,8,8,4.177
7,8,9,4.42
7,8,10,4.664
7,8,11,5.655
7,8,12,6.55
7,8,13,7.332
7,8,14,7.732
7,8,15,8.765
7,8,16,9.099
7,8,17,7.823
7,8,18,6.061
7,8,19,5.141
7,8,20,5.711
7,8,21,5.5
7,8,22,4.189
7,8,23,3.952
7,9,0,3.338
7,9,1,2.666
7,9,2,2.382
7,9,3,2.142
7,9,4,1.903
7,9,5,2.025
7,9,6,1.568
7,9,7,2.165
7,9,8,2.756
7,9,9,3.114
7,9,10,3.301
7,9,11,3.694
7,9,12,4.019
7,9,13,4.21
7,9,14,4.231
7,9,15,4.412
7,9,16,4.657
7,9,17,4.54
7,9,18,4.099
7,9,19,4.009
7,9,20,3.969
7,9,21,3.641
7,9,22,3.161
7,9,23,2.934
7,10,0,1.7
7,10,1,1.53
7,10,2,1.349
7,10,3,1.181
7,10,4,1.107
7,10,5,1.065
7,10,6,0.99
7,10,7,1.298
7,10,8,1.558
7,10,9,1.727
7,10,10,2.188
7,10,11,2.429
7,10,12,2.482
7,10,13,2.683
7,10,14,2.819
7,10,15,2.638
7,10,16,2.721
7,10,17,2.869
7,10,18,2.803
7,10,19,2.701
7,10,20,2.765
7,10,21,2.553
7,10,22,2.48
7,10,23,2.075
7,11,0,1.696
7,11,1,1.408
7,11,2,1.071
7,11,3,1.05
7,11,4,1.03
7,11,5,1.05
7,11,6,1.532
7,11,7,1.876
7,11,8,2.382
7,11,9,2.495
7,11,10,2.977
7,11,11,3.053
7,11,12,3.146
7,11,13,3.248
7,11,14,3.444
7,11,15,3.603
7,11,16,3.766
7,11,17,3.729
7,11,18,3.313
7,11,19,3.029
7,11,20,2.945
7,11,21,2.649
7,11,22,2.432
7,11,23,2.031
7,12,0,2.285
7,12,1,2.041
7,12,2,1.681
7,12,3,1.597
7,12,4,1.573
7,12,5,1.511
7,12,6,2.049
7,12,7,2.467
7,12,8,2.674
7,12,9,2.915
7,12,10,3.273
7,12,11,3.599
7,12,12,3.758
7,12,13,4.207
7,12,14,4.602
7,12,15,5.1
7,12,16,5.374
7,12,17,5.277
7,12,18,4.414
7,12,19,3.96
7,12,20,3.834
7,12,21,3.562
7,12,22,3.004
7,12,23,2.679
7,13,0,2.381
7,13,1,2.096
7,13,2,1.743
7,13,3,1.541
7,13,4,1.508
7,13,5,1.544
7,13,6,2.081
7,13,7,2.723
7,13,8,2.972
7,13,9,3.214
7,13,10,3.541
7,13,11,3.78
7,13,12,4.129
7,13,13,4.706
7,13,14,5.168
7,13,15,5.526
7,13,16,5.857
7,13,17,5.483
7,13,18,4.565
7,13,19,4.004
7,13,20,3.804
7,13,21,3.688
7,13,22,3.345
7,13,23,3.101
7,14,0,2.451
7,14,1,2.216
7,14,2,1.972
7,14,3,1.746
7,14,4,1.695
7,14,5,1.785
7,14,6,2.176
7,14,7,2.774
7,14,8,2.957
7,14,9,3.354
7,14,10,3.556
7,14,11,3.942
7,14,12,4.75
7,14,13,5.0
7,14,14,5.448
7,14,15,6.136
7,14,16,6.836
7,14,17,5.597
7,14,18,4.847
7,14,19,4.405
7,14,20,4.247
7,14,21,4.012
7,14,22,3.252
7,14,23,3.062
7,15,0,3.131
7,15,1,2.68
7,15,2,2.405
7,15,3,2.315
7,15,4,2.24
7,15,5,2.294
7,15,6,2.64
7,15,7,3.312
7,15,8,3.644
7,15,9,4.036
7,15,10,4.975
7,15,11,5.43
7,15,12,6.252
7,15,13,7.345
7,15,14,7.729
7,15,15,8.129
7,15,16,7.994
7,15,17,7.494
7,15,18,5.641
7,15,19,5.311
7,15,20,4.983
7,15,21,4.499
7,15,22,4.074
7,15,23,3.457
7,16,0,3.336
7,16,1,2.772
7,16,2,2.5
7,16,3,2.12
7,16,4,1.912
7,16,5,1.671
7,16,6,1.632
7,16,7,2.033
7,16,8,2.753
7,16,9,3.272
7,16,10,3.239
7,16,11,3.556
7,16,12,4.166
7,16,13,4.416
7,16,14,4.508
7,16,15,4.435
7,16,16,4.692
7,16,17,4.559
7,16,18,4.02
7,16,19,3.71
7,16,20,3.555
7,16,21,3.482
7,16,22,3.09
7,16,23,3.034
7,17,0,2.638
7,17,1,2.224
7,17,2,1.816
7,17,3,1.819
7,17,4,1.587
7,17,5,1.493
7,17,6,1.385
7,17,7,1.69
7,17,8,2.162
7,17,9,2.595
7,17,10,2.912
7,17,11,3.089
7,17,12,3.308
7,17,13,3.598
7,17,14,3.953
7,17,15,4.127
7,17,16,4.209
7,17,17,4.193
7,17,18,3.944
7,17,19,3.587
7,17,20,3.481
7,17,21,3.351
7,17,22,3.029
7,17,23,2.775
7,18,0,3.009
7,18,1,2.296
7,18,2,2.116
7,18,3,1.966
7,18,4,1.901
7,18,5,2.078
7,18,6,2.444
7,18,7,2.92
7,18,8,3.35
7,18,9,3.731
7,18,10,4.319
7,18,11,4.918
7,18,12,5.9
7,18,13,6.764
7,18,14,7.236
7,18,15,7.7
7,18,16,8.1
7,18,17,7.57
7,18,18,5.509
7,18,19,5.1
7,18,20,4.879
7,18,21,4.755
7,18,22,4.001
7,18,23,3.283
7,19,0,2.982
7,19,1,2.482
7,19,2,2.056
7,19,3,1.911
7,19,4,1.849
7,19,5,2.022
7,19,6,2.42
7,19,7,2.914
7,19,8,3.185
7,19,9,3.603
7,19,10,3.774
7,19,11,3.954
7,19,12,4.331
7,19,13,5.404
7,19,14,5.497
7,19,15,5.717
7,19,16,6.13
7,19,17,5.22
7,19,18,4.597
7,19,19,4.348
7,19,20,4.317
7,19,21,3.52
7,19,22,3.062
7,19,23,2.665
7,20,0,2.107
7,20,1,1.876
7,20,2,1.689
7,20,3,1.551
7,20,4,1.514
7,20,5,1.607
7,20,6,1.783
7,20,7,2.271
7,20,8,2.654
7,20,9,2.891
7,20,10,3.035
7,20,11,3.197
7,20,12,3.226
7,20,13,3.436
7,20,14,3.753
7,20,15,3.975
7,20,16,4.236
7,20,17,3.97
7,20,18,3.506
7,20,19,3.226
7,20,20,3.158
7,20,21,2.91
7,20,22,2.606
7,20,23,2.199
7,21,0,2.159
7,21,1,1.982
7,21,2,1.605
7,21,3,1.507
7,21,4,1.504
7,21,5,1.673
7,21,6,2.123
7,21,7,2.677
7,21,8,2.881
7,21,9,3.111
7,21,10,3.378
7,21,11,3.555
7,21,12,3.714
7,21,13,4.443
7,21,14,4.726
7,21,15,4.951
7,21,16,5.161
7,21,17,4.868
7,21,18,4.567
7,21,19,4.061
7,21,20,3.919
7,21,21,3.958
7,21,22,3.146
7,21,23,2.705
7,22,0,2.578
7,22,1,2.379
7,22,2,2.039
7,22,3,1.877
7,22,4,1.854
7,22,5,1.955
7,22,6,2.414
7,22,7,2.915
7,22,8,3.363
7,22,9,3.613
7,22,10,4.1
7,22,11,4.887
7,22,12,5.613
7,22,13,7.072
7,22,14,7.799
7,22,15,8.158
7,22,16,8.137
7,22,17,7.585
7,22,18,5.705
7,22,19,5.171
7,22,20,4.912
7,22,21,4.327
7,22,22,3.769
7,22,23,3.341
7,23,0,3.454
7,23,1,2.758
7,23,2,2.523
7,23,3,2.375
7,23,4,2.323
7,23,5,2.174
7,23,6,2.227
7,23,7,2.614
7,23,8,3.299
7,23,9,4.053
7,23,10,4.0
7,23,11,4.459
7,23,12,4.924
7,23,13,5.299
7,23,14,5.904
7,23,15,6.052
7,23,16,6.24
7,23,17,5.941
7,23,18,5.5
7,23,19,4.726
7,23,20,4.508
7,23,21,4.278
7,23,22,3.999
7,23,23,3.352
7,24,0,3.046
7,24,1,2.755
7,24,2,2.523
7,24,3,2.364
7,24,4,2.293
7,24,5,1.936
7,24,6,1.423
7,24,7,2.167
7,24,8,2.586
7,24,9,2.917
7,24,10,3.395
7,24,11,3.684
7,24,12,4.154
7,24,13,4.58
7,24,14,4.95
7,24,15,5.131
7,24,16,5.316
7,24,17,5.302
7,24,18,5.0
7,24,19,4.5
7,24,20,4.583
7,24,21,4.8
7,24,22,3.669
7,24,23,3.127
7,25,0,3.118
7,25,1,2.56
7,25,2,2.437
7,25,3,2.413
7,25,4,2.402
7,25,5,2.488
7,25,6,2.588
7,25,7,3.468
7,25,8,3.954
7,25,9,4.251
7,25,10,5.0
7,25,11,5.747
7,25,12,6.762
7,25,13,9.1
7,25,14,10.314
7,25,15,11.473
7,25,16,11.511
7,25,17,10.103
7,25,18,7.807
7,25,19,6.614
7,25,20,6.1
7,25,21,5.155
7,25,22,4.73
7,25,23,3.868
7,26,0,3.93
7,26,1,3.696
7,26,2,2.376
7,26,3,2.262
7,26,4,2.218
7,26,5,2.344
7,26,6,2.676
7,26,7,3.469
7,26,8,3.813
7,26,9,4.169
7,26,10,4.646
7,26,11,5.308
7,26,12,6.0
7,26,13,6.968
7,26,14,8.0
7,26,15,9.042
7,26,16,9.468
7,26,17,8.104
7,26,18,6.639
7,26,19,6.0
7,26,20,5.3
7,26,21,4.839
7,26,22,4.337
7,26,23,3.698
7,27,0,3.712
7,27,1,3.096
7,27,2,2.18
7,27,3,2.075
7,27,4,1.963
7,27,5,2.08
7,27,6,2.369
7,27,7,3.264
7,27,8,3.654
7,27,9,4.084
7,27,10,4.404
7,27,11,4.976
7,27,12,5.918
7,27,13,7.243
7,27,14,8.227
7,27,15,8.825
7,27,16,8.869
7,27,17,8.106
7,27,18,6.301
7,27,19,5.501
7,27,20,4.976
7,27,21,4.608
7,27,22,4.094
7,27,23,3.478
7,28,0,3.5
7,28,1,2.375
7,28,2,2.049
7,28,3,1.92
7,28,4,1.923
7,28,5,2.051
7,28,6,2.329
7,28,7,3.049
7,28,8,3.316
7,28,9,3.602
7,28,10,4.228
7,28,11,4.647
7,28,12,5.142
7,28,13,6.03
7,28,14,7.449
7,28,15,7.671
7,28,16,8.1
7,28,17,6.614
7,28,18,5.849
7,28,19,4.916
7,28,20,4.669
7,28,21,4.324
7,28,22,3.896
7,28,23,3.208
7,29,0,3.388
7,29,1,2.606
7,29,2,2.266
7,29,3,2.039
7,29,4,2.03
7,29,5,2.098
7,29,6,2.623
7,29,7,2.887
7,29,8,3.419
7,29,9,3.478
7,29,10,3.611
7,29,11,4.082
7,29,12,4.241
7,29,13,4.66
7,29,14,4.867
7,29,15,4.97
7,29,16,4.726
7,29,17,4.459
7,29,18,4.182
7,29,19,3.878
7,29,20,3.776
7,29,21,3.583
7,29,22,3.076
7,29,23,2.855
7,30,0,2.296
7,30,1,2.112
7,30,2,1.945
7,30,3,1.808
7,30,4,1.722
7,30,5,1.654
7,30,6,1.464
7,30,7,1.631
7,30,8,1.94
7,30,9,2.607
7,30,10,2.708
7,30,11,3.013
7,30,12,3.315
7,30,13,3.486
7,30,14,3.651
7,30,15,3.9
7,30,16,3.9
7,30,17,3.637
7,30,18,3.497
7,30,19,3.224
7,30,20,3.212
7,30,21,3.18
7,30,22,2.78
7,30,23,2.725
7,31,0,2.439
7,31,1,2.157
7,31,2,1.991
7,31,3,1.883
7,31,4,1.677
7,31,5,1.568
7,31,6,1.318
7,31,7,1.394
7,31,8,1.695
7,31,9,2.058
7,31,10,2.715
7,31,11,2.683
7,31,12,2.833
7,31,13,3.013
7,31,14,3.048
7,31,15,3.09
7,31,16,3.472
7,31,17,3.472
7,31,18,3.109
7,31,19,2.899
7,31,20,2.961
7,31,21,2.947
7,31,22,2.768
7,31,23,2.38
8,1,0,2.528
8,1,1,2.161
8,1,2,2.007
8,1,3,1.902
8,1,4,1.849
8,1,5,2.053
8,1,6,2.061
8,1,7,2.506
8,1,8,2.805
8,1,9,2.986
8,1,10,3.385
8,1,11,3.804
8,1,12,3.985
8,1,13,4.256
8,1,14,4.312
8,1,15,4.569
8,1,16,4.658
8,1,17,4.434
8,1,18,4.042
8,1,19,3.842
8,1,20,3.914
8,1,21,3.445
8,1,22,3.099
8,1,23,3.025
8,2,0,2.43
8,2,1,2.196
8,2,2,1.927
8,2,3,1.78
8,2,4,1.818
8,2,5,1.955
8,2,6,1.932
8,2,7,2.239
8,2,8,2.615
8,2,9,2.842
8,2,10,3.437
8,2,11,3.775
8,2,12,4.061
8,2,13,4.004
8,2,14,4.101
8,2,15,4.294
8,2,16,4.504
8,2,17,4.208
8,2,18,3.925
8,2,19,3.72
8,2,20,3.682
8,2,21,3.461
8,2,22,3.158
8,2,23,2.446
8,3,0,2.391
8,3,1,2.215
8,3,2,2.01
8,3,3,1.876
8,3,4,1.852
8,3,5,1.91
8,3,6,1.978
8,3,7,2.32
8,3,8,2.8
8,3,9,3.131
8,3,10,3.258
8,3,11,3.305
8,3,12,3.363
8,3,13,3.49
8,3,14,3.647
8,3,15,3.844
8,3,16,4.086
8,3,17,3.707
8,3,18,3.514
8,3,19,3.311
8,3,20,3.282
8,3,21,3.061
8,3,22,2.781
8,3,23,2.377
8,4,0,2.33
8,4,1,1.977
8,4,2,1.706
8,4,3,1.567
8,4,4,1.508
8,4,5,1.767
8,4,6,2.141
8,4,7,2.358
8,4,8,2.598
8,4,9,2.942
8,4,10,3.252
8,4,11,3.377
8,4,12,3.51
8,4,13,3.664
8,4,14,4.08
8,4,15,4.339
8,4,16,4.545
8,4,17,4.27
8,4,18,3.86
8,4,19,3.495
8,4,20,3.498
8,4,21,3.201
8,4,22,2.873
8,4,23,2.473
8,5,0,2.302
8,5,1,1.939
8,5,2,1.658
8,5,3,1.632
8,5,4,1.588
8,5,5,1.708
8,5,6,1.881
8,5,7,2.18
8,5,8,2.461
8,5,9,2.766
8,5,10,2.981
8,5,11,3.099
8,5,12,3.285
8,5,13,3.495
8,5,14,3.804
8,5,15,4.017
8,5,16,4.164
8,5,17,4.085
8,5,18,3.527
8,5,19,3.219
8,5,20,3.219
8,5,21,2.977
8,5,22,2.781
8,5,23,2.559
8,6,0,2.613
8,6,1,2.372
8,6,2,2.153
8,6,3,1.845
8,6,4,1.764
8,6,5,1.695
8,6,6,1.507
8,6,7,1.922
8,6,8,2.419
8,6,9,2.771
8,6,10,2.943
8,6,11,3.416
8,6,12,3.6
8,6,13,4.05
8,6,14,4.053
8,6,15,4.211
8,6,16,4.211
8,6,17,4.126
8,6,18,3.685
8,6,19,3.177
8,6,20,3.359
8,6,21,2.974
8,6,22,2.806
8,6,23,2.688
8,7,0,2.322
8,7,1,2.198
8,7,2,1.967
8,7,3,1.67
8,7,4,1.599
8,7,5,1.59
8,7,6,1.116
8,7,7,1.516
8,7,8,1.875
8,7,9,2.377
8,7,10,2.66
8,7,11,2.778
8,7,12,2.89
8,7,13,3.002
8,7,14,3.161
8,7,15,3.412
8,7,16,3.537
8,7,17,3.51
8,7,18,3.261
8,7,19,2.991
8,7,20,3.033
8,7,21,2.881
8,7,22,2.675
8,7,23,2.536
8,8,0,2.33
8,8,1,2.146
8,8,2,1.971
8,8,3,1.825
8,8,4,1.791
8,8,5,1.981
8,8,6,1.925
8,8,7,2.303
8,8,8,2.606
8,8,9,2.795
8,8,10,3.065
8,8,11,3.251
8,8,12,3.506
8,8,13,3.991
8,8,14,4.441
8,8,15,4.646
8,8,16,4.763
8,8,17,4.514
8,8,18,4.02
8,8,19,3.645
8,8,20,3.647
8,8,21,3.141
8,8,22,2.69
8,8,23,2.477
8,9,0,2.422
8,9,1,2.25
8,9,2,1.984
8,9,3,1.785
8,9,4,1.668
8,9,5,1.93
8,9,6,2.124
8,9,7,2.43
8,9,8,2.722
8,9,9,2.941
8,9,10,3.295
8,9,11,3.566
8,9,12,3.786
8,9,13,4.343
8,9,14,4.604
8,9,15,5.197
8,9,16,5.5
8,9,17,5.229
8,9,18,4.711
8,9,19,4.117
8,9,20,3.971
8,9,21,3.561
8,9,22,3.119
8,9,23,2.855
8,10,0,2.546
8,10,1,2.345
8,10,2,2.045
8,10,3,1.837
8,10,4,1.752
8,10,5,2.046
8,10,6,2.334
8,10,7,2.714
8,10,8,3.106
8,10,9,3.267
8,10,10,3.616
8,10,11,4.148
8,10,12,4.6
8,10,13,5.13
8,10,14,5.476
8,10,15,5.977
8,10,16,6.253
8,10,17,6.004
8,10,18,5.357
8,10,19,4.678
8,10,20,4.484
8,10,21,3.989
8,10,22,3.49
8,10,23,3.0
8,11,0,3.084
8,11,1,2.852
8,11,2,2.556
8,11,3,2.359
8,11,4,2.388
8,11,5,2.532
8,11,6,2.856
8,11,7,3.239
8,11,8,3.588
8,11,9,4.051
8,11,10,4.942
8,11,11,5.827
8,11,12,6.576
8,11,13,7.53
8,11,14,8.326
8,11,15,8.997
8,11,16,9.35
8,11,17,8.0
8,11,18,7.103
8,11,19,5.833
8,11,20,5.785
8,11,21,4.881
8,11,22,4.214
8,11,23,3.488
8,12,0,3.563
8,12,1,3.2
8,12,2,3.077
8,12,3,3.043
8,12,4,2.834
8,12,5,3.058
8,12,6,3.326
8,12,7,3.7
8,12,8,4.2
8,12,9,4.636
8,12,10,6.053
8,12,11,7.48
8,12,12,7.682
8,12,13,8.847
8,12,14,9.264
8,12,15,10.0
8,12,16,9.815
8,12,17,8.88
8,12,18,7.781
8,12,19,6.617
8,12,20,6.454
8,12,21,5.402
8,12,22,4.478
8,12,23,3.7
8,13,0,4.5
8,13,1,3.414
8,13,2,3.065
8,13,3,2.91
8,13,4,2.821
8,13,5,2.77
8,13,6,2.8
8,13,7,3.057
8,13,8,3.705
8,13,9,4.189
8,13,10,4.938
8,13,11,5.728
8,13,12,7.211
8,13,13,7.7
8,13,14,8.211
8,13,15,7.778
8,13,16,8.038
8,13,17,7.7
8,13,18,6.992
8,13,19,6.568
8,13,20,6.03
8,13,21,6.03
8,13,22,4.55
8,13,23,3.783
8,14,0,3.964
8,14,1,3.8
8,14,2,3.039
8,14,3,2.764
8,14,4,2.619
8,14,5,2.499
8,14,6,2.441
8,14,7,2.55
8,14,8,3.577
8,14,9,3.824
8,14,10,4.435
8,14,11,4.809
8,14,12,6.253
8,14,13,7.954
8,14,14,7.875
8,14,15,8.202
8,14,16,8.175
8,14,17,8.14
8,14,18,6.432
8,14,19,6.164
8,14,20,5.354
8,14,21,4.902
8,14,22,4.526
8,14,23,3.896
8,15,0,3.888
8,15,1,3.423
8,15,2,2.948
8,15,3,2.567
8,15,4,2.55
8,15,5,2.644
8,15,6,3.12
8,15,7,3.457
8,15,8,4.046
8,15,9,4.6
8,15,10,5.12
8,15,11,6.173
8,15,12,7.327
8,15,13,8.533
8,15,14,8.999
8,15,15,9.474
8,15,16,8.933
8,15,17,8.35
8,15,18,6.774
8,15,19,5.811
8,15,20,5.811
8,15,21,4.918
8,15,22,4.337
8,15,23,3.476
8,16,0,3.7
8,16,1,3.3
8,16,2,2.583
8,16,3,2.456
8,16,4,2.433
8,16,5,2.493
8,16,6,2.747
8,16,7,3.3
8,16,8,3.829
8,16,9,4.06
8,16,10,4.706
8,16,11,5.46
8,16,12,6.453
8,16,13,8.129
8,16,14,8.699
8,16,15,9.238
8,16,16,9.489
8,16,17,8.4
8,16,18,7.018
8,16,19,5.692
8,16,20,5.514
8,16,21,4.729
8,16,22,4.276
8,16,23,3.836
8,17,0,4.042
8,17,1,4.115
8,17,2,3.058
8,17,3,2.9
8,17,4,2.764
8,17,5,2.908
8,17,6,3.204
8,17,7,3.843
8,17,8,4.078
8,17,9,4.12
8,17,10,4.553
8,17,11,4.75
8,17,12,5.065
8,17,13,5.61
8,17,14,5.809
8,17,15,6.148
8,17,16,6.543
8,17,17,5.8
8,17,18,5.182
8,17,19,4.75
8,17,20,4.911
8,17,21,4.401
8,17,22,3.878
8,17,23,3.269
8,18,0,2.694
8,18,1,2.492
8,18,2,2.288
8,18,3,2.139
8,18,4,2.08
8,18,5,2.253
8,18,6,2.406
8,18,7,2.852
8,18,8,3.49
8,18,9,3.524
8,18,10,3.928
8,18,11,4.518
8,18,12,4.74
8,18,13,5.01
8,18,14,5.171
8,18,15,5.3
8,18,16,5.527
8,18,17,5.325
8,18,18,4.914
8,18,19,4.551
8,18,20,4.641
8,18,21,4.142
8,18,22,3.79
8,18,23,3.232
8,19,0,4.082
8,19,1,2.334
8,19,2,2.068
8,19,3,1.843
8,19,4,1.814
8,19,5,2.11
8,19,6,2.423
8,19,7,2.729
8,19,8,3.18
8,19,9,3.464
8,19,10,4.13
8,19,11,4.366
8,19,12,4.635
8,19,13,5.115
8,19,14,5.641
8,19,15,6.33
8,19,16,6.041
8,19,17,5.853
8,19,18,5.111
8,19,19,4.57
8,19,20,4.551
8,19,21,4.2
8,19,22,3.8
8,19,23,3.491
8,20,0,3.118
8,20,1,2.7
8,20,2,2.017
8,20,3,1.803
8,20,4,1.602
8,20,5,1.523
8,20,6,1.427
8,20,7,1.744
8,20,8,2.42
8,20,9,2.835
8,20,10,3.202
8,20,11,3.603
8,20,12,3.672
8,20,13,3.768
8,20,14,3.88
8,20,15,4.084
8,20,16,4.16
8,20,17,4.157
8,20,18,3.989
8,20,19,3.788
8,20,20,3.744
8,20,21,3.632
8,20,22,3.386
8,20,23,2.718
8,21,0,2.538
8,21,1,2.103
8,21,2,1.768
8,21,3,1.521
8,21,4,1.408
8,21,5,1.319
8,21,6,1.156
8,21,7,1.707
8,21,8,2.057
8,21,9,2.512
8,21,10,2.704
8,21,11,2.809
8,21,12,2.895
8,21,13,3.184
8,21,14,3.524
8,21,15,3.717
8,21,16,3.766
8,21,17,3.764
8,21,18,3.455
8,21,19,3.333
8,21,20,3.379
8,21,21,3.103
8,21,22,2.86
8,21,23,2.627
8,22,0,2.032
8,22,1,1.652
8,22,2,1.421
8,22,3,1.378
8,22,4,1.295
8,22,5,1.431
8,22,6,1.837
8,22,7,2.159
8,22,8,2.505
8,22,9,2.585
8,22,10,2.744
8,22,11,2.856
8,22,12,2.98
8,22,13,3.134
8,22,14,3.12
8,22,15,3.408
8,22,16,3.385
8,22,17,3.428
8,22,18,2.98
8,22,19,2.93
8,22,20,2.902
8,22,21,2.644
8,22,22,2.331
8,22,23,1.924
8,23,0,1.808
8,23,1,1.526
8,23,2,1.291
8,23,3,1.138
8,23,4,1.11
8,23,5,1.198
8,23,6,1.767
8,23,7,2.091
8,23,8,2.28
8,23,9,2.542
8,23,10,2.754
8,23,11,2.944
8,23,12,3.068
8,23,13,3.279
8,23,14,3.381
8,23,15,3.627
8,23,16,3.695
8,23,17,3.703
8,23,18,3.23
8,23,19,3.103
8,23,20,3.086
8,23,21,2.813
8,23,22,2.501
8,23,23,2.107
8,24,0,2.052
8,24,1,1.734
8,24,2,1.381
8,24,3,1.275
8,24,4,1.206
8,24,5,1.471
8,24,6,2.058
8,24,7,2.238
8,24,8,2.449
8,24,9,2.635
8,24,10,2.826
8,24,11,3.003
8,24,12,3.136
8,24,13,3.418
8,24,14,3.828
8,24,15,4.076
8,24,16,4.463
8,24,17,4.214
8,24,18,3.679
8,24,19,3.587
8,24,20,3.597
8,24,21,2.957
8,24,22,2.621
8,24,23,2.331
8,25,0,2.115
8,25,1,1.951
8,25,2,1.586
8,25,3,1.391
8,25,4,1.375
8,25,5,1.756
8,25,6,2.12
8,25,7,2.433
8,25,8,2.652
8,25,9,2.653
8,25,10,2.935
8,25,11,3.011
8,25,12,3.196
8,25,13,3.75
8,25,14,3.794
8,25,15,4.185
8,25,16,4.531
8,25,17,4.339
8,25,18,3.675
8,25,19,3.479
8,25,20,3.535
8,25,21,3.031
8,25,22,2.845
8,25,23,2.539
8,26,0,2.566
8,26,1,2.267
8,26,2,2.049
8,26,3,2.022
8,26,4,2.015
8,26,5,2.161
8,26,6,2.436
8,26,7,2.828
8,26,8,2.969
8,26,9,3.166
8,26,10,3.669
8,26,11,3.925
8,26,12,4.64
8,26,13,5.348
8,26,14,6.111
8,26,15,6.711
8,26,16,7.08
8,26,17,6.388
8,26,18,4.911
8,26,19,4.39
8,26,20,4.332
8,26,21,3.906
8,26,22,3.115
8,26,23,2.869
8,27,0,3.05
8,27,1,2.528
8,27,2,2.356
8,27,3,2.152
8,27,4,2.061
8,27,5,1.868
8,27,6,1.794
8,27,7,2.06
8,27,8,2.544
8,27,9,3.004
8,27,10,3.228
8,27,11,3.519
8,27,12,3.711
8,27,13,3.934
8,27,14,4.061
8,27,15,4.51
8,27,16,4.624
8,27,17,4.624
8,27,18,3.953
8,27,19,3.59
8,27,20,3.623
8,27,21,3.385
8,27,22,3.019
8,27,23,2.875
8,28,0,2.594
8,28,1,2.319
8,28,2,2.129
8,28,3,2.057
8,28,4,1.955
8,28,5,1.919
8,28,6,1.555
8,28,7,1.678
8,28,8,2.15
8,28,9,2.644
8,28,10,2.973
8,28,11,3.137
8,28,12,3.33
8,28,13,3.569
8,28,14,3.765
8,28,15,4.131
8,28,16,4.556
8,28,17,4.388
8,28,18,3.916
8,28,19,3.522
8,28,20,3.549
8,28,21,3.231
8,28,22,2.996
8,28,23,2.802
8,29,0,2.497
8,29,1,2.248
8,29,2,2.157
8,29,3,2.057
8,29,4,2.059
8,29,5,2.24
8,29,6,2.466
8,29,7,2.762
8,29,8,3.082
8,29,9,3.25
8,29,10,3.509
8,29,11,3.764
8,29,12,4.135
8,29,13,4.952
8,29,14,5.817
8,29,15,6.534
8,29,16,7.002
8,29,17,5.823
8,29,18,4.825
8,29,19,4.137
8,29,20,4.082
8,29,21,3.456
8,29,22,3.04
8,29,23,3.162
8,30,0,2.508
8,30,1,2.171
8,30,2,2.009
8,30,3,1.813
8,30,4,1.809
8,30,5,1.983
8,30,6,2.267
8,30,7,2.452
8,30,8,2.805
8,30,9,3.015
8,30,10,3.304
8,30,11,3.758
8,30,12,4.008
8,30,13,4.453
8,30,14,4.76
8,30,15,5.125
8,30,16,5.339
8,30,17,5.108
8,30,18,4.281
8,30,19,3.908
8,30,20,3.865
8,30,21,3.489
8,30,22,3.108
8,30,23,2.745
8,31,0,2.211
8,31,1,1.825
8,31,2,1.637
8,31,3,1.578
8,31,4,1.602
8,31,5,1.932
8,31,6,2.225
8,31,7,2.365
8,31,8,2.706
8,31,9,2.893
8,31,10,3.246
8,31,11,3.663
8,31,12,3.955
8,31,13,4.397
8,31,14,4.738
8,31,15,4.96
8,31,16,5.21
8,31,17,4.843
8,31,18,4.146
8,31,19,3.885
8,31,20,3.815
8,31,21,3.567
8,31,22,3.347
8,31,23,2.664
9,1,0,2.297
9,1,1,2.022
9,1,2,1.779
9,1,3,1.611
9,1,4,1.71
9,1,5,1.999
9,1,6,2.202
9,1,7,2.292
9,1,8,2.505
9,1,9,2.86
9,1,10,2.93
9,1,11,3.027
9,1,12,3.137
9,1,13,3.342
9,1,14,3.617
9,1,15,3.699
9,1,16,3.795
9,1,17,3.586
9,1,18,3.449
9,1,19,3.077
9,1,20,3.067
9,1,21,2.838
9,1,22,2.481
9,1,23,2.234
9,2,0,1.993
9,2,1,1.623
9,2,2,1.502
9,2,3,1.422
9,2,4,1.372
9,2,5,1.551
9,2,6,1.956
9,2,7,2.098
9,2,8,2.133
9,2,9,2.383
9,2,10,2.496
9,2,11,2.659
9,2,12,2.767
9,2,13,3.085
9,2,14,3.109
9,2,15,3.391
9,2,16,3.297
9,2,17,2.913
9,2,18,2.775
9,2,19,2.687
9,2,20,2.667
9,2,21,2.332
9,2,22,2.074
9,2,23,1.829
9,3,0,2.109
9,3,1,1.92
9,3,2,1.531
9,3,3,1.506
9,3,4,1.444
9,3,5,1.465
9,3,6,1.345
9,3,7,1.395
9,3,8,1.712
9,3,9,2.195
9,3,10,2.234
9,3,11,2.28
9,3,12,2.27
9,3,13,2.604
9,3,14,2.64
9,3,15,2.564
9,3,16,2.604
9,3,17,2.604
9,3,18,2.52
9,3,19,2.538
9,3,20,2.52
9,3,21,2.282
9,3,22,2.016
9,3,23,1.772
9,4,0,1.515
9,4,1,1.317
9,4,2,1.295
9,4,3,1.256
9,4,4,1.128
9,4,5,1.062
9,4,6,1.003
9,4,7,1.105
9,4,8,1.418
9,4,9,1.625
9,4,10,1.663
9,4,11,1.815
9,4,12,1.991
9,4,13,2.126
9,4,14,2.179
9,4,15,2.326
9,4,16,2.355
9,4,17,2.432
9,4,18,2.379
9,4,19,2.478
9,4,20,2.425
9,4,21,2.163
9,4,22,1.757
9,4,23,1.443
9,5,0,1.514
9,5,1,1.384
9,5,2,1.267
9,5,3,1.199
9,5,4,1.094
9,5,5,1.044
9,5,6,1.063
9,5,7,1.25
9,5,8,1.435
9,5,9,1.589
9,5,10,1.888
9,5,11,2.099
9,5,12,2.154
9,5,13,2.353
9,5,14,2.446
9,5,15,2.535
9,5,16,2.664
9,5,17,2.677
9,5,18,2.595
9,5,19,2.782
9,5,20,2.886
9,5,21,2.438
9,5,22,2.33
9,5,23,2.137
9,6,0,1.655
9,6,1,1.408
9,6,2,1.335
9,6,3,1.213
9,6,4,1.235
9,6,5,1.409
9,6,6,2.045
9,6,7,2.195
9,6,8,2.462
9,6,9,2.567
9,6,10,2.923
9,6,11,3.225
9,6,12,3.676
9,6,13,3.922
9,6,14,4.145
9,6,15,4.598
9,6,16,5.048
9,6,17,4.7
9,6,18,3.99
9,6,19,3.893
9,6,20,3.761
9,6,21,3.257
9,6,22,2.756
9,6,23,2.412
9,7,0,2.39
9,7,1,1.919
9,7,2,1.773
9,7,3,1.699
9,7,4,1.735
9,7,5,1.957
9,7,6,2.48
9,7,7,2.598
9,7,8,2.775
9,7,9,3.0
9,7,10,3.576
9,7,11,3.787
9,7,12,3.953
9,7,13,4.561
9,7,14,5.259
9,7,15,5.703
9,7,16,5.868
9,7,17,5.497
9,7,18,4.441
9,7,19,4.145
9,7,20,4.046
9,7,21,3.365
9,7,22,2.918
9,7,23,2.617
9,8,0,2.956
9,8,1,2.567
9,8,2,2.36
9,8,3,2.171
9,8,4,2.169
9,8,5,2.484
9,8,6,2.997
9,8,7,3.148
9,8,8,3.316
9,8,9,3.479
9,8,10,4.113
9,8,11,4.357
9,8,12,4.911
9,8,13,5.51
9,8,14,6.597
9,8,15,7.793
9,8,16,7.982
9,8,17,6.686
9,8,18,5.455
9,8,19,5.129
9,8,20,4.928
9,8,21,4.474
9,8,22,3.36
9,8,23,3.5
9,9,0,2.998
9,9,1,2.832
9,9,2,2.67
9,9,3,2.584
9,9,4,2.514
9,9,5,2.727
9,9,6,3.081
9,9,7,3.233
9,9,8,3.534
9,9,9,4.008
9,9,10,4.38
9,9,11,4.853
9,9,12,5.65
9,9,13,6.413
9,9,14,7.66
9,9,15,8.445
9,9,16,8.902
9,9,17,7.411
9,9,18,5.724
9,9,19,5.265
9,9,20,5.211
9,9,21,4.563
9,9,22,3.656
9,9,23,3.196
9,10,0,3.53
9,10,1,2.801
9,10,2,2.582
9,10,3,2.352
9,10,4,2.223
9,10,5,2.194
9,10,6,2.145
9,10,7,2.507
9,10,8,3.22
9,10,9,3.683
9,10,10,3.807
9,10,11,3.934
9,10,12,4.21
9,10,13,4.915
9,10,14,5.552
9,10,15,5.981
9,10,16,6.9
9,10,17,5.46
9,10,18,4.523
9,10,19,4.616
9,10,20,4.21
9,10,21,4.098
9,10,22,3.734
9,10,23,3.269
9,11,0,2.842
9,11,1,2.772
9,11,2,2.654
9,11,3,2.41
9,11,4,2.238
9,11,5,2.208
9,11,6,2.15
9,11,7,2.185
9,11,8,2.424
9,11,9,2.671
9,11,10,2.811
9,11,11,2.957
9,11,12,3.081
9,11,13,3.26
9,11,14,3.412
9,11,15,3.646
9,11,16,3.684
9,11,17,3.447
9,11,18,3.118
9,11,19,3.191
9,11,20,3.052
9,11,21,2.891
9,11,22,2.722
9,11,23,2.296
9,12,0,2.107
9,12,1,1.837
9,12,2,1.704
9,12,3,1.55
9,12,4,1.568
9,12,5,1.98
9,12,6,2.187
9,12,7,2.332
9,12,8,2.451
9,12,9,2.704
9,12,10,2.908
9,12,11,3.015
9,12,12,3.186
9,12,13,3.41
9,12,14,3.693
9,12,15,3.8
9,12,16,3.843
9,12,17,3.628
9,12,18,3.139
9,12,19,3.337
9,12,20,3.082
9,12,21,2.786
9,12,22,2.327
9,12,23,2.079
9,13,0,2.005
9,13,1,1.72
9,13,2,1.616
9,13,3,1.475
9,13,4,1.523
9,13,5,1.913
9,13,6,2.301
9,13,7,2.268
9,13,8,2.487
9,13,9,2.664
9,13,10,2.902
9,13,11,3.192
9,13,12,3.59
9,13,13,3.926
9,13,14,4.092
9,13,15,4.276
9,13,16,4.688
9,13,17,4.313
9,13,18,3.736
9,13,19,3.886
9,13,20,3.671
9,13,21,3.329
9,13,22,2.936
9,13,23,2.144
9,14,0,2.031
9,14,1,1.701
9,14,2,1.574
9,14,3,1.449
9,14,4,1.481
9,14,5,1.808
9,14,6,2.429
9,14,7,2.497
9,14,8,2.597
9,14,9,3.044
9,14,10,3.606
9,14,11,3.745
9,14,12,4.5
9,14,13,4.701
9,14,14,5.318
9,14,15,5.813
9,14,16,6.048
9,14,17,5.245
9,14,18,4.233
9,14,19,4.297
9,14,20,4.0
9,14,21,3.375
9,14,22,3.096
9,14,23,2.609
9,15,0,1.919
9,15,1,1.643
9,15,2,1.577
9,15,3,1.363
9,15,4,1.395
9,15,5,1.692
9,15,6,2.185
9,15,7,2.215
9,15,8,2.319
9,15,9,2.555
9,15,10,2.7
9,15,11,2.867
9,15,12,2.892
9,15,13,2.959
9,15,14,3.06
9,15,15,3.145
9,15,16,3.204
9,15,17,3.061
9,15,18,2.865
9,15,19,2.975
9,15,20,2.791
9,15,21,2.326
9,15,22,1.966
9,15,23,1.744
9,16,0,1.809
9,16,1,1.592
9,16,2,1.453
9,16,3,1.286
9,16,4,1.394
9,16,5,1.628
9,16,6,2.161
9,16,7,2.098
9,16,8,2.351
9,16,9,2.503
9,16,10,2.618
9,16,11,2.725
9,16,12,2.771
9,16,13,2.824
9,16,14,3.116
9,16,15,3.227
9,16,16,3.345
9,16,17,3.191
9,16,18,3.092
9,16,19,3.135
9,16,20,2.972
9,16,21,2.481
9,16,22,2.107
9,16,23,1.886
9,17,0,1.869
9,17,1,1.511
9,17,2,1.426
9,17,3,1.403
9,17,4,1.386
9,17,5,1.32
9,17,6,1.54
9,17,7,1.645
9,17,8,2.012
9,17,9,2.277
9,17,10,2.356
9,17,11,2.806
9,17,12,2.852
9,17,13,2.928
9,17,14,2.976
9,17,15,3.063
9,17,16,3.206
9,17,17,3.171
9,17,18,2.992
9,17,19,3.213
9,17,20,3.013
9,17,21,2.741
9,17,22,2.535
9,17,23,2.074
9,18,0,3.5
9,18,1,2.085
9,18,2,1.904
9,18,3,1.711
9,18,4,1.594
9,18,5,1.586
9,18,6,1.607
9,18,7,1.847
9,18,8,1.928
9,18,9,2.321
9,18,10,2.701
9,18,11,2.817
9,18,12,3.073
9,18,13,3.318
9,18,14,3.304
9,18,15,3.463
9,18,16,3.725
9,18,17,3.718
9,18,18,3.365
9,18,19,3.834
9,18,20,3.533
9,18,21,3.102
9,18,22,2.63
9,18,23,2.164
9,19,0,2.376
9,19,1,2.079
9,19,2,1.921
9,19,3,1.797
9,19,4,1.801
9,19,5,2.111
9,19,6,2.376
9,19,7,2.669
9,19,8,2.843
9,19,9,3.205
9,19,10,3.489
9,19,11,3.749
9,19,12,3.95
9,19,13,4.596
9,19,14,4.056
9,19,15,4.637
9,19,16,4.856
9,19,17,4.276
9,19,18,3.784
9,19,19,4.245
9,19,20,3.871
9,19,21,3.105
9,19,22,2.762
9,19,23,2.501
9,20,0,2.224
9,20,1,2.072
9,20,2,1.924
9,20,3,1.802
9,20,4,1.826
9,20,5,2.096
9,20,6,2.492
9,20,7,2.605
9,20,8,2.843
9,20,9,3.035
9,20,10,3.447
9,20,11,3.728
9,20,12,3.728
9,20,13,4.115
9,20,14,4.5
9,20,15,5.326
9,20,16,5.7
9,20,17,5.177
9,20,18,4.423
9,20,19,4.563
9,20,20,3.988
9,20,21,3.18
9,20,22,2.75
9,20,23,2.547
9,21,0,2.988
9,21,1,2.399
9,21,2,2.225
9,21,3,2.083
9,21,4,2.107
9,21,5,2.362
9,21,6,2.667
9,21,7,2.815
9,21,8,3.024
9,21,9,3.385
9,21,10,3.743
9,21,11,3.736
9,21,12,4.005
9,21,13,4.476
9,21,14,4.744
9,21,15,5.182
9,21,16,5.992
9,21,17,5.309
9,21,18,4.416
9,21,19,4.867
9,21,20,3.881
9,21,21,3.2
9,21,22,2.632
9,21,23,2.539
9,22,0,2.109
9,22,1,1.845
9,22,2,1.668
9,22,3,1.507
9,22,4,1.565
9,22,5,1.911
9,22,6,2.498
9,22,7,2.477
9,22,8,2.685
9,22,9,2.998
9,22,10,3.203
9,22,11,3.892
9,22,12,3.689
9,22,13,4.064
9,22,14,4.261
9,22,15,4.873
9,22,16,5.304
9,22,17,5.139
9,22,18,4.261
9,22,19,4.522
9,22,20,3.64
9,22,21,3.119
9,22,22,2.542
9,22,23,2.349
9,23,0,2.103
9,23,1,1.842
9,23,2,1.602
9,23,3,1.504
9,23,4,1.541
9,23,5,1.962
9,23,6,2.413
9,23,7,2.417
9,23,8,2.614
9,23,9,2.797
9,23,10,2.929
9,23,11,3.072
9,23,12,3.304
9,23,13,3.596
9,23,14,4.15
9,23,15,4.7
9,23,16,4.969
9,23,17,4.203
9,23,18,3.447
9,23,19,3.857
9,23,20,3.247
9,23,21,2.854
9,23,22,3.69
9,23,23,2.412
9,24,0,2.189
9,24,1,2.0
9,24,2,1.655
9,24,3,1.49
9,24,4,1.401
9,24,5,1.344
9,24,6,1.506
9,24,7,1.504
9,24,8,1.929
9,24,9,1.988
9,24,10,1.912
9,24,11,2.08
9,24,12,2.032
9,24,13,2.183
9,24,14,2.206
9,24,15,2.232
9,24,16,2.245
9,24,17,2.287
9,24,18,2.232
9,24,19,2.35
9,24,20,2.257
9,24,21,2.011
9,24,22,1.696
9,24,23,1.534
9,25,0,1.715
9,25,1,1.531
9,25,2,1.395
9,25,3,1.255
9,25,4,1.112
9,25,5,1.16
9,25,6,1.254
9,25,7,1.23
9,25,8,1.503
9,25,9,1.6
9,25,10,1.531
9,25,11,1.721
9,25,12,1.738
9,25,13,1.838
9,25,14,1.815
9,25,15,1.815
9,25,16,1.824
9,25,17,1.858
9,25,18,1.946
9,25,19,2.22
9,25,20,1.961
9,25,21,1.697
9,25,22,1.409
9,25,23,1.325
9,26,0,1.526
9,26,1,1.373
9,26,2,1.19
9,26,3,1.059
9,26,4,1.031
9,26,5,1.41
9,26,6,1.836
9,26,7,2.02
9,26,8,2.364
9,26,9,2.611
9,26,10,2.649
9,26,11,2.666
9,26,12,2.67
9,26,13,2.739
9,26,14,2.673
9,26,15,2.811
9,26,16,2.811
9,26,17,2.719
9,26,18,2.838
9,26,19,3.078
9,26,20,2.672
9,26,21,2.215
9,26,22,1.716
9,26,23,1.683
9,27,0,1.609
9,27,1,1.47
9,27,2,1.352
9,27,3,1.186
9,27,4,1.313
9,27,5,1.501
9,27,6,1.888
9,27,7,2.07
9,27,8,2.24
9,27,9,2.477
9,27,10,2.661
9,27,11,2.752
9,27,12,2.834
9,27,13,2.884
9,27,14,2.811
9,27,15,2.908
9,27,16,2.696
9,27,17,2.802
9,27,18,2.722
9,27,19,3.236
9,27,20,2.684
9,27,21,2.096
9,27,22,1.736
9,27,23,1.554
9,28,0,1.313
9,28,1,1.143
9,28,2,0.939
9,28,3,0.9
9,28,4,0.975
9,28,5,1.184
9,28,6,1.743
9,28,7,1.72
9,28,8,2.024
9,28,9,2.217
9,28,10,2.341
9,28,11,2.443
9,28,12,2.409
9,28,13,2.409
9,28,14,2.43
9,28,15,2.44
9,28,16,2.559
9,28,17,2.58
9,28,18,2.57
9,28,19,2.796
9,28,20,2.374
9,28,21,1.763
9,28,22,1.515
9,28,23,1.421
9,29,0,1.338
9,29,1,1.241
9,29,2,0.962
9,29,3,0.912
9,29,4,1.021
9,29,5,1.387
9,29,6,1.709
9,29,7,1.764
9,29,8,1.947
9,29,9,2.062
9,29,10,2.0
9,29,11,2.063
9,29,12,2.033
9,29,13,2.051
9,29,14,1.929
9,29,15,1.991
9,29,16,2.05
9,29,17,2.07
9,29,18,2.132
9,29,19,2.477
9,29,20,1.987
9,29,21,1.629
9,29,22,1.351
9,29,23,1.169
9,30,0,1.311
9,30,1,1.003
9,30,2,0.744
9,30,3,0.719
9,30,4,0.625
9,30,5,0.981
9,30,6,1.586
9,30,7,1.768
9,30,8,1.797
9,30,9,1.898
9,30,10,1.88
9,30,11,1.907
9,30,12,1.905
9,30,13,1.905
9,30,14,1.845
9,30,15,1.853
9,30,16,1.927
9,30,17,1.926
9,30,18,1.936
9,30,19,2.15
9,30,20,1.83
9,30,21,1.578
9,30,22,1.332
9,30,23,1.232
10,1,0,1.141
10,1,1,1.017
10,1,2,0.847
10,1,3,0.659
10,1,4,0.621
10,1,5,0.61
10,1,6,1.007
10,1,7,1.13
10,1,8,1.509
10,1,9,1.54
10,1,10,1.523
10,1,11,1.548
10,1,12,1.6
10,1,13,1.615
10,1,14,1.516
10,1,15,1.549
10,1,16,1.734
10,1,17,1.778
10,1,18,1.967
10,1,19,1.882
10,1,20,1.752
10,1,21,1.571
10,1,22,1.275
10,1,23,1.185
10,2,0,0.864
10,2,1,0.804
10,2,2,0.656
10,2,3,0.595
10,2,4,0.584
10,2,5,0.573
10,2,6,0.698
10,2,7,0.862
10,2,8,1.172
10,2,9,1.447
10,2,10,1.448
10,2,11,1.507
10,2,12,1.511
10,2,13,1.514
10,2,14,1.479
10,2,15,1.519
10,2,16,1.523
10,2,17,1.634
10,2,18,1.862
10,2,19,1.817
10,2,20,1.714
10,2,21,1.444
10,2,22,1.205
10,2,23,1.068
10,3,0,1.133
10,3,1,1.014
10,3,2,0.868
10,3,3,0.819
10,3,4,0.952
10,3,5,1.138
10,3,6,1.834
10,3,7,1.913
10,3,8,2.143
10,3,9,2.223
10,3,10,2.254
10,3,11,2.413
10,3,12,2.393
10,3,13,2.447
10,3,14,2.33
10,3,15,2.327
10,3,16,2.403
10,3,17,2.441
10,3,18,2.514
10,3,19,2.726
10,3,20,2.219
10,3,21,1.806
10,3,22,1.504
10,3,23,1.174
10,4,0,1.258
10,4,1,1.069
10,4,2,0.863
10,4,3,0.821
10,4,4,0.829
10,4,5,1.071
10,4,6,1.713
10,4,7,1.676
10,4,8,2.001
10,4,9,2.071
10,4,10,2.165
10,4,11,2.227
10,4,12,2.121
10,4,13,2.136
10,4,14,2.1
10,4,15,2.117
10,4,16,2.183
10,4,17,2.232
10,4,18,2.332
10,4,19,2.525
10,4,20,2.101
10,4,21,1.715
10,4,22,1.336
10,4,23,1.226
10,5,0,1.458
10,5,1,1.287
10,5,2,1.126
10,5,3,1.125
10,5,4,1.183
10,5,5,1.289
10,5,6,1.92
10,5,7,2.068
10,5,8,2.044
10,5,9,2.156
10,5,10,2.321
10,5,11,2.308
10,5,12,2.292
10,5,13,2.3
10,5,14,2.309
10,5,15,2.292
10,5,16,2.255
10,5,17,2.29
10,5,18,2.4
10,5,19,2.539
10,5,20,2.086
10,5,21,1.8
10,5,22,1.546
10,5,23,1.459
10,6,0,1.509
10,6,1,1.383
10,6,2,1.274
10,6,3,1.228
10,6,4,1.262
10,6,5,1.442
10,6,6,2.054
10,6,7,2.035
10,6,8,2.034
10,6,9,2.215
10,6,10,2.293
10,6,11,2.352
10,6,12,2.311
10,6,13,2.37
10,6,14,2.411
10,6,15,2.413
10,6,16,2.49
10,6,17,2.483
10,6,18,2.684
10,6,19,2.98
10,6,20,2.303
10,6,21,1.873
10,6,22,1.505
10,6,23,1.365
10,7,0,1.689
10,7,1,1.445
10,7,2,1.341
10,7,3,1.278
10,7,4,1.176
10,7,5,1.471
10,7,6,2.061
10,7,7,2.078
10,7,8,2.008
10,7,9,2.242
10,7,10,2.293
10,7,11,2.392
10,7,12,2.414
10,7,13,2.493
10,7,14,2.474
10,7,15,2.508
10,7,16,2.514
10,7,17,2.492
10,7,18,2.494
10,7,19,2.564
10,7,20,2.197
10,7,21,1.955
10,7,22,1.71
10,7,23,1.646
10,8,0,1.668
10,8,1,1.512
10,8,2,1.312
10,8,3,1.226
10,8,4,1.259
10,8,5,1.191
10,8,6,1.552
10,8,7,1.666
10,8,8,1.823
10,8,9,2.101
10,8,10,2.078
10,8,11,2.103
10,8,12,2.15
10,8,13,2.108
10,8,14,2.078
10,8,15,2.081
10,8,16,2.077
10,8,17,2.102
10,8,18,2.284
10,8,19,2.274
10,8,20,2.103
10,8,21,2.018
10,8,22,1.731
10,8,23,1.507
10,9,0,1.277
10,9,1,1.325
10,9,2,1.146
10,9,3,0.995
10,9,4,0.934
10,9,5,0.972
10,9,6,0.926
10,9,7,1.019
10,9,8,1.225
10,9,9,1.475
10,9,10,1.506
10,9,11,1.511
10,9,12,1.512
10,9,13,1.489
10,9,14,1.444
10,9,15,1.466
10,9,16,1.491
10,9,17,1.586
10,9,18,2.019
10,9,19,2.052
10,9,20,1.748
10,9,21,1.511
10,9,22,1.323
10,9,23,1.265
10,10,0,1.102
10,10,1,0.967
10,10,2,0.907
10,10,3,0.917
10,10,4,0.902
10,10,5,0.984
10,10,6,1.721
10,10,7,1.882
10,10,8,1.94
10,10,9,2.103
10,10,10,1.901
10,10,11,2.002
10,10,12,2.001
10,10,13,2.239
10,10,14,1.974
10,10,15,2.144
10,10,16,2.276
10,10,17,2.278
10,10,18,2.387
10,10,19,2.397
10,10,20,2.211
10,10,21,1.762
10,10,22,1.534
10,10,23,1.453
10,11,0,1.171
10,11,1,1.16
10,11,2,1.059
10,11,3,1.025
10,11,4,0.999
10,11,5,1.305
10,11,6,1.905
10,11,7,1.883
10,11,8,1.778
10,11,9,1.939
10,11,10,1.912
10,11,11,1.977
10,11,12,1.921
10,11,13,1.996
10,11,14,1.893
10,11,15,2.003
10,11,16,2.103
10,11,17,2.279
10,11,18,2.454
10,11,19,2.498
10,11,20,2.229
10,11,21,1.799
10,11,22,1.515
10,11,23,1.42
10,12,0,1.419
10,12,1,1.338
10,12,2,1.118
10,12,3,1.14
10,12,4,1.107
10,12,5,1.234
10,12,6,2.004
10,12,7,2.026
10,12,8,2.003
10,12,9,2.052
10,12,10,2.075
10,12,11,2.312
10,12,12,2.17
10,12,13,2.402
10,12,14,2.3
10,12,15,2.401
10,12,16,2.4
10,12,17,2.455
10,12,18,2.623
10,12,19,2.658
10,12,20,2.249
10,12,21,1.799
10,12,22,1.658
10,12,23,1.387
10,13,0,1.503
10,13,1,1.461
10,13,2,1.345
10,13,3,1.287
10,13,4,1.205
10,13,5,1.383
10,13,6,2.016
10,13,7,2.09
10,13,8,2.104
10,13,9,2.192
10,13,10,2.207
10,13,11,2.307
10,13,12,2.265
10,13,13,2.325
10,13,14,2.282
10,13,15,2.325
10,13,16,2.325
10,13,17,2.325
10,13,18,2.55
10,13,19,2.779
10,13,20,2.309
10,13,21,1.944
10,13,22,1.579
10,13,23,1.508
10,14,0,1.615
10,14,1,1.546
10,14,2,1.414
10,14,3,1.415
10,14,4,1.367
10,14,5,1.556
10,14,6,2.102
10,14,7,2.202
10,14,8,2.124
10,14,9,2.177
10,14,10,2.202
10,14,11,2.27
10,14,12,2.215
10,14,13,2.218
10,14,14,2.262
10,14,15,2.222
10,14,16,2.272
10,14,17,2.274
10,14,18,2.53
10,14,19,2.695
10,14,20,2.27
10,14,21,1.986
10,14,22,1.705
10,14,23,1.587
10,15,0,1.755
10,15,1,1.584
10,15,2,1.526
10,15,3,1.441
10,15,4,1.491
10,15,5,1.525
10,15,6,1.807
10,15,7,1.921
10,15,8,2.087
10,15,9,2.119
10,15,10,2.106
10,15,11,2.108
10,15,12,2.1
10,15,13,2.013
10,15,14,1.993
10,15,15,1.953
10,15,16,2.008
10,15,17,2.11
10,15,18,2.33
10,15,19,2.694
10,15,20,2.185
10,15,21,2.111
10,15,22,1.631
10,15,23,1.466
10,16,0,1.418
10,16,1,1.383
10,16,2,1.207
10,16,3,1.001
10,16,4,1.013
10,16,5,1.069
10,16,6,1.194
10,16,7,1.364
10,16,8,1.508
10,16,9,1.712
10,16,10,1.73
10,16,11,1.753
10,16,12,1.751
10,16,13,1.741
10,16,14,1.656
10,16,15,1.736
10,16,16,1.811
10,16,17,2.042
10,16,18,2.578
10,16,19,2.8
10,16,20,2.2
10,16,21,2.007
10,16,22,1.615
10,16,23,1.405
10,17,0,1.489
10,17,1,1.459
10,17,2,1.343
10,17,3,1.39
10,17,4,1.392
10,17,5,1.561
10,17,6,2.414
10,17,7,2.712
10,17,8,2.63
10,17,9,2.928
10,17,10,3.081
10,17,11,3.234
10,17,12,3.323
10,17,13,3.281
10,17,14,3.244
10,17,15,3.35
10,17,16,3.57
10,17,17,3.581
10,17,18,3.838
10,17,19,3.883
10,17,20,3.146
10,17,21,2.326
10,17,22,2.18
10,17,23,2.031
10,18,0,2.009
10,18,1,2.007
10,18,2,1.965
10,18,3,1.975
10,18,4,1.928
10,18,5,2.01
10,18,6,2.233
10,18,7,2.803
10,18,8,2.938
10,18,9,3.113
10,18,10,3.224
10,18,11,3.392
10,18,12,3.689
10,18,13,3.807
10,18,14,3.897
10,18,15,3.9
10,18,16,3.901
10,18,17,4.086
10,18,18,4.309
10,18,19,4.087
10,18,20,3.206
10,18,21,2.688
10,18,22,2.195
10,18,23,2.109
10,19,0,2.279
10,19,1,2.142
10,19,2,2.015
10,19,3,2.013
10,19,4,2.091
10,19,5,2.197
10,19,6,2.686
10,19,7,3.031
10,19,8,3.228
10,19,9,3.315
10,19,10,3.444
10,19,11,3.693
10,19,12,3.784
10,19,13,3.953
10,19,14,4.295
10,19,15,4.473
10,19,16,4.657
10,19,17,4.3
10,19,18,4.232
10,19,19,4.17
10,19,20,3.424
10,19,21,2.864
10,19,22,2.465
10,19,23,2.294
10,20,0,2.081
10,20,1,1.974
10,20,2,1.761
10,20,3,1.719
10,20,4,1.834
10,20,5,1.893
10,20,6,2.53
10,20,7,2.619
10,20,8,2.64
10,20,9,2.762
10,20,10,2.834
10,20,11,2.9
10,20,12,2.901
10,20,13,2.884
10,20,14,2.88
10,20,15,2.86
10,20,16,2.909
10,20,17,3.096
10,20,18,3.439
10,20,19,3.449
10,20,20,2.811
10,20,21,2.418
10,20,22,2.137
10,20,23,2.12
10,21,0,1.901
10,21,1,1.815
10,21,2,1.601
10,21,3,1.73
10,21,4,1.673
10,21,5,1.759
10,21,6,2.275
10,21,7,2.31
10,21,8,2.381
10,21,9,2.528
10,21,10,2.677
10,21,11,2.685
10,21,12,2.6
10,21,13,2.637
10,21,14,2.549
10,21,15,2.525
10,21,16,2.504
10,21,17,2.545
10,21,18,2.788
10,21,19,2.679
10,21,20,2.48
10,21,21,2.225
10,21,22,1.937
10,21,23,1.988
10,22,0,1.726
10,22,1,1.809
10,22,2,1.616
10,22,3,1.411
10,22,4,1.367
10,22,5,1.509
10,22,6,1.737
10,22,7,1.772
10,22,8,2.03
10,22,9,2.415
10,22,10,2.454
10,22,11,2.456
10,22,12,2.362
10,22,13,2.222
10,22,14,2.164
10,22,15,2.085
10,22,16,2.125
10,22,17,2.356
10,22,18,2.884
10,22,19,2.446
10,22,20,2.188
10,22,21,2.036
10,22,22,1.663
10,22,23,1.517
10,23,0,1.634
10,23,1,1.736
10,23,2,1.596
10,23,3,1.3
10,23,4,1.31
10,23,5,1.186
10,23,6,1.097
10,23,7,1.147
10,23,8,1.385
10,23,9,1.596
10,23,10,1.74
10,23,11,1.802
10,23,12,1.756
10,23,13,1.733
10,23,14,1.673
10,23,15,1.665
10,23,16,1.738
10,23,17,2.173
10,23,18,2.671
10,23,19,2.635
10,23,20,2.404
10,23,21,1.969
10,23,22,1.626
10,23,23,1.48
10,24,0,1.45
10,24,1,1.389
10,24,2,1.199
10,24,3,1.156
10,24,4,1.171
10,24,5,1.399
10,24,6,2.066
10,24,7,2.311
10,24,8,2.345
10,24,9,2.511
10,24,10,2.605
10,24,11,2.67
10,24,12,2.679
10,24,13,2.621
10,24,14,2.619
10,24,15,2.677
10,24,16,2.793
10,24,17,2.863
10,24,18,3.442
10,24,19,3.072
10,24,20,2.711
10,24,21,2.014
10,24,22,1.669
10,24,23,1.52
10,25,0,1.421
10,25,1,1.233
10,25,2,1.178
10,25,3,1.147
10,25,4,1.146
10,25,5,1.507
10,25,6,2.493
10,25,7,2.731
10,25,8,2.76
10,25,9,2.884
10,25,10,2.78
10,25,11,2.678
10,25,12,2.648
10,25,13,2.62
10,25,14,2.487
10,25,15,2.551
10,25,16,2.669
10,25,17,3.005
10,25,18,3.703
10,25,19,3.422
10,25,20,2.911
10,25,21,2.174
10,25,22,1.741
10,25,23,1.589
10,26,0,1.523
10,26,1,1.444
10,26,2,1.449
10,26,3,1.53
10,26,4,1.529
10,26,5,2.33
10,26,6,3.428
10,26,7,3.741
10,26,8,3.342
10,26,9,3.164
10,26,10,3.067
10,26,11,2.998
10,26,12,2.91
10,26,13,2.816
10,26,14,2.764
10,26,15,2.694
10,26,16,2.865
10,26,17,3.125
10,26,18,4.286
10,26,19,4.079
10,26,20,3.337
10,26,21,2.968
10,26,22,2.45
10,26,23,2.168
10,27,0,2.084
10,27,1,1.912
10,27,2,1.762
10,27,3,1.755
10,27,4,1.752
10,27,5,2.157
10,27,6,3.258
10,27,7,3.302
10,27,8,3.212
10,27,9,3.288
10,27,10,3.231
10,27,11,3.012
10,27,12,2.857
10,27,13,2.854
10,27,14,2.6
10,27,15,2.611
10,27,16,2.973
10,27,17,3.311
10,27,18,3.845
10,27,19,3.618
10,27,20,2.898
10,27,21,2.36
10,27,22,2.129
10,27,23,1.833
10,28,0,1.773
10,28,1,1.636
10,28,2,1.391
10,28,3,1.369
10,28,4,1.445
10,28,5,1.637
10,28,6,2.319
10,28,7,2.614
10,28,8,2.603
10,28,9,2.76
10,28,10,2.817
10,28,11,2.721
10,28,12,2.702
10,28,13,2.555
10,28,14,2.534
10,28,15,2.51
10,28,16,2.711
10,28,17,3.012
10,28,18,3.425
10,28,19,3.166
10,28,20,2.71
10,28,21,2.405
10,28,22,2.0
10,28,23,1.666
10,29,0,1.816
10,29,1,1.771
10,29,2,1.766
10,29,3,1.544
10,29,4,1.52
10,29,5,1.496
10,29,6,1.669
10,29,7,1.723
10,29,8,1.923
10,29,9,2.172
10,29,10,2.224
10,29,11,2.133
10,29,12,2.078
10,29,13,2.065
10,29,14,1.971
10,29,15,1.952
10,29,16,2.076
10,29,17,2.688
10,29,18,2.884
10,29,19,2.759
10,29,20,2.574
10,29,21,2.02
10,29,22,1.603
10,29,23,1.586
10,30,0,1.488
10,30,1,1.416
10,30,2,1.322
10,30,3,1.21
10,30,4,1.204
10,30,5,1.27
10,30,6,1.315
10,30,7,1.34
10,30,8,1.678
10,30,9,1.793
10,30,10,1.821
10,30,11,1.819
10,30,12,1.957
10,30,13,2.025
10,30,14,1.822
10,30,15,1.904
10,30,16,2.077
10,30,17,2.617
10,30,18,3.417
10,30,19,2.972
10,30,20,2.492
10,30,21,2.225
10,30,22,1.782
10,30,23,1.529
10,31,0,1.628
10,31,1,1.529
10,31,2,1.429
10,31,3,1.405
10,31,4,1.474
10,31,5,1.766
10,31,6,2.824
10,31,7,2.92
10,31,8,3.028
10,31,9,3.081
10,31,10,3.064
10,31,11,3.172
10,31,12,3.074
10,31,13,2.907
10,31,14,2.8
10,31,15,2.837
10,31,16,2.921
10,31,17,3.424
10,31,18,3.821
10,31,19,3.618
10,31,20,3.27
10,31,21,2.844
10,31,22,2.356
10,31,23,2.161
11,1,0,2.115
11,1,1,1.933
11,1,2,1.884
11,1,3,1.821
11,1,4,1.814
11,1,5,2.149
11,1,6,3.096
11,1,7,3.367
11,1,8,3.165
11,1,9,3.039
11,1,10,3.118
11,1,11,3.096
11,1,12,3.002
11,1,13,2.959
11,1,14,2.86
11,1,15,2.942
11,1,16,3.025
11,1,17,3.684
11,1,18,4.135
11,1,19,3.745
11,1,20,3.293
11,1,21,2.852
11,1,22,2.385
11,1,23,2.102
11,2,0,1.925
11,2,1,1.801
11,2,2,1.754
11,2,3,1.705
11,2,4,1.582
11,2,5,1.507
11,2,6,2.772
11,2,7,2.766
11,2,8,2.867
11,2,9,2.955
11,2,10,2.84
11,2,11,2.881
11,2,12,2.824
11,2,13,2.725
11,2,14,2.643
11,2,15,2.752
11,2,16,2.902
11,2,17,3.521
11,2,18,3.911
11,2,19,3.581
11,2,20,2.97
11,2,21,2.429
11,2,22,2.109
11,2,23,1.988
11,3,0,1.579
11,3,1,1.473
11,3,2,1.383
11,3,3,1.361
11,3,4,1.386
11,3,5,1.514
11,3,6,2.472
11,3,7,2.607
11,3,8,2.641
11,3,9,2.685
11,3,10,2.794
11,3,11,2.847
11,3,12,2.823
11,3,13,2.798
11,3,14,2.773
11,3,15,2.806
11,3,16,3.006
11,3,17,3.659
11,3,18,4.0
11,3,19,3.436
11,3,20,2.865
11,3,21,2.295
11,3,22,1.934
11,3,23,1.856
11,4,0,1.541
11,4,1,1.476
11,4,2,1.426
11,4,3,1.391
11,4,4,1.364
11,4,5,1.457
11,4,6,2.497
11,4,7,2.744
11,4,8,2.611
11,4,9,2.662
11,4,10,2.637
11,4,11,2.662
11,4,12,2.638
11,4,13,2.503
11,4,14,2.406
11,4,15,2.342
11,4,16,2.671
11,4,17,3.031
11,4,18,3.5
11,4,19,3.145
11,4,20,2.649
11,4,21,2.32
11,4,22,2.044
11,4,23,1.87
11,5,0,1.65
11,5,1,1.69
11,5,2,1.473
11,5,3,1.261
11,5,4,1.235
11,5,5,1.337
11,5,6,1.661
11,5,7,1.621
11,5,8,1.998
11,5,9,2.178
11,5,10,2.302
11,5,11,2.122
11,5,12,2.016
11,5,13,1.944
11,5,14,1.748
11,5,15,1.685
11,5,16,2.001
11,5,17,2.539
11,5,18,3.097
11,5,19,2.702
11,5,20,2.444
11,5,21,1.89
11,5,22,1.716
11,5,23,1.67
11,6,0,1.478
11,6,1,1.2365
11,6,2,1.119
11,6,3,1.015
11,6,4,1.017
11,6,5,1.017
11,6,6,1.147
11,6,7,1.165
11,6,8,1.417
11,6,9,1.687
11,6,10,1.63
11,6,11,1.818
11,6,12,1.785
11,6,13,1.672
11,6,14,1.671
11,6,15,1.683
11,6,16,2.56
11,6,17,3.5
11,6,18,3.448
11,6,19,2.94
11,6,20,2.602
11,6,21,2.04
11,6,22,1.647
11,6,23,1.652
11,7,0,1.527
11,7,1,1.415
11,7,2,1.331
11,7,3,1.351
11,7,4,1.483
11,7,5,1.742
11,7,6,3.051
11,7,7,2.9
11,7,8,2.836
11,7,9,2.78
11,7,10,2.729
11,7,11,2.67
11,7,12,2.54
11,7,13,2.501
11,7,14,2.373
11,7,15,2.445
11,7,16,3.026
11,7,17,4.099
11,7,18,3.825
11,7,19,3.098
11,7,20,2.7
11,7,21,2.141
11,7,22,1.752
11,7,23,1.7
11,8,0,1.576
11,8,1,1.49
11,8,2,1.47
11,8,3,1.486
11,8,4,1.515
11,8,5,1.695
11,8,6,2.906
11,8,7,2.928
11,8,8,3.048
11,8,9,2.974
11,8,10,2.851
11,8,11,2.691
11,8,12,2.539
11,8,13,2.608
11,8,14,2.502
11,8,15,2.776
11,8,16,3.49
11,8,17,4.516
11,8,18,4.103
11,8,19,3.309
11,8,20,2.96
11,8,21,2.46
11,8,22,1.954
11,8,23,1.707
11,9,0,1.512
11,9,1,1.415
11,9,2,1.382
11,9,3,1.373
11,9,4,1.353
11,9,5,1.513
11,9,6,2.684
11,9,7,2.633
11,9,8,2.802
11,9,9,2.774
11,9,10,2.853
11,9,11,2.819
11,9,12,2.7
11,9,13,2.627
11,9,14,2.504
11,9,15,2.693
11,9,16,3.668
11,9,17,4.262
11,9,18,4.068
11,9,19,3.385
11,9,20,2.892
11,9,21,2.4
11,9,22,2.011
11,9,23,1.808
11,10,0,1.803
11,10,1,1.748
11,10,2,1.602
11,10,3,1.62
11,10,4,1.616
11,10,5,1.773
11,10,6,2.669
11,10,7,2.706
11,10,8,2.952
11,10,9,3.005
11,10,10,2.906
11,10,11,2.783
11,10,12,2.6
11,10,13,2.522
11,10,14,2.406
11,10,15,2.746
11,10,16,3.702
11,10,17,4.462
11,10,18,4.065
11,10,19,3.325
11,10,20,2.851
11,10,21,2.507
11,10,22,1.839
11,10,23,1.899
11,11,0,1.771
11,11,1,1.774
11,11,2,1.619
11,11,3,1.684
11,11,4,1.669
11,11,5,1.45
11,11,6,2.427
11,11,7,2.466
11,11,8,2.548
11,11,9,2.516
11,11,10,2.415
11,11,11,2.36
11,11,12,2.191
11,11,13,2.193
11,11,14,2.072
11,11,15,2.133
11,11,16,2.911
11,11,17,3.511
11,11,18,3.102
11,11,19,2.766
11,11,20,2.453
11,11,21,2.279
11,11,22,1.911
11,11,23,1.823
11,12,0,1.815
11,12,1,1.775
11,12,2,1.609
11,12,3,1.661
11,12,4,1.699
11,12,5,1.783
11,12,6,1.968
11,12,7,2.062
11,12,8,2.364
11,12,9,2.547
11,12,10,2.431
11,12,11,2.175
11,12,12,2.097
11,12,13,2.039
11,12,14,1.884
11,12,15,1.952
11,12,16,2.813
11,12,17,3.385
11,12,18,3.378
11,12,19,2.998
11,12,20,2.649
11,12,21,2.386
11,12,22,2.011
11,12,23,1.788
11,13,0,1.842
11,13,1,1.729
11,13,2,1.68
11,13,3,1.703
11,13,4,1.637
11,13,5,1.617
11,13,6,1.721
11,13,7,1.696
11,13,8,2.076
11,13,9,2.164
11,13,10,2.188
11,13,11,1.919
11,13,12,1.859
11,13,13,1.783
11,13,14,1.798
11,13,15,1.858
11,13,16,2.716
11,13,17,3.555
11,13,18,3.2
11,13,19,2.8
11,13,20,2.385
11,13,21,2.085
11,13,22,1.811
11,13,23,1.679
11,14,0,1.584
11,14,1,1.525
11,14,2,1.367
11,14,3,1.403
11,14,4,1.554
11,14,5,1.566
11,14,6,2.57
11,14,7,2.676
11,14,8,2.952
11,14,9,2.952
11,14,10,2.777
11,14,11,2.619
11,14,12,2.534
11,14,13,2.488
11,14,14,2.469
11,14,15,2.606
11,14,16,3.465
11,14,17,4.307
11,14,18,3.933
11,14,19,3.411
11,14,20,3.083
11,14,21,2.647
11,14,22,2.131
11,14,23,1.962
11,15,0,1.589
11,15,1,1.478
11,15,2,1.355
11,15,3,1.344
11,15,4,1.46
11,15,5,1.593
11,15,6,2.568
11,15,7,2.707
11,15,8,3.1
11,15,9,2.955
11,15,10,2.879
11,15,11,2.765
11,15,12,2.696
11,15,13,2.674
11,15,14,2.587
11,15,15,2.771
11,15,16,3.287
11,15,17,3.994
11,15,18,3.548
11,15,19,3.272
11,15,20,2.856
11,15,21,2.551
11,15,22,2.112
11,15,23,2.0
11,16,0,1.604
11,16,1,1.441
11,16,2,1.287
11,16,3,1.25
11,16,4,1.348
11,16,5,1.515
11,16,6,2.382
11,16,7,2.731
11,16,8,2.757
11,16,9,2.643
11,16,10,2.643
11,16,11,2.506
11,16,12,2.39
11,16,13,2.404
11,16,14,2.238
11,16,15,2.482
11,16,16,3.272
11,16,17,3.8
11,16,18,3.275
11,16,19,3.082
11,16,20,2.67
11,16,21,2.28
11,16,22,1.955
11,16,23,1.857
11,17,0,1.705
11,17,1,1.59
11,17,2,1.439
11,17,3,1.43
11,17,4,1.458
11,17,5,1.667
11,17,6,2.438
11,17,7,2.79
11,17,8,2.657
11,17,9,2.634
11,17,10,2.634
11,17,11,2.482
11,17,12,2.336
11,17,13,2.278
11,17,14,2.184
11,17,15,2.303
11,17,16,3.134
11,17,17,3.802
11,17,18,3.268
11,17,19,3.005
11,17,20,2.645
11,17,21,2.406
11,17,22,2.119
11,17,23,1.856
11,18,0,1.851
11,18,1,1.676
11,18,2,1.533
11,18,3,1.537
11,18,4,1.644
11,18,5,1.799
11,18,6,2.601
11,18,7,2.767
11,18,8,2.779
11,18,9,2.726
11,18,10,2.555
11,18,11,2.41
11,18,12,2.322
11,18,13,2.297
11,18,14,2.255
11,18,15,2.314
11,18,16,3.303
11,18,17,4.052
11,18,18,3.247
11,18,19,3.084
11,18,20,2.434
11,18,21,2.277
11,18,22,2.003
11,18,23,1.772
11,19,0,1.715
11,19,1,1.471
11,19,2,1.444
11,19,3,1.418
11,19,4,1.541
11,19,5,1.504
11,19,6,1.51
11,19,7,1.514
11,19,8,1.842
11,19,9,2.169
11,19,10,2.328
11,19,11,2.082
11,19,12,2.1
11,19,13,2.301
11,19,14,2.082
11,19,15,2.006
11,19,16,2.86
11,19,17,3.298
11,19,18,3.209
11,19,19,2.954
11,19,20,2.492
11,19,21,1.975
11,19,22,1.966
11,19,23,1.53
11,20,0,1.9
11,20,1,1.835
11,20,2,1.71
11,20,3,1.706
11,20,4,1.637
11,20,5,1.566
11,20,6,1.52
11,20,7,1.624
11,20,8,2.1
11,20,9,2.312
11,20,10,2.359
11,20,11,2.345
11,20,12,2.306
11,20,13,2.288
11,20,14,2.254
11,20,15,2.235
11,20,16,3.399
11,20,17,4.0
11,20,18,3.777
11,20,19,3.5
11,20,20,2.904
11,20,21,2.419
11,20,22,2.5
11,20,23,2.122
11,21,0,2.398
11,21,1,2.136
11,21,2,1.978
11,21,3,1.866
11,21,4,1.954
11,21,5,2.388
11,21,6,3.428
11,21,7,3.434
11,21,8,3.692
11,21,9,3.723
11,21,10,3.593
11,21,11,3.472
11,21,12,3.304
11,21,13,3.203
11,21,14,3.173
11,21,15,3.33
11,21,16,4.3
11,21,17,5.304
11,21,18,4.839
11,21,19,4.287
11,21,20,3.513
11,21,21,3.105
11,21,22,2.737
11,21,23,2.537
11,22,0,2.265
11,22,1,2.027
11,22,2,1.959
11,22,3,1.762
11,22,4,1.911
11,22,5,2.302
11,22,6,3.151
11,22,7,3.199
11,22,8,3.472
11,22,9,3.525
11,22,10,3.454
11,22,11,3.317
11,22,12,3.024
11,22,13,2.96
11,22,14,2.883
11,22,15,2.94
11,22,16,3.688
11,22,17,4.825
11,22,18,4.467
11,22,19,3.903
11,22,20,3.439
11,22,21,3.116
11,22,22,2.727
11,22,23,2.598
11,23,0,2.766
11,23,1,2.511
11,23,2,2.392
11,23,3,2.354
11,23,4,2.475
11,23,5,2.82
11,23,6,3.557
11,23,7,3.674
11,23,8,3.706
11,23,9,3.566
11,23,10,3.33
11,23,11,3.071
11,23,12,2.888
11,23,13,2.829
11,23,14,2.769
11,23,15,2.858
11,23,16,3.938
11,23,17,4.553
11,23,18,4.028
11,23,19,3.926
11,23,20,3.345
11,23,21,3.006
11,23,22,2.747
11,23,23,2.651
11,24,0,2.571
11,24,1,2.374
11,24,2,2.218
11,24,3,2.225
11,24,4,2.186
11,24,5,2.208
11,24,6,2.706
11,24,7,2.557
11,24,8,2.85
11,24,9,3.01
11,24,10,2.964
11,24,11,2.961
11,24,12,2.743
11,24,13,2.587
11,24,14,2.405
11,24,15,2.462
11,24,16,2.848
11,24,17,3.422
11,24,18,3.172
11,24,19,3.099
11,24,20,2.754
11,24,21,2.559
11,24,22,2.298
11,24,23,2.21
11,25,0,2.333
11,25,1,2.258
11,25,2,2.115
11,25,3,2.062
11,25,4,1.994
11,25,5,1.998
11,25,6,2.471
11,25,7,2.407
11,25,8,2.567
11,25,9,2.715
11,25,10,2.725
11,25,11,2.772
11,25,12,2.643
11,25,13,2.603
11,25,14,2.529
11,25,15,2.603
11,25,16,3.082
11,25,17,3.655
11,25,18,3.445
11,25,19,3.22
11,25,20,2.956
11,25,21,2.646
11,25,22,2.493
11,25,23,2.26
11,26,0,2.587
11,26,1,2.236
11,26,2,2.065
11,26,3,2.067
11,26,4,2.078
11,26,5,2.075
11,26,6,2.501
11,26,7,2.456
11,26,8,2.744
11,26,9,2.928
11,26,10,2.965
11,26,11,2.866
11,26,12,2.749
11,26,13,2.578
11,26,14,2.574
11,26,15,2.627
11,26,16,3.224
11,26,17,3.92
11,26,18,3.688
11,26,19,3.467
11,26,20,3.053
11,26,21,2.826
11,26,22,2.714
11,26,23,2.483
11,27,0,2.835
11,27,1,2.557
11,27,2,2.344
11,27,3,2.359
11,27,4,2.397
11,27,5,2.416
11,27,6,2.773
11,27,7,2.224
11,27,8,2.609
11,27,9,2.809
11,27,10,2.838
11,27,11,2.857
11,27,12,2.795
11,27,13,2.751
11,27,14,2.764
11,27,15,2.81
11,27,16,3.69
11,27,17,4.511
11,27,18,4.057
11,27,19,3.987
11,27,20,3.524
11,27,21,3.245
11,27,22,2.918
11,27,23,2.81
11,28,0,2.916
11,28,1,2.775
11,28,2,2.759
11,28,3,2.764
11,28,4,2.914
11,28,5,3.061
11,28,6,3.733
11,28,7,3.807
11,28,8,4.011
11,28,9,4.051
11,28,10,3.697
11,28,11,3.497
11,28,12,3.396
11,28,13,3.241
11,28,14,3.109
11,28,15,3.215
11,28,16,4.117
11,28,17,4.88
11,28,18,4.465
11,28,19,4.259
11,28,20,3.575
11,28,21,3.225
11,28,22,2.999
11,28,23,2.796
11,29,0,2.77
11,29,1,2.628
11,29,2,2.414
11,29,3,2.47
11,29,4,2.505
11,29,5,2.778
11,29,6,3.071
11,29,7,3.107
11,29,8,3.373
11,29,9,3.422
11,29,10,3.134
11,29,11,3.221
11,29,12,3.022
11,29,13,3.022
11,29,14,3.022
11,29,15,3.093
11,29,16,4.227
11,29,17,4.748
11,29,18,4.056
11,29,19,3.7
11,29,20,3.263
11,29,21,3.013
11,29,22,2.81
11,29,23,2.568
11,30,0,2.383
11,30,1,2.206
11,30,2,2.09
11,30,3,2.11
11,30,4,2.173
11,30,5,2.304
11,30,6,2.847
11,30,7,3.057
11,30,8,3.247
11,30,9,3.366
11,30,10,3.359
11,30,11,3.313
11,30,12,3.228
11,30,13,3.158
11,30,14,3.079
11,30,15,3.305
11,30,16,3.851
11,30,17,4.171
11,30,18,3.835
11,30,19,3.569
11,30,20,3.259
11,30,21,2.849
11,30,22,2.463
11,30,23,2.363
12,1,0,2.1
12,1,1,1.927
12,1,2,1.808
12,1,3,1.817
12,1,4,1.954
12,1,5,2.094
12,1,6,2.831
12,1,7,2.851
12,1,8,2.916
12,1,9,3.071
12,1,10,3.084
12,1,11,3.124
12,1,12,3.085
12,1,13,3.002
12,1,14,3.014
12,1,15,3.011
12,1,16,3.68
12,1,17,4.173
12,1,18,3.925
12,1,19,3.598
12,1,20,3.267
12,1,21,2.882
12,1,22,2.504
12,1,23,2.447
12,2,0,2.19
12,2,1,2.021
12,2,2,1.886
12,2,3,1.867
12,2,4,1.934
12,2,5,2.268
12,2,6,3.049
12,2,7,3.185
12,2,8,3.385
12,2,9,3.385
12,2,10,3.342
12,2,11,3.208
12,2,12,2.974
12,2,13,2.967
12,2,14,3.008
12,2,15,3.071
12,2,16,3.8
12,2,17,4.364
12,2,18,4.161
12,2,19,3.768
12,2,20,3.458
12,2,21,3.104
12,2,22,2.762
12,2,23,2.613
12,3,0,3.049
12,3,1,2.681
12,3,2,2.627
12,3,3,2.583
12,3,4,2.566
12,3,5,2.607
12,3,6,3.008
12,3,7,3.052
12,3,8,3.226
12,3,9,3.517
12,3,10,3.355
12,3,11,3.341
12,3,12,3.119
12,3,13,3.071
12,3,14,3.038
12,3,15,3.088
12,3,16,4.05
12,3,17,4.884
12,3,18,4.604
12,3,19,4.349
12,3,20,3.828
12,3,21,3.515
12,3,22,3.125
12,3,23,2.898
12,4,0,3.186
12,4,1,2.96
12,4,2,2.873
12,4,3,2.798
12,4,4,2.799
12,4,5,2.837
12,4,6,3.212
12,4,7,3.191
12,4,8,3.416
12,4,9,3.597
12,4,10,3.377
12,4,11,3.31
12,4,12,3.331
12,4,13,3.213
12,4,14,3.187
12,4,15,3.249
12,4,16,4.384
12,4,17,5.237
12,4,18,5.118
12,4,19,4.893
12,4,20,4.573
12,4,21,3.903
12,4,22,3.427
12,4,23,3.098
12,5,0,3.505
12,5,1,3.328
12,5,2,3.157
12,5,3,3.125
12,5,4,3.121
12,5,5,3.48
12,5,6,4.351
12,5,7,4.636
12,5,8,4.638
12,5,9,4.729
12,5,10,4.552
12,5,11,4.485
12,5,12,4.306
12,5,13,4.264
12,5,14,4.213
12,5,15,4.313
12,5,16,5.245
12,5,17,5.955
12,5,18,6.002
12,5,19,5.54
12,5,20,4.853
12,5,21,4.464
12,5,22,4.008
12,5,23,3.688
12,6,0,3.372
12,6,1,3.115
12,6,2,3.352
12,6,3,3.378
12,6,4,3.348
12,6,5,3.472
12,6,6,4.156
12,6,7,4.367
12,6,8,4.469
12,6,9,4.629
12,6,10,4.617
12,6,11,4.491
12,6,12,4.325
12,6,13,4.357
12,6,14,4.331
12,6,15,4.339
12,6,16,5.492
12,6,17,6.327
12,6,18,5.877
12,6,19,5.381
12,6,20,4.735
12,6,21,4.023
12,6,22,3.648
12,6,23,3.364
12,7,0,3.197
12,7,1,3.054
12,7,2,3.078
12,7,3,3.091
12,7,4,3.105
12,7,5,3.17
12,7,6,3.971
12,7,7,4.66
12,7,8,4.459
12,7,9,4.487
12,7,10,4.312
12,7,11,4.194
12,7,12,3.973
12,7,13,3.874
12,7,14,3.842
12,7,15,3.91
12,7,16,5.071
12,7,17,6.055
12,7,18,5.431
12,7,19,5.075
12,7,20,4.419
12,7,21,3.876
12,7,22,3.395
12,7,23,3.279
12,8,0,3.031
12,8,1,2.948
12,8,2,2.715
12,8,3,2.855
12,8,4,3.003
12,8,5,3.169
12,8,6,4.242
12,8,7,4.629
12,8,8,4.547
12,8,9,4.455
12,8,10,4.289
12,8,11,4.13
12,8,12,3.93
12,8,13,3.825
12,8,14,3.767
12,8,15,3.919
12,8,16,5.029
12,8,17,6.245
12,8,18,5.744
12,8,19,5.162
12,8,20,4.555
12,8,21,4.128
12,8,22,3.758
12,8,23,3.516
12,9,0,3.709
12,9,1,3.485
12,9,2,3.61
12,9,3,3.485
12,9,4,3.437
12,9,5,3.662
12,9,6,4.925
12,9,7,5.182
12,9,8,5.171
12,9,9,5.016
12,9,10,4.912
12,9,11,4.829
12,9,12,4.722
12,9,13,4.674
12,9,14,4.627
12,9,15,4.69
12,9,16,5.898
12,9,17,6.957
12,9,18,6.402
12,9,19,5.965
12,9,20,5.487
12,9,21,4.662
12,9,22,4.507
12,9,23,4.334
12,10,0,5.165
12,10,1,4.817
12,10,2,4.578
12,10,3,4.479
12,10,4,4.346
12,10,5,4.425
12,10,6,4.887
12,10,7,5.333
12,10,8,5.476
12,10,9,5.656
12,10,10,5.858
12,10,11,5.716
12,10,12,5.499
12,10,13,5.307
12,10,14,4.823
12,10,15,4.897
12,10,16,5.985
12,10,17,6.988
12,10,18,6.477
12,10,19,6.433
12,10,20,5.996
12,10,21,5.914
12,10,22,5.292
12,10,23,4.824
12,11,0,4.569
12,11,1,4.327
12,11,2,4.158
12,11,3,4.206
12,11,4,4.239
12,11,5,4.239
12,11,6,4.163
12,11,7,4.26
12,11,8,4.309
12,11,9,4.938
12,11,10,4.891
12,11,11,4.931
12,11,12,4.562
12,11,13,4.389
12,11,14,4.329
12,11,15,4.473
12,11,16,5.435
12,11,17,6.566
12,11,18,6.234
12,11,19,6.005
12,11,20,5.702
12,11,21,5.483
12,11,22,4.822
12,11,23,4.33
12,12,0,3.614
12,12,1,3.481
12,12,2,3.281
12,12,3,3.239
12,12,4,3.333
12,12,5,3.802
12,12,6,4.853
12,12,7,4.838
12,12,8,5.197
12,12,9,5.173
12,12,10,5.012
12,12,11,4.972
12,12,12,4.763
12,12,13,4.628
12,12,14,4.599
12,12,15,4.688
12,12,16,5.504
12,12,17,6.068
12,12,18,6.105
12,12,19,5.779
12,12,20,5.127
12,12,21,5.043
12,12,22,4.244
12,12,23,4.169
12,13,0,3.972
12,13,1,3.787
12,13,2,3.515
12,13,3,3.567
12,13,4,3.496
12,13,5,3.984
12,13,6,4.767
12,13,7,5.177
12,13,8,5.082
12,13,9,5.018
12,13,10,5.051
12,13,11,5.005
12,13,12,4.692
12,13,13,4.567
12,13,14,4.524
12,13,15,4.604
12,13,16,5.687
12,13,17,6.85
12,13,18,6.184
12,13,19,5.756
12,13,20,5.339
12,13,21,5.215
12,13,22,4.389
12,13,23,4.076
12,14,0,4.068
12,14,1,4.0
12,14,2,3.648
12,14,3,3.641
12,14,4,3.783
12,14,5,4.056
12,14,6,4.904
12,14,7,5.561
12,14,8,5.594
12,14,9,5.471
12,14,10,5.448
12,14,11,5.329
12,14,12,4.98
12,14,13,4.943
12,14,14,4.908
12,14,15,4.898
12,14,16,5.806
12,14,17,7.232
12,14,18,6.635
12,14,19,6.173
12,14,20,5.44
12,14,21,5.139
12,14,22,4.597
12,14,23,4.143
12,15,0,5.408
12,15,1,5.054
12,15,2,4.869
12,15,3,4.878
12,15,4,4.863
12,15,5,5.493
12,15,6,6.575
12,15,7,7.7
12,15,8,7.185
12,15,9,7.275
12,15,10,8.792
12,15,11,8.706
12,15,12,8.547
12,15,13,8.553
12,15,14,8.498
12,15,15,8.732
12,15,16,10.292
12,15,17,12.407
12,15,18,12.1
12,15,19,12.104
12,15,20,11.227
12,15,21,10.914
12,15,22,8.645
12,15,23,8.008
12,16,0,9.444
12,16,1,8.132
12,16,2,7.881
12,16,3,7.858
12,16,4,7.972
12,16,5,9.478
12,16,6,11.661
12,16,7,12.5
12,16,8,12.578
12,16,9,13.038
12,16,10,12.5
12,16,11,11.653
12,16,12,10.765
12,16,13,10.482
12,16,14,10.476
12,16,15,10.517
12,16,16,12.988
12,16,17,14.193
12,16,18,13.907
12,16,19,12.702
12,16,20,12.409
12,16,21,11.303
12,16,22,10.794
12,16,23,9.779
12,17,0,5.229
12,17,1,4.775
12,17,2,4.49
12,17,3,4.412
12,17,4,4.315
12,17,5,4.618
12,17,6,5.026
12,17,7,5.245
12,17,8,5.667
12,17,9,6.211
12,17,10,5.326
12,17,11,5.199
12,17,12,4.956
12,17,13,4.824
12,17,14,4.715
12,17,15,4.883
12,17,16,5.456
12,17,17,6.608
12,17,18,5.863
12,17,19,5.524
12,17,20,5.051
12,17,21,5.031
12,17,22,4.793
12,17,23,3.999
12,18,0,3.626
12,18,1,3.38
12,18,2,3.003
12,18,3,2.951
12,18,4,3.047
12,18,5,3.005
12,18,6,2.845
12,18,7,2.809
12,18,8,3.304
12,18,9,3.684
12,18,10,3.608
12,18,11,3.584
12,18,12,3.586
12,18,13,3.462
12,18,14,3.358
12,18,15,3.285
12,18,16,4.223
12,18,17,4.735
12,18,18,4.694
12,18,19,4.483
12,18,20,4.283
12,18,21,4.117
12,18,22,4.04
12,18,23,3.425
12,19,0,3.981
12,19,1,3.735
12,19,2,3.623
12,19,3,3.605
12,19,4,3.911
12,19,5,4.27
12,19,6,6.004
12,19,7,7.626
12,19,8,7.361
12,19,9,6.861
12,19,10,6.474
12,19,11,5.123
12,19,12,4.877
12,19,13,4.792
12,19,14,4.668
12,19,15,4.673
12,19,16,6.431
12,19,17,7.949
12,19,18,8.832
12,19,19,7.224
12,19,20,6.105
12,19,21,6.207
12,19,22,5.335
12,19,23,4.087
12,20,0,5.03
12,20,1,4.689
12,20,2,4.6
12,20,3,4.655
12,20,4,4.639
12,20,5,5.261
12,20,6,6.827
12,20,7,7.085
12,20,8,6.98
12,20,9,7.177
12,20,10,6.223
12,20,11,5.787
12,20,12,5.484
12,20,13,5.316
12,20,14,5.223
12,20,15,5.356
12,20,16,6.196
12,20,17,7.465
12,20,18,7.546
12,20,19,6.461
12,20,20,6.02
12,20,21,5.685
12,20,22,5.131
12,20,23,4.6
12,21,0,4.886
12,21,1,4.6
12,21,2,4.556
12,21,3,5.0
12,21,4,4.131
12,21,5,4.7
12,21,6,6.456
12,21,7,6.38
12,21,8,6.092
12,21,9,6.316
12,21,10,5.947
12,21,11,5.47
12,21,12,5.569
12,21,13,5.047
12,21,14,5.085
12,21,15,5.877
12,21,16,7.187
12,21,17,7.642
12,21,18,6.7
12,21,19,6.247
12,21,20,6.031
12,21,21,5.754
12,21,22,5.018
12,21,23,4.931
12,22,0,4.049
12,22,1,3.785
12,22,2,3.515
12,22,3,3.434
12,22,4,3.529
12,22,5,3.862
12,22,6,4.629
12,22,7,5.277
12,22,8,4.974
12,22,9,5.033
12,22,10,4.301
12,22,11,4.851
12,22,12,3.818
12,22,13,3.83
12,22,14,3.942
12,22,15,4.045
12,22,16,5.387
12,22,17,6.11
12,22,18,5.188
12,22,19,5.037
12,22,20,5.043
12,22,21,4.321
12,22,22,3.903
12,22,23,3.752
12,23,0,4.242
12,23,1,3.713
12,23,2,3.571
12,23,3,3.597
12,23,4,3.582
12,23,5,3.661
12,23,6,4.827
12,23,7,4.667
12,23,8,4.886
12,23,9,5.066
12,23,10,4.645
12,23,11,4.531
12,23,12,4.455
12,23,13,4.332
12,23,14,4.283
12,23,15,4.362
12,23,16,4.553
12,23,17,4.904
12,23,18,4.722
12,23,19,4.645
12,23,20,4.422
12,23,21,4.103
12,23,22,3.908
12,23,23,3.655
12,24,0,4.21
12,24,1,3.585
12,24,2,3.302
12,24,3,3.259
12,24,4,3.117
12,24,5,3.207
12,24,6,3.467
12,24,7,3.297
12,24,8,3.51
12,24,9,3.777
12,24,10,3.881
12,24,11,3.762
12,24,12,3.566
12,24,13,3.421
12,24,14,3.376
12,24,15,3.307
12,24,16,3.424
12,24,17,3.927
12,24,18,3.712
12,24,19,3.419
12,24,20,3.372
12,24,21,3.105
12,24,22,3.395
12,24,23,3.24
12,25,0,2.867
12,25,1,2.396
12,25,2,2.11
12,25,3,2.054
12,25,4,1.732
12,25,5,1.82
12,25,6,1.804
12,25,7,2.199
12,25,8,2.716
12,25,9,3.234
12,25,10,3.129
12,25,11,2.984
12,25,12,2.931
12,25,13,2.767
12,25,14,2.677
12,25,15,2.659
12,25,16,3.295
12,25,17,4.021
12,25,18,3.746
12,25,19,3.506
12,25,20,3.264
12,25,21,2.909
12,25,22,2.785
12,25,23,2.728
12,26,0,3.644
12,26,1,3.121
12,26,2,2.802
12,26,3,2.984
12,26,4,3.051
12,26,5,2.892
12,26,6,3.344
12,26,7,3.251
12,26,8,3.688
12,26,9,4.07
12,26,10,3.94
12,26,11,3.552
12,26,12,3.427
12,26,13,3.25
12,26,14,3.132
12,26,15,3.184
12,26,16,4.058
12,26,17,4.442
12,26,18,4.44
12,26,19,4.343
12,26,20,3.982
12,26,21,3.657
12,26,22,3.421
12,26,23,3.114
12,27,0,3.036
12,27,1,2.837
12,27,2,2.635
12,27,3,2.632
12,27,4,2.707
12,27,5,3.026
12,27,6,3.772
12,27,7,4.104
12,27,8,4.177
12,27,9,4.118
12,27,10,4.382
12,27,11,4.338
12,27,12,4.138
12,27,13,4.027
12,27,14,3.843
12,27,15,3.992
12,27,16,4.49
12,27,17,5.147
12,27,18,4.669
12,27,19,4.399
12,27,20,4.016
12,27,21,3.717
12,27,22,3.413
12,27,23,3.025
12,28,0,3.701
12,28,1,3.589
12,28,2,3.326
12,28,3,3.374
12,28,4,3.501
12,28,5,3.513
12,28,6,4.222
12,28,7,4.986
12,28,8,4.949
12,28,9,4.867
12,28,10,4.596
12,28,11,4.476
12,28,12,4.397
12,28,13,4.26
12,28,14,4.235
12,28,15,4.208
12,28,16,5.314
12,28,17,6.927
12,28,18,5.532
12,28,19,4.998
12,28,20,4.768
12,28,21,4.558
12,28,22,4.469
12,28,23,3.708
12,29,0,3.482
12,29,1,3.284
12,29,2,3.132
12,29,3,3.138
12,29,4,3.253
12,29,5,3.44
12,29,6,3.902
12,29,7,4.408
12,29,8,4.807
12,29,9,5.111
12,29,10,5.056
12,29,11,5.002
12,29,12,4.811
12,29,13,4.709
12,29,14,4.737
12,29,15,5.002
12,29,16,5.714
12,29,17,7.02
12,29,18,5.995
12,29,19,5.451
12,29,20,4.866
12,29,21,4.477
12,29,22,3.945
12,29,23,3.608
12,30,0,3.146
12,30,1,3.148
12,30,2,2.939
12,30,3,3.017
12,30,4,3.1
12,30,5,3.049
12,30,6,3.658
12,30,7,4.234
12,30,8,4.526
12,30,9,4.788
12,30,10,4.766
12,30,11,4.704
12,30,12,4.701
12,30,13,4.652
12,30,14,4.541
12,30,15,4.771
12,30,16,5.332
12,30,17,6.663
12,30,18,5.937
12,30,19,5.407
12,30,20,4.757
12,30,21,4.495
12,30,22,4.241
12,30,23,3.702
12,31,0,3.344
12,31,1,3.01
12,31,2,2.771
12,31,3,2.6
12,31,4,2.538
12,31,5,2.552
12,31,6,2.612
12,31,7,3.117
12,31,8,3.56
12,31,9,3.896
12,31,10,4.0
12,31,11,3.948
12,31,12,3.805
12,31,13,3.522
12,31,14,3.378
12,31,15,3.423
12,31,16,4.038
12,31,17,4.875
12,31,18,4.244
12,31,19,4.035
12,31,20,3.581
12,31,21,3.606
12,31,22,3.503
12,31,23,3.06
