month,day_of_month,hour,solar_kw
1,1,0,0.0
1,1,1,0.0
1,1,2,0.0
1,1,3,0.0
1,1,4,0.0
1,1,5,0.0
1,1,6,0.0
1,1,7,0.74
1,1,8,7.47
1,1,9,16.32
1,1,10,24.2
1,1,11,28.07
1,1,12,26.24
1,1,13,20.24
1,1,14,13.54
1,1,15,7.98
1,1,16,1.16
1,1,17,0.0
1,1,18,0.0
1,1,19,0.0
1,1,20,0.0
1,1,21,0.0
1,1,22,0.0
1,1,23,0.0
1,2,0,0.0
1,2,1,0.0
1,2,2,0.0
1,2,3,0.0
1,2,4,0.0
1,2,5,0.0
1,2,6,0.0
1,2,7,1.4
1,2,8,13.57
1,2,9,27.94
1,2,10,39.91
1,2,11,48.53
1,2,12,52.96
1,2,13,45.76
1,2,14,33.31
1,2,15,17.04
1,2,16,1.88
1,2,17,0.0
1,2,18,0.0
1,2,19,0.0
1,2,20,0.0
1,2,21,0.0
1,2,22,0.0
1,2,23,0.0
1,3,0,0.0
1,3,1,0.0
1,3,2,0.0
1,3,3,0.0
1,3,4,0.0
1,3,5,0.0
1,3,6,0.0
1,3,7,1.55
1,3,8,16.4
1,3,9,33.69
1,3,10,46.55
1,3,11,53.93
1,3,12,50.21
1,3,13,39.13
1,3,14,29.07
1,3,15,15.15
1,3,16,1.95
1,3,17,0.0
1,3,18,0.0
1,3,19,0.0
1,3,20,0.0
1,3,21,0.0
1,3,22,0.0
1,3,23,0.0
1,4,0,0.0
1,4,1,0.0
1,4,2,0.0
1,4,3,0.0
1,4,4,0.0
1,4,5,0.0
1,4,6,0.0
1,4,7,1.66
1,4,8,17.39
1,4,9,35.52
1,4,10,48.9
1,4,11,56.46
1,4,12,56.9
1,4,13,50.62
1,4,14,37.42
1,4,15,19.53
1,4,16,2.48
1,4,17,0.0
1,4,18,0.0
1,4,19,0.0
1,4,20,0.0
1,4,21,0.0
1,4,22,0.0
1,4,23,0.0
1,5,0,0.0
1,5,1,0.0
1,5,2,0.0
1,5,3,0.0
1,5,4,0.0
1,5,5,0.0
1,5,6,0.0
1,5,7,1.87
1,5,8,18.7
1,5,9,37.28
1,5,10,50.83
1,5,11,58.25
1,5,12,58.15
1,5,13,49.9
1,5,14,37.52
1,5,15,20.23
1,5,16,2.75
1,5,17,0.0
1,5,18,0.0
1,5,19,0.0
1,5,20,0.0
1,5,21,0.0
1,5,22,0.0
1,5,23,0.0
1,6,0,0.0
1,6,1,0.0
1,6,2,0.0
1,6,3,0.0
1,6,4,0.0
1,6,5,0.0
1,6,6,0.0
1,6,7,1.91
1,6,8,18.62
1,6,9,37.12
1,6,10,51.15
1,6,11,59.06
1,6,12,59.55
1,6,13,52.95
1,6,14,39.42
1,6,15,20.99
1,6,16,2.94
1,6,17,0.0
1,6,18,0.0
1,6,19,0.0
1,6,20,0.0
1,6,21,0.0
1,6,22,0.0
1,6,23,0.0
1,7,0,0.0
1,7,1,0.0
1,7,2,0.0
1,7,3,0.0
1,7,4,0.0
1,7,5,0.0
1,7,6,0.0
1,7,7,1.59
1,7,8,13.54
1,7,9,26.05
1,7,10,35.12
1,7,11,38.78
1,7,12,39.12
1,7,13,35.15
1,7,14,26.04
1,7,15,13.79
1,7,16,2.16
1,7,17,0.0
1,7,18,0.0
1,7,19,0.0
1,7,20,0.0
1,7,21,0.0
1,7,22,0.0
1,7,23,0.0
1,8,0,0.0
1,8,1,0.0
1,8,2,0.0
1,8,3,0.0
1,8,4,0.0
1,8,5,0.0
1,8,6,0.0
1,8,7,0.91
1,8,8,9.85
1,8,9,20.2
1,8,10,28.22
1,8,11,30.13
1,8,12,30.9
1,8,13,26.53
1,8,14,18.35
1,8,15,9.24
1,8,16,1.21
1,8,17,0.0
1,8,18,0.0
1,8,19,0.0
1,8,20,0.0
1,8,21,0.0
1,8,22,0.0
1,8,23,0.0
1,9,0,0.0
1,9,1,0.0
1,9,2,0.0
1,9,3,0.0
1,9,4,0.0
1,9,5,0.0
1,9,6,0.0
1,9,7,1.17
1,9,8,10.02
1,9,9,17.57
1,9,10,16.48
1,9,11,23.24
1,9,12,23.66
1,9,13,21.14
1,9,14,15.33
1,9,15,8.0
1,9,16,1.08
1,9,17,0.0
1,9,18,0.0
1,9,19,0.0
1,9,20,0.0
1,9,21,0.0
1,9,22,0.0
1,9,23,0.0
1,10,0,0.0
1,10,1,0.0
1,10,2,0.0
1,10,3,0.0
1,10,4,0.0
1,10,5,0.0
1,10,6,0.0
1,10,7,0.49
1,10,8,4.07
1,10,9,8.73
1,10,10,9.72
1,10,11,17.43
1,10,12,21.66
1,10,13,22.74
1,10,14,19.94
1,10,15,10.86
1,10,16,1.85
1,10,17,0.0
1,10,18,0.0
1,10,19,0.0
1,10,20,0.0
1,10,21,0.0
1,10,22,0.0
1,10,23,0.0
1,11,0,0.0
1,11,1,0.0
1,11,2,0.0
1,11,3,0.0
1,11,4,0.0
1,11,5,0.0
1,11,6,0.0
1,11,7,1.99
1,11,8,18.97
1,11,9,37.63
1,11,10,51.73
1,11,11,59.43
1,11,12,60.06
1,11,13,53.39
1,11,14,40.27
1,11,15,22.31
1,11,16,3.79
1,11,17,0.0
1,11,18,0.0
1,11,19,0.0
1,11,20,0.0
1,11,21,0.0
1,11,22,0.0
1,11,23,0.0
1,12,0,0.0
1,12,1,0.0
1,12,2,0.0
1,12,3,0.0
1,12,4,0.0
1,12,5,0.0
1,12,6,0.0
1,12,7,1.24
1,12,8,10.57
1,12,9,21.17
1,12,10,30.35
1,12,11,35.86
1,12,12,32.83
1,12,13,26.72
1,12,14,18.77
1,12,15,11.23
1,12,16,2.13
1,12,17,0.0
1,12,18,0.0
1,12,19,0.0
1,12,20,0.0
1,12,21,0.0
1,12,22,0.0
1,12,23,0.0
1,13,0,0.0
1,13,1,0.0
1,13,2,0.0
1,13,3,0.0
1,13,4,0.0
1,13,5,0.0
1,13,6,0.0
1,13,7,1.95
1,13,8,17.79
1,13,9,36.13
1,13,10,50.08
1,13,11,55.35
1,13,12,55.68
1,13,13,52.67
1,13,14,38.92
1,13,15,21.42
1,13,16,3.75
1,13,17,0.0
1,13,18,0.0
1,13,19,0.0
1,13,20,0.0
1,13,21,0.0
1,13,22,0.0
1,13,23,0.0
1,14,0,0.0
1,14,1,0.0
1,14,2,0.0
1,14,3,0.0
1,14,4,0.0
1,14,5,0.0
1,14,6,0.0
1,14,7,1.19
1,14,8,13.17
1,14,9,28.93
1,14,10,40.03
1,14,11,46.02
1,14,12,32.02
1,14,13,27.89
1,14,14,20.75
1,14,15,12.07
1,14,16,2.19
1,14,17,0.0
1,14,18,0.0
1,14,19,0.0
1,14,20,0.0
1,14,21,0.0
1,14,22,0.0
1,14,23,0.0
1,15,0,0.0
1,15,1,0.0
1,15,2,0.0
1,15,3,0.0
1,15,4,0.0
1,15,5,0.0
1,15,6,0.0
1,15,7,1.34
1,15,8,12.3
1,15,9,26.41
1,15,10,36.2
1,15,11,38.33
1,15,12,35.99
1,15,13,28.73
1,15,14,20.9
1,15,15,10.91
1,15,16,1.94
1,15,17,0.0
1,15,18,0.0
1,15,19,0.0
1,15,20,0.0
1,15,21,0.0
1,15,22,0.0
1,15,23,0.0
1,16,0,0.0
1,16,1,0.0
1,16,2,0.0
1,16,3,0.0
1,16,4,0.0
1,16,5,0.0
1,16,6,0.0
1,16,7,1.33
1,16,8,14.62
1,16,9,29.98
1,16,10,41.15
1,16,11,49.75
1,16,12,38.65
1,16,13,33.68
1,16,14,25.51
1,16,15,14.34
1,16,16,2.48
1,16,17,0.0
1,16,18,0.0
1,16,19,0.0
1,16,20,0.0
1,16,21,0.0
1,16,22,0.0
1,16,23,0.0
1,17,0,0.0
1,17,1,0.0
1,17,2,0.0
1,17,3,0.0
1,17,4,0.0
1,17,5,0.0
1,17,6,0.0
1,17,7,1.16
1,17,8,8.84
1,17,9,17.61
1,17,10,14.84
1,17,11,9.14
1,17,12,12.65
1,17,13,6.92
1,17,14,13.16
1,17,15,8.41
1,17,16,1.98
1,17,17,0.0
1,17,18,0.0
1,17,19,0.0
1,17,20,0.0
1,17,21,0.0
1,17,22,0.0
1,17,23,0.0
1,18,0,0.0
1,18,1,0.0
1,18,2,0.0
1,18,3,0.0
1,18,4,0.0
1,18,5,0.0
1,18,6,0.0
1,18,7,1.97
1,18,8,17.5
1,18,9,35.37
1,18,10,49.65
1,18,11,53.94
1,18,12,55.05
1,18,13,48.43
1,18,14,37.72
1,18,15,22.23
1,18,16,4.88
1,18,17,0.0
1,18,18,0.0
1,18,19,0.0
1,18,20,0.0
1,18,21,0.0
1,18,22,0.0
1,18,23,0.0
1,19,0,0.0
1,19,1,0.0
1,19,2,0.0
1,19,3,0.0
1,19,4,0.0
1,19,5,0.0
1,19,6,0.0
1,19,7,2.16
1,19,8,18.97
1,19,9,38.21
1,19,10,51.64
1,19,11,60.25
1,19,12,61.1
1,19,13,55.97
1,19,14,42.67
1,19,15,24.44
1,19,16,5.59
1,19,17,0.0
1,19,18,0.0
1,19,19,0.0
1,19,20,0.0
1,19,21,0.0
1,19,22,0.0
1,19,23,0.0
1,20,0,0.0
1,20,1,0.0
1,20,2,0.0
1,20,3,0.0
1,20,4,0.0
1,20,5,0.0
1,20,6,0.0
1,20,7,2.08
1,20,8,16.2
1,20,9,32.1
1,20,10,45.82
1,20,11,54.66
1,20,12,57.79
1,20,13,38.38
1,20,14,28.4
1,20,15,16.38
1,20,16,3.67
1,20,17,0.0
1,20,18,0.0
1,20,19,0.0
1,20,20,0.0
1,20,21,0.0
1,20,22,0.0
1,20,23,0.0
1,21,0,0.0
1,21,1,0.0
1,21,2,0.0
1,21,3,0.0
1,21,4,0.0
1,21,5,0.0
1,21,6,0.0
1,21,7,2.3
1,21,8,18.57
1,21,9,35.65
1,21,10,49.08
1,21,11,56.71
1,21,12,55.07
1,21,13,48.96
1,21,14,39.55
1,21,15,24.13
1,21,16,6.29
1,21,17,0.0
1,21,18,0.0
1,21,19,0.0
1,21,20,0.0
1,21,21,0.0
1,21,22,0.0
1,21,23,0.0
1,22,0,0.0
1,22,1,0.0
1,22,2,0.0
1,22,3,0.0
1,22,4,0.0
1,22,5,0.0
1,22,6,0.0
1,22,7,2.26
1,22,8,14.68
1,22,9,27.94
1,22,10,35.25
1,22,11,41.14
1,22,12,41.46
1,22,13,16.59
1,22,14,16.06
1,22,15,8.65
1,22,16,1.97
1,22,17,0.0
1,22,18,0.0
1,22,19,0.0
1,22,20,0.0
1,22,21,0.0
1,22,22,0.0
1,22,23,0.0
1,23,0,0.0
1,23,1,0.0
1,23,2,0.0
1,23,3,0.0
1,23,4,0.0
1,23,5,0.0
1,23,6,0.0
1,23,7,0.69
1,23,8,4.14
1,23,9,8.05
1,23,10,10.59
1,23,11,8.06
1,23,12,7.39
1,23,13,10.65
1,23,14,8.58
1,23,15,5.69
1,23,16,1.37
1,23,17,0.0
1,23,18,0.0
1,23,19,0.0
1,23,20,0.0
1,23,21,0.0
1,23,22,0.0
1,23,23,0.0
1,24,0,0.0
1,24,1,0.0
1,24,2,0.0
1,24,3,0.0
1,24,4,0.0
1,24,5,0.0
1,24,6,0.0
1,24,7,2.79
1,24,8,19.21
1,24,9,37.87
1,24,10,56.22
1,24,11,65.09
1,24,12,62.88
1,24,13,59.58
1,24,14,46.3
1,24,15,24.79
1,24,16,7.45
1,24,17,0.0
1,24,18,0.0
1,24,19,0.0
1,24,20,0.0
1,24,21,0.0
1,24,22,0.0
1,24,23,0.0
1,25,0,0.0
1,25,1,0.0
1,25,2,0.0
1,25,3,0.0
1,25,4,0.0
1,25,5,0.0
1,25,6,0.0
1,25,7,2.47
1,25,8,14.63
1,25,9,30.04
1,25,10,40.63
1,25,11,42.59
1,25,12,36.78
1,25,13,42.13
1,25,14,32.19
1,25,15,16.31
1,25,16,4.62
1,25,17,0.0
1,25,18,0.0
1,25,19,0.0
1,25,20,0.0
1,25,21,0.0
1,25,22,0.0
1,25,23,0.0
1,26,0,0.0
1,26,1,0.0
1,26,2,0.0
1,26,3,0.0
1,26,4,0.0
1,26,5,0.0
1,26,6,0.0
1,26,7,1.51
1,26,8,9.75
1,26,9,18.45
1,26,10,26.24
1,26,11,41.11
1,26,12,37.34
1,26,13,32.81
1,26,14,24.19
1,26,15,14.42
1,26,16,3.77
1,26,17,0.0
1,26,18,0.0
1,26,19,0.0
1,26,20,0.0
1,26,21,0.0
1,26,22,0.0
1,26,23,0.0
1,27,0,0.0
1,27,1,0.0
1,27,2,0.0
1,27,3,0.0
1,27,4,0.0
1,27,5,0.0
1,27,6,0.0
1,27,7,1.49
1,27,8,11.56
1,27,9,27.27
1,27,10,42.81
1,27,11,53.28
1,27,12,60.16
1,27,13,51.17
1,27,14,39.17
1,27,15,22.13
1,27,16,6.71
1,27,17,0.0
1,27,18,0.0
1,27,19,0.0
1,27,20,0.0
1,27,21,0.0
1,27,22,0.0
1,27,23,0.0
1,28,0,0.0
1,28,1,0.0
1,28,2,0.0
1,28,3,0.0
1,28,4,0.0
1,28,5,0.0
1,28,6,0.0
1,28,7,3.04
1,28,8,20.97
1,28,9,40.66
1,28,10,55.54
1,28,11,63.95
1,28,12,65.92
1,28,13,58.81
1,28,14,43.4
1,28,15,22.5
1,28,16,6.06
1,28,17,0.0
1,28,18,0.0
1,28,19,0.0
1,28,20,0.0
1,28,21,0.0
1,28,22,0.0
1,28,23,0.0
1,29,0,0.0
1,29,1,0.0
1,29,2,0.0
1,29,3,0.0
1,29,4,0.0
1,29,5,0.0
1,29,6,0.0
1,29,7,1.98
1,29,8,10.45
1,29,9,18.87
1,29,10,21.18
1,29,11,24.74
1,29,12,26.28
1,29,13,30.46
1,29,14,22.59
1,29,15,13.86
1,29,16,4.08
1,29,17,0.0
1,29,18,0.0
1,29,19,0.0
1,29,20,0.0
1,29,21,0.0
1,29,22,0.0
1,29,23,0.0
1,30,0,0.0
1,30,1,0.0
1,30,2,0.0
1,30,3,0.0
1,30,4,0.0
1,30,5,0.0
1,30,6,0.0
1,30,7,3.37
1,30,8,21.14
1,30,9,39.56
1,30,10,52.89
1,30,11,60.99
1,30,12,62.5
1,30,13,56.75
1,30,14,44.45
1,30,15,26.86
1,30,16,8.44
1,30,17,0.0
1,30,18,0.0
1,30,19,0.0
1,30,20,0.0
1,30,21,0.0
1,30,22,0.0
1,30,23,0.0
1,31,0,0.0
1,31,1,0.0
1,31,2,0.0
1,31,3,0.0
1,31,4,0.0
1,31,5,0.0
1,31,6,0.0
1,31,7,2.52
1,31,8,17.38
1,31,9,36.67
1,31,10,51.2
1,31,11,55.33
1,31,12,55.21
1,31,13,45.38
1,31,14,34.87
1,31,15,21.39
1,31,16,6.82
1,31,17,0.0
1,31,18,0.0
1,31,19,0.0
1,31,20,0.0
1,31,21,0.0
1,31,22,0.0
1,31,23,0.0
2,1,0,0.0
2,1,1,0.0
2,1,2,0.0
2,1,3,0.0
2,1,4,0.0
2,1,5,0.0
2,1,6,0.0
2,1,7,2.4
2,1,8,13.43
2,1,9,23.32
2,1,10,31.76
2,1,11,37.18
2,1,12,39.16
2,1,13,33.64
2,1,14,24.72
2,1,15,16.45
2,1,16,5.32
2,1,17,0.0
2,1,18,0.0
2,1,19,0.0
2,1,20,0.0
2,1,21,0.0
2,1,22,0.0
2,1,23,0.0
2,2,0,0.0
2,2,1,0.0
2,2,2,0.0
2,2,3,0.0
2,2,4,0.0
2,2,5,0.0
2,2,6,0.0
2,2,7,4.0
2,2,8,22.82
2,2,9,39.91
2,2,10,54.18
2,2,11,63.61
2,2,12,61.26
2,2,13,54.67
2,2,14,43.9
2,2,15,28.96
2,2,16,10.21
2,2,17,0.0
2,2,18,0.0
2,2,19,0.0
2,2,20,0.0
2,2,21,0.0
2,2,22,0.0
2,2,23,0.0
2,3,0,0.0
2,3,1,0.0
2,3,2,0.0
2,3,3,0.0
2,3,4,0.0
2,3,5,0.0
2,3,6,0.0
2,3,7,1.14
2,3,8,3.23
2,3,9,5.79
2,3,10,6.46
2,3,11,10.92
2,3,12,8.93
2,3,13,9.3
2,3,14,8.11
2,3,15,5.93
2,3,16,2.5
2,3,17,0.0
2,3,18,0.0
2,3,19,0.0
2,3,20,0.0
2,3,21,0.0
2,3,22,0.0
2,3,23,0.0
2,4,0,0.0
2,4,1,0.0
2,4,2,0.0
2,4,3,0.0
2,4,4,0.0
2,4,5,0.0
2,4,6,0.0
2,4,7,2.05
2,4,8,10.82
2,4,9,19.53
2,4,10,23.57
2,4,11,34.13
2,4,12,25.28
2,4,13,17.23
2,4,14,13.96
2,4,15,8.58
2,4,16,3.29
2,4,17,0.0
2,4,18,0.0
2,4,19,0.0
2,4,20,0.0
2,4,21,0.0
2,4,22,0.0
2,4,23,0.0
2,5,0,0.0
2,5,1,0.0
2,5,2,0.0
2,5,3,0.0
2,5,4,0.0
2,5,5,0.0
2,5,6,0.0
2,5,7,1.39
2,5,8,8.0
2,5,9,17.61
2,5,10,16.8
2,5,11,32.7
2,5,12,39.33
2,5,13,35.39
2,5,14,30.37
2,5,15,23.0
2,5,16,11.43
2,5,17,0.0
2,5,18,0.0
2,5,19,0.0
2,5,20,0.0
2,5,21,0.0
2,5,22,0.0
2,5,23,0.0
2,6,0,0.0
2,6,1,0.0
2,6,2,0.0
2,6,3,0.0
2,6,4,0.0
2,6,5,0.0
2,6,6,0.0
2,6,7,4.24
2,6,8,20.96
2,6,9,36.03
2,6,10,48.61
2,6,11,55.61
2,6,12,53.57
2,6,13,47.21
2,6,14,37.11
2,6,15,26.05
2,6,16,10.89
2,6,17,0.0
2,6,18,0.0
2,6,19,0.0
2,6,20,0.0
2,6,21,0.0
2,6,22,0.0
2,6,23,0.0
2,7,0,0.0
2,7,1,0.0
2,7,2,0.0
2,7,3,0.0
2,7,4,0.0
2,7,5,0.0
2,7,6,0.0
2,7,7,4.98
2,7,8,24.03
2,7,9,41.48
2,7,10,55.37
2,7,11,50.23
2,7,12,52.05
2,7,13,51.88
2,7,14,38.84
2,7,15,25.19
2,7,16,9.02
2,7,17,0.0
2,7,18,0.0
2,7,19,0.0
2,7,20,0.0
2,7,21,0.0
2,7,22,0.0
2,7,23,0.0
2,8,0,0.0
2,8,1,0.0
2,8,2,0.0
2,8,3,0.0
2,8,4,0.0
2,8,5,0.0
2,8,6,0.0
2,8,7,2.01
2,8,8,10.42
2,8,9,16.43
2,8,10,22.53
2,8,11,28.74
2,8,12,36.49
2,8,13,39.83
2,8,14,34.86
2,8,15,22.92
2,8,16,7.28
2,8,17,0.0
2,8,18,0.0
2,8,19,0.0
2,8,20,0.0
2,8,21,0.0
2,8,22,0.0
2,8,23,0.0
2,9,0,0.0
2,9,1,0.0
2,9,2,0.0
2,9,3,0.0
2,9,4,0.0
2,9,5,0.0
2,9,6,0.0
2,9,7,1.61
2,9,8,9.85
2,9,9,18.95
2,9,10,27.83
2,9,11,29.91
2,9,12,25.78
2,9,13,21.15
2,9,14,16.62
2,9,15,10.61
2,9,16,4.09
2,9,17,0.29
2,9,18,0.0
2,9,19,0.0
2,9,20,0.0
2,9,21,0.0
2,9,22,0.0
2,9,23,0.0
2,10,0,0.0
2,10,1,0.0
2,10,2,0.0
2,10,3,0.0
2,10,4,0.0
2,10,5,0.0
2,10,6,0.0
2,10,7,3.26
2,10,8,15.94
2,10,9,29.03
2,10,10,40.42
2,10,11,44.7
2,10,12,41.13
2,10,13,33.91
2,10,14,27.54
2,10,15,20.14
2,10,16,9.91
2,10,17,0.56
2,10,18,0.0
2,10,19,0.0
2,10,20,0.0
2,10,21,0.0
2,10,22,0.0
2,10,23,0.0
2,11,0,0.0
2,11,1,0.0
2,11,2,0.0
2,11,3,0.0
2,11,4,0.0
2,11,5,0.0
2,11,6,0.0
2,11,7,6.09
2,11,8,21.59
2,11,9,34.31
2,11,10,48.01
2,11,11,47.89
2,11,12,50.0
2,11,13,45.5
2,11,14,36.13
2,11,15,25.49
2,11,16,12.38
2,11,17,0.8
2,11,18,0.0
2,11,19,0.0
2,11,20,0.0
2,11,21,0.0
2,11,22,0.0
2,11,23,0.0
2,12,0,0.0
2,12,1,0.0
2,12,2,0.0
2,12,3,0.0
2,12,4,0.0
2,12,5,0.0
2,12,6,0.0
2,12,7,7.56
2,12,8,28.11
2,12,9,45.08
2,12,10,58.83
2,12,11,65.6
2,12,12,61.9
2,12,13,37.91
2,12,14,29.93
2,12,15,19.66
2,12,16,7.59
2,12,17,0.55
2,12,18,0.0
2,12,19,0.0
2,12,20,0.0
2,12,21,0.0
2,12,22,0.0
2,12,23,0.0
2,13,0,0.0
2,13,1,0.0
2,13,2,0.0
2,13,3,0.0
2,13,4,0.0
2,13,5,0.0
2,13,6,0.0
2,13,7,6.95
2,13,8,23.88
2,13,9,39.23
2,13,10,54.23
2,13,11,61.67
2,13,12,63.31
2,13,13,56.58
2,13,14,46.33
2,13,15,31.01
2,13,16,14.7
2,13,17,1.07
2,13,18,0.0
2,13,19,0.0
2,13,20,0.0
2,13,21,0.0
2,13,22,0.0
2,13,23,0.0
2,14,0,0.0
2,14,1,0.0
2,14,2,0.0
2,14,3,0.0
2,14,4,0.0
2,14,5,0.0
2,14,6,0.0
2,14,7,8.98
2,14,8,31.83
2,14,9,51.41
2,14,10,66.79
2,14,11,74.17
2,14,12,74.2
2,14,13,70.5
2,14,14,57.88
2,14,15,38.74
2,14,16,17.46
2,14,17,1.14
2,14,18,0.0
2,14,19,0.0
2,14,20,0.0
2,14,21,0.0
2,14,22,0.0
2,14,23,0.0
2,15,0,0.0
2,15,1,0.0
2,15,2,0.0
2,15,3,0.0
2,15,4,0.0
2,15,5,0.0
2,15,6,0.0
2,15,7,2.89
2,15,8,8.07
2,15,9,11.49
2,15,10,9.49
2,15,11,10.31
2,15,12,19.73
2,15,13,10.92
2,15,14,23.21
2,15,15,13.09
2,15,16,5.65
2,15,17,0.53
2,15,18,0.0
2,15,19,0.0
2,15,20,0.0
2,15,21,0.0
2,15,22,0.0
2,15,23,0.0
2,16,0,0.0
2,16,1,0.0
2,16,2,0.0
2,16,3,0.0
2,16,4,0.0
2,16,5,0.0
2,16,6,0.0
2,16,7,2.62
2,16,8,7.56
2,16,9,11.9
2,16,10,17.12
2,16,11,9.71
2,16,12,6.12
2,16,13,7.75
2,16,14,18.79
2,16,15,11.98
2,16,16,5.57
2,16,17,0.61
2,16,18,0.0
2,16,19,0.0
2,16,20,0.0
2,16,21,0.0
2,16,22,0.0
2,16,23,0.0
2,17,0,0.0
2,17,1,0.0
2,17,2,0.0
2,17,3,0.0
2,17,4,0.0
2,17,5,0.0
2,17,6,0.0
2,17,7,3.78
2,17,8,11.84
2,17,9,19.06
2,17,10,22.9
2,17,11,28.21
2,17,12,21.72
2,17,13,24.07
2,17,14,18.89
2,17,15,12.13
2,17,16,4.43
2,17,17,0.5
2,17,18,0.0
2,17,19,0.0
2,17,20,0.0
2,17,21,0.0
2,17,22,0.0
2,17,23,0.0
2,18,0,0.0
2,18,1,0.0
2,18,2,0.0
2,18,3,0.0
2,18,4,0.0
2,18,5,0.0
2,18,6,0.0
2,18,7,10.49
2,18,8,33.37
2,18,9,54.22
2,18,10,70.67
2,18,11,79.56
2,18,12,81.03
2,18,13,74.71
2,18,14,60.89
2,18,15,41.24
2,18,16,18.91
2,18,17,1.51
2,18,18,0.0
2,18,19,0.0
2,18,20,0.0
2,18,21,0.0
2,18,22,0.0
2,18,23,0.0
2,19,0,0.0
2,19,1,0.0
2,19,2,0.0
2,19,3,0.0
2,19,4,0.0
2,19,5,0.0
2,19,6,0.0
2,19,7,6.14
2,19,8,19.22
2,19,9,33.25
2,19,10,42.71
2,19,11,46.22
2,19,12,39.3
2,19,13,42.98
2,19,14,33.26
2,19,15,22.97
2,19,16,9.39
2,19,17,0.93
2,19,18,0.0
2,19,19,0.0
2,19,20,0.0
2,19,21,0.0
2,19,22,0.0
2,19,23,0.0
2,20,0,0.0
2,20,1,0.0
2,20,2,0.0
2,20,3,0.0
2,20,4,0.0
2,20,5,0.0
2,20,6,0.0
2,20,7,6.55
2,20,8,18.85
2,20,9,30.27
2,20,10,42.52
2,20,11,49.37
2,20,12,43.67
2,20,13,50.09
2,20,14,22.25
2,20,15,19.37
2,20,16,10.01
2,20,17,1.07
2,20,18,0.0
2,20,19,0.0
2,20,20,0.0
2,20,21,0.0
2,20,22,0.0
2,20,23,0.0
2,21,0,0.0
2,21,1,0.0
2,21,2,0.0
2,21,3,0.0
2,21,4,0.0
2,21,5,0.0
2,21,6,0.0
2,21,7,8.25
2,21,8,19.87
2,21,9,29.77
2,21,10,28.7
2,21,11,23.47
2,21,12,24.6
2,21,13,50.34
2,21,14,37.83
2,21,15,24.9
2,21,16,11.86
2,21,17,0.95
2,21,18,0.0
2,21,19,0.0
2,21,20,0.0
2,21,21,0.0
2,21,22,0.0
2,21,23,0.0
2,22,0,0.0
2,22,1,0.0
2,22,2,0.0
2,22,3,0.0
2,22,4,0.0
2,22,5,0.0
2,22,6,0.0
2,22,7,12.4
2,22,8,34.7
2,22,9,55.4
2,22,10,70.92
2,22,11,79.6
2,22,12,81.02
2,22,13,75.01
2,22,14,61.75
2,22,15,42.82
2,22,16,20.65
2,22,17,2.06
2,22,18,0.0
2,22,19,0.0
2,22,20,0.0
2,22,21,0.0
2,22,22,0.0
2,22,23,0.0
2,23,0,0.0
2,23,1,0.0
2,23,2,0.0
2,23,3,0.0
2,23,4,0.0
2,23,5,0.0
2,23,6,0.0
2,23,7,3.01
2,23,8,6.91
2,23,9,10.02
2,23,10,12.13
2,23,11,20.57
2,23,12,17.84
2,23,13,12.15
2,23,14,10.99
2,23,15,12.64
2,23,16,6.13
2,23,17,0.68
2,23,18,0.0
2,23,19,0.0
2,23,20,0.0
2,23,21,0.0
2,23,22,0.0
2,23,23,0.0
2,24,0,0.0
2,24,1,0.0
2,24,2,0.0
2,24,3,0.0
2,24,4,0.0
2,24,5,0.0
2,24,6,0.0
2,24,7,5.11
2,24,8,14.28
2,24,9,23.35
2,24,10,10.95
2,24,11,19.81
2,24,12,16.07
2,24,13,19.59
2,24,14,15.77
2,24,15,5.68
2,24,16,2.91
2,24,17,0.55
2,24,18,0.0
2,24,19,0.0
2,24,20,0.0
2,24,21,0.0
2,24,22,0.0
2,24,23,0.0
2,25,0,0.0
2,25,1,0.0
2,25,2,0.0
2,25,3,0.0
2,25,4,0.0
2,25,5,0.0
2,25,6,0.0
2,25,7,8.31
2,25,8,14.07
2,25,9,19.41
2,25,10,28.18
2,25,11,33.49
2,25,12,27.5
2,25,13,19.73
2,25,14,12.12
2,25,15,10.82
2,25,16,4.76
2,25,17,0.81
2,25,18,0.0
2,25,19,0.0
2,25,20,0.0
2,25,21,0.0
2,25,22,0.0
2,25,23,0.0
2,26,0,0.0
2,26,1,0.0
2,26,2,0.0
2,26,3,0.0
2,26,4,0.0
2,26,5,0.0
2,26,6,0.0
2,26,7,12.59
2,26,8,30.07
2,26,9,47.84
2,26,10,58.17
2,26,11,65.04
2,26,12,63.54
2,26,13,71.39
2,26,14,65.44
2,26,15,46.54
2,26,16,24.29
2,26,17,3.3
2,26,18,0.0
2,26,19,0.0
2,26,20,0.0
2,26,21,0.0
2,26,22,0.0
2,26,23,0.0
2,27,0,0.0
2,27,1,0.0
2,27,2,0.0
2,27,3,0.0
2,27,4,0.0
2,27,5,0.0
2,27,6,0.54
2,27,7,14.29
2,27,8,36.64
2,27,9,57.26
2,27,10,74.03
2,27,11,83.26
2,27,12,85.15
2,27,13,79.44
2,27,14,65.87
2,27,15,46.55
2,27,16,23.67
2,27,17,3.14
2,27,18,0.0
2,27,19,0.0
2,27,20,0.0
2,27,21,0.0
2,27,22,0.0
2,27,23,0.0
2,28,0,0.0
2,28,1,0.0
2,28,2,0.0
2,28,3,0.0
2,28,4,0.0
2,28,5,0.0
2,28,6,0.54
2,28,7,13.2
2,28,8,35.02
2,28,9,56.02
2,28,10,73.04
2,28,11,82.62
2,28,12,83.9
2,28,13,78.07
2,28,14,65.02
2,28,15,45.67
2,28,16,22.91
2,28,17,3.1
2,28,18,0.0
2,28,19,0.0
2,28,20,0.0
2,28,21,0.0
2,28,22,0.0
2,28,23,0.0
2,29,0,0.0
2,29,1,0.0
2,29,2,0.0
2,29,3,0.0
2,29,4,0.0
2,29,5,0.0
2,29,6,0.53
2,29,7,7.39
2,29,8,13.63
2,29,9,16.27
2,29,10,13.88
2,29,11,37.82
2,29,12,67.59
2,29,13,64.52
2,29,14,58.01
2,29,15,41.17
2,29,16,22.4
2,29,17,3.34
2,29,18,0.0
2,29,19,0.0
2,29,20,0.0
2,29,21,0.0
2,29,22,0.0
2,29,23,0.0
3,1,0,0.0
3,1,1,0.0
3,1,2,0.0
3,1,3,0.0
3,1,4,0.0
3,1,5,0.0
3,1,6,0.77
3,1,7,15.61
3,1,8,38.59
3,1,9,59.03
3,1,10,74.09
3,1,11,82.36
3,1,12,82.91
3,1,13,75.61
3,1,14,62.05
3,1,15,41.33
3,1,16,20.41
3,1,17,2.63
3,1,18,0.0
3,1,19,0.0
3,1,20,0.0
3,1,21,0.0
3,1,22,0.0
3,1,23,0.0
3,2,0,0.0
3,2,1,0.0
3,2,2,0.0
3,2,3,0.0
3,2,4,0.0
3,2,5,0.0
3,2,6,0.53
3,2,7,11.25
3,2,8,30.47
3,2,9,49.52
3,2,10,68.53
3,2,11,76.75
3,2,12,88.75
3,2,13,82.5
3,2,14,68.95
3,2,15,49.43
3,2,16,26.45
3,2,17,4.35
3,2,18,0.0
3,2,19,0.0
3,2,20,0.0
3,2,21,0.0
3,2,22,0.0
3,2,23,0.0
3,3,0,0.0
3,3,1,0.0
3,3,2,0.0
3,3,3,0.0
3,3,4,0.0
3,3,5,0.0
3,3,6,1.17
3,3,7,17.27
3,3,8,39.82
3,3,9,60.41
3,3,10,73.85
3,3,11,77.86
3,3,12,70.86
3,3,13,53.76
3,3,14,54.22
3,3,15,35.89
3,3,16,17.88
3,3,17,2.42
3,3,18,0.0
3,3,19,0.0
3,3,20,0.0
3,3,21,0.0
3,3,22,0.0
3,3,23,0.0
3,4,0,0.0
3,4,1,0.0
3,4,2,0.0
3,4,3,0.0
3,4,4,0.0
3,4,5,0.0
3,4,6,0.61
3,4,7,7.14
3,4,8,16.94
3,4,9,27.21
3,4,10,37.67
3,4,11,48.11
3,4,12,50.73
3,4,13,45.52
3,4,14,49.39
3,4,15,34.4
3,4,16,18.86
3,4,17,3.42
3,4,18,0.0
3,4,19,0.0
3,4,20,0.0
3,4,21,0.0
3,4,22,0.0
3,4,23,0.0
3,5,0,0.0
3,5,1,0.0
3,5,2,0.0
3,5,3,0.0
3,5,4,0.0
3,5,5,0.0
3,5,6,1.49
3,5,7,18.93
3,5,8,41.97
3,5,9,62.65
3,5,10,75.87
3,5,11,61.79
3,5,12,64.66
3,5,13,65.63
3,5,14,48.54
3,5,15,31.01
3,5,16,16.97
3,5,17,3.12
3,5,18,0.0
3,5,19,0.0
3,5,20,0.0
3,5,21,0.0
3,5,22,0.0
3,5,23,0.0
3,6,0,0.0
3,6,1,0.0
3,6,2,0.0
3,6,3,0.0
3,6,4,0.0
3,6,5,0.0
3,6,6,0.71
3,6,7,7.27
3,6,8,16.79
3,6,9,26.7
3,6,10,42.47
3,6,11,66.69
3,6,12,77.6
3,6,13,75.39
3,6,14,62.36
3,6,15,43.06
3,6,16,22.61
3,6,17,3.85
3,6,18,0.0
3,6,19,0.0
3,6,20,0.0
3,6,21,0.0
3,6,22,0.0
3,6,23,0.0
3,7,0,0.0
3,7,1,0.0
3,7,2,0.0
3,7,3,0.0
3,7,4,0.0
3,7,5,0.0
3,7,6,1.2
3,7,7,14.87
3,7,8,38.01
3,7,9,61.31
3,7,10,75.45
3,7,11,82.24
3,7,12,87.95
3,7,13,81.35
3,7,14,68.4
3,7,15,48.58
3,7,16,25.27
3,7,17,4.39
3,7,18,0.0
3,7,19,0.0
3,7,20,0.0
3,7,21,0.0
3,7,22,0.0
3,7,23,0.0
3,8,0,0.0
3,8,1,0.0
3,8,2,0.0
3,8,3,0.0
3,8,4,0.0
3,8,5,0.0
3,8,6,1.29
3,8,7,13.91
3,8,8,30.95
3,8,9,49.63
3,8,10,60.25
3,8,11,71.08
3,8,12,76.46
3,8,13,70.91
3,8,14,57.52
3,8,15,37.63
3,8,16,20.48
3,8,17,3.77
3,8,18,0.0
3,8,19,0.0
3,8,20,0.0
3,8,21,0.0
3,8,22,0.0
3,8,23,0.0
3,9,0,0.0
3,9,1,0.0
3,9,2,0.0
3,9,3,0.0
3,9,4,0.0
3,9,5,0.0
3,9,6,1.93
3,9,7,19.8
3,9,8,42.94
3,9,9,64.32
3,9,10,78.8
3,9,11,88.9
3,9,12,89.07
3,9,13,81.31
3,9,14,65.36
3,9,15,43.51
3,9,16,24.01
3,9,17,4.54
3,9,18,0.0
3,9,19,0.0
3,9,20,0.0
3,9,21,0.0
3,9,22,0.0
3,9,23,0.0
3,10,0,0.0
3,10,1,0.0
3,10,2,0.0
3,10,3,0.0
3,10,4,0.0
3,10,5,0.0
3,10,6,1.42
3,10,7,13.66
3,10,8,29.32
3,10,9,46.16
3,10,10,54.37
3,10,11,52.29
3,10,12,57.02
3,10,13,49.67
3,10,14,40.84
3,10,15,33.14
3,10,16,15.61
3,10,17,3.45
3,10,18,0.0
3,10,19,0.0
3,10,20,0.0
3,10,21,0.0
3,10,22,0.0
3,10,23,0.0
3,11,0,0.0
3,11,1,0.0
3,11,2,0.0
3,11,3,0.0
3,11,4,0.0
3,11,5,0.0
3,11,6,1.29
3,11,7,12.37
3,11,8,30.25
3,11,9,46.92
3,11,10,63.71
3,11,11,73.93
3,11,12,70.57
3,11,13,76.55
3,11,14,70.82
3,11,15,49.58
3,11,16,27.67
3,11,17,5.81
3,11,18,0.0
3,11,19,0.0
3,11,20,0.0
3,11,21,0.0
3,11,22,0.0
3,11,23,0.0
3,12,0,0.0
3,12,1,0.0
3,12,2,0.0
3,12,3,0.0
3,12,4,0.0
3,12,5,0.0
3,12,6,2.89
3,12,7,23.02
3,12,8,46.04
3,12,9,66.74
3,12,10,80.01
3,12,11,89.59
3,12,12,87.93
3,12,13,74.01
3,12,14,38.1
3,12,15,26.44
3,12,16,15.82
3,12,17,3.67
3,12,18,0.0
3,12,19,0.0
3,12,20,0.0
3,12,21,0.0
3,12,22,0.0
3,12,23,0.0
3,13,0,0.0
3,13,1,0.0
3,13,2,0.0
3,13,3,0.0
3,13,4,0.0
3,13,5,0.0
3,13,6,1.56
3,13,7,7.81
3,13,8,16.98
3,13,9,28.38
3,13,10,31.54
3,13,11,28.43
3,13,12,23.22
3,13,13,24.95
3,13,14,17.73
3,13,15,11.93
3,13,16,6.73
3,13,17,1.59
3,13,18,0.0
3,13,19,0.0
3,13,20,0.0
3,13,21,0.0
3,13,22,0.0
3,13,23,0.0
3,14,0,0.0
3,14,1,0.0
3,14,2,0.0
3,14,3,0.0
3,14,4,0.0
3,14,5,0.0
3,14,6,0.61
3,14,7,3.55
3,14,8,8.65
3,14,9,13.24
3,14,10,16.59
3,14,11,14.21
3,14,12,11.87
3,14,13,10.39
3,14,14,7.46
3,14,15,6.59
3,14,16,4.67
3,14,17,1.2
3,14,18,0.0
3,14,19,0.0
3,14,20,0.0
3,14,21,0.0
3,14,22,0.0
3,14,23,0.0
3,15,0,0.0
3,15,1,0.0
3,15,2,0.0
3,15,3,0.0
3,15,4,0.0
3,15,5,0.0
3,15,6,1.84
3,15,7,9.8
3,15,8,19.29
3,15,9,28.3
3,15,10,35.7
3,15,11,30.49
3,15,12,32.16
3,15,13,32.96
3,15,14,31.96
3,15,15,28.9
3,15,16,16.38
3,15,17,4.53
3,15,18,0.0
3,15,19,0.0
3,15,20,0.0
3,15,21,0.0
3,15,22,0.0
3,15,23,0.0
3,16,0,0.0
3,16,1,0.0
3,16,2,0.0
3,16,3,0.0
3,16,4,0.0
3,16,5,0.0
3,16,6,3.06
3,16,7,18.84
3,16,8,35.83
3,16,9,53.19
3,16,10,62.69
3,16,11,73.43
3,16,12,77.91
3,16,13,59.88
3,16,14,52.0
3,16,15,34.23
3,16,16,19.56
3,16,17,4.61
3,16,18,0.0
3,16,19,0.0
3,16,20,0.0
3,16,21,0.0
3,16,22,0.0
3,16,23,0.0
3,17,0,0.0
3,17,1,0.0
3,17,2,0.0
3,17,3,0.0
3,17,4,0.0
3,17,5,0.0
3,17,6,3.37
3,17,7,22.72
3,17,8,45.81
3,17,9,70.45
3,17,10,81.14
3,17,11,59.93
3,17,12,58.34
3,17,13,63.42
3,17,14,57.3
3,17,15,38.58
3,17,16,21.82
3,17,17,5.63
3,17,18,0.0
3,17,19,0.0
3,17,20,0.0
3,17,21,0.0
3,17,22,0.0
3,17,23,0.0
3,18,0,0.0
3,18,1,0.0
3,18,2,0.0
3,18,3,0.0
3,18,4,0.0
3,18,5,0.0
3,18,6,5.31
3,18,7,28.11
3,18,8,51.68
3,18,9,72.09
3,18,10,86.4
3,18,11,88.5
3,18,12,57.07
3,18,13,53.45
3,18,14,50.19
3,18,15,35.45
3,18,16,22.01
3,18,17,6.76
3,18,18,0.0
3,18,19,0.0
3,18,20,0.0
3,18,21,0.0
3,18,22,0.0
3,18,23,0.0
3,19,0,0.0
3,19,1,0.0
3,19,2,0.0
3,19,3,0.0
3,19,4,0.0
3,19,5,0.0
3,19,6,3.57
3,19,7,17.51
3,19,8,30.27
3,19,9,42.65
3,19,10,61.31
3,19,11,53.47
3,19,12,48.27
3,19,13,30.77
3,19,14,30.96
3,19,15,21.24
3,19,16,11.21
3,19,17,3.27
3,19,18,0.0
3,19,19,0.0
3,19,20,0.0
3,19,21,0.0
3,19,22,0.0
3,19,23,0.0
3,20,0,0.0
3,20,1,0.0
3,20,2,0.0
3,20,3,0.0
3,20,4,0.0
3,20,5,0.0
3,20,6,3.22
3,20,7,11.43
3,20,8,17.97
3,20,9,23.75
3,20,10,30.2
3,20,11,50.76
3,20,12,55.54
3,20,13,59.56
3,20,14,39.04
3,20,15,28.22
3,20,16,16.97
3,20,17,4.14
3,20,18,0.0
3,20,19,0.0
3,20,20,0.0
3,20,21,0.0
3,20,22,0.0
3,20,23,0.0
3,21,0,0.0
3,21,1,0.0
3,21,2,0.0
3,21,3,0.0
3,21,4,0.0
3,21,5,0.0
3,21,6,4.74
3,21,7,24.26
3,21,8,48.25
3,21,9,70.74
3,21,10,88.98
3,21,11,91.02
3,21,12,91.97
3,21,13,84.17
3,21,14,60.25
3,21,15,45.51
3,21,16,28.57
3,21,17,9.15
3,21,18,0.0
3,21,19,0.0
3,21,20,0.0
3,21,21,0.0
3,21,22,0.0
3,21,23,0.0
3,22,0,0.0
3,22,1,0.0
3,22,2,0.0
3,22,3,0.0
3,22,4,0.0
3,22,5,0.0
3,22,6,6.38
3,22,7,28.39
3,22,8,51.65
3,22,9,72.37
3,22,10,86.85
3,22,11,97.13
3,22,12,96.42
3,22,13,88.4
3,22,14,74.59
3,22,15,53.6
3,22,16,30.38
3,22,17,8.45
3,22,18,0.0
3,22,19,0.0
3,22,20,0.0
3,22,21,0.0
3,22,22,0.0
3,22,23,0.0
3,23,0,0.0
3,23,1,0.0
3,23,2,0.0
3,23,3,0.0
3,23,4,0.0
3,23,5,0.0
3,23,6,3.85
3,23,7,16.2
3,23,8,30.39
3,23,9,43.73
3,23,10,57.89
3,23,11,60.73
3,23,12,79.85
3,23,13,70.22
3,23,14,66.48
3,23,15,47.41
3,23,16,27.99
3,23,17,7.74
3,23,18,0.0
3,23,19,0.0
3,23,20,0.0
3,23,21,0.0
3,23,22,0.0
3,23,23,0.0
3,24,0,0.0
3,24,1,0.0
3,24,2,0.0
3,24,3,0.0
3,24,4,0.0
3,24,5,0.0
3,24,6,4.63
3,24,7,20.85
3,24,8,38.62
3,24,9,58.01
3,24,10,68.44
3,24,11,76.13
3,24,12,83.88
3,24,13,71.68
3,24,14,50.27
3,24,15,34.2
3,24,16,19.13
3,24,17,5.67
3,24,18,0.0
3,24,19,0.0
3,24,20,0.0
3,24,21,0.0
3,24,22,0.0
3,24,23,0.0
3,25,0,0.0
3,25,1,0.0
3,25,2,0.0
3,25,3,0.0
3,25,4,0.0
3,25,5,0.0
3,25,6,3.38
3,25,7,14.51
3,25,8,23.22
3,25,9,24.17
3,25,10,33.52
3,25,11,53.24
3,25,12,56.2
3,25,13,48.29
3,25,14,40.64
3,25,15,29.4
3,25,16,19.92
3,25,17,7.84
3,25,18,0.0
3,25,19,0.0
3,25,20,0.0
3,25,21,0.0
3,25,22,0.0
3,25,23,0.0
3,26,0,0.0
3,26,1,0.0
3,26,2,0.0
3,26,3,0.0
3,26,4,0.0
3,26,5,0.0
3,26,6,9.1
3,26,7,32.23
3,26,8,56.31
3,26,9,77.22
3,26,10,92.83
3,26,11,100.84
3,26,12,101.15
3,26,13,92.26
3,26,14,77.23
3,26,15,56.06
3,26,16,33.62
3,26,17,10.94
3,26,18,0.0
3,26,19,0.0
3,26,20,0.0
3,26,21,0.0
3,26,22,0.0
3,26,23,0.0
3,27,0,0.0
3,27,1,0.0
3,27,2,0.0
3,27,3,0.0
3,27,4,0.0
3,27,5,0.0
3,27,6,4.43
3,27,7,14.53
3,27,8,25.09
3,27,9,33.41
3,27,10,56.18
3,27,11,68.95
3,27,12,75.6
3,27,13,71.57
3,27,14,49.02
3,27,15,32.79
3,27,16,17.94
3,27,17,6.06
3,27,18,0.0
3,27,19,0.0
3,27,20,0.0
3,27,21,0.0
3,27,22,0.0
3,27,23,0.0
3,28,0,0.0
3,28,1,0.0
3,28,2,0.0
3,28,3,0.0
3,28,4,0.0
3,28,5,0.0
3,28,6,2.61
3,28,7,8.36
3,28,8,14.35
3,28,9,19.91
3,28,10,26.54
3,28,11,36.84
3,28,12,52.22
3,28,13,77.65
3,28,14,64.79
3,28,15,46.44
3,28,16,26.45
3,28,17,8.71
3,28,18,0.0
3,28,19,0.0
3,28,20,0.0
3,28,21,0.0
3,28,22,0.0
3,28,23,0.0
3,29,0,0.0
3,29,1,0.0
3,29,2,0.0
3,29,3,0.0
3,29,4,0.0
3,29,5,0.0
3,29,6,12.42
3,29,7,37.54
3,29,8,62.15
3,29,9,82.87
3,29,10,97.86
3,29,11,105.74
3,29,12,106.13
3,29,13,98.95
3,29,14,84.8
3,29,15,64.71
3,29,16,40.49
3,29,17,15.75
3,29,18,0.0
3,29,19,0.0
3,29,20,0.0
3,29,21,0.0
3,29,22,0.0
3,29,23,0.0
3,30,0,0.0
3,30,1,0.0
3,30,2,0.0
3,30,3,0.0
3,30,4,0.0
3,30,5,0.0
3,30,6,13.26
3,30,7,37.89
3,30,8,62.69
3,30,9,83.21
3,30,10,97.73
3,30,11,105.29
3,30,12,104.48
3,30,13,94.69
3,30,14,77.4
3,30,15,57.71
3,30,16,32.18
3,30,17,11.82
3,30,18,0.0
3,30,19,0.0
3,30,20,0.0
3,30,21,0.0
3,30,22,0.0
3,30,23,0.0
3,31,0,0.0
3,31,1,0.0
3,31,2,0.0
3,31,3,0.0
3,31,4,0.0
3,31,5,0.0
3,31,6,9.38
3,31,7,25.43
3,31,8,43.21
3,31,9,64.31
3,31,10,61.16
3,31,11,65.5
3,31,12,70.35
3,31,13,59.12
3,31,14,49.45
3,31,15,34.77
3,31,16,19.43
3,31,17,7.35
3,31,18,0.0
3,31,19,0.0
3,31,20,0.0
3,31,21,0.0
3,31,22,0.0
3,31,23,0.0
4,1,0,0.0
4,1,1,0.0
4,1,2,0.0
4,1,3,0.0
4,1,4,0.0
4,1,5,0.0
4,1,6,3.95
4,1,7,10.85
4,1,8,19.13
4,1,9,14.09
4,1,10,19.84
4,1,11,42.65
4,1,12,82.25
4,1,13,82.78
4,1,14,72.47
4,1,15,51.79
4,1,16,28.98
4,1,17,10.98
4,1,18,0.0
4,1,19,0.0
4,1,20,0.0
4,1,21,0.0
4,1,22,0.0
4,1,23,0.0
4,2,0,0.0
4,2,1,0.0
4,2,2,0.0
4,2,3,0.0
4,2,4,0.0
4,2,5,0.0
4,2,6,1.9
4,2,7,3.62
4,2,8,5.19
4,2,9,19.14
4,2,10,25.97
4,2,11,35.54
4,2,12,42.85
4,2,13,43.71
4,2,14,53.28
4,2,15,36.45
4,2,16,21.29
4,2,17,7.42
4,2,18,0.33
4,2,19,0.0
4,2,20,0.0
4,2,21,0.0
4,2,22,0.0
4,2,23,0.0
4,3,0,0.0
4,3,1,0.0
4,3,2,0.0
4,3,3,0.0
4,3,4,0.0
4,3,5,0.0
4,3,6,14.32
4,3,7,37.57
4,3,8,62.04
4,3,9,84.24
4,3,10,98.99
4,3,11,102.52
4,3,12,105.74
4,3,13,99.07
4,3,14,84.22
4,3,15,64.51
4,3,16,39.33
4,3,17,13.99
4,3,18,0.51
4,3,19,0.0
4,3,20,0.0
4,3,21,0.0
4,3,22,0.0
4,3,23,0.0
4,4,0,0.0
4,4,1,0.0
4,4,2,0.0
4,4,3,0.0
4,4,4,0.0
4,4,5,0.25
4,4,6,5.27
4,4,7,14.64
4,4,8,25.64
4,4,9,28.81
4,4,10,30.46
4,4,11,22.39
4,4,12,25.11
4,4,13,15.02
4,4,14,11.06
4,4,15,8.27
4,4,16,3.55
4,4,17,0.66
4,4,18,0.19
4,4,19,0.0
4,4,20,0.0
4,4,21,0.0
4,4,22,0.0
4,4,23,0.0
4,5,0,0.0
4,5,1,0.0
4,5,2,0.0
4,5,3,0.0
4,5,4,0.0
4,5,5,0.44
4,5,6,13.14
4,5,7,36.29
4,5,8,60.41
4,5,9,82.26
4,5,10,99.15
4,5,11,108.98
4,5,12,109.53
4,5,13,102.52
4,5,14,87.89
4,5,15,67.47
4,5,16,43.09
4,5,17,17.41
4,5,18,0.81
4,5,19,0.0
4,5,20,0.0
4,5,21,0.0
4,5,22,0.0
4,5,23,0.0
4,6,0,0.0
4,6,1,0.0
4,6,2,0.0
4,6,3,0.0
4,6,4,0.0
4,6,5,0.65
4,6,6,15.08
4,6,7,39.53
4,6,8,63.09
4,6,9,80.95
4,6,10,93.03
4,6,11,102.69
4,6,12,87.11
4,6,13,61.95
4,6,14,60.3
4,6,15,44.25
4,6,16,25.68
4,6,17,9.68
4,6,18,0.48
4,6,19,0.0
4,6,20,0.0
4,6,21,0.0
4,6,22,0.0
4,6,23,0.0
4,7,0,0.0
4,7,1,0.0
4,7,2,0.0
4,7,3,0.0
4,7,4,0.0
4,7,5,0.36
4,7,6,5.46
4,7,7,12.08
4,7,8,22.56
4,7,9,24.88
4,7,10,23.42
4,7,11,26.12
4,7,12,14.71
4,7,13,50.31
4,7,14,44.2
4,7,15,32.38
4,7,16,17.17
4,7,17,4.88
4,7,18,0.42
4,7,19,0.0
4,7,20,0.0
4,7,21,0.0
4,7,22,0.0
4,7,23,0.0
4,8,0,0.0
4,8,1,0.0
4,8,2,0.0
4,8,3,0.0
4,8,4,0.0
4,8,5,0.71
4,8,6,7.52
4,8,7,22.76
4,8,8,38.54
4,8,9,40.98
4,8,10,46.85
4,8,11,52.2
4,8,12,50.28
4,8,13,51.95
4,8,14,52.22
4,8,15,34.53
4,8,16,22.72
4,8,17,10.3
4,8,18,0.8
4,8,19,0.0
4,8,20,0.0
4,8,21,0.0
4,8,22,0.0
4,8,23,0.0
4,9,0,0.0
4,9,1,0.0
4,9,2,0.0
4,9,3,0.0
4,9,4,0.0
4,9,5,0.69
4,9,6,8.43
4,9,7,18.59
4,9,8,12.23
4,9,9,23.82
4,9,10,20.58
4,9,11,23.78
4,9,12,17.65
4,9,13,19.21
4,9,14,20.45
4,9,15,17.6
4,9,16,13.26
4,9,17,5.25
4,9,18,0.49
4,9,19,0.0
4,9,20,0.0
4,9,21,0.0
4,9,22,0.0
4,9,23,0.0
4,10,0,0.0
4,10,1,0.0
4,10,2,0.0
4,10,3,0.0
4,10,4,0.0
4,10,5,1.14
4,10,6,17.79
4,10,7,43.47
4,10,8,68.62
4,10,9,88.94
4,10,10,102.96
4,10,11,109.26
4,10,12,108.35
4,10,13,99.97
4,10,14,84.55
4,10,15,62.27
4,10,16,37.43
4,10,17,14.45
4,10,18,0.79
4,10,19,0.0
4,10,20,0.0
4,10,21,0.0
4,10,22,0.0
4,10,23,0.0
4,11,0,0.0
4,11,1,0.0
4,11,2,0.0
4,11,3,0.0
4,11,4,0.0
4,11,5,0.57
4,11,6,5.81
4,11,7,13.6
4,11,8,22.77
4,11,9,36.07
4,11,10,44.78
4,11,11,90.95
4,11,12,87.19
4,11,13,72.12
4,11,14,62.78
4,11,15,38.79
4,11,16,27.06
4,11,17,9.15
4,11,18,0.65
4,11,19,0.0
4,11,20,0.0
4,11,21,0.0
4,11,22,0.0
4,11,23,0.0
4,12,0,0.0
4,12,1,0.0
4,12,2,0.0
4,12,3,0.0
4,12,4,0.0
4,12,5,0.33
4,12,6,2.83
4,12,7,5.76
4,12,8,11.02
4,12,9,16.27
4,12,10,20.95
4,12,11,32.52
4,12,12,67.6
4,12,13,85.72
4,12,14,84.52
4,12,15,66.9
4,12,16,43.63
4,12,17,19.17
4,12,18,1.43
4,12,19,0.0
4,12,20,0.0
4,12,21,0.0
4,12,22,0.0
4,12,23,0.0
4,13,0,0.0
4,13,1,0.0
4,13,2,0.0
4,13,3,0.0
4,13,4,0.0
4,13,5,1.17
4,13,6,12.62
4,13,7,29.71
4,13,8,70.66
4,13,9,90.27
4,13,10,103.93
4,13,11,110.64
4,13,12,110.06
4,13,13,102.21
4,13,14,86.75
4,13,15,65.78
4,13,16,41.45
4,13,17,16.93
4,13,18,1.22
4,13,19,0.0
4,13,20,0.0
4,13,21,0.0
4,13,22,0.0
4,13,23,0.0
4,14,0,0.0
4,14,1,0.0
4,14,2,0.0
4,14,3,0.0
4,14,4,0.0
4,14,5,1.51
4,14,6,17.92
4,14,7,40.12
4,14,8,65.68
4,14,9,85.86
4,14,10,99.24
4,14,11,109.19
4,14,12,108.94
4,14,13,101.91
4,14,14,87.43
4,14,15,67.33
4,14,16,43.47
4,14,17,18.81
4,14,18,1.44
4,14,19,0.0
4,14,20,0.0
4,14,21,0.0
4,14,22,0.0
4,14,23,0.0
4,15,0,0.0
4,15,1,0.0
4,15,2,0.0
4,15,3,0.0
4,15,4,0.0
4,15,5,1.84
4,15,6,19.56
4,15,7,43.11
4,15,8,65.69
4,15,9,88.07
4,15,10,101.87
4,15,11,110.18
4,15,12,109.65
4,15,13,101.67
4,15,14,87.29
4,15,15,66.95
4,15,16,42.81
4,15,17,18.08
4,15,18,1.42
4,15,19,0.0
4,15,20,0.0
4,15,21,0.0
4,15,22,0.0
4,15,23,0.0
4,16,0,0.0
4,16,1,0.0
4,16,2,0.0
4,16,3,0.0
4,16,4,0.0
4,16,5,1.77
4,16,6,17.91
4,16,7,41.3
4,16,8,64.56
4,16,9,87.5
4,16,10,101.04
4,16,11,110.28
4,16,12,109.9
4,16,13,102.21
4,16,14,87.95
4,16,15,67.69
4,16,16,43.77
4,16,17,19.03
4,16,18,1.58
4,16,19,0.0
4,16,20,0.0
4,16,21,0.0
4,16,22,0.0
4,16,23,0.0
4,17,0,0.0
4,17,1,0.0
4,17,2,0.0
4,17,3,0.0
4,17,4,0.0
4,17,5,2.06
4,17,6,19.43
4,17,7,42.65
4,17,8,65.84
4,17,9,85.26
4,17,10,98.41
4,17,11,110.07
4,17,12,109.61
4,17,13,101.87
4,17,14,87.44
4,17,15,67.57
4,17,16,44.02
4,17,17,19.49
4,17,18,1.7
4,17,19,0.0
4,17,20,0.0
4,17,21,0.0
4,17,22,0.0
4,17,23,0.0
4,18,0,0.0
4,18,1,0.0
4,18,2,0.0
4,18,3,0.0
4,18,4,0.0
4,18,5,2.45
4,18,6,20.81
4,18,7,44.66
4,18,8,68.36
4,18,9,87.17
4,18,10,100.43
4,18,11,108.98
4,18,12,109.36
4,18,13,101.07
4,18,14,87.76
4,18,15,67.35
4,18,16,38.9
4,18,17,15.6
4,18,18,1.33
4,18,19,0.0
4,18,20,0.0
4,18,21,0.0
4,18,22,0.0
4,18,23,0.0
4,19,0,0.0
4,19,1,0.0
4,19,2,0.0
4,19,3,0.0
4,19,4,0.0
4,19,5,2.23
4,19,6,18.67
4,19,7,39.98
4,19,8,64.51
4,19,9,86.43
4,19,10,99.17
4,19,11,102.21
4,19,12,97.38
4,19,13,90.8
4,19,14,86.4
4,19,15,69.68
4,19,16,45.43
4,19,17,20.52
4,19,18,2.08
4,19,19,0.0
4,19,20,0.0
4,19,21,0.0
4,19,22,0.0
4,19,23,0.0
4,20,0,0.0
4,20,1,0.0
4,20,2,0.0
4,20,3,0.0
4,20,4,0.0
4,20,5,2.07
4,20,6,15.81
4,20,7,32.68
4,20,8,49.58
4,20,9,62.65
4,20,10,107.46
4,20,11,114.06
4,20,12,113.41
4,20,13,105.5
4,20,14,90.89
4,20,15,70.82
4,20,16,46.94
4,20,17,21.7
4,20,18,2.27
4,20,19,0.0
4,20,20,0.0
4,20,21,0.0
4,20,22,0.0
4,20,23,0.0
4,21,0,0.0
4,21,1,0.0
4,21,2,0.0
4,21,3,0.0
4,21,4,0.0
4,21,5,3.19
4,21,6,22.61
4,21,7,46.43
4,21,8,69.07
4,21,9,88.79
4,21,10,101.53
4,21,11,104.74
4,21,12,97.49
4,21,13,89.79
4,21,14,76.99
4,21,15,59.01
4,21,16,36.16
4,21,17,15.78
4,21,18,1.47
4,21,19,0.0
4,21,20,0.0
4,21,21,0.0
4,21,22,0.0
4,21,23,0.0
4,22,0,0.0
4,22,1,0.0
4,22,2,0.0
4,22,3,0.0
4,22,4,0.0
4,22,5,2.24
4,22,6,14.61
4,22,7,32.31
4,22,8,49.48
4,22,9,61.99
4,22,10,76.38
4,22,11,64.32
4,22,12,79.99
4,22,13,70.26
4,22,14,47.16
4,22,15,20.71
4,22,16,12.13
4,22,17,5.26
4,22,18,0.98
4,22,19,0.0
4,22,20,0.0
4,22,21,0.0
4,22,22,0.0
4,22,23,0.0
4,23,0,0.0
4,23,1,0.0
4,23,2,0.0
4,23,3,0.0
4,23,4,0.0
4,23,5,1.25
4,23,6,6.87
4,23,7,11.54
4,23,8,18.07
4,23,9,28.01
4,23,10,49.59
4,23,11,61.69
4,23,12,78.09
4,23,13,80.09
4,23,14,69.67
4,23,15,57.21
4,23,16,38.81
4,23,17,18.57
4,23,18,2.44
4,23,19,0.0
4,23,20,0.0
4,23,21,0.0
4,23,22,0.0
4,23,23,0.0
4,24,0,0.0
4,24,1,0.0
4,24,2,0.0
4,24,3,0.0
4,24,4,0.0
4,24,5,3.65
4,24,6,23.18
4,24,7,46.56
4,24,8,70.13
4,24,9,89.7
4,24,10,103.62
4,24,11,112.84
4,24,12,111.55
4,24,13,101.65
4,24,14,89.77
4,24,15,69.53
4,24,16,45.77
4,24,17,21.24
4,24,18,2.52
4,24,19,0.0
4,24,20,0.0
4,24,21,0.0
4,24,22,0.0
4,24,23,0.0
4,25,0,0.0
4,25,1,0.0
4,25,2,0.0
4,25,3,0.0
4,25,4,0.0
4,25,5,2.75
4,25,6,19.67
4,25,7,41.57
4,25,8,64.33
4,25,9,86.07
4,25,10,87.73
4,25,11,87.96
4,25,12,84.4
4,25,13,71.92
4,25,14,62.3
4,25,15,51.47
4,25,16,31.63
4,25,17,13.99
4,25,18,2.0
4,25,19,0.0
4,25,20,0.0
4,25,21,0.0
4,25,22,0.0
4,25,23,0.0
4,26,0,0.0
4,26,1,0.0
4,26,2,0.0
4,26,3,0.0
4,26,4,0.0
4,26,5,2.37
4,26,6,12.75
4,26,7,26.63
4,26,8,34.12
4,26,9,42.95
4,26,10,54.22
4,26,11,84.85
4,26,12,86.18
4,26,13,75.25
4,26,14,37.44
4,26,15,37.35
4,26,16,23.05
4,26,17,10.51
4,26,18,1.48
4,26,19,0.0
4,26,20,0.0
4,26,21,0.0
4,26,22,0.0
4,26,23,0.0
4,27,0,0.0
4,27,1,0.0
4,27,2,0.0
4,27,3,0.0
4,27,4,0.0
4,27,5,1.67
4,27,6,7.09
4,27,7,13.63
4,27,8,20.79
4,27,9,26.57
4,27,10,40.29
4,27,11,56.03
4,27,12,73.57
4,27,13,59.27
4,27,14,59.32
4,27,15,48.54
4,27,16,32.4
4,27,17,17.02
4,27,18,2.57
4,27,19,0.0
4,27,20,0.0
4,27,21,0.0
4,27,22,0.0
4,27,23,0.0
4,28,0,0.0
4,28,1,0.0
4,28,2,0.0
4,28,3,0.0
4,28,4,0.0
4,28,5,2.96
4,28,6,14.54
4,28,7,29.65
4,28,8,40.18
4,28,9,49.02
4,28,10,43.19
4,28,11,49.85
4,28,12,42.58
4,28,13,34.32
4,28,14,23.0
4,28,15,12.86
4,28,16,14.95
4,28,17,7.38
4,28,18,1.05
4,28,19,0.0
4,28,20,0.0
4,28,21,0.0
4,28,22,0.0
4,28,23,0.0
4,29,0,0.0
4,29,1,0.0
4,29,2,0.0
4,29,3,0.0
4,29,4,0.0
4,29,5,2.43
4,29,6,10.79
4,29,7,21.61
4,29,8,36.24
4,29,9,37.95
4,29,10,50.79
4,29,11,42.85
4,29,12,36.77
4,29,13,33.43
4,29,14,22.13
4,29,15,12.33
4,29,16,6.31
4,29,17,2.8
4,29,18,0.62
4,29,19,0.0
4,29,20,0.0
4,29,21,0.0
4,29,22,0.0
4,29,23,0.0
4,30,0,0.0
4,30,1,0.0
4,30,2,0.0
4,30,3,0.0
4,30,4,0.0
4,30,5,2.73
4,30,6,12.55
4,30,7,24.28
4,30,8,43.3
4,30,9,69.07
4,30,10,72.19
4,30,11,87.28
4,30,12,67.74
4,30,13,59.13
4,30,14,51.99
4,30,15,39.96
4,30,16,23.6
4,30,17,10.46
4,30,18,1.38
4,30,19,0.0
4,30,20,0.0
4,30,21,0.0
4,30,22,0.0
4,30,23,0.0
5,1,0,0.0
5,1,1,0.0
5,1,2,0.0
5,1,3,0.0
5,1,4,0.0
5,1,5,1.36
5,1,6,4.82
5,1,7,8.2
5,1,8,11.03
5,1,9,17.57
5,1,10,23.53
5,1,11,26.57
5,1,12,20.31
5,1,13,14.99
5,1,14,14.26
5,1,15,5.7
5,1,16,14.48
5,1,17,8.05
5,1,18,1.36
5,1,19,0.0
5,1,20,0.0
5,1,21,0.0
5,1,22,0.0
5,1,23,0.0
5,2,0,0.0
5,2,1,0.0
5,2,2,0.0
5,2,3,0.0
5,2,4,0.0
5,2,5,1.99
5,2,6,5.98
5,2,7,9.7
5,2,8,12.37
5,2,9,19.57
5,2,10,21.29
5,2,11,25.2
5,2,12,29.71
5,2,13,38.15
5,2,14,36.35
5,2,15,34.55
5,2,16,22.18
5,2,17,10.39
5,2,18,1.69
5,2,19,0.0
5,2,20,0.0
5,2,21,0.0
5,2,22,0.0
5,2,23,0.0
5,3,0,0.0
5,3,1,0.0
5,3,2,0.0
5,3,3,0.0
5,3,4,0.0
5,3,5,0.88
5,3,6,2.29
5,3,7,4.76
5,3,8,8.39
5,3,9,19.06
5,3,10,24.79
5,3,11,23.99
5,3,12,26.0
5,3,13,36.51
5,3,14,20.38
5,3,15,11.56
5,3,16,15.08
5,3,17,8.26
5,3,18,1.45
5,3,19,0.0
5,3,20,0.0
5,3,21,0.0
5,3,22,0.0
5,3,23,0.0
5,4,0,0.0
5,4,1,0.0
5,4,2,0.0
5,4,3,0.0
5,4,4,0.0
5,4,5,2.2
5,4,6,8.21
5,4,7,14.93
5,4,8,17.95
5,4,9,19.28
5,4,10,21.05
5,4,11,24.02
5,4,12,21.22
5,4,13,19.79
5,4,14,17.29
5,4,15,10.03
5,4,16,6.76
5,4,17,3.85
5,4,18,0.71
5,4,19,0.0
5,4,20,0.0
5,4,21,0.0
5,4,22,0.0
5,4,23,0.0
5,5,0,0.0
5,5,1,0.0
5,5,2,0.0
5,5,3,0.0
5,5,4,0.0
5,5,5,2.46
5,5,6,8.77
5,5,7,17.51
5,5,8,25.99
5,5,9,27.77
5,5,10,34.46
5,5,11,40.61
5,5,12,43.44
5,5,13,36.82
5,5,14,31.66
5,5,15,19.64
5,5,16,12.78
5,5,17,6.69
5,5,18,1.08
5,5,19,0.0
5,5,20,0.0
5,5,21,0.0
5,5,22,0.0
5,5,23,0.0
5,6,0,0.0
5,6,1,0.0
5,6,2,0.0
5,6,3,0.0
5,6,4,0.0
5,6,5,1.55
5,6,6,4.73
5,6,7,8.08
5,6,8,10.84
5,6,9,11.99
5,6,10,12.55
5,6,11,18.19
5,6,12,18.43
5,6,13,18.69
5,6,14,21.25
5,6,15,16.48
5,6,16,10.01
5,6,17,5.53
5,6,18,1.1
5,6,19,0.0
5,6,20,0.0
5,6,21,0.0
5,6,22,0.0
5,6,23,0.0
5,7,0,0.0
5,7,1,0.0
5,7,2,0.0
5,7,3,0.0
5,7,4,0.0
5,7,5,2.24
5,7,6,6.96
5,7,7,13.38
5,7,8,19.85
5,7,9,22.52
5,7,10,35.11
5,7,11,35.72
5,7,12,39.91
5,7,13,33.91
5,7,14,40.49
5,7,15,36.56
5,7,16,25.95
5,7,17,14.48
5,7,18,3.09
5,7,19,0.0
5,7,20,0.0
5,7,21,0.0
5,7,22,0.0
5,7,23,0.0
5,8,0,0.0
5,8,1,0.0
5,8,2,0.0
5,8,3,0.0
5,8,4,0.0
5,8,5,2.75
5,8,6,10.11
5,8,7,18.85
5,8,8,36.24
5,8,9,63.79
5,8,10,68.09
5,8,11,104.16
5,8,12,102.0
5,8,13,94.79
5,8,14,94.98
5,8,15,73.62
5,8,16,50.84
5,8,17,26.93
5,8,18,5.66
5,8,19,0.0
5,8,20,0.0
5,8,21,0.0
5,8,22,0.0
5,8,23,0.0
5,9,0,0.0
5,9,1,0.0
5,9,2,0.0
5,9,3,0.0
5,9,4,0.0
5,9,5,8.71
5,9,6,29.95
5,9,7,53.57
5,9,8,76.42
5,9,9,93.04
5,9,10,96.22
5,9,11,79.24
5,9,12,70.16
5,9,13,62.87
5,9,14,56.19
5,9,15,40.84
5,9,16,25.82
5,9,17,13.44
5,9,18,2.94
5,9,19,0.0
5,9,20,0.0
5,9,21,0.0
5,9,22,0.0
5,9,23,0.0
5,10,0,0.0
5,10,1,0.0
5,10,2,0.0
5,10,3,0.0
5,10,4,0.0
5,10,5,4.47
5,10,6,13.73
5,10,7,23.81
5,10,8,29.1
5,10,9,39.44
5,10,10,53.23
5,10,11,53.93
5,10,12,50.03
5,10,13,43.24
5,10,14,35.54
5,10,15,32.64
5,10,16,21.06
5,10,17,10.73
5,10,18,2.46
5,10,19,0.0
5,10,20,0.0
5,10,21,0.0
5,10,22,0.0
5,10,23,0.0
5,11,0,0.0
5,11,1,0.0
5,11,2,0.0
5,11,3,0.0
5,11,4,0.0
5,11,5,5.76
5,11,6,18.83
5,11,7,35.62
5,11,8,49.08
5,11,9,62.4
5,11,10,70.88
5,11,11,81.09
5,11,12,90.06
5,11,13,93.39
5,11,14,72.17
5,11,15,49.16
5,11,16,32.08
5,11,17,16.3
5,11,18,3.77
5,11,19,0.0
5,11,20,0.0
5,11,21,0.0
5,11,22,0.0
5,11,23,0.0
5,12,0,0.0
5,12,1,0.0
5,12,2,0.0
5,12,3,0.0
5,12,4,0.0
5,12,5,8.83
5,12,6,28.96
5,12,7,52.25
5,12,8,74.45
5,12,9,92.46
5,12,10,103.81
5,12,11,109.92
5,12,12,110.8
5,12,13,99.07
5,12,14,88.91
5,12,15,70.43
5,12,16,46.49
5,12,17,24.66
5,12,18,5.3
5,12,19,0.0
5,12,20,0.0
5,12,21,0.0
5,12,22,0.0
5,12,23,0.0
5,13,0,0.0
5,13,1,0.0
5,13,2,0.0
5,13,3,0.0
5,13,4,0.0
5,13,5,3.58
5,13,6,11.8
5,13,7,24.3
5,13,8,19.3
5,13,9,23.07
5,13,10,26.2
5,13,11,25.18
5,13,12,29.02
5,13,13,21.75
5,13,14,17.83
5,13,15,15.06
5,13,16,20.63
5,13,17,12.78
5,13,18,3.68
5,13,19,0.0
5,13,20,0.0
5,13,21,0.0
5,13,22,0.0
5,13,23,0.0
5,14,0,0.0
5,14,1,0.0
5,14,2,0.0
5,14,3,0.0
5,14,4,0.0
5,14,5,11.13
5,14,6,33.0
5,14,7,56.66
5,14,8,76.58
5,14,9,82.05
5,14,10,94.24
5,14,11,88.79
5,14,12,71.34
5,14,13,51.86
5,14,14,55.88
5,14,15,33.8
5,14,16,22.1
5,14,17,12.64
5,14,18,2.94
5,14,19,0.0
5,14,20,0.0
5,14,21,0.0
5,14,22,0.0
5,14,23,0.0
5,15,0,0.0
5,15,1,0.0
5,15,2,0.0
5,15,3,0.0
5,15,4,0.0
5,15,5,10.0
5,15,6,28.84
5,15,7,51.45
5,15,8,46.41
5,15,9,59.79
5,15,10,77.45
5,15,11,62.13
5,15,12,64.43
5,15,13,58.94
5,15,14,71.02
5,15,15,55.72
5,15,16,38.03
5,15,17,22.21
5,15,18,5.87
5,15,19,0.0
5,15,20,0.0
5,15,21,0.0
5,15,22,0.0
5,15,23,0.0
5,16,0,0.0
5,16,1,0.0
5,16,2,0.0
5,16,3,0.0
5,16,4,0.0
5,16,5,12.65
5,16,6,35.12
5,16,7,59.74
5,16,8,76.44
5,16,9,96.51
5,16,10,104.78
5,16,11,119.65
5,16,12,116.58
5,16,13,111.64
5,16,14,97.2
5,16,15,77.63
5,16,16,54.43
5,16,17,29.83
5,16,18,7.78
5,16,19,0.0
5,16,20,0.0
5,16,21,0.0
5,16,22,0.0
5,16,23,0.0
5,17,0,0.0
5,17,1,0.0
5,17,2,0.0
5,17,3,0.0
5,17,4,0.0
5,17,5,4.81
5,17,6,14.93
5,17,7,24.3
5,17,8,40.59
5,17,9,39.56
5,17,10,53.29
5,17,11,44.4
5,17,12,30.91
5,17,13,32.85
5,17,14,24.97
5,17,15,14.01
5,17,16,10.62
5,17,17,3.97
5,17,18,2.07
5,17,19,0.0
5,17,20,0.0
5,17,21,0.0
5,17,22,0.0
5,17,23,0.0
5,18,0,0.0
5,18,1,0.0
5,18,2,0.0
5,18,3,0.0
5,18,4,0.0
5,18,5,5.16
5,18,6,13.83
5,18,7,25.28
5,18,8,36.95
5,18,9,57.67
5,18,10,85.57
5,18,11,109.22
5,18,12,100.25
5,18,13,83.33
5,18,14,74.98
5,18,15,36.61
5,18,16,24.12
5,18,17,11.7
5,18,18,3.11
5,18,19,0.0
5,18,20,0.0
5,18,21,0.0
5,18,22,0.0
5,18,23,0.0
5,19,0,0.0
5,19,1,0.0
5,19,2,0.0
5,19,3,0.0
5,19,4,0.0
5,19,5,7.03
5,19,6,20.65
5,19,7,40.0
5,19,8,67.27
5,19,9,86.81
5,19,10,87.46
5,19,11,62.71
5,19,12,70.47
5,19,13,64.9
5,19,14,68.91
5,19,15,52.85
5,19,16,37.24
5,19,17,22.4
5,19,18,6.64
5,19,19,0.0
5,19,20,0.0
5,19,21,0.0
5,19,22,0.0
5,19,23,0.0
5,20,0,0.0
5,20,1,0.0
5,20,2,0.0
5,20,3,0.0
5,20,4,0.0
5,20,5,12.42
5,20,6,33.86
5,20,7,57.89
5,20,8,80.01
5,20,9,98.1
5,20,10,110.62
5,20,11,115.94
5,20,12,114.31
5,20,13,105.55
5,20,14,90.28
5,20,15,69.63
5,20,16,45.91
5,20,17,23.96
5,20,18,6.39
5,20,19,0.0
5,20,20,0.0
5,20,21,0.0
5,20,22,0.0
5,20,23,0.0
5,21,0,0.0
5,21,1,0.0
5,21,2,0.0
5,21,3,0.0
5,21,4,0.0
5,21,5,2.6
5,21,6,11.53
5,21,7,10.85
5,21,8,17.05
5,21,9,29.87
5,21,10,31.64
5,21,11,29.7
5,21,12,36.92
5,21,13,36.11
5,21,14,28.03
5,21,15,26.06
5,21,16,18.01
5,21,17,8.84
5,21,18,2.32
5,21,19,0.0
5,21,20,0.0
5,21,21,0.0
5,21,22,0.0
5,21,23,0.0
5,22,0,0.0
5,22,1,0.0
5,22,2,0.0
5,22,3,0.0
5,22,4,0.0
5,22,5,4.15
5,22,6,11.65
5,22,7,19.99
5,22,8,30.09
5,22,9,37.26
5,22,10,52.3
5,22,11,54.87
5,22,12,54.28
5,22,13,46.23
5,22,14,37.39
5,22,15,37.15
5,22,16,26.15
5,22,17,14.32
5,22,18,4.67
5,22,19,0.0
5,22,20,0.0
5,22,21,0.0
5,22,22,0.0
5,22,23,0.0
5,23,0,0.0
5,23,1,0.0
5,23,2,0.0
5,23,3,0.0
5,23,4,0.34
5,23,5,8.9
5,23,6,25.73
5,23,7,47.85
5,23,8,75.25
5,23,9,93.09
5,23,10,100.07
5,23,11,105.67
5,23,12,87.84
5,23,13,75.11
5,23,14,61.5
5,23,15,46.61
5,23,16,30.26
5,23,17,16.29
5,23,18,4.52
5,23,19,0.0
5,23,20,0.0
5,23,21,0.0
5,23,22,0.0
5,23,23,0.0
5,24,0,0.0
5,24,1,0.0
5,24,2,0.0
5,24,3,0.0
5,24,4,0.22
5,24,5,4.41
5,24,6,11.77
5,24,7,21.01
5,24,8,31.08
5,24,9,41.65
5,24,10,50.56
5,24,11,68.35
5,24,12,89.6
5,24,13,85.81
5,24,14,70.84
5,24,15,34.46
5,24,16,25.67
5,24,17,15.46
5,24,18,5.02
5,24,19,0.0
5,24,20,0.0
5,24,21,0.0
5,24,22,0.0
5,24,23,0.0
5,25,0,0.0
5,25,1,0.0
5,25,2,0.0
5,25,3,0.0
5,25,4,0.45
5,25,5,10.56
5,25,6,30.84
5,25,7,54.5
5,25,8,76.1
5,25,9,94.24
5,25,10,106.71
5,25,11,112.05
5,25,12,112.26
5,25,13,103.41
5,25,14,88.21
5,25,15,69.74
5,25,16,47.87
5,25,17,26.91
5,25,18,8.38
5,25,19,0.0
5,25,20,0.0
5,25,21,0.0
5,25,22,0.0
5,25,23,0.0
5,26,0,0.0
5,26,1,0.0
5,26,2,0.0
5,26,3,0.0
5,26,4,0.44
5,26,5,9.89
5,26,6,28.66
5,26,7,51.36
5,26,8,70.97
5,26,9,92.03
5,26,10,104.64
5,26,11,108.93
5,26,12,106.42
5,26,13,98.31
5,26,14,84.7
5,26,15,62.6
5,26,16,42.66
5,26,17,22.53
5,26,18,7.04
5,26,19,0.0
5,26,20,0.0
5,26,21,0.0
5,26,22,0.0
5,26,23,0.0
5,27,0,0.0
5,27,1,0.0
5,27,2,0.0
5,27,3,0.0
5,27,4,0.41
5,27,5,9.19
5,27,6,27.02
5,27,7,47.62
5,27,8,70.45
5,27,9,89.13
5,27,10,98.97
5,27,11,99.57
5,27,12,82.48
5,27,13,67.47
5,27,14,70.27
5,27,15,56.45
5,27,16,39.48
5,27,17,21.66
5,27,18,7.0
5,27,19,0.0
5,27,20,0.0
5,27,21,0.0
5,27,22,0.0
5,27,23,0.0
5,28,0,0.0
5,28,1,0.0
5,28,2,0.0
5,28,3,0.0
5,28,4,0.43
5,28,5,9.45
5,28,6,28.1
5,28,7,50.05
5,28,8,73.75
5,28,9,91.31
5,28,10,103.59
5,28,11,110.76
5,28,12,109.31
5,28,13,97.82
5,28,14,85.36
5,28,15,66.5
5,28,16,45.05
5,28,17,24.96
5,28,18,8.03
5,28,19,0.0
5,28,20,0.0
5,28,21,0.0
5,28,22,0.0
5,28,23,0.0
5,29,0,0.0
5,29,1,0.0
5,29,2,0.0
5,29,3,0.0
5,29,4,0.52
5,29,5,10.21
5,29,6,28.01
5,29,7,49.69
5,29,8,71.17
5,29,9,87.52
5,29,10,103.86
5,29,11,110.1
5,29,12,106.6
5,29,13,97.74
5,29,14,87.27
5,29,15,64.45
5,29,16,41.44
5,29,17,22.4
5,29,18,7.68
5,29,19,0.0
5,29,20,0.0
5,29,21,0.0
5,29,22,0.0
5,29,23,0.0
5,30,0,0.0
5,30,1,0.0
5,30,2,0.0
5,30,3,0.0
5,30,4,0.26
5,30,5,5.06
5,30,6,12.78
5,30,7,24.16
5,30,8,39.11
5,30,9,63.31
5,30,10,77.9
5,30,11,87.43
5,30,12,64.43
5,30,13,58.37
5,30,14,23.91
5,30,15,38.38
5,30,16,17.69
5,30,17,10.02
5,30,18,4.25
5,30,19,0.0
5,30,20,0.0
5,30,21,0.0
5,30,22,0.0
5,30,23,0.0
5,31,0,0.0
5,31,1,0.0
5,31,2,0.0
5,31,3,0.0
5,31,4,0.51
5,31,5,10.09
5,31,6,27.22
5,31,7,47.67
5,31,8,60.59
5,31,9,74.8
5,31,10,90.31
5,31,11,109.19
5,31,12,106.55
5,31,13,100.22
5,31,14,88.8
5,31,15,69.88
5,31,16,50.72
5,31,17,28.93
5,31,18,9.46
5,31,19,0.25
5,31,20,0.0
5,31,21,0.0
5,31,22,0.0
5,31,23,0.0
6,1,0,0.0
6,1,1,0.0
6,1,2,0.0
6,1,3,0.0
6,1,4,0.63
6,1,5,12.06
6,1,6,32.69
6,1,7,55.54
6,1,8,74.85
6,1,9,91.39
6,1,10,102.18
6,1,11,105.59
6,1,12,96.43
6,1,13,87.69
6,1,14,76.94
6,1,15,60.96
6,1,16,41.39
6,1,17,23.13
6,1,18,8.32
6,1,19,0.0
6,1,20,0.0
6,1,21,0.0
6,1,22,0.0
6,1,23,0.0
6,2,0,0.0
6,2,1,0.0
6,2,2,0.0
6,2,3,0.0
6,2,4,0.48
6,2,5,7.88
6,2,6,21.05
6,2,7,38.66
6,2,8,64.48
6,2,9,86.91
6,2,10,93.85
6,2,11,102.67
6,2,12,107.48
6,2,13,95.11
6,2,14,84.57
6,2,15,64.78
6,2,16,43.95
6,2,17,23.09
6,2,18,7.77
6,2,19,0.0
6,2,20,0.0
6,2,21,0.0
6,2,22,0.0
6,2,23,0.0
6,3,0,0.0
6,3,1,0.0
6,3,2,0.0
6,3,3,0.0
6,3,4,0.22
6,3,5,2.61
6,3,6,5.59
6,3,7,9.89
6,3,8,16.1
6,3,9,17.55
6,3,10,25.49
6,3,11,39.65
6,3,12,37.43
6,3,13,38.61
6,3,14,32.79
6,3,15,27.25
6,3,16,17.71
6,3,17,10.84
6,3,18,4.51
6,3,19,0.0
6,3,20,0.0
6,3,21,0.0
6,3,22,0.0
6,3,23,0.0
6,4,0,0.0
6,4,1,0.0
6,4,2,0.0
6,4,3,0.0
6,4,4,0.43
6,4,5,7.63
6,4,6,20.62
6,4,7,36.84
6,4,8,55.09
6,4,9,69.16
6,4,10,80.51
6,4,11,82.19
6,4,12,87.59
6,4,13,79.09
6,4,14,65.74
6,4,15,48.91
6,4,16,31.95
6,4,17,17.51
6,4,18,5.65
6,4,19,0.0
6,4,20,0.0
6,4,21,0.0
6,4,22,0.0
6,4,23,0.0
6,5,0,0.0
6,5,1,0.0
6,5,2,0.0
6,5,3,0.0
6,5,4,0.33
6,5,5,3.55
6,5,6,8.46
6,5,7,13.97
6,5,8,15.88
6,5,9,20.62
6,5,10,33.23
6,5,11,43.86
6,5,12,44.26
6,5,13,40.82
6,5,14,37.35
6,5,15,25.75
6,5,16,11.74
6,5,17,7.58
6,5,18,2.05
6,5,19,0.0
6,5,20,0.0
6,5,21,0.0
6,5,22,0.0
6,5,23,0.0
6,6,0,0.0
6,6,1,0.0
6,6,2,0.0
6,6,3,0.0
6,6,4,0.63
6,6,5,11.48
6,6,6,32.4
6,6,7,55.68
6,6,8,78.87
6,6,9,96.77
6,6,10,109.84
6,6,11,115.96
6,6,12,110.53
6,6,13,94.91
6,6,14,77.36
6,6,15,69.08
6,6,16,43.61
6,6,17,25.35
6,6,18,8.68
6,6,19,0.29
6,6,20,0.0
6,6,21,0.0
6,6,22,0.0
6,6,23,0.0
6,7,0,0.0
6,7,1,0.0
6,7,2,0.0
6,7,3,0.0
6,7,4,0.69
6,7,5,12.16
6,7,6,31.94
6,7,7,53.12
6,7,8,71.16
6,7,9,93.28
6,7,10,97.59
6,7,11,111.03
6,7,12,92.73
6,7,13,71.61
6,7,14,43.6
6,7,15,23.95
6,7,16,20.03
6,7,17,13.69
6,7,18,6.67
6,7,19,0.39
6,7,20,0.0
6,7,21,0.0
6,7,22,0.0
6,7,23,0.0
6,8,0,0.0
6,8,1,0.0
6,8,2,0.0
6,8,3,0.0
6,8,4,0.7
6,8,5,10.98
6,8,6,27.83
6,8,7,48.17
6,8,8,53.52
6,8,9,50.85
6,8,10,41.56
6,8,11,19.03
6,8,12,26.75
6,8,13,71.22
6,8,14,64.44
6,8,15,56.21
6,8,16,47.3
6,8,17,26.12
6,8,18,9.17
6,8,19,0.4
6,8,20,0.0
6,8,21,0.0
6,8,22,0.0
6,8,23,0.0
6,9,0,0.0
6,9,1,0.0
6,9,2,0.0
6,9,3,0.0
6,9,4,0.8
6,9,5,14.15
6,9,6,36.79
6,9,7,60.68
6,9,8,82.47
6,9,9,100.3
6,9,10,112.81
6,9,11,119.24
6,9,12,118.51
6,9,13,110.4
6,9,14,95.59
6,9,15,76.65
6,9,16,55.63
6,9,17,33.6
6,9,18,12.55
6,9,19,0.56
6,9,20,0.0
6,9,21,0.0
6,9,22,0.0
6,9,23,0.0
6,10,0,0.0
6,10,1,0.0
6,10,2,0.0
6,10,3,0.0
6,10,4,0.96
6,10,5,15.73
6,10,6,39.18
6,10,7,63.41
6,10,8,85.15
6,10,9,102.85
6,10,10,115.22
6,10,11,121.2
6,10,12,120.61
6,10,13,113.44
6,10,14,100.03
6,10,15,78.22
6,10,16,57.65
6,10,17,34.23
6,10,18,12.87
6,10,19,0.59
6,10,20,0.0
6,10,21,0.0
6,10,22,0.0
6,10,23,0.0
6,11,0,0.0
6,11,1,0.0
6,11,2,0.0
6,11,3,0.0
6,11,4,0.74
6,11,5,10.91
6,11,6,27.54
6,11,7,45.05
6,11,8,68.94
6,11,9,81.51
6,11,10,91.18
6,11,11,83.69
6,11,12,79.46
6,11,13,65.05
6,11,14,67.72
6,11,15,63.74
6,11,16,44.62
6,11,17,25.0
6,11,18,8.68
6,11,19,0.45
6,11,20,0.0
6,11,21,0.0
6,11,22,0.0
6,11,23,0.0
6,12,0,0.0
6,12,1,0.0
6,12,2,0.0
6,12,3,0.0
6,12,4,0.66
6,12,5,11.82
6,12,6,33.22
6,12,7,56.63
6,12,8,77.74
6,12,9,97.39
6,12,10,111.78
6,12,11,118.37
6,12,12,119.13
6,12,13,111.43
6,12,14,99.39
6,12,15,77.76
6,12,16,58.86
6,12,17,35.43
6,12,18,13.42
6,12,19,0.64
6,12,20,0.0
6,12,21,0.0
6,12,22,0.0
6,12,23,0.0
6,13,0,0.0
6,13,1,0.0
6,13,2,0.0
6,13,3,0.0
6,13,4,0.79
6,13,5,12.73
6,13,6,32.96
6,13,7,55.42
6,13,8,74.31
6,13,9,97.14
6,13,10,109.83
6,13,11,113.82
6,13,12,116.32
6,13,13,107.77
6,13,14,75.84
6,13,15,46.14
6,13,16,34.05
6,13,17,18.63
6,13,18,7.0
6,13,19,0.37
6,13,20,0.0
6,13,21,0.0
6,13,22,0.0
6,13,23,0.0
6,14,0,0.0
6,14,1,0.0
6,14,2,0.0
6,14,3,0.0
6,14,4,0.72
6,14,5,12.57
6,14,6,34.67
6,14,7,58.63
6,14,8,83.6
6,14,9,100.52
6,14,10,114.56
6,14,11,119.77
6,14,12,119.92
6,14,13,113.35
6,14,14,100.37
6,14,15,82.17
6,14,16,60.3
6,14,17,36.7
6,14,18,14.23
6,14,19,0.74
6,14,20,0.0
6,14,21,0.0
6,14,22,0.0
6,14,23,0.0
6,15,0,0.0
6,15,1,0.0
6,15,2,0.0
6,15,3,0.0
6,15,4,0.85
6,15,5,13.64
6,15,6,35.48
6,15,7,58.65
6,15,8,80.39
6,15,9,98.59
6,15,10,109.39
6,15,11,114.97
6,15,12,113.91
6,15,13,107.59
6,15,14,88.7
6,15,15,59.09
6,15,16,46.96
6,15,17,24.93
6,15,18,8.69
6,15,19,0.4
6,15,20,0.0
6,15,21,0.0
6,15,22,0.0
6,15,23,0.0
6,16,0,0.0
6,16,1,0.0
6,16,2,0.0
6,16,3,0.0
6,16,4,0.28
6,16,5,2.91
6,16,6,7.07
6,16,7,11.33
6,16,8,21.45
6,16,9,21.16
6,16,10,26.29
6,16,11,36.12
6,16,12,39.18
6,16,13,32.91
6,16,14,32.21
6,16,15,34.27
6,16,16,25.78
6,16,17,15.1
6,16,18,5.44
6,16,19,0.45
6,16,20,0.0
6,16,21,0.0
6,16,22,0.0
6,16,23,0.0
6,17,0,0.0
6,17,1,0.0
6,17,2,0.0
6,17,3,0.0
6,17,4,0.52
6,17,5,9.9
6,17,6,25.23
6,17,7,44.35
6,17,8,66.49
6,17,9,78.96
6,17,10,89.16
6,17,11,96.03
6,17,12,88.01
6,17,13,91.66
6,17,14,87.82
6,17,15,71.92
6,17,16,51.55
6,17,17,29.96
6,17,18,10.39
6,17,19,0.55
6,17,20,0.0
6,17,21,0.0
6,17,22,0.0
6,17,23,0.0
6,18,0,0.0
6,18,1,0.0
6,18,2,0.0
6,18,3,0.0
6,18,4,0.71
6,18,5,12.61
6,18,6,33.26
6,18,7,56.29
6,18,8,77.64
6,18,9,95.26
6,18,10,107.73
6,18,11,114.86
6,18,12,111.87
6,18,13,94.21
6,18,14,84.67
6,18,15,59.95
6,18,16,44.36
6,18,17,27.06
6,18,18,10.27
6,18,19,0.61
6,18,20,0.0
6,18,21,0.0
6,18,22,0.0
6,18,23,0.0
6,19,0,0.0
6,19,1,0.0
6,19,2,0.0
6,19,3,0.0
6,19,4,0.67
6,19,5,11.05
6,19,6,30.7
6,19,7,53.66
6,19,8,74.89
6,19,9,93.09
6,19,10,105.95
6,19,11,114.47
6,19,12,111.95
6,19,13,100.62
6,19,14,89.61
6,19,15,69.66
6,19,16,49.56
6,19,17,28.65
6,19,18,10.55
6,19,19,0.62
6,19,20,0.0
6,19,21,0.0
6,19,22,0.0
6,19,23,0.0
6,20,0,0.0
6,20,1,0.0
6,20,2,0.0
6,20,3,0.0
6,20,4,0.68
6,20,5,12.07
6,20,6,32.3
6,20,7,54.47
6,20,8,73.47
6,20,9,90.55
6,20,10,105.27
6,20,11,101.85
6,20,12,96.53
6,20,13,87.06
6,20,14,78.97
6,20,15,61.31
6,20,16,46.08
6,20,17,25.91
6,20,18,9.31
6,20,19,0.56
6,20,20,0.0
6,20,21,0.0
6,20,22,0.0
6,20,23,0.0
6,21,0,0.0
6,21,1,0.0
6,21,2,0.0
6,21,3,0.0
6,21,4,0.49
6,21,5,10.33
6,21,6,29.78
6,21,7,53.67
6,21,8,76.24
6,21,9,92.69
6,21,10,96.91
6,21,11,106.87
6,21,12,97.29
6,21,13,86.51
6,21,14,62.19
6,21,15,43.6
6,21,16,33.43
6,21,17,18.98
6,21,18,7.16
6,21,19,0.54
6,21,20,0.0
6,21,21,0.0
6,21,22,0.0
6,21,23,0.0
6,22,0,0.0
6,22,1,0.0
6,22,2,0.0
6,22,3,0.0
6,22,4,0.65
6,22,5,11.3
6,22,6,30.13
6,22,7,51.84
6,22,8,76.69
6,22,9,94.61
6,22,10,105.96
6,22,11,111.59
6,22,12,90.6
6,22,13,95.23
6,22,14,88.06
6,22,15,68.11
6,22,16,48.68
6,22,17,29.41
6,22,18,11.61
6,22,19,0.71
6,22,20,0.0
6,22,21,0.0
6,22,22,0.0
6,22,23,0.0
6,23,0,0.0
6,23,1,0.0
6,23,2,0.0
6,23,3,0.0
6,23,4,0.39
6,23,5,4.64
6,23,6,11.43
6,23,7,19.01
6,23,8,22.37
6,23,9,44.71
6,23,10,55.03
6,23,11,77.28
6,23,12,95.11
6,23,13,60.61
6,23,14,40.07
6,23,15,24.92
6,23,16,19.05
6,23,17,11.42
6,23,18,4.43
6,23,19,0.43
6,23,20,0.0
6,23,21,0.0
6,23,22,0.0
6,23,23,0.0
6,24,0,0.0
6,24,1,0.0
6,24,2,0.0
6,24,3,0.0
6,24,4,0.55
6,24,5,10.83
6,24,6,30.62
6,24,7,52.95
6,24,8,70.43
6,24,9,87.23
6,24,10,96.16
6,24,11,100.51
6,24,12,103.99
6,24,13,85.94
6,24,14,72.07
6,24,15,68.96
6,24,16,46.13
6,24,17,27.94
6,24,18,10.7
6,24,19,0.66
6,24,20,0.0
6,24,21,0.0
6,24,22,0.0
6,24,23,0.0
6,25,0,0.0
6,25,1,0.0
6,25,2,0.0
6,25,3,0.0
6,25,4,0.54
6,25,5,11.51
6,25,6,33.56
6,25,7,56.65
6,25,8,78.05
6,25,9,96.04
6,25,10,108.6
6,25,11,113.72
6,25,12,113.0
6,25,13,100.91
6,25,14,94.07
6,25,15,76.86
6,25,16,55.82
6,25,17,33.1
6,25,18,12.3
6,25,19,0.7
6,25,20,0.0
6,25,21,0.0
6,25,22,0.0
6,25,23,0.0
6,26,0,0.0
6,26,1,0.0
6,26,2,0.0
6,26,3,0.0
6,26,4,0.61
6,26,5,11.58
6,26,6,31.53
6,26,7,53.45
6,26,8,74.18
6,26,9,87.95
6,26,10,101.02
6,26,11,103.42
6,26,12,100.17
6,26,13,91.77
6,26,14,80.94
6,26,15,57.83
6,26,16,46.08
6,26,17,26.43
6,26,18,9.83
6,26,19,0.62
6,26,20,0.0
6,26,21,0.0
6,26,22,0.0
6,26,23,0.0
6,27,0,0.0
6,27,1,0.0
6,27,2,0.0
6,27,3,0.0
6,27,4,0.59
6,27,5,10.11
6,27,6,28.5
6,27,7,51.07
6,27,8,71.11
6,27,9,85.81
6,27,10,99.03
6,27,11,110.09
6,27,12,110.16
6,27,13,100.54
6,27,14,78.96
6,27,15,50.95
6,27,16,33.01
6,27,17,19.39
6,27,18,6.95
6,27,19,0.4
6,27,20,0.0
6,27,21,0.0
6,27,22,0.0
6,27,23,0.0
6,28,0,0.0
6,28,1,0.0
6,28,2,0.0
6,28,3,0.0
6,28,4,0.26
6,28,5,2.89
6,28,6,7.67
6,28,7,12.06
6,28,8,19.43
6,28,9,20.17
6,28,10,33.86
6,28,11,37.36
6,28,12,45.52
6,28,13,54.43
6,28,14,46.67
6,28,15,32.75
6,28,16,26.21
6,28,17,13.73
6,28,18,4.99
6,28,19,0.4
6,28,20,0.0
6,28,21,0.0
6,28,22,0.0
6,28,23,0.0
6,29,0,0.0
6,29,1,0.0
6,29,2,0.0
6,29,3,0.0
6,29,4,0.46
6,29,5,8.05
6,29,6,22.45
6,29,7,41.71
6,29,8,55.06
6,29,9,82.74
6,29,10,104.81
6,29,11,107.76
6,29,12,105.55
6,29,13,95.52
6,29,14,82.87
6,29,15,66.22
6,29,16,47.65
6,29,17,28.86
6,29,18,11.35
6,29,19,0.72
6,29,20,0.0
6,29,21,0.0
6,29,22,0.0
6,29,23,0.0
6,30,0,0.0
6,30,1,0.0
6,30,2,0.0
6,30,3,0.0
6,30,4,0.58
6,30,5,12.24
6,30,6,33.41
6,30,7,56.13
6,30,8,78.42
6,30,9,96.18
6,30,10,108.44
6,30,11,113.01
6,30,12,113.76
6,30,13,94.43
6,30,14,90.65
6,30,15,66.55
6,30,16,46.61
6,30,17,27.42
6,30,18,10.15
6,30,19,0.72
6,30,20,0.0
6,30,21,0.0
6,30,22,0.0
6,30,23,0.0
7,1,0,0.0
7,1,1,0.0
7,1,2,0.0
7,1,3,0.0
7,1,4,0.44
7,1,5,7.77
7,1,6,18.56
7,1,7,30.8
7,1,8,48.38
7,1,9,54.65
7,1,10,66.27
7,1,11,74.4
7,1,12,76.09
7,1,13,66.23
7,1,14,44.26
7,1,15,32.42
7,1,16,25.47
7,1,17,16.37
7,1,18,5.95
7,1,19,0.44
7,1,20,0.0
7,1,21,0.0
7,1,22,0.0
7,1,23,0.0
7,2,0,0.0
7,2,1,0.0
7,2,2,0.0
7,2,3,0.0
7,2,4,0.51
7,2,5,12.01
7,2,6,34.21
7,2,7,58.66
7,2,8,77.47
7,2,9,86.95
7,2,10,98.98
7,2,11,98.55
7,2,12,103.15
7,2,13,87.69
7,2,14,75.5
7,2,15,65.29
7,2,16,43.24
7,2,17,24.59
7,2,18,9.57
7,2,19,0.49
7,2,20,0.0
7,2,21,0.0
7,2,22,0.0
7,2,23,0.0
7,3,0,0.0
7,3,1,0.0
7,3,2,0.0
7,3,3,0.0
7,3,4,0.33
7,3,5,7.47
7,3,6,21.66
7,3,7,38.19
7,3,8,51.75
7,3,9,68.38
7,3,10,76.09
7,3,11,80.4
7,3,12,74.85
7,3,13,65.5
7,3,14,58.31
7,3,15,42.61
7,3,16,38.49
7,3,17,16.34
7,3,18,5.98
7,3,19,0.4
7,3,20,0.0
7,3,21,0.0
7,3,22,0.0
7,3,23,0.0
7,4,0,0.0
7,4,1,0.0
7,4,2,0.0
7,4,3,0.0
7,4,4,0.39
7,4,5,9.85
7,4,6,30.03
7,4,7,53.29
7,4,8,72.15
7,4,9,85.67
7,4,10,99.18
7,4,11,106.09
7,4,12,103.42
7,4,13,90.23
7,4,14,58.02
7,4,15,30.9
7,4,16,20.16
7,4,17,12.51
7,4,18,4.43
7,4,19,0.34
7,4,20,0.0
7,4,21,0.0
7,4,22,0.0
7,4,23,0.0
7,5,0,0.0
7,5,1,0.0
7,5,2,0.0
7,5,3,0.0
7,5,4,0.17
7,5,5,3.98
7,5,6,12.29
7,5,7,23.84
7,5,8,37.18
7,5,9,35.76
7,5,10,49.39
7,5,11,65.51
7,5,12,78.55
7,5,13,86.66
7,5,14,81.11
7,5,15,71.71
7,5,16,52.82
7,5,17,30.06
7,5,18,10.74
7,5,19,0.6
7,5,20,0.0
7,5,21,0.0
7,5,22,0.0
7,5,23,0.0
7,6,0,0.0
7,6,1,0.0
7,6,2,0.0
7,6,3,0.0
7,6,4,0.37
7,6,5,9.71
7,6,6,29.39
7,6,7,51.47
7,6,8,72.92
7,6,9,90.56
7,6,10,102.71
7,6,11,105.64
7,6,12,101.43
7,6,13,94.4
7,6,14,84.53
7,6,15,66.11
7,6,16,49.45
7,6,17,29.11
7,6,18,10.93
7,6,19,0.61
7,6,20,0.0
7,6,21,0.0
7,6,22,0.0
7,6,23,0.0
7,7,0,0.0
7,7,1,0.0
7,7,2,0.0
7,7,3,0.0
7,7,4,0.0
7,7,5,9.02
7,7,6,24.01
7,7,7,42.57
7,7,8,48.01
7,7,9,79.92
7,7,10,78.51
7,7,11,71.8
7,7,12,70.25
7,7,13,63.59
7,7,14,60.44
7,7,15,51.95
7,7,16,35.78
7,7,17,20.49
7,7,18,7.39
7,7,19,0.53
7,7,20,0.0
7,7,21,0.0
7,7,22,0.0
7,7,23,0.0
7,8,0,0.0
7,8,1,0.0
7,8,2,0.0
7,8,3,0.0
7,8,4,0.0
7,8,5,9.31
7,8,6,24.91
7,8,7,45.23
7,8,8,62.6
7,8,9,78.86
7,8,10,90.28
7,8,11,94.86
7,8,12,83.02
7,8,13,78.38
7,8,14,60.04
7,8,15,15.88
7,8,16,10.11
7,8,17,6.39
7,8,18,2.97
7,8,19,0.26
7,8,20,0.0
7,8,21,0.0
7,8,22,0.0
7,8,23,0.0
7,9,0,0.0
7,9,1,0.0
7,9,2,0.0
7,9,3,0.0
7,9,4,0.0
7,9,5,3.93
7,9,6,9.9
7,9,7,10.06
7,9,8,16.42
7,9,9,23.88
7,9,10,27.33
7,9,11,29.95
7,9,12,32.09
7,9,13,25.89
7,9,14,27.16
7,9,15,21.28
7,9,16,10.29
7,9,17,6.23
7,9,18,1.97
7,9,19,0.19
7,9,20,0.0
7,9,21,0.0
7,9,22,0.0
7,9,23,0.0
7,10,0,0.0
7,10,1,0.0
7,10,2,0.0
7,10,3,0.0
7,10,4,0.0
7,10,5,10.07
7,10,6,30.91
7,10,7,54.26
7,10,8,71.47
7,10,9,77.57
7,10,10,77.17
7,10,11,71.05
7,10,12,79.61
7,10,13,82.14
7,10,14,70.05
7,10,15,58.3
7,10,16,41.79
7,10,17,25.12
7,10,18,9.87
7,10,19,0.55
7,10,20,0.0
7,10,21,0.0
7,10,22,0.0
7,10,23,0.0
7,11,0,0.0
7,11,1,0.0
7,11,2,0.0
7,11,3,0.0
7,11,4,0.0
7,11,5,10.56
7,11,6,29.89
7,11,7,52.73
7,11,8,73.04
7,11,9,76.43
7,11,10,97.09
7,11,11,104.38
7,11,12,101.0
7,11,13,78.86
7,11,14,84.27
7,11,15,72.55
7,11,16,51.77
7,11,17,28.91
7,11,18,9.69
7,11,19,0.46
7,11,20,0.0
7,11,21,0.0
7,11,22,0.0
7,11,23,0.0
7,12,0,0.0
7,12,1,0.0
7,12,2,0.0
7,12,3,0.0
7,12,4,0.0
7,12,5,8.99
7,12,6,26.98
7,12,7,48.59
7,12,8,70.27
7,12,9,87.04
7,12,10,87.69
7,12,11,100.01
7,12,12,94.96
7,12,13,90.67
7,12,14,78.85
7,12,15,58.72
7,12,16,41.81
7,12,17,23.61
7,12,18,7.9
7,12,19,0.43
7,12,20,0.0
7,12,21,0.0
7,12,22,0.0
7,12,23,0.0
7,13,0,0.0
7,13,1,0.0
7,13,2,0.0
7,13,3,0.0
7,13,4,0.0
7,13,5,7.02
7,13,6,18.17
7,13,7,30.81
7,13,8,41.66
7,13,9,53.11
7,13,10,60.25
7,13,11,54.82
7,13,12,46.5
7,13,13,37.97
7,13,14,29.35
7,13,15,25.85
7,13,16,20.66
7,13,17,12.3
7,13,18,5.36
7,13,19,0.37
7,13,20,0.0
7,13,21,0.0
7,13,22,0.0
7,13,23,0.0
7,14,0,0.0
7,14,1,0.0
7,14,2,0.0
7,14,3,0.0
7,14,4,0.0
7,14,5,4.82
7,14,6,13.74
7,14,7,24.53
7,14,8,33.04
7,14,9,38.57
7,14,10,53.35
7,14,11,72.09
7,14,12,89.27
7,14,13,77.79
7,14,14,65.83
7,14,15,68.63
7,14,16,52.93
7,14,17,31.15
7,14,18,11.2
7,14,19,0.49
7,14,20,0.0
7,14,21,0.0
7,14,22,0.0
7,14,23,0.0
7,15,0,0.0
7,15,1,0.0
7,15,2,0.0
7,15,3,0.0
7,15,4,0.0
7,15,5,8.0
7,15,6,24.33
7,15,7,43.01
7,15,8,54.45
7,15,9,51.11
7,15,10,73.83
7,15,11,85.39
7,15,12,74.95
7,15,13,64.37
7,15,14,69.91
7,15,15,56.87
7,15,16,43.93
7,15,17,25.96
7,15,18,10.13
7,15,19,0.45
7,15,20,0.0
7,15,21,0.0
7,15,22,0.0
7,15,23,0.0
7,16,0,0.0
7,16,1,0.0
7,16,2,0.0
7,16,3,0.0
7,16,4,0.0
7,16,5,8.43
7,16,6,26.77
7,16,7,48.39
7,16,8,69.42
7,16,9,86.48
7,16,10,97.5
7,16,11,98.96
7,16,12,96.95
7,16,13,71.98
7,16,14,35.21
7,16,15,17.3
7,16,16,18.36
7,16,17,12.8
7,16,18,4.61
7,16,19,0.19
7,16,20,0.0
7,16,21,0.0
7,16,22,0.0
7,16,23,0.0
7,17,0,0.0
7,17,1,0.0
7,17,2,0.0
7,17,3,0.0
7,17,4,0.0
7,17,5,7.06
7,17,6,23.8
7,17,7,46.22
7,17,8,67.91
7,17,9,87.58
7,17,10,103.06
7,17,11,110.23
7,17,12,106.99
7,17,13,95.27
7,17,14,86.78
7,17,15,67.91
7,17,16,48.72
7,17,17,28.87
7,17,18,10.33
7,17,19,0.41
7,17,20,0.0
7,17,21,0.0
7,17,22,0.0
7,17,23,0.0
7,18,0,0.0
7,18,1,0.0
7,18,2,0.0
7,18,3,0.0
7,18,4,0.0
7,18,5,7.24
7,18,6,24.64
7,18,7,46.55
7,18,8,66.6
7,18,9,85.54
7,18,10,94.99
7,18,11,94.73
7,18,12,91.59
7,18,13,67.07
7,18,14,22.46
7,18,15,30.16
7,18,16,19.51
7,18,17,11.65
7,18,18,4.79
7,18,19,0.0
7,18,20,0.0
7,18,21,0.0
7,18,22,0.0
7,18,23,0.0
7,19,0,0.0
7,19,1,0.0
7,19,2,0.0
7,19,3,0.0
7,19,4,0.0
7,19,5,7.61
7,19,6,27.47
7,19,7,50.62
7,19,8,73.59
7,19,9,93.13
7,19,10,105.38
7,19,11,112.05
7,19,12,108.26
7,19,13,93.23
7,19,14,80.4
7,19,15,67.36
7,19,16,48.79
7,19,17,27.45
7,19,18,10.25
7,19,19,0.0
7,19,20,0.0
7,19,21,0.0
7,19,22,0.0
7,19,23,0.0
7,20,0,0.0
7,20,1,0.0
7,20,2,0.0
7,20,3,0.0
7,20,4,0.0
7,20,5,8.18
7,20,6,28.31
7,20,7,50.56
7,20,8,72.59
7,20,9,90.53
7,20,10,103.52
7,20,11,112.09
7,20,12,109.65
7,20,13,98.93
7,20,14,87.72
7,20,15,72.27
7,20,16,49.66
7,20,17,27.5
7,20,18,9.75
7,20,19,0.0
7,20,20,0.0
7,20,21,0.0
7,20,22,0.0
7,20,23,0.0
7,21,0,0.0
7,21,1,0.0
7,21,2,0.0
7,21,3,0.0
7,21,4,0.0
7,21,5,7.96
7,21,6,28.02
7,21,7,50.92
7,21,8,72.8
7,21,9,91.15
7,21,10,104.26
7,21,11,110.77
7,21,12,108.69
7,21,13,94.32
7,21,14,89.18
7,21,15,73.33
7,21,16,53.31
7,21,17,30.16
7,21,18,10.57
7,21,19,0.0
7,21,20,0.0
7,21,21,0.0
7,21,22,0.0
7,21,23,0.0
7,22,0,0.0
7,22,1,0.0
7,22,2,0.0
7,22,3,0.0
7,22,4,0.0
7,22,5,5.99
7,22,6,22.13
7,22,7,42.23
7,22,8,65.35
7,22,9,84.26
7,22,10,97.39
7,22,11,99.6
7,22,12,106.37
7,22,13,98.94
7,22,14,85.76
7,22,15,69.23
7,22,16,50.97
7,22,17,28.99
7,22,18,10.12
7,22,19,0.0
7,22,20,0.0
7,22,21,0.0
7,22,22,0.0
7,22,23,0.0
7,23,0,0.0
7,23,1,0.0
7,23,2,0.0
7,23,3,0.0
7,23,4,0.0
7,23,5,7.81
7,23,6,28.26
7,23,7,51.35
7,23,8,73.27
7,23,9,91.67
7,23,10,105.21
7,23,11,111.74
7,23,12,112.1
7,23,13,104.6
7,23,14,84.81
7,23,15,70.64
7,23,16,51.08
7,23,17,29.34
7,23,18,9.76
7,23,19,0.0
7,23,20,0.0
7,23,21,0.0
7,23,22,0.0
7,23,23,0.0
7,24,0,0.0
7,24,1,0.0
7,24,2,0.0
7,24,3,0.0
7,24,4,0.0
7,24,5,7.61
7,24,6,27.94
7,24,7,50.5
7,24,8,70.38
7,24,9,87.42
7,24,10,99.21
7,24,11,102.86
7,24,12,101.32
7,24,13,104.21
7,24,14,90.43
7,24,15,63.65
7,24,16,45.76
7,24,17,24.73
7,24,18,7.93
7,24,19,0.0
7,24,20,0.0
7,24,21,0.0
7,24,22,0.0
7,24,23,0.0
7,25,0,0.0
7,25,1,0.0
7,25,2,0.0
7,25,3,0.0
7,25,4,0.0
7,25,5,4.21
7,25,6,16.5
7,25,7,33.16
7,25,8,54.24
7,25,9,74.89
7,25,10,90.88
7,25,11,103.25
7,25,12,98.84
7,25,13,77.27
7,25,14,65.77
7,25,15,23.63
7,25,16,5.91
7,25,17,3.19
7,25,18,0.9
7,25,19,0.0
7,25,20,0.0
7,25,21,0.0
7,25,22,0.0
7,25,23,0.0
7,26,0,0.0
7,26,1,0.0
7,26,2,0.0
7,26,3,0.0
7,26,4,0.0
7,26,5,6.01
7,26,6,25.79
7,26,7,48.72
7,26,8,73.27
7,26,9,91.48
7,26,10,103.78
7,26,11,110.8
7,26,12,105.17
7,26,13,96.85
7,26,14,84.72
7,26,15,65.81
7,26,16,47.44
7,26,17,25.61
7,26,18,8.24
7,26,19,0.0
7,26,20,0.0
7,26,21,0.0
7,26,22,0.0
7,26,23,0.0
7,27,0,0.0
7,27,1,0.0
7,27,2,0.0
7,27,3,0.0
7,27,4,0.0
7,27,5,5.73
7,27,6,23.16
7,27,7,44.19
7,27,8,69.13
7,27,9,88.39
7,27,10,101.61
7,27,11,109.18
7,27,12,107.31
7,27,13,100.02
7,27,14,86.41
7,27,15,71.28
7,27,16,49.61
7,27,17,28.05
7,27,18,8.81
7,27,19,0.0
7,27,20,0.0
7,27,21,0.0
7,27,22,0.0
7,27,23,0.0
7,28,0,0.0
7,28,1,0.0
7,28,2,0.0
7,28,3,0.0
7,28,4,0.0
7,28,5,5.95
7,28,6,24.17
7,28,7,44.61
7,28,8,64.43
7,28,9,78.54
7,28,10,96.17
7,28,11,102.66
7,28,12,91.12
7,28,13,60.44
7,28,14,40.94
7,28,15,10.42
7,28,16,5.75
7,28,17,5.96
7,28,18,1.18
7,28,19,0.0
7,28,20,0.0
7,28,21,0.0
7,28,22,0.0
7,28,23,0.0
7,29,0,0.0
7,29,1,0.0
7,29,2,0.0
7,29,3,0.0
7,29,4,0.0
7,29,5,2.99
7,29,6,11.27
7,29,7,21.41
7,29,8,39.64
7,29,9,58.41
7,29,10,71.52
7,29,11,88.35
7,29,12,98.47
7,29,13,81.78
7,29,14,80.16
7,29,15,70.21
7,29,16,47.89
7,29,17,25.76
7,29,18,7.21
7,29,19,0.0
7,29,20,0.0
7,29,21,0.0
7,29,22,0.0
7,29,23,0.0
7,30,0,0.0
7,30,1,0.0
7,30,2,0.0
7,30,3,0.0
7,30,4,0.0
7,30,5,4.09
7,30,6,18.13
7,30,7,34.97
7,30,8,53.93
7,30,9,71.82
7,30,10,71.06
7,30,11,73.92
7,30,12,70.27
7,30,13,38.64
7,30,14,32.12
7,30,15,23.29
7,30,16,12.77
7,30,17,6.17
7,30,18,2.21
7,30,19,0.0
7,30,20,0.0
7,30,21,0.0
7,30,22,0.0
7,30,23,0.0
7,31,0,0.0
7,31,1,0.0
7,31,2,0.0
7,31,3,0.0
7,31,4,0.0
7,31,5,1.51
7,31,6,7.13
7,31,7,13.91
7,31,8,21.84
7,31,9,33.95
7,31,10,41.06
7,31,11,55.21
7,31,12,54.94
7,31,13,54.55
7,31,14,50.75
7,31,15,34.37
7,31,16,21.46
7,31,17,11.47
7,31,18,2.66
7,31,19,0.05
7,31,20,0.0
7,31,21,0.0
7,31,22,0.0
7,31,23,0.0
8,1,0,0.0
8,1,1,0.0
8,1,2,0.0
8,1,3,0.0
8,1,4,0.0
8,1,5,1.81
8,1,6,6.85
8,1,7,14.01
8,1,8,19.64
8,1,9,26.63
8,1,10,30.71
8,1,11,31.73
8,1,12,52.34
8,1,13,48.21
8,1,14,54.78
8,1,15,33.16
8,1,16,21.59
8,1,17,12.68
8,1,18,3.54
8,1,19,0.0
8,1,20,0.0
8,1,21,0.0
8,1,22,0.0
8,1,23,0.0
8,2,0,0.0
8,2,1,0.0
8,2,2,0.0
8,2,3,0.0
8,2,4,0.0
8,2,5,2.33
8,2,6,11.99
8,2,7,25.93
8,2,8,44.25
8,2,9,44.77
8,2,10,64.1
8,2,11,64.55
8,2,12,49.18
8,2,13,44.28
8,2,14,52.43
8,2,15,43.6
8,2,16,30.91
8,2,17,18.29
8,2,18,5.63
8,2,19,0.0
8,2,20,0.0
8,2,21,0.0
8,2,22,0.0
8,2,23,0.0
8,3,0,0.0
8,3,1,0.0
8,3,2,0.0
8,3,3,0.0
8,3,4,0.0
8,3,5,4.87
8,3,6,23.55
8,3,7,45.27
8,3,8,66.08
8,3,9,84.3
8,3,10,91.48
8,3,11,105.76
8,3,12,102.79
8,3,13,97.46
8,3,14,86.95
8,3,15,71.61
8,3,16,50.58
8,3,17,27.88
8,3,18,7.46
8,3,19,0.0
8,3,20,0.0
8,3,21,0.0
8,3,22,0.0
8,3,23,0.0
8,4,0,0.0
8,4,1,0.0
8,4,2,0.0
8,4,3,0.0
8,4,4,0.0
8,4,5,4.8
8,4,6,23.86
8,4,7,46.63
8,4,8,67.79
8,4,9,87.19
8,4,10,67.42
8,4,11,100.08
8,4,12,97.22
8,4,13,94.72
8,4,14,80.32
8,4,15,67.98
8,4,16,46.97
8,4,17,25.44
8,4,18,6.44
8,4,19,0.0
8,4,20,0.0
8,4,21,0.0
8,4,22,0.0
8,4,23,0.0
8,5,0,0.0
8,5,1,0.0
8,5,2,0.0
8,5,3,0.0
8,5,4,0.0
8,5,5,4.33
8,5,6,22.49
8,5,7,43.84
8,5,8,65.3
8,5,9,83.26
8,5,10,89.79
8,5,11,79.33
8,5,12,89.61
8,5,13,72.56
8,5,14,56.27
8,5,15,51.64
8,5,16,31.44
8,5,17,18.06
8,5,18,4.5
8,5,19,0.0
8,5,20,0.0
8,5,21,0.0
8,5,22,0.0
8,5,23,0.0
8,6,0,0.0
8,6,1,0.0
8,6,2,0.0
8,6,3,0.0
8,6,4,0.0
8,6,5,2.5
8,6,6,12.97
8,6,7,26.62
8,6,8,44.65
8,6,9,37.91
8,6,10,49.19
8,6,11,82.1
8,6,12,88.02
8,6,13,85.59
8,6,14,64.31
8,6,15,49.0
8,6,16,33.64
8,6,17,18.48
8,6,18,4.75
8,6,19,0.0
8,6,20,0.0
8,6,21,0.0
8,6,22,0.0
8,6,23,0.0
8,7,0,0.0
8,7,1,0.0
8,7,2,0.0
8,7,3,0.0
8,7,4,0.0
8,7,5,4.79
8,7,6,25.02
8,7,7,48.28
8,7,8,70.34
8,7,9,88.85
8,7,10,102.19
8,7,11,108.99
8,7,12,107.09
8,7,13,96.21
8,7,14,86.75
8,7,15,71.01
8,7,16,49.59
8,7,17,26.69
8,7,18,6.35
8,7,19,0.0
8,7,20,0.0
8,7,21,0.0
8,7,22,0.0
8,7,23,0.0
8,8,0,0.0
8,8,1,0.0
8,8,2,0.0
8,8,3,0.0
8,8,4,0.0
8,8,5,3.46
8,8,6,17.76
8,8,7,36.18
8,8,8,54.49
8,8,9,64.27
8,8,10,65.22
8,8,11,63.5
8,8,12,72.38
8,8,13,70.25
8,8,14,57.98
8,8,15,54.69
8,8,16,36.95
8,8,17,19.39
8,8,18,4.58
8,8,19,0.0
8,8,20,0.0
8,8,21,0.0
8,8,22,0.0
8,8,23,0.0
8,9,0,0.0
8,9,1,0.0
8,9,2,0.0
8,9,3,0.0
8,9,4,0.0
8,9,5,4.11
8,9,6,23.51
8,9,7,46.51
8,9,8,68.38
8,9,9,87.31
8,9,10,98.13
8,9,11,96.65
8,9,12,93.04
8,9,13,89.18
8,9,14,75.73
8,9,15,57.53
8,9,16,39.77
8,9,17,21.07
8,9,18,4.53
8,9,19,0.0
8,9,20,0.0
8,9,21,0.0
8,9,22,0.0
8,9,23,0.0
8,10,0,0.0
8,10,1,0.0
8,10,2,0.0
8,10,3,0.0
8,10,4,0.0
8,10,5,1.29
8,10,6,7.13
8,10,7,18.14
8,10,8,28.06
8,10,9,46.87
8,10,10,50.09
8,10,11,47.96
8,10,12,64.51
8,10,13,68.66
8,10,14,62.05
8,10,15,40.84
8,10,16,26.92
8,10,17,13.36
8,10,18,2.69
8,10,19,0.0
8,10,20,0.0
8,10,21,0.0
8,10,22,0.0
8,10,23,0.0
8,11,0,0.0
8,11,1,0.0
8,11,2,0.0
8,11,3,0.0
8,11,4,0.0
8,11,5,2.4
8,11,6,15.06
8,11,7,31.48
8,11,8,52.62
8,11,9,66.27
8,11,10,82.26
8,11,11,79.64
8,11,12,91.49
8,11,13,87.58
8,11,14,74.0
8,11,15,51.0
8,11,16,32.71
8,11,17,16.09
8,11,18,3.06
8,11,19,0.0
8,11,20,0.0
8,11,21,0.0
8,11,22,0.0
8,11,23,0.0
8,12,0,0.0
8,12,1,0.0
8,12,2,0.0
8,12,3,0.0
8,12,4,0.0
8,12,5,2.61
8,12,6,18.44
8,12,7,40.21
8,12,8,63.19
8,12,9,82.24
8,12,10,94.91
8,12,11,99.68
8,12,12,96.61
8,12,13,90.1
8,12,14,67.81
8,12,15,40.2
8,12,16,25.54
8,12,17,13.41
8,12,18,2.35
8,12,19,0.0
8,12,20,0.0
8,12,21,0.0
8,12,22,0.0
8,12,23,0.0
8,13,0,0.0
8,13,1,0.0
8,13,2,0.0
8,13,3,0.0
8,13,4,0.0
8,13,5,2.81
8,13,6,18.97
8,13,7,40.67
8,13,8,61.39
8,13,9,81.53
8,13,10,54.65
8,13,11,96.71
8,13,12,99.49
8,13,13,88.7
8,13,14,75.69
8,13,15,59.82
8,13,16,40.37
8,13,17,20.16
8,13,18,3.58
8,13,19,0.0
8,13,20,0.0
8,13,21,0.0
8,13,22,0.0
8,13,23,0.0
8,14,0,0.0
8,14,1,0.0
8,14,2,0.0
8,14,3,0.0
8,14,4,0.0
8,14,5,2.81
8,14,6,19.77
8,14,7,41.56
8,14,8,63.07
8,14,9,81.2
8,14,10,90.99
8,14,11,95.07
8,14,12,83.69
8,14,13,80.99
8,14,14,78.37
8,14,15,59.14
8,14,16,39.0
8,14,17,18.35
8,14,18,2.96
8,14,19,0.0
8,14,20,0.0
8,14,21,0.0
8,14,22,0.0
8,14,23,0.0
8,15,0,0.0
8,15,1,0.0
8,15,2,0.0
8,15,3,0.0
8,15,4,0.0
8,15,5,2.55
8,15,6,17.92
8,15,7,39.09
8,15,8,59.87
8,15,9,81.5
8,15,10,56.59
8,15,11,98.73
8,15,12,97.18
8,15,13,90.75
8,15,14,79.17
8,15,15,62.32
8,15,16,40.18
8,15,17,18.87
8,15,18,2.87
8,15,19,0.0
8,15,20,0.0
8,15,21,0.0
8,15,22,0.0
8,15,23,0.0
8,16,0,0.0
8,16,1,0.0
8,16,2,0.0
8,16,3,0.0
8,16,4,0.0
8,16,5,2.15
8,16,6,15.4
8,16,7,33.37
8,16,8,50.88
8,16,9,61.51
8,16,10,67.1
8,16,11,59.9
8,16,12,69.34
8,16,13,56.78
8,16,14,67.22
8,16,15,54.0
8,16,16,33.71
8,16,17,16.12
8,16,18,2.28
8,16,19,0.0
8,16,20,0.0
8,16,21,0.0
8,16,22,0.0
8,16,23,0.0
8,17,0,0.0
8,17,1,0.0
8,17,2,0.0
8,17,3,0.0
8,17,4,0.0
8,17,5,2.18
8,17,6,16.31
8,17,7,35.94
8,17,8,55.83
8,17,9,77.12
8,17,10,79.91
8,17,11,105.08
8,17,12,104.51
8,17,13,96.81
8,17,14,80.97
8,17,15,62.43
8,17,16,40.16
8,17,17,18.34
8,17,18,2.47
8,17,19,0.0
8,17,20,0.0
8,17,21,0.0
8,17,22,0.0
8,17,23,0.0
8,18,0,0.0
8,18,1,0.0
8,18,2,0.0
8,18,3,0.0
8,18,4,0.0
8,18,5,1.19
8,18,6,9.02
8,18,7,19.94
8,18,8,31.97
8,18,9,46.36
8,18,10,57.3
8,18,11,66.35
8,18,12,84.53
8,18,13,87.47
8,18,14,78.42
8,18,15,62.45
8,18,16,41.01
8,18,17,19.82
8,18,18,2.72
8,18,19,0.0
8,18,20,0.0
8,18,21,0.0
8,18,22,0.0
8,18,23,0.0
8,19,0,0.0
8,19,1,0.0
8,19,2,0.0
8,19,3,0.0
8,19,4,0.0
8,19,5,2.18
8,19,6,18.88
8,19,7,40.85
8,19,8,63.71
8,19,9,76.49
8,19,10,85.78
8,19,11,94.65
8,19,12,86.95
8,19,13,76.43
8,19,14,74.88
8,19,15,58.35
8,19,16,38.72
8,19,17,18.79
8,19,18,2.49
8,19,19,0.0
8,19,20,0.0
8,19,21,0.0
8,19,22,0.0
8,19,23,0.0
8,20,0,0.0
8,20,1,0.0
8,20,2,0.0
8,20,3,0.0
8,20,4,0.0
8,20,5,2.2
8,20,6,19.11
8,20,7,41.11
8,20,8,62.23
8,20,9,79.45
8,20,10,69.95
8,20,11,93.7
8,20,12,91.56
8,20,13,85.5
8,20,14,73.69
8,20,15,54.55
8,20,16,35.93
8,20,17,16.97
8,20,18,2.15
8,20,19,0.0
8,20,20,0.0
8,20,21,0.0
8,20,22,0.0
8,20,23,0.0
8,21,0,0.0
8,21,1,0.0
8,21,2,0.0
8,21,3,0.0
8,21,4,0.0
8,21,5,1.89
8,21,6,15.97
8,21,7,34.27
8,21,8,53.05
8,21,9,70.96
8,21,10,73.21
8,21,11,84.79
8,21,12,82.33
8,21,13,57.24
8,21,14,19.52
8,21,15,13.84
8,21,16,8.41
8,21,17,4.49
8,21,18,0.77
8,21,19,0.0
8,21,20,0.0
8,21,21,0.0
8,21,22,0.0
8,21,23,0.0
8,22,0,0.0
8,22,1,0.0
8,22,2,0.0
8,22,3,0.0
8,22,4,0.0
8,22,5,1.98
8,22,6,18.79
8,22,7,43.15
8,22,8,66.25
8,22,9,85.19
8,22,10,52.08
8,22,11,103.33
8,22,12,102.37
8,22,13,97.46
8,22,14,86.78
8,22,15,67.87
8,22,16,45.18
8,22,17,21.34
8,22,18,2.45
8,22,19,0.0
8,22,20,0.0
8,22,21,0.0
8,22,22,0.0
8,22,23,0.0
8,23,0,0.0
8,23,1,0.0
8,23,2,0.0
8,23,3,0.0
8,23,4,0.0
8,23,5,2.2
8,23,6,20.64
8,23,7,44.41
8,23,8,66.97
8,23,9,85.8
8,23,10,99.19
8,23,11,106.97
8,23,12,106.53
8,23,13,98.89
8,23,14,85.95
8,23,15,66.97
8,23,16,44.35
8,23,17,20.6
8,23,18,2.2
8,23,19,0.0
8,23,20,0.0
8,23,21,0.0
8,23,22,0.0
8,23,23,0.0
8,24,0,0.0
8,24,1,0.0
8,24,2,0.0
8,24,3,0.0
8,24,4,0.0
8,24,5,1.96
8,24,6,19.45
8,24,7,42.78
8,24,8,65.2
8,24,9,83.87
8,24,10,98.15
8,24,11,104.46
8,24,12,102.14
8,24,13,96.29
8,24,14,83.17
8,24,15,64.38
8,24,16,42.01
8,24,17,18.87
8,24,18,1.83
8,24,19,0.0
8,24,20,0.0
8,24,21,0.0
8,24,22,0.0
8,24,23,0.0
8,25,0,0.0
8,25,1,0.0
8,25,2,0.0
8,25,3,0.0
8,25,4,0.0
8,25,5,1.52
8,25,6,14.6
8,25,7,32.56
8,25,8,51.65
8,25,9,71.13
8,25,10,86.06
8,25,11,90.73
8,25,12,78.58
8,25,13,63.44
8,25,14,30.08
8,25,15,21.3
8,25,16,17.11
8,25,17,8.17
8,25,18,0.99
8,25,19,0.0
8,25,20,0.0
8,25,21,0.0
8,25,22,0.0
8,25,23,0.0
8,26,0,0.0
8,26,1,0.0
8,26,2,0.0
8,26,3,0.0
8,26,4,0.0
8,26,5,1.22
8,26,6,14.98
8,26,7,36.36
8,26,8,59.5
8,26,9,74.59
8,26,10,88.01
8,26,11,87.48
8,26,12,88.51
8,26,13,86.14
8,26,14,75.41
8,26,15,60.04
8,26,16,38.43
8,26,17,16.51
8,26,18,1.39
8,26,19,0.0
8,26,20,0.0
8,26,21,0.0
8,26,22,0.0
8,26,23,0.0
8,27,0,0.0
8,27,1,0.0
8,27,2,0.0
8,27,3,0.0
8,27,4,0.0
8,27,5,1.47
8,27,6,17.23
8,27,7,39.91
8,27,8,62.26
8,27,9,81.19
8,27,10,94.49
8,27,11,86.42
8,27,12,96.59
8,27,13,85.67
8,27,14,72.68
8,27,15,53.59
8,27,16,33.0
8,27,17,13.56
8,27,18,1.19
8,27,19,0.0
8,27,20,0.0
8,27,21,0.0
8,27,22,0.0
8,27,23,0.0
8,28,0,0.0
8,28,1,0.0
8,28,2,0.0
8,28,3,0.0
8,28,4,0.0
8,28,5,1.3
8,28,6,16.19
8,28,7,38.09
8,28,8,60.49
8,28,9,79.38
8,28,10,92.02
8,28,11,100.18
8,28,12,98.52
8,28,13,89.22
8,28,14,78.55
8,28,15,60.49
8,28,16,38.29
8,28,17,15.89
8,28,18,1.13
8,28,19,0.0
8,28,20,0.0
8,28,21,0.0
8,28,22,0.0
8,28,23,0.0
8,29,0,0.0
8,29,1,0.0
8,29,2,0.0
8,29,3,0.0
8,29,4,0.0
8,29,5,1.15
8,29,6,14.83
8,29,7,35.69
8,29,8,58.37
8,29,9,78.49
8,29,10,90.51
8,29,11,99.09
8,29,12,94.88
8,29,13,92.44
8,29,14,79.73
8,29,15,62.61
8,29,16,40.42
8,29,17,17.23
8,29,18,1.18
8,29,19,0.0
8,29,20,0.0
8,29,21,0.0
8,29,22,0.0
8,29,23,0.0
8,30,0,0.0
8,30,1,0.0
8,30,2,0.0
8,30,3,0.0
8,30,4,0.0
8,30,5,1.38
8,30,6,17.19
8,30,7,39.02
8,30,8,60.19
8,30,9,79.82
8,30,10,90.71
8,30,11,94.69
8,30,12,95.75
8,30,13,82.74
8,30,14,77.41
8,30,15,58.5
8,30,16,36.08
8,30,17,14.08
8,30,18,0.83
8,30,19,0.0
8,30,20,0.0
8,30,21,0.0
8,30,22,0.0
8,30,23,0.0
8,31,0,0.0
8,31,1,0.0
8,31,2,0.0
8,31,3,0.0
8,31,4,0.0
8,31,5,0.93
8,31,6,13.12
8,31,7,31.14
8,31,8,51.28
8,31,9,71.97
8,31,10,79.02
8,31,11,78.6
8,31,12,81.89
8,31,13,69.65
8,31,14,61.64
8,31,15,41.96
8,31,16,24.69
8,31,17,9.9
8,31,18,0.59
8,31,19,0.0
8,31,20,0.0
8,31,21,0.0
8,31,22,0.0
8,31,23,0.0
9,1,0,0.0
9,1,1,0.0
9,1,2,0.0
9,1,3,0.0
9,1,4,0.0
9,1,5,0.28
9,1,6,4.48
9,1,7,10.66
9,1,8,17.5
9,1,9,33.95
9,1,10,46.27
9,1,11,57.59
9,1,12,50.15
9,1,13,42.38
9,1,14,37.97
9,1,15,25.3
9,1,16,15.86
9,1,17,6.41
9,1,18,0.49
9,1,19,0.0
9,1,20,0.0
9,1,21,0.0
9,1,22,0.0
9,1,23,0.0
9,2,0,0.0
9,2,1,0.0
9,2,2,0.0
9,2,3,0.0
9,2,4,0.0
9,2,5,1.05
9,2,6,15.73
9,2,7,37.95
9,2,8,60.37
9,2,9,79.51
9,2,10,94.81
9,2,11,97.14
9,2,12,97.48
9,2,13,78.51
9,2,14,60.53
9,2,15,45.73
9,2,16,26.26
9,2,17,9.67
9,2,18,0.49
9,2,19,0.0
9,2,20,0.0
9,2,21,0.0
9,2,22,0.0
9,2,23,0.0
9,3,0,0.0
9,3,1,0.0
9,3,2,0.0
9,3,3,0.0
9,3,4,0.0
9,3,5,0.53
9,3,6,7.6
9,3,7,17.7
9,3,8,32.09
9,3,9,42.83
9,3,10,49.49
9,3,11,42.51
9,3,12,42.77
9,3,13,64.08
9,3,14,60.5
9,3,15,46.54
9,3,16,28.84
9,3,17,11.08
9,3,18,0.51
9,3,19,0.0
9,3,20,0.0
9,3,21,0.0
9,3,22,0.0
9,3,23,0.0
9,4,0,0.0
9,4,1,0.0
9,4,2,0.0
9,4,3,0.0
9,4,4,0.0
9,4,5,0.8
9,4,6,13.4
9,4,7,34.1
9,4,8,56.5
9,4,9,77.1
9,4,10,90.43
9,4,11,97.62
9,4,12,96.6
9,4,13,90.36
9,4,14,75.0
9,4,15,56.52
9,4,16,34.01
9,4,17,12.05
9,4,18,0.43
9,4,19,0.0
9,4,20,0.0
9,4,21,0.0
9,4,22,0.0
9,4,23,0.0
9,5,0,0.0
9,5,1,0.0
9,5,2,0.0
9,5,3,0.0
9,5,4,0.0
9,5,5,0.57
9,5,6,9.22
9,5,7,24.13
9,5,8,40.37
9,5,9,49.11
9,5,10,50.93
9,5,11,61.23
9,5,12,73.3
9,5,13,75.89
9,5,14,66.06
9,5,15,49.71
9,5,16,29.58
9,5,17,10.73
9,5,18,0.0
9,5,19,0.0
9,5,20,0.0
9,5,21,0.0
9,5,22,0.0
9,5,23,0.0
9,6,0,0.0
9,6,1,0.0
9,6,2,0.0
9,6,3,0.0
9,6,4,0.0
9,6,5,0.67
9,6,6,12.29
9,6,7,28.12
9,6,8,46.16
9,6,9,63.03
9,6,10,76.59
9,6,11,71.04
9,6,12,48.4
9,6,13,39.74
9,6,14,25.38
9,6,15,15.13
9,6,16,9.18
9,6,17,3.11
9,6,18,0.0
9,6,19,0.0
9,6,20,0.0
9,6,21,0.0
9,6,22,0.0
9,6,23,0.0
9,7,0,0.0
9,7,1,0.0
9,7,2,0.0
9,7,3,0.0
9,7,4,0.0
9,7,5,0.43
9,7,6,9.38
9,7,7,24.99
9,7,8,41.17
9,7,9,64.5
9,7,10,68.47
9,7,11,66.95
9,7,12,78.88
9,7,13,74.16
9,7,14,68.91
9,7,15,51.13
9,7,16,29.66
9,7,17,10.13
9,7,18,0.0
9,7,19,0.0
9,7,20,0.0
9,7,21,0.0
9,7,22,0.0
9,7,23,0.0
9,8,0,0.0
9,8,1,0.0
9,8,2,0.0
9,8,3,0.0
9,8,4,0.0
9,8,5,0.48
9,8,6,11.33
9,8,7,31.65
9,8,8,53.69
9,8,9,72.55
9,8,10,86.14
9,8,11,89.26
9,8,12,86.47
9,8,13,78.79
9,8,14,62.71
9,8,15,43.94
9,8,16,24.71
9,8,17,8.13
9,8,18,0.0
9,8,19,0.0
9,8,20,0.0
9,8,21,0.0
9,8,22,0.0
9,8,23,0.0
9,9,0,0.0
9,9,1,0.0
9,9,2,0.0
9,9,3,0.0
9,9,4,0.0
9,9,5,0.29
9,9,6,8.21
9,9,7,22.55
9,9,8,41.3
9,9,9,57.02
9,9,10,66.31
9,9,11,60.52
9,9,12,51.67
9,9,13,60.84
9,9,14,55.08
9,9,15,40.26
9,9,16,20.29
9,9,17,6.05
9,9,18,0.0
9,9,19,0.0
9,9,20,0.0
9,9,21,0.0
9,9,22,0.0
9,9,23,0.0
9,10,0,0.0
9,10,1,0.0
9,10,2,0.0
9,10,3,0.0
9,10,4,0.0
9,10,5,0.37
9,10,6,8.18
9,10,7,22.6
9,10,8,38.94
9,10,9,63.26
9,10,10,73.91
9,10,11,84.61
9,10,12,68.77
9,10,13,58.53
9,10,14,46.6
9,10,15,32.44
9,10,16,18.17
9,10,17,5.97
9,10,18,0.0
9,10,19,0.0
9,10,20,0.0
9,10,21,0.0
9,10,22,0.0
9,10,23,0.0
9,11,0,0.0
9,11,1,0.0
9,11,2,0.0
9,11,3,0.0
9,11,4,0.0
9,11,5,0.3
9,11,6,8.15
9,11,7,24.53
9,11,8,45.18
9,11,9,62.63
9,11,10,67.55
9,11,11,81.21
9,11,12,84.29
9,11,13,83.73
9,11,14,70.11
9,11,15,51.04
9,11,16,29.54
9,11,17,8.68
9,11,18,0.0
9,11,19,0.0
9,11,20,0.0
9,11,21,0.0
9,11,22,0.0
9,11,23,0.0
9,12,0,0.0
9,12,1,0.0
9,12,2,0.0
9,12,3,0.0
9,12,4,0.0
9,12,5,0.5
9,12,6,14.32
9,12,7,37.68
9,12,8,60.25
9,12,9,79.61
9,12,10,90.65
9,12,11,95.24
9,12,12,96.28
9,12,13,88.98
9,12,14,75.73
9,12,15,55.52
9,12,16,32.31
9,12,17,9.62
9,12,18,0.0
9,12,19,0.0
9,12,20,0.0
9,12,21,0.0
9,12,22,0.0
9,12,23,0.0
9,13,0,0.0
9,13,1,0.0
9,13,2,0.0
9,13,3,0.0
9,13,4,0.0
9,13,5,0.0
9,13,6,13.55
9,13,7,35.14
9,13,8,57.7
9,13,9,75.21
9,13,10,88.08
9,13,11,89.41
9,13,12,86.84
9,13,13,77.51
9,13,14,67.07
9,13,15,48.02
9,13,16,26.85
9,13,17,7.33
9,13,18,0.0
9,13,19,0.0
9,13,20,0.0
9,13,21,0.0
9,13,22,0.0
9,13,23,0.0
9,14,0,0.0
9,14,1,0.0
9,14,2,0.0
9,14,3,0.0
9,14,4,0.0
9,14,5,0.0
9,14,6,12.97
9,14,7,34.39
9,14,8,56.55
9,14,9,75.16
9,14,10,88.48
9,14,11,94.93
9,14,12,94.04
9,14,13,84.99
9,14,14,67.21
9,14,15,44.71
9,14,16,23.31
9,14,17,5.23
9,14,18,0.0
9,14,19,0.0
9,14,20,0.0
9,14,21,0.0
9,14,22,0.0
9,14,23,0.0
9,15,0,0.0
9,15,1,0.0
9,15,2,0.0
9,15,3,0.0
9,15,4,0.0
9,15,5,0.0
9,15,6,13.24
9,15,7,35.6
9,15,8,58.53
9,15,9,76.83
9,15,10,90.73
9,15,11,98.07
9,15,12,97.39
9,15,13,89.36
9,15,14,73.13
9,15,15,52.61
9,15,16,28.77
9,15,17,7.38
9,15,18,0.0
9,15,19,0.0
9,15,20,0.0
9,15,21,0.0
9,15,22,0.0
9,15,23,0.0
9,16,0,0.0
9,16,1,0.0
9,16,2,0.0
9,16,3,0.0
9,16,4,0.0
9,16,5,0.0
9,16,6,12.61
9,16,7,34.22
9,16,8,56.28
9,16,9,71.53
9,16,10,72.56
9,16,11,84.14
9,16,12,92.48
9,16,13,86.09
9,16,14,71.32
9,16,15,51.55
9,16,16,28.77
9,16,17,6.95
9,16,18,0.0
9,16,19,0.0
9,16,20,0.0
9,16,21,0.0
9,16,22,0.0
9,16,23,0.0
9,17,0,0.0
9,17,1,0.0
9,17,2,0.0
9,17,3,0.0
9,17,4,0.0
9,17,5,0.0
9,17,6,9.74
9,17,7,28.85
9,17,8,48.62
9,17,9,68.34
9,17,10,82.39
9,17,11,91.1
9,17,12,81.07
9,17,13,64.72
9,17,14,52.47
9,17,15,33.07
9,17,16,18.42
9,17,17,4.21
9,17,18,0.0
9,17,19,0.0
9,17,20,0.0
9,17,21,0.0
9,17,22,0.0
9,17,23,0.0
9,18,0,0.0
9,18,1,0.0
9,18,2,0.0
9,18,3,0.0
9,18,4,0.0
9,18,5,0.0
9,18,6,5.53
9,18,7,15.17
9,18,8,25.87
9,18,9,31.57
9,18,10,43.83
9,18,11,54.59
9,18,12,50.65
9,18,13,45.09
9,18,14,33.19
9,18,15,23.11
9,18,16,11.61
9,18,17,2.62
9,18,18,0.0
9,18,19,0.0
9,18,20,0.0
9,18,21,0.0
9,18,22,0.0
9,18,23,0.0
9,19,0,0.0
9,19,1,0.0
9,19,2,0.0
9,19,3,0.0
9,19,4,0.0
9,19,5,0.0
9,19,6,3.38
9,19,7,7.8
9,19,8,12.51
9,19,9,17.92
9,19,10,20.61
9,19,11,23.87
9,19,12,17.4
9,19,13,15.69
9,19,14,20.33
9,19,15,14.57
9,19,16,7.6
9,19,17,1.74
9,19,18,0.0
9,19,19,0.0
9,19,20,0.0
9,19,21,0.0
9,19,22,0.0
9,19,23,0.0
9,20,0,0.0
9,20,1,0.0
9,20,2,0.0
9,20,3,0.0
9,20,4,0.0
9,20,5,0.0
9,20,6,5.3
9,20,7,16.46
9,20,8,29.89
9,20,9,47.68
9,20,10,64.47
9,20,11,62.35
9,20,12,64.82
9,20,13,61.32
9,20,14,43.11
9,20,15,28.77
9,20,16,14.14
9,20,17,2.85
9,20,18,0.0
9,20,19,0.0
9,20,20,0.0
9,20,21,0.0
9,20,22,0.0
9,20,23,0.0
9,21,0,0.0
9,21,1,0.0
9,21,2,0.0
9,21,3,0.0
9,21,4,0.0
9,21,5,0.0
9,21,6,6.54
9,21,7,20.53
9,21,8,36.24
9,21,9,53.61
9,21,10,74.13
9,21,11,77.41
9,21,12,79.69
9,21,13,70.75
9,21,14,55.6
9,21,15,37.46
9,21,16,19.21
9,21,17,3.42
9,21,18,0.0
9,21,19,0.0
9,21,20,0.0
9,21,21,0.0
9,21,22,0.0
9,21,23,0.0
9,22,0,0.0
9,22,1,0.0
9,22,2,0.0
9,22,3,0.0
9,22,4,0.0
9,22,5,0.0
9,22,6,10.24
9,22,7,32.21
9,22,8,54.41
9,22,9,72.96
9,22,10,85.86
9,22,11,94.03
9,22,12,92.75
9,22,13,84.16
9,22,14,69.32
9,22,15,49.13
9,22,16,26.05
9,22,17,4.59
9,22,18,0.0
9,22,19,0.0
9,22,20,0.0
9,22,21,0.0
9,22,22,0.0
9,22,23,0.0
9,23,0,0.0
9,23,1,0.0
9,23,2,0.0
9,23,3,0.0
9,23,4,0.0
9,23,5,0.0
9,23,6,8.37
9,23,7,28.81
9,23,8,50.19
9,23,9,66.83
9,23,10,75.25
9,23,11,89.62
9,23,12,82.48
9,23,13,79.66
9,23,14,64.74
9,23,15,44.99
9,23,16,22.72
9,23,17,3.47
9,23,18,0.0
9,23,19,0.0
9,23,20,0.0
9,23,21,0.0
9,23,22,0.0
9,23,23,0.0
9,24,0,0.0
9,24,1,0.0
9,24,2,0.0
9,24,3,0.0
9,24,4,0.0
9,24,5,0.0
9,24,6,2.52
9,24,7,7.87
9,24,8,13.55
9,24,9,21.04
9,24,10,44.1
9,24,11,56.95
9,24,12,77.44
9,24,13,70.32
9,24,14,64.33
9,24,15,45.25
9,24,16,23.22
9,24,17,3.88
9,24,18,0.0
9,24,19,0.0
9,24,20,0.0
9,24,21,0.0
9,24,22,0.0
9,24,23,0.0
9,25,0,0.0
9,25,1,0.0
9,25,2,0.0
9,25,3,0.0
9,25,4,0.0
9,25,5,0.0
9,25,6,10.44
9,25,7,33.73
9,25,8,56.47
9,25,9,75.22
9,25,10,88.12
9,25,11,94.36
9,25,12,92.95
9,25,13,84.2
9,25,14,68.92
9,25,15,48.39
9,25,16,24.77
9,25,17,3.65
9,25,18,0.0
9,25,19,0.0
9,25,20,0.0
9,25,21,0.0
9,25,22,0.0
9,25,23,0.0
9,26,0,0.0
9,26,1,0.0
9,26,2,0.0
9,26,3,0.0
9,26,4,0.0
9,26,5,0.0
9,26,6,8.04
9,26,7,27.35
9,26,8,46.0
9,26,9,62.75
9,26,10,71.84
9,26,11,78.22
9,26,12,68.13
9,26,13,51.78
9,26,14,41.97
9,26,15,27.51
9,26,16,13.73
9,26,17,1.56
9,26,18,0.0
9,26,19,0.0
9,26,20,0.0
9,26,21,0.0
9,26,22,0.0
9,26,23,0.0
9,27,0,0.0
9,27,1,0.0
9,27,2,0.0
9,27,3,0.0
9,27,4,0.0
9,27,5,0.0
9,27,6,4.32
9,27,7,15.21
9,27,8,27.68
9,27,9,45.47
9,27,10,57.17
9,27,11,62.59
9,27,12,71.63
9,27,13,72.95
9,27,14,55.3
9,27,15,37.8
9,27,16,18.87
9,27,17,2.59
9,27,18,0.0
9,27,19,0.0
9,27,20,0.0
9,27,21,0.0
9,27,22,0.0
9,27,23,0.0
9,28,0,0.0
9,28,1,0.0
9,28,2,0.0
9,28,3,0.0
9,28,4,0.0
9,28,5,0.0
9,28,6,5.99
9,28,7,19.72
9,28,8,31.99
9,28,9,29.74
9,28,10,24.69
9,28,11,29.52
9,28,12,40.87
9,28,13,31.63
9,28,14,17.54
9,28,15,11.17
9,28,16,2.73
9,28,17,0.75
9,28,18,0.0
9,28,19,0.0
9,28,20,0.0
9,28,21,0.0
9,28,22,0.0
9,28,23,0.0
9,29,0,0.0
9,29,1,0.0
9,29,2,0.0
9,29,3,0.0
9,29,4,0.0
9,29,5,0.0
9,29,6,1.76
9,29,7,6.85
9,29,8,11.84
9,29,9,14.8
9,29,10,20.23
9,29,11,21.57
9,29,12,18.94
9,29,13,17.33
9,29,14,15.32
9,29,15,10.51
9,29,16,4.02
9,29,17,0.79
9,29,18,0.0
9,29,19,0.0
9,29,20,0.0
9,29,21,0.0
9,29,22,0.0
9,29,23,0.0
9,30,0,0.0
9,30,1,0.0
9,30,2,0.0
9,30,3,0.0
9,30,4,0.0
9,30,5,0.0
9,30,6,1.63
9,30,7,6.07
9,30,8,11.57
9,30,9,17.72
9,30,10,21.71
9,30,11,23.41
9,30,12,27.23
9,30,13,21.31
9,30,14,12.18
9,30,15,13.73
9,30,16,6.68
9,30,17,0.85
9,30,18,0.0
9,30,19,0.0
9,30,20,0.0
9,30,21,0.0
9,30,22,0.0
9,30,23,0.0
10,1,0,0.0
10,1,1,0.0
10,1,2,0.0
10,1,3,0.0
10,1,4,0.0
10,1,5,0.0
10,1,6,2.92
10,1,7,10.17
10,1,8,17.79
10,1,9,25.84
10,1,10,24.12
10,1,11,41.83
10,1,12,18.16
10,1,13,21.47
10,1,14,14.32
10,1,15,8.71
10,1,16,4.37
10,1,17,0.49
10,1,18,0.0
10,1,19,0.0
10,1,20,0.0
10,1,21,0.0
10,1,22,0.0
10,1,23,0.0
10,2,0,0.0
10,2,1,0.0
10,2,2,0.0
10,2,3,0.0
10,2,4,0.0
10,2,5,0.0
10,2,6,2.96
10,2,7,9.89
10,2,8,15.35
10,2,9,19.84
10,2,10,23.34
10,2,11,18.53
10,2,12,21.06
10,2,13,20.72
10,2,14,14.36
10,2,15,9.51
10,2,16,3.83
10,2,17,0.46
10,2,18,0.0
10,2,19,0.0
10,2,20,0.0
10,2,21,0.0
10,2,22,0.0
10,2,23,0.0
10,3,0,0.0
10,3,1,0.0
10,3,2,0.0
10,3,3,0.0
10,3,4,0.0
10,3,5,0.0
10,3,6,2.8
10,3,7,14.56
10,3,8,27.32
10,3,9,40.65
10,3,10,52.0
10,3,11,62.43
10,3,12,62.58
10,3,13,55.97
10,3,14,42.29
10,3,15,26.82
10,3,16,12.03
10,3,17,1.06
10,3,18,0.0
10,3,19,0.0
10,3,20,0.0
10,3,21,0.0
10,3,22,0.0
10,3,23,0.0
10,4,0,0.0
10,4,1,0.0
10,4,2,0.0
10,4,3,0.0
10,4,4,0.0
10,4,5,0.0
10,4,6,2.83
10,4,7,10.38
10,4,8,18.26
10,4,9,26.13
10,4,10,31.44
10,4,11,29.6
10,4,12,40.86
10,4,13,36.53
10,4,14,29.88
10,4,15,18.67
10,4,16,7.99
10,4,17,0.73
10,4,18,0.0
10,4,19,0.0
10,4,20,0.0
10,4,21,0.0
10,4,22,0.0
10,4,23,0.0
10,5,0,0.0
10,5,1,0.0
10,5,2,0.0
10,5,3,0.0
10,5,4,0.0
10,5,5,0.0
10,5,6,5.51
10,5,7,25.66
10,5,8,47.13
10,5,9,64.71
10,5,10,76.76
10,5,11,82.9
10,5,12,78.25
10,5,13,71.63
10,5,14,57.93
10,5,15,38.26
10,5,16,16.62
10,5,17,1.15
10,5,18,0.0
10,5,19,0.0
10,5,20,0.0
10,5,21,0.0
10,5,22,0.0
10,5,23,0.0
10,6,0,0.0
10,6,1,0.0
10,6,2,0.0
10,6,3,0.0
10,6,4,0.0
10,6,5,0.0
10,6,6,5.83
10,6,7,25.91
10,6,8,46.01
10,6,9,63.43
10,6,10,75.65
10,6,11,85.61
10,6,12,83.82
10,6,13,74.82
10,6,14,59.5
10,6,15,39.27
10,6,16,16.69
10,6,17,0.99
10,6,18,0.0
10,6,19,0.0
10,6,20,0.0
10,6,21,0.0
10,6,22,0.0
10,6,23,0.0
10,7,0,0.0
10,7,1,0.0
10,7,2,0.0
10,7,3,0.0
10,7,4,0.0
10,7,5,0.0
10,7,6,5.61
10,7,7,26.87
10,7,8,48.69
10,7,9,66.9
10,7,10,79.26
10,7,11,85.8
10,7,12,83.68
10,7,13,74.51
10,7,14,59.18
10,7,15,38.02
10,7,16,15.89
10,7,17,0.88
10,7,18,0.0
10,7,19,0.0
10,7,20,0.0
10,7,21,0.0
10,7,22,0.0
10,7,23,0.0
10,8,0,0.0
10,8,1,0.0
10,8,2,0.0
10,8,3,0.0
10,8,4,0.0
10,8,5,0.0
10,8,6,1.69
10,8,7,7.97
10,8,8,15.38
10,8,9,22.09
10,8,10,27.62
10,8,11,25.59
10,8,12,23.76
10,8,13,18.49
10,8,14,12.72
10,8,15,8.58
10,8,16,3.16
10,8,17,0.24
10,8,18,0.0
10,8,19,0.0
10,8,20,0.0
10,8,21,0.0
10,8,22,0.0
10,8,23,0.0
10,9,0,0.0
10,9,1,0.0
10,9,2,0.0
10,9,3,0.0
10,9,4,0.0
10,9,5,0.0
10,9,6,0.58
10,9,7,2.33
10,9,8,3.93
10,9,9,4.88
10,9,10,6.67
10,9,11,10.94
10,9,12,11.47
10,9,13,31.63
10,9,14,29.14
10,9,15,21.56
10,9,16,10.38
10,9,17,0.62
10,9,18,0.0
10,9,19,0.0
10,9,20,0.0
10,9,21,0.0
10,9,22,0.0
10,9,23,0.0
10,10,0,0.0
10,10,1,0.0
10,10,2,0.0
10,10,3,0.0
10,10,4,0.0
10,10,5,0.0
10,10,6,5.75
10,10,7,28.7
10,10,8,51.49
10,10,9,70.09
10,10,10,82.7
10,10,11,88.22
10,10,12,86.27
10,10,13,76.93
10,10,14,60.97
10,10,15,39.89
10,10,16,16.17
10,10,17,0.66
10,10,18,0.0
10,10,19,0.0
10,10,20,0.0
10,10,21,0.0
10,10,22,0.0
10,10,23,0.0
10,11,0,0.0
10,11,1,0.0
10,11,2,0.0
10,11,3,0.0
10,11,4,0.0
10,11,5,0.0
10,11,6,5.06
10,11,7,26.81
10,11,8,49.0
10,11,9,67.15
10,11,10,79.35
10,11,11,84.94
10,11,12,82.73
10,11,13,71.92
10,11,14,54.93
10,11,15,34.34
10,11,16,13.73
10,11,17,0.0
10,11,18,0.0
10,11,19,0.0
10,11,20,0.0
10,11,21,0.0
10,11,22,0.0
10,11,23,0.0
10,12,0,0.0
10,12,1,0.0
10,12,2,0.0
10,12,3,0.0
10,12,4,0.0
10,12,5,0.0
10,12,6,4.25
10,12,7,22.69
10,12,8,41.2
10,12,9,56.4
10,12,10,55.28
10,12,11,54.37
10,12,12,67.87
10,12,13,63.9
10,12,14,46.01
10,12,15,30.02
10,12,16,12.34
10,12,17,0.0
10,12,18,0.0
10,12,19,0.0
10,12,20,0.0
10,12,21,0.0
10,12,22,0.0
10,12,23,0.0
10,13,0,0.0
10,13,1,0.0
10,13,2,0.0
10,13,3,0.0
10,13,4,0.0
10,13,5,0.0
10,13,6,2.39
10,13,7,15.41
10,13,8,30.91
10,13,9,45.91
10,13,10,50.05
10,13,11,35.05
10,13,12,28.19
10,13,13,26.8
10,13,14,23.86
10,13,15,17.53
10,13,16,7.84
10,13,17,0.0
10,13,18,0.0
10,13,19,0.0
10,13,20,0.0
10,13,21,0.0
10,13,22,0.0
10,13,23,0.0
10,14,0,0.0
10,14,1,0.0
10,14,2,0.0
10,14,3,0.0
10,14,4,0.0
10,14,5,0.0
10,14,6,4.36
10,14,7,25.77
10,14,8,48.03
10,14,9,66.32
10,14,10,78.73
10,14,11,84.07
10,14,12,81.92
10,14,13,72.41
10,14,14,55.52
10,14,15,34.33
10,14,16,12.34
10,14,17,0.0
10,14,18,0.0
10,14,19,0.0
10,14,20,0.0
10,14,21,0.0
10,14,22,0.0
10,14,23,0.0
10,15,0,0.0
10,15,1,0.0
10,15,2,0.0
10,15,3,0.0
10,15,4,0.0
10,15,5,0.0
10,15,6,3.77
10,15,7,24.16
10,15,8,45.84
10,15,9,63.85
10,15,10,76.17
10,15,11,82.09
10,15,12,79.91
10,15,13,70.6
10,15,14,54.91
10,15,15,34.37
10,15,16,12.39
10,15,17,0.0
10,15,18,0.0
10,15,19,0.0
10,15,20,0.0
10,15,21,0.0
10,15,22,0.0
10,15,23,0.0
10,16,0,0.0
10,16,1,0.0
10,16,2,0.0
10,16,3,0.0
10,16,4,0.0
10,16,5,0.0
10,16,6,2.9
10,16,7,18.87
10,16,8,36.34
10,16,9,51.68
10,16,10,57.39
10,16,11,58.9
10,16,12,58.27
10,16,13,50.62
10,16,14,39.26
10,16,15,24.88
10,16,16,8.41
10,16,17,0.0
10,16,18,0.0
10,16,19,0.0
10,16,20,0.0
10,16,21,0.0
10,16,22,0.0
10,16,23,0.0
10,17,0,0.0
10,17,1,0.0
10,17,2,0.0
10,17,3,0.0
10,17,4,0.0
10,17,5,0.0
10,17,6,2.22
10,17,7,17.12
10,17,8,33.72
10,17,9,51.67
10,17,10,64.89
10,17,11,67.01
10,17,12,58.32
10,17,13,44.39
10,17,14,35.12
10,17,15,21.68
10,17,16,7.37
10,17,17,0.0
10,17,18,0.0
10,17,19,0.0
10,17,20,0.0
10,17,21,0.0
10,17,22,0.0
10,17,23,0.0
10,18,0,0.0
10,18,1,0.0
10,18,2,0.0
10,18,3,0.0
10,18,4,0.0
10,18,5,0.0
10,18,6,2.66
10,18,7,20.55
10,18,8,41.06
10,18,9,58.3
10,18,10,70.07
10,18,11,75.03
10,18,12,72.79
10,18,13,63.13
10,18,14,47.32
10,18,15,28.05
10,18,16,8.65
10,18,17,0.0
10,18,18,0.0
10,18,19,0.0
10,18,20,0.0
10,18,21,0.0
10,18,22,0.0
10,18,23,0.0
10,19,0,0.0
10,19,1,0.0
10,19,2,0.0
10,19,3,0.0
10,19,4,0.0
10,19,5,0.0
10,19,6,1.93
10,19,7,15.4
10,19,8,32.18
10,19,9,46.81
10,19,10,59.97
10,19,11,68.98
10,19,12,64.7
10,19,13,53.8
10,19,14,41.6
10,19,15,24.9
10,19,16,7.68
10,19,17,0.0
10,19,18,0.0
10,19,19,0.0
10,19,20,0.0
10,19,21,0.0
10,19,22,0.0
10,19,23,0.0
10,20,0,0.0
10,20,1,0.0
10,20,2,0.0
10,20,3,0.0
10,20,4,0.0
10,20,5,0.0
10,20,6,1.55
10,20,7,10.81
10,20,8,22.16
10,20,9,33.36
10,20,10,39.07
10,20,11,32.98
10,20,12,33.0
10,20,13,26.29
10,20,14,18.83
10,20,15,10.98
10,20,16,2.86
10,20,17,0.0
10,20,18,0.0
10,20,19,0.0
10,20,20,0.0
10,20,21,0.0
10,20,22,0.0
10,20,23,0.0
10,21,0,0.0
10,21,1,0.0
10,21,2,0.0
10,21,3,0.0
10,21,4,0.0
10,21,5,0.0
10,21,6,1.26
10,21,7,9.77
10,21,8,18.12
10,21,9,25.32
10,21,10,32.23
10,21,11,38.2
10,21,12,38.43
10,21,13,40.84
10,21,14,30.29
10,21,15,18.14
10,21,16,5.39
10,21,17,0.0
10,21,18,0.0
10,21,19,0.0
10,21,20,0.0
10,21,21,0.0
10,21,22,0.0
10,21,23,0.0
10,22,0,0.0
10,22,1,0.0
10,22,2,0.0
10,22,3,0.0
10,22,4,0.0
10,22,5,0.0
10,22,6,0.85
10,22,7,5.96
10,22,8,12.31
10,22,9,18.16
10,22,10,16.21
10,22,11,27.9
10,22,12,26.37
10,22,13,18.65
10,22,14,16.03
10,22,15,11.1
10,22,16,3.83
10,22,17,0.0
10,22,18,0.0
10,22,19,0.0
10,22,20,0.0
10,22,21,0.0
10,22,22,0.0
10,22,23,0.0
10,23,0,0.0
10,23,1,0.0
10,23,2,0.0
10,23,3,0.0
10,23,4,0.0
10,23,5,0.0
10,23,6,2.16
10,23,7,17.92
10,23,8,35.84
10,23,9,52.34
10,23,10,56.95
10,23,11,57.97
10,23,12,56.65
10,23,13,48.75
10,23,14,36.66
10,23,15,21.24
10,23,16,5.67
10,23,17,0.0
10,23,18,0.0
10,23,19,0.0
10,23,20,0.0
10,23,21,0.0
10,23,22,0.0
10,23,23,0.0
10,24,0,0.0
10,24,1,0.0
10,24,2,0.0
10,24,3,0.0
10,24,4,0.0
10,24,5,0.0
10,24,6,1.49
10,24,7,15.04
10,24,8,31.18
10,24,9,44.68
10,24,10,55.88
10,24,11,50.79
10,24,12,57.44
10,24,13,47.79
10,24,14,37.58
10,24,15,22.87
10,24,16,6.44
10,24,17,0.0
10,24,18,0.0
10,24,19,0.0
10,24,20,0.0
10,24,21,0.0
10,24,22,0.0
10,24,23,0.0
10,25,0,0.0
10,25,1,0.0
10,25,2,0.0
10,25,3,0.0
10,25,4,0.0
10,25,5,0.0
10,25,6,1.59
10,25,7,13.69
10,25,8,27.06
10,25,9,35.23
10,25,10,34.86
10,25,11,36.58
10,25,12,35.88
10,25,13,36.68
10,25,14,26.99
10,25,15,15.81
10,25,16,4.45
10,25,17,0.0
10,25,18,0.0
10,25,19,0.0
10,25,20,0.0
10,25,21,0.0
10,25,22,0.0
10,25,23,0.0
10,26,0,0.0
10,26,1,0.0
10,26,2,0.0
10,26,3,0.0
10,26,4,0.0
10,26,5,0.0
10,26,6,1.91
10,26,7,18.91
10,26,8,38.97
10,26,9,56.4
10,26,10,68.83
10,26,11,72.4
10,26,12,59.82
10,26,13,47.84
10,26,14,36.65
10,26,15,20.36
10,26,16,4.68
10,26,17,0.0
10,26,18,0.0
10,26,19,0.0
10,26,20,0.0
10,26,21,0.0
10,26,22,0.0
10,26,23,0.0
10,27,0,0.0
10,27,1,0.0
10,27,2,0.0
10,27,3,0.0
10,27,4,0.0
10,27,5,0.0
10,27,6,0.41
10,27,7,3.19
10,27,8,6.28
10,27,9,8.47
10,27,10,13.11
10,27,11,7.94
10,27,12,10.01
10,27,13,5.17
10,27,14,12.33
10,27,15,4.49
10,27,16,1.42
10,27,17,0.0
10,27,18,0.0
10,27,19,0.0
10,27,20,0.0
10,27,21,0.0
10,27,22,0.0
10,27,23,0.0
10,28,0,0.0
10,28,1,0.0
10,28,2,0.0
10,28,3,0.0
10,28,4,0.0
10,28,5,0.0
10,28,6,0.97
10,28,7,9.96
10,28,8,21.31
10,28,9,30.07
10,28,10,36.33
10,28,11,50.37
10,28,12,52.15
10,28,13,48.59
10,28,14,34.87
10,28,15,20.19
10,28,16,4.5
10,28,17,0.0
10,28,18,0.0
10,28,19,0.0
10,28,20,0.0
10,28,21,0.0
10,28,22,0.0
10,28,23,0.0
10,29,0,0.0
10,29,1,0.0
10,29,2,0.0
10,29,3,0.0
10,29,4,0.0
10,29,5,0.0
10,29,6,1.1
10,29,7,13.87
10,29,8,29.89
10,29,9,44.23
10,29,10,53.63
10,29,11,60.23
10,29,12,62.88
10,29,13,44.12
10,29,14,33.89
10,29,15,17.79
10,29,16,3.43
10,29,17,0.0
10,29,18,0.0
10,29,19,0.0
10,29,20,0.0
10,29,21,0.0
10,29,22,0.0
10,29,23,0.0
10,30,0,0.0
10,30,1,0.0
10,30,2,0.0
10,30,3,0.0
10,30,4,0.0
10,30,5,0.0
10,30,6,0.73
10,30,7,10.74
10,30,8,24.9
10,30,9,37.55
10,30,10,49.3
10,30,11,56.77
10,30,12,42.21
10,30,13,37.79
10,30,14,31.01
10,30,15,13.85
10,30,16,2.2
10,30,17,0.0
10,30,18,0.0
10,30,19,0.0
10,30,20,0.0
10,30,21,0.0
10,30,22,0.0
10,30,23,0.0
10,31,0,0.0
10,31,1,0.0
10,31,2,0.0
10,31,3,0.0
10,31,4,0.0
10,31,5,0.0
10,31,6,1.19
10,31,7,16.71
10,31,8,37.76
10,31,9,55.32
10,31,10,67.37
10,31,11,72.97
10,31,12,70.87
10,31,13,61.49
10,31,14,44.36
10,31,15,23.17
10,31,16,3.89
10,31,17,0.0
10,31,18,0.0
10,31,19,0.0
10,31,20,0.0
10,31,21,0.0
10,31,22,0.0
10,31,23,0.0
11,1,0,0.0
11,1,1,0.0
11,1,2,0.0
11,1,3,0.0
11,1,4,0.0
11,1,5,0.0
11,1,6,0.9
11,1,7,14.39
11,1,8,33.67
11,1,9,49.81
11,1,10,60.25
11,1,11,68.41
11,1,12,63.73
11,1,13,48.48
11,1,14,34.92
11,1,15,18.43
11,1,16,2.77
11,1,17,0.0
11,1,18,0.0
11,1,19,0.0
11,1,20,0.0
11,1,21,0.0
11,1,22,0.0
11,1,23,0.0
11,2,0,0.0
11,2,1,0.0
11,2,2,0.0
11,2,3,0.0
11,2,4,0.0
11,2,5,0.0
11,2,6,0.65
11,2,7,11.53
11,2,8,29.89
11,2,9,43.25
11,2,10,54.15
11,2,11,63.18
11,2,12,53.85
11,2,13,47.67
11,2,14,33.83
11,2,15,17.14
11,2,16,2.96
11,2,17,0.0
11,2,18,0.0
11,2,19,0.0
11,2,20,0.0
11,2,21,0.0
11,2,22,0.0
11,2,23,0.0
11,3,0,0.0
11,3,1,0.0
11,3,2,0.0
11,3,3,0.0
11,3,4,0.0
11,3,5,0.0
11,3,6,0.49
11,3,7,6.67
11,3,8,14.52
11,3,9,20.73
11,3,10,24.65
11,3,11,27.59
11,3,12,25.71
11,3,13,31.17
11,3,14,21.79
11,3,15,11.99
11,3,16,2.2
11,3,17,0.0
11,3,18,0.0
11,3,19,0.0
11,3,20,0.0
11,3,21,0.0
11,3,22,0.0
11,3,23,0.0
11,4,0,0.0
11,4,1,0.0
11,4,2,0.0
11,4,3,0.0
11,4,4,0.0
11,4,5,0.0
11,4,6,0.67
11,4,7,13.81
11,4,8,34.11
11,4,9,51.55
11,4,10,64.02
11,4,11,69.29
11,4,12,68.32
11,4,13,59.75
11,4,14,44.25
11,4,15,24.12
11,4,16,4.05
11,4,17,0.0
11,4,18,0.0
11,4,19,0.0
11,4,20,0.0
11,4,21,0.0
11,4,22,0.0
11,4,23,0.0
11,5,0,0.0
11,5,1,0.0
11,5,2,0.0
11,5,3,0.0
11,5,4,0.0
11,5,5,0.0
11,5,6,0.63
11,5,7,13.75
11,5,8,33.78
11,5,9,50.9
11,5,10,62.76
11,5,11,67.21
11,5,12,63.73
11,5,13,51.97
11,5,14,37.95
11,5,15,19.88
11,5,16,2.99
11,5,17,0.0
11,5,18,0.0
11,5,19,0.0
11,5,20,0.0
11,5,21,0.0
11,5,22,0.0
11,5,23,0.0
11,6,0,0.0
11,6,1,0.0
11,6,2,0.0
11,6,3,0.0
11,6,4,0.0
11,6,5,0.0
11,6,6,0.52
11,6,7,12.89
11,6,8,32.58
11,6,9,49.85
11,6,10,63.89
11,6,11,63.91
11,6,12,54.93
11,6,13,47.03
11,6,14,33.99
11,6,15,18.54
11,6,16,3.07
11,6,17,0.0
11,6,18,0.0
11,6,19,0.0
11,6,20,0.0
11,6,21,0.0
11,6,22,0.0
11,6,23,0.0
11,7,0,0.0
11,7,1,0.0
11,7,2,0.0
11,7,3,0.0
11,7,4,0.0
11,7,5,0.0
11,7,6,0.0
11,7,7,14.75
11,7,8,34.06
11,7,9,51.4
11,7,10,63.44
11,7,11,57.32
11,7,12,66.38
11,7,13,57.11
11,7,14,41.65
11,7,15,21.84
11,7,16,3.09
11,7,17,0.0
11,7,18,0.0
11,7,19,0.0
11,7,20,0.0
11,7,21,0.0
11,7,22,0.0
11,7,23,0.0
11,8,0,0.0
11,8,1,0.0
11,8,2,0.0
11,8,3,0.0
11,8,4,0.0
11,8,5,0.0
11,8,6,0.0
11,8,7,14.0
11,8,8,31.91
11,8,9,48.61
11,8,10,59.66
11,8,11,67.27
11,8,12,65.49
11,8,13,55.23
11,8,14,39.48
11,8,15,19.83
11,8,16,2.61
11,8,17,0.0
11,8,18,0.0
11,8,19,0.0
11,8,20,0.0
11,8,21,0.0
11,8,22,0.0
11,8,23,0.0
11,9,0,0.0
11,9,1,0.0
11,9,2,0.0
11,9,3,0.0
11,9,4,0.0
11,9,5,0.0
11,9,6,0.0
11,9,7,3.26
11,9,8,6.68
11,9,9,9.46
11,9,10,12.11
11,9,11,15.39
11,9,12,10.22
11,9,13,13.33
11,9,14,9.08
11,9,15,4.8
11,9,16,0.82
11,9,17,0.0
11,9,18,0.0
11,9,19,0.0
11,9,20,0.0
11,9,21,0.0
11,9,22,0.0
11,9,23,0.0
11,10,0,0.0
11,10,1,0.0
11,10,2,0.0
11,10,3,0.0
11,10,4,0.0
11,10,5,0.0
11,10,6,0.0
11,10,7,13.2
11,10,8,31.79
11,10,9,48.35
11,10,10,59.3
11,10,11,62.66
11,10,12,59.66
11,10,13,48.86
11,10,14,34.19
11,10,15,16.4
11,10,16,1.91
11,10,17,0.0
11,10,18,0.0
11,10,19,0.0
11,10,20,0.0
11,10,21,0.0
11,10,22,0.0
11,10,23,0.0
11,11,0,0.0
11,11,1,0.0
11,11,2,0.0
11,11,3,0.0
11,11,4,0.0
11,11,5,0.0
11,11,6,0.0
11,11,7,10.58
11,11,8,26.93
11,11,9,41.32
11,11,10,51.45
11,11,11,56.03
11,11,12,59.93
11,11,13,50.03
11,11,14,36.99
11,11,15,18.74
11,11,16,2.52
11,11,17,0.0
11,11,18,0.0
11,11,19,0.0
11,11,20,0.0
11,11,21,0.0
11,11,22,0.0
11,11,23,0.0
11,12,0,0.0
11,12,1,0.0
11,12,2,0.0
11,12,3,0.0
11,12,4,0.0
11,12,5,0.0
11,12,6,0.0
11,12,7,13.33
11,12,8,33.52
11,12,9,50.96
11,12,10,62.71
11,12,11,67.5
11,12,12,65.12
11,12,13,55.76
11,12,14,40.37
11,12,15,20.53
11,12,16,2.45
11,12,17,0.0
11,12,18,0.0
11,12,19,0.0
11,12,20,0.0
11,12,21,0.0
11,12,22,0.0
11,12,23,0.0
11,13,0,0.0
11,13,1,0.0
11,13,2,0.0
11,13,3,0.0
11,13,4,0.0
11,13,5,0.0
11,13,6,0.0
11,13,7,10.76
11,13,8,29.64
11,13,9,46.82
11,13,10,58.98
11,13,11,66.1
11,13,12,63.89
11,13,13,54.63
11,13,14,39.46
11,13,15,19.95
11,13,16,2.26
11,13,17,0.0
11,13,18,0.0
11,13,19,0.0
11,13,20,0.0
11,13,21,0.0
11,13,22,0.0
11,13,23,0.0
11,14,0,0.0
11,14,1,0.0
11,14,2,0.0
11,14,3,0.0
11,14,4,0.0
11,14,5,0.0
11,14,6,0.0
11,14,7,11.78
11,14,8,31.86
11,14,9,49.12
11,14,10,60.77
11,14,11,64.25
11,14,12,51.38
11,14,13,32.4
11,14,14,21.64
11,14,15,11.09
11,14,16,1.09
11,14,17,0.0
11,14,18,0.0
11,14,19,0.0
11,14,20,0.0
11,14,21,0.0
11,14,22,0.0
11,14,23,0.0
11,15,0,0.0
11,15,1,0.0
11,15,2,0.0
11,15,3,0.0
11,15,4,0.0
11,15,5,0.0
11,15,6,0.0
11,15,7,2.96
11,15,8,7.18
11,15,9,10.89
11,15,10,12.84
11,15,11,12.6
11,15,12,24.89
11,15,13,23.64
11,15,14,17.65
11,15,15,9.07
11,15,16,1.21
11,15,17,0.0
11,15,18,0.0
11,15,19,0.0
11,15,20,0.0
11,15,21,0.0
11,15,22,0.0
11,15,23,0.0
11,16,0,0.0
11,16,1,0.0
11,16,2,0.0
11,16,3,0.0
11,16,4,0.0
11,16,5,0.0
11,16,6,0.0
11,16,7,9.34
11,16,8,28.06
11,16,9,44.65
11,16,10,56.06
11,16,11,58.67
11,16,12,52.61
11,16,13,43.22
11,16,14,28.58
11,16,15,12.74
11,16,16,1.11
11,16,17,0.0
11,16,18,0.0
11,16,19,0.0
11,16,20,0.0
11,16,21,0.0
11,16,22,0.0
11,16,23,0.0
11,17,0,0.0
11,17,1,0.0
11,17,2,0.0
11,17,3,0.0
11,17,4,0.0
11,17,5,0.0
11,17,6,0.0
11,17,7,9.03
11,17,8,27.88
11,17,9,44.53
11,17,10,56.11
11,17,11,60.64
11,17,12,59.01
11,17,13,50.09
11,17,14,35.3
11,17,15,16.72
11,17,16,1.53
11,17,17,0.0
11,17,18,0.0
11,17,19,0.0
11,17,20,0.0
11,17,21,0.0
11,17,22,0.0
11,17,23,0.0
11,18,0,0.0
11,18,1,0.0
11,18,2,0.0
11,18,3,0.0
11,18,4,0.0
11,18,5,0.0
11,18,6,0.0
11,18,7,8.59
11,18,8,27.45
11,18,9,44.12
11,18,10,55.56
11,18,11,60.89
11,18,12,58.81
11,18,13,50.16
11,18,14,35.41
11,18,15,16.86
11,18,16,1.53
11,18,17,0.0
11,18,18,0.0
11,18,19,0.0
11,18,20,0.0
11,18,21,0.0
11,18,22,0.0
11,18,23,0.0
11,19,0,0.0
11,19,1,0.0
11,19,2,0.0
11,19,3,0.0
11,19,4,0.0
11,19,5,0.0
11,19,6,0.0
11,19,7,8.5
11,19,8,27.38
11,19,9,43.92
11,19,10,55.15
11,19,11,60.67
11,19,12,58.47
11,19,13,47.23
11,19,14,31.65
11,19,15,14.2
11,19,16,1.19
11,19,17,0.0
11,19,18,0.0
11,19,19,0.0
11,19,20,0.0
11,19,21,0.0
11,19,22,0.0
11,19,23,0.0
11,20,0,0.0
11,20,1,0.0
11,20,2,0.0
11,20,3,0.0
11,20,4,0.0
11,20,5,0.0
11,20,6,0.0
11,20,7,3.11
11,20,8,12.87
11,20,9,20.83
11,20,10,27.03
11,20,11,28.91
11,20,12,27.89
11,20,13,14.83
11,20,14,12.9
11,20,15,5.86
11,20,16,0.72
11,20,17,0.0
11,20,18,0.0
11,20,19,0.0
11,20,20,0.0
11,20,21,0.0
11,20,22,0.0
11,20,23,0.0
11,21,0,0.0
11,21,1,0.0
11,21,2,0.0
11,21,3,0.0
11,21,4,0.0
11,21,5,0.0
11,21,6,0.0
11,21,7,4.55
11,21,8,14.1
11,21,9,19.89
11,21,10,22.41
11,21,11,24.59
11,21,12,26.53
11,21,13,28.05
11,21,14,20.45
11,21,15,10.59
11,21,16,1.15
11,21,17,0.0
11,21,18,0.0
11,21,19,0.0
11,21,20,0.0
11,21,21,0.0
11,21,22,0.0
11,21,23,0.0
11,22,0,0.0
11,22,1,0.0
11,22,2,0.0
11,22,3,0.0
11,22,4,0.0
11,22,5,0.0
11,22,6,0.0
11,22,7,4.61
11,22,8,16.55
11,22,9,28.92
11,22,10,37.23
11,22,11,39.52
11,22,12,43.6
11,22,13,37.13
11,22,14,26.28
11,22,15,12.46
11,22,16,1.18
11,22,17,0.0
11,22,18,0.0
11,22,19,0.0
11,22,20,0.0
11,22,21,0.0
11,22,22,0.0
11,22,23,0.0
11,23,0,0.0
11,23,1,0.0
11,23,2,0.0
11,23,3,0.0
11,23,4,0.0
11,23,5,0.0
11,23,6,0.0
11,23,7,7.74
11,23,8,27.44
11,23,9,45.14
11,23,10,57.29
11,23,11,62.32
11,23,12,58.79
11,23,13,47.54
11,23,14,31.89
11,23,15,14.23
11,23,16,1.03
11,23,17,0.0
11,23,18,0.0
11,23,19,0.0
11,23,20,0.0
11,23,21,0.0
11,23,22,0.0
11,23,23,0.0
11,24,0,0.0
11,24,1,0.0
11,24,2,0.0
11,24,3,0.0
11,24,4,0.0
11,24,5,0.0
11,24,6,0.0
11,24,7,2.87
11,24,8,9.7
11,24,9,15.83
11,24,10,20.56
11,24,11,21.55
11,24,12,17.48
11,24,13,16.05
11,24,14,11.52
11,24,15,4.77
11,24,16,0.52
11,24,17,0.0
11,24,18,0.0
11,24,19,0.0
11,24,20,0.0
11,24,21,0.0
11,24,22,0.0
11,24,23,0.0
11,25,0,0.0
11,25,1,0.0
11,25,2,0.0
11,25,3,0.0
11,25,4,0.0
11,25,5,0.0
11,25,6,0.0
11,25,7,2.53
11,25,8,13.97
11,25,9,28.01
11,25,10,28.78
11,25,11,35.88
11,25,12,25.81
11,25,13,17.06
11,25,14,11.42
11,25,15,4.75
11,25,16,0.47
11,25,17,0.0
11,25,18,0.0
11,25,19,0.0
11,25,20,0.0
11,25,21,0.0
11,25,22,0.0
11,25,23,0.0
11,26,0,0.0
11,26,1,0.0
11,26,2,0.0
11,26,3,0.0
11,26,4,0.0
11,26,5,0.0
11,26,6,0.0
11,26,7,2.79
11,26,8,11.79
11,26,9,21.13
11,26,10,28.73
11,26,11,30.37
11,26,12,28.96
11,26,13,24.4
11,26,14,18.03
11,26,15,9.2
11,26,16,0.83
11,26,17,0.0
11,26,18,0.0
11,26,19,0.0
11,26,20,0.0
11,26,21,0.0
11,26,22,0.0
11,26,23,0.0
11,27,0,0.0
11,27,1,0.0
11,27,2,0.0
11,27,3,0.0
11,27,4,0.0
11,27,5,0.0
11,27,6,0.0
11,27,7,4.73
11,27,8,20.88
11,27,9,36.09
11,27,10,46.45
11,27,11,53.17
11,27,12,47.92
11,27,13,37.35
11,27,14,24.74
11,27,15,10.83
11,27,16,0.71
11,27,17,0.0
11,27,18,0.0
11,27,19,0.0
11,27,20,0.0
11,27,21,0.0
11,27,22,0.0
11,27,23,0.0
11,28,0,0.0
11,28,1,0.0
11,28,2,0.0
11,28,3,0.0
11,28,4,0.0
11,28,5,0.0
11,28,6,0.0
11,28,7,5.09
11,28,8,22.72
11,28,9,39.2
11,28,10,50.71
11,28,11,56.01
11,28,12,53.74
11,28,13,43.38
11,28,14,28.5
11,28,15,12.28
11,28,16,0.8
11,28,17,0.0
11,28,18,0.0
11,28,19,0.0
11,28,20,0.0
11,28,21,0.0
11,28,22,0.0
11,28,23,0.0
11,29,0,0.0
11,29,1,0.0
11,29,2,0.0
11,29,3,0.0
11,29,4,0.0
11,29,5,0.0
11,29,6,0.0
11,29,7,0.91
11,29,8,3.26
11,29,9,4.85
11,29,10,5.64
11,29,11,5.09
11,29,12,5.03
11,29,13,13.99
11,29,14,9.49
11,29,15,3.88
11,29,16,0.35
11,29,17,0.0
11,29,18,0.0
11,29,19,0.0
11,29,20,0.0
11,29,21,0.0
11,29,22,0.0
11,29,23,0.0
11,30,0,0.0
11,30,1,0.0
11,30,2,0.0
11,30,3,0.0
11,30,4,0.0
11,30,5,0.0
11,30,6,0.0
11,30,7,1.47
11,30,8,5.82
11,30,9,9.3
11,30,10,9.88
11,30,11,9.41
11,30,12,7.11
11,30,13,4.49
11,30,14,3.71
11,30,15,2.0
11,30,16,0.24
11,30,17,0.0
11,30,18,0.0
11,30,19,0.0
11,30,20,0.0
11,30,21,0.0
11,30,22,0.0
11,30,23,0.0
12,1,0,0.0
12,1,1,0.0
12,1,2,0.0
12,1,3,0.0
12,1,4,0.0
12,1,5,0.0
12,1,6,0.0
12,1,7,4.29
12,1,8,21.01
12,1,9,36.29
12,1,10,47.56
12,1,11,51.7
12,1,12,32.21
12,1,13,26.63
12,1,14,18.04
12,1,15,7.69
12,1,16,0.47
12,1,17,0.0
12,1,18,0.0
12,1,19,0.0
12,1,20,0.0
12,1,21,0.0
12,1,22,0.0
12,1,23,0.0
12,2,0,0.0
12,2,1,0.0
12,2,2,0.0
12,2,3,0.0
12,2,4,0.0
12,2,5,0.0
12,2,6,0.0
12,2,7,4.03
12,2,8,20.13
12,2,9,35.58
12,2,10,47.89
12,2,11,53.0
12,2,12,45.41
12,2,13,35.69
12,2,14,22.67
12,2,15,9.12
12,2,16,0.53
12,2,17,0.0
12,2,18,0.0
12,2,19,0.0
12,2,20,0.0
12,2,21,0.0
12,2,22,0.0
12,2,23,0.0
12,3,0,0.0
12,3,1,0.0
12,3,2,0.0
12,3,3,0.0
12,3,4,0.0
12,3,5,0.0
12,3,6,0.0
12,3,7,3.28
12,3,8,18.47
12,3,9,33.54
12,3,10,43.75
12,3,11,43.61
12,3,12,38.3
12,3,13,32.35
12,3,14,22.93
12,3,15,10.5
12,3,16,0.63
12,3,17,0.0
12,3,18,0.0
12,3,19,0.0
12,3,20,0.0
12,3,21,0.0
12,3,22,0.0
12,3,23,0.0
12,4,0,0.0
12,4,1,0.0
12,4,2,0.0
12,4,3,0.0
12,4,4,0.0
12,4,5,0.0
12,4,6,0.0
12,4,7,3.89
12,4,8,19.99
12,4,9,35.76
12,4,10,47.02
12,4,11,52.5
12,4,12,50.17
12,4,13,41.07
12,4,14,27.23
12,4,15,11.53
12,4,16,0.66
12,4,17,0.0
12,4,18,0.0
12,4,19,0.0
12,4,20,0.0
12,4,21,0.0
12,4,22,0.0
12,4,23,0.0
12,5,0,0.0
12,5,1,0.0
12,5,2,0.0
12,5,3,0.0
12,5,4,0.0
12,5,5,0.0
12,5,6,0.0
12,5,7,1.85
12,5,8,9.75
12,5,9,17.17
12,5,10,21.85
12,5,11,34.19
12,5,12,44.16
12,5,13,37.29
12,5,14,26.11
12,5,15,11.4
12,5,16,0.76
12,5,17,0.0
12,5,18,0.0
12,5,19,0.0
12,5,20,0.0
12,5,21,0.0
12,5,22,0.0
12,5,23,0.0
12,6,0,0.0
12,6,1,0.0
12,6,2,0.0
12,6,3,0.0
12,6,4,0.0
12,6,5,0.0
12,6,6,0.0
12,6,7,2.74
12,6,8,13.01
12,6,9,23.05
12,6,10,29.67
12,6,11,31.81
12,6,12,26.69
12,6,13,7.38
12,6,14,8.35
12,6,15,3.94
12,6,16,0.35
12,6,17,0.0
12,6,18,0.0
12,6,19,0.0
12,6,20,0.0
12,6,21,0.0
12,6,22,0.0
12,6,23,0.0
12,7,0,0.0
12,7,1,0.0
12,7,2,0.0
12,7,3,0.0
12,7,4,0.0
12,7,5,0.0
12,7,6,0.0
12,7,7,1.83
12,7,8,9.2
12,7,9,13.99
12,7,10,18.74
12,7,11,20.98
12,7,12,20.89
12,7,13,23.12
12,7,14,15.84
12,7,15,7.07
12,7,16,0.61
12,7,17,0.0
12,7,18,0.0
12,7,19,0.0
12,7,20,0.0
12,7,21,0.0
12,7,22,0.0
12,7,23,0.0
12,8,0,0.0
12,8,1,0.0
12,8,2,0.0
12,8,3,0.0
12,8,4,0.0
12,8,5,0.0
12,8,6,0.0
12,8,7,1.28
12,8,8,7.19
12,8,9,13.13
12,8,10,17.52
12,8,11,21.91
12,8,12,25.67
12,8,13,24.94
12,8,14,19.07
12,8,15,9.37
12,8,16,0.72
12,8,17,0.0
12,8,18,0.0
12,8,19,0.0
12,8,20,0.0
12,8,21,0.0
12,8,22,0.0
12,8,23,0.0
12,9,0,0.0
12,9,1,0.0
12,9,2,0.0
12,9,3,0.0
12,9,4,0.0
12,9,5,0.0
12,9,6,0.0
12,9,7,3.12
12,9,8,19.44
12,9,9,35.85
12,9,10,48.45
12,9,11,43.72
12,9,12,32.42
12,9,13,26.88
12,9,14,20.43
12,9,15,10.06
12,9,16,0.77
12,9,17,0.0
12,9,18,0.0
12,9,19,0.0
12,9,20,0.0
12,9,21,0.0
12,9,22,0.0
12,9,23,0.0
12,10,0,0.0
12,10,1,0.0
12,10,2,0.0
12,10,3,0.0
12,10,4,0.0
12,10,5,0.0
12,10,6,0.0
12,10,7,2.43
12,10,8,14.85
12,10,9,27.23
12,10,10,35.9
12,10,11,37.04
12,10,12,32.36
12,10,13,28.56
12,10,14,21.3
12,10,15,9.72
12,10,16,0.67
12,10,17,0.0
12,10,18,0.0
12,10,19,0.0
12,10,20,0.0
12,10,21,0.0
12,10,22,0.0
12,10,23,0.0
12,11,0,0.0
12,11,1,0.0
12,11,2,0.0
12,11,3,0.0
12,11,4,0.0
12,11,5,0.0
12,11,6,0.0
12,11,7,1.49
12,11,8,8.67
12,11,9,18.07
12,11,10,24.93
12,11,11,29.38
12,11,12,23.87
12,11,13,15.02
12,11,14,10.81
12,11,15,4.12
12,11,16,0.36
12,11,17,0.0
12,11,18,0.0
12,11,19,0.0
12,11,20,0.0
12,11,21,0.0
12,11,22,0.0
12,11,23,0.0
12,12,0,0.0
12,12,1,0.0
12,12,2,0.0
12,12,3,0.0
12,12,4,0.0
12,12,5,0.0
12,12,6,0.0
12,12,7,1.07
12,12,8,5.97
12,12,9,6.02
12,12,10,7.86
12,12,11,17.74
12,12,12,13.24
12,12,13,15.58
12,12,14,15.02
12,12,15,8.78
12,12,16,0.82
12,12,17,0.0
12,12,18,0.0
12,12,19,0.0
12,12,20,0.0
12,12,21,0.0
12,12,22,0.0
12,12,23,0.0
12,13,0,0.0
12,13,1,0.0
12,13,2,0.0
12,13,3,0.0
12,13,4,0.0
12,13,5,0.0
12,13,6,0.0
12,13,7,1.85
12,13,8,12.89
12,13,9,25.78
12,13,10,34.45
12,13,11,38.86
12,13,12,39.62
12,13,13,35.45
12,13,14,23.25
12,13,15,10.27
12,13,16,0.67
12,13,17,0.0
12,13,18,0.0
12,13,19,0.0
12,13,20,0.0
12,13,21,0.0
12,13,22,0.0
12,13,23,0.0
12,14,0,0.0
12,14,1,0.0
12,14,2,0.0
12,14,3,0.0
12,14,4,0.0
12,14,5,0.0
12,14,6,0.0
12,14,7,2.33
12,14,8,18.13
12,14,9,35.55
12,14,10,48.66
12,14,11,52.42
12,14,12,50.72
12,14,13,43.24
12,14,14,29.27
12,14,15,12.41
12,14,16,0.67
12,14,17,0.0
12,14,18,0.0
12,14,19,0.0
12,14,20,0.0
12,14,21,0.0
12,14,22,0.0
12,14,23,0.0
12,15,0,0.0
12,15,1,0.0
12,15,2,0.0
12,15,3,0.0
12,15,4,0.0
12,15,5,0.0
12,15,6,0.0
12,15,7,2.38
12,15,8,14.3
12,15,9,25.55
12,15,10,33.01
12,15,11,35.48
12,15,12,38.49
12,15,13,34.77
12,15,14,25.74
12,15,15,12.84
12,15,16,1.09
12,15,17,0.0
12,15,18,0.0
12,15,19,0.0
12,15,20,0.0
12,15,21,0.0
12,15,22,0.0
12,15,23,0.0
12,16,0,0.0
12,16,1,0.0
12,16,2,0.0
12,16,3,0.0
12,16,4,0.0
12,16,5,0.0
12,16,6,0.0
12,16,7,2.31
12,16,8,14.51
12,16,9,26.99
12,16,10,35.4
12,16,11,42.16
12,16,12,42.74
12,16,13,37.8
12,16,14,25.25
12,16,15,11.0
12,16,16,0.8
12,16,17,0.0
12,16,18,0.0
12,16,19,0.0
12,16,20,0.0
12,16,21,0.0
12,16,22,0.0
12,16,23,0.0
12,17,0,0.0
12,17,1,0.0
12,17,2,0.0
12,17,3,0.0
12,17,4,0.0
12,17,5,0.0
12,17,6,0.0
12,17,7,0.61
12,17,8,3.52
12,17,9,6.04
12,17,10,7.55
12,17,11,6.52
12,17,12,13.6
12,17,13,11.6
12,17,14,8.07
12,17,15,3.3
12,17,16,0.42
12,17,17,0.0
12,17,18,0.0
12,17,19,0.0
12,17,20,0.0
12,17,21,0.0
12,17,22,0.0
12,17,23,0.0
12,18,0,0.0
12,18,1,0.0
12,18,2,0.0
12,18,3,0.0
12,18,4,0.0
12,18,5,0.0
12,18,6,0.0
12,18,7,0.81
12,18,8,5.34
12,18,9,11.2
12,18,10,17.93
12,18,11,9.29
12,18,12,8.87
12,18,13,7.55
12,18,14,5.27
12,18,15,1.94
12,18,16,0.31
12,18,17,0.0
12,18,18,0.0
12,18,19,0.0
12,18,20,0.0
12,18,21,0.0
12,18,22,0.0
12,18,23,0.0
12,19,0,0.0
12,19,1,0.0
12,19,2,0.0
12,19,3,0.0
12,19,4,0.0
12,19,5,0.0
12,19,6,0.0
12,19,7,1.43
12,19,8,16.2
12,19,9,33.84
12,19,10,46.87
12,19,11,53.29
12,19,12,52.36
12,19,13,43.32
12,19,14,29.35
12,19,15,12.9
12,19,16,0.73
12,19,17,0.0
12,19,18,0.0
12,19,19,0.0
12,19,20,0.0
12,19,21,0.0
12,19,22,0.0
12,19,23,0.0
12,20,0,0.0
12,20,1,0.0
12,20,2,0.0
12,20,3,0.0
12,20,4,0.0
12,20,5,0.0
12,20,6,0.0
12,20,7,2.07
12,20,8,18.09
12,20,9,35.5
12,20,10,48.85
12,20,11,55.0
12,20,12,54.49
12,20,13,47.14
12,20,14,33.3
12,20,15,15.43
12,20,16,1.12
12,20,17,0.0
12,20,18,0.0
12,20,19,0.0
12,20,20,0.0
12,20,21,0.0
12,20,22,0.0
12,20,23,0.0
12,21,0,0.0
12,21,1,0.0
12,21,2,0.0
12,21,3,0.0
12,21,4,0.0
12,21,5,0.0
12,21,6,0.0
12,21,7,1.34
12,21,8,10.09
12,21,9,21.08
12,21,10,29.47
12,21,11,28.35
12,21,12,21.65
12,21,13,14.93
12,21,14,12.53
12,21,15,6.65
12,21,16,0.78
12,21,17,0.0
12,21,18,0.0
12,21,19,0.0
12,21,20,0.0
12,21,21,0.0
12,21,22,0.0
12,21,23,0.0
12,22,0,0.0
12,22,1,0.0
12,22,2,0.0
12,22,3,0.0
12,22,4,0.0
12,22,5,0.0
12,22,6,0.0
12,22,7,0.94
12,22,8,10.62
12,22,9,20.84
12,22,10,30.91
12,22,11,36.07
12,22,12,44.23
12,22,13,42.83
12,22,14,28.04
12,22,15,11.47
12,22,16,0.76
12,22,17,0.0
12,22,18,0.0
12,22,19,0.0
12,22,20,0.0
12,22,21,0.0
12,22,22,0.0
12,22,23,0.0
12,23,0,0.0
12,23,1,0.0
12,23,2,0.0
12,23,3,0.0
12,23,4,0.0
12,23,5,0.0
12,23,6,0.0
12,23,7,1.83
12,23,8,16.6
12,23,9,32.83
12,23,10,46.13
12,23,11,49.53
12,23,12,46.18
12,23,13,41.74
12,23,14,26.45
12,23,15,12.3
12,23,16,0.76
12,23,17,0.0
12,23,18,0.0
12,23,19,0.0
12,23,20,0.0
12,23,21,0.0
12,23,22,0.0
12,23,23,0.0
12,24,0,0.0
12,24,1,0.0
12,24,2,0.0
12,24,3,0.0
12,24,4,0.0
12,24,5,0.0
12,24,6,0.0
12,24,7,0.51
12,24,8,3.05
12,24,9,5.18
12,24,10,6.19
12,24,11,5.48
12,24,12,13.39
12,24,13,14.41
12,24,14,11.51
12,24,15,7.57
12,24,16,0.79
12,24,17,0.0
12,24,18,0.0
12,24,19,0.0
12,24,20,0.0
12,24,21,0.0
12,24,22,0.0
12,24,23,0.0
12,25,0,0.0
12,25,1,0.0
12,25,2,0.0
12,25,3,0.0
12,25,4,0.0
12,25,5,0.0
12,25,6,0.0
12,25,7,1.79
12,25,8,17.25
12,25,9,34.6
12,25,10,47.52
12,25,11,53.88
12,25,12,53.66
12,25,13,46.62
12,25,14,33.54
12,25,15,16.06
12,25,16,1.4
12,25,17,0.0
12,25,18,0.0
12,25,19,0.0
12,25,20,0.0
12,25,21,0.0
12,25,22,0.0
12,25,23,0.0
12,26,0,0.0
12,26,1,0.0
12,26,2,0.0
12,26,3,0.0
12,26,4,0.0
12,26,5,0.0
12,26,6,0.0
12,26,7,0.77
12,26,8,6.62
12,26,9,12.75
12,26,10,15.43
12,26,11,16.4
12,26,12,6.84
12,26,13,7.0
12,26,14,5.91
12,26,15,2.58
12,26,16,0.55
12,26,17,0.0
12,26,18,0.0
12,26,19,0.0
12,26,20,0.0
12,26,21,0.0
12,26,22,0.0
12,26,23,0.0
12,27,0,0.0
12,27,1,0.0
12,27,2,0.0
12,27,3,0.0
12,27,4,0.0
12,27,5,0.0
12,27,6,0.0
12,27,7,0.71
12,27,8,5.24
12,27,9,9.9
12,27,10,9.96
12,27,11,34.92
12,27,12,38.48
12,27,13,38.41
12,27,14,28.5
12,27,15,14.03
12,27,16,1.43
12,27,17,0.0
12,27,18,0.0
12,27,19,0.0
12,27,20,0.0
12,27,21,0.0
12,27,22,0.0
12,27,23,0.0
12,28,0,0.0
12,28,1,0.0
12,28,2,0.0
12,28,3,0.0
12,28,4,0.0
12,28,5,0.0
12,28,6,0.0
12,28,7,0.89
12,28,8,7.9
12,28,9,16.08
12,28,10,26.09
12,28,11,27.51
12,28,12,22.79
12,28,13,20.61
12,28,14,16.07
12,28,15,9.42
12,28,16,1.28
12,28,17,0.0
12,28,18,0.0
12,28,19,0.0
12,28,20,0.0
12,28,21,0.0
12,28,22,0.0
12,28,23,0.0
12,29,0,0.0
12,29,1,0.0
12,29,2,0.0
12,29,3,0.0
12,29,4,0.0
12,29,5,0.0
12,29,6,0.0
12,29,7,0.2
12,29,8,1.4
12,29,9,2.99
12,29,10,4.24
12,29,11,13.01
12,29,12,9.23
12,29,13,3.63
12,29,14,14.49
12,29,15,7.56
12,29,16,0.91
12,29,17,0.0
12,29,18,0.0
12,29,19,0.0
12,29,20,0.0
12,29,21,0.0
12,29,22,0.0
12,29,23,0.0
12,30,0,0.0
12,30,1,0.0
12,30,2,0.0
12,30,3,0.0
12,30,4,0.0
12,30,5,0.0
12,30,6,0.0
12,30,7,1.37
12,30,8,12.77
12,30,9,24.49
12,30,10,34.12
12,30,11,32.68
12,30,12,26.77
12,30,13,28.71
12,30,14,20.35
12,30,15,11.01
12,30,16,1.51
12,30,17,0.0
12,30,18,0.0
12,30,19,0.0
12,30,20,0.0
12,30,21,0.0
12,30,22,0.0
12,30,23,0.0
12,31,0,0.0
12,31,1,0.0
12,31,2,0.0
12,31,3,0.0
12,31,4,0.0
12,31,5,0.0
12,31,6,0.0
12,31,7,1.37
12,31,8,12.5
12,31,9,23.0
12,31,10,30.53
12,31,11,32.89
12,31,12,45.37
12,31,13,37.15
12,31,14,25.67
12,31,15,12.03
12,31,16,1.05
12,31,17,0.0
12,31,18,0.0
12,31,19,0.0
12,31,20,0.0
12,31,21,0.0
12,31,22,0.0
12,31,23,0.0
